REPORT_NUMBER,CRASH_YEAR,CRASH_DATE_AND_TIME,REPORT_DATE_AND_TIME,INVESTIGATING_AGENCY_REPORT_NUMBER,FORM_TYPE,TOTAL_NUMBER_OF_VEHICLES,TOTAL_NUMBER_OF_PERSONS,COUNTY_CODE,CITY_CODE,COUNTY_NAME,CITY_NAME,RURAL_OR_URBAN,NOTIFIED_TIME,DISPATCHED_TIME,ARRIVED_TIME,CLEARED_TIME,COMPLETED_FLAG,NOTIFIED_BY,ON_STREET_ROAD_HIGHWAY,STREET_ADDRESS_NUMBER,LATITUDE,LONGITUDE,FEET_FROM_INTERSECTION,DIRECTION_FROM_INTERSECTION,FROM_INTERSECTION_OF,MILEPOST_NUMBER,ROAD_SYSTEM_IDENTIFER,TYPE_OF_SHOULDER,TYPE_OF_INTERSECTION,PHOTOS_TAKEN,LIGHT_CONDITION,WEATHER_CONDITION,ROAD_SURFACE_CONDITION,SCHOOL_BUS_RELATED_CODE,TYPE_OF_IMPACT,FIRST_HARMFUL_EVENT,LOCATION,INTERCHANGE_FLAG,JUNCTION_FLAG,ROAD_CIRCUMSTANCES_1,ROAD_CIRCUMSTANCES_2,ROAD_CIRCUMSTANCES_3,ENVIRONMENT_CIRCUMSTANCES_1,ENVIRONMENT_CIRCUMSTANCES_2,ENVIRONMENT_CIRCUMSTANCES_3,WORK_ZONE_RELATED_FLAG,CRASH_IN_WORK_ZONE,TYPE_OF_WORK_ZONE,WORKERS_PRESENT,LAW_ENFORCEMENT_PRESENT,INVESTIGATOR_RANK,INVESTIGATING_AGENCY_NAME,INVESTIGATING_AGENCY_TYPE,LOAD_DATE,UPDATE_DATE,DAYS_TO_LOAD,CODEABLE,S4_CRASH_TYPE,S4_CRASH_TYPE_SIMPLIFIED,S4_CRASH_SEVERITY,S4_CRASH_SEVERITY_DETAIL,S4_DAY_OR_NIGHT,S4_IS_AGGRESSIVE_DRIVING,S4_IS_ALCOHOL_RELATED,S4_IS_CMV_INVOLVED,S4_IS_DISTRACTED,S4_IS_DRUG_RELATED,S4_IS_HIT_AND_RUN,S4_IS_INTERSECTION_RELATED,S4_IS_LANE_DEPARTURE_RELATED,S4_IS_SPEEDING_RELATED,S4_NONE_INJURY_COUNT,S4_INJURY_COUNT,S4_POSSIBLE_INJURY_COUNT,S4_NON_INCAPACITATING_INJURY_COUNT,S4_INCAPACITATING_INJURY_COUNT,S4_FATALITY_COUNT,S4_FATALITY_WITHIN_30_DAYS_COUNT,S4_NON_TRAFFIC_FATALITY_COUNT,S4_TRAILER_COUNT,S4_MOTORCYCLE_COUNT,S4_MOPED_COUNT,S4_NON_MOTORIST_COUNT,S4_BICYCLIST_COUNT,S4_PEDESTRIAN_COUNT,S4_DRIVER_COUNT,S4_AGING_DRIVER_COUNT,S4_TEENAGER_DRIVER_COUNT,S4_PASSENGER_COUNT,S4_UNRESTRAINED_COUNT,S4_UNRESTRAINED_INJURY_COUNT,S4_UNRESTRAINED_INCAPACITATING_INJURY_COUNT,S4_UNRESTRAINED_FATALITY_COUNT,S4_MOTORCYCLIST_COUNT,S4_MOTORCYCLIST_INCAPACITATING_INJURY_COUNT,S4_MOTORCYCLIST_FATALITY_COUNT,S4_IS_PEDESTRIAN_INVOLVED,S4_PEDESTRIAN_INCAPACITATING_INJURY_COUNT,S4_PEDESTRIAN_FATALITY_COUNT,S4_IS_BICYCLIST_INVOLVED,S4_BICYCLIST_INCAPACITATING_INJURY_COUNT,S4_BICYCLIST_FATALITY_COUNT,S4_CITATION_COUNT,S4_CITATION_AMOUNT,S4_PROPERTY_DAMAGE_COUNT,S4_PROPERTY_DAMAGE_AMOUNT,S4_VEHICLE_DAMAGE_COUNT,S4_VEHICLE_DAMAGE_AMOUNT,S4_TOTAL_DAMAGE_AMOUNT,S4_TRANSPORT_BY_EMS_COUNT,S4_TRANSPORT_BY_LAW_ENFORCEMENT_COUNT,S4_TRANSPORT_BY_OTHER_COUNT,S4_GEOLOCATION_STATUS,S4_PRELIMINARY_GEOLOCATION_STATUS,S4_X,S4_Y,S4_LATITUDE,S4_LONGITUDE
25141341,2022,20-MAR-2022 08:37 PM,20-MAR-2022 12:00 AM,2022003718,L,1,2,6,32,Palm Beach,Boca Raton,Urban,3/20/2022 8:37:00 PM,3/20/2022 8:37:00 PM,3/20/2022 8:39:00 PM,3/20/2022 9:15:00 PM,Y,Law Enforcement,NE 10TH ST,,,,0,,N DIXIE HWY,,County,Curb,T-Intersection,N,Dark - Lighted,Clear,Dry,N,Other,Motor Vehicle in Transport,On Roadway,N,Non-Junction,None,,,None,,,N,,,,,POLICE OFFICER,Boca Raton Police Department,Police Department (PD),3/22/2022 1:46:00 PM,3/22/2022 1:46:00 PM,2,Y,Single Vehicle,Other,Injury,Non-Incapacitating Injury,NIGHT,N,N,N,N,N,N,N,N,N,1,1,0,1,0,0,0,0,0,0,0,1,1,0,1,0,0,0,0,0,0,0,0,0,0,N,0,0,Y,0,0,2,0,0,0,0,0,0,1,0,0,Preliminary,Editor Mapped,591176.0719,2915846.3148,26.359737262724,-80.086169221403
25142701,2022,23-JUL-2022 10:06 PM,23-JUL-2022 12:00 AM,2022009413,L,1,3,6,32,Palm Beach,Boca Raton,Urban,7/23/2022 10:06:00 PM,7/23/2022 10:07:00 PM,7/23/2022 10:08:00 PM,7/23/2022 10:53:00 PM,Y,Law Enforcement,N FEDERAL HWY,,,,0,,NE 20TH ST,,Interstate,Curb,"Five-Point, or More",N,Dark - Lighted,Clear,Dry,N,Front to Front,Motor Vehicle in Transport,On Roadway,N,Intersection-Related,None,,,None,,,N,,,,,POLICE OFFICER,Boca Raton Police Department,Police Department (PD),7/26/2022 1:41:00 PM,7/26/2022 1:41:00 PM,3,N,Single Vehicle,Other,No Injury,No Injury,NIGHT,N,N,N,N,N,N,Y,N,N,3,0,0,0,0,0,0,0,0,0,0,1,1,0,1,0,0,1,0,0,0,0,0,0,0,N,0,0,Y,0,0,0,0,0,0,1,3000,3000,0,0,0,Preliminary,Editor Mapped,592006.2005,2916782.9861,26.3681404263263,-80.0777828466618
25154792,2022,29-AUG-2022 10:55 PM,29-AUG-2022 12:00 AM,2022-00038638,L,1,2,19,32,Brevard,Cocoa,Urban,8/29/2022 10:55:00 PM,8/29/2022 11:06:00 PM,8/29/2022 11:07:00 PM,8/29/2022 11:39:00 PM,Y,Law Enforcement,1080 N FISKE BLVD,1080,,,113,South,,,Local,Paved,Not at Intersection,N,Dark - Lighted,Clear,Dry,N,"Sideswipe, Same Direction",Motor Vehicle in Transport,Unknown,,Unknown,Unknown,,,None,,,N,,,,,OFFICER,Cocoa Police Department,Police Department (PD),10/25/2022 11:30:00 PM,10/25/2022 11:30:00 PM,57,Y,Single Vehicle,Other,Injury,Possible Injury,NIGHT,N,N,N,N,N,Y,N,Y,N,1,1,1,0,0,0,0,0,0,0,0,1,1,0,1,0,0,0,0,0,0,0,0,0,0,N,0,0,Y,0,0,0,0,0,0,0,0,0,0,0,0,Preliminary,Editor Mapped,525223.0105,3138433.077,28.3719486963253,-80.7425777661029
25180708,2022,12-JUL-2022 07:30 AM,12-JUL-2022 12:00 AM,22-007784,S,1,2,6,34,Palm Beach,Boynton Beach,Urban,7/12/2022 8:06:00 AM,7/12/2022 8:20:00 AM,7/12/2022 8:20:00 AM,7/12/2022 9:20:00 AM,Y,Law Enforcement,MEADOWS WAY,,26.571946,-80.091718,0,,HYPOLUXO RD,,Local,,T-Intersection,N,Daylight,Clear,Dry,N,,Pedalcycle,On Roadway,N,Intersection,None,,,None,,,N,,,,,PSA,Boynton Beach Police Department,Police Department (PD),7/15/2022 1:37:00 PM,7/15/2022 1:37:00 PM,3,N,Bicycle,Bicycle,No Injury,No Injury,DAY,N,N,N,N,N,N,Y,N,N,2,0,0,0,0,0,0,0,0,0,0,1,1,0,1,0,0,0,0,0,0,0,0,0,0,N,0,0,Y,0,0,0,0,1,400,1,200,600,0,0,0,Preliminary,Computer mapped confident by address,590453.3628,2939355.2468,26.5720251750507,-80.0917474151986
25181964,2022,14-DEC-2022 10:15 AM,14-DEC-2022 12:00 AM,22-014622,L,1,2,6,34,Palm Beach,Boynton Beach,Urban,12/14/2022 10:19:00 AM,12/14/2022 10:25:00 AM,12/14/2022 10:42:00 AM,12/14/2022 11:00:00 AM,Y,Law Enforcement,HYPOLUXO ROAD,,26.571875,-80.104275,18,South,LAWRENCE ROAD,,Local,Paved,Not at Intersection,N,Daylight,Clear,Dry,N,,Pedestrian,On Roadway,N,Driveway/Alley Access Related,None,,,None,,,N,,,,,OFFICER,Boynton Beach Police Department,Police Department (PD),12/30/2022 2:52:00 PM,12/30/2022 2:52:00 PM,16,Y,Pedestrian,Pedestrian,Injury,Possible Injury,DAY,N,N,N,N,N,N,N,N,N,1,1,1,0,0,0,0,0,0,0,0,1,1,0,1,0,0,0,0,0,0,0,0,0,0,N,0,0,Y,0,0,0,0,1,200,1,300,500,1,0,0,Preliminary,Editor Mapped,589206.0839,2939329.245,26.5718697336083,-80.1042720739421
25193930,2022,13-APR-2022 08:20 AM,13-APR-2022 12:00 AM,2022-00027543,L,1,2,4,54,Pinellas,Pinellas Park,Urban,4/13/2022 8:21:00 AM,4/13/2022 8:22:00 AM,4/13/2022 8:30:00 AM,4/13/2022 8:55:00 AM,Y,Law Enforcement,N 49TH ST,9200,27.855723,-82.700322,,,,,Parking Lot,Curb,Not at Intersection,N,Daylight,Clear,Dry,N,,Pedalcycle,Off Roadway,N,Driveway/Alley Access Related,None,,,None,,,N,,,,,OFFICER,Pinellas Park Police Department,Police Department (PD),4/15/2022 1:34:00 PM,4/15/2022 1:34:00 PM,2,Y,Bicycle,Bicycle,Injury,Non-Incapacitating Injury,DAY,N,N,N,N,N,N,N,N,N,1,1,0,1,0,0,0,0,0,0,0,1,1,0,1,0,0,0,0,0,0,0,0,0,0,N,0,0,Y,0,0,1,0,1,100,1,500,600,1,0,0,Preliminary,Editor Mapped,332584.3426,3082380.6254,27.8557182068276,-82.7003181328944
25194312,2022,28-MAY-2022 08:02 PM,28-MAY-2022 12:00 AM,2022-00039907,S,1,3,4,54,Pinellas,Pinellas Park,Urban,5/28/2022 9:04:00 PM,5/28/2022 9:04:00 PM,5/28/2022 9:10:00 PM,5/28/2022 10:15:00 PM,Y,Law Enforcement,70TH AVE N,,27.835525,-82.700181,55,West,49TH ST N,,Local,Curb,Not at Intersection,N,Dark - Lighted,Clear,Dry,N,,Pedalcycle,On Roadway,N,Non-Junction,None,,,None,,,N,,,,,OFC,Pinellas Park Police Department,Police Department (PD),6/8/2022 1:40:00 PM,6/8/2022 1:40:00 PM,11,N,Bicycle,Bicycle,No Injury,No Injury,NIGHT,N,N,N,N,N,N,N,N,N,3,0,0,0,0,0,0,0,0,0,0,1,1,0,1,1,0,1,0,0,0,0,0,0,0,N,0,0,Y,0,0,1,0,1,200,1,100,300,0,0,0,Preliminary,Officer Mapped,332567.1875,3080142.4772,27.8355201098499,-82.7001772597127
25195426,2022,22-NOV-2022 01:27 PM,22-NOV-2022 12:00 AM,2022-00084522,L,1,5,4,54,Pinellas,Pinellas Park,Urban,11/22/2022 1:32:00 PM,11/22/2022 1:35:00 PM,11/22/2022 1:48:00 PM,11/22/2022 1:48:00 PM,Y,Law Enforcement,71ST AVE N,,27.83672,-82.728365,0,,66TH ST N,,State,Paved,Four-Way Intersection,N,Daylight,Clear,Dry,N,,Pedalcycle,On Roadway,N,Intersection,None,,,None,,,N,,,,,CORPORAL,Pinellas Park Police Department,Police Department (PD),11/27/2022 2:41:00 PM,11/27/2022 2:41:00 PM,5,Y,Bicycle,Bicycle,Injury,Non-Incapacitating Injury,DAY,N,N,N,N,N,N,Y,N,N,3,2,0,2,0,0,0,0,0,0,0,1,1,0,1,0,0,3,0,0,0,0,0,0,0,N,0,0,Y,0,0,1,0,1,100,1,2000,2100,2,0,0,Preliminary,Editor Mapped,329794.3464,3080313.4945,27.8367136145711,-82.7283478625031
25195557,2022,07-DEC-2022 01:15 PM,07-DEC-2022 12:00 AM,2022-00087880,L,1,2,4,54,Pinellas,Pinellas Park,Urban,12/7/2022 1:18:00 PM,12/7/2022 1:18:00 PM,12/7/2022 1:18:00 PM,12/7/2022 1:18:00 PM,Y,Law Enforcement,GRAND AVE N,,27.849793,-82.677374,38,North,GATEWAY CENTER PKWY,,Local,Curb,T-Intersection,N,Daylight,Clear,Dry,N,,Pedalcycle,On Roadway,N,Intersection,None,,,None,,,N,,,,,CORPORAL,Pinellas Park Police Department,Police Department (PD),12/14/2022 3:04:00 PM,12/14/2022 3:04:00 PM,7,Y,Bicycle,Bicycle,Injury,Non-Incapacitating Injury,DAY,N,N,N,N,N,N,Y,N,N,1,1,0,1,0,0,0,0,0,0,0,1,1,0,1,1,0,0,0,0,0,0,0,0,0,N,0,0,Y,0,0,0,0,1,250,1,500,750,1,0,0,Preliminary,Editor Mapped,334832.4564,3081703.3651,27.8498863589597,-82.6773996405444
25200205,2022,21-JUL-2022 10:37 PM,21-JUL-2022 12:00 AM,PD220721242320,L,1,2,1,0,Miami-Dade,Unincorporated,Rural,7/21/2022 10:47:00 PM,7/21/2022 10:49:00 PM,7/21/2022 10:52:00 PM,7/21/2022 12:22:00 AM,Y,Law Enforcement,SW 117TH AVE,,,,0,,N  KENDALL DR,,County,Curb,Four-Way Intersection,,Dark - Lighted,Clear,Dry,N,Angle,Pedalcycle,On Roadway,N,Non-Junction,None,,,None,,,N,,,,,OFC.,Miami-Dade Police Department,Police Department (PD),8/1/2022 1:30:00 PM,8/1/2022 1:30:00 PM,11,Y,Bicycle,Bicycle,Injury,Non-Incapacitating Injury,NIGHT,N,N,N,N,N,N,N,N,N,1,1,0,1,0,0,0,0,0,0,0,1,1,0,1,0,0,0,0,0,0,0,0,0,0,N,0,0,Y,0,0,0,0,2,200,1,700,900,0,0,0,Preliminary,Editor Mapped,561761.599,2841113.3264,25.6865278559633,-80.3844951292161
25202228,2022,26-MAY-2022 08:43 PM,26-MAY-2022 12:00 AM,PD220526175472,L,1,2,1,0,Miami-Dade,Unincorporated,Rural,5/26/2022 8:43:00 PM,5/26/2022 8:43:00 PM,5/26/2022 8:48:00 PM,5/26/2022 9:45:00 PM,Y,Law Enforcement,NW 119TH ST,,,,0,,NW 18TH AVE,,County,Unpaved,Four-Way Intersection,,Daylight,Clear,Dry,N,Angle,Motor Vehicle in Transport,On Roadway,N,Non-Junction,None,,,None,,,N,,,,,OFC.,Miami-Dade Police Department,Police Department (PD),6/6/2022 1:29:00 PM,6/6/2022 1:29:00 PM,11,Y,Single Vehicle,Other,Injury,Possible Injury,NIGHT,N,N,N,N,N,N,N,N,N,1,1,1,0,0,0,0,0,0,0,0,1,1,0,1,0,0,0,0,0,0,0,0,0,0,N,0,0,Y,0,0,0,0,2,400,1,200,600,0,0,0,Preliminary,Editor Mapped,577261.3853,2862969.8502,25.8831436772216,-80.2287617113322
25203799,2022,17-MAY-2022 01:43 PM,17-MAY-2022 12:00 AM,PD220517163924,L,1,2,1,0,Miami-Dade,Unincorporated,Rural,5/17/2022 2:57:00 PM,5/17/2022 3:12:00 PM,5/17/2022 3:59:00 PM,5/17/2022 4:40:00 PM,,Law Enforcement,SW 67TH AVE,4700,,,0,,,,County,Unpaved,T-Intersection,,Daylight,Clear,Dry,N,Other,Pedestrian,On Roadway,N,Non-Junction,None,,,None,,,N,,,,,PSA.,Miami-Dade Police Department,Police Department (PD),5/31/2022 1:32:00 PM,5/31/2022 1:32:00 PM,14,Y,Pedestrian,Pedestrian,Injury,Possible Injury,DAY,N,N,N,Y,N,Y,N,N,N,1,1,1,0,0,0,0,0,0,0,0,1,1,0,1,0,0,0,0,0,0,0,0,0,0,N,0,0,Y,0,0,0,0,0,0,0,0,0,0,0,0,Preliminary,Computer mapped confident by address,569953.1335,2845617.9564,25.7268353897447,-80.3026273016949
25204261,2022,27-MAY-2022 04:36 PM,27-MAY-2022 12:00 AM,PD220527176421,L,3,9,1,0,Miami-Dade,Unincorporated,Rural,5/27/2022 4:36:00 PM,5/27/2022 4:37:00 PM,5/27/2022 4:43:00 PM,5/27/2022 6:30:00 PM,Y,Law Enforcement,SW 268TH ST,,,,,,SW 119TH PL,,County,Unpaved,T-Intersection,,Daylight,Clear,Dry,Y,Angle,Motor Vehicle in Transport,On Roadway,N,Non-Junction,None,,,None,,,N,,,,,OFC.,Miami-Dade Police Department,Police Department (PD),6/24/2022 1:40:00 PM,6/24/2022 1:40:00 PM,28,Y,Left Rear,Left Turn,Injury,Possible Injury,DAY,N,N,Y,N,N,N,N,N,N,8,1,1,0,0,0,0,0,0,0,0,1,1,0,3,1,1,5,0,0,0,0,0,0,0,N,0,0,Y,0,0,2,0,2,200,3,13000,13200,0,0,0,Preliminary,Editor Mapped,561747.2188,2822469.1089,25.5181743037897,-80.3854995472592
25206099,2022,03-JUN-2022 02:30 PM,03-JUN-2022 12:00 AM,PD220603184793,L,1,2,1,0,Miami-Dade,Unincorporated,Rural,6/3/2022 2:33:00 PM,6/3/2022 3:10:00 PM,6/3/2022 3:24:00 PM,6/3/2022 4:15:00 PM,,Law Enforcement,SW 224TH ST,,,,96,South,OLD CUTLER RD,,County,Unpaved,Not at Intersection,,Daylight,Rain,Wet,N,Front to Rear,Motor Vehicle in Transport,On Roadway,N,Non-Junction,None,,,None,,,N,,,,,OFC.,Miami-Dade Police Department,Police Department (PD),6/23/2022 1:45:00 PM,6/23/2022 1:45:00 PM,20,N,Single Vehicle,Other,No Injury,No Injury,DAY,N,N,N,N,N,N,N,N,N,2,0,0,0,0,0,0,0,0,0,0,1,1,0,1,0,0,0,0,0,0,0,0,0,0,N,0,0,Y,0,0,0,0,0,0,0,0,0,0,0,0,Preliminary,Editor Mapped,564603.6721,2827135.5953,25.5601900939483,-80.3568491334349
25213594,2022,03-AUG-2022 07:01 PM,03-AUG-2022 12:00 AM,PD220803257194,L,1,2,1,0,Miami-Dade,Unincorporated,Rural,8/3/2022 7:01:00 PM,8/3/2022 7:03:00 PM,8/3/2022 7:33:00 PM,8/3/2022 8:50:00 PM,Y,Law Enforcement,SW 124TH ST,,,,0,,BUSWAY,,County,Unpaved,Four-Way Intersection,,Daylight,Clear,Dry,N,Angle,Pedalcycle,On Roadway,N,Intersection,None,,,None,,,N,,,,,PSA.,Miami-Dade Police Department,Police Department (PD),8/15/2022 1:31:00 PM,8/15/2022 1:31:00 PM,12,Y,Bicycle,Bicycle,Injury,Non-Incapacitating Injury,NIGHT,N,N,N,N,N,N,Y,N,N,1,1,0,1,0,0,0,0,0,0,0,1,1,0,1,0,0,0,0,0,0,0,0,0,0,N,0,0,Y,0,0,0,0,1,50,1,300,350,1,0,0,Preliminary,Editor Mapped,567328.3896,2837661.6778,25.6551160683139,-80.329194864164
25213850,2022,18-AUG-2022 02:17 PM,18-AUG-2022 12:00 AM,PD220818273910,L,1,2,1,0,Miami-Dade,Unincorporated,Rural,8/18/2022 2:18:00 PM,8/18/2022 2:28:00 PM,8/18/2022 2:38:00 PM,8/18/2022 3:54:00 PM,Y,Law Enforcement,NW 36TH ST,,,,0,,NW 72ND AVE,,County,Paved,Not at Intersection,,Daylight,Clear,Dry,N,"Sideswipe, Opposite Direction",Motor Vehicle in Transport,Off Roadway,N,Non-Junction,None,,,None,,,N,,,,,OFC.,Miami-Dade Police Department,Police Department (PD),9/6/2022 1:34:00 PM,9/6/2022 1:34:00 PM,19,Y,Single Vehicle,Other,Injury,Possible Injury,DAY,N,N,N,N,N,N,N,Y,N,1,1,1,0,0,0,0,0,0,0,0,1,1,0,1,0,0,0,0,0,0,0,0,0,0,N,0,0,Y,0,0,1,0,0,0,1,1000,1000,0,0,0,Preliminary,Editor Mapped,568819.6502,2854771.391,25.8095399547352,-80.3134511632682
25216094,2022,01-SEP-2022 09:09 AM,01-SEP-2022 12:00 AM,PD220901290618,L,1,2,1,0,Miami-Dade,Unincorporated,Urban,9/1/2022 9:11:00 AM,9/1/2022 9:12:00 AM,9/1/2022 9:16:00 AM,9/1/2022 10:30:00 AM,Y,Law Enforcement,SW 142ND AVE,,,,0,,SW 72ND ST,,County,Paved,Four-Way Intersection,,Daylight,Clear,Dry,N,Other,Motor Vehicle in Transport,On Roadway,N,Non-Junction,None,,,None,,,N,,,,,OFC.,Miami-Dade Police Department,Police Department (PD),9/12/2022 1:34:00 PM,9/12/2022 1:34:00 PM,11,Y,Single Vehicle,Other,Injury,Possible Injury,DAY,N,N,N,N,N,N,N,N,N,1,1,1,0,0,0,0,0,0,0,0,1,1,0,1,1,0,0,0,0,0,0,0,0,0,N,0,0,Y,0,0,1,0,1,123,1,250,373,0,0,0,Preliminary,Editor Mapped,557927.6606,2842568.872,25.6998273186757,-80.4226384967753
25218438,2022,16-SEP-2022 07:20 AM,16-SEP-2022 12:00 AM,PD220916308791,L,1,2,1,51,Miami-Dade,Palmetto Bay,Urban,9/16/2022 7:23:00 AM,9/16/2022 7:25:00 AM,9/16/2022 7:26:00 AM,9/16/2022 7:43:00 AM,,Law Enforcement,S  DIXIE HWY,18099,,,6,South,,,County,Paved,Not at Intersection,,Daylight,Clear,Dry,N,Angle,Motor Vehicle in Transport,Shoulder,N,Non-Junction,None,,,None,,,N,,,,,OFC.,Miami-Dade Police Department,Police Department (PD),10/4/2022 1:38:00 PM,1/3/2023 2:47:00 PM,18,Y,Single Vehicle,Other,No Injury,No Injury,DAY,N,N,N,N,N,Y,N,N,N,2,0,0,0,0,0,0,0,0,0,0,1,1,0,1,0,0,0,0,0,0,0,0,0,0,N,0,0,Y,0,0,0,0,2,300,0,0,300,1,0,0,Preliminary,Editor Mapped,565076.7256,2831775.0366,25.6020625603597,-80.3519143888799
25220634,2022,03-OCT-2022 12:07 PM,03-OCT-2022 12:00 AM,PD221003328664,L,1,2,1,0,Miami-Dade,Unincorporated,Rural,10/3/2022 12:08:00 PM,10/3/2022 12:10:00 PM,10/3/2022 12:20:00 PM,10/3/2022 2:15:00 PM,Y,Law Enforcement,NW 127TH AVE,,,,98,South,NW 6TH ST,,County,Paved,Not at Intersection,,Daylight,Clear,Dry,N,Other,Pedalcycle,On Roadway,N,Non-Junction,None,,,None,,,N,,,,,OFC.,Miami-Dade Police Department,Police Department (PD),10/14/2022 1:48:00 PM,10/14/2022 1:48:00 PM,11,Y,Bicycle,Bicycle,Injury,Non-Incapacitating Injury,DAY,N,N,N,N,N,N,N,N,N,1,1,0,1,0,0,0,0,0,0,0,1,1,0,1,0,1,0,0,0,0,0,0,0,0,N,0,0,Y,0,0,0,0,2,1400,1,300,1700,1,0,0,Preliminary,Editor Mapped,560057.3213,2850655.4369,25.7727609410551,-80.4010473446259
25220991,2022,27-NOV-2022 09:13 AM,27-NOV-2022 12:00 AM,PD221127393853,L,1,2,1,0,Miami-Dade,Unincorporated,Rural,11/27/2022 9:14:00 AM,11/27/2022 9:15:00 AM,11/27/2022 9:18:00 AM,11/27/2022 10:45:00 AM,Y,Law Enforcement,MILLS DR,,,,0,,SW 88TH ST,,County,Paved,Other,,Daylight,Clear,Dry,N,Other,Pedalcycle,On Roadway,N,Non-Junction,None,,,None,,,N,,,,,PSA.,Miami-Dade Police Department,Police Department (PD),12/8/2022 2:53:00 PM,12/8/2022 2:53:00 PM,11,Y,Bicycle,Bicycle,Injury,Possible Injury,DAY,N,N,N,N,N,N,N,N,N,1,1,1,0,0,0,0,0,0,0,0,1,1,0,1,1,0,0,0,0,0,0,0,0,0,N,0,0,Y,0,0,0,0,0,0,0,0,0,1,0,0,Preliminary,Editor Mapped,561620.9423,2841108.5679,25.6864907954756,-80.3858970445613
25221819,2022,06-OCT-2022 12:40 PM,06-OCT-2022 12:00 AM,PD221006332429,L,1,3,1,0,Miami-Dade,Unincorporated,Rural,10/6/2022 12:44:00 PM,10/6/2022 1:37:00 PM,10/6/2022 1:54:00 PM,10/6/2022 2:45:00 PM,,Law Enforcement,SW 152ND ST,,,,0,,SW 93RD AVE,,County,Paved,T-Intersection,,Daylight,Clear,Dry,N,Angle,Pedestrian,On Roadway,N,Non-Junction,None,,,None,,,N,,,,,OFC.,Miami-Dade Police Department,Police Department (PD),11/1/2022 2:59:00 PM,11/1/2022 2:59:00 PM,26,Y,Pedestrian,Pedestrian,Injury,Possible Injury,DAY,N,N,N,N,N,Y,N,N,N,2,1,1,0,0,0,0,0,0,0,0,2,2,0,1,0,0,0,0,0,0,0,0,0,0,N,0,0,Y,0,0,0,0,0,0,0,0,0,0,0,0,Preliminary,Editor Mapped,565877.8572,2834761.8714,25.62899733548,-80.3437892160941
25222230,2022,26-OCT-2022 02:25 PM,26-OCT-2022 12:00 AM,PD221026356729,L,1,2,1,0,Miami-Dade,Unincorporated,Rural,10/26/2022 2:31:00 PM,10/26/2022 2:32:00 PM,10/26/2022 2:36:00 PM,10/26/2022 3:20:00 PM,Y,Law Enforcement,SW 132ND CT,,,,15,South,SW 120TH ST,,County,Curb,Not at Intersection,,Daylight,Clear,Dry,N,Other,Pedalcycle,On Roadway,N,Non-Junction,None,,,None,,,N,,,,,OFC.,Miami-Dade Police Department,Police Department (PD),11/23/2022 2:57:00 PM,11/23/2022 2:57:00 PM,28,Y,Bicycle,Bicycle,Injury,Non-Incapacitating Injury,DAY,N,N,N,N,N,N,N,N,N,1,1,0,1,0,0,0,0,0,0,0,1,1,0,1,0,0,0,0,0,0,0,0,0,0,N,0,0,Y,0,0,0,0,2,200,0,0,200,1,0,0,Preliminary,Editor Mapped,559354.656,2837766.796,25.6564086361576,-80.408630370978
25223404,2022,16-OCT-2022 04:34 PM,16-OCT-2022 12:00 AM,PD221016344688,L,1,2,1,0,Miami-Dade,Unincorporated,Rural,10/16/2022 4:35:00 PM,10/16/2022 4:40:00 PM,10/16/2022 4:40:00 PM,10/16/2022 5:39:00 PM,Y,Law Enforcement,SW 97TH AVE,,,,48,North,SW 119TH ST,,County,Paved,Not at Intersection,,Daylight,Clear,Dry,N,Other,Pedalcycle,On Roadway,N,Non-Junction,None,,,None,,,N,,,,,PSA.,Miami-Dade Police Department,Police Department (PD),10/26/2022 4:38:00 PM,10/26/2022 4:38:00 PM,10,Y,Bicycle,Bicycle,Serious Injury,Incapacitating Injury,DAY,N,N,N,N,N,N,N,Y,N,1,1,0,0,1,0,0,0,0,0,0,1,1,0,1,1,0,0,0,0,0,0,0,0,0,N,0,0,Y,1,0,1,0,1,750,1,250,1000,1,0,0,Preliminary,Editor Mapped,565150.2802,2838117.6045,25.659331037416,-80.35087236091
25228691,2022,10-DEC-2022 05:15 PM,10-DEC-2022 12:00 AM,PD221210410068,L,1,3,1,0,Miami-Dade,Unincorporated,Urban,12/10/2022 5:42:00 PM,12/10/2022 5:43:00 PM,12/10/2022 6:00:00 PM,12/10/2022 7:30:00 PM,Y,Law Enforcement,NW 46TH ST,,,,0,,NW 32ND AVE,,State,Paved,Four-Way Intersection,,Dawn,Clear,Dry,N,,Motor Vehicle in Transport,On Roadway,N,Non-Junction,None,,,None,,,N,,,,,OFC.,Miami-Dade Police Department,Police Department (PD),12/22/2022 2:55:00 PM,12/22/2022 2:55:00 PM,12,N,Single Vehicle,Other,No Injury,No Injury,DAY,N,N,N,N,N,N,N,N,N,3,0,0,0,0,0,0,0,0,0,0,1,1,0,1,0,0,1,0,0,0,0,0,0,0,N,0,0,Y,0,0,0,0,2,1000,1,1500,2500,0,0,0,Preliminary,Editor Mapped,575310.742,2855558.9471,25.8163308423699,-80.248655032824
25232343,2022,21-DEC-2022 06:00 PM,21-DEC-2022 12:00 AM,PD221221423352,L,1,2,1,0,Miami-Dade,Unincorporated,Rural,12/21/2022 6:03:00 PM,12/21/2022 6:04:00 PM,12/21/2022 6:09:00 PM,12/21/2022 7:30:00 PM,Y,Law Enforcement,SW 93RD CT,,,,0,,SW 24TH ST,,County,Paved,T-Intersection,,Dark - Not Lighted,Clear,Dry,N,Other,Pedalcycle,On Roadway,N,Intersection,None,,,None,,,N,,,,,OFC.,Miami-Dade Police Department,Police Department (PD),1/24/2023 2:52:00 PM,1/24/2023 2:52:00 PM,34,Y,Bicycle,Bicycle,Injury,Non-Incapacitating Injury,DAY,N,N,N,N,N,N,Y,N,N,1,1,0,1,0,0,0,0,0,0,0,1,1,0,1,1,0,0,0,0,0,0,0,0,0,N,0,0,Y,0,0,1,0,0,0,0,0,0,1,0,0,Preliminary,Editor Mapped,565587.3964,2847881.8018,25.7474787882589,-80.3460357661642
25247955,2022,16-MAY-2022 03:46 PM,16-MAY-2022 12:00 AM,2022TA005858,L,1,2,17,0,Seminole,Unincorporated,Rural,5/16/2022 3:47:00 PM,5/16/2022 3:48:00 PM,5/16/2022 3:52:00 PM,5/16/2022 4:50:00 PM,Y,Law Enforcement,N RONALD REAGAN BLVD,,28.732962,-81.307232,87,East,N US-17-92,,County,Paved,Four-Way Intersection,N,Daylight,Clear,Dry,N,,Pedalcycle,On Roadway,N,Intersection-Related,None,,,None,,,N,,,,,D/S,Seminole County Sheriff's Office,Sheriff's Office (SO),5/20/2022 1:40:00 PM,5/20/2022 1:40:00 PM,4,Y,Bicycle,Bicycle,Injury,Possible Injury,DAY,N,N,N,N,N,Y,Y,N,N,0,1,1,0,0,0,0,0,0,0,0,1,1,0,1,0,0,0,0,0,0,0,0,0,0,N,0,0,Y,0,0,0,0,0,0,0,0,0,1,0,0,Preliminary,Officer Mapped,469999.2349,3178438.7722,28.7329567984944,-81.3072291604587
25248448,2022,08-JUL-2022 08:00 AM,08-JUL-2022 12:00 AM,2022TA007938,L,1,2,17,0,Seminole,Unincorporated,Rural,7/8/2022 8:04:00 AM,7/8/2022 8:05:00 AM,7/8/2022 8:08:00 AM,7/8/2022 9:50:00 AM,Y,Law Enforcement,CRYSTAL CREEK DR,,28.727041,-81.328051,53,North,N RONALD REAGAN BLVD,,Local,Paved,T-Intersection,N,Daylight,Clear,Dry,N,,Pedestrian,On Roadway,N,Intersection,None,,,None,,,N,,,,,D/S,Seminole County Sheriff's Office,Sheriff's Office (SO),7/12/2022 1:45:00 PM,7/12/2022 1:45:00 PM,4,Y,Pedestrian,Pedestrian,Injury,Non-Incapacitating Injury,DAY,N,N,N,N,N,N,Y,N,N,1,1,0,1,0,0,0,0,0,0,0,1,1,0,1,0,0,0,0,0,0,0,0,0,0,N,0,0,Y,0,0,0,0,0,0,1,4000,4000,0,0,0,Preliminary,Editor Mapped,467964.3943,3177791.4183,28.7270647133055,-81.3280488572893
25253444,2022,27-JUN-2022 09:53 AM,27-JUN-2022 12:00 AM,220600703,L,1,1,24,40,St. Lucie,Fort Pierce,Urban,6/27/2022 9:53:00 AM,6/27/2022 9:53:00 AM,6/27/2022 9:56:00 AM,6/27/2022 11:03:00 AM,N,Motorist,S 23RD ST,,,,400,North,VIRGINIA AVE,,Local,Unpaved,T-Intersection,N,Daylight,Clear,Dry,N,Angle,Motor Vehicle in Transport,On Roadway,N,Intersection,None,,,None,,,N,,,,,,Fort Pierce Police Department,Police Department (PD),6/29/2022 1:39:00 PM,6/29/2022 1:39:00 PM,2,Y,Single Vehicle,Other,Injury,Possible Injury,DAY,N,N,N,N,N,Y,Y,N,N,0,1,1,0,0,0,0,0,0,0,0,1,1,0,0,0,0,0,0,0,0,0,0,0,0,N,0,0,Y,0,0,0,0,0,0,0,0,0,0,0,0,Preliminary,Editor Mapped,564493.4807,3033896.736,27.4269703365893,-80.3474893049749
25254447,2022,26-NOV-2022 04:15 AM,26-NOV-2022 12:00 AM,221100684,L,1,2,24,40,St. Lucie,Fort Pierce,Urban,11/26/2022 4:15:00 AM,11/26/2022 4:17:00 AM,11/26/2022 4:19:00 AM,11/26/2022 4:53:00 AM,Y,Motorist,EDWARDS RD,,,,0,,S US HIGHWAY 1,,U.S.,Unpaved,Four-Way Intersection,N,Dark - Lighted,Cloudy,Dry,N,Other,Pedalcycle,On Roadway,N,Intersection,None,,,None,,,N,,,,,POLICE OFFICER,Fort Pierce Police Department,Police Department (PD),11/29/2022 2:52:00 PM,11/29/2022 2:52:00 PM,3,Y,Bicycle,Bicycle,Injury,Possible Injury,NIGHT,N,N,N,N,N,N,Y,N,N,1,1,1,0,0,0,0,0,0,0,0,1,1,0,1,0,0,0,0,0,0,0,0,0,0,N,0,0,Y,0,0,0,0,0,0,1,500,500,0,0,0,Preliminary,Editor Mapped,566617.6638,3032108.9598,27.4107290619927,-80.3260971042205
25255462,2022,16-MAY-2022 01:10 PM,16-MAY-2022 12:00 AM,2022-007466,L,1,2,1,57,Miami-Dade,Miami Gardens,Urban,5/16/2022 1:18:00 PM,5/16/2022 1:22:00 PM,5/16/2022 1:27:00 PM,5/16/2022 2:20:00 PM,Y,Law Enforcement,NW 5TH AVE,,25.946707,-80.209377,0,,NW 188TH ST,,Local,Curb,Four-Way Intersection,N,Daylight,Clear,Dry,N,,Pedalcycle,On Roadway,N,Intersection,None,,,None,,,N,,,,,CSA,Miami Gardens Police Department,Police Department (PD),5/18/2022 1:40:00 PM,5/18/2022 1:40:00 PM,2,Y,Bicycle,Bicycle,Injury,Non-Incapacitating Injury,DAY,N,N,N,N,N,Y,Y,N,N,0,1,0,1,0,0,0,0,0,0,0,1,1,0,1,0,0,0,0,0,0,0,0,0,0,N,0,0,Y,0,0,0,0,0,0,0,0,0,0,0,0,Preliminary,Computer mapped confident by address,579161.918,2870017.4769,25.9466753507943,-80.2093673821772
25257571,2022,16-OCT-2022 05:00 PM,16-OCT-2022 12:00 AM,2022-016005,L,1,2,1,57,Miami-Dade,Miami Gardens,Urban,10/16/2022 5:00:00 PM,10/16/2022 5:01:00 PM,10/16/2022 5:11:00 PM,10/16/2022 5:45:00 PM,Y,Law Enforcement,NW 27TH AVE,19261,25.949828,-80.244707,,,,,Parking Lot,Paved,Not at Intersection,N,Daylight,Clear,Dry,N,,Pedalcycle,On Roadway,N,Non-Junction,None,,,None,,,N,,,,,OFFICER,Miami Gardens Police Department,Police Department (PD),10/26/2022 4:37:00 PM,10/26/2022 4:37:00 PM,10,N,Bicycle,Bicycle,No Injury,No Injury,DAY,N,N,N,N,N,N,N,N,N,2,0,0,0,0,0,0,0,0,0,0,1,1,0,1,0,0,0,0,0,0,0,0,0,0,N,0,0,Y,0,0,0,0,0,0,1,20,20,0,0,0,Preliminary,Editor Mapped,575621.78,2870344.9124,25.9498204956819,-80.2447032733629
25260401,2022,26-SEP-2022 02:53 PM,26-SEP-2022 12:00 AM,2209-00073293,L,1,3,19,54,Brevard,Titusville,Urban,9/26/2022 2:53:00 PM,9/26/2022 2:55:00 PM,9/26/2022 2:56:00 PM,9/26/2022 3:24:00 PM,Y,Law Enforcement,STATE ROAD 50 (CHENEY HWY),1055,,,,,,,State,Curb,T-Intersection,Y,Daylight,Clear,Dry,N,Angle,Pedalcycle,Off Roadway,Y,Driveway/Alley Access Related,None,,,None,,,N,,,,,Off.,Titusville Police Department,Police Department (PD),10/3/2022 1:30:00 PM,10/3/2022 1:30:00 PM,7,Y,Bicycle,Bicycle,Injury,Possible Injury,DAY,N,N,N,N,N,N,N,N,N,2,1,1,0,0,0,0,0,0,0,0,1,1,0,1,0,0,1,0,0,0,0,0,0,0,N,0,0,Y,0,0,0,0,0,0,1,500,500,1,0,0,Preliminary,Editor Mapped,518101.9347,3158973.6417,28.557478773094,-80.8149312862919
25266384,2022,28-APR-2022 01:42 PM,28-APR-2022 12:00 AM,22061802,L,1,2,6,0,Palm Beach,Unincorporated,Rural,4/28/2022 1:42:00 PM,4/28/2022 1:45:00 PM,4/28/2022 1:52:00 PM,4/28/2022 2:45:00 PM,N,Law Enforcement,VENUS AVE,,26.667654,-80.112351,0,,S MILITARY TRL,,State,Curb,T-Intersection,N,Daylight,Cloudy,Dry,N,,Other Non-Fixed Object,On Roadway,N,Intersection,None,,,None,,,N,,,,,DEPUTY,Palm Beach County Sheriff's Office,Sheriff's Office (SO),4/29/2022 1:37:00 PM,4/29/2022 1:37:00 PM,1,Y,Single Vehicle,Other,Injury,Possible Injury,DAY,N,N,N,N,N,Y,Y,N,N,1,1,1,0,0,0,0,0,0,0,0,1,1,0,1,0,0,0,0,0,0,0,0,0,0,N,0,0,Y,0,0,0,0,0,0,0,0,0,0,0,0,Preliminary,Editor Mapped,588327.944,2949933.0885,26.6676563329386,-80.1123496214856
25267253,2022,11-MAY-2022 04:28 PM,11-MAY-2022 12:00 AM,22066313,L,1,3,6,60,Palm Beach,Lake Park,Urban,5/11/2022 4:28:00 PM,5/11/2022 4:28:00 PM,5/11/2022 4:30:00 PM,5/11/2022 5:15:00 PM,Y,Law Enforcement,NORTHLAKE BLVD,,26.807394,-80.062736,319,West,CRESCENT DR,,State,Curb,Not at Intersection,N,Daylight,Clear,Dry,N,,Pedalcycle,Roadside,N,Driveway/Alley Access Related,None,,,None,,,N,,,,,D/S,Palm Beach County Sheriff's Office,Sheriff's Office (SO),5/14/2022 1:37:00 PM,5/14/2022 1:37:00 PM,3,Y,Bicycle,Bicycle,Serious Injury,Incapacitating Injury,DAY,N,N,N,N,N,N,N,N,N,2,1,0,0,1,0,0,0,0,0,0,1,1,0,1,0,0,1,0,0,0,0,0,0,0,N,0,0,Y,1,0,1,0,0,0,1,500,500,1,0,0,Verified,n/a,593163.0596,2965448.4653,26.8074129486969,-80.0626166299195
25269452,2022,16-JUN-2022 10:57 AM,16-JUN-2022 12:00 AM,22078100,L,1,3,6,42,Palm Beach,Greenacres,Urban,6/16/2022 10:57:00 AM,6/16/2022 10:57:00 AM,6/16/2022 11:02:00 AM,6/16/2022 11:26:00 AM,Y,Law Enforcement,CRESTHAVEN BLVD,,26.636997,-80.137527,0,,SHERWOOD FOREST BLVD,,County,Unpaved,Four-Way Intersection,N,Daylight,Clear,Dry,N,,Pedalcycle,On Roadway,N,Intersection,None,,,None,,,N,,,,,CSA,Palm Beach County Sheriff's Office,Sheriff's Office (SO),6/17/2022 1:36:00 PM,6/17/2022 1:36:00 PM,1,Y,Bicycle,Bicycle,Injury,Possible Injury,DAY,N,N,N,N,N,N,Y,N,N,2,1,1,0,0,0,0,0,0,0,0,2,2,0,1,0,0,0,0,0,0,0,0,0,0,N,0,0,Y,0,0,0,0,0,0,1,300,300,0,0,0,Preliminary,Editor Mapped,585837.0928,2946526.7709,26.6370582254865,-80.1376102029488
25272267,2022,06-AUG-2022 01:10 PM,06-AUG-2022 12:00 AM,22095531,L,1,3,6,89,Palm Beach,Wellington,Urban,8/6/2022 1:13:00 PM,8/6/2022 1:13:00 PM,8/6/2022 1:23:00 PM,8/6/2022 3:30:00 PM,Y,Law Enforcement,RUE DE LA PLAZA,12799,26.672978,-80.250056,,,,,Parking Lot,Curb,Not at Intersection,N,Daylight,Clear,Dry,N,,Pedestrian,In Parking Lane or Zone,N,Non-Junction,None,,,None,,,N,,,,,DEPUTY,Palm Beach County Sheriff's Office,Sheriff's Office (SO),8/9/2022 1:38:00 PM,8/9/2022 1:38:00 PM,3,Y,Pedestrian,Pedestrian,Injury,Non-Incapacitating Injury,DAY,N,N,N,N,N,N,N,N,N,2,1,0,1,0,0,0,0,0,0,0,1,1,0,1,0,1,1,0,0,0,0,0,0,0,N,0,0,Y,0,0,0,0,0,0,1,800,800,1,0,0,Preliminary,Editor Mapped,574621.4246,2950434.3433,26.6729755113473,-80.2500531370662
25272973,2022,17-AUG-2022 07:14 PM,17-AUG-2022 12:00 AM,22099365,L,1,2,6,0,Palm Beach,Unincorporated,Urban,8/17/2022 7:14:00 PM,8/17/2022 7:14:00 PM,8/17/2022 7:19:00 PM,8/17/2022 7:59:00 PM,Y,Law Enforcement,UNNAMED RD,,26.650617,-80.11355,,,,,Parking Lot,Curb,Not at Intersection,N,Dusk,Rain,Wet,N,,Pedalcycle,On Roadway,N,Non-Junction,None,,,None,,,N,,,,,D/S,Palm Beach County Sheriff's Office,Sheriff's Office (SO),8/19/2022 1:37:00 PM,8/19/2022 1:37:00 PM,2,Y,Bicycle,Bicycle,Injury,Non-Incapacitating Injury,NIGHT,N,N,N,N,N,N,N,N,N,1,1,0,1,0,0,0,0,0,0,0,1,1,0,1,0,0,0,0,0,0,0,0,0,0,N,0,0,Y,0,0,1,0,0,0,1,1000,1000,1,0,0,Preliminary,Editor Mapped,588225.4683,2948037.0165,26.650545128622,-80.1135116261379
25274636,2022,09-SEP-2022 07:28 AM,09-SEP-2022 12:00 AM,22107118,L,1,2,6,42,Palm Beach,Greenacres,Urban,9/9/2022 8:12:00 AM,9/9/2022 8:15:00 AM,9/9/2022 8:22:00 AM,9/9/2022 8:52:00 AM,Y,Law Enforcement,LAKE WORTH RD,,26.618382,-80.114847,402,West,S MILITARY TRL,,State,Curb,Not at Intersection,N,Daylight,Clear,Dry,N,,Pedestrian,On Roadway,N,Non-Junction,None,,,None,,,N,,,,,CSA,Palm Beach County Sheriff's Office,Sheriff's Office (SO),9/13/2022 1:45:00 PM,9/13/2022 1:45:00 PM,4,Y,Pedestrian,Pedestrian,Injury,Non-Incapacitating Injury,DAY,N,N,Y,N,N,Y,N,N,N,0,1,0,1,0,0,0,0,0,0,0,1,1,0,1,0,0,0,0,0,0,0,0,0,0,N,0,0,Y,0,0,0,0,0,0,0,0,0,0,0,0,Preliminary,Editor Mapped,588117.3758,2944472.9771,26.6183758229037,-80.1148456483813
25275750,2022,09-APR-2022 06:00 PM,09-APR-2022 12:00 AM,2204090025364,L,1,2,1,66,Miami-Dade,Miami,Urban,4/9/2022 6:46:00 PM,4/9/2022 6:53:00 PM,4/9/2022 7:00:00 PM,4/9/2022 8:00:00 PM,Y,Law Enforcement,NW 39TH AVE,,25.773948,-80.259673,0,,NW 2ND ST,,Local,Paved,Traffic Circle,N,Daylight,Clear,Dry,N,,Pedestrian,On Roadway,N,Through Roadway,None,,,None,,,N,,,,,PSA,Miami Police Department,Police Department (PD),4/11/2022 1:27:00 PM,4/11/2022 1:27:00 PM,2,Y,Pedestrian,Pedestrian,Injury,Non-Incapacitating Injury,DAY,N,N,N,N,N,N,N,N,N,1,1,0,1,0,0,0,0,0,0,0,1,1,0,1,0,0,0,0,0,0,0,0,0,0,N,0,0,Y,0,0,0,0,0,0,1,1000,1000,0,0,0,Preliminary,Editor Mapped,574233.1159,2850858.4195,25.7739432659972,-80.2596690317806
25277168,2022,02-MAY-2022 08:00 AM,02-MAY-2022 12:00 AM,2205020030977,L,1,2,1,66,Miami-Dade,Miami,Urban,5/2/2022 8:05:00 AM,5/2/2022 8:06:00 AM,5/2/2022 8:08:00 AM,5/2/2022 8:40:00 AM,N,Law Enforcement,W FLAGLER ST,,25.7708,-80.288152,0,,SW 57TH AVE,,Local,Paved,Four-Way Intersection,N,Daylight,Clear,Dry,N,,Pedestrian,On Roadway,N,Other,None,,,None,,,N,,,,,OFFICER,Miami Police Department,Police Department (PD),5/3/2022 1:46:00 PM,5/3/2022 1:46:00 PM,1,Y,Pedestrian,Pedestrian,Injury,Possible Injury,DAY,N,N,N,N,N,Y,N,N,N,1,1,1,0,0,0,0,0,0,0,0,1,1,0,1,0,1,0,0,0,0,0,0,0,0,N,0,0,Y,0,0,0,0,0,0,0,0,0,0,0,1,Preliminary,Editor Mapped,571380.0104,2850493.5949,25.7707910704673,-80.2881410830055
25277729,2022,25-APR-2022 02:30 PM,25-APR-2022 12:00 AM,2204250029364,L,1,2,1,66,Miami-Dade,Miami,Urban,4/25/2022 2:30:00 PM,4/25/2022 2:45:00 PM,4/25/2022 2:45:00 PM,4/25/2022 2:40:00 PM,N,Law Enforcement,SW 22ND ST,,25.749909,-80.251565,169,East,SW 36TH AVE,,Local,Paved,Not at Intersection,N,Daylight,Clear,Dry,N,,Pedalcycle,On Roadway,N,Other,None,,,None,,,N,,,,,OFFICER,Miami Police Department,Police Department (PD),5/10/2022 1:37:00 PM,5/10/2022 1:37:00 PM,15,Y,Bicycle,Bicycle,No Injury,No Injury,DAY,N,N,N,N,N,Y,N,N,N,0,0,0,0,0,0,0,0,0,0,0,1,1,0,1,0,0,0,0,0,0,0,0,0,0,N,0,0,Y,0,0,0,0,0,0,1,0,0,1,0,0,Preliminary,Editor Mapped,575061.2977,2848201.0508,25.749906614526,-80.2515605503109
25278082,2022,14-MAY-2022 10:25 PM,14-MAY-2022 12:00 AM,2205140034401,L,1,2,1,66,Miami-Dade,Miami,Urban,5/14/2022 10:30:00 PM,5/14/2022 11:35:00 PM,5/14/2022 11:45:00 PM,5/14/2022 1:00:00 AM,Y,Law Enforcement,NW 29TH ST,,25.803864,-80.19913,0,,NW 2ND AVE,,Local,Paved,Four-Way Intersection,N,Dark - Lighted,Clear,Dry,N,,Pedestrian,On Roadway,N,Intersection-Related,None,,,None,,,N,,,,,OFFICER,Miami Police Department,Police Department (PD),5/17/2022 1:43:00 PM,5/17/2022 1:43:00 PM,3,Y,Pedestrian,Pedestrian,Injury,Possible Injury,NIGHT,N,N,N,N,N,N,Y,N,N,0,2,2,0,0,0,0,0,0,0,0,1,1,0,1,0,0,0,0,0,0,0,0,0,0,N,0,0,Y,0,0,0,0,0,0,1,600,600,0,0,0,Preliminary,Editor Mapped,580284.8237,2854202.2637,25.8038160941562,-80.1991167331163
25278152,2022,16-MAY-2022 09:00 AM,16-MAY-2022 12:00 AM,2205160034695,L,1,3,1,66,Miami-Dade,Miami,Urban,5/16/2022 9:00:00 AM,5/16/2022 9:00:00 AM,5/16/2022 9:30:00 AM,5/16/2022 11:00:00 AM,Y,Law Enforcement,N MIAMI AVE,,25.78162,-80.193868,76,South,NW 8TH ST,,Local,Paved,Four-Way Intersection,N,Daylight,Clear,Dry,N,,Pedestrian,On Roadway,N,Other,None,,,None,,,Y,Activity Area,Other,Y,N,PSA,Miami Police Department,Police Department (PD),5/17/2022 1:43:00 PM,5/17/2022 1:43:00 PM,1,Y,Pedestrian,Pedestrian,Injury,Possible Injury,DAY,N,N,N,N,N,N,N,N,N,2,1,1,0,0,0,0,0,0,0,0,1,1,0,1,0,0,1,0,0,0,0,0,0,0,N,0,0,Y,0,0,0,0,0,0,1,500,500,0,0,0,Preliminary,Officer Mapped,580826.298,2851746.8358,25.781615642723,-80.1938656174225
25281271,2022,05-JUL-2022 07:50 PM,05-JUL-2022 12:00 AM,2207050047553,L,1,2,1,66,Miami-Dade,Miami,Urban,7/5/2022 7:56:00 PM,7/5/2022 8:10:00 PM,7/5/2022 8:20:00 PM,7/5/2022 8:35:00 PM,N,Law Enforcement,SE 5TH ST,,25.768839,-80.192168,,,SE 1ST AVE,,Local,Paved,T-Intersection,N,Dark - Lighted,Clear,Dry,N,,Other Non-Fixed Object,On Roadway,N,Intersection-Related,None,,,None,,,N,,,,,POLICE OFFICER,Miami Police Department,Police Department (PD),7/12/2022 1:45:00 PM,7/12/2022 1:45:00 PM,7,Y,Single Vehicle,Other,Injury,Possible Injury,NIGHT,N,N,N,N,N,Y,Y,N,N,0,1,1,0,0,0,0,0,0,0,0,1,1,0,1,0,0,0,0,0,0,0,0,0,0,N,0,0,Y,0,0,0,0,1,1000,0,0,1000,1,0,0,Preliminary,Editor Mapped,581007.8535,2850332.5292,25.768835486694,-80.1921414710965
25282963,2022,02-AUG-2022 10:00 AM,02-AUG-2022 12:00 AM,2208020054150,L,1,2,1,66,Miami-Dade,Miami,Urban,8/2/2022 10:00:00 AM,8/2/2022 10:01:00 AM,8/2/2022 10:11:00 AM,8/2/2022 11:30:00 AM,Y,Law Enforcement,SW 34TH AVE,,25.743091,-80.249808,0,,SW 26TH ST,,Local,Paved,Y-Intersection,N,Daylight,Clear,Dry,N,,Pedestrian,On Roadway,N,Intersection,None,,,None,,,N,,,,,PSA,Miami Police Department,Police Department (PD),8/3/2022 1:40:00 PM,8/3/2022 1:40:00 PM,1,Y,Pedestrian,Pedestrian,Injury,Possible Injury,DAY,N,N,N,N,N,N,Y,N,N,1,1,1,0,0,0,0,0,0,0,0,1,1,0,1,0,1,0,0,0,0,0,0,0,0,N,0,0,Y,0,0,1,0,0,0,1,1000,1000,1,0,0,Preliminary,Editor Mapped,575242.3083,2847444.6721,25.7430676825181,-80.2497987040726
25283548,2022,11-AUG-2022 12:10 PM,11-AUG-2022 12:00 AM,2208110056525,L,1,2,1,66,Miami-Dade,Miami,Urban,8/11/2022 12:15:00 PM,8/11/2022 12:25:00 PM,8/11/2022 12:45:00 PM,8/11/2022 2:20:00 PM,Y,Law Enforcement,NE 2ND AVE,,25.791124,-80.190796,,,NE 17TH ST,,Local,Paved,T-Intersection,N,Daylight,Clear,Dry,N,,Pedestrian,Off Roadway,N,Other,None,,,None,,,N,,,,,OFC,Miami Police Department,Police Department (PD),8/17/2022 1:40:00 PM,8/17/2022 1:40:00 PM,6,N,Pedestrian,Pedestrian,No Injury,No Injury,DAY,N,N,N,N,N,N,N,N,N,2,0,0,0,0,0,0,0,0,0,0,1,1,0,1,0,0,0,0,0,0,0,0,0,0,N,0,0,Y,0,0,1,0,0,0,1,1,1,0,0,0,Preliminary,Editor Mapped,581125.3412,2852815.6149,25.7912493317078,-80.1908178081218
25284667,2022,26-AUG-2022 06:41 PM,26-AUG-2022 12:00 AM,2208260060382,L,1,2,1,66,Miami-Dade,Miami,Urban,8/26/2022 6:41:00 PM,8/26/2022 6:44:00 PM,8/26/2022 6:49:00 PM,8/26/2022 7:30:00 PM,Y,Law Enforcement,SW 27TH AVE,,25.748969,-80.238328,111,North,SW 23RD ST,,Local,Curb,Not at Intersection,N,Daylight,Clear,Dry,N,,Pedalcycle,On Roadway,N,Non-Junction,None,,,None,,,N,,,,,OFFICER,Miami Police Department,Police Department (PD),8/30/2022 1:44:00 PM,8/30/2022 1:44:00 PM,4,N,Bicycle,Bicycle,No Injury,No Injury,DAY,N,N,N,N,N,N,N,N,N,2,0,0,0,0,0,0,0,0,0,0,1,1,0,1,0,0,0,0,0,0,0,0,0,0,N,0,0,Y,0,0,0,0,0,0,1,200,200,1,0,0,Preliminary,Editor Mapped,576390.4703,2848104.4122,25.7489653123741,-80.238313801236
25288069,2022,07-OCT-2022 08:01 AM,07-OCT-2022 12:00 AM,22-02562,L,1,2,1,88,Miami-Dade,Sunny Isles Beach,Urban,10/7/2022 8:01:00 AM,10/7/2022 8:01:00 AM,10/7/2022 8:02:00 AM,10/7/2022 9:10:00 AM,N,Law Enforcement,COLLINS AVE,17121,,,,,,,Parking Lot,Curb,Not at Intersection,N,Daylight,Clear,Dry,N,Front to Front,Pedestrian,Off Roadway,N,Non-Junction,None,,,None,,,N,,,,,PO,Sunny Isles Beach Police Department,Police Department (PD),5/15/2023 11:22:00 PM,5/15/2023 11:22:00 PM,220,Y,Pedestrian,Pedestrian,Injury,Non-Incapacitating Injury,DAY,N,N,N,N,N,Y,N,Y,N,1,1,0,1,0,0,0,0,0,0,0,1,1,0,1,0,0,0,0,0,0,0,0,0,0,N,0,0,Y,0,0,0,0,0,0,0,0,0,0,0,0,Preliminary,Editor Mapped,587959.575,2868687.1267,25.9341575242202,-80.1215973797183
25288218,2022,20-DEC-2022 10:59 PM,16-JAN-2023 12:00 AM,22-03254,L,1,2,1,88,Miami-Dade,Sunny Isles Beach,Urban,12/20/2022 10:59:00 PM,12/20/2022 10:59:00 PM,12/20/2022 11:00:00 PM,12/20/2022 11:02:00 PM,Y,Law Enforcement,STATE ROAD A1A,,,,112,North,170TH STREET,,State,Curb,Not at Intersection,N,Dark - Lighted,Clear,Dry,N,Front to Rear,Other Non-Fixed Object,On Roadway,N,Non-Junction,None,,,None,,,N,,,,,OFC,Sunny Isles Beach Police Department,Police Department (PD),1/30/2023 11:29:00 PM,2/20/2023 11:27:00 PM,41,Y,Single Vehicle,Other,Injury,Non-Incapacitating Injury,NIGHT,N,N,N,N,N,Y,N,N,N,1,1,0,1,0,0,0,0,0,0,0,2,2,0,0,0,0,0,0,0,0,0,0,0,0,N,0,0,Y,0,0,0,0,1,1000,1,200,1200,0,0,0,Preliminary,Editor Mapped,587960.3981,2869196.7522,25.9387588189366,-80.1215550334709
25289719,2022,18-JUL-2022 05:50 PM,29-AUG-2022 12:00 AM,282207020376,L,1,2,10,40,Broward,Hallandale Beach,Urban,7/18/2022 5:53:00 PM,7/18/2022 5:53:00 PM,7/18/2022 6:05:00 PM,7/18/2022 7:10:00 PM,Y,Motorist,LAYNE BLVD,,,,0,,HALLANDALE BEACH BLVD,,State,Paved,Four-Way Intersection,N,Daylight,Clear,Dry,N,Angle,Pedalcycle,On Roadway,N,Non-Junction,None,,,None,,,N,,,,,OFFICER,Hallandale Beach Police Department,Police Department (PD),7/24/2022 1:29:00 PM,8/31/2022 1:44:00 PM,6,Y,Bicycle,Bicycle,Injury,Possible Injury,DAY,N,N,N,N,N,N,N,N,N,1,1,1,0,0,0,0,0,0,0,0,1,1,0,1,1,0,0,0,0,0,0,0,0,0,N,0,0,Y,0,0,0,0,0,0,1,2000,2000,0,0,0,Preliminary,Editor Mapped,587080.7742,2874401.3073,25.9858030319273,-80.1299933610995
25289805,2022,09-AUG-2022 11:48 AM,09-AUG-2022 12:00 AM,282208022627,L,1,1,10,40,Broward,Hallandale Beach,Urban,8/9/2022 11:48:00 AM,8/9/2022 11:48:00 AM,8/9/2022 12:00:00 PM,8/9/2022 12:30:00 PM,Y,Motorist,S OCEAN DR,1865,,,0,,,,Interstate,Curb,Not at Intersection,N,Daylight,Clear,Dry,N,Angle,Motor Vehicle in Transport,Shoulder,N,Non-Junction,None,,,None,,,N,,,,,OFFICER,Hallandale Beach Police Department,Police Department (PD),8/13/2022 1:43:00 PM,8/13/2022 1:43:00 PM,4,Y,Single Vehicle,Other,Injury,Non-Incapacitating Injury,DAY,N,N,N,N,N,N,N,N,N,0,1,0,1,0,0,0,0,0,0,0,1,1,0,0,0,0,0,0,0,0,0,0,0,0,N,0,0,Y,0,0,0,0,0,0,1,100,100,1,0,0,Preliminary,Editor Mapped,588101.0191,2874158.4059,25.9835482722545,-80.1198175850701
25290775,2022,03-MAY-2022 01:17 PM,03-MAY-2022 12:00 AM,2022-00154768,L,1,7,7,46,Orange,Orlando,Urban,5/3/2022 1:17:00 PM,5/3/2022 1:35:00 PM,5/3/2022 1:50:00 PM,5/3/2022 1:50:00 PM,Y,Law Enforcement,GRAND NATIONAL DR,5847,,,145,South,,,Local,Curb,Not at Intersection,,Daylight,Clear,Dry,N,Other,Pedestrian,Roadside,N,Driveway/Alley Access Related,None,,,None,,,N,,,,,CSO.,Orlando Police Department,Police Department (PD),5/17/2022 1:43:00 PM,5/17/2022 1:43:00 PM,14,N,Pedestrian,Pedestrian,No Injury,No Injury,DAY,N,N,N,Y,N,N,N,N,N,7,0,0,0,0,0,0,0,0,0,0,1,1,0,1,0,0,5,0,0,0,0,0,0,0,N,0,0,Y,0,0,0,0,0,0,1,500,500,0,0,0,Preliminary,Editor Mapped,455442.6462,3150164.7723,28.4773288635519,-81.4551944066204
25299108,2022,31-OCT-2022 07:10 PM,31-OCT-2022 12:00 AM,2022-00382357,L,1,2,7,46,Orange,Orlando,Urban,10/31/2022 7:36:00 PM,10/31/2022 7:36:00 PM,10/31/2022 7:36:00 PM,10/31/2022 7:36:00 PM,Y,Law Enforcement,8300 BLK TAVISTOCK LAKE BLVD,,,,41,East,ELIOT AVE,,Local,Curb,Not at Intersection,,Dark - Lighted,Clear,Dry,N,Angle,Pedestrian,On Roadway,N,Non-Junction,None,,,None,,,N,,,,,CSO.,Orlando Police Department,Police Department (PD),11/17/2022 3:09:00 PM,11/17/2022 3:09:00 PM,17,Y,Pedestrian,Pedestrian,Injury,Possible Injury,NIGHT,N,N,N,N,N,N,N,N,N,1,1,1,0,0,0,0,0,0,0,0,1,1,0,1,0,0,0,0,0,0,0,0,0,0,N,0,0,Y,0,0,0,0,0,0,1,1000,1000,0,0,0,Preliminary,Editor Mapped,474122.4687,3138196.8406,28.3698034807937,-81.2640968361389
25306774,2022,26-OCT-2022 06:24 PM,26-OCT-2022 12:00 AM,22024278,L,1,3,18,41,Lee,Cape Coral,Urban,10/26/2022 6:24:00 PM,10/26/2022 6:25:00 PM,10/26/2022 6:32:00 PM,10/26/2022 7:00:00 PM,Y,Law Enforcement,SE 8TH AVE,,,,9,South,SE 27TH ST,,Local,Unpaved,T-Intersection,N,Daylight,Clear,Dry,N,Other,Pedalcycle,On Roadway,N,Intersection-Related,None,,,None,,,N,,,,,POLICE OFFICER,Cape Coral Police Department,Police Department (PD),11/3/2022 2:58:00 PM,11/3/2022 2:58:00 PM,8,Y,Bicycle,Bicycle,Injury,Non-Incapacitating Injury,DAY,N,N,N,N,N,N,Y,N,N,2,1,0,1,0,0,0,0,0,0,0,2,2,0,1,0,1,0,0,0,0,0,0,0,0,N,0,0,Y,0,0,2,0,0,0,1,500,500,1,0,0,Preliminary,Editor Mapped,404579.7111,2942784.207,26.6026546033256,-81.9583783557937
25308577,2022,08-JUL-2022 07:30 PM,08-JUL-2022 12:00 AM,220011724,L,1,1,8,30,Volusia,Daytona Beach,Urban,7/8/2022 7:30:00 PM,7/8/2022 7:32:00 PM,7/8/2022 7:36:00 PM,7/8/2022 7:30:00 PM,Y,Law Enforcement,ORANGE AVE,,29.20807,-81.018271,134,East,COTTAGE LN,,Local,Paved,Not at Intersection,Y,Daylight,Clear,Dry,N,,Parked Motor Vehicle,Roadside,N,Non-Junction,None,,,None,,,N,,,,,OFFICER,Daytona Beach Police Department,Police Department (PD),7/15/2022 1:37:00 PM,7/15/2022 1:37:00 PM,7,Y,Single Vehicle,Other,Serious Injury,Incapacitating Injury,NIGHT,N,N,N,N,N,N,N,Y,N,0,1,0,0,1,0,0,0,0,0,0,1,1,0,0,0,0,0,0,0,0,0,0,0,0,N,0,0,Y,1,0,0,0,1,100,1,500,600,1,0,0,Preliminary,Editor Mapped,498223.577,3231039.5896,29.2080799704546,-81.0182751625457
25322178,2022,09-SEP-2022 11:40 PM,10-SEP-2022 01:25 AM,533868,L,1,2,2,38,Duval,Jacksonville,Urban,9/9/2022 11:42:00 PM,9/9/2022 11:42:00 PM,9/9/2022 11:45:00 PM,9/10/2022 1:25:00 AM,Y,Law Enforcement,EDGEWOOD AVE W,,30.3881914721976,-81.6838378385932,76,East,FERNANDINA AVE,,State,Curb,Not at Intersection,N,Dark - Lighted,Clear,Dry,N,Front to Rear,Other Non-Fixed Object,On Roadway,N,Non-Junction,None,,,None,,,N,,,,,OFFICER,Jacksonville Sheriff's Office,Sheriff's Office (SO),9/11/2022 1:32:00 PM,9/11/2022 1:32:00 PM,2,Y,Single Vehicle,Other,Injury,Non-Incapacitating Injury,NIGHT,N,N,N,N,N,N,N,N,N,1,1,0,1,0,0,0,0,0,0,0,1,1,0,1,1,0,0,0,0,0,0,0,0,0,N,0,0,Y,0,0,1,0,1,500,1,10000,10500,1,0,0,Preliminary,Editor Mapped,434303.0725,3361998.7913,30.3881831520479,-81.6838355993949
25325119,2022,07-NOV-2022 07:45 AM,07-NOV-2022 08:04 AM,658368,L,1,4,2,38,Duval,Jacksonville,Urban,11/7/2022 7:47:00 AM,11/7/2022 7:50:00 AM,11/7/2022 7:53:00 AM,11/7/2022 8:04:00 AM,Y,Law Enforcement,ABESS BLVD,,30.3214946195523,-81.4818787430996,0,,W HICKORY CREEK BLVD,,Local,Unpaved,Not at Intersection,N,Daylight,Clear,Dry,N,"Sideswipe, Same Direction",Pedalcycle,On Roadway,N,Non-Junction,None,,,None,,,N,,,,,OFFICER,Jacksonville Sheriff's Office,Sheriff's Office (SO),11/8/2022 3:01:00 PM,11/8/2022 3:01:00 PM,1,Y,Bicycle,Bicycle,Injury,Non-Incapacitating Injury,DAY,N,N,N,N,N,N,N,Y,N,3,1,0,1,0,0,0,0,0,0,0,1,1,0,1,0,0,2,0,0,0,0,0,0,0,N,0,0,Y,0,0,0,0,0,0,1,500,500,1,0,0,Preliminary,Editor Mapped,453674.3767,3354508.0574,30.321488065887,-81.4818766432227
25329987,2022,08-SEP-2022 06:01 AM,08-SEP-2022 09:35 AM,529785,L,2,2,2,38,Duval,Jacksonville,Urban,9/8/2022 9:13:00 AM,9/8/2022 9:13:00 AM,9/8/2022 9:32:00 AM,9/8/2022 9:35:00 AM,Y,Law Enforcement,SR 104,,30.4381794678472,-81.732083951636,0,,KER DEL RD,,State,Paved,Not at Intersection,N,Dark - Not Lighted,Clear,Dry,N,Other,Motor Vehicle in Transport,On Roadway,N,Non-Junction,Obstruction in Roadway,,,None,,,N,,,,,CSO,Jacksonville Sheriff's Office,Sheriff's Office (SO),9/13/2022 1:44:00 PM,9/13/2022 1:44:00 PM,5,Y,Other,Other,No Injury,No Injury,NIGHT,N,N,N,N,N,N,N,N,N,2,0,0,0,0,0,0,0,0,1,0,1,1,0,1,0,0,0,0,0,0,0,0,0,0,N,0,0,Y,0,0,1,0,0,0,2,9000,9000,0,0,0,Preliminary,Editor Mapped,429703.8563,3367567.9219,30.4381757634518,-81.7320803569814
25336909,2022,21-NOV-2022 06:37 PM,21-NOV-2022 06:53 PM,688350,L,1,1,2,38,Duval,Jacksonville,Urban,11/21/2022 6:38:00 PM,11/21/2022 6:39:00 PM,11/21/2022 6:45:00 PM,11/21/2022 6:54:00 PM,N,Law Enforcement,WILSON BLVD,,30.2700568548872,-81.7636747105977,,,FIRESTONE RD,,Local,Curb,Not at Intersection,N,Daylight,Clear,Dry,N,Angle,Motor Vehicle in Transport,On Roadway,N,Non-Junction,None,,,None,,,N,,,,,CSO,Jacksonville Sheriff's Office,Sheriff's Office (SO),12/8/2022 2:54:00 PM,12/8/2022 2:54:00 PM,17,Y,Single Vehicle,Other,Injury,Possible Injury,DAY,N,N,N,N,N,N,N,N,N,0,1,1,0,0,0,0,0,0,0,0,1,1,0,0,0,0,0,0,0,0,0,0,0,0,N,0,0,Y,0,0,0,0,0,0,1,100,100,0,0,0,Preliminary,Editor Mapped,426545.6952,3348956.9734,30.2700546512862,-81.7636623457904
25338145,2022,22-NOV-2022 10:54 PM,22-NOV-2022 12:00 AM,2022-002343,L,1,2,48,40,Clay,Green Cove Springs,Urban,11/22/2022 10:54:00 PM,11/22/2022 10:54:00 PM,11/22/2022 10:54:00 PM,11/22/2022 10:54:00 PM,Y,Law Enforcement,S OAKRIDGE AV,,,,82,North,IDLEWILD AV,,Local,Paved,Not at Intersection,Y,Dark - Lighted,Cloudy,Dry,N,Angle,Pedestrian,On Roadway,N,Non-Junction,None,,,None,,,N,,,,,OTHR,Green Cove Springs Police Department,Police Department (PD),12/27/2022 11:25:00 PM,12/27/2022 11:25:00 PM,35,Y,Pedestrian,Pedestrian,No Injury,No Injury,NIGHT,N,N,N,N,N,N,N,N,N,2,0,0,0,0,0,0,0,0,0,0,1,1,0,1,0,0,0,0,0,0,0,0,0,0,N,0,0,Y,0,0,0,0,0,0,0,0,0,0,0,0,Preliminary,Editor Mapped,432838.4221,3317458.1905,29.9861822511246,-81.6962473283486
25339193,2022,12-SEP-2022 04:07 PM,12-SEP-2022 12:00 AM,2209-000591,L,1,2,10,70,Broward,Plantation,Urban,9/12/2022 4:07:00 PM,9/12/2022 4:07:00 PM,9/12/2022 4:19:00 PM,9/12/2022 4:53:00 PM,Y,Law Enforcement,SW 63RD AVE,,26.120702,-80.232766,0,,W BROWARD BLVD,,Local,Curb,Not at Intersection,N,Daylight,Clear,Dry,N,,Pedestrian,On Roadway,N,Non-Junction,None,,,None,,,N,,,,,CSA,Plantation Police Department,Police Department (PD),9/24/2022 1:38:00 PM,9/24/2022 1:38:00 PM,12,Y,Pedestrian,Pedestrian,Injury,Non-Incapacitating Injury,DAY,N,N,N,N,N,N,N,N,N,1,1,0,1,0,0,0,0,0,0,0,1,1,0,1,0,0,0,0,0,0,0,0,0,0,N,0,0,Y,0,0,1,0,1,600,1,500,1100,0,0,0,Preliminary,Editor Mapped,576708.1654,2889276.5462,26.1206973160256,-80.2327420428133
25339641,2022,02-NOV-2022 05:20 PM,02-NOV-2022 12:00 AM,2211-000087,L,1,2,10,70,Broward,Plantation,Urban,11/2/2022 5:20:00 PM,11/2/2022 5:20:00 PM,11/2/2022 5:39:00 PM,11/2/2022 8:13:00 PM,Y,Law Enforcement,W SUNRISE BLVD,,26.145747,-80.296995,61,East,S HIATUS RD,,County,Curb,Four-Way Intersection,N,Daylight,Clear,Dry,N,,Pedalcycle,On Roadway,N,Intersection,None,,,None,,,N,,,,,CSA,Plantation Police Department,Police Department (PD),11/11/2022 2:51:00 PM,11/11/2022 2:51:00 PM,9,Y,Bicycle,Bicycle,Serious Injury,Incapacitating Injury,DAY,N,N,N,N,N,N,Y,N,N,1,1,0,0,1,0,0,0,0,0,0,1,1,0,1,1,0,0,0,0,0,0,0,0,0,N,0,0,Y,1,0,0,0,1,380,1,200,580,1,0,0,Preliminary,Editor Mapped,570269.815,2892013.3526,26.1457363342413,-80.2969883546788
25342496,2022,08-NOV-2022 11:21 AM,13-DEC-2022 12:00 AM,292211001392,L,1,2,10,52,Broward,Lauderhill,Urban,11/8/2022 11:34:00 AM,11/8/2022 11:34:00 AM,11/8/2022 11:46:00 AM,11/8/2022 1:07:00 PM,Y,Motorist,W SUNRISE BLVD,3291,,,,,,,Parking Lot,Paved,Not at Intersection,N,Daylight,Clear,Dry,N,Angle,Motor Vehicle in Transport,In Parking Lane or Zone,N,Non-Junction,None,,,None,,,N,,,,,,Lauderhill Police Department,Police Department (PD),11/22/2022 2:48:00 PM,12/14/2022 3:03:00 PM,14,Y,Single Vehicle,Other,No Injury,No Injury,DAY,N,N,N,N,N,Y,N,N,N,2,0,0,0,0,0,0,0,0,0,0,2,2,0,0,0,0,0,0,0,0,0,0,0,0,N,0,0,Y,0,0,0,0,1,200,1,1,201,0,0,0,Preliminary,Editor Mapped,580709.8961,2891034.4074,26.1363501082344,-80.192609521944
25345402,2022,30-AUG-2022 04:48 PM,30-AUG-2022 12:00 AM,202220495,L,1,5,24,50,St. Lucie,Port St. Lucie,Urban,8/30/2022 4:48:00 PM,8/30/2022 4:51:00 PM,8/30/2022 5:05:00 PM,8/30/2022 6:45:00 PM,Y,Motorist,SW MILLARD DR,499,,,45,West,,,Local,Paved,Not at Intersection,N,Daylight,Clear,Dry,N,Other,Motor Vehicle in Transport,On Roadway,,Driveway/Alley Access Related,None,,,None,,,N,,,,,POLICE OFFICER,Port St. Lucie Police Department,Police Department (PD),9/1/2022 1:39:00 PM,9/1/2022 1:39:00 PM,2,Y,Single Vehicle,Other,Injury,Possible Injury,DAY,N,N,N,N,N,N,N,N,N,3,2,2,0,0,0,0,0,0,0,0,4,2,2,1,0,1,0,0,0,0,0,0,0,0,Y,0,0,Y,0,0,0,0,0,0,1,200,200,2,0,0,Preliminary,Editor Mapped,563029.2346,3011224.0316,27.2223584016992,-80.363472809283
25354844,2022,28-MAY-2022 11:00 AM,28-MAY-2022 12:00 AM,2022TA006387,L,1,1,17,44,Seminole,Oviedo,Urban,5/28/2022 11:03:00 AM,5/28/2022 11:05:00 AM,5/28/2022 11:18:00 AM,5/28/2022 12:24:00 PM,Y,Law Enforcement,DREKKAR CT,,28.64151,-81.209405,156,South,CORDELIA WAY,,Local,Paved,Not at Intersection,N,Daylight,Clear,Dry,N,,Pedestrian,On Roadway,N,Non-Junction,None,,,None,,,N,,,,,OFC,Oviedo Police Department,Police Department (PD),5/31/2022 1:33:00 PM,5/31/2022 1:33:00 PM,3,Y,Pedestrian,Pedestrian,Injury,Possible Injury,DAY,N,N,N,N,N,N,N,N,N,0,1,1,0,0,0,0,0,0,0,0,1,1,0,0,0,0,0,0,0,0,0,0,0,0,N,0,0,Y,0,0,0,0,0,0,0,0,0,0,0,1,Preliminary,Editor Mapped,479535.3261,3168289.3297,28.6415312299032,-81.2093911332575
25356142,2022,16-JUN-2022 02:49 PM,29-JUN-2022 12:00 AM,MP220038052,L,1,2,19,42,Brevard,Melbourne,Urban,6/16/2022 2:49:00 PM,6/16/2022 2:50:00 PM,6/16/2022 2:53:00 PM,6/16/2022 3:25:00 PM,Y,Law Enforcement,N WICKHAM RD,2424,28.147333,-80.67167,216,North,LAKE WASHINGTON RD,,County,Paved,Not at Intersection,Y,Daylight,Clear,Dry,N,,Pedalcycle,Off Roadway,N,Non-Junction,None,,,None,,,N,,,,,OFFICER,Melbourne Police Department,Police Department (PD),6/18/2022 1:37:00 PM,7/2/2022 3:16:00 PM,2,Y,Bicycle,Bicycle,Injury,Non-Incapacitating Injury,DAY,N,N,N,N,N,N,N,N,N,1,1,0,1,0,0,0,0,0,0,0,1,1,0,1,0,0,0,0,0,0,0,0,0,0,N,0,0,Y,0,0,1,0,0,0,1,1000,1000,0,0,0,Preliminary,Editor Mapped,532238.4653,3113566.195,28.147326163049,-80.6716685258099
25376259,2022,30-NOV-2022 03:01 PM,30-NOV-2022 03:25 PM,MCSO22OFF009310,L,1,3,38,0,Monroe,Unincorporated,Urban,11/30/2022 3:01:00 PM,11/30/2022 3:01:00 PM,11/30/2022 3:03:00 PM,11/30/2022 3:45:00 PM,Y,Law Enforcement,CROSST ST,,24.57202,-81.74473,0,,SUNCREST RD,,County,Unpaved,Four-Way Intersection,Y,Daylight,Clear,Dry,N,Angle,Pedalcycle,On Roadway,Y,Intersection,None,,,None,,,N,,,,,SERGEANT,Monroe County Sheriff's Office,Sheriff's Office (SO),1/12/2023 2:55:00 PM,1/12/2023 2:55:00 PM,43,Y,Bicycle,Bicycle,Serious Injury,Incapacitating Injury,DAY,N,N,N,N,N,N,Y,N,N,2,1,0,0,1,0,0,0,0,0,0,1,1,0,1,1,0,1,0,0,0,0,0,0,0,N,0,0,Y,1,0,1,0,1,500,0,0,500,1,0,0,Preliminary,Editor Mapped,424635.9463,2717752.3689,24.5719235882225,-81.7442745818018
25392830,2022,07-OCT-2022 04:49 PM,07-OCT-2022 12:00 AM,221007019967,L,1,2,1,55,Miami-Dade,Doral,Urban,10/7/2022 4:49:00 PM,10/7/2022 4:49:00 PM,10/7/2022 5:04:00 PM,10/7/2022 5:07:00 PM,Y,Law Enforcement,NW 87TH AVE,2495,,,,,,,Parking Lot,Paved,Not at Intersection,N,Daylight,Clear,Dry,N,Angle,Pedestrian,In Parking Lane or Zone,N,Non-Junction,None,,,None,,,N,,,,,,Doral Police Department,Police Department (PD),11/17/2022 3:10:00 PM,11/17/2022 3:10:00 PM,41,Y,Pedestrian,Pedestrian,Injury,Possible Injury,DAY,N,N,N,N,N,N,N,N,N,1,1,1,0,0,0,0,0,0,0,0,1,1,0,1,0,0,0,0,0,0,0,0,0,0,N,0,0,Y,0,0,1,0,1,2000,1,100,2100,0,0,0,Preliminary,Editor Mapped,566533.1972,2853342.5711,25.7967443518636,-80.3363315797413
25393387,2022,03-DEC-2022 09:50 PM,03-DEC-2022 12:00 AM,221203024011,L,1,2,1,55,Miami-Dade,Doral,Urban,12/3/2022 9:50:00 PM,12/3/2022 9:50:00 PM,12/3/2022 9:53:00 PM,12/3/2022 10:38:00 PM,Y,Law Enforcement,NW 107TH AVE,,,,0,,NW 74TH ST,,Local,Curb,Four-Way Intersection,N,Daylight,Clear,Dry,N,Angle,Motor Vehicle in Transport,On Roadway,N,Non-Junction,None,,,None,,,N,,,,,POLICE OFFICER,Doral Police Department,Police Department (PD),12/7/2022 2:59:00 PM,12/7/2022 2:59:00 PM,4,N,Single Vehicle,Other,No Injury,No Injury,NIGHT,N,N,N,N,N,N,N,N,N,2,0,0,0,0,0,0,0,0,0,0,1,1,0,1,0,0,0,0,0,0,0,0,0,0,N,0,0,Y,0,0,0,0,0,0,1,50,50,0,0,0,Preliminary,Editor Mapped,563102.3445,2858183.7178,25.8406098144959,-80.3703214988911
25398589,2022,19-JUL-2022 01:10 PM,19-JUL-2022 12:00 AM,2022-00116255,S,1,2,5,52,Polk,Lakeland,Urban,7/19/2022 1:10:00 PM,7/19/2022 1:11:00 PM,7/19/2022 1:20:00 PM,7/19/2022 2:00:00 PM,Y,Law Enforcement,COLLINS LN,,28.014973,-81.936521,0,,EASTON DR,,Local,Paved,T-Intersection,N,Daylight,Clear,Dry,N,,Pedestrian,On Roadway,N,Intersection-Related,None,,,None,,,N,,,,,MOTOR/TRAFFIC,Lakeland Police Department,Police Department (PD),8/2/2022 1:41:00 PM,8/2/2022 1:41:00 PM,14,N,Pedestrian,Pedestrian,No Injury,No Injury,DAY,N,N,N,N,N,N,Y,N,N,2,0,0,0,0,0,0,0,0,0,0,1,1,0,1,0,0,0,0,0,0,0,0,0,0,N,0,0,Y,0,0,0,0,1,20,1,500,520,0,0,0,Preliminary,Officer Mapped,407929.5836,3099213.9218,28.014968130655,-81.9365182331115
25405285,2022,13-OCT-2022 07:00 PM,14-OCT-2022 12:00 AM,2022-043176,L,1,2,5,0,Polk,Unincorporated,Rural,10/13/2022 11:50:00 AM,10/13/2022 11:50:00 AM,10/13/2022 11:57:00 AM,10/13/2022 12:30:00 PM,Y,Law Enforcement,REYNOLDS RD.,,,,140,North,SKYVIEW DR,,Local,Unpaved,Not at Intersection,,Dark - Not Lighted,Clear,Dry,N,"Sideswipe, Same Direction",Motor Vehicle in Transport,On Roadway,N,Non-Junction,None,,,None,,,N,,,,,Dep.,Polk County Sheriff's Office,Sheriff's Office (SO),11/6/2022 2:45:00 PM,11/6/2022 2:45:00 PM,24,Y,Single Vehicle,Other,Injury,Non-Incapacitating Injury,NIGHT,N,N,N,N,N,Y,N,Y,N,1,1,0,1,0,0,0,0,0,0,0,1,1,0,1,0,0,0,0,0,0,0,0,0,0,N,0,0,Y,0,0,0,0,0,0,1,500,500,0,0,0,Preliminary,Editor Mapped,412378.46,3100450.8677,28.0264338944679,-81.8913618671033
25405834,2022,21-OCT-2022 06:45 AM,21-OCT-2022 12:00 AM,2022-044093,L,1,2,5,0,Polk,Unincorporated,Rural,10/21/2022 6:52:00 AM,10/21/2022 6:53:00 AM,10/21/2022 7:05:00 AM,10/21/2022 7:19:00 AM,Y,Law Enforcement,GREY HERON BLVD,,,,0,,RONALD REAGAN PKWY,,Local,Curb,T-Intersection,N,Dark - Lighted,Clear,Dry,N,Angle,Pedestrian,On Roadway,N,Intersection-Related,None,,,None,,,N,,,,,Dep.,Polk County Sheriff's Office,Sheriff's Office (SO),10/30/2022 2:42:00 PM,10/30/2022 2:42:00 PM,9,Y,Pedestrian,Pedestrian,Injury,Non-Incapacitating Injury,NIGHT,N,N,N,N,N,Y,Y,N,N,1,1,0,1,0,0,0,0,0,0,0,1,1,0,1,0,0,0,0,0,0,0,0,0,0,N,0,0,Y,0,0,0,0,0,0,1,1500,1500,0,0,0,Preliminary,Editor Mapped,442596.0836,3124481.6401,28.2450013961311,-81.5851559972651
25425199,2022,25-NOV-2022 03:20 PM,25-NOV-2022 12:00 AM,22-500569,L,1,2,18,0,Lee,Unincorporated,Rural,11/25/2022 3:24:00 PM,11/25/2022 3:25:00 PM,11/25/2022 3:30:00 PM,11/25/2022 4:00:00 PM,Y,Law Enforcement,HEIMAN AVE,,26.645652,-81.809322,0,,LAREDO AVE,,State,Unpaved,T-Intersection,N,Daylight,Clear,Dry,N,,Pedestrian,On Roadway,N,Intersection,None,,,None,,,N,,,,,DEPUTY,Lee County Sheriff's Office,Sheriff's Office (SO),11/26/2022 2:42:00 PM,11/26/2022 2:42:00 PM,1,Y,Pedestrian,Pedestrian,Injury,Non-Incapacitating Injury,DAY,N,N,N,N,N,N,Y,N,N,1,1,0,1,0,0,0,0,0,0,0,1,1,0,1,0,0,0,0,0,0,0,0,0,0,N,0,0,Y,0,0,0,0,0,0,1,1500,1500,0,0,1,Preliminary,Editor Mapped,419451.4891,2947443.9293,26.6456507637495,-81.8093191298161
25429982,2022,26-AUG-2022 07:27 PM,26-AUG-2022 12:00 AM,2022-25383,L,1,2,40,0,Hernando,Unincorporated,Rural,8/26/2022 7:28:00 PM,8/26/2022 7:30:00 PM,8/26/2022 7:57:00 PM,8/26/2022 8:40:00 PM,Y,Law Enforcement,BEAR TRL,,28.53436,-82.615253,481,South,RICHARD DR,,County,Unpaved,Not at Intersection,N,Daylight,Clear,Dry,N,,Pedalcycle,On Roadway,N,Driveway/Alley Access Related,None,,,None,,,N,,,,,DEPUTY,Hernando County Sheriff's Office,Sheriff's Office (SO),8/30/2022 1:44:00 PM,8/30/2022 1:44:00 PM,4,Y,Bicycle,Bicycle,Injury,Non-Incapacitating Injury,NIGHT,N,N,N,N,N,N,N,N,N,1,1,0,1,0,0,0,0,0,0,0,1,1,0,1,1,0,0,0,0,0,0,0,0,0,N,0,0,Y,0,0,1,0,1,500,1,0,500,0,0,0,Preliminary,Editor Mapped,341967.8025,3157467.8514,28.5344063935385,-82.6152057772664
25432931,2022,07-DEC-2022 05:11 PM,08-DEC-2022 12:00 AM,CW22-173493,L,1,2,4,36,Pinellas,Clearwater,Urban,12/7/2022 5:30:00 PM,12/7/2022 5:35:00 PM,12/7/2022 5:38:00 PM,12/7/2022 10:11:00 PM,Y,Law Enforcement,S BELCHER RD,525,27.959652,-82.746009,292,South,,,Parking Lot,Curb,Not at Intersection,Y,Daylight,Clear,Dry,N,,Pedestrian,Roadside,N,Non-Junction,None,,,None,,,N,,,,,OFC,Clearwater Police Department,Police Department (PD),12/16/2022 2:54:00 PM,12/16/2022 2:54:00 PM,9,Y,Pedestrian,Pedestrian,Injury,Possible Injury,DAY,N,N,N,N,N,Y,N,N,N,1,1,1,0,0,0,0,0,0,0,0,1,1,0,1,0,0,0,0,0,0,0,0,0,0,N,0,0,Y,0,0,0,0,0,0,0,0,0,1,0,0,Preliminary,Editor Mapped,328245.9577,3093959.4798,27.959646685001,-82.7460407003565
25443131,2022,16-AUG-2022 08:02 AM,16-AUG-2022 12:00 AM,20220012574,L,1,2,6,94,Palm Beach,West Palm Beach,Urban,8/16/2022 8:02:00 AM,8/16/2022 8:06:00 AM,8/16/2022 8:16:00 AM,8/16/2022 8:31:00 AM,Y,Motorist,MERCER AVE,,,,0,,S AUSTRALIAN AVE,,Local,Paved,T-Intersection,N,Daylight,Clear,Dry,N,Other,Pedalcycle,On Roadway,N,Intersection,None,,,None,,,N,,,,,MASTER POLICE OFFICER,West Palm Beach Police Department,Police Department (PD),8/18/2022 1:40:00 PM,8/18/2022 1:40:00 PM,2,Y,Bicycle,Bicycle,Injury,Possible Injury,DAY,N,N,N,Y,N,N,Y,N,N,1,1,1,0,0,0,0,0,0,0,0,1,1,0,1,0,0,0,0,0,0,0,0,0,0,N,0,0,Y,0,0,0,0,1,700,0,0,700,0,0,0,Preliminary,Editor Mapped,592733.954,2953835.498,26.7026029989663,-80.067789543635
25444200,2022,03-NOV-2022 08:05 AM,03-NOV-2022 12:00 AM,20220017527,L,1,2,6,94,Palm Beach,West Palm Beach,Urban,11/3/2022 8:08:00 AM,11/3/2022 8:11:00 AM,11/3/2022 8:13:00 AM,11/3/2022 9:57:00 AM,Y,Motorist,NORTHLAKE BLVD,8264,,,5535,West,,,Other,Paved,Four-Way Intersection,N,Daylight,Clear,Dry,N,Other,Pedalcycle,Off Roadway,N,Non-Junction,None,,,None,,,N,,,,,SERGEANT,West Palm Beach Police Department,Police Department (PD),11/8/2022 3:00:00 PM,11/8/2022 3:00:00 PM,5,Y,Bicycle,Bicycle,Injury,Possible Injury,DAY,N,N,N,N,N,N,N,N,N,1,1,1,0,0,0,0,0,0,0,0,1,1,0,1,0,0,0,0,0,0,0,0,0,0,N,0,0,Y,0,0,0,0,0,0,1,2000,2000,1,0,0,Preliminary,Editor Mapped,582506.1018,2965730.274,26.8106264185155,-80.1698160927033
25444411,2022,18-NOV-2022 05:15 PM,18-NOV-2022 12:00 AM,20220018476,L,1,3,6,94,Palm Beach,West Palm Beach,Urban,11/18/2022 5:17:00 PM,11/18/2022 5:19:00 PM,11/18/2022 5:23:00 PM,11/18/2022 6:05:00 PM,Y,Law Enforcement,S DIXIE HWY,,,,0,,DATURA ST,,Local,Paved,Four-Way Intersection,N,Daylight,Clear,Dry,N,Angle,Motor Vehicle in Transport,On Roadway,N,Non-Junction,None,,,None,,,N,,,,,OFFICER,West Palm Beach Police Department,Police Department (PD),11/21/2022 2:52:00 PM,11/21/2022 2:52:00 PM,3,Y,Single Vehicle,Other,Injury,Non-Incapacitating Injury,DAY,N,N,N,N,N,N,N,N,N,2,1,0,1,0,0,0,0,0,0,0,2,1,1,1,0,0,0,0,0,0,0,0,0,0,Y,0,0,Y,0,0,0,0,0,0,1,100,100,1,0,0,Preliminary,Editor Mapped,594140.8624,2954919.3778,26.712294402346,-80.0535672130225
25449071,2022,22-OCT-2022 09:20 AM,22-OCT-2022 12:00 AM,2210-014787,L,1,2,53,0,Charlotte,Unincorporated,Rural,10/22/2022 9:24:00 AM,10/22/2022 9:25:00 AM,10/22/2022 9:35:00 AM,10/22/2022 10:45:00 AM,Y,Law Enforcement,AGATE ST,,26.905149,-82.228542,0,,INGRAHAM BLVD,,Local,Paved,Four-Way Intersection,Y,Daylight,Clear,Dry,N,,Impact Attenuator/Crash Cushion,Roadside,N,Intersection-Related,None,,,None,,,N,,,,,DEPUTY,Charlotte County Sheriff's Office,Sheriff's Office (SO),10/26/2022 4:38:00 PM,10/26/2022 4:38:00 PM,4,Y,Off Road,Off Road,Injury,Non-Incapacitating Injury,DAY,N,N,Y,N,N,N,Y,N,N,1,1,0,1,0,0,0,0,0,0,0,1,1,0,1,0,0,0,0,0,0,0,0,0,0,N,0,0,Y,0,0,0,0,0,0,1,500,500,1,0,0,Preliminary,Editor Mapped,378003.5975,2976523.4047,26.9051652601389,-82.2285292569718
25453110,2022,10-SEP-2022 12:01 PM,10-SEP-2022 12:00 AM,2022-47411,L,1,2,1,80,Miami-Dade,North Miami,Urban,9/10/2022 12:03:00 PM,9/10/2022 12:04:00 PM,9/10/2022 12:11:00 PM,9/10/2022 12:53:00 PM,Y,Law Enforcement,BISCAYNE BLVD,,25.894526,-80.162123,373,North,NE 127TH ST,,Local,Curb,Not at Intersection,N,Daylight,Clear,Dry,N,,Pedalcycle,On Roadway,N,Non-Junction,None,,,None,,,N,,,,,OFFICER,North Miami Police Department,Police Department (PD),9/14/2022 1:42:00 PM,9/14/2022 1:42:00 PM,4,Y,Bicycle,Bicycle,Injury,Non-Incapacitating Injury,DAY,N,N,N,N,N,N,N,N,N,1,1,0,1,0,0,0,0,0,0,0,1,1,0,1,1,0,0,0,0,0,0,0,0,0,N,0,0,Y,0,0,0,0,0,0,1,300,300,0,0,0,Preliminary,Editor Mapped,583929.7017,2864270.7914,25.8945208334817,-80.1621197975296
25462695,2022,20-SEP-2022 05:30 PM,12-OCT-2022 12:00 AM,102209003488,L,1,2,10,36,Broward,Deerfield Beach,Urban,9/20/2022 8:48:00 PM,9/20/2022 8:49:00 PM,9/20/2022 9:06:00 PM,9/20/2022 9:36:00 PM,Y,Motorist,NE 1ST ST,,,,0,,NE 20TH TER,,Local,Paved,Four-Way Intersection,N,Daylight,Clear,Dry,N,"Sideswipe, Same Direction",Pedestrian,On Roadway,N,Non-Junction,None,None,,None,None,Unknown,N,,,,,,Broward County Sheriff's Office,Sheriff's Office (SO),10/6/2023 7:34:00 PM,10/7/2023 7:27:00 PM,381,Y,Pedestrian,Pedestrian,Injury,Possible Injury,DAY,N,N,N,N,N,Y,N,Y,N,0,1,1,0,0,0,0,0,0,0,0,1,1,0,1,0,0,0,0,0,0,0,0,0,0,N,0,0,Y,0,0,0,0,0,0,1,1,1,0,0,0,Preliminary,Editor Mapped,592048.3228,2910950.7477,26.3154827606042,-80.0777781949661
25463878,2022,11-OCT-2022 10:45 AM,11-OCT-2022 12:00 AM,022210001037,S,1,2,10,32,Broward,Dania Beach,Urban,10/11/2022 10:51:00 AM,10/11/2022 10:51:00 AM,10/11/2022 10:59:00 AM,10/11/2022 11:23:00 AM,Y,Law Enforcement,S FEDERAL HWY,,,,0,,STIRLING RD,,U.S.,Curb,T-Intersection,N,Daylight,Clear,Dry,N,"Sideswipe, Opposite Direction",Pedalcycle,On Roadway,N,Non-Junction,None,,,None,,,N,,,,,,Broward County Sheriff's Office,Sheriff's Office (SO),7/7/2023 3:04:00 PM,7/7/2023 3:04:00 PM,269,N,Bicycle,Bicycle,No Injury,No Injury,DAY,N,N,N,N,N,N,N,Y,N,2,0,0,0,0,0,0,0,0,0,0,1,1,0,1,0,0,0,0,0,0,0,0,0,0,N,0,0,Y,0,0,0,0,0,0,1,500,500,0,0,0,Preliminary,Computer mapped approximate by address,585675.3538,2881362.1832,26.0487353218245,-80.1435774069681
25464484,2022,20-OCT-2022 04:02 PM,20-OCT-2022 12:00 AM,112210006443,L,1,3,10,72,Broward,Pompano Beach,Urban,10/20/2022 4:02:00 PM,10/20/2022 4:02:00 PM,10/20/2022 4:02:00 PM,10/20/2022 4:02:00 PM,Y,Law Enforcement,HIBISCUS AV,,,,0,,E ATLANTIC BLVD,,Local,Paved,Not at Intersection,N,Daylight,Clear,Dry,N,Other,Pedestrian,On Roadway,N,Intersection-Related,None,,,None,,,N,,,,,,Broward County Sheriff's Office,Sheriff's Office (SO),7/7/2023 3:04:00 PM,7/7/2023 3:04:00 PM,260,Y,Pedestrian,Pedestrian,Injury,Possible Injury,DAY,N,N,N,N,N,N,Y,N,N,1,2,2,0,0,0,0,0,0,0,0,2,1,0,1,0,0,0,0,0,0,0,0,0,0,N,0,0,Y,0,0,0,0,0,0,1,200,200,1,0,0,Preliminary,Editor Mapped,590667.0666,2901665.5105,26.2317404429661,-80.0922678377143
25467844,2022,15-DEC-2022 01:59 PM,15-DEC-2022 12:00 AM,072212002247,L,1,2,10,77,Broward,Tamarac,Urban,12/15/2022 2:00:00 PM,12/15/2022 2:04:00 PM,12/15/2022 2:20:00 PM,12/15/2022 2:50:00 PM,Y,Law Enforcement,W MCNAB RD,7200,,,,,,,Parking Lot,Curb,T-Intersection,N,Daylight,Clear,Dry,N,Angle,Motor Vehicle in Transport,In Parking Lane or Zone,N,Intersection-Related,None,,,None,,,N,,,,,,Broward County Sheriff's Office,Sheriff's Office (SO),8/5/2023 3:03:00 PM,8/5/2023 3:03:00 PM,233,Y,Single Vehicle,Other,Injury,Possible Injury,DAY,N,N,N,N,N,N,Y,N,N,1,1,1,0,0,0,0,0,0,0,0,1,1,0,1,0,0,0,0,0,0,0,0,0,0,N,0,0,Y,0,0,0,0,0,0,1,500,500,0,0,0,Preliminary,Editor Mapped,575020.4204,2898892.6579,26.2076088642331,-80.249066350889
25490998,2022,30-DEC-2022 04:45 PM,30-DEC-2022 12:00 AM,2022-07529,L,1,3,5,62,Polk,Winter Haven,Urban,12/30/2022 4:49:00 PM,12/30/2022 4:56:00 PM,12/30/2022 5:00:00 PM,12/30/2022 8:07:00 PM,Y,Law Enforcement,SOTHEAST PLAZA ROAYWAY,,,,469,East,CYPRESS GARDENS BLVD SE,,Local,Curb,T-Intersection,,Daylight,Clear,Dry,N,Other,Motor Vehicle in Transport,On Roadway,N,Non-Junction,None,,,None,,,N,,,,,Off.,Winter Haven Police Department,Police Department (PD),1/12/2023 2:55:00 PM,1/12/2023 2:55:00 PM,13,Y,Single Vehicle,Other,Injury,Non-Incapacitating Injury,DAY,N,N,N,N,N,N,N,N,N,2,1,0,1,0,0,0,0,0,0,0,1,1,0,1,0,0,1,0,0,0,0,0,0,0,N,0,0,Y,0,0,0,0,1,150,1,100,250,1,0,0,Preliminary,Editor Mapped,429498.3412,3097841.5951,28.0039004759531,-81.7170601286404
25492408,2022,09-AUG-2022 07:30 AM,09-AUG-2022 12:00 AM,22007029,L,1,2,4,46,Pinellas,Largo,Urban,8/9/2022 7:30:00 AM,8/9/2022 7:35:00 AM,8/9/2022 7:44:00 AM,8/9/2022 7:55:00 AM,Y,Law Enforcement,S BELCHER RD,180,,,,,,,Parking Lot,Paved,Not at Intersection,N,Daylight,Clear,Dry,N,Front to Front,Motor Vehicle in Transport,Off Roadway,N,Non-Junction,None,,,None,,,N,,,,,OFFICER,Largo Police Department,Police Department (PD),8/17/2022 1:40:00 PM,8/17/2022 1:40:00 PM,8,Y,Single Vehicle,Other,Injury,Non-Incapacitating Injury,DAY,N,N,N,N,N,Y,N,Y,N,0,1,0,1,0,0,0,0,1,0,0,1,1,0,1,0,0,0,0,0,0,0,0,0,0,N,0,0,Y,0,0,0,0,0,0,0,0,0,0,0,0,Preliminary,Editor Mapped,328226.6549,3094339.0292,27.9630689224078,-82.7462919935644
25492454,2022,15-AUG-2022 06:15 PM,15-AUG-2022 12:00 AM,22007262,L,1,3,4,46,Pinellas,Largo,Urban,8/15/2022 6:17:00 PM,8/15/2022 6:18:00 PM,8/15/2022 6:22:00 PM,8/15/2022 7:20:00 PM,Y,Law Enforcement,EAST BAY DR,,,,0,,PINE FOREST DR,,State,Curb,T-Intersection,N,Daylight,Clear,Dry,N,Angle,Pedestrian,On Roadway,N,Intersection,None,,,None,,,N,,,,,OFFICER,Largo Police Department,Police Department (PD),8/18/2022 1:40:00 PM,8/18/2022 1:40:00 PM,3,Y,Pedestrian,Pedestrian,Serious Injury,Incapacitating Injury,DAY,N,N,N,Y,N,N,Y,N,N,2,1,0,0,1,0,0,0,0,0,0,1,1,0,1,0,0,1,0,0,0,0,0,0,0,N,0,0,Y,1,0,2,0,0,0,1,200,200,1,0,0,Preliminary,Editor Mapped,329184.626,3089156.3419,27.9164276474589,-82.7358088167624
25492495,2022,23-AUG-2022 12:58 PM,23-AUG-2022 12:00 AM,22007483,L,1,2,4,46,Pinellas,Largo,Urban,8/23/2022 12:58:00 PM,8/23/2022 1:00:00 PM,8/23/2022 1:12:00 PM,8/23/2022 2:08:00 PM,Y,Law Enforcement,S BELCHER RD,13250,,,,,,,Parking Lot,Unpaved,Not at Intersection,N,Daylight,Rain,Wet,N,Angle,Pedestrian,Roadside,N,Other,None,,,Weather Conditions,,,N,,,,,OFFICER,Largo Police Department,Police Department (PD),8/27/2022 1:37:00 PM,8/27/2022 1:37:00 PM,4,Y,Pedestrian,Pedestrian,Injury,Non-Incapacitating Injury,DAY,N,N,N,N,N,N,N,N,N,1,1,0,1,0,0,0,0,0,0,0,1,1,0,1,0,0,0,0,0,0,0,0,0,0,N,0,0,Y,0,0,1,0,0,0,1,500,500,0,0,0,Unmapped,Unmapped,,,,
25492604,2022,06-SEP-2022 05:16 PM,06-SEP-2022 12:00 AM,22007977,L,1,2,4,46,Pinellas,Largo,Urban,9/6/2022 5:16:00 PM,9/6/2022 5:20:00 PM,9/6/2022 5:23:00 PM,9/6/2022 9:43:00 PM,Y,Law Enforcement,ROOSEVELT BLVD,,,,296,West,58TH ST N,,State,Paved,T-Intersection,Y,Daylight,Cloudy,Dry,N,Other,Pedalcycle,On Roadway,N,Driveway/Alley Access Related,None,,,None,,,N,,,,,OFFICER,Largo Police Department,Police Department (PD),9/9/2022 1:41:00 PM,9/16/2022 1:41:00 PM,3,Y,Bicycle,Bicycle,Serious Injury,Incapacitating Injury,DAY,N,N,N,N,N,N,N,N,N,1,1,0,0,1,0,0,0,0,0,0,1,1,0,1,1,0,0,0,0,0,0,0,0,0,N,0,0,Y,1,0,3,0,0,0,1,2000,2000,1,0,0,Preliminary,Editor Mapped,331281.3283,3089092.9341,27.9161222804591,-82.7145011383269
25497896,2022,25-SEP-2022 05:55 PM,25-SEP-2022 12:00 AM,202200124983,L,1,2,14,40,Marion,Ocala,Urban,9/25/2022 5:55:00 PM,9/25/2022 5:57:00 PM,9/25/2022 6:05:00 PM,9/25/2022 7:35:00 PM,Y,Law Enforcement,SW 42ND ST,,29.14625,-82.16879,48,East,CR 475A,,State,Curb,Four-Way Intersection,N,Daylight,Clear,Dry,N,Other,Pedestrian,On Roadway,N,Non-Junction,None,,,None,,,N,,,,,OFFICER,Ocala Police Department,Police Department (PD),10/12/2022 1:44:00 PM,10/12/2022 1:44:00 PM,17,Y,Pedestrian,Pedestrian,Serious Injury,Incapacitating Injury,DAY,N,N,N,N,N,N,N,N,N,1,1,0,0,1,0,0,0,0,0,0,1,1,0,1,0,0,0,0,0,0,0,0,0,0,N,0,0,Y,1,0,0,0,0,0,1,2500,2500,1,0,0,Preliminary,Editor Mapped,386315.1855,3224754.5394,29.1462563191278,-82.1688022953325
25500150,2022,09-DEC-2022 06:45 PM,09-DEC-2022 12:00 AM,DL220007523,L,1,3,8,36,Volusia,Deland,Urban,12/9/2022 6:56:00 PM,12/9/2022 6:58:00 PM,12/9/2022 7:01:00 PM,12/9/2022 7:41:00 PM,Y,Law Enforcement,N BOSTON AVE,,29.037236,-81.291279,51,South,E UNIVERSITY AVE,,Local,Unpaved,Not at Intersection,Y,Dark - Not Lighted,Clear,Dry,N,,Pedestrian,On Roadway,N,Non-Junction,None,,,None,,,N,,,,,OFFICER,Deland Police Department,Police Department (PD),12/13/2022 3:02:00 PM,12/13/2022 3:02:00 PM,4,Y,Pedestrian,Pedestrian,Injury,Non-Incapacitating Injury,DAY,N,N,N,N,N,N,N,N,N,2,1,0,1,0,0,0,0,0,0,0,1,1,0,1,0,0,1,0,0,0,0,0,0,0,N,0,0,Y,0,0,0,0,0,0,1,500,500,1,0,0,Preliminary,Editor Mapped,471642.5659,3212146.4019,29.0372392612713,-81.2912480724012
25506860,2022,07-DEC-2022 03:18 PM,07-DEC-2022 12:00 AM,22-104390,L,1,2,16,0,Sarasota,Unincorporated,Rural,12/7/2022 3:19:00 PM,12/7/2022 3:19:00 PM,12/7/2022 3:32:00 PM,12/7/2022 4:04:00 PM,Y,Law Enforcement,MCINTOSH RD,,27.303027,-82.482205,426,South,BETTY DR,,County,Curb,Not at Intersection,N,Daylight,Clear,Dry,N,,Pedalcycle,Roadside,N,Non-Junction,None,,,None,,,N,,,,,DEPUTY,Sarasota County Sheriff's Office,Sheriff's Office (SO),12/9/2022 2:52:00 PM,12/9/2022 2:52:00 PM,2,Y,Bicycle,Bicycle,Serious Injury,Incapacitating Injury,DAY,N,N,N,N,N,N,N,N,N,1,1,0,0,1,0,0,0,0,0,0,1,1,0,1,0,0,0,0,0,0,0,0,0,0,N,0,0,Y,1,0,1,0,0,0,1,250,250,1,0,0,Preliminary,Editor Mapped,353331.6444,3020865.8747,27.3029960443721,-82.4821823148964
25513651,2022,06-OCT-2022 04:20 PM,06-OCT-2022 12:00 AM,2022-00035329,S,1,2,19,43,Brevard,West Melbourne,Urban,10/6/2022 4:23:00 PM,10/6/2022 4:27:00 PM,10/6/2022 4:29:00 PM,10/6/2022 4:59:00 PM,Y,Law Enforcement,NEW HAVEN AVE W,3050,28.079021,-80.671545,267,West,,,Parking Lot,Curb,Not at Intersection,Y,Daylight,Clear,Dry,N,,Pedestrian,On Roadway,N,Intersection-Related,None,,,None,,,N,,,,,OFC,West Melbourne Police Department,Police Department (PD),10/11/2022 2:29:00 PM,10/11/2022 2:29:00 PM,5,N,Pedestrian,Pedestrian,No Injury,No Injury,DAY,N,N,N,N,N,N,Y,N,N,2,0,0,0,0,0,0,0,0,0,0,1,1,0,1,0,0,0,0,0,0,0,0,0,0,N,0,0,Y,0,0,0,0,0,0,1,0,0,0,0,0,Preliminary,Computer plot approximate by lat/long,532271.3196,3105998.9423,28.0790157730611,-80.6715421127285
25514567,2022,25-SEP-2022 02:06 PM,25-SEP-2022 12:00 AM,220838,L,1,2,2,44,Duval,Neptune Beach,Urban,9/25/2022 2:07:00 PM,9/25/2022 2:08:00 PM,9/25/2022 2:10:00 PM,9/25/2022 2:50:00 PM,Y,Law Enforcement,1ST ST,,30.318287,-81.39521,56,North,TWIN PL,,Local,Paved,Not at Intersection,N,Daylight,Clear,Dry,N,,Pedalcycle,On Roadway,N,Non-Junction,None,,,None,,,N,,,,,PATROL,Neptune Beach Police Department,Police Department (PD),9/27/2022 1:36:00 PM,9/27/2022 1:36:00 PM,2,Y,Bicycle,Bicycle,Injury,Possible Injury,DAY,N,N,N,N,N,N,N,N,N,1,1,1,0,0,0,0,0,0,0,0,1,1,0,1,0,0,0,0,0,0,0,0,0,0,N,0,0,Y,0,0,1,0,0,0,1,2500,2500,0,0,0,Preliminary,Editor Mapped,462003.4446,3354120.964,30.3182854013449,-81.3952260242821
25514634,2022,27-DEC-2022 04:10 PM,27-DEC-2022 12:00 AM,221121,L,1,1,2,44,Duval,Neptune Beach,Urban,12/27/2022 4:13:00 PM,12/27/2022 4:13:00 PM,12/27/2022 4:20:00 PM,12/27/2022 4:30:00 PM,Y,Law Enforcement,TWELVE OAKS LN E,,30.309055,-81.407826,113,South,N TWELVE OAKS LN,,Local,Curb,Not at Intersection,N,Daylight,Clear,Dry,N,,Parked Motor Vehicle,On Roadway,N,Non-Junction,None,,,None,,,N,,,,,PATROL,Neptune Beach Police Department,Police Department (PD),12/30/2022 2:52:00 PM,12/30/2022 2:52:00 PM,3,N,Single Vehicle,Other,No Injury,No Injury,DAY,N,N,N,N,N,N,N,Y,N,1,0,0,0,0,0,0,0,0,0,0,1,1,0,0,0,0,0,0,0,0,0,0,0,0,N,0,0,Y,0,0,0,0,0,0,1,1000,1000,0,0,0,Preliminary,Editor Mapped,460789.6685,3353101.5442,30.3090474585557,-81.4078129135475
25515529,2022,30-AUG-2022 06:41 PM,30-AUG-2022 12:00 AM,2208300061332,L,1,3,1,66,Miami-Dade,Miami,Urban,8/30/2022 6:41:00 PM,8/30/2022 6:42:00 PM,8/30/2022 6:49:00 PM,8/30/2022 7:30:00 PM,Y,Law Enforcement,NW 8TH AVE,,25.776242,-80.207844,142,South,NW 3RD ST,,Local,Paved,Not at Intersection,N,Daylight,Clear,Dry,N,,Pedestrian,On Roadway,N,Through Roadway,None,,,None,,,N,,,,,OFC,Miami Police Department,Police Department (PD),9/1/2022 1:39:00 PM,9/1/2022 1:39:00 PM,2,N,Pedestrian,Pedestrian,No Injury,No Injury,DAY,N,N,N,N,N,N,N,N,N,3,0,0,0,0,0,0,0,0,0,0,1,1,0,1,0,0,1,0,0,0,0,0,0,0,N,0,0,Y,0,0,1,0,0,0,1,50,50,0,0,0,Preliminary,Editor Mapped,579429.1729,2851141.8773,25.7762298451224,-80.2078352845771
25517243,2022,24-SEP-2022 01:04 PM,24-SEP-2022 12:00 AM,2209240067668,L,1,2,1,66,Miami-Dade,Miami,Urban,9/24/2022 1:04:00 PM,9/24/2022 1:07:00 PM,9/24/2022 1:11:00 PM,9/24/2022 1:59:00 PM,Y,Law Enforcement,NE 18TH ST,,25.793615,-80.188952,0,,BISCAYNE BLVD,,Local,Curb,Four-Way Intersection,N,Daylight,Clear,Dry,N,,Pedestrian,On Roadway,N,Intersection-Related,None,,,None,,,N,,,,,OFC.,Miami Police Department,Police Department (PD),9/26/2022 1:33:00 PM,9/26/2022 1:33:00 PM,2,Y,Pedestrian,Pedestrian,Injury,Possible Injury,DAY,N,N,N,N,N,N,Y,N,N,1,1,1,0,0,0,0,0,0,0,0,1,1,0,1,0,0,0,0,0,0,0,0,0,0,N,0,0,Y,0,0,1,0,0,0,0,0,0,1,0,0,Preliminary,Editor Mapped,581319.389,2853082.0653,25.793644388576,-80.1888660676594
25518129,2022,10-OCT-2022 02:52 PM,10-OCT-2022 12:00 AM,2210100071521,L,1,2,1,66,Miami-Dade,Miami,Urban,10/10/2022 2:52:00 PM,10/10/2022 2:58:00 PM,10/10/2022 3:05:00 PM,10/10/2022 3:40:00 PM,Y,Law Enforcement,NW 9TH AVE,,25.77883,-80.209589,0,,NW SOUTH RIVER DR,,Local,Paved,Four-Way Intersection,N,Daylight,Clear,Dry,N,,Pedestrian,On Roadway,N,Intersection-Related,None,,,None,,,N,,,,,PUBLIC SERVICE AIDE,Miami Police Department,Police Department (PD),10/13/2022 1:44:00 PM,10/13/2022 1:44:00 PM,3,Y,Pedestrian,Pedestrian,Injury,Possible Injury,DAY,N,N,N,N,N,N,Y,N,N,1,1,1,0,0,0,0,0,0,0,0,1,1,0,1,0,0,0,0,0,0,0,0,0,0,N,0,0,Y,0,0,0,0,0,0,1,2000,2000,1,0,0,Preliminary,Editor Mapped,579251.6627,2851428.9115,25.7788311820695,-80.2095883252496
25518280,2022,12-OCT-2022 11:00 AM,11-JAN-2023 12:00 AM,2210120071994,L,1,2,1,66,Miami-Dade,Miami,Urban,10/12/2022 11:05:00 AM,10/12/2022 11:05:00 AM,10/12/2022 11:38:00 AM,10/12/2022 12:30:00 PM,N,Law Enforcement,BRICKELL AVE,465,25.768513,-80.189424,,,,,Local,Paved,Not at Intersection,N,Daylight,Clear,Dry,N,,Pedalcycle,On Roadway,N,Other,None,,,None,,,N,,,,,DET,Miami Police Department,Police Department (PD),10/26/2022 4:36:00 PM,1/13/2023 2:56:00 PM,14,Y,Bicycle,Bicycle,No Injury,No Injury,DAY,N,N,N,N,N,Y,N,N,N,2,0,0,0,0,0,0,0,0,0,0,1,1,0,1,0,0,0,0,0,0,0,0,0,0,N,0,0,Y,0,0,1,0,0,0,0,0,0,0,0,0,Preliminary,Editor Mapped,581281.5588,2850297.5586,25.7685045533057,-80.1894142808258
25521152,2022,24-NOV-2022 10:58 PM,24-NOV-2022 12:00 AM,2211230082459,L,1,2,1,66,Miami-Dade,Miami,Urban,11/24/2022 10:59:00 PM,11/24/2022 11:06:00 PM,11/24/2022 11:18:00 PM,11/24/2022 12:00:00 AM,Y,Law Enforcement,SE 8TH ST,,25.765981,-80.189491,0,,S BAYSHORE DR,,Local,Paved,Four-Way Intersection,N,Dark - Lighted,Clear,Dry,N,,Other Non-Collision,On Roadway,N,Intersection,None,,,None,,,N,,,,,OFFICER,Miami Police Department,Police Department (PD),11/27/2022 2:41:00 PM,6/11/2023 3:15:00 PM,3,Y,Single Vehicle,Other,Serious Injury,Incapacitating Injury,NIGHT,N,N,N,N,N,N,Y,N,N,1,1,0,0,1,0,0,0,0,0,0,1,1,0,1,0,0,0,0,0,0,0,0,0,0,N,0,0,Y,1,0,0,0,0,0,0,0,0,1,0,0,Preliminary,Editor Mapped,581275.0489,2850009.5856,25.7659047365992,-80.1894968560728
