REPORT_NUMBER,CRASH_YEAR,PERSON_NUMBER,LOCATION_AT_TIME_OF_CRASH_CODE,ACTION_PRIOR_TO_CRASH_CODE,NON_MOTORIST_DESCRIPTION_CODE,CITY,STATE,ZIP_CODE,SEX,SUSPECTED_ALCOHOL_USE_CODE,ALCOHOL_TESTED_CODE,ALCOHOL_TEST_TYPE_CODE,ALCOHOL_TEST_RESULT,BLOOD_ALCOHOL_CONTENT,SUSPECTED_DRUG_USE_CODE,DRUG_TESTED_CODE,DRUG_TEST_TYPE_CODE,DRUG_TEST_RESULT,INJURY_SEVERITY,EMS_TRANSPORT_TYPE,NON_MOTORIST_ACTIONS_CIRCUMSTANCES_1,NON_MOTORIST_ACTIONS_CIRCUMSTANCES_2,SAFETY_EQUIPMENT_CODE_1,SAFETY_EQUIPMENT_CODE_2,S4_AGE_AT_TIME_OF_CRASH,S4_IS_ALCOHOL_RELATED,S4_IS_DRUG_RELATED,S4_IS_AGING,S4_IS_TEENAGER
25141341,2022,2,Bicycle Lane,Crossing Roadway,Other Cyclist,,,33311,,N,,,,,N,,,,Non-Incapacitating,EMS,Failure to Yield Right-of-Way,Wrong-Way Riding or Walking,None,,,N,N,N,N
25142701,2022,3,Intersection - Marked Crosswalk,Crossing Roadway,Other Cyclist,,,33431,,N,,,,,N,,,,None,Not Transported,"Failure to Obey Traffic Signs, Signals, or Officer",,None,,,N,N,N,N
25154792,2022,2,Bicycle Lane,None,Other Cyclist,,,32922,Female,,"Unknown, if Tested",Other,Unknown,0,,"Unknown, if Tested",Other,Unknown,Possible,Not Transported,No Improper Action,,None,,49,N,N,N,N
25289805,2022,1,Sidewalk,Walking/Cycling on Sidewalk,Other Cyclist,,,33009,,N,,,,,N,,,,Non-Incapacitating,EMS,Other,,None,,,N,N,N,N
25345402,2022,2,Shoulder/Roadside,Waiting to Cross Roadway,Pedestrian,,,34953,,N,,,,,N,,,,None,Not Transported,No Improper Action,,None,,,N,N,N,N
25521152,2022,2,Intersection - Marked Crosswalk,Crossing Roadway,Other Cyclist,,,33168,Male,N,,,,,N,,,,Incapacitating,EMS,Other,,None,,57,N,N,N,N
25180708,2022,2,Intersection - Marked Crosswalk,Waiting to Cross Roadway,Other Cyclist,,,33426,Male,N,,,,,N,,,,None,Not Transported,No Improper Action,,None,,16,N,N,N,Y
25181964,2022,2,Intersection - Unmarked Crosswalk,Walking/Cycling Along Roadway With Traffic,Other Cyclist,,,33461,Female,N,,,,,N,,,,Possible,EMS,Dart/Dash,,None,,22,N,N,N,N
25193930,2022,2,Driveway Access,Walking/Cycling on Sidewalk,Other Cyclist,,,33782,Male,N,,,,,N,,,,Non-Incapacitating,EMS,No Improper Action,,None,,10,N,N,N,N
25194312,2022,3,Travel Lane - Other Location,Walking/Cycling Along Roadway With Traffic,Other Cyclist,,,33712,Male,N,,,,,N,,,,None,Not Transported,No Improper Action,,None,,31,N,N,N,N
25195426,2022,5,Travel Lane - Other Location,Walking/Cycling Along Roadway With Traffic,Other Cyclist,,,33781,Male,N,,,,,N,,,,Non-Incapacitating,EMS,No Improper Action,,None,,40,N,N,N,N
25195557,2022,2,Intersection - Marked Crosswalk,Crossing Roadway,Other Cyclist,,,33705,Male,N,,,,,N,,,,Non-Incapacitating,EMS,No Improper Action,,None,,43,N,N,N,N
25200205,2022,2,Intersection - Marked Crosswalk,Crossing Roadway,Other Cyclist,,,33176,Female,N,,,,,N,,,,Non-Incapacitating,Not Transported,Other,,None,,22,N,N,N,N
25202228,2022,2,Intersection - Marked Crosswalk,Crossing Roadway,Other Cyclist,,,33136,Male,N,,,,,N,,,,Possible,Not Transported,No Improper Action,,None,,53,N,N,N,N
25203799,2022,2,Intersection - Unmarked Crosswalk,Crossing Roadway,Other Cyclist,,,33155,Male,N,,,,,N,,,,Possible,Not Transported,No Improper Action,,None,,18,N,N,N,Y
25204261,2022,4,Driveway Access,Unknown,Other Cyclist,,,33157,Male,N,,,,,N,,,,Possible,Not Transported,No Improper Action,,None,,21,N,N,N,N
25206099,2022,1,Travel Lane - Other Location,In Roadway - Other,Other Cyclist,,,,Unknown,,,,,,,,,,None,Not Transported,Other,,Unknown,,,N,N,N,N
25213594,2022,1,Intersection - Other,Crossing Roadway,Other Cyclist,,,33157,Male,N,,,,,N,,,,Non-Incapacitating,EMS,Failure to Yield Right-of-Way,Wrong-Way Riding or Walking,Helmet,,51,N,N,N,N
25213850,2022,2,Sidewalk,Walking/Cycling on Sidewalk,Other Cyclist,,,33178,Male,N,,,,,N,,,,Possible,Not Transported,No Improper Action,,None,,28,N,N,N,N
25216094,2022,2,Intersection - Marked Crosswalk,Crossing Roadway,Other Cyclist,,,33193,Female,N,,,,,N,,,,Possible,Not Transported,No Improper Action,,None,,21,N,N,N,N
25218438,2022,2,Sidewalk,Walking/Cycling on Sidewalk,Other Cyclist,,,33157,Male,N,,,,,N,,,,None,EMS,No Improper Action,,None,,73,N,N,Y,N
25220634,2022,2,Travel Lane - Other Location,In Roadway - Other,Other Cyclist,,,33182,Male,N,,,,,N,,,,Non-Incapacitating,EMS,Improper Turn/Merge,,None,,74,N,N,Y,N
25220991,2022,2,Intersection - Unmarked Crosswalk,Crossing Roadway,Other Cyclist,,,33196,Male,N,,,,,N,,,,Possible,EMS,Other,,None,,25,N,N,N,N
25221819,2022,2,Intersection - Marked Crosswalk,Crossing Roadway,Other Cyclist,,,33165,Male,N,,,,,N,,,,None,Not Transported,No Improper Action,,None,,33,N,N,N,N
25221819,2022,3,Intersection - Marked Crosswalk,Crossing Roadway,Other Cyclist,,,33165,Female,N,,,,,N,,,,Possible,Not Transported,No Improper Action,,None,,27,N,N,N,N
25222230,2022,2,Travel Lane - Other Location,Crossing Roadway,Other Cyclist,,,33035,Male,N,,,,,N,,,,Non-Incapacitating,EMS,Other,,None,,65,N,N,Y,N
25223404,2022,2,Shoulder/Roadside,Walking/Cycling Along Roadway Against Traffic,Other Cyclist,,,33156,Male,N,,,,,N,,,,Incapacitating,EMS,No Improper Action,,None,,32,N,N,N,N
25228691,2022,2,Intersection - Marked Crosswalk,Other,Other Cyclist,,,33142,Male,N,,,,,N,,,,None,Not Transported,Other,,None,,21,N,N,N,N
25232343,2022,2,Intersection - Unmarked Crosswalk,Other,Other Cyclist,,,33165,Male,N,,,,,N,,,,Non-Incapacitating,EMS,No Improper Action,,None,,18,N,N,N,Y
25247955,2022,2,Intersection - Marked Crosswalk,Crossing Roadway,Other Cyclist,,,32708,Male,N,,,,,N,,,,Possible,EMS,No Improper Action,,None,,35,N,N,N,N
25248448,2022,2,Intersection - Marked Crosswalk,Crossing Roadway,Other Cyclist,,,32750,Male,N,,,,,N,,,,Non-Incapacitating,Not Transported,Unknown,,None,,30,N,N,N,N
25253444,2022,1,Shoulder/Roadside,Walking/Cycling Along Roadway With Traffic,Other Cyclist,,,34982,,N,,,,,N,,,,Possible,Not Transported,No Improper Action,,None,,,N,N,N,N
25254447,2022,2,Bicycle Lane,Crossing Roadway,Other Cyclist,,,34950,,N,,,,,N,,,,Possible,Not Transported,Unknown,,None,,,N,N,N,N
25255462,2022,2,Intersection - Other,Crossing Roadway,Other Cyclist,,,33069,Male,N,,,,,N,,,,Non-Incapacitating,Not Transported,Other,,None,,18,N,N,N,Y
25257571,2022,2,Travel Lane - Other Location,Walking/Cycling Along Roadway Against Traffic,Other Cyclist,,,280271790,Female,N,,,,,N,,,,None,Not Transported,No Improper Action,,None,,27,N,N,N,N
25299108,2022,2,Intersection - Marked Crosswalk,Crossing Roadway,Other Cyclist,,,32827,Male,N,,,,,N,,,,Possible,Not Transported,Other,,None,,14,N,N,N,N
25260401,2022,2,Bicycle Lane,Other,Other Cyclist,,,32780,Female,N,,,,,N,,,,Possible,EMS,Wrong-Way Riding or Walking,,None,,41,N,N,N,N
25266384,2022,2,Intersection - Marked Crosswalk,Walking/Cycling on Sidewalk,Other Cyclist,,,33406,Male,N,,,,,N,,,,Possible,Not Transported,No Improper Action,,None,,23,N,N,N,N
25267253,2022,3,Driveway Access,Walking/Cycling Along Roadway Against Traffic,Other Cyclist,,,33404,Male,N,,,,,N,,,,Incapacitating,EMS,Wrong-Way Riding or Walking,,None,,20,N,N,N,N
25269452,2022,2,Intersection - Marked Crosswalk,Crossing Roadway,Bicyclist,,,33415,Female,N,,,,,N,,,,None,Not Transported,No Improper Action,,None,,35,N,N,N,N
25269452,2022,3,Intersection - Marked Crosswalk,Crossing Roadway,Other Cyclist,,,33415,Male,N,,,,,N,,,,Possible,Not Transported,No Improper Action,,None,,5,N,N,N,N
25272267,2022,3,Intersection - Unmarked Crosswalk,Crossing Roadway,Other Cyclist,,,33414,Male,N,,,,,N,,,,Non-Incapacitating,EMS,"Failure to Obey Traffic Signs, Signals, or Officer",,None,,13,N,N,N,N
25272973,2022,2,Intersection - Other,Crossing Roadway,Other Cyclist,,,33415,Male,N,,,,,N,,,,Non-Incapacitating,EMS,No Improper Action,,None,,35,N,N,N,N
25392830,2022,2,Sidewalk,Walking/Cycling on Sidewalk,Other Cyclist,,,33010,,N,,,,,N,,,,Possible,Not Transported,No Improper Action,,None,,,N,N,N,N
25274636,2022,2,Shoulder/Roadside,Other,Other Cyclist,,,33463,Male,N,,,,,N,,,,Non-Incapacitating,Not Transported,In Roadway Improperly,,None,,44,N,N,N,N
25275750,2022,2,Other,In Roadway - Other,Other Cyclist,,,33126,Male,N,,,,,N,,,,Non-Incapacitating,Not Transported,Failure to Yield Right-of-Way,,None,,40,N,N,N,N
25277168,2022,2,Intersection - Marked Crosswalk,Crossing Roadway,Other Cyclist,,,,,N,,,,,N,,,,Possible,Other,No Improper Action,,None,,,N,N,N,N
25277729,2022,2,Bicycle Lane,Walking/Cycling Along Roadway With Traffic,Other Cyclist,,,33133,Female,N,,,,,N,,,,,EMS,No Improper Action,,None,,34,N,N,N,N
25278082,2022,2,Intersection - Marked Crosswalk,Crossing Roadway,Other Cyclist,,,33141,Male,N,,,,,N,,,,Possible,Not Transported,No Improper Action,,None,,32,N,N,N,N
25278152,2022,3,Bicycle Lane,Walking/Cycling Along Roadway Against Traffic,Other Cyclist,,,33132,Female,N,,,,,N,,,,Possible,Not Transported,Other,,None,,25,N,N,N,N
25281271,2022,2,Travel Lane - Other Location,Walking/Cycling Along Roadway With Traffic,Other Cyclist,,,33139,Male,N,,,,,N,,,,Possible,EMS,No Improper Action,,None,,48,N,N,N,N
25282963,2022,2,Intersection - Unmarked Crosswalk,Crossing Roadway,Other Cyclist,,,33134,Female,N,,,,,N,,,,Possible,EMS,Failure to Yield Right-of-Way,,None,,16,N,N,N,Y
25283548,2022,2,Sidewalk,Walking/Cycling on Sidewalk,Other Cyclist,,,,Female,N,,,,,N,,,,None,Not Transported,No Improper Action,,None,,17,N,N,N,Y
25284667,2022,2,Travel Lane - Other Location,Other,Other Cyclist,,,33143,Female,N,,,,,N,,,,None,EMS,No Improper Action,,Helmet,,26,N,N,N,N
25288069,2022,1,Sidewalk,Walking/Cycling Along Roadway Against Traffic,Other Cyclist,,,33160,Female,N,,,,,N,,,,Non-Incapacitating,Not Transported,Other,,None,,37,N,N,N,N
25288218,2022,1,Other,In Roadway - Other,Other Cyclist,,,33160,Male,N,,,,,N,,,,Non-Incapacitating,Not Transported,Other,,None,,17,N,N,N,Y
25288218,2022,2,Other,Other,Other Cyclist,,,33160,Male,N,,,,,N,,,,None,Not Transported,Other,,None,,15,N,N,N,Y
25289719,2022,2,Intersection - Marked Crosswalk,Crossing Roadway,Other Cyclist,,,33178,,N,,,,,N,,,,Possible,Not Transported,Dart/Dash,Failure to Yield Right-of-Way,None,,,N,N,N,N
25290775,2022,2,Sidewalk,Walking/Cycling on Sidewalk,Other Cyclist,,,32811,Male,N,,,,,N,,,,None,Not Transported,No Improper Action,,Protective Pads,,36,N,N,N,N
25306774,2022,2,Intersection - Other,In Roadway - Other,Bicyclist,,,33914,,N,,,,,N,,,,Non-Incapacitating,EMS,No Improper Action,,None,,,N,N,N,N
25306774,2022,3,Intersection - Other,In Roadway - Other,Other Cyclist,,,33904,,N,,,,,N,,,,None,Not Transported,No Improper Action,,None,,,N,N,N,N
25308577,2022,1,Shoulder/Roadside,Walking/Cycling Along Roadway With Traffic,Other Cyclist,,,32124,Male,,Test Not Given,Other,,,,Test Not Given,,,Incapacitating,EMS,Unknown,,None,,47,N,N,N,N
25322178,2022,1,Travel Lane - Other Location,Walking/Cycling Along Roadway With Traffic,Other Cyclist,,,32206,Male,,Test Not Given,,,,,Test Not Given,,,Non-Incapacitating,EMS,Failure to Yield Right-of-Way,,None,,30,N,N,N,N
25325119,2022,4,Travel Lane - Other Location,Walking/Cycling Along Roadway With Traffic,Other Cyclist,,,32225,Male,N,Test Not Given,,,,N,Test Not Given,,,Non-Incapacitating,EMS,No Improper Action,,None,,71,N,N,Y,N
25329987,2022,2,Shoulder/Roadside,Adjacent to Roadway,Other Cyclist,,,32218,Male,N,Test Not Given,,,,N,Test Not Given,,,None,Not Transported,No Improper Action,,Helmet,,45,N,N,N,N
25336909,2022,1,Intersection - Unmarked Crosswalk,Crossing Roadway,Other Cyclist,,,32210,Male,N,Test Not Given,,,,N,Test Not Given,,,Possible,Not Transported,No Improper Action,No Improper Action,None,None,37,N,N,N,N
25338145,2022,2,Travel Lane - Other Location,Crossing Roadway,Other Cyclist,,,32043,Male,Y,Test Not Given,Other,Unknown,0,N,,,,None,Not Transported,Failure to Yield Right-of-Way,,None,,29,Y,N,N,N
25339193,2022,2,Intersection - Marked Crosswalk,Crossing Roadway,Other Cyclist,,,33324,Male,N,,,,,N,,,,Non-Incapacitating,Not Transported,No Improper Action,,None,,15,N,N,N,Y
25339641,2022,2,Intersection - Marked Crosswalk,Crossing Roadway,Other Cyclist,,,33328,Female,N,,,,,N,,,,Incapacitating,EMS,"Failure to Obey Traffic Signs, Signals, or Officer",,Helmet,,24,N,N,N,N
25342496,2022,2,Shoulder/Roadside,Crossing Roadway,Bicyclist,,,33403,,N,,,,,N,,,,None,Not Transported,In Roadway Improperly,,None,,,N,N,N,N
25342496,2022,3,Shoulder/Roadside,Crossing Roadway,Other Cyclist,,,33043,,N,,,,,N,,,,None,Not Transported,No Improper Action,,None,,,N,N,N,N
25345402,2022,3,Shoulder/Roadside,Other,Other Cyclist,,,34953,,N,,,,,N,,,,Possible,EMS,Failure to Yield Right-of-Way,,Helmet,,,N,N,N,N
25345402,2022,4,Shoulder/Roadside,Other,Other Cyclist,,,34953,,N,,,,,N,,,,Possible,EMS,Failure to Yield Right-of-Way,,Helmet,,,N,N,N,N
25345402,2022,5,Driveway Access,Other,Pedestrian,,,34953,,N,,,,,N,,,,None,Not Transported,No Improper Action,,None,,,N,N,N,N
25354844,2022,1,Travel Lane - Other Location,In Roadway - Other,Other Cyclist,,,32765,Male,N,,,,,N,,,,Possible,Other,In Roadway Improperly,,None,,1,N,N,N,N
25356142,2022,2,Sidewalk,Walking/Cycling on Sidewalk,Other Cyclist,,,32935,Male,N,,,,,N,,,,Non-Incapacitating,Not Transported,No Improper Action,,None,,49,N,N,N,N
25514634,2022,1,Travel Lane - Other Location,In Roadway - Other,Other Cyclist,,,32266,Male,N,,,,,N,,,,None,Not Transported,Other,,None,,13,N,N,N,N
25376259,2022,3,Intersection - Other,Walking/Cycling Along Roadway Against Traffic,Other Cyclist,,,33040,Female,N,Test Not Given,,,,N,Test Not Given,,,Incapacitating,EMS,Wrong-Way Riding or Walking,,None,,18,N,N,N,Y
25393387,2022,2,Intersection - Marked Crosswalk,Walking/Cycling Along Roadway Against Traffic,Other Cyclist,,,33178,,N,,,,,N,,,,None,Not Transported,"Failure to Obey Traffic Signs, Signals, or Officer",,Not Applicable,,,N,N,N,N
25398589,2022,2,Other,Other,Other Cyclist,,,33803,Male,N,,,,,N,,,,None,Not Transported,Failure to Yield Right-of-Way,,None,,12,N,N,N,N
25405285,2022,2,Shoulder/Roadside,Walking/Cycling Along Roadway With Traffic,Other Cyclist,,,33801,Male,N,,,,,N,,,,Non-Incapacitating,Not Transported,No Improper Action,,None,,36,N,N,N,N
25405834,2022,2,Intersection - Unmarked Crosswalk,Crossing Roadway,Other Cyclist,,,33896,Male,N,,,,,N,,,,Non-Incapacitating,Not Transported,No Improper Action,,Helmet,,31,N,N,N,N
25425199,2022,2,Intersection - Other,In Roadway - Other,Other Cyclist,,,33905,Male,N,,,,,N,,,,Non-Incapacitating,Other,"Failure to Obey Traffic Signs, Signals, or Officer",,None,,12,N,N,N,N
25429982,2022,2,Travel Lane - Other Location,Walking/Cycling Along Roadway With Traffic,Other Cyclist,,,33830,Male,N,,,,,N,,,,Non-Incapacitating,Not Transported,No Improper Action,,None,,53,N,N,N,N
25432931,2022,2,Driveway Access,Adjacent to Roadway,Other Cyclist,,,33778,Female,Y,Test Not Given,,,,N,,,,Possible,EMS,No Improper Action,,Not Applicable,None,61,Y,N,N,N
25443131,2022,2,Intersection - Unmarked Crosswalk,Crossing Roadway,Other Cyclist,,,33401,,N,,,,,N,,,,Possible,Not Transported,No Improper Action,,None,,,N,N,N,N
25444200,2022,2,Intersection - Marked Crosswalk,Adjacent to Roadway,Other Cyclist,,,33407,,N,,,,,N,,,,Possible,EMS,"Failure to Obey Traffic Signs, Signals, or Officer",,None,,,N,N,N,N
25444411,2022,1,Intersection - Other,Crossing Roadway,Other Cyclist,,,33401,,,"Unknown, if Tested",Other,Unknown,,,"Unknown, if Tested",Other,Unknown,Non-Incapacitating,EMS,Failure to Yield Right-of-Way,,None,,,N,N,N,N
25444411,2022,3,Non-Trafficway Area,Walking/Cycling on Sidewalk,Pedestrian,,,33458,,N,,,,,N,,,,None,Not Transported,No Improper Action,,None,,,N,N,N,N
25449071,2022,2,Sidewalk,Other,Other Cyclist,,,33981,Male,N,,,,,N,,,,Non-Incapacitating,EMS,Failure to Yield Right-of-Way,,None,,17,N,N,N,Y
25453110,2022,2,Intersection - Other,Walking/Cycling Along Roadway Against Traffic,Other Cyclist,,,33161,Male,N,,,,,N,,,,Non-Incapacitating,Not Transported,Wrong-Way Riding or Walking,,None,,36,N,N,N,N
25462695,2022,1,Median/Crossing Island,Crossing Roadway,Other Cyclist,,,33441,,N,,,,,N,,,,Possible,Not Transported,No Improper Action,No Improper Action,Helmet,,,N,N,N,N
25463878,2022,2,Bicycle Lane,Walking/Cycling Along Roadway Against Traffic,Other Cyclist,,,33020,,N,,,,,N,,,,None,Not Transported,Wrong-Way Riding or Walking,,None,,,N,N,N,N
25464484,2022,2,Intersection - Marked Crosswalk,Walking/Cycling on Sidewalk,Occupant of a Non-Motor Vehicle Transportation Device,,,33064,,N,,,,,N,,,,Possible,EMS,Dart/Dash,"Failure to Obey Traffic Signs, Signals, or Officer",None,,,N,N,N,N
25464484,2022,3,Intersection - Marked Crosswalk,Walking/Cycling on Sidewalk,Other Cyclist,,,33461,,N,,,,,N,,,,Possible,Not Transported,Other,,None,,,N,N,N,N
25467844,2022,2,Driveway Access,Walking/Cycling Along Roadway Against Traffic,Other Cyclist,,,33470,,N,,,,,N,,,,Possible,Not Transported,Wrong-Way Riding or Walking,,None,,,N,N,N,N
25490998,2022,1,Intersection - Marked Crosswalk,Crossing Roadway,Other Cyclist,,,33880,Male,N,,,,,N,,,,Non-Incapacitating,EMS,Failure to Yield Right-of-Way,,None,,19,N,N,N,Y
25492408,2022,2,Other,In Roadway - Other,Other Cyclist,,,33781,,N,,,,,N,,,,Non-Incapacitating,Not Transported,No Improper Action,,None,,,N,N,N,N
25492454,2022,2,Intersection - Marked Crosswalk,Crossing Roadway,Other Cyclist,,,33770,,N,,,,,N,,,,Incapacitating,EMS,No Improper Action,,None,,,N,N,N,N
25492495,2022,1,Sidewalk,Other,Other Cyclist,,,33770,,N,,,,,N,,,,Non-Incapacitating,Not Transported,No Improper Action,,None,,,N,N,N,N
25492604,2022,2,Sidewalk,Walking/Cycling Along Roadway Against Traffic,Other Cyclist,,,33771,,Y,Test Refused,,,,N,,,,Incapacitating,EMS,Wrong-Way Riding or Walking,,None,,,Y,N,N,N
25497896,2022,2,Intersection - Marked Crosswalk,Crossing Roadway,Other Cyclist,,,32726,Male,N,,,,,N,,,,Incapacitating,EMS,"Failure to Obey Traffic Signs, Signals, or Officer",,None,,41,N,N,N,N
25500150,2022,3,Travel Lane - Other Location,Crossing Roadway,Other Cyclist,,,32724,Male,N,,,,,N,,,,Non-Incapacitating,EMS,Dart/Dash,In Roadway Improperly,None,,13,N,N,N,N
25506860,2022,2,Sidewalk,Walking/Cycling on Sidewalk,Other Cyclist,,,34275,Female,N,,,,,N,,,,Incapacitating,EMS,No Improper Action,,None,,40,N,N,N,N
25513651,2022,2,Driveway Access,Crossing Roadway,Other Cyclist,,,32904,Male,N,,,,,N,,,,None,Not Transported,Other,,None,,53,N,N,N,N
25514567,2022,2,Travel Lane - Other Location,Walking/Cycling Along Roadway With Traffic,Other Cyclist,,,32250,Male,N,,,,,N,,,,Possible,Not Transported,Improper Passing,Other,None,,56,N,N,N,N
25515529,2022,3,Shoulder/Roadside,Other,Other Cyclist,,,33125,Female,N,,,,,N,,,,None,Not Transported,No Improper Action,,None,,30,N,N,N,N
25517243,2022,2,Intersection - Marked Crosswalk,Crossing Roadway,Other Cyclist,,,33132,Female,N,,,,,N,,,,Possible,EMS,No Improper Action,,Helmet,,34,N,N,N,N
25518129,2022,2,Intersection - Marked Crosswalk,Walking/Cycling Along Roadway With Traffic,Other Cyclist,,,33125,Male,N,,,,,N,,,,Possible,EMS,No Improper Action,,None,,15,N,N,N,Y
25518280,2022,2,Other,Other,Other Cyclist,,,33156,Male,N,,,,,N,,,,None,Not Transported,Other,Other,None,,31,N,N,N,N
