REPORT_NUMBER,CRASH_YEAR,VEHICLE_NUMBER,PERSON_NUMBER,CITY,STATE,ZIP_CODE,SEX,HELMET_CODE,RESTRAINT_SYSTEM_CODE,EYE_PROTECTION_CODE,AIR_BAG_DEPLOYMENT_CODE,EJECTED,INJURY_SEVERITY,EMS_TRANSPORT_TYPE,SEAT_POSITION_CODE,ROW_POSITION_CODE,OTHER_POSITION_CODE,S4_AGE_AT_TIME_OF_CRASH,S4_IS_UNRESTRAINED_PASSENGER
25142701,2022,1,2,,,33064,Female,,Shoulder and Lap Belt Used,,Not Deployed,Not Ejected,None,Not Transported,Right,Front,,19,N
25194312,2022,1,2,,,33782,Female,,Shoulder and Lap Belt Used,,Not Deployed,Not Ejected,None,Not Transported,Right,Front,Not Applicable,49,N
25195426,2022,1,2,,,33781,Female,,Child Restraint System - Type Unknown,,Deployed - Combination,Not Ejected,None,Not Transported,Left,Second,,5,N
25195426,2022,1,3,,,33781,Female,,Shoulder and Lap Belt Used,,Deployed - Combination,Not Ejected,Non-Incapacitating,EMS,Right,Front,,11,N
25195426,2022,1,4,,,33781,Male,,Shoulder and Lap Belt Used,,Deployed - Combination,Not Ejected,None,Not Transported,Right,Second,,7,N
25204261,2022,3,8,,,33033,Female,,Shoulder and Lap Belt Used,,Not Applicable,Not Ejected,None,Not Transported,Other,Other Row,Not Applicable,11,N
25204261,2022,1,5,,,33147,Female,,Shoulder and Lap Belt Used,,Not Deployed,Not Ejected,None,Not Transported,Middle,Second,,5,N
25204261,2022,3,6,,,UK,Unknown,,Shoulder and Lap Belt Used,,Not Applicable,Not Ejected,None,Not Transported,Other,Other Row,Not Applicable,15,N
25204261,2022,3,7,,,33033,Female,,Shoulder and Lap Belt Used,,Not Applicable,Not Ejected,None,Not Transported,Other,Other Row,Not Applicable,13,N
25204261,2022,3,9,,,33030,Male,,Shoulder and Lap Belt Used,,Not Applicable,Not Ejected,None,Not Transported,Other,Other Row,Not Applicable,13,N
25515529,2022,1,2,,,33125,Male,,Shoulder and Lap Belt Used,,Not Deployed,Not Ejected,None,Not Transported,Right,Second,,11,N
25228691,2022,1,3,,,33172,Female,,Shoulder and Lap Belt Used,,,Not Ejected,None,Not Transported,Right,Front,,68,N
25260401,2022,1,3,,,32780,Male,No Helmet,Shoulder and Lap Belt Used,,Not Deployed,Not Ejected,None,Not Transported,Left,Second,Not Applicable,6,N
25267253,2022,1,2,,,32073,Male,,Shoulder and Lap Belt Used,,Not Deployed,Not Ejected,None,Not Transported,Right,Front,Not Applicable,27,N
25272267,2022,1,2,,,33411,Male,,Shoulder and Lap Belt Used,,Not Deployed,Not Ejected,None,Not Transported,Right,Front,,21,N
25278152,2022,1,2,,,33143,Female,,Not Applicable (non-motorist),,Not Applicable,Not Ejected,None,Not Transported,Right,Front,,25,N
25290775,2022,1,3,,,78739,Male,No Helmet,Shoulder and Lap Belt Used,,Not Deployed,Not Ejected,None,Not Transported,Right,Front,Not Applicable,67,N
25290775,2022,1,4,,,78739,Female,No Helmet,Shoulder and Lap Belt Used,,Not Deployed,Not Ejected,None,Not Transported,Left,Second,Not Applicable,60,N
25290775,2022,1,5,,,78739,Male,No Helmet,Child Restraint System - Forward Facing,,Not Deployed,Not Ejected,None,Not Transported,Right,Second,Not Applicable,1,N
25290775,2022,1,6,,,78739,Female,No Helmet,Shoulder and Lap Belt Used,N,Not Deployed,Not Ejected,None,Not Transported,Left,Third,Not Applicable,35,N
25290775,2022,1,7,,,78739,Female,No Helmet,Shoulder and Lap Belt Used,,Not Deployed,Not Ejected,None,Not Transported,Right,Third,Not Applicable,4,N
25325119,2022,1,2,,,32225-6232,Female,,Child Restraint System - Forward Facing,,Not Deployed,Not Ejected,None,Not Transported,Left,Second,Not Applicable,3,N
25325119,2022,1,3,,,32225-6232,Female,,Shoulder and Lap Belt Used,,Not Deployed,Not Ejected,None,Not Transported,Right,Second,Not Applicable,5,N
25376259,2022,1,2,,,46052,Female,,Shoulder and Lap Belt Used,,Not Deployed,Not Ejected,None,Not Transported,Right,Front,Not Applicable,63,N
25490998,2022,2,3,,,33884,Male,,Shoulder and Lap Belt Used,,,Not Ejected,None,Not Transported,Right,Second,Unenclosed Cargo Area,17,N
25492454,2022,1,3,,,33764,Male,No Helmet,Shoulder and Lap Belt Used,,Not Deployed,Not Ejected,None,Not Transported,Right,Front,Not Applicable,52,N
25500150,2022,1,2,,,32724,Male,,Shoulder and Lap Belt Used,,Not Deployed,Not Ejected,None,Not Transported,Right,Front,Not Applicable,45,N
