REPORT_NUMBER,CRASH_YEAR,VEHICLE_NUMBER,OWNER_CITY,OWNER_STATE,OWNER_ZIP_CODE,COMMERCIAL_VEHICLE_FLAG,MOTION_CODE,STATE_OF_REGISTRATION,PERMANENT_REGISTRATION_FLAG,HIT_AND_RUN_FLAG,VEHICLE_YEAR,VEHICLE_MAKE,VEHICLE_MODEL,VEHICLE_STYLE,VEHICLE_COLOR,DISABLING_FUNCTIONAL_DAMAGE,ESTIMATED_VEHICLE_DAMAGE,TOW_DAMAGE_CODE,HOW_TOW_REQUESTED,BUSINESS_OWNED_FLAG,VEHICLE_TRAVELING,ROAD_ON,ESTIMATED_MPH,POSTED_SPEED,TOTAL_NUMBER_OF_LANES,HAZARDOUS_MATERIAL_RELEASED,HAZMAT_PLACARD,HAZARDOUS_PLACARD_NUMBER,HAZMAT_CLASS,POINT_OF_IMPACT,MOST_DAMAGED_AREA_CODE,TYPE_OF_VEHICLE,TRAFFICWAY_CODE,COMMERCIAL_VEHICLE_CONFIGURATION_CODE,COMMERCIAL_USE_CODE,CARRIER_CARGO_BODY_TYPE,COMMERCIAL_VEHICLE_WEIGHT_CODE,MOST_HARMFUL_EVENT_CODE,HARMFUL_EVENT_1,HARMFUL_EVENT_2,HARMFUL_EVENT_3,HARMFUL_EVENT_4,EMERGENCY_VEHICLE_USE_CODE,ROADWAY_GRADE_CODE,ROADWAY_ALIGNMENT_CODE,VEHICLE_MANEUVER_ACTION,TRAFFIC_CONTROL_DEVICE,VEHICLE_SPECIAL_FUNCTION,VEHICLE_DEFECT1,VEHICLE_DEFECT2,S4_IS_COMMERCIAL_MOTOR_VEHICLE
25141341,2022,1,,,33432,N,Vehicle in Transport,FL,N,N,2011,TOYT,,TK,GRA,None,0,N,Driver,N,West,NE 10TH ST,2,15,2,,,,,,,Pickup,"Two-Way, Not Divided",,,,,Motor Vehicle in Transport,Motor Vehicle in Transport,,,,N,Level,Straight,Straight Ahead,No Controls,No Special Function,None,,
25142701,2022,1,,,33441,N,Vehicle in Transport,FL,N,N,2019,NISS,,4D,BLK,Minor,3000,N,,N,North,N FEDERAL HWY,40,45,2,,,,,Front Right Bumper,Front Right Bumper,Passenger Car,"Two-Way, Divided, Positive Median Barrier",,,,,Motor Vehicle in Transport,Motor Vehicle in Transport,,,,N,Level,Straight,Straight Ahead,Traffic Control Signal,No Special Function,None,,
25154792,2022,1,,,,N,Vehicle in Transport,,N,Y,,,,,BRO,Unknown,0,N,,N,North,FISKE BLVD,0,,0,,,,,Front Right Bumper,Front Right Bumper,Passenger Car,"Two-Way, Divided, Unprotected (painted >4 feet) Median",,,,,Motor Vehicle in Transport,Motor Vehicle in Transport,,,,N,Level,Straight,Unknown,No Controls,No Special Function,Unknown,,
25521152,2022,1,,,33149,N,Vehicle in Transport,FL,,N,2012,AUDI,,UT,BLK,None,0,N,Driver,N,South,BRICKELL BAY DR/ SE 8TH ST,10,30,2,,,,,Front Left Bumper,Front Left Bumper,Passenger Car,"Two-Way, Not Divided",,,,,Motor Vehicle in Transport,Motor Vehicle in Transport,,,,N,Level,Straight,Straight Ahead,Traffic Control Signal,No Special Function,None,,
25180708,2022,1,,,33436,N,Vehicle in Transport,FL,,N,2021,TOYT,,4D,WHI,Minor,200,N,Driver,N,North,ON MEADOWS WAY,5,25,2,,,,,Front Right Bumper,Front Right Bumper,Passenger Car,"Two-Way, Not Divided",,,,,Pedalcycle,Pedalcycle,,,,N,Level,Straight,Turning Right,Stop Sign,No Special Function,None,,
25181964,2022,1,,,33463,N,Vehicle in Transport,FL,,N,2015,FORD,,4D,BLK,Minor,300,N,Driver,N,East,HYPOLUXO ROAD,5,45,6,,,,,Hood,Hood,Passenger Car,"Two-Way, Divided, Positive Median Barrier",,,,,Pedestrian,Pedestrian,,,,N,Level,Straight,Entering Traffic Lane,No Controls,No Special Function,None,,
25193930,2022,1,,,33782,N,Vehicle in Transport,FL,,N,2007,TOYT,,4D,GRY,Minor,500,N,Driver,N,East,9200 49TH STREET N,5,15,1,,,,,Right Front Door,Right Front Door,Passenger Car,One-Way Trafficway,,,,,Pedalcycle,Pedalcycle,,,,N,Level,Straight,Turning Right,School Zone Sign/Device,No Special Function,None,,
25194312,2022,1,,,33782,N,Vehicle in Transport,FL,,N,1996,FORD,,SW,WHI,Minor,100,N,Driver,N,East,70TH AVE N,20,35,2,,,,,Front Center Bumper,Front Center Bumper,Passenger Car,"Two-Way, Not Divided",,,,,Motor Vehicle in Transport,Motor Vehicle in Transport,,,,N,Level,Straight,Straight Ahead,No Controls,No Special Function,None,,
25195426,2022,1,,,33781,N,Vehicle in Transport,FL,,N,2017,CHEV,,4D,WHI,Minor,2000,N,Driver,N,South,66TH ST N,20,45,6,,,,,Right Front Fender,Right Front Fender,(Sport) Utility Vehicle,"Two-Way, Divided, Positive Median Barrier",,,,,Pedalcycle,Pedalcycle,,,,N,Level,Straight,Turning Left,No Controls,No Special Function,None,,
25195557,2022,1,,,33782,N,Vehicle in Transport,FL,,N,2005,MERZ,,CV,BLK,Minor,500,N,Driver,N,North,GATEWAY CENTER DR,10,30,4,,,,,Right Front Fender,Right Front Fender,Passenger Car,"Two-Way, Not Divided",,,,,Pedalcycle,Pedalcycle,,,,N,Level,Straight,Turning Left,Stop Sign,No Special Function,None,,
25200205,2022,1,,,33170,,Vehicle in Transport,FL,,N,2016,NISS,,4D,BLK,Functional,700,N,Driver,N,North,117TH AVE,10,40,2,,,,,Left Front Fender,Front Left Bumper,Passenger Car,"Two-Way, Divided, Positive Median Barrier",,,,,Pedalcycle,Pedalcycle,,,,N,Level,Straight,Turning Left,Traffic Control Signal,No Special Function,None,,
25202228,2022,1,,,33166,,Vehicle in Transport,FL,,N,2014,CHEV,,PK,WHI,Functional,200,N,Driver,N,South,NW 18TH AVE,5,30,2,,,,,Front Center Bumper,Front Center Bumper,Pickup,"Two-Way, Not Divided",,,,,,Motor Vehicle in Transport,,,,N,Level,Straight,Straight Ahead,Stop Sign,No Special Function,None,,
25203799,2022,1,,,UK,,Vehicle in Transport,OT,,Y,,UK,,,GRY,,0,N,Driver,N,East,SW 47TH STREET,15,30,2,,,,,Front Center Bumper,Front Center Bumper,(Sport) Utility Vehicle,"Two-Way, Not Divided",,,,,Pedalcycle,Pedalcycle,,,,N,Level,Straight,Turning Right,Stop Sign,No Special Function,None,,
25204261,2022,1,,,33032,,Vehicle in Transport,FL,,N,2016,NISS,,4D,BLK,Disabling,5000,Y,Owner Request,N,South,SW 119TH PL,35,35,4,,,,,Front Center Bumper,Front Center Bumper,Passenger Car,"Two-Way, Not Divided",,,,,Motor Vehicle in Transport,Motor Vehicle in Transport,,,,N,Level,Straight,Turning Left,No Controls,No Special Function,None,,
25204261,2022,2,,,33147,,Vehicle in Transport,FL,,N,2007,FORD,,4D,BLK,Disabling,5000,Y,Owner Request,N,East,SW 268TH ST,35,35,4,,,,,Left Front Door,Front Center Bumper,Passenger Car,"Two-Way, Not Divided",,,,,Motor Vehicle in Transport,Motor Vehicle in Transport,Pedalcycle,Motor Vehicle in Transport,,N,Level,Straight,Straight Ahead,No Controls,No Special Function,None,,
25204261,2022,3,,,33197,,Vehicle in Transport,FL,,N,2000,INTL,TK,BU,UNK,Disabling,3000,Y,Owner Request,N,North,SW 119TH PL,0,35,4,,,,,Left Front Fender,Left Front Fender,Bus,"Two-Way, Not Divided",,,,,Motor Vehicle in Transport,Motor Vehicle in Transport,,,,N,Level,Straight,Straight Ahead,Stop Sign,School Bus,None,,Y
25206099,2022,2,,,33190,,Vehicle in Transport,FL,,N,2021,CHEV,,TK,BLK,None,0,N,Driver,N,North,OLD CUTLER RD,0,35,2,,,,,,,Pickup,"Two-Way, Not Divided",,,,,Motor Vehicle in Transport,Motor Vehicle in Transport,,,,N,Level,Straight,Stopped in Traffic,Traffic Control Signal,No Special Function,None,,
25213594,2022,1,,,95899,,Vehicle in Transport,FL,,N,2021,HOND,,4D,RED,Minor,300,N,Driver,N,West,SW 124TH STREET,15,30,2,,,,,Front Center Bumper,Front Center Bumper,Passenger Car,"Two-Way, Not Divided",,,,,Pedalcycle,Pedalcycle,,,,N,Level,Straight,Straight Ahead,Traffic Control Signal,No Special Function,None,,
25213850,2022,1,,,95865,,Vehicle in Transport,CA,,N,2021,INFI,,4D,RED,Functional,1000,N,Driver,N,Off-Road,7244 NW 36TH ST,,10,1,,,,,Front Right Bumper,Front Right Bumper,Passenger Car,"Two-Way, Not Divided",,,,,Motor Vehicle in Transport,Motor Vehicle in Transport,,,,N,Level,Straight,Turning Right,Stop Sign,No Special Function,None,,
25216094,2022,1,,,33190,,Vehicle in Transport,FL,,N,2009,HOND,,4D,BGE,Functional,250,N,Driver,N,South,SW 142ND AVE & SW 72ND ST,10,15,2,,,,,Front Right Bumper,Front Right Bumper,Passenger Car,"Two-Way, Divided, Positive Median Barrier",,,,,Motor Vehicle in Transport,Motor Vehicle in Transport,,,,N,Level,Straight,Turning Right,Traffic Control Signal,No Special Function,None,,
25218438,2022,1,,,,,Vehicle in Transport,OT,,Y,,UK,,,UNK,Unknown,0,,,N,North,18099 SOUTH DIXIE HIGHWAY,5,45,3,,,,,,,Unknown,"Two-Way, Not Divided",,,,,Motor Vehicle in Transport,Motor Vehicle in Transport,,,,N,Level,Straight,Turning Right,No Controls,No Special Function,None,,
25220634,2022,1,,,33175,,Vehicle in Transport,FL,,N,2004,HYUN,,4D,WHI,Minor,300,N,Driver,N,South,SW 127 AVE,,40,4,,,,,Front Left Bumper,Front Left Bumper,Passenger Car,"Two-Way, Not Divided",,,,,Pedalcycle,Pedalcycle,,,,N,Level,Straight,Straight Ahead,No Controls,No Special Function,None,,
25220991,2022,1,,,33183,,Vehicle in Transport,FL,,N,2014,TOYT,,4D,GRY,None,0,N,Driver,N,South,MILLS DR,5,15,4,,,,,Right Front Fender,Right Front Fender,Passenger Car,One-Way Trafficway,,,,,Pedalcycle,Pedalcycle,,,,N,Level,Straight,Turning Right,No Controls,No Special Function,None,,
25221819,2022,1,,,UNK,,Vehicle in Transport,OT,,Y,,UK,,,UNK,Unknown,0,N,Other,N,South,SW 93 AVE,5,30,2,,,,,Front Center Bumper,Front Center Bumper,Unknown,Unknown,,,,,Pedestrian,Pedestrian,,,,,Level,Straight,Straight Ahead,Traffic Control Signal,Unknown,Unknown,,
25222230,2022,1,,,33183,,Vehicle in Transport,FL,,N,2019,HOND,,4D,WHI,None,0,N,Driver,N,South,SW 132ND CT,10,30,2,,,,,Front Center Bumper,Front Center Bumper,Passenger Car,"Two-Way, Not Divided",,,,,Pedalcycle,Pedalcycle,,,,N,Level,Straight,Turning Left,No Controls,No Special Function,None,,
25223404,2022,1,,,33177,,Vehicle in Transport,FL,,N,2021,CHEV,,PK,GRY,Minor,250,N,Driver,N,South,SW 97TH AVE,25,35,2,,,,,Right Front Door,Right Front Door,Pickup,"Two-Way, Not Divided",,,,,Pedalcycle,Pedalcycle,,,,N,Level,Straight,Overtaking/Passing,No Controls,No Special Function,None,,
25228691,2022,1,,,44172,,Vehicle in Transport,FL,,N,2016,NISS,,4D,RED,Functional,1500,N,Driver,N,East,NW 46TH STREET,40,40,1,,,,,Front Left Bumper,Front Left Bumper,Passenger Car,"Two-Way, Divided, Positive Median Barrier",,,,,Motor Vehicle in Transport,Motor Vehicle in Transport,,,,N,Level,Straight,Straight Ahead,Traffic Control Signal,No Special Function,None,,
25232343,2022,1,,,33165,,Vehicle in Transport,FL,,N,2017,RAM,,TK,WHI,None,0,N,Driver,N,East,SW 24TH ST,25,30,4,,,,,Left Rear Door,Left Rear Door,Pickup,"Two-Way, Not Divided",,,,,Pedalcycle,Pedalcycle,,,,N,Level,Straight,Turning Left,No Controls,No Special Function,None,,
25247955,2022,1,,,32812,N,Vehicle in Transport,FL,,Y,,NISSA,,SU,WHI,Unknown,0,N,,N,,,,,,,,,,Front Center Bumper,Front Center Bumper,Unknown,"Two-Way, Not Divided",,,,,Pedalcycle,Pedalcycle,Motor Vehicle in Transport,,,,Level,Straight,Unknown,Traffic Control Signal,Unknown,Unknown,Unknown,
25248448,2022,1,,,32750,N,Vehicle in Transport,FL,,N,2016,FORD,,4D,BLK,Functional,4000,N,Driver,N,East,CRYSTAL CREEK DR,15,25,3,,,,,Right Front Fender,Right Front Fender,Passenger Car,"Two-Way, Divided, Positive Median Barrier",,,,,Motor Vehicle in Transport,Motor Vehicle in Transport,,,,N,Level,Straight,Turning Right,Stop Sign,No Special Function,None,,
25253444,2022,1,,,31015,N,Vehicle in Transport,GA,N,Y,2010,HOND,,,BLAC,Unknown,0,N,,N,South,S 23RD ST,30,25,2,,,,,Right Front Fender,Right Front Fender,Passenger Car,"Two-Way, Not Divided",,,,,Motor Vehicle in Transport,Motor Vehicle in Transport,,,,N,Level,Straight,Turning Left,No Controls,No Special Function,Unknown,,
25254447,2022,1,,,34952,N,Vehicle in Transport,FL,N,N,2016,FORD,,VN,WHI,Minor,500,N,,N,West,EDWARDS RD,15,35,2,,,,,Front Center Bumper,Front Center Bumper,Passenger Van,"Two-Way, Not Divided",,,,,Pedalcycle,Pedalcycle,,,,N,Level,Straight,Turning Left,Traffic Control Signal,No Special Function,None,,
25255462,2022,1,,,,N,,,,Y,,UK,,4D,RED,Unknown,0,N,,N,South,NW 5TH AVENUE,30,30,2,,,,,Front Left Bumper,Left Front Fender,Passenger Car,"Two-Way, Not Divided",,,,,Pedalcycle,Pedalcycle,,,,,Level,Straight,Straight Ahead,No Controls,Unknown,Unknown,Unknown,
25257571,2022,1,,,112253217,N,Vehicle in Transport,FL,,N,2022,NISS,,4D,BLK,Minor,20,N,Other,N,South,NW 27TH AVENUE,2,15,2,,,,,Front Left Bumper,Front Left Bumper,Passenger Car,"Two-Way, Not Divided",,,,,Motor Vehicle in Transport,Motor Vehicle in Transport,,,,N,Level,Straight,Straight Ahead,No Controls,No Special Function,None,,
25260401,2022,1,,,32780,,Vehicle in Transport,FL,,N,2000,TOYT,,4D,GLD,Minor,500,N,Driver,N,North,PARKING LOT OF 1055 CHENEY HWY,,,2,,,,,Front Center Bumper,Front Center Bumper,Passenger Car,"Two-Way, Not Divided",,,,,Pedalcycle,Pedalcycle,,,,N,Level,Straight,Turning Left,Stop Sign,No Special Function,None,,
25266384,2022,1,,,00000,N,Vehicle in Transport,MA,,Y,2018,TOYOT,,UNKNOWN,UNKNOWN,Unknown,0,N,,N,West,VENUS AVE,10,30,2,,,,,Front Center Bumper,Front Center Bumper,Unknown,"Two-Way, Divided, Positive Median Barrier",,,,,Motor Vehicle in Transport,Motor Vehicle in Transport,,,,N,Level,Straight,Unknown,Stop Sign,Unknown,Unknown,Unknown,
25267253,2022,1,,,33410,N,Vehicle in Transport,FL,,N,2014,FORD,,4D,GRY,Minor,500,N,Driver,N,East,NORTHLAKE BOULEVARD,5,40,6,,,,,Front Right Bumper,Front Right Bumper,Passenger Car,"Two-Way, Divided, Positive Median Barrier",,,,,Motor Vehicle in Transport,Motor Vehicle in Transport,,,,N,Level,Straight,Turning Right,Other,No Special Function,None,,
25269452,2022,1,,,33415,N,Vehicle in Transport,FL,,N,2019,NISS,,UT,BLU,Minor,300,N,Driver,N,North,SHERWOOD FOREST BLVD,10,40,3,,,,,Front Left Bumper,Front Left Bumper,(Sport) Utility Vehicle,"Two-Way, Divided, Unprotected (painted >4 feet) Median",,,,,Motor Vehicle in Transport,Motor Vehicle in Transport,,,,N,Level,Straight,Turning Left,Traffic Control Signal,No Special Function,None,,
25272267,2022,1,,,33411,N,Vehicle in Transport,FL,,N,2014,FORD,,4D,RED,Minor,800,N,Driver,N,North,PARKING LOT ACCESS ROAD,10,15,2,,,,,Right Front Door,Right Front Door,Passenger Car,"Two-Way, Not Divided",,,,,Motor Vehicle in Transport,Motor Vehicle in Transport,,,,N,Level,Straight,Turning Right,Stop Sign,No Special Function,None,,
25272973,2022,1,,,33461,N,Vehicle in Transport,FL,,N,2012,CHRY,,4D,WHI,Minor,1000,N,Driver,N,North,PARKING LOT,10,10,2,,,,,Right Rear Door,Right Rear Door,Passenger Car,"Two-Way, Not Divided",,,,,Pedalcycle,Pedalcycle,,,,N,Level,Straight,Turning Left,No Controls,No Special Function,None,,
25274636,2022,1,,,,,,,,Y,,UK,UNKNOWN,UNKNOWN,UNKNOWN,Unknown,0,N,,N,,,,,,,,,,Right Rear Fender,Right Rear Fender,Bus,"Two-Way, Divided, Positive Median Barrier",,,,Not Applicable,Motor Vehicle in Transport,Motor Vehicle in Transport,,,,N,Level,Straight,Straight Ahead,No Controls,Transit/Commuter Bus,None,,Y
25275750,2022,1,,,33126,N,Vehicle in Transport,FL,,N,2020,LEXS,,4D,WHI,Minor,1000,N,Driver,N,West,NW 2 ST,,15,2,,,,,Right Rear Door,Right Rear Door,Passenger Car,"Two-Way, Divided, Positive Median Barrier",,,,,Motor Vehicle in Transport,Motor Vehicle in Transport,,,,N,Level,Curve Left,Negotiating a Curve,Yield Sign,No Special Function,None,,
25277168,2022,1,,,33126,N,Vehicle in Transport,FL,,Y,2004,DODG,,TK,BLK,None,0,N,Driver,N,South,NW 57TH AVENUE,5,35,2,,,,,Front Center Bumper,Front Center Bumper,Other,"Two-Way, Not Divided",,,,,Motor Vehicle in Transport,Motor Vehicle in Transport,,,,N,Level,Straight,Other,Other,No Special Function,None,,
25277729,2022,1,,,,N,Vehicle in Transport,,,Y,,UK,,UNKNOWN,,Minor,0,N,,N,,,,,,,,,,,,Passenger Car,"Two-Way, Not Divided",,,,,Motor Vehicle in Transport,Motor Vehicle in Transport,,,,N,Level,Straight,Straight Ahead,No Controls,No Special Function,None,,
25278082,2022,1,,,32129,N,Vehicle in Transport,FL,,N,2008,FORD,,2D,MAR,Functional,600,N,Rotation,N,West,NW 29 ST,20,30,2,,,,,Front Center Bumper,Left Rear Fender,Passenger Car,"Two-Way, Not Divided",,,,,Motor Vehicle in Transport,Motor Vehicle in Transport,,,,N,Level,Straight,Straight Ahead,No Controls,No Special Function,None,,
25278152,2022,1,,,30082,N,Vehicle in Transport,GA,,N,2003,HONDA,,4D,BLK,Minor,500,N,Driver,N,West,DRIVEWAY,,10,2,,,,,Front Left Bumper,Front Left Bumper,Passenger Car,"Two-Way, Not Divided",,,,,Motor Vehicle in Transport,Motor Vehicle in Transport,,,,N,Level,Straight,Straight Ahead,No Controls,No Special Function,None,,
25281271,2022,1,,,,N,,,,Y,,UK,,SU,BLK,Unknown,0,N,,N,,,,,,,,,,,,Unknown,"Two-Way, Not Divided",,,,,,,,,,,Level,Straight,Unknown,,Unknown,Unknown,Unknown,
25282963,2022,1,,,33134,N,Vehicle in Transport,FL,,N,2019,MERZ,,4D,BLK,Minor,1000,N,Driver,N,West,SW 26 ST,30,30,4,,,,,Right Front Fender,Right Front Fender,Passenger Car,"Two-Way, Not Divided",,,,,Motor Vehicle in Transport,Motor Vehicle in Transport,,,,N,Level,Straight,Straight Ahead,No Controls,No Special Function,None,,
25283548,2022,1,,,33141,N,Vehicle in Transport,FL,,N,2021,CHEVY,,PK,RED,None,1,N,Driver,N,East,SIDEWALK,2,30,2,,,,,Right Front Fender,Right Front Fender,Pickup,"Two-Way, Not Divided",,,,,Motor Vehicle in Transport,Motor Vehicle in Transport,,,,N,Level,Straight,Entering Traffic Lane,Stop Sign,No Special Function,None,,
25284667,2022,1,,,34608,N,Vehicle in Transport,FL,,N,2004,MAZD,,UT,GRN,Minor,200,N,Driver,N,Off-Road,2270 SW 27TH AVE,,,2,,,,,Front Right Bumper,Front Right Bumper,Passenger Car,"Two-Way, Divided, Unprotected (painted >4 feet) Median",,,,,Motor Vehicle in Transport,Motor Vehicle in Transport,,,,N,Level,Straight,Turning Right,No Controls,No Special Function,None,,
25288069,2022,1,,,,N,Vehicle in Transport,,N,Y,,,,,,Unknown,0,N,,N,,COLLINS AVE,0,,0,,,,,Front Center Bumper,Front Center Bumper,Passenger Car,"Two-Way, Divided, Positive Median Barrier",,,,,Pedestrian,Pedestrian,,,,N,Level,Straight,Straight Ahead,Stop Sign,No Special Function,None,,
25288218,2022,1,,,,N,Vehicle in Transport,,N,Y,,,,,,Functional,200,N,,N,North,SR A1A,20,35,7,,,,,Front Center Bumper,Windshield,Passenger Car,"Two-Way, Not Divided",,,,,Other Non-Fixed Object,Other Non-Fixed Object,,,,N,Level,Straight,Straight Ahead,No Controls,No Special Function,Unknown,,
25289719,2022,1,,,33154,N,Vehicle in Transport,FL,Y,N,2005,TOYT,,SPUV,MAR,Functional,2000,N,,N,North,LAYNE BLVD,1,25,3,,,,,Front Right Bumper,,(Sport) Utility Vehicle,"Two-Way, Divided, Positive Median Barrier",,,,,Motor Vehicle in Transport,Motor Vehicle in Transport,,,,N,Level,Straight,Stopped in Traffic,Traffic Control Signal,No Special Function,None,,
25289805,2022,1,,,290723904,N,Vehicle in Transport,FL,Y,N,2011,CHEV,,VAN,WHI,Minor,100,N,Driver,N,South,S OCEAN DR,5,35,3,,,,,Left Front Door,Left Front Door,"Cargo Van (10,000 lbs (4,536 kg) or less)","Two-Way, Divided, Positive Median Barrier",,,,,,Pedalcycle,,,,N,Level,Straight,Turning Right,No Controls,No Special Function,None,,N
25290775,2022,1,,,19008,,Vehicle in Transport,PA,,N,2021,CHRY,,VN,RED,Functional,500,N,Driver,N,North,GRAND NATIONAL DR,15,35,3,,,,,Right Front Door,Right Front Door,Passenger Van,"Two-Way, Not Divided",,,,,,Motor Vehicle in Transport,,,,N,Level,Straight,Turning Right,No Controls,No Special Function,None,,
25299108,2022,1,,,32832,,Vehicle in Transport,FL,,N,2018,TOYT,,4D,GRY,Minor,1000,N,Driver,N,West,TAVISTOCK LAKE BLVD,15,25,1,,,,,Front Left Bumper,Front Left Bumper,Passenger Car,"Two-Way, Not Divided",,,,,Pedestrian,Pedestrian,,,,N,Level,Straight,Straight Ahead,No Controls,No Special Function,None,,
25306774,2022,1,,,33904,N,Vehicle in Transport,FL,N,N,2012,MITS,,4DR,SIL,Minor,500,N,Driver,N,West,SW 27TH AVE,30,30,2,,,,,Front Center Bumper,Front Center Bumper,Passenger Car,"Two-Way, Not Divided",,,,,Pedalcycle,Pedalcycle,,,,N,Level,Straight,Turning Left,No Controls,No Special Function,None,,
25308577,2022,1,,,32174,N,Parked Motor Vehicle,FL,,N,2020,CHEV,,4D,BLK,Minor,500,N,Other,N,East,ORANGE AVE,0,,3,,,,,Rear Left Bumper,Rear Left Bumper,Passenger Car,"Two-Way, Not Divided",,,,,Parked Motor Vehicle,Parked Motor Vehicle,,,,N,Level,Straight,Parked,No Controls,No Special Function,None,,
25322178,2022,1,,,32218-3953,N,Vehicle in Transport,FL,N,N,2007,DODG,,PK,GLD,Functional,10000,N,Driver,N,East,1600 EDGEWOOD AVE W,35,40,5,,,,,Front Center Bumper,Front Center Bumper,Pickup,"Two-Way, Not Divided",,,,,Other Non-Fixed Object,Other Non-Fixed Object,,,,N,Level,Straight,Straight Ahead,No Controls,No Special Function,None,,
25325119,2022,1,,,32225-6232,N,Vehicle in Transport,FL,N,N,2017,CHRY,,VN,SIL,Minor,500,N,Driver,N,East,ABESS BLVD,20,35,2,,,,,Front Right Bumper,Front Right Bumper,Passenger Van,"Two-Way, Not Divided",,,,,Pedalcycle,Pedalcycle,,,,N,Level,Straight,Straight Ahead,No Controls,No Special Function,None,,
25329987,2022,1,,,32219-4373,N,Vehicle in Transport,FL,N,N,2015,KIA,,4D,BRO,Disabling,6000,N,Driver,N,West,SR 104,50,55,2,,,,,Front Left Bumper,Front Left Bumper,Passenger Car,"Two-Way, Not Divided",,,,,Motor Vehicle in Transport,Motor Vehicle in Transport,,,,N,Level,Straight,Straight Ahead,No Controls,No Special Function,None,,
25329987,2022,2,,,32216-0000,N,Vehicle in Transport,FL,N,N,2006,KAW,,MC,GRN,Disabling,3000,N,Owner Request,N,West,SR 104,,55,2,,,,,Left Front Door,Left Front Door,Motorcycle,"Two-Way, Not Divided",,,,,Motor Vehicle in Transport,Motor Vehicle in Transport,,,,N,Level,Straight,Other,No Controls,No Special Function,None,,
25336909,2022,1,,,32210,N,Vehicle in Transport,UK,Y,N,2022,TURBO,,MY,BLK,Minor,100,N,Other,N,East,WILSON BLVD,5,35,4,,,,,Front Center Bumper,Front Center Bumper,Other,"Two-Way, Not Divided, with a Continuous Left Turn Lane",,,,,Motor Vehicle in Transport,Motor Vehicle in Transport,,,,N,Level,Straight,Straight Ahead,No Controls,No Special Function,None,,
25338145,2022,1,,,32043,N,Vehicle in Transport,FL,N,N,2011,HOND,,4D,BLU,None,0,N,,N,South,S OAKRIDGE AV,5,25,2,,,,,Front Right Bumper,Front Center Bumper,(Sport) Utility Vehicle,"Two-Way, Divided, Unprotected (painted >4 feet) Median",,,,,Pedestrian,Pedestrian,,,,N,Level,Straight,Straight Ahead,No Controls,No Special Function,None,,
25339193,2022,1,,,33317,N,Vehicle in Transport,FL,,N,2018,MERZ,,UT,BLU,Minor,500,N,Driver,N,North,SW 63RD AVE,5,25,2,,,,,Hood,Hood,(Sport) Utility Vehicle,"Two-Way, Not Divided",,,,,Pedestrian,Pedestrian,,,,N,Level,Straight,Straight Ahead,Stop Sign,No Special Function,None,,
25339641,2022,1,,,33323,N,Vehicle in Transport,FL,,N,2015,AUDI,,4D,BLU/BLU,Minor,200,N,Driver,N,South,N HIATUS RD,25,45,6,,,,,Front Center Bumper,Front Center Bumper,(Sport) Utility Vehicle,"Two-Way, Divided, Positive Median Barrier",,,,,Pedalcycle,Pedalcycle,,,,N,Level,Straight,Turning Left,Traffic Control Signal,No Special Function,None,,
25342496,2022,1,,,,N,Vehicle in Transport,,,Y,,,,,,Functional,1,N,Driver,N,South,3291 W SUNRISE BLVD,,10,2,,,,,Front Center Bumper,,(Sport) Utility Vehicle,"Two-Way, Not Divided",,,,,,Pedalcycle,,,,N,Level,Straight,Straight Ahead,Stop Sign,No Special Function,None,,
25345402,2022,1,,,34953,N,Vehicle in Transport,FL,N,N,2012,BMW,,SE,BLK,Minor,200,N,,N,West,SW MILLARD DR,15,25,2,,,,,Right Front Fender,Right Front Fender,Passenger Car,"Two-Way, Not Divided",,,,,Motor Vehicle in Transport,Motor Vehicle in Transport,,,,N,Level,Straight,Straight Ahead,No Controls,No Special Function,None,,
25354844,2022,1,,,32765,N,Vehicle in Transport,FL,,N,2008,NISS,,UT,GRY,None,0,N,Driver,N,North,DREKKAR CT,5,15,2,,,,,Left Front Fender,Left Front Fender,(Sport) Utility Vehicle,"Two-Way, Not Divided",,,,,Motor Vehicle in Transport,Motor Vehicle in Transport,,,,N,Level,Straight,Straight Ahead,No Controls,No Special Function,None,,
25356142,2022,1,,,32940,N,Vehicle in Transport,FL,,N,2018,TOYT,,UT,WHI,Minor,1000,N,Driver,N,West,WICKHAM ROAD,10,35,2,,,,,Front Right Bumper,Front Right Bumper,Passenger Car,"Two-Way, Not Divided",,,,,Motor Vehicle in Transport,Motor Vehicle in Transport,,,,N,Level,Curve Right,Entering Traffic Lane,Stop Sign,No Special Function,None,,
25376259,2022,1,,,46052,N,Vehicle in Transport,IN,N,N,2015,JEEP,,JP,WHI,None,0,N,,N,West,SUNCREST RD,5,25,2,,,,,,,Passenger Car,"Two-Way, Not Divided",,,,,Pedalcycle,Pedalcycle,,,,N,Level,Straight,Turning Right,Stop Sign,No Special Function,None,,
25392830,2022,1,,,33010,N,Vehicle in Transport,FL,N,N,2021,CHEV,,UT,COM,Minor,100,N,Driver,N,North,2495 NW 87TH AVE,3,10,2,,,,,Undercarriage,Undercarriage,(Sport) Utility Vehicle,"Two-Way, Not Divided",,,,,Pedestrian,Motor Vehicle in Transport,Pedestrian,,,N,Level,Straight,Turning Right,Stop Sign,No Special Function,None,,
25393387,2022,1,,,33178,N,Vehicle in Transport,FL,N,N,2010,LEXS,,UT,GRY,Functional,50,N,Owner Request,N,North,NW 107TH AVE,15,40,6,,,,,Front Right Bumper,Front Right Bumper,(Sport) Utility Vehicle,"Two-Way, Divided, Positive Median Barrier",,,,,Pedestrian,Pedestrian,,,,N,Level,Straight,Turning Left,Traffic Control Signal,No Special Function,None,,
25398589,2022,1,,,33860,N,Vehicle in Transport,FL,,N,2021,HOND,,UT,SIL,Minor,500,N,Driver,N,West,EASTON DR,10,30,1,,,,,Front Right Bumper,Front Center Bumper,(Sport) Utility Vehicle,"Two-Way, Not Divided",,,,,Motor Vehicle in Transport,Motor Vehicle in Transport,,,,N,Level,Straight,Straight Ahead,No Controls,No Special Function,None,,
25405285,2022,1,,,33813,,Vehicle in Transport,OT,,Y,,UK,,,,Minor,500,N,Driver,N,South,REYNOLDS RD,,40,2,,,,,Front Right Bumper,Front Right Bumper,Unknown,"Two-Way, Not Divided",,,,,Motor Vehicle in Transport,Motor Vehicle in Transport,Ditch,,,N,Level,Straight,Straight Ahead,No Controls,No Special Function,Unknown,,
25405834,2022,1,,,UK,,Vehicle in Transport,OT,,Y,,TOYT,,SW,PLE,Functional,1500,N,Driver,N,North,GREY HERON BLVD,,,4,,,,,Right Front Door,Right Front Door,(Sport) Utility Vehicle,"Two-Way, Divided, Positive Median Barrier",,,,,Pedestrian,Pedestrian,,,,N,Level,Straight,Turning Left,No Controls,No Special Function,None,,
25425199,2022,1,,,33973,N,Vehicle in Transport,FL,,N,2014,DODGE,,PK,WHI,Minor,1500,N,Driver,N,West,LOREDO AVE,35,35,2,,,,,Right Front Door,Right Front Door,Pickup,"Two-Way, Not Divided",,,,,Pedestrian,Motor Vehicle in Transport,Pedestrian,,,N,Level,Straight,Straight Ahead,No Controls,No Special Function,None,,
25429982,2022,1,,,33702,N,Vehicle in Transport,FL,,N,2014,TOYT,,5D,SIL,Minor,0,N,Driver,N,West,DRIVEWAY,,10,1,,,,,Rear Left Bumper,Rear Left Bumper,Passenger Car,"Two-Way, Not Divided",,,,,Pedalcycle,Pedalcycle,,,,N,Level,Straight,Backing,No Controls,No Special Function,None,,
25432931,2022,1,,,33756,N,Vehicle in Transport,FL,,Y,2023,CHEV,,SW,WHI,None,0,N,Driver,N,West,PARKING LOT 525 S BELCHER RD,0,10,2,,,,,Front Left Bumper,,(Sport) Utility Vehicle,One-Way Trafficway,,,,,Motor Vehicle in Transport,Motor Vehicle in Transport,,,,N,Level,Curve Right,Stopped in Traffic,Stop Sign,No Special Function,None,,
25443131,2022,1,,,33498,N,Vehicle in Transport,FL,N,N,2010,TOYT,,4D,SIL,None,0,N,Driver,N,South,S AUSTRALIAN AVE,10,35,6,,,,,Front Center Bumper,,Passenger Car,"Two-Way, Divided, Unprotected (painted >4 feet) Median",,,,,Pedalcycle,Pedalcycle,,,,N,Downhill,Straight,Turning Left,No Controls,No Special Function,None,,
25444200,2022,1,,,33463,N,Vehicle in Transport,FL,N,N,2020,JEEP,,SUV,WHI,Minor,2000,N,,N,West,NORTHLAKE BLVD,20,55,4,,,,,Right Front Door,,Passenger Car,"Two-Way, Divided, Positive Median Barrier",,,,,Pedalcycle,Pedalcycle,,,,N,Level,Straight,Turning Left,No Controls,No Special Function,None,,
25444411,2022,1,,,33409,N,Vehicle in Transport,FL,N,N,2020,CHEV,,4D,BLK,Minor,100,N,,N,South,S DIXIE HWY,5,30,2,,,,,Left Front Fender,Left Front Fender,(Sport) Utility Vehicle,One-Way Trafficway,,,,,Motor Vehicle in Transport,Motor Vehicle in Transport,,,,N,Level,Straight,Turning Left,No Controls,No Special Function,None,,
25449071,2022,1,,,33570,N,Vehicle in Transport,FL,,N,2008,DODG,3500,TK,WHI,Minor,500,N,Driver,N,South,AGATE ST,15,25,2,,,,,Left Front Door,Left Front Door,"Medium/Heavy Trucks (more than 10,000 lbs (4,536 kg))","Two-Way, Not Divided",,,,Not Applicable,Motor Vehicle in Transport,Motor Vehicle in Transport,,,,N,Level,Straight,Turning Left,No Controls,No Special Function,None,,Y
25453110,2022,1,,,33125,N,Vehicle in Transport,FL,,N,2015,NISS,,UT,GRY,Minor,300,N,Driver,N,North,BISCAYNE BLVD,25,35,3,,,,,Front Center Bumper,Front Center Bumper,Passenger Car,"Two-Way, Divided, Positive Median Barrier",,,,,Motor Vehicle in Transport,Motor Vehicle in Transport,,,,N,Level,Straight,Turning Left,No Controls,No Special Function,None,,
25462695,2022,1,,,,N,Vehicle in Transport,,N,Y,,,,,,,1,N,,N,West,NE 1ST ST,1,25,2,,,,,,,Passenger Car,"Two-Way, Not Divided",,,,,Pedestrian,Pedestrian,,,,N,Level,Straight,Unknown,Unknown,Unknown,Unknown,Unknown,
25463878,2022,1,,,33311,N,Vehicle in Transport,FL,N,N,2012,TOYT,,4D,SIL,Minor,500,N,,N,South,S FEDERAL HWY,3,35,5,,,,,Right Front Door,Right Front Door,Passenger Car,"Two-Way, Not Divided, with a Continuous Left Turn Lane",,,,,Pedalcycle,Pedalcycle,Motor Vehicle in Transport,,,N,Level,Straight,Turning Right,Traffic Control Signal,No Special Function,None,,
25464484,2022,1,,,81611,N,Vehicle in Transport,CO,N,N,2022,BMW,,SPUV,BLK,Minor,200,N,Driver,N,North,HIBISCUS AV,10,25,3,,,,,Front Center Bumper,Front Center Bumper,(Sport) Utility Vehicle,"Two-Way, Not Divided",,,,,Pedestrian,Pedestrian,,,,N,Level,Straight,Turning Left,Traffic Control Signal,No Special Function,None,,
25467844,2022,1,,,33065,N,Vehicle in Transport,FL,N,N,2018,VOLK,,4D,RED,Minor,500,N,,N,South,7200 W MCNAB RD,15,15,1,,,,,Right Front Fender,Front Right Bumper,Passenger Car,"Two-Way, Not Divided",,,,,,Pedestrian,,,,N,Level,Straight,Straight Ahead,No Controls,No Special Function,None,,
25490998,2022,2,,,33880,,Vehicle in Transport,FL,,N,2012,BMW,,4D,SIL,Minor,100,N,Driver,N,South,Southeast Plaza Roadway,15,25,2,,,,,Overturn,Front Center Bumper,(Sport) Utility Vehicle,"Two-Way, Divided, Positive Median Barrier",,,,,Motor Vehicle in Transport,Motor Vehicle in Transport,Pedalcycle,,,N,Level,Straight,Turning Left,No Controls,No Special Function,None,,
25492408,2022,1,,,,N,Vehicle in Transport,,,Y,,,,,,Unknown,0,N,,N,West,PARKING LOT,,10,2,,,,,,,Passenger Car,"Two-Way, Not Divided",,,,,Motor Vehicle in Transport,Motor Vehicle in Transport,,,,,Level,Straight,Straight Ahead,No Controls,Unknown,Unknown,,
25492454,2022,1,,,33764,N,Vehicle in Transport,FL,N,N,1999,TOYT,,4D,BRO,Minor,200,N,Rotation,N,West,EAST BAY DR,10,45,6,,,,,Right Front Door,Right Front Door,Passenger Car,"Two-Way, Not Divided",,,,,,Parked Motor Vehicle,,,,N,Level,Straight,Turning Right,Other,No Special Function,None,,
25492495,2022,1,,,33778,N,Vehicle in Transport,FL,N,N,2012,CHEV,,4D,SIL,Minor,500,N,,N,Off-Road,S BELCHER RD,1,,1,,,,,Front Center Bumper,,Passenger Car,"Two-Way, Not Divided",,,,,Pedestrian,Pedestrian,,,,N,Level,Straight,Entering Traffic Lane,No Controls,No Special Function,None,,
25492604,2022,1,,,33760,N,Vehicle in Transport,FL,N,N,2003,DODG,,TRK,SIL,Functional,2000,N,,N,South,2991 ROOSEVELT BLVD,15,25,2,,,,,Left Front Fender,Left Front Fender,Pickup,"Two-Way, Divided, Positive Median Barrier",,,,,Pedalcycle,Pedalcycle,,,,N,Level,Straight,Turning Left,No Controls,No Special Function,None,,
25497896,2022,1,,,34472,N,Vehicle in Transport,FL,N,N,2004,FORD,,UT,BLK,Functional,2500,N,Driver,N,West,SW 42ND ST,40,45,4,,,,,Front Center Bumper,Front Left Bumper,(Sport) Utility Vehicle,"Two-Way, Divided, Positive Median Barrier",,,,,Pedestrian,Pedestrian,,,,N,Level,Straight,Straight Ahead,No Controls,No Special Function,None,,
25500150,2022,1,,,32724,N,Vehicle in Transport,FL,,N,2011,TOYT,,UT,BLU,Minor,500,N,Driver,N,North,BOSTON AVE N,10,30,2,,,,,Front Right Bumper,Front Right Bumper,(Sport) Utility Vehicle,"Two-Way, Not Divided",,,,,Motor Vehicle in Transport,Motor Vehicle in Transport,,,,Y,Level,Straight,Slowing,No Controls,Police,None,,
25506860,2022,1,,,34232,N,Vehicle in Transport,FL,,N,2008,HOND,,UT,BLK,Minor,250,N,Driver,N,Off-Road,3410 MCINTOSH RD,3,35,2,,,,,Right Front Fender,Right Front Fender,Passenger Car,"Two-Way, Not Divided",,,,,Pedalcycle,Pedalcycle,,,,N,Level,Straight,Straight Ahead,No Controls,No Special Function,None,,
25513651,2022,1,,,32904,N,Vehicle in Transport,FL,,N,2011,LEXS,,UT,TAN,Minor,0,N,Driver,N,South,,0,15,2,,,,,Right Front Fender,Right Front Fender,Passenger Car,"Two-Way, Not Divided",,,,,Pedestrian,Pedestrian,,,,N,Level,Straight,Stopped in Traffic,Stop Sign,No Special Function,None,,
25514567,2022,1,,,32266,N,Vehicle in Transport,FL,,N,2017,PORS,,CV,BLK,Minor,2500,N,Driver,N,South,1ST STREET,5,15,2,,,,,Left Front Door,Left Front Door,Passenger Car,"Two-Way, Not Divided",,,,,Motor Vehicle in Transport,Motor Vehicle in Transport,,,,N,Level,Straight,Other,No Controls,No Special Function,None,,
25514634,2022,1,,,03106,N,Parked Motor Vehicle,FL,,N,2021,NISS,,PK,WHI,Functional,1000,N,Driver,N,South,TWELVE OAKS LN E,0,25,2,,,,,Front Left Bumper,Front Left Bumper,Pickup,"Two-Way, Not Divided",,,,,Parked Motor Vehicle,Parked Motor Vehicle,,,,N,Level,Straight,Parked,No Controls,No Special Function,None,,
25515529,2022,1,,,33125,N,Vehicle in Transport,FL,,N,2009,GMC,,UT,BLK,Minor,50,N,Owner Request,N,North,NW 8 AVE,10,30,2,,,,,Right Front Door,Right Front Door,Passenger Car,"Two-Way, Not Divided",,,,,Pedestrian,Pedestrian,,,,N,Level,Straight,Making U-Turn,No Controls,No Special Function,None,,
25517243,2022,1,,,33127,N,Vehicle in Transport,KS,,N,2013,VOLK,,4D,BLU,None,0,N,Owner Request,N,West,NE 18TH ST,,25,2,,,,,Front Center Bumper,Front Center Bumper,Passenger Car,"Two-Way, Not Divided",,,,,Pedestrian,Pedestrian,,,,N,Level,Straight,Straight Ahead,Stop Sign,No Special Function,None,,
25518129,2022,1,,,33442,N,Vehicle in Transport,FL,,N,2021,VOLK,,4D,BLU,Minor,2000,N,Driver,N,East,NW SOUTH RIVER DRIVE,10,30,2,,,,,Front Right Bumper,Windshield,Passenger Car,"Two-Way, Not Divided",,,,,Motor Vehicle in Transport,Motor Vehicle in Transport,,,,N,Level,Straight,Turning Right,No Controls,No Special Function,None,,
25518280,2022,1,,,33032,N,Vehicle in Transport,FL,,Y,2021,JEEP,,SU,BLK,Unknown,0,N,Driver,N,,,,,,,,,,,,(Sport) Utility Vehicle,"Two-Way, Not Divided",,,,,Motor Vehicle in Transport,Motor Vehicle in Transport,,,,N,Level,Straight,Backing,No Controls,No Special Function,None,,
