REPORT_NUMBER,CRASH_YEAR,PERSON_NUMBER,STATUTE_NUMBER,CHARGE,CITATION_NUMBER
25141341,2022,1,316.062,FAIL TO GIVE INFO,ADR7U8E
25141341,2022,2,316.088,DRIV IN WRONG DIRECTION,ADR7U9E
25193930,2022,1,316.075(1)(a)1,FAILED TO YIELD RIGHT-OF-WAY TO PEDESTRIAN,AG7OF5E
25194312,2022,1,316.1925(1),CARELESS DRIVING,AG7PJOE
25518280,2022,1,316.1985(1),BACKING - IMPROPER,AHDAKGE
25195426,2022,1,316.1925(1),CARELESS DRIVING,AGOUKNE
25204261,2022,1,322.1615(2)(c),LEARNER'S LICENSE UNACCOMPANIED DR,AG269NE
25204261,2022,1,316.1925(1),CARELESS DRIVING,AGA6L4E
25213850,2022,1,316.1925(1),CARELESS DRIVING,AGPEGBE
25216094,2022,1,316.2061,BLOCKING INTERSECTION OR CROSSWALK,AGPKJHE
25223404,2022,1,316.083(2),IMPROPER PASSING-FAIL TO YIELD ROW,AGPHO5E
25232343,2022,1,316.1925(1),CARELESS DRIVING,AH3GKIE
25267253,2022,1,316.066(1)(d),CRASH - FAILURE OF EACH PARTY TO THE CRASH TO PROVIDE PROOF,AG9S1XE
25272973,2022,1,322.03(1),NO DRIVER LICENSE - NEVER HAD ONE ISSUED (IF VALID AT TIME C,AGRBRIE
25282963,2022,2,316.2065(1),VIOLATION BICYCLE REGULATIONS,AGQOS7E
25283548,2022,1,316.123(2)(a),RAN STOP SIGN/VIOLATION OF RIGHT OF WAY FROM STOP SIGN,AGUCFTE
25306774,2022,1,316.1925(1),T: CARELESS DRIVING,AH0LF1E
25306774,2022,1,316.646(1),T: PERS/INJ/PROT/INS REQUIRED,AH0LF2E
25322178,2022,1,316.125(2),"FAILED TO YIELD, STOP AT SIDEWALK - FROM ALLEY, BLDG, PRIVAT",AF1ATCE
25329987,2022,1,316.1925(1),CARELESS DRIVING,AGOA1IE
25339193,2022,1,316.075(1)(a)1,FAILED TO YIELD RIGHT-OF-WAY TO PEDESTRIAN,AFVOBCE
25356142,2022,1,316.123(2)(a),RAN STOP SIGN/VIOLATION OF RIGHT OF WAY FROM STOP SIGN,AFZVPME
25376259,2022,3,316.2065(1),VIOLATION BICYCLE REGULATIONS,AH0UXNE
25392830,2022,1,316.125(2),FAIL TO YIELD FROM ALLEY OR DRIVEWAY,AGSTBGE
25429982,2022,1,316.1985(1),BACKING - IMPROPER,AGNF4RE
25492454,2022,1,316.130(7C),PED- VEHICLE FAILED TO YIELD WITH NO SIGNAL/SIGNS AT XWALK,AGOWCKE
25492454,2022,1,316.066(1D),INSURANCE-NO PROOF AT CRASH,AGOWCLE
25492495,2022,1,316.125(2),FAIL YIELD/ STOP DRIVEWAY/ SIDEWALK PED,AGOWGZE
25492604,2022,2,316.193(2B1),DUI- DRIVING WHILE UNDER INFLUENCE 3RD CONVICTION W/IN 10YRS,AG0W0HE
25492604,2022,2,316.1939(1E),DUI- REFUSAL TO SUBMIT TO DUI BREATH TEST W/A PREVIOUS REFUS,AG0W0JE
25492604,2022,2,316.1995,SIDEWALK/BICYCLE PATH - DRIVING ON,AG0WODE
25506860,2022,1,316.1925(1),CARELESS DRIVING,AH5Z77E
25514567,2022,2,316.087,IMPROPER PASSING,AG660ZE
25515529,2022,1,316.1925(1),CARELESS DRIVING,AGWOMPE
25517243,2022,1,316.075(1)(a)1,FAILED TO YIELD RIGHT-OF-WAY TO PEDESTRIAN,AGYQNKE
