REPORT_NUMBER,CRASH_YEAR,CRASH_DATE_AND_TIME,REPORT_DATE_AND_TIME,INVESTIGATING_AGENCY_REPORT_NUMBER,FORM_TYPE,TOTAL_NUMBER_OF_VEHICLES,TOTAL_NUMBER_OF_PERSONS,COUNTY_CODE,CITY_CODE,COUNTY_NAME,CITY_NAME,RURAL_OR_URBAN,NOTIFIED_TIME,DISPATCHED_TIME,ARRIVED_TIME,CLEARED_TIME,COMPLETED_FLAG,NOTIFIED_BY,ON_STREET_ROAD_HIGHWAY,STREET_ADDRESS_NUMBER,LATITUDE,LONGITUDE,FEET_FROM_INTERSECTION,DIRECTION_FROM_INTERSECTION,FROM_INTERSECTION_OF,MILEPOST_NUMBER,ROAD_SYSTEM_IDENTIFER,TYPE_OF_SHOULDER,TYPE_OF_INTERSECTION,PHOTOS_TAKEN,LIGHT_CONDITION,WEATHER_CONDITION,ROAD_SURFACE_CONDITION,SCHOOL_BUS_RELATED_CODE,TYPE_OF_IMPACT,FIRST_HARMFUL_EVENT,LOCATION,INTERCHANGE_FLAG,JUNCTION_FLAG,ROAD_CIRCUMSTANCES_1,ROAD_CIRCUMSTANCES_2,ROAD_CIRCUMSTANCES_3,ENVIRONMENT_CIRCUMSTANCES_1,ENVIRONMENT_CIRCUMSTANCES_2,ENVIRONMENT_CIRCUMSTANCES_3,WORK_ZONE_RELATED_FLAG,CRASH_IN_WORK_ZONE,TYPE_OF_WORK_ZONE,WORKERS_PRESENT,LAW_ENFORCEMENT_PRESENT,INVESTIGATOR_RANK,INVESTIGATING_AGENCY_NAME,INVESTIGATING_AGENCY_TYPE,LOAD_DATE,UPDATE_DATE,DAYS_TO_LOAD,CODEABLE,S4_CRASH_TYPE,S4_CRASH_TYPE_SIMPLIFIED,S4_CRASH_SEVERITY,S4_CRASH_SEVERITY_DETAIL,S4_DAY_OR_NIGHT,S4_IS_AGGRESSIVE_DRIVING,S4_IS_ALCOHOL_RELATED,S4_IS_CMV_INVOLVED,S4_IS_DISTRACTED,S4_IS_DRUG_RELATED,S4_IS_HIT_AND_RUN,S4_IS_INTERSECTION_RELATED,S4_IS_LANE_DEPARTURE_RELATED,S4_IS_SPEEDING_RELATED,S4_NONE_INJURY_COUNT,S4_INJURY_COUNT,S4_POSSIBLE_INJURY_COUNT,S4_NON_INCAPACITATING_INJURY_COUNT,S4_INCAPACITATING_INJURY_COUNT,S4_FATALITY_COUNT,S4_FATALITY_WITHIN_30_DAYS_COUNT,S4_NON_TRAFFIC_FATALITY_COUNT,S4_TRAILER_COUNT,S4_MOTORCYCLE_COUNT,S4_MOPED_COUNT,S4_NON_MOTORIST_COUNT,S4_BICYCLIST_COUNT,S4_PEDESTRIAN_COUNT,S4_DRIVER_COUNT,S4_AGING_DRIVER_COUNT,S4_TEENAGER_DRIVER_COUNT,S4_PASSENGER_COUNT,S4_UNRESTRAINED_COUNT,S4_UNRESTRAINED_INJURY_COUNT,S4_UNRESTRAINED_INCAPACITATING_INJURY_COUNT,S4_UNRESTRAINED_FATALITY_COUNT,S4_MOTORCYCLIST_COUNT,S4_MOTORCYCLIST_INCAPACITATING_INJURY_COUNT,S4_MOTORCYCLIST_FATALITY_COUNT,S4_IS_PEDESTRIAN_INVOLVED,S4_PEDESTRIAN_INCAPACITATING_INJURY_COUNT,S4_PEDESTRIAN_FATALITY_COUNT,S4_IS_BICYCLIST_INVOLVED,S4_BICYCLIST_INCAPACITATING_INJURY_COUNT,S4_BICYCLIST_FATALITY_COUNT,S4_CITATION_COUNT,S4_CITATION_AMOUNT,S4_PROPERTY_DAMAGE_COUNT,S4_PROPERTY_DAMAGE_AMOUNT,S4_VEHICLE_DAMAGE_COUNT,S4_VEHICLE_DAMAGE_AMOUNT,S4_TOTAL_DAMAGE_AMOUNT,S4_TRANSPORT_BY_EMS_COUNT,S4_TRANSPORT_BY_LAW_ENFORCEMENT_COUNT,S4_TRANSPORT_BY_OTHER_COUNT,S4_GEOLOCATION_STATUS,S4_PRELIMINARY_GEOLOCATION_STATUS,S4_X,S4_Y,S4_LATITUDE,S4_LONGITUDE
87436908,2017,16-SEP-2017 02:34 PM,16-SEP-2017 12:00 AM,2017-00364803,L,1,2,7,46,Orange,Orlando,Urban,9/16/2017 2:34:00 PM,9/16/2017 2:35:00 PM,9/16/2017 2:45:00 PM,9/16/2017 3:15:00 PM,Y,Law Enforcement,UNIVERSAL BV,,,,0,,MAJOR BLVD,,Local,Paved,Not at Intersection,,Daylight,Clear,Dry,N,"Sideswipe, Same Direction",Motor Vehicle in Transport,On Roadway,N,Intersection,None,None,None,None,None,None,N,,,,,OFC.,Orlando Police Department,Police Department (PD),9/19/2017 2:37:00 PM,9/19/2017 2:37:00 PM,3,Y,Single Vehicle,Other,Injury,Non-Incapacitating Injury,DAY,N,N,N,N,N,N,Y,N,N,1,1,0,1,0,0,0,0,0,0,0,1,1,0,1,0,0,0,0,0,0,0,,,,N,0,0,Y,0,0,0,0,0,0,0,0,0,1,0,0,Verified,n/a,454706.7208,3150199.7643,28.4776193426928,-81.4627137392659
87441667,2017,03-DEC-2017 10:26 AM,03-DEC-2017 12:00 AM,2017-00474147,L,1,2,7,46,Orange,Orlando,Urban,12/3/2017 10:26:00 AM,12/3/2017 10:30:00 AM,12/3/2017 10:30:00 AM,12/3/2017 11:30:00 AM,Y,Law Enforcement,E COLONIAL DR,,,,0,,FASHION SQUARE ENTRA,,State,Curb,Four-Way Intersection,,Daylight,Clear,Dry,N,Angle,Pedalcycle,On Roadway,N,Intersection,None,,,None,,,N,,,,,Ofc.,Orlando Police Department,Police Department (PD),12/8/2017 2:44:00 PM,12/8/2017 2:44:00 PM,5,Y,Bicycle,Bicycle,Injury,Non-Incapacitating Injury,DAY,N,N,N,N,N,N,Y,N,N,1,1,0,1,0,0,0,0,0,0,0,1,1,0,1,1,0,0,0,0,0,0,,,,N,0,0,Y,0,0,1,0,0,0,1,400,400,0,0,0,Verified,n/a,466692.3319,3158560.5729,28.5534493012971,-81.3405138018615
87454218,2017,19-AUG-2017 08:30 PM,19-AUG-2017 12:00 AM,17-267946,S,1,2,64,54,Collier,North Naples,Urban,8/19/2017 9:07:00 PM,8/19/2017 9:07:00 PM,8/19/2017 9:33:00 PM,8/19/2017 8:30:00 PM,Y,Law Enforcement,JONQUIL LN,5550,26.266941,-81.745848,410,West,JONQUIL CIR,,County,Paved,Not at Intersection,N,Dark - Lighted,Clear,Dry,N,Angle,Motor Vehicle in Transport,In Parking Lane or Zone,N,Non-Junction,None,,,None,,,N,,,,,D/S,Collier County Sheriff's Office,Sheriff's Office (SO),8/21/2017 1:52:00 PM,,2,N,Single Vehicle,Other,No Injury,No Injury,NIGHT,N,N,N,N,N,N,N,N,N,2,0,0,0,0,0,0,0,0,0,0,1,1,0,1,0,0,0,0,0,0,0,,,,N,0,0,Y,0,0,0,0,0,0,1,200,200,0,0,0,Preliminary,Officer Mapped,425525.7767,2905460.4648,26.2669366922046,-81.7458450718411
87501090,2017,22-NOV-2017 08:45 AM,22-NOV-2017 09:35 AM,795290,L,1,1,2,38,Duval,Jacksonville,Urban,11/22/2017 8:48:00 AM,11/22/2017 8:48:00 AM,11/22/2017 8:49:00 AM,11/22/2017 9:35:00 AM,Y,Law Enforcement,N MAIN ST,,30.3646,-81.6525,7,South,E 5TH ST,,Local,Curb,T-Intersection,N,Daylight,Clear,Dry,N,Angle,Pedalcycle,On Roadway,N,Intersection,None,,,None,,,N,,,,,OFFICER,Jacksonville Sheriff's Office,Sheriff's Office (SO),11/30/2017 2:38:00 PM,11/30/2017 2:38:00 PM,8,Y,Bicycle,Bicycle,No Injury,No Injury,DAY,N,N,N,N,N,Y,Y,N,N,1,0,0,0,0,0,0,0,0,0,0,1,1,0,0,0,0,0,0,0,0,0,,,,N,0,0,Y,0,0,0,0,1,100,0,0,100,0,0,0,Verified,n/a,437095.9759,3356834.0763,30.3417281857753,-81.6544556464285
87516152,2017,10-DEC-2017 05:00 PM,10-DEC-2017 12:00 AM,2017-632409,S,1,2,3,50,Hillsborough,Tampa,Urban,12/10/2017 5:37:00 PM,12/10/2017 5:52:00 PM,12/10/2017 5:52:00 PM,12/10/2017 6:00:00 PM,Y,Law Enforcement,TALIAFERRO AVE N,2811,,,129,West,BRYAN ST E,,Local,Curb,Not at Intersection,N,Dusk,Clear,Dry,N,,Pedestrian,Off Roadway,N,Non-Junction,None,,,None,,,N,,,,,OFFICER,Tampa Police Department,Police Department (PD),12/12/2017 2:24:00 PM,,2,N,Pedestrian,Pedestrian,No Injury,No Injury,DAY,N,N,N,N,N,N,N,N,N,2,0,0,0,0,0,0,0,0,0,0,1,1,0,1,0,0,0,0,0,0,0,,,,N,0,0,Y,0,0,0,0,0,0,0,0,0,0,0,0,Preliminary,Computer mapped approximate by address,357090.1589,3094534.6222,27.9682448213877,-82.4529665990345
87537138,2017,22-DEC-2017 10:27 AM,26-DEC-2017 12:00 AM,17-31315,S,1,3,8,37,Volusia,Deltona,Urban,12/22/2017 10:27:00 AM,12/22/2017 10:33:00 AM,12/22/2017 10:39:00 AM,12/22/2017 12:10:00 PM,Y,Law Enforcement,DAY ROAD,,,,0,,HOWLAND BLVD,,Local,Curb,T-Intersection,,Daylight,Clear,Dry,N,Angle,Pedalcycle,On Roadway,N,Non-Junction,None,,,None,,,N,,,,,Dep.,Volusia County Sheriff's Office,Sheriff's Office (SO),12/31/2017 1:59:00 PM,,9,N,Bicycle,Bicycle,No Injury,No Injury,DAY,N,N,N,N,N,N,N,N,N,3,0,0,0,0,0,0,0,0,0,0,1,1,0,1,1,0,1,0,0,0,0,,,,N,0,0,Y,0,0,0,0,0,0,1,500,500,0,0,0,Preliminary,Computer mapped approximate by address,481966.5864,3199215.6005,28.9207145588751,-81.1850069347468
87545038,2017,14-NOV-2017 07:30 AM,14-NOV-2017 12:00 AM,17-92910,L,1,3,16,0,Sarasota,Unincorporated,Rural,11/14/2017 7:35:00 AM,11/14/2017 7:35:00 AM,11/14/2017 7:40:00 AM,11/14/2017 9:00:00 AM,Y,Law Enforcement,BELLAGIO BLVD,,27.029322,-82.394379,758,West,LAYTON DR,,Local,Curb,Not at Intersection,N,Daylight,Clear,Dry,N,Front to Front,Motor Vehicle in Transport,On Roadway,N,Non-Junction,None,,,Glare,,,N,,,,,DEP,Sarasota County Sheriff's Office,Sheriff's Office (SO),11/15/2017 2:43:00 PM,11/15/2017 2:43:00 PM,1,Y,Single Vehicle,Other,Injury,Possible Injury,DAY,N,N,N,N,N,N,N,Y,N,2,1,1,0,0,0,0,0,0,0,0,2,2,0,1,0,0,0,0,0,0,0,,,,N,0,0,Y,0,0,0,0,0,0,1,500,500,0,0,1,Verified,n/a,361686.6322,2990450.462,27.0293454482401,-82.3943553154711
87559407,2017,05-NOV-2017 04:07 PM,05-NOV-2017 12:00 AM,17019949,L,1,1,18,41,Lee,Cape Coral,Urban,11/5/2017 4:07:00 PM,11/5/2017 4:09:00 PM,11/5/2017 4:18:00 PM,11/5/2017 4:50:00 PM,N,Law Enforcement,CAPE CORAL PKWY E,523,,,,,,,Local,Paved,Not at Intersection,Y,Daylight,Clear,Dry,N,Other,Motor Vehicle in Transport,On Roadway,N,Non-Junction,None,,,None,,,N,,,,,POLICE OFFICER,Cape Coral Police Department,Police Department (PD),11/9/2017 2:48:00 PM,,4,Y,Single Vehicle,Other,Injury,Non-Incapacitating Injury,DAY,N,N,N,N,N,Y,N,N,N,0,1,0,1,0,0,0,0,0,0,0,1,1,0,0,0,0,0,0,0,0,0,,,,N,0,0,Y,0,0,0,0,1,200,0,0,200,0,0,0,Unmapped,Unmapped,,,,
87562368,2017,27-DEC-2017 02:11 PM,27-DEC-2017 12:00 AM,17-10060,L,1,2,6,84,Palm Beach,Riviera Beach,Urban,12/27/2017 2:11:00 PM,12/27/2017 2:11:00 PM,12/27/2017 2:15:00 PM,12/27/2017 2:39:00 PM,Y,Law Enforcement,W 2ND STREET,,,,199,West,AVENUE L,,Local,Curb,Not at Intersection,Y,Daylight,Clear,Dry,N,Other,Pedalcycle,On Roadway,N,Non-Junction,None,,,None,,,N,,,,,,Riviera Beach Police Department,Police Department (PD),1/1/2018 1:44:00 PM,1/1/2018 1:44:00 PM,5,Y,Bicycle,Bicycle,Injury,Possible Injury,DAY,N,N,N,N,N,N,N,N,N,1,1,1,0,0,0,0,0,0,0,0,1,1,0,1,0,0,0,0,0,0,0,,,,N,0,0,Y,0,0,0,0,0,0,1,100,100,0,0,0,Verified,n/a,592409.2347,2960775.4014,26.7652760597997,-80.0705443584055
87568965,2017,06-NOV-2017 04:19 AM,08-NOV-2017 12:00 AM,171106-0042814,L,1,2,1,66,Miami-Dade,Miami,Urban,11/6/2017 4:21:00 AM,11/6/2017 4:32:00 AM,11/6/2017 4:52:00 AM,11/6/2017 9:45:00 AM,Y,Law Enforcement,WEST FLALGLER ST,,,,599,East,69TH AVE,,Local,Curb,Not at Intersection,Y,Dark - Not Lighted,Clear,Dry,N,Front to Rear,Motor Vehicle in Transport,On Roadway,N,Non-Junction,Work Zone,Obstruction in Roadway,,None,,,Y,Transition Area,Lane Closure,N,N,OFFICER,Miami Police Department,Police Department (PD),2/16/2018 2:41:00 PM,2/16/2018 2:41:00 PM,102,Y,Single Vehicle,Other,Fatality,Fatal (within 30 days),NIGHT,N,N,N,N,N,N,N,N,N,1,0,0,0,0,1,1,0,0,0,0,1,1,0,1,0,0,0,0,0,0,0,,,,N,0,0,Y,0,1,0,0,0,0,1,600,600,1,0,0,Verified,n/a,569313.0688,2850434.3584,25.7703555555108,-80.3087561755664
81506689,2018,04-JUL-2018 03:34 PM,04-JUL-2018 12:00 AM,18093414,L,1,2,6,0,Palm Beach,Unincorporated,Rural,7/4/2018 3:35:00 PM,7/4/2018 3:36:00 PM,7/4/2018 3:40:00 PM,7/4/2018 4:00:00 PM,Y,Motorist,SR 809,345,,,289,North,,,Private Roadway,Paved,Not at Intersection,N,Daylight,Cloudy,Dry,N,Other,Motor Vehicle in Transport,On Roadway,N,Non-Junction,None,,,None,,,N,,,,,D/S,Palm Beach County Sheriff's Office,Sheriff's Office (SO),7/6/2018 2:23:00 PM,7/6/2018 2:23:00 PM,2,Y,Single Vehicle,Other,Injury,Possible Injury,DAY,N,N,N,N,N,N,N,N,N,1,1,1,0,0,0,0,0,0,0,0,1,1,0,1,0,0,0,0,0,0,0,,,,N,0,0,Y,0,0,0,0,0,0,0,0,0,0,0,0,Preliminary,Editor Mapped,588407.6184,2953280.9152,26.6978752071763,-80.1113146862049
81507492,2018,09-MAY-2018 10:10 AM,09-MAY-2018 12:00 AM,18072253,L,1,2,6,0,Palm Beach,Unincorporated,Rural,5/9/2018 10:13:00 AM,5/9/2018 10:15:00 AM,5/9/2018 10:29:00 AM,5/9/2018 11:29:00 AM,Y,Law Enforcement,VENETIAN ISLES BLVD,,,,1,South,DUOMO CIR,,Private Roadway,Unpaved,Not at Intersection,N,Daylight,Clear,Dry,N,"Sideswipe, Same Direction",Motor Vehicle in Transport,On Roadway,N,Non-Junction,None,,,None,,,N,,,,,CSA,Palm Beach County Sheriff's Office,Sheriff's Office (SO),5/15/2018 2:42:00 PM,5/15/2018 2:42:00 PM,6,Y,Single Vehicle,Other,Injury,Non-Incapacitating Injury,DAY,N,N,N,N,N,N,N,Y,N,1,1,0,1,0,0,0,0,0,0,0,1,1,0,1,1,0,0,0,0,0,0,,,,N,0,0,Y,0,0,0,0,0,0,1,300,300,1,0,0,Preliminary,Editor Mapped,581788.5276,2937332.5942,26.5542924050774,-80.1788746225065
81511612,2018,27-JUN-2018 02:40 PM,27-JUN-2018 12:00 AM,18090872,L,1,4,6,0,Palm Beach,Unincorporated,Rural,6/27/2018 2:40:00 PM,6/27/2018 2:41:00 PM,6/27/2018 2:51:00 PM,6/27/2018 3:15:00 PM,Y,Law Enforcement,SUNNY LANE,,,,2,South,SR 809/S. MILITARY TRAIL,,County,Unpaved,T-Intersection,N,Daylight,Clear,Dry,N,Angle,Pedestrian,On Roadway,N,Intersection-Related,None,,,None,,,N,,,,,CSA,Palm Beach County Sheriff's Office,Sheriff's Office (SO),6/30/2018 2:15:00 PM,6/30/2018 2:15:00 PM,3,Y,Pedestrian,Pedestrian,Injury,Possible Injury,DAY,N,N,N,N,N,N,Y,N,N,3,1,1,0,0,0,0,0,0,0,0,1,1,0,1,0,0,2,0,0,0,0,,,,N,0,0,Y,0,0,0,0,0,0,1,500,500,1,0,0,Verified,n/a,588314.6634,2950194.1891,26.6700143646309,-80.1124648289572
82646402,2018,07-NOV-2018 01:01 PM,12-NOV-2018 12:00 AM,2018-11-0745,L,1,2,1,92,Miami-Dade,Virginia Gardens,Urban,11/7/2018 1:01:00 PM,11/7/2018 1:01:00 PM,11/7/2018 1:03:00 PM,11/7/2018 1:50:00 PM,Y,Law Enforcement,36TH ST NW,,,,53,West,66TH AVE NW,,Local,Curb,Not at Intersection,N,Daylight,Clear,Dry,N,,Other Non-Fixed Object,On Roadway,N,Non-Junction,None,,,None,,,N,,,,,OFFICER,Virginia Gardens Police Department,Police Department (PD),7/4/2024 7:25:00 PM,7/4/2024 7:25:00 PM,2066,Y,Single Vehicle,Other,Injury,Possible Injury,DAY,N,N,N,N,N,N,N,N,N,1,1,1,0,0,0,0,0,0,0,0,1,1,0,1,0,0,0,0,0,0,0,0,0,0,N,0,0,Y,0,0,3,0,0,0,1,1000,1000,0,0,0,Preliminary,Editor Mapped,569829.9901,2854522.5494,25.8072451121084,-80.3033856824246
84300054,2018,23-AUG-2018 02:00 PM,24-AUG-2018 12:00 AM,180000700,S,1,2,5,34,Polk,Davenport,Urban,8/23/2018 2:00:00 PM,8/23/2018 2:01:00 PM,8/23/2018 2:01:00 PM,8/23/2018 2:11:00 PM,Y,Law Enforcement,PALMETTO ST W,8,,,38,West,,,Local,Curb,Not at Intersection,,Daylight,Rain,Wet,N,Other,Parked Motor Vehicle,In Parking Lane or Zone,N,Non-Junction,None,,,None,,,N,,,,,Off.,Davenport Police Department,Police Department (PD),8/30/2018 2:24:00 PM,,7,N,Single Vehicle,Other,No Injury,No Injury,DAY,N,N,N,N,N,N,N,Y,N,2,0,0,0,0,0,0,0,0,0,0,1,1,0,0,0,0,1,0,0,0,0,0,0,0,N,0,0,Y,0,0,0,0,0,0,1,500,500,0,0,0,Preliminary,Computer mapped approximate by address,441113.8314,3114765.7157,28.1572347536927,-81.5997749651316
85103062,2018,28-FEB-2018 01:26 PM,28-FEB-2018 12:00 AM,180200215,L,1,2,8,60,Volusia,South Daytona,Urban,2/28/2018 1:26:00 PM,2/28/2018 1:26:00 PM,2/28/2018 1:26:00 PM,2/28/2018 2:13:00 PM,Y,Law Enforcement,SR5A / NOVA RD.,,,,279,North,WALTON BLVD.,,State,Unpaved,T-Intersection,,Daylight,Clear,Dry,N,Angle,Motor Vehicle in Transport,On Roadway,N,Non-Junction,None,,,None,,,N,,,,,Ofc.,South Daytona Police Department,Police Department (PD),3/2/2018 2:28:00 PM,3/2/2018 2:28:00 PM,2,Y,Single Vehicle,Other,Injury,Non-Incapacitating Injury,DAY,N,N,N,N,N,N,N,N,N,1,1,0,1,0,0,0,0,0,0,0,1,1,0,1,0,0,0,0,0,0,0,,,,N,0,0,Y,0,0,1,0,0,0,1,500,500,1,0,0,Verified,n/a,498280.7977,3224660.2498,29.1505018697063,-81.0176766263669
85793862,2018,16-MAR-2018 01:24 PM,16-MAR-2018 12:00 AM,2018030837,L,1,2,16,48,Sarasota,North Port,Urban,3/16/2018 1:24:00 PM,3/16/2018 1:27:00 PM,3/16/2018 1:28:00 PM,3/16/2018 2:41:00 PM,Y,Motorist,E PRICE BLVD,,,,21,East,WENONA DR,,Local,Unpaved,Not at Intersection,N,Daylight,Clear,Dry,N,Front to Rear,Pedalcycle,On Roadway,N,Non-Junction,None,,,None,,,N,,,,,POLICE OFFICER,North Port Police Department,Police Department (PD),3/20/2018 2:35:00 PM,3/20/2018 2:35:00 PM,4,Y,Bicycle,Bicycle,Injury,Non-Incapacitating Injury,DAY,N,N,N,N,N,N,N,N,N,1,1,0,1,0,0,0,0,0,0,0,1,1,0,1,0,0,0,0,0,0,0,,,,N,0,0,Y,0,0,0,0,1,10000,1,500,10500,0,0,0,Verified,n/a,388452.848,2994573.7931,27.0689798528583,-82.1249397121358
86147944,2018,16-FEB-2018 02:12 PM,16-FEB-2018 12:00 AM,2018-00029248,S,1,2,32,0,Indian River,Unincorporated,Rural,2/16/2018 2:12:00 PM,2/16/2018 2:21:00 PM,2/16/2018 2:33:00 PM,2/16/2018 3:05:00 PM,Y,Law Enforcement,46TH ST,,,,0,,40TH AVE,,Local,Unpaved,Four-Way Intersection,N,Daylight,Clear,Dry,N,Angle,Pedestrian,On Roadway,N,Non-Junction,None,,,None,,,N,,,,,,Indian River County Sheriff's Office,Sheriff's Office (SO),9/30/2019 11:37:00 PM,,591,N,Pedestrian,Pedestrian,No Injury,No Injury,DAY,N,N,N,N,N,N,N,N,N,2,0,0,0,0,0,0,0,0,0,0,1,1,0,1,0,0,0,0,0,0,0,,,,N,0,0,Y,0,0,0,0,0,0,0,0,0,0,0,0,Preliminary,Computer plot approximate by lat/long,556544.2098,3061550.3705,27.6769648418107,-80.4266171971992
86188146,2018,19-AUG-2018 02:05 AM,19-AUG-2018 02:45 AM,567673,L,1,1,2,38,Duval,Jacksonville,Urban,8/19/2018 2:08:00 AM,8/19/2018 2:09:00 AM,8/19/2018 2:15:00 AM,8/19/2018 2:44:00 AM,Y,Law Enforcement,WEST 41ST ST AND SILVER ST,,27.64891,-81.550255,0,,,,Local,Curb,Four-Way Intersection,N,Dark - Lighted,Clear,Dry,N,Angle,Pedalcycle,On Roadway,N,Intersection,Unknown,,,Unknown,,,N,,,,,OFFICER,Jacksonville Sheriff's Office,Sheriff's Office (SO),8/21/2018 4:37:00 PM,8/21/2018 4:37:00 PM,2,Y,Bicycle,Bicycle,Injury,Non-Incapacitating Injury,NIGHT,N,N,N,N,N,Y,Y,N,N,0,1,0,1,0,0,0,0,0,0,0,1,1,0,0,0,0,0,0,0,0,0,,,,N,0,0,Y,0,0,0,0,1,250,1,250,500,1,0,0,Verified,n/a,437082.8268,3360013.648,30.3704184594502,-81.6547834949355
86559602,2018,12-FEB-2018 08:50 AM,12-FEB-2018 09:20 AM,18-104088,L,1,2,3,0,Hillsborough,Unincorporated,Rural,2/12/2018 8:52:00 AM,2/12/2018 8:59:00 AM,2/12/2018 9:01:00 AM,2/12/2018 9:57:00 AM,Y,Law Enforcement,CR582A (FLETCHER AV E),,,,31,North,BRUCE B DOWNS BL,,County,Curb,Not at Intersection,Y,Daylight,Clear,Dry,N,Other,Pedestrian,On Roadway,N,Driveway/Alley Access Related,None,,,None,,,N,,,,,DEP,Hillsborough County Sheriff's Office,Sheriff's Office (SO),2/20/2018 2:12:00 PM,2/20/2018 2:12:00 PM,8,Y,Pedestrian,Pedestrian,Serious Injury,Incapacitating Injury,DAY,N,N,Y,Y,N,N,N,N,N,1,1,0,0,1,0,0,0,1,0,0,1,1,0,1,0,0,0,0,0,0,0,,,,N,0,0,Y,1,0,0,0,0,0,1,100,100,1,0,0,Verified,n/a,360021.7183,3105698.5389,28.0693047768222,-82.4244945643115
86656885,2018,04-MAR-2018 04:20 PM,04-MAR-2018 04:39 PM,149925,L,1,2,2,38,Duval,Jacksonville,Urban,3/4/2018 4:25:00 PM,3/4/2018 4:26:00 PM,3/4/2018 4:30:00 PM,3/4/2018 4:47:00 PM,Y,Law Enforcement,W 27TH ST,1031,30.36116944,-81.669875,99,West,STUART ST,,Local,Curb,Not at Intersection,N,Daylight,Clear,Dry,N,Other,Pedestrian,On Roadway,N,Non-Junction,None,,,None,,,N,,,,,OFFICER,Jacksonville Sheriff's Office,Sheriff's Office (SO),3/5/2018 2:27:00 PM,3/5/2018 2:27:00 PM,1,Y,Pedestrian,Pedestrian,Injury,Possible Injury,DAY,N,N,N,N,N,N,N,N,N,1,1,1,0,0,0,0,0,0,0,0,1,1,0,1,0,0,0,0,0,0,0,,,,N,0,0,Y,0,0,0,0,0,0,0,0,0,0,0,0,Verified,n/a,435519.6457,3358976.0544,30.3609732321805,-81.6709867804434
86782584,2018,14-FEB-2018 05:41 PM,25-FEB-2018 12:00 AM,331802027750,L,1,2,10,44,Broward,Hollywood,Urban,2/14/2018 5:41:00 PM,2/14/2018 5:42:00 PM,2/14/2018 5:42:00 PM,2/14/2018 7:00:00 PM,Y,Law Enforcement,TAFT ST,,,,0,,N 23RD AV,,Local,Paved,Four-Way Intersection,Y,Dusk,Clear,Dry,N,Angle,Motor Vehicle in Transport,On Roadway,N,Intersection,None,,,None,,,N,,,,,OFFICER,Hollywood Police Department,Police Department (PD),3/31/2018 2:29:00 PM,3/31/2018 2:29:00 PM,45,N,Single Vehicle,Other,No Injury,No Injury,DAY,N,N,N,N,N,N,Y,N,N,2,0,0,0,0,0,0,0,0,0,0,1,1,0,1,0,0,0,0,0,0,0,,,,N,0,0,Y,0,0,4,0,1,200,1,500,700,0,0,0,Verified,n/a,584721.5292,2878844.5748,26.0260604971744,-80.1532743844361
86784142,2018,11-MAY-2018 10:00 AM,11-MAY-2018 12:00 AM,331805078696,L,1,3,10,44,Broward,Hollywood,Urban,5/11/2018 10:00:00 AM,5/11/2018 10:02:00 AM,5/11/2018 10:30:00 AM,5/11/2018 11:35:00 AM,Y,Law Enforcement,S SURF RD,,,,0,,OREGON ST,,Local,Paved,Four-Way Intersection,N,Daylight,Clear,Dry,N,Angle,Pedalcycle,On Roadway,N,Intersection,None,,,None,,,N,,,,,COMMUNITY SERVICE OFFICER,Hollywood Police Department,Police Department (PD),5/17/2018 2:36:00 PM,5/17/2018 2:36:00 PM,6,Y,Bicycle,Bicycle,Injury,Non-Incapacitating Injury,DAY,N,N,N,N,N,N,Y,N,N,2,1,0,1,0,0,0,0,0,0,0,1,1,0,0,0,0,2,0,0,0,0,,,,N,0,0,Y,0,0,1,0,1,150,1,400,550,1,0,0,Verified,n/a,588445.7439,2876959.8032,26.008820500946,-80.1161846757956
86784623,2018,08-JUN-2018 02:48 PM,08-JUN-2018 12:00 AM,331806093024,L,1,2,10,44,Broward,Hollywood,Urban,6/8/2018 2:49:00 PM,6/8/2018 2:50:00 PM,6/8/2018 2:50:00 PM,6/8/2018 3:30:00 PM,Y,Law Enforcement,S FEDERAL HWY,,,,32,North,PEMBROKE RD,,U.S.,Paved,Not at Intersection,N,Daylight,Cloudy,Dry,N,Angle,Motor Vehicle in Transport,On Roadway,N,Non-Junction,None,,,None,,,N,,,,,OFFICER,Hollywood Police Department,Police Department (PD),6/16/2018 2:06:00 PM,6/16/2018 2:06:00 PM,8,Y,Single Vehicle,Other,Injury,Non-Incapacitating Injury,DAY,N,N,N,N,N,N,N,N,N,1,1,0,1,0,0,0,0,1,0,0,1,1,0,1,0,0,0,0,0,0,0,,,,N,0,0,Y,0,0,0,0,1,100,1,400,500,1,0,0,Verified,n/a,585808.2403,2875611.8643,25.9968088650494,-80.1426265385786
86785988,2018,26-AUG-2018 05:10 PM,26-AUG-2018 12:00 AM,331808133693,L,1,2,10,44,Broward,Hollywood,Urban,8/26/2018 5:10:00 PM,8/26/2018 5:15:00 PM,8/26/2018 5:30:00 PM,8/26/2018 6:12:00 PM,Y,Law Enforcement,SHERIDAN ST,,,,9,North,N SR 7,,State,Curb,Four-Way Intersection,N,Daylight,Clear,Dry,N,Angle,Motor Vehicle in Transport,On Roadway,N,Intersection,None,,,None,,,Y,Activity Area,Other,N,N,COMMUNITY SERVICE OFFICER,Hollywood Police Department,Police Department (PD),9/26/2018 2:49:00 PM,9/26/2018 2:49:00 PM,31,N,Single Vehicle,Other,No Injury,No Injury,DAY,N,N,N,N,N,N,Y,N,N,2,0,0,0,0,0,0,0,0,0,0,1,1,0,1,0,0,0,0,0,0,0,,,,N,0,0,Y,0,0,6,0,1,500,1,500,1000,0,0,0,Verified,n/a,579203.0405,2879478.4718,26.0320965175159,-80.2083846183764
87015809,2018,02-FEB-2018 05:34 PM,02-FEB-2018 12:00 AM,2018-13823,L,1,3,1,68,Miami-Dade,Miami Beach,Urban,2/2/2018 5:34:00 PM,2/2/2018 5:37:00 PM,2/2/2018 5:45:00 PM,2/2/2018 6:20:00 PM,Y,Law Enforcement,COLLINS AVE (SR A1A),,,,98,North,17TH ST,,State,Curb,Not at Intersection,,Daylight,Clear,Dry,N,"Sideswipe, Same Direction",Pedestrian,On Roadway,N,Non-Junction,None,,,None,,,N,,,,,Off.,Miami Beach Police Department,Police Department (PD),3/19/2018 1:59:00 PM,3/19/2018 1:59:00 PM,45,N,Pedestrian,Pedestrian,No Injury,No Injury,DAY,N,N,N,N,N,N,N,Y,N,3,0,0,0,0,0,0,0,0,0,0,1,1,0,1,0,0,1,0,0,0,0,,,,N,0,0,Y,0,0,1,0,1,30,1,2000,2030,0,0,0,Verified,n/a,587252.4864,2853003.0451,25.792588845982,-80.1296958472253
87047222,2018,07-FEB-2018 02:51 PM,07-FEB-2018 03:25 PM,PPPD18OFF009207,L,1,3,10,68,Broward,Pembroke Pines,Urban,2/7/2018 2:53:00 PM,2/7/2018 3:10:00 PM,2/7/2018 3:16:00 PM,2/7/2018 5:16:00 PM,Y,Law Enforcement,PINES BLVD,,26.0077193565667,-80.3764981683344,69,East,172 A VE,,State,Unpaved,Not at Intersection,N,Daylight,Clear,Dry,N,Other,Pedalcycle,On Roadway,N,Non-Junction,None,,,None,,,N,,,,,PSA,Pembroke Pines Police Department,Police Department (PD),3/7/2018 2:49:00 PM,3/7/2018 2:49:00 PM,28,Y,Bicycle,Bicycle,Injury,Possible Injury,DAY,N,N,N,N,N,N,N,N,N,1,2,2,0,0,0,0,0,0,0,0,2,2,0,1,0,0,0,0,0,0,0,,,,N,0,0,Y,0,0,2,0,1,100,1,20,120,2,0,0,Verified,n/a,562416.7487,2876688.9187,26.0077305172453,-80.3762837201471
87094396,2018,11-JAN-2018 02:08 PM,11-JAN-2018 12:00 AM,101801001713,L,1,2,10,36,Broward,Deerfield Beach,Urban,1/11/2018 2:08:00 PM,1/11/2018 2:08:00 PM,1/11/2018 2:13:00 PM,1/11/2018 3:00:00 PM,Y,Law Enforcement,S OCEAN DR,,,,0,,SE 2ND ST,,State,Paved,Four-Way Intersection,N,Daylight,Clear,Dry,N,Angle,Motor Vehicle in Transport,On Roadway,N,Non-Junction,None,,,None,,,N,,,,,,Broward County Sheriff's Office,Sheriff's Office (SO),1/13/2018 2:46:00 PM,1/13/2018 2:46:00 PM,2,Y,Single Vehicle,Other,Injury,Possible Injury,DAY,N,N,N,N,N,N,N,N,N,1,1,1,0,0,0,0,0,0,0,0,1,1,0,1,0,0,0,0,0,0,0,,,,N,0,0,Y,0,0,0,0,0,0,1,200,200,0,0,0,Verified,n/a,590796.8788,2901549.7058,26.2306866947136,-80.0909764567742
87097903,2018,02-MAR-2018 11:00 AM,02-MAR-2018 12:00 AM,191803000043,S,1,2,10,66,Broward,Pembroke Park,Urban,3/2/2018 11:00:00 AM,3/2/2018 11:03:00 AM,3/2/2018 11:10:00 AM,3/2/2018 11:30:00 AM,Y,Motorist,W HALLANDALE BCH BLVD,,,,,,SW 31ST AV,,State,Paved,Not at Intersection,N,Daylight,Clear,Dry,N,Unknown,Motor Vehicle in Transport,On Roadway,N,Non-Junction,None,,,None,,,N,,,,,,Broward County Sheriff's Office,Sheriff's Office (SO),3/5/2018 2:27:00 PM,,3,N,Single Vehicle,Other,No Injury,No Injury,DAY,N,N,N,N,N,N,N,N,N,2,0,0,0,0,0,0,0,0,0,0,1,1,0,1,0,0,0,0,0,0,0,,,,N,0,0,Y,0,0,0,0,0,0,0,0,0,0,0,0,Preliminary,Computer plot approximate by lat/long,583308.3154,2874286.178,25.9849852579615,-80.1676873214588
87106009,2018,25-APR-2018 08:00 PM,25-APR-2018 09:00 PM,FHPD18OFF040934,L,1,3,17,60,Seminole,Sanford,Rural,4/25/2018 8:25:00 PM,4/25/2018 8:27:00 PM,4/25/2018 8:48:00 PM,4/25/2018 9:33:00 PM,Y,Law Enforcement,E 20TH STREET,,28.79407,-81.2356,133,East,RUFF ROAD,,Local,Unpaved,Not at Intersection,N,Dark - Not Lighted,Clear,Dry,N,Front to Front,Motor Vehicle in Transport,On Roadway,N,Non-Junction,None,,,None,,,N,,,,,TROOPER,Florida Highway Patrol,Florida Highway Patrol (FHP),5/11/2018 2:30:00 PM,5/11/2018 2:30:00 PM,16,Y,Single Vehicle,Other,Injury,Non-Incapacitating Injury,NIGHT,N,N,N,Y,N,N,N,Y,N,2,1,0,1,0,0,0,0,0,0,0,1,1,0,1,0,0,1,0,0,0,0,,,,N,0,0,Y,0,0,1,0,1,200,1,1000,1200,1,0,0,Verified,n/a,476946.7035,3185192.3773,28.7940591809133,-81.2362199246792
87123113,2018,13-FEB-2018 07:01 PM,13-FEB-2018 08:26 PM,FHPD18OFF014796,L,1,2,8,50,Volusia,Ormond Beach,Rural,2/13/2018 7:06:00 PM,2/13/2018 7:08:00 PM,2/13/2018 7:50:00 PM,2/13/2018 9:44:00 PM,Y,Law Enforcement,FLEMING AVENUE,,29.2587101552635,-81.083012893796,16,East,AVENUE C,,Local,Unpaved,Not at Intersection,N,Dark - Not Lighted,Clear,Dry,N,Other,Pedestrian,On Roadway,N,Non-Junction,None,,,None,,,N,,,,,TROOPER,Florida Highway Patrol,Florida Highway Patrol (FHP),2/17/2018 2:22:00 PM,2/17/2018 2:22:00 PM,4,Y,Pedestrian,Pedestrian,Serious Injury,Incapacitating Injury,NIGHT,N,N,N,N,N,N,N,Y,N,1,1,0,0,1,0,0,0,0,0,0,1,1,0,1,0,0,0,0,0,0,0,,,,N,0,0,Y,1,0,1,0,0,0,1,10,10,1,0,0,Verified,n/a,491925.8105,3236649.9936,29.2586929551611,-81.0831050335103
87125858,2018,05-OCT-2018 03:00 PM,05-OCT-2018 05:22 PM,FHPD18OFF101294,S,1,2,7,46,Orange,Orlando,Rural,10/5/2018 3:02:00 PM,10/5/2018 4:29:00 PM,10/5/2018 5:00:00 PM,10/5/2018 6:00:00 PM,Y,Law Enforcement,SATEL DR,,28.60625,-81.41026,499,East,EDGEWATER DRIVE,,Local,Paved,Other,N,Daylight,Clear,Dry,N,Other,Pedestrian,Off Roadway,N,Driveway/Alley Access Related,None,,,None,,,N,,,,,TROOPER,Florida Highway Patrol,Florida Highway Patrol (FHP),10/20/2018 2:31:00 PM,,15,N,Pedestrian,Pedestrian,No Injury,No Injury,DAY,N,N,N,N,N,N,N,N,N,2,0,0,0,0,0,0,0,0,0,0,1,1,0,1,1,0,0,0,0,0,0,0,0,0,N,0,0,Y,0,0,0,0,0,0,0,0,0,0,0,0,Preliminary,Computer mapped confident by address,459939.111,3164568.8158,28.6074907799434,-81.4097627296545
87141814,2018,26-JAN-2018 04:45 PM,09-APR-2020 09:47 AM,FHPD18OFF008772,L,1,2,19,45,Brevard,Merritt Island,Urban,1/26/2018 4:56:00 PM,1/26/2018 5:02:00 PM,1/26/2018 5:25:00 PM,1/26/2018 6:00:00 PM,Y,Law Enforcement,1350 N COURTENAY PKWY,,28.37605,-80.70147,229,North,SR-3 (N COURTENAY PKWY),,State,Unpaved,Not at Intersection,N,Daylight,Clear,Dry,N,Other,Pedalcycle,In Parking Lane or Zone,N,Non-Junction,None,,,None,,,N,,,,,LT,Florida Highway Patrol,Florida Highway Patrol (FHP),4/13/2020 1:40:00 PM,4/13/2020 1:40:00 PM,808,Y,Bicycle,Bicycle,Serious Injury,Incapacitating Injury,DAY,N,N,N,N,N,Y,N,N,N,1,1,0,0,1,0,0,0,0,0,0,1,1,0,1,0,0,0,0,0,0,0,,,,N,0,0,Y,1,0,0,0,1,500,1,100,600,1,0,0,Verified,n/a,529141.8132,3139370.558,28.3803296468416,-80.7025598643342
87149421,2018,29-MAR-2018 07:10 PM,29-MAR-2018 08:41 PM,FHPD18OFF030822,L,1,3,7,52,Orange,Winter Garden,Rural,3/29/2018 7:14:00 PM,3/29/2018 7:52:00 PM,3/29/2018 8:27:00 PM,3/29/2018 9:29:00 PM,Y,Law Enforcement,SOUTHERN MARTIN STREET,,28.44624,-81.61515,,,BROWN PELICAN COURT,,Local,Curb,T-Intersection,N,Dusk,Clear,Dry,N,Angle,Pedestrian,On Roadway,N,Intersection,None,,,None,,,N,,,,,LIEUTENANT,Florida Highway Patrol,Florida Highway Patrol (FHP),4/7/2018 2:28:00 PM,4/7/2018 2:28:00 PM,9,Y,Pedestrian,Pedestrian,Serious Injury,Incapacitating Injury,NIGHT,N,N,N,N,N,N,Y,N,N,2,1,0,0,1,0,0,0,0,0,0,1,1,0,1,0,0,1,0,0,0,0,,,,N,0,0,Y,1,0,0,0,0,0,1,1000,1000,1,0,0,Preliminary,Editor Mapped,439769.0178,3146751.1444,28.4458867068162,-81.6151299392998
87163386,2018,14-APR-2018 10:45 AM,14-APR-2018 11:31 AM,FHPD18OFF036728,L,1,3,19,44,Brevard,Melbourne Beach,Rural,4/14/2018 10:53:00 AM,4/14/2018 10:54:00 AM,4/14/2018 11:23:00 AM,4/14/2018 12:14:00 PM,Y,Law Enforcement,SR-A1A,,28.0156788602471,-80.5330392625183,639,South,PRIVATE DRIVE 3830 SR-A1A,,State,Paved,Not at Intersection,N,Daylight,Clear,Dry,N,Angle,Motor Vehicle in Transport,Off Roadway,N,Driveway/Alley Access Related,None,,,None,,,N,,,,,TROOPER,Florida Highway Patrol,Florida Highway Patrol (FHP),4/23/2018 1:45:00 PM,4/23/2018 1:45:00 PM,9,Y,Single Vehicle,Other,Injury,Non-Incapacitating Injury,DAY,N,N,N,N,N,N,N,N,N,2,1,0,1,0,0,0,0,0,0,0,1,1,0,1,1,0,1,0,0,0,0,,,,N,0,0,Y,0,0,0,0,0,0,1,500,500,0,0,0,Verified,n/a,545959.1832,3098917.732,28.0146900412366,-80.5325065955644
87165965,2018,07-JUN-2018 12:46 PM,07-JUN-2018 01:25 PM,FHPC18OFF061286,L,1,2,47,0,Citrus,Unincorporated,Rural,6/7/2018 12:49:00 PM,6/7/2018 12:50:00 PM,6/7/2018 1:02:00 PM,6/7/2018 1:52:00 PM,Y,Law Enforcement,STATE ROAD 44,,28.84826,-82.37295,115,West,E FOREST DRIVE,,State,Curb,T-Intersection,N,Daylight,Clear,Dry,N,Other,Pedalcycle,Roadside,N,Driveway/Alley Access Related,None,,,None,,,N,,,,,TROOPER,Florida Highway Patrol,Florida Highway Patrol (FHP),6/15/2018 3:16:00 PM,6/15/2018 3:16:00 PM,8,Y,Bicycle,Bicycle,Serious Injury,Incapacitating Injury,DAY,N,N,N,N,N,N,N,N,N,1,1,0,0,1,0,0,0,0,0,0,1,1,0,1,0,0,0,0,0,0,0,,,,N,0,0,Y,1,0,2,0,1,50,1,500,550,1,0,0,Verified,n/a,365925.7584,3192051.899,28.8491765581252,-82.3744716318483
87166093,2018,28-FEB-2018 02:50 PM,28-FEB-2018 03:51 PM,FHPA18OFF008517,L,1,2,43,0,Okaloosa,Unincorporated,Urban,2/28/2018 2:55:00 PM,2/28/2018 2:56:00 PM,2/28/2018 3:00:00 PM,2/28/2018 4:18:00 PM,Y,Law Enforcement,MOONEY RD NE,,30.46565,-86.61151,0,,MELANIE LN,,County,Curb,T-Intersection,N,Daylight,Cloudy,Dry,N,Front to Rear,Motor Vehicle in Transport,On Roadway,N,Intersection,None,,,None,,,N,,,,,TROOPER,Florida Highway Patrol,Florida Highway Patrol (FHP),3/6/2018 2:42:00 PM,3/6/2018 2:42:00 PM,6,Y,Single Vehicle,Other,Injury,Non-Incapacitating Injury,DAY,N,N,N,N,N,N,Y,N,N,1,1,0,1,0,0,0,0,0,0,0,1,1,0,1,0,0,0,0,0,0,0,,,,N,0,0,Y,0,0,1,0,0,0,1,200,200,1,0,0,Verified,n/a,-39093.0921999998,3383795.5997,30.4656386017635,-86.6115008792461
87187899,2018,26-APR-2018 05:25 PM,26-APR-2018 08:06 PM,FHPA18OFF017892,L,1,2,33,0,Santa Rosa,Unincorporated,Rural,4/26/2018 5:28:00 PM,4/26/2018 5:51:00 PM,4/26/2018 7:06:00 PM,4/26/2018 8:32:00 PM,Y,Law Enforcement,TAVIRA ST,,30.41966,-86.87228,504,East,SALAMANCA ST,,Local,Unpaved,Not at Intersection,N,Daylight,Clear,Dry,N,Angle,Pedalcycle,On Roadway,N,Non-Junction,None,,,None,,,N,,,,,TROOPER,Florida Highway Patrol,Florida Highway Patrol (FHP),4/28/2018 2:25:00 PM,4/28/2018 2:25:00 PM,2,Y,Bicycle,Bicycle,Injury,Possible Injury,DAY,N,N,N,N,N,N,N,N,N,1,1,1,0,0,0,0,0,0,0,0,1,1,0,1,0,0,0,0,0,0,0,,,,N,0,0,Y,0,0,0,0,0,0,0,0,0,1,0,0,Verified,n/a,-64492.4499000004,3379967.5342,30.4196488375056,-86.8726778615165
87211762,2018,13-MAY-2018 10:49 AM,13-MAY-2018 11:39 AM,FHPD18OFF047448,L,1,2,7,46,Orange,Orlando,Rural,5/13/2018 10:51:00 AM,5/13/2018 10:59:00 AM,5/13/2018 11:34:00 AM,5/13/2018 12:13:00 PM,Y,Law Enforcement,HARRELL ROAD,,28.57924,-81.26971,149,South,LSU LANE,,Local,Unpaved,Not at Intersection,N,Daylight,Clear,Dry,N,Other,Pedalcycle,On Roadway,N,Non-Junction,None,,,None,,,N,,,,,TROOPER,Florida Highway Patrol,Florida Highway Patrol (FHP),5/26/2018 2:37:00 PM,5/26/2018 2:37:00 PM,13,Y,Bicycle,Bicycle,Injury,Possible Injury,DAY,N,N,N,N,N,N,N,N,N,1,1,1,0,0,0,0,0,0,0,0,1,1,0,1,0,0,0,0,0,0,0,,,,N,0,0,Y,0,0,0,0,0,0,1,500,500,1,0,0,Verified,n/a,473612.8274,3161600.6744,28.581049632806,-81.2698343221499
87215476,2018,18-MAY-2018 03:38 PM,18-MAY-2018 04:13 PM,FHPD18OFF049697,L,1,1,7,0,Orange,Unincorporated,Rural,5/18/2018 3:39:00 PM,5/18/2018 3:45:00 PM,5/18/2018 3:45:00 PM,5/18/2018 4:44:00 PM,Y,Law Enforcement,STATE ROA D 434 (ALAFAYA TRAIL),,28.5767,-81.20769,490,South,HUNTSMAN LANE,,State,Curb,Not at Intersection,N,Daylight,Clear,Dry,N,Angle,Pedalcycle,Off Roadway,N,Driveway/Alley Access Related,None,,,None,,,N,,,,,TROOPER,Florida Highway Patrol,Florida Highway Patrol (FHP),5/20/2018 2:02:00 PM,5/20/2018 2:02:00 PM,2,Y,Bicycle,Bicycle,Injury,Non-Incapacitating Injury,DAY,N,N,N,N,N,Y,N,N,N,0,1,0,1,0,0,0,0,0,0,0,1,1,0,0,0,0,0,0,0,0,0,,,,N,0,0,Y,0,0,0,0,1,150,0,0,150,1,0,0,Verified,n/a,479690.4942,3160956.2846,28.5753424327973,-81.2076732704353
87216709,2018,03-AUG-2018 10:20 PM,03-AUG-2018 10:46 PM,FHPD18OFF078085,L,1,1,19,32,Brevard,Cocoa,Rural,8/3/2018 10:22:00 PM,8/3/2018 10:24:00 PM,8/3/2018 10:33:00 PM,8/3/2018 11:27:00 PM,Y,Law Enforcement,A LANE,,28.3563847438019,-80.788538526955,498,North,MOBILE AVE,,County,Unpaved,Not at Intersection,N,Dark - Not Lighted,Clear,Dry,N,Other,Other Non-Fixed Object,On Roadway,N,Non-Junction,None,,,None,,,N,,,,,TROOPER,Florida Highway Patrol,Florida Highway Patrol (FHP),8/5/2018 1:52:00 PM,8/5/2018 1:52:00 PM,2,Y,Single Vehicle,Other,Injury,Possible Injury,NIGHT,N,N,N,N,N,Y,N,N,N,0,1,1,0,0,0,0,0,0,0,0,1,1,0,0,0,0,0,0,0,0,0,,,,N,0,0,Y,0,0,0,0,1,2500,0,0,2500,1,0,0,Verified,n/a,520725.6228,3136676.4162,28.3561706953742,-80.7885085800423
87226995,2018,18-MAY-2018 08:50 AM,18-MAY-2018 09:49 AM,FHPD18OFF049527,L,1,2,19,54,Brevard,Titusville,Urban,5/18/2018 8:54:00 AM,5/18/2018 9:11:00 AM,5/18/2018 9:29:00 AM,5/18/2018 2:00:00 PM,Y,Law Enforcement,US-1 (WASHINGTON AVE),,28.5455050955676,-80.7951945888926,854,South,STATE ROAD 405 (COLUMBIA AVE),,U.S.,Paved,Not at Intersection,N,Daylight,Cloudy,Dry,N,"Sideswipe, Same Direction",Pedalcycle,On Roadway,N,Non-Junction,None,,,None,,,N,,,,,TROOPER,Florida Highway Patrol,Florida Highway Patrol (FHP),5/19/2018 2:25:00 PM,5/19/2018 2:25:00 PM,1,Y,Bicycle,Bicycle,Serious Injury,Incapacitating Injury,DAY,N,N,N,N,N,N,N,Y,N,1,1,0,0,1,0,0,0,1,0,0,1,1,0,1,0,0,0,0,0,0,0,,,,N,0,0,Y,1,0,2,0,1,300,1,2000,2300,1,0,0,Verified,n/a,519957.4347,3158039.6386,28.5490207988129,-80.7959775612397
87254667,2018,07-SEP-2018 07:40 AM,07-SEP-2018 08:45 AM,FHPD18OFF090832,L,1,2,26,40,Osceola,Kissimmee,Rural,9/7/2018 7:50:00 AM,9/7/2018 7:55:00 AM,9/7/2018 8:22:00 AM,9/7/2018 9:00:00 AM,Y,Law Enforcement,HOAGLAND BLVD,,28.2743,-81.43655,0,,PUG MILL RD,,County,Unpaved,Four-Way Intersection,N,Dawn,Clear,Dry,N,Angle,Pedalcycle,On Roadway,Y,Intersection,None,,,None,,,N,,,,,TROOPER,Florida Highway Patrol,Florida Highway Patrol (FHP),9/11/2018 2:38:00 PM,9/11/2018 2:38:00 PM,4,Y,Bicycle,Bicycle,Injury,Non-Incapacitating Injury,DAY,N,N,Y,N,N,N,Y,N,N,1,1,0,1,0,0,0,0,0,0,0,1,1,0,1,0,0,0,0,0,0,0,,,,N,0,0,Y,0,0,1,0,1,200,1,200,400,1,0,0,Verified,n/a,457186.8592,3127664.2729,28.2742857215169,-81.4365437640791
87280338,2018,10-OCT-2018 08:25 PM,10-OCT-2018 11:42 PM,FHPD18OFF103338,L,1,1,8,52,Volusia,Pierson,Rural,10/10/2018 8:40:00 PM,10/10/2018 8:49:00 PM,10/10/2018 9:35:00 PM,10/11/2018 12:01:00 AM,Y,Law Enforcement,US HIGHWAY 17,,29.2774251293993,-81.4762635560044,677,South,VOLUSIAN FOREST LANE,,U.S.,Unpaved,Not at Intersection,N,Dark - Not Lighted,Clear,Dry,N,Other,Motor Vehicle in Transport,Shoulder,N,Non-Junction,None,,,None,,,N,,,,,TROOPER,Florida Highway Patrol,Florida Highway Patrol (FHP),10/16/2018 2:22:00 PM,10/16/2018 2:22:00 PM,6,Y,Single Vehicle,Other,Injury,Non-Incapacitating Injury,NIGHT,N,N,N,N,N,Y,N,N,N,0,1,0,1,0,0,0,0,0,0,0,1,1,0,0,0,0,0,0,0,0,0,,,,N,0,0,Y,0,0,0,0,1,50,0,0,50,1,0,0,Verified,n/a,453837.5685,3238434.5108,29.2739802627069,-81.4752029581576
87371863,2018,09-APR-2018 06:28 AM,09-APR-2018 07:10 AM,18-244194,L,3,5,3,0,Hillsborough,Unincorporated,Rural,4/9/2018 6:29:00 AM,4/9/2018 6:40:00 AM,4/9/2018 6:44:00 AM,4/9/2018 8:00:00 AM,Y,Law Enforcement,BEARSS AV W,,,,0,,SMITTER RD,,County,Unpaved,Four-Way Intersection,N,Dark - Lighted,Clear,Wet,N,Other,Pedalcycle,On Roadway,N,Intersection,None,,,None,,,N,,,,,DEP,Hillsborough County Sheriff's Office,Sheriff's Office (SO),4/14/2018 2:31:00 PM,4/14/2018 2:31:00 PM,5,Y,Bicycle,Bicycle,Injury,Possible Injury,NIGHT,N,N,N,N,N,N,Y,N,N,4,1,1,0,0,0,0,0,0,0,0,1,1,0,3,0,0,1,0,0,0,0,,,,N,0,0,Y,0,0,2,0,1,200,3,800,1000,1,0,0,Verified,n/a,352904.6347,3107519.9446,28.0849707147113,-82.4971300821294
87385393,2018,24-MAR-2018 12:25 PM,24-MAR-2018 12:00 AM,2018-03102,L,1,3,18,40,Lee,Fort Myers,Urban,3/24/2018 12:29:00 PM,3/24/2018 12:31:00 PM,3/24/2018 12:31:00 PM,3/24/2018 4:18:00 PM,Y,Law Enforcement,BLOUNT ST,2909,,,,,,,Parking Lot,Paved,Not at Intersection,Y,Daylight,Clear,Dry,N,,Other Non-Fixed Object,In Parking Lane or Zone,N,Non-Junction,None,,,None,,,N,,,,,OFFICER,Fort Myers Police Department,Police Department (PD),3/27/2018 2:37:00 PM,3/27/2018 2:37:00 PM,3,Y,Single Vehicle,Other,Injury,Non-Incapacitating Injury,DAY,N,N,N,N,N,N,N,N,N,2,1,0,1,0,0,0,0,0,0,0,1,1,0,1,0,1,1,0,0,0,0,,,,N,0,0,Y,0,0,2,0,0,0,0,0,0,1,0,0,Preliminary,Editor Mapped,415018.4906,2947190.5816,26.6431030089716,-81.8538392383188
87411122,2018,02-FEB-2018 06:43 PM,02-FEB-2018 12:00 AM,MP180007213,L,1,2,19,42,Brevard,Melbourne,Urban,2/2/2018 6:44:00 PM,2/2/2018 6:52:00 PM,2/2/2018 7:01:00 PM,2/2/2018 7:38:00 PM,Y,Law Enforcement,PALM BAY RD,1115,28.03543,-80.642201,,,,,Parking Lot,Curb,Not at Intersection,Y,Dark - Lighted,Clear,Dry,N,,Pedestrian,In Parking Lane or Zone,N,Non-Junction,None,,,None,,,N,,,,,OFFICER,Melbourne Police Department,Police Department (PD),2/10/2018 2:28:00 PM,2/10/2018 2:28:00 PM,8,Y,Pedestrian,Pedestrian,Injury,Possible Injury,DAY,N,N,N,N,N,N,N,N,N,0,1,1,0,0,0,0,0,0,0,0,1,1,0,1,0,0,0,0,0,0,0,,,,N,0,0,Y,0,0,0,0,0,0,0,0,0,1,0,0,Preliminary,Editor Mapped,535168.8865,3101178.3219,28.0354260655803,-80.6421952077709
87429847,2018,27-FEB-2018 07:00 PM,27-FEB-2018 12:00 AM,201805943,L,2,2,10,28,Broward,Coconut Creek,Urban,2/27/2018 7:02:00 PM,2/27/2018 7:03:00 PM,2/27/2018 7:09:00 PM,2/27/2018 8:20:00 PM,Y,Law Enforcement,SR 7,,,,125,North,SR 810,,U.S.,Curb,Not at Intersection,N,Dark - Lighted,Cloudy,Wet,N,Angle,Motor Vehicle in Transport,On Roadway,N,Non-Junction,None,,,None,,,N,,,,,POLICE SERVICE AIDE,Coconut Creek Police Department,Police Department (PD),3/2/2018 2:28:00 PM,3/2/2018 2:28:00 PM,3,Y,Same Direction Sideswipe,Sideswipe,Injury,Possible Injury,NIGHT,N,N,N,N,N,N,N,N,N,1,1,1,0,0,0,0,0,0,1,0,1,1,0,1,0,0,0,0,0,0,0,,,,N,0,0,Y,0,0,1,0,0,0,2,1200,1200,1,0,0,Verified,n/a,579598.8536,2911142.8415,26.3179649546626,-80.2024857222754
87432549,2018,21-MAR-2018 12:00 AM,22-MAR-2018 02:26 PM,2018-11134,L,1,3,1,80,Miami-Dade,North Miami,Urban,3/21/2018 6:32:00 PM,3/21/2018 6:32:00 PM,3/21/2018 6:35:00 PM,3/21/2018 8:00:00 PM,Y,Law Enforcement,N MIAMI AVE,,25.889832,-80.198724,6,West,NE 125TH ST,,Local,Curb,Four-Way Intersection,N,Daylight,Clear,Dry,N,Other,Motor Vehicle in Transport,Off Roadway,N,Non-Junction,None,,,None,,,N,,,,,OFFICER,North Miami Police Department,Police Department (PD),3/24/2018 2:20:00 PM,3/24/2018 2:20:00 PM,3,Y,Single Vehicle,Other,Injury,Possible Injury,NIGHT,N,N,Y,N,N,N,N,N,N,1,2,2,0,0,0,0,0,0,0,0,2,2,0,1,0,0,0,0,0,0,0,,,,N,0,0,Y,0,0,1,0,0,0,0,0,0,0,0,1,Verified,n/a,580271.215,2863715.0999,25.8897098134195,-80.1986738748201
87443630,2018,09-JAN-2018 11:04 AM,09-JAN-2018 12:00 AM,2018-00011136,L,1,2,7,46,Orange,Orlando,Urban,1/9/2018 11:04:00 AM,1/9/2018 11:04:00 AM,1/9/2018 11:17:00 AM,1/9/2018 11:50:00 AM,Y,Law Enforcement,W COLONIAL DR (SR-50),,,,8,East,IRMA DRIVE,,State,Curb,T-Intersection,,Daylight,Clear,Dry,N,Other,Pedalcycle,On Roadway,N,Intersection,None,,,None,,,N,,,,,OFC.,Orlando Police Department,Police Department (PD),1/24/2018 6:45:00 PM,1/24/2018 6:45:00 PM,15,Y,Bicycle,Bicycle,Injury,Non-Incapacitating Injury,DAY,N,N,N,N,N,N,Y,N,N,1,1,0,1,0,0,0,0,0,0,0,1,1,0,1,1,0,0,0,0,0,0,,,,N,0,0,Y,0,0,0,0,0,0,1,2000,2000,1,0,0,Verified,n/a,463307.2472,3158536.3151,28.5531391329178,-81.3751191319904
87458491,2018,15-JAN-2018 05:40 AM,15-JAN-2018 12:00 AM,18-16001,L,1,2,64,0,Collier,Unincorporated,Rural,1/15/2018 5:40:00 AM,1/15/2018 5:41:00 AM,1/15/2018 5:44:00 AM,1/15/2018 6:04:00 AM,Y,Law Enforcement,DAVIS BLVD,,26.138563,-81.747937,941,West,KINGS WAY,,State,Curb,Not at Intersection,N,Dark - Not Lighted,Clear,Dry,N,,Pedalcycle,On Roadway,N,Driveway/Alley Access Related,None,,,None,,,N,,,,,CPL,Collier County Sheriff's Office,Sheriff's Office (SO),1/25/2018 7:16:00 PM,1/25/2018 7:16:00 PM,10,Y,Bicycle,Bicycle,Injury,Non-Incapacitating Injury,NIGHT,N,N,N,N,N,N,N,N,N,1,1,0,1,0,0,0,0,0,0,0,1,1,0,1,1,0,0,0,0,0,0,,,,N,0,0,Y,0,0,0,0,0,0,1,2000,2000,1,0,0,Verified,n/a,425242.2128,2891245.8635,26.1385806442469,-81.7478642674521
87501819,2018,09-JUN-2018 02:02 PM,09-JUN-2018 02:19 PM,390885,L,1,1,2,38,Duval,Jacksonville,Urban,6/9/2018 2:04:00 PM,6/9/2018 2:05:00 PM,6/9/2018 2:09:00 PM,6/9/2018 2:32:00 PM,Y,Law Enforcement,W 21ST STREET,1100,30.3318,-81.705,259,West,,,Local,Curb,Not at Intersection,N,Daylight,Clear,Dry,N,Front to Rear,Pedalcycle,On Roadway,N,Non-Junction,None,,,None,,,N,,,,,OFFICER,Jacksonville Sheriff's Office,Sheriff's Office (SO),6/10/2018 1:47:00 PM,6/10/2018 1:47:00 PM,1,Y,Bicycle,Bicycle,Injury,Non-Incapacitating Injury,DAY,N,N,N,N,N,Y,N,N,N,0,1,0,1,0,0,0,0,0,0,0,1,1,0,0,0,0,0,0,0,0,0,,,,N,0,0,Y,0,0,0,0,1,50,0,0,50,1,0,0,Verified,n/a,435327.7872,3358515.6954,30.356808923145,-81.6729547197312
87509252,2018,10-SEP-2018 11:12 AM,10-SEP-2018 12:00 AM,1809-00048153,L,1,2,19,54,Brevard,Titusville,Urban,9/10/2018 11:12:00 AM,9/10/2018 11:12:00 AM,9/10/2018 11:12:00 AM,9/10/2018 11:34:00 AM,Y,Law Enforcement,2400 HARRISON STREET,2400,,,443,West,,,Local,Paved,T-Intersection,,Daylight,Clear,Dry,N,Angle,Motor Vehicle in Transport,On Roadway,Y,Intersection,None,,,None,,,N,,,,,Off.,Titusville Police Department,Police Department (PD),9/12/2018 2:30:00 PM,9/12/2018 2:30:00 PM,2,Y,Single Vehicle,Other,Injury,Possible Injury,DAY,N,N,N,N,N,N,Y,N,N,1,1,1,0,0,0,0,0,0,0,0,1,1,0,1,0,0,0,0,0,0,0,,,,N,0,0,Y,0,0,0,0,0,0,1,450,450,0,0,0,Verified,n/a,516421.3907,3162551.3385,28.5897951896151,-80.832061319169
87517879,2018,13-JAN-2018 02:41 PM,16-JAN-2018 12:00 AM,2018-22748,L,1,1,3,50,Hillsborough,Tampa,Urban,1/13/2018 2:41:00 PM,1/13/2018 2:45:00 PM,1/13/2018 2:50:00 PM,1/13/2018 2:50:00 PM,N,Law Enforcement,OSBORNE AVE E,3502,,,21,East,35TH ST N,,Local,Paved,Other,N,Daylight,Clear,Dry,N,Front to Rear,Motor Vehicle in Transport,On Roadway,N,Other,None,,,None,,,N,,,,,OFC,Tampa Police Department,Police Department (PD),1/22/2018 4:17:00 PM,,9,Y,Single Vehicle,Other,No Injury,No Injury,DAY,N,N,N,N,N,Y,N,N,N,1,0,0,0,0,0,0,0,0,0,0,1,1,0,0,0,0,0,0,0,0,0,,,,N,0,0,Y,0,0,0,0,0,0,0,0,0,0,0,0,Preliminary,Computer mapped approximate by address,360200.132,3096774.9332,27.9887928160934,-82.4216206070701
87520459,2018,05-MAR-2018 07:25 PM,05-MAR-2018 12:00 AM,2018-118208,L,1,2,3,50,Hillsborough,Tampa,Urban,3/5/2018 7:25:00 PM,3/5/2018 7:26:00 PM,3/5/2018 7:30:00 PM,3/5/2018 8:15:00 PM,Y,Law Enforcement,26TH AVE E,,,,0,,MORGAN ST N,,Local,Curb,Four-Way Intersection,N,Dark - Lighted,Clear,Dry,N,,Pedalcycle,On Roadway,N,Intersection,None,,,None,,,N,,,,,CPL,Tampa Police Department,Police Department (PD),3/7/2018 2:49:00 PM,3/7/2018 2:49:00 PM,2,Y,Bicycle,Bicycle,Injury,Non-Incapacitating Injury,NIGHT,N,N,N,N,N,N,Y,N,N,1,1,0,1,0,0,0,0,0,0,0,1,1,0,1,0,0,0,0,0,0,0,,,,N,0,0,Y,0,0,0,0,1,400,0,0,400,0,0,0,Verified,n/a,356546.4666,3095240.8516,27.9745596404286,-82.4585785973652
87522326,2018,08-APR-2018 01:54 PM,08-APR-2018 12:00 AM,2018-181813,L,1,2,3,50,Hillsborough,Tampa,Urban,4/8/2018 1:59:00 PM,4/8/2018 2:00:00 PM,4/8/2018 2:15:00 PM,4/8/2018 3:00:00 PM,Y,Law Enforcement,NEBRASKA AVE N,,,,157,South,112TH ST E,,Local,Curb,Not at Intersection,N,Daylight,Clear,Dry,N,,Pedalcycle,Outside Right-of-way,N,Driveway/Alley Access Related,None,,,None,,,N,,,,,MPO,Tampa Police Department,Police Department (PD),4/10/2018 2:36:00 PM,4/10/2018 2:36:00 PM,2,Y,Bicycle,Bicycle,Injury,Non-Incapacitating Injury,DAY,N,N,N,N,N,N,N,N,N,1,1,0,1,0,0,0,0,0,0,0,1,1,0,1,1,0,0,0,0,0,0,,,,N,0,0,Y,0,0,1,0,0,0,0,0,0,1,0,0,Verified,n/a,357375.7852,3103547.1672,28.0496080919617,-82.4511531966518
87524627,2018,21-MAY-2018 02:28 PM,21-MAY-2018 12:00 AM,2018-258928,L,1,4,3,50,Hillsborough,Tampa,Urban,5/21/2018 2:30:00 PM,5/21/2018 2:30:00 PM,5/21/2018 2:33:00 PM,5/21/2018 3:15:00 PM,Y,Law Enforcement,SEWARD ST E,1308,,,61,East,13TH ST N,,Local,Unpaved,Not at Intersection,N,Daylight,Rain,Wet,N,,Pedalcycle,On Roadway,N,Non-Junction,None,,,None,,,N,,,,,OFFICER,Tampa Police Department,Police Department (PD),5/23/2018 2:31:00 PM,5/23/2018 2:31:00 PM,2,Y,Bicycle,Bicycle,Injury,Non-Incapacitating Injury,DAY,N,N,N,N,N,N,N,N,N,3,1,0,1,0,0,0,0,1,0,0,2,2,0,1,0,0,1,0,0,0,0,,,,N,0,0,Y,0,0,0,0,0,0,1,100,100,1,0,0,Verified,n/a,357836.7562,3101049.0242,28.0271134267665,-82.4461626388588
87531099,2018,09-SEP-2018 10:06 PM,09-SEP-2018 12:00 AM,2018-463522,L,1,2,3,50,Hillsborough,Tampa,Urban,9/9/2018 10:06:00 PM,9/9/2018 10:16:00 PM,9/9/2018 10:23:00 PM,9/9/2018 11:33:00 PM,Y,Law Enforcement,DALE MABRY HWY S,,,,2,South,BAY TO BAY AVE W,,Local,Curb,Four-Way Intersection,N,Dark - Lighted,Clear,Dry,N,,Pedalcycle,On Roadway,N,Other,None,,,None,,,N,,,,,POLICE OFFICER,Tampa Police Department,Police Department (PD),9/28/2018 2:35:00 PM,9/28/2018 2:35:00 PM,19,Y,Bicycle,Bicycle,Injury,Possible Injury,NIGHT,N,N,N,N,N,N,N,N,N,1,1,1,0,0,0,0,0,0,0,0,1,1,0,1,1,0,0,0,0,0,0,,,,N,0,0,Y,0,0,2,0,0,0,1,200,200,0,0,0,Verified,n/a,351807.7958,3089228.6929,27.9197853143998,-82.5059931753814
87560182,2018,01-JAN-2018 02:38 PM,01-JAN-2018 12:00 AM,18000043,L,1,2,18,41,Lee,Cape Coral,Urban,1/1/2018 2:38:00 PM,1/1/2018 2:39:00 PM,1/1/2018 2:43:00 PM,1/1/2018 3:20:00 PM,Y,Law Enforcement,SE 8TH ST,,,,0,,SE 13TH PL,,Local,Unpaved,Not at Intersection,N,Daylight,Cloudy,Dry,N,Other,Pedalcycle,On Roadway,N,Intersection,None,,,None,,,N,,,,,POLICE OFFICER,Cape Coral Police Department,Police Department (PD),1/4/2018 2:42:00 PM,1/4/2018 2:42:00 PM,3,Y,Bicycle,Bicycle,Injury,Non-Incapacitating Injury,DAY,N,N,N,N,Y,N,Y,N,N,1,1,0,1,0,0,0,0,0,0,0,1,1,0,1,0,0,0,0,0,0,0,,,,N,0,0,Y,0,0,0,0,1,250,1,500,750,0,0,0,Verified,n/a,405768.8385,2946676.349,26.6378721646082,-81.9467257859063
87574711,2018,03-FEB-2018 10:38 AM,03-FEB-2018 12:00 AM,1802030009306,L,1,3,1,66,Miami-Dade,Miami,Urban,2/3/2018 10:41:00 AM,2/3/2018 10:42:00 AM,2/3/2018 10:46:00 AM,2/3/2018 3:07:00 PM,Y,Law Enforcement,NW 17 AVE,,,,25,South,NW 17 AVE AND NW 3 ST,,Local,Paved,Four-Way Intersection,N,Daylight,Rain,Wet,N,,Pedalcycle,On Roadway,N,Other,Road Surface Condition,,,Weather Conditions,,,N,,,,,OFFICER,Miami Police Department,Police Department (PD),2/4/2018 1:53:00 PM,2/4/2018 1:53:00 PM,1,Y,Bicycle,Bicycle,No Injury,No Injury,DAY,N,N,N,N,N,N,N,N,N,3,0,0,0,0,0,0,0,0,0,0,2,2,0,1,1,0,0,0,0,0,0,,,,N,0,0,Y,0,0,1,0,0,0,1,2000,2000,1,0,0,Verified,n/a,577923.863,2851127.6501,25.7761823326542,-80.2228478007058
87591278,2018,31-MAY-2018 08:17 PM,31-MAY-2018 12:00 AM,2018-00020340,L,2,3,19,32,Brevard,Cocoa,Urban,5/31/2018 8:17:00 PM,5/31/2018 8:18:00 PM,5/31/2018 8:25:00 PM,5/31/2018 8:53:00 PM,Y,Law Enforcement,923 W KING ST,923,,,,,,,Local,Paved,Not at Intersection,N,Dark - Lighted,Rain,Wet,N,Angle,Motor Vehicle in Transport,Off Roadway,N,Non-Junction,None,,,None,,,N,,,,,OFFICER,Brevard County Sheriff's Office,Sheriff's Office (SO),6/12/2018 10:33:00 AM,,12,N,Backed Into,Other,No Injury,No Injury,NIGHT,N,N,N,N,N,N,N,N,N,2,0,0,0,0,0,0,0,0,0,0,1,1,0,2,0,0,0,0,0,0,0,0,0,0,N,0,0,Y,0,0,1,0,0,0,2,11000,11000,0,0,0,Unmapped,Unmapped,,,,
87597051,2018,10-JAN-2018 05:45 PM,10-JAN-2018 06:16 PM,021999,L,1,3,2,38,Duval,Jacksonville,Urban,1/10/2018 5:45:00 PM,1/10/2018 5:47:00 PM,1/10/2018 6:00:00 PM,1/10/2018 6:45:00 PM,Y,Law Enforcement,ADVANTAGE LN,3400,30.361929,-81.56767,0,,7500 ADVANTAGE CT,,Local,Curb,T-Intersection,N,Dawn,Cloudy,Wet,N,Angle,Pedestrian,On Roadway,Y,Intersection,None,,,None,,,N,,,,,CSO,Jacksonville Sheriff's Office,Sheriff's Office (SO),1/13/2018 2:46:00 PM,1/13/2018 2:46:00 PM,3,Y,Pedestrian,Pedestrian,Injury,Possible Injury,DAY,N,N,N,N,N,N,Y,N,N,2,1,1,0,0,0,0,0,0,0,0,1,1,0,1,0,0,1,0,0,0,0,,,,N,0,0,Y,0,0,0,0,0,0,1,250,250,0,0,0,Verified,n/a,445452.3861,3359030.9466,30.3619582588065,-81.5676335409933
87612526,2018,27-JUN-2018 10:26 AM,27-JUN-2018 10:43 AM,435616,L,1,2,2,38,Duval,Jacksonville,Urban,6/27/2018 10:29:00 AM,6/27/2018 10:29:00 AM,6/27/2018 10:45:00 AM,6/27/2018 11:01:00 AM,Y,Law Enforcement,W EDGEWOOD AVE/ SR 111,1800,30.384336,-81.690347,0,,7700 REED ST,,Local,Paved,T-Intersection,N,Daylight,Clear,Dry,N,Angle,Pedestrian,On Roadway,N,Intersection,None,,,None,,,N,,,,,CSO,Jacksonville Sheriff's Office,Sheriff's Office (SO),6/29/2018 2:42:00 PM,6/29/2018 2:42:00 PM,2,N,Pedestrian,Pedestrian,No Injury,No Injury,DAY,N,N,N,N,N,N,Y,N,N,2,0,0,0,0,0,0,0,1,0,0,1,1,0,1,1,0,0,0,0,0,0,,,,N,0,0,Y,0,0,0,0,0,0,1,50,50,0,0,0,Verified,n/a,433684.6898,3361599.3512,30.3845449867829,-81.6902465835087
87637040,2018,12-MAY-2018 06:39 PM,12-MAY-2018 12:00 AM,PD180512175722,L,1,3,1,0,Miami-Dade,Unincorporated,Rural,5/12/2018 6:39:00 PM,5/12/2018 6:40:00 PM,5/12/2018 7:01:00 PM,5/12/2018 7:57:00 PM,Y,Law Enforcement,SW 143RD AVE,,,,0,North,SW 158TH ST,,County,Paved,Not at Intersection,,Daylight,Clear,Dry,N,Angle,Motor Vehicle in Transport,On Roadway,N,Non-Junction,None,,,None,,,N,,,,,OFC.,Miami-Dade Police Department,Police Department (PD),5/23/2018 2:31:00 PM,5/23/2018 2:31:00 PM,11,Y,Single Vehicle,Other,Injury,Possible Injury,DAY,N,N,N,N,N,N,N,N,N,2,1,1,0,0,0,0,0,0,0,0,1,1,0,1,0,0,1,0,0,0,0,,,,N,0,0,Y,0,0,1,0,2,200,1,400,600,0,0,0,Verified,n/a,557824.8306,2833783.4681,25.6205007159864,-80.4240445163084
87646142,2018,25-JUL-2018 09:00 AM,25-JUL-2018 12:00 AM,PD180725271320,L,2,3,1,0,Miami-Dade,Unincorporated,Urban,7/25/2018 10:25:00 AM,7/25/2018 10:28:00 AM,7/25/2018 10:44:00 AM,7/25/2018 12:30:00 PM,N,Law Enforcement,SW 187TH AVENUE,,,,101,West,SW 298TH STREET,,County,Paved,Not at Intersection,,Daylight,Clear,Dry,N,Angle,Motor Vehicle in Transport,On Roadway,N,Non-Junction,None,,,None,,,N,,,,,OFC.,Miami-Dade Police Department,Police Department (PD),8/21/2018 4:36:00 PM,8/21/2018 4:36:00 PM,27,Y,Unknown,Unknown,Injury,Non-Incapacitating Injury,DAY,N,N,N,N,N,Y,N,N,N,2,1,0,1,0,0,0,0,0,0,0,1,1,0,2,0,0,0,0,0,0,0,,,,N,0,0,Y,0,0,0,0,0,0,0,0,0,0,0,1,Verified,n/a,550843.444,2819285.9086,25.4898443910778,-80.4941292384235
87667831,2018,20-MAY-2018 12:10 PM,20-MAY-2018 12:00 AM,2018-024237,L,1,2,5,0,Polk,Unincorporated,Rural,5/20/2018 12:25:00 PM,5/20/2018 12:27:00 PM,5/20/2018 12:44:00 PM,5/20/2018 1:53:00 PM,Y,Law Enforcement,TOURNAMENT LANE,,,,0,,COUNTRY CLUB ROAD,,Local,Unpaved,T-Intersection,Y,Daylight,Rain,Wet,N,Angle,Motor Vehicle in Transport,On Roadway,N,Intersection,None,,,None,,,N,,,,,Dep.,Polk County Sheriff's Office,Sheriff's Office (SO),5/25/2018 2:09:00 PM,5/25/2018 2:09:00 PM,5,Y,Single Vehicle,Other,Injury,Possible Injury,DAY,N,N,N,N,N,N,Y,N,N,1,1,1,0,0,0,0,0,0,0,0,1,1,0,1,0,0,0,0,0,0,0,,,,N,0,0,Y,0,0,0,0,0,0,1,500,500,0,0,0,Verified,n/a,454995.3506,3112097.9664,28.1336995158568,-81.4582888822717
87704500,2018,09-OCT-2018 04:20 PM,09-OCT-2018 12:00 AM,0218018663,L,1,2,11,34,Alachua,Gainesville,Urban,10/9/2018 4:26:00 PM,10/9/2018 4:27:00 PM,10/9/2018 4:49:00 PM,10/9/2018 6:45:00 PM,Y,Law Enforcement,NW 3RD AVE,,,,20,South,SR 20 (NW 6TH ST),,Local,Curb,Four-Way Intersection,N,Daylight,Clear,Dry,N,Angle,Pedalcycle,On Roadway,N,Intersection,None,,,None,,,N,,,,,POLICE SERVICE TECHNICIAN 1,Gainesville Police Department,Police Department (PD),10/11/2018 1:47:00 PM,10/11/2018 1:47:00 PM,2,Y,Bicycle,Bicycle,Injury,Non-Incapacitating Injury,DAY,N,N,N,N,N,N,Y,N,N,1,1,0,1,0,0,0,0,0,0,0,1,1,0,1,0,0,0,0,0,0,0,,,,N,0,0,Y,0,0,1,0,1,300,1,1000,1300,0,0,0,Verified,n/a,371758.6272,3281175.5083,29.653955026211,-82.3250131577971
87716559,2018,07-AUG-2018 03:00 PM,07-AUG-2018 04:00 PM,18-544738,L,1,2,3,0,Hillsborough,Unincorporated,Rural,8/7/2018 3:10:00 PM,8/7/2018 3:12:00 PM,8/7/2018 3:17:00 PM,8/7/2018 6:22:00 PM,Y,Law Enforcement,TERRA VISTA ST,,,,,,COLLINA HILL PL,,Private Roadway,Curb,Not at Intersection,N,Daylight,Clear,Dry,N,Angle,Pedestrian,On Roadway,N,Non-Junction,None,,,None,,,N,,,,,DEP,Hillsborough County Sheriff's Office,Sheriff's Office (SO),8/11/2018 2:17:00 PM,8/11/2018 2:17:00 PM,4,Y,Pedestrian,Pedestrian,Injury,Non-Incapacitating Injury,DAY,N,N,N,N,N,N,N,N,N,1,1,0,1,0,0,0,0,0,0,0,1,1,0,1,0,0,0,0,0,0,0,,,,N,0,0,Y,0,0,0,0,0,0,1,100,100,0,0,1,Preliminary,Editor Mapped,375343.0164,3089525.7036,27.9248730034111,-82.2669015389158
87718301,2018,03-MAR-2018 11:52 AM,03-MAR-2018 12:00 AM,18-104590,S,1,2,18,30,Lee,Bonita Springs,Urban,3/3/2018 11:52:00 AM,3/3/2018 12:04:00 PM,3/3/2018 12:18:00 PM,3/3/2018 1:03:00 PM,Y,Law Enforcement,EDITH LN,,,,0,,BONITA BEACH RD,,Local,Paved,T-Intersection,N,Daylight,Clear,Dry,N,,Pedalcycle,On Roadway,N,Intersection,None,,,None,,,N,,,,,DEPUTY,Lee County Sheriff's Office,Sheriff's Office (SO),3/5/2018 2:27:00 PM,,2,N,Bicycle,Bicycle,No Injury,No Injury,DAY,N,N,N,N,N,N,Y,N,N,2,0,0,0,0,0,0,0,0,0,0,1,1,0,1,0,0,0,0,0,0,0,,,,N,0,0,Y,0,0,1,0,0,0,0,0,0,0,0,0,Preliminary,Computer mapped approximate by address,424394.0817,2912599.6847,26.3313352063735,-81.7575968492174
87744700,2018,18-NOV-2018 12:20 PM,18-NOV-2018 12:00 AM,18-069293,S,1,2,16,50,Sarasota,Sarasota,Urban,11/18/2018 12:20:00 PM,11/18/2018 12:20:00 PM,11/18/2018 12:25:00 PM,11/18/2018 12:50:00 PM,Y,Motorist,BAY ST.,,,,0,,S TAMIAMI TRL,,State,Curb,Not at Intersection,,Daylight,Clear,Dry,N,Angle,Motor Vehicle in Transport,On Roadway,N,Non-Junction,None,,,None,,,N,,,,,OFC.,Sarasota Police Department,Police Department (PD),11/28/2018 3:08:00 PM,,10,N,Single Vehicle,Other,No Injury,No Injury,DAY,N,N,N,N,N,N,N,N,N,2,0,0,0,0,0,0,0,0,0,0,1,1,0,1,1,0,0,0,0,0,0,,,,N,0,0,Y,0,0,1,0,0,0,0,0,0,0,0,0,Preliminary,Computer mapped approximate by address,348610.2543,3023651.7943,27.3276249786906,-82.5302265971189
87748837,2018,01-MAY-2018 05:03 PM,01-MAY-2018 12:00 AM,18004495,L,1,2,4,46,Pinellas,Largo,Urban,5/1/2018 5:03:00 PM,5/1/2018 5:07:00 PM,5/1/2018 5:10:00 PM,5/1/2018 5:36:00 PM,Y,Law Enforcement,WEST BAY DR,1290,,,39,West,,,Parking Lot,Paved,Other,N,Daylight,Clear,Dry,N,Angle,Motor Vehicle in Transport,On Roadway,N,Non-Junction,None,,,None,,,N,,,,,OFFICER,Largo Police Department,Police Department (PD),5/4/2018 2:31:00 PM,5/4/2018 2:31:00 PM,3,Y,Single Vehicle,Other,Injury,Possible Injury,DAY,N,N,N,N,N,N,N,N,N,1,1,1,0,0,0,0,0,0,0,0,1,1,0,1,0,0,0,0,0,0,0,,,,N,0,0,Y,0,0,1,0,0,0,1,1000,1000,0,0,0,Preliminary,Editor Mapped,322694.6,3089295.8305,27.9168396000167,-82.801754574805
87798958,2018,20-APR-2018 09:00 AM,20-APR-2018 12:00 AM,18-032550,L,1,4,16,50,Sarasota,Sarasota,Urban,4/20/2018 9:04:00 AM,4/20/2018 9:09:00 AM,4/20/2018 9:28:00 AM,4/20/2018 11:00:00 AM,Y,Law Enforcement,BEE RIDGE RD,3600,27.298657,-82.496692,51,South,,,Parking Lot,Paved,Not at Intersection,N,Daylight,Clear,Dry,N,,Pedalcycle,Roadside,N,Non-Junction,None,,,None,,,N,,,,,DEPUTY,Sarasota County Sheriff's Office,Sheriff's Office (SO),4/21/2018 2:12:00 PM,4/21/2018 2:12:00 PM,1,Y,Bicycle,Bicycle,Injury,Non-Incapacitating Injury,DAY,N,N,N,N,N,N,N,N,N,3,1,0,1,0,0,0,0,0,0,0,1,1,0,1,0,0,2,0,0,0,0,,,,N,0,0,Y,0,0,1,0,0,0,1,500,500,1,0,0,Preliminary,Editor Mapped,351889.7184,3020401.3977,27.2986488729457,-82.4966937043558
87749547,2018,11-APR-2018 05:24 PM,11-APR-2018 12:00 AM,18003683,L,1,2,4,46,Pinellas,Largo,Urban,4/11/2018 5:23:00 PM,4/11/2018 5:24:00 PM,4/11/2018 5:29:00 PM,4/11/2018 5:54:00 PM,Y,Law Enforcement,ULMERTON RD,7177,,,,,,,Parking Lot,Curb,Not at Intersection,N,Daylight,Clear,Dry,N,Angle,Pedalcycle,Roadside,N,Non-Junction,None,,,None,,,N,,,,,OFFICER,Largo Police Department,Police Department (PD),4/16/2018 2:00:00 PM,,5,Y,Bicycle,Bicycle,Injury,Possible Injury,DAY,N,N,N,N,N,N,N,N,N,1,1,1,0,0,0,0,0,0,0,0,1,1,0,1,0,0,0,0,0,0,0,,,,N,0,0,Y,0,0,1,0,1,350,1,250,600,0,0,0,Unmapped,Unmapped,,,,
87749856,2018,30-JUL-2018 03:55 PM,30-JUL-2018 12:00 AM,18007909,L,1,3,4,46,Pinellas,Largo,Urban,7/30/2018 3:55:00 PM,7/30/2018 3:57:00 PM,7/30/2018 4:05:00 PM,7/30/2018 6:48:00 PM,Y,Law Enforcement,S BELCHER RD,,,,0,,ULMERTON RD,,County,Curb,Four-Way Intersection,Y,Daylight,Rain,Wet,N,Angle,Pedalcycle,On Roadway,N,Intersection,None,,,Weather Conditions,,,N,,,,,OFFICER,Largo Police Department,Police Department (PD),8/14/2018 2:16:00 PM,8/14/2018 2:16:00 PM,15,Y,Bicycle,Bicycle,Injury,Non-Incapacitating Injury,DAY,N,N,N,N,N,N,Y,N,N,2,1,0,1,0,0,0,0,0,0,0,1,1,0,1,1,0,1,0,0,0,0,,,,N,0,0,Y,0,0,1,0,0,0,1,300,300,1,0,0,Verified,n/a,328159.2511,3086725.4723,27.8943617266638,-82.7458723869252
87754993,2018,01-NOV-2018 05:36 PM,01-NOV-2018 12:00 AM,2018-106639,L,1,2,1,68,Miami-Dade,Miami Beach,Urban,11/1/2018 5:36:00 PM,11/1/2018 5:37:00 PM,11/1/2018 5:38:00 PM,11/1/2018 6:00:00 PM,Y,Law Enforcement,72ND ST,,,,30,South,BYRON AVE,,Local,Paved,Four-Way Intersection,,Daylight,Clear,Dry,N,Angle,Pedalcycle,On Roadway,N,Non-Junction,None,,,None,,,N,,,,,Off.,Miami Beach Police Department,Police Department (PD),11/9/2018 2:26:00 PM,11/9/2018 2:26:00 PM,8,Y,Bicycle,Bicycle,Injury,Non-Incapacitating Injury,DAY,N,N,N,N,N,N,N,N,N,1,1,0,1,0,0,0,0,0,0,0,1,1,0,1,0,0,0,0,0,0,0,,,,N,0,0,Y,0,0,1,0,2,1000,1,1500,2500,0,0,0,Verified,n/a,587847.1786,2860137.2624,25.8569682099482,-80.1232902881314
87755052,2018,09-OCT-2018 04:57 PM,09-OCT-2018 12:00 AM,2018-99666,L,1,3,1,68,Miami-Dade,Miami Beach,Urban,10/9/2018 4:57:00 PM,10/9/2018 4:59:00 PM,10/9/2018 5:01:00 PM,10/9/2018 5:30:00 PM,Y,Law Enforcement,ALTON RD,,,,0,,15TH TER,,State,Curb,T-Intersection,,Daylight,Clear,Dry,N,"Sideswipe, Opposite Direction",Motor Vehicle in Transport,On Roadway,N,Non-Junction,None,,,None,,,N,,,,,Off.,Miami Beach Police Department,Police Department (PD),10/14/2018 1:50:00 PM,10/14/2018 1:50:00 PM,5,Y,Single Vehicle,Other,Serious Injury,Incapacitating Injury,DAY,N,N,N,N,N,N,N,Y,N,2,1,0,0,1,0,0,0,0,0,0,1,1,0,1,0,0,1,0,0,0,0,,,,N,0,0,Y,1,0,0,0,1,500,1,1000,1500,1,0,0,Verified,n/a,586109.6273,2852513.2902,25.7882345580239,-80.1411261843978
87765454,2018,02-MAY-2018 04:28 PM,25-JUL-2018 12:00 AM,341805069209,L,1,1,10,38,Broward,Fort Lauderdale,Urban,5/2/2018 4:29:00 PM,5/2/2018 4:44:00 PM,5/2/2018 4:57:00 PM,5/2/2018 6:12:00 PM,Y,Law Enforcement,NW 8TH CT,,,,0,East,NW 18TH AV,,Local,Unpaved,Four-Way Intersection,N,Daylight,Clear,Dry,N,Front to Rear,Pedestrian,On Roadway,N,Non-Junction,None,,,None,,,N,,,,,PUBLIC SERVICE AIDE,Fort Lauderdale Police Department,Police Department (PD),7/28/2018 2:18:00 PM,7/28/2018 2:18:00 PM,87,Y,Pedestrian,Pedestrian,Injury,Non-Incapacitating Injury,DAY,N,N,N,N,N,Y,N,N,N,0,1,0,1,0,0,0,0,0,0,0,1,1,0,0,0,0,0,0,0,0,0,,,,N,0,0,Y,0,0,0,0,0,0,0,0,0,1,0,0,Verified,n/a,583351.8871,2890704.4462,26.1332204708971,-80.1662034281357
87766747,2018,17-JUN-2018 08:11 PM,17-JUN-2018 12:00 AM,341806096512,L,1,1,10,38,Broward,Fort Lauderdale,Urban,6/17/2018 8:11:00 PM,6/17/2018 9:36:00 PM,6/17/2018 9:50:00 PM,6/17/2018 10:25:00 PM,Y,Law Enforcement,N FT LAUDERDALE BCH BLVD,209,,,9,South,,,State,Paved,Not at Intersection,N,Dark - Lighted,Clear,Dry,N,Angle,Pedalcycle,On Roadway,N,Non-Junction,None,,,None,,,N,,,,,PUBLIC SERVICE AIDE,Fort Lauderdale Police Department,Police Department (PD),6/29/2018 2:42:00 PM,6/29/2018 2:42:00 PM,12,N,Bicycle,Bicycle,No Injury,No Injury,NIGHT,N,N,N,N,N,N,N,N,N,1,0,0,0,0,0,0,0,0,0,0,1,1,0,0,0,0,0,0,0,0,0,,,,N,0,0,Y,0,0,0,0,0,0,1,50,50,1,0,0,Verified,n/a,589618.4443,2889928.0597,26.1258344814142,-80.103576405906
87767329,2018,07-JUL-2018 07:44 PM,07-JUL-2018 12:00 AM,341807108415,L,1,2,10,38,Broward,Fort Lauderdale,Urban,7/7/2018 7:44:00 PM,7/7/2018 10:24:00 PM,7/7/2018 10:44:00 PM,7/7/2018 11:10:00 PM,N,Law Enforcement,N BIRCH ROAD,,,,49,South,GRANADA STREET,,Local,Paved,Not at Intersection,N,Daylight,Clear,Dry,N,Front to Rear,Pedalcycle,On Roadway,N,Non-Junction,None,,,None,,,N,,,,,PUBLIC SERVICE AIDE,Fort Lauderdale Police Department,Police Department (PD),7/13/2018 2:13:00 PM,7/13/2018 2:13:00 PM,6,Y,Bicycle,Bicycle,Injury,Non-Incapacitating Injury,NIGHT,N,N,N,N,N,N,N,N,N,1,1,0,1,0,0,0,0,0,0,0,1,1,0,1,0,0,0,0,0,0,0,,,,N,0,0,Y,0,0,0,0,0,0,1,100,100,1,0,0,Verified,n/a,589402.7847,2889989.9032,26.1264062409302,-80.1057291157071
87771028,2018,14-NOV-2018 06:01 PM,14-NOV-2018 12:00 AM,341811183539,L,1,2,10,38,Broward,Fort Lauderdale,Urban,11/14/2018 6:01:00 PM,11/14/2018 6:02:00 PM,11/14/2018 6:15:00 PM,11/14/2018 9:00:00 PM,Y,Law Enforcement,SR A1A,,,,9,North,NE 16TH ST,,State,Curb,T-Intersection,N,Daylight,Clear,Dry,N,Other,Pedalcycle,On Roadway,N,Non-Junction,None,,,None,,,N,,,,,PUBLIC SERVICE AIDE,Fort Lauderdale Police Department,Police Department (PD),11/18/2018 4:56:00 PM,11/18/2018 4:56:00 PM,4,Y,Bicycle,Bicycle,Injury,Possible Injury,DAY,N,N,N,N,N,N,N,N,N,1,1,1,0,0,0,0,0,0,0,0,1,1,0,1,0,0,0,0,0,0,0,,,,N,0,0,Y,0,0,0,0,1,50,1,50,100,1,0,0,Verified,n/a,589816.9152,2892401.7796,26.1481562856467,-80.1014204163574
87772081,2018,18-DEC-2018 07:00 PM,19-DEC-2018 12:00 AM,341812202878,L,1,2,10,38,Broward,Fort Lauderdale,Urban,12/18/2018 7:04:00 PM,12/18/2018 7:04:00 PM,12/18/2018 7:11:00 PM,12/18/2018 8:50:00 PM,Y,Law Enforcement,N FEDERAL HWY,,,,0,,NE 4TH ST,,U.S.,Curb,Not at Intersection,N,Dark - Lighted,Clear,Dry,N,Angle,Motor Vehicle in Transport,On Roadway,N,Non-Junction,None,,,None,,,N,,,,,PUBLIC SERVICE AIDE,Fort Lauderdale Police Department,Police Department (PD),12/21/2018 2:38:00 PM,1/28/2021 2:21:00 PM,3,Y,Single Vehicle,Other,Injury,Possible Injury,NIGHT,N,N,N,N,N,N,N,N,N,1,1,1,0,0,0,0,0,0,0,0,1,1,0,1,1,0,0,0,0,0,0,,,,N,0,0,Y,0,0,0,0,0,0,1,1000,1000,1,0,0,Verified,n/a,586246.3868,2889934.2312,26.1260960222582,-80.137302456032
87782457,2018,20-FEB-2018 11:07 PM,21-FEB-2018 12:00 AM,180200575,L,1,1,24,40,St. Lucie,Fort Pierce,Urban,2/20/2018 11:07:00 PM,2/20/2018 11:19:00 PM,2/20/2018 11:20:00 PM,2/20/2018 1:31:00 AM,N,Law Enforcement,S US HIGHWAY 1,511,,,191,South,,,U.S.,Curb,Not at Intersection,Y,Dark - Lighted,Clear,Wet,N,Other,Pedalcycle,On Roadway,N,Non-Junction,None,,,None,,,N,,,,,,Fort Pierce Police Department,Police Department (PD),2/22/2018 2:28:00 PM,2/22/2018 2:28:00 PM,2,Y,Bicycle,Bicycle,Injury,Non-Incapacitating Injury,NIGHT,N,N,N,N,N,Y,N,N,N,0,1,0,1,0,0,0,0,0,0,0,1,1,0,0,0,0,0,0,0,0,0,,,,N,0,0,Y,0,0,1,0,0,0,0,0,0,1,0,0,Verified,n/a,566618.4889,3035653.1277,27.4427237075577,-80.3258944635442
87783218,2018,10-JUN-2018 02:43 PM,10-JUN-2018 12:00 AM,180600282,S,1,3,24,40,St. Lucie,Fort Pierce,Urban,6/10/2018 2:43:00 PM,6/10/2018 2:44:00 PM,6/10/2018 3:00:00 PM,6/10/2018 3:23:00 PM,Y,Motorist,N US HIGHWAY 1,,,,0,,AVENUE O,,State,Curb,T-Intersection,N,Daylight,Clear,Dry,N,Angle,Motor Vehicle in Transport,On Roadway,N,Intersection,None,,,None,,,N,,,,,,Fort Pierce Police Department,Police Department (PD),6/12/2018 2:20:00 PM,,2,N,Single Vehicle,Other,No Injury,No Injury,DAY,N,N,N,N,N,N,Y,N,N,3,0,0,0,0,0,0,0,0,0,0,1,1,0,1,0,0,1,0,0,0,0,0,0,0,N,0,0,Y,0,0,0,0,0,0,1,500,500,0,0,0,Preliminary,Computer mapped approximate by address,566200.713,3037934.0521,27.4633348918079,-80.3299972320305
87783632,2018,13-AUG-2018 01:34 PM,15-AUG-2018 12:00 AM,180800354,L,1,3,24,40,St. Lucie,Fort Pierce,Urban,8/13/2018 1:34:00 PM,8/13/2018 1:34:00 PM,8/13/2018 1:34:00 PM,8/13/2018 2:52:00 PM,Y,Motorist,S US HIGHWAY 1,,,,88,South,GEORGIA AVE,,State,Curb,"Five-Point, or More",N,Daylight,Clear,Dry,N,Other,Pedalcycle,On Roadway,N,Intersection,None,,,None,,,N,,,,,,Fort Pierce Police Department,Police Department (PD),8/16/2018 2:10:00 PM,8/16/2018 2:10:00 PM,3,Y,Bicycle,Bicycle,Injury,Possible Injury,DAY,N,N,N,N,N,N,Y,N,N,2,1,1,0,0,0,0,0,0,0,0,1,1,0,1,1,0,1,0,0,0,0,,,,N,0,0,Y,0,0,0,0,0,0,1,100,100,1,0,0,Verified,n/a,566619.5037,3035283.6902,27.4393885979866,-80.3259044636605
87790225,2018,25-MAR-2018 06:33 AM,21-JUN-2018 12:00 AM,18-003217,L,1,2,19,46,Brevard,Palm Bay,Urban,3/25/2018 6:33:00 AM,3/25/2018 6:34:00 AM,3/25/2018 6:38:00 AM,3/25/2018 8:20:00 AM,N,Law Enforcement,MINTON RD NE,,28.032228,-80.67156,0,,EMERSON DR NE,,County,Paved,Four-Way Intersection,Y,Dark - Lighted,Clear,Dry,N,,Pedalcycle,On Roadway,Y,Intersection,None,,,None,,,N,,,,,OFC,Palm Bay Police Department,Police Department (PD),6/23/2018 2:16:00 PM,6/23/2018 2:16:00 PM,90,Y,Bicycle,Bicycle,Serious Injury,Incapacitating Injury,NIGHT,N,N,N,N,N,N,Y,N,N,1,1,0,0,1,0,0,0,0,0,0,1,1,0,1,0,0,0,0,0,0,0,,,,N,0,0,Y,1,0,1,0,0,0,1,1500,1500,1,0,0,Verified,n/a,532287.1422,3100810.0628,28.0321749805993,-80.6715234749488
87800561,2018,09-AUG-2018 01:02 PM,09-AUG-2018 12:00 AM,18-065459,L,1,5,16,50,Sarasota,Sarasota,Urban,8/9/2018 1:04:00 PM,8/9/2018 1:06:00 PM,8/9/2018 1:13:00 PM,8/9/2018 2:09:00 PM,Y,Law Enforcement,COLONIA LN E,,27.116095,-82.44926,0,West,TAMIAMI TRL S,,U.S.,Paved,Four-Way Intersection,N,Daylight,Clear,Dry,N,,Other Non-Fixed Object,On Roadway,N,Intersection-Related,None,,,None,,,N,,,,,DEPUTY,Sarasota County Sheriff's Office,Sheriff's Office (SO),8/14/2018 2:16:00 PM,8/14/2018 2:16:00 PM,5,N,Single Vehicle,Other,No Injury,No Injury,DAY,N,N,N,N,N,N,Y,N,N,5,0,0,0,0,0,0,0,0,0,0,1,1,0,1,0,0,3,0,0,0,0,,,,N,0,0,Y,0,0,0,0,0,0,1,50,50,1,0,0,Verified,n/a,356346.8388,3000104.9981,27.1159400585031,-82.4492932571366
87808798,2018,08-NOV-2018 06:20 PM,08-NOV-2018 12:00 AM,2018034470,L,1,2,1,54,Miami-Dade,Hialeah,Urban,11/8/2018 6:20:00 PM,11/8/2018 6:21:00 PM,11/8/2018 6:24:00 PM,11/8/2018 7:20:00 PM,Y,Law Enforcement,E 10TH AVE,,25.843551,-80.26208,0,,E 23RD ST,,Local,Paved,Four-Way Intersection,N,Dark - Not Lighted,Clear,Dry,N,,Pedalcycle,On Roadway,N,Intersection,None,,,None,,,N,,,,,OFFICER,Hialeah Police Department,Police Department (PD),11/10/2018 3:13:00 PM,11/10/2018 3:13:00 PM,2,Y,Bicycle,Bicycle,Injury,Non-Incapacitating Injury,DAY,N,N,N,N,N,N,Y,N,N,1,1,0,1,0,0,0,0,0,0,0,1,1,0,1,0,0,0,0,0,0,0,,,,N,0,0,Y,0,0,1,0,0,0,1,1000,1000,1,0,0,Verified,n/a,573949.6947,2858562.5178,25.8435205964329,-80.2620645978556
87816381,2018,20-DEC-2018 04:51 PM,08-FEB-2019 12:00 AM,331812190549,L,1,2,10,44,Broward,Hollywood,Urban,12/20/2018 4:51:00 PM,12/20/2018 4:51:00 PM,12/20/2018 4:53:00 PM,12/20/2018 7:00:00 PM,Y,Law Enforcement,N FEDERAL HWY,,,,0,,JOHNSON ST,,U.S.,Curb,Four-Way Intersection,Y,Daylight,Cloudy,Dry,N,Angle,Pedalcycle,On Roadway,N,Intersection,None,,,None,,,N,,,,,COMMUNITY SERVICE OFFICER,Hollywood Police Department,Police Department (PD),2/22/2019 2:36:00 PM,2/22/2019 2:36:00 PM,64,Y,Bicycle,Bicycle,Serious Injury,Incapacitating Injury,DAY,N,N,N,N,N,N,Y,N,N,1,1,0,0,1,0,0,0,0,0,0,1,1,0,1,0,0,0,0,0,0,0,,,,N,0,0,Y,1,0,0,0,1,100,1,2500,2600,1,0,0,Verified,n/a,585731.5838,2878051.8436,26.0188435791566,-80.143232547309
87827159,2018,02-AUG-2018 10:10 AM,02-AUG-2018 12:00 AM,2018-00071762,L,1,3,61,53,Flagler,Palm Coast,Urban,8/2/2018 10:10:00 AM,8/2/2018 10:11:00 AM,8/2/2018 10:17:00 AM,8/2/2018 11:05:00 AM,Y,Law Enforcement,BELLE TERRE PKWY,,,,51,West,EASTHAMPTON BLVD,,Local,Paved,Four-Way Intersection,N,Daylight,Clear,Dry,N,Angle,Motor Vehicle in Transport,On Roadway,N,Intersection-Related,None,,,None,,,N,,,,,DEPUTY,Flagler County Sheriff's Office,Sheriff's Office (SO),8/31/2018 12:17:00 AM,8/31/2018 12:17:00 AM,29,Y,Single Vehicle,Other,Injury,Possible Injury,DAY,N,N,N,Y,N,N,Y,N,N,1,2,2,0,0,0,0,0,0,0,0,2,2,0,1,1,0,0,0,0,0,0,,,,N,0,0,Y,0,0,1,0,1,50,1,150,200,0,0,2,Verified,n/a,478543.1651,3262348.8211,29.4904784637871,-81.2213489539073
87847501,2018,07-APR-2018 01:05 PM,07-APR-2018 12:00 AM,1804070026644,L,1,3,1,66,Miami-Dade,Miami,Urban,4/7/2018 1:05:00 PM,4/7/2018 1:06:00 PM,4/7/2018 1:10:00 PM,4/7/2018 3:30:00 PM,Y,Law Enforcement,NW 12TH PL,,,,0,,NW 42ND ST,,Local,Paved,Four-Way Intersection,N,Daylight,Clear,Dry,N,,Pedestrian,On Roadway,N,Intersection,None,,,None,,,N,,,,,OFFICER,Miami Police Department,Police Department (PD),4/13/2018 2:25:00 PM,4/13/2018 2:25:00 PM,6,Y,Pedestrian,Pedestrian,Injury,Non-Incapacitating Injury,DAY,N,N,N,N,N,Y,Y,N,N,1,2,1,1,0,0,0,0,0,0,0,2,2,0,1,0,0,0,0,0,0,0,,,,N,0,0,Y,0,0,5,0,0,0,1,200,200,2,0,0,Verified,n/a,578496.7416,2855344.9233,25.8142306024188,-80.216884621107
87852762,2018,24-JUN-2018 03:40 PM,24-JUN-2018 12:00 AM,1806240048065,L,1,3,1,66,Miami-Dade,Miami,Urban,6/24/2018 3:42:00 PM,6/24/2018 3:57:00 PM,6/24/2018 4:00:00 PM,6/24/2018 5:00:00 PM,Y,Law Enforcement,NW 55 ST,,,,8,South,NW 7 AVE,,Local,Curb,T-Intersection,N,Daylight,Clear,Dry,N,,Pedestrian,On Roadway,N,Intersection,None,,,None,,,N,,,,,OFFICER,Miami Police Department,Police Department (PD),6/25/2018 1:46:00 PM,6/25/2018 1:46:00 PM,1,Y,Pedestrian,Pedestrian,Injury,Non-Incapacitating Injury,DAY,N,N,N,N,N,N,Y,N,N,1,2,0,2,0,0,0,0,0,0,0,2,2,0,1,0,0,0,0,0,0,0,,,,N,0,0,Y,0,0,0,0,0,0,1,200,200,2,0,0,Verified,n/a,579362.355,2856611.37,25.8256188498118,-80.208173513743
87854218,2018,16-JUL-2018 07:15 PM,16-AUG-2018 12:00 AM,1807160054216,L,1,2,1,66,Miami-Dade,Miami,Urban,7/16/2018 7:44:00 PM,7/16/2018 8:06:00 PM,7/16/2018 8:12:00 PM,7/16/2018 8:49:00 PM,N,Law Enforcement,SW 36TH AVE,2290,,,97,North,SW 36TH AVE,,Other,Paved,Other,N,Daylight,Clear,Dry,N,,Pedestrian,Off Roadway,N,Non-Junction,None,,,None,,,N,,,,,DET,Miami Police Department,Police Department (PD),8/18/2018 2:18:00 PM,8/18/2018 2:18:00 PM,33,Y,Pedestrian,Pedestrian,Injury,Non-Incapacitating Injury,NIGHT,N,N,N,N,N,Y,N,N,N,1,1,0,1,0,0,0,0,0,0,0,1,1,0,1,1,0,0,0,0,0,0,,,,N,0,0,Y,0,0,0,0,0,0,0,0,0,0,0,0,Verified,n/a,575015.172,2848026.9886,25.7483373002485,-80.2520302833842
87854280,2018,18-JUL-2018 03:48 PM,18-JUL-2018 12:00 AM,1807180054695,L,1,3,1,66,Miami-Dade,Miami,Urban,7/18/2018 3:48:00 PM,7/18/2018 3:49:00 PM,7/18/2018 4:09:00 PM,7/18/2018 4:50:00 PM,Y,Law Enforcement,NW 39TH AVENUE,,,,0,,NW 7TH STREET,,Local,Curb,Four-Way Intersection,N,Daylight,Cloudy,Dry,N,,Pedalcycle,On Roadway,N,Intersection,None,,,None,,,N,,,,,PSA,Miami Police Department,Police Department (PD),7/25/2018 2:25:00 PM,7/25/2018 2:25:00 PM,7,Y,Bicycle,Bicycle,Injury,Possible Injury,DAY,N,N,N,N,N,N,Y,N,N,2,1,1,0,0,0,0,0,0,0,0,1,1,0,1,0,0,1,0,0,0,0,,,,N,0,0,Y,0,0,1,0,0,0,1,500,500,1,0,0,Verified,n/a,574212.4703,2851399.576,25.7788306223025,-80.2598446001008
87885375,2018,26-OCT-2018 12:15 PM,26-OCT-2018 12:00 AM,2018027013,L,1,2,48,0,Clay,Unincorporated,Rural,10/26/2018 12:15:00 PM,10/26/2018 12:20:00 PM,10/26/2018 12:24:00 PM,10/26/2018 12:56:00 PM,Y,Law Enforcement,EAGLE HARBOR PKWY,,,,54,East,TOWNCENTER BLVD,,Local,Curb,Four-Way Intersection,N,Daylight,Rain,Wet,N,,Other Non-Fixed Object,On Roadway,N,Intersection-Related,None,,,None,,,N,,,,,PSA,Clay County Sheriff's Office,Sheriff's Office (SO),1/15/2019 3:40:00 PM,1/15/2019 3:40:00 PM,81,Y,Single Vehicle,Other,Injury,Possible Injury,DAY,N,N,N,N,N,N,Y,N,N,1,1,1,0,0,0,0,0,0,0,0,1,1,0,1,1,0,0,0,0,0,0,,,,N,0,0,Y,0,0,0,0,1,1000,0,0,1000,0,0,0,Verified,n/a,431451.4554,3330632.9489,30.1049925027312,-81.7114738986875
87899846,2018,03-AUG-2018 07:27 AM,03-AUG-2018 12:00 AM,111808000629,S,1,2,10,72,Broward,Pompano Beach,Urban,8/3/2018 7:28:00 AM,8/3/2018 7:30:00 AM,8/3/2018 7:50:00 AM,8/3/2018 8:15:00 AM,Y,Law Enforcement,NE 14TH ST,,,,0,,NE 23RD AV,,State,Paved,Four-Way Intersection,N,Daylight,Clear,Dry,N,Angle,Pedalcycle,On Roadway,N,Intersection,None,,,None,,,N,,,,,,Broward County Sheriff's Office,Sheriff's Office (SO),8/7/2018 2:14:00 PM,,4,N,Bicycle,Bicycle,No Injury,No Injury,DAY,N,N,N,N,N,N,Y,N,N,2,0,0,0,0,0,0,0,0,0,0,1,1,0,1,0,0,0,0,0,0,0,,,,N,0,0,Y,0,0,0,0,0,0,1,800,800,0,0,0,Preliminary,Computer mapped approximate by address,589869.8449,2903697.3743,26.2501351898703,-80.1001073336774
87902164,2018,06-SEP-2018 03:52 PM,06-SEP-2018 12:00 AM,121809000508,L,1,3,10,64,Broward,Oakland Park,Urban,9/6/2018 3:55:00 PM,9/6/2018 4:18:00 PM,9/6/2018 4:22:00 PM,9/6/2018 4:22:00 PM,Y,Law Enforcement,NW 26TH ST,,,,24,East,NW 26TH AV,,Local,Paved,Not at Intersection,N,Daylight,Clear,Dry,N,Front to Front,Pedalcycle,On Roadway,N,Non-Junction,None,,,None,,,N,,,,,,Broward County Sheriff's Office,Sheriff's Office (SO),9/25/2018 2:50:00 PM,9/25/2018 2:50:00 PM,19,N,Bicycle,Bicycle,No Injury,No Injury,DAY,N,N,N,N,N,N,N,Y,N,3,0,0,0,0,0,0,0,0,0,0,1,1,0,1,0,0,1,0,0,0,0,,,,N,0,0,Y,0,0,0,0,1,25,1,500,525,0,0,0,Verified,n/a,582243.9879,2893465.3718,26.1582118548807,-80.1771104037826
87908898,2018,15-DEC-2018 09:00 AM,15-DEC-2018 12:00 AM,121812001700,L,2,3,10,64,Broward,Oakland Park,Urban,12/15/2018 9:00:00 AM,12/15/2018 9:00:00 AM,12/15/2018 9:02:00 AM,12/15/2018 10:00:00 AM,Y,Law Enforcement,E COMMERCIAL BLVD,,,,109,East,NE 6TH AV,,State,Paved,Not at Intersection,Y,Daylight,Clear,Dry,N,Other,Motor Vehicle in Transport,On Roadway,N,Non-Junction,None,None,,None,None,,N,,,,,,Broward County Sheriff's Office,Sheriff's Office (SO),12/23/2018 1:58:00 PM,12/23/2018 1:58:00 PM,8,Y,Other,Other,Injury,Non-Incapacitating Injury,DAY,N,N,N,Y,N,N,N,Y,N,2,1,0,1,0,0,0,0,0,0,0,1,1,0,2,0,0,0,0,0,0,0,,,,N,0,0,Y,0,0,0,0,1,500,2,2000,2500,1,0,0,Verified,n/a,586068.4793,2896870.0108,26.1887273162121,-80.1386220640947
87909887,2018,29-DEC-2018 07:10 PM,29-DEC-2018 12:00 AM,111812008602,L,1,2,10,72,Broward,Pompano Beach,Urban,12/29/2018 7:16:00 PM,12/29/2018 7:20:00 PM,12/29/2018 7:23:00 PM,12/29/2018 8:15:00 PM,Y,Law Enforcement,SW 15TH ST,,,,117,West,SW 46TH AV,,Local,Curb,Other,N,Dark - Not Lighted,Clear,Dry,N,Angle,Motor Vehicle in Transport,Shoulder,N,Non-Junction,None,,,None,,,N,,,,,,Broward County Sheriff's Office,Sheriff's Office (SO),1/16/2019 2:36:00 PM,1/16/2019 2:36:00 PM,18,Y,Single Vehicle,Other,Injury,Non-Incapacitating Injury,NIGHT,N,N,N,N,N,N,N,N,N,1,1,0,1,0,0,0,0,0,0,0,1,1,0,1,0,0,0,0,0,0,0,,,,N,0,0,Y,0,0,0,0,0,0,1,1000,1000,1,0,0,Verified,n/a,581717.4984,2899103.0997,26.2091432520873,-80.1820224108504
87931020,2018,27-NOV-2018 03:06 PM,27-NOV-2018 12:00 AM,201823933,L,1,2,24,50,St. Lucie,Port St. Lucie,Urban,11/27/2018 3:06:00 PM,11/27/2018 3:07:00 PM,11/27/2018 3:08:00 PM,11/27/2018 3:34:00 PM,Y,Motorist,SW DEL RIO BLVD,,,,26,East,SW POST TER,,Local,Unpaved,T-Intersection,N,Daylight,Clear,Dry,N,Angle,Motor Vehicle in Transport,On Roadway,N,Non-Junction,None,,,None,,,N,,,,,POLICE OFFICER,Port St. Lucie Police Department,Police Department (PD),12/6/2018 2:26:00 PM,12/6/2018 2:26:00 PM,9,Y,Single Vehicle,Other,Injury,Possible Injury,DAY,N,N,N,N,N,N,N,N,N,1,1,1,0,0,0,0,0,0,0,0,1,1,0,1,1,0,0,0,0,0,0,,,,N,0,0,Y,0,0,0,0,1,50,1,200,250,1,0,0,Verified,n/a,562352.8269,3016915.6106,27.2737713001684,-80.3700141064087
82653311,2018,24-JUL-2018 06:07 PM,24-JUL-2018 12:00 AM,118-03142,L,2,2,16,40,Sarasota,Longboat Key,Urban,7/24/2018 6:08:00 PM,7/24/2018 6:09:00 PM,7/24/2018 6:12:00 PM,7/24/2018 7:12:00 PM,Y,Motorist,BAY ISLES ROAD,500,,,2,West,,,Local,Paved,T-Intersection,N,Daylight,Clear,Dry,N,Angle,Pedalcycle,On Roadway,N,Non-Junction,None,,,None,,,N,,,,,CAPTAIN,Longboat Key Police Department,Police Department (PD),9/20/2018 11:27:00 PM,9/20/2018 11:27:00 PM,58,Y,Bicycle,Bicycle,Injury,Possible Injury,DAY,N,N,N,N,N,N,N,N,N,1,1,1,0,0,0,0,0,0,0,0,1,1,0,1,1,0,0,0,0,0,0,,,,N,0,0,Y,0,0,1,0,0,0,1,300,300,0,0,0,Verified,n/a,339195.6265,3028129.9266,27.3669635116835,-82.6259482777949
