REPORT_NUMBER,CRASH_YEAR,VEHICLE_NUMBER,PERSON_NUMBER,RECOMMENDED_RE_EXAM,DL_STATE,DL_TYPE,DRIVER_DISTRACTION_CODE,CONDITION_AT_TIME_OF_CRASH,REQUIRED_ENDORSEMENTS,VISION_OBSTRUCTED,INSURANCE_COMPANY,CITY,STATE,ZIP_CODE,SEX,HELMET_CODE,RESTRAINT_SYSTEM_CODE,EYE_PROTECTION_CODE,AIR_BAG_DEPLOYMENT_CODE,EJECTED,SUSPECTED_ALCOHOL_USE_CODE,ALCOHOL_TESTED_CODE,ALCOHOL_TEST_TYPE_CODE,ALCOHOL_TEST_RESULTS,BLOOD_ALCOHOL_CONTENT,SUSPECTED_DRUG_USE_CODE,DRUG_TESTED_CODE,DRUG_TEST_TYPE_CODE,DRUG_TEST_RESULTS,INJURY_SEVERITY,EMS_TRANSPORT_TYPE,DRIVER_ACTION_1,DRIVER_ACTION_2,DRIVER_ACTION_3,DRIVER_ACTION_4,S4_AGE_AT_TIME_OF_CRASH,S4_IS_AGGRESSIVE_DRIVING,S4_IS_ALCOHOL_RELATED,S4_IS_DRUG_RELATED,S4_IS_DISTRACTED,S4_IS_SPEEDING_RELATED,S4_IS_AGING_DRIVER,S4_IS_TEENAGER_DRIVER,S4_IS_UNRESTRAINED
87436908,2017,1,1,,FL,E/Operator,Not Distracted,Apparently Normal,No Required Endorsements,Vision Not Obscured,OHIO SECURITY INSURANCE COMPANY,ORLANDO,FL,32822,Male,No Helmet,Shoulder and Lap Belt Used,,Not Deployed,Not Ejected,N,,,,,N,,,,None,Not Transported,Ran Off Roadway,,,,26,N,N,N,N,N,N,N,N
87441667,2017,1,1,,FL,E/Operator,Not Distracted,Apparently Normal,No Required Endorsements,Vision Not Obscured,ALLSTATE INSURANCE COMPANY,ORLANDO,FL,32803,Female,,Shoulder and Lap Belt Used,,Not Deployed,Not Ejected,N,,,,,N,,,,None,Not Transported,No Contributing Action,,,,97,N,N,N,N,N,Y,N,N
87454218,2017,1,1,N,FL,E/Operator,Not Distracted,Apparently Normal,No Required Endorsements,Vision Not Obscured,MERCURY INSURANCE COMPA,NAPLES,FL,34109,Female,,Shoulder and Lap Belt Used,,Not Applicable,Not Ejected,N,,,,,N,,,,None,Not Transported,No Contributing Action,,,,38,N,N,N,N,N,N,N,N
87931020,2018,2,2,N,FL,E/Operator,Not Distracted,Apparently Normal,,Vision Not Obscured,PROGRESSIVE AMERICAN INSURANCE COMP,PORT ST LUCIE,FL,34953,Male,,Shoulder and Lap Belt Used,,Not Applicable,Not Ejected,N,,,,,N,,,,None,Not Transported,No Contributing Action,,,,75,N,N,N,N,N,Y,N,N
87516152,2017,1,1,N,FL,A,Not Distracted,Apparently Normal,No Required Endorsements,Vision Not Obscured,PROGRESSIVE,TAMPA,FL,33612,Male,,Shoulder and Lap Belt Used,,Not Applicable,Not Ejected,N,,,,,N,,,,None,Not Transported,No Contributing Action,,,,41,N,N,N,N,N,N,N,N
87537138,2017,1,2,,FL,E/Operator,Not Distracted,Apparently Normal,No Required Endorsements,Vision Not Obscured,FLORIDA FARM BUREAU GENERAL INSURANCE CO,DELTONA,FL,32739,Male,,Shoulder and Lap Belt Used,,Not Deployed,Not Ejected,N,,,,,N,,,,None,Not Transported,No Contributing Action,,,,70,N,N,N,N,N,Y,N,N
87545038,2017,1,1,N,FL,E/Operator,Not Distracted,Apparently Normal,No Required Endorsements,Glare,SAFECO INSURANCE COMPAN,VENICE,FL,34293,Female,,Shoulder and Lap Belt Used,,Not Deployed,Not Ejected,N,,,,,N,,,,None,Not Transported,No Contributing Action,,,,50,N,N,N,N,N,N,N,N
87562368,2017,2,2,,FL,E/Operator,Not Distracted,Apparently Normal,No Required Endorsements,Vision Not Obscured,SECURITY NATIONAL INSURANCE,WEST PALM BEACH,FL,33409,Male,No Helmet,Shoulder and Lap Belt Used,,Not Deployed,Not Ejected,N,,,,,N,,,,None,Not Transported,No Contributing Action,,,,21,N,N,N,N,N,N,N,N
87568965,2017,1,1,N,FL,E/Operator,Not Distracted,Apparently Normal,No Required Endorsements,Fog,WINDHAVEN,HIALEAH,FL,33010,Male,,Shoulder and Lap Belt Used,,Not Deployed,Not Ejected,N,,,,,N,,,,None,Not Transported,No Contributing Action,,,,38,N,N,N,N,N,N,N,N
81506689,2018,1,1,N,FL,E/Operator - Restricted,Not Distracted,Apparently Normal,No Required Endorsements,Vision Not Obscured,ALLIED PROPERTY & CASUALTY INSURANCE,WEST PALM BEACH,FL,33409,Female,,Shoulder and Lap Belt Used,,Not Deployed,Not Ejected,N,,,,,N,,,,None,Not Transported,No Contributing Action,,,,26,N,N,N,N,N,N,N,N
81507492,2018,1,1,N,FL,E/Operator,Not Distracted,Apparently Normal,No Required Endorsements,Vision Not Obscured,GEICO GENERAL INSURANCE COMPANY,BOYNTON BEACH,FL,33472,Male,No Helmet,Shoulder and Lap Belt Used,,Not Deployed,Not Ejected,N,,,,,N,,,,None,Not Transported,No Contributing Action,,,,81,N,N,N,N,N,Y,N,N
81511612,2018,1,1,N,FL,E/Operator,Not Distracted,Apparently Normal,No Required Endorsements,Vision Not Obscured,OCEAN HARBOR CASUALTY INSURANCE COMPA,WEST PALM BEACH,FL,33415,Female,No Helmet,Shoulder and Lap Belt Used,,Not Deployed,Not Ejected,N,,,,,N,,,,None,Not Transported,Failed to Yield Right-of-Way,,,,45,N,N,N,N,N,N,N,N
82646402,2018,1,1,N,FL,E/Operator,Not Distracted,Apparently Normal,No Required Endorsements,Vision Not Obscured,ASCENDANT COMMERCIAL INS INC,MIAMI,FL,33183,Male,,Shoulder and Lap Belt Used,,Not Deployed,Not Ejected,N,,,,,N,,,,None,Not Transported,No Contributing Action,,,,46,N,N,N,N,N,N,N,N
82653311,2018,1,1,N,FL,E/Operator,Not Distracted,Apparently Normal,No,Vision Not Obscured,ALLSTATE,LONGBOAT KEY,FL,34228,Female,,Shoulder and Lap Belt Used,,Not Deployed,Not Ejected,N,Test Not Given,,,,N,Test Not Given,,,None,Not Transported,Failed to Yield Right-of-Way,,,,74,N,N,N,N,N,Y,N,N
85103062,2018,2,2,,QC,E/Operator,Not Distracted,Apparently Normal,No Required Endorsements,Vision Not Obscured,INTACT ASSURANCE,ST-AUGUSTIN,QC,G3A1W7,Male,,Shoulder and Lap Belt Used,,Not Deployed,Not Ejected,N,,,,,N,,,,None,Not Transported,No Contributing Action,,,,54,N,N,N,N,N,N,N,N
85793862,2018,1,1,N,FL,E/Operator,Not Distracted,Apparently Normal,,Vision Not Obscured,SAFECO INSURANCE COMPANY OF ILLINOI,PORT CHARLOTTE,FL,33954,Male,No Helmet,Shoulder and Lap Belt Used,,Not Deployed,Not Ejected,N,,,,,N,,,,None,Not Transported,Operated MV in Careless or Negligent Manner,,,,22,N,N,N,N,N,N,N,N
86147944,2018,1,1,N,FL,E/Operator,Not Distracted,Apparently Normal,No,Vision Not Obscured,PROGRESSIVE,FELLSMERE,FL,32948,Female,No Helmet,Shoulder and Lap Belt Used,,Not Deployed,Not Ejected,N,,,,,N,,,,None,Not Transported,No Contributing Action,,,,55,N,N,N,N,N,N,N,N
86559602,2018,1,1,N,FL,A,Inattentive,Apparently Normal,Yes,Vision Not Obscured,NATIONWIDE AGRIBUSINESS INS CO,RUSKIN,FL,33570,Male,,Shoulder and Lap Belt Used,,Not Applicable,Not Ejected,N,Test Not Given,,,,N,Test Not Given,,,None,Not Transported,Failed to Yield Right-of-Way,,,,28,N,N,N,Y,N,N,N,N
86656885,2018,1,1,N,FL,E/Operator,Not Distracted,Apparently Normal,No Required Endorsements,Vision Not Obscured,NONE,JACKSONVILLE,FL,32221,Male,,Shoulder and Lap Belt Used,,Not Applicable,Not Ejected,N,Test Not Given,,,,N,Test Not Given,,,None,Not Transported,No Contributing Action,,,,25,N,N,N,N,N,N,N,N
86782584,2018,1,2,N,FL,E/Operator,Not Distracted,Apparently Normal,,Vision Not Obscured,OCEAN HARBOR CASUALTY INSURANCE COM,HOLLYWOOD,FL,33020,Female,,Shoulder and Lap Belt Used,,Not Applicable,Not Ejected,N,,,,,N,,,,None,Not Transported,No Contributing Action,,,,35,N,N,N,N,N,N,N,N
86784623,2018,1,1,N,FF,E/Operator,Not Distracted,Apparently Normal,,Vision Not Obscured,MGA INSURANCE COMPANY,HOLLYWOOD,FL,33020,Female,,Shoulder and Lap Belt Used,,Not Deployed,Not Ejected,N,,,,,N,,,,None,Not Transported,No Contributing Action,,,,63,N,N,N,N,N,N,N,N
86785988,2018,1,1,N,FL,E/Operator,Not Distracted,Apparently Normal,,Vision Not Obscured,SELF INSURED,HOLLYWOOD,FL,33021,Male,,Shoulder and Lap Belt Used,,Not Deployed,Not Ejected,N,,,,,N,,,,None,Not Transported,No Contributing Action,,,,25,N,N,N,N,N,N,N,N
87015809,2018,1,1,,FL,E/Operator,Not Distracted,Apparently Normal,No Required Endorsements,Vision Not Obscured,GEICO GENERAL INSURANCE COMPANY,MIAMI BEACH,FL,33139,Male,,Shoulder and Lap Belt Used,,Not Applicable,Not Ejected,N,,,,,N,,,,None,Not Transported,No Contributing Action,,,,24,N,N,N,N,N,N,N,N
87047222,2018,1,1,N,FL,E/Operator,Not Distracted,Apparently Normal,,Vision Not Obscured,NO INSURANCE,PEMBROKE PINES,FL,33028,Female,,Shoulder and Lap Belt Used,,Not Deployed,Not Ejected,N,,,,,N,,,,None,Not Transported,Failed to Yield Right-of-Way,,,,22,N,N,N,N,N,N,N,N
87094396,2018,1,2,N,FL,E/Operator,Not Distracted,Apparently Normal,,Vision Not Obscured,PROGRESSIVE AMERICAN INSURANCE COMP,LIGHTHOUSE POINT,FL,33064,Male,,Shoulder and Lap Belt Used,,Not Deployed,Not Ejected,N,,,,,N,,,,None,Not Transported,No Contributing Action,,,,64,N,N,N,N,N,N,N,N
87097903,2018,1,1,N,FL,E/Operator,Not Distracted,Apparently Normal,,Vision Not Obscured,SECURITY NATIONAL INSURANCE COMPANY,HALLANDALE,FL,33009,Female,No Helmet,Shoulder and Lap Belt Used,,Not Applicable,Not Ejected,N,,,,,N,,,,None,Not Transported,No Contributing Action,,,,38,N,N,N,N,N,N,N,N
87106009,2018,1,1,N,FL,E/Operator,Inattentive,Apparently Normal,No,Vision Not Obscured,ALLSTATE,DELTONA,FL,32725,Male,,Shoulder and Lap Belt Used,,Not Deployed,Not Ejected,N,Test Not Given,,,,N,Test Not Given,,,None,Not Transported,Operated MV in Careless or Negligent Manner,,,,33,N,N,N,Y,N,N,N,N
87123113,2018,1,1,N,FL,E/Operator,Not Distracted,Apparently Normal,No,Vision Not Obscured,PROGRESSIVE AMERICAN INSURANCE,ORMOND BEACH,FL,32174,Male,,Shoulder and Lap Belt Used,,Not Deployed,Not Ejected,N,Test Not Given,,,,N,Test Not Given,,,None,Not Transported,Failed to Keep in Proper Lane,,,,46,N,N,N,N,N,N,N,N
87125858,2018,1,2,N,FL,E/Operator,Not Distracted,Apparently Normal,No Required Endorsements,Vision Not Obscured,LIBERTY MUTUAL,ORLANDO,FL,32810,Male,,Shoulder and Lap Belt Used,,Not Deployed,Not Ejected,N,Test Not Given,,,,N,Test Not Given,,,None,Not Transported,No Contributing Action,,,,93,N,N,N,N,N,Y,N,N
87141814,2018,1,1,N,FL,E/Operator,Not Distracted,Apparently Normal,No Required Endorsements,Vision Not Obscured,GEICO INDEMNITY CO,MERRITT ISLAND,FL,32952,Female,,Shoulder and Lap Belt Used,,Not Deployed,Not Ejected,N,Test Not Given,,,,N,Test Not Given,,,None,Not Transported,Other Contributing Action,,,,52,N,N,N,N,N,N,N,N
87149421,2018,1,1,N,FL,E/Operator,Not Distracted,Apparently Normal,No Required Endorsements,Vision Not Obscured,METROPOLITAN CASUALTY INSURANCE,WINDERMERE,FL,34786,Female,,Shoulder and Lap Belt Used,,Not Deployed,Not Ejected,N,Test Not Given,,,,N,Test Not Given,,,None,Not Transported,No Contributing Action,,,,27,N,N,N,N,N,N,N,N
87163386,2018,1,1,N,FL,E/Operator,Not Distracted,Apparently Normal,No Required Endorsements,Vision Not Obscured,GEICO,MELBOURNE BEACH,FL,32951,Male,,Shoulder and Lap Belt Used,,Not Deployed,Not Ejected,N,Test Not Given,,,,N,Test Not Given,,,None,Not Transported,No Contributing Action,,,,71,N,N,N,N,N,Y,N,N
87165965,2018,1,1,N,FL,E/Operator,Not Distracted,Apparently Normal,No Required Endorsements,Vision Not Obscured,STATE FARM,CRYSTAL RIVER,FL,34429,Female,,Shoulder and Lap Belt Used,,Not Applicable,Not Ejected,N,Test Not Given,,,,N,Test Not Given,,,None,Not Transported,Ran Stop Sign,,,,52,N,N,N,N,N,N,N,N
87166093,2018,1,1,N,FL,E/Operator,Not Distracted,Apparently Normal,No Required Endorsements,Vision Not Obscured,USAA CASUALTY INSURANCE COMPANY,FORT WALTON BEACH,FL,32549,Female,,Shoulder and Lap Belt Used,,Not Deployed,Not Ejected,N,Test Not Given,,,,N,Test Not Given,,,None,Not Transported,Operated MV in Careless or Negligent Manner,,,,45,N,N,N,N,N,N,N,N
87187899,2018,1,1,N,FL,E/Operator,Not Distracted,Apparently Normal,No Required Endorsements,Vision Not Obscured,GEICO,NAVARRE,FL,32566,Female,,Shoulder and Lap Belt Used,,Not Deployed,Not Ejected,N,Test Not Given,,,,N,Test Not Given,,,None,Not Transported,No Contributing Action,,,,49,N,N,N,N,N,N,N,N
87211762,2018,1,1,N,FL,E/Operator,Not Distracted,Apparently Normal,No Required Endorsements,Vision Not Obscured,GEICO,ORLANDO,FL,32803,Female,,Shoulder and Lap Belt Used,,Not Deployed,Not Ejected,N,Test Not Given,,,,N,Test Not Given,,,None,Not Transported,No Contributing Action,,,,41,N,N,N,N,N,N,N,N
87226995,2018,1,1,N,FL,E/Operator,Not Distracted,Apparently Normal,No Required Endorsements,Vision Not Obscured,ALLIED INS CO OF AMERICA,STUART,FL,34997,Male,,Shoulder and Lap Belt Used,,Not Deployed,Not Ejected,N,Test Not Given,,,,N,Test Not Given,,,None,Not Transported,Operated MV in Careless or Negligent Manner,,,,20,N,N,N,N,N,N,N,N
87254667,2018,1,1,N,FL,A,Not Distracted,Apparently Normal,Yes,Vision Not Obscured,SELF INSURED,KISSIMMEE,FL,34758,Male,,Shoulder and Lap Belt Used,,Not Deployed,Not Ejected,N,Test Not Given,,,,N,Test Not Given,,,None,Not Transported,No Contributing Action,,,,58,N,N,N,N,N,N,N,N
87371863,2018,1,2,N,FL,E/Operator,Not Distracted,Apparently Normal,,Vision Not Obscured,GEICO,TAMPA,FL,33618-2223,Male,,Shoulder and Lap Belt Used,,Not Deployed,Not Ejected,N,Test Not Given,,,,N,Test Not Given,,,None,Not Transported,No Contributing Action,,,,32,N,N,N,N,N,N,N,N
87371863,2018,2,3,N,FL,E/Operator,Not Distracted,Apparently Normal,,Vision Not Obscured,USAA,TAMPA,FL,33624,Male,,Shoulder and Lap Belt Used,,Not Deployed,Not Ejected,N,Test Not Given,,,,N,Test Not Given,,,None,Not Transported,No Contributing Action,,,,46,N,N,N,N,N,N,N,N
87371863,2018,3,5,N,FL,E/Operator,Not Distracted,Apparently Normal,,Vision Not Obscured,PROGRESSIVE,LUTZ,FL,33548,Female,,Shoulder and Lap Belt Used,,Not Deployed,Not Ejected,N,Test Not Given,,,,N,Test Not Given,,,None,Not Transported,No Contributing Action,,,,27,N,N,N,N,N,N,N,N
87385393,2018,1,1,N,FL,E/Operator,Not Distracted,Apparently Normal,No Required Endorsements,Vision Not Obscured,OCEAN HARBOR CASUALTY I,LEHIGH ACRES,FL,33973,Female,,Shoulder and Lap Belt Used,,Not Deployed,Not Ejected,N,,,,,N,,,,None,Not Transported,Improper Backing,,,,18,N,N,N,N,N,N,Y,N
87411122,2018,1,1,N,,,Unknown,Other,,Vision Not Obscured,UNKNOWN,,,,Male,,Shoulder and Lap Belt Used,,,Unknown,,Test Not Given,,,,,,,,,Not Transported,Other Contributing Action,,,,,N,N,N,,N,N,N,N
87429847,2018,1,1,N,FL,E/Operator,Not Distracted,Apparently Normal,,Vision Not Obscured,THE STANDARD FIRE,BOCA RATON,FL,33428,Female,,Shoulder and Lap Belt Used,,Not Deployed,Not Ejected,N,,,,,N,,,,None,Not Transported,Failed to Yield Right-of-Way,,,,56,N,N,N,N,N,N,N,N
87432549,2018,1,1,N,FL,E/Operator,Not Distracted,Apparently Normal,No,Vision Not Obscured,SELF -PAY CLAIMS,MIAMI,FL,33167,Male,No Helmet,Restraint Used - Type Unknown,N,Not Applicable,Not Applicable,N,Test Not Given,,,,N,Test Not Given,,,None,Not Transported,Other Contributing Action,,,,46,N,N,N,N,N,N,N,N
87443630,2018,2,2,,FL,E/Operator,Not Distracted,Apparently Normal,No Required Endorsements,Vision Not Obscured,LIBERTY MUTUAL INSURANCE,ORLANDO,FL,32819,Male,No Helmet,Shoulder and Lap Belt Used,,Not Deployed,Not Ejected,N,,,,,N,,,,None,Not Transported,No Contributing Action,,,,69,N,N,N,N,N,Y,N,N
87458491,2018,1,1,N,IN,E/Operator,Not Distracted,Apparently Normal,No Required Endorsements,Vision Not Obscured,ERIE,VALPARAISO,IN,46385,Male,,Shoulder and Lap Belt Used,,Not Deployed,Not Ejected,N,,,,,N,,,,None,Not Transported,No Contributing Action,,,,77,N,N,N,N,N,Y,N,N
87509252,2018,1,1,,FL,E/Operator,Not Distracted,Apparently Normal,No,Vision Not Obscured,GEICO,TITUSVILLE,FL,32780,Female,No Helmet,Shoulder and Lap Belt Used,N,Not Deployed,Not Ejected,N,,,,,N,,,,None,Not Transported,Other Contributing Action,,,,44,N,N,N,N,N,N,N,N
87520459,2018,1,1,N,FL,E/Operator,Not Distracted,Apparently Normal,No Required Endorsements,Vision Not Obscured,PROGRESSIVE SELECT INSU,TAMPA,FL,33605,Male,,Shoulder and Lap Belt Used,,Not Deployed,Not Ejected,N,,,,,N,,,,None,Not Transported,No Contributing Action,,,,62,N,N,N,N,N,N,N,N
87522326,2018,1,1,N,FL,E/Operator,Unknown,Apparently Normal,No Required Endorsements,Vision Not Obscured,PROGRESSIVE AMERICAN IN,TAMPA,FL,33602,Male,,Shoulder and Lap Belt Used,,Not Applicable,Not Ejected,N,,,,,N,,,,None,Not Transported,No Contributing Action,,,,65,N,N,N,,N,Y,N,N
87524627,2018,1,1,N,FL,A,Unknown,Apparently Normal,No Required Endorsements,Vision Not Obscured,PROGRESSIVE AUTO,GIBSONTON,FL,33534,Male,,Shoulder and Lap Belt Used,,Not Applicable,Not Ejected,N,,,,,N,,,,None,Not Transported,No Contributing Action,,,,46,N,N,N,,N,N,N,N
87531099,2018,1,1,N,FL,E/Operator,Not Distracted,Apparently Normal,No Required Endorsements,Vision Not Obscured,HARTFORD UNDERWRITERS I,TAMPA,FL,33618,Male,,Shoulder and Lap Belt Used,,Not Deployed,Not Ejected,N,,,,,N,,,,None,Not Transported,Operated MV in Careless or Negligent Manner,,,,81,N,N,N,N,N,Y,N,N
87560182,2018,1,1,N,FL,E/Operator,Not Distracted,Apparently Normal,,Vision Not Obscured,GOVERNMENT EMPLOYEES INSURANCE COMP,CAPE CORAL,FL,33909,Female,,Shoulder and Lap Belt Used,,Not Deployed,Not Ejected,N,,,,,Y,Test Not Given,,,None,Not Transported,No Contributing Action,,,,28,N,N,Y,N,N,N,N,N
87574711,2018,1,1,N,FL,E/Operator,Not Distracted,Apparently Normal,No Required Endorsements,Vision Not Obscured,FLORIDA AUTOMOBILE INSURANCE,MIAMI,FL,33125,Female,,Shoulder and Lap Belt Used,,Not Applicable,Not Ejected,N,,,,,N,,,,None,Not Transported,No Contributing Action,,,,65,N,N,N,N,N,Y,N,N
87591278,2018,1,1,N,,,Not Distracted,Apparently Normal,,Inclement Weather,ALLSTATE,ROCKLEDGE,FL,32955-0000,Male,No Helmet,Shoulder and Lap Belt Used,N,Not Deployed,Not Ejected,N,Test Not Given,,,,N,Test Not Given,,,,Not Transported,Improper Backing,Improper Backing,Improper Backing,Improper Backing,29,N,N,N,N,N,N,N,N
87591278,2018,2,3,N,FL,,Not Distracted,Apparently Normal,No,Vision Not Obscured,GEICO,HILLSBOROUGH,NJ,08844,Female,No Helmet,Shoulder and Lap Belt Used,N,Not Deployed,Not Ejected,N,Test Not Given,,,,N,Test Not Given,,,None,Not Transported,No Contributing Action,No Contributing Action,No Contributing Action,No Contributing Action,33,N,N,N,N,N,N,N,N
87597051,2018,1,2,N,FL,E/Operator,Not Distracted,Apparently Normal,No Required Endorsements,Vision Not Obscured,STATEFARM,ATLANTIC BEACH,FL,32233,Female,,Shoulder and Lap Belt Used,,Not Deployed,Not Ejected,N,Test Not Given,,,,N,Test Not Given,,,None,Not Transported,No Contributing Action,,,,21,N,N,N,N,N,N,N,N
87612526,2018,1,1,N,FL,E/Operator,Not Distracted,Apparently Normal,No Required Endorsements,Vision Not Obscured,ALLSTATE FIRE AND CASUALTY,JACKSONVILLE,FL,32208,Male,,Shoulder and Lap Belt Used,,Not Deployed,Not Ejected,N,Test Not Given,,,,N,Test Not Given,,,None,Not Transported,No Contributing Action,,,,80,N,N,N,N,N,Y,N,N
87637040,2018,1,1,,FL,E/Operator,Not Distracted,Apparently Normal,No Required Endorsements,Vision Not Obscured,ESURANCE PROPERTY & CASUALTY INSURANCE C,MIAMI,FL,33196,Female,No Helmet,Shoulder and Lap Belt Used,,Not Deployed,Not Ejected,N,,,,,N,,,,None,Not Transported,Operated MV in Careless or Negligent Manner,,,,55,N,N,N,N,N,N,N,N
87646142,2018,1,1,,,,Unknown,Unknown,No Required Endorsements,All Other,UNKNOWN,UNKNOWN,,,Unknown,,Other,,Deployment Unknown,Unknown,,,,,,,Test Not Given,,,None,Not Transported,Other Contributing Action,,,,,N,N,N,,N,N,N,N
87646142,2018,2,2,,,,Unknown,Unknown,No Required Endorsements,All Other,UNKNOWN,UNKNOWN,,,Unknown,,Other,,Deployment Unknown,Unknown,,Test Not Given,,,,,Test Not Given,,,None,Not Transported,Other Contributing Action,,,,,N,N,N,,N,N,N,N
87667831,2018,1,2,,FL,E/Operator,Not Distracted,Apparently Normal,No,Vision Not Obscured,GEICO GENERAL INSURANCE COMPANY,KISSIMMEE,FL,34746,Male,No Helmet,Shoulder and Lap Belt Used,,Not Deployed,Not Ejected,N,,,,,N,,,,None,Not Transported,No Contributing Action,,,,53,N,N,N,N,N,N,N,N
87704500,2018,1,1,N,FL,E/Operator,Not Distracted,Apparently Normal,,Vision Not Obscured,PROGRESSIVE AMERICAN INSURANCE COMP,GAINESVILLE,FL,32605,Male,No Helmet,Shoulder and Lap Belt Used,,Not Deployed,Not Ejected,N,,,,,N,,,,None,Not Transported,No Contributing Action,,,,37,N,N,N,N,N,N,N,N
87716559,2018,1,1,N,FL,E/Operator,Not Distracted,Apparently Normal,,All Other,USSA,BRANDON,FL,33511,Male,,Shoulder and Lap Belt Used,,Not Deployed,Not Ejected,N,Test Not Given,,,,N,Test Not Given,,,None,Not Transported,No Contributing Action,,,,40,N,N,N,N,N,N,N,N
87718301,2018,1,1,N,FL,E/Operator,Not Distracted,Apparently Normal,No Required Endorsements,Vision Not Obscured,SAFECO INSURANCE COMPAN,LEHIGH ACRES,FL,33976,Female,,Shoulder and Lap Belt Used,,Not Deployed,Not Ejected,N,,,,,N,,,,None,Not Transported,Failed to Yield Right-of-Way,,,,27,N,N,N,N,N,N,N,N
87744700,2018,1,1,,FL,E/Operator,Not Distracted,Apparently Normal,No Required Endorsements,Vision Not Obscured,PROGRESSIVE AMERICAN INSURANCE COMPANY,SARASOTA,FL,34236,Male,No Helmet,Shoulder and Lap Belt Used,,Not Deployed,Not Ejected,N,,,,,N,,,,None,Not Transported,No Contributing Action,,,,76,N,N,N,N,N,Y,N,N
87748837,2018,1,1,N,FL,E/Operator,Not Distracted,Apparently Normal,,Vision Not Obscured,PROGRESSIVE EXPRESS INSURANCE COMPA,LARGO,FL,33770,Female,,Restraint Used - Type Unknown,,Not Deployed,Not Ejected,N,,,,,N,,,,None,Not Transported,Failed to Yield Right-of-Way,,,,56,N,N,N,N,N,N,N,N
87749547,2018,1,1,N,FL,E/Operator,Not Distracted,Apparently Normal,,Vision Not Obscured,GEICO GENERAL INSURANCE COMPANY,CLEARWATER,FL,33760,Male,No Helmet,Shoulder and Lap Belt Used,,Not Deployed,Not Ejected,N,,,,,N,,,,None,Not Transported,Failed to Yield Right-of-Way,,,,28,N,N,N,N,N,N,N,N
87749856,2018,1,1,N,FL,E/Operator,Not Distracted,Apparently Normal,,Vision Not Obscured,PROGRESSIVE AMERICAN INSURANCE COMP,ST PETERSBURG,FL,33716,Male,No Helmet,Shoulder and Lap Belt Used,N,Not Deployed,Not Ejected,N,,,,,N,,,,None,Not Transported,No Contributing Action,,,,74,N,N,N,N,N,Y,N,N
87754993,2018,1,1,,FL,E/Operator,Not Distracted,Apparently Normal,No Required Endorsements,Vision Not Obscured,PROGRESSIVE AMERICAN INSURANCE COMPANY,MIAMI,FL,33137,Female,No Helmet,Shoulder and Lap Belt Used,,Not Applicable,Not Ejected,N,,,,,N,,,,None,Not Transported,Other Contributing Action,,,,28,N,N,N,N,N,N,N,N
87755052,2018,1,1,,NE,None,Not Distracted,Apparently Normal,No Required Endorsements,Vision Not Obscured,SELF INSURED,MIAMI BEACH,FL,33139,Female,No Helmet,Shoulder and Lap Belt Used,,Not Deployed,Not Ejected,N,,,,,N,,,,None,Not Transported,No Contributing Action,,,,24,N,N,N,N,N,N,N,N
87767329,2018,1,1,N,FL,E/Operator,Not Distracted,Apparently Normal,,Vision Not Obscured,NO PROOF,LAUDERHILL,FL,33313,Male,No Helmet,Not Applicable (non-motorist),,Not Deployed,Not Ejected,N,,,,,N,,,,None,Not Transported,No Contributing Action,,,,57,N,N,N,N,N,N,N,N
87771028,2018,1,1,N,FL,E/Operator,Not Distracted,Apparently Normal,,Vision Not Obscured,ALLSTATE FIRE AND CASUALTY INSURANC,MIAMI GARDENS,FL,33056,Male,No Helmet,Shoulder and Lap Belt Used,,Not Deployed,Not Ejected,N,,,,,N,,,,None,Not Transported,Other Contributing Action,,,,56,N,N,N,N,N,N,N,N
87772081,2018,1,1,N,FL,E/Operator,Not Distracted,Apparently Normal,No Required Endorsements,Vision Not Obscured,PROGRESSIVE EXPRESS INSURANCE COMPA,FORT LAUDERDALE,FL,33301,Male,No Helmet,Shoulder and Lap Belt Used,,Not Applicable,Not Ejected,N,,,,,N,,,,None,Not Transported,Failed to Yield Right-of-Way,,,,79,N,N,N,N,N,Y,N,N
87783218,2018,1,1,N,FL,E/Operator,Not Distracted,Apparently Normal,,Vision Not Obscured,PRO GENERAL,FORT PIERCE,FL,34947,Male,,Shoulder and Lap Belt Used,,Not Deployed,Not Ejected,N,,,,,N,,,,None,Not Transported,Failed to Yield Right-of-Way,,,,38,N,N,N,N,N,N,N,N
87783632,2018,1,1,N,TN,E/Operator,Not Distracted,Apparently Normal,,Vision Not Obscured,USAA,FORT PIERCE,FL,34950,Male,No Helmet,Shoulder and Lap Belt Used,,Not Deployed,Not Ejected,N,,,,,N,,,,None,Not Transported,No Contributing Action,,,,71,N,N,N,N,N,Y,N,N
87790225,2018,1,1,N,FL,E/Operator,Not Distracted,Apparently Normal,No Required Endorsements,Vision Not Obscured,ALLSTATE INSURANCE COMP,PALM BAY,FL,32907,Male,,Shoulder and Lap Belt Used,,Not Deployed,Not Ejected,N,,,,,N,,,,None,Not Transported,No Contributing Action,,,,51,N,N,N,N,N,N,N,N
87798958,2018,1,1,N,FL,E/Operator,Not Distracted,Apparently Normal,No Required Endorsements,Glare,OCEAN HARBOR CASUALTY I,SARASOTA,FL,34234,Female,,Shoulder and Lap Belt Used,,Not Applicable,Not Ejected,N,,,,,N,,,,None,Not Transported,Failed to Yield Right-of-Way,,,,37,N,N,N,N,N,N,N,N
87800561,2018,1,1,N,FL,B,Not Distracted,Apparently Normal,No Required Endorsements,Vision Not Obscured,GEICO INDEMNITY COMPANY,NOKOMIS,FL,34275,Male,,Shoulder and Lap Belt Used,,Not Deployed,Not Ejected,N,,,,,N,,,,None,Not Transported,Other Contributing Action,No Contributing Action,No Contributing Action,No Contributing Action,35,N,N,N,N,N,N,N,N
87808798,2018,1,1,N,FL,E/Operator,Not Distracted,Apparently Normal,No Required Endorsements,Vision Not Obscured,WINDHAVEN INSURANCE COMPANY,MIAMI,FL,33135,Male,,Shoulder and Lap Belt Used,,Not Deployed,Not Ejected,N,,,,,N,,,,None,Not Transported,Failed to Yield Right-of-Way,,,,42,N,N,N,N,N,N,N,N
87816381,2018,1,1,N,FL,E/Operator,Not Distracted,Apparently Normal,,Vision Not Obscured,STATE FARM INS,NORTH MIAMI BEACH,FL,33179,Male,,Shoulder and Lap Belt Used,,Not Deployed,Not Ejected,N,,,,,N,,,,None,Not Transported,No Contributing Action,,,,24,N,N,N,N,N,N,N,N
87827159,2018,1,1,N,FL,E/Operator,Inattentive,Apparently Normal,No Required Endorsements,Vision Not Obscured,STATE FARM,PALM COAST,FL,32164,Female,No Helmet,Shoulder and Lap Belt Used,,Not Deployed,Not Ejected,N,Test Not Given,,,,N,Test Not Given,,,None,Not Transported,Failed to Yield Right-of-Way,,,,71,N,N,N,Y,N,Y,N,N
87847501,2018,1,1,N,FL,None,Not Distracted,Apparently Normal,No Required Endorsements,Vision Not Obscured,KINGSWAY AMIGO INSURANC,MIAMI,FL,33142,Male,,Shoulder and Lap Belt Used,,Not Applicable,Not Ejected,N,,,,,N,,,,None,Not Transported,Operated MV in Careless or Negligent Manner,No Contributing Action,No Contributing Action,No Contributing Action,36,N,N,N,N,N,N,N,N
87852762,2018,1,1,N,FL,E/Operator,Not Distracted,Apparently Normal,No Required Endorsements,Vision Not Obscured,IMPERIAL FIRE AND CASUALTY INSURANCE CO,MIAMI,FL,33167,Male,,Shoulder and Lap Belt Used,,Not Deployed,Not Ejected,N,,,,,N,,,,None,Not Transported,Operated MV in Careless or Negligent Manner,,,,33,N,N,N,N,N,N,N,N
87854218,2018,1,1,N,FL,E/Operator,Not Distracted,Apparently Normal,No Required Endorsements,Vision Not Obscured,PROGRESSIVE,MIAMI,FL,33142,Male,No Helmet,Shoulder and Lap Belt Used,,Not Applicable,Not Ejected,N,,,,,N,,,,None,Not Transported,Other Contributing Action,,,,67,N,N,N,N,N,Y,N,N
87854280,2018,1,1,N,FL,E/Operator,Not Distracted,Apparently Normal,No Required Endorsements,Vision Not Obscured,WINDHAVEN INSURANCE COM,MIAMI,FL,33165,Female,,Shoulder and Lap Belt Used,,Not Deployed,Not Ejected,N,,,,,N,,,,None,Not Transported,Failed to Yield Right-of-Way,,,,35,N,N,N,N,N,N,N,N
87885375,2018,1,1,N,FL,E/Operator,Not Distracted,Apparently Normal,No Required Endorsements,Vision Not Obscured,UNITED SERVICES AUTOMOB,FLEMING ISLAND,FL,32003,Female,,Shoulder and Lap Belt Used,,Not Deployed,Not Ejected,N,,,,,N,,,,None,Not Transported,Failed to Yield Right-of-Way,,,,70,N,N,N,N,N,Y,N,N
87899846,2018,1,1,N,FL,E/Operator,Not Distracted,Apparently Normal,,Vision Not Obscured,PROGRESSIVE AMERICAN INSURANCE COMP,LAUDERDLE BY THE SEA,FL,33062,Female,No Helmet,Shoulder and Lap Belt Used,,Not Deployed,Not Ejected,N,,,,,N,,,,None,Not Transported,No Contributing Action,,,,54,N,N,N,N,N,N,N,N
87902164,2018,1,1,N,FL,E/Operator,Not Distracted,Apparently Normal,,Vision Not Obscured,GEICO,MIRAMAR,FL,33023,Female,,Shoulder and Lap Belt Used,,Not Deployed,Not Ejected,N,,,,,N,,,,None,Not Transported,No Contributing Action,,,,39,N,N,N,N,N,N,N,N
87908898,2018,2,2,N,FL,E/Operator,Not Distracted,Apparently Normal,,Vision Not Obscured,SECURITY NATIONAL INSURANCE COMPANY,SUNRISE,FL,33313,Male,No Helmet,Shoulder and Lap Belt Used,,Not Deployed,Not Ejected,N,,,,,N,,,,None,Not Transported,No Contributing Action,No Contributing Action,,,43,N,N,N,N,N,N,N,N
87908898,2018,1,1,N,FL,E/Operator,External Distraction,Other,,Vision Not Obscured,USAA GENERAL INDEMNITY COMPANY,FT LAUDERDALE,FL,33308,Male,No Helmet,Shoulder and Lap Belt Used,,Not Deployed,Not Ejected,N,,,,,N,,,,None,Not Transported,Swerved or Avoided,Swerved or Avoided,,,30,N,N,N,Y,N,N,N,N
87909887,2018,1,1,N,FL,E/Operator,Not Distracted,Apparently Normal,,Vision Not Obscured,OCEAN HARBOR CASUALTY INSURANCE COM,POMPANO BEACH,FL,33064,Male,No Helmet,Shoulder and Lap Belt Used,,Not Deployed,Not Ejected,N,,,,,N,,,,None,Not Transported,No Contributing Action,,,,23,N,N,N,N,N,N,N,N
