REPORT_NUMBER,CRASH_YEAR,PERSON_NUMBER,LOCATION_AT_TIME_OF_CRASH_CODE,ACTION_PRIOR_TO_CRASH_CODE,NON_MOTORIST_DESCRIPTION_CODE,CITY,STATE,ZIP_CODE,SEX,SUSPECTED_ALCOHOL_USE_CODE,ALCOHOL_TESTED_CODE,ALCOHOL_TEST_TYPE_CODE,ALCOHOL_TEST_RESULT,BLOOD_ALCOHOL_CONTENT,SUSPECTED_DRUG_USE_CODE,DRUG_TESTED_CODE,DRUG_TEST_TYPE_CODE,DRUG_TEST_RESULT,INJURY_SEVERITY,EMS_TRANSPORT_TYPE,NON_MOTORIST_ACTIONS_CIRCUMSTANCES_1,NON_MOTORIST_ACTIONS_CIRCUMSTANCES_2,SAFETY_EQUIPMENT_CODE_1,SAFETY_EQUIPMENT_CODE_2,S4_AGE_AT_TIME_OF_CRASH,S4_IS_ALCOHOL_RELATED,S4_IS_DRUG_RELATED,S4_IS_AGING,S4_IS_TEENAGER
87436908,2017,2,Shoulder/Roadside,Walking/Cycling Along Roadway With Traffic,Other Cyclist,MELBOURNE,,32937,Male,,,,,,,,,,Non-Incapacitating,EMS,No Improper Action,No Improper Action,None,None,42,N,N,N,N
87441667,2017,2,Intersection - Marked Crosswalk,Walking/Cycling on Sidewalk,Other Cyclist,WINTER PARK,,32792,Male,,,,,,,,,,Non-Incapacitating,Not Transported,Dart/Dash,,None,,19,N,N,N,Y
87454218,2017,2,Travel Lane - Other Location,Walking/Cycling on Sidewalk,Other Cyclist,NAPLES,FL,34109,Male,N,,,,,N,,,,None,Not Transported,Dart/Dash,Failure to Yield Right-of-Way,Helmet,,12,N,N,N,N
87931020,2018,1,Intersection - Marked Crosswalk,Walking/Cycling on Sidewalk,Other Cyclist,PORT ST LUCIE,FL,34953,,N,,,,,N,,,,Possible,EMS,Failure to Yield Right-of-Way,,None,,,N,N,N,N
87501090,2017,1,Intersection - Marked Crosswalk,Crossing Roadway,Other Cyclist,JACKSONVILLE,FL,32202,Male,,Test Not Given,,,,,Test Not Given,,,None,Not Transported,No Improper Action,,None,,65,N,N,Y,N
87516152,2017,2,Non-Trafficway Area,Adjacent to Roadway,Other Cyclist,TAMPA,FL,33602,Male,N,,,,,N,,,,None,Not Transported,No Improper Action,,None,,15,N,N,N,Y
87537138,2017,1,Intersection - Marked Crosswalk,Walking/Cycling on Sidewalk,Other Cyclist,DELTONA,,32738,Male,N,,,,,N,,,,None,Not Transported,Failure to Yield Right-of-Way,,None,,19,N,N,N,Y
87545038,2017,2,Other,Walking/Cycling Along Roadway Against Traffic,Bicyclist,VENICE,FL,34293,Female,N,,,,,N,,,,Possible,Other,Wrong-Way Riding or Walking,,None,,7,N,N,N,N
87545038,2017,3,Travel Lane - Other Location,Walking/Cycling Along Roadway Against Traffic,Other Cyclist,VENICE,FL,34293,Male,N,,,,,N,,,,None,Not Transported,Wrong-Way Riding or Walking,,None,,45,N,N,N,N
87559407,2017,2,Other,Other,Other Cyclist,CAPE CORAL,FL,33904,,N,,,,,N,,,,Non-Incapacitating,Not Transported,No Improper Action,,None,,,N,N,N,N
87562368,2017,1,Other,Other,Other Cyclist,RIVIERA BEACH,,33404,Male,N,,,,,N,,,,Possible,Not Transported,Dart/Dash,,None,,5,N,N,N,N
87568965,2017,2,Shoulder/Roadside,Walking/Cycling Along Roadway With Traffic,Other Cyclist,MIAMI,FL,,Male,,,,,,,,,,Fatal (within 30 days),EMS,Other,,Reflective Clothing,,45,N,N,N,N
81506689,2018,2,Sidewalk,Crossing Roadway,Other Cyclist,WEST PALM BEACH,FL,33406,Male,N,,,,,Y,Test Not Given,,,Possible,,Other,,None,,37,N,Y,N,N
81507492,2018,2,Travel Lane - Other Location,Walking/Cycling Along Roadway With Traffic,Other Cyclist,BOYNTON BEACH,FL,33472,Male,N,,,,,N,,,,Non-Incapacitating,EMS,Failure to Yield Right-of-Way,,Helmet,,75,N,N,Y,N
81511612,2018,2,Intersection - Marked Crosswalk,Crossing Roadway,Other Cyclist,UK,FL,UK,Male,N,,,,,N,,,,Possible,EMS,No Improper Action,,None,,72,N,N,Y,N
82646402,2018,2,Travel Lane - Other Location,Crossing Roadway,Other Cyclist,DORAL,FL,33166,Male,N,,,,,N,,,,Possible,Not Transported,Dart/Dash,Failure to Yield Right-of-Way,None,,19,N,N,N,Y
82653311,2018,2,Intersection - Other,Walking/Cycling Along Roadway With Traffic,Other Cyclist,LONGBOAT KEY,FL,34228,Male,N,Test Not Given,,,,N,Test Not Given,,,Possible,Not Transported,Unknown,,Other,Other,29,N,N,N,N
84300054,2018,1,Other,Other,Other Cyclist,BARTOW,,33830,Male,N,,,,,N,,,,None,Not Transported,Other,,None,,22,N,N,N,N
85103062,2018,1,Intersection - Unmarked Crosswalk,Walking/Cycling on Sidewalk,Other Cyclist,PORT ORANGE,,32127,Male,N,,,,,N,,,,Non-Incapacitating,EMS,Dart/Dash,Failure to Yield Right-of-Way,None,,29,N,N,N,N
85793862,2018,2,Shoulder/Roadside,Walking/Cycling Along Roadway With Traffic,Other Cyclist,NORTH PORT,FL,34288,,N,,,,,N,,,,Non-Incapacitating,Not Transported,No Improper Action,,Helmet,,,N,N,N,N
86147944,2018,2,Travel Lane - Other Location,Crossing Roadway,Other Cyclist,VERO BEACH,FL,32967,Male,,"Unknown, if Tested",Other,Unknown,0,,"Unknown, if Tested",Other,Unknown,None,Unknown,Failure to Yield Right-of-Way,,None,,10,N,N,N,N
86188146,2018,1,Shoulder/Roadside,Crossing Roadway,Other Cyclist,JACKSONVILLE,FL,32202,Male,,Test Not Given,,,,,Test Not Given,,,Non-Incapacitating,EMS,In Roadway Improperly,,Lighting,,40,N,N,N,N
86559602,2018,2,Driveway Access,Walking/Cycling on Sidewalk,Other Cyclist,TAMPA,FL,33613,Female,N,Test Not Given,,,,N,Test Not Given,,,Incapacitating,EMS,No Improper Action,,None,,71,N,N,Y,N
86656885,2018,2,Other,Other,Other Cyclist,JACKSONVILLE,FL,32209,Female,N,Test Not Given,,,,N,Test Not Given,,,Possible,Not Transported,No Improper Action,,None,,14,N,N,N,N
86782584,2018,1,Other,Other,Other Cyclist,HALLANDALE,FL,33009,,N,,,,,N,,,,None,Not Transported,Other,,None,,,N,N,N,N
86784142,2018,1,Travel Lane - Other Location,Walking/Cycling Along Roadway Against Traffic,Other Cyclist,HALLANDALE,FL,33009,,N,,,,,N,,,,Non-Incapacitating,EMS,"Failure to Obey Traffic Signs, Signals, or Officer",Wrong-Way Riding or Walking,Helmet,,,N,N,N,N
86784623,2018,2,Bicycle Lane,Walking/Cycling Along Roadway With Traffic,Other Cyclist,HOLLYWOOD,FL,33020,,N,,,,,N,,,,Non-Incapacitating,EMS,Other,,None,,,N,N,N,N
86785988,2018,2,Non-Trafficway Area,Crossing Roadway,Other Cyclist,HIALEAH,FL,33014,,N,,,,,N,,,,None,Not Transported,Other,,Helmet,,,N,N,N,N
87015809,2018,2,Travel Lane - Other Location,Walking/Cycling Along Roadway With Traffic,Other Cyclist,MIAMI,,33133,Male,N,,,,,N,,,,None,Not Transported,Improper Passing,,None,,34,N,N,N,N
87047222,2018,2,Intersection - Marked Crosswalk,None,Bicyclist,PEMBROKE PINES,FL,33029,Male,N,,,,,N,,,,Possible,EMS,No Improper Action,,Helmet,,33,N,N,N,N
87047222,2018,3,Intersection - Marked Crosswalk,None,Other Cyclist,PEMBROKE PINES,FL,33029,Female,N,,,,,N,,,,Possible,EMS,No Improper Action,,Helmet,,1,N,N,N,N
87094396,2018,1,Other,Walking/Cycling Along Roadway With Traffic,Other Cyclist,POMPANO BEACH,FL,33062,,N,,,,,N,,,,Possible,Not Transported,Other,,None,,,N,N,N,N
87097903,2018,2,Shoulder/Roadside,Walking/Cycling Along Roadway Against Traffic,Other Cyclist,HALLANDALE,FL,33009,,N,,,,,N,,,,None,Not Transported,Wrong-Way Riding or Walking,Failure to Yield Right-of-Way,None,,,N,N,N,N
87106009,2018,3,Travel Lane - Other Location,In Roadway - Other,Other Cyclist,SANFORD,FL,32771,Male,N,Test Not Given,,,,N,Test Not Given,,,Non-Incapacitating,EMS,No Improper Action,,None,,30,N,N,N,N
87123113,2018,2,Travel Lane - Other Location,Waiting to Cross Roadway,Other Cyclist,ORMOND BEACH,FL,32174,Male,N,Test Not Given,,,,N,Test Not Given,,,Incapacitating,EMS,Dart/Dash,,None,,15,N,N,N,Y
87125858,2018,1,Sidewalk,Walking/Cycling on Sidewalk,Other Cyclist,KISSIMMEE,FL,34741,Male,N,Test Not Given,,,,N,Test Not Given,,,None,Not Transported,Other,,None,,33,N,N,N,N
87141814,2018,2,Driveway Access,Walking/Cycling on Sidewalk,Other Cyclist,MERRITT ISLAND,FL,32953,Male,N,Test Not Given,,,,N,Test Not Given,,,Incapacitating,EMS,Failure to Yield Right-of-Way,,None,,60,N,N,N,N
87149421,2018,3,Intersection - Other,In Roadway - Other,Other Cyclist,COCONUT CREEK,FL,33063,Male,N,Test Not Given,,,,N,Test Not Given,,,Incapacitating,EMS,Failure to Yield Right-of-Way,,None,,9,N,N,N,N
87163386,2018,2,Driveway Access,Walking/Cycling Along Roadway Against Traffic,Other Cyclist,VIRGINIA BEACH,VA,234522615,Male,N,Test Not Given,,,,N,Test Not Given,,,Non-Incapacitating,Not Transported,Improper Turn/Merge,,None,,68,N,N,Y,N
87165965,2018,2,Sidewalk,Other,Other Cyclist,LECANTO,FL,34461,Male,N,Test Not Given,,,,N,Test Not Given,,,Incapacitating,EMS,Wrong-Way Riding or Walking,,None,,18,N,N,N,Y
87166093,2018,2,Travel Lane - Other Location,Walking/Cycling Along Roadway With Traffic,Other Cyclist,FORT WALTON BEACH,FL,32547,Male,N,Test Not Given,,,,N,Test Not Given,,,Non-Incapacitating,EMS,No Improper Action,,None,,64,N,N,N,N
87187899,2018,2,Travel Lane - Other Location,In Roadway - Other,Other Cyclist,NAVARRE,FL,32566,Male,N,Test Not Given,,,,N,Test Not Given,,,Possible,EMS,Dart/Dash,,None,,5,N,N,N,N
87211762,2018,2,Travel Lane - Other Location,Walking/Cycling Along Roadway With Traffic,Other Cyclist,ORLANDO,FL,32817,Male,N,Test Not Given,,,,N,Test Not Given,,,Possible,EMS,Inattentive,Improper Turn/Merge,None,,19,N,N,N,Y
87215476,2018,1,Sidewalk,Walking/Cycling on Sidewalk,Other Cyclist,FALLS CHURCH,VA,22046,Female,N,Test Not Given,,,,N,Test Not Given,,,Non-Incapacitating,EMS,No Improper Action,,None,,20,N,N,N,N
87216709,2018,1,Shoulder/Roadside,Walking/Cycling Along Roadway With Traffic,Other Cyclist,COCOA,FL,32926,Male,Y,Test Not Given,,,,N,Test Not Given,,,Possible,EMS,No Improper Action,,Lighting,,58,Y,N,N,N
87226995,2018,2,Bicycle Lane,Walking/Cycling Along Roadway With Traffic,Other Cyclist,THE VILLAGES,FL,32162,Male,N,Test Not Given,,,,N,Test Not Given,,,Incapacitating,EMS,No Improper Action,,Helmet,,72,N,N,Y,N
87254667,2018,2,Travel Lane - Other Location,Crossing Roadway,Other Cyclist,GAINESVILLE,FL,32609,Male,N,Test Not Given,,,,N,Test Not Given,,,Non-Incapacitating,EMS,Failure to Yield Right-of-Way,,None,,44,N,N,N,N
87280338,2018,1,Shoulder/Roadside,Walking/Cycling Along Roadway With Traffic,Other Cyclist,ASTOR,FL,32102,Female,N,Test Not Given,,,,N,Test Not Given,,,Non-Incapacitating,EMS,Not Visible,Wrong-Way Riding or Walking,None,,34,N,N,N,N
87371863,2018,1,Travel Lane - Other Location,Walking/Cycling Along Roadway With Traffic,Other Cyclist,TAMPA,FL,33612,Male,N,Test Not Given,,,,N,Test Not Given,,,Possible,EMS,Not Visible,Other,None,,48,N,N,N,N
87385393,2018,3,Other,Crossing Roadway,Other Cyclist,FORT MYERS,FL,33916,Male,N,,,,,N,,,,Non-Incapacitating,EMS,No Improper Action,,None,,3,N,N,N,N
87411122,2018,2,Driveway Access,Walking/Cycling on Sidewalk,Other Cyclist,BATESBURG,SC,61300,Female,N,,,,,N,,,,Possible,EMS,No Improper Action,,None,,18,N,N,N,Y
87429847,2018,2,Other,Other,Other Cyclist,BOCA RATON,FL,33428,,N,,,,,N,,,,Possible,EMS,No Improper Action,,Helmet,,,N,N,N,N
87432549,2018,2,Intersection - Unmarked Crosswalk,None,Other Cyclist,MIAMI,FL,33168,Female,N,Test Not Given,,,,N,Test Not Given,,,Possible,Other,No Improper Action,,,,46,N,N,N,N
87432549,2018,3,Intersection - Unmarked Crosswalk,Walking/Cycling on Sidewalk,Bicyclist,MIAMI,FL,33168,Male,,"Unknown, if Tested",,,,,"Unknown, if Tested",,,Possible,,,,,,35,N,N,N,N
87443630,2018,1,Bicycle Lane,Walking/Cycling Along Roadway Against Traffic,Other Cyclist,ORLANDO,,32808,Male,N,,,,,N,,,,Non-Incapacitating,EMS,Wrong-Way Riding or Walking,,None,,43,N,N,N,N
87458491,2018,2,Bicycle Lane,Other,Other Cyclist,NAPLES,FL,34104,Male,N,,,,,N,,,,Non-Incapacitating,EMS,Not Visible,,None,,37,N,N,N,N
87501819,2018,2,Travel Lane - Other Location,Other,Other Cyclist,JACKSONVILLE,FL,32209,Male,N,Test Not Given,,,,N,Test Not Given,,,Non-Incapacitating,EMS,In Roadway Improperly,,None,,47,N,N,N,N
87509252,2018,2,Other,Crossing Roadway,Other Cyclist,TITUSVILLE,,32780,Male,N,,,,,N,,,,Possible,Not Transported,Other,,None,,84,N,N,Y,N
87517879,2018,1,Other,Other,Other Cyclist,TAMPA,FL,33610,Female,N,,,,,N,,,,None,Not Transported,Failure to Yield Right-of-Way,,None,,9,N,N,N,N
87520459,2018,2,Travel Lane - Other Location,Crossing Roadway,Other Cyclist,TAMPA,FL,33603,Male,N,,,,,N,,,,Non-Incapacitating,Not Transported,Other,,None,,5,N,N,N,N
87522326,2018,2,Driveway Access,Walking/Cycling on Sidewalk,Other Cyclist,TAMPA,FL,33613,Female,N,,,,,N,,,,Non-Incapacitating,EMS,No Improper Action,,None,,23,N,N,N,N
87524627,2018,3,Shoulder/Roadside,Walking/Cycling Along Roadway With Traffic,Bicyclist,TAMPA,FL,33604,Male,N,,,,,N,,,,Non-Incapacitating,EMS,Other,,None,,11,N,N,N,N
87524627,2018,4,Shoulder/Roadside,Other,Other Cyclist,TAMPA,FL,33604,Male,N,,,,,N,,,,None,Not Transported,No Improper Action,,None,,8,N,N,N,N
87531099,2018,2,Travel Lane - Other Location,Walking/Cycling Along Roadway With Traffic,Other Cyclist,FORT WALTON BEACH,FL,32547,Male,N,,,,,N,,,,Possible,Not Transported,No Improper Action,,Helmet,Reflective Clothing,25,N,N,N,N
87560182,2018,2,Travel Lane - Other Location,In Roadway - Other,Other Cyclist,CAPE CORAL,FL,33990,,N,,,,,N,,,,Non-Incapacitating,Not Transported,Dart/Dash,,None,,,N,N,N,N
87574711,2018,2,Intersection - Marked Crosswalk,Crossing Roadway,Bicyclist,MIAMI,FL,33125,Male,N,,,,,N,,,,None,EMS,Improper Passing,,None,,66,N,N,Y,N
87574711,2018,3,Intersection - Marked Crosswalk,Crossing Roadway,Other Cyclist,MIAMI,FL,33136,Male,N,,,,,N,,,,None,Not Transported,Improper Passing,,None,,69,N,N,Y,N
87591278,2018,2,Unknown,Unknown,Other Cyclist,COCOA,FL,32922,Male,N,Test Not Given,,,,N,Test Not Given,,,None,Not Transported,No Improper Action,No Improper Action,None,None,22,N,N,N,N
87597051,2018,1,Intersection - Unmarked Crosswalk,Crossing Roadway,Other Cyclist,JACKSONVILLE,FL,32277,Male,N,Test Not Given,,,,N,Test Not Given,,,Possible,Not Transported,Failure to Yield Right-of-Way,,None,,5,N,N,N,N
87612526,2018,2,Intersection - Marked Crosswalk,Crossing Roadway,Other Cyclist,JACKSONVILLE,FL,32209,Male,N,Test Not Given,,,,N,Test Not Given,,,None,Not Transported,In Roadway Improperly,,None,,68,N,N,Y,N
87637040,2018,3,Travel Lane - Other Location,Other,Other Cyclist,MIAMI,,33193,Male,N,,,,,N,,,,Possible,Not Transported,Other,,None,,40,N,N,N,N
87646142,2018,3,Travel Lane - Other Location,Walking/Cycling Along Roadway With Traffic,Other Cyclist,HOMESTEAD,,33030,Male,N,,,,,N,,,,Non-Incapacitating,Other,No Improper Action,,None,,18,N,N,N,Y
87667831,2018,1,Intersection - Other,Crossing Roadway,Other Cyclist,KISSIMMEE,,34759,Male,N,,,,,N,,,,Possible,Not Transported,Failure to Yield Right-of-Way,,None,,21,N,N,N,N
87704500,2018,2,Intersection - Marked Crosswalk,Walking/Cycling on Sidewalk,Other Cyclist,GAINESVILLE,FL,32609,,N,,,,,N,,,,Non-Incapacitating,Not Transported,Dart/Dash,,None,,,N,N,N,N
87716559,2018,2,Travel Lane - Other Location,Crossing Roadway,Other Cyclist,BRANDON,FL,33511,Male,N,Test Not Given,,,,N,Test Not Given,,,Non-Incapacitating,Other,Dart/Dash,In Roadway Improperly,None,,4,N,N,N,N
87718301,2018,2,Intersection - Marked Crosswalk,Crossing Roadway,Other Cyclist,BONITA SPRINGS,FL,34135,Male,N,,,,,N,,,,None,Not Transported,No Improper Action,,None,,68,N,N,Y,N
87744700,2018,2,Intersection - Marked Crosswalk,Crossing Roadway,Other Cyclist,SARASOTA,,34237,Male,N,,,,,N,,,,None,Not Transported,Failure to Yield Right-of-Way,,None,,31,N,N,N,N
87748837,2018,2,Sidewalk,Walking/Cycling on Sidewalk,Other Cyclist,LARGO,FL,33770,,N,,,,,N,,,,Possible,Not Transported,Other,,Helmet,,,N,N,N,N
87749547,2018,2,Sidewalk,Walking/Cycling on Sidewalk,Other Cyclist,LARGO,FL,33771,,N,,,,,N,,,,Possible,Not Transported,No Improper Action,,None,,,N,N,N,N
87749856,2018,2,Travel Lane - Other Location,Walking/Cycling Along Roadway Against Traffic,Other Cyclist,CLEARWATER,FL,33759,,N,,,,,N,,,,Non-Incapacitating,EMS,"Failure to Obey Traffic Signs, Signals, or Officer",Wrong-Way Riding or Walking,Helmet,,,N,N,N,N
87754993,2018,2,Intersection - Marked Crosswalk,Walking/Cycling Along Roadway With Traffic,Other Cyclist,MIAMI BEACH,,33141,Female,N,,,,,N,,,,Non-Incapacitating,Not Transported,No Improper Action,,None,,60,N,N,N,N
87755052,2018,3,Other,Walking/Cycling Along Roadway Against Traffic,Other Cyclist,MIAMI BEACH,,33139,Male,N,,,,,N,,,,Incapacitating,EMS,Unknown,,None,,19,N,N,N,Y
87765454,2018,1,Intersection - Other,Crossing Roadway,Other Cyclist,FORT LAUDERDALE,FL,33311,,N,,,,,N,,,,Non-Incapacitating,EMS,No Improper Action,,None,,,N,N,N,N
87766747,2018,1,Travel Lane - Other Location,Other,Other Cyclist,FORT LAUDERDALE,FL,33304,,,"Unknown, if Tested",,,,,"Unknown, if Tested",,,None,EMS,Other,,None,,,N,N,N,N
87767329,2018,2,Bicycle Lane,Walking/Cycling Along Roadway Against Traffic,Other Cyclist,FT LAUDERDALE,FL,33304,,N,,,,,N,,,,Non-Incapacitating,EMS,No Improper Action,,None,,,N,N,N,N
87771028,2018,2,Intersection - Unmarked Crosswalk,Walking/Cycling Along Roadway Against Traffic,Other Cyclist,TONAWANDA,NY,14150,,N,,,,,N,,,,Possible,EMS,Other,,None,,,N,N,N,N
87772081,2018,2,Intersection - Marked Crosswalk,Crossing Roadway,Other Cyclist,FORT LAUDERDALE,FL,33301,,N,,,,,N,,,,Possible,EMS,No Improper Action,,None,,,N,N,N,N
87782457,2018,1,Travel Lane - Other Location,Other,Other Cyclist,FORT PIERCE,FL,34950,,N,,,,,N,,,,Non-Incapacitating,EMS,In Roadway Improperly,,None,,,N,N,N,N
87783218,2018,3,Sidewalk,Crossing Roadway,Other Cyclist,FORT PIERCE,FL,34950,,N,,,,,N,,,,None,Not Transported,No Improper Action,,Helmet,,,N,N,N,N
87783632,2018,2,Intersection - Marked Crosswalk,Crossing Roadway,Other Cyclist,FORT PIERCE,FL,34950,,Y,Test Not Given,Other,Unknown,,N,,,,Possible,EMS,Dart/Dash,Other,None,,,Y,N,N,N
87790225,2018,2,Intersection - Marked Crosswalk,Crossing Roadway,Other Cyclist,PALM BAY,FL,32907,Male,Y,Test Given,Blood,Completed,0.075,Y,Test Given,Blood,Positive,Incapacitating,EMS,"Failure to Obey Traffic Signs, Signals, or Officer",Dart/Dash,None,,55,Y,Y,N,N
87798958,2018,4,Driveway Access,Walking/Cycling on Sidewalk,Other Cyclist,SARASOTA,FL,34233,Male,N,,,,,N,,,,Non-Incapacitating,EMS,No Improper Action,,None,,34,N,N,N,N
87800561,2018,5,Intersection - Marked Crosswalk,Crossing Roadway,Other Cyclist,NOKOMIS,FL,34275,Male,N,,,,,N,,,,None,EMS,Wrong-Way Riding or Walking,Other,None,,72,N,N,Y,N
87808798,2018,2,Intersection - Unmarked Crosswalk,Walking/Cycling Along Roadway With Traffic,Other Cyclist,HIALEAH,FL,33010,Male,N,,,,,N,,,,Non-Incapacitating,EMS,No Improper Action,,None,,46,N,N,N,N
87816381,2018,2,Bicycle Lane,Other,Other Cyclist,FAYETTEVILLE WASHING,AR,72704,,,,,,,,,,,Incapacitating,EMS,Other,,None,,,N,N,N,N
87827159,2018,2,Intersection - Marked Crosswalk,Crossing Roadway,Bicyclist,PALM COAST,FL,32164,Female,,,,,,,,,,Possible,Other,No Improper Action,No Improper Action,None,None,37,N,N,N,N
87827159,2018,3,Intersection - Marked Crosswalk,Crossing Roadway,Other Cyclist,PALM COAST,FL,32164,Male,,,,,,,,,,Possible,Other,No Improper Action,No Improper Action,None,None,2,N,N,N,N
87847501,2018,2,Intersection - Unmarked Crosswalk,Crossing Roadway,Other Cyclist,MIAMI,FL,33169,Male,N,,,,,N,,,,Non-Incapacitating,EMS,No Improper Action,,None,,9,N,N,N,N
87847501,2018,3,Intersection - Unmarked Crosswalk,Crossing Roadway,Other Cyclist,MIAMI,FL,33169,Female,N,,,,,N,,,,Possible,EMS,No Improper Action,,None,,5,N,N,N,N
87852762,2018,2,Intersection - Marked Crosswalk,Walking/Cycling on Sidewalk,Other Cyclist,MIAMI,FL,33127,Male,N,,,,,N,,,,Non-Incapacitating,EMS,No Improper Action,,None,,14,N,N,N,N
87852762,2018,3,Intersection - Marked Crosswalk,Walking/Cycling on Sidewalk,Other Cyclist,MIAMI,FL,33127,Male,N,,,,,N,,,,Non-Incapacitating,EMS,No Improper Action,,None,,9,N,N,N,N
87854218,2018,2,Other,Other,Other Cyclist,HOMESTEAD,FL,33033,Male,N,,,,,N,,,,Non-Incapacitating,Not Transported,No Improper Action,,None,,25,N,N,N,N
87854280,2018,3,Intersection - Marked Crosswalk,Crossing Roadway,Other Cyclist,MIAMI,FL,33126,Female,N,,,,,N,,,,Possible,EMS,No Improper Action,,None,,50,N,N,N,N
87885375,2018,2,Intersection - Marked Crosswalk,Crossing Roadway,Other Cyclist,FLEMING ISLAND,FL,32003,Male,N,,,,,N,,,,Possible,Not Transported,No Improper Action,,None,,25,N,N,N,N
87899846,2018,2,Bicycle Lane,Walking/Cycling Along Roadway With Traffic,Other Cyclist,LAUD BY SEA,FL,33308,,N,,,,,N,,,,None,Not Transported,Failure to Yield Right-of-Way,Improper Turn/Merge,None,,,N,N,N,N
87902164,2018,2,Other,Other,Other Cyclist,FORT LAUDERDALE,FL,33311,,N,,,,,N,,,,None,Not Transported,Failure to Yield Right-of-Way,,None,,,N,N,N,N
87908898,2018,3,Travel Lane - Other Location,Crossing Roadway,Other Cyclist,FORT LAUDERDALE,FL,33309,,,"Unknown, if Tested",,Unknown,,,"Unknown, if Tested",,Unknown,Non-Incapacitating,EMS,Failure to Yield Right-of-Way,Improper Turn/Merge,None,None,,N,N,N,N
87909887,2018,2,Shoulder/Roadside,Walking/Cycling Along Roadway With Traffic,Other Cyclist,MARGATE,FL,33063,,N,,,,,N,,,,Non-Incapacitating,EMS,Unknown,,Other,,,N,N,N,N
