REPORT_NUMBER,CRASH_YEAR,VEHICLE_NUMBER,PERSON_NUMBER,CITY,STATE,ZIP_CODE,SEX,HELMET_CODE,RESTRAINT_SYSTEM_CODE,EYE_PROTECTION_CODE,AIR_BAG_DEPLOYMENT_CODE,EJECTED,INJURY_SEVERITY,EMS_TRANSPORT_TYPE,SEAT_POSITION_CODE,ROW_POSITION_CODE,OTHER_POSITION_CODE,S4_AGE_AT_TIME_OF_CRASH,S4_IS_UNRESTRAINED_PASSENGER
87537138,2017,1,3,DELTONA,FL,32739,Female,,Shoulder and Lap Belt Used,,Not Deployed,Not Ejected,None,Not Transported,Right,Front,,72,N
81511612,2018,1,4,WEST PALM BEACH,FL,33415,Male,No Helmet,Shoulder and Lap Belt Used,,Not Applicable,Not Ejected,None,Not Transported,Right,Second,Not Applicable,14,N
81511612,2018,1,3,WEST PALM BEACH,FL,33415,Female,No Helmet,Shoulder and Lap Belt Used,,Not Deployed,Not Ejected,None,Not Transported,Right,Front,Not Applicable,16,N
87902164,2018,1,3,MIRAMAR,FL,33023,Female,,Child Restraint System - Forward Facing,,Not Deployed,Not Ejected,None,Not Transported,Right,Second,,4,N
84300054,2018,2,2,DAVENPORT,FL,33837,Female,No Helmet,Not Applicable (non-motorist),,Not Deployed,Not Ejected,None,Not Transported,Right,Second,Not Applicable,49,N
86784142,2018,1,3,NORTH PROVIDENCE,RI,02911,Female,,Shoulder and Lap Belt Used,,Not Deployed,Not Ejected,None,Not Transported,Left,Second,Not Applicable,18,N
86784142,2018,1,4,NORTH PROVIDENCE,RI,02911,Male,,Shoulder and Lap Belt Used,,Not Deployed,Not Ejected,None,Not Transported,Right,Second,Not Applicable,18,N
87015809,2018,1,3,NEW YORK,NY,10023,Male,No Helmet,,,,Not Ejected,None,Not Transported,Right,Second,Not Applicable,58,N
87106009,2018,1,2,DELTONA,FL,32725,Female,,Shoulder and Lap Belt Used,,Not Deployed,Not Ejected,None,Not Transported,Right,Front,,30,N
87149421,2018,1,2,WINDERMERE,FL,34786,Male,,Child Restraint System - Forward Facing,,Not Applicable,Not Ejected,None,Not Transported,Right,Third,,5,N
87163386,2018,1,3,MELBOURNE BCH,FL,32951,Female,,Shoulder and Lap Belt Used,,Not Deployed,Not Ejected,None,Not Transported,Right,Front,Not Applicable,69,N
87371863,2018,2,4,TAMPA,FL,33624-0000,Female,,Shoulder and Lap Belt Used,,Not Deployed,Not Ejected,None,Not Transported,Right,Front,,47,N
87385393,2018,1,2,FORT MYERS,FL,33901,Female,,Shoulder and Lap Belt Used,,Not Deployed,Not Ejected,None,Not Transported,Right,Front,,20,N
87524627,2018,1,2,RUSKIN,FL,33570,Male,,Shoulder and Lap Belt Used,,Not Applicable,Not Ejected,None,Not Transported,Right,Front,,54,N
87597051,2018,1,3,JACKSONVILLE,FL,32277,Male,,Shoulder and Lap Belt Used,,Not Deployed,Not Ejected,None,Not Transported,Right,Front,Not Applicable,29,N
87637040,2018,1,2,MIAMI,FL,33196,Female,No Helmet,Shoulder and Lap Belt Used,,Not Deployed,Not Ejected,None,Not Transported,Right,Front,Not Applicable,85,N
87749856,2018,1,3,SAINT PETERSBURG,FL,33710,Female,No Helmet,Shoulder and Lap Belt Used,N,Not Deployed,Not Ejected,None,Not Transported,Right,Front,Not Applicable,58,N
87755052,2018,1,2,MIAMI,FL,33177,Female,No Helmet,Shoulder and Lap Belt Used,N,Not Deployed,Not Ejected,None,Not Transported,Right,Front,Not Applicable,23,N
87783218,2018,1,2,FORT PIERCE,FL,34947,Female,,Shoulder and Lap Belt Used,,Not Deployed,Not Ejected,None,Not Transported,Right,Front,,32,N
87783632,2018,1,3,FORT PIERCE,FL,34950,Female,No Helmet,Shoulder and Lap Belt Used,,Not Deployed,Not Ejected,None,Not Transported,Right,Front,Not Applicable,72,N
87798958,2018,1,2,SARASOTA,FL,34234,Male,,Shoulder and Lap Belt Used,,Not Applicable,Not Ejected,None,Not Transported,Right,Second,,9,N
87798958,2018,1,3,SARASOTA,FL,34234,Male,,Shoulder and Lap Belt Used,,Not Applicable,Not Ejected,None,Not Transported,Right,Front,,28,N
87800561,2018,1,2,NOKOMIS,FL,34275,Female,,Shoulder and Lap Belt Used,,Not Deployed,Not Ejected,None,Not Transported,Right,Second,Not Applicable,9,N
87800561,2018,1,4,NOKOMIS,FL,34234275,Female,,Child Restraint System - Type Unknown,,Not Deployed,Not Ejected,None,Not Transported,Left,Second,Not Applicable,8,N
87800561,2018,1,3,NOKOMIS,FL,34275,Female,,Child Restraint System - Type Unknown,,Not Deployed,Not Ejected,None,Not Transported,Middle,Second,Not Applicable,8,N
87854280,2018,1,2,MIAMI,FL,33165,Female,,Shoulder and Lap Belt Used,,Not Deployed,Not Ejected,None,Not Transported,Right,Front,,15,N
