REPORT_NUMBER,CRASH_YEAR,VEHICLE_NUMBER,OWNER_CITY,OWNER_STATE,OWNER_ZIP_CODE,COMMERCIAL_VEHICLE_FLAG,MOTION_CODE,STATE_OF_REGISTRATION,PERMANENT_REGISTRATION_FLAG,HIT_AND_RUN_FLAG,VEHICLE_YEAR,VEHICLE_MAKE,VEHICLE_MODEL,VEHICLE_STYLE,VEHICLE_COLOR,DISABLING_FUNCTIONAL_DAMAGE,ESTIMATED_VEHICLE_DAMAGE,TOW_DAMAGE_CODE,HOW_TOW_REQUESTED,BUSINESS_OWNED_FLAG,VEHICLE_TRAVELING,ROAD_ON,ESTIMATED_MPH,POSTED_SPEED,TOTAL_NUMBER_OF_LANES,HAZARDOUS_MATERIAL_RELEASED,HAZMAT_PLACARD,HAZARDOUS_PLACARD_NUMBER,HAZMAT_CLASS,POINT_OF_IMPACT,MOST_DAMAGED_AREA_CODE,TYPE_OF_VEHICLE,TRAFFICWAY_CODE,COMMERCIAL_VEHICLE_CONFIGURATION_CODE,COMMERCIAL_USE_CODE,CARRIER_CARGO_BODY_TYPE,COMMERCIAL_VEHICLE_WEIGHT_CODE,MOST_HARMFUL_EVENT_CODE,HARMFUL_EVENT_1,HARMFUL_EVENT_2,HARMFUL_EVENT_3,HARMFUL_EVENT_4,EMERGENCY_VEHICLE_USE_CODE,ROADWAY_GRADE_CODE,ROADWAY_ALIGNMENT_CODE,VEHICLE_MANEUVER_ACTION,TRAFFIC_CONTROL_DEVICE,VEHICLE_SPECIAL_FUNCTION,VEHICLE_DEFECT1,VEHICLE_DEFECT2,S4_IS_COMMERCIAL_MOTOR_VEHICLE
87436908,2017,1,ORLANDO,FL,32824,,Vehicle in Transport,FL,,N,2014,CHEV,,VN,WHI,None,0,N,Driver,N,South,UNIVERSAL BV,5,25,4,,,,,Right Front Fender,Right Front Fender,"Cargo Van (10,000 lbs (4,536 kg) or less)","Two-Way, Not Divided",,,,,Pedalcycle,Pedalcycle,,,,N,Level,Straight,Straight Ahead,Traffic Control Signal,No Special Function,None,,N
87441667,2017,1,ORLANDO,FL,32803,,Vehicle in Transport,FL,,N,2010,HOND,,4D,BLU,Minor,400,N,Driver,N,East,E COLONIAL DR,20,35,7,,,,,Front Center Bumper,Front Center Bumper,Passenger Car,"Two-Way, Divided, Positive Median Barrier",,,,,Pedalcycle,Pedalcycle,,,,N,Level,Straight,Turning Left,Traffic Control Signal,No Special Function,None,,
87454218,2017,1,NAPLES,FL,34109,N,Vehicle in Transport,FL,,N,2014,NISS,,UT,GRN,Minor,200,N,Driver,N,South,,10,20,2,,,,,Right Front Door,Right Front Door,(Sport) Utility Vehicle,"Two-Way, Not Divided",,,,,Motor Vehicle in Transport,Motor Vehicle in Transport,,,,N,Level,Straight,Straight Ahead,No Controls,No Special Function,None,,
87931020,2018,2,PORT ST LUCIE,FL,34953,N,Vehicle in Transport,FL,N,N,2000,DODG,,PK,BLK,Minor,200,N,,N,West,SW DEL RIO BLVD,1,30,2,,,,,Right Rear Door,Right Rear Door,Pickup,"Two-Way, Not Divided",,,,,Motor Vehicle in Transport,Motor Vehicle in Transport,,,,N,Level,Straight,Turning Right,Stop Sign,No Special Function,None,,
87501090,2017,1,,,,N,Vehicle in Transport,,N,Y,,,,,,Unknown,0,N,Driver,N,East,5TH ST,5,30,2,,,,,Front Center Bumper,,,"Two-Way, Not Divided",,,,,,,,,,N,Level,Straight,Straight Ahead,Stop Sign,No Special Function,,,
87516152,2017,1,TAMPA,FL,33610,N,Vehicle in Transport,FL,,N,2005,INTL,,TK,WHI,None,0,N,Driver,N,Unknown,TALIAFERRO AVE N,5,25,2,,,,,Right Front Fender,,Other,"Two-Way, Not Divided",,,,,Pedalcycle,Pedalcycle,,,,N,Level,Straight,Turning Left,No Controls,No Special Function,None,,
87537138,2017,1,DELTONA,FL,32739,,Vehicle in Transport,FL,,N,2015,KIA,,4D,BLK,Minor,500,N,Driver,N,South,DAY RD,5,30,2,,,,,Right Front Fender,Right Front Fender,(Sport) Utility Vehicle,"Two-Way, Not Divided",,,,,Pedalcycle,Pedalcycle,,,,N,Level,Straight,Turning Right,Stop Sign,No Special Function,None,,
87545038,2017,1,VENICE,FL,34293,N,Vehicle in Transport,FL,,N,2005,MERZ,,4D,SIL,Minor,500,N,Driver,N,North,BELLAGIO BLVD,30,30,2,,,,,Front Left Bumper,Front Left Bumper,Passenger Car,"Two-Way, Not Divided",,,,,Motor Vehicle in Transport,Motor Vehicle in Transport,,,,N,Level,Curve Left,Negotiating a Curve,No Controls,No Special Function,None,,
87559407,2017,1,,,,,Vehicle in Transport,,,,,,,VAN,RED,Unknown,0,,,,West,CAPE CORAL PKWY E,10,45,6,,,,,,,Passenger Van,"Two-Way, Divided, Positive Median Barrier",,,,,,Pedestrian,,,,,Level,Straight,Straight Ahead,No Controls,No Special Function,None,,
87562368,2017,2,WEST PALM BEACH,FL,33409,,Vehicle in Transport,FL,,N,2014,AUDI,,4D,WHI,Functional,100,N,Driver,N,West,W 2ND STREET,15,25,2,,,,,Left Front Door,Left Front Door,Passenger Car,"Two-Way, Not Divided",,,,,Pedalcycle,Pedalcycle,,,,N,Level,Straight,Straight Ahead,No Controls,No Special Function,None,,
87568965,2017,1,HIALEAH,FL,33010,,Vehicle in Transport,FL,,,2013,TOYO,,4D,WHI,Minor,600,,Driver,,West,W FLAGLER ST,30,30,2,,,,,Front Right Bumper,Front Right Bumper,Passenger Car,"Two-Way, Divided, Unprotected (painted >4 feet) Median",,,,,Motor Vehicle in Transport,Motor Vehicle in Transport,,,,,Level,Straight,Straight Ahead,Traffic Control Signal,No Special Function,None,,
81506689,2018,1,WEST PALM BEACH,FL,33409,N,Vehicle in Transport,FL,N,,2018,JEEP,,UT,WHI,None,0,N,Driver,N,West,345 SR 809,5,,2,,,,,Front Right Bumper,,(Sport) Utility Vehicle,"Two-Way, Not Divided",,,,,Pedalcycle,Pedalcycle,,,,N,Level,Straight,Straight Ahead,No Controls,No Special Function,None,,
81507492,2018,1,BOYNTON BEACH,FL,33472,,Vehicle in Transport,FL,,,2009,HOND,,UT,RED,Minor,300,,Driver,,West,VENETIAN ISLES BLVD,10,,2,,,,,Right Rear Fender,Right Rear Fender,(Sport) Utility Vehicle,"Two-Way, Not Divided",,,,,Motor Vehicle in Transport,Motor Vehicle in Transport,,,,,Level,Straight,Straight Ahead,No Controls,No Special Function,None,,
81511612,2018,1,WEST PALM BEACH,FL,33415,N,Vehicle in Transport,FL,N,N,2006,HOND,,4D,BLU,Functional,500,N,Driver,N,West,SUNNY LANE,15,30,2,,,,,Right Rear Door,Trunk,Passenger Car,"Two-Way, Not Divided",,,,,Pedestrian,Pedestrian,,,,N,Level,Straight,Turning Right,No Controls,No Special Function,None,,
82646402,2018,1,MIAMI,FL,33186,N,Vehicle in Transport,FL,,N,2015,NISS,NV200,VN,WHI,Minor,1000,N,,N,West,36TH ST NW,20,40,6,,,,,Front Center Bumper,Front Center Bumper,"Cargo Van (10,000 lbs (4,536 kg) or less)","Two-Way, Divided, Positive Median Barrier",,,,Not Applicable,Motor Vehicle in Transport,Motor Vehicle in Transport,,,,N,Level,Straight,Straight Ahead,No Controls,No Special Function,None,,N
82653311,2018,1,LONGBOAT KEY,FL,34228,N,Vehicle in Transport,FL,N,N,2005,TOYOT,,4 DO,GRAY,None,0,N,Driver,N,North,PRIVATE DRIVE AT 500 BAY ISLES RD,5,,2,,,,,Front Center Bumper,,Passenger Car,"Two-Way, Divided, Positive Median Barrier",,,,,Pedalcycle,Pedalcycle,,,,N,Level,Straight,Turning Left,Stop Sign,No Special Function,None,,
82653311,2018,2,LONGBOAT KEY,FL,34228,N,Vehicle in Transport,,N,N,,CATRI,,TRIC,YELLOW,Disabling,300,,Driver,N,East,BAY ISLES ROAD,10,20,2,,,,,Right Front Door,Right Front Door,Unknown,"Two-Way, Divided, Positive Median Barrier",,,,,Pedalcycle,Pedalcycle,,,,N,Level,Straight,Straight Ahead,No Controls,No Special Function,None,,
84300054,2018,2,DAVENPORT,FL,33837,,Parked Motor Vehicle,FL,,,2006,TOYT,,4D,GRY,Minor,500,,Other,,Off-Road,PALMETTO ST W,0,25,2,,,,,Right Rear Fender,Right Front Fender,Passenger Car,"Two-Way, Not Divided",,,,,Parked Motor Vehicle,Parked Motor Vehicle,,,,,Level,Straight,Parked,No Controls,No Special Function,None,,
85103062,2018,2,ST-AUGUSTIN,QC,G3A1W7,,Vehicle in Transport,QC,,,2006,NISS,,4H,SIL,Minor,500,,Driver,,South,SR5A / NOVA RD.,10,50,5,,,,,Front Center Bumper,Front Center Bumper,(Sport) Utility Vehicle,"Two-Way, Divided, Positive Median Barrier",,,,,Motor Vehicle in Transport,Motor Vehicle in Transport,,,,,Level,Straight,Turning Right,No Controls,No Special Function,None,,
85793862,2018,1,PORT CHARLOTTE,FL,33954,,Vehicle in Transport,FL,,,2013,DODG,,4DR,BLU,Minor,500,,,,West,E PRICE BLVD,45,45,2,,,,,Front Right Bumper,Front Right Bumper,Passenger Car,"Two-Way, Not Divided",,,,,Pedalcycle,Pedalcycle,,,,,Level,Straight,Straight Ahead,No Controls,No Special Function,None,,
86147944,2018,1,ORLANDO,FL,32820,N,Vehicle in Transport,FL,N,N,2012,NISS,,4D,WHI,None,0,N,,N,North,40TH AVE,10,30,2,,,,,Left Rear Fender,Left Rear Fender,Passenger Car,"Two-Way, Not Divided",,,,,Pedestrian,Pedestrian,Motor Vehicle in Transport,,,N,Level,Straight,Turning Left,No Controls,No Special Function,None,,
86188146,2018,1,,,,,Vehicle in Transport,,,,,,,,,Minor,250,,,,West,CLEAR,20,25,2,,,,,Front Center Bumper,Front Center Bumper,,"Two-Way, Divided, Unprotected (painted >4 feet) Median",,,,,Pedalcycle,Pedalcycle,,,,,Level,Straight,Straight Ahead,No Controls,No Special Function,Unknown,,
86559602,2018,1,TAMPA,FL,33610-0000,,Vehicle in Transport,FL,,,1990,INTL,2500 LT,DS,WHI,Minor,100,,,,South,2916 FLETCHER AV E,5,10,2,,N,,,Front Center Bumper,Front Center Bumper,"Medium/Heavy Trucks (more than 10,000 lbs (4,536 kg))","Two-Way, Not Divided",Single-Unit Truck (3 or more axles),Intrastate Carrier,Other,"More than 26,000 lbs (11,793 kg)",Pedestrian,Pedestrian,,,,,Level,Straight,Turning Right,Stop Sign,No Special Function,None,,Y
86656885,2018,1,JACKSONVILLE,FL,32221-7677,N,Vehicle in Transport,FL,N,N,2009,CADI,,4D,BLK,None,0,N,Driver,N,South,1031 W 27TH ST,5,25,2,,,,,Left Front Fender,,Passenger Car,"Two-Way, Not Divided",,,,,Pedestrian,Pedestrian,,,,N,Level,Straight,Straight Ahead,No Controls,No Special Function,None,,
86782584,2018,1,HOLLYWOOD,FL,33020,N,Vehicle in Transport,FL,N,N,2009,NISS,,SPUV,WHI,Minor,500,N,Owner Request,N,North,TAFT ST,5,25,2,,,,,Front Center Bumper,Front Center Bumper,Passenger Car,"Two-Way, Not Divided",,,,,Motor Vehicle in Transport,Motor Vehicle in Transport,,,,N,Level,Straight,Straight Ahead,No Controls,No Special Function,None,,
86784142,2018,1,HIALEAH,FL,33018,,Vehicle in Transport,FL,,,2016,NISS,,4D,WHI,Functional,400,,,,East,S SURF RD,20,30,2,,,,,Front Left Bumper,Front Left Bumper,Passenger Car,"Two-Way, Not Divided",,,,,Motor Vehicle in Transport,Motor Vehicle in Transport,,,,,Level,Straight,Straight Ahead,No Controls,No Special Function,None,,
86784623,2018,1,HOLLYWOOD,FL,33020,,Vehicle in Transport,FL,,,2005,SUZI,,4D,GLD,Minor,400,,,,North,S FEDERAL HWY,20,35,2,,,,,Front Right Bumper,Front Right Bumper,Passenger Car,One-Way Trafficway,,,,,Motor Vehicle in Transport,Motor Vehicle in Transport,,,,,Level,Straight,Turning Right,No Controls,No Special Function,None,,
86785988,2018,1,HOLLYWOOD,FL,33024,N,Vehicle in Transport,FL,N,N,2013,DODG,,2D,WHI,Functional,500,N,,Y,South,SHERIDAN ST,20,30,4,,,,,Right Rear Fender,Right Rear Fender,Passenger Car,"Two-Way, Not Divided",,,,,Motor Vehicle in Transport,Motor Vehicle in Transport,,,,N,Level,Straight,Turning Right,Traffic Control Signal,Police,None,,
87015809,2018,1,MIAMI,FL,33133,,Parked Motor Vehicle,FL,,N,2018,TOYT,,4D,GRY,Functional,2000,N,Driver,N,North,COAST GUARD BASE RD,0,30,4,,,,,Right Rear Door,Right Rear Door,Passenger Car,"Two-Way, Not Divided",,,,,Pedestrian,Pedestrian,,,,N,Level,Straight,Stopped in Traffic,No Controls,No Special Function,None,,
87047222,2018,1,PEMBROKE PINES,FL,33028-2018,N,Vehicle in Transport,FL,N,N,2015,HYUN,,4D,BRO,Minor,20,N,,N,West,WB PINES BLVD,10,45,6,,,,,Front Center Bumper,Front Center Bumper,Passenger Car,"Two-Way, Divided, Positive Median Barrier",,,,,Pedalcycle,Pedalcycle,,,,N,Level,Straight,Turning Right,Traffic Control Signal,No Special Function,None,,
87094396,2018,1,LIGHTHOUSE POINT,FL,33064,N,Vehicle in Transport,FL,N,N,2003,TOYT,,4D,RED,Minor,200,N,,N,East,SE 2ND ST,5,35,4,,,,,Right Rear Fender,Right Rear Fender,Passenger Car,"Two-Way, Not Divided",,,,,Pedalcycle,Pedalcycle,,,,N,Level,Straight,Turning Left,No Controls,No Special Function,None,,
87097903,2018,1,HALLANDALE,FL,33009,N,Vehicle in Transport,FL,N,N,1998,LEXS,,4D,BLK,None,0,N,,N,East,W HALLANDALE BCH BLVD,3,40,2,,,,,,,Passenger Car,"Two-Way, Divided, Positive Median Barrier",,,,,Motor Vehicle in Transport,Motor Vehicle in Transport,,,,N,Level,Straight,Straight Ahead,No Controls,No Special Function,None,,
87106009,2018,1,DELTONA,FL,32725-0000,,Vehicle in Transport,FL,,,2007,CHRY,,VN,BLU,Functional,1000,,,,West,E 20TH STREET,10,25,2,,,,,Front Left Bumper,Front Left Bumper,Passenger Van,"Two-Way, Not Divided",,,,,Motor Vehicle in Transport,Motor Vehicle in Transport,,,,,Level,Straight,Turning Left,No Controls,No Special Function,None,,
87123113,2018,1,ORMOND BEACH,FL,32174-6810,,Vehicle in Transport,FL,,,2011,KIA,,UT,BGE,Minor,10,,,,East,FLEMING AVENUE,35,35,2,,,,,Front Left Bumper,Front Left Bumper,(Sport) Utility Vehicle,"Two-Way, Not Divided",,,,,Pedestrian,Pedestrian,,,,,Level,Straight,Straight Ahead,No Controls,No Special Function,None,,
87125858,2018,1,ORLANDO,FL,32810-4944,,Vehicle in Transport,FL,,,2009,MAZD,,5D,GRY,None,0,,,,North,SATEL DR,2,5,2,,,,,Left Rear Door,Left Rear Door,Passenger Car,"Two-Way, Not Divided",,,,,Pedestrian,Pedestrian,,,,,Level,Straight,Turning Left,No Controls,No Special Function,None,,
87141814,2018,1,ROCKLEDGE,FL,32955,,Vehicle in Transport,FL,,,2002,MERC,,2D,SIL,Minor,100,,,,West,1350 N COURTENAY PKWY,,10,1,,,,,Right Rear Door,Right Rear Door,Passenger Car,"Two-Way, Not Divided",,,,,Motor Vehicle in Transport,Motor Vehicle in Transport,,,,,Level,Straight,Stopped in Traffic,Stop Sign,No Special Function,None,,
87149421,2018,1,WINDERMERE,FL,34786-6760,,Vehicle in Transport,FL,,,2014,HOND,,VN,WHI,Functional,1000,,,,West,SOUTHERN MARTIN STREET,20,25,2,,,,,Front Right Bumper,Front Right Bumper,Passenger Van,"Two-Way, Not Divided",,,,,Pedestrian,Pedestrian,,,,,Level,Straight,Straight Ahead,No Controls,No Special Function,None,,
87163386,2018,1,MELBOURNE BEACH,FL,32951-0000,,Vehicle in Transport,FL,,,2016,CADI,,4D,GRY,Disabling,500,,Owner Request,,East,PRIVATE DRIVE,,10,3,,,,,Windshield,Windshield,Passenger Car,"Two-Way, Not Divided",,,,,Pedalcycle,Pedalcycle,,,,,Level,Straight,Stopped in Traffic,Stop Sign,No Special Function,None,,
87165965,2018,1,CRYSTAL RIVER,FL,34429-0000,,Vehicle in Transport,FL,,,2008,PONT,,2D,GRY,Minor,500,,,,South,DRIVE WAY ACCESS,3,15,2,,,,,Right Front Fender,Right Front Fender,Passenger Car,"Two-Way, Not Divided",,,,,Pedalcycle,Pedalcycle,,,,,Level,Straight,Turning Right,Stop Sign,No Special Function,None,,
87166093,2018,1,FORT WALTON BEACH,FL,32549-0221,,Vehicle in Transport,FL,,,2002,HOND,,VN,SIL,Functional,200,,,,West,MOONEY RD NE,15,35,2,,,,,Rear Center Bumper,Rear Center Bumper,Passenger Van,"Two-Way, Not Divided",,,,,Pedalcycle,Pedalcycle,,,,,Level,Straight,Overtaking/Passing,No Controls,No Special Function,None,,
87187899,2018,1,NAVARRE,FL,32566-9279,N,Vehicle in Transport,FL,N,N,2018,HYUN,,4D,SIL,None,0,N,,N,West,TAVIRA ST,15,25,2,,,,,Right Rear Fender,Right Rear Fender,Passenger Car,"Two-Way, Not Divided",,,,,Pedalcycle,Pedalcycle,,,,N,Level,Straight,Straight Ahead,No Controls,No Special Function,None,,
87211762,2018,1,ORLANDO,FL,32803-4336,,Vehicle in Transport,FL,,,2008,DODG,,4D,GRY,Functional,500,,,,South,HARRELL ROAD,20,45,2,,,,,Front Right Bumper,Windshield,Passenger Car,"Two-Way, Not Divided",,,,,Pedalcycle,Pedalcycle,,,,,Level,Straight,Straight Ahead,No Controls,No Special Function,None,,
87215476,2018,1,UNKNOWN,FL,99999,,Vehicle in Transport,FL,,,2017,UNKNO,,VAN,WHI,,0,,,,West,STATE ROA D 434 (ALAFAYA TRAIL),5,20,2,,,,,Front Center Bumper,Front Center Bumper,Passenger Van,"Two-Way, Not Divided",,,,,Motor Vehicle in Transport,Motor Vehicle in Transport,,,,,Level,Straight,,No Controls,No Special Function,None,,
87216709,2018,1,,,,N,Vehicle in Transport,,N,Y,,,,,RED,,0,N,,N,South,,,25,,,,,,,,Pickup,"Two-Way, Not Divided",,,,,,,,,,N,,,,No Controls,No Special Function,,,
87226995,2018,1,VERO BEACH,FL,32967,,Vehicle in Transport,FL,,,2018,DODG,,PU,WHI,Functional,2000,,,,South,US-1 (STATE ROAD 5),55,55,4,,,,,Front Right Bumper,Right Front Door,Pickup,"Two-Way, Divided, Positive Median Barrier",,,,,Pedalcycle,Pedalcycle,,,,,Level,Straight,Straight Ahead,No Controls,No Special Function,None,,
87254667,2018,1,KISSIMMEE,FL,34741-5440,,Vehicle in Transport,FL,,,2016,KW,DUMP,TK,WHI,Minor,200,,,,East,PUG MILL RD,5,30,2,,,,,Right Front Door,Right Front Door,"Medium/Heavy Trucks (more than 10,000 lbs (4,536 kg))","Two-Way, Not Divided",,,,,Pedalcycle,Pedalcycle,,,,,Level,Straight,Turning Right,Traffic Control Signal,No Special Function,None,,Y
87280338,2018,1,,,,,Vehicle in Transport,,,,,FORD,,TK,GLD,Unknown,0,,,,South,US HIGHWAY 17,45,45,2,,,,,,,Pickup,"Two-Way, Not Divided",,,,,Pedalcycle,Pedalcycle,,,,,Level,Straight,Straight Ahead,No Controls,No Special Function,None,,
87371863,2018,1,TAMPA,FL,33618-2223,N,Vehicle in Transport,FL,N,N,2014,TOYT,,LL,BLU,Minor,400,N,,N,North,SMITTER RD,10,30,2,,,,,Front Center Bumper,Front Center Bumper,(Sport) Utility Vehicle,"Two-Way, Not Divided",,,,,Pedalcycle,Pedalcycle,,,,N,Level,Straight,Turning Left,Stop Sign,No Special Function,None,,
87371863,2018,2,TAMPA,FL,33624-0000,N,Vehicle in Transport,FL,N,N,2012,KIA,,LL,GRN,Minor,200,N,,N,East,BEARSS AV W,45,45,4,,,,,Front Center Bumper,Front Center Bumper,(Sport) Utility Vehicle,"Two-Way, Divided, Positive Median Barrier",,,,,Pedalcycle,Pedalcycle,,,,N,Level,Straight,Straight Ahead,No Controls,No Special Function,None,,
87371863,2018,3,LUTZ,FL,33548-4440,N,Vehicle in Transport,FL,N,N,2000,FORD,,2D,RED,Minor,200,N,,N,North,BEARSS AV W,45,45,4,,,,,Front Center Bumper,Front Center Bumper,Passenger Car,"Two-Way, Divided, Positive Median Barrier",,,,,Pedalcycle,Pedalcycle,,,,N,Level,Straight,Straight Ahead,No Controls,No Special Function,None,,
87385393,2018,1,LEHIGH ACRES,FL,33971,,Vehicle in Transport,FL,,,2003,STRN,,4D,RED,None,0,,Driver,,North,PARKING LOT 2909 BLOUNT ST,5,,,,,,,Rear Center Bumper,Rear Center Bumper,Passenger Car,"Two-Way, Not Divided",,,,,Motor Vehicle in Transport,Motor Vehicle in Transport,,,,,Level,Straight,Backing,No Controls,No Special Function,None,,
87411122,2018,1,UNKNOWN,FL,00000,N,Vehicle in Transport,,,N,,,,4D,BLK,Unknown,0,N,Driver,N,North,PARKING LOT,5,,,,,,,Front Center Bumper,,Passenger Car,"Two-Way, Not Divided",,,,,Motor Vehicle in Transport,Motor Vehicle in Transport,,,,N,Level,Straight,Other,Other,Unknown,Unknown,,
87429847,2018,1,BOCA RATON,FL,33428,N,Vehicle in Transport,FL,N,N,2017,TOYT,,4D,WHI,Minor,200,N,,N,North,SR 7,20,45,6,,,,,Left Rear Fender,Left Rear Fender,Passenger Car,"Two-Way, Divided, Positive Median Barrier",,,,,Motor Vehicle in Transport,Motor Vehicle in Transport,,,,N,Level,Straight,Changing Lanes,No Controls,No Special Function,None,,
87429847,2018,2,BOCA RATON,FL,33428,N,Vehicle in Transport,FL,N,N,2003,HOND,,MC,BLU,Functional,1000,N,Owner Request,N,North,SR 7,30,45,6,,,,,Right Rear Door,Right Rear Fender,Motorcycle,"Two-Way, Divided, Positive Median Barrier",,,,,Motor Vehicle in Transport,Motor Vehicle in Transport,,,,N,Level,Straight,Straight Ahead,No Controls,No Special Function,None,,
87432549,2018,1,MIAMI,FL,33147,N,Vehicle in Transport,FL,N,N,2013,FORD,TRANSIT CONN,4D,Unknown,None,0,N,Driver,Y,South,N MIAMI AVE,10,35,3,,,,,Front Center Bumper,Front Center Bumper,Bus,"Two-Way, Not Divided",,,,,Motor Vehicle in Transport,Motor Vehicle in Transport,,,,N,Level,Straight,Turning Right,Traffic Control Signal,No Special Function,None,,Y
87443630,2018,2,ORLANDO,FL,32819,,Vehicle in Transport,FL,,,2010,FORD,,4D,TAN,Minor,2000,,,,East,W COLONIAL DR,10,45,6,,,,,Front Left Bumper,Front Left Bumper,Passenger Car,"Two-Way, Divided, Positive Median Barrier",,,,,Pedalcycle,Pedalcycle,,,,,Level,Straight,Turning Right,Stop Sign,No Special Function,None,,
87458491,2018,1,VALPARAISO,IN,46385,,Vehicle in Transport,FL,,,2016,TOYT,,UT,SIL,Functional,2000,,Driver,,North,DAVIS BLVD,10,45,4,,,,,Left Rear Door,Left Rear Door,(Sport) Utility Vehicle,"Two-Way, Divided, Positive Median Barrier",,,,,Pedalcycle,Pedalcycle,,,,,Level,Straight,Straight Ahead,Stop Sign,No Special Function,None,,
87501819,2018,1,,UK,,,Vehicle in Transport,UK,,,,,,,,Unknown,0,,,,East,LOCAL ROAD,30,30,2,,,,,,,,"Two-Way, Not Divided",,,,,Pedalcycle,Pedalcycle,,,,,Level,Straight,Unknown,No Controls,No Special Function,Unknown,,
87509252,2018,1,TITUSVILLE,FL,32780,,Vehicle in Transport,FL,,N,2008,NISS,,4D,BLK,Minor,450,N,Driver,N,South,2400 HARRISON STREET,5,35,2,,,,,Front Left Bumper,Front Left Bumper,Pickup,"Two-Way, Not Divided",,,,,Motor Vehicle in Transport,Motor Vehicle in Transport,,,,N,Level,Straight,Turning Left,No Controls,No Special Function,None,,
87517879,2018,1,UK,UK,,N,Vehicle in Transport,UK,,Y,,UK,,UNKNOWN,UNKNOWN,Unknown,0,N,Other,N,South,OSBORNE AVE E,5,25,1,,,,,Front Left Bumper,Front Left Bumper,Unknown,One-Way Trafficway,,,,,Motor Vehicle in Transport,Motor Vehicle in Transport,,,,N,Level,Straight,Unknown,No Controls,Unknown,Unknown,Unknown,
87520459,2018,1,TAMPA,FL,33605,,Vehicle in Transport,FL,,,2002,FORD,,UT,WHI,None,0,,Driver,,East,26TH AVE E,25,30,2,,,,,Rear Right Bumper,Rear Right Bumper,(Sport) Utility Vehicle,"Two-Way, Not Divided",,,,,Motor Vehicle in Transport,Motor Vehicle in Transport,,,,,Level,Straight,Straight Ahead,No Controls,No Special Function,None,,
87522326,2018,1,TAMPA,FL,33602,,Vehicle in Transport,FL,,,2007,GMC,,PK,WHI,None,0,,Driver,,South,NEBRASKA AV E,5,45,4,,,,,Front Center Bumper,Front Center Bumper,Passenger Car,"Two-Way, Divided, Positive Median Barrier",,,,,Motor Vehicle in Transport,Motor Vehicle in Transport,,,,,Level,Straight,Turning Left,No Controls,No Special Function,Unknown,,
87524627,2018,1,RIVERVIEW,FL,33569,,Vehicle in Transport,FL,,,2004,DODG,,PK,SIL,Minor,100,,Driver,,East,13TH ST N,5,25,2,,,,,Trailer,Trailer,Pickup,"Two-Way, Not Divided",,,,,Motor Vehicle in Transport,Motor Vehicle in Transport,,,,,Level,Straight,Straight Ahead,No Controls,No Special Function,Unknown,,
87531099,2018,1,TAMPA,FL,33618,N,Vehicle in Transport,FL,,N,2017,BUIC,,4D,BLK,Minor,200,N,Driver,N,North,DALE MABRY HWY S,20,40,4,,,,,Front Center Bumper,Front Center Bumper,Passenger Car,"Two-Way, Not Divided",,,,,Motor Vehicle in Transport,Motor Vehicle in Transport,,,,N,Level,Straight,Straight Ahead,No Controls,No Special Function,None,,
87560182,2018,1,CAPE CORAL,FL,33909,,Vehicle in Transport,FL,,,2005,MERC,,4DR,TAN,Minor,500,,Driver,,East,SE 8TH ST,15,30,2,,,,,Right Front Door,Right Front Door,Passenger Car,"Two-Way, Not Divided",,,,,Pedalcycle,Pedalcycle,,,,,Level,Straight,Straight Ahead,No Controls,No Special Function,None,,
87574711,2018,1,MIAMI,FL,33125,N,Vehicle in Transport,FL,,N,2006,TOYT,,4D,SIL,Functional,2000,Y,Owner Request,N,South,NW 17 AVE,,35,3,,,,,Front Right Bumper,Windshield,Passenger Car,"Two-Way, Divided, Unprotected (painted >4 feet) Median",,,,,Motor Vehicle in Transport,Motor Vehicle in Transport,Pedalcycle,,,N,Level,Straight,Straight Ahead,Traffic Control Signal,No Special Function,None,,
87591278,2018,1,COCOA,FL,32955,,Vehicle in Transport,FL,,,2016,TOYOT,,,GRAY,Minor,1000,,Owner Request,,West,PARKING LOT,5,5,0,,,,,Rear Left Bumper,Rear Left Bumper,Pickup,"Two-Way, Not Divided",,,,,Motor Vehicle in Transport,Motor Vehicle in Transport,Motor Vehicle in Transport,Motor Vehicle in Transport,Motor Vehicle in Transport,,Level,Straight,Backing,No Controls,No Special Function,,,
87591278,2018,2,JACKSONVILLE,FL,32245,,Vehicle in Transport,FL,,,2018,DODGE,,,GRAY,Minor,10000,,Driver,,North,PARKING LOT,5,,0,,,,,Right Rear Fender,Right Rear Fender,Passenger Van,"Two-Way, Not Divided",,,,,Motor Vehicle in Transport,Motor Vehicle in Transport,Motor Vehicle in Transport,Motor Vehicle in Transport,Motor Vehicle in Transport,,Level,Straight,Straight Ahead,No Controls,No Special Function,,,
87597051,2018,1,JACKSONVILLE,FL,32218,N,Vehicle in Transport,FL,N,N,2007,CHEV,,4D,WHI,Minor,250,N,Driver,N,South,3400 ADVANTAGE LN,30,30,2,,,,,Right Front Door,Right Front Door,Passenger Car,"Two-Way, Not Divided",,,,,Pedalcycle,Pedalcycle,,,,N,Level,Straight,Straight Ahead,No Controls,No Special Function,None,,
87612526,2018,1,JACKSONVILLE,FL,32208-3721,N,Vehicle in Transport,FL,N,N,1988,CHEV,,PK,RED,Minor,50,N,Driver,N,North,7700 REED ST,10,35,2,,,,,Trailer,Trailer,Pickup,"Two-Way, Not Divided",,,,,Pedestrian,Pedestrian,,,,N,Level,Straight,Turning Right,No Controls,No Special Function,None,,
87637040,2018,1,MIAMI,FL,33196,,Vehicle in Transport,FL,,N,2012,HYUN,,4D,GRY,Functional,400,N,Driver,N,East,SW 143RD AVENUE,5,15,2,,,,,Front Center Bumper,Front Center Bumper,Passenger Car,One-Way Trafficway,,,,,Motor Vehicle in Transport,Motor Vehicle in Transport,,,,N,Level,Straight,Turning Right,Stop Sign,No Special Function,None,,
87646142,2018,1,UNK,OT,UNK,,Vehicle in Transport,,,,,,,,UNK,Unknown,0,,Other,,,unknown,,,,,,,,,,Other,Unknown,,,,,Motor Vehicle in Transport,Motor Vehicle in Transport,,,,,Level,Straight,Unknown,Unknown,Unknown,Unknown,,
87646142,2018,2,UNK,OT,UNK,,Vehicle in Transport,,,,,,,,UNK,Unknown,0,,Other,,,unknown,,,,,,,,,,Other,Unknown,,,,,Motor Vehicle in Transport,Motor Vehicle in Transport,,,,,Level,Straight,Unknown,No Controls,Unknown,Unknown,,
87667831,2018,1,KISSIMMEE,FL,34746,,Vehicle in Transport,FL,,N,2017,NISS,NV2,VN,WHI,Functional,500,N,Driver,N,East,TOURNAMENT LANE,,25,2,,,,,Left Front Door,Left Front Door,"Cargo Van (10,000 lbs (4,536 kg) or less)","Two-Way, Not Divided",,,,,,Other Non-Fixed Object,,,,N,Level,Straight,Turning Left,No Controls,No Special Function,None,,N
87704500,2018,1,GAINESVILLE,FL,32605,,Vehicle in Transport,FL,,,2008,TOYT,,TRK,SIL,Functional,1000,,,,East,NW 3RD AVE,10,25,2,,,,,Front Left Bumper,Front Left Bumper,Pickup,"Two-Way, Not Divided",,,,,Pedalcycle,Pedalcycle,,,,,Level,Straight,Straight Ahead,Stop Sign,No Special Function,None,,
87716559,2018,1,BRANDON,FL,33511,,Vehicle in Transport,FL,,,2017,NISS,,TK,BRO,Minor,100,,,,East,TERRA VISTA ST,5,25,2,,,,,Front Center Bumper,Front Center Bumper,Pickup,"Two-Way, Not Divided",,,,,Pedestrian,Pedestrian,,,,,Level,Straight,Straight Ahead,No Controls,No Special Function,None,,
87718301,2018,1,LEHIGH ACRES,FL,33976,N,Vehicle in Transport,FL,,N,2012,DODG,,4D,RED,None,0,N,Driver,N,South,EDITH LN,5,15,2,,,,,Front Left Bumper,Front Left Bumper,Passenger Car,"Two-Way, Not Divided",,,,,Motor Vehicle in Transport,Pedalcycle,Motor Vehicle in Transport,,,N,Level,Straight,Turning Right,Stop Sign,No Special Function,None,,
87744700,2018,1,SARASOTA,FL,34236,,Vehicle in Transport,FL,,N,1995,TOYT,,4D,GRY,None,0,N,,N,West,BAY FRONT DR.,3,25,2,,,,,Right Front Fender,Right Front Fender,Passenger Car,"Two-Way, Not Divided",,,,,Motor Vehicle in Transport,Motor Vehicle in Transport,,,,N,Level,Straight,Turning Right,Traffic Control Signal,No Special Function,None,,
87748837,2018,1,LARGO,FL,33770,N,Vehicle in Transport,FL,N,N,1998,CHEV,,SUV,BRO,Minor,1000,N,Driver,N,South,WEST BAY DR,10,30,2,,,,,Front Center Bumper,Front Center Bumper,(Sport) Utility Vehicle,"Two-Way, Not Divided",,,,,Motor Vehicle in Transport,Motor Vehicle in Transport,,,,N,Level,Straight,Turning Right,No Controls,No Special Function,None,,
87749547,2018,1,CLEARWATER,FL,33760,N,Vehicle in Transport,FL,N,N,2018,ACUR,,SUV,WHI,Minor,250,N,,N,South,ULMERTON RD,2,45,5,,,,,Front Right Bumper,Front Right Bumper,(Sport) Utility Vehicle,"Two-Way, Not Divided",,,,,Pedalcycle,Pedalcycle,,,,N,Level,Straight,Turning Right,Other,No Special Function,None,,
87749856,2018,1,ST PETERSBURG,FL,33716,,Vehicle in Transport,FL,,,1999,TOYT,,4D,SIL,Minor,300,,,,South,S BELCHER RD,5,40,8,,,,,Front Left Bumper,Windshield,Passenger Car,"Two-Way, Divided, Positive Median Barrier",,,,,Pedalcycle,Pedalcycle,,,,,Level,Straight,Turning Right,No Controls,No Special Function,None,,
87754993,2018,1,MIAMI,FL,33137,,Vehicle in Transport,FL,,,2013,CHEV,,4D,WHI,Functional,1500,,Driver,,South,BYRON AVE,30,30,2,,,,,Front Center Bumper,Front Center Bumper,Passenger Car,"Two-Way, Divided, Unprotected (painted >4 feet) Median",,,,,Pedalcycle,Pedalcycle,,,,,Level,Straight,Turning Left,No Controls,No Special Function,None,,
87755052,2018,1,FORT LAUDERDALE,FL,33309,,Vehicle in Transport,FL,,,2018,CHEV,,4D,BLU,Functional,1000,,Driver,,South,ALTON RD,10,35,4,,,,,Left Front Fender,Left Front Fender,Passenger Car,"Two-Way, Divided, Positive Median Barrier",,,,,Motor Vehicle in Transport,Motor Vehicle in Transport,,,,,Level,Straight,Turning Right,Traffic Control Signal,No Special Function,None,,
87765454,2018,1,,,,,Vehicle in Transport,,,,,TOYT,,4D,GRY,Unknown,0,,,,East,NW 8TH CT,20,35,2,,,,,Front Center Bumper,Front Center Bumper,Passenger Car,"Two-Way, Not Divided",,,,,Pedestrian,Pedestrian,,,,,Level,Straight,Turning Left,No Controls,No Special Function,None,,
87766747,2018,1,FORT LAUDERDALE,FL,33304,N,Vehicle in Transport,FL,Y,N,,OTHR,,OTHR,OTH,Minor,50,N,Driver,N,South,SR A1A (N FORT LAUDERDALE BCH BLVD),20,30,4,,,,,Front Center Bumper,Front Center Bumper,Low Speed Vehicle,"Two-Way, Divided, Unprotected (painted >4 feet) Median",,,,,Pedalcycle,Pedalcycle,,,,N,Level,Curve Right,Straight Ahead,No Controls,Unknown,None,,
87767329,2018,1,LAUDERHILL,FL,33313,,Vehicle in Transport,FL,,,1995,LINC,,4D,SIL,Minor,100,,Driver,,North,GRANADA STREET,25,25,2,,,,,Front Center Bumper,Front Center Bumper,Passenger Car,"Two-Way, Not Divided, with a Continuous Left Turn Lane",,,,,Pedalcycle,Pedalcycle,,,,,Level,Straight,Straight Ahead,No Controls,No Special Function,None,,
87771028,2018,1,MIAMI GARDENS,FL,33056,N,Vehicle in Transport,FL,N,N,1997,TOYT,,SPUV,DGR,Minor,50,N,Driver,N,West,NE 16TH ST,20,25,3,,,,,Front Left Bumper,Front Left Bumper,(Sport) Utility Vehicle,"Two-Way, Not Divided, with a Continuous Left Turn Lane",,,,,Pedalcycle,Pedalcycle,,,,N,Level,Straight,Turning Left,No Controls,No Special Function,None,,
87772081,2018,1,FORT LAUDERDALE,FL,33315,N,Vehicle in Transport,FL,N,N,2002,DODG,,PK,BLU,Minor,1000,N,Driver,Y,East,NE 4TH ST,5,25,2,,,,,Front Center Bumper,Front Center Bumper,Pickup,"Two-Way, Not Divided",,,,,Motor Vehicle in Transport,Motor Vehicle in Transport,,,,N,Level,Straight,Turning Left,No Controls,No Special Function,None,,
87782457,2018,1,,,,,Vehicle in Transport,,,,,,,,,,0,,,,East,S US HWY 1,5,30,4,,,,,Front Left Bumper,Front Left Bumper,Passenger Car,"Two-Way, Not Divided",,,,,Pedalcycle,Pedalcycle,,,,,Level,Straight,Turning Left,No Controls,No Special Function,None,,
87783218,2018,1,FORT PIERCE,FL,34947,,Parked Motor Vehicle,FL,,,2017,TOYT,,4D,BLK,Minor,500,,,,,AVENUE O,0,25,2,,,,,Left Front Fender,Left Front Fender,Passenger Car,"Two-Way, Not Divided",,,,,,Motor Vehicle in Transport,,,,,Level,Straight,Turning Left,No Controls,No Special Function,None,,
87783632,2018,1,FORT PIERCE,FL,34950,N,Vehicle in Transport,TN,N,N,2004,LEXS,,UT,BLU,Functional,100,N,Driver,N,South,S US HIGHWAY 1,15,30,4,,,,,Right Rear Door,Right Rear Door,Passenger Car,"Two-Way, Divided, Unprotected (painted >4 feet) Median",,,,,,Pedalcycle,,,,N,Level,Straight,Turning Right,Traffic Control Signal,No Special Function,None,,
87790225,2018,1,PALM BAY,FL,32907,,Vehicle in Transport,FL,,,2006,NISS,,PK,SIL,Functional,1500,,Driver,,North,MINTON RD NE,20,35,4,,,,,Right Front Fender,Right Front Door,Pickup,"Two-Way, Not Divided",,,,,Pedalcycle,Pedalcycle,,,,,Level,Straight,Straight Ahead,Traffic Control Signal,No Special Function,None,,
87798958,2018,1,SARASOTA,FL,34234,,Vehicle in Transport,FL,,,2007,TOYT,VAN,VN,RED,Functional,500,,Driver,,East,BEE RIDGE RD,5,45,3,,,,,Front Center Bumper,Front Right Bumper,"Cargo Van (10,000 lbs (4,536 kg) or less)","Two-Way, Divided, Unprotected (painted >4 feet) Median",,,,Not Applicable,Motor Vehicle in Transport,Motor Vehicle in Transport,,,,,Sag (bottom),Straight,Turning Right,No Controls,No Special Function,None,,N
87800561,2018,1,NOKOMIS,FL,34275,N,Vehicle in Transport,FL,,N,2014,JEEP,,UT,RED,Minor,50,N,Driver,N,West,COLONIA LN E,5,30,4,,,,,Front Center Bumper,Front Center Bumper,(Sport) Utility Vehicle,"Two-Way, Divided, Positive Median Barrier",,,,,Motor Vehicle in Transport,Motor Vehicle in Transport,,,,N,Level,Straight,Turning Right,Traffic Control Signal,No Special Function,None,,
87808798,2018,1,MIAMI,FL,33135,,Vehicle in Transport,FL,,,2000,NISS,,UT,SIL,Functional,1000,,Driver,,West,EAST 23 ST,15,30,2,,,,,Front Right Bumper,Front Right Bumper,(Sport) Utility Vehicle,"Two-Way, Not Divided",,,,,Motor Vehicle in Transport,Motor Vehicle in Transport,,,,,Level,Straight,Turning Left,No Controls,No Special Function,None,,
87816381,2018,1,NORTH MIAMI BEACH,FL,33179,,Vehicle in Transport,FL,,,2010,HYUN,,2D,BLU,Functional,2500,,Rotation,,South,N FEDERAL HWY,15,35,4,,,,,Front Right Bumper,Front Right Bumper,Passenger Car,"Two-Way, Not Divided",,,,,Pedalcycle,Pedalcycle,,,,,Level,Straight,Turning Left,Traffic Control Signal,No Special Function,None,,
87827159,2018,1,PALM COAST,FL,32164,N,Vehicle in Transport,FL,N,N,2012,HYUND,,SPOR,WHITE,Minor,150,N,Driver,N,East,EASTHAMPTON BLVD,10,40,3,,,,,Front Center Bumper,Front Center Bumper,(Sport) Utility Vehicle,"Two-Way, Not Divided",,,,,Motor Vehicle in Transport,Motor Vehicle in Transport,Pedalcycle,,,N,Level,Straight,Turning Right,Traffic Control Signal,No Special Function,None,None,
87847501,2018,1,MIAMI,FL,33142,,Vehicle in Transport,FL,,,2001,CHEV,,4D,GRN,Minor,200,,Rotation,,West,NW 42ND ST,30,30,2,,,,,Front Center Bumper,Front Center Bumper,Passenger Car,"Two-Way, Not Divided",,,,,Motor Vehicle in Transport,Motor Vehicle in Transport,,,,,Level,Straight,Straight Ahead,No Controls,Unknown,Unknown,Unknown,
87852762,2018,1,MIAMI,FL,33167,,Vehicle in Transport,FL,,,2018,TOYT,,UT,BLU,Minor,200,,Driver,,West,NW 55 ST,10,30,2,,,,,Front Center Bumper,Front Center Bumper,Passenger Car,"Two-Way, Not Divided",,,,,Motor Vehicle in Transport,Motor Vehicle in Transport,,,,,Level,Straight,Turning Right,No Controls,No Special Function,None,,
87854218,2018,1,MIAMI,FL,33142,,Vehicle in Transport,FL,,,2000,FORD,VAN,VN,WHI,None,0,,Driver,,North,36 AVENUE,5,30,2,,,,,Right Front Fender,Right Front Fender,"Cargo Van (10,000 lbs (4,536 kg) or less)","Two-Way, Not Divided",,,,Not Applicable,Motor Vehicle in Transport,Motor Vehicle in Transport,,,,,Level,Straight,Other,No Controls,No Special Function,None,,N
87854280,2018,1,MIAMI,FL,331453124,N,Vehicle in Transport,FL,,N,2004,TOYT,,4D,RED,Minor,500,N,Driver,N,South,NW 39TH AVENUE,10,30,2,,,,,Right Front Door,Right Rear Door,Passenger Car,"Two-Way, Not Divided",,,,,Motor Vehicle in Transport,Motor Vehicle in Transport,,,,N,Level,Straight,Turning Left,Traffic Control Signal,No Special Function,None,,
87885375,2018,1,FLEMING ISLAND,FL,32003,N,Vehicle in Transport,FL,,N,2010,INFI,,4D,SIL,None,0,N,Driver,N,West,EAGLE HARBOR PKWY,5,25,2,,,,,Left Front Fender,Left Front Fender,Passenger Car,"Two-Way, Not Divided",,,,,Motor Vehicle in Transport,Motor Vehicle in Transport,,,,N,Level,Straight,Straight Ahead,No Controls,No Special Function,None,,
87899846,2018,1,LAUDERDLE BY THE SEA,FL,33062,N,Vehicle in Transport,FL,N,N,2007,HYUN,,SPUV,SIL,Functional,800,N,Driver,N,West,NE 14TH ST,10,35,6,,,,,Right Front Door,Right Front Door,(Sport) Utility Vehicle,"Two-Way, Divided, Positive Median Barrier",,,,,Pedalcycle,Pedalcycle,,,,N,Level,Straight,Turning Right,Traffic Control Signal,No Special Function,None,,
87902164,2018,1,MIRAMAR,FL,33023,N,Vehicle in Transport,FL,N,N,2013,HOND,,2D,BLK,Functional,500,N,,N,West,NW 26TH ST,15,15,2,,,,,Front Left Bumper,Front Left Bumper,Passenger Car,"Two-Way, Not Divided",,,,,,Pedalcycle,,,,N,Level,Straight,Straight Ahead,No Controls,No Special Function,None,,
87908898,2018,1,FT LAUDERDALE,FL,33308,,Vehicle in Transport,FL,,,2007,LEXS,,4D,GRY,Minor,1000,,Owner Request,,East,E COMMERCIAL BLVD,40,45,6,,,,,Right Rear Door,Right Rear Door,Passenger Car,"Two-Way, Divided, Positive Median Barrier",,,,,Motor Vehicle in Transport,Motor Vehicle in Transport,Pedalcycle,,,,Level,Straight,Other,No Controls,No Special Function,None,None,
87908898,2018,2,SUNRISE,FL,33313,,Vehicle in Transport,FL,,,2003,CHEV,,VAN,GRY,Minor,1000,,Owner Request,,East,E COMMERCIAL BLVD,40,45,6,,,,,Front Right Bumper,Front Right Bumper,"Cargo Van (10,000 lbs (4,536 kg) or less)","Two-Way, Divided, Positive Median Barrier",,,,,Motor Vehicle in Transport,Motor Vehicle in Transport,,,,,Level,Straight,Straight Ahead,No Controls,No Special Function,None,None,N
87909887,2018,1,FORT LAUDERDALE,FL,33334,,Vehicle in Transport,FL,,,2013,HOND,,4D,BLK,Minor,1000,,Driver,,East,SW 15TH ST,5,40,4,,,,,Right Front Fender,Right Front Fender,Passenger Car,"Two-Way, Divided, Positive Median Barrier",,,,,Other Non-Fixed Object,Other Non-Fixed Object,,,,,Level,Straight,Turning Left,No Controls,No Special Function,None,,
