REPORT_NUMBER,CRASH_YEAR,PERSON_NUMBER,STATUTE_NUMBER,CHARGE,CITATION_NUMBER
87441667,2017,2,316.1995,DRIVING ON SIDEWALK/BICYCLE PATH,N/A
82646402,2018,2,316.081(1),DRIVING ON WRONG LANE OR SIDE - FAILED TO DRIVE UPON RIGHT H,A717RME
82646402,2018,2,316.46,OPERATING A MOPED THAT DOES NOT HAVE REQUIRED,A717RNE
82646402,2018,2,316.1925,CARELESS DRIVING,A717ROE
82653311,2018,1,316.123(2)(A),VIOL RIGHT AWAY AT INTERSECTION,1668-GSG
87854280,2018,1,316.075(1)(a)2,FAILED TO YIELD RIGHT-OF-WAY TO PEDESTRIAN,AAE3UFE
85103062,2018,1,316.1995,DRIV. ON SIDEWALK/BIKE PATH,A66V41E
86782584,2018,1,316.123-2A,RAN STOP SIGN,A5EN3ME
86782584,2018,1,322.03-1,OPERATE MOTOR VEHICLE WO VALID LICENS,A5EN3NE
86782584,2018,1,316.646-1,OPERATING NON-CMV NOT PROPERLY INSURED PROOF OF INS REQUIRED,A5EN3OE
86782584,2018,1,316.211-2,MCYCLE W/O EYE PROTECTION,A5EN3PE
86784142,2018,1,316.088-2,DRIVING WRONG WAY DOWN ONE-WAY,A2ETD7P
86785988,2018,2,316.192-1A,RECKLESS DRIVING-DRIVES ANY VEH WILLFUL DISREGARD FOR SAFETY,A5ESVQE
86785988,2018,2,322.03-4,OPERATE MOTORCYCLE WO LICENSE,A5ESVRE
86785988,2018,2,320.02-1,FAIL TO REGISTER MOTOR VEH,A5ESVSE
86785988,2018,2,316.211-1,MCYCLE / NO HEADGEAR,A5ESVTE
86785988,2018,2,316.400-1,MCYCLE W/O / IMP HEAD LAMP,A5ESVUE
86785988,2018,2,316.646-1,OPERATING NON-CMV NOT PROPERLY INSURED PROOF OF INS REQUIRED,A5ESVVE
87827159,2018,1,316.075 1 C 1 A,FAIL TO YIELD PEDESTRIAN WHILE TURNING STEADY RED LIGHT,AABLLVE
87015809,2018,1,316.1925(1),CARELESS DRIVING,A951KTE
87047222,2018,1,316.646(1),PROOF OF INSURANCE REQUIRED,A91VR6E
87047222,2018,1,316.130(7)(a),FAILED TO YIELD RIGHT-OF-WAY TO PEDESTRIAN AT INTERSECTION W,A91VR7E
87106009,2018,1,316.1925(1),CARELESS DRIVING,A8X9E4E
87123113,2018,1,316.089(1),FAIL TO DRIVE IN SINGLE LANE,A8V70QE
87165965,2018,2,316.1995,SIDEWALK/BICYCLE PATH - DRIVING ON,A8ZDOYE
87165965,2018,1,316.123(2)(a),RAN STOP SIGN,A8ZDOXE
87166093,2018,1,316.087(1)(c),PASSING WITHIN 100' OF INTERSECTION APPROACH,A8VUPXE
87226995,2018,1,320.0605,FAIL TO DISPLAY REGISTRATION,A8XNFGE
87226995,2018,1,316.1925(1),CARELESS DRIVING,A8XNFFE
87254667,2018,2,316.081,WRONG SIDE OF ROADWAY - DRIVING ON,AA59XPE
87371863,2018,1,320.02(1),OPERATING UNREGISTERED MOTOR VEHICLE,A9R47LE
87749547,2018,1,316.1925,CARELESS DRIVING,A6WB6TE
87371863,2018,1,322.34(2)(c),DWLS WITH KNOWLEDGE 3RD OR SUBSEQUENT VIOLATION,A9R47KE
87385393,2018,1,316.027(2)(a),CRASH - LEAVING SCENE ON PUBLIC OR PRIVATE PROPERTY WITHOUT,A1P5RMP
87385393,2018,1,322.1615(2),LEARNER'S DRIVER LICENSE VIOLATION RESTRICTION - PERSON ACCO,A1P5RNP
87429847,2018,1,316.1985-1,IMPROPER BACKING,A926RAE
87432549,2018,1,316075,RIGHT TURN ON RED LIGHT,A62OQWE
87522326,2018,1,316.151(1)(b),IMPROPER LEFT TURN,A94B07E
87531099,2018,1,322.34(1),UNKNOWINGLY OPERATING VEHICLE WHILE DL SUSPENDED/CANCELED/RE,A9TOEGE
87531099,2018,1,316.123(3),FAILED TO YIELD/STOP AT A YIELD INTERSECTION,A9TOELE
87574711,2018,2,316.130(11),PEDESTRIAN FAILED TO CROSS IN CROSSWALK,A9MB4EE
87591278,2018,1,322.03(1),NVDL,A87HR1E
87637040,2018,1,316.1925,CARELESS DRIVING,WARNING
87704500,2018,2,316-130/8,PEDESTRIAN SHALL NOT WALK INTO PATH OF VEHICLE,AAD09TE
87718301,2018,1,316.075(1)(a)1,FAILED TO YIELD RIGHT-OF-WAY TO PEDESTRIAN,A9JAQ9E
87744700,2018,2,316.2065(1),VIOLATION bicycle regulation,AAF5Z1E
87748837,2018,1,316.125(2),FAIL YIELD/ STOP DRIVEWAY/ SIDEWALK,A6WCE8E
87749856,2018,2,316.2065,BICYCLE VIOLATIONS,A6WCD1E
87754993,2018,1,316.075(1)(a)1,"'STEADY GREEN LIGHT,VEH/FAC/FAI/OY'",A61K5JE
87782457,2018,1,316.211,MOTCYCLE MOPED - HEADGEAR / EYE PROTECTION,FP20100
87790225,2018,2,316.130(1),PEDESTRIAN CONTROL SIGNAL - PEDESTRIAN FAILED TO OBEY,A8J7VWE
87798958,2018,1,316.075(1)(a)1,FAILED TO YIELD RIGHT-OF-WAY TO PEDESTRIAN,A9NA9QE
87808798,2018,1,316.075(1)(c)1,FAILED TO YIELD RIGHT OF WAY TO PREDESTRIAN,AAVIG7E
87847501,2018,1,316.1925,CARELESS DRIVING,A9MNOCE
87847501,2018,1,322.03(1),NO DRIVER LICENSE - NEVER HAD ONE ISSUED (IF VALID AT TIME C,A9MNODE
87847501,2018,1,316.646(1),"NO PROOF OF INSURANCE(IF VALID AT TIME CITATION WAS ISSUED,",A9MNOEE
87847501,2018,1,320.0605,FAIL TO DISPLAY REGISTRATION/TEMPORARY INTERNET RECEIPT; POS,A9MNOFE
87847501,2018,1,316.027(2)(a),CRASH - LEAVING SCENE ON PUBLIC OR PRIVATE PROPERTY WITHOUT,A9MNOGE
