REPORT_NUMBER,CRASH_YEAR,CRASH_DATE_AND_TIME,REPORT_DATE_AND_TIME,INVESTIGATING_AGENCY_REPORT_NUMBER,FORM_TYPE,TOTAL_NUMBER_OF_VEHICLES,TOTAL_NUMBER_OF_PERSONS,COUNTY_CODE,CITY_CODE,COUNTY_NAME,CITY_NAME,RURAL_OR_URBAN,NOTIFIED_TIME,DISPATCHED_TIME,ARRIVED_TIME,CLEARED_TIME,COMPLETED_FLAG,NOTIFIED_BY,ON_STREET_ROAD_HIGHWAY,STREET_ADDRESS_NUMBER,LATITUDE,LONGITUDE,FEET_FROM_INTERSECTION,DIRECTION_FROM_INTERSECTION,FROM_INTERSECTION_OF,MILEPOST_NUMBER,ROAD_SYSTEM_IDENTIFER,TYPE_OF_SHOULDER,TYPE_OF_INTERSECTION,PHOTOS_TAKEN,LIGHT_CONDITION,WEATHER_CONDITION,ROAD_SURFACE_CONDITION,SCHOOL_BUS_RELATED_CODE,TYPE_OF_IMPACT,FIRST_HARMFUL_EVENT,LOCATION,INTERCHANGE_FLAG,JUNCTION_FLAG,ROAD_CIRCUMSTANCES_1,ROAD_CIRCUMSTANCES_2,ROAD_CIRCUMSTANCES_3,ENVIRONMENT_CIRCUMSTANCES_1,ENVIRONMENT_CIRCUMSTANCES_2,ENVIRONMENT_CIRCUMSTANCES_3,WORK_ZONE_RELATED_FLAG,CRASH_IN_WORK_ZONE,TYPE_OF_WORK_ZONE,WORKERS_PRESENT,LAW_ENFORCEMENT_PRESENT,INVESTIGATOR_RANK,INVESTIGATING_AGENCY_NAME,INVESTIGATING_AGENCY_TYPE,LOAD_DATE,UPDATE_DATE,DAYS_TO_LOAD,CODEABLE,S4_CRASH_TYPE,S4_CRASH_TYPE_SIMPLIFIED,S4_CRASH_SEVERITY,S4_CRASH_SEVERITY_DETAIL,S4_DAY_OR_NIGHT,S4_IS_AGGRESSIVE_DRIVING,S4_IS_ALCOHOL_RELATED,S4_IS_CMV_INVOLVED,S4_IS_DISTRACTED,S4_IS_DRUG_RELATED,S4_IS_HIT_AND_RUN,S4_IS_INTERSECTION_RELATED,S4_IS_LANE_DEPARTURE_RELATED,S4_IS_SPEEDING_RELATED,S4_NONE_INJURY_COUNT,S4_INJURY_COUNT,S4_POSSIBLE_INJURY_COUNT,S4_NON_INCAPACITATING_INJURY_COUNT,S4_INCAPACITATING_INJURY_COUNT,S4_FATALITY_COUNT,S4_FATALITY_WITHIN_30_DAYS_COUNT,S4_NON_TRAFFIC_FATALITY_COUNT,S4_TRAILER_COUNT,S4_MOTORCYCLE_COUNT,S4_MOPED_COUNT,S4_NON_MOTORIST_COUNT,S4_BICYCLIST_COUNT,S4_PEDESTRIAN_COUNT,S4_DRIVER_COUNT,S4_AGING_DRIVER_COUNT,S4_TEENAGER_DRIVER_COUNT,S4_PASSENGER_COUNT,S4_UNRESTRAINED_COUNT,S4_UNRESTRAINED_INJURY_COUNT,S4_UNRESTRAINED_INCAPACITATING_INJURY_COUNT,S4_UNRESTRAINED_FATALITY_COUNT,S4_MOTORCYCLIST_COUNT,S4_MOTORCYCLIST_INCAPACITATING_INJURY_COUNT,S4_MOTORCYCLIST_FATALITY_COUNT,S4_IS_PEDESTRIAN_INVOLVED,S4_PEDESTRIAN_INCAPACITATING_INJURY_COUNT,S4_PEDESTRIAN_FATALITY_COUNT,S4_IS_BICYCLIST_INVOLVED,S4_BICYCLIST_INCAPACITATING_INJURY_COUNT,S4_BICYCLIST_FATALITY_COUNT,S4_CITATION_COUNT,S4_CITATION_AMOUNT,S4_PROPERTY_DAMAGE_COUNT,S4_PROPERTY_DAMAGE_AMOUNT,S4_VEHICLE_DAMAGE_COUNT,S4_VEHICLE_DAMAGE_AMOUNT,S4_TOTAL_DAMAGE_AMOUNT,S4_TRANSPORT_BY_EMS_COUNT,S4_TRANSPORT_BY_LAW_ENFORCEMENT_COUNT,S4_TRANSPORT_BY_OTHER_COUNT,S4_GEOLOCATION_STATUS,S4_PRELIMINARY_GEOLOCATION_STATUS,S4_X,S4_Y,S4_LATITUDE,S4_LONGITUDE
86705495,2016,22-OCT-2016 02:57 AM,22-OCT-2016 12:00 AM,PD161022398708,L,1,2,1,0,Miami-Dade,Unincorporated,Rural,10/22/2016 2:57:00 AM,10/22/2016 3:08:00 AM,10/22/2016 3:13:00 AM,10/22/2016 5:13:00 AM,Y,Law Enforcement,SW 280TH STREET,,,,1662,West,SW 220TH AVENUE,,Other,Unpaved,Not at Intersection,,Dark - Not Lighted,Clear,"Mud, Dirt, Gravel",N,Other,Fell/Jumped From Motor Vehicle,Off Roadway,N,Non-Junction,"Rut, Holes, Bumps",,,None,,,N,,,,,OFC.,Miami-Dade Police Department,Police Department (PD),12/9/2016 4:15:00 PM,12/9/2016 4:15:00 PM,48,Y,Single Vehicle,Other,Injury,Possible Injury,NIGHT,N,N,N,N,N,N,N,Y,N,0,2,2,0,0,0,0,0,0,0,0,1,1,0,0,0,0,1,0,0,0,0,,,,N,0,0,Y,0,0,0,0,0,0,1,100,100,2,0,0,Preliminary,Editor Mapped,545463.7473,2821051.559,25.5059633920856,-80.5475938309411
86706434,2016,24-NOV-2016 02:27 AM,24-NOV-2016 12:00 AM,PD161124442756,L,1,2,1,0,Miami-Dade,Unincorporated,Rural,11/24/2016 2:28:00 AM,11/24/2016 2:30:00 AM,11/24/2016 2:33:00 AM,11/24/2016 4:00:00 AM,N,Law Enforcement,NW 111TH ST,,,,0,,NW 7TH AVE,,Local,Paved,Four-Way Intersection,,Dark - Lighted,Clear,Wet,Y,Unknown,Motor Vehicle in Transport,Off Roadway,N,Non-Junction,None,None,None,None,None,None,N,,,,,OFC.,Miami-Dade Police Department,Police Department (PD),12/22/2016 4:07:00 PM,12/22/2016 4:07:00 PM,28,Y,Single Vehicle,Other,Injury,Non-Incapacitating Injury,NIGHT,N,N,N,N,N,Y,N,N,N,0,2,0,2,0,0,0,0,2,0,0,1,1,0,1,0,0,0,0,0,0,0,,,,N,0,0,Y,0,0,0,0,0,0,1,200,200,1,0,0,Verified,n/a,579123.0678,2862214.5741,25.8762242071036,-80.2102247819117
86711107,2016,02-DEC-2016 07:27 PM,02-DEC-2016 12:00 AM,PD161202454072,L,1,3,1,0,Miami-Dade,Unincorporated,Rural,12/2/2016 7:27:00 PM,12/2/2016 7:29:00 PM,12/2/2016 7:40:00 PM,12/2/2016 9:30:00 PM,Y,Law Enforcement,NW 46TH ST,,,,0,,NW 22ND CT,,County,Curb,T-Intersection,,Dark - Not Lighted,Clear,Dry,N,Other,Pedalcycle,On Roadway,N,Intersection,None,None,None,None,None,None,N,,,,,OFC.,Miami-Dade Police Department,Police Department (PD),12/28/2016 4:24:00 PM,12/28/2016 4:24:00 PM,26,Y,Bicycle,Bicycle,Injury,Non-Incapacitating Injury,NIGHT,N,N,N,N,N,N,Y,N,N,2,1,0,1,0,0,0,0,0,0,0,1,1,0,1,0,0,1,0,0,0,0,,,,N,0,0,Y,0,0,0,0,0,0,1,100,100,0,0,0,Verified,n/a,576841.3872,2855613.1677,25.8167406824415,-80.233382326967
87433887,2017,19-SEP-2017 04:27 PM,19-SEP-2017 12:00 AM,2017-20962,L,1,2,6,82,Palm Beach,Palm Springs,Urban,9/19/2017 4:30:00 PM,9/19/2017 4:31:00 PM,9/19/2017 4:34:00 PM,9/19/2017 4:50:00 PM,Y,Law Enforcement,43RD AVE S,3300,,,298,South,LAKEWOOD RD,,Local,Paved,Not at Intersection,N,Daylight,Clear,Dry,N,Other,Motor Vehicle in Transport,On Roadway,N,Non-Junction,None,,,None,,,N,,,,,OFC,Palm Springs Police Department,Police Department (PD),9/21/2017 2:38:00 PM,9/21/2017 2:38:00 PM,2,Y,Single Vehicle,Other,Injury,Possible Injury,DAY,N,N,N,N,N,N,N,N,N,1,1,1,0,0,0,0,0,1,0,0,1,1,0,1,0,0,0,0,0,0,0,,,,N,0,0,Y,0,0,0,0,0,0,0,0,0,0,0,0,Verified,n/a,588669.7095,2944780.9063,26.6211211768087,-80.1092763514084
86717258,2016,17-OCT-2016 02:06 PM,24-OCT-2016 10:11 AM,2016-32215,L,3,4,1,80,Miami-Dade,North Miami,Urban,10/17/2016 2:06:00 PM,10/17/2016 2:07:00 PM,10/17/2016 2:15:00 PM,10/17/2016 3:38:00 PM,Y,Law Enforcement,125TH ST NW,,,,0,,7TH AVE NW,,Local,Paved,Four-Way Intersection,N,Daylight,Clear,Dry,N,Front to Front,Motor Vehicle in Transport,On Roadway,N,Intersection,None,,,None,,,N,,,,,PSA,North Miami Police Department,Police Department (PD),10/25/2016 3:30:00 PM,10/25/2016 3:30:00 PM,8,Y,Right Angle,Angle,No Injury,No Injury,DAY,N,N,N,N,N,N,Y,N,N,4,0,0,0,0,0,0,0,0,0,0,1,1,0,3,1,0,0,0,0,0,0,,,,N,0,0,Y,0,0,1,0,0,0,3,6200,6200,0,0,0,Verified,n/a,579052.3393,2863649.0968,25.8891805636528,-80.2108446216518
86764639,2016,27-DEC-2016 11:52 AM,27-DEC-2016 12:00 AM,160026663,L,1,2,8,30,Volusia,Daytona Beach,Urban,12/27/2016 11:52:00 AM,12/27/2016 11:53:00 AM,12/27/2016 11:55:00 AM,12/27/2016 12:23:00 PM,Y,Law Enforcement,DOVECOTE LN,,,,30,West,PAR BROOK RD,,Local,Unpaved,Not at Intersection,,Daylight,Clear,Dry,N,Other,Pedalcycle,On Roadway,N,Non-Junction,None,,,None,,,N,,,,,Ofc.,Daytona Beach Police Department,Police Department (PD),1/4/2017 4:32:00 PM,1/4/2017 4:32:00 PM,8,Y,Bicycle,Bicycle,Injury,Non-Incapacitating Injury,DAY,N,N,N,N,N,N,N,N,N,1,1,0,1,0,0,0,0,0,0,0,1,1,0,1,0,0,0,0,0,0,0,,,,N,0,0,Y,0,0,0,0,0,0,0,0,0,1,0,0,Verified,n/a,493177.8331,3230355.9932,29.2018928886342,-81.0701796286721
86769903,2016,16-OCT-2016 07:31 PM,17-OCT-2016 12:00 AM,16016494,L,1,4,18,41,Lee,Cape Coral,Urban,10/16/2016 7:31:00 PM,10/16/2016 7:37:00 PM,10/16/2016 7:37:00 PM,10/16/2016 11:51:00 PM,Y,Law Enforcement,SR 78 / SW PINE ISLAND RD,,,,0,,NOTT RD,,State,Unpaved,Not at Intersection,Y,Dark - Not Lighted,Clear,Dry,N,Other,Pedalcycle,On Roadway,N,Intersection-Related,None,,,None,,,N,,,,,POLICE OFFICER,Cape Coral Police Department,Police Department (PD),10/18/2016 7:21:00 PM,10/18/2016 7:21:00 PM,2,Y,Bicycle,Bicycle,Serious Injury,Incapacitating Injury,NIGHT,N,N,N,N,N,N,Y,N,N,0,4,2,0,2,0,0,0,0,0,0,2,2,0,1,0,1,1,0,0,0,0,,,,N,0,0,Y,2,0,0,0,1,100,1,4000,4100,2,0,0,Verified,n/a,398956.7896,2946712.6698,26.6377279562265,-82.0151599366031
86807687,2016,29-DEC-2016 08:50 PM,29-DEC-2016 10:31 PM,0116011405,L,1,2,26,40,Osceola,Kissimmee,Urban,12/29/2016 8:52:00 PM,12/29/2016 8:53:00 PM,12/29/2016 8:54:00 PM,12/29/2016 9:32:00 PM,Y,Law Enforcement,N MAIN ST,,,,50,North,W PARK ST,,Local,Paved,Not at Intersection,N,Dusk,Clear,Dry,N,Other,Motor Vehicle in Transport,On Roadway,N,Non-Junction,None,,,None,,,N,,,,,05 Patrol Officer,Kissimmee Police Department,Police Department (PD),12/31/2016 3:10:00 PM,12/31/2016 3:10:00 PM,2,Y,Single Vehicle,Other,Injury,Possible Injury,NIGHT,N,N,N,N,N,N,N,N,N,1,1,1,0,0,0,0,0,0,0,0,1,1,0,1,0,0,0,0,0,0,0,,,,N,0,0,Y,0,0,0,0,0,0,1,0,0,0,0,0,Verified,n/a,460419.2906,3130272.0554,28.297926714569,-81.4036737820109
86862159,2016,27-DEC-2016 08:01 PM,27-DEC-2016 12:00 AM,161227-397559,L,1,2,1,66,Miami-Dade,Miami,Urban,12/27/2016 8:01:00 PM,12/27/2016 8:05:00 PM,12/27/2016 8:41:00 PM,12/27/2016 9:29:00 PM,Y,Law Enforcement,NW 47TH ST,,,,0,East,NW 18 AVE,,Local,Paved,Four-Way Intersection,N,Dark - Not Lighted,Clear,Dry,N,Front to Rear,Motor Vehicle in Transport,On Roadway,N,Non-Junction,None,,,None,,,N,,,,,PSA,Miami Police Department,Police Department (PD),1/27/2017 6:06:00 PM,1/27/2017 6:06:00 PM,31,Y,Single Vehicle,Other,Injury,Possible Injury,NIGHT,N,N,N,N,N,N,N,N,N,1,1,1,0,0,0,0,0,0,0,0,1,1,0,1,0,0,0,0,0,0,0,,,,N,0,0,Y,0,0,0,0,0,0,1,1000,1000,0,0,0,Verified,n/a,577549.3093,2855726.951,25.817730642074,-80.2263134885912
81462311,2017,01-FEB-2017 02:44 PM,01-FEB-2017 12:00 AM,17034168,L,1,3,6,89,Palm Beach,Wellington,Urban,2/1/2017 2:44:00 PM,2/1/2017 2:44:00 PM,2/1/2017 2:44:00 PM,2/1/2017 3:30:00 PM,Y,Law Enforcement,GREENBRIAR BOULEVARD,14000,,,30,South,,,Local,Paved,Other,Y,Daylight,Clear,Dry,N,Angle,Motor Vehicle in Transport,On Roadway,N,Intersection-Related,None,,,None,,,N,,,,,DS,Palm Beach County Sheriff's Office,Sheriff's Office (SO),2/23/2017 11:27:00 PM,2/23/2017 11:27:00 PM,22,N,Single Vehicle,Other,No Injury,No Injury,DAY,N,N,N,N,N,N,Y,N,N,3,0,0,0,0,0,0,0,0,0,0,1,1,0,1,0,0,1,0,0,0,0,,,,N,0,0,Y,0,0,0,0,0,0,0,0,0,0,0,0,Verified,n/a,572739.8435,2947192.8619,26.6438090250997,-80.2691482536952
81467207,2017,25-JAN-2017 05:10 PM,25-JAN-2017 12:00 AM,17031392,L,1,2,6,0,Palm Beach,Unincorporated,Rural,1/25/2017 5:21:00 PM,1/25/2017 5:24:00 PM,1/25/2017 5:31:00 PM,1/25/2017 6:15:00 PM,Y,Law Enforcement,JOG ROAD,,,,0,,LINTON BLVD,,Local,Curb,Four-Way Intersection,N,Dusk,Clear,Dry,N,Angle,Motor Vehicle in Transport,On Roadway,N,Intersection,None,,,None,,,N,,,,,DS,Palm Beach County Sheriff's Office,Sheriff's Office (SO),2/21/2017 11:27:00 PM,2/21/2017 11:27:00 PM,27,Y,Single Vehicle,Other,Injury,Possible Injury,DAY,N,N,N,N,N,N,Y,N,N,1,1,1,0,0,0,0,0,0,0,0,1,1,0,1,0,0,0,0,0,0,0,,,,N,0,0,Y,0,0,0,0,0,0,1,500,500,1,0,0,Verified,n/a,585081.7841,2924588.3699,26.4390402830016,-80.1466646350591
81469087,2017,08-MAY-2017 06:25 PM,08-MAY-2017 12:00 AM,17074697,S,1,2,6,0,Palm Beach,Unincorporated,Rural,5/8/2017 6:29:00 PM,5/8/2017 6:30:00 PM,5/8/2017 6:32:00 PM,5/8/2017 7:04:00 PM,Y,Law Enforcement,SUMMIT PINES BLVD,,,,0,,S HAVERHILL RD,,County,Curb,Four-Way Intersection,N,Daylight,Clear,Dry,N,Angle,Motor Vehicle in Transport,On Roadway,N,Intersection,None,,,None,,,N,,,,,DS,Palm Beach County Sheriff's Office,Sheriff's Office (SO),5/26/2017 11:33:00 PM,,18,N,Single Vehicle,Other,No Injury,No Injury,DAY,N,N,N,N,N,N,Y,N,N,2,0,0,0,0,0,0,0,0,0,0,1,1,0,1,0,0,0,0,0,0,0,,,,N,0,0,Y,0,0,0,0,0,0,0,0,0,0,0,0,Preliminary,Computer mapped approximate by address,587498.3622,2948898.1833,26.6583650877416,-80.1207573166052
81469177,2017,30-JAN-2017 05:23 PM,30-JAN-2017 12:00 AM,17033350,S,1,2,6,62,Palm Beach,Lake Worth,Urban,1/30/2017 5:23:00 PM,1/30/2017 5:23:00 PM,1/30/2017 5:25:00 PM,1/30/2017 6:00:00 PM,Y,Law Enforcement,S DIXIE HWY (SR 805),,,,0,,8TH AVE SOUTH,,State,Paved,Four-Way Intersection,N,Daylight,Clear,Dry,N,Angle,Pedalcycle,On Roadway,N,Intersection-Related,None,,,None,,,N,,,,,DS,Palm Beach County Sheriff's Office,Sheriff's Office (SO),2/22/2017 11:28:00 PM,,23,N,Bicycle,Bicycle,No Injury,No Injury,DAY,N,N,N,N,N,N,Y,N,N,2,0,0,0,0,0,0,0,0,0,0,1,1,0,1,0,0,0,0,0,0,0,,,,N,0,0,Y,0,0,0,0,0,0,1,50,50,0,0,0,Preliminary,Computer plot approximate by lat/long,593818.7467,2943163.3767,26.6061850992462,-80.0576773366975
81469386,2017,02-FEB-2017 11:51 AM,02-FEB-2017 12:00 AM,17034561,L,1,2,6,0,Palm Beach,Unincorporated,Rural,2/2/2017 11:56:00 AM,2/2/2017 11:56:00 AM,2/2/2017 12:02:00 PM,2/2/2017 12:35:00 PM,Y,Law Enforcement,LIBERTY BLVD,,,,0,,CAROLINA CIRCLE,,County,Unpaved,Y-Intersection,N,Daylight,Cloudy,Dry,N,Angle,Pedalcycle,On Roadway,N,Intersection,None,,,None,,,N,,,,,CSA,Palm Beach County Sheriff's Office,Sheriff's Office (SO),2/26/2017 11:24:00 PM,2/26/2017 11:24:00 PM,24,Y,Bicycle,Bicycle,Injury,Possible Injury,DAY,N,N,N,N,N,N,Y,N,N,1,1,1,0,0,0,0,0,0,0,0,1,1,0,1,0,0,0,0,0,0,0,,,,N,0,0,Y,0,0,0,0,0,0,1,500,500,1,0,0,Verified,n/a,579649.0926,2918368.5942,26.3832001585204,-80.2015346009598
81476618,2017,26-APR-2017 11:20 AM,26-APR-2017 12:00 AM,17069339,S,1,1,6,0,Palm Beach,Unincorporated,Rural,4/26/2017 11:21:00 AM,4/26/2017 11:25:00 AM,4/26/2017 11:35:00 AM,4/26/2017 12:00:00 PM,Y,Law Enforcement,BALBOA CIR,6140,,,2305,North,,,Private Roadway,Curb,Not at Intersection,N,Daylight,Clear,Dry,N,Rear to Rear,Parked Motor Vehicle,On Roadway,N,Non-Junction,None,,,None,,,N,,,,,CSA,Palm Beach County Sheriff's Office,Sheriff's Office (SO),5/18/2017 11:40:00 PM,,22,N,Single Vehicle,Other,No Injury,No Injury,DAY,N,N,N,N,N,N,N,Y,N,1,0,0,0,0,0,0,0,0,0,0,1,1,0,0,0,0,0,0,0,0,0,,,,N,0,0,Y,0,0,0,0,0,0,1,1000,1000,0,0,0,Preliminary,Computer mapped approximate by address,585626.0353,2914230.263,26.3454909715886,-80.1418981150489
81481042,2017,08-JUL-2017 03:00 PM,08-JUL-2017 12:00 AM,17-099772,S,1,2,6,86,Palm Beach,Royal Palm Beach,Urban,7/8/2017 4:11:00 PM,7/8/2017 4:23:00 PM,7/8/2017 4:25:00 PM,7/8/2017 4:45:00 PM,Y,Motorist,BELVEDERE ROAD,9990,,,77,East,,,Private Roadway,Curb,T-Intersection,N,Daylight,Clear,Dry,N,Other,Pedestrian,On Roadway,N,Non-Junction,None,,,None,,,N,,,,,D/S,Palm Beach County Sheriff's Office,Sheriff's Office (SO),9/27/2018 11:23:00 PM,,446,N,Pedestrian,Pedestrian,No Injury,No Injury,DAY,N,N,N,N,N,N,N,N,N,1,0,0,0,0,0,0,0,0,0,0,1,1,0,1,0,0,0,0,0,0,0,,,,N,0,0,Y,0,0,0,0,0,0,0,0,0,1,0,0,Preliminary,Computer mapped approximate by address,579461.7017,2952511.0404,26.691459082014,-80.2012812908836
81898408,2017,08-FEB-2017 05:05 PM,08-FEB-2017 12:00 AM,2017-00053643,L,1,2,7,46,Orange,Orlando,Urban,2/8/2017 5:07:00 PM,2/8/2017 5:33:00 PM,2/8/2017 5:54:00 PM,2/8/2017 7:05:00 PM,Y,Law Enforcement,VENEZIA PLANTATION DR,9061,,,61,West,,,Local,Curb,Not at Intersection,,Daylight,Clear,Dry,N,Other,Pedalcycle,In Parking Lane or Zone,N,Driveway/Alley Access Related,None,,,None,,,N,,,,,CPL,Orlando Police Department,Police Department (PD),2/25/2017 4:38:00 PM,2/25/2017 4:38:00 PM,17,Y,Bicycle,Bicycle,Injury,Possible Injury,DAY,N,N,N,N,N,N,N,N,N,1,1,1,0,0,0,0,0,0,0,0,1,1,0,1,0,0,0,0,0,0,0,,,,N,0,0,Y,0,0,0,0,0,0,0,0,0,0,0,0,Verified,n/a,474600.3637,3152067.3691,28.4950170235775,-81.2595249381085
84619248,2017,20-SEP-2017 09:25 AM,20-SEP-2017 12:00 AM,2017-003080,L,1,2,40,30,Hernando,Brooksville,Urban,9/20/2017 9:25:00 AM,9/20/2017 9:27:00 AM,9/20/2017 9:27:00 AM,9/20/2017 10:30:00 AM,Y,Law Enforcement,JEFFERSON ST,,,,212,North,MARIANNE ST,,State,Paved,Not at Intersection,Y,Daylight,Clear,Dry,N,,Pedalcycle,Roadside,N,Driveway/Alley Access Related,None,,,None,,,N,,,,,OFFICER,Brooksville Police Department,Police Department (PD),9/21/2017 2:38:00 PM,9/21/2017 2:38:00 PM,1,Y,Bicycle,Bicycle,Injury,Possible Injury,DAY,N,N,N,N,N,N,N,N,N,1,1,1,0,0,0,0,0,0,0,0,1,1,0,1,0,0,0,0,0,0,0,,,,N,0,0,Y,0,0,2,0,0,0,1,1000,1000,1,0,0,Verified,n/a,364867.6976,3159135.9795,28.5520412696399,-82.3814089607147
85325779,2017,08-FEB-2017 05:50 PM,08-FEB-2017 07:03 PM,FHPD17OFF012606,L,1,2,17,60,Seminole,Sanford,Rural,2/8/2017 5:57:00 PM,2/8/2017 5:59:00 PM,2/8/2017 6:41:00 PM,2/9/2017 7:59:00 PM,Y,Law Enforcement,MIDWAY  AVENUE,,28.7893327139318,-81.2288442626595,0,,DOLLARWAY STREET,,Local,Unpaved,Four-Way Intersection,N,Daylight,Clear,Dry,N,Other,Motor Vehicle in Transport,On Roadway,N,Intersection,None,,,None,,,N,,,,,TROOPER,Florida Highway Patrol,Florida Highway Patrol (FHP),2/16/2017 4:02:00 PM,2/16/2017 4:02:00 PM,8,Y,Single Vehicle,Other,Injury,Non-Incapacitating Injury,DAY,N,N,N,N,N,N,Y,N,N,1,1,0,1,0,0,0,0,0,0,0,1,1,0,1,0,0,0,0,0,0,0,,,,N,0,0,Y,0,0,1,0,1,50,1,50,100,1,0,0,Verified,n/a,477673.3351,3184656.9547,28.7892391814591,-81.2287638574103
85383819,2017,22-JAN-2017 06:50 PM,22-JAN-2017 07:14 PM,FHPE17OFF004804,L,1,4,1,66,Miami-Dade,Miami,Urban,1/22/2017 6:55:00 PM,1/22/2017 6:55:00 PM,1/22/2017 6:55:00 PM,1/22/2017 8:01:00 PM,Y,Law Enforcement,STATE ROAD 854 EB,,25.96471,-80.17015,0,,NE 16TH AVE,,State,Paved,Four-Way Intersection,N,Dusk,Clear,Dry,N,Other,Pedalcycle,On Roadway,Y,Intersection,None,,,None,,,N,,,,,TROOPER,Florida Highway Patrol,Florida Highway Patrol (FHP),1/30/2017 3:11:00 PM,1/30/2017 3:11:00 PM,8,Y,Bicycle,Bicycle,Injury,Possible Injury,DAY,N,N,N,N,N,N,Y,N,N,3,1,1,0,0,0,0,0,0,0,0,2,1,0,1,0,0,1,0,0,0,0,,,,N,0,0,Y,0,0,3,0,0,0,1,1000,1000,1,0,0,Verified,n/a,583078.761,2872020.3598,25.9645404936634,-80.1701241513666
85447536,2017,08-JAN-2017 12:16 PM,08-JAN-2017 01:29 PM,FHPD17OFF002398,L,1,2,7,46,Orange,Orlando,Rural,1/8/2017 12:21:00 PM,1/8/2017 12:26:00 PM,1/8/2017 1:18:00 PM,1/8/2017 2:37:00 PM,Y,Law Enforcement,7696 DAPHNE AVE,,28.45596,-81.33682,0,,RAMPART DR,,County,Curb,T-Intersection,N,Daylight,Clear,Dry,N,Other,Pedestrian,On Roadway,Y,Intersection,None,,,None,,,N,,,,,TROOPER,Florida Highway Patrol,Florida Highway Patrol (FHP),1/15/2017 2:19:00 PM,1/15/2017 2:19:00 PM,7,Y,Pedestrian,Pedestrian,Injury,Possible Injury,DAY,N,N,N,N,N,N,Y,N,N,1,1,1,0,0,0,0,0,0,0,0,1,1,0,1,0,0,0,0,0,0,0,,,,N,0,0,Y,0,0,0,0,1,50,1,600,650,1,0,0,Verified,n/a,467023.9488,3147758.0816,28.4559493553909,-81.3368138162742
85457340,2017,27-FEB-2017 12:55 PM,27-FEB-2017 01:30 PM,FHPF17OFF013339,L,1,2,16,50,Sarasota,Sarasota,Rural,2/27/2017 1:00:00 PM,2/27/2017 1:01:00 PM,2/27/2017 1:23:00 PM,2/27/2017 2:24:00 PM,Y,Law Enforcement,COUNTRY PLACE BOULEVARD,,27.27978,-82.49757,32,East,CR 773 (BENEVA ROAD),,Local,Curb,Not at Intersection,N,Daylight,Cloudy,Dry,N,Angle,Pedalcycle,On Roadway,N,Intersection-Related,None,,,None,,,N,,,,,TROOPER,Florida Highway Patrol,Florida Highway Patrol (FHP),3/1/2017 3:38:00 PM,3/1/2017 3:38:00 PM,2,Y,Bicycle,Bicycle,Serious Injury,Incapacitating Injury,DAY,N,N,N,N,N,N,Y,N,N,1,1,0,0,1,0,0,0,0,0,0,1,1,0,1,1,0,0,0,0,0,0,,,,N,0,0,Y,1,0,1,0,1,200,1,50,250,1,0,0,Verified,n/a,351788.3531,3018310.798,27.2797699796489,-82.4974646077742
85462119,2017,31-JAN-2017 02:42 PM,31-JAN-2017 04:58 PM,FHPB17OFF002951,S,1,2,14,40,Marion,Ocala,Rural,1/31/2017 2:43:00 PM,1/31/2017 4:00:00 PM,1/31/2017 4:40:00 PM,1/31/2017 6:00:00 PM,Y,Law Enforcement,SE 88TH LN,,29.09156,-82.00648,0,,SE 87TH TER,,Local,Unpaved,Not at Intersection,N,Daylight,Clear,Dry,N,Other,Other Non-Fixed Object,On Roadway,N,Non-Junction,None,,,None,,,N,,,,,TROOPER,Florida Highway Patrol,Florida Highway Patrol (FHP),2/11/2017 3:15:00 PM,,11,N,Single Vehicle,Other,No Injury,No Injury,DAY,N,N,N,N,N,N,N,N,N,2,0,0,0,0,0,0,0,0,0,0,1,1,0,1,0,0,0,0,0,0,0,0,0,0,N,0,0,Y,0,0,0,0,0,0,0,0,0,0,0,0,Preliminary,Computer mapped confident by address,402053.0728,3218547.4472,29.0915545408215,-82.0064766903135
85472090,2017,25-MAY-2017 07:20 PM,25-MAY-2017 10:11 PM,FHPB17OFF015809,L,1,2,11,34,Alachua,Gainesville,Rural,5/25/2017 8:29:00 PM,5/25/2017 8:35:00 PM,5/25/2017 8:53:00 PM,5/25/2017 11:46:00 PM,Y,Law Enforcement,4000 SW 47 STREET LOT M1,,29.618842061609,-82.397537464276,527,West,STATE ROAD 24,,Private Roadway,Unpaved,Not at Intersection,N,Dusk,Clear,Dry,N,Other,Pedalcycle,On Roadway,N,Non-Junction,None,,,None,,,N,,,,,TROOPER,Florida Highway Patrol,Florida Highway Patrol (FHP),6/14/2017 4:41:00 PM,6/14/2017 4:41:00 PM,20,Y,Bicycle,Bicycle,Injury,Possible Injury,NIGHT,N,N,N,N,N,N,N,N,N,1,1,1,0,0,0,0,0,0,0,0,1,1,0,1,0,0,0,0,0,0,0,,,,N,0,0,Y,0,0,1,0,0,0,0,0,0,0,0,1,Preliminary,Editor Mapped,364752.9416,3277292.5039,29.6181778428806,-82.3968960721634
85474760,2017,17-FEB-2017 08:05 AM,17-FEB-2017 11:02 AM,FHPD17OFF015552,L,1,1,19,32,Brevard,Cocoa,Rural,2/17/2017 9:18:00 AM,2/17/2017 10:15:00 AM,2/17/2017 10:48:00 AM,2/17/2017 12:07:00 PM,Y,Law Enforcement,EMBER AVE,,28.46836,-80.81048,0,,FAY BLVD,,Local,Paved,Four-Way Intersection,N,Daylight,Clear,Dry,N,Other,Pedestrian,On Roadway,N,Intersection,None,,,None,,,N,,,,,TROOPER,Florida Highway Patrol,Florida Highway Patrol (FHP),2/20/2017 3:49:00 PM,2/20/2017 3:49:00 PM,3,Y,Pedestrian,Pedestrian,Injury,Possible Injury,DAY,N,N,N,N,N,Y,Y,N,N,0,1,1,0,0,0,0,0,0,0,0,1,1,0,0,0,0,0,0,0,0,0,,,,N,0,0,Y,0,0,0,0,1,1,0,0,1,0,0,0,Verified,n/a,518553.8241,3149118.8777,28.4685176782788,-80.8104704195863
85488377,2017,06-APR-2017 07:52 AM,06-APR-2017 09:17 AM,FHPC17OFF035155,S,1,2,28,40,Pasco,New Port Richey,Rural,4/6/2017 7:52:00 AM,4/6/2017 8:48:00 AM,4/6/2017 9:07:00 AM,4/6/2017 11:00:00 AM,Y,Law Enforcement,10710 STATE ROAD 54,,28.1931237503886,-82.6358086522669,,,STATE ROAD 54,,Parking Lot,Paved,Not at Intersection,N,Daylight,Clear,Dry,N,Other,Other Non-Collision,In Parking Lane or Zone,N,Non-Junction,None,,,None,,,N,,,,,TROOPER,Florida Highway Patrol,Florida Highway Patrol (FHP),4/15/2017 4:10:00 PM,,9,N,Single Vehicle,Other,No Injury,No Injury,DAY,N,N,N,N,N,N,N,N,N,2,0,0,0,0,0,0,0,0,0,0,1,1,0,1,1,0,0,0,0,0,0,,,,N,0,0,Y,0,0,0,0,1,20,0,0,20,0,0,0,Preliminary,Computer plot approximate by lat/long,339438.9931,3119678.4472,28.1931185460733,-82.6358051895234
85493291,2017,23-MAR-2017 11:38 AM,23-MAR-2017 12:19 PM,FHPD17OFF028287,L,1,2,7,46,Orange,Orlando,Rural,3/23/2017 11:38:00 AM,3/23/2017 11:40:00 AM,3/23/2017 12:01:00 PM,3/23/2017 12:47:00 PM,Y,Law Enforcement,STATE ROAD 50 (COLONIAL DRIVE),,28.55226,-81.45656,556,West,PINE HILLS MARKET PLACE ENTRANCE,,State,Curb,Not at Intersection,N,Daylight,Cloudy,Dry,N,Angle,Motor Vehicle in Transport,On Roadway,N,Non-Junction,None,,,None,,,N,,,,,TROOPER,Florida Highway Patrol,Florida Highway Patrol (FHP),4/3/2017 3:56:00 PM,4/3/2017 3:56:00 PM,11,Y,Single Vehicle,Other,Injury,Non-Incapacitating Injury,DAY,N,N,N,N,N,N,N,N,N,1,1,0,1,0,0,0,0,0,0,0,1,1,0,1,0,0,0,0,0,0,0,,,,N,0,0,Y,0,0,2,0,1,1,1,150,151,1,0,0,Verified,n/a,455845.7003,3158498.9226,28.5525694242566,-81.4513971602891
85494526,2017,19-MAR-2017 02:45 PM,19-MAR-2017 03:19 PM,FHPF17OFF018442,L,1,2,16,60,Sarasota,Venice,Rural,3/19/2017 2:49:00 PM,3/19/2017 2:51:00 PM,3/19/2017 3:00:00 PM,3/19/2017 3:51:00 PM,Y,Law Enforcement,CR 772 (E VENICE AVE),,27.09922,-82.36824,6,West,HAVANA RD,,County,Unpaved,Not at Intersection,N,Daylight,Clear,Dry,N,Angle,Pedestrian,On Roadway,N,Intersection-Related,None,,,None,,,N,,,,,TROOPER,Florida Highway Patrol,Florida Highway Patrol (FHP),3/23/2017 4:28:00 PM,3/23/2017 4:28:00 PM,4,Y,Pedestrian,Pedestrian,Injury,Possible Injury,DAY,N,N,N,N,N,N,Y,N,N,1,1,1,0,0,0,0,0,0,0,0,1,1,0,1,0,0,0,1,0,0,0,,,,N,0,0,Y,0,0,1,0,0,0,1,300,300,0,0,0,Verified,n/a,364360.4938,2998161.6192,27.0992101910396,-82.3682506407334
85494831,2017,30-APR-2017 05:13 PM,30-APR-2017 06:05 PM,FHPC17OFF044559,L,1,2,28,0,Pasco,Unincorporated,Rural,4/30/2017 5:23:00 PM,4/30/2017 5:24:00 PM,4/30/2017 5:45:00 PM,4/30/2017 6:28:00 PM,Y,Law Enforcement,EAST ROAD,,28.398418771103,-82.600537519902,0,North,GALDWINE AVENUE,,Local,Unpaved,Not at Intersection,N,Daylight,Clear,Dry,N,Angle,Motor Vehicle in Transport,On Roadway,N,Non-Junction,None,,,None,,,N,,,,,TROOPER,Florida Highway Patrol,Florida Highway Patrol (FHP),5/4/2017 4:29:00 PM,5/4/2017 4:29:00 PM,4,Y,Single Vehicle,Other,Injury,Non-Incapacitating Injury,DAY,N,N,N,N,N,N,N,N,N,1,1,0,1,0,0,0,0,0,0,0,1,1,0,1,0,0,0,0,0,0,0,,,,N,0,0,Y,0,0,1,0,1,1000,1,5000,6000,1,0,0,Verified,n/a,343197.8291,3142662.0741,28.4009607210501,-82.6006230825815
85504990,2017,09-MAY-2017 04:30 PM,09-MAY-2017 06:04 PM,FHPD17OFF045725,L,1,2,19,41,Brevard,Mims,Rural,5/9/2017 4:37:00 PM,5/9/2017 5:41:00 PM,5/9/2017 6:03:00 PM,5/9/2017 6:40:00 PM,Y,Law Enforcement,WILEY AVENUE,,28.6738,-80.84471,0,East,MARIGOLD AVENUE,,Local,Paved,Not at Intersection,N,Daylight,Clear,Dry,N,Angle,Pedalcycle,On Roadway,N,Non-Junction,None,,,None,,,N,,,,,TROOPER,Florida Highway Patrol,Florida Highway Patrol (FHP),5/11/2017 4:57:00 PM,5/11/2017 4:57:00 PM,2,Y,Bicycle,Bicycle,Injury,Possible Injury,DAY,N,N,N,N,N,N,N,N,N,1,1,1,0,0,0,0,0,0,0,0,1,1,0,1,0,0,0,0,0,0,0,,,,N,0,0,Y,0,0,1,0,1,300,1,1200,1500,1,0,0,Verified,n/a,515173.0679,3171854.9991,28.6737892191664,-80.8447040825496
85554855,2017,11-NOV-2017 10:46 AM,11-NOV-2017 12:37 PM,FHPF17OFF076166,L,1,3,64,52,Collier,Naples,Rural,11/11/2017 10:47:00 AM,11/11/2017 10:49:00 AM,11/11/2017 11:30:00 AM,11/11/2017 1:50:00 PM,Y,Law Enforcement,DRIVEWAY ACCESS 7008 BURNT SIENNA CIR,,26.2296,-81.78713,98,West,AUTUMN WOODS BLVD,,County,Unpaved,Not at Intersection,Y,Daylight,Clear,Dry,N,Other,Pedalcycle,Off Roadway,N,Non-Junction,None,,,None,,,N,,,,,TROOPER,Florida Highway Patrol,Florida Highway Patrol (FHP),11/26/2017 2:09:00 PM,11/26/2017 2:09:00 PM,15,Y,Bicycle,Bicycle,Injury,Non-Incapacitating Injury,DAY,N,N,N,N,N,N,N,N,N,2,1,0,1,0,0,0,0,0,0,0,1,1,0,1,0,0,1,0,0,0,0,,,,N,0,0,Y,0,0,1,0,0,0,1,50,50,1,0,0,Verified,n/a,421417.3984,2901345.6905,26.2295660527065,-81.786736423465
85572318,2017,01-SEP-2017 12:00 AM,01-SEP-2017 05:03 AM,FHPD17OFF087437,L,1,2,26,40,Osceola,Kissimmee,Rural,9/1/2017 3:51:00 AM,9/1/2017 4:13:00 AM,9/1/2017 4:54:00 AM,9/1/2017 5:18:00 AM,Y,Law Enforcement,UNITED STATES 17/ 92,,28.2584852445871,-81.4988689497113,167,East,AVENUE A,,U.S.,Paved,Not at Intersection,N,Dark - Not Lighted,Clear,Dry,N,"Sideswipe, Same Direction",Pedalcycle,On Roadway,N,Non-Junction,None,,,None,,,N,,,,,TROOPER,Florida Highway Patrol,Florida Highway Patrol (FHP),9/5/2017 1:58:00 PM,9/5/2017 1:58:00 PM,4,Y,Bicycle,Bicycle,Injury,Possible Injury,NIGHT,N,N,N,N,N,N,N,Y,N,1,1,1,0,0,0,0,0,0,0,0,1,1,0,1,0,0,0,0,0,0,0,,,,N,0,0,Y,0,0,0,0,0,0,1,100,100,0,0,0,Verified,n/a,450040.959,3126198.7388,28.2608047170343,-81.5093417632294
85579571,2017,22-SEP-2017 04:15 PM,22-SEP-2017 10:13 PM,FHPC17OFF099720,L,1,2,28,0,Pasco,Unincorporated,Rural,9/22/2017 7:01:00 PM,9/22/2017 9:38:00 PM,9/22/2017 9:55:00 PM,9/22/2017 11:14:00 PM,Y,Law Enforcement,CR-54 (27741 MARATHON GAS STATION),,28.2375,-82.35754,11,West,OAKLEY BLVD,,County,Curb,Not at Intersection,N,Daylight,Clear,Dry,N,Other,Motor Vehicle in Transport,On Roadway,N,Driveway/Alley Access Related,None,,,None,,,N,,,,,TROOPER,Florida Highway Patrol,Florida Highway Patrol (FHP),9/25/2017 1:55:00 PM,9/25/2017 1:55:00 PM,3,Y,Single Vehicle,Other,No Injury,No Injury,DAY,N,N,N,N,N,Y,N,N,N,2,0,0,0,0,0,0,0,0,0,0,2,2,0,0,0,0,0,0,0,0,0,,,,N,0,0,Y,0,0,0,0,1,60,0,0,60,0,0,0,Verified,n/a,366807.3447,3124258.1421,28.2374961137604,-82.3575680482956
85582792,2017,23-AUG-2017 08:36 PM,23-AUG-2017 09:24 PM,FHPD17OFF084488,L,1,1,7,46,Orange,Orlando,Rural,8/23/2017 8:42:00 PM,8/23/2017 8:49:00 PM,8/23/2017 9:12:00 PM,8/23/2017 10:20:00 PM,Y,Law Enforcement,TIMBER SPRING BLVD,,28.53357,-81.15036,0,,S AVALON PARK BLVD,,County,Curb,T-Intersection,N,Daylight,Clear,Dry,N,Angle,Pedalcycle,On Roadway,N,Intersection,None,,,None,,,N,,,,,TROOPER,Florida Highway Patrol,Florida Highway Patrol (FHP),8/26/2017 2:29:00 PM,8/26/2017 2:29:00 PM,3,Y,Bicycle,Bicycle,Injury,Non-Incapacitating Injury,NIGHT,N,N,N,N,N,Y,Y,N,N,0,1,0,1,0,0,0,0,0,0,0,1,1,0,0,0,0,0,0,0,0,0,,,,N,0,0,Y,0,0,0,0,0,0,0,0,0,0,0,0,Verified,n/a,485446.4425,3156887.7486,28.5386949800061,-81.1487648282394
85584825,2017,02-SEP-2017 03:20 PM,02-SEP-2017 03:50 PM,FHPD17OFF088041,L,1,2,7,46,Orange,Orlando,Rural,9/2/2017 3:23:00 PM,9/2/2017 3:28:00 PM,9/2/2017 3:42:00 PM,9/2/2017 5:15:00 PM,Y,Law Enforcement,RIO GRANDE AVENUE,,28.5022512730211,-81.4011426642537,76,East,42 ND STREET,,Local,Curb,Not at Intersection,N,Daylight,Clear,Dry,N,Front to Front,Motor Vehicle in Transport,On Roadway,N,Non-Junction,None,,,None,,,N,,,,,TROOPER,Florida Highway Patrol,Florida Highway Patrol (FHP),9/10/2017 2:04:00 PM,9/10/2017 2:04:00 PM,8,Y,Single Vehicle,Other,Injury,Non-Incapacitating Injury,DAY,N,N,N,N,N,N,N,Y,N,1,1,0,1,0,0,0,0,0,0,0,1,1,0,1,0,0,0,0,0,0,0,,,,N,0,0,Y,0,0,0,0,0,0,1,2000,2000,1,0,0,Verified,n/a,460775.1807,3152748.1907,28.5008193360561,-81.4008068870196
85598124,2017,28-OCT-2017 12:35 PM,28-OCT-2017 01:31 PM,FHPD17OFF109012,L,1,3,19,45,Brevard,Merritt Island,Rural,10/28/2017 12:45:00 PM,10/28/2017 1:18:00 PM,10/28/2017 1:22:00 PM,10/28/2017 3:30:00 PM,Y,Law Enforcement,BARONY DRIVE,,28.3713097684085,-80.7003993820399,22,South,STATE ROAD 3 (COURNTEAY PARKWAY),,Local,Curb,T-Intersection,N,Daylight,Cloudy,Dry,N,Other,Pedalcycle,On Roadway,N,Intersection,None,,,None,,,N,,,,,TROOPER,Florida Highway Patrol,Florida Highway Patrol (FHP),10/31/2017 2:26:00 PM,10/31/2017 2:26:00 PM,3,Y,Bicycle,Bicycle,Injury,Possible Injury,DAY,N,N,N,N,N,N,Y,N,N,2,1,1,0,0,0,0,0,0,0,0,1,1,0,1,0,0,1,0,0,0,0,,,,N,0,0,Y,0,0,2,0,1,50,1,10,60,0,0,0,Verified,n/a,529358.2907,3138363.911,28.3712381289274,-80.7003759151798
85605676,2017,30-NOV-2017 08:23 AM,30-NOV-2017 09:12 AM,FHPC17OFF124651,L,1,2,4,36,Pinellas,Clearwater,Rural,11/30/2017 8:25:00 AM,11/30/2017 8:28:00 AM,11/30/2017 8:56:00 AM,11/30/2017 11:16:00 AM,Y,Law Enforcement,COUNTY ROAD 611 (49TH ST N),,27.9050929751247,-82.7008114848286,515,North,145TH AVE N,,County,Curb,Not at Intersection,N,Daylight,Clear,Dry,N,"Sideswipe, Same Direction",Pedalcycle,On Roadway,N,Non-Junction,None,,,None,,,N,,,,,TROOPER,Florida Highway Patrol,Florida Highway Patrol (FHP),12/1/2017 2:44:00 PM,12/1/2017 2:44:00 PM,1,Y,Bicycle,Bicycle,Injury,Non-Incapacitating Injury,DAY,N,N,N,N,N,N,N,Y,N,1,1,0,1,0,0,0,0,0,0,0,1,1,0,1,1,0,0,0,0,0,0,,,,N,0,0,Y,0,0,1,0,0,0,1,400,400,1,0,0,Verified,n/a,332625.6895,3087761.2079,27.9042748735632,-82.7006567998247
85609574,2017,14-DEC-2017 02:40 AM,07-JAN-2019 02:57 PM,FHPB17OFF041012,L,1,2,14,0,Marion,Unincorporated,Rural,12/14/2017 2:58:00 AM,12/14/2017 3:00:00 AM,12/14/2017 3:20:00 AM,12/14/2017 9:50:00 AM,Y,Law Enforcement,US-301,,29.3993607535958,-82.114876890555,291,South,NE JACKSONVILLE ROAD,,U.S.,Paved,Not at Intersection,Y,Dark - Not Lighted,Clear,Dry,N,Other,Pedalcycle,On Roadway,N,Non-Junction,None,,,None,,,N,,,,,CORPORAL,Florida Highway Patrol,Florida Highway Patrol (FHP),4/26/2019 2:25:00 PM,4/26/2019 2:25:00 PM,498,Y,Bicycle,Bicycle,Fatality,Fatal (within 30 days),NIGHT,N,N,Y,N,N,N,N,N,N,1,0,0,0,0,1,1,0,1,0,0,1,1,0,1,0,0,0,0,0,0,0,,,,N,0,0,Y,0,1,0,0,1,100,1,4000,4100,0,0,0,Verified,n/a,391816.2185,3252736.6308,29.3992449601141,-82.1149922177737
85701773,2017,01-JAN-2017 04:30 PM,02-JAN-2017 12:00 AM,17-0011,L,1,2,19,34,Brevard,Cocoa Beach,Urban,1/1/2017 4:30:00 PM,1/1/2017 4:30:00 PM,1/1/2017 4:30:00 PM,1/1/2017 4:54:00 PM,Y,Law Enforcement,HOLIDAY LN,,,,79,South,ATLANTIC AVE N,,State,Unpaved,Four-Way Intersection,N,Daylight,Clear,Dry,N,,Parked Motor Vehicle,On Roadway,N,Non-Junction,None,,,None,,,N,,,,,OFFICER,Cocoa Beach Police Department,Police Department (PD),1/11/2017 3:14:00 PM,1/11/2017 3:14:00 PM,10,Y,Single Vehicle,Other,Injury,Non-Incapacitating Injury,DAY,N,N,N,N,N,N,N,N,N,1,1,0,1,0,0,0,0,0,0,0,1,1,0,1,0,0,0,0,0,0,0,,,,N,0,0,Y,0,0,0,0,0,0,0,0,0,1,0,0,Verified,n/a,538174.5705,3134235.1762,28.3337421462357,-80.6105364821128
86159202,2017,25-JAN-2017 04:05 PM,26-JAN-2017 12:00 AM,2017-45943,L,1,3,3,50,Hillsborough,Tampa,Urban,1/25/2017 4:05:00 PM,1/25/2017 4:06:00 PM,1/25/2017 4:09:00 PM,1/25/2017 6:39:00 PM,Y,Law Enforcement,34TH ST N,,,,1,North,CARACAS ST E,,Local,Curb,T-Intersection,N,Daylight,Clear,Dry,N,,Pedestrian,On Roadway,N,Non-Junction,None,,,None,,,N,,,,,OFFICER,Tampa Police Department,Police Department (PD),2/7/2017 4:06:00 PM,2/7/2017 4:06:00 PM,13,Y,Pedestrian,Pedestrian,Injury,Non-Incapacitating Injury,DAY,N,N,N,N,N,N,N,N,N,2,1,0,1,0,0,0,0,0,0,0,2,1,0,1,0,0,0,0,0,0,0,,,,N,0,0,Y,0,0,1,0,0,0,1,500,500,1,0,0,Verified,n/a,360127.632,3097074.9627,27.9914928154747,-82.4223932177357
86287755,2017,28-FEB-2017 02:25 PM,28-FEB-2017 12:00 AM,2017-27184,L,1,4,1,68,Miami-Dade,Miami Beach,Urban,2/28/2017 2:30:00 PM,2/28/2017 2:30:00 PM,2/28/2017 2:31:00 PM,2/28/2017 3:00:00 PM,Y,Law Enforcement,COLLINS AVE (SR A1A),,,,0,,16TH ST,,State,Paved,Not at Intersection,,Daylight,Clear,Dry,N,Other,Pedestrian,On Roadway,N,Non-Junction,None,,,None,,,N,,,,,Off.,Miami Beach Police Department,Police Department (PD),3/4/2017 3:19:00 PM,3/4/2017 3:19:00 PM,4,N,Pedestrian,Pedestrian,No Injury,No Injury,DAY,N,N,N,N,N,N,N,N,N,4,0,0,0,0,0,0,0,0,0,0,1,1,0,1,0,0,2,0,0,0,0,,,,N,0,0,Y,0,0,1,0,0,0,1,5000,5000,0,0,0,Verified,n/a,587201.95,2852616.2941,25.789099856871,-80.1302253575673
86396341,2017,01-FEB-2017 11:27 AM,01-FEB-2017 12:00 AM,170001055,L,1,2,8,56,Volusia,Port Orange,Urban,2/1/2017 11:27:00 AM,2/1/2017 11:30:00 AM,2/1/2017 11:34:00 AM,2/1/2017 11:59:00 AM,Y,Law Enforcement,SR421 (DUNLAWTON AVE),,,,534,South,JACKSON ST,,Private Roadway,Unpaved,Not at Intersection,,Daylight,Clear,Dry,N,Angle,Motor Vehicle in Transport,On Roadway,N,Driveway/Alley Access Related,None,None,,None,None,,N,,,,,Ofc.,Port Orange Police Department,Police Department (PD),2/5/2017 2:39:00 PM,2/5/2017 2:39:00 PM,4,Y,Single Vehicle,Other,Injury,Non-Incapacitating Injury,DAY,N,N,N,N,N,N,N,N,N,1,1,0,1,0,0,0,0,0,0,0,1,1,0,1,0,0,0,0,0,0,0,,,,N,0,0,Y,0,0,0,0,1,150,1,250,400,0,0,0,Verified,n/a,499753.6376,3222413.7661,29.1302267441416,-81.0025325707474
86576467,2017,07-MAY-2017 10:30 PM,07-MAY-2017 12:00 AM,17-1519,L,1,3,8,40,Volusia,Holly Hill,Urban,5/7/2017 10:39:00 PM,5/7/2017 10:42:00 PM,5/7/2017 10:44:00 PM,5/7/2017 11:18:00 PM,Y,Motorist,FLOMICH ST,,,,0,,MEGAN BAY CIR,,Local,Unpaved,Four-Way Intersection,Y,Dark - Lighted,Clear,Dry,N,Angle,Pedestrian,On Roadway,N,Intersection,None,,,None,,,N,,,,,Off.,Holly Hill Police Department,Police Department (PD),5/13/2017 3:41:00 PM,5/13/2017 3:41:00 PM,6,Y,Pedestrian,Pedestrian,Serious Injury,Incapacitating Injury,NIGHT,N,N,N,N,N,N,Y,N,N,2,1,0,0,1,0,0,0,0,0,0,1,1,0,1,0,0,1,0,0,0,0,,,,N,0,0,Y,1,0,0,0,0,0,1,500,500,1,0,0,Verified,n/a,493812.6075,3235526.2428,29.2485610676596,-81.063678568894
86585398,2017,03-APR-2017 10:30 PM,03-APR-2017 12:00 AM,281704012010,L,1,1,10,40,Broward,Hallandale Beach,Urban,4/3/2017 10:32:00 PM,4/3/2017 10:32:00 PM,4/3/2017 10:40:00 PM,4/3/2017 11:30:00 PM,Y,Motorist,GOLDEN ISLES DR,501,,,75,West,,,Local,Paved,Not at Intersection,Y,Dark - Lighted,Clear,Dry,N,Other,Pedalcycle,On Roadway,N,Non-Junction,None,,,None,,,N,,,,,CIVILIAN,Hallandale Beach Police Department,Police Department (PD),4/12/2017 4:58:00 PM,4/12/2017 4:58:00 PM,9,Y,Bicycle,Bicycle,Injury,Possible Injury,NIGHT,N,N,N,N,N,N,N,N,N,0,1,1,0,0,0,0,0,0,0,1,1,1,0,0,0,0,0,0,0,0,0,,,,N,0,0,Y,0,0,0,0,0,0,1,500,500,0,1,0,Verified,n/a,587138.7531,2874412.5313,25.9859008873488,-80.1294134122538
86633996,2017,23-FEB-2017 04:14 PM,23-FEB-2017 12:00 AM,17-3875,S,1,4,5,52,Polk,Lakeland,Urban,2/23/2017 4:15:00 PM,,,,,Law Enforcement,CLEVELAND HEIGHTS BLVD,4812,27.977592,-81.948448,,,,,Parking Lot,,Not at Intersection,N,Daylight,Clear,Dry,,,Pedalcycle,Shoulder,,Non-Junction,None,,,,,,N,,,,,OFFICER,Lakeland Police Department,Police Department (PD),3/15/2017 4:01:00 PM,,20,N,Bicycle,Bicycle,No Injury,No Injury,DAY,N,N,N,N,N,N,N,N,N,0,0,0,0,0,0,0,0,0,0,0,2,2,0,1,0,0,1,0,0,0,0,,,,N,0,0,Y,0,0,0,0,0,0,0,0,0,0,0,0,Preliminary,Officer Mapped,406724.788,3095081.7202,27.9775865876804,-81.9484451643306
86667173,2017,05-FEB-2017 01:29 PM,05-FEB-2017 12:00 AM,201702573,L,1,3,24,50,St. Lucie,Port St. Lucie,Urban,2/5/2017 1:29:00 PM,2/5/2017 1:30:00 PM,2/5/2017 1:32:00 PM,2/5/2017 2:05:00 PM,Y,Motorist,SW ABERDEEN ST,2409,,,174,South,,,Local,Unpaved,Not at Intersection,N,Daylight,Clear,Dry,N,Other,Motor Vehicle in Transport,On Roadway,N,Non-Junction,None,,,None,,,N,,,,,POLICE OFFICER,Port St. Lucie Police Department,Police Department (PD),2/7/2017 4:05:00 PM,2/7/2017 4:05:00 PM,2,Y,Single Vehicle,Other,Injury,Possible Injury,DAY,N,N,N,N,N,N,N,N,N,2,1,1,0,0,0,0,0,0,0,0,1,1,0,1,0,0,1,0,0,0,0,,,,N,0,0,Y,0,0,0,0,0,0,1,200,200,0,0,0,Verified,n/a,560044.6947,3016485.2327,27.2699890112336,-80.3933544897502
86679013,2017,07-FEB-2017 04:30 PM,21-FEB-2017 12:00 AM,041702000496,L,1,2,10,50,Broward,Lauderdale Lakes,Urban,2/7/2017 4:30:00 PM,2/7/2017 4:30:00 PM,2/7/2017 4:37:00 PM,2/7/2017 6:00:00 PM,Y,Law Enforcement,NW 21ST ST,3841,,,,,,,Parking Lot,Paved,Not at Intersection,N,Daylight,Clear,Dry,N,Other,Motor Vehicle in Transport,In Parking Lane or Zone,N,Non-Junction,None,,,None,,,N,,,,,,Broward County Sheriff's Office,Sheriff's Office (SO),2/27/2017 4:08:00 PM,2/27/2017 4:08:00 PM,20,Y,Single Vehicle,Other,Injury,Possible Injury,DAY,N,N,N,N,N,N,N,N,N,1,1,1,0,0,0,0,0,0,0,0,1,1,0,1,0,0,0,0,0,0,0,,,,N,0,0,Y,0,0,0,0,0,0,0,0,0,1,0,0,Preliminary,Editor Mapped,579881.6498,2892900.7411,26.1532470422321,-80.2007795745856
86686952,2017,13-JUN-2017 10:32 PM,14-JUN-2017 12:00 AM,101706002330,L,1,3,10,36,Broward,Deerfield Beach,Urban,6/13/2017 10:32:00 PM,6/13/2017 10:50:00 PM,6/13/2017 10:52:00 PM,6/13/2017 11:15:00 PM,Y,Law Enforcement,NE 2ND ST,,,,16,North,NE 20TH AV,,Local,Paved,Not at Intersection,N,Dark - Lighted,Rain,Wet,N,Other,Pedestrian,On Roadway,N,Non-Junction,None,,,Weather Conditions,,,N,,,,,,Broward County Sheriff's Office,Sheriff's Office (SO),6/15/2017 4:17:00 PM,6/15/2017 4:17:00 PM,2,Y,Pedestrian,Pedestrian,Injury,Possible Injury,NIGHT,N,N,N,N,N,N,N,N,N,2,1,1,0,0,0,0,0,0,0,0,1,1,0,1,1,0,1,0,0,0,0,,,,N,0,0,Y,0,0,0,0,0,0,0,0,0,0,0,0,Verified,n/a,592201.3242,2911063.0412,26.3164867128445,-80.0762374092527
86749804,2017,01-JAN-2017 10:55 AM,01-JAN-2017 12:00 AM,341701000220,L,1,3,10,38,Broward,Fort Lauderdale,Urban,1/1/2017 10:56:00 AM,1/1/2017 10:56:00 AM,1/1/2017 11:06:00 AM,1/1/2017 12:00:00 PM,Y,Law Enforcement,NW 6TH ST,,,,11,South,NW 22ND AV,,Turnpike/Toll,Curb,Not at Intersection,N,Daylight,Cloudy,Dry,N,Other,Motor Vehicle in Transport,On Roadway,N,Non-Junction,None,,,None,,,N,,,,,PUBLIC SERVICE AIDE,Fort Lauderdale Police Department,Police Department (PD),1/3/2017 3:05:00 PM,1/3/2017 3:05:00 PM,2,Y,Single Vehicle,Other,Injury,Non-Incapacitating Injury,DAY,N,N,N,N,N,N,N,N,N,1,2,1,1,0,0,0,0,0,0,0,2,2,0,1,1,0,0,0,0,0,0,,,,N,0,0,Y,0,0,0,0,0,0,1,250,250,1,0,1,Verified,n/a,582788.9622,2890234.6537,26.1290113021911,-80.1718639967061
86753761,2017,27-MAY-2017 04:17 PM,27-MAY-2017 12:00 AM,17005403,L,1,2,4,46,Pinellas,Largo,Urban,5/27/2017 4:17:00 PM,5/27/2017 4:17:00 PM,5/27/2017 4:17:00 PM,5/27/2017 5:07:00 PM,Y,Motorist,JASPER ST,,,,137,West,REGINA DR W,,Local,Curb,Other,N,Daylight,Clear,Dry,N,Angle,Pedalcycle,On Roadway,N,Driveway/Alley Access Related,None,,,None,,,N,,,,,OFFICER,Largo Police Department,Police Department (PD),6/2/2017 3:40:00 PM,6/2/2017 3:40:00 PM,6,Y,Bicycle,Bicycle,Injury,Non-Incapacitating Injury,DAY,N,N,N,N,N,N,N,N,N,1,1,0,1,0,0,0,0,0,0,0,1,1,0,1,0,0,0,0,0,0,0,,,,N,0,0,Y,0,0,0,0,1,100,0,0,100,0,0,0,Verified,n/a,324234.5262,3090888.3928,27.9314130285542,-82.786348544217
86759956,2017,25-APR-2017 07:57 AM,25-APR-2017 12:00 AM,CW17-58848,L,1,2,4,36,Pinellas,Clearwater,Urban,4/25/2017 8:02:00 AM,4/25/2017 8:04:00 AM,4/25/2017 8:06:00 AM,4/25/2017 9:25:00 AM,Y,Law Enforcement,FORT HARRISON AVE S,,,,0,,LAKEVIEW RD,,Local,Curb,T-Intersection,N,Daylight,Clear,Dry,N,,Pedalcycle,On Roadway,N,Intersection,None,,,None,,,N,,,,,PST,Clearwater Police Department,Police Department (PD),4/28/2017 4:04:00 PM,4/28/2017 4:04:00 PM,3,Y,Bicycle,Bicycle,Injury,Non-Incapacitating Injury,DAY,N,N,N,N,N,N,Y,N,N,1,1,0,1,0,0,0,0,0,0,0,1,1,0,1,0,0,0,0,0,0,0,,,,N,0,0,Y,0,0,1,0,0,0,1,500,500,1,0,0,Verified,n/a,322924.0081,3092764.7327,27.94816967558,-82.7999429994609
86765276,2017,09-FEB-2017 03:28 PM,09-FEB-2017 12:00 AM,170002690,L,1,2,8,30,Volusia,Daytona Beach,Urban,2/9/2017 3:28:00 PM,2/9/2017 3:30:00 PM,2/9/2017 3:31:00 PM,2/9/2017 4:56:00 PM,Y,Law Enforcement,CEDAR ST.,,,,151,East,JEAN ST.,,Local,Curb,Not at Intersection,,Daylight,Clear,Dry,N,Angle,Motor Vehicle in Transport,On Roadway,N,Non-Junction,None,,,None,,,N,,,,,Ofc.,Daytona Beach Police Department,Police Department (PD),2/18/2017 3:41:00 PM,2/18/2017 3:41:00 PM,9,Y,Single Vehicle,Other,Injury,Non-Incapacitating Injury,DAY,N,N,N,N,N,N,N,N,N,1,1,0,1,0,0,0,0,0,0,0,1,1,0,1,0,0,0,0,0,0,0,,,,N,0,0,Y,0,0,0,0,0,0,0,0,0,1,0,0,Verified,n/a,496714.1861,3229567.404,29.1947894494297,-81.0337988400918
86771693,2017,24-FEB-2017 06:30 PM,25-FEB-2017 12:00 AM,17003480,L,1,2,18,41,Lee,Cape Coral,Urban,2/24/2017 6:30:00 PM,2/24/2017 6:32:00 PM,2/24/2017 6:47:00 PM,2/24/2017 7:23:00 PM,Y,Law Enforcement,SKYLINE BLVD,,,,20,East,SW 22ND TER,,Local,Paved,T-Intersection,N,Daylight,Clear,Dry,N,Angle,Motor Vehicle in Transport,On Roadway,N,Intersection-Related,None,,,None,,,N,,,,,POLICE OFFICER,Cape Coral Police Department,Police Department (PD),4/11/2017 5:21:00 PM,4/11/2017 5:21:00 PM,46,Y,Single Vehicle,Other,Injury,Possible Injury,DAY,N,N,N,N,N,N,Y,N,N,1,1,1,0,0,0,0,0,0,0,0,1,1,0,1,0,0,0,0,0,0,0,,,,N,0,0,Y,0,0,1,0,1,300,0,0,300,0,0,0,Verified,n/a,401364.5846,2943623.4835,26.6100102826431,-81.990731774045
86779134,2017,06-AUG-2017 06:31 PM,06-AUG-2017 12:00 AM,331708155110,L,1,2,10,44,Broward,Hollywood,Urban,8/6/2017 6:31:00 PM,8/6/2017 6:31:00 PM,8/6/2017 6:45:00 PM,8/6/2017 7:42:00 PM,Y,Law Enforcement,N BROADWALK,,,,,,FILLMORE ST,,Other,Paved,Other,Y,Daylight,Cloudy,Dry,N,Other,Pedalcycle,On Roadway,N,Non-Junction,None,,,None,,,N,,,,,OFFICER,Hollywood Police Department,Police Department (PD),8/24/2017 2:31:00 PM,8/24/2017 2:31:00 PM,18,Y,Bicycle,Bicycle,Injury,Non-Incapacitating Injury,DAY,N,N,N,N,N,N,N,N,N,1,1,0,1,0,0,0,0,1,0,0,1,1,0,1,0,0,0,0,0,0,0,0,0,0,N,0,0,Y,0,0,0,0,1,200,0,0,200,0,0,0,Verified,n/a,588516.9759,2877781.6322,26.0162362489576,-80.1154173358111
86781923,2017,26-DEC-2017 02:38 PM,26-DEC-2017 12:00 AM,331712235026,L,1,2,10,44,Broward,Hollywood,Urban,12/26/2017 2:38:00 PM,12/26/2017 2:39:00 PM,12/26/2017 2:41:00 PM,12/26/2017 3:44:00 PM,Y,Law Enforcement,N FEDERAL HWY,,,,0,,SHENANDOAH ST,,U.S.,Curb,Four-Way Intersection,N,Daylight,Clear,Dry,N,Front to Front,Pedalcycle,On Roadway,N,Intersection-Related,None,,,None,,,N,,,,,COMMUNITY SERVICE OFFICER,Hollywood Police Department,Police Department (PD),1/8/2018 1:58:00 PM,1/8/2018 1:58:00 PM,13,Y,Bicycle,Bicycle,Injury,Non-Incapacitating Injury,DAY,N,N,N,N,N,N,Y,N,N,1,1,0,1,0,0,0,0,0,0,0,1,1,0,1,0,0,0,0,0,0,0,,,,N,0,0,Y,0,0,0,0,1,300,1,500,800,1,0,0,Verified,n/a,585719.0214,2879324.24,26.0303325566434,-80.1432746575888
86802552,2017,20-APR-2017 06:27 PM,20-APR-2017 12:00 AM,201700075853,S,1,2,14,40,Marion,Ocala,Urban,4/20/2017 6:29:00 PM,4/20/2017 6:36:00 PM,4/20/2017 6:45:00 PM,4/20/2017 7:35:00 PM,Y,Law Enforcement,NE 12TH ST,,29.11588,-82.0518,370,East,NE 36TH AVE,,Local,Unpaved,Not at Intersection,N,Daylight,Clear,Dry,N,Angle,Motor Vehicle in Transport,On Roadway,N,Non-Junction,None,,,None,,,N,,,,,OFC,Ocala Police Department,Police Department (PD),4/23/2017 3:54:00 PM,,3,Y,Single Vehicle,Other,Injury,Possible Injury,DAY,N,N,N,N,N,N,N,N,N,1,1,1,0,0,0,0,0,0,0,0,1,1,0,1,1,0,0,0,0,0,0,,,,N,0,0,Y,0,0,0,0,0,0,1,150,150,0,0,0,Preliminary,Computer mapped approximate by address,394202.4677,3230532.0821,29.1990761745634,-82.0882750289513
86802971,2017,20-MAY-2017 02:30 PM,20-MAY-2017 12:00 AM,201700097250,L,2,2,14,40,Marion,Ocala,Urban,5/20/2017 2:30:00 PM,5/20/2017 2:32:00 PM,5/20/2017 2:39:00 PM,5/20/2017 3:40:00 PM,Y,Motorist,SR 200,,29.104373,-82.090942,140,West,SW MARTIN LUTHER KING AVE,,State,Paved,Four-Way Intersection,N,Daylight,Clear,Dry,N,Angle,Motor Vehicle in Transport,On Roadway,N,Non-Junction,None,,,None,,,N,,,,,OFFICER,Ocala Police Department,Police Department (PD),5/30/2017 2:28:00 PM,5/30/2017 2:28:00 PM,10,Y,Right Angle,Angle,Injury,Non-Incapacitating Injury,DAY,N,N,N,N,N,Y,N,N,N,0,1,0,1,0,0,0,0,0,0,0,1,1,0,1,0,0,0,0,0,0,0,,,,N,0,0,Y,0,0,0,0,0,0,1,100,100,0,0,0,Verified,n/a,387900.7757,3228311.9924,29.178499664288,-82.1528620648412
86808040,2017,07-FEB-2017 09:07 AM,07-FEB-2017 10:04 AM,0117001114,L,1,2,26,40,Osceola,Kissimmee,Urban,2/7/2017 9:07:00 AM,2/7/2017 9:14:00 AM,2/7/2017 9:17:00 AM,2/7/2017 10:05:00 AM,Y,Motorist,W VINE ST,3501,,,,,,,Parking Lot,Curb,T-Intersection,N,Daylight,Clear,Dry,N,Angle,Motor Vehicle in Transport,On Roadway,N,Non-Junction,None,,,None,,,N,,,,,05 Patrol Officer,Kissimmee Police Department,Police Department (PD),2/8/2017 4:42:00 PM,2/8/2017 4:42:00 PM,1,Y,Single Vehicle,Other,Injury,Non-Incapacitating Injury,DAY,N,N,N,N,N,N,N,N,N,1,1,0,1,0,0,0,0,0,0,0,1,1,0,1,0,0,0,0,0,0,0,,,,N,0,0,Y,0,0,1,0,0,0,1,2000,2000,0,0,0,Preliminary,Editor Mapped,456849.4521,3131240.1956,28.3065532795079,-81.4401167908604
86813576,2017,25-DEC-2017 10:44 AM,25-DEC-2017 12:00 AM,17-10001,L,1,2,6,84,Palm Beach,Riviera Beach,Urban,12/25/2017 10:47:00 AM,12/25/2017 10:48:00 AM,12/25/2017 10:49:00 AM,12/25/2017 11:30:00 AM,Y,Law Enforcement,2721 AVE S,,,,270,West,AVENUE S,,Local,Paved,Not at Intersection,,Daylight,Clear,Dry,N,Unknown,Motor Vehicle in Transport,On Roadway,N,Non-Junction,None,,,None,,,N,,,,,Off.,Riviera Beach Police Department,Police Department (PD),12/31/2017 1:59:00 PM,12/31/2017 1:59:00 PM,6,Y,Single Vehicle,Other,Injury,Non-Incapacitating Injury,DAY,N,N,N,N,N,Y,N,N,N,1,1,0,1,0,0,0,0,0,0,0,1,1,0,1,0,0,0,0,0,0,0,,,,N,0,0,Y,0,0,1,0,0,0,1,1000,1000,1,0,0,Preliminary,Editor Mapped,591305.0509,2962912.6894,26.7846432868701,-80.0814938835526
86816250,2017,01-FEB-2017 03:06 PM,01-FEB-2017 12:00 AM,17-03194,L,2,2,42,0,Martin,Unincorporated,Rural,2/1/2017 3:06:00 PM,2/1/2017 3:07:00 PM,2/1/2017 3:22:00 PM,2/1/2017 4:00:00 PM,Y,Law Enforcement,NORFOLK BLVD SE,105,,,1,East,ONTARIO DR SE,,Local,Unpaved,Not at Intersection,N,Daylight,Clear,Dry,N,Angle,Motor Vehicle in Transport,Roadside,N,Non-Junction,None,,,None,,,N,,,,,DEPUTY,Martin County Sheriff's Office,Sheriff's Office (SO),2/3/2017 3:16:00 PM,2/3/2017 3:16:00 PM,2,Y,Parked Vehicle,Other,Injury,Possible Injury,DAY,N,N,N,N,N,Y,N,Y,N,0,1,1,0,0,0,0,0,0,0,0,1,1,0,1,0,0,0,0,0,0,0,,,,N,0,0,Y,0,0,0,0,0,0,1,2000,2000,0,0,0,Verified,n/a,575014.1825,3003400.7098,27.1511307176876,-80.2429226170914
86821512,2017,15-FEB-2017 06:10 PM,15-FEB-2017 12:00 AM,2017-004652,S,1,2,15,0,Manatee,Unincorporated,Rural,2/15/2017 6:10:00 PM,,,,,Law Enforcement,7TH ST W,,27.475591,-82.568739,10,South,28TH AVE W,,Local,,Not at Intersection,N,Daylight,Clear,Dry,,Angle,Motor Vehicle in Transport,On Roadway,,Non-Junction,None,,,,,,N,,,,,DEPUTY,Manatee County Sheriff's Office,Sheriff's Office (SO),2/21/2017 3:16:00 PM,,6,N,Single Vehicle,Other,No Injury,No Injury,DAY,N,N,N,N,N,N,N,N,N,0,0,0,0,0,0,0,0,0,0,0,1,1,0,1,0,0,0,0,0,0,0,,,,N,0,0,Y,0,0,0,0,0,0,0,0,0,0,0,0,Preliminary,Officer Mapped,345006.5364,3040091.7038,27.4755863814696,-82.5687353408203
86844071,2017,20-AUG-2017 02:51 PM,20-AUG-2017 12:00 AM,2017-436871,S,1,3,3,50,Hillsborough,Tampa,Urban,8/20/2017 2:52:00 PM,8/20/2017 2:52:00 PM,8/20/2017 2:57:00 PM,8/20/2017 3:00:00 PM,Y,Law Enforcement,N NEBRASKA AVE,,28.006175,-82.451289,,,E LAMBRIGHT ST,,Local,Curb,Not at Intersection,N,Daylight,Clear,Dry,N,Angle,Motor Vehicle in Transport,On Roadway,N,Through Roadway,None,,,None,,,N,,,,,OFFICER,Tampa Police Department,Police Department (PD),8/21/2017 1:52:00 PM,,1,N,Single Vehicle,Other,No Injury,No Injury,DAY,N,N,N,N,N,N,N,N,N,3,0,0,0,0,0,0,0,0,0,0,1,1,0,1,0,0,1,0,0,0,0,,,,N,0,0,Y,0,0,0,0,0,0,1,100,100,0,0,0,Preliminary,Computer plot approximate by lat/long,357302.9073,3098775.0302,28.0065348122868,-82.4513165981565
86856186,2017,21-MAY-2017 04:35 PM,21-MAY-2017 12:00 AM,2017050984,L,1,3,66,40,Gulf,Port St. Joe,Urban,5/21/2017 4:38:00 PM,5/21/2017 4:39:00 PM,5/21/2017 4:44:00 PM,5/21/2017 5:00:00 PM,Y,Law Enforcement,HWY 98,,,,0,,AVE C,,U.S.,Paved,T-Intersection,Y,Daylight,Cloudy,Dry,N,Other,Motor Vehicle in Transport,On Roadway,N,Non-Junction,Other,,,Physical Obstruction(s),,,N,,,,,OFFICER,Port St. Joe Police Department,Police Department (PD),5/24/2017 5:55:00 PM,5/24/2017 5:55:00 PM,3,Y,Single Vehicle,Other,Injury,Non-Incapacitating Injury,DAY,N,N,N,N,N,N,N,N,N,2,1,0,1,0,0,0,0,0,0,0,1,1,0,0,0,0,2,0,0,0,0,,,,N,0,0,Y,0,0,0,0,0,0,1,100,100,0,0,0,Verified,n/a,83701.6414000001,3306590.1724,29.8196473643339,-85.3064787863433
86865558,2017,17-FEB-2017 07:20 PM,01-MAY-2017 12:00 AM,170217-054958,L,1,2,1,66,Miami-Dade,Miami,Urban,2/17/2017 7:25:00 PM,2/17/2017 7:26:00 PM,2/17/2017 7:26:00 PM,2/17/2017 8:00:00 PM,N,Law Enforcement,S. DIXIE HWY,,,,182,West,SW 27 AVE,,Interstate,Paved,Four-Way Intersection,N,Dawn,Clear,Dry,N,Other,Motor Vehicle in Transport,On Roadway,N,Non-Junction,None,,,None,,,N,,,,,DETECTIVE,Miami Police Department,Police Department (PD),5/4/2017 4:30:00 PM,5/4/2017 4:30:00 PM,76,Y,Single Vehicle,Other,No Injury,No Injury,NIGHT,N,N,N,N,N,Y,N,N,N,2,0,0,0,0,0,0,0,0,0,0,1,1,0,1,0,0,0,0,0,0,0,,,,N,0,0,Y,0,0,2,0,0,0,0,0,0,0,0,0,Verified,n/a,576391.7845,2847088.8326,25.7397951922336,-80.2383591666409
86869420,2017,11-APR-2017 03:55 PM,11-APR-2017 12:00 AM,170411-117633,L,1,2,1,66,Miami-Dade,Miami,Urban,4/11/2017 3:56:00 PM,4/11/2017 4:04:00 PM,4/11/2017 4:15:00 PM,4/11/2017 6:11:00 PM,Y,Law Enforcement,54TH ST NW,,,,92,West,11TH AVE NW,,Local,Paved,Not at Intersection,N,Daylight,Clear,Dry,N,,Pedestrian,On Roadway,N,Non-Junction,None,,,Unknown,,,N,,,,,PSA,Miami Police Department,Police Department (PD),4/22/2017 4:20:00 PM,4/22/2017 4:20:00 PM,11,Y,Pedestrian,Pedestrian,Injury,Possible Injury,DAY,N,N,N,N,N,N,N,N,N,1,1,1,0,0,0,0,0,0,0,0,1,1,0,1,1,0,0,0,0,0,0,,,,N,0,0,Y,0,0,0,0,0,0,1,3000,3000,1,0,0,Verified,n/a,578730.3056,2856508.1681,25.8247212400792,-80.2144853715926
86871849,2017,14-MAY-2017 08:25 PM,14-MAY-2017 12:00 AM,170514-157203,L,1,5,1,66,Miami-Dade,Miami,Urban,5/14/2017 8:26:00 PM,5/14/2017 8:26:00 PM,5/14/2017 8:29:00 PM,5/14/2017 12:40:00 PM,Y,Law Enforcement,NW 62 STREET,,,,59,East,NW 13 AVE,,Local,Curb,Not at Intersection,Y,Dark - Not Lighted,Clear,Dry,N,Angle,Motor Vehicle in Transport,On Roadway,N,Non-Junction,Other,,,None,,,N,,,,,DET.,Miami Police Department,Police Department (PD),6/16/2017 3:23:00 PM,6/16/2017 3:23:00 PM,33,Y,Single Vehicle,Other,Serious Injury,Incapacitating Injury,NIGHT,N,N,N,N,N,N,N,N,N,4,1,0,0,1,0,0,0,0,0,0,1,1,0,1,0,0,3,0,0,0,0,,,,N,0,0,Y,1,0,3,0,0,0,1,2800,2800,1,0,0,Verified,n/a,578324.7604,2857300.3733,25.8318960579614,-80.2184843404975
86886883,2017,12-MAR-2017 12:46 PM,12-MAR-2017 12:00 AM,PD170312095471,L,1,2,1,0,Miami-Dade,Unincorporated,Rural,3/12/2017 12:46:00 PM,3/12/2017 12:49:00 PM,3/12/2017 12:56:00 PM,3/12/2017 2:00:00 PM,Y,Law Enforcement,SW 102ND AVE,,,,34,North,SW 164TH TER,,County,Paved,Other,,Daylight,Clear,Dry,N,Other,Pedalcycle,On Roadway,N,Other,None,,,None,,,N,,,,,OFC.,Miami-Dade Police Department,Police Department (PD),4/10/2017 4:09:00 PM,4/10/2017 4:09:00 PM,29,Y,Bicycle,Bicycle,Injury,Non-Incapacitating Injury,DAY,N,N,N,N,N,N,N,N,N,1,1,0,1,0,0,0,0,0,0,0,1,1,0,1,0,0,0,0,0,0,0,,,,N,0,0,Y,0,0,0,0,2,400,1,1500,1900,0,0,0,Verified,n/a,564515.0407,2833386.1542,25.6166352753324,-80.3574300355928
86888692,2017,21-FEB-2017 09:23 AM,21-FEB-2017 12:00 AM,PD170221069760,L,1,2,1,0,Miami-Dade,Unincorporated,Rural,2/21/2017 9:23:00 AM,2/21/2017 10:48:00 AM,2/21/2017 10:53:00 AM,2/21/2017 12:30:00 PM,Y,Law Enforcement,W  FLAGLER ST,7795,,,,,,,Parking Lot,Paved,Not at Intersection,,Daylight,Clear,Dry,N,Angle,Motor Vehicle in Transport,In Parking Lane or Zone,N,Non-Junction,None,None,,None,None,,N,,,,,OFC.,Miami-Dade Police Department,Police Department (PD),3/11/2017 3:14:00 PM,3/11/2017 3:14:00 PM,18,Y,Single Vehicle,Other,Injury,Possible Injury,DAY,N,N,N,N,N,N,N,N,N,1,1,1,0,0,0,0,0,0,0,0,1,1,0,1,0,0,0,0,0,0,0,,,,N,0,0,Y,0,0,1,0,0,0,1,50,50,0,0,0,Preliminary,Editor Mapped,567907.5567,2850922.6923,25.7748308672867,-80.3227472188558
86899448,2017,02-MAY-2017 08:28 PM,02-MAY-2017 12:00 AM,PD170502165729,L,1,2,1,0,Miami-Dade,Unincorporated,Rural,5/2/2017 8:28:00 PM,5/2/2017 8:28:00 PM,5/2/2017 8:39:00 PM,5/2/2017 10:30:00 PM,Y,Law Enforcement,NE 6TH AVE,,,,136,North,NE 150TH ST,,State,Unpaved,Not at Intersection,,Dark - Not Lighted,Rain,Wet,N,Front to Front,Motor Vehicle in Transport,Off Roadway,Y,Entrance/Exit Ramp,None,,,None,,,N,,,,,OFC.,Miami-Dade Police Department,Police Department (PD),5/16/2017 6:05:00 PM,5/16/2017 6:05:00 PM,14,Y,Single Vehicle,Other,Injury,Non-Incapacitating Injury,NIGHT,N,N,N,N,N,N,N,Y,N,1,1,0,1,0,0,0,0,0,0,0,1,1,0,1,0,0,0,0,0,0,0,,,,N,0,0,Y,0,0,1,0,2,200,0,0,200,1,0,0,Verified,n/a,581371.2521,2866335.0255,25.9133042364745,-80.187531367859
86907055,2017,23-FEB-2017 09:20 PM,23-FEB-2017 12:00 AM,17-009895,L,1,2,16,50,Sarasota,Sarasota,Urban,2/23/2017 9:20:00 PM,2/23/2017 9:20:00 PM,2/23/2017 9:22:00 PM,2/23/2017 9:50:00 PM,Y,Motorist,LIME AVE. N/S,,,,0,,MAIN ST,,State,Unpaved,Four-Way Intersection,,Dark - Lighted,Clear,Dry,N,Angle,Motor Vehicle in Transport,On Roadway,N,Intersection,None,None,None,None,,,N,,,,,OFC.,Sarasota Police Department,Police Department (PD),3/6/2017 3:02:00 PM,3/6/2017 3:02:00 PM,11,Y,Single Vehicle,Other,No Injury,No Injury,NIGHT,N,N,N,N,N,Y,Y,N,N,2,0,0,0,0,0,0,0,0,0,0,1,1,0,1,0,0,0,0,0,0,0,,,,N,0,0,Y,0,0,0,0,0,0,0,0,0,0,0,0,Verified,n/a,349220.1438,3024619.8463,27.3364289764634,-82.5241831984004
86916787,2017,31-MAY-2017 05:09 PM,31-MAY-2017 06:23 PM,17-386464,L,2,3,3,0,Hillsborough,Unincorporated,Rural,5/31/2017 5:11:00 PM,5/31/2017 5:17:00 PM,5/31/2017 5:29:00 PM,5/31/2017 8:15:00 PM,Y,Law Enforcement,CR 584 (WATERS AV W),,,,0,,RIVERWOOD BL,,County,Curb,T-Intersection,N,Daylight,Clear,Dry,N,Other,Motor Vehicle in Transport,On Roadway,N,Intersection,None,,,None,,,N,,,,,DEP,Hillsborough County Sheriff's Office,Sheriff's Office (SO),6/6/2017 4:50:00 PM,6/6/2017 4:50:00 PM,6,Y,Other,Other,Serious Injury,Incapacitating Injury,DAY,N,N,N,N,N,Y,Y,N,N,2,1,0,0,1,0,0,0,0,0,0,1,1,0,1,0,0,1,0,0,0,0,,,,N,0,0,Y,1,0,0,0,0,0,0,0,0,1,0,0,Verified,n/a,344724.8952,3101071.9176,28.0258516804751,-82.579507070412
86919822,2017,12-AUG-2017 08:40 PM,28-JUN-2018 02:11 PM,17-575439,L,1,2,3,0,Hillsborough,Unincorporated,Rural,8/12/2017 8:42:00 PM,8/12/2017 8:43:00 PM,8/12/2017 9:02:00 PM,8/13/2017 12:27:00 AM,Y,Law Enforcement,ST SE,21ST,,,26,South,3RD AVE SE,,County,Unpaved,Not at Intersection,N,Dark - Not Lighted,Cloudy,Dry,N,Other,Pedestrian,On Roadway,N,Non-Junction,None,,,None,,,N,,,,,DET,Hillsborough County Sheriff's Office,Sheriff's Office (SO),6/29/2018 2:42:00 PM,6/29/2018 2:42:00 PM,321,Y,Pedestrian,Pedestrian,Fatality,Fatal (within 30 days),NIGHT,N,N,N,N,Y,N,N,N,N,1,0,0,0,0,1,1,0,0,0,0,1,1,0,1,0,0,0,0,0,0,0,,,,N,0,0,Y,0,1,0,0,0,0,1,1000,1000,0,0,0,Verified,n/a,361342.5869,3066654.9353,27.7170868810442,-82.4064932402675
86920724,2017,12-SEP-2017 05:30 PM,12-SEP-2017 05:46 PM,17-654626,L,1,3,3,0,Hillsborough,Unincorporated,Rural,9/12/2017 5:33:00 PM,9/12/2017 5:33:00 PM,9/12/2017 5:35:00 PM,9/12/2017 6:10:00 PM,Y,Law Enforcement,LAKE VISTA DR,,,,0,,KINGS LAKE DR,,County,Unpaved,T-Intersection,N,Daylight,Clear,Dry,N,Other,Pedalcycle,On Roadway,N,Intersection,None,,,None,,,N,,,,,DEP,Hillsborough County Sheriff's Office,Sheriff's Office (SO),9/14/2017 2:17:00 PM,9/14/2017 2:17:00 PM,2,N,Bicycle,Bicycle,No Injury,No Injury,DAY,N,N,N,N,N,N,Y,N,N,3,0,0,0,0,0,0,0,0,0,0,2,2,0,1,0,0,0,0,0,0,0,,,,N,0,0,Y,0,0,0,0,1,100,1,1,101,0,0,0,Verified,n/a,364993.9166,3075381.7007,27.7962175206059,-82.3704501787323
86926697,2017,18-MAY-2017 07:12 PM,18-MAY-2017 12:00 AM,17027844,L,1,3,6,34,Palm Beach,Boynton Beach,Urban,5/18/2017 7:12:00 PM,5/18/2017 7:13:00 PM,5/18/2017 7:15:00 PM,5/18/2017 7:40:00 PM,Y,Law Enforcement,SR 5,,,,44,North,E GATEWAY BLVD,,State,Curb,Not at Intersection,N,Daylight,Clear,Dry,N,Other,Motor Vehicle in Transport,On Roadway,N,Through Roadway,None,,,None,,,N,,,,,OFC,Boynton Beach Police Department,Police Department (PD),6/16/2017 3:23:00 PM,6/16/2017 3:23:00 PM,29,Y,Single Vehicle,Other,Injury,Possible Injury,NIGHT,N,N,N,N,N,N,N,N,N,2,1,1,0,0,0,0,0,0,0,0,2,2,0,1,1,0,0,0,0,0,0,,,,N,0,0,Y,0,0,0,0,1,50,1,1000,1050,1,0,0,Verified,n/a,594029.5824,2936857.2831,26.5492402636171,-80.0560267990561
86939836,2017,21-APR-2017 06:00 PM,22-APR-2017 12:00 AM,2017-018697,L,1,2,5,0,Polk,Unincorporated,Rural,4/21/2017 6:02:00 PM,4/21/2017 6:03:00 PM,4/21/2017 6:13:00 PM,4/21/2017 7:12:00 PM,Y,Law Enforcement,17 92 NORTH,1122,,,1368,South,,,U.S.,Paved,Not at Intersection,Y,Daylight,Clear,Dry,N,Other,Pedestrian,On Roadway,N,Non-Junction,None,,,None,,,N,,,,,,Polk County Sheriff's Office,Sheriff's Office (SO),4/25/2017 4:09:00 PM,4/25/2017 4:09:00 PM,4,Y,Pedestrian,Pedestrian,Injury,Possible Injury,DAY,N,N,N,N,N,N,N,N,N,1,1,1,0,0,0,0,0,0,0,0,1,1,0,1,0,0,0,0,0,0,0,,,,N,0,0,Y,0,0,0,0,0,0,1,1500,1500,1,0,0,Verified,n/a,441536.7097,3116808.6986,28.1756947094278,-81.595570100588
86940535,2017,12-MAY-2017 03:10 PM,12-MAY-2017 03:31 PM,WGPD17OFF002251,L,1,2,7,52,Orange,Winter Garden,Urban,5/12/2017 3:10:00 PM,5/12/2017 3:11:00 PM,5/12/2017 3:12:00 PM,5/12/2017 3:33:00 PM,Y,Law Enforcement,CHARLOTTE ST,,28.55932,-81.57524,30,West,9TH ST,,Local,Curb,T-Intersection,N,Daylight,Clear,Dry,N,Other,Pedalcycle,On Roadway,Y,Intersection,None,,,None,,,N,,,,,OFFICER,Winter Garden Police Department,Police Department (PD),5/14/2017 2:13:00 PM,5/14/2017 2:13:00 PM,2,Y,Bicycle,Bicycle,Injury,Non-Incapacitating Injury,DAY,N,N,N,N,N,N,Y,N,N,1,1,0,1,0,0,0,0,0,0,0,1,1,0,1,0,0,0,0,0,0,0,,,,N,0,0,Y,0,0,0,0,1,100,0,0,100,1,0,0,Verified,n/a,443725.7809,3159297.5371,28.5593093161599,-81.5753358337337
86942111,2017,03-NOV-2017 03:55 PM,04-NOV-2017 12:00 AM,2017-00040688,L,1,4,19,50,Brevard,Rockledge,Urban,11/3/2017 3:55:00 PM,11/3/2017 3:58:00 PM,11/3/2017 4:00:00 PM,11/3/2017 5:10:00 PM,Y,Law Enforcement,LEVITT PKWY,,28.316196,-80.742695,12,North,FISKE BLVD,,Local,Curb,T-Intersection,Y,Daylight,Cloudy,Dry,N,Angle,Motor Vehicle in Transport,On Roadway,Y,Crossover-Related,None,,,None,,,N,,,,,OFFICER,Rockledge Police Department,Police Department (PD),11/7/2017 2:26:00 PM,11/7/2017 2:26:00 PM,4,Y,Single Vehicle,Other,Injury,Non-Incapacitating Injury,DAY,N,N,N,N,N,N,N,N,N,1,3,1,2,0,0,0,0,0,0,0,3,3,0,1,0,0,0,0,0,0,0,,,,N,0,0,Y,0,0,1,0,0,0,1,500,500,2,0,0,Verified,n/a,525215.2622,3132241.7416,28.3160611931674,-80.7427915142571
86946130,2017,09-MAY-2017 09:50 AM,01-JUN-2017 12:00 AM,341705073591,L,1,2,10,38,Broward,Fort Lauderdale,Urban,5/9/2017 9:50:00 AM,5/9/2017 9:50:00 AM,5/9/2017 9:55:00 AM,5/9/2017 11:00:00 AM,Y,Motorist,N FT LAUDERDALE BCH BLVD,,,,14,North,VISTAMAR ST,,Interstate,Curb,T-Intersection,N,Daylight,Clear,Dry,N,Front to Front,Pedalcycle,On Roadway,N,Intersection-Related,None,,,None,,,N,,,,,OFFICER,Fort Lauderdale Police Department,Police Department (PD),6/10/2017 3:01:00 PM,6/10/2017 3:01:00 PM,32,Y,Bicycle,Bicycle,Injury,Non-Incapacitating Injury,DAY,N,N,N,N,N,N,Y,N,N,1,1,0,1,0,0,0,0,0,0,0,1,1,0,1,0,0,0,0,0,0,0,,,,N,0,0,Y,0,0,0,0,0,0,0,0,0,1,0,0,Verified,n/a,589641.9357,2890751.5727,26.1332681796511,-80.1032846766617
86977183,2017,28-FEB-2017 10:30 AM,28-FEB-2017 12:00 AM,2017-00081656,L,1,2,7,46,Orange,Orlando,Urban,2/28/2017 11:10:00 AM,2/28/2017 11:16:00 AM,2/28/2017 11:34:00 AM,2/28/2017 11:34:00 AM,Y,Law Enforcement,MABLE BUTLER AV (PARKING LOT),1419,,,,,,,Parking Lot,Curb,Not at Intersection,,Daylight,Clear,Dry,N,Other,Pedalcycle,Off Roadway,N,Driveway/Alley Access Related,None,,,None,,,N,,,,,CSO.,Orlando Police Department,Police Department (PD),3/2/2017 5:24:00 PM,3/2/2017 5:24:00 PM,2,Y,Bicycle,Bicycle,Injury,Non-Incapacitating Injury,DAY,N,N,N,N,N,N,N,N,N,1,1,0,1,0,0,0,0,0,0,0,1,1,0,1,1,0,0,0,0,0,0,,,,N,0,0,Y,0,0,1,0,0,0,1,100,100,1,0,0,Preliminary,Editor Mapped,458841.2207,3155306.4162,28.5238511343967,-81.420659654535
86986705,2017,01-MAR-2017 05:56 PM,01-MAR-2017 12:00 AM,17001233,L,1,3,38,42,Monroe,Key West,Urban,3/1/2017 5:56:00 PM,3/1/2017 5:57:00 PM,3/1/2017 5:59:00 PM,3/1/2017 7:30:00 PM,N,Law Enforcement,DUVAL ST,,,,0,,TRUMAN AVE,,U.S.,Curb,Four-Way Intersection,Y,Dusk,Clear,Dry,N,Angle,Pedalcycle,On Roadway,N,Intersection,None,,,None,,,N,,,,,POLICE OFFICER,Key West Police Department,Police Department (PD),4/14/2017 5:00:00 PM,4/14/2017 5:00:00 PM,44,Y,Bicycle,Bicycle,Serious Injury,Incapacitating Injury,DAY,N,N,N,N,N,N,Y,N,N,1,2,1,0,1,0,0,0,0,0,0,2,2,0,1,0,0,0,0,0,0,0,,,,N,0,0,Y,1,0,0,0,0,0,1,3000,3000,2,0,0,Verified,n/a,419054.23,2715477.9273,24.5511013170055,-81.799263762088
87009269,2017,02-JUL-2017 02:49 PM,02-JUL-2017 12:00 AM,1701584,L,1,2,1,87,Miami-Dade,South Miami,Urban,7/2/2017 2:49:00 PM,7/2/2017 2:50:00 PM,7/2/2017 2:51:00 PM,7/2/2017 3:10:00 PM,Y,Law Enforcement,SW 62ND TER,,,,0,East,58TH PL,,Local,Curb,T-Intersection,N,Daylight,Clear,Dry,N,Other,Pedestrian,On Roadway,N,Non-Junction,None,,,None,,,N,,,,,POLICE OFFICER,South Miami Police Department,Police Department (PD),7/18/2017 2:46:00 PM,7/18/2017 2:46:00 PM,16,Y,Pedestrian,Pedestrian,Injury,Non-Incapacitating Injury,DAY,N,N,N,N,N,N,N,N,N,1,1,0,1,0,0,0,0,0,0,0,1,1,0,1,1,0,0,0,0,0,0,,,,N,0,0,Y,0,0,0,0,0,0,1,500,500,0,0,0,Verified,n/a,571322.9068,2844091.989,25.7129906602006,-80.2890545826781
87017869,2017,19-OCT-2017 03:14 PM,19-OCT-2017 12:00 AM,2017-111742,L,1,2,1,68,Miami-Dade,Miami Beach,Urban,10/19/2017 3:19:00 PM,10/19/2017 3:21:00 PM,10/19/2017 3:26:00 PM,10/19/2017 4:30:00 PM,Y,Law Enforcement,WASHINGTON AVE,,,,,,7TH ST,,Local,Paved,Four-Way Intersection,,Daylight,Clear,Dry,N,Other,Motor Vehicle in Transport,On Roadway,N,Entrance/Exit Ramp,None,,,None,,,N,,,,,Off.,Miami Beach Police Department,Police Department (PD),10/22/2017 2:02:00 PM,10/22/2017 2:02:00 PM,3,Y,Single Vehicle,Other,Injury,Non-Incapacitating Injury,DAY,N,N,N,N,N,N,N,N,N,1,1,0,1,0,0,0,0,0,0,0,1,1,0,1,0,0,0,0,0,0,0,,,,N,0,0,Y,0,0,2,0,2,500,1,5000,5500,0,0,1,Verified,n/a,586864.878,2851285.257,25.7771018606428,-80.1336744066552
87019330,2017,05-APR-2017 10:52 PM,06-APR-2017 12:00 AM,20170006647,L,1,2,6,94,Palm Beach,West Palm Beach,Urban,4/5/2017 10:52:00 PM,4/5/2017 10:53:00 PM,4/5/2017 10:57:00 PM,4/5/2017 12:46:00 AM,Y,Law Enforcement,OKEECHOBEE BLVD,,,,132,East,S AUSTRALIAN AVE,,State,Curb,Not at Intersection,Y,Dark - Lighted,Clear,Dry,N,Front to Rear,Motor Vehicle in Transport,On Roadway,N,Non-Junction,None,,,None,,,N,,,,,OFFICER,West Palm Beach Police Department,Police Department (PD),4/7/2017 6:06:00 PM,4/7/2017 6:06:00 PM,2,Y,Single Vehicle,Other,Serious Injury,Incapacitating Injury,NIGHT,N,N,N,N,N,N,N,N,N,1,1,0,0,1,0,0,0,0,0,0,1,1,0,1,0,0,0,0,0,0,0,,,,N,0,0,Y,1,0,0,0,0,0,1,10000,10000,1,0,0,Verified,n/a,592824.673,2954190.1755,26.7057989548771,-80.0668515913521
87025878,2017,27-APR-2017 05:17 PM,27-APR-2017 12:00 AM,170008328,L,1,2,8,30,Volusia,Daytona Beach,Urban,4/27/2017 5:17:00 AM,4/27/2017 5:21:00 AM,4/27/2017 5:24:00 AM,4/27/2017 7:56:00 AM,Y,Law Enforcement,US92 / INTERNATIONAL SPEEDWAY BLVD.,,,,329,East,LPGA BLVD.,,U.S.,Paved,Not at Intersection,Y,Dark - Not Lighted,Clear,Dry,N,Front to Rear,Motor Vehicle in Transport,On Roadway,N,Non-Junction,None,,,None,,,N,,,,,Ofc.,Daytona Beach Police Department,Police Department (PD),9/3/2017 2:02:00 PM,9/3/2017 2:02:00 PM,129,Y,Single Vehicle,Other,Serious Injury,Incapacitating Injury,DAY,N,N,N,N,N,Y,N,N,N,1,1,0,0,1,0,0,0,0,0,0,1,1,0,1,0,0,0,0,0,0,0,,,,N,0,0,Y,1,0,1,0,0,0,1,2500,2500,1,0,0,Verified,n/a,489214.5133,3224589.6756,29.149820161894,-81.1108942783984
87029652,2017,25-AUG-2017 03:45 PM,25-AUG-2017 12:00 AM,2017-66092,L,2,2,4,54,Pinellas,Pinellas Park,Urban,8/25/2017 3:52:00 PM,8/25/2017 3:55:00 PM,8/25/2017 4:00:00 PM,8/25/2017 4:30:00 PM,Y,Law Enforcement,CR 296 (BRYAN DAIRY RD),,,,0,,75TH ST N,,County,Paved,T-Intersection,,Daylight,Clear,Dry,N,Angle,Motor Vehicle in Transport,On Roadway,N,Intersection-Related,None,,,None,,,N,,,,,OFC.,Pinellas Park Police Department,Police Department (PD),9/14/2017 2:17:00 PM,9/14/2017 2:17:00 PM,20,Y,Right Angle,Angle,Serious Injury,Incapacitating Injury,DAY,N,N,N,N,N,N,Y,N,N,1,1,0,0,1,0,0,0,0,0,0,1,1,0,1,0,0,0,0,0,0,0,,,,N,0,0,Y,1,0,2,0,0,0,2,230,230,1,0,0,Verified,n/a,328480.484,3084258.1732,27.8721399423619,-82.7422534884888
87061939,2017,13-OCT-2017 08:25 AM,13-OCT-2017 12:00 AM,2017022295,L,1,2,48,0,Clay,Unincorporated,Rural,10/13/2017 8:37:00 AM,10/13/2017 8:38:00 AM,10/13/2017 8:52:00 AM,10/13/2017 9:45:00 AM,Y,Law Enforcement,BLANDING BLVD,,,,235,East,POLK AVE,,U.S.,Unpaved,Not at Intersection,N,Daylight,Clear,Dry,N,Front to Rear,Motor Vehicle in Transport,On Roadway,N,Non-Junction,None,,,None,,,N,,,,,DEPUTY,Clay County Sheriff's Office,Sheriff's Office (SO),11/8/2017 2:40:00 PM,11/8/2017 2:40:00 PM,26,Y,Single Vehicle,Other,Injury,Non-Incapacitating Injury,DAY,N,N,N,N,N,N,N,N,N,1,1,0,1,0,0,0,0,1,0,0,1,1,0,1,0,1,0,0,0,0,0,,,,N,0,0,Y,0,0,0,0,0,0,1,10,10,1,0,0,Verified,n/a,425204.1256,3334154.4491,30.1364020174313,-81.7765595289323
87075590,2017,14-DEC-2017 03:10 PM,14-DEC-2017 12:00 AM,1712-000693,L,1,2,10,70,Broward,Plantation,Urban,12/14/2017 3:18:00 PM,12/14/2017 3:24:00 PM,12/14/2017 3:31:00 PM,12/14/2017 5:18:00 PM,Y,Law Enforcement,CYPRESS RD,6731,,,,,,,Private Roadway,Unpaved,Not at Intersection,N,Daylight,Clear,Dry,N,Front to Front,Motor Vehicle in Transport,On Roadway,N,Non-Junction,None,,,Glare,None,,N,,,,,OFC,Plantation Police Department,Police Department (PD),12/21/2017 2:38:00 PM,12/21/2017 2:38:00 PM,7,N,Single Vehicle,Other,No Injury,No Injury,DAY,N,N,N,Y,N,N,N,Y,N,2,0,0,0,0,0,0,0,0,0,0,1,1,0,1,0,0,0,0,0,0,0,,,,N,0,0,Y,0,0,1,0,1,200,0,0,200,0,0,0,Verified,n/a,576151.9185,2889679.4603,26.1243646937759,-80.2382818064936
87076559,2017,17-NOV-2017 02:01 PM,17-NOV-2017 12:00 AM,201700088538,L,2,2,41,40,Nassau,Fernandina Beach,Rural,11/17/2017 2:01:00 PM,11/17/2017 2:26:00 PM,11/17/2017 2:27:00 PM,11/17/2017 5:05:00 PM,Y,Motorist,PARKING LOT 3318 SEA MARSH RD,3318,,,,,,,Parking Lot,Curb,Not at Intersection,,Daylight,Clear,Dry,N,Front to Rear,Parked Motor Vehicle,In Parking Lane or Zone,N,Non-Junction,None,,,None,,,N,,,,,Dep.,Nassau County Sheriff's Office,Sheriff's Office (SO),11/21/2017 2:46:00 PM,11/21/2017 2:46:00 PM,4,Y,Parked Vehicle,Other,Injury,Possible Injury,DAY,N,N,N,N,N,Y,N,Y,N,1,1,1,0,0,0,0,0,0,0,0,1,1,0,1,0,0,0,0,0,0,0,,,,N,0,0,Y,0,0,1,0,0,0,2,2000,2000,0,0,1,Preliminary,Editor Mapped,456539.5713,3381002.4279,30.5606722424124,-81.4531782392843
87078418,2017,15-DEC-2017 04:35 PM,15-DEC-2017 12:00 AM,17-002459,L,1,2,16,60,Sarasota,Venice,Urban,12/15/2017 4:45:00 PM,12/15/2017 4:45:00 PM,12/15/2017 4:53:00 PM,12/15/2017 5:20:00 PM,Y,Law Enforcement,BARCELONA AVE,,27.101029,-82.450093,0,,HARBOR DR N,,Local,Curb,T-Intersection,N,Daylight,Clear,Dry,N,Front to Front,Motor Vehicle in Transport,On Roadway,N,Intersection,None,,,None,,,N,,,,,PATROL,Venice Police Department,Police Department (PD),12/18/2017 1:54:00 PM,12/18/2017 1:54:00 PM,3,Y,Single Vehicle,Other,Injury,Possible Injury,DAY,N,N,N,N,N,N,Y,N,N,0,2,2,0,0,0,0,0,0,0,0,1,1,0,1,1,0,0,0,0,0,0,,,,N,0,0,Y,0,0,1,0,0,0,1,250,250,1,0,0,Verified,n/a,356257.0607,2998451.2801,27.1010049927352,-82.4500063869731
87078915,2017,26-OCT-2017 07:50 PM,26-OCT-2017 12:00 AM,17-03127,L,1,2,22,40,Putnam,Palatka,Urban,10/26/2017 7:54:00 PM,10/26/2017 7:55:00 PM,10/26/2017 8:00:00 PM,10/26/2017 8:25:00 PM,Y,Law Enforcement,MOSELEY AVENUE,,,,104,East,REID STREET,,Local,Curb,T-Intersection,,Dark - Lighted,Clear,Dry,N,Other,Motor Vehicle in Transport,On Roadway,N,Intersection,None,,,None,,,N,,,,,,Palatka Police Department,Police Department (PD),10/28/2017 2:40:00 PM,10/28/2017 2:40:00 PM,2,Y,Single Vehicle,Other,Injury,Non-Incapacitating Injury,NIGHT,N,N,N,N,N,N,Y,N,N,1,1,0,1,0,0,0,0,0,0,0,1,1,0,1,0,0,0,0,0,0,0,,,,N,0,0,Y,0,0,0,0,0,0,0,0,0,1,0,0,Verified,n/a,437135.4956,3280202.3315,29.6502030980349,-81.6495260036129
87085465,2017,04-SEP-2017 06:16 PM,04-SEP-2017 12:00 AM,021709000396,L,1,1,10,32,Broward,Dania Beach,Urban,9/4/2017 6:17:00 PM,9/4/2017 6:18:00 PM,9/4/2017 6:20:00 PM,9/4/2017 6:37:00 PM,N,Law Enforcement,S FEDERAL HWY,1201,,,0,,,,State,Curb,T-Intersection,Y,Daylight,Clear,Dry,N,Angle,Motor Vehicle in Transport,On Roadway,N,Intersection,Other,Other,,Unknown,Unknown,,N,,,,,,Broward County Sheriff's Office,Sheriff's Office (SO),9/6/2017 2:28:00 PM,9/6/2017 2:28:00 PM,2,Y,Single Vehicle,Other,Injury,Non-Incapacitating Injury,DAY,N,N,N,N,N,Y,Y,N,N,0,1,0,1,0,0,0,0,0,0,0,1,1,0,0,0,0,0,0,0,0,0,,,,N,0,0,Y,0,0,0,0,1,100,0,0,100,0,0,0,Verified,n/a,585709.6851,2879984.5128,26.0362945845276,-80.1433246569548
87088333,2017,17-OCT-2017 04:32 PM,17-OCT-2017 12:00 AM,121710001911,L,1,2,10,64,Broward,Oakland Park,Urban,10/17/2017 4:32:00 PM,10/17/2017 4:40:00 PM,10/17/2017 4:55:00 PM,10/17/2017 5:04:00 PM,Y,Law Enforcement,N FEDERAL HWY,3471,,,523,North,,,State,Curb,Not at Intersection,N,Daylight,Clear,Dry,N,Angle,Motor Vehicle in Transport,Off Roadway,N,Non-Junction,None,,,None,,,N,,,,,,Broward County Sheriff's Office,Sheriff's Office (SO),10/19/2017 2:36:00 PM,10/19/2017 2:36:00 PM,2,N,Single Vehicle,Other,No Injury,No Injury,DAY,N,N,N,N,N,N,N,N,N,2,0,0,0,0,0,0,0,0,0,0,1,1,0,1,0,0,0,0,0,0,0,,,,N,0,0,Y,0,0,0,0,0,0,1,1500,1500,0,0,0,Verified,n/a,588011.6429,2894925.4535,26.1710530302451,-80.1193085703589
87111076,2017,05-NOV-2017 11:13 AM,05-NOV-2017 11:40 AM,FHPC17OFF115830,L,1,2,4,52,Pinellas,Oldsmar,Urban,11/5/2017 11:13:00 AM,11/5/2017 11:18:00 AM,11/5/2017 11:30:00 AM,11/5/2017 1:36:00 PM,Y,Law Enforcement,TAMPA ROAD,,28.0600290186703,-82.7092809788883,0,,OFF RAMP CR 611 NORTHBOUND LANES,,State,Curb,Four-Way Intersection,N,Dark - Lighted,Other,Unknown,N,Other,Pedalcycle,On Roadway,Y,Intersection,None,,,None,,,N,,,,,TROOPER,Florida Highway Patrol,Florida Highway Patrol (FHP),11/14/2017 2:30:00 PM,11/14/2017 2:30:00 PM,9,Y,Bicycle,Bicycle,Injury,Possible Injury,DAY,N,N,N,N,N,Y,Y,N,N,1,1,1,0,0,0,0,0,0,0,0,2,2,0,0,0,0,0,0,0,0,0,,,,N,0,0,Y,0,0,0,0,0,0,0,0,0,0,0,0,Verified,n/a,332011.8281,3105024.5978,28.0599703960355,-82.7093470725313
87134056,2017,27-NOV-2017 04:22 AM,27-NOV-2017 04:56 AM,FHPD17OFF119201,L,2,1,7,46,Orange,Orlando,Rural,11/27/2017 4:24:00 AM,11/27/2017 4:28:00 AM,11/27/2017 4:54:00 AM,11/27/2017 6:34:00 AM,Y,Law Enforcement,WHISPER LAKES BOULEVARD,,28.39762,-81.40468,0,,US 441 ORANGE BLOSSOM TRAIL,,U.S.,Unpaved,Not at Intersection,N,Dark - Not Lighted,Clear,Dry,N,Other,Pedalcycle,Unknown,N,Non-Junction,None,,,None,,,N,,,,,TROOPER,Florida Highway Patrol,Florida Highway Patrol (FHP),11/29/2017 3:23:00 PM,11/29/2017 3:23:00 PM,2,Y,Bicycle,Bicycle,Injury,Non-Incapacitating Injury,NIGHT,N,N,N,N,N,N,N,N,N,0,1,0,1,0,0,0,0,0,0,0,1,1,0,0,0,0,0,0,0,0,0,,,,N,0,0,Y,0,0,0,0,1,500,1,500,1000,1,0,0,Verified,n/a,460374.889,3141310.2203,28.3975626210203,-81.4045039885099
87314652,2017,16-SEP-2017 12:38 AM,16-SEP-2017 12:00 AM,PD170916355494,L,1,2,1,0,Miami-Dade,Unincorporated,Rural,9/16/2017 12:38:00 AM,9/16/2017 12:39:00 AM,9/16/2017 12:45:00 AM,9/16/2017 2:10:00 AM,,Law Enforcement,NW 95TH ST,,,,6,North,LITTLE RIVER DR,,State,Curb,Four-Way Intersection,,Dark - Unknown Lighting,Clear,Dry,N,Other,Overturn/Rollover,On Roadway,N,Non-Junction,None,,,None,,,N,,,,,OFC.,Miami-Dade Police Department,Police Department (PD),9/28/2017 2:07:00 PM,9/28/2017 2:07:00 PM,12,Y,Rollover,Rollover,Injury,Non-Incapacitating Injury,NIGHT,N,N,N,N,N,N,N,N,N,1,1,0,1,0,0,0,0,0,0,0,1,1,0,1,0,0,0,0,0,0,0,,,,N,0,0,Y,0,0,2,0,2,100,1,500,600,1,0,0,Verified,n/a,577848.821,2860555.8708,25.8613161205217,-80.2230408283094
87316891,2017,29-OCT-2017 05:28 PM,29-OCT-2017 12:00 AM,PD171029415574,L,1,2,1,36,Miami-Dade,Coconut Grove,Urban,10/29/2017 5:28:00 PM,10/29/2017 5:29:00 PM,10/29/2017 5:34:00 PM,10/29/2017 6:30:00 PM,Y,Law Enforcement,EASTER RD,9451,,,561,South,,,Local,Paved,Not at Intersection,,Daylight,Clear,Dry,N,Other,Pedestrian,On Roadway,N,Non-Junction,None,,,None,,,N,,,,,OFC.,Miami-Dade Police Department,Police Department (PD),11/3/2017 2:51:00 PM,11/3/2017 2:51:00 PM,5,Y,Pedestrian,Pedestrian,Injury,Non-Incapacitating Injury,DAY,N,N,N,N,N,N,N,N,N,1,1,0,1,0,0,0,0,0,0,0,1,1,0,1,0,0,0,0,0,0,0,,,,N,0,0,Y,0,0,0,0,0,0,1,500,500,1,0,0,Verified,n/a,565796.1595,2829950.0883,25.5855517634004,-80.3448398398616
87343624,2017,13-OCT-2017 06:03 PM,13-OCT-2017 12:00 AM,17-20701,L,1,2,5,52,Polk,Lakeland,Urban,10/13/2017 6:03:00 PM,10/13/2017 6:11:00 PM,10/13/2017 6:17:00 PM,10/13/2017 6:37:00 PM,Y,Law Enforcement,DAVIS AVE N,1200,,,,,,,Private Roadway,Unpaved,Not at Intersection,N,Daylight,Cloudy,Dry,N,,Pedestrian,Off Roadway,N,Non-Junction,None,,,None,,,N,,,,,OFC.,Lakeland Police Department,Police Department (PD),10/16/2017 1:54:00 PM,10/16/2017 1:54:00 PM,3,Y,Pedestrian,Pedestrian,Injury,Possible Injury,DAY,N,N,N,N,N,N,N,N,N,1,1,1,0,0,0,0,0,0,0,0,1,1,0,1,1,0,0,0,0,0,0,,,,N,0,0,Y,0,0,0,0,1,20,0,0,20,1,0,0,Preliminary,Editor Mapped,403435.3178,3104095.7126,28.0587117029118,-81.9826277501373
87368419,2017,12-OCT-2017 07:31 AM,12-OCT-2017 12:00 AM,17-010771,L,1,4,19,46,Brevard,Palm Bay,Urban,10/12/2017 7:31:00 AM,10/12/2017 7:32:00 AM,10/12/2017 7:35:00 AM,10/12/2017 8:12:00 AM,Y,Law Enforcement,WHITEHALL AVE SW,,,,0,,JUPITER BLVD SW,,Local,Unpaved,Four-Way Intersection,N,Daylight,Clear,Dry,N,Other,Motor Vehicle in Transport,On Roadway,N,Intersection,None,,,None,,,N,,,,,OFFICER,Palm Bay Police Department,Police Department (PD),10/13/2017 2:29:00 PM,10/13/2017 2:29:00 PM,1,Y,Single Vehicle,Other,Injury,Non-Incapacitating Injury,DAY,N,N,N,Y,N,N,Y,N,N,3,1,0,1,0,0,0,0,0,0,0,3,3,0,1,0,0,0,0,0,0,0,,,,N,0,0,Y,0,0,1,0,0,0,1,200,200,0,0,0,Verified,n/a,531260.9896,3095846.3927,27.9873917718857,-80.6820945926824
87386702,2017,15-JUL-2017 10:02 PM,15-JUL-2017 12:00 AM,20170013656,L,1,2,6,94,Palm Beach,West Palm Beach,Urban,7/15/2017 10:02:00 PM,7/15/2017 10:09:00 PM,7/15/2017 10:14:00 PM,7/15/2017 1:20:00 AM,Y,Law Enforcement,DOUGLASS AVE,,,,75,North,8TH,,Local,Curb,Not at Intersection,Y,Dark - Lighted,Clear,Dry,N,Front to Front,Motor Vehicle in Transport,On Roadway,N,Non-Junction,None,,,None,,,N,,,,,MASTER POLICE OFFICER,West Palm Beach Police Department,Police Department (PD),7/17/2017 2:34:00 PM,7/17/2017 2:34:00 PM,2,Y,Single Vehicle,Other,Serious Injury,Incapacitating Injury,NIGHT,N,N,N,Y,N,N,N,Y,N,0,2,0,0,2,0,0,0,0,0,0,1,1,0,1,0,0,0,0,0,0,0,,,,N,0,0,Y,1,0,3,0,1,300,1,200,500,2,0,0,Verified,n/a,593437.3922,2955880.2768,26.7210161309382,-80.0605674825304
87392105,2017,06-SEP-2017 03:55 PM,06-SEP-2017 12:00 AM,17054666,L,1,2,10,34,Broward,Davie,Urban,9/6/2017 3:58:00 PM,9/6/2017 4:01:00 PM,9/6/2017 4:13:00 PM,9/6/2017 4:13:00 PM,Y,Law Enforcement,S UNIVERSITY DR,5540,,,,,,,Parking Lot,Curb,Not at Intersection,N,Daylight,Cloudy,Dry,N,Front to Rear,Other Non-Fixed Object,In Parking Lane or Zone,N,Non-Junction,None,,,None,,,N,,,,,COMMUNITY SERVICE AIDE,Davie Police Department,Police Department (PD),10/25/2017 2:59:00 PM,,49,Y,Single Vehicle,Other,Injury,Possible Injury,DAY,N,N,N,N,N,N,N,N,N,1,1,1,0,0,0,0,0,0,0,0,1,1,0,1,0,0,0,0,0,0,0,0,0,0,N,0,0,Y,0,0,0,0,1,95,1,1000,1095,0,0,0,Unmapped,Unmapped,,,,
