REPORT_NUMBER,CRASH_YEAR,VEHICLE_NUMBER,PERSON_NUMBER,RECOMMENDED_RE_EXAM,DL_STATE,DL_TYPE,DRIVER_DISTRACTION_CODE,CONDITION_AT_TIME_OF_CRASH,REQUIRED_ENDORSEMENTS,VISION_OBSTRUCTED,INSURANCE_COMPANY,CITY,STATE,ZIP_CODE,SEX,HELMET_CODE,RESTRAINT_SYSTEM_CODE,EYE_PROTECTION_CODE,AIR_BAG_DEPLOYMENT_CODE,EJECTED,SUSPECTED_ALCOHOL_USE_CODE,ALCOHOL_TESTED_CODE,ALCOHOL_TEST_TYPE_CODE,ALCOHOL_TEST_RESULTS,BLOOD_ALCOHOL_CONTENT,SUSPECTED_DRUG_USE_CODE,DRUG_TESTED_CODE,DRUG_TEST_TYPE_CODE,DRUG_TEST_RESULTS,INJURY_SEVERITY,EMS_TRANSPORT_TYPE,DRIVER_ACTION_1,DRIVER_ACTION_2,DRIVER_ACTION_3,DRIVER_ACTION_4,S4_AGE_AT_TIME_OF_CRASH,S4_IS_AGGRESSIVE_DRIVING,S4_IS_ALCOHOL_RELATED,S4_IS_DRUG_RELATED,S4_IS_DISTRACTED,S4_IS_SPEEDING_RELATED,S4_IS_AGING_DRIVER,S4_IS_TEENAGER_DRIVER,S4_IS_UNRESTRAINED
86706434,2016,1,1,,OT,None,Unknown,Unknown,No,Vision Not Obscured,UNKNOWN,UNKNOWN,OT,,Unknown,No Helmet,Shoulder and Lap Belt Used,N,Not Applicable,Not Ejected,N,,,,,N,,,,Non-Incapacitating,Not Transported,Operated MV in Careless or Negligent Manner,,,,,N,N,N,,N,N,N,N
86711107,2016,1,1,,FL,E/Operator,Not Distracted,Apparently Normal,No Required Endorsements,Vision Not Obscured,INFINITY INSURANCE,MIAMI,FL,33127,Female,No Helmet,Shoulder and Lap Belt Used,,Not Deployed,Not Ejected,N,,,,,N,,,,None,Not Transported,No Contributing Action,,,,57,N,N,N,N,N,N,N,N
86717258,2016,1,1,N,FL,E/Operator,Not Distracted,Apparently Normal,No Required Endorsements,Vision Not Obscured,NONE,MIAMI,FL,33161,Male,No Helmet,Shoulder and Lap Belt Used,,Not Deployed,Not Ejected,N,Test Not Given,,,,N,Test Not Given,,,None,,Failed to Yield Right-of-Way,,,,67,N,N,N,N,N,Y,N,N
86717258,2016,2,2,N,FL,E/Operator,Not Distracted,Apparently Normal,No Required Endorsements,Vision Not Obscured,UNITED AUTOMOBILE INSURANCE COMPANY,MIAMI,FL,33150,Male,No Helmet,Shoulder and Lap Belt Used,,Not Deployed,Not Ejected,N,Test Not Given,,,,N,Test Not Given,,,None,,No Contributing Action,,,,38,N,N,N,N,N,N,N,N
86717258,2016,3,3,N,FL,E/Operator,Not Distracted,Apparently Normal,No Required Endorsements,Vision Not Obscured,SELF INSURED,NORTH MIAMI,FL,33168,Male,No Helmet,Shoulder and Lap Belt Used,,Not Deployed,Not Ejected,N,Test Not Given,,,,N,Test Not Given,,,None,,No Contributing Action,,,,31,N,N,N,N,N,N,N,N
87433887,2017,1,1,N,FL,E/Operator,Not Distracted,Apparently Normal,No Required Endorsements,Vision Not Obscured,STATE FARM,WEST PALM BEACH,FL,334060000,Male,,Shoulder and Lap Belt Used,,Not Applicable,Not Ejected,N,,,,,N,,,,None,Not Transported,No Contributing Action,,,,56,N,N,N,N,N,N,N,N
86764639,2016,1,1,,FL,E/Operator,Not Distracted,Apparently Normal,No Required Endorsements,Vision Not Obscured,GEICO,DAYTONA BEACH,FL,32114,Female,,Shoulder and Lap Belt Used,,Not Deployed,Not Ejected,N,,,,,N,,,,None,Not Transported,No Contributing Action,,,,63,N,N,N,N,N,N,N,N
86769903,2016,1,1,N,FL,E/Operator,Not Distracted,Apparently Normal,,Vision Not Obscured,SAFECO INSURANCE COMPANY OF ILLINOI,ST JAMES CITY,FL,33956,Male,,Not Applicable (non-motorist),,Not Deployed,Not Ejected,N,,,,,N,,,,Possible,Not Transported,No Contributing Action,,,,16,N,N,N,N,N,N,Y,N
86807687,2016,1,2,N,RI,E/Operator,Not Distracted,Apparently Normal,No Required Endorsements,Vision Not Obscured,ALLSTATE,CRANTSON,RI,02918,Female,,Shoulder Belt Only Used,,Not Deployed,Not Ejected,N,Test Not Given,,,,N,Test Not Given,,,None,Not Transported,No Contributing Action,,,,42,N,N,N,N,N,N,N,N
86862159,2016,1,1,N,FL,E/Operator,Not Distracted,Apparently Normal,No Required Endorsements,Vision Not Obscured,PROGRESSIVE SELECT INSU,MIAMI,FL,33150,Female,,Shoulder and Lap Belt Used,,Not Applicable,Not Ejected,N,,,,,N,,,,None,Not Transported,No Contributing Action,,,,36,N,N,N,N,N,N,N,N
81462311,2017,1,1,N,FL,E/Operator,Not Distracted,Apparently Normal,No Required Endorsements,Vision Not Obscured,SELF INSURED,WEST PALM BEACH,FL,33406,Male,No Helmet,Shoulder and Lap Belt Used,,Not Deployed,Not Ejected,N,,,,,N,,,,None,Not Transported,No Contributing Action,,,,,N,N,N,N,N,N,N,N
81467207,2017,1,1,N,FL,E/Operator,Not Distracted,Apparently Normal,No Required Endorsements,Vision Not Obscured,HARTFORD INSURANCE COMPANY OF THE SOU,BOYNTON BEACH,FL,33436,Female,No Helmet,Shoulder and Lap Belt Used,,Not Deployed,Not Ejected,N,,,,,N,,,,None,Not Transported,Other Contributing Action,,,,57,N,N,N,N,N,N,N,N
81469087,2017,1,1,N,FL,E/Operator,Not Distracted,Apparently Normal,No Required Endorsements,Vision Not Obscured,OCEAN HARBOR CASUALTY INSURANCE COMPA,GREENACRES,FL,33463,Male,No Helmet,Shoulder and Lap Belt Used,,Not Deployed,Not Ejected,N,,,,,N,,,,None,Not Transported,Operated MV in Careless or Negligent Manner,,,,29,N,N,N,N,N,N,N,N
81469177,2017,1,1,N,FL,E/Operator,Not Distracted,Apparently Normal,No,Vision Not Obscured,PROGRESSIVE AMERICAN INSURANCE COMPAN,LAKE WORTH,FL,33460,Male,No Helmet,Shoulder and Lap Belt Used,,Not Deployed,Not Ejected,N,,,,,N,,,,None,Not Transported,Failed to Yield Right-of-Way,,,,38,N,N,N,N,N,N,N,N
81469386,2017,1,1,N,FL,E/Operator,Not Distracted,Apparently Normal,No Required Endorsements,Vision Not Obscured,STATE FARM,BOCA RATON,FL,33434,Female,No Helmet,Shoulder and Lap Belt Used,,Not Deployed,Not Ejected,N,,,,,N,,,,None,Not Transported,Other Contributing Action,,,,58,N,N,N,N,N,N,N,N
81481042,2017,1,1,N,,,,,,,,,,,,,,,,,,,,,,,,,,,,,,,,,N,N,N,,N,N,N,N
81898408,2017,1,1,,FL,E/Operator,Not Distracted,Apparently Normal,No,Vision Not Obscured,SELF INSURED,ORLANDO,FL,32801,Male,No Helmet,Shoulder and Lap Belt Used,,Not Deployed,Not Ejected,N,,,,,N,,,,None,Not Transported,No Contributing Action,,,,39,N,N,N,N,N,N,N,N
84619248,2017,1,1,N,FL,E/Operator,Not Distracted,Apparently Normal,No Required Endorsements,Vision Not Obscured,USAA CASUALTY INSURANCE,BROOKSVILE,FL,34601,Male,,Shoulder and Lap Belt Used,,Not Deployed,Not Ejected,N,,,,,N,,,,None,Not Transported,Improper Turn,,,,42,N,N,N,N,N,N,N,N
85325779,2017,1,1,N,FL,E/Operator,Not Distracted,Apparently Normal,No Required Endorsements,Vision Not Obscured,GEICO GENERAL INSURANCE CO,OVIEDO,FL,32765,Male,,Shoulder and Lap Belt Used,,Not Deployed,Not Ejected,N,Test Not Given,,,,N,Test Not Given,,,None,Not Transported,Failed to Yield Right-of-Way,,,,31,N,N,N,N,N,N,N,N
85383819,2017,1,2,N,FL,E/Operator,Not Distracted,Apparently Normal,No Required Endorsements,Vision Not Obscured,NONE,NORTH MIAMI BEACH,FL,33179,Male,,Shoulder and Lap Belt Used,,Not Deployed,Not Ejected,N,Test Not Given,,,,N,Test Not Given,,,None,Not Transported,No Contributing Action,,,,29,N,N,N,N,N,N,N,N
85447536,2017,1,1,N,NY,E/Operator,Not Distracted,Apparently Normal,No Required Endorsements,Vision Not Obscured,SELF,PINE BUSH,NY,12566,Female,,Shoulder and Lap Belt Used,,Not Deployed,Not Ejected,N,Test Not Given,,,,N,Test Not Given,,,None,Not Transported,No Contributing Action,,,,36,N,N,N,N,N,N,N,N
85457340,2017,1,1,N,FL,E/Operator,Not Distracted,Apparently Normal,No Required Endorsements,Vision Not Obscured,GEICO GENERAL INS CO,SARASOTA,FL,34233-0000,Female,,Shoulder and Lap Belt Used,,Not Deployed,Not Ejected,N,Test Not Given,,,,N,Test Not Given,,,None,Not Transported,Failed to Yield Right-of-Way,,,,65,N,N,N,N,N,Y,N,N
85462119,2017,1,1,N,FL,E/Operator,Not Distracted,Apparently Normal,No Required Endorsements,Vision Not Obscured,NATIONAL GENERAL INS ONLINE CO,OCALA,FL,34470-1267,Female,,Shoulder and Lap Belt Used,,Not Deployed,Not Ejected,N,Test Not Given,,,,N,Test Not Given,,,None,Not Transported,No Contributing Action,,,,54,N,N,N,N,N,N,N,N
85472090,2017,1,1,N,,None,Not Distracted,Apparently Normal,,Vision Not Obscured,PEAK PROPERTY AND CASUALTY INSURANCE CO,GAINESVILLE,FL,32608,Female,,Shoulder and Lap Belt Used,,Not Deployed,Not Ejected,N,Test Not Given,,,,N,Test Not Given,,,None,Not Transported,No Contributing Action,,,,31,N,N,N,N,N,N,N,N
85488377,2017,1,1,N,FL,E/Operator,Not Distracted,Apparently Normal,No Required Endorsements,Vision Not Obscured,METROPOLITAN INS CO,ODESSA,FL,33556,Female,,Shoulder and Lap Belt Used,,Not Deployed,Not Ejected,N,Test Not Given,,,,N,Test Not Given,,,None,Not Transported,No Contributing Action,,,,71,N,N,N,N,N,Y,N,N
85493291,2017,1,1,N,FL,E/Operator,Not Distracted,Apparently Normal,No Required Endorsements,Vision Not Obscured,INFINITY INDEMNITY,ORLANDO,FL,32805,Male,,Shoulder and Lap Belt Used,,Not Deployed,Not Ejected,N,Test Not Given,,,,N,Test Not Given,,,None,Not Transported,No Contributing Action,,,,37,N,N,N,N,N,N,N,N
85494526,2017,1,1,N,FL,E/Operator,Not Distracted,Apparently Normal,No Required Endorsements,Vision Not Obscured,ALLSTATE INS CO,ENGLEWOOD,FL,34223-3413,Female,,None Used - Motor Vehicle Occupant,,Not Deployed,Not Ejected,N,Test Not Given,,,,N,Test Not Given,,,None,Not Transported,Swerved or Avoided,,,,62,N,N,N,N,N,N,N,Y
85494831,2017,1,2,N,FL,E/Operator,Not Distracted,Apparently Normal,No Required Endorsements,Vision Not Obscured,INFINITY,SPRING HILL,FL,34610,Female,,Shoulder Belt Only Used,,Not Deployed,Not Ejected,N,Test Not Given,,,,N,Test Not Given,,,None,Not Transported,No Contributing Action,,,,48,N,N,N,N,N,N,N,N
85504990,2017,1,1,N,FL,E/Operator,Not Distracted,Apparently Normal,No Required Endorsements,Vision Not Obscured,GEICO,MIMS,FL,32754,Male,,Shoulder and Lap Belt Used,,Not Deployed,Not Ejected,N,Test Not Given,,,,N,Test Not Given,,,None,Not Transported,Failed to Yield Right-of-Way,,,,25,N,N,N,N,N,N,N,N
85554855,2017,1,1,N,FL,E/Operator,Not Distracted,Apparently Normal,No Required Endorsements,All Other,PROGRESSIVE SELECT,NAPLES,FL,34109,Female,,Shoulder and Lap Belt Used,,Not Deployed,Not Ejected,N,Test Not Given,,,,N,Test Not Given,,,None,Not Transported,Improper Backing,,,,50,N,N,N,N,N,N,N,N
85572318,2017,1,1,N,FL,E/Operator,Not Distracted,Apparently Normal,No Required Endorsements,Vision Not Obscured,SECURITY NATIONAL INSURANCE CO.,HAINES CITY,FL,33844,Male,,Shoulder and Lap Belt Used,,Not Deployed,Not Ejected,N,Test Not Given,,,,N,Test Not Given,,,None,Not Transported,No Contributing Action,,,,54,N,N,N,N,N,N,N,N
85584825,2017,1,1,N,FL,E/Operator,Not Distracted,Apparently Normal,No Required Endorsements,Vision Not Obscured,GEICO INSURANCE COMPANY,ORLANDO,FL,32805,Male,,Shoulder and Lap Belt Used,,Not Deployed,Not Ejected,N,Test Not Given,,,,N,Test Not Given,,,None,Not Transported,No Contributing Action,,,,25,N,N,N,N,N,N,N,N
85598124,2017,1,1,N,FL,E/Operator,Not Distracted,Apparently Normal,No Required Endorsements,Vision Not Obscured,GEICO,MERRITT IS,FL,32953,Female,,Shoulder and Lap Belt Used,,Not Deployed,Not Ejected,N,Test Not Given,,,,N,Test Not Given,,,None,Not Transported,Failed to Yield Right-of-Way,,,,50,N,N,N,N,N,N,N,N
85605676,2017,1,1,N,FL,E/Operator,Not Distracted,Apparently Normal,No Required Endorsements,Vision Not Obscured,GEICO INSURANCE COMPANY,CLEARWATER,FL,33764,Male,,Shoulder and Lap Belt Used,,Not Deployed,Not Ejected,N,Test Not Given,,,,N,Test Not Given,,,None,Not Transported,No Contributing Action,,,,70,N,N,N,N,N,Y,N,N
85609574,2017,1,1,N,FL,A,Not Distracted,Apparently Normal,Yes,Vision Not Obscured,PROTECTIVE INSURANCE COMPAY,JACKSONVILLE,FL,32210,Male,,Shoulder and Lap Belt Used,,Not Applicable,Not Ejected,N,Test Given,Blood,Completed,0,N,Test Given,Blood,Negative,None,Not Transported,No Contributing Action,,,,49,N,N,N,N,N,N,N,N
85701773,2017,1,1,N,FL,E/Operator,Not Distracted,Apparently Normal,No Required Endorsements,Vision Not Obscured,GEICO,CRYSTAL RIVER,FL,34428,Female,,Shoulder and Lap Belt Used,,Not Deployed,Not Ejected,N,,,,,N,,,,None,Not Transported,No Contributing Action,,,,26,N,N,N,N,N,N,N,N
86159202,2017,1,1,N,FL,E/Operator,Not Distracted,Apparently Normal,No Required Endorsements,Vision Not Obscured,DEPOSITORS INSURANCE CO,TEMPLE TERRACE,FL,33637,Male,,Shoulder and Lap Belt Used,,Not Deployed,Not Ejected,N,,,,,N,,,,None,Not Transported,No Contributing Action,,,,54,N,N,N,N,N,N,N,N
86287755,2017,1,2,,FL,E/Operator,Not Distracted,Apparently Normal,No,Vision Not Obscured,STATE FARM MUTUAL AUTOMOBILE INSURANCE C,MIAMI BEACH,FL,33141,Female,No Helmet,Shoulder and Lap Belt Used,N,Not Deployed,Not Ejected,N,,,,,N,,,,None,Not Transported,No Contributing Action,,,,50,N,N,N,N,N,N,N,N
86396341,2017,1,1,,FL,E/Operator,Not Distracted,Apparently Normal,No Required Endorsements,Vision Not Obscured,ALLSTATE FIRE AND CASUALTY INSURANCE COM,PONCE INLET,FL,32127,Female,,Shoulder and Lap Belt Used,,Not Deployed,Not Ejected,N,,,,,N,,,,None,Not Transported,Failed to Yield Right-of-Way,,,,56,N,N,N,N,N,N,N,N
86576467,2017,1,1,,FL,E/Operator - Restricted,Not Distracted,Apparently Normal,No Required Endorsements,Vision Not Obscured,PROGRESSIVE AMERICAN INSURANCE COMPANY,HOLLY HILL,FL,32125,Male,No Helmet,Shoulder and Lap Belt Used,N,Not Deployed,Not Ejected,N,,,,,N,,,,None,Not Transported,No Contributing Action,,,,60,N,N,N,N,N,N,N,N
86633996,2017,1,1,,FL,E/Operator,Not Distracted,Apparently Normal,,Vision Not Obscured,GEICO GENERAL INSURANCE,WINTER HAVEN,FL,33884,Male,,Shoulder and Lap Belt Used,,,,,,,,,,,,,,,No Contributing Action,,,,41,N,N,N,N,N,N,N,N
86667173,2017,1,2,N,FL,E/Operator,Not Distracted,Apparently Normal,,Vision Not Obscured,STATE FARM MUTUAL AUTOMOBILE INSURA,PORT SAINT LUCIE,FL,34953,Female,,Shoulder and Lap Belt Used,,Not Deployed,Not Ejected,N,,,,,N,,,,None,Not Transported,No Contributing Action,,,,43,N,N,N,N,N,N,N,N
86679013,2017,1,1,N,FL,E/Operator,Not Distracted,Apparently Normal,,Trees/Crops/Bushes,PROGRESSIVE,LAUDERDALE LAKES,FL,33311,Female,No Helmet,Shoulder and Lap Belt Used,,Not Applicable,Not Ejected,N,,,,,N,,,,None,Not Transported,No Contributing Action,,,,26,N,N,N,N,N,N,N,N
86686952,2017,1,1,N,WA,E/Operator,Not Distracted,Apparently Normal,,Inclement Weather,GEICO GENERAL INSURANCE COMPANY,DELRAY BEACH,FL,33484,Male,No Helmet,Shoulder and Lap Belt Used,,Not Deployed,Not Ejected,N,,,,,N,,,,None,Not Transported,No Contributing Action,,,,67,N,N,N,N,N,Y,N,N
86749804,2017,1,1,N,FL,E/Operator,Not Distracted,Apparently Normal,,Vision Not Obscured,STATE FARM,FORT LAUDERDALE,FL,33311,Male,,Shoulder and Lap Belt Used,,Not Deployed,Not Ejected,N,,,,,N,,,,None,Not Transported,Other Contributing Action,,,,86,N,N,N,N,N,Y,N,N
86753761,2017,1,1,N,FL,E/Operator - Restricted,Not Distracted,Apparently Normal,,Trees/Crops/Bushes,TRAVELERS PROPERTY CASUALTY CO OF A,BELLEAIR,FL,33756,Male,No Helmet,Shoulder and Lap Belt Used,,Not Deployed,Not Ejected,N,,,,,N,,,,None,Not Transported,No Contributing Action,,,,58,N,N,N,N,N,N,N,N
86759956,2017,1,1,N,FL,E/Operator,Not Distracted,Apparently Normal,No Required Endorsements,Vision Not Obscured,STANDARD FIRE INSURANCE CO,SEMINOLE,FL,33776,Female,,Shoulder and Lap Belt Used,,Not Applicable,Not Ejected,N,,,,,N,,,,None,Not Transported,Operated MV in Careless or Negligent Manner,,,,61,N,N,N,N,N,N,N,N
86765276,2017,1,1,,FL,E/Operator,Not Distracted,Apparently Normal,No Required Endorsements,Vision Not Obscured,WINDHAVEN INSURANCE COMPANY,HOLLY HILL,FL,32117,Female,No Helmet,Shoulder and Lap Belt Used,,Not Applicable,Not Ejected,N,,,,,N,,,,None,Not Transported,No Contributing Action,,,,22,N,N,N,N,N,N,N,N
86771693,2017,1,1,N,FL,E/Operator,Not Distracted,Apparently Normal,,Vision Not Obscured,METROPOLITAN CASUALTY INSURANCE COM,CAPE CORAL,FL,33991,Female,,Shoulder and Lap Belt Used,,Not Applicable,Not Ejected,N,,,,,N,,,,None,Not Transported,Failed to Yield Right-of-Way,,,,49,N,N,N,N,N,N,N,N
86779134,2017,1,1,N,FL,E/Operator,Not Distracted,Apparently Normal,,Vision Not Obscured,CITY OF HOLLYWOOD,HOLLYWOOD,FL,33019,Male,,Not Applicable (non-motorist),,Not Applicable,Not Ejected,N,,,,,N,,,,None,Not Transported,Other Contributing Action,,,,52,N,N,N,N,N,N,N,N
86781923,2017,1,1,N,GA,E/Operator,Not Distracted,Apparently Normal,,Vision Not Obscured,ALLSTATE INSURANCE COMPANY,VALDOSTA,GA,31602,Female,,Shoulder and Lap Belt Used,,Not Deployed,Not Ejected,N,,,,,N,,,,None,Not Transported,Failed to Yield Right-of-Way,,,,35,N,N,N,N,N,N,N,N
86802552,2017,1,1,N,FL,E/Operator,Not Distracted,Apparently Normal,No Required Endorsements,Vision Not Obscured,GEICO INDEMNITY COMPANY,OCALA,FL,34470 N,Female,No Helmet,Shoulder and Lap Belt Used,,Not Deployed,Not Ejected,N,,,,,N,,,,None,Not Transported,No Contributing Action,,,,72,N,N,N,N,N,Y,N,N
86802971,2017,1,1,N,,,,Unknown,,,UK,UK,,UK,Unknown,No Helmet,,,Deployment Unknown,Not Ejected,,,,,,,,,,,,Operated MV in Careless or Negligent Manner,Failed to Yield Right-of-Way,,,,N,N,N,,N,N,N,N
86808040,2017,2,3,N,FL,E/Operator,Not Distracted,Apparently Normal,No,Vision Not Obscured,GEICO,KISSIMMEE,FL,34743,Female,,Shoulder and Lap Belt Used,,Not Deployed,Not Ejected,N,Test Not Given,,,,N,Test Not Given,,,None,,No Contributing Action,,,,32,N,N,N,N,N,N,N,N
86813576,2017,1,1,,FL,E/Operator,Not Distracted,Apparently Normal,No,Vision Not Obscured,"MGA INSURANCE COMPANY, INC.",RIVIERA BEACH,FL,33404,Male,No Helmet,Shoulder and Lap Belt Used,,Not Applicable,Not Ejected,N,,,,,N,,,,None,Not Transported,Operated MV in Careless or Negligent Manner,,,,25,N,N,N,N,N,N,N,N
86816250,2017,1,1,,,,Unknown,Unknown,,,,,,,,,,,,Unknown,,,,,,,,,,,Not Transported,,,,,,N,N,N,,N,N,N,N
86821512,2017,1,1,,FL,E/Operator,Not Distracted,Apparently Normal,,Vision Not Obscured,TRACEY HARLOFF,BRADENTON,FL,34205,Female,,Shoulder and Lap Belt Used,,,,,,,,,,,,,,,No Contributing Action,,,,54,N,N,N,N,N,N,N,N
86844071,2017,1,1,N,FL,E/Operator,Unknown,Apparently Normal,No Required Endorsements,Vision Not Obscured,GEICO INDEMNITY COMPANY,PLANT CITY,FL,33563,Female,,Shoulder and Lap Belt Used,,Not Deployed,Not Ejected,N,,,,,N,,,,None,Not Transported,No Contributing Action,,,,31,N,N,N,,N,N,N,N
86865558,2017,1,1,N,FL,E/Operator,Unknown,Unknown,No Required Endorsements,Vision Not Obscured,GEICO,MIAMI GARDENS,FL,33055,Female,,Shoulder and Lap Belt Used,,Not Deployed,Not Ejected,,,,,,,,,,None,Not Transported,Operated MV in Careless or Negligent Manner,,,,46,N,N,N,,N,N,N,N
86869420,2017,1,1,N,FL,E/Operator,Not Distracted,Apparently Normal,No Required Endorsements,Vision Not Obscured,PROGRESSIVE AMERICAN IN,MIAMI,FL,33127,Female,,Shoulder and Lap Belt Used,,Not Applicable,Not Ejected,N,,,,,N,,,,None,Not Transported,Improper Turn,,,,76,N,N,N,N,N,Y,N,N
86871849,2017,1,1,N,FL,E/Operator,Not Distracted,Apparently Normal,No Required Endorsements,Vision Not Obscured,PROGRESSIVE SELECT INSU,MIAMI,FL,33168,Female,,Shoulder and Lap Belt Used,,Not Deployed,Not Ejected,N,,,,,N,,,,None,Not Transported,No Contributing Action,,,,21,N,N,N,N,N,N,N,N
86886883,2017,1,1,,FL,E/Operator,Not Distracted,Apparently Normal,Yes,Vision Not Obscured,PROGRESSIVE AMERICAN INSURANCE COMPANY,MIAMI,FL,33176,Male,,Shoulder Belt Only Used,,Not Deployed,Not Ejected,N,,,,,N,,,,None,Not Transported,No Contributing Action,,,,57,N,N,N,N,N,N,N,N
86888692,2017,1,1,,GA,E/Operator,Not Distracted,Apparently Normal,No Required Endorsements,Vision Not Obscured,GEICO,CUMMING,GA,30040,Male,No Helmet,Shoulder and Lap Belt Used,,Not Applicable,Not Ejected,N,,,,,N,,,,None,Not Transported,Improper Backing,,,,49,N,N,N,N,N,N,N,N
86899448,2017,1,1,,FL,E/Operator,Unknown,Apparently Normal,No Required Endorsements,Vision Not Obscured,PROGRESSIVE AMERICAN INS,MIAMI,FL,33161,Male,No Helmet,Shoulder Belt Only Used,,Not Deployed,Not Ejected,N,,,,,N,,,,None,Not Transported,Operated MV in Careless or Negligent Manner,,,,54,N,N,N,,N,N,N,N
86907055,2017,1,1,,OT,None,Unknown,Unknown,No,All Other,,UNK,OT,UNK,Unknown,,Not Applicable (non-motorist),,Not Applicable,Not Applicable,,,,,,,,,,None,Not Transported,No Contributing Action,,,,,N,N,N,,N,N,N,N
86916787,2017,2,1,N,FL,E/Operator,Not Distracted,Apparently Normal,,Vision Not Obscured,PROGRESSIVE AMERICAN INSURANCE COMPANY,BROOKSVILLE,FL,34601,Female,,Shoulder and Lap Belt Used,,Not Deployed,Not Ejected,N,Test Not Given,,,,N,Test Not Given,,,None,Not Transported,No Contributing Action,,,,28,N,N,N,N,N,N,N,N
86919822,2017,1,3,N,FL,E/Operator,Not Distracted,Apparently Normal,,Vision Not Obscured,INFINITY,RUSKIN,FL,33570-3512,Male,,Shoulder and Lap Belt Used,,Not Deployed,Not Ejected,N,Test Given,Blood,Completed,0,N,Test Given,Blood,Positive,None,Not Transported,No Contributing Action,,,,39,N,N,Y,N,N,N,N,N
86920724,2017,1,1,N,FL,E/Operator,Not Distracted,Apparently Normal,,Vision Not Obscured,GEICO,GIBSONTON,FL,33534,Female,,Shoulder and Lap Belt Used,,Not Deployed,Not Ejected,N,Test Not Given,,,,N,Test Not Given,,,None,Not Transported,Failed to Yield Right-of-Way,,,,30,N,N,N,N,N,N,N,N
86926697,2017,1,1,N,FL,E/Operator,Not Distracted,Apparently Normal,No Required Endorsements,Vision Not Obscured,LM GEBERAL INS,STUART,FL,34997,Female,,Shoulder and Lap Belt Used,,Not Deployed,Not Ejected,N,,,,,N,,,,None,Not Transported,No Contributing Action,,,,68,N,N,N,N,N,Y,N,N
86939836,2017,1,1,,FL,A,Not Distracted,Apparently Normal,Yes,Vision Not Obscured,PROGRESSIVE,HAINES CITY,FL,33844,Male,No Helmet,Shoulder and Lap Belt Used,,Not Deployed,Not Ejected,N,,,,,N,,,,None,Not Transported,No Contributing Action,,,,53,N,N,N,N,N,N,N,N
86940535,2017,1,1,N,FL,E/Operator,Not Distracted,Apparently Normal,,Parked/Stopped Vehicle,GEICO,MASCOTTE,FL,34753,Female,,Shoulder and Lap Belt Used,,Not Deployed,Not Ejected,N,Test Not Given,,,,N,Test Not Given,,,None,Not Transported,No Contributing Action,,,,39,N,N,N,N,N,N,N,N
86942111,2017,1,1,N,FL,E/Operator,Not Distracted,Apparently Normal,No Required Endorsements,Vision Not Obscured,PROGRESSIVE AMERICAN INSURANCE COMPANY,TITUSVILLE,FL,32796,Female,,Shoulder and Lap Belt Used,,Not Applicable,Not Ejected,N,,,,,N,,,,None,Not Transported,No Contributing Action,,,,55,N,N,N,N,N,N,N,N
86946130,2017,1,1,N,FL,E/Operator,Not Distracted,Apparently Normal,,Vision Not Obscured,UNKNOWN,HOLLYWOOD,FL,33020,Male,,Shoulder and Lap Belt Used,,Not Deployed,Not Ejected,N,,,,,N,,,,None,Not Transported,No Contributing Action,,,,52,N,N,N,N,N,N,N,N
86977183,2017,1,1,,FL,E/Operator,Not Distracted,Apparently Normal,No Required Endorsements,Vision Not Obscured,FIRST ACCEPTANCE INSURANCE,CASSELBERRY,FL,32707,Female,No Helmet,Shoulder and Lap Belt Used,,Not Deployed,Not Ejected,N,,,,,N,,,,None,Not Transported,Improper Backing,,,,65,N,N,N,N,N,Y,N,N
86986705,2017,1,1,N,FL,E/Operator,Not Distracted,Apparently Normal,,Vision Not Obscured,STATE FARM MUTUAL AUTOMOBILE INSURA,SUMMERLAND KEY,FL,33042,Male,No Helmet,Shoulder and Lap Belt Used,,Not Deployed,Not Ejected,N,,,,,N,,,,None,Not Transported,No Contributing Action,,,,36,N,N,N,N,N,N,N,N
87009269,2017,1,2,N,FL,E/Operator,Not Distracted,Apparently Normal,,Vision Not Obscured,STATE FARM MUTUAL AUTOMOBILE INSURA,MIAMI,FL,33142,Female,No Helmet,Other,,Not Applicable,Not Ejected,N,,,,,N,,,,None,Not Transported,No Contributing Action,,,,81,N,N,N,N,N,Y,N,N
87017869,2017,1,1,,FL,D/Chauffeur,Not Distracted,Apparently Normal,No Required Endorsements,Vision Not Obscured,NO PROOF OF INSURANCE,MIAMI BEACH,FL,33141,Male,No Helmet,Shoulder and Lap Belt Used,,Not Applicable,Not Ejected,N,,,,,N,,,,None,Not Transported,No Contributing Action,,,,23,N,N,N,N,N,N,N,N
87019330,2017,1,1,N,FL,E/Operator,Not Distracted,Apparently Normal,,Vision Not Obscured,ALLSTATE FIRE AND CASUALTY INSURANC,LAKE WORTH,FL,33467,Male,No Helmet,Shoulder and Lap Belt Used,N,Deployed - Front,Not Ejected,N,,,,,N,,,,None,Not Transported,No Contributing Action,,,,21,N,N,N,N,N,N,N,N
87025878,2017,1,1,,FL,E/Operator,Unknown,Unknown,No Required Endorsements,Vision Not Obscured,NONE,HOLLY HILL,FL,32117,Male,,Other,,Not Applicable,Not Ejected,,,,,,,,,,None,Not Transported,Operated MV in Careless or Negligent Manner,,,,45,N,N,N,,N,N,N,N
87029652,2017,2,2,,FL,E/Operator,Not Distracted,Apparently Normal,No Required Endorsements,Vision Not Obscured,GEICO INDEMNITY COMPANY,SEMINOLE,FL,33772,Male,,Shoulder and Lap Belt Used,,Not Deployed,Not Ejected,N,,,,,N,,,,None,Not Transported,No Contributing Action,,,,44,N,N,N,N,N,N,N,N
87061939,2017,1,1,N,FL,None,Not Distracted,Apparently Normal,No Required Endorsements,Vision Not Obscured,PROGRESSIVE EXPRESS INS,MIDDLEBURG,FL,32068,Male,,Shoulder and Lap Belt Used,,Not Applicable,Not Ejected,N,,,,,N,,,,None,Not Transported,No Contributing Action,,,,18,N,N,N,N,N,N,Y,N
87075590,2017,1,1,N,FL,E/Operator,Other Inside the Vehicle,Apparently Normal,No Required Endorsements,Glare,GEICO GENERAL INSURANCE,PLANTATION,FL,33317,Male,,Shoulder and Lap Belt Used,,Not Applicable,Not Ejected,N,,,,,N,,,,None,Not Transported,Wrong Side or Wrong Way,,,,48,N,N,N,Y,N,N,N,N
87076559,2017,1,1,,FL,E/Operator,Not Distracted,Apparently Normal,No Required Endorsements,Vision Not Obscured,STATE FARM  AUTOMOBILE INSURANCE,FERNANDINA BEACH,FL,32034,Male,,Shoulder and Lap Belt Used,,Not Deployed,Not Ejected,N,,,,,N,,,,None,Not Transported,Over-Correcting/Over-Steering,,,,55,N,N,N,N,N,N,N,N
87078418,2017,1,1,N,FL,E/Operator,Not Distracted,Apparently Normal,No Required Endorsements,Vision Not Obscured,SAFECO INSURANCE COMPAN,VENICE,FL,34285,Female,,Shoulder and Lap Belt Used,,Not Applicable,Not Ejected,N,,,,,N,,,,Possible,Not Transported,No Contributing Action,,,,71,N,N,N,N,N,Y,N,N
87078915,2017,1,1,,FL,E/Operator,Not Distracted,Apparently Normal,No,Vision Not Obscured,MERCURY INSURANCE,EAST PALATKA,FL,32131,Male,No Helmet,Shoulder and Lap Belt Used,N,Not Deployed,Not Ejected,N,,,,,N,,,,None,Not Transported,Other Contributing Action,,,,53,N,N,N,N,N,N,N,N
87088333,2017,1,2,N,FL,E/Operator,Not Distracted,Apparently Normal,,Vision Not Obscured,GEICO GENERAL INSURANCE COMPANY,PLANTATION,FL,33325,Female,No Helmet,Shoulder and Lap Belt Used,,Not Deployed,Not Ejected,N,,,,,N,,,,None,Not Transported,No Contributing Action,,,,56,N,N,N,N,N,N,N,N
87314652,2017,1,2,,FL,E/Operator,Not Distracted,Apparently Normal,No Required Endorsements,Vision Not Obscured,NONE,MIAMI,FL,33142,Male,No Helmet,Shoulder and Lap Belt Used,,Not Deployed,Not Ejected,N,,,,,N,,,,None,Not Transported,No Contributing Action,,,,31,N,N,N,N,N,N,N,N
87316891,2017,1,1,,FL,D/Chauffeur,Not Distracted,Apparently Normal,No Required Endorsements,Vision Not Obscured,GEICO GENERAL INSURANCE COMPANY,MIAMI,FL,33157,Female,No Helmet,Shoulder and Lap Belt Used,,Not Deployed,Not Ejected,N,,,,,N,,,,None,Not Transported,No Contributing Action,,,,30,N,N,N,N,N,N,N,N
87343624,2017,1,1,N,FL,E/Operator,Not Distracted,Apparently Normal,No Required Endorsements,Vision Not Obscured,DIRECT GENERAL INSURANC,LAKELAND,FL,33805,Female,,Shoulder and Lap Belt Used,,Not Deployed,Not Ejected,N,,,,,N,,,,None,Not Transported,No Contributing Action,,,,76,N,N,N,N,N,Y,N,N
87368419,2017,1,1,N,FL,E/Operator,Inattentive,Apparently Normal,No Required Endorsements,Vision Not Obscured,STATE FARM MUTUAL AUTOM,PALM BAY,FL,32908,Female,,Shoulder and Lap Belt Used,,Not Applicable,Not Ejected,N,,,,,N,,,,None,Not Transported,Failed to Yield Right-of-Way,,,,58,N,N,N,Y,N,N,N,N
87386702,2017,1,1,N,FL,E/Operator,Inattentive,Other,,Vision Not Obscured,UNKNOWN,LAKE WORTH,FL,33403,Male,No Helmet,Not Applicable (non-motorist),Y,Not Applicable,Not Ejected,N,,,,,N,,,,Incapacitating,EMS,Other Contributing Action,Wrong Side or Wrong Way,,,36,N,N,N,Y,N,N,N,N
87392105,2017,1,1,N,FL,E/Operator,Not Distracted,Apparently Normal,,Vision Not Obscured,TRAVELERS,SUNNY ISLES BEACH,FL,33160,Male,No Helmet,Shoulder and Lap Belt Used,,Not Deployed,Not Ejected,N,,,,,N,,,,None,Not Transported,Other Contributing Action,,,,25,N,N,N,N,N,N,N,N
