REPORT_NUMBER,CRASH_YEAR,PERSON_NUMBER,LOCATION_AT_TIME_OF_CRASH_CODE,ACTION_PRIOR_TO_CRASH_CODE,NON_MOTORIST_DESCRIPTION_CODE,CITY,STATE,ZIP_CODE,SEX,SUSPECTED_ALCOHOL_USE_CODE,ALCOHOL_TESTED_CODE,ALCOHOL_TEST_TYPE_CODE,ALCOHOL_TEST_RESULT,BLOOD_ALCOHOL_CONTENT,SUSPECTED_DRUG_USE_CODE,DRUG_TESTED_CODE,DRUG_TEST_TYPE_CODE,DRUG_TEST_RESULT,INJURY_SEVERITY,EMS_TRANSPORT_TYPE,NON_MOTORIST_ACTIONS_CIRCUMSTANCES_1,NON_MOTORIST_ACTIONS_CIRCUMSTANCES_2,SAFETY_EQUIPMENT_CODE_1,SAFETY_EQUIPMENT_CODE_2,S4_AGE_AT_TIME_OF_CRASH,S4_IS_ALCOHOL_RELATED,S4_IS_DRUG_RELATED,S4_IS_AGING,S4_IS_TEENAGER
86705495,2016,1,Other,Other,Other Cyclist,HOMESTEAD,,33031,Male,,Test Not Given,,,,,Test Not Given,,,Possible,EMS,Other,,None,,23,N,N,N,N
86706434,2016,2,Sidewalk,None,Other Cyclist,OPALOKA,,33054,Male,,,,,,,,,,Non-Incapacitating,EMS,No Improper Action,,None,,21,N,N,N,N
86711107,2016,3,Other,Walking/Cycling Along Roadway Against Traffic,Other Cyclist,MIAMI,,33142,Male,,,,,,,,,,Non-Incapacitating,Not Transported,Improper Passing,,None,,25,N,N,N,N
87433887,2017,2,Travel Lane - Other Location,In Roadway - Other,Other Cyclist,PALM SPRINGS,FL,33461,Male,N,,,,,N,,,,Possible,Not Transported,Dart/Dash,In Roadway Improperly,None,,7,N,N,N,N
86717258,2016,4,Travel Lane - Other Location,None,Other Cyclist,SUNKIST GROVE,FL,33168,Male,N,Test Not Given,,,,N,Test Not Given,,,None,,,,,,40,N,N,N,N
86764639,2016,2,Travel Lane - Other Location,In Roadway - Other,Other Cyclist,DAYTONA BEACH,,32114,Male,,,,,,,,,,Non-Incapacitating,EMS,In Roadway Improperly,,None,,3,N,N,N,N
86769903,2016,3,Travel Lane - Other Location,Crossing Roadway,Bicyclist,CAPE CORAL,FL,33993,,N,,,,,N,,,,Incapacitating,EMS,Unknown,,None,,,N,N,N,N
86769903,2016,4,Travel Lane - Other Location,Crossing Roadway,Other Cyclist,CAPE CORAL,FL,33914,,N,,,,,N,,,,Incapacitating,EMS,Unknown,,None,,,N,N,N,N
86807687,2016,1,Other,Crossing Roadway,Other Cyclist,KISSIMMEE,FL,34741,Female,,Test Not Given,,,,,Test Not Given,,,Possible,Not Transported,Failure to Yield Right-of-Way,,None,,23,N,N,N,N
86862159,2016,2,Other,Other,Other Cyclist,MIAMI,FL,,Male,N,,,,,N,,,,Possible,Not Transported,Not Visible,,None,,20,N,N,N,N
81462311,2017,2,Intersection - Marked Crosswalk,Crossing Roadway,Other Cyclist,LOXAHATCHEE,FL,33470,Female,,,,,,,,,,None,Not Transported,"Failure to Obey Traffic Signs, Signals, or Officer",,Helmet,,15,N,N,N,Y
81467207,2017,2,Intersection - Marked Crosswalk,Crossing Roadway,Other Cyclist,LAKE WORTH,FL,33460,Male,N,,,,,N,,,,Possible,EMS,Unknown,,None,,29,N,N,N,N
81469087,2017,2,Intersection - Unmarked Crosswalk,Crossing Roadway,Other Cyclist,LAKE WORTH,FL,33460,Female,N,,,,,N,,,,None,Not Transported,Unknown,,Helmet,,39,N,N,N,N
81469177,2017,2,Midblock - Marked Crosswalk,Crossing Roadway,Other Cyclist,LAKE WORTH,FL,33460,Male,N,,,,,N,,,,None,Not Transported,No Improper Action,,None,,55,N,N,N,N
81469386,2017,2,Intersection - Unmarked Crosswalk,Crossing Roadway,Other Cyclist,BOCA RATON,FL,33434,Male,N,,,,,N,,,,Possible,EMS,No Improper Action,,None,,12,N,N,N,N
81476618,2017,1,Other,In Roadway - Other,Other Cyclist,DELRAY BEACH,FL,33445,Male,N,,,,,N,,,,None,Not Transported,Other,,Not Applicable,,53,N,N,N,N
81481042,2017,2,Driveway Access,In Roadway - Other,Other Cyclist,WEST PALM BEACH,FL,33407,Male,,,,,,,,,,None,EMS,No Improper Action,,None,None,62,N,N,N,N
81898408,2017,2,Driveway Access,Other,Other Cyclist,ORLANDO,,32829,Male,,,,,,,,,,Possible,Not Transported,Unknown,,Unknown,,15,N,N,N,Y
84619248,2017,2,Shoulder/Roadside,Walking/Cycling Along Roadway With Traffic,Other Cyclist,BROOKSVILLE,FL,34601,Male,N,,,,,N,,,,Possible,EMS,No Improper Action,,None,,19,N,N,N,Y
85325779,2017,2,Intersection - Unmarked Crosswalk,Walking/Cycling Along Roadway With Traffic,Other Cyclist,SANFORD,FL,32771,Male,,Test Not Given,,,,,Test Not Given,,,Non-Incapacitating,EMS,No Improper Action,,None,,56,N,N,N,N
85383819,2017,1,Intersection - Unmarked Crosswalk,Crossing Roadway,Other Cyclist,MIAMI,FL,33179,Female,N,Test Not Given,,,,N,Test Not Given,,,Possible,EMS,"Failure to Obey Traffic Signs, Signals, or Officer",,None,,14,N,N,N,N
85383819,2017,5,Other,Other,Unknown Type of Non-Motorist,MIAMI,FL,33179,Female,N,Test Not Given,,,,N,Test Not Given,,,None,Not Transported,Other,,None,,41,N,N,N,N
85447536,2017,2,Intersection - Other,In Roadway - Other,Other Cyclist,ORLANDO,FL,32812,Female,,Test Not Given,,,,,Test Not Given,,,Possible,EMS,Failure to Yield Right-of-Way,,None,,9,N,N,N,N
85457340,2017,2,Intersection - Marked Crosswalk,Crossing Roadway,Other Cyclist,MT HOPE,OH,44660,Female,N,Test Not Given,,,,N,Test Not Given,,,Incapacitating,EMS,No Improper Action,,None,,70,N,N,Y,N
85462119,2017,2,Travel Lane - Other Location,In Roadway - Other,Other Cyclist,OCALA,FL,34472,Male,,Test Not Given,,,,,Test Not Given,,,None,Not Transported,Failure to Yield Right-of-Way,,None,,5,N,N,N,N
85472090,2017,2,Travel Lane - Other Location,In Roadway - Other,Other Cyclist,GAINESVILLE,FL,32608,Male,N,Test Not Given,,,,N,Test Not Given,,,Possible,Other,In Roadway Improperly,,None,,2,N,N,N,N
86759956,2017,2,Bicycle Lane,Walking/Cycling Along Roadway With Traffic,Other Cyclist,LARGO,FL,33770,Male,,,,,,,,,,Non-Incapacitating,EMS,No Improper Action,,None,,50,N,N,N,N
85474760,2017,1,Intersection - Unmarked Crosswalk,Crossing Roadway,Other Cyclist,PORT ST. JOHN,FL,32927,Male,N,Test Not Given,,,,N,Test Not Given,,,Possible,Not Transported,No Improper Action,,None,,12,N,N,N,N
85488377,2017,2,Non-Trafficway Area,Other,Other Cyclist,NEW PORT RICHEY,FL,34652,Male,N,Test Not Given,,,,N,Test Not Given,,,None,Not Transported,No Improper Action,,None,None,47,N,N,N,N
85493291,2017,2,Bicycle Lane,Crossing Roadway,Other Cyclist,ORLANDO,FL,32808,Male,,Test Not Given,,,,,Test Not Given,,,Non-Incapacitating,EMS,No Improper Action,,None,,23,N,N,N,N
85494526,2017,2,Travel Lane - Other Location,Crossing Roadway,Other Cyclist,VENICE,FL,34292,Male,N,Test Not Given,,,,N,Test Not Given,,,Possible,Not Transported,Dart/Dash,,None,,36,N,N,N,N
85494831,2017,1,Intersection - Other,Crossing Roadway,Other Cyclist,SPRING HILL,FL,34609,Male,,Test Not Given,,,,,Test Not Given,,,Non-Incapacitating,EMS,Failure to Yield Right-of-Way,,None,,21,N,N,N,N
85504990,2017,2,Other,In Roadway - Other,Other Cyclist,TITUSVILLE,FL,32780,Male,N,Test Not Given,,,,N,Test Not Given,,,Possible,EMS,Other,,None,,24,N,N,N,N
85554855,2017,2,Sidewalk,Walking/Cycling on Sidewalk,Other Cyclist,NAPLES,FL,34109,Male,,Test Not Given,,,,,Test Not Given,,,Non-Incapacitating,EMS,No Improper Action,,Helmet,,2,N,N,N,N
85572318,2017,2,Shoulder/Roadside,Walking/Cycling Along Roadway With Traffic,Other Cyclist,INTERCESSION CITY,FL,33848,Male,,Test Not Given,,,,,Test Not Given,,,Possible,Not Transported,Other,,Helmet,,48,N,N,N,N
85579571,2017,1,Bicycle Lane,Walking/Cycling Along Roadway With Traffic,Bicyclist,WESLEY CHAPEL,FL,33544,Male,N,Test Not Given,,,,N,Test Not Given,,,None,Not Transported,No Improper Action,,None,,37,N,N,N,N
85579571,2017,2,Bicycle Lane,Walking/Cycling Along Roadway With Traffic,Other Cyclist,TAMPA,FL,33605,Female,N,Test Not Given,,,,N,Test Not Given,,,None,Not Transported,No Improper Action,,None,,36,N,N,N,N
85582792,2017,1,Intersection - Marked Crosswalk,Crossing Roadway,Other Cyclist,ORLANDO,FL,32828,Male,,Test Not Given,,,,,Test Not Given,,,Non-Incapacitating,Not Transported,No Improper Action,,None,,15,N,N,N,Y
85584825,2017,2,Travel Lane - Other Location,Walking/Cycling Along Roadway Against Traffic,Other Cyclist,ORLANDO,FL,32837,Male,,Test Not Given,,,,,Test Not Given,,,Non-Incapacitating,EMS,In Roadway Improperly,Other,None,,25,N,N,N,N
85598124,2017,3,Intersection - Unmarked Crosswalk,Crossing Roadway,Other Cyclist,MERRITT ISLAND,FL,32953,Male,N,Test Not Given,,,,N,Test Not Given,,,Possible,Not Transported,Other,,None,,12,N,N,N,N
85605676,2017,2,Shoulder/Roadside,Walking/Cycling Along Roadway With Traffic,Other Cyclist,CLEARWATER,FL,33759,Male,,Test Not Given,,,,,Test Not Given,,,Non-Incapacitating,EMS,Improper Passing,,None,,54,N,N,N,N
85609574,2017,2,Travel Lane - Other Location,Crossing Roadway,Other Cyclist,GAINESVILLE,FL,32609,Male,,Test Given,Blood,Completed,0,,Test Given,Blood,Negative,Fatal (within 30 days),Not Transported,Failure to Yield Right-of-Way,,None,,63,N,N,N,N
85701773,2017,2,Other,Walking/Cycling on Sidewalk,Other Cyclist,COCOA CBEACH,FL,32931,Female,,,,,,,,,,Non-Incapacitating,EMS,Wrong-Way Riding or Walking,,None,,90,N,N,Y,N
86159202,2017,2,Intersection - Other,Crossing Roadway,Other Cyclist,TAMPA,FL,33610,Female,,,,,,,,,,Non-Incapacitating,EMS,Dart/Dash,,None,,10,N,N,N,N
86159202,2017,3,Other,Other,Unknown Type of Non-Motorist,TAMPA,FL,33610,Female,,,,,,,,,,None,Not Transported,Other,,Other,,29,N,N,N,N
86287755,2017,1,Intersection - Marked Crosswalk,Crossing Roadway,Other Cyclist,DAVIE,,33330,Male,N,,,,,N,,,,None,Not Transported,Dart/Dash,,None,,23,N,N,N,N
86396341,2017,2,Other,Walking/Cycling on Sidewalk,Other Cyclist,DAYTONA BEACH SHORES,,32108,Female,,,,,,,,,,Non-Incapacitating,Not Transported,No Improper Action,,None,,33,N,N,N,N
86576467,2017,2,Intersection - Unmarked Crosswalk,Crossing Roadway,Other Cyclist,ORMOND BEACH,,32174,Male,N,,,,,N,,,,Incapacitating,EMS,"Failure to Obey Traffic Signs, Signals, or Officer",Failure to Yield Right-of-Way,None,,17,N,N,N,Y
86585398,2017,1,Driveway Access,Other,Other Cyclist,POMPANO BEACH,FL,33060,,,,,,,,,,,Possible,Law Enforcement,Unknown,,None,,,N,N,N,N
86633996,2017,3,Driveway Access,Walking/Cycling on Sidewalk,Bicyclist,LAKELAND,FL,33812,Male,,,,,,,,,,,,Other,,,,14,N,N,N,N
86633996,2017,4,Driveway Access,Other,Other Cyclist,LAKELAND,FL,33813,Male,,,,,,,,,,,,No Improper Action,,,,13,N,N,N,N
87017869,2017,2,Intersection - Marked Crosswalk,Other,Other Cyclist,MIAMI BEACH,,33139,Male,N,,,,,N,,,,Non-Incapacitating,Other,Other,,None,,26,N,N,N,N
87019330,2017,2,Travel Lane - Other Location,Other,Other Cyclist,WEST PALM BEACH,FL,33409,,N,,,,,N,,,,Incapacitating,EMS,No Improper Action,,Helmet,,,N,N,N,N
86667173,2017,1,Other,Other,Other Cyclist,PORT ST LUCIE,FL,34953,,N,,,,,N,,,,Possible,Not Transported,Failure to Yield Right-of-Way,,None,,,N,N,N,N
86679013,2017,2,Travel Lane - Other Location,In Roadway - Other,Other Cyclist,LAUDERDALE LAKES,FL,33311,,N,,,,,N,,,,Possible,EMS,In Roadway Improperly,,None,,,N,N,N,N
86686952,2017,3,Other,Other,Other Cyclist,DEERFIELD BEACH,FL,33441,,N,,,,,N,,,,Possible,Not Transported,Other,,None,,,N,N,N,N
86749804,2017,2,Other,Other,Bicyclist,JESUP,GA,31545,,,,,,,,,,,Non-Incapacitating,EMS,Other,,None,,,N,N,N,N
86749804,2017,3,Other,Other,Other Cyclist,FORT LAUDERDALE,FL,33311,,,,,,,,,,,Possible,Other,Other,,None,,,N,N,N,N
86753761,2017,2,Driveway Access,Walking/Cycling on Sidewalk,Other Cyclist,LARGO,FL,33770,,,,,,,,,,,Non-Incapacitating,Not Transported,No Improper Action,,None,,,N,N,N,N
86765276,2017,2,Travel Lane - Other Location,Adjacent to Roadway,Other Cyclist,DAYTONA BEACH,,32114,Male,,,,,,,,,,Non-Incapacitating,EMS,Dart/Dash,,None,,4,N,N,N,N
86771693,2017,2,Sidewalk,Walking/Cycling Along Roadway Against Traffic,Other Cyclist,CAPE CORAL,FL,33903,,N,,,,,N,,,,Possible,Not Transported,No Improper Action,,None,,,N,N,N,N
86779134,2017,2,Bicycle Lane,Other,Other Cyclist,AVENTURA,FL,33180,,,,,,,,,,,Non-Incapacitating,Not Transported,Other,,None,,,N,N,N,N
86781923,2017,2,Bicycle Lane,Walking/Cycling Along Roadway With Traffic,Other Cyclist,HOLLYWOOD,FL,33020,,,,,,,,,,,Non-Incapacitating,EMS,Other,,Unknown,,,N,N,N,N
86802552,2017,2,Travel Lane - Other Location,In Roadway - Other,Other Cyclist,OCALA,FL,34470 Y,Male,N,,,,,N,,,,Possible,Not Transported,Dart/Dash,,None,,4,N,N,N,N
86802971,2017,2,Intersection - Marked Crosswalk,Crossing Roadway,Other Cyclist,OCALA,FL,34481N,Female,N,,,,,N,,,,Non-Incapacitating,Not Transported,No Improper Action,,None,,24,N,N,N,N
86808040,2017,1,Intersection - Other,Other,Other Cyclist,KISSIMMEE,FL,34741,Male,,Test Not Given,,,,,Test Not Given,,,Non-Incapacitating,Not Transported,Other,,None,,56,N,N,N,N
86813576,2017,2,Driveway Access,Unknown,Other Cyclist,RIVIERA BEACH,,33404,Female,,,,,,,,,,Non-Incapacitating,EMS,Unknown,,None,,32,N,N,N,N
86816250,2017,2,Intersection - Other,Other,Other Cyclist,STUART,FL,34997,Male,N,,,,,N,,,,Possible,Not Transported,Improper Turn/Merge,,None,,17,N,N,N,Y
86821512,2017,2,Other,Walking/Cycling Along Roadway Against Traffic,Other Cyclist,BRADENTON,FL,34205,Female,,,,,,,,,,,,Wrong-Way Riding or Walking,,,,9,N,N,N,N
86844071,2017,3,Intersection - Marked Crosswalk,Crossing Roadway,Other Cyclist,TAMPA,FL,33605,Male,N,,,,,N,,,,None,Not Transported,Other,,None,,26,N,N,N,N
86856186,2017,3,Intersection - Marked Crosswalk,Other,Other Cyclist,PORT ST JOE,FL,32456,Male,N,,,,,N,,,,Non-Incapacitating,Not Transported,Other,,None,,28,N,N,N,N
86865558,2017,2,Bicycle Lane,Walking/Cycling Along Roadway With Traffic,Other Cyclist,OLD ORCHARD BEACH,ME,04064,Male,N,,,,,N,,,,None,Not Transported,No Improper Action,,None,,19,N,N,N,Y
86869420,2017,2,Intersection - Other,Other,Other Cyclist,MIAMI,FL,33142,Male,N,,,,,N,,,,Possible,EMS,No Improper Action,,None,,30,N,N,N,N
86871849,2017,5,Travel Lane - Other Location,In Roadway - Other,Other Cyclist,MIAMI,FL,33150,Male,N,,,,,N,,,,Incapacitating,EMS,Not Visible,In Roadway Improperly,None,,27,N,N,N,N
86886883,2017,2,Other,Walking/Cycling on Sidewalk,Other Cyclist,MIAMI,,33176,Male,,,,,,,,,,Non-Incapacitating,Not Transported,Dart/Dash,,None,,17,N,N,N,Y
86888692,2017,2,Travel Lane - Other Location,In Roadway - Other,Other Cyclist,DORAL,,33178,Male,N,,,,,N,,,,Possible,Not Transported,No Improper Action,,Helmet,,21,N,N,N,N
86899448,2017,2,Sidewalk,Walking/Cycling Along Roadway Against Traffic,Other Cyclist,MIAMI,,33161,Male,N,,,,,N,,,,Non-Incapacitating,EMS,No Improper Action,,None,,37,N,N,N,N
86907055,2017,2,Intersection - Marked Crosswalk,Crossing Roadway,Other Cyclist,SARASOTA,,34234,Female,N,,,,,N,,,,None,Not Transported,No Improper Action,,Lighting,,49,N,N,N,N
86916787,2017,3,Intersection - Marked Crosswalk,Walking/Cycling Along Roadway Against Traffic,Other Cyclist,TAMPA,FL,33635,Female,,Test Not Given,,,,,Test Not Given,,,Incapacitating,EMS,No Improper Action,,None,,52,N,N,N,N
86919822,2017,1,Travel Lane - Other Location,Walking/Cycling Along Roadway With Traffic,Other Cyclist,RUSKIN,FL,33570,Male,N,Test Not Given,,,,N,Test Not Given,,,Fatal (within 30 days),Not Transported,Failure to Yield Right-of-Way,,None,,13,N,N,N,N
86920724,2017,2,Intersection - Unmarked Crosswalk,Crossing Roadway,Bicyclist,GIBSONTON DR,FL,33534,Male,N,Test Not Given,,,,N,Test Not Given,,,None,Not Transported,No Improper Action,,None,,12,N,N,N,N
86920724,2017,3,Intersection - Unmarked Crosswalk,Crossing Roadway,Other Cyclist,GIBSONTON,FL,33534,Male,N,Test Not Given,,,,N,Test Not Given,,,None,Not Transported,No Improper Action,,None,,11,N,N,N,N
86926697,2017,2,Intersection - Marked Crosswalk,Crossing Roadway,Bicyclist,BOYNTON BEACH,FL,33435,Male,N,,,,,N,,,,Possible,EMS,Dart/Dash,,None,,17,N,N,N,Y
86926697,2017,3,Intersection - Marked Crosswalk,Crossing Roadway,Other Cyclist,BOYNTON BEACH,FL,33435,Male,N,,,,,N,,,,None,Not Transported,No Improper Action,,None,,16,N,N,N,Y
86939836,2017,2,Shoulder/Roadside,Crossing Roadway,Other Cyclist,DAVENPORT,,33837,Female,N,,,,,N,,,,Possible,EMS,Other,,None,,23,N,N,N,N
86940535,2017,2,Intersection - Marked Crosswalk,Crossing Roadway,Other Cyclist,WINTER GARDEN,FL,34787,Male,,Test Not Given,,,,,Test Not Given,,,Non-Incapacitating,EMS,Other,,None,,10,N,N,N,N
86942111,2017,2,Intersection - Marked Crosswalk,Crossing Roadway,Bicyclist,ROCKLEDGE,FL,32955,Female,N,,,,,N,,,,Possible,Not Transported,No Improper Action,,None,,28,N,N,N,N
86942111,2017,3,Intersection - Marked Crosswalk,Crossing Roadway,Other Cyclist,ROCKLEDGE,FL,32955,Female,N,,,,,N,,,,Non-Incapacitating,EMS,No Improper Action,,None,,4,N,N,N,N
86942111,2017,4,Intersection - Marked Crosswalk,Crossing Roadway,Other Cyclist,ROCKLEDGE,FL,32955,Male,N,,,,,N,,,,Non-Incapacitating,EMS,No Improper Action,,None,,3,N,N,N,N
86946130,2017,2,Bicycle Lane,Walking/Cycling Along Roadway With Traffic,Other Cyclist,GIBSONIA,PA,15044,,,,,,,,,,,Non-Incapacitating,EMS,No Improper Action,,None,,,N,N,N,N
86977183,2017,2,Other,Other,Other Cyclist,ORLANDO,,32829,Male,,,,,,,,,,Non-Incapacitating,EMS,No Improper Action,,None,,48,N,N,N,N
86986705,2017,2,Intersection - Other,Walking/Cycling Along Roadway With Traffic,Bicyclist,KEY WEST,FL,33040,,N,,,,,N,,,,Possible,EMS,"Failure to Obey Traffic Signs, Signals, or Officer",,None,,,N,N,N,N
86986705,2017,3,Intersection - Other,Walking/Cycling Along Roadway With Traffic,Other Cyclist,KEY WEST,FL,33040,,N,,,,,N,,,,Incapacitating,EMS,"Failure to Obey Traffic Signs, Signals, or Officer",,None,,,N,N,N,N
87009269,2017,1,Intersection - Other,Crossing Roadway,Other Cyclist,SOUTH MIAMI,FL,33143,,,,,,,,,,,Non-Incapacitating,Not Transported,In Roadway Improperly,,None,,,N,N,N,N
87025878,2017,2,Travel Lane - Other Location,Walking/Cycling Along Roadway With Traffic,Other Cyclist,DAYTONA BEACH,,32118,Male,,,,,,,,,,Incapacitating,EMS,No Improper Action,,Lighting,,56,N,N,N,N
87029652,2017,1,Bicycle Lane,Other,Other Cyclist,LARGO,,33771,Male,N,,,,,N,,,,Incapacitating,EMS,Other,,None,,49,N,N,N,N
87061939,2017,2,Driveway Access,Walking/Cycling Along Roadway Against Traffic,Other Cyclist,MIDDLEBURG,FL,32068,Male,N,,,,,N,,,,Non-Incapacitating,EMS,In Roadway Improperly,,None,,18,N,N,N,Y
87078915,2017,2,Intersection - Marked Crosswalk,Crossing Roadway,Other Cyclist,PALATKA,,32177,Male,N,,,,,N,,,,Non-Incapacitating,EMS,No Improper Action,,None,,36,N,N,N,N
87085465,2017,2,Bicycle Lane,Adjacent to Roadway,Other Cyclist,FORT LAUDERDALE,FL,33306,,N,,,,,N,,,,Non-Incapacitating,Not Transported,Unknown,Unknown,None,Other,,N,N,N,N
87075590,2017,2,Other,Other,Other Cyclist,PLANTATION,FL,33317,Male,N,,,,,N,,,,None,Not Transported,No Improper Action,,None,,57,N,N,N,N
87076559,2017,2,Travel Lane - Other Location,Walking/Cycling Along Roadway Against Traffic,Other Cyclist,HILLIARD,,32046,Male,N,,,,,N,,,,Possible,Other,No Improper Action,,None,,34,N,N,N,N
87078418,2017,2,Other,Other,Other Cyclist,VENICE,FL,34285,Female,N,,,,,N,,,,Possible,EMS,Wrong-Way Riding or Walking,,None,,68,N,N,Y,N
87088333,2017,1,Sidewalk,Walking/Cycling on Sidewalk,Other Cyclist,SUNRISE,FL,33351,,N,,,,,N,,,,None,Not Transported,Wrong-Way Riding or Walking,,None,,,N,N,N,N
87111076,2017,1,Intersection - Marked Crosswalk,Crossing Roadway,Bicyclist,PALM HARBOR,FL,34684,Male,,Test Not Given,,,,,Test Not Given,,,Possible,Not Transported,"Failure to Obey Traffic Signs, Signals, or Officer",,None,,20,N,N,N,N
87111076,2017,2,Intersection - Marked Crosswalk,Crossing Roadway,Other Cyclist,PALM HARBOR,FL,34685,Female,,Test Not Given,,,,,Test Not Given,,,None,Not Transported,"Failure to Obey Traffic Signs, Signals, or Officer",,None,,19,N,N,N,Y
87134056,2017,1,Sidewalk,None,Other Cyclist,ORLANDO,FL,32837,Female,,Test Not Given,,,,,Test Not Given,,,Non-Incapacitating,EMS,Other,,None,,59,N,N,N,N
87314652,2017,1,Intersection - Marked Crosswalk,Crossing Roadway,Other Cyclist,MIAMI,,33147,Male,N,,,,,N,,,,Non-Incapacitating,EMS,Failure to Yield Right-of-Way,,None,,59,N,N,N,N
87316891,2017,2,Other,Walking/Cycling on Sidewalk,Other Cyclist,CUTLER BAY,,33189,Male,,,,,,,,,,Non-Incapacitating,EMS,Other,,Unknown,,4,N,N,N,N
87343624,2017,2,Other,Crossing Roadway,Other Cyclist,LAKELAND,FL,33805,Male,N,,,,,N,,,,Possible,EMS,Dart/Dash,,None,,5,N,N,N,N
87368419,2017,2,Intersection - Unmarked Crosswalk,Crossing Roadway,Bicyclist,PALM BAY,FL,32908,Male,N,,,,,N,,,,None,Not Transported,No Improper Action,,None,,41,N,N,N,N
87368419,2017,3,Intersection - Unmarked Crosswalk,Crossing Roadway,Other Cyclist,PALM BAY,FL,32908,Male,N,,,,,N,,,,Non-Incapacitating,Not Transported,No Improper Action,,None,,2,N,N,N,N
87368419,2017,4,Intersection - Marked Crosswalk,Crossing Roadway,Other Cyclist,PALM BAY,FL,32908,Male,N,,,,,N,,,,None,Not Transported,No Improper Action,,None,,6,N,N,N,N
87386702,2017,2,Travel Lane - Other Location,Other,Other Cyclist,WEST PALM BEACH,FL,33407,,N,,,,,N,,,,Incapacitating,EMS,In Roadway Improperly,,Lighting,Lighting,,N,N,N,N
87392105,2017,2,Other,Other,Other Cyclist,HIALEAH GARDENS,FL,33018,,,,,,,,,,,Possible,Not Transported,Other,,None,,,N,N,N,N
