REPORT_NUMBER,CRASH_YEAR,VEHICLE_NUMBER,PERSON_NUMBER,CITY,STATE,ZIP_CODE,SEX,HELMET_CODE,RESTRAINT_SYSTEM_CODE,EYE_PROTECTION_CODE,AIR_BAG_DEPLOYMENT_CODE,EJECTED,INJURY_SEVERITY,EMS_TRANSPORT_TYPE,SEAT_POSITION_CODE,ROW_POSITION_CODE,OTHER_POSITION_CODE,S4_AGE_AT_TIME_OF_CRASH,S4_IS_UNRESTRAINED_PASSENGER
86705495,2016,1,2,MIAMI,FL,33157,Female,No Helmet,None Used - Motor Vehicle Occupant,N,Not Applicable,Unknown,Possible,EMS,Other,Other Row,Not Applicable,22,Y
86711107,2016,1,2,MIAMI,FL,33142,Female,No Helmet,Shoulder and Lap Belt Used,,Not Deployed,Not Ejected,None,Not Transported,Right,Front,Not Applicable,46,N
86769903,2016,1,2,ST JAMES CITY,FL,33956,Male,,Shoulder and Lap Belt Used,,Not Deployed,Not Ejected,Possible,Not Transported,Right,Front,Not Applicable,16,N
86916787,2017,2,2,BROOKSVILLE,FL,34601,Female,,Shoulder and Lap Belt Used,,Not Applicable,Not Ejected,None,Not Transported,Right,Second,Not Applicable,8,N
81462311,2017,1,3,TEQUESTA,FL,33409,Male,No Helmet,Shoulder and Lap Belt Used,,Not Deployed,Not Ejected,None,Not Transported,Right,Second,Not Applicable,49,N
85383819,2017,1,3,NORTH MIAMI BEACH,FL,33179,Female,,Shoulder and Lap Belt Used,,Not Deployed,Not Ejected,None,Not Transported,Right,Front,Not Applicable,28,N
85554855,2017,1,3,NAPLES,FL,34109,Female,,Shoulder and Lap Belt Used,,Not Deployed,Not Ejected,None,Not Transported,Right,Front,,13,N
85598124,2017,1,2,MERRITT IS,FL,32953,Male,,Shoulder and Lap Belt Used,,Not Deployed,Not Ejected,None,Not Transported,Right,Front,,50,N
86287755,2017,1,3,MIAMI BEACH,FL,33139,Female,No Helmet,Shoulder and Lap Belt Used,N,Not Deployed,Not Ejected,None,Not Transported,Left,Second,Not Applicable,33,N
86287755,2017,1,4,MIAMI BEACH,FL,33139,Female,No Helmet,Shoulder and Lap Belt Used,N,Not Deployed,Not Ejected,None,Not Transported,Middle,Second,Not Applicable,31,N
86576467,2017,1,3,HOLLY HILL,FL,32117,Female,No Helmet,Shoulder and Lap Belt Used,N,Not Deployed,Not Ejected,None,Not Transported,Right,Front,,52,N
86633996,2017,1,2,WINTER HAVEN,FL,33884,Male,,Shoulder and Lap Belt Used,,,,,,,,,11,N
86667173,2017,1,3,PORT ST LUCIE,FL,34953,Male,,Shoulder and Lap Belt Used,,Not Deployed,Not Ejected,None,Not Transported,Right,Front,,45,N
86686952,2017,1,2,SCOTTSDALE,AZ,85254,Female,No Helmet,Shoulder and Lap Belt Used,,Not Deployed,Not Ejected,None,Not Transported,Right,Front,Not Applicable,71,N
86844071,2017,1,2,TEMPLE TERRACE,FL,33617,Female,,Shoulder and Lap Belt Used,,Not Applicable,Not Ejected,None,Not Transported,Right,Front,,26,N
86856186,2017,1,1,PORT ST JOE,FL,32456,Male,,Shoulder and Lap Belt Used,,Not Applicable,Not Ejected,None,Not Transported,Right,Front,,33,N
86856186,2017,1,2,PORT ST JOE,FL,32456,Male,,Child Restraint System - Type Unknown,,Not Applicable,Not Ejected,None,Not Transported,Middle,Front,Not Applicable,1,N
86871849,2017,1,2,MIAMI,FL,33142,Female,,Shoulder and Lap Belt Used,,Not Applicable,Not Ejected,None,Not Transported,Right,Front,Not Applicable,20,N
86871849,2017,1,3,MIAMI,FL,33142,Female,,Shoulder and Lap Belt Used,,Not Applicable,Not Ejected,None,Not Transported,Right,Second,Not Applicable,15,N
86871849,2017,1,4,MIAMI,FL,33142,Female,,Shoulder and Lap Belt Used,,Not Applicable,Not Ejected,None,Not Transported,Left,Second,Not Applicable,17,N
