REPORT_NUMBER,CRASH_YEAR,VEHICLE_NUMBER,OWNER_CITY,OWNER_STATE,OWNER_ZIP_CODE,COMMERCIAL_VEHICLE_FLAG,MOTION_CODE,STATE_OF_REGISTRATION,PERMANENT_REGISTRATION_FLAG,HIT_AND_RUN_FLAG,VEHICLE_YEAR,VEHICLE_MAKE,VEHICLE_MODEL,VEHICLE_STYLE,VEHICLE_COLOR,DISABLING_FUNCTIONAL_DAMAGE,ESTIMATED_VEHICLE_DAMAGE,TOW_DAMAGE_CODE,HOW_TOW_REQUESTED,BUSINESS_OWNED_FLAG,VEHICLE_TRAVELING,ROAD_ON,ESTIMATED_MPH,POSTED_SPEED,TOTAL_NUMBER_OF_LANES,HAZARDOUS_MATERIAL_RELEASED,HAZMAT_PLACARD,HAZARDOUS_PLACARD_NUMBER,HAZMAT_CLASS,POINT_OF_IMPACT,MOST_DAMAGED_AREA_CODE,TYPE_OF_VEHICLE,TRAFFICWAY_CODE,COMMERCIAL_VEHICLE_CONFIGURATION_CODE,COMMERCIAL_USE_CODE,CARRIER_CARGO_BODY_TYPE,COMMERCIAL_VEHICLE_WEIGHT_CODE,MOST_HARMFUL_EVENT_CODE,HARMFUL_EVENT_1,HARMFUL_EVENT_2,HARMFUL_EVENT_3,HARMFUL_EVENT_4,EMERGENCY_VEHICLE_USE_CODE,ROADWAY_GRADE_CODE,ROADWAY_ALIGNMENT_CODE,VEHICLE_MANEUVER_ACTION,TRAFFIC_CONTROL_DEVICE,VEHICLE_SPECIAL_FUNCTION,VEHICLE_DEFECT1,VEHICLE_DEFECT2,S4_IS_COMMERCIAL_MOTOR_VEHICLE
86705495,2016,1,HOMESTEAD,FL,33031,,Vehicle in Transport,FL,,N,2016,YAMA,,MV,YEL,Disabling,100,Y,Owner Request,N,West,SW 280 STREET,40,40,0,,,,,Front Center Bumper,Front Center Bumper,All Terrain Vehicle (ATV),"Two-Way, Not Divided",,,,,Motor Vehicle in Transport,Motor Vehicle in Transport,Overturn/Rollover,,,N,Sag (bottom),Straight,Unknown,No Controls,No Special Function,None,,
86706434,2016,1,UNKNOWN,OT,UK,,Vehicle in Transport,OT,,Y,,UK,UK,PK,UNK,Unknown,200,Y,Driver,N,North,7TH ave,45,45,5,,,,,Front Center Bumper,Front Center Bumper,"Other Light Trucks (10,000 lbs (4,536 kg) or less)","Two-Way, Not Divided",,,,,Motor Vehicle in Transport,Motor Vehicle in Transport,,,,,Level,Straight,Straight Ahead,No Controls,No Special Function,None,None,N
86711107,2016,1,MIAMI,FL,33127,,Vehicle in Transport,FL,Y,N,2005,TOYT,,5D,WHI,Minor,100,N,Driver,N,West,NW 46 ST,25,35,2,,,,,Left Front Fender,Left Front Fender,Passenger Van,"Two-Way, Not Divided",,,,,Pedalcycle,Pedalcycle,,,,N,Level,Straight,Turning Left,No Controls,No Special Function,None,,
87433887,2017,1,WEST PALM BEACH,FL,334060000,N,Vehicle in Transport,FL,,N,1998,MAZDA,,PK,BLU,None,0,N,Driver,N,South,43RD AVE S,5,20,2,,,,,Right Rear Fender,,Pickup,"Two-Way, Not Divided",,,,,Motor Vehicle in Transport,Motor Vehicle in Transport,,,,N,Level,Straight,Straight Ahead,No Controls,No Special Function,None,,
86717258,2016,1,SURFSIDE,FL,33154,N,Vehicle in Transport,FL,N,N,2001,KIA M,,4D,White,Disabling,3000,Y,,N,West,125TH ST NW,25,25,12,,,,,Front Right Bumper,Front Center Bumper,Passenger Car,"Two-Way, Divided, Positive Median Barrier",,,,,Motor Vehicle in Transport,Motor Vehicle in Transport,,,,N,Level,Straight,Straight Ahead,Traffic Control Signal,No Special Function,None,,
86717258,2016,2,MIAMI,FL,33150,N,Vehicle in Transport,FL,N,N,2005,CHEVR,,4D,White,Disabling,3000,Y,,N,South,7TH AVE NW,25,25,12,,,,,Front Left Bumper,Front Left Bumper,Passenger Van,"Two-Way, Divided, Positive Median Barrier",,,,,Motor Vehicle in Transport,Motor Vehicle in Transport,,,,N,Level,Straight,Straight Ahead,Traffic Control Signal,No Special Function,None,,
86717258,2016,3,NORTH MIAMI,FL,33181,N,Vehicle in Transport,OT,Y,N,1991,CHEVR,SML CNV CAB,2D,White,Minor,200,N,,Y,East,125TH ST NW,0,25,12,,,,,Front Left Bumper,Front Left Bumper,"Cargo Van (10,000 lbs (4,536 kg) or less)","Two-Way, Divided, Positive Median Barrier",,,,,Motor Vehicle in Transport,Motor Vehicle in Transport,,,,N,Level,Straight,Stopped in Traffic,Traffic Control Signal,No Special Function,None,,N
86764639,2016,1,DAYTONA BEACH,FL,32114,,Vehicle in Transport,FL,,N,2005,TOYT,,4D,BLK,None,0,N,,N,West,DOVECOTE LN,,,2,,,,,Front Center Bumper,Front Center Bumper,Passenger Car,"Two-Way, Not Divided",,,,,Pedalcycle,Pedalcycle,,,,N,Level,Straight,Straight Ahead,No Controls,No Special Function,None,,
86769903,2016,1,ST JAMES CITY,FL,33956,,Vehicle in Transport,FL,,,2011,CHEV,,4DR,RED,Functional,4000,,,,East,SR 78 SW PINE ISLAND RD,55,55,4,,,,,Front Center Bumper,Front Center Bumper,Passenger Car,"Two-Way, Divided, Positive Median Barrier",,,,,Motor Vehicle in Transport,Motor Vehicle in Transport,,,,,Level,Straight,Straight Ahead,No Controls,No Special Function,None,,
86807687,2016,1,KISSIMMEE,FL,34743,N,Vehicle in Transport,FL,N,N,2012,SUZUK,,SUV,RED,Functional,0,N,,N,North,MAIN ST,40,40,2,,,,,Front Left Bumper,Left Front Fender,(Sport) Utility Vehicle,"Two-Way, Divided, Positive Median Barrier",,,,,Motor Vehicle in Transport,Motor Vehicle in Transport,,,,N,Level,Straight,Straight Ahead,No Controls,No Special Function,None,,
86862159,2016,1,MIAMI,FL,33150,N,Vehicle in Transport,FL,,N,2013,HYUN,,4D,SIL,Minor,1000,N,Driver,N,West,NW 47TH ST,15,30,2,,,,,Right Front Fender,Right Front Fender,Passenger Car,"Two-Way, Not Divided",,,,,Motor Vehicle in Transport,Motor Vehicle in Transport,,,,N,Level,Straight,Straight Ahead,Stop Sign,No Special Function,None,,
81462311,2017,1,WEST PALM BEACH,FL,33406,N,Vehicle in Transport,FL,Y,N,2011,FORD,,4D,WHI,None,0,N,,Y,North,14000 GREENBRIAR BOULEVARD,0,,2,,,,,Right Front Fender,Front Center Bumper,Passenger Car,"Two-Way, Not Divided",,,,,Pedalcycle,Pedalcycle,,,,N,Level,Straight,Stopped in Traffic,Stop Sign,No Special Function,Unknown,,
81467207,2017,1,BOYNTON BEACH,FL,33436,N,Vehicle in Transport,FL,N,N,1995,GMC,,PK,RED,Minor,500,N,,N,East,LINTON BLVD,15,45,10,,,,,Left Front Fender,Left Front Door,Pickup,"Two-Way, Divided, Positive Median Barrier",,,,,Pedalcycle,Pedalcycle,,,,N,Level,Straight,Turning Left,Traffic Control Signal,No Special Function,None,,
81469087,2017,1,GREENACRES,FL,33463,N,Vehicle in Transport,FL,N,N,2016,KIA,,4D,BLK,None,0,N,,N,East,SUMMIT PINES BLVD,5,30,2,,,,,Front Center Bumper,Front Right Bumper,Passenger Car,"Two-Way, Divided, Unprotected (painted >4 feet) Median",,,,,Pedestrian,Motor Vehicle in Transport,Pedestrian,,,N,Level,Straight,Turning Right,Stop Sign,No Special Function,None,,
81469177,2017,1,LAKE WORTH,FL,33460,N,Vehicle in Transport,FL,N,N,1997,FORD,,4D,WHI,Functional,50,N,,N,West,8TH AVE S,10,25,2,,,,,Front Right Bumper,Front Right Bumper,(Sport) Utility Vehicle,"Two-Way, Not Divided",,,,,Pedalcycle,Pedalcycle,,,,N,Level,Straight,Straight Ahead,Stop Sign,Unknown,None,,
81469386,2017,1,BOCA RATON,FL,33434,N,Vehicle in Transport,FL,N,N,2010,MAZD,,4D,GRY,Functional,500,N,,N,South,LIBERTY ROAD,20,30,2,,,,,Front Center Bumper,Front Center Bumper,Passenger Car,"Two-Way, Divided, Positive Median Barrier",,,,,Pedalcycle,Pedalcycle,Overturn/Rollover,,,N,Level,Straight,Straight Ahead,No Controls,No Special Function,None,,
81476618,2017,1,BOCA RATON,FL,33433,N,Vehicle in Transport,FL,N,N,2014,FORD,,UT,WHI,Minor,1000,N,,N,West,6140 BALBOA CIR,0,20,2,,,,,Rear Right Bumper,Rear Right Bumper,(Sport) Utility Vehicle,"Two-Way, Not Divided",,,,,Parked Motor Vehicle,Parked Motor Vehicle,,,,N,Level,Straight,Parked,No Controls,No Special Function,None,,
81481042,2017,1,,,,N,Vehicle in Transport,,N,,,,,,,,0,,,N,,,,,,,,,,,,,,,,,,,,,,,,,,,,,,,
81898408,2017,1,ORLANDO,FL,32805,,Vehicle in Transport,FL,Y,N,2009,CHEV,,4D,WHI,None,0,N,Driver,N,South,VENEZIA PLANTATION  DRIVE,1,,2,,,,,Right Rear Fender,,Passenger Car,"Two-Way, Not Divided",,,,,Pedalcycle,Pedalcycle,,,,N,Uphill,Straight,Backing,No Controls,Police,None,,
84619248,2017,1,BROOKSVILE,FL,34601,N,Vehicle in Transport,FL,,N,2004,JEEP,,UT,SIL,Minor,1000,N,Driver,N,North,JEFFERSON ST,10,45,2,,,,,Front Center Bumper,Front Center Bumper,(Sport) Utility Vehicle,"Two-Way, Not Divided",,,,,Pedalcycle,Pedalcycle,,,,N,Uphill,Straight,Turning Left,No Controls,No Special Function,None,,
85325779,2017,1,OVIEDO,FL,32765-7415,N,Vehicle in Transport,FL,N,N,1996,DODG,,PK,BLK,Functional,50,N,,N,South,DOLLARWAY STREET,10,25,2,,,,,Right Front Fender,Right Front Fender,Pickup,"Two-Way, Not Divided",,,,,Pedalcycle,Pedalcycle,,,,N,Level,Straight,Straight Ahead,Stop Sign,No Special Function,None,,
85383819,2017,1,NORTH MIAMI BEACH,FL,33179-0000,N,Vehicle in Transport,FL,N,N,2013,HYUN,,4D,RED,Functional,1000,Y,Rotation,N,East,STATE ROAD 854 EB,10,45,4,,,,,Front Center Bumper,Front Right Bumper,Passenger Car,"Two-Way, Divided, Positive Median Barrier",,,,,Pedestrian,Pedestrian,,,,N,Level,Straight,Straight Ahead,Traffic Control Signal,No Special Function,None,,
85447536,2017,1,ORLANDO,FL,32827-0000,N,Vehicle in Transport,FL,N,N,2017,NISS,,4D,GRY,Functional,600,N,,Y,West,RAMPART DR,25,25,2,,,,,Right Front Fender,Right Front Fender,Passenger Car,"Two-Way, Not Divided",,,,,Pedestrian,Pedestrian,,,,N,Level,Straight,Straight Ahead,No Controls,No Special Function,None,,
85457340,2017,1,SARASOTA,FL,34233-0000,,Vehicle in Transport,FL,,,2002,VOLK,,2D,BLU,Minor,50,,,,West,COUNTRY PLACE BOULEVARD,10,30,2,,,,,Front Right Bumper,Front Right Bumper,Passenger Car,"Two-Way, Divided, Positive Median Barrier",,,,,Pedalcycle,Pedalcycle,,,,,Level,Straight,Turning Right,Stop Sign,No Special Function,None,,
85462119,2017,1,OCALA,FL,34470,N,Vehicle in Transport,FL,N,N,2008,CHEV,EXPRESS,VN,WHI,None,0,N,,N,South,SE 88TH LN,30,30,2,,,,,Left Rear Fender,Left Rear Fender,"Cargo Van (10,000 lbs (4,536 kg) or less)","Two-Way, Not Divided",,,,,Pedalcycle,Pedalcycle,,,,N,Level,Straight,Straight Ahead,Other,No Special Function,None,,N
85472090,2017,1,GAINESVILLE,FL,32608,N,Vehicle in Transport,FL,N,N,2010,CHEV,,TK,GRY,None,0,N,,N,West,PRIVATE ROADWAY OAK PARK VILLAGE,5,15,2,,,,,Front Center Bumper,Front Center Bumper,Pickup,"Two-Way, Not Divided",,,,,Pedalcycle,Pedalcycle,,,,N,Level,Straight,Straight Ahead,No Controls,No Special Function,None,,
85474760,2017,1,,,,N,Vehicle in Transport,,N,Y,,,,,,None,0,N,,N,South,EMBER AVE,5,25,2,,,,,,,,"Two-Way, Not Divided",,,,,Pedestrian,Pedestrian,,,,N,Level,Straight,Unknown,Stop Sign,No Special Function,None,,
85488377,2017,1,ODESSA,FL,33556-5539,N,Vehicle in Transport,FL,N,N,2012,HOND,,4D,GRY,None,0,N,,N,East,10710 STATE ROAD 54,10,30,2,,,,,,,Passenger Car,"Two-Way, Not Divided",,,,,Other Non-Collision,Other Non-Collision,,,,N,Level,Straight,Turning Left,No Controls,No Special Function,None,,
85493291,2017,1,ORLANDO,FL,32805-2660,N,Vehicle in Transport,FL,N,N,2004,HOND,,4D,BLK,Functional,150,N,,N,West,STATE ROAD 50 (COLONIAL DRIVE),,45,7,,,,,Right Rear Fender,Right Rear Fender,Passenger Car,"Two-Way, Divided, Positive Median Barrier",,,,,Motor Vehicle in Transport,Motor Vehicle in Transport,,,,N,Level,Straight,Turning Right,Traffic Control Signal,No Special Function,None,,
85494526,2017,1,ENGLEWOOD,FL,34223-3413,N,Vehicle in Transport,FL,N,N,2007,CHEV,,4D,TAN,Minor,300,N,,N,West,CR 772 (E VENICE AVE),35,45,2,,,,,Left Rear Door,Left Rear Door,Passenger Car,"Two-Way, Not Divided",,,,,Pedestrian,Pedestrian,,,,N,Level,Straight,Straight Ahead,No Controls,No Special Function,None,,
85494831,2017,1,SPRING HILL,FL,34610-3810,N,Vehicle in Transport,FL,N,N,2013,BMW,,4D,GRY,Disabling,5000,Y,Driver,N,South,EAST ROAD,30,30,2,,,,,Right Front Door,Right Rear Door,Passenger Car,"Two-Way, Not Divided",,,,,Motor Vehicle in Transport,Motor Vehicle in Transport,,,,N,Level,Straight,Straight Ahead,No Controls,No Special Function,None,,
85504990,2017,1,MIMS,FL,32754-0000,N,Vehicle in Transport,FL,N,N,2014,NISS,,5D,BLU,Functional,1200,N,,N,West,WILEY AVENUE,10,25,2,,,,,Right Rear Fender,Right Rear Fender,Passenger Car,"Two-Way, Not Divided",,,,,Motor Vehicle in Transport,Motor Vehicle in Transport,,,,N,Level,Straight,Turning Left,No Controls,No Special Function,None,,
85554855,2017,1,NAPLES,FL,34109-7827,N,Vehicle in Transport,FL,N,N,2010,CHEV,,UT,WHI,Minor,50,N,,N,South,DRIVEWAY ACCESS,1,25,1,,,,,Rear Center Bumper,Rear Center Bumper,(Sport) Utility Vehicle,"Two-Way, Not Divided",,,,,Pedestrian,Pedestrian,,,,N,Level,Straight,Backing,No Controls,No Special Function,None,,
85572318,2017,1,HAINES CITY,FL,33844-5840,N,Vehicle in Transport,FL,N,N,2007,FORD,,UT,GLD,Minor,100,N,,N,East,UNITED STATES 17/ 92,40,45,2,,,,,Right Front Door,Right Front Door,(Sport) Utility Vehicle,"Two-Way, Not Divided",,,,,Pedalcycle,Pedalcycle,,,,N,Level,Straight,Straight Ahead,No Controls,No Special Function,None,,
85579571,2017,1,,,,N,Vehicle in Transport,,N,Y,,UNKNO,,,,,0,N,,N,,,,15,,,,,,,,,"Two-Way, Divided, Positive Median Barrier",,,,,,,,,,N,,,,Stop Sign,No Special Function,,,
85582792,2017,1,,,,N,Vehicle in Transport,,N,Y,,,,,,,0,N,,N,North,TIMBER SPRING BLVD,5,30,2,,,,,,,,"Two-Way, Not Divided",,,,,Pedalcycle,Pedalcycle,,,,N,Level,Straight,Turning Right,Stop Sign,No Special Function,None,,
85584825,2017,1,ORLANDO,FL,32805-3621,N,Vehicle in Transport,FL,N,N,2013,KIA,,4D,SIL,Functional,2000,N,,N,East,42 ND STREET,25,25,2,,,,,Front Right Bumper,Hood,Passenger Car,"Two-Way, Not Divided",,,,,Motor Vehicle in Transport,Motor Vehicle in Transport,,,,N,Level,Straight,Straight Ahead,No Controls,No Special Function,None,,
85598124,2017,1,MERRITT ISLAND,FL,32953-0000,N,Vehicle in Transport,FL,N,N,2011,FORD,,UT,RED,Minor,10,N,,N,East,BARONY DRIVE,5,25,2,,,,,Right Front Fender,Right Front Fender,(Sport) Utility Vehicle,"Two-Way, Not Divided",,,,,Pedalcycle,Pedalcycle,,,,N,Level,Straight,Turning Right,Stop Sign,No Special Function,None,,
85605676,2017,1,CLEARWATER,FL,33764,N,Vehicle in Transport,FL,N,N,2014,HYUN,,UT,BLK,Functional,400,N,,N,South,COUNTY ROAD 611 (49TH ST N),,45,6,,,,,Right Front Door,Right Front Door,(Sport) Utility Vehicle,"Two-Way, Divided, Positive Median Barrier",,,,,Pedalcycle,Pedalcycle,,,,N,Level,Straight,Stopped in Traffic,No Controls,No Special Function,None,,
85609574,2017,1,CHICAGO RIDGE,IL,60415,,Vehicle in Transport,IN,,,1997,FRT,TR,CAB,WHI,Functional,4000,,Rotation,,South,US-301,55,55,4,,N,,,Front Center Bumper,Front Center Bumper,"Medium/Heavy Trucks (more than 10,000 lbs (4,536 kg))","Two-Way, Divided, Positive Median Barrier",Truck Pulling Trailer(s),Interstate Carrier,Other,"More than 26,000 lbs (11,793 kg)",Pedalcycle,Pedalcycle,,,,,Level,Curve Right,Straight Ahead,No Controls,No Special Function,None,,Y
85701773,2017,1,CRYSTAL RIVER,FL,34428,N,Vehicle in Transport,FL,,N,2013,FORD,,PK,WHI,None,0,N,Driver,N,East,HOLIDAY LN,0,35,1,,,,,Front Right Bumper,Front Right Bumper,Pickup,"Two-Way, Not Divided, with a Continuous Left Turn Lane",,,,,Motor Vehicle in Transport,Motor Vehicle in Transport,,,,N,Level,Straight,Turning Right,Traffic Control Signal,No Special Function,None,,
86159202,2017,1,TEMPLE TERRACE,FL,33637,N,Vehicle in Transport,FL,,N,2005,NISS,,UT,SIL,Minor,500,N,Driver,N,South,34TH ST N,35,35,2,,,,,Front Left Bumper,Front Left Bumper,(Sport) Utility Vehicle,"Two-Way, Not Divided",,,,,Motor Vehicle in Transport,Motor Vehicle in Transport,Pedestrian,,,N,Level,Straight,Straight Ahead,No Controls,No Special Function,None,,
86287755,2017,1,MIAMI BEACH,FL,33141,,Vehicle in Transport,FL,,N,2013,TOYT,,UT,WHI,Minor,5000,N,Driver,N,North,COLLINS AVE (SR A1A),15,30,4,,,,,,,Passenger Car,"Two-Way, Not Divided",,,,,Pedestrian,Pedestrian,,,,N,Level,Straight,Straight Ahead,No Controls,No Special Function,None,,
86396341,2017,1,PONCE INLET,FL,32127,,Vehicle in Transport,FL,,N,2007,MAZD,,4D,WHI,Functional,250,N,Driver,N,South,PRIVATE ROADWAY FOR 851 SR421,5,5,2,,,,,Front Center Bumper,Front Center Bumper,Passenger Car,"Two-Way, Not Divided",,,,,Pedalcycle,Pedalcycle,,,,N,Level,Straight,Straight Ahead,No Controls,No Special Function,None,,
86576467,2017,1,HOLY HILL,FL,32117,,Vehicle in Transport,FL,,,2007,HYUN,,4H,GRY,Minor,500,,,,East,FLOMICH ST,25,25,2,,,,,Front Right Bumper,Front Right Bumper,(Sport) Utility Vehicle,"Two-Way, Not Divided",,,,,Motor Vehicle in Transport,Pedestrian,Motor Vehicle in Transport,,,,Level,Straight,Straight Ahead,No Controls,No Special Function,None,,
86585398,2017,1,POMPANO BEACH,FL,33060,N,Vehicle in Transport,KS,N,N,1992,YAMA,,MOP,RED,Functional,500,N,,N,West,GOLDEN ISLES DR,30,30,2,,,,,Left Front Fender,Left Front Fender,Moped,"Two-Way, Divided, Unprotected (painted >4 feet) Median",,,,,Pedalcycle,Pedalcycle,Pedalcycle,,,N,Level,Straight,Straight Ahead,No Controls,No Special Function,None,,
86633996,2017,1,WINTER HAVEN,FL,33884,,Vehicle in Transport,FL,,N,2013,TOYT,,4D,SIL,,0,N,,N,North,,,,,,,,,Left Front Fender,,Passenger Car,,,,,,Motor Vehicle in Transport,Motor Vehicle in Transport,,,,,Level,,Stopped in Traffic,No Controls,No Special Function,None,,
86667173,2017,1,PORT SAINT LUCIE,FL,34953,N,Vehicle in Transport,FL,N,N,2008,HOND,,4D,SIL,Minor,200,N,,N,North,SW ABERDEEN ST,20,30,2,,,,,Right Front Door,Right Front Door,Passenger Car,"Two-Way, Not Divided",,,,,,Pedestrian,,,,N,Level,Straight,Straight Ahead,No Controls,No Special Function,None,,
86679013,2017,1,LAUDERDALE LAKES,FL,33311,N,Vehicle in Transport,FL,N,N,2009,NISS,,4D,GRY,None,0,N,,N,North,NW 21ST ST,15,5,2,,,,,Left Rear Fender,Left Rear Fender,Passenger Car,"Two-Way, Not Divided",,,,,Motor Vehicle in Transport,Motor Vehicle in Transport,,,,N,Level,Straight,Turning Left,No Controls,No Special Function,None,,
86686952,2017,1,BOYNTON BEACH,FL,33436,N,Vehicle in Transport,FL,N,N,2002,HOND,,4D,SIL,None,0,N,Driver,N,South,NE 2ND ST,5,30,2,,,,,,,Passenger Car,"Two-Way, Not Divided",,,,,Motor Vehicle in Transport,Motor Vehicle in Transport,,,,N,Level,Straight,Straight Ahead,No Controls,No Special Function,None,,
86749804,2017,1,FORT LAUDERDALE,FL,33311,N,Vehicle in Transport,FL,N,N,2007,HYUN,,4D,SIL,Minor,250,N,Driver,N,East,NW 6TH ST,10,35,4,,,,,Front Right Bumper,Front Right Bumper,Passenger Car,"Two-Way, Divided, Positive Median Barrier",,,,,Motor Vehicle in Transport,Motor Vehicle in Transport,,,,N,Level,Straight,Turning Right,Stop Sign,No Special Function,None,,
86753761,2017,1,LARGO,FL,33770,N,Vehicle in Transport,FL,N,N,2012,FORD,,VAN,WHI,None,0,N,,Y,North,ALLEY,1,10,2,,,,,,,"Cargo Van (10,000 lbs (4,536 kg) or less)","Two-Way, Not Divided",,,,,Pedalcycle,Pedalcycle,,,,N,Level,Straight,Straight Ahead,No Controls,No Special Function,None,,N
86759956,2017,1,SEMINOLE,FL,33776,N,Vehicle in Transport,FL,,N,2010,TOYOT,,4D,WHI,Minor,500,N,Driver,N,North,FORT HARRISON AVE S,5,30,2,,,,,Right Front Fender,Right Front Fender,Passenger Car,"Two-Way, Not Divided",,,,,Pedalcycle,Pedalcycle,,,,N,Level,Straight,Turning Right,Traffic Control Signal,No Special Function,None,,
86765276,2017,1,HOLLY HILL,FL,32117,,Vehicle in Transport,FL,,N,2002,HOND,,4D,BLK,None,0,N,Driver,N,East,CEDAR ST.,5,25,2,,,,,Right Front Fender,,Passenger Car,"Two-Way, Not Divided",,,,,Pedestrian,Pedestrian,,,,N,Level,Straight,Straight Ahead,No Controls,No Special Function,None,,
86771693,2017,1,CAPE CORAL,FL,33991,N,Vehicle in Transport,FL,N,N,2007,FORD,,4DR,GRN,None,0,N,Driver,N,North,SKYLINE BLVD,10,35,2,,,,,Front Right Bumper,Front Right Bumper,Passenger Car,"Two-Way, Not Divided",,,,,,Pedalcycle,,,,N,Level,Straight,Turning Right,Stop Sign,No Special Function,None,,
86779134,2017,1,HOLLYWOOD,FL,33020,N,Vehicle in Transport,,Y,N,,,,OTHR,GRN,None,0,N,Driver,Y,South,N BROADWALK,3,,1,,,,,,Trailer,Other,"Two-Way, Not Divided",,,,,Pedalcycle,Pedalcycle,,,,N,Level,Straight,Straight Ahead,No Controls,No Special Function,None,,
86781923,2017,1,MIAMI,FL,33147,N,Vehicle in Transport,FL,N,N,2013,INFI,,4D,SIL,Functional,500,N,,N,South,N FEDERAL HWY,20,35,4,,,,,Front Center Bumper,Front Center Bumper,Passenger Car,"Two-Way, Divided, Positive Median Barrier",,,,,Pedalcycle,Pedalcycle,,,,N,Level,Straight,Turning Left,Traffic Control Signal,No Special Function,None,,
86802552,2017,1,OCALA,FL,34470 Y,N,Vehicle in Transport,FL,N,N,1997,TOYT,,4D,GRY,Functional,150,N,,N,West,NE 12TH ST,15,30,2,,,,,Right Rear Fender,Right Rear Fender,Passenger Car,"Two-Way, Not Divided",,,,,Motor Vehicle in Transport,Motor Vehicle in Transport,Pedestrian,,,N,Level,Straight,Straight Ahead,No Controls,No Special Function,None,,
86802971,2017,1,UK,,UK,,Vehicle in Transport,,,,,NISSA,SENTRA,4D,BLK,Unknown,0,,,,South,SW MARTIN LUTHER KING AVE,,45,4,,N,,,Front Center Bumper,Front Center Bumper,Passenger Car,"Two-Way, Not Divided",,,No Cargo,Not Applicable,Motor Vehicle in Transport,Motor Vehicle in Transport,,,,,Level,Straight,Turning Right,No Controls,Unknown,Unknown,,N
86802971,2017,2,,,,,Vehicle in Transport,,,,,TRICY,SUN SPORRT,,RED / SIL,Minor,100,,,,East,SR 200,2,45,5,,N,,,,,Other,"Two-Way, Not Divided",,,No Cargo,Not Applicable,Pedalcycle,Pedalcycle,,,,,Level,Straight,Straight Ahead,No Controls,No Special Function,None,,N
86808040,2017,2,KISSIMMEE,FL,34743,N,Vehicle in Transport,FL,N,N,2016,LEXUS,,4 DOOR,BLACK,Minor,2000,N,,N,South,PARKING LOT,10,,2,,,,,Left Front Door,Left Rear Fender,Passenger Car,"Two-Way, Not Divided",,,,,Motor Vehicle in Transport,Motor Vehicle in Transport,,,,N,Level,Straight,Straight Ahead,No Controls,No Special Function,None,,
86813576,2017,1,RIVIERA BEACH,FL,33404,,Vehicle in Transport,FL,,Y,2000,CHEV,,2D,RED,Functional,1000,N,Rotation,N,East,1600 27TH WAY,15,20,1,,,,,Front Left Bumper,Front Left Bumper,Passenger Car,"Two-Way, Divided, Positive Median Barrier",,,,,Motor Vehicle in Transport,Motor Vehicle in Transport,,,,N,Level,Straight,Straight Ahead,No Controls,No Special Function,None,,
86816250,2017,1,,,,N,,,,Y,,UK,,UNKNOWN,UNKNOWN,Unknown,0,,,N,,,,,,,,,,,,Unknown,,,,,,,,,,,,,,Unknown,,Unknown,Unknown,Unknown,
86816250,2017,2,STUART,FL,34997,N,Parked Motor Vehicle,FL,,N,2013,KIA,,UT,SIL,Functional,2000,N,,N,East,NORFOLK BLVD SE,0,25,2,,,,,Left Front Door,Left Front Door,(Sport) Utility Vehicle,One-Way Trafficway,,,,,Motor Vehicle in Transport,Motor Vehicle in Transport,Parked Motor Vehicle,Pedalcycle,,N,Level,Straight,Parked,No Controls,No Special Function,None,,
86821512,2017,1,BRADENTON,FL,34205,,Vehicle in Transport,FL,,N,2016,FORD,,5D,BLK,,0,N,,Y,South,,,,,,,,,Right Rear Fender,,Passenger Car,,,,,,Motor Vehicle in Transport,Motor Vehicle in Transport,,,,,Level,,Straight Ahead,No Controls,No Special Function,None,,
86844071,2017,1,BRADENTON,FL,34207,N,Vehicle in Transport,FL,,N,2009,HOND,,4D,BGE,Minor,100,N,,N,East,E LAMBRIGHT ST,5,25,2,,,,,Front Center Bumper,Front Center Bumper,Passenger Car,"Two-Way, Not Divided",,,,,Motor Vehicle in Transport,Motor Vehicle in Transport,,,,N,Level,Straight,Straight Ahead,No Controls,No Special Function,Unknown,,
86856186,2017,1,PORT ST JOE,FL,32456,,Vehicle in Transport,FL,,,1996,MAZDA,,PK,BLK,Minor,100,,Driver,,West,AVE C,5,35,2,,,,,Front Center Bumper,Front Center Bumper,Pickup,"Two-Way, Not Divided",,,,,Motor Vehicle in Transport,Motor Vehicle in Transport,,,,,Level,Straight,Turning Right,No Controls,No Special Function,None,,
86865558,2017,1,MIAMI GARDENS,FL,33055,N,Vehicle in Transport,FL,,Y,2012,NISS,,4D,BLK,Unknown,0,N,Rotation,N,South,SW 27 AVE,,,2,,,,,Front Right Bumper,Front Right Bumper,Passenger Car,"Two-Way, Not Divided",,,,,Motor Vehicle in Transport,Motor Vehicle in Transport,,,,N,Level,Straight,Straight Ahead,No Controls,Unknown,Unknown,Unknown,
86869420,2017,1,MIAMI,FL,33127,N,Vehicle in Transport,FL,,N,2010,KIA,,4D,GRN,Disabling,3000,N,Owner Request,N,North,OUT OF THE PARKING LOT,10,30,4,,,,,Left Front Fender,Left Front Fender,Passenger Car,"Two-Way, Not Divided",,,,,Motor Vehicle in Transport,Motor Vehicle in Transport,,,,N,Level,Straight,Turning Right,No Controls,No Special Function,None,,
86871849,2017,1,MIAMI,FL,33168,,Vehicle in Transport,FL,,,2004,CHEV,,4D,WHI,Disabling,2800,,Rotation,,West,NW 62 STREET,5,30,4,,,,,Front Right Bumper,Right Front Fender,Passenger Car,"Two-Way, Not Divided",,,,,Motor Vehicle in Transport,Motor Vehicle in Transport,,,,,Level,Straight,Turning Left,No Controls,No Special Function,None,,
86886883,2017,1,MIAMI,FL,33176,,Vehicle in Transport,FL,,N,2012,FORD,,4D,WHI,Minor,1500,N,Driver,N,North,SW 102 AVE,35,35,2,,,,,Front Center Bumper,Left Front Fender,Passenger Car,"Two-Way, Not Divided",,,,,,Motor Vehicle in Transport,,,,N,Level,Straight,Straight Ahead,No Controls,No Special Function,None,,
86888692,2017,1,TULSA,OK,74134,,Vehicle in Transport,VA,,N,2017,JEEP,,UT,BLK,Minor,50,N,Driver,Y,Off-Road,7795 W. FLAGLER STREET,10,15,2,,,,,Rear Center Bumper,Rear Center Bumper,(Sport) Utility Vehicle,"Two-Way, Not Divided",,,,,Motor Vehicle in Transport,Motor Vehicle in Transport,,,,N,Level,Straight,Backing,No Controls,No Special Function,None,,
86899448,2017,1,MIAMI,FL,33169,,Vehicle in Transport,FL,,,1997,FORD,,PK,WHI,None,0,,Driver,,North,NE 6 AVE (SR 915),20,35,2,,,,,Front Center Bumper,,Pickup,"Two-Way, Divided, Unprotected (painted >4 feet) Median",,,,,Pedalcycle,Pedalcycle,,,,,Level,Straight,Turning Right,No Controls,No Special Function,None,,
86907055,2017,1,,,,,Vehicle in Transport,,,Y,,,,,,,0,,,N,South,LIme AVE. N/,3,25,2,,,,,Front Center Bumper,Front Center Bumper,Passenger Car,"Two-Way, Divided, Positive Median Barrier",,,,,Motor Vehicle in Transport,Motor Vehicle in Transport,,,,N,Level,Curve Right,Turning Right,School Zone Sign/Device,No Special Function,None,,
86916787,2017,1,,,,,Vehicle in Transport,,,,,,,,BLK,,0,,,,North,RIVERWOOD BL,10,25,4,,,,,,,Unknown,"Two-Way, Divided, Positive Median Barrier",,,,,,,,,,,Uphill,Straight,Turning Right,Stop Sign,No Special Function,,,
86916787,2017,2,BROOKSVILLE,FL,34601,,Vehicle in Transport,FL,,,2001,CHEV,,LL,SIL,None,0,,,,North,RIVERWOOD BL,5,25,4,,,,,,,(Sport) Utility Vehicle,"Two-Way, Divided, Positive Median Barrier",,,,,Pedalcycle,Pedalcycle,,,,,Uphill,Straight,Turning Right,Stop Sign,No Special Function,None,,
86919822,2017,1,RUSKIN,FL,33570-3512,,Vehicle in Transport,FL,,,2002,PONT,,4D,RED,Minor,1000,,,,North,21ST ST SE,40,35,2,,,,,Front Center Bumper,Front Center Bumper,Passenger Car,"Two-Way, Not Divided",,,,,Pedalcycle,Pedalcycle,,,,,Level,Straight,Straight Ahead,No Controls,No Special Function,None,,
86920724,2017,1,GIBSONTON,FL,33534-3955,N,Vehicle in Transport,FL,N,N,2009,HOND,,LL,BLU,Minor,1,N,,N,East,LAKE VISTA DR,5,25,2,,,,,Front Center Bumper,Front Center Bumper,(Sport) Utility Vehicle,"Two-Way, Not Divided",,,,,Pedalcycle,Pedalcycle,,,,N,Level,Straight,Turning Right,Stop Sign,No Special Function,None,,
86926697,2017,1,STUART,FL,34997,N,Vehicle in Transport,FL,,N,2008,MERZ,,4D,GRY,Minor,1000,N,,N,South,SR 5,35,45,4,,,,,Front Center Bumper,Front Center Bumper,Passenger Car,"Two-Way, Divided, Positive Median Barrier",,,,,Motor Vehicle in Transport,Motor Vehicle in Transport,,,,N,Level,Straight,Straight Ahead,Traffic Control Signal,No Special Function,None,,
86939836,2017,1,HAINES CITY,FL,33844,,Vehicle in Transport,FL,,N,1996,NISS,,4D,GRN,Functional,1500,N,Driver,N,South,1122 us 17 92 north,30,45,2,,,,,Front Right Bumper,Front Right Bumper,Passenger Car,"Two-Way, Not Divided",,,,,Motor Vehicle in Transport,Motor Vehicle in Transport,,,,N,Level,Straight,Straight Ahead,No Controls,No Special Function,None,,
86940535,2017,1,MASCOTTE,FL,34753,N,Vehicle in Transport,FL,N,N,2010,CADI,,UT,BLK,None,0,N,,N,West,CHARLOTTE ST,5,25,2,,,,,,,(Sport) Utility Vehicle,"Two-Way, Not Divided",,,,,Pedalcycle,Pedalcycle,,,,N,Level,Straight,Turning Left,No Controls,No Special Function,None,,
86942111,2017,1,TITUSVILLE,FL,32796,,Vehicle in Transport,FL,,,2012,TOYOT,,SU,BLU,Functional,500,,Driver,,West,LEVITT PKWY,3,20,2,,,,,Left Front Fender,Left Front Fender,(Sport) Utility Vehicle,"Two-Way, Not Divided",,,,,Motor Vehicle in Transport,Motor Vehicle in Transport,Pedestrian,,,,Level,Straight,Turning Right,Stop Sign,No Special Function,None,,
86946130,2017,1,OAKLAND PARK,FL,33334,N,Vehicle in Transport,FL,Y,N,2007,CHEV,,VAN,WHI,None,0,N,,N,South,NORTH A1A,10,30,2,,,,,Front Right Bumper,,Passenger Van,"Two-Way, Divided, Positive Median Barrier",,,,,Pedalcycle,Pedalcycle,,,,N,Level,Straight,Turning Right,Traffic Control Signal,No Special Function,None,,
86977183,2017,1,LONGWOOD,FL,32750,,Vehicle in Transport,FL,,N,2009,NISS,,4D,SIL,Minor,100,N,Driver,N,South,PARKING LOT,4,10,2,,,,,Rear Center Bumper,Rear Center Bumper,Passenger Car,"Two-Way, Not Divided",,,,,Pedalcycle,Pedalcycle,,,,N,Level,Straight,Backing,No Controls,No Special Function,None,,
86986705,2017,1,KEY WEST,FL,33040,,Vehicle in Transport,FL,,,2014,GMC,,PK,WHI,Functional,3000,,Rotation,,East,TRUMAN AVE,25,25,2,,,,,Left Front Door,Left Front Door,Pickup,"Two-Way, Not Divided",,,,,Pedalcycle,Pedalcycle,,,,,Level,Straight,Straight Ahead,Traffic Control Signal,No Special Function,None,,
87009269,2017,1,MIAMI,FL,33142,N,Vehicle in Transport,FL,N,N,2015,HYUN,,4D,GRY,Functional,500,N,,N,West,SW 62ND TER,20,30,2,,,,,Front Center Bumper,Front Center Bumper,Passenger Car,"Two-Way, Not Divided",,,,,Pedestrian,Pedestrian,,,,N,Level,Straight,Straight Ahead,No Controls,No Special Function,None,,
87017869,2017,1,MIAMI BEACH,FL,33141,,Vehicle in Transport,FL,,,2009,DODG,,TK,BLK,Disabling,5000,,Owner Request,,South,WASHINGTON AVE,30,30,4,,,,,Front Right Bumper,Front Right Bumper,Pickup,"Two-Way, Divided, Positive Median Barrier",,,,,Motor Vehicle in Transport,Motor Vehicle in Transport,,,,,Level,Straight,Straight Ahead,Traffic Control Signal,No Special Function,None,,
87019330,2017,1,LAKE WORTH,FL,33467,,Vehicle in Transport,FL,,,2008,TOYT,,SUV,BLK,Disabling,10000,,Rotation,,West,OKEECHOBEE BLVD,45,45,8,,,,,Front Center Bumper,Front Center Bumper,(Sport) Utility Vehicle,"Two-Way, Divided, Positive Median Barrier",,,,,Motor Vehicle in Transport,Motor Vehicle in Transport,,,,,Level,Straight,Straight Ahead,No Controls,No Special Function,None,,
87025878,2017,1,TITUSVILLE,FL,32796,,Vehicle in Transport,FL,,,2002,FORD,,4D,WHI,Functional,2500,,Driver,,West,US92 / INTERNATIONAL SPEEDWAY BLVD.,55,55,4,,,,,Front Right Bumper,Front Center Bumper,Passenger Car,"Two-Way, Not Divided",,,,,Motor Vehicle in Transport,Motor Vehicle in Transport,,,,,Level,Straight,Straight Ahead,No Controls,No Special Function,None,,
87029652,2017,1,LARGO,FL,33771,,Vehicle in Transport,FL,,,2005,UK,,MD,BLK,Minor,200,,Driver,,West,CR 296 (BRYAN DAIRY RD),10,45,6,,,,,,,Other,"Two-Way, Divided, Unprotected (painted >4 feet) Median",,,,,Motor Vehicle in Transport,Motor Vehicle in Transport,,,,,Level,Straight,Straight Ahead,No Controls,No Special Function,None,,
87029652,2017,2,SEMINOLE,FL,33772,,Vehicle in Transport,FL,,,2009,VOLV,,4D,SIL,Minor,30,,Driver,,North,75TH ST N,5,25,2,,,,,Front Center Bumper,Front Center Bumper,Passenger Car,"Two-Way, Divided, Unprotected (painted >4 feet) Median",,,,,Other Non-Fixed Object,Other Non-Fixed Object,,,,,Level,Straight,Turning Right,Stop Sign,No Special Function,None,,
87061939,2017,1,KEYSTONE HEIGHTS,FL,32656,,Vehicle in Transport,FL,,,2006,CHEV,,TK,WHI,Minor,10,,Driver,,North,BLANDING BLVD,10,45,3,,,,,Trailer,Trailer,Pickup,"Two-Way, Divided, Positive Median Barrier",,,,,Motor Vehicle in Transport,Motor Vehicle in Transport,,,,,Level,Straight,Straight Ahead,No Controls,No Special Function,None,,
87075590,2017,1,PLANTATION,FL,33317,N,Vehicle in Transport,FL,,N,2013,TOYT,,5D,RED,None,0,N,Driver,N,South,6731 CYPRESS RD,10,10,2,,,,,Front Left Bumper,Front Left Bumper,Passenger Car,"Two-Way, Not Divided",,,,,Pedalcycle,Pedalcycle,,,,N,Level,Curve Left,Negotiating a Curve,No Controls,No Special Function,None,,
87078418,2017,1,VENICE,FL,34285,N,Vehicle in Transport,FL,,N,2017,CHEV,,4D,GRY,Minor,250,N,Driver,N,South,HARBOR DR N,10,30,2,,,,,Front Right Bumper,Front Right Bumper,Passenger Car,"Two-Way, Divided, Positive Median Barrier",,,,,Motor Vehicle in Transport,Motor Vehicle in Transport,,,,N,Level,Straight,Turning Left,Stop Sign,No Special Function,None,,
87076559,2017,1,FERNANDINA BEACH,FL,32034,N,Vehicle in Transport,FL,,Y,1999,MERZ,,CV,BLK,Functional,1500,Y,Driver,N,South,PARKING LOT 3318 SEA MARSH RD,5,5,2,,,,,Front Center Bumper,Front Center Bumper,Passenger Car,"Two-Way, Not Divided",,,,,Motor Vehicle in Transport,Motor Vehicle in Transport,,,,,Level,Straight,Straight Ahead,No Controls,No Special Function,None,,
87076559,2017,2,FERNANDINA BEACH,FL,32034,,Parked Motor Vehicle,FL,,Y,2010,JEEP,,4H,BLK,Functional,500,N,,N,,,,,,,,,,Rear Right Bumper,Rear Right Bumper,(Sport) Utility Vehicle,"Two-Way, Not Divided",,,,,Parked Motor Vehicle,Parked Motor Vehicle,Pedestrian,,,N,Level,Straight,Parked,No Controls,No Special Function,None,,
87078915,2017,1,EAST PALATKA,FL,32177,,Vehicle in Transport,FL,,,2004,DODG,,PK,SIL,None,0,,Driver,,North,MOSELEY AVENUE,5,30,2,,,,,Left Front Fender,,Pickup,"Two-Way, Not Divided",,,,,,Pedestrian,,,,,Level,Straight,Turning Right,No Controls,No Special Function,None,,
87085465,2017,1,,,,,Vehicle in Transport,,,,,,,,,,0,,Driver,,South,S FEDERAL HWY,35,35,4,,,,,Right Front Door,Right Front Door,Passenger Car,Unknown,,,,,Motor Vehicle in Transport,Motor Vehicle in Transport,Pedalcycle,,,,Level,Straight,Turning Left,Unknown,No Special Function,Unknown,Wheels,
87088333,2017,1,PLANTATION,FL,33325,N,Vehicle in Transport,FL,N,N,2015,CHEV,,2D,SIL,Functional,1500,N,Driver,N,East,N FEDERAL HWY,2,5,1,,,,,Right Front Fender,Right Front Fender,Passenger Car,"Two-Way, Divided, Positive Median Barrier",,,,,Motor Vehicle in Transport,Motor Vehicle in Transport,,,,N,Level,Straight,Turning Right,Stop Sign,No Special Function,None,,
87111076,2017,1,,,,N,Vehicle in Transport,,N,Y,,,,,,Unknown,0,N,,N,North,OFF RAMP CR 611,5,35,2,,,,,Front Center Bumper,Front Center Bumper,,One-Way Trafficway,,,,,Pedalcycle,Pedalcycle,,,,N,Level,Straight,Turning Right,Traffic Control Signal,No Special Function,Unknown,,
87134056,2017,1,UNKNOWN,FL,99999,N,Vehicle in Transport,FL,N,,,UNKNO,,UNKNOWN,BLK,Unknown,0,N,,N,Unknown,WHISPER LAKES BOULEVARD,45,45,4,,,,,,,Passenger Car,"Two-Way, Divided, Positive Median Barrier",,,,,Pedalcycle,Pedalcycle,,,,N,Level,Straight,Unknown,No Controls,No Special Function,None,,
87134056,2017,2,UNKNOWN,FL,99999,N,Vehicle in Transport,,N,N,2017,WHEEL,,WC,BLK,Disabling,500,Y,Rotation,N,Unknown,WHISPER LAKES BOULEVARD,,45,4,,,,,Roof,Roof,Other,"Two-Way, Divided, Positive Median Barrier",,,,,Motor Vehicle in Transport,Motor Vehicle in Transport,,,,N,Level,Straight,Other,No Controls,No Special Function,None,,
87314652,2017,1,MIAMI,FL,33142,,Vehicle in Transport,FL,,,2001,FORD,,PK,TAN,Functional,500,,Driver,,South,LITTLE RIVER DR,5,25,2,,,,,Front Right Bumper,Front Right Bumper,Passenger Car,"Two-Way, Not Divided",,,,,Pedestrian,Pedestrian,,,,,Level,Straight,Turning Right,Stop Sign,No Special Function,None,,
87316891,2017,1,ATLANTA,GA,30348,,Vehicle in Transport,GA,,N,2017,FORD,,4D,BLU,Minor,500,N,Driver,N,South,9451 EASTER RD,30,30,2,,,,,Front Center Bumper,Front Center Bumper,Passenger Car,"Two-Way, Not Divided",,,,,Pedestrian,Pedestrian,,,,N,Level,Straight,Straight Ahead,No Controls,No Special Function,None,,
87343624,2017,1,LAKELAND,FL,33805,N,Vehicle in Transport,FL,,N,2003,FORD,,UT,BGE,None,0,N,Driver,N,Off-Road,DAVIS AVE N,5,5,1,,,,,Front Left Bumper,Front Left Bumper,(Sport) Utility Vehicle,"Two-Way, Not Divided",,,,,Motor Vehicle in Transport,Motor Vehicle in Transport,,,,N,Level,Straight,Straight Ahead,No Controls,No Special Function,None,,
87368419,2017,1,PALM BAY,FL,32908,,Vehicle in Transport,FL,,,2014,LNDR,,UT,WHI,Functional,200,,Driver,,North,WHITEHALL AVE SW,5,30,4,,,,,Front Right Bumper,Front Right Bumper,(Sport) Utility Vehicle,"Two-Way, Not Divided",,,,,Motor Vehicle in Transport,Motor Vehicle in Transport,,,,,Level,Straight,Turning Right,Stop Sign,No Special Function,None,,
87386702,2017,1,LAKE PARK,FL,33403,,Vehicle in Transport,FL,,,2000,YAMA,,MC,UNKN,Disabling,200,,Rotation,,North,DOUGLASS AVE,30,25,2,,,,,Front Center Bumper,Left Rear Door,All Terrain Vehicle (ATV),"Two-Way, Divided, Positive Median Barrier",,,,,Motor Vehicle in Transport,Motor Vehicle in Transport,,,,,Level,Straight,Straight Ahead,No Controls,No Special Function,None,,
87392105,2017,1,LAKE WORTH,FL,33460,N,Vehicle in Transport,FL,N,N,2016,MINC,,4D,BLK,Functional,1000,N,,N,East,5540 S UNIVERSITY DR,10,15,2,,,,,Rear Left Bumper,Rear Left Bumper,Passenger Car,"Two-Way, Not Divided",,,,,Other Non-Fixed Object,Other Non-Fixed Object,,,,N,Level,Straight,Backing,No Controls,No Special Function,None,,
