REPORT_NUMBER,CRASH_YEAR,PERSON_NUMBER,STATUTE_NUMBER,CHARGE,CITATION_NUMBER
86717258,2016,1,316.121,FAILED TO YIELD,A62GN0E
84619248,2017,1,316.151(1)(b),IMPROPER LEFT TURN,A83UZOE
84619248,2017,2,322.03(1),NO DRIVER LICENSE - NEVER HAD ONE ISSUED (IF VALID AT TIME C,A83UZPE
85325779,2017,1,316.123(2)(a),RAN STOP SIGN,A6IJ1AE
87386702,2017,1,320.02(1),REGISTRATION -DRIVING AN UNREGISTERD VEHICLE,A56QGJE
85383819,2017,2,322.34(10)(a),OPERATING WHILE DL SUSPENDED / CANCELLED / REVOKED (SPECIFY,A7HEW2E
85383819,2017,2,316.646(1),NO PROOF OF INSURANCE,A7HEW3E
85383819,2017,5,316.2065(8),PARENT/GUARDIAN ALLOW BIKE VIOLATION,A7HEWBE
85457340,2017,1,316.123(2)(a),RAN STOP SIGN,A7HV4JE
85472090,2017,1,322.03(1),NO DRIVER LICENSE - NEVER HAD ONE ISSUED,A7LN1UE
85493291,2017,1,316.646(1),NO PROOF OF INSURANCE,A7J8I0E
85493291,2017,2,322.1615,LEARNER'S DRIVER LICENSE - VIOLATION OF RESTRICTION,A7J8I1E
85494526,2017,2,316.130(8),PEDESTRIAN LEAVE PLACE OF SAFETY AND ENTER PATH OF VEHICLE,A7K2IYE
85494831,2017,1,316.130(10),PEDESTRIAN FAILED TO YIELD TO TRAFFIC,A7LR48E
85504990,2017,1,316.122,FAIL TO YIELD - TO ONCOMING TRAFFIC/VEHICLE PASSING ON LEFT,A7KQLNE
85554855,2017,1,316.1985(1),BACKING - IMPROPER,A8R7GXE
85598124,2017,1,316.130(7)(b),FAILED TO YIELD RIGHT-OF-WAY TO PEDESTRIAN AT CROSSWALK WITH,A8RM0IE
85598124,2017,3,316.2065(3)(d),VIOLATION OF HELMET REGULATION,A8RM0JE
85605676,2017,2,316.2065(5)(a),SLOW BIKE FAIL TO RIDE RIGHT CURB,A8SIRXE
86159202,2017,3,316.2065(8),PARENT/GUARDIAN ALLOW BIKE VIOLATION,A7UKF7E
86287755,2017,1,316.130(2),Pedestrian fail to obey traffic signal at intersection,A7BQ5CE
86759956,2017,1,316.1925,CARELESS DRIVING,A7V598E
86771693,2017,1,316.130(7),T: PEDESTRIAN CROSSING NO SIGNAL/FTYROW,A22S5SP
86808040,2017,1,316.1925(1),CARELESS DRIVING           316.1925,A28V-VUP
86813576,2017,1,316.1925(1),Careless Driving,A9B6AQE
86865558,2017,1,316.1925(1),CARELESS DRIVING,A85PEVE
86865558,2017,1,316.061(1),CRASH - LEAVING SCENE WITHOUT GIVING INFORMATION MORE THAN $,A85PEXE
86871849,2017,5,316.400(1),MOTORCYCLE HEADLIGHTS - NO/IMPROPER,A85S7RE
86871849,2017,5,322.34(2),OPERATING WHILE DL SUSPENDED/CANCELED/REVOKED (SPECIFY REASO,A85S87E
86871849,2017,5,320.02(1),NO MOTOR VEHICLE REGISTRATION - SEE 320.37 FOR OUT OF STATE,A85S8KE
86888692,2017,1,316.1925(1),CARELESS DRIVING\nREASON:,A2D2D6P
86899448,2017,1,316.1925(1),CARELESS DRIVING\nREASON:,A27XCJP
86942111,2017,1,316.1925(1),CARELESS DRIVING,A2DRFRP
86977183,2017,1,316.1985(1),LIMITATIONS ON BACKING,A262FOP
87017869,2017,1,316.646(1),OPERATING A NON-CMV NOT PROPERLY INSURED,A80SNCE
87017869,2017,1,322.15(1),DL NOT CARRIED/EXHIBIT ON DEMAND.,A80SNDE
87025878,2017,1,316.027(1),CRASH - Leaving scene on public or private property without,A0FFCNE
87029652,2017,1,316.1925.1,CARELESS DRIVING,A804X4E
87029652,2017,1,316.1925.1,CARELESS DRIVING,A804X4E
87075590,2017,1,316.185,SPECIAL HAZARD - FAILED TO USE DUE CARE,A0DZAAP
87078418,2017,2,316.2065(1),VIOLATION BICYCLE REGULATIONS,A81B6JE
87076559,2017,1,316.061(1),LEAVE SCENE OF CRASH INVOLVE DAMAGE TO PROP,A8LKMCE
87314652,2017,2,322.34(2)(A),DWLS W/ KNOWLEDGE,A2EX6ZP
87314652,2017,2,316.066(1)(D),NONO INSURNACE,A2EX70P
87368419,2017,1,316.183(1),FAILED TO USE DUE CARE,A8J6HJE
87386702,2017,1,322.34(2),"DRIVING WHILE DL SUSPENDED,REVOKED, CANCELLED W/ KNOWLEDGE",A56QGHE
87386702,2017,1,316.088(2),DRIVE IN WRONG DIRECTION ON ONE WAY ROAD,A56QGIE
