REPORT_NUMBER,CRASH_YEAR,CRASH_DATE_AND_TIME,REPORT_DATE_AND_TIME,INVESTIGATING_AGENCY_REPORT_NUMBER,FORM_TYPE,TOTAL_NUMBER_OF_VEHICLES,TOTAL_NUMBER_OF_PERSONS,COUNTY_CODE,CITY_CODE,COUNTY_NAME,CITY_NAME,RURAL_OR_URBAN,NOTIFIED_TIME,DISPATCHED_TIME,ARRIVED_TIME,CLEARED_TIME,COMPLETED_FLAG,NOTIFIED_BY,ON_STREET_ROAD_HIGHWAY,STREET_ADDRESS_NUMBER,LATITUDE,LONGITUDE,FEET_FROM_INTERSECTION,DIRECTION_FROM_INTERSECTION,FROM_INTERSECTION_OF,MILEPOST_NUMBER,ROAD_SYSTEM_IDENTIFER,TYPE_OF_SHOULDER,TYPE_OF_INTERSECTION,PHOTOS_TAKEN,LIGHT_CONDITION,WEATHER_CONDITION,ROAD_SURFACE_CONDITION,SCHOOL_BUS_RELATED_CODE,TYPE_OF_IMPACT,FIRST_HARMFUL_EVENT,LOCATION,INTERCHANGE_FLAG,JUNCTION_FLAG,ROAD_CIRCUMSTANCES_1,ROAD_CIRCUMSTANCES_2,ROAD_CIRCUMSTANCES_3,ENVIRONMENT_CIRCUMSTANCES_1,ENVIRONMENT_CIRCUMSTANCES_2,ENVIRONMENT_CIRCUMSTANCES_3,WORK_ZONE_RELATED_FLAG,CRASH_IN_WORK_ZONE,TYPE_OF_WORK_ZONE,WORKERS_PRESENT,LAW_ENFORCEMENT_PRESENT,INVESTIGATOR_RANK,INVESTIGATING_AGENCY_NAME,INVESTIGATING_AGENCY_TYPE,LOAD_DATE,UPDATE_DATE,DAYS_TO_LOAD,CODEABLE,S4_CRASH_TYPE,S4_CRASH_TYPE_SIMPLIFIED,S4_CRASH_SEVERITY,S4_CRASH_SEVERITY_DETAIL,S4_DAY_OR_NIGHT,S4_IS_AGGRESSIVE_DRIVING,S4_IS_ALCOHOL_RELATED,S4_IS_CMV_INVOLVED,S4_IS_DISTRACTED,S4_IS_DRUG_RELATED,S4_IS_HIT_AND_RUN,S4_IS_INTERSECTION_RELATED,S4_IS_LANE_DEPARTURE_RELATED,S4_IS_SPEEDING_RELATED,S4_NONE_INJURY_COUNT,S4_INJURY_COUNT,S4_POSSIBLE_INJURY_COUNT,S4_NON_INCAPACITATING_INJURY_COUNT,S4_INCAPACITATING_INJURY_COUNT,S4_FATALITY_COUNT,S4_FATALITY_WITHIN_30_DAYS_COUNT,S4_NON_TRAFFIC_FATALITY_COUNT,S4_TRAILER_COUNT,S4_MOTORCYCLE_COUNT,S4_MOPED_COUNT,S4_NON_MOTORIST_COUNT,S4_BICYCLIST_COUNT,S4_PEDESTRIAN_COUNT,S4_DRIVER_COUNT,S4_AGING_DRIVER_COUNT,S4_TEENAGER_DRIVER_COUNT,S4_PASSENGER_COUNT,S4_UNRESTRAINED_COUNT,S4_UNRESTRAINED_INJURY_COUNT,S4_UNRESTRAINED_INCAPACITATING_INJURY_COUNT,S4_UNRESTRAINED_FATALITY_COUNT,S4_MOTORCYCLIST_COUNT,S4_MOTORCYCLIST_INCAPACITATING_INJURY_COUNT,S4_MOTORCYCLIST_FATALITY_COUNT,S4_IS_PEDESTRIAN_INVOLVED,S4_PEDESTRIAN_INCAPACITATING_INJURY_COUNT,S4_PEDESTRIAN_FATALITY_COUNT,S4_IS_BICYCLIST_INVOLVED,S4_BICYCLIST_INCAPACITATING_INJURY_COUNT,S4_BICYCLIST_FATALITY_COUNT,S4_CITATION_COUNT,S4_CITATION_AMOUNT,S4_PROPERTY_DAMAGE_COUNT,S4_PROPERTY_DAMAGE_AMOUNT,S4_VEHICLE_DAMAGE_COUNT,S4_VEHICLE_DAMAGE_AMOUNT,S4_TOTAL_DAMAGE_AMOUNT,S4_TRANSPORT_BY_EMS_COUNT,S4_TRANSPORT_BY_LAW_ENFORCEMENT_COUNT,S4_TRANSPORT_BY_OTHER_COUNT,S4_GEOLOCATION_STATUS,S4_PRELIMINARY_GEOLOCATION_STATUS,S4_X,S4_Y,S4_LATITUDE,S4_LONGITUDE
26559477,2024,19-JUN-2024 08:31 AM,19-JUN-2024 12:00 AM,CW24-87921,L,1,2,4,36,Pinellas,Clearwater,Urban,6/19/2024 8:31:00 AM,6/19/2024 8:35:00 AM,6/19/2024 8:46:00 AM,6/19/2024 9:24:00 AM,Y,Law Enforcement,FRANKLIN ST,,27.962994,-82.794362,0,,S PROSPECT AVE,,Local,Curb,T-Intersection,N,Daylight,Clear,Dry,N,,Pedalcycle,On Roadway,N,Intersection,None,,,None,,,N,,,,,PST,Clearwater Police Department,Police Department (PD),6/25/2024 7:45:00 PM,6/25/2024 7:45:00 PM,6,Y,Bicycle,Bicycle,Serious Injury,Incapacitating Injury,DAY,N,N,N,N,N,N,Y,N,N,1,1,0,0,1,0,0,0,0,0,0,1,1,0,1,0,0,0,0,0,0,0,0,0,0,N,0,0,Y,1,0,1,0,1,500,1,5000,5500,1,0,0,Preliminary,Editor Mapped,323495.9802,3094398.5485,27.9629873386604,-82.7943751467741
26559902,2024,11-AUG-2024 03:02 PM,11-AUG-2024 12:00 AM,CW24-114855,L,1,3,4,36,Pinellas,Clearwater,Urban,8/11/2024 3:02:00 PM,8/11/2024 3:03:00 PM,8/11/2024 3:08:00 PM,8/11/2024 4:30:00 PM,Y,Law Enforcement,SUNSET POINT RD,,27.990882,-82.722337,196,East,SOUTH DR,,Local,Curb,Not at Intersection,N,Daylight,Clear,Dry,N,,Pedalcycle,On Roadway,N,Non-Junction,None,,,None,,,N,,,,,PST,Clearwater Police Department,Police Department (PD),8/13/2024 7:45:00 PM,8/13/2024 7:45:00 PM,2,Y,Bicycle,Bicycle,Injury,Non-Incapacitating Injury,DAY,N,N,N,N,N,N,N,N,N,2,1,0,1,0,0,0,0,0,0,0,1,1,0,1,0,0,1,0,0,0,0,0,0,0,N,0,0,Y,0,0,1,0,1,500,1,500,1000,0,0,0,Preliminary,Editor Mapped,330626.863,3097385.5407,27.9908657601641,-82.7223366500108
26559946,2024,15-AUG-2024 05:11 PM,15-AUG-2024 12:00 AM,CW24-117211,L,1,2,4,36,Pinellas,Clearwater,Urban,8/15/2024 5:11:00 PM,8/15/2024 5:15:00 PM,8/15/2024 5:22:00 PM,8/15/2024 5:45:00 PM,Y,Law Enforcement,DREW STREET,,27.967997,-82.754647,0,,HERCULES AVE N,,Local,Curb,Four-Way Intersection,N,Daylight,Rain,Wet,N,,Pedestrian,On Roadway,N,Intersection,None,,,None,,,N,,,,,PST,Clearwater Police Department,Police Department (PD),8/17/2024 7:25:00 PM,8/17/2024 7:25:00 PM,2,N,Pedestrian,Pedestrian,No Injury,No Injury,DAY,N,N,N,N,N,N,Y,N,N,2,0,0,0,0,0,0,0,0,0,0,1,1,0,1,0,0,0,0,0,0,0,0,0,0,N,0,0,Y,0,0,0,0,0,0,1,1000,1000,0,0,0,Preliminary,Editor Mapped,327412.2054,3094895.4938,27.967984646194,-82.7546499731083
26560148,2024,06-SEP-2024 03:33 PM,06-SEP-2024 12:00 AM,CW24-129154,L,1,2,4,36,Pinellas,Clearwater,Urban,9/6/2024 3:33:00 PM,9/6/2024 3:34:00 PM,9/6/2024 3:41:00 PM,9/6/2024 4:09:00 PM,Y,Law Enforcement,N MYRTLE AVE,,27.97753,-82.795926,0,,BLANCHE B LITTLEJOHN TRL,,Local,Curb,Not at Intersection,N,Daylight,Clear,Dry,N,,Pedalcycle,On Roadway,N,Non-Junction,None,,,None,,,N,,,,,PST,Clearwater Police Department,Police Department (PD),9/10/2024 7:55:00 PM,9/10/2024 7:55:00 PM,4,Y,Bicycle,Bicycle,Injury,Possible Injury,DAY,N,N,N,N,N,N,N,N,N,1,1,1,0,0,0,0,0,0,0,0,1,1,0,1,0,0,0,0,0,0,0,0,0,0,N,0,0,Y,0,0,1,0,1,300,1,300,600,0,0,0,Preliminary,Editor Mapped,323366.9539,3096011.2312,27.977521280846,-82.7959273347159
26560230,2024,14-SEP-2024 09:08 PM,14-SEP-2024 12:00 AM,CW24-133689,L,1,2,4,36,Pinellas,Clearwater,Urban,9/14/2024 9:08:00 PM,9/14/2024 9:08:00 PM,9/14/2024 9:09:00 PM,9/14/2024 11:30:00 PM,N,Law Enforcement,COURT ST,,27.960807,-82.788953,239,East,S MADISON AVE,,State,Curb,Not at Intersection,Y,Dark - Lighted,Clear,Wet,N,,Pedestrian,On Roadway,N,Through Roadway,None,,,None,,,N,,,,,OFFICER,Clearwater Police Department,Police Department (PD),9/27/2024 7:27:00 PM,9/27/2024 7:27:00 PM,13,Y,Pedestrian,Pedestrian,Serious Injury,Incapacitating Injury,NIGHT,N,N,N,N,N,N,N,N,N,0,2,1,0,1,0,0,0,0,0,0,1,1,0,1,0,0,0,0,0,0,0,0,0,0,N,0,0,Y,1,0,0,0,0,0,1,5000,5000,1,0,0,Preliminary,Editor Mapped,324026.2525,3094148.577,27.9608020427125,-82.7889492385114
26560863,2024,15-NOV-2024 02:11 PM,15-NOV-2024 12:00 AM,CW24-164301,L,1,2,4,36,Pinellas,Clearwater,Urban,11/15/2024 2:11:00 PM,11/15/2024 2:15:00 PM,11/15/2024 2:22:00 PM,11/15/2024 4:00:00 PM,Y,Law Enforcement,S KEENE RD,,27.96535,-82.76337,0,,CLEVELAND ST,,Local,Curb,Not at Intersection,N,Daylight,Clear,Dry,N,,Pedestrian,On Roadway,N,Intersection-Related,None,,,None,,,N,,,,,OFFICER,Clearwater Police Department,Police Department (PD),11/23/2024 7:26:00 PM,11/23/2024 7:26:00 PM,8,Y,Pedestrian,Pedestrian,Injury,Possible Injury,DAY,N,N,N,N,N,Y,Y,N,N,0,1,1,0,0,0,0,0,0,0,0,1,1,0,1,0,0,0,0,0,0,0,0,0,0,N,0,0,Y,0,0,0,0,1,25,0,0,25,1,0,0,Preliminary,Editor Mapped,326550.8203,3094615.2778,27.9653443019671,-82.7633629343861
26560866,2024,14-NOV-2024 03:46 PM,14-NOV-2024 12:00 AM,CW24-163914,L,1,2,4,36,Pinellas,Clearwater,Urban,11/14/2024 5:46:00 PM,11/14/2024 5:46:00 PM,11/14/2024 5:50:00 PM,11/14/2024 7:00:00 PM,Y,Law Enforcement,GULF TO BAY BLVD,1403,27.964628,-82.779155,78,South,PARK ST,,Other,Paved,Not at Intersection,N,Daylight,Clear,Dry,N,,Other Non-Fixed Object,Off Roadway,N,Driveway/Alley Access Related,None,,,None,,,N,,,,,OFC,Clearwater Police Department,Police Department (PD),11/21/2024 7:27:00 PM,11/21/2024 7:27:00 PM,7,Y,Single Vehicle,Other,Injury,Possible Injury,DAY,N,N,N,N,N,N,N,N,N,1,1,1,0,0,0,0,0,0,0,0,1,1,0,1,0,0,0,0,0,0,0,0,0,0,N,0,0,Y,0,0,1,0,1,200,1,500,700,1,0,0,Preliminary,Editor Mapped,324997.5651,3094556.9069,27.9646143841349,-82.7791392052412
26564059,2024,24-JUL-2024 07:07 PM,24-JUL-2024 12:00 AM,2024-17263,L,1,3,6,82,Palm Beach,Palm Springs,Urban,7/24/2024 7:07:00 PM,7/24/2024 7:11:00 PM,7/24/2024 7:17:00 PM,7/24/2024 7:42:00 PM,Y,Law Enforcement,S MILITARY TRL,,26.649892,-80.112233,188,North,BARBRIDGE RD,,Local,Paved,Not at Intersection,N,Daylight,Clear,Dry,N,,Pedalcycle,Off Roadway,N,Non-Junction,None,,,None,,,N,,,,,OFC.,Palm Springs Police Department,Police Department (PD),8/15/2024 7:29:00 PM,8/15/2024 7:29:00 PM,22,N,Bicycle,Bicycle,No Injury,No Injury,NIGHT,N,N,N,Y,N,N,N,N,N,3,0,0,0,0,0,0,0,0,0,0,1,1,0,1,0,0,1,0,0,0,0,0,0,0,N,0,0,Y,0,0,0,0,0,0,1,500,500,1,0,0,Preliminary,Editor Mapped,588352.9273,2947964.0986,26.6498788369966,-80.1122361351623
26564145,2024,30-AUG-2024 08:55 AM,28-AUG-2024 12:00 AM,2024-20463,L,1,2,6,82,Palm Beach,Palm Springs,Urban,8/30/2024 8:55:00 AM,8/30/2024 8:55:00 AM,8/30/2024 9:15:00 AM,8/30/2024 9:15:00 AM,Y,Law Enforcement,KIRK RD,,26.652156,-80.104394,,,FOREST HILL BLVD,,County,Curb,Not at Intersection,N,Daylight,Clear,Dry,N,,Pedestrian,On Roadway,N,Non-Junction,None,,,None,,,N,,,,,TRAFFIC OFFICER,Palm Springs Police Department,Police Department (PD),8/31/2024 7:26:00 PM,8/31/2024 7:26:00 PM,1,Y,Pedestrian,Pedestrian,Injury,Possible Injury,DAY,N,N,N,N,N,Y,N,N,N,0,1,1,0,0,0,0,0,0,0,0,1,1,0,1,0,0,0,0,0,0,0,0,0,0,N,0,0,Y,0,0,0,0,0,0,0,0,0,0,0,0,Preliminary,Editor Mapped,589131.8166,2948221.5081,26.6521536238681,-80.1043925420017
26564484,2024,30-OCT-2024 03:15 PM,30-OCT-2024 12:00 AM,2024-26541,L,1,5,6,82,Palm Beach,Palm Springs,Urban,10/30/2024 3:15:00 PM,10/30/2024 3:18:00 PM,10/30/2024 3:25:00 PM,10/30/2024 4:08:00 PM,Y,Law Enforcement,FOREST HILL BLVD,,26.651583,-80.10443,67,West,KIRK RD,,State,Curb,Four-Way Intersection,N,Daylight,Clear,Dry,N,,Pedalcycle,On Roadway,N,Intersection,None,,,None,,,N,,,,,CSA,Palm Springs Police Department,Police Department (PD),11/7/2024 7:29:00 PM,11/7/2024 7:29:00 PM,8,Y,Bicycle,Bicycle,Injury,Non-Incapacitating Injury,DAY,N,N,N,N,N,N,Y,N,N,4,1,0,1,0,0,0,0,0,0,0,1,1,0,1,0,0,3,0,0,0,0,0,0,0,N,0,0,Y,0,0,1,0,0,0,1,250,250,1,0,0,Preliminary,Officer Mapped,589128.7661,2948157.2943,26.6515740991596,-80.1044277146925
26564743,2024,30-DEC-2024 07:45 PM,30-DEC-2024 12:00 AM,2024-32447,L,1,2,6,82,Palm Beach,Palm Springs,Urban,12/30/2024 7:45:00 PM,12/30/2024 7:46:00 PM,12/30/2024 7:48:00 PM,12/30/2024 8:57:00 PM,Y,Law Enforcement,FOREST HILL BLVD,,26.651352,-80.104108,46,East,KIRK RD,,Local,Curb,Four-Way Intersection,N,Dark - Not Lighted,Clear,Dry,N,,Pedalcycle,On Roadway,N,Shared-Use Path or Trail,None,,,None,,,N,,,,,OFC.,Palm Springs Police Department,Police Department (PD),1/3/2025 7:38:00 PM,1/3/2025 7:38:00 PM,4,Y,Bicycle,Bicycle,Injury,Possible Injury,NIGHT,N,N,N,N,N,Y,N,N,N,1,1,1,0,0,0,0,0,0,0,0,1,1,0,1,0,0,0,0,0,0,0,0,0,0,N,0,0,Y,0,0,0,0,0,0,0,0,0,1,0,0,Preliminary,Officer Mapped,589161.0686,2948132.3473,26.6513468341205,-80.1041049268513
26565832,2024,31-MAR-2024 03:40 AM,31-MAR-2024 12:00 AM,2024-013065,L,1,2,5,0,Polk,Unincorporated,Rural,3/31/2024 3:43:00 AM,3/31/2024 3:44:00 AM,3/31/2024 3:56:00 AM,3/31/2024 4:48:00 AM,Y,Law Enforcement,4800 NEW TAMPA HWY,,,,61,West,AMICK LOOP,,County,Unpaved,Not at Intersection,Y,Dark - Not Lighted,Clear,Dry,N,Other,Motor Vehicle in Transport,On Roadway,N,Non-Junction,None,,,None,,,N,,,,,,Polk County Sheriff's Office,Sheriff's Office (SO),4/14/2024 7:13:00 PM,4/14/2024 7:13:00 PM,14,Y,Single Vehicle,Other,Injury,Non-Incapacitating Injury,NIGHT,N,N,N,N,N,N,N,N,N,1,1,0,1,0,0,0,0,0,0,0,1,1,0,1,0,0,0,0,0,0,0,0,0,0,N,0,0,Y,0,0,0,0,0,0,1,3000,3000,1,0,0,Preliminary,Editor Mapped,399235.4956,3101376.7537,28.0338584878082,-82.025126292224
26567509,2024,07-MAY-2024 03:11 PM,07-MAY-2024 12:00 AM,2024-018936,L,1,2,5,0,Polk,Unincorporated,Rural,5/7/2024 3:11:00 PM,5/7/2024 3:11:00 PM,5/7/2024 3:24:00 PM,5/7/2024 4:15:00 PM,Y,Law Enforcement,SAND MINE RD,,,,0,,US 27,,Local,Paved,Four-Way Intersection,Y,Daylight,Clear,Dry,N,Angle,Motor Vehicle in Transport,On Roadway,N,Non-Junction,None,,,None,,,N,,,,,Dep.,Polk County Sheriff's Office,Sheriff's Office (SO),5/21/2024 8:11:00 PM,5/21/2024 8:11:00 PM,14,N,Single Vehicle,Other,No Injury,No Injury,DAY,N,N,N,N,N,N,N,N,N,2,0,0,0,0,0,0,0,0,0,0,1,1,0,1,0,0,0,0,0,0,0,0,0,0,N,0,0,Y,0,0,0,0,0,0,0,0,0,0,0,0,Preliminary,Editor Mapped,434577.2756,3131748.8109,28.3102229109299,-81.6673014661308
26568681,2024,11-JUN-2024 03:57 PM,11-JUN-2024 12:00 AM,2024-023955,L,1,2,5,0,Polk,Unincorporated,Rural,6/11/2024 3:58:00 PM,6/11/2024 4:00:00 PM,6/11/2024 4:12:00 PM,6/11/2024 6:17:00 PM,Y,Law Enforcement,AVENUE A E,,,,,,2ND ST E,,Local,Unpaved,Not at Intersection,Y,Daylight,Clear,Dry,N,Angle,Pedalcycle,Shoulder,N,Acceleration/Deceleration Lane,None,,,None,,,N,,,,,Dep.,Polk County Sheriff's Office,Sheriff's Office (SO),6/21/2024 7:29:00 PM,6/21/2024 7:29:00 PM,10,Y,Bicycle,Bicycle,Injury,Non-Incapacitating Injury,DAY,N,N,N,N,N,N,N,Y,N,1,1,0,1,0,0,0,0,0,0,0,1,1,0,1,0,0,0,0,0,0,0,0,0,0,N,0,0,Y,0,0,0,0,0,0,1,500,500,1,0,0,Preliminary,Editor Mapped,422902.6835,3092238.467,27.9529577374745,-81.7837727915564
26569287,2024,31-JUL-2024 09:10 PM,31-JUL-2024 12:00 AM,2024-030447,L,1,2,5,0,Polk,Unincorporated,Rural,7/31/2024 9:10:00 PM,7/31/2024 9:12:00 PM,7/31/2024 9:16:00 PM,7/31/2024 10:25:00 PM,Y,Law Enforcement,HWY 98 S,,,,0,,BROOKS ST,,U.S.,Paved,Other,Y,Dark - Lighted,Clear,Dry,N,Other,Pedalcycle,On Roadway,N,Intersection-Related,None,,,None,,,N,,,,,,Polk County Sheriff's Office,Sheriff's Office (SO),8/12/2024 7:36:00 PM,8/12/2024 7:36:00 PM,12,Y,Bicycle,Bicycle,Injury,Non-Incapacitating Injury,NIGHT,N,N,N,N,N,N,Y,N,N,1,1,0,1,0,0,0,0,0,0,0,1,1,0,1,0,0,0,0,0,0,0,0,0,0,N,0,0,Y,0,0,0,0,0,0,1,800,800,1,0,0,Preliminary,Editor Mapped,411130.7707,3097945.3507,28.0037358060606,-81.9038642989689
26570340,2024,11-APR-2024 02:33 PM,11-APR-2024 12:00 AM,202409471,L,1,2,24,50,St. Lucie,Port St. Lucie,Urban,4/11/2024 4:27:00 PM,4/11/2024 4:31:00 PM,4/11/2024 4:48:00 PM,4/11/2024 5:34:00 PM,Y,Law Enforcement,SW DEL RIO BLVD,1207,,,,,,,Parking Lot,Paved,T-Intersection,N,Daylight,Clear,Dry,N,Other,Pedestrian,On Roadway,N,Non-Junction,None,,,None,,,N,,,,,POLICE OFFICER,Port St. Lucie Police Department,Police Department (PD),4/13/2024 7:19:00 PM,4/13/2024 7:19:00 PM,2,Y,Pedestrian,Pedestrian,Injury,Possible Injury,DAY,N,N,N,N,N,N,N,N,N,1,1,1,0,0,0,0,0,0,0,0,1,1,0,1,0,0,0,0,0,0,0,0,0,0,N,0,0,Y,0,0,0,0,1,2000,1,1000,3000,0,0,0,Preliminary,Editor Mapped,561161.9868,3018546.4194,27.2885474150856,-80.3819638009204
26573349,2024,28-OCT-2024 09:06 AM,28-OCT-2024 12:00 AM,202427724,L,1,2,24,50,St. Lucie,Port St. Lucie,Urban,10/28/2024 10:09:00 AM,10/28/2024 10:14:00 AM,10/28/2024 10:18:00 AM,10/28/2024 1:06:00 PM,Y,Law Enforcement,SW PORT ST LUCIE BLVD,622,,,364,East,,,Other,Paved,T-Intersection,N,Daylight,Cloudy,Dry,N,Other,Pedalcycle,Off Roadway,N,Driveway/Alley Access Related,None,,,None,,,N,,,,,CIVILIAN CRASH INVESTIGATOR,Port St. Lucie Police Department,Police Department (PD),10/31/2024 2:13:00 AM,10/31/2024 2:13:00 AM,3,Y,Bicycle,Bicycle,Injury,Non-Incapacitating Injury,DAY,N,N,N,Y,N,N,N,N,N,1,1,0,1,0,0,0,0,0,0,0,1,1,0,1,0,0,0,0,0,0,0,0,0,0,N,0,0,Y,0,0,1,0,0,0,1,900,900,1,0,0,Preliminary,Editor Mapped,562717.2622,3016424.8405,27.2693241530613,-80.366357318696
26573873,2024,26-NOV-2024 12:39 PM,27-NOV-2024 12:00 AM,202430524,L,1,3,24,50,St. Lucie,Port St. Lucie,Urban,11/26/2024 12:39:00 PM,11/26/2024 12:40:00 PM,11/26/2024 12:44:00 PM,11/26/2024 12:55:00 PM,Y,Law Enforcement,NW ST LUCIE WEST BLVD,1754,,,,,,,Parking Lot,Curb,Not at Intersection,N,Daylight,Clear,Dry,N,Angle,Motor Vehicle in Transport,Off Roadway,N,Non-Junction,None,,,None,,,N,,,,,POLICE OFFICER,Port St. Lucie Police Department,Police Department (PD),12/4/2024 7:29:00 PM,12/4/2024 7:29:00 PM,8,Y,Single Vehicle,Other,Injury,Possible Injury,DAY,N,N,N,N,N,N,N,N,N,2,1,1,0,0,0,0,0,0,0,0,1,1,0,1,0,0,1,0,0,0,0,0,0,0,N,0,0,Y,0,0,0,0,0,0,1,500,500,0,0,0,Preliminary,Editor Mapped,558764.8641,3021042.5465,27.311186686735,-80.4060655083714
26573982,2024,09-DEC-2024 09:29 AM,09-DEC-2024 12:00 AM,202431542,L,1,2,24,50,St. Lucie,Port St. Lucie,Urban,12/9/2024 9:54:00 AM,12/9/2024 9:54:00 AM,12/9/2024 10:00:00 AM,12/9/2024 11:00:00 AM,Y,Law Enforcement,2400-BLK SE MORNINGSIDE BLVD,2400-BLK,,,176,North,,,Local,Paved,T-Intersection,Y,Daylight,Clear,Dry,N,Other,Pedalcycle,Roadside,N,Intersection-Related,None,,,None,,,N,,,,,POLICE OFFICER,Port St. Lucie Police Department,Police Department (PD),12/11/2024 7:32:00 PM,12/11/2024 7:32:00 PM,2,Y,Bicycle,Bicycle,No Injury,No Injury,DAY,N,N,N,Y,N,Y,Y,N,N,2,0,0,0,0,0,0,0,0,0,0,1,1,0,1,0,0,0,0,0,0,0,0,0,0,N,0,0,Y,0,0,0,0,0,0,1,1,1,0,0,0,Preliminary,Editor Mapped,569516.3805,3016581.8737,27.2704138973254,-80.297659785256
26576048,2024,27-JUN-2024 05:45 PM,27-JUN-2024 12:00 AM,2024014419,L,1,2,15,0,Manatee,Unincorporated,Urban,6/27/2024 5:45:00 PM,6/27/2024 7:20:00 PM,6/27/2024 7:30:00 PM,6/27/2024 8:30:00 PM,N,Law Enforcement,49TH ST W,,27.495694,-82.610026,0,,MANATEE AVE W,,County,Curb,Four-Way Intersection,Y,Daylight,Clear,Dry,N,,Pedalcycle,On Roadway,N,Intersection,None,,,None,,,N,,,,,SERGEANT,Manatee County Sheriff's Office,Sheriff's Office (SO),6/28/2024 7:32:00 PM,6/28/2024 7:32:00 PM,1,Y,Bicycle,Bicycle,Injury,Possible Injury,DAY,N,N,N,N,N,N,Y,N,N,1,1,1,0,0,0,0,0,0,0,0,1,1,0,1,1,0,0,0,0,0,0,0,0,0,N,0,0,Y,0,0,1,0,0,0,0,0,0,1,0,0,Preliminary,Editor Mapped,340955.4939,3042370.6509,27.4956845266921,-82.6100233153891
26576187,2024,01-AUG-2024 12:25 PM,01-AUG-2024 12:00 AM,2024017181,L,1,2,15,0,Manatee,Unincorporated,Rural,8/1/2024 12:25:00 PM,8/1/2024 12:25:00 PM,8/1/2024 12:33:00 PM,8/1/2024 1:05:00 PM,Y,Law Enforcement,UPPER MANATEE RIVER RD NE,,27.503418,-82.433776,0,,3RD AVE NE,,County,Unpaved,T-Intersection,Y,Daylight,Clear,Dry,N,,Other Non-Fixed Object,On Roadway,N,Intersection,None,,,None,,,N,,,,,SERGEANT,Manatee County Sheriff's Office,Sheriff's Office (SO),8/2/2024 7:34:00 PM,8/2/2024 7:34:00 PM,1,Y,Single Vehicle,Other,Injury,Possible Injury,DAY,N,N,N,N,N,N,Y,N,N,1,1,1,0,0,0,0,0,0,0,0,1,1,0,1,0,0,0,0,0,0,0,0,0,0,N,0,0,Y,0,0,1,0,0,0,0,0,0,0,0,0,Preliminary,Editor Mapped,358378.7506,3043013.3609,27.5034138107394,-82.4337687064399
26577400,2024,30-JUL-2024 09:05 PM,30-JUL-2024 12:00 AM,T24071332,L,1,2,12,60,Lake,Tavares,Urban,7/30/2024 9:20:00 PM,7/30/2024 9:23:00 PM,7/30/2024 9:27:00 PM,7/30/2024 10:13:00 PM,Y,Law Enforcement,CR-19A,,28.8046,-81.719128,0,,OLD US-441,,County,Unpaved,Not at Intersection,N,Dark - Lighted,Clear,Dry,N,,Pedalcycle,On Roadway,N,Driveway/Alley Access Related,None,,,None,,,N,,,,,OFC,Tavares Police Department,Police Department (PD),8/1/2024 7:25:00 PM,8/1/2024 7:25:00 PM,2,Y,Bicycle,Bicycle,Injury,Possible Injury,NIGHT,N,N,N,N,N,N,N,N,N,1,1,1,0,0,0,0,0,0,0,0,1,1,0,1,0,0,0,0,0,0,0,0,0,0,N,0,0,Y,0,0,1,0,0,0,1,2000,2000,0,0,0,Preliminary,Editor Mapped,429824.8656,3186549.3737,28.8045990239405,-81.7191259281972
26578877,2024,18-MAR-2024 03:08 PM,18-MAR-2024 12:00 AM,2401829,L,1,2,6,84,Palm Beach,Riviera Beach,Urban,3/18/2024 3:08:00 PM,3/18/2024 3:08:00 PM,3/18/2024 3:15:00 PM,3/18/2024 4:10:00 PM,Y,Motorist,RJ HENDLEY AVE,,,,0,,SILVER BEACH RD,,Local,Curb,T-Intersection,Y,Daylight,Clear,Dry,N,"Sideswipe, Same Direction",Pedalcycle,On Roadway,N,Non-Junction,None,,,None,,,N,,,,,POLICE OFFICER,Riviera Beach Police Department,Police Department (PD),4/3/2024 7:41:00 PM,4/3/2024 7:41:00 PM,16,Y,Bicycle,Bicycle,Injury,Non-Incapacitating Injury,DAY,N,N,N,N,N,N,N,Y,N,1,1,0,1,0,0,0,0,0,0,0,1,1,0,1,0,1,0,0,0,0,0,0,0,0,N,0,0,Y,0,0,2,0,0,0,1,1000,1000,1,0,0,Preliminary,Editor Mapped,591604.936,2963871.4808,26.793279369122,-80.0784075056759
26579006,2024,16-APR-2024 08:51 AM,17-APR-2024 12:00 AM,2402529,L,1,3,6,84,Palm Beach,Riviera Beach,Urban,4/16/2024 8:57:00 AM,4/16/2024 8:58:00 AM,4/16/2024 9:12:00 AM,4/16/2024 9:54:00 AM,Y,Law Enforcement,SR 809,,,,0,,WOOD EDGE CIR,,State,Paved,Other,Y,Daylight,Clear,Dry,N,Other,Pedalcycle,On Roadway,,Entrance/Exit Ramp,Unknown,,,Unknown,,,N,,,,,POLICE OFFICER,Riviera Beach Police Department,Police Department (PD),5/25/2024 7:22:00 PM,5/25/2024 7:22:00 PM,39,Y,Bicycle,Bicycle,Injury,Possible Injury,DAY,N,N,N,N,N,N,N,N,N,2,1,1,0,0,0,0,0,0,0,0,2,2,0,1,0,0,0,0,0,0,0,0,0,0,N,0,0,Y,0,0,0,0,0,0,0,0,0,1,0,1,Preliminary,Editor Mapped,588784.4482,2963341.7574,26.7886789460873,-80.1068176813103
26579311,2024,01-JUL-2024 12:50 PM,01-JUL-2024 12:00 AM,2404466,L,1,2,6,84,Palm Beach,Riviera Beach,Urban,7/1/2024 12:50:00 PM,7/1/2024 12:50:00 PM,7/1/2024 12:52:00 PM,7/1/2024 1:53:00 PM,Y,Law Enforcement,W 15TH ST,,,,0,,AUSTRALIAN AVENUE,,Local,Curb,Four-Way Intersection,N,Daylight,Clear,Dry,N,Other,Pedalcycle,On Roadway,N,Non-Junction,None,,,None,,,N,,,,,PT,Riviera Beach Police Department,Police Department (PD),7/11/2024 7:21:00 PM,7/11/2024 7:21:00 PM,10,Y,Bicycle,Bicycle,Injury,Non-Incapacitating Injury,DAY,N,N,N,N,N,N,N,N,N,1,1,0,1,0,0,0,0,0,0,0,1,1,0,1,0,0,0,0,0,0,0,0,0,0,N,0,0,Y,0,0,0,0,0,0,1,1,1,1,0,0,Preliminary,Editor Mapped,592450.539,2961936.5966,26.7757562504652,-80.0700435800625
26579641,2024,02-OCT-2024 10:41 AM,02-OCT-2024 12:00 AM,2406741,L,1,2,6,84,Palm Beach,Riviera Beach,Urban,10/2/2024 10:41:00 AM,10/2/2024 10:41:00 AM,10/2/2024 10:43:00 AM,10/2/2024 11:05:00 AM,Y,Law Enforcement,PRESIDENT BARACK OBAMA HWY,,,,0,,W 36TH STREET,,County,Curb,T-Intersection,N,Daylight,Clear,Dry,N,Other,Pedalcycle,On Roadway,N,Non-Junction,None,,,None,,,N,,,,,PT,Riviera Beach Police Department,Police Department (PD),10/22/2024 8:01:00 PM,10/22/2024 8:01:00 PM,20,Y,Bicycle,Bicycle,Injury,Non-Incapacitating Injury,DAY,N,N,N,N,N,N,N,N,N,1,1,0,1,0,0,0,0,0,0,0,1,1,0,1,0,0,0,0,0,0,0,0,0,0,N,0,0,Y,0,0,0,0,0,0,1,10,10,0,0,0,Preliminary,Editor Mapped,592380.4989,2963644.0286,26.7911750214788,-80.0706224998831
26579831,2024,15-NOV-2024 01:41 PM,15-NOV-2024 12:00 AM,2407832,L,1,2,6,84,Palm Beach,Riviera Beach,Urban,11/15/2024 1:45:00 PM,11/15/2024 1:45:00 PM,11/15/2024 1:45:00 PM,11/15/2024 2:45:00 PM,Y,Law Enforcement,SR 809 N MILITARY TRL,,,,20,East,PORT WEST BLVD,,State,Curb,T-Intersection,N,Daylight,Clear,Dry,N,Angle,Pedalcycle,On Roadway,N,Non-Junction,None,,,None,,,N,,,,,,Riviera Beach Police Department,Police Department (PD),11/22/2024 8:08:00 PM,11/22/2024 8:08:00 PM,7,Y,Bicycle,Bicycle,Injury,Non-Incapacitating Injury,DAY,N,N,N,N,N,N,N,N,N,1,1,0,1,0,0,0,0,0,0,0,1,1,0,1,0,0,0,0,0,0,0,0,0,0,N,0,0,Y,0,0,0,0,0,0,1,250,250,1,0,0,Preliminary,Editor Mapped,588710.0224,2961243.8176,26.7697439305347,-80.1077144278503
26580012,2024,28-DEC-2024 02:54 PM,28-DEC-2024 12:00 AM,2408818,L,1,2,6,84,Palm Beach,Riviera Beach,Urban,12/28/2024 2:54:00 PM,12/28/2024 2:56:00 PM,12/28/2024 3:08:00 PM,12/28/2024 3:33:00 PM,Y,Law Enforcement,DR MARTIN LUTHER KING JR BLVD,1555,,,462,East,,,State,Paved,Not at Intersection,Y,Daylight,Clear,Dry,N,Other,Motor Vehicle in Transport,On Roadway,N,Non-Junction,None,,,None,,,N,,,,,POLICE OFFICER,Riviera Beach Police Department,Police Department (PD),12/30/2024 8:05:00 PM,12/30/2024 8:05:00 PM,2,Y,Single Vehicle,Other,Injury,Possible Injury,DAY,N,N,N,N,N,N,N,N,N,1,1,1,0,0,0,0,0,0,0,0,1,1,0,1,0,0,0,0,0,0,0,0,0,0,N,0,0,Y,0,0,0,0,0,0,1,500,500,1,0,0,Preliminary,Computer mapped confident by address,591473.4883,2961261.6525,26.7697272066845,-80.0799197797598
26584637,2024,19-MAR-2024 04:32 PM,19-MAR-2024 12:00 AM,24-137530,L,1,2,18,0,Lee,Unincorporated,Rural,3/19/2024 4:32:00 PM,3/19/2024 4:32:00 PM,3/19/2024 4:34:00 PM,3/19/2024 5:21:00 PM,Y,Law Enforcement,ORTIZ AVE,,26.673333,-81.814052,0,,GARCIA AVE,,County,Unpaved,Four-Way Intersection,Y,Daylight,Clear,Dry,N,,Pedestrian,On Roadway,N,Intersection-Related,None,,,None,,,N,,,,,DEP,Lee County Sheriff's Office,Sheriff's Office (SO),3/21/2024 7:24:00 PM,3/21/2024 7:24:00 PM,2,Y,Pedestrian,Pedestrian,Injury,Non-Incapacitating Injury,DAY,N,N,N,N,N,N,Y,N,N,1,1,0,1,0,0,0,0,0,0,0,1,1,0,1,0,0,0,0,0,0,0,0,0,0,N,0,0,Y,0,0,0,0,0,0,1,100,100,1,0,0,Preliminary,Editor Mapped,419000.3194,2950512.256,26.6733260933588,-81.8140484656663
26586691,2024,04-MAY-2024 03:20 PM,04-MAY-2024 12:00 AM,24-218327,L,1,2,18,0,Lee,Unincorporated,Rural,5/4/2024 3:20:00 PM,5/4/2024 3:28:00 PM,5/4/2024 3:41:00 PM,5/4/2024 4:00:00 PM,Y,Law Enforcement,E 5TH ST,,26.618067,-81.591685,78,West,MCARTHUR AVE,,Local,Unpaved,Other,N,Daylight,Clear,Dry,N,,Pedalcycle,On Roadway,N,Other,None,,,None,,,N,,,,,CSA,Lee County Sheriff's Office,Sheriff's Office (SO),5/5/2024 7:15:00 PM,5/5/2024 7:15:00 PM,1,Y,Bicycle,Bicycle,Injury,Possible Injury,DAY,N,N,N,N,N,Y,N,N,N,0,1,1,0,0,0,0,0,0,0,0,1,1,0,1,0,0,0,0,0,0,0,0,0,0,N,0,0,Y,0,0,0,0,0,0,1,1000,1000,1,0,0,Preliminary,Editor Mapped,441098.2055,2944269.4443,26.6180614328404,-81.5916849905271
26589230,2024,15-AUG-2024 08:30 AM,15-AUG-2024 12:00 AM,2024-00016377,L,1,2,19,50,Brevard,Rockledge,Urban,8/15/2024 9:28:00 AM,8/15/2024 9:28:00 AM,8/15/2024 9:28:00 AM,8/15/2024 10:45:00 AM,Y,Law Enforcement,FLOYD DR,,28.33092,-80.738922,0,,BARTON BLVD,,Local,Curb,T-Intersection,N,Daylight,Clear,Dry,N,,Pedalcycle,On Roadway,Y,Other,None,,,None,,,N,,,,,OFFICER,Rockledge Police Department,Police Department (PD),12/12/2024 7:34:00 PM,12/12/2024 7:34:00 PM,119,Y,Bicycle,Bicycle,Injury,Possible Injury,DAY,N,N,N,N,N,N,N,N,N,1,1,1,0,0,0,0,0,0,0,0,1,1,0,1,0,0,0,0,0,0,0,0,0,0,N,0,0,Y,0,0,0,0,0,0,1,100,100,0,0,1,Preliminary,Officer Mapped,525589.4579,3133889.8408,28.3309309711811,-80.7389382177135
26589326,2024,21-OCT-2024 11:00 PM,22-OCT-2024 12:00 AM,2024-00021656,L,1,2,19,50,Brevard,Rockledge,Urban,10/21/2024 11:11:00 PM,10/21/2024 11:14:00 PM,10/21/2024 11:16:00 PM,10/21/2024 12:15:00 AM,Y,Law Enforcement,UNNAMED RD,,28.330878,-80.737931,0,,BARTON BLVD,,Local,Curb,Four-Way Intersection,Y,Dark - Lighted,Rain,Wet,N,,Pedalcycle,Shoulder,N,Intersection-Related,Road Surface Condition,None,,None,,,N,,,,,OFC,Rockledge Police Department,Police Department (PD),12/12/2024 7:34:00 PM,12/12/2024 7:34:00 PM,52,Y,Bicycle,Bicycle,No Injury,No Injury,NIGHT,N,N,N,N,N,Y,Y,N,N,2,0,0,0,0,0,0,0,0,0,0,1,1,0,1,0,0,0,0,0,0,0,0,0,0,N,0,0,Y,0,0,0,0,1,500,0,0,500,0,0,0,Preliminary,Officer Mapped,525688.6852,3133885.1844,28.3308869984059,-80.7379260198171
26590570,2024,17-FEB-2024 10:10 PM,17-FEB-2024 12:00 AM,282402005719,L,1,4,10,40,Broward,Hallandale Beach,Urban,2/17/2024 10:13:00 PM,2/17/2024 10:13:00 PM,2/17/2024 10:24:00 PM,2/17/2024 10:50:00 PM,Y,Motorist,NE 8TH AV,,,,9,West,NE 4TH CT,,Local,Paved,T-Intersection,N,Dark - Lighted,Clear,Dry,N,Angle,Motor Vehicle in Transport,On Roadway,N,Non-Junction,None,,,None,,,N,,,,,CIVILIAN,Hallandale Beach Police Department,Police Department (PD),2/27/2024 8:16:00 PM,2/27/2024 8:16:00 PM,10,Y,Single Vehicle,Other,Injury,Non-Incapacitating Injury,NIGHT,N,N,N,N,N,N,N,N,N,3,1,0,1,0,0,0,0,0,0,0,1,1,0,1,0,0,2,0,0,0,0,0,0,0,N,0,0,Y,0,0,0,0,0,0,1,2500,2500,0,0,0,Preliminary,Editor Mapped,586024.2623,2874953.1509,25.9908486318119,-80.1405115676229
26590789,2024,05-APR-2024 08:25 AM,05-APR-2024 12:00 AM,282404011485,L,2,2,10,40,Broward,Hallandale Beach,Urban,4/5/2024 8:26:00 AM,4/5/2024 8:27:00 AM,4/5/2024 8:32:00 AM,4/5/2024 9:02:00 AM,Y,Law Enforcement,LAYNE BLVD,,,,0,,EGRET DR,,Local,Paved,T-Intersection,N,Daylight,Clear,Dry,N,Angle,Pedalcycle,On Roadway,N,Non-Junction,None,,,None,,,N,,,,,OFFICER,Hallandale Beach Police Department,Police Department (PD),4/18/2024 1:23:00 AM,4/18/2024 1:23:00 AM,13,Y,Bicycle,Bicycle,Injury,Possible Injury,DAY,N,N,N,N,N,N,N,N,N,1,1,1,0,0,0,0,0,0,0,1,1,1,0,1,1,0,0,0,0,0,0,0,0,0,N,0,0,Y,0,0,0,0,0,0,2,950,950,0,0,0,Preliminary,Editor Mapped,586835.7172,2873884.4602,25.9811512020496,-80.1324757056746
26590881,2024,25-APR-2024 01:30 PM,26-APR-2024 12:00 AM,282404013696,L,1,3,10,40,Broward,Hallandale Beach,Urban,4/25/2024 2:52:00 PM,4/25/2024 2:55:00 PM,4/25/2024 3:05:00 PM,4/25/2024 5:00:00 PM,Y,Law Enforcement,E HALLANDALE BEACH BLV,1930,,,,,,,Parking Lot,Paved,T-Intersection,N,Daylight,Clear,Dry,N,Front to Front,Pedalcycle,Shoulder,N,Non-Junction,None,,,None,,,N,,,,,OFFICER,Hallandale Beach Police Department,Police Department (PD),4/30/2024 8:02:00 PM,4/30/2024 8:02:00 PM,5,Y,Bicycle,Bicycle,Injury,Non-Incapacitating Injury,DAY,N,N,N,Y,N,N,N,Y,N,2,1,0,1,0,0,0,0,0,0,0,2,2,0,1,0,0,0,0,0,0,0,0,0,0,N,0,0,Y,0,0,0,0,0,0,0,0,0,0,0,0,Preliminary,Editor Mapped,587258.428,2874405.4872,25.9858300882696,-80.1282183427349
26590888,2024,27-APR-2024 05:00 PM,27-APR-2024 12:00 AM,282404013926,L,1,1,10,40,Broward,Hallandale Beach,Urban,4/27/2024 6:22:00 PM,4/27/2024 6:22:00 PM,4/27/2024 6:33:00 PM,4/27/2024 7:15:00 PM,Y,Motorist,E HALLANDALE BEACH BLVD,,,,24,North,LAYNE BLVD,,State,Paved,Four-Way Intersection,N,Daylight,Clear,Dry,N,Other,Motor Vehicle in Transport,On Roadway,N,Non-Junction,None,,,None,,,N,,,,,CIVILIAN,Hallandale Beach Police Department,Police Department (PD),4/30/2024 8:02:00 PM,4/30/2024 8:02:00 PM,3,Y,Single Vehicle,Other,Injury,Non-Incapacitating Injury,DAY,N,N,N,N,N,Y,N,N,N,0,1,0,1,0,0,0,0,0,0,0,1,1,0,0,0,0,0,0,0,0,0,0,0,0,N,0,0,Y,0,0,0,0,0,0,0,0,0,0,0,0,Preliminary,Editor Mapped,587070.9657,2874435.2795,25.9861103504533,-80.1300890890142
26591019,2024,31-MAY-2024 08:05 AM,31-MAY-2024 12:00 AM,282405017746,L,1,1,10,40,Broward,Hallandale Beach,Urban,5/31/2024 8:05:00 AM,5/31/2024 8:05:00 AM,5/31/2024 8:05:00 AM,5/31/2024 8:05:00 AM,N,Law Enforcement,S FEDERAL HWY,,,,198,South,SE 5TH ST,,State,Paved,Not at Intersection,N,Daylight,Clear,Dry,N,Other,Motor Vehicle in Transport,On Roadway,N,Non-Junction,None,,,None,,,N,,,,,CIVILIAN,Hallandale Beach Police Department,Police Department (PD),6/5/2024 8:47:00 PM,6/5/2024 8:47:00 PM,5,Y,Single Vehicle,Other,Fatality,Fatal (within 30 days),DAY,N,N,N,N,N,Y,N,N,N,0,0,0,0,0,1,1,0,0,0,0,1,1,0,0,0,0,0,0,0,0,0,0,0,0,N,0,0,Y,0,1,0,0,0,0,0,0,0,0,0,1,Preliminary,Computer mapped confident by address,585861.1204,2873688.0272,25.9794356779784,-80.1422243207356
26591201,2024,15-JUL-2024 01:00 PM,15-JUL-2024 12:00 AM,282407023069,L,1,1,10,40,Broward,Hallandale Beach,Urban,7/15/2024 1:00:00 PM,7/15/2024 1:00:00 PM,7/15/2024 1:00:00 PM,7/15/2024 1:00:00 PM,Y,Motorist,GOLDEN ISLES DR,,,,0,,E HALLANDALE BEACH BLVD,,Local,Curb,T-Intersection,N,Daylight,Clear,Dry,N,Angle,Pedalcycle,On Roadway,N,Non-Junction,None,,,None,,,N,,,,,OFFICER,Hallandale Beach Police Department,Police Department (PD),8/1/2024 1:11:00 AM,8/1/2024 1:11:00 AM,17,Y,Bicycle,Bicycle,Injury,Possible Injury,DAY,N,N,N,N,N,Y,N,N,N,0,1,1,0,0,0,0,0,0,0,0,1,1,0,0,0,0,0,0,0,0,0,0,0,0,N,0,0,Y,0,0,0,0,1,25,0,0,25,0,0,0,Preliminary,Editor Mapped,587156.7928,2874405.5467,25.9858367400194,-80.1292336623288
26591406,2024,13-SEP-2024 07:31 AM,13-SEP-2024 12:00 AM,282409029365,L,1,2,10,40,Broward,Hallandale Beach,Urban,9/13/2024 7:32:00 AM,9/13/2024 7:33:00 AM,9/13/2024 7:34:00 AM,9/13/2024 8:30:00 AM,Y,Law Enforcement,SW 8TH AV,,,,0,,W HALLANDALE BEACH BLVD,,Local,Curb,T-Intersection,N,Daylight,Cloudy,Dry,N,Front to Front,Pedalcycle,On Roadway,N,Non-Junction,None,,,None,,,N,,,,,OFFICER,Hallandale Beach Police Department,Police Department (PD),9/25/2024 11:00:00 PM,9/25/2024 11:00:00 PM,12,Y,Bicycle,Bicycle,Injury,Non-Incapacitating Injury,DAY,N,N,N,Y,N,N,N,Y,N,1,1,0,1,0,0,0,0,0,0,0,1,1,0,1,0,0,0,0,0,0,0,0,0,0,N,0,0,Y,0,0,0,0,0,0,0,0,0,1,0,0,Preliminary,Editor Mapped,584210.6776,2874297.6609,25.9850367966454,-80.1586720779084
26591554,2024,23-OCT-2024 04:29 PM,23-OCT-2024 12:00 AM,282410033615,L,1,2,10,40,Broward,Hallandale Beach,Urban,10/23/2024 4:29:00 PM,10/23/2024 4:29:00 PM,10/23/2024 4:29:00 PM,10/23/2024 4:52:00 PM,Y,Law Enforcement,W HALLANDALE BEACH BLVD,,,,0,,NW 9TH TER,,State,Paved,Not at Intersection,N,Daylight,Clear,Dry,N,Other,Motor Vehicle in Transport,On Roadway,N,Non-Junction,None,,,None,,,N,,,,,CIVILIAN,Hallandale Beach Police Department,Police Department (PD),10/29/2024 7:58:00 PM,10/29/2024 7:58:00 PM,6,Y,Single Vehicle,Other,Injury,Non-Incapacitating Injury,DAY,N,N,N,N,N,N,N,N,N,1,1,0,1,0,0,0,0,0,0,0,1,1,0,1,0,0,0,0,0,0,0,0,0,0,N,0,0,Y,0,0,0,0,0,0,1,500,500,0,0,0,Preliminary,Editor Mapped,583972.6777,2874313.5208,25.985193800641,-80.1610486555611
26591587,2024,01-NOV-2024 12:19 PM,04-NOV-2024 12:00 AM,282411034508,L,1,2,10,40,Broward,Hallandale Beach,Urban,11/1/2024 12:19:00 PM,11/1/2024 12:20:00 PM,11/1/2024 12:23:00 PM,11/1/2024 2:00:00 PM,Y,Law Enforcement,W HALLANDALE BEACH BLV,,,,114,East,NW 4TH AV,,State,Curb,Not at Intersection,N,Daylight,Cloudy,Dry,N,Angle,Pedalcycle,On Roadway,N,Non-Junction,None,,,None,,,N,,,,,OFFICER,Hallandale Beach Police Department,Police Department (PD),11/6/2024 11:00:00 PM,11/7/2024 7:29:00 PM,5,Y,Bicycle,Bicycle,Injury,Non-Incapacitating Injury,DAY,N,N,N,Y,N,N,N,N,N,1,1,0,1,0,0,0,0,0,0,0,1,1,0,1,1,0,0,0,0,0,0,0,0,0,N,0,0,Y,0,0,0,0,1,500,1,1000,1500,1,0,0,Preliminary,Editor Mapped,584891.1606,2874361.9777,25.9855778151877,-80.1518699658526
26591769,2024,10-DEC-2024 07:30 AM,10-DEC-2024 12:00 AM,282412038795,L,1,2,10,40,Broward,Hallandale Beach,Urban,12/10/2024 7:30:00 AM,12/10/2024 7:30:00 AM,12/10/2024 7:30:00 AM,12/10/2024 7:40:00 AM,N,Law Enforcement,E HALLANDALE BEACH BLVD,,,,84,East,NE 14TH AVE,,State,Paved,Not at Intersection,Y,Daylight,Clear,Dry,N,Other,Motor Vehicle in Transport,On Roadway,N,Non-Junction,None,,,None,,,N,,,,,CIVILIAN,Hallandale Beach Police Department,Police Department (PD),12/13/2024 8:04:00 PM,12/13/2024 8:04:00 PM,3,Y,Single Vehicle,Other,Injury,Possible Injury,DAY,N,N,N,N,N,Y,N,N,N,0,2,2,0,0,0,0,0,0,0,0,1,1,0,1,0,0,0,0,0,0,0,0,0,0,N,0,0,Y,0,0,0,0,0,0,1,5000,5000,0,0,0,Preliminary,Editor Mapped,586679.8512,2874407.198,25.9858802477587,-80.1339981472817
26591826,2024,20-DEC-2024 04:00 PM,20-DEC-2024 12:00 AM,282412039985,L,1,2,10,40,Broward,Hallandale Beach,Urban,12/20/2024 4:29:00 PM,12/20/2024 4:29:00 PM,12/20/2024 4:32:00 PM,12/20/2024 4:50:00 PM,Y,Law Enforcement,E HALLANDALE BEACH BLVD,,,,18,North,SE 16TH AV,,State,Curb,Four-Way Intersection,N,Daylight,Clear,Dry,N,Angle,Pedalcycle,On Roadway,N,Intersection,None,,,None,,,N,,,,,OFFICER,Hallandale Beach Police Department,Police Department (PD),1/3/2025 7:38:00 PM,1/3/2025 7:38:00 PM,14,Y,Bicycle,Bicycle,Injury,Non-Incapacitating Injury,DAY,N,N,N,Y,N,Y,Y,N,N,1,1,0,1,0,0,0,0,0,0,0,1,1,0,1,1,0,0,0,0,0,0,0,0,0,N,0,0,Y,0,0,0,0,0,0,0,0,0,1,0,0,Preliminary,Editor Mapped,586849.8352,2874423.7074,25.9860191338536,-80.1322989302989
26593722,2024,23-MAY-2024 05:58 PM,23-MAY-2024 12:00 AM,2406370,L,1,2,24,0,St. Lucie,Unincorporated,Rural,5/23/2024 5:58:00 PM,5/23/2024 6:01:00 PM,5/23/2024 6:18:00 PM,5/23/2024 7:07:00 PM,Y,Law Enforcement,S.R A1A S OCEAN DR,,,,13,West,FISHERSMAN BLVD,,State,Curb,Not at Intersection,Y,Daylight,Clear,Dry,N,Angle,Pedestrian,On Roadway,N,Non-Junction,None,,,None,,,N,,,,,DEPUTY,St. Lucie County Sheriff's Office,Sheriff's Office (SO),5/29/2024 7:44:00 PM,5/29/2024 7:44:00 PM,6,Y,Pedestrian,Pedestrian,Injury,Non-Incapacitating Injury,DAY,N,N,N,N,N,N,N,N,N,1,1,0,1,0,0,0,0,0,0,0,1,1,0,1,0,0,0,0,0,0,0,0,0,0,N,0,0,Y,0,0,0,0,1,259,1,200,459,0,0,0,Preliminary,Editor Mapped,578707.953,3016621.2963,27.2702729027948,-80.2047994673201
26594715,2024,15-MAR-2024 02:08 PM,15-MAR-2024 12:00 AM,2024003136,L,1,2,6,32,Palm Beach,Boca Raton,Urban,3/15/2024 2:08:00 PM,3/15/2024 2:08:00 PM,3/15/2024 2:18:00 PM,3/15/2024 2:58:00 PM,Y,Law Enforcement,EAST BOCA RATON RD,10,,,0,,,,Parking Lot,Unpaved,T-Intersection,N,Daylight,Clear,Dry,N,Other,Pedestrian,On Roadway,N,Non-Junction,None,,,None,,,N,,,,,COMMUNITY SERVICE OFFICER,Boca Raton Police Department,Police Department (PD),3/19/2024 8:02:00 PM,3/19/2024 8:02:00 PM,4,Y,Pedestrian,Pedestrian,Injury,Possible Injury,DAY,N,N,N,N,N,N,N,N,N,1,1,1,0,0,0,0,0,0,0,0,1,1,0,1,0,0,0,0,0,0,0,0,0,0,N,0,0,Y,0,0,0,0,0,0,1,100,100,0,0,0,Preliminary,Editor Mapped,591064.4571,2914927.0992,26.3514454737192,-80.0873529376939
26601202,2024,24-OCT-2024 10:15 AM,24-OCT-2024 10:31 AM,HCSO24CAD095190,L,1,2,49,40,Hendry,Clewiston,Rural,10/24/2024 10:17:00 AM,10/24/2024 10:19:00 AM,10/24/2024 10:21:00 AM,10/24/2024 10:35:00 AM,Y,Law Enforcement,HARLEM ACADEMY AVE.,,26.73729,-80.95602,0,,12TH ST.,,County,Curb,Four-Way Intersection,N,Daylight,Clear,Wet,N,Other,Pedestrian,On Roadway,N,Non-Junction,None,,,None,,,N,,,,,SERGEANT,Hendry County Sheriff's Office,Sheriff's Office (SO),10/29/2024 7:58:00 PM,10/29/2024 7:58:00 PM,5,Y,Pedestrian,Pedestrian,Injury,Possible Injury,DAY,N,N,N,N,N,N,N,N,N,1,1,1,0,0,0,0,0,0,0,0,1,1,0,1,0,0,0,0,0,0,0,0,0,0,N,0,0,Y,0,0,0,0,0,0,1,100,100,1,0,0,Preliminary,Editor Mapped,504378.5206,2957344.8446,26.7373428442027,-80.9559702810779
26603518,2024,15-MAR-2024 10:10 AM,15-MAR-2024 12:00 AM,240315005026,L,1,2,1,55,Miami-Dade,Doral,Urban,3/15/2024 10:30:00 AM,3/15/2024 10:35:00 AM,3/15/2024 10:45:00 AM,3/15/2024 10:45:00 AM,Y,Law Enforcement,NW 87TH AVE,,,,138,North,NW 33RD ST,,Local,Paved,Not at Intersection,N,Daylight,Clear,Dry,N,Other,Motor Vehicle in Transport,On Roadway,N,Non-Junction,Obstruction in Roadway,,,None,,,N,,,,,POLICE OFFICER,Doral Police Department,Police Department (PD),3/20/2024 11:15:00 PM,3/20/2024 11:15:00 PM,5,Y,Single Vehicle,Other,Injury,Possible Injury,DAY,N,N,N,N,N,N,N,Y,N,0,2,2,0,0,0,0,0,0,0,0,1,1,0,1,0,0,0,0,0,0,0,0,0,0,N,0,0,Y,0,0,0,0,0,0,1,1000,1000,0,0,0,Preliminary,Editor Mapped,566424.8825,2854341.7612,25.8057714669433,-80.3373617901763
26603882,2024,23-APR-2024 08:00 PM,23-APR-2024 12:00 AM,240423007608,L,1,2,1,55,Miami-Dade,Doral,Urban,4/23/2024 10:00:00 PM,4/23/2024 10:00:00 PM,4/23/2024 10:15:00 PM,4/23/2024 11:00:00 PM,Y,Law Enforcement,NW 114TH AVE,5950,,,,,,,Parking Lot,Paved,Not at Intersection,N,Dawn,Clear,Dry,N,Other,Pedestrian,In Parking Lane or Zone,N,Non-Junction,None,,,None,,,N,,,,,POLICE OFFICER,Doral Police Department,Police Department (PD),4/27/2024 7:20:00 PM,4/27/2024 7:20:00 PM,4,Y,Pedestrian,Pedestrian,Injury,Non-Incapacitating Injury,NIGHT,N,N,N,N,N,N,N,N,N,1,1,0,1,0,0,0,0,0,0,0,1,1,0,1,0,1,0,0,0,0,0,0,0,0,N,0,0,Y,0,0,0,0,0,0,0,0,0,0,0,0,Preliminary,Editor Mapped,561837.2858,2856602.7735,25.8263887824344,-80.3830185595356
26604963,2024,26-AUG-2024 07:54 AM,26-AUG-2024 12:00 AM,240824016023,L,1,3,1,55,Miami-Dade,Doral,Urban,8/26/2024 7:54:00 AM,8/26/2024 7:54:00 AM,8/26/2024 8:00:00 AM,8/26/2024 8:20:00 AM,Y,Law Enforcement,NW 114TH AVE,,,,0,,NW 50TH ST,,Local,Curb,Not at Intersection,N,Daylight,Clear,Dry,N,Angle,Motor Vehicle in Transport,On Roadway,N,Non-Junction,None,,,None,,,N,,,,,POLICE OFFICER,Doral Police Department,Police Department (PD),9/25/2024 11:00:00 PM,9/25/2024 11:00:00 PM,30,Y,Single Vehicle,Other,Injury,Possible Injury,DAY,N,N,N,N,N,N,N,N,N,2,1,1,0,0,0,0,0,0,0,0,1,1,0,1,0,0,1,0,0,0,0,0,0,0,N,0,0,Y,0,0,1,0,0,0,1,500,500,0,0,0,Preliminary,Editor Mapped,561970.9249,2855760.3561,25.8187764620151,-80.3817247447774
26609391,2024,06-OCT-2024 12:30 AM,06-OCT-2024 12:00 AM,202404202C,L,1,2,5,46,Polk,Haines City,Urban,10/6/2024 12:28:00 AM,10/6/2024 12:28:00 AM,10/6/2024 12:28:00 AM,10/6/2024 1:07:00 AM,Y,Law Enforcement,SR25 (HIGHWAY 27),,,,0,,BATES ROAD,,State,Unpaved,Four-Way Intersection,Y,Dark - Lighted,Clear,Dry,N,Other,Motor Vehicle in Transport,On Roadway,N,Non-Junction,None,,,None,None,,N,,,,,Off.,Haines City Police Department,Police Department (PD),10/22/2024 8:00:00 PM,10/22/2024 8:00:00 PM,16,Y,Single Vehicle,Other,Injury,Non-Incapacitating Injury,NIGHT,N,N,N,N,N,N,N,N,N,1,1,0,1,0,0,0,0,0,0,0,1,1,0,1,0,0,0,0,0,0,0,0,0,0,N,0,0,Y,0,0,0,0,0,0,1,2000,2000,1,0,0,Preliminary,Editor Mapped,437375.0223,3112657.6957,28.1380346132431,-81.637741352661
26610759,2024,29-FEB-2024 10:10 PM,29-FEB-2024 12:00 AM,2024-122227,L,1,1,3,50,Hillsborough,Tampa,Urban,2/29/2024 10:14:00 PM,2/29/2024 10:14:00 PM,2/29/2024 10:14:00 PM,2/29/2024 10:37:00 PM,Y,Law Enforcement,E 7TH AVE,,27.960248,-82.433596,35,West,N 23RD ST,,Local,Curb,Not at Intersection,N,Dark - Lighted,Clear,Dry,N,,Pedalcycle,On Roadway,N,Non-Junction,None,,,None,,,N,,,,,OFFICER,Tampa Police Department,Police Department (PD),3/7/2024 7:22:00 PM,3/7/2024 7:22:00 PM,7,Y,Bicycle,Bicycle,Injury,Non-Incapacitating Injury,NIGHT,N,N,N,N,N,N,N,N,N,0,1,0,1,0,0,0,0,0,0,0,1,1,0,0,0,0,0,0,0,0,0,0,0,0,N,0,0,Y,0,0,0,0,0,0,1,100,100,0,0,0,Preliminary,Editor Mapped,358985.5852,3093625.5566,27.9602430789816,-82.4335922901095
26610837,2024,03-MAR-2024 04:15 PM,03-MAR-2024 12:00 AM,2024-127707,L,1,2,3,50,Hillsborough,Tampa,Urban,3/3/2024 4:20:00 PM,3/3/2024 4:31:00 PM,3/3/2024 4:40:00 PM,3/3/2024 5:10:00 PM,Y,Law Enforcement,N 50TH ST,,27.962723,-82.402003,58,North,E 8TH AVE,,Local,Paved,Not at Intersection,N,Daylight,Clear,Dry,N,,Other Non-Fixed Object,On Roadway,N,Through Roadway,None,,,None,,,N,,,,,OFFICER,Tampa Police Department,Police Department (PD),3/5/2024 7:58:00 PM,3/5/2024 7:58:00 PM,2,N,Single Vehicle,Other,No Injury,No Injury,DAY,N,N,N,N,N,N,N,N,N,1,0,0,0,0,0,0,0,0,0,0,1,1,0,1,0,0,0,0,0,0,0,0,0,0,N,0,0,Y,0,0,0,0,0,0,1,3000,3000,0,0,0,Preliminary,Editor Mapped,362096.5893,3093863.7777,27.9627187353542,-82.4020005435277
26612046,2024,28-MAR-2024 06:23 PM,28-MAR-2024 12:00 AM,2024-182016,L,1,2,3,50,Hillsborough,Tampa,Urban,3/28/2024 6:23:00 PM,3/28/2024 6:24:00 PM,3/28/2024 6:32:00 PM,3/28/2024 7:22:00 PM,Y,Law Enforcement,W HILLSBOROUGH AVE,2606,27.996032,-82.486027,,,,,Parking Lot,Curb,Not at Intersection,N,Daylight,Clear,Dry,N,,Pedestrian,Off Roadway,N,Driveway/Alley Access Related,None,,,None,,,N,,,,,OFC,Tampa Police Department,Police Department (PD),3/29/2024 7:28:00 PM,3/29/2024 7:28:00 PM,1,Y,Pedestrian,Pedestrian,Injury,Possible Injury,DAY,N,N,N,N,N,N,N,N,N,1,1,1,0,0,0,0,0,0,0,0,1,1,0,1,0,0,0,0,0,0,0,0,0,0,N,0,0,Y,0,0,1,0,0,0,1,200,200,0,0,0,Preliminary,Editor Mapped,353875.8197,3097649.7567,27.9960077105167,-82.4860233612153
26612290,2024,02-APR-2024 05:39 PM,02-APR-2024 12:00 AM,2024-191925,L,1,3,3,50,Hillsborough,Tampa,Urban,4/2/2024 5:39:00 PM,4/2/2024 5:45:00 PM,4/2/2024 5:52:00 PM,4/2/2024 6:25:00 PM,Y,Law Enforcement,S DALE MABRY HWY,3823,27.907755,-82.506291,,,,,Parking Lot,Curb,Not at Intersection,N,Daylight,Clear,Dry,N,,Pedalcycle,In Parking Lane or Zone,N,Non-Junction,None,,,None,,,N,,,,,OFC,Tampa Police Department,Police Department (PD),4/6/2024 7:23:00 PM,4/6/2024 7:23:00 PM,4,Y,Bicycle,Bicycle,Injury,Non-Incapacitating Injury,DAY,N,N,N,N,N,N,N,N,N,2,1,0,1,0,0,0,0,0,0,0,1,1,0,1,0,0,1,0,0,0,0,0,0,0,N,0,0,Y,0,0,1,0,0,0,0,0,0,0,0,0,Preliminary,Editor Mapped,351762.3507,3087895.6008,27.907750071219,-82.5062881532936
26613174,2024,20-APR-2024 10:45 AM,20-APR-2024 12:00 AM,2024-228886,L,1,2,3,50,Hillsborough,Tampa,Urban,4/20/2024 10:51:00 AM,4/20/2024 10:52:00 AM,4/20/2024 10:55:00 AM,4/20/2024 12:00:00 PM,Y,Law Enforcement,N LOIS AVE,5370,27.997274,-82.513547,,,,,Parking Lot,Curb,Not at Intersection,N,Daylight,Clear,Dry,N,,Pedalcycle,Off Roadway,N,Other,None,,,None,,,N,,,,,MPO,Tampa Police Department,Police Department (PD),4/21/2024 7:15:00 PM,4/21/2024 7:15:00 PM,1,Y,Bicycle,Bicycle,Injury,Non-Incapacitating Injury,DAY,N,N,N,Y,N,N,N,N,N,1,1,0,1,0,0,0,0,0,0,0,1,1,0,1,0,0,0,0,0,0,0,0,0,0,N,0,0,Y,0,0,0,0,0,0,1,1000,1000,0,0,0,Preliminary,Editor Mapped,351170.7624,3097823.1344,27.9972722828743,-82.5135467905792
26614016,2024,07-MAY-2024 08:33 PM,07-MAY-2024 12:00 AM,2024-265437,L,1,2,3,50,Hillsborough,Tampa,Urban,5/7/2024 8:33:00 PM,5/7/2024 8:34:00 PM,5/7/2024 8:35:00 PM,5/7/2024 9:30:00 PM,Y,Law Enforcement,E 109TH AVE,,28.04732,-82.451333,0,,N NEBRASKA AVE,,Local,Curb,Four-Way Intersection,N,Dusk,Clear,Dry,N,,Pedestrian,On Roadway,N,Intersection-Related,None,,,None,,,N,,,,,OFC,Tampa Police Department,Police Department (PD),5/9/2024 1:09:00 AM,5/9/2024 1:09:00 AM,2,N,Pedestrian,Pedestrian,No Injury,No Injury,NIGHT,N,N,N,N,N,N,Y,N,N,2,0,0,0,0,0,0,0,0,0,0,1,1,0,1,0,0,0,0,0,0,0,0,0,0,N,0,0,Y,0,0,1,0,0,0,1,100,100,0,0,0,Preliminary,Editor Mapped,357355.409,3103293.3305,28.0473151961826,-82.4513297024854
26614913,2024,25-MAY-2024 09:36 PM,25-MAY-2024 12:00 AM,2024-305074,L,1,3,3,50,Hillsborough,Tampa,Urban,5/25/2024 9:38:00 PM,5/25/2024 9:38:00 PM,5/25/2024 9:42:00 PM,5/25/2024 10:30:00 PM,Y,Law Enforcement,W MAIN ST,,27.957114,-82.478753,0,,N FREMONT AVE,,Local,Curb,Four-Way Intersection,N,Dark - Lighted,Clear,Dry,N,,Other Non-Fixed Object,On Roadway,N,Intersection-Related,None,,,None,,,N,,,,,OFFICER,Tampa Police Department,Police Department (PD),5/27/2024 7:47:00 PM,5/27/2024 7:47:00 PM,2,Y,Single Vehicle,Other,Injury,Non-Incapacitating Injury,NIGHT,N,N,N,N,N,N,Y,N,N,2,1,0,1,0,0,0,0,0,0,0,1,1,0,1,0,0,1,0,0,0,0,0,0,0,N,0,0,Y,0,0,1,0,0,0,1,1500,1500,0,0,0,Preliminary,Editor Mapped,354536.9348,3093331.2039,27.9571082450981,-82.4787702127763
26615080,2024,29-MAY-2024 06:10 PM,29-MAY-2024 12:00 AM,2024-314040,L,1,2,3,50,Hillsborough,Tampa,Urban,5/29/2024 6:12:00 PM,5/29/2024 6:12:00 PM,5/29/2024 6:12:00 PM,5/29/2024 7:15:00 PM,Y,Law Enforcement,INTERBAY BLVD,6911,27.871399,-82.508554,,,,,Parking Lot,Unpaved,Not at Intersection,N,Daylight,Clear,Dry,N,,Pedalcycle,Off Roadway,N,Non-Junction,None,,,Physical Obstruction(s),,,N,,,,,OFC,Tampa Police Department,Police Department (PD),5/31/2024 7:34:00 PM,5/31/2024 7:34:00 PM,2,Y,Bicycle,Bicycle,Injury,Non-Incapacitating Injury,DAY,N,N,N,N,N,N,N,N,N,1,1,0,1,0,0,0,0,0,0,0,1,1,0,1,0,0,0,0,0,0,0,0,0,0,N,0,0,Y,0,0,1,0,0,0,1,2500,2500,0,0,1,Preliminary,Editor Mapped,351490.0498,3083870.2077,27.8713934456026,-82.5085505660549
26616564,2024,02-JUL-2024 05:25 PM,02-JUL-2024 12:00 AM,2024-385492,L,1,2,3,50,Hillsborough,Tampa,Urban,7/2/2024 5:29:00 PM,7/2/2024 5:29:00 PM,7/2/2024 5:36:00 PM,7/2/2024 6:15:00 PM,Y,Law Enforcement,N 15TH ST,,27.995622,-82.442927,168,South,E HILLSBOROUGH AVE,,Local,Curb,Not at Intersection,N,Daylight,Cloudy,Dry,N,,Pedestrian,On Roadway,N,Non-Junction,None,,,None,,,N,,,,,POLICE OFFICER,Tampa Police Department,Police Department (PD),7/11/2024 7:21:00 PM,7/11/2024 7:21:00 PM,9,Y,Pedestrian,Pedestrian,Injury,Possible Injury,DAY,N,N,N,N,N,N,N,Y,N,1,1,1,0,0,0,0,0,0,0,0,1,1,0,1,0,0,0,0,0,0,0,0,0,0,N,0,0,Y,0,0,1,0,0,0,1,500,500,1,0,0,Preliminary,Editor Mapped,358113.8499,3097555.6754,27.9956176583342,-82.442924334567
26618061,2024,07-AUG-2024 10:30 PM,07-AUG-2024 12:00 AM,2024-462112,L,1,1,3,50,Hillsborough,Tampa,Urban,8/7/2024 10:30:00 PM,8/7/2024 11:22:00 PM,8/7/2024 11:45:00 PM,8/7/2024 11:45:00 PM,N,Law Enforcement,E BUSCH BLVD,,28.032475,-82.425714,183,East,N 30TH ST,,Local,Curb,Not at Intersection,N,Dark - Lighted,Clear,Dry,N,,Other Non-Fixed Object,On Roadway,N,Non-Junction,None,,,Unknown,,,N,,,,,SGT,Tampa Police Department,Police Department (PD),8/9/2024 7:34:00 PM,8/9/2024 7:34:00 PM,2,Y,Single Vehicle,Other,Injury,Non-Incapacitating Injury,NIGHT,N,N,N,N,N,Y,N,N,N,0,1,0,1,0,0,0,0,0,0,0,1,1,0,0,0,0,0,0,0,0,0,0,0,0,N,0,0,Y,0,0,0,0,1,100,0,0,100,0,0,0,Preliminary,Editor Mapped,359853.3772,3101619.1266,28.0324726451686,-82.4257214978951
26618593,2024,19-AUG-2024 08:40 AM,19-AUG-2024 12:00 AM,2024-487161,L,1,2,3,50,Hillsborough,Tampa,Urban,8/19/2024 8:40:00 AM,8/19/2024 8:42:00 AM,8/19/2024 8:49:00 AM,8/19/2024 9:30:00 AM,Y,Law Enforcement,N 12TH ST,9502,28.035763,-82.447113,161,North,E RICHMERE ST,,Local,Paved,Not at Intersection,N,Daylight,Clear,Dry,N,,Pedalcycle,On Roadway,N,Non-Junction,None,,,None,,,N,,,,,PATROLMAN,Tampa Police Department,Police Department (PD),8/26/2024 7:37:00 PM,8/26/2024 7:37:00 PM,7,Y,Bicycle,Bicycle,Injury,Non-Incapacitating Injury,DAY,N,N,N,Y,N,N,N,N,N,1,1,0,1,0,0,0,0,0,0,0,1,1,0,1,0,0,0,0,0,0,0,0,0,0,N,0,0,Y,0,0,1,0,0,0,1,500,500,0,0,0,Preliminary,Editor Mapped,357754.8433,3102007.9278,28.0357581518552,-82.4471114617425
26618639,2024,20-AUG-2024 01:40 PM,20-AUG-2024 12:00 AM,2024-489715,L,1,3,3,50,Hillsborough,Tampa,Urban,8/20/2024 1:43:00 PM,8/20/2024 1:45:00 PM,8/20/2024 1:52:00 PM,8/20/2024 2:52:00 PM,Y,Law Enforcement,STEINBRENNER DR,,27.98149,-82.508521,0,,W DR MARTIN LUTHER KING JR BLVD,,Local,Curb,Four-Way Intersection,N,Daylight,Clear,Dry,N,,Pedalcycle,On Roadway,N,Intersection,None,,,None,,,N,,,,,MPO,Tampa Police Department,Police Department (PD),8/22/2024 1:21:00 AM,8/22/2024 1:21:00 AM,2,Y,Bicycle,Bicycle,Serious Injury,Incapacitating Injury,DAY,N,N,N,N,N,N,Y,N,N,1,2,0,1,1,0,0,0,0,0,0,2,2,0,1,0,0,0,0,0,0,0,0,0,0,N,0,0,Y,1,0,0,0,0,0,1,3000,3000,2,0,0,Preliminary,Editor Mapped,351639.8675,3096068.712,27.9814925028436,-82.5085570366984
26619015,2024,27-AUG-2024 04:45 PM,27-AUG-2024 12:00 AM,2024-505598,S,1,2,3,50,Hillsborough,Tampa,Urban,8/27/2024 4:48:00 PM,8/27/2024 4:48:00 PM,8/27/2024 4:51:00 PM,8/27/2024 5:45:00 PM,Y,Law Enforcement,S FLORIDA AVE,,27.942768,-82.45484,0,,CHANNELSIDE DR,,Local,Paved,Four-Way Intersection,N,Daylight,Clear,Dry,N,,Pedalcycle,On Roadway,N,Intersection-Related,None,,,None,,,N,,,,,OFFICER,Tampa Police Department,Police Department (PD),8/29/2024 1:16:00 AM,8/29/2024 1:16:00 AM,2,N,Bicycle,Bicycle,No Injury,No Injury,DAY,N,N,N,N,N,N,Y,N,N,2,0,0,0,0,0,0,0,0,0,0,1,1,0,1,1,0,0,0,0,0,0,0,0,0,N,0,0,Y,0,0,0,0,0,0,1,2000,2000,0,0,0,Preliminary,Officer Mapped,356872.6216,3091713.5578,27.9427629431059,-82.4548363313578
26619306,2024,03-SEP-2024 11:49 AM,03-SEP-2024 12:00 AM,2024-520341,L,1,2,3,50,Hillsborough,Tampa,Urban,9/3/2024 11:49:00 AM,9/3/2024 11:51:00 AM,9/3/2024 11:55:00 AM,9/3/2024 1:00:00 PM,Y,Law Enforcement,N NEBRASKA AVE,,27.980495,-82.451274,64,South,E 33RD AVE,,Local,Paved,Four-Way Intersection,N,Daylight,Clear,Dry,N,,Pedestrian,Outside Right-of-way,N,Intersection-Related,None,,,None,,,N,,,,,OFFICER,Tampa Police Department,Police Department (PD),9/5/2024 7:30:00 PM,9/5/2024 7:30:00 PM,2,Y,Pedestrian,Pedestrian,Injury,Non-Incapacitating Injury,DAY,N,N,N,N,N,Y,Y,N,N,0,1,0,1,0,0,0,0,0,0,0,1,1,0,1,0,0,0,0,0,0,0,0,0,0,N,0,0,Y,0,0,0,0,0,0,0,0,0,1,0,0,Preliminary,Editor Mapped,357273.5214,3095888.5704,27.9804830953955,-82.4512663854813
26619843,2024,14-SEP-2024 06:45 PM,14-SEP-2024 12:00 AM,2024-545476,L,1,2,3,50,Hillsborough,Tampa,Urban,9/14/2024 7:24:00 PM,9/14/2024 8:04:00 PM,9/14/2024 8:04:00 PM,9/14/2024 8:45:00 PM,Y,Law Enforcement,N 30TH ST,10232,28.042224,-82.426432,,,,,Parking Lot,Paved,Not at Intersection,Y,Daylight,Clear,Dry,N,,Pedestrian,In Parking Lane or Zone,N,Non-Junction,None,,,None,,,N,,,,,OFFICER,Tampa Police Department,Police Department (PD),9/17/2024 7:49:00 PM,9/17/2024 7:49:00 PM,3,Y,Pedestrian,Pedestrian,Injury,Possible Injury,DAY,N,N,N,N,N,Y,N,N,N,0,1,1,0,0,0,0,0,0,0,0,1,1,0,1,0,0,0,0,0,0,0,0,0,0,N,0,0,Y,0,0,0,0,0,0,0,0,0,0,0,0,Preliminary,Editor Mapped,359796.4934,3102699.7497,28.0422186575793,-82.4264286743525
26623808,2024,15-MAY-2024 08:45 AM,15-MAY-2024 12:00 AM,24002412,L,1,2,1,29,Miami-Dade,Aventura,Urban,5/15/2024 8:49:00 AM,5/15/2024 8:54:00 AM,5/15/2024 9:03:00 AM,5/15/2024 9:30:00 AM,Y,Law Enforcement,BISCAYNE BLVD,,,,,,NE 191ST ST,,U.S.,Paved,Other,N,Daylight,Clear,Dry,N,Other,Motor Vehicle in Transport,On Roadway,N,Other,None,,,None,,,N,,,,,POLICE OFFICER,Aventura Police Department,Police Department (PD),5/17/2024 7:33:00 PM,5/17/2024 7:33:00 PM,2,Y,Single Vehicle,Other,Injury,Non-Incapacitating Injury,DAY,N,N,N,N,N,N,N,N,N,1,1,0,1,0,0,0,0,0,0,0,1,1,0,1,0,0,0,0,0,0,0,0,0,0,N,0,0,Y,0,0,1,0,0,0,1,50,50,0,0,0,Preliminary,Editor Mapped,585451.3597,2870615.6077,25.9517193241979,-80.1465177616361
26624741,2024,10-DEC-2024 07:00 PM,10-DEC-2024 12:00 AM,24005854,L,1,2,1,29,Miami-Dade,Aventura,Urban,12/10/2024 7:02:00 PM,12/10/2024 7:02:00 PM,12/10/2024 7:03:00 PM,12/10/2024 7:23:00 PM,Y,Law Enforcement,W COUNTRY CLUB DR,,,,83,North,NE 192ND ST,,Local,Paved,Not at Intersection,N,Dark - Lighted,Clear,Dry,N,Angle,Pedalcycle,On Roadway,N,Non-Junction,None,,,None,,,N,,,,,POLICE OFFICER,Aventura Police Department,Police Department (PD),12/12/2024 7:34:00 PM,12/12/2024 7:34:00 PM,2,Y,Bicycle,Bicycle,Injury,Non-Incapacitating Injury,NIGHT,N,N,N,N,N,N,N,N,N,1,1,0,1,0,0,0,0,0,0,0,1,1,0,1,0,0,0,0,0,0,0,0,0,0,N,0,0,Y,0,0,0,0,0,0,1,50,50,0,0,0,Preliminary,Editor Mapped,586248.9026,2870896.2411,25.9542059700435,-80.1385342300298
26627081,2024,18-DEC-2024 11:34 AM,18-DEC-2024 12:00 AM,2024TA014529,L,1,2,17,30,Seminole,Altamonte Springs,Urban,12/18/2024 11:34:00 AM,12/18/2024 11:34:00 AM,12/18/2024 11:34:00 AM,12/18/2024 12:15:00 PM,Y,Law Enforcement,MIMOSA DR,,28.679992,-81.422649,0,,SAND LAKE RD,,State,Paved,Not at Intersection,N,Daylight,Clear,Dry,N,,Other Non-Collision,On Roadway,N,Non-Junction,None,,,None,,,N,,,,,PFC,Altamonte Springs Police Department,Police Department (PD),12/19/2024 7:35:00 PM,12/19/2024 7:35:00 PM,1,Y,Single Vehicle,Other,Injury,Possible Injury,DAY,N,N,N,N,N,N,N,N,N,1,1,1,0,0,0,0,0,0,0,0,1,1,0,1,0,0,0,0,0,0,0,0,0,0,N,0,0,Y,0,0,2,0,0,0,1,3000,3000,0,0,0,Preliminary,Editor Mapped,458707.8051,3172604.9189,28.6799876047894,-81.4226475153142
26631657,2024,11-JUN-2024 04:45 PM,11-JUN-2024 12:00 AM,240001282,L,1,2,5,54,Polk,Lake Wales,Urban,6/11/2024 4:45:00 PM,6/11/2024 4:45:00 PM,6/11/2024 4:55:00 PM,6/11/2024 5:15:00 PM,Y,Law Enforcement,DR MARTIN LUTHER KING JR BLVD N,,27.906432,-81.593711,0,,W SEMINOLE AVE,,Local,Curb,T-Intersection,N,Daylight,Cloudy,Dry,N,,Pedalcycle,On Roadway,Y,Intersection,None,,,None,,,N,,,,,OFC,Lake Wales Police Department,Police Department (PD),6/15/2024 7:21:00 PM,6/15/2024 7:21:00 PM,4,Y,Bicycle,Bicycle,Injury,Possible Injury,DAY,N,N,N,N,N,N,Y,N,N,1,1,1,0,0,0,0,0,0,0,0,1,1,0,1,0,0,0,0,0,0,0,0,0,0,N,0,0,Y,0,0,0,0,0,0,1,1500,1500,0,0,0,Preliminary,Editor Mapped,441579.9276,3086975.8882,27.906403128958,-81.5936495835538
26637229,2024,20-SEP-2024 05:10 PM,20-SEP-2024 12:00 AM,242641556,L,1,2,7,0,Orange,Unincorporated,Rural,9/20/2024 5:10:00 PM,9/20/2024 6:40:00 PM,9/20/2024 6:55:00 PM,9/20/2024 7:15:00 PM,Y,Law Enforcement,KENSINGTON HIGH BLVD,,28.584417,-81.476202,0,,HIAWASSEE RD N,,County,Paved,T-Intersection,N,Daylight,Clear,Dry,N,,Pedalcycle,On Roadway,Y,Other,None,,,None,,,N,,,,,DEPUTY,Orange County Sheriff's Office,Sheriff's Office (SO),9/22/2024 7:16:00 PM,9/22/2024 7:16:00 PM,2,Y,Bicycle,Bicycle,Injury,Possible Injury,DAY,N,N,N,N,N,N,N,N,N,1,1,1,0,0,0,0,0,0,0,0,1,1,0,1,0,0,0,0,0,0,0,0,0,0,N,0,0,Y,0,0,0,0,0,0,1,200,200,0,0,0,Preliminary,Editor Mapped,453427.8433,3162038.1632,28.5844310016594,-81.4762584777041
26639731,2024,26-NOV-2024 09:19 PM,26-NOV-2024 12:00 AM,24-066230,L,1,3,7,0,Orange,Unincorporated,Rural,11/26/2024 9:31:00 PM,11/26/2024 9:19:00 PM,11/26/2024 9:56:00 PM,11/26/2024 9:56:00 PM,Y,Law Enforcement,UNNAMED RD,,28.447573,-81.397009,,,,,Parking Lot,Paved,Not at Intersection,N,Dark - Lighted,Clear,Dry,N,,Pedestrian,In Parking Lane or Zone,,Through Roadway,None,,,None,,,N,,,,,DEPUTY,Orange County Sheriff's Office,Sheriff's Office (SO),12/5/2024 7:29:00 PM,12/5/2024 7:29:00 PM,9,N,Pedestrian,Pedestrian,No Injury,No Injury,NIGHT,N,N,N,N,N,N,N,N,N,3,0,0,0,0,0,0,0,0,0,0,1,1,0,1,0,0,1,0,0,0,0,0,0,0,N,0,0,Y,0,0,0,0,0,0,1,225,225,0,0,0,Preliminary,Officer Mapped,461127.7103,3146847.494,28.4475675454426,-81.3970055587981
26640415,2024,19-DEC-2024 04:45 PM,19-DEC-2024 12:00 AM,24-070610,S,1,2,7,0,Orange,Unincorporated,Rural,12/19/2024 4:45:00 PM,12/19/2024 4:56:00 PM,12/19/2024 5:02:00 PM,12/19/2024 5:40:00 PM,Y,Law Enforcement,DARLENE DR,,28.420733,-81.503227,19,East,S APOPKA VINELAND RD,,County,Paved,Not at Intersection,N,Daylight,Clear,Dry,N,,Pedestrian,On Roadway,N,Non-Junction,None,,,None,,,N,,,,,DEPUTY,Orange County Sheriff's Office,Sheriff's Office (SO),12/20/2024 7:52:00 PM,12/20/2024 7:52:00 PM,1,N,Pedestrian,Pedestrian,No Injury,No Injury,DAY,N,N,N,N,N,N,N,N,N,2,0,0,0,0,0,0,0,0,0,0,1,1,0,1,0,0,0,0,0,0,0,0,0,0,N,0,0,Y,0,0,0,0,0,0,1,500,500,0,0,0,Preliminary,Officer Mapped,450714.9024,3143912.9904,28.4207278269952,-81.5032239883739
26644284,2024,15-MAY-2024 07:25 AM,15-MAY-2024 08:39 AM,PPD24OFF003679,L,1,2,9,50,Escambia,Pensacola,Urban,5/15/2024 8:05:00 AM,5/15/2024 8:08:00 AM,5/15/2024 8:16:00 AM,5/15/2024 8:42:00 AM,Y,Law Enforcement,MAXWELL ST,,30.43407,-87.22314,0,,SPRING ST,,Local,Curb,Other,N,Daylight,Clear,Dry,N,Angle,Motor Vehicle in Transport,On Roadway,N,Intersection,None,,,None,,,N,,,,,OFFICER,Pensacola Police Department,Police Department (PD),5/17/2024 7:33:00 PM,5/17/2024 7:33:00 PM,2,Y,Single Vehicle,Other,Injury,Possible Injury,DAY,N,N,N,N,N,N,Y,N,N,1,1,1,0,0,0,0,0,0,0,0,1,1,0,1,0,0,0,0,0,0,0,0,0,0,N,0,0,Y,0,0,0,0,0,0,0,0,0,1,0,0,Preliminary,Editor Mapped,-98146.9729000004,3383375.7007,30.4340271728345,-87.223063801752
26646153,2024,23-OCT-2024 12:51 PM,23-OCT-2024 12:00 AM,MP24102300095796,L,1,2,64,58,Collier,Marco Island,Urban,10/23/2024 12:51:00 PM,10/23/2024 12:51:00 PM,10/23/2024 12:55:00 PM,10/23/2024 1:26:00 PM,Y,Law Enforcement,CR-951,1003,25.910633,-81.724248,,,,,Parking Lot,Unpaved,Not at Intersection,Y,Daylight,Clear,Dry,N,,Pedalcycle,On Roadway,N,Non-Junction,None,,,None,,,N,,,,,OFFICER,Marco Island Police Department,Police Department (PD),10/25/2024 7:48:00 PM,10/25/2024 7:48:00 PM,2,Y,Bicycle,Bicycle,Injury,Possible Injury,DAY,N,N,N,N,N,N,N,N,N,1,1,1,0,0,0,0,0,0,0,0,1,1,0,1,0,0,0,0,0,0,0,0,0,0,N,0,0,Y,0,0,0,0,0,0,1,500,500,1,0,0,Preliminary,Editor Mapped,427463.2622,2865989.6245,25.9106530432079,-81.7242454470463
26646174,2024,30-NOV-2024 04:16 PM,30-NOV-2024 12:00 AM,24-708,L,1,4,64,58,Collier,Marco Island,Urban,11/30/2024 4:16:00 PM,11/30/2024 4:16:00 PM,11/30/2024 4:18:00 PM,11/30/2024 5:00:00 PM,Y,Law Enforcement,BALD EAGLE DR,483,25.949593,-81.722672,,,,,Parking Lot,Curb,Not at Intersection,Y,Daylight,Clear,Dry,N,,Other Non-Fixed Object,Off Roadway,N,Driveway/Alley Access Related,Other,None,,None,,,N,,,,,PO,Marco Island Police Department,Police Department (PD),12/2/2024 7:56:00 PM,12/2/2024 7:56:00 PM,2,Y,Single Vehicle,Other,Injury,Non-Incapacitating Injury,DAY,N,N,N,N,N,N,N,N,N,2,2,0,2,0,0,0,0,0,0,0,2,2,0,1,0,0,1,0,0,0,0,0,0,0,N,0,0,Y,0,0,0,0,0,0,1,1000,1000,1,0,0,Preliminary,Editor Mapped,427641.794,2870290.4778,25.9494953167491,-81.7226998501046
26647488,2024,22-MAY-2024 10:10 AM,22-MAY-2024 12:00 AM,24011665,L,1,2,18,41,Lee,Cape Coral,Urban,5/22/2024 10:10:00 AM,5/22/2024 10:21:00 AM,5/22/2024 10:32:00 AM,5/22/2024 11:29:00 AM,Y,Law Enforcement,TRAFALGAR PKWY,1118,,,152,West,,,Local,Paved,Not at Intersection,N,Daylight,Clear,Dry,N,Unknown,Pedalcycle,On Roadway,N,Non-Junction,None,,,None,,,N,,,,,POLICE OFFICER,Cape Coral Police Department,Police Department (PD),5/25/2024 7:22:00 PM,5/25/2024 7:22:00 PM,3,Y,Bicycle,Bicycle,Injury,Possible Injury,DAY,N,N,N,N,N,N,N,N,N,1,1,1,0,0,0,0,0,0,0,0,1,1,0,1,0,1,0,0,0,0,0,0,0,0,N,0,0,Y,0,0,0,0,1,560,1,2000,2560,0,0,0,Preliminary,Editor Mapped,400620.3604,2945024.3071,26.6226042715014,-81.9983159714635
26648260,2024,15-JUL-2024 10:12 PM,15-JUL-2024 12:00 AM,24015689,L,1,3,18,41,Lee,Cape Coral,Urban,7/15/2024 10:13:00 PM,7/15/2024 10:14:00 PM,7/15/2024 10:16:00 PM,7/15/2024 10:40:00 PM,Y,Law Enforcement,ACADEMY BOULEVARD,,,,0,,RETUNDA PARKWAY WEST,,Local,Paved,Four-Way Intersection,N,Dark - Lighted,Clear,Wet,N,Angle,Pedestrian,On Roadway,N,Intersection,None,,,None,,,N,,,,,POLICE OFFICER,Cape Coral Police Department,Police Department (PD),7/18/2024 7:19:00 PM,7/18/2024 7:19:00 PM,3,Y,Pedestrian,Pedestrian,Injury,Non-Incapacitating Injury,NIGHT,N,N,N,N,N,N,Y,N,N,2,1,0,1,0,0,0,0,0,0,0,1,1,0,1,0,0,1,0,0,0,0,0,0,0,N,0,0,Y,0,0,0,0,0,0,1,1000,1000,1,0,0,Preliminary,Editor Mapped,404476.0839,2943212.5688,26.6065147683237,-81.959451308871
26648294,2024,17-JUL-2024 06:06 PM,18-JUL-2024 12:00 AM,24015826,S,2,4,18,41,Lee,Cape Coral,Urban,7/17/2024 6:06:00 PM,7/17/2024 6:14:00 PM,7/17/2024 6:32:00 PM,7/17/2024 6:55:00 PM,Y,Law Enforcement,TRAFALGAR PKWY,,,,0,,CHIQUITA BLVD S,,Local,Paved,Four-Way Intersection,N,Daylight,Clear,Dry,N,Angle,Pedestrian,On Roadway,N,Intersection-Related,None,,,None,,,N,,,,,POLICE OFFICER,Cape Coral Police Department,Police Department (PD),7/21/2024 7:11:00 PM,7/21/2024 7:11:00 PM,4,Y,Pedestrian,Pedestrian,No Injury,No Injury,DAY,N,N,N,N,N,N,Y,N,N,4,0,0,0,0,0,0,0,0,0,0,1,1,0,1,0,0,2,0,0,0,0,0,0,0,N,0,0,Y,0,0,1,0,0,0,2,1500,1500,0,0,0,Preliminary,Computer mapped approximate by address,399732.4049,2945050.2016,26.6227751634142,-82.0072368554613
26655677,2024,15-APR-2024 07:20 AM,15-APR-2024 12:00 AM,2024-006592,L,1,3,1,57,Miami-Dade,Miami Gardens,Urban,4/15/2024 7:34:00 AM,4/15/2024 7:35:00 AM,4/15/2024 7:50:00 AM,4/15/2024 9:10:00 AM,Y,Law Enforcement,NW 151ST ST,,25.91206,-80.236235,0,,NW 22ND AVE,,County,Curb,Four-Way Intersection,N,Daylight,Clear,Dry,N,,Pedalcycle,On Roadway,N,Intersection,None,,,None,,,N,,,,,CSA,Miami Gardens Police Department,Police Department (PD),4/16/2024 8:04:00 PM,4/16/2024 8:04:00 PM,1,Y,Bicycle,Bicycle,Injury,Possible Injury,DAY,N,N,N,N,N,N,Y,N,N,2,1,1,0,0,0,0,0,0,0,0,1,1,0,1,0,1,1,0,0,0,0,0,0,0,N,0,0,Y,0,0,1,0,1,200,1,50,250,1,0,0,Preliminary,Editor Mapped,576493.9197,2866167.1123,25.9120528606402,-80.2362363424571
26656003,2024,18-APR-2024 08:30 AM,18-APR-2024 12:00 AM,2024-006795,L,1,2,1,66,Miami-Dade,Miami,Urban,4/18/2024 8:45:00 AM,4/18/2024 8:50:00 AM,4/18/2024 8:45:00 AM,4/18/2024 9:10:00 AM,Y,Law Enforcement,NW 199TH ST,,25.957231,-80.201661,0,,N MIAMI AVE,,Local,Paved,Four-Way Intersection,N,Daylight,Clear,Dry,N,,Pedestrian,On Roadway,N,Other,None,,,None,,,N,,,,,PO,Miami Gardens Police Department,Police Department (PD),5/17/2024 7:33:00 PM,5/17/2024 7:33:00 PM,29,Y,Pedestrian,Pedestrian,Injury,Possible Injury,DAY,N,N,N,N,N,N,N,N,N,1,1,1,0,0,0,0,0,0,0,0,1,1,0,1,0,0,0,0,0,0,0,0,0,0,N,0,0,Y,0,0,1,0,0,0,1,1000,1000,1,0,0,Preliminary,Editor Mapped,579927.2806,2871191.025,25.9572294369178,-80.2016524142776
26656086,2024,14-MAY-2024 03:22 PM,14-MAY-2024 12:00 AM,2024-008443,L,1,2,1,57,Miami-Dade,Miami Gardens,Urban,5/14/2024 3:23:00 PM,5/14/2024 3:23:00 PM,5/14/2024 3:26:00 PM,5/14/2024 4:01:00 PM,Y,Law Enforcement,NW 168TH TER,,25.927055,-80.268616,0,,NW 42ND AVE,,Local,Unpaved,Not at Intersection,N,Daylight,Clear,Dry,N,,Other Fixed Object,On Roadway,N,Non-Junction,None,,,None,,,N,,,,,OFFICER,Miami Gardens Police Department,Police Department (PD),5/18/2024 7:23:00 PM,5/18/2024 7:23:00 PM,4,Y,Off Road,Off Road,Serious Injury,Incapacitating Injury,DAY,N,N,N,N,N,N,N,N,N,1,1,0,0,1,0,0,0,0,0,0,1,1,0,1,0,0,0,0,0,0,0,0,0,0,N,0,0,Y,1,0,0,0,0,0,1,1000,1000,1,0,0,Preliminary,Editor Mapped,573240.7497,2867807.5594,25.9270322999656,-80.2686245031336
26658855,2024,14-DEC-2024 11:27 AM,14-DEC-2024 12:00 AM,2024-020610,L,1,1,1,57,Miami-Dade,Miami Gardens,Urban,12/14/2024 11:28:00 AM,12/14/2024 11:29:00 AM,12/14/2024 11:34:00 AM,12/14/2024 12:07:00 PM,Y,Law Enforcement,NW 167TH STREET,4601,25.940642,-80.276421,,,,,Parking Lot,Curb,Not at Intersection,N,Daylight,Clear,Dry,N,,Parked Motor Vehicle,On Roadway,N,Non-Junction,None,,,None,,,N,,,,,OFFICER,Miami Gardens Police Department,Police Department (PD),12/24/2024 7:52:00 PM,12/24/2024 7:52:00 PM,10,Y,Single Vehicle,Other,Serious Injury,Incapacitating Injury,DAY,N,N,N,N,N,N,N,Y,N,0,1,0,0,1,0,0,0,0,0,0,1,1,0,0,0,0,0,0,0,0,0,0,0,0,N,0,0,Y,1,0,2,0,0,0,1,1000,1000,1,0,0,Preliminary,Editor Mapped,572451.9552,2869309.9248,25.9406370262587,-80.2764179718749
26662290,2024,12-DEC-2024 12:52 PM,12-DEC-2024 12:00 AM,246323,L,1,2,1,56,Miami-Dade,Hialeah Gardens,Urban,12/12/2024 12:52:00 PM,12/12/2024 12:52:00 PM,12/12/2024 12:54:00 PM,12/12/2024 1:50:00 PM,Y,Law Enforcement,NW 97TH AVE,,25.880358,-80.355833,164,North,W HIALEAH-HIALEAH GARDENS BLVD,,County,Paved,Not at Intersection,N,Daylight,Clear,Dry,N,,Parked Motor Vehicle,In Parking Lane or Zone,N,Non-Junction,None,,,None,,,N,,,,,OFFICER,Hialeah Gardens Police Department,Police Department (PD),12/14/2024 7:25:00 PM,12/14/2024 7:25:00 PM,2,Y,Single Vehicle,Other,Serious Injury,Incapacitating Injury,DAY,N,N,N,N,N,N,N,N,N,1,1,0,0,1,0,0,0,0,0,0,1,1,0,1,0,0,0,0,0,0,0,0,0,0,N,0,0,Y,1,0,0,0,0,0,0,0,0,1,0,0,Preliminary,Editor Mapped,564527.5312,2862614.7747,25.8805575310449,-80.3558839014917
26676509,2024,22-OCT-2024 09:01 AM,22-OCT-2024 12:00 AM,202400140529,L,1,2,14,40,Marion,Ocala,Urban,10/22/2024 9:04:00 AM,10/22/2024 9:05:00 AM,10/22/2024 9:10:00 AM,10/22/2024 11:10:00 AM,Y,Law Enforcement,SR 40,,29.19404,-82.09257,,,NE 30TH AVE,,State,Curb,Not at Intersection,N,Daylight,Clear,Dry,N,Angle,Pedalcycle,On Roadway,N,Non-Junction,None,,,None,,,N,,,,,CSS,Ocala Police Department,Police Department (PD),10/31/2024 7:32:00 PM,10/31/2024 7:32:00 PM,9,Y,Bicycle,Bicycle,Injury,Non-Incapacitating Injury,DAY,N,N,N,N,N,N,N,N,N,1,1,0,1,0,0,0,0,0,0,0,1,1,0,1,0,1,0,0,0,0,0,0,0,0,N,0,0,Y,0,0,1,0,0,0,0,0,0,1,0,0,Preliminary,Editor Mapped,393758.0618,3229980.8908,29.194064950405,-82.0927929265278
26676542,2024,23-OCT-2024 08:01 PM,23-OCT-2024 12:00 AM,202400141342,L,1,2,14,40,Marion,Ocala,Urban,10/23/2024 8:01:00 PM,10/23/2024 8:01:00 PM,10/23/2024 8:01:00 PM,10/23/2024 8:50:00 PM,Y,Law Enforcement,US 27,,29.20605,-82.18404,0,,I 75,,U.S.,Curb,Four-Way Intersection,N,Dark - Lighted,Clear,Dry,N,Angle,Pedalcycle,On Roadway,N,Intersection,None,,,None,,,N,,,,,OFFICER,Ocala Police Department,Police Department (PD),11/6/2024 11:01:00 PM,11/6/2024 11:01:00 PM,14,Y,Bicycle,Bicycle,Injury,Non-Incapacitating Injury,NIGHT,N,N,N,N,N,N,Y,N,N,1,1,0,1,0,0,0,0,0,0,0,1,1,0,1,1,0,0,0,0,0,0,0,0,0,N,0,0,Y,0,0,1,0,0,0,1,250,250,1,0,0,Preliminary,Editor Mapped,384900.5814,3231393.0983,29.2060337015829,-82.1840309537153
26676714,2024,15-JUN-2024 06:00 PM,15-JUN-2024 12:00 AM,432406006445,S,1,2,10,80,Broward,Wilton Manors,Urban,6/15/2024 6:00:00 PM,6/15/2024 6:00:00 PM,6/15/2024 6:00:00 PM,6/15/2024 6:02:00 PM,Y,Law Enforcement,NE 26TH ST,,,,0,,NE 9TH TER,,Local,Paved,T-Intersection,N,Daylight,Cloudy,Dry,N,Angle,Other Non-Fixed Object,On Roadway,N,Non-Junction,None,,,None,,,N,,,,,,Wilton Manors Police Department,Police Department (PD),6/20/2024 1:29:00 AM,6/20/2024 1:29:00 AM,5,N,Single Vehicle,Other,No Injury,No Injury,DAY,N,N,N,N,N,N,N,N,N,2,0,0,0,0,0,0,0,0,0,0,1,1,0,1,1,0,0,0,0,0,0,0,0,0,N,0,0,Y,0,0,0,0,1,477,1,100,577,0,0,0,Preliminary,Computer mapped confident by address,586512.2524,2893628.6059,26.1594352884014,-80.1343973404584
26676841,2024,17-SEP-2024 11:50 AM,17-SEP-2024 12:00 AM,432409009672,L,1,2,10,80,Broward,Wilton Manors,Urban,9/17/2024 11:50:00 AM,9/17/2024 11:50:00 AM,9/17/2024 12:00:00 PM,9/17/2024 12:06:00 PM,Y,Law Enforcement,WILTON DR,,,,0,,NE 9TH AV,,Local,Paved,Four-Way Intersection,N,Daylight,Clear,Dry,N,Angle,Pedestrian,On Roadway,N,Non-Junction,None,,,None,,,N,,,,,,Wilton Manors Police Department,Police Department (PD),9/21/2024 7:23:00 PM,9/21/2024 7:23:00 PM,4,Y,Pedestrian,Pedestrian,Injury,Non-Incapacitating Injury,DAY,N,N,N,N,N,N,N,N,N,1,1,0,1,0,0,0,0,0,0,0,1,1,0,1,0,0,0,0,0,0,0,0,0,0,N,0,0,Y,0,0,1,0,0,0,1,500,500,0,0,0,Preliminary,Editor Mapped,586506.0084,2893489.6058,26.1581806837949,-80.1344690715533
26677887,2024,08-JUL-2024 02:43 PM,08-JUL-2024 12:00 AM,2407-000292,L,1,2,10,70,Broward,Plantation,Urban,7/8/2024 2:43:00 PM,7/8/2024 2:45:00 PM,7/8/2024 2:54:00 PM,7/8/2024 3:27:00 PM,Y,Law Enforcement,S UNIVERSITY DR,,26.117237,-80.251456,0,,FEDERATED RD,,State,Curb,Not at Intersection,N,Daylight,Clear,Dry,N,,Pedalcycle,On Roadway,N,Driveway/Alley Access Related,None,,,None,,,Y,Activity Area,Work on Shoulder or Median,N,N,CSA,Plantation Police Department,Police Department (PD),7/10/2024 9:54:00 PM,7/10/2024 9:54:00 PM,2,Y,Bicycle,Bicycle,Injury,Non-Incapacitating Injury,DAY,N,N,N,N,N,N,N,N,N,1,1,0,1,0,0,0,0,0,0,0,1,1,0,1,0,0,0,0,0,0,0,0,0,0,N,0,0,Y,0,0,0,0,0,0,1,800,800,1,0,0,Preliminary,Editor Mapped,574833.1507,2888884.8664,26.117259459059,-80.2515177354864
26679269,2024,23-DEC-2024 08:35 AM,23-DEC-2024 12:00 AM,2412-000990,L,1,2,10,70,Broward,Plantation,Urban,12/23/2024 8:37:00 AM,12/23/2024 8:37:00 AM,12/23/2024 8:45:00 AM,12/23/2024 10:22:00 AM,Y,Law Enforcement,W SUNRISE BLVD,4691,26.136178,-80.21212,,,,,Parking Lot,Curb,Not at Intersection,N,Daylight,Clear,Dry,N,,Pedalcycle,In Parking Lane or Zone,N,Non-Junction,None,,,None,,,N,,,,,CSA,Plantation Police Department,Police Department (PD),12/25/2024 7:23:00 PM,12/25/2024 7:23:00 PM,2,Y,Bicycle,Bicycle,Serious Injury,Incapacitating Injury,DAY,N,N,N,N,N,N,N,N,N,1,1,0,0,1,0,0,0,0,0,0,1,1,0,1,0,0,0,0,0,0,0,0,0,0,N,0,0,Y,1,0,0,0,1,500,1,100,600,1,0,0,Preliminary,Editor Mapped,578759.8624,2891002.8202,26.1361728917378,-80.2121173245504
26687844,2024,25-SEP-2024 05:05 PM,25-SEP-2024 12:00 AM,2024-00124915,L,1,2,47,0,Citrus,Unincorporated,Rural,9/25/2024 5:12:00 PM,9/25/2024 5:23:00 PM,9/25/2024 5:30:00 PM,9/25/2024 6:10:00 PM,Y,Law Enforcement,S LECANTO HWY,,28.850736,-82.488066,,,W POSTAL LN,,County,Curb,Not at Intersection,N,Daylight,Cloudy,Dry,N,,Pedalcycle,Roadside,N,Non-Junction,None,,,None,,,N,,,,,DEPUTY,Citrus County Sheriff's Office,Sheriff's Office (SO),9/28/2024 7:21:00 PM,9/28/2024 7:21:00 PM,3,Y,Bicycle,Bicycle,Injury,Possible Injury,DAY,N,N,N,N,N,N,N,N,N,1,1,1,0,0,0,0,0,0,0,0,1,1,0,1,0,0,0,0,0,0,0,0,0,0,N,0,0,Y,0,0,1,0,1,1000,1,100,1100,0,0,0,Preliminary,Editor Mapped,354845.6972,3192357.4365,28.8507281770236,-82.4880685371902
26688230,2024,23-NOV-2024 04:30 PM,23-NOV-2024 12:00 AM,2024-00149916,S,1,2,47,0,Citrus,Unincorporated,Rural,11/23/2024 4:34:00 PM,11/23/2024 4:35:00 PM,11/23/2024 4:35:00 PM,11/23/2024 5:10:00 PM,Y,Law Enforcement,S SUNCOAST BLVD,,28.777623,-82.553797,256,North,W MCKINLEY ST,,State,Paved,Not at Intersection,N,Daylight,Clear,Dry,N,,Pedestrian,Off Roadway,N,Non-Junction,None,,,None,,,N,,,,,PATROL,Citrus County Sheriff's Office,Sheriff's Office (SO),11/24/2024 7:17:00 PM,11/24/2024 7:17:00 PM,1,N,Pedestrian,Pedestrian,No Injury,No Injury,DAY,N,N,N,N,N,N,N,N,N,2,0,0,0,0,0,0,0,0,0,0,1,1,0,1,0,0,0,0,0,0,0,0,0,0,N,0,0,Y,0,0,0,0,0,0,1,500,500,0,0,0,Preliminary,Officer Mapped,348327.7728,3184338.19,28.7776177052669,-82.5537936078096
26690015,2024,24-JUN-2024 04:17 PM,24-JUN-2024 12:00 AM,24-0063658,L,1,2,18,40,Lee,Fort Myers,Urban,6/24/2024 4:27:00 PM,6/24/2024 4:31:00 PM,6/24/2024 4:40:00 PM,6/24/2024 4:47:00 PM,Y,Law Enforcement,BEN C PRATT PKWY,,26.605159,-81.811001,39,South,CHALLENGER BLVD,,County,Paved,Not at Intersection,N,Daylight,Cloudy,Dry,N,,Pedalcycle,On Roadway,N,Other,None,,,None,,,N,,,,,OFFICER,Fort Myers Police Department,Police Department (PD),6/26/2024 10:59:00 PM,6/26/2024 10:59:00 PM,2,Y,Bicycle,Bicycle,Injury,Possible Injury,DAY,N,N,N,N,N,N,N,N,N,1,1,1,0,0,0,0,0,0,0,0,1,1,0,1,0,0,0,0,0,0,0,0,0,0,N,0,0,Y,0,0,0,0,0,0,1,100,100,0,0,0,Preliminary,Editor Mapped,419255.9893,2942959.5477,26.6051538329683,-81.8109974605733
26690922,2024,29-AUG-2024 08:35 AM,29-AUG-2024 12:00 AM,24-0086395,L,1,2,18,40,Lee,Fort Myers,Urban,8/29/2024 8:35:00 AM,8/29/2024 8:37:00 AM,8/29/2024 8:43:00 AM,8/29/2024 9:42:00 AM,Y,Law Enforcement,RAMP FROM I-75 N TO SR-82 E,,26.634314,-81.801581,40,South,SR-82,,State,Paved,Four-Way Intersection,N,Daylight,Clear,Dry,N,,Pedalcycle,On Roadway,Y,Entrance/Exit Ramp,None,,,None,,,N,,,,,POLICE OFFICER,Fort Myers Police Department,Police Department (PD),9/5/2024 1:14:00 AM,9/5/2024 1:14:00 AM,7,Y,Bicycle,Bicycle,Serious Injury,Incapacitating Injury,DAY,N,N,N,N,N,N,N,N,N,1,1,0,0,1,0,0,0,0,0,0,1,1,0,1,0,0,0,0,0,0,0,0,0,0,N,0,0,Y,1,0,0,0,0,0,1,500,500,1,0,0,Preliminary,Editor Mapped,420211.7467,2946182.7884,26.6343082506601,-81.8016014813362
26698504,2024,21-JUN-2024 05:30 PM,21-JUN-2024 12:00 AM,PD240621196243,L,1,2,1,0,Miami-Dade,Unincorporated,Rural,6/21/2024 5:33:00 PM,6/21/2024 5:35:00 PM,6/21/2024 5:40:00 PM,6/21/2024 6:15:00 PM,Y,Motorist,NW 25TH AVE,8400,,,28,East,,,Private Roadway,Unpaved,Other,,Daylight,Clear,Dry,N,Angle,Pedalcycle,On Roadway,N,Non-Junction,None,,,None,,,N,,,,,OFC.,Miami-Dade Police Department,Police Department (PD),7/1/2024 7:34:00 PM,7/1/2024 7:34:00 PM,10,Y,Bicycle,Bicycle,Injury,Non-Incapacitating Injury,DAY,N,N,N,N,N,N,N,N,N,1,1,0,1,0,0,0,0,0,0,0,1,1,0,1,0,0,0,0,0,0,0,0,0,0,N,0,0,Y,0,0,0,0,1,100,0,0,100,0,0,1,Preliminary,Editor Mapped,576179.427,2859373.4479,25.8507279467301,-80.2397690850729
26702590,2024,13-AUG-2024 01:57 PM,13-AUG-2024 12:00 AM,PD240813253543,L,1,2,1,0,Miami-Dade,Unincorporated,Rural,8/13/2024 1:59:00 PM,8/13/2024 2:00:00 PM,8/13/2024 2:05:00 PM,8/13/2024 3:00:00 PM,Y,Law Enforcement,NW 151ST ST,,,,0,,NW 152ND ST,,County,Paved,Y-Intersection,,Daylight,Clear,Dry,N,Other,Motor Vehicle in Transport,On Roadway,N,Intersection-Related,None,,,None,,,N,,,,,OFC.,Miami-Dade Police Department,Police Department (PD),10/20/2024 7:20:00 PM,10/20/2024 7:20:00 PM,68,Y,Single Vehicle,Other,Injury,Possible Injury,DAY,N,N,N,N,N,N,Y,N,N,1,1,1,0,0,0,0,0,0,0,0,1,1,0,1,0,0,0,0,0,0,0,0,0,0,N,0,0,Y,0,0,0,0,2,1000,1,50,1050,0,0,0,Preliminary,Computer plot approximate by lat/long,579498.7456,2866319.2456,25.9132653312644,-80.2062273158111
26704394,2024,27-AUG-2024 07:37 AM,27-AUG-2024 12:00 AM,PD240827268247,L,1,3,1,0,Miami-Dade,Unincorporated,Rural,8/27/2024 7:37:00 AM,8/27/2024 7:38:00 AM,8/27/2024 7:47:00 AM,8/27/2024 8:40:00 AM,Y,Law Enforcement,SW 190TH TER,,,,21,West,SW 115TH AVE,,County,Paved,Four-Way Intersection,,Daylight,Rain,Wet,N,Angle,Pedestrian,Off Roadway,N,Intersection,None,,,None,,,N,,,,,OFC.,Miami-Dade Police Department,Police Department (PD),9/19/2024 12:22:00 AM,9/19/2024 12:22:00 AM,23,Y,Pedestrian,Pedestrian,Injury,Non-Incapacitating Injury,DAY,N,N,N,N,N,N,Y,N,N,2,1,0,1,0,0,0,0,0,0,0,1,1,0,1,0,0,1,0,0,0,0,0,0,0,N,0,0,Y,0,0,1,0,1,80,1,1000,1080,1,0,0,Preliminary,Editor Mapped,562377.6025,2830820.4123,25.593559130443,-80.3788376444861
26704470,2024,18-AUG-2024 02:30 PM,18-AUG-2024 12:00 AM,PD240818258865,L,1,2,1,0,Miami-Dade,Unincorporated,Rural,8/18/2024 2:37:00 PM,8/18/2024 2:38:00 PM,8/18/2024 2:47:00 PM,8/18/2024 3:30:00 PM,Y,Law Enforcement,NW 3RD ST,,,,63,West,NW 82ND AVE,,County,Paved,Not at Intersection,,Daylight,Cloudy,Dry,N,Other,Motor Vehicle in Transport,On Roadway,N,Non-Junction,None,,,None,,,N,,,,,OFC.,Miami-Dade Police Department,Police Department (PD),10/1/2024 7:43:00 PM,10/1/2024 7:43:00 PM,44,Y,Single Vehicle,Other,Injury,Possible Injury,DAY,N,N,N,N,N,N,N,N,N,1,1,1,0,0,0,0,0,0,0,0,1,1,0,1,1,0,0,0,0,0,0,0,0,0,N,0,0,Y,0,0,0,0,0,0,1,200,200,0,0,0,Preliminary,Editor Mapped,567283.8365,2850768.0979,25.77346376975,-80.3289751893523
26708287,2024,11-SEP-2024 08:45 AM,11-SEP-2024 12:00 AM,PD240911284802,L,1,2,1,0,Miami-Dade,Unincorporated,Rural,9/11/2024 8:49:00 AM,9/11/2024 8:50:00 AM,9/11/2024 9:10:00 AM,9/11/2024 10:15:00 AM,,Law Enforcement,NE 25TH AVE,19000,,,0,,,,County,Paved,Not at Intersection,,Daylight,Clear,Dry,N,Other,Motor Vehicle in Transport,Off Roadway,N,Non-Junction,None,,,None,,,N,,,,,OFC.,Miami-Dade Police Department,Police Department (PD),11/28/2024 7:27:00 PM,11/28/2024 7:27:00 PM,78,Y,Single Vehicle,Other,No Injury,No Injury,DAY,N,N,N,N,N,Y,N,N,N,2,0,0,0,0,0,0,0,0,0,0,1,1,0,1,0,0,0,0,0,0,0,0,0,0,N,0,0,Y,0,0,0,0,0,0,0,0,0,0,0,0,Preliminary,Computer mapped confident by address,585010.3144,2870540.307,25.9510653333588,-80.1509273820501
26709079,2024,17-SEP-2024 07:00 AM,17-SEP-2024 12:00 AM,PD240917291260,L,2,2,1,0,Miami-Dade,Unincorporated,Rural,9/17/2024 8:08:00 AM,9/17/2024 9:36:00 AM,9/17/2024 9:36:00 AM,9/17/2024 9:45:00 AM,,Law Enforcement,SAN SIMEON WAY,20921,,,0,,,,County,Paved,Not at Intersection,,Daylight,Rain,Wet,N,Unknown,Parked Motor Vehicle,In Parking Lane or Zone,N,Non-Junction,Unknown,,,Unknown,,,N,,,,,OFC.,Miami-Dade Police Department,Police Department (PD),10/17/2024 1:26:00 AM,10/17/2024 1:26:00 AM,30,Y,Parked Vehicle,Other,No Injury,No Injury,DAY,N,N,N,N,N,Y,N,Y,N,2,0,0,0,0,0,0,0,0,1,0,1,1,0,1,0,0,0,0,0,0,0,0,0,0,N,0,0,Y,0,0,0,0,0,0,1,1000,1000,0,0,0,Preliminary,Computer mapped confident by address,580868.2762,2872329.8007,25.9674593245104,-80.1921838852569
26709795,2024,18-SEP-2024 02:04 PM,18-SEP-2024 12:00 AM,PD240918292796,L,1,2,1,0,Miami-Dade,Unincorporated,Rural,9/18/2024 2:04:00 PM,9/18/2024 2:05:00 PM,9/18/2024 2:37:00 PM,9/18/2024 3:30:00 PM,Y,Law Enforcement,SW 107TH AVE,,,,0,,SW 26TH ST,,County,Paved,T-Intersection,,Daylight,Clear,Dry,N,Other,Pedalcycle,On Roadway,N,Intersection-Related,None,,,None,,,N,,,,,PSA.,Miami-Dade Police Department,Police Department (PD),10/10/2024 7:26:00 PM,10/10/2024 7:26:00 PM,22,Y,Bicycle,Bicycle,Injury,Non-Incapacitating Injury,DAY,N,N,N,Y,N,N,Y,N,N,1,1,0,1,0,0,0,0,0,0,0,1,1,0,1,0,0,0,0,0,0,0,0,0,0,N,0,0,Y,0,0,1,0,0,0,0,0,0,0,0,0,Preliminary,Computer mapped approximate by address,563415.0101,2847630.5125,25.7453053935569,-80.3677073189309
