REPORT_NUMBER,CRASH_YEAR,VEHICLE_NUMBER,PERSON_NUMBER,RECOMMENDED_RE_EXAM,DL_STATE,DL_TYPE,DRIVER_DISTRACTION_CODE,CONDITION_AT_TIME_OF_CRASH,REQUIRED_ENDORSEMENTS,VISION_OBSTRUCTED,INSURANCE_COMPANY,CITY,STATE,ZIP_CODE,SEX,HELMET_CODE,RESTRAINT_SYSTEM_CODE,EYE_PROTECTION_CODE,AIR_BAG_DEPLOYMENT_CODE,EJECTED,SUSPECTED_ALCOHOL_USE_CODE,ALCOHOL_TESTED_CODE,ALCOHOL_TEST_TYPE_CODE,ALCOHOL_TEST_RESULTS,BLOOD_ALCOHOL_CONTENT,SUSPECTED_DRUG_USE_CODE,DRUG_TESTED_CODE,DRUG_TEST_TYPE_CODE,DRUG_TEST_RESULTS,INJURY_SEVERITY,EMS_TRANSPORT_TYPE,DRIVER_ACTION_1,DRIVER_ACTION_2,DRIVER_ACTION_3,DRIVER_ACTION_4,S4_AGE_AT_TIME_OF_CRASH,S4_IS_AGGRESSIVE_DRIVING,S4_IS_ALCOHOL_RELATED,S4_IS_DRUG_RELATED,S4_IS_DISTRACTED,S4_IS_SPEEDING_RELATED,S4_IS_AGING_DRIVER,S4_IS_TEENAGER_DRIVER,S4_IS_UNRESTRAINED
26559477,2024,1,1,N,FL,E/Operator,Not Distracted,Apparently Normal,No Required Endorsements,Vision Not Obscured,SECURITY NATIONAL INSUR,TAMPA,FL,33619,Female,,Shoulder and Lap Belt Used,,Not Deployed,Not Ejected,N,,,,,N,,,,None,Not Transported,Failed to Yield Right-of-Way,,,,26,N,N,N,N,N,N,N,N
26559902,2024,1,1,N,FL,E/Operator,Not Distracted,Apparently Normal,No Required Endorsements,Vision Not Obscured,PROGRESSIVE SELECT INSU,LARGO,FL,33778,Male,,Shoulder and Lap Belt Used,,Not Applicable,Not Ejected,N,,,,,N,,,,None,Not Transported,No Contributing Action,,,,44,N,N,N,N,N,N,N,N
26559946,2024,1,1,N,FL,E/Operator,Not Distracted,Apparently Normal,No Required Endorsements,Vision Not Obscured,PROGRESSIVE SELECT INSU,CLEARWATER,FL,33760,Male,,Shoulder and Lap Belt Used,,Not Deployed,Not Ejected,N,,,,,N,,,,None,Not Transported,No Contributing Action,,,,42,N,N,N,N,N,N,N,N
26709795,2024,1,1,,FL,E/Operator,Inattentive,Apparently Normal,No Required Endorsements,Vision Not Obscured,PROGRESSIVE SELECT INSURANCE COMPANY POLICY,MIAMI,FL,33165,Male,No Helmet,Shoulder and Lap Belt Used,,Not Deployed,Not Ejected,N,,,,,N,,,,None,Not Transported,Failed to Yield Right-of-Way,,,,49,N,N,N,Y,N,N,N,N
26560148,2024,1,1,N,FL,E/Operator,Not Distracted,Apparently Normal,No Required Endorsements,Vision Not Obscured,STATE FARM MUTUAL AUTOM,CLEARWATER,FL,33756,Male,,Shoulder and Lap Belt Used,,Not Deployed,Not Ejected,N,,,,,N,,,,None,Not Transported,Failed to Yield Right-of-Way,,,,44,N,N,N,N,N,N,N,N
26560230,2024,1,1,N,PA,None,Not Distracted,Apparently Normal,No Required Endorsements,Vision Not Obscured,Z3817,SHARON,PA,16146,Female,,Shoulder and Lap Belt Used,,Deployed - Front,Not Ejected,N,,,,,N,,,,Possible,Not Transported,No Contributing Action,,,,27,N,N,N,N,N,N,N,N
26560863,2024,1,1,,,,Unknown,Unknown,,,,,,,,,,,,Unknown,,,,,,,,,,,Unknown,,,,,,N,N,N,,N,N,N,N
26560866,2024,1,1,N,FL,E/Operator,Not Distracted,Apparently Normal,No Required Endorsements,Vision Not Obscured,UNITED SERVICES AUTOMOB,CLEARWATER,FL,33755,Male,,Shoulder and Lap Belt Used,,Not Deployed,Not Ejected,N,,,,,N,,,,None,Not Transported,No Contributing Action,,,,36,N,N,N,N,N,N,N,N
26564059,2024,1,1,N,FL,E/Operator,Inattentive,Apparently Normal,No Required Endorsements,Vision Not Obscured,FARMERS CASUALTY INSURA,PALM SPRINGS,FL,33461,Female,,Shoulder and Lap Belt Used,,Not Deployed,Not Ejected,N,,,,,N,,,,None,Not Transported,Failed to Yield Right-of-Way,,,,29,N,N,N,Y,N,N,N,N
26564145,2024,1,1,,,,Unknown,Unknown,,,,,,,,,,,,Unknown,,,,,,,,,,,Unknown,,,,,,N,N,N,,N,N,N,N
26564484,2024,1,1,N,FL,E/Operator,Not Distracted,Apparently Normal,No Required Endorsements,Vision Not Obscured,PROGRESSIVE SELECT INSU,GREENACRES,FL,33413,Female,,Shoulder and Lap Belt Used,,Not Deployed,Not Ejected,N,,,,,N,,,,None,Not Transported,Failed to Yield Right-of-Way,,,,31,N,N,N,N,N,N,N,N
26564743,2024,1,1,,,,Not Distracted,Unknown,,,,,,,,,,,,Not Ejected,N,,,,,,Test Not Given,,,None,Not Transported,No Contributing Action,,,,,N,N,N,N,N,N,N,N
26565832,2024,2,2,,FL,E/Operator,Not Distracted,Apparently Normal,No Required Endorsements,Vision Not Obscured,PEAK PROPERTY AND CASUALTY INSURANCE COR,LAKELAND,FL,33801,Female,No Helmet,Shoulder and Lap Belt Used,,Not Deployed,Not Ejected,N,,,,,N,,,,None,Not Transported,No Contributing Action,,,,22,N,N,N,N,N,N,N,N
26567509,2024,1,2,,FL,E/Operator,Not Distracted,Apparently Normal,No Required Endorsements,Vision Not Obscured,INFINITY AUTO INSURANCE COMPANY,WINTER HAVEN,FL,33881,Male,,Shoulder and Lap Belt Used,,Not Deployed,Not Ejected,N,,,,,N,,,,None,Not Transported,No Contributing Action,,,,38,N,N,N,N,N,N,N,N
26568681,2024,1,1,,WA,E/Operator,Not Distracted,Apparently Normal,No Required Endorsements,Vision Not Obscured,PROGRESSIVE SELECT INSURANCE COMPANY,WAHNETA,FL,33880,Male,No Helmet,Shoulder and Lap Belt Used,,Not Deployed,Not Ejected,N,,,,,N,,,,None,Not Transported,Ran Off Roadway,,,,33,N,N,N,N,N,N,N,N
26569287,2024,2,2,,FL,E/Operator,Not Distracted,Apparently Normal,No,Vision Not Obscured,DIRECT GENERAL INSURANCE COMPANY,WINTER HAVEN,FL,33880,Female,No Helmet,Shoulder and Lap Belt Used,,Not Deployed,Not Ejected,N,,,,,N,,,,None,Not Transported,No Contributing Action,,,,59,N,N,N,N,N,N,N,N
26570340,2024,1,1,N,FL,E/Operator,Not Distracted,Apparently Normal,No Required Endorsements,Vision Not Obscured,GEICO GENERAL INSURANCE COMPANY,PORT ST. LUCIE,FL,34953,Female,No Helmet,Shoulder and Lap Belt Used,,Not Deployed,Not Ejected,N,,,,,N,,,,None,Not Transported,Other Contributing Action,Other Contributing Action,,,38,N,N,N,N,N,N,N,N
26573349,2024,1,1,N,FL,E/Operator,Inattentive,Unknown,No Required Endorsements,Vision Not Obscured,PROGRESSIVE SELECT INSURANCE COMPAN,PORT ST LUCIE,FL,34983,Female,No Helmet,Shoulder and Lap Belt Used,,Not Deployed,Not Ejected,N,,,,,N,,,,None,Not Transported,Failed to Yield Right-of-Way,,,,31,N,N,N,Y,N,N,N,N
26573873,2024,1,1,N,FL,E/Operator,Unknown,Apparently Normal,No Required Endorsements,Vision Not Obscured,PROGRESSIVE SELECT INSURANCE COMPAN,VERO BEACH,FL,32962,Female,No Helmet,Shoulder and Lap Belt Used,,Not Deployed,Not Ejected,N,,,,,N,,,,None,Not Transported,Operated MV in Careless or Negligent Manner,,,,28,N,N,N,,N,N,N,N
26573982,2024,1,1,N,FL,E/Operator,Inattentive,Unknown,No Required Endorsements,Vision Not Obscured,,PORT ST LUCIE,FL,34952,Male,No Helmet,Shoulder and Lap Belt Used,,Not Deployed,Not Ejected,N,,,,,N,,,,None,Not Transported,Operated MV in Careless or Negligent Manner,,,,24,N,N,N,Y,N,N,N,N
26576048,2024,1,1,N,FL,E/Operator,Unknown,Apparently Normal,No Required Endorsements,Vision Not Obscured,PROGRESSIVE AMERICAN IN,BRADENTON,FL,34209,Male,,Restraint Used - Type Unknown,,Not Deployed,Not Ejected,,,,,,,,,,None,Not Transported,Operated MV in Careless or Negligent Manner,,,,70,N,N,N,,N,Y,N,N
26576187,2024,1,1,N,FL,E/Operator,Not Distracted,Apparently Normal,No Required Endorsements,Vision Not Obscured,OLD REPUBLIC INSURANCE COMPANY,PALMETTO,FL,34221,Female,,Shoulder and Lap Belt Used,,Not Deployed,Not Ejected,N,,,,,N,,,,None,Not Transported,No Contributing Action,,,,59,N,N,N,N,N,N,N,N
26577400,2024,1,1,N,FL,E/Operator,Not Distracted,Apparently Normal,No Required Endorsements,Vision Not Obscured,PROGRESSIVE SELECT INSU,MOUNT DORA,FL,32757,Female,,Shoulder and Lap Belt Used,,Not Deployed,Not Ejected,N,,,,,N,,,,None,Not Transported,Failed to Yield Right-of-Way,Operated MV in Careless or Negligent Manner,,,31,N,N,N,N,N,N,N,N
26578877,2024,1,1,N,FL,None,Unknown,Apparently Normal,No,Vision Not Obscured,EQUITY INSURANCE COMPANY,RIVIERA BEACH,FL,33404,Male,No Helmet,Restraint Used - Type Unknown,,Not Deployed,Not Ejected,N,,,,,N,,,,None,Not Transported,Failed to Yield Right-of-Way,,,,16,N,N,N,,N,N,Y,N
26579006,2024,1,1,N,FL,E/Operator - Restricted,Unknown,Apparently Normal,No,Vision Not Obscured,SAFECO,WEST PALM BEACH,FL,33410,Female,,Shoulder and Lap Belt Used,,Not Deployed,,N,,,,,N,,,,None,Not Transported,No Contributing Action,,,,40,N,N,N,,N,N,N,N
26579311,2024,1,1,N,FL,E/Operator,Not Distracted,Apparently Normal,No,Vision Not Obscured,STATE FARM MUTUAL AUTOMOBILE INSURA,WEST PALM BEACH,FL,33407,Female,No Helmet,Shoulder and Lap Belt Used,,Not Deployed,Not Ejected,N,,,,,N,,,,None,Not Transported,No Contributing Action,,,,62,N,N,N,N,N,N,N,N
26579641,2024,1,1,N,FL,E/Operator,Not Distracted,Apparently Normal,No,Vision Not Obscured,ESURANCE PROPERTY & CASUALTY INSURA,WEST PALM BEACH,FL,33407,Female,No Helmet,Shoulder and Lap Belt Used,,Not Deployed,Not Ejected,N,,,,,N,,,,None,Not Transported,Operated MV in Careless or Negligent Manner,Failed to Yield Right-of-Way,,,41,N,N,N,N,N,N,N,N
26579831,2024,1,1,N,FL,A,Not Distracted,Apparently Normal,No Required Endorsements,Vision Not Obscured,STATE FARM MUTUAL AUTOMOBILE INSURA,LOXAHATCHEE,FL,33470,Male,No Helmet,Shoulder and Lap Belt Used,,Not Deployed,Not Ejected,N,,,,,N,,,,None,Not Transported,No Contributing Action,,,,56,N,N,N,N,N,N,N,N
26580012,2024,1,1,N,FL,E/Operator,Not Distracted,Apparently Normal,No,Vision Not Obscured,PROGRESSIVE AMERICAN INSURANCE COMP,LANTANA,FL,33462,Male,No Helmet,Shoulder and Lap Belt Used,N,Not Applicable,Not Ejected,N,,,,,N,,,,None,Not Transported,Operated MV in Careless or Negligent Manner,,,,58,N,N,N,N,N,N,N,N
26584637,2024,1,1,N,FL,E/Operator,Not Distracted,Apparently Normal,No Required Endorsements,Vision Not Obscured,LIBERTY MUTUAL PERSONAL,LEHIGH ACRES,FL,33972,Female,,Shoulder and Lap Belt Used,,Not Deployed,Not Ejected,N,,,,,N,,,,None,Not Transported,No Contributing Action,,,,62,N,N,N,N,N,N,N,N
26586691,2024,1,1,,,,Not Distracted,Apparently Normal,,Vision Not Obscured,,,,,,,,,,Unknown,N,,,,,N,,,,,Not Transported,,,,,,N,N,N,N,N,N,N,N
26589230,2024,1,1,N,FL,E/Operator,Not Distracted,Apparently Normal,No Required Endorsements,Vision Not Obscured,STATE FARM MUTUAL AUTOM,ROCKLEDGE,FL,32955,Female,,Shoulder and Lap Belt Used,,Not Applicable,Not Ejected,N,,,,,N,,,,None,Not Transported,No Contributing Action,,,,39,N,N,N,N,N,N,N,N
26589326,2024,1,1,N,,E/Operator,Unknown,Unknown,No Required Endorsements,,UNKNOWN,,,,,,Shoulder and Lap Belt Used,,,Unknown,,,,,,,,,,None,Unknown,,,,,,N,N,N,,N,N,N,N
26590570,2024,1,1,N,FL,E/Operator,Not Distracted,Apparently Normal,No,Vision Not Obscured,PROGRESSIVE AMERICAN INSURANCE COMP,DANIA,FL,33004,Male,,Shoulder and Lap Belt Used,,Not Deployed,Not Ejected,N,,,,,N,,,,None,Not Transported,No Contributing Action,,,,47,N,N,N,N,N,N,N,N
26590789,2024,2,2,N,FL,E/Operator,Not Distracted,Apparently Normal,No,Vision Not Obscured,AMERICAN FAMILY CONNECT PROPERTY &,HALLANDALE BCH,FL,33009,Male,No Helmet,Shoulder and Lap Belt Used,N,Not Applicable,Not Ejected,N,,,,,N,,,,None,Not Transported,No Contributing Action,,,,76,N,N,N,N,N,Y,N,N
26590881,2024,1,1,N,FL,E/Operator,Inattentive,Apparently Normal,No,Vision Not Obscured,PROGRESSIVE SELECT INSURANCE COMPAN,HOLLYWOOD,FL,33021,Female,No Helmet,Shoulder and Lap Belt Used,N,Not Applicable,Not Ejected,N,,,,,N,,,,None,Not Transported,Failed to Yield Right-of-Way,,,,61,N,N,N,Y,N,N,N,N
26591406,2024,1,1,N,FL,E/Operator,Inattentive,Apparently Normal,No,Vision Not Obscured,PROGRESSIVE AMERICAN INSURANCE COMP,HALLANDALE BEACH,FL,33009,Male,No Helmet,Shoulder and Lap Belt Used,N,Not Applicable,Not Ejected,N,,,,,N,,,,None,Not Transported,Failed to Yield Right-of-Way,,,,45,N,N,N,Y,N,N,N,N
26591554,2024,1,1,N,FL,E/Operator,Not Distracted,Apparently Normal,No Required Endorsements,Vision Not Obscured,STATE FARM MUTUAL AUTOMOBILE INSURA,KISSIMMEE,FL,34759,Male,,Shoulder and Lap Belt Used,,Not Deployed,Not Ejected,N,,,,,N,,,,None,Not Transported,No Contributing Action,No Contributing Action,,,34,N,N,N,N,N,N,N,N
26591587,2024,1,1,N,FL,E/Operator,Inattentive,Apparently Normal,No,Vision Not Obscured,STATE FARM MUTUAL AUTOMOBILE INSURA,HOLLYWOOD,FL,33312,Male,No Helmet,Shoulder and Lap Belt Used,N,Not Applicable,Not Ejected,N,,,,,N,,,,None,Not Transported,No Contributing Action,,,,83,N,N,N,Y,N,Y,N,N
26591769,2024,1,1,N,FL,E/Operator,Not Distracted,Apparently Normal,No Required Endorsements,Vision Not Obscured,PROGRESSIVE SELECT INSURANCE COMPAN,HALLANDALE BEACH,FL,33009,Male,,Shoulder and Lap Belt Used,,Not Deployed,Not Ejected,N,,,,,N,,,,Possible,Not Transported,Operated MV in Careless or Negligent Manner,Operated MV in Careless or Negligent Manner,,,34,N,N,N,N,N,N,N,N
26591826,2024,1,1,N,FL,E/Operator,Inattentive,Apparently Normal,No Required Endorsements,Vision Not Obscured,,WEST PARK,FL,33023,Female,No Helmet,Shoulder and Lap Belt Used,,Not Deployed,Not Ejected,N,,,,,N,,,,None,Not Transported,Operated MV in Careless or Negligent Manner,Failed to Yield Right-of-Way,,,67,N,N,N,Y,N,Y,N,N
26593722,2024,1,1,N,NY,E/Operator,Not Distracted,Apparently Normal,No Required Endorsements,Vision Not Obscured,GEICO,ISLANDIA,NY,11749,Female,,Shoulder and Lap Belt Used,,Not Deployed,Not Ejected,N,,,,,N,,,,None,Not Transported,Other Contributing Action,,,,63,N,N,N,N,N,N,N,N
26594715,2024,1,1,N,FL,E/Operator,Not Distracted,Apparently Normal,No Required Endorsements,Vision Not Obscured,STATE FARM MUTUAL AUTOMOBILE INSURA,BOCA RATON,FL,33433,Female,,Shoulder and Lap Belt Used,,Not Deployed,Not Ejected,N,,,,,N,,,,None,Not Transported,Failed to Yield Right-of-Way,,,,57,N,N,N,N,N,N,N,N
26601202,2024,1,2,N,FL,E/Operator,Not Distracted,Other,,Trees/Crops/Bushes,ALLSTATE FIRE AND CASUALTY,LKEHIGH ACRES,FL,33976,Male,,Shoulder and Lap Belt Used,,Not Deployed,Not Ejected,N,Test Not Given,,,,N,Test Not Given,,,None,Not Transported,Operated MV in Careless or Negligent Manner,,,,21,N,N,N,N,N,N,N,N
26603518,2024,1,1,N,FL,E/Operator,Not Distracted,Apparently Normal,No Required Endorsements,Vision Not Obscured,GEICO CASUALTY COMPANY,MIAMI,FL,33179,Male,No Helmet,Shoulder and Lap Belt Used,,Not Deployed,Not Ejected,N,,,,,N,,,,Possible,Not Transported,No Contributing Action,,,,40,N,N,N,N,N,N,N,N
26603882,2024,1,1,N,FL,E/Operator,Not Distracted,Apparently Normal,No Required Endorsements,Vision Not Obscured,ESURANCE PROPERTY & CASUALTY INSURA,DORAL,FL,33178,Female,No Helmet,Shoulder and Lap Belt Used,,Not Deployed,Not Ejected,N,,,,,N,,,,None,Not Transported,Operated MV in Careless or Negligent Manner,,,,18,N,N,N,N,N,N,Y,N
26604963,2024,1,1,N,FL,E/Operator,Not Distracted,Apparently Normal,No,Vision Not Obscured,GEICO CASUALTY COMPANY,DORAL,FL,33178,Male,No Helmet,Shoulder and Lap Belt Used,N,Not Deployed,Not Ejected,N,,,,,N,,,,None,Not Transported,Failed to Yield Right-of-Way,,,,50,N,N,N,N,N,N,N,N
26609391,2024,1,2,,FL,E/Operator,Not Distracted,Apparently Normal,No Required Endorsements,Vision Not Obscured,SECURITY NATIONAL INSURANCE COMPANY,HAINES CITY,FL,33844,Male,No Helmet,Shoulder and Lap Belt Used,,Not Deployed,Not Ejected,N,,,,,N,,,,None,Not Transported,No Contributing Action,,,,33,N,N,N,N,N,N,N,N
26610837,2024,1,1,,FL,E/Operator,Not Distracted,Apparently Normal,No Required Endorsements,Vision Not Obscured,DIRECT GENERAL INSURANC,TAMPA,FL,33617,Male,,Shoulder and Lap Belt Used,,Not Deployed,Not Ejected,N,,,,,N,,,,None,Not Transported,No Contributing Action,,,,35,N,N,N,N,N,N,N,N
26612046,2024,1,1,N,FL,E/Operator,Not Distracted,Apparently Normal,No Required Endorsements,Vision Not Obscured,PROGRESSIVE AMERICAN IN,TAMPA,FL,33612,Male,,Shoulder and Lap Belt Used,,Not Deployed,Not Ejected,N,,,,,N,,,,None,Not Transported,Failed to Yield Right-of-Way,,,,55,N,N,N,N,N,N,N,N
26612290,2024,1,1,N,,None,Not Distracted,Apparently Normal,No Required Endorsements,Vision Not Obscured,THE STANDARD FIRE INSUR,TAMPA,FL,33611,Male,,Shoulder and Lap Belt Used,,Not Deployed,Not Ejected,N,,,,,N,,,,None,Not Transported,No Contributing Action,,,,35,N,N,N,N,N,N,N,N
26613174,2024,1,1,N,FL,E/Operator,Inattentive,Apparently Normal,No Required Endorsements,Vision Not Obscured,GEICO CASUALTY COMPANY,TAMPA,FL,33634,Female,,Shoulder and Lap Belt Used,,Not Deployed,Not Ejected,N,,,,,N,,,,None,Not Transported,Failed to Yield Right-of-Way,,,,21,N,N,N,Y,N,N,N,N
26614016,2024,1,1,N,FL,E/Operator,Not Distracted,Apparently Normal,No Required Endorsements,Vision Not Obscured,PROGRESSIVE SELECT INSU,TAMPA,FL,33612,Female,,Shoulder and Lap Belt Used,,Not Deployed,Not Ejected,N,,,,,N,,,,None,Not Transported,Failed to Yield Right-of-Way,,,,37,N,N,N,N,N,N,N,N
26614913,2024,1,1,N,FL,E/Operator,Not Distracted,Apparently Normal,No Required Endorsements,Vision Not Obscured,PROGRESSIVE AMERICAN IN,TAMPA,FL,33617,Male,,Shoulder and Lap Belt Used,,Not Deployed,Not Ejected,N,,,,,N,,,,None,Not Transported,Failed to Yield Right-of-Way,,,,21,N,N,N,N,N,N,N,N
26615080,2024,1,1,N,FL,E/Operator,Not Distracted,Apparently Normal,No Required Endorsements,Building/Fixed Object,STATE FARM MUTUAL AUTOM,DOVER,FL,33527,Male,,Shoulder and Lap Belt Used,,Not Deployed,Not Ejected,N,,,,,N,,,,None,Not Transported,Failed to Yield Right-of-Way,,,,61,N,N,N,N,N,N,N,N
26616564,2024,1,1,N,FL,E/Operator,Not Distracted,Apparently Normal,No Required Endorsements,Vision Not Obscured,OCEAN HARBOR CASUALTY I,TAMPA,FL,33610,Male,,Shoulder and Lap Belt Used,,Not Deployed,Not Ejected,N,,,,,N,,,,None,Not Transported,Improper Passing,,,,36,N,N,N,N,N,N,N,N
26618593,2024,1,1,N,FL,None,Inattentive,Apparently Normal,No Required Endorsements,Vision Not Obscured,FIRST ACCEPTANCE INSURA,PLANT CITY,FL,33566,Male,,Shoulder and Lap Belt Used,,Not Deployed,Not Ejected,N,,,,,N,,,,None,Not Transported,Operated MV in Careless or Negligent Manner,,,,54,N,N,N,Y,N,N,N,N
26618639,2024,1,1,N,CA,E/Operator,Not Distracted,Apparently Normal,No Required Endorsements,Vision Not Obscured,GEICO,SANTA BARBARA,CA,93111,Male,,Shoulder and Lap Belt Used,,Not Deployed,Not Ejected,N,,,,,N,,,,None,Not Transported,No Contributing Action,,,,22,N,N,N,N,N,N,N,N
26619015,2024,1,1,N,FL,E/Operator,Not Distracted,Apparently Normal,No Required Endorsements,Vision Not Obscured,PROGRESSIVE,SARASOTA,FL,34240,Male,,Shoulder and Lap Belt Used,,Not Deployed,Not Ejected,N,,,,,N,,,,None,Not Transported,Other Contributing Action,,,,79,N,N,N,N,N,Y,N,N
26619306,2024,1,1,,,,Unknown,Unknown,,,,,,,,,,,,Unknown,,,,,,,,,,,Unknown,,,,,,N,N,N,,N,N,N,N
26619843,2024,1,1,,,,Unknown,Unknown,,,,,,,,,,,,Unknown,,,,,,,,,,,Unknown,,,,,,N,N,N,,N,N,N,N
26623808,2024,1,1,N,FL,E/Operator,Not Distracted,Apparently Normal,No,Vision Not Obscured,GEICO CASUALTY COMPANY,MIAMI,FL,33156,Male,No Helmet,Shoulder and Lap Belt Used,N,Not Deployed,Not Ejected,N,,,,,N,,,,None,Not Transported,Operated MV in Careless or Negligent Manner,,,,37,N,N,N,N,N,N,N,N
26624741,2024,1,1,N,FL,E/Operator,Not Distracted,Apparently Normal,No Required Endorsements,Vision Not Obscured,PROGRESSIVE AMERICAN INSURANCE COMP,AVENTURA,FL,33160,Female,No Helmet,Shoulder and Lap Belt Used,,Not Deployed,Not Ejected,N,,,,,N,,,,None,Not Transported,No Contributing Action,,,,43,N,N,N,N,N,N,N,N
26627081,2024,1,1,N,FL,E/Operator,Not Distracted,Apparently Normal,No Required Endorsements,Vision Not Obscured,ALLSTATE FIRE AND CASUA,ALTAMONTE SPRINGS,FL,32714,Female,,Shoulder and Lap Belt Used,,Not Deployed,Not Ejected,N,,,,,N,,,,None,Not Transported,No Contributing Action,,,,46,N,N,N,N,N,N,N,N
26631657,2024,1,1,N,FL,E/Operator,Not Distracted,Apparently Normal,No Required Endorsements,Vision Not Obscured,ALLSTATE INDEMNITY COMP,LAKE WALES,FL,33853,Male,,Shoulder and Lap Belt Used,,Not Deployed,Not Ejected,N,,,,,N,,,,None,Not Transported,Failed to Yield Right-of-Way,,,,54,N,N,N,N,N,N,N,N
26637229,2024,1,1,N,FL,E/Operator,Not Distracted,Apparently Normal,No Required Endorsements,Vision Not Obscured,DIRECT GENERAL INSURANC,ORLANDO,FL,32818,Female,,Shoulder and Lap Belt Used,,Not Applicable,Not Ejected,N,,,,,N,,,,None,Not Transported,Disregarded Other Road Markings,,,,35,N,N,N,N,N,N,N,N
26639731,2024,1,1,N,GA,C,Not Distracted,Apparently Normal,No Required Endorsements,Vision Not Obscured,NONE,NORCROSS,GA,300935281,Female,,Shoulder and Lap Belt Used,,,Not Ejected,N,,,,,N,,,,None,Not Transported,No Contributing Action,,,,38,N,N,N,N,N,N,N,N
26640415,2024,1,1,N,FL,E/Operator,Not Distracted,Apparently Normal,No Required Endorsements,Vision Not Obscured,STATEFARM,ORLANDO,FL,32836,Male,,Shoulder and Lap Belt Used,,Not Deployed,Not Ejected,N,,,,,N,,,,None,Not Transported,No Contributing Action,,,,43,N,N,N,N,N,N,N,N
26644284,2024,1,1,N,FL,E/Operator,Not Distracted,Apparently Normal,,Vision Not Obscured,ALLSTATE,PENSACOLA,FL,32507-8486,Male,,Shoulder and Lap Belt Used,,Not Deployed,Not Ejected,N,Test Not Given,,,,N,Test Not Given,,,None,Not Transported,No Contributing Action,,,,40,N,N,N,N,N,N,N,N
26646153,2024,1,1,N,FL,E/Operator,Not Distracted,Apparently Normal,No Required Endorsements,Trees/Crops/Bushes,PROGRESSIVE AMERICAN IN,NAPLES,FL,34116,Male,,Shoulder and Lap Belt Used,,Not Deployed,Not Ejected,N,,,,,N,,,,None,Not Transported,No Contributing Action,,,,34,N,N,N,N,N,N,N,N
26646174,2024,1,1,N,FL,E/Operator,Not Distracted,Apparently Normal,No Required Endorsements,All Other,PROGRESSIVE SELECT INSU,MARCO ISLAND,FL,34145,Female,,Shoulder and Lap Belt Used,,Not Deployed,Not Ejected,N,,,,,N,,,,None,Not Transported,No Contributing Action,,,,61,N,N,N,N,N,N,N,N
26647488,2024,1,1,N,FL,E/Operator,Not Distracted,Apparently Normal,No Required Endorsements,All Other,ALLSTATE FIRE AND CASUALTY INSURANC,CAPE CORAL,FL,33991,Female,,Shoulder and Lap Belt Used,,Not Deployed,Not Ejected,N,,,,,N,,,,None,Not Transported,Improper Backing,,,,19,N,N,N,N,N,N,Y,N
26648260,2024,2,2,N,FL,E/Operator,Not Distracted,Apparently Normal,No Required Endorsements,Vision Not Obscured,PROGRESSIVE EXPRESS INSURANCE COMPA,CAPE CORAL,FL,33914,Male,,Shoulder and Lap Belt Used,,Not Deployed,Not Ejected,N,,,,,N,,,,None,Not Transported,No Contributing Action,,,,51,N,N,N,N,N,N,N,N
26648294,2024,1,2,N,FL,E/Operator,Not Distracted,Apparently Normal,No Required Endorsements,Vision Not Obscured,SAFECO INSURANCE COMPANY OF ILLINOI,CAPE CORAL,FL,33909,Female,,Shoulder and Lap Belt Used,,Not Deployed,Not Ejected,N,,,,,N,,,,None,Not Transported,No Contributing Action,,,,61,N,N,N,N,N,N,N,N
26655677,2024,1,1,N,FL,E/Operator,Not Distracted,Apparently Normal,No Required Endorsements,Vision Not Obscured,GEICO CASUALTY COMPANY,NORTH MIAMI BEACH,FL,33162,Female,,Shoulder and Lap Belt Used,,Not Deployed,Not Ejected,N,,,,,N,,,,None,Not Transported,Improper Turn,,,,18,N,N,N,N,N,N,Y,N
26656003,2024,1,1,N,FL,E/Operator,Not Distracted,Apparently Normal,No Required Endorsements,Vision Not Obscured,PROGRESSIVE,MIRAMAR,FL,33023,Female,,Shoulder and Lap Belt Used,,Not Deployed,Not Ejected,N,,,,,N,,,,None,Not Transported,Failed to Yield Right-of-Way,,,,46,N,N,N,N,N,N,N,N
26656086,2024,1,1,N,FL,E/Operator,Not Distracted,Apparently Normal,No Required Endorsements,Vision Not Obscured,UNITED AUTOMOBILE INSUR,HIALEAH,FL,33015,Female,,Shoulder and Lap Belt Used,,Not Deployed,Not Ejected,N,,,,,N,,,,None,Not Transported,No Contributing Action,,,,62,N,N,N,N,N,N,N,N
26662290,2024,1,1,N,FL,A,Not Distracted,Apparently Normal,No Required Endorsements,Vision Not Obscured,LIBERTY INSURANCE CORPORATION,MIAMI,FL,33144,Male,,Shoulder and Lap Belt Used,,Not Deployed,Not Ejected,N,,,,,N,,,,None,Not Transported,No Contributing Action,,,,39,N,N,N,N,N,N,N,N
26676509,2024,1,1,N,FL,E/Operator,Not Distracted,Apparently Normal,No Required Endorsements,Vision Not Obscured,DIRECT GENERAL INSURANCE COMPANY,OCALA,FL,34472,Male,,Shoulder and Lap Belt Used,,Not Deployed,Not Ejected,N,,,,,N,,,,None,Not Transported,Failed to Yield Right-of-Way,,,,18,N,N,N,N,N,N,Y,N
26676542,2024,1,1,N,FL,E/Operator,Not Distracted,Apparently Normal,No Required Endorsements,Vision Not Obscured,UNITED SERVICES AUTOMOBILE ASSOCIATIO,OCALA,FL,34482,Female,,Shoulder and Lap Belt Used,,Not Deployed,Not Ejected,N,,,,,N,,,,None,Not Transported,No Contributing Action,,,,79,N,N,N,N,N,Y,N,N
26676714,2024,1,1,N,FL,E/Operator,Not Distracted,Apparently Normal,No,Vision Not Obscured,ALLSTATE FIRE AND CASUALTY INSURANC,FORT LAUDERDALE,FL,33308,Male,,Shoulder and Lap Belt Used,,Not Deployed,Not Ejected,N,,,,,N,,,,None,Not Transported,Failed to Yield Right-of-Way,,,,76,N,N,N,N,N,Y,N,N
26676841,2024,1,1,N,FL,E/Operator,Not Distracted,Apparently Normal,Yes,Vision Not Obscured,PROGRESSIVE AMERICAN INSURANCE COMP,FT LAUDERDALE,FL,33304,Male,,Shoulder and Lap Belt Used,,Not Deployed,Not Ejected,N,,,,,N,,,,None,Not Transported,Failed to Yield Right-of-Way,,,,63,N,N,N,N,N,N,N,N
26677887,2024,1,1,N,FL,E/Operator,Not Distracted,Apparently Normal,No Required Endorsements,Vision Not Obscured,INFINITY AUTO INSURANCE,WESTON,FL,33326,Female,,Shoulder and Lap Belt Used,,Not Deployed,Not Ejected,N,,,,,N,,,,None,Not Transported,Failed to Yield Right-of-Way,,,,49,N,N,N,N,N,N,N,N
26679269,2024,1,1,N,FL,E/Operator,Not Distracted,Apparently Normal,No Required Endorsements,Vision Not Obscured,GREENWICH INS CO 09257,PEMMBROKE PINES,FL,33023,Male,,Shoulder and Lap Belt Used,,Not Deployed,Not Ejected,N,,,,,N,,,,None,Not Transported,Failed to Yield Right-of-Way,,,,54,N,N,N,N,N,N,N,N
26687844,2024,1,1,N,FL,E/Operator,Unknown,Apparently Normal,No Required Endorsements,Vision Not Obscured,ROOT INSURANCE COMPANY,LECANTO,FL,34461,Male,,Shoulder and Lap Belt Used,,Not Deployed,Not Ejected,N,,,,,N,,,,None,Not Transported,Operated MV in Careless or Negligent Manner,Failed to Yield Right-of-Way,,,36,N,N,N,,N,N,N,N
26688230,2024,1,1,N,FL,E/Operator,Not Distracted,Apparently Normal,No Required Endorsements,Vision Not Obscured,STATE FARM,HUDSON,FL,34667,Male,,Shoulder and Lap Belt Used,,Not Deployed,Not Ejected,N,,,,,N,,,,None,Not Transported,No Contributing Action,,,,38,N,N,N,N,N,N,N,N
26690015,2024,1,1,N,FL,E/Operator,Not Distracted,Apparently Normal,No Required Endorsements,Vision Not Obscured,GIECO,FORT DENAUD,FL,33935,Female,,Shoulder and Lap Belt Used,,Not Applicable,Not Ejected,N,,,,,N,,,,None,Not Transported,Failed to Yield Right-of-Way,,,,30,N,N,N,N,N,N,N,N
26690922,2024,1,1,N,FL,E/Operator,Not Distracted,Apparently Normal,No Required Endorsements,Vision Not Obscured,STATE FARM MUTUAL AUTOM,NORTH FORT MYERS,FL,33903,Female,,Shoulder and Lap Belt Used,,Not Deployed,Not Ejected,N,,,,,N,,,,None,Not Transported,No Contributing Action,,,,57,N,N,N,N,N,N,N,N
26698504,2024,1,1,,FL,E/Operator,Not Distracted,Apparently Normal,No,Vision Not Obscured,UK,MIAMI,FL,33147,Male,,Shoulder and Lap Belt Used,,Not Deployed,Not Ejected,N,,,,,N,,,,None,Not Transported,No Contributing Action,,,,52,N,N,N,N,N,N,N,N
26702590,2024,1,1,,FL,E/Operator,Not Distracted,Apparently Normal,No,Vision Not Obscured,PERMANENT GENERAL ASSURANCE CORPORATION,MIAMI,FL,33161,Male,,Shoulder and Lap Belt Used,,Not Deployed,Not Ejected,N,,,,,N,,,,None,Not Transported,No Contributing Action,,,,58,N,N,N,N,N,N,N,N
26704394,2024,1,1,,FL,E/Operator,Not Distracted,Apparently Normal,No Required Endorsements,Vision Not Obscured,GARRISON PROP AND CASUALTY INSURANCE,MIAMI,FL,33177,Female,No Helmet,Shoulder and Lap Belt Used,,Not Deployed,Not Ejected,N,,,,,N,,,,None,Not Transported,Operated MV in Careless or Negligent Manner,,,,51,N,N,N,N,N,N,N,N
26704470,2024,1,1,,FL,E/Operator,Not Distracted,Apparently Normal,No Required Endorsements,Vision Not Obscured,GEICO GENERAL INSURANCE COMPANY,MIAMI,FL,33165,Male,No Helmet,Shoulder and Lap Belt Used,,Not Deployed,Not Ejected,N,,,,,N,,,,None,Not Transported,No Contributing Action,,,,69,N,N,N,N,N,Y,N,N
26708287,2024,1,1,,OT,E/Operator,Unknown,Apparently Normal,No Required Endorsements,Vision Not Obscured,UNKNOWN,UNKNOWN,OT,UK,Female,,Shoulder and Lap Belt Used,,Not Deployed,Not Ejected,N,,,,,N,,,,None,Not Transported,Disregarded Other Traffic Sign,,,,,N,N,N,,N,N,N,N
26709079,2024,1,1,,,None,Unknown,Unknown,No,All Other,UK,UK,,,Unknown,,Other,,Not Applicable,Not Applicable,,,,,,,,,,None,Not Transported,Other Contributing Action,,,,,N,N,N,,N,N,N,N
