REPORT_NUMBER,CRASH_YEAR,PERSON_NUMBER,LOCATION_AT_TIME_OF_CRASH_CODE,ACTION_PRIOR_TO_CRASH_CODE,NON_MOTORIST_DESCRIPTION_CODE,CITY,STATE,ZIP_CODE,SEX,SUSPECTED_ALCOHOL_USE_CODE,ALCOHOL_TESTED_CODE,ALCOHOL_TEST_TYPE_CODE,ALCOHOL_TEST_RESULT,BLOOD_ALCOHOL_CONTENT,SUSPECTED_DRUG_USE_CODE,DRUG_TESTED_CODE,DRUG_TEST_TYPE_CODE,DRUG_TEST_RESULT,INJURY_SEVERITY,EMS_TRANSPORT_TYPE,NON_MOTORIST_ACTIONS_CIRCUMSTANCES_1,NON_MOTORIST_ACTIONS_CIRCUMSTANCES_2,SAFETY_EQUIPMENT_CODE_1,SAFETY_EQUIPMENT_CODE_2,S4_AGE_AT_TIME_OF_CRASH,S4_IS_ALCOHOL_RELATED,S4_IS_DRUG_RELATED,S4_IS_AGING,S4_IS_TEENAGER
26559477,2024,2,Travel Lane - Other Location,Walking/Cycling Along Roadway With Traffic,Other Cyclist,LARGO,FL,33770,Male,N,,,,,N,,,,Incapacitating,EMS,No Improper Action,,None,,32,N,N,N,N
26559902,2024,3,Travel Lane - Other Location,Crossing Roadway,Other Cyclist,CLEARWATER,FL,33759,Male,N,,,,,N,,,,Non-Incapacitating,Not Transported,Failure to Yield Right-of-Way,,None,,17,N,N,N,Y
26559946,2024,2,Intersection - Other,Crossing Roadway,Other Cyclist,,,,Male,N,,,,,N,,,,None,Not Transported,Failure to Yield Right-of-Way,,None,,,N,N,N,N
26579831,2024,2,Sidewalk,Walking/Cycling on Sidewalk,Other Cyclist,WEST PALM BEACH,FL,33412,,N,,,,,N,,,,Non-Incapacitating,EMS,Failure to Yield Right-of-Way,,None,,,N,N,N,N
26591406,2024,2,Intersection - Unmarked Crosswalk,Crossing Roadway,Other Cyclist,HALLANDALE BEACH,FL,33009,,N,,,,,N,,,,Non-Incapacitating,EMS,No Improper Action,,None,,,N,N,N,N
26604963,2024,3,Intersection - Marked Crosswalk,Crossing Roadway,Other Cyclist,DORAL,FL,33178,,N,,,,,N,,,,Possible,Not Transported,No Improper Action,,None,,,N,N,N,N
26623808,2024,2,Sidewalk,Other,Other Cyclist,NORTH MIAMI,FL,33161,,N,,,,,N,,,,Non-Incapacitating,Not Transported,No Improper Action,,None,,,N,N,N,N
26709795,2024,2,Intersection - Marked Crosswalk,Walking/Cycling on Sidewalk,Other Cyclist,MIAMI,,33174,Male,N,,,,,N,,,,Non-Incapacitating,Not Transported,No Improper Action,,None,,15,N,N,N,Y
26560148,2024,2,Midblock - Marked Crosswalk,Crossing Roadway,Other Cyclist,BRANT,MI,486148708,Male,N,,,,,N,,,,Possible,Not Transported,No Improper Action,,Helmet,,24,N,N,N,N
26560230,2024,2,Shoulder/Roadside,Crossing Roadway,Other Cyclist,CLEARWATER,FL,33756,Male,N,,,,,N,,,,Incapacitating,EMS,Other,No Improper Action,None,,42,N,N,N,N
26560863,2024,2,Intersection - Marked Crosswalk,Crossing Roadway,Other Cyclist,CLEARWATER,FL,33756,Male,N,,,,,N,,,,Possible,EMS,Unknown,,None,,17,N,N,N,Y
26560866,2024,2,Midblock - Marked Crosswalk,Crossing Roadway,Other Cyclist,CLEARWATER,FL,33755,Male,N,,,,,N,,,,Possible,EMS,No Improper Action,,None,,22,N,N,N,N
26564059,2024,3,Other,Walking/Cycling on Sidewalk,Other Cyclist,LAKE WORTH,FL,33461,Male,N,,,,,N,,,,None,EMS,No Improper Action,,None,,39,N,N,N,N
26564145,2024,2,Driveway Access,Crossing Roadway,Other Cyclist,PALM SPRINGS,FL,33406,Male,N,,,,,N,,,,Possible,Not Transported,No Improper Action,,None,,14,N,N,N,N
26564484,2024,5,Intersection - Marked Crosswalk,Crossing Roadway,Other Cyclist,PALM SPRINGS,FL,33461,Female,N,,,,,N,,,,Non-Incapacitating,EMS,No Improper Action,,None,,73,N,N,Y,N
26564743,2024,2,Intersection - Marked Crosswalk,Crossing Roadway,Other Cyclist,PALM SPRINGS,FL,33461,Male,N,,,,,N,,,,Possible,EMS,No Improper Action,,None,,39,N,N,N,N
26591826,2024,2,Bicycle Lane,Adjacent to Roadway,Other Cyclist,HALLANDALE BEACH,FL,33009,,N,,,,,N,,,,Non-Incapacitating,EMS,No Improper Action,,None,,,N,N,N,N
26565832,2024,1,Travel Lane - Other Location,Crossing Roadway,Other Cyclist,FT MEADE,,33841,Female,N,,,,,N,,,,Non-Incapacitating,EMS,Wrong-Way Riding or Walking,,None,,38,N,N,N,N
26570340,2024,2,Intersection - Unmarked Crosswalk,Walking/Cycling on Sidewalk,Other Cyclist,PORT SAINT LUCIE,FL,34953,,N,,,,,N,,,,Possible,Not Transported,No Improper Action,,None,,,N,N,N,N
26567509,2024,1,Intersection - Marked Crosswalk,Crossing Roadway,Other Cyclist,DAVENPORT,,33897,Male,N,,,,,N,,,,None,Not Transported,Failure to Yield Right-of-Way,,None,,17,N,N,N,Y
26568681,2024,2,Shoulder/Roadside,Other,Other Cyclist,WAHNETA,,33880,Female,N,,,,,N,,,,Non-Incapacitating,EMS,No Improper Action,,None,,43,N,N,N,N
26569287,2024,1,Other,Crossing Roadway,Other Cyclist,LAKELAND,,33803,Female,N,,,,,N,,,,Non-Incapacitating,EMS,"Failure to Obey Traffic Signs, Signals, or Officer",Failure to Yield Right-of-Way,None,,51,N,N,N,N
26573349,2024,2,Sidewalk,Walking/Cycling on Sidewalk,Other Cyclist,PORT SAINT LUCIE,FL,34953,,,,,,,,,,,Non-Incapacitating,EMS,Unknown,,None,,,N,N,N,N
26573873,2024,2,Driveway Access,Walking/Cycling on Sidewalk,Other Cyclist,PORT ST LUCIE,FL,34983,,N,,,,,N,,,,Possible,Not Transported,Other,,None,,,N,N,N,N
26573982,2024,2,Intersection - Marked Crosswalk,Going To or From School,Other Cyclist,PORT ST LUCIE,FL,34952,,N,,,,,N,,,,None,Not Transported,No Improper Action,,None,,,N,N,N,N
26576048,2024,2,Intersection - Marked Crosswalk,Walking/Cycling Along Roadway With Traffic,Other Cyclist,ORLANDO,FL,32808,Male,N,,,,,N,,,,Possible,EMS,No Improper Action,,None,,45,N,N,N,N
26576187,2024,2,Intersection - Marked Crosswalk,Crossing Roadway,Other Cyclist,BRADENTON,FL,34212,Male,Y,Test Not Given,Other,Unknown,,N,,,,Possible,Not Transported,"Failure to Obey Traffic Signs, Signals, or Officer",,None,,64,Y,N,N,N
26577400,2024,2,Driveway Access,Walking/Cycling Along Roadway With Traffic,Other Cyclist,SORRENTO,FL,32776,Male,N,,,,,N,,,,Possible,Not Transported,No Improper Action,,Helmet,,35,N,N,N,N
26591201,2024,2,Intersection - Marked Crosswalk,Crossing Roadway,Other Cyclist,HALLANDALE BEACH,FL,33009,,N,,,,,N,,,,Possible,Not Transported,No Improper Action,,None,,,N,N,N,N
26578877,2024,2,Bicycle Lane,Walking/Cycling Along Roadway With Traffic,Other Cyclist,LAKE PARK,FL,33403,,N,,,,,N,,,,Non-Incapacitating,EMS,No Improper Action,,None,,,N,N,N,N
26579006,2024,2,Sidewalk,Walking/Cycling on Sidewalk,Bicyclist,PALM BEACH GARDENS,FL,33410,,N,,,,,N,,,,Possible,EMS,Other,,None,,,N,N,N,N
26579006,2024,3,Other,None,Other Cyclist,PALM BEACH GARDENS,FL,33410,,N,,,,,N,,,,None,Other,No Improper Action,,None,None,,N,N,N,N
26579311,2024,2,Other,Crossing Roadway,Other Cyclist,3,FL,33407,,N,,,,,N,,,,Non-Incapacitating,EMS,Wrong-Way Riding or Walking,Failure to Yield Right-of-Way,None,,,N,N,N,N
26616564,2024,2,Other,Crossing Roadway,Other Cyclist,TAMPA,FL,33605,Male,N,,,,,N,,,,Possible,EMS,In Roadway Improperly,,None,,20,N,N,N,N
26579641,2024,2,Intersection - Marked Crosswalk,Crossing Roadway,Other Cyclist,EIGHTY FOUR,PA,15330,,N,,,,,N,,,,Non-Incapacitating,Not Transported,No Improper Action,,None,,,N,N,N,N
26609391,2024,1,Intersection - Marked Crosswalk,Crossing Roadway,Other Cyclist,HAINES CITY,,33844,Male,N,,,,,N,,,,Non-Incapacitating,EMS,Failure to Yield Right-of-Way,Dart/Dash,None,,21,N,N,N,N
26580012,2024,2,Other,Crossing Roadway,Other Cyclist,RIVIERA BEACH,FL,33404,,N,,,,,N,,,,Possible,EMS,Other,,None,,,N,N,N,N
26584637,2024,2,Intersection - Unmarked Crosswalk,Crossing Roadway,Other Cyclist,FORT MYERS,FL,33901,Male,N,,,,,N,,,,Non-Incapacitating,EMS,Improper Turn/Merge,,None,,70,N,N,Y,N
26586691,2024,2,Other,Other,Other Cyclist,LEHIGH ACRES,FL,33973,Male,N,,,,,N,,,,Possible,EMS,No Improper Action,,None,,23,N,N,N,N
26589230,2024,2,Intersection - Marked Crosswalk,Going To or From School,Other Cyclist,ROCKLEDGE,FL,32955,Male,N,,,,,N,,,,Possible,Other,Other,,None,,17,N,N,N,Y
26589326,2024,2,Shoulder/Roadside,Walking/Cycling Along Roadway With Traffic,Other Cyclist,COCOA,FL,32927,Male,N,,,,,N,,,,None,Not Transported,No Improper Action,,Helmet,Lighting,54,N,N,N,N
26624741,2024,2,Intersection - Marked Crosswalk,Crossing Roadway,Other Cyclist,AVENTURA,FL,33180,,N,,,,,N,,,,Non-Incapacitating,Not Transported,Failure to Yield Right-of-Way,,None,,,N,N,N,N
26590570,2024,4,Bicycle Lane,Walking/Cycling Along Roadway Against Traffic,Other Cyclist,HALLANDALE BEACH,FL,33009,,,,,,,,,,,Non-Incapacitating,Not Transported,Failure to Yield Right-of-Way,,None,,,N,N,N,N
26590789,2024,1,Travel Lane - Other Location,Crossing Roadway,Other Cyclist,SUNNY ISLES BEACH,FL,33160,,N,,,,,N,,,,Possible,Not Transported,Failure to Yield Right-of-Way,,None,,,N,N,N,N
26590881,2024,2,Sidewalk,Walking/Cycling on Sidewalk,Other Cyclist,HALLANDALE BEACH,FL,33009,,N,,,,,N,,,,Non-Incapacitating,Not Transported,No Improper Action,,None,,,N,N,N,N
26590881,2024,3,Sidewalk,Walking/Cycling on Sidewalk,Other Cyclist,HALLANDALE BEACH,FL,33009,,N,,,,,N,,,,None,Not Transported,No Improper Action,,None,,,N,N,N,N
26590888,2024,1,Intersection - Marked Crosswalk,Crossing Roadway,Other Cyclist,BOCA RATON,FL,33433,,N,,,,,N,,,,Non-Incapacitating,Not Transported,No Improper Action,,None,,,N,N,N,N
26591019,2024,2,Bicycle Lane,Unknown,Other Cyclist,NORTH MIAMI,FL,33161,,N,,,,,N,,,,Fatal (within 30 days),Other,Unknown,,None,,,N,N,N,N
26591554,2024,2,Other,Other,Other Cyclist,COOPER CITY,FL,33009,,N,,,,,N,,,,Non-Incapacitating,Not Transported,Other,,None,,,N,N,N,N
26591587,2024,2,Bicycle Lane,Walking/Cycling Along Roadway With Traffic,Other Cyclist,HALLANDALE BEACH,FL,33009,,N,,,,,N,,,,Non-Incapacitating,EMS,No Improper Action,,None,,,N,N,N,N
26591769,2024,2,Other,Walking/Cycling Along Roadway Against Traffic,Other Cyclist,MIAMI,FL,33162,,N,,,,,N,,,,Possible,Not Transported,Wrong-Way Riding or Walking,,None,,,N,N,N,N
26593722,2024,2,Midblock - Marked Crosswalk,Crossing Roadway,Other Cyclist,JENSEN BEACH,FL,34987,,N,,,,,N,,,,Non-Incapacitating,Not Transported,No Improper Action,,None,,,N,N,N,N
26594715,2024,2,Sidewalk,Walking/Cycling on Sidewalk,Other Cyclist,BOCA RATON,FL,33432,,N,,,,,N,,,,Possible,Not Transported,No Improper Action,,None,,,N,N,N,N
26601202,2024,1,Intersection - Unmarked Crosswalk,Walking/Cycling Along Roadway With Traffic,Other Cyclist,CLEWISTON,FL,33440,Male,N,Test Not Given,,,,N,Test Not Given,,,Possible,EMS,Failure to Yield Right-of-Way,Wrong-Way Riding or Walking,None,,34,N,N,N,N
26603518,2024,2,Sidewalk,Adjacent to Roadway,Other Cyclist,DORAL,FL,33172,,N,,,,,N,,,,Possible,Not Transported,No Improper Action,,None,,,N,N,N,N
26603882,2024,2,Sidewalk,Crossing Roadway,Other Cyclist,DORAL,FL,33178,,N,,,,,N,,,,Non-Incapacitating,Not Transported,No Improper Action,,None,,,N,N,N,N
26610759,2024,1,Shared-Use Path or Trail,In Roadway - Other,Other Cyclist,TAMPA,FL,33605,Male,N,,,,,N,,,,Non-Incapacitating,Not Transported,Improper Turn/Merge,,None,,24,N,N,N,N
26610837,2024,2,Sidewalk,Walking/Cycling on Sidewalk,Other Cyclist,TAMPA,FL,,Male,N,,,,,N,,,,,Not Transported,Inattentive,,None,,,N,N,N,N
26612046,2024,2,Sidewalk,Walking/Cycling on Sidewalk,Other Cyclist,TAMPA,FL,33614,Female,N,,,,,N,,,,Possible,Not Transported,Wrong-Way Riding or Walking,,None,,20,N,N,N,N
26612290,2024,3,Sidewalk,Walking/Cycling on Sidewalk,Other Cyclist,TAMPA,FL,33629,Female,N,,,,,N,,,,Non-Incapacitating,Not Transported,No Improper Action,,None,,59,N,N,N,N
26613174,2024,2,Driveway Access,Other,Other Cyclist,TAMPA,FL,33607,Male,N,,,,,N,,,,Non-Incapacitating,Not Transported,Other,,None,,48,N,N,N,N
26614016,2024,2,Intersection - Marked Crosswalk,Crossing Roadway,Other Cyclist,TAMPA,FL,33613,Male,N,,,,,N,,,,None,Not Transported,No Improper Action,,None,,63,N,N,N,N
26614913,2024,3,Intersection - Unmarked Crosswalk,Walking/Cycling Along Roadway With Traffic,Other Cyclist,TAMPA,FL,33610,Male,N,,,,,N,,,,Non-Incapacitating,Not Transported,No Improper Action,,Lighting,,34,N,N,N,N
26615080,2024,2,Driveway Access,Walking/Cycling on Sidewalk,Other Cyclist,TAMPA,FL,33611,Male,N,,,,,N,,,,Non-Incapacitating,Other,No Improper Action,,None,,13,N,N,N,N
26618061,2024,1,Travel Lane - Other Location,Walking/Cycling Along Roadway With Traffic,Other Cyclist,TAMPA,FL,33610,Male,N,,,,,N,,,,Non-Incapacitating,Not Transported,No Improper Action,,None,,42,N,N,N,N
26618593,2024,2,Travel Lane - Other Location,Other,Other Cyclist,TAMPA,FL,33612,Male,N,,,,,N,,,,Non-Incapacitating,Not Transported,No Improper Action,,None,,37,N,N,N,N
26618639,2024,2,Intersection - Unmarked Crosswalk,Crossing Roadway,Bicyclist,TAMPA,FL,33603,Male,N,,,,,N,,,,Non-Incapacitating,EMS,Wrong-Way Riding or Walking,,None,,42,N,N,N,N
26618639,2024,3,Intersection - Unmarked Crosswalk,Crossing Roadway,Other Cyclist,TAMPA,FL,33603,Female,N,,,,,N,,,,Incapacitating,EMS,No Improper Action,,None,,56,N,N,N,N
26619015,2024,2,Intersection - Marked Crosswalk,Crossing Roadway,Other Cyclist,TAMPA,FL,33604,Male,N,,,,,N,,,,None,Not Transported,Unknown,,None,,25,N,N,N,N
26619306,2024,2,Unknown,Unknown,Other Cyclist,TAMPA,FL,33602,Male,N,,,,,N,,,,Non-Incapacitating,EMS,Unknown,,None,,44,N,N,N,N
26619843,2024,2,Driveway Access,Walking/Cycling on Sidewalk,Other Cyclist,ST PETERSBURG,FL,33705,Male,N,,,,,N,,,,Possible,Not Transported,No Improper Action,,None,,16,N,N,N,Y
26627081,2024,2,Intersection - Other,Crossing Roadway,Other Cyclist,ALTAMONTE SPRINGS,FL,32714,Male,N,,,,,N,,,,Possible,Not Transported,Failure to Yield Right-of-Way,,None,,15,N,N,N,Y
26631657,2024,2,Intersection - Other,Walking/Cycling Along Roadway With Traffic,Other Cyclist,WINTER HAVEN,FL,33880,Male,N,,,,,N,,,,Possible,Not Transported,No Improper Action,,None,,32,N,N,N,N
26637229,2024,2,Intersection - Marked Crosswalk,Crossing Roadway,Other Cyclist,ORLANDO,FL,32818,Male,N,,,,,N,,,,Possible,Not Transported,"Failure to Obey Traffic Signs, Signals, or Officer",,None,,47,N,N,N,N
26639731,2024,3,Other,Unknown,Other Cyclist,KISSIMMEE,FL,34741,Male,N,,,,,N,,,,None,Not Transported,Improper Passing,,None,,23,N,N,N,N
26640415,2024,2,Intersection - Marked Crosswalk,Crossing Roadway,Other Cyclist,ORLANDO,FL,32835,Male,N,,,,,N,,,,None,Not Transported,"Failure to Obey Traffic Signs, Signals, or Officer",,Helmet,,13,N,N,N,N
26644284,2024,2,Intersection - Marked Crosswalk,Walking/Cycling Along Roadway Against Traffic,Other Cyclist,PENSACOLA,FL,32501,Male,N,Test Not Given,,,,N,Test Not Given,,,Possible,EMS,Other,,None,,27,N,N,N,N
26656003,2024,2,Intersection - Marked Crosswalk,Waiting to Cross Roadway,Other Cyclist,WEST PARK,FL,33023,Female,N,,,,,N,,,,Possible,EMS,No Improper Action,,None,,45,N,N,N,N
26646153,2024,2,Driveway Access,Walking/Cycling on Sidewalk,Other Cyclist,STITTSVILLE,ON,K2S1W3,Female,N,,,,,N,,,,Possible,EMS,No Improper Action,,Helmet,None,63,N,N,N,N
26646174,2024,3,Non-Trafficway Area,Other,Other Cyclist,MARCO ISLAND,FL,34145,Male,N,,,,,N,,,,Non-Incapacitating,EMS,Other,Other,None,,13,N,N,N,N
26646174,2024,4,Non-Trafficway Area,Other,Other Cyclist,MARCO ISLAND,FL,34145,Male,N,,,,,N,,,,None,Not Transported,Other,Other,None,,15,N,N,N,Y
26647488,2024,2,Sidewalk,Walking/Cycling on Sidewalk,Other Cyclist,CAPE CORAL,FL,33991,,N,,,,,N,,,,Possible,Not Transported,Dart/Dash,,None,,,N,N,N,N
26648260,2024,1,Intersection - Unmarked Crosswalk,Crossing Roadway,Other Cyclist,CAPE CORAL,FL,33990,,Y,Test Not Given,,,,N,,,,Non-Incapacitating,EMS,Failure to Yield Right-of-Way,,Lighting,,,Y,N,N,N
26648294,2024,1,Intersection - Marked Crosswalk,Walking/Cycling Along Roadway Against Traffic,Other Cyclist,CAPE CORAL,FL,33904,,N,,,,,N,,,,None,Not Transported,"Failure to Obey Traffic Signs, Signals, or Officer",,None,,,N,N,N,N
26655677,2024,3,Intersection - Other,Crossing Roadway,Other Cyclist,MIAMI,FL,33168,Male,N,,,,,N,,,,Possible,EMS,No Improper Action,,None,,39,N,N,N,N
26656086,2024,2,Intersection - Marked Crosswalk,Crossing Roadway,Other Cyclist,,,,Female,N,,,,,N,,,,Incapacitating,EMS,No Improper Action,,None,,9,N,N,N,N
26658855,2024,1,Non-Trafficway Area,In Roadway - Other,Other Cyclist,MIAMI,FL,33137,Male,N,,,,,N,,,,Incapacitating,EMS,Inattentive,,None,,34,N,N,N,N
26662290,2024,2,Other,Other,Other Cyclist,,,,Male,N,,,,,N,,,,Incapacitating,EMS,No Improper Action,,Helmet,,33,N,N,N,N
26676509,2024,2,Driveway Access,Walking/Cycling on Sidewalk,Other Cyclist,OCALA,FL,34470,Female,N,,,,,N,,,,Non-Incapacitating,EMS,No Improper Action,,None,,44,N,N,N,N
26676542,2024,2,Bicycle Lane,Crossing Roadway,Other Cyclist,WAGENER,SC,29164,Male,N,,,,,N,,,,Non-Incapacitating,EMS,"Failure to Obey Traffic Signs, Signals, or Officer",,Lighting,,59,N,N,N,N
26676714,2024,2,Bicycle Lane,Other,Other Cyclist,FORT LAUDERDALE,FL,33304,,N,,,,,N,,,,None,Not Transported,No Improper Action,,None,,,N,N,N,N
26676841,2024,2,Bicycle Lane,Walking/Cycling Along Roadway With Traffic,Other Cyclist,FORT LAUDERDALE,FL,33304,,N,,,,,N,,,,Non-Incapacitating,Not Transported,No Improper Action,,None,,,N,N,N,N
26677887,2024,2,Bicycle Lane,Walking/Cycling Along Roadway With Traffic,Other Cyclist,FT LAUDERDALE,FL,33301,Male,N,,,,,N,,,,Non-Incapacitating,EMS,No Improper Action,,None,,42,N,N,N,N
26679269,2024,2,Other,Other,Other Cyclist,PLANTATION,FL,33313,Male,N,,,,,N,,,,Incapacitating,EMS,No Improper Action,,None,,63,N,N,N,N
26687844,2024,2,Driveway Access,Walking/Cycling on Sidewalk,Other Cyclist,BEVERLY HILLS,FL,34465,Male,N,,,,,N,,,,Possible,Not Transported,Other,,None,,40,N,N,N,N
26688230,2024,2,Shared-Use Path or Trail,Walking/Cycling on Sidewalk,Other Cyclist,HERNANDO,FL,34442,Male,N,,,,,N,,,,None,Not Transported,Failure to Yield Right-of-Way,,None,,23,N,N,N,N
26690015,2024,2,Intersection - Marked Crosswalk,Crossing Roadway,Other Cyclist,FORT MYERS,FL,33966,Male,N,,,,,N,,,,Possible,Not Transported,No Improper Action,,Helmet,,15,N,N,N,Y
26690922,2024,2,Intersection - Marked Crosswalk,Other,Other Cyclist,FORT MYERS,FL,33966,Male,N,,,,,N,,,,Incapacitating,EMS,Inattentive,,None,,58,N,N,N,N
26698504,2024,2,Intersection - Unmarked Crosswalk,Other,Other Cyclist,MIAMI,,33147,Male,N,,,,,N,,,,Non-Incapacitating,Other,Dart/Dash,,None,,25,N,N,N,N
26702590,2024,2,Other,Other,Other Cyclist,MIAMI,,33142,Male,N,,,,,N,,,,Possible,Not Transported,Other,,Not Applicable,,17,N,N,N,Y
26704394,2024,3,Midblock - Marked Crosswalk,Crossing Roadway,Other Cyclist,MIAMI,,33157,Male,N,,,,,N,,,,Non-Incapacitating,EMS,No Improper Action,,None,,14,N,N,N,N
26704470,2024,2,Intersection - Marked Crosswalk,Walking/Cycling Along Roadway Against Traffic,Other Cyclist,MIAMI,,33126,Male,N,,,,,N,,,,Possible,Not Transported,"Failure to Obey Traffic Signs, Signals, or Officer",,None,,22,N,N,N,N
26708287,2024,2,Driveway Access,Other,Other Cyclist,HALLANDALE,,33009,Female,N,,,,,N,,,,None,Not Transported,No Improper Action,,None,,25,N,N,N,N
26709079,2024,2,Other,Other,Other Cyclist,MIAMI,,33179,Male,N,,,,,N,,,,None,Not Transported,Other,,Not Applicable,,31,N,N,N,N
