REPORT_NUMBER,CRASH_YEAR,VEHICLE_NUMBER,PERSON_NUMBER,CITY,STATE,ZIP_CODE,SEX,HELMET_CODE,RESTRAINT_SYSTEM_CODE,EYE_PROTECTION_CODE,AIR_BAG_DEPLOYMENT_CODE,EJECTED,INJURY_SEVERITY,EMS_TRANSPORT_TYPE,SEAT_POSITION_CODE,ROW_POSITION_CODE,OTHER_POSITION_CODE,S4_AGE_AT_TIME_OF_CRASH,S4_IS_UNRESTRAINED_PASSENGER
26559902,2024,1,2,LARGO,FL,33778,Female,,Shoulder and Lap Belt Used,,Not Applicable,Not Ejected,None,Not Transported,Right,Front,,35,N
26564059,2024,1,2,PALM SPRINGS,FL,33461,Male,,Child Restraint System - Type Unknown,,Not Deployed,Not Ejected,None,Not Transported,Right,Second,Not Applicable,3,N
26564484,2024,1,2,WEST PALM BEACH,FL,33406,Male,,Shoulder and Lap Belt Used,,Not Deployed,Not Ejected,None,Not Transported,Right,Front,,68,N
26564484,2024,1,3,WEST PALM BEACH,FL,33406,Female,,Shoulder and Lap Belt Used,,Not Deployed,Not Ejected,None,Not Transported,Left,Second,,63,N
26564484,2024,1,4,GREENACRES,FL,33413,Female,,Shoulder and Lap Belt Used,,Not Deployed,Not Ejected,None,Not Transported,Right,Second,,25,N
26704394,2024,1,2,HOMESTEAD,FL,33033,Male,No Helmet,Shoulder and Lap Belt Used,,Not Deployed,Not Ejected,None,Not Transported,Right,Front,Not Applicable,26,N
26573873,2024,1,3,VERO BEACH,FL,32962,Female,No Helmet,Child Restraint System - Rear Facing,,Not Deployed,Not Ejected,None,Not Transported,Right,Second,Not Applicable,0,N
26590570,2024,1,2,DANIA,FL,33004,Female,,Shoulder and Lap Belt Used,,Not Deployed,Not Ejected,None,Not Transported,Left,Second,,13,N
26590570,2024,1,3,DANIA,FL,33004,Male,,Shoulder and Lap Belt Used,,Not Deployed,Not Ejected,None,Not Transported,Right,Second,Not Applicable,9,N
26604963,2024,1,2,DORAL,FL,33178,Female,No Helmet,Shoulder and Lap Belt Used,N,Not Deployed,Not Ejected,None,Not Transported,Right,Second,Not Applicable,7,N
26612290,2024,1,2,TAMPA,FL,33616,Male,,Shoulder and Lap Belt Used,,Not Deployed,Not Ejected,None,Not Transported,Right,Front,Not Applicable,62,N
26614913,2024,1,2,TAMPA,FL,33625,Female,,Shoulder and Lap Belt Used,,Not Deployed,Not Ejected,None,Not Transported,Right,Front,,17,N
26639731,2024,1,2,NORCROSS,GA,300935281,Male,,Shoulder and Lap Belt Used,,Not Applicable,Not Ejected,None,Not Transported,Left,Front,,43,N
26646174,2024,1,2,PLYMOUTH,MN,55446,Female,,Shoulder and Lap Belt Used,,Not Deployed,Not Ejected,Non-Incapacitating,Not Transported,Right,Front,Not Applicable,58,N
26648260,2024,2,3,CAPE CORAL,FL,33914,Female,,Shoulder and Lap Belt Used,,Not Deployed,Not Ejected,None,Not Transported,Right,Front,Not Applicable,48,N
26648294,2024,1,3,CAPE CORAL,FL,33909,Male,,Shoulder and Lap Belt Used,,Not Deployed,Not Ejected,None,Not Transported,Right,Front,Not Applicable,61,N
26648294,2024,1,4,CAPE CORAL,FL,33909,Female,,Shoulder and Lap Belt Used,,Not Deployed,Not Ejected,None,Not Transported,Left,Second,Not Applicable,81,N
26655677,2024,1,2,NORTH MIAMI BEACH,FL,33162,Female,,Shoulder and Lap Belt Used,,Not Deployed,Not Ejected,None,Not Transported,Right,Front,Not Applicable,16,N
