REPORT_NUMBER,CRASH_YEAR,VEHICLE_NUMBER,OWNER_CITY,OWNER_STATE,OWNER_ZIP_CODE,COMMERCIAL_VEHICLE_FLAG,MOTION_CODE,STATE_OF_REGISTRATION,PERMANENT_REGISTRATION_FLAG,HIT_AND_RUN_FLAG,VEHICLE_YEAR,VEHICLE_MAKE,VEHICLE_MODEL,VEHICLE_STYLE,VEHICLE_COLOR,DISABLING_FUNCTIONAL_DAMAGE,ESTIMATED_VEHICLE_DAMAGE,TOW_DAMAGE_CODE,HOW_TOW_REQUESTED,BUSINESS_OWNED_FLAG,VEHICLE_TRAVELING,ROAD_ON,ESTIMATED_MPH,POSTED_SPEED,TOTAL_NUMBER_OF_LANES,HAZARDOUS_MATERIAL_RELEASED,HAZMAT_PLACARD,HAZARDOUS_PLACARD_NUMBER,HAZMAT_CLASS,POINT_OF_IMPACT,MOST_DAMAGED_AREA_CODE,TYPE_OF_VEHICLE,TRAFFICWAY_CODE,COMMERCIAL_VEHICLE_CONFIGURATION_CODE,COMMERCIAL_USE_CODE,CARRIER_CARGO_BODY_TYPE,COMMERCIAL_VEHICLE_WEIGHT_CODE,MOST_HARMFUL_EVENT_CODE,HARMFUL_EVENT_1,HARMFUL_EVENT_2,HARMFUL_EVENT_3,HARMFUL_EVENT_4,EMERGENCY_VEHICLE_USE_CODE,ROADWAY_GRADE_CODE,ROADWAY_ALIGNMENT_CODE,VEHICLE_MANEUVER_ACTION,TRAFFIC_CONTROL_DEVICE,VEHICLE_SPECIAL_FUNCTION,VEHICLE_DEFECT1,VEHICLE_DEFECT2,S4_IS_COMMERCIAL_MOTOR_VEHICLE
26559477,2024,1,TAMPA,FL,33619,N,Vehicle in Transport,FL,,N,2016,HYUN,,4D,DBL,Functional,5000,N,Driver,N,North,S PROSPECT AVE,15,25,2,,,,,Front Right Bumper,Front Right Bumper,Passenger Car,"Two-Way, Not Divided",,,,,Pedalcycle,Pedalcycle,,,,N,Level,Straight,Turning Left,No Controls,No Special Function,None,,
26559902,2024,1,LARGO,FL,33778,N,Vehicle in Transport,FL,,N,2022,HYUN,,4D,WHI,Minor,500,N,Driver,N,West,SUNSET POINT RD,40,40,4,,,,,Right Rear Fender,Right Rear Fender,Passenger Car,"Two-Way, Divided, Unprotected (painted >4 feet) Median",,,,,Motor Vehicle in Transport,Motor Vehicle in Transport,,,,N,Level,Straight,Straight Ahead,No Controls,No Special Function,None,,
26559946,2024,1,CLEARWATER,FL,33760,N,Vehicle in Transport,FL,,N,2020,CHEV,,TK,BLK,Minor,1000,N,Driver,N,East,DREW ST,10,45,4,,,,,Left Front Fender,Left Front Fender,Pickup,"Two-Way, Divided, Unprotected (painted >4 feet) Median",,,,,Pedestrian,Pedestrian,,,,N,Level,Straight,Turning Left,Traffic Control Signal,No Special Function,None,,
26709795,2024,1,MIAMI,FL,33165,,Vehicle in Transport,FL,,N,2017,RAM,,PK,GRY,None,0,N,Driver,N,East,SW 26 ST,,40,2,,,,,Front Right Bumper,,Pickup,"Two-Way, Not Divided",,,,,Pedalcycle,Pedalcycle,,,,N,Level,Straight,Straight Ahead,Stop Sign,No Special Function,None,,
26560148,2024,1,CLEARWATER,FL,33763,N,Vehicle in Transport,FL,,N,2017,TOYT,,4D,WHI,Minor,300,N,Driver,N,North,N MYRTLE AVE,15,35,4,,,,,Front Left Bumper,Front Left Bumper,Passenger Car,"Two-Way, Not Divided",,,,,Motor Vehicle in Transport,Motor Vehicle in Transport,,,,N,Level,Straight,Straight Ahead,Flashing Signal,No Special Function,None,,
26560230,2024,1,SHARON,PA,16146,N,Vehicle in Transport,PA,,N,2022,HYUN,,SDN,SILVER - SIL,Functional,5000,N,Rotation,N,East,COURT ST,40,40,4,,,,,Front Center Bumper,Front Center Bumper,Passenger Car,"Two-Way, Divided, Positive Median Barrier",,,,,Pedestrian,Motor Vehicle in Transport,Pedestrian,,,N,Level,Straight,Straight Ahead,Traffic Control Signal,No Special Function,None,,
26560863,2024,1,,,,N,Vehicle in Transport,,,Y,,UK,,4D,RED,Unknown,0,N,,N,East,CLEVELAND ST,,30,2,,,,,Front Right Bumper,Front Right Bumper,Passenger Car,"Two-Way, Not Divided",,,,,Pedalcycle,Pedalcycle,,,,N,Level,Straight,Unknown,Traffic Control Signal,Unknown,Unknown,,
26560866,2024,1,CLEARWATER,FL,33755,N,Vehicle in Transport,FL,,N,2015,KIA,,UT,SIL,Minor,500,N,Driver,N,East,1403 GULF TO BAY,5,,1,,,,,Left Front Fender,Left Front Fender,(Sport) Utility Vehicle,"Two-Way, Not Divided",,,,,Motor Vehicle in Transport,Motor Vehicle in Transport,,,,N,Level,Straight,Straight Ahead,Other,No Special Function,None,,
26564059,2024,1,PALM SPRINGS,FL,33461,N,Vehicle in Transport,FL,,N,2005,FORD,,UT,WHI,Minor,500,N,Rotation,N,East,1840 S MILITARY TRL,15,40,7,,,,,Right Front Door,Right Front Door,(Sport) Utility Vehicle,"Two-Way, Divided, Positive Median Barrier",,,,,Pedalcycle,Pedalcycle,,,,N,Level,Straight,Turning Right,No Controls,No Special Function,None,,
26564145,2024,1,,,,N,Vehicle in Transport,,,Y,,UK,,UNKNOWN,UNKNOWN,Unknown,0,N,,N,East,KIRK RD,2,35,3,,,,,Left Rear Fender,Left Rear Fender,Passenger Car,"Two-Way, Not Divided",,,,,Motor Vehicle in Transport,Motor Vehicle in Transport,,,,N,Level,Straight,Turning Right,No Controls,Unknown,Unknown,,
26564484,2024,1,GREENACRES,FL,33413,N,Vehicle in Transport,FL,,N,2017,NISS,,4D,BLK,Minor,250,N,Driver,N,South,KIRK ROAD,,35,2,,,,,Right Rear Door,Right Rear Fender,Passenger Car,"Two-Way, Not Divided",,,,,Motor Vehicle in Transport,Motor Vehicle in Transport,,,,N,Level,Straight,Turning Right,Traffic Control Signal,No Special Function,None,,
26564743,2024,1,,,,N,Vehicle in Transport,,,Y,,UK,,SU,UNKNOWN,Unknown,0,N,,N,East,FOREST HILL BLVD,20,45,8,,,,,Front Center Bumper,Front Center Bumper,(Sport) Utility Vehicle,"Two-Way, Divided, Positive Median Barrier",,,,,Pedalcycle,Pedalcycle,,,,N,Level,Straight,Turning Left,Traffic Control Signal,Unknown,Unknown,,
26565832,2024,2,LAKELAND,FL,33801,,Vehicle in Transport,FL,,N,2017,KIA,,4D,BLK,Minor,3000,N,Driver,N,West,NEW TAMPA HWY,,,2,,,,,Front Right Bumper,Front Right Bumper,Passenger Car,"Two-Way, Not Divided",,,,,Motor Vehicle in Transport,Motor Vehicle in Transport,,,,N,Level,Straight,Straight Ahead,No Controls,No Special Function,None,,
26567509,2024,1,WINTER HAVEN,FL,33881,,Vehicle in Transport,FL,,N,2004,TOYT,,PK,SIL,None,0,N,,N,West,SAND MINE RD,,,4,,,,,Front Center Bumper,Front Center Bumper,Pickup,"Two-Way, Divided, Positive Median Barrier",,,,,Motor Vehicle in Transport,Motor Vehicle in Transport,,,,N,Level,Straight,Straight Ahead,Traffic Control Signal,No Special Function,None,,
26568681,2024,1,WINTER HAVEN,FL,33880,,Vehicle in Transport,FL,,N,2019,TOYT,,4D,SIL,Functional,500,N,Owner Request,N,South,2ND ST E,,,2,,,,,Front Right Bumper,Front Center Bumper,(Sport) Utility Vehicle,"Two-Way, Not Divided",,,,,Pedalcycle,"Ran Off Roadway, Left",Pedalcycle,,,N,Level,Curve Right,Negotiating a Curve,No Controls,No Special Function,None,,
26569287,2024,2,WINTER HAVEN,FL,33880,,Vehicle in Transport,FL,,N,2020,CHEV,,4D,BLK,Minor,800,N,Driver,N,North,Hwy 98 S,,55,6,,,,,Front Center Bumper,Front Center Bumper,(Sport) Utility Vehicle,"Two-Way, Divided, Positive Median Barrier",,,,,Pedalcycle,Pedalcycle,,,,N,Level,Straight,Straight Ahead,No Controls,No Special Function,None,,
26570340,2024,1,PORT ST LUCIE,FL,34953,N,Vehicle in Transport,FL,N,N,2019,FORD,,SUV,GRN,Minor,1000,N,,N,South,SW DEL RIO BLVD,,40,2,,,,,Right Rear Fender,Right Rear Fender,(Sport) Utility Vehicle,"Two-Way, Not Divided",,,,,Pedestrian,Pedestrian,Motor Vehicle in Transport,,,N,Downhill,Straight,Entering Traffic Lane,Stop Sign,No Special Function,None,,
26573349,2024,1,PORT ST LUCIE,FL,34983,N,Vehicle in Transport,FL,N,N,2015,HOND,,4D,WHI,Minor,900,N,,N,North,SW PORT ST LUCIE BLVD,15,45,3,,,,,Front Center Bumper,Front Center Bumper,Passenger Car,"Two-Way, Divided, Positive Median Barrier",,,,,Pedalcycle,Pedalcycle,,,,N,Level,Straight,Turning Right,Other,No Special Function,None,,
26573873,2024,1,VERO BEACH,FL,32962,N,Vehicle in Transport,FL,N,N,2020,HOND,,4D,WHI,Minor,500,N,,N,North,1782 NW ST LUCIE WEST BLVD,5,40,2,,,,,Right Front Door,Right Front Door,Passenger Car,"Two-Way, Not Divided",,,,,Pedalcycle,Pedalcycle,,,,N,Level,Straight,Straight Ahead,Stop Sign,No Special Function,None,,
26573982,2024,1,,,,N,Vehicle in Transport,FL,N,Y,,,,4D,BLU,Functional,1,N,,N,,2400-BLK SE MORNINGSIDE BLVD,,,,,,,,,,,,,,,,Pedalcycle,Pedalcycle,,,,N,Downhill,Straight,Straight Ahead,No Controls,No Special Function,None,,
26576048,2024,1,BRADENTON,FL,34209,N,Vehicle in Transport,FL,,N,2023,TOYT,,UT,RED,Unknown,0,N,Driver,N,North,49TH STREET WEST,15,35,2,,,,,Front Center Bumper,Front Center Bumper,(Sport) Utility Vehicle,"Two-Way, Not Divided",,,,,Pedalcycle,Pedalcycle,,,,N,Level,Straight,Turning Right,Stop Sign,No Special Function,Unknown,,
26576187,2024,1,BRADENTON,FL,34203,N,Vehicle in Transport,FL,,N,2019,MERZ,VAN,VN,WHI,None,0,N,Driver,N,East,PORT HARBOUR PARKWAY,5,30,2,,,,,Front Center Bumper,Front Center Bumper,"Cargo Van (10,000 lbs (4,536 kg) or less)","Two-Way, Divided, Positive Median Barrier",,,,Not Applicable,Pedalcycle,Pedalcycle,,,,N,Level,Straight,Turning Right,Traffic Control Signal,No Special Function,None,,N
26577400,2024,1,MOUNT DORA,FL,32757,N,Vehicle in Transport,FL,,N,2018,HYUN,,UT,GRY,Minor,2000,N,Driver,N,South,CR-19A,15,35,2,,,,,Front Center Bumper,Front Center Bumper,(Sport) Utility Vehicle,"Two-Way, Not Divided",,,,,Pedalcycle,Motor Vehicle in Transport,Pedalcycle,,,N,Level,Straight,Turning Left,No Controls,No Special Function,None,,
26578877,2024,1,RIVIERA BEACH,FL,33404,N,Vehicle in Transport,FL,N,N,2009,NISS,,4D,GRY,Minor,1000,N,Rotation,N,South,RJ HENDLEY AVE,30,30,2,,,,,Right Rear Fender,Right Rear Fender,Passenger Car,"Two-Way, Not Divided",,,,,Pedalcycle,Pedalcycle,,,,N,Level,Straight,Turning Right,No Controls,No Special Function,None,,
26579006,2024,1,WEST PALM BEACH,FL,33410,N,Vehicle in Transport,FL,N,N,2021,TOYT,,UT,BLU,None,0,N,Owner Request,N,North,N. MILITARY TRAILS,1,35,3,,,,,Front Center Bumper,,(Sport) Utility Vehicle,One-Way Trafficway,,,,,,Motor Vehicle in Transport,,,,N,Level,Straight,Entering Traffic Lane,Stop Sign,No Special Function,None,,
26579311,2024,1,WEST PALM BEACH,FL,33407,N,Vehicle in Transport,FL,N,N,2016,KIA,,4D,GRY,None,1,N,Driver,N,East,W 15TH STREET,1,25,2,,,,,,,Passenger Car,"Two-Way, Not Divided",,,,,Pedalcycle,Pedalcycle,,,,N,Level,Straight,Other,Stop Sign,No Special Function,None,,
26579641,2024,1,WEST PALM BEACH,FL,33407,N,Vehicle in Transport,FL,N,N,2019,ACUR,,4D,SIL,Minor,10,N,Driver,N,East,W 36TH STREET,15,25,2,,,,,,,Passenger Car,"Two-Way, Not Divided",,,,,Pedalcycle,Pedalcycle,,,,N,Level,Straight,Straight Ahead,Stop Sign,No Special Function,None,,
26579831,2024,1,LOXAHATCHEE,FL,33470,N,Vehicle in Transport,FL,N,N,2012,CHRY,,VN,BLK,Minor,250,N,,N,West,PORT WEST BLVD,2,25,2,,,,,Front Center Bumper,Front Center Bumper,Passenger Van,"Two-Way, Not Divided",,,,,Pedalcycle,Pedalcycle,,,,N,Level,Straight,Straight Ahead,Stop Sign,No Special Function,None,,
26580012,2024,1,LANTANA,FL,33462,N,Vehicle in Transport,FL,N,N,2003,CHEV,,,BRZ,Functional,500,N,Owner Request,N,East,DR MARTIN LUTHER KING JR BLVD,15,40,6,,,,,Front Center Bumper,Front Center Bumper,Passenger Van,"Two-Way, Not Divided",,,,,Motor Vehicle in Transport,Motor Vehicle in Transport,,,,N,Level,Curve Right,Turning Right,Stop Sign,No Special Function,None,,
26584637,2024,1,LEHIGH ACRES,FL,33972,N,Vehicle in Transport,FL,,N,2015,JEP,,JP,BLK,Minor,100,N,Driver,N,North,ORTIZ AVE,35,35,2,,,,,Front Center Bumper,Front Center Bumper,(Sport) Utility Vehicle,"Two-Way, Not Divided",,,,,Motor Vehicle in Transport,Motor Vehicle in Transport,,,,N,Level,Straight,Straight Ahead,No Controls,No Special Function,None,,
26586691,2024,1,,,,,,,,Y,,UK,,UNKNOWN,UNKNOWN,Minor,1000,N,Driver,N,,,,,,,,,,Right Front Fender,Right Front Fender,Passenger Car,"Two-Way, Not Divided",,,,,Motor Vehicle in Transport,Motor Vehicle in Transport,,,,N,Level,Straight,Straight Ahead,No Controls,No Special Function,None,,
26589230,2024,1,ROCKLEDGE,FL,32955,N,Vehicle in Transport,FL,,N,2006,TOYT,,PK,WHI,Minor,100,N,Driver,N,South,FLOYD DRIVE,5,20,2,,,,,Right Front Fender,Right Front Fender,Pickup,"Two-Way, Not Divided",,,,,Motor Vehicle in Transport,Motor Vehicle in Transport,Pedalcycle,,,N,Level,Straight,Slowing,Traffic Control Signal,No Special Function,None,,
26589326,2024,1,UNKNOWN,FL,32955,N,Vehicle in Transport,FL,,Y,2024,UK,,UNKNOWN,UNKNOWN,Unknown,0,N,,N,West,BARTON BLVD,20,40,5,,,,,Front Right Bumper,Front Right Bumper,Unknown,"Two-Way, Divided, Positive Median Barrier",,,,,Pedalcycle,Pedalcycle,,,,N,Level,Straight,Unknown,Traffic Control Signal,Unknown,Unknown,,
26590570,2024,1,DANIA,FL,33004,N,Vehicle in Transport,FL,N,N,2023,MAZD,,SPUV,RED,Functional,2500,N,Driver,N,South,NE 8TH AV,15,25,1,,,,,,,(Sport) Utility Vehicle,One-Way Trafficway,,,,,,Pedalcycle,,,,N,Level,Straight,Turning Right,No Controls,No Special Function,Unknown,,
26590789,2024,1,SUNNY ISLES BEACH,FL,33160,N,Vehicle in Transport,FL,Y,N,2024,OTHR,,MOP,BLK,Disabling,750,N,,N,East,EGRET DR,15,25,2,,,,,Front Center Bumper,Front Center Bumper,Moped,"Two-Way, Not Divided",,,,,,Motor Vehicle in Transport,,,,N,Level,Straight,Turning Left,Stop Sign,No Special Function,None,,
26590789,2024,2,HALLANDALE BCH,FL,33009,N,Vehicle in Transport,FL,N,N,2011,KIA,,SPUV,BLK,Minor,200,N,,N,North,LAYNE BLVD,18,25,2,,,,,Front Left Bumper,Front Left Bumper,(Sport) Utility Vehicle,"Two-Way, Divided, Positive Median Barrier",,,,,,Pedalcycle,,,,N,Level,Straight,Straight Ahead,No Controls,No Special Function,None,,
26590881,2024,1,HOLLYWOOD,FL,33021,N,Vehicle in Transport,FL,N,N,2020,NISS,,4D,GRY,None,0,N,,N,North,E HALLANDALE BEACH BLV,3,35,2,,,,,Front Right Bumper,Front Right Bumper,Passenger Car,"Two-Way, Not Divided",,,,,,Motor Vehicle in Transport,,,,N,Level,Straight,Turning Right,No Controls,No Special Function,None,,
26590888,2024,1,,,,N,Vehicle in Transport,,,Y,,,,,,,0,N,,N,North,LAYNE BLVD,8,25,4,,,,,,,(Sport) Utility Vehicle,"Two-Way, Divided, Positive Median Barrier",,,,,,Pedestrian,,,,N,Level,Straight,Turning Right,Traffic Control Signal,No Special Function,Unknown,,
26591019,2024,1,,,,N,Vehicle in Transport,,,Y,,,,,,,0,N,,N,,S FEDERAL HWY,,,,,,,,,,,,,,,,,Pedalcycle,,,,,,,,,,,,
26591201,2024,1,,,,N,Vehicle in Transport,,,Y,,,,,,,0,N,,N,,GOLDEN ISLES DR,,,,,,,,,,,,,,,,Pedalcycle,Pedalcycle,,,,N,Level,Straight,Turning Right,No Controls,No Special Function,None,,
26591406,2024,1,HIALEAH,FL,33015,N,Vehicle in Transport,FL,N,N,2023,JEEP,,SPUV,WHI,None,0,N,,N,East,ALLEYWAY,5,25,2,,,,,Front Right Bumper,Front Right Bumper,(Sport) Utility Vehicle,"Two-Way, Not Divided",,,,,,Motor Vehicle in Transport,,,,N,Level,Straight,Turning Right,Stop Sign,No Special Function,None,,
26591554,2024,1,MIAMI,FL,33127,N,Vehicle in Transport,FL,N,N,2022,VOLK,,SPUV,GRY,Unknown,500,N,,N,West,W HALLANDALE BEACH BLVD,25,40,3,,,,,Right Rear Door,,(Sport) Utility Vehicle,One-Way Trafficway,,,,,Motor Vehicle in Transport,Motor Vehicle in Transport,,,,N,Level,Straight,Turning Right,No Controls,No Special Function,None,None,
26591587,2024,1,HOLLYWOOD,FL,33312,N,Vehicle in Transport,FL,N,N,2020,MERZ,,4D,DBL,Minor,1000,N,,N,West,W HALLANDALE BEACH BLV,8,40,7,,,,,Right Front Door,Right Front Door,Passenger Car,"Two-Way, Divided, Positive Median Barrier",,,,,,Motor Vehicle in Transport,,,,N,Level,Straight,Turning Right,No Controls,No Special Function,None,,
26591769,2024,1,HALLANDALE BEACH,FL,33009,N,Vehicle in Transport,FL,N,Y,2013,BMW,,4D,RED,Functional,5000,N,,N,West,E HALLANDALE BEACH BLVD,35,35,3,,,,,,Front Center Bumper,Passenger Car,One-Way Trafficway,,,,,Motor Vehicle in Transport,Motor Vehicle in Transport,,,,N,Level,Straight,Straight Ahead,No Controls,No Special Function,None,None,
26591826,2024,1,WEST PARK,FL,33023,N,Vehicle in Transport,TX,N,Y,2016,TOYT,,4D,BLU,None,0,N,,N,North,E HALLANDALE BEACH BLVD,10,15,1,,,,,,,Passenger Car,One-Way Trafficway,,,,,Pedalcycle,Pedalcycle,,,,N,Level,Straight,Turning Left,No Controls,No Special Function,None,,
26593722,2024,1,OKLAHOMA CITY,OK,73134,N,Vehicle in Transport,FL,N,N,2019,NISS,,SUV,WHI,Functional,200,N,,N,South,S OCEAN DR,30,40,2,,,,,Front Center Bumper,Undercarriage,(Sport) Utility Vehicle,"Two-Way, Divided, Unprotected (painted >4 feet) Median",,,,,Pedestrian,Pedestrian,,,,N,Level,Straight,Straight Ahead,Flashing Signal,No Special Function,None,,
26594715,2024,1,BOCA RATON,FL,33433,N,Vehicle in Transport,FL,N,N,2021,TOYT,,SUV,GRY,Functional,100,N,,N,West,PARKIG LOT,5,,2,,,,,Front Right Bumper,Front Right Bumper,(Sport) Utility Vehicle,"Two-Way, Not Divided",,,,,Motor Vehicle in Transport,Motor Vehicle in Transport,,,,N,Level,Straight,Turning Right,Stop Sign,No Special Function,None,,
26601202,2024,1,LKEHIGH ACRES,FL,33976-0000,N,Vehicle in Transport,FL,N,N,2022,DODG,,4D,ONG,Minor,100,N,,N,East,HARLEM  ACADEMY AVE.,25,25,2,,,,,Front Center Bumper,Front Center Bumper,Passenger Car,"Two-Way, Not Divided",,,,,Pedestrian,Pedestrian,,,,N,Level,Straight,Turning Right,No Controls,No Special Function,None,,
26603518,2024,1,MIAMI,FL,33179,N,Vehicle in Transport,FL,N,N,2013,DODG,,UT,BLK,Functional,1000,N,Driver,N,South,NW 87TH AVE,40,45,6,,,,,Front Center Bumper,Front Center Bumper,Passenger Car,"Two-Way, Divided, Positive Median Barrier",,,,,,Other Fixed Object,,,,N,Level,Straight,Straight Ahead,No Controls,No Special Function,None,,
26603882,2024,1,DORAL,FL,33178,N,Vehicle in Transport,FL,N,N,2023,HOND,,UT,GRY,None,0,N,Driver,N,South,5950 NW 114TH AVE,5,10,2,,,,,Rear Right Bumper,Rear Right Bumper,(Sport) Utility Vehicle,"Two-Way, Divided, Unprotected (painted >4 feet) Median",,,,,,Motor Vehicle in Transport,,,,N,Level,Straight,Turning Right,No Controls,No Special Function,None,,
26604963,2024,1,DORAL,FL,33178,N,Vehicle in Transport,FL,N,N,2024,VOLV,,5D,SIL,Minor,500,N,,N,East,NW 114TH AVE,5,35,2,,,,,Front Center Bumper,Front Center Bumper,Passenger Car,"Two-Way, Not Divided",,,,,,Pedestrian,,,,N,Level,Straight,Straight Ahead,No Controls,No Special Function,None,,
26609391,2024,1,HAINES CITY,FL,33844,,Vehicle in Transport,FL,,N,2015,NISS,,4D,GRY,Functional,2000,N,Driver,N,North,SR25 (HIGHWAY 27),15,55,3,,,,,Front Center Bumper,Front Center Bumper,Passenger Car,"Two-Way, Not Divided",,,,,,Pedestrian,,,,N,Level,Straight,Straight Ahead,No Controls,No Special Function,None,,
26610759,2024,1,BRANDON,FL,33511,N,Vehicle in Transport,FL,,N,2020,VOLK,,4D,WHI,Minor,100,N,Driver,N,East,E 7TH AVE,20,35,2,,,,,Right Rear Fender,Right Rear Fender,Passenger Car,"Two-Way, Not Divided",,,,,Motor Vehicle in Transport,Motor Vehicle in Transport,,,,N,Level,Straight,Overtaking/Passing,No Controls,No Special Function,None,,
26610837,2024,1,TAMPA,FL,33617,N,Vehicle in Transport,FL,,N,2020,FORD,,2D,GRY,Minor,3000,N,Driver,N,South,50TH ST N,39,45,3,,,,,Right Rear Door,Right Rear Door,Passenger Car,"Two-Way, Divided, Positive Median Barrier",,,,,Other Non-Fixed Object,Other Non-Fixed Object,,,,N,Level,Straight,Straight Ahead,No Controls,No Special Function,None,,
26612046,2024,1,TAMPA,FL,33612,N,Vehicle in Transport,FL,,N,2023,TOYT,,UT,GRY,Minor,200,N,Driver,N,North,DRIVER WAY OF 2610 HILLSBOROUGH AVE,5,5,1,,,,,Front Right Bumper,Front Right Bumper,(Sport) Utility Vehicle,One-Way Trafficway,,,,,Motor Vehicle in Transport,Motor Vehicle in Transport,,,,N,Level,Straight,Entering Traffic Lane,Stop Sign,No Special Function,None,,
26612290,2024,1,TAMPA,FL,33616,N,Vehicle in Transport,FL,,N,2004,TOYT,,PK,BLK,None,0,N,Owner Request,N,East,PRIVATE DRIVE,5,15,1,,,,,Front Center Bumper,Front Center Bumper,Pickup,Unknown,,,,,Motor Vehicle in Transport,Motor Vehicle in Transport,,,,N,Level,Straight,Straight Ahead,No Controls,No Special Function,Unknown,,
26613174,2024,1,TAMPA,FL,33634,N,Vehicle in Transport,FL,,N,2014,NISS,,4D,WHI,Minor,1000,N,Driver,N,East,PRIVATE ACCESS ROAD,10,15,2,,,,,Right Front Fender,Right Front Fender,Passenger Car,"Two-Way, Not Divided",,,,,Motor Vehicle in Transport,Motor Vehicle in Transport,,,,N,Level,Straight,Turning Right,Stop Sign,No Special Function,None,,
26614016,2024,1,TAMPA,FL,33612,N,Vehicle in Transport,FL,,N,2022,RAM,,TK,GRY,Minor,100,N,Driver,N,East,E 109TH AVENUE,10,45,6,,,,,Front Center Bumper,Front Center Bumper,Pickup,"Two-Way, Not Divided",,,,,Motor Vehicle in Transport,Motor Vehicle in Transport,Pedestrian,,,N,Level,Straight,Turning Left,Traffic Control Signal,No Special Function,None,,
26614913,2024,1,TAMPA,FL,33617,N,Vehicle in Transport,FL,,N,2017,KIA,,UT,GRY,Minor,1500,N,Driver,N,West,W MAIN ST,10,25,2,,,,,Front Center Bumper,Front Center Bumper,(Sport) Utility Vehicle,"Two-Way, Not Divided",,,,,Motor Vehicle in Transport,Motor Vehicle in Transport,,,,N,Level,Straight,Turning Left,No Controls,No Special Function,None,,
26615080,2024,1,TRINITY,FL,34655,N,Vehicle in Transport,FL,,N,2017,NISS,,VN,WHI,Minor,2500,N,Driver,N,South,PRIVATE DRIVEWAY,5,45,2,,,,,Left Front Fender,Left Front Fender,"Cargo Van (10,000 lbs (4,536 kg) or less)","Two-Way, Not Divided",,,,Not Applicable,Pedalcycle,Pedalcycle,,,,N,Level,Straight,Straight Ahead,No Controls,No Special Function,None,,N
26616564,2024,1,TAMPA,FL,33610,N,Vehicle in Transport,FL,,N,2014,CHRY,,4D,BLK,Minor,500,N,Driver,N,North,N 15TH ST,15,30,2,,,,,Front Center Bumper,Windshield,Passenger Car,"Two-Way, Not Divided",,,,,Motor Vehicle in Transport,Motor Vehicle in Transport,,,,N,Level,Straight,Overtaking/Passing,Traffic Control Signal,No Special Function,None,,
26618061,2024,1,,,,N,,,,Y,,UK,,UNKNOWN,UNKNOWN,Unknown,0,N,,N,East,BUSCH BLVD,10,45,6,,,,,Front Right Bumper,Front Right Bumper,Unknown,"Two-Way, Not Divided",,,,,Motor Vehicle in Transport,Motor Vehicle in Transport,,,,N,Level,Straight,Unknown,No Controls,Unknown,Unknown,,
26618593,2024,1,TAMPA,FL,33612,N,Vehicle in Transport,FL,,N,2014,INFI,,UT,GRY,Minor,500,N,Owner Request,N,East,N 12TH ST,,25,2,,,,,Rear Center Bumper,Rear Center Bumper,(Sport) Utility Vehicle,"Two-Way, Not Divided",,,,,Motor Vehicle in Transport,Motor Vehicle in Transport,,,,N,Level,Straight,Backing,No Controls,No Special Function,None,,
26618639,2024,1,BAINBRIDGE ISLAND,WA,98110,N,Vehicle in Transport,WA,,N,2023,AUDI,,SU,WHITE - WHI,Functional,3000,N,Driver,N,North,STEINBRENNER DR,10,20,2,,,,,Front Right Bumper,Front Right Bumper,(Sport) Utility Vehicle,"Two-Way, Not Divided",,,,,Pedalcycle,Pedalcycle,,,,N,Level,Straight,Turning Right,Stop Sign,No Special Function,None,,
26619015,2024,1,SARASOTA,FL,34240,N,Vehicle in Transport,FL,,N,2020,KIA,,4D,BLK,Minor,2000,N,Driver,N,North,N FLORIDA AVE,15,30,3,,,,,Left Front Door,Left Front Door,Passenger Car,"Two-Way, Not Divided",,,,,Motor Vehicle in Transport,Motor Vehicle in Transport,,,,N,Level,Straight,Straight Ahead,No Controls,No Special Function,None,,
26619306,2024,1,,,,,,,,Y,,UK,,UNKNOWN,UNKNOWN,Unknown,0,N,,N,,,,,,,,,,,,Unknown,"Two-Way, Not Divided",,,,,Motor Vehicle in Transport,Motor Vehicle in Transport,,,,,Level,Straight,Unknown,,Unknown,Unknown,,
26619843,2024,1,,,,N,,,,Y,,UK,,UNKNOWN,UNKNOWN,Unknown,0,N,,N,,,,,,,,,,,,Unknown,"Two-Way, Not Divided",,,,,Pedestrian,Pedestrian,,,,,Level,Straight,Unknown,No Controls,Unknown,Unknown,,
26623808,2024,1,MIAMI,FL,33156,N,Vehicle in Transport,FL,N,N,2021,JEEP,,JP,BLK,Minor,50,N,,N,North,BISCAYNE BLVD,20,45,9,,,,,Right Front Fender,Right Front Fender,(Sport) Utility Vehicle,"Two-Way, Divided, Positive Median Barrier",,,,,,Pedestrian,,,,N,Level,Straight,Turning Right,No Controls,No Special Function,None,,
26624741,2024,1,AVENTURA,FL,33160,N,Vehicle in Transport,FL,N,N,2020,BMW,,SUV,WHI,Minor,50,N,,N,North,W COUNTRY CLUB DR,15,35,4,,,,,Front Left Bumper,Front Left Bumper,(Sport) Utility Vehicle,"Two-Way, Divided, Positive Median Barrier",,,,,Pedalcycle,Pedalcycle,,,,N,Level,Straight,Straight Ahead,No Controls,No Special Function,None,,
26627081,2024,1,ALTAMONTE SPRINGS,FL,32714,N,Vehicle in Transport,FL,,N,2014,FORD,,UT,BLK,Minor,3000,N,Driver,N,North,MIMOSA DR,15,25,2,,,,,Front Center Bumper,Front Center Bumper,(Sport) Utility Vehicle,"Two-Way, Not Divided",,,,,Motor Vehicle in Transport,Motor Vehicle in Transport,,,,N,Level,Straight,Straight Ahead,No Controls,No Special Function,None,,
26631657,2024,1,LAKE WALES,FL,33853,N,Vehicle in Transport,FL,,N,2022,VOLK,,UT,BLK,Functional,1500,N,Driver,N,South,MLK,25,25,0,,,,,Front Right Bumper,Front Right Bumper,(Sport) Utility Vehicle,"Two-Way, Not Divided",,,,,Pedalcycle,Pedalcycle,,,,N,Level,Straight,Turning Left,No Controls,No Special Function,None,,
26637229,2024,1,ORLANDO,FL,32818,N,Vehicle in Transport,FL,,N,2008,TOYT,,UT,GLD,Minor,200,N,Driver,N,North,KENSINGTON HIGH BLVD,0,30,2,,,,,Left Rear Fender,Left Rear Fender,Passenger Car,"Two-Way, Divided, Positive Median Barrier",,,,,Motor Vehicle in Transport,Motor Vehicle in Transport,,,,N,Level,Straight,Turning Left,Stop Sign,No Special Function,None,,
26639731,2024,1,NORCROSS,GA,300935281,N,Working Vehicle,FL,,N,2024,JEEP,,UT,WHI,Minor,225,N,,N,West,SOUTH ORANGE BLOSSOM TRAIL,2,,1,,,,,Right Front Door,Right Front Door,Passenger Car,"Two-Way, Not Divided",,,,,Motor Vehicle in Transport,Motor Vehicle in Transport,Thrown or Falling Object,,,N,Level,Curve Left,Turning Right,No Controls,No Special Function,Mirrors,Mirrors,
26640415,2024,1,ORLANDO,FL,32836,N,Vehicle in Transport,FL,,N,2020,MERZ,,UT,GRY,Minor,500,N,Driver,N,North,DARLENE DR,2,30,2,,,,,Front Center Bumper,Front Center Bumper,Passenger Car,"Two-Way, Not Divided",,,,,Motor Vehicle in Transport,Motor Vehicle in Transport,,,,N,Level,Straight,Turning Left,No Controls,No Special Function,"Body, Doors",,
26644284,2024,1,PENSACOLA,FL,32507-8486,N,Vehicle in Transport,FL,N,N,2021,JEEP,,UT,BLK,None,0,N,,N,North,SPRING STREET,5,25,2,,,,,,,(Sport) Utility Vehicle,"Two-Way, Not Divided",,,,,Motor Vehicle in Transport,Motor Vehicle in Transport,,,,N,Level,Straight,Straight Ahead,Stop Sign,No Special Function,None,,
26646153,2024,1,NAPLES,FL,34116,N,Vehicle in Transport,FL,,N,2014,HOND,,4D,SIL,Minor,500,N,Driver,N,North,PARKING LOT OF 1012 S COLLIER BLVD,5,,1,,,,,Front Left Bumper,Front Left Bumper,Passenger Car,"Two-Way, Not Divided",,,,,Motor Vehicle in Transport,Motor Vehicle in Transport,,,,N,Level,Straight,Straight Ahead,No Controls,No Special Function,None,,
26646174,2024,1,MARCO ISLAND,FL,34145,N,Vehicle in Transport,FL,,N,2021,LINC,,UT,GRN,Minor,1000,N,,N,Off-Road,,5,,1,,,,,Left Front Door,Left Front Door,(Sport) Utility Vehicle,"Two-Way, Not Divided",,,,,Pedalcycle,Pedalcycle,,,,N,Downhill,Straight,Straight Ahead,Other,No Special Function,None,,
26647488,2024,1,CAPE CORAL,FL,33991,N,Vehicle in Transport,FL,N,N,2024,HYUN,,SUV,SIL,Minor,2000,N,Driver,N,North,DRIVEWAY,5,45,2,,,,,,,(Sport) Utility Vehicle,"Two-Way, Divided, Positive Median Barrier",,,,,Pedalcycle,Pedalcycle,,,,N,Level,Straight,Backing,No Controls,No Special Function,None,,
26648260,2024,2,CAPE CORAL,FL,33914,N,Vehicle in Transport,FL,N,N,2017,FORD,,TRK,WHI,Minor,1000,N,Owner Request,N,South,ACADEMY BOULEVARD,30,30,2,,,,,Front Left Bumper,Front Left Bumper,"Other Light Trucks (10,000 lbs (4,536 kg) or less)","Two-Way, Divided, Positive Median Barrier",,,,,Pedestrian,Motor Vehicle in Transport,Pedestrian,,,N,Level,Straight,Straight Ahead,No Controls,No Special Function,None,,N
26648294,2024,1,CAPE CORAL,FL,33909,N,Vehicle in Transport,FL,N,N,2021,CHRY,,VAN,GRY,Minor,700,N,Driver,N,West,TRAFALGAR PKWY,50,45,4,,,,,Front Center Bumper,Front Center Bumper,Passenger Van,"Two-Way, Divided, Unprotected (painted >4 feet) Median",,,,,Pedestrian,Pedestrian,,,,N,Level,Straight,Straight Ahead,Traffic Control Signal,No Special Function,None,,
26648294,2024,2,CAPE CORAL,FL,33904,N,Vehicle in Transport,,N,N,2018,,,NA,GRN,Disabling,800,N,Other,N,South,CHIQUITA BLVD S,5,45,4,,,,,Left Front Door,Right Front Door,Other,"Two-Way, Divided, Unprotected (painted >4 feet) Median",,,,,Motor Vehicle in Transport,Motor Vehicle in Transport,,,,N,Level,Straight,Straight Ahead,Traffic Control Signal,No Special Function,None,,
26655677,2024,1,PALM COAST,FL,32137,N,Vehicle in Transport,FL,,N,2012,HYUN,,4D,BLU,Minor,50,N,Driver,N,North,NW 22ND AVENUE,30,40,5,,,,,Front Left Bumper,Front Left Bumper,Passenger Car,"Two-Way, Divided, Positive Median Barrier",,,,,Motor Vehicle in Transport,Motor Vehicle in Transport,,,,N,Level,Straight,Turning Left,Traffic Control Signal,No Special Function,None,,
26656003,2024,1,MIRAMAR,FL,33023,N,Vehicle in Transport,FL,,N,2016,HYUN,,SU,SIL,Minor,1000,N,Driver,N,North,N. MAIMI AVE,15,35,2,,,,,Front Right Bumper,Front Center Bumper,(Sport) Utility Vehicle,"Two-Way, Not Divided",,,,,Motor Vehicle in Transport,Motor Vehicle in Transport,,,,N,Level,Straight,Negotiating a Curve,No Controls,No Special Function,None,,
26656086,2024,1,HIALEAH,FL,33015,N,Vehicle in Transport,FL,,N,2019,NISS,,UT,SIL,Minor,1000,N,Driver,N,North,NW 42ND AVENUE,25,40,4,,,,,Front Center Bumper,Front Center Bumper,(Sport) Utility Vehicle,"Two-Way, Divided, Unprotected (painted >4 feet) Median",,,,,Pedalcycle,Pedalcycle,,,,N,Level,Straight,Turning Right,No Controls,No Special Function,None,,
26658855,2024,1,HIALEAH,FL,33010,N,Vehicle in Transport,FL,,N,2006,HOND,,2D,BLU,Minor,1000,N,Driver,N,East,4601 NW 183RD STREET,0,15,2,,,,,Left Rear Door,Left Rear Door,Passenger Car,"Two-Way, Not Divided",,,,,Parked Motor Vehicle,Parked Motor Vehicle,Pedalcycle,,,N,Level,Straight,Parked,No Controls,No Special Function,None,,
26662290,2024,1,MIAMI,FL,33144,N,Vehicle in Transport,FL,,N,2022,RAM,2500,TK,WHI,None,0,N,Driver,N,East,PARKING LOT,0,40,2,,,,,Left Rear Door,Left Rear Door,"Other Light Trucks (10,000 lbs (4,536 kg) or less)","Two-Way, Not Divided",,,,Not Applicable,Motor Vehicle in Transport,Motor Vehicle in Transport,,,,N,Level,Straight,Stopped in Traffic,Stop Sign,No Special Function,None,,N
26676509,2024,1,OCALA,FL,34472,N,Vehicle in Transport,FL,N,N,2019,FORD,,PK,GRY,None,0,N,Driver,N,South,HIGHWAY ACCESS,3,,2,,,,,Front Center Bumper,,Pickup,"Two-Way, Not Divided",,,,,Pedalcycle,Pedalcycle,,,,,Level,Straight,Turning Right,Stop Sign,No Special Function,None,,
26676542,2024,1,OCALA,FL,34482,N,Vehicle in Transport,FL,N,N,2006,HOND,,VN,RED,Minor,250,N,Driver,N,North,I 75 NORTHBOUND OFF RAMP,5,45,1,,,,,Front Center Bumper,Front Center Bumper,Passenger Van,One-Way Trafficway,,,,,Pedalcycle,Pedalcycle,,,,,Level,Straight,Turning Left,Traffic Control Signal,No Special Function,None,,
26676714,2024,1,FORT LAUDERDALE,FL,33308,N,Vehicle in Transport,FL,N,N,2017,CHEV,,4D,RED,Minor,100,N,,N,West,NE 26TH ST,15,35,2,,,,,,,Passenger Car,"Two-Way, Not Divided",,,,,Other Non-Fixed Object,Other Non-Fixed Object,,,,N,Level,Straight,Turning Right,No Controls,No Special Function,None,,
26676841,2024,1,FT LAUDERDALE,FL,33304,N,Vehicle in Transport,FL,N,N,2013,VOLK,,2D,GRY,Minor,500,N,,N,North,WILTON DR,25,25,2,,,,,Front Left Bumper,Front Left Bumper,Passenger Car,"Two-Way, Divided, Unprotected (painted >4 feet) Median",,,,,Pedestrian,Pedestrian,,,,N,Level,Straight,Straight Ahead,Traffic Control Signal,No Special Function,None,,
26677887,2024,1,WESTON,FL,33326,N,Vehicle in Transport,FL,,N,2010,TOYT,,4D,GLD,Minor,800,N,Driver,N,North,S UNIVERSITY DR,30,40,6,,,,,Right Rear Door,Right Rear Door,Passenger Car,"Two-Way, Divided, Positive Median Barrier",,,,,Pedalcycle,Pedalcycle,,,,N,Level,Straight,Turning Left,No Controls,No Special Function,None,,
26679269,2024,1,WILLOW GROVE,PA,190901701,N,Vehicle in Transport,FL,,N,2020,FORD,,PK,WHI,Minor,100,N,Driver,N,East,4691 W SUNRISE BLVD,15,15,2,,,,,Right Front Fender,Right Front Fender,Pickup,"Two-Way, Not Divided",,,,,Pedalcycle,Pedalcycle,,,,N,Level,Straight,Turning Left,No Controls,No Special Function,None,,
26687844,2024,1,LECANTO,FL,34461,N,Vehicle in Transport,FL,,N,2000,TOYT,,UT,SIL,Minor,100,N,Rotation,N,East,EXITING THE DRIVEWAY AT 3310 W GULF TO LAKE,5,45,2,,,,,Front Center Bumper,Front Center Bumper,(Sport) Utility Vehicle,"Two-Way, Not Divided",,,,,Pedalcycle,Pedalcycle,,,,N,Level,Straight,Entering Traffic Lane,Stop Sign,No Special Function,Other,,
26688230,2024,1,HUDSON,FL,34667,N,Working Vehicle,FL,,N,2012,CHEVY,,4D,SILVER - SIL,Minor,500,N,Driver,N,West,US 19,0,55,4,,,,,Right Front Fender,Right Front Fender,Passenger Car,"Two-Way, Divided, Positive Median Barrier",,,,,Motor Vehicle in Transport,Motor Vehicle in Transport,,,,N,Level,Straight,Entering Traffic Lane,No Controls,No Special Function,None,,
26690015,2024,1,FORT DENAUD,FL,33935,N,Vehicle in Transport,FL,,N,2018,FORD,,4D,GRAY,Minor,100,N,Driver,N,North,SIX MILE CYPRESS PKWY,5,35,8,,,,,Front Center Bumper,Front Center Bumper,Passenger Car,"Two-Way, Divided, Positive Median Barrier",,,,,Pedalcycle,Pedalcycle,,,,N,Level,Straight,Straight Ahead,Traffic Control Signal,No Special Function,None,,
26690922,2024,1,NORTH FORT MYERS,FL,33903,N,Vehicle in Transport,FL,,N,2023,HYUN,,4D,SIL,Minor,500,N,Driver,N,North,I-75 NORTHBOUND EXIT,35,35,3,,,,,Right Rear Fender,Right Rear Fender,Passenger Car,"Two-Way, Not Divided, with a Continuous Left Turn Lane",,,,,Motor Vehicle in Transport,Motor Vehicle in Transport,,,,N,Level,Straight,Straight Ahead,Traffic Control Signal,No Special Function,None,,
26698504,2024,1,MIAMI,FL,33147,,Vehicle in Transport,FL,,N,2008,CHEV,,UT,SIL,None,0,N,Driver,N,West,8400 NW 25TH AVE,5,5,2,,,,,Front Center Bumper,,(Sport) Utility Vehicle,"Two-Way, Not Divided",,,,,Motor Vehicle in Transport,Motor Vehicle in Transport,,,,N,Level,Straight,Straight Ahead,No Controls,No Special Function,None,,
26702590,2024,1,MIAMI,FL,33161,,Vehicle in Transport,FL,,N,2005,GMC,,PK,GRY,None,50,N,Driver,N,South,NW 152ND ST,5,35,2,,,,,Right Rear Fender,Right Rear Fender,Pickup,"Two-Way, Not Divided",,,,,Motor Vehicle in Transport,Motor Vehicle in Transport,,,,N,Level,Straight,Straight Ahead,Stop Sign,No Special Function,None,,
26704394,2024,1,MIAMI,FL,33177,,Vehicle in Transport,TX,,N,2015,FORD,,PK,BLU,Functional,1000,N,Driver,N,East,SW 190 TERRACE ROAD,2,10,1,,,,,Left Front Fender,Left Front Fender,Pickup,One-Way Trafficway,,,,,Pedestrian,Pedestrian,,,,N,Level,Straight,Straight Ahead,Stop Sign,No Special Function,None,,
26704470,2024,1,MIAMI,FL,33165,,Vehicle in Transport,FL,,N,2001,CHEV,,VN,WHI,Minor,200,N,Driver,N,West,PARK BLVD,,35,5,,,,,Left Front Door,Left Front Door,Passenger Van,"Two-Way, Divided, Positive Median Barrier",,,,,Other Non-Fixed Object,Other Non-Fixed Object,,,,N,Level,Straight,Straight Ahead,Traffic Control Signal,No Special Function,None,,
26708287,2024,1,UNKNOWN,OT,UK,,Vehicle in Transport,OT,,Y,,VOLV,,4D,WHI,Unknown,0,N,Driver,N,East,NE 190TH ST,5,15,0,,,,,Front Center Bumper,,(Sport) Utility Vehicle,"Two-Way, Not Divided",,,,,Motor Vehicle in Transport,Motor Vehicle in Transport,,,,N,Level,Straight,Straight Ahead,Stop Sign,No Special Function,None,,
26709079,2024,1,,,,,Vehicle in Transport,,,Y,,UK,,,UNK,Unknown,0,N,Other,N,,UK,,,,,,,,,,Unknown,"Two-Way, Not Divided",,,,,Parked Motor Vehicle,Parked Motor Vehicle,,,,,Level,Straight,Unknown,No Controls,Unknown,Unknown,,
26709079,2024,2,MIAMI,FL,33179,,Parked Motor Vehicle,FL,,N,2013,SUZI,,MC,BLK,Unknown,1000,N,Other,N,North,20921 SAN SIMEON WAY,0,10,2,,,,,Front Center Bumper,Front Center Bumper,Motorcycle,"Two-Way, Not Divided",,,,,Parked Motor Vehicle,Parked Motor Vehicle,,,,N,Level,Straight,Parked,No Controls,No Special Function,Other,,
