REPORT_NUMBER,CRASH_YEAR,PERSON_NUMBER,STATUTE_NUMBER,CHARGE,CITATION_NUMBER
26559477,2024,1,316.122,FAILED TO YIELD - TO ONCOMING TRAFFIC/VEHICLE PASSING ON LEF,AJ8W2DE
26559902,2024,3,316.125(1),FAILED TO YIELD FROM ALLEY/BLDG./PRIVATE ROAD OR DRIVEWAY TO,AJ8X8CE
26560148,2024,1,316.130(7)(a),FAILED TO YIELD RIGHT-OF-WAY TO PEDESTRIAN AT INTERSECTION W,AJ8XY9E
26709795,2024,1,316.2065(10),FAIL TO YIELD R.O.W. TO PEDESTRIAN,AD1D2PE
26560866,2024,1,316.125(2),FAILED TO YIELD/STOP AT SIDEWALK - FROM ALLEY/BLDG./PRIVATE,AJ8ZBKE
26564484,2024,1,316.130(9),PASSING VEHICLE STOPPED FOR PEDESTRIAN AT CROSSWALK,AKB2MCE
26573349,2024,1,316.130(15),PEDESTRIAN - FAIL TO USE DUE CARE TOWARD PEDESTRIAN,AJMI1IE
26576048,2024,1,316.1925(1),CARELESS DRIVING,AJC8LJE
26576187,2024,2,316.130(1),PEDESTRIAN CONTROL SIGNAL - PEDESTRIAN FAILED TO OBEY,AJCA7YE
26577400,2024,1,316.1925(1),CARELESS DRIVING,AFCLJDE
26578877,2024,1,316.1925(1),CARELESS - CARELESS DRIVING,AJGURXE
26578877,2024,1,322.03(1),DL - NEVER HAD ONE ISSUED,AJGURWE
26604963,2024,1,316.123(2)(A),FAIL TO YIELD/STOP AT STOP SIGN RIGHT OF WAY,AJL9X7E
26612046,2024,1,316.125(2),FAILED TO YIELD/STOP AT SIDEWALK - FROM ALLEY/BLDG./PRIVATE,AIUMY9E
26612290,2024,1,322.03(1),NO DRIVER LICENSE - NEVER HAD ONE ISSUED (IF VALID AT TIME C,AIUNABE
26614016,2024,1,316.075(1)(a)1,FAILED TO YIELD RIGHT-OF-WAY TO PEDESTRIAN,AJIYW9E
26614913,2024,1,316.123(3),FAILED TO YIELD/STOP AT A YIELD INTERSECTION,AJJ057E
26615080,2024,1,316.125(2),FAILED TO YIELD/STOP AT SIDEWALK - FROM ALLEY/BLDG./PRIVATE,AJJ0KOE
26616564,2024,1,316.089(1),FAIL TO DRIVE IN SINGLE LANE,AJJ2R2E
26618593,2024,1,316.1925,CARELESS DRIVING,AK1FNGE
26623808,2024,1,316.1925(1),CARELESS DRIVING- REASON:,AII5TFDE
26627081,2024,2,316.192(1)a,RECKLESS DRIVING,AKI100E
26627081,2024,2,316.1925(1),CARELESS DRIVING,AKI10M3
26648294,2024,1,316.075(1)(C)2,T: STOP AT CROSSWALK/RED LIGHT,AK37E0E
26655677,2024,1,316.151(1)(b),IMPROPER LEFT TURN,AJDFMKE
26656003,2024,1,316.121,FAILED TO YIELD - APPROACHING/ENTERING INTERSECTION,AJDFULE
26658855,2024,1,316.1925(1),CARELESS DRIVING,AKG59VE
26658855,2024,1,316.067,CRASH - GAVE FALSE INFORMATION AT CRASH,AKLG9WE
26676509,2024,1,316.130(7C),FAILED TO YIELD TO PEDESTRIAN AT INTERSECTION NO SIGNAL OR S,AKCJYAE
26676542,2024,2,316.130(1),FAIL TO OBEY TRAFFIC DEVICE,AJM8KJE
26676841,2024,1,316.1925-1,CARELESS DRIVING,ABY2IXE
26687844,2024,1,322.1615(2),DL - LEARNER'S DRIVER LICENSE VIOLATION RESTRICTION - PERSON,AK31A8E
26704394,2024,1,316.1925(1),CARELESS DRIVING,AB97X4E
