REPORT_NUMBER,CRASH_YEAR,CRASH_DATE_AND_TIME,REPORT_DATE_AND_TIME,INVESTIGATING_AGENCY_REPORT_NUMBER,FORM_TYPE,TOTAL_NUMBER_OF_VEHICLES,TOTAL_NUMBER_OF_PERSONS,COUNTY_CODE,CITY_CODE,COUNTY_NAME,CITY_NAME,RURAL_OR_URBAN,NOTIFIED_TIME,DISPATCHED_TIME,ARRIVED_TIME,CLEARED_TIME,COMPLETED_FLAG,NOTIFIED_BY,ON_STREET_ROAD_HIGHWAY,STREET_ADDRESS_NUMBER,LATITUDE,LONGITUDE,FEET_FROM_INTERSECTION,DIRECTION_FROM_INTERSECTION,FROM_INTERSECTION_OF,MILEPOST_NUMBER,ROAD_SYSTEM_IDENTIFER,TYPE_OF_SHOULDER,TYPE_OF_INTERSECTION,PHOTOS_TAKEN,LIGHT_CONDITION,WEATHER_CONDITION,ROAD_SURFACE_CONDITION,SCHOOL_BUS_RELATED_CODE,TYPE_OF_IMPACT,FIRST_HARMFUL_EVENT,LOCATION,INTERCHANGE_FLAG,JUNCTION_FLAG,ROAD_CIRCUMSTANCES_1,ROAD_CIRCUMSTANCES_2,ROAD_CIRCUMSTANCES_3,ENVIRONMENT_CIRCUMSTANCES_1,ENVIRONMENT_CIRCUMSTANCES_2,ENVIRONMENT_CIRCUMSTANCES_3,WORK_ZONE_RELATED_FLAG,CRASH_IN_WORK_ZONE,TYPE_OF_WORK_ZONE,WORKERS_PRESENT,LAW_ENFORCEMENT_PRESENT,INVESTIGATOR_RANK,INVESTIGATING_AGENCY_NAME,INVESTIGATING_AGENCY_TYPE,LOAD_DATE,UPDATE_DATE,DAYS_TO_LOAD,CODEABLE,S4_CRASH_TYPE,S4_CRASH_TYPE_SIMPLIFIED,S4_CRASH_SEVERITY,S4_CRASH_SEVERITY_DETAIL,S4_DAY_OR_NIGHT,S4_IS_AGGRESSIVE_DRIVING,S4_IS_ALCOHOL_RELATED,S4_IS_CMV_INVOLVED,S4_IS_DISTRACTED,S4_IS_DRUG_RELATED,S4_IS_HIT_AND_RUN,S4_IS_INTERSECTION_RELATED,S4_IS_LANE_DEPARTURE_RELATED,S4_IS_SPEEDING_RELATED,S4_NONE_INJURY_COUNT,S4_INJURY_COUNT,S4_POSSIBLE_INJURY_COUNT,S4_NON_INCAPACITATING_INJURY_COUNT,S4_INCAPACITATING_INJURY_COUNT,S4_FATALITY_COUNT,S4_FATALITY_WITHIN_30_DAYS_COUNT,S4_NON_TRAFFIC_FATALITY_COUNT,S4_TRAILER_COUNT,S4_MOTORCYCLE_COUNT,S4_MOPED_COUNT,S4_NON_MOTORIST_COUNT,S4_BICYCLIST_COUNT,S4_PEDESTRIAN_COUNT,S4_DRIVER_COUNT,S4_AGING_DRIVER_COUNT,S4_TEENAGER_DRIVER_COUNT,S4_PASSENGER_COUNT,S4_UNRESTRAINED_COUNT,S4_UNRESTRAINED_INJURY_COUNT,S4_UNRESTRAINED_INCAPACITATING_INJURY_COUNT,S4_UNRESTRAINED_FATALITY_COUNT,S4_MOTORCYCLIST_COUNT,S4_MOTORCYCLIST_INCAPACITATING_INJURY_COUNT,S4_MOTORCYCLIST_FATALITY_COUNT,S4_IS_PEDESTRIAN_INVOLVED,S4_PEDESTRIAN_INCAPACITATING_INJURY_COUNT,S4_PEDESTRIAN_FATALITY_COUNT,S4_IS_BICYCLIST_INVOLVED,S4_BICYCLIST_INCAPACITATING_INJURY_COUNT,S4_BICYCLIST_FATALITY_COUNT,S4_CITATION_COUNT,S4_CITATION_AMOUNT,S4_PROPERTY_DAMAGE_COUNT,S4_PROPERTY_DAMAGE_AMOUNT,S4_VEHICLE_DAMAGE_COUNT,S4_VEHICLE_DAMAGE_AMOUNT,S4_TOTAL_DAMAGE_AMOUNT,S4_TRANSPORT_BY_EMS_COUNT,S4_TRANSPORT_BY_LAW_ENFORCEMENT_COUNT,S4_TRANSPORT_BY_OTHER_COUNT,S4_GEOLOCATION_STATUS,S4_PRELIMINARY_GEOLOCATION_STATUS,S4_X,S4_Y,S4_LATITUDE,S4_LONGITUDE
81421443,2015,18-JUN-2015 06:09 PM,18-JUN-2015 12:00 AM,15087938,L,1,3,6,0,Palm Beach,Unincorporated,Rural,6/18/2015 6:09:00 PM,6/18/2015 6:11:00 PM,6/18/2015 6:25:00 PM,6/18/2015 12:00:00 AM,Y,Motorist,CANAL 9 ROAD,,,,80,North,MILITARY TRAIL (STATE ROAD 809),,State,Paved,T-Intersection,N,Daylight,Clear,Dry,N,Front to Rear,Pedalcycle,On Roadway,N,Non-Junction,None,,,None,,,N,,,,,CSA,Palm Beach County Sheriff's Office,Sheriff's Office (SO),6/29/2015 10:29:00 PM,6/29/2015 10:29:00 PM,11,Y,Bicycle,Bicycle,Injury,Possible Injury,DAY,N,N,N,N,N,N,N,N,N,2,1,1,0,0,0,0,0,0,0,0,1,1,0,1,0,0,1,0,0,0,0,,,,N,0,0,Y,0,0,0,0,0,0,1,100,100,0,0,0,Verified,n/a,588322.8257,2946840.91,26.6397406225084,-80.1126169497312
81428801,2015,25-NOV-2015 07:25 PM,25-NOV-2015 12:00 AM,15148952,L,1,3,6,30,Palm Beach,Belle Glade,Urban,11/25/2015 7:26:00 PM,11/25/2015 7:35:00 PM,11/25/2015 7:42:00 PM,11/25/2015 8:45:00 PM,Y,Motorist,SOUTH MAIN STREET,915,,,1159,North,,,State,Curb,Other,N,Dark - Lighted,Cloudy,Wet,N,Other,Pedestrian,Median,N,Other,None,,,Weather Conditions,,,N,,,,,DS,Palm Beach County Sheriff's Office,Sheriff's Office (SO),12/7/2015 11:06:00 PM,12/7/2015 11:06:00 PM,12,Y,Pedestrian,Pedestrian,Injury,Possible Injury,NIGHT,N,N,N,N,N,N,N,N,N,2,1,1,0,0,0,0,0,0,0,0,2,2,0,1,0,0,0,0,0,0,0,,,,N,0,0,Y,0,0,0,0,0,0,1,100,100,0,0,0,Verified,n/a,532797.6622,2950410.5607,26.6743578265373,-80.6703742758604
81527069,2015,05-MAR-2015 10:46 AM,16-APR-2015 12:00 AM,2015000426,L,1,2,48,44,Clay,Orange Park,Urban,3/5/2015 10:46:00 AM,3/5/2015 10:50:00 AM,3/5/2015 10:58:00 AM,3/5/2015 12:55:00 PM,Y,Law Enforcement,SR-224 (KINGSLEY AV),,,,0,,BELLAIR BLVD,,U.S.,Curb,Four-Way Intersection,N,Daylight,Clear,Dry,N,Other,Pedestrian,On Roadway,N,Non-Junction,None,,,None,,,N,,,,,,Orange Park Police Department,Police Department (PD),3/25/2015 10:56:00 PM,9/14/2024 7:30:00 PM,20,Y,Pedestrian,Pedestrian,Injury,Non-Incapacitating Injury,DAY,N,N,N,N,N,N,N,N,N,1,1,0,1,0,0,0,0,0,0,0,1,1,0,1,0,0,0,0,0,0,0,0,0,0,N,0,0,Y,0,0,0,0,1,50,1,50,100,1,0,0,Verified,n/a,429694.3293,3337293.4828,30.1649950698449,-81.7301523809525
82799274,2015,01-APR-2015 06:04 PM,01-APR-2015 12:00 AM,15003175,L,1,2,4,46,Pinellas,Largo,Urban,4/1/2015 6:04:00 PM,4/1/2015 6:25:00 PM,4/1/2015 6:27:00 PM,4/1/2015 6:59:00 PM,Y,Motorist,6TH AVE NE,1099,,,540,West,,,Local,Paved,Not at Intersection,Y,Daylight,Clear,Dry,N,Other,Pedalcycle,On Roadway,N,Non-Junction,None,,,Physical Obstruction(s),,,N,,,,,OFC,Largo Police Department,Police Department (PD),5/26/2015 10:53:00 PM,5/26/2015 10:53:00 PM,55,Y,Bicycle,Bicycle,Serious Injury,Incapacitating Injury,DAY,N,N,N,N,N,N,N,N,N,1,1,0,0,1,0,0,0,0,0,0,1,1,0,1,0,1,0,0,0,0,0,,,,N,0,0,Y,1,0,0,0,0,0,0,0,0,1,0,0,Verified,n/a,325178.1445,3089834.4861,27.9220276405017,-82.776606547628
82625221,2015,02-NOV-2015 05:11 PM,02-NOV-2015 12:00 AM,2015015217,L,1,2,6,32,Palm Beach,Boca Raton,Urban,11/2/2015 5:11:00 PM,11/2/2015 5:13:00 PM,11/2/2015 5:13:00 PM,11/2/2015 7:13:00 PM,Y,Motorist,N DIXIE HWY,,,,2,North,HIIDEN VALLEY BL,,County,Paved,Four-Way Intersection,Y,Dusk,Clear,Dry,N,Angle,Motor Vehicle in Transport,On Roadway,N,Non-Junction,None,,,None,,,N,,,,,OFCR,Boca Raton Police Department,Police Department (PD),11/24/2015 10:33:00 PM,11/24/2015 10:33:00 PM,22,Y,Single Vehicle,Other,Injury,Non-Incapacitating Injury,DAY,N,N,N,N,N,N,N,N,N,1,1,0,1,0,0,0,0,0,0,0,1,1,0,1,1,0,0,0,0,0,0,,,,N,0,0,Y,0,0,1,0,0,0,1,1500,1500,1,0,0,Verified,n/a,592030.6854,2922265.342,26.4176346067043,-80.07714400581
84287792,2015,03-MAR-2015 04:15 PM,03-MAR-2015 12:00 AM,2015-008300,L,1,2,7,30,Orange,Apopka,Urban,3/3/2015 4:15:00 PM,3/3/2015 4:15:00 PM,3/3/2015 4:18:00 PM,3/3/2015 4:59:00 PM,Y,Law Enforcement,MARTIN ST,,,,2,East,WELLS ST,,Local,Unpaved,Four-Way Intersection,N,Daylight,Cloudy,Dry,N,Angle,Motor Vehicle in Transport,On Roadway,N,Intersection-Related,None,,,None,,,N,,,,,OFC,Apopka Police Department,Police Department (PD),3/7/2015 12:17:00 PM,3/7/2015 12:17:00 PM,4,N,Single Vehicle,Other,No Injury,No Injury,DAY,N,N,N,N,N,N,Y,N,N,2,0,0,0,0,0,0,0,0,0,0,1,1,0,1,1,0,0,0,0,0,0,,,,N,0,0,Y,0,0,0,0,0,0,0,0,0,0,0,0,Verified,n/a,449452.2622,3173885.7201,28.6912192430072,-81.5174368466951
84290711,2015,13-JAN-2015 06:20 PM,13-JAN-2015 06:48 PM,29406,L,1,2,2,38,Duval,Jacksonville,Urban,1/13/2015 6:26:00 PM,1/13/2015 6:27:00 PM,1/13/2015 6:32:00 PM,1/13/2015 7:20:00 PM,Y,Law Enforcement,103RD ST,6254,30.247649,-81.744615,568,West,103RD ST,,State,Curb,Not at Intersection,N,Dusk,Rain,Wet,N,Angle,Pedalcycle,In Parking Lane or Zone,N,Non-Junction,None,,,None,,,N,,,,,OFFICER,Jacksonville Sheriff's Office,Sheriff's Office (SO),1/14/2015 12:39:00 PM,,1,Y,Bicycle,Bicycle,Injury,Possible Injury,DAY,N,N,N,N,N,N,N,N,N,1,1,1,0,0,0,0,0,0,0,0,1,1,0,1,0,0,0,0,0,0,0,0,0,0,N,0,0,Y,0,0,0,0,0,0,0,0,0,0,0,0,Preliminary,Computer mapped approximate by address,428339.8445,3346545.7288,30.2484042605038,-81.7448467237179
84559793,2015,16-FEB-2015 01:25 PM,16-FEB-2015 02:20 PM,FHPA15OFF005674,L,1,1,9,30,Escambia,Cantonment,Rural,2/16/2015 1:30:00 PM,2/16/2015 1:39:00 PM,2/16/2015 2:13:00 PM,2/16/2015 2:45:00 PM,Y,Law Enforcement,1096 KATHLEEN AVE,,30.59719,-87.29786,402,East,LISA HILL DR,,Local,Unpaved,Not at Intersection,N,Daylight,Clear,Dry,N,Other,Pedalcycle,On Roadway,N,Non-Junction,None,,,None,,,N,,,,,TPR,Florida Highway Patrol,Florida Highway Patrol (FHP),2/21/2015 12:43:00 PM,2/21/2015 12:43:00 PM,5,Y,Bicycle,Bicycle,Injury,Non-Incapacitating Injury,DAY,N,N,N,N,N,Y,N,N,N,0,1,0,1,0,0,0,0,0,0,0,1,1,0,0,0,0,0,0,0,0,0,,,,N,0,0,Y,0,0,0,0,0,0,0,0,0,0,0,0,Verified,n/a,-104547.3317,3401491.7274,30.5933271338,-87.2998278413351
84563677,2015,06-FEB-2015 12:51 PM,06-FEB-2015 01:40 PM,FHPC15OFF011622,L,1,2,28,40,Pasco,New Port Richey,Rural,2/6/2015 12:51:00 PM,2/6/2015 1:22:00 PM,2/6/2015 1:39:00 PM,2/6/2015 3:58:00 PM,Y,Law Enforcement,WOODCOCK DR,,28.2122055720538,-82.7225041855127,30,South,CHIPPER DR,,Local,Curb,Not at Intersection,N,Daylight,Clear,Dry,N,"Sideswipe, Opposite Direction",Pedalcycle,On Roadway,N,Non-Junction,None,,,None,,,N,,,,,TROOPER,Florida Highway Patrol,Florida Highway Patrol (FHP),2/9/2015 1:01:00 PM,,3,Y,Bicycle,Bicycle,Injury,Non-Incapacitating Injury,DAY,N,N,N,N,N,N,N,Y,N,1,1,0,1,0,0,0,0,0,0,0,1,1,0,1,0,1,0,0,0,0,0,0,0,0,N,0,0,Y,0,0,0,0,1,100,1,1200,1300,0,0,0,Preliminary,Computer mapped confident by address,330960.3328,3121907.7212,28.2121737001563,-82.7224778125976
84685467,2015,11-JAN-2015 07:18 PM,11-JAN-2015 12:00 AM,15000241,L,1,2,1,38,Miami-Dade,Coral Gables,Urban,1/11/2015 7:18:00 PM,1/11/2015 7:19:00 PM,1/11/2015 7:19:00 PM,1/11/2015 7:44:00 PM,Y,Law Enforcement,US1 S DIXIE HWY,,,,192,West,CABALLERO BLVD,,Local,Paved,Not at Intersection,Y,Dark - Lighted,Clear,Dry,N,Angle,Pedalcycle,Shoulder,N,Non-Junction,None,,,None,,,N,,,,,PO,Coral Gables Police Department,Police Department (PD),2/10/2015 10:46:00 PM,2/10/2015 10:46:00 PM,30,Y,Bicycle,Bicycle,Injury,Non-Incapacitating Injury,NIGHT,N,N,N,N,N,Y,N,N,N,1,1,0,1,0,0,0,0,0,0,0,1,1,0,1,0,0,0,0,0,0,0,,,,N,0,0,Y,0,0,2,0,0,0,0,0,0,1,0,0,Verified,n/a,572282.9649,2844020.7032,25.7122999994901,-80.2794892157115
84792362,2015,07-JAN-2015 04:03 PM,07-JAN-2015 04:33 PM,2015TA000187,L,1,2,17,60,Seminole,Sanford,Urban,1/7/2015 4:07:00 PM,1/7/2015 4:08:00 PM,1/7/2015 4:21:00 PM,1/7/2015 5:00:00 PM,Y,Motorist,COUNTRY CLUB CIR,133,,,225,South,,,Local,Paved,Not at Intersection,,Daylight,Clear,Dry,N,Angle,Motor Vehicle in Transport,On Roadway,N,Non-Junction,None,,,None,,,N,,,,,Off.,Sanford Police Department,Police Department (PD),1/9/2015 12:28:00 PM,1/9/2015 12:28:00 PM,2,Y,Single Vehicle,Other,Injury,Possible Injury,DAY,N,N,N,N,N,N,N,N,N,1,1,1,0,0,0,0,0,0,0,0,1,1,0,1,0,0,0,0,0,0,0,,,,N,0,0,Y,0,0,0,0,0,0,1,1000,1000,0,0,1,Verified,n/a,472091.9421,3184882.9649,28.791170202518,-81.2859570602762
84792402,2015,15-JAN-2015 04:01 PM,15-JAN-2015 04:39 PM,2015TA000488,L,1,2,17,60,Seminole,Sanford,Urban,1/15/2015 4:11:00 PM,1/15/2015 4:11:00 PM,1/15/2015 4:25:00 PM,1/15/2015 5:00:00 PM,Y,Motorist,AIRPORT BLVD,,,,0,,LIVE OAK BLVD,,Local,Curb,T-Intersection,,Daylight,Rain,Wet,N,Other,Pedestrian,On Roadway,Y,Intersection,None,,,None,,,N,,,,,Off.,Sanford Police Department,Police Department (PD),1/21/2015 12:47:00 PM,1/21/2015 12:47:00 PM,6,Y,Pedestrian,Pedestrian,Injury,Possible Injury,DAY,N,N,N,N,N,N,Y,N,N,1,1,1,0,0,0,0,0,0,0,0,1,1,0,1,0,0,0,0,0,0,0,,,,N,0,0,Y,0,0,0,0,0,0,0,0,0,0,0,0,Verified,n/a,471320.6525,3183240.8198,28.7763310062391,-81.2938183688436
84855916,2015,06-FEB-2015 05:25 PM,06-FEB-2015 05:51 PM,FHPG15OFF004782,L,1,3,2,38,Duval,Jacksonville,Urban,2/6/2015 5:27:00 PM,2/6/2015 5:31:00 PM,2/6/2015 5:31:00 PM,2/6/2015 6:18:00 PM,Y,Law Enforcement,SR 10 (ATLANTIC BLVD),,30.3222559858114,-81.54456297867,41,West,LIVE OAK DR,,State,Curb,Not at Intersection,N,Daylight,Clear,Dry,N,Angle,Pedalcycle,On Roadway,N,Non-Junction,None,,,None,,,N,,,,,TROOPER,Florida Highway Patrol,Florida Highway Patrol (FHP),2/15/2015 12:00:00 PM,2/15/2015 12:00:00 PM,9,N,Bicycle,Bicycle,No Injury,No Injury,DAY,N,N,N,N,N,N,N,N,N,3,0,0,0,0,0,0,0,0,0,0,1,1,0,1,0,0,1,0,0,0,0,,,,N,0,0,Y,0,0,1,0,0,0,1,300,300,0,0,0,Verified,n/a,447416.8625,3354582.4461,30.3219033778967,-81.5469683582203
84860404,2015,20-FEB-2015 04:45 PM,20-FEB-2015 09:11 PM,FHPD15OFF015450,L,1,2,8,50,Volusia,Ormond Beach,Rural,2/20/2015 7:49:00 PM,2/20/2015 7:55:00 PM,2/20/2015 8:11:00 PM,2/21/2015 5:12:00 PM,Y,Law Enforcement,CHEROKEE ROAD,,29.2034816684368,-81.053758334117,298,North,NAVAJO AV,,Local,Curb,Not at Intersection,N,Daylight,Clear,Dry,N,Angle,Pedalcycle,On Roadway,N,Non-Junction,None,,,None,,,N,,,,,TROOPER,Florida Highway Patrol,Florida Highway Patrol (FHP),2/24/2015 1:15:00 PM,2/24/2015 1:15:00 PM,4,Y,Bicycle,Bicycle,Injury,Non-Incapacitating Injury,DAY,N,N,N,N,N,N,N,N,N,1,1,0,1,0,0,0,0,0,0,0,1,1,0,1,0,0,0,0,0,0,0,,,,N,0,0,Y,0,0,0,0,0,0,0,0,0,0,0,1,Verified,n/a,489092.1768,3237400.7274,29.2654474647094,-81.1122780742336
84870449,2015,07-MAR-2015 04:00 PM,07-MAR-2015 06:13 PM,FHPF15OFF014668,L,1,2,15,42,Manatee,Palmetto,Rural,3/7/2015 4:43:00 PM,3/7/2015 5:11:00 PM,3/7/2015 5:39:00 PM,3/7/2015 7:04:00 PM,Y,Law Enforcement,SPANISH POINT CT,,27.5950284651128,-82.5055992140807,0,,CORTINA LN,,Private Roadway,Unpaved,T-Intersection,N,Daylight,Clear,Dry,N,Other,Pedalcycle,On Roadway,N,Intersection,None,,,None,,,N,,,,,TROOPER,Florida Highway Patrol,Florida Highway Patrol (FHP),3/9/2015 12:02:00 PM,,2,N,Bicycle,Bicycle,No Injury,No Injury,DAY,N,N,N,N,N,N,Y,N,N,2,0,0,0,0,0,0,0,0,0,0,1,1,0,1,1,0,0,0,0,0,0,0,0,0,N,0,0,Y,0,0,0,0,1,25,0,0,25,0,0,0,Preliminary,Computer mapped confident by address,351425.822,3053222.4037,27.5948048838743,-82.5053965848307
84935285,2015,14-AUG-2015 09:02 AM,14-AUG-2015 12:00 AM,15002599,L,1,2,43,32,Okaloosa,Fort Walton Beach,Urban,8/14/2015 9:02:00 AM,8/14/2015 9:04:00 AM,8/14/2015 9:10:00 AM,8/14/2015 10:09:00 AM,Y,Law Enforcement,PARK CIR SE,40,,,228,West,,,Local,Curb,Not at Intersection,Y,Daylight,Clear,Dry,N,Angle,Pedalcycle,On Roadway,N,Non-Junction,None,,,None,,,N,,,,,POLICE OFFICER,Fort Walton Beach Police Department,Police Department (PD),8/18/2015 1:00:00 PM,8/18/2015 1:00:00 PM,4,Y,Bicycle,Bicycle,Injury,Non-Incapacitating Injury,DAY,N,N,N,N,N,N,N,N,N,1,1,0,1,0,0,0,0,0,0,0,1,1,0,1,0,0,0,0,0,0,0,,,,N,0,0,Y,0,0,0,0,0,0,1,2000,2000,0,0,0,Verified,n/a,-39367.8288000003,3377638.1625,30.4102182841683,-86.611171751156
84997804,2015,16-JUL-2015 05:01 PM,27-JUL-2015 01:44 PM,2015-04172,L,1,3,5,62,Polk,Winter Haven,Urban,7/16/2015 5:01:00 PM,7/16/2015 5:04:00 PM,7/16/2015 5:10:00 PM,7/16/2015 5:55:00 PM,Y,Law Enforcement,WARE AVE NE,,,,0,East,WARE AVE NE,,Local,Unpaved,T-Intersection,N,Daylight,Clear,Dry,N,Angle,Pedalcycle,On Roadway,N,Other,None,,,None,,,N,,,,,OFFICER,Winter Haven Police Department,Police Department (PD),7/28/2015 11:54:00 AM,7/28/2015 11:54:00 AM,12,Y,Bicycle,Bicycle,Injury,Possible Injury,DAY,N,N,N,N,N,N,N,N,N,2,1,1,0,0,0,0,0,0,0,0,1,1,0,1,1,0,1,0,0,0,0,,,,N,0,0,Y,0,0,0,0,1,0,1,500,500,0,0,0,Verified,n/a,429817.5266,3102695.2963,28.0477295936498,-81.7141030501826
85111244,2015,17-JUL-2015 12:35 PM,17-JUL-2015 12:47 PM,FHPF15OFF044639,L,1,2,64,52,Collier,Naples,Rural,7/17/2015 12:37:00 PM,7/17/2015 12:40:00 PM,7/17/2015 12:40:00 PM,7/17/2015 1:29:00 PM,Y,Law Enforcement,US-41 (SR 45),,26.1165016702418,-81.7561950018054,355,South,LAKEWOOD BLVD,,U.S.,Unpaved,T-Intersection,N,Daylight,Clear,Dry,N,Other,Pedalcycle,On Roadway,N,Driveway/Alley Access Related,None,,,None,,,N,,,,,TROOPER,Florida Highway Patrol,Florida Highway Patrol (FHP),7/27/2015 12:19:00 PM,7/27/2015 12:19:00 PM,10,Y,Bicycle,Bicycle,Injury,Non-Incapacitating Injury,DAY,N,N,N,N,N,N,N,N,N,1,1,0,1,0,0,0,0,0,0,0,1,1,0,1,0,0,0,0,0,0,0,,,,N,0,0,Y,0,0,3,0,1,100,1,500,600,1,0,0,Verified,n/a,424311.6659,2888895.9918,26.1173152499866,-81.7570358755493
85145218,2015,27-JUL-2015 05:25 PM,27-JUL-2015 06:18 PM,FHPF15OFF046851,L,1,3,18,45,Lee,Lehigh Acres,Rural,7/27/2015 5:29:00 PM,7/27/2015 5:31:00 PM,7/27/2015 5:57:00 PM,7/27/2015 6:32:00 PM,Y,Law Enforcement,DALE AVE N,,26.62883,-81.71279,27,North,ORDNANCE RD,,County,Unpaved,Not at Intersection,N,Daylight,Cloudy,Wet,N,Front to Front,Motor Vehicle in Transport,On Roadway,N,Non-Junction,None,,,None,,,N,,,,,TROOPER,Florida Highway Patrol,Florida Highway Patrol (FHP),7/29/2015 11:56:00 AM,7/29/2015 11:56:00 AM,2,Y,Single Vehicle,Other,Injury,Possible Injury,DAY,N,N,N,N,N,N,N,Y,N,1,2,2,0,0,0,0,0,0,0,0,2,2,0,1,0,0,0,0,0,0,0,,,,N,0,0,Y,0,0,0,0,1,150,1,100,250,0,0,0,Verified,n/a,429049.3403,2945530.8538,26.6288950911493,-81.7127829637149
85149453,2015,11-OCT-2015 04:55 PM,11-OCT-2015 07:11 PM,FHPG15OFF041057,L,1,1,52,60,Baker,Macclenny,Rural,10/11/2015 5:19:00 PM,10/11/2015 5:23:00 PM,10/11/2015 6:11:00 PM,10/11/2015 7:22:00 PM,Y,Law Enforcement,LARIMER ROAD,,30.2555516490782,-82.1431568427978,0,East,EASTWOOD ROAD,,Local,Unpaved,Not at Intersection,N,Daylight,"Blowing Sand, Soil, Dirt","Mud, Dirt, Gravel",N,Other,Pedalcycle,On Roadway,N,Non-Junction,None,,,None,,,N,,,,,TROOPER,Florida Highway Patrol,Florida Highway Patrol (FHP),10/15/2015 12:15:00 PM,10/15/2015 12:15:00 PM,4,Y,Bicycle,Bicycle,Injury,Non-Incapacitating Injury,DAY,N,N,N,N,N,Y,N,N,N,0,1,0,1,0,0,0,0,0,0,0,1,1,0,0,0,0,0,0,0,0,0,,,,N,0,0,Y,0,0,0,0,0,0,0,0,0,1,0,0,Verified,n/a,390019.8077,3347651.1981,30.2555085108612,-82.1432117170567
85157860,2015,09-SEP-2015 03:16 PM,09-SEP-2015 05:41 PM,FHPD15OFF083185,L,1,3,7,46,Orange,Orlando,Urban,9/9/2015 3:18:00 PM,9/9/2015 3:54:00 PM,9/9/2015 4:20:00 PM,9/9/2015 10:24:00 PM,Y,Law Enforcement,4300 CLARCONA OCOEE RD,,28.5734168610768,-81.3693749426594,,,US-441,,Parking Lot,Paved,Not at Intersection,N,Daylight,Clear,Dry,N,Other,Pedalcycle,In Parking Lane or Zone,N,Non-Junction,None,,,None,,,N,,,,,TROOPER,Florida Highway Patrol,Florida Highway Patrol (FHP),9/13/2015 11:50:00 AM,,4,Y,Bicycle,Bicycle,Serious Injury,Incapacitating Injury,DAY,N,N,N,N,N,N,N,N,N,2,1,0,0,1,0,0,0,0,0,0,2,2,0,1,1,0,0,0,0,0,0,,,,N,0,0,Y,1,0,1,0,0,0,1,1,1,1,0,0,Preliminary,Computer plot approximate by lat/long,463876.3536,3160780.4577,28.573411532912,-81.3693718330023
85190579,2015,23-AUG-2015 08:42 PM,23-AUG-2015 09:30 PM,FHPA15OFF033532,L,1,5,9,0,Escambia,Unincorporated,Rural,8/23/2015 8:43:00 PM,8/23/2015 8:55:00 PM,8/23/2015 9:15:00 PM,8/23/2015 10:13:00 PM,Y,Law Enforcement,PARKING LOT OF 800 QUIETWATER BEACH RD,,30.33357,-87.13998,,,SR 399 (PENSACOLA BEACH BLVD),,Parking Lot,Curb,Not at Intersection,N,Dark - Lighted,Clear,Dry,N,Unknown,Pedalcycle,On Roadway,N,Non-Junction,None,,,None,,,N,,,,,TROOPER,Florida Highway Patrol,Florida Highway Patrol (FHP),9/1/2015 1:07:00 PM,,9,N,Bicycle,Bicycle,No Injury,No Injury,NIGHT,N,N,N,N,N,N,N,N,N,5,0,0,0,0,0,0,0,0,0,0,1,1,0,1,0,0,3,0,0,0,0,0,0,0,N,0,0,Y,0,0,0,0,1,400,1,300,700,0,0,0,Preliminary,Computer plot approximate by lat/long,-90753.1294,3371772.5466,30.3335644175862,-87.1399755481749
85203537,2015,21-OCT-2015 11:03 PM,21-OCT-2015 11:53 PM,FHPD15OFF097319,L,1,3,7,46,Orange,Orlando,Rural,10/21/2015 11:03:00 PM,10/21/2015 11:04:00 PM,10/21/2015 11:22:00 PM,10/22/2015 12:58:00 AM,Y,Law Enforcement,UNIVERSAL BLVD,,28.4330616674485,-81.4620366679137,101,East,CONVENTION WAY,,County,Curb,Not at Intersection,N,Dark - Lighted,Clear,Dry,N,Front to Rear,Pedalcycle,On Roadway,N,Non-Junction,None,,,None,,,N,,,,,TROOPER,Florida Highway Patrol,Florida Highway Patrol (FHP),10/24/2015 12:10:00 PM,10/24/2015 12:10:00 PM,3,Y,Bicycle,Bicycle,Serious Injury,Incapacitating Injury,NIGHT,N,N,N,N,N,Y,N,N,N,0,3,0,0,3,0,0,0,0,0,0,3,3,0,0,0,0,0,0,0,0,0,,,,N,0,0,Y,3,0,0,0,1,1000,0,0,1000,3,0,0,Verified,n/a,454642.1949,3145279.4234,28.4332041334684,-81.4631793001688
85225762,2015,17-NOV-2015 06:11 PM,17-NOV-2015 06:43 PM,FHPA15OFF045470,L,1,2,9,0,Escambia,Unincorporated,Rural,11/17/2015 6:11:00 PM,11/17/2015 6:14:00 PM,11/17/2015 6:31:00 PM,11/17/2015 6:49:00 PM,Y,Law Enforcement,CR-95A (N PALAFOX RD),,30.57979,-87.2946,,,RUSTY LN,,County,Unpaved,Not at Intersection,N,Dark - Not Lighted,Clear,Dry,N,Other,Pedestrian,On Roadway,N,Non-Junction,None,,,None,,,N,,,,,TROOPER,Florida Highway Patrol,Florida Highway Patrol (FHP),11/22/2015 1:58:00 PM,,5,Y,Pedestrian,Pedestrian,Injury,Non-Incapacitating Injury,DAY,N,N,N,N,N,N,N,N,N,1,1,0,1,0,0,0,0,0,0,0,1,1,0,1,0,1,0,0,0,0,0,0,0,0,N,0,0,Y,0,0,1,0,0,0,1,2000,2000,1,0,0,Preliminary,Computer plot approximate by lat/long,-104128.7373,3399958.2944,30.5797843649211,-87.2945955701712
85641044,2015,10-JAN-2015 03:47 PM,10-JAN-2015 12:00 AM,150000582,S,1,3,8,30,Volusia,Daytona Beach,Urban,1/10/2015 3:47:00 PM,1/10/2015 3:54:00 PM,1/10/2015 3:57:00 PM,1/10/2015 5:01:00 PM,Y,Law Enforcement,GEORGE W ENGRAM BLVD,,,,98,West,LINCOLN ST.,,Local,Curb,Not at Intersection,,Daylight,Clear,Dry,N,Front to Rear,Other Non-Fixed Object,On Roadway,N,Non-Junction,None,,,None,,,N,,,,,OFF,Daytona Beach Police Department,Police Department (PD),1/25/2015 12:11:00 PM,,15,N,Single Vehicle,Other,No Injury,No Injury,DAY,N,N,N,N,N,N,N,N,N,3,0,0,0,0,0,0,0,0,0,0,1,1,0,1,0,0,1,0,0,0,0,0,0,0,N,0,0,Y,0,0,0,0,0,0,0,0,0,0,0,0,Preliminary,Computer mapped approximate by address,496573.9217,3231758.229,29.2145627880197,-81.0352484049902
85642265,2015,03-APR-2015 08:09 PM,04-APR-2015 12:00 AM,150006407,L,2,2,8,30,Volusia,Daytona Beach,Urban,4/3/2015 8:09:00 PM,4/3/2015 8:09:00 PM,4/3/2015 8:09:00 PM,4/3/2015 8:18:00 PM,Y,Law Enforcement,SR5A / NOVA RD.,,,,0,,US92 / INTERNATIONAL SPEEDWAY BLVD.,,State,Paved,Four-Way Intersection,,Dark - Lighted,Clear,Dry,N,Front to Rear,Pedestrian,On Roadway,N,Non-Junction,None,,,None,,,N,,,,,,Daytona Beach Police Department,Police Department (PD),4/11/2015 11:35:00 AM,4/11/2015 11:35:00 AM,8,Y,Pedestrian,Pedestrian,Injury,Possible Injury,NIGHT,N,N,N,N,N,N,N,N,N,1,1,1,0,0,0,0,0,0,0,0,1,1,0,1,1,0,0,0,0,0,0,,,,N,0,0,Y,0,0,0,0,0,0,1,400,400,0,0,0,Verified,n/a,496136.4901,3230517.9166,29.2033668574807,-81.0397444972094
85652745,2015,11-JAN-2015 03:55 PM,11-JAN-2015 12:00 AM,PD150111014128,L,1,2,1,0,Miami-Dade,Unincorporated,Rural,1/11/2015 3:58:00 PM,1/11/2015 4:02:00 PM,1/11/2015 4:02:00 PM,1/11/2015 5:30:00 PM,Y,Law Enforcement,SW 109TH AVE,,,,9,East,SW 24TH ST,,County,Paved,Four-Way Intersection,,Daylight,Clear,Dry,N,Angle,Thrown or Falling Object,On Roadway,N,Non-Junction,None,,,None,,,N,,,,,OFC.,Miami-Dade Police Department,Police Department (PD),1/20/2015 12:27:00 PM,1/20/2015 12:27:00 PM,9,N,Single Vehicle,Other,No Injury,No Injury,DAY,N,N,N,N,N,N,N,N,N,2,0,0,0,0,0,0,0,0,0,0,1,1,0,1,0,0,0,0,0,0,0,,,,N,0,0,Y,0,0,2,0,0,0,1,1800,1800,0,0,0,Verified,n/a,563005.1846,2847782.0444,25.7466913530825,-80.3717861782917
85657801,2015,01-FEB-2015 01:00 PM,01-FEB-2015 12:00 AM,PD150201041064,L,1,2,1,0,Miami-Dade,Unincorporated,Urban,2/1/2015 1:13:00 PM,2/1/2015 3:00:00 PM,2/1/2015 3:15:00 PM,2/1/2015 4:00:00 PM,,Law Enforcement,SW 152ND ST,11955,,,982,West,,,Other,Paved,Not at Intersection,,Daylight,Clear,Dry,N,Angle,Motor Vehicle in Transport,On Roadway,N,Entrance/Exit Ramp,None,None,None,None,None,None,N,,,,,OFC.,Miami-Dade Police Department,Police Department (PD),2/9/2015 1:02:00 PM,2/9/2015 1:02:00 PM,8,Y,Single Vehicle,Other,No Injury,No Injury,DAY,N,N,N,N,N,Y,N,N,N,2,0,0,0,0,0,0,0,0,0,0,1,1,0,1,0,0,0,0,0,0,0,,,,N,0,0,Y,0,0,0,0,2,2000,1,100,2100,0,0,0,Verified,n/a,561706.0897,2834546.2226,25.6272307839914,-80.385352287287
85657982,2015,07-MAR-2015 10:24 AM,07-MAR-2015 12:00 AM,PD150307085602,L,1,2,1,66,Miami-Dade,Miami,Rural,3/7/2015 10:24:00 AM,3/7/2015 10:25:00 AM,3/7/2015 10:29:00 AM,3/7/2015 11:59:00 AM,Y,Law Enforcement,SW 129TH CT,20795,,,151,North,,,Other,Unpaved,Not at Intersection,,Daylight,Cloudy,Dry,N,Other,Fence,On Roadway,N,Non-Junction,None,,,Other,,,N,,,,,OFC.,Miami-Dade Police Department,Police Department (PD),3/16/2015 12:50:00 PM,3/16/2015 12:50:00 PM,9,Y,Off Road,Off Road,Serious Injury,Incapacitating Injury,DAY,N,N,N,N,N,N,N,Y,N,0,2,1,0,1,0,0,0,0,0,0,1,1,0,0,0,0,1,0,0,0,0,,,,N,0,0,Y,1,0,0,0,1,4000,1,100,4100,1,0,0,Verified,n/a,560076.7149,2828625.5583,25.5738353673234,-80.4018476338118
85665950,2015,26-MAY-2015 04:34 PM,26-MAY-2015 12:00 AM,PD150526193797,L,2,5,1,0,Miami-Dade,Unincorporated,Rural,5/26/2015 4:34:00 PM,5/26/2015 4:35:00 PM,5/26/2015 4:42:00 PM,5/26/2015 7:45:00 PM,Y,Law Enforcement,SW 142ND AVE,,,,0,South,SW 72ND ST,,County,Paved,Four-Way Intersection,,Daylight,Clear,Dry,N,Angle,Motor Vehicle in Transport,On Roadway,N,Non-Junction,None,None,None,None,None,None,N,,,,,OFC.,Miami-Dade Police Department,Police Department (PD),6/14/2015 11:34:00 AM,6/14/2015 11:34:00 AM,19,Y,Left Entering,Left Turn,Injury,Possible Injury,DAY,N,N,N,N,N,N,N,N,N,0,5,5,0,0,0,0,0,0,0,0,2,2,0,2,0,0,1,0,0,0,0,,,,N,0,0,Y,0,0,1,0,2,200,2,8000,8200,2,0,0,Verified,n/a,557935.1847,2842545.9782,25.6996202959194,-80.4225645047969
85673643,2015,04-MAR-2015 12:20 PM,04-MAR-2015 12:00 AM,CW15-30487,L,1,2,4,36,Pinellas,Clearwater,Urban,3/4/2015 12:26:00 PM,3/4/2015 12:28:00 PM,3/4/2015 12:31:00 PM,3/4/2015 2:30:00 PM,Y,Law Enforcement,GULF TO BAY BLVD (SR 60),,,,0,,S BELCHER RD,,U.S.,Curb,Four-Way Intersection,Y,Daylight,Clear,Dry,N,Angle,Pedestrian,Off Roadway,N,Non-Junction,None,,,None,,,N,,,,,OFC.,Clearwater Police Department,Police Department (PD),3/12/2015 1:53:00 PM,3/12/2015 1:53:00 PM,8,Y,Pedestrian,Pedestrian,Serious Injury,Incapacitating Injury,DAY,N,N,Y,N,N,N,N,Y,N,1,1,0,0,1,0,0,0,1,0,0,1,1,0,1,0,0,0,0,0,0,0,,,,N,0,0,Y,1,0,1,0,1,200,1,1,201,1,0,0,Verified,n/a,328261.9395,3094062.6495,27.9605796608015,-82.7458932752026
85680503,2015,21-JAN-2015 03:37 PM,21-JAN-2015 12:00 AM,2015002550,L,1,4,1,54,Miami-Dade,Hialeah,Urban,1/21/2015 3:37:00 PM,1/21/2015 3:44:00 PM,1/21/2015 3:53:00 PM,1/21/2015 4:44:00 PM,Y,Law Enforcement,W 25TH ST,,,,0,,W 5TH AVE,,Local,Paved,Four-Way Intersection,N,Daylight,Clear,Dry,N,Angle,Pedalcycle,On Roadway,N,Intersection,None,,,None,,,N,,,,,OFC,Hialeah Police Department,Police Department (PD),4/8/2015 10:43:00 PM,4/8/2015 10:43:00 PM,77,Y,Bicycle,Bicycle,Injury,Non-Incapacitating Injury,DAY,N,N,N,N,N,N,Y,N,N,3,1,0,1,0,0,0,0,0,0,0,1,1,0,1,0,0,2,0,0,0,0,,,,N,0,0,Y,0,0,1,0,0,0,1,400,400,0,0,0,Verified,n/a,570955.7775,2858639.0782,25.8443605967383,-80.2919345787253
85681694,2015,03-JAN-2015 02:35 PM,03-JAN-2015 12:00 AM,150103-002567,L,1,2,1,66,Miami-Dade,Miami,Urban,1/3/2015 2:40:00 PM,1/3/2015 2:45:00 PM,1/3/2015 2:57:00 PM,1/3/2015 3:45:00 PM,Y,Law Enforcement,NW 58 TER.,NW 9 AVE,,,0,East,NW 58 TER.,,Local,Paved,T-Intersection,N,Daylight,Clear,Dry,N,,Pedalcycle,On Roadway,N,Non-Junction,None,,,None,,,N,,,,,POLICE OFFICER,Miami Police Department,Police Department (PD),1/12/2015 12:24:00 PM,1/12/2015 12:24:00 PM,9,Y,Bicycle,Bicycle,Injury,Possible Injury,DAY,N,N,N,N,N,N,N,N,N,1,1,1,0,0,0,0,0,0,0,0,1,1,0,1,1,0,0,0,0,0,0,,,,N,0,0,Y,0,0,0,0,0,0,1,1300,1300,0,0,0,Verified,n/a,579038.1039,2857009.4286,25.8292305985863,-80.2113846230427
85682186,2015,15-JAN-2015 06:49 AM,15-JAN-2015 12:00 AM,150115-014490,L,1,1,1,66,Miami-Dade,Miami,Urban,1/15/2015 6:49:00 AM,1/15/2015 6:50:00 AM,1/15/2015 7:20:00 AM,1/15/2015 8:13:00 AM,N,Law Enforcement,SW 16 AVE,,,,0,,US 1,,Local,Paved,T-Intersection,Y,Dawn,Cloudy,Dry,N,Other,Motor Vehicle in Transport,Off Roadway,N,Non-Junction,None,,,None,,,N,,,,,CORP,Miami Police Department,Police Department (PD),1/24/2015 12:35:00 PM,1/24/2015 12:35:00 PM,9,Y,Single Vehicle,Other,Injury,Possible Injury,NIGHT,N,N,N,N,N,Y,N,N,N,0,1,1,0,0,0,0,0,0,0,0,1,1,0,0,0,0,0,0,0,0,0,,,,N,0,0,Y,0,0,0,0,0,0,0,0,0,0,0,0,Verified,n/a,578186.0117,2847823.4752,25.74633390003,-80.2204283924054
85686568,2015,29-JAN-2015 02:04 PM,29-JAN-2015 02:26 PM,15-62576,L,1,3,3,0,Hillsborough,Unincorporated,Rural,1/29/2015 2:09:00 PM,1/29/2015 2:10:00 PM,1/29/2015 2:17:00 PM,1/29/2015 2:27:00 PM,Y,Law Enforcement,MT CARMEL RD,,,,0,,LUMSDEN RD,,County,Unpaved,Four-Way Intersection,N,Daylight,Clear,Dry,N,Front to Rear,Motor Vehicle in Transport,On Roadway,N,Intersection,None,,,None,,,N,,,,,DEP,Hillsborough County Sheriff's Office,Sheriff's Office (SO),2/3/2015 12:39:00 PM,2/3/2015 12:39:00 PM,5,N,Single Vehicle,Other,No Injury,No Injury,DAY,N,N,N,N,N,N,Y,N,N,3,0,0,0,0,0,0,0,0,0,0,1,1,0,1,1,0,1,0,0,0,0,,,,N,0,0,Y,0,0,0,0,1,50,1,700,750,0,0,0,Verified,n/a,375907.9124,3089331.4942,27.9231729071963,-82.2611412360962
85690418,2015,15-FEB-2015 11:50 AM,16-FEB-2015 12:00 AM,2015-008044,L,1,2,4,64,Pinellas,St. Petersburg,Urban,2/15/2015 11:55:00 AM,2/15/2015 11:55:00 AM,2/15/2015 12:00:00 PM,2/15/2015 12:50:00 PM,Y,Law Enforcement,14TH AVE S,,27.7571,-82.642422,0,,7TH ST S,,Local,Curb,Four-Way Intersection,N,Daylight,Clear,Dry,N,Angle,Motor Vehicle in Transport,On Roadway,Y,Intersection,None,,,None,,,N,,,,,OFFICER,St. Petersburg Police Department,Police Department (PD),2/22/2015 12:27:00 PM,2/22/2015 12:27:00 PM,7,Y,Single Vehicle,Other,Injury,Non-Incapacitating Injury,DAY,N,N,N,N,N,N,Y,N,N,1,1,0,1,0,0,0,0,0,0,0,1,1,0,1,0,0,0,0,0,0,0,,,,N,0,0,Y,0,0,2,0,0,0,1,0,0,1,0,0,Verified,n/a,332592.9069,3096762.3224,27.9854911735386,-82.7022630571324
85705880,2015,23-FEB-2015 03:50 PM,23-FEB-2015 12:00 AM,2015-18108,L,1,1,1,68,Miami-Dade,Miami Beach,Urban,2/23/2015 3:53:00 PM,2/23/2015 3:56:00 PM,2/23/2015 4:00:00 PM,2/23/2015 5:26:00 PM,Y,Law Enforcement,11TH ST,999,,,,,,,Parking Lot,Paved,Not at Intersection,,Daylight,Clear,Dry,N,Front to Front,Pedalcycle,In Parking Lane or Zone,N,Non-Junction,None,,,None,,,N,,,,,PSS,Miami Beach Police Department,Police Department (PD),3/4/2015 2:26:00 PM,,9,Y,Bicycle,Bicycle,Injury,Non-Incapacitating Injury,DAY,N,N,N,N,N,N,N,Y,N,0,1,0,1,0,0,0,0,0,0,0,1,1,0,0,0,0,0,0,0,0,0,0,0,0,N,0,0,Y,0,0,0,0,1,400,1,700,1100,0,0,0,Preliminary,Computer plot approximate by lat/long,586376.8551,2851802.9745,25.7818052835756,-80.1385073808194
85724257,2015,02-MAY-2015 11:28 AM,02-MAY-2015 12:00 AM,SO15-182227,L,1,3,4,38,Pinellas,Dunedin,Urban,5/2/2015 11:28:00 AM,5/2/2015 11:28:00 AM,5/2/2015 11:37:00 AM,5/2/2015 12:34:00 PM,Y,Law Enforcement,PAULA DR S,,28.050584,-82.784235,4,South,CAUSEWAY BLVD,,Local,Paved,T-Intersection,Y,Daylight,Clear,Dry,N,Angle,Motor Vehicle in Transport,On Roadway,N,Non-Junction,None,,,None,,,N,,,,,DEPUTY,Pinellas County Sheriff's Office,Sheriff's Office (SO),5/7/2015 11:50:00 AM,5/7/2015 11:50:00 AM,5,Y,Single Vehicle,Other,Injury,Possible Injury,DAY,N,N,N,N,N,N,N,N,N,2,1,1,0,0,0,0,0,0,0,0,1,1,0,1,1,0,1,0,0,0,0,,,,N,0,0,Y,0,0,0,0,0,0,1,500,500,1,0,0,Verified,n/a,324639.4468,3104101.6135,28.0506881703228,-82.784197381232
85767063,2015,09-FEB-2015 07:30 PM,09-FEB-2015 12:00 AM,20150002345,L,1,1,6,94,Palm Beach,West Palm Beach,Urban,2/9/2015 9:02:00 PM,2/9/2015 9:40:00 PM,2/9/2015 9:47:00 PM,2/9/2015 10:30:00 PM,N,Motorist,S OLIVE AVE,,,,0,,PEMBROKE PL,,Local,Curb,Four-Way Intersection,N,Dark - Lighted,Rain,Wet,N,Other,Pedestrian,On Roadway,N,Intersection,None,,,None,,,N,,,,,OFFICER,West Palm Beach Police Department,Police Department (PD),2/11/2015 1:12:00 PM,2/11/2015 1:12:00 PM,2,Y,Pedestrian,Pedestrian,Injury,Possible Injury,NIGHT,N,N,N,N,N,Y,Y,N,N,0,1,1,0,0,0,0,0,0,0,0,1,1,0,0,0,0,0,0,0,0,0,,,,N,0,0,Y,0,0,0,0,0,0,0,0,0,0,0,0,Verified,n/a,594289.6337,2954076.8261,26.7046780944061,-80.0521347054335
85804898,2015,17-FEB-2015 07:58 PM,17-FEB-2015 12:00 AM,150217-049994,L,1,2,1,66,Miami-Dade,Miami,Urban,2/17/2015 7:58:00 PM,2/17/2015 7:58:00 PM,2/17/2015 7:58:00 PM,2/17/2015 11:27:00 PM,Y,Law Enforcement,NW 36 ST,,,,0,,N. MIAMI AVE,,Local,Curb,Not at Intersection,N,Dark - Lighted,Cloudy,Dry,N,Angle,Motor Vehicle in Transport,On Roadway,N,Non-Junction,None,,,None,,,N,,,,,OFC.,Miami Police Department,Police Department (PD),2/19/2015 12:46:00 PM,2/19/2015 12:46:00 PM,2,Y,Single Vehicle,Other,Injury,Non-Incapacitating Injury,NIGHT,N,N,N,N,N,N,N,N,N,1,1,0,1,0,0,0,0,0,0,0,1,1,0,1,0,0,0,0,0,0,0,,,,N,0,0,Y,0,0,1,0,0,0,1,800,800,1,0,0,Verified,n/a,580704.7386,2854939.3762,25.8104485032099,-80.194883208505
85827851,2015,08-APR-2015 01:12 PM,08-APR-2015 12:00 AM,15-05523,L,1,2,6,42,Palm Beach,Greenacres,Urban,4/8/2015 1:15:00 PM,4/8/2015 1:19:00 PM,4/8/2015 1:20:00 PM,4/8/2015 2:13:00 PM,Y,Law Enforcement,LAKE WORTH RD,,,,285,West,57TH AVE S,,County,Curb,T-Intersection,N,Daylight,Clear,Dry,N,,Pedalcycle,On Roadway,N,Intersection-Related,None,,,None,,,N,,,,,OFC,Greenacres Public Safety,Police Department (PD),4/11/2015 11:34:00 AM,4/11/2015 11:34:00 AM,3,Y,Bicycle,Bicycle,Injury,Possible Injury,DAY,N,N,N,N,N,Y,Y,N,N,1,1,1,0,0,0,0,0,0,0,0,1,1,0,1,1,0,0,0,0,0,0,,,,N,0,0,Y,0,0,1,0,0,0,1,500,500,0,0,0,Verified,n/a,586102.7696,2944548.7798,26.6191846374737,-80.135075693469
85866868,2015,14-APR-2015 07:54 AM,14-APR-2015 12:00 AM,150414-109572,L,1,3,1,66,Miami-Dade,Miami,Urban,4/14/2015 7:56:00 AM,4/14/2015 7:56:00 AM,4/14/2015 7:56:00 AM,4/14/2015 9:00:00 AM,Y,Law Enforcement,NW 5TH AVE,,,,0,,NW 32ND STREET,,Local,Paved,Four-Way Intersection,N,Daylight,Clear,Dry,N,,Pedalcycle,On Roadway,N,Intersection-Related,None,,,Glare,,,N,,,,,OFC,Miami Police Department,Police Department (PD),4/15/2015 12:22:00 PM,4/15/2015 12:22:00 PM,1,Y,Bicycle,Bicycle,Injury,Possible Injury,DAY,N,N,N,N,N,N,Y,N,N,1,2,2,0,0,0,0,0,0,0,0,2,2,0,1,0,0,0,0,0,0,0,,,,N,0,0,Y,0,0,1,0,1,150,1,50,200,0,0,0,Verified,n/a,579855.1905,2854493.5033,25.8064693043943,-80.2033846356517
85957788,2015,31-MAY-2015 03:39 PM,31-MAY-2015 12:00 AM,2015-00223473,L,1,3,7,46,Orange,Orlando,Urban,5/31/2015 3:39:00 PM,5/31/2015 3:42:00 PM,5/31/2015 3:52:00 PM,5/31/2015 4:45:00 PM,Y,Law Enforcement,W CHURCH ST,2500,,,333,West,,,Private Roadway,Curb,T-Intersection,,Daylight,Clear,Dry,N,Angle,Pedalcycle,On Roadway,N,Non-Junction,None,,,None,,,N,,,,,Ofc.,Orlando Police Department,Police Department (PD),6/9/2015 12:00:00 PM,,9,N,Bicycle,Bicycle,No Injury,No Injury,DAY,N,N,N,N,N,N,N,N,N,3,0,0,0,0,0,0,0,0,0,0,2,2,0,1,0,0,0,0,0,0,0,0,0,0,N,0,0,Y,0,0,0,0,0,0,0,0,0,0,0,0,Preliminary,Computer mapped approximate by address,465677.4475,3157128.867,28.5404997251397,-81.3508462666925
85959750,2015,02-NOV-2015 06:24 AM,02-NOV-2015 12:00 AM,151100027,S,1,2,24,40,St. Lucie,Fort Pierce,Urban,11/2/2015 6:24:00 AM,11/2/2015 6:29:00 AM,11/2/2015 6:30:00 AM,11/2/2015 6:52:00 AM,Y,Motorist,S US HIGHWAY 1,,,,0,,ORANGE AVE,,U.S.,Curb,Four-Way Intersection,N,Daylight,Clear,Dry,N,Front to Front,Pedalcycle,On Roadway,N,Intersection,None,,,None,,,N,,,,,POLICE OFFICER,Fort Pierce Police Department,Police Department (PD),11/4/2015 1:36:00 PM,,2,N,Bicycle,Bicycle,No Injury,No Injury,NIGHT,N,N,N,N,N,N,Y,N,N,2,0,0,0,0,0,0,0,0,0,0,1,1,0,1,0,0,0,0,0,0,0,0,0,0,N,0,0,Y,0,0,2,0,0,0,1,250,250,0,0,0,Preliminary,Computer mapped approximate by address,566601.8382,3036121.7428,27.4469548960674,-80.3260372332724
85975312,2015,15-JUN-2015 09:45 AM,15-JUN-2015 12:00 AM,PD150615220430,L,1,2,1,0,Miami-Dade,Unincorporated,Rural,6/15/2015 9:55:00 AM,6/15/2015 9:56:00 AM,6/15/2015 10:00:00 AM,6/15/2015 10:40:00 AM,Y,Law Enforcement,SW 112TH AVE,23232,,,103,South,,,County,Paved,Not at Intersection,,Daylight,Clear,Dry,N,Angle,Pedalcycle,In Parking Lane or Zone,N,Non-Junction,None,,,None,,,N,,,,,PSA.,Miami-Dade Police Department,Police Department (PD),6/24/2015 11:53:00 AM,,9,Y,Bicycle,Bicycle,Injury,Non-Incapacitating Injury,DAY,N,N,N,N,N,N,N,N,N,1,1,0,1,0,0,0,0,0,0,0,1,1,0,1,0,0,0,0,0,0,0,0,0,0,N,0,0,Y,0,0,0,0,0,0,1,300,300,1,0,0,Preliminary,Computer mapped approximate by address,563077.8862,2826155.023,25.5514015983553,-80.3720842535628
85992732,2015,30-OCT-2015 10:46 PM,30-OCT-2015 12:00 AM,PD151030407916,L,1,3,1,0,Miami-Dade,Unincorporated,Rural,10/30/2015 10:44:00 PM,10/30/2015 10:48:00 PM,10/30/2015 10:53:00 PM,10/30/2015 12:23:00 AM,Y,Law Enforcement,NW 63RD ST,,,,99,North,NW 22ND AVE,,County,Paved,Not at Intersection,,Dark - Lighted,Clear,Dry,N,Front to Rear,Pedalcycle,On Roadway,N,Non-Junction,None,,,None,,,N,,,,,OFC.,Miami-Dade Police Department,Police Department (PD),11/17/2015 1:21:00 PM,11/17/2015 1:21:00 PM,18,Y,Bicycle,Bicycle,Injury,Non-Incapacitating Injury,NIGHT,N,N,N,N,N,N,N,N,N,2,1,0,1,0,0,0,0,0,0,0,1,1,0,1,0,0,1,0,0,0,0,,,,N,0,0,Y,0,0,0,0,0,0,1,700,700,1,0,0,Verified,n/a,576856.0641,2857374.3658,25.8326422379723,-80.2331334663918
86009321,2015,19-NOV-2015 11:00 AM,19-NOV-2015 12:00 AM,15008973,L,1,2,1,38,Miami-Dade,Coral Gables,Urban,11/19/2015 11:01:00 AM,11/19/2015 11:05:00 AM,11/19/2015 11:21:00 AM,11/19/2015 12:46:00 PM,Y,Law Enforcement,STATE ROAD 959 (RED ROAD),,,,0,,LEVANTE AVENUE,,State,Paved,Four-Way Intersection,N,Daylight,Cloudy,Dry,N,Other,Pedalcycle,On Roadway,N,Intersection,None,,,None,,,N,,,,,PO,Coral Gables Police Department,Police Department (PD),1/4/2016 10:36:00 PM,1/4/2016 10:36:00 PM,46,Y,Bicycle,Bicycle,Injury,Non-Incapacitating Injury,DAY,N,N,N,N,N,N,Y,N,N,1,1,0,1,0,0,0,0,0,0,0,1,1,0,1,0,0,0,0,0,0,0,,,,N,0,0,Y,0,0,1,0,0,0,0,0,0,1,0,0,Verified,n/a,571673.6004,2843697.8361,25.709414560464,-80.2855803440565
86059004,2015,26-MAY-2015 06:35 PM,26-MAY-2015 12:00 AM,150526-154717,L,2,2,1,66,Miami-Dade,Miami,Urban,5/26/2015 6:40:00 PM,5/26/2015 6:58:00 PM,5/26/2015 7:07:00 PM,5/26/2015 8:52:00 PM,Y,Law Enforcement,2ND AVE NE,,,,0,,79TH ST NE,,Local,Paved,Not at Intersection,N,Daylight,Clear,Dry,N,"Sideswipe, Same Direction",Motor Vehicle in Transport,On Roadway,N,Other,None,,,None,,,N,,,,,PO,Miami Police Department,Police Department (PD),6/10/2015 12:11:00 PM,6/10/2015 12:11:00 PM,15,Y,Same Direction Sideswipe,Sideswipe,Injury,Non-Incapacitating Injury,DAY,N,N,N,N,N,N,N,Y,N,1,1,0,1,0,0,0,0,0,0,1,1,1,0,1,0,0,0,0,0,0,0,,,,N,0,0,Y,0,0,0,0,0,0,2,700,700,1,0,0,Verified,n/a,580848.5692,2859047.9757,25.8475378139623,-80.1931969970935
86061182,2015,04-JUL-2015 09:35 PM,04-JUL-2015 12:00 AM,150704-196535,L,1,2,1,66,Miami-Dade,Miami,Urban,7/4/2015 9:40:00 PM,7/4/2015 9:40:00 PM,7/4/2015 9:47:00 PM,7/4/2015 10:30:00 PM,Y,Law Enforcement,NW 2 AVE,,,,12,North,NW 26 STREET,,Local,Paved,Not at Intersection,N,Dark - Lighted,Clear,Dry,N,"Sideswipe, Same Direction",Motor Vehicle in Transport,On Roadway,N,Non-Junction,None,,,None,,,N,,,,,PO,Miami Police Department,Police Department (PD),7/6/2015 11:51:00 AM,7/6/2015 11:51:00 AM,2,Y,Single Vehicle,Other,No Injury,No Injury,NIGHT,N,N,N,N,N,Y,N,Y,N,2,0,0,0,0,0,0,0,0,0,0,1,1,0,1,0,0,0,0,0,0,0,,,,N,0,0,Y,0,0,0,0,0,0,0,0,0,0,0,0,Verified,n/a,580287.5244,2853942.7141,25.801472415192,-80.1991055473753
86113799,2015,16-SEP-2015 06:49 AM,16-SEP-2015 12:00 AM,2015-00381014,L,1,2,7,46,Orange,Orlando,Urban,9/16/2015 6:49:00 AM,9/16/2015 6:50:00 AM,9/16/2015 7:01:00 AM,9/16/2015 8:00:00 AM,Y,Law Enforcement,LOWER PARK RD,,,,0,,COMMON WAY RD,,Local,Curb,T-Intersection,,Dark - Lighted,Clear,Dry,N,Angle,Pedalcycle,On Roadway,Y,Intersection,None,,,None,,,N,,,,,Ofc.,Orlando Police Department,Police Department (PD),9/23/2015 12:18:00 PM,9/23/2015 12:18:00 PM,7,Y,Bicycle,Bicycle,Injury,Possible Injury,NIGHT,N,N,N,N,N,N,Y,N,N,1,1,1,0,0,0,0,0,0,0,0,1,1,0,1,1,0,0,0,0,0,0,,,,N,0,0,Y,0,0,0,0,0,0,1,3000,3000,1,0,0,Verified,n/a,467383.6894,3160593.7702,28.5718192971242,-81.3335038034674
86217175,2015,30-SEP-2015 02:36 PM,30-SEP-2015 12:00 AM,2015-09748,L,1,2,18,40,Lee,Fort Myers,Urban,9/30/2015 2:36:00 PM,9/30/2015 2:37:00 PM,9/30/2015 2:42:00 PM,9/30/2015 5:00:00 PM,Y,Law Enforcement,SHOEMAKER BLVD,,,,201,North,HANSON ST,,Local,Paved,Not at Intersection,N,Daylight,Clear,Dry,N,"Sideswipe, Same Direction",Motor Vehicle in Transport,On Roadway,N,Non-Junction,None,,,None,,,N,,,,,OFFICER,Fort Myers Police Department,Police Department (PD),10/3/2015 12:10:00 PM,10/3/2015 12:10:00 PM,3,N,Single Vehicle,Other,No Injury,No Injury,DAY,N,N,N,N,N,N,N,Y,N,2,0,0,0,0,0,0,0,0,0,0,1,1,0,1,0,0,0,0,0,0,0,,,,N,0,0,Y,0,0,0,0,0,0,1,1500,1500,0,0,0,Verified,n/a,416403.1935,2945028.1406,26.623663166026,-81.8397850972233
86225650,2015,24-NOV-2015 09:50 AM,24-NOV-2015 12:00 AM,151124350892,L,2,2,1,66,Miami-Dade,Miami,Urban,11/24/2015 9:56:00 AM,11/24/2015 9:56:00 AM,11/24/2015 9:56:00 AM,11/24/2015 11:20:00 AM,Y,Law Enforcement,NW 17 AVE,,,,101,South,NW 2 ST,,Local,Curb,Not at Intersection,N,Daylight,Clear,Dry,N,,Pedalcycle,On Roadway,N,Non-Junction,None,,,None,,,N,,,,,OFC,Miami Police Department,Police Department (PD),11/26/2015 1:57:00 PM,11/26/2015 1:57:00 PM,2,Y,Bicycle,Bicycle,Injury,Possible Injury,DAY,N,N,N,N,N,Y,N,Y,N,1,1,1,0,0,0,0,0,0,0,0,1,1,0,1,0,0,0,0,0,0,0,,,,N,0,0,Y,0,0,3,0,0,0,1,500,500,1,0,0,Verified,n/a,577924.4384,2850988.1012,25.7749222722962,-80.2228502712566
86227647,2015,25-DEC-2015 10:57 PM,25-DEC-2015 12:00 AM,151225384179,L,1,2,1,66,Miami-Dade,Miami,Urban,12/25/2015 10:57:00 PM,12/25/2015 10:57:00 PM,12/25/2015 11:00:00 PM,12/25/2015 12:30:00 AM,N,Law Enforcement,NW 3RD AVE,,,,51,East,NW 67TH ST,,Local,Paved,Not at Intersection,N,Dark - Lighted,Clear,Dry,N,Unknown,Motor Vehicle in Transport,On Roadway,N,Non-Junction,Unknown,,,None,,,N,,,,,OFC,Miami Police Department,Police Department (PD),12/27/2015 1:36:00 PM,12/27/2015 1:36:00 PM,2,Y,Single Vehicle,Other,Injury,Possible Injury,NIGHT,N,N,N,N,N,Y,N,N,N,0,1,1,0,0,0,0,0,0,0,0,1,1,0,1,0,0,0,0,0,0,0,,,,N,0,0,Y,0,0,0,0,0,0,0,0,0,1,0,0,Verified,n/a,579965.1026,2857780.5686,25.8361428768507,-80.2020893649134
86259977,2015,28-DEC-2015 01:18 PM,28-DEC-2015 12:00 AM,151512001846,L,1,2,10,63,Broward,North Lauderdale,Urban,12/28/2015 1:18:00 PM,12/28/2015 1:18:00 PM,12/28/2015 1:18:00 PM,12/28/2015 1:30:00 PM,Y,Law Enforcement,TAM O SHANTER BLVD,7600 BLK,,,53,East,,,Local,Paved,Not at Intersection,N,Daylight,Clear,Dry,N,Angle,Motor Vehicle in Transport,On Roadway,N,Non-Junction,None,,,None,,,N,,,,,,Broward County Sheriff's Office,Sheriff's Office (SO),1/6/2016 2:05:00 PM,,9,Y,Single Vehicle,Other,Injury,Non-Incapacitating Injury,DAY,N,N,N,N,N,N,N,N,N,1,1,0,1,0,0,0,0,0,0,0,1,1,0,1,0,0,0,0,0,0,0,0,0,0,N,0,0,Y,0,0,0,0,1,115,1,100,215,1,0,0,Preliminary,Computer mapped approximate by address,577154.6138,2899721.0608,26.2149752014833,-80.2276558266467
81465854,2016,25-DEC-2016 11:12 AM,25-DEC-2016 12:00 AM,16169282,L,1,2,6,30,Palm Beach,Belle Glade,Urban,12/25/2016 11:12:00 AM,12/25/2016 11:13:00 AM,12/25/2016 11:19:00 AM,12/25/2016 12:15:00 PM,Y,Law Enforcement,626 SW 7TH ST,,,,499,South,SW AVE F,,Local,Paved,Not at Intersection,N,Daylight,Clear,Dry,N,Other,Motor Vehicle in Transport,On Roadway,N,Non-Junction,None,,,None,,,N,,,,,DEPUTY,Palm Beach County Sheriff's Office,Sheriff's Office (SO),1/30/2017 11:27:00 PM,1/30/2017 11:27:00 PM,36,N,Single Vehicle,Other,No Injury,No Injury,DAY,N,N,N,N,N,N,N,N,N,2,0,0,0,0,0,0,0,0,0,0,1,1,0,1,0,0,0,0,0,0,0,,,,N,0,0,Y,0,0,0,0,0,0,1,1,1,0,0,0,Verified,n/a,532153.3511,2950938.5099,26.679139484936,-80.6768362637802
84103466,2015,09-SEP-2015 03:30 PM,09-SEP-2015 12:00 AM,15-10649,L,1,3,23,34,Bay,Lynn Haven,Urban,9/9/2015 3:35:00 PM,9/9/2015 3:35:00 PM,9/9/2015 3:42:00 PM,9/9/2015 4:15:00 PM,Y,Law Enforcement,MOSLEY DR,,,,501,East,SR 77,,Local,Paved,Not at Intersection,N,Daylight,Clear,Dry,N,Other,Motor Vehicle in Transport,Shoulder,N,Non-Junction,None,,,None,,,N,,,,,OFFICER,Lynn Haven Police Department,Police Department (PD),9/11/2015 12:07:00 PM,9/11/2015 12:07:00 PM,2,Y,Single Vehicle,Other,Injury,Non-Incapacitating Injury,DAY,N,N,N,N,N,Y,N,N,N,0,1,0,1,0,0,0,0,0,0,0,1,1,0,1,0,0,1,0,0,0,0,,,,N,0,0,Y,0,0,0,0,1,0,0,0,0,0,0,0,Verified,n/a,52431.773,3351347.1525,30.2113030647512,-85.6478776953138
84209486,2015,19-OCT-2015 06:00 PM,19-OCT-2015 12:00 AM,201500032737,L,1,2,19,50,Brevard,Rockledge,Urban,10/19/2015 6:00:00 PM,10/19/2015 6:02:00 PM,10/19/2015 6:03:00 PM,10/19/2015 6:54:00 PM,Y,Law Enforcement,LEVITT PARKWAY,,,,0,,KARA CIRCLE,,Local,Unpaved,Not at Intersection,N,Daylight,Clear,Dry,N,"Sideswipe, Same Direction",Motor Vehicle in Transport,On Roadway,N,Non-Junction,None,,,Unknown,,,N,,,,,OFFICER,Rockledge Police Department,Police Department (PD),11/13/2015 10:29:00 PM,,25,Y,Single Vehicle,Other,Injury,Possible Injury,DAY,N,N,N,Y,N,N,N,Y,N,0,2,2,0,0,0,0,0,0,0,0,1,1,0,1,1,0,0,0,0,0,0,0,0,0,N,0,0,Y,0,0,1,0,0,0,1,200,200,1,0,0,Preliminary,Editor Mapped,526893.238,3132171.5976,28.315394692793,-80.7256770892024
84276379,2015,05-JAN-2015 03:00 AM,05-JAN-2015 12:00 AM,20150037,L,1,2,32,52,Indian River,Vero Beach,Urban,1/5/2015 3:03:00 PM,1/5/2015 3:04:00 PM,1/5/2015 3:10:00 PM,1/5/2015 4:30:00 PM,Y,Motorist,US HIGHWAY 1,,,,144,North,17TH STREET,,U.S.,Curb,T-Intersection,Y,Daylight,Clear,Dry,N,Angle,Pedalcycle,Off Roadway,Y,Intersection,None,,,None,,,N,,,,,OFFICER,Vero Beach Police Department,Police Department (PD),1/15/2015 10:35:00 PM,1/15/2015 10:35:00 PM,10,Y,Bicycle,Bicycle,Injury,Possible Injury,NIGHT,N,N,N,N,N,Y,Y,N,N,1,1,1,0,0,0,0,0,0,0,0,1,1,0,1,1,0,0,0,0,0,0,,,,N,0,0,Y,0,0,2,0,1,75,1,300,375,1,0,0,Verified,n/a,560260.5417,3056689.6979,27.6329253419999,-80.3891775596193
84420258,2015,17-OCT-2015 12:32 PM,17-OCT-2015 12:00 AM,201521721,L,1,2,24,50,St. Lucie,Port St. Lucie,Urban,10/17/2015 12:33:00 PM,10/17/2015 12:34:00 PM,10/17/2015 12:36:00 PM,10/17/2015 1:20:00 PM,Y,Motorist,SW EXMORE AVE,449,,,495,East,,,Local,Unpaved,Not at Intersection,Y,Daylight,Clear,Dry,N,Other,Pedestrian,On Roadway,N,Driveway/Alley Access Related,None,,,None,,,N,,,,,POLICE OFFICER,Port St. Lucie Police Department,Police Department (PD),10/21/2015 12:26:00 PM,10/21/2015 12:26:00 PM,4,Y,Pedestrian,Pedestrian,Injury,Non-Incapacitating Injury,DAY,N,N,N,N,N,N,N,N,N,1,1,0,1,0,0,0,0,0,0,0,1,1,0,1,0,0,0,0,0,0,0,,,,N,0,0,Y,0,0,0,0,0,0,0,0,0,0,0,0,Verified,n/a,563181.5462,3020078.3929,27.3022858826147,-80.3614782374429
84481768,2015,09-MAY-2015 10:16 AM,09-MAY-2015 10:52 AM,FHPH15OFF007300,L,1,3,65,60,Wakulla,Sopchoppy,Rural,5/9/2015 10:23:00 AM,5/9/2015 10:25:00 AM,5/9/2015 10:25:00 AM,5/9/2015 11:12:00 AM,Y,Law Enforcement,US 319 (STATE ROAD 375),,30.0654883899314,-84.4658583255187,80,East,ALLEN GREEN ROAD,,U.S.,Unpaved,Not at Intersection,N,Daylight,Clear,Dry,N,"Sideswipe, Same Direction",Pedalcycle,Shoulder,N,Non-Junction,None,,,None,,,N,,,,,TPR,Florida Highway Patrol,Florida Highway Patrol (FHP),5/14/2015 11:27:00 AM,5/14/2015 11:27:00 AM,5,Y,Bicycle,Bicycle,Injury,Non-Incapacitating Injury,DAY,N,N,N,N,N,N,N,Y,N,2,1,0,1,0,0,0,0,0,0,0,1,1,0,1,1,0,1,0,0,0,0,,,,N,0,0,Y,0,0,1,0,0,0,1,300,300,1,0,0,Verified,n/a,167157.0689,3331404.8493,30.0685093220262,-84.4523470353158
84528562,2015,13-FEB-2015 03:35 PM,13-FEB-2015 04:44 PM,FHPD15OFF013040,L,1,2,8,36,Volusia,Deland,Urban,2/13/2015 3:35:00 PM,2/13/2015 3:43:00 PM,2/13/2015 4:25:00 PM,2/13/2015 4:55:00 PM,Y,Law Enforcement,COUNTY ROAD 4114 (W NEW HAMPSHIRE AVENUE),,29.0058783600258,-81.3069000141231,0,,S CLARA AVENUE,,County,Unpaved,Four-Way Intersection,N,Daylight,Clear,Dry,N,Other,Pedalcycle,On Roadway,Y,Intersection,None,,,None,,,N,,,,,TPR.,Florida Highway Patrol,Florida Highway Patrol (FHP),2/15/2015 11:59:00 AM,2/15/2015 11:59:00 AM,2,Y,Bicycle,Bicycle,Injury,Non-Incapacitating Injury,DAY,N,N,N,N,N,N,Y,N,N,1,1,0,1,0,0,0,0,0,0,0,1,1,0,1,1,0,0,0,0,0,0,,,,N,0,0,Y,0,0,0,0,0,0,1,4000,4000,1,0,0,Verified,n/a,470108.3664,3208719.1637,29.0062705718053,-81.3069135763026
84543505,2015,17-JAN-2015 09:45 AM,17-JAN-2015 10:27 AM,FHPF15OFF003359,L,1,3,15,32,Manatee,Bradenton,Rural,1/17/2015 9:51:00 AM,1/17/2015 9:55:00 AM,1/17/2015 10:10:00 AM,1/17/2015 12:57:00 PM,Y,Law Enforcement,41ST STREET EAST,,27.441256877594,-82.5109788668228,0,,DRAKE BLVD,,County,Curb,Four-Way Intersection,N,Daylight,Clear,Dry,N,Front to Front,Pedestrian,On Roadway,N,Intersection,None,,,None,,,N,,,,,TROOPER,Florida Highway Patrol,Florida Highway Patrol (FHP),1/23/2015 12:20:00 PM,1/23/2015 12:20:00 PM,6,Y,Pedestrian,Pedestrian,Serious Injury,Incapacitating Injury,DAY,N,N,N,N,N,N,Y,N,N,2,1,0,0,1,0,0,0,0,0,0,1,1,0,1,0,0,1,0,0,0,0,,,,N,0,0,Y,1,0,1,0,1,100,1,100,200,1,0,0,Verified,n/a,350682.3661,3036213.6764,27.4412231304577,-82.5108278587259
84567877,2015,08-APR-2015 04:31 PM,08-APR-2015 05:17 PM,FHPA15OFF013025,L,1,2,9,0,Escambia,Unincorporated,Rural,4/8/2015 4:31:00 PM,4/8/2015 5:02:00 PM,4/8/2015 6:08:00 PM,4/8/2015 7:11:00 PM,Y,Law Enforcement,DELUNA DR,,30.4168,-87.28781,84,South,SR-298A (W JACKSON ST),,Local,Curb,Not at Intersection,N,Daylight,Clear,Dry,N,"Sideswipe, Opposite Direction",Motor Vehicle in Transport,On Roadway,N,Non-Junction,None,,,None,,,N,,,,,TROOPER,Florida Highway Patrol,Florida Highway Patrol (FHP),4/9/2015 2:38:00 PM,4/9/2015 2:38:00 PM,1,N,Single Vehicle,Other,No Injury,No Injury,DAY,N,N,N,N,N,N,N,Y,N,2,0,0,0,0,0,0,0,0,0,0,1,1,0,1,0,0,0,0,0,0,0,,,,N,0,0,Y,0,0,0,0,0,0,1,500,500,0,0,0,Verified,n/a,-104475.0121,3381957.9112,30.4181583425026,-87.2877497823335
84570877,2015,21-FEB-2015 02:14 PM,21-FEB-2015 03:34 PM,FHPB15OFF004067,L,1,2,14,32,Marion,Dunnellon,Rural,2/21/2015 2:19:00 PM,2/21/2015 2:27:00 PM,2/21/2015 3:13:00 PM,2/21/2015 4:51:00 PM,Y,Law Enforcement,SW 230 AVE RD,,29.0533542808662,-82.5018906236419,0,,SW 117 ST,,Local,Unpaved,Other,N,Daylight,Clear,Dry,N,Other,Pedalcycle,On Roadway,N,Intersection,None,,,None,,,N,,,,,TPR,Florida Highway Patrol,Florida Highway Patrol (FHP),2/25/2015 1:16:00 PM,2/25/2015 1:16:00 PM,4,Y,Bicycle,Bicycle,Serious Injury,Incapacitating Injury,DAY,N,N,N,Y,N,N,Y,N,N,1,1,0,0,1,0,0,0,0,0,0,1,1,0,1,1,0,0,0,0,0,0,,,,N,0,0,Y,1,0,1,0,0,0,0,0,0,1,0,0,Verified,n/a,353765.1121,3214802.6018,29.0531265635294,-82.5020630977559
84717508,2015,25-JAN-2015 03:20 PM,25-JAN-2015 12:00 AM,201500014050,S,1,2,32,0,Indian River,Unincorporated,Rural,1/25/2015 3:20:00 PM,1/25/2015 3:22:00 PM,1/25/2015 3:22:00 PM,1/25/2015 3:55:00 PM,Y,Law Enforcement,9TH STREET,2700,,,,,,,Other,Paved,Four-Way Intersection,N,Daylight,Clear,Dry,N,Other,Motor Vehicle in Transport,On Roadway,,Unknown,None,,,None,,,N,,,,,,Indian River County Sheriff's Office,Sheriff's Office (SO),3/13/2015 10:55:00 PM,,47,N,Single Vehicle,Other,Injury,Possible Injury,DAY,N,N,N,N,N,N,N,N,N,1,1,1,0,0,0,0,0,0,0,0,1,1,0,1,1,0,0,0,0,0,0,0,0,0,N,0,0,Y,0,0,0,0,0,0,1,1,1,0,0,0,Preliminary,Computer plot approximate by lat/long,,,,
84723913,2015,02-MAY-2015 07:00 PM,02-MAY-2015 12:00 AM,15-400737,L,2,2,38,42,Monroe,Key West,Urban,5/2/2015 7:04:00 PM,5/2/2015 7:05:00 PM,5/2/2015 7:10:00 PM,5/2/2015 7:38:00 PM,Y,Law Enforcement,OLIVIA ST,,,,49,East,WINDSOR LN,,Local,Curb,Not at Intersection,N,Daylight,Clear,Dry,N,,Pedalcycle,On Roadway,N,Non-Junction,None,,,None,,,N,,,,,OFC,Key West Police Department,Police Department (PD),5/4/2015 11:38:00 AM,5/4/2015 11:38:00 AM,2,Y,Bicycle,Bicycle,No Injury,No Injury,NIGHT,N,N,N,N,N,Y,N,N,N,1,0,0,0,0,0,0,0,0,0,0,1,1,0,1,0,0,0,0,0,0,0,,,,N,0,0,Y,0,0,0,0,0,0,1,50,50,0,0,0,Verified,n/a,419394.8134,2715847.5771,24.55445732542,-81.7959221432945
84752891,2015,11-MAY-2015 10:40 PM,11-MAY-2015 12:00 AM,121505001414,L,1,1,10,64,Broward,Oakland Park,Urban,5/11/2015 10:44:00 PM,5/11/2015 10:47:00 PM,5/11/2015 10:51:00 PM,5/11/2015 11:58:00 PM,N,Law Enforcement,NW 9TH AV,,,,2,South,W OAKLAND PARK BLVD,,County,Paved,Not at Intersection,Y,Dark - Lighted,Clear,Dry,N,Unknown,Motor Vehicle in Transport,On Roadway,N,Non-Junction,None,,,None,,,N,,,,,,Broward County Sheriff's Office,Sheriff's Office (SO),9/18/2015 12:08:00 PM,9/18/2015 12:08:00 PM,130,Y,Single Vehicle,Other,Fatality,Fatal (within 30 days),NIGHT,N,N,N,N,N,Y,N,N,N,0,0,0,0,0,1,1,0,0,0,0,1,1,0,0,0,0,0,0,0,0,0,,,,N,0,0,Y,0,1,0,0,0,0,0,0,0,1,0,0,Verified,n/a,584490.7289,2894356.3587,26.1661260823377,-80.1545746406493
84770225,2015,14-APR-2015 09:30 AM,14-APR-2015 12:00 AM,331504053152,L,1,2,10,44,Broward,Hollywood,Urban,4/14/2015 9:30:00 AM,4/14/2015 10:05:00 AM,4/14/2015 10:10:00 AM,4/14/2015 10:30:00 AM,Y,Law Enforcement,HOLLYWOOD BLVD,2835,,,364,West,,,Other,Paved,Not at Intersection,N,Daylight,Clear,Dry,N,Angle,Motor Vehicle in Transport,Off Roadway,N,Driveway/Alley Access Related,None,,,None,,,N,,,,,OFFICER,Hollywood Police Department,Police Department (PD),4/28/2015 12:21:00 PM,4/28/2015 12:21:00 PM,14,Y,Single Vehicle,Other,Injury,Possible Injury,DAY,N,N,N,N,N,N,N,N,N,1,1,1,0,0,0,0,0,0,0,0,1,1,0,1,0,0,0,0,0,0,0,,,,N,0,0,Y,0,0,0,0,1,100,1,100,200,0,0,0,Verified,n/a,583618.7111,2877174.1442,26.011042541778,-80.1644020511804
84771742,2015,04-JUL-2015 11:39 PM,11-JAN-2016 12:00 AM,331507092330,L,1,4,10,44,Broward,Hollywood,Urban,7/4/2015 11:39:00 PM,7/4/2015 12:01:00 AM,7/4/2015 12:26:00 AM,7/4/2015 1:46:00 AM,Y,Law Enforcement,WASHINGTON ST,,,,300,East,S SR 7,,Local,Unpaved,Not at Intersection,Y,Dark - Not Lighted,Clear,Dry,N,Angle,Pedalcycle,On Roadway,N,Driveway/Alley Access Related,None,,,None,,,N,,,,,COMMUNITY SERVICE OFFICER,Hollywood Police Department,Police Department (PD),1/13/2016 1:59:00 PM,1/13/2016 1:59:00 PM,193,Y,Bicycle,Bicycle,Injury,Non-Incapacitating Injury,NIGHT,N,N,N,N,N,N,N,N,N,3,1,0,1,0,0,0,0,0,0,0,2,2,0,1,0,0,1,0,0,0,0,,,,N,0,0,Y,0,0,5,0,2,200,1,1000,1200,1,0,0,Verified,n/a,579416.3047,2876216.8834,26.0026360442803,-80.2064512996309
84792837,2015,14-JUN-2015 10:57 AM,14-JUN-2015 11:41 AM,2015TA006299,L,1,2,17,60,Seminole,Sanford,Urban,6/14/2015 10:57:00 AM,6/14/2015 10:58:00 AM,6/14/2015 11:00:00 AM,6/14/2015 11:30:00 AM,Y,Motorist,LAKE MARY BLVD E,,,,0,West,HIDDEN LAKE DRIVE,,Local,Paved,T-Intersection,,Daylight,Clear,Dry,N,Other,Motor Vehicle in Transport,On Roadway,N,Non-Junction,None,,,None,,,N,,,,,Off.,Sanford Police Department,Police Department (PD),6/19/2015 11:37:00 AM,6/19/2015 11:37:00 AM,5,Y,Single Vehicle,Other,Injury,Non-Incapacitating Injury,DAY,N,N,N,N,N,N,N,Y,N,1,1,0,1,0,0,0,0,0,0,0,1,1,0,1,0,0,0,0,0,0,0,,,,N,0,0,Y,0,0,0,0,0,0,1,100,100,0,0,0,Verified,n/a,471320.8428,3181160.0008,28.7575492009392,-81.293763819014
84800669,2015,28-APR-2015 04:29 PM,28-APR-2015 12:00 AM,201501380,L,1,4,4,68,Pinellas,Tarpon Springs,Urban,4/28/2015 4:29:00 PM,4/28/2015 4:29:00 PM,4/28/2015 4:29:00 PM,4/28/2015 4:31:00 PM,Y,Law Enforcement,US 19 N,,,,0,,KLOSTERMAN RD E,,U.S.,Paved,Four-Way Intersection,N,Daylight,Clear,Dry,N,Angle,Motor Vehicle in Transport,On Roadway,N,Non-Junction,None,,,None,,,N,,,,,OFFICER,Tarpon Springs Police Department,Police Department (PD),5/1/2015 11:37:00 AM,5/1/2015 11:37:00 AM,3,Y,Single Vehicle,Other,Injury,Non-Incapacitating Injury,DAY,N,N,N,N,N,N,N,N,N,3,1,0,1,0,0,0,0,0,0,0,1,1,0,1,0,0,2,0,0,0,0,,,,N,0,0,Y,0,0,0,0,0,0,1,150,150,0,0,0,Verified,n/a,329084.6572,3112037.2461,28.1228715219276,-82.7401415012077
84819915,2015,02-DEC-2015 04:25 PM,02-DEC-2015 04:55 PM,15-776686,L,1,3,3,0,Hillsborough,Unincorporated,Rural,12/2/2015 4:27:00 PM,12/2/2015 4:30:00 PM,12/2/2015 4:45:00 PM,12/2/2015 5:16:00 PM,Y,Law Enforcement,KINGSWAY RD,,,,0,,SLIGH AV,,County,Paved,T-Intersection,N,Daylight,Cloudy,Dry,N,Other,Pedalcycle,On Roadway,N,Intersection,None,,,None,,,N,,,,,DEP,Hillsborough County Sheriff's Office,Sheriff's Office (SO),12/4/2015 1:52:00 PM,12/4/2015 1:52:00 PM,2,Y,Bicycle,Bicycle,Injury,Possible Injury,DAY,N,N,N,Y,N,N,Y,N,N,1,2,2,0,0,0,0,0,0,0,0,2,2,0,1,0,0,0,0,0,0,0,,,,N,0,0,Y,0,0,0,0,0,0,1,750,750,2,0,0,Verified,n/a,374376.7748,3099438.8817,28.0142496162531,-82.2777732980093
84882369,2015,26-APR-2015 05:53 PM,26-APR-2015 06:40 PM,FHPD15OFF037696,S,1,1,7,46,Orange,Orlando,Rural,4/26/2015 5:57:00 PM,4/26/2015 6:02:00 PM,4/26/2015 6:25:00 PM,4/26/2015 6:51:00 PM,Y,Law Enforcement,BRIERCREST TRL,,28.5067059758838,-81.0852404117033,98,,VILLAGE PINE TER,,Local,Curb,Not at Intersection,N,Daylight,Clear,Dry,N,Front to Rear,Parked Motor Vehicle,On Roadway,N,Non-Junction,None,,,None,,,N,,,,,TROOPER,Florida Highway Patrol,Florida Highway Patrol (FHP),5/3/2015 11:40:00 AM,,7,N,Single Vehicle,Other,No Injury,No Injury,DAY,N,N,N,N,N,N,N,N,N,1,0,0,0,0,0,0,0,0,0,0,1,1,0,0,0,0,0,0,0,0,0,0,0,0,N,0,0,Y,0,0,0,0,1,25,1,500,525,0,0,0,Preliminary,Editor Mapped,491440.0782,3153365.9152,28.5069581043998,-81.0874723933043
85042096,2015,27-FEB-2015 10:57 PM,27-FEB-2015 12:00 AM,150000006112,S,1,4,20,50,St. Johns,St. Augustine,Urban,2/27/2015 10:57:00 PM,2/27/2015 10:57:00 PM,2/27/2015 11:01:00 PM,2/27/2015 11:58:00 PM,Y,Law Enforcement,ANASTASIA BLVD,MATANZAS BLVD,,,0,,,,Local,Curb,Four-Way Intersection,N,Dark - Lighted,Clear,Dry,N,Front to Front,Pedalcycle,On Roadway,Y,,None,,,None,,,N,,,,,PATROL,St. Augustine Police Department,Police Department (PD),3/5/2015 12:37:00 PM,,6,N,Bicycle,Bicycle,No Injury,No Injury,NIGHT,N,N,N,N,N,N,N,Y,N,4,0,0,0,0,0,0,0,0,0,0,3,1,0,1,0,0,0,0,0,0,0,0,0,0,N,0,0,Y,0,0,1,0,0,0,1,500,500,0,0,1,Preliminary,Computer mapped approximate by address,471270.9163,3306743.9175,29.8909943316229,-81.2975468673515
85095973,2015,14-FEB-2015 07:04 PM,14-FEB-2015 12:00 AM,15-008399,L,1,2,16,50,Sarasota,Sarasota,Urban,2/14/2015 7:04:00 PM,2/14/2015 7:04:00 PM,2/14/2015 7:06:00 PM,2/14/2015 12:21:00 AM,Y,Law Enforcement,SR 45,,,,0,,15TH ST,,State,Curb,T-Intersection,Y,Dark - Lighted,Clear,Dry,N,Other,Pedalcycle,On Roadway,Y,Intersection,None,,,None,,,N,,,,,OFC.,Sarasota Police Department,Police Department (PD),6/1/2015 11:51:00 AM,6/1/2015 11:51:00 AM,107,Y,Bicycle,Bicycle,Fatality,Fatal (within 30 days),NIGHT,N,Y,N,N,Y,N,Y,N,N,1,0,0,0,0,1,1,0,0,0,0,1,1,0,1,0,0,0,0,0,0,0,,,,N,0,0,Y,0,1,0,0,0,0,1,5000,5000,0,0,0,Verified,n/a,346989.3688,3026310.8812,27.3514424937497,-82.5469387313873
85163318,2015,08-AUG-2015 06:21 PM,08-AUG-2015 09:58 PM,FHPD15OFF072179,L,1,1,7,46,Orange,Orlando,Rural,8/8/2015 6:21:00 PM,8/8/2015 8:03:00 PM,8/8/2015 8:22:00 PM,8/8/2015 8:40:00 PM,Y,Law Enforcement,TANDORI CIR,,28.3852099989615,-81.4151250040174,30,East,LEEKS CT,,Local,Unpaved,Not at Intersection,N,Daylight,Clear,Dry,N,Other,Other Non-Collision,On Roadway,N,Non-Junction,None,,,None,,,N,,,,,TROOPER,Florida Highway Patrol,Florida Highway Patrol (FHP),8/21/2015 11:45:00 AM,8/21/2015 11:45:00 AM,13,Y,Single Vehicle,Other,Injury,Non-Incapacitating Injury,DAY,N,N,N,N,N,N,N,N,N,0,1,0,1,0,0,0,0,0,1,0,1,1,0,0,0,0,0,0,0,0,0,,,,N,0,0,Y,0,0,0,0,1,50,1,50,100,1,0,0,Verified,n/a,459485.8118,3139943.6998,28.3852004136133,-81.4135318667607
85230470,2015,15-DEC-2015 08:16 AM,15-DEC-2015 08:40 AM,FHPD15OFF115982,L,1,3,7,46,Orange,Orlando,Urban,12/15/2015 8:16:00 AM,12/15/2015 8:20:00 AM,12/15/2015 8:31:00 AM,12/15/2015 9:26:00 AM,Y,Law Enforcement,CAMELLIA GARDEN DRIVE,,28.51563,-81.28981,10,North,STATE ROAD 552 (CURRY FORD ROAD),,Private Roadway,Curb,Not at Intersection,N,Daylight,Clear,Dry,N,Other,Pedalcycle,On Roadway,N,Driveway/Alley Access Related,None,,,None,,,N,,,,,TROOPER,Florida Highway Patrol,Florida Highway Patrol (FHP),12/18/2015 2:47:00 PM,,3,Y,Bicycle,Bicycle,Injury,Possible Injury,DAY,N,N,N,N,N,N,N,N,N,1,2,2,0,0,0,0,0,0,0,0,2,2,0,1,0,0,0,0,0,0,0,0,0,0,N,0,0,Y,0,0,1,0,1,100,1,50,150,0,0,0,Preliminary,Computer mapped approximate by address,470855.3693,3154732.0862,28.5189916704122,-81.2978571871454
85684516,2015,28-JUN-2015 03:08 PM,28-JUN-2015 12:00 AM,15-28444,L,1,2,6,34,Palm Beach,Boynton Beach,Urban,6/28/2015 3:08:00 PM,6/28/2015 3:08:00 PM,6/28/2015 3:15:00 PM,6/28/2015 4:00:00 PM,Y,Law Enforcement,NW 6TH AVE,,,,0,North,NW 4TH ST,,Local,Curb,Four-Way Intersection,N,Daylight,Clear,Dry,N,Angle,Motor Vehicle in Transport,On Roadway,N,Non-Junction,None,,,None,,,N,,,,,OFC,Boynton Beach Police Department,Police Department (PD),6/30/2015 12:02:00 PM,6/30/2015 12:02:00 PM,2,Y,Single Vehicle,Other,Injury,Non-Incapacitating Injury,DAY,N,N,N,N,N,N,N,N,N,1,1,0,1,0,0,0,0,0,0,0,1,1,0,1,0,0,0,0,0,0,0,,,,N,0,0,Y,0,0,0,0,1,100,1,1000,1100,1,0,0,Verified,n/a,591770.4239,2927964.067,26.4691002740353,-80.0793446643848
85792176,2015,27-OCT-2015 04:09 PM,27-OCT-2015 12:00 AM,15-11627,S,1,2,42,53,Martin,Palm City,Urban,10/27/2015 4:09:00 PM,,,,,Law Enforcement,MAPP RD SW,3239,,,,,,,Parking Lot,,Not at Intersection,N,Daylight,Clear,Dry,,Front to Front,Motor Vehicle in Transport,Roadside,,Non-Junction,None,,,,,,N,,,,,D/S,Martin County Sheriff's Office,Sheriff's Office (SO),10/30/2015 1:10:00 PM,,3,N,Single Vehicle,Other,No Injury,No Injury,DAY,N,N,N,N,N,N,N,Y,N,0,0,0,0,0,0,0,0,0,0,0,1,1,0,1,0,0,0,0,0,0,0,0,0,0,N,0,0,Y,0,0,0,0,1,500,0,0,500,0,0,0,Unmapped,Unmapped,,,,
85822962,2015,31-JUL-2015 04:58 PM,31-JUL-2015 05:09 PM,521887,L,1,2,2,38,Duval,Jacksonville,Urban,7/31/2015 4:58:00 PM,7/31/2015 4:59:00 PM,7/31/2015 5:05:00 PM,7/31/2015 6:00:00 PM,Y,Law Enforcement,EDGEWOOD AVE N,600,30.3276898,-81.7309485,0,,5000 DOOLITTLE RD,,State,Curb,T-Intersection,N,Daylight,Clear,Dry,N,Angle,Motor Vehicle in Transport,On Roadway,Y,Intersection,None,,,None,,,N,,,,,OFFICER,Jacksonville Sheriff's Office,Sheriff's Office (SO),8/4/2015 11:53:00 AM,8/4/2015 11:53:00 AM,4,Y,Single Vehicle,Other,Injury,Possible Injury,DAY,N,N,N,N,N,N,Y,N,N,1,1,1,0,0,0,0,0,0,0,0,1,1,0,1,0,0,0,0,0,0,0,,,,N,0,0,Y,0,0,2,0,1,100,1,1000,1100,1,0,0,Verified,n/a,429750.149,3355439.0447,30.3287354209007,-81.7307834445113
85828586,2015,10-OCT-2015 11:35 AM,10-OCT-2015 12:00 AM,15-16115,L,1,2,6,42,Palm Beach,Greenacres,Urban,10/10/2015 11:41:00 AM,10/10/2015 11:45:00 AM,10/10/2015 11:50:00 AM,10/10/2015 1:06:00 PM,Y,Law Enforcement,LAKE WORTH RD,,,,462,West,MILITARY TRL S,,State,Curb,T-Intersection,N,Daylight,Clear,Dry,N,,Pedalcycle,In Parking Lane or Zone,N,Intersection,None,,,None,,,N,,,,,OFC,Greenacres Public Safety,Police Department (PD),10/14/2015 12:12:00 PM,10/14/2015 12:12:00 PM,4,Y,Bicycle,Bicycle,Injury,Possible Injury,DAY,N,N,N,N,N,N,Y,N,N,1,1,1,0,0,0,0,0,0,0,0,1,1,0,1,0,0,0,0,0,0,0,,,,N,0,0,Y,0,0,0,0,0,0,1,100,100,1,0,0,Verified,n/a,588100.1144,2944493.34,26.618560737821,-80.115017609972
85831160,2015,03-MAY-2015 04:00 PM,03-MAY-2015 12:00 AM,341505070855,L,1,1,10,38,Broward,Fort Lauderdale,Urban,5/3/2015 7:00:00 PM,5/3/2015 7:15:00 PM,5/3/2015 8:15:00 PM,5/3/2015 9:25:00 PM,N,Law Enforcement,NE 62ND STREET,,,,9,West,NE 18TH AV,,County,Paved,Four-Way Intersection,N,Daylight,Clear,Dry,N,Other,Pedalcycle,On Roadway,N,Non-Junction,None,None,,None,None,,N,,,,,OFFICER,Fort Lauderdale Police Department,Police Department (PD),5/6/2015 11:59:00 AM,5/6/2015 11:59:00 AM,3,Y,Bicycle,Bicycle,No Injury,No Injury,DAY,N,N,N,N,N,Y,N,N,N,1,0,0,0,0,0,0,0,0,0,0,1,1,0,0,0,0,0,0,0,0,0,,,,N,0,0,Y,0,0,0,0,0,0,0,0,0,1,0,0,Verified,n/a,587616.1696,2898539.8198,26.2037097224727,-80.1230212188213
85876947,2015,23-MAR-2015 09:00 PM,25-MAR-2015 12:00 AM,2015-014837,L,2,2,4,64,Pinellas,St. Petersburg,Urban,3/23/2015 9:10:00 PM,3/23/2015 9:15:00 PM,3/23/2015 9:20:00 PM,3/23/2015 9:35:00 PM,Y,Law Enforcement,FL-687,5004,27.817761,-82.638833,,,,,Parking Lot,Curb,Not at Intersection,N,Dark - Lighted,Clear,Dry,N,Angle,Motor Vehicle in Transport,Off Roadway,N,Non-Junction,None,,,None,,,N,,,,,OFFICER,St. Petersburg Police Department,Police Department (PD),3/29/2015 12:18:00 PM,,6,Y,Parked Vehicle,Other,No Injury,No Injury,NIGHT,N,N,N,N,N,Y,N,Y,N,2,0,0,0,0,0,0,0,0,0,0,1,1,0,1,0,0,0,0,0,0,0,,,,N,0,0,Y,0,0,0,0,0,0,1,2000,2000,0,0,0,Preliminary,Computer plot approximate by lat/long,338583.3608,3078092.023,27.8177560964379,-82.6388294764443
85880124,2015,26-MAY-2015 04:55 PM,26-MAY-2015 12:00 AM,15-004801,L,1,3,19,46,Brevard,Palm Bay,Urban,5/26/2015 5:05:00 PM,5/26/2015 5:07:00 PM,5/26/2015 5:22:00 PM,5/26/2015 5:42:00 PM,Y,Law Enforcement,GLENCOVE AVE NW,,,,3,South,EMERSON DR NE,,Local,Paved,Four-Way Intersection,N,Daylight,Clear,Dry,N,Front to Front,Motor Vehicle in Transport,On Roadway,N,Intersection-Related,None,,,None,,,N,,,,,OFFICER,Palm Bay Police Department,Police Department (PD),5/28/2015 11:33:00 AM,5/28/2015 11:33:00 AM,2,Y,Single Vehicle,Other,Injury,Non-Incapacitating Injury,DAY,N,N,N,N,N,Y,Y,N,N,0,2,1,1,0,0,0,0,0,0,0,2,2,0,1,0,0,0,0,0,0,0,,,,N,0,0,Y,0,0,0,0,1,50,0,0,50,0,0,2,Verified,n/a,528178.4154,3100779.2852,28.0319907218185,-80.7133243027836
85882773,2015,29-MAY-2015 02:00 PM,29-MAY-2015 12:00 AM,15-222289,L,1,2,18,0,Lee,Unincorporated,Rural,5/29/2015 2:03:00 PM,5/29/2015 2:05:00 PM,5/29/2015 2:18:00 PM,5/29/2015 2:28:00 PM,Y,Law Enforcement,WINDRUSH CT,,,,0,North,PONDELLA RD,,Local,Curb,T-Intersection,N,Daylight,Clear,Dry,N,,Pedestrian,Off Roadway,N,Non-Junction,None,,,None,,,N,,,,,DEPUTY,Lee County Sheriff's Office,Sheriff's Office (SO),5/30/2015 11:37:00 AM,5/30/2015 11:37:00 AM,1,Y,Pedestrian,Pedestrian,Injury,Possible Injury,DAY,N,N,N,N,N,N,N,N,N,1,1,1,0,0,0,0,0,0,0,0,1,1,0,1,0,0,0,0,0,0,0,,,,N,0,0,Y,0,0,0,0,0,0,1,100,100,1,0,0,Verified,n/a,408590.6062,2949924.3096,26.6673802569555,-81.9186135829441
85954397,2015,30-NOV-2015 01:25 PM,30-NOV-2015 12:00 AM,CW15-168849,S,1,2,4,36,Pinellas,Clearwater,Urban,11/30/2015 1:28:00 PM,11/30/2015 1:30:00 PM,11/30/2015 1:38:00 PM,11/30/2015 2:20:00 PM,Y,Law Enforcement,SUNSET POINT RD,,,,,,PINELLAS TRAIL,,Local,Curb,Four-Way Intersection,N,,,,,,,,,,,,,,,,N,,,,,PST,Clearwater Police Department,Police Department (PD),12/8/2015 2:41:00 PM,,8,Y,Single Vehicle,Other,No Injury,No Injury,DAY,N,N,N,N,N,N,N,N,N,2,0,0,0,0,0,0,0,0,0,0,1,1,0,1,0,0,0,0,0,0,0,0,0,0,N,0,0,Y,0,0,0,0,0,0,1,100,100,0,0,0,Unmapped,Unmapped,,,,
85961769,2015,11-SEP-2015 07:37 PM,11-SEP-2015 12:00 AM,15-402693,L,1,2,10,31,Broward,Coral Springs,Urban,9/11/2015 7:37:00 PM,9/11/2015 7:41:00 PM,9/11/2015 7:57:00 PM,9/11/2015 9:00:00 PM,Y,Law Enforcement,WESTVIEW DR,9877,,,,,,,Parking Lot,Curb,Not at Intersection,N,Daylight,Clear,Dry,N,Other,Motor Vehicle in Transport,Off Roadway,N,Non-Junction,None,,,None,,,N,,,,,TAI,Coral Springs Police Department,Police Department (PD),9/15/2015 11:57:00 AM,,4,Y,Single Vehicle,Other,Injury,Possible Injury,NIGHT,N,N,N,N,N,Y,N,N,N,1,1,1,0,0,0,0,0,0,0,0,1,1,0,1,0,1,0,0,0,0,0,0,0,0,N,0,0,Y,0,0,0,0,0,0,0,0,0,0,0,0,Preliminary,Computer plot approximate by lat/long,574245.1857,2908896.5381,26.2979720104062,-80.2562507489572
86077358,2015,09-JUN-2015 08:28 AM,09-JUN-2015 12:00 AM,2015-029828,L,1,2,4,64,Pinellas,St. Petersburg,Urban,6/9/2015 8:28:00 AM,6/9/2015 8:31:00 AM,6/9/2015 8:33:00 AM,6/9/2015 9:30:00 AM,Y,Law Enforcement,49TH ST N,,27.799216,-82.700003,0,,30TH AVE N,,Local,Paved,Four-Way Intersection,N,Daylight,Clear,Dry,N,Angle,Motor Vehicle in Transport,On Roadway,N,Intersection,None,,,None,,,N,,,,,OFFICER,St. Petersburg Police Department,Police Department (PD),6/12/2015 11:46:00 AM,6/12/2015 11:46:00 AM,3,Y,Single Vehicle,Other,Injury,Non-Incapacitating Injury,DAY,N,N,N,N,N,N,Y,N,N,1,1,0,1,0,0,0,0,0,0,0,1,1,0,1,0,0,0,0,0,0,0,,,,N,0,0,Y,0,0,1,0,0,0,1,300,300,0,0,0,Verified,n/a,332525.4225,3076101.3665,27.7990497382853,-82.7000330635072
86104038,2015,17-AUG-2015 07:00 AM,17-AUG-2015 12:00 AM,2015TA008526,S,1,2,17,0,Seminole,Unincorporated,Rural,8/17/2015 8:15:00 AM,8/17/2015 9:22:00 AM,8/17/2015 9:22:00 AM,8/17/2015 10:00:00 AM,Y,Law Enforcement,GREEN WAY BLVD,,,,30,North,QUEENSBRIDGE DR,,County,Curb,T-Intersection,,Daylight,Clear,Dry,N,Other,Pedalcycle,On Roadway,N,Non-Junction,None,,,None,,,N,,,,,Dep.,Seminole County Sheriff's Office,Sheriff's Office (SO),9/1/2015 1:08:00 PM,,15,Y,Bicycle,Bicycle,Injury,Possible Injury,DAY,N,N,N,N,N,N,N,N,N,1,1,1,0,0,0,0,0,0,0,0,1,1,0,1,0,0,0,0,0,0,0,0,0,0,N,0,0,Y,0,0,0,0,2,600,1,500,1100,0,0,0,Preliminary,Editor Mapped,466062.4004,3178615.4833,28.734454211222,-81.3475498460333
86107646,2015,28-DEC-2015 12:48 AM,28-DEC-2015 12:00 AM,15-89720,L,1,2,16,0,Sarasota,Unincorporated,Rural,12/28/2015 12:48:00 AM,12/28/2015 12:48:00 AM,12/28/2015 12:55:00 AM,12/28/2015 2:15:00 AM,Y,Law Enforcement,MIDNIGHT PASS RD,6200 BLK,,,6,North,MIDNIGHT PASS RD,,County,Paved,Not at Intersection,Y,Dark - Lighted,Clear,Dry,N,Front to Rear,Motor Vehicle in Transport,On Roadway,N,Non-Junction,None,,,None,,,N,,,,,DEPUTY,Sarasota County Sheriff's Office,Sheriff's Office (SO),1/1/2016 2:10:00 PM,1/1/2016 2:10:00 PM,4,Y,Single Vehicle,Other,Injury,Non-Incapacitating Injury,NIGHT,N,N,N,N,N,Y,N,N,N,1,1,0,1,0,0,0,0,0,0,0,1,1,0,1,0,0,0,0,0,0,0,,,,N,0,0,Y,0,0,1,0,0,0,1,500,500,1,0,0,Verified,n/a,347794.2343,3015850.0528,27.2571240663167,-82.5375021470721
86256987,2015,21-NOV-2015 09:30 PM,22-NOV-2015 12:00 AM,171511000590,L,1,3,10,71,Broward,Parkland,Urban,11/21/2015 10:36:00 PM,11/21/2015 10:48:00 PM,11/21/2015 10:53:00 PM,11/21/2015 12:30:00 AM,Y,Law Enforcement,HOLMBERG RD,,,,0,East,NW 57TH WAY,,Local,Unpaved,Four-Way Intersection,N,Dark - Not Lighted,Rain,Wet,N,Other,Pedestrian,On Roadway,N,Non-Junction,None,,,Weather Conditions,,,N,,,,,,Broward County Sheriff's Office,Sheriff's Office (SO),11/23/2015 1:38:00 PM,11/23/2015 1:38:00 PM,2,Y,Pedestrian,Pedestrian,Injury,Non-Incapacitating Injury,NIGHT,N,N,N,N,N,N,N,N,N,2,1,0,1,0,0,0,0,0,0,0,1,1,0,1,0,0,1,0,0,0,0,,,,N,0,0,Y,0,0,0,0,0,0,1,500,500,0,0,1,Verified,n/a,579404.5479,2910457.75,26.3117903566782,-80.2044746014678
86292644,2015,18-DEC-2015 02:34 AM,18-DEC-2015 12:00 AM,20150021442,L,2,2,6,94,Palm Beach,West Palm Beach,Urban,12/18/2015 2:34:00 AM,12/18/2015 2:38:00 AM,12/18/2015 2:40:00 AM,12/18/2015 4:11:00 AM,Y,Motorist,OKEECHOBEE BLVD,,,,0,,PALM BEACH LAKES BLVD,,State,Paved,Four-Way Intersection,Y,Dark - Lighted,Clear,Dry,N,Other,Pedalcycle,On Roadway,N,Intersection,None,,,None,,,N,,,,,MASTER POLICE OFFICER,West Palm Beach Police Department,Police Department (PD),12/24/2015 2:23:00 PM,12/24/2015 2:23:00 PM,6,Y,Bicycle,Bicycle,Serious Injury,Incapacitating Injury,NIGHT,N,N,N,N,N,N,Y,N,N,1,1,0,0,1,0,0,0,0,0,0,1,1,0,1,0,0,0,0,0,0,0,,,,N,0,0,Y,1,0,0,0,0,0,2,10100,10100,1,0,0,Verified,n/a,589499.7928,2954279.39,26.7068201546923,-80.10026626123
81443557,2016,28-APR-2016 07:07 PM,28-APR-2016 12:00 AM,16070091,S,1,2,6,0,Palm Beach,Unincorporated,Rural,4/28/2016 7:19:00 AM,4/28/2016 7:21:00 AM,4/28/2016 7:32:00 AM,4/28/2016 8:05:00 PM,Y,Motorist,WINDING ROSE WAY,1051,,,664,North,,,Local,Curb,Other,N,Daylight,Clear,Dry,N,Other,Motor Vehicle in Transport,On Roadway,,Acceleration/Deceleration Lane,None,,,None,,,N,,,,,DS,Palm Beach County Sheriff's Office,Sheriff's Office (SO),8/12/2016 11:43:00 PM,,106,N,Single Vehicle,Other,No Injury,No Injury,NIGHT,N,N,N,N,N,N,N,N,N,2,0,0,0,0,0,0,0,0,0,0,1,1,0,1,0,0,0,0,0,0,0,,,,N,0,0,Y,0,0,0,0,0,0,0,0,0,0,0,0,Preliminary,Computer mapped approximate by address,586702.059,2949257.3742,26.6616571323931,-80.1287337356063
83140214,2015,28-MAY-2015 07:49 PM,28-MAY-2015 12:00 AM,201500025562,L,1,3,19,32,Brevard,Cocoa,Urban,5/28/2015 7:49:00 PM,5/28/2015 7:53:00 PM,5/28/2015 7:54:00 PM,5/28/2015 8:37:00 PM,Y,Law Enforcement,CLEARLAKE RD,1600,,,72,North,,,Local,Paved,Not at Intersection,Y,Daylight,Clear,Dry,N,Other,Pedestrian,On Roadway,N,Non-Junction,None,,,None,,,N,,,,,OFFICER,Cocoa Police Department,Police Department (PD),6/16/2015 10:36:00 PM,6/16/2015 10:36:00 PM,19,N,Pedestrian,Pedestrian,No Injury,No Injury,NIGHT,N,N,N,N,N,N,N,N,N,3,0,0,0,0,0,0,0,0,0,0,2,2,0,1,0,0,0,0,0,0,0,,,,N,0,0,Y,0,0,0,0,0,0,0,0,0,0,0,0,Verified,n/a,524000.2543,3140013.4146,28.3862369465503,-80.7550241581687
83841764,2015,12-FEB-2015 06:05 PM,12-FEB-2015 12:00 AM,15-00440,L,1,2,8,48,Volusia,Orange City,Urban,2/12/2015 6:05:00 PM,2/12/2015 6:08:00 PM,2/12/2015 6:13:00 PM,2/12/2015 6:40:00 PM,Y,Motorist,SAXON BLVD,822,,,,,,,Parking Lot,Curb,Not at Intersection,,Daylight,Clear,Dry,N,Other,Motor Vehicle in Transport,In Parking Lane or Zone,N,Non-Junction,None,None,None,None,None,None,N,,,,,Off.,Orange City Police Department,Police Department (PD),2/19/2015 12:47:00 PM,,7,Y,Single Vehicle,Other,Serious Injury,Incapacitating Injury,DAY,N,N,N,N,N,N,N,N,N,1,1,0,0,1,0,0,0,0,0,0,1,1,0,1,0,0,0,0,0,0,0,,,,N,0,0,Y,1,0,0,0,0,0,0,0,0,0,0,1,Preliminary,Computer plot approximate by lat/long,471281.0045,3198217.5425,28.9115108982296,-81.2946051599882
84028739,2015,26-OCT-2015 03:52 PM,27-OCT-2015 12:00 AM,201504277,L,1,2,10,44,Broward,Hollywood,Urban,10/26/2015 3:52:00 PM,10/26/2015 3:57:00 PM,10/26/2015 4:00:00 PM,10/26/2015 5:59:00 PM,Y,Motorist,STATE ROAD-7/STIRLING ROAD,5990 N SR7,,,0,,,,State,Curb,T-Intersection,N,Daylight,Clear,Dry,N,Other,Pedalcycle,On Roadway,N,Non-Junction,None,,,None,,,N,,,,,POLICE OFFICER,Seminole Indian Res Police Department,Police Department (PD),11/3/2015 1:11:00 PM,11/3/2015 1:11:00 PM,8,Y,Bicycle,Bicycle,Injury,Non-Incapacitating Injury,DAY,N,N,N,N,N,N,N,N,N,1,1,0,1,0,0,0,0,0,0,0,1,1,0,1,0,0,0,0,0,0,0,,,,N,0,0,Y,0,0,0,0,0,0,0,0,0,1,0,0,Verified,n/a,579150.2769,2881084.7741,26.0466026240118,-80.2088146175216
82949099,2015,16-DEC-2015 05:15 PM,16-DEC-2015 12:00 AM,1514171,L,1,2,24,0,St. Lucie,Unincorporated,Rural,12/16/2015 5:15:00 PM,12/16/2015 5:56:00 PM,12/16/2015 6:14:00 PM,12/16/2015 12:49:00 AM,Y,Motorist,DEVONSHIRE AVE,107,,,147,South,,,Local,Paved,Other,Y,Dark - Not Lighted,Clear,Dry,N,Other,Pedestrian,Off Roadway,N,Non-Junction,None,,,None,,,N,,,,,DEPUTY,St. Lucie County Sheriff's Office,Sheriff's Office (SO),12/19/2015 2:01:00 PM,12/19/2015 2:01:00 PM,3,Y,Pedestrian,Pedestrian,Injury,Possible Injury,DAY,N,N,N,Y,N,N,N,N,N,1,1,1,0,0,0,0,0,0,0,0,1,1,0,1,0,0,0,0,0,0,0,,,,N,0,0,Y,0,0,0,0,0,0,0,0,0,1,0,0,Verified,n/a,563894.0868,3038754.9575,27.4708558911652,-80.3532976047741
82984083,2015,02-JUL-2015 02:30 PM,02-JUL-2015 12:00 AM,15-07-00040,S,1,3,8,50,Volusia,Ormond Beach,Urban,7/2/2015 2:47:00 PM,7/2/2015 2:55:00 PM,7/2/2015 2:56:00 PM,7/2/2015 3:14:00 PM,Y,Law Enforcement,RIDGEWOOD AV,,,,0,,SYLVANIA PL,,Local,Unpaved,Four-Way Intersection,,Daylight,Clear,Dry,N,Other,Other Non-Fixed Object,On Roadway,N,Intersection,None,,,None,,,N,,,,,Ofc.,Ormond Beach Police Department,Police Department (PD),7/22/2015 11:53:00 AM,,20,N,Single Vehicle,Other,No Injury,No Injury,DAY,N,N,N,N,N,N,Y,N,N,3,0,0,0,0,0,0,0,0,0,0,1,1,0,1,0,0,1,0,0,0,0,0,0,0,N,0,0,Y,0,0,0,0,0,0,1,500,500,0,0,0,Preliminary,Computer mapped approximate by address,494890.5396,3238147.5138,29.2722244713222,-81.0525969619932
83849531,2015,24-APR-2015 08:52 AM,24-APR-2015 09:11 AM,WGPD15OFF001764,L,1,3,7,52,Orange,Winter Garden,Urban,4/24/2015 8:52:00 AM,4/24/2015 8:54:00 AM,4/24/2015 8:56:00 AM,4/24/2015 9:12:00 AM,Y,Law Enforcement,PAMELA AV,,28.55835,-81.59591,0,,STORY RD,,Local,Unpaved,T-Intersection,N,Daylight,Clear,Dry,N,Other,Pedestrian,On Roadway,N,Intersection,None,,,None,,,N,,,,,OFFICER,Winter Garden Police Department,Police Department (PD),4/28/2015 12:21:00 PM,4/28/2015 12:21:00 PM,4,N,Pedestrian,Pedestrian,No Injury,No Injury,DAY,N,N,N,N,N,N,Y,N,N,3,0,0,0,0,0,0,0,0,0,0,2,1,0,1,0,0,0,0,0,0,0,,,,N,0,0,Y,0,0,1,0,1,100,0,0,100,0,0,0,Verified,n/a,441713.452,3159201.0119,28.5583493170562,-81.5959036578686
83888079,2015,10-OCT-2015 10:16 AM,10-OCT-2015 11:38 AM,NPD15OFF022826,L,1,2,43,42,Okaloosa,Niceville,Urban,10/10/2015 10:16:00 AM,10/10/2015 10:18:00 AM,10/10/2015 10:19:00 AM,10/10/2015 11:02:00 AM,N,Law Enforcement,STREET,29TH,,,0,,REYNOLDS,,Local,Curb,T-Intersection,N,Daylight,Clear,Dry,N,Angle,Other Non-Fixed Object,On Roadway,N,Intersection,None,,,None,,,N,,,,,OFFICER,Niceville Police Department,Police Department (PD),10/20/2015 12:25:00 PM,10/20/2015 12:25:00 PM,10,Y,Single Vehicle,Other,Serious Injury,Incapacitating Injury,DAY,N,N,N,N,N,N,Y,N,N,1,1,0,0,1,0,0,0,0,0,0,1,1,0,1,1,0,0,0,0,0,0,,,,N,0,0,Y,1,0,1,0,1,1,1,500,501,0,0,1,Verified,n/a,-26365.7624000004,3388642.9007,30.5148074977572,-86.4819836434097
