REPORT_NUMBER,CRASH_YEAR,VEHICLE_NUMBER,PERSON_NUMBER,RECOMMENDED_RE_EXAM,DL_STATE,DL_TYPE,DRIVER_DISTRACTION_CODE,CONDITION_AT_TIME_OF_CRASH,REQUIRED_ENDORSEMENTS,VISION_OBSTRUCTED,INSURANCE_COMPANY,CITY,STATE,ZIP_CODE,SEX,HELMET_CODE,RESTRAINT_SYSTEM_CODE,EYE_PROTECTION_CODE,AIR_BAG_DEPLOYMENT_CODE,EJECTED,SUSPECTED_ALCOHOL_USE_CODE,ALCOHOL_TESTED_CODE,ALCOHOL_TEST_TYPE_CODE,ALCOHOL_TEST_RESULTS,BLOOD_ALCOHOL_CONTENT,SUSPECTED_DRUG_USE_CODE,DRUG_TESTED_CODE,DRUG_TEST_TYPE_CODE,DRUG_TEST_RESULTS,INJURY_SEVERITY,EMS_TRANSPORT_TYPE,DRIVER_ACTION_1,DRIVER_ACTION_2,DRIVER_ACTION_3,DRIVER_ACTION_4,S4_AGE_AT_TIME_OF_CRASH,S4_IS_AGGRESSIVE_DRIVING,S4_IS_ALCOHOL_RELATED,S4_IS_DRUG_RELATED,S4_IS_DISTRACTED,S4_IS_SPEEDING_RELATED,S4_IS_AGING_DRIVER,S4_IS_TEENAGER_DRIVER,S4_IS_UNRESTRAINED
81421443,2015,1,1,N,FL,E/Operator,Not Distracted,Apparently Normal,No Required Endorsements,Vision Not Obscured,GEICO INDEMNITY COMPANY,WEST PALM BEACH,FL,33406,Male,No Helmet,Shoulder and Lap Belt Used,,Not Deployed,Not Ejected,N,,,,,N,,,,None,Not Transported,No Contributing Action,,,,62,N,N,N,N,N,N,N,N
81428801,2015,1,1,N,FL,E/Operator,Not Distracted,Apparently Normal,No Required Endorsements,Vision Not Obscured,PROGRESSIVE AMERICAN INSURANCE COMPANY,BELLE GLADE,FL,33430,Male,No Helmet,Shoulder and Lap Belt Used,,Not Deployed,Not Ejected,N,,,,,N,,,,None,Not Transported,No Contributing Action,,,,43,N,N,N,N,N,N,N,N
81527069,2015,1,1,N,FL,E/Operator - Restricted,Not Distracted,Apparently Normal,No Required Endorsements,Building/Fixed Object,CLAY COUNTY SCHOOL BOARD,MIDDLEBURG,FL,32068,,No Helmet,Shoulder and Lap Belt Used,,Not Applicable,Not Ejected,N,,,,,N,,,,None,Not Transported,Other Contributing Action,,,,60,N,N,N,N,N,N,N,N
81465854,2016,1,1,N,FL,E/Operator,Not Distracted,Apparently Normal,No,Vision Not Obscured,PEAKAND CASUALTY INS,BELLE GLADE,FL,33430,Male,No Helmet,Shoulder and Lap Belt Used,,Not Deployed,Not Ejected,N,,,,,N,,,,None,Not Transported,No Contributing Action,,,,58,N,N,N,N,N,N,N,N
82625221,2015,1,2,N,FL,E/Operator,Not Distracted,Apparently Normal,No,Vision Not Obscured,GEICO INDEMNITY INSURANCE COMPANY,DEERFIELD BEACH,FL,33441,Male,No Helmet,Shoulder and Lap Belt Used,,Not Deployed,Not Ejected,N,,,,,N,,,,None,Not Transported,No Contributing Action,,,,69,N,N,N,N,N,Y,N,N
82799274,2015,1,1,N,FL,E/Operator,Not Distracted,Apparently Normal,No Required Endorsements,Trees/Crops/Bushes,STATE FARM MUTUAL INSURANCE COMPANY,CLEARWATER,FL,33756,Male,No Helmet,Shoulder and Lap Belt Used,Y,Not Deployed,Not Ejected,N,,,,,N,,,,None,Not Transported,No Contributing Action,,,,18,N,N,N,N,N,N,Y,N
82949099,2015,1,1,N,FL,E/Operator,External Distraction,Other,,Vision Not Obscured,STATE FARM FIRE AND CASUALTY COMPAN,FORT PIERCE,FL,34946,Male,,Shoulder and Lap Belt Used,,Not Deployed,Not Ejected,N,,,,,N,,,,None,Not Transported,Improper Backing,,,,52,N,N,N,Y,N,N,N,N
82984083,2015,2,2,,NY,E/Operator,Not Distracted,Apparently Normal,No,Vision Not Obscured,ALLSTATE,STRYKERSVILLE,FL,14145,Male,,Shoulder and Lap Belt Used,,Not Deployed,Not Ejected,N,,,,,N,,,,None,Not Transported,No Contributing Action,,,,45,N,N,N,N,N,N,N,N
83140214,2015,1,1,N,FL,E/Operator,Not Distracted,Apparently Normal,No,Vision Not Obscured,PROGRESSIVE INSURANCE COMPANY,COCOA,FL,32927,Female,No Helmet,Not Applicable (non-motorist),N,Not Deployed,Not Ejected,N,,,,,N,,,,None,Not Transported,Failed to Yield Right-of-Way,,,,39,N,N,N,N,N,N,N,N
83841764,2015,1,2,,FL,E/Operator,Not Distracted,Apparently Normal,No,Vision Not Obscured,STATE FARM MUTUAL AUTOMOBILE INSURANCE C,DELTONA,FL,32725,Male,No Helmet,Shoulder and Lap Belt Used,,Not Deployed,Not Ejected,N,,,,,N,,,,None,Not Transported,No Contributing Action,,,,45,N,N,N,N,N,N,N,N
83849531,2015,1,1,N,FL,E/Operator,Not Distracted,Apparently Normal,,Vision Not Obscured,GEICO,WINTER GARDEN,FL,34787,Female,,Shoulder and Lap Belt Used,,Not Deployed,Not Ejected,N,Test Not Given,,,,N,Test Not Given,,,None,Not Transported,Failed to Yield Right-of-Way,,,,33,N,N,N,N,N,N,N,N
83888079,2015,1,1,N,NV,E/Operator,Not Distracted,Apparently Normal,,Vision Not Obscured,HARTFORD,HENDERSON,NV,89074,Male,,Shoulder and Lap Belt Used,,Not Deployed,Not Ejected,N,Test Not Given,,,,N,Test Not Given,,,None,Not Transported,No Contributing Action,,,,80,N,N,N,N,N,Y,N,N
84028739,2015,2,2,N,FL,E/Operator,Not Distracted,Apparently Normal,,Vision Not Obscured,NATIONAL UNION FIRE INSURANCE CO. O,COCONUT CREEK,FL,33066,Male,,Shoulder and Lap Belt Used,,Not Applicable,Not Ejected,N,,,,,N,,,,None,Not Transported,No Contributing Action,,,,50,N,N,N,N,N,N,N,N
84103466,2015,1,1,,,,Unknown,Unknown,,,,,,,,,,,,Unknown,,,,,,,,,,,Unknown,,,,,,N,N,N,,N,N,N,N
84209486,2015,1,1,N,FL,E/Operator,Inattentive,Apparently Normal,No Required Endorsements,Glare,NATIONAL GENERAL INSURANCE ONLINE INC,ROCKLEDGE,FL,32955,Male,No Helmet,Shoulder and Lap Belt Used,,Not Deployed,Not Ejected,N,,,,,N,,,,Possible,Not Transported,Operated MV in Careless or Negligent Manner,,,,81,N,N,N,Y,N,Y,N,N
84276379,2015,1,1,N,FL,E/Operator,Not Distracted,Apparently Normal,No Required Endorsements,Vision Not Obscured,ALLSTATE INSURANCE COMPANY,VERO BEACH,FL,32960,Female,No Helmet,Shoulder and Lap Belt Used,,Not Deployed,Not Ejected,N,,,,,N,,,,None,Not Transported,Failed to Yield Right-of-Way,,,,77,N,N,N,N,N,Y,N,N
84287792,2015,1,1,N,FL,E/Operator,Not Distracted,Apparently Normal,No Required Endorsements,Vision Not Obscured,,ORLANDO,FL,328188820,Female,No Helmet,Shoulder and Lap Belt Used,,Not Deployed,Not Ejected,N,,,,,N,,,,None,Not Transported,Failed to Yield Right-of-Way,,,,71,N,N,N,N,N,Y,N,N
84290711,2015,1,1,N,FL,E/Operator,Not Distracted,Apparently Normal,No Required Endorsements,Vision Not Obscured,BOB BROOKS INSURANCE,JACKSONVILLE,FL,32208,Female,,Shoulder and Lap Belt Used,,Not Deployed,Not Ejected,N,Test Not Given,,,,N,Test Not Given,,,None,Not Transported,No Contributing Action,,,,57,N,N,N,N,N,N,N,N
84420258,2015,1,1,N,FL,E/Operator,Not Distracted,Apparently Normal,,Vision Not Obscured,LM INSURANCE CORPORATION,CORAL SPRINGS,FL,33065,Male,No Helmet,Shoulder and Lap Belt Used,,Not Deployed,Not Ejected,N,,,,,N,,,,None,Not Transported,No Contributing Action,,,,59,N,N,N,N,N,N,N,N
84481768,2015,1,1,Y,FL,E/Operator,Not Distracted,Apparently Normal,No Required Endorsements,Vision Not Obscured,ALLSTATE,CARRABELLE,FL,32322,Male,,Shoulder and Lap Belt Used,,Not Deployed,Not Ejected,N,Test Not Given,,,,N,Test Not Given,,,None,Not Transported,Operated MV in Careless or Negligent Manner,,,,84,N,N,N,N,N,Y,N,N
84528562,2015,1,1,N,FL,E/Operator,Not Distracted,Apparently Normal,No Required Endorsements,Vision Not Obscured,USAA GENERAL INDEMNITY,DELAND,FL,32720,Male,,Shoulder and Lap Belt Used,,Not Deployed,Not Ejected,N,Test Not Given,,,,N,Test Not Given,,,None,Not Transported,No Contributing Action,,,,78,N,N,N,N,N,Y,N,N
84543505,2015,1,1,N,FL,E/Operator,Not Distracted,Apparently Normal,No Required Endorsements,Vision Not Obscured,PROGRESSIVE,BRADENTON,FL,34203,Female,,Shoulder and Lap Belt Used,,Not Deployed,Not Ejected,N,Test Not Given,,,,N,Test Not Given,,,None,Not Transported,Improper Turn,,,,62,N,N,N,N,N,N,N,N
84563677,2015,1,1,N,FL,E/Operator,Not Distracted,Apparently Normal,No Required Endorsements,Vision Not Obscured,GEICO,NEW PORT RICHEY,FL,34652,Female,,Shoulder and Lap Belt Used,,Not Deployed,Not Ejected,N,Test Not Given,,,,N,Test Not Given,,,None,Not Transported,No Contributing Action,,,,19,N,N,N,N,N,N,Y,N
84567877,2015,1,1,N,FL,E/Operator,Not Distracted,Apparently Normal,No Required Endorsements,Vision Not Obscured,STATE FARM,PENSACOLA,FL,32506,Female,,Shoulder and Lap Belt Used,,Not Deployed,Not Ejected,N,Test Not Given,,,,N,Test Not Given,,,None,Not Transported,No Contributing Action,,,,57,N,N,N,N,N,N,N,N
84570877,2015,1,1,N,FL,E/Operator,External Distraction,Apparently Normal,No Required Endorsements,Vision Not Obscured,ALLSTATE,DUNNELLON,FL,34431,Female,,Shoulder and Lap Belt Used,,Not Deployed,Not Ejected,N,Test Not Given,,,,N,Test Not Given,,,None,Not Transported,Operated MV in Careless or Negligent Manner,,,,76,N,N,N,Y,N,Y,N,N
84685467,2015,1,2,N,FL,E/Operator,Not Distracted,Apparently Normal,No Required Endorsements,Vision Not Obscured,,HIALEAH,FL,33010,Male,No Helmet,Shoulder and Lap Belt Used,,Not Deployed,Not Ejected,N,,,,,N,,,,None,Not Transported,Failed to Yield Right-of-Way,,,,40,N,N,N,N,N,N,N,N
84717508,2015,1,1,N,FL,E/Operator,Unknown,Apparently Normal,No Required Endorsements,All Other,PROGRESSIVE INSURANCE COMPANY,VERO BEACH,FL,32962,Female,No Helmet,Shoulder and Lap Belt Used,N,Not Deployed,Not Ejected,N,,,,,N,,,,None,Not Transported,Failed to Yield Right-of-Way,,,,88,N,N,N,,N,Y,N,N
84723913,2015,1,1,,,,Unknown,Unknown,,,,,,,,,,,,Unknown,,,,,,,,,,,Not Transported,Operated MV in Careless or Negligent Manner,,,,,N,N,N,,N,N,N,N
84770225,2015,1,1,N,FL,E/Operator,Not Distracted,Apparently Normal,,Building/Fixed Object,GEICO INDEMNITY COMPANY,NORTH MIAMI BEACH,FL,33160,Female,,Shoulder and Lap Belt Used,,Not Deployed,Not Ejected,N,,,,,N,,,,None,Not Transported,Failed to Yield Right-of-Way,,,,30,N,N,N,N,N,N,N,N
84771742,2015,1,1,N,FL,E/Operator,Not Distracted,Apparently Normal,,Vision Not Obscured,INFINITY AUTO INSURANCE COMPANY,MIRAMAR,FL,33025,Male,,Shoulder and Lap Belt Used,,Not Deployed,Not Ejected,N,,,,,N,,,,None,Not Transported,Other Contributing Action,,,,24,N,N,N,N,N,N,N,N
84792362,2015,2,2,,FL,E/Operator,Not Distracted,Apparently Normal,No,Vision Not Obscured,GEICO INDEMNITY COMPANY,SANFORD,FL,32771,Male,No Helmet,Shoulder and Lap Belt Used,N,Not Applicable,Not Ejected,N,,,,,N,,,,None,Not Transported,No Contributing Action,,,,,N,N,N,N,N,N,N,N
84792402,2015,1,1,,FL,E/Operator,Not Distracted,Apparently Normal,No,Vision Not Obscured,GIECO,SANFORD,FL,32773,Female,No Helmet,Shoulder and Lap Belt Used,N,Not Applicable,Not Ejected,N,,,,,N,,,,None,Not Transported,Other Contributing Action,,,,34,N,N,N,N,N,N,N,N
84792837,2015,1,1,,FL,E/Operator,Not Distracted,Apparently Normal,No,Vision Not Obscured,ALLSTATE,SANFORD,FL,32773,Female,,Shoulder and Lap Belt Used,,Not Applicable,Not Ejected,N,,,,,N,,,,None,Not Transported,No Contributing Action,,,,44,N,N,N,N,N,N,N,N
84800669,2015,1,1,N,FL,E/Operator,Not Distracted,Apparently Normal,No Required Endorsements,Vision Not Obscured,,TARPON SPRINGS,FL,34688,Female,No Helmet,Shoulder and Lap Belt Used,,Not Applicable,Not Ejected,N,,,,,N,,,,None,Not Transported,No Contributing Action,,,,40,N,N,N,N,N,N,N,N
84819915,2015,1,1,N,FL,E/Operator,Inattentive,Apparently Normal,,Vision Not Obscured,DIRECT GENERAL INS CO,SEFFNER,FL,33584,Male,,Shoulder and Lap Belt Used,,Not Deployed,Not Ejected,N,Test Not Given,,,,N,Test Not Given,,,None,Not Transported,Failed to Yield Right-of-Way,,,,22,N,N,N,Y,N,N,N,N
84855916,2015,1,2,N,FL,E/Operator,Not Distracted,Apparently Normal,No Required Endorsements,Vision Not Obscured,PROGRESSIVE,JACKSONVILLE,FL,32246,Male,,Shoulder and Lap Belt Used,,Not Deployed,Not Ejected,N,Test Not Given,,,,N,Test Not Given,,,None,Not Transported,No Contributing Action,,,,29,N,N,N,N,N,N,N,N
84860404,2015,1,1,N,FL,E/Operator,Not Distracted,Apparently Normal,No Required Endorsements,Vision Not Obscured,ALLSTATE INS CO,ORMOND BEACH,FL,32174,Male,,Not Applicable (non-motorist),,Not Deployed,Not Ejected,N,Test Not Given,,,,N,Test Not Given,,,None,Not Transported,No Contributing Action,,,,59,N,N,N,N,N,N,N,N
84870449,2015,1,1,N,FL,E/Operator,Not Distracted,Apparently Normal,No Required Endorsements,Vision Not Obscured,USAA INS CO,PALMETTO,FL,34221,Male,,Shoulder and Lap Belt Used,,Not Deployed,Not Ejected,N,Test Not Given,,,,N,Test Not Given,,,None,Not Transported,No Contributing Action,,,,65,N,N,N,N,N,Y,N,N
84935285,2015,1,1,N,FL,E/Operator,Not Distracted,Apparently Normal,,Vision Not Obscured,CENTURY-NATIONAL INSURANCE COMPANY,SHALIMAR,FL,32579,Male,No Helmet,Shoulder and Lap Belt Used,,Not Deployed,Not Ejected,N,,,,,N,,,,None,Not Transported,Failed to Yield Right-of-Way,,,,27,N,N,N,N,N,N,N,N
84997804,2015,2,1,N,FL,None,Not Distracted,Apparently Normal,No,Vision Not Obscured,ARTISAN AND TRUCKERS CASUALTY COMP,WINTER HAVEN,FL,33881,Male,,Shoulder and Lap Belt Used,,,Not Ejected,,"Unknown, if Tested",,,,,"Unknown, if Tested",,,None,,No Contributing Action,,,,71,N,N,N,N,N,Y,N,N
85042096,2015,1,1,N,FL,E/Operator,Not Distracted,Apparently Normal,No,,PROGRESSIVE EXPRESS INS,ST AUGUSTINE,FL,32084,Female,No Helmet,Shoulder and Lap Belt Used,,Not Applicable,Not Ejected,N,,,,,N,,,,None,,Failed to Yield Right-of-Way,,,,61,N,N,N,N,N,N,N,N
85095973,2015,1,1,,FL,E/Operator,Not Distracted,Apparently Normal,Yes,Vision Not Obscured,GEICO GENERAL INSURANCE COMPANY,SARASOTA,FL,34234,Male,No Helmet,Shoulder and Lap Belt Used,,Not Deployed,Not Ejected,Y,Test Given,Blood,Completed,0.016,Y,Test Given,Blood,Positive,None,Not Transported,No Contributing Action,,,,28,N,Y,Y,N,N,N,N,N
85111244,2015,1,1,N,FL,E/Operator,Not Distracted,Apparently Normal,No Required Endorsements,Vision Not Obscured,WINDHAVEN INS COMP,MARCO ISLAND,FL,34145,Male,,Shoulder and Lap Belt Used,,Not Deployed,Not Ejected,N,Test Not Given,,,,N,Test Not Given,,,None,Not Transported,Failed to Yield Right-of-Way,,,,30,N,N,N,N,N,N,N,N
85145218,2015,1,1,N,FL,E/Operator,Not Distracted,Apparently Normal,No Required Endorsements,Vision Not Obscured,OCEAN HARBOR CASUALTY,LEHIGH ACRES,FL,33971,Female,,Shoulder and Lap Belt Used,,Not Deployed,Not Ejected,N,Test Not Given,,,,N,Test Not Given,,,None,Not Transported,Other Contributing Action,,,,22,N,N,N,N,N,N,N,N
85157860,2015,1,3,N,FL,E/Operator,Not Distracted,Apparently Normal,No Required Endorsements,Vision Not Obscured,PROGRESSIVE,ORLANDO,FL,32810,Male,,Shoulder and Lap Belt Used,,Not Deployed,Not Ejected,N,Test Not Given,,,,N,Test Not Given,,,None,Not Transported,Improper Backing,,,,71,N,N,N,N,N,Y,N,N
85190579,2015,1,1,N,FL,E/Operator,Not Distracted,Apparently Normal,No Required Endorsements,Vision Not Obscured,PROGRESSIVE,PENSACOLA,FL,32591,Female,,Shoulder and Lap Belt Used,,Not Deployed,Not Ejected,N,Test Not Given,,,,N,Test Not Given,,,None,Not Transported,Improper Backing,,,,60,N,N,N,N,N,N,N,N
85225762,2015,1,1,N,FL,E/Operator,Not Distracted,Apparently Normal,No Required Endorsements,Vision Not Obscured,ALLSTATE,CANTONMENT,FL,32533,Female,,Shoulder and Lap Belt Used,,Not Deployed,Not Ejected,N,Test Not Given,,,,N,Test Not Given,,,None,Not Transported,No Contributing Action,,,,16,N,N,N,N,N,N,Y,N
85230470,2015,1,1,N,FL,E/Operator,Not Distracted,Apparently Normal,No Required Endorsements,Vision Not Obscured,INFINITY AUTO INSURANCE COMPANY,ORLANDO,FL,32822,Female,,Shoulder and Lap Belt Used,,Not Deployed,Not Ejected,N,Test Not Given,,,,N,Test Not Given,,,None,Not Transported,Failed to Yield Right-of-Way,,,,46,N,N,N,N,N,N,N,N
85641044,2015,1,1,,FL,E/Operator,Not Distracted,Apparently Normal,No Required Endorsements,Vision Not Obscured,"FIRST ACCEPTANCE INSURANCE COMPANY, INC.",DAYTONA BEACH,FL,32117,Female,No Helmet,Shoulder and Lap Belt Used,,Not Deployed,Not Ejected,N,,,,,N,,,,None,Not Transported,No Contributing Action,,,,30,N,N,N,N,N,N,N,N
85642265,2015,1,2,,FL,E/Operator - Restricted,Not Distracted,Apparently Normal,No,Vision Not Obscured,,DAYTONA BEACH,FL,32114,Male,No Helmet,Shoulder and Lap Belt Used,,Not Deployed,Not Ejected,N,,,,,N,,,,None,Not Transported,Failed to Yield Right-of-Way,,,,78,N,N,N,N,N,Y,N,N
85652745,2015,1,2,,FL,E/Operator,Not Distracted,Apparently Normal,No,Vision Not Obscured,PROGRESSIVE,MIAMI,FL,33165,Male,No Helmet,Shoulder and Lap Belt Used,N,Not Applicable,Not Ejected,N,,,,,N,,,,None,Not Transported,No Contributing Action,,,,29,N,N,N,N,N,N,N,N
85657801,2015,1,1,,,,Unknown,Unknown,No Required Endorsements,All Other,UNK,UK,OT,,Male,,Other,,Deployment Unknown,Not Ejected,N,,,,,N,,,,None,Not Transported,Operated MV in Careless or Negligent Manner,,,,,N,N,N,,N,N,N,N
85665950,2015,1,1,,FL,E/Operator,Not Distracted,Apparently Normal,No Required Endorsements,Vision Not Obscured,PROGRESSIVE SELECT INSURANCE COMPANY,MIAMI,FL,33186,Female,No Helmet,Shoulder and Lap Belt Used,,Deployed - Combination,Not Ejected,N,,,,,N,,,,Possible,Not Transported,Operated MV in Careless or Negligent Manner,,,,21,N,N,N,N,N,N,N,N
85665950,2015,2,2,,FL,E/Operator,Not Distracted,Apparently Normal,No Required Endorsements,Vision Not Obscured,INFINITY INDEMNITY INSURANCE COMPANY,MIAMI,FL,33193,Female,No Helmet,Shoulder and Lap Belt Used,,Deployed - Combination,Not Ejected,N,,,,,N,,,,Possible,Not Transported,No Contributing Action,,,,42,N,N,N,N,N,N,N,N
85673643,2015,1,1,N,FL,E/Operator,Not Distracted,Apparently Normal,No Required Endorsements,Vision Not Obscured,RLI INSURANCE CO.,CLEARWATER,FL,33759,Male,No Helmet,Shoulder and Lap Belt Used,,Not Deployed,Not Ejected,N,,,,,N,,,,None,,Improper Turn,Failed to Keep in Proper Lane,,,59,N,N,N,N,N,N,N,N
85680503,2015,1,1,N,FL,E/Operator,Not Distracted,Apparently Normal,No Required Endorsements,Vision Not Obscured,UNITED AUTOMOBILE INSURANCE COMPANY,HIALEAH,FL,33010,Male,No Helmet,Shoulder and Lap Belt Used,,Not Deployed,Not Ejected,N,,,,,N,,,,None,Not Transported,No Contributing Action,,,,49,N,N,N,N,N,N,N,N
85681694,2015,1,1,N,FL,E/Operator,Not Distracted,Apparently Normal,No Required Endorsements,Vision Not Obscured,,MIAMI,FL,33142,Female,,Shoulder and Lap Belt Used,,Not Applicable,Not Ejected,N,,,,,N,,,,None,Not Transported,No Contributing Action,,,,70,N,N,N,N,N,Y,N,N
85684516,2015,1,1,N,FL,E/Operator,Not Distracted,Apparently Normal,No Required Endorsements,Vision Not Obscured,,BOYNTON BEACH,FL,33435,Male,,Shoulder and Lap Belt Used,,Not Deployed,Not Ejected,N,,,,,N,,,,None,Not Transported,No Contributing Action,,,,35,N,N,N,N,N,N,N,N
85686568,2015,1,1,N,FL,E/Operator,Not Distracted,Apparently Normal,,Vision Not Obscured,SOUTHERN-OWNERS INSURANCE,ZEPHYRHILLS,FL,33541,Female,,Shoulder and Lap Belt Used,,Not Deployed,Not Ejected,N,Test Not Given,,,,N,Test Not Given,,,None,Not Transported,No Contributing Action,,,,68,N,N,N,N,N,Y,N,N
85690418,2015,1,1,N,FL,E/Operator,Not Distracted,Apparently Normal,No Required Endorsements,Vision Not Obscured,,ST PETERSBURG,FL,33714,Female,,Shoulder and Lap Belt Used,,Not Applicable,Not Ejected,N,,,,,N,,,,None,Not Transported,No Contributing Action,,,,34,N,N,N,N,N,N,N,N
85724257,2015,1,1,Y,FL,E/Operator,Not Distracted,Apparently Normal,No Required Endorsements,All Other,,DUNEDIN,FL,34698,Female,,Shoulder and Lap Belt Used,,Not Deployed,Not Ejected,N,,,,,N,,,,None,Not Transported,No Contributing Action,,,,88,N,N,N,N,N,Y,N,N
85792176,2015,1,1,,FL,E/Operator,Not Distracted,Apparently Normal,,Vision Not Obscured,GEICO INDEMNITY COMPANY,PORT ST LUCIE,FL,34983,Male,,Shoulder and Lap Belt Used,,,,,,,,,,,,,,,No Contributing Action,,,,33,N,N,N,N,N,N,N,N
85804898,2015,1,1,N,NJ,E/Operator,Not Distracted,Apparently Normal,No Required Endorsements,Vision Not Obscured,,NORTH BAY VILLAGE,FL,33141,Male,,Shoulder and Lap Belt Used,,Not Applicable,Not Ejected,N,,,,,N,,,,None,Not Transported,No Contributing Action,,,,23,N,N,N,N,N,N,N,N
85822962,2015,1,2,N,FL,E/Operator,Not Distracted,Apparently Normal,No,Vision Not Obscured,FLORIDA FARM BUREAU,JACKSONVILLE,FL,32246,Female,,Shoulder and Lap Belt Used,,Not Deployed,Not Ejected,N,Test Not Given,,,,N,Test Not Given,,,None,Not Transported,No Contributing Action,,,,56,N,N,N,N,N,N,N,N
85827851,2015,1,1,N,FL,E/Operator,Not Distracted,Apparently Normal,No Required Endorsements,Vision Not Obscured,,MIAMI,FL,33174,Male,,Shoulder and Lap Belt Used,,Not Deployed,Not Ejected,N,,,,,N,,,,None,Not Transported,Improper Turn,,,,69,N,N,N,N,N,Y,N,N
85828586,2015,1,1,N,FL,E/Operator,Not Distracted,Apparently Normal,No Required Endorsements,Vision Not Obscured,,CORAL SPRINGS,FL,33065,Male,,Shoulder and Lap Belt Used,,Not Deployed,Not Ejected,N,,,,,N,,,,None,Not Transported,Failed to Yield Right-of-Way,,,,44,N,N,N,N,N,N,N,N
85866868,2015,1,1,N,FL,E/Operator,Not Distracted,Apparently Normal,No Required Endorsements,Glare,,MIRAMAR,FL,33025,Female,,Shoulder and Lap Belt Used,,Not Deployed,Not Ejected,N,,,,,N,,,,None,Not Transported,Failed to Yield Right-of-Way,,,,56,N,N,N,N,N,N,N,N
85876947,2015,1,1,N,,E/Operator,Unknown,Unknown,No Required Endorsements,Vision Not Obscured,,UNK,FL,,Unknown,,Shoulder and Lap Belt Used,,Not Applicable,Unknown,,,,,,,,,,None,Unknown,Operated MV in Careless or Negligent Manner,,,,23,N,N,N,,N,N,N,N
85880124,2015,1,1,,,,Unknown,Unknown,,,,,,,,,,,,Unknown,,,,,,,,,,,Unknown,,,,,,N,N,N,,N,N,N,N
85882773,2015,1,1,N,FL,E/Operator,Not Distracted,Apparently Normal,No Required Endorsements,Vision Not Obscured,,NORTH FORT MYERS,FL,33903,Female,,Shoulder and Lap Belt Used,,Not Deployed,Not Ejected,N,,,,,N,,,,None,Not Transported,Failed to Yield Right-of-Way,,,,64,N,N,N,N,N,N,N,N
85954397,2015,1,1,N,FL,,,,,,PROGRESSIVE SELECT INSURANCE COMPANY,CLEARWATER,FL,33755,Male,,,,,,,,,,,,,,,None,,,,,,32,N,N,N,,N,N,N,N
85957788,2015,1,1,,FL,E/Operator,Not Distracted,Apparently Normal,No,Vision Not Obscured,STATE FARM MUTUAL AUTOMOBILE INSURANCE C,APOPKA,FL,32703,Female,No Helmet,Shoulder and Lap Belt Used,,Not Deployed,Not Ejected,N,,,,,N,,,,None,Not Transported,Operated MV in Careless or Negligent Manner,,,,38,N,N,N,N,N,N,N,N
85959750,2015,1,1,N,,None,Unknown,Apparently Normal,,Vision Not Obscured,SECURITY NATIONAL INSURANCE COMPANY,FORT PIERCE,FL,34946,Male,No Helmet,Shoulder and Lap Belt Used,,Not Deployed,Not Ejected,N,,,,,N,,,,None,Not Transported,Ran Red Light,,,,29,N,N,N,,N,N,N,N
85961769,2015,1,1,N,UK,E/Operator,Not Distracted,Apparently Normal,No,Vision Not Obscured,,UNKNOWN,UK,00000,Female,,Shoulder and Lap Belt Used,N,Not Deployed,Not Ejected,N,,,,,N,,,,None,Not Transported,Operated MV in Careless or Negligent Manner,,,,16,N,N,N,N,N,N,Y,N
85975312,2015,1,1,,FL,E/Operator,Not Distracted,Apparently Normal,No Required Endorsements,Vision Not Obscured,INFINITY INDEMNITY INSURANCE COMPANY,MIAMI,FL,33170,Male,No Helmet,Shoulder and Lap Belt Used,,Not Deployed,Not Ejected,N,,,,,N,,,,None,Not Transported,Other Contributing Action,,,,24,N,N,N,N,N,N,N,N
85992732,2015,1,1,,FL,E/Operator,Not Distracted,Apparently Normal,No,Vision Not Obscured,UNITED AUTOMOBILE INSURANCE,MIAMI,FL,33147,Female,No Helmet,Shoulder and Lap Belt Used,,Not Applicable,Not Ejected,N,,,,,N,,,,None,Not Transported,No Contributing Action,,,,41,N,N,N,N,N,N,N,N
86009321,2015,1,1,N,NY,E/Operator,Not Distracted,Apparently Normal,No Required Endorsements,Vision Not Obscured,TRAVELERS PROPERTY,CORAL GABLES,FL,33134,Male,No Helmet,Shoulder and Lap Belt Used,,Not Deployed,Not Ejected,N,,,,,N,,,,None,Not Transported,Failed to Yield Right-of-Way,,,,20,N,N,N,N,N,N,N,N
86059004,2015,1,1,N,FL,E/Operator,Not Distracted,Apparently Normal,No Required Endorsements,Vision Not Obscured,INFINITY AUTO INSURANCE,MIAMI BEACH,FL,33140,Female,,Shoulder and Lap Belt Used,,Not Applicable,Not Ejected,N,,,,,N,,,,None,Not Transported,Failed to Yield Right-of-Way,No Contributing Action,,,53,N,N,N,N,N,N,N,N
86061182,2015,1,1,N,UK,None,Unknown,Unknown,No Required Endorsements,Vision Not Obscured,,UK,UK,,Male,,Shoulder and Lap Belt Used,,Not Applicable,Unknown,,,,,,,,,,None,Unknown,Failed to Keep in Proper Lane,,,,,N,N,N,,N,N,N,N
86077358,2015,1,1,N,FL,E/Operator,Not Distracted,Apparently Normal,No Required Endorsements,Vision Not Obscured,,ST PETERSBURG,FL,33713,Female,,Shoulder and Lap Belt Used,,Not Deployed,Not Ejected,N,,,,,N,,,,None,Not Transported,Failed to Yield Right-of-Way,No Contributing Action,No Contributing Action,No Contributing Action,35,N,N,N,N,N,N,N,N
86104038,2015,1,1,,FL,E/Operator,Not Distracted,Apparently Normal,No,Vision Not Obscured,STATE FARM MUTUAL,LAKE MARY,FL,32746,Female,No Helmet,Shoulder and Lap Belt Used,,Not Deployed,Not Ejected,N,,,,,N,,,,None,Not Transported,Operated MV in Careless or Negligent Manner,,,,63,N,N,N,N,N,N,N,N
86107646,2015,1,1,N,FL,E/Operator,Unknown,Unknown,No Required Endorsements,Vision Not Obscured,,BRADENTON,FL,34201,Female,,Shoulder and Lap Belt Used,,Not Deployed,Not Ejected,,Test Not Given,,,,,Test Not Given,,,None,Not Transported,Other Contributing Action,,,,37,N,N,N,,N,N,N,N
86113799,2015,1,1,,FL,E/Operator,Not Distracted,Apparently Normal,No Required Endorsements,Vision Not Obscured,DEPOSITORS INSURANCE COMPANY,WINTER PARK,FL,32792,Male,No Helmet,Shoulder and Lap Belt Used,,Not Deployed,Not Ejected,N,,,,,N,,,,None,Not Transported,Failed to Yield Right-of-Way,,,,67,N,N,N,N,N,Y,N,N
86217175,2015,1,1,N,MA,B,Not Distracted,Apparently Normal,No Required Endorsements,Vision Not Obscured,,FORT MYERS,FL,33916,Male,,Other,,Not Applicable,Not Ejected,N,,,,,N,,,,None,Not Transported,No Contributing Action,,,,30,N,N,N,N,N,N,N,N
86225650,2015,1,1,N,FL,E/Operator,Unknown,Apparently Normal,No Required Endorsements,Vision Not Obscured,STATE FARM MUTUAL AUTOM,MIAMI,FL,33183,Male,,Shoulder and Lap Belt Used,,Not Applicable,Not Ejected,N,,,,,N,,,,None,Not Transported,Operated MV in Careless or Negligent Manner,Operated MV in Careless or Negligent Manner,,,27,N,N,N,,N,N,N,N
86227647,2015,1,1,,,,Unknown,Unknown,,,,,,,,,,,,Unknown,,,,,,,,,,,Unknown,,,,,,N,N,N,,N,N,N,N
86256987,2015,1,2,N,FL,E/Operator,Not Distracted,Apparently Normal,,Vision Not Obscured,GEICO GENERAL INSURANCE COMPANY,PARKLAND,FL,33067,Female,No Helmet,Shoulder and Lap Belt Used,,Not Deployed,Not Ejected,N,,,,,N,,,,None,Not Transported,No Contributing Action,,,,24,N,N,N,N,N,N,N,N
86259977,2015,1,1,N,FL,E/Operator,Not Distracted,Apparently Normal,,Vision Not Obscured,WINDHAVEN INSURANCE COMPANY,NORTH LAUDERDALE,FL,33068,Male,No Helmet,Shoulder and Lap Belt Used,,Not Applicable,Not Ejected,N,,,,,N,,,,None,Not Transported,Other Contributing Action,,,,20,N,N,N,N,N,N,N,N
86292644,2015,1,2,N,FL,E/Operator,Not Distracted,Apparently Normal,,Vision Not Obscured,NONE NEEDED,WEST PALM BEACH,FL,33401,Male,No Helmet,Shoulder and Lap Belt Used,,Not Deployed,Not Ejected,N,,,,,N,,,,None,Not Transported,No Contributing Action,,,,33,N,N,N,N,N,N,N,N
81443557,2016,1,1,N,FL,E/Operator,Not Distracted,Apparently Normal,No,All Other,STATE FARM MUTUAL AUTOMOBILE INSURANC,BOYNTON BEACH,FL,33435,Female,No Helmet,Shoulder and Lap Belt Used,,Not Deployed,Not Ejected,N,,,,,N,,,,None,Not Transported,No Contributing Action,,,,43,N,N,N,N,N,N,N,N
