REPORT_NUMBER,CRASH_YEAR,PERSON_NUMBER,LOCATION_AT_TIME_OF_CRASH_CODE,ACTION_PRIOR_TO_CRASH_CODE,NON_MOTORIST_DESCRIPTION_CODE,CITY,STATE,ZIP_CODE,SEX,SUSPECTED_ALCOHOL_USE_CODE,ALCOHOL_TESTED_CODE,ALCOHOL_TEST_TYPE_CODE,ALCOHOL_TEST_RESULT,BLOOD_ALCOHOL_CONTENT,SUSPECTED_DRUG_USE_CODE,DRUG_TESTED_CODE,DRUG_TEST_TYPE_CODE,DRUG_TEST_RESULT,INJURY_SEVERITY,EMS_TRANSPORT_TYPE,NON_MOTORIST_ACTIONS_CIRCUMSTANCES_1,NON_MOTORIST_ACTIONS_CIRCUMSTANCES_2,SAFETY_EQUIPMENT_CODE_1,SAFETY_EQUIPMENT_CODE_2,S4_AGE_AT_TIME_OF_CRASH,S4_IS_ALCOHOL_RELATED,S4_IS_DRUG_RELATED,S4_IS_AGING,S4_IS_TEENAGER
81421443,2015,2,Intersection - Unmarked Crosswalk,Crossing Roadway,Other Cyclist,PALM SPRINGS,FL,33461,Male,,,,,,,,,,Possible,Not Transported,No Improper Action,,None,,17,N,N,N,Y
81428801,2015,3,Sidewalk,Walking/Cycling on Sidewalk,Other Cyclist,LAKE WORTH,FL,33460,Female,,,,,,,,,,Possible,Not Transported,Not Visible,,None,,20,N,N,N,N
81428801,2015,2,Sidewalk,Walking/Cycling on Sidewalk,Bicyclist,BELLE GLADE,FL,33430,Male,,,,,,,,,,None,Not Transported,Not Visible,,None,,28,N,N,N,N
81527069,2015,2,Unknown,Walking/Cycling Along Roadway Against Traffic,Other Cyclist,ORANGE PARK,FL,32073,,N,,,,,N,,,,Non-Incapacitating,EMS,Unknown,,None,,,N,N,N,N
81465854,2016,2,Other,Other,Other Cyclist,BELLE GLADE,FL,33430,Female,N,,,,,N,,,,None,Not Transported,Dart/Dash,,None,,7,N,N,N,N
82625221,2015,1,Unknown,Unknown,Other Cyclist,BOCA RATON,FL,33487,Male,,,,,,,,,,Non-Incapacitating,EMS,Failure to Yield Right-of-Way,,None,,18,N,N,N,Y
82799274,2015,2,Driveway Access,In Roadway - Other,Other Cyclist,LARGO,FL,33770,Female,N,,,,,N,,,,Incapacitating,EMS,Failure to Yield Right-of-Way,,None,,9,N,N,N,N
82949099,2015,2,Sidewalk,Walking/Cycling on Sidewalk,Other Cyclist,FORT PIERCE,FL,34951,,,,,,,,,,,Possible,EMS,Other,,None,,,N,N,N,N
82984083,2015,1,Shoulder/Roadside,Walking/Cycling Along Roadway Against Traffic,Other Cyclist,ORMOND BEACH,,32118,Female,,,,,,,,,,None,Not Transported,No Improper Action,,None,,13,N,N,N,N
83140214,2015,2,Unknown,Unknown,Bicyclist,COCOA,FL,32922,Male,,"Unknown, if Tested",Other,Unknown,0,,"Unknown, if Tested",Other,Unknown,None,Unknown,Unknown,,Unknown,,10,N,N,N,N
83140214,2015,3,Sidewalk,Walking/Cycling on Sidewalk,Other Cyclist,COCOA,FL,32922,Female,,"Unknown, if Tested",Other,Unknown,0,,"Unknown, if Tested",Other,Unknown,None,Unknown,Wrong-Way Riding or Walking,,None,,49,N,N,N,N
83841764,2015,1,Other,Other,Other Cyclist,DELTONA,,32738,Male,N,,,,,N,,,,Incapacitating,Other,Dart/Dash,Other,None,,14,N,N,N,N
83849531,2015,2,Intersection - Unmarked Crosswalk,Waiting to Cross Roadway,Other Cyclist,WINTER GARDEN,FL,34787,Male,,Test Not Given,,,,,Test Not Given,,,None,Not Transported,No Improper Action,,Helmet,,6,N,N,N,N
83849531,2015,3,Other,Other,Unknown Type of Non-Motorist,WINTER GARDEN,FL,34787,Male,,Test Not Given,,,,,Test Not Given,,,None,Not Transported,No Improper Action,,None,,31,N,N,N,N
83888079,2015,2,Intersection - Unmarked Crosswalk,Crossing Roadway,Other Cyclist,NICEVILLE,FL,32578,Male,N,Test Not Given,,,,N,Test Not Given,,,Incapacitating,Other,"Failure to Obey Traffic Signs, Signals, or Officer",Failure to Yield Right-of-Way,None,,19,N,N,N,Y
84028739,2015,1,Intersection - Marked Crosswalk,Crossing Roadway,Other Cyclist,MIAMI,FL,33179,,,,,,,,,,,Non-Incapacitating,EMS,Failure to Yield Right-of-Way,,None,,,N,N,N,N
84103466,2015,3,Driveway Access,Walking/Cycling on Sidewalk,Other Cyclist,PANAMA CITY,FL,32404,Male,,,,,,,,,,Non-Incapacitating,Not Transported,Wrong-Way Riding or Walking,,Unknown,,16,N,N,N,Y
84209486,2015,2,Shoulder/Roadside,Walking/Cycling Along Roadway With Traffic,Other Cyclist,ROCKLEDGE,FL,32955,Female,,"Unknown, if Tested",Other,Unknown,0,,"Unknown, if Tested",Other,Unknown,Possible,EMS,No Improper Action,,None,,59,N,N,N,N
84276379,2015,2,Sidewalk,Crossing Roadway,Other Cyclist,VERO BEACH,FL,32962,Male,,,,,,,,,,Possible,EMS,No Improper Action,,None,,21,N,N,N,N
84287792,2015,2,Intersection - Marked Crosswalk,Crossing Roadway,Other Cyclist,APOPKA,FL,32712,Male,,,,,,,,,,None,Not Transported,No Improper Action,,None,,17,N,N,N,Y
84290711,2015,2,Other,Other,Other Cyclist,JACKSONVILLE,FL,32244,Male,,Test Not Given,,,,,Test Not Given,,,Possible,Not Transported,Dart/Dash,Entering/Exiting Parked/Standing Vehicle,Unknown,,13,N,N,N,N
84420258,2015,2,Driveway Access,Other,Other Cyclist,PORT ST LUCIE,FL,34983,,,,,,,,,,,Non-Incapacitating,Not Transported,Failure to Yield Right-of-Way,Other,None,,,N,N,N,N
84481768,2015,3,Shoulder/Roadside,Walking/Cycling Along Roadway With Traffic,Other Cyclist,SOPCHOPPY,FL,32358,Male,,Test Not Given,,,,,Test Not Given,,,Non-Incapacitating,EMS,No Improper Action,,None,,69,N,N,Y,N
84528562,2015,2,Intersection - Marked Crosswalk,Crossing Roadway,Other Cyclist,DELAND,FL,32720,Male,,Test Not Given,,,,,Test Not Given,,,Non-Incapacitating,EMS,Unknown,,None,,13,N,N,N,N
84543505,2015,3,Other,Walking/Cycling Along Roadway With Traffic,Other Cyclist,BRADENTON,FL,34203,Male,N,Test Not Given,,,,N,Test Not Given,,,Incapacitating,EMS,No Improper Action,,None,,9,N,N,N,N
84559793,2015,2,Shoulder/Roadside,Other,Other Cyclist,CANTONENT,FL,32533,Male,,Test Not Given,,,,,Test Not Given,,,Non-Incapacitating,Not Transported,No Improper Action,,Helmet,,5,N,N,N,N
84563677,2015,2,Travel Lane - Other Location,Walking/Cycling Along Roadway Against Traffic,Other Cyclist,NEW PORT RICHEY,FL,34652,Male,,Test Not Given,,,,,Test Not Given,,,Non-Incapacitating,Not Transported,Wrong-Way Riding or Walking,,None,None,54,N,N,N,N
84567877,2015,2,Travel Lane - Other Location,Other,Other Cyclist,PENSACOLA,FL,32506,Male,,Test Not Given,,,,,Test Not Given,,,None,Not Transported,Other,,None,,51,N,N,N,N
84570877,2015,2,Intersection - Unmarked Crosswalk,In Roadway - Other,Other Cyclist,DUNNELLON,FL,34431,Female,N,Test Not Given,,,,N,Test Not Given,,,Incapacitating,EMS,No Improper Action,,None,,6,N,N,N,N
84685467,2015,1,Sidewalk,Walking/Cycling Along Roadway Against Traffic,Other Cyclist,CORAL GABLES,FL,33146,Male,,,,,,,,,,Non-Incapacitating,EMS,Other,,None,,41,N,N,N,N
84717508,2015,2,Unknown,Unknown,Other Cyclist,VERO BEACH,FL,32962,Male,,"Unknown, if Tested",Other,Unknown,0,,"Unknown, if Tested",Other,Unknown,Possible,Not Transported,Unknown,,Unknown,,60,N,N,N,N
84723913,2015,2,Travel Lane - Other Location,Walking/Cycling Along Roadway With Traffic,Other Cyclist,KEY WEST,FL,33040,Male,,,,,,,,,,None,Not Transported,No Improper Action,,None,,48,N,N,N,N
84752891,2015,1,Shoulder/Roadside,Walking/Cycling Along Roadway With Traffic,Other Cyclist,FORT LAUDERDALE,FL,33309,,,,,,,,,,,Fatal (within 30 days),EMS,Unknown,,None,,,N,N,N,N
84770225,2015,2,Sidewalk,Other,Other Cyclist,HOLLYWOOD,FL,33020,,,,,,,,,,,Possible,Not Transported,No Improper Action,,None,,,N,N,N,N
84771742,2015,2,Travel Lane - Other Location,Other,Other Cyclist,DANIA,FL,33004,,,,,,,,,,,Non-Incapacitating,EMS,In Roadway Improperly,,None,,,N,N,N,N
84771742,2015,3,Travel Lane - Other Location,In Roadway - Other,Other Cyclist,WEST PARK,FL,33023,,,,,,,,,,,None,Not Transported,In Roadway Improperly,,Helmet,,,N,N,N,N
84792362,2015,1,Other,Walking/Cycling Along Roadway With Traffic,Other Cyclist,SANFORD,,32771,Male,,,,,,,,,,Possible,Other,Unknown,,None,,22,N,N,N,N
84792402,2015,2,Driveway Access,Going To or From School,Other Cyclist,SANFORD,,32771,Male,,,,,,,,,,Possible,Not Transported,Other,,None,,12,N,N,N,N
84792837,2015,2,Intersection - Marked Crosswalk,Walking/Cycling on Sidewalk,Other Cyclist,ALTAMONTE SPRINGS,,32714,Female,,,,,,,,,,Non-Incapacitating,Not Transported,Other,,None,,50,N,N,N,N
84800669,2015,4,Intersection - Marked Crosswalk,Crossing Roadway,Other Cyclist,HOLIDAY,FL,34691,Male,,,,,,,,,,Non-Incapacitating,Not Transported,"Failure to Obey Traffic Signs, Signals, or Officer",,None,,11,N,N,N,N
84819915,2015,2,Intersection - Unmarked Crosswalk,Walking/Cycling Along Roadway Against Traffic,Bicyclist,SEFFNER,FL,33584,Male,,Test Not Given,,,,,Test Not Given,,,Possible,EMS,Wrong-Way Riding or Walking,,None,,14,N,N,N,N
84819915,2015,3,Intersection - Unmarked Crosswalk,Walking/Cycling Along Roadway Against Traffic,Other Cyclist,SEFFNER,FL,33584,Male,,Test Not Given,,,,,Test Not Given,,,Possible,EMS,No Improper Action,,None,,13,N,N,N,N
84855916,2015,1,Intersection - Unmarked Crosswalk,Walking/Cycling on Sidewalk,Other Cyclist,JACKSONVILLE,FL,32224,Male,,Test Not Given,,,,,Test Not Given,,,None,Not Transported,Other,No Improper Action,None,,25,N,N,N,N
84860404,2015,2,Travel Lane - Other Location,In Roadway - Other,Other Cyclist,ORMOND BEACH,FL,32174,Male,,Test Not Given,,,,,Test Not Given,,,Non-Incapacitating,Other,Dart/Dash,,None,,3,N,N,N,N
84870449,2015,2,Travel Lane - Other Location,In Roadway - Other,Other Cyclist,PALMETTO,FL,34221,Female,,Test Not Given,,,,,Test Not Given,,,None,Not Transported,Inattentive,,None,,9,N,N,N,N
84882369,2015,1,Other,Other,Other Cyclist,ORLANDO,FL,32823,Male,,Test Not Given,,,,,Test Not Given,,,None,Not Transported,No Improper Action,,None,,4,N,N,N,N
84935285,2015,2,Travel Lane - Other Location,Walking/Cycling Along Roadway With Traffic,Other Cyclist,FT WALTON BEACH,FL,32548,,,,,,,,,,,Non-Incapacitating,Not Transported,No Improper Action,,None,,,N,N,N,N
84997804,2015,3,Shoulder/Roadside,Crossing Roadway,Other Cyclist,WINTER HAVEN,FL,33881,Male,,"Unknown, if Tested",,,,,"Unknown, if Tested",,,Possible,,,,,,6,N,N,N,N
85042096,2015,2,Intersection - Marked Crosswalk,Walking/Cycling Along Roadway With Traffic,Occupant of a Non-Motor Vehicle Transportation Device,PONCE INLET,FL,32127,Male,,,,,,,,,,None,,No Improper Action,,Not Applicable,,64,N,N,N,N
85042096,2015,3,Intersection - Marked Crosswalk,Walking/Cycling Along Roadway With Traffic,Occupant of a Non-Motor Vehicle Transportation Device,DAYTONA BEACH,FL,32119,Female,,,,,,,,,,None,,No Improper Action,,None,,56,N,N,N,N
85042096,2015,4,Intersection - Marked Crosswalk,Crossing Roadway,Other Cyclist,ST AUGUSTINE,FL,32086,Male,,,,,,,,,,None,Other,No Improper Action,,Not Applicable,,35,N,N,N,N
85095973,2015,2,Intersection - Other,Crossing Roadway,Other Cyclist,SARASOTA,,34234,Male,N,,,,,Y,Test Given,Blood,Positive,Fatal (within 30 days),Not Transported,Failure to Yield Right-of-Way,,None,,69,N,Y,Y,N
85111244,2015,2,Intersection - Unmarked Crosswalk,Walking/Cycling on Sidewalk,Other Cyclist,NAPLES,FL,34112,Male,,Test Not Given,,,,,Test Not Given,,,Non-Incapacitating,EMS,Wrong-Way Riding or Walking,,None,,60,N,N,N,N
85145218,2015,2,Travel Lane - Other Location,In Roadway - Other,Other Cyclist,LEHIGH ACRES,FL,33971,Female,,Test Not Given,,,,,Test Not Given,,,Possible,Not Transported,In Roadway Improperly,,None,,7,N,N,N,N
85145218,2015,3,Travel Lane - Other Location,In Roadway - Other,Other Cyclist,LEHIGH ACRES,FL,33971,Female,,Test Not Given,,,,,Test Not Given,,,Possible,Not Transported,In Roadway Improperly,,None,,3,N,N,N,N
85149453,2015,3,Shoulder/Roadside,Adjacent to Roadway,Other Cyclist,MACCLENNY,FL,32063,Male,,Test Not Given,,,,,Test Not Given,,,Non-Incapacitating,EMS,No Improper Action,No Improper Action,None,None,13,N,N,N,N
85157860,2015,1,Other,Other,Bicyclist,ORLANDO,FL,32810,Male,N,Test Not Given,,,,N,Test Not Given,,,None,Not Transported,No Improper Action,,None,,59,N,N,N,N
85157860,2015,2,Other,Other,Other Cyclist,ORLANDO,FL,32810,Female,N,Test Not Given,,,,N,Test Not Given,,,Incapacitating,EMS,No Improper Action,,None,,76,N,N,Y,N
85163318,2015,1,Travel Lane - Other Location,Other,Other Cyclist,ORLANDO,FL,32837,Male,,Test Not Given,,,,,Test Not Given,,,Non-Incapacitating,EMS,Other,,Helmet,Protective Pads,11,N,N,N,N
85190579,2015,5,Other,Other,Other Cyclist,SYCAMORE,IL,60178,Male,,Test Not Given,,,,,Test Not Given,,,None,Not Transported,In Roadway Improperly,,None,,50,N,N,N,N
85203537,2015,1,Travel Lane - Other Location,In Roadway - Other,Bicyclist,ORLANDO,FL,32839,Male,N,Test Not Given,,,,N,Test Not Given,,,Incapacitating,EMS,No Improper Action,,None,,21,N,N,N,N
85203537,2015,2,Travel Lane - Other Location,In Roadway - Other,Other Cyclist,PHILADELPHIA,PA,19145,Female,N,Test Not Given,,,,N,Test Not Given,,,Incapacitating,EMS,No Improper Action,,None,,37,N,N,N,N
85203537,2015,3,Travel Lane - Other Location,In Roadway - Other,Other Cyclist,PHILADELPHIA,PA,19114,Male,N,Test Not Given,,,,N,Test Not Given,,,Incapacitating,EMS,No Improper Action,,None,,33,N,N,N,N
85225762,2015,2,Travel Lane - Other Location,In Roadway - Other,Other Cyclist,CANTONMENT,FL,32533,Male,,Test Not Given,,,,,Test Not Given,,,Non-Incapacitating,EMS,In Roadway Improperly,,None,,21,N,N,N,N
85230470,2015,2,Midblock - Marked Crosswalk,Crossing Roadway,Bicyclist,ORLANDO,FL,32822,Female,,Test Not Given,,,,,Test Not Given,,,Possible,Not Transported,No Improper Action,,Helmet,,9,N,N,N,N
85230470,2015,3,Midblock - Marked Crosswalk,Crossing Roadway,Other Cyclist,ORLANDO,FL,32822,Female,,Test Not Given,,,,,Test Not Given,,,Possible,Not Transported,No Improper Action,,Helmet,,5,N,N,N,N
85641044,2015,3,Travel Lane - Other Location,Crossing Roadway,Other Cyclist,DAYTONA BEACH,,32114,Male,,,,,,,,,,None,Not Transported,Dart/Dash,,Helmet,,9,N,N,N,N
85642265,2015,1,Intersection - Marked Crosswalk,Crossing Roadway,Other Cyclist,HOLLY HILL,,32117,Male,,,,,,,,,,Possible,Not Transported,"Failure to Obey Traffic Signs, Signals, or Officer",,None,,53,N,N,N,N
85652745,2015,1,Other,Walking/Cycling Along Roadway With Traffic,Other Cyclist,MIAMI,,33175,Male,,,,,,,,,,None,Not Transported,"Failure to Obey Traffic Signs, Signals, or Officer",,None,,50,N,N,N,N
85657801,2015,2,Other,Walking/Cycling on Sidewalk,Other Cyclist,MIAMI,,3157,Male,,,,,,,,,,None,Not Transported,Unknown,,None,,55,N,N,N,N
85657982,2015,1,Other,Other,Other Cyclist,MIAMI,,33177,Male,N,,,,,N,,,,Incapacitating,EMS,Other,,None,,11,N,N,N,N
85665950,2015,4,Intersection - Marked Crosswalk,Waiting to Cross Roadway,Other Cyclist,MIAMI,,33196,Male,,,,,,,,,,Possible,EMS,No Improper Action,,Helmet,,67,N,N,Y,N
85665950,2015,5,Intersection - Marked Crosswalk,Waiting to Cross Roadway,Other Cyclist,MIAMI,,33196,Male,,,,,,,,,,Possible,EMS,No Improper Action,,Helmet,,48,N,N,N,N
85690418,2015,2,Intersection - Other,Crossing Roadway,Other Cyclist,ST PETERSBURG,FL,33705,Female,,,,,,,,,,Non-Incapacitating,EMS,"Failure to Obey Traffic Signs, Signals, or Officer",,None,,10,N,N,N,N
85673643,2015,2,Sidewalk,Waiting to Cross Roadway,Other Cyclist,CLEARWATER,FL,33765,Male,N,,,,,N,,,,Incapacitating,EMS,No Improper Action,,None,,88,N,N,Y,N
85680503,2015,2,Intersection - Other,Crossing Roadway,Other Cyclist,HIALEAH,FL,33012,Male,,,,,,,,,,Non-Incapacitating,Not Transported,"Failure to Obey Traffic Signs, Signals, or Officer",,None,,33,N,N,N,N
85681694,2015,2,Intersection - Other,Other,Other Cyclist,MIAMI,FL,33127,Male,,,,,,,,,,Possible,Not Transported,Failure to Yield Right-of-Way,,None,,10,N,N,N,N
85682186,2015,1,Intersection - Marked Crosswalk,Adjacent to Roadway,Other Cyclist,MIAMI BEACH,FL,33139,Male,,,,,,,,,,Possible,Not Transported,No Improper Action,,None,,37,N,N,N,N
85684516,2015,2,Intersection - Other,Crossing Roadway,Other Cyclist,BOYNTON BEACH,FL,33435,Male,,,,,,,,,,Non-Incapacitating,EMS,Dart/Dash,No Improper Action,None,,57,N,N,N,N
85686568,2015,3,Intersection - Marked Crosswalk,Crossing Roadway,Other Cyclist,VALRICO,FL,33594,Male,,Test Not Given,,,,,Test Not Given,,,None,Not Transported,"Failure to Obey Traffic Signs, Signals, or Officer",Failure to Yield Right-of-Way,None,,82,N,N,Y,N
85705880,2015,1,Non-Trafficway Area,Other,Other Cyclist,BROOKLYN,,11219,Female,,,,,,,,,,Non-Incapacitating,Not Transported,Other,,None,,19,N,N,N,Y
85724257,2015,3,Intersection - Unmarked Crosswalk,Walking/Cycling on Sidewalk,Other Cyclist,TARPON SPRINGS,FL,34689,Male,,,,,,,,,,Possible,EMS,No Improper Action,,None,,54,N,N,N,N
85767063,2015,2,Intersection - Marked Crosswalk,Crossing Roadway,Other Cyclist,ORLANDO,FL,32829,,,,,,,,,,,Possible,,No Improper Action,,None,,,N,N,N,N
85792176,2015,2,Intersection - Marked Crosswalk,Adjacent to Roadway,Other Cyclist,PALM CITY,FL,34990,Male,,,,,,,,,,,,No Improper Action,,,,15,N,N,N,Y
85804898,2015,2,Travel Lane - Other Location,In Roadway - Other,Other Cyclist,MIAMI,FL,33136,Female,,,,,,,,,,Non-Incapacitating,EMS,In Roadway Improperly,,None,,17,N,N,N,Y
85822962,2015,1,Intersection - Unmarked Crosswalk,Walking/Cycling Along Roadway Against Traffic,Other Cyclist,JACKSONVILLE,FL,32205,Male,,Test Not Given,,,,,Test Not Given,,,Possible,EMS,In Roadway Improperly,,None,,40,N,N,N,N
85827851,2015,2,Bicycle Lane,Walking/Cycling Along Roadway Against Traffic,Other Cyclist,LAKE WORTH,FL,33467,Male,,,,,,,,,,Possible,Not Transported,Wrong-Way Riding or Walking,,Helmet,,20,N,N,N,N
85828586,2015,2,Intersection - Unmarked Crosswalk,Walking/Cycling on Sidewalk,Other Cyclist,GREENACRES,FL,33463,Male,,,,,,,,,,Possible,EMS,No Improper Action,,None,,60,N,N,N,N
85831160,2015,2,Midblock - Marked Crosswalk,Walking/Cycling on Sidewalk,Other Cyclist,FORT LAUDERDALE,FL,33334,,,,,,,,,,,None,EMS,Other,,Unknown,,,N,N,N,N
85866868,2015,2,Shoulder/Roadside,Walking/Cycling Along Roadway With Traffic,Bicyclist,MIAMI,FL,33127,Male,,,,,,,,,,Possible,Not Transported,No Improper Action,,None,,51,N,N,N,N
85866868,2015,3,Shoulder/Roadside,Walking/Cycling Along Roadway With Traffic,Other Cyclist,MIAMI,FL,33127,Male,,,,,,,,,,Possible,Not Transported,No Improper Action,,None,,3,N,N,N,N
85876947,2015,2,Other,None,Other Cyclist,ST. PETERSBURG,FL,33702,Female,N,,,,,N,,,,None,Not Transported,No Improper Action,,None,,33,N,N,N,N
85880124,2015,2,Intersection - Marked Crosswalk,Walking/Cycling on Sidewalk,Bicyclist,PALM BAY,FL,32907,Female,,,,,,,,,,Non-Incapacitating,Other,No Improper Action,,None,,11,N,N,N,N
85880124,2015,3,Intersection - Marked Crosswalk,Walking/Cycling on Sidewalk,Other Cyclist,PALM BAY,FL,,Female,,,,,,,,,,Possible,Other,No Improper Action,,None,,8,N,N,N,N
85882773,2015,2,Sidewalk,Crossing Roadway,Other Cyclist,N FORT MYERS,FL,33917,Male,,,,,,,,,,Possible,EMS,No Improper Action,,None,,29,N,N,N,N
85954397,2015,2,Shoulder/Roadside,Crossing Roadway,Other Cyclist,SEMINOLE,FL,33776,Male,,,,,,,,,,None,Not Transported,Other,,None,,74,N,N,Y,N
85957788,2015,2,Intersection - Unmarked Crosswalk,Crossing Roadway,Bicyclist,ORLANDO,,32805,Male,,,,,,,,,,None,Not Transported,No Improper Action,,None,,15,N,N,N,Y
85957788,2015,3,Intersection - Unmarked Crosswalk,Crossing Roadway,Other Cyclist,ORLANDO,,32805,Female,,,,,,,,,,None,Not Transported,No Improper Action,,None,,14,N,N,N,N
85959750,2015,2,Travel Lane - Other Location,Crossing Roadway,Other Cyclist,FT PIERCE,FL,34946,,,,,,,,,,,None,Not Transported,No Improper Action,,None,,,N,N,N,N
85961769,2015,2,Other,Other,Other Cyclist,CORAL SPRINGS,FL,33076,Female,,,,,,,,,,Possible,Not Transported,No Improper Action,,None,,9,N,N,N,N
85975312,2015,2,Intersection - Marked Crosswalk,Crossing Roadway,Other Cyclist,MIAMI,,33032,Male,,,,,,,,,,Non-Incapacitating,EMS,Not Visible,Other,None,,50,N,N,N,N
85992732,2015,3,Travel Lane - Other Location,Walking/Cycling Along Roadway With Traffic,Other Cyclist,MIAMI,,33150,Male,,,,,,,,,,Non-Incapacitating,EMS,Improper Passing,,None,,25,N,N,N,N
86009321,2015,2,Intersection - Marked Crosswalk,Crossing Roadway,Other Cyclist,MIAMI,FL,33155,Female,,,,,,,,,,Non-Incapacitating,EMS,No Improper Action,,None,,25,N,N,N,N
86059004,2015,2,Bicycle Lane,In Roadway - Other,Other Cyclist,MIAMI,FL,33136,Female,,,,,,,,,,Non-Incapacitating,EMS,No Improper Action,,Lighting,None,33,N,N,N,N
86061182,2015,2,Shared-Use Path or Trail,Other,Other Cyclist,MIAMI,FL,33138,Male,,,,,,,,,,None,Not Transported,No Improper Action,,None,,26,N,N,N,N
86077358,2015,2,Intersection - Marked Crosswalk,Crossing Roadway,Other Cyclist,ST PETERSBURG,FL,33713,Male,,,,,,,,,,Non-Incapacitating,Not Transported,No Improper Action,,None,,72,N,N,Y,N
86107646,2015,2,Travel Lane - Other Location,Walking/Cycling Along Roadway With Traffic,Other Cyclist,SARASOTA,FL,34242,Male,,,,,,,,,,Non-Incapacitating,EMS,No Improper Action,,None,,29,N,N,N,N
86104038,2015,2,Intersection - Marked Crosswalk,Crossing Roadway,Other Cyclist,LAKE MARY,,32746,Male,,,,,,,,,,Possible,Not Transported,No Improper Action,,Helmet,,16,N,N,N,Y
86113799,2015,2,Intersection - Unmarked Crosswalk,Crossing Roadway,Other Cyclist,WINTER PARK,,32790,Male,,,,,,,,,,Possible,EMS,Not Visible,,None,,52,N,N,N,N
86217175,2015,2,Other,Walking/Cycling on Sidewalk,Other Cyclist,FORT MYERS,FL,33901,Male,,,,,,,,,,None,Not Transported,No Improper Action,,None,,20,N,N,N,N
86225650,2015,2,Shoulder/Roadside,Unknown,Other Cyclist,MIAMI,FL,33125,Male,,,,,,,,,,Possible,EMS,No Improper Action,,None,,52,N,N,N,N
86227647,2015,2,Travel Lane - Other Location,Walking/Cycling Along Roadway With Traffic,Other Cyclist,MIRAMAR,FL,33025,Male,,,,,,,,,,Possible,EMS,No Improper Action,,Unknown,,29,N,N,N,N
86256987,2015,1,Travel Lane - Other Location,Crossing Roadway,Other Cyclist,PARKLAND,FL,33067,,,,,,,,,,,Non-Incapacitating,Other,Dart/Dash,Not Visible,None,,,N,N,N,N
86259977,2015,2,Travel Lane - Other Location,Walking/Cycling Along Roadway With Traffic,Other Cyclist,POMPANO BEACH,FL,33060,,,,,,,,,,,Non-Incapacitating,EMS,Failure to Yield Right-of-Way,,None,,,N,N,N,N
86292644,2015,1,Intersection - Unmarked Crosswalk,Crossing Roadway,Other Cyclist,WEST PALM BEACH,FL,33409,,N,,,,,N,,,,Incapacitating,EMS,"Failure to Obey Traffic Signs, Signals, or Officer",Other,None,Lighting,,N,N,N,N
81443557,2016,2,Sidewalk,Other,Other Cyclist,WEST PALM BEACH,FL,33415,Male,N,,,,,N,,,,None,Not Transported,No Improper Action,,None,,2,N,N,N,N
