REPORT_NUMBER,CRASH_YEAR,VEHICLE_NUMBER,PERSON_NUMBER,CITY,STATE,ZIP_CODE,SEX,HELMET_CODE,RESTRAINT_SYSTEM_CODE,EYE_PROTECTION_CODE,AIR_BAG_DEPLOYMENT_CODE,EJECTED,INJURY_SEVERITY,EMS_TRANSPORT_TYPE,SEAT_POSITION_CODE,ROW_POSITION_CODE,OTHER_POSITION_CODE,S4_AGE_AT_TIME_OF_CRASH,S4_IS_UNRESTRAINED_PASSENGER
81421443,2015,1,3,WEST PALM BEACH,FL,33406,Female,No Helmet,Shoulder and Lap Belt Used,,Not Deployed,Not Ejected,None,Not Transported,Right,Front,Not Applicable,60,N
82984083,2015,2,3,DAYTONA BEACH,FL,32118,Male,,Shoulder and Lap Belt Used,,Not Deployed,,None,Not Transported,Right,Front,Not Applicable,55,N
84103466,2015,1,2,,,,,,,,,Unknown,,Unknown,Right,Front,,,N
86256987,2015,1,3,PARKLAND,FL,33067,Male,No Helmet,Shoulder and Lap Belt Used,,Not Deployed,Not Ejected,None,Not Transported,Right,Front,Not Applicable,24,N
84481768,2015,1,2,CARRABELLE,FL,32322,Female,,Shoulder and Lap Belt Used,,Not Deployed,Not Ejected,None,Not Transported,Right,Front,Not Applicable,81,N
84543505,2015,1,2,BRADENTON,FL,34203,Female,,Shoulder and Lap Belt Used,,Not Deployed,Not Ejected,None,Not Transported,Right,Front,Not Applicable,15,N
84771742,2015,1,4,NORTH MIAMI,FL,33162,Female,,Shoulder and Lap Belt Used,,Not Deployed,Not Ejected,None,Not Transported,Right,Front,Not Applicable,20,N
84800669,2015,1,2,TARPON SPRINGS,FL,34688,Male,,Shoulder and Lap Belt Used,,Not Deployed,Not Ejected,None,Not Transported,Left,Second,,9,N
84800669,2015,1,3,TARPON SPRINGS,FL,34688,Male,,Shoulder and Lap Belt Used,,Not Deployed,Not Ejected,None,Not Transported,Right,Second,,6,N
84855916,2015,1,3,JACKSONVILLE,FL,32246,Female,,Shoulder and Lap Belt Used,,Not Deployed,Not Ejected,None,Not Transported,Right,Front,Not Applicable,22,N
84997804,2015,2,2,WINTER HAVEN,FL,33881,Female,,Shoulder and Lap Belt Used,,,Not Ejected,None,,,,,,N
85190579,2015,1,2,GULF BREEZE,FL,32561-2465,Male,,Shoulder and Lap Belt Used,,Not Deployed,Not Ejected,None,Not Transported,Right,Front,Not Applicable,53,N
85190579,2015,1,3,NORCROSS,GA,300712127,Female,,Shoulder and Lap Belt Used,,Not Deployed,Not Ejected,None,Not Transported,Right,Second,Not Applicable,54,N
85190579,2015,1,4,NORCROSS,GA,300712127,Male,,Shoulder and Lap Belt Used,,Not Deployed,Not Ejected,None,Not Transported,Left,Second,Not Applicable,51,N
85641044,2015,1,2,DAYTONA BEACH,FL,32117,Male,No Helmet,Child Restraint System - Forward Facing,,Not Deployed,Not Ejected,None,Not Transported,Right,Second,Not Applicable,1,N
85657982,2015,1,2,MIAMI,FL,33177,Male,No Helmet,,,,,Possible,Not Transported,,,,16,N
85665950,2015,2,3,MIAMI,FL,33193,Female,No Helmet,Shoulder and Lap Belt Used,,Deployed - Combination,Not Ejected,Possible,Not Transported,Right,Front,Not Applicable,86,N
85680503,2015,1,3,HIALEAH,FL,33010,Female,No Helmet,Shoulder and Lap Belt Used,,Not Deployed,Not Ejected,None,Not Transported,Right,Front,Not Applicable,45,N
85680503,2015,1,4,HIALEAH,FL,33010,Male,No Helmet,Shoulder and Lap Belt Used,,Not Deployed,Not Ejected,None,Unknown,Middle,Second,Not Applicable,9,N
85686568,2015,1,2,ZEPHYRHILLS,FL,33541-0000,Female,,Child Restraint System - Forward Facing,,Not Applicable,Not Ejected,None,Not Transported,Middle,Second,,3,N
85724257,2015,1,2,DUNEDIN,FL,34698,Male,,Shoulder and Lap Belt Used,,Not Deployed,Not Ejected,None,Not Transported,Right,Front,,88,N
85992732,2015,1,2,MIAMI,FL,33147,Male,No Helmet,Shoulder and Lap Belt Used,,Not Deployed,Not Ejected,None,Not Transported,Right,Front,Not Applicable,43,N
