REPORT_NUMBER,CRASH_YEAR,VEHICLE_NUMBER,OWNER_CITY,OWNER_STATE,OWNER_ZIP_CODE,COMMERCIAL_VEHICLE_FLAG,MOTION_CODE,STATE_OF_REGISTRATION,PERMANENT_REGISTRATION_FLAG,HIT_AND_RUN_FLAG,VEHICLE_YEAR,VEHICLE_MAKE,VEHICLE_MODEL,VEHICLE_STYLE,VEHICLE_COLOR,DISABLING_FUNCTIONAL_DAMAGE,ESTIMATED_VEHICLE_DAMAGE,TOW_DAMAGE_CODE,HOW_TOW_REQUESTED,BUSINESS_OWNED_FLAG,VEHICLE_TRAVELING,ROAD_ON,ESTIMATED_MPH,POSTED_SPEED,TOTAL_NUMBER_OF_LANES,HAZARDOUS_MATERIAL_RELEASED,HAZMAT_PLACARD,HAZARDOUS_PLACARD_NUMBER,HAZMAT_CLASS,POINT_OF_IMPACT,MOST_DAMAGED_AREA_CODE,TYPE_OF_VEHICLE,TRAFFICWAY_CODE,COMMERCIAL_VEHICLE_CONFIGURATION_CODE,COMMERCIAL_USE_CODE,CARRIER_CARGO_BODY_TYPE,COMMERCIAL_VEHICLE_WEIGHT_CODE,MOST_HARMFUL_EVENT_CODE,HARMFUL_EVENT_1,HARMFUL_EVENT_2,HARMFUL_EVENT_3,HARMFUL_EVENT_4,EMERGENCY_VEHICLE_USE_CODE,ROADWAY_GRADE_CODE,ROADWAY_ALIGNMENT_CODE,VEHICLE_MANEUVER_ACTION,TRAFFIC_CONTROL_DEVICE,VEHICLE_SPECIAL_FUNCTION,VEHICLE_DEFECT1,VEHICLE_DEFECT2,S4_IS_COMMERCIAL_MOTOR_VEHICLE
81421443,2015,1,WEST PALM BEACH,FL,33406,,Vehicle in Transport,FL,,,2003,GMC,,4D,GRN,Functional,100,,,,East,CANAL 9 RD,10,30,2,,,,,Front Center Bumper,Front Center Bumper,(Sport) Utility Vehicle,"Two-Way, Divided, Positive Median Barrier",,,,,Pedalcycle,Pedalcycle,,,,,Level,Straight,Turning Right,Stop Sign,No Special Function,None,,
81428801,2015,1,BELLE GLADE,FL,33430,,Vehicle in Transport,FL,,,2007,TOYT,,4D,GRY,Minor,100,,,,Off-Road,915 SOUTH MAIN STREET PARKING LOT,2,10,1,,,,,Front Right Bumper,Front Right Bumper,Passenger Car,"Two-Way, Not Divided",,,,,,Pedestrian,,,,,Level,Straight,Turning Right,Stop Sign,Unknown,None,,
81527069,2015,1,GREEN COVE SPRINGS,FL,32043,N,Vehicle in Transport,FL,Y,N,2001,DODG,,PU,UNKN,Minor,50,N,,N,South,BELLAIR BLVD,5,25,2,,,,,Front Center Bumper,Front Center Bumper,Pickup,"Two-Way, Not Divided",,,,,Pedalcycle,Pedalcycle,,,,N,Level,Straight,Turning Right,Traffic Control Signal,No Special Function,None,,
81465854,2016,1,BELLE GLADE,FL,33430,N,Vehicle in Transport,FL,N,N,2010,FORD,,PK,DBL,Functional,1,N,,N,North,SW 7TH STREET,5,25,2,,,,,Front Right Bumper,Front Right Bumper,Passenger Car,"Two-Way, Not Divided",,,,,,Pedestrian,,,,N,Level,Straight,Straight Ahead,No Controls,No Special Function,None,,
82625221,2015,1,BOCA RATON,FL,33487,,Vehicle in Transport,FL,,,1988,CHEV,,,BLU,Functional,1500,,,,West,HIDDEN VALLEY BL,10,30,4,,,,,Right Front Fender,Right Front Fender,Pickup,"Two-Way, Divided, Positive Median Barrier",,,,,Motor Vehicle in Transport,Motor Vehicle in Transport,,,,,Level,Straight,Turning Left,Traffic Control Signal,No Special Function,None,,
82799274,2015,1,CLEARWATER,FL,33756,,Vehicle in Transport,FL,,,2009,MAZD,,,RED,Unknown,0,,,,East,5TH AVENUE NORTHEAST,30,30,2,,,,,Front Right Bumper,Front Right Bumper,Passenger Car,"Two-Way, Not Divided",,,,,Pedalcycle,Pedalcycle,,,,,Level,Straight,Straight Ahead,No Controls,No Special Function,None,,
82949099,2015,1,FORT PIERCE,FL,34946,,Vehicle in Transport,FL,,,2006,DODG,,4D,BLK,None,0,,,,East,DEVONSHIRE AVE,5,25,2,,,,,,,Passenger Car,"Two-Way, Not Divided",,,,,Pedestrian,Motor Vehicle in Transport,Pedestrian,,,,Level,Straight,Backing,No Controls,No Special Function,None,,
82984083,2015,2,DAYTONA BEACH,FL,32118,,Vehicle in Transport,FL,,,2015,CHEV,,4D,BLK,Minor,500,,Driver,,North,RIDGEWOOD AV,25,25,2,,,,,Rear Right Bumper,Rear Right Bumper,(Sport) Utility Vehicle,"Two-Way, Not Divided",,,,,Other Non-Fixed Object,Other Non-Fixed Object,,,,,Level,Straight,Straight Ahead,No Controls,No Special Function,None,,
83140214,2015,1,COCOA,FL,32927,,Vehicle in Transport,FL,,,2010,DODG,,4D,WHI,None,0,,,,Off-Road,1600 CLEARLAKE,5,45,4,,,,,Right Front Fender,Right Front Fender,Passenger Car,"Two-Way, Not Divided",,,,,Pedestrian,Motor Vehicle in Transport,Pedestrian,,,,Level,Straight,Turning Right,No Controls,No Special Function,None,,
83841764,2015,1,DELTONA,FL,32725,,Vehicle in Transport,FL,,,2013,JEEP,,2D,SIL,None,0,,Driver,,East,PARKING LOT,10,20,2,,,,,Front Right Bumper,,Passenger Car,"Two-Way, Not Divided",,,,,Motor Vehicle in Transport,Motor Vehicle in Transport,,,,,Level,Curve Left,Slowing,No Controls,No Special Function,None,None,
83849531,2015,1,WINTER GARDEN,FL,34787-0000,,Vehicle in Transport,FL,,,2015,JEEP,,SUV,ONG,None,0,,,,North,PAMELA AV NB,2,25,2,,,,,,,(Sport) Utility Vehicle,"Two-Way, Not Divided",,,,,Pedestrian,Pedestrian,,,,,Level,Straight,Slowing,No Controls,No Special Function,None,,
83888079,2015,1,HENDERSON,NV,89074,,Vehicle in Transport,NV,,,2007,CHEV,,4D,BGE,Minor,500,,,,West,29TH STREET,25,25,2,,,,,Front Right Bumper,Front Right Bumper,Pickup,"Two-Way, Not Divided",,,,,Pedestrian,Pedestrian,,,,,Level,Straight,Straight Ahead,Stop Sign,No Special Function,None,,
84028739,2015,2,MARSHALL,MN,56258,,Vehicle in Transport,FL,,,2014,ISU,,TK,WHI,None,0,,Driver,,North,STATE ROAD-7,10,45,4,,,,,,,"Other Light Trucks (10,000 lbs (4,536 kg) or less)",One-Way Trafficway,,,,,,Pedalcycle,,,,,Level,Straight,Turning Right,No Controls,No Special Function,None,,N
84103466,2015,1,,,,,,,,,,,,,,Unknown,0,,,,,,,,,,,,,,,,,,,,,,,,,,,,,,,,,,
84209486,2015,1,ROCKLEDGE,FL,32955,,Vehicle in Transport,FL,,,1997,BUIC,,4D,TAN,Minor,200,,,,West,LEVITT PKWY,25,20,2,,,,,Right Front Door,Right Front Door,Passenger Car,"Two-Way, Not Divided",,,,,Motor Vehicle in Transport,Motor Vehicle in Transport,Pedalcycle,,,,Level,Straight,Straight Ahead,No Controls,No Special Function,None,,
84276379,2015,1,VERO BEACH,FL,32960,,Vehicle in Transport,FL,,,2003,HOND,,4D,GRN,Minor,300,,,,East,1706 US HWY 1,5,5,2,,,,,Front Center Bumper,Front Center Bumper,Passenger Car,"Two-Way, Not Divided, with a Continuous Left Turn Lane",,,,,Pedalcycle,Pedalcycle,,,,,Level,Straight,Turning Right,No Controls,No Special Function,None,,
84287792,2015,1,APOPKA,FL,32712,,Working Vehicle,FL,,,2002,CHEV,,PK,RED,None,0,,Driver,,East,MARTIN ST,5,25,2,,,,,Front Center Bumper,Front Center Bumper,Pickup,"Two-Way, Not Divided",,,,,Motor Vehicle in Transport,Motor Vehicle in Transport,,,,,Level,Straight,Straight Ahead,Stop Sign,No Special Function,None,,
84290711,2015,1,JACKSONVILLE,FL,32208,,Vehicle in Transport,FL,,,2008,DODG,,4D,BLU,None,0,,Driver,,South,6254 103RD ST,5,15,6,,,,,Right Rear Fender,,Passenger Car,"Two-Way, Not Divided, with a Continuous Left Turn Lane",,,,,Pedalcycle,Pedalcycle,,,,,Level,Straight,Straight Ahead,No Controls,No Special Function,None,,
84420258,2015,1,CORAL SPRINGS,FL,33065,,Vehicle in Transport,FL,,,2003,TOYT,,4D,BGE,None,0,,Owner Request,,East,SW EXMORE AVE,20,25,2,,,,,Front Center Bumper,,Passenger Car,"Two-Way, Not Divided",,,,,Pedestrian,Pedestrian,,,,,Level,Straight,Straight Ahead,No Controls,No Special Function,None,,
84481768,2015,1,CARABELLE,FL,32322-0000,,Vehicle in Transport,FL,,,2012,JEEP,,UT,WHI,Minor,300,,,,South,US 319 (STATE ROAD 375),55,55,2,,,,,Front Right Bumper,Front Right Bumper,(Sport) Utility Vehicle,"Two-Way, Not Divided",,,,,Pedalcycle,"Ran Off Roadway, Right",Pedalcycle,,,,Level,Straight,Straight Ahead,No Controls,No Special Function,None,,
84528562,2015,1,DELAND,FL,32720-0000,,Vehicle in Transport,FL,,,2015,HOND,,5D,GRY,Functional,4000,,,,West,COUNTY ROAD 4114 (W NEW HAMPSHIRE AV,15,30,2,,,,,Front Center Bumper,Front Center Bumper,Passenger Car,"Two-Way, Not Divided",,,,,Pedestrian,Pedestrian,,,,,Level,Straight,Turning Left,No Controls,No Special Function,None,,
84543505,2015,1,BRADENTON,FL,34203-0000,,Vehicle in Transport,FL,,,2004,DODG,,PK,BLK,Minor,100,,,,West,DRAKE BLVD,20,30,2,,,,,Front Left Bumper,Front Left Bumper,Pickup,"Two-Way, Not Divided",,,,,Pedalcycle,Pedalcycle,,,,,Level,Straight,Turning Left,No Controls,No Special Function,None,,
84559793,2015,1,PENSACOLA,FL,32533,,Vehicle in Transport,,,,,UNKNO,,PK,BRO,Unknown,0,,,,West,KATHLEEN AVE,25,30,2,,,,,Front Center Bumper,Front Center Bumper,Pickup,"Two-Way, Not Divided",,,,,Pedalcycle,Pedalcycle,,,,,Level,Straight,Straight Ahead,No Controls,No Special Function,Unknown,,
84563677,2015,1,NEW PORT RICHEY,FL,34652-0000,,Vehicle in Transport,FL,,,2008,NISS,,4D,GRY,Functional,1200,,,,South,WOODCOCK DR,10,20,2,,,,,Front Left Bumper,Front Left Bumper,Passenger Car,"Two-Way, Not Divided",,,,,Pedalcycle,Pedalcycle,,,,,Level,Straight,Straight Ahead,No Controls,No Special Function,None,,
84567877,2015,1,PENSACOLA,FL,32506-4684,,Vehicle in Transport,FL,,,2005,CADI,,4D,BLU,Functional,500,,,,North,DELUNA DR,,25,2,,,,,Left Front Door,Left Front Door,Passenger Car,"Two-Way, Not Divided",,,,,Motor Vehicle in Transport,Motor Vehicle in Transport,,,,,Level,Straight,Stopped in Traffic,Other,No Special Function,None,,
84570877,2015,1,DUNNELLON,FL,34431-6102,,Vehicle in Transport,FL,,,2004,SUZI,,UT,BLU,None,0,,,,South,SW 230 AVE RD,15,30,2,,,,,Front Center Bumper,Front Center Bumper,(Sport) Utility Vehicle,"Two-Way, Not Divided",,,,,Pedalcycle,Pedalcycle,,,,,Level,Curve Left,Straight Ahead,No Controls,No Special Function,None,,
84685467,2015,1,,,,,Vehicle in Transport,UK,,,,,,,,Unknown,0,,,,Unknown,,,,,,,,,Front Center Bumper,Front Center Bumper,Unknown,Unknown,,,,,Motor Vehicle in Transport,Motor Vehicle in Transport,,,,,Level,Straight,Unknown,Unknown,Unknown,Unknown,,
84717508,2015,1,VERO BEACH,FL,32962,,Vehicle in Transport,FL,,,2013,HOND,,4D,WHI,Minor,1,,,,East,9TH STREET SOUTHWEST,0,,,,,,,Front Center Bumper,Front Left Bumper,Passenger Car,Unknown,,,,,Motor Vehicle in Transport,Motor Vehicle in Transport,,,,,Level,Straight,Straight Ahead,Traffic Control Signal,No Special Function,Unknown,,
84723913,2015,1,,,,,,,,,,UK,,UNKNOWN,UNKNOWN,Unknown,0,,,,,,,,,,,,,,,Unknown,,,,,,Pedalcycle,Pedalcycle,,,,,,,Unknown,,Unknown,Unknown,Unknown,
84723913,2015,2,TAVERNIER,FL,33070,,Parked Motor Vehicle,FL,,,2000,HOND,,2D,GRY,Minor,50,,Other,,East,OLIVIA ST,0,25,2,,,,,Left Front Door,Left Front Door,Passenger Car,One-Way Trafficway,,,,,Pedalcycle,Pedalcycle,,,,,Level,Straight,Parked,No Controls,No Special Function,None,,
84752891,2015,1,,,,,Vehicle in Transport,,,,,,,,,,0,,,,,NW 9TH AV,,,,,,,,,,,,,,,,Motor Vehicle in Transport,Motor Vehicle in Transport,,,,,,,,,,,,
84770225,2015,1,ATLANTA,GA,30348,,Vehicle in Transport,FL,,,2014,FORD,,4D,GRY/,Minor,100,,,,South,2835 HOLLYWOOD BLVD,5,,1,,,,,Front Center Bumper,Front Center Bumper,Passenger Car,One-Way Trafficway,,,,,Motor Vehicle in Transport,Motor Vehicle in Transport,,,,,Level,Straight,Straight Ahead,No Controls,No Special Function,None,,
84771742,2015,1,NORTH MIAMI BEACH,FL,33162,,Vehicle in Transport,FL,,,2014,KIA,,4D,BRZ,Functional,1000,,Rotation,,East,WASHINGTON ST,5,30,4,,,,,Front Left Bumper,Front Right Bumper,Passenger Car,"Two-Way, Not Divided",,,,,Pedalcycle,Pedalcycle,,,,,Level,Straight,Turning Left,No Controls,No Special Function,None,,
84792362,2015,2,SANFORD,FL,32771,,Vehicle in Transport,FL,,,2004,DODG,,PK,BLK,Functional,1000,,,,West,133 COUNTRY CLUB CIR,0,25,2,,,,,Right Rear Fender,Right Rear Fender,Pickup,"Two-Way, Not Divided",,,,,,Motor Vehicle in Transport,,,,,Level,Straight,Parked,Traffic Control Signal,No Special Function,None,,
84792402,2015,1,ALPHARETTA,GA,30009,,Vehicle in Transport,GA,,,2014,HOND,,4D,BLU,None,0,,,,North,Airport Blvd,3,45,4,,,,,Right Front Door,Right Front Door,Passenger Car,"Two-Way, Divided, Positive Median Barrier",,,,,,Pedalcycle,,,,,Level,Straight,Turning Right,Traffic Control Signal,No Special Function,None,,
84792837,2015,1,SANFORD,FL,32773,,Vehicle in Transport,FL,,,2012,NISS,,4D,GRY,Minor,100,,,,South,Hidden Lakes Drives,5,25,2,,,,,Front Left Bumper,Front Left Bumper,Passenger Car,"Two-Way, Not Divided",,,,,,"Ran Off Roadway, Left",,,,,Level,Straight,Turning Right,Traffic Control Signal,No Special Function,None,,
84800669,2015,1,TARPON SPRINGS,FL,34688,,Vehicle in Transport,FL,,,2011,HYUN,,4D,WHI,Minor,150,,Rotation,,South,US 19 N,40,55,8,,,,,Right Front Fender,Right Front Fender,Passenger Car,"Two-Way, Divided, Positive Median Barrier",,,,,Motor Vehicle in Transport,Motor Vehicle in Transport,,,,,Level,Straight,Straight Ahead,Traffic Control Signal,No Special Function,None,,
84819915,2015,1,SEFFNER,FL,33584-4702,,Vehicle in Transport,FL,,,2010,HYUN,,4D,BLK,Minor,750,,,,East,SLIGH AV,10,35,2,,,,,Front Left Bumper,Front Left Bumper,Passenger Car,"Two-Way, Not Divided",,,,,Pedalcycle,Pedalcycle,,,,,Uphill,Straight,Turning Right,Stop Sign,No Special Function,None,,
84855916,2015,1,JACKSONVILLE,FL,32246-8552,,Vehicle in Transport,FL,,,2013,ACUR,,4D,BRZ,Minor,300,,,,East,SR 10 (ATLANTIC BLVD),5,45,6,,,,,Right Front Fender,Right Front Fender,Passenger Car,"Two-Way, Not Divided, with a Continuous Left Turn Lane",,,,,Pedalcycle,Pedalcycle,,,,,Level,Straight,Turning Right,No Controls,No Special Function,None,,
84860404,2015,1,ORMOND BEACH,FL,32174-0000,,Vehicle in Transport,FL,,,2011,HYUN,,4D,BLK,None,0,,,,South,CHEROKEE ROAD,5,10,2,,,,,Front Center Bumper,Front Center Bumper,Passenger Car,"Two-Way, Not Divided",,,,,Pedalcycle,Pedalcycle,,,,,Level,Straight,Straight Ahead,No Controls,No Special Function,None,,
84870449,2015,1,PALMETTO,FL,34221-0000,,Vehicle in Transport,FL,,,2014,TOYT,,4D,GRY,None,0,,,,South,CORTINA LN,,5,2,,,,,Left Front Door,Left Front Door,Passenger Car,"Two-Way, Not Divided",,,,,Pedalcycle,Pedalcycle,,,,,Level,Straight,Other,Stop Sign,No Special Function,None,,
84882369,2015,1,ORLANDO,FL,32812-6101,,Parked Motor Vehicle,FL,,,2008,PONT,,4D,SIL,Functional,500,,,,East,BRIERCREST TRL,,25,2,,,,,Rear Center Bumper,Rear Center Bumper,Passenger Car,"Two-Way, Not Divided",,,,,Other Non-Fixed Object,Other Non-Fixed Object,,,,,Level,Straight,Parked,No Controls,No Special Function,None,,
84935285,2015,1,SHALIMAR,FL,32579,,Vehicle in Transport,FL,,,2011,FORD,,4D,GLD,Functional,2000,,,,East,PARK CIR SE,5,25,2,,,,,Left Rear Fender,Left Rear Fender,Passenger Car,"Two-Way, Not Divided",,,,,Pedalcycle,Pedalcycle,,,,,Level,Straight,Making U-Turn,No Controls,No Special Function,None,,
84997804,2015,2,WINTER HAVEN,FL,33881,,Vehicle in Transport,FL,,,2009,LINCO,,4D,Beige,Minor,500,,,,West,WARE AVE NE,20,25,2,,,,,Front Center Bumper,Front Center Bumper,(Sport) Utility Vehicle,"Two-Way, Not Divided",,,,,,Motor Vehicle in Transport,,,,,Level,Straight,Straight Ahead,No Controls,No Special Function,None,,
85042096,2015,1,ST AUGUSTINE,FL,32085,,Vehicle in Transport,FL,,,2004,NISS,,SUV,WHITE,Functional,500,,Driver,,,,,,,,,,,Front Left Bumper,,Passenger Car,"Two-Way, Not Divided, with a Continuous Left Turn Lane",,,,,Pedalcycle,Pedalcycle,,,,,Level,Straight,Turning Left,Traffic Control Signal,,None,,
85095973,2015,1,SARASOTA,FL,34233,,Vehicle in Transport,FL,,,2003,INFI,,SW,GRY,Disabling,5000,,Rotation,,North,SR 45,40,40,4,,,,,Front Right Bumper,Front Center Bumper,(Sport) Utility Vehicle,"Two-Way, Divided, Positive Median Barrier",,,,,Pedalcycle,Pedalcycle,,,,,Level,Straight,Straight Ahead,No Controls,No Special Function,None,,
85111244,2015,1,MARCO ISLAND,FL,34145-0000,,Vehicle in Transport,FL,,,2003,BMW,,UT,BLK,Minor,500,,,,South,U.S. 41,5,45,6,,,,,Front Center Bumper,Hood,(Sport) Utility Vehicle,"Two-Way, Divided, Positive Median Barrier",,,,,Pedalcycle,Pedalcycle,,,,,Level,Straight,Turning Right,Stop Sign,No Special Function,None,,
85145218,2015,1,LEHIGH ACRES,FL,33971-7601,,Vehicle in Transport,FL,,,2007,PONT,,4D,WHI,Minor,100,,,,North,DALE AVE N,10,30,2,,,,,Front Right Bumper,Front Right Bumper,Passenger Car,"Two-Way, Not Divided",,,,,Motor Vehicle in Transport,Motor Vehicle in Transport,,,,,Level,Straight,Turning Left,No Controls,No Special Function,None,,
85149453,2015,1,,,,,Vehicle in Transport,,,,,,,,,Unknown,0,,,,West,LARIMER ROAD,,15,1,,,,,,,,"Two-Way, Not Divided",,,,,Pedalcycle,Pedalcycle,,,,,Level,Straight,Negotiating a Curve,No Controls,No Special Function,Unknown,,
85157860,2015,1,ORLANDO,FL,32810-0000,,Vehicle in Transport,FL,,,2013,TOYT,,4D,GLD,Minor,1,,,,South,4300 CLARCONA OCOEE RD,5,10,1,,,,,Rear Center Bumper,Rear Center Bumper,Passenger Car,"Two-Way, Not Divided",,,,,Pedalcycle,Pedalcycle,,,,,Level,Straight,Backing,No Controls,No Special Function,None,,
85163318,2015,1,ORLANDO,FL,32837,,Vehicle in Transport,,,,2004,XTREM,,MC,YEL,Minor,50,,,,East,TANDORI CIR,10,25,2,,,,,Right Front Door,Right Front Door,Motorcycle,"Two-Way, Not Divided",,,,,Fell/Jumped From Motor Vehicle,Fell/Jumped From Motor Vehicle,,,,,Level,Straight,Straight Ahead,No Controls,No Special Function,None,,
85190579,2015,1,PENSACOLA,FL,32591-0000,,Vehicle in Transport,FL,,,2013,CADI,,4D,BLK,Minor,300,,,,South,PARKING LOT OF 800 QUIETWATER BEACH,5,15,2,,,,,Rear Right Bumper,Rear Right Bumper,(Sport) Utility Vehicle,"Two-Way, Not Divided",,,,,Pedalcycle,Pedalcycle,,,,,Level,Straight,Backing,No Controls,No Special Function,None,,
85203537,2015,1,,,,N,Vehicle in Transport,,N,Y,,,,,,Unknown,0,N,,N,East,UNIVERSAL BLVD,,45,6,,,,,Front Left Bumper,Front Left Bumper,,"Two-Way, Divided, Positive Median Barrier",,,,,Pedalcycle,Pedalcycle,,,,N,Level,Straight,Straight Ahead,No Controls,No Special Function,None,,
85225762,2015,1,CANTONMENT,FL,32533-9206,,Vehicle in Transport,FL,,,2008,MAZD,,4D,WHI,Functional,2000,,,,North,CR-95A (N PALAFOX RD),45,45,2,,,,,Front Right Bumper,Front Right Bumper,(Sport) Utility Vehicle,"Two-Way, Not Divided",,,,,Pedestrian,Pedestrian,,,,,Level,Straight,Straight Ahead,No Controls,No Special Function,None,,
85230470,2015,1,ORLANDO,FL,32822-6315,,Vehicle in Transport,FL,,,2003,DODG,,UT,BLK,Minor,50,,,,South,CAMELLIA GARDEN DRIVE,10,25,2,,,,,Front Center Bumper,Front Center Bumper,Passenger Car,"Two-Way, Not Divided",,,,,Pedalcycle,Pedalcycle,,,,,Level,Straight,Straight Ahead,No Controls,No Special Function,None,,
85641044,2015,1,DAYTONA BEACH,FL,32117,,Vehicle in Transport,FL,,,1998,FORD,,4D,BLU,None,0,,Driver,,East,GEORGE W. ENGRAM BLVD.,30,35,4,,,,,Front Left Bumper,Windshield,Passenger Car,"Two-Way, Not Divided",,,,,,Other Non-Collision,,,,,Level,Straight,Straight Ahead,No Controls,No Special Function,None,,
85642265,2015,1,HOLLY HILL,FL,32117,,Vehicle in Transport,FL,,,2000,HOMD,,MB,BLK,Disabling,400,,Driver,,East,US92 / INTERNATIONAL SPEEDWAY BLVD.,5,45,6,,,,,Rear Left Bumper,Rear Left Bumper,Other,"Two-Way, Divided, Unprotected (painted >4 feet) Median",,,,,Motor Vehicle in Transport,Motor Vehicle in Transport,,,,,Level,Straight,Straight Ahead,No Controls,No Special Function,None,,
85642265,2015,2,DAYTONA BEACH,FL,32114,,Vehicle in Transport,FL,,,2008,DODG,,PK,RED,None,0,,Driver,,South,SR5A / NOVA RD.,5,45,6,,,,,Front Right Bumper,Front Right Bumper,Pickup,"Two-Way, Divided, Unprotected (painted >4 feet) Median",,,,,Pedestrian,Pedestrian,,,,,Level,Straight,Straight Ahead,Traffic Control Signal,No Special Function,None,,
85652745,2015,1,MIAMI,FL,33183,,Vehicle in Transport,FL,,,1998,PONT,,2D,RED,Functional,1800,,Driver,,West,SW 24TH STREET,20,35,4,,,,,Front Center Bumper,Front Center Bumper,Passenger Car,"Two-Way, Not Divided, with a Continuous Left Turn Lane",,,,,Motor Vehicle in Transport,Motor Vehicle in Transport,,,,,Level,Straight,Straight Ahead,Traffic Control Signal,No Special Function,None,,
85657801,2015,1,UK,,,,Vehicle in Transport,,,,,,,,,Functional,100,,Driver,,North,11951 SW 152 ST,,20,2,,,,,Right Front Fender,Front Center Bumper,Passenger Car,"Two-Way, Not Divided",,,,,Motor Vehicle in Transport,Motor Vehicle in Transport,,,,,Level,Straight,Unknown,No Controls,No Special Function,Unknown,,
85657982,2015,1,MIAMI,FL,33186,,Vehicle in Transport,FL,,,2006,KYMC,,MV,BLK,Functional,100,,Other,,East,SW 208 ST,20,30,0,,,,,,,All Terrain Vehicle (ATV),Unknown,,,,,,Fence,,,,,Level,Straight,Turning Left,No Controls,No Special Function,Other,,
85665950,2015,1,MIAMI,FL,33173,,Vehicle in Transport,FL,,,2008,VOLK,,4D,RED,Disabling,4000,,Owner Request,,West,SW 72 ST,35,40,6,,,,,Right Front Door,Right Front Fender,Passenger Car,"Two-Way, Divided, Positive Median Barrier",,,,,Motor Vehicle in Transport,Motor Vehicle in Transport,,,,,Level,Straight,Turning Left,Traffic Control Signal,No Special Function,None,None,
85665950,2015,2,MIAMI,FL,33184,,Vehicle in Transport,FL,,,2002,CHRY,,4D,GLD,Disabling,4000,,Owner Request,,East,SW 72 ST,35,40,6,,,,,Front Center Bumper,Front Center Bumper,Passenger Car,"Two-Way, Divided, Positive Median Barrier",,,,,Motor Vehicle in Transport,Motor Vehicle in Transport,,,,,Level,Straight,Straight Ahead,Traffic Control Signal,No Special Function,None,None,
85673643,2015,1,OLATHE,KS,66062,,Vehicle in Transport,KS,,,2012,KENW,TRUCK,TC,DGR / DGR,None,1,,Driver,,North,S BELCHER RD,5,35,5,,N,,,Right Rear Fender,Right Rear Fender,"Medium/Heavy Trucks (more than 10,000 lbs (4,536 kg))","Two-Way, Not Divided",Truck Tractor/Semi-Trailer,Intrastate Carrier,Van/Enclosed Box,"More than 26,000 lbs (11,793 kg)",Motor Vehicle in Transport,Motor Vehicle in Transport,Curb,,,,Level,Straight,Turning Right,Traffic Control Signal,No Special Function,None,None,Y
85680503,2015,1,HIALEAH,FL,33010,,Vehicle in Transport,FL,,,2002,CHEV,,4D,MAR,Minor,400,,,,East,WEST 25TH STREET,25,30,2,,,,,Left Rear Fender,Left Rear Fender,Passenger Car,"Two-Way, Not Divided",,,,,Pedalcycle,Pedalcycle,,,,,Level,Straight,Straight Ahead,No Controls,No Special Function,None,,
85681694,2015,1,MIAMI,FL,33142,,Vehicle in Transport,FL,,,2007,HYUN,,4D,SIL,Minor,1300,,Driver,,South,NW 9 AVE.,30,30,4,,,,,Right Front Fender,Right Front Fender,Passenger Car,"Two-Way, Divided, Unprotected (painted >4 feet) Median",,,,,Pedalcycle,Pedalcycle,,,,,Level,Straight,Straight Ahead,No Controls,No Special Function,None,,
85682186,2015,1,,,,,,,,,,UK,,UNKNOWN,UNKNOWN,Unknown,0,,,,,,,,,,,,,,,Unknown,,,,,,,,,,,,,,Unknown,,Unknown,Unknown,Unknown,
85684516,2015,1,BOYNTON BEACH,FL,33435,,Vehicle in Transport,FL,,,1993,TOYT,,4D,WHI,Minor,1000,,Driver,,North,NW 3RD ST,25,25,2,,,,,Left Front Door,Left Front Fender,Passenger Car,"Two-Way, Not Divided",,,,,Motor Vehicle in Transport,Motor Vehicle in Transport,,,,,Level,Straight,Straight Ahead,No Controls,No Special Function,None,,
85686568,2015,1,ZEPHYRHILLS,FL,33541-0000,,Vehicle in Transport,FL,,,2013,HOND,,4D,WHI,Functional,700,,,,South,MT CARMEL RD,25,35,2,,,,,Front Right Bumper,Front Right Bumper,Passenger Car,"Two-Way, Not Divided",,,,,Other Non-Fixed Object,Other Non-Fixed Object,,,,,Level,Straight,Straight Ahead,No Controls,No Special Function,None,,
85690418,2015,1,ST PETERSBURG,FL,33714,,Vehicle in Transport,FL,,,2006,DODG,,UT,BLU,Minor,0,,,,North,7TH ST S,15,30,2,,,,,Rear Left Bumper,,(Sport) Utility Vehicle,"Two-Way, Not Divided",,,,,Motor Vehicle in Transport,Motor Vehicle in Transport,,,,,Uphill,Straight,Straight Ahead,No Controls,No Special Function,None,,
85705880,2015,1,MIAMI,FL,33176,,Parked Motor Vehicle,FL,,,2002,FORD,,UT,WHI,Functional,700,,Driver,,Off-Road,999 11TH ST,0,20,2,,,,,Front Center Bumper,Front Center Bumper,(Sport) Utility Vehicle,"Two-Way, Not Divided",,,,,Pedalcycle,Parked Motor Vehicle,Pedalcycle,,,,Level,Straight,Parked,No Controls,No Special Function,None,,
85724257,2015,1,DUNEDIN,FL,34698,,Vehicle in Transport,FL,,,2007,HOND,,2D,SIL,Minor,500,,Driver,,North,PAULA DR S,5,15,2,,,,,Right Front Fender,Right Front Fender,Passenger Car,"Two-Way, Not Divided",,,,,Pedalcycle,Pedalcycle,,,,,Level,Straight,Turning Right,Stop Sign,No Special Function,None,,
85767063,2015,1,,,,,Vehicle in Transport,,,,,,,,,,0,,,,North,S OLIVE AVE,30,25,2,,,,,,,,,,,,,Pedestrian,Pedestrian,,,,,,,,,,,,
85792176,2015,1,PORT ST LUCIE,FL,34983,,Vehicle in Transport,FL,,,2006,FORD,,4D,WHI,,0,,,,,,,,,,,,,Front Center Bumper,,Passenger Car,,,,,,Motor Vehicle in Transport,Motor Vehicle in Transport,,,,,Level,,Straight Ahead,No Controls,No Special Function,None,,
85804898,2015,1,WAYNE,NJ,07470,,Vehicle in Transport,NJ,,,2005,MITSU,,4D,WHI,Minor,800,,Driver,,North,N. MIAMI AVE,20,35,4,,,,,Right Front Fender,Right Front Fender,Passenger Car,"Two-Way, Not Divided",,,,,Motor Vehicle in Transport,Motor Vehicle in Transport,,,,,Level,Straight,Turning Right,No Controls,No Special Function,None,,
85822962,2015,1,JACKSONVILLE,FL,32246,,Vehicle in Transport,FL,,,2015,FORD,,PK,BLK,Minor,1000,,Driver,,East,5000 DOOLITTLE RD,,30,2,,,,,Right Front Fender,Right Front Fender,Pickup,"Two-Way, Not Divided",,,,,Motor Vehicle in Transport,Motor Vehicle in Transport,,,,,Level,Straight,Stopped in Traffic,Stop Sign,No Special Function,None,,
85827851,2015,1,MIAMI,FL,33155,,Vehicle in Transport,FL,,,2012,TOYT,,PK,WHI,Functional,500,,Driver,,West,LAKE WORTH RD,20,45,6,,,,,Right Rear Fender,Right Rear Fender,Pickup,"Two-Way, Divided, Positive Median Barrier",,,,,Pedalcycle,Pedalcycle,,,,,Level,Straight,Turning Right,No Controls,No Special Function,None,,
85828586,2015,1,CORAL SPRINGS,FL,33065,,Vehicle in Transport,FL,,,1994,TOYT,,PK,RED,Functional,100,,Driver,,South,LAKE WORTH RD,2,25,2,,,,,Front Center Bumper,Front Center Bumper,Pickup,"Two-Way, Not Divided",,,,,Pedalcycle,Pedalcycle,,,,,Level,Straight,Turning Right,Stop Sign,No Special Function,None,,
85831160,2015,1,,,,,Vehicle in Transport,,,,,,,,,,0,,,,West,NE 62ND STREET,10,30,4,,,,,,,Pickup,"Two-Way, Divided, Positive Median Barrier",,,,,Pedalcycle,Pedalcycle,,,,,Level,Straight,Straight Ahead,Unknown,Unknown,Unknown,,
85866868,2015,1,MIRAMAR,FL,33025,,Vehicle in Transport,FL,,,2008,SUZUK,,SU,WHI,Minor,50,,Driver,,East,NW 32ND STREET,5,25,2,,,,,Front Right Bumper,Front Right Bumper,(Sport) Utility Vehicle,"Two-Way, Not Divided",,,,,Pedalcycle,Pedalcycle,,,,,Level,Straight,Turning Right,No Controls,No Special Function,None,,
85876947,2015,1,,,,N,Vehicle in Transport,,,Y,,UK,,UNKNOWN,UNKNOWN,Unknown,0,N,Rotation,N,East,,10,5,0,,,,,Right Front Fender,Right Front Fender,Unknown,"Two-Way, Not Divided",,,,,Motor Vehicle in Transport,Motor Vehicle in Transport,,,,N,Level,Straight,Unknown,No Controls,Unknown,Unknown,Unknown,
85876947,2015,2,SAINT PETERSBURG,FL,33702,N,Parked Motor Vehicle,FL,,N,2003,LTI,,UNKNOWN,BLK,Minor,2000,N,Driver,Y,Off-Road,,0,1,4,,,,,Left Front Door,Left Rear Door,Unknown,"Two-Way, Not Divided",,,,,Parked Motor Vehicle,Parked Motor Vehicle,,,,N,Level,Straight,Parked,No Controls,Unknown,Unknown,Unknown,
85880124,2015,1,,,,,,,,,,UK,,UNKNOWN,UNKNOWN,Unknown,0,,,,,,,,,,,,,,,Unknown,,,,,,,,,,,,,,Unknown,,Unknown,Unknown,Unknown,
85882773,2015,1,NORTH FORT MYERS,FL,33903,,Vehicle in Transport,FL,,,2011,KIA,,4D,WHI,Minor,100,,Driver,,North,WINDRUSH CT,5,30,2,,,,,Right Front Fender,Right Front Fender,Passenger Car,"Two-Way, Not Divided",,,,,Pedestrian,Pedestrian,,,,,Level,Straight,Turning Right,Stop Sign,No Special Function,None,,
85954397,2015,1,CLEARWATER,FL,33755,,Vehicle in Transport,FL,,,2006,TOYT,,PK,RED,Minor,100,,Driver,,West,SUNSET POINT RD,30,35,2,,,,,Front Right Bumper,Front Right Bumper,,,,,,,,,,,,,,,,,,,,
85957788,2015,1,ORLANDO,FL,32829,,Vehicle in Transport,FL,,,2011,MITS,,4D,WHI,None,0,,Driver,,East,2500 W Church St,5,,2,,,,,Front Center Bumper,Front Center Bumper,(Sport) Utility Vehicle,"Two-Way, Not Divided",,,,,Pedalcycle,Pedalcycle,,,,,Level,Straight,Turning Right,Stop Sign,No Special Function,None,,
85959750,2015,1,FORT PIERCE,FL,34946,,Vehicle in Transport,FL,,,2009,TOYT,,4D,GRY,Minor,250,,,,South,S US HIGHWAY 1,30,30,4,,,,,Front Left Bumper,Front Left Bumper,Passenger Car,"Two-Way, Not Divided, with a Continuous Left Turn Lane",,,,,Pedalcycle,Pedalcycle,,,,,Level,Straight,Straight Ahead,Traffic Control Signal,No Special Function,None,,
85961769,2015,1,UNKNOWN,UK,00000,,Vehicle in Transport,UK,,,1999,UNKNO,,SU,UNKNOWN,Unknown,0,,,,Unknown,PARKING LOT OF 9877 WESTVIEW DR,15,15,1,,,,,Front Center Bumper,Front Center Bumper,(Sport) Utility Vehicle,Unknown,,,,,Motor Vehicle in Transport,Motor Vehicle in Transport,,,,,Level,Straight,Straight Ahead,No Controls,No Special Function,None,,
85975312,2015,1,MIAMI,FL,33170,,Vehicle in Transport,FL,,,2004,TOYT,,4D,BLU,Disabling,300,,Driver,,South,23232 sw 112 ave,10,10,0,,,,,Front Center Bumper,,Passenger Car,"Two-Way, Not Divided",,,,,Pedalcycle,Pedalcycle,,,,,Level,Straight,Straight Ahead,No Controls,No Special Function,None,,
85992732,2015,1,MIAMI,FL,33147,,Vehicle in Transport,FL,,,2008,PONT,,SW,SIL,Functional,700,,Driver,,South,NW 22ND AV,40,40,2,,,,,Front Center Bumper,Front Center Bumper,Passenger Car,"Two-Way, Divided, Positive Median Barrier",,,,,Pedalcycle,Pedalcycle,,,,,Level,Straight,Straight Ahead,No Controls,No Special Function,None,,
86009321,2015,1,SYRACUSE,NY,10580,,Vehicle in Transport,NY,,,2009,TOYT,,UT,GRY,None,0,,,,West,LEVANTE AVE,5,30,2,,,,,Front Center Bumper,Front Center Bumper,(Sport) Utility Vehicle,"Two-Way, Not Divided",,,,,Pedalcycle,Pedalcycle,,,,,Level,Straight,Turning Right,Traffic Control Signal,No Special Function,None,,
86059004,2015,1,MIAMI BEACH,FL,33140,,Vehicle in Transport,FL,,,2012,MERC,,SU,BLK,Minor,500,,Driver,,West,79TH ST NE,20,40,4,,,,,Right Front Door,Right Rear Fender,(Sport) Utility Vehicle,"Two-Way, Not Divided",,,,,Motor Vehicle in Transport,Motor Vehicle in Transport,Pedalcycle,,,,Level,Straight,Changing Lanes,Traffic Control Signal,No Special Function,None,,
86059004,2015,2,MIAMI,FL,33136,,Vehicle in Transport,FL,,,2015,HUFFY,,MB,BLU,Disabling,200,,Driver,,West,79TH ST NE,30,40,4,,,,,Left Front Fender,,Moped,"Two-Way, Not Divided",,,,,Pedalcycle,Pedalcycle,Motor Vehicle in Transport,,,,Level,Straight,Straight Ahead,Traffic Control Signal,No Special Function,None,,
86061182,2015,1,UK,UK,,,Vehicle in Transport,UK,,,,UK,,UNKNOWN,UNKNOWN,Unknown,0,,Driver,,North,NW 2 AVE,20,30,1,,,,,,,Unknown,"Two-Way, Divided, Unprotected (painted >4 feet) Median",,,,,Motor Vehicle in Transport,Motor Vehicle in Transport,,,,,Level,Straight,Unknown,No Controls,Unknown,Unknown,Unknown,
86077358,2015,1,SAINT PETERSBURG,FL,33713,,Vehicle in Transport,FL,,,2014,TOYT,,4D,BLK,Minor,300,,Driver,,North,49TH ST N,7,35,5,,,,,Front Right Bumper,Windshield,Passenger Car,"Two-Way, Not Divided",,,,,Motor Vehicle in Transport,Motor Vehicle in Transport,,,,,Level,Straight,Turning Right,Traffic Control Signal,No Special Function,None,,
86104038,2015,1,LAKE MARY,FL,32746,,Vehicle in Transport,FL,,,2004,CHRY,,4D,WHI,Functional,500,,,,South,QUEENSBRIDGE DR,3,25,2,,,,,Front Center Bumper,Front Center Bumper,Passenger Car,"Two-Way, Divided, Positive Median Barrier",,,,,Pedalcycle,Pedalcycle,,,,,Level,Straight,Turning Right,Stop Sign,No Special Function,None,,
86107646,2015,1,BRADENTON,FL,34201,,Vehicle in Transport,NM,,,2004,BMW,,4D,WHI,Minor,500,,Rotation,,North,MIDNIGHT PASS RD,30,35,2,,,,,Front Right Bumper,Front Right Bumper,Passenger Car,"Two-Way, Not Divided",,,,,Motor Vehicle in Transport,Motor Vehicle in Transport,,,,,Level,Curve Left,Negotiating a Curve,No Controls,No Special Function,Unknown,Unknown,
86113799,2015,1,WINTER PARK,FL,32792,,Vehicle in Transport,FL,,,2000,HOND,,4D,BGE,Disabling,3000,,Owner Request,,West,LOWER PARK RD,15,25,2,,,,,Front Center Bumper,Front Center Bumper,Passenger Car,"Two-Way, Not Divided",,,,,Pedalcycle,Pedalcycle,,,,,Level,Straight,Turning Left,No Controls,No Special Function,None,,
86217175,2015,1,FORT MYERS,FL,33916,,Vehicle in Transport,MA,,,2008,MAZDA,,4D,RED,Minor,1500,,Driver,,North,SHOEMAKER BLVD,1,45,2,,,,,Right Front Door,Right Rear Door,Passenger Car,"Two-Way, Not Divided",,,,,Motor Vehicle in Transport,Motor Vehicle in Transport,,,,,Level,Straight,Straight Ahead,No Controls,No Special Function,None,,
86225650,2015,1,MIAMI,FL,33183,,Vehicle in Transport,FL,,,2006,ISU,NPR,TK,WHI,Unknown,0,,Owner Request,,North,NW 17 AVE,40,40,3,,,,,Right Rear Door,Right Rear Door,"Other Light Trucks (10,000 lbs (4,536 kg) or less)","Two-Way, Divided, Positive Median Barrier",,,,Not Applicable,Pedalcycle,Pedalcycle,Parked Motor Vehicle,,,,Level,Straight,Straight Ahead,No Controls,No Special Function,None,,N
86225650,2015,2,MIAMI,FL,33125,,Vehicle in Transport,FL,,,2004,FORD,,4D,BLK,Minor,500,,Driver,,North,NW 17 AVE,0,40,3,,,,,Left Front Fender,Left Front Fender,Passenger Car,"Two-Way, Divided, Positive Median Barrier",,,,,Parked Motor Vehicle,Parked Motor Vehicle,,,,,Level,Straight,Parked,No Controls,No Special Function,None,,
86227647,2015,1,,,,,,,,,,UK,,UNKNOWN,UNKNOWN,Unknown,0,,,,,,,,,,,,,,,Unknown,,,,,,,,,,,,,,Unknown,,Unknown,Unknown,Unknown,
86256987,2015,1,PARKLAND,FL,33067,,Vehicle in Transport,FL,,,2014,JEEP,,4D,GRY,Minor,500,,Owner Request,,East,HOLMBERG RD,30,30,4,,,,,Front Right Bumper,Front Right Bumper,Passenger Car,"Two-Way, Divided, Positive Median Barrier",,,,,Pedestrian,Pedestrian,,,,,Level,Straight,Straight Ahead,No Controls,No Special Function,None,,
86259977,2015,1,LAUDERHILL,FL,33313,,Vehicle in Transport,FL,,,2001,STRN,,4D,BLU,Minor,100,,,,East,TAM OSHANTER BLVD,10,30,2,,,,,,Front Left Bumper,Passenger Car,"Two-Way, Divided, Positive Median Barrier",,,,,Motor Vehicle in Transport,Motor Vehicle in Transport,,,,,Level,Straight,Straight Ahead,No Controls,No Special Function,None,,
86292644,2015,1,WEST PALM BEACH,FL,33409,,Vehicle in Transport,FL,,,2006,HOMD,,BIKE,BLK,Disabling,100,,Rotation,,East,OKEECHOBEE BLVD,10,45,9,,,,,,,Other,"Two-Way, Not Divided, with a Continuous Left Turn Lane",,,,,Motor Vehicle in Transport,Motor Vehicle in Transport,,,,,Level,Straight,Other,Traffic Control Signal,No Special Function,None,,
86292644,2015,2,WEST PALM BEACH,FL,33401,,Vehicle in Transport,FL,,,2011,TOYT,,4D,BGE,Disabling,10000,,Rotation,,East,OKEECHOBEE BLVD,45,45,9,,,,,Front Center Bumper,Hood,Passenger Car,"Two-Way, Not Divided, with a Continuous Left Turn Lane",,,,,Pedalcycle,Pedalcycle,,,,,Level,Straight,Straight Ahead,Traffic Control Signal,No Special Function,None,,
81443557,2016,1,POMPANO BEACH,FL,33060,N,Vehicle in Transport,FL,N,N,2013,TOYT,,4D,GRY,None,0,N,,N,Off-Road,1051,0,,,,,,,Rear Center Bumper,Front Center Bumper,Passenger Car,"Two-Way, Not Divided",,,,,Motor Vehicle in Transport,Motor Vehicle in Transport,,,,N,Level,Straight,Backing,No Controls,No Special Function,None,,
