REPORT_NUMBER,CRASH_YEAR,PERSON_NUMBER,STATUTE_NUMBER,CHARGE,CITATION_NUMBER
82625221,2015,1,322031,NO DRIVER LICENSE / NO DL,A55NOHE
83849531,2015,1,316.130(15),FAILED TO USE DUE CARE TOWARD PEDESTRIAN,A4A4C3E
83888079,2015,2,316.074(1),TRAFFIC CONTROL DEVICE FAIL TO OBEY,A1SBDIP
86225650,2015,1,,CRASH - LEAVING SCENE WITHOUT GIVING INFORMATION MORE THAN $,A5775RE
84209486,2015,1,3161925,CARELESS DRIVING,A12HG7P
84276379,2015,1,316130,PEDESTRIAN VIOLATIONS,10X0Q1E
84276379,2015,1,316061,CRASH INVOLVING DAMAGE,A0X0Q2E
84481768,2015,1,316.1925(1),CARELESS DRIVING,A3WDLSE
84543505,2015,1,316.151(1)(b),IMPROPER LEFT TURN,A3HDQTE
84570877,2015,1,316.1925(1),CARELESS DRIVING,A3JP0VE
84685467,2015,1,3162084,MOPED ALONG SIDEWALK WITH MOTOR ON,A3PJ82E
84685467,2015,1,3162084,MOPED ALONG SIDEWALK WITH MOTOR ON,A3PJ82E
84771742,2015,2,316.208-2A,FAILURE TO RIDE ALONG RIGHT HAND CURB,A1NV27E
84771742,2015,2,316.435-1,NO PROPER HEADLAMP,A1NV28E
84771742,2015,2,322.1615-3,LEARNER DL/OPERATE INVALID HRS AFTER 10PM,A1NV29E
84771742,2015,3,316.208-2A,FAILURE TO RIDE ALONG THE RIGHT HAND CURB,A1NV25E
84771742,2015,3,316.435-1,NO PROPER HEAD LAMP,A1NV26E
84855916,2015,1,316.208(4),MOPEDS PROPELLING A MOPED UPON AND ALONG A SIDEWALK WHILE MO,A3HS92E
85042096,2015,1,316 1925 1,CARELESS DRIVING,0365-GOI
85111244,2015,1,316.125(1),FAILED TO YIELD AT SIDEWALK - FROM ALLEY/BLDG./ PRIVATE ROAD,A41S1EE
85111244,2015,1,316.646(1),NO PROOF OF INSURANCE,A41S1FE
85111244,2015,2,316.1995,SIDEWALK/BICYCLE PATH - DRIVING ON,A41S1GE
85157860,2015,3,316.1985(1),BACKING - IMPROPER,A4U29VE
85225762,2015,2,316.091(1),LIMITED ACCESS FACILITIES/ INTERSTATE HIGHWAYS; USE RESTRICT,A4XGQZE
85230470,2015,1,316.125(1),FAILED TO YIELD AT SIDEWALK - FROM ALLEY/BLDG./ PRIVATE ROAD,A4YVWIE
85652745,2015,1,316.061(1),CRASH - LEAVING THE SCENE - PROPERTY DAMAGE,A1MF43P
85652745,2015,1,316.130(8),PEDESTRIAN - DARTING INTO TRAFFIC,A1MF44P
85665950,2015,1,316.1925(1),CARELESS DRIVING\nREASON:,A1R8FZP
85673643,2015,1,316.1925(1),CARELESS DRIVING,A33XWCE
85680503,2015,2,316123,FAILED TO YIELD AT YIELD INTER,A1L7E9P
85690418,2015,1,,"OPERATING WHILE DL SUSP/CANCELED/REVOKED, 3RD OR SUBSEQUENT",A47YVGE
85690418,2015,1,,OPERATING A NON-CMV NOT PROPERLY INSURED - (REQUIRED BY OWNE,A47YVHE
85804898,2015,2,,CARELESS DRIVING,A1QDI8P
85822962,2015,1,316.081(1),DRIVING ON WRONG LANE OR SIDE - FAILED TO DRIVE UPON RIGHT H,A4INU1E
85822962,2015,1,322.03(1),NO DRIVER LICENSE - NEVER HAD ONE ISSUED,A4INU2E
85827851,2015,1,,CRASH - LEAVING SCENE WITHOUT GIVING INFORMATION MORE THAN $,A107AIE
85866868,2015,1,,FAILED TO YIELD - APPROACHING/ENTERING INTERSECTION,A1QJ2PP
85959750,2015,1,316.074(1) ||,TRAFFIC CONTROL - FAIL TO OBEY - TRAF SIG / RED LIGHT,A4JBJ0E
85959750,2015,1,322.03 (1) | MS467 |,MOVING TRAF VIOL - OPERATE MOTOR VEHICLE WO VALID LICENSE,A4JBJ1E
86009321,2015,1,316130,PEDESTRIAN VIOLATIONS,1902-GZA
86077358,2015,1,,FAILED TO YIELD RIGHT-OF-WAY TO PEDESTRIAN,A4KJ42E
86107646,2015,1,,CRASH - LEAVING SCENE ON PUBLIC OR PRIVATE PROPERTY WITHOUT,A5CZHZE
86225650,2015,1,,CARELESS DRIVING,A5775JE
86225650,2015,1,,CRASH - LEAVING SCENE ON PUBLIC OR PRIVATE PROPERTY WITHOUT,A5775ME
