REPORT_NUMBER,CRASH_YEAR,CRASH_DATE_AND_TIME,REPORT_DATE_AND_TIME,INVESTIGATING_AGENCY_REPORT_NUMBER,FORM_TYPE,TOTAL_NUMBER_OF_VEHICLES,TOTAL_NUMBER_OF_PERSONS,COUNTY_CODE,CITY_CODE,COUNTY_NAME,CITY_NAME,RURAL_OR_URBAN,NOTIFIED_TIME,DISPATCHED_TIME,ARRIVED_TIME,CLEARED_TIME,COMPLETED_FLAG,NOTIFIED_BY,ON_STREET_ROAD_HIGHWAY,STREET_ADDRESS_NUMBER,LATITUDE,LONGITUDE,FEET_FROM_INTERSECTION,DIRECTION_FROM_INTERSECTION,FROM_INTERSECTION_OF,MILEPOST_NUMBER,ROAD_SYSTEM_IDENTIFER,TYPE_OF_SHOULDER,TYPE_OF_INTERSECTION,PHOTOS_TAKEN,LIGHT_CONDITION,WEATHER_CONDITION,ROAD_SURFACE_CONDITION,SCHOOL_BUS_RELATED_CODE,TYPE_OF_IMPACT,FIRST_HARMFUL_EVENT,LOCATION,INTERCHANGE_FLAG,JUNCTION_FLAG,ROAD_CIRCUMSTANCES_1,ROAD_CIRCUMSTANCES_2,ROAD_CIRCUMSTANCES_3,ENVIRONMENT_CIRCUMSTANCES_1,ENVIRONMENT_CIRCUMSTANCES_2,ENVIRONMENT_CIRCUMSTANCES_3,WORK_ZONE_RELATED_FLAG,CRASH_IN_WORK_ZONE,TYPE_OF_WORK_ZONE,WORKERS_PRESENT,LAW_ENFORCEMENT_PRESENT,INVESTIGATOR_RANK,INVESTIGATING_AGENCY_NAME,INVESTIGATING_AGENCY_TYPE,LOAD_DATE,UPDATE_DATE,DAYS_TO_LOAD,CODEABLE,S4_CRASH_TYPE,S4_CRASH_TYPE_SIMPLIFIED,S4_CRASH_SEVERITY,S4_CRASH_SEVERITY_DETAIL,S4_DAY_OR_NIGHT,S4_IS_AGGRESSIVE_DRIVING,S4_IS_ALCOHOL_RELATED,S4_IS_CMV_INVOLVED,S4_IS_DISTRACTED,S4_IS_DRUG_RELATED,S4_IS_HIT_AND_RUN,S4_IS_INTERSECTION_RELATED,S4_IS_LANE_DEPARTURE_RELATED,S4_IS_SPEEDING_RELATED,S4_NONE_INJURY_COUNT,S4_INJURY_COUNT,S4_POSSIBLE_INJURY_COUNT,S4_NON_INCAPACITATING_INJURY_COUNT,S4_INCAPACITATING_INJURY_COUNT,S4_FATALITY_COUNT,S4_FATALITY_WITHIN_30_DAYS_COUNT,S4_NON_TRAFFIC_FATALITY_COUNT,S4_TRAILER_COUNT,S4_MOTORCYCLE_COUNT,S4_MOPED_COUNT,S4_NON_MOTORIST_COUNT,S4_BICYCLIST_COUNT,S4_PEDESTRIAN_COUNT,S4_DRIVER_COUNT,S4_AGING_DRIVER_COUNT,S4_TEENAGER_DRIVER_COUNT,S4_PASSENGER_COUNT,S4_UNRESTRAINED_COUNT,S4_UNRESTRAINED_INJURY_COUNT,S4_UNRESTRAINED_INCAPACITATING_INJURY_COUNT,S4_UNRESTRAINED_FATALITY_COUNT,S4_MOTORCYCLIST_COUNT,S4_MOTORCYCLIST_INCAPACITATING_INJURY_COUNT,S4_MOTORCYCLIST_FATALITY_COUNT,S4_IS_PEDESTRIAN_INVOLVED,S4_PEDESTRIAN_INCAPACITATING_INJURY_COUNT,S4_PEDESTRIAN_FATALITY_COUNT,S4_IS_BICYCLIST_INVOLVED,S4_BICYCLIST_INCAPACITATING_INJURY_COUNT,S4_BICYCLIST_FATALITY_COUNT,S4_CITATION_COUNT,S4_CITATION_AMOUNT,S4_PROPERTY_DAMAGE_COUNT,S4_PROPERTY_DAMAGE_AMOUNT,S4_VEHICLE_DAMAGE_COUNT,S4_VEHICLE_DAMAGE_AMOUNT,S4_TOTAL_DAMAGE_AMOUNT,S4_TRANSPORT_BY_EMS_COUNT,S4_TRANSPORT_BY_LAW_ENFORCEMENT_COUNT,S4_TRANSPORT_BY_OTHER_COUNT,S4_GEOLOCATION_STATUS,S4_PRELIMINARY_GEOLOCATION_STATUS,S4_X,S4_Y,S4_LATITUDE,S4_LONGITUDE
25718879,2023,07-MAR-2023 11:09 PM,07-MAR-2023 12:00 AM,422303011610,L,1,2,10,76,Broward,Sunrise,Urban,3/7/2023 11:12:00 PM,3/7/2023 11:12:00 PM,3/7/2023 11:16:00 PM,3/7/2023 1:00:00 AM,Y,Law Enforcement,W OAKLAND PARK BLVD,,,,0,,NW 94TH AV,,County,Curb,Four-Way Intersection,N,Dark - Lighted,Clear,Dry,N,Other,Pedalcycle,On Roadway,N,Intersection,None,,,None,,,N,,,,,OFFICER,Sunrise Police Department,Police Department (PD),3/17/2023 2:24:00 PM,3/17/2023 2:24:00 PM,10,Y,Bicycle,Bicycle,Injury,Possible Injury,NIGHT,N,N,N,N,N,N,Y,N,N,1,1,1,0,0,0,0,0,0,0,0,1,1,0,1,0,0,0,0,0,0,0,0,0,0,N,0,0,Y,0,0,0,0,1,399,1,100,499,1,0,0,Preliminary,Editor Mapped,572414.7931,2894561.6025,26.1686380109856,-80.2753882236638
25724956,2023,26-SEP-2023 04:39 PM,26-SEP-2023 12:00 AM,231255,L,1,2,11,34,Alachua,Gainesville,Urban,9/26/2023 4:41:00 PM,9/26/2023 4:42:00 PM,9/26/2023 4:45:00 PM,9/26/2023 5:02:00 PM,Y,Law Enforcement,GALE LEMERAND DR,528,,,598,South,,,Local,Paved,Not at Intersection,Y,Daylight,Cloudy,Dry,N,Angle,Pedalcycle,On Roadway,N,Non-Junction,None,,,None,,,N,,,,,POLICE OFFICER,University of Florida Police Department,Police Department (PD),11/7/2023 7:36:00 PM,11/7/2023 7:36:00 PM,42,Y,Bicycle,Bicycle,Injury,Possible Injury,DAY,N,N,N,N,N,N,N,N,N,1,1,1,0,0,0,0,0,0,0,0,1,1,0,1,0,0,0,0,0,0,0,0,0,0,N,0,0,Y,0,0,0,0,0,0,1,200,200,0,0,0,Preliminary,Editor Mapped,369358.7133,3280432.7639,29.6470034423801,-82.3497144001109
25730072,2023,25-MAY-2023 04:22 PM,25-MAY-2023 12:00 AM,23-228024,S,1,2,18,0,Lee,Unincorporated,Rural,5/25/2023 4:22:00 PM,5/25/2023 4:25:00 PM,5/25/2023 4:28:00 PM,5/25/2023 4:50:00 PM,Y,Law Enforcement,GUNNERY RD S,,26.59104,-81.712153,0,,23RD ST SW,,County,Curb,Four-Way Intersection,N,Daylight,Cloudy,Wet,N,,Pedalcycle,On Roadway,N,Intersection-Related,None,,,None,,,N,,,,,CSA,Lee County Sheriff's Office,Sheriff's Office (SO),5/26/2023 2:52:00 PM,5/26/2023 2:52:00 PM,1,N,Bicycle,Bicycle,No Injury,No Injury,DAY,N,N,N,N,N,N,Y,N,N,2,0,0,0,0,0,0,0,0,0,0,1,1,0,1,0,0,0,0,0,0,0,0,0,0,N,0,0,Y,0,0,0,0,0,0,0,0,0,0,0,0,Preliminary,Officer Mapped,429089.0383,2941337.1606,26.5910347818013,-81.7121496244213
25730398,2023,03-JUN-2023 04:22 PM,03-JUN-2023 12:00 AM,23-242362,L,1,3,18,0,Lee,Unincorporated,Rural,6/3/2023 4:22:00 PM,6/3/2023 4:24:00 PM,6/3/2023 4:33:00 PM,6/3/2023 6:00:00 PM,Y,Law Enforcement,3RD ST SW,,26.610361,-81.6647,337,West,ANITA AVE S,,Local,Unpaved,Not at Intersection,N,Daylight,Cloudy,Wet,N,,Pedestrian,On Roadway,N,Through Roadway,None,,,None,,,N,,,,,DFC,Lee County Sheriff's Office,Sheriff's Office (SO),6/4/2023 2:40:00 PM,6/4/2023 2:40:00 PM,1,Y,Pedestrian,Pedestrian,Injury,Possible Injury,DAY,N,N,N,N,N,N,N,N,N,2,1,1,0,0,0,0,0,0,0,0,1,1,0,1,0,1,1,0,0,0,0,0,0,0,N,0,0,Y,0,0,1,0,0,0,1,500,500,1,0,0,Preliminary,Editor Mapped,433822.5053,2943454.9726,26.6103852788224,-81.6647251765746
25730893,2023,18-JUN-2023 08:27 PM,18-JUN-2023 12:00 AM,23-266442,L,1,2,18,30,Lee,Bonita Springs,Urban,6/18/2023 8:47:00 PM,6/18/2023 8:48:00 PM,6/18/2023 8:53:00 PM,6/18/2023 9:40:00 PM,Y,Law Enforcement,S TAMIAMI TRL,,26.334372,-81.806165,0,,BOSTON RD,,U.S.,Curb,Four-Way Intersection,Y,Dark - Lighted,Clear,Wet,N,,Pedalcycle,On Roadway,N,Intersection,None,,,None,,,N,,,,,DEPUTY,Lee County Sheriff's Office,Sheriff's Office (SO),6/20/2023 2:50:00 PM,6/20/2023 2:50:00 PM,2,Y,Bicycle,Bicycle,Injury,Possible Injury,NIGHT,N,N,N,N,N,N,Y,N,N,1,1,1,0,0,0,0,0,0,0,0,1,1,0,1,0,0,0,0,0,0,0,0,0,0,N,0,0,Y,0,0,0,0,0,0,1,300,300,0,0,0,Preliminary,Editor Mapped,419542.5749,2912968.8811,26.3344033543256,-81.8062299403837
25732644,2023,12-MAR-2023 12:10 PM,12-MAR-2023 12:00 AM,MP230017639,L,1,2,19,42,Brevard,Melbourne,Urban,3/12/2023 12:14:00 PM,3/12/2023 12:15:00 PM,3/12/2023 12:18:00 PM,3/12/2023 12:42:00 PM,N,Law Enforcement,E NEW HAVEN AVE,,28.078725,-80.621294,0,,BABCOCK ST S,,County,Paved,Four-Way Intersection,N,Daylight,Clear,Dry,N,,Pedestrian,On Roadway,N,Intersection,None,,,None,,,N,,,,,OFFICER,Melbourne Police Department,Police Department (PD),3/22/2023 2:31:00 PM,3/22/2023 2:31:00 PM,10,Y,Pedestrian,Pedestrian,No Injury,No Injury,DAY,N,N,N,N,N,Y,Y,N,N,1,0,0,0,0,0,0,0,0,0,0,1,1,0,1,0,0,0,0,0,0,0,0,0,0,N,0,0,Y,0,0,0,0,0,0,0,0,0,0,0,0,Preliminary,Editor Mapped,537218.289,3105982.2157,28.078735048682,-80.6211931665863
25733703,2023,25-JUL-2023 09:51 AM,25-JUL-2023 12:00 AM,MP230052209,L,1,2,19,42,Brevard,Melbourne,Urban,7/25/2023 9:51:00 AM,7/25/2023 9:52:00 AM,7/25/2023 9:53:00 AM,7/25/2023 10:35:00 AM,Y,Law Enforcement,EAU GALLIE BLVD W,,28.128655,-80.646908,0,,APOLLO BLVD N,,Local,Curb,Four-Way Intersection,N,Daylight,Clear,Dry,N,,Pedalcycle,On Roadway,N,Intersection,None,,,None,,,N,,,,,OFC,Melbourne Police Department,Police Department (PD),7/27/2023 9:22:00 PM,7/27/2023 9:22:00 PM,2,Y,Bicycle,Bicycle,Injury,Non-Incapacitating Injury,DAY,N,N,N,N,N,N,Y,N,N,1,1,0,1,0,0,0,0,0,0,0,1,1,0,1,1,0,0,0,0,0,0,0,0,0,N,0,0,Y,0,0,1,0,0,0,1,500,500,0,0,0,Preliminary,Editor Mapped,534676.2491,3111504.4446,28.1286531200668,-80.6469024037278
25734460,2023,08-APR-2023 03:31 PM,08-APR-2023 12:00 AM,230006759,L,1,2,8,37,Volusia,Deltona,Urban,4/8/2023 3:31:00 PM,4/8/2023 3:32:00 PM,4/8/2023 3:34:00 PM,4/8/2023 4:31:00 PM,Y,Law Enforcement,HOWLAND BLVD,,28.918165,-81.18259,0,,AMBOY DR,,Local,Paved,Four-Way Intersection,N,Daylight,Clear,Dry,N,,Pedestrian,On Roadway,Y,Intersection,None,,,None,,,N,,,,,DEPUTY,Volusia County Sheriff's Office,Sheriff's Office (SO),4/19/2023 3:35:00 PM,4/19/2023 3:35:00 PM,11,Y,Pedestrian,Pedestrian,Injury,Non-Incapacitating Injury,DAY,N,N,N,N,N,N,Y,N,N,1,1,0,1,0,0,0,0,0,0,0,1,1,0,1,0,0,0,0,0,0,0,0,0,0,N,0,0,Y,0,0,0,0,0,0,1,500,500,0,0,0,Preliminary,Editor Mapped,482201.9187,3198931.5019,28.9181535713476,-81.1825881513249
25734520,2023,27-APR-2023 09:55 PM,27-APR-2023 12:00 AM,VP230008058,L,1,2,8,37,Volusia,Deltona,Urban,4/27/2023 9:55:00 PM,4/27/2023 9:55:00 PM,4/27/2023 9:55:00 PM,4/27/2023 10:30:00 PM,Y,Law Enforcement,ELKCAM BLVD,,28.92576,-81.191088,0,,HOWLAND BLVD,,County,Paved,Four-Way Intersection,Y,Dark - Lighted,Rain,Wet,N,,Pedalcycle,On Roadway,N,Intersection,None,,,None,,,N,,,,,DEP II,Volusia County Sheriff's Office,Sheriff's Office (SO),5/3/2023 3:36:00 PM,5/3/2023 3:36:00 PM,6,Y,Bicycle,Bicycle,No Injury,No Injury,NIGHT,N,N,N,N,N,Y,Y,N,N,2,0,0,0,0,0,0,0,0,0,0,1,1,0,1,0,0,0,0,0,0,0,0,0,0,N,0,0,Y,0,0,2,0,0,0,1,500,500,0,0,0,Preliminary,Editor Mapped,481371.6295,3199784.6888,28.925842638149,-81.1911200595184
25735052,2023,29-JUL-2023 07:01 PM,29-JUL-2023 12:00 AM,VP230014444,L,1,7,8,37,Volusia,Deltona,Urban,7/29/2023 7:04:00 PM,7/29/2023 7:05:00 PM,7/29/2023 7:10:00 PM,7/29/2023 7:58:00 PM,Y,Law Enforcement,MAIN ST,,28.874463,-81.266288,0,,DEBARY AVE,,County,Paved,Four-Way Intersection,N,Daylight,Clear,Dry,N,,Pedalcycle,On Roadway,N,Other,None,,,None,,,N,,,,,D/S,Volusia County Sheriff's Office,Sheriff's Office (SO),8/9/2023 2:55:00 PM,8/9/2023 2:55:00 PM,11,Y,Bicycle,Bicycle,Injury,Non-Incapacitating Injury,NIGHT,N,N,N,N,N,N,N,N,N,3,4,0,4,0,0,0,0,0,0,0,1,1,0,1,0,0,5,0,0,0,0,0,0,0,N,0,0,Y,0,0,0,0,0,0,1,7000,7000,0,0,0,Preliminary,Editor Mapped,474032.2433,3194107.0052,28.8744679029804,-81.2662879810929
25736648,2023,12-JUN-2023 09:34 PM,12-JUN-2023 12:00 AM,23-0060886,L,1,2,18,40,Lee,Fort Myers,Urban,6/12/2023 9:34:00 PM,6/12/2023 9:35:00 PM,6/12/2023 9:37:00 PM,6/12/2023 10:05:00 PM,Y,Law Enforcement,COLONIAL BLVD,,26.596751,-81.876759,0,,DELEON ST,,Local,Curb,Four-Way Intersection,N,Dark - Lighted,Clear,Dry,N,,Pedalcycle,On Roadway,N,Intersection,None,,,None,,,N,,,,,OFFICER,Fort Myers Police Department,Police Department (PD),6/14/2023 3:06:00 PM,6/14/2023 3:06:00 PM,2,Y,Bicycle,Bicycle,Injury,Possible Injury,NIGHT,N,N,N,N,N,N,Y,N,N,1,1,1,0,0,0,0,0,0,0,0,1,1,0,1,0,0,0,0,0,0,0,0,0,0,N,0,0,Y,0,0,0,0,0,0,1,200,200,1,0,0,Preliminary,Editor Mapped,412701.9546,2942071.797,26.5967488531476,-81.8767595057134
25736911,2023,02-JUL-2023 06:30 PM,02-JUL-2023 12:00 AM,23-0068302,S,2,2,18,40,Lee,Fort Myers,Urban,7/2/2023 7:12:00 PM,7/2/2023 7:15:00 PM,7/2/2023 7:19:00 PM,7/2/2023 7:45:00 PM,Y,Law Enforcement,SUMMERLIN RD,,26.595463,-81.884368,,,,,Parking Lot,Curb,Not at Intersection,N,Daylight,Clear,Dry,N,,Parked Motor Vehicle,On Roadway,N,Non-Junction,None,,,None,,,N,,,,,OFFICER,Fort Myers Police Department,Police Department (PD),7/4/2023 3:47:00 PM,7/4/2023 3:47:00 PM,2,N,Parked Vehicle,Other,No Injury,No Injury,DAY,N,N,N,N,N,N,N,N,N,2,0,0,0,0,0,0,0,0,0,0,1,1,0,1,0,0,0,0,0,0,0,0,0,0,N,0,0,Y,0,0,0,0,0,0,2,200,200,0,0,0,Preliminary,Officer Mapped,411943.7034,2941934.0291,26.5954579744167,-81.8843645550723
25740110,2023,30-OCT-2023 11:35 PM,30-OCT-2023 12:00 AM,2023-00067075,L,1,2,4,54,Pinellas,Pinellas Park,Urban,10/30/2023 11:35:00 PM,10/30/2023 11:38:00 PM,10/30/2023 11:41:00 PM,10/30/2023 12:30:00 AM,Y,Law Enforcement,66TH ST N,,27.876742,-82.729236,438,North,114TH AVE N,,State,Paved,Not at Intersection,Y,Dark - Lighted,Clear,Dry,N,,Pedalcycle,On Roadway,N,Non-Junction,None,,,None,,,N,,,,,OFFICER,Pinellas Park Police Department,Police Department (PD),11/9/2023 1:38:00 AM,11/9/2023 1:38:00 AM,10,Y,Bicycle,Bicycle,Injury,Non-Incapacitating Injury,NIGHT,N,N,N,N,N,N,N,N,N,1,1,0,1,0,0,0,0,0,0,0,1,1,0,1,0,0,0,0,0,0,0,0,0,0,N,0,0,Y,0,0,1,0,1,200,1,2000,2200,1,0,0,Preliminary,Editor Mapped,329769.6663,3084749.1558,27.8767350403086,-82.7292335374604
25741873,2023,17-APR-2023 04:54 PM,17-APR-2023 12:00 AM,2023TA004625,S,1,1,17,60,Seminole,Sanford,Urban,4/17/2023 4:54:00 PM,4/17/2023 4:54:00 PM,4/17/2023 4:54:00 PM,4/17/2023 5:14:00 PM,Y,Law Enforcement,MONROE MEADOWS BLVD,,28.76281,-81.264719,0,,S SANFORD AVE,,Local,Curb,Four-Way Intersection,Y,Daylight,Clear,Dry,N,,Pedalcycle,Off Roadway,Y,Intersection,None,,,Other,None,,N,,,,,SGT,Seminole County Sheriff's Office,Sheriff's Office (SO),7/8/2023 2:51:00 PM,7/8/2023 2:51:00 PM,82,N,Bicycle,Bicycle,No Injury,No Injury,DAY,N,N,N,N,N,N,Y,N,N,1,0,0,0,0,0,0,0,0,0,0,1,1,0,0,0,0,0,0,0,0,0,0,0,0,N,0,0,Y,0,0,0,0,0,0,1,2000,2000,0,0,0,Preliminary,Officer Mapped,474157.9822,3181735.6854,28.7628054859673,-81.2647160602712
25744331,2023,13-FEB-2023 04:36 PM,13-FEB-2023 12:00 AM,2301838,L,1,3,24,0,St. Lucie,Unincorporated,Rural,2/13/2023 4:36:00 PM,2/13/2023 4:42:00 PM,2/13/2023 4:42:00 PM,2/13/2023 5:12:00 PM,Y,Law Enforcement,SUNRISE BLVD,,,,0,,CHARLOTTA ST,,Local,Unpaved,Not at Intersection,Y,Daylight,Clear,Dry,N,"Sideswipe, Opposite Direction",Motor Vehicle in Transport,On Roadway,N,Non-Junction,None,,,None,,,N,,,,,DEPUTY,St. Lucie County Sheriff's Office,Sheriff's Office (SO),2/16/2023 6:54:00 PM,2/16/2023 6:54:00 PM,3,Y,Single Vehicle,Other,Injury,Non-Incapacitating Injury,DAY,N,N,N,N,N,N,N,Y,N,2,1,0,1,0,0,0,0,0,0,0,1,1,0,1,0,0,1,0,0,0,0,0,0,0,N,0,0,Y,0,0,0,0,0,0,1,1000,1000,1,0,0,Preliminary,Editor Mapped,565353.2559,3028175.256,27.3752788290307,-80.3390983170025
25752016,2023,15-JUN-2023 09:06 AM,15-JUN-2023 12:00 AM,MPD23OFF000846,L,2,2,33,50,Santa Rosa,Milton,Urban,6/15/2023 9:06:00 AM,6/15/2023 9:09:00 AM,6/15/2023 9:12:00 AM,6/15/2023 9:35:00 AM,Y,Law Enforcement,US HIGHWAY 90,,,,111,South,OLD US HIGHWAY 90,,U.S.,Paved,Y-Intersection,N,Daylight,Clear,Dry,N,Angle,Pedalcycle,On Roadway,N,Non-Junction,None,,,None,,,N,,,,,PTM,Milton Police Department,Police Department (PD),7/18/2023 11:25:00 PM,7/18/2023 11:25:00 PM,33,Y,Bicycle,Bicycle,Injury,Non-Incapacitating Injury,DAY,N,N,N,N,N,N,N,N,N,0,2,1,1,0,0,0,0,0,0,1,1,1,0,1,1,0,0,0,0,0,0,0,0,0,N,0,0,Y,0,0,0,0,0,0,2,2,2,0,0,0,Preliminary,Editor Mapped,-80580.0656000003,3402748.4886,30.6164477153959,-87.0519719981374
25752508,2023,15-SEP-2023 04:50 PM,16-SEP-2023 12:00 AM,23-1732,L,1,2,32,50,Indian River,Sebastian,Urban,9/15/2023 4:50:00 PM,9/15/2023 5:01:00 PM,9/15/2023 5:02:00 PM,9/15/2023 5:36:00 PM,Y,Law Enforcement,LANDOVER DR,118,27.76289,-80.468723,216,,,,Parking Lot,Paved,Not at Intersection,Y,Daylight,Clear,Dry,N,,Pedalcycle,On Roadway,N,Other,None,,,None,,,N,,,,,POLICE OFFICER,Sebastian Police Department,Police Department (PD),9/17/2023 7:12:00 PM,9/17/2023 7:12:00 PM,2,Y,Bicycle,Bicycle,Injury,Possible Injury,DAY,N,N,N,N,N,N,N,N,N,1,1,1,0,0,0,0,0,0,0,0,1,1,0,1,1,0,0,0,0,0,0,0,0,0,N,0,0,Y,0,0,0,0,0,0,1,0,0,0,0,0,Preliminary,Editor Mapped,552350.384,3071046.9729,27.7628627408563,-80.4687275171493
25754436,2023,08-MAY-2023 08:08 PM,08-MAY-2023 12:00 AM,202300066823,L,1,3,14,40,Marion,Ocala,Urban,5/8/2023 8:11:00 PM,5/8/2023 8:11:00 PM,5/8/2023 8:12:00 PM,5/8/2023 10:05:00 PM,Y,Law Enforcement,SR 200,,29.081,-82.1157,0,,SW 48TH AVE,,State,Paved,Four-Way Intersection,N,Dusk,Clear,Dry,N,Angle,Pedalcycle,On Roadway,N,Intersection,None,,,None,,,N,,,,,OFFICER,Ocala Police Department,Police Department (PD),5/17/2023 2:56:00 PM,8/7/2023 2:45:00 PM,9,Y,Bicycle,Bicycle,Fatality,Fatal (within 30 days),NIGHT,N,N,N,N,N,N,Y,N,N,0,2,2,0,0,1,1,0,0,0,0,1,1,0,1,0,0,1,0,0,0,0,0,0,0,N,0,0,Y,0,1,0,0,0,0,1,15000,15000,3,0,0,Verified,n/a,383339.0027,3223683.5859,29.1363218957602,-82.1992829579776
25754817,2023,20-JUN-2023 07:34 AM,20-JUN-2023 12:00 AM,202300090118,L,1,2,14,40,Marion,Ocala,Urban,6/20/2023 7:37:00 AM,6/20/2023 7:38:00 AM,6/20/2023 7:41:00 AM,6/20/2023 9:40:00 AM,Y,Law Enforcement,NW 21ST ST,,29.20819,-82.18053,,,NW 35TH AVENUE RD,,Local,Curb,Four-Way Intersection,N,Daylight,Rain,Wet,N,Angle,Motor Vehicle in Transport,On Roadway,N,Intersection,None,,,None,,,N,,,,,CSS,Ocala Police Department,Police Department (PD),6/29/2023 4:26:00 PM,6/29/2023 4:26:00 PM,9,Y,Single Vehicle,Other,Injury,Non-Incapacitating Injury,DAY,N,N,N,N,N,N,Y,N,N,1,1,0,1,0,0,0,0,0,0,0,1,1,0,1,0,0,0,0,0,0,0,0,0,0,N,0,0,Y,0,0,1,0,0,0,1,1000,1000,0,0,0,Preliminary,Editor Mapped,385243.7481,3231631.8123,29.2082189845186,-82.1805260983021
25758060,2023,25-APR-2023 07:56 AM,25-APR-2023 12:00 AM,230625,L,1,2,1,30,Miami-Dade,Bal Harbour,Urban,4/25/2023 7:56:00 AM,4/25/2023 7:56:00 AM,4/25/2023 8:00:00 AM,4/25/2023 9:00:00 AM,Y,Law Enforcement,COLLINS AVENUE,10210,,,144,South,,,State,Paved,Other,N,Daylight,Cloudy,Wet,N,Angle,Pedalcycle,Outside Right-of-way,N,Non-Junction,None,,,None,,,N,,,,,POLICE OFFICER,Bal Harbour Police Department,Police Department (PD),11/22/2024 8:08:00 PM,11/22/2024 8:08:00 PM,577,Y,Bicycle,Bicycle,Injury,Non-Incapacitating Injury,DAY,N,N,N,N,N,N,N,N,N,1,1,0,1,0,0,0,0,0,0,0,1,1,0,1,0,0,0,0,0,0,0,0,0,0,N,0,0,Y,0,0,1,0,0,0,1,500,500,0,0,0,Preliminary,Computer mapped confident by address,587699.3475,2864466.4728,25.8960653618636,-80.124477363621
25761867,2023,01-FEB-2023 02:20 PM,01-FEB-2023 12:00 AM,2023TA001330,L,1,3,17,60,Seminole,Sanford,Urban,2/1/2023 2:26:00 PM,2/1/2023 2:28:00 PM,2/1/2023 2:29:00 PM,2/1/2023 6:00:00 PM,Y,Law Enforcement,S FRENCH AVE,,28.79589,-81.273034,62,North,W 18TH ST,,State,Curb,Four-Way Intersection,Y,Daylight,Clear,Dry,N,,Pedalcycle,On Roadway,N,Through Roadway,None,,,None,,,N,,,,,OFFICER,Sanford Police Department,Police Department (PD),2/7/2023 2:38:00 PM,3/9/2023 2:50:00 PM,6,Y,Bicycle,Bicycle,Serious Injury,Incapacitating Injury,DAY,N,N,N,N,N,N,N,N,N,2,1,0,0,1,0,0,0,0,0,0,1,1,0,1,0,0,1,0,0,0,0,0,0,0,N,0,0,Y,1,0,0,0,0,0,1,4000,4000,1,0,0,Preliminary,Editor Mapped,473348.5515,3185411.8897,28.7959710032888,-81.27309390596
25763991,2023,20-JUL-2023 10:00 PM,20-JUL-2023 12:00 AM,G23073297,L,1,2,12,36,Lake,Groveland,Urban,7/20/2023 10:01:00 PM,7/20/2023 10:02:00 PM,7/20/2023 11:00:00 PM,7/20/2023 11:00:00 PM,Y,Law Enforcement,SR-50,,28.557915,-81.818105,146,East,REGATTA DR,,State,Unpaved,Not at Intersection,Y,Dark - Not Lighted,Clear,Dry,N,,Pedalcycle,Roadside,N,Non-Junction,None,,,None,,,N,,,,,OFC,Groveland Police Department,Police Department (PD),7/22/2023 2:48:00 PM,7/22/2023 2:48:00 PM,2,Y,Bicycle,Bicycle,Injury,Possible Injury,NIGHT,N,N,N,N,N,Y,N,N,N,0,1,1,0,0,0,0,0,0,0,0,1,1,0,1,0,0,0,0,0,0,0,0,0,0,N,0,0,Y,0,0,0,0,0,0,0,0,0,1,0,0,Preliminary,Editor Mapped,419978.9542,3159280.8017,28.557912223933,-81.818099931138
25769804,2023,18-FEB-2023 01:02 AM,18-FEB-2023 12:00 AM,2302180012266,L,1,3,1,66,Miami-Dade,Miami,Urban,2/18/2023 1:04:00 AM,2/18/2023 1:21:00 AM,2/18/2023 1:21:00 AM,2/18/2023 4:00:00 AM,Y,Law Enforcement,SW 6TH ST,,25.766952,-80.238788,0,,SW 27TH AVE,,Local,Paved,Four-Way Intersection,N,Dark - Lighted,Clear,Dry,N,,Pedestrian,On Roadway,N,Intersection-Related,None,,,None,,,N,,,,,OFFICER,Miami Police Department,Police Department (PD),3/2/2023 2:51:00 PM,3/2/2023 2:51:00 PM,12,Y,Pedestrian,Pedestrian,Serious Injury,Incapacitating Injury,NIGHT,N,N,N,N,N,N,Y,N,N,1,2,1,0,1,0,0,0,0,0,0,2,2,0,1,0,1,0,0,0,0,0,0,0,0,N,0,0,Y,1,0,0,0,0,0,1,10000,10000,2,0,0,Preliminary,Editor Mapped,576327.3106,2850098.8877,25.7669774457513,-80.2388287093897
25770964,2023,08-MAR-2023 07:38 AM,08-MAR-2023 12:00 AM,2303080016919,L,1,2,1,66,Miami-Dade,Miami,Urban,3/8/2023 7:40:00 AM,3/8/2023 7:56:00 AM,3/8/2023 7:56:00 AM,3/8/2023 7:56:00 AM,N,Law Enforcement,SW 16TH ST,,25.75757,-80.243946,266,East,SW 31ST AVE,,Local,Paved,Not at Intersection,Y,Daylight,Clear,Dry,N,,Pedalcycle,On Roadway,N,Non-Junction,None,,,None,,,N,,,,,POLICE,Miami Police Department,Police Department (PD),3/10/2023 3:06:00 PM,3/10/2023 3:06:00 PM,2,Y,Bicycle,Bicycle,Injury,Possible Injury,DAY,N,N,N,N,N,N,N,N,N,1,1,1,0,0,0,0,0,0,0,0,1,1,0,1,0,0,0,0,0,0,0,0,0,0,N,0,0,Y,0,0,1,0,0,0,1,2500,2500,0,0,0,Preliminary,Editor Mapped,575824.2696,2849048.6738,25.7575208255939,-80.2439049884393
25771779,2023,19-MAR-2023 09:28 AM,19-MAR-2023 12:00 AM,2303190019767,L,1,2,1,66,Miami-Dade,Miami,Urban,3/19/2023 9:31:00 AM,3/19/2023 9:33:00 AM,3/19/2023 9:00:00 AM,3/19/2023 10:00:00 AM,Y,Law Enforcement,SW 13TH ST,30,25.761671,-80.193778,,,,,Parking Lot,Paved,Not at Intersection,N,Daylight,Clear,Dry,N,,Pedalcycle,Off Roadway,N,Driveway/Alley Access Related,None,,,None,,,N,,,,,POLICE OFFICER,Miami Police Department,Police Department (PD),3/21/2023 2:31:00 PM,3/21/2023 2:31:00 PM,2,Y,Bicycle,Bicycle,Injury,Possible Injury,DAY,N,N,N,N,N,N,N,N,N,1,1,1,0,0,0,0,0,0,0,0,1,1,0,1,0,0,0,0,0,0,0,0,0,0,N,0,0,Y,0,0,1,0,0,0,1,500,500,0,0,0,Preliminary,Editor Mapped,580848.8882,2849537.573,25.7616664146282,-80.1937751329391
25771812,2023,20-MAR-2023 04:05 AM,20-MAR-2023 12:00 AM,2303200019972,L,1,2,1,66,Miami-Dade,Miami,Urban,3/20/2023 4:08:00 AM,3/20/2023 4:10:00 AM,3/20/2023 4:15:00 AM,3/20/2023 5:55:00 AM,Y,Law Enforcement,NW 6TH ST,,25.779965,-80.193856,0,,N MIAMI AVE,,Local,Curb,Four-Way Intersection,N,Dark - Lighted,Rain,Wet,N,,Pedalcycle,On Roadway,N,Intersection,None,,,None,,,N,,,,,OFC,Miami Police Department,Police Department (PD),3/21/2023 2:31:00 PM,3/21/2023 2:31:00 PM,1,Y,Bicycle,Bicycle,Injury,Non-Incapacitating Injury,NIGHT,N,N,N,N,N,N,Y,N,N,1,1,0,1,0,0,0,0,0,0,0,1,1,0,1,0,0,0,0,0,0,0,0,0,0,N,0,0,Y,0,0,1,0,0,0,1,3000,3000,1,0,0,Preliminary,Editor Mapped,580828.5941,2851563.6111,25.7799611367825,-80.1938539013079
25772474,2023,29-MAR-2023 07:40 AM,29-MAR-2023 12:00 AM,2303290022312,L,1,2,1,66,Miami-Dade,Miami,Urban,3/29/2023 7:45:00 AM,3/29/2023 8:13:00 AM,3/29/2023 8:33:00 AM,3/29/2023 11:40:00 AM,Y,Law Enforcement,S BAYSHORE DR,,25.733937,-80.23135,206,East,TREASURE TROVE LN,,Local,Paved,Not at Intersection,N,Daylight,Clear,Dry,N,,Pedestrian,Shoulder,N,Through Roadway,None,,,None,,,N,,,,,PSA,Miami Police Department,Police Department (PD),3/31/2023 2:22:00 PM,3/31/2023 2:22:00 PM,2,Y,Pedestrian,Pedestrian,Serious Injury,Incapacitating Injury,DAY,N,N,N,N,N,N,N,N,N,1,1,0,0,1,0,0,0,0,0,0,1,1,0,1,0,0,0,0,0,0,0,0,0,0,N,0,0,Y,1,0,1,0,0,0,1,3500,3500,1,0,0,Verified,n/a,577098.8727,2846443.6135,25.7339322379962,-80.2313473381427
25773397,2023,11-APR-2023 07:27 PM,02-AUG-2023 12:00 AM,2304110025870,L,1,2,1,66,Miami-Dade,Miami,Urban,4/11/2023 7:32:00 PM,4/11/2023 7:34:00 PM,4/11/2023 8:00:00 PM,4/11/2023 9:00:00 PM,N,Law Enforcement,NW 8TH ST RD,,25.783819,-80.209239,149,East,NW 11TH ST,,Local,Paved,Not at Intersection,N,Daylight,Clear,Dry,N,,Pedestrian,On Roadway,N,Other,None,,,None,,,N,,,,,DETECTIVE,Miami Police Department,Police Department (PD),4/12/2023 3:40:00 PM,8/5/2023 3:03:00 PM,1,Y,Pedestrian,Pedestrian,No Injury,No Injury,NIGHT,N,N,N,N,N,Y,N,N,N,2,0,0,0,0,0,0,0,0,0,0,1,1,0,1,0,0,0,0,0,0,0,0,0,0,N,0,0,Y,0,0,2,0,0,0,1,501,501,0,0,0,Preliminary,Editor Mapped,579282.3786,2851981.0563,25.783814981839,-80.209248950292
25773921,2023,14-APR-2023 12:42 PM,14-APR-2023 12:00 AM,2304140026562,L,1,2,1,66,Miami-Dade,Miami,Urban,4/14/2023 12:42:00 PM,4/14/2023 12:46:00 PM,4/14/2023 12:58:00 PM,4/14/2023 2:00:00 PM,Y,Law Enforcement,BISCAYNE BLVD,6100,25.832908,-80.184159,91,,,,Parking Lot,Paved,Not at Intersection,N,Daylight,Clear,Dry,N,,Pedestrian,Off Roadway,N,Non-Junction,None,,,None,,,N,,,,,OFFICER,Miami Police Department,Police Department (PD),4/21/2023 6:32:00 PM,4/21/2023 6:32:00 PM,7,Y,Pedestrian,Pedestrian,Serious Injury,Incapacitating Injury,DAY,N,N,N,N,N,Y,N,N,N,1,1,0,0,1,0,0,0,0,0,0,1,1,0,1,0,0,0,0,0,0,0,0,0,0,N,0,0,Y,1,0,0,0,0,0,1,1000,1000,1,0,0,Verified,n/a,581768.411,2857432.0592,25.8328961955516,-80.1841185442132
25773985,2023,20-APR-2023 07:44 AM,20-APR-2023 12:00 AM,2304200028174,L,1,2,1,66,Miami-Dade,Miami,Urban,4/20/2023 7:45:00 AM,4/20/2023 7:48:00 AM,4/20/2023 8:23:00 AM,4/20/2023 9:13:00 AM,N,Law Enforcement,SW 5TH ST,,25.768966,-80.204249,0,,SW 6TH AVE,,Local,Paved,Other,N,Daylight,Clear,Dry,N,,Other Non-Fixed Object,On Roadway,N,Through Roadway,None,,,None,,,N,,,,,OFFICER,Miami Police Department,Police Department (PD),4/21/2023 6:32:00 PM,4/21/2023 6:32:00 PM,1,Y,Single Vehicle,Other,Injury,Non-Incapacitating Injury,DAY,N,N,N,N,N,N,N,N,N,1,1,0,1,0,0,0,0,0,0,0,1,1,0,1,0,0,0,0,0,0,0,0,0,0,N,0,0,Y,0,0,1,0,0,0,1,1500,1500,1,0,0,Preliminary,Editor Mapped,579794.0616,2850338.1109,25.7689525666259,-80.204244854338
25775645,2023,15-MAY-2023 05:00 PM,15-MAY-2023 12:00 AM,2305150034807,L,1,2,1,66,Miami-Dade,Miami,Urban,5/15/2023 5:03:00 PM,5/15/2023 5:12:00 PM,5/15/2023 5:35:00 PM,5/15/2023 6:50:00 PM,Y,Law Enforcement,NW 36TH ST,,25.808548,-80.255283,276,West,NW 36TH AVE,,Local,Paved,Not at Intersection,N,Daylight,Clear,Dry,N,,Pedalcycle,On Roadway,N,Other,None,,,None,,,N,,,,,PSA,Miami Police Department,Police Department (PD),5/16/2023 2:59:00 PM,5/16/2023 2:59:00 PM,1,Y,Bicycle,Bicycle,Injury,Non-Incapacitating Injury,DAY,N,N,N,N,N,N,N,N,N,1,1,0,1,0,0,0,0,0,0,0,1,1,0,1,0,0,0,0,0,0,0,0,0,0,N,0,0,Y,0,0,1,0,0,0,1,1000,1000,1,0,0,Preliminary,Editor Mapped,574651.5635,2854692.7076,25.8085431247471,-80.2552798577041
25776278,2023,25-MAY-2023 10:50 AM,25-MAY-2023 12:00 AM,2305250037231,L,1,2,1,66,Miami-Dade,Miami,Urban,5/25/2023 10:50:00 AM,5/25/2023 10:50:00 AM,5/25/2023 12:30:00 PM,5/25/2023 12:30:00 PM,Y,Law Enforcement,NW 26TH ST,,25.801407,-80.198991,0,East,NW 2ND AVE,,Local,Paved,Four-Way Intersection,N,Daylight,Clear,Dry,N,,Pedestrian,On Roadway,N,Intersection,None,,,None,,,N,,,,,OFFICER,Miami Police Department,Police Department (PD),6/1/2023 2:54:00 PM,6/1/2023 2:54:00 PM,7,Y,Pedestrian,Pedestrian,Serious Injury,Incapacitating Injury,DAY,N,N,N,N,N,N,Y,N,N,1,1,0,0,1,0,0,0,0,0,0,1,1,0,1,0,0,0,0,0,0,0,0,0,0,N,0,0,Y,1,0,1,0,0,0,1,2000,2000,1,0,0,Verified,n/a,580296.8048,2853933.9664,25.8013929203897,-80.1990135104927
25776459,2023,28-MAY-2023 01:40 PM,28-MAY-2023 12:00 AM,2305280038041,L,1,2,1,66,Miami-Dade,Miami,Urban,5/28/2023 1:45:00 PM,5/28/2023 1:48:00 PM,5/28/2023 1:58:00 PM,5/28/2023 2:45:00 PM,Y,Law Enforcement,NE 32ND ST,,25.807102,-80.18954,0,,BISCAYNE BLVD,,Local,Curb,T-Intersection,N,Daylight,Clear,Dry,N,,Pedalcycle,On Roadway,N,Intersection,None,,,None,,,N,,,,,PSA,Miami Police Department,Police Department (PD),5/29/2023 2:43:00 PM,5/29/2023 2:43:00 PM,1,N,Bicycle,Bicycle,No Injury,No Injury,DAY,N,N,N,N,N,N,Y,N,N,2,0,0,0,0,0,0,0,0,0,0,1,1,0,1,0,0,0,0,0,0,0,0,0,0,N,0,0,Y,0,0,0,0,0,0,1,1,1,0,0,0,Preliminary,Editor Mapped,581241.9927,2854567.5571,25.8070614975555,-80.1895467877046
25776773,2023,26-MAY-2023 07:00 AM,26-MAY-2023 12:00 AM,2305260037437,L,1,2,1,66,Miami-Dade,Miami,Urban,5/26/2023 7:00:00 AM,5/26/2023 7:00:00 AM,5/26/2023 7:20:00 AM,5/26/2023 9:00:00 AM,Y,Law Enforcement,SW 8TH ST,2950,25.76496,-80.242918,,,,,Parking Lot,Paved,Not at Intersection,N,Daylight,Clear,Dry,N,,Pedalcycle,On Roadway,N,Other,None,,,None,,,N,,,,,PSA,Miami Police Department,Police Department (PD),6/4/2023 2:40:00 PM,6/4/2023 2:40:00 PM,9,Y,Bicycle,Bicycle,Injury,Possible Injury,DAY,N,N,N,N,N,N,N,N,N,1,1,1,0,0,0,0,0,0,0,0,1,1,0,1,0,0,0,0,0,0,0,0,0,0,N,0,0,Y,0,0,0,0,0,0,1,500,500,0,0,0,Preliminary,Editor Mapped,575918.7019,2849872.8376,25.7649576093571,-80.242916209012
25777432,2023,12-JUN-2023 12:00 PM,12-JUN-2023 12:00 AM,2306120041787,L,1,2,1,66,Miami-Dade,Miami,Urban,6/12/2023 12:05:00 PM,6/12/2023 12:07:00 PM,6/12/2023 12:17:00 PM,6/12/2023 1:30:00 PM,Y,Law Enforcement,SW 5TH TER,,25.76661,-80.263556,0,West,S LE JEUNE RD,,Local,Paved,T-Intersection,N,Daylight,Rain,Wet,N,,Pedalcycle,On Roadway,N,Intersection,None,,,None,,,N,,,,,PSA,Miami Police Department,Police Department (PD),6/13/2023 2:53:00 PM,6/13/2023 2:53:00 PM,1,Y,Bicycle,Bicycle,Injury,Possible Injury,DAY,N,N,N,N,N,N,Y,N,N,0,2,2,0,0,0,0,0,0,0,0,1,1,0,1,0,0,0,0,0,0,0,0,0,0,N,0,0,Y,0,0,1,0,0,0,1,500,500,0,0,0,Preliminary,Editor Mapped,573848.558,2850044.1669,25.7666105151269,-80.2635493755241
25777801,2023,16-JUN-2023 02:20 AM,01-JUL-2024 12:00 AM,2306160042751,L,1,2,1,66,Miami-Dade,Miami,Urban,6/16/2023 2:21:00 AM,6/16/2023 2:21:00 AM,6/16/2023 2:21:00 AM,6/16/2023 2:21:00 AM,Y,Law Enforcement,NW 2ND AVE,,25.799827,-80.19903,0,,NW 24TH ST,,Local,Paved,Four-Way Intersection,N,Dark - Lighted,Clear,Dry,N,,Pedalcycle,On Roadway,N,Through Roadway,None,,,None,,,N,,,,,PSA,Miami Police Department,Police Department (PD),6/21/2023 2:56:00 PM,7/3/2024 10:32:00 PM,5,Y,Bicycle,Bicycle,No Injury,No Injury,NIGHT,N,N,N,N,N,Y,N,N,N,1,0,0,0,0,0,0,0,0,0,0,1,1,0,1,0,0,0,0,0,0,0,0,0,0,N,0,0,Y,0,0,0,0,0,0,0,0,0,0,0,0,Preliminary,Editor Mapped,580296.7932,2853760.1473,25.7998234696299,-80.1990241760295
25778059,2023,22-JUN-2023 11:28 AM,22-JUN-2023 12:00 AM,2306220044337,L,1,2,1,66,Miami-Dade,Miami,Urban,6/22/2023 11:30:00 AM,6/22/2023 11:32:00 AM,6/22/2023 11:40:00 AM,6/22/2023 12:23:00 PM,Y,Law Enforcement,SW 22ND ST,,25.750139,-80.241003,0,,SW 29TH AVE,,Local,Paved,Other,N,Daylight,Rain,Wet,N,,Pedalcycle,On Roadway,N,Non-Junction,Road Surface Condition,,,None,,,N,,,,,OFFICER,Miami Police Department,Police Department (PD),6/24/2023 3:28:00 PM,6/24/2023 3:28:00 PM,2,Y,Bicycle,Bicycle,Injury,Possible Injury,DAY,N,N,N,N,N,N,N,N,N,1,1,1,0,0,0,0,0,0,0,0,1,1,0,1,0,0,0,0,0,0,0,0,0,0,N,0,0,Y,0,0,0,0,0,0,1,500,500,1,0,0,Preliminary,Editor Mapped,576135.1577,2848234.6844,25.7501548814522,-80.2408518576911
25779495,2023,13-JUL-2023 04:35 PM,13-JUL-2023 12:00 AM,2307130049598,L,1,3,1,66,Miami-Dade,Miami,Urban,7/13/2023 4:37:00 PM,7/13/2023 4:38:00 PM,7/13/2023 4:45:00 PM,7/13/2023 4:50:00 PM,Y,Law Enforcement,SE 1ST ST,,25.773359,-80.190868,221,West,SE 2ND AVE,,Local,Curb,Not at Intersection,N,Daylight,Clear,Dry,N,,Pedestrian,On Roadway,N,Non-Junction,None,,,None,,,N,,,,,OFFICER,Miami Police Department,Police Department (PD),7/19/2023 2:54:00 PM,7/19/2023 2:54:00 PM,6,Y,Pedestrian,Pedestrian,Injury,Possible Injury,DAY,N,N,N,N,N,N,N,N,N,2,1,1,0,0,0,0,0,0,0,0,1,1,0,1,0,0,1,0,0,0,0,0,0,0,N,0,0,Y,0,0,1,0,0,0,0,0,0,0,0,0,Preliminary,Editor Mapped,581131.9054,2850832.3016,25.7733411807312,-80.1908738488212
25780658,2023,03-AUG-2023 11:35 AM,03-AUG-2023 12:00 AM,2308030054713,L,1,2,1,66,Miami-Dade,Miami,Urban,8/3/2023 11:38:00 AM,8/3/2023 11:39:00 AM,8/3/2023 11:45:00 AM,8/3/2023 2:00:00 PM,Y,Law Enforcement,W FLAGLER ST,2 AVE,25.774009,-80.197641,0,,SW 2ND AVE,,Local,Paved,Four-Way Intersection,Y,Daylight,Clear,Dry,N,,Pedalcycle,On Roadway,N,Intersection,None,,,None,,,N,,,,,POLICE OFFICER,Miami Police Department,Police Department (PD),8/8/2023 2:56:00 PM,8/8/2023 2:56:00 PM,5,Y,Bicycle,Bicycle,Serious Injury,Incapacitating Injury,DAY,N,N,N,N,N,N,Y,N,N,1,1,0,0,1,0,0,0,0,0,0,1,1,0,1,0,0,0,0,0,0,0,0,0,0,N,0,0,Y,1,0,1,0,0,0,1,3000,3000,1,0,0,Verified,n/a,580453.8033,2850899.5981,25.7739862593156,-80.1976319249801
25780862,2023,07-AUG-2023 12:50 PM,07-AUG-2023 12:00 AM,2308070055671,L,1,2,1,66,Miami-Dade,Miami,Urban,8/7/2023 12:51:00 PM,8/7/2023 1:31:00 PM,8/7/2023 1:39:00 PM,8/7/2023 2:40:00 PM,Y,Law Enforcement,NE 15TH ST,,25.789493,-80.189647,192,West,BISCAYNE BLVD,,Local,Curb,Not at Intersection,N,Daylight,Clear,Dry,N,,Pedestrian,On Roadway,N,Non-Junction,None,,,None,,,N,,,,,PSA,Miami Police Department,Police Department (PD),8/9/2023 2:55:00 PM,8/9/2023 2:55:00 PM,2,Y,Pedestrian,Pedestrian,Injury,Possible Injury,DAY,N,N,N,N,N,N,N,N,N,1,1,1,0,0,0,0,0,0,0,0,1,1,0,1,0,0,0,0,0,0,0,0,0,0,N,0,0,Y,0,0,0,0,0,0,1,500,500,0,0,0,Preliminary,Editor Mapped,581243.9896,2852621.0462,25.7894859409625,-80.1896463895117
25781923,2023,23-AUG-2023 06:07 PM,23-AUG-2023 12:00 AM,2308230059872,L,1,2,1,66,Miami-Dade,Miami,Urban,8/23/2023 6:20:00 PM,8/23/2023 6:20:00 PM,8/23/2023 6:30:00 PM,8/23/2023 7:30:00 PM,Y,Law Enforcement,NE 17TH TER,,25.792382,-80.187773,0,East,NE 4TH AVE,,Local,Paved,Y-Intersection,N,Daylight,Clear,Wet,N,,Pedalcycle,On Roadway,N,Through Roadway,None,,,None,,,N,,,,,PSA,Miami Police Department,Police Department (PD),8/25/2023 3:01:00 PM,8/25/2023 3:01:00 PM,2,Y,Bicycle,Bicycle,Injury,Possible Injury,DAY,N,N,N,N,N,N,N,N,N,1,1,1,0,0,0,0,0,0,0,0,1,1,0,1,0,0,0,0,0,0,0,0,0,0,N,0,0,Y,0,0,1,0,0,0,1,500,500,0,0,0,Preliminary,Editor Mapped,581430.9886,2852942.5714,25.7923786572696,-80.1877615702396
25782017,2023,24-AUG-2023 11:00 PM,29-AUG-2024 12:00 AM,2308240060205,L,1,2,1,66,Miami-Dade,Miami,Urban,8/24/2023 11:01:00 PM,8/24/2023 11:02:00 PM,8/24/2023 11:05:00 PM,8/24/2023 11:45:00 PM,N,Law Enforcement,NW 3RD AVE,,25.800739,-80.201045,0,North,NW 25TH ST,,Local,Paved,T-Intersection,N,Dark - Lighted,Clear,Dry,N,,Pedalcycle,On Roadway,N,Through Roadway,None,,,None,,,N,,,,,PSA,Miami Police Department,Police Department (PD),8/30/2023 2:51:00 PM,8/31/2024 7:26:00 PM,6,Y,Bicycle,Bicycle,Injury,Non-Incapacitating Injury,NIGHT,N,N,N,N,N,Y,N,N,N,0,1,0,1,0,0,0,0,0,0,0,1,1,0,1,0,0,0,0,0,0,0,0,0,0,N,0,0,Y,0,0,0,0,0,0,0,0,0,1,0,0,Preliminary,Editor Mapped,580093.0025,2853860.484,25.8007406147197,-80.2010507953145
25782136,2023,26-AUG-2023 05:35 PM,26-AUG-2023 12:00 AM,2308260060681,L,1,2,1,66,Miami-Dade,Miami,Urban,8/26/2023 5:38:00 PM,8/26/2023 6:00:00 PM,8/26/2023 6:15:00 PM,8/26/2023 6:40:00 PM,Y,Law Enforcement,NE 1ST AVE,,25.782803,-80.192193,0,,NE 9TH ST,,Local,Curb,Four-Way Intersection,Y,Daylight,Clear,Dry,N,,Other Non-Fixed Object,On Roadway,N,Intersection-Related,None,,,None,,,N,,,,,OFC,Miami Police Department,Police Department (PD),8/27/2023 2:41:00 PM,8/27/2023 2:41:00 PM,1,Y,Single Vehicle,Other,Injury,Possible Injury,DAY,N,N,N,N,N,N,Y,N,N,1,1,1,0,0,0,0,0,0,0,0,1,1,0,1,0,0,0,0,0,0,0,0,0,0,N,0,0,Y,0,0,0,0,0,0,0,0,0,0,0,0,Preliminary,Editor Mapped,580993.6134,2851878.7733,25.7827976817253,-80.1921889321082
25782365,2023,30-AUG-2023 07:50 AM,30-AUG-2023 12:00 AM,2308300061542,L,1,2,1,66,Miami-Dade,Miami,Urban,8/30/2023 8:00:00 AM,8/30/2023 9:05:00 AM,8/30/2023 9:25:00 AM,8/30/2023 11:30:00 AM,Y,Law Enforcement,NW 2ND ST,,25.773442,-80.263879,0,West,N LE JEUNE RD,,Local,Paved,T-Intersection,N,Daylight,Clear,Dry,N,,Pedestrian,On Roadway,N,Entrance/Exit Ramp,None,,,None,,,N,,,,,PSA,Miami Police Department,Police Department (PD),9/8/2023 5:28:00 PM,9/8/2023 5:28:00 PM,9,Y,Pedestrian,Pedestrian,Injury,Possible Injury,DAY,N,N,N,N,N,N,N,N,N,1,1,1,0,0,0,0,0,0,0,0,1,1,0,1,0,0,0,0,0,0,0,0,0,0,N,0,0,Y,0,0,1,0,0,0,1,0,0,1,0,0,Preliminary,Editor Mapped,573811.195,2850800.2179,25.7734390856373,-80.263879837718
25782369,2023,30-AUG-2023 08:47 AM,30-AUG-2023 12:00 AM,2308300061533,L,1,2,1,66,Miami-Dade,Miami,Urban,8/30/2023 8:47:00 AM,8/30/2023 8:47:00 AM,8/30/2023 9:00:00 AM,8/30/2023 10:30:00 AM,Y,Law Enforcement,SW 25TH AVE,,25.76706,-80.236829,0,,SW 6TH ST,,Local,Paved,Four-Way Intersection,N,Daylight,Clear,Dry,N,,Pedalcycle,On Roadway,N,Intersection,None,,,None,,,N,,,,,POLICE OFFICER,Miami Police Department,Police Department (PD),9/8/2023 5:28:00 PM,9/8/2023 5:28:00 PM,9,N,Bicycle,Bicycle,No Injury,No Injury,DAY,N,N,N,N,N,N,Y,N,N,2,0,0,0,0,0,0,0,0,0,0,1,1,0,1,0,0,0,0,0,0,0,0,0,0,N,0,0,Y,0,0,1,0,0,0,1,500,500,1,0,0,Preliminary,Editor Mapped,576527.8543,2850109.5859,25.7670635716647,-80.2368283179536
25782717,2023,05-SEP-2023 09:05 AM,05-SEP-2023 12:00 AM,2309050063023,L,1,2,1,66,Miami-Dade,Miami,Urban,9/5/2023 9:06:00 AM,9/5/2023 9:07:00 AM,9/5/2023 9:15:00 AM,9/5/2023 10:45:00 AM,Y,Law Enforcement,NE 8TH ST,,25.781884,-80.192092,0,,NE 1ST AVE,,Local,Paved,Four-Way Intersection,Y,Daylight,Clear,Dry,N,,Pedalcycle,On Roadway,N,Intersection,Other,None,,None,,,N,,,,,POLICE OFFICER,Miami Police Department,Police Department (PD),9/6/2023 4:36:00 PM,9/6/2023 4:36:00 PM,1,Y,Bicycle,Bicycle,Serious Injury,Incapacitating Injury,DAY,N,N,N,N,N,N,Y,N,N,1,1,0,0,1,0,0,0,0,0,0,1,1,0,1,0,0,0,0,0,0,0,0,0,0,N,0,0,Y,1,0,1,0,0,0,1,4000,4000,1,0,0,Verified,n/a,581004.1886,2851777.2079,25.7818800387074,-80.1920896786558
25783131,2023,11-SEP-2023 04:45 PM,11-SEP-2023 12:00 AM,2309110064692,L,1,2,1,66,Miami-Dade,Miami,Urban,9/11/2023 6:46:00 PM,9/11/2023 5:02:00 PM,9/11/2023 5:17:00 PM,9/11/2023 6:17:00 PM,Y,Law Enforcement,S BISCAYNE BLVD,325,25.771568,-80.187113,,,,,Parking Lot,Paved,Not at Intersection,N,Daylight,Clear,Dry,N,,Pedestrian,On Roadway,N,Through Roadway,None,,,None,,,N,,,,,PSA,Miami Police Department,Police Department (PD),9/20/2023 7:54:00 PM,9/20/2023 7:54:00 PM,9,Y,Pedestrian,Pedestrian,Injury,Possible Injury,DAY,N,N,N,N,N,N,N,N,N,1,1,1,0,0,0,0,0,0,0,0,1,1,0,1,1,0,0,0,0,0,0,0,0,0,N,0,0,Y,0,0,0,0,0,0,0,0,0,1,0,0,Preliminary,Editor Mapped,581510.5316,2850637.9685,25.7715654596818,-80.1871100777008
25783291,2023,14-SEP-2023 10:44 AM,14-SEP-2023 12:00 AM,2309140065367,L,1,2,1,66,Miami-Dade,Miami,Urban,9/14/2023 10:47:00 AM,9/14/2023 10:47:00 AM,9/14/2023 10:55:00 AM,9/14/2023 11:44:00 AM,Y,Law Enforcement,SW 2ND AVE,,25.763917,-80.197378,156,South,SW 10TH ST,,Local,Curb,Not at Intersection,N,Daylight,Clear,Dry,N,,Pedalcycle,On Roadway,N,Non-Junction,None,,,None,,,N,,,,,PO,Miami Police Department,Police Department (PD),9/16/2023 7:19:00 PM,9/16/2023 7:19:00 PM,2,N,Bicycle,Bicycle,No Injury,No Injury,DAY,N,N,N,N,N,N,N,N,N,2,0,0,0,0,0,0,0,0,0,0,1,1,0,1,0,0,0,0,0,0,0,0,0,0,N,0,0,Y,0,0,1,0,0,0,1,0,0,1,0,0,Preliminary,Editor Mapped,580486.195,2849783.9546,25.7639110443767,-80.1973766661982
25785292,2023,15-OCT-2023 12:40 AM,13-MAR-2024 12:00 AM,2310150072873,L,1,2,1,66,Miami-Dade,Miami,Urban,10/15/2023 12:57:00 AM,10/15/2023 12:59:00 AM,10/15/2023 1:10:00 AM,10/15/2023 2:00:00 AM,N,Law Enforcement,NW 12TH AVE,,25.775466,-80.214708,0,,NW 2ND ST,,Local,Paved,Four-Way Intersection,N,Dark - Lighted,Clear,Dry,N,,Pedestrian,On Roadway,N,Intersection,None,,,None,,,N,,,,,DETECTIVE,Miami Police Department,Police Department (PD),10/17/2023 7:33:00 PM,3/17/2024 7:12:00 PM,2,Y,Pedestrian,Pedestrian,Injury,Non-Incapacitating Injury,NIGHT,N,N,N,N,N,Y,Y,N,N,1,1,0,1,0,0,0,0,0,0,0,1,1,0,1,0,0,0,0,0,0,0,0,0,0,N,0,0,Y,0,0,0,0,0,0,0,0,0,1,0,0,Preliminary,Editor Mapped,578745.0646,2851052.6858,25.7754614898091,-80.214662837697
25786452,2023,02-NOV-2023 03:10 PM,02-NOV-2023 12:00 AM,2311020077531,L,1,4,1,66,Miami-Dade,Miami,Urban,11/2/2023 3:10:00 PM,11/2/2023 3:12:00 PM,11/2/2023 3:26:00 PM,11/2/2023 4:30:00 PM,Y,Law Enforcement,W FLAGLER ST,,25.774821,-80.198772,0,,NW 3RD AVE,,Local,Paved,Four-Way Intersection,N,Daylight,Clear,Dry,N,,Other Non-Collision,On Roadway,N,Intersection,None,,,None,,,N,,,,,OFC,Miami Police Department,Police Department (PD),11/3/2023 7:30:00 PM,11/3/2023 7:30:00 PM,1,Y,Single Vehicle,Other,Injury,Non-Incapacitating Injury,DAY,N,N,N,N,N,N,Y,N,N,2,2,0,2,0,0,0,0,0,0,0,2,2,0,1,0,0,1,0,0,0,0,0,0,0,N,0,0,Y,0,0,0,0,0,0,1,5000,5000,2,0,0,Preliminary,Editor Mapped,580339.0469,2850991.2927,25.7748204985991,-80.1987707441726
25786464,2023,02-NOV-2023 07:00 PM,02-NOV-2023 12:00 AM,2311020077575,L,1,2,1,66,Miami-Dade,Miami,Urban,11/2/2023 7:10:00 PM,11/2/2023 7:10:00 PM,11/2/2023 7:27:00 PM,11/2/2023 8:30:00 PM,N,Law Enforcement,NE 1ST AVE,,25.811074,-80.193157,0,,,,Local,Paved,Four-Way Intersection,N,Daylight,Clear,Dry,N,,Other Non-Collision,On Roadway,N,Intersection-Related,None,,,None,,,N,,,,,OFC,Miami Police Department,Police Department (PD),11/3/2023 7:30:00 PM,11/3/2023 7:30:00 PM,1,Y,Single Vehicle,Other,No Injury,No Injury,NIGHT,N,N,N,N,N,Y,Y,N,N,1,0,0,0,0,0,0,0,0,0,0,1,1,0,1,0,0,0,0,0,0,0,0,0,0,N,0,0,Y,0,0,0,0,0,0,0,0,0,0,0,0,Preliminary,Editor Mapped,580877.7724,2855009.4739,25.8110718595577,-80.19315285825
25786856,2023,09-NOV-2023 07:50 AM,12-DEC-2023 12:00 AM,2311090079069,L,1,2,1,66,Miami-Dade,Miami,Urban,11/9/2023 7:50:00 AM,11/9/2023 8:11:00 AM,11/9/2023 8:35:00 AM,11/9/2023 9:30:00 AM,N,Law Enforcement,SW 3RD AVE,,25.755249,-80.208169,0,,SW 26TH RD,,Local,Paved,Four-Way Intersection,N,Daylight,Clear,Dry,N,,Pedestrian,On Roadway,N,Intersection,None,,,None,,,N,,,,,DETECTIVE,Miami Police Department,Police Department (PD),11/10/2023 7:33:00 PM,12/21/2023 7:23:00 PM,1,Y,Pedestrian,Pedestrian,Injury,Possible Injury,DAY,N,N,N,N,N,Y,Y,N,N,1,1,1,0,0,0,0,0,0,0,0,1,1,0,1,0,0,0,0,0,0,0,0,0,0,N,0,0,Y,0,0,3,0,0,0,0,0,0,0,0,0,Preliminary,Editor Mapped,579410.0151,2848817.5975,25.755244297687,-80.2081655907078
25786990,2023,11-NOV-2023 12:19 PM,11-NOV-2023 12:00 AM,2311110079627,L,1,2,1,66,Miami-Dade,Miami,Urban,11/11/2023 12:20:00 PM,11/11/2023 12:28:00 PM,11/11/2023 12:33:00 PM,11/11/2023 1:56:00 PM,Y,Law Enforcement,NE 1ST AVE,851,25.782163,-80.192157,99,,100TH AVE,,Local,Paved,Other,N,Daylight,Clear,Dry,N,,Pedestrian,On Roadway,N,Other,None,,,None,,,N,,,,,OFFICER,Miami Police Department,Police Department (PD),11/14/2023 7:54:00 PM,11/14/2023 7:54:00 PM,3,N,Pedestrian,Pedestrian,No Injury,No Injury,DAY,N,N,N,N,N,N,N,N,N,2,0,0,0,0,0,0,0,0,0,0,1,1,0,1,0,0,0,0,0,0,0,0,0,0,N,0,0,Y,0,0,0,0,0,0,1,100,100,1,0,0,Preliminary,Editor Mapped,580998.0036,2851808.6305,25.7821641031268,-80.1921494390867
25790209,2023,23-DEC-2023 02:12 PM,23-DEC-2023 12:00 AM,2023-00053536,L,1,2,19,32,Brevard,Cocoa,Urban,12/23/2023 2:12:00 PM,12/23/2023 2:18:00 PM,12/23/2023 2:18:00 PM,12/23/2023 2:58:00 PM,Y,Law Enforcement,S VARR AV,,,,0,,W KING ST,,Local,Curb,Y-Intersection,N,Daylight,Clear,Dry,N,Front to Front,Motor Vehicle in Transport,Shoulder,N,Unknown,None,,,Unknown,,,N,,,,,CRT,Cocoa Police Department,Police Department (PD),1/16/2024 11:24:00 PM,1/16/2024 11:24:00 PM,24,Y,Single Vehicle,Other,Injury,Possible Injury,DAY,N,N,N,Y,N,N,N,Y,N,1,1,1,0,0,0,0,0,0,0,0,1,1,0,1,0,0,0,0,0,0,0,0,0,0,N,0,0,Y,0,0,1,0,1,500,1,150,650,0,0,0,Preliminary,Editor Mapped,525018.1817,3136649.0142,28.3558483788937,-80.7447067426763
25790413,2023,06-FEB-2023 08:26 AM,06-FEB-2023 12:00 AM,23033596,S,1,2,6,0,Palm Beach,Unincorporated,Rural,2/6/2023 8:26:00 AM,2/6/2023 8:28:00 AM,2/6/2023 8:35:00 AM,2/6/2023 8:52:00 AM,Y,Law Enforcement,WESTCHESTER DR E,,26.69268,-80.129728,220,North,BELVEDERE RD,,Local,Unpaved,T-Intersection,N,Daylight,Clear,Dry,N,,Pedalcycle,On Roadway,N,Intersection,None,,,None,,,N,,,,,CSA,Palm Beach County Sheriff's Office,Sheriff's Office (SO),2/22/2023 5:05:00 PM,2/22/2023 5:05:00 PM,16,N,Bicycle,Bicycle,No Injury,No Injury,DAY,N,N,N,N,N,N,Y,N,N,2,0,0,0,0,0,0,0,0,0,0,1,1,0,1,0,0,0,0,0,0,0,0,0,0,N,0,0,Y,0,0,0,0,1,0,1,500,500,0,0,0,Preliminary,Computer mapped approximate by address,586589.959,2952749.3822,26.6931897471703,-80.1296207940962
25791151,2023,23-FEB-2023 09:03 AM,23-FEB-2023 12:00 AM,23039635,L,1,2,6,0,Palm Beach,Unincorporated,Rural,2/23/2023 9:03:00 AM,2/23/2023 9:05:00 AM,2/23/2023 9:14:00 AM,2/23/2023 10:15:00 AM,Y,Law Enforcement,JOE DELONG BLVD,,26.557322,-80.148047,0,East,S JOG RD,,Local,Curb,Not at Intersection,N,Daylight,Clear,Dry,N,,Pedalcycle,On Roadway,N,Intersection,None,,,None,,,N,,,,,CSA,Palm Beach County Sheriff's Office,Sheriff's Office (SO),3/1/2023 4:07:00 PM,3/1/2023 4:07:00 PM,6,Y,Bicycle,Bicycle,Injury,Non-Incapacitating Injury,DAY,N,N,N,N,N,N,Y,N,N,1,1,0,1,0,0,0,0,0,0,0,1,1,0,1,1,0,0,0,0,0,0,0,0,0,N,0,0,Y,0,0,0,0,1,500,1,2500,3000,1,0,0,Preliminary,Editor Mapped,584855.4048,2937686.9833,26.5573111554402,-80.1480633863152
25791578,2023,01-MAR-2023 07:33 AM,01-MAR-2023 12:00 AM,23041673,L,1,5,6,0,Palm Beach,Unincorporated,Rural,3/1/2023 7:34:00 AM,3/1/2023 7:35:00 AM,3/1/2023 7:47:00 AM,3/1/2023 9:30:00 AM,Y,Law Enforcement,BOCA RIO RD,,26.332152,-80.171019,175,North,SW 18TH ST,,County,Paved,Not at Intersection,N,Daylight,Clear,Dry,N,,Pedestrian,On Roadway,N,Non-Junction,None,,,None,,,N,,,,,D/S,Palm Beach County Sheriff's Office,Sheriff's Office (SO),3/7/2023 3:30:00 PM,3/7/2023 3:30:00 PM,6,Y,Pedestrian,Pedestrian,Injury,Possible Injury,DAY,N,N,N,N,N,N,N,N,N,4,1,1,0,0,0,0,0,0,0,0,1,1,0,1,0,0,3,0,0,0,0,0,0,0,N,0,0,Y,0,0,0,0,0,0,1,2000,2000,1,0,0,Preliminary,Editor Mapped,582724.5544,2912722.7951,26.3320519894849,-80.1710698156663
25791984,2023,07-MAR-2023 07:37 AM,07-MAR-2023 12:00 AM,23043800,S,1,2,6,0,Palm Beach,Unincorporated,Rural,3/7/2023 7:38:00 AM,3/7/2023 7:39:00 AM,3/7/2023 8:10:00 AM,3/7/2023 8:56:00 AM,Y,Law Enforcement,FLORIDA MANGO RD,,26.666091,-80.079875,0,,SUMMIT BLVD,,Local,Curb,Four-Way Intersection,N,Daylight,Clear,Dry,N,,Other Non-Fixed Object,On Roadway,N,Intersection,None,,,None,,,N,,,,,DEPUTY,Palm Beach County Sheriff's Office,Sheriff's Office (SO),3/8/2023 3:04:00 PM,3/8/2023 3:04:00 PM,1,N,Single Vehicle,Other,No Injury,No Injury,DAY,N,N,N,N,N,N,Y,N,N,2,0,0,0,0,0,0,0,0,0,0,1,1,0,1,0,0,0,0,0,0,0,0,0,0,N,0,0,Y,0,0,0,0,0,0,0,0,0,0,0,0,Preliminary,Officer Mapped,591561.1016,2949782.0664,26.6660862422237,-80.0798722984667
25792570,2023,14-MAR-2023 05:27 PM,14-MAR-2023 12:00 AM,23046513,L,1,3,6,0,Palm Beach,Unincorporated,Rural,3/14/2023 5:27:00 PM,3/14/2023 5:28:00 PM,3/14/2023 6:00:00 PM,3/14/2023 6:30:00 PM,Y,Law Enforcement,OKEECHOBEE BLVD,4271,26.707054,-80.10877,230,,,,Parking Lot,Paved,Not at Intersection,N,Daylight,Clear,Dry,N,,Pedalcycle,Off Roadway,N,Driveway/Alley Access Related,None,,,None,,,N,,,,,D/S,Palm Beach County Sheriff's Office,Sheriff's Office (SO),3/25/2023 2:21:00 PM,3/25/2023 2:21:00 PM,11,Y,Bicycle,Bicycle,Injury,Non-Incapacitating Injury,DAY,Y,N,N,N,N,N,N,Y,N,2,1,0,1,0,0,0,0,0,0,0,1,1,0,1,0,0,1,0,0,0,0,0,0,0,N,0,0,Y,0,0,0,0,0,0,1,400,400,0,0,0,Preliminary,Editor Mapped,588652.731,2954293.7536,26.7070035461264,-80.1087798590277
25794730,2023,14-APR-2023 07:31 AM,25-APR-2023 12:00 AM,23057137,L,1,2,6,89,Palm Beach,Wellington,Urban,4/14/2023 7:38:00 AM,4/14/2023 7:38:00 AM,4/14/2023 7:38:00 AM,4/14/2023 8:10:00 AM,Y,Law Enforcement,GOLDPIECE TRL,,26.672654,-80.251409,0,,WELLINGTON TRCE,,Local,Curb,Four-Way Intersection,N,Daylight,Clear,Dry,N,,Pedestrian,On Roadway,N,Intersection,None,,,None,,,N,,,,,D/S,Palm Beach County Sheriff's Office,Sheriff's Office (SO),4/18/2023 3:36:00 PM,5/3/2023 3:36:00 PM,4,Y,Pedestrian,Pedestrian,Injury,Possible Injury,DAY,N,N,N,N,N,N,Y,N,N,1,1,1,0,0,0,0,0,0,0,0,1,1,0,1,0,0,0,0,0,0,0,0,0,0,N,0,0,Y,0,0,0,0,1,200,0,0,200,0,0,0,Preliminary,Editor Mapped,574486.6651,2950397.3809,26.6726489484604,-80.2514095584815
25795019,2023,18-APR-2023 12:33 PM,18-APR-2023 12:00 AM,23058587,L,1,2,6,0,Palm Beach,Unincorporated,Rural,4/18/2023 12:35:00 PM,4/18/2023 12:36:00 PM,4/18/2023 12:49:00 PM,4/18/2023 1:01:00 PM,Y,Law Enforcement,MELALEUCA LN,,26.607156,-80.107556,,West,VILLAS SANTORINI DR,,Local,Curb,T-Intersection,N,Daylight,Clear,Dry,N,,Pedestrian,On Roadway,N,Driveway/Alley Access Related,None,,,None,,,N,,,,,CSA,Palm Beach County Sheriff's Office,Sheriff's Office (SO),4/21/2023 6:32:00 PM,4/21/2023 6:32:00 PM,3,Y,Pedestrian,Pedestrian,Injury,Possible Injury,DAY,N,N,N,N,N,N,N,N,N,1,1,1,0,0,0,0,0,0,0,0,1,1,0,1,0,0,0,0,0,0,0,0,0,0,N,0,0,Y,0,0,0,0,0,0,1,800,800,0,0,0,Preliminary,Editor Mapped,588849.509,2943236.6603,26.6071684232643,-80.1075786062881
25795245,2023,22-APR-2023 10:50 AM,22-APR-2023 12:00 AM,23060041,S,1,2,6,0,Palm Beach,Unincorporated,Rural,4/22/2023 10:55:00 AM,4/22/2023 11:00:00 AM,4/22/2023 11:00:00 AM,4/22/2023 11:30:00 AM,Y,Law Enforcement,POWERLINE RD,,26.340259,-80.153618,0,,CANARY PALM DR,,County,Curb,Four-Way Intersection,N,Daylight,Clear,Dry,N,,Pedalcycle,On Roadway,N,Intersection,None,,,None,,,N,,,,,D/S,Palm Beach County Sheriff's Office,Sheriff's Office (SO),4/24/2023 3:28:00 PM,4/24/2023 3:28:00 PM,2,N,Bicycle,Bicycle,No Injury,No Injury,DAY,N,N,N,N,N,N,Y,N,N,2,0,0,0,0,0,0,0,0,0,0,1,1,0,1,0,0,0,0,0,0,0,0,0,0,N,0,0,Y,0,0,0,0,0,0,1,500,500,0,0,0,Preliminary,Officer Mapped,584460.5335,2913642.5892,26.3402546603163,-80.1536157760387
25796239,2023,06-MAY-2023 12:15 PM,06-MAY-2023 12:00 AM,23065195,L,1,3,6,0,Palm Beach,Unincorporated,Rural,5/6/2023 12:15:00 PM,5/6/2023 12:15:00 PM,5/6/2023 12:20:00 PM,5/6/2023 1:10:00 PM,Y,Law Enforcement,US-441,,26.401476,-80.203953,55,,SPANISH ISLES BLVD,,U.S.,Paved,T-Intersection,N,Daylight,Cloudy,Dry,N,,Pedestrian,On Roadway,N,Driveway/Alley Access Related,None,,,None,,,N,,,,,DEPUTY SHERIFF,Palm Beach County Sheriff's Office,Sheriff's Office (SO),5/8/2023 3:20:00 PM,5/8/2023 3:20:00 PM,2,Y,Pedestrian,Pedestrian,Injury,Non-Incapacitating Injury,DAY,N,N,N,N,N,N,N,N,N,2,1,0,1,0,0,0,0,0,0,0,1,1,0,1,0,0,1,0,0,0,0,0,0,0,N,0,0,Y,0,0,1,0,1,3000,1,250,3250,1,0,0,Preliminary,Editor Mapped,579383.4527,2920399.5174,26.4015511637317,-80.2040716594944
25796315,2023,05-MAY-2023 04:50 PM,05-MAY-2023 12:00 AM,23064936,L,1,2,6,32,Palm Beach,Boca Raton,Urban,5/5/2023 4:50:00 PM,5/5/2023 4:54:00 PM,5/5/2023 5:02:00 PM,5/5/2023 5:30:00 PM,Y,Law Enforcement,GLADES ROAD- SR 808,,26.368558,-80.153433,2103,East,ENCINA LN,,State,Paved,Not at Intersection,Y,Daylight,Clear,Dry,N,,Pedalcycle,On Roadway,N,Non-Junction,None,,,None,,,N,,,,,D/D,Palm Beach County Sheriff's Office,Sheriff's Office (SO),5/12/2023 3:27:00 PM,5/12/2023 3:27:00 PM,7,Y,Bicycle,Bicycle,Injury,Possible Injury,DAY,N,N,N,N,N,N,N,Y,N,1,1,1,0,0,0,0,0,0,0,0,1,1,0,1,0,0,0,0,0,0,0,0,0,0,N,0,0,Y,0,0,0,0,0,0,1,300,300,0,0,0,Preliminary,Editor Mapped,584458.4179,2916776.5321,26.3685493588936,-80.1534309850631
25796334,2023,01-MAY-2023 07:04 AM,01-MAY-2023 12:00 AM,23063135,L,1,2,6,42,Palm Beach,Greenacres,Urban,5/1/2023 7:04:00 AM,5/1/2023 7:04:00 AM,5/1/2023 7:05:00 AM,5/1/2023 8:10:00 AM,Y,Law Enforcement,LAKE WORTH RD,,26.618904,-80.121918,0,,HAVERHILL RD,,State,Paved,Four-Way Intersection,Y,Daylight,Clear,Dry,N,,Pedestrian,On Roadway,N,Intersection-Related,None,,,None,,,N,,,,,INV.,Palm Beach County Sheriff's Office,Sheriff's Office (SO),5/10/2023 3:27:00 PM,5/10/2023 3:27:00 PM,9,Y,Pedestrian,Pedestrian,Injury,Non-Incapacitating Injury,DAY,N,N,N,N,N,N,Y,N,N,1,1,0,1,0,0,0,0,0,0,0,1,1,0,1,0,0,0,0,0,0,0,0,0,0,N,0,0,Y,0,0,0,0,0,0,1,100,100,0,0,0,Preliminary,Editor Mapped,587413.5467,2944526.1187,26.6188993963828,-80.1219113988292
25796642,2023,12-MAY-2023 10:08 AM,12-MAY-2023 12:00 AM,23067208,L,1,3,6,0,Palm Beach,Unincorporated,Rural,5/12/2023 10:08:00 AM,5/12/2023 10:08:00 AM,5/12/2023 10:11:00 AM,5/12/2023 10:45:00 AM,Y,Law Enforcement,JOG RD,,26.438846,-80.146405,0,,LINTON BLVD,,Local,Curb,Four-Way Intersection,N,Daylight,Cloudy,Dry,N,,Pedestrian,On Roadway,N,Intersection,None,,,None,,,N,,,,,CSA,Palm Beach County Sheriff's Office,Sheriff's Office (SO),5/13/2023 3:22:00 PM,5/13/2023 3:22:00 PM,1,Y,Pedestrian,Pedestrian,Injury,Non-Incapacitating Injury,DAY,N,N,N,N,N,N,Y,N,N,2,1,0,1,0,0,0,0,0,0,0,1,1,0,1,1,0,1,0,0,0,0,0,0,0,N,0,0,Y,0,0,0,0,1,500,1,100,600,1,0,0,Preliminary,Editor Mapped,585108.1359,2924566.1386,26.4388379940645,-80.1464018398436
25798282,2023,06-JUN-2023 09:18 PM,06-JUN-2023 12:00 AM,23075954,L,1,4,6,68,Palm Beach,Mangonia Park,Urban,6/6/2023 9:19:00 PM,6/6/2023 9:21:00 PM,6/6/2023 9:21:00 PM,6/6/2023 10:06:00 PM,Y,Law Enforcement,UNNAMED RD,,26.753454,-80.078113,0,North,45TH ST,,County,Curb,Not at Intersection,N,Dark - Lighted,Clear,Dry,N,,Pedestrian,On Roadway,N,Intersection-Related,None,,,None,,,N,,,,,D/S,Palm Beach County Sheriff's Office,Sheriff's Office (SO),6/18/2023 3:07:00 PM,6/18/2023 3:07:00 PM,12,Y,Pedestrian,Pedestrian,Injury,Non-Incapacitating Injury,NIGHT,N,N,N,N,N,N,Y,N,N,3,1,0,1,0,0,0,0,0,0,0,2,1,0,1,0,0,1,0,0,0,0,0,0,0,N,0,0,Y,0,0,0,0,0,0,0,0,0,2,0,0,Preliminary,Editor Mapped,591667.2042,2959459.8238,26.7534481270941,-80.0781028076514
25798739,2023,14-JUN-2023 08:10 AM,20-JUN-2023 12:00 AM,23078509,L,1,2,6,0,Palm Beach,Unincorporated,Rural,6/14/2023 8:10:00 AM,6/14/2023 8:15:00 AM,6/14/2023 8:30:00 AM,6/14/2023 9:20:00 AM,Y,Law Enforcement,SANDALFOOT BLVD W,,26.335828,-80.203363,0,,US-441,,U.S.,Paved,Four-Way Intersection,N,Daylight,Clear,Dry,N,,Pedalcycle,On Roadway,N,Intersection,None,,,None,,,N,,,,,CSA,Palm Beach County Sheriff's Office,Sheriff's Office (SO),6/15/2023 4:33:00 PM,6/22/2023 3:26:00 PM,1,Y,Bicycle,Bicycle,Serious Injury,Incapacitating Injury,DAY,N,N,N,N,N,N,Y,N,N,1,1,0,0,1,0,0,0,0,0,0,1,1,0,1,1,0,0,0,0,0,0,0,0,0,N,0,0,Y,1,0,0,0,0,0,1,1000,1000,1,0,0,Verified,n/a,579500.7491,2913118.3634,26.3358065642041,-80.2033465208034
25799109,2023,20-JUN-2023 09:00 AM,20-JUN-2023 12:00 AM,23080639,L,1,2,6,0,Palm Beach,Unincorporated,Urban,6/20/2023 9:05:00 AM,6/20/2023 9:05:00 AM,6/20/2023 9:23:00 AM,6/20/2023 10:10:00 AM,Y,Law Enforcement,MENTONE RD,,26.564912,-80.063716,0,,OCEAN PKWY,,Local,Unpaved,Four-Way Intersection,N,Daylight,Clear,Dry,N,,Pedalcycle,On Roadway,N,Intersection,None,,,None,,,N,,,,,CSA,Palm Beach County Sheriff's Office,Sheriff's Office (SO),6/29/2023 4:26:00 PM,6/29/2023 4:26:00 PM,9,Y,Bicycle,Bicycle,Injury,Possible Injury,DAY,N,N,N,N,N,N,Y,N,N,1,1,1,0,0,0,0,0,0,0,0,1,1,0,1,0,0,0,0,0,0,0,0,0,0,N,0,0,Y,0,0,0,0,0,0,1,400,400,0,0,0,Preliminary,Editor Mapped,593250.3207,2938587.4015,26.5649112817315,-80.0637221564033
25800373,2023,26-MAY-2023 07:05 PM,26-MAY-2023 12:00 AM,231548,L,1,2,1,89,Miami-Dade,Surfside,Urban,5/26/2023 7:05:00 PM,5/26/2023 7:05:00 PM,5/26/2023 7:07:00 PM,5/26/2023 8:05:00 PM,Y,Law Enforcement,SR A1A NORTH,,,,0,,91ST STREET,,State,Curb,T-Intersection,,Daylight,Clear,Dry,N,Angle,Motor Vehicle in Transport,On Roadway,N,Non-Junction,None,,,None,,,N,,,,,OFC.,Surfside Police Department,Police Department (PD),6/3/2023 2:57:00 PM,6/3/2023 2:57:00 PM,8,Y,Single Vehicle,Other,Injury,Non-Incapacitating Injury,NIGHT,N,N,N,N,N,N,N,N,N,1,1,0,1,0,0,0,0,0,0,0,1,1,0,1,0,0,0,0,0,0,0,0,0,0,N,0,0,Y,0,0,1,0,0,0,1,500,500,0,0,0,Preliminary,Editor Mapped,587968.4156,2862467.6816,25.8780021637999,-80.1219249591082
25813562,2023,12-OCT-2023 01:25 PM,12-OCT-2023 12:00 AM,2023-2952,L,1,2,7,55,Orange,University of Central Florida,Urban,10/12/2023 1:27:00 PM,10/12/2023 1:28:00 PM,10/12/2023 1:29:00 PM,10/12/2023 2:12:00 PM,Y,Law Enforcement,CENTRAL FLORIDA BLVD,,28.596614,-81.203811,0,North,ANDROMEDA LOOP S,,Local,Curb,Not at Intersection,N,Daylight,Cloudy,Wet,N,,Pedalcycle,On Roadway,N,Non-Junction,None,,,None,,,N,,,,,OFFICER,University of Central Florida Police Department,Police Department (PD),10/17/2023 7:33:00 PM,10/17/2023 7:33:00 PM,5,Y,Bicycle,Bicycle,Injury,Non-Incapacitating Injury,DAY,N,N,N,N,N,N,N,N,N,1,1,0,1,0,0,0,0,0,0,0,1,1,0,1,0,1,0,0,0,0,0,0,0,0,N,0,0,Y,0,0,0,0,1,100,1,100,200,0,0,0,Preliminary,Editor Mapped,480079.2193,3163308.7843,28.596583214844,-81.2037393413249
25816858,2023,24-AUG-2023 09:10 AM,01-SEP-2023 02:39 PM,PPPD23OFF055009,L,1,2,10,68,Broward,Pembroke Pines,Urban,8/24/2023 9:16:00 AM,8/24/2023 9:17:00 AM,8/24/2023 9:17:00 AM,8/24/2023 10:00:00 AM,Y,Law Enforcement,NW 163RD AVE,,26.0293708798613,-80.3654739532486,0,,SHERIDAN ST,,Local,Unpaved,T-Intersection,Y,Daylight,Clear,Dry,N,Other,Pedestrian,On Roadway,N,Intersection,None,,,None,,,N,,,,,CIVILIAN,Pembroke Pines Police Department,Police Department (PD),8/29/2023 2:53:00 PM,9/6/2023 4:36:00 PM,5,Y,Pedestrian,Pedestrian,Injury,Possible Injury,DAY,N,N,N,N,N,N,Y,N,N,1,1,1,0,0,0,0,0,0,0,0,1,1,0,1,0,0,0,0,0,0,0,0,0,0,N,0,0,Y,0,0,0,0,0,0,0,0,0,0,0,0,Preliminary,Editor Mapped,563494.9007,2879084.5351,26.0293143403417,-80.3653942083902
25818325,2023,03-JUL-2023 06:19 AM,03-JUL-2023 12:00 AM,2023-00050108,L,1,1,5,52,Polk,Lakeland,Urban,7/3/2023 6:21:00 AM,7/3/2023 6:21:00 AM,7/3/2023 6:21:00 AM,7/3/2023 6:40:00 AM,Y,Law Enforcement,SR-33,,28.062785,-81.953348,130,North,COLUMBUS CIR,,Local,Curb,Not at Intersection,N,Daylight,Clear,Dry,N,,Pedestrian,On Roadway,N,Non-Junction,None,,,None,,,N,,,,,OFC,Lakeland Police Department,Police Department (PD),7/11/2023 3:03:00 PM,7/11/2023 3:03:00 PM,8,Y,Pedestrian,Pedestrian,Injury,Non-Incapacitating Injury,NIGHT,N,N,N,N,N,N,N,N,N,0,1,0,1,0,0,0,0,0,0,0,1,1,0,0,0,0,0,0,0,0,0,0,0,0,N,0,0,Y,0,0,0,0,0,0,1,1000,1000,1,0,0,Preliminary,Editor Mapped,406316.8454,3104523.2442,28.0627772878737,-81.9533431745049
25818458,2023,12-JUL-2023 08:35 PM,12-JUL-2023 12:00 AM,2023-00052737,L,1,2,5,52,Polk,Lakeland,Urban,7/12/2023 8:39:00 PM,7/12/2023 8:44:00 PM,7/12/2023 8:44:00 PM,7/12/2023 9:46:00 PM,Y,Law Enforcement,UNNAMED RD,,28.088928,-81.999003,472,North,JIM GALLOWAY RD,,Local,Paved,Not at Intersection,N,Dark - Lighted,Clear,Dry,N,,Pedalcycle,On Roadway,N,Non-Junction,None,,,None,,,N,,,,,OFFCIER,Lakeland Police Department,Police Department (PD),7/19/2023 2:54:00 PM,7/19/2023 2:54:00 PM,7,N,Bicycle,Bicycle,No Injury,No Injury,NIGHT,N,N,N,N,N,N,N,N,N,2,0,0,0,0,0,0,0,0,0,0,1,1,0,1,0,0,0,0,0,0,0,0,0,0,N,0,0,Y,0,0,0,0,0,0,1,300,300,1,0,0,Preliminary,Officer Mapped,401853.7803,3107455.7255,28.0889224768771,-81.9989998033422
25818971,2023,13-AUG-2023 06:55 PM,13-AUG-2023 12:00 AM,2023-00062824,L,1,2,5,52,Polk,Lakeland,Urban,8/13/2023 7:15:00 PM,8/13/2023 7:18:00 PM,8/13/2023 7:23:00 PM,8/13/2023 8:30:00 PM,Y,Law Enforcement,QUEENS CIR,,28.00441,-81.964612,332,West,EMPRESS WAY,,Local,Unpaved,Not at Intersection,N,Daylight,Clear,Dry,N,,Pedestrian,On Roadway,N,Non-Junction,None,,,None,,,N,,,,,OFC,Lakeland Police Department,Police Department (PD),9/16/2023 7:19:00 PM,9/16/2023 7:19:00 PM,34,Y,Pedestrian,Pedestrian,Injury,Possible Injury,DAY,N,N,N,N,N,N,N,N,N,1,1,1,0,0,0,0,0,0,0,0,1,1,0,1,1,0,0,0,0,0,0,0,0,0,N,0,0,Y,0,0,0,0,0,0,0,0,0,0,0,0,Preliminary,Editor Mapped,405157.6234,3098061.5387,28.0043717237732,-81.964618058363
25823387,2023,11-MAY-2023 08:55 AM,11-MAY-2023 12:00 AM,23-042603,L,1,2,16,0,Sarasota,Unincorporated,Rural,5/11/2023 8:55:00 AM,5/11/2023 8:57:00 AM,5/11/2023 9:14:00 AM,5/11/2023 9:39:00 AM,Y,Law Enforcement,ZAMORA AVE,449,27.055721,-82.260539,63,East,,,Local,Unpaved,Not at Intersection,N,Daylight,Clear,Dry,N,,Pedestrian,On Roadway,N,Non-Junction,None,,,None,,,N,,,,,D,Sarasota County Sheriff's Office,Sheriff's Office (SO),5/13/2023 3:22:00 PM,5/13/2023 3:22:00 PM,2,Y,Pedestrian,Pedestrian,Injury,Possible Injury,DAY,N,N,N,N,N,N,N,N,N,1,1,1,0,0,0,0,0,0,0,0,1,1,0,1,1,0,0,0,0,0,0,0,0,0,N,0,0,Y,0,0,0,0,0,0,0,0,0,0,0,0,Preliminary,Editor Mapped,374987.3616,2993232.2084,27.0557186171233,-82.2605769990978
25832775,2023,14-NOV-2023 12:00 PM,14-NOV-2023 12:00 AM,2023-018482,L,1,2,1,57,Miami-Dade,Miami Gardens,Urban,11/14/2023 12:00:00 PM,11/14/2023 12:07:00 PM,11/14/2023 12:12:00 PM,11/14/2023 12:44:00 PM,N,Law Enforcement,OFFICER SIMMONS ARRINGTON AVE,16410,25.92372,-80.26047,142,,,,Parking Lot,Curb,Not at Intersection,N,Daylight,Clear,Dry,N,,Fell/Jumped From Motor Vehicle,Off Roadway,N,Non-Junction,None,,,None,,,N,,,,,OFFICER,Miami Gardens Police Department,Police Department (PD),11/16/2023 3:26:00 AM,11/16/2023 3:26:00 AM,2,Y,Single Vehicle,Other,Serious Injury,Incapacitating Injury,DAY,N,N,N,N,N,Y,N,N,N,0,1,0,0,1,0,0,0,0,0,0,1,1,0,1,0,0,0,0,0,0,0,0,0,0,N,0,0,Y,1,0,0,0,0,0,0,0,0,1,0,0,Verified,n/a,574057.3802,2867444.4678,25.923712489377,-80.260490703055
25836454,2023,23-MAY-2023 07:45 PM,24-MAY-2023 12:00 AM,2306308,L,1,1,24,0,St. Lucie,Unincorporated,Rural,5/23/2023 7:45:00 PM,5/23/2023 7:46:00 PM,5/23/2023 7:52:00 PM,5/23/2023 8:46:00 PM,Y,Law Enforcement,SR 5 (N US HIGHWAY 1),,,,0,,SILVERSTREAM CIR,,U.S.,Unpaved,Not at Intersection,Y,Daylight,Clear,Dry,N,Angle,Pedalcycle,On Roadway,N,Non-Junction,None,,,None,,,N,,,,,DEPUTY,St. Lucie County Sheriff's Office,Sheriff's Office (SO),6/22/2023 3:26:00 PM,6/22/2023 3:26:00 PM,30,Y,Bicycle,Bicycle,No Injury,No Injury,NIGHT,N,N,N,N,N,Y,N,N,N,1,0,0,0,0,0,0,0,0,0,0,1,1,0,0,0,0,0,0,0,0,0,0,0,0,N,0,0,Y,0,0,0,0,0,0,0,0,0,1,0,0,Preliminary,Editor Mapped,565341.6285,3039585.6647,27.4782861879557,-80.3386023531881
25837525,2023,17-NOV-2023 06:35 PM,17-NOV-2023 12:00 AM,23078284,L,1,2,16,48,Sarasota,North Port,Urban,11/17/2023 6:38:00 PM,11/17/2023 6:39:00 PM,11/17/2023 6:42:00 PM,11/17/2023 7:10:00 PM,Y,Law Enforcement,W PRICE BLVD,,27.077975,-82.246407,0,East,N BISCAYNE DR,,Local,Paved,Four-Way Intersection,N,Dark - Lighted,Clear,Dry,N,,Pedalcycle,On Roadway,N,Intersection-Related,None,,,Other,None,,N,,,,,PFC,North Port Police Department,Police Department (PD),11/20/2023 7:42:00 PM,11/20/2023 7:42:00 PM,3,Y,Bicycle,Bicycle,Injury,Possible Injury,DAY,N,N,N,N,N,N,Y,N,N,1,1,1,0,0,0,0,0,0,0,0,1,1,0,1,0,0,0,0,0,0,0,0,0,0,N,0,0,Y,0,0,0,0,0,0,0,0,0,1,0,0,Preliminary,Editor Mapped,376418.2835,2995683.6441,27.077974707219,-82.2463956108916
25837706,2023,18-MAY-2023 02:30 PM,18-MAY-2023 07:53 PM,SJSO23CAD122380,S,1,2,20,50,St. Johns,St. Augustine,Urban,5/18/2023 7:32:00 PM,5/18/2023 7:39:00 PM,5/18/2023 7:43:00 PM,5/18/2023 8:08:00 PM,Y,Law Enforcement,LASA COMMONS DRIVE,,29.92904,-81.32973,,,US 1 NORTH,,U.S.,Unpaved,T-Intersection,N,Daylight,Clear,Dry,N,Other,Other Non-Fixed Object,On Roadway,Y,Intersection-Related,None,,,None,,,N,,,,,PATROLMAN,St. Augustine Police Department,Police Department (PD),5/20/2023 2:48:00 PM,5/20/2023 2:48:00 PM,2,N,Single Vehicle,Other,No Injury,No Injury,DAY,N,N,N,N,N,N,Y,N,N,2,0,0,0,0,0,0,0,0,0,0,1,1,0,1,1,0,0,0,0,0,0,0,0,0,N,0,0,Y,0,0,0,0,1,1000,1,5,1005,0,0,0,Preliminary,Computer plot approximate by lat/long,468175.9166,3310967.5137,29.9290343507138,-81.3297268563025
25840588,2023,18-AUG-2023 08:20 PM,19-AUG-2023 02:59 AM,PPD23OFF006478,L,1,2,9,50,Escambia,Pensacola,Urban,8/18/2023 8:27:00 PM,8/18/2023 8:28:00 PM,8/18/2023 8:30:00 PM,8/18/2023 8:35:00 PM,Y,Law Enforcement,EAST MAIN STREET,,30.40764,-87.21416,50,East,SOUTH PALAFOX STREET,,Local,Curb,Four-Way Intersection,N,Dark - Lighted,Clear,Dry,N,Angle,Motor Vehicle in Transport,On Roadway,N,Intersection-Related,None,,,None,,,N,,,,,OFFICER,Pensacola Police Department,Police Department (PD),8/21/2023 2:46:00 PM,8/21/2023 2:46:00 PM,3,Y,Single Vehicle,Other,Injury,Possible Injury,NIGHT,N,N,N,N,N,N,Y,N,N,1,1,1,0,0,0,0,0,0,0,0,1,1,0,1,0,0,0,0,0,0,0,0,0,0,N,0,0,Y,0,0,1,0,0,0,1,2000,2000,0,0,0,Preliminary,Editor Mapped,-97434.3151000002,3380396.3952,30.4076533481625,-87.2139855152418
25842512,2023,27-AUG-2023 12:26 PM,27-AUG-2023 12:00 AM,2308-00063097,L,1,2,19,54,Brevard,Titusville,Urban,8/27/2023 12:32:00 PM,8/27/2023 12:33:00 PM,8/27/2023 12:36:00 PM,8/27/2023 1:25:00 PM,Y,Law Enforcement,3290 GARDEN ST,3290,,,,,,,Parking Lot,Paved,Not at Intersection,Y,Daylight,Clear,Dry,N,Front to Rear,Motor Vehicle in Transport,Outside Right-of-way,N,Non-Junction,None,None,,None,None,,N,,,,,Off.,Titusville Police Department,Police Department (PD),9/11/2023 5:16:00 PM,9/11/2023 5:16:00 PM,15,Y,Single Vehicle,Other,Injury,Non-Incapacitating Injury,DAY,N,N,N,N,N,N,N,N,N,1,1,0,1,0,0,0,0,0,0,0,1,1,0,1,0,0,0,0,0,0,0,0,0,0,N,0,0,Y,0,0,0,0,0,0,0,0,0,1,0,0,Preliminary,Editor Mapped,515319.537,3165791.4177,28.619055130737,-80.843286356871
25846053,2023,21-APR-2023 07:30 PM,21-APR-2023 12:00 AM,PD230421133855,L,1,2,1,0,Miami-Dade,Unincorporated,Rural,4/21/2023 7:28:00 PM,4/21/2023 7:36:00 PM,4/21/2023 7:41:00 PM,4/21/2023 8:10:00 PM,Y,Law Enforcement,SW 146TH AVE,,,,95,North,SW 104TH ST,,Parking Lot,Paved,Not at Intersection,,Dark - Lighted,Clear,Dry,N,Angle,Animal,On Roadway,N,Non-Junction,None,,,None,,,N,,,,,OFC.,Miami-Dade Police Department,Police Department (PD),5/4/2023 3:30:00 PM,5/4/2023 3:30:00 PM,13,N,Animal,Animal,No Injury,No Injury,NIGHT,N,N,N,N,N,N,N,N,N,2,0,0,0,0,0,0,0,0,0,0,1,1,0,1,0,0,0,0,0,0,0,0,0,0,N,0,0,Y,0,0,0,0,0,0,1,2000,2000,0,0,0,Preliminary,Editor Mapped,557223.3755,2839340.138,25.6707001095653,-80.4297965940405
25847710,2023,10-MAY-2023 07:28 AM,10-MAY-2023 12:00 AM,PD230510156516,L,1,2,1,0,Miami-Dade,Unincorporated,Rural,5/10/2023 7:28:00 AM,5/10/2023 7:30:00 AM,5/10/2023 7:37:00 AM,5/10/2023 8:40:00 AM,Y,Law Enforcement,SW 136TH ST,,,,0,,SW 97TH AVE,,County,Paved,Four-Way Intersection,,Daylight,Clear,Dry,N,Other,Motor Vehicle in Transport,On Roadway,N,Non-Junction,None,,,None,,,N,,,,,OFC.,Miami-Dade Police Department,Police Department (PD),6/7/2023 2:55:00 PM,6/7/2023 2:55:00 PM,28,Y,Single Vehicle,Other,Injury,Possible Injury,DAY,N,N,N,N,N,N,N,N,N,1,1,1,0,0,0,0,0,0,0,0,1,1,0,1,0,0,0,0,0,0,0,0,0,0,N,0,0,Y,0,0,0,0,0,0,0,0,0,0,0,0,Preliminary,Editor Mapped,565218.2341,2836376.6872,25.6436080457984,-80.3502804820013
25849666,2023,10-MAY-2023 09:51 AM,10-MAY-2023 12:00 AM,PD230510156671,L,1,2,1,0,Miami-Dade,Unincorporated,Rural,5/10/2023 9:51:00 AM,5/10/2023 10:06:00 AM,5/10/2023 10:20:00 AM,5/10/2023 11:00:00 AM,Y,Motorist,NW 27TH AVE,,,,0,,NW 47TH ST,,County,Curb,Not at Intersection,,Dark - Lighted,Clear,Dry,N,Angle,Pedalcycle,On Roadway,N,Non-Junction,None,,,None,,,N,,,,,OFC.,Miami-Dade Police Department,Police Department (PD),5/17/2023 2:55:00 PM,5/17/2023 2:55:00 PM,7,Y,Bicycle,Bicycle,Injury,Possible Injury,DAY,N,N,N,N,N,N,N,N,N,1,1,1,0,0,0,0,0,0,0,0,1,1,0,1,0,0,0,0,0,0,0,0,0,0,N,0,0,Y,0,0,0,0,1,50,1,300,350,1,0,0,Preliminary,Editor Mapped,576114.1977,2855684.1031,25.8174192596898,-80.2406326292738
25850301,2023,14-MAY-2023 06:29 PM,14-MAY-2023 12:00 AM,PD230514161940,L,1,3,1,0,Miami-Dade,Unincorporated,Urban,5/14/2023 6:32:00 PM,5/14/2023 6:32:00 PM,5/14/2023 6:40:00 PM,5/14/2023 11:40:00 PM,Y,Law Enforcement,SW 320TH ST,,,,0,,SW 190TH AVE,,County,Curb,T-Intersection,,Daylight,Clear,Dry,N,Angle,Pedestrian,On Roadway,N,Intersection,None,,,None,,,N,,,,,PSA.,Miami-Dade Police Department,Police Department (PD),6/2/2023 2:49:00 PM,6/2/2023 2:49:00 PM,19,Y,Pedestrian,Pedestrian,Serious Injury,Incapacitating Injury,DAY,N,N,N,N,N,N,Y,N,N,2,1,0,0,1,0,0,0,0,0,0,1,1,0,1,0,0,1,0,0,0,0,0,0,0,N,0,0,Y,1,0,0,0,0,0,1,1400,1400,0,0,0,Verified,n/a,550299.7642,2817051.8804,25.4696893142916,-80.4996219662614
25850727,2023,24-MAY-2023 11:17 PM,24-MAY-2023 12:00 AM,PD230524174374,L,1,2,1,0,Miami-Dade,Unincorporated,Rural,5/24/2023 11:17:00 PM,5/24/2023 11:17:00 PM,5/24/2023 11:17:00 PM,5/24/2023 11:56:00 PM,Y,Law Enforcement,SW 88TH ST,,,,0,,SW 97TH AVE,,County,Paved,T-Intersection,,Dark - Lighted,Clear,Dry,N,Other,Other Non-Fixed Object,On Roadway,N,Other,None,,,None,,,N,,,,,OFC.,Miami-Dade Police Department,Police Department (PD),6/27/2023 3:33:00 PM,6/27/2023 3:33:00 PM,34,Y,Single Vehicle,Other,Injury,Possible Injury,NIGHT,N,N,N,N,N,N,N,N,N,1,1,1,0,0,0,0,0,0,0,0,1,1,0,1,0,0,0,0,0,0,0,0,0,0,N,0,0,Y,0,0,2,0,1,600,1,500,1100,0,0,0,Preliminary,Editor Mapped,565247.7641,2841218.8492,25.6873299720775,-80.3497491992272
25856456,2023,30-JUN-2023 06:30 PM,30-JUN-2023 12:00 AM,PD230630218030,L,1,2,1,0,Miami-Dade,Unincorporated,Rural,6/30/2023 6:34:00 PM,6/30/2023 6:35:00 PM,6/30/2023 6:44:00 PM,6/30/2023 7:15:00 PM,Y,Law Enforcement,NW 7TH AVE,,,,147,North,NW 91ST ST,,County,Paved,Not at Intersection,,Daylight,Clear,Wet,N,Angle,Motor Vehicle in Transport,Off Roadway,N,Driveway/Alley Access Related,None,None,None,None,None,None,N,,,,,OFC.,Miami-Dade Police Department,Police Department (PD),7/17/2023 2:45:00 PM,7/17/2023 2:45:00 PM,17,Y,Single Vehicle,Other,Injury,Non-Incapacitating Injury,DAY,N,N,Y,N,N,N,N,N,N,1,1,0,1,0,0,0,0,0,0,0,1,1,0,1,1,0,0,0,0,0,0,0,0,0,N,0,0,Y,0,0,0,0,2,400,1,200,600,1,0,0,Preliminary,Editor Mapped,579192.819,2860150.3287,25.8575820067371,-80.2096526050907
25857319,2023,13-JUL-2023 06:30 PM,13-JUL-2023 12:00 AM,PD230713233372,L,1,2,1,36,Miami-Dade,Coconut Grove,Rural,7/13/2023 6:31:00 PM,7/13/2023 6:32:00 PM,7/13/2023 6:49:00 PM,7/13/2023 7:53:00 PM,Y,Law Enforcement,SW 85TH PSGE,21443,,,,,,,Parking Lot,Unpaved,Not at Intersection,,Daylight,Clear,Dry,N,Angle,Motor Vehicle in Transport,Off Roadway,N,Non-Junction,None,,,None,,,N,,,,,OFC.,Miami-Dade Police Department,Police Department (PD),7/28/2023 2:48:00 PM,7/28/2023 2:48:00 PM,15,Y,Single Vehicle,Other,Injury,Non-Incapacitating Injury,DAY,N,N,N,N,N,N,N,N,N,1,1,0,1,0,0,0,0,0,0,0,1,1,0,1,0,0,0,0,0,0,0,0,0,0,N,0,0,Y,0,0,0,0,0,0,1,1500,1500,1,0,0,Unmapped,Unmapped,,,,
25859213,2023,03-AUG-2023 08:11 PM,03-AUG-2023 12:00 AM,PD230803258271,L,1,2,1,0,Miami-Dade,Unincorporated,Rural,8/3/2023 8:11:00 PM,8/3/2023 8:12:00 PM,8/3/2023 8:18:00 PM,8/3/2023 8:50:00 PM,Y,Law Enforcement,SW 147TH AVENUE,,,,,,SW 101ST STREET,,County,Paved,Not at Intersection,,Dark - Not Lighted,Clear,Wet,N,"Sideswipe, Same Direction",Motor Vehicle in Transport,On Roadway,N,Non-Junction,None,,,None,,,N,,,,,OFC.,Miami-Dade Police Department,Police Department (PD),8/16/2023 2:55:00 PM,8/16/2023 2:55:00 PM,13,Y,Single Vehicle,Other,Injury,Possible Injury,NIGHT,N,N,N,N,N,N,N,Y,N,1,1,1,0,0,0,0,0,0,0,0,1,1,0,1,0,0,0,0,0,0,0,0,0,0,N,0,0,Y,0,0,1,0,0,0,1,500,500,0,0,0,Preliminary,Editor Mapped,556951.983,2839549.4657,25.6726008422138,-80.4324918338778
25861549,2023,15-AUG-2023 07:00 AM,15-AUG-2023 12:00 AM,PD230815271324,L,1,2,1,0,Miami-Dade,Unincorporated,Rural,8/15/2023 7:07:00 AM,8/15/2023 7:08:00 AM,8/15/2023 7:14:00 AM,8/15/2023 8:49:00 AM,Y,Law Enforcement,SW 135TH TER,12774,,,,,,,Private Roadway,Curb,Not at Intersection,,Daylight,Clear,Dry,N,Other,Pedalcycle,On Roadway,N,Non-Junction,None,,,None,,,N,,,,,PSA.,Miami-Dade Police Department,Police Department (PD),9/13/2023 3:12:00 PM,9/13/2023 3:12:00 PM,29,N,Bicycle,Bicycle,No Injury,No Injury,DAY,N,N,N,N,N,N,N,N,N,2,0,0,0,0,0,0,0,0,0,0,1,1,0,1,0,0,0,0,0,0,0,0,0,0,N,0,0,Y,0,0,1,0,2,200,1,500,700,0,0,0,Preliminary,Editor Mapped,560202.6605,2836112.2471,25.6414339249775,-80.4002564839438
25865884,2023,11-SEP-2023 05:46 PM,11-SEP-2023 12:00 AM,PD230911304480,L,1,2,1,0,Miami-Dade,Unincorporated,Rural,9/11/2023 5:46:00 PM,9/11/2023 5:57:00 PM,9/11/2023 5:57:00 PM,9/11/2023 6:45:00 PM,Y,Law Enforcement,NW 46TH ST,,,,0,,NW 22ND AVE,,County,Paved,Four-Way Intersection,,Daylight,Clear,Dry,N,Other,Pedestrian,On Roadway,N,Intersection-Related,None,,,None,,,N,,,,,PSA.,Miami-Dade Police Department,Police Department (PD),9/19/2023 7:36:00 PM,9/19/2023 7:36:00 PM,8,Y,Pedestrian,Pedestrian,Injury,Possible Injury,DAY,N,N,N,N,N,N,Y,N,N,0,2,2,0,0,0,0,0,0,0,0,1,1,0,1,0,0,0,0,0,0,0,0,0,0,N,0,0,Y,0,0,0,0,2,40,0,0,40,1,0,0,Preliminary,Editor Mapped,576938.9936,2855614.3854,25.8167465384715,-80.2324085431999
25866107,2023,20-OCT-2023 08:19 PM,20-OCT-2023 12:00 AM,PD231020349172,L,1,2,1,0,Miami-Dade,Unincorporated,Rural,10/20/2023 8:21:00 PM,10/20/2023 8:23:00 PM,10/20/2023 8:37:00 PM,10/20/2023 10:00:00 PM,Y,Law Enforcement,NE 107TH ST,,,,0,,BISCAYNE BLVD,,U.S.,Paved,Four-Way Intersection,,Dark - Lighted,Cloudy,Dry,N,Front to Rear,Pedalcycle,On Roadway,N,Intersection,None,,,None,,,N,,,,,OFC.,Miami-Dade Police Department,Police Department (PD),12/18/2023 8:04:00 PM,12/18/2023 8:04:00 PM,59,Y,Bicycle,Bicycle,Injury,Non-Incapacitating Injury,NIGHT,N,N,N,N,N,N,Y,N,N,1,1,0,1,0,0,0,0,0,0,0,1,1,0,1,1,0,0,0,0,0,0,0,0,0,N,0,0,Y,0,0,1,0,2,800,1,300,1100,0,0,0,Preliminary,Editor Mapped,583045.9955,2861954.4626,25.8736572637757,-80.1710872459873
25866762,2023,25-OCT-2023 09:04 AM,25-OCT-2023 12:00 AM,PD231025354211,L,1,2,1,51,Miami-Dade,Palmetto Bay,Urban,10/25/2023 9:04:00 AM,10/25/2023 9:04:00 AM,10/25/2023 9:04:00 AM,10/25/2023 10:09:00 AM,Y,Law Enforcement,OLD CUTLER RD,,,,0,,SW 144TH ST,,County,Paved,Four-Way Intersection,,Daylight,Clear,Dry,N,Other,Motor Vehicle in Transport,On Roadway,N,Non-Junction,None,,,None,,,N,,,,,OFC.,Miami-Dade Police Department,Police Department (PD),11/28/2023 7:53:00 PM,11/28/2023 7:53:00 PM,34,Y,Single Vehicle,Other,Injury,Non-Incapacitating Injury,DAY,N,N,N,N,N,N,N,N,N,1,1,0,1,0,0,0,0,0,0,0,1,1,0,1,1,0,0,0,0,0,0,0,0,0,N,0,0,Y,0,0,1,0,0,0,1,400,400,1,0,0,Preliminary,Editor Mapped,569422.0955,2835673.9298,25.6370700953325,-80.3084395335815
25867114,2023,26-SEP-2023 04:30 PM,26-SEP-2023 12:00 AM,PD230926322192,L,1,2,1,0,Miami-Dade,Unincorporated,Rural,9/26/2023 4:32:00 PM,9/26/2023 4:33:00 PM,9/26/2023 4:41:00 PM,9/26/2023 5:30:00 PM,Y,Law Enforcement,SW 114TH AVE,,,,0,,QUAIL ROOST DR,,County,Paved,T-Intersection,,Daylight,Clear,Dry,N,Other,Motor Vehicle in Transport,On Roadway,N,Non-Junction,None,None,None,None,None,None,N,,,,,OFC.,Miami-Dade Police Department,Police Department (PD),11/22/2023 7:56:00 PM,11/22/2023 7:56:00 PM,57,Y,Single Vehicle,Other,Injury,Possible Injury,DAY,N,N,N,N,N,N,N,N,N,1,1,1,0,0,0,0,0,0,0,0,1,1,0,1,0,0,0,0,0,0,0,0,0,0,N,0,0,Y,0,0,1,0,0,0,1,100,100,0,0,0,Preliminary,Editor Mapped,562632.7423,2830930.7344,25.5945445078122,-80.3762918901381
25867801,2023,29-SEP-2023 07:50 PM,29-SEP-2023 12:00 AM,PD230929325681,L,1,2,1,0,Miami-Dade,Unincorporated,Rural,9/29/2023 7:53:00 PM,9/29/2023 7:54:00 PM,9/29/2023 8:13:00 PM,9/29/2023 9:29:00 PM,Y,Law Enforcement,NW 17TH AVE,,,,0,,NW 103RD ST,,Local,Paved,Four-Way Intersection,,Dark - Lighted,Clear,Dry,N,Angle,Motor Vehicle in Transport,On Roadway,N,Intersection,None,None,None,None,None,None,N,,,,,OFC.,Miami-Dade Police Department,Police Department (PD),10/9/2023 7:20:00 PM,10/9/2023 7:20:00 PM,10,Y,Single Vehicle,Other,Injury,Possible Injury,NIGHT,N,N,N,N,N,N,Y,N,N,0,2,2,0,0,0,0,0,0,0,0,1,1,0,1,1,0,0,0,0,0,0,0,0,0,N,0,0,Y,0,0,1,0,2,1000,1,200,1200,0,0,0,Preliminary,Editor Mapped,577539.2178,2861378.385,25.868759270558,-80.2260821822707
25868039,2023,10-OCT-2023 08:22 AM,10-OCT-2023 12:00 AM,PD231010337023,L,1,2,1,0,Miami-Dade,Unincorporated,Rural,10/10/2023 8:24:00 AM,10/10/2023 8:25:00 AM,10/10/2023 8:35:00 AM,10/10/2023 9:15:00 AM,Y,Law Enforcement,NE 210TH CIR,480,,,216,West,,,County,Curb,Not at Intersection,,Daylight,Clear,Dry,N,Front to Front,Pedalcycle,Shoulder,N,Non-Junction,None,,,None,,,N,,,,,OFC.,Miami-Dade Police Department,Police Department (PD),10/26/2023 7:31:00 PM,10/26/2023 7:31:00 PM,16,Y,Bicycle,Bicycle,Injury,Non-Incapacitating Injury,DAY,N,N,N,N,N,N,N,Y,N,1,1,0,1,0,0,0,0,0,0,0,1,1,0,1,0,0,0,0,0,0,0,0,0,0,N,0,0,Y,0,0,0,0,0,0,0,0,0,1,0,0,Preliminary,Editor Mapped,580661.3606,2872412.1296,25.9682141919504,-80.1942455964849
25869407,2023,30-OCT-2023 07:30 AM,30-OCT-2023 12:00 AM,PD231030359749,L,1,2,1,0,Miami-Dade,Unincorporated,Rural,10/30/2023 7:44:00 AM,10/30/2023 7:45:00 AM,10/30/2023 7:52:00 AM,10/30/2023 9:00:00 AM,Y,Law Enforcement,NW 165TH ST,290,,,793,West,,,Parking Lot,Paved,Not at Intersection,,Daylight,Clear,Dry,N,Front to Front,Motor Vehicle in Transport,On Roadway,N,Non-Junction,None,,,None,,,N,,,,,OFC.,Miami-Dade Police Department,Police Department (PD),11/22/2023 7:56:00 PM,11/22/2023 7:56:00 PM,23,N,Single Vehicle,Other,No Injury,No Injury,DAY,N,N,N,N,N,N,N,Y,N,2,0,0,0,0,0,0,0,0,0,0,1,1,0,1,0,0,0,0,0,0,0,0,0,0,N,0,0,Y,0,0,1,0,0,0,1,100,100,0,0,0,Preliminary,Editor Mapped,579451.5139,2867712.868,25.9258510571434,-80.2066146527577
25872056,2023,30-NOV-2023 04:10 PM,30-NOV-2023 12:00 AM,PD231130394283,L,1,2,1,0,Miami-Dade,Unincorporated,Rural,11/30/2023 4:10:00 PM,11/30/2023 4:11:00 PM,11/30/2023 4:18:00 PM,11/30/2023 5:00:00 PM,Y,Law Enforcement,NW 27TH AVE,,,,0,,NW 94TH ST,,County,Paved,Four-Way Intersection,,Daylight,Clear,Dry,N,Angle,Motor Vehicle in Transport,On Roadway,N,Non-Junction,None,,,None,,,N,,,,,OFC.,Miami-Dade Police Department,Police Department (PD),12/15/2023 7:20:00 PM,12/15/2023 7:20:00 PM,15,Y,Single Vehicle,Other,Injury,Possible Injury,DAY,N,N,N,N,N,N,N,N,N,1,1,1,0,0,0,0,0,0,0,0,1,1,0,1,0,0,0,0,0,0,0,0,0,0,N,0,0,Y,0,0,0,0,1,300,0,0,300,1,0,0,Preliminary,Editor Mapped,575936.6322,2860325.5623,25.8593374876632,-80.2421370735951
25874121,2023,12-NOV-2023 05:27 PM,12-NOV-2023 12:00 AM,PD231112374696,L,1,4,1,0,Miami-Dade,Unincorporated,Rural,11/12/2023 5:28:00 PM,11/12/2023 5:29:00 PM,11/12/2023 5:40:00 PM,11/12/2023 6:44:00 PM,Y,Law Enforcement,SW 106TH PL,,,,0,,SW 107TH AVE,,County,Curb,T-Intersection,,Daylight,Clear,Dry,N,Angle,Motor Vehicle in Transport,On Roadway,N,Intersection,None,,,None,,,N,,,,,PSA.,Miami-Dade Police Department,Police Department (PD),11/28/2023 7:53:00 PM,11/28/2023 7:53:00 PM,16,Y,Single Vehicle,Other,Injury,Non-Incapacitating Injury,DAY,N,N,N,N,N,N,Y,N,N,3,1,0,1,0,0,0,0,0,0,0,1,1,0,1,0,0,2,0,0,0,0,0,0,0,N,0,0,Y,0,0,0,0,0,0,1,2000,2000,1,0,0,Preliminary,Editor Mapped,564043.2296,2830528.7884,25.5908544421254,-80.3622659321692
