REPORT_NUMBER,CRASH_YEAR,VEHICLE_NUMBER,PERSON_NUMBER,RECOMMENDED_RE_EXAM,DL_STATE,DL_TYPE,DRIVER_DISTRACTION_CODE,CONDITION_AT_TIME_OF_CRASH,REQUIRED_ENDORSEMENTS,VISION_OBSTRUCTED,INSURANCE_COMPANY,CITY,STATE,ZIP_CODE,SEX,HELMET_CODE,RESTRAINT_SYSTEM_CODE,EYE_PROTECTION_CODE,AIR_BAG_DEPLOYMENT_CODE,EJECTED,SUSPECTED_ALCOHOL_USE_CODE,ALCOHOL_TESTED_CODE,ALCOHOL_TEST_TYPE_CODE,ALCOHOL_TEST_RESULTS,BLOOD_ALCOHOL_CONTENT,SUSPECTED_DRUG_USE_CODE,DRUG_TESTED_CODE,DRUG_TEST_TYPE_CODE,DRUG_TEST_RESULTS,INJURY_SEVERITY,EMS_TRANSPORT_TYPE,DRIVER_ACTION_1,DRIVER_ACTION_2,DRIVER_ACTION_3,DRIVER_ACTION_4,S4_AGE_AT_TIME_OF_CRASH,S4_IS_AGGRESSIVE_DRIVING,S4_IS_ALCOHOL_RELATED,S4_IS_DRUG_RELATED,S4_IS_DISTRACTED,S4_IS_SPEEDING_RELATED,S4_IS_AGING_DRIVER,S4_IS_TEENAGER_DRIVER,S4_IS_UNRESTRAINED
25718879,2023,1,1,N,FL,E/Operator,Not Distracted,Apparently Normal,No Required Endorsements,Vision Not Obscured,STATE FARM MUTUAL AUTOMOBILE INSURA,,,33317,Male,,Shoulder and Lap Belt Used,,Not Deployed,Not Ejected,N,,,,,N,,,,None,Not Transported,Failed to Yield Right-of-Way,,,,32,N,N,N,N,N,N,N,N
25724956,2023,1,2,N,FL,E/Operator,Not Distracted,Apparently Normal,No,Vision Not Obscured,OTHER,,,34476,Male,No Helmet,Shoulder and Lap Belt Used,,Not Deployed,Not Ejected,N,,,,,N,,,,None,Not Transported,Improper Turn,,,,39,N,N,N,N,N,N,N,N
25730072,2023,1,1,N,FL,E/Operator,Not Distracted,Apparently Normal,No Required Endorsements,Vision Not Obscured,ALLSTATE FIRE AND CASUA,,,33976,Female,,Shoulder and Lap Belt Used,,Not Deployed,Not Ejected,N,,,,,N,,,,None,Not Transported,Failed to Yield Right-of-Way,,,,44,N,N,N,N,N,N,N,N
25730398,2023,1,1,N,FL,None,Not Distracted,Apparently Normal,No Required Endorsements,Vision Not Obscured,EQUITY INSURANCE COMPAN,,,33916,Male,,Shoulder and Lap Belt Used,,Not Deployed,Not Ejected,N,,,,,N,,,,None,Not Transported,No Contributing Action,,,,19,N,N,N,N,N,N,Y,N
25730893,2023,1,1,N,FL,E/Operator,Not Distracted,Apparently Normal,No Required Endorsements,Vision Not Obscured,EQUITY INSURANCE COMPAN,,,34135,Male,,Shoulder and Lap Belt Used,,Not Deployed,Not Ejected,N,,,,,N,,,,None,Not Transported,Failed to Yield Right-of-Way,,,,20,N,N,N,N,N,N,N,N
25732644,2023,1,1,,,,Unknown,Unknown,,,,,,,,,,,,Unknown,,,,,,,,,,,Unknown,Operated MV in Careless or Negligent Manner,,,,,N,N,N,,N,N,N,N
25733703,2023,1,1,N,FL,E/Operator,Not Distracted,Apparently Normal,No Required Endorsements,Vision Not Obscured,ALLSTATE INSURANCE COMP,,,32935,Female,,Shoulder and Lap Belt Used,,Not Deployed,Not Ejected,N,,,,,N,,,,None,Not Transported,Failed to Yield Right-of-Way,,,,80,N,N,N,N,N,Y,N,N
25734460,2023,1,1,N,FL,E/Operator,Not Distracted,Apparently Normal,No Required Endorsements,Vision Not Obscured,AUTO CLUB SOUTH INSURAN,,,32738,Male,,Shoulder and Lap Belt Used,,Not Deployed,Not Ejected,N,,,,,N,,,,None,Not Transported,No Contributing Action,,,,30,N,N,N,N,N,N,N,N
25734520,2023,1,1,N,FL,E/Operator,Not Distracted,Apparently Normal,No Required Endorsements,Vision Not Obscured,LIBERTY MUTUAL PERSONAL,,,32712,Male,,Shoulder and Lap Belt Used,,Not Deployed,Not Ejected,N,,,,,N,,,,None,Not Transported,Failed to Yield Right-of-Way,,,,27,N,N,N,N,N,N,N,N
25735052,2023,1,1,N,FL,E/Operator,Not Distracted,Apparently Normal,No Required Endorsements,Vision Not Obscured,JOHNS EASTERN COMPNAY,,,32738,Male,,Shoulder and Lap Belt Used,,Not Deployed,Not Ejected,N,,,,,N,,,,None,Not Transported,No Contributing Action,,,,32,N,N,N,N,N,N,N,N
25736648,2023,1,1,N,FL,E/Operator,Not Distracted,Apparently Normal,No Required Endorsements,Vision Not Obscured,STATE FARM MUTUAL AUTOM,,,33440,Female,,Shoulder and Lap Belt Used,,Not Deployed,Not Ejected,N,,,,,N,,,,None,Not Transported,Failed to Yield Right-of-Way,,,,24,N,N,N,N,N,N,N,N
25736911,2023,1,1,N,FL,E/Operator,Not Distracted,Apparently Normal,No Required Endorsements,Vision Not Obscured,OCEAN HARBOR CASUALTY I,,,33901,Male,,Shoulder and Lap Belt Used,,Not Deployed,Not Ejected,N,,,,,N,,,,None,Not Transported,No Contributing Action,,,,45,N,N,N,N,N,N,N,N
25740110,2023,1,1,N,FL,E/Operator,Not Distracted,Apparently Normal,No Required Endorsements,Vision Not Obscured,SELF INSURED,,,34691,Male,,Shoulder and Lap Belt Used,,Not Deployed,Not Ejected,N,,,,,N,,,,None,Not Transported,No Contributing Action,,,,52,N,N,N,N,N,N,N,N
25744331,2023,1,2,N,FL,E/Operator,Not Distracted,Apparently Normal,No Required Endorsements,Vision Not Obscured,STATE FARM MUTUAL AUTOMOBILE INSURA,,,34952,Male,,Shoulder and Lap Belt Used,,Not Deployed,Not Ejected,N,,,,,N,,,,None,Not Transported,No Contributing Action,,,,60,N,N,N,N,N,N,N,N
25752016,2023,2,2,N,FL,E/Operator,Not Distracted,Apparently Normal,No Required Endorsements,Vision Not Obscured,GEICO,,,32570,Female,No Helmet,Shoulder and Lap Belt Used,,Not Deployed,Not Ejected,N,,,,,N,,,,Possible,Not Transported,No Contributing Action,,,,84,N,N,N,N,N,Y,N,N
25752508,2023,1,1,N,FL,E/Operator,Not Distracted,Apparently Normal,No Required Endorsements,Vision Not Obscured,FIRST FLORIDIAN AUTO AN,,,32958,Female,,Shoulder and Lap Belt Used,,Not Deployed,Not Ejected,N,,,,,N,,,,None,Not Transported,Failed to Yield Right-of-Way,,,,69,N,N,N,N,N,Y,N,N
25754436,2023,1,1,N,FL,E/Operator,Not Distracted,Apparently Normal,No Required Endorsements,Vision Not Obscured,AUTO CLUB SOUTH INSURANCE COMPANY,,,34473,Female,No Helmet,Shoulder and Lap Belt Used,,Deployed - Front,Not Ejected,N,,,,,N,,,,Possible,EMS,No Contributing Action,,,,44,N,N,N,N,N,N,N,N
25754817,2023,1,1,N,GA,C,Not Distracted,Apparently Normal,No Required Endorsements,Vision Not Obscured,TRAVELERS CASUALTY INSURANCE COMPANY,,,34448,Male,No Helmet,Shoulder and Lap Belt Used,,Not Deployed,Not Ejected,N,,,,,N,,,,None,Not Transported,Failed to Yield Right-of-Way,,,,32,N,N,N,N,N,N,N,N
25758060,2023,1,1,N,FL,E/Operator,Not Distracted,Apparently Normal,No Required Endorsements,Vision Not Obscured,ARCH INS CO,POMPANO BEACH,FL,33062,Male,,Shoulder and Lap Belt Used,,Not Deployed,Not Applicable,N,,,,,N,,,,None,Not Transported,Operated MV in Careless or Negligent Manner,,,,51,N,N,N,N,N,N,N,N
25761867,2023,1,1,N,FL,E/Operator,Not Distracted,Apparently Normal,No Required Endorsements,Vision Not Obscured,STATE FARM FIRE AND CAS,,,32708,Female,,Shoulder and Lap Belt Used,,Not Deployed,Not Ejected,N,,,,,N,,,,None,Not Transported,No Contributing Action,,,,32,N,N,N,N,N,N,N,N
25763991,2023,1,1,,,,Unknown,Unknown,,,,,,,,,,,,Unknown,,,,,,,,,,,Unknown,,,,,,N,N,N,,N,N,N,N
25769804,2023,1,1,N,FL,E/Operator,Not Distracted,Apparently Normal,No Required Endorsements,Vision Not Obscured,STATE FARM MUTUAL AUTOM,,,33155,Male,,Shoulder and Lap Belt Used,,Not Deployed,Not Ejected,N,,,,,N,,,,None,Not Transported,No Contributing Action,,,,19,N,N,N,N,N,N,Y,N
25770964,2023,1,1,N,FL,E/Operator,Not Distracted,Apparently Normal,No Required Endorsements,Vision Not Obscured,UNITED AUTOMOBILE INSUR,,,33145,Female,,Shoulder and Lap Belt Used,,Not Deployed,Not Ejected,N,,,,,N,,,,None,Not Transported,Failed to Yield Right-of-Way,,,,52,N,N,N,N,N,N,N,N
25771779,2023,1,1,N,FL,E/Operator,Not Distracted,Apparently Normal,No Required Endorsements,Vision Not Obscured,PROGRESSIVE SELECT INSU,,,33130,Female,,Shoulder and Lap Belt Used,,Not Deployed,Not Ejected,N,,,,,N,,,,None,Not Transported,No Contributing Action,,,,56,N,N,N,N,N,N,N,N
25771812,2023,1,1,N,FL,E/Operator,Not Distracted,Apparently Normal,No Required Endorsements,Vision Not Obscured,PROGRESSIVE AMERICAN IN,,,33056,Male,,Shoulder and Lap Belt Used,,Not Deployed,Not Ejected,N,,,,,N,,,,None,Not Transported,No Contributing Action,,,,52,N,N,N,N,N,N,N,N
25772474,2023,1,1,N,FL,E/Operator,Not Distracted,Apparently Normal,No Required Endorsements,Vision Not Obscured,GEICO,,,33135,Male,,Shoulder and Lap Belt Used,,Not Deployed,Not Ejected,N,,,,,N,,,,None,Not Transported,Failed to Yield Right-of-Way,,,,50,N,N,N,N,N,N,N,N
25773397,2023,1,1,N,FL,E/Operator,Not Distracted,Apparently Normal,No Required Endorsements,Vision Not Obscured,UNITED AUTOMOBILE INSUR,,,33169,Male,No Helmet,Shoulder and Lap Belt Used,,Not Deployed,Not Ejected,N,,,,,N,,,,None,Not Transported,Improper Backing,,,,32,N,N,N,N,N,N,N,N
25773985,2023,1,1,N,FL,E/Operator,Not Distracted,Apparently Normal,No Required Endorsements,Vision Not Obscured,UNITED AUTOMOBILE INSUR,,,33135,Female,,Shoulder and Lap Belt Used,,Not Deployed,Not Ejected,N,,,,,N,,,,None,Not Transported,No Contributing Action,,,,37,N,N,N,N,N,N,N,N
25776278,2023,1,1,N,FL,E/Operator,Not Distracted,Apparently Normal,No Required Endorsements,Vision Not Obscured,ALLMERICA FINANCIAL BEN,,,33172,Female,,Shoulder and Lap Belt Used,,Not Deployed,Not Ejected,N,,,,,N,,,,None,Not Transported,Other Contributing Action,,,,45,N,N,N,N,N,N,N,N
25776459,2023,1,1,N,FL,E/Operator,Unknown,Apparently Normal,No Required Endorsements,Vision Not Obscured,DIRECT GENERAL INSURANC,,,33135,Female,,Shoulder and Lap Belt Used,,Not Deployed,Not Ejected,N,,,,,N,,,,None,Not Transported,Other Contributing Action,,,,44,N,N,N,,N,N,N,N
25776773,2023,1,1,N,FL,E/Operator,Not Distracted,Apparently Normal,No Required Endorsements,Vision Not Obscured,PROGRESSIVE AMERICAN IN,,,33014,Female,,Shoulder and Lap Belt Used,,Not Deployed,Not Ejected,N,,,,,N,,,,None,Not Transported,Other Contributing Action,,,,56,N,N,N,N,N,N,N,N
25777801,2023,1,1,,,,Unknown,Unknown,,,,,,,,,,,,Unknown,,,,,,,,,,,Unknown,,,,,,N,N,N,,N,N,N,N
25778059,2023,1,1,N,FL,E/Operator,Not Distracted,Apparently Normal,No Required Endorsements,Vision Not Obscured,DIRECT GENERAL INSURANC,,,33033,Male,,Shoulder and Lap Belt Used,,Not Deployed,Not Ejected,N,,,,,N,,,,None,Not Transported,No Contributing Action,,,,56,N,N,N,N,N,N,N,N
25779495,2023,1,1,N,FL,E/Operator,Not Distracted,Apparently Normal,No Required Endorsements,Vision Not Obscured,GEICO,,,33132,Female,,Shoulder and Lap Belt Used,,Not Deployed,Not Ejected,N,,,,,N,,,,None,Not Transported,Operated MV in Careless or Negligent Manner,,,,24,N,N,N,N,N,N,N,N
25780658,2023,1,1,N,FL,E/Operator,Not Distracted,Apparently Normal,No Required Endorsements,Vision Not Obscured,GEICO INSURANCE COMPANY,,,33404,Female,,Shoulder and Lap Belt Used,,Not Deployed,Not Ejected,N,,,,,N,,,,None,Not Transported,No Contributing Action,,,,21,N,N,N,N,N,N,N,N
25780862,2023,1,1,N,,None,Unknown,Apparently Normal,No Required Endorsements,Vision Not Obscured,SIXT RENT A CAR LLC,,,33310,Male,,Shoulder and Lap Belt Used,,Not Deployed,Not Ejected,N,,,,,N,,,,None,Not Transported,Other Contributing Action,,,,51,N,N,N,,N,N,N,N
25781923,2023,1,1,N,FL,E/Operator,Not Distracted,Apparently Normal,No Required Endorsements,Vision Not Obscured,STATE FARM MUTUAL AUTOM,,,33176,Male,,Shoulder and Lap Belt Used,,Not Deployed,Not Ejected,N,,,,,N,,,,None,Not Transported,Failed to Yield Right-of-Way,,,,54,N,N,N,N,N,N,N,N
25782017,2023,1,1,,,,Unknown,Unknown,,,PROGRESSIVE AMERICAN IN,,,,,,,,,Unknown,,,,,,,,,,,Unknown,,,,,,N,N,N,,N,N,N,N
25782136,2023,1,1,N,FL,E/Operator,Not Distracted,Apparently Normal,No Required Endorsements,Vision Not Obscured,GEICO CASUALTY COMPANY,,,33132,Female,,Shoulder and Lap Belt Used,,Not Deployed,Not Ejected,N,,,,,N,,,,None,Not Transported,Other Contributing Action,,,,34,N,N,N,N,N,N,N,N
25782365,2023,1,1,N,FL,E/Operator,Not Distracted,Apparently Normal,No Required Endorsements,Vision Not Obscured,PROGRESSIVE AMERICAN IN,,,33127,Female,,Shoulder and Lap Belt Used,,Not Deployed,Not Ejected,N,,,,,N,,,,None,Not Transported,No Contributing Action,,,,51,N,N,N,N,N,N,N,N
25782369,2023,1,1,N,FL,E/Operator,Not Distracted,Apparently Normal,No Required Endorsements,Vision Not Obscured,GEICO GENERAL INSURANCE,,,33156,Female,,Shoulder and Lap Belt Used,,Not Deployed,Not Ejected,N,,,,,N,,,,None,Not Transported,No Contributing Action,,,,45,N,N,N,N,N,N,N,N
25782717,2023,1,1,N,FL,E/Operator,Not Distracted,Apparently Normal,No Required Endorsements,Vision Not Obscured,PROGRESSIVE SELECT INSU,,,33312,Male,,Shoulder and Lap Belt Used,,Not Deployed,Not Ejected,N,,,,,N,,,,None,Not Transported,No Contributing Action,,,,27,N,N,N,N,N,N,N,N
25783131,2023,1,1,N,FL,E/Operator,Not Distracted,Apparently Normal,No Required Endorsements,Vision Not Obscured,GEICO GENERAL INSURANCE,,,33136,Male,,Shoulder and Lap Belt Used,,Not Deployed,Not Ejected,N,,,,,N,,,,None,Not Transported,No Contributing Action,,,,67,N,N,N,N,N,Y,N,N
25783291,2023,1,1,N,FL,E/Operator,Not Distracted,Apparently Normal,No Required Endorsements,Vision Not Obscured,GEICO GENERAL INSURANCE,,,33025,Male,,Shoulder and Lap Belt Used,,Not Deployed,Not Ejected,N,,,,,N,,,,None,Not Transported,Operated MV in Careless or Negligent Manner,,,,48,N,N,N,N,N,N,N,N
25785292,2023,1,1,N,FL,E/Operator,Not Distracted,Apparently Normal,No Required Endorsements,Vision Not Obscured,,,,33128,Male,No Helmet,Shoulder and Lap Belt Used,,Not Deployed,Not Ejected,N,,,,,N,,,,None,Not Transported,Operated MV in Careless or Negligent Manner,,,,45,N,N,N,N,N,N,N,N
25786452,2023,1,1,N,FF,E/Operator,Not Distracted,Apparently Normal,No Required Endorsements,Vision Not Obscured,SELF INSURED,,,,Male,,Shoulder and Lap Belt Used,,Not Deployed,Not Ejected,N,,,,,N,,,,None,Not Transported,No Contributing Action,,,,27,N,N,N,N,N,N,N,N
25786464,2023,1,1,,,,Unknown,Unknown,,,,,,,,,,,,Unknown,,,,,,,,,,,Unknown,,,,,,N,N,N,,N,N,N,N
25786856,2023,1,1,N,,None,Not Distracted,Apparently Normal,No Required Endorsements,Vision Not Obscured,PROGRESSIVE AMERICAN INSURANCE COMPANY,,,33166,Female,No Helmet,Shoulder and Lap Belt Used,,Not Deployed,Not Ejected,N,,,,,N,,,,None,Not Transported,Operated MV in Careless or Negligent Manner,,,,22,N,N,N,N,N,N,N,N
25786990,2023,1,1,N,FL,E/Operator,Not Distracted,Apparently Normal,No Required Endorsements,,AVIS RENTAL COMPANY,,,33127,Female,,Shoulder and Lap Belt Used,,Not Deployed,Not Ejected,N,,,,,N,,,,None,Not Transported,No Contributing Action,,,,48,N,N,N,N,N,N,N,N
25790209,2023,1,1,N,FL,None,Inattentive,Apparently Normal,No,Vision Not Obscured,DIRECT GENERAL INS,,,32922,Male,No Helmet,Shoulder and Lap Belt Used,,Not Deployed,Not Ejected,N,,,,,N,,,,None,Not Transported,Failed to Yield Right-of-Way,,,,50,N,N,N,Y,N,N,N,N
25790413,2023,1,1,,FL,E/Operator,Not Distracted,Apparently Normal,No Required Endorsements,Building/Fixed Object,STATE FARM INS,,,33417,Female,,Shoulder and Lap Belt Used,,Not Deployed,Not Ejected,N,,,,,N,,,,None,Not Transported,Other Contributing Action,,,,33,N,N,N,N,N,N,N,N
25791151,2023,1,1,N,QC,E/Operator,Unknown,Apparently Normal,No Required Endorsements,Vision Not Obscured,BENEVA,,,33436,Male,,Shoulder and Lap Belt Used,,Not Deployed,Not Ejected,N,,,,,N,,,,None,Not Transported,Failed to Yield Right-of-Way,,,,71,N,N,N,,N,Y,N,N
25791984,2023,1,1,N,FL,E/Operator,Not Distracted,Apparently Normal,No Required Endorsements,Vision Not Obscured,OCEAN HARBOR CASUALTY I,,,33406,Male,,Shoulder and Lap Belt Used,,Not Deployed,Not Ejected,N,,,,,N,,,,None,Not Transported,No Contributing Action,,,,25,N,N,N,N,N,N,N,N
25792570,2023,1,1,N,FL,E/Operator,Not Distracted,Apparently Normal,No Required Endorsements,Vision Not Obscured,STATE FARM MUTUAL AUTOM,,,32164,Male,,Shoulder and Lap Belt Used,,Not Deployed,Not Ejected,N,,,,,N,,,,None,Not Transported,Improper Passing,Failed to Yield Right-of-Way,Failed to Keep in Proper Lane,,28,Y,N,N,N,N,N,N,N
25795245,2023,1,1,N,FL,E/Operator,Not Distracted,Apparently Normal,No Required Endorsements,Vision Not Obscured,USAA GENERAL INDEMNITY,,,33433,Female,,Shoulder and Lap Belt Used,,Not Deployed,Not Ejected,N,,,,,N,,,,None,Not Transported,Failed to Yield Right-of-Way,,,,60,N,N,N,N,N,N,N,N
25796239,2023,1,1,N,FL,E/Operator,Unknown,Apparently Normal,No Required Endorsements,Vision Not Obscured,GEICO GENERAL INSURANCE,,,33498,Female,,Shoulder and Lap Belt Used,,Not Deployed,Not Ejected,N,,,,,N,,,,None,Not Transported,Failed to Yield Right-of-Way,,,,33,N,N,N,,N,N,N,N
25796315,2023,1,1,N,FL,E/Operator,Not Distracted,Apparently Normal,No Required Endorsements,Vision Not Obscured,NATIONAL GENERAL,,,33434,Male,,Shoulder and Lap Belt Used,,Not Deployed,Not Ejected,,Test Not Given,,Unknown,,,Test Not Given,,,None,Not Transported,Failed to Keep in Proper Lane,,,,62,N,N,N,N,N,N,N,N
25796334,2023,1,1,N,MA,E/Operator,Not Distracted,Apparently Normal,No Required Endorsements,Vision Not Obscured,SAFETY INSURANCE COMPANY,,,33415,Male,,Shoulder and Lap Belt Used,,Not Deployed,Not Ejected,N,,,,,N,,,,None,Not Transported,Failed to Yield Right-of-Way,,,,52,N,N,N,N,N,N,N,N
25796642,2023,1,1,N,FL,E/Operator,Not Distracted,Apparently Normal,No Required Endorsements,Vision Not Obscured,UNITED SERVICES AUTOMOB,,,33446,Female,,Shoulder and Lap Belt Used,,Not Deployed,Not Ejected,N,,,,,N,,,,None,Not Transported,Failed to Yield Right-of-Way,Improper Turn,,,82,N,N,N,N,N,Y,N,N
25798282,2023,1,1,N,FL,E/Operator,Not Distracted,Apparently Normal,No Required Endorsements,Vision Not Obscured,GEICO INDEMNITY COMPANY,,,33407,Male,,Shoulder and Lap Belt Used,,Not Deployed,Not Ejected,N,,,,,N,,,,None,Not Transported,No Contributing Action,,,,53,N,N,N,N,N,N,N,N
25799109,2023,1,1,N,FL,E/Operator,Not Distracted,Apparently Normal,No Required Endorsements,Vision Not Obscured,PROGRESSIVE AMERICAN IN,,,33462,Female,,Shoulder and Lap Belt Used,,Not Deployed,Not Ejected,N,,,,,N,,,,None,Not Transported,No Contributing Action,,,,59,N,N,N,N,N,N,N,N
25800373,2023,2,2,,FL,E/Operator,Not Distracted,Apparently Normal,Yes,Vision Not Obscured,ZURICH AMERICAN INSURANCE COMPANY,,,33154,Male,No Helmet,Shoulder and Lap Belt Used,,Not Deployed,Not Ejected,N,,,,,N,,,,None,Not Transported,No Contributing Action,,,,52,N,N,N,N,N,N,N,N
25813562,2023,1,1,N,FL,E/Operator - Restricted,Not Distracted,Apparently Normal,No Required Endorsements,Vision Not Obscured,GOVERNMENT EMPLOYEES IN,,,34243,Female,,Shoulder and Lap Belt Used,,Not Deployed,Not Ejected,N,,,,,N,,,,None,Not Transported,Failed to Yield Right-of-Way,,,,19,N,N,N,N,N,N,Y,N
25816858,2023,1,1,N,FL,E/Operator,Not Distracted,Apparently Normal,,Vision Not Obscured,NATIONAL INTERSTATE INSURANCE COMPANY,,,33024,Female,,Shoulder and Lap Belt Used,,Not Deployed,Not Ejected,N,,,,,N,,,,None,Not Transported,Failed to Yield Right-of-Way,,,,38,N,N,N,N,N,N,N,N
25818458,2023,1,1,N,FL,E/Operator,Not Distracted,Apparently Normal,No Required Endorsements,Vision Not Obscured,PEAK PROPERTY AND CASUA,,,33801,Female,,Shoulder and Lap Belt Used,,Not Deployed,Not Ejected,N,,,,,N,,,,None,Not Transported,No Contributing Action,,,,30,N,N,N,N,N,N,N,N
25818971,2023,1,1,N,FL,E/Operator,Not Distracted,Apparently Normal,No Required Endorsements,All Other,INFINITY AUTO INSURANCE,,,33801,Female,,Shoulder and Lap Belt Used,,Not Deployed,Not Ejected,N,,,,,N,,,,None,Not Transported,Improper Backing,,,,70,N,N,N,N,N,Y,N,N
25823387,2023,1,1,N,FL,E/Operator,Not Distracted,Apparently Normal,No Required Endorsements,Vision Not Obscured,ALLSTATE FIRE AND CASUA,,,34287,Female,,Shoulder and Lap Belt Used,,Not Deployed,Not Ejected,N,,,,,N,,,,None,Not Transported,No Contributing Action,,,,74,N,N,N,N,N,Y,N,N
25832775,2023,1,1,N,,,Unknown,Unknown,,,,,,,,,Shoulder and Lap Belt Used,,,Unknown,,,,,,,,,,,Unknown,Ran Stop Sign,Operated MV in Careless or Negligent Manner,,,,N,N,N,,N,N,N,N
25837525,2023,1,1,N,FL,E/Operator,Not Distracted,Apparently Normal,No Required Endorsements,Vision Not Obscured,ECURITY NATIONAL INSURANCE,,,33935,Female,,Shoulder and Lap Belt Used,,Not Deployed,Not Ejected,N,,,,,N,,,,None,Not Transported,No Contributing Action,,,,53,N,N,N,N,N,N,N,N
25837706,2023,1,1,N,FL,E/Operator,Not Distracted,Apparently Normal,,Vision Not Obscured,GEICO,,,32084,Female,,Shoulder and Lap Belt Used,,Not Deployed,Not Ejected,N,Test Not Given,,,,N,Test Not Given,,,None,Not Transported,Failed to Yield Right-of-Way,,,,78,N,N,N,N,N,Y,N,N
25840588,2023,1,1,N,FL,E/Operator,Not Distracted,Apparently Normal,,Vision Not Obscured,FLORIDA  AUTOMOBILE,,,32526,Female,,Shoulder and Lap Belt Used,,Not Deployed,Not Ejected,N,Test Not Given,,,,N,Test Not Given,,,None,Not Transported,No Contributing Action,,,,38,N,N,N,N,N,N,N,N
25842512,2023,1,1,,FL,E/Operator,Not Distracted,Apparently Normal,No,Vision Not Obscured,UK,,,32754,Female,No Helmet,Shoulder Belt Only Used,,Not Deployed,Not Ejected,N,,,,,N,,,,None,Not Transported,No Contributing Action,,,,33,N,N,N,N,N,N,N,N
25846053,2023,1,1,,FL,E/Operator,Not Distracted,Apparently Normal,No Required Endorsements,Vision Not Obscured,GEICO GENERAL INSURANCE COMPANY,,,33186,Male,No Helmet,Shoulder and Lap Belt Used,,Not Deployed,Not Ejected,N,,,,,N,,,,None,Not Transported,No Contributing Action,,,,24,N,N,N,N,N,N,N,N
25847710,2023,1,1,,FL,E/Operator,Not Distracted,Apparently Normal,No,Glare,STATE FARM MUTUAL AUTOMOBILE INSURANCE C,,,33176,Male,,Shoulder and Lap Belt Used,,Not Deployed,Not Ejected,N,,,,,N,,,,None,Not Transported,Operated MV in Careless or Negligent Manner,,,,61,N,N,N,N,N,N,N,N
25849666,2023,1,1,,FL,E/Operator,Not Distracted,Apparently Normal,No Required Endorsements,Vision Not Obscured,INFINITY ASSURANCE INSURANCE COMPANY,,,33178,Male,No Helmet,Shoulder and Lap Belt Used,,Not Deployed,Not Ejected,N,,,,,N,,,,None,Not Transported,No Contributing Action,,,,60,N,N,N,N,N,N,N,N
25850301,2023,1,2,,FL,E/Operator,Not Distracted,Apparently Normal,No Required Endorsements,Vision Not Obscured,PROGRESSIVE SELECT INSURANCE COMPANY POLICY,,,33030,Male,,Shoulder and Lap Belt Used,,Not Deployed,Not Ejected,N,,,,,N,,,,None,Not Transported,No Contributing Action,,,,21,N,N,N,N,N,N,N,N
25850727,2023,1,1,,FL,None,Not Distracted,Apparently Normal,No,Vision Not Obscured,GEICO INDEMNITY COMPANY,,,33177,Male,,Shoulder and Lap Belt Used,,Not Deployed,Not Ejected,N,,,,,N,,,,None,Not Transported,Failed to Yield Right-of-Way,,,,43,N,N,N,N,N,N,N,N
25856456,2023,1,1,,FL,A,Not Distracted,Apparently Normal,No,Vision Not Obscured,PROGRESSIVE EXPRESS INSURANCE COMPANY,,,33029,Male,No Helmet,Shoulder and Lap Belt Used,,Not Applicable,Not Ejected,N,,,,,N,,,,None,Not Transported,No Contributing Action,,,,75,N,N,N,N,N,Y,N,N
25859213,2023,1,1,,FL,E/Operator,Not Distracted,Apparently Normal,No,Trees/Crops/Bushes,GEICO GENERAL INSURANCE COMPANY POLICY,,,33186,Male,No Helmet,Shoulder and Lap Belt Used,N,Not Deployed,Not Ejected,N,,,,,N,,,,None,Not Transported,Failed to Yield Right-of-Way,,,,41,N,N,N,N,N,N,N,N
25861549,2023,1,1,,FL,E/Operator,Not Distracted,Apparently Normal,No,Vision Not Obscured,GEICO GENERAL INSURANCE COMPANY POLICY,,,33186,Male,,Shoulder and Lap Belt Used,,Not Deployed,Not Ejected,N,,,,,N,,,,None,Not Transported,Failed to Yield Right-of-Way,,,,47,N,N,N,N,N,N,N,N
25865884,2023,1,2,,FL,E/Operator,Not Distracted,Apparently Normal,No,Vision Not Obscured,GEICO GENERAL INSURANCE COMPANY,,,33139,Male,,Shoulder and Lap Belt Used,,Not Deployed,Not Ejected,N,,,,,N,,,,Possible,Not Transported,Other Contributing Action,,,,46,N,N,N,N,N,N,N,N
25866107,2023,1,1,,FL,E/Operator,Not Distracted,Apparently Normal,No,Vision Not Obscured,GEICO GENERAL INSURANCE COMPANY,,,33138,Male,,Shoulder and Lap Belt Used,,Not Deployed,Not Ejected,N,,,,,N,,,,None,Not Transported,Operated MV in Careless or Negligent Manner,,,,71,N,N,N,N,N,Y,N,N
25866762,2023,1,1,,FL,E/Operator,Not Distracted,Apparently Normal,No,Vision Not Obscured,STATE FARM MUTUAL AUTOMOBILE INSURANCE C,,,33176,Male,No Helmet,Shoulder and Lap Belt Used,,Not Deployed,Not Ejected,N,,,,,N,,,,None,Not Transported,Operated MV in Careless or Negligent Manner,,,,80,N,N,N,N,N,Y,N,N
25867114,2023,1,1,,FL,E/Operator,Not Distracted,Apparently Normal,No Required Endorsements,Vision Not Obscured,STATE FARM MUTUAL AUTOMOBILE INSURANCE C,,,33157,Male,No Helmet,Shoulder and Lap Belt Used,,Not Deployed,Not Ejected,N,,,,,N,,,,None,Not Transported,Ran Stop Sign,,,,41,N,N,N,N,N,N,N,N
25867801,2023,1,1,,FL,E/Operator,Not Distracted,Apparently Normal,No Required Endorsements,Vision Not Obscured,PROGRESSIVE AMERICAN INSURANCE COMPANY,,,33167,Female,No Helmet,Shoulder and Lap Belt Used,,Not Deployed,Not Ejected,N,,,,,N,,,,Possible,Not Transported,Operated MV in Careless or Negligent Manner,,,,70,N,N,N,N,N,Y,N,N
25868039,2023,2,2,,FL,E/Operator,Not Distracted,Apparently Normal,No Required Endorsements,Vision Not Obscured,PROGRESSIVE AMERICAN INSURANCE COMPANY,,,33138,Male,,Shoulder and Lap Belt Used,,Not Deployed,Not Ejected,N,,,,,N,,,,None,Not Transported,No Contributing Action,,,,38,N,N,N,N,N,N,N,N
25869407,2023,1,1,,FL,E/Operator,Not Distracted,Apparently Normal,No,Vision Not Obscured,PROGRESSIVE SELECT INSURANCE COMPANY,,,33161,Female,,Shoulder and Lap Belt Used,,Not Deployed,Not Ejected,N,,,,,N,,,,None,Not Transported,Failed to Yield Right-of-Way,,,,59,N,N,N,N,N,N,N,N
25872056,2023,1,1,,FL,E/Operator,Not Distracted,Apparently Normal,No Required Endorsements,Vision Not Obscured,ALLSTATE INSURANCE COMPANY,,,33168,Male,No Helmet,Shoulder and Lap Belt Used,,Not Deployed,Not Ejected,N,,,,,N,,,,None,Not Transported,No Contributing Action,,,,26,N,N,N,N,N,N,N,N
25874121,2023,1,1,,FL,E/Operator,Not Distracted,Apparently Normal,No Required Endorsements,Vision Not Obscured,GEICO GENERAL INSURANCE COMPANY POLICY,,,33032,Female,,Shoulder and Lap Belt Used,,Not Deployed,Not Ejected,N,,,,,N,,,,None,Not Transported,Failed to Yield Right-of-Way,,,,25,N,N,N,N,N,N,N,N
25857319,2023,1,2,,FL,E/Operator,Not Distracted,Apparently Normal,No Required Endorsements,Vision Not Obscured,GEICO GENERAL INSURANCE COMPANY,,,33189,Male,No Helmet,Shoulder and Lap Belt Used,,Not Deployed,Not Ejected,N,,,,,N,,,,None,Not Transported,No Contributing Action,,,,37,N,N,N,N,N,N,N,N
25773921,2023,1,1,N,FL,E/Operator,Unknown,Unknown,No Required Endorsements,,UNKNOWN,,,33138,Unknown,,Shoulder and Lap Belt Used,,Not Deployed,Unknown,,,,,,,,,,None,Unknown,Failed to Yield Right-of-Way,,,,,N,N,N,,N,N,N,N
25775645,2023,1,1,N,FL,E/Operator,Not Distracted,Apparently Normal,No Required Endorsements,Vision Not Obscured,PROGRESSIVE AMERICAN IN,,,33126,Female,,Shoulder and Lap Belt Used,,Not Deployed,Not Ejected,N,,,,,N,,,,None,Not Transported,Improper Turn,,,,51,N,N,N,N,N,N,N,N
25777432,2023,1,1,N,FL,E/Operator,Not Distracted,Apparently Normal,No Required Endorsements,Vision Not Obscured,INCLINE CASUALTY COMPAN,,,33135,Female,,Shoulder and Lap Belt Used,,Not Deployed,Not Ejected,N,,,,,N,,,,Possible,Not Transported,No Contributing Action,,,,45,N,N,N,N,N,N,N,N
25791578,2023,1,1,N,FL,E/Operator,Not Distracted,Apparently Normal,No,Vision Not Obscured,LM GENERAL INSURANCE CO,,,33443,Male,,Shoulder and Lap Belt Used,,Not Deployed,Not Ejected,N,,,,,N,,,,None,Not Transported,No Contributing Action,,,,40,N,N,N,N,N,N,N,N
25794730,2023,1,1,N,FL,E/Operator,Not Distracted,Apparently Normal,No Required Endorsements,Vision Not Obscured,STATE FARM MUTUAL AUTOM,,,33414,Male,No Helmet,Shoulder and Lap Belt Used,,Not Deployed,Not Ejected,N,,,,,N,,,,None,Not Transported,Failed to Yield Right-of-Way,,,,52,N,N,N,N,N,N,N,N
25795019,2023,1,1,N,FL,E/Operator,Not Distracted,Apparently Normal,No Required Endorsements,Vision Not Obscured,GEICO GENERAL INSURANCE,,,33461,Male,,Shoulder and Lap Belt Used,,Not Deployed,Not Ejected,N,,,,,N,,,,None,Not Transported,No Contributing Action,,,,48,N,N,N,N,N,N,N,N
25798739,2023,1,1,N,FL,E/Operator,Not Distracted,Apparently Normal,No Required Endorsements,All Other,STATE FARM MUTUAL AUTOM,,,33428,Male,,Shoulder and Lap Belt Used,,Not Deployed,Not Ejected,N,,,,,N,,,,None,Not Transported,Other Contributing Action,,,,70,N,N,N,N,N,Y,N,N
