REPORT_NUMBER,CRASH_YEAR,PERSON_NUMBER,LOCATION_AT_TIME_OF_CRASH_CODE,ACTION_PRIOR_TO_CRASH_CODE,NON_MOTORIST_DESCRIPTION_CODE,CITY,STATE,ZIP_CODE,SEX,SUSPECTED_ALCOHOL_USE_CODE,ALCOHOL_TESTED_CODE,ALCOHOL_TEST_TYPE_CODE,ALCOHOL_TEST_RESULT,BLOOD_ALCOHOL_CONTENT,SUSPECTED_DRUG_USE_CODE,DRUG_TESTED_CODE,DRUG_TEST_TYPE_CODE,DRUG_TEST_RESULT,INJURY_SEVERITY,EMS_TRANSPORT_TYPE,NON_MOTORIST_ACTIONS_CIRCUMSTANCES_1,NON_MOTORIST_ACTIONS_CIRCUMSTANCES_2,SAFETY_EQUIPMENT_CODE_1,SAFETY_EQUIPMENT_CODE_2,S4_AGE_AT_TIME_OF_CRASH,S4_IS_ALCOHOL_RELATED,S4_IS_DRUG_RELATED,S4_IS_AGING,S4_IS_TEENAGER
25718879,2023,2,Intersection - Marked Crosswalk,Crossing Roadway,Other Cyclist,,,33311,,N,,,,,N,,,,Possible,EMS,No Improper Action,,None,,,N,N,N,N
25724956,2023,1,Bicycle Lane,Walking/Cycling Along Roadway Against Traffic,Other Cyclist,,,32611,,N,,,,,N,,,,Possible,Not Transported,Wrong-Way Riding or Walking,,None,,,N,N,N,N
25730072,2023,2,Intersection - Marked Crosswalk,Crossing Roadway,Other Cyclist,,,33972,Female,N,,,,,N,,,,None,Not Transported,No Improper Action,,Helmet,,20,N,N,N,N
25796239,2023,3,Intersection - Marked Crosswalk,Walking/Cycling on Sidewalk,Other Cyclist,,,33428,Male,N,,,,,N,,,,Non-Incapacitating,EMS,No Improper Action,,None,,74,N,N,Y,N
25874121,2023,2,Travel Lane - Other Location,In Roadway - Other,Other Cyclist,,,33032,Male,N,,,,,N,,,,Non-Incapacitating,EMS,Other,,None,,14,N,N,N,N
25730398,2023,3,Other,Crossing Roadway,Other Cyclist,,,33976,Male,N,,,,,N,,,,Possible,EMS,No Improper Action,,None,,9,N,N,N,N
25730893,2023,2,Intersection - Marked Crosswalk,Crossing Roadway,Other Cyclist,,,34135,Male,N,,,,,N,,,,Possible,Not Transported,Not Visible,,None,,14,N,N,N,N
25732644,2023,2,Intersection - Marked Crosswalk,Crossing Roadway,Other Cyclist,,,32967,Male,N,,,,,N,,,,None,Not Transported,No Improper Action,,None,,77,N,N,Y,N
25733703,2023,2,Intersection - Marked Crosswalk,Crossing Roadway,Other Cyclist,,,32935,Male,N,,,,,N,,,,Non-Incapacitating,Not Transported,No Improper Action,,None,,22,N,N,N,N
25734460,2023,2,Intersection - Marked Crosswalk,Walking/Cycling on Sidewalk,Other Cyclist,,,10591,Male,N,,,,,N,,,,Non-Incapacitating,Not Transported,No Improper Action,,None,,20,N,N,N,N
25734520,2023,2,Intersection - Marked Crosswalk,Crossing Roadway,Other Cyclist,,,32720,Male,N,,,,,N,,,,None,Not Transported,No Improper Action,,None,,38,N,N,N,N
25735052,2023,7,Intersection - Marked Crosswalk,Other,Other Cyclist,,,,,N,,,,,N,,,,None,Not Transported,Other,Unknown,None,,,N,N,N,N
25816858,2023,2,Intersection - Unmarked Crosswalk,Walking/Cycling on Sidewalk,Other Cyclist,,,33028,Male,N,,,,,N,,,,Possible,Not Transported,No Improper Action,,None,,12,N,N,N,N
25736648,2023,2,Intersection - Marked Crosswalk,Crossing Roadway,Other Cyclist,,,33907,Male,N,,,,,N,,,,Possible,EMS,No Improper Action,,None,,43,N,N,N,N
25736911,2023,2,Unknown,Unknown,Other Cyclist,,,33919,Female,N,,,,,N,,,,None,Not Transported,No Improper Action,,None,,35,N,N,N,N
25740110,2023,2,Travel Lane - Other Location,Other,Other Cyclist,,,33782,Male,,Test Not Given,,,,,Test Not Given,,,Non-Incapacitating,EMS,Not Visible,Improper Turn/Merge,None,,37,N,N,N,N
25741873,2023,1,Sidewalk,Other,Other Cyclist,,,32773,Male,N,,,,,N,,,,None,Not Transported,Other,,None,,51,N,N,N,N
25744331,2023,1,Travel Lane - Other Location,In Roadway - Other,Other Cyclist,,,34947,,N,,,,,N,,,,Non-Incapacitating,EMS,Wrong-Way Riding or Walking,,None,,,N,N,N,N
25752016,2023,1,Bicycle Lane,Other,Other Cyclist,,,32571,Female,N,,,,,N,,,,Non-Incapacitating,Not Transported,Wrong-Way Riding or Walking,,None,,39,N,N,N,N
25752508,2023,2,Travel Lane - Other Location,Other,Other Cyclist,,,32958,Male,N,,,,,N,,,,Possible,Not Transported,No Improper Action,,None,,15,N,N,N,Y
25754436,2023,2,Intersection - Marked Crosswalk,Crossing Roadway,Other Cyclist,,,34474,Male,,,,,,,,,,Fatal (within 30 days),EMS,"Failure to Obey Traffic Signs, Signals, or Officer",Failure to Yield Right-of-Way,None,,56,N,N,N,N
25754817,2023,2,Intersection - Unmarked Crosswalk,Other,Other Cyclist,,,34471,Female,N,,,,,N,,,,Non-Incapacitating,Not Transported,No Improper Action,,None,,46,N,N,N,N
25758060,2023,2,Sidewalk,Walking/Cycling on Sidewalk,Other Cyclist,MIAMI BEACH,FL,33154,,N,,,,,N,,,,Non-Incapacitating,Not Transported,No Improper Action,,None,,,N,N,N,N
25761867,2023,3,Travel Lane - Other Location,Walking/Cycling Along Roadway With Traffic,Other Cyclist,,,32771,Male,N,,,,,N,,,,Incapacitating,EMS,"Failure to Obey Traffic Signs, Signals, or Officer",Failure to Yield Right-of-Way,None,,33,N,N,N,N
25763991,2023,2,Bicycle Lane,Walking/Cycling Along Roadway With Traffic,Other Cyclist,,,34953,Male,N,,,,,N,,,,Possible,EMS,No Improper Action,,None,,54,N,N,N,N
25769804,2023,2,Intersection - Marked Crosswalk,Crossing Roadway,Other Cyclist,,,,Male,N,,,,,N,,,,Possible,EMS,Failure to Yield Right-of-Way,,None,,33,N,N,N,N
25769804,2023,3,Intersection - Marked Crosswalk,Crossing Roadway,Other Cyclist,,,,Female,N,,,,,N,,,,Incapacitating,EMS,Failure to Yield Right-of-Way,Improper Turn/Merge,None,,41,N,N,N,N
25770964,2023,2,Driveway Access,None,Other Cyclist,,,33165,Male,N,,,,,N,,,,Possible,Not Transported,No Improper Action,,None,,34,N,N,N,N
25771779,2023,2,Driveway Access,Walking/Cycling on Sidewalk,Other Cyclist,,,33135,Female,N,,,,,N,,,,Possible,Not Transported,Failure to Yield Right-of-Way,,None,,26,N,N,N,N
25771812,2023,2,Travel Lane - Other Location,Crossing Roadway,Other Cyclist,,,33139,Male,N,,,,,N,,,,Non-Incapacitating,EMS,No Improper Action,,None,,28,N,N,N,N
25772474,2023,2,Bicycle Lane,Walking/Cycling Along Roadway With Traffic,Other Cyclist,,,33133,Male,N,,,,,N,,,,Incapacitating,EMS,No Improper Action,,Helmet,,38,N,N,N,N
25773397,2023,2,Bicycle Lane,Other,Other Cyclist,,,33136,Female,N,,,,,N,,,,None,Not Transported,No Improper Action,,None,,28,N,N,N,N
25773921,2023,2,Sidewalk,Walking/Cycling on Sidewalk,Other Cyclist,,,33137,Female,N,,,,,N,,,,Incapacitating,EMS,Failure to Yield Right-of-Way,,None,,34,N,N,N,N
25773985,2023,2,Intersection - Other,Walking/Cycling Along Roadway Against Traffic,Other Cyclist,,,33130,Male,N,,,,,N,,,,Non-Incapacitating,EMS,Failure to Yield Right-of-Way,,None,,23,N,N,N,N
25775645,2023,2,Sidewalk,Walking/Cycling on Sidewalk,Other Cyclist,,,33167,Male,N,,,,,N,,,,Non-Incapacitating,EMS,No Improper Action,,None,,59,N,N,N,N
25776278,2023,2,Intersection - Marked Crosswalk,Crossing Roadway,Other Cyclist,,,33136,Male,N,,,,,N,,,,Incapacitating,EMS,No Improper Action,,None,,31,N,N,N,N
25776459,2023,2,Intersection - Marked Crosswalk,Walking/Cycling Along Roadway Against Traffic,Other Cyclist,,,33137,Male,N,,,,,N,,,,None,Not Transported,Other,,None,,34,N,N,N,N
25776773,2023,2,Sidewalk,Walking/Cycling on Sidewalk,Other Cyclist,,,33133,Male,N,,,,,N,,,,Possible,Not Transported,No Improper Action,,None,,39,N,N,N,N
25777432,2023,2,Intersection - Marked Crosswalk,Crossing Roadway,Other Cyclist,,,33127,Male,N,,,,,N,,,,Possible,Not Transported,No Improper Action,,None,,17,N,N,N,Y
25777801,2023,2,Intersection - Other,Other,Other Cyclist,,,33030,Male,N,,,,,N,,,,None,Not Transported,Other,,None,,23,N,N,N,N
25778059,2023,2,Other,Other,Other Cyclist,,,33129,Female,N,,,,,N,,,,Possible,EMS,Other,,None,,30,N,N,N,N
25779495,2023,3,Shared-Use Path or Trail,Walking/Cycling Along Roadway With Traffic,Other Cyclist,,,33130,Female,N,,,,,N,,,,Possible,Not Transported,No Improper Action,,None,,26,N,N,N,N
25780658,2023,2,Intersection - Marked Crosswalk,In Roadway - Other,Other Cyclist,,,33174,Male,N,,,,,N,,,,Incapacitating,EMS,Failure to Yield Right-of-Way,No Improper Action,None,,73,N,N,Y,N
25780862,2023,2,Intersection - Marked Crosswalk,Other,Other Cyclist,,,33132,Male,N,,,,,N,,,,Possible,Not Transported,Unknown,,None,,34,N,N,N,N
25781923,2023,2,Travel Lane - Other Location,Other,Other Cyclist,,,33134,Male,N,,,,,N,,,,Possible,Not Transported,No Improper Action,,None,,58,N,N,N,N
25782017,2023,2,Intersection - Marked Crosswalk,Crossing Roadway,Other Cyclist,,,33137,Male,N,,,,,N,,,,Non-Incapacitating,EMS,No Improper Action,,None,,28,N,N,N,N
25782136,2023,2,Bicycle Lane,Walking/Cycling Along Roadway With Traffic,Other Cyclist,,,33130,Female,N,,,,,N,,,,Possible,Not Transported,Other,,None,,28,N,N,N,N
25782365,2023,2,Intersection - Marked Crosswalk,Crossing Roadway,Other Cyclist,,,33125,Male,N,,,,,N,,,,Possible,EMS,No Improper Action,,None,,32,N,N,N,N
25782369,2023,2,Shoulder/Roadside,In Roadway - Other,Other Cyclist,,,,Male,N,,,,,N,,,,None,EMS,Failure to Yield Right-of-Way,,None,,30,N,N,N,N
25782717,2023,2,Intersection - Marked Crosswalk,Crossing Roadway,Other Cyclist,,,331350000,Male,N,,,,,N,,,,Incapacitating,EMS,Failure to Yield Right-of-Way,No Improper Action,None,,31,N,N,N,N
25783131,2023,2,Bicycle Lane,Other,Other Cyclist,,,33131,Female,N,,,,,N,,,,Possible,EMS,Wrong-Way Riding or Walking,,None,,47,N,N,N,N
25783291,2023,2,Bicycle Lane,Adjacent to Roadway,Other Cyclist,,,33130,Male,N,,,,,N,,,,None,EMS,No Improper Action,,None,,40,N,N,N,N
25785292,2023,2,Intersection - Other,Other,Other Cyclist,,,33130,Male,N,,,,,N,,,,Non-Incapacitating,EMS,No Improper Action,,Unknown,,19,N,N,N,Y
25786452,2023,3,Intersection - Marked Crosswalk,In Roadway - Other,Other Cyclist,,,33134,Male,N,,,,,N,,,,Non-Incapacitating,EMS,No Improper Action,,None,,42,N,N,N,N
25786452,2023,4,Intersection - Marked Crosswalk,In Roadway - Other,Bicyclist,,,,Male,N,,,,,N,,,,Non-Incapacitating,EMS,Wrong-Way Riding or Walking,,None,,29,N,N,N,N
25786464,2023,2,Other,In Roadway - Other,Other Cyclist,,,32818,Male,N,,,,,N,,,,None,Not Transported,No Improper Action,,None,,41,N,N,N,N
25786856,2023,2,Bicycle Lane,Crossing Roadway,Other Cyclist,,,33133,Female,N,,,,,N,,,,Possible,Not Transported,No Improper Action,,Helmet,None,25,N,N,N,N
25786990,2023,2,Bicycle Lane,Walking/Cycling Along Roadway With Traffic,Other Cyclist,,,33130,Male,N,,,,,N,,,,None,EMS,Other,,None,,19,N,N,N,Y
25790209,2023,2,Intersection - Marked Crosswalk,Crossing Roadway,Other Cyclist,,,32922,Male,N,,,,,N,,,,Possible,Not Transported,Other,,None,,16,N,N,N,Y
25790413,2023,2,Sidewalk,Other,Other Cyclist,,,33417,Male,N,,,,,N,,,,None,Not Transported,Failure to Yield Right-of-Way,,None,,33,N,N,N,N
25791151,2023,2,Driveway Access,Walking/Cycling Along Roadway Against Traffic,Other Cyclist,,,33437,Male,N,,,,,N,,,,Non-Incapacitating,EMS,No Improper Action,,None,,13,N,N,N,N
25791578,2023,5,Travel Lane - Other Location,Crossing Roadway,Other Cyclist,,,33442,Male,N,,,,,N,,,,Possible,EMS,Failure to Yield Right-of-Way,,None,,16,N,N,N,Y
25791984,2023,2,Intersection - Marked Crosswalk,In Roadway - Other,Other Cyclist,,,33406,Male,N,,,,,N,,,,None,Not Transported,Wrong-Way Riding or Walking,,None,,35,N,N,N,N
25792570,2023,3,Bicycle Lane,In Roadway - Other,Other Cyclist,,,19312,Male,N,,,,,N,,,,Non-Incapacitating,Not Transported,Improper Passing,Failure to Yield Right-of-Way,None,,18,N,N,N,Y
25794730,2023,2,Intersection - Unmarked Crosswalk,Crossing Roadway,Other Cyclist,,,33414,Male,N,,,,,N,,,,Possible,Not Transported,No Improper Action,,None,,14,N,N,N,N
25795019,2023,2,Driveway Access,Walking/Cycling on Sidewalk,Other Cyclist,,,33461,Male,N,,,,,N,,,,Possible,Not Transported,Failure to Yield Right-of-Way,,None,,21,N,N,N,N
25795245,2023,2,Intersection - Marked Crosswalk,Other,Other Cyclist,,,33442,Male,N,,,,,N,,,,None,Not Transported,No Improper Action,,None,,24,N,N,N,N
25796315,2023,2,Bicycle Lane,Walking/Cycling Along Roadway With Traffic,Other Cyclist,,,33433,Male,N,,,,,N,,,,Possible,Not Transported,No Improper Action,,Other,,26,N,N,N,N
25796334,2023,2,Intersection - Marked Crosswalk,Crossing Roadway,Other Cyclist,,,33406,Male,N,,,,,N,,,,Non-Incapacitating,Not Transported,No Improper Action,,Helmet,Not Applicable,60,N,N,N,N
25796642,2023,3,Intersection - Marked Crosswalk,Crossing Roadway,Other Cyclist,,,33433,Female,N,,,,,N,,,,Non-Incapacitating,EMS,No Improper Action,,None,,30,N,N,N,N
25798282,2023,3,Intersection - Marked Crosswalk,Walking/Cycling on Sidewalk,Other Cyclist,,,33404,Female,N,,,,,N,,,,None,EMS,Failure to Yield Right-of-Way,,Lighting,None,33,N,N,N,N
25798282,2023,4,Intersection - Marked Crosswalk,None,Occupant of a Non-Motor Vehicle Transportation Device,,,33404,Female,N,,,,,N,,,,Non-Incapacitating,EMS,No Improper Action,,None,,12,N,N,N,N
25798739,2023,2,Intersection - Marked Crosswalk,Crossing Roadway,Other Cyclist,,,33428,Male,N,,,,,N,,,,Incapacitating,EMS,Other,,None,,27,N,N,N,N
25799109,2023,2,Intersection - Other,Other,Other Cyclist,,,33435,Male,N,,,,,N,,,,Possible,Not Transported,Other,,None,,21,N,N,N,N
25800373,2023,1,Other,Walking/Cycling on Sidewalk,Other Cyclist,,,33141,Male,N,,,,,N,,,,Non-Incapacitating,Not Transported,Failure to Yield Right-of-Way,,None,,25,N,N,N,N
25813562,2023,2,Bicycle Lane,Walking/Cycling Along Roadway With Traffic,Other Cyclist,,,33418,Male,N,,,,,N,,,,Non-Incapacitating,Not Transported,No Improper Action,,Helmet,Protective Pads,19,N,N,N,Y
25818325,2023,1,Travel Lane - Other Location,In Roadway - Other,Other Cyclist,,,34266,Female,N,,,,,N,,,,Non-Incapacitating,EMS,In Roadway Improperly,,None,,35,N,N,N,N
25818458,2023,2,Other,Crossing Roadway,Other Cyclist,,,33810,Male,N,,,,,N,,,,None,EMS,No Improper Action,,None,,9,N,N,N,N
25818971,2023,2,Travel Lane - Other Location,In Roadway - Other,Other Cyclist,,,33803,Female,N,,,,,N,,,,Possible,Not Transported,No Improper Action,,None,,4,N,N,N,N
25823387,2023,2,Driveway Access,In Roadway - Other,Other Cyclist,,,34287,Female,N,,,,,N,,,,Possible,Not Transported,Other,,None,,85,N,N,Y,N
25832775,2023,2,Sidewalk,Walking/Cycling on Sidewalk,Other Cyclist,,,33417,Male,N,,,,,N,,,,Incapacitating,EMS,No Improper Action,,None,,19,N,N,N,Y
25836454,2023,2,Intersection - Marked Crosswalk,Crossing Roadway,Other Cyclist,,,34947,,N,,,,,N,,,,None,EMS,No Improper Action,,None,,,N,N,N,N
25837525,2023,2,Intersection - Marked Crosswalk,Crossing Roadway,Other Cyclist,,,34291,Female,N,,,,,N,,,,Possible,EMS,Not Visible,,None,,58,N,N,N,N
25837706,2023,2,Sidewalk,Walking/Cycling on Sidewalk,Other Cyclist,,,32080,Male,N,Test Not Given,,,,N,Test Not Given,,,None,Not Transported,No Improper Action,,Helmet,,40,N,N,N,N
25840588,2023,6,Intersection - Marked Crosswalk,Walking/Cycling Along Roadway With Traffic,Other Cyclist,,,35763,Female,Y,Test Given,Breath,Completed,0.2,N,Test Not Given,,,Possible,Not Transported,Improper Turn/Merge,,None,,41,Y,N,N,N
25842512,2023,2,Sidewalk,Adjacent to Roadway,Other Cyclist,,,32796,Female,N,,,,,N,,,,Non-Incapacitating,EMS,No Improper Action,,None,,45,N,N,N,N
25846053,2023,2,Shared-Use Path or Trail,Other,Other Cyclist,,,33173,Male,N,,,,,N,,,,None,Not Transported,Failure to Yield Right-of-Way,,Helmet,Protective Pads,36,N,N,N,N
25847710,2023,2,Intersection - Marked Crosswalk,Crossing Roadway,Other Cyclist,,,33135,Female,N,,,,,N,,,,Possible,Not Transported,No Improper Action,,None,,27,N,N,N,N
25849666,2023,2,Intersection - Unmarked Crosswalk,Crossing Roadway,Other Cyclist,,,33142,Female,N,,,,,N,,,,Possible,EMS,Dart/Dash,,None,,36,N,N,N,N
25850301,2023,1,Intersection - Unmarked Crosswalk,Crossing Roadway,Other Cyclist,,,33178,Male,N,,,,,N,,,,Incapacitating,Not Transported,Dart/Dash,,None,,13,N,N,N,N
25850727,2023,2,Intersection - Marked Crosswalk,Crossing Roadway,Other Cyclist,,,33173,Male,N,,,,,N,,,,Possible,Not Transported,No Improper Action,,None,,23,N,N,N,N
25856456,2023,2,Sidewalk,Other,Other Cyclist,,,UNKNOW,Male,N,,,,,N,,,,Non-Incapacitating,EMS,Failure to Yield Right-of-Way,,None,,35,N,N,N,N
25857319,2023,1,Shoulder/Roadside,Other,Other Cyclist,,,33185,Male,N,,,,,N,,,,Non-Incapacitating,EMS,Failure to Yield Right-of-Way,,None,,12,N,N,N,N
25859213,2023,2,Sidewalk,Other,Other Cyclist,,,33196,Male,N,,,,,N,,,,Possible,Not Transported,No Improper Action,,None,,14,N,N,N,N
25861549,2023,2,Sidewalk,Walking/Cycling on Sidewalk,Other Cyclist,,,33143,Male,N,,,,,N,,,,None,Not Transported,No Improper Action,,None,,24,N,N,N,N
25865884,2023,1,Intersection - Other,Walking/Cycling Along Roadway With Traffic,Other Cyclist,,,33142,Female,N,,,,,N,,,,Possible,EMS,In Roadway Improperly,,None,,32,N,N,N,N
25866107,2023,2,Intersection - Marked Crosswalk,Crossing Roadway,Other Cyclist,,,33141,Female,N,,,,,N,,,,Non-Incapacitating,Not Transported,No Improper Action,,None,,27,N,N,N,N
25866762,2023,2,Intersection - Marked Crosswalk,Crossing Roadway,Other Cyclist,,,33158,Female,N,,,,,N,,,,Non-Incapacitating,EMS,No Improper Action,,None,,54,N,N,N,N
25867114,2023,2,Intersection - Marked Crosswalk,Crossing Roadway,Other Cyclist,,,33157,Male,N,,,,,N,,,,Possible,Not Transported,No Improper Action,No Improper Action,Not Applicable,,34,N,N,N,N
25867801,2023,2,Intersection - Marked Crosswalk,Crossing Roadway,Other Cyclist,,,33147,Male,N,,,,,N,,,,Possible,Not Transported,No Improper Action,,None,,55,N,N,N,N
25868039,2023,1,Sidewalk,Walking/Cycling on Sidewalk,Other Cyclist,,,33179,Male,N,,,,,N,,,,Non-Incapacitating,EMS,Failure to Yield Right-of-Way,,None,,32,N,N,N,N
25869407,2023,2,Sidewalk,Walking/Cycling on Sidewalk,Other Cyclist,,,33169,Male,N,,,,,N,,,,None,Not Transported,No Improper Action,,None,,38,N,N,N,N
25872056,2023,2,Intersection - Marked Crosswalk,Crossing Roadway,Other Cyclist,,,33167,Male,N,,,,,N,,,,Possible,EMS,Other,,None,,35,N,N,N,N
