REPORT_NUMBER,CRASH_YEAR,VEHICLE_NUMBER,PERSON_NUMBER,CITY,STATE,ZIP_CODE,SEX,HELMET_CODE,RESTRAINT_SYSTEM_CODE,EYE_PROTECTION_CODE,AIR_BAG_DEPLOYMENT_CODE,EJECTED,INJURY_SEVERITY,EMS_TRANSPORT_TYPE,SEAT_POSITION_CODE,ROW_POSITION_CODE,OTHER_POSITION_CODE,S4_AGE_AT_TIME_OF_CRASH,S4_IS_UNRESTRAINED_PASSENGER
25730398,2023,1,2,,,33935,Female,,Shoulder and Lap Belt Used,,Not Deployed,Not Ejected,None,Not Transported,Right,Front,Not Applicable,22,N
25735052,2023,1,2,,,32725,Male,,Shoulder and Lap Belt Used,,Not Deployed,Not Ejected,None,Not Transported,Right,Front,Not Applicable,36,N
25735052,2023,1,3,,,32725,Male,,Shoulder and Lap Belt Used,,Not Deployed,Not Ejected,Non-Incapacitating,Not Transported,Other,Second,Not Applicable,13,N
25735052,2023,1,5,,,32725,Male,,Shoulder and Lap Belt Used,,Not Deployed,Not Ejected,Non-Incapacitating,Not Transported,Other,Second,Not Applicable,14,N
25735052,2023,1,6,,,32725,Male,,Shoulder and Lap Belt Used,,Not Deployed,Not Ejected,Non-Incapacitating,Not Transported,Middle,Second,Not Applicable,21,N
25735052,2023,1,4,,,32725,Male,,Shoulder and Lap Belt Used,,Not Deployed,Not Ejected,Non-Incapacitating,Not Transported,Other,Second,Not Applicable,15,N
25874121,2023,1,4,,,33032,Female,,,,,,None,Not Transported,,,,3,N
25744331,2023,1,3,,,34950,Male,,Shoulder and Lap Belt Used,,Not Deployed,Not Ejected,None,Not Transported,Right,Front,,60,N
25754436,2023,1,3,,,34473,Male,No Helmet,Shoulder and Lap Belt Used,,Deployed - Front,Not Ejected,Possible,EMS,Right,Front,Not Applicable,45,N
25761867,2023,1,2,,,32771,Male,,Shoulder and Lap Belt Used,,Not Deployed,Not Ejected,None,Not Transported,Right,Front,,11,N
25779495,2023,1,2,,,483064718,Female,,Shoulder and Lap Belt Used,,Not Deployed,Not Ejected,None,Not Transported,Right,Front,,24,N
25786452,2023,1,2,,,,Male,,Shoulder and Lap Belt Used,,Not Deployed,Not Ejected,None,Not Transported,Left,Front,,25,N
25791578,2023,1,2,,,33076,Female,,Shoulder and Lap Belt Used,,Not Deployed,Not Ejected,None,Not Transported,Right,Front,,42,N
25791578,2023,1,3,,,33076,Female,,Shoulder and Lap Belt Used,,Not Deployed,Not Ejected,None,Not Transported,Left,Second,,8,N
25791578,2023,1,4,,,33076,Female,,Shoulder and Lap Belt Used,,Not Deployed,Not Ejected,None,Not Transported,Right,Second,,6,N
25792570,2023,1,2,,,32137,Female,,Shoulder and Lap Belt Used,,Not Deployed,Not Ejected,None,Not Transported,Right,Front,Not Applicable,57,N
25796239,2023,1,2,,,33498,Male,,Child Restraint System - Type Unknown,,Not Deployed,Not Ejected,None,Not Transported,Left,Second,,6,N
25796642,2023,1,2,,,33446,Male,,Shoulder and Lap Belt Used,,Not Deployed,Not Ejected,None,Not Transported,Right,Front,Not Applicable,86,N
25798282,2023,1,2,,,33418,Female,,Shoulder and Lap Belt Used,,Not Deployed,Not Ejected,None,Not Transported,Right,Front,,57,N
25850301,2023,1,3,,,33030,Male,,Shoulder and Lap Belt Used,,Not Deployed,Not Ejected,None,Not Transported,Right,Front,Not Applicable,31,N
25874121,2023,1,3,,,33032,Male,,,,,,None,Not Transported,,,,33,N
