REPORT_NUMBER,CRASH_YEAR,VEHICLE_NUMBER,OWNER_CITY,OWNER_STATE,OWNER_ZIP_CODE,COMMERCIAL_VEHICLE_FLAG,MOTION_CODE,STATE_OF_REGISTRATION,PERMANENT_REGISTRATION_FLAG,HIT_AND_RUN_FLAG,VEHICLE_YEAR,VEHICLE_MAKE,VEHICLE_MODEL,VEHICLE_STYLE,VEHICLE_COLOR,DISABLING_FUNCTIONAL_DAMAGE,ESTIMATED_VEHICLE_DAMAGE,TOW_DAMAGE_CODE,HOW_TOW_REQUESTED,BUSINESS_OWNED_FLAG,VEHICLE_TRAVELING,ROAD_ON,ESTIMATED_MPH,POSTED_SPEED,TOTAL_NUMBER_OF_LANES,HAZARDOUS_MATERIAL_RELEASED,HAZMAT_PLACARD,HAZARDOUS_PLACARD_NUMBER,HAZMAT_CLASS,POINT_OF_IMPACT,MOST_DAMAGED_AREA_CODE,TYPE_OF_VEHICLE,TRAFFICWAY_CODE,COMMERCIAL_VEHICLE_CONFIGURATION_CODE,COMMERCIAL_USE_CODE,CARRIER_CARGO_BODY_TYPE,COMMERCIAL_VEHICLE_WEIGHT_CODE,MOST_HARMFUL_EVENT_CODE,HARMFUL_EVENT_1,HARMFUL_EVENT_2,HARMFUL_EVENT_3,HARMFUL_EVENT_4,EMERGENCY_VEHICLE_USE_CODE,ROADWAY_GRADE_CODE,ROADWAY_ALIGNMENT_CODE,VEHICLE_MANEUVER_ACTION,TRAFFIC_CONTROL_DEVICE,VEHICLE_SPECIAL_FUNCTION,VEHICLE_DEFECT1,VEHICLE_DEFECT2,S4_IS_COMMERCIAL_MOTOR_VEHICLE
25718879,2023,1,,,33317,N,Vehicle in Transport,FL,N,N,2018,AUDI,,2D,GRY,Functional,100,N,,N,North,NW 94TH AV,5,35,4,,,,,Front Right Bumper,Front Right Bumper,Passenger Car,"Two-Way, Divided, Positive Median Barrier",,,,,Pedalcycle,Pedalcycle,,,,N,Level,Straight,Other,Traffic Control Signal,No Special Function,None,,
25724956,2023,1,,,63132,N,Vehicle in Transport,FL,N,N,2020,CHEV,,VN,YEL,Minor,200,N,,N,North,RADIO RD,5,20,2,,,,,Left Front Door,Left Front Door,Passenger Van,"Two-Way, Not Divided",,,,,Motor Vehicle in Transport,Motor Vehicle in Transport,,,,N,Uphill,Curve Right,Turning Left,No Controls,No Special Function,None,,
25730072,2023,1,,,33976,N,Vehicle in Transport,FL,,N,2013,FORD,,UT,SIL,None,0,N,Driver,N,East,GUNNERY RD,10,45,4,,,,,Front Center Bumper,Front Center Bumper,(Sport) Utility Vehicle,"Two-Way, Divided, Positive Median Barrier",,,,,Motor Vehicle in Transport,Motor Vehicle in Transport,,,,N,Level,Straight,Turning Right,Traffic Control Signal,No Special Function,None,,
25874121,2023,1,,,76161,,Vehicle in Transport,FL,,N,2020,RAM,,PK,BLK,Functional,2000,N,Driver,N,West,SW 106 PL,20,30,2,,,,,Left Front Fender,Left Front Door,Pickup,"Two-Way, Not Divided",,,,,Motor Vehicle in Transport,Motor Vehicle in Transport,,,,N,Level,Straight,Turning Left,Stop Sign,No Special Function,None,,
25730398,2023,1,,,33935,N,Vehicle in Transport,FL,,N,2013,HYUN,,4D,WHI,Functional,500,N,Driver,N,East,3RD ST SW,15,30,2,,,,,Front Left Bumper,Front Left Bumper,Passenger Car,"Two-Way, Not Divided",,,,,Motor Vehicle in Transport,Motor Vehicle in Transport,,,,N,Level,Straight,Straight Ahead,No Controls,No Special Function,None,,
25730893,2023,1,,,34135,N,Vehicle in Transport,FL,,N,2011,BMW,,4D,SIL,Minor,300,N,Driver,N,East,BOSTON RD,15,30,2,,,,,Front Left Bumper,Front Left Bumper,Passenger Car,"Two-Way, Not Divided",,,,,Pedalcycle,Pedalcycle,,,,N,Level,Straight,Turning Left,Traffic Control Signal,No Special Function,None,,
25732644,2023,1,,,,,,,,Y,,UK,,4D,GRY,Unknown,0,N,,N,,,,,,,,,,,,Unknown,"Two-Way, Divided, Positive Median Barrier",,,,,Pedestrian,Pedestrian,,,,,Level,Straight,Unknown,Traffic Control Signal,Unknown,Unknown,Unknown,
25733703,2023,1,,,32935,N,Vehicle in Transport,FL,,N,2020,CHEV,,UT,GRY,Minor,500,N,Driver,N,South,COMMODORE,20,35,4,,,,,Front Right Bumper,Front Right Bumper,(Sport) Utility Vehicle,"Two-Way, Not Divided, with a Continuous Left Turn Lane",,,,,Pedalcycle,Pedalcycle,,,,N,Level,Straight,Turning Right,Traffic Control Signal,No Special Function,None,,
25734460,2023,1,,,32738,N,Vehicle in Transport,FL,,N,2018,HYUN,,UT,BLK,Minor,500,N,Driver,N,South,AMBOY DR,20,25,2,,,,,Front Center Bumper,Front Center Bumper,Passenger Car,"Two-Way, Not Divided",,,,,Pedestrian,Pedestrian,,,,N,Level,Straight,Turning Right,Stop Sign,No Special Function,None,,
25734520,2023,1,,,32712,N,Vehicle in Transport,FL,,Y,2004,BUIC,,UT,RED,Minor,500,N,Driver,N,West,HOWLAND BLVD,15,45,4,,,,,Front Left Bumper,Front Left Bumper,(Sport) Utility Vehicle,"Two-Way, Divided, Positive Median Barrier",,,,,Pedestrian,Motor Vehicle in Transport,Pedestrian,,,N,Level,Straight,Turning Right,No Controls,No Special Function,None,,
25735052,2023,1,,,32738,N,Vehicle in Transport,FL,,N,2011,FORD,,BU,UNKNOWN,Functional,7000,N,Driver,N,West,DEBARY AVE,30,45,2,,,,,Right Rear Door,Right Rear Door,Unknown,"Two-Way, Not Divided",,,,,Pedalcycle,Motor Vehicle in Transport,Pedalcycle,,,N,Level,Straight,Turning Right,No Controls,Unknown,Unknown,None,
25736648,2023,1,,,33440,N,Vehicle in Transport,FL,,N,2015,MAZD,,4D,SIL,Minor,200,N,Driver,N,East,COLONIAL BLVD,10,40,4,,,,,Front Right Bumper,Front Right Bumper,Passenger Car,"Two-Way, Divided, Positive Median Barrier",,,,,Motor Vehicle in Transport,Motor Vehicle in Transport,,,,N,Level,Straight,Turning Right,Traffic Control Signal,No Special Function,None,,
25736911,2023,1,,,33901,N,Vehicle in Transport,FL,,N,2020,TOYT,,4D,WHI,Minor,100,N,Driver,N,,PARKING LOT,,,,,,,,Right Front Fender,Right Front Fender,Passenger Car,"Two-Way, Not Divided",,,,,Motor Vehicle in Transport,Motor Vehicle in Transport,,,,N,Level,Straight,Straight Ahead,No Controls,No Special Function,None,,
25736911,2023,2,,,33919,N,Vehicle in Transport,FL,,N,2023,TOYT,,4D,WHI,Minor,100,N,Driver,N,,PARKING LOT,,,,,,,,Left Rear Fender,Left Rear Fender,Passenger Car,"Two-Way, Not Divided",,,,,Motor Vehicle in Transport,Motor Vehicle in Transport,,,,N,Level,Straight,Parked,No Controls,No Special Function,None,,
25740110,2023,1,,,33782,N,Vehicle in Transport,FL,,N,2005,NISS,,4D,WHI,Minor,2000,N,Driver,N,South,66TH ST N,45,45,6,,,,,Front Center Bumper,Front Center Bumper,Passenger Car,"Two-Way, Divided, Positive Median Barrier",,,,,Pedalcycle,Pedalcycle,,,,N,Level,Straight,Straight Ahead,No Controls,No Special Function,None,,
25741873,2023,1,,,32773,N,Vehicle in Transport,FL,,N,2022,HYUN,,4D,GRY,Minor,2000,N,Driver,N,East,MONROE MEADOWS,0,20,2,,,,,Right Front Door,Right Front Door,Passenger Car,"Two-Way, Not Divided",,,,,Pedalcycle,Pedalcycle,,,,N,Level,Straight,Other,Stop Sign,No Special Function,None,,
25744331,2023,1,,,34952,N,Vehicle in Transport,FL,N,N,2010,CHRY,,2D,GLD,Functional,1000,N,,N,North,SUNRISE BLVD,15,35,2,,,,,Left Front Door,Left Front Door,Passenger Car,"Two-Way, Not Divided",,,,,Motor Vehicle in Transport,Motor Vehicle in Transport,,,,N,Level,Straight,Straight Ahead,No Controls,No Special Function,None,,
25752016,2023,1,,,32571,N,Vehicle in Transport,,N,N,,LECT,,,BLK,Functional,1,N,,N,West,US HIGHWAY 90,10,45,4,,,,,Front Center Bumper,Front Center Bumper,Moped,Unknown,,,,,Motor Vehicle in Transport,Motor Vehicle in Transport,,,,N,Level,Curve Right,Straight Ahead,No Controls,No Special Function,None,,
25752016,2023,2,,,32570,N,Vehicle in Transport,FL,N,N,2008,CHEV,,4D,SIL,Minor,1,N,,N,East,US HIGHWAY 90,20,45,4,,,,,Front Center Bumper,Front Center Bumper,Passenger Car,"Two-Way, Divided, Positive Median Barrier",,,,,Pedalcycle,Pedalcycle,,,,N,Level,Curve Right,Turning Right,No Controls,No Special Function,None,,
25752508,2023,1,,,32958,N,Vehicle in Transport,FL,,N,2017,KIA,,UT,WHI,Minor,0,N,Driver,N,East,LANDOVER DRIVE,1,1,2,,,,,Front Center Bumper,Front Center Bumper,(Sport) Utility Vehicle,"Two-Way, Not Divided",,,,,Motor Vehicle in Transport,Motor Vehicle in Transport,,,,N,Level,Straight,Turning Left,No Controls,No Special Function,None,,
25754436,2023,1,,,34473,N,Vehicle in Transport,FL,N,N,2017,MITS,,4D,ONG,Disabling,15000,Y,Rotation,N,West,SR 200,50,50,3,,,,,Front Center Bumper,Front Center Bumper,Passenger Car,"Two-Way, Divided, Positive Median Barrier",,,,,Pedalcycle,Pedalcycle,,,,N,Level,Straight,Straight Ahead,No Controls,No Special Function,None,,
25754817,2023,1,,,34479,N,Vehicle in Transport,FL,N,N,2008,FORD,,TK,WHI,Functional,1000,N,Driver,N,West,NW 21ST ST,10,40,2,,,,,Front Center Bumper,Front Center Bumper,Pickup,"Two-Way, Not Divided",,,,,Pedalcycle,Motor Vehicle in Transport,Pedalcycle,,,N,Level,Straight,Turning Left,Stop Sign,No Special Function,None,,
25758060,2023,1,MENDOTA HEIGHTS,MN,55120,N,Vehicle in Transport,MN,N,N,2004,FORD,,PK,RED,Functional,500,N,Driver,N,South,COLLINS AVENUE,30,30,6,,,,,,,Pickup,"Two-Way, Not Divided, with a Continuous Left Turn Lane",,,,,"Railway Vehicle (train, engine)","Railway Vehicle (train, engine)",,,,N,Level,Straight,Leaving Traffic Lane,No Controls,No Special Function,None,,
25761867,2023,1,,,32708,N,Vehicle in Transport,FL,,N,2018,DODG,,UT,BLK,Functional,4000,N,Driver,N,North,SR600/ FRENCH AVE,45,45,4,,,,,Front Right Bumper,Hood,(Sport) Utility Vehicle,"Two-Way, Not Divided, with a Continuous Left Turn Lane",,,,,Motor Vehicle in Transport,Motor Vehicle in Transport,,,,N,Level,Straight,Straight Ahead,No Controls,No Special Function,None,,
25763991,2023,1,,,,N,,,,Y,,UK,,UNKNOWN,UNKNOWN,Unknown,0,N,,N,,,,,,,,,,,,Unknown,"Two-Way, Divided, Unprotected (painted >4 feet) Median",,,,,Motor Vehicle in Transport,Motor Vehicle in Transport,,,,,Level,Straight,Straight Ahead,No Controls,Unknown,Unknown,,
25769804,2023,1,,,33145,N,Vehicle in Transport,FL,,N,2022,HOND,,4D,WHI,Disabling,10000,Y,Rotation,N,North,SW 27TH AV,25,35,6,,,,,Front Center Bumper,Front Center Bumper,Passenger Car,"Two-Way, Divided, Positive Median Barrier",,,,,Motor Vehicle in Transport,Motor Vehicle in Transport,,,,N,Level,Straight,Straight Ahead,Traffic Control Signal,No Special Function,None,,
25770964,2023,1,,,33145,N,Vehicle in Transport,FL,,N,2022,HOND,,UT,RED,Minor,2500,N,Driver,N,North,3064 SW 16 ST,35,35,2,,,,,Left Front Fender,Left Front Fender,Passenger Car,"Two-Way, Not Divided",,,,,Motor Vehicle in Transport,Motor Vehicle in Transport,,,,N,Level,Straight,Straight Ahead,No Controls,No Special Function,None,,
25771779,2023,1,,,33130,N,Vehicle in Transport,FL,,N,2019,HOND,,UT,RED,Minor,500,N,Driver,N,South,SW 13ST,30,30,4,,,,,Front Right Bumper,Front Center Bumper,Passenger Car,"Two-Way, Divided, Unprotected (painted >4 feet) Median",,,,,Motor Vehicle in Transport,Motor Vehicle in Transport,,,,N,Level,Straight,Other,No Controls,No Special Function,None,,
25771812,2023,1,,,33056,N,Vehicle in Transport,FL,,N,2016,HOND,,4D,GRY,Functional,3000,N,Owner Request,N,West,NE 6 ST,25,30,2,,,,,Front Right Bumper,Hood,Passenger Car,"Two-Way, Not Divided",,,,,Motor Vehicle in Transport,Motor Vehicle in Transport,,,,N,Level,Straight,Straight Ahead,No Controls,No Special Function,None,,
25772474,2023,1,,,33135,N,Vehicle in Transport,FL,,N,2019,TOYT,,4H,WHI,Minor,3500,N,Driver,N,North,S BAYSHORE DR,20,30,1,,,,,Right Front Door,Right Rear Door,Passenger Car,"Two-Way, Not Divided",,,,,Pedestrian,Pedestrian,,,,N,Level,Straight,Turning Right,No Controls,No Special Function,None,,
25773397,2023,1,,,33130,N,Vehicle in Transport,FL,,Y,2008,HOND,,4D,WHI,Minor,501,N,Driver,N,North,NW 8TH ST RD,10,30,3,,,,,Rear Center Bumper,Rear Center Bumper,Passenger Car,"Two-Way, Not Divided, with a Continuous Left Turn Lane",,,,,Motor Vehicle in Transport,Motor Vehicle in Transport,,,,N,Level,Straight,Backing,No Controls,No Special Function,None,,
25773921,2023,1,,,33138,N,Vehicle in Transport,FL,,Y,2020,UK,,UNKNOWN,UNKNOWN,Unknown,1000,N,Driver,N,East,6100 BISCAYNE BLVD,4,35,1,,,,,Front Right Bumper,Front Center Bumper,Unknown,"Two-Way, Not Divided",,,,,Motor Vehicle in Transport,Motor Vehicle in Transport,,,,N,Level,Straight,Unknown,No Controls,Unknown,Unknown,,
25773985,2023,1,,,33135,N,Vehicle in Transport,FL,,N,2016,VOLK,,UT,BLK,Functional,1500,N,Driver,N,South,SW 6TH AVE,30,30,2,,,,,Right Front Door,Right Rear Door,(Sport) Utility Vehicle,One-Way Trafficway,,,,,Motor Vehicle in Transport,Motor Vehicle in Transport,,,,N,Level,Straight,Straight Ahead,No Controls,No Special Function,None,,
25775645,2023,1,,,33126,N,Vehicle in Transport,FL,,N,2023,VOLK,,UT,SIL,Minor,1000,N,Rotation,N,South,NW 36TH ST,10,30,2,,,,,Right Rear Fender,Right Rear Door,(Sport) Utility Vehicle,"Two-Way, Not Divided",,,,,Pedalcycle,Motor Vehicle in Transport,Pedalcycle,,,N,Level,Straight,Turning Left,No Controls,No Special Function,None,,
25776278,2023,1,,,33309,N,Vehicle in Transport,FL,,N,2020,NISS,,VN,WHI,Functional,2000,N,Driver,N,East,NW 26TH ST,20,40,2,,,,,Right Front Fender,Right Front Fender,Passenger Van,"Two-Way, Divided, Unprotected (painted >4 feet) Median",,,,,Motor Vehicle in Transport,Motor Vehicle in Transport,,,,N,Level,Straight,Straight Ahead,Other,No Special Function,None,,
25776459,2023,1,,,33135,N,Vehicle in Transport,FL,,N,2019,HOND,,UT,WHI,Functional,1,N,Driver,N,East,NE 32ND STREET,15,30,1,,,,,Front Center Bumper,Front Center Bumper,(Sport) Utility Vehicle,One-Way Trafficway,,,,,Motor Vehicle in Transport,Motor Vehicle in Transport,,,,N,Level,Straight,Straight Ahead,Stop Sign,No Special Function,None,,
25776773,2023,1,,,33014,N,Vehicle in Transport,FL,,N,2023,HYUN,,4D,BLU,Minor,500,N,Driver,N,East,SW 8TH ST,,30,2,,,,,Front Center Bumper,Front Center Bumper,Passenger Car,"Two-Way, Not Divided",,,,,Motor Vehicle in Transport,Motor Vehicle in Transport,,,,N,Level,Straight,Straight Ahead,No Controls,No Special Function,None,,
25777432,2023,1,,,33135,N,Vehicle in Transport,FL,,N,2011,MERZ,,4D,RED,Minor,500,N,Driver,N,West,SW 5 TERRACE,,30,3,,,,,Hood,Hood,Passenger Car,"Two-Way, Not Divided",,,,,Motor Vehicle in Transport,Motor Vehicle in Transport,,,,N,Level,Straight,Straight Ahead,No Controls,No Special Function,None,,
25777801,2023,1,,,,N,Vehicle in Transport,,,Y,,UK,,UNKNOWN,UNKNOWN,Unknown,0,N,,N,,,,,,,,,,Front Right Bumper,Front Right Bumper,Unknown,"Two-Way, Not Divided",,,,,Motor Vehicle in Transport,Motor Vehicle in Transport,,,,N,Level,Straight,Unknown,,Unknown,Unknown,,
25778059,2023,1,,,33033,N,Vehicle in Transport,FL,,N,2008,FORD,,4D,RED,Minor,500,N,Driver,N,East,SW 22 ST,30,35,4,,,,,Right Rear Fender,,Pickup,"Two-Way, Divided, Positive Median Barrier",,,,,Motor Vehicle in Transport,Motor Vehicle in Transport,,,,N,Level,Straight,Other,No Controls,No Special Function,None,,
25779495,2023,1,,,294668694,N,Vehicle in Transport,SC,,N,2013,BMW,,4D,WHI,None,0,N,Driver,N,East,SE 1ST ST,10,15,2,,,,,Right Front Fender,Right Front Fender,Passenger Car,One-Way Trafficway,,,,,Motor Vehicle in Transport,Motor Vehicle in Transport,,,,N,Level,Straight,Turning Right,No Controls,No Special Function,None,,
25780658,2023,1,,,334110000,N,Vehicle in Transport,FL,,N,2010,FORD,,4D,BLU,Disabling,3000,Y,Rotation,N,East,W. FLAGLER STREET,20,35,14,,,,,Rear Right Bumper,Front Center Bumper,Passenger Car,"Two-Way, Not Divided",,,,,Pedalcycle,Pedalcycle,Motor Vehicle in Transport,Motor Vehicle in Transport,Motor Vehicle in Transport,N,Level,Straight,Straight Ahead,Traffic Control Signal,No Special Function,None,,
25780862,2023,1,,,33310,N,Vehicle in Transport,CA,,N,2023,BMW,,UT,,Minor,500,N,Driver,N,West,NE 14TH STREET,22,35,4,,,,,Left Front Door,Left Rear Door,(Sport) Utility Vehicle,"Two-Way, Not Divided",,,,,Motor Vehicle in Transport,Motor Vehicle in Transport,,,,N,Level,Straight,Straight Ahead,No Controls,No Special Function,None,,
25781923,2023,1,,,33176,N,Vehicle in Transport,FL,,N,2015,TOYT,,SW,GRY,Minor,500,N,Driver,N,South,NE 4TH AVE,20,30,2,,,,,Front Left Bumper,Left Front Fender,Passenger Van,"Two-Way, Divided, Unprotected (painted >4 feet) Median",,,,,Motor Vehicle in Transport,Motor Vehicle in Transport,,,,N,Level,Straight,Turning Left,Stop Sign,No Special Function,None,,
25782017,2023,1,,,33180,N,Vehicle in Transport,FL,,Y,2009,LEXS,,UT,WHI,Unknown,0,N,Driver,N,North,NW 3RD AVE,,,2,,,,,Front Right Bumper,Front Right Bumper,Passenger Car,"Two-Way, Divided, Unprotected (painted >4 feet) Median",,,,,Motor Vehicle in Transport,Motor Vehicle in Transport,,,,N,Level,Straight,Turning Right,No Controls,Unknown,Unknown,,
25782136,2023,1,,,33132,N,Vehicle in Transport,FL,,N,2018,LNDR,,UT,BLK,None,0,N,Driver,N,North,NE 1ST AVE,5,30,2,,,,,Front Center Bumper,Front Center Bumper,(Sport) Utility Vehicle,One-Way Trafficway,,,,,Motor Vehicle in Transport,Motor Vehicle in Transport,,,,N,Level,Straight,Turning Right,Traffic Control Signal,No Special Function,None,,
25782365,2023,1,,,33127,N,Vehicle in Transport,FL,,N,2014,TOYT,,4D,SIL/SIL,Minor,0,N,Driver,N,West,NW 2 STREET,,15,3,,,,,Right Front Fender,Right Front Fender,Passenger Car,"Two-Way, Not Divided",,,,,Motor Vehicle in Transport,Motor Vehicle in Transport,,,,N,Level,Straight,Straight Ahead,No Controls,No Special Function,None,,
25782369,2023,1,,,33156,N,Vehicle in Transport,FL,,N,2016,VOLK,,UT,GRY,Minor,500,N,Driver,N,East,SW 6TH ST,,,2,,,,,Right Rear Fender,,Passenger Car,"Two-Way, Divided, Unprotected (painted >4 feet) Median",,,,,Motor Vehicle in Transport,Motor Vehicle in Transport,,,,N,Level,Straight,Turning Left,No Controls,No Special Function,"Body, Doors",,
25782717,2023,1,,,33312,N,Vehicle in Transport,FL,,N,2020,BMW,,4D,GRY,Functional,4000,N,Driver,N,East,NE 8TH STREET,20,30,9,,,,,Right Front Fender,Right Rear Door,Passenger Car,"Two-Way, Not Divided",,,,,Motor Vehicle in Transport,Pedalcycle,Motor Vehicle in Transport,Motor Vehicle in Transport,Motor Vehicle in Transport,N,Level,Straight,Turning Right,Traffic Control Signal,No Special Function,None,,
25783131,2023,1,,,33136,N,Vehicle in Transport,FL,,N,2014,HYUN,,4D,RED,None,0,N,Driver,N,West,325 S BISCAYNE BLVD,15,20,1,,,,,Right Front Fender,Right Front Fender,Passenger Car,One-Way Trafficway,,,,,Motor Vehicle in Transport,Motor Vehicle in Transport,,,,N,Level,Straight,Straight Ahead,Stop Sign,No Special Function,None,,
25783291,2023,1,,,33025,N,Vehicle in Transport,FL,,N,2016,HYUN,,4D,BLU,Minor,0,N,Driver,N,South,SW 2ND AVE,10,30,2,,,,,Right Rear Door,Right Rear Door,Passenger Car,"Two-Way, Not Divided",,,,,Motor Vehicle in Transport,Motor Vehicle in Transport,,,,N,Level,Straight,Turning Right,No Controls,No Special Function,None,,
25785292,2023,1,,,33128,N,Vehicle in Transport,GA,,Y,,CHEVY,,PK,BLK,Unknown,0,N,Driver,N,,,,,,,,,,,,Pickup,"Two-Way, Not Divided",,,,,Motor Vehicle in Transport,Motor Vehicle in Transport,,,,N,Level,Straight,Straight Ahead,No Controls,No Special Function,None,,
25786452,2023,1,,,32812,N,Vehicle in Transport,FL,,N,2023,TESL,,4D,WHI,Functional,5000,N,Driver,N,West,NW 1ST STREET,30,30,2,,,,,Windshield,Windshield,Passenger Car,One-Way Trafficway,,,,,Motor Vehicle in Transport,Motor Vehicle in Transport,,,,N,Level,Straight,Straight Ahead,No Controls,No Special Function,None,,
25786464,2023,1,,,,N,,,,Y,,UK,,UNKNOWN,UNKNOWN,Unknown,0,N,,N,,,,,,,,,,,,Unknown,"Two-Way, Not Divided",,,,,Motor Vehicle in Transport,Motor Vehicle in Transport,,,,,Level,Straight,Unknown,No Controls,Unknown,Unknown,,
25786856,2023,1,,,33166,,Vehicle in Transport,FL,,Y,2015,TOYO,,4D,WHI,Unknown,0,N,Driver,N,,,,,,,,,,Right Front Fender,Right Front Fender,Passenger Car,"Two-Way, Divided, Positive Median Barrier",,,,,Motor Vehicle in Transport,Motor Vehicle in Transport,,,,N,Level,Straight,Turning Right,No Controls,No Special Function,None,,
25786990,2023,1,,,33166,N,Vehicle in Transport,FL,,N,2021,KIA,,UT,SIL,None,100,N,Driver,N,East,NE 1ST AVE,10,25,1,,,,,Front Right Bumper,Front Right Bumper,Passenger Car,One-Way Trafficway,,,,,Pedestrian,Pedestrian,,,,N,Level,Straight,Turning Right,No Controls,No Special Function,None,,
25790209,2023,1,,,32922,N,Vehicle in Transport,FL,N,N,2016,CHEV,,,BLK,Functional,150,N,,N,South,S VARR AVE,5,35,2,,,,,Front Center Bumper,Front Center Bumper,(Sport) Utility Vehicle,"Two-Way, Not Divided",,,,,Motor Vehicle in Transport,Motor Vehicle in Transport,,,,N,Level,Straight,Turning Right,No Controls,No Special Function,None,,
25790413,2023,1,,,33417,N,Vehicle in Transport,FL,,N,2017,LEXS,,UT,WHI,Minor,500,N,Driver,N,South,WESTCHESTER DR E,2,25,3,,,,,Right Front Fender,Right Front Fender,(Sport) Utility Vehicle,"Two-Way, Divided, Unprotected (painted >4 feet) Median",,,,,Pedalcycle,Pedalcycle,,,,N,Level,Straight,Turning Right,Stop Sign,No Special Function,None,,
25791151,2023,1,,,33436,N,Vehicle in Transport,QC,,N,2021,TOYT,,4D,GRY,Functional,2500,N,Driver,N,North,JOG ROAD,10,45,6,,,,,Front Left Bumper,Front Left Bumper,(Sport) Utility Vehicle,"Two-Way, Divided, Positive Median Barrier",,,,,Motor Vehicle in Transport,Motor Vehicle in Transport,,,,N,Level,Straight,Turning Right,No Controls,No Special Function,None,,
25791578,2023,1,,,33443,N,Vehicle in Transport,FL,,N,2018,CHEV,,UT,GRY,Minor,2000,N,Driver,N,North,BOCA RIO ROAD,20,30,2,,,,,Front Center Bumper,Front Right Bumper,Passenger Car,"Two-Way, Not Divided",,,,,Motor Vehicle in Transport,Motor Vehicle in Transport,,,,N,Level,Straight,Straight Ahead,No Controls,No Special Function,None,,
25791984,2023,1,,,33406,N,Vehicle in Transport,FL,,N,2012,TOYT,,PK,WHI,None,0,N,Driver,N,North,S FLORIDA MANGO RD,5,40,2,,,,,Front Right Bumper,Front Right Bumper,Pickup,"Two-Way, Not Divided",,,,,Motor Vehicle in Transport,Motor Vehicle in Transport,,,,N,Level,Straight,Turning Right,Traffic Control Signal,No Special Function,None,,
25792570,2023,1,,,32137,N,Vehicle in Transport,FL,,N,2008,MERZ,,UT,BLK,Minor,400,N,Driver,N,West,OKEECHOBEE BLVD,8,45,8,,,,,Right Front Fender,Right Front Fender,(Sport) Utility Vehicle,"Two-Way, Divided, Positive Median Barrier",,,,,Motor Vehicle in Transport,Motor Vehicle in Transport,,,,N,Level,Straight,Turning Right,No Controls,No Special Function,None,,
25794730,2023,1,,,33414,N,Vehicle in Transport,FL,,N,2022,MERZ,,UT,BLK,Unknown,0,N,Driver,N,South,GOLDPIECE TRAIL,15,25,2,,,,,Right Front Fender,Right Front Fender,(Sport) Utility Vehicle,"Two-Way, Not Divided",,,,,Pedestrian,Pedestrian,,,,N,Level,Straight,Other,Stop Sign,No Special Function,None,,
25795019,2023,1,,,33461,N,Vehicle in Transport,FL,,N,2014,GMC,,UT,SIL,Minor,800,N,Driver,N,South,VILLAS SANTORINI DR,10,,2,,,,,Front Right Bumper,Front Right Bumper,(Sport) Utility Vehicle,"Two-Way, Not Divided",,,,,Pedestrian,Motor Vehicle in Transport,Pedestrian,,,N,Level,Straight,Straight Ahead,Stop Sign,No Special Function,None,,
25795245,2023,1,,,33433,N,Vehicle in Transport,FL,,N,2014,ACUR,,4D,SIL,Minor,500,N,Driver,N,South,POWERLINE ROAD,20,45,6,,,,,Right Front Door,Right Front Door,Passenger Car,"Two-Way, Divided, Positive Median Barrier",,,,,Motor Vehicle in Transport,Motor Vehicle in Transport,Pedalcycle,,,N,Level,Straight,Turning Left,Traffic Control Signal,No Special Function,None,,
25796239,2023,1,,,33498,N,Vehicle in Transport,FL,,N,2022,MERZ,,UT,WHI,Minor,250,N,Driver,N,East,DRIVEWAY,15,45,3,,,,,Front Center Bumper,Front Center Bumper,(Sport) Utility Vehicle,"Two-Way, Divided, Positive Median Barrier",,,,,Motor Vehicle in Transport,Motor Vehicle in Transport,,,,N,Level,Straight,Turning Right,Stop Sign,No Special Function,None,,
25796315,2023,1,,,33434,N,Vehicle in Transport,FL,,N,2017,BMW,,4D,BLK,Minor,300,N,Driver,N,East,GLADES RD SR 808,25,45,6,,,,,Front Right Bumper,Windshield,Passenger Car,"Two-Way, Divided, Positive Median Barrier",,,,,Motor Vehicle in Transport,Motor Vehicle in Transport,Pedalcycle,,,N,Level,Straight,Straight Ahead,No Controls,No Special Function,None,,
25796334,2023,1,,,33415,N,Vehicle in Transport,MA,,N,2017,JEEP,,UT,BLK,Minor,100,N,Driver,N,West,LAKE WORTH RD,5,45,6,,,,,Right Front Fender,Right Front Fender,(Sport) Utility Vehicle,"Two-Way, Divided, Positive Median Barrier",,,,,Motor Vehicle in Transport,Motor Vehicle in Transport,,,,N,Level,Straight,Turning Right,Traffic Control Signal,No Special Function,None,,
25796642,2023,1,,,33446,N,Vehicle in Transport,FL,,N,2020,GENS,,4D,WHI,Minor,100,N,Driver,N,North,JOG ROAD,10,45,3,,,,,Front Right Bumper,Front Right Bumper,Passenger Car,"Two-Way, Divided, Positive Median Barrier",,,,,Motor Vehicle in Transport,Motor Vehicle in Transport,,,,N,Level,Straight,Turning Right,Traffic Control Signal,No Special Function,None,,
25798282,2023,1,,,33407,N,Vehicle in Transport,FL,,N,2007,HOND,,PK,SIL,None,0,N,Driver,N,South,UNNAME RD,5,5,3,,,,,Front Center Bumper,Front Center Bumper,Pickup,"Two-Way, Not Divided",,,,,Motor Vehicle in Transport,Motor Vehicle in Transport,,,,N,Level,Straight,Turning Right,No Controls,No Special Function,None,,
25798739,2023,1,,,33428,N,Vehicle in Transport,FL,,N,2008,TOYT,,VN,BLU,Minor,1000,N,Driver,N,East,SANDALFOOT,15,30,1,,,,,Front Center Bumper,Front Center Bumper,Passenger Van,"Two-Way, Divided, Positive Median Barrier",,,,,Pedalcycle,Pedalcycle,,,,N,Level,Straight,Straight Ahead,Traffic Control Signal,No Special Function,None,,
25799109,2023,1,,,33462,N,Vehicle in Transport,FL,,N,1999,TOYT,,SW,WHI,Minor,400,N,Driver,N,West,MENTONE RD,25,25,2,,,,,Left Front Fender,Left Front Fender,(Sport) Utility Vehicle,"Two-Way, Not Divided",,,,,Motor Vehicle in Transport,Motor Vehicle in Transport,,,,N,Level,Straight,Straight Ahead,No Controls,No Special Function,None,,
25800373,2023,2,,,92626,,Vehicle in Transport,CA,,N,2021,TESL,,4H,WHI,Minor,500,N,Driver,N,West,91ST STREET,5,20,2,,,,,Right Front Fender,Right Front Fender,Passenger Car,"Two-Way, Divided, Unprotected (painted >4 feet) Median",,,,,Motor Vehicle in Transport,Motor Vehicle in Transport,,,,N,Level,Straight,Turning Right,No Controls,No Special Function,None,,
25813562,2023,1,,,34243,N,Vehicle in Transport,FL,,N,2015,NISS,,4D,RED,Minor,100,N,Driver,N,West,ANDROMEDA LOOP S,10,10,2,,,,,Front Left Bumper,Front Left Bumper,Passenger Car,"Two-Way, Divided, Positive Median Barrier",,,,,Pedalcycle,Pedalcycle,,,,N,Level,Straight,Straight Ahead,Stop Sign,No Special Function,None,,
25816858,2023,1,,,33025-4459,N,Vehicle in Transport,FL,Y,N,2022,CHEV,,4D,GRY,None,0,N,,N,North,NW 163RD AVE,5,25,4,,,,,,,Passenger Car,"Two-Way, Divided, Unprotected (painted >4 feet) Median",,,,,Pedestrian,Pedestrian,,,,N,Level,Straight,Turning Right,Stop Sign,No Special Function,None,,
25818325,2023,1,,,33805,N,Vehicle in Transport,FL,,N,2020,HYUN,,UT,BLU,Minor,1000,N,Driver,N,South,LAKELAND HILLS BLVD,30,35,4,,,,,Front Center Bumper,Front Center Bumper,(Sport) Utility Vehicle,"Two-Way, Not Divided",,,,,Motor Vehicle in Transport,Motor Vehicle in Transport,,,,N,Level,Straight,Straight Ahead,No Controls,No Special Function,None,,
25818458,2023,1,,,33801,N,Vehicle in Transport,FL,,N,2020,DODG,,SW,GRY,Minor,300,N,Driver,N,South,BRENGLE DR.,10,10,2,,,,,Left Front Fender,Left Front Fender,Passenger Car,"Two-Way, Not Divided",,,,,Motor Vehicle in Transport,Motor Vehicle in Transport,,,,N,Level,Straight,Straight Ahead,No Controls,No Special Function,None,,
25818971,2023,1,,,33801,N,Vehicle in Transport,FL,,N,2010,TOYT,,3D,BLU,None,0,N,Driver,N,East,QUEENS CR,5,25,2,,,,,Rear Center Bumper,Rear Center Bumper,Passenger Car,"Two-Way, Not Divided",,,,,Pedestrian,Pedestrian,,,,N,Level,Straight,Backing,No Controls,No Special Function,None,,
25823387,2023,1,,,34287,N,Vehicle in Transport,FL,,N,2011,HOND,,UT,SIL,None,0,N,Driver,N,South,ZAMORA AVE,5,25,2,,,,,Rear Center Bumper,Rear Center Bumper,Passenger Car,"Two-Way, Not Divided",,,,,Motor Vehicle in Transport,Motor Vehicle in Transport,,,,N,Level,Straight,Backing,No Controls,No Special Function,None,,
25832775,2023,1,,,,N,Vehicle in Transport,,,Y,,TESLA,,UNKNOWN,BLK,Unknown,0,N,Rotation,N,North,16401 NW 37TH AVENUE,15,15,2,,,,,Front Left Bumper,Front Left Bumper,(Sport) Utility Vehicle,"Two-Way, Not Divided",,,,,Motor Vehicle in Transport,Motor Vehicle in Transport,,,,N,Level,Straight,Turning Right,Stop Sign,Unknown,Unknown,,
25836454,2023,1,,,,N,Vehicle in Transport,,,Y,,,,,,,0,N,,N,,SR 5 (N US HIGHWAY 1),,,,,,,,,,,,,,,,Pedalcycle,Pedalcycle,,,,,,,,,,,,
25837525,2023,1,,,33935,N,Vehicle in Transport,FL,,N,2023,FORD,F150,PK,BLK,None,0,N,Driver,N,East,WEST PRICE BLVD,15,35,2,,,,,Left Front Fender,Left Front Fender,"Other Light Trucks (10,000 lbs (4,536 kg) or less)","Two-Way, Not Divided",,,,Not Applicable,Motor Vehicle in Transport,Motor Vehicle in Transport,,,,N,Level,Straight,Turning Left,Stop Sign,No Special Function,None,,N
25837706,2023,1,,,32084-8752,N,Vehicle in Transport,FL,N,N,2009,TOYT,,4D,SIL,Minor,5,N,,N,West,WB OFF LASA COMMONS DR TURNING US 1,15,15,4,,,,,Right Front Fender,Right Front Fender,Passenger Car,"Two-Way, Divided, Positive Median Barrier",,,,,Other Non-Fixed Object,Other Non-Fixed Object,,,,N,Level,Straight,Turning Right,Stop Sign,No Special Function,None,,
25840588,2023,1,,,32526-0000,N,Vehicle in Transport,FL,N,N,2023,HOND,,UT,BLK,Minor,2000,N,,N,West,E MAIN STREET & S PALAFOX ST,,35,2,,,,,Left Rear Fender,Left Rear Fender,(Sport) Utility Vehicle,"Two-Way, Not Divided",,,,,Other Non-Fixed Object,Other Non-Fixed Object,,,,N,Level,Straight,Stopped in Traffic,Traffic Control Signal,No Special Function,None,,
25842512,2023,1,,,30458,,Vehicle in Transport,GA,,N,2016,NISS,,4D,BLK,None,0,N,Driver,N,West,GARDEN ST,5,,2,,,,,Front Center Bumper,Front Center Bumper,Passenger Car,"Two-Way, Not Divided",,,,,Motor Vehicle in Transport,Motor Vehicle in Transport,,,,N,Level,Straight,Straight Ahead,Stop Sign,No Special Function,None,,
25846053,2023,1,,,33186,,Vehicle in Transport,FL,,N,2013,VOLK,,4D,BLK,Minor,2000,N,Driver,N,North,PARKING LOT,,,2,,,,,Right Front Fender,Right Front Fender,Passenger Car,"Two-Way, Not Divided",,,,,Motor Vehicle in Transport,Motor Vehicle in Transport,,,,N,Level,Straight,Straight Ahead,No Controls,No Special Function,None,,
25847710,2023,1,,,33176,,Vehicle in Transport,FL,,N,2007,TOYT,,4D,RED,None,0,N,Driver,N,North,Sw 97 ave,3,35,2,,,,,Front Right Bumper,Front Right Bumper,Passenger Car,"Two-Way, Not Divided",,,,,Motor Vehicle in Transport,Motor Vehicle in Transport,,,,N,Level,Straight,Turning Left,Traffic Control Signal,No Special Function,None,,
25849666,2023,1,,,33178,,Vehicle in Transport,FL,,N,2019,FORD,,TK,WHI,Functional,300,N,Driver,N,South,NW 27TH AVE,,35,4,,,,,Right Front Fender,Right Front Fender,Pickup,"Two-Way, Divided, Positive Median Barrier",,,,,Pedalcycle,Pedalcycle,,,,N,Level,Straight,Stopped in Traffic,No Controls,No Special Function,None,,
25850301,2023,1,,,33030,,Vehicle in Transport,FL,,N,2015,HOND,,2D,GRY,Functional,1400,N,Driver,N,West,SW 320TH ST,30,40,2,,,,,Front Right Bumper,Front Center Bumper,Passenger Car,"Two-Way, Not Divided",,,,,Pedestrian,Motor Vehicle in Transport,Pedestrian,,,N,Level,Straight,Straight Ahead,No Controls,No Special Function,None,,
25850727,2023,1,,,33176,,Vehicle in Transport,FL,,N,2013,BUIC,,4D,BLK,Minor,500,N,Other,N,East,SW 88 ST,20,40,2,,,,,Front Center Bumper,Front Center Bumper,Passenger Car,"Two-Way, Not Divided",,,,,Other Non-Fixed Object,Other Non-Fixed Object,,,,N,Level,Straight,Turning Right,Traffic Control Signal,No Special Function,None,,
25856456,2023,1,,,33029,,Vehicle in Transport,FL,,N,2015,INTL,VULCAN,TT,WHI,None,200,N,Driver,N,Off-Road,NW 7TH AVENUE,10,35,2,,,,,,,"Medium/Heavy Trucks (more than 10,000 lbs (4,536 kg))","Two-Way, Not Divided",,,,,Motor Vehicle in Transport,Motor Vehicle in Transport,,,,N,Level,Straight,Turning Right,No Controls,No Special Function,None,None,Y
25857319,2023,1,,,33189,,Vehicle in Transport,FL,,N,2013,INFI,,UT,WHI,Functional,1500,N,Driver,N,West,SW 85TH PSGE,,10,2,,,,,Right Front Door,Right Front Door,(Sport) Utility Vehicle,"Two-Way, Not Divided",,,,,Motor Vehicle in Transport,Motor Vehicle in Transport,,,,N,Level,Straight,Straight Ahead,No Controls,No Special Function,None,,
25859213,2023,1,,,33186,,Vehicle in Transport,FL,,N,2023,CHEV,,PK,BLK,Minor,500,N,Driver,N,West,SW 101ST ST & SW 147TH AVE,5,15,2,,,,,Right Front Fender,Right Front Fender,Pickup,"Two-Way, Not Divided",,,,,,Pedalcycle,,,,N,Level,Straight,Straight Ahead,No Controls,No Special Function,None,,
25861549,2023,1,,,33186,,Vehicle in Transport,FL,,N,2021,HOND,,4D,SIL,Minor,500,N,Driver,N,South,12774 SW 135 TERR,5,15,2,,,,,Front Center Bumper,Front Center Bumper,Passenger Car,"Two-Way, Not Divided",,,,,Pedalcycle,Pedalcycle,,,,N,Level,Straight,Turning Right,No Controls,No Special Function,None,,
25865884,2023,1,,,33139,,Vehicle in Transport,FL,,N,2017,HOND,,4D,GRY,None,0,N,Driver,N,East,NW 46TH STREET,,30,4,,,,,,,Passenger Car,"Two-Way, Not Divided",,,,,,Pedestrian,,,,N,Level,Straight,Straight Ahead,No Controls,No Special Function,None,,
25866107,2023,1,,,97205,,Vehicle in Transport,OR,,N,2021,TESL,,UT,GRY,Functional,300,N,Driver,N,North,BISCAYNE BLVD,15,35,4,,,,,Front Right Bumper,,Passenger Car,"Two-Way, Divided, Positive Median Barrier",,,,,,Pedalcycle,,,,N,Level,Straight,Turning Right,Traffic Control Signal,No Special Function,None,,
25866762,2023,1,,,33176,,Vehicle in Transport,FL,,N,2015,CHRY,,4D,GRY,Minor,400,N,Driver,N,South,OLD CUTLER RD,10,40,2,,,,,Front Right Bumper,Front Right Bumper,Passenger Car,"Two-Way, Not Divided",,,,,Motor Vehicle in Transport,Pedestrian,Motor Vehicle in Transport,,,N,Level,Straight,Turning Right,Traffic Control Signal,No Special Function,None,,
25867114,2023,1,,,33157,,Vehicle in Transport,FL,,N,2015,LEXS,,5D,SIL,Minor,100,N,Driver,N,South,SW 114 AVE,,35,2,,,,,Front Right Bumper,Front Right Bumper,(Sport) Utility Vehicle,"Two-Way, Not Divided",,,,,Pedestrian,Pedestrian,,,,N,Level,Straight,Straight Ahead,Stop Sign,No Special Function,None,,
25867801,2023,1,,,33167,,Vehicle in Transport,FL,,N,2007,NISS,,4D,GRY,Minor,200,N,Driver,N,West,NW 103RD STREET,10,35,3,,,,,Front Center Bumper,Front Center Bumper,Passenger Car,"Two-Way, Divided, Positive Median Barrier",,,,,Motor Vehicle in Transport,Motor Vehicle in Transport,,,,N,Level,Straight,Turning Right,No Controls,No Special Function,None,None,
25868039,2023,2,,,33138,,Vehicle in Transport,FL,,N,2017,CHEV,,UT,WHI,None,0,N,Driver,N,Off-Road,480 NE 210TH CIRCLE,15,15,0,,,,,Front Right Bumper,Front Right Bumper,Passenger Car,"Two-Way, Not Divided",,,,,Pedalcycle,Pedalcycle,,,,N,Level,Straight,Turning Right,No Controls,No Special Function,None,,
25869407,2023,1,,,33161,,Vehicle in Transport,FL,,N,2021,TOYT,,UT,BLK,Functional,100,N,,N,Off-Road,290 NW 165TH ST,15,15,0,,,,,Front Center Bumper,Front Center Bumper,Passenger Car,"Two-Way, Not Divided",,,,,Motor Vehicle in Transport,Motor Vehicle in Transport,,,,N,Level,Straight,Turning Left,No Controls,No Special Function,None,,
25872056,2023,1,,,33168,,Vehicle in Transport,FL,,N,2017,CHEV,,2D,BLK,None,0,N,Driver,N,North,NW 27TH AVE,0,35,4,,,,,Right Front Fender,,Passenger Car,"Two-Way, Not Divided",,,,,Motor Vehicle in Transport,Motor Vehicle in Transport,,,,N,Level,Straight,Stopped in Traffic,No Controls,No Special Function,None,,
