REPORT_NUMBER,CRASH_YEAR,PERSON_NUMBER,STATUTE_NUMBER,CHARGE,CITATION_NUMBER
25730398,2023,1,322.03(1),NO DRIVER LICENSE - NEVER HAD ONE ISSUED (IF VALID AT TIME C,AHY51TE
25733703,2023,1,316.183(1),FAILED TO USE DUE CARE,AHFUEVE
25734520,2023,1,316.061(1),CRASH - LEAVING SCENE WITHOUT GIVING INFORMATION MORE THAN $,AHT2RHE
25780658,2023,2,316.123(2)(b),FAILED TO YIELD AT A FOUR-WAY-STOP-INTERSECTION,A0DHD9E
25869407,2023,1,316.2065(10),FAIL TO YIELD R.O.W. TO PEDESTRIAN,AIJR3CE
25734520,2023,1,316.075(1)(a)1,"GREEN CIRCULAR LIGHT, VEHICLE FACING, FAILED TO YIELD RIGHT-",AHT2RIE
25740110,2023,2,316.2065(7),RIDING BIKE WITH NO OR IMPROPER LIGHT,AI96BVE
25754817,2023,1,316.123 (2A),STOP SIGN,AI6B23E
25758060,2023,1,316.1925(1),CARELESS DRIVING- REASON:NO CONTROL OF VEHICLE AS HE ENTERED,AHDVZTE
25770964,2023,1,316.125(1),FAILED TO YIELD FROM ALLEY/BLDG./PRIVATE ROAD OR DRIVEWAY TO,AHPHD0E
25771779,2023,1,316.125(1),FAILED TO YIELD FROM ALLEY/BLDG./PRIVATE ROAD OR DRIVEWAY TO,AHPJ2UE
25771812,2023,1,316.1925(1),CARELESS DRIVING,AHPJ47E
25772474,2023,1,316.2065(10),FAIL TO YIELD RIGHT-OF-WAY TO PEDESTRIAN,AHPKCXE
25773397,2023,1,316.1985(1),BACKING - IMPROPER,A0DGJXE
25773397,2023,1,316.065(1),CRASH - FAILURE OF DRIVER TO REPORT CRASH RESULTING IN INJUR,A0DGK0E
25773985,2023,2,316.121,FAILED TO YIELD - APPROACHING/ENTERING INTERSECTION,AHUJQWE
25775645,2023,1,316.151(1)(b),IMPROPER LEFT TURN,AHUOYHE
25776278,2023,1,316.1925,CARELESS DRIVING,AHUR4SE
25777432,2023,1,316.123(2)(a),RAN STOP SIGN/VIOLATION OF RIGHT OF WAY FROM STOP SIGN,AI6SOAE
25779495,2023,1,316.1925,CARELESS DRIVING,A0D33QE
25781923,2023,1,316.121,FAILED TO YIELD - APPROACHING/ENTERING INTERSECTION,A1BGRYE
25782365,2023,1,316.075(1)(a)1,FAILED TO YIELD RIGHT-OF-WAY TO PEDESTRIAN,A1BM43E
25782369,2023,2,316.1925(1),CARELESS DRIVING,A1BM4EE
25782717,2023,2,316.123(3),FAILED TO YIELD/STOP AT A YIELD INTERSECTION,A1BQ8RE
25783291,2023,1,316.1925,CARELESS DRIVING,A2WBJYE
25786856,2023,1,316.130(7)(a),FAILED TO YIELD RIGHT-OF-WAY TO PEDESTRIAN AT INTERSECTION W,A2WQO9E
25786856,2023,1,316.027(2),CRASH - LEAVING SCENE ON PUBLIC OR PRIVATE PROPERTY WITHOUT,A2WQOAE
25786856,2023,1,322.03(1),NO DRIVER LICENSE - NEVER HAD ONE ISSUED (IF VALID AT TIME C,A2WQODE
25790209,2023,1,3161925,CARELESS DRIVING,AEPN7QE
25796239,2023,1,316.125(2),FAILED TO YIELD/STOP AT SIDEWALK - FROM ALLEY/BLDG./PRIVATE,AHX300E
25800373,2023,1,316.130(8),PEDESTRIAN ENTERED PATH OF VEHICLE,AHMLVYE
25840588,2023,6,316.193(1),DUI - DRIVING UNDER THE INFLUENCE,AET4NQE
25850727,2023,1,322.03(1),NO DRIVER LICENSE,AHW8BVE
25850727,2023,1,316.121(1),FTYROW VEH IN INTERSECTION,AHW8C0E
25859213,2023,1,316.125(2),FAIL TO YIELD/STOP AT SIDEWALK OR CLOSEST POINT OF ROADWAY,WARN
25861549,2023,1,316.2065(10),FAIL TO YIELD R.O.W. TO PEDESTRIAN,AICPAXE
25866107,2023,1,316.1925(1),CARELESS DRIVING,AIMA3T
25866762,2023,1,316.1925(1),CARELESS DRIVING,AIMAC9E
25867114,2023,1,316.123(2)(a),RAN STOP SIGN,AIJQA0E
25867801,2023,1,316.1925(1),CARELESS DRIVING,AIM8JSE
