REPORT_NUMBER,CRASH_YEAR,CRASH_DATE_AND_TIME,REPORT_DATE_AND_TIME,INVESTIGATING_AGENCY_REPORT_NUMBER,FORM_TYPE,TOTAL_NUMBER_OF_VEHICLES,TOTAL_NUMBER_OF_PERSONS,COUNTY_CODE,CITY_CODE,COUNTY_NAME,CITY_NAME,RURAL_OR_URBAN,NOTIFIED_TIME,DISPATCHED_TIME,ARRIVED_TIME,CLEARED_TIME,COMPLETED_FLAG,NOTIFIED_BY,ON_STREET_ROAD_HIGHWAY,STREET_ADDRESS_NUMBER,LATITUDE,LONGITUDE,FEET_FROM_INTERSECTION,DIRECTION_FROM_INTERSECTION,FROM_INTERSECTION_OF,MILEPOST_NUMBER,ROAD_SYSTEM_IDENTIFER,TYPE_OF_SHOULDER,TYPE_OF_INTERSECTION,PHOTOS_TAKEN,LIGHT_CONDITION,WEATHER_CONDITION,ROAD_SURFACE_CONDITION,SCHOOL_BUS_RELATED_CODE,TYPE_OF_IMPACT,FIRST_HARMFUL_EVENT,LOCATION,INTERCHANGE_FLAG,JUNCTION_FLAG,ROAD_CIRCUMSTANCES_1,ROAD_CIRCUMSTANCES_2,ROAD_CIRCUMSTANCES_3,ENVIRONMENT_CIRCUMSTANCES_1,ENVIRONMENT_CIRCUMSTANCES_2,ENVIRONMENT_CIRCUMSTANCES_3,WORK_ZONE_RELATED_FLAG,CRASH_IN_WORK_ZONE,TYPE_OF_WORK_ZONE,WORKERS_PRESENT,LAW_ENFORCEMENT_PRESENT,INVESTIGATOR_RANK,INVESTIGATING_AGENCY_NAME,INVESTIGATING_AGENCY_TYPE,LOAD_DATE,UPDATE_DATE,DAYS_TO_LOAD,CODEABLE,S4_CRASH_TYPE,S4_CRASH_TYPE_SIMPLIFIED,S4_CRASH_SEVERITY,S4_CRASH_SEVERITY_DETAIL,S4_DAY_OR_NIGHT,S4_IS_AGGRESSIVE_DRIVING,S4_IS_ALCOHOL_RELATED,S4_IS_CMV_INVOLVED,S4_IS_DISTRACTED,S4_IS_DRUG_RELATED,S4_IS_HIT_AND_RUN,S4_IS_INTERSECTION_RELATED,S4_IS_LANE_DEPARTURE_RELATED,S4_IS_SPEEDING_RELATED,S4_NONE_INJURY_COUNT,S4_INJURY_COUNT,S4_POSSIBLE_INJURY_COUNT,S4_NON_INCAPACITATING_INJURY_COUNT,S4_INCAPACITATING_INJURY_COUNT,S4_FATALITY_COUNT,S4_FATALITY_WITHIN_30_DAYS_COUNT,S4_NON_TRAFFIC_FATALITY_COUNT,S4_TRAILER_COUNT,S4_MOTORCYCLE_COUNT,S4_MOPED_COUNT,S4_NON_MOTORIST_COUNT,S4_BICYCLIST_COUNT,S4_PEDESTRIAN_COUNT,S4_DRIVER_COUNT,S4_AGING_DRIVER_COUNT,S4_TEENAGER_DRIVER_COUNT,S4_PASSENGER_COUNT,S4_UNRESTRAINED_COUNT,S4_UNRESTRAINED_INJURY_COUNT,S4_UNRESTRAINED_INCAPACITATING_INJURY_COUNT,S4_UNRESTRAINED_FATALITY_COUNT,S4_MOTORCYCLIST_COUNT,S4_MOTORCYCLIST_INCAPACITATING_INJURY_COUNT,S4_MOTORCYCLIST_FATALITY_COUNT,S4_IS_PEDESTRIAN_INVOLVED,S4_PEDESTRIAN_INCAPACITATING_INJURY_COUNT,S4_PEDESTRIAN_FATALITY_COUNT,S4_IS_BICYCLIST_INVOLVED,S4_BICYCLIST_INCAPACITATING_INJURY_COUNT,S4_BICYCLIST_FATALITY_COUNT,S4_CITATION_COUNT,S4_CITATION_AMOUNT,S4_PROPERTY_DAMAGE_COUNT,S4_PROPERTY_DAMAGE_AMOUNT,S4_VEHICLE_DAMAGE_COUNT,S4_VEHICLE_DAMAGE_AMOUNT,S4_TOTAL_DAMAGE_AMOUNT,S4_TRANSPORT_BY_EMS_COUNT,S4_TRANSPORT_BY_LAW_ENFORCEMENT_COUNT,S4_TRANSPORT_BY_OTHER_COUNT,S4_GEOLOCATION_STATUS,S4_PRELIMINARY_GEOLOCATION_STATUS,S4_X,S4_Y,S4_LATITUDE,S4_LONGITUDE
25121817,2023,23-JAN-2023 04:30 PM,23-JAN-2023 12:00 AM,2023-003008,L,1,2,4,64,Pinellas,St. Petersburg,Urban,1/23/2023 4:34:00 PM,1/23/2023 4:34:00 PM,1/23/2023 4:34:00 PM,1/23/2023 5:00:00 PM,Y,Law Enforcement,23RD AVE N,,27.792834,-82.6713,0,,28TH ST N,,Local,Paved,Not at Intersection,N,Daylight,Clear,Dry,N,,Pedalcycle,On Roadway,N,Non-Junction,None,,,None,,,N,,,,,OFC,St. Petersburg Police Department,Police Department (PD),1/31/2023 2:57:00 PM,3/8/2023 3:04:00 PM,8,Y,Bicycle,Bicycle,Injury,Possible Injury,DAY,N,N,N,N,N,N,N,N,N,1,1,1,0,0,0,0,0,0,0,0,1,1,0,1,1,0,0,0,0,0,0,0,0,0,N,0,0,Y,0,0,0,0,0,0,0,0,0,1,0,0,Preliminary,Editor Mapped,335353.0346,3075372.5597,27.7928233992194,-82.6712394028078
25121990,2023,31-JAN-2023 04:30 PM,31-JAN-2023 12:00 AM,2023-004070,L,1,2,4,64,Pinellas,St. Petersburg,Urban,1/31/2023 4:35:00 PM,1/31/2023 4:35:00 PM,1/31/2023 4:39:00 PM,1/31/2023 5:56:00 PM,Y,Law Enforcement,36TH AVE N,,27.804842,-82.642687,0,,7TH ST N,,Local,Paved,Four-Way Intersection,Y,Daylight,Clear,Dry,N,,Pedalcycle,On Roadway,N,Intersection,None,,,None,,,N,,,,,OFFICER,St. Petersburg Police Department,Police Department (PD),2/9/2023 2:22:00 PM,3/8/2023 3:04:00 PM,9,Y,Bicycle,Bicycle,Injury,Non-Incapacitating Injury,DAY,N,N,N,N,N,N,Y,N,N,1,1,0,1,0,0,0,0,0,0,0,1,1,0,1,0,0,0,0,0,0,0,0,0,0,N,0,0,Y,0,0,1,0,0,0,1,5000,5000,1,0,0,Preliminary,Editor Mapped,338185.0024,3076665.5175,27.8048355143874,-82.6426788546911
25122682,2023,28-FEB-2023 07:26 PM,28-FEB-2023 12:00 AM,2023-008007,L,1,2,4,64,Pinellas,St. Petersburg,Urban,2/28/2023 7:26:00 PM,2/28/2023 7:30:00 PM,2/28/2023 7:33:00 PM,2/28/2023 8:00:00 PM,Y,Law Enforcement,9TH ST S,,27.755116,-82.646567,,South,15TH AVE S,,Local,Paved,Not at Intersection,N,Dark - Lighted,Clear,Dry,N,,Pedestrian,On Roadway,N,Non-Junction,None,,,None,,,N,,,,,OFFICER,St. Petersburg Police Department,Police Department (PD),3/11/2023 2:20:00 PM,3/11/2023 2:20:00 PM,11,Y,Pedestrian,Pedestrian,Injury,Non-Incapacitating Injury,NIGHT,N,N,N,N,N,N,N,N,N,1,1,0,1,0,0,0,0,0,0,0,1,1,0,1,0,0,0,0,0,0,0,0,0,0,N,0,0,Y,0,0,1,0,0,0,0,0,0,1,0,0,Preliminary,Editor Mapped,337735.8641,3071195.0961,27.755417007049,-82.6464930391017
25159179,2023,16-APR-2023 05:27 PM,16-APR-2023 12:00 AM,2023-00010986,L,1,2,42,62,Martin,Stuart,Urban,4/16/2023 5:27:00 PM,4/16/2023 5:27:00 PM,4/16/2023 5:35:00 PM,4/16/2023 6:30:00 PM,Y,Law Enforcement,NW FEDERAL HWY,,27.22328,-80.263768,,North,NW BAKER RD,,U.S.,Paved,T-Intersection,N,Daylight,Clear,Dry,N,,Pedalcycle,On Roadway,N,Other,None,,,None,,,N,,,,,OFFICER,Stuart Police Department,Police Department (PD),4/25/2023 3:37:00 PM,4/25/2023 3:37:00 PM,9,Y,Bicycle,Bicycle,Injury,Non-Incapacitating Injury,DAY,N,N,N,N,N,N,N,N,N,1,1,0,1,0,0,0,0,0,0,0,1,1,0,1,1,0,0,0,0,0,0,0,0,0,N,0,0,Y,0,0,0,0,0,0,1,500,500,1,0,0,Preliminary,Editor Mapped,572907.9793,3011384.6394,27.2233195424844,-80.2637048358345
25183273,2023,09-MAY-2023 06:01 AM,09-MAY-2023 12:00 AM,23-018426,L,1,2,6,34,Palm Beach,Boynton Beach,Urban,5/9/2023 6:03:00 AM,5/9/2023 6:04:00 AM,5/9/2023 6:04:00 AM,5/9/2023 6:31:00 AM,Y,Law Enforcement,W GATEWAY BLVD,,26.550753,-80.070429,0,,SR-9 RAMP,,Local,Paved,Four-Way Intersection,N,Dawn,Clear,Dry,N,,Pedalcycle,Outside Right-of-way,Y,Entrance/Exit Ramp,None,,,None,,,N,,,,,OFC.,Boynton Beach Police Department,Police Department (PD),5/16/2023 2:59:00 PM,5/16/2023 2:59:00 PM,7,Y,Bicycle,Bicycle,Injury,Possible Injury,NIGHT,N,N,N,N,N,Y,N,N,N,1,1,1,0,0,0,0,0,0,0,0,1,1,0,1,0,0,0,0,0,0,0,0,0,0,N,0,0,Y,0,0,0,0,1,800,0,0,800,0,0,0,Preliminary,Editor Mapped,592588.0982,2937014.8527,26.5507579046417,-80.0704850046343
25183279,2023,09-MAY-2023 11:30 AM,09-MAY-2023 12:00 AM,23-018479,S,1,2,6,34,Palm Beach,Boynton Beach,Urban,5/9/2023 11:30:00 AM,5/9/2023 11:30:00 AM,5/9/2023 11:42:00 AM,5/9/2023 12:15:00 PM,Y,Law Enforcement,N CR 807,,26.538204,-80.090794,229,North,OLD BOYNTON RD,,County,Paved,Not at Intersection,N,Daylight,Clear,Dry,N,,Pedalcycle,On Roadway,N,Through Roadway,None,,,None,,,N,,,,,PSA,Boynton Beach Police Department,Police Department (PD),5/11/2023 3:27:00 PM,5/11/2023 3:27:00 PM,2,N,Bicycle,Bicycle,No Injury,No Injury,DAY,N,N,N,N,N,N,N,N,N,2,0,0,0,0,0,0,0,0,0,0,1,1,0,1,1,0,0,0,0,0,0,0,0,0,N,0,0,Y,0,0,0,0,0,0,1,2000,2000,0,0,0,Preliminary,Officer Mapped,590575.1454,2935609.2995,26.5381988840353,-80.0907915400429
25184356,2023,18-SEP-2023 08:44 PM,18-SEP-2023 12:00 AM,23-046071,L,1,2,6,34,Palm Beach,Boynton Beach,Urban,9/18/2023 8:44:00 PM,9/18/2023 8:45:00 PM,9/18/2023 8:52:00 PM,9/18/2023 9:17:00 PM,Y,Law Enforcement,MINER RD,,26.557874,-80.075299,0,West,HIGH RIDGE RD,,Local,Curb,Not at Intersection,N,Dark - Lighted,Rain,Wet,N,,Pedestrian,On Roadway,N,Intersection-Related,None,,,None,,,N,,,,,PSA,Boynton Beach Police Department,Police Department (PD),9/20/2023 7:54:00 PM,9/20/2023 7:54:00 PM,2,Y,Pedestrian,Pedestrian,Injury,Possible Injury,NIGHT,N,N,N,N,N,N,Y,N,N,1,1,1,0,0,0,0,0,0,0,0,1,1,0,1,0,0,0,0,0,0,0,0,0,0,N,0,0,Y,0,0,1,0,1,1000,1,2000,3000,0,0,0,Preliminary,Editor Mapped,592103.3132,2937799.4093,26.5578725251634,-80.0752945453754
25184572,2023,15-OCT-2023 07:24 PM,15-OCT-2023 12:00 AM,23-051782,L,1,2,6,34,Palm Beach,Boynton Beach,Urban,10/15/2023 7:25:00 PM,10/15/2023 7:25:00 PM,10/15/2023 7:30:00 PM,10/15/2023 8:00:00 PM,Y,Law Enforcement,N CONGRESS AVE,,26.528946,-80.090342,,,OLD BOYNTON RD,,County,Curb,Not at Intersection,N,Dark - Lighted,Clear,Dry,N,,Pedalcycle,In Parking Lane or Zone,N,Through Roadway,None,,,None,,,N,,,,,OFC,Boynton Beach Police Department,Police Department (PD),10/19/2023 7:25:00 PM,10/19/2023 7:25:00 PM,4,Y,Bicycle,Bicycle,Injury,Possible Injury,NIGHT,N,N,N,N,N,N,N,N,N,1,1,1,0,0,0,0,0,0,0,0,1,1,0,1,0,0,0,0,0,0,0,0,0,0,N,0,0,Y,0,0,1,0,0,0,1,500,500,0,0,0,Preliminary,Editor Mapped,590628.1949,2934584.4187,26.5289428152207,-80.090332039803
25184973,2023,31-JAN-2023 07:55 AM,31-JAN-2023 12:00 AM,TS23-2877,L,1,2,4,68,Pinellas,Tarpon Springs,Urban,1/31/2023 7:57:00 AM,1/31/2023 7:57:00 AM,1/31/2023 7:57:00 AM,1/31/2023 8:55:00 AM,Y,Law Enforcement,ANCLOTE RD,,28.16001,-82.756933,46,West,N PINELLAS AVE,,U.S.,Paved,Four-Way Intersection,Y,Daylight,"Fog, Smog, Smoke",Dry,N,,Pedalcycle,On Roadway,N,Intersection-Related,None,,,None,,,N,,,,,OFC,Tarpon Springs Police Department,Police Department (PD),2/7/2023 2:38:00 PM,3/10/2023 3:06:00 PM,7,Y,Bicycle,Bicycle,Serious Injury,Incapacitating Injury,DAY,N,N,N,Y,N,N,Y,N,N,1,1,0,0,1,0,0,0,0,0,0,1,1,0,1,0,0,0,0,0,0,0,0,0,0,N,0,0,Y,1,0,0,0,0,0,0,0,0,1,0,0,Preliminary,Editor Mapped,327490.4085,3116179.5624,28.1600400729236,-82.7569767570882
25185306,2023,13-FEB-2023 11:28 AM,13-FEB-2023 12:00 AM,230193,L,1,2,11,34,Alachua,Gainesville,Urban,2/13/2023 11:30:00 AM,2/13/2023 11:30:00 AM,2/13/2023 11:40:00 AM,2/13/2023 12:02:00 PM,Y,Law Enforcement,NEWELL DR,651,,,6,South,,,Local,Paved,T-Intersection,N,Daylight,Clear,Dry,N,Other,Other Non-Fixed Object,On Roadway,,Intersection,Work Zone,,,None,,,Y,,,,,SERGEANT,University of Florida Police Department,Police Department (PD),7/20/2023 2:53:00 PM,7/20/2023 2:53:00 PM,157,Y,Single Vehicle,Other,Injury,Non-Incapacitating Injury,DAY,N,N,Y,N,N,N,Y,N,N,1,1,0,1,0,0,0,0,0,0,0,1,1,0,1,0,0,0,0,0,0,0,0,0,0,N,0,0,Y,0,0,0,0,0,0,1,1000,1000,1,0,0,Preliminary,Editor Mapped,369957.6441,3280374.5434,29.6465409787762,-82.3435210170258
25193422,2023,19-APR-2023 10:40 AM,19-APR-2023 12:00 AM,23037351,L,1,2,10,34,Broward,Davie,Urban,4/19/2023 10:40:00 AM,4/19/2023 10:40:00 AM,4/19/2023 10:51:00 AM,4/19/2023 10:51:00 AM,Y,Law Enforcement,12500 SR84 EB,12500,,,0,,,,State,Curb,Not at Intersection,Y,Daylight,Clear,Dry,N,Front to Rear,Motor Vehicle in Transport,On Roadway,N,Non-Junction,None,,,None,,,N,,,,,COMMUNITY SERVICE AIDE,Davie Police Department,Police Department (PD),4/20/2023 3:36:00 PM,4/20/2023 3:36:00 PM,1,N,Single Vehicle,Other,No Injury,No Injury,DAY,N,N,N,N,N,N,N,N,N,2,0,0,0,0,0,0,0,0,0,0,1,1,0,1,0,0,0,0,0,0,0,0,0,0,N,0,0,Y,0,0,0,0,0,0,1,500,500,0,0,0,Preliminary,Editor Mapped,568464.7623,2888524.9006,26.1143259174533,-80.3152295874087
25232291,2023,04-JAN-2023 05:49 PM,04-JAN-2023 12:00 AM,PD230104004334,L,1,2,1,0,Miami-Dade,Unincorporated,Urban,1/4/2023 5:50:00 PM,1/4/2023 5:52:00 PM,1/4/2023 5:56:00 PM,1/4/2023 6:40:00 PM,Y,Law Enforcement,NW 83RD ST,,,,0,,NW 14TH PL,,County,Paved,Not at Intersection,,Daylight,Clear,Dry,N,Angle,Pedalcycle,On Roadway,N,Non-Junction,None,None,None,None,None,None,N,,,,,OFC.,Miami-Dade Police Department,Police Department (PD),1/12/2023 2:54:00 PM,1/12/2023 2:54:00 PM,8,N,Bicycle,Bicycle,No Injury,No Injury,DAY,N,N,N,N,N,N,N,N,N,2,0,0,0,0,0,0,0,0,0,0,1,1,0,1,0,0,0,0,0,0,0,0,0,0,N,0,0,Y,0,0,1,0,1,100,1,100,200,0,0,0,Preliminary,Editor Mapped,577881.4658,2859336.8389,25.8503074863649,-80.222787018053
25237724,2023,01-FEB-2023 07:55 AM,01-FEB-2023 12:00 AM,PD230201037155,L,1,3,1,0,Miami-Dade,Unincorporated,Rural,2/1/2023 7:55:00 AM,2/1/2023 8:07:00 AM,2/1/2023 8:07:00 AM,2/1/2023 9:00:00 AM,Y,Law Enforcement,NW 103RD ST,,,,0,,NW 35TH AVE,,County,Paved,Not at Intersection,,Daylight,Clear,Dry,N,,Motor Vehicle in Transport,On Roadway,N,Non-Junction,None,,,None,,,N,,,,,,Miami-Dade Police Department,Police Department (PD),2/16/2023 6:53:00 PM,2/16/2023 6:53:00 PM,15,Y,Single Vehicle,Other,Injury,Possible Injury,DAY,N,N,N,N,N,N,N,N,N,1,2,2,0,0,0,0,0,0,0,0,2,2,0,1,0,0,0,0,0,0,0,0,0,0,N,0,0,Y,0,0,0,0,4,20,1,10,30,0,0,0,Preliminary,Editor Mapped,574660.2792,2861223.0944,25.8675074746401,-80.2548236489947
25238388,2023,10-FEB-2023 12:30 PM,10-FEB-2023 12:00 AM,PD230210048545,L,1,2,1,36,Miami-Dade,Coconut Grove,Urban,2/10/2023 12:33:00 PM,2/10/2023 12:49:00 PM,2/10/2023 12:52:00 PM,2/10/2023 1:40:00 PM,Y,Law Enforcement,S  DIXIE HWY,,,,608,South,BROAD CHANNEL DR,,Local,Paved,Not at Intersection,,Daylight,Clear,Dry,N,Other,Motor Vehicle in Transport,On Roadway,N,Non-Junction,None,,,None,,,N,,,,,OFC.,Miami-Dade Police Department,Police Department (PD),2/22/2023 5:05:00 PM,2/22/2023 5:05:00 PM,12,Y,Single Vehicle,Other,Injury,Non-Incapacitating Injury,DAY,N,N,N,N,N,N,N,N,N,1,1,0,1,0,0,0,0,0,0,0,1,1,0,1,0,0,0,0,0,0,0,0,0,0,N,0,0,Y,0,0,1,0,2,100,1,50,150,0,0,0,Preliminary,Editor Mapped,564522.333,2830604.7959,25.5915198964958,-80.3574916546283
25238631,2023,10-FEB-2023 02:06 PM,10-FEB-2023 12:00 AM,PD230210048655,L,1,2,1,0,Miami-Dade,Unincorporated,Rural,2/10/2023 2:08:00 PM,2/10/2023 2:11:00 PM,2/10/2023 2:24:00 PM,2/10/2023 3:21:00 PM,Y,Law Enforcement,NE 166TH ST,,,,0,,NE 5TH AVE,,County,Paved,Four-Way Intersection,,Daylight,Clear,Dry,N,Other,Pedalcycle,On Roadway,N,Non-Junction,None,,,None,,,N,,,,,OFC.,Miami-Dade Police Department,Police Department (PD),2/24/2023 2:18:00 PM,2/24/2023 2:18:00 PM,14,Y,Bicycle,Bicycle,Injury,Non-Incapacitating Injury,DAY,N,N,N,N,N,N,N,N,N,1,1,0,1,0,0,0,0,0,0,0,1,1,0,1,0,0,0,0,0,0,0,0,0,0,N,0,0,Y,0,0,0,0,0,0,1,300,300,1,0,0,Preliminary,Editor Mapped,581090.2907,2867935.4146,25.9277699309537,-80.1902377454101
25239051,2023,21-FEB-2023 02:08 PM,21-FEB-2023 12:00 AM,PD230221062112,L,1,2,1,0,Miami-Dade,Unincorporated,Rural,2/21/2023 2:08:00 PM,2/21/2023 2:08:00 PM,2/21/2023 3:10:00 PM,2/21/2023 3:24:00 PM,N,Law Enforcement,BIRD RD,8690,,,,,,,Parking Lot,Paved,Not at Intersection,,Daylight,Clear,Dry,N,Rear to Side,Pedalcycle,In Parking Lane or Zone,N,Non-Junction,None,,,None,,,N,,,,,OFC.,Miami-Dade Police Department,Police Department (PD),3/12/2023 2:14:00 PM,3/12/2023 2:14:00 PM,19,N,Bicycle,Bicycle,No Injury,No Injury,DAY,N,N,N,N,N,N,N,N,N,2,0,0,0,0,0,0,0,0,0,0,1,1,0,1,1,0,0,0,0,0,0,0,0,0,N,0,0,Y,0,0,0,0,1,0,0,0,0,0,0,0,Preliminary,Editor Mapped,566651.4836,2846156.9931,25.7318564706429,-80.335513058446
25241542,2023,01-MAR-2023 06:33 AM,01-MAR-2023 12:00 AM,PD230301071410,L,1,2,1,0,Miami-Dade,Unincorporated,Rural,3/1/2023 6:33:00 AM,3/1/2023 6:35:00 AM,3/1/2023 6:44:00 AM,3/1/2023 7:55:00 AM,,Law Enforcement,NW 23RD AVE,,,,0,,NW 63RD ST,,County,Paved,Four-Way Intersection,,Dawn,Clear,Dry,N,Angle,Motor Vehicle in Transport,On Roadway,N,Non-Junction,None,,,None,,,N,,,,,PSA.,Miami-Dade Police Department,Police Department (PD),3/9/2023 2:49:00 PM,3/9/2023 2:49:00 PM,8,N,Single Vehicle,Other,No Injury,No Injury,NIGHT,N,N,N,N,N,N,N,N,N,2,0,0,0,0,0,0,0,0,0,0,1,1,0,1,1,0,0,0,0,0,0,0,0,0,N,0,0,Y,0,0,0,0,1,600,1,1000,1600,0,0,0,Preliminary,Editor Mapped,576660.5064,2857337.8254,25.8323225907377,-80.2350867151086
25242637,2023,20-MAR-2023 03:21 PM,20-MAR-2023 12:00 AM,PD230320094963,L,1,2,1,0,Miami-Dade,Unincorporated,Urban,3/20/2023 3:21:00 PM,3/20/2023 3:22:00 PM,3/20/2023 3:30:00 PM,3/20/2023 5:00:00 PM,Y,Law Enforcement,W  DIXIE HWY,,,,0,,NE 151ST ST,,County,Paved,Four-Way Intersection,,Daylight,Clear,Dry,N,Other,Motor Vehicle in Transport,On Roadway,N,Non-Junction,None,,,None,,,N,,,,,OFC.,Miami-Dade Police Department,Police Department (PD),3/29/2023 2:48:00 PM,3/29/2023 2:48:00 PM,9,N,Single Vehicle,Other,No Injury,No Injury,DAY,N,N,N,N,N,N,N,N,N,2,0,0,0,0,0,0,0,0,0,0,1,1,0,1,0,0,0,0,0,0,0,0,0,0,N,0,0,Y,0,0,0,0,0,0,0,0,0,0,0,0,Preliminary,Editor Mapped,583781.4141,2866510.8995,25.9147553430308,-80.1634574010099
25243386,2023,21-MAR-2023 06:40 AM,21-MAR-2023 12:00 AM,PD230321095627,L,1,2,1,0,Miami-Dade,Unincorporated,Rural,3/21/2023 7:05:00 AM,3/21/2023 7:09:00 AM,3/21/2023 7:15:00 AM,3/21/2023 8:48:00 AM,Y,Law Enforcement,MIAMI GARDENS DR,,,,0,,W  OAKMONT DR,,County,Unpaved,Four-Way Intersection,,Dawn,Cloudy,Dry,N,Angle,Pedalcycle,On Roadway,N,Non-Junction,None,,,None,,,N,,,,,OFC.,Miami-Dade Police Department,Police Department (PD),3/29/2023 2:49:00 PM,3/29/2023 2:49:00 PM,8,Y,Bicycle,Bicycle,Injury,Possible Injury,NIGHT,N,N,N,N,N,N,N,N,N,1,1,1,0,0,0,0,0,0,0,0,1,1,0,1,0,0,0,0,0,0,0,0,0,0,N,0,0,Y,0,0,0,0,2,600,1,200,800,1,0,0,Preliminary,Editor Mapped,567700.7173,2869480.3729,25.9424052923868,-80.3238573561501
25245193,2023,30-MAR-2023 08:10 AM,30-MAR-2023 12:00 AM,PD230330106273,L,1,6,1,0,Miami-Dade,Unincorporated,Rural,3/30/2023 8:13:00 AM,3/30/2023 8:16:00 AM,3/30/2023 8:25:00 AM,3/30/2023 12:07:00 PM,,Law Enforcement,SW 142ND AVE,,,,0,,KENDALE LAKES BLVD,,County,Paved,Four-Way Intersection,,Daylight,Clear,Dry,Y,Angle,Pedalcycle,On Roadway,N,Non-Junction,None,,,None,,,N,,,,,OFC.,Miami-Dade Police Department,Police Department (PD),4/20/2023 3:35:00 PM,4/20/2023 3:35:00 PM,21,Y,Bicycle,Bicycle,Fatality,Fatal (within 30 days),DAY,N,N,N,N,N,N,N,N,N,5,0,0,0,0,1,1,0,0,0,0,1,1,0,1,1,0,4,0,0,0,0,0,0,0,N,0,0,Y,0,1,0,0,0,0,1,200,200,1,0,0,Verified,n/a,557741.3889,2841648.9859,25.6915282864971,-80.424534908326
25245600,2023,03-APR-2023 06:09 PM,03-APR-2023 12:00 AM,PD230403112000,L,1,2,1,0,Miami-Dade,Unincorporated,Rural,4/3/2023 6:09:00 PM,4/3/2023 6:10:00 PM,4/3/2023 6:11:00 PM,4/3/2023 7:00:00 PM,Y,Law Enforcement,NW 27TH AVE,,,,0,,NW 47TH ST,,County,Paved,Four-Way Intersection,,Daylight,Clear,Dry,N,Front to Front,Motor Vehicle in Transport,On Roadway,N,Non-Junction,None,None,,None,None,,N,,,,,OFC.,Miami-Dade Police Department,Police Department (PD),5/4/2023 3:30:00 PM,5/4/2023 3:30:00 PM,31,Y,Single Vehicle,Other,Injury,Non-Incapacitating Injury,DAY,Y,N,N,N,N,N,N,Y,N,1,1,0,1,0,0,0,0,0,0,0,1,1,0,1,0,0,0,0,0,0,0,0,0,0,N,0,0,Y,0,0,1,0,2,1000,1,1000,2000,1,0,0,Preliminary,Editor Mapped,576114.9994,2855685.9966,25.8174363148691,-80.2406245224877
25245721,2023,12-APR-2023 04:25 PM,12-APR-2023 12:00 AM,PD230412122493,L,1,2,1,0,Miami-Dade,Unincorporated,Rural,4/12/2023 4:34:00 PM,4/12/2023 4:35:00 PM,4/12/2023 4:39:00 PM,4/12/2023 5:15:00 PM,,Law Enforcement,NE 117TH ST,,,,2,North,NE 14TH AVE,,County,Paved,Not at Intersection,,Daylight,Rain,Wet,N,Angle,Motor Vehicle in Transport,On Roadway,N,Non-Junction,None,None,None,None,None,None,N,,,,,OFC.,Miami-Dade Police Department,Police Department (PD),4/20/2023 3:35:00 PM,4/20/2023 3:35:00 PM,8,Y,Single Vehicle,Other,No Injury,No Injury,DAY,N,N,N,N,N,Y,N,N,N,2,0,0,0,0,0,0,0,0,0,0,1,1,0,1,0,0,0,0,0,0,0,0,0,0,N,0,0,Y,0,0,0,0,0,0,0,0,0,0,0,0,Preliminary,Editor Mapped,583146.6465,2863013.7315,25.8832157258284,-80.1700158475233
25250318,2023,11-JAN-2023 03:00 PM,11-JAN-2023 12:00 AM,2023TA000443,L,1,2,17,0,Seminole,Unincorporated,Rural,1/11/2023 3:03:00 PM,1/11/2023 3:03:00 PM,1/11/2023 3:03:00 PM,1/11/2023 3:50:00 PM,Y,Law Enforcement,LAKE PARK DR,,28.735012,-81.341712,123,North,GREEN WAY BLVD,,Local,Curb,Not at Intersection,N,Daylight,Clear,Dry,N,,Pedalcycle,On Roadway,N,Non-Junction,None,,,None,,,N,,,,,D/S,Seminole County Sheriff's Office,Sheriff's Office (SO),1/13/2023 2:56:00 PM,5/16/2023 2:59:00 PM,2,Y,Bicycle,Bicycle,Injury,Non-Incapacitating Injury,DAY,N,N,N,N,N,N,N,N,N,1,1,0,1,0,0,0,0,0,0,0,1,1,0,1,0,0,0,0,0,0,0,0,0,0,N,0,0,Y,0,0,0,0,0,0,1,4000,4000,0,0,0,Preliminary,Editor Mapped,466628.3469,3178675.2076,28.7350080652659,-81.3417559126743
25261473,2023,14-FEB-2023 01:45 PM,14-FEB-2023 12:00 AM,2302-00011013,L,1,2,19,54,Brevard,Titusville,Urban,2/14/2023 1:45:00 PM,2/14/2023 1:45:00 PM,2/14/2023 1:47:00 PM,2/14/2023 2:35:00 PM,Y,Law Enforcement,SOUTH HOPKINS AVE,2760,,,0,,,,Local,Curb,Not at Intersection,,Daylight,Clear,Dry,N,Front to Front,Pedalcycle,Off Roadway,N,Shared-Use Path or Trail,None,,,None,,,N,,,,,Off.,Titusville Police Department,Police Department (PD),2/26/2023 2:25:00 PM,2/26/2023 2:25:00 PM,12,N,Bicycle,Bicycle,No Injury,No Injury,DAY,N,N,N,N,N,N,N,Y,N,2,0,0,0,0,0,0,0,0,0,0,1,1,0,1,1,0,0,0,0,0,0,0,0,0,N,0,0,Y,0,0,0,0,2,400,1,200,600,0,0,0,Preliminary,Editor Mapped,518998.6596,3161910.1213,28.5839720713227,-80.805714798406
25310491,2023,03-JAN-2023 05:59 PM,03-JAN-2023 12:00 AM,230000127,L,1,2,8,30,Volusia,Daytona Beach,Urban,1/3/2023 5:59:00 PM,1/3/2023 6:01:00 PM,1/3/2023 6:04:00 PM,1/3/2023 7:01:00 PM,Y,Law Enforcement,BEVILLE RD,,29.167787,-81.046796,162,East,FOREST LAKE BLVD,,State,Unpaved,Not at Intersection,N,Dusk,Clear,Dry,N,,Pedalcycle,On Roadway,N,Non-Junction,None,,,None,,,N,,,,,OFFICER,Daytona Beach Police Department,Police Department (PD),1/12/2023 2:55:00 PM,1/12/2023 2:55:00 PM,9,Y,Bicycle,Bicycle,Serious Injury,Incapacitating Injury,DAY,N,N,N,N,N,N,N,N,N,1,1,0,0,1,0,0,0,0,0,0,1,1,0,1,0,0,0,0,0,0,0,0,0,0,N,0,0,Y,1,0,1,0,0,0,1,1000,1000,0,0,0,Preliminary,Editor Mapped,495451.3088,3226572.4393,29.1677538211724,-81.046776898139
25317731,2023,24-MAY-2023 03:10 PM,24-MAY-2023 03:13 PM,PPD23OFF003999,S,1,2,9,50,Escambia,Pensacola,Urban,5/24/2023 4:30:00 PM,5/24/2023 4:51:00 PM,5/24/2023 5:24:00 PM,5/24/2023 7:14:00 PM,N,Law Enforcement,SCHWAB DRIVE,,30.50119,-87.20056,148,North,UNIVERSITY HEIGHTS CIRCLE,,Local,Curb,Not at Intersection,N,Daylight,Clear,Dry,N,Front to Rear,Pedalcycle,On Roadway,N,Non-Junction,None,,,None,,,N,,,,,OFFICER,Pensacola Police Department,Police Department (PD),5/26/2023 2:52:00 PM,5/26/2023 2:52:00 PM,2,N,Bicycle,Bicycle,No Injury,No Injury,DAY,N,N,N,N,N,N,N,N,N,2,0,0,0,0,0,0,0,0,0,0,1,1,0,1,0,0,0,0,0,0,0,0,0,0,N,0,0,Y,0,0,0,0,0,0,1,1,1,0,0,0,Preliminary,Computer plot approximate by lat/long,-95568.2264999999,3390719.5875,30.5011843817919,-87.2005555538066
25332559,2023,04-MAY-2023 06:05 PM,04-MAY-2023 06:35 PM,266091,L,1,2,2,38,Duval,Jacksonville,Urban,5/4/2023 6:05:00 PM,5/4/2023 6:06:00 PM,5/4/2023 6:08:00 PM,5/4/2023 6:30:00 PM,Y,Law Enforcement,EDGEWOOD AVE N,,30.3364180912418,-81.7310090576603,0,,COMMONWEALTH AVE,,State,Curb,Four-Way Intersection,N,Daylight,Clear,Dry,N,Angle,Pedestrian,On Roadway,N,Intersection,None,,,None,,,N,,,,,CSO,Jacksonville Sheriff's Office,Sheriff's Office (SO),5/10/2023 3:27:00 PM,5/10/2023 3:27:00 PM,6,Y,Pedestrian,Pedestrian,Injury,Non-Incapacitating Injury,DAY,N,N,N,N,N,N,Y,N,N,1,1,0,1,0,0,0,0,1,0,0,1,1,0,1,0,0,0,0,0,0,0,0,0,0,N,0,0,Y,0,0,0,0,0,0,1,500,500,1,0,0,Preliminary,Editor Mapped,429746.2697,3356283.2854,30.3363531306595,-81.7308803729516
25343186,2023,12-FEB-2023 04:21 PM,12-FEB-2023 12:00 AM,292302002235,L,1,2,10,52,Broward,Lauderhill,Urban,2/12/2023 4:21:00 PM,2/12/2023 4:21:00 PM,2/12/2023 4:24:00 PM,2/12/2023 6:32:00 PM,Y,Motorist,NW 25TH ST,5594,,,3,East,,,Parking Lot,Paved,Not at Intersection,N,Daylight,Clear,Dry,N,Front to Front,Pedalcycle,In Parking Lane or Zone,N,Non-Junction,None,,,None,,,N,,,,,,Lauderhill Police Department,Police Department (PD),2/16/2023 6:54:00 PM,2/16/2023 6:54:00 PM,4,Y,Bicycle,Bicycle,Injury,Possible Injury,DAY,N,N,N,N,N,N,N,Y,N,1,1,1,0,0,0,0,0,0,0,0,1,1,0,1,0,0,0,0,0,0,0,0,0,0,N,0,0,Y,0,0,2,0,0,0,1,500,500,1,0,0,Preliminary,Editor Mapped,577265.5655,2893501.752,26.1588163303052,-80.2269159447184
25347893,2023,05-FEB-2023 01:03 PM,05-FEB-2023 12:00 AM,202303128,L,1,4,24,50,St. Lucie,Port St. Lucie,Urban,2/5/2023 1:03:00 PM,2/5/2023 1:05:00 PM,2/5/2023 1:16:00 PM,2/5/2023 2:02:00 PM,Y,Law Enforcement,SW MEETING ST,,,,0,,SW MEETING ST/ SW VILLAGE PKWY,,Local,Paved,Four-Way Intersection,N,Daylight,Rain,Wet,N,Angle,Pedalcycle,On Roadway,N,Intersection-Related,Road Surface Condition,,,Weather Conditions,,,N,,,,,POLICE OFFICER,Port St. Lucie Police Department,Police Department (PD),2/8/2023 2:25:00 PM,2/8/2023 2:25:00 PM,3,Y,Bicycle,Bicycle,Injury,Possible Injury,DAY,N,N,N,N,N,N,Y,N,N,3,1,1,0,0,0,0,0,0,0,0,1,1,0,1,0,0,2,0,0,0,0,0,0,0,N,0,0,Y,0,0,0,0,0,0,0,0,0,0,0,0,Preliminary,Editor Mapped,556409.7211,3016102.372,27.2666870048471,-80.4300955828353
25348518,2023,15-MAR-2023 09:02 AM,15-MAR-2023 12:00 AM,202306480,L,1,2,24,50,St. Lucie,Port St. Lucie,Urban,3/15/2023 9:02:00 AM,3/15/2023 9:03:00 AM,3/15/2023 9:15:00 AM,3/15/2023 10:24:00 AM,Y,Law Enforcement,SW PORT ST LUCIE BLVD,,,,0,,SW BECKER RD,,Local,Curb,Four-Way Intersection,N,Daylight,Cloudy,Dry,N,Other,Pedalcycle,On Roadway,N,Intersection-Related,None,,,None,,,N,,,,,CIVILIAN CRASH INVESTIGATOR,Port St. Lucie Police Department,Police Department (PD),3/17/2023 2:24:00 PM,3/17/2023 2:24:00 PM,2,Y,Bicycle,Bicycle,Injury,Possible Injury,DAY,N,N,N,N,N,N,Y,N,N,1,1,1,0,0,0,0,0,0,0,0,1,1,0,1,0,0,0,0,0,0,0,0,0,0,N,0,0,Y,0,0,0,0,0,0,1,900,900,1,0,0,Preliminary,Editor Mapped,562194.9622,3009811.0061,27.2096399519236,-80.3719691832505
25355639,2023,30-JUL-2023 02:27 PM,30-JUL-2023 12:00 AM,2023TA008813,L,1,3,17,44,Seminole,Oviedo,Urban,7/30/2023 2:27:00 PM,7/30/2023 2:29:00 PM,7/30/2023 2:32:00 PM,7/30/2023 3:30:00 PM,Y,Law Enforcement,S CENTRAL AVE,,28.669942,-81.208502,125,South,E BROADWAY ST,,State,Curb,Not at Intersection,N,Daylight,Clear,Dry,N,,Pedalcycle,On Roadway,N,Non-Junction,None,,,None,,,N,,,,,OFC,Oviedo Police Department,Police Department (PD),7/31/2023 2:46:00 PM,7/31/2023 2:46:00 PM,1,Y,Bicycle,Bicycle,Injury,Non-Incapacitating Injury,DAY,N,N,N,N,N,N,N,N,N,2,1,0,1,0,0,0,0,0,0,0,1,1,0,1,0,0,1,0,0,0,0,0,0,0,N,0,0,Y,0,0,1,0,0,0,1,2500,2500,0,0,0,Preliminary,Editor Mapped,479627.7346,3171436.0001,28.66993569808,-81.2085018151849
25357828,2023,10-JAN-2023 02:02 PM,10-JAN-2023 12:00 AM,MP230002168,L,1,2,19,42,Brevard,Melbourne,Urban,1/10/2023 2:02:00 PM,1/10/2023 2:03:00 PM,1/10/2023 2:10:00 PM,1/10/2023 3:00:00 PM,Y,Law Enforcement,SARNO RD,,28.121451,-80.638799,0,,APOLLO BLVD N,,State,Curb,Four-Way Intersection,N,Daylight,Clear,Dry,N,,Pedalcycle,On Roadway,N,Intersection,None,,,None,,,N,,,,,OFFICER,Melbourne Police Department,Police Department (PD),1/18/2023 2:51:00 PM,3/2/2023 2:51:00 PM,8,Y,Bicycle,Bicycle,Injury,Possible Injury,DAY,N,N,N,N,N,Y,Y,N,N,0,1,1,0,0,0,0,0,0,0,0,1,1,0,1,0,0,0,0,0,0,0,0,0,0,N,0,0,Y,0,0,0,0,0,0,0,0,0,0,0,0,Preliminary,Editor Mapped,535503.1475,3110713.8185,28.121494229622,-80.6385064307389
25367428,2023,19-JUL-2023 02:40 PM,19-JUL-2023 12:00 AM,2023-00124320,L,1,2,13,50,Leon,Tallahassee,Urban,7/19/2023 2:40:00 PM,7/19/2023 2:40:00 PM,7/19/2023 2:47:00 PM,7/19/2023 3:10:00 PM,Y,Law Enforcement,GLENVIEW DR,,30.465487,-84.283426,38,East,N MONROE ST,,State,Curb,Not at Intersection,N,Daylight,Clear,Dry,N,,Pedestrian,On Roadway,N,Through Roadway,None,,,None,,,N,,,,,CST,Tallahassee Police Department,Police Department (PD),7/21/2023 2:50:00 PM,7/21/2023 2:50:00 PM,2,Y,Pedestrian,Pedestrian,Injury,Non-Incapacitating Injury,DAY,N,N,N,N,N,N,N,N,N,1,1,0,1,0,0,0,0,0,0,0,1,1,0,1,0,0,0,0,0,0,0,0,0,0,N,0,0,Y,0,0,0,0,0,0,1,100,100,1,0,0,Preliminary,Editor Mapped,184725.4731,3374949.5262,30.4654800578208,-84.2834217022663
25369205,2023,18-OCT-2023 03:39 PM,18-OCT-2023 12:00 AM,2023-00181020,L,1,2,13,50,Leon,Tallahassee,Urban,10/18/2023 3:40:00 PM,10/18/2023 3:41:00 PM,10/18/2023 3:45:00 PM,10/18/2023 4:16:00 PM,Y,Law Enforcement,APALACHEE PKWY,,30.427889,-84.221214,213,East,CAY LN,,U.S.,Curb,Not at Intersection,Y,Daylight,Clear,Dry,N,,Pedestrian,Shoulder,N,Non-Junction,None,,,None,,,N,,,,,OFFICER,Tallahassee Police Department,Police Department (PD),10/21/2023 7:16:00 PM,10/21/2023 7:16:00 PM,3,Y,Pedestrian,Pedestrian,Injury,Non-Incapacitating Injury,DAY,N,N,N,N,N,N,N,N,N,1,1,0,1,0,0,0,0,0,0,0,1,1,0,1,0,0,0,0,0,0,0,0,0,0,N,0,0,Y,0,0,0,0,0,0,0,0,0,1,0,0,Preliminary,Editor Mapped,190583.6693,3370607.5882,30.4278815653688,-84.2212055151457
25376705,2023,27-APR-2023 02:29 PM,27-APR-2023 02:49 PM,ASO23OFF003734,S,1,2,11,0,Alachua,Unincorporated,Rural,4/27/2023 2:31:00 PM,4/27/2023 2:33:00 PM,4/27/2023 2:37:00 PM,4/27/2023 2:51:00 PM,Y,Law Enforcement,SW 67TH TER/ SW 8TH AV,,29.64511,-82.41445,0,,,,County,Curb,T-Intersection,N,Daylight,Cloudy,Dry,N,Other,Pedestrian,On Roadway,N,Non-Junction,None,,,None,,,N,,,,,CIVILIAN,Alachua County Sheriff's Office,Sheriff's Office (SO),5/3/2023 3:36:00 PM,5/3/2023 3:36:00 PM,6,N,Pedestrian,Pedestrian,No Injury,No Injury,DAY,N,N,N,N,N,N,N,N,N,2,0,0,0,0,0,0,0,0,0,0,1,1,0,1,0,0,0,0,0,0,0,0,0,0,N,0,0,Y,0,0,0,0,1,100,1,1000,1100,0,0,0,Preliminary,Computer plot approximate by lat/long,363089.9617,3280297.101,29.6451044482752,-82.4144465519709
25380271,2023,03-MAY-2023 01:00 PM,03-MAY-2023 12:00 AM,2300883,L,1,2,1,87,Miami-Dade,South Miami,Urban,5/3/2023 1:01:00 PM,5/3/2023 1:01:00 PM,5/3/2023 1:01:00 PM,5/3/2023 2:30:00 PM,Y,Law Enforcement,SW 62ND TER,5900,,,97,West,,,Local,Paved,Not at Intersection,Y,Daylight,Clear,Dry,N,Other,Pedalcycle,On Roadway,N,Non-Junction,None,,,None,,,N,,,,,POLICE OFFICER,South Miami Police Department,Police Department (PD),5/6/2023 3:22:00 PM,5/6/2023 3:22:00 PM,3,Y,Bicycle,Bicycle,Injury,Possible Injury,DAY,N,N,N,N,N,N,N,N,N,1,1,1,0,0,0,0,0,0,0,0,1,1,0,1,0,0,0,0,0,0,0,0,0,0,N,0,0,Y,0,0,1,0,0,0,1,500,500,1,0,0,Preliminary,Editor Mapped,571225.016,2844087.4639,25.7129545562288,-80.2900305392528
25380673,2023,02-NOV-2023 04:13 PM,02-NOV-2023 12:00 AM,2302223,L,1,4,1,87,Miami-Dade,South Miami,Urban,11/2/2023 4:13:00 PM,11/2/2023 4:13:00 PM,11/2/2023 4:24:00 PM,11/2/2023 6:19:00 PM,Y,Law Enforcement,SW 66TH AVE,,,,0,,SW 80TH ST,,Local,Paved,T-Intersection,N,Daylight,Clear,Dry,N,Other,Pedalcycle,On Roadway,N,Non-Junction,None,,,None,,,N,,,,,POLICE OFFICER,South Miami Police Department,Police Department (PD),11/4/2023 7:17:00 PM,11/4/2023 7:17:00 PM,2,Y,Bicycle,Bicycle,Injury,Non-Incapacitating Injury,DAY,N,N,N,N,N,N,N,N,N,3,1,0,1,0,0,0,0,0,0,0,1,1,0,1,0,0,2,0,0,0,0,0,0,0,N,0,0,Y,0,0,0,0,0,0,0,0,0,1,0,0,Preliminary,Editor Mapped,570245.7107,2842257.4415,25.696477490871,-80.2998883282513
25390989,2023,11-NOV-2023 05:21 AM,11-NOV-2023 12:00 AM,2013-016184,L,1,2,23,34,Bay,Lynn Haven,Urban,11/11/2023 5:21:00 AM,11/11/2023 5:21:00 AM,11/11/2023 5:24:00 AM,11/11/2023 5:45:00 AM,Y,Law Enforcement,MINNESOTA AVE,3205,30.208354,-85.64559,366,,,,Parking Lot,Curb,Not at Intersection,N,Dark - Lighted,Rain,Wet,N,,Pedalcycle,Outside Right-of-way,N,Non-Junction,None,,,None,,,N,,,,,OFFICER,Lynn Haven Police Department,Police Department (PD),11/14/2023 7:54:00 PM,11/14/2023 7:54:00 PM,3,Y,Bicycle,Bicycle,Injury,Possible Injury,NIGHT,N,N,N,N,N,N,N,N,N,1,1,1,0,0,0,0,0,0,0,0,1,1,0,1,0,0,0,0,0,0,0,0,0,0,N,0,0,Y,0,0,0,0,0,0,1,500,500,1,0,0,Preliminary,Editor Mapped,52637.9357000003,3351008.9168,30.2083366261481,-85.6455994258931
25394127,2023,12-FEB-2023 04:33 PM,14-FEB-2023 12:00 AM,230214003291,L,1,2,1,55,Miami-Dade,Doral,Urban,2/12/2023 5:59:00 PM,2/12/2023 6:00:00 PM,2/12/2023 6:08:00 PM,2/12/2023 7:42:00 PM,Y,Law Enforcement,NW 51ST LN,,,,0,,NW 109TH AVE,,Private Roadway,Paved,Other,N,Daylight,Clear,Dry,N,Front to Front,Motor Vehicle in Transport,On Roadway,Y,Intersection-Related,None,,,None,,,N,,,,,POLICE OFFICER,Doral Police Department,Police Department (PD),2/18/2023 5:40:00 PM,2/18/2023 5:40:00 PM,6,N,Single Vehicle,Other,No Injury,No Injury,DAY,N,N,N,N,N,N,Y,N,N,2,0,0,0,0,0,0,0,0,0,0,1,1,0,1,0,0,0,0,0,0,0,0,0,0,N,0,0,Y,0,0,0,0,0,0,1,1000,1000,0,0,0,Preliminary,Editor Mapped,562766.384,2856024.6147,25.821128622047,-80.3737763850404
25396372,2023,05-OCT-2023 09:53 AM,05-OCT-2023 12:00 AM,231005018990,L,1,2,1,55,Miami-Dade,Doral,Urban,10/5/2023 9:53:00 AM,10/5/2023 9:53:00 AM,10/5/2023 10:06:00 AM,10/5/2023 10:06:00 AM,Y,Law Enforcement,NW 33RD ST,,,,0,,NW 98TH CT,,Local,Paved,Not at Intersection,N,Daylight,Clear,Dry,N,Other,Pedalcycle,On Roadway,N,Intersection-Related,None,,,None,,,N,,,,,POLICE OFFICER,Doral Police Department,Police Department (PD),10/8/2023 7:11:00 PM,10/8/2023 7:11:00 PM,3,Y,Bicycle,Bicycle,Injury,Possible Injury,DAY,N,N,N,N,N,N,Y,N,N,1,1,1,0,0,0,0,0,0,0,0,1,1,0,1,0,0,0,0,0,0,0,0,0,0,N,0,0,Y,0,0,1,0,1,455200,1,200,455400,0,0,0,Preliminary,Editor Mapped,574885.1668,2860786.8449,25.8635569257853,-80.2526039999654
25433484,2023,13-FEB-2023 03:42 PM,13-FEB-2023 12:00 AM,CW23-23176,L,1,2,4,36,Pinellas,Clearwater,Urban,2/13/2023 3:42:00 PM,2/13/2023 3:44:00 PM,2/13/2023 3:45:00 PM,2/13/2023 4:10:00 PM,Y,Law Enforcement,DREW ST,,27.967854,-82.754799,0,,N HERCULES AVE,,Local,Curb,Four-Way Intersection,N,Daylight,Clear,Dry,N,,Pedalcycle,On Roadway,N,Intersection-Related,None,,,None,,,N,,,,,OFFICER,Clearwater Police Department,Police Department (PD),3/3/2023 2:47:00 PM,3/3/2023 2:47:00 PM,18,Y,Bicycle,Bicycle,Injury,Non-Incapacitating Injury,DAY,N,N,N,N,N,Y,Y,N,N,0,1,0,1,0,0,0,0,0,0,0,1,1,0,1,0,0,0,0,0,0,0,0,0,0,N,0,0,Y,0,0,0,0,0,0,0,0,0,1,0,0,Preliminary,Editor Mapped,327397.612,3094880.709,27.9678493497749,-82.7547961243339
25435368,2023,19-AUG-2023 11:06 PM,19-AUG-2023 12:00 AM,CW23-121246,L,1,2,4,36,Pinellas,Clearwater,Urban,8/19/2023 11:06:00 PM,8/19/2023 11:08:00 PM,8/19/2023 11:15:00 PM,8/19/2023 12:15:00 AM,Y,Law Enforcement,SUNSET POINT RD,,27.990113,-82.790661,75,West,N WASHINGTON AVE,,Local,Curb,Not at Intersection,N,Dark - Lighted,Clear,Dry,N,,Other Non-Fixed Object,On Roadway,N,Non-Junction,None,,,None,,,N,,,,,OFFICER,Clearwater Police Department,Police Department (PD),8/22/2023 2:59:00 PM,8/22/2023 2:59:00 PM,3,Y,Single Vehicle,Other,Injury,Possible Injury,NIGHT,N,N,N,N,N,N,N,N,N,1,1,1,0,0,0,0,0,0,0,0,1,1,0,1,0,0,0,0,0,0,0,0,0,0,N,0,0,Y,0,0,1,0,0,0,1,1000,1000,0,0,0,Preliminary,Editor Mapped,323906.0072,3097397.9592,27.990105014481,-82.7906554152771
25435563,2023,13-SEP-2023 02:52 PM,13-SEP-2023 12:00 AM,CW23-134421,L,1,3,4,36,Pinellas,Clearwater,Urban,9/13/2023 2:52:00 PM,9/13/2023 2:59:00 PM,9/13/2023 3:15:00 PM,9/13/2023 4:02:00 PM,Y,Law Enforcement,DRUID RD E,,27.956917,-82.745964,0,East,S BELCHER RD,,Local,Curb,Four-Way Intersection,N,Daylight,Clear,Dry,N,,Pedalcycle,On Roadway,N,Intersection-Related,None,,,None,,,N,,,,,PST,Clearwater Police Department,Police Department (PD),9/15/2023 2:47:00 PM,9/15/2023 2:47:00 PM,2,Y,Bicycle,Bicycle,Serious Injury,Incapacitating Injury,DAY,N,N,N,N,N,N,Y,N,N,2,1,0,0,1,0,0,0,0,0,0,1,1,0,1,1,0,1,0,0,0,0,0,0,0,N,0,0,Y,1,0,1,0,0,0,1,500,500,1,0,0,Verified,n/a,328249.3117,3093653.4197,27.956885493163,-82.7459621687774
25435972,2023,27-OCT-2023 04:13 PM,27-OCT-2023 12:00 AM,CW23-157359,L,1,2,4,36,Pinellas,Clearwater,Urban,10/27/2023 4:13:00 PM,10/27/2023 4:15:00 PM,10/27/2023 4:17:00 PM,10/27/2023 5:06:00 PM,Y,Law Enforcement,DREW ST,,27.968203,-82.800145,0,West,N FORT HARRISON AVE,,Local,Curb,Four-Way Intersection,Y,Daylight,Clear,Dry,N,,Pedestrian,On Roadway,N,Intersection-Related,None,,,None,,,N,,,,,OFC,Clearwater Police Department,Police Department (PD),11/4/2023 7:17:00 PM,11/4/2023 7:17:00 PM,8,Y,Pedestrian,Pedestrian,Serious Injury,Incapacitating Injury,DAY,N,N,N,N,N,N,Y,N,N,1,1,0,0,1,0,0,0,0,0,0,1,1,0,1,0,0,0,0,0,0,0,0,0,0,N,0,0,Y,1,0,1,0,0,0,1,1000,1000,1,0,0,Verified,n/a,322946.8621,3094981.9968,27.9681788212382,-82.8000427260544
25439408,2023,24-AUG-2023 05:00 PM,24-AUG-2023 05:07 PM,HCSO23CAD053093,L,1,4,27,50,Highlands,Sebring,Rural,8/24/2023 5:07:00 PM,8/24/2023 5:08:00 PM,8/24/2023 5:11:00 PM,8/24/2023 6:05:00 PM,Y,Law Enforcement,DESOTO RD,,27.46904,-81.43371,0,,SEBRING PARKWAY,,Local,Paved,Four-Way Intersection,N,Daylight,Clear,Dry,N,Angle,Pedalcycle,On Roadway,N,Non-Junction,None,,,None,,,N,,,,,,Highlands County Sheriff's Office,Sheriff's Office (SO),9/18/2023 7:20:00 PM,9/18/2023 7:20:00 PM,25,N,Bicycle,Bicycle,No Injury,No Injury,DAY,N,N,N,N,N,N,N,N,N,4,0,0,0,0,0,0,0,0,0,0,2,2,0,1,1,0,1,0,0,0,0,0,0,0,N,0,0,Y,0,0,0,0,1,1,1,500,501,0,0,0,Preliminary,Editor Mapped,457157.3837,3038701.4036,27.4711989572654,-81.4336347400293
25441294,2023,06-MAR-2023 04:06 PM,06-MAR-2023 12:00 AM,23002071,L,1,8,26,40,Osceola,Kissimmee,Urban,3/6/2023 4:06:00 PM,3/6/2023 4:12:00 PM,3/6/2023 4:12:00 PM,3/6/2023 4:16:00 PM,Y,Law Enforcement,N THACKER AVE,,,,,,FOUNTAIN BLVD,,Local,Curb,Not at Intersection,N,Daylight,Clear,Dry,N,Angle,Motor Vehicle in Transport,Off Roadway,N,Non-Junction,None,,,None,,,N,,,,,POLICE OFFICER,Kissimmee Police Department,Police Department (PD),3/8/2023 3:03:00 PM,3/8/2023 3:03:00 PM,2,Y,Single Vehicle,Other,Injury,Possible Injury,DAY,N,N,N,N,N,N,N,N,N,6,2,2,0,0,0,0,0,0,0,0,1,1,0,1,0,0,6,0,0,0,0,0,0,0,N,0,0,Y,0,0,0,0,0,0,1,3000,3000,0,0,0,Preliminary,Editor Mapped,458391.0601,3131589.3764,28.3097549924061,-81.4244059309458
25442356,2023,02-NOV-2023 09:45 AM,02-NOV-2023 10:28 AM,SJSO23CAD263163,L,1,2,20,50,St. Johns,St. Augustine,Urban,11/2/2023 9:49:00 AM,11/2/2023 9:51:00 AM,11/2/2023 9:58:00 AM,11/2/2023 10:29:00 AM,Y,Law Enforcement,SR A1A (ANASTASIA BLVD),,29.89032,-81.29527,0,,MOULTRIE PL,,State,Curb,Other,N,Daylight,Cloudy,Dry,N,Other,Pedalcycle,On Roadway,N,Intersection,None,,,None,,,N,,,,,PATROLMAN,St. Augustine Police Department,Police Department (PD),11/3/2023 7:30:00 PM,11/3/2023 7:30:00 PM,1,Y,Bicycle,Bicycle,Injury,Non-Incapacitating Injury,DAY,N,N,N,N,N,N,Y,N,N,1,1,0,1,0,0,0,0,0,0,0,1,1,0,1,0,0,0,0,0,0,0,0,0,0,N,0,0,Y,0,0,3,0,0,0,1,500,500,0,0,0,Preliminary,Editor Mapped,471490.5701,3306668.1321,29.8903155063036,-81.2952699243968
25445817,2023,28-FEB-2023 05:43 PM,28-FEB-2023 12:00 AM,20230003748,L,1,2,6,94,Palm Beach,West Palm Beach,Urban,2/28/2023 5:43:00 PM,2/28/2023 5:44:00 PM,2/28/2023 6:06:00 PM,2/28/2023 6:53:00 PM,Y,Law Enforcement,OKEECHOBEE BLVD,,,,,,S CONGRESS AVE,,Local,Curb,Not at Intersection,N,Daylight,Cloudy,Dry,N,Other,Pedalcycle,On Roadway,N,Driveway/Alley Access Related,None,,,None,,,N,,,,,COMMUNITY SERVICE AIDE,West Palm Beach Police Department,Police Department (PD),3/5/2023 2:13:00 PM,3/5/2023 2:13:00 PM,5,N,Bicycle,Bicycle,No Injury,No Injury,DAY,N,N,N,N,N,N,N,N,N,2,0,0,0,0,0,0,0,0,0,0,1,1,0,1,0,0,0,0,0,0,0,0,0,0,N,0,0,Y,0,0,0,0,0,0,1,100,100,0,0,0,Preliminary,Editor Mapped,590979.5927,2954256.9645,26.7065226307239,-80.085393088918
25446315,2023,03-APR-2023 09:55 AM,03-APR-2023 12:00 AM,20230005808,L,1,3,6,94,Palm Beach,West Palm Beach,Urban,4/3/2023 9:55:00 AM,4/3/2023 9:58:00 AM,4/3/2023 10:05:00 AM,4/3/2023 11:41:00 AM,Y,Law Enforcement,S OLIVE AVE,,,,0,,FERN ST,,Local,Curb,T-Intersection,Y,Daylight,Clear,Dry,N,Front to Front,Pedestrian,On Roadway,,Intersection,None,,,None,,,N,,,,,OFFICER,West Palm Beach Police Department,Police Department (PD),4/13/2023 3:35:00 PM,4/13/2023 3:35:00 PM,10,Y,Pedestrian,Pedestrian,Injury,Possible Injury,DAY,N,N,N,N,N,N,Y,N,N,2,1,1,0,0,0,0,0,0,0,0,1,1,0,1,1,0,1,0,0,0,0,0,0,0,N,0,0,Y,0,0,0,0,0,0,1,3000,3000,1,0,0,Preliminary,Editor Mapped,594296.2506,2954700.452,26.7103075752367,-80.0520215782299
25446336,2023,04-APR-2023 01:07 PM,05-APR-2023 12:00 AM,20230005914,L,1,2,6,94,Palm Beach,West Palm Beach,Urban,4/4/2023 1:07:00 PM,4/4/2023 1:09:00 PM,4/4/2023 1:13:00 PM,4/4/2023 3:05:00 PM,Y,Law Enforcement,N TAMARIND AVE,,,,40,North,21ST ST,,Local,Curb,T-Intersection,N,Daylight,Cloudy,Dry,N,Angle,Motor Vehicle in Transport,On Roadway,N,Intersection,None,,,None,,,N,,,,,COMMUNITY SERVICE AIDE,West Palm Beach Police Department,Police Department (PD),4/13/2023 3:35:00 PM,4/14/2023 3:34:00 PM,9,Y,Single Vehicle,Other,Serious Injury,Incapacitating Injury,DAY,N,N,N,N,N,N,Y,N,N,1,1,0,0,1,0,0,0,0,0,0,1,1,0,1,0,0,0,0,0,0,0,0,0,0,N,0,0,Y,1,0,0,0,0,0,1,2000,2000,1,0,0,Verified,n/a,593378.3195,2957224.9563,26.7331594607405,-80.0610617035835
25446353,2023,05-APR-2023 07:46 AM,05-APR-2023 12:00 AM,20230005962,L,1,2,6,94,Palm Beach,West Palm Beach,Urban,4/5/2023 7:46:00 AM,4/5/2023 7:48:00 AM,4/5/2023 7:49:00 AM,4/5/2023 8:36:00 AM,Y,Law Enforcement,PARKER AVE,,,,0,,BELVEDERE RD,,Local,Curb,Not at Intersection,N,Daylight,Clear,Dry,N,Angle,Pedalcycle,Off Roadway,N,Driveway/Alley Access Related,None,,,None,,,N,,,,,COMMUNITY SERVICE AIDE,West Palm Beach Police Department,Police Department (PD),4/13/2023 3:35:00 PM,4/13/2023 3:35:00 PM,8,Y,Bicycle,Bicycle,Injury,Non-Incapacitating Injury,DAY,N,N,N,N,N,N,N,N,N,1,1,0,1,0,0,0,0,0,0,0,1,1,0,1,0,0,0,0,0,0,0,0,0,0,N,0,0,Y,0,0,0,0,0,0,0,0,0,1,0,0,Preliminary,Editor Mapped,593253.8848,2952498.7367,26.6905006097361,-80.0626622505861
25446494,2023,16-APR-2023 01:19 AM,16-APR-2023 12:00 AM,20230006573,S,1,2,6,94,Palm Beach,West Palm Beach,Urban,4/16/2023 1:19:00 AM,4/16/2023 1:19:00 AM,4/16/2023 1:19:00 AM,4/16/2023 1:40:00 AM,Y,Law Enforcement,PALM BEACH LAKES BLVD,,,,0,,N FLAGLER DR,,Local,Curb,T-Intersection,Y,Dark - Lighted,Clear,Dry,N,Other,Pedestrian,On Roadway,N,Intersection,None,,,None,,,N,,,,,OFFICER,West Palm Beach Police Department,Police Department (PD),4/18/2023 3:36:00 PM,4/18/2023 3:36:00 PM,2,Y,Pedestrian,Pedestrian,No Injury,No Injury,NIGHT,N,N,N,N,N,Y,Y,N,N,1,0,0,0,0,0,0,0,0,0,0,1,1,0,1,0,0,0,0,0,0,0,0,0,0,N,0,0,Y,0,0,0,0,0,0,0,0,0,0,0,0,Preliminary,Computer mapped confident by address,594509.8609,2956260.3053,26.7243751190863,-80.0497574247131
25451925,2023,18-MAY-2023 03:22 PM,18-MAY-2023 12:00 AM,2305-011911,L,1,2,53,0,Charlotte,Unincorporated,Rural,5/18/2023 3:23:00 PM,5/18/2023 3:23:00 PM,5/18/2023 3:25:00 PM,5/18/2023 3:50:00 PM,Y,Law Enforcement,CENTENNIAL BLVD,,27.018165,-82.176616,0,South,TAMIAMI TRL,,Local,Curb,Four-Way Intersection,N,Daylight,Clear,Dry,N,,Pedalcycle,On Roadway,N,Intersection-Related,None,,,None,,,N,,,,,DEPUTY FIRST CLASS,Charlotte County Sheriff's Office,Sheriff's Office (SO),10/20/2023 8:06:00 PM,10/20/2023 8:06:00 PM,155,Y,Bicycle,Bicycle,Injury,Possible Injury,DAY,N,N,N,N,N,N,Y,N,N,1,1,1,0,0,0,0,0,0,0,0,1,1,0,1,0,0,0,0,0,0,0,0,0,0,N,0,0,Y,0,0,0,0,0,0,0,0,0,1,0,0,Preliminary,Editor Mapped,383275.7951,2988991.2465,27.0181610122805,-82.1766153287822
25454258,2023,22-FEB-2023 05:05 PM,19-APR-2023 12:00 AM,2023-9644,L,1,2,1,80,Miami-Dade,North Miami,Urban,2/22/2023 5:07:00 PM,2/22/2023 5:07:00 PM,2/22/2023 5:09:00 PM,2/22/2023 6:00:00 PM,Y,Law Enforcement,NE 17TH AVE,,25.889368,-80.16469,0,,NE 123RD ST,,County,Paved,T-Intersection,N,Daylight,Clear,Dry,N,,Pedalcycle,On Roadway,N,Intersection,None,,,None,,,N,,,,,A/SGT,North Miami Police Department,Police Department (PD),3/15/2023 2:35:00 PM,4/28/2023 2:51:00 PM,21,Y,Bicycle,Bicycle,Injury,Possible Injury,DAY,N,N,N,N,N,Y,Y,N,N,1,1,1,0,0,0,0,0,0,0,0,1,1,0,1,0,0,0,0,0,0,0,0,0,0,N,0,0,Y,0,0,0,0,0,0,0,0,0,0,0,0,Preliminary,Editor Mapped,583676.1401,2863700.0998,25.889382641097,-80.1646871884885
25454632,2023,11-APR-2023 06:22 AM,19-APR-2023 12:00 AM,2023-18070,L,1,2,1,80,Miami-Dade,North Miami,Urban,4/11/2023 6:24:00 AM,4/11/2023 6:29:00 AM,4/11/2023 6:29:00 AM,4/11/2023 7:50:00 AM,Y,Law Enforcement,NE 123RD ST,,25.8894,-80.158888,51,West,NE 19TH DR,,Local,Paved,Not at Intersection,N,Dark - Not Lighted,Rain,Wet,N,,Pedestrian,On Roadway,N,Non-Junction,Other,,,None,,,N,,,,,A/SGT,North Miami Police Department,Police Department (PD),4/14/2023 3:34:00 PM,4/28/2023 2:51:00 PM,3,Y,Pedestrian,Pedestrian,Injury,Possible Injury,NIGHT,N,N,N,N,N,Y,N,N,N,1,1,1,0,0,0,0,0,0,0,0,1,1,0,1,0,0,0,0,0,0,0,0,0,0,N,0,0,Y,0,0,0,0,0,0,0,0,0,0,0,0,Preliminary,Editor Mapped,584257.5062,2863705.0344,25.8893936626651,-80.1588837727819
25455504,2023,07-AUG-2023 02:08 PM,07-AUG-2023 12:00 AM,2023-37929,L,1,2,1,80,Miami-Dade,North Miami,Urban,8/7/2023 2:10:00 PM,8/7/2023 2:11:00 PM,8/7/2023 2:14:00 PM,8/7/2023 3:31:00 PM,Y,Law Enforcement,NW 119TH ST,1,25.884422,-80.198875,,,,,Parking Lot,Paved,Not at Intersection,N,Daylight,Clear,Dry,N,,Other Non-Collision,In Parking Lane or Zone,N,Non-Junction,None,,,None,,,N,,,,,OFFICER,North Miami Police Department,Police Department (PD),8/11/2023 3:01:00 PM,8/11/2023 3:01:00 PM,4,N,Single Vehicle,Other,No Injury,No Injury,DAY,N,N,N,N,N,N,N,N,N,2,0,0,0,0,0,0,0,0,0,0,1,1,0,1,0,0,0,0,0,0,0,0,0,0,N,0,0,Y,0,0,1,0,0,0,1,500,500,1,0,0,Preliminary,Editor Mapped,580254.1145,2863129.2859,25.8844213742615,-80.1988802706853
25456960,2023,23-JAN-2023 07:04 AM,23-JAN-2023 12:00 AM,23000333,L,1,2,6,54,Palm Beach,Jupiter,Urban,1/23/2023 7:04:00 AM,1/23/2023 7:04:00 AM,1/23/2023 7:05:00 AM,1/23/2023 7:18:00 AM,Y,Law Enforcement,W INDIANTOWN RD,,,,0,,DANIELS WAY,,State,Curb,Four-Way Intersection,N,Daylight,Cloudy,Dry,N,Angle,Motor Vehicle in Transport,On Roadway,N,Intersection,None,,,None,,,N,,,,,OFFICER,Jupiter Police Department,Police Department (PD),1/24/2023 2:52:00 PM,1/24/2023 2:52:00 PM,1,Y,Single Vehicle,Other,Injury,Non-Incapacitating Injury,DAY,N,N,N,N,N,N,Y,N,N,1,1,0,1,0,0,0,0,0,0,0,1,1,0,1,0,0,0,0,0,0,0,0,0,0,N,0,0,Y,0,0,1,0,1,400,1,4000,4400,1,0,0,Preliminary,Editor Mapped,588837.7154,2979421.4489,26.9338376907969,-80.1051403412683
25459425,2023,08-FEB-2023 04:55 PM,08-FEB-2023 05:26 PM,SJSO23CAD032344,L,1,2,20,46,St. Johns,Ponte Vedra,Rural,2/8/2023 4:55:00 PM,2/8/2023 4:55:00 PM,2/8/2023 4:55:00 PM,2/8/2023 5:27:00 PM,Y,Law Enforcement,VALLEY RIDGE BLVD,,30.09864,-81.4525,0,,GREENLEAF DR,,County,Curb,Four-Way Intersection,N,Daylight,Clear,Dry,N,Other,Pedestrian,On Roadway,Y,Intersection,None,,,None,,,N,,,,,LE DEPUTY,St. Johns County Sheriff's Office,Sheriff's Office (SO),2/9/2023 2:22:00 PM,2/9/2023 2:22:00 PM,1,Y,Pedestrian,Pedestrian,Injury,Non-Incapacitating Injury,DAY,N,N,N,N,N,N,Y,N,N,1,1,0,1,0,0,0,0,0,0,0,1,1,0,1,0,0,0,0,0,0,0,0,0,0,N,0,0,Y,0,0,0,0,0,0,0,0,0,1,0,0,Preliminary,Editor Mapped,456409.7564,3329825.2136,30.0988508404437,-81.4524040711412
25469024,2023,04-JAN-2023 02:05 PM,04-JAN-2023 12:00 AM,172301000163,L,1,2,10,71,Broward,Parkland,Urban,1/4/2023 2:05:00 PM,1/4/2023 2:05:00 PM,1/4/2023 2:05:00 PM,1/4/2023 3:00:00 PM,Y,Law Enforcement,TRAILS END,,,,0,,PINE ISLAND RD,,County,Paved,Four-Way Intersection,N,Daylight,Clear,Dry,N,Angle,Pedalcycle,On Roadway,N,Intersection,None,,,None,,,N,,,,,,Broward County Sheriff's Office,Sheriff's Office (SO),8/5/2023 3:03:00 PM,8/5/2023 3:03:00 PM,213,Y,Bicycle,Bicycle,Injury,Possible Injury,DAY,N,N,N,N,N,N,Y,N,N,1,1,1,0,0,0,0,0,0,0,0,1,1,0,1,0,0,0,0,0,0,0,0,0,0,N,0,0,Y,0,0,0,0,0,0,1,500,500,0,0,0,Preliminary,Editor Mapped,572770.8171,2911310.8573,26.319846069454,-80.2708828258787
25469336,2023,09-JAN-2023 06:20 PM,09-JAN-2023 12:00 AM,022301000852,L,1,2,10,32,Broward,Dania Beach,Urban,1/9/2023 6:25:00 PM,1/9/2023 6:28:00 PM,1/9/2023 6:35:00 PM,1/9/2023 7:35:00 PM,Y,Law Enforcement,SW 32ND AV,,,,0,,GRIFFIN RD,,Local,Curb,Not at Intersection,N,Dark - Lighted,Clear,Dry,N,Other,Pedestrian,On Roadway,N,Non-Junction,None,,,None,,,N,,,,,,Broward County Sheriff's Office,Sheriff's Office (SO),1/10/2023 2:58:00 PM,1/10/2023 2:58:00 PM,1,N,Pedestrian,Pedestrian,No Injury,No Injury,DAY,N,N,N,N,N,N,N,N,N,2,0,0,0,0,0,0,0,0,0,0,1,1,0,1,0,0,0,0,0,0,0,0,0,0,N,0,0,Y,0,0,0,0,0,0,0,0,0,1,0,0,Preliminary,Editor Mapped,581472.0337,2882846.9345,26.0623839723262,-80.185498222216
25470291,2023,25-JAN-2023 05:12 PM,08-FEB-2023 12:00 AM,102301004451,L,1,2,10,36,Broward,Deerfield Beach,Urban,1/25/2023 5:36:00 PM,1/25/2023 6:00:00 PM,1/25/2023 6:10:00 PM,1/25/2023 6:30:00 PM,N,Law Enforcement,SW 10TH ST,,,,679,South,S FEDERAL HWY,,State,Paved,Not at Intersection,N,Daylight,Clear,Dry,N,Other,Pedestrian,Shoulder,N,Non-Junction,None,,,None,,,N,,,,,,Broward County Sheriff's Office,Sheriff's Office (SO),10/6/2023 7:34:00 PM,10/7/2023 7:27:00 PM,254,Y,Pedestrian,Pedestrian,Injury,Possible Injury,DAY,N,N,N,N,N,Y,N,N,N,0,1,1,0,0,0,0,0,0,0,0,1,1,0,1,0,0,0,0,0,0,0,0,0,0,N,0,0,Y,0,0,0,0,0,0,0,0,0,0,0,0,Preliminary,Editor Mapped,590532.2281,2909576.8342,26.3031754800752,-80.0930628114372
25472047,2023,21-FEB-2023 05:37 PM,21-FEB-2023 12:00 AM,112302007431,L,1,2,10,72,Broward,Pompano Beach,Urban,2/21/2023 5:37:00 PM,2/21/2023 5:37:00 PM,2/21/2023 5:38:00 PM,2/21/2023 5:45:00 PM,Y,Law Enforcement,W COPANS RD,,,,0,,N ANDREWS AV EXT,,Local,Paved,Not at Intersection,N,Daylight,Clear,Dry,N,Other,Pedalcycle,On Roadway,N,Intersection-Related,None,,,None,,,N,,,,,,Broward County Sheriff's Office,Sheriff's Office (SO),8/25/2023 3:01:00 PM,8/25/2023 3:01:00 PM,185,Y,Bicycle,Bicycle,Injury,Possible Injury,DAY,N,N,N,N,N,N,Y,N,N,1,1,1,0,0,0,0,0,0,0,0,1,1,0,1,0,0,0,0,0,0,0,0,0,0,N,0,0,Y,0,0,1,0,1,275,1,2000,2275,1,0,0,Preliminary,Editor Mapped,585842.8948,2904817.6116,26.2604961990214,-80.1403521797747
25472958,2023,06-MAR-2023 05:05 PM,06-MAR-2023 12:00 AM,162303000336,L,1,2,10,30,Broward,Cooper City,Urban,3/6/2023 5:40:00 PM,3/6/2023 5:45:00 PM,3/6/2023 5:50:00 PM,3/6/2023 6:25:00 PM,N,Law Enforcement,SW 116TH AV,,,,16,North,STIRLING RD,,Local,Paved,T-Intersection,N,Daylight,Clear,Dry,N,Front to Rear,Motor Vehicle in Transport,On Roadway,N,Non-Junction,None,,,None,,,N,,,,,,Broward County Sheriff's Office,Sheriff's Office (SO),8/25/2023 3:01:00 PM,8/25/2023 3:01:00 PM,172,Y,Single Vehicle,Other,No Injury,No Injury,DAY,N,N,N,N,N,Y,N,N,N,2,0,0,0,0,0,0,0,0,0,0,2,2,0,0,0,0,0,0,0,0,0,0,0,0,N,0,0,Y,0,0,0,0,0,0,0,0,0,0,0,0,Preliminary,Editor Mapped,569700.227,2880761.1977,26.0441675229972,-80.3032885400194
25473178,2023,10-MAR-2023 11:30 AM,10-MAR-2023 12:00 AM,122303001310,L,1,2,10,64,Broward,Oakland Park,Urban,3/10/2023 11:34:00 AM,3/10/2023 11:38:00 AM,3/10/2023 11:45:00 AM,3/10/2023 12:35:00 PM,Y,Law Enforcement,E PROSPECT RD,,,,141,East,N ANDREWS AV,,Local,Paved,Not at Intersection,Y,Daylight,Clear,Dry,N,Angle,Pedalcycle,On Roadway,N,Non-Junction,None,,,None,,,N,,,,,,Broward County Sheriff's Office,Sheriff's Office (SO),3/16/2023 2:26:00 PM,3/16/2023 2:26:00 PM,6,Y,Bicycle,Bicycle,Injury,Possible Injury,DAY,N,N,N,Y,N,N,N,N,N,1,1,1,0,0,0,0,0,0,0,0,1,1,0,1,1,0,0,0,0,0,0,0,0,0,N,0,0,Y,0,0,0,0,0,0,1,300,300,0,0,0,Preliminary,Editor Mapped,585292.4353,2896020.0411,26.1810995422539,-80.1464439809051
25474349,2023,11-MAR-2023 05:50 PM,28-MAR-2023 12:00 AM,112303004334,L,1,2,10,72,Broward,Pompano Beach,Urban,3/11/2023 5:50:00 PM,3/11/2023 5:50:00 PM,3/11/2023 5:54:00 PM,3/11/2023 6:00:00 PM,Y,Motorist,N DIXIE HWY,,,,0,,NW 10TH ST,,Local,Paved,Four-Way Intersection,N,Dawn,Clear,Dry,N,Angle,Pedestrian,On Roadway,N,Intersection,None,,,None,,,N,,,,,,Broward County Sheriff's Office,Sheriff's Office (SO),4/13/2023 3:35:00 PM,4/13/2023 3:35:00 PM,33,Y,Pedestrian,Pedestrian,Injury,Possible Injury,DAY,N,N,N,N,N,N,Y,N,N,1,1,1,0,0,0,0,0,0,0,0,1,1,0,1,0,0,0,0,0,0,0,0,0,0,N,0,0,Y,0,0,0,0,0,0,1,2000,2000,1,0,0,Preliminary,Editor Mapped,587551.9177,2902642.2795,26.2407527874478,-80.1233866847707
25476483,2023,01-MAY-2023 09:19 AM,01-MAY-2023 12:00 AM,112305000126,L,1,2,10,72,Broward,Pompano Beach,Urban,5/1/2023 9:19:00 AM,5/1/2023 9:19:00 AM,5/1/2023 9:34:00 AM,5/1/2023 12:05:00 PM,Y,Law Enforcement,N ANDREWS AV EXT,,,,,,W COPANS RD,,Local,Paved,Not at Intersection,N,Daylight,Clear,Dry,N,Other,Pedestrian,On Roadway,N,Non-Junction,None,,,None,,,N,,,,,,Broward County Sheriff's Office,Sheriff's Office (SO),5/3/2023 3:36:00 PM,5/3/2023 3:36:00 PM,2,Y,Pedestrian,Pedestrian,Injury,Possible Injury,DAY,N,N,N,N,N,N,N,N,N,1,1,1,0,0,0,0,0,0,0,0,1,1,0,1,0,0,0,0,0,0,0,0,0,0,N,0,0,Y,0,0,1,0,1,500,1,400,900,0,0,0,Preliminary,Editor Mapped,585835.5853,2904247.0102,26.2553449525891,-80.1404632958107
25477132,2023,10-MAY-2023 05:30 PM,10-MAY-2023 12:00 AM,102305001788,L,1,2,10,36,Broward,Deerfield Beach,Urban,5/10/2023 5:35:00 PM,5/10/2023 7:30:00 PM,5/10/2023 7:35:00 PM,5/10/2023 8:40:00 PM,N,Law Enforcement,W SAMPLE RD,,,,0,,NW 5TH AV,,State,Curb,T-Intersection,N,Daylight,Clear,Dry,N,Unknown,Pedalcycle,On Roadway,N,Non-Junction,None,,,None,,,N,,,,,,Broward County Sheriff's Office,Sheriff's Office (SO),5/18/2023 2:54:00 PM,5/18/2023 2:54:00 PM,8,Y,Bicycle,Bicycle,Injury,Possible Injury,DAY,N,N,N,N,N,Y,N,N,N,1,1,1,0,0,0,0,0,0,0,0,1,1,0,1,0,0,0,0,0,0,0,0,0,0,N,0,0,Y,0,0,0,0,0,0,0,0,0,0,0,0,Preliminary,Editor Mapped,586822.7666,2906441.3805,26.2750972974252,-80.1304312296417
25477874,2023,22-MAY-2023 05:45 PM,22-MAY-2023 12:00 AM,022305002435,L,1,2,10,32,Broward,Dania Beach,Urban,5/22/2023 5:48:00 PM,5/22/2023 5:50:00 PM,5/22/2023 5:58:00 PM,5/22/2023 6:22:00 PM,Y,Law Enforcement,SW 40TH AV,5371,,,,,,,Parking Lot,Curb,Not at Intersection,N,Daylight,Clear,Dry,N,Other,Pedestrian,In Parking Lane or Zone,N,Non-Junction,None,,,None,,,N,,,,,,Broward County Sheriff's Office,Sheriff's Office (SO),5/24/2023 2:54:00 PM,5/24/2023 2:54:00 PM,2,Y,Pedestrian,Pedestrian,Injury,Non-Incapacitating Injury,DAY,N,N,N,N,N,N,N,N,N,1,1,0,1,0,0,0,0,0,0,0,1,1,0,1,0,0,0,0,0,0,0,0,0,0,N,0,0,Y,0,0,0,0,0,0,0,0,0,1,0,0,Preliminary,Editor Mapped,579903.6494,2881947.4434,26.0543501496009,-80.2012317003203
25479549,2023,20-JUN-2023 09:01 AM,20-JUN-2023 12:00 AM,072306002671,L,1,2,10,77,Broward,Tamarac,Urban,6/20/2023 9:02:00 AM,6/20/2023 9:03:00 AM,6/20/2023 9:15:00 AM,6/20/2023 11:15:00 AM,Y,Law Enforcement,NW 64TH AV,,,,0,,NW 57TH CT,,Local,Curb,Four-Way Intersection,N,Daylight,Clear,Dry,N,Angle,Pedestrian,On Roadway,N,Non-Junction,None,,,None,,,N,,,,,,Broward County Sheriff's Office,Sheriff's Office (SO),6/27/2023 3:33:00 PM,6/27/2023 3:33:00 PM,7,Y,Pedestrian,Pedestrian,Injury,Possible Injury,DAY,N,N,N,N,N,N,N,N,N,1,1,1,0,0,0,0,0,0,0,0,1,1,0,1,1,0,0,0,0,0,0,0,0,0,N,0,0,Y,0,0,0,0,0,0,1,100,100,1,0,0,Preliminary,Editor Mapped,576322.0046,2897548.0455,26.195400010598,-80.2361179989906
25481146,2023,19-JUL-2023 09:29 AM,19-JUL-2023 12:00 AM,022307001856,L,1,2,10,32,Broward,Dania Beach,Urban,7/19/2023 9:29:00 AM,7/19/2023 9:29:00 AM,7/19/2023 9:39:00 AM,7/19/2023 10:04:00 AM,Y,Law Enforcement,SW 40TH AV,,,,0,,STIRLING RD,,Local,Curb,Not at Intersection,Y,Daylight,Clear,Dry,N,"Sideswipe, Same Direction",Pedalcycle,Off Roadway,N,Non-Junction,None,,,Physical Obstruction(s),,,N,,,,,,Broward County Sheriff's Office,Sheriff's Office (SO),7/21/2023 2:50:00 PM,7/21/2023 2:50:00 PM,2,Y,Bicycle,Bicycle,Injury,Non-Incapacitating Injury,DAY,N,N,N,N,N,N,N,Y,N,1,1,0,1,0,0,0,0,0,0,0,1,1,0,1,0,0,0,0,0,0,0,0,0,0,N,0,0,Y,0,0,0,0,1,400,1,300,700,1,0,0,Preliminary,Editor Mapped,579952.7737,2881124.3971,26.046916217384,-80.2007910613045
25492252,2023,23-FEB-2023 04:10 PM,08-MAR-2023 07:49 PM,LPPD23OFF000116,L,1,2,27,40,Highlands,Lake Placid,Urban,2/23/2023 4:13:00 PM,2/23/2023 4:27:00 PM,2/23/2023 4:29:00 PM,2/23/2023 4:53:00 PM,Y,Law Enforcement,S MAIN AVE / CR 17,,27.28904,-81.36193,144,East,S MAGNOLIA AVE,,County,Unpaved,Not at Intersection,Y,Daylight,Clear,Dry,N,"Sideswipe, Same Direction",Pedestrian,On Roadway,N,Non-Junction,None,,,None,,,N,,,,,SERGEANT,Lake Placid Police Department,Police Department (PD),3/11/2023 2:20:00 PM,3/11/2023 2:20:00 PM,16,Y,Pedestrian,Pedestrian,Injury,Possible Injury,DAY,N,N,N,N,N,N,N,Y,N,1,1,1,0,0,0,0,0,0,0,0,1,1,0,1,0,0,0,0,0,0,0,0,0,0,N,0,0,Y,0,0,0,0,1,500,1,500,1000,1,0,0,Preliminary,Editor Mapped,464160.9314,3018519.2583,27.2891987841058,-81.3621552663874
25493817,2023,27-FEB-2023 06:06 AM,27-FEB-2023 12:00 AM,23001813,L,1,2,4,46,Pinellas,Largo,Urban,2/27/2023 6:06:00 AM,2/27/2023 6:08:00 AM,2/27/2023 6:17:00 AM,2/27/2023 6:59:00 AM,Y,Law Enforcement,CLEARWATER LARGO RD N,,,,88,North,8TH AVE NW,,Local,Paved,Four-Way Intersection,Y,Dark - Not Lighted,Clear,Dry,N,Front to Rear,Pedalcycle,On Roadway,N,Intersection,None,,,None,,,N,,,,,OFFICER,Largo Police Department,Police Department (PD),3/3/2023 2:46:00 PM,3/3/2023 2:46:00 PM,4,Y,Bicycle,Bicycle,Injury,Non-Incapacitating Injury,NIGHT,N,N,N,N,N,N,Y,N,N,1,1,0,1,0,0,0,0,0,0,0,1,1,0,1,0,0,0,0,0,0,0,0,0,0,N,0,0,Y,0,0,1,0,0,0,1,3000,3000,0,0,0,Preliminary,Editor Mapped,323234.4294,3090118.6719,27.9243356825273,-82.79639384832
25495744,2023,28-MAR-2023 04:02 PM,28-MAR-2023 12:00 AM,23004257,L,1,2,6,40,Palm Beach,Delray Beach,Urban,3/28/2023 4:02:00 PM,3/28/2023 4:05:00 PM,3/28/2023 4:13:00 PM,3/28/2023 4:33:00 PM,Y,Law Enforcement,US 1 SR 5 (SE 6TH AVE),253,,,,,,,Other,Curb,Other,N,Daylight,Cloudy,Dry,N,,Pedalcycle,Off Roadway,N,Other,None,,,None,,,N,,,,,COMMUNITY SERVICE OFFICER,Delray Beach Police Department,Police Department (PD),4/1/2023 2:21:00 PM,4/1/2023 2:21:00 PM,4,Y,Bicycle,Bicycle,Injury,Non-Incapacitating Injury,DAY,Y,N,N,N,N,N,N,N,N,1,1,0,1,0,0,0,0,0,0,0,1,1,0,1,0,0,0,0,0,0,0,0,0,0,N,0,0,Y,0,0,0,0,0,0,1,100,100,0,0,0,Preliminary,Editor Mapped,592994.4329,2926611.3784,26.4568084192819,-80.0671649635309
25497715,2023,10-NOV-2023 03:54 PM,10-NOV-2023 12:00 AM,EW231100065,L,1,3,8,38,Volusia,Edgewater,Urban,11/10/2023 3:54:00 PM,11/10/2023 3:56:00 PM,11/10/2023 3:59:00 PM,11/10/2023 4:30:00 PM,Y,Law Enforcement,S FLAGLER AVE,,28.98386,-80.910288,43,West,JEANNE ST,,Local,Unpaved,Not at Intersection,N,Dusk,Clear,Dry,N,,Pedalcycle,On Roadway,N,Non-Junction,None,,,None,,,N,,,,,OFFICER,Edgewater Police Department,Police Department (PD),11/19/2023 7:20:00 PM,11/19/2023 7:20:00 PM,9,Y,Bicycle,Bicycle,Injury,Non-Incapacitating Injury,DAY,N,N,N,N,N,N,N,N,N,2,1,0,1,0,0,0,0,0,0,0,1,1,0,1,0,0,1,0,0,0,0,0,0,0,N,0,0,Y,0,0,0,0,0,0,1,1000,1000,1,0,0,Preliminary,Editor Mapped,508739.4548,3206200.3049,28.9838558912313,-80.9102864321552
25497727,2023,20-NOV-2023 12:37 PM,20-NOV-2023 12:00 AM,EW231100128,L,1,1,8,38,Volusia,Edgewater,Urban,11/20/2023 12:37:00 PM,11/20/2023 12:39:00 PM,11/20/2023 12:44:00 PM,11/20/2023 12:58:00 PM,Y,Law Enforcement,ORANGE TREE DR,,28.972386,-80.913025,0,North,16TH ST,,U.S.,Unpaved,Four-Way Intersection,N,Daylight,Clear,Dry,N,,Parked Motor Vehicle,Off Roadway,N,Intersection-Related,None,,,None,,,N,,,,,OFFICER,Edgewater Police Department,Police Department (PD),11/22/2023 7:57:00 PM,11/22/2023 7:57:00 PM,2,Y,Single Vehicle,Other,Injury,Non-Incapacitating Injury,DAY,N,N,N,N,N,N,Y,N,N,0,1,0,1,0,0,0,0,0,0,0,1,1,0,0,0,0,0,0,0,0,0,0,0,0,N,0,0,Y,0,0,0,0,0,0,1,1000,1000,1,0,0,Preliminary,Editor Mapped,508473.4896,3204929.2876,28.9723854982629,-80.9130262509405
25502762,2023,07-FEB-2023 09:48 AM,07-FEB-2023 12:00 AM,23-006059,L,1,3,16,50,Sarasota,Sarasota,Urban,2/7/2023 9:48:00 AM,2/7/2023 9:48:00 AM,2/7/2023 9:53:00 AM,2/7/2023 10:50:00 AM,Y,Motorist,UNIVERSITY PKWY,,,,0,,N  TAMIAMI TRL,,Local,Paved,Four-Way Intersection,,Daylight,Clear,Dry,N,Other,Motor Vehicle in Transport,On Roadway,N,Intersection,None,,,None,,,N,,,,,OFC.,Sarasota Police Department,Police Department (PD),2/23/2023 2:17:00 PM,9/11/2023 5:16:00 PM,16,Y,Single Vehicle,Other,Injury,Possible Injury,DAY,N,N,N,N,N,N,Y,N,N,2,1,1,0,0,0,0,0,0,0,0,2,2,0,1,0,0,0,0,0,0,0,0,0,0,N,0,0,Y,0,0,1,0,0,0,1,3000,3000,0,0,0,Preliminary,Editor Mapped,346077.7002,3029670.6679,27.3816614354541,-82.5565771371651
25503757,2023,03-JAN-2023 01:53 PM,03-JAN-2023 12:00 AM,23-000455,L,1,2,16,50,Sarasota,Sarasota,Urban,1/3/2023 1:53:00 PM,1/3/2023 1:54:00 PM,1/3/2023 1:58:00 PM,1/3/2023 3:00:00 PM,Y,Motorist,S TUTTLE AVE,77,,,0,,,,State,Curb,Other,,Daylight,Clear,Dry,N,Angle,Motor Vehicle in Transport,On Roadway,N,Driveway/Alley Access Related,None,None,None,None,None,None,N,,,,,OFC.,Sarasota Police Department,Police Department (PD),1/14/2023 2:50:00 PM,1/14/2023 2:50:00 PM,11,Y,Single Vehicle,Other,Injury,Non-Incapacitating Injury,DAY,N,N,Y,N,N,N,N,N,N,1,1,0,1,0,0,0,0,0,0,0,1,1,0,1,0,0,0,0,0,0,0,0,0,0,N,0,0,Y,0,0,0,0,0,0,1,100,100,1,0,0,Preliminary,Editor Mapped,350229.1888,3024527.4523,27.3357060217795,-82.513974661422
25504326,2023,01-APR-2023 08:15 AM,01-APR-2023 12:00 AM,23-015651,L,1,2,16,50,Sarasota,Sarasota,Urban,4/1/2023 8:15:00 AM,4/1/2023 8:16:00 AM,4/1/2023 8:20:00 AM,4/1/2023 8:53:00 AM,Y,Motorist,TUTTLE AVE.,,,,0,,6TH ST,,County,Curb,T-Intersection,,Daylight,Clear,Dry,N,Angle,Pedalcycle,On Roadway,N,Intersection,None,None,None,None,None,None,N,,,,,OFC.,Sarasota Police Department,Police Department (PD),4/13/2023 3:35:00 PM,4/13/2023 3:35:00 PM,12,Y,Bicycle,Bicycle,Injury,Non-Incapacitating Injury,DAY,N,N,N,N,N,N,Y,N,N,1,1,0,1,0,0,0,0,0,0,0,1,1,0,1,0,1,0,0,0,0,0,0,0,0,N,0,0,Y,0,0,1,0,0,0,1,500,500,0,0,0,Preliminary,Editor Mapped,350241.9474,3025153.7342,27.3413596103408,-82.5139225451141
25508011,2023,03-FEB-2023 04:36 PM,03-FEB-2023 12:00 AM,23-010445,S,1,2,16,0,Sarasota,Unincorporated,Urban,2/3/2023 4:36:00 PM,2/3/2023 4:37:00 PM,2/3/2023 5:00:00 PM,2/3/2023 6:14:00 PM,Y,Law Enforcement,N LOCKWOOD RIDGE RD,,27.3521,-82.505768,100,South,17TH ST,,County,Paved,Not at Intersection,N,Daylight,Clear,Dry,N,,Pedestrian,On Roadway,N,Non-Junction,None,,,None,,,N,,,,,DEPUTY,Sarasota County Sheriff's Office,Sheriff's Office (SO),2/5/2023 2:58:00 PM,2/26/2023 2:26:00 PM,2,N,Pedestrian,Pedestrian,No Injury,No Injury,DAY,N,N,N,N,N,N,N,N,N,2,0,0,0,0,0,0,0,0,0,0,1,1,0,1,1,0,0,0,0,0,0,0,0,0,N,0,0,Y,0,0,1,0,0,0,0,0,0,0,0,0,Preliminary,Officer Mapped,351063.3659,3026333.2844,27.3520948139465,-82.5057650037549
25524363,2023,12-JAN-2023 05:00 PM,12-JAN-2023 12:00 AM,2301120002919,L,4,5,1,66,Miami-Dade,Miami,Urban,1/12/2023 5:10:00 PM,1/12/2023 5:25:00 PM,1/12/2023 6:45:00 PM,1/12/2023 6:45:00 PM,Y,Law Enforcement,S MIAMI AVE,,25.751365,-80.204718,0,,MIAMI AVE,,Local,Paved,Four-Way Intersection,N,Daylight,Clear,Dry,N,Angle,Motor Vehicle in Transport,On Roadway,N,Through Roadway,None,,,None,,,N,,,,,OFC,Miami Police Department,Police Department (PD),1/15/2023 2:42:00 PM,3/3/2023 2:46:00 PM,3,Y,Head On,Head On,Injury,Possible Injury,DAY,N,N,N,N,N,N,N,N,N,4,1,1,0,0,0,0,0,0,0,0,1,1,0,4,1,0,0,0,0,0,0,0,0,0,N,0,0,Y,0,0,1,0,0,0,4,13000,13000,0,0,0,Preliminary,Editor Mapped,579758.7733,2848389.5263,25.7513601634717,-80.2047139683768
25525192,2023,24-JAN-2023 06:15 PM,24-FEB-2023 12:00 AM,2301240005958,L,1,2,1,66,Miami-Dade,Miami,Urban,1/24/2023 6:16:00 PM,1/24/2023 6:20:00 PM,1/24/2023 6:25:00 PM,1/24/2023 7:10:00 PM,Y,Law Enforcement,NW 4TH ST,,25.775419,-80.274429,0,,NW 48TH CT,,Local,Unpaved,Four-Way Intersection,N,Dark - Lighted,Cloudy,Wet,N,,Pedalcycle,On Roadway,N,Intersection,None,,,None,,,N,,,,,OFFICER,Miami Police Department,Police Department (PD),2/1/2023 2:56:00 PM,3/3/2023 2:46:00 PM,8,Y,Bicycle,Bicycle,Serious Injury,Incapacitating Injury,DAY,N,N,N,N,N,N,Y,N,N,1,1,0,0,1,0,0,0,0,0,0,1,1,0,1,0,0,0,0,0,0,0,0,0,0,N,0,0,Y,1,0,0,0,0,0,1,500,500,1,0,0,Preliminary,Editor Mapped,572752.9699,2851011.6115,25.775400844911,-80.2744212453952
25534179,2023,06-JAN-2023 04:30 PM,07-JAN-2023 12:00 AM,23023420,L,1,2,6,60,Palm Beach,Lake Park,Urban,1/6/2023 4:00:00 PM,1/6/2023 4:33:00 PM,1/6/2023 4:40:00 PM,1/6/2023 5:15:00 PM,Y,Law Enforcement,PALMETTO DR,,26.803707,-80.05537,20,West,N FEDERAL HWY,,U.S.,Curb,Four-Way Intersection,N,Daylight,Clear,Dry,N,,Pedalcycle,On Roadway,Y,Intersection,None,,,None,,,N,,,,,CPL,Palm Beach County Sheriff's Office,Sheriff's Office (SO),1/9/2023 2:45:00 PM,1/9/2023 2:45:00 PM,3,Y,Bicycle,Bicycle,Injury,Non-Incapacitating Injury,DAY,N,N,N,N,N,Y,Y,N,N,0,1,0,1,0,0,0,0,0,0,0,1,1,0,1,0,0,0,0,0,0,0,0,0,0,N,0,0,Y,0,0,0,0,0,0,0,0,0,0,0,1,Preliminary,Editor Mapped,593886.6572,2965042.6861,26.803701341454,-80.0553671212646
25547415,2023,28-JAN-2023 01:11 PM,28-JAN-2023 12:00 AM,23-0201,L,1,2,8,40,Volusia,Holly Hill,Urban,1/28/2023 1:11:00 PM,1/28/2023 1:11:00 PM,1/28/2023 1:13:00 PM,1/28/2023 1:45:00 PM,Y,Law Enforcement,N NOVA RD,,29.244596,-81.064165,0,,15TH ST,,Local,Paved,Four-Way Intersection,N,Daylight,Clear,Dry,N,,Pedestrian,On Roadway,N,Intersection-Related,None,,,None,,,N,,,,,OFC,Holly Hill Police Department,Police Department (PD),2/5/2023 2:57:00 PM,3/6/2023 2:29:00 PM,8,Y,Pedestrian,Pedestrian,No Injury,No Injury,DAY,N,N,N,N,N,N,Y,N,N,2,0,0,0,0,0,0,0,0,0,0,1,1,0,1,0,0,0,0,0,0,0,0,0,0,N,0,0,Y,0,0,0,0,0,0,0,0,0,1,0,0,Preliminary,Editor Mapped,493767.5045,3235082.5846,29.2445565505852,-81.0641402563223
25547470,2023,09-APR-2023 02:55 PM,09-APR-2023 12:00 AM,23-0673,L,1,2,8,40,Volusia,Holly Hill,Urban,4/9/2023 3:55:00 PM,4/9/2023 3:57:00 PM,4/9/2023 2:59:00 PM,4/9/2023 3:30:00 PM,Y,Law Enforcement,RIDGEWOOD AVE,,29.256098,-81.046969,206,North,FLOMICH AVE,,County,Curb,Not at Intersection,N,Daylight,Clear,Dry,N,,Pedalcycle,On Roadway,N,Non-Junction,None,,,None,,,N,,,,,OFC,Holly Hill Police Department,Police Department (PD),4/18/2023 3:36:00 PM,4/18/2023 3:36:00 PM,9,Y,Bicycle,Bicycle,Serious Injury,Incapacitating Injury,DAY,N,N,N,N,N,N,N,N,N,1,1,0,0,1,0,0,0,0,0,0,1,1,0,1,0,0,0,0,0,0,0,0,0,0,N,0,0,Y,1,0,1,0,0,0,1,500,500,1,0,0,Verified,n/a,495436.8404,3236359.9203,29.2560924446607,-81.0469659507452
25548125,2023,24-JUL-2023 03:40 PM,24-JUL-2023 12:00 AM,MAPD,S,1,2,19,66,Brevard,Melbourne Airport,Urban,7/24/2023 3:40:00 PM,7/24/2023 3:42:00 PM,7/24/2023 3:50:00 PM,7/24/2023 2:05:00 PM,Y,Law Enforcement,GENERAL AVIATION DR,,,,0,,APOLLO BLVD N,,Local,Paved,Not at Intersection,N,Daylight,Clear,Dry,N,,Pedalcycle,On Roadway,N,Intersection-Related,None,,,None,,,N,,,,,SERGEANT,Melbourne Airport Police Department,Police Department (PD),7/27/2023 9:22:00 PM,7/27/2023 9:22:00 PM,3,N,Bicycle,Bicycle,No Injury,No Injury,DAY,N,N,N,N,N,N,Y,N,N,2,0,0,0,0,0,0,0,0,0,0,1,1,0,1,0,0,0,0,0,0,0,0,0,0,N,0,0,Y,0,0,0,0,0,0,0,0,0,0,0,0,Preliminary,Computer mapped confident by address,535946.627,3109664.6583,28.1120115238829,-80.6340231477474
25550908,2023,21-MAR-2023 09:45 PM,22-MAR-2023 03:04 AM,342303057953,L,1,2,10,38,Broward,Fort Lauderdale,Urban,3/21/2023 9:48:00 PM,3/21/2023 9:49:00 PM,3/21/2023 9:53:00 PM,3/21/2023 10:28:00 PM,Y,Law Enforcement,NW 9TH AVE,,,,0,,NW 62ND ST,,State,Curb,Four-Way Intersection,N,Dark - Lighted,Clear,Dry,N,Other,Motor Vehicle in Transport,On Roadway,N,Non-Junction,None,,,Other,,,N,,,,,,Fort Lauderdale Police Department,Police Department (PD),3/23/2023 2:24:00 PM,12/12/2023 8:11:00 PM,2,Y,Single Vehicle,Other,Injury,Possible Injury,NIGHT,N,N,N,Y,N,N,N,N,N,1,1,1,0,0,0,0,0,0,0,0,1,1,0,1,0,0,0,0,0,0,0,0,0,0,N,0,0,Y,0,0,0,0,2,200,1,500,700,0,0,0,Preliminary,Editor Mapped,584336.5043,2898450.4987,26.2030996750037,-80.1558513691746
25550954,2023,02-APR-2023 08:14 AM,02-APR-2023 01:34 PM,342304066255,L,1,2,10,38,Broward,Fort Lauderdale,Urban,4/2/2023 8:16:00 AM,4/2/2023 8:16:00 AM,4/2/2023 8:24:00 AM,4/2/2023 9:00:00 AM,Y,Law Enforcement,N FEDERAL HIGHWAY/ US 1,,,,0,,NE 4TH STREET,,State,Curb,Four-Way Intersection,N,Daylight,Cloudy,Dry,N,Angle,Pedalcycle,On Roadway,Y,Intersection,None,,,None,,,N,,,,,,Fort Lauderdale Police Department,Police Department (PD),4/11/2023 3:40:00 PM,12/12/2023 8:11:00 PM,9,Y,Bicycle,Bicycle,Injury,Non-Incapacitating Injury,DAY,N,N,N,N,N,N,Y,N,N,1,1,0,1,0,0,0,0,0,0,0,1,1,0,1,1,0,0,0,0,0,0,0,0,0,N,0,0,Y,0,0,0,0,2,800,0,0,800,1,0,0,Verified,n/a,586244.7874,2889957.1813,26.126303327004,-80.1373169308889
25551666,2023,18-MAR-2023 03:17 PM,18-MAR-2023 09:17 PM,342303055687,L,1,2,10,38,Broward,Fort Lauderdale,Urban,3/18/2023 3:19:00 PM,3/18/2023 3:24:00 PM,3/18/2023 3:40:00 PM,3/18/2023 4:10:00 PM,Y,Law Enforcement,E LAS OLAS BLVD,,,,157,East,SUNSET DR,,Local,Curb,Not at Intersection,N,Daylight,Clear,Dry,N,Angle,Motor Vehicle in Transport,On Roadway,N,Non-Junction,None,,,None,,,N,,,,,,Fort Lauderdale Police Department,Police Department (PD),3/21/2023 2:31:00 PM,12/12/2023 8:11:00 PM,3,Y,Single Vehicle,Other,Injury,Possible Injury,DAY,N,N,N,N,N,N,N,N,N,1,1,1,0,0,0,0,0,0,0,0,1,1,0,1,0,0,0,0,0,0,0,0,0,0,N,0,0,Y,0,0,0,0,0,0,0,0,0,0,0,0,Preliminary,Editor Mapped,588565.1164,2889289.2306,26.1201318736604,-80.114154982607
25551684,2023,11-FEB-2023 12:32 AM,11-FEB-2023 07:12 AM,342302028122,L,1,2,10,38,Broward,Fort Lauderdale,Urban,2/11/2023 12:33:00 AM,2/11/2023 12:33:00 AM,2/11/2023 12:44:00 AM,2/11/2023 1:00:00 AM,Y,Law Enforcement,SW 7TH AVE,,,,0,,SW 2ND ST,,Local,Curb,Four-Way Intersection,N,Dark - Lighted,Clear,Dry,N,Other,Pedalcycle,On Roadway,N,Intersection,None,,,None,,,N,,,,,,Fort Lauderdale Police Department,Police Department (PD),2/16/2023 6:54:00 PM,12/12/2023 8:11:00 PM,5,Y,Bicycle,Bicycle,Injury,Non-Incapacitating Injury,NIGHT,N,N,N,N,N,N,Y,N,N,1,1,0,1,0,0,0,0,0,0,0,1,1,0,1,0,0,0,0,0,0,0,0,0,0,N,0,0,Y,0,0,0,0,0,0,0,0,0,1,0,0,Preliminary,Editor Mapped,584935.6064,2889284.5067,26.1203077250372,-80.1504550795568
25552175,2023,27-MAY-2023 01:57 PM,27-MAY-2023 08:11 PM,342305107879,L,1,2,10,38,Broward,Fort Lauderdale,Urban,5/27/2023 1:59:00 PM,5/27/2023 2:00:00 PM,5/27/2023 2:22:00 PM,5/27/2023 2:56:00 PM,Y,Law Enforcement,A1A,,,,0,,VIRAMAR ST,,State,Curb,T-Intersection,Y,Daylight,Clear,Dry,N,Angle,Motor Vehicle in Transport,On Roadway,N,Non-Junction,None,,,None,,,N,,,,,,Fort Lauderdale Police Department,Police Department (PD),5/31/2023 2:52:00 PM,12/12/2023 8:11:00 PM,4,Y,Single Vehicle,Other,Injury,Possible Injury,DAY,N,N,N,N,N,N,N,N,N,1,1,1,0,0,0,0,0,0,0,0,1,1,0,1,0,0,0,0,0,0,0,0,0,0,N,0,0,Y,0,0,0,0,0,0,1,300,300,0,0,0,Preliminary,Editor Mapped,589625.5312,2890368.5735,26.1298112593871,-80.1034751628561
25552420,2023,19-APR-2023 04:15 PM,20-APR-2023 12:13 AM,342304080252,L,1,2,10,38,Broward,Fort Lauderdale,Urban,4/19/2023 4:37:00 PM,4/19/2023 7:13:00 PM,4/19/2023 6:38:00 PM,4/19/2023 7:18:00 PM,Y,Law Enforcement,N FEDERAL HWY,3200,,,,,,,Local,Curb,Not at Intersection,N,Daylight,Clear,Dry,N,Other,Pedestrian,Off Roadway,N,Driveway/Alley Access Related,None,,,None,,,N,,,,,,Fort Lauderdale Police Department,Police Department (PD),4/25/2023 3:37:00 PM,12/12/2023 8:11:00 PM,6,Y,Pedestrian,Pedestrian,Injury,Non-Incapacitating Injury,DAY,N,N,N,N,N,N,N,N,N,1,1,0,1,0,0,0,0,0,0,0,1,1,0,1,1,0,0,0,0,0,0,0,0,0,N,0,0,Y,0,0,0,0,0,0,1,2000,2000,1,0,0,Preliminary,Editor Mapped,588180.0603,2894648.064,26.1685382796746,-80.1176423077433
25552789,2023,27-MAY-2023 12:35 PM,27-MAY-2023 06:33 PM,342305107844,L,1,2,10,38,Broward,Fort Lauderdale,Urban,5/27/2023 12:46:00 PM,5/27/2023 12:46:00 PM,5/27/2023 12:58:00 PM,5/27/2023 2:00:00 PM,Y,Law Enforcement,NE 17TH TERR,,,,0,,E SUNRISE BLVD SR 838,,State,Curb,T-Intersection,N,Daylight,Cloudy,Dry,N,Angle,Pedalcycle,On Roadway,Y,Intersection-Related,None,,,None,,,N,,,,,,Fort Lauderdale Police Department,Police Department (PD),6/9/2023 2:58:00 PM,12/12/2023 8:11:00 PM,13,Y,Bicycle,Bicycle,Injury,Possible Injury,DAY,N,N,N,N,N,N,Y,N,N,1,1,1,0,0,0,0,0,0,0,0,1,1,0,1,1,0,0,0,0,0,0,0,0,0,N,0,0,Y,0,0,0,0,2,800,1,150,950,0,0,0,Verified,n/a,587483.0595,2891204.8526,26.137493436411,-80.1248480217098
25553549,2023,04-MAY-2023 11:10 AM,31-AUG-2023 06:19 PM,342305091046,L,1,2,10,38,Broward,Fort Lauderdale,Urban,5/4/2023 11:12:00 AM,5/4/2023 11:13:00 AM,5/4/2023 11:22:00 AM,5/4/2023 12:00:00 PM,Y,Law Enforcement,W. BROWARD BLVD,2500,,,,,,,Parking Lot,Curb,Other,Y,Daylight,Clear,Dry,N,Other,Pedalcycle,On Roadway,N,Intersection-Related,None,,,None,,,N,,,,,,Fort Lauderdale Police Department,Police Department (PD),5/6/2023 3:22:00 PM,12/12/2023 8:11:00 PM,2,Y,Bicycle,Bicycle,No Injury,No Injury,DAY,N,N,N,N,N,Y,Y,N,N,1,0,0,0,0,0,0,0,0,0,0,1,1,0,1,0,0,0,0,0,0,0,0,0,0,N,0,0,Y,0,0,0,0,2,500,0,0,500,0,0,0,Preliminary,Editor Mapped,582448.3174,2889117.7737,26.1189467919101,-80.175341977825
25553885,2023,13-MAY-2023 08:40 PM,14-MAY-2023 02:07 AM,342305097903,L,1,2,10,38,Broward,Fort Lauderdale,Urban,5/13/2023 8:50:00 PM,5/13/2023 9:08:00 PM,5/13/2023 9:18:00 PM,5/13/2023 9:34:00 PM,N,Law Enforcement,SR 736 DAVIE BLVD,2201,,,194,South,,,Parking Lot,Paved,Not at Intersection,N,Dark - Lighted,Clear,Dry,N,Other,Motor Vehicle in Transport,Off Roadway,N,Non-Junction,None,,,None,,,N,,,,,,Fort Lauderdale Police Department,Police Department (PD),6/2/2023 2:49:00 PM,12/12/2023 8:11:00 PM,20,Y,Single Vehicle,Other,No Injury,No Injury,NIGHT,N,N,N,N,N,Y,N,N,N,2,0,0,0,0,0,0,0,0,0,0,1,1,0,1,0,0,0,0,0,0,0,0,0,0,N,0,0,Y,0,0,0,0,0,0,0,0,0,0,0,0,Preliminary,Editor Mapped,583505.411,2887803.9122,26.1070233896037,-80.1648539996573
25553942,2023,29-JUL-2023 11:38 PM,30-JUL-2023 10:29 AM,342307152960,L,1,3,10,38,Broward,Fort Lauderdale,Urban,7/29/2023 11:39:00 PM,7/29/2023 11:39:00 PM,7/29/2023 11:57:00 PM,7/29/2023 12:48:00 AM,Y,Law Enforcement,NE 33RD ST,,,,0,,A1A,,State,Paved,T-Intersection,Y,Dark - Lighted,Clear,Dry,N,Angle,Motor Vehicle in Transport,On Roadway,N,Intersection,None,,,None,,,N,,,,,,Fort Lauderdale Police Department,Police Department (PD),8/11/2023 3:00:00 PM,12/12/2023 8:11:00 PM,13,Y,Single Vehicle,Other,Injury,Non-Incapacitating Injury,NIGHT,N,Y,N,Y,N,N,Y,N,N,2,1,0,1,0,0,0,0,0,0,0,1,1,0,1,0,0,1,0,0,0,0,0,0,0,N,0,0,Y,0,0,0,0,0,0,1,500,500,0,0,0,Preliminary,Editor Mapped,589907.8703,2894735.5436,26.1692210988485,-80.1003489175996
25554437,2023,18-JUN-2023 07:50 PM,28-JUN-2023 02:49 PM,342306124216,L,1,2,10,38,Broward,Fort Lauderdale,Urban,6/18/2023 7:50:00 PM,6/18/2023 7:51:00 PM,6/18/2023 7:54:00 PM,6/18/2023 7:56:00 PM,Y,Law Enforcement,S MIAMI RD,1615,26.10176,-80.13447,0,,,,Local,Paved,Roundabout,N,Daylight,Clear,Dry,N,Front to Front,Pedalcycle,On Roadway,N,Intersection-Related,None,,,None,,,N,,,,,,Fort Lauderdale Police Department,Police Department (PD),6/30/2023 3:33:00 PM,12/12/2023 8:11:00 PM,12,Y,Bicycle,Bicycle,Injury,Non-Incapacitating Injury,NIGHT,N,N,N,N,N,N,Y,N,N,1,1,0,1,0,0,0,0,0,0,0,1,1,0,1,0,0,0,0,0,0,0,0,0,0,N,0,0,Y,0,0,0,0,0,0,1,250,250,0,0,0,Preliminary,Editor Mapped,586571.6666,2887182.8756,26.1012353939632,-80.1342321108343
25555097,2023,12-MAY-2023 01:19 PM,12-MAY-2023 06:40 PM,342305096908,L,1,2,10,38,Broward,Fort Lauderdale,Urban,5/12/2023 1:19:00 PM,5/12/2023 2:15:00 PM,5/12/2023 2:17:00 PM,5/12/2023 2:47:00 PM,Y,Law Enforcement,STATE ROAD 842,2700,,,0,,27TH AVE,,State,Paved,Four-Way Intersection,Y,Daylight,Clear,Dry,N,Front to Front,Motor Vehicle in Transport,On Roadway,N,Intersection,None,,,None,,,N,,,,,,Fort Lauderdale Police Department,Police Department (PD),5/16/2023 2:59:00 PM,12/12/2023 8:11:00 PM,4,Y,Single Vehicle,Other,Serious Injury,Incapacitating Injury,DAY,N,N,N,N,N,N,Y,N,N,0,2,0,1,1,0,0,0,0,1,0,1,1,0,1,0,0,0,0,0,0,0,1,1,0,N,0,0,Y,0,0,1,0,0,0,1,500,500,1,0,0,Verified,n/a,582176.1884,2889391.0155,26.1214293749624,-80.1780463599371
25556601,2023,24-JUN-2023 03:07 PM,24-JUN-2023 10:33 PM,342306128346,L,1,2,10,38,Broward,Fort Lauderdale,Urban,6/24/2023 3:07:00 PM,6/24/2023 3:28:00 PM,6/24/2023 3:34:00 PM,6/24/2023 3:40:00 PM,Y,Law Enforcement,SW 7TH ST,6,26.11298,-80.14321,0,,S ANDREWS AVE,,Local,Curb,Four-Way Intersection,N,Daylight,Clear,Dry,N,Front to Front,Pedestrian,On Roadway,N,Intersection,None,,,None,,,N,,,,,,Fort Lauderdale Police Department,Police Department (PD),6/28/2023 3:31:00 PM,12/12/2023 8:11:00 PM,4,N,Pedestrian,Pedestrian,No Injury,No Injury,DAY,N,N,N,N,N,N,Y,N,N,2,0,0,0,0,0,0,0,0,0,0,1,1,0,1,0,0,0,0,0,0,0,0,0,0,N,0,0,Y,0,0,0,0,0,0,1,500,500,0,0,0,Preliminary,Editor Mapped,585665.2192,2888477.4941,26.1129782597451,-80.1432111122039
25556889,2023,04-SEP-2023 06:30 PM,04-SEP-2023 11:21 PM,342309176642,L,1,2,10,38,Broward,Fort Lauderdale,Urban,9/4/2023 6:32:00 PM,9/4/2023 6:34:00 PM,9/4/2023 6:42:00 PM,9/4/2023 7:00:00 PM,Y,Motorist,SE 15TH AV,,,,0,,SE 2ND ST,,Local,Curb,Four-Way Intersection,N,Daylight,Clear,Dry,N,Angle,Motor Vehicle in Transport,On Roadway,N,Intersection-Related,None,,,None,,,N,,,,,,Fort Lauderdale Police Department,Police Department (PD),9/7/2023 4:43:00 PM,12/12/2023 8:11:00 PM,3,Y,Single Vehicle,Other,Injury,Non-Incapacitating Injury,DAY,N,N,N,N,N,N,Y,N,N,1,1,0,1,0,0,0,0,0,0,0,1,1,0,1,0,0,0,0,0,0,0,0,0,0,N,0,0,Y,0,0,0,0,2,1000,1,2000,3000,1,0,0,Preliminary,Editor Mapped,587116.1853,2889361.9362,26.1208766316972,-80.1286412461567
25561075,2023,21-JUN-2023 06:54 AM,21-JUN-2023 12:00 AM,2023-00230233,L,1,2,7,46,Orange,Orlando,Urban,6/21/2023 6:39:00 PM,6/21/2023 7:05:00 PM,6/21/2023 7:19:00 PM,6/21/2023 8:05:00 PM,Y,Law Enforcement,INTERNATIONAL DR,,28.462409,-81.46379,0,,UNIVERSAL BLVD,,Local,Paved,Four-Way Intersection,Y,Dawn,Rain,Wet,N,,Pedalcycle,On Roadway,N,Intersection,None,,,None,,,N,,,,,CSO,Orlando Police Department,Police Department (PD),6/23/2023 3:24:00 PM,6/23/2023 3:24:00 PM,2,Y,Bicycle,Bicycle,Injury,Possible Injury,NIGHT,N,N,N,N,N,Y,Y,N,N,0,1,1,0,0,0,0,0,0,0,0,1,1,0,1,0,0,0,0,0,0,0,0,0,0,N,0,0,Y,0,0,0,0,1,100,0,0,100,0,0,0,Preliminary,Editor Mapped,454595.5416,3148514.771,28.462406083915,-81.4637830877139
