REPORT_NUMBER,CRASH_YEAR,VEHICLE_NUMBER,PERSON_NUMBER,RECOMMENDED_RE_EXAM,DL_STATE,DL_TYPE,DRIVER_DISTRACTION_CODE,CONDITION_AT_TIME_OF_CRASH,REQUIRED_ENDORSEMENTS,VISION_OBSTRUCTED,INSURANCE_COMPANY,CITY,STATE,ZIP_CODE,SEX,HELMET_CODE,RESTRAINT_SYSTEM_CODE,EYE_PROTECTION_CODE,AIR_BAG_DEPLOYMENT_CODE,EJECTED,SUSPECTED_ALCOHOL_USE_CODE,ALCOHOL_TESTED_CODE,ALCOHOL_TEST_TYPE_CODE,ALCOHOL_TEST_RESULTS,BLOOD_ALCOHOL_CONTENT,SUSPECTED_DRUG_USE_CODE,DRUG_TESTED_CODE,DRUG_TEST_TYPE_CODE,DRUG_TEST_RESULTS,INJURY_SEVERITY,EMS_TRANSPORT_TYPE,DRIVER_ACTION_1,DRIVER_ACTION_2,DRIVER_ACTION_3,DRIVER_ACTION_4,S4_AGE_AT_TIME_OF_CRASH,S4_IS_AGGRESSIVE_DRIVING,S4_IS_ALCOHOL_RELATED,S4_IS_DRUG_RELATED,S4_IS_DISTRACTED,S4_IS_SPEEDING_RELATED,S4_IS_AGING_DRIVER,S4_IS_TEENAGER_DRIVER,S4_IS_UNRESTRAINED
25121817,2023,1,1,N,FL,E/Operator,Not Distracted,Apparently Normal,No Required Endorsements,Vision Not Obscured,GEICO GENERAL INSURANCE,,,33707,Male,,Shoulder and Lap Belt Used,,Not Deployed,Not Ejected,N,,,,,N,,,,None,Not Transported,No Contributing Action,,,,72,N,N,N,N,N,Y,N,N
25121990,2023,1,1,N,FL,E/Operator,Not Distracted,Apparently Normal,No Required Endorsements,Vision Not Obscured,STATE FARM MUTUAL AUTOM,,,33704,Female,,Shoulder and Lap Belt Used,,Not Deployed,Not Ejected,N,,,,,N,,,,None,Not Transported,No Contributing Action,,,,55,N,N,N,N,N,N,N,N
25122682,2023,1,1,N,FL,E/Operator,Not Distracted,Apparently Normal,No Required Endorsements,Vision Not Obscured,GEICO INDEMNITY COMPANY,,,33607,Male,,Shoulder and Lap Belt Used,,Not Applicable,Not Ejected,N,,,,,N,,,,None,Not Transported,Failed to Yield Right-of-Way,,,,27,N,N,N,N,N,N,N,N
25159179,2023,1,1,N,FL,E/Operator,Not Distracted,Apparently Normal,No Required Endorsements,Vision Not Obscured,UNITED SERVICES AUTOMOB,,,34994,Male,,Shoulder and Lap Belt Used,,Not Deployed,Not Ejected,N,,,,,N,,,,None,Not Transported,Other Contributing Action,,,,76,N,N,N,N,N,Y,N,N
25183273,2023,1,1,N,,E/Operator,Not Distracted,Apparently Normal,No Required Endorsements,Vision Not Obscured,,,,,,,Shoulder and Lap Belt Used,,Not Deployed,Not Ejected,N,,,,,N,,,,None,Not Transported,No Contributing Action,,,,,N,N,N,N,N,N,N,N
25184356,2023,1,1,N,FL,E/Operator,Not Distracted,Apparently Normal,No Required Endorsements,Vision Not Obscured,PROGRESSIVE AMERICAN IN,,,33436,Female,,Shoulder and Lap Belt Used,,Not Deployed,Not Ejected,N,,,,,N,,,,None,Not Transported,Operated MV in Careless or Negligent Manner,,,,46,N,N,N,N,N,N,N,N
25184572,2023,1,1,N,FL,E/Operator,Not Distracted,Apparently Normal,No Required Endorsements,Vision Not Obscured,PROGRESSIVE EXPRESS INS,,,33407,Female,,Shoulder and Lap Belt Used,,Not Deployed,Not Ejected,N,,,,,N,,,,None,Not Transported,Failed to Yield Right-of-Way,,,,51,N,N,N,N,N,N,N,N
25184973,2023,1,1,N,FL,E/Operator,Inattentive,Apparently Normal,No,Vision Not Obscured,FLORIDA MUNICIPAL TRUST,,,34691,Male,,Shoulder and Lap Belt Used,,Not Deployed,Not Ejected,N,,,,,N,,,,None,Not Transported,Failed to Yield Right-of-Way,,,,48,N,N,N,Y,N,N,N,N
25185306,2023,1,1,N,FL,B,Not Distracted,Apparently Normal,No,Vision Not Obscured,SELF INSURANCE,,,32601,Female,No Helmet,Shoulder and Lap Belt Used,,Not Deployed,Not Ejected,N,,,,,N,,,,None,Not Transported,Other Contributing Action,Failed to Yield Right-of-Way,,,28,N,N,N,N,N,N,N,N
25193422,2023,1,2,N,FL,E/Operator,Not Distracted,Apparently Normal,No Required Endorsements,Vision Not Obscured,PREFERRED GOVT,,,33324,Male,No Helmet,Shoulder and Lap Belt Used,,Not Deployed,Not Ejected,N,,,,,N,,,,None,Not Transported,No Contributing Action,,,,47,N,N,N,N,N,N,N,N
25232291,2023,1,1,,FL,E/Operator - Restricted,Not Distracted,Apparently Normal,No,Vision Not Obscured,INFINITY AUTO INSURANCE COMPANY,,,33147,Female,No Helmet,Shoulder and Lap Belt Used,,Not Applicable,Not Ejected,N,,,,,N,,,,None,Not Transported,Operated MV in Careless or Negligent Manner,,,,52,N,N,N,N,N,N,N,N
25237724,2023,1,1,,FL,,Not Distracted,Apparently Normal,No,Vision Not Obscured,NEW HAMPSHIRE INSURANCE COMPANY,,,33055,Male,,Shoulder and Lap Belt Used,,Not Deployed,Not Ejected,N,,,,,N,,,,None,Not Transported,No Contributing Action,,,,51,N,N,N,N,N,N,N,N
25238388,2023,1,1,,FL,E/Operator,Not Distracted,Apparently Normal,No Required Endorsements,Vision Not Obscured,STATE FARM MUTUAL AUTOMOBILE INSURANCE C,,,33157,Female,No Helmet,Shoulder and Lap Belt Used,,Not Deployed,Not Ejected,N,,,,,N,,,,None,Not Transported,Operated MV in Careless or Negligent Manner,,,,50,N,N,N,N,N,N,N,N
25238631,2023,1,1,,FL,E/Operator,Not Distracted,Apparently Normal,No,Vision Not Obscured,INFINITY INDEMNITY INSURANCE COMPANY,,,33056,Male,,Shoulder and Lap Belt Used,N,Not Deployed,Not Ejected,N,,,,,N,,,,None,Not Transported,No Contributing Action,,,,54,N,N,N,N,N,N,N,N
25241542,2023,1,1,,FL,E/Operator,Not Distracted,Apparently Normal,No,Vision Not Obscured,STATE FARM MUTUAL AUTOMOBILE INSURANCE CPOLICY,,,33147,Female,No Helmet,Shoulder and Lap Belt Used,,Not Deployed,Not Ejected,N,,,,,N,,,,None,Not Transported,No Contributing Action,,,,66,N,N,N,N,N,Y,N,N
25243386,2023,1,1,,FL,E/Operator,Not Distracted,Apparently Normal,No Required Endorsements,Vision Not Obscured,RESPONSIVE AUTO INSURANCE COMPANY (THE),,,33172,Female,,Shoulder and Lap Belt Used,,Not Deployed,Not Ejected,N,,,,,N,,,,None,Not Transported,Operated MV in Careless or Negligent Manner,,,,64,N,N,N,N,N,N,N,N
25245600,2023,1,1,,FL,None,Not Distracted,Apparently Normal,No,Vision Not Obscured,DIRECT GENERAL INSURANCE COMPANY,,,33142,Male,No Helmet,Shoulder and Lap Belt Used,,Not Deployed,Not Ejected,N,,,,,N,,,,None,Not Transported,Failed to Yield Right-of-Way,Failed to Yield Right-of-Way,,,32,Y,N,N,N,N,N,N,N
25245721,2023,1,1,,OT,None,Unknown,Unknown,No,All Other,UNK,,,UNK,Unknown,No Helmet,Other,N,Deployment Unknown,Unknown,N,,,,,N,,,,None,Not Transported,Other Contributing Action,,,,,N,N,N,,N,N,N,N
25250318,2023,1,1,N,FL,E/Operator,Not Distracted,Apparently Normal,No Required Endorsements,Vision Not Obscured,UNITED SERVICES AUTOMOB,,,32771,Female,,Shoulder and Lap Belt Used,,Not Deployed,Not Ejected,N,,,,,N,,,,None,Not Transported,No Contributing Action,,,,48,N,N,N,N,N,N,N,N
25261473,2023,1,1,,FL,C,Not Distracted,Apparently Normal,No,Vision Not Obscured,STATE FARM MUTUAL AUTOMOBILE INSURANCE C,,,32780,Male,No Helmet,Shoulder and Lap Belt Used,N,Not Deployed,Not Ejected,N,,,,,N,,,,None,Not Transported,Failed to Yield Right-of-Way,,,,67,N,N,N,N,N,Y,N,N
25310491,2023,1,1,N,FL,E/Operator,Not Distracted,Apparently Normal,No Required Endorsements,Vision Not Obscured,USAA GENERAL INDEMNITY,,,32174,Female,,Shoulder and Lap Belt Used,,Not Deployed,Not Ejected,N,,,,,N,,,,None,Not Transported,No Contributing Action,,,,54,N,N,N,N,N,N,N,N
25317731,2023,1,1,N,FL,E/Operator,Not Distracted,Apparently Normal,,Vision Not Obscured,SELF INSURANCE,,,32563,Male,,Lap Belt Only Used,,Not Deployed,Not Ejected,N,Test Not Given,,,,N,Test Not Given,,,None,Not Transported,No Contributing Action,,,,41,N,N,N,N,N,N,N,N
25332559,2023,1,1,N,FL,E/Operator,Not Distracted,Apparently Normal,No Required Endorsements,Vision Not Obscured,GEICO,,,32207,Male,,Shoulder and Lap Belt Used,,Not Deployed,Not Ejected,N,Test Not Given,,,,N,Test Not Given,,,None,Not Transported,No Contributing Action,,,,39,N,N,N,N,N,N,N,N
25343186,2023,1,1,N,FL,E/Operator,Not Distracted,Apparently Normal,No Required Endorsements,Vision Not Obscured,FLORIDA AUTOMOTIVE INSURANCE,,,33319,Female,No Helmet,Shoulder and Lap Belt Used,,Not Deployed,Not Ejected,N,,,,,N,,,,None,Not Transported,Operated MV in Careless or Negligent Manner,,,,29,N,N,N,N,N,N,N,N
25347893,2023,1,1,N,FL,E/Operator,Not Distracted,Apparently Normal,No,Inclement Weather,PROGRESSIVE SELECT INSURANCE COMPAN,,,34953,Female,No Helmet,Shoulder and Lap Belt Used,N,Not Deployed,Not Ejected,N,,,,,N,,,,None,Not Transported,Swerved or Avoided,,,,42,N,N,N,N,N,N,N,N
25348518,2023,1,1,N,FL,E/Operator,Not Distracted,Apparently Normal,No Required Endorsements,Vision Not Obscured,PROGRESSIVE AMERICAN INSURANCE COMP,,,34990,Female,No Helmet,Shoulder and Lap Belt Used,,Not Deployed,Not Ejected,N,,,,,N,,,,None,Not Transported,No Contributing Action,,,,32,N,N,N,N,N,N,N,N
25355639,2023,1,1,N,CO,E/Operator - Restricted,Not Distracted,Apparently Normal,No Required Endorsements,Vision Not Obscured,DAIRYLAND INSURANCE CO.,,,34761,Male,,Shoulder and Lap Belt Used,,Not Deployed,Not Ejected,N,,,,,N,,,,None,Not Transported,Failed to Yield Right-of-Way,,,,40,N,N,N,N,N,N,N,N
25357828,2023,1,1,,,,Unknown,Unknown,,,,,,,Male,,,,,Unknown,,,,,,,,,,,Unknown,Failed to Yield Right-of-Way,,,,,N,N,N,,N,N,N,N
25367428,2023,1,1,N,FL,E/Operator,Not Distracted,Apparently Normal,No Required Endorsements,Vision Not Obscured,STATEFARM,,,32333,Female,,Shoulder and Lap Belt Used,,Not Deployed,Not Ejected,N,,,,,N,,,,None,Not Transported,No Contributing Action,,,,35,N,N,N,N,N,N,N,N
25369205,2023,1,1,N,FL,E/Operator,Not Distracted,Apparently Normal,No Required Endorsements,Vision Not Obscured,DIRECT GENERAL INSURANC,,,32305,Female,,Shoulder and Lap Belt Used,,Not Deployed,Not Ejected,N,,,,,N,,,,None,Not Transported,Failed to Yield Right-of-Way,,,,54,N,N,N,N,N,N,N,N
25376705,2023,1,1,N,FL,E/Operator,Not Distracted,Apparently Normal,,Vision Not Obscured,GEICO,,,32607,Female,,Shoulder and Lap Belt Used,,Not Deployed,Not Ejected,N,Test Not Given,,,,N,Test Not Given,,,None,Not Transported,No Contributing Action,,,,37,N,N,N,N,N,N,N,N
25380271,2023,1,2,N,NY,E/Operator,Not Distracted,Apparently Normal,No Required Endorsements,Vision Not Obscured,GEICO,,,33143,Female,No Helmet,Shoulder and Lap Belt Used,N,Not Deployed,Not Ejected,N,,,,,N,,,,None,Not Transported,No Contributing Action,,,,21,N,N,N,N,N,N,N,N
25380673,2023,1,1,N,FL,E/Operator,Not Distracted,Apparently Normal,No Required Endorsements,Vision Not Obscured,STATE FARM MUTUAL AUTOMOBILE INSURA,,,33173,Female,No Helmet,Shoulder and Lap Belt Used,,Not Deployed,Not Ejected,N,,,,,N,,,,None,Not Transported,No Contributing Action,,,,46,N,N,N,N,N,N,N,N
25396372,2023,1,1,N,FL,E/Operator,Not Distracted,Apparently Normal,No Required Endorsements,Vision Not Obscured,SECURITY NATIONAL INSURANCE COMPANY,,,33496,Male,No Helmet,Shoulder and Lap Belt Used,,Not Deployed,Not Ejected,N,,,,,N,,,,None,Not Transported,Failed to Yield Right-of-Way,,,,48,N,N,N,N,N,N,N,N
25435563,2023,1,1,N,FL,B,Not Distracted,Apparently Normal,No Required Endorsements,Vision Not Obscured,PROGRESSIVE AMERICAN IN,,,33764,Male,,Shoulder and Lap Belt Used,,Not Deployed,Not Ejected,N,,,,,N,,,,None,Not Transported,No Contributing Action,,,,65,N,N,N,N,N,Y,N,N
25435972,2023,1,1,N,FL,E/Operator,Not Distracted,Apparently Normal,No Required Endorsements,Vision Not Obscured,PROGRESSIVE EXPRESS INS,,,33909,Male,,Shoulder and Lap Belt Used,,Not Deployed,Not Ejected,N,,,,,N,,,,None,Not Transported,Ran Red Light,,,,37,N,N,N,N,N,N,N,N
25439408,2023,1,1,N,FL,E/Operator,Not Distracted,Apparently Normal,,Vision Not Obscured,FARMERS,,,33870,Male,,Shoulder and Lap Belt Used,,Not Deployed,Not Ejected,N,Test Not Given,,,,N,Test Not Given,,,None,Not Transported,No Contributing Action,,,,74,N,N,N,N,N,Y,N,N
25441294,2023,1,2,N,FL,E/Operator,Not Distracted,Apparently Normal,Yes,Vision Not Obscured,STATE FARM MUTUAL AUTOMOBILE INSURA,,,32837,Male,No Helmet,Shoulder and Lap Belt Used,,Not Deployed,Not Ejected,N,,,,,N,,,,Possible,Not Transported,No Contributing Action,,,,25,N,N,N,N,N,N,N,N
25442356,2023,1,1,N,FL,E/Operator,Not Distracted,Apparently Normal,,Vision Not Obscured,STATE FARM,,,32086,Female,,Shoulder and Lap Belt Used,,Not Deployed,Not Ejected,N,Test Not Given,,,,N,Test Not Given,,,None,Not Transported,Failed to Yield Right-of-Way,,,,25,N,N,N,N,N,N,N,N
25446315,2023,1,1,N,FL,E/Operator,Not Distracted,Apparently Normal,No,Vision Not Obscured,FLORIDA FARM BUREAU CASUALTY INSURA,,,33401,Female,No Helmet,Shoulder and Lap Belt Used,Y,Not Deployed,Not Ejected,N,,,,,N,,,,None,Not Transported,No Contributing Action,,,,83,N,N,N,N,N,Y,N,N
25446336,2023,1,1,N,FL,E/Operator,Not Distracted,Apparently Normal,No Required Endorsements,Parked/Stopped Vehicle,SELF INSURED,,,33401,Female,No Helmet,Shoulder and Lap Belt Used,,Not Deployed,Not Ejected,N,,,,,N,,,,None,Not Transported,No Contributing Action,,,,24,N,N,N,N,N,N,N,N
25446353,2023,1,1,N,FL,E/Operator,Unknown,Apparently Normal,No Required Endorsements,Vision Not Obscured,EQUITY INSURANCE COMPANY,,,33401,Female,No Helmet,Shoulder and Lap Belt Used,,Not Deployed,Not Ejected,N,,,,,N,,,,None,Not Transported,Failed to Yield Right-of-Way,,,,48,N,N,N,,N,N,N,N
25446494,2023,1,1,N,,,,,,,,,,,Unknown,,,,,,,,,,,,,,,,,,,,,,N,N,N,,N,N,N,N
25451925,2023,1,1,N,FL,E/Operator,Not Distracted,Apparently Normal,No Required Endorsements,Vision Not Obscured,SECURITY NATIONAL INSUR,,,34289,Female,,Shoulder and Lap Belt Used,,Not Deployed,Not Ejected,N,,,,,N,,,,None,Not Transported,Other Contributing Action,,,,41,N,N,N,N,N,N,N,N
25455504,2023,1,1,N,FL,E/Operator,Not Distracted,Apparently Normal,No Required Endorsements,Vision Not Obscured,PROGRESSIVE AMERICAN INSURANCE COMPANY,,,33167,Male,,Shoulder and Lap Belt Used,,Not Deployed,Not Ejected,N,,,,,N,,,,None,Not Transported,Failed to Yield Right-of-Way,,,,26,N,N,N,N,N,N,N,N
25456960,2023,1,1,N,FL,E/Operator,Unknown,Apparently Normal,No Required Endorsements,Vision Not Obscured,USAA INSURANCE,,,33458,Female,No Helmet,Shoulder and Lap Belt Used,,Not Deployed,Not Ejected,N,,,,,N,,,,None,Not Transported,Failed to Yield Right-of-Way,Other Contributing Action,,,61,N,N,N,,N,N,N,N
25469024,2023,1,1,N,FL,E/Operator,Not Distracted,Apparently Normal,No Required Endorsements,Vision Not Obscured,STATE FARM MUTUAL AUTOMOBILE INSURA,,,33076,Female,No Helmet,Shoulder and Lap Belt Used,N,Not Deployed,Not Ejected,N,,,,,N,,,,None,Not Transported,No Contributing Action,,,,47,N,N,N,N,N,N,N,N
25469336,2023,1,1,N,FL,E/Operator,Not Distracted,Apparently Normal,No Required Endorsements,Vision Not Obscured,UNITED SERVICES AUTOMOBILE ASSOCIAT,,,33312,Male,,Shoulder and Lap Belt Used,,Not Deployed,Not Ejected,N,,,,,N,,,,None,Not Transported,Failed to Yield Right-of-Way,,,,60,N,N,N,N,N,N,N,N
25470291,2023,1,2,N,,,,,,,,,,,Unknown,,,,,,,,,,,,,,,,,,,,,,N,N,N,,N,N,N,N
25472047,2023,1,1,N,FL,E/Operator,Unknown,Apparently Normal,No Required Endorsements,Vision Not Obscured,GEICO INDEMNITY COMPANY,,,33064,Male,No Helmet,Shoulder and Lap Belt Used,,Not Deployed,Not Ejected,N,,,,,N,,,,None,Not Transported,Failed to Yield Right-of-Way,,,,44,N,N,N,,N,N,N,N
25474349,2023,1,1,N,FL,E/Operator,Not Distracted,Apparently Normal,No Required Endorsements,Vision Not Obscured,EQUITY INSURANCE COMPANY,,,33064,Male,No Helmet,Shoulder and Lap Belt Used,,Not Deployed,Not Ejected,N,,,,,N,,,,None,Not Transported,Failed to Yield Right-of-Way,,,,34,N,N,N,N,N,N,N,N
25476483,2023,1,2,N,FL,E/Operator,Not Distracted,Apparently Normal,No Required Endorsements,Vision Not Obscured,PERMANENT GENERAL ASSURANCE CORPORA,,,33062,Female,No Helmet,Shoulder and Lap Belt Used,,Not Deployed,Not Ejected,N,,,,,N,,,,None,Not Transported,No Contributing Action,,,,29,N,N,N,N,N,N,N,N
25477132,2023,1,1,N,,None,Unknown,Unknown,No,All Other,,,,,Unknown,No Helmet,Shoulder and Lap Belt Used,,Deployment Unknown,Unknown,,"Unknown, if Tested",Other,Unknown,,,"Unknown, if Tested",Other,Unknown,None,Not Transported,Other Contributing Action,,,,,N,N,N,,N,N,N,N
25477874,2023,1,1,N,OT,A,Not Distracted,Apparently Normal,No Required Endorsements,Vision Not Obscured,PROGRESSIVE,,,33302,Female,,Shoulder and Lap Belt Used,,Not Deployed,Not Ejected,N,,,,,N,,,,None,Not Transported,Failed to Yield Right-of-Way,,,,25,N,N,N,N,N,N,N,N
25479549,2023,1,1,N,FL,E/Operator,Not Distracted,Apparently Normal,No Required Endorsements,Vision Not Obscured,STATE FARM MUTUAL AUTOMOBILE INSURA,,,33321,Male,No Helmet,Shoulder and Lap Belt Used,,Not Deployed,Not Ejected,N,,,,,N,,,,None,Not Transported,Other Contributing Action,,,,76,N,N,N,N,N,Y,N,N
25481146,2023,1,1,N,FL,E/Operator,Not Distracted,Apparently Normal,No Required Endorsements,Trees/Crops/Bushes,PROGRESSIVE SELECT INSURANCE COMPAN,,,33024,Male,,Shoulder and Lap Belt Used,,Not Applicable,Not Ejected,N,,,,,N,,,,None,Not Transported,No Contributing Action,,,,32,N,N,N,N,N,N,N,N
25492252,2023,1,1,N,FL,E/Operator,Not Distracted,Apparently Normal,,Vision Not Obscured,STATE FARM,,,33870,Male,,Shoulder Belt Only Used,,Not Deployed,Not Ejected,N,Test Not Given,,,,N,Test Not Given,,,None,Not Transported,Failed to Yield Right-of-Way,,,,29,N,N,N,N,N,N,N,N
25493817,2023,1,1,N,FL,E/Operator,Not Distracted,Apparently Normal,No Required Endorsements,Vision Not Obscured,DIRECT GENERAL INSURANCE COMPANY,,,33770,Male,No Helmet,Shoulder and Lap Belt Used,,Not Deployed,Not Ejected,N,,,,,N,,,,None,Not Transported,No Contributing Action,,,,22,N,N,N,N,N,N,N,N
25495744,2023,1,1,N,FL,E/Operator,Not Distracted,Apparently Normal,No Required Endorsements,Vision Not Obscured,GEICO INDEMNITY COMPANY,,,33435,Male,,Shoulder and Lap Belt Used,,Not Deployed,Not Ejected,N,,,,,N,,,,None,Not Transported,Failed to Yield Right-of-Way,Ran Stop Sign,,,62,Y,N,N,N,N,N,N,N
25497715,2023,1,1,N,FL,E/Operator,Not Distracted,Apparently Normal,No Required Endorsements,Vision Not Obscured,STATE FARM MUTUAL AUTOM,,,32132,Female,,Shoulder and Lap Belt Used,,Not Deployed,Not Ejected,N,,,,,N,,,,None,Not Transported,No Contributing Action,,,,36,N,N,N,N,N,N,N,N
25503757,2023,1,1,,FL,E/Operator,Not Distracted,Apparently Normal,No,Vision Not Obscured,PROTECTIVE AUTO,,,33510,Male,No Helmet,Shoulder and Lap Belt Used,N,Not Deployed,Not Ejected,N,,,,,N,,,,None,Not Transported,Other Contributing Action,,,,29,N,N,N,N,N,N,N,N
25504326,2023,1,1,,FL,E/Operator,Not Distracted,Apparently Normal,No,Building/Fixed Object,LIBERTY MUTUAL,,,34237,Male,No Helmet,Shoulder and Lap Belt Used,N,Not Deployed,Not Ejected,N,,,,,N,,,,None,Not Transported,No Contributing Action,,,,19,N,N,N,N,N,N,Y,N
25508011,2023,1,1,N,FL,E/Operator,Not Distracted,Apparently Normal,No Required Endorsements,Vision Not Obscured,PROGRESSIVE AMERICAN IN,,,34237,Female,,Shoulder and Lap Belt Used,,Not Applicable,Not Ejected,N,,,,,N,,,,None,Not Transported,No Contributing Action,,,,73,N,N,N,N,N,Y,N,N
25524363,2023,1,1,N,FL,E/Operator,Not Distracted,Apparently Normal,No,Vision Not Obscured,STATE FARM MUTUAL AUTOM,,,33133,Male,,Shoulder and Lap Belt Used,,Not Deployed,Not Ejected,N,,,,,N,,,,None,Not Transported,Operated MV in Careless or Negligent Manner,,,,72,N,N,N,N,N,Y,N,N
25524363,2023,2,2,N,FL,E/Operator,Not Distracted,Apparently Normal,No,Vision Not Obscured,GATEWAY INSURANCE COMPA,,,33145,Male,,Shoulder and Lap Belt Used,,Not Deployed,Not Ejected,N,,,,,N,,,,None,Not Transported,No Contributing Action,,,,39,N,N,N,N,N,N,N,N
25524363,2023,3,3,N,FL,E/Operator,Not Distracted,Apparently Normal,No,Vision Not Obscured,PROGRESSIVE SELECT INSU,,,33129,Male,,Shoulder and Lap Belt Used,,Not Deployed,Not Ejected,N,,,,,N,,,,Possible,Not Transported,No Contributing Action,,,,47,N,N,N,N,N,N,N,N
25524363,2023,4,4,N,FL,E/Operator,Not Distracted,Apparently Normal,No,Vision Not Obscured,STATE FARM MUTUAL AUTOM,,,33129,Female,,Shoulder and Lap Belt Used,,Not Applicable,Not Ejected,N,,,,,N,,,,None,Not Transported,No Contributing Action,,,,32,N,N,N,N,N,N,N,N
25525192,2023,1,1,N,FL,E/Operator,Not Distracted,Apparently Normal,No Required Endorsements,Vision Not Obscured,GEICO GENERAL INSURANCE,,,33126,Male,,Shoulder and Lap Belt Used,,Not Deployed,Not Ejected,N,,,,,N,,,,None,Not Transported,No Contributing Action,,,,39,N,N,N,N,N,N,N,N
25534179,2023,1,1,,,,Unknown,Unknown,,,,,,,,,,,,Unknown,,,,,,,,,,,Unknown,,,,,,N,N,N,,N,N,N,N
25547415,2023,1,1,N,FL,E/Operator,Not Distracted,Apparently Normal,No Required Endorsements,Vision Not Obscured,ALLSTATE INSURANCE COMP,,,32117,Male,,Shoulder and Lap Belt Used,,Not Deployed,Not Ejected,N,,,,,N,,,,None,Not Transported,No Contributing Action,,,,54,N,N,N,N,N,N,N,N
25548125,2023,1,1,N,FL,E/Operator,Not Distracted,Apparently Normal,No Required Endorsements,Vision Not Obscured,PROGRESSIVE,,,32955,Male,,Shoulder and Lap Belt Used,,Not Deployed,Not Ejected,N,,,,,N,,,,None,Not Transported,Failed to Yield Right-of-Way,,,,59,N,N,N,N,N,N,N,N
25550908,2023,1,1,N,FL,,External Distraction,Apparently Normal,No,Vision Not Obscured,GEICO,,,33334,Male,No Helmet,Shoulder and Lap Belt Used,N,Not Deployed,Not Ejected,N,,,,,N,,,,None,Not Transported,Improper Turn,,,,21,N,N,N,Y,N,N,N,N
25551666,2023,1,1,N,FL,E/Operator,Not Distracted,Apparently Normal,No Required Endorsements,Vision Not Obscured,STATE FARM MUTUAL AUTOMOBILE INSURANCE,,,33433,Female,,Shoulder and Lap Belt Used,,Not Deployed,Not Ejected,N,,,,,N,,,,None,Not Transported,Failed to Yield Right-of-Way,,,,57,N,N,N,N,N,N,N,N
25551684,2023,1,1,N,FL,E/Operator,Not Distracted,Apparently Normal,No Required Endorsements,Vision Not Obscured,ESSENTIA INSURANCE CO,,,33305,Male,No Helmet,Shoulder and Lap Belt Used,,Not Deployed,Not Ejected,N,,,,,N,,,,None,Not Transported,Other Contributing Action,,,,60,N,N,N,N,N,N,N,N
25552420,2023,1,1,N,FL,E/Operator,Not Distracted,Apparently Normal,No Required Endorsements,Vision Not Obscured,HARTFORD UNDERWRITERS  INS,,,33308,Male,No Helmet,Shoulder and Lap Belt Used,,Not Deployed,Not Ejected,N,,,,,N,,,,None,Not Transported,Other Contributing Action,,,,73,N,N,N,N,N,Y,N,N
25552789,2023,1,1,N,FL,E/Operator,Not Distracted,Apparently Normal,No,Vision Not Obscured,STATE FARM MUTUAL AUTOMOBILE INSURANCE,,,33304,Male,No Helmet,Shoulder and Lap Belt Used,N,Not Deployed,Not Ejected,N,,,,,N,,,,None,Not Transported,Other Contributing Action,,,,78,N,N,N,N,N,Y,N,N
25553549,2023,1,1,N,,,Unknown,Unknown,,,UHAUL FLEET POLICY,,,,Male,,,,Not Deployed,Not Ejected,,,,,,,,,,,Not Transported,Improper Turn,,,,,N,N,N,,N,N,N,N
25553885,2023,1,1,N,,,Unknown,Unknown,,All Other,,,,UNK,Male,No Helmet,Restraint Used - Type Unknown,,Deployment Unknown,Not Ejected,,,,,,,,,,None,Not Transported,Other Contributing Action,,,,,N,N,N,,N,N,N,N
25553942,2023,1,1,N,FL,,Inattentive,Unknown,No,Vision Not Obscured,PROGRESSIVE,,,33062,Male,,Shoulder and Lap Belt Used,,Not Deployed,Not Ejected,Y,Test Given,Other,Unknown,,N,,,,None,Not Transported,Wrong Side or Wrong Way,,,,20,N,Y,N,Y,N,N,N,N
25554437,2023,2,2,N,FL,,Not Distracted,Apparently Normal,No Required Endorsements,Vision Not Obscured,GEICO,,,33316,Male,,Shoulder and Lap Belt Used,,Not Applicable,Not Ejected,N,,,,,N,,,,None,Not Transported,No Contributing Action,,,,60,N,N,N,N,N,N,N,N
25555097,2023,2,2,N,FL,,Not Distracted,Apparently Normal,Yes,Vision Not Obscured,UK,,,33020,Male,DOT-Compliant Motorcycle Helmet,Not Applicable (non-motorist),,Not Applicable,Not Applicable,N,,,,,N,,,,Incapacitating,EMS,No Contributing Action,,,,59,N,N,N,N,N,N,N,N
25556601,2023,2,2,N,FL,E/Operator,Not Distracted,Apparently Normal,No,Vision Not Obscured,USAA CASUALTY INSURANCE COMPANY,,,33020,Male,,Shoulder and Lap Belt Used,,Not Deployed,Not Ejected,N,,,,,N,,,,None,Not Transported,No Contributing Action,,,,59,N,N,N,N,N,N,N,N
25556889,2023,1,1,N,FL,E/Operator,Not Distracted,Apparently Normal,No,Vision Not Obscured,UNITED AUTOMOBILE INSURANCE COMPANY,,,33311,Female,,Shoulder and Lap Belt Used,,Not Deployed,Not Ejected,N,,,,,N,,,,None,Not Transported,Other Contributing Action,,,,44,N,N,N,N,N,N,N,N
25561075,2023,1,1,,,,Unknown,Unknown,,,,,,,,,,,,Unknown,,,,,,,,,,,Unknown,,,,,,N,N,N,,N,N,N,N
25552175,2023,1,1,N,FL,E/Operator,Not Distracted,Apparently Normal,No Required Endorsements,Vision Not Obscured,SELF INSURED,,,33316,Male,,Shoulder and Lap Belt Used,,Not Deployed,Not Ejected,N,,,,,N,,,,None,Not Transported,Failed to Yield Right-of-Way,,,,,N,N,N,N,N,N,N,N
25183279,2023,1,1,N,FL,E/Operator,Not Distracted,Apparently Normal,No Required Endorsements,Vision Not Obscured,ALLSTATE FIRE AND CASUA,,,33462,Female,,Shoulder and Lap Belt Used,,Not Deployed,Not Ejected,N,,,,,N,,,,None,Not Transported,No Contributing Action,,,,75,N,N,N,N,N,Y,N,N
25239051,2023,1,1,,FL,E/Operator,Not Distracted,Apparently Normal,No Required Endorsements,Vision Not Obscured,STATE FARM,,,33155,Male,,Shoulder and Lap Belt Used,,Not Deployed,Not Ejected,N,,,,,N,,,,None,Not Transported,Improper Backing,,,,82,N,N,N,N,N,Y,N,N
25242637,2023,1,1,,FL,E/Operator,Not Distracted,Apparently Normal,No Required Endorsements,Vision Not Obscured,UNITED AUTOMOBILE INSURANCE COMPANY,,,33181,Female,No Helmet,Shoulder and Lap Belt Used,,Not Deployed,Not Ejected,N,,,,,N,,,,None,Not Transported,No Contributing Action,,,,44,N,N,N,N,N,N,N,N
25245193,2023,1,1,,FL,E/Operator,Not Distracted,Apparently Normal,No Required Endorsements,Vision Not Obscured,NATIONAL LIABILITY & FIRE INSURANCE COMP,,,33193,Male,No Helmet,Shoulder and Lap Belt Used,,Not Deployed,Not Ejected,N,,,,,N,,,,None,Not Transported,Failed to Yield Right-of-Way,,,,75,N,N,N,N,N,Y,N,N
25390989,2023,1,1,N,FL,E/Operator,Not Distracted,Apparently Normal,No Required Endorsements,Vision Not Obscured,GEICO INDEMNITY COMPANY,,,32404,Female,,Shoulder and Lap Belt Used,,Not Deployed,Not Ejected,N,,,,,N,,,,None,Not Transported,Failed to Yield Right-of-Way,,,,42,N,N,N,N,N,N,N,N
25394127,2023,1,1,N,FL,E/Operator,Not Distracted,Apparently Normal,,Parked/Stopped Vehicle,PROGRESSIVE AMERICAN INSURANCE COMP,,,33172,Female,No Helmet,Shoulder and Lap Belt Used,,Not Deployed,Not Ejected,N,,,,,N,,,,None,Not Transported,No Contributing Action,,,,21,N,N,N,N,N,N,N,N
25433484,2023,1,1,,,,Unknown,Unknown,,,,,,,,,,,,Unknown,,,,,,,,,,,Unknown,,,,,,N,N,N,,N,N,N,N
25435368,2023,1,1,N,FL,E/Operator,Not Distracted,Apparently Normal,No Required Endorsements,Vision Not Obscured,NONE,,,33755,Female,,Shoulder and Lap Belt Used,,Not Deployed,Not Ejected,N,,,,,N,,,,None,Not Transported,No Contributing Action,,,,32,N,N,N,N,N,N,N,N
25445817,2023,1,2,N,FL,E/Operator,Not Distracted,Apparently Normal,No Required Endorsements,Vision Not Obscured,STATE FARM MUTUAL AUTOMOBILE INSURA,,,33411,Male,No Helmet,Shoulder and Lap Belt Used,,Not Deployed,Not Ejected,N,,,,,N,,,,None,Not Transported,Failed to Yield Right-of-Way,,,,52,N,N,N,N,N,N,N,N
25454258,2023,1,1,,FL,E/Operator,Unknown,Unknown,No,,ALLSTATE FIRE AND CASUA,,,33154,Female,,,,,Unknown,,,,,,,,,,None,Unknown,,,,,56,N,N,N,,N,N,N,N
25454632,2023,1,1,N,,E/Operator,Unknown,Unknown,No Required Endorsements,,,,,,,,Shoulder and Lap Belt Used,,Not Deployed,Unknown,,,,,,,,,,None,Unknown,No Contributing Action,,,,,N,N,N,,N,N,N,N
25459425,2023,1,2,N,FL,E/Operator,Not Distracted,Apparently Normal,,Vision Not Obscured,PROGRESSIVE SELECT INSURANCE COMPANY,,,32259,Female,,Shoulder and Lap Belt Used,,Not Deployed,Not Ejected,N,Test Not Given,,,,N,Test Not Given,,,None,Not Transported,No Contributing Action,,,,46,N,N,N,N,N,N,N,N
25473178,2023,1,1,N,FL,E/Operator,Inattentive,Apparently Normal,No Required Endorsements,Vision Not Obscured,GOVERNMENT EMPLOYEES INSURANCE COMP,,,33309,Female,No Helmet,Shoulder and Lap Belt Used,,Not Deployed,Not Ejected,N,,,,,N,,,,None,Not Transported,Failed to Yield Right-of-Way,,,,66,N,N,N,Y,N,Y,N,N
25502762,2023,1,1,,FL,E/Operator,Not Distracted,Apparently Normal,No,Vision Not Obscured,GOVERNMENT EMPLOYEES INSURANCE COMPANY,,,34690,Female,No Helmet,Shoulder and Lap Belt Used,N,Not Deployed,Not Ejected,N,,,,,N,,,,None,Not Transported,Failed to Yield Right-of-Way,,,,63,N,N,N,N,N,N,N,N
25547470,2023,1,1,N,FL,E/Operator,Not Distracted,Apparently Normal,No Required Endorsements,Vision Not Obscured,GEICO GENERAL INSURANCE,,,32174,Female,,Shoulder and Lap Belt Used,,Not Deployed,Not Ejected,N,,,,,N,,,,None,Not Transported,No Contributing Action,,,,48,N,N,N,N,N,N,N,N
25550954,2023,1,1,N,FL,E/Operator,Not Distracted,Apparently Normal,No,Glare,GEICO,,,33301,Male,No Helmet,Shoulder and Lap Belt Used,N,Not Deployed,Not Ejected,N,,,,,N,,,,None,Not Transported,Other Contributing Action,,,,84,N,N,N,N,N,Y,N,N
