REPORT_NUMBER,CRASH_YEAR,PERSON_NUMBER,LOCATION_AT_TIME_OF_CRASH_CODE,ACTION_PRIOR_TO_CRASH_CODE,NON_MOTORIST_DESCRIPTION_CODE,CITY,STATE,ZIP_CODE,SEX,SUSPECTED_ALCOHOL_USE_CODE,ALCOHOL_TESTED_CODE,ALCOHOL_TEST_TYPE_CODE,ALCOHOL_TEST_RESULT,BLOOD_ALCOHOL_CONTENT,SUSPECTED_DRUG_USE_CODE,DRUG_TESTED_CODE,DRUG_TEST_TYPE_CODE,DRUG_TEST_RESULT,INJURY_SEVERITY,EMS_TRANSPORT_TYPE,NON_MOTORIST_ACTIONS_CIRCUMSTANCES_1,NON_MOTORIST_ACTIONS_CIRCUMSTANCES_2,SAFETY_EQUIPMENT_CODE_1,SAFETY_EQUIPMENT_CODE_2,S4_AGE_AT_TIME_OF_CRASH,S4_IS_ALCOHOL_RELATED,S4_IS_DRUG_RELATED,S4_IS_AGING,S4_IS_TEENAGER
25121817,2023,2,Intersection - Unmarked Crosswalk,Walking/Cycling on Sidewalk,Other Cyclist,,,34449,Male,N,,,,,N,,,,Possible,EMS,Dart/Dash,,None,,36,N,N,N,N
25121990,2023,2,Intersection - Other,Crossing Roadway,Other Cyclist,,,33704,,N,,,,,N,,,,Non-Incapacitating,EMS,"Failure to Obey Traffic Signs, Signals, or Officer",,None,,40,N,N,N,N
25122682,2023,2,Bicycle Lane,Walking/Cycling Along Roadway Against Traffic,Other Cyclist,,,33711,Male,N,,,,,N,,,,Non-Incapacitating,EMS,No Improper Action,,None,,39,N,N,N,N
25561075,2023,2,Other,Other,Other Cyclist,,,32821,Male,N,,,,,N,,,,Possible,Not Transported,Other,,Helmet,,35,N,N,N,N
25159179,2023,2,Intersection - Other,Walking/Cycling on Sidewalk,Other Cyclist,,,34996,Male,N,,,,,N,,,,Non-Incapacitating,EMS,Other,Wrong-Way Riding or Walking,None,,64,N,N,N,N
25183273,2023,2,Intersection - Marked Crosswalk,Crossing Roadway,Other Cyclist,,,33462,Male,N,,,,,N,,,,Possible,Not Transported,Failure to Yield Right-of-Way,,None,,35,N,N,N,N
25183279,2023,2,Intersection - Marked Crosswalk,Crossing Roadway,Other Cyclist,,,33445,Male,N,,,,,N,,,,None,Not Transported,"Failure to Obey Traffic Signs, Signals, or Officer",,None,,38,N,N,N,N
25184356,2023,2,Travel Lane - Other Location,Waiting to Cross Roadway,Other Cyclist,,,33436,Male,N,,,,,N,,,,Possible,Not Transported,No Improper Action,,None,,29,N,N,N,N
25184572,2023,2,Sidewalk,Other,Other Cyclist,,,33436,Male,N,,,,,N,,,,Possible,Not Transported,No Improper Action,,Lighting,None,41,N,N,N,N
25184973,2023,2,Intersection - Marked Crosswalk,Crossing Roadway,Other Cyclist,,,34689,Male,N,,,,,N,,,,Incapacitating,EMS,No Improper Action,,None,,48,N,N,N,N
25185306,2023,2,Intersection - Marked Crosswalk,Walking/Cycling Along Roadway With Traffic,Other Cyclist,,,208951223,,N,,,,,N,,,,Non-Incapacitating,EMS,Unknown,,None,,,N,N,N,N
25193422,2023,1,Bicycle Lane,Walking/Cycling Along Roadway With Traffic,Other Cyclist,,,33325,,N,,,,,N,,,,None,Not Transported,Other,,None,,,N,N,N,N
25232291,2023,2,Shoulder/Roadside,In Roadway - Other,Other Cyclist,,,33055,Female,N,,,,,N,,,,None,Not Transported,No Improper Action,,None,None,30,N,N,N,N
25237724,2023,2,Intersection - Marked Crosswalk,Crossing Roadway,Bicyclist,,,33125,Male,N,,,,,N,,,,Possible,Not Transported,Wrong-Way Riding or Walking,,None,,34,N,N,N,N
25237724,2023,3,Intersection - Marked Crosswalk,Crossing Roadway,Other Cyclist,,,33125,Male,N,,,,,N,,,,Possible,Not Transported,Wrong-Way Riding or Walking,,None,,28,N,N,N,N
25238388,2023,2,Sidewalk,Walking/Cycling on Sidewalk,Other Cyclist,,,33157,Female,N,,,,,N,,,,Non-Incapacitating,Not Transported,No Improper Action,,None,,41,N,N,N,N
25238631,2023,2,Intersection - Unmarked Crosswalk,Crossing Roadway,Other Cyclist,,,33169,Male,N,,,,,N,,,,Non-Incapacitating,EMS,Other,,None,,33,N,N,N,N
25239051,2023,2,Travel Lane - Other Location,Walking/Cycling Along Roadway Against Traffic,Other Cyclist,,,,Male,,,,,,,,,,None,Not Transported,No Improper Action,,Unknown,,,N,N,N,N
25241542,2023,2,Travel Lane - Other Location,Crossing Roadway,Other Cyclist,,,UK,Male,,,,,,,,,,None,Not Transported,Failure to Yield Right-of-Way,,None,,,N,N,N,N
25242637,2023,2,Intersection - Unmarked Crosswalk,Walking/Cycling Along Roadway With Traffic,Other Cyclist,,,33162,Male,N,,,,,N,,,,None,Not Transported,Failure to Yield Right-of-Way,,None,,19,N,N,N,Y
25243386,2023,2,Intersection - Marked Crosswalk,Crossing Roadway,Other Cyclist,,,33015,Male,N,,,,,N,,,,Possible,EMS,No Improper Action,,None,,39,N,N,N,N
25245193,2023,2,Bicycle Lane,Walking/Cycling Along Roadway With Traffic,Other Cyclist,,,33183,Female,N,,,,,N,,,,Fatal (within 30 days),EMS,No Improper Action,,None,,,N,N,N,N
25245600,2023,2,Intersection - Marked Crosswalk,Walking/Cycling on Sidewalk,Other Cyclist,,,33142,Male,N,,,,,N,,,,Non-Incapacitating,EMS,No Improper Action,,None,,27,N,N,N,N
25245721,2023,2,Intersection - Other,Walking/Cycling Along Roadway With Traffic,Other Cyclist,,,33161,Male,N,,,,,N,,,,None,Not Transported,No Improper Action,No Improper Action,None,None,17,N,N,N,Y
25250318,2023,2,Other,Walking/Cycling Along Roadway With Traffic,Other Cyclist,,,32746,Male,N,,,,,N,,,,Non-Incapacitating,Not Transported,Inattentive,,None,,28,N,N,N,N
25261473,2023,2,Sidewalk,Walking/Cycling on Sidewalk,Other Cyclist,,,32780,Male,N,,,,,N,,,,None,Not Transported,No Improper Action,,None,,56,N,N,N,N
25310491,2023,2,Travel Lane - Other Location,Crossing Roadway,Other Cyclist,,,32118,Male,N,,,,,N,,,,Incapacitating,Not Transported,Failure to Yield Right-of-Way,,None,,51,N,N,N,N
25317731,2023,2,Shoulder/Roadside,In Roadway - Other,Other Cyclist,,,32505,Male,N,Test Not Given,,,,N,Test Not Given,,,None,Not Transported,Other,,None,,8,N,N,N,N
25332559,2023,2,Travel Lane - Other Location,Other,Other Cyclist,,,32209,Male,N,Test Not Given,,,,N,Test Not Given,,,Non-Incapacitating,EMS,Failure to Yield Right-of-Way,,None,,33,N,N,N,N
25343186,2023,2,Other,Walking/Cycling Along Roadway With Traffic,Other Cyclist,,,33313,,N,,,,,N,,,,Possible,EMS,No Improper Action,,None,,,N,N,N,N
25347893,2023,2,Intersection - Marked Crosswalk,Crossing Roadway,Other Cyclist,,,34953,,N,,,,,N,,,,Possible,Not Transported,No Improper Action,,None,,,N,N,N,N
25348518,2023,2,Intersection - Marked Crosswalk,Crossing Roadway,Other Cyclist,,,34953,,N,,,,,N,,,,Possible,EMS,Failure to Yield Right-of-Way,"Failure to Obey Traffic Signs, Signals, or Officer",Unknown,,,N,N,N,N
25355639,2023,3,Bicycle Lane,Walking/Cycling Along Roadway With Traffic,Other Cyclist,,,32765,Male,N,,,,,N,,,,Non-Incapacitating,Not Transported,No Improper Action,,None,,15,N,N,N,Y
25357828,2023,2,Intersection - Marked Crosswalk,Crossing Roadway,Other Cyclist,,,32904,Female,N,,,,,N,,,,Possible,Not Transported,No Improper Action,,None,,27,N,N,N,N
25367428,2023,2,Intersection - Marked Crosswalk,Crossing Roadway,Other Cyclist,,,32303,Male,N,,,,,N,,,,Non-Incapacitating,EMS,Wrong-Way Riding or Walking,,None,,19,N,N,N,Y
25369205,2023,2,Driveway Access,Walking/Cycling on Sidewalk,Other Cyclist,,,,Male,N,,,,,N,,,,Non-Incapacitating,EMS,No Improper Action,,None,,15,N,N,N,Y
25376705,2023,2,Travel Lane - Other Location,Crossing Roadway,Other Cyclist,,,32609,Male,N,Test Not Given,,,,N,Test Not Given,,,None,Not Transported,Failure to Yield Right-of-Way,,None,,36,N,N,N,N
25380271,2023,1,Other,Other,Other Cyclist,,,33157,,N,,,,,N,,,,Possible,EMS,Failure to Yield Right-of-Way,,None,,,N,N,N,N
25380673,2023,2,Intersection - Marked Crosswalk,Walking/Cycling on Sidewalk,Other Cyclist,,,33143,,N,,,,,N,,,,Non-Incapacitating,EMS,Other,,None,,,N,N,N,N
25390989,2023,2,Driveway Access,Other,Other Cyclist,,,32444,Male,N,,,,,N,,,,Possible,EMS,No Improper Action,,None,,44,N,N,N,N
25394127,2023,2,Other,In Roadway - Other,Other Cyclist,,,33178,,N,,,,,N,,,,None,Not Transported,No Improper Action,,None,,,N,N,N,N
25396372,2023,2,Intersection - Other,Crossing Roadway,Other Cyclist,,,33172,,N,,,,,N,,,,Possible,Not Transported,No Improper Action,,None,,,N,N,N,N
25433484,2023,2,Intersection - Marked Crosswalk,Crossing Roadway,Other Cyclist,,,33756,Male,N,,,,,N,,,,Non-Incapacitating,EMS,No Improper Action,,None,,57,N,N,N,N
25435368,2023,2,Midblock - Marked Crosswalk,Crossing Roadway,Other Cyclist,,,33755,Female,N,,,,,N,,,,Possible,Not Transported,"Failure to Obey Traffic Signs, Signals, or Officer",,Lighting,,34,N,N,N,N
25435563,2023,3,Intersection - Marked Crosswalk,Crossing Roadway,Other Cyclist,,,33764,Male,N,,,,,N,,,,Incapacitating,EMS,Dart/Dash,,None,,70,N,N,Y,N
25435972,2023,2,Intersection - Marked Crosswalk,Walking/Cycling Along Roadway With Traffic,Other Cyclist,,,33767,Male,N,,,,,N,,,,Incapacitating,EMS,No Improper Action,,None,,14,N,N,N,N
25439408,2023,3,Intersection - Marked Crosswalk,Crossing Roadway,Bicyclist,,,33870,Male,N,Test Not Given,,,,N,Test Not Given,,,None,Not Transported,"Failure to Obey Traffic Signs, Signals, or Officer",,None,None,15,N,N,N,Y
25439408,2023,4,Intersection - Marked Crosswalk,None,Other Cyclist,,,33870,Male,N,Test Not Given,,,,N,Test Not Given,,,None,Not Transported,No Improper Action,,None,None,16,N,N,N,Y
25441294,2023,1,Bicycle Lane,Walking/Cycling Along Roadway With Traffic,Other Cyclist,,,33837,,N,,,,,N,,,,Possible,Not Transported,Failure to Yield Right-of-Way,,Helmet,Protective Pads,,N,N,N,N
25442356,2023,2,Other,Walking/Cycling on Sidewalk,Other Cyclist,,,32080,Female,N,Test Not Given,,,,N,Test Not Given,,,Non-Incapacitating,Not Transported,Dart/Dash,,Helmet,,55,N,N,N,N
25445817,2023,1,Sidewalk,Walking/Cycling Along Roadway Against Traffic,Other Cyclist,,,33004,,N,,,,,N,,,,None,Not Transported,No Improper Action,,None,,,N,N,N,N
25446315,2023,3,Intersection - Marked Crosswalk,Crossing Roadway,Other Cyclist,,,33405,,N,,,,,N,,,,Possible,EMS,"Failure to Obey Traffic Signs, Signals, or Officer",,None,,,N,N,N,N
25446336,2023,2,Travel Lane - Other Location,Walking/Cycling Along Roadway Against Traffic,Other Cyclist,,,33407,,N,,,,,N,,,,Incapacitating,EMS,Dart/Dash,In Roadway Improperly,None,,,N,N,N,N
25446353,2023,2,Sidewalk,Walking/Cycling on Sidewalk,Other Cyclist,,,33045,,N,,,,,N,,,,Non-Incapacitating,EMS,No Improper Action,,None,,,N,N,N,N
25446494,2023,2,Intersection - Marked Crosswalk,Crossing Roadway,Other Cyclist,,,33130,,N,,,,,N,,,,None,Not Transported,Other,,None,,,N,N,N,N
25451925,2023,2,Sidewalk,Crossing Roadway,Other Cyclist,,,34287,Male,N,,,,,N,,,,Possible,EMS,No Improper Action,,None,,29,N,N,N,N
25454258,2023,2,Intersection - Unmarked Crosswalk,Crossing Roadway,Other Cyclist,,,33181,Male,N,,,,,N,,,,Possible,Not Transported,No Improper Action,,None,,41,N,N,N,N
25454632,2023,2,Shared-Use Path or Trail,Walking/Cycling Along Roadway With Traffic,Other Cyclist,,,33141,Male,N,,,,,N,,,,Possible,Not Transported,No Improper Action,,None,,23,N,N,N,N
25455504,2023,2,Sidewalk,Crossing Roadway,Other Cyclist,,,33140,Male,N,,,,,N,,,,None,EMS,No Improper Action,,None,,28,N,N,N,N
25456960,2023,2,Intersection - Unmarked Crosswalk,Crossing Roadway,Other Cyclist,,,33458,,N,,,,,N,,,,Non-Incapacitating,EMS,No Improper Action,,Helmet,,,N,N,N,N
25459425,2023,1,Intersection - Marked Crosswalk,Crossing Roadway,Other Cyclist,,,32081,Male,N,Test Not Given,,,,N,Test Not Given,,,Non-Incapacitating,EMS,"Failure to Obey Traffic Signs, Signals, or Officer",Failure to Yield Right-of-Way,None,,15,N,N,N,Y
25469024,2023,2,Intersection - Marked Crosswalk,Crossing Roadway,Other Cyclist,,,33076,,N,,,,,N,,,,Possible,Not Transported,Failure to Yield Right-of-Way,,Helmet,,,N,N,N,N
25469336,2023,2,Bicycle Lane,Other,Other Cyclist,,,33404,,N,,,,,N,,,,None,EMS,No Improper Action,,None,,,N,N,N,N
25470291,2023,1,Sidewalk,Walking/Cycling on Sidewalk,Other Cyclist,,,33441,,N,,,,,N,,,,Possible,Not Transported,No Improper Action,,None,,,N,N,N,N
25472047,2023,2,Intersection - Marked Crosswalk,Crossing Roadway,Other Cyclist,,,33069,,N,,,,,N,,,,Possible,EMS,No Improper Action,,None,,,N,N,N,N
25472958,2023,2,Intersection - Unmarked Crosswalk,Crossing Roadway,Bicyclist,,,33330,,N,,,,,N,,,,None,Not Transported,No Improper Action,,None,,,N,N,N,N
25472958,2023,3,Intersection - Unmarked Crosswalk,Crossing Roadway,Other Cyclist,,,33024,,N,,,,,N,,,,None,Not Transported,No Improper Action,,None,,,N,N,N,N
25473178,2023,2,Bicycle Lane,Walking/Cycling Along Roadway With Traffic,Other Cyclist,,,89431,,N,,,,,N,,,,Possible,Not Transported,No Improper Action,,Helmet,,,N,N,N,N
25474349,2023,2,Intersection - Marked Crosswalk,Crossing Roadway,Other Cyclist,,,33311,,N,,,,,N,,,,Possible,EMS,No Improper Action,,None,,,N,N,N,N
25476483,2023,1,Bicycle Lane,Walking/Cycling Along Roadway Against Traffic,Other Cyclist,,,33065,,N,,,,,N,,,,Possible,Not Transported,Wrong-Way Riding or Walking,,None,,,N,N,N,N
25477132,2023,2,Intersection - Marked Crosswalk,Crossing Roadway,Other Cyclist,,,33060,,N,,,,,N,,,,Possible,Not Transported,No Improper Action,,None,,,N,N,N,N
25477874,2023,2,Sidewalk,Walking/Cycling Along Roadway Against Traffic,Other Cyclist,,,33023,,N,,,,,N,,,,Non-Incapacitating,EMS,No Improper Action,,None,,,N,N,N,N
25479549,2023,2,Bicycle Lane,Walking/Cycling Along Roadway Against Traffic,Other Cyclist,,,33068,,N,,,,,N,,,,Possible,EMS,Other,,None,,,N,N,N,N
25481146,2023,2,Sidewalk,Walking/Cycling Along Roadway Against Traffic,Other Cyclist,,,33314,,N,,,,,N,,,,Non-Incapacitating,EMS,Wrong-Way Riding or Walking,,None,,,N,N,N,N
25492252,2023,2,Travel Lane - Other Location,Walking/Cycling Along Roadway With Traffic,Other Cyclist,,,33852,Female,N,Test Not Given,,,,N,Test Not Given,,,Possible,EMS,No Improper Action,,None,,63,N,N,N,N
25493817,2023,2,Travel Lane - Other Location,Walking/Cycling Along Roadway With Traffic,Other Cyclist,,,33756,,N,,,,,N,,,,Non-Incapacitating,Not Transported,In Roadway Improperly,Not Visible,None,,,N,N,N,N
25495744,2023,2,Other,Other,Other Cyclist,,,33444,,N,,,,,N,,,,Non-Incapacitating,Not Transported,No Improper Action,,None,,,N,N,N,N
25497715,2023,3,Travel Lane - Other Location,Walking/Cycling Along Roadway Against Traffic,Other Cyclist,,,32132,Male,Y,Test Not Given,,,,N,,,,Non-Incapacitating,EMS,Wrong-Way Riding or Walking,Dart/Dash,None,,69,Y,N,Y,N
25497727,2023,1,Travel Lane - Other Location,Walking/Cycling Along Roadway With Traffic,Other Cyclist,,,32141,Male,N,,,,,N,,,,Non-Incapacitating,EMS,Other,,Helmet,,27,N,N,N,N
25502762,2023,2,Intersection - Marked Crosswalk,Crossing Roadway,Bicyclist,,,34239,Female,N,,,,,N,,,,Possible,Not Transported,No Improper Action,,Helmet,,31,N,N,N,N
25502762,2023,3,Intersection - Marked Crosswalk,Crossing Roadway,Other Cyclist,,,34232,Female,N,,,,,N,,,,None,Not Transported,No Improper Action,,None,,34,N,N,N,N
25503757,2023,2,Bicycle Lane,Walking/Cycling Along Roadway With Traffic,Other Cyclist,,,34236,Male,N,,,,,N,,,,Non-Incapacitating,EMS,Other,,None,None,58,N,N,N,N
25504326,2023,2,Intersection - Unmarked Crosswalk,Crossing Roadway,Other Cyclist,,,34234,Male,N,,,,,N,,,,Non-Incapacitating,Not Transported,Dart/Dash,,None,None,34,N,N,N,N
25508011,2023,2,Intersection - Marked Crosswalk,None,Other Cyclist,,,34236,Male,N,,,,,N,,,,None,Not Transported,No Improper Action,,None,,53,N,N,N,N
25524363,2023,5,Intersection - Marked Crosswalk,Crossing Roadway,Other Cyclist,,,33139,Male,N,,,,,N,,,,None,Not Transported,No Improper Action,,None,,36,N,N,N,N
25525192,2023,2,Shoulder/Roadside,Crossing Roadway,Other Cyclist,,,33135,Male,N,,,,,N,,,,Incapacitating,EMS,No Improper Action,,None,,41,N,N,N,N
25534179,2023,2,Intersection - Marked Crosswalk,Crossing Roadway,Other Cyclist,,,33403,Male,N,,,,,N,,,,Non-Incapacitating,Other,No Improper Action,,None,,62,N,N,N,N
25547415,2023,2,Intersection - Marked Crosswalk,Waiting to Cross Roadway,Other Cyclist,,,32117,Male,Y,Test Not Given,,,,N,,,,None,EMS,Failure to Yield Right-of-Way,,None,,50,Y,N,N,N
25547470,2023,2,Travel Lane - Other Location,Crossing Roadway,Other Cyclist,,,32174,Male,N,,,,,N,,,,Incapacitating,EMS,Wrong-Way Riding or Walking,,None,,43,N,N,N,N
25548125,2023,2,Intersection - Marked Crosswalk,Crossing Roadway,Other Cyclist,,,329353121,Male,N,,,,,N,,,,None,Not Transported,No Improper Action,,Helmet,None,81,N,N,Y,N
25550908,2023,2,Intersection - Marked Crosswalk,Crossing Roadway,Other Cyclist,,,33436,Male,N,,,,,N,,,,Possible,Not Transported,Unknown,,Lighting,,21,N,N,N,N
25550954,2023,2,Intersection - Marked Crosswalk,Crossing Roadway,Other Cyclist,,,33068,Female,N,,,,,N,,,,Non-Incapacitating,EMS,No Improper Action,,Unknown,,30,N,N,N,N
25551666,2023,2,Bicycle Lane,Walking/Cycling Along Roadway With Traffic,Other Cyclist,,,33301,Male,N,,,,,N,,,,Possible,Not Transported,No Improper Action,,None,,35,N,N,N,N
25551684,2023,2,Intersection - Marked Crosswalk,Crossing Roadway,Other Cyclist,,,33314,Female,N,,,,,N,,,,Non-Incapacitating,EMS,Other,,None,,26,N,N,N,N
25552175,2023,2,Intersection - Marked Crosswalk,Walking/Cycling Along Roadway With Traffic,Other Cyclist,,,33334,Male,N,,,,,N,,,,Possible,Not Transported,No Improper Action,,None,,35,N,N,N,N
25552420,2023,2,Intersection - Marked Crosswalk,Walking/Cycling on Sidewalk,Other Cyclist,,,33311,Male,N,,,,,N,,,,Non-Incapacitating,EMS,Other,,None,,27,N,N,N,N
25552789,2023,2,Intersection - Marked Crosswalk,Walking/Cycling on Sidewalk,Other Cyclist,,,33304,Male,N,,,,,N,,,,Possible,Not Transported,Unknown,,Helmet,,50,N,N,N,N
25553549,2023,2,Travel Lane - Other Location,Walking/Cycling Along Roadway With Traffic,Other Cyclist,,,33312,Female,N,,,,,N,,,,None,Not Transported,No Improper Action,,None,,49,N,N,N,N
25553885,2023,2,Other,Other,Other Cyclist,,,33312,Male,N,,,,,N,,,,None,Not Transported,No Improper Action,,None,,60,N,N,N,N
25553942,2023,3,Intersection - Marked Crosswalk,Crossing Roadway,Other Cyclist,,,32266,Male,N,,,,,N,,,,Non-Incapacitating,Not Transported,No Improper Action,No Improper Action,None,,22,N,N,N,N
25554437,2023,1,Intersection - Unmarked Crosswalk,Walking/Cycling Along Roadway With Traffic,Other Cyclist,,,33304,Female,N,,,,,N,,,,Non-Incapacitating,Not Transported,Dart/Dash,,Not Applicable,,26,N,N,N,N
25555097,2023,1,Intersection - Marked Crosswalk,Crossing Roadway,Other Cyclist,,,33313,Male,N,,,,,N,,,,Non-Incapacitating,Not Transported,"Failure to Obey Traffic Signs, Signals, or Officer",,None,,38,N,N,N,N
25556601,2023,1,Intersection - Unmarked Crosswalk,Crossing Roadway,Other Cyclist,,,UK,Male,,,,,,,,,,None,Not Transported,"Failure to Obey Traffic Signs, Signals, or Officer",,None,,,N,N,N,N
25556889,2023,2,Intersection - Marked Crosswalk,Crossing Roadway,Other Cyclist,,,33301,Male,N,,,,,N,,,,Non-Incapacitating,EMS,No Improper Action,,None,,32,N,N,N,N
