REPORT_NUMBER,CRASH_YEAR,VEHICLE_NUMBER,OWNER_CITY,OWNER_STATE,OWNER_ZIP_CODE,COMMERCIAL_VEHICLE_FLAG,MOTION_CODE,STATE_OF_REGISTRATION,PERMANENT_REGISTRATION_FLAG,HIT_AND_RUN_FLAG,VEHICLE_YEAR,VEHICLE_MAKE,VEHICLE_MODEL,VEHICLE_STYLE,VEHICLE_COLOR,DISABLING_FUNCTIONAL_DAMAGE,ESTIMATED_VEHICLE_DAMAGE,TOW_DAMAGE_CODE,HOW_TOW_REQUESTED,BUSINESS_OWNED_FLAG,VEHICLE_TRAVELING,ROAD_ON,ESTIMATED_MPH,POSTED_SPEED,TOTAL_NUMBER_OF_LANES,HAZARDOUS_MATERIAL_RELEASED,HAZMAT_PLACARD,HAZARDOUS_PLACARD_NUMBER,HAZMAT_CLASS,POINT_OF_IMPACT,MOST_DAMAGED_AREA_CODE,TYPE_OF_VEHICLE,TRAFFICWAY_CODE,COMMERCIAL_VEHICLE_CONFIGURATION_CODE,COMMERCIAL_USE_CODE,CARRIER_CARGO_BODY_TYPE,COMMERCIAL_VEHICLE_WEIGHT_CODE,MOST_HARMFUL_EVENT_CODE,HARMFUL_EVENT_1,HARMFUL_EVENT_2,HARMFUL_EVENT_3,HARMFUL_EVENT_4,EMERGENCY_VEHICLE_USE_CODE,ROADWAY_GRADE_CODE,ROADWAY_ALIGNMENT_CODE,VEHICLE_MANEUVER_ACTION,TRAFFIC_CONTROL_DEVICE,VEHICLE_SPECIAL_FUNCTION,VEHICLE_DEFECT1,VEHICLE_DEFECT2,S4_IS_COMMERCIAL_MOTOR_VEHICLE
25121817,2023,1,,,33707,N,Vehicle in Transport,FL,,N,2003,GMC,,TK,SIL,None,0,N,Driver,N,East,23RD AVE N,5,25,2,,,,,Right Front Fender,Right Front Fender,Pickup,"Two-Way, Not Divided",,,,,Pedalcycle,Pedalcycle,,,,N,Level,Straight,Straight Ahead,No Controls,No Special Function,None,,
25121990,2023,1,,,33704,N,Vehicle in Transport,FL,,N,2016,LEXS,,UT,BLK,Disabling,5000,N,Driver,N,South,7TH ST N,25,25,2,,,,,Front Left Bumper,Front Left Bumper,(Sport) Utility Vehicle,"Two-Way, Not Divided",,,,,Pedalcycle,Pedalcycle,,,,N,Level,Straight,Straight Ahead,No Controls,No Special Function,None,,
25122682,2023,1,,,33607,N,Vehicle in Transport,FL,,N,2005,PONT,,2D,SIL,None,0,N,Driver,N,West,FROM PARKING LOT ONTO 9TH ST S,5,35,4,,,,,Right Front Door,Right Front Door,Passenger Car,"Two-Way, Divided, Unprotected (painted >4 feet) Median",,,,,Pedestrian,Pedestrian,,,,N,Level,Straight,Entering Traffic Lane,No Controls,No Special Function,None,,
25561075,2023,1,,,,,,,,Y,,UK,,UNKNOWN,UNKNOWN,Unknown,0,N,,N,,,,,,,,,,,,Unknown,"Two-Way, Divided, Positive Median Barrier",,,,,Motor Vehicle in Transport,Motor Vehicle in Transport,,,,,Level,Straight,Unknown,,Unknown,Unknown,,
25159179,2023,1,,,34996,N,Vehicle in Transport,FL,,N,2017,BMW,,2D,ONG,Minor,500,N,Driver,N,West,US1,5,15,2,,,,,Right Front Fender,Right Front Fender,Passenger Car,"Two-Way, Not Divided",,,,,Motor Vehicle in Transport,Motor Vehicle in Transport,,,,N,Level,Straight,Straight Ahead,No Controls,No Special Function,None,,
25183273,2023,1,,,,N,Vehicle in Transport,FL,,Y,,UNK,,UNKNOWN,,Unknown,0,N,Other,N,Unknown,SOUTHBOUND EXIT RAMP,,,,,,,,Front Left Bumper,Front Left Bumper,Passenger Car,"Two-Way, Not Divided",,,,,Motor Vehicle in Transport,Motor Vehicle in Transport,,,,N,Level,Straight,Turning Left,Traffic Control Signal,No Special Function,None,,
25183279,2023,1,,,33462,N,Vehicle in Transport,FL,,N,2006,NISS,,2D,SIL,Minor,2000,N,Driver,N,East,OUT OF MALL ACCESS RD D AT THE BOYNTON BEACH MALL,10,15,4,,,,,Left Front Door,Left Front Door,Passenger Car,"Two-Way, Divided, Positive Median Barrier",,,,,Pedestrian,Pedestrian,,,,N,Level,Straight,Straight Ahead,Traffic Control Signal,No Special Function,None,,
25184356,2023,1,,,33436,N,Vehicle in Transport,FL,,N,2013,NISS,,UT,BLK,Minor,2000,N,Driver,N,North,HIGH RIDGE RD,15,30,2,,,,,Front Left Bumper,Front Left Bumper,(Sport) Utility Vehicle,"Two-Way, Divided, Unprotected (painted >4 feet) Median",,,,,Pedestrian,Pedestrian,,,,N,Level,Straight,Turning Left,No Controls,No Special Function,None,,
25184572,2023,1,,,33407,N,Vehicle in Transport,FL,,N,2019,JEEP,,UT,WHI,Minor,500,N,Driver,N,North,N CR 807,15,45,6,,,,,Left Front Fender,Left Front Fender,(Sport) Utility Vehicle,"Two-Way, Divided, Positive Median Barrier",,,,,Pedalcycle,Pedalcycle,,,,N,Level,Straight,Turning Right,No Controls,No Special Function,None,,
25184973,2023,1,,,34689,N,Vehicle in Transport,FL,,N,2019,CHEV,,UT,WHI,None,0,N,Other,N,East,ANCLOTE RD,5,30,2,,,,,Front Center Bumper,Front Center Bumper,(Sport) Utility Vehicle,"Two-Way, Not Divided",,,,,Pedalcycle,Motor Vehicle in Transport,Pedalcycle,,,N,Level,Straight,Turning Right,Stop Sign,Fire Truck,None,,
25185306,2023,1,,,32601,N,Vehicle in Transport,FL,Y,N,2010,GLLG,,,UNKN,Functional,1000,N,Driver,N,North,NEWELL DR,10,20,2,,,,,Front Right Bumper,Front Right Bumper,Bus,"Two-Way, Not Divided",,,,,Motor Vehicle in Transport,Motor Vehicle in Transport,Other Non-Fixed Object,,,N,Level,Straight,Turning Left,No Controls,No Special Function,None,,Y
25193422,2023,1,,,33314,N,Vehicle in Transport,FL,Y,N,2022,FORD,,SUV,BLK,Minor,500,N,,N,South,12500 SR84 EB,3,15,2,,,,,Rear Right Bumper,Rear Right Bumper,(Sport) Utility Vehicle,"Two-Way, Not Divided",,,,,Motor Vehicle in Transport,Motor Vehicle in Transport,,,,N,Level,Straight,Turning Right,No Controls,No Special Function,None,,
25232291,2023,1,,,33147,,Vehicle in Transport,FL,,N,2018,NISS,,4D,BLK,Minor,100,N,Driver,N,East,NW 83RD ST & NW 14TH PL,25,30,2,,,,,Right Rear Door,Right Rear Door,Passenger Car,"Two-Way, Not Divided",,,,,Pedalcycle,Pedalcycle,,,,N,Level,Straight,Turning Right,No Controls,No Special Function,None,None,
25237724,2023,1,,,33147,,Vehicle in Transport,FL,,N,2012,FORD,,CB,WHI,Functional,10,N,,N,North,NW 103rd street and 35th avenue,,,4,,,,,Front Center Bumper,,Pickup,"Two-Way, Not Divided",,,,,Motor Vehicle in Transport,Motor Vehicle in Transport,,,,N,Level,Straight,Straight Ahead,No Controls,No Special Function,None,,
25238388,2023,1,,,33157,,Vehicle in Transport,FL,,N,2008,VOLK,,4D,WHI,Minor,50,N,Driver,N,West,S DIXIE HWY,5,5,2,,,,,Front Center Bumper,Front Center Bumper,Passenger Car,"Two-Way, Not Divided",,,,,Other Non-Fixed Object,Other Non-Fixed Object,,,,N,Level,Straight,Straight Ahead,Stop Sign,No Special Function,None,,
25238631,2023,1,,,33056,,Vehicle in Transport,FL,,N,2003,GMC,,PK,WHI,Minor,300,N,Driver,N,North,NE 5TH AVENUE,20,30,2,,,,,Front Center Bumper,Front Center Bumper,Pickup,"Two-Way, Not Divided",,,,,Pedalcycle,Pedalcycle,,,,N,Level,Straight,Straight Ahead,No Controls,No Special Function,None,,
25239051,2023,1,,,33155,,Vehicle in Transport,FL,,N,2023,CHEV,,4D,SIL,None,0,N,Driver,N,North,8690 BIRD RD,15,2,2,,,,,Rear Left Bumper,Rear Left Bumper,Passenger Car,"Two-Way, Not Divided",,,,,Pedalcycle,Pedalcycle,,,,N,Level,Straight,Backing,No Controls,No Special Function,None,,
25241542,2023,1,,,33147,,Vehicle in Transport,FL,,N,2010,TOYT,,4D,SIL,Functional,1000,N,Driver,N,East,NW 63RD ST,20,30,2,,,,,Front Left Bumper,Front Left Bumper,Passenger Van,"Two-Way, Not Divided",,,,,,Pedalcycle,,,,N,Level,Straight,Straight Ahead,No Controls,No Special Function,None,,
25242637,2023,1,,,33161,,Vehicle in Transport,FL,,N,2011,HOND,,4D,BLK,None,0,N,Driver,N,South,WEST DIXIE HIGHWAY,30,30,4,,,,,Right Front Fender,Right Front Fender,Passenger Car,"Two-Way, Divided, Unprotected (painted >4 feet) Median",,,,,Motor Vehicle in Transport,Motor Vehicle in Transport,,,,N,Level,Straight,Straight Ahead,Traffic Control Signal,No Special Function,None,,
25243386,2023,1,,,33172,,Vehicle in Transport,FL,,N,2020,CHEV,,UT,WHI,Functional,200,N,Driver,N,West,NW 186 ST,5,40,4,,,,,Front Left Bumper,Front Left Bumper,(Sport) Utility Vehicle,"Two-Way, Not Divided",,,,,Pedalcycle,Pedalcycle,,,,N,Level,Straight,Turning Right,Traffic Control Signal,No Special Function,None,,
25245193,2023,1,,,33196,,Vehicle in Transport,FL,,N,2018,FORD,,VN,WHI,Minor,200,Y,Rotation,N,South,SW 142 AVE,10,15,2,,,,,Front Right Bumper,Front Right Bumper,Passenger Van,"Two-Way, Divided, Positive Median Barrier",,,,,Pedalcycle,Motor Vehicle in Transport,Pedalcycle,,,N,Level,Straight,Turning Right,School Zone Sign/Device,School Bus,None,,
25245600,2023,1,,,33142,,Vehicle in Transport,FL,,N,2012,JEEP,,4D,RED,Minor,1000,N,,N,West,NW 47TH ST,25,30,2,,,,,Front Center Bumper,Front Center Bumper,Passenger Car,"Two-Way, Divided, Positive Median Barrier",,,,,Motor Vehicle in Transport,Motor Vehicle in Transport,,,,N,Level,Straight,Straight Ahead,Stop Sign,No Special Function,None,,
25245721,2023,1,,,UNK,,Vehicle in Transport,OT,,Y,,UK,,,UNK,Unknown,0,N,Other,N,South,NE 14TH AVE,20,25,1,,,,,Front Right Bumper,Front Right Bumper,Unknown,"Two-Way, Divided, Unprotected (painted >4 feet) Median",,,,,Motor Vehicle in Transport,Motor Vehicle in Transport,,,,N,Level,Straight,Unknown,Unknown,Unknown,Unknown,,
25250318,2023,1,,,32771,N,Vehicle in Transport,FL,,N,2020,MITS,,UT,RED,Minor,4000,N,Driver,N,North,GREEN WAY BLVD,20,35,3,,,,,Rear Left Bumper,Rear Left Bumper,(Sport) Utility Vehicle,"Two-Way, Not Divided",,,,,Pedalcycle,Pedalcycle,,,,N,Level,Straight,Straight Ahead,No Controls,No Special Function,None,,
25261473,2023,1,,,32780,,Vehicle in Transport,FL,Y,N,2016,FORD,,4D,BLK,Minor,200,N,Driver,N,South,SOUTH HOPKINS AVENUE,5,35,3,,,,,Front Right Bumper,Front Right Bumper,Passenger Car,"Two-Way, Not Divided, with a Continuous Left Turn Lane",,,,,Motor Vehicle in Transport,Motor Vehicle in Transport,,,,N,Level,Straight,Turning Right,No Controls,No Special Function,None,,
25310491,2023,1,,,32174,N,Vehicle in Transport,FL,,N,2019,KIA,,UT,BLU,Minor,1000,N,Driver,N,West,BEVILLE RD,55,55,4,,,,,Right Front Door,Right Rear Door,(Sport) Utility Vehicle,"Two-Way, Divided, Positive Median Barrier",,,,,Pedalcycle,Pedalcycle,,,,N,Level,Straight,Straight Ahead,No Controls,No Special Function,None,,
25317731,2023,1,,,32504,N,Vehicle in Transport,FL,Y,N,2000,FORD,Mailtruck,UT,WHI,Unknown,1,N,,N,North,SCHWAB DRIVE,2,25,2,,,,,Rear Center Bumper,Rear Center Bumper,"Cargo Van (10,000 lbs (4,536 kg) or less)","Two-Way, Not Divided",,,,,Pedalcycle,Pedalcycle,,,,N,Level,Straight,Straight Ahead,No Controls,No Special Function,None,,N
25332559,2023,1,,,32207-2147,N,Vehicle in Transport,FL,N,N,2002,CHEV,,PK,GRY,Minor,500,N,Driver,N,East,EDGEWOOD AVE N,15,45,4,,,,,Trailer,Trailer,Pickup,"Two-Way, Divided, Unprotected (painted >4 feet) Median",,,,,Motor Vehicle in Transport,Motor Vehicle in Transport,,,,N,Level,Straight,Turning Left,Traffic Control Signal,No Special Function,None,,
25343186,2023,1,,,33319,N,Vehicle in Transport,FL,N,N,2019,CHEV,,4D,GRY,Functional,500,N,Driver,N,East,5594 NW 25TH ST,10,15,2,,,,,Front Center Bumper,Front Center Bumper,Passenger Car,"Two-Way, Not Divided",,,,,Pedalcycle,Pedalcycle,,,,N,Level,Straight,Turning Left,No Controls,No Special Function,None,,
25347893,2023,1,,,34953,N,Vehicle in Transport,FL,N,N,2019,CHEV,,SUV,BLK,Unknown,0,N,,N,East,SW MEETING ST/SW VILLAGE PKWY,10,35,2,,,,,Front Center Bumper,Front Center Bumper,(Sport) Utility Vehicle,"Two-Way, Divided, Positive Median Barrier",,,,,,Pedalcycle,,,,N,Level,Straight,Turning Right,Traffic Control Signal,No Special Function,None,,
25348518,2023,1,,,33458,N,Vehicle in Transport,FL,N,N,2020,FORD,,SUV,SIL,Functional,900,N,,N,South,SW PORT ST LUCIE BLVD,15,45,7,,,,,Right Front Fender,Right Front Fender,(Sport) Utility Vehicle,"Two-Way, Divided, Positive Median Barrier",,,,,Pedalcycle,Pedalcycle,Motor Vehicle in Transport,,,N,Level,Straight,Straight Ahead,Traffic Control Signal,No Special Function,None,,
25355639,2023,1,,,34761,N,Vehicle in Transport,CO,,N,2019,FORD,,FD,BLU,Minor,2500,N,Driver,N,South,SR 434,8,30,2,,,,,Right Front Fender,Right Front Fender,Pickup,"Two-Way, Not Divided",,,,,Pedalcycle,Pedalcycle,,,,N,Level,Straight,Turning Right,No Controls,No Special Function,None,,
25357828,2023,1,,,,N,,,,Y,,NISS,,4D,SIL,Unknown,0,N,,N,East,SARNO RD,20,40,6,,,,,Right Front Fender,Right Front Fender,Passenger Car,"Two-Way, Not Divided",,,,,Motor Vehicle in Transport,Motor Vehicle in Transport,,,,N,Level,Straight,Turning Right,Traffic Control Signal,Unknown,Unknown,Unknown,
25367428,2023,1,,,32333,N,Vehicle in Transport,FL,,N,2018,GMC,,PK,WHI,Minor,100,N,Driver,N,West,GLENVIEW,10,30,2,,,,,Front Right Bumper,Front Right Bumper,Pickup,"Two-Way, Not Divided",,,,,Pedestrian,Pedestrian,,,,N,Level,Straight,Turning Right,No Controls,No Special Function,None,,
25369205,2023,1,,,32305,N,Vehicle in Transport,FL,,N,2017,RAM,,TK,WHI,None,0,N,Driver,N,South,PARKING LOT/ APALACHEE PKWY,5,45,4,,,,,Front Center Bumper,Front Center Bumper,Pickup,"Two-Way, Divided, Positive Median Barrier",,,,,Motor Vehicle in Transport,Motor Vehicle in Transport,Pedestrian,,,N,Level,Straight,Straight Ahead,No Controls,No Special Function,None,,
25376705,2023,1,,,74134-1424,N,Vehicle in Transport,FL,N,N,2022,TOYT,,4D,WHI,Minor,1000,N,,N,East,SW 67TH TER/ SW 8TH AV,25,30,2,,,,,Windshield,Windshield,Passenger Car,"Two-Way, Not Divided",,,,,Pedestrian,Pedestrian,,,,N,Level,Straight,Straight Ahead,No Controls,No Special Function,None,,
25380271,2023,1,,,11768,N,Vehicle in Transport,NY,N,N,2016,NISS,,4D,BLK,Minor,500,N,,N,West,SW 62ND TER,,30,2,,,,,Left Front Fender,Left Front Fender,Passenger Car,"Two-Way, Not Divided",,,,,,Motor Vehicle in Transport,,,,N,Level,Straight,Straight Ahead,No Controls,No Special Function,None,None,
25380673,2023,1,,,33173,N,Vehicle in Transport,FL,N,N,2022,VOLV,,UT,BLK,None,0,N,,N,South,SW 66TH AVE,1,20,2,,,,,,,(Sport) Utility Vehicle,"Two-Way, Not Divided",,,,,Pedalcycle,Pedalcycle,,,,N,Level,Straight,Turning Right,No Controls,No Special Function,None,,
25390989,2023,1,,,32404,N,Vehicle in Transport,FL,,N,2019,CHEV,,4D,PNK,Minor,500,N,Driver,N,South,DRIVEWAY,15,,2,,,,,Right Front Door,Right Front Door,Passenger Car,"Two-Way, Not Divided",,,,,Motor Vehicle in Transport,Motor Vehicle in Transport,,,,N,Level,Straight,Turning Right,No Controls,No Special Function,None,,
25394127,2023,1,,,33172,N,Vehicle in Transport,FL,N,N,2020,KIA,,UT,WHI,Minor,1000,N,,N,West,NW 51ST LN,5,5,2,,,,,Front Center Bumper,Front Center Bumper,(Sport) Utility Vehicle,"Two-Way, Not Divided",,,,,,Pedalcycle,,,,N,Level,Straight,Straight Ahead,No Controls,No Special Function,None,,
25396372,2023,1,,,33496,N,Vehicle in Transport,FL,N,N,2009,LEXS,,4D,BLK,Minor,200,N,Driver,N,North,NW 98TH CT/NW 33RD ST,5,15,2,,,,,Front Right Bumper,Front Right Bumper,Passenger Car,"Two-Way, Not Divided",,,,,Pedalcycle,Pedalcycle,,,,N,Level,Straight,Straight Ahead,No Controls,No Special Function,None,,
25433484,2023,1,,,,,,,,Y,,UK,,UNKNOWN,UNKNOWN,Unknown,0,N,,N,,,,,,,,,,,,Unknown,"Two-Way, Not Divided",,,,,Pedalcycle,Pedalcycle,,,,,Level,Straight,Unknown,Traffic Control Signal,Unknown,Unknown,Unknown,
25435368,2023,1,,,33755,N,Vehicle in Transport,FL,,N,2014,JEEP,,UT,GRY,Minor,1000,N,Driver,N,West,SUNSET POINT RD,10,35,2,,,,,Right Front Fender,Right Front Fender,(Sport) Utility Vehicle,"Two-Way, Not Divided",,,,,Motor Vehicle in Transport,Motor Vehicle in Transport,,,,N,Level,Straight,Straight Ahead,Yield Sign,No Special Function,None,,
25435563,2023,1,,,33764,N,Vehicle in Transport,FL,,N,2012,FORD,,5D,LBL,Minor,500,N,Driver,N,West,DRUD RD,1,30,2,,,,,Front Left Bumper,Front Left Bumper,Passenger Car,"Two-Way, Not Divided",,,,,Motor Vehicle in Transport,Motor Vehicle in Transport,,,,N,Level,Straight,Turning Right,Traffic Control Signal,No Special Function,None,,
25435972,2023,1,,,33909,N,Vehicle in Transport,FL,,N,2021,FORD,E350,VN,WHI,Minor,1000,N,Driver,N,West,DREW STREET,35,30,4,,,,,Front Right Bumper,Front Right Bumper,"Other Light Trucks (10,000 lbs (4,536 kg) or less)","Two-Way, Not Divided",,,,Not Applicable,Pedalcycle,Pedalcycle,,,,N,Level,Straight,Straight Ahead,Traffic Control Signal,No Special Function,None,,N
25439408,2023,1,,,33870-5250,N,Vehicle in Transport,FL,N,N,2018,FORD,,UT,BLK,Minor,500,N,,N,West,DESOTO RD,1,45,2,,,,,Right Rear Door,Right Rear Door,Passenger Car,"Two-Way, Not Divided",,,,,Pedalcycle,Pedalcycle,,,,N,Level,Straight,Turning Left,Traffic Control Signal,No Special Function,None,,
25441294,2023,1,,,32837,N,Vehicle in Transport,FL,N,N,2011,FORD,,VN,BLK,Functional,3000,N,,N,South,N THACKER AVE,30,30,4,,,,,Right Front Door,Right Front Door,Passenger Van,"Two-Way, Not Divided",,,,,Motor Vehicle in Transport,Motor Vehicle in Transport,,,,N,Level,Straight,Turning Right,No Controls,No Special Function,None,,
25442356,2023,1,,,32033-2705,N,Vehicle in Transport,FL,N,N,2014,TOYT,,4D,WHI,Minor,500,N,,N,North,SR A1A,3,10,2,,,,,Front Left Bumper,Front Left Bumper,Passenger Car,"Two-Way, Not Divided",,,,,Pedalcycle,Pedalcycle,,,,N,Level,Straight,Turning Right,No Controls,No Special Function,None,,
25445817,2023,1,,,33411,N,Vehicle in Transport,FL,N,N,2003,CHEV,,SUV,UNK,Minor,100,N,,N,South,DRIVEWAY OF 2553 OKEECHOBEE BLVD,3,10,2,,,,,Front Center Bumper,Front Center Bumper,(Sport) Utility Vehicle,"Two-Way, Not Divided",,,,,Pedalcycle,Pedalcycle,,,,N,Level,Straight,Entering Traffic Lane,Stop Sign,No Special Function,None,,
25446315,2023,1,,,33401,N,Vehicle in Transport,FL,N,N,2016,HYUN,,,WHI,Functional,3000,N,,N,West,FERN ST,,,2,,,,,Front Center Bumper,Front Center Bumper,Passenger Car,"Two-Way, Not Divided",,,,,Pedestrian,Pedestrian,,,,N,Level,Straight,Straight Ahead,Traffic Control Signal,No Special Function,None,,
25446336,2023,1,,,33309,N,Vehicle in Transport,FL,N,N,2021,DODG,,2D,BLK,Functional,2000,N,Rotation,N,South,N TAMARIND AVE,25,25,2,,,,,Front Right Bumper,Front Right Bumper,Passenger Car,"Two-Way, Not Divided",,,,,Pedalcycle,Pedalcycle,,,,N,Level,Straight,Straight Ahead,No Controls,No Special Function,None,,
25446353,2023,1,,,33401,N,Vehicle in Transport,FL,N,N,2019,ACUR,,SUV,RED,None,0,N,,N,East,ALLEYWAY SOUTH OF BELVEDERE RD W OF PARKER AVE,10,10,2,,,,,Front Center Bumper,,(Sport) Utility Vehicle,"Two-Way, Not Divided",,,,,Pedalcycle,Pedalcycle,,,,N,Level,Straight,Straight Ahead,No Controls,No Special Function,None,,
25446494,2023,1,,,,N,Vehicle in Transport,,,Y,,,,,,,0,N,,N,,,,,,,,,,,,,,,,,,,,,,,,,,,,,,,
25451925,2023,1,,,34289,N,Vehicle in Transport,FL,,N,2016,DODG,,UT,GRY,None,0,N,Driver,N,North,CENNTENIAL BLVD,3,35,2,,,,,Front Center Bumper,Front Center Bumper,(Sport) Utility Vehicle,"Two-Way, Divided, Positive Median Barrier",,,,,Motor Vehicle in Transport,Motor Vehicle in Transport,,,,N,Level,Straight,Turning Right,Stop Sign,No Special Function,None,,
25454258,2023,1,,,33154,N,Vehicle in Transport,FL,,Y,2020,MERZ,,UT,WHI,Unknown,0,N,Driver,N,East,NE 123 STREET,20,40,4,,,,,Front Center Bumper,Front Center Bumper,Passenger Car,"Two-Way, Not Divided",,,,,Motor Vehicle in Transport,Motor Vehicle in Transport,,,,N,Level,Straight,Straight Ahead,No Controls,No Special Function,None,,
25454632,2023,1,,,,N,,,,Y,,UK,,UNKNOWN,UNKNOWN,Unknown,0,N,,N,,,,,,,,,,Front Right Bumper,Front Right Bumper,Unknown,"Two-Way, Not Divided, with a Continuous Left Turn Lane",,,,,Pedestrian,Pedestrian,,,,N,Level,Straight,Unknown,No Controls,Unknown,Unknown,None,
25455504,2023,1,,,33185,N,Vehicle in Transport,FL,,N,2015,LINC,,SU,BLK,Minor,500,N,Driver,N,South,1 NW 119 ST,15,15,2,,,,,Front Right Bumper,Front Right Bumper,Passenger Car,"Two-Way, Not Divided",,,,,Motor Vehicle in Transport,Motor Vehicle in Transport,,,,N,Level,Straight,Straight Ahead,No Controls,No Special Function,None,,
25456960,2023,1,,,33458,N,Vehicle in Transport,FL,N,N,2021,LEXS,,SUV,WHI,Functional,4000,N,,N,South,ONTO DANIELS WAY,25,45,6,,,,,Right Front Fender,Right Front Fender,(Sport) Utility Vehicle,"Two-Way, Divided, Positive Median Barrier",,,,,Motor Vehicle in Transport,Motor Vehicle in Transport,Pedalcycle,,,N,Level,Straight,Turning Right,No Controls,No Special Function,None,,
25459425,2023,1,,,32259-9140,N,Vehicle in Transport,FL,N,N,2022,VOLK,,UT,WHI,None,0,N,,N,West,VALLEY RIDGE BLVD,5,45,2,,,,,,,Passenger Car,"Two-Way, Divided, Unprotected (painted >4 feet) Median",,,,,Motor Vehicle in Transport,Motor Vehicle in Transport,,,,N,Level,Straight,Straight Ahead,Traffic Control Signal,No Special Function,None,,
25469024,2023,1,,,33076,N,Vehicle in Transport,FL,N,N,2019,TOYT,,SPUV,SIL,Minor,500,N,Driver,N,East,TRAILS END,10,35,6,,,,,Front Center Bumper,Front Center Bumper,(Sport) Utility Vehicle,"Two-Way, Divided, Positive Median Barrier",,,,,Pedalcycle,Pedalcycle,,,,N,Level,Straight,Straight Ahead,Traffic Control Signal,No Special Function,None,,
25469336,2023,1,,,33312,N,Vehicle in Transport,FL,N,N,2018,MAZD,,SPUV,RED,None,0,N,,N,North,SW 32ND AV,4,45,3,,,,,Front Center Bumper,Front Center Bumper,(Sport) Utility Vehicle,"Two-Way, Divided, Positive Median Barrier",,,,,Pedestrian,Pedestrian,Motor Vehicle in Transport,,,N,Level,Straight,Turning Right,Stop Sign,No Special Function,None,,
25470291,2023,1,,,,N,Vehicle in Transport,,,Y,,,,,,,0,N,,N,,,,,,,,,,,,,,,,,,,Pedestrian,,,,,,,,,,,,
25472047,2023,1,,,33064,N,Vehicle in Transport,FL,N,N,2016,FORD,,4D,GRY,Disabling,2000,Y,Rotation,N,West,W COPANS RD,5,45,6,,,,,Left Front Fender,Left Front Fender,Passenger Car,"Two-Way, Divided, Positive Median Barrier",,,,,Pedalcycle,Pedalcycle,,,,N,Level,Straight,Straight Ahead,Traffic Control Signal,No Special Function,None,,
25472958,2023,1,,,,N,Vehicle in Transport,,,Y,,,,,,,0,N,,N,South,SW 116TH AV,,,,,,,,,,Passenger Car,"Two-Way, Not Divided",,,,,Motor Vehicle in Transport,Motor Vehicle in Transport,,,,N,Level,Straight,Turning Right,Traffic Control Signal,No Special Function,None,,
25473178,2023,1,,,33309,N,Vehicle in Transport,FL,N,N,2003,TOYT,,4D,SIL,Minor,300,N,Driver,N,East,E PROSPECT RD,15,35,5,,,,,Front Right Bumper,Front Right Bumper,Passenger Car,"Two-Way, Divided, Positive Median Barrier",,,,,Motor Vehicle in Transport,Motor Vehicle in Transport,,,,N,Level,Straight,Turning Right,No Controls,No Special Function,None,,
25474349,2023,1,,,33319,N,Vehicle in Transport,FL,N,N,2016,NISS,,4D,WHI,Minor,2000,N,Driver,N,South,N DIXIE HWY,15,35,2,,,,,Front Right Bumper,Front Right Bumper,Passenger Car,"Two-Way, Divided, Positive Median Barrier",,,,,Pedestrian,Pedestrian,,,,N,Level,Straight,Turning Right,No Controls,No Special Function,None,,
25476483,2023,1,,,33062,N,Vehicle in Transport,FL,N,N,2014,NISS,,4D,BLK,Minor,400,N,Driver,N,South,N ANDREWS AV EXT,5,40,2,,,,,Front Right Bumper,Front Right Bumper,Passenger Car,"Two-Way, Divided, Positive Median Barrier",,,,,Pedestrian,Pedestrian,,,,N,Level,Straight,Turning Right,No Controls,No Special Function,None,,
25477132,2023,1,,,,N,Vehicle in Transport,,,Y,,,,,,,0,N,,N,West,W SAMPLE RD,,45,3,,,,,,,Pickup,"Two-Way, Divided, Unprotected (painted >4 feet) Median",,,,,Pedalcycle,Pedalcycle,,,,N,Level,Straight,Turning Right,Traffic Control Signal,No Special Function,Unknown,,
25477874,2023,1,,,11223,N,Vehicle in Transport,NY,N,N,2012,DODG,,SPUV,WHIT,None,0,N,,N,East,SW 40TH AV,3,10,1,,,,,Front Center Bumper,Front Center Bumper,(Sport) Utility Vehicle,"Two-Way, Not Divided",,,,,Pedestrian,Pedestrian,,,,N,Level,Straight,Straight Ahead,No Controls,No Special Function,None,,
25479549,2023,1,,,33321,N,Vehicle in Transport,FL,N,N,2021,AUDI,,4D,GRY,Minor,100,N,,N,East,NW 57TH CT,5,25,2,,,,,Front Center Bumper,Front Center Bumper,(Sport) Utility Vehicle,"Two-Way, Not Divided",,,,,Pedestrian,Pedestrian,,,,N,Level,Straight,Turning Right,Stop Sign,No Special Function,None,,
25481146,2023,1,,,33020,N,Vehicle in Transport,FL,N,N,2006,TOYT,,SPUV,BLK,Functional,300,N,,N,West,SW 40TH AV,5,30,4,,,,,Front Center Bumper,Front Center Bumper,Passenger Car,"Two-Way, Not Divided, with a Continuous Left Turn Lane",,,,,Pedalcycle,Pedalcycle,Fell/Jumped From Motor Vehicle,,,N,Level,Straight,Turning Right,Stop Sign,No Special Function,None,,
25492252,2023,1,,,33852,N,Vehicle in Transport,FL,N,N,2019,FORD,VAN,4D,WHI,Minor,500,N,,N,North,NORTH ON S MAIN AVE. CR 17,25,35,2,,,,,Right Front Fender,Right Front Fender,"Cargo Van (10,000 lbs (4,536 kg) or less)","Two-Way, Not Divided",,,,,Other Non-Fixed Object,Other Non-Fixed Object,,,,N,Level,Straight,Straight Ahead,No Controls,No Special Function,None,,N
25493817,2023,1,,,33770,N,Vehicle in Transport,FL,N,N,2020,HYUN,,4D,BLK,Functional,3000,N,Owner Request,N,South,CLEARWATER LARGO RD N,30,35,4,,,,,Front Center Bumper,Front Center Bumper,Passenger Car,"Two-Way, Divided, Unprotected (painted >4 feet) Median",,,,,Pedalcycle,Pedalcycle,,,,N,Level,Straight,Straight Ahead,Traffic Control Signal,No Special Function,None,,
25495744,2023,1,,,33435,N,Vehicle in Transport,FL,N,N,2013,TOYT,,4DR,RED,Minor,100,N,,N,East,253 SE 6TH AVE,5,10,2,,,,,Front Center Bumper,Front Center Bumper,Passenger Car,"Two-Way, Not Divided",,,,,Pedalcycle,Pedalcycle,,,,,Level,Straight,Straight Ahead,Stop Sign,No Special Function,None,,
25497715,2023,1,,,32132,N,Vehicle in Transport,FL,,N,2004,FORD,,UT,BLU,Minor,1000,N,Driver,N,North,S FLAGLER AV,25,25,2,,,,,Left Front Fender,Left Front Fender,(Sport) Utility Vehicle,"Two-Way, Not Divided",,,,,Pedalcycle,Pedalcycle,,,,N,Level,Curve Left,Straight Ahead,No Controls,No Special Function,None,,
25497727,2023,1,,,32132,N,Parked Motor Vehicle,FL,,N,2013,HYUN,,4D,BLU,Functional,1000,N,Driver,N,Off-Road,ORANGE TREE DR,0,30,2,,,,,Rear Left Bumper,Rear Left Bumper,Passenger Car,"Two-Way, Not Divided",,,,,Pedalcycle,Pedalcycle,,,,N,Level,Straight,Parked,No Controls,No Special Function,None,,
25502762,2023,1,,,33947,,Vehicle in Transport,FL,,N,2020,KIA,,SW,GRY,Minor,3000,N,Driver,N,West,UNIVERSITY PKWY.,,,3,,,,,Front Right Bumper,Front Right Bumper,Passenger Car,"Two-Way, Divided, Positive Median Barrier",,,,,Motor Vehicle in Transport,Motor Vehicle in Transport,,,,N,Level,Straight,Turning Right,Traffic Control Signal,No Special Function,None,,
25503757,2023,1,,,46619,,Vehicle in Transport,IN,,N,2021,UK,tk,AR,GRY,Minor,100,N,Driver,N,North,TUTTLE AVE.,10,35,4,,,,,Right Front Fender,Right Front Fender,"Medium/Heavy Trucks (more than 10,000 lbs (4,536 kg))","Two-Way, Divided, Unprotected (painted >4 feet) Median",,,,,Motor Vehicle in Transport,Motor Vehicle in Transport,,,,N,Level,Straight,Turning Right,No Controls,No Special Function,None,None,Y
25504326,2023,1,,,63132,,Vehicle in Transport,MO,,N,2016,FORD,ESC,VN,WHI,Minor,500,N,Driver,N,West,6TH ST.,5,15,4,,,,,Right Rear Fender,Right Rear Fender,"Cargo Van (10,000 lbs (4,536 kg) or less)","Two-Way, Not Divided",,,,,Pedalcycle,Pedalcycle,,,,N,Level,Straight,Turning Right,Stop Sign,No Special Function,None,,N
25508011,2023,1,,,34237,N,Vehicle in Transport,FL,,N,2014,TOYT,,UT,BLK,None,0,N,Driver,N,South,LOCKWOOD RIDGE,10,45,4,,,,,Right Front Fender,Right Front Door,Passenger Car,"Two-Way, Not Divided, with a Continuous Left Turn Lane",,,,,Motor Vehicle in Transport,Motor Vehicle in Transport,,,,N,Level,Straight,Turning Right,No Controls,No Special Function,None,,
25524363,2023,1,,,33133,N,Vehicle in Transport,FL,,N,2016,JEEP,,UT,GRN,Minor,5000,N,Driver,N,South,SOUTH MIAMI AVENUE,15,35,6,,,,,Front Center Bumper,Front Center Bumper,Passenger Car,"Two-Way, Not Divided",,,,,Motor Vehicle in Transport,Motor Vehicle in Transport,,,,N,Level,Straight,Straight Ahead,No Controls,No Special Function,None,,
25524363,2023,2,,,33145,N,Vehicle in Transport,FL,,N,2016,AUDI,,4D,WHI,Disabling,2000,Y,Rotation,N,North,SOUTH MIAMI AVENUE,25,35,6,,,,,Front Center Bumper,Rear Center Bumper,Passenger Car,"Two-Way, Not Divided",,,,,Motor Vehicle in Transport,Motor Vehicle in Transport,,,,N,Level,Straight,Straight Ahead,No Controls,No Special Function,None,,
25524363,2023,3,,,33129,N,Vehicle in Transport,FL,,N,2009,HYUN,,UT,RED,Disabling,3000,Y,Rotation,N,East,SE 26TH RD,0,35,4,,,,,Rear Right Bumper,Rear Right Bumper,Passenger Car,"Two-Way, Not Divided",,,,,Motor Vehicle in Transport,Motor Vehicle in Transport,,,,N,Level,Straight,Straight Ahead,No Controls,No Special Function,None,,
25524363,2023,4,,,33129,N,Vehicle in Transport,FL,,N,2019,AUDI,,4D,BLU,Disabling,3000,N,Driver,N,East,SE 26TH RD,0,35,3,,,,,Rear Center Bumper,Rear Center Bumper,Passenger Car,"Two-Way, Not Divided",,,,,Motor Vehicle in Transport,Motor Vehicle in Transport,,,,N,Level,Straight,Straight Ahead,No Controls,No Special Function,None,,
25525192,2023,1,,,33126,N,Vehicle in Transport,FL,,N,2020,CHEV,,UT,BLU,Minor,500,N,Driver,N,South,NE 48TH CT,10,25,2,,,,,Right Rear Door,Right Rear Door,(Sport) Utility Vehicle,"Two-Way, Not Divided",,,,,Motor Vehicle in Transport,Motor Vehicle in Transport,,,,N,Level,Straight,Straight Ahead,Stop Sign,No Special Function,None,,
25534179,2023,1,,,,N,Vehicle in Transport,,,Y,,UK,,UNKNOWN,,Unknown,0,N,Rotation,N,,,,,,,,,,,,Unknown,"Two-Way, Divided, Unprotected (painted >4 feet) Median",,,,,Motor Vehicle in Transport,Motor Vehicle in Transport,Pedalcycle,,,N,Level,Straight,Unknown,Traffic Control Signal,Unknown,Unknown,Unknown,
25547415,2023,1,,,32117,N,Vehicle in Transport,FL,,N,2000,GMC,,PK,BLU,None,0,N,Driver,N,South,NORTH NOVA ROAD,5,40,4,,,,,Right Front Fender,Right Front Fender,Passenger Car,"Two-Way, Not Divided",,,,,Motor Vehicle in Transport,Motor Vehicle in Transport,,,,N,Level,Straight,Straight Ahead,Traffic Control Signal,No Special Function,None,,
25547470,2023,1,,,32174,N,Vehicle in Transport,FL,,N,2018,FORD,F 150,PK,BLK,Minor,500,N,Driver,N,North,RIDGEWOOD AVE,0,40,4,,,,,Right Front Door,Right Front Door,"Other Light Trucks (10,000 lbs (4,536 kg) or less)","Two-Way, Divided, Positive Median Barrier",,,,Not Applicable,Motor Vehicle in Transport,Motor Vehicle in Transport,,,,N,Level,Straight,Turning Right,No Controls,No Special Function,None,,N
25548125,2023,1,,,32955,N,Vehicle in Transport,FL,,N,2000,TOYT,,PK,GRN,None,0,N,Rotation,N,East,GENERAL AVIATION DR,5,35,2,,,,,Front Right Bumper,Front Right Bumper,Pickup,"Two-Way, Divided, Positive Median Barrier",,,,,Motor Vehicle in Transport,Motor Vehicle in Transport,,,,N,Level,Straight,Turning Left,Stop Sign,No Special Function,None,,
25550908,2023,1,,,33334,N,Vehicle in Transport,FL,N,N,2013,FORD,,TK,BLK/BLK,Minor,500,N,,N,South,NW 9TH AVE,5,45,5,,,,,Front Right Bumper,Front Right Bumper,Passenger Car,"Two-Way, Divided, Positive Median Barrier",,,,,Motor Vehicle in Transport,Motor Vehicle in Transport,,,,N,Level,Straight,Turning Right,Traffic Control Signal,No Special Function,None,,
25550954,2023,1,,,33301,N,Vehicle in Transport,FL,N,N,2021,LEXS,,UT,GRY,None,0,N,,N,North,N FEDERAL HIGHWAY,0,,3,,,,,Left Front Fender,,(Sport) Utility Vehicle,"Two-Way, Divided, Positive Median Barrier",,,,,Pedalcycle,Pedalcycle,,,,N,Level,Straight,Turning Left,Traffic Control Signal,No Special Function,None,,
25551666,2023,1,,,33433,N,Vehicle in Transport,FL,N,N,2022,MERZ,,UT,WHI,None,0,N,Driver,N,West,E LAS OLAS BLVD,0,35,4,,,,,Right Front Fender,Right Front Fender,(Sport) Utility Vehicle,"Two-Way, Not Divided",,,,,Pedalcycle,Pedalcycle,,,,N,Level,Straight,Turning Left,No Controls,No Special Function,None,,
25551684,2023,1,,,33305,N,Vehicle in Transport,FL,N,N,1987,AMER,,PK,BGE,None,0,N,,N,North,SW 7TH AVE,7,30,6,,,,,Front Right Bumper,,Pickup,"Two-Way, Divided, Positive Median Barrier",,,,,Pedalcycle,Pedalcycle,,,,N,Level,Straight,Turning Right,Traffic Control Signal,No Special Function,Unknown,,
25552175,2023,1,,,33312,N,Vehicle in Transport,FL,Y,N,2018,DODG,,4D,WHI,Minor,300,N,,N,South,A1A,0,,4,,,,,Right Front Door,Right Front Door,Passenger Car,"Two-Way, Divided, Positive Median Barrier",,,,,Motor Vehicle in Transport,Motor Vehicle in Transport,,,,N,Level,Straight,Turning Right,No Controls,Police,None,,
25552420,2023,1,,,33308,N,Vehicle in Transport,FL,N,N,2007,HYUN,,4D,WHI,Functional,2000,N,,N,Off-Road,3200 N FEDERAL HWY--DRIVEWAY TO CORAL RIDGE MALL,1,,2,,,,,Front Right Bumper,Front Right Bumper,Passenger Car,"Two-Way, Not Divided",,,,,Pedalcycle,Pedalcycle,,,,N,Level,Straight,Straight Ahead,Traffic Control Signal,No Special Function,None,,
25552789,2023,1,,,33304,N,Vehicle in Transport,FL,N,N,2010,MINC,,CV,BLK,Minor,150,N,,N,North,NE 17 TERR,0,,2,,,,,Front Right Bumper,Front Right Bumper,Passenger Car,"Two-Way, Divided, Unprotected (painted >4 feet) Median",,,,,Pedalcycle,Pedalcycle,,,,N,Level,Straight,Turning Right,Unknown,No Special Function,None,,
25553549,2023,1,,,85004,N,Vehicle in Transport,AZ,N,Y,2022,GMC,SAV,VN,WHI,Unknown,0,N,,N,South,PRIVATE ROADWAY AT 2500 W. BROWARD BLVD,10,,2,,,,,Left Rear Fender,Left Rear Fender,"Cargo Van (10,000 lbs (4,536 kg) or less)","Two-Way, Not Divided",,,,,Pedalcycle,Pedalcycle,,,,N,Level,Straight,Turning Left,No Controls,,Unknown,,N
25553885,2023,1,,,UNK,N,Vehicle in Transport,OT,N,Y,,CHEV,,PK,RED,Unknown,0,N,,N,West,PARKING LOT,15,15,2,,,,,Front Right Bumper,Front Right Bumper,Pickup,"Two-Way, Not Divided",,,,,Motor Vehicle in Transport,Motor Vehicle in Transport,Pedalcycle,,,N,Level,Straight,Straight Ahead,No Controls,No Special Function,None,,
25553942,2023,1,,,33062,N,Vehicle in Transport,FL,N,N,2007,CHEV,,PK,WHI,Minor,500,N,,N,West,NE 33RD ST,10,20,1,,,,,Right Front Fender,Right Front Fender,Pickup,One-Way Trafficway,,,,,Motor Vehicle in Transport,Motor Vehicle in Transport,,,,N,Level,Straight,Straight Ahead,No Controls,No Special Function,None,,
25554437,2023,2,,,33316,N,Vehicle in Transport,FL,N,N,2013,CADI,,4D,WHI,Minor,250,N,,N,East,SE 16TH CT,5,,2,,,,,Front Left Bumper,Front Left Bumper,Passenger Car,"Two-Way, Not Divided",,,,,Pedalcycle,Pedalcycle,,,,N,Level,Straight,Straight Ahead,No Controls,No Special Function,None,,
25555097,2023,2,,,33020,N,Vehicle in Transport,FL,N,N,2020,HOND,,MC,BLK,Functional,500,Y,Rotation,N,South,STATE ROAD 842,0,,6,,,,,Front Center Bumper,Front Center Bumper,Motorcycle,"Two-Way, Not Divided",,,,,Motor Vehicle in Transport,Motor Vehicle in Transport,,,,N,Level,Straight,Straight Ahead,Traffic Control Signal,No Special Function,None,,
25556601,2023,2,,,33020,N,Vehicle in Transport,FL,N,N,2015,MAZD,,4D,GRY,Minor,500,N,,N,South,S ANDREWS AVE,30,30,4,,,,,Left Front Fender,Hood,Passenger Car,"Two-Way, Not Divided",,,,,Pedestrian,Pedestrian,,,,N,Level,Straight,Straight Ahead,Traffic Control Signal,No Special Function,None,,
25556889,2023,1,,,33311,N,Vehicle in Transport,FL,N,N,2004,TOYT,,4D,SIL,Functional,2000,N,,N,South,SE 15TH AV,15,25,2,,,,,Front Right Bumper,Front Right Bumper,Passenger Car,"Two-Way, Divided, Unprotected (painted >4 feet) Median",,,,,,Pedestrian,,,,N,Level,Straight,Turning Left,No Controls,No Special Function,None,,
