REPORT_NUMBER,CRASH_YEAR,PERSON_NUMBER,STATUTE_NUMBER,CHARGE,CITATION_NUMBER
25121990,2023,2,316.123(2)(a),RAN STOP SIGN/VIOLATION OF RIGHT OF WAY FROM STOP SIGN,AH6G2UE
25122682,2023,1,316.125(2),FAILED TO YIELD/STOP AT SIDEWALK - FROM ALLEY/BLDG./PRIVATE,AH6HMCE
25184356,2023,1,316.1925(1),CARELESS DRIVING,AI7MPEE
25555097,2023,1,316.075(1)(B)2,PEDESTRIAN CONTROL SIGNAL,W20061E
25184572,2023,1,322.34(2),OPERATING WHILE DL SUSPENDED/CANCELED/REVOKED (SPECIFY REASO,AI7N90E
25232291,2023,1,316.1925(1),CARELESS DRIVING,AH78LRE
25238388,2023,1,316.1925(1),CARELESS DRIVING,AHH1L7E
25245600,2023,1,316.121(1),FTYROW VEH IN INTERSECTION,AHR3K7E
25310491,2023,2,316.2065(1),VIOLATION BICYCLE REGULATIONS,AH5GSOE
25343186,2023,1,322.34-2,DRIVE WHILE LICENSE SUSPENDED/REVOKED/CANCELED/W/KNOWLEDGE,AH51QVE
25343186,2023,1,316.1925-1,CARELESS DRIVING,AH51QWE
25355639,2023,1,316.1925(1),CARELESS DRIVING,AHDNEJE
25380271,2023,1,316.2065(1),VIOLATION OF BICYCLE REGULATIONS,AHLS0JE
25396372,2023,1,316.130(15),FAIL TO YIELD TO PEDESTRIAN/BICYCLE,AIC7QIE
25435368,2023,2,316.123(2)(a),RAN STOP SIGN/VIOLATION OF RIGHT OF WAY FROM STOP SIGN,AIEM5LE
25435563,2023,3,316.130(8),PEDESTRIAN LEAVE PLACE OF SAFETY AND ENTER PATH OF VEHICLE,AIEMQOE
25435972,2023,1,316.074(1),FAIL TO OBEY TRAFFIC CONTROL SIGNAL (FAILED TO STOP AT TRAFF,AIKWFJE
25442356,2023,1,,(WarningViolationOfRightOfWay),0144088-WN
25442356,2023,1,320.0605,FAIL TO DISPLAY REGISTRATION/TEMPORARY INTERNET RECEIPT; POS,AHRMXFE
25442356,2023,2,,(WarningOtherViolations),0144089-WN
25455504,2023,1,316.1925,CARELESS DRIVING,AH30RBE
25456960,2023,1,316.130(7)(B),FTY - VEH TO PED AT OR W/IN CROSSWALK,UNKNOWN
25472047,2023,1,322.34-2B,DRIVE WHILE LIC SUSP 2ND OFF,AHE1N2E
25476483,2023,1,316.2065-1,BIKE REGULATIONS VIOLATIONS,AHRS5DE
25493817,2023,2,316.2065(7),BICYCLE- BIKE MUST HAVE LIGHTS AT SUN DOWN/ SET,AGOZPSE
25502762,2023,1,316.130(7)(a),FAILURE TO YIELD RIGHT OF WAY TO PEDESTRIAN AT INTERSECTION,AG5V4UE
25504326,2023,2,316.130(8),PEDESTRIAN OBEDIENCE- SUDDENLY LEAVE CURB,AHG6WDE
25508011,2023,1,316.125(2),FAILED TO YIELD/STOP AT SIDEWALK - FROM ALLEY/BLDG./PRIVATE,AH620TE
25524363,2023,1,316.1925,CARELESS DRIVING,AHDB25E
25547470,2023,2,316.130(11),PEDESTRIAN FAILED TO CROSS IN CROSSWALK,AH6NQFE
