REPORT_NUMBER,CRASH_YEAR,CRASH_DATE_AND_TIME,REPORT_DATE_AND_TIME,INVESTIGATING_AGENCY_REPORT_NUMBER,FORM_TYPE,TOTAL_NUMBER_OF_VEHICLES,TOTAL_NUMBER_OF_PERSONS,COUNTY_CODE,CITY_CODE,COUNTY_NAME,CITY_NAME,RURAL_OR_URBAN,NOTIFIED_TIME,DISPATCHED_TIME,ARRIVED_TIME,CLEARED_TIME,COMPLETED_FLAG,NOTIFIED_BY,ON_STREET_ROAD_HIGHWAY,STREET_ADDRESS_NUMBER,LATITUDE,LONGITUDE,FEET_FROM_INTERSECTION,DIRECTION_FROM_INTERSECTION,FROM_INTERSECTION_OF,MILEPOST_NUMBER,ROAD_SYSTEM_IDENTIFER,TYPE_OF_SHOULDER,TYPE_OF_INTERSECTION,PHOTOS_TAKEN,LIGHT_CONDITION,WEATHER_CONDITION,ROAD_SURFACE_CONDITION,SCHOOL_BUS_RELATED_CODE,TYPE_OF_IMPACT,FIRST_HARMFUL_EVENT,LOCATION,INTERCHANGE_FLAG,JUNCTION_FLAG,ROAD_CIRCUMSTANCES_1,ROAD_CIRCUMSTANCES_2,ROAD_CIRCUMSTANCES_3,ENVIRONMENT_CIRCUMSTANCES_1,ENVIRONMENT_CIRCUMSTANCES_2,ENVIRONMENT_CIRCUMSTANCES_3,WORK_ZONE_RELATED_FLAG,CRASH_IN_WORK_ZONE,TYPE_OF_WORK_ZONE,WORKERS_PRESENT,LAW_ENFORCEMENT_PRESENT,INVESTIGATOR_RANK,INVESTIGATING_AGENCY_NAME,INVESTIGATING_AGENCY_TYPE,LOAD_DATE,UPDATE_DATE,DAYS_TO_LOAD,CODEABLE,S4_CRASH_TYPE,S4_CRASH_TYPE_SIMPLIFIED,S4_CRASH_SEVERITY,S4_CRASH_SEVERITY_DETAIL,S4_DAY_OR_NIGHT,S4_IS_AGGRESSIVE_DRIVING,S4_IS_ALCOHOL_RELATED,S4_IS_CMV_INVOLVED,S4_IS_DISTRACTED,S4_IS_DRUG_RELATED,S4_IS_HIT_AND_RUN,S4_IS_INTERSECTION_RELATED,S4_IS_LANE_DEPARTURE_RELATED,S4_IS_SPEEDING_RELATED,S4_NONE_INJURY_COUNT,S4_INJURY_COUNT,S4_POSSIBLE_INJURY_COUNT,S4_NON_INCAPACITATING_INJURY_COUNT,S4_INCAPACITATING_INJURY_COUNT,S4_FATALITY_COUNT,S4_FATALITY_WITHIN_30_DAYS_COUNT,S4_NON_TRAFFIC_FATALITY_COUNT,S4_TRAILER_COUNT,S4_MOTORCYCLE_COUNT,S4_MOPED_COUNT,S4_NON_MOTORIST_COUNT,S4_BICYCLIST_COUNT,S4_PEDESTRIAN_COUNT,S4_DRIVER_COUNT,S4_AGING_DRIVER_COUNT,S4_TEENAGER_DRIVER_COUNT,S4_PASSENGER_COUNT,S4_UNRESTRAINED_COUNT,S4_UNRESTRAINED_INJURY_COUNT,S4_UNRESTRAINED_INCAPACITATING_INJURY_COUNT,S4_UNRESTRAINED_FATALITY_COUNT,S4_MOTORCYCLIST_COUNT,S4_MOTORCYCLIST_INCAPACITATING_INJURY_COUNT,S4_MOTORCYCLIST_FATALITY_COUNT,S4_IS_PEDESTRIAN_INVOLVED,S4_PEDESTRIAN_INCAPACITATING_INJURY_COUNT,S4_PEDESTRIAN_FATALITY_COUNT,S4_IS_BICYCLIST_INVOLVED,S4_BICYCLIST_INCAPACITATING_INJURY_COUNT,S4_BICYCLIST_FATALITY_COUNT,S4_CITATION_COUNT,S4_CITATION_AMOUNT,S4_PROPERTY_DAMAGE_COUNT,S4_PROPERTY_DAMAGE_AMOUNT,S4_VEHICLE_DAMAGE_COUNT,S4_VEHICLE_DAMAGE_AMOUNT,S4_TOTAL_DAMAGE_AMOUNT,S4_TRANSPORT_BY_EMS_COUNT,S4_TRANSPORT_BY_LAW_ENFORCEMENT_COUNT,S4_TRANSPORT_BY_OTHER_COUNT,S4_GEOLOCATION_STATUS,S4_PRELIMINARY_GEOLOCATION_STATUS,S4_X,S4_Y,S4_LATITUDE,S4_LONGITUDE
87950557,2018,22-NOV-2018 08:36 PM,04-DEC-2018 12:00 AM,2018021519,L,1,2,1,57,Miami-Dade,Miami Gardens,Urban,11/22/2018 8:37:00 PM,11/22/2018 8:38:00 PM,11/22/2018 8:42:00 PM,11/22/2018 10:00:00 PM,N,Law Enforcement,NW 24TH AVE,,,,0,,NW 183RD STREET,,Local,Curb,T-Intersection,Y,Dark - Lighted,Clear,Dry,N,Angle,Other Non-Fixed Object,On Roadway,N,Intersection,None,,,None,,,N,,,,,POLICE OFFICER,Miami Gardens Police Department,Police Department (PD),12/7/2018 2:41:00 PM,12/7/2018 2:41:00 PM,15,Y,Single Vehicle,Other,Fatality,Fatal (within 30 days),NIGHT,N,N,N,N,N,N,Y,N,N,1,0,0,0,0,1,1,0,0,0,0,1,1,0,1,0,1,0,0,0,0,0,,,,N,0,0,Y,0,1,0,0,0,0,1,1000,1000,0,0,0,Verified,n/a,575975.0585,2869385.106,25.9411358313759,-80.2412305805509
87953299,2018,05-NOV-2018 08:21 AM,05-NOV-2018 12:00 AM,201800201672,L,1,2,14,40,Marion,Ocala,Urban,11/5/2018 8:21:00 AM,11/5/2018 8:21:00 AM,11/5/2018 8:26:00 AM,11/5/2018 11:10:00 AM,Y,Law Enforcement,SW 20TH ST,,29.16813,-82.17593,0,,SW 31ST AVE,,Local,Curb,Four-Way Intersection,N,Daylight,Rain,Wet,N,Angle,Motor Vehicle in Transport,On Roadway,N,Non-Junction,None,,,None,,,N,,,,,CSS,Ocala Police Department,Police Department (PD),11/27/2018 2:02:00 PM,11/27/2018 2:02:00 PM,22,Y,Single Vehicle,Other,Injury,Non-Incapacitating Injury,DAY,N,N,N,N,N,N,N,N,N,1,1,0,1,0,0,0,0,0,0,0,1,1,0,1,0,0,0,0,0,0,0,,,,N,0,0,Y,0,0,1,0,0,0,1,100,100,0,0,0,Verified,n/a,385655.4728,3227182.7785,29.1681090571188,-82.1758332785875
87969939,2018,23-MAY-2018 02:48 PM,23-MAY-2018 12:00 AM,1806607,L,1,5,24,0,St. Lucie,Unincorporated,Rural,5/23/2018 2:48:00 PM,5/23/2018 2:49:00 PM,5/23/2018 2:57:00 PM,5/23/2018 3:48:00 PM,Y,Law Enforcement,CR 778 (PRIMA VISTA BLVD),,,,0,,PINE LAKES BOULEVARD,,County,Curb,T-Intersection,Y,Daylight,Cloudy,Dry,N,Other,Pedalcycle,On Roadway,N,Intersection,None,,,None,,,N,,,,,DEPUTY,St. Lucie County Sheriff's Office,Sheriff's Office (SO),5/25/2018 2:08:00 PM,5/25/2018 2:08:00 PM,2,Y,Bicycle,Bicycle,Injury,Non-Incapacitating Injury,DAY,N,N,N,N,N,N,Y,N,N,4,1,0,1,0,0,0,0,0,0,0,1,1,0,1,0,0,3,0,0,0,0,,,,N,0,0,Y,0,0,0,0,1,500,1,1000,1500,1,0,0,Verified,n/a,567457.1504,3023164.3477,27.3299404952694,-80.3181004398596
87971007,2018,17-DEC-2018 03:35 PM,17-DEC-2018 12:00 AM,1815839,S,1,2,24,0,St. Lucie,Unincorporated,Rural,12/17/2018 3:36:00 PM,12/17/2018 3:38:00 PM,12/17/2018 3:39:00 PM,12/17/2018 4:00:00 PM,Y,Law Enforcement,US HIGHWAY 1,,,,0,,C.R. 778 / PRIMA VISTA BLVD,,U.S.,Curb,Four-Way Intersection,Y,Daylight,Clear,Dry,N,Other,Motor Vehicle in Transport,On Roadway,N,Intersection,None,,,None,,,N,,,,,DEPUTY,St. Lucie County Sheriff's Office,Sheriff's Office (SO),12/27/2018 2:35:00 PM,,10,N,Single Vehicle,Other,No Injury,No Injury,DAY,N,N,N,Y,N,N,Y,N,N,2,0,0,0,0,0,0,0,0,0,0,1,1,0,1,1,0,0,0,0,0,0,,,,N,0,0,Y,0,0,0,0,1,30,1,200,230,0,0,0,Preliminary,Computer mapped approximate by address,567178.2747,3022838.7552,27.3270149256972,-80.3209372392663
87977416,2018,02-OCT-2018 02:43 PM,02-OCT-2018 12:00 AM,18-459977,L,1,2,18,0,Lee,Unincorporated,Rural,10/2/2018 2:43:00 PM,10/2/2018 2:46:00 PM,10/2/2018 2:56:00 PM,10/2/2018 3:30:00 PM,Y,Law Enforcement,US 41,,,,242,North,PARK MEADOWS DR,,U.S.,Curb,T-Intersection,N,Daylight,Clear,Dry,N,,Pedestrian,On Roadway,N,Intersection,None,,,None,,,N,,,,,DEPUTY,Lee County Sheriff's Office,Sheriff's Office (SO),10/5/2018 2:39:00 PM,10/5/2018 2:39:00 PM,3,N,Pedestrian,Pedestrian,No Injury,No Injury,DAY,N,N,N,N,N,N,Y,N,N,2,0,0,0,0,0,0,0,0,0,0,1,1,0,1,0,0,0,0,0,0,0,,,,N,0,0,Y,0,0,0,0,0,0,1,100,100,1,0,0,Verified,n/a,413145.7205,2938863.9022,26.5678151103359,-81.8720836195474
87979488,2018,01-DEC-2018 09:20 PM,02-DEC-2018 12:00 AM,18-559594,L,1,3,18,42,Lee,Fort Myers Beach,Urban,12/1/2018 9:22:00 PM,12/1/2018 9:26:00 PM,12/1/2018 9:29:00 PM,12/1/2018 10:45:00 PM,Y,Law Enforcement,ESTERO BLVD,,,,,,AVENUE C,,County,Unpaved,T-Intersection,N,Dark - Not Lighted,Clear,Dry,N,,Pedalcycle,On Roadway,N,Other,None,,,None,,,N,,,,,DEPUTY,Lee County Sheriff's Office,Sheriff's Office (SO),12/4/2018 2:29:00 PM,12/4/2018 2:29:00 PM,3,Y,Bicycle,Bicycle,Injury,Non-Incapacitating Injury,NIGHT,N,N,N,N,N,N,N,N,N,1,2,1,1,0,0,0,0,0,0,0,2,2,0,1,0,0,0,0,0,0,0,,,,N,0,0,Y,0,0,0,0,0,0,1,1000,1000,0,0,0,Verified,n/a,405142.3837,2926054.0068,26.4516532011503,-81.9514813795494
88029975,2018,07-NOV-2018 03:03 PM,07-NOV-2018 03:41 PM,FHPG18OFF044489,L,1,4,48,44,Clay,Orange Park,Rural,11/7/2018 3:12:00 PM,11/7/2018 3:13:00 PM,11/7/2018 3:15:00 PM,11/7/2018 5:43:00 PM,Y,Law Enforcement,2399 CR 224,,30.1645,-81.74746,32,South,SR 21,,State,Curb,Four-Way Intersection,N,Daylight,Clear,Dry,N,Angle,Pedalcycle,On Roadway,Y,Intersection-Related,None,,,None,,,N,,,,,TROOPER,Florida Highway Patrol,Florida Highway Patrol (FHP),11/8/2018 2:21:00 PM,11/8/2018 2:21:00 PM,1,N,Bicycle,Bicycle,No Injury,No Injury,DAY,N,N,N,N,N,N,Y,N,N,4,0,0,0,0,0,0,0,0,0,0,2,2,0,1,0,0,1,0,0,0,0,,,,N,0,0,Y,0,0,0,0,0,0,1,10,10,0,0,0,Verified,n/a,428028.4385,3337238.459,30.1644011502242,-81.7474483556051
88044259,2018,14-DEC-2018 05:58 PM,14-DEC-2018 10:03 PM,FHPD18OFF127065,L,1,2,7,50,Orange,Windermere,Rural,12/14/2018 6:03:00 PM,12/14/2018 8:40:00 PM,12/14/2018 9:25:00 PM,12/14/2018 10:41:00 PM,Y,Law Enforcement,OASIS COVE BOULEVARD,,28.497089396731,-81.5355408418398,100,East,TRANQUILITY WAY,,County,Curb,Not at Intersection,N,Dusk,Clear,Dry,N,Other,Motor Vehicle in Transport,On Roadway,N,Non-Junction,None,,,None,,,N,,,,,TROOPER,Florida Highway Patrol,Florida Highway Patrol (FHP),12/21/2018 2:38:00 PM,12/21/2018 2:38:00 PM,7,Y,Single Vehicle,Other,Serious Injury,Incapacitating Injury,DAY,N,N,N,N,N,N,N,N,N,1,1,0,0,1,0,0,0,0,0,0,1,1,0,1,0,0,0,0,0,0,0,,,,N,0,0,Y,1,0,0,0,1,30,1,100,130,1,0,0,Verified,n/a,441946.0077,3146406.0148,28.4428701647226,-81.5928802925794
88048383,2018,14-DEC-2018 07:15 AM,14-DEC-2018 11:18 AM,FHPC18OFF135992,L,1,2,4,0,Pinellas,Unincorporated,Rural,12/14/2018 7:54:00 AM,12/14/2018 10:03:00 AM,12/14/2018 10:45:00 AM,12/14/2018 11:38:00 AM,Y,Law Enforcement,82ND AVE,,27.84833,-82.81992,0,,127TH LANE N,,County,Unpaved,T-Intersection,N,Dark - Not Lighted,Clear,Dry,N,Angle,Motor Vehicle in Transport,On Roadway,Y,Intersection,None,,,None,,,N,,,,,TROOPER,Florida Highway Patrol,Florida Highway Patrol (FHP),12/23/2018 1:58:00 PM,12/23/2018 1:58:00 PM,9,Y,Single Vehicle,Other,Injury,Possible Injury,DAY,N,N,N,N,N,Y,Y,N,N,1,1,1,0,0,0,0,0,0,0,0,1,1,0,1,0,0,0,0,0,0,0,,,,N,0,0,Y,0,0,0,0,0,0,0,0,0,0,0,0,Verified,n/a,321362.0807,3081606.2748,27.8472797196837,-82.8141329987441
88627703,2018,01-NOV-2018 04:45 PM,01-NOV-2018 05:00 PM,754660,L,1,4,2,38,Duval,Jacksonville,Urban,11/1/2018 4:49:00 PM,11/1/2018 4:50:00 PM,11/1/2018 5:00:00 PM,11/1/2018 6:05:00 PM,Y,Law Enforcement,SR 103/LANE AVE,,30.286871,-81.755289,65,North,GOLFVIEW ST,,State,Curb,Not at Intersection,N,Daylight,Cloudy,Dry,N,Front to Rear,Pedalcycle,On Roadway,N,Non-Junction,None,,,None,,,N,,,,,CSO,Jacksonville Sheriff's Office,Sheriff's Office (SO),11/6/2018 7:41:00 PM,11/6/2018 7:41:00 PM,5,N,Bicycle,Bicycle,No Injury,No Injury,DAY,N,N,N,N,N,N,N,N,N,4,0,0,0,0,0,0,0,0,0,0,1,1,0,1,0,0,2,0,0,0,0,,,,N,0,0,Y,0,0,1,0,0,0,1,1200,1200,0,0,0,Verified,n/a,427364.776,3350802.666,30.2867585318963,-81.7552749891964
88656910,2018,11-OCT-2018 07:27 PM,11-OCT-2018 12:00 AM,18-03637,L,1,2,1,35,Miami-Dade,Pinecrest,Urban,10/11/2018 7:31:00 PM,10/11/2018 7:33:00 PM,10/11/2018 7:36:00 PM,10/11/2018 8:10:00 PM,Y,Law Enforcement,CHAPMAN FIELD DR,,,,0,,OLD CUTLER RD,,Local,Paved,T-Intersection,N,Dark - Not Lighted,Clear,Dry,N,,Pedalcycle,On Roadway,N,Intersection,None,,,None,,,N,,,,,CSA,Pinecrest Police Department,Police Department (PD),10/20/2018 2:32:00 PM,10/20/2018 2:32:00 PM,9,N,Bicycle,Bicycle,No Injury,No Injury,NIGHT,N,N,N,N,N,N,Y,N,N,2,0,0,0,0,0,0,0,0,0,0,1,1,0,1,0,0,0,0,0,0,0,,,,N,0,0,Y,0,0,1,0,1,250,1,250,500,0,0,0,Verified,n/a,571344.3454,2836846.2217,25.647563526818,-80.2892291647586
88730832,2018,12-NOV-2018 06:10 PM,12-NOV-2018 12:00 AM,18143997,L,1,2,6,62,Palm Beach,Lake Worth,Urban,11/12/2018 6:12:00 PM,11/12/2018 6:12:00 PM,11/12/2018 6:15:00 PM,11/12/2018 9:16:00 PM,Y,Law Enforcement,4TH AVE N,,,,0,,N B STREET,,Local,Paved,Four-Way Intersection,N,Dark - Lighted,Clear,Dry,N,Angle,Motor Vehicle in Transport,On Roadway,N,Intersection,None,,,None,,,N,,,,,D/S,Palm Beach County Sheriff's Office,Sheriff's Office (SO),11/18/2018 4:57:00 PM,11/18/2018 4:57:00 PM,6,Y,Single Vehicle,Other,Injury,Non-Incapacitating Injury,DAY,N,N,N,N,N,N,Y,N,N,1,1,0,1,0,0,0,0,0,0,0,1,1,0,1,0,0,0,0,0,0,0,,,,N,0,0,Y,0,0,0,0,0,0,1,2000,2000,1,0,0,Verified,n/a,593170.3232,2944742.0502,26.6204801456599,-80.0640734241969
88738912,2018,13-DEC-2018 05:30 PM,13-DEC-2018 12:00 AM,18155234,L,2,3,6,0,Palm Beach,Unincorporated,Rural,12/13/2018 5:47:00 PM,12/13/2018 5:48:00 PM,12/13/2018 6:13:00 PM,12/14/2018 7:10:00 AM,Y,Law Enforcement,NORTH FOUR SEASONS ROAD,,,,15,East,NORTH MILITARY TRAIL,,County,Paved,Other,N,Dusk,Cloudy,Dry,N,Other,Motor Vehicle in Transport,On Roadway,N,Non-Junction,None,,,None,,,N,,,,,CSA,Palm Beach County Sheriff's Office,Sheriff's Office (SO),12/18/2018 3:57:00 PM,12/18/2018 3:57:00 PM,5,Y,Other,Other,Injury,Non-Incapacitating Injury,DAY,N,N,N,Y,N,N,N,N,N,1,2,0,2,0,0,0,0,0,0,0,2,2,0,1,0,0,0,0,0,0,0,,,,N,0,0,Y,0,0,0,0,0,0,2,400,400,0,0,0,Verified,n/a,588801.6704,2964276.9009,26.7971201027079,-80.1065783166284
88750819,2018,21-NOV-2018 11:00 AM,21-NOV-2018 12:00 AM,2018-054335,L,1,2,5,0,Polk,Unincorporated,Rural,11/21/2018 11:04:00 AM,11/21/2018 11:08:00 AM,11/21/2018 11:30:00 AM,11/21/2018 12:00:00 PM,Y,Law Enforcement,MAGNOLIA PRESERVE AVE,4725,,,,,,,Local,Paved,Not at Intersection,Y,Daylight,Clear,Dry,N,Other,Other Non-Fixed Object,On Roadway,N,Driveway/Alley Access Related,None,,,Physical Obstruction(s),,,N,,,,,Dep.,Polk County Sheriff's Office,Sheriff's Office (SO),11/24/2018 2:00:00 PM,11/24/2018 2:00:00 PM,3,Y,Single Vehicle,Other,Injury,Possible Injury,DAY,N,N,N,N,N,N,N,N,N,1,1,1,0,0,0,0,0,0,0,0,1,1,0,1,0,0,0,0,0,0,0,,,,N,0,0,Y,0,0,0,0,0,0,1,1000,1000,0,0,1,Preliminary,Editor Mapped,422331.2342,3094711.39,27.9752463371594,-81.7897441937237
88756476,2018,15-DEC-2018 10:10 PM,15-DEC-2018 12:00 AM,CW18-185649,L,1,2,4,36,Pinellas,Clearwater,Urban,12/15/2018 10:11:00 PM,12/15/2018 10:12:00 PM,12/15/2018 10:20:00 PM,12/15/2018 11:15:00 PM,Y,Law Enforcement,BELCHER RD S,,27.942135,-82.745876,0,,NURSERY RD,,Local,Curb,Four-Way Intersection,N,Dark - Lighted,Clear,Dry,N,,Pedestrian,On Roadway,N,Intersection,None,,,None,,,N,,,,,OFFICER,Clearwater Police Department,Police Department (PD),12/20/2018 2:45:00 PM,12/20/2018 2:45:00 PM,5,Y,Pedestrian,Pedestrian,Injury,Non-Incapacitating Injury,NIGHT,N,N,N,N,N,N,Y,N,N,1,1,0,1,0,0,0,0,0,0,0,1,1,0,1,0,0,0,0,0,0,0,,,,N,0,0,Y,0,0,2,0,0,0,1,2000,2000,1,0,0,Verified,n/a,328226.8673,3092019.5208,27.9421396757084,-82.7459530355327
88934199,2018,28-DEC-2018 03:08 PM,28-DEC-2018 12:00 AM,341812208469,L,1,2,10,38,Broward,Fort Lauderdale,Urban,12/28/2018 3:11:00 PM,12/28/2018 3:13:00 PM,12/28/2018 3:26:00 PM,12/28/2018 3:38:00 PM,Y,Law Enforcement,W BROWARD BLVD,500,,,102,West,,,County,Paved,Not at Intersection,N,Daylight,Clear,Dry,N,Angle,Motor Vehicle in Transport,On Roadway,N,Non-Junction,None,,,None,,,N,,,,,OFFICER,Fort Lauderdale Police Department,Police Department (PD),12/30/2018 2:00:00 PM,12/30/2018 2:00:00 PM,2,Y,Single Vehicle,Other,Injury,Possible Injury,DAY,N,N,N,N,N,N,N,N,N,1,1,1,0,0,0,0,0,0,0,0,1,1,0,1,1,0,0,0,0,0,0,,,,N,0,0,Y,0,0,0,0,0,0,1,1,1,1,0,0,Verified,n/a,585094.2321,2889505.1813,26.1222907731528,-80.1488541735796
82385305,2019,25-OCT-2019 08:00 AM,25-OCT-2019 08:31 AM,SJSO19CAD216013,S,1,1,20,50,St. Johns,St. Augustine,Rural,10/25/2019 8:03:00 AM,10/25/2019 8:04:00 AM,10/25/2019 8:04:00 AM,10/25/2019 8:32:00 AM,Y,Law Enforcement,A1A SOUTH OF 312 INTERSECTION,,29.8604464027721,-81.2825029542302,,,,,State,Paved,Not at Intersection,N,Daylight,Clear,Dry,N,Angle,Pedalcycle,On Roadway,N,Driveway/Alley Access Related,None,,,None,,,N,,,,,LE DEPUTY,St. Johns County Sheriff's Office,Sheriff's Office (SO),10/26/2019 2:12:00 PM,,1,Y,Bicycle,Bicycle,No Injury,No Injury,DAY,N,N,N,N,N,Y,N,N,N,1,0,0,0,0,0,0,0,0,0,0,1,1,0,0,0,0,0,0,0,0,0,,,,N,0,0,Y,0,0,0,0,0,0,1,100,100,0,0,0,Preliminary,Computer plot approximate by lat/long,472715.4468,3303354.7127,29.8604407638304,-81.2824998229523
82389797,2019,17-FEB-2019 06:25 PM,17-FEB-2019 06:51 PM,SJSO19CAD033568,L,1,2,20,50,St. Johns,St. Augustine,Rural,2/17/2019 6:26:00 PM,2/17/2019 6:29:00 PM,2/17/2019 6:31:00 PM,2/17/2019 7:15:00 PM,Y,Law Enforcement,S HOLMES BLVD,,29.8916336219717,-81.3562533539472,296,North,KING ST EXT,,Local,Paved,Not at Intersection,N,Dusk,Clear,Dry,N,Other,Pedestrian,On Roadway,N,Non-Junction,None,,,None,,,N,,,,,LE DEPUTY,St. Johns County Sheriff's Office,Sheriff's Office (SO),2/19/2019 2:20:00 PM,2/19/2019 2:20:00 PM,2,Y,Pedestrian,Pedestrian,Injury,Non-Incapacitating Injury,DAY,N,N,N,N,N,N,N,N,N,1,1,0,1,0,0,0,0,0,0,0,1,1,0,1,0,0,0,0,0,0,0,,,,N,0,0,Y,0,0,2,0,0,0,1,1000,1000,1,0,0,Preliminary,Editor Mapped,465613.2508,3306786.8345,29.8912364873668,-81.3561437688745
86085153,2019,03-MAR-2019 03:50 AM,03-MAR-2019 04:30 AM,OCPD19OFF001062,L,1,1,7,42,Orange,Ocoee,Urban,3/3/2019 3:55:00 AM,3/3/2019 3:56:00 AM,3/3/2019 4:03:00 AM,3/3/2019 4:24:00 AM,Y,Law Enforcement,A.D. MIMS RD,,28.57988,-81.51167,76,West,CLARK RD,,Local,Curb,Not at Intersection,N,Dark - Lighted,Clear,Dry,N,"Sideswipe, Same Direction",Pedalcycle,On Roadway,N,Non-Junction,None,,,None,,,N,,,,,OFFICER,Ocoee Police Department,Police Department (PD),3/14/2019 2:36:00 PM,,11,Y,Bicycle,Bicycle,Injury,Possible Injury,NIGHT,N,N,N,N,N,Y,N,Y,N,0,1,1,0,0,0,0,0,0,0,0,1,1,0,0,0,0,0,0,0,0,0,,,,N,0,0,Y,0,0,0,0,0,0,0,0,0,0,0,0,Verified,n/a,450181.6499,3162471.7571,28.5882240972389,-81.5094726818208
86914170,2019,09-DEC-2019 11:30 AM,09-DEC-2019 12:00 PM,19-880045,L,1,2,3,0,Hillsborough,Unincorporated,Rural,12/9/2019 11:37:00 AM,12/9/2019 11:38:00 AM,12/9/2019 11:45:00 AM,12/9/2019 12:19:00 PM,Y,Law Enforcement,WINDHORST RD,,,,0,,IVYWOOD DR,,County,Unpaved,T-Intersection,N,Daylight,Clear,Dry,N,Angle,Pedalcycle,On Roadway,N,Intersection,None,,,None,,,N,,,,,DEP,Hillsborough County Sheriff's Office,Sheriff's Office (SO),12/10/2019 2:43:00 PM,,1,Y,Bicycle,Bicycle,Injury,Possible Injury,DAY,N,N,N,Y,N,N,Y,N,N,1,1,1,0,0,0,0,0,0,0,0,1,1,0,1,1,0,0,0,0,0,0,,,,N,0,0,Y,0,0,0,0,0,0,1,100,100,0,0,0,Verified,n/a,370412.3606,3093424.5125,27.9595896805821,-82.3174285990715
87337894,2019,30-APR-2019 11:59 AM,30-APR-2019 12:00 AM,19-023724,L,1,2,6,34,Palm Beach,Boynton Beach,Urban,4/30/2019 12:00:00 PM,4/30/2019 12:01:00 PM,4/30/2019 12:03:00 PM,4/30/2019 12:30:00 PM,Y,Law Enforcement,RENAISSANCE COMMONS BLVD S,,26.541975,-80.088599,0,,RENAISSANCE DR,,Local,Curb,Four-Way Intersection,N,Daylight,Clear,Dry,N,,Pedestrian,On Roadway,N,Intersection,None,,,None,,,N,,,,,OFC,Boynton Beach Police Department,Police Department (PD),5/1/2019 2:27:00 PM,,1,Y,Pedestrian,Pedestrian,Injury,Non-Incapacitating Injury,DAY,N,N,N,N,N,N,Y,N,N,1,1,0,1,0,0,0,0,0,0,0,1,1,0,1,0,0,0,0,0,0,0,,,,N,0,0,Y,0,0,0,0,0,0,1,3000,3000,1,0,0,Verified,n/a,590790.9917,2936037.2006,26.5420481560791,-80.0885945292462
87469273,2019,02-FEB-2019 02:30 PM,02-FEB-2019 12:00 AM,2019TA001399,L,1,2,7,30,Orange,Apopka,Urban,2/2/2019 2:32:00 PM,2/2/2019 2:35:00 PM,2/2/2019 2:38:00 PM,2/2/2019 3:00:00 PM,Y,Law Enforcement,LOU ANN DR,,28.668676,-81.514703,158,North,W 8TH ST,,Local,Unpaved,Not at Intersection,N,Daylight,Clear,Dry,N,,Pedalcycle,On Roadway,N,Through Roadway,None,,,None,,,N,,,,,OFFICER,Apopka Police Department,Police Department (PD),2/11/2019 1:57:00 PM,,9,Y,Bicycle,Bicycle,Injury,Possible Injury,DAY,N,N,N,N,N,N,N,N,N,1,1,1,0,0,0,0,0,0,0,0,1,1,0,1,0,0,0,0,0,0,0,,,,N,0,0,Y,0,0,1,0,0,0,0,0,0,1,0,0,Verified,n/a,449713.3285,3171385.5344,28.6686626780174,-81.5146541775273
87552116,2019,23-AUG-2019 01:45 PM,23-AUG-2019 12:00 AM,BE19-15644,L,1,2,4,30,Pinellas,Belleair,Urban,8/23/2019 2:00:00 PM,8/23/2019 2:00:00 PM,8/23/2019 2:00:00 PM,8/23/2019 4:00:00 PM,Y,Law Enforcement,PONCE DE LEON BLVD,,27.935139,-82.800444,149,East,BARBARA CIR,,Local,Paved,Four-Way Intersection,N,Daylight,Clear,Dry,N,,Pedalcycle,On Roadway,N,Intersection-Related,None,,,None,,,N,,,,,OFFICER,Belleair Police Department,Police Department (PD),9/28/2019 2:32:00 PM,9/28/2019 2:32:00 PM,36,Y,Bicycle,Bicycle,Injury,Non-Incapacitating Injury,DAY,N,N,N,N,N,N,Y,N,N,1,1,0,1,0,0,0,0,0,0,0,1,1,0,1,1,0,0,0,0,0,0,,,,N,0,0,Y,0,0,0,0,0,0,1,1500,1500,0,0,0,Preliminary,Editor Mapped,322853.6339,3091321.1826,27.9351353152876,-82.8004420116533
87592693,2019,08-FEB-2019 11:20 PM,08-FEB-2019 11:54 PM,99672,L,2,2,2,38,Duval,Jacksonville,Urban,2/8/2019 11:28:00 PM,2/8/2019 11:42:00 PM,2/8/2019 11:48:00 PM,2/8/2019 11:56:00 PM,Y,Law Enforcement,WILLOW BRANCH AVE.,800,30.31477,-81.70323,158,South,2900 PLUM ST.,,Local,Paved,Not at Intersection,N,Dark - Lighted,Clear,Dry,N,Front to Rear,Parked Motor Vehicle,Off Roadway,N,Non-Junction,None,,,None,,,N,,,,,OFFICER,Jacksonville Sheriff's Office,Sheriff's Office (SO),2/9/2019 2:22:00 PM,2/9/2019 2:22:00 PM,1,Y,Parked Vehicle,Other,No Injury,No Injury,NIGHT,N,N,Y,N,N,N,N,Y,N,2,0,0,0,0,0,0,0,0,0,0,1,1,0,1,0,0,0,0,0,0,0,,,,N,0,0,Y,0,0,1,0,0,0,2,500,500,0,0,0,Preliminary,Editor Mapped,432424.0329,3354157.242,30.317321540918,-81.7028872159375
87716157,2019,03-APR-2019 09:15 PM,20-AUG-2019 11:18 AM,19-231459,L,1,2,3,0,Hillsborough,Unincorporated,Rural,4/3/2019 9:22:00 PM,4/3/2019 9:25:00 PM,4/3/2019 9:32:00 PM,4/4/2019 1:49:00 AM,Y,Law Enforcement,TEMPLE TERRACE HW,,,,288,West,DAVIS RD,,County,Paved,Not at Intersection,N,Dark - Not Lighted,Clear,Dry,N,Other,Motor Vehicle in Transport,On Roadway,N,Non-Junction,Other,Obstruction in Roadway,Other,Other,None,,N,,,,,DET,Hillsborough County Sheriff's Office,Sheriff's Office (SO),8/21/2019 2:31:00 PM,8/21/2019 2:31:00 PM,140,Y,Single Vehicle,Other,Serious Injury,Incapacitating Injury,NIGHT,N,N,N,Y,Y,N,N,N,N,1,1,0,0,1,0,0,0,0,0,0,1,1,0,1,0,0,0,0,0,0,0,,,,N,0,0,Y,1,0,0,0,1,1000,1,2000,3000,1,0,0,Preliminary,Editor Mapped,366578.3397,3101557.6141,28.0326103765288,-82.3573170845263
87739729,2019,27-SEP-2019 11:30 AM,26-SEP-2019 12:00 AM,190008080,L,1,1,8,56,Volusia,Port Orange,Urban,9/27/2019 12:24:00 PM,9/27/2019 12:34:00 PM,9/27/2019 12:40:00 PM,9/27/2019 2:07:00 PM,Y,Law Enforcement,MERRYVALE LN,,,,,,CREEKWATER BLVD,,Private Roadway,Paved,T-Intersection,,Daylight,Clear,Dry,N,Other,Fence,On Roadway,N,Non-Junction,None,None,None,None,None,None,N,,,,,Ofc.,Port Orange Police Department,Police Department (PD),10/10/2019 2:33:00 PM,10/10/2019 2:33:00 PM,13,Y,Off Road,Off Road,Injury,Non-Incapacitating Injury,DAY,N,N,N,N,N,N,N,Y,N,0,1,0,1,0,0,0,0,0,0,0,1,1,0,0,0,0,0,0,0,0,0,,,,N,0,0,Y,0,0,0,0,2,2000,1,300,2300,0,0,0,Preliminary,Editor Mapped,497223.2807,3214276.2913,29.0567761674515,-81.0285240321648
87758517,2019,12-MAY-2019 09:05 PM,13-MAY-2019 12:00 AM,2019-44176,L,1,2,1,68,Miami-Dade,Miami Beach,Urban,5/12/2019 9:09:00 PM,5/12/2019 9:10:00 PM,5/12/2019 9:11:00 PM,5/12/2019 9:45:00 PM,Y,Law Enforcement,DICKENS AVE,,,,15,South,73RD ST,,Local,Paved,Not at Intersection,,Dark - Not Lighted,Clear,Dry,N,"Sideswipe, Same Direction",Motor Vehicle in Transport,On Roadway,N,Non-Junction,None,,,None,,,N,,,,,Off.,Miami Beach Police Department,Police Department (PD),5/31/2019 2:26:00 PM,,19,Y,Single Vehicle,Other,Injury,Non-Incapacitating Injury,NIGHT,N,N,N,N,N,N,N,Y,N,1,1,0,1,0,0,0,0,0,0,0,1,1,0,1,0,0,0,0,0,0,0,,,,N,0,0,Y,0,0,0,0,2,200,1,1000,1200,1,0,0,Verified,n/a,587651.4896,2860272.4605,25.8582006898562,-80.1252340871605
87760900,2019,17-OCT-2019 09:33 AM,17-OCT-2019 12:00 AM,2019-92455,L,1,2,1,68,Miami-Dade,Miami Beach,Urban,10/17/2019 9:36:00 AM,10/17/2019 9:37:00 AM,10/17/2019 9:39:00 AM,10/17/2019 10:25:00 AM,Y,Law Enforcement,MERIDIAN AVE,,,,0,,10TH ST,,Local,Paved,Four-Way Intersection,,Daylight,Clear,Dry,N,Front to Front,Motor Vehicle in Transport,On Roadway,N,Intersection,None,,,None,,,N,,,,,Off.,Miami Beach Police Department,Police Department (PD),11/7/2019 2:32:00 PM,11/7/2019 2:32:00 PM,21,Y,Single Vehicle,Other,Injury,Non-Incapacitating Injury,DAY,N,N,N,N,N,N,Y,N,N,1,1,0,1,0,0,0,0,0,0,0,1,1,0,1,0,0,0,0,0,0,0,,,,N,0,0,Y,0,0,1,0,1,1000,1,500,1500,1,0,0,Preliminary,Editor Mapped,586606.2258,2851673.9542,25.7806267830651,-80.1362283614522
87880804,2019,23-FEB-2019 03:50 PM,23-FEB-2019 12:00 AM,2019-02240,L,1,2,18,40,Lee,Fort Myers,Urban,2/23/2019 3:54:00 PM,2/23/2019 3:56:00 PM,2/23/2019 4:08:00 PM,2/23/2019 4:45:00 PM,Y,Law Enforcement,METRO PKWY,3756,26.607518,-81.853473,,,,,Parking Lot,Paved,Not at Intersection,N,Daylight,Clear,Dry,N,,Pedestrian,In Parking Lane or Zone,N,Other,None,,,None,,,N,,,,,PATROL,Fort Myers Police Department,Police Department (PD),2/26/2019 2:36:00 PM,2/26/2019 2:36:00 PM,3,Y,Pedestrian,Pedestrian,Injury,Non-Incapacitating Injury,DAY,N,N,N,N,N,Y,N,N,N,1,1,0,1,0,0,0,0,0,0,0,1,1,0,1,0,0,0,0,0,0,0,,,,N,0,0,Y,0,0,0,0,0,0,1,200,200,1,0,0,Preliminary,Editor Mapped,415028.683,2943247.8737,26.607508592179,-81.8534723965257
87882397,2019,28-JUN-2019 05:54 AM,28-JUN-2019 12:00 AM,2019-07177,L,1,2,18,40,Lee,Fort Myers,Urban,6/28/2019 5:56:00 AM,6/28/2019 5:56:00 AM,6/28/2019 5:56:00 AM,6/28/2019 6:55:00 AM,Y,Law Enforcement,ZANA DR,,26.664463,-81.812312,0,,ORTIZ AVE,,Local,Unpaved,Four-Way Intersection,N,Dark - Lighted,Clear,Dry,N,,Pedalcycle,On Roadway,N,Other,None,,,None,,,N,,,,,PATROL,Fort Myers Police Department,Police Department (PD),7/3/2019 2:31:00 PM,7/3/2019 2:31:00 PM,5,N,Bicycle,Bicycle,No Injury,No Injury,NIGHT,N,N,N,N,N,N,N,N,N,2,0,0,0,0,0,0,0,0,0,0,1,1,0,1,0,0,0,0,0,0,0,,,,N,0,0,Y,0,0,0,0,0,0,1,1500,1500,1,0,0,Preliminary,Editor Mapped,419166.4199,2949528.0011,26.6644496900922,-81.8123163428144
87891145,2019,26-AUG-2019 07:55 PM,26-AUG-2019 08:20 PM,HCSO19CAD056011,L,1,3,27,50,Highlands,Sebring,Rural,8/26/2019 8:00:00 PM,8/26/2019 8:01:00 PM,8/26/2019 8:06:00 PM,8/26/2019 8:35:00 PM,Y,Law Enforcement,DESOTO ROAD,,27.47124,-81.43058,78,West,,,County,Unpaved,Not at Intersection,N,Dusk,Clear,Dry,N,"Sideswipe, Same Direction",Pedestrian,On Roadway,N,Non-Junction,None,,,None,,,N,,,,,,Highlands County Sheriff's Office,Sheriff's Office (SO),9/9/2019 1:59:00 PM,9/9/2019 1:59:00 PM,14,N,Pedestrian,Pedestrian,No Injury,No Injury,NIGHT,N,N,N,Y,N,N,N,Y,N,3,0,0,0,0,0,0,0,0,0,0,2,2,0,1,1,0,0,0,0,0,0,,,,N,0,0,Y,0,0,0,0,0,0,1,50,50,0,0,0,Preliminary,Editor Mapped,457967.5874,3038707.9405,27.4712832661587,-81.425434614587
87911974,2019,29-JAN-2019 04:28 PM,29-JAN-2019 12:00 AM,901901010285,L,1,2,10,38,Broward,Fort Lauderdale,Rural,1/29/2019 4:28:00 PM,1/29/2019 4:28:00 PM,1/29/2019 4:29:00 PM,1/29/2019 6:10:00 PM,Y,Law Enforcement,W SUNRISE BLVD,,,,0,,NW 31ST AV,,State,Paved,Four-Way Intersection,N,Daylight,Clear,Dry,N,Other,Motor Vehicle in Transport,On Roadway,N,Non-Junction,None,,,None,,,N,,,,,,Broward County Sheriff's Office,Sheriff's Office (SO),1/31/2019 2:43:00 PM,,2,Y,Single Vehicle,Other,Injury,Non-Incapacitating Injury,DAY,N,N,N,N,N,N,N,N,N,1,1,0,1,0,0,0,0,0,0,0,1,1,0,1,0,0,0,0,0,0,0,,,,N,0,0,Y,0,0,0,0,0,0,1,100,100,1,0,0,Verified,n/a,581330.1848,2891038.7361,26.1363542904648,-80.1864046215668
87912785,2019,25-JAN-2019 12:08 PM,25-JAN-2019 12:00 AM,1900169,L,1,2,1,87,Miami-Dade,South Miami,Urban,1/25/2019 12:08:00 PM,1/25/2019 12:09:00 PM,1/25/2019 12:13:00 PM,1/25/2019 1:12:00 PM,Y,Law Enforcement,SW 56TH ST,6667,,,,,,,Other,Paved,Not at Intersection,N,Daylight,Cloudy,Dry,N,Angle,Motor Vehicle in Transport,In Parking Lane or Zone,N,Driveway/Alley Access Related,None,,,None,,,N,,,,,POLICE OFFICER,South Miami Police Department,Police Department (PD),1/26/2019 3:49:00 PM,1/26/2019 3:49:00 PM,1,Y,Single Vehicle,Other,Injury,Non-Incapacitating Injury,DAY,N,N,N,N,N,N,N,N,N,1,1,0,1,0,0,0,0,0,0,0,1,1,0,1,0,0,0,0,0,0,0,,,,N,0,0,Y,0,0,0,0,0,0,1,500,500,0,0,0,Preliminary,Editor Mapped,570000.5361,2844724.0611,25.7187616703447,-80.3022018700266
87916368,2019,05-APR-2019 06:30 PM,05-APR-2019 12:00 AM,19003598,L,1,3,10,31,Broward,Coral Springs,Urban,4/5/2019 9:27:00 PM,4/5/2019 9:30:00 PM,4/5/2019 9:54:00 PM,4/5/2019 9:54:00 PM,Y,Law Enforcement,N UNIVERSITY DR,,,,713,South,NW 19TH ST,,State,Curb,Not at Intersection,N,Dark - Lighted,Clear,Dry,N,Other,Pedalcycle,On Roadway,N,Driveway/Alley Access Related,None,,,None,,,N,,,,,,Coral Springs Police Department,Police Department (PD),4/10/2019 2:34:00 PM,,5,Y,Bicycle,Bicycle,Injury,Non-Incapacitating Injury,DAY,N,N,N,N,N,N,N,N,N,2,1,0,1,0,0,0,0,0,0,0,2,2,0,1,0,0,0,0,0,0,0,,,,N,0,0,Y,0,0,1,0,0,0,1,300,300,0,0,1,Verified,n/a,574603.7984,2903918.1714,26.2530049428555,-80.2529464497289
87984389,2019,11-APR-2019 06:20 PM,11-APR-2019 12:00 AM,19-175604,L,1,2,18,30,Lee,Bonita Springs,Urban,4/11/2019 6:25:00 PM,4/11/2019 6:28:00 PM,4/11/2019 6:40:00 PM,4/11/2019 7:30:00 PM,Y,Law Enforcement,BONITA BEACH RD SE,,26.331061,-81.789741,366,East,WISCONSIN ST,,County,Paved,Not at Intersection,Y,Daylight,Clear,Dry,N,,Pedalcycle,Shoulder,N,Driveway/Alley Access Related,None,,,Weather Conditions,Glare,,N,,,,,DEPUTY,Lee County Sheriff's Office,Sheriff's Office (SO),4/13/2019 3:23:00 PM,4/13/2019 3:23:00 PM,2,Y,Bicycle,Bicycle,Injury,Non-Incapacitating Injury,DAY,N,N,N,N,N,N,N,N,N,1,1,0,1,0,0,0,0,0,0,0,1,1,0,1,0,0,0,0,0,0,0,,,,N,0,0,Y,0,0,0,0,0,0,1,3000,3000,1,0,0,Preliminary,Editor Mapped,421186.206,2912587.6511,26.3310530798373,-81.789737715263
87988255,2019,24-SEP-2019 08:08 AM,24-SEP-2019 12:00 AM,291909004046,L,1,3,10,52,Broward,Lauderhill,Urban,9/24/2019 8:10:00 AM,9/24/2019 8:10:00 AM,9/24/2019 8:10:00 AM,9/24/2019 9:00:00 AM,Y,Law Enforcement,NW 25TH ST,,,,0,,NW 56TH AV,,Local,Paved,Four-Way Intersection,N,Daylight,Cloudy,Dry,N,Angle,Pedalcycle,On Roadway,N,Non-Junction,None,,,None,,,N,,,,,,Lauderhill Police Department,Police Department (PD),9/29/2019 1:56:00 PM,,5,Y,Bicycle,Bicycle,Injury,Non-Incapacitating Injury,DAY,N,N,N,N,N,N,N,N,N,2,1,0,1,0,0,0,0,0,0,0,2,2,0,1,0,0,0,0,0,0,0,,,,N,0,0,Y,0,0,0,0,0,0,1,300,300,1,0,0,Preliminary,Computer mapped approximate by address,577264.4248,2893502.7293,26.1588252154551,-80.2269272990476
88061802,2019,06-JAN-2019 03:54 PM,06-JAN-2019 04:31 PM,FHPD19OFF001845,L,1,3,26,40,Osceola,Kissimmee,Rural,1/6/2019 3:54:00 PM,1/6/2019 3:56:00 PM,1/6/2019 4:22:00 PM,1/6/2019 5:21:00 PM,Y,Law Enforcement,CELEBRATION PLACE,,28.32582,-81.54716,,,U.S HIGHWAY 192,,Local,Curb,Four-Way Intersection,N,Daylight,Clear,Dry,N,Other,Pedestrian,On Roadway,Y,Intersection,None,,,None,,,N,,,,,TROOPER,Florida Highway Patrol,Florida Highway Patrol (FHP),1/8/2019 2:16:00 PM,,2,Y,Pedestrian,Pedestrian,Injury,Possible Injury,DAY,N,N,N,N,N,N,Y,N,N,2,1,1,0,0,0,0,0,0,0,0,1,1,0,1,0,0,1,0,0,0,0,0,0,0,N,0,0,Y,0,0,0,0,0,0,1,1000,1000,1,0,0,Preliminary,Editor Mapped,447666.7388,3133858.3391,28.3298518628527,-81.5338914642146
88093272,2019,29-MAR-2019 05:36 PM,29-MAR-2019 08:00 PM,FHPD19OFF028410,L,1,2,7,46,Orange,Orlando,Rural,3/29/2019 5:41:00 PM,3/29/2019 7:25:00 PM,3/29/2019 7:47:00 PM,3/29/2019 8:50:00 PM,Y,Law Enforcement,EAGLE CREEK CENTER BOULEVARD,,28.363713073678,-81.2433617669583,200,East,CR-15 (NARCOOSSEE ROAD),,Local,Curb,Not at Intersection,N,Daylight,Clear,Dry,N,Angle,Motor Vehicle in Transport,On Roadway,N,Non-Junction,None,,,None,,,N,,,,,TROOPER,Florida Highway Patrol,Florida Highway Patrol (FHP),4/17/2019 2:49:00 PM,,19,Y,Single Vehicle,Other,Injury,Non-Incapacitating Injury,DAY,N,N,N,N,N,N,N,N,N,1,1,0,1,0,0,0,0,0,0,0,1,1,0,1,0,0,0,0,0,0,0,,,,N,0,0,Y,0,0,0,0,1,100,1,2000,2100,1,0,0,Verified,n/a,476117.5389,3137516.0041,28.3636956750965,-81.243721977279
88097167,2019,17-MAR-2019 01:56 PM,17-MAR-2019 02:44 PM,FHPA19OFF010945,L,1,2,9,0,Escambia,Unincorporated,Rural,3/17/2019 1:56:00 PM,3/17/2019 2:01:00 PM,3/17/2019 2:42:00 PM,3/17/2019 3:10:00 PM,Y,Law Enforcement,N T ST(CR-493),,30.43626,-87.24592,26,South,BOBE ST,,County,Unpaved,T-Intersection,N,Daylight,Cloudy,Dry,N,Other,Pedalcycle,On Roadway,N,Intersection-Related,None,,,None,,,N,,,,,TROOPER,Florida Highway Patrol,Florida Highway Patrol (FHP),3/25/2019 1:52:00 PM,,8,Y,Bicycle,Bicycle,Serious Injury,Incapacitating Injury,DAY,N,N,N,N,N,N,Y,N,N,1,1,0,0,1,0,0,0,0,0,0,1,1,0,1,0,0,0,0,0,0,0,,,,N,0,0,Y,1,0,1,0,1,300,1,600,900,1,0,0,Preliminary,Editor Mapped,-100334.9239,3383736.5749,30.4361781963509,-87.2459207181076
88109604,2019,11-APR-2019 03:54 PM,11-APR-2019 04:54 PM,FHPD19OFF032705,L,1,2,7,0,Orange,Unincorporated,Rural,4/11/2019 3:55:00 PM,4/11/2019 4:15:00 PM,4/11/2019 4:44:00 PM,4/11/2019 6:13:00 PM,Y,Law Enforcement,STATE ROAD 50 (COLONIAL DRIVE),,28.5652360592903,-81.1719794075826,0,,PEL STREET,,State,Curb,T-Intersection,N,Daylight,Clear,Dry,N,Angle,Pedalcycle,On Roadway,N,Intersection,None,,,None,,,N,,,,,TROOPER,Florida Highway Patrol,Florida Highway Patrol (FHP),4/15/2019 1:54:00 PM,,4,Y,Bicycle,Bicycle,Injury,Non-Incapacitating Injury,DAY,N,N,N,N,N,N,Y,N,N,1,1,0,1,0,0,0,0,0,0,0,1,1,0,1,0,0,0,0,0,0,0,,,,N,0,0,Y,0,0,0,0,0,0,1,200,200,1,0,0,Verified,n/a,483208.6545,3159836.9778,28.5652892946247,-81.1716823415961
88116302,2019,29-APR-2019 08:43 AM,29-APR-2019 09:20 AM,FHPD19OFF038647,L,1,2,7,54,Orange,Winter Park,Rural,4/29/2019 8:43:00 AM,4/29/2019 8:44:00 AM,4/29/2019 9:04:00 AM,4/29/2019 9:33:00 AM,Y,Law Enforcement,STATE ROAD 436 (SEMORAN BLVD),,28.59902,-81.30719,0,,DRIGGS DRIVE,,State,Paved,T-Intersection,N,Daylight,Clear,Dry,N,Other,Pedestrian,On Roadway,N,Intersection,None,,,None,,,N,,,,,TROOPER,Florida Highway Patrol,Florida Highway Patrol (FHP),5/3/2019 2:29:00 PM,,4,Y,Pedestrian,Pedestrian,Injury,Possible Injury,DAY,N,N,N,Y,N,N,Y,N,N,1,1,1,0,0,0,0,0,0,0,0,1,1,0,1,0,0,0,0,0,0,0,,,,N,0,0,Y,0,0,1,0,1,200,1,100,300,0,0,0,Verified,n/a,469965.2319,3163630.8815,28.5992957594978,-81.3071873600203
88116995,2019,08-MAY-2019 12:49 PM,08-MAY-2019 01:39 PM,FHPD19OFF041819,L,1,3,7,46,Orange,Orlando,Rural,5/8/2019 12:54:00 PM,5/8/2019 12:55:00 PM,5/8/2019 1:35:00 PM,5/8/2019 3:03:00 PM,Y,Law Enforcement,7217 COLONIAL DR,,28.5677210819144,-81.2914675870217,1,East,MARCIA DR,,County,Curb,Not at Intersection,N,Daylight,Clear,Dry,N,Other,Pedalcycle,On Roadway,N,Non-Junction,None,,,None,,,N,,,,,TROOPER,Florida Highway Patrol,Florida Highway Patrol (FHP),5/25/2019 2:21:00 PM,,17,Y,Bicycle,Bicycle,Injury,Possible Injury,DAY,N,N,N,N,N,N,N,N,N,1,2,2,0,0,0,0,0,0,0,0,2,2,0,1,0,0,0,0,0,0,0,,,,N,0,0,Y,0,0,1,0,1,100,0,0,100,2,0,0,Verified,n/a,471413.9751,3160108.0079,28.5675296165323,-81.2922822361605
88125167,2019,14-JUN-2019 03:00 PM,14-JUN-2019 03:43 PM,FHPA19OFF024606,S,1,2,9,0,Escambia,Unincorporated,Rural,6/14/2019 3:01:00 PM,6/14/2019 3:05:00 PM,6/14/2019 3:34:00 PM,6/14/2019 3:56:00 PM,Y,Law Enforcement,CUNNINGHAM PL,,30.40971,-87.28938,0,,PRIETO DR,,Local,Curb,T-Intersection,N,Daylight,Clear,Dry,N,Angle,Pedalcycle,On Roadway,N,Intersection,None,,,None,,,N,,,,,TROOPER,Florida Highway Patrol,Florida Highway Patrol (FHP),6/17/2019 1:52:00 PM,,3,N,Bicycle,Bicycle,No Injury,No Injury,DAY,N,N,N,N,N,N,Y,N,N,2,0,0,0,0,0,0,0,0,0,0,1,1,0,1,0,0,0,0,0,0,0,,,,N,0,0,Y,0,0,0,0,0,0,1,200,200,0,0,0,Preliminary,Computer plot approximate by lat/long,-104684.0424,3381027.0533,30.4097043750512,-87.2893755734735
88137520,2019,09-MAY-2019 12:48 PM,09-MAY-2019 01:20 PM,FHPC19OFF050798,L,1,2,4,0,Pinellas,Unincorporated,Rural,5/9/2019 12:53:00 PM,5/9/2019 12:54:00 PM,5/9/2019 1:07:00 PM,5/9/2019 1:50:00 PM,Y,Law Enforcement,STATE ROAD 694,,27.8390948659975,-82.7538451078429,0,,83RD STREET NORTH,,County,Curb,Four-Way Intersection,N,Daylight,Clear,Dry,N,Angle,Pedalcycle,On Roadway,N,Intersection,None,,,None,,,N,,,,,TROOPER,Florida Highway Patrol,Florida Highway Patrol (FHP),5/18/2019 2:21:00 PM,5/18/2019 2:21:00 PM,9,Y,Bicycle,Bicycle,Injury,Non-Incapacitating Injury,DAY,N,N,N,N,N,N,Y,N,N,1,1,0,1,0,0,0,0,0,0,0,1,1,0,1,0,0,0,0,0,0,0,,,,N,0,0,Y,0,0,1,0,0,0,0,0,0,1,0,0,Preliminary,Editor Mapped,327288.2486,3080603.8818,27.8390128860787,-82.7538284553135
88150455,2019,24-JUN-2019 09:57 PM,24-JUN-2019 10:34 PM,FHPC19OFF069404,L,1,3,28,0,Pasco,Unincorporated,Rural,6/24/2019 9:57:00 PM,6/24/2019 9:58:00 PM,6/24/2019 10:15:00 PM,6/24/2019 11:17:00 PM,Y,Law Enforcement,DENTON AVE,,28.3896518694575,-82.6670515545589,300,West,WINNER LANE,,Local,Unpaved,Not at Intersection,N,Dark - Not Lighted,Clear,Dry,N,Other,Pedalcycle,On Roadway,N,Non-Junction,None,,,None,,,N,,,,,TROOPER,Florida Highway Patrol,Florida Highway Patrol (FHP),6/29/2019 2:24:00 PM,,5,Y,Bicycle,Bicycle,Injury,Possible Injury,NIGHT,N,N,N,N,N,N,N,N,N,1,2,2,0,0,0,0,0,0,0,0,2,2,0,1,0,1,0,0,0,0,0,,,,N,0,0,Y,0,0,2,0,1,100,1,500,600,0,0,0,Verified,n/a,336942.8808,3141499.907,28.3897094556641,-82.6642875238936
88180432,2019,02-AUG-2019 03:40 PM,02-AUG-2019 03:55 PM,FHPC19OFF084573,L,1,2,3,50,Hillsborough,Tampa,Rural,8/2/2019 3:45:00 PM,8/2/2019 3:45:00 PM,8/2/2019 3:45:00 PM,8/2/2019 4:28:00 PM,Y,Law Enforcement,WB SINCLAIR HILLS RD,,28.0910367762784,-82.4538627861966,35,North,US-41 (NEBRASKA AVENUE),,U.S.,Curb,Four-Way Intersection,N,Daylight,Cloudy,Wet,N,Other,Pedalcycle,On Roadway,N,Intersection-Related,Road Surface Condition,,,None,,,N,,,,,TROOPER,Florida Highway Patrol,Florida Highway Patrol (FHP),8/27/2019 2:28:00 PM,,25,Y,Bicycle,Bicycle,Injury,Non-Incapacitating Injury,DAY,N,N,N,N,N,N,Y,N,N,1,1,0,1,0,0,0,0,0,0,0,1,1,0,1,0,0,0,0,0,0,0,,,,N,0,0,Y,0,0,0,0,0,0,1,1500,1500,1,0,0,Verified,n/a,357406.2786,3108178.4418,28.0914053716508,-82.4514046857306
88212588,2019,05-OCT-2019 07:05 PM,05-OCT-2019 09:06 PM,FHPD19OFF090558,L,1,1,26,40,Osceola,Kissimmee,Rural,10/5/2019 7:05:00 PM,10/5/2019 7:06:00 PM,10/5/2019 7:40:00 PM,10/5/2019 7:45:00 PM,Y,Law Enforcement,ANTHONY DRIVE,,28.34572,-81.23898,995,South,CLEOPATRA COURT,,Local,Paved,Not at Intersection,N,Daylight,Clear,Dry,N,Angle,Motor Vehicle in Transport,On Roadway,N,Non-Junction,None,,,None,,,N,,,,,TROOPER,Florida Highway Patrol,Florida Highway Patrol (FHP),10/13/2019 1:58:00 PM,10/13/2019 1:58:00 PM,8,Y,Single Vehicle,Other,Injury,Non-Incapacitating Injury,NIGHT,N,N,N,N,N,Y,N,N,N,0,1,0,1,0,0,0,0,0,0,0,1,1,0,0,0,0,0,0,0,0,0,,,,N,0,0,Y,0,0,0,0,1,500,0,0,500,0,0,1,Preliminary,Editor Mapped,476546.6335,3135334.3886,28.3440105304796,-81.2392989123513
88212927,2019,25-OCT-2019 07:16 AM,25-OCT-2019 08:35 AM,FHPC19OFF118174,L,1,3,28,0,Pasco,Unincorporated,Rural,10/25/2019 7:16:00 AM,10/25/2019 7:26:00 AM,10/25/2019 8:06:00 AM,10/25/2019 9:58:00 AM,Y,Law Enforcement,GULF TRACE BOULEVARD,,28.2002,-82.76819,0,,KEY VISTA BOULEVARD,,Local,Curb,Four-Way Intersection,N,Dusk,Clear,Dry,N,Other,Pedalcycle,Off Roadway,N,Intersection-Related,None,,,None,,,N,,,,,TROOPER,Florida Highway Patrol,Florida Highway Patrol (FHP),10/31/2019 2:25:00 PM,10/31/2019 2:25:00 PM,6,Y,Bicycle,Bicycle,Injury,Non-Incapacitating Injury,DAY,N,N,N,N,N,N,Y,N,N,2,1,0,1,0,0,0,0,0,0,0,1,1,0,1,0,0,1,0,0,0,0,,,,N,0,0,Y,0,0,2,0,1,100,1,5000,5100,0,0,0,Preliminary,Editor Mapped,326442.1742,3120652.7955,28.2002635831845,-82.7683126450077
88216388,2019,04-OCT-2019 04:22 PM,04-OCT-2019 04:48 PM,FHPC19OFF109802,L,1,3,28,0,Pasco,Unincorporated,Rural,10/4/2019 4:23:00 PM,10/4/2019 4:26:00 PM,10/4/2019 4:41:00 PM,10/4/2019 5:27:00 PM,Y,Law Enforcement,9322 STATE ROAD 52,,28.331028,-82.6579395,694,West,CHICAGO AVENUE,,State,Curb,Not at Intersection,N,Daylight,Clear,Dry,N,Angle,Motor Vehicle in Transport,In Parking Lane or Zone,N,Driveway/Alley Access Related,None,,,None,,,N,,,,,TROOPER,Florida Highway Patrol,Florida Highway Patrol (FHP),10/9/2019 2:45:00 PM,,5,Y,Single Vehicle,Other,Injury,Possible Injury,DAY,N,N,N,N,N,N,N,N,N,1,2,2,0,0,0,0,0,0,0,0,2,2,0,1,0,0,0,0,0,0,0,,,,N,0,0,Y,0,0,1,0,0,0,1,50,50,0,0,0,Verified,n/a,337264.6414,3134989.8394,28.3310090794636,-82.6600900577148
88221050,2019,08-NOV-2019 08:20 PM,08-NOV-2019 09:34 PM,FHPD19OFF101967,L,1,3,19,45,Brevard,Merritt Island,Rural,11/8/2019 8:24:00 PM,11/8/2019 8:32:00 PM,11/8/2019 8:56:00 PM,11/8/2019 9:15:00 PM,Y,Law Enforcement,JORDAN RD,,28.37802,-80.70857,309,North,GROVE BLVD,,Local,Unpaved,Not at Intersection,N,Dark - Not Lighted,Clear,Dry,N,"Sideswipe, Same Direction",Pedestrian,Roadside,N,Non-Junction,None,,,None,,,N,,,,,TPR.,Florida Highway Patrol,Florida Highway Patrol (FHP),11/15/2019 2:27:00 PM,,7,Y,Pedestrian,Pedestrian,Injury,Non-Incapacitating Injury,NIGHT,N,N,N,N,N,Y,N,Y,N,0,3,1,2,0,0,0,0,0,0,0,3,2,1,0,0,0,0,0,0,0,0,,,,Y,0,0,Y,0,0,0,0,0,0,0,0,0,3,0,0,Preliminary,Editor Mapped,528554.1439,3139028.2406,28.3772526147425,-80.7085663786981
88237304,2019,31-DEC-2019 07:00 PM,31-DEC-2019 07:52 PM,FHPC19OFF144667,L,1,4,40,0,Hernando,Unincorporated,Rural,12/31/2019 7:01:00 PM,12/31/2019 7:02:00 PM,12/31/2019 7:22:00 PM,12/31/2019 8:26:00 PM,Y,Law Enforcement,MARINER BOULEVARD,,28.48671,-82.54354,9,South,CHALMER STREET,,County,Curb,Not at Intersection,N,Dark - Lighted,Clear,Dry,N,Other,Pedestrian,On Roadway,N,Non-Junction,None,,,None,,,N,,,,,TROOPER,Florida Highway Patrol,Florida Highway Patrol (FHP),1/2/2020 2:05:00 PM,,2,Y,Pedestrian,Pedestrian,Serious Injury,Incapacitating Injury,NIGHT,N,N,N,N,N,N,N,N,N,3,1,0,0,1,0,0,0,0,0,0,3,1,2,1,0,0,0,0,0,0,0,,,,Y,0,0,Y,1,0,2,0,0,0,1,1000,1000,1,0,0,Verified,n/a,348913.1843,3152086.4338,28.4866736790802,-82.5435332654285
88249022,2019,12-DEC-2019 06:18 PM,12-DEC-2019 07:04 PM,FHPD19OFF112920,L,1,2,19,45,Brevard,Merritt Island,Rural,12/12/2019 6:28:00 PM,12/12/2019 6:45:00 PM,12/12/2019 7:04:00 PM,12/12/2019 7:11:00 PM,Y,Law Enforcement,STATE ROAD-520 (MERRITT ISLAND CSWY),,28.35699,-80.69682,5,East,GOODWIN DR,,State,Paved,Four-Way Intersection,N,Dawn,Rain,Wet,N,Angle,Pedestrian,On Roadway,N,Intersection,None,,,Weather Conditions,,,N,,,,,TPR.,Florida Highway Patrol,Florida Highway Patrol (FHP),12/18/2019 5:47:00 PM,,6,Y,Pedestrian,Pedestrian,Injury,Non-Incapacitating Injury,DAY,N,N,N,Y,N,N,Y,N,N,1,1,0,1,0,0,0,0,0,0,0,1,1,0,1,0,0,0,0,0,0,0,,,,N,0,0,Y,0,0,0,0,0,0,1,400,400,1,0,0,Verified,n/a,529712.8631,3136785.2,28.3569795921555,-80.6967977764973
88250981,2019,10-DEC-2019 07:00 PM,10-DEC-2019 07:28 PM,FHPC19OFF136528,L,1,3,47,0,Citrus,Unincorporated,Rural,12/10/2019 7:00:00 PM,12/10/2019 7:02:00 PM,12/10/2019 7:14:00 PM,12/10/2019 8:20:00 PM,Y,Law Enforcement,W CARDINAL ST,,28.7640545800197,-82.5456192146852,96,West,PARK DR,,Local,Unpaved,T-Intersection,N,Dark - Not Lighted,Clear,Dry,N,Front to Rear,Pedalcycle,On Roadway,N,Intersection-Related,None,,,None,,,N,,,,,TROOPER,Florida Highway Patrol,Florida Highway Patrol (FHP),12/18/2019 5:47:00 PM,,8,Y,Bicycle,Bicycle,Serious Injury,Incapacitating Injury,NIGHT,N,N,N,N,N,N,Y,N,N,2,1,0,0,1,0,0,0,0,0,0,2,2,0,1,1,0,0,0,0,0,0,,,,N,0,0,Y,1,0,1,0,0,0,1,1800,1800,1,0,0,Preliminary,Editor Mapped,349121.5476,3182821.6061,28.7640268836465,-82.5454625989676
88264809,2019,14-DEC-2019 06:10 PM,14-DEC-2019 07:28 PM,FHPB19OFF030839,L,1,2,14,0,Marion,Unincorporated,Rural,12/14/2019 6:11:00 PM,12/14/2019 6:13:00 PM,12/14/2019 7:01:00 PM,12/14/2019 7:28:00 PM,Y,Law Enforcement,NE 175TH STREET,,29.39284,-82.06937,0,,NE 49TH AVENUE,,Local,Unpaved,Not at Intersection,N,Dark - Not Lighted,Clear,Dry,N,Other,Motor Vehicle in Transport,On Roadway,N,Non-Junction,None,,,None,,,N,,,,,TROOPER,Florida Highway Patrol,Florida Highway Patrol (FHP),12/28/2019 2:14:00 PM,12/28/2019 2:14:00 PM,14,Y,Single Vehicle,Other,Injury,Possible Injury,DAY,N,N,N,N,N,N,N,N,N,1,1,1,0,0,0,0,0,0,0,0,1,1,0,1,0,0,0,0,0,0,0,,,,N,0,0,Y,0,0,1,0,0,0,1,500,500,1,0,0,Preliminary,Editor Mapped,396299.2132,3251955.4728,29.3925743930795,-82.0687215014483
88592941,2019,25-JUN-2019 03:05 PM,25-JUN-2019 12:00 AM,1906-0149,S,1,1,13,40,Leon,Florida State University,Urban,6/25/2019 3:05:00 PM,6/25/2019 3:05:00 PM,6/25/2019 3:13:00 PM,6/25/2019 3:15:00 PM,Y,Law Enforcement,JEFFERSON ST,830,,,,,,,Parking Lot,Curb,Not at Intersection,N,Daylight,Clear,Dry,N,,Parked Motor Vehicle,In Parking Lane or Zone,N,Non-Junction,None,,,None,,,N,,,,,OFC,Florida State University Police Department,Police Department (PD),6/26/2019 2:29:00 PM,,1,N,Single Vehicle,Other,No Injury,No Injury,DAY,N,N,N,N,N,N,N,Y,N,1,0,0,0,0,0,0,0,0,0,0,1,1,0,0,0,0,0,0,0,0,0,,,,N,0,0,Y,0,0,0,0,0,0,1,1000,1000,0,0,0,Unmapped,Unmapped,,,,
88601886,2019,26-JAN-2019 04:35 PM,26-JAN-2019 12:00 AM,2019-003845,L,1,1,4,64,Pinellas,St. Petersburg,Urban,1/26/2019 4:39:00 PM,1/26/2019 4:40:00 PM,1/26/2019 4:43:00 PM,1/26/2019 5:30:00 PM,Y,Law Enforcement,N 2ND ST,722,27.779889,-82.635756,,,,,Parking Lot,Paved,Not at Intersection,N,Daylight,Clear,Dry,N,,Parked Motor Vehicle,On Roadway,N,Non-Junction,None,,,None,,,N,,,,,OFC,St. Petersburg Police Department,Police Department (PD),1/28/2019 2:24:00 PM,1/28/2019 2:24:00 PM,2,N,Single Vehicle,Other,No Injury,No Injury,DAY,N,N,N,N,N,N,N,Y,N,1,0,0,0,0,0,0,0,0,0,0,1,1,0,0,0,0,0,0,0,0,0,,,,N,0,0,Y,0,0,0,0,0,0,1,500,500,0,0,0,Preliminary,Editor Mapped,338830.8254,3073891.3179,27.7798792887776,-82.6357500403352
88634071,2019,24-JAN-2019 06:20 PM,24-JAN-2019 06:30 PM,058760,L,1,7,2,38,Duval,Jacksonville,Urban,1/24/2019 6:20:00 PM,1/24/2019 6:21:00 PM,1/24/2019 6:25:00 PM,1/24/2019 6:32:00 PM,Y,Law Enforcement,OXFORD FOREST DR,,30.232464,-81.600922,0,,OLD KINGS RD,,Local,Curb,T-Intersection,N,Dark - Lighted,Clear,Dry,Y,Other,Pedestrian,On Roadway,Y,Intersection,None,,,None,,,N,,,,,OFFICER,Jacksonville Sheriff's Office,Sheriff's Office (SO),1/29/2019 2:43:00 PM,1/29/2019 2:43:00 PM,5,Y,Pedestrian,Pedestrian,No Injury,No Injury,DAY,N,N,Y,N,N,N,Y,N,N,7,0,0,0,0,0,0,0,0,0,0,1,1,0,1,1,0,5,0,0,0,0,,,,N,0,0,Y,0,0,0,0,0,0,1,500,500,0,0,0,Preliminary,Editor Mapped,442176.3411,3344686.0357,30.2323615551543,-81.600933362641
88641108,2019,02-JUL-2019 04:10 PM,03-JUL-2019 12:00 AM,19-004740,L,2,2,1,38,Miami-Dade,Coral Gables,Urban,7/2/2019 4:10:00 PM,7/2/2019 4:12:00 PM,7/2/2019 4:16:00 PM,7/2/2019 5:01:00 PM,Y,Law Enforcement,SR972 (MIRACLE MILE),,,,0,,SALZEDO ST,,State,Curb,Not at Intersection,N,Daylight,Clear,Dry,N,"Sideswipe, Same Direction",Parked Motor Vehicle,On Roadway,N,Non-Junction,None,,,None,,,N,,,,,PO,Coral Gables Police Department,Police Department (PD),10/10/2019 11:23:00 PM,10/10/2019 11:23:00 PM,100,Y,Parked Vehicle,Other,No Injury,No Injury,DAY,N,N,N,N,N,N,N,Y,N,2,0,0,0,0,0,0,0,0,0,0,1,1,0,1,0,0,0,0,0,0,0,,,,N,0,0,Y,0,0,1,0,0,0,2,4000,4000,0,0,0,Preliminary,Editor Mapped,574229.8543,2848157.6162,25.7495567968737,-80.2598527856539
88642455,2019,28-NOV-2019 08:59 PM,28-NOV-2019 12:00 AM,19-008582,L,1,2,1,38,Miami-Dade,Coral Gables,Urban,11/28/2019 8:59:00 PM,11/28/2019 9:00:00 PM,11/28/2019 9:02:00 PM,11/28/2019 9:20:00 PM,Y,Law Enforcement,MERRICK WAY,,,,100,West,DOUGLAS RD,,Local,Curb,Not at Intersection,N,Dark - Lighted,Clear,Dry,N,Other,Motor Vehicle in Transport,On Roadway,N,Non-Junction,None,,,None,,,N,,,,,PO,Coral Gables Police Department,Police Department (PD),11/2/2020 11:29:00 PM,11/2/2020 11:29:00 PM,340,Y,Single Vehicle,Other,Injury,Possible Injury,NIGHT,N,N,N,N,N,N,N,N,N,1,1,1,0,0,0,0,0,0,0,0,1,1,0,1,0,0,0,0,0,0,0,,,,N,0,0,Y,0,0,0,0,0,0,1,200,200,1,0,0,Preliminary,Editor Mapped,574736.9223,2848217.557,25.7500722423966,-80.2547937634106
88653119,2019,03-APR-2019 09:24 AM,03-APR-2019 12:00 AM,19-110413,L,1,2,64,0,Collier,Unincorporated,Rural,4/3/2019 9:25:00 AM,4/3/2019 9:25:00 AM,4/3/2019 9:35:00 AM,4/3/2019 10:20:00 AM,Y,Law Enforcement,WILD PINES LN,2585,,,479,North,WILD PINES LN,,Local,Curb,T-Intersection,N,Daylight,Clear,Dry,N,,Other Non-Fixed Object,On Roadway,N,Intersection,None,,,None,,,N,,,,,CORPORAL,Collier County Sheriff's Office,Sheriff's Office (SO),4/12/2019 3:55:00 PM,4/12/2019 3:55:00 PM,9,Y,Single Vehicle,Other,Injury,Non-Incapacitating Injury,DAY,N,N,N,N,N,N,Y,N,N,1,1,0,1,0,0,0,0,0,0,0,1,1,0,1,1,0,0,0,0,0,0,,,,N,0,0,Y,0,0,0,0,0,0,0,0,0,0,0,0,Preliminary,Editor Mapped,422686.1516,2891073.8369,26.1368924562092,-81.7734226075115
88664457,2019,04-JAN-2019 03:45 PM,08-JAN-2019 02:55 PM,2019-433,L,1,3,1,80,Miami-Dade,North Miami,Urban,1/4/2019 3:49:00 PM,1/4/2019 3:55:00 PM,1/4/2019 4:27:00 PM,1/4/2019 5:41:00 PM,Y,Law Enforcement,151ST ST NE,,25.915128,-80.156217,335,South,BISCAYNE BLVD,,Local,Paved,Four-Way Intersection,N,Daylight,Clear,Dry,N,Other,Motor Vehicle in Transport,On Roadway,N,Non-Junction,None,,,None,,,N,,,,,PSA,North Miami Police Department,Police Department (PD),1/9/2019 2:20:00 PM,,5,N,Single Vehicle,Other,No Injury,No Injury,DAY,N,N,N,N,N,N,N,N,N,3,0,0,0,0,0,0,0,0,0,0,1,1,0,1,0,0,1,0,0,0,0,,,,N,0,0,Y,0,0,1,0,0,0,1,300,300,0,0,0,Verified,n/a,584461.135,2866446.0467,25.914130465731,-80.1566752568835
88687668,2019,07-NOV-2019 07:21 PM,07-NOV-2019 07:21 PM,19-802638,L,1,3,3,0,Hillsborough,Unincorporated,Rural,11/7/2019 7:21:00 PM,11/7/2019 7:21:00 PM,11/7/2019 7:21:00 PM,11/7/2019 7:45:00 PM,Y,Law Enforcement,HANLEY RD,6601,,,46,North,N/A,,Parking Lot,Paved,Other,N,Dark - Lighted,Clear,Dry,N,Other,Pedestrian,In Parking Lane or Zone,N,Other,None,,,None,,,N,,,,,DEP,Hillsborough County Sheriff's Office,Sheriff's Office (SO),11/12/2019 2:11:00 PM,11/12/2019 2:11:00 PM,5,Y,Pedestrian,Pedestrian,Injury,Possible Injury,NIGHT,N,N,N,Y,N,N,N,N,N,1,2,2,0,0,0,0,0,0,0,0,2,2,0,1,0,0,0,0,0,0,0,,,,N,0,0,Y,0,0,0,0,0,0,1,1,1,0,0,0,Preliminary,Editor Mapped,346372.1127,3099023.282,28.0075565557625,-82.5624892388171
88695353,2019,01-FEB-2019 06:35 PM,01-FEB-2019 12:00 AM,190200021,L,1,4,8,50,Volusia,Ormond Beach,Urban,2/1/2019 6:35:00 PM,2/1/2019 6:38:00 PM,2/1/2019 6:41:00 PM,2/1/2019 7:22:00 PM,Y,Law Enforcement,S YONGE ST,500,29.270192,-81.055177,,,,,Parking Lot,Curb,Not at Intersection,Y,Dark - Not Lighted,Clear,Dry,N,,Pedestrian,In Parking Lane or Zone,N,Non-Junction,None,,,None,,,N,,,,,OFFICER,Ormond Beach Police Department,Police Department (PD),2/8/2019 2:45:00 PM,2/8/2019 2:45:00 PM,7,Y,Pedestrian,Pedestrian,Injury,Possible Injury,DAY,N,N,N,N,N,N,N,N,N,3,1,1,0,0,0,0,0,0,0,0,2,2,0,1,1,0,1,0,0,0,0,,,,N,0,0,Y,0,0,0,0,0,0,1,500,500,0,0,0,Preliminary,Editor Mapped,494640.9828,3237921.8875,29.2701870230684,-81.0551648139685
88696445,2019,02-OCT-2019 04:05 PM,02-OCT-2019 12:00 AM,191000027,L,1,2,8,44,Volusia,New Smyrna Beach,Urban,10/2/2019 4:08:00 PM,10/2/2019 4:11:00 PM,10/2/2019 4:14:00 PM,10/2/2019 5:00:00 PM,Y,Law Enforcement,S DIXIE FREEWAY,,,,25,North,2ND ST,,U.S.,Paved,Four-Way Intersection,,Daylight,Clear,Dry,N,Angle,Pedalcycle,On Roadway,N,Non-Junction,None,,,None,,,N,,,,,Off.,New Smyrna Beach Police Department,Police Department (PD),10/10/2019 2:33:00 PM,,8,Y,Bicycle,Bicycle,Injury,Non-Incapacitating Injury,DAY,N,N,N,N,N,N,N,N,N,1,1,0,1,0,0,0,0,0,1,0,2,2,0,0,0,0,0,0,0,0,0,,,,N,0,0,Y,0,0,0,0,0,0,1,15000,15000,1,0,0,Verified,n/a,507573.038,3209709.1981,29.0155344790038,-80.9222363988898
88696667,2019,10-SEP-2019 02:20 PM,10-SEP-2019 12:00 AM,190900091,L,1,2,8,44,Volusia,New Smyrna Beach,Urban,9/10/2019 2:22:00 PM,9/10/2019 2:23:00 PM,9/10/2019 2:26:00 PM,9/10/2019 2:54:00 PM,Y,Law Enforcement,WAYNE AV,,,,96,West,FEC TRACKS,,Local,Curb,Not at Intersection,,Daylight,Clear,Dry,N,Front to Rear,Motor Vehicle in Transport,On Roadway,N,Railway Grade Crossing,None,,,None,,,N,,,,,Off.,New Smyrna Beach Police Department,Police Department (PD),9/20/2019 2:42:00 PM,9/20/2019 2:42:00 PM,10,Y,Single Vehicle,Other,Injury,Possible Injury,DAY,N,N,N,N,N,N,Y,N,N,1,1,1,0,0,0,0,0,0,0,0,1,1,0,1,0,1,0,0,0,0,0,,,,N,0,0,Y,0,0,1,0,0,0,1,2000,2000,1,0,0,Preliminary,Editor Mapped,506597.8336,3211713.3619,29.0336293416679,-80.9322384522411
88741203,2019,13-JAN-2019 04:43 PM,13-JAN-2019 12:00 AM,19025419,L,1,2,6,0,Palm Beach,Unincorporated,Rural,1/13/2019 4:43:00 PM,1/13/2019 4:44:00 PM,1/13/2019 4:58:00 PM,1/13/2019 5:30:00 PM,Y,Law Enforcement,CANNON WAY,5516,,,371,South,,,County,Unpaved,Not at Intersection,N,Daylight,Clear,Dry,N,Angle,Motor Vehicle in Transport,Off Roadway,N,Driveway/Alley Access Related,None,,,None,,,N,,,,,CSA,Palm Beach County Sheriff's Office,Sheriff's Office (SO),1/15/2019 3:42:00 PM,,2,Y,Single Vehicle,Other,Injury,Possible Injury,DAY,N,N,N,N,N,N,N,N,N,1,1,1,0,0,0,0,0,0,0,0,1,1,0,1,0,0,0,0,0,0,0,,,,N,0,0,Y,0,0,0,0,1,200,0,0,200,0,0,0,Verified,n/a,587279.8138,2949939.994,26.6677840850986,-80.1228813156961
88793257,2019,30-OCT-2019 01:25 PM,30-OCT-2019 12:00 AM,1910-00070025,L,1,4,19,54,Brevard,Titusville,Urban,10/30/2019 1:25:00 PM,10/30/2019 1:27:00 PM,10/30/2019 1:31:00 PM,10/30/2019 2:59:00 PM,Y,Motorist,SOUTH HOPKINS AVENUE,,,,107,South,WILLOW STREET,,Local,Curb,Not at Intersection,Y,Daylight,Clear,Dry,N,Front to Rear,Pedalcycle,On Roadway,N,Non-Junction,None,,,None,,,N,,,,,Off.,Titusville Police Department,Police Department (PD),11/7/2019 2:32:00 PM,,8,Y,Bicycle,Bicycle,Injury,Possible Injury,DAY,N,N,N,N,N,N,N,N,N,3,1,1,0,0,0,0,0,0,0,0,1,1,0,1,1,0,2,0,0,0,0,,,,N,0,0,Y,0,0,0,0,0,0,1,1000,1000,1,0,0,Verified,n/a,519458.3704,3159040.4319,28.5580620410609,-80.801062430223
88796645,2019,13-MAR-2019 02:43 PM,13-MAR-2019 12:00 AM,19001534,L,1,2,26,50,Osceola,St. Cloud,Urban,3/13/2019 2:43:00 PM,3/13/2019 2:48:00 PM,3/13/2019 2:48:00 PM,3/13/2019 3:25:00 PM,Y,Law Enforcement,PEGHORN WAY,2107,,,,,,,Parking Lot,Unpaved,Not at Intersection,N,Daylight,Clear,Dry,N,Other,Fell/Jumped From Motor Vehicle,On Roadway,N,Non-Junction,None,,,None,,,N,,,,,POLICE OFFICER,St. Cloud Police Department,Police Department (PD),3/22/2019 2:30:00 PM,3/22/2019 2:30:00 PM,9,Y,Single Vehicle,Other,Injury,Non-Incapacitating Injury,DAY,N,N,N,N,N,N,N,N,N,1,1,0,1,0,0,0,0,0,0,0,1,1,0,1,0,1,0,0,0,0,0,,,,N,0,0,Y,0,0,2,0,0,0,1,1,1,0,0,1,Preliminary,Editor Mapped,470056.2577,3123669.205,28.2385791804838,-81.3052201899152
88804155,2019,06-APR-2019 01:25 PM,06-APR-2019 12:00 AM,SO19-105693,L,1,2,4,38,Pinellas,Dunedin,Urban,4/6/2019 1:25:00 PM,4/6/2019 1:26:00 PM,4/6/2019 1:31:00 PM,4/6/2019 2:16:00 PM,Y,Law Enforcement,SAN MATEO DR,,28.026473,-82.784401,0,,SAN SALVADOR DR,,Local,Unpaved,Four-Way Intersection,Y,Daylight,Clear,Dry,N,,Pedalcycle,On Roadway,N,Intersection,None,,,None,,,N,,,,,DEPUTY,Pinellas County Sheriff's Office,Sheriff's Office (SO),4/13/2019 3:22:00 PM,4/13/2019 3:22:00 PM,7,Y,Bicycle,Bicycle,Injury,Non-Incapacitating Injury,DAY,N,N,N,N,N,N,Y,N,N,1,1,0,1,0,0,0,0,0,0,0,1,1,0,1,1,0,0,0,0,0,0,,,,N,0,0,Y,0,0,1,0,0,0,1,200,200,1,0,0,Preliminary,Editor Mapped,324580.3954,3101418.0043,28.0264665595517,-82.7843982642086
88829927,2019,11-APR-2019 09:33 AM,11-APR-2019 12:00 AM,1904110026758,L,1,2,1,66,Miami-Dade,Miami,Urban,4/11/2019 9:38:00 AM,4/11/2019 10:03:00 AM,4/11/2019 10:03:00 AM,4/11/2019 11:00:00 AM,Y,Law Enforcement,SW 13TH ST,,25.761536,-80.197287,50,West,SW 2ND AVE,,Local,Paved,Four-Way Intersection,N,Daylight,Clear,Dry,N,,Pedalcycle,On Roadway,N,Through Roadway,None,,,None,,,N,,,,,OFFICER,Miami Police Department,Police Department (PD),4/13/2019 3:23:00 PM,,2,Y,Bicycle,Bicycle,Injury,Possible Injury,DAY,N,N,N,N,N,N,N,N,N,1,1,1,0,0,0,0,0,0,0,0,1,1,0,1,0,0,0,0,0,0,0,,,,N,0,0,Y,0,0,0,0,0,0,1,0,0,1,0,0,Verified,n/a,580488.8425,2849515.3012,25.7614851557278,-80.1973665788791
88832147,2019,13-MAY-2019 11:38 PM,13-MAY-2019 12:00 AM,1905130035910,L,1,2,1,66,Miami-Dade,Miami,Urban,5/13/2019 11:39:00 PM,5/13/2019 11:42:00 PM,5/13/2019 11:43:00 PM,5/13/2019 12:20:00 AM,Y,Law Enforcement,NE 25TH ST,,25.800956,-80.189262,0,,BISCAYNE BLVD,,Local,Curb,Four-Way Intersection,N,Dark - Lighted,Clear,Dry,N,,Pedalcycle,Shoulder,N,Other,None,,,None,,,N,,,,,OFC.,Miami Police Department,Police Department (PD),5/26/2019 1:59:00 PM,,13,N,Bicycle,Bicycle,No Injury,No Injury,NIGHT,N,N,N,N,N,N,N,N,N,2,0,0,0,0,0,0,0,0,0,0,1,1,0,1,0,0,0,0,0,0,0,,,,N,0,0,Y,0,0,1,0,0,0,1,1000,1000,0,0,0,Verified,n/a,581287.4469,2853819.705,25.8003064654073,-80.1891393399887
88832292,2019,16-MAY-2019 12:10 PM,16-MAY-2019 12:00 AM,1905160036510,L,1,2,1,66,Miami-Dade,Miami,Urban,5/16/2019 12:28:00 PM,5/16/2019 12:33:00 PM,5/16/2019 12:40:00 PM,5/16/2019 1:30:00 AM,Y,Law Enforcement,BRICKELL AVE,,,,0,,SW 10 ST,,Local,Paved,Other,N,Dark - Lighted,Clear,Dry,N,,Other Non-Fixed Object,On Roadway,N,Non-Junction,None,,,None,,,N,,,,,OFFICER,Miami Police Department,Police Department (PD),5/21/2019 2:22:00 PM,,5,Y,Single Vehicle,Other,No Injury,No Injury,DAY,N,N,N,N,N,Y,N,N,N,1,0,0,0,0,0,0,0,0,0,0,1,1,0,1,0,0,0,0,0,0,0,,,,N,0,0,Y,0,0,0,0,1,140,0,0,140,0,0,0,Verified,n/a,581102.171,2849768.1579,25.7637344145872,-80.1912354902666
88891069,2019,04-SEP-2019 06:53 PM,04-SEP-2019 12:00 AM,PD190904317611,L,1,3,1,0,Miami-Dade,Unincorporated,Urban,9/4/2019 6:53:00 PM,9/4/2019 7:37:00 PM,9/4/2019 7:43:00 PM,9/4/2019 8:45:00 PM,,Law Enforcement,S  DIXIE HWY,26600,,,139,South,,,Parking Lot,Paved,Not at Intersection,,Daylight,Clear,Dry,N,Front to Rear,Motor Vehicle in Transport,On Roadway,N,Non-Junction,None,None,None,None,None,None,N,,,,,OFC.,Miami-Dade Police Department,Police Department (PD),9/20/2019 2:42:00 PM,,16,Y,Single Vehicle,Other,Injury,Non-Incapacitating Injury,DAY,Y,N,N,N,N,Y,N,N,N,1,2,0,2,0,0,0,0,0,0,0,2,2,0,1,0,0,0,0,0,0,0,,,,N,0,0,Y,0,0,0,0,2,100,1,100,200,2,0,0,Verified,n/a,554136.6608,2818683.8482,25.4842910719752,-80.4613884687498
88892627,2019,10-SEP-2019 04:45 PM,10-SEP-2019 12:00 AM,PD190910325012,L,1,2,1,0,Miami-Dade,Unincorporated,Rural,9/10/2019 4:47:00 PM,9/10/2019 4:49:00 PM,9/10/2019 5:25:00 PM,9/10/2019 6:24:00 PM,,Law Enforcement,W  FLAGLER ST,,,,,,NW 83RD AVE,,County,Paved,T-Intersection,,Daylight,Clear,Dry,N,"Sideswipe, Same Direction",Motor Vehicle in Transport,On Roadway,N,Driveway/Alley Access Related,None,None,,None,None,,N,,,,,OFC.,Miami-Dade Police Department,Police Department (PD),11/8/2019 2:28:00 PM,,59,N,Single Vehicle,Other,No Injury,No Injury,DAY,N,N,N,N,N,N,N,Y,N,2,0,0,0,0,0,0,0,0,0,0,1,1,0,1,0,0,0,0,0,0,0,,,,N,0,0,Y,0,0,0,0,0,0,1,500,500,0,0,0,Unmapped,Unmapped,,,,
88895583,2019,14-OCT-2019 06:18 PM,14-OCT-2019 12:00 AM,PD191014368560,L,1,2,1,0,Miami-Dade,Unincorporated,Urban,10/14/2019 6:16:00 PM,10/14/2019 6:18:00 PM,10/14/2019 6:22:00 PM,10/14/2019 7:21:00 PM,Y,Law Enforcement,NW 48TH ST,,,,2,West,NW 22ND AVE,,County,Paved,T-Intersection,,Daylight,Clear,Dry,N,Other,Motor Vehicle in Transport,On Roadway,N,Non-Junction,None,None,None,None,None,None,N,,,,,OFC.,Miami-Dade Police Department,Police Department (PD),11/15/2019 2:27:00 PM,11/15/2019 2:27:00 PM,32,N,Single Vehicle,Other,No Injury,No Injury,DAY,N,N,N,N,N,N,N,N,N,2,0,0,0,0,0,0,0,0,0,0,1,1,0,1,0,0,0,0,0,0,0,,,,N,0,0,Y,0,0,0,0,0,0,1,100,100,0,0,0,Preliminary,Editor Mapped,576938.3344,2855862.7227,25.8189888786783,-80.232400663831
88904876,2019,29-NOV-2019 09:57 AM,29-NOV-2019 12:00 AM,PD191129426215,L,2,2,1,0,Miami-Dade,Unincorporated,Rural,11/29/2019 9:59:00 AM,11/29/2019 10:00:00 AM,11/29/2019 10:12:00 AM,11/29/2019 12:06:00 PM,Y,Law Enforcement,NW 32ND AVE,,,,,,NW 71ST ST,,State,Paved,Not at Intersection,,Daylight,Clear,Dry,N,"Sideswipe, Same Direction",Motor Vehicle in Transport,On Roadway,N,Non-Junction,None,,,None,,,N,,,,,PSA.,Miami-Dade Police Department,Police Department (PD),12/9/2019 2:54:00 PM,12/9/2019 2:54:00 PM,10,Y,Rear End,Rear End,Injury,Possible Injury,DAY,N,N,Y,N,N,N,N,Y,N,1,1,1,0,0,0,0,0,0,1,0,1,1,0,1,0,0,0,0,0,0,0,,,,N,0,0,Y,0,0,0,0,0,0,1,200,200,1,0,0,Preliminary,Editor Mapped,575191.5185,2857976.5974,25.8381666718918,-80.2497067938258
88910895,2019,20-MAR-2019 06:17 PM,22-MAR-2019 12:00 AM,2019-00107250,L,1,1,7,46,Orange,Orlando,Urban,3/20/2019 6:29:00 PM,3/20/2019 6:29:00 PM,3/20/2019 6:35:00 PM,3/20/2019 7:10:00 PM,Y,Law Enforcement,BOONE AV,,,,12,South,W SOUTH ST,,Local,Curb,Not at Intersection,,Daylight,Clear,Dry,N,Other,Motor Vehicle in Transport,Off Roadway,N,Non-Junction,None,,,None,,,N,,,,,,Orlando Police Department,Police Department (PD),4/1/2019 1:42:00 PM,,12,Y,Single Vehicle,Other,No Injury,No Injury,DAY,N,N,N,N,N,Y,N,N,N,1,0,0,0,0,0,0,0,0,0,0,1,1,0,0,0,0,0,0,0,0,0,,,,N,0,0,Y,0,0,0,0,1,300,0,0,300,0,0,0,Preliminary,Editor Mapped,462806.7267,3156898.3462,28.5383399741514,-81.3801828892732
88911477,2019,23-FEB-2019 01:22 PM,23-FEB-2019 12:00 AM,2019-00073034,L,1,3,7,46,Orange,Orlando,Urban,2/23/2019 1:22:00 PM,2/23/2019 1:41:00 PM,2/23/2019 1:52:00 PM,2/23/2019 2:35:00 PM,Y,Law Enforcement,MAGUIRE BV,,,,0,,E LIVINGSTON ST,,Local,Curb,Not at Intersection,,Daylight,Clear,Dry,N,"Sideswipe, Same Direction",Pedalcycle,On Roadway,N,Non-Junction,None,,,None,,,N,,,,,OFC.,Orlando Police Department,Police Department (PD),2/25/2019 1:58:00 PM,2/25/2019 1:58:00 PM,2,Y,Bicycle,Bicycle,Injury,Non-Incapacitating Injury,DAY,N,N,N,N,N,N,N,Y,N,1,2,0,2,0,0,0,0,1,0,0,2,2,0,1,0,0,0,0,0,0,0,,,,N,0,0,Y,0,0,1,0,0,0,0,0,0,0,0,0,Preliminary,Editor Mapped,466158.4767,3157946.9041,28.5478962800894,-81.3459533703551
88911622,2019,31-MAR-2019 09:28 PM,31-MAR-2019 12:00 AM,2019-00121507,L,1,1,7,46,Orange,Orlando,Urban,3/31/2019 9:28:00 PM,3/31/2019 9:28:00 PM,3/31/2019 9:30:00 PM,3/31/2019 9:45:00 PM,Y,Law Enforcement,W CENTRAL BV,,,,101,East,N TERRY AV,,Local,Curb,Not at Intersection,,Dark - Lighted,Clear,Dry,N,Front to Rear,Motor Vehicle in Transport,On Roadway,N,Non-Junction,None,,,None,,,N,,,,,OFC.,Orlando Police Department,Police Department (PD),4/20/2019 2:21:00 PM,4/20/2019 2:21:00 PM,20,Y,Single Vehicle,Other,Injury,Possible Injury,NIGHT,N,N,N,N,N,Y,N,N,N,0,1,1,0,0,0,0,0,0,0,0,1,1,0,0,0,0,0,0,0,0,0,,,,N,0,0,Y,0,0,0,0,0,0,0,0,0,0,0,0,Preliminary,Editor Mapped,462174.3705,3157311.4437,28.5420504995601,-81.3866602144262
88936341,2019,09-MAR-2019 02:00 PM,09-MAR-2019 12:00 AM,341903040692,L,1,2,10,38,Broward,Fort Lauderdale,Urban,3/9/2019 2:02:00 PM,3/9/2019 2:02:00 PM,3/9/2019 2:07:00 PM,3/9/2019 2:30:00 PM,Y,Law Enforcement,SE 17TH ST,1207,,,309,East,,,Local,Paved,T-Intersection,N,Daylight,Clear,Dry,N,Angle,Motor Vehicle in Transport,On Roadway,N,Driveway/Alley Access Related,None,,,None,,,N,,,,,OFFICER,Fort Lauderdale Police Department,Police Department (PD),3/15/2019 2:48:00 PM,,6,Y,Single Vehicle,Other,Injury,Non-Incapacitating Injury,DAY,N,N,N,N,N,N,N,N,N,1,1,0,1,0,0,0,0,0,0,0,1,1,0,1,0,0,0,0,0,0,0,,,,N,0,0,Y,0,0,0,0,0,0,1,1000,1000,1,0,0,Verified,n/a,586821.0753,2887092.2166,26.1004018687352,-80.1317441491615
88938060,2019,02-MAY-2019 01:52 PM,02-MAY-2019 12:00 AM,341905073656,L,1,2,10,38,Broward,Fort Lauderdale,Urban,5/2/2019 1:54:00 PM,5/2/2019 1:56:00 PM,5/2/2019 1:58:00 PM,5/2/2019 4:00:00 PM,Y,Law Enforcement,E LAS OLAS BLVD,2300,,,0,,,,Local,Curb,T-Intersection,N,Daylight,Clear,Dry,N,Front to Rear,Motor Vehicle in Transport,On Roadway,N,Non-Junction,None,,,None,,,N,,,,,OFFICER,Fort Lauderdale Police Department,Police Department (PD),5/4/2019 2:30:00 PM,,2,Y,Single Vehicle,Other,Injury,Non-Incapacitating Injury,DAY,N,N,N,N,N,N,N,N,N,1,1,0,1,0,0,0,0,0,0,0,1,1,0,1,0,0,0,0,0,0,0,,,,N,0,0,Y,0,0,0,0,0,0,1,500,500,1,0,0,Preliminary,Editor Mapped,588427.3182,2889301.1389,26.1202478518504,-80.1155323254669
88938857,2019,25-MAY-2019 04:31 PM,25-MAY-2019 12:00 AM,341905087613,L,1,4,10,38,Broward,Fort Lauderdale,Urban,5/25/2019 4:31:00 PM,5/25/2019 4:32:00 PM,5/25/2019 4:35:00 PM,5/25/2019 4:50:00 PM,Y,Law Enforcement,N FT LAUDERDALE BCH BLVD,,,,17,South,E SUNRISE BLVD,,State,Curb,T-Intersection,N,Daylight,Clear,Dry,N,Angle,Pedestrian,On Roadway,Y,Intersection,None,,,None,,,N,,,,,OFFICER,Fort Lauderdale Police Department,Police Department (PD),5/28/2019 1:54:00 PM,,3,Y,Pedestrian,Pedestrian,Injury,Non-Incapacitating Injury,DAY,N,N,N,N,N,N,Y,N,N,3,1,0,1,0,0,0,0,0,0,0,1,1,0,1,0,0,2,0,0,0,0,,,,N,0,0,Y,0,0,0,0,0,0,1,3000,3000,1,0,0,Verified,n/a,589672.6236,2891289.4867,26.1381228685818,-80.1029406162469
88939689,2019,21-JUN-2019 04:07 PM,21-JUN-2019 12:00 AM,341906103473,L,1,2,10,38,Broward,Fort Lauderdale,Urban,6/21/2019 4:07:00 PM,6/21/2019 4:07:00 PM,6/21/2019 4:15:00 PM,6/21/2019 5:29:00 PM,Y,Law Enforcement,NE 6TH ST,,,,0,,NE 14TH AV,,Local,Paved,Roundabout,N,Daylight,Clear,Dry,N,Other,Pedestrian,On Roadway,N,Non-Junction,None,,,None,,,N,,,,,PUBLIC SERVICE AIDE,Fort Lauderdale Police Department,Police Department (PD),6/25/2019 2:28:00 PM,,4,Y,Pedestrian,Pedestrian,Injury,Possible Injury,DAY,N,N,N,N,N,N,N,N,N,1,1,1,0,0,0,0,0,0,0,0,1,1,0,1,0,0,0,0,0,0,0,,,,N,0,0,Y,0,0,0,0,0,0,1,2000,2000,0,0,0,Preliminary,Computer mapped approximate by address,583992.1072,2890276.0297,26.1293152216766,-80.1598273196532
88941663,2019,29-AUG-2019 04:00 PM,07-OCT-2019 12:00 AM,341908142731,L,1,1,10,38,Broward,Fort Lauderdale,Urban,8/29/2019 4:00:00 PM,8/29/2019 4:01:00 PM,8/29/2019 4:16:00 PM,8/29/2019 5:42:00 PM,Y,Law Enforcement,NE 3RD AV,,,,0,,NE 4TH ST,,Local,Paved,Four-Way Intersection,N,Daylight,Clear,Dry,N,Angle,Pedalcycle,On Roadway,N,Non-Junction,None,,,None,,,N,,,,,PUBLIC SERVICE AIDE,Fort Lauderdale Police Department,Police Department (PD),10/10/2019 2:33:00 PM,10/10/2019 2:33:00 PM,42,Y,Bicycle,Bicycle,Injury,Possible Injury,DAY,N,N,N,N,N,Y,N,N,N,0,1,1,0,0,0,0,0,0,0,0,1,1,0,0,0,0,0,0,0,0,0,,,,N,0,0,Y,0,0,0,0,0,0,0,0,0,1,0,0,Verified,n/a,585913.3147,2889931.7179,26.1260932320932,-80.1406339455458
88943489,2019,01-NOV-2019 02:45 PM,01-NOV-2019 12:00 AM,341911179563,L,1,2,10,38,Broward,Fort Lauderdale,Urban,11/1/2019 2:51:00 PM,11/1/2019 2:52:00 PM,11/1/2019 3:18:00 PM,11/1/2019 4:04:00 PM,Y,Law Enforcement,SR A1A (SEABREEZE BLVD),,,,126,North,SE 5 STREET,,State,Curb,Not at Intersection,N,Daylight,Cloudy,Dry,N,"Sideswipe, Same Direction",Pedalcycle,On Roadway,N,Non-Junction,None,,,None,,,N,,,,,PUBLIC SERVICE AIDE,Fort Lauderdale Police Department,Police Department (PD),11/4/2019 2:03:00 PM,,3,Y,Bicycle,Bicycle,Injury,Non-Incapacitating Injury,DAY,N,N,N,N,N,N,N,Y,N,1,1,0,1,0,0,0,0,0,0,0,1,1,0,1,0,0,0,0,0,0,0,,,,N,0,0,Y,0,0,1,0,1,50,0,0,50,0,0,0,Verified,n/a,589415.0488,2888945.7809,26.1169785132082,-80.1056782264812
88956164,2019,02-JAN-2019 04:37 PM,02-JAN-2019 12:00 AM,2019-00001946,L,1,2,19,30,Brevard,Cape Canaveral,Urban,1/2/2019 4:48:00 PM,1/2/2019 4:39:00 PM,1/2/2019 4:42:00 PM,1/2/2019 6:12:00 PM,Y,Law Enforcement,MADISON AVE,,,,0,,POINSETTA AVE,,Local,Unpaved,Four-Way Intersection,Y,Daylight,Clear,Dry,N,,Other Non-Fixed Object,On Roadway,N,Intersection,None,,,None,,,N,,,,,DEPUTY,Brevard County Sheriff's Office,Sheriff's Office (SO),2/2/2019 2:15:00 PM,,31,Y,Single Vehicle,Other,Injury,Non-Incapacitating Injury,DAY,N,N,N,N,N,N,Y,N,N,1,1,0,1,0,0,0,0,0,0,0,1,1,0,1,0,0,0,0,0,0,0,,,,N,0,0,Y,0,0,0,0,0,0,1,100,100,1,0,0,Verified,n/a,538784.7979,3140336.7487,28.3888007171913,-80.604106639173
89085479,2019,05-APR-2019 04:31 PM,05-APR-2019 12:00 AM,20190006014,L,1,2,6,94,Palm Beach,West Palm Beach,Urban,4/5/2019 4:31:00 PM,4/5/2019 4:35:00 PM,4/5/2019 4:47:00 PM,4/5/2019 6:14:00 PM,Y,Law Enforcement,N MILITARY TRL,,,,0,,CUMBERLAND DR,,County,Curb,Four-Way Intersection,N,Daylight,Cloudy,Dry,N,Angle,Pedalcycle,On Roadway,N,Intersection,None,,,None,,,N,,,,,COMMUNITY SERVICE AIDE,West Palm Beach Police Department,Police Department (PD),4/19/2019 2:32:00 PM,,14,N,Bicycle,Bicycle,No Injury,No Injury,DAY,N,N,N,N,N,N,Y,N,N,2,0,0,0,0,0,0,0,0,0,0,1,1,0,1,0,0,0,0,0,0,0,,,,N,0,0,Y,0,0,0,0,0,0,1,1000,1000,1,0,0,Verified,n/a,588576.0353,2958933.8574,26.7488985345205,-80.1092246376226
82716691,2019,19-APR-2019 06:10 PM,20-APR-2019 03:04 AM,MCSO19OFF002967,L,1,5,38,30,Monroe,Islamorada,Urban,4/19/2019 6:15:00 PM,4/19/2019 6:16:00 PM,4/19/2019 6:16:00 PM,4/19/2019 7:06:00 PM,Y,Law Enforcement,VENETIAN BLVD,,24.9789223050256,-80.550464330004,0,,SAN MARCO DR,,County,Unpaved,Not at Intersection,N,Daylight,Clear,Dry,N,Other,Pedalcycle,Roadside,N,Non-Junction,None,,,None,,,N,,,,,DEPUTY,Monroe County Sheriff's Office,Sheriff's Office (SO),4/23/2019 2:28:00 PM,4/23/2019 2:28:00 PM,4,Y,Bicycle,Bicycle,Injury,Non-Incapacitating Injury,DAY,N,N,N,N,N,N,N,N,N,4,1,0,1,0,0,0,0,0,0,0,4,2,2,1,0,0,0,0,0,0,0,,,,Y,0,0,Y,0,0,0,0,0,0,1,200,200,0,0,0,Preliminary,Editor Mapped,541855.2021,2760500.9283,24.9592630903604,-80.5853602201633
83638840,2019,15-SEP-2019 04:55 PM,15-SEP-2019 12:00 AM,19-000404,L,1,2,6,52,Palm Beach,Juno Beach,Urban,9/15/2019 4:55:00 PM,9/15/2019 5:21:00 PM,9/15/2019 5:23:00 PM,9/15/2019 5:43:00 PM,Y,Motorist,US1,12801,,,37,South,,,U.S.,Curb,Other,N,Daylight,Clear,Dry,N,Other,Pedalcycle,Roadside,N,Driveway/Alley Access Related,None,,,Unknown,,,N,,,,,SGT,Juno Beach Police Department,Police Department (PD),10/22/2019 11:28:00 PM,,37,Y,Bicycle,Bicycle,Injury,Possible Injury,DAY,N,N,N,N,N,N,N,N,N,1,1,1,0,0,0,0,0,0,0,0,1,1,0,1,0,0,0,0,0,0,0,,,,N,0,0,Y,0,0,0,0,0,0,1,1,1,0,0,0,Verified,n/a,593838.7577,2971757.0332,26.86431883497,-80.0553462301683
88995833,2019,05-OCT-2019 04:56 AM,05-OCT-2019 12:00 AM,191000105,L,1,4,24,40,St. Lucie,Fort Pierce,Urban,10/5/2019 4:56:00 AM,10/5/2019 4:56:00 AM,10/5/2019 4:56:00 AM,10/5/2019 5:21:00 AM,Y,Law Enforcement,N 17TH ST,,,,0,,AVENUE O,,Local,Paved,T-Intersection,N,Daylight,Clear,Dry,N,Angle,Motor Vehicle in Transport,On Roadway,N,Non-Junction,None,,,None,,,N,,,,,,Fort Pierce Police Department,Police Department (PD),10/8/2019 2:42:00 PM,10/8/2019 2:42:00 PM,3,Y,Single Vehicle,Other,Injury,Non-Incapacitating Injury,NIGHT,N,N,N,N,N,N,N,N,N,1,3,0,3,0,0,0,0,0,0,0,1,1,0,1,1,0,2,0,0,0,0,,,,N,0,0,Y,0,0,2,0,0,0,1,1000,1000,4,0,0,Preliminary,Editor Mapped,565050.9556,3037988.6777,27.4638835103597,-80.3416301138083
89013987,2019,02-MAR-2019 08:32 PM,02-MAR-2019 12:00 AM,2019030220,S,1,2,1,82,Miami-Dade,North Miami Beach,Urban,3/2/2019 8:32:00 PM,3/2/2019 8:33:00 PM,3/2/2019 8:36:00 PM,3/2/2019 9:23:00 PM,Y,Law Enforcement,BISCAYNE BD,17201,,,0,,,,Local,Curb,Not at Intersection,N,Dark - Lighted,Clear,Dry,N,Angle,Pedalcycle,Off Roadway,N,Driveway/Alley Access Related,None,,,None,,,N,,,,,POLICE OFFICER,North Miami Beach Police Department,Police Department (PD),3/7/2019 2:44:00 PM,,5,N,Bicycle,Bicycle,No Injury,No Injury,NIGHT,N,N,N,N,N,N,N,N,N,2,0,0,0,0,0,0,0,0,0,0,1,1,0,1,1,0,0,0,0,0,0,,,,N,0,0,Y,0,0,0,0,0,0,1,50,50,0,0,0,Preliminary,Computer mapped approximate by address,585032.1242,2868721.8441,25.9346452710607,-80.1508273275571
89019915,2019,27-AUG-2019 12:08 PM,27-AUG-2019 12:40 PM,PPD19OFF008947,L,1,1,9,50,Escambia,Pensacola,Urban,8/27/2019 12:08:00 PM,8/27/2019 12:09:00 PM,8/27/2019 12:33:00 PM,8/27/2019 12:45:00 PM,Y,Law Enforcement,TARRAGONA ST,,30.41624,-87.21342,0,,GREGORY ST,,Local,Curb,Other,N,Daylight,Cloudy,Dry,N,Other,Other Non-Collision,On Roadway,N,Intersection,None,,,None,,,N,,,,,OFFICER,Pensacola Police Department,Police Department (PD),9/5/2019 2:24:00 PM,,9,Y,Single Vehicle,Other,Serious Injury,Incapacitating Injury,DAY,N,N,N,N,N,N,Y,N,N,0,1,0,0,1,0,0,0,0,0,0,1,1,0,0,0,0,0,0,0,0,0,,,,N,0,0,Y,1,0,0,0,0,0,0,0,0,1,0,0,Verified,n/a,-97324.0361000001,3381308.5222,30.4158904122216,-87.2133644479448
89029733,2019,06-JUN-2019 06:18 PM,06-JUN-2019 12:00 AM,371906020834,L,2,3,10,60,Broward,Margate,Urban,6/6/2019 6:20:00 PM,6/6/2019 6:20:00 PM,6/6/2019 6:22:00 PM,6/6/2019 7:00:00 PM,Y,Law Enforcement,ROCK ISLAND RD,800,,,355,North,,,County,Paved,T-Intersection,N,Daylight,Clear,Dry,N,Angle,Motor Vehicle in Transport,On Roadway,N,Driveway/Alley Access Related,None,,,None,,,N,,,,,,Margate Police Department,Police Department (PD),6/14/2019 2:35:00 PM,,8,Y,Other,Other,Injury,Possible Injury,DAY,N,N,N,N,N,N,N,N,N,2,1,1,0,0,0,0,0,0,1,0,1,1,0,2,1,0,0,0,0,0,0,1,0,0,N,0,0,Y,0,0,0,0,0,0,2,2700,2700,1,0,0,Preliminary,Computer mapped approximate by address,577758.612,2902461.1441,26.2396820968439,-80.2214453275912
89029780,2019,26-JUN-2019 01:56 PM,26-JUN-2019 12:00 AM,371906023113,L,1,1,10,60,Broward,Margate,Urban,6/26/2019 1:56:00 PM,6/26/2019 1:56:00 PM,6/26/2019 2:00:00 PM,6/26/2019 2:31:00 PM,Y,Law Enforcement,N SR 7,,,,0,,COLONIAL DR,,State,Curb,Four-Way Intersection,N,Daylight,Clear,Dry,N,Other,Pedalcycle,On Roadway,N,Non-Junction,None,,,None,,,N,,,,,,Margate Police Department,Police Department (PD),6/28/2019 2:17:00 PM,,2,Y,Bicycle,Bicycle,Serious Injury,Incapacitating Injury,DAY,N,N,N,N,N,Y,N,N,N,0,1,0,0,1,0,0,0,0,0,0,1,1,0,0,0,0,0,0,0,0,0,,,,N,0,0,Y,1,0,0,0,1,300,1,300,600,1,0,0,Verified,n/a,579714.2367,2904918.4837,26.261761178921,-80.2017146043188
89059133,2019,14-SEP-2019 03:00 PM,24-SEP-2019 12:00 AM,121909001423,L,1,1,10,64,Broward,Oakland Park,Urban,9/14/2019 3:00:00 PM,9/14/2019 3:00:00 PM,9/14/2019 3:01:00 PM,9/14/2019 4:30:00 PM,Y,Law Enforcement,N ANDREWS AV,,,,60,South,NE 39TH ST,,State,Paved,Not at Intersection,N,Daylight,Clear,Dry,N,Other,Pedestrian,Roadside,N,Non-Junction,None,None,,None,None,,N,,,,,,Broward County Sheriff's Office,Sheriff's Office (SO),9/25/2019 2:33:00 PM,9/25/2019 2:33:00 PM,11,Y,Pedestrian,Pedestrian,Serious Injury,Incapacitating Injury,DAY,N,N,N,N,N,Y,N,N,N,0,1,0,0,1,0,0,0,0,0,0,1,1,0,0,0,0,0,0,0,0,0,,,,N,0,0,Y,1,0,0,0,0,0,0,0,0,1,0,0,Preliminary,Editor Mapped,585271.4088,2895343.8578,26.1749957796562,-80.1466988417788
89125874,2019,21-MAR-2019 06:03 PM,21-MAR-2019 07:00 PM,19-199065,L,1,2,3,0,Hillsborough,Unincorporated,Rural,3/21/2019 6:04:00 PM,3/21/2019 6:04:00 PM,3/21/2019 6:27:00 PM,3/21/2019 7:12:00 PM,Y,Law Enforcement,ORCHID WALL ST,,,,,,GEESE TRAIL CR,,County,Unpaved,Four-Way Intersection,N,Daylight,Clear,Dry,N,Other,Pedestrian,On Roadway,N,Non-Junction,None,,,None,,,N,,,,,DEP,Hillsborough County Sheriff's Office,Sheriff's Office (SO),3/31/2019 1:59:00 PM,,10,Y,Pedestrian,Pedestrian,Injury,Non-Incapacitating Injury,DAY,N,N,N,N,N,N,N,N,N,1,1,0,1,0,0,0,0,0,0,0,1,1,0,1,0,0,0,0,0,0,0,,,,N,0,0,Y,0,0,0,0,0,0,1,350,350,1,0,0,Unmapped,Unmapped,,,,
89127531,2019,25-JUN-2019 12:38 PM,25-JUN-2019 01:49 PM,19-445920,L,1,4,3,0,Hillsborough,Unincorporated,Rural,6/25/2019 12:38:00 PM,6/25/2019 12:55:00 PM,6/25/2019 1:22:00 PM,6/25/2019 2:49:00 PM,Y,Law Enforcement,ADVENTURE DR,12220,,,346,West,RODEO LN,,County,Unpaved,Not at Intersection,N,Daylight,Clear,Dry,N,Angle,Pedalcycle,On Roadway,N,Driveway/Alley Access Related,None,,,None,,,N,,,,,DEP.,Hillsborough County Sheriff's Office,Sheriff's Office (SO),6/27/2019 2:44:00 PM,6/27/2019 2:44:00 PM,2,Y,Bicycle,Bicycle,Injury,Non-Incapacitating Injury,DAY,N,N,N,N,N,N,N,N,N,3,1,0,1,0,0,0,0,0,0,0,1,1,0,1,0,0,2,0,0,0,0,,,,N,0,0,Y,0,0,0,0,0,0,1,300,300,0,0,0,Preliminary,Editor Mapped,369993.1555,3077477.3808,27.8156253746135,-82.3199425587837
89138171,2019,20-JUL-2019 02:42 PM,20-JUL-2019 12:00 AM,2019TA009393,L,1,3,17,60,Seminole,Sanford,Urban,7/20/2019 2:42:00 PM,7/20/2019 2:44:00 PM,7/20/2019 2:46:00 PM,7/20/2019 3:55:00 PM,Y,Law Enforcement,S ORLANDO DR,,28.774736,-81.277455,832,North,ORLANDO DR,,Local,Paved,Not at Intersection,N,Daylight,Clear,Dry,N,,Other Non-Fixed Object,Shoulder,N,Non-Junction,None,,,None,,,N,,,,,OFFICER,Sanford Police Department,Police Department (PD),7/23/2019 2:26:00 PM,,3,Y,Single Vehicle,Other,Injury,Possible Injury,DAY,N,N,N,N,N,N,N,N,N,1,2,2,0,0,0,0,0,0,0,0,2,2,0,1,0,0,0,0,0,0,0,,,,N,0,0,Y,0,0,1,0,0,0,1,50,50,0,0,0,Verified,n/a,472702.1426,3182678.4148,28.7712846879237,-81.2796516828326
89144880,2019,11-OCT-2019 04:54 PM,11-OCT-2019 12:00 AM,2019-00156202,L,1,2,13,50,Leon,Tallahassee,Urban,10/11/2019 4:54:00 PM,10/11/2019 4:55:00 PM,10/11/2019 5:03:00 PM,10/11/2019 5:20:00 PM,Y,Law Enforcement,WADSWORTH ST,810,30.450702,-84.305583,,,,,Parking Lot,Curb,Not at Intersection,N,Daylight,Clear,Dry,N,,Pedestrian,In Parking Lane or Zone,N,Non-Junction,None,,,None,,,N,,,,,OFFICER,Tallahassee Police Department,Police Department (PD),10/12/2019 2:18:00 PM,10/12/2019 2:18:00 PM,1,Y,Pedestrian,Pedestrian,Injury,Non-Incapacitating Injury,DAY,N,N,N,N,N,N,N,N,N,1,1,0,1,0,0,0,0,0,0,0,1,1,0,1,0,0,0,0,0,0,0,,,,N,0,0,Y,0,0,0,0,0,0,1,300,300,0,0,0,Preliminary,Editor Mapped,182537.8969,3373363.9851,30.4506208234217,-84.3056896225588
82923298,2019,09-SEP-2019 07:00 AM,09-SEP-2019 12:00 AM,91901498,L,2,2,2,38,Duval,Jacksonville,Urban,9/9/2019 7:00:00 AM,9/9/2019 7:30:00 AM,9/9/2019 7:45:00 AM,9/9/2019 8:00:00 AM,Y,Law Enforcement,JOHN PROM ROAD SANDALWOO HIGH SCHOOL PARKING LOT,2750,,,,,,,Parking Lot,Paved,Not at Intersection,N,Dawn,Clear,Dry,N,Rear to Side,Motor Vehicle in Transport,Unknown,N,Non-Junction,None,,,None,,,N,,,,,SSO,Duval County Schools Police Department,Police Department (PD),10/23/2019 11:25:00 PM,10/23/2019 11:25:00 PM,44,Y,Backed Into,Other,No Injury,No Injury,DAY,N,N,N,N,N,N,N,N,N,2,0,0,0,0,0,0,0,0,0,0,1,1,0,1,0,1,0,0,0,0,0,,,,N,0,0,Y,0,0,0,0,0,0,2,700,700,0,0,0,Preliminary,Editor Mapped,450098.6504,3351813.4753,30.2970303647836,-81.5189418054768
