REPORT_NUMBER,CRASH_YEAR,VEHICLE_NUMBER,PERSON_NUMBER,RECOMMENDED_RE_EXAM,DL_STATE,DL_TYPE,DRIVER_DISTRACTION_CODE,CONDITION_AT_TIME_OF_CRASH,REQUIRED_ENDORSEMENTS,VISION_OBSTRUCTED,INSURANCE_COMPANY,CITY,STATE,ZIP_CODE,SEX,HELMET_CODE,RESTRAINT_SYSTEM_CODE,EYE_PROTECTION_CODE,AIR_BAG_DEPLOYMENT_CODE,EJECTED,SUSPECTED_ALCOHOL_USE_CODE,ALCOHOL_TESTED_CODE,ALCOHOL_TEST_TYPE_CODE,ALCOHOL_TEST_RESULTS,BLOOD_ALCOHOL_CONTENT,SUSPECTED_DRUG_USE_CODE,DRUG_TESTED_CODE,DRUG_TEST_TYPE_CODE,DRUG_TEST_RESULTS,INJURY_SEVERITY,EMS_TRANSPORT_TYPE,DRIVER_ACTION_1,DRIVER_ACTION_2,DRIVER_ACTION_3,DRIVER_ACTION_4,S4_AGE_AT_TIME_OF_CRASH,S4_IS_AGGRESSIVE_DRIVING,S4_IS_ALCOHOL_RELATED,S4_IS_DRUG_RELATED,S4_IS_DISTRACTED,S4_IS_SPEEDING_RELATED,S4_IS_AGING_DRIVER,S4_IS_TEENAGER_DRIVER,S4_IS_UNRESTRAINED
87950557,2018,1,1,N,FL,E/Operator,Not Distracted,Apparently Normal,,Vision Not Obscured,SECURITY NATIONAL INSURANCE COMPANY,SUNRISE,FL,33325,Male,,Shoulder and Lap Belt Used,,Not Deployed,Not Ejected,N,,,,,N,,,,None,Not Transported,No Contributing Action,,,,18,N,N,N,N,N,N,Y,N
87953299,2018,1,1,N,FL,E/Operator,Not Distracted,Apparently Normal,No Required Endorsements,Vision Not Obscured,DIRECT GENERAL INSURANCE COMPANY,OCALA,FL,34474,Male,No Helmet,Shoulder and Lap Belt Used,,Not Deployed,Not Ejected,N,,,,,N,,,,None,Not Transported,Failed to Yield Right-of-Way,,,,25,N,N,N,N,N,N,N,N
87969939,2018,1,1,N,FL,E/Operator,Not Distracted,Apparently Normal,,Vision Not Obscured,PEAK PROPERTY AND CASUALTY INSURANC,PORT SAINT LUCIE,FL,34952,Female,,Shoulder and Lap Belt Used,,Not Deployed,Not Ejected,N,,,,,N,,,,None,Not Transported,No Contributing Action,,,,33,N,N,N,N,N,N,N,N
89144880,2019,1,1,N,FL,E/Operator,Not Distracted,Apparently Normal,No Required Endorsements,Vision Not Obscured,GEICO,TALLAHASSEE,FL,32304,Female,,Shoulder and Lap Belt Used,,Not Applicable,Not Ejected,N,,,,,N,,,,None,Not Transported,No Contributing Action,,,,23,N,N,N,N,N,N,N,N
87971007,2018,1,1,N,FL,E/Operator,Inattentive,Apparently Normal,,Vision Not Obscured,AUTO CLUB SOUTH INSURANCE COMPANY,PORT ST LUCIE,FL,34952,Male,,Shoulder Belt Only Used,,Not Deployed,Not Ejected,N,,,,,N,,,,None,Not Transported,Ran Red Light,,,,75,N,N,N,Y,N,Y,N,N
87977416,2018,1,1,N,FL,E/Operator,Not Distracted,Apparently Normal,No Required Endorsements,Vision Not Obscured,STATE FARM MUTUAL AUTOM,FORT MYERS,FL,33907,Male,,Shoulder and Lap Belt Used,,Not Deployed,Not Ejected,N,,,,,N,,,,None,Not Transported,No Contributing Action,,,,37,N,N,N,N,N,N,N,N
87979488,2018,1,1,N,FL,E/Operator,Not Distracted,Apparently Normal,No Required Endorsements,Vision Not Obscured,GOVERNMENT EMPLOYEES IN,SANIBEL,FL,33957,Male,,Shoulder and Lap Belt Used,,Not Deployed,Not Ejected,N,,,,,N,,,,None,Not Transported,No Contributing Action,,,,53,N,N,N,N,N,N,N,N
88029975,2018,1,3,N,FL,E/Operator,Not Distracted,Apparently Normal,No Required Endorsements,Vision Not Obscured,STATE FARM MUTUAL AUTOMOBILE INSURANCE,ORANGE PARK,FL,32073,Male,,Shoulder and Lap Belt Used,,Not Deployed,Not Ejected,N,Test Not Given,,,,N,Test Not Given,,,None,Not Transported,No Contributing Action,,,,50,N,N,N,N,N,N,N,N
88044259,2018,1,1,N,FL,E/Operator,Not Distracted,Apparently Normal,No Required Endorsements,Vision Not Obscured,OWNERS INSURANCE,WINDERMERE,FL,34786,Male,,Shoulder and Lap Belt Used,,Not Deployed,Not Ejected,N,Test Not Given,,,,N,Test Not Given,,,None,Not Transported,No Contributing Action,,,,53,N,N,N,N,N,N,N,N
88048383,2018,1,1,N,,None,Not Distracted,Unknown,,Vision Not Obscured,,UK,UK,11111,Unknown,,Shoulder and Lap Belt Used,,Deployment Unknown,Not Ejected,,Test Not Given,,,,,Test Not Given,,,None,Not Transported,Operated MV in Careless or Negligent Manner,,,,,N,N,N,N,N,N,N,N
88627703,2018,1,2,N,FL,E/Operator,Not Distracted,Apparently Normal,No Required Endorsements,Vision Not Obscured,GEICO,JACKSONVILLE,FL,32210,Female,,Shoulder and Lap Belt Used,,Not Deployed,Not Ejected,N,Test Not Given,,,,N,Test Not Given,,,None,Not Transported,No Contributing Action,,,,35,N,N,N,N,N,N,N,N
88656910,2018,1,1,N,FL,E/Operator,Not Distracted,Apparently Normal,No Required Endorsements,Vision Not Obscured,INFINITY AUTO INSURANCE,MIAMI,FL,33196,Female,,Shoulder and Lap Belt Used,,Not Applicable,Not Ejected,N,,,,,N,,,,None,Not Transported,Failed to Yield Right-of-Way,,,,44,N,N,N,N,N,N,N,N
88730832,2018,1,1,N,FL,None,Not Distracted,Apparently Normal,No,All Other,UNITED AUTOMOBILE INSURANCE COMPANY,PALM SPRINGS,FL,33406,Male,No Helmet,Shoulder and Lap Belt Used,,Not Deployed,Not Ejected,N,,,,,N,,,,None,Not Transported,No Contributing Action,,,,31,N,N,N,N,N,N,N,N
88738912,2018,1,1,N,,None,External Distraction,Apparently Normal,,Vision Not Obscured,WINDHAVEN INSURANCE COMPANY,LAKE PARK,FL,33403,Male,No Helmet,Shoulder and Lap Belt Used,,Not Deployed,Not Ejected,N,,,,,N,,,,None,Not Transported,Failed to Yield Right-of-Way,,,,28,N,N,N,Y,N,N,N,N
88750819,2018,1,2,,FL,E/Operator,Not Distracted,Apparently Normal,No Required Endorsements,Vision Not Obscured,OWNERS INSURANCE COMPANY,BARTOW,FL,33830,Male,,Shoulder and Lap Belt Used,,Not Deployed,Not Ejected,N,,,,,N,,,,None,Not Transported,No Contributing Action,,,,27,N,N,N,N,N,N,N,N
88756476,2018,1,1,N,FL,E/Operator,Not Distracted,Apparently Normal,No Required Endorsements,Vision Not Obscured,DIRECT GENERAL INSURANC,CLEARWATER,FL,33765,Female,,Shoulder and Lap Belt Used,,Not Deployed,Not Ejected,N,,,,,N,,,,None,Not Transported,Failed to Yield Right-of-Way,,,,43,N,N,N,N,N,N,N,N
88934199,2018,1,1,N,FL,E/Operator,Not Distracted,Apparently Normal,,Vision Not Obscured,GEICO GENERAL INSURANCE COMPANY,MIAMI,FL,33147,Male,No Helmet,Shoulder and Lap Belt Used,,Not Deployed,Not Ejected,N,,,,,N,,,,None,Not Transported,No Contributing Action,,,,68,N,N,N,N,N,Y,N,N
82389797,2019,1,1,N,FL,E/Operator,Not Distracted,Apparently Normal,,Vision Not Obscured,NO INSURANCE ON FILE,ST AUGUSTINE,FL,32084,Female,,Shoulder and Lap Belt Used,,Not Deployed,Not Ejected,N,Test Not Given,,,,N,Test Not Given,,,None,Not Transported,No Contributing Action,,,,31,N,N,N,N,N,N,N,N
82716691,2019,1,3,N,,None,Not Distracted,Apparently Normal,,Vision Not Obscured,PROGRESSIVE SELECT INS,HIALEAH,FL,33015,Female,,Not Applicable (non-motorist),,Not Applicable,Not Ejected,N,Test Not Given,,,,N,Test Not Given,,,None,Not Transported,No Contributing Action,,,,14,N,N,N,N,N,N,N,N
82923298,2019,1,1,N,FL,E/Operator,Not Distracted,Apparently Normal,No,Vision Not Obscured,GEICO,JACKSONVILLE,FL,32225,Female,No Helmet,Shoulder and Lap Belt Used,,Not Applicable,Not Ejected,N,,,,,N,,,,None,Not Transported,Improper Backing,,,,17,N,N,N,N,N,N,Y,N
83638840,2019,1,1,N,FL,E/Operator,Not Distracted,Apparently Normal,No,Trees/Crops/Bushes,PROGRESSIVE AMERICAN,JUNO BEACH,FL,33408,Male,No Helmet,Shoulder and Lap Belt Used,N,Not Applicable,Not Ejected,N,,,,,N,,,,None,Not Transported,Other Contributing Action,,,,61,N,N,N,N,N,N,N,N
86914170,2019,1,1,N,FL,E/Operator,Inattentive,Apparently Normal,,Vision Not Obscured,METROPOLITAN CASUALTY INSURANCE COMPANY,BRANDON,FL,33510,Male,,Shoulder and Lap Belt Used,,Not Deployed,Not Ejected,N,Test Not Given,,,,N,Test Not Given,,,None,Not Transported,Operated MV in Careless or Negligent Manner,,,,79,N,N,N,Y,N,Y,N,N
87337894,2019,1,1,N,FL,E/Operator,Not Distracted,Apparently Normal,No Required Endorsements,Vision Not Obscured,ALLSTATE INSURANCE COMP,BOYNTON BEACH,FL,33435,Female,,Shoulder and Lap Belt Used,,Not Deployed,Not Ejected,N,,,,,N,,,,None,Not Transported,Operated MV in Careless or Negligent Manner,,,,28,N,N,N,N,N,N,N,N
87469273,2019,1,1,N,FL,E/Operator,Not Distracted,Apparently Normal,No Required Endorsements,All Other,NO PROOF OF INSURANCE,ORLANDO,FL,32810,Female,,Shoulder and Lap Belt Used,,Not Deployed,Not Ejected,N,,,,,N,,,,None,Not Transported,No Contributing Action,,,,26,N,N,N,N,N,N,N,N
87552116,2019,1,1,N,FL,E/Operator,Not Distracted,Apparently Normal,No,Vision Not Obscured,PROGRESSIVE,TAMPA,FL,33614,Male,,Shoulder and Lap Belt Used,,Not Deployed,Not Ejected,N,,,,,N,,,,None,Not Transported,No Contributing Action,,,,67,N,N,N,N,N,Y,N,N
87592693,2019,1,1,N,FL,E/Operator,Not Distracted,Apparently Normal,No,Vision Not Obscured,STATE FARM,JACKSONVILLE,FL,32210,Male,,Shoulder and Lap Belt Used,,Not Deployed,Not Ejected,N,Test Not Given,,,,N,Test Not Given,,,None,Not Transported,No Contributing Action,,,,20,N,N,N,N,N,N,N,N
87716157,2019,1,1,N,FL,E/Operator,External Distraction,Apparently Normal,,All Other,PROGRESSIVE,DADE CITY,FL,33625,Male,,Shoulder and Lap Belt Used,,Not Deployed,Not Ejected,N,Test Given,Blood,Completed,0,N,Test Given,Blood,Positive,None,Not Transported,No Contributing Action,,,,34,N,N,Y,Y,N,N,N,N
87758517,2019,2,2,,FL,E/Operator,Not Distracted,Apparently Normal,No Required Endorsements,Vision Not Obscured,INFINITY INDEMNITY INSURANCE COMPANY,MIAMI BEACH,FL,33141,Male,No Helmet,Shoulder and Lap Belt Used,,Not Deployed,Not Ejected,N,,,,,N,,,,None,Not Transported,No Contributing Action,,,,48,N,N,N,N,N,N,N,N
87760900,2019,1,1,,FL,E/Operator,Not Distracted,Apparently Normal,No,Vision Not Obscured,STATE FARM,MIAMI,FL,33131,Female,No Helmet,Shoulder and Lap Belt Used,,Not Deployed,Not Ejected,N,,,,,N,,,,None,Not Transported,Improper Turn,,,,46,N,N,N,N,N,N,N,N
87880804,2019,1,1,N,FL,E/Operator,Unknown,Unknown,No Required Endorsements,Vision Not Obscured,OCEAN HARBOR CASUALTY I,FORT MYERS,FL,33916,Female,,Shoulder and Lap Belt Used,,Not Applicable,Unknown,N,,,,,N,,,,None,Not Transported,Failed to Yield Right-of-Way,,,,22,N,N,N,,N,N,N,N
87882397,2019,1,1,N,FL,E/Operator,Not Distracted,Apparently Normal,No Required Endorsements,Vision Not Obscured,WINDHAVEN INSURANCE COM,FORT MYERS,FL,33916,Male,,Shoulder and Lap Belt Used,,Not Applicable,Not Ejected,N,,,,,N,,,,None,Not Transported,No Contributing Action,,,,54,N,N,N,N,N,N,N,N
87891145,2019,1,1,N,FL,E/Operator,Inattentive,Ill (sick) or Fainted,,Vision Not Obscured,ALLSTATE,SEBRING,FL,33876,Female,,Shoulder and Lap Belt Used,,Not Deployed,Not Ejected,N,Test Not Given,,,,N,Test Not Given,,,None,Not Transported,Operated MV in Careless or Negligent Manner,,,,81,N,N,N,Y,N,Y,N,N
87911974,2019,1,1,N,FL,E/Operator,Not Distracted,Apparently Normal,,Vision Not Obscured,STAR CASUALTY INSURANCE COMPANY,LAUDERHILL,FL,33313,Male,No Helmet,Shoulder and Lap Belt Used,,Not Deployed,Not Ejected,N,,,,,N,,,,None,Not Transported,No Contributing Action,,,,39,N,N,N,N,N,N,N,N
87912785,2019,1,1,N,FL,E/Operator,Not Distracted,Apparently Normal,,Vision Not Obscured,PROGRESSIVE SELECT INSURANCE COMPAN,MIAMI,FL,33155,Female,No Helmet,Shoulder and Lap Belt Used,,Not Deployed,Not Ejected,N,,,,,N,,,,None,Not Transported,No Contributing Action,,,,55,N,N,N,N,N,N,N,N
87916368,2019,1,1,N,FL,E/Operator,Not Distracted,Apparently Normal,,Trees/Crops/Bushes,PROGRESSIVE AMERICAN INSURANCE COMP,MARGATE,FL,33063,Male,,Shoulder and Lap Belt Used,,Not Deployed,Not Ejected,N,,,,,N,,,,None,Not Transported,No Contributing Action,,,,37,N,N,N,N,N,N,N,N
87984389,2019,1,1,N,FL,E/Operator,Not Distracted,Apparently Normal,No Required Endorsements,Glare,GEICO GENERAL INSURANCE,BONITA SPRINGS,FL,34135,Male,,Shoulder and Lap Belt Used,,Not Applicable,Not Ejected,N,,,,,N,,,,None,Not Transported,No Contributing Action,,,,24,N,N,N,N,N,N,N,N
87988255,2019,1,1,N,FL,E/Operator,Not Distracted,Apparently Normal,,Vision Not Obscured,GEICO,LAUDERDALE LAKES,FL,33319,Male,No Helmet,Shoulder and Lap Belt Used,,Not Applicable,Not Ejected,N,,,,,N,,,,None,Not Transported,No Contributing Action,No Contributing Action,,,32,N,N,N,N,N,N,N,N
88061802,2019,1,2,N,FL,E/Operator,Not Distracted,Apparently Normal,No Required Endorsements,Vision Not Obscured,STATE FARM,KISSIMMEE,FL,34744,Male,,Shoulder and Lap Belt Used,,Not Deployed,Not Ejected,N,Test Not Given,,,,N,Test Not Given,,,None,Not Transported,No Contributing Action,,,,22,N,N,N,N,N,N,N,N
88093272,2019,1,1,N,FL,E/Operator,Not Distracted,Apparently Normal,No Required Endorsements,Vision Not Obscured,GEICO,ORLANDO,FL,32832,Female,,Shoulder and Lap Belt Used,,Not Deployed,Not Ejected,N,Test Not Given,,,,N,Test Not Given,,,None,Not Transported,No Contributing Action,,,,54,N,N,N,N,N,N,N,N
88097167,2019,1,1,N,FL,E/Operator,Not Distracted,Apparently Normal,No Required Endorsements,Vision Not Obscured,GEICO GENERAL INSURANCE COMPANY,PENSACOLA,FL,32503,Male,,Shoulder and Lap Belt Used,,Not Applicable,Not Ejected,N,Test Not Given,,,,N,Test Not Given,,,None,Not Transported,No Contributing Action,,,,40,N,N,N,N,N,N,N,N
88109604,2019,1,1,N,FL,E/Operator,Not Distracted,Apparently Normal,No Required Endorsements,Vision Not Obscured,GIECO,ORLANDO,FL,32828,Male,,Shoulder and Lap Belt Used,,Not Deployed,Not Ejected,N,Test Not Given,,,,N,Test Not Given,,,None,Not Transported,No Contributing Action,,,,41,N,N,N,N,N,N,N,N
88116302,2019,1,1,N,FL,E/Operator,Inattentive,Apparently Normal,No Required Endorsements,Vision Not Obscured,GEICO GENERAL INSURANCE COMPANY,WINTER GARDEN,FL,34787,Male,,Shoulder and Lap Belt Used,,Not Deployed,Not Ejected,N,Test Not Given,,,,N,Test Not Given,,,None,Not Transported,Failed to Yield Right-of-Way,,,,49,N,N,N,Y,N,N,N,N
88116995,2019,1,1,N,FL,E/Operator,Not Distracted,Apparently Normal,No Required Endorsements,Vision Not Obscured,USAA,WINTER HAVEN,FL,33884,Female,,Shoulder and Lap Belt Used,,Not Deployed,Not Ejected,N,Test Not Given,,,,N,Test Not Given,,,None,Not Transported,No Contributing Action,,,,37,N,N,N,N,N,N,N,N
88125167,2019,1,1,N,FL,E/Operator,Not Distracted,Apparently Normal,No Required Endorsements,Vision Not Obscured,GEICO,PENSACOLA,FL,32506,Female,,Shoulder and Lap Belt Used,,Not Deployed,Not Ejected,N,Test Not Given,,,,N,Test Not Given,,,None,Not Transported,No Contributing Action,,,,24,N,N,N,N,N,N,N,N
88137520,2019,1,1,N,FL,E/Operator,Not Distracted,Apparently Normal,No Required Endorsements,Vision Not Obscured,OSEMAN INSURANCE AGENCY,CLEARWATER,FL,33762,Male,,Shoulder and Lap Belt Used,,Not Deployed,Not Ejected,N,Test Not Given,,,,N,Test Not Given,,,None,Not Transported,Failed to Yield Right-of-Way,,,,58,N,N,N,N,N,N,N,N
88150455,2019,1,1,N,FL,E/Operator,Not Distracted,Apparently Normal,No Required Endorsements,Vision Not Obscured,NO PROOF,HUDSON,FL,34669,Male,,Shoulder and Lap Belt Used,,Not Deployed,Not Ejected,N,Test Not Given,,,,N,Test Not Given,,,None,Not Transported,No Contributing Action,,,,19,N,N,N,N,N,N,Y,N
88180432,2019,1,1,N,FL,E/Operator,Not Distracted,Apparently Normal,No Required Endorsements,Vision Not Obscured,TRAVELERS INDEMNITY,LUTZ,FL,33549,Male,,Shoulder and Lap Belt Used,,Not Deployed,Not Ejected,N,Test Not Given,,,,N,Test Not Given,,,None,Not Transported,No Contributing Action,,,,51,N,N,N,N,N,N,N,N
88212927,2019,1,1,N,FL,E/Operator,Not Distracted,Apparently Normal,No Required Endorsements,Vision Not Obscured,PEAK PROPERTY AND CASUALTY INSURANCE COMPANY,HOLIDAY,FL,34691,Female,,Shoulder and Lap Belt Used,,Not Deployed,Not Ejected,N,Test Not Given,,,,N,Test Not Given,,,None,Not Transported,Failed to Yield Right-of-Way,,,,48,N,N,N,N,N,N,N,N
88216388,2019,1,1,N,FL,E/Operator,Not Distracted,Apparently Normal,No Required Endorsements,Vision Not Obscured,HARTFORD INS CO,PORT RICHEY,FL,34668,Female,,Shoulder and Lap Belt Used,,Not Deployed,Not Ejected,N,Test Not Given,,,,N,Test Not Given,,,None,Not Transported,Other Contributing Action,,,,64,N,N,N,N,N,N,N,N
88237304,2019,1,1,N,FL,E/Operator,Not Distracted,Apparently Normal,No Required Endorsements,Vision Not Obscured,SECURITY NATIONAL INSURANCE CO,SPRING HILL,FL,34609,Male,,Shoulder and Lap Belt Used,,Not Deployed,Not Ejected,N,Test Not Given,,,,N,Test Not Given,,,None,Not Transported,No Contributing Action,,,,38,N,N,N,N,N,N,N,N
88249022,2019,1,1,N,FL,E/Operator,Inattentive,Apparently Normal,No Required Endorsements,Inclement Weather,STATE FARM MUTUAL AUTOMOBILE INSURANCE,MERRIT ISLAND,FL,32952,Male,,Shoulder and Lap Belt Used,,Not Deployed,Not Ejected,N,Test Not Given,,,,N,Test Not Given,,,None,Not Transported,No Contributing Action,,,,41,N,N,N,Y,N,N,N,N
88250981,2019,1,1,N,FL,E/Operator,Not Distracted,Apparently Normal,No,Vision Not Obscured,STATE FARM MUTUAL AUTOMOBILE INSURANCE,HOMOSASSA,FL,34446,Male,,Shoulder and Lap Belt Used,,Not Deployed,Not Ejected,N,Test Not Given,,,,N,Test Not Given,,,None,Not Transported,Failed to Yield Right-of-Way,,,,67,N,N,N,N,N,Y,N,N
88264809,2019,1,1,N,FL,E/Operator,Not Distracted,Apparently Normal,No,Vision Not Obscured,GEICO INDEMNITY INS CO.,CITRA,FL,32113,Female,,Shoulder and Lap Belt Used,,Not Deployed,Not Ejected,N,Test Not Given,,,,N,Test Not Given,,,None,Not Transported,No Contributing Action,,,,48,N,N,N,N,N,N,N,N
88634071,2019,1,1,N,FL,E/Operator,Not Distracted,Apparently Normal,No,Vision Not Obscured,OLD REPUBLIC IN,JACKSONVILLE,FL,32277,Male,,Shoulder Belt Only Used,,Not Applicable,Not Ejected,N,Test Not Given,,,,N,Test Not Given,,,None,Not Transported,No Contributing Action,,,,74,N,N,N,N,N,Y,N,N
88641108,2019,2,2,N,FL,E/Operator,Not Distracted,Apparently Normal,No Required Endorsements,Vision Not Obscured,STATE FARM MUTUAL,MIAMI,FL,33157,Female,No Helmet,Shoulder and Lap Belt Used,,Not Deployed,Not Ejected,N,,,,,N,,,,None,Not Transported,No Contributing Action,,,,37,N,N,N,N,N,N,N,N
88642455,2019,1,1,N,FL,E/Operator,Not Distracted,Apparently Normal,No Required Endorsements,Vision Not Obscured,INFINITY,MIAMI,FL,33144,Female,No Helmet,Shoulder and Lap Belt Used,,Not Deployed,Not Ejected,N,,,,,N,,,,None,Not Transported,Other Contributing Action,,,,49,N,N,N,N,N,N,N,N
88653119,2019,1,1,N,FL,E/Operator,Not Distracted,Apparently Normal,No Required Endorsements,Vision Not Obscured,PROGRESSIVE AMERICAN IN,NAPLES,FL,34112,Male,,Shoulder and Lap Belt Used,,Not Deployed,Not Ejected,N,,,,,N,,,,None,Not Transported,No Contributing Action,,,,68,N,N,N,N,N,Y,N,N
88664457,2019,1,1,N,FL,E/Operator,Not Distracted,Apparently Normal,No Required Endorsements,Vision Not Obscured,GEICO GENERAL INSURANCE COMPANY,TAMARAC,FL,33321,Male,No Helmet,Shoulder and Lap Belt Used,,Not Deployed,Not Ejected,N,Test Not Given,,,,N,Test Not Given,,,None,,No Contributing Action,,,,63,N,N,N,N,N,N,N,N
88687668,2019,1,1,N,FL,E/Operator,Inattentive,Apparently Normal,,Vision Not Obscured,DIRECT GENERAL INSURANCE COMPANY,TAMPA,FL,33615-0000,Male,,Shoulder and Lap Belt Used,,Not Deployed,Not Ejected,N,Test Not Given,,,,N,Test Not Given,,,None,Not Transported,Operated MV in Careless or Negligent Manner,,,,39,N,N,N,Y,N,N,N,N
88695353,2019,1,1,,FL,E/Operator,Not Distracted,Apparently Normal,No Required Endorsements,Parked/Stopped Vehicle,UNITED SERVICES AUTOMOB,ORMOND BEACH,FL,32174,Female,,Shoulder and Lap Belt Used,,Not Deployed,Not Ejected,N,,,,,N,,,,None,Not Transported,No Contributing Action,,,,81,N,N,N,N,N,Y,N,N
88696667,2019,1,1,,FL,E/Operator,Not Distracted,Apparently Normal,No Required Endorsements,All Other,PROGRESSIVE SELECT INSURANCE COMPANY,NEW SMYRNA BEACH,FL,32169,Female,No Helmet,Shoulder and Lap Belt Used,,Not Deployed,Not Applicable,N,,,,,N,,,,None,Not Transported,Followed Too Closely,,,,19,N,N,N,N,N,N,Y,N
88741203,2019,1,1,N,FL,E/Operator,Not Distracted,Apparently Normal,No,Signs/Billboards,PROGRESSIVE AMERICAN INSURANCE CO,WEST PALM BEACH,FL,33415,Female,No Helmet,Shoulder and Lap Belt Used,,Not Deployed,Not Ejected,N,,,,,N,,,,None,Not Transported,Other Contributing Action,,,,33,N,N,N,N,N,N,N,N
88793257,2019,1,1,,FL,E/Operator,Not Distracted,Apparently Normal,No Required Endorsements,Vision Not Obscured,STATE FARM,TITUSVILLE,FL,32780,Female,No Helmet,Shoulder and Lap Belt Used,,Not Deployed,Not Ejected,N,,,,,N,,,,None,Not Transported,Other Contributing Action,,,,73,N,N,N,N,N,Y,N,N
88796645,2019,1,1,N,FL,E/Operator,Not Distracted,Apparently Normal,,Vision Not Obscured,ALLSTATE INSURANCE COMPANY,SAINT CLOUD,FL,34771,Male,No Helmet,Shoulder and Lap Belt Used,,Not Applicable,Not Ejected,N,,,,,N,,,,None,Not Transported,Operated MV in Careless or Negligent Manner,Other Contributing Action,,,17,N,N,N,N,N,N,Y,N
88804155,2019,1,1,Y,FL,E/Operator,Not Distracted,Apparently Normal,No Required Endorsements,Vision Not Obscured,HARTFORD UNDERWRITERS I,DUNEDIN,FL,34698,Female,,Shoulder and Lap Belt Used,,Not Deployed,Not Ejected,N,,,,,N,,,,None,Not Transported,Operated MV in Careless or Negligent Manner,,,,72,N,N,N,N,N,Y,N,N
88829927,2019,1,1,N,,E/Operator,Not Distracted,Apparently Normal,No,Vision Not Obscured,PROGRESSIVE INS CO.,HOLLYWOOD,FL,33020,Male,,Shoulder and Lap Belt Used,,Not Deployed,Not Ejected,N,,,,,N,,,,None,Not Transported,No Contributing Action,,,,32,N,N,N,N,N,N,N,N
88832147,2019,1,1,N,FL,E/Operator,Not Distracted,Apparently Normal,No Required Endorsements,Vision Not Obscured,PROGRESSIVE AMERICAN IN,MIAMI BEACH,FL,33139,Female,,Shoulder and Lap Belt Used,,Not Applicable,Not Ejected,N,,,,,N,,,,None,Not Transported,No Contributing Action,,,,37,N,N,N,N,N,N,N,N
88832292,2019,1,1,,,,Unknown,Unknown,,,,,,,,,,,,Unknown,,,,,,,,,,,Unknown,,,,,,N,N,N,,N,N,N,N
88891069,2019,1,1,,,,Unknown,Unknown,No Required Endorsements,All Other,UK,UK,OT,UK,Unknown,,Restraint Used - Type Unknown,,Deployment Unknown,Not Ejected,,,,,,,,,,None,Not Transported,"Operated MV in Erratic, Reckless or Aggressive Manner",,,,,Y,N,N,,N,N,N,N
88892627,2019,1,2,,FL,E/Operator,Not Distracted,Apparently Normal,No Required Endorsements,Vision Not Obscured,UNITED AUTOMOBILE INSURANCE COMPANY,MIAMI,FL,33173,Male,No Helmet,Shoulder and Lap Belt Used,,Not Deployed,Not Ejected,N,,,,,N,,,,None,Not Transported,No Contributing Action,,,,28,N,N,N,N,N,N,N,N
88895583,2019,1,1,,FL,E/Operator,Not Distracted,Apparently Normal,No,Vision Not Obscured,GOVERNMENT EMPLOYEES INSURANCE COMPANY,MIAMI,FL,33142,Female,No Helmet,Shoulder and Lap Belt Used,,Not Deployed,Not Ejected,N,,,,,N,,,,None,Not Transported,No Contributing Action,,,,52,N,N,N,N,N,N,N,N
88904876,2019,1,1,,FL,E/Operator,Not Distracted,Apparently Normal,Yes,Vision Not Obscured,NATIONAL UNION FIRE,MIAMI,FL,33147,Male,No Helmet,Shoulder and Lap Belt Used,,Not Deployed,Not Ejected,N,,,,,N,,,,None,Not Transported,Failed to Yield Right-of-Way,,,,58,N,N,N,N,N,N,N,N
88911477,2019,1,1,,FL,E/Operator,Not Distracted,Apparently Normal,No Required Endorsements,Vision Not Obscured,GENERAL ASSURANCE CORPORATION,OVIEDO,FL,32765,Male,,Shoulder and Lap Belt Used,,Not Deployed,Not Ejected,N,,,,,N,,,,None,Not Transported,Operated MV in Careless or Negligent Manner,,,,44,N,N,N,N,N,N,N,N
88936341,2019,1,1,N,FL,E/Operator,Not Distracted,Apparently Normal,,Vision Not Obscured,ALLSTATE INSURANCE COMPANY,FORT LAUDERDALE,FL,33301,Female,No Helmet,Shoulder and Lap Belt Used,,Not Deployed,Not Ejected,N,,,,,N,,,,None,Not Transported,Failed to Yield Right-of-Way,,,,31,N,N,N,N,N,N,N,N
88938060,2019,1,1,N,FL,E/Operator,Unknown,Apparently Normal,,Vision Not Obscured,PROGRESSIVE AMERICAN INSURANCE COMP,PEMBROKE PINES,FL,33024,Male,,Shoulder and Lap Belt Used,,Not Deployed,Not Ejected,N,,,,,N,,,,None,Not Transported,Failed to Yield Right-of-Way,,,,63,N,N,N,,N,N,N,N
88938857,2019,1,1,N,FL,E/Operator,Not Distracted,Apparently Normal,,Vision Not Obscured,GEICO GENERAL INSURANCE COMPANY,MARGATE,FL,33068,Male,,Shoulder and Lap Belt Used,,Not Deployed,Not Ejected,N,,,,,N,,,,None,Not Transported,No Contributing Action,,,,57,N,N,N,N,N,N,N,N
88939689,2019,1,1,N,FL,E/Operator,Not Distracted,Apparently Normal,,Vision Not Obscured,ZURICH AMERICAN INS,DELRAY BEACH,FL,33446,Male,No Helmet,Shoulder and Lap Belt Used,,Not Applicable,Not Ejected,N,,,,,N,,,,None,Not Transported,Other Contributing Action,,,,58,N,N,N,N,N,N,N,N
88943489,2019,1,1,N,FL,E/Operator,Unknown,Apparently Normal,,All Other,UNKNOWN,HOLLYWOOD,FL,33024,Male,No Helmet,Shoulder and Lap Belt Used,,Not Applicable,Not Ejected,N,,,,,N,,,,None,Not Transported,Other Contributing Action,,,,25,N,N,N,,N,N,N,N
88956164,2019,1,1,N,FL,E/Operator,Not Distracted,Apparently Normal,No Required Endorsements,Vision Not Obscured,USAA,MERRITT ISLAND,FL,32953,Female,,Shoulder and Lap Belt Used,,Not Applicable,Not Ejected,N,,,,,N,,,,None,Not Transported,No Contributing Action,,,,25,N,N,N,N,N,N,N,N
88995833,2019,1,1,N,FL,E/Operator,Not Distracted,Apparently Normal,,Vision Not Obscured,GOVERNMENT EMPLOYEES INSURANCE COMP,WELLINGTON,FL,33414,Female,,Shoulder and Lap Belt Used,,Not Deployed,Not Ejected,N,,,,,N,,,,Non-Incapacitating,EMS,No Contributing Action,,,,72,N,N,N,N,N,Y,N,N
89013987,2019,1,1,N,FL,E/Operator,Not Distracted,Apparently Normal,,Vision Not Obscured,GEICO GENERAL INSURANCE COMPANY,NORTH MIAMI BEACH,FL,33160,Male,,Shoulder and Lap Belt Used,,Not Deployed,Not Ejected,N,,,,,N,,,,None,Not Transported,Other Contributing Action,,,,70,N,N,N,N,N,Y,N,N
89029733,2019,1,1,N,FL,E/Operator,Unknown,Emotional,,Vision Not Obscured,STATE FARM MUTUAL AUTOMOBILE INSURA,MARGATE,FL,33063,Female,,Shoulder and Lap Belt Used,,Not Applicable,,N,,,,,N,,,,None,Not Transported,Failed to Yield Right-of-Way,,,,75,N,N,N,,N,Y,N,N
89029733,2019,2,2,N,FL,E/Operator,Not Distracted,Apparently Normal,,Vision Not Obscured,NO INSURANCE,MARGATE,FL,33063,Male,No Helmet,None Used - Motor Vehicle Occupant,Y,Not Applicable,"Ejected, Totally",N,,,,,N,,,,Possible,EMS,No Contributing Action,,,,26,N,N,N,N,N,N,N,Y
89085479,2019,1,1,N,FL,E/Operator,Not Distracted,Apparently Normal,,Vision Not Obscured,GEICO GENERAL INSURANCE COMPANY,WEST PALM BEACH,FL,33409,Male,No Helmet,Shoulder and Lap Belt Used,,Not Deployed,Not Ejected,N,,,,,N,,,,None,Not Transported,No Contributing Action,,,,39,N,N,N,N,N,N,N,N
89125874,2019,1,1,N,FL,E/Operator,Not Distracted,Apparently Normal,,Vision Not Obscured,STATE FARM,SUN CITY CENTER,FL,33573-0000,Male,,Shoulder and Lap Belt Used,,Not Deployed,Not Ejected,N,Test Not Given,,,,N,Test Not Given,,,None,Not Transported,No Contributing Action,,,,31,N,N,N,N,N,N,N,N
89127531,2019,1,1,N,FL,E/Operator,Not Distracted,Apparently Normal,,Vision Not Obscured,UNITED SERVICES AUTOMOBILE ASSN,RIVERVIEW,FL,33579,Male,,Shoulder and Lap Belt Used,,Not Deployed,Not Ejected,N,Test Not Given,,,,N,Test Not Given,,,None,Not Transported,No Contributing Action,,,,57,N,N,N,N,N,N,N,N
89138171,2019,1,1,N,FL,E/Operator,Not Distracted,Apparently Normal,No Required Endorsements,Vision Not Obscured,SOUTHERN-OWNERS INSURAN,SANFORD,FL,32773,Male,,Shoulder and Lap Belt Used,,Not Deployed,Not Ejected,N,,,,,N,,,,None,Not Transported,Failed to Yield Right-of-Way,,,,31,N,N,N,N,N,N,N,N
