REPORT_NUMBER,CRASH_YEAR,PERSON_NUMBER,LOCATION_AT_TIME_OF_CRASH_CODE,ACTION_PRIOR_TO_CRASH_CODE,NON_MOTORIST_DESCRIPTION_CODE,CITY,STATE,ZIP_CODE,SEX,SUSPECTED_ALCOHOL_USE_CODE,ALCOHOL_TESTED_CODE,ALCOHOL_TEST_TYPE_CODE,ALCOHOL_TEST_RESULT,BLOOD_ALCOHOL_CONTENT,SUSPECTED_DRUG_USE_CODE,DRUG_TESTED_CODE,DRUG_TEST_TYPE_CODE,DRUG_TEST_RESULT,INJURY_SEVERITY,EMS_TRANSPORT_TYPE,NON_MOTORIST_ACTIONS_CIRCUMSTANCES_1,NON_MOTORIST_ACTIONS_CIRCUMSTANCES_2,SAFETY_EQUIPMENT_CODE_1,SAFETY_EQUIPMENT_CODE_2,S4_AGE_AT_TIME_OF_CRASH,S4_IS_ALCOHOL_RELATED,S4_IS_DRUG_RELATED,S4_IS_AGING,S4_IS_TEENAGER
87950557,2018,2,Travel Lane - Other Location,Walking/Cycling Along Roadway With Traffic,Other Cyclist,DUBLIN,GA,31021,,N,,,,,N,,,,Fatal (within 30 days),Not Transported,Other,,None,,,N,N,N,N
87953299,2018,2,Intersection - Marked Crosswalk,Crossing Roadway,Other Cyclist,OCALA,FL,34474,Female,N,,,,,N,,,,Non-Incapacitating,Not Transported,No Improper Action,,None,,20,N,N,N,N
87969939,2018,2,Intersection - Marked Crosswalk,Other,Other Cyclist,PORT SAINT LUCIE,FL,34982,,N,,,,,N,,,,Non-Incapacitating,EMS,Other,,None,,,N,N,N,N
89144880,2019,2,Other,Other,Other Cyclist,MIAMI,FL,33177,Male,N,,,,,N,,,,Non-Incapacitating,Not Transported,Other,,None,,19,N,N,N,Y
87971007,2018,2,Intersection - Marked Crosswalk,Crossing Roadway,Other Cyclist,PORT SAINT LUCIE,FL,34983,,N,,,,,N,,,,None,Not Transported,No Improper Action,,None,,,N,N,N,N
87977416,2018,2,Intersection - Marked Crosswalk,Other,Other Cyclist,FORT MYERS,FL,33919,Male,N,,,,,N,,,,None,EMS,Wrong-Way Riding or Walking,,None,,32,N,N,N,N
87979488,2018,3,Other,Other,Other Cyclist,FORT MYERS BEACH,FL,33931,Female,,Test Not Given,,,,,Test Not Given,,,Non-Incapacitating,Not Transported,Failure to Yield Right-of-Way,,None,,50,N,N,N,N
87979488,2018,2,Other,Other,Other Cyclist,FORT MYERS BEACH,FL,33931,Male,,Test Not Given,,,,,Test Not Given,,,Possible,Not Transported,Failure to Yield Right-of-Way,,None,,65,N,N,Y,N
88029975,2018,1,Intersection - Marked Crosswalk,Crossing Roadway,Bicyclist,ORANGE PARK,FL,32073,Male,N,Test Not Given,,,,N,Test Not Given,,,None,Not Transported,Other,,None,,32,N,N,N,N
88029975,2018,2,Intersection - Marked Crosswalk,None,Other Cyclist,MIDDLEBURG,FL,32068,Female,N,Test Not Given,,,,N,Test Not Given,,,None,Not Transported,No Improper Action,,None,,27,N,N,N,N
88044259,2018,2,Travel Lane - Other Location,Crossing Roadway,Other Cyclist,WINDERMERE,FL,34786,Male,N,Test Not Given,,,,N,Test Not Given,,,Incapacitating,EMS,Failure to Yield Right-of-Way,,None,,6,N,N,N,N
88048383,2018,2,Intersection - Other,Walking/Cycling Along Roadway With Traffic,Other Cyclist,SEMINOLE,FL,33772,Male,N,Test Not Given,,,,N,Test Not Given,,,Possible,Not Transported,Other,,None,,18,N,N,N,Y
88627703,2018,1,Travel Lane - Other Location,Crossing Roadway,Other Cyclist,JACKSONVILLE,FL,32210,Male,N,Test Not Given,,,,N,Test Not Given,,,None,Not Transported,Failure to Yield Right-of-Way,,None,,20,N,N,N,N
88656910,2018,2,Midblock - Marked Crosswalk,Crossing Roadway,Other Cyclist,MIAMI,FL,33176,Male,N,,,,,N,,,,None,Not Transported,No Improper Action,,Helmet,Lighting,75,N,N,Y,N
88730832,2018,2,Other,Other,Other Cyclist,LAKE WORTH,FL,33461,Male,,,,,,,,,,Non-Incapacitating,EMS,Not Visible,,None,None,54,N,N,N,N
88738912,2018,2,Intersection - Marked Crosswalk,Walking/Cycling on Sidewalk,Bicyclist,PALM BEACH GARDENS,FL,33410,Male,N,,,,,N,,,,Non-Incapacitating,Not Transported,Wrong-Way Riding or Walking,,None,,28,N,N,N,N
88738912,2018,3,Intersection - Marked Crosswalk,Crossing Roadway,Other Cyclist,PALM BEACH GARDENS,FL,33410,Female,N,,,,,N,,,,Non-Incapacitating,Not Transported,,,None,None,5,N,N,N,N
88750819,2018,1,Intersection - Other,Crossing Roadway,Other Cyclist,WINTER HAVEN,,33880,Male,N,,,,,N,,,,Possible,Other,Failure to Yield Right-of-Way,,None,,11,N,N,N,N
88756476,2018,2,Travel Lane - Other Location,Crossing Roadway,Other Cyclist,LARGO,FL,33773,Male,N,,,,,N,,,,Non-Incapacitating,EMS,No Improper Action,,None,,33,N,N,N,N
88934199,2018,2,Sidewalk,Walking/Cycling Along Roadway Against Traffic,Other Cyclist,FORT LAUDERDALE,FL,33312,,N,,,,,N,,,,Possible,EMS,Failure to Yield Right-of-Way,,None,,,N,N,N,N
82385305,2019,1,Bicycle Lane,Walking/Cycling Along Roadway With Traffic,Other Cyclist,ST AUGUSTINE,FL,32084,Male,N,Test Not Given,,,,N,Test Not Given,,,None,Not Transported,Other,,None,,48,N,N,N,N
82389797,2019,2,Travel Lane - Other Location,In Roadway - Other,Other Cyclist,SAINT AUGUSTINE,FL,32084,Male,N,Test Not Given,,,,N,Test Not Given,,,Non-Incapacitating,EMS,Failure to Yield Right-of-Way,,None,,40,N,N,N,N
82716691,2019,1,Unknown,None,Other Pedestrian,HIALEAH,FL,33015,Male,,Test Not Given,,,,,Test Not Given,,,None,Not Transported,No Improper Action,,None,,48,N,N,N,N
82716691,2019,2,Unknown,None,Other Pedestrian,MIAMI LAKES,FL,33016,Male,,Test Not Given,,,,,Test Not Given,,,None,Not Transported,No Improper Action,,None,,47,N,N,N,N
82716691,2019,4,Bicycle Lane,Walking/Cycling on Sidewalk,Bicyclist,MIAMI LAKES,FL,33016,Female,N,Test Not Given,,,,N,Test Not Given,,,Non-Incapacitating,Not Transported,No Improper Action,,None,,14,N,N,N,N
82716691,2019,5,Bicycle Lane,None,Other Cyclist,HIALEAH,FL,33015,Female,N,Test Not Given,,,,N,Test Not Given,,,None,Not Transported,No Improper Action,,None,,14,N,N,N,N
82923298,2019,2,Unknown,Unknown,Other Cyclist,JACKSONVILLE BEACH,FL,32250,Male,,,,,,,,,,None,Not Transported,Unknown,,Unknown,,17,N,N,N,Y
83638840,2019,2,Driveway Access,Walking/Cycling on Sidewalk,Other Cyclist,NORTH PALM BEACH,FL,33408,Male,N,,,,,N,,,,Possible,Not Transported,Other,,None,,20,N,N,N,N
86085153,2019,2,Shoulder/Roadside,Walking/Cycling Along Roadway With Traffic,Other Cyclist,OCOEE,FL,34761,Male,,Test Not Given,,,,,Test Not Given,,,Possible,Not Transported,No Improper Action,,None,,38,N,N,N,N
86914170,2019,2,Intersection - Unmarked Crosswalk,Walking/Cycling Along Roadway With Traffic,Other Cyclist,BRANDON,FL,33511,Male,N,Test Not Given,,,,N,Test Not Given,,,Possible,Not Transported,No Improper Action,,None,,56,N,N,N,N
87337894,2019,2,Intersection - Unmarked Crosswalk,Crossing Roadway,Other Cyclist,BOYNTON BEACH,FL,33436,Female,N,,,,,N,,,,Non-Incapacitating,EMS,No Improper Action,,None,,17,N,N,N,Y
87469273,2019,2,Travel Lane - Other Location,In Roadway - Other,Other Cyclist,APOPKA,FL,32703,Male,,,,,,,,,,Possible,EMS,In Roadway Improperly,,None,,8,N,N,N,N
87552116,2019,2,Shared-Use Path or Trail,Crossing Roadway,Other Cyclist,LARGO,FL,33771,Male,N,,,,,N,,,,Non-Incapacitating,Not Transported,"Failure to Obey Traffic Signs, Signals, or Officer","Failure to Obey Traffic Signs, Signals, or Officer",None,,29,N,N,N,N
87592693,2019,2,Other,None,Other Cyclist,ORANGE PARK,FL,32065,Male,,Test Not Given,,,,,Test Not Given,,,None,Not Transported,No Improper Action,,None,,57,N,N,N,N
87716157,2019,2,Travel Lane - Other Location,Walking/Cycling Along Roadway With Traffic,Other Cyclist,TAMPA,FL,33637,Male,Y,Test Given,Blood,Completed,0.19,N,Test Given,Blood,Negative,Incapacitating,EMS,Not Visible,,None,,59,Y,N,N,N
87739729,2019,1,Travel Lane - Other Location,None,Other Cyclist,PORT ORANGE,,32128,Female,N,,,,,N,,,,Non-Incapacitating,Not Transported,Other,,None,,44,N,N,N,N
88892627,2019,1,Driveway Access,Walking/Cycling Along Roadway With Traffic,Other Cyclist,UK,,,Male,,"Unknown, if Tested",,,,,"Unknown, if Tested",,,None,Not Transported,Improper Passing,,Unknown,,,N,N,N,N
87758517,2019,1,Other,In Roadway - Other,Other Cyclist,MIAMI,,33181,Male,N,,,,,N,,,,Non-Incapacitating,EMS,Improper Passing,,None,,68,N,N,Y,N
87760900,2019,2,Intersection - Marked Crosswalk,Walking/Cycling Along Roadway With Traffic,Other Cyclist,MIAMI BEACH,,33139,Male,N,,,,,N,,,,Non-Incapacitating,EMS,No Improper Action,,None,,32,N,N,N,N
87880804,2019,2,Other,Other,Other Cyclist,FORT MYERS,FL,33916,Male,N,,,,,N,,,,Non-Incapacitating,EMS,Other,,None,,8,N,N,N,N
87882397,2019,2,Other,Walking/Cycling Along Roadway With Traffic,Other Cyclist,LEHIGH ACRES,FL,33976,Male,N,,,,,N,,,,None,EMS,Not Visible,,None,,29,N,N,N,N
87891145,2019,2,Travel Lane - Other Location,Walking/Cycling Along Roadway With Traffic,Bicyclist,SEBRING,FL,33870,Female,N,Test Not Given,,,,N,Test Not Given,,,None,Not Transported,No Improper Action,,None,,29,N,N,N,N
87891145,2019,3,Travel Lane - Other Location,Walking/Cycling Along Roadway With Traffic,Other Cyclist,SEBRING,FL,33870,Female,N,Test Not Given,,,,N,Test Not Given,,,None,Not Transported,No Improper Action,,None,,2,N,N,N,N
87911974,2019,2,Travel Lane - Other Location,Walking/Cycling Along Roadway Against Traffic,Other Cyclist,FORT LAUDERDALE,FL,33301,,N,,,,,N,,,,Non-Incapacitating,EMS,"Failure to Obey Traffic Signs, Signals, or Officer",In Roadway Improperly,None,,,N,N,N,N
87912785,2019,2,Driveway Access,Other,Other Cyclist,SOUTH MIAMI,FL,33155,,N,,,,,N,,,,Non-Incapacitating,Not Transported,Failure to Yield Right-of-Way,,None,,,N,N,N,N
87916368,2019,2,Sidewalk,Walking/Cycling on Sidewalk,Bicyclist,CORAL SPRINGS,FL,33071,,N,,,,,N,,,,None,Not Transported,Dart/Dash,Wrong-Way Riding or Walking,None,,,N,N,N,N
87916368,2019,3,Sidewalk,Walking/Cycling on Sidewalk,Other Cyclist,MARGATE,FL,33063,,N,,,,,N,,,,Non-Incapacitating,Other,Other,,None,,,N,N,N,N
87984389,2019,2,Sidewalk,Other,Other Cyclist,FT MYERS,FL,33967,Male,N,,,,,N,,,,Non-Incapacitating,EMS,Other,,None,,24,N,N,N,N
87988255,2019,3,Intersection - Other,Walking/Cycling Along Roadway Against Traffic,Other Cyclist,SUNRISE,FL,33313,,N,,,,,N,,,,Non-Incapacitating,EMS,No Improper Action,,None,,,N,N,N,N
87988255,2019,2,Intersection - Other,Walking/Cycling Along Roadway Against Traffic,Bicyclist,SUNRISE,FL,33313,,N,,,,,N,,,,None,Not Transported,Failure to Yield Right-of-Way,,None,,,N,N,N,N
88061802,2019,1,Intersection - Marked Crosswalk,Crossing Roadway,Other Cyclist,ALBUQUERQUE,NM,87105,Male,,Test Not Given,,,,,Test Not Given,,,Possible,EMS,"Failure to Obey Traffic Signs, Signals, or Officer",Failure to Yield Right-of-Way,None,,18,N,N,N,Y
88093272,2019,2,Intersection - Unmarked Crosswalk,Crossing Roadway,Other Cyclist,ORLANDO,FL,32832,Male,,Test Not Given,,,,,Test Not Given,,,Non-Incapacitating,EMS,Failure to Yield Right-of-Way,,None,,13,N,N,N,N
88097167,2019,2,Other,Other,Other Cyclist,PENSACOLA,FL,32505,Male,N,Test Not Given,,,,N,Test Not Given,,,Incapacitating,EMS,Other,,None,,59,N,N,N,N
88109604,2019,2,Intersection - Marked Crosswalk,Crossing Roadway,Other Cyclist,ORLANDO,FL,32825,Female,,Test Not Given,,,,,Test Not Given,,,Non-Incapacitating,EMS,No Improper Action,,None,,33,N,N,N,N
88116302,2019,2,Intersection - Marked Crosswalk,Crossing Roadway,Other Cyclist,WINTER PARK,FL,32792,Female,,Test Not Given,,,,,Test Not Given,,,Possible,Not Transported,No Improper Action,,None,,19,N,N,N,Y
88116995,2019,2,Sidewalk,Walking/Cycling on Sidewalk,Bicyclist,ORLANDO,FL,32817,Male,,Test Not Given,,,,,Test Not Given,,,Possible,EMS,Wrong-Way Riding or Walking,,None,,54,N,N,N,N
88116995,2019,3,Sidewalk,Walking/Cycling on Sidewalk,Other Cyclist,ORLANDO,FL,32817,Female,,Test Not Given,,,,,Test Not Given,,,Possible,EMS,Wrong-Way Riding or Walking,,None,,45,N,N,N,N
88125167,2019,2,Other,In Roadway - Other,Other Cyclist,PENSACOLA,FL,32506,Male,N,Test Not Given,,,,N,Test Not Given,,,None,Not Transported,In Roadway Improperly,,None,,7,N,N,N,N
88137520,2019,2,Intersection - Marked Crosswalk,Walking/Cycling on Sidewalk,Other Cyclist,SAINT PETERSBURG,FL,33709,Female,N,Test Not Given,,,,N,Test Not Given,,,Non-Incapacitating,EMS,No Improper Action,No Improper Action,Helmet,,48,N,N,N,N
88150455,2019,2,Shoulder/Roadside,Walking/Cycling Along Roadway With Traffic,Bicyclist,HUDSON,FL,34667,Female,N,Test Not Given,,,,N,Test Not Given,,,Possible,Not Transported,Not Visible,,None,,15,N,N,N,Y
88150455,2019,3,Shoulder/Roadside,Adjacent to Roadway,Other Cyclist,HUDSON,FL,34667,Male,N,Test Not Given,,,,N,Test Not Given,,,Possible,Not Transported,Not Visible,,None,,16,N,N,N,Y
88180432,2019,2,Intersection - Marked Crosswalk,Walking/Cycling on Sidewalk,Other Cyclist,LUTZ,FL,33559,Male,N,Test Not Given,,,,N,Test Not Given,,,Non-Incapacitating,EMS,Wrong-Way Riding or Walking,,None,,37,N,N,N,N
88212588,2019,1,Travel Lane - Other Location,None,Other Cyclist,SAINT CLOUD,FL,34771,Male,N,Test Not Given,,,,N,Test Not Given,,,Non-Incapacitating,Other,No Improper Action,,None,None,26,N,N,N,N
88212927,2019,3,Intersection - Unmarked Crosswalk,Crossing Roadway,Other Cyclist,MERRITT ISLAND,FL,32953,Male,N,Test Not Given,,,,N,Test Not Given,,,Non-Incapacitating,Not Transported,Other,,None,,23,N,N,N,N
88216388,2019,2,Sidewalk,Walking/Cycling on Sidewalk,Bicyclist,NEW PORT RICHEY,FL,34654,Female,N,Test Not Given,,,,N,Test Not Given,,,Possible,Not Transported,Other,,Helmet,,28,N,N,N,N
88216388,2019,3,Sidewalk,Other,Other Cyclist,NEW PORT RICHEY,FL,34654,Male,N,Test Not Given,,,,N,Test Not Given,,,Possible,Not Transported,No Improper Action,,Helmet,,2,N,N,N,N
88221050,2019,2,Shoulder/Roadside,Walking/Cycling Along Roadway With Traffic,Other Cyclist,COCOA,FL,32926,Male,N,Test Not Given,,,,N,Test Not Given,,,Non-Incapacitating,EMS,Not Visible,,None,,1,N,N,N,N
88221050,2019,3,Shoulder/Roadside,Walking/Cycling Along Roadway With Traffic,Other Cyclist,COCOA,FL,32926,Female,N,Test Not Given,,,,N,Test Not Given,,,Non-Incapacitating,EMS,Not Visible,,None,,3,N,N,N,N
88221050,2019,1,Shoulder/Roadside,Walking/Cycling Along Roadway With Traffic,Pedestrian,COCOA,FL,32926,Female,N,Test Not Given,,,,N,Test Not Given,,,Possible,EMS,Not Visible,,None,,22,N,N,N,N
88237304,2019,2,Travel Lane - Other Location,Crossing Roadway,Other Cyclist,SPRING HILL,FL,34609,Male,N,Test Not Given,,,,N,Test Not Given,,,Incapacitating,EMS,Failure to Yield Right-of-Way,,None,,7,N,N,N,N
88237304,2019,3,Travel Lane - Other Location,Crossing Roadway,Other Pedestrian,WEEKI WACHEE,FL,34614,Male,N,Test Not Given,,,,N,Test Not Given,,,None,Not Transported,Failure to Yield Right-of-Way,,Lighting,,48,N,N,N,N
88237304,2019,4,Travel Lane - Other Location,Crossing Roadway,Other Pedestrian,SPRING HILL,FL,34609,Male,N,Test Not Given,,,,N,Test Not Given,,,None,Not Transported,Failure to Yield Right-of-Way,,None,,14,N,N,N,N
88249022,2019,2,Intersection - Unmarked Crosswalk,Walking/Cycling on Sidewalk,Other Cyclist,MERRITT ISLAND,FL,32952,Male,N,Test Not Given,,,,N,Test Not Given,,,Non-Incapacitating,EMS,Failure to Yield Right-of-Way,,None,,18,N,N,N,Y
88250981,2019,2,Travel Lane - Other Location,Walking/Cycling Along Roadway With Traffic,Bicyclist,HOMOSASSA,FL,34446,Male,N,Test Not Given,,,,N,Test Not Given,,,Incapacitating,EMS,In Roadway Improperly,,Lighting,,41,N,N,N,N
88250981,2019,3,Travel Lane - Other Location,Walking/Cycling Along Roadway With Traffic,Other Cyclist,HOMOSASSA,FL,34446,Female,N,Test Not Given,,,,N,Test Not Given,,,None,Not Transported,No Improper Action,,Lighting,,42,N,N,N,N
88264809,2019,2,Travel Lane - Other Location,In Roadway - Other,Other Cyclist,CITRA,FL,32113,Male,N,Test Not Given,,,,N,Test Not Given,,,Possible,EMS,Other,Not Visible,None,,18,N,N,N,Y
88592941,2019,1,Other,Other,Other Cyclist,TALLAHASSEE,FL,32310,Female,N,,,,,N,,,,None,Not Transported,Disabled Vehicle Related,,None,,34,N,N,N,N
88601886,2019,1,Shoulder/Roadside,Walking/Cycling Along Roadway With Traffic,Other Cyclist,ST PETERSBURG,FL,33701,Male,N,,,,,N,,,,None,Not Transported,Other,,None,,48,N,N,N,N
88634071,2019,7,Intersection - Marked Crosswalk,Crossing Roadway,Other Cyclist,JACKSONVILLE,FL,32217,Male,N,Test Not Given,,,,N,Test Not Given,,,None,Not Transported,Other,,None,,54,N,N,N,N
88641108,2019,1,Unknown,Unknown,Other Cyclist,MIAMI,FL,33176,Female,,,,,,,,,,None,Not Transported,Unknown,,Unknown,,53,N,N,N,N
88642455,2019,2,Other,Crossing Roadway,Other Cyclist,TALLAHASSEE,FL,32311,Female,N,,,,,N,,,,Possible,EMS,Other,,None,,38,N,N,N,N
88653119,2019,2,Travel Lane - Other Location,In Roadway - Other,Other Cyclist,NAPLES,FL,34112,Female,N,,,,,N,,,,Non-Incapacitating,Not Transported,"Failure to Obey Traffic Signs, Signals, or Officer",,None,,58,N,N,N,N
88664457,2019,3,Intersection - Marked Crosswalk,Crossing Roadway,Other Cyclist,MIAMI,FL,33161,Male,N,Test Not Given,,,,N,Test Not Given,,,None,Not Transported,"Failure to Obey Traffic Signs, Signals, or Officer",,,,18,N,N,N,Y
88687668,2019,3,Sidewalk,Walking/Cycling on Sidewalk,Other Cyclist,TAMPA,FL,33615,Female,N,Test Not Given,,,,N,Test Not Given,,,Possible,Not Transported,No Improper Action,,None,,15,N,N,N,Y
88687668,2019,2,Sidewalk,Walking/Cycling on Sidewalk,Other Cyclist,TAMPA,FL,33615,Male,N,Test Not Given,,,,N,Test Not Given,,,Possible,Not Transported,No Improper Action,,None,,16,N,N,N,Y
88695353,2019,3,Sidewalk,Walking/Cycling on Sidewalk,Bicyclist,ORMOND BEACH,FL,32176,Female,N,,,,,N,,,,Possible,Not Transported,Wrong-Way Riding or Walking,,None,,28,N,N,N,N
88695353,2019,4,Sidewalk,Walking/Cycling on Sidewalk,Other Cyclist,ORMOND BEACH,FL,32174,Male,N,,,,,N,,,,None,Not Transported,No Improper Action,,None,,4,N,N,N,N
88696445,2019,1,Intersection - Unmarked Crosswalk,Crossing Roadway,Bicyclist,EDGEWATER,,32132,Male,N,,,,,N,,,,Non-Incapacitating,EMS,No Improper Action,,None,,77,N,N,Y,N
88696445,2019,2,Intersection - Other,Other,Other Cyclist,EDGEWATER,,32132,Male,N,,,,,N,,,,None,Not Transported,No Improper Action,,None,,69,N,N,Y,N
88696667,2019,2,Travel Lane - Other Location,Walking/Cycling Along Roadway With Traffic,Other Cyclist,NEW SMYRNA BEACH,,32168,Female,N,,,,,N,,,,Possible,EMS,No Improper Action,,Helmet,,56,N,N,N,N
88741203,2019,2,Travel Lane - Other Location,Walking/Cycling Along Roadway Against Traffic,Other Cyclist,WEST PALM BEACH,FL,33415,Female,N,,,,,N,,,,Possible,Not Transported,Other,,Helmet,,9,N,N,N,N
88793257,2019,2,Bicycle Lane,Walking/Cycling Along Roadway With Traffic,Other Cyclist,TITUSVILLE,,32780,Female,N,,,,,N,,,,Possible,EMS,Other,,None,,38,N,N,N,N
88796645,2019,2,Intersection - Marked Crosswalk,Other,Other Cyclist,SAINT CLOUD,FL,34772,,,,,,,,,,,Non-Incapacitating,Other,Other,,None,,,N,N,N,N
88804155,2019,2,Travel Lane - Other Location,Walking/Cycling Along Roadway With Traffic,Other Cyclist,DUNEDIN,FL,34698,Male,N,,,,,N,,,,Non-Incapacitating,EMS,No Improper Action,,None,,93,N,N,Y,N
88829927,2019,2,Intersection - Marked Crosswalk,Crossing Roadway,Other Cyclist,MIAMI,FL,33130,Male,N,,,,,N,,,,Possible,EMS,Other,,None,,37,N,N,N,N
88832147,2019,2,Intersection - Marked Crosswalk,Walking/Cycling on Sidewalk,Other Cyclist,MIAMI,FL,331323,Male,N,,,,,N,,,,None,Not Transported,No Improper Action,,None,,39,N,N,N,N
88832292,2019,2,Travel Lane - Other Location,Crossing Roadway,Other Cyclist,JUPITER,FL,33458,Male,,,,,,,,,,None,Not Transported,No Improper Action,,None,,27,N,N,N,N
88891069,2019,2,Other,Walking/Cycling Along Roadway With Traffic,Bicyclist,MIAMI,,33177,Male,N,,,,,N,,,,Non-Incapacitating,EMS,No Improper Action,No Improper Action,None,None,52,N,N,N,N
88891069,2019,3,Other,Walking/Cycling Along Roadway With Traffic,Other Cyclist,MIAMI,,UK,Female,N,,,,,N,,,,Non-Incapacitating,EMS,No Improper Action,No Improper Action,None,None,34,N,N,N,N
88895583,2019,2,Other,Walking/Cycling on Sidewalk,Other Cyclist,MIAMI,,33142,Male,N,,,,,N,,,,None,Not Transported,No Improper Action,,None,,13,N,N,N,N
88904876,2019,2,Travel Lane - Other Location,Walking/Cycling Along Roadway With Traffic,Other Cyclist,OPA LOCKA,,33054,Male,,,,,,,,,,Possible,EMS,No Improper Action,,None,,59,N,N,N,N
88910895,2019,2,Sidewalk,Other,Other Cyclist,ORLANDO,,32825,Male,N,,,,,N,,,,None,Not Transported,No Improper Action,,None,,36,N,N,N,N
88911477,2019,2,Travel Lane - Other Location,Walking/Cycling Along Roadway With Traffic,Bicyclist,ORLANDO,,32801,Male,,,,,,,,,,Non-Incapacitating,Not Transported,No Improper Action,,Helmet,,64,N,N,N,N
88911477,2019,3,Travel Lane - Other Location,Walking/Cycling Along Roadway With Traffic,Other Cyclist,ORLANDO,,32801,Female,,,,,,,,,,Non-Incapacitating,Not Transported,No Improper Action,,Helmet,,64,N,N,N,N
88911622,2019,1,Travel Lane - Other Location,Walking/Cycling Along Roadway With Traffic,Other Cyclist,ORLANDO,,32826,Male,,,,,,,,,,Possible,Not Transported,No Improper Action,,Lighting,,23,N,N,N,N
88936341,2019,2,Intersection - Unmarked Crosswalk,Walking/Cycling on Sidewalk,Other Cyclist,FT LAUDERDALE,FL,33311,,N,,,,,N,,,,Non-Incapacitating,EMS,No Improper Action,,None,,,N,N,N,N
88938060,2019,2,Intersection - Marked Crosswalk,Crossing Roadway,Other Cyclist,HOLLYWOOD,FL,33020,,N,,,,,N,,,,Non-Incapacitating,EMS,No Improper Action,,None,,,N,N,N,N
88938857,2019,2,Intersection - Marked Crosswalk,Crossing Roadway,Other Cyclist,LAUDERHILL,FL,33313,,N,,,,,N,,,,Non-Incapacitating,EMS,Failure to Yield Right-of-Way,Dart/Dash,None,,,N,N,N,N
88939689,2019,2,Other,Walking/Cycling Along Roadway With Traffic,Other Cyclist,BURLINGTON,ON,L7L2B6,,N,,,,,N,,,,Possible,Not Transported,No Improper Action,,None,,,N,N,N,N
88941663,2019,2,Intersection - Marked Crosswalk,Crossing Roadway,Other Cyclist,POMPANO BEACH,FL,33064,,N,,,,,N,,,,Possible,EMS,No Improper Action,,None,,,N,N,N,N
88943489,2019,2,Bicycle Lane,Walking/Cycling Along Roadway With Traffic,Other Cyclist,FORT LAUDERDALE,FL,33312,,N,,,,,N,,,,Non-Incapacitating,Not Transported,Other,,None,,,N,N,N,N
88956164,2019,2,Travel Lane - Other Location,Crossing Roadway,Other Cyclist,CAPE CANAVERAL,FL,32920,Male,N,,,,,N,,,,Non-Incapacitating,EMS,"Failure to Obey Traffic Signs, Signals, or Officer",,None,,49,N,N,N,N
88995833,2019,4,Other,Other,Other Cyclist,FORT PIERCE,FL,34954,,N,,,,,N,,,,Non-Incapacitating,EMS,Failure to Yield Right-of-Way,"Failure to Obey Traffic Signs, Signals, or Officer",Helmet,,,N,N,N,N
89013987,2019,2,Sidewalk,Walking/Cycling on Sidewalk,Other Cyclist,NORTH MIAMI BEACH,FL,33162,,N,,,,,N,,,,None,Not Transported,Other,,Helmet,Lighting,,N,N,N,N
89019915,2019,1,Travel Lane - Other Location,Walking/Cycling Along Roadway With Traffic,Other Cyclist,PENSACOLA,FL,32501,Male,N,Test Not Given,,,,N,Test Not Given,,,Incapacitating,EMS,Other,,None,,45,N,N,N,N
89029733,2019,3,Intersection - Other,Waiting to Cross Roadway,Other Cyclist,MARGATE,FL,33063,,N,,,,,N,,,,None,Not Transported,No Improper Action,,Not Applicable,,,N,N,N,N
89029780,2019,2,Intersection - Marked Crosswalk,Crossing Roadway,Other Cyclist,MARGATE,FL,33063,,N,,,,,N,,,,Incapacitating,EMS,No Improper Action,,None,,,N,N,N,N
89059133,2019,1,Sidewalk,Walking/Cycling on Sidewalk,Other Cyclist,WILTON MANORS,FL,33311,,N,,,,,N,,,,Incapacitating,EMS,Unknown,Unknown,None,None,,N,N,N,N
89085479,2019,2,Sidewalk,Walking/Cycling on Sidewalk,Other Cyclist,WEST PALM BEACH,FL,33417,,N,,,,,N,,,,None,EMS,Other,,None,,,N,N,N,N
89125874,2019,2,Travel Lane - Other Location,Crossing Roadway,Other Cyclist,SUN CITY CENTER,FL,33573,Male,N,Test Not Given,,,,N,Test Not Given,,,Non-Incapacitating,EMS,Dart/Dash,Dart/Dash,None,,7,N,N,N,N
89127531,2019,4,Shoulder/Roadside,Walking/Cycling Along Roadway With Traffic,Other Cyclist,RIVERVIEW,FL,33579,Male,N,Test Not Given,,,,N,Test Not Given,,,Non-Incapacitating,Not Transported,Other,,Helmet,,7,N,N,N,N
89138171,2019,2,Driveway Access,Walking/Cycling on Sidewalk,Bicyclist,SANFORD,FL,32771,Male,,,,,,,,,,Possible,Not Transported,No Improper Action,,None,,40,N,N,N,N
89138171,2019,3,Driveway Access,Walking/Cycling on Sidewalk,Other Cyclist,SANFORD,FL,32771,Male,,,,,,,,,,Possible,Not Transported,No Improper Action,,Helmet,,11,N,N,N,N
