REPORT_NUMBER,CRASH_YEAR,VEHICLE_NUMBER,PERSON_NUMBER,CITY,STATE,ZIP_CODE,SEX,HELMET_CODE,RESTRAINT_SYSTEM_CODE,EYE_PROTECTION_CODE,AIR_BAG_DEPLOYMENT_CODE,EJECTED,INJURY_SEVERITY,EMS_TRANSPORT_TYPE,SEAT_POSITION_CODE,ROW_POSITION_CODE,OTHER_POSITION_CODE,S4_AGE_AT_TIME_OF_CRASH,S4_IS_UNRESTRAINED_PASSENGER
87969939,2018,1,3,PORT ST LUCIE,FL,34946,Female,,Shoulder and Lap Belt Used,,Not Deployed,Not Ejected,None,Not Transported,Right,Second,Not Applicable,11,N
87969939,2018,1,4,PORT ST LUCIE,FL,34952,Male,,Child Restraint System - Rear Facing,,Not Deployed,Not Ejected,None,Not Transported,Middle,Second,Not Applicable,0,N
87969939,2018,1,5,PORT ST LUCIE,FL,34952,Female,,Shoulder and Lap Belt Used,,Not Deployed,Not Ejected,None,Not Transported,Left,Second,Not Applicable,4,N
88029975,2018,1,4,ORANGE PARK,FL,32073,Male,,Shoulder and Lap Belt Used,,Not Deployed,Not Ejected,None,Not Transported,Right,Front,,6,N
89127531,2019,1,3,RIVERVIEW,FL,33579,Female,,Shoulder and Lap Belt Used,,Not Deployed,Not Ejected,None,Not Transported,Right,Second,Not Applicable,17,N
88627703,2018,1,3,JACKSONVILLE,FL,32210,Female,,Shoulder and Lap Belt Used,,Not Deployed,Not Ejected,None,Not Transported,Right,Front,Not Applicable,57,N
88627703,2018,1,4,JACKSONVILLE,FL,32210,Female,,Shoulder and Lap Belt Used,,Not Deployed,Not Ejected,None,Not Transported,Right,Second,Not Applicable,9,N
88061802,2019,1,3,DAVENPORT,FL,33837,Female,,Shoulder and Lap Belt Used,,Not Deployed,Not Ejected,None,Not Transported,Right,Front,,20,N
88212927,2019,1,2,HOLIDAY,FL,34691,Male,,Shoulder and Lap Belt Used,,Not Deployed,Not Ejected,None,Not Transported,Right,Front,,55,N
88634071,2019,1,2,JACKSONVILLE,FL,32207,Male,,Other,,Not Applicable,Not Applicable,None,Not Transported,,Other Row,,15,N
88634071,2019,1,3,JACKSONVILLE,FL,33257,Male,,Other,,Not Applicable,Not Ejected,None,Not Transported,Unknown,Unknown,,13,N
88634071,2019,1,4,JACKSONVILLE,FL,32257,Female,,Other,,Not Applicable,Not Ejected,None,Not Transported,Other,Other Row,,14,N
88634071,2019,1,5,JACKSONVILLE,FL,32257,Male,,Other,,Not Applicable,Not Ejected,None,Not Transported,Other,Other Row,,12,N
88634071,2019,1,6,JACKSONVILLE,FL,32257,Male,,Other,,Not Applicable,Not Ejected,None,Not Transported,Other,Other Row,Not Applicable,12,N
88664457,2019,1,2,TAMARAC,FL,33121,Male,No Helmet,Shoulder and Lap Belt Used,,Not Deployed,Not Ejected,None,,Right,Front,,36,N
88695353,2019,1,2,ORMOND BEACH,FL,32176,Male,,Shoulder and Lap Belt Used,,Not Deployed,Not Ejected,None,Not Transported,Right,Front,Not Applicable,86,N
88793257,2019,1,3,WATERFORD,NY,12128,Female,No Helmet,Shoulder and Lap Belt Used,,Not Deployed,Not Ejected,None,Not Transported,Right,Front,Not Applicable,72,N
88793257,2019,1,4,HUDSON,NY,12534,Female,No Helmet,Shoulder and Lap Belt Used,,Not Deployed,Not Ejected,None,Not Transported,Right,Second,Not Applicable,70,N
88938857,2019,1,3,FORT LAUDERDALE,FL,33305,Female,,Shoulder and Lap Belt Used,,Not Deployed,Not Ejected,None,Not Transported,Left,Second,Not Applicable,56,N
88938857,2019,1,4,FORT LAUDERDALE,FL,33305,Male,,Shoulder and Lap Belt Used,,Not Deployed,Not Ejected,None,Not Transported,Right,Second,Not Applicable,70,N
88995833,2019,1,2,FORT PIERCE,FL,34951,Female,,Shoulder and Lap Belt Used,,Not Deployed,Not Ejected,Non-Incapacitating,EMS,Right,Front,Not Applicable,76,N
88995833,2019,1,3,FORT PIERCE,FL,34947,Male,,Shoulder and Lap Belt Used,,Not Deployed,Not Ejected,None,EMS,Right,Second,Not Applicable,10,N
89127531,2019,1,2,RIVERVIEW,FL,33579,Male,,Shoulder and Lap Belt Used,,Not Deployed,Not Ejected,None,Not Transported,Left,Second,Not Applicable,13,N
