REPORT_NUMBER,CRASH_YEAR,VEHICLE_NUMBER,OWNER_CITY,OWNER_STATE,OWNER_ZIP_CODE,COMMERCIAL_VEHICLE_FLAG,MOTION_CODE,STATE_OF_REGISTRATION,PERMANENT_REGISTRATION_FLAG,HIT_AND_RUN_FLAG,VEHICLE_YEAR,VEHICLE_MAKE,VEHICLE_MODEL,VEHICLE_STYLE,VEHICLE_COLOR,DISABLING_FUNCTIONAL_DAMAGE,ESTIMATED_VEHICLE_DAMAGE,TOW_DAMAGE_CODE,HOW_TOW_REQUESTED,BUSINESS_OWNED_FLAG,VEHICLE_TRAVELING,ROAD_ON,ESTIMATED_MPH,POSTED_SPEED,TOTAL_NUMBER_OF_LANES,HAZARDOUS_MATERIAL_RELEASED,HAZMAT_PLACARD,HAZARDOUS_PLACARD_NUMBER,HAZMAT_CLASS,POINT_OF_IMPACT,MOST_DAMAGED_AREA_CODE,TYPE_OF_VEHICLE,TRAFFICWAY_CODE,COMMERCIAL_VEHICLE_CONFIGURATION_CODE,COMMERCIAL_USE_CODE,CARRIER_CARGO_BODY_TYPE,COMMERCIAL_VEHICLE_WEIGHT_CODE,MOST_HARMFUL_EVENT_CODE,HARMFUL_EVENT_1,HARMFUL_EVENT_2,HARMFUL_EVENT_3,HARMFUL_EVENT_4,EMERGENCY_VEHICLE_USE_CODE,ROADWAY_GRADE_CODE,ROADWAY_ALIGNMENT_CODE,VEHICLE_MANEUVER_ACTION,TRAFFIC_CONTROL_DEVICE,VEHICLE_SPECIAL_FUNCTION,VEHICLE_DEFECT1,VEHICLE_DEFECT2,S4_IS_COMMERCIAL_MOTOR_VEHICLE
87950557,2018,1,SUNRISE,FL,33325,,Vehicle in Transport,FL,,,2015,CHEV,,4D,RED,Functional,1000,,,,North,NW 24TH AVE,25,30,2,,,,,Right Front Fender,Right Front Fender,Passenger Car,"Two-Way, Not Divided",,,,,,Other Non-Fixed Object,,,,,Level,Straight,Turning Left,No Controls,No Special Function,None,,
87953299,2018,1,OCALA,FL,34474,,Vehicle in Transport,FL,,,2008,HYUN,,UT,SIL,Functional,100,,Driver,,North,SW 20TH ST,5,30,2,,,,,Front Center Bumper,Front Center Bumper,(Sport) Utility Vehicle,"Two-Way, Not Divided, with a Continuous Left Turn Lane",,,,,Motor Vehicle in Transport,Motor Vehicle in Transport,,,,,Level,Straight,Turning Left,Traffic Control Signal,No Special Function,None,,
87969939,2018,1,PORT SAINT LUCIE,FL,34952,,Vehicle in Transport,FL,,,2017,NISS,,4D,BLK,Minor,1000,,,,South,PINE LAKES BOULEVARD,2,,2,,,,,Front Right Bumper,Front Center Bumper,Passenger Car,"Two-Way, Not Divided",,,,,Pedalcycle,Pedalcycle,,,,,Level,Straight,Turning Right,Stop Sign,No Special Function,None,,
89144880,2019,1,TALLAHASSEE,FL,32304,,Vehicle in Transport,FL,,,2006,MERZ,,4D,GLD,Minor,300,,Driver,,Off-Road,WADSWORTH ST,10,10,1,,,,,Left Front Fender,Hood,Passenger Car,"Two-Way, Not Divided",,,,,Motor Vehicle in Transport,Motor Vehicle in Transport,,,,,Level,Straight,Straight Ahead,No Controls,No Special Function,None,,
87971007,2018,1,PORT ST LUCIE,FL,34952,N,Vehicle in Transport,FL,N,N,2012,KIA,,4D,WHI,Minor,200,N,,N,South,US HIGHWAY 1,30,45,6,,,,,Left Front Fender,Left Front Door,Passenger Car,"Two-Way, Divided, Positive Median Barrier",,,,,Motor Vehicle in Transport,Motor Vehicle in Transport,,,,N,Level,Straight,Turning Left,Traffic Control Signal,No Special Function,None,,
87977416,2018,1,FORT MYERS,FL,33907,N,Vehicle in Transport,FL,,N,2007,FORD,,2D,SIL,Minor,100,N,Driver,N,East,PARK MEADOWS DR,0,35,2,,,,,Front Center Bumper,Front Center Bumper,Passenger Car,"Two-Way, Not Divided",,,,,Pedestrian,Pedestrian,,,,N,Level,Straight,Stopped in Traffic,Stop Sign,No Special Function,None,,
87979488,2018,1,SANIBEL,FL,33957,,Vehicle in Transport,FL,,,2000,JEEP,,UT,GRN,Functional,1000,,Driver,,South,ESTERO BLVD,15,35,2,,,,,Front Center Bumper,Front Center Bumper,(Sport) Utility Vehicle,"Two-Way, Divided, Unprotected (painted >4 feet) Median",,,,,Motor Vehicle in Transport,Motor Vehicle in Transport,,,,,Level,Straight,Straight Ahead,No Controls,No Special Function,None,,
88029975,2018,1,ORANGE PARK,FL,32073-0000,N,Vehicle in Transport,FL,N,N,1997,TOYT,,4D,GRN,Minor,10,N,,N,West,WB CR224,2,35,7,,,,,Front Left Bumper,Front Left Bumper,Passenger Car,"Two-Way, Not Divided",,,,,Pedalcycle,Pedalcycle,,,,N,Level,Straight,Straight Ahead,No Controls,No Special Function,None,,
88044259,2018,1,WINDERMERE,FL,34786-6819,,Vehicle in Transport,FL,,,2011,FORD,,4D,BLK,Minor,100,,,,North,OASIS COVE BOULEVARD,25,25,2,,,,,Front Left Bumper,Front Left Bumper,Passenger Car,"Two-Way, Not Divided",,,,,Motor Vehicle in Transport,Motor Vehicle in Transport,,,,,Level,Straight,Straight Ahead,No Controls,No Special Function,None,,
88048383,2018,1,,,,N,Vehicle in Transport,,N,Y,,UNK,,,BLK,Unknown,0,N,,N,West,82ND AVE N,10,30,2,,,,,Front Center Bumper,Front Center Bumper,(Sport) Utility Vehicle,"Two-Way, Not Divided",,,,,Pedestrian,Pedestrian,,,,N,Level,Straight,Straight Ahead,Stop Sign,No Special Function,None,,
88627703,2018,1,JACKSONVILLE,FL,32210-3863,N,Vehicle in Transport,FL,N,N,2007,HYUN,,4D,BLK,Functional,1200,N,Owner Request,N,North,SR 103/LANE AVE,40,40,4,,,,,Front Right Bumper,Windshield,Passenger Car,"Two-Way, Not Divided, with a Continuous Left Turn Lane",,,,,Pedalcycle,Pedalcycle,,,,N,Level,Straight,Straight Ahead,No Controls,No Special Function,None,,
88656910,2018,1,MIAMI,FL,33196,N,Vehicle in Transport,FL,,N,2018,TOYT,,4D,WHI,Minor,250,N,Driver,N,East,CHAPMAN FIELD DR,10,30,2,,,,,Front Center Bumper,Front Center Bumper,(Sport) Utility Vehicle,"Two-Way, Not Divided",,,,,Pedalcycle,Pedalcycle,,,,N,Level,Straight,Straight Ahead,Stop Sign,No Special Function,None,,
88730832,2018,1,PALM SPRINGS,FL,33406,,Vehicle in Transport,FL,,,2005,NISS,,PK,BLK,Minor,2000,,Driver,,East,4TH AVE N,15,25,2,,,,,Right Rear Fender,Right Rear Fender,Pickup,,,,,,Motor Vehicle in Transport,Motor Vehicle in Transport,,,,,Level,Straight,Straight Ahead,Stop Sign,No Special Function,None,,
88738912,2018,1,LAKE PARK,FL,33403,,Vehicle in Transport,FL,,,2011,TOYT,,4D,GRY,Minor,300,,Driver,,West,NORTH FOUR SEASONS ROAD,10,15,2,,,,,Front Center Bumper,Front Center Bumper,Passenger Car,"Two-Way, Divided, Positive Median Barrier",,,,,Motor Vehicle in Transport,Motor Vehicle in Transport,,,,,Level,Straight,Turning Right,Other,No Special Function,None,,
88738912,2018,2,PALM BEACH GARDENS,FL,33410,,Vehicle in Transport,UK,,,,SCHIN,,UK,BLK,Functional,100,,Driver,,South,NORTH MILITARY TRAIL,5,45,6,,,,,Left Front Fender,,Low Speed Vehicle,"Two-Way, Divided, Positive Median Barrier",,,,,Motor Vehicle in Transport,Motor Vehicle in Transport,,,,,Level,Straight,Straight Ahead,No Controls,No Special Function,None,,
88750819,2018,1,LAKELAND,FL,33803,,Vehicle in Transport,FL,,N,2014,CHEV,,PK,WHI,Minor,1000,N,Driver,N,East,MAGNOLIA PRESERVE AVE,,,2,,,,,Right Front Door,Right Front Door,Pickup,"Two-Way, Not Divided",,,,,Other Non-Fixed Object,Other Non-Fixed Object,,,,N,Level,Straight,Straight Ahead,No Controls,No Special Function,None,,
88756476,2018,1,CLEARWATER,FL,33765,,Vehicle in Transport,FL,,,2003,LEXS,,4D,GLD,Functional,2000,,Driver,,East,NURSERY RD,10,40,4,,,,,Front Right Bumper,Front Right Bumper,Passenger Car,"Two-Way, Not Divided",,,,,Motor Vehicle in Transport,Motor Vehicle in Transport,,,,,Level,Straight,Turning Left,Traffic Control Signal,No Special Function,None,,
88934199,2018,1,MIAMI,FL,33147,N,Vehicle in Transport,FL,N,N,2006,TOYT,,,WHI,None,1,N,Other,N,West,W BROWARD BLVD,5,40,3,,,,,Right Front Fender,Right Front Fender,Passenger Car,"Two-Way, Divided, Unprotected (painted >4 feet) Median",,,,,Motor Vehicle in Transport,Motor Vehicle in Transport,,,,N,Level,Straight,Straight Ahead,No Controls,No Special Function,None,,
82385305,2019,1,,,,N,Vehicle in Transport,,N,Y,,Unk,,Unk,SIL,Unknown,100,N,,N,West,A1A SOUTH AT 207,10,45,2,,,,,Front Right Bumper,Front Right Bumper,Passenger Car,"Two-Way, Divided, Positive Median Barrier",,,,,Pedalcycle,Pedalcycle,,,,N,Level,Straight,Turning Right,No Controls,No Special Function,Unknown,,
82389797,2019,1,JACKSONVILLE,FL,32256-1501,N,Vehicle in Transport,FL,N,N,2002,HOND,,2D,GLD,Minor,1000,N,,N,South,S HOLMES BLVD,35,35,2,,,,,Front Center Bumper,Windshield,Passenger Car,"Two-Way, Not Divided",,,,,Pedestrian,Pedestrian,,,,N,Level,Straight,Straight Ahead,No Controls,No Special Function,None,,
82716691,2019,1,HIALEAH,FL,33015-3015,N,Vehicle in Transport,FL,N,N,2006,EZ GO,,UT,WHI,Minor,200,N,,N,West,VENETIAN BLVD,10,25,2,,,,,Front Center Bumper,Undercarriage,Low Speed Vehicle,"Two-Way, Divided, Positive Median Barrier",,,,,Pedalcycle,Pedalcycle,,,,N,Level,Straight,Straight Ahead,No Controls,No Special Function,None,,
82923298,2019,1,JACKSONVILLE,FL,32225,N,Vehicle in Transport,FL,N,N,2009,NISS,,4D,SIL,Minor,500,N,,N,West,PARKING LOT,5,5,0,,,,,Front Left Bumper,Front Left Bumper,(Sport) Utility Vehicle,"Two-Way, Not Divided",,,,,Motor Vehicle in Transport,Motor Vehicle in Transport,,,,N,Level,Straight,Backing,No Controls,No Special Function,None,,
82923298,2019,2,JACKSONVILLE,FL,32250,N,Parked Motor Vehicle,FL,N,N,2011,BMW,,4D,GRN,Disabling,200,N,,N,West,PARKING LOT,5,5,5,,,,,Right Rear Fender,Right Rear Fender,Passenger Car,"Two-Way, Not Divided",,,,,Motor Vehicle in Transport,Motor Vehicle in Transport,,,,N,Level,Straight,Straight Ahead,No Controls,No Special Function,None,,
83638840,2019,1,JUNO BEACH,FL,33408,N,Vehicle in Transport,FL,N,N,2004,TOYT,,,BLK,Minor,1,N,,N,Unknown,US1 SIDEWALK DRIVEWAY,0,,0,,,,,Front Center Bumper,Front Center Bumper,Pickup,"Two-Way, Not Divided",,,,,Pedalcycle,Motor Vehicle in Transport,Pedalcycle,,,N,Level,Straight,Other,Stop Sign,No Special Function,None,,
86085153,2019,1,,,,N,Vehicle in Transport,,N,Y,,SCION,,,MAR,Unknown,0,N,,N,East,A.D. MIMS RD,35,35,2,,,,,,,,"Two-Way, Divided, Unprotected (painted >4 feet) Median",,,,,Pedalcycle,Pedalcycle,,,,N,Level,Straight,Straight Ahead,No Controls,No Special Function,None,,
86914170,2019,1,BRANDON,FL,33510-0000,N,Vehicle in Transport,FL,N,N,2017,TOYT,,UT,WHI,Minor,100,N,,N,South,IVYWOOD DR,5,25,2,,,,,Front Center Bumper,Front Center Bumper,(Sport) Utility Vehicle,"Two-Way, Not Divided",,,,,Pedalcycle,Pedalcycle,,,,N,Level,Straight,Turning Left,Stop Sign,No Special Function,None,,
87337894,2019,1,BOYNTON BEACH,FL,33435,N,Vehicle in Transport,FL,,N,2018,TOYT,,4D,BLK,Functional,3000,N,Driver,N,North,RENAISSANCE COMMONS BLVD S,10,30,2,,,,,Front Center Bumper,Windshield,Passenger Car,One-Way Trafficway,,,,,Motor Vehicle in Transport,Motor Vehicle in Transport,,,,N,Level,Straight,Straight Ahead,Stop Sign,No Special Function,None,,
87469273,2019,1,ORLANDO,FL,32818,N,Vehicle in Transport,,,N,1999,CHEVY,,PK,MAR,None,0,N,Driver,N,North,LOU ANN DR.,5,25,2,,,,,Right Front Fender,Right Front Fender,Pickup,"Two-Way, Not Divided",,,,,Motor Vehicle in Transport,Motor Vehicle in Transport,Pedestrian,,,N,Level,Straight,Turning Left,No Controls,No Special Function,None,,
87552116,2019,1,RIVERVIEW,FL,33578,N,Vehicle in Transport,FL,,N,2018,NISS,TITAN,4T,WHI,Functional,1500,N,Driver,N,East,PONCE DE LEON BLVD,10,30,2,,,,,Right Front Door,Right Front Door,"Other Light Trucks (10,000 lbs (4,536 kg) or less)","Two-Way, Not Divided",,,,Not Applicable,Pedalcycle,Pedalcycle,Motor Vehicle in Transport,,,N,Level,Straight,Straight Ahead,Stop Sign,No Special Function,None,,N
87592693,2019,1,JACKSONVILLE,FL,32210,N,Vehicle in Transport,VA,N,N,2004,HOND,,4D,WHI,Minor,300,N,Driver,N,North,800 WILLOW BRANCH AVE.,25,30,2,,,,,Front Center Bumper,Front Center Bumper,Passenger Car,"Two-Way, Not Divided",,,,,Parked Motor Vehicle,Parked Motor Vehicle,,,,N,Level,Straight,Straight Ahead,No Controls,No Special Function,Other,,
87592693,2019,2,ORANGE PARK,FL,32065,N,Vehicle in Transport,FL,N,N,2004,KW,Box Truck,2D,WHI,Minor,200,N,Driver,N,Off-Road,800 WILLOW BRANCH AVE.,,30,2,,,,,Rear Center Bumper,Rear Center Bumper,"Medium/Heavy Trucks (more than 10,000 lbs (4,536 kg))","Two-Way, Not Divided",,,,,Motor Vehicle in Transport,Motor Vehicle in Transport,,,,N,Level,Straight,Parked,No Controls,No Special Function,None,,Y
87716157,2019,1,DADE CITY,FL,33525-0000,N,Vehicle in Transport,FL,N,N,2017,NISS,,4D,SIL,Functional,2000,Y,Owner Request,N,East,TEMPLE TERRACE HW,40,45,2,,,,,Windshield,Windshield,Passenger Car,"Two-Way, Divided, Unprotected (painted >4 feet) Median",,,,,Other Non-Fixed Object,Other Non-Fixed Object,,,,N,Level,Straight,Straight Ahead,No Controls,No Special Function,"Lights (head, signal, tail)",,
87739729,2019,1,PORT ORANGE,FL,32128,,Vehicle in Transport,FL,,N,,UK,,,,Functional,300,N,Driver,N,South,MERRYVALE LN,10,25,2,,,,,Front Center Bumper,Front Center Bumper,Other,"Two-Way, Not Divided",,,,,Fence,Fence,,,,N,Level,Straight,Straight Ahead,No Controls,No Special Function,Other,Other,
87758517,2019,2,FORT WORTH,TX,76161,,Vehicle in Transport,TX,,,2017,RAM,,PK,RED,Functional,1000,,Owner Request,,North,73RD ST,15,25,2,,,,,Right Front Fender,Right Front Fender,Pickup,"Two-Way, Not Divided",,,,,Motor Vehicle in Transport,Motor Vehicle in Transport,,,,,Level,Straight,Straight Ahead,No Controls,No Special Function,None,,
87760900,2019,1,MIAMI,FL,33131,,Vehicle in Transport,FL,,N,2018,AUDI,,UT,WHI,Minor,500,N,Driver,N,North,MERIDIAN AVE,10,20,2,,,,,Front Left Bumper,Left Front Fender,(Sport) Utility Vehicle,"Two-Way, Not Divided",,,,,Motor Vehicle in Transport,Motor Vehicle in Transport,,,,N,Level,Straight,Turning Left,Stop Sign,No Special Function,None,,
87880804,2019,1,FORT MYERS,FL,33916,N,Vehicle in Transport,FL,,Y,2007,TOYT,,UT,SIL,Minor,200,N,Driver,N,South,METRO PKWY,5,5,2,,,,,Front Right Bumper,Front Right Bumper,Unknown,"Two-Way, Not Divided",,,,,Motor Vehicle in Transport,Motor Vehicle in Transport,,,,N,Level,Straight,Unknown,No Controls,Unknown,Unknown,Unknown,
87882397,2019,1,FORT MYERS,FL,33916,N,Vehicle in Transport,FL,,N,2010,NISS,,4D,GRY,Minor,1500,N,Driver,N,North,ORITZ AVE,2,25,2,,,,,Front Left Bumper,Front Left Bumper,Passenger Car,"Two-Way, Not Divided",,,,,Motor Vehicle in Transport,Motor Vehicle in Transport,,,,N,Level,Straight,Turning Left,No Controls,No Special Function,None,,
87891145,2019,1,SEBRING,FL,33876-0000,N,Vehicle in Transport,FL,N,N,2002,LINC,,4D,WHI,Minor,50,N,,N,West,DESOTO ROAD,25,45,2,,,,,Right Front Door,Right Front Door,Passenger Car,"Two-Way, Not Divided",,,,,Pedestrian,Pedestrian,,,,N,Uphill,Straight,Straight Ahead,No Controls,No Special Function,None,,
87911974,2019,1,LAUDERHILL,FL,33313,N,Vehicle in Transport,FL,N,N,2006,BMW,,4D,SIL,Minor,100,N,Driver,N,West,W SUNRISE BLVD,35,40,6,,,,,Front Left Bumper,Front Left Bumper,Passenger Car,"Two-Way, Divided, Positive Median Barrier",,,,,,Pedalcycle,,,,N,Level,Straight,Straight Ahead,No Controls,No Special Function,None,,
87912785,2019,1,MIAMI,FL,33155,N,Vehicle in Transport,FL,N,N,2014,VOLK,,4D,GRY,Minor,500,N,,N,South,SW 56TH ST,,5,2,,,,,Right Front Door,Right Front Door,Passenger Car,"Two-Way, Not Divided",,,,,Motor Vehicle in Transport,Motor Vehicle in Transport,,,,N,Level,Straight,Stopped in Traffic,Stop Sign,No Special Function,None,,
87916368,2019,1,MARGATE,FL,33063,N,Vehicle in Transport,FL,N,N,2012,DODG,,UT,GRY,Minor,300,N,Driver,N,West,UNIVERSITY DRIVE,2,40,6,,,,,Right Front Door,Right Front Door,(Sport) Utility Vehicle,"Two-Way, Not Divided",,,,,Pedalcycle,Pedalcycle,,,,N,Level,Straight,Turning Right,Stop Sign,No Special Function,None,,
87984389,2019,1,BONITA SPRINGS,FL,34135,N,Vehicle in Transport,FL,,N,2007,TOYT,,UT,GLD,Minor,3000,N,Driver,N,West,BONITA BEACH RD SE,10,45,4,,,,,Left Front Fender,Right Front Fender,(Sport) Utility Vehicle,"Two-Way, Divided, Positive Median Barrier",,,,,Motor Vehicle in Transport,Motor Vehicle in Transport,,,,N,Level,Straight,Turning Right,No Controls,No Special Function,None,,
87988255,2019,1,LAUDERDALE LAKES,FL,33319,,Vehicle in Transport,FL,,,2004,FORD,,SPUV,BLK,Minor,300,,,,East,NW 25TH ST,10,30,2,,,,,Right Front Fender,Right Front Fender,(Sport) Utility Vehicle,"Two-Way, Divided, Positive Median Barrier",,,,,Pedalcycle,Pedalcycle,,,,,Level,Straight,Straight Ahead,Traffic Control Signal,No Special Function,None,,
88061802,2019,1,CELEBRATION,FL,34747-0000,N,Vehicle in Transport,FL,N,N,2018,JEEP,,JP,WHI,Functional,1000,N,,N,East,CELEBRATION PLACE,20,40,4,,,,,Front Center Bumper,Front Center Bumper,Passenger Car,"Two-Way, Divided, Positive Median Barrier",,,,,Pedestrian,Pedestrian,,,,N,Level,Straight,Straight Ahead,No Controls,No Special Function,None,,
88093272,2019,1,ORLANDO,FL,32832-0000,N,Vehicle in Transport,FL,N,N,2018,HOND,,UT,GRY,Functional,2000,N,,N,East,EAGLE CREEK CENTER BOULEVARD,25,25,2,,,,,Left Front Fender,Left Front Fender,(Sport) Utility Vehicle,"Two-Way, Divided, Positive Median Barrier",,,,,Motor Vehicle in Transport,Motor Vehicle in Transport,,,,N,Level,Straight,Straight Ahead,No Controls,No Special Function,None,,
88097167,2019,1,PENSACOLA,FL,32503-2455,N,Vehicle in Transport,FL,N,N,2018,CHRY,,4D,GRY,Functional,600,N,,N,North,N T ST,25,25,2,,,,,Right Front Door,Right Front Door,Passenger Car,"Two-Way, Not Divided",,,,,Motor Vehicle in Transport,Motor Vehicle in Transport,,,,N,Level,Straight,Overtaking/Passing,No Controls,No Special Function,None,,
88109604,2019,1,ORLANDO,FL,32828-7235,N,Vehicle in Transport,FL,N,N,2018,TOYOT,,4D,WHI,Minor,200,N,,N,North,PEL STREET,5,15,2,,,,,Front Left Bumper,Front Left Bumper,Passenger Car,"Two-Way, Not Divided",,,,,Pedalcycle,Pedalcycle,,,,N,Level,Straight,Turning Right,Stop Sign,No Special Function,None,,
88116302,2019,1,WINTER GARDEN,FL,34787-5323,N,Vehicle in Transport,FL,N,N,2016,FORD,,UT,GRY,Minor,100,N,,N,West,DRIGGS DRIVE,15,25,2,,,,,Right Rear Door,Right Rear Fender,(Sport) Utility Vehicle,"Two-Way, Divided, Positive Median Barrier",,,,,Pedestrian,Pedestrian,,,,N,Level,Straight,Turning Right,Stop Sign,No Special Function,None,,
88116995,2019,1,WINTER HAVEN,FL,33884-0000,N,Vehicle in Transport,FL,N,N,2019,HOND,,UT,BLU,None,0,N,,N,South,COLONIAL DR,15,50,6,,,,,Front Center Bumper,Front Center Bumper,(Sport) Utility Vehicle,"Two-Way, Divided, Positive Median Barrier",,,,,Motor Vehicle in Transport,Motor Vehicle in Transport,,,,N,Level,Straight,Straight Ahead,No Controls,No Special Function,None,,
88125167,2019,1,PENSACOLA,FL,32506-5360,N,Vehicle in Transport,FL,N,N,2018,MAZD,,4D,SIL,Minor,200,N,,N,West,PRIETO DR,5,25,2,,,,,Right Rear Fender,Right Rear Fender,Passenger Car,"Two-Way, Not Divided",,,,,Pedalcycle,Pedalcycle,,,,N,Level,Straight,Straight Ahead,No Controls,No Special Function,None,,
88137520,2019,1,SEMINOLE,FL,33777-4438,N,Vehicle in Transport,FL,N,N,2015,HOND,,00,GRY,None,0,N,,Y,North,83RD STREET NORTH,5,15,2,,,,,Front Right Bumper,,Passenger Car,"Two-Way, Not Divided",,,,,Pedalcycle,Pedalcycle,,,,N,Level,Straight,Turning Right,Traffic Control Signal,No Special Function,None,,
88150455,2019,1,BUSHKILL,PA,18324,N,Vehicle in Transport,PA,N,N,2012,FORD,,4D,RED,Functional,500,N,,N,East,DENTON AVE,25,45,2,,,,,Right Front Fender,Right Front Fender,Passenger Car,"Two-Way, Not Divided",,,,,Pedalcycle,Pedalcycle,,,,N,Level,Straight,Straight Ahead,No Controls,No Special Function,None,,
88180432,2019,1,TULSA,OK,74134-1424,N,Vehicle in Transport,FL,N,N,2019,NISS,,UT,WHI,Minor,1500,N,,Y,West,SINCLAIR HILLS RD,5,30,2,,,,,Front Right Bumper,Front Right Bumper,(Sport) Utility Vehicle,"Two-Way, Not Divided",,,,,Pedalcycle,Pedalcycle,,,,N,Level,Straight,Turning Right,Traffic Control Signal,No Special Function,None,,
88212588,2019,1,,,,N,Vehicle in Transport,,N,Y,,,,TK,WHI,,0,N,,N,Unknown,ANTHONY DRIVE,,15,2,,,,,Rear Left Bumper,Rear Left Bumper,Pickup,"Two-Way, Not Divided",,,,,,,,,,N,Level,Straight,,No Controls,No Special Function,,,
88212927,2019,1,HOLIDAY,FL,34691-0000,N,Vehicle in Transport,FL,N,N,2018,TOYT,,UT,WHI,Functional,5000,N,,N,East,KEY VISTA BOULEVARD,10,30,2,,,,,Right Rear Fender,Right Rear Fender,(Sport) Utility Vehicle,"Two-Way, Divided, Positive Median Barrier",,,,,Pedalcycle,Pedalcycle,,,,N,Level,Straight,Turning Right,Stop Sign,No Special Function,None,,
88216388,2019,1,PORT RICHEY,FL,34668,N,Vehicle in Transport,FL,N,N,2009,TOYT,,UT,GLD,Minor,50,N,,N,East,STATE ROAD 52,3,45,6,,,,,Front Left Bumper,Front Left Bumper,(Sport) Utility Vehicle,"Two-Way, Divided, Positive Median Barrier",,,,,Pedalcycle,Pedalcycle,,,,N,Level,Straight,Turning Right,No Controls,No Special Function,None,,
88221050,2019,1,,,,N,Vehicle in Transport,,N,Y,,FORD,,,RED,Unknown,0,N,,N,North,JORDAN RD,35,35,2,,,,,Front Right Bumper,Front Right Bumper,Passenger Car,"Two-Way, Divided, Unprotected (painted >4 feet) Median",,,,,Pedestrian,Pedestrian,,,,N,Level,Straight,Straight Ahead,No Controls,No Special Function,None,,
88237304,2019,1,SPRING HILL,FL,34609-2117,N,Vehicle in Transport,FL,N,N,1997,HOND,,4D,SIL,Functional,1000,N,,N,South,MARINER BOULEVARD,45,45,4,,,,,Front Right Bumper,Front Right Bumper,Passenger Car,"Two-Way, Not Divided, with a Continuous Left Turn Lane",,,,,Pedestrian,Pedestrian,,,,N,Level,Straight,Straight Ahead,No Controls,No Special Function,None,,
88249022,2019,1,MERRIT ISLAND,FL,32952-0000,N,Vehicle in Transport,FL,N,N,2012,NISS,,4D,WHI,Functional,400,N,,N,South,STATE ROAD-520 (MERRITT ISLAND CSWY),8,45,4,,,,,Front Center Bumper,Windshield,Passenger Car,"Two-Way, Divided, Positive Median Barrier",,,,,Pedestrian,Pedestrian,,,,N,Level,Straight,Turning Left,No Controls,No Special Function,None,,
88250981,2019,1,HOMOSASSA,FL,34446-2324,N,Vehicle in Transport,FL,N,N,2006,BUIC,,4D,TAN,Functional,1800,N,,N,East,W CARDINAL ST,40,40,2,,,,,Front Center Bumper,Front Center Bumper,Passenger Car,"Two-Way, Not Divided",,,,,Pedalcycle,Pedalcycle,,,,N,Level,Straight,Straight Ahead,No Controls,No Special Function,None,,
88264809,2019,1,CITRA,FL,32113-2670,N,Vehicle in Transport,FL,N,N,2003,CADI,,4D,GRY,Functional,500,N,Other,N,West,NE 175TH STREET,45,45,2,,,,,Front Center Bumper,Windshield,Passenger Car,"Two-Way, Not Divided",,,,,Pedalcycle,Pedalcycle,,,,N,Level,Straight,Straight Ahead,No Controls,No Special Function,None,,
88592941,2019,1,TALLAHASSEE,FL,32309,N,Parked Motor Vehicle,FL,,N,2010,FORD,,PK,BLK,Minor,1000,N,Driver,N,,JEFFERSON ST,0,25,2,,,,,Left Rear Door,Left Rear Door,Pickup,"Two-Way, Not Divided",,,,,Parked Motor Vehicle,Parked Motor Vehicle,,,,N,Level,Straight,Parked,No Controls,No Special Function,None,,
88601886,2019,1,LARGO,FL,33770,N,Parked Motor Vehicle,FL,,N,2015,NISS,,UT,SIL,Minor,500,N,Owner Request,N,West,ALLEY NORTH OF 722 2ND ST N,0,10,2,,,,,Front Right Bumper,Front Right Bumper,(Sport) Utility Vehicle,"Two-Way, Not Divided",,,,,Parked Motor Vehicle,Parked Motor Vehicle,,,,N,Level,Straight,Straight Ahead,No Controls,No Special Function,None,,
88634071,2019,1,NEENAH,WI,54956-9614,N,Vehicle in Transport,FL,N,N,2010,THMS,CONVENTIONAL,BU,YEL,Minor,500,N,Driver,N,North,OXFORD FOREST DR,10,35,2,,,,,Front Center Bumper,Front Center Bumper,Bus,"Two-Way, Divided, Positive Median Barrier",,,,,Pedestrian,Pedestrian,,,,N,Level,Straight,Turning Left,No Controls,No Special Function,None,,Y
88641108,2019,1,MIAMI,FL,33176,N,Parked Motor Vehicle,FL,N,N,2007,KIA,,4D,BLU,Disabling,1000,Y,Rotation,N,West,SR972 (MIRACLE),0,30,4,,,,,Left Front Door,Left Front Door,Passenger Car,"Two-Way, Divided, Positive Median Barrier",,,,,Motor Vehicle in Transport,Motor Vehicle in Transport,,,,N,Level,Straight,Parked,No Controls,No Special Function,None,,
88641108,2019,2,MIAMI,FL,33157,N,Vehicle in Transport,FL,N,N,1998,TOYT,,4D,BLK,Disabling,3000,Y,Rotation,N,West,SR972 (MIRACLE MILE),25,30,4,,,,,Front Right Bumper,Front Right Bumper,Passenger Car,"Two-Way, Divided, Positive Median Barrier",,,,,Parked Motor Vehicle,Parked Motor Vehicle,,,,N,Level,Straight,Straight Ahead,No Controls,No Special Function,None,,
88642455,2019,1,MIAMI,FL,33144,N,Vehicle in Transport,FL,N,N,2012,FIAT,,2D,BLU,Functional,200,N,,N,West,MERRCK WAY,10,30,2,,,,,Hood,Hood,Passenger Car,"Two-Way, Divided, Unprotected (painted >4 feet) Median",,,,,Pedalcycle,Motor Vehicle in Transport,Pedalcycle,,,N,Level,Straight,Straight Ahead,No Controls,No Special Function,None,,
88653119,2019,1,NAPLES,FL,34112,N,Vehicle in Transport,FL,,N,2004,FORD,,4D,BLK,None,0,N,Driver,N,North,WILD PINES LN,10,25,2,,,,,Front Center Bumper,Front Center Bumper,Passenger Car,"Two-Way, Not Divided",,,,,Other Non-Fixed Object,Other Non-Fixed Object,,,,N,Level,Straight,Straight Ahead,No Controls,No Special Function,None,,
88664457,2019,1,TAMARAC,FL,33321,N,Vehicle in Transport,FL,N,N,2016,FORD,,4D,Silver,Minor,300,N,Driver,N,West,151ST ST NE,25,35,6,,,,,Left Front Door,Left Front Door,Passenger Car,"Two-Way, Divided, Positive Median Barrier",,,,,Pedestrian,Pedestrian,,,,N,Level,Straight,Straight Ahead,Traffic Control Signal,No Special Function,None,,
88687668,2019,1,TAMPA,FL,33615-0000,N,Vehicle in Transport,FL,N,N,2019,TOYT,,PK,GRY,Minor,1,N,,N,West,6601 HANLEY RD,10,25,1,,,,,Front Center Bumper,Front Center Bumper,(Sport) Utility Vehicle,Unknown,,,,,Pedestrian,Pedestrian,,,,N,Level,Straight,Turning Right,Stop Sign,No Special Function,None,,
88695353,2019,1,ORMOND BEACH,FL,32176,N,Vehicle in Transport,FL,,N,2015,ACUR,,4D,WHI,Minor,500,N,Driver,N,West,521 S YONGE ST,2,5,2,,,,,Front Center Bumper,Front Center Bumper,,,,,,,,,,,,,,,,,,,,
88696445,2019,1,EDGEWATER,FL,32132,,Vehicle in Transport,FL,,N,2000,HD,,MC,RED,None,15000,N,Driver,N,South,S DIXIE FREEWAY,,40,5,,,,,Right Front Fender,Right Front Fender,Motorcycle,"Two-Way, Divided, Positive Median Barrier",,,,,Pedalcycle,Pedalcycle,,,,N,Level,Straight,Straight Ahead,No Controls,No Special Function,None,,
88696667,2019,1,NEW SMYRNA BEACH,FL,32169,,Vehicle in Transport,FL,Y,N,2010,HOND,,4D,GRY,Functional,2000,N,Driver,N,West,WAYNE AV,25,35,2,,,,,Front Right Bumper,Front Right Bumper,Passenger Car,"Two-Way, Divided, Unprotected (painted >4 feet) Median",,,,,Motor Vehicle in Transport,Motor Vehicle in Transport,,,,N,Downhill,Straight,Straight Ahead,No Controls,No Special Function,None,,
88741203,2019,1,WEST PALM BEACH,FL,33415,N,Vehicle in Transport,FL,N,N,2014,HOND,,UT,BLK,None,0,N,Driver,N,East,5516 CANNON WAY,,,2,,,,,Right Rear Door,,(Sport) Utility Vehicle,"Two-Way, Not Divided",,,,,Motor Vehicle in Transport,Motor Vehicle in Transport,,,,N,Level,Straight,Turning Right,No Controls,No Special Function,None,,
88793257,2019,1,TITUSVILLE,FL,32780,,Vehicle in Transport,FL,,N,2018,BUIC,,4H,WHI,Minor,1000,N,,N,North,S. Hopkins Avenue,5,35,2,,,,,Right Rear Door,Right Rear Door,(Sport) Utility Vehicle,"Two-Way, Not Divided",,,,,Motor Vehicle in Transport,Motor Vehicle in Transport,Pedalcycle,,,N,Level,Straight,Turning Right,No Controls,No Special Function,None,,
88796645,2019,1,ST CLOUD,FL,34769,N,Vehicle in Transport,FL,N,N,2009,FORD,,PK,RED,Functional,1,N,Driver,Y,East,PEGHORN WAY,10,10,2,,,,,,,Pickup,"Two-Way, Not Divided",,,,,,Pedestrian,,,,N,Level,Straight,Straight Ahead,No Controls,No Special Function,None,,
88804155,2019,1,DUNEDIN,FL,34698,N,Vehicle in Transport,FL,,N,2015,AUDI,,UT,BLU,Minor,200,N,Driver,N,North,SAN MATEO DR,5,25,2,,,,,Left Front Fender,Left Front Fender,(Sport) Utility Vehicle,"Two-Way, Not Divided",,,,,Motor Vehicle in Transport,Motor Vehicle in Transport,Pedalcycle,,,N,Level,Straight,Straight Ahead,Stop Sign,No Special Function,None,,
88829927,2019,1,DANIA BEACH,FL,33312,N,Vehicle in Transport,FL,,N,2019,JEEP,,UT,WHI,Minor,0,N,Rotation,N,South,SW 2 AVE,0,30,4,,,,,Left Rear Fender,Left Rear Fender,(Sport) Utility Vehicle,"Two-Way, Not Divided",,,,,Motor Vehicle in Transport,Motor Vehicle in Transport,,,,N,Level,Straight,Stopped in Traffic,Traffic Control Signal,No Special Function,None,,
88832147,2019,1,MIAMI BEACH,FL,33139,N,Vehicle in Transport,FL,,N,2009,NISS,,5D,RED,Minor,1000,N,Driver,N,West,NE 25 ST,5,20,2,,,,,Left Front Fender,Left Front Fender,Passenger Car,"Two-Way, Not Divided",,,,,Motor Vehicle in Transport,Motor Vehicle in Transport,,,,N,Level,Straight,Turning Right,No Controls,No Special Function,None,,
88832292,2019,1,,,,,,,,Y,,HYU,,4D,WHI,Unknown,0,N,,N,,,,,,,,,,,,Unknown,,,,,,,,,,,,,,Unknown,,Unknown,Unknown,Unknown,
88891069,2019,1,UK,,UK,,Vehicle in Transport,OT,,Y,,UK,,,UNK,Unknown,100,N,Driver,N,Off-Road,26600 S. DIXIE HWY,10,10,1,,,,,Front Right Bumper,Front Right Bumper,Passenger Car,"Two-Way, Not Divided",,,,,Motor Vehicle in Transport,Motor Vehicle in Transport,,,,N,Level,Straight,Straight Ahead,No Controls,No Special Function,None,,
88892627,2019,1,ALPHARETTA,GA,30005,,Vehicle in Transport,GA,,N,2018,HOND,,4D,GRY,Minor,500,N,Driver,N,South,NW 83RD AVENUE,0,15,2,,,,,Right Front Door,Right Front Door,Passenger Car,"Two-Way, Divided, Positive Median Barrier",,,,,Motor Vehicle in Transport,Motor Vehicle in Transport,,,,N,Level,Curve Right,Stopped in Traffic,Stop Sign,No Special Function,None,,
88895583,2019,1,MIAMI,FL,33142,,Vehicle in Transport,FL,,N,2017,FORD,,UT,BLK,Minor,100,N,Driver,N,West,NW 48TH ST,10,40,2,,,,,Front Left Bumper,Front Left Bumper,Passenger Car,"Two-Way, Divided, Positive Median Barrier",,,,,Motor Vehicle in Transport,Motor Vehicle in Transport,,,,Y,Level,Straight,Turning Left,No Controls,No Special Function,None,None,
88904876,2019,1,CHICAGO,IL,60631,,Vehicle in Transport,FL,,N,2006,VANA,UK,BU,WHI,None,0,N,Driver,Y,South,NW 32 AVE,25,35,4,,,,,Rear Right Bumper,Rear Right Bumper,Bus,"Two-Way, Divided, Unprotected (painted >4 feet) Median",,,,,Motor Vehicle in Transport,Motor Vehicle in Transport,,,,N,Level,Straight,Changing Lanes,No Controls,Charter/Tour Bus,None,,Y
88904876,2019,2,OPA LOCKA,FL,33054,,Vehicle in Transport,FL,,N,2018,YARB,,MS,YEL,Functional,200,N,Owner Request,N,South,NW 32 AVE,20,35,4,,,,,Front Right Bumper,Right Front Fender,Motorcycle,"Two-Way, Divided, Unprotected (painted >4 feet) Median",,,,,Motor Vehicle in Transport,Motor Vehicle in Transport,,,,N,Level,Straight,Straight Ahead,No Controls,No Special Function,None,,
88910895,2019,1,,,,,Vehicle in Transport,,,Y,,,,,,,0,,,N,,,,,,,,,,,,,,,,,,,,,,,,,,,,,,,
88911477,2019,1,WINTER SPRINGS,FL,32708,,Vehicle in Transport,FL,,N,2000,FORD,,UT,BLK,None,0,N,Driver,N,South,MAGUIRE BV,,30,4,,,,,Trailer,,(Sport) Utility Vehicle,"Two-Way, Divided, Positive Median Barrier",,,,,Pedalcycle,Pedalcycle,,,,N,Level,Straight,Straight Ahead,No Controls,No Special Function,None,,
88911622,2019,1,,,,,Vehicle in Transport,,,Y,,,,,,,0,,,N,,,,,,,,,,,,,,,,,,,,,,,,,,,,,,,
88936341,2019,1,FORT LAUDERDALE,FL,33301,N,Vehicle in Transport,FL,N,N,2015,JEEP,,SPUV,BLK,Minor,1000,N,Owner Request,N,South,SE 17TH ST,5,15,2,,,,,Front Center Bumper,Front Center Bumper,(Sport) Utility Vehicle,"Two-Way, Divided, Positive Median Barrier",,,,,Motor Vehicle in Transport,Motor Vehicle in Transport,Pedestrian,,,N,Level,Straight,Turning Right,Stop Sign,No Special Function,None,,
88938060,2019,1,PEMBROKE PINES,FL,33024,N,Vehicle in Transport,FL,N,N,2005,FORD,,SPUV,BLU,Minor,500,N,,N,South,SE 23RD AV,3,25,2,,,,,Front Center Bumper,Front Center Bumper,(Sport) Utility Vehicle,"Two-Way, Not Divided",,,,,Motor Vehicle in Transport,Motor Vehicle in Transport,,,,N,Level,Straight,Making U-Turn,Stop Sign,No Special Function,None,,
88938857,2019,1,MARGATE,FL,33068,N,Vehicle in Transport,FL,N,N,2019,TOYT,,4D,DBL,Functional,3000,N,,N,North,SR A1A (N. FT. LAUDERDALE BCH BLVD),20,30,2,,,,,Front Center Bumper,Front Center Bumper,Passenger Car,"Two-Way, Not Divided",,,,,Pedestrian,Pedestrian,,,,N,Level,Straight,Straight Ahead,Traffic Control Signal,No Special Function,None,,
88939689,2019,1,MIAMI,FL,33142,N,Vehicle in Transport,FL,N,N,2003,MERZ,,2D,SIL,Functional,2000,N,Driver,Y,West,NE 6TH ST,5,25,2,,,,,Left Rear Fender,Left Rear Fender,Passenger Car,"Two-Way, Not Divided",,,,,Pedestrian,Pedestrian,,,,N,Level,Curve Right,Leaving Traffic Lane,Yield Sign,No Special Function,None,,
88941663,2019,1,PLANTATION,FL,33317,N,Vehicle in Transport,FL,N,Y,2008,HOND,,2D,BLK,Unknown,0,N,Driver,N,West,NE 4TH ST,1,30,2,,,,,Front Center Bumper,,Passenger Car,"Two-Way, Divided, Unprotected (painted >4 feet) Median",,,,,Pedalcycle,Pedalcycle,,,,N,Level,Straight,Turning Right,Traffic Control Signal,Unknown,Unknown,,
88943489,2019,1,HALLANDALE,FL,33009,N,Vehicle in Transport,FL,N,N,2017,CHEV,,PU,BLK,None,0,N,Driver,Y,South,SR A1A (SEABREEZE BLVD),5,30,2,,,,,Right Rear Fender,,"Other Light Trucks (10,000 lbs (4,536 kg) or less)","Two-Way, Not Divided",,,,,Pedalcycle,Pedalcycle,,,,N,Level,Straight,Straight Ahead,No Controls,No Special Function,None,,N
88956164,2019,1,MERRITT ISLAND,FL,32953,N,Vehicle in Transport,FL,,N,2013,FORD,,4D,WHI,Minor,100,N,Driver,N,West,MADISON AVE,20,20,2,,,,,Front Left Bumper,Front Left Bumper,Passenger Car,"Two-Way, Not Divided",,,,,Motor Vehicle in Transport,Motor Vehicle in Transport,,,,N,Level,Straight,Straight Ahead,No Controls,No Special Function,None,,
88995833,2019,1,WELLINGTON,FL,33414,N,Vehicle in Transport,FL,N,N,2012,TOYT,,4D,SIL,Functional,1000,Y,Rotation,N,South,N 17TH ST,25,30,2,,,,,Left Front Door,Left Front Door,Passenger Car,"Two-Way, Not Divided",,,,,Motor Vehicle in Transport,Motor Vehicle in Transport,,,,N,Level,Straight,Straight Ahead,No Controls,No Special Function,None,,
89013987,2019,1,NORTH MIAMI BEACH,FL,33160,N,Vehicle in Transport,FL,N,N,2018,LEXS,,SUV,BLK,Unknown,50,N,,N,West,17201 BISCAYNE BD,5,15,2,,,,,Front Center Bumper,Front Center Bumper,(Sport) Utility Vehicle,"Two-Way, Divided, Positive Median Barrier",,,,,Pedalcycle,Pedalcycle,,,,N,Level,Straight,Turning Right,Traffic Control Signal,No Special Function,None,,
89019915,2019,1,PENSACOLA,FL,32501,N,Vehicle in Transport,UK,N,N,,UK,,MS,BLU,None,0,N,,N,North,TARRAGONS ST,20,30,2,,,,,,,Other,"Two-Way, Not Divided",,,,,Fell/Jumped From Motor Vehicle,Fell/Jumped From Motor Vehicle,,,,N,Level,Straight,Straight Ahead,Traffic Control Signal,No Special Function,None,,
89029733,2019,1,MARGATE,FL,33063,N,Vehicle in Transport,FL,N,N,2018,KIA,,4D,BLU,Minor,200,N,Driver,N,North,ROCK ISLAND RD,10,40,5,,,,,,,Passenger Car,"Two-Way, Divided, Positive Median Barrier",,,,,Motor Vehicle in Transport,Motor Vehicle in Transport,,,,N,Level,Straight,Making U-Turn,No Controls,No Special Function,None,,
89029733,2019,2,MARGATE,FL,33063,N,Vehicle in Transport,FL,N,N,2015,TAOI,,MS,RED,Disabling,2500,N,Rotation,N,South,ROCK ISLAND RD,35,40,5,,,,,Front Center Bumper,Front Center Bumper,Motorcycle,"Two-Way, Divided, Positive Median Barrier",,,,,Motor Vehicle in Transport,Motor Vehicle in Transport,,,,N,Level,Straight,Straight Ahead,No Controls,No Special Function,None,,
89029780,2019,1,,,,,Vehicle in Transport,,,,,,,,,Functional,300,,,,East,COLONIAL DR,5,35,4,,,,,Front Center Bumper,Front Center Bumper,Passenger Car,"Two-Way, Divided, Positive Median Barrier",,,,,Pedalcycle,Pedalcycle,,,,,Level,Straight,Turning Right,No Controls,No Special Function,None,,
89059133,2019,1,,,,,Vehicle in Transport,,,,,,,,,Unknown,0,,,,North,N ANDREWS AV,35,35,6,,,,,,,Passenger Car,"Two-Way, Divided, Unprotected (painted >4 feet) Median",,,,,Pedestrian,Pedestrian,,,,,Level,Straight,Straight Ahead,No Controls,No Special Function,Unknown,Unknown,
89085479,2019,1,WEST PALM BEACH,FL,33409,N,Vehicle in Transport,FL,N,N,2011,GMC,,SUV,GRN,Functional,1000,N,,N,West,CUMBERLAND DR,10,30,3,,,,,Right Front Fender,Right Front Fender,(Sport) Utility Vehicle,"Two-Way, Divided, Positive Median Barrier",,,,,Pedalcycle,Pedalcycle,,,,N,Level,Straight,Turning Right,No Controls,No Special Function,None,,
89125874,2019,1,SUN CITY CENTER,FL,33573-0000,N,Vehicle in Transport,FL,N,N,2014,BUIC,,4D,WHI,Functional,350,N,,N,South,ORCHID WALL ST,20,25,2,,,,,Left Front Door,Left Front Door,Passenger Car,"Two-Way, Divided, Positive Median Barrier",,,,,Motor Vehicle in Transport,Motor Vehicle in Transport,,,,N,Level,Straight,Straight Ahead,No Controls,No Special Function,None,,
89127531,2019,1,RIVERVIEW,FL,33579,N,Vehicle in Transport,FL,N,N,2017,GMC,,TK,BLU,Minor,300,N,,N,West,12220 ADVENTURE DR,,5,1,,,,,Rear Right Bumper,Rear Right Bumper,Pickup,One-Way Trafficway,,,,,Pedalcycle,Pedalcycle,,,,N,Downhill,Straight,Backing,No Controls,No Special Function,None,,
89138171,2019,1,SANFORD,FL,32773,N,Vehicle in Transport,FL,,N,2008,HYUN,,5D,MAR,Minor,50,N,Driver,N,West,ORLANDO DR,2,45,4,,,,,Front Right Bumper,Front Right Bumper,Passenger Van,"Two-Way, Divided, Positive Median Barrier",,,,,Motor Vehicle in Transport,Motor Vehicle in Transport,,,,N,Level,Straight,Turning Right,No Controls,No Special Function,None,,
