REPORT_NUMBER,CRASH_YEAR,PERSON_NUMBER,STATUTE_NUMBER,CHARGE,CITATION_NUMBER
87953299,2018,1,316.130(7A),FAIL TO YIELD RIGHT-OF-WAY TO PEDESTRIAN,A4R0SRE
88627703,2018,1,316.085(2),"IMPROPER-CHANGE-OF-LANE, PULLING OUT IN FRONT OF VEHICLE GOI",AA209ZE
88656910,2018,1,316.1925(1),CARELESS DRIVING,A08SKYP
89138171,2019,1,316.1925,CARELESS DRIVING,AC6H68E
88756476,2018,1,316.122,FAILED TO YIELD - TO ONCOMING TRAFFIC/VEHICLE PASSING ON LEF,AABBR0E
88756476,2018,1,316.646(1),"NO PROOF OF INSURANCE(IF VALID AT TIME CITATION WAS ISSUED,",AABBR1E
82389797,2019,1,316.646(1),OPERATING A NON-CMV NOT PROPERLY INSURED - PROOF OF INSURANC,AB114OE
82389797,2019,2,,(WarningOtherViolations),1250697-WN
87469273,2019,1,316.646(1),"NO PROOF OF INSURANCE(IF VALID AT TIME CITATION WAS ISSUED,",A914GVE
87592693,2019,1,316.610(1),DRIVING VEHICLE IN UNSAFE CONDITION,AAYIL2E
87760900,2019,1,316.1925,CARELESS DRIVING,A3GQJ1P
87916368,2019,1,322.34(1),DRIVERS LICENSE-SUSPENDED W/O KNOWLEDGE,AAUG3EE
88097167,2019,2,320.02 (1),NO MOTOR VEHICLE REGISTRATION,AB4GAUE
88116302,2019,1,316.123(2)(a),RAN STOP SIGN,AB5IB8E
88116995,2019,2,316.130(8),PEDESTRIAN LEAVE PLACE OF SAFETY AND ENTER PATH OF VEHICLE,AB5VS9E
88137520,2019,1,316.130(7)(a),FAILED TO YIELD RIGHT-OF-WAY TO PEDESTRIAN AT INTERSECTION W,ABBMHJE
88150455,2019,1,316.646(1),NO PROOF OF INSURANCE,ABD8W8E
88150455,2019,2,316.2065(7),RIDING BIKE WITH NO OR IMPROPER LIGHT,ABD8W7E
88212927,2019,1,316.123(2)(a),RAN STOP SIGN,ABH0X2E
88212927,2019,3,316.1995,SIDEWALK/BICYCLE PATH - DRIVING ON,ABH0X3E
88216388,2019,2,316.061(1),CRASH - LEAVING SCENE WITHOUT GIVING INFORMATION $50 OR LESS,ABH8JVE
88237304,2019,3,316.130(8),PEDESTRIAN LEAVE PLACE OF SAFETY AND ENTER PATH OF VEHICLE,ABOHFCE
88237304,2019,1,320.07(3)(a),OPERATING A MOTOR VEHICLE/USING A MOBILE HOME WITH AN EXPIRE,ABOHFBE
88250981,2019,1,316.130(15),FAILED TO USE DUE CARE TOWARD PEDESTRIAN,ABJWLZE
88264809,2019,2,322.03(1),NO DRIVER LICENSE - NEVER HAD ONE ISSUED,ABISAEE
88641108,2019,1,3162005,OPEN DOOR INTO MOVING TRAFFIC LANE,A3G5FDP
88664457,2019,3,316.075(1)(C)(1),FAILED TO STOP AT RED LIGHT,A8IEX2E
88696667,2019,1,316.0895(1),FOLLOWING TOO CLOSELY,A9KW3KE
88796645,2019,1,316.2015(1),PERMIT PASSNGR TO RIDE ON EXTERIOR OF VEH,AB3W9OE
88796645,2019,2,316.2065(4),HITCH BKE TO MOTOR VEHICLE,AB3W9ME
88804155,2019,1,316.1925(1),CARELESS DRIVING,A9Y4FGE
88832147,2019,1,316.1925(1),CARELESS DRIVING,ABXYPEE
88911477,2019,1,316.1925(1),CARELESS DRIVING,NONE
88943489,2019,1,316.646-1,OPERATING NON-CMV NOT PROPERLY INSURED PROOF OF INS REQUIRED,AC8DOAE
88995833,2019,4,316.2074(5),"ATV - IMPROPER OPERATION ON PUB ROADS, STREETS, HIGHWAY",A9LYNXE
88995833,2019,4,316.123(2)(A),FAIL TO STOP - RAN STOP SIGN,A9LYNYE
