REPORT_NUMBER,CRASH_YEAR,CRASH_DATE_AND_TIME,REPORT_DATE_AND_TIME,INVESTIGATING_AGENCY_REPORT_NUMBER,FORM_TYPE,TOTAL_NUMBER_OF_VEHICLES,TOTAL_NUMBER_OF_PERSONS,COUNTY_CODE,CITY_CODE,COUNTY_NAME,CITY_NAME,RURAL_OR_URBAN,NOTIFIED_TIME,DISPATCHED_TIME,ARRIVED_TIME,CLEARED_TIME,COMPLETED_FLAG,NOTIFIED_BY,ON_STREET_ROAD_HIGHWAY,STREET_ADDRESS_NUMBER,LATITUDE,LONGITUDE,FEET_FROM_INTERSECTION,DIRECTION_FROM_INTERSECTION,FROM_INTERSECTION_OF,MILEPOST_NUMBER,ROAD_SYSTEM_IDENTIFER,TYPE_OF_SHOULDER,TYPE_OF_INTERSECTION,PHOTOS_TAKEN,LIGHT_CONDITION,WEATHER_CONDITION,ROAD_SURFACE_CONDITION,SCHOOL_BUS_RELATED_CODE,TYPE_OF_IMPACT,FIRST_HARMFUL_EVENT,LOCATION,INTERCHANGE_FLAG,JUNCTION_FLAG,ROAD_CIRCUMSTANCES_1,ROAD_CIRCUMSTANCES_2,ROAD_CIRCUMSTANCES_3,ENVIRONMENT_CIRCUMSTANCES_1,ENVIRONMENT_CIRCUMSTANCES_2,ENVIRONMENT_CIRCUMSTANCES_3,WORK_ZONE_RELATED_FLAG,CRASH_IN_WORK_ZONE,TYPE_OF_WORK_ZONE,WORKERS_PRESENT,LAW_ENFORCEMENT_PRESENT,INVESTIGATOR_RANK,INVESTIGATING_AGENCY_NAME,INVESTIGATING_AGENCY_TYPE,LOAD_DATE,UPDATE_DATE,DAYS_TO_LOAD,CODEABLE,S4_CRASH_TYPE,S4_CRASH_TYPE_SIMPLIFIED,S4_CRASH_SEVERITY,S4_CRASH_SEVERITY_DETAIL,S4_DAY_OR_NIGHT,S4_IS_AGGRESSIVE_DRIVING,S4_IS_ALCOHOL_RELATED,S4_IS_CMV_INVOLVED,S4_IS_DISTRACTED,S4_IS_DRUG_RELATED,S4_IS_HIT_AND_RUN,S4_IS_INTERSECTION_RELATED,S4_IS_LANE_DEPARTURE_RELATED,S4_IS_SPEEDING_RELATED,S4_NONE_INJURY_COUNT,S4_INJURY_COUNT,S4_POSSIBLE_INJURY_COUNT,S4_NON_INCAPACITATING_INJURY_COUNT,S4_INCAPACITATING_INJURY_COUNT,S4_FATALITY_COUNT,S4_FATALITY_WITHIN_30_DAYS_COUNT,S4_NON_TRAFFIC_FATALITY_COUNT,S4_TRAILER_COUNT,S4_MOTORCYCLE_COUNT,S4_MOPED_COUNT,S4_NON_MOTORIST_COUNT,S4_BICYCLIST_COUNT,S4_PEDESTRIAN_COUNT,S4_DRIVER_COUNT,S4_AGING_DRIVER_COUNT,S4_TEENAGER_DRIVER_COUNT,S4_PASSENGER_COUNT,S4_UNRESTRAINED_COUNT,S4_UNRESTRAINED_INJURY_COUNT,S4_UNRESTRAINED_INCAPACITATING_INJURY_COUNT,S4_UNRESTRAINED_FATALITY_COUNT,S4_MOTORCYCLIST_COUNT,S4_MOTORCYCLIST_INCAPACITATING_INJURY_COUNT,S4_MOTORCYCLIST_FATALITY_COUNT,S4_IS_PEDESTRIAN_INVOLVED,S4_PEDESTRIAN_INCAPACITATING_INJURY_COUNT,S4_PEDESTRIAN_FATALITY_COUNT,S4_IS_BICYCLIST_INVOLVED,S4_BICYCLIST_INCAPACITATING_INJURY_COUNT,S4_BICYCLIST_FATALITY_COUNT,S4_CITATION_COUNT,S4_CITATION_AMOUNT,S4_PROPERTY_DAMAGE_COUNT,S4_PROPERTY_DAMAGE_AMOUNT,S4_VEHICLE_DAMAGE_COUNT,S4_VEHICLE_DAMAGE_AMOUNT,S4_TOTAL_DAMAGE_AMOUNT,S4_TRANSPORT_BY_EMS_COUNT,S4_TRANSPORT_BY_LAW_ENFORCEMENT_COUNT,S4_TRANSPORT_BY_OTHER_COUNT,S4_GEOLOCATION_STATUS,S4_PRELIMINARY_GEOLOCATION_STATUS,S4_X,S4_Y,S4_LATITUDE,S4_LONGITUDE
26319154,2024,04-APR-2024 10:25 AM,04-APR-2024 10:58 AM,FHP24ON0168881,L,1,2,9,50,Escambia,Pensacola,Rural,4/4/2024 10:29:00 AM,4/4/2024 10:35:00 AM,4/4/2024 10:49:00 AM,4/4/2024 11:23:00 AM,Y,Law Enforcement,SR-292,,30.45838,-87.23969,0,,MASSACHUSETTS AVE,,State,Curb,T-Intersection,N,Daylight,Clear,Dry,N,Angle,Other Non-Fixed Object,On Roadway,Y,Intersection,None,,,None,,,N,,,,,TPR,Florida Highway Patrol,Florida Highway Patrol (FHP),4/9/2024 7:35:00 PM,4/9/2024 7:35:00 PM,5,Y,Single Vehicle,Other,Injury,Possible Injury,DAY,N,N,N,N,N,N,Y,N,N,1,1,1,0,0,0,0,0,0,0,0,1,1,0,1,0,0,0,0,0,0,0,0,0,0,N,0,0,Y,0,0,1,0,0,0,1,150,150,0,0,0,Preliminary,Editor Mapped,-99603.5232999995,3386169.8774,30.4583693154565,-87.2397448607498
26320419,2024,01-MAR-2024 09:00 AM,01-MAR-2024 11:49 AM,FHP24ON0104817,L,1,2,7,46,Orange,Orlando,Rural,3/1/2024 9:21:00 AM,3/1/2024 9:51:00 AM,3/1/2024 11:16:00 AM,3/1/2024 12:50:00 PM,Y,Law Enforcement,SARGAS ALY,,28.51287,-81.15791,0,,MERAK ALLEY,,County,Paved,T-Intersection,N,Daylight,Clear,Dry,N,Front to Front,Pedalcycle,In Parking Lane or Zone,Y,Driveway/Alley Access Related,None,,,None,,,N,,,,,TPR,Florida Highway Patrol,Florida Highway Patrol (FHP),3/6/2024 9:43:00 PM,3/6/2024 9:43:00 PM,5,Y,Bicycle,Bicycle,Injury,Possible Injury,DAY,N,N,N,N,N,N,N,Y,N,1,1,1,0,0,0,0,0,0,0,0,1,1,0,1,0,0,0,0,0,0,0,0,0,0,N,0,0,Y,0,0,0,0,1,50,0,0,50,1,0,0,Preliminary,Editor Mapped,484547.3216,3154028.425,28.5128747218072,-81.1579170430402
26321220,2024,13-MAR-2024 10:01 AM,13-MAR-2024 11:22 AM,FHP24ON0127453,L,1,3,7,0,Orange,Unincorporated,Rural,3/13/2024 10:06:00 AM,3/13/2024 10:33:00 AM,3/13/2024 11:22:00 AM,3/13/2024 2:00:00 PM,Y,Law Enforcement,PORTER RD,,28.45267,-81.62372,0,,SUMMERLAKE PARK BLVD,,County,Curb,Not at Intersection,N,Daylight,Clear,Dry,N,Other,Pedalcycle,On Roadway,N,Intersection,None,,,None,,,N,,,,,TPR,Florida Highway Patrol,Florida Highway Patrol (FHP),3/23/2024 7:18:00 PM,3/23/2024 7:18:00 PM,10,Y,Bicycle,Bicycle,Injury,Non-Incapacitating Injury,DAY,N,N,N,Y,N,N,Y,N,N,2,1,0,1,0,0,0,0,0,0,0,1,1,0,1,0,0,1,0,0,0,0,0,0,0,N,0,0,Y,0,0,1,0,1,500,0,0,500,1,0,0,Preliminary,Editor Mapped,438942.4815,3147505.85,28.4526603908448,-81.6236107860861
26324418,2024,02-APR-2024 04:20 PM,02-APR-2024 04:47 PM,FHP24ON0165438,L,1,3,7,0,Orange,Unincorporated,Rural,4/2/2024 4:27:00 PM,4/2/2024 4:30:00 PM,4/2/2024 4:37:00 PM,4/2/2024 4:56:00 PM,Y,Law Enforcement,STATE ROAD 50(E COLONIAL DRIVE),,28.5655,-81.19488,0,,WOODBURY ROAD,,State,Curb,Not at Intersection,N,Daylight,Clear,Dry,N,Other,Pedestrian,On Roadway,N,Intersection-Related,None,,,None,,,N,,,,,TPR,Florida Highway Patrol,Florida Highway Patrol (FHP),4/6/2024 7:22:00 PM,4/6/2024 7:22:00 PM,4,Y,Pedestrian,Pedestrian,Injury,Possible Injury,DAY,N,N,N,N,N,N,Y,N,N,2,1,1,0,0,0,0,0,0,0,0,1,1,0,1,0,0,1,0,0,0,0,0,0,0,N,0,0,Y,0,0,0,0,1,15,1,50,65,0,0,0,Preliminary,Editor Mapped,480936.3103,3159827.6781,28.565173974321,-81.1949155620386
26325251,2024,29-APR-2024 04:40 PM,29-APR-2024 05:22 PM,FHP24ON0214648,L,1,2,38,0,Monroe,Unincorporated,Rural,4/29/2024 4:53:00 PM,4/29/2024 4:56:00 PM,4/29/2024 5:06:00 PM,4/29/2024 7:21:00 PM,Y,Law Enforcement,PRIVATE RD,,25.00256,-80.5268,,,US-1 / MM91,,Private Roadway,Curb,T-Intersection,N,Daylight,Clear,Dry,N,Angle,Pedestrian,On Roadway,N,Driveway/Alley Access Related,None,,,None,,,N,,,,,TPR,Florida Highway Patrol,Florida Highway Patrol (FHP),5/7/2024 7:52:00 PM,5/7/2024 7:52:00 PM,8,Y,Pedestrian,Pedestrian,Injury,Non-Incapacitating Injury,DAY,N,N,N,N,N,N,N,N,N,1,1,0,1,0,0,0,0,0,0,0,1,1,0,1,0,0,0,0,0,0,0,0,0,0,N,0,0,Y,0,0,0,0,1,50,0,0,50,1,0,0,Preliminary,Editor Mapped,520341.9625,2746970.6835,24.8375101318415,-80.7986784535373
26325391,2024,16-APR-2024 07:26 PM,16-APR-2024 09:14 PM,FHP24ON0191321,L,1,2,7,0,Orange,Unincorporated,Rural,4/16/2024 7:31:00 PM,4/16/2024 8:00:00 PM,4/16/2024 9:05:00 PM,4/16/2024 9:39:00 PM,Y,Law Enforcement,AVALON PARK BOULEVARD,,28.5140693520051,-81.1553939370842,474,North,CYGNUS DRIVE,,Local,Curb,Four-Way Intersection,N,Daylight,Clear,Dry,N,Other,Pedalcycle,On Roadway,N,Intersection,None,,,None,,,N,,,,,TPR,Florida Highway Patrol,Florida Highway Patrol (FHP),4/23/2024 7:54:00 PM,4/23/2024 7:54:00 PM,7,Y,Bicycle,Bicycle,Injury,Possible Injury,NIGHT,N,N,N,Y,N,N,Y,N,N,0,2,2,0,0,0,0,0,0,0,0,1,1,0,1,0,0,0,0,0,0,0,0,0,0,N,0,0,Y,0,0,0,0,1,350,1,1000,1350,0,0,0,Preliminary,Editor Mapped,484794.8805,3154159.4425,28.5140602789884,-81.1553888816742
26325623,2024,10-APR-2024 06:00 PM,10-APR-2024 06:55 PM,FHP24ON0180325,L,1,2,28,0,Pasco,Unincorporated,Rural,4/10/2024 6:04:00 PM,4/10/2024 6:05:00 PM,4/10/2024 6:45:00 PM,4/10/2024 7:09:00 PM,Y,Law Enforcement,12807 CIRCLE LAKE DR,,28.34339,-82.62597,368,South,CHOCTAW TRAIL,,Local,Unpaved,Not at Intersection,N,Daylight,Clear,Dry,N,Angle,Motor Vehicle in Transport,On Roadway,N,Non-Junction,None,,,None,,,N,,,,,TPR,Florida Highway Patrol,Florida Highway Patrol (FHP),4/12/2024 7:31:00 PM,4/12/2024 7:31:00 PM,2,Y,Single Vehicle,Other,Injury,Non-Incapacitating Injury,DAY,N,N,N,N,N,N,N,N,N,1,1,0,1,0,0,0,0,0,0,0,1,1,0,1,1,0,0,0,0,0,0,0,0,0,N,0,0,Y,0,0,0,0,1,500,1,100,600,1,0,0,Preliminary,Editor Mapped,340628.5163,3136315.2783,28.3433819412933,-82.6259681812333
26325650,2024,17-MAY-2024 07:15 PM,17-MAY-2024 09:00 PM,FHP24ON0248366,L,1,3,28,0,Pasco,Unincorporated,Rural,5/17/2024 7:19:00 PM,5/17/2024 8:18:00 PM,5/17/2024 8:48:00 PM,5/17/2024 9:43:00 PM,Y,Law Enforcement,SHREWBURY PL,,28.2191098575069,-82.4986783832524,,,ANDREA LYNN LANE,,Local,Unpaved,T-Intersection,N,Dusk,Clear,Dry,N,Angle,Pedalcycle,On Roadway,N,Intersection,None,,,None,,,N,,,,,TPR,Florida Highway Patrol,Florida Highway Patrol (FHP),5/29/2024 7:44:00 PM,5/29/2024 7:44:00 PM,12,Y,Bicycle,Bicycle,Injury,Non-Incapacitating Injury,NIGHT,N,N,N,N,N,N,Y,N,N,1,2,0,2,0,0,0,0,0,0,0,2,1,0,1,0,1,0,0,0,0,0,0,0,0,N,0,0,Y,0,0,0,0,0,0,1,500,500,2,0,0,Preliminary,Editor Mapped,352936.2218,3122384.0555,28.2191079714673,-82.4986756311941
26327348,2024,14-MAR-2024 12:30 PM,14-MAR-2024 02:57 PM,FHP24ON0129486,L,1,2,7,0,Orange,Unincorporated,Rural,3/14/2024 12:36:00 PM,3/14/2024 2:03:00 PM,3/14/2024 2:54:00 PM,3/14/2024 3:40:00 PM,Y,Law Enforcement,STATE ROAD 50 (COLONIAL DRIVE),,28.56529,-81.1766,0,,14180 E COLONIAL DRIVE,,State,Curb,Not at Intersection,N,Daylight,Clear,Dry,N,Other,Motor Vehicle in Transport,On Roadway,N,Non-Junction,None,,,None,,,N,,,,,TPR,Florida Highway Patrol,Florida Highway Patrol (FHP),3/21/2024 7:24:00 PM,3/21/2024 7:24:00 PM,7,Y,Single Vehicle,Other,Injury,Possible Injury,DAY,N,N,N,Y,N,N,N,N,N,1,1,1,0,0,0,0,0,0,0,0,1,1,0,1,0,0,0,0,0,0,0,0,0,0,N,0,0,Y,0,0,1,0,1,500,1,500,1000,0,0,0,Preliminary,Editor Mapped,482724.436,3159821.9015,28.5651468556313,-81.1766329651442
26327821,2024,19-MAY-2024 06:25 PM,19-MAY-2024 07:11 PM,FHP24ON0251852,L,1,4,19,41,Brevard,Mims,Rural,5/19/2024 6:30:00 PM,5/19/2024 6:34:00 PM,5/19/2024 7:00:00 PM,5/19/2024 7:18:00 PM,Y,Law Enforcement,3400 BROCKETT RD,,28.68654,-80.84891,462,East,BROCKETT RD,,Other,Unpaved,Not at Intersection,N,Daylight,Clear,Dry,N,Other,Pedestrian,On Roadway,N,Driveway/Alley Access Related,None,,,None,,,N,,,,,TPR,Florida Highway Patrol,Florida Highway Patrol (FHP),5/24/2024 7:45:00 PM,5/24/2024 7:45:00 PM,5,Y,Pedestrian,Pedestrian,Injury,Non-Incapacitating Injury,DAY,N,N,N,N,N,N,N,N,N,3,1,0,1,0,0,0,0,0,0,0,1,1,0,1,1,0,2,0,0,0,0,0,0,0,N,0,0,Y,0,0,0,0,1,500,1,50,550,1,0,0,Preliminary,Editor Mapped,514743.4652,3173269.1679,28.686558995561,-80.8490827445064
26327957,2024,17-APR-2024 11:50 AM,17-APR-2024 04:54 PM,FHP24ON0192497,L,1,2,7,52,Orange,Winter Garden,Rural,4/17/2024 2:12:00 PM,4/17/2024 4:03:00 PM,4/17/2024 4:43:00 PM,4/17/2024 5:43:00 PM,Y,Law Enforcement,16026 NEW INDEPENDENCE PKWY,,28.4737270871532,-81.6263741389182,,,PRIVATE DRIVEWAY,,Private Roadway,Curb,Other,N,Daylight,Cloudy,Dry,N,Angle,Pedalcycle,On Roadway,Y,Intersection,None,,,None,,,N,,,,,TPR,Florida Highway Patrol,Florida Highway Patrol (FHP),4/26/2024 7:28:00 PM,4/26/2024 7:28:00 PM,9,N,Bicycle,Bicycle,No Injury,No Injury,DAY,N,N,N,N,N,N,Y,N,N,2,0,0,0,0,0,0,0,0,0,0,1,1,0,1,0,0,0,0,0,0,0,0,0,0,N,0,0,Y,0,0,0,0,1,2000,1,500,2500,0,0,0,Preliminary,Editor Mapped,438683.5136,3149809.1249,28.4734379358531,-81.6263781925347
26328977,2024,24-MAY-2024 04:45 PM,24-MAY-2024 05:37 PM,FHP24ON0261127,L,1,2,14,0,Marion,Unincorporated,Rural,5/24/2024 4:50:00 PM,5/24/2024 5:17:00 PM,5/24/2024 5:33:00 PM,5/24/2024 6:01:00 PM,Y,Law Enforcement,6179 SW SR 200,,29.1158172495129,-82.2204134731843,25,West,STATE ROAD 200,,Private Roadway,Unpaved,Not at Intersection,N,Daylight,Clear,Dry,N,Angle,Motor Vehicle in Transport,On Roadway,N,Non-Junction,None,,,None,,,N,,,,,TPR,Florida Highway Patrol,Florida Highway Patrol (FHP),5/30/2024 7:26:00 PM,5/30/2024 7:26:00 PM,6,Y,Single Vehicle,Other,Injury,Possible Injury,DAY,N,N,N,N,N,N,N,N,N,1,1,1,0,0,0,0,0,0,0,0,1,1,0,1,0,0,0,0,0,0,0,0,0,0,N,0,0,Y,0,0,0,0,1,900,1,800,1700,1,0,0,Preliminary,Editor Mapped,381086.153,3221217.6133,29.1138603915218,-82.2221749050361
26329602,2024,18-APR-2024 04:07 AM,18-APR-2024 04:50 AM,FHP24ON0193552,L,1,2,4,0,Pinellas,Unincorporated,Rural,4/18/2024 4:07:00 AM,4/18/2024 4:20:00 AM,4/18/2024 4:38:00 AM,4/18/2024 4:51:00 AM,Y,Law Enforcement,CR-611,,27.8215573733303,-82.700068420377,175,North,54TH AVE N,,County,Curb,Not at Intersection,N,Dark - Lighted,Clear,Dry,N,Other,Motor Vehicle in Transport,On Roadway,N,Non-Junction,None,,,None,,,N,,,,,TPR,Florida Highway Patrol,Florida Highway Patrol (FHP),4/23/2024 7:54:00 PM,4/23/2024 7:54:00 PM,5,Y,Single Vehicle,Other,Injury,Non-Incapacitating Injury,NIGHT,N,N,N,Y,N,Y,N,N,N,1,1,0,1,0,0,0,0,0,0,0,1,1,0,1,0,0,0,0,0,0,0,0,0,0,N,0,0,Y,0,0,0,0,0,0,0,0,0,1,0,0,Preliminary,Editor Mapped,332557.0789,3078594.4247,27.8215499446071,-82.7000621432405
26329663,2024,25-SEP-2024 01:55 PM,25-SEP-2024 02:42 PM,FHP24ON0482620,L,1,2,39,30,Levy,Bronson,Rural,9/25/2024 2:07:00 PM,9/25/2024 2:11:00 PM,9/25/2024 2:25:00 PM,9/25/2024 3:29:00 PM,Y,Law Enforcement,NE 94TH TER,,29.42999,-82.61466,413,South,NE 65 LN,,Local,Unpaved,Not at Intersection,N,Daylight,Cloudy,Wet,N,Other,Pedalcycle,On Roadway,N,Non-Junction,None,,,None,,,N,,,,,TPR,Florida Highway Patrol,Florida Highway Patrol (FHP),10/1/2024 7:43:00 PM,10/1/2024 7:43:00 PM,6,Y,Bicycle,Bicycle,Injury,Non-Incapacitating Injury,DAY,N,N,N,Y,N,Y,N,N,N,1,1,0,1,0,0,0,0,0,0,0,1,1,0,1,0,0,0,0,0,0,0,0,0,0,N,0,0,Y,0,0,0,0,0,0,0,0,0,1,0,0,Preliminary,Editor Mapped,343376.953,3256710.3232,29.4299846230604,-82.6146574681778
26329701,2024,20-APR-2024 09:04 PM,20-APR-2024 10:34 PM,FHP24ON0199169,L,1,2,7,0,Orange,Unincorporated,Rural,4/20/2024 9:06:00 PM,4/20/2024 9:56:00 PM,4/20/2024 10:18:00 PM,4/21/2024 12:32:00 AM,Y,Law Enforcement,INTERNATIONAL DR,,28.3650060170587,-81.4871843324181,2377,North,WORLD CENTER DR,,Local,Curb,Not at Intersection,N,Dark - Lighted,Clear,Dry,N,Front to Rear,Pedalcycle,On Roadway,N,Non-Junction,None,,,None,,,N,,,,,TPR,Florida Highway Patrol,Florida Highway Patrol (FHP),4/28/2024 7:14:00 PM,4/28/2024 7:14:00 PM,8,N,Bicycle,Bicycle,No Injury,No Injury,NIGHT,N,N,N,N,N,N,N,N,N,2,0,0,0,0,0,0,0,0,0,0,1,1,0,1,0,1,0,0,0,0,0,0,0,0,N,0,0,Y,0,0,0,0,0,0,1,500,500,0,0,0,Preliminary,Editor Mapped,452272.3399,3137737.1282,28.3650395446654,-81.4870673982371
26331902,2024,28-APR-2024 01:43 PM,28-APR-2024 07:19 PM,FHP24ON0212575,L,1,1,7,0,Orange,Unincorporated,Rural,4/28/2024 1:48:00 PM,4/28/2024 6:36:00 PM,4/28/2024 7:07:00 PM,4/28/2024 7:45:00 PM,Y,Law Enforcement,AVALON PARK EAST BOULEVARD,,28.5111750801101,-81.1542112162058,453,North,CATS CLAW LANE,,Local,Curb,T-Intersection,N,Daylight,Clear,Dry,N,Other,Pedalcycle,On Roadway,N,Intersection,None,,,None,,,N,,,,,TPR,Florida Highway Patrol,Florida Highway Patrol (FHP),5/1/2024 10:00:00 PM,5/1/2024 10:00:00 PM,3,Y,Bicycle,Bicycle,No Injury,No Injury,DAY,N,N,N,N,N,Y,Y,N,N,1,0,0,0,0,0,0,0,0,0,0,1,1,0,0,0,0,0,0,0,0,0,0,0,0,N,0,0,Y,0,0,0,0,0,0,0,0,0,0,0,0,Preliminary,Editor Mapped,484909.7219,3153837.9168,28.5111593361724,-81.1542110406586
26331925,2024,07-APR-2024 04:25 PM,07-APR-2024 05:26 PM,FHP24ON0175036,S,1,2,28,70,Pasco,Zephyrhills,Rural,4/7/2024 4:32:00 PM,4/7/2024 4:34:00 PM,4/7/2024 5:20:00 PM,4/7/2024 5:36:00 PM,Y,Law Enforcement,20TH ST,,28.25777,-82.1715,0,,INEZ AVE,,Local,Unpaved,T-Intersection,N,Daylight,Clear,Dry,N,Angle,Other Non-Fixed Object,On Roadway,N,Intersection-Related,None,,,None,,,N,,,,,SGT,Florida Highway Patrol,Florida Highway Patrol (FHP),4/16/2024 8:03:00 PM,4/16/2024 8:03:00 PM,9,N,Single Vehicle,Other,No Injury,No Injury,DAY,N,N,N,N,N,N,Y,N,N,2,0,0,0,0,0,0,0,0,0,0,1,1,0,1,0,0,0,0,0,0,0,0,0,0,N,0,0,Y,0,0,0,0,1,500,1,500,1000,0,0,0,Preliminary,Computer mapped confident by address,385086.292,3126313.0637,28.2577646868098,-82.1714967072869
26332830,2024,11-MAY-2024 02:15 PM,11-MAY-2024 03:27 PM,FHP24ON0236860,S,1,2,7,0,Orange,Unincorporated,Rural,5/11/2024 2:17:00 PM,5/11/2024 2:50:00 PM,5/11/2024 3:18:00 PM,5/11/2024 4:29:00 PM,Y,Law Enforcement,3350 CLARCONA ROAD APOPKA FL 32703,,28.6319753829817,-81.4986036467792,377,North,CLARCONA ROAD,,Private Roadway,Unpaved,T-Intersection,N,Daylight,Clear,Dry,N,Angle,Motor Vehicle in Transport,Off Roadway,N,Driveway/Alley Access Related,None,,,None,,,N,,,,,TPR,Florida Highway Patrol,Florida Highway Patrol (FHP),5/12/2024 7:15:00 PM,5/12/2024 7:15:00 PM,1,N,Single Vehicle,Other,No Injury,No Injury,DAY,N,N,N,N,N,N,N,N,N,2,0,0,0,0,0,0,0,0,0,0,1,1,0,1,0,0,0,0,0,0,0,0,0,0,N,0,0,Y,0,0,1,0,1,200,1,600,800,0,0,0,Preliminary,Computer plot approximate by lat/long,451264.9873,3167313.7774,28.631970041418,-81.4986005041734
26333057,2024,11-JUN-2024 12:20 PM,11-JUN-2024 03:11 PM,FHP24ON0292861,L,1,2,7,46,Orange,Orlando,Rural,6/11/2024 12:23:00 PM,6/11/2024 2:03:00 PM,6/11/2024 2:52:00 PM,6/11/2024 3:22:00 PM,Y,Law Enforcement,CR-435 (HIAWASSEE ROAD),,28.57768,-81.47615,0,,SR-438 (SILVER STAR ROAD),,County,Curb,Four-Way Intersection,N,Daylight,Cloudy,Dry,N,Angle,Pedalcycle,On Roadway,N,Intersection,None,,,None,,,N,,,,,TPR,Florida Highway Patrol,Florida Highway Patrol (FHP),6/13/2024 7:27:00 PM,6/13/2024 7:27:00 PM,2,Y,Bicycle,Bicycle,Injury,Non-Incapacitating Injury,DAY,N,N,N,N,N,N,Y,N,N,1,1,0,1,0,0,0,0,0,0,0,1,1,0,1,0,0,0,0,0,0,0,0,0,0,N,0,0,Y,0,0,0,0,0,0,1,1000,1000,1,0,0,Preliminary,Editor Mapped,453435.909,3161296.5313,28.5777371613248,-81.4761458464121
26333807,2024,12-APR-2024 09:50 AM,12-APR-2024 11:04 AM,FHP24ON0183159,L,1,2,7,0,Orange,Unincorporated,Rural,4/12/2024 10:04:00 AM,4/12/2024 10:08:00 AM,4/12/2024 10:35:00 AM,4/12/2024 11:46:00 AM,Y,Law Enforcement,NORTH POWERS DRIVE,,28.60295,-81.46791,243,South,CHRISTIAN WAY,,County,Curb,Not at Intersection,N,Daylight,Clear,Dry,N,Other,Pedalcycle,Shoulder,N,Driveway/Alley Access Related,None,,,None,,,N,,,,,TPR,Florida Highway Patrol,Florida Highway Patrol (FHP),4/25/2024 7:23:00 PM,4/25/2024 7:23:00 PM,13,Y,Bicycle,Bicycle,Injury,Possible Injury,DAY,N,N,N,N,N,N,N,N,N,1,1,1,0,0,0,0,0,0,0,0,1,1,0,1,0,0,0,0,0,0,0,0,0,0,N,0,0,Y,0,0,1,0,0,0,0,0,0,0,0,0,Preliminary,Editor Mapped,454252.9912,3164130.9508,28.6033503009783,-81.4679041889804
26337016,2024,16-NOV-2024 11:55 AM,16-NOV-2024 12:25 PM,FHP24ON0578935,L,1,2,19,50,Brevard,Rockledge,Rural,11/16/2024 11:59:00 AM,11/16/2024 12:00:00 PM,11/16/2024 12:14:00 PM,11/16/2024 1:01:00 PM,Y,Law Enforcement,VIERA BV,,28.26187,-80.69168,0,,SCHENCK AVE,,Local,Curb,Four-Way Intersection,N,Daylight,Clear,Dry,N,Angle,Pedalcycle,On Roadway,N,Intersection,None,,,None,,,N,,,,,SGT,Florida Highway Patrol,Florida Highway Patrol (FHP),11/19/2024 8:12:00 PM,11/19/2024 8:12:00 PM,3,Y,Bicycle,Bicycle,Injury,Possible Injury,DAY,N,N,N,N,N,N,Y,N,N,1,1,1,0,0,0,0,0,0,0,0,1,1,0,1,1,0,0,0,0,0,0,0,0,0,N,0,0,Y,0,0,0,0,1,100,0,0,100,0,0,0,Preliminary,Editor Mapped,530248.4627,3126255.9,28.2619218853542,-80.691606622233
26339928,2024,15-JUL-2024 05:13 PM,15-JUL-2024 06:08 PM,FHP24ON0353547,L,1,2,9,0,Escambia,Unincorporated,Rural,7/15/2024 5:13:00 PM,7/15/2024 5:16:00 PM,7/15/2024 5:22:00 PM,7/15/2024 6:25:00 PM,Y,Law Enforcement,AIRPORT BLVD,,30.48139,-87.22866,0,,DUVAL ST,,Local,Curb,T-Intersection,N,Daylight,Clear,Dry,N,Angle,Pedalcycle,On Roadway,N,Intersection,None,,,None,,,N,,,,,TPR,Florida Highway Patrol,Florida Highway Patrol (FHP),7/25/2024 2:26:00 AM,7/25/2024 2:26:00 AM,10,Y,Bicycle,Bicycle,Injury,Non-Incapacitating Injury,DAY,N,N,N,N,N,N,Y,N,N,1,1,0,1,0,0,0,0,0,0,0,1,1,0,1,0,0,0,0,0,0,0,0,0,0,N,0,0,Y,0,0,1,0,0,0,1,500,500,1,0,0,Preliminary,Editor Mapped,-98392.3241999997,3388654.6304,30.4812604143874,-87.2286272301883
26339940,2024,09-APR-2024 04:01 PM,09-APR-2024 07:07 PM,FHP24ON0178316,L,1,2,7,30,Orange,Apopka,Rural,4/9/2024 4:29:00 PM,4/9/2024 5:56:00 PM,4/9/2024 6:58:00 PM,4/9/2024 7:18:00 PM,Y,Law Enforcement,2601 LAKEVILLE ROAD,,28.6393339340181,-81.479947240254,,,FOXCREEK LANE,,Parking Lot,Curb,Not at Intersection,N,Daylight,Clear,Dry,N,Other,Pedestrian,Off Roadway,N,Non-Junction,None,,,None,,,N,,,,,TPR,Florida Highway Patrol,Florida Highway Patrol (FHP),4/14/2024 7:13:00 PM,4/14/2024 7:13:00 PM,5,Y,Pedestrian,Pedestrian,Injury,Non-Incapacitating Injury,DAY,N,N,N,N,N,N,N,N,N,1,1,0,1,0,0,0,0,0,0,0,1,1,0,1,0,0,0,0,0,0,0,0,0,0,N,0,0,Y,0,0,0,0,1,100,1,150,250,1,0,0,Preliminary,Editor Mapped,453091.9279,3168121.1613,28.6393250764551,-81.4799430619894
26340785,2024,06-MAY-2024 10:50 PM,06-MAY-2024 11:11 PM,FHP24ON0228181,L,1,2,28,0,Pasco,Unincorporated,Rural,5/6/2024 10:53:00 PM,5/6/2024 10:55:00 PM,5/6/2024 11:03:00 PM,5/7/2024 12:26:00 AM,Y,Law Enforcement,SR-54,,28.2171790018343,-82.7057942725076,0,,PINE HAVEN ROAD,,State,Curb,T-Intersection,N,Dark - Not Lighted,Clear,Dry,N,Angle,Motor Vehicle in Transport,On Roadway,N,Intersection-Related,None,,,None,,,N,,,,,TPR,Florida Highway Patrol,Florida Highway Patrol (FHP),5/11/2024 7:18:00 PM,5/11/2024 7:18:00 PM,5,Y,Single Vehicle,Other,Injury,Non-Incapacitating Injury,NIGHT,N,N,N,N,N,N,Y,N,N,1,1,0,1,0,0,0,0,0,0,0,1,1,0,1,0,0,0,0,0,0,0,0,0,0,N,0,0,Y,0,0,0,0,1,200,0,0,200,1,0,0,Preliminary,Editor Mapped,332605.8629,3122438.4101,28.2171721544124,-82.7057924355215
26343520,2024,14-MAY-2024 08:59 AM,14-MAY-2024 09:52 AM,FHP24ON0241552,S,1,2,4,0,Pinellas,Unincorporated,Rural,5/14/2024 9:01:00 AM,5/14/2024 9:05:00 AM,5/14/2024 9:30:00 AM,5/14/2024 10:10:00 AM,Y,Law Enforcement,E LAKE RD,,28.0628804881094,-82.7060008273484,0,,CR752,,County,Curb,Not at Intersection,N,Daylight,Clear,Dry,N,Other,Pedalcycle,On Roadway,Y,Driveway/Alley Access Related,None,,,None,,,N,,,,,TPR,Florida Highway Patrol,Florida Highway Patrol (FHP),5/23/2024 1:15:00 AM,5/23/2024 1:15:00 AM,9,N,Bicycle,Bicycle,No Injury,No Injury,DAY,N,N,N,N,N,N,N,N,N,2,0,0,0,0,0,0,0,0,0,0,1,1,0,1,1,0,0,0,0,0,0,0,0,0,N,0,0,Y,0,0,0,0,1,300,1,100,400,0,0,0,Preliminary,Computer mapped approximate by address,332025.0195,3105050.3873,28.0602047703251,-82.7092165757254
26343543,2024,10-JUN-2024 07:05 AM,10-JUN-2024 07:45 AM,FHP24ON0290514,L,1,2,4,36,Pinellas,Clearwater,Rural,6/10/2024 7:07:00 AM,6/10/2024 7:11:00 AM,6/10/2024 7:22:00 AM,6/10/2024 7:56:00 AM,Y,Law Enforcement,SR688,,27.8939617830452,-82.6879532499632,155,East,SR686,,State,Curb,Not at Intersection,N,Daylight,Clear,Dry,N,Other,Motor Vehicle in Transport,On Roadway,N,Driveway/Alley Access Related,None,,,None,,,N,,,,,TPR,Florida Highway Patrol,Florida Highway Patrol (FHP),6/16/2024 7:13:00 PM,6/16/2024 7:13:00 PM,6,Y,Single Vehicle,Other,Injury,Non-Incapacitating Injury,DAY,N,N,N,N,N,N,N,N,N,1,1,0,1,0,0,0,0,0,0,0,1,1,0,1,0,0,0,0,0,0,0,0,0,0,N,0,0,Y,0,0,1,0,1,500,1,500,1000,1,0,0,Preliminary,Editor Mapped,333896.8649,3086613.1298,27.8940739720282,-82.6875844650979
26343633,2024,23-JUL-2024 06:43 PM,23-JUL-2024 07:29 PM,FHP24ON0367510,L,1,2,19,42,Brevard,Melbourne,Rural,7/23/2024 6:48:00 PM,7/23/2024 6:51:00 PM,7/23/2024 7:02:00 PM,7/23/2024 8:52:00 PM,Y,Law Enforcement,BLANCHE AVENUE,,28.13353,-80.69468,0,,AURORA ROAD,,Local,Unpaved,T-Intersection,N,Daylight,Clear,Dry,N,Other,Other Non-Fixed Object,On Roadway,N,Intersection,None,,,None,,,N,,,,,TPR,Florida Highway Patrol,Florida Highway Patrol (FHP),8/3/2024 7:19:00 PM,8/3/2024 7:19:00 PM,11,Y,Single Vehicle,Other,Injury,Non-Incapacitating Injury,DAY,N,N,N,N,N,N,Y,N,N,0,2,1,1,0,0,0,0,0,0,0,1,1,0,1,0,0,0,0,0,0,0,0,0,0,N,0,0,Y,0,0,2,0,0,0,1,100,100,1,0,0,Preliminary,Computer plot approximate by lat/long,529983.1052,3112031.4033,28.1335247347512,-80.6946771669428
26343659,2024,13-AUG-2024 02:57 PM,13-AUG-2024 03:37 PM,FHP24ON0404798,L,1,2,19,32,Brevard,Cocoa,Rural,8/13/2024 3:02:00 PM,8/13/2024 3:12:00 PM,8/13/2024 3:26:00 PM,8/13/2024 4:29:00 PM,Y,Law Enforcement,HOMESTEAD AVE,,28.47182,-80.82411,50,South,ARUIN STREET,,Local,Unpaved,Not at Intersection,N,Daylight,Clear,Dry,N,Angle,Pedalcycle,On Roadway,N,Non-Junction,None,,,None,,,N,,,,,TPR,Florida Highway Patrol,Florida Highway Patrol (FHP),8/24/2024 7:26:00 PM,8/24/2024 7:26:00 PM,11,Y,Bicycle,Bicycle,Injury,Non-Incapacitating Injury,DAY,N,N,N,N,N,N,N,N,N,0,2,1,1,0,0,0,0,0,0,0,1,1,0,1,0,0,0,0,0,0,0,0,0,0,N,0,0,Y,0,0,0,0,1,500,1,1000,1500,1,0,0,Preliminary,Editor Mapped,517217.9471,3149253.5294,28.46975145947,-80.824114498787
26344032,2024,28-MAY-2024 05:46 PM,28-MAY-2024 06:53 PM,FHP24ON0268385,L,1,2,28,0,Pasco,Unincorporated,Rural,5/28/2024 5:46:00 PM,5/28/2024 6:37:00 PM,5/28/2024 6:46:00 PM,5/28/2024 7:12:00 PM,Y,Law Enforcement,U.S. HWY 19 (SR-55),,28.31307,-82.69923,25,South,TUDOR LN,,U.S.,Paved,T-Intersection,N,Daylight,Clear,Dry,N,Other,Pedalcycle,On Roadway,N,Intersection-Related,None,,,None,,,N,,,,,TPR,Florida Highway Patrol,Florida Highway Patrol (FHP),5/31/2024 7:34:00 PM,5/31/2024 7:34:00 PM,3,Y,Bicycle,Bicycle,Injury,Possible Injury,DAY,N,N,N,N,N,N,Y,N,N,1,1,1,0,0,0,0,0,0,0,0,1,1,0,1,0,0,0,0,0,0,0,0,0,0,N,0,0,Y,0,0,0,0,0,0,1,200,200,1,0,0,Preliminary,Editor Mapped,333401.1327,3133046.4542,28.3129889779912,-82.6992093873804
26344128,2024,26-MAY-2024 12:00 AM,26-MAY-2024 02:54 AM,FHP24ON0263714,L,1,3,7,46,Orange,Orlando,Rural,5/26/2024 12:50:00 AM,5/26/2024 2:15:00 AM,5/26/2024 2:15:00 AM,5/26/2024 2:54:00 AM,Y,Law Enforcement,INTERNATIONAL DR,,28.4333864161436,-81.4716912679285,40,North,SAMONAN CT,,Local,Curb,Not at Intersection,N,Dark - Lighted,Clear,Dry,N,Other,Pedalcycle,On Roadway,N,Non-Junction,None,,,None,,,N,,,,,TPR,Florida Highway Patrol,Florida Highway Patrol (FHP),6/5/2024 8:46:00 PM,6/5/2024 8:46:00 PM,10,Y,Bicycle,Bicycle,Injury,Possible Injury,NIGHT,N,N,N,N,N,N,N,N,N,2,1,1,0,0,0,0,0,0,0,0,2,2,0,1,0,0,0,0,0,0,0,0,0,0,N,0,0,Y,0,0,1,0,2,3000,1,4500,7500,1,0,0,Preliminary,Editor Mapped,453801.6057,3145323.722,28.4335745150384,-81.4717646632855
26344187,2024,10-JUN-2024 12:34 PM,10-JUN-2024 02:30 PM,FHP24ON0291047,L,1,4,7,0,Orange,Unincorporated,Rural,6/10/2024 12:41:00 PM,6/10/2024 2:01:00 PM,6/10/2024 2:23:00 PM,6/10/2024 3:00:00 PM,Y,Law Enforcement,10005 TYSON ROAD,,28.3782475912347,-81.2430084706235,321,East,TYSON ROAD,,Private Roadway,Curb,Not at Intersection,N,Daylight,Clear,Dry,N,Angle,Pedalcycle,On Roadway,N,Driveway/Alley Access Related,None,,,None,,,N,,,,,TPR,Florida Highway Patrol,Florida Highway Patrol (FHP),6/18/2024 7:53:00 PM,6/18/2024 7:53:00 PM,8,Y,Bicycle,Bicycle,Serious Injury,Incapacitating Injury,DAY,N,N,N,N,N,N,N,N,N,2,2,0,0,2,0,0,0,0,0,0,2,2,0,1,0,0,1,0,0,0,0,0,0,0,N,0,0,Y,2,0,0,0,1,500,1,4500,5000,2,0,0,Preliminary,Editor Mapped,476151.9281,3139129.4058,28.3782600376785,-81.2434042728451
26344304,2024,09-MAY-2024 07:12 PM,09-MAY-2024 08:59 PM,FHP24ON0233410,L,1,2,7,0,Orange,Unincorporated,Urban,5/9/2024 7:17:00 PM,5/9/2024 7:57:00 PM,5/9/2024 8:57:00 PM,5/9/2024 10:30:00 PM,Y,Law Enforcement,GOOD HOMES RD,,28.5509695168126,-81.5049546568671,0,,SR 50 ( W COLONIAL DR),,County,Curb,Not at Intersection,N,Daylight,Clear,Dry,N,Other,Pedalcycle,Roadside,N,Non-Junction,None,,,None,,,N,,,,,TPR,Florida Highway Patrol,Florida Highway Patrol (FHP),5/23/2024 1:15:00 AM,5/23/2024 1:15:00 AM,14,Y,Bicycle,Bicycle,Injury,Non-Incapacitating Injury,NIGHT,N,N,N,Y,N,N,N,N,N,1,1,0,1,0,0,0,0,0,0,0,1,1,0,1,0,0,0,0,0,0,0,0,0,0,N,0,0,Y,0,0,1,0,1,3000,1,1000,4000,1,0,0,Preliminary,Editor Mapped,450607.0656,3158342.0159,28.550964527779,-81.5049442679999
26345776,2024,30-APR-2024 04:27 PM,30-APR-2024 05:08 PM,FHP24ON0216487,L,1,2,3,0,Hillsborough,Unincorporated,Rural,4/30/2024 4:28:00 PM,4/30/2024 4:31:00 PM,4/30/2024 4:58:00 PM,4/30/2024 5:21:00 PM,Y,Law Enforcement,AYERSWORTH GLEN BLVD,,27.7627454308863,-82.3351176948936,0,,US HIGHWAY 301 (SR-43),,Local,Curb,T-Intersection,N,Daylight,Clear,Dry,N,Other,Pedestrian,On Roadway,N,Intersection,None,,,None,,,N,,,,,TPR,Florida Highway Patrol,Florida Highway Patrol (FHP),5/1/2024 10:00:00 PM,5/1/2024 10:00:00 PM,1,Y,Pedestrian,Pedestrian,Injury,Possible Injury,DAY,N,N,N,N,N,Y,Y,N,N,0,2,2,0,0,0,0,0,0,0,0,1,1,0,1,0,0,0,0,0,0,0,0,0,0,N,0,0,Y,0,0,0,0,1,200,0,0,200,0,0,0,Preliminary,Editor Mapped,368468.8638,3071638.0659,27.7627761195179,-82.334771206391
26346195,2024,01-AUG-2024 04:23 PM,01-AUG-2024 05:50 PM,FHP24ON0383230,L,1,2,26,40,Osceola,Kissimmee,Rural,8/1/2024 4:26:00 PM,8/1/2024 5:02:00 PM,8/1/2024 5:50:00 PM,8/1/2024 6:34:00 PM,Y,Law Enforcement,U.S. 192 (SR-500 / IRLO BRONSON MEMORIAL HWY),,28.26855,-81.33586,0,,FLORENCE DRIVE,,Local,Paved,Not at Intersection,N,Daylight,Clear,Dry,N,Other,Motor Vehicle in Transport,On Roadway,N,Intersection-Related,None,,,None,,,N,,,,,TPR,Florida Highway Patrol,Florida Highway Patrol (FHP),8/8/2024 7:23:00 PM,8/8/2024 7:23:00 PM,7,Y,Single Vehicle,Other,Injury,Possible Injury,DAY,N,N,N,Y,N,N,Y,N,N,1,1,1,0,0,0,0,0,0,0,0,1,1,0,1,0,0,0,0,0,0,0,0,0,0,N,0,0,Y,0,0,0,0,1,300,1,5,305,0,0,0,Preliminary,Editor Mapped,467038.2051,3126980.1955,28.2683947274639,-81.3360768615379
26346199,2024,09-AUG-2024 03:51 PM,09-AUG-2024 04:49 PM,FHP24ON0398208,L,1,4,26,40,Osceola,Kissimmee,Rural,8/9/2024 3:54:00 PM,8/9/2024 4:02:00 PM,8/9/2024 4:45:00 PM,8/9/2024 5:10:00 PM,Y,Law Enforcement,PALMETTO ROAD,,28.32336,-81.48868,0,,POMPANO DRIVE,,Local,Curb,Four-Way Intersection,N,Daylight,Clear,Dry,N,Other,Pedestrian,On Roadway,N,Intersection,None,,,None,,,N,,,,,TPR,Florida Highway Patrol,Florida Highway Patrol (FHP),8/19/2024 7:37:00 PM,8/19/2024 7:37:00 PM,10,Y,Pedestrian,Pedestrian,Injury,Non-Incapacitating Injury,DAY,N,N,N,N,N,N,Y,N,N,1,3,0,3,0,0,0,0,0,0,0,3,1,2,1,0,0,0,0,0,0,0,0,0,0,Y,0,0,Y,0,0,1,0,1,500,1,2000,2500,3,0,0,Preliminary,Editor Mapped,452095.8738,3133121.9699,28.3233743091797,-81.4886774911405
26346998,2024,29-JUL-2024 05:15 PM,29-JUL-2024 05:42 PM,FHP24ON0378018,L,1,1,28,0,Pasco,Unincorporated,Rural,7/29/2024 5:18:00 PM,7/29/2024 5:20:00 PM,7/29/2024 5:35:00 PM,7/29/2024 5:56:00 PM,Y,Law Enforcement,ACHASTA BOULEVARD,,28.34351,-82.56981,,,CAP CANA WAY,,Local,Unpaved,Not at Intersection,N,Daylight,Cloudy,Dry,N,Other,Parked Motor Vehicle,On Roadway,N,Non-Junction,None,,,None,,,N,,,,,TPR,Florida Highway Patrol,Florida Highway Patrol (FHP),8/2/2024 7:34:00 PM,8/2/2024 7:34:00 PM,4,N,Single Vehicle,Other,No Injury,No Injury,DAY,N,N,N,N,N,N,N,N,N,1,0,0,0,0,0,0,0,0,0,0,1,1,0,0,0,0,0,0,0,0,0,0,0,0,N,0,0,Y,0,0,0,0,0,0,1,50,50,0,0,0,Preliminary,Editor Mapped,346134.5231,3136256.1161,28.3435060784141,-82.5698035559382
26348479,2024,08-JUL-2024 10:10 AM,08-JUL-2024 11:23 AM,FHP24ON0340728,L,1,2,4,0,Pinellas,Unincorporated,Rural,7/8/2024 10:15:00 AM,7/8/2024 10:25:00 AM,7/8/2024 11:08:00 AM,7/8/2024 11:55:00 AM,Y,Law Enforcement,DRIVEWAY AT 32581 US-19 N,,28.06998,-82.73877,392,North,US-19 (STATE ROAD 55),,Private Roadway,Unpaved,Not at Intersection,N,Daylight,Clear,Dry,N,Angle,Pedalcycle,Shoulder,N,Driveway/Alley Access Related,None,,,None,,,N,,,,,TPR,Florida Highway Patrol,Florida Highway Patrol (FHP),7/10/2024 9:52:00 PM,7/10/2024 9:52:00 PM,2,Y,Bicycle,Bicycle,Injury,Non-Incapacitating Injury,DAY,N,N,N,N,N,N,N,N,N,1,1,0,1,0,0,0,0,0,0,0,1,1,0,1,1,0,0,0,0,0,0,0,0,0,N,0,0,Y,0,0,1,0,1,200,1,200,400,0,0,0,Preliminary,Editor Mapped,329149.1737,3105990.1625,28.0683170389289,-82.7386051172968
26350528,2024,22-MAY-2024 11:10 AM,22-MAY-2024 11:34 AM,FHP24ON0256493,S,1,2,28,0,Pasco,Unincorporated,Rural,5/22/2024 11:17:00 AM,5/22/2024 11:18:00 AM,5/22/2024 11:29:00 AM,5/22/2024 11:56:00 AM,Y,Law Enforcement,RIDGE ROAD,,28.28042,-82.70159,0,,CUSTOM BOULEVARD,,County,Paved,Four-Way Intersection,N,Daylight,Clear,Dry,N,Other,Pedalcycle,On Roadway,N,Intersection,None,,,None,,,N,,,,,TPR,Florida Highway Patrol,Florida Highway Patrol (FHP),5/23/2024 7:24:00 PM,5/23/2024 7:24:00 PM,1,N,Bicycle,Bicycle,No Injury,No Injury,DAY,N,N,N,N,N,N,Y,N,N,2,0,0,0,0,0,0,0,0,0,0,1,1,0,1,0,0,0,0,0,0,0,0,0,0,N,0,0,Y,0,0,0,0,1,300,0,0,300,0,0,0,Preliminary,Computer mapped approximate by address,333104.6885,3129458.1878,28.2805747127861,-82.701716609379
26352456,2024,07-MAY-2024 03:30 PM,07-MAY-2024 05:04 PM,FHP24ON0229326,L,1,2,7,0,Orange,Unincorporated,Rural,5/7/2024 3:37:00 PM,5/7/2024 4:25:00 PM,5/7/2024 5:05:00 PM,5/7/2024 6:22:00 PM,Y,Law Enforcement,HEADLEE DRIVE,,28.4822779057351,-81.3039066940926,91,North,EDMEE CIRCLE,,Local,Unpaved,Not at Intersection,N,Daylight,Clear,Dry,N,Other,Pedalcycle,On Roadway,N,Non-Junction,None,,,None,,,N,,,,,TPR,Florida Highway Patrol,Florida Highway Patrol (FHP),5/9/2024 1:08:00 AM,5/9/2024 1:08:00 AM,2,Y,Bicycle,Bicycle,Injury,Non-Incapacitating Injury,DAY,N,N,N,N,N,N,N,N,N,1,1,0,1,0,0,0,0,0,0,0,1,1,0,1,1,0,0,0,0,0,0,0,0,0,N,0,0,Y,0,0,0,0,1,200,1,500,700,1,0,0,Preliminary,Editor Mapped,470254.58,3150651.9859,28.4821490103675,-81.3038916316743
26352601,2024,02-JUN-2024 02:40 PM,02-JUN-2024 03:38 PM,FHP24ON0277212,L,1,5,2,38,Duval,Jacksonville,Urban,6/2/2024 2:57:00 PM,6/2/2024 3:02:00 PM,6/2/2024 3:21:00 PM,6/2/2024 6:36:00 PM,Y,Law Enforcement,US 90 (BEACH BLVD),,30.28701,-81.52581,65,West,SAINT JOHNS BLUFF RD S,,U.S.,Curb,Not at Intersection,N,Daylight,Cloudy,Dry,N,Front to Front,Pedalcycle,On Roadway,N,Non-Junction,None,,,None,,,N,,,,,TPR,Florida Highway Patrol,Florida Highway Patrol (FHP),6/7/2024 7:24:00 PM,6/7/2024 7:24:00 PM,5,Y,Bicycle,Bicycle,Serious Injury,Incapacitating Injury,DAY,N,N,N,Y,N,N,N,Y,N,0,5,4,0,1,0,0,0,0,0,0,1,1,0,1,0,0,3,0,0,0,0,0,0,0,N,0,0,Y,1,0,0,0,0,0,1,4000,4000,5,0,0,Preliminary,Editor Mapped,449686.0217,3350684.0453,30.2868214944506,-81.5231786313633
26353810,2024,10-JUN-2024 04:09 PM,10-JUN-2024 04:49 PM,FHP24ON0291479,S,1,2,4,0,Pinellas,Unincorporated,Rural,6/10/2024 4:11:00 PM,6/10/2024 4:13:00 PM,6/10/2024 4:28:00 PM,6/10/2024 5:16:00 PM,Y,Law Enforcement,SHORELINE DR,,28.09193,-82.7232,0,,COBBS WAY,,Local,Curb,Four-Way Intersection,N,Daylight,Clear,Dry,N,Angle,Pedalcycle,On Roadway,N,Intersection,None,,,None,,,N,,,,,TPR,Florida Highway Patrol,Florida Highway Patrol (FHP),6/11/2024 7:55:00 PM,6/11/2024 7:55:00 PM,1,N,Bicycle,Bicycle,No Injury,No Injury,DAY,N,N,N,N,N,N,Y,N,N,2,0,0,0,0,0,0,0,0,0,0,1,1,0,1,0,0,0,0,0,0,0,0,0,0,N,0,0,Y,0,0,0,0,1,1,1,1000,1001,0,0,0,Preliminary,Computer mapped confident by address,330700.6595,3108584.4736,28.0919247832351,-82.7231965263084
26356023,2024,17-MAY-2024 10:50 AM,17-MAY-2024 11:26 AM,FHP24ON0247275,L,1,2,3,0,Hillsborough,Unincorporated,Rural,5/17/2024 10:58:00 AM,5/17/2024 11:00:00 AM,5/17/2024 11:10:00 AM,5/17/2024 11:27:00 AM,Y,Law Enforcement,SR580,,27.9966635833302,-82.5654091619615,0,,AMBASSADOR DR,,State,Paved,T-Intersection,N,Daylight,Clear,Dry,N,Other,Overturn/Rollover,On Roadway,Y,Intersection,None,,,None,,,N,,,,,TPR,Florida Highway Patrol,Florida Highway Patrol (FHP),5/29/2024 7:44:00 PM,5/29/2024 7:44:00 PM,12,Y,Rollover,Rollover,Injury,Possible Injury,DAY,N,N,N,N,N,N,Y,N,N,1,1,1,0,0,0,0,0,0,0,0,1,1,0,1,1,0,0,0,0,0,0,0,0,0,N,0,0,Y,0,0,0,0,1,700,0,0,700,1,0,0,Preliminary,Editor Mapped,346065.1066,3097830.2511,27.9967552287954,-82.5654550829104
26356612,2024,10-JUL-2024 09:14 AM,10-JUL-2024 09:53 AM,FHP24ON0344076,L,1,2,1,66,Miami-Dade,Miami,Rural,7/10/2024 9:14:00 AM,7/10/2024 9:16:00 AM,7/10/2024 9:49:00 AM,7/10/2024 10:39:00 AM,Y,Law Enforcement,8798 SW 147TH AVE,,25.68499,-80.43006,0,,SW 147 AVE,,State,Curb,Four-Way Intersection,N,Daylight,Cloudy,Dry,N,Other,Pedalcycle,On Roadway,N,Intersection,None,,,None,,,N,,,,,TPR,Florida Highway Patrol,Florida Highway Patrol (FHP),7/13/2024 7:19:00 PM,7/13/2024 7:19:00 PM,3,Y,Bicycle,Bicycle,Injury,Non-Incapacitating Injury,DAY,N,N,N,N,N,N,Y,N,N,1,1,0,1,0,0,0,0,0,0,0,1,1,0,1,1,0,0,0,0,0,0,0,0,0,N,0,0,Y,0,0,1,0,0,0,1,2000,2000,1,0,0,Preliminary,Editor Mapped,557220.4265,2840902.9123,25.6848117829857,-80.4297588223911
26357842,2024,20-MAY-2024 12:58 PM,20-MAY-2024 02:31 PM,FHP24ON0253069,S,1,2,7,0,Orange,Unincorporated,Rural,5/20/2024 1:03:00 PM,5/20/2024 2:00:00 PM,5/20/2024 2:31:00 PM,5/20/2024 3:04:00 PM,Y,Law Enforcement,STATE ROAD 436 (NORTH SEMORAN BOULEVARD),,28.5990189678982,-81.3071867198337,0,,DRIGGS DRIVE,,State,Curb,T-Intersection,N,Daylight,Clear,Dry,N,Other,Motor Vehicle in Transport,On Roadway,N,Intersection,None,,,None,,,N,,,,,TPR,Florida Highway Patrol,Florida Highway Patrol (FHP),5/23/2024 1:15:00 AM,5/23/2024 1:15:00 AM,3,N,Single Vehicle,Other,No Injury,No Injury,DAY,N,N,N,Y,N,N,Y,N,N,2,0,0,0,0,0,0,0,0,0,0,1,1,0,1,1,0,0,0,0,0,0,0,0,0,N,0,0,Y,0,0,0,0,0,0,1,250,250,0,0,0,Preliminary,Computer mapped approximate by address,469945.6596,3163609.7581,28.5991046382238,-81.3073869829453
26357848,2024,21-MAY-2024 07:02 PM,21-MAY-2024 07:38 PM,FHP24ON0255571,L,1,2,7,0,Orange,Unincorporated,Rural,5/21/2024 7:07:00 PM,5/21/2024 7:27:00 PM,5/21/2024 7:32:00 PM,5/21/2024 8:16:00 PM,Y,Law Enforcement,NORTH CHICKASAW TRAIL,,28.5594539346688,-81.2777366019473,47,South,NIAGARA FALLS COURT,,Local,Unpaved,Not at Intersection,N,Daylight,Clear,Dry,N,Other,Pedalcycle,On Roadway,N,Non-Junction,None,,,None,,,N,,,,,TPR,Florida Highway Patrol,Florida Highway Patrol (FHP),5/29/2024 7:44:00 PM,5/29/2024 7:44:00 PM,8,Y,Bicycle,Bicycle,Injury,Non-Incapacitating Injury,NIGHT,N,N,N,N,N,N,N,N,N,1,1,0,1,0,0,0,0,0,0,0,1,1,0,1,0,0,0,0,0,0,0,0,0,0,N,0,0,Y,0,0,1,0,1,250,1,500,750,1,0,0,Preliminary,Editor Mapped,472834.7999,3159209.4353,28.5594492075553,-81.277733643114
26359470,2024,22-MAY-2024 08:19 PM,23-MAY-2024 01:24 AM,FHP24ON0257566,L,1,3,28,0,Pasco,Unincorporated,Rural,5/22/2024 8:19:00 PM,5/23/2024 2:38:00 AM,5/23/2024 2:58:00 AM,5/23/2024 4:14:00 AM,Y,Law Enforcement,GRAND CYPRESS DRIVE,,28.1941576387098,-82.394978891862,,,SIERRA CENTER BOULEVARD,,Private Roadway,Curb,Traffic Circle,N,Dark - Lighted,Clear,Dry,N,Other,Pedalcycle,On Roadway,N,Other,None,,,None,,,N,,,,,TPR,Florida Highway Patrol,Florida Highway Patrol (FHP),5/29/2024 7:44:00 PM,5/29/2024 7:44:00 PM,7,Y,Bicycle,Bicycle,Injury,Non-Incapacitating Injury,NIGHT,N,N,N,N,N,N,N,N,N,2,1,0,1,0,0,0,0,0,0,0,1,1,0,1,0,0,1,0,0,0,0,0,0,0,N,0,0,Y,0,0,0,0,0,0,1,500,500,1,0,0,Preliminary,Editor Mapped,363083.9132,3119496.1606,28.1941404182022,-82.3949514199761
26362588,2024,05-SEP-2024 01:42 PM,05-SEP-2024 02:14 PM,FHP24ON0446429,L,1,2,21,50,Gadsden,Quincy,Rural,9/5/2024 1:47:00 PM,9/5/2024 1:50:00 PM,9/5/2024 1:57:00 PM,9/5/2024 5:27:00 PM,Y,Law Enforcement,US HIGHWAY 90,,30.58418,-84.61188,0,,BEN BOSTIC RD,,U.S.,Curb,Four-Way Intersection,N,Daylight,Clear,Dry,N,"Sideswipe, Same Direction",Pedalcycle,On Roadway,Y,Intersection,None,,,None,,,N,,,,,TPR,Florida Highway Patrol,Florida Highway Patrol (FHP),9/12/2024 7:27:00 PM,9/12/2024 7:27:00 PM,7,Y,Bicycle,Bicycle,Injury,Possible Injury,DAY,N,N,N,N,N,N,Y,N,N,1,1,1,0,0,0,0,0,0,0,0,1,1,0,1,0,0,0,0,0,0,0,0,0,0,N,0,0,Y,0,0,1,0,1,200,1,200,400,1,0,0,Preliminary,Editor Mapped,153588.2505,3389084.8762,30.5842215712051,-84.611894593662
26364221,2024,05-JUN-2024 09:20 PM,05-JUN-2024 10:16 PM,FHP24ON0283135,L,1,2,33,0,Santa Rosa,Unincorporated,Rural,6/5/2024 9:22:00 PM,6/5/2024 9:27:00 PM,6/5/2024 9:40:00 PM,6/5/2024 10:41:00 PM,Y,Law Enforcement,US-98 (SR-30),,30.38943,-87.06992,160,West,TIGER POINT BOULEVARD,,U.S.,Unpaved,Not at Intersection,N,Dark - Not Lighted,Clear,Dry,N,Other,Pedestrian,On Roadway,N,Non-Junction,None,,,None,,,Y,Activity Area,Work on Shoulder or Median,N,N,TPR,Florida Highway Patrol,Florida Highway Patrol (FHP),6/15/2024 7:21:00 PM,6/15/2024 7:21:00 PM,10,Y,Pedestrian,Pedestrian,Serious Injury,Incapacitating Injury,NIGHT,N,N,N,N,N,N,N,N,N,1,1,0,0,1,0,0,0,0,0,0,1,1,0,1,1,0,0,0,0,0,0,0,0,0,N,0,0,Y,1,0,1,0,1,100,1,3000,3100,1,0,0,Preliminary,Editor Mapped,-83723.5944999997,3377590.5396,30.3891779346421,-87.070495759808
26364392,2024,30-JUN-2024 06:50 PM,30-JUN-2024 09:30 PM,FHP24ON0328025,L,1,1,29,51,Columbia,Lake City,Rural,6/30/2024 8:30:00 PM,6/30/2024 8:47:00 PM,6/30/2024 9:03:00 PM,6/30/2024 10:00:00 PM,Y,Law Enforcement,SW PHEASANT WAY,,30.1413337734171,-82.6948957298066,24,North,SW WILSHIRE DR,,Local,Unpaved,T-Intersection,N,Daylight,Clear,Dry,N,Front to Rear,Motor Vehicle in Transport,On Roadway,N,Intersection,None,,,None,,,N,,,,,TPR,Florida Highway Patrol,Florida Highway Patrol (FHP),7/11/2024 7:21:00 PM,7/11/2024 7:21:00 PM,11,Y,Single Vehicle,Other,Serious Injury,Incapacitating Injury,DAY,N,N,N,N,N,Y,Y,N,N,0,1,0,0,1,0,0,0,0,0,0,1,1,0,0,0,0,0,0,0,0,0,0,0,0,N,0,0,Y,1,0,0,0,0,0,0,0,0,0,0,1,Preliminary,Editor Mapped,336744.7995,3335661.1884,30.1413516251838,-82.6949653057025
26364425,2024,25-JUN-2024 08:55 PM,25-JUN-2024 09:59 PM,FHP24ON0319134,L,1,5,47,0,Citrus,Unincorporated,Rural,6/25/2024 8:57:00 PM,6/25/2024 8:59:00 PM,6/25/2024 9:07:00 PM,6/25/2024 10:29:00 PM,Y,Law Enforcement,STATE ROAD 44 (WEST GULF TO LAKE HIGHWAY),,28.88635,-82.5443,535,South,6604 WEST GULF TO LAKE HIGHWAY,,Other,Curb,Not at Intersection,N,Dark - Not Lighted,Clear,Dry,N,Angle,Motor Vehicle in Transport,Roadside,N,Non-Junction,None,,,None,,,N,,,,,TPR,Florida Highway Patrol,Florida Highway Patrol (FHP),7/1/2024 7:34:00 PM,7/1/2024 7:34:00 PM,6,Y,Single Vehicle,Other,Injury,Non-Incapacitating Injury,NIGHT,N,N,N,N,N,N,N,N,N,4,1,0,1,0,0,0,0,0,0,0,1,1,0,1,0,0,3,0,0,0,0,0,0,0,N,0,0,Y,0,0,0,0,1,1000,1,2500,3500,1,0,0,Preliminary,Editor Mapped,349338.4614,3196466.1331,28.8871656406848,-82.5450584425882
26365447,2024,17-AUG-2024 12:25 AM,17-AUG-2024 01:17 PM,FHP24ON0411963,L,2,4,40,0,Hernando,Unincorporated,Rural,8/17/2024 12:34:00 PM,8/17/2024 12:34:00 PM,8/17/2024 12:34:00 PM,8/17/2024 3:07:00 PM,Y,Law Enforcement,SPRING HILL DRIVE,,28.4651785634965,-82.5149376440259,236,West,MARBLE AVENUE,,County,Unpaved,Not at Intersection,N,Daylight,Clear,Dry,N,Other,Pedalcycle,On Roadway,N,Non-Junction,None,,,None,,,N,,,,,TPR,Florida Highway Patrol,Florida Highway Patrol (FHP),8/19/2024 7:37:00 PM,8/19/2024 7:37:00 PM,2,Y,Bicycle,Bicycle,Serious Injury,Incapacitating Injury,NIGHT,N,N,N,N,N,N,N,N,N,2,2,0,0,2,0,0,0,0,0,0,2,2,0,2,1,0,0,0,0,0,0,0,0,0,N,0,0,Y,2,0,0,0,1,200,1,500,700,2,0,0,Preliminary,Editor Mapped,351680.5633,3149658.9978,28.4650877062317,-82.5149567339384
26366471,2024,11-SEP-2024 08:10 AM,11-SEP-2024 09:34 AM,FHP24ON0456944,L,1,2,7,0,Orange,Unincorporated,Rural,9/11/2024 8:23:00 AM,9/11/2024 8:25:00 AM,9/11/2024 9:09:00 AM,9/11/2024 10:30:00 AM,Y,Law Enforcement,LAKE UNDERHILL RD,,28.539230682582,-81.2821715979474,0,,STATE ROAD 551 (N GOLDENROD RD),,County,Curb,T-Intersection,N,Daylight,Clear,Dry,N,Angle,Pedalcycle,On Roadway,N,Intersection,None,,,None,,,N,,,,,TPR,Florida Highway Patrol,Florida Highway Patrol (FHP),9/19/2024 12:21:00 AM,9/19/2024 12:21:00 AM,8,Y,Bicycle,Bicycle,Injury,Possible Injury,DAY,N,N,N,N,N,N,Y,N,N,1,1,1,0,0,0,0,0,0,0,0,1,1,0,1,0,0,0,0,0,0,0,0,0,0,N,0,0,Y,0,0,1,0,1,500,1,1500,2000,1,0,0,Preliminary,Editor Mapped,472408.1094,3156973.508,28.5392577001955,-81.2820422515629
26366481,2024,17-SEP-2024 08:15 AM,17-SEP-2024 11:37 AM,FHP24ON0467692,L,1,2,7,0,Orange,Unincorporated,Rural,9/17/2024 8:31:00 AM,9/17/2024 9:23:00 AM,9/17/2024 9:46:00 AM,9/17/2024 1:43:00 PM,Y,Law Enforcement,PICKEREL CIRCLE,,28.4848638409926,-81.3965557940132,0,,U.S 441 (S ORANGE BLOSSOM TRL),,Private Roadway,Curb,Not at Intersection,N,Daylight,Clear,Dry,N,Angle,Pedalcycle,On Roadway,N,Intersection-Related,None,,,None,,,N,,,,,TPR,Florida Highway Patrol,Florida Highway Patrol (FHP),9/19/2024 7:26:00 PM,9/19/2024 7:26:00 PM,2,Y,Bicycle,Bicycle,Injury,Possible Injury,DAY,N,N,N,N,N,N,Y,N,N,1,1,1,0,0,0,0,0,0,0,0,1,1,0,1,1,0,0,0,0,0,0,0,0,0,N,0,0,Y,0,0,1,0,1,200,1,2000,2200,1,0,0,Preliminary,Editor Mapped,461177.2739,3151072.3291,28.4857043440195,-81.3966417482257
26370841,2024,24-JUL-2024 04:55 PM,24-JUL-2024 06:07 PM,FHP24ON0369096,L,1,2,36,0,Walton,Unincorporated,Rural,7/24/2024 5:00:00 PM,7/24/2024 5:06:00 PM,7/24/2024 5:55:00 PM,7/24/2024 6:53:00 PM,Y,Law Enforcement,US-98 (SR-30),,30.3772828013682,-86.3393354433763,0,,HIDDEN DUNES DRIVE E,,U.S.,Curb,T-Intersection,N,Daylight,Cloudy,Dry,N,Other,Pedalcycle,On Roadway,N,Intersection-Related,None,,,None,,,N,,,,,TPR,Florida Highway Patrol,Florida Highway Patrol (FHP),7/26/2024 7:37:00 PM,7/26/2024 7:37:00 PM,2,Y,Bicycle,Bicycle,Serious Injury,Incapacitating Injury,DAY,N,N,N,N,N,N,Y,N,N,1,1,0,0,1,0,0,0,0,0,0,1,1,0,1,0,0,0,0,0,0,0,0,0,0,N,0,0,Y,1,0,2,0,1,500,1,500,1000,1,0,0,Preliminary,Editor Mapped,-13378.5906999996,3372709.0379,30.3772633501714,-86.339394712111
26371466,2024,04-SEP-2024 08:10 PM,04-SEP-2024 08:49 PM,FHP24ON0445336,L,1,2,23,62,Bay,Panama City Beach,Rural,9/4/2024 8:15:00 PM,9/4/2024 8:46:00 PM,9/4/2024 8:46:00 PM,9/4/2024 8:49:00 PM,Y,Law Enforcement,VENADO PL,,30.24552,-85.92334,0,,US HIGHWAY 98,,U.S.,Paved,T-Intersection,N,Dark - Not Lighted,Clear,Dry,N,Other,Pedestrian,On Roadway,N,Intersection-Related,None,,,None,,,N,,,,,TPR,Florida Highway Patrol,Florida Highway Patrol (FHP),9/20/2024 7:36:00 PM,9/20/2024 7:36:00 PM,16,Y,Pedestrian,Pedestrian,Injury,Non-Incapacitating Injury,NIGHT,N,N,N,N,N,N,Y,N,N,1,1,0,1,0,0,0,0,0,0,0,1,1,0,1,1,0,0,0,0,0,0,0,0,0,N,0,0,Y,0,0,0,0,0,0,1,1000,1000,1,0,0,Preliminary,Editor Mapped,26033.5772000002,3356255.6966,30.2454381558822,-85.9233953123945
26372330,2024,10-JUL-2024 04:50 PM,10-JUL-2024 06:37 PM,FHP24ON0344897,L,1,2,7,0,Orange,Unincorporated,Rural,7/10/2024 4:57:00 PM,7/10/2024 5:40:00 PM,7/10/2024 6:30:00 PM,7/10/2024 6:52:00 PM,Y,Law Enforcement,AVALON PARK EAST BOULEVARD,,28.5138727740647,-81.1537927844116,0,,AUBURN COVE LANE,,Local,Curb,T-Intersection,N,Daylight,Clear,Dry,N,Other,Pedalcycle,On Roadway,N,Intersection,None,,,None,,,N,,,,,TPR,Florida Highway Patrol,Florida Highway Patrol (FHP),7/12/2024 7:32:00 PM,7/12/2024 7:32:00 PM,2,Y,Bicycle,Bicycle,Injury,Non-Incapacitating Injury,DAY,N,N,N,N,N,N,Y,N,N,1,1,0,1,0,0,0,0,0,0,0,1,1,0,1,0,0,0,0,0,0,0,0,0,0,N,0,0,Y,0,0,1,0,1,500,1,500,1000,1,0,0,Preliminary,Editor Mapped,484951.9603,3154138.5787,28.5138737763246,-81.1537833345565
26373815,2024,10-JUL-2024 09:15 PM,10-JUL-2024 10:24 PM,FHP24ON0345303,L,1,3,4,0,Pinellas,Unincorporated,Rural,7/10/2024 9:21:00 PM,7/10/2024 9:55:00 PM,7/10/2024 10:13:00 PM,7/10/2024 10:35:00 PM,Y,Law Enforcement,ALT US 19 (SEMINOLE BLVD),,27.8702181994454,-82.7871642006854,289,North,106TH AVE N,,U.S.,Curb,Not at Intersection,N,Dark - Lighted,Cloudy,Dry,N,Other,Motor Vehicle in Transport,On Roadway,N,Non-Junction,None,,,None,,,N,,,,,TPR,Florida Highway Patrol,Florida Highway Patrol (FHP),7/11/2024 7:21:00 PM,7/11/2024 7:21:00 PM,1,Y,Single Vehicle,Other,Injury,Non-Incapacitating Injury,NIGHT,N,N,N,N,N,Y,N,N,N,2,1,0,1,0,0,0,0,0,0,0,2,2,0,1,0,0,0,0,0,0,0,0,0,0,N,0,0,Y,0,0,0,0,1,700,0,0,700,1,0,0,Preliminary,Editor Mapped,324055.8152,3084108.4086,27.870213553541,-82.7871584179626
26376197,2024,13-OCT-2024 03:12 PM,13-OCT-2024 04:01 PM,FHP24ON0517223,L,1,2,28,0,Pasco,Unincorporated,Rural,10/13/2024 3:12:00 PM,10/13/2024 3:16:00 PM,10/13/2024 3:34:00 PM,10/13/2024 4:36:00 PM,Y,Law Enforcement,WOODBURY DRIVE,,28.31788,-82.67352,11,East,WATER OAK DRIVE,,Local,Curb,Four-Way Intersection,N,Daylight,Clear,Dry,N,Other,Pedalcycle,On Roadway,N,Intersection,None,,,Glare,,,N,,,,,MTPR,Florida Highway Patrol,Florida Highway Patrol (FHP),10/19/2024 7:26:00 PM,10/19/2024 7:26:00 PM,6,Y,Bicycle,Bicycle,Injury,Non-Incapacitating Injury,DAY,N,N,N,N,N,N,Y,N,N,1,1,0,1,0,0,0,0,0,0,0,1,1,0,1,0,0,0,0,0,0,0,0,0,0,N,0,0,Y,0,0,0,0,1,100,1,50,150,0,0,1,Preliminary,Editor Mapped,335930.7055,3133555.7223,28.3179028129445,-82.673490292051
26382403,2024,09-AUG-2024 11:20 AM,09-AUG-2024 11:42 AM,FHP24ON0397667,L,1,2,2,38,Duval,Jacksonville,Urban,8/9/2024 11:25:00 AM,8/9/2024 11:28:00 AM,8/9/2024 11:30:00 AM,8/9/2024 11:59:00 AM,Y,Law Enforcement,INTERSTATE 95 NORTHBOUND EXIT RAMP,,30.37411,-81.6702,2404,North,GOLFAIR BOULEVARD,,Interstate,Paved,T-Intersection,N,Daylight,Cloudy,Dry,N,Other,Pedalcycle,On Roadway,Y,Entrance/Exit Ramp,None,,,None,,,N,,,,,TPR,Florida Highway Patrol,Florida Highway Patrol (FHP),8/23/2024 7:40:00 PM,8/23/2024 7:40:00 PM,14,N,Bicycle,Bicycle,No Injury,No Injury,DAY,N,N,N,N,N,N,N,N,N,2,0,0,0,0,0,0,0,0,0,0,1,1,0,1,0,0,0,0,0,0,0,0,0,0,N,0,0,Y,0,0,0,0,1,10,1,10,20,0,0,0,Preliminary,Editor Mapped,435615.9249,3360438.1896,30.3741719266602,-81.6700749063624
26382722,2024,07-AUG-2024 11:00 AM,08-AUG-2024 10:59 AM,FHP24ON0395710,L,1,3,7,0,Orange,Unincorporated,Urban,8/8/2024 9:43:00 AM,8/8/2024 10:03:00 AM,8/8/2024 10:55:00 AM,8/8/2024 12:21:00 PM,Y,Law Enforcement,STATE ROAD 436 (SEMORAN BLVD),,28.67303,-81.46817,0,,WEKIWA SPRING ROAD,,State,Curb,Four-Way Intersection,N,Daylight,Clear,Dry,N,Other,Pedalcycle,On Roadway,N,Intersection,None,,,None,,,N,,,,,TPR,Florida Highway Patrol,Florida Highway Patrol (FHP),8/23/2024 7:40:00 PM,8/23/2024 7:40:00 PM,16,Y,Bicycle,Bicycle,Injury,Possible Injury,DAY,N,N,N,N,N,N,Y,N,N,2,1,1,0,0,0,0,0,0,0,0,1,1,0,1,1,0,1,0,0,0,0,0,0,0,N,0,0,Y,0,0,1,0,1,200,1,500,700,1,0,0,Preliminary,Editor Mapped,454266.7909,3171819.4239,28.6727481073618,-81.4680709456348
26383359,2024,12-JUL-2024 09:05 AM,12-JUL-2024 10:04 AM,FHP24ON0347423,L,1,3,7,46,Orange,Orlando,Rural,7/12/2024 9:12:00 AM,7/12/2024 10:03:00 AM,7/12/2024 11:09:00 AM,7/12/2024 11:50:00 AM,Y,Law Enforcement,HIAWASSEE ROAD,,28.53717,-81.47573,0,,WESTMONT DRIVE,,County,Curb,Four-Way Intersection,N,Daylight,Clear,Dry,N,Angle,Other Non-Fixed Object,On Roadway,N,Intersection,None,,,None,,,N,,,,,TPR,Florida Highway Patrol,Florida Highway Patrol (FHP),7/25/2024 7:22:00 PM,7/25/2024 7:22:00 PM,13,Y,Single Vehicle,Other,Serious Injury,Incapacitating Injury,DAY,N,N,N,N,N,N,Y,N,N,2,1,0,0,1,0,0,0,0,0,0,1,1,0,1,0,0,1,0,0,0,0,0,0,0,N,0,0,Y,1,0,1,0,1,30,1,80,110,1,0,0,Preliminary,Editor Mapped,453462.1139,3156800.7972,28.5371584898654,-81.4756954373796
26387129,2024,07-OCT-2024 12:05 PM,15-OCT-2024 07:07 AM,FHP24ON0505300,L,1,2,19,32,Brevard,Cocoa,Rural,10/7/2024 12:09:00 PM,10/7/2024 12:11:00 PM,10/7/2024 12:35:00 PM,10/7/2024 1:06:00 PM,Y,Law Enforcement,ACKERMAN AVENUE,,28.48366,-80.79094,0,,CURTIS BLVD,,County,Unpaved,T-Intersection,N,Daylight,Rain,Wet,N,Other,Pedalcycle,On Roadway,N,Intersection,Road Surface Condition,,,Weather Conditions,,,N,,,,,TPR,Florida Highway Patrol,Florida Highway Patrol (FHP),10/12/2024 7:21:00 PM,10/28/2024 7:55:00 PM,5,Y,Bicycle,Bicycle,Injury,Possible Injury,DAY,N,N,N,N,N,Y,Y,N,N,1,1,1,0,0,0,0,0,0,0,0,1,1,0,1,0,0,0,0,0,0,0,0,0,0,N,0,0,Y,0,0,2,0,1,200,1,200,400,0,0,0,Preliminary,Editor Mapped,520435.9795,3150788.1175,28.4835571047388,-80.791214446484
26387464,2024,16-AUG-2024 12:00 AM,16-AUG-2024 01:28 AM,FHP24ON0409330,L,1,4,26,40,Osceola,Kissimmee,Rural,8/16/2024 12:08:00 AM,8/16/2024 12:12:00 AM,8/16/2024 1:13:00 AM,8/16/2024 3:24:00 AM,Y,Law Enforcement,US 192 (IRLO BRONSON MEMORIAL HWY),,28.33299,-81.49754,0,,DIPLOMAT COURT,,U.S.,Curb,Not at Intersection,N,Dark - Lighted,Clear,Dry,N,Front to Rear,Motor Vehicle in Transport,On Roadway,N,Non-Junction,None,,,None,,,N,,,,,TPR,Florida Highway Patrol,Florida Highway Patrol (FHP),9/1/2024 7:15:00 PM,9/1/2024 7:15:00 PM,16,Y,Single Vehicle,Other,Fatality,Fatal (within 30 days),NIGHT,N,N,N,N,N,N,N,N,N,2,1,1,0,0,1,1,0,0,0,0,2,2,0,1,0,0,1,0,0,0,0,0,0,0,N,0,0,Y,0,1,0,0,1,250,1,500,750,1,0,0,Verified,n/a,451242.5893,3134178.8844,28.3328831267568,-81.497426130312
26388582,2024,03-AUG-2024 08:42 AM,03-AUG-2024 12:03 PM,FHP24ON0386337,L,1,1,7,46,Orange,Orlando,Rural,8/3/2024 8:47:00 AM,8/3/2024 10:56:00 AM,8/3/2024 11:30:00 AM,8/3/2024 2:00:00 PM,Y,Law Enforcement,OLD WINTER GARDEN RD,,28.5383838783978,-81.4570105081247,288,West,KIRKMAN RD,,County,Curb,Not at Intersection,N,Daylight,Clear,Dry,N,"Sideswipe, Same Direction",Pedalcycle,On Roadway,N,Non-Junction,None,,,None,,,N,,,,,TPR,Florida Highway Patrol,Florida Highway Patrol (FHP),8/16/2024 7:36:00 PM,8/16/2024 7:36:00 PM,13,Y,Bicycle,Bicycle,Injury,Non-Incapacitating Injury,DAY,N,N,N,N,N,Y,N,Y,N,0,1,0,1,0,0,0,0,0,0,0,1,1,0,0,0,0,0,0,0,0,0,0,0,0,N,0,0,Y,0,0,0,0,1,100,0,0,100,1,0,0,Preliminary,Editor Mapped,455291.2725,3156930.2871,28.5383915048779,-81.4570039034427
26389477,2024,18-AUG-2024 12:09 PM,26-AUG-2024 09:50 AM,FHP24ON0413601,L,1,2,36,0,Walton,Unincorporated,Rural,8/18/2024 12:14:00 PM,8/18/2024 12:16:00 PM,8/18/2024 12:56:00 PM,8/18/2024 1:51:00 PM,Y,Law Enforcement,US HIGHWAY 98,,30.37715,-86.34068,50,South,RUE CARIBE,,U.S.,Paved,Not at Intersection,N,Daylight,Clear,Dry,N,Angle,Pedalcycle,On Roadway,N,Non-Junction,None,,,None,,,N,,,,,TPR,Florida Highway Patrol,Florida Highway Patrol (FHP),8/27/2024 7:53:00 PM,8/27/2024 7:53:00 PM,9,Y,Bicycle,Bicycle,Injury,Possible Injury,DAY,N,N,N,N,N,N,N,N,N,1,1,1,0,0,0,0,0,0,0,0,1,1,0,1,0,0,0,0,0,0,0,0,0,0,N,0,0,Y,0,0,1,0,0,0,1,500,500,1,0,0,Preliminary,Editor Mapped,-13503.5416000001,3372685.5788,30.3769995080653,-86.3406780317809
26390316,2024,02-AUG-2024 09:00 AM,02-AUG-2024 09:00 AM,FHP24ON0384299,L,1,2,1,66,Miami-Dade,Miami,Urban,8/2/2024 9:10:00 AM,8/2/2024 10:15:00 AM,8/2/2024 11:00:00 AM,8/2/2024 1:35:00 PM,Y,Law Enforcement,INTERSTATE 395 EAST,,25.788740925826,-80.201460933025,1918,East,WATSON ISLAND,,Interstate,Paved,Not at Intersection,N,Daylight,Cloudy,Dry,N,"Sideswipe, Same Direction",Pedalcycle,On Roadway,N,Non-Junction,None,,,None,,,N,,,,,TPR,Florida Highway Patrol,Florida Highway Patrol (FHP),8/19/2024 7:37:00 PM,8/19/2024 7:37:00 PM,17,Y,Bicycle,Bicycle,Serious Injury,Incapacitating Injury,DAY,N,N,Y,N,N,N,N,Y,N,1,1,0,0,1,0,0,0,0,0,0,1,1,0,1,0,0,0,0,0,0,0,0,0,0,N,0,0,Y,1,0,1,0,1,500,1,300,800,1,0,0,Preliminary,Editor Mapped,580061.5494,2852529.0054,25.7887201043243,-80.2014450755843
26394579,2024,19-SEP-2024 11:25 PM,19-SEP-2024 11:57 PM,FHP24ON0472981,L,1,2,4,54,Pinellas,Pinellas Park,Rural,9/19/2024 11:28:00 PM,9/19/2024 11:31:00 PM,9/19/2024 11:34:00 PM,9/19/2024 11:58:00 PM,Y,Law Enforcement,PARK BLVD N,,27.83908,-82.74639,14,East,78TH AVE,,U.S.,Paved,Not at Intersection,N,Dark - Not Lighted,Clear,Dry,N,Front to Rear,Pedalcycle,On Roadway,N,Non-Junction,None,,,None,,,N,,,,,TPR,Florida Highway Patrol,Florida Highway Patrol (FHP),9/21/2024 7:23:00 PM,9/21/2024 7:23:00 PM,2,Y,Bicycle,Bicycle,Injury,Non-Incapacitating Injury,NIGHT,N,N,N,N,N,N,N,N,N,1,1,0,1,0,0,0,0,0,0,0,1,1,0,1,0,0,0,0,0,0,0,0,0,0,N,0,0,Y,0,0,0,0,0,0,1,2000,2000,1,0,0,Preliminary,Editor Mapped,328025.8412,3080598.5165,27.8390594379093,-82.7463405214851
26395405,2024,16-SEP-2024 02:14 PM,16-SEP-2024 02:48 PM,FHP24ON0466636,L,1,3,4,0,Pinellas,Unincorporated,Rural,9/16/2024 2:17:00 PM,9/16/2024 2:18:00 PM,9/16/2024 2:30:00 PM,9/16/2024 4:01:00 PM,Y,Law Enforcement,RIDGEMOOR BLVD.,,28.10055,-82.694,499,West,PINE RIDGE BLVD,,Local,Unpaved,Not at Intersection,N,Daylight,Cloudy,Dry,N,Unknown,Pedalcycle,On Roadway,N,Non-Junction,None,,,None,,,N,,,,,TPR,Florida Highway Patrol,Florida Highway Patrol (FHP),9/19/2024 7:27:00 PM,9/19/2024 7:27:00 PM,3,Y,Bicycle,Bicycle,Injury,Possible Injury,DAY,N,N,N,N,N,N,N,N,N,2,1,1,0,0,0,0,0,0,0,0,1,1,0,1,0,1,1,1,0,0,0,0,0,0,N,0,0,Y,0,0,0,0,1,300,1,500,800,1,0,0,Preliminary,Editor Mapped,333880.7494,3109499.4744,28.1005837234707,-82.6909693665231
26396232,2024,24-SEP-2024 08:46 AM,24-SEP-2024 09:57 AM,FHP24ON0480104,L,1,3,28,0,Pasco,Unincorporated,Rural,9/24/2024 8:46:00 AM,9/24/2024 8:47:00 AM,9/24/2024 9:12:00 AM,9/24/2024 9:58:00 AM,Y,Law Enforcement,BLUEBIRD DRIVE,,28.20924,-82.7255,0,,SKYLAND DR,,Local,Unpaved,T-Intersection,N,Daylight,Clear,Dry,N,Front to Rear,Pedalcycle,On Roadway,N,Intersection-Related,None,,,None,,,N,,,,,TPR,Florida Highway Patrol,Florida Highway Patrol (FHP),9/27/2024 7:27:00 PM,9/27/2024 7:27:00 PM,3,Y,Bicycle,Bicycle,Injury,Non-Incapacitating Injury,DAY,N,N,Y,N,N,N,Y,N,N,2,1,0,1,0,0,0,0,0,0,0,1,1,0,1,0,0,1,0,0,0,0,0,0,0,N,0,0,Y,0,0,0,0,1,10,1,1,11,1,0,0,Preliminary,Editor Mapped,330659.4817,3121587.89,28.2092492669527,-82.7254958912576
26399228,2024,20-SEP-2024 06:52 PM,20-SEP-2024 09:21 PM,FHP24ON0474457,L,1,2,7,0,Orange,Unincorporated,Rural,9/20/2024 6:58:00 PM,9/20/2024 7:58:00 PM,9/20/2024 9:12:00 PM,9/20/2024 9:40:00 PM,Y,Law Enforcement,3200 S GOLDENROD RD,,28.49903,-81.28551,195,West,PERSHING AVE,,Private Roadway,Curb,Not at Intersection,N,Daylight,Clear,Dry,N,Other,Pedalcycle,Off Roadway,N,Non-Junction,None,,,None,,,N,,,,,TPR,Florida Highway Patrol,Florida Highway Patrol (FHP),9/24/2024 7:53:00 PM,9/24/2024 7:53:00 PM,4,Y,Bicycle,Bicycle,Injury,Possible Injury,DAY,N,N,N,Y,N,N,N,N,N,0,2,2,0,0,0,0,0,0,0,0,1,1,0,1,0,0,0,0,0,0,0,0,0,0,N,0,0,Y,0,0,0,0,1,20,1,700,720,1,0,0,Preliminary,Editor Mapped,471999.1824,3152525.7947,28.4991016776441,-81.2861138338574
26399309,2024,16-OCT-2024 02:50 PM,16-OCT-2024 05:10 PM,FHP24ON0522547,L,1,2,7,0,Orange,Unincorporated,Rural,10/16/2024 2:54:00 PM,10/16/2024 3:10:00 PM,10/16/2024 4:00:00 PM,10/16/2024 5:00:00 PM,Y,Law Enforcement,HARBOR POINT BLVD,,28.5363970644561,-81.4759276191096,15,West,SOUTH HIAWASSEE ROAD,,Local,Curb,T-Intersection,N,Daylight,Clear,Dry,N,Angle,Pedalcycle,On Roadway,N,Intersection,None,,,None,,,N,,,,,TPR,Florida Highway Patrol,Florida Highway Patrol (FHP),10/20/2024 7:20:00 PM,10/20/2024 7:20:00 PM,4,Y,Bicycle,Bicycle,Injury,Non-Incapacitating Injury,DAY,N,N,N,N,N,Y,Y,N,N,1,1,0,1,0,0,0,0,0,0,0,1,1,0,1,0,0,0,0,0,0,0,0,0,0,N,0,0,Y,0,0,0,0,1,500,1,500,1000,1,0,0,Preliminary,Editor Mapped,453439.6928,3156715.1318,28.5363844474567,-81.4759211375516
26399319,2024,20-OCT-2024 05:15 PM,20-OCT-2024 07:02 PM,FHP24ON0530170,L,1,2,7,0,Orange,Unincorporated,Rural,10/20/2024 5:15:00 PM,10/20/2024 6:28:00 PM,10/20/2024 6:54:00 PM,10/20/2024 7:25:00 PM,Y,Law Enforcement,EAST TOWN CENTER BLVD,,28.37487,-81.36506,0,,LANDSTAR BLVD,,Local,Curb,Four-Way Intersection,N,Daylight,Clear,Dry,N,Other,Motor Vehicle in Transport,On Roadway,N,Intersection,None,,,None,,,N,,,,,TPR,Florida Highway Patrol,Florida Highway Patrol (FHP),10/24/2024 12:20:00 AM,10/24/2024 12:20:00 AM,4,N,Single Vehicle,Other,No Injury,No Injury,DAY,N,N,N,N,N,N,Y,N,N,2,0,0,0,0,0,0,0,0,0,0,1,1,0,1,0,0,0,0,0,0,0,0,0,0,N,0,0,Y,0,0,0,0,0,0,1,500,500,0,0,0,Preliminary,Editor Mapped,464227.4435,3137299.4029,28.3614696133434,-81.3650527547199
26399840,2024,27-AUG-2024 11:45 AM,27-AUG-2024 02:44 PM,FHP24ON0429642,L,1,2,7,0,Orange,Unincorporated,Rural,8/27/2024 11:51:00 AM,8/27/2024 2:00:00 PM,8/27/2024 2:45:00 PM,8/27/2024 3:45:00 PM,Y,Law Enforcement,UNIVERSITY BOULEVARD,,28.59765,-81.21007,0,,TURBINE DRIVE,,Local,Curb,Not at Intersection,N,Daylight,Clear,Dry,N,Other,Pedalcycle,On Roadway,N,Non-Junction,None,,,None,,,N,,,,,TPR,Florida Highway Patrol,Florida Highway Patrol (FHP),9/3/2024 7:34:00 PM,9/3/2024 7:34:00 PM,7,Y,Bicycle,Bicycle,Serious Injury,Incapacitating Injury,DAY,N,N,N,N,N,N,N,N,N,1,1,0,0,1,0,0,0,0,0,0,1,1,0,1,0,0,0,0,0,0,0,0,0,0,N,0,0,Y,1,0,0,0,1,250,1,1000,1250,1,0,0,Preliminary,Editor Mapped,479458.946,3163420.1495,28.5975787692175,-81.2100851371381
26402612,2024,18-AUG-2024 04:10 PM,18-AUG-2024 05:50 PM,FHP24ON0413900,L,1,1,7,0,Orange,Unincorporated,Rural,8/18/2024 4:15:00 PM,8/18/2024 5:01:00 PM,8/18/2024 5:49:00 PM,8/18/2024 7:16:00 PM,Y,Law Enforcement,STATE ROAD 436 (S SEMORAN BLVD),,28.5825459635127,-81.3070688052106,63,East,TERRY BROOK DRIVE,,State,Curb,Four-Way Intersection,N,Daylight,Clear,Dry,N,Other,Pedalcycle,On Roadway,N,Intersection,None,,,None,,,N,,,,,TPR,Florida Highway Patrol,Florida Highway Patrol (FHP),8/30/2024 7:45:00 PM,8/30/2024 7:45:00 PM,12,Y,Bicycle,Bicycle,Injury,Non-Incapacitating Injury,DAY,N,N,N,N,N,Y,Y,N,N,0,1,0,1,0,0,0,0,0,0,0,1,1,0,0,0,0,0,0,0,0,0,0,0,0,N,0,0,Y,0,0,0,0,1,250,0,0,250,1,0,0,Preliminary,Editor Mapped,469990.9304,3161775.8715,28.582552318219,-81.3068758970276
26402624,2024,28-AUG-2024 08:55 AM,28-AUG-2024 03:43 PM,FHP24ON0431634,L,1,1,7,0,Orange,Unincorporated,Urban,8/28/2024 2:22:00 PM,8/28/2024 3:13:00 PM,8/28/2024 3:41:00 PM,8/28/2024 5:24:00 PM,Y,Law Enforcement,EAST MICHIGAN STREET,,28.5132134404468,-81.3609032458098,14,West,STREET SHINE AVE,,Local,Curb,Four-Way Intersection,N,Daylight,Clear,Dry,N,Other,Pedalcycle,On Roadway,N,Intersection,None,,,None,,,N,,,,,TPR,Florida Highway Patrol,Florida Highway Patrol (FHP),9/1/2024 7:15:00 PM,9/1/2024 7:15:00 PM,4,Y,Bicycle,Bicycle,Injury,Non-Incapacitating Injury,DAY,N,N,N,N,N,Y,Y,N,N,0,1,0,1,0,0,0,0,0,0,0,1,1,0,0,0,0,0,0,0,0,0,0,0,0,N,0,0,Y,0,0,0,0,0,0,0,0,0,0,0,1,Preliminary,Editor Mapped,464682.9346,3154106.1398,28.5131886714507,-81.3609190948854
26403454,2024,06-OCT-2024 11:45 AM,06-OCT-2024 12:36 PM,FHP24ON0502983,L,1,2,19,38,Brevard,Indialantic,Urban,10/6/2024 11:51:00 AM,10/6/2024 11:55:00 AM,10/6/2024 12:16:00 PM,10/6/2024 2:01:00 PM,Y,Law Enforcement,SHORE VIEW DR AT N RIVERSIDE DR,,28.1064,-80.58254,0,,N RIVERSIDE DR,,State,Unpaved,Four-Way Intersection,N,Daylight,Rain,Wet,N,Angle,Pedalcycle,On Roadway,N,Intersection,None,,,None,,,N,,,,,TPR,Florida Highway Patrol,Florida Highway Patrol (FHP),10/12/2024 7:21:00 PM,10/12/2024 7:21:00 PM,6,Y,Bicycle,Bicycle,Serious Injury,Incapacitating Injury,DAY,N,N,N,N,N,N,Y,N,N,1,1,0,0,1,0,0,0,0,0,0,1,1,0,1,0,0,0,0,0,0,0,0,0,0,N,0,0,Y,1,0,0,0,1,2000,1,3000,5000,1,0,0,Preliminary,Editor Mapped,540995.0846,3109057.6491,28.1063853092182,-80.5826464606636
26404735,2024,02-OCT-2024 11:20 AM,02-OCT-2024 12:16 PM,FHP24ON0495123,L,1,2,15,0,Manatee,Unincorporated,Rural,10/2/2024 11:22:00 AM,10/2/2024 11:30:00 AM,10/2/2024 11:50:00 AM,10/2/2024 12:30:00 PM,Y,Law Enforcement,LAKEWOOD RANCH BLVD,,27.43205,-82.42839,0,,SR-70,,Local,Curb,Not at Intersection,Y,Daylight,Clear,Dry,N,Other,Other Non-Fixed Object,On Roadway,N,Intersection-Related,None,,,None,,,N,,,,,TPR,Florida Highway Patrol,Florida Highway Patrol (FHP),10/10/2024 12:49:00 AM,10/10/2024 12:49:00 AM,8,Y,Single Vehicle,Other,Serious Injury,Incapacitating Injury,DAY,N,N,N,N,N,N,Y,N,N,1,1,0,0,1,0,0,0,0,0,0,1,1,0,1,1,0,0,0,0,0,0,0,0,0,N,0,0,Y,1,0,0,0,1,300,1,2000,2300,1,0,0,Preliminary,Editor Mapped,358808.141,3035138.838,27.432389606136,-82.4285059148333
26404737,2024,02-OCT-2024 03:40 PM,02-OCT-2024 04:59 PM,FHP24ON0495587,L,1,2,15,0,Manatee,Unincorporated,Rural,10/2/2024 3:44:00 PM,10/2/2024 4:19:00 PM,10/2/2024 4:36:00 PM,10/2/2024 6:44:00 PM,Y,Law Enforcement,SR-70,,27.44759,-82.54495,0,,16TH STREET E,,State,Curb,T-Intersection,Y,Daylight,Cloudy,Wet,N,Other,Other Non-Fixed Object,On Roadway,N,Intersection,None,,,None,,,N,,,,,TPR,Florida Highway Patrol,Florida Highway Patrol (FHP),10/10/2024 7:26:00 PM,10/10/2024 7:26:00 PM,8,Y,Single Vehicle,Other,Serious Injury,Incapacitating Injury,DAY,N,N,N,N,N,N,Y,N,N,1,1,0,0,1,0,0,0,0,0,0,1,1,0,1,1,0,0,0,0,0,0,0,0,0,N,0,0,Y,1,0,0,0,1,500,1,2000,2500,1,0,0,Preliminary,Editor Mapped,347322.1702,3036955.0906,27.4475414543759,-82.5449103501593
26404981,2024,19-NOV-2024 02:45 PM,19-NOV-2024 03:41 PM,FHP24ON0583953,L,1,2,7,0,Orange,Unincorporated,Rural,11/19/2024 2:51:00 PM,11/19/2024 2:59:00 PM,11/19/2024 3:29:00 PM,11/19/2024 6:13:00 PM,Y,Law Enforcement,STATE ROAD 429 NORTHBOUND EXIT RAMP,,28.4196464707501,-81.630879005188,23,West,SEIDEL ROAD,,State,Unpaved,Not at Intersection,N,Daylight,Clear,Dry,N,Other,Pedestrian,On Roadway,N,Entrance/Exit Ramp,None,,,None,,,N,,,,,TPR,Florida Highway Patrol,Florida Highway Patrol (FHP),11/23/2024 7:26:00 PM,11/23/2024 7:26:00 PM,4,Y,Pedestrian,Pedestrian,Injury,Non-Incapacitating Injury,DAY,N,N,N,N,N,N,N,N,N,1,1,0,1,0,0,0,0,0,0,0,1,1,0,1,0,0,0,0,0,0,0,0,0,0,N,0,0,Y,0,0,1,0,1,400,1,400,800,0,0,1,Preliminary,Editor Mapped,438212.1072,3143850.8798,28.4196356091105,-81.6308743685056
26414708,2024,23-OCT-2024 06:42 PM,23-OCT-2024 08:37 PM,FHP24ON0536205,L,1,3,16,0,Sarasota,Unincorporated,Rural,10/23/2024 6:47:00 PM,10/23/2024 7:33:00 PM,10/23/2024 7:59:00 PM,10/23/2024 9:55:00 PM,Y,Law Enforcement,SB SOUTHGATE CIR,,27.30573,-82.5146,43,North,SIESTA DR,,Local,Paved,Not at Intersection,N,Dusk,Clear,Dry,N,Angle,Other Non-Fixed Object,On Roadway,N,Driveway/Alley Access Related,None,,,None,,,N,,,,,TPR,Florida Highway Patrol,Florida Highway Patrol (FHP),10/31/2024 2:12:00 AM,10/31/2024 2:12:00 AM,8,Y,Single Vehicle,Other,Serious Injury,Incapacitating Injury,DAY,N,N,N,N,N,N,N,N,N,1,2,1,0,1,0,0,0,0,0,0,2,1,0,1,0,0,0,0,0,0,0,0,0,0,N,0,0,Y,0,0,0,0,1,50,0,0,50,1,0,0,Preliminary,Editor Mapped,350120.7671,3021204.766,27.3057068509336,-82.514662833672
26416120,2024,28-DEC-2024 08:13 PM,28-DEC-2024 08:39 PM,FHP24ON0652639,L,1,3,16,0,Sarasota,Unincorporated,Rural,12/28/2024 8:18:00 PM,12/28/2024 8:21:00 PM,12/28/2024 8:25:00 PM,12/28/2024 8:51:00 PM,Y,Law Enforcement,BAHIA VISTA ST,,27.32285,-82.50476,0,,CARTER AVE,,Local,Curb,Not at Intersection,N,Dark - Lighted,Clear,Dry,N,Angle,Pedalcycle,On Roadway,N,Non-Junction,None,,,None,,,N,,,,,TPR,Florida Highway Patrol,Florida Highway Patrol (FHP),12/30/2024 8:04:00 PM,12/30/2024 8:04:00 PM,2,Y,Bicycle,Bicycle,Injury,Possible Injury,NIGHT,N,N,N,N,N,N,N,N,N,2,1,1,0,0,0,0,0,0,0,0,1,1,0,1,0,0,1,0,0,0,0,0,0,0,N,0,0,Y,0,0,1,0,0,0,1,3000,3000,1,0,0,Preliminary,Computer mapped confident by address,351121.0246,3023091.6784,27.3228454944243,-82.5047869748065
26416921,2024,06-NOV-2024 05:45 PM,06-NOV-2024 06:55 PM,FHP24ON0561788,L,1,3,28,0,Pasco,Unincorporated,Rural,11/6/2024 5:51:00 PM,11/6/2024 6:01:00 PM,11/6/2024 6:47:00 PM,11/6/2024 7:11:00 PM,Y,Law Enforcement,STATE ROAD 52,,28.3314364974964,-82.6441415272919,32,East,PINE FOREST DRIVE,,State,Paved,Not at Intersection,N,Dusk,Clear,Dry,N,Angle,Pedalcycle,On Roadway,N,Non-Junction,None,,,None,,,N,,,,,TPR,Florida Highway Patrol,Florida Highway Patrol (FHP),11/8/2024 7:54:00 PM,11/8/2024 7:54:00 PM,2,Y,Bicycle,Bicycle,Injury,Possible Injury,DAY,N,N,N,N,N,N,N,N,N,2,1,1,0,0,0,0,0,0,0,0,1,1,0,1,0,0,1,0,0,0,0,0,0,0,N,0,0,Y,0,0,0,0,1,500,1,500,1000,0,0,0,Preliminary,Editor Mapped,338768.6111,3134998.3852,28.3312719745753,-82.6447542085852
26417823,2024,26-OCT-2024 09:40 AM,31-OCT-2024 04:58 PM,FHP24ON0541080,L,1,1,36,0,Walton,Unincorporated,Rural,10/26/2024 9:47:00 AM,10/26/2024 9:49:00 AM,10/26/2024 10:26:00 AM,10/26/2024 11:20:00 AM,Y,Law Enforcement,US HIGHWAY 98 (EMERALD COAST PARKWAY),,30.3764,-86.34604,0,,SUNTRAP ROAD,,U.S.,Curb,Not at Intersection,N,Daylight,Clear,Dry,N,Other,Pedalcycle,On Roadway,N,Non-Junction,None,,,None,,,N,,,,,TPR,Florida Highway Patrol,Florida Highway Patrol (FHP),11/9/2024 7:29:00 PM,11/9/2024 7:29:00 PM,14,Y,Bicycle,Bicycle,Injury,Possible Injury,DAY,N,N,N,N,N,Y,N,N,N,0,1,1,0,0,0,0,0,0,0,0,1,1,0,0,0,0,0,0,0,0,0,0,0,0,N,0,0,Y,0,0,0,0,0,0,0,0,0,1,0,0,Preliminary,Computer plot approximate by lat/long,-14022.5774999997,3372642.7792,30.3763943942363,-86.3460355399969
26418621,2024,13-SEP-2024 10:10 AM,13-SEP-2024 11:03 AM,FHP24ON0461049,L,1,2,7,46,Orange,Orlando,Rural,9/13/2024 10:19:00 AM,9/13/2024 10:20:00 AM,9/13/2024 11:01:00 AM,9/13/2024 11:31:00 AM,Y,Law Enforcement,POWERS POINTE CIRCLE,,28.6047897275992,-81.4679611929523,0,,POWERS DRIVE,,County,Unpaved,T-Intersection,N,Daylight,Clear,Dry,N,Other,Pedalcycle,On Roadway,N,Intersection,None,,,None,,,N,,,,,TPR,Florida Highway Patrol,Florida Highway Patrol (FHP),9/20/2024 7:36:00 PM,9/20/2024 7:36:00 PM,7,Y,Bicycle,Bicycle,Injury,Possible Injury,DAY,N,N,N,N,N,N,Y,N,N,1,1,1,0,0,0,0,0,0,0,0,1,1,0,1,0,0,0,0,0,0,0,0,0,0,N,0,0,Y,0,0,1,0,1,100,1,150,250,0,0,0,Preliminary,Editor Mapped,454248.1458,3164290.9281,28.6047941164826,-81.4679601448486
26422705,2024,08-OCT-2024 11:30 AM,08-OCT-2024 11:54 AM,FHP24ON0507659,L,1,3,28,0,Pasco,Unincorporated,Rural,10/8/2024 11:30:00 AM,10/8/2024 11:33:00 AM,10/8/2024 11:47:00 AM,10/8/2024 1:28:00 PM,Y,Law Enforcement,25195 STATE ROAD 54,,28.1898009704428,-82.3985531402428,,,STATE ROAD 54,,Parking Lot,Paved,Not at Intersection,N,Daylight,Clear,Dry,N,Other,Motor Vehicle in Transport,On Roadway,N,Driveway/Alley Access Related,None,,,None,,,N,,,,,TPR,Florida Highway Patrol,Florida Highway Patrol (FHP),10/11/2024 7:23:00 PM,10/11/2024 7:23:00 PM,3,Y,Single Vehicle,Other,Injury,Possible Injury,DAY,N,N,N,N,N,N,N,N,N,2,1,1,0,0,0,0,0,0,0,0,1,1,0,1,0,0,1,0,0,0,0,0,0,0,N,0,0,Y,0,0,0,0,0,0,1,1000,1000,1,0,0,Preliminary,Editor Mapped,362710.8112,3119042.303,28.190005860735,-82.3986984682493
26425281,2024,15-DEC-2024 09:35 PM,15-DEC-2024 10:22 PM,FHP24ON0630634,L,1,2,14,0,Marion,Unincorporated,Rural,12/15/2024 9:40:00 PM,12/15/2024 9:46:00 PM,12/15/2024 10:13:00 PM,12/15/2024 10:44:00 PM,Y,Law Enforcement,COUNTY ROAD 484,,29.02657,-82.07032,200,East,SE 47TH AVENUE,,County,Unpaved,Not at Intersection,N,Dark - Not Lighted,Clear,Dry,N,Other,Pedalcycle,On Roadway,N,Non-Junction,None,,,None,,,N,,,,,TPR,Florida Highway Patrol,Florida Highway Patrol (FHP),12/21/2024 7:27:00 PM,12/21/2024 7:27:00 PM,6,Y,Bicycle,Bicycle,Injury,Non-Incapacitating Injury,NIGHT,N,N,N,N,N,N,N,N,N,1,1,0,1,0,0,0,0,0,0,0,1,1,0,1,0,0,0,0,0,0,0,0,0,0,N,0,0,Y,0,0,1,0,1,500,1,500,1000,1,0,0,Preliminary,Editor Mapped,395832.9451,3211419.02,29.0267307146024,-82.0697199042641
26430031,2024,25-SEP-2024 08:00 AM,25-SEP-2024 08:44 AM,FHP24ON0481969,L,1,2,7,0,Orange,Unincorporated,Rural,9/25/2024 8:12:00 AM,9/25/2024 8:15:00 AM,9/25/2024 8:30:00 AM,9/25/2024 11:04:00 AM,Y,Law Enforcement,STATE ROAD 438 (SILVER STAR ROAD),,28.5779,-81.46002,226,West,HASTINGS STREET,,State,Curb,Not at Intersection,N,Daylight,Clear,Dry,N,Other,Motor Vehicle in Transport,On Roadway,N,Non-Junction,None,,,None,,,N,,,,,TPR,Florida Highway Patrol,Florida Highway Patrol (FHP),10/10/2024 12:49:00 AM,10/10/2024 12:49:00 AM,15,N,Single Vehicle,Other,No Injury,No Injury,DAY,N,N,N,N,N,N,N,N,N,2,0,0,0,0,0,0,0,0,0,0,1,1,0,1,0,0,0,0,0,0,0,0,0,0,N,0,0,Y,0,0,1,0,0,0,1,500,500,0,0,0,Preliminary,Editor Mapped,454945.0559,3161297.3033,28.5777974037472,-81.4607143586257
26430376,2024,06-OCT-2024 04:25 PM,06-OCT-2024 05:11 PM,FHP24ON0503514,S,1,2,7,0,Orange,Unincorporated,Rural,10/6/2024 4:30:00 PM,10/6/2024 4:42:00 PM,10/6/2024 5:01:00 PM,10/6/2024 5:41:00 PM,Y,Law Enforcement,SOPHIE BOULEVARD,,28.56624,-81.20339,0,,STATE ROAD 50 (COLONIAL DRIVE),,County,Curb,Four-Way Intersection,N,Daylight,Rain,Wet,N,Angle,Pedalcycle,On Roadway,N,Intersection,None,,,None,,,N,,,,,TPR,Florida Highway Patrol,Florida Highway Patrol (FHP),10/20/2024 7:20:00 PM,10/20/2024 7:20:00 PM,14,N,Bicycle,Bicycle,No Injury,No Injury,DAY,N,N,N,N,N,N,Y,N,N,2,0,0,0,0,0,0,0,0,0,0,1,1,0,1,0,0,0,0,0,0,0,0,0,0,N,0,0,Y,0,0,0,0,1,400,1,5,405,0,0,0,Preliminary,Computer mapped approximate by address,480105.0682,3159970.9342,28.5664546031515,-81.2034169909283
26430390,2024,23-OCT-2024 06:40 PM,23-OCT-2024 07:34 PM,FHP24ON0536204,L,1,2,7,0,Orange,Unincorporated,Rural,10/23/2024 6:45:00 PM,10/23/2024 7:00:00 PM,10/23/2024 7:20:00 PM,10/23/2024 7:46:00 PM,Y,Law Enforcement,GOLFWAY BOULEVARD,,28.53221,-81.19017,0,,WOODBURY ROAD,,County,Curb,T-Intersection,N,Daylight,Clear,Dry,N,Angle,Pedalcycle,On Roadway,N,Intersection,None,,,None,,,N,,,,,TPR,Florida Highway Patrol,Florida Highway Patrol (FHP),11/5/2024 7:58:00 PM,11/5/2024 7:58:00 PM,13,Y,Bicycle,Bicycle,Injury,Non-Incapacitating Injury,DAY,N,N,N,N,N,N,Y,N,N,1,1,0,1,0,0,0,0,0,0,0,1,1,0,1,0,0,0,0,0,0,0,0,0,0,N,0,0,Y,0,0,0,0,1,400,1,100,500,1,0,0,Preliminary,Editor Mapped,481389.8629,3156177.4563,28.5322317462939,-81.1902190466718
26431473,2024,03-NOV-2024 06:20 PM,03-NOV-2024 07:29 PM,FHP24ON0556145,L,1,1,7,0,Orange,Unincorporated,Rural,11/3/2024 6:21:00 PM,11/3/2024 6:24:00 PM,11/3/2024 6:59:00 PM,11/3/2024 7:34:00 PM,Y,Law Enforcement,CURRY FORD RD,,28.51012,-81.22103,0,,SANCTUARY POINT BLVD,,Local,Curb,Four-Way Intersection,N,Dark - Lighted,Clear,Dry,N,Other,Motor Vehicle in Transport,On Roadway,N,Intersection,None,,,None,,,N,,,,,TPR,Florida Highway Patrol,Florida Highway Patrol (FHP),11/6/2024 10:59:00 PM,11/6/2024 10:59:00 PM,3,Y,Single Vehicle,Other,Injury,Non-Incapacitating Injury,DAY,N,N,N,N,N,Y,Y,N,N,0,1,0,1,0,0,0,0,0,0,0,1,1,0,0,0,0,0,0,0,0,0,0,0,0,N,0,0,Y,0,0,0,0,1,1000,0,0,1000,1,0,0,Preliminary,Editor Mapped,478363.9997,3153727.7386,28.5100724341392,-81.2211008680646
26431496,2024,15-OCT-2024 07:42 PM,15-OCT-2024 08:10 PM,FHP24ON0521288,L,1,2,7,0,Orange,Unincorporated,Rural,10/15/2024 7:47:00 PM,10/15/2024 7:52:00 PM,10/15/2024 8:10:00 PM,10/15/2024 9:12:00 PM,Y,Law Enforcement,1001 AVALON PARK BOULEVARD,,28.53185,-81.14996,981,North,AVALON PARK BOULEVARD,,Local,Curb,Four-Way Intersection,N,Daylight,Clear,Dry,N,Angle,Pedestrian,On Roadway,N,Intersection-Related,None,,,None,,,N,,,,,TPR,Florida Highway Patrol,Florida Highway Patrol (FHP),10/18/2024 7:42:00 PM,10/18/2024 7:42:00 PM,3,Y,Pedestrian,Pedestrian,Serious Injury,Incapacitating Injury,NIGHT,N,N,N,N,N,N,Y,N,N,1,1,0,0,1,0,0,0,0,0,0,1,1,0,1,0,0,0,0,0,0,0,0,0,0,N,0,0,Y,1,0,0,0,0,0,1,500,500,1,0,0,Preliminary,Editor Mapped,485355.2135,3155693.5105,28.5279140913179,-81.1496821248202
26433998,2024,25-NOV-2024 11:54 AM,25-NOV-2024 03:24 PM,FHP24ON0594557,L,1,2,7,0,Orange,Unincorporated,Rural,11/25/2024 11:59:00 AM,11/25/2024 1:57:00 PM,11/25/2024 3:19:00 PM,11/25/2024 3:41:00 PM,Y,Law Enforcement,BENT OAK DR,,28.68438,-81.47256,14,South,WHISPERING OAK LN,,Local,Curb,Four-Way Intersection,N,Daylight,Clear,Dry,N,Other,Pedalcycle,On Roadway,N,Intersection,None,,,None,,,N,,,,,TPR,Florida Highway Patrol,Florida Highway Patrol (FHP),12/1/2024 7:18:00 PM,12/1/2024 7:18:00 PM,6,Y,Bicycle,Bicycle,Injury,Possible Injury,DAY,N,N,N,N,N,N,Y,N,N,1,1,1,0,0,0,0,0,0,0,0,1,1,0,1,1,0,0,0,0,0,0,0,0,0,N,0,0,Y,0,0,0,0,1,100,1,1000,1100,0,0,0,Preliminary,Editor Mapped,453660.906,3173264.705,28.685771762923,-81.4743306604741
26434526,2024,17-NOV-2024 10:10 AM,17-NOV-2024 10:58 AM,FHP24ON0580336,S,1,2,7,0,Orange,Unincorporated,Rural,11/17/2024 10:20:00 AM,11/17/2024 10:34:00 AM,11/17/2024 10:44:00 AM,11/17/2024 11:18:00 AM,Y,Law Enforcement,UNIVERSITY  BLVD,,28.59758,-81.24458,,,NORTH DEAN RD,,County,Curb,Four-Way Intersection,N,Daylight,Clear,Dry,N,Angle,Pedalcycle,On Roadway,N,Intersection,None,,,None,,,N,,,,,TPR,Florida Highway Patrol,Florida Highway Patrol (FHP),11/22/2024 8:07:00 PM,11/22/2024 8:07:00 PM,5,N,Bicycle,Bicycle,No Injury,No Injury,DAY,N,N,N,N,N,N,Y,N,N,2,0,0,0,0,0,0,0,0,0,0,1,1,0,1,0,1,0,0,0,0,0,0,0,0,N,0,0,Y,0,0,0,0,0,0,1,100,100,0,0,0,Preliminary,Editor Mapped,476078.0305,3163435.1582,28.597656275404,-81.2446637714102
26434549,2024,12-DEC-2024 10:49 AM,12-DEC-2024 11:46 AM,FHP24ON0623888,L,1,2,7,0,Orange,Unincorporated,Rural,12/12/2024 10:59:00 AM,12/12/2024 11:37:00 AM,12/12/2024 11:41:00 AM,12/12/2024 1:57:00 PM,Y,Law Enforcement,LAKE TWYLO RD,,28.5972751552381,-81.2326488218327,24,South,UNIVERSITY BLVD,,County,Curb,Not at Intersection,N,Daylight,Clear,Dry,N,Other,Pedalcycle,On Roadway,N,Intersection-Related,None,,,None,,,N,,,,,TPR,Florida Highway Patrol,Florida Highway Patrol (FHP),12/20/2024 7:50:00 PM,12/20/2024 7:50:00 PM,8,Y,Bicycle,Bicycle,Injury,Possible Injury,DAY,N,N,N,N,N,N,Y,N,N,1,1,1,0,0,0,0,0,0,0,0,1,1,0,1,0,0,0,0,0,0,0,0,0,0,N,0,0,Y,0,0,0,0,1,50,1,1000,1050,1,0,0,Preliminary,Editor Mapped,477253.8154,3163403.6955,28.5973934392269,-81.2326377996907
26436386,2024,03-OCT-2024 06:21 PM,03-OCT-2024 07:53 PM,FHP24ON0497867,L,1,2,19,54,Brevard,Titusville,Urban,10/3/2024 6:26:00 PM,10/3/2024 6:34:00 PM,10/3/2024 7:31:00 PM,10/3/2024 9:51:00 PM,Y,Law Enforcement,WESTWOOD DRIVE,,28.64456,-80.84312,0,,BRYN MAWR DRIVE,,Local,Unpaved,Four-Way Intersection,N,Dusk,Clear,Dry,N,Other,Pedestrian,On Roadway,N,Intersection,None,,,None,,,N,,,,,TPR,Florida Highway Patrol,Florida Highway Patrol (FHP),10/10/2024 7:26:00 PM,10/10/2024 7:26:00 PM,7,Y,Pedestrian,Pedestrian,Injury,Non-Incapacitating Injury,DAY,N,N,N,N,N,N,Y,N,N,1,1,0,1,0,0,0,0,0,0,0,1,1,0,1,0,0,0,0,0,0,0,0,0,0,N,0,0,Y,0,0,0,0,1,500,1,500,1000,1,0,0,Preliminary,Editor Mapped,515324.5341,3168616.5541,28.6445559609458,-80.8431973392836
26442200,2024,27-DEC-2024 04:45 PM,27-DEC-2024 06:11 PM,FHP24ON0650708,L,1,2,7,0,Orange,Unincorporated,Rural,12/27/2024 5:08:00 PM,12/27/2024 5:17:00 PM,12/27/2024 6:00:00 PM,12/27/2024 6:11:00 PM,Y,Law Enforcement,OLD THICKET TRCE,,28.46088,-81.60577,0,,WILD BLACKBERY TRL,,Local,Curb,Not at Intersection,N,Daylight,Clear,Dry,N,Front to Rear,Pedalcycle,On Roadway,N,Non-Junction,None,,,None,,,N,,,,,TPR,Florida Highway Patrol,Florida Highway Patrol (FHP),1/8/2025 9:40:00 PM,1/8/2025 9:40:00 PM,12,Y,Bicycle,Bicycle,Injury,Possible Injury,DAY,N,N,N,N,N,N,N,N,N,1,1,1,0,0,0,0,0,0,1,0,1,1,0,1,0,0,0,0,0,0,0,1,0,0,N,0,0,Y,0,0,1,0,0,0,1,500,500,2,0,0,Preliminary,Computer mapped confident by address,440739.2374,3148384.5042,28.4606741534448,-81.6053056531851
26442328,2024,06-NOV-2024 02:10 PM,06-NOV-2024 02:59 PM,FHP24ON0561313,L,1,4,11,0,Alachua,Unincorporated,Rural,11/6/2024 2:17:00 PM,11/6/2024 2:21:00 PM,11/6/2024 2:48:00 PM,11/6/2024 3:19:00 PM,Y,Law Enforcement,NW 122 STREET,,29.6599,-82.4724,0,,STATE ROAD 26 (NEWBERRY ROAD),,State,Curb,Four-Way Intersection,N,Daylight,Rain,Wet,N,Front to Rear,Other Non-Fixed Object,On Roadway,N,Intersection-Related,None,,,None,,,N,,,,,TPR,Florida Highway Patrol,Florida Highway Patrol (FHP),11/8/2024 7:54:00 PM,11/8/2024 7:54:00 PM,2,Y,Single Vehicle,Other,Injury,Non-Incapacitating Injury,DAY,N,N,N,N,N,N,Y,N,N,3,1,0,1,0,0,0,0,0,0,0,1,1,0,1,0,0,2,0,0,0,0,0,0,0,N,0,0,Y,0,0,0,0,1,10,0,0,10,1,0,0,Preliminary,Editor Mapped,357510.9497,3281986.8123,29.6597219109334,-82.4722908909308
26456212,2024,26-NOV-2024 08:06 AM,26-NOV-2024 09:24 AM,FHP24ON0595998,L,1,2,28,0,Pasco,Unincorporated,Rural,11/26/2024 8:06:00 AM,11/26/2024 8:24:00 AM,11/26/2024 8:59:00 AM,11/26/2024 9:50:00 AM,Y,Law Enforcement,PINE HILL ROAD,,28.27322,-82.71325,50,West,COBB STREET,,Local,Unpaved,Not at Intersection,N,Daylight,Clear,Dry,N,"Sideswipe, Same Direction",Pedalcycle,On Roadway,N,Non-Junction,None,,,None,,,N,,,,,TPR,Florida Highway Patrol,Florida Highway Patrol (FHP),11/27/2024 7:32:00 PM,11/27/2024 7:32:00 PM,1,Y,Bicycle,Bicycle,Injury,Non-Incapacitating Injury,DAY,N,N,N,N,N,Y,N,Y,N,1,1,0,1,0,0,0,0,0,0,0,1,1,0,1,0,0,0,0,0,0,0,0,0,0,N,0,0,Y,0,0,0,0,1,100,0,0,100,1,0,0,Preliminary,Editor Mapped,331962.8793,3128657.4156,28.2732039276002,-82.7132389515045
26456223,2024,01-DEC-2024 01:45 PM,01-DEC-2024 02:12 PM,FHP24ON0604790,L,1,2,28,0,Pasco,Unincorporated,Rural,12/1/2024 1:45:00 PM,12/1/2024 1:46:00 PM,12/1/2024 1:59:00 PM,12/1/2024 2:19:00 PM,Y,Law Enforcement,US HIGHWAY 19,,28.29774,-82.70701,0,,SCENIC DRIVE,,U.S.,Unpaved,Four-Way Intersection,N,Daylight,Clear,Dry,N,Angle,Motor Vehicle in Transport,On Roadway,N,Intersection,None,,,None,,,N,,,,,TPR,Florida Highway Patrol,Florida Highway Patrol (FHP),12/2/2024 7:56:00 PM,12/2/2024 7:56:00 PM,1,Y,Single Vehicle,Other,Injury,Non-Incapacitating Injury,DAY,N,N,N,N,N,N,Y,N,N,1,1,0,1,0,0,0,0,0,0,0,1,1,0,1,0,0,0,0,0,0,0,0,0,0,N,0,0,Y,0,0,1,0,1,500,1,1000,1500,1,0,0,Preliminary,Editor Mapped,332644.5692,3131363.2583,28.2977054481184,-82.7066806235335
26457880,2024,07-DEC-2024 01:00 PM,07-DEC-2024 01:23 PM,FHP24ON0615469,L,1,4,38,45,Monroe,Marathon,Urban,12/7/2024 1:03:00 PM,12/7/2024 1:06:00 PM,12/7/2024 1:11:00 PM,12/7/2024 1:45:00 PM,Y,Law Enforcement,5701 U.S. HIGHWAY 1 (OVERSEAS HWY),,24.7170081224355,-81.071750964075,,,OCEAN STREET,,Parking Lot,Curb,Not at Intersection,N,Daylight,Clear,Dry,N,Other,Other Non-Fixed Object,In Parking Lane or Zone,N,Driveway/Alley Access Related,None,,,Physical Obstruction(s),,,N,,,,,SGT,Florida Highway Patrol,Florida Highway Patrol (FHP),12/18/2024 7:32:00 PM,12/18/2024 7:32:00 PM,11,Y,Single Vehicle,Other,Serious Injury,Incapacitating Injury,DAY,N,N,N,N,N,N,N,N,N,3,1,0,0,1,0,0,0,0,0,0,1,1,0,1,1,0,2,0,0,0,0,0,0,0,N,0,0,Y,1,0,0,0,1,600,1,1500,2100,1,0,0,Preliminary,Editor Mapped,492781.6664,2733631.815,24.7171605839094,-81.0713700694839
