REPORT_NUMBER,CRASH_YEAR,PERSON_NUMBER,LOCATION_AT_TIME_OF_CRASH_CODE,ACTION_PRIOR_TO_CRASH_CODE,NON_MOTORIST_DESCRIPTION_CODE,CITY,STATE,ZIP_CODE,SEX,SUSPECTED_ALCOHOL_USE_CODE,ALCOHOL_TESTED_CODE,ALCOHOL_TEST_TYPE_CODE,ALCOHOL_TEST_RESULT,BLOOD_ALCOHOL_CONTENT,SUSPECTED_DRUG_USE_CODE,DRUG_TESTED_CODE,DRUG_TEST_TYPE_CODE,DRUG_TEST_RESULT,INJURY_SEVERITY,EMS_TRANSPORT_TYPE,NON_MOTORIST_ACTIONS_CIRCUMSTANCES_1,NON_MOTORIST_ACTIONS_CIRCUMSTANCES_2,SAFETY_EQUIPMENT_CODE_1,SAFETY_EQUIPMENT_CODE_2,S4_AGE_AT_TIME_OF_CRASH,S4_IS_ALCOHOL_RELATED,S4_IS_DRUG_RELATED,S4_IS_AGING,S4_IS_TEENAGER
26319154,2024,2,Intersection - Marked Crosswalk,Crossing Roadway,Other Cyclist,PENSACOLA,FL,32503-7156,Male,N,Test Not Given,,,,N,Test Not Given,,,Possible,Not Transported,Other,,None,,53,N,N,N,N
26320419,2024,2,Driveway Access,Going To or From School,Other Cyclist,ORLANDO,FL,32828,Male,N,Test Not Given,,,,N,Test Not Given,,,Possible,EMS,Failure to Yield Right-of-Way,,Helmet,,12,N,N,N,N
26321220,2024,3,Intersection - Marked Crosswalk,Walking/Cycling on Sidewalk,Other Cyclist,WINTER GARDEN,FL,34787,Female,N,Test Not Given,,,,N,Test Not Given,,,Non-Incapacitating,EMS,No Improper Action,,None,,42,N,N,N,N
26327821,2024,4,Sidewalk,Walking/Cycling on Sidewalk,Other Cyclist,Titusville,FL,32780,Male,N,Test Not Given,,,,N,Test Not Given,,,Non-Incapacitating,EMS,Dart/Dash,,None,,16,N,N,N,Y
26339928,2024,2,Intersection - Marked Crosswalk,Walking/Cycling on Sidewalk,Other Cyclist,PENSACOLA,FL,32507,Male,N,Test Not Given,,,,N,Test Not Given,,,Non-Incapacitating,EMS,Failure to Yield Right-of-Way,,Helmet,,23,N,N,N,N
26352601,2024,2,Bicycle Lane,Other,Other Cyclist,JACKSONVILLE,FL,32257,Male,N,Test Not Given,,,,N,Test Not Given,,,Incapacitating,EMS,Other,,None,,34,N,N,N,N
26357842,2024,2,Intersection - Marked Crosswalk,Crossing Roadway,Other Cyclist,WINTER PARK,FL,32792,Male,N,Test Not Given,,,,N,Test Not Given,,,None,Not Transported,No Improper Action,,None,,20,N,N,N,N
26366471,2024,2,Bicycle Lane,Crossing Roadway,Other Cyclist,ORLANDO,FL,32825,Male,N,Test Not Given,,,,N,Test Not Given,,,Possible,EMS,No Improper Action,,None,,31,N,N,N,N
26366481,2024,2,Sidewalk,Walking/Cycling on Sidewalk,Other Cyclist,ORLANDO,FL,32839,Male,N,Test Not Given,,,,N,Test Not Given,,,Possible,EMS,No Improper Action,,None,,17,N,N,N,Y
26422705,2024,3,Sidewalk,Walking/Cycling on Sidewalk,Other Cyclist,LAND O LAKES,FL,34639,Male,N,Test Not Given,,,,N,Test Not Given,,,Possible,EMS,No Improper Action,,None,,27,N,N,N,N
26456212,2024,2,Travel Lane - Other Location,Walking/Cycling Along Roadway With Traffic,Other Cyclist,PORT RICHEY,FL,34668,Male,N,Test Not Given,,,,N,Test Not Given,,,Non-Incapacitating,EMS,No Improper Action,,None,,57,N,N,N,N
26457880,2024,4,Sidewalk,Walking/Cycling on Sidewalk,Other Cyclist,MARATHON,FL,33051,Male,N,Test Not Given,,,,N,Test Not Given,,,Incapacitating,EMS,No Improper Action,,None,,29,N,N,N,N
26324418,2024,3,Intersection - Marked Crosswalk,Crossing Roadway,Other Cyclist,SANFORD,FL,32773,Male,N,Test Not Given,,,,N,Test Not Given,,,Possible,Not Transported,No Improper Action,,None,,44,N,N,N,N
26325251,2024,2,Sidewalk,Walking/Cycling on Sidewalk,Other Cyclist,TAVERNIER,FL,33070,Female,N,Test Not Given,,,,N,Test Not Given,,,Non-Incapacitating,EMS,No Improper Action,,None,,44,N,N,N,N
26325391,2024,2,Intersection - Marked Crosswalk,Crossing Roadway,Other Cyclist,ORLANDO,FL,32828,Male,N,Test Not Given,,,,N,Test Not Given,,,Possible,Not Transported,No Improper Action,,Helmet,,13,N,N,N,N
26325623,2024,2,Driveway Access,Walking/Cycling Along Roadway With Traffic,Other Cyclist,HUDSON,FL,34669,Male,N,Test Not Given,,,,N,Test Not Given,,,Non-Incapacitating,EMS,Other,,Helmet,,22,N,N,N,N
26325650,2024,2,Travel Lane - Other Location,Crossing Roadway,Other Cyclist,LAND O LAKES,FL,34638,Female,N,Test Not Given,,,,N,Test Not Given,,,Non-Incapacitating,EMS,Failure to Yield Right-of-Way,,None,,7,N,N,N,N
26325650,2024,3,Travel Lane - Other Location,Crossing Roadway,Occupant of a Non-Motor Vehicle Transportation Device,LAND O LAKES,FL,34638,Male,N,Test Not Given,,,,N,Test Not Given,,,Non-Incapacitating,EMS,Failure to Yield Right-of-Way,,None,,8,N,N,N,N
26327348,2024,2,Bicycle Lane,Walking/Cycling Along Roadway With Traffic,Other Cyclist,ORLANDO,FL,32826,Male,N,Test Not Given,,,,N,Test Not Given,,,Possible,Not Transported,No Improper Action,,None,None,85,N,N,Y,N
26327957,2024,2,Intersection - Marked Crosswalk,Crossing Roadway,Other Cyclist,WINTER GARDEN,FL,34787,Male,N,Test Not Given,,,,N,Test Not Given,,,None,Not Transported,No Improper Action,,Helmet,None,38,N,N,N,N
26328977,2024,2,Sidewalk,Crossing Roadway,Other Cyclist,OCALA,FL,34481,Male,N,Test Not Given,,,,N,Test Not Given,,,Possible,EMS,No Improper Action,,None,,61,N,N,N,N
26329602,2024,2,Travel Lane - Other Location,Walking/Cycling Along Roadway With Traffic,Other Cyclist,ST PETERSBURG,FL,33709,Female,N,Test Not Given,,,,N,Test Not Given,,,Non-Incapacitating,EMS,Not Visible,,None,,29,N,N,N,N
26329663,2024,1,Other,Walking/Cycling Along Roadway With Traffic,Other Cyclist,BRONSON,FL,32631,Male,N,Test Not Given,,,,N,Test Not Given,,,Non-Incapacitating,EMS,No Improper Action,No Improper Action,None,,12,N,N,N,N
26329701,2024,2,Travel Lane - Other Location,Walking/Cycling Along Roadway With Traffic,Other Cyclist,ORLANDO,FL,32821,Male,N,Test Not Given,,,,N,Test Not Given,,,None,Not Transported,Other,,None,,19,N,N,N,Y
26331902,2024,1,Intersection - Marked Crosswalk,Crossing Roadway,Other Cyclist,SAINT CLOUD,FL,34772,Female,N,Test Not Given,,,,N,Test Not Given,,,None,Not Transported,No Improper Action,,None,,11,N,N,N,N
26345776,2024,2,Intersection - Marked Crosswalk,Walking/Cycling on Sidewalk,Other Cyclist,SUN CITY CENTER,FL,33573,Female,N,Test Not Given,,,,N,Test Not Given,,,Possible,Not Transported,No Improper Action,,None,,15,N,N,N,Y
26331925,2024,2,Travel Lane - Other Location,Walking/Cycling Along Roadway With Traffic,Other Cyclist,ZEPHYRHILLS,FL,33542,Male,N,Test Not Given,,,,N,Test Not Given,,,None,Not Transported,Other,,None,,16,N,N,N,Y
26332830,2024,1,Driveway Access,Walking/Cycling on Sidewalk,Other Cyclist,OCOEE,FL,34761,Male,N,Test Not Given,,,,N,Test Not Given,,,None,Not Transported,Failure to Yield Right-of-Way,,Helmet,,33,N,N,N,N
26333057,2024,2,Intersection - Marked Crosswalk,Crossing Roadway,Other Cyclist,ORLANDO,FL,32812,Male,N,Test Not Given,,,,N,Test Not Given,,,Non-Incapacitating,EMS,"Failure to Obey Traffic Signs, Signals, or Officer",Failure to Yield Right-of-Way,None,,31,N,N,N,N
26333807,2024,2,Sidewalk,Walking/Cycling on Sidewalk,Other Cyclist,APOPKA,FL,32703,Male,N,Test Not Given,,,,N,Test Not Given,,,Possible,Not Transported,No Improper Action,,None,,13,N,N,N,N
26337016,2024,2,Intersection - Marked Crosswalk,Crossing Roadway,Other Cyclist,MELBOURNE,FL,32940,Male,N,Test Not Given,,,,N,Test Not Given,,,Possible,Not Transported,No Improper Action,,Helmet,,80,N,N,Y,N
26339940,2024,2,Other,Going To or From School,Other Cyclist,ORLANDO,FL,32810,Male,N,Test Not Given,,,,N,Test Not Given,,,Non-Incapacitating,EMS,No Improper Action,,None,,11,N,N,N,N
26340785,2024,1,Sidewalk,Walking/Cycling on Sidewalk,Other Cyclist,NEW PORT RICHEY,FL,34655,Male,N,Test Not Given,,,,N,Test Not Given,,,Non-Incapacitating,EMS,No Improper Action,,None,,26,N,N,N,N
26343520,2024,2,Travel Lane - Other Location,Walking/Cycling Along Roadway Against Traffic,Other Cyclist,OLDSMAR,FL,34677,Male,N,Test Not Given,,,,N,Test Not Given,,,None,Not Transported,Wrong-Way Riding or Walking,,Unknown,,18,N,N,N,Y
26343543,2024,2,Intersection - Marked Crosswalk,Walking/Cycling on Sidewalk,Other Cyclist,CLEARWATER,FL,33755,Female,N,Test Not Given,,,,N,Test Not Given,,,Non-Incapacitating,EMS,No Improper Action,,None,,20,N,N,N,N
26364221,2024,3,Bicycle Lane,Walking/Cycling Along Roadway Against Traffic,Other Cyclist,"ESSEX JUNCTION,",VT,05452,Female,N,Test Not Given,,,,N,Test Not Given,,,Incapacitating,EMS,No Improper Action,,None,,29,N,N,N,N
26343633,2024,2,Intersection - Unmarked Crosswalk,Crossing Roadway,Other Cyclist,MELBOURNE,FL,32934,,N,Test Not Given,,,,N,Test Not Given,,,Non-Incapacitating,EMS,No Improper Action,,None,,,N,N,N,N
26343659,2024,2,Driveway Access,Crossing Roadway,Other Cyclist,COCOA,FL,32927,Female,N,Test Not Given,,,,N,Test Not Given,,,Non-Incapacitating,EMS,Dart/Dash,,None,,11,N,N,N,N
26344032,2024,2,Travel Lane - Other Location,Crossing Roadway,Other Cyclist,PORT RICHEY,FL,34668,Female,N,Test Not Given,,,,N,Test Not Given,,,Possible,EMS,In Roadway Improperly,,None,,46,N,N,N,N
26344128,2024,1,Intersection - Marked Crosswalk,Crossing Roadway,Other Cyclist,TITUSVILLE,PA,16354,Male,N,Test Not Given,,,,N,Test Not Given,,,Possible,EMS,No Improper Action,,None,None,39,N,N,N,N
26344128,2024,2,Intersection - Marked Crosswalk,Crossing Roadway,Other Cyclist,TITUSVILLE,PA,16354,Female,N,Test Not Given,,,,N,Test Not Given,,,None,Not Transported,No Improper Action,,None,None,43,N,N,N,N
26344187,2024,3,Intersection - Marked Crosswalk,Crossing Roadway,Other Cyclist,ORLANDO,FL,32832,Male,N,Test Not Given,,,,N,Test Not Given,,,Incapacitating,EMS,Unknown,,None,,17,N,N,N,Y
26344187,2024,4,Intersection - Marked Crosswalk,Crossing Roadway,Other Cyclist,ORLANDO,FL,32810,Female,N,Test Not Given,,,,N,Test Not Given,,,Incapacitating,EMS,Unknown,,None,,17,N,N,N,Y
26344304,2024,2,Sidewalk,Walking/Cycling Along Roadway Against Traffic,Other Cyclist,OCOEE,FL,32835,Male,N,Test Not Given,,,,N,Test Not Given,,,Non-Incapacitating,EMS,No Improper Action,,None,None,21,N,N,N,N
26346195,2024,2,Intersection - Marked Crosswalk,Crossing Roadway,Other Cyclist,KISSIMMEE,FL,34744,Female,N,Test Not Given,,,,N,Test Not Given,,,Possible,Not Transported,No Improper Action,,None,,17,N,N,N,Y
26346199,2024,2,Intersection - Unmarked Crosswalk,Crossing Roadway,Other Cyclist,KISSIMMEE,FL,34746,Female,N,Test Not Given,,,,N,Test Not Given,,,Non-Incapacitating,EMS,Failure to Yield Right-of-Way,,None,,54,N,N,N,N
26346199,2024,3,Intersection - Unmarked Crosswalk,None,Other Pedestrian,KISSIMMEE,CO,34746,Male,N,Test Not Given,,,,N,Test Not Given,,,Non-Incapacitating,EMS,No Improper Action,,None,,13,N,N,N,N
26346199,2024,4,Intersection - Unmarked Crosswalk,Other,Other Pedestrian,KISSIMMEE,CT,34746,Male,N,Test Not Given,,,,N,Test Not Given,,,Non-Incapacitating,EMS,No Improper Action,,None,,6,N,N,N,N
26365447,2024,3,Sidewalk,Walking/Cycling on Sidewalk,Bicyclist,SPRING HILL,FL,34609,Male,N,Test Not Given,,,,N,Test Not Given,,,Incapacitating,EMS,Other,,None,,30,N,N,N,N
26365447,2024,4,Sidewalk,Walking/Cycling on Sidewalk,Other Cyclist,SPRING HILL,FL,34609,Female,N,Test Not Given,,,,N,Test Not Given,,,Incapacitating,EMS,Other,,None,,33,N,N,N,N
26390316,2024,2,Bicycle Lane,Walking/Cycling Along Roadway With Traffic,Other Cyclist,MIAMI,FL,33143,Male,N,Test Not Given,,,,N,Test Not Given,,,Incapacitating,EMS,No Improper Action,,None,,30,N,N,N,N
26346998,2024,1,Travel Lane - Other Location,Walking/Cycling Along Roadway With Traffic,Other Cyclist,BRANDON,FL,33510,Male,N,Test Not Given,,,,N,Test Not Given,,,None,Not Transported,Inattentive,,None,,22,N,N,N,N
26348479,2024,2,Sidewalk,Crossing Roadway,Other Cyclist,PALM HARBOR,FL,34684,Male,N,Test Not Given,,,,N,Test Not Given,,,Non-Incapacitating,Not Transported,No Improper Action,,None,,72,N,N,Y,N
26350528,2024,2,Intersection - Marked Crosswalk,Crossing Roadway,Other Cyclist,PORT RICHEY,FL,34668,Female,N,Test Not Given,,,,N,Test Not Given,,,None,Not Transported,No Improper Action,,None,,71,N,N,Y,N
26352456,2024,2,Travel Lane - Other Location,Crossing Roadway,Other Cyclist,ORLANDO,FL,32822,Male,N,Test Not Given,,,,N,Test Not Given,,,Non-Incapacitating,EMS,Failure to Yield Right-of-Way,,None,,14,N,N,N,N
26353810,2024,2,Intersection - Other,Crossing Roadway,Other Cyclist,PALM HARBOR,FL,34684,Male,N,Test Not Given,,,,N,Test Not Given,,,None,Not Transported,Wrong-Way Riding or Walking,,None,,12,N,N,N,N
26356023,2024,2,Intersection - Marked Crosswalk,Walking/Cycling on Sidewalk,Other Cyclist,TAMPA,FL,33615,Male,N,Test Not Given,,,,N,Test Not Given,,,Possible,EMS,Other,,None,,24,N,N,N,N
26357848,2024,2,Travel Lane - Other Location,Walking/Cycling Along Roadway With Traffic,Other Cyclist,ORLANDO,FL,32825,Female,N,Test Not Given,,,,N,Test Not Given,,,Non-Incapacitating,EMS,Improper Passing,,None,,18,N,N,N,Y
26359470,2024,3,Travel Lane - Other Location,Walking/Cycling Along Roadway Against Traffic,Other Cyclist,WESLEY CHAPEL,FL,33545,Male,N,Test Not Given,,,,N,Test Not Given,,,Non-Incapacitating,EMS,In Roadway Improperly,,None,,12,N,N,N,N
26356612,2024,1,Travel Lane - Other Location,Crossing Roadway,Other Cyclist,MIAMI,FL,33196,Male,N,Test Not Given,,,,N,Test Not Given,,,Non-Incapacitating,EMS,Failure to Yield Right-of-Way,,Helmet,,24,N,N,N,N
26362588,2024,2,Intersection - Unmarked Crosswalk,Crossing Roadway,Other Cyclist,QUINCY,FL,32351,Female,N,Test Not Given,,,,N,Test Not Given,,,Possible,EMS,"Failure to Obey Traffic Signs, Signals, or Officer",,None,,29,N,N,N,N
26364392,2024,1,Travel Lane - Other Location,Walking/Cycling Along Roadway With Traffic,Other Cyclist,LAKE CITY,FL,32024,Male,N,Test Not Given,,,,N,Test Not Given,,,Incapacitating,Other,No Improper Action,,None,,10,N,N,N,N
26373815,2024,1,Shoulder/Roadside,Walking/Cycling Along Roadway With Traffic,Bicyclist,LARGO,FL,33773,Female,N,Test Not Given,,,,N,Test Not Given,,,Non-Incapacitating,EMS,Other,,None,,38,N,N,N,N
26373815,2024,2,Other,Other,Other Cyclist,SEMINOLE,FL,33772,Male,N,Test Not Given,,,,N,Test Not Given,,,None,Not Transported,Other,,Unknown,,40,N,N,N,N
26364425,2024,5,Sidewalk,Walking/Cycling on Sidewalk,Other Cyclist,CRYSTAL RIVER,FL,34429,Male,N,Test Not Given,,,,N,Test Not Given,,,Non-Incapacitating,EMS,Dart/Dash,Not Visible,None,,13,N,N,N,N
26370841,2024,1,Median/Crossing Island,In Roadway - Other,Other Cyclist,MIRAMAR BEACH,FL,32550,Male,N,Test Not Given,,,,N,Test Not Given,,,Incapacitating,EMS,In Roadway Improperly,,None,,24,N,N,N,N
26371466,2024,2,Travel Lane - Other Location,Walking/Cycling Along Roadway Against Traffic,Other Cyclist,PANAMA CITY BEACH,FL,32413,Male,N,Test Not Given,,,,N,Test Not Given,,,Non-Incapacitating,EMS,Not Visible,,None,,38,N,N,N,N
26418621,2024,2,Intersection - Unmarked Crosswalk,Walking/Cycling on Sidewalk,Other Cyclist,BOYNTON BEACH,FL,33435,Male,N,Test Not Given,,,,N,Test Not Given,,,Possible,Not Transported,No Improper Action,,None,,26,N,N,N,N
26372330,2024,2,Intersection - Marked Crosswalk,Crossing Roadway,Other Cyclist,ORLANDO,FL,32828,Male,N,Test Not Given,,,,N,Test Not Given,,,Non-Incapacitating,EMS,No Improper Action,,None,,18,N,N,N,Y
26376197,2024,2,Travel Lane - Other Location,Crossing Roadway,Other Cyclist,PORT RICHEY,FL,34668,Male,N,Test Not Given,,,,N,Test Not Given,,,Non-Incapacitating,Other,"Failure to Obey Traffic Signs, Signals, or Officer",,None,,11,N,N,N,N
26382403,2024,1,Intersection - Marked Crosswalk,In Roadway - Other,Other Cyclist,UNKNOWN,FL,00000,Male,N,Test Not Given,,,,N,Test Not Given,,,None,Not Transported,"Failure to Obey Traffic Signs, Signals, or Officer",,None,None,,N,N,N,N
26382722,2024,1,Intersection - Marked Crosswalk,Crossing Roadway,Other Cyclist,APOPKA,FL,32712,Female,N,Test Not Given,,,,N,Test Not Given,,,Possible,EMS,No Improper Action,No Improper Action,None,,18,N,N,N,Y
26383359,2024,3,Intersection - Marked Crosswalk,Walking/Cycling on Sidewalk,Other Cyclist,ORLANDO,FL,32835,Male,N,Test Not Given,,,,N,Test Not Given,,,Incapacitating,EMS,No Improper Action,,None,,24,N,N,N,N
26387129,2024,2,Other,Other,Other Cyclist,COCOA,FL,32927,Male,N,Test Not Given,,,,N,Test Not Given,,,Possible,Not Transported,Improper Turn/Merge,,None,,23,N,N,N,N
26387464,2024,3,Travel Lane - Other Location,Other,Other Cyclist,LAKELAND,FL,33809,Female,,Test Given,Blood,Unknown,,,Test Given,Blood,Unknown,Fatal (within 30 days),EMS,No Improper Action,,None,,21,N,N,N,N
26387464,2024,4,Travel Lane - Other Location,Other,Other Cyclist,LAKELAND,FL,33809,Male,N,Test Not Given,,,,N,Test Not Given,,,Possible,Not Transported,No Improper Action,,None,,26,N,N,N,N
26388582,2024,1,Travel Lane - Other Location,Walking/Cycling Along Roadway With Traffic,Other Cyclist,ORLANDO,FL,32835,Female,N,Test Not Given,,,,N,Test Not Given,,,Non-Incapacitating,EMS,Failure to Yield Right-of-Way,,None,None,40,N,N,N,N
26389477,2024,2,Sidewalk,Walking/Cycling Along Roadway With Traffic,Other Cyclist,DESTIN,FL,32541,Male,N,Test Not Given,,,,N,Test Not Given,,,Possible,EMS,No Improper Action,,None,,25,N,N,N,N
26394579,2024,1,Travel Lane - Other Location,Walking/Cycling Along Roadway With Traffic,Other Cyclist,WOODHA VEN,NY,11421,Male,,Test Not Given,,,,,Test Not Given,,,Non-Incapacitating,EMS,Not Visible,,None,,35,N,N,N,N
26395405,2024,3,Intersection - Marked Crosswalk,Crossing Roadway,Other Cyclist,PALM HARBOR,FL,34685,Male,,Test Not Given,,,,,Test Not Given,,,Possible,EMS,Dart/Dash,,None,,41,N,N,N,N
26396232,2024,3,Travel Lane - Other Location,Walking/Cycling Along Roadway With Traffic,Other Cyclist,HOLIDAY,FL,34690,Male,N,Test Not Given,,,,N,Test Not Given,,,Non-Incapacitating,EMS,Unknown,,None,None,59,N,N,N,N
26399228,2024,2,Sidewalk,Walking/Cycling on Sidewalk,Other Cyclist,ORLANDO,FL,32822,Female,N,Test Not Given,,,,N,Test Not Given,,,Possible,EMS,No Improper Action,,None,,51,N,N,N,N
26399309,2024,2,Intersection - Marked Crosswalk,Crossing Roadway,Other Cyclist,GOTHA,FL,34734,Male,N,Test Not Given,,,,N,Test Not Given,,,Non-Incapacitating,EMS,No Improper Action,,None,,16,N,N,N,Y
26430376,2024,2,Intersection - Marked Crosswalk,Crossing Roadway,Other Cyclist,ORLANDO,FL,32828,Male,N,Test Not Given,,,,N,Test Not Given,,,None,Not Transported,"Failure to Obey Traffic Signs, Signals, or Officer",,None,,20,N,N,N,N
26399319,2024,1,Intersection - Marked Crosswalk,Crossing Roadway,Other Cyclist,UK,UK,00000,Unknown,,Test Not Given,,,,,Test Not Given,,,None,Not Transported,Failure to Yield Right-of-Way,,None,,,N,N,N,N
26399840,2024,2,Intersection - Marked Crosswalk,Walking/Cycling Along Roadway Against Traffic,Other Cyclist,WELLINGTON,FL,33414,Male,N,Test Not Given,,,,N,Test Not Given,,,Incapacitating,EMS,Other,,None,,19,N,N,N,Y
26402612,2024,1,Intersection - Unmarked Crosswalk,Walking/Cycling on Sidewalk,Other Cyclist,WINTER PARK,FL,32792,Female,N,Test Not Given,,,,N,Test Not Given,,,Non-Incapacitating,EMS,No Improper Action,,None,,20,N,N,N,N
26402624,2024,1,Intersection - Marked Crosswalk,Crossing Roadway,Other Cyclist,ORLANDO,FL,32817,Male,N,Test Not Given,,,,N,Test Not Given,,,Non-Incapacitating,Other,No Improper Action,,None,,54,N,N,N,N
26403454,2024,2,Intersection - Marked Crosswalk,Walking/Cycling on Sidewalk,Other Cyclist,INDIALANTIC,FL,32903,Male,N,Test Not Given,,,,N,Test Not Given,,,Incapacitating,EMS,Dart/Dash,,Helmet,,13,N,N,N,N
26404735,2024,2,Intersection - Marked Crosswalk,Crossing Roadway,Other Cyclist,LAKEWOOD RANCH,FL,34211,Male,N,Test Not Given,,,,N,Test Not Given,,,Incapacitating,EMS,"Failure to Obey Traffic Signs, Signals, or Officer",,None,,11,N,N,N,N
26404737,2024,2,Bicycle Lane,Walking/Cycling Along Roadway Against Traffic,Other Cyclist,BRADENTON,FL,34203,Male,N,Test Not Given,,,,N,Test Not Given,,,Incapacitating,EMS,Wrong-Way Riding or Walking,,None,,44,N,N,N,N
26404981,2024,2,Intersection - Marked Crosswalk,Crossing Roadway,Other Cyclist,WINTER GARDEN,FL,34787,Male,N,Test Not Given,,,,N,Test Not Given,,,Non-Incapacitating,Other,No Improper Action,,None,,15,N,N,N,Y
26414708,2024,2,Bicycle Lane,Walking/Cycling Along Roadway Against Traffic,Other Cyclist,SARASOTA,FL,34239,Male,N,Test Not Given,,,,N,Test Not Given,,,Possible,Not Transported,Wrong-Way Riding or Walking,,None,,12,N,N,N,N
26414708,2024,3,Bicycle Lane,Other,Occupant of a Non-Motor Vehicle Transportation Device,SARASOTA,FL,34239,Female,N,Test Not Given,,,,N,Test Not Given,,,Incapacitating,EMS,No Improper Action,,None,,11,N,N,N,N
26416120,2024,1,Sidewalk,Waiting to Cross Roadway,Other Cyclist,NARVON,PA,17555,Female,N,Test Not Given,,,,N,Test Not Given,,,Possible,EMS,Dart/Dash,,None,,15,N,N,N,Y
26416921,2024,3,Sidewalk,Walking/Cycling on Sidewalk,Other Cyclist,PORT RICHEY,FL,34668,Male,N,Test Not Given,,,,N,Test Not Given,,,Possible,Not Transported,No Improper Action,,None,,20,N,N,N,N
26417823,2024,2,Bicycle Lane,Walking/Cycling Along Roadway With Traffic,Other Cyclist,CHIPLEY,FL,32428,Male,N,Test Not Given,,,,N,Test Not Given,,,Possible,EMS,No Improper Action,,Helmet,Not Applicable,30,N,N,N,N
26442328,2024,4,Intersection - Other,Crossing Roadway,Other Cyclist,CRYSTAL RIVER,FL,34428,Male,N,Test Not Given,,,,N,Test Not Given,,,Non-Incapacitating,EMS,Failure to Yield Right-of-Way,In Roadway Improperly,None,,31,N,N,N,N
26425281,2024,2,Travel Lane - Other Location,Crossing Roadway,Other Cyclist,SUMMERFIELD,FL,34491,Male,N,Test Not Given,,,,N,Test Not Given,,,Non-Incapacitating,EMS,Dart/Dash,,None,,20,N,N,N,N
26430031,2024,2,Sidewalk,Walking/Cycling on Sidewalk,Other Cyclist,ORLANDO,FL,32808,Male,N,Test Not Given,,,,N,Test Not Given,,,None,Not Transported,No Improper Action,,Reflective Clothing,,38,N,N,N,N
26436386,2024,1,Intersection - Unmarked Crosswalk,Waiting to Cross Roadway,Other Cyclist,TITUSVILLE,FL,32796,Female,N,Test Not Given,,,,N,Test Not Given,,,Non-Incapacitating,EMS,Dart/Dash,,None,,9,N,N,N,N
26430390,2024,2,Other,Crossing Roadway,Other Cyclist,ORLANDO,FL,32828,Male,N,Test Not Given,,,,N,Test Not Given,,,Non-Incapacitating,EMS,Other,,None,,14,N,N,N,N
26431473,2024,1,Intersection - Marked Crosswalk,Crossing Roadway,Other Cyclist,ORLANDO,FL,32825,Female,N,Test Not Given,,,,N,Test Not Given,,,Non-Incapacitating,EMS,No Improper Action,,None,,24,N,N,N,N
26431496,2024,2,Intersection - Marked Crosswalk,Crossing Roadway,Other Cyclist,ORLANDO,FL,32828,Male,N,Test Not Given,,,,N,Test Not Given,,,Incapacitating,EMS,No Improper Action,,None,,15,N,N,N,Y
26433998,2024,2,Intersection - Other,Crossing Roadway,Other Cyclist,APOPKA,FL,32712,Female,N,Test Not Given,,,,N,Test Not Given,,,Possible,Not Transported,"Failure to Obey Traffic Signs, Signals, or Officer",,None,,34,N,N,N,N
26434526,2024,2,Intersection - Marked Crosswalk,Crossing Roadway,Other Cyclist,ORLANDO,FL,32817,Male,N,Test Not Given,,,,N,Test Not Given,,,None,Not Transported,"Failure to Obey Traffic Signs, Signals, or Officer",,None,,27,N,N,N,N
26434549,2024,2,Intersection - Marked Crosswalk,Crossing Roadway,Other Cyclist,ORLANDO,FL,32837,Female,N,Test Not Given,,,,N,Test Not Given,,,Possible,EMS,Dart/Dash,,None,,41,N,N,N,N
26442200,2024,3,Intersection - Other,Other,Other Cyclist,WINTER GARDEN,FL,34787,Male,N,Test Not Given,,,,N,Test Not Given,,,None,EMS,Other,,Unknown,,9,N,N,N,N
26456223,2024,2,Bicycle Lane,Walking/Cycling Along Roadway Against Traffic,Other Cyclist,HUDSON,FL,34667,Female,N,Test Not Given,,,,N,Test Not Given,,,Non-Incapacitating,EMS,Wrong-Way Riding or Walking,,None,,32,N,N,N,N
