REPORT_NUMBER,CRASH_YEAR,VEHICLE_NUMBER,PERSON_NUMBER,CITY,STATE,ZIP_CODE,SEX,HELMET_CODE,RESTRAINT_SYSTEM_CODE,EYE_PROTECTION_CODE,AIR_BAG_DEPLOYMENT_CODE,EJECTED,INJURY_SEVERITY,EMS_TRANSPORT_TYPE,SEAT_POSITION_CODE,ROW_POSITION_CODE,OTHER_POSITION_CODE,S4_AGE_AT_TIME_OF_CRASH,S4_IS_UNRESTRAINED_PASSENGER
26321220,2024,1,2,WINTER GARDEN,FL,34787,Female,,Shoulder and Lap Belt Used,,Not Deployed,Not Ejected,None,Not Transported,Right,Front,,19,N
26324418,2024,1,2,ORLANDO,FL,32828,Female,,Booster Seat,,Not Deployed,Not Ejected,None,Not Transported,Left,Second,,6,N
26327821,2024,1,2,MIMS,FL,32754,Female,,Shoulder and Lap Belt Used,,Not Deployed,Not Ejected,None,Not Transported,Right,Front,,41,N
26327821,2024,1,3,COCOA,FL,32927,Male,,Shoulder and Lap Belt Used,,Not Deployed,Not Ejected,None,Not Transported,Left,Second,,45,N
26457880,2024,1,3,FLUSHING,NY,11385,Female,,Shoulder and Lap Belt Used,,Not Deployed,Not Ejected,None,Not Transported,Right,Second,,33,N
26344187,2024,1,2,ORLANDO,FL,32832,Male,,Shoulder and Lap Belt Used,,Not Deployed,Not Ejected,None,Not Transported,Right,Front,,22,N
26352601,2024,1,3,JACKSONVILLE,FL,32246,Female,,Shoulder and Lap Belt Used,,Not Deployed,Not Ejected,Possible,EMS,Right,Front,,15,N
26352601,2024,1,4,JACKSONVILLE,FL,32246,Female,,Shoulder and Lap Belt Used,,Not Applicable,Not Ejected,Possible,EMS,Right,Third,,10,N
26352601,2024,1,5,JACKSONVILLE,FL,32246,Female,,Shoulder and Lap Belt Used,,Not Applicable,Not Ejected,Possible,EMS,Left,Second,,7,N
26359470,2024,1,2,LAND O LAKES,FL,34639,Female,,Shoulder and Lap Belt Used,,Not Deployed,Not Ejected,None,Not Transported,Right,Front,Not Applicable,55,N
26364425,2024,1,2,INVERNESS,FL,34453,Male,,Shoulder and Lap Belt Used,,Not Deployed,Not Ejected,None,Not Transported,Right,Second,,43,N
26364425,2024,1,3,INVERNESS,FL,34453,Female,,Shoulder and Lap Belt Used,,Not Deployed,Not Ejected,None,Not Transported,Right,Front,,15,N
26364425,2024,1,4,INVERNESS,FL,34453,Female,,Child Restraint System - Forward Facing,,Not Deployed,Not Ejected,None,Not Transported,Left,Second,,5,N
26382722,2024,1,3,APOPKA,FL,32712,Female,,Shoulder and Lap Belt Used,,Not Deployed,Not Ejected,None,Not Transported,Right,Front,,81,N
26383359,2024,1,2,ORLANDO,FL,32835,Male,,Shoulder and Lap Belt Used,,Not Deployed,Not Ejected,None,Not Transported,Right,Front,,59,N
26387464,2024,1,2,KISSIMMEE,FL,34746,Female,,Shoulder and Lap Belt Used,,Not Deployed,Not Ejected,None,Not Transported,Right,Front,,26,N
26395405,2024,1,2,PALM HARBOR,FL,34685,Female,,None Used - Motor Vehicle Occupant,,Not Deployed,Not Ejected,None,Not Transported,Right,Front,,16,Y
26396232,2024,1,2,DADE CITY,FL,33525,Male,,Shoulder and Lap Belt Used,,Not Deployed,Not Ejected,None,Not Transported,Right,Front,Not Applicable,33,N
26416120,2024,1,3,SARASOTA,FL,34241,Female,,Shoulder and Lap Belt Used,,Not Deployed,Not Ejected,None,Not Transported,Right,Front,,21,N
26416921,2024,1,2,HUDSON,FL,34667,Female,,Shoulder and Lap Belt Used,,Not Deployed,Not Ejected,None,Not Transported,Right,Front,,32,N
26422705,2024,1,2,WESLEY CHAPEL,FL,33543,Male,,Child Restraint System - Rear Facing,,Not Deployed,Not Ejected,None,Not Transported,Right,Second,Not Applicable,0,N
26442328,2024,1,2,GAINESVILLE,FL,32605,Male,,Shoulder and Lap Belt Used,,Not Deployed,Not Ejected,None,Not Transported,Middle,Second,Not Applicable,7,N
26442328,2024,1,3,GAINESVILLE,FL,32605,Female,,Shoulder and Lap Belt Used,,Not Deployed,Not Ejected,None,Not Transported,Left,Second,Not Applicable,9,N
26457880,2024,1,2,PUNTA GORDA,FL,33983,Female,,Shoulder and Lap Belt Used,,Not Deployed,Not Ejected,None,Not Transported,Right,Front,,67,N
