REPORT_NUMBER,CRASH_YEAR,VEHICLE_NUMBER,OWNER_CITY,OWNER_STATE,OWNER_ZIP_CODE,COMMERCIAL_VEHICLE_FLAG,MOTION_CODE,STATE_OF_REGISTRATION,PERMANENT_REGISTRATION_FLAG,HIT_AND_RUN_FLAG,VEHICLE_YEAR,VEHICLE_MAKE,VEHICLE_MODEL,VEHICLE_STYLE,VEHICLE_COLOR,DISABLING_FUNCTIONAL_DAMAGE,ESTIMATED_VEHICLE_DAMAGE,TOW_DAMAGE_CODE,HOW_TOW_REQUESTED,BUSINESS_OWNED_FLAG,VEHICLE_TRAVELING,ROAD_ON,ESTIMATED_MPH,POSTED_SPEED,TOTAL_NUMBER_OF_LANES,HAZARDOUS_MATERIAL_RELEASED,HAZMAT_PLACARD,HAZARDOUS_PLACARD_NUMBER,HAZMAT_CLASS,POINT_OF_IMPACT,MOST_DAMAGED_AREA_CODE,TYPE_OF_VEHICLE,TRAFFICWAY_CODE,COMMERCIAL_VEHICLE_CONFIGURATION_CODE,COMMERCIAL_USE_CODE,CARRIER_CARGO_BODY_TYPE,COMMERCIAL_VEHICLE_WEIGHT_CODE,MOST_HARMFUL_EVENT_CODE,HARMFUL_EVENT_1,HARMFUL_EVENT_2,HARMFUL_EVENT_3,HARMFUL_EVENT_4,EMERGENCY_VEHICLE_USE_CODE,ROADWAY_GRADE_CODE,ROADWAY_ALIGNMENT_CODE,VEHICLE_MANEUVER_ACTION,TRAFFIC_CONTROL_DEVICE,VEHICLE_SPECIAL_FUNCTION,VEHICLE_DEFECT1,VEHICLE_DEFECT2,S4_IS_COMMERCIAL_MOTOR_VEHICLE
26319154,2024,1,PENSACOLA,FL,32526-0000,N,Vehicle in Transport,FL,N,N,2008,MERZ,,4D,WHI,Functional,150,N,,N,East,SR-292,5,45,4,,,,,Front Center Bumper,Front Center Bumper,Passenger Car,"Two-Way, Divided, Unprotected (painted >4 feet) Median",,,,,Other Non-Fixed Object,Other Non-Fixed Object,,,,N,Level,Straight,Turning Right,Stop Sign,No Special Function,None,,
26320419,2024,1,ORLANDO,FL,32833-4040,N,Vehicle in Transport,FL,N,N,2019,CHEV,,UT,BLK,None,0,N,,N,West,SARGAS ALY,15,15,2,,,,,Front Center Bumper,,(Sport) Utility Vehicle,"Two-Way, Not Divided",,,,,Motor Vehicle in Transport,Motor Vehicle in Transport,,,,N,Level,Straight,Straight Ahead,No Controls,No Special Function,None,,
26321220,2024,1,ORLANDO,FL,32839-2808,N,Vehicle in Transport,FL,N,N,2019,MERZ,,4D,BLU,None,0,N,,N,West,PORTER RD,3,25,2,,,,,Front Center Bumper,Front Center Bumper,Passenger Car,"Two-Way, Not Divided",,,,,Pedalcycle,Pedalcycle,,,,N,Level,Straight,Turning Right,Stop Sign,No Special Function,None,,
26457880,2024,1,PUNTA GORDA,FL,33983-5355,N,Vehicle in Transport,FL,N,N,2020,SUBA,,4D,WHI,Functional,1500,N,,N,West,5701 U.S. HIGHWAY 1 (OVERSEAS HWY),,10,2,,,,,Right Front Fender,Right Front Fender,Passenger Car,"Two-Way, Not Divided",,,,,Other Non-Fixed Object,Other Non-Fixed Object,,,,N,Level,Straight,Stopped in Traffic,No Controls,No Special Function,None,,
26324418,2024,1,ORLANDO,FL,32828-5207,N,Vehicle in Transport,FL,N,N,2022,HYUN,,UT,GRY,Minor,50,N,,N,West,STATE ROAD 50(E COLONIAL DRIVE),20,45,3,,,,,Right Rear Fender,Right Rear Fender,(Sport) Utility Vehicle,"Two-Way, Divided, Positive Median Barrier",,,,,Pedestrian,Pedestrian,,,,N,Level,Straight,Turning Left,No Controls,No Special Function,None,,
26325251,2024,1,TAVERNIER,FL,33070-2103,N,Vehicle in Transport,FL,N,N,2019,HOND,,UT,RED,None,0,N,,N,East,PRIVATE RD,5,35,2,,,,,Front Center Bumper,Front Center Bumper,(Sport) Utility Vehicle,"Two-Way, Not Divided",,,,,Pedestrian,Pedestrian,,,,N,Level,Straight,Straight Ahead,Stop Sign,No Special Function,None,,
26325391,2024,1,ORLANDO,FL,32828-6639,N,Vehicle in Transport,FL,N,N,2006,INFI,,4D,BLK,Functional,1000,N,,N,South,AVALON PARK WEST BOULEVARD,5,35,2,,,,,Front Left Bumper,Windshield,Passenger Car,One-Way Trafficway,,,,,Pedalcycle,Pedalcycle,,,,N,Level,Straight,Straight Ahead,No Controls,No Special Function,None,,
26325623,2024,1,HUDSON,FL,34669-2916,N,Vehicle in Transport,FL,N,N,2005,FORD,,PK,WHI,Minor,100,N,,N,North,12807 CIRCLE LAKE DR,10,30,2,,,,,Right Front Door,Right Front Door,Pickup,"Two-Way, Not Divided",,,,,Pedalcycle,Pedalcycle,,,,N,Level,Straight,Turning Left,No Controls,No Special Function,None,,
26325650,2024,1,LAND O LAKES,FL,34637-0000,N,Vehicle in Transport,FL,N,N,2008,HOND,,4D,SIL,Minor,500,N,,N,North,SHREWBURY PL,30,30,2,,,,,Front Center Bumper,Front Center Bumper,Passenger Car,"Two-Way, Not Divided",,,,,Pedalcycle,Pedalcycle,,,,N,Level,Straight,Straight Ahead,No Controls,No Special Function,None,,
26327348,2024,1,ORLANDO,FL,32807-0000,N,Vehicle in Transport,FL,N,N,2018,DODG,,UT,GRY,Minor,500,N,,N,East,STATE ROAD 50 (COLONIAL DRIVE),30,45,6,,,,,Right Rear Door,Right Rear Door,(Sport) Utility Vehicle,"Two-Way, Divided, Positive Median Barrier",,,,,Pedalcycle,Pedalcycle,,,,N,Level,Straight,Turning Right,No Controls,No Special Function,None,,
26327821,2024,1,MIMS,FL,32754-0000,N,Vehicle in Transport,FL,N,N,2006,HYUN,,4D,MAR,Minor,50,N,,N,East,3400 BROCKETT RD,10,25,2,,,,,Left Front Fender,Left Front Fender,Passenger Car,"Two-Way, Not Divided",,,,,Pedalcycle,Pedalcycle,,,,N,Level,Straight,Turning Left,No Controls,No Special Function,None,,
26327957,2024,1,LAKE MARY,FL,32746-6343,N,Vehicle in Transport,FL,N,N,2023,FORD,,PK,WHI,Minor,500,N,,N,West,PRIVATE DRIVEWAY,,15,2,,,,,Left Rear Fender,Left Rear Fender,Pickup,"Two-Way, Not Divided",,,,,Pedalcycle,Pedalcycle,,,,N,Level,Straight,Stopped in Traffic,Stop Sign,No Special Function,None,,
26328977,2024,1,OCALA,FL,34476-0000,N,Vehicle in Transport,FL,N,N,2013,TOYT,,VN,GRN,Minor,800,N,,N,South,PRIVATE ROADWAY,5,15,2,,,,,Right Rear Door,Right Rear Door,Passenger Van,"Two-Way, Not Divided",,,,,Motor Vehicle in Transport,Motor Vehicle in Transport,,,,N,Level,Straight,Turning Right,Stop Sign,No Special Function,None,,
26329602,2024,1,,,,N,Vehicle in Transport,UK,N,Y,,,,,,Unknown,0,N,,N,South,CR-611,40,40,6,,,,,,,,"Two-Way, Divided, Positive Median Barrier",,,,,Pedalcycle,Pedalcycle,,,,N,Level,Straight,Straight Ahead,No Controls,No Special Function,Unknown,,
26329663,2024,1,UK,FL,00000,N,Vehicle in Transport,,N,Y,,NISSA,,sedan,GRY,Unknown,0,N,,N,South,NE 94TH TER,20,25,2,,,,,Front Center Bumper,Front Center Bumper,Passenger Car,"Two-Way, Not Divided",,,,,Pedestrian,Pedestrian,,,,N,Uphill,Straight,Straight Ahead,No Controls,No Special Function,None,,
26329701,2024,1,CAPE CORAL,FL,33993-4522,N,Vehicle in Transport,FL,N,N,2017,FORD,,UT,BLK,Minor,500,N,,N,North,INTERNATIONAL DR,45,45,3,,,,,Left Front Door,Left Front Door,(Sport) Utility Vehicle,"Two-Way, Divided, Positive Median Barrier",,,,,Pedalcycle,Pedalcycle,,,,N,Level,Straight,Straight Ahead,No Controls,No Special Function,None,,
26331902,2024,1,,,,N,Vehicle in Transport,FL,N,Y,,HYUN,,4D,WHI,Unknown,0,N,,N,North,AVALON PARK EAST BOULEVARD,5,15,2,,,,,Front Center Bumper,Front Center Bumper,,One-Way Trafficway,,,,,Pedalcycle,Pedalcycle,,,,N,Level,Straight,Turning Left,Stop Sign,No Special Function,None,,
26331925,2024,1,ZEPHYRHILLS,FL,33540-0000,N,Vehicle in Transport,FL,N,N,2024,TOYT,,UT,GRY,Minor,500,N,,N,North,20TH ST,25,30,2,,,,,Right Front Door,Right Front Door,(Sport) Utility Vehicle,"Two-Way, Not Divided",,,,,Other Non-Fixed Object,Other Non-Fixed Object,,,,N,Level,Straight,Overtaking/Passing,No Controls,No Special Function,None,,
26332830,2024,1,TAVARES,FL,32778-0000,N,Vehicle in Transport,FL,N,N,2016,KIA,,UT,RED,Minor,600,N,,N,East,3350 CLARCONA ROAD APOPKA FL 32703,5,25,2,,,,,Left Front Fender,Left Front Fender,(Sport) Utility Vehicle,"Two-Way, Not Divided",,,,,Motor Vehicle in Transport,Motor Vehicle in Transport,,,,N,Level,Straight,Straight Ahead,No Controls,No Special Function,None,,
26333057,2024,1,ORLANDO,FL,32818-0000,N,Vehicle in Transport,FL,N,N,2016,TOYT,,4D,WHI,Functional,1000,N,,N,South,CR-435 (HIAWASSEE ROAD),15,45,4,,,,,Left Front Fender,Windshield,Passenger Car,"Two-Way, Divided, Positive Median Barrier",,,,,Pedalcycle,Pedalcycle,,,,N,Level,Straight,Straight Ahead,Traffic Control Signal,No Special Function,None,,
26333807,2024,1,ORLANDO,FL,32818-0000,N,Vehicle in Transport,FL,N,N,2019,TOYT,,4D,WHI,None,0,N,,N,West,4847 NORTH POWERS DRIVE,5,5,2,,,,,Front Center Bumper,,Passenger Car,"Two-Way, Not Divided",,,,,Pedalcycle,Pedalcycle,,,,N,Level,Straight,Straight Ahead,No Controls,No Special Function,None,,
26337016,2024,1,MELBOURNE,FL,32901-0000,N,Vehicle in Transport,FL,N,N,2021,CHEV,,4D,SIL,None,0,N,,N,South,SCHENCK AVE,5,30,2,,,,,Front Center Bumper,Front Center Bumper,Passenger Car,"Two-Way, Not Divided",,,,,Pedalcycle,Pedalcycle,,,,N,Level,Straight,Straight Ahead,Stop Sign,No Special Function,None,,
26339928,2024,1,DAYTONA BEACH,FL,32114-0000,N,Vehicle in Transport,FL,N,N,2015,FORD,E350,TK,WHI,Minor,500,N,,N,East,AIRPORT BLVD,10,40,4,,,,,Right Rear Fender,Right Rear Fender,"Other Light Trucks (10,000 lbs (4,536 kg) or less)","Two-Way, Divided, Unprotected (painted >4 feet) Median",,,,,Pedestrian,Pedestrian,,,,N,Level,Straight,Turning Right,No Controls,No Special Function,Unknown,,N
26339940,2024,1,APOPKA,FL,32703-1546,N,Vehicle in Transport,FL,N,N,2010,CHEV,,4D,WHI,Minor,150,N,,N,West,2601 LAKEVILLE ROAD,5,10,,,,,,Left Rear Fender,Left Rear Fender,Passenger Car,"Two-Way, Not Divided",,,,,Pedestrian,Pedestrian,,,,N,Level,Straight,Backing,No Controls,No Special Function,None,,
26340785,2024,1,NEW PORT RICHEY,FL,34653-0000,N,Vehicle in Transport,FL,N,N,2014,TOYT,,4D,RED,None,0,N,,N,South,PINE HAVEN ROAD,1,5,2,,,,,Right Front Fender,Right Front Fender,Passenger Car,"Two-Way, Not Divided",,,,,Pedalcycle,Pedalcycle,,,,N,Uphill,Straight,Straight Ahead,Stop Sign,No Special Function,None,,
26343520,2024,1,ORMOND BEACH,FL,32174-8759,N,Vehicle in Transport,FL,N,N,2022,RAM,,PK,WHI,Minor,100,N,,N,West,E LAKE RD,4,15,2,,,,,Front Left Bumper,Front Left Bumper,Pickup,"Two-Way, Not Divided",,,,,Pedalcycle,Pedalcycle,,,,N,Level,Straight,Turning Right,Stop Sign,No Special Function,None,,
26343543,2024,1,GLEN BURNIE,MD,21061,N,Vehicle in Transport,MD,N,N,2020,DODG,,PK,WHI,Minor,500,N,,N,South,SR688,5,25,2,,,,,Right Front Fender,Right Front Fender,Pickup,"Two-Way, Not Divided",,,,,Motor Vehicle in Transport,Motor Vehicle in Transport,,,,N,Level,Straight,Turning Right,Stop Sign,No Special Function,None,,
26343633,2024,1,MELBOURNE,FL,32934-7108,N,Vehicle in Transport,FL,N,N,2007,HYUN,,UT,GRY,Minor,100,N,,N,South,BLANCHE AVENUE,10,25,1,,,,,Front Center Bumper,Front Center Bumper,(Sport) Utility Vehicle,"Two-Way, Not Divided",,,,,Other Non-Fixed Object,Other Non-Fixed Object,,,,N,Level,Straight,Slowing,Stop Sign,No Special Function,None,,
26343659,2024,1,COCOA,FL,32927-7973,N,Vehicle in Transport,FL,N,N,2019,KIA,,4D,MAR,Minor,1000,N,,N,North,HOMESTEAD AVE,25,25,1,,,,,Front Center Bumper,Front Center Bumper,Passenger Car,"Two-Way, Not Divided",,,,,Pedestrian,Pedestrian,,,,N,Level,Straight,Straight Ahead,No Controls,No Special Function,None,,
26344032,2024,1,PORT RICHEY,FL,34668-0000,N,Vehicle in Transport,FL,N,N,2014,TOYT,,4D,WHI,Minor,200,N,,N,North,U.S. HWY 19 (SR-55),25,45,6,,,,,Front Center Bumper,Front Center Bumper,Passenger Car,"Two-Way, Not Divided",,,,,Pedalcycle,Pedalcycle,,,,N,Level,Straight,Slowing,No Controls,No Special Function,None,,
26344128,2024,1,ORLANDO,FL,32805-0000,N,Vehicle in Transport,FL,N,N,2013,NISS,,UT,GRY,Disabling,4500,N,,N,North,INTERNATIONAL DR,35,35,4,,,,,Front Right Bumper,Front Right Bumper,(Sport) Utility Vehicle,"Two-Way, Divided, Positive Median Barrier",,,,,Pedalcycle,Pedalcycle,,,,N,Level,Straight,Straight Ahead,No Controls,No Special Function,None,,
26344187,2024,1,WAKE FOREST,NC,27587,N,Vehicle in Transport,NC,N,N,2013,TOYOT,,4D,LBL,Minor,4500,N,,N,South,10005 TYSON ROAD,5,10,2,,,,,Right Front Fender,Right Front Fender,Passenger Car,"Two-Way, Not Divided",,,,,Pedalcycle,Pedalcycle,,,,N,Level,Straight,Turning Right,Stop Sign,No Special Function,None,,
26344304,2024,1,ORLANDO,FL,32835-0000,N,Vehicle in Transport,FL,N,N,2015,CHEV,,4D,GRY,Functional,1000,N,,N,East,GOOD HOMES RD,2,45,4,,,,,Right Front Fender,Hood,Passenger Car,"Two-Way, Not Divided",,,,,Pedalcycle,Pedalcycle,,,,N,Level,Straight,Turning Right,Stop Sign,No Special Function,None,,
26345776,2024,1,UK,UK,00000,N,Vehicle in Transport,UK,N,Y,,HOND,,4D,BLK,Unknown,0,N,,N,West,AYERSWORTH GLEN BLVD,,35,2,,,,,Front Right Bumper,,Passenger Car,"Two-Way, Divided, Positive Median Barrier",,,,,Pedestrian,Pedestrian,,,,N,Level,Straight,Turning Right,Stop Sign,No Special Function,Unknown,,
26346195,2024,1,KISSIMMEE,FL,34744-5612,N,Vehicle in Transport,FL,N,N,2015,CHEV,,UT,GLD,Minor,5,N,,N,North,FLORENCE DRIVE,5,25,2,,,,,Right Front Fender,Right Front Fender,(Sport) Utility Vehicle,"Two-Way, Not Divided",,,,,Pedestrian,Pedestrian,,,,N,Level,Straight,Turning Right,Stop Sign,No Special Function,None,,
26346199,2024,1,ORLANDO,FL,32804-0000,N,Vehicle in Transport,FL,N,N,2019,TOYT,,PK,WHI,Minor,2000,N,,N,West,PALMETTO ROAD,30,30,2,,,,,Right Rear Fender,Right Rear Fender,Pickup,"Two-Way, Not Divided",,,,,Pedestrian,Pedestrian,,,,N,Level,Straight,Straight Ahead,No Controls,No Special Function,None,,
26346998,2024,1,DADE CITY,FL,33525-0000,N,Parked Motor Vehicle,FL,Y,N,2022,CHEV,,UT,WHI,Minor,50,N,,N,West,ACHASTA BOULEVARD,,20,2,,,,,Rear Center Bumper,Rear Center Bumper,(Sport) Utility Vehicle,"Two-Way, Not Divided",,,,,Other Non-Fixed Object,Other Non-Fixed Object,,,,N,Level,Straight,Parked,No Controls,Police,None,,
26348479,2024,1,HOLIDAY,FL,34690-0000,N,Vehicle in Transport,FL,N,N,2001,GMC,,PK,CRM,Minor,200,N,,N,West,DRIVEWAY AT 32581 US-19 N,10,25,2,,,,,Front Center Bumper,Front Center Bumper,Pickup,"Two-Way, Not Divided",,,,,Pedalcycle,Pedalcycle,,,,N,Level,Straight,Turning Right,No Controls,No Special Function,None,,
26350528,2024,1,PORT RICHEY,FL,34668-2439,N,Vehicle in Transport,FL,N,N,2011,SUBA,,UT,RED,None,0,N,,N,North,CUSTOM ROAD,5,20,2,,,,,Right Front Fender,Right Front Fender,(Sport) Utility Vehicle,"Two-Way, Not Divided",,,,,Pedalcycle,Pedalcycle,,,,N,Level,Straight,Turning Right,Stop Sign,No Special Function,None,,
26352456,2024,1,OVIEDO,FL,32765-8307,N,Vehicle in Transport,FL,N,N,2003,FORD,,PK,WHI,Minor,500,N,,N,South,HEADLEE DRIVE,10,15,2,,,,,Right Front Door,Right Front Door,Pickup,"Two-Way, Not Divided",,,,,Pedalcycle,Pedalcycle,,,,N,Level,Straight,Overtaking/Passing,No Controls,No Special Function,None,,
26352601,2024,1,JACKSONVILLE,FL,32218-4083,N,Vehicle in Transport,FL,N,N,2006,KIA,,VN,BLU,Disabling,4000,Y,Rotation,N,East,US 90 (BEACH BLVD),45,45,6,,,,,Front Center Bumper,Hood,Passenger Van,"Two-Way, Divided, Positive Median Barrier",,,,,Pedalcycle,Pedalcycle,,,,N,Level,Straight,Changing Lanes,No Controls,No Special Function,None,,
26353810,2024,1,OLDSMAR,FL,34677-0000,N,Vehicle in Transport,FL,N,N,2023,ACUR,,UT,SIL,Functional,1000,N,,N,East,SHORELINE DR,5,20,2,,,,,Left Front Door,Left Front Door,(Sport) Utility Vehicle,"Two-Way, Divided, Positive Median Barrier",,,,,Pedalcycle,Pedalcycle,,,,N,Level,Straight,Turning Left,Stop Sign,No Special Function,None,,
26356023,2024,1,TAMPA,FL,33615-3632,N,Vehicle in Transport,FL,N,N,2014,BMW,,4D,WHI,None,0,N,,N,South,AMBASSADOR DR,5,20,2,,,,,Right Rear Fender,Right Rear Fender,Passenger Car,"Two-Way, Not Divided",,,,,Other Non-Collision,Other Non-Collision,,,,N,Level,Straight,Turning Right,Stop Sign,No Special Function,None,,
26356612,2024,1,MIAMI,FL,33194,N,Vehicle in Transport,FL,N,N,2010,TOYOT,,4dr,SIL,Minor,2000,N,,N,South,SW 147 AVE,20,40,4,,,,,Right Front Door,Windshield,Passenger Car,"Two-Way, Divided, Positive Median Barrier",,,,,Pedalcycle,Pedalcycle,,,,N,Level,Straight,Turning Left,Traffic Control Signal,No Special Function,None,,
26357842,2024,1,MAITLAND,FL,32751-5138,N,Vehicle in Transport,FL,N,N,2022,NISS,,4D,WHI,Functional,250,N,,N,West,STATE ROAD 436 (NORTH SEMORAN BOULEV,5,50,2,,,,,Front Center Bumper,Front Center Bumper,(Sport) Utility Vehicle,"Two-Way, Divided, Positive Median Barrier",,,,,Pedalcycle,Pedalcycle,,,,N,Level,Straight,Turning Right,Stop Sign,No Special Function,None,,
26357848,2024,1,ORLANDO,FL,32825-3538,N,Vehicle in Transport,FL,N,N,2019,CHEV,,UT,WHI,Functional,500,N,,N,North,N CHICKASAW TRAIL,25,40,2,,,,,Right Front Door,Right Front Door,(Sport) Utility Vehicle,"Two-Way, Not Divided",,,,,Pedalcycle,Pedalcycle,,,,N,Level,Straight,Straight Ahead,No Controls,No Special Function,None,,
26359470,2024,1,LAND O LAKES,FL,34639-4767,N,Vehicle in Transport,FL,N,N,2018,HOND,,UT,SIL,Minor,500,N,,N,West,GRAND CYPRESS DRIVE,10,30,2,,,,,Front Center Bumper,Front Center Bumper,(Sport) Utility Vehicle,"Two-Way, Divided, Positive Median Barrier",,,,,Pedalcycle,Pedalcycle,,,,N,Level,Straight,Entering Traffic Lane,Yield Sign,No Special Function,None,,
26362588,2024,1,TALLAHASSEE,FL,32303-3006,N,Vehicle in Transport,FL,N,N,2001,FORD,,PK,RED,Minor,200,N,,N,West,US HIGHWAY 90,45,45,2,,,,,Right Front Door,Right Front Door,Pickup,"Two-Way, Not Divided",,,,,Motor Vehicle in Transport,Motor Vehicle in Transport,,,,N,Level,Straight,Straight Ahead,No Controls,No Special Function,None,,
26364221,2024,1,NAVARRE,FL,32566-1182,N,Vehicle in Transport,FL,N,N,2015,VOLKS,,4D,WHI,Functional,3000,N,,N,East,US-98 (SR-30),45,45,4,,,,,Front Right Bumper,Windshield,Passenger Car,"Two-Way, Not Divided",,,,,Motor Vehicle in Transport,Motor Vehicle in Transport,,,,N,Level,Straight,Leaving Traffic Lane,No Controls,No Special Function,None,,
26364392,2024,1,,,,N,Vehicle in Transport,,N,Y,,,,,,Unknown,0,N,,N,North,SW WILSHIRE DR,15,15,2,,,,,,,,"Two-Way, Not Divided",,,,,Pedalcycle,Pedalcycle,,,,N,Level,Straight,Turning Left,No Controls,No Special Function,None,,
26364425,2024,1,HERNANDO,FL,34442-2546,N,Vehicle in Transport,FL,N,N,2017,KIA,,UT,RED,Functional,2500,N,,N,North,6604 WEST GULF TO LAKE HIGHWAY,10,10,2,,,,,Front Right Bumper,Front Right Bumper,(Sport) Utility Vehicle,"Two-Way, Not Divided",,,,,Motor Vehicle in Transport,Motor Vehicle in Transport,,,,N,Level,Straight,Turning Right,Stop Sign,No Special Function,None,,
26365447,2024,1,ORLANDO,FL,32835-0000,N,Vehicle in Transport,FL,N,N,2014,FORD,,PK,WHI,None,0,N,,N,East,SPRING HILL DRIVE,10,45,4,,,,,,,Pickup,"Two-Way, Not Divided, with a Continuous Left Turn Lane",,,,,Other Non-Collision,Other Non-Collision,,,,N,Level,Straight,Turning Right,No Controls,No Special Function,None,,
26365447,2024,2,MASARYKTOWN,FL,34604-7814,N,Vehicle in Transport,FL,N,N,2015,NISS,,UT,BLK,Minor,500,N,,N,East,SPRING HILL DRIVE,45,45,4,,,,,Front Right Bumper,Front Right Bumper,(Sport) Utility Vehicle,"Two-Way, Not Divided, with a Continuous Left Turn Lane",,,,,Pedalcycle,Pedalcycle,,,,N,Level,Straight,Straight Ahead,No Controls,No Special Function,None,,
26366471,2024,1,OVIEDO,FL,32765-0000,N,Vehicle in Transport,FL,N,N,2018,TOYT,,4D,SIL,Minor,1500,N,,N,East,LAKE UNDERHILL RD,10,45,4,,,,,Right Rear Fender,Right Rear Fender,Passenger Car,"Two-Way, Divided, Positive Median Barrier",,,,,Motor Vehicle in Transport,Motor Vehicle in Transport,,,,N,Level,Straight,Turning Left,No Controls,No Special Function,None,,
26366481,2024,1,ORLANDO,FL,32824-4491,N,Vehicle in Transport,FL,N,N,2012,TOYT,,VN,GRY,Minor,2000,N,,N,West,PICKEREL CIRCLE,55,25,2,,,,,Front Right Bumper,Front Right Bumper,Passenger Van,"Two-Way, Divided, Positive Median Barrier",,,,,Motor Vehicle in Transport,Motor Vehicle in Transport,,,,N,Level,Straight,Straight Ahead,No Controls,No Special Function,None,,
26370841,2024,1,FORT WALTON BEACH,FL,32547-3406,N,Vehicle in Transport,FL,N,N,2006,TOYT,,4D,RED,Functional,500,N,,N,North,US-98 (SR-30),15,45,6,,,,,Front Right Bumper,Front Right Bumper,(Sport) Utility Vehicle,"Two-Way, Not Divided",,,,,Pedalcycle,Pedalcycle,,,,N,Level,Straight,Turning Left,Stop Sign,No Special Function,None,,
26371466,2024,1,PANAMA CITY BEACH,FL,32413-0000,N,Vehicle in Transport,FL,N,N,2021,JEEP,,UT,PNK,Minor,1000,N,,N,South,VENADO PL,15,35,2,,,,,Front Center Bumper,Front Center Bumper,(Sport) Utility Vehicle,"Two-Way, Not Divided",,,,,Pedestrian,Pedestrian,,,,N,Level,Straight,Straight Ahead,No Controls,No Special Function,None,,
26372330,2024,1,ORLANDO,FL,32828-7543,N,Vehicle in Transport,FL,N,N,2020,HOND,,UT,BLU,Minor,500,N,,N,North,AVALON PARK EAST BOULEVARD,10,35,2,,,,,Front Left Bumper,Front Left Bumper,(Sport) Utility Vehicle,One-Way Trafficway,,,,,Pedalcycle,Pedalcycle,,,,N,Level,Straight,Straight Ahead,Warning Sign,No Special Function,None,,
26373815,2024,1,,,,N,Vehicle in Transport,UK,N,Y,,UNK,,TK,,Unknown,0,N,,N,South,SEMINOLE BLVD,45,45,6,,,,,Right Front Door,Right Front Door,Pickup,"Two-Way, Divided, Positive Median Barrier",,,,,Pedalcycle,Pedalcycle,,,,N,Level,Straight,Straight Ahead,No Controls,No Special Function,Unknown,,
26376197,2024,1,PORT RICHEY,FL,34668-1509,N,Vehicle in Transport,FL,N,N,2006,DODG,,PK,WHI,Functional,50,N,,N,West,WOODBURY DRIVE,5,30,2,,,,,Front Center Bumper,Front Center Bumper,Pickup,"Two-Way, Not Divided",,,,,Pedalcycle,Pedalcycle,,,,N,Level,Straight,Slowing,No Controls,No Special Function,None,,
26382403,2024,1,JACKSONVILLE,FL,32218-8500,N,Vehicle in Transport,FL,N,N,2021,RAM,PROMASTER,VAN,GRY,Minor,10,N,,N,North,INTERSTATE 95 NORTHBOUND EXIT RAMP,3,65,2,,,,,Front Center Bumper,Front Center Bumper,"Cargo Van (10,000 lbs (4,536 kg) or less)",One-Way Trafficway,,,,,Pedalcycle,Pedalcycle,,,,N,Level,Straight,Negotiating a Curve,No Controls,No Special Function,None,,N
26382722,2024,1,APOPKA,FL,32712-0000,N,Vehicle in Transport,FL,N,N,2020,LINC,,UT,BGE,Minor,500,N,,N,North,STATE ROAD 434 (SEMORAN BLVD),10,45,6,,,,,Front Right Bumper,Front Right Bumper,(Sport) Utility Vehicle,"Two-Way, Divided, Positive Median Barrier",,,,,Pedalcycle,Pedalcycle,,,,N,Level,Straight,Turning Right,Traffic Control Signal,No Special Function,None,,
26383359,2024,1,SANFORD,FL,32771-0000,N,Vehicle in Transport,FL,N,N,2023,DODG,,4D,BLU,Minor,80,N,,N,South,HIAWASSEE ROAD,15,45,4,,,,,Front Center Bumper,Front Center Bumper,Passenger Car,"Two-Way, Divided, Positive Median Barrier",,,,,Other Non-Fixed Object,Other Non-Fixed Object,,,,N,Level,Straight,Turning Left,No Controls,No Special Function,None,,
26387129,2024,1,ROCKLEDGE,FL,32955-0000,N,Vehicle in Transport,FL,N,Y,2022,KIA,,UT,WHI,Minor,200,N,,N,South,ARCKERMAN AVENUE,5,25,2,,,,,Left Rear Door,Left Rear Fender,(Sport) Utility Vehicle,"Two-Way, Not Divided",,,,,Pedalcycle,Pedalcycle,,,,N,Level,Straight,Straight Ahead,Stop Sign,No Special Function,None,,
26387464,2024,1,KISSIMMEE,FL,34746-5678,N,Vehicle in Transport,FL,N,N,2020,TOYOT,,UT,WHI,Functional,500,N,,N,West,US 192 (IRLO BRONSON MEMORIAL HWY),25,55,6,,,,,Front Left Bumper,Front Left Bumper,Passenger Car,"Two-Way, Divided, Positive Median Barrier",,,,,Other Non-Fixed Object,Other Non-Fixed Object,,,,N,Level,Straight,Turning Left,No Controls,No Special Function,None,,
26388582,2024,1,UNKNOWN,UK,00000,N,Vehicle in Transport,UK,N,Y,,UNKNO,,Sedan,WHI,Unknown,0,N,,N,East,193,40,40,6,,,,,Right Front Fender,,Passenger Car,"Two-Way, Divided, Positive Median Barrier",,,,,Pedalcycle,Pedalcycle,,,,N,Level,Straight,Straight Ahead,No Controls,No Special Function,None,,
26389477,2024,1,KATY,TX,77450,N,Vehicle in Transport,TX,N,N,2023,TOYOT,,ut,BLK,Minor,500,N,,N,East,US HIGHWAY 98,45,45,6,,,,,Right Front Door,Right Front Door,(Sport) Utility Vehicle,"Two-Way, Not Divided, with a Continuous Left Turn Lane",,,,,Pedalcycle,Pedalcycle,,,,N,Level,Straight,Turning Right,No Controls,No Special Function,None,,
26390316,2024,1,PENSACOLA,FL,32505-2228,Y,Vehicle in Transport,FL,N,N,2018,ISU,NPR,TK,WHI,Functional,300,N,,N,East,INTERSTATE 395 EAST & WATSON ISLAND,35,55,6,N,N,,,Left Front Door,Left Front Door,"Medium/Heavy Trucks (more than 10,000 lbs (4,536 kg))","Two-Way, Divided, Positive Median Barrier","Single-Unit Truck (2-axle and GVWR more than 10,000 lbs (4,536 kg))",Intrastate Carrier,No Cargo,"10,001 - 26,000 lbs (4,536 - 11,793 kg)",Motor Vehicle in Transport,Motor Vehicle in Transport,,,,N,Level,Straight,Straight Ahead,No Controls,No Special Function,None,,Y
26394579,2024,1,SEMINOLE,FL,33777-0000,N,Vehicle in Transport,FL,N,N,2017,KIA,,4D,BLK,Functional,2000,N,,N,West,PARK BLVD N,45,45,4,,,,,Front Center Bumper,Front Center Bumper,Passenger Car,"Two-Way, Divided, Positive Median Barrier",,,,,Pedalcycle,Pedalcycle,,,,N,Level,Straight,Straight Ahead,No Controls,No Special Function,None,,
26395405,2024,1,PALM HARBOR,FL,34684-4539,N,Vehicle in Transport,FL,N,N,2014,MERZ,,4D,BLK,Functional,500,N,,N,East,RIDGEMOOR BLVD.,20,30,2,,,,,Front Center Bumper,Front Center Bumper,Passenger Car,"Two-Way, Not Divided, with a Continuous Left Turn Lane",,,,,Pedalcycle,Pedalcycle,,,,N,Level,Straight,Straight Ahead,No Controls,No Special Function,None,,
26396232,2024,1,SPRING HILL,FL,34610-0000,Y,Vehicle in Transport,FL,N,N,2003,FREI,OTHER,TK,WHI,None,1,N,,N,North,BLUEBIRD DRIVE,,20,2,N,N,,,Rear Center Bumper,Rear Center Bumper,"Medium/Heavy Trucks (more than 10,000 lbs (4,536 kg))","Two-Way, Not Divided","Single-Unit Truck (2-axle and GVWR more than 10,000 lbs (4,536 kg))",Interstate Carrier,Garbage/Refuse,"10,001 - 26,000 lbs (4,536 - 11,793 kg)",Pedalcycle,Pedalcycle,,,,N,Level,Straight,Straight Ahead,No Controls,Unknown,None,,Y
26399228,2024,1,ORLANDO,FL,32822-2330,N,Vehicle in Transport,FL,N,N,2015,NISS,,4D,SIL,Functional,700,N,,N,South,3200 S GOLDENROD RD,5,10,2,,,,,Right Front Fender,Right Front Fender,Passenger Car,"Two-Way, Not Divided",,,,,Pedalcycle,Pedalcycle,,,,N,Level,Straight,Turning Right,Stop Sign,No Special Function,None,,
26399309,2024,1,,,,N,Vehicle in Transport,,N,Y,,,,,,Minor,500,N,,N,East,HARBOR POINT BLVD,25,25,2,,,,,Front Center Bumper,Front Center Bumper,,"Two-Way, Not Divided",,,,,Motor Vehicle in Transport,Motor Vehicle in Transport,,,,N,Level,Straight,Straight Ahead,Stop Sign,No Special Function,None,,
26399319,2024,1,OKLAHOMA CITY,OK,73134-4130,N,Vehicle in Transport,FL,N,N,2022,TESL,,4D,RED,Minor,500,N,,N,East,LANDSTAR BLVD,5,40,2,,,,,Right Front Fender,Right Front Fender,Passenger Car,"Two-Way, Divided, Positive Median Barrier",,,,,Pedalcycle,Pedalcycle,,,,N,Level,Straight,Turning Left,No Controls,No Special Function,None,,
26399840,2024,1,FAYETTEVILLE,NC,27704,N,Vehicle in Transport,NC,N,N,2016,DODGE,,4D,SIL,Functional,1000,N,,N,East,UNIVERSITY BOULEVARD,5,10,2,,,,,Front Left Bumper,Left Front Fender,(Sport) Utility Vehicle,"Two-Way, Divided, Positive Median Barrier",,,,,Pedalcycle,Pedalcycle,,,,N,Level,Straight,Turning Right,No Controls,No Special Function,None,,
26402612,2024,1,,,,N,Vehicle in Transport,,N,Y,,,,,,Unknown,0,N,,N,North,STATE ROAD 436 (S SEMORAN BLVD),10,45,6,,,,,Front Center Bumper,,,"Two-Way, Divided, Positive Median Barrier",,,,,Pedalcycle,Pedalcycle,,,,N,Level,Straight,Straight Ahead,Stop Sign,No Special Function,None,,
26402624,2024,1,,,,N,Vehicle in Transport,,N,Y,,,,,,Unknown,0,N,,N,South,EAST MICHIGAN STREET,10,35,2,,,,,Front Center Bumper,,,"Two-Way, Not Divided",,,,,Pedalcycle,Pedalcycle,,,,N,Level,Straight,Turning Right,Traffic Control Signal,No Special Function,,,
26403454,2024,1,MELBOURNE,FL,32934,N,Vehicle in Transport,FL,N,N,2020,CHEV,,PK,BLK,Functional,3000,N,,N,East,SHORE VIEW DR EB,,25,2,,,,,Front Right Bumper,Front Right Bumper,Pickup,"Two-Way, Not Divided",,,,,Pedalcycle,Pedalcycle,,,,N,Level,Straight,Stopped in Traffic,Stop Sign,No Special Function,None,,
26404735,2024,1,BRADENTON,FL,34212,N,Vehicle in Transport,FL,N,N,2018,TOYT,,UT,SIL,Functional,2000,N,,N,South,LAKEWOOD RANCH BLVD,20,45,6,,,,,Front Left Bumper,Front Left Bumper,(Sport) Utility Vehicle,"Two-Way, Divided, Positive Median Barrier",,,,,Pedalcycle,Pedalcycle,,,,N,Level,Straight,Turning Right,Traffic Control Signal,No Special Function,None,,
26404737,2024,1,RUSKIN,FL,33570,N,Vehicle in Transport,FL,N,N,2020,FORD,,PK,SIL,Functional,2000,N,,N,North,16TH STREET E,20,25,2,,,,,Front Center Bumper,Front Center Bumper,Pickup,"Two-Way, Not Divided",,,,,Other Non-Fixed Object,Other Non-Fixed Object,,,,N,Level,Straight,Turning Right,Stop Sign,No Special Function,None,,
26404981,2024,1,LANCASTER,OH,43130,N,Vehicle in Transport,OH,N,N,2018,CHEV,,4D,RED,Minor,400,N,,N,North,STATE ROAD 429 NORTHBOUND EXIT RAMP,5,25,2,,,,,Front Right Bumper,Front Right Bumper,Passenger Car,One-Way Trafficway,,,,,Pedestrian,Pedestrian,,,,N,Level,Straight,Turning Right,Yield Sign,No Special Function,None,,
26414708,2024,1,SARASOTA,FL,34234-0000,N,Vehicle in Transport,FL,N,N,2010,MERC,,4D,BLU,None,0,N,,N,East,SB S TUTTLE AVE,15,25,2,,,,,Front Right Bumper,Front Right Bumper,Passenger Car,"Two-Way, Not Divided",,,,,Other Non-Fixed Object,Other Non-Fixed Object,,,,N,Level,Straight,Turning Right,No Controls,No Special Function,None,,
26416120,2024,1,SARASOTA,FL,34232,N,Vehicle in Transport,FL,N,N,2014,CHEV,,3D,BLK,Minor,3000,N,,N,West,BAHIA VISTA ST,30,30,5,,,,,Front Right Bumper,Right Front Fender,Passenger Car,"Two-Way, Not Divided, with a Continuous Left Turn Lane",,,,,Pedalcycle,Pedalcycle,,,,N,Level,Straight,Straight Ahead,No Controls,No Special Function,None,,
26416921,2024,1,HUDSON,FL,34667-6528,N,Vehicle in Transport,FL,N,N,2023,JEEP,,UT,WHI,Minor,500,N,,N,East,STATE ROAD 52,45,45,6,,,,,Front Center Bumper,Front Center Bumper,(Sport) Utility Vehicle,"Two-Way, Divided, Positive Median Barrier",,,,,Pedalcycle,Pedalcycle,,,,N,Level,Straight,Turning Right,No Controls,No Special Function,None,,
26417823,2024,1,NAVARRE,AL,32566,N,Vehicle in Transport,FL,N,Y,2004,HOND,,PC,RED,Unknown,0,N,,N,East,US HIGHWAY 98 (EMERALD COAST PARKWAY,35,35,6,,,,,,,Passenger Car,"Two-Way, Divided, Unprotected (painted >4 feet) Median",,,,,Pedalcycle,Pedalcycle,,,,N,Level,Straight,Straight Ahead,Other,No Special Function,None,,
26418621,2024,1,ORLANDO,FL,32818-2812,N,Vehicle in Transport,FL,N,N,2023,HOND,,UT,SIL,Minor,150,N,,N,East,POWERS POINTE CIRCLE,3,35,2,,,,,Front Right Bumper,Front Right Bumper,(Sport) Utility Vehicle,"Two-Way, Not Divided",,,,,Pedalcycle,Pedalcycle,,,,N,Level,Straight,Turning Right,Stop Sign,No Special Function,None,,
26422705,2024,1,WESLEY CHAPEL,FL,33544-0000,N,Vehicle in Transport,FL,N,N,2011,KIA,,4D,TAN,Functional,1000,N,,N,South,25195 STATE ROAD 54,5,15,1,,,,,Left Front Door,Left Front Door,Passenger Car,"Two-Way, Not Divided",,,,,Motor Vehicle in Transport,Motor Vehicle in Transport,,,,N,Level,Straight,Turning Right,No Controls,No Special Function,None,,
26425281,2024,1,SUMMERFIELD,FL,34491-0000,N,Vehicle in Transport,FL,N,N,2007,HOND,,2D,SIL,Functional,500,N,,N,West,COUNTY ROAD 484,45,45,4,,,,,Front Right Bumper,Front Right Bumper,Passenger Car,"Two-Way, Divided, Unprotected (painted >4 feet) Median",,,,,Pedalcycle,Pedalcycle,,,,N,Level,Straight,Straight Ahead,No Controls,No Special Function,None,,
26430031,2024,1,ORLANDO,FL,32808,N,Vehicle in Transport,FL,N,N,2023,KIA,,UT,BLK,Minor,500,N,,N,East,STATE ROAD 438 (SILVER STAR ROAD),10,45,6,,,,,Right Front Door,Right Front Door,(Sport) Utility Vehicle,"Two-Way, Divided, Positive Median Barrier",,,,,Pedalcycle,Pedalcycle,,,,N,Level,Straight,Turning Right,No Controls,No Special Function,None,,
26430376,2024,1,ORLANDO,FL,32828-9439,N,Vehicle in Transport,FL,N,N,2018,HYUN,,UT,BLK,Minor,5,N,,N,South,SOPHIE BOULEVARD,1,25,2,,,,,Front Left Bumper,Front Left Bumper,(Sport) Utility Vehicle,"Two-Way, Divided, Positive Median Barrier",,,,,Pedalcycle,Pedalcycle,,,,N,Level,Straight,Other,Traffic Control Signal,No Special Function,None,,
26430390,2024,1,ORLANDO,FL,32828-0000,N,Vehicle in Transport,FL,N,N,2014,NISS,,4D,WHI,Minor,100,N,,N,East,WOODBURY ROAD,1,25,4,,,,,Right Front Fender,Front Right Bumper,Passenger Car,"Two-Way, Divided, Positive Median Barrier",,,,,Pedalcycle,Pedalcycle,,,,N,Level,Curve Left,Straight Ahead,Other,No Special Function,None,,
26431473,2024,1,,,,N,Vehicle in Transport,,N,Y,,,,,,,0,N,,N,East,CURRY FORD RD,45,45,4,,,,,,,,"Two-Way, Divided, Positive Median Barrier",,,,,Pedestrian,Pedestrian,,,,N,Level,Straight,Turning Right,No Controls,No Special Function,None,,
26431496,2024,1,ORLANDO,FL,32828-0000,N,Vehicle in Transport,FL,N,N,2022,HOND,,UT,SIL,Minor,500,N,,N,West,1001 AVALON PARK BOULEVARD,10,35,2,,,,,Front Right Bumper,Front Right Bumper,(Sport) Utility Vehicle,"Two-Way, Divided, Positive Median Barrier",,,,,Pedalcycle,Pedalcycle,,,,N,Level,Straight,Turning Left,Traffic Control Signal,No Special Function,None,,
26433998,2024,1,ALTAMONTE SPRINGS,FL,32714-7216,N,Vehicle in Transport,FL,N,N,2006,HOND,,SW,BLU,Minor,1000,N,,N,South,WHISPERING OAK LANE,10,15,2,,,,,Left Rear Door,Left Rear Door,Passenger Van,"Two-Way, Not Divided",,,,,Pedalcycle,Pedalcycle,,,,N,Level,Straight,Straight Ahead,No Controls,No Special Function,None,,
26434526,2024,1,ORLANDO,FL,32817-3275,N,Vehicle in Transport,FL,N,N,2024,FORD,,TK,SIL,Minor,100,N,,N,South,UNIVERSITY  BLVD,10,45,4,,,,,Right Front Fender,Right Front Fender,Pickup,"Two-Way, Divided, Positive Median Barrier",,,,,Pedalcycle,Pedalcycle,,,,N,Level,Straight,Turning Left,No Controls,No Special Function,None,,
26434549,2024,1,ORLANDO,FL,32817-0000,N,Vehicle in Transport,FL,N,N,2022,SUBA,,UT,SIL,Minor,1000,N,,N,North,LAKE TWYLO RD,10,25,2,,,,,Right Front Fender,Right Front Fender,(Sport) Utility Vehicle,"Two-Way, Not Divided",,,,,Pedalcycle,Pedalcycle,,,,N,Downhill,Straight,Turning Right,Stop Sign,No Special Function,None,,
26436386,2024,1,TITUSVILLE,FL,32796-0000,N,Vehicle in Transport,FL,N,N,2019,CHRY,,VN,BLU,Minor,500,N,,N,East,WESTWOOD DRIVE,25,25,2,,,,,Front Left Bumper,Windshield,Passenger Van,"Two-Way, Not Divided",,,,,Pedestrian,Pedestrian,,,,N,Level,Straight,Straight Ahead,No Controls,No Special Function,None,,
26442200,2024,1,WINTER GARDEN,FL,34787-6389,N,Vehicle in Transport,FL,N,N,2008,KAWK,,MC,RED,Functional,500,N,Rotation,N,West,OLD THICKET TRCE,25,25,2,,,,,Front Center Bumper,Front Center Bumper,Motorcycle,"Two-Way, Not Divided",,,,,Pedalcycle,Pedalcycle,,,,N,Level,Straight,Straight Ahead,No Controls,No Special Function,None,,
26442328,2024,1,GAINESVILLE,FL,32605-0000,N,Vehicle in Transport,FL,N,N,2021,DODG,,4D,BLU,None,0,N,,N,North,NW 122 ST,10,45,3,,,,,Rear Center Bumper,Rear Center Bumper,Passenger Car,"Two-Way, Divided, Positive Median Barrier",,,,,Other Non-Fixed Object,Other Non-Fixed Object,,,,N,Level,Straight,Turning Right,Traffic Control Signal,No Special Function,None,,
26456212,2024,1,UK,UK,00000,N,Vehicle in Transport,UK,N,Y,,UK,,PK,WHI,Unknown,0,N,,N,East,PINE HILL ROAD,30,30,2,,,,,Right Front Door,Right Front Door,Pickup,"Two-Way, Not Divided",,,,,Pedalcycle,Pedalcycle,,,,N,Level,Straight,Straight Ahead,No Controls,No Special Function,None,,
26456223,2024,1,NEW PORT RICHEY,FL,34652-0000,N,Vehicle in Transport,FL,N,N,2024,SUBA,,UT,RED,Functional,1000,N,,N,West,SCENIC DRIVE,15,15,4,,,,,Right Front Door,Right Front Door,(Sport) Utility Vehicle,"Two-Way, Divided, Positive Median Barrier",,,,,Pedalcycle,Pedalcycle,,,,N,Level,Straight,Turning Right,Traffic Control Signal,No Special Function,None,,
