REPORT_NUMBER,CRASH_YEAR,PERSON_NUMBER,STATUTE_NUMBER,CHARGE,CITATION_NUMBER
26319154,2024,1,322.34(1),UNKNOWINGLY OPERATING VEHICLE WHILE DL SUSPENDED/ CANCELED/R,AIVVRAE
26321220,2024,1,316.123(3),FAILED TO YIELD/STOP AT A YIELD INTERSECTION,AI4CUZE
26327348,2024,1,316.075(1)(a)1,FAILED TO YIELD RIGHT-OF-WAY TO PEDESTRIAN,AIWDNGE
26456223,2024,2,316.2065(1),VIOLATION BICYCLE REGULATIONS,AK7Q61E
26332830,2024,1,316.1995,SIDEWALK/BICYCLE PATH - DRIVING ON,AIX5RCE
26333807,2024,1,316.130(15),FAILED TO USE DUE CARE TOWARD PEDESTRIAN,AIX50FE
26339928,2024,2,316.130(8),PEDESTRIAN LEAVE PLACE OF SAFETY AND ENTER PATH OF VEHICLE,AJ3RJ7E
26343543,2024,1,316.123(2)(a),RAN STOP SIGN/VIOLATION OF RIGHT OF WAY FROM STOP SIGN,AJ3GP3E
26343633,2024,1,316.1925(1),CARELESS DRIVING,AJ21JXE
26343633,2024,1,322.19(2),FAIL TO CHANGE ADDRESS ON DL,AJ21JYE
26344128,2024,3,316.130(7)(b),FAILED TO YIELD RIGHT-OF-WAY TO PEDESTRIAN AT CROSSWALK WITH,AJ22T9E
26344304,2024,1,316.123(2)(a),RAN STOP SIGN/VIOLATION OF RIGHT OF WAY FROM STOP SIGN,AJ23DEE
26346199,2024,2,316.130(10),PEDESTRIAN FAILED TO YIELD TO TRAFFIC,AJ26ZSE
26348479,2024,1,316.125(2),FAILED TO YIELD/STOP AT SIDEWALK - FROM ALLEY/BLDG. /PRIVATE,AJ3ZUFE
26356612,2024,1,316.130(1),PEDESTRIAN CONTROL SIGNAL - PEDESTRIAN FAILED TO OBEY,AJ2QUNE
26357848,2024,1,320.07(3)(a),OPERATING A MOTOR VEHICLE/USING A MOBILE HOME WITH AN EXPIRE,AIX1GXE
26362588,2024,2,316.121,FAILED TO YIELD - APPROACHING/ENTERING INTERSECTION,AK0TQVE
26364221,2024,1,316.089(1),FAIL TO DRIVE IN SINGLE LANE,AJ3HC2E
26366471,2024,1,316.130(15),FAILED TO USE DUE CARE TOWARD PEDESTRIAN,AJ3GRQE
26366481,2024,1,316.130(15),FAILED TO USE DUE CARE TOWARD PEDESTRIAN,AK12RSE
26370841,2024,1,316.2065(5),SLOW BIKE FAIL TO RIDE RIGHT CURB,AJUA29E
26370841,2024,2,322.03(1),NO DRIVER LICENSE - NEVER HAD ONE ISSUED,AJUA28E
26372330,2024,1,316.130(7)(b),FAILED TO YIELD RIGHT-OF-WAY TO PEDESTRIAN AT CROSSWALK WITH,AJ3O3EE
26382722,2024,2,316.075(1)(a)1,FAILED TO YIELD RIGHT-OF-WAY TO PEDESTRIAN,AJ4I1PE
26383359,2024,1,316.122,FAIL TO YIELD - TO ONCOMING TRAFFIC/VEHICLE PASSING ON LEFT,AJ2B8PE
26387129,2024,1,316.061(1),CRASH - LEAVING SCENE WITHOUT GIVING INFO MORE THAN $50 DAMA,AK6FBME
26387129,2024,2,316.151(1)(a),IMPROPER RIGHT TURN,AK6FBLE
26389477,2024,1,316.1925(1),CARELESS DRIVING,AJ47YHE
26390316,2024,1,316.125(2),FAILED TO YIELD/STOP AT SIDEWALK - FROM ALLEY/BLDG. /PRIVATE,AJ34TSE
26404981,2024,1,316.130(7)(c),FAILED TO YIELD RIGHT-OF-WAY TO PEDESTRIAN AT CROSSWALK WITH,AK6WG0E
26416120,2024,1,316.130(10),PEDESTRIAN FAILED TO YIELD TO TRAFFIC,AK7YQIE
26418621,2024,1,316.123(2)(a),RAN STOP SIGN/VIOLATION OF RIGHT OF WAY FROM STOP SIGN,AJ4KMNE
26425281,2024,2,316.130(10),PEDESTRIAN FAILED TO YIELD TO TRAFFIC,AK0XYDE
26430031,2024,1,316.1925(1),CARELESS DRIVING,AK67N7E
26442200,2024,1,322.03(4),NO DRIVER LICENSE FOR THE OPERATION OF MOTORCYCLE,AK6P8ZE
