REPORT_NUMBER,CRASH_YEAR,CRASH_DATE_AND_TIME,REPORT_DATE_AND_TIME,INVESTIGATING_AGENCY_REPORT_NUMBER,FORM_TYPE,TOTAL_NUMBER_OF_VEHICLES,TOTAL_NUMBER_OF_PERSONS,COUNTY_CODE,CITY_CODE,COUNTY_NAME,CITY_NAME,RURAL_OR_URBAN,NOTIFIED_TIME,DISPATCHED_TIME,ARRIVED_TIME,CLEARED_TIME,COMPLETED_FLAG,NOTIFIED_BY,ON_STREET_ROAD_HIGHWAY,STREET_ADDRESS_NUMBER,LATITUDE,LONGITUDE,FEET_FROM_INTERSECTION,DIRECTION_FROM_INTERSECTION,FROM_INTERSECTION_OF,MILEPOST_NUMBER,ROAD_SYSTEM_IDENTIFER,TYPE_OF_SHOULDER,TYPE_OF_INTERSECTION,PHOTOS_TAKEN,LIGHT_CONDITION,WEATHER_CONDITION,ROAD_SURFACE_CONDITION,SCHOOL_BUS_RELATED_CODE,TYPE_OF_IMPACT,FIRST_HARMFUL_EVENT,LOCATION,INTERCHANGE_FLAG,JUNCTION_FLAG,ROAD_CIRCUMSTANCES_1,ROAD_CIRCUMSTANCES_2,ROAD_CIRCUMSTANCES_3,ENVIRONMENT_CIRCUMSTANCES_1,ENVIRONMENT_CIRCUMSTANCES_2,ENVIRONMENT_CIRCUMSTANCES_3,WORK_ZONE_RELATED_FLAG,CRASH_IN_WORK_ZONE,TYPE_OF_WORK_ZONE,WORKERS_PRESENT,LAW_ENFORCEMENT_PRESENT,INVESTIGATOR_RANK,INVESTIGATING_AGENCY_NAME,INVESTIGATING_AGENCY_TYPE,LOAD_DATE,UPDATE_DATE,DAYS_TO_LOAD,CODEABLE,S4_CRASH_TYPE,S4_CRASH_TYPE_SIMPLIFIED,S4_CRASH_SEVERITY,S4_CRASH_SEVERITY_DETAIL,S4_DAY_OR_NIGHT,S4_IS_AGGRESSIVE_DRIVING,S4_IS_ALCOHOL_RELATED,S4_IS_CMV_INVOLVED,S4_IS_DISTRACTED,S4_IS_DRUG_RELATED,S4_IS_HIT_AND_RUN,S4_IS_INTERSECTION_RELATED,S4_IS_LANE_DEPARTURE_RELATED,S4_IS_SPEEDING_RELATED,S4_NONE_INJURY_COUNT,S4_INJURY_COUNT,S4_POSSIBLE_INJURY_COUNT,S4_NON_INCAPACITATING_INJURY_COUNT,S4_INCAPACITATING_INJURY_COUNT,S4_FATALITY_COUNT,S4_FATALITY_WITHIN_30_DAYS_COUNT,S4_NON_TRAFFIC_FATALITY_COUNT,S4_TRAILER_COUNT,S4_MOTORCYCLE_COUNT,S4_MOPED_COUNT,S4_NON_MOTORIST_COUNT,S4_BICYCLIST_COUNT,S4_PEDESTRIAN_COUNT,S4_DRIVER_COUNT,S4_AGING_DRIVER_COUNT,S4_TEENAGER_DRIVER_COUNT,S4_PASSENGER_COUNT,S4_UNRESTRAINED_COUNT,S4_UNRESTRAINED_INJURY_COUNT,S4_UNRESTRAINED_INCAPACITATING_INJURY_COUNT,S4_UNRESTRAINED_FATALITY_COUNT,S4_MOTORCYCLIST_COUNT,S4_MOTORCYCLIST_INCAPACITATING_INJURY_COUNT,S4_MOTORCYCLIST_FATALITY_COUNT,S4_IS_PEDESTRIAN_INVOLVED,S4_PEDESTRIAN_INCAPACITATING_INJURY_COUNT,S4_PEDESTRIAN_FATALITY_COUNT,S4_IS_BICYCLIST_INVOLVED,S4_BICYCLIST_INCAPACITATING_INJURY_COUNT,S4_BICYCLIST_FATALITY_COUNT,S4_CITATION_COUNT,S4_CITATION_AMOUNT,S4_PROPERTY_DAMAGE_COUNT,S4_PROPERTY_DAMAGE_AMOUNT,S4_VEHICLE_DAMAGE_COUNT,S4_VEHICLE_DAMAGE_AMOUNT,S4_TOTAL_DAMAGE_AMOUNT,S4_TRANSPORT_BY_EMS_COUNT,S4_TRANSPORT_BY_LAW_ENFORCEMENT_COUNT,S4_TRANSPORT_BY_OTHER_COUNT,S4_GEOLOCATION_STATUS,S4_PRELIMINARY_GEOLOCATION_STATUS,S4_X,S4_Y,S4_LATITUDE,S4_LONGITUDE
25521774,2022,03-DEC-2022 01:00 PM,03-DEC-2022 12:00 AM,2212030084661,L,1,2,1,66,Miami-Dade,Miami,Urban,12/3/2022 1:04:00 PM,12/3/2022 1:44:00 PM,12/3/2022 1:44:00 PM,12/3/2022 2:10:00 PM,Y,Law Enforcement,NW 12TH AVE,,25.813597,-80.215816,27,East,NW 41ST ST,,Local,Paved,Four-Way Intersection,N,Daylight,Clear,Dry,N,,Pedestrian,On Roadway,N,Through Roadway,None,,,None,,,N,,,,,OFFICER,Miami Police Department,Police Department (PD),12/4/2022 2:43:00 PM,6/11/2023 3:15:00 PM,1,N,Pedestrian,Pedestrian,No Injury,No Injury,DAY,N,N,N,N,N,N,N,N,N,2,0,0,0,0,0,0,0,0,0,0,1,1,0,1,0,0,0,0,0,0,0,0,0,0,N,0,0,Y,0,0,0,0,0,0,0,0,0,0,0,1,Preliminary,Editor Mapped,578609.5434,2855272.8021,25.8135733358705,-80.2157636367767
25522058,2022,07-DEC-2022 09:04 AM,07-DEC-2022 12:00 AM,2212070085673,L,1,1,1,66,Miami-Dade,Miami,Urban,12/7/2022 9:06:00 AM,12/7/2022 9:11:00 AM,12/7/2022 9:25:00 AM,12/7/2022 10:00:00 AM,Y,Law Enforcement,UNNAMED RD,1101,25.784881,-80.188525,,,,,Parking Lot,Paved,Not at Intersection,N,Daylight,Clear,Dry,N,,Other Fixed Object,Off Roadway,N,Non-Junction,None,,,None,,,N,,,,,OFFICER,Miami Police Department,Police Department (PD),12/9/2022 2:52:00 PM,6/11/2023 3:15:00 PM,2,N,Off Road,Off Road,No Injury,No Injury,DAY,N,N,N,N,N,N,N,N,N,1,0,0,0,0,0,0,0,0,0,0,1,1,0,0,0,0,0,0,0,0,0,0,0,0,N,0,0,Y,0,0,0,0,0,0,1,200,200,0,0,0,Preliminary,Editor Mapped,581360.4384,2852111.7792,25.7848811842596,-80.188516281255
25522538,2022,14-DEC-2022 08:50 AM,14-DEC-2022 12:00 AM,2212140087388,L,1,3,1,66,Miami-Dade,Miami,Urban,12/14/2022 8:54:00 AM,12/14/2022 9:03:00 AM,12/14/2022 9:10:00 AM,12/14/2022 10:40:00 AM,Y,Law Enforcement,BRICKELL BAY DRIVE,,25.764712,-80.189874,0,,SE 9ST,,Local,Paved,Other,N,Daylight,Clear,Dry,N,,Pedalcycle,On Roadway,N,Through Roadway,None,,,None,,,N,,,,,OFC,Miami Police Department,Police Department (PD),12/20/2022 3:08:00 PM,6/11/2023 3:16:00 PM,6,Y,Bicycle,Bicycle,Injury,Possible Injury,DAY,N,N,N,N,N,N,N,N,N,2,1,1,0,0,0,0,0,0,0,0,1,1,0,1,1,0,1,0,0,0,0,0,0,0,N,0,0,Y,0,0,1,0,0,0,1,500,500,0,0,0,Preliminary,Editor Mapped,581238.3561,2849876.7024,25.7647069384038,-80.189870884963
25523011,2022,20-DEC-2022 04:18 PM,20-DEC-2022 12:00 AM,2212200088960,L,1,2,1,66,Miami-Dade,Miami,Urban,12/20/2022 4:18:00 PM,12/20/2022 4:19:00 PM,12/20/2022 4:20:00 PM,12/20/2022 5:30:00 PM,Y,Law Enforcement,NW 64TH ST,,25.834466,-80.196381,0,,NE 64TH ST,,Local,Curb,Four-Way Intersection,N,Daylight,Clear,Wet,N,,Other Non-Fixed Object,On Roadway,N,Intersection,None,,,None,,,N,,,,,OFC,Miami Police Department,Police Department (PD),12/21/2022 2:56:00 PM,6/11/2023 3:16:00 PM,1,Y,Single Vehicle,Other,Injury,Possible Injury,DAY,N,N,N,N,N,N,Y,N,N,1,1,1,0,0,0,0,0,0,0,0,1,1,0,1,1,0,0,0,0,0,0,0,0,0,N,0,0,Y,0,0,1,0,0,0,1,500,500,1,0,0,Preliminary,Editor Mapped,580547.7302,2857598.3251,25.8344653233009,-80.1962873392984
25523624,2022,31-DEC-2022 05:35 AM,31-DEC-2022 12:00 AM,3312310091433,L,1,2,1,66,Miami-Dade,Miami,Urban,12/31/2022 5:37:00 AM,12/31/2022 5:38:00 AM,12/31/2022 5:39:00 AM,12/31/2022 5:57:00 AM,N,Law Enforcement,NW 62ND ST,,25.8319,-80.21864,0,,NW 13TH AVE,,Local,Curb,Four-Way Intersection,N,Dark - Lighted,Clear,Dry,N,,Other Non-Fixed Object,On Roadway,N,Intersection,None,,,None,,,N,,,,,OFC,Miami Police Department,Police Department (PD),1/2/2023 2:43:00 PM,7/13/2023 2:55:00 PM,2,Y,Single Vehicle,Other,Injury,Possible Injury,NIGHT,N,N,N,N,N,Y,Y,N,N,0,1,1,0,0,0,0,0,0,0,0,1,1,0,1,0,0,0,0,0,0,0,0,0,0,N,0,0,Y,0,0,0,0,0,0,0,0,0,1,0,0,Preliminary,Editor Mapped,578309.3251,2857300.1852,25.8318951878585,-80.2186383519356
25526970,2022,19-SEP-2022 11:15 AM,19-SEP-2022 12:00 AM,22110564,L,1,2,6,0,Palm Beach,Unincorporated,Rural,9/19/2022 11:15:00 AM,9/19/2022 11:17:00 AM,9/19/2022 11:27:00 AM,9/19/2022 12:04:00 PM,Y,Law Enforcement,BENOIST FARMS RD,,26.692117,-80.173778,0,,BELVEDERE RD,,County,Paved,Four-Way Intersection,N,Daylight,Clear,Dry,N,,Pedalcycle,On Roadway,N,Intersection,None,,,None,,,N,,,,,CSA,Palm Beach County Sheriff's Office,Sheriff's Office (SO),9/21/2022 1:50:00 PM,9/21/2022 1:50:00 PM,2,Y,Bicycle,Bicycle,Injury,Possible Injury,DAY,N,N,N,N,N,N,Y,N,N,1,1,1,0,0,0,0,0,0,0,0,1,1,0,1,0,0,0,0,0,0,0,0,0,0,N,0,0,Y,0,0,0,0,0,0,1,600,600,0,0,0,Preliminary,Editor Mapped,582198.6437,2952601.657,26.6921197740443,-80.1737669557679
25529706,2022,02-NOV-2022 01:14 PM,02-NOV-2022 12:00 AM,22125465,L,1,2,6,0,Palm Beach,Unincorporated,Rural,11/2/2022 1:15:00 PM,11/2/2022 1:16:00 PM,11/2/2022 1:19:00 PM,11/2/2022 1:25:00 PM,Y,Law Enforcement,ELMHURST RD,,26.703282,-80.119354,0,,HAVERHILL RD N,,Local,Paved,Four-Way Intersection,N,Daylight,Clear,Dry,N,,Pedestrian,On Roadway,N,Intersection-Related,None,,,None,,,N,,,,,D/S,Palm Beach County Sheriff's Office,Sheriff's Office (SO),11/17/2022 3:10:00 PM,11/17/2022 3:10:00 PM,15,Y,Pedestrian,Pedestrian,Injury,Possible Injury,DAY,N,N,N,N,N,N,Y,N,N,1,1,1,0,0,0,0,0,0,0,0,1,1,0,1,1,0,0,0,0,0,0,0,0,0,N,0,0,Y,0,0,0,0,0,0,1,500,500,1,0,0,Preliminary,Editor Mapped,587604.3537,2953873.4817,26.7032751519773,-80.1193473037806
25539004,2022,04-NOV-2022 04:20 PM,04-NOV-2022 12:00 AM,2022110415,L,1,3,1,82,Miami-Dade,North Miami Beach,Urban,11/4/2022 4:20:00 PM,11/4/2022 4:20:00 PM,11/4/2022 4:30:00 PM,11/4/2022 4:33:00 PM,Y,Law Enforcement,US-1,,,,161,North,NE 156 ST,,U.S.,Curb,Not at Intersection,N,Daylight,Clear,Dry,N,Angle,Motor Vehicle in Transport,Off Roadway,N,Non-Junction,None,,,None,,,N,,,,,POLICE OFFICER,North Miami Beach Police Department,Police Department (PD),11/6/2022 2:45:00 PM,11/6/2022 2:45:00 PM,2,Y,Single Vehicle,Other,Injury,Possible Injury,DAY,N,N,N,N,N,N,N,N,N,2,1,1,0,0,0,0,0,0,0,0,1,1,0,1,0,0,1,0,0,0,0,0,0,0,N,0,0,Y,0,0,0,0,0,0,1,1500,1500,0,0,0,Preliminary,Editor Mapped,584575.1275,2867067.926,25.9197387756171,-80.1554971663063
25539144,2022,27-NOV-2022 05:01 PM,27-NOV-2022 12:00 AM,2022112709,L,1,2,1,82,Miami-Dade,North Miami Beach,Urban,11/27/2022 5:01:00 PM,11/27/2022 5:03:00 PM,11/27/2022 5:07:00 PM,11/27/2022 5:32:00 PM,Y,Motorist,NE 163 ST,,,,0,,NE 30 AV,,Local,Paved,Not at Intersection,N,Daylight,Clear,Dry,N,Angle,Motor Vehicle in Transport,On Roadway,N,Non-Junction,None,,,None,,,N,,,,,POLICE OFFICER,North Miami Beach Police Department,Police Department (PD),11/29/2022 2:52:00 PM,11/29/2022 2:52:00 PM,2,Y,Single Vehicle,Other,Injury,Non-Incapacitating Injury,DAY,N,N,N,N,N,N,N,N,N,1,1,0,1,0,0,0,0,0,0,0,1,1,0,1,0,0,0,0,0,0,0,0,0,0,N,0,0,Y,0,0,0,0,0,0,1,1000,1000,0,0,0,Preliminary,Editor Mapped,575052.6205,2867320.7009,25.9225439269375,-80.2505603457933
25548378,2022,20-SEP-2022 04:13 PM,27-SEP-2022 08:44 PM,34-2209-170931,L,1,2,10,38,Broward,Fort Lauderdale,Urban,9/20/2022 4:14:00 PM,9/20/2022 4:15:00 PM,9/20/2022 4:17:00 PM,9/20/2022 5:28:00 PM,Y,Law Enforcement,NW 62ND STREET,,,,0,,NW 15TH AVE,,Local,Paved,Four-Way Intersection,N,Daylight,Clear,Dry,N,Angle,Pedalcycle,On Roadway,N,Intersection,None,,,None,,,N,,,,,,Fort Lauderdale Police Department,Police Department (PD),12/24/2022 2:47:00 PM,12/12/2023 8:11:00 PM,95,Y,Bicycle,Bicycle,Injury,Non-Incapacitating Injury,DAY,N,N,N,N,N,N,Y,N,N,1,1,0,1,0,0,0,0,0,0,0,1,1,0,1,0,0,0,0,0,0,0,0,0,0,N,0,0,Y,0,0,0,0,0,0,1,500,500,0,0,0,Preliminary,Editor Mapped,583542.1673,2898447.6972,26.2031208209475,-80.1638016199825
25548903,2022,08-OCT-2022 11:40 PM,27-MAR-2023 04:41 PM,342210181606,L,1,2,10,38,Broward,Fort Lauderdale,Urban,10/8/2022 11:40:00 PM,10/8/2022 11:41:00 PM,10/8/2022 11:47:00 PM,10/8/2022 2:20:00 AM,N,Law Enforcement,SR 736 DAVIE BLVD,1300 BLOCK,,,1248,West,,,State,Paved,Not at Intersection,N,Dark - Lighted,Clear,Dry,N,Other,Motor Vehicle in Transport,On Roadway,N,Non-Junction,None,,,None,,,N,,,,,,Fort Lauderdale Police Department,Police Department (PD),3/17/2023 2:25:00 PM,6/28/2024 7:32:00 PM,160,Y,Single Vehicle,Other,Serious Injury,Incapacitating Injury,NIGHT,N,N,N,N,N,N,N,N,N,1,1,0,0,1,0,0,0,0,0,0,1,1,0,1,0,0,0,0,0,0,0,0,0,0,N,0,0,Y,1,0,0,0,2,0,1,1000,1000,1,0,0,Verified,n/a,584286.9593,2887832.2137,26.1072334405373,-80.1570364966651
25549330,2022,03-DEC-2022 01:00 PM,03-DEC-2022 10:33 PM,342212216529,L,1,3,10,38,Broward,Fort Lauderdale,Urban,12/3/2022 1:05:00 PM,12/3/2022 1:10:00 PM,12/3/2022 1:14:00 PM,12/3/2022 1:55:00 PM,Y,Law Enforcement,SR 842,,26.12188,-80.15738,0,,SW 12TH AVE,,State,Curb,T-Intersection,N,Daylight,Clear,Dry,N,Other,Motor Vehicle in Transport,On Roadway,N,Intersection-Related,None,,,None,,,N,,,,,,Fort Lauderdale Police Department,Police Department (PD),2/7/2023 2:37:00 PM,12/12/2023 8:11:00 PM,66,Y,Single Vehicle,Other,Injury,Non-Incapacitating Injury,DAY,N,N,N,N,N,N,Y,N,N,2,1,0,1,0,0,0,0,0,0,0,1,1,0,1,0,1,1,0,0,0,0,0,0,0,N,0,0,Y,0,0,0,0,0,0,1,1000,1000,1,0,0,Preliminary,Editor Mapped,584232.9823,2889453.4403,26.1218742238901,-80.157471334121
25558772,2022,21-SEP-2022 07:03 PM,21-SEP-2022 12:00 AM,S222642076,S,1,2,5,32,Polk,Bartow,Urban,9/21/2022 7:03:00 PM,9/21/2022 7:06:00 PM,9/21/2022 7:07:00 PM,9/21/2022 7:37:00 PM,Y,Law Enforcement,E CHURCH ST,,27.898022,-81.837744,0,,N OAK AVE,,Local,Curb,Four-Way Intersection,N,Daylight,Clear,Dry,N,,Other Non-Fixed Object,On Roadway,N,Intersection-Related,None,,,None,,,N,,,,,OFFICER,Bartow Police Department,Police Department (PD),10/4/2022 1:39:00 PM,10/4/2022 1:39:00 PM,13,N,Single Vehicle,Other,No Injury,No Injury,NIGHT,N,N,N,N,N,N,Y,N,N,2,0,0,0,0,0,0,0,0,0,0,1,1,0,1,1,0,0,0,0,0,0,0,0,0,N,0,0,Y,0,0,0,0,0,0,0,0,0,0,0,0,Preliminary,Officer Mapped,417552.1759,3086187.3182,27.8980170412281,-81.8377403388404
25559808,2022,24-OCT-2022 08:12 AM,24-OCT-2022 12:00 AM,22-02975,L,1,2,8,48,Volusia,Orange City,Urban,10/24/2022 8:12:00 AM,10/24/2022 8:12:00 AM,10/24/2022 8:15:00 AM,10/24/2022 9:13:00 AM,Y,Law Enforcement,S VOLUSIA AVE,,28.942211,-81.299011,,,A ST,,Local,Paved,Not at Intersection,Y,Daylight,Clear,Dry,N,,Other Non-Collision,Shoulder,N,Non-Junction,None,,,None,,,N,,,,,PATROL OFFICER,Orange City Police Department,Police Department (PD),11/1/2022 3:00:00 PM,11/1/2022 3:00:00 PM,8,N,Single Vehicle,Other,No Injury,No Injury,DAY,N,N,N,N,N,N,N,N,N,2,0,0,0,0,0,0,0,0,0,0,1,1,0,1,0,0,0,0,0,0,0,0,0,0,N,0,0,Y,0,0,0,0,0,0,1,0,0,1,0,0,Preliminary,Editor Mapped,470859.8762,3201609.5856,28.9421177701306,-81.2990129646043
25575391,2022,09-DEC-2022 08:50 PM,09-DEC-2022 12:00 AM,2022-487865,L,1,2,3,50,Hillsborough,Tampa,Urban,12/9/2022 8:58:00 PM,12/9/2022 9:01:00 PM,12/9/2022 9:04:00 PM,12/9/2022 9:50:00 PM,Y,Law Enforcement,N 46TH ST,,28.032475,-82.409943,51,South,E BUSCH BLVD,,Local,Paved,Not at Intersection,N,Dark - Lighted,Clear,Dry,N,,Pedalcycle,On Roadway,N,Non-Junction,None,,,None,,,N,,,,,POLICE OFFICER,Tampa Police Department,Police Department (PD),12/20/2022 3:08:00 PM,12/20/2022 3:08:00 PM,11,Y,Bicycle,Bicycle,Injury,Possible Injury,NIGHT,N,N,N,N,N,Y,N,N,N,1,1,1,0,0,0,0,0,0,0,0,1,1,0,1,0,0,0,0,0,0,0,0,0,0,N,0,0,Y,0,0,0,0,1,300,1,100,400,0,0,0,Preliminary,Editor Mapped,361404.3327,3101594.063,28.0324092707478,-82.4099444924944
25576187,2022,27-DEC-2022 06:00 PM,27-DEC-2022 12:00 AM,2022-510553,L,1,1,3,50,Hillsborough,Tampa,Urban,12/27/2022 6:43:00 PM,12/27/2022 7:31:00 PM,12/27/2022 8:03:00 PM,12/27/2022 7:31:00 PM,Y,Law Enforcement,N 37TH ST,,27.981588,-82.418294,0,,E DR MARTIN LUTHER KING JR BLVD,,Interstate,Paved,Four-Way Intersection,N,Dark - Lighted,Clear,Dry,N,,Pedestrian,On Roadway,N,Crossover-Related,None,,,None,,,N,,,,,OFC,Tampa Police Department,Police Department (PD),12/29/2022 2:53:00 PM,12/29/2022 2:53:00 PM,2,Y,Pedestrian,Pedestrian,Injury,Non-Incapacitating Injury,DAY,N,N,N,N,N,N,N,N,N,0,1,0,1,0,0,0,0,0,0,0,1,1,0,0,0,0,0,0,0,0,0,0,0,0,N,0,0,Y,0,0,1,0,0,0,1,2000,2000,1,0,0,Preliminary,Editor Mapped,360523.3118,3095969.2636,27.9815559471953,-82.4182398674016
25576318,2022,31-DEC-2022 12:12 PM,31-DEC-2022 12:00 AM,2022-515487,L,1,1,3,50,Hillsborough,Tampa,Urban,12/31/2022 12:15:00 PM,12/31/2022 12:16:00 PM,12/31/2022 12:18:00 PM,12/31/2022 1:00:00 PM,Y,Law Enforcement,ROYAL CYPRESS CIR,5060,28.125258,-82.387001,1079,West,,,Parking Lot,Paved,Not at Intersection,N,Daylight,Cloudy,Wet,N,,Parked Motor Vehicle,In Parking Lane or Zone,N,Non-Junction,None,,,None,,,N,,,,,MPO,Tampa Police Department,Police Department (PD),1/1/2023 2:42:00 PM,1/1/2023 2:42:00 PM,1,Y,Single Vehicle,Other,No Injury,No Injury,DAY,N,N,Y,N,N,N,N,Y,N,1,0,0,0,0,0,0,0,0,0,0,1,1,0,0,0,0,0,0,0,0,0,0,0,0,N,0,0,Y,0,0,0,0,0,0,1,1000,1000,0,0,0,Preliminary,Editor Mapped,363777.0876,3111854.6521,28.1252519467901,-82.3870014001135
25626379,2022,24-OCT-2022 05:41 PM,24-OCT-2022 12:00 AM,2022-88183,L,1,3,1,68,Miami-Dade,Miami Beach,Urban,10/24/2022 5:41:00 PM,10/24/2022 5:43:00 PM,10/24/2022 5:45:00 PM,10/24/2022 6:12:00 PM,Y,Law Enforcement,16TH ST,,,,0,,EUCLID AVE,,Local,Curb,Four-Way Intersection,,Daylight,Clear,Dry,N,Other,Motor Vehicle in Transport,On Roadway,N,Intersection,None,,,None,,,N,,,,,Off.,Miami Beach Police Department,Police Department (PD),11/2/2022 2:58:00 PM,11/2/2022 2:58:00 PM,9,Y,Single Vehicle,Other,Injury,Non-Incapacitating Injury,DAY,N,N,N,N,N,N,Y,N,N,1,2,0,2,0,0,0,0,0,0,0,2,2,0,1,0,0,0,0,0,0,0,0,0,0,N,0,0,Y,0,0,1,0,4,1600,1,3000,4600,0,0,0,Preliminary,Editor Mapped,586679.9267,2852603.2344,25.7890129780136,-80.1354325339871
25626538,2022,10-DEC-2022 11:29 PM,10-DEC-2022 12:00 AM,2022-100619,L,1,2,1,68,Miami-Dade,Miami Beach,Urban,12/10/2022 11:29:00 PM,12/10/2022 11:35:00 PM,12/10/2022 11:42:00 PM,12/10/2022 12:35:00 AM,Y,Law Enforcement,VENETIAN CSWY,,,,17,South,VENETIAN SAN MARINO WAY,,County,Curb,Not at Intersection,,Dark - Lighted,Clear,Dry,N,Front to Rear,Motor Vehicle in Transport,On Roadway,N,Non-Junction,None,,,None,,,N,,,,,,Miami Beach Police Department,Police Department (PD),12/22/2022 2:56:00 PM,12/22/2022 2:56:00 PM,12,Y,Single Vehicle,Other,Injury,Non-Incapacitating Injury,NIGHT,N,N,N,N,N,N,N,N,N,0,2,0,2,0,0,0,0,0,0,1,1,1,0,1,0,0,0,0,0,0,0,0,0,0,N,0,0,Y,0,0,1,0,2,4000,1,700,4700,0,0,0,Preliminary,Editor Mapped,583964.2569,2852770.623,25.790682816808,-80.1625063525092
25626606,2022,01-DEC-2022 08:09 AM,01-DEC-2022 12:00 AM,2022-98235,L,1,2,1,68,Miami-Dade,Miami Beach,Urban,12/1/2022 8:10:00 AM,12/1/2022 8:10:00 AM,12/1/2022 8:10:00 AM,12/1/2022 9:15:00 AM,Y,Law Enforcement,VENETIAN CSWY,,,,0,,SAN MARINO WAY WEST,,County,Paved,Four-Way Intersection,,Daylight,Clear,Dry,N,Angle,Pedalcycle,On Roadway,N,Intersection,None,,,None,,,N,,,,,Off.,Miami Beach Police Department,Police Department (PD),12/16/2022 2:54:00 PM,12/16/2022 2:54:00 PM,15,Y,Bicycle,Bicycle,Serious Injury,Incapacitating Injury,DAY,N,N,N,N,N,N,Y,N,N,1,1,0,0,1,0,0,0,0,0,0,1,1,0,1,0,0,0,0,0,0,0,0,0,0,N,0,0,Y,1,0,1,0,2,1000,1,1000,2000,1,0,0,Preliminary,Editor Mapped,583871.7897,2852771.2821,25.7906940750524,-80.1634285379251
25636444,2022,10-DEC-2022 01:20 PM,10-DEC-2022 01:52 PM,NPD22CAD042071,L,1,3,43,42,Okaloosa,Niceville,Urban,12/10/2022 1:27:00 PM,12/10/2022 1:35:00 PM,12/10/2022 1:35:00 PM,12/10/2022 2:16:00 PM,Y,Law Enforcement,ST,21ST,30.50689,-86.4774,315,West,DOGWOOD AVE,,Local,Unpaved,Four-Way Intersection,N,Daylight,Clear,Dry,N,Other,Other Non-Fixed Object,On Roadway,N,Intersection-Related,None,,,None,,,N,,,,,OFFICER,Niceville Police Department,Police Department (PD),12/15/2022 2:56:00 PM,12/15/2022 2:56:00 PM,5,N,Single Vehicle,Other,No Injury,No Injury,DAY,N,N,N,N,N,N,Y,N,N,3,0,0,0,0,0,0,0,0,0,0,1,1,0,1,1,0,1,0,0,0,0,0,0,0,N,0,0,Y,0,0,0,0,1,900,0,0,900,0,0,0,Preliminary,Editor Mapped,-25964.8355,3387740.8731,30.5068804275552,-86.477368518867
25655997,2022,19-DEC-2022 03:23 AM,21-DEC-2022 12:00 AM,2022-00442082,L,1,2,7,46,Orange,Orlando,Urban,12/19/2022 3:23:00 AM,12/19/2022 2:20:00 AM,12/19/2022 3:47:00 AM,12/19/2022 4:31:00 AM,Y,Law Enforcement,N MAGNOLIA AV,,,,0,,W COLONIAL DR,,Local,Paved,Four-Way Intersection,,Dark - Lighted,Clear,Dry,N,Other,Motor Vehicle in Transport,On Roadway,N,Intersection,None,None,None,None,None,None,N,,,,,OFC.,Orlando Police Department,Police Department (PD),12/29/2022 2:52:00 PM,12/29/2022 2:52:00 PM,10,Y,Single Vehicle,Other,Injury,Possible Injury,NIGHT,N,N,N,N,N,N,Y,N,N,1,1,1,0,0,0,0,0,0,0,0,1,1,0,1,0,0,0,0,0,0,0,0,0,0,N,0,0,Y,0,0,0,0,0,0,1,200,200,0,0,0,Preliminary,Editor Mapped,463134.3207,3158536.3579,28.5531346231082,-81.3768869726053
25656257,2022,14-DEC-2022 11:44 AM,14-DEC-2022 12:00 AM,2022-00436469,L,1,2,7,46,Orange,Orlando,Urban,12/14/2022 11:46:00 AM,12/14/2022 11:47:00 AM,12/14/2022 12:05:00 PM,12/14/2022 12:05:00 PM,Y,Law Enforcement,CONWAY RD,1928,,,,,,,Parking Lot,Curb,Not at Intersection,,Daylight,Clear,Dry,N,Angle,Pedalcycle,In Parking Lane or Zone,N,Non-Junction,None,,,None,,,N,,,,,CSO.,Orlando Police Department,Police Department (PD),12/29/2022 2:52:00 PM,12/29/2022 2:52:00 PM,15,Y,Bicycle,Bicycle,Injury,Non-Incapacitating Injury,DAY,N,N,N,N,N,N,N,N,N,1,1,0,1,0,0,0,0,0,0,0,1,1,0,1,0,0,0,0,0,0,0,0,0,0,N,0,0,Y,0,0,0,0,0,0,1,200,200,0,0,0,Preliminary,Editor Mapped,467406.5464,3154767.065,28.519225564162,-81.3331045750575
25672120,2022,14-DEC-2022 06:18 PM,14-DEC-2022 06:40 PM,736911,L,1,2,2,38,Duval,Jacksonville,Urban,12/14/2022 6:18:00 PM,12/14/2022 6:19:00 PM,12/14/2022 6:23:00 PM,12/14/2022 7:04:00 PM,Y,Law Enforcement,HODGES BLVD,,30.2851452327302,-81.4590808579078,2691,North,MONTEBELLO WAY,,Local,Curb,Four-Way Intersection,N,Dark - Not Lighted,Clear,Dry,N,Angle,Pedalcycle,On Roadway,N,Intersection,None,,,None,,,N,,,,,CSO,Jacksonville Sheriff's Office,Sheriff's Office (SO),12/20/2022 3:08:00 PM,12/20/2022 3:08:00 PM,6,N,Bicycle,Bicycle,No Injury,No Injury,DAY,N,N,N,Y,N,N,Y,N,N,2,0,0,0,0,0,0,0,0,0,0,1,1,0,1,0,0,0,0,0,0,0,0,0,0,N,0,0,Y,0,0,1,0,1,500,1,500,1000,0,0,0,Preliminary,Editor Mapped,455849.9149,3350471.0055,30.2851395034984,-81.4590776635757
25703201,2022,27-DEC-2022 10:45 AM,27-DEC-2022 12:00 AM,22-486916,S,2,2,64,0,Collier,Unincorporated,Rural,12/27/2022 10:49:00 AM,12/27/2022 10:50:00 AM,12/27/2022 10:15:00 AM,12/27/2022 11:50:00 AM,Y,Law Enforcement,COLLIER BLVD,15450,26.275655,-81.68882,,,,,Parking Lot,Curb,Not at Intersection,N,Daylight,Clear,Dry,N,,Parked Motor Vehicle,In Parking Lane or Zone,N,Non-Junction,None,,,None,,,N,,,,,CPL,Collier County Sheriff's Office,Sheriff's Office (SO),12/28/2022 2:55:00 PM,12/28/2022 2:55:00 PM,1,N,Rear End,Rear End,No Injury,No Injury,DAY,N,N,N,N,N,N,N,Y,N,1,0,0,0,0,0,0,0,0,0,0,1,1,0,1,0,0,0,0,0,0,0,0,0,0,N,0,0,Y,0,0,0,0,0,0,2,500,500,0,0,0,Preliminary,Officer Mapped,431225.4861,2906393.9429,26.2756500793032,-81.6888167579081
82399837,2022,16-AUG-2022 04:35 PM,16-AUG-2022 05:05 PM,SJSO22CAD182560,S,1,2,20,50,St. Johns,St. Augustine,Rural,8/16/2022 4:40:00 PM,8/16/2022 4:45:00 PM,8/16/2022 4:57:00 PM,8/16/2022 5:27:00 PM,Y,Law Enforcement,SAN SEBASTIAN CATHOLIC CHURCH   824-6625,,29.9166916862807,-81.3689883298591,,,EXIT OF CHURCH,,State,Unpaved,T-Intersection,N,Daylight,Cloudy,Dry,N,Angle,Pedalcycle,On Roadway,Y,Driveway/Alley Access Related,None,,,None,,,N,,,,,LE DEPUTY,St. Johns County Sheriff's Office,Sheriff's Office (SO),8/23/2022 1:50:00 PM,8/23/2022 1:50:00 PM,7,N,Bicycle,Bicycle,No Injury,No Injury,DAY,N,N,N,N,N,N,N,N,N,2,0,0,0,0,0,0,0,0,0,0,1,1,0,1,0,0,0,0,0,0,0,0,0,0,N,0,0,Y,0,0,0,0,1,80,1,100,180,0,0,0,Preliminary,Computer plot approximate by lat/long,464382.4201,3309610.7502,29.9166860443646,-81.3689851755772
84005117,2022,11-SEP-2022 11:00 AM,14-SEP-2022 12:00 AM,22-600499,L,1,2,7,32,Orange,Belle Isle,Urban,9/11/2022 11:03:00 AM,9/11/2022 11:04:00 AM,9/11/2022 11:06:00 AM,9/11/2022 11:17:00 AM,Y,Law Enforcement,HOFFNER AVE,,28.480425,-81.342199,0,,LOUVRE AVE,,Local,Unpaved,Not at Intersection,Y,Daylight,Clear,Dry,N,,Pedalcycle,On Roadway,N,Non-Junction,None,,,None,,,N,,,,,OFFICER,Belle Isle Police Department,Police Department (PD),9/14/2022 1:42:00 PM,9/16/2022 1:42:00 PM,3,Y,Bicycle,Bicycle,Injury,Non-Incapacitating Injury,DAY,N,N,N,N,N,Y,N,N,N,1,1,0,1,0,0,0,0,0,0,0,1,1,0,1,0,0,0,0,0,0,0,0,0,0,N,0,0,Y,0,0,0,0,0,0,1,0,0,0,0,0,Preliminary,Editor Mapped,466504.2217,3150472.4622,28.4804375155582,-81.3422011047889
84852098,2022,11-FEB-2022 07:31 PM,11-FEB-2022 12:00 AM,2022-00001615,L,1,2,19,38,Brevard,Indialantic,Urban,2/11/2022 7:31:00 PM,2/11/2022 7:33:00 PM,2/11/2022 7:34:00 PM,2/11/2022 7:41:00 PM,Y,Law Enforcement,SRA1A,890,28.098184,-80.569134,,,,,Parking Lot,Curb,Not at Intersection,Y,Dark - Lighted,Clear,Dry,N,,Pedestrian,In Parking Lane or Zone,N,Non-Junction,None,,,Unknown,,,N,,,,,OFC,Indialantic Police Department,Police Department (PD),2/16/2022 1:40:00 PM,2/16/2022 1:40:00 PM,5,Y,Pedestrian,Pedestrian,Injury,Non-Incapacitating Injury,NIGHT,N,N,N,N,N,N,N,N,N,1,1,0,1,0,0,0,0,0,0,0,1,1,0,1,0,0,0,0,0,0,0,0,0,0,N,0,0,Y,0,0,0,0,0,0,1,200,200,0,0,0,Preliminary,Editor Mapped,542322.677,3108153.6208,28.0981829381731,-80.5691637130608
85698048,2022,08-APR-2022 02:26 PM,08-APR-2022 12:00 AM,2204080031,S,1,2,36,40,Walton,DeFuniak Springs,Urban,4/8/2022 2:26:00 PM,4/8/2022 2:26:00 PM,4/8/2022 2:29:00 PM,4/8/2022 3:00:00 PM,Y,Law Enforcement,BALDWIN AVE,,30.725906,-86.131811,20,West,S BYERS ST,,Local,Unpaved,T-Intersection,N,Daylight,Clear,Dry,N,,Pedalcycle,On Roadway,N,Intersection,None,,,None,,,N,,,,,INVESTIGATOR,DeFuniak Springs Police Department,Police Department (PD),4/20/2022 3:31:00 PM,4/20/2022 3:31:00 PM,12,N,Bicycle,Bicycle,No Injury,No Injury,DAY,N,N,N,N,N,N,Y,N,N,2,0,0,0,0,0,0,0,0,0,0,1,1,0,1,0,0,0,0,0,0,0,0,0,0,N,0,0,Y,0,0,1,0,0,0,1,300,300,0,0,0,Preliminary,Computer mapped confident by address,8374.75289999973,3410492.7975,30.7258955075949,-86.1318067396153
85854648,2022,14-NOV-2022 01:02 PM,14-NOV-2022 12:00 AM,MP20221114-00131606,L,1,3,64,58,Collier,Marco Island,Urban,11/14/2022 1:02:00 PM,11/14/2022 1:02:00 PM,11/14/2022 1:02:00 PM,11/14/2022 1:35:00 PM,Y,Law Enforcement,BALD EAGLE DR,,25.952004,-81.723707,0,,W ELKCAM CIR,,Local,Paved,Four-Way Intersection,N,Daylight,Clear,Dry,N,,Other Non-Fixed Object,On Roadway,N,Acceleration/Deceleration Lane,None,,,None,,,N,,,,,OFC.,Marco Island Police Department,Police Department (PD),11/15/2022 3:02:00 PM,11/15/2022 3:02:00 PM,1,Y,Single Vehicle,Other,Injury,Non-Incapacitating Injury,DAY,N,N,N,N,N,N,N,N,N,1,2,1,1,0,0,0,0,0,0,0,2,2,0,1,0,0,0,0,0,0,0,0,0,0,N,0,0,Y,0,0,1,0,0,0,1,500,500,2,0,0,Preliminary,Editor Mapped,427543.0661,2870568.4547,25.9520003016627,-81.7237012084306
86787769,2022,19-MAY-2022 02:09 PM,19-MAY-2022 02:19 PM,OCSO22OFF007474,L,1,3,43,55,Okaloosa,Destin,Urban,5/19/2022 2:09:00 PM,5/19/2022 2:10:00 PM,5/19/2022 2:10:00 PM,5/19/2022 2:35:00 PM,Y,Law Enforcement,EMERALD COAST PKWY,,30.38702,-86.44299,0,,TRIUMPH RD,,Local,Paved,T-Intersection,N,Daylight,Clear,Dry,N,Other,Motor Vehicle in Transport,On Roadway,N,Intersection-Related,None,,,None,,,N,,,,,DEPUTY,Okaloosa County Sheriff's Office,Sheriff's Office (SO),5/25/2022 1:40:00 PM,5/25/2022 1:40:00 PM,6,Y,Single Vehicle,Other,Injury,Non-Incapacitating Injury,DAY,N,N,N,N,N,N,Y,N,N,2,1,0,1,0,0,0,0,0,0,0,1,1,0,1,1,0,1,0,0,0,0,0,0,0,N,0,0,Y,0,0,0,0,0,0,1,100,100,1,0,0,Preliminary,Editor Mapped,-23315.1909999996,3374279.5524,30.3871117448252,-86.4431367063079
88376472,2022,03-MAY-2022 01:05 PM,03-MAY-2022 01:30 PM,FHP22ON0222283,L,1,2,17,30,Seminole,Altamonte Springs,Urban,5/3/2022 1:08:00 PM,5/3/2022 1:20:00 PM,5/3/2022 1:20:00 PM,5/3/2022 2:15:00 PM,Y,Law Enforcement,WILLOW AVE,,28.66611,-81.42726,0,,SR 436 (SEMORAN BLVD),,State,Paved,Four-Way Intersection,N,Daylight,Clear,Dry,N,Other,Pedestrian,On Roadway,N,Intersection-Related,None,,,None,,,N,,,,,TPR,Florida Highway Patrol,Florida Highway Patrol (FHP),5/13/2022 1:36:00 PM,5/13/2022 1:36:00 PM,10,Y,Pedestrian,Pedestrian,Injury,Possible Injury,DAY,N,N,N,N,N,N,Y,N,N,1,1,1,0,0,0,0,0,0,0,0,1,1,0,1,0,0,0,0,0,0,0,0,0,0,N,0,0,Y,0,0,0,0,0,0,1,250,250,1,0,0,Preliminary,Editor Mapped,458261.4212,3171041.0087,28.6658571680279,-81.4271591267757
88560103,2022,27-APR-2022 09:07 AM,27-APR-2022 09:13 AM,FHP22ON0210295,L,1,2,4,76,Pinellas,Seminole,Rural,4/27/2022 9:09:00 AM,4/27/2022 9:11:00 AM,4/27/2022 9:13:00 AM,4/27/2022 9:47:00 AM,Y,Law Enforcement,MAGNOLIA DR,,27.85257,-82.76227,0,,CR 1 (STARKEY RD),,Local,Curb,Four-Way Intersection,N,Daylight,Clear,Dry,N,Angle,Other Non-Fixed Object,On Roadway,N,Intersection-Related,None,,,None,,,N,,,,,TPR,Florida Highway Patrol,Florida Highway Patrol (FHP),4/29/2022 1:36:00 PM,4/29/2022 1:36:00 PM,2,Y,Single Vehicle,Other,Injury,Non-Incapacitating Injury,DAY,N,N,N,N,N,N,Y,N,N,1,1,0,1,0,0,0,0,0,0,0,1,1,0,1,0,0,0,0,0,0,0,0,0,0,N,0,0,Y,0,0,1,0,1,500,1,2000,2500,0,0,0,Preliminary,Editor Mapped,326485.8297,3082116.1767,27.8525548739267,-82.7621942116112
88578326,2022,16-MAY-2022 08:20 AM,16-MAY-2022 09:17 AM,FHP22ON0246457,L,2,5,64,0,Collier,Unincorporated,Rural,5/16/2022 8:25:00 AM,5/16/2022 8:26:00 AM,5/16/2022 8:41:00 AM,5/16/2022 9:46:00 AM,Y,Law Enforcement,TREE FARM RD,,26.25846,-81.68872,261,East,CR-951 (COLLIER BLVD),,Local,Curb,Not at Intersection,N,Daylight,Clear,Dry,N,Other,Pedestrian,On Roadway,N,Non-Junction,None,,,None,,,N,,,,,TPR,Florida Highway Patrol,Florida Highway Patrol (FHP),5/18/2022 1:39:00 PM,5/18/2022 1:39:00 PM,2,Y,Pedestrian,Pedestrian,Serious Injury,Incapacitating Injury,DAY,N,N,N,N,N,N,N,N,N,4,1,0,0,1,0,0,0,1,0,0,1,1,0,2,0,0,2,0,0,0,0,0,0,0,N,0,0,Y,1,0,0,0,1,100,2,110,210,1,0,0,Preliminary,Editor Mapped,431304.5394,2904502.7383,26.2585784310348,-81.6879243925614
89034097,2022,22-SEP-2022 09:50 AM,22-SEP-2022 12:00 AM,2022-79673,L,1,1,1,68,Miami-Dade,Miami Beach,Urban,9/22/2022 9:52:00 AM,9/22/2022 9:52:00 AM,9/22/2022 9:52:00 AM,9/22/2022 10:40:00 AM,,Law Enforcement,NORMANDY DR (SR 934),,,,0,,BIARRITZ DR,,State,Paved,Four-Way Intersection,,Daylight,Clear,Dry,N,"Sideswipe, Same Direction",Motor Vehicle in Transport,Shoulder,N,Non-Junction,None,,,None,,,N,,,,,PSS,Miami Beach Police Department,Police Department (PD),9/29/2022 1:34:00 PM,9/29/2022 1:34:00 PM,7,Y,Single Vehicle,Other,Injury,Possible Injury,DAY,N,N,N,N,N,Y,N,Y,N,0,1,1,0,0,0,0,0,0,0,0,1,1,0,0,0,0,0,0,0,0,0,0,0,0,N,0,0,Y,0,0,0,0,1,0,0,0,0,0,0,0,Preliminary,Editor Mapped,585924.9599,2859544.5736,25.8517313701936,-80.1425107917734
89349814,2022,21-DEC-2022 01:46 PM,21-DEC-2022 12:00 AM,22-78-AC,L,1,3,1,32,Miami-Dade,Bay Harbor Islands,Urban,12/21/2022 1:48:00 PM,12/21/2022 1:48:00 PM,12/21/2022 1:49:00 PM,12/21/2022 2:20:00 PM,Y,Law Enforcement,BAY HARBOR TER,,25.886205,-80.131259,15,North,BURT CT,,Local,Paved,Not at Intersection,N,Daylight,Clear,Dry,N,,Pedalcycle,On Roadway,N,Non-Junction,None,,,None,,,N,,,,,OFFICER,Bay Harbor Islands Police Department,Police Department (PD),1/4/2023 2:56:00 PM,1/4/2023 2:56:00 PM,14,Y,Bicycle,Bicycle,Injury,Non-Incapacitating Injury,DAY,N,N,N,N,N,N,N,N,N,2,1,0,1,0,0,0,0,0,0,0,2,2,0,1,0,0,0,0,0,0,0,0,0,0,N,0,0,Y,0,0,1,0,0,0,0,0,0,1,0,0,Preliminary,Editor Mapped,587027.4726,2863369.4562,25.8862007825036,-80.1312567368275
89361225,2022,11-FEB-2022 06:55 PM,11-FEB-2022 12:00 AM,SO22-44060M,L,1,2,4,76,Pinellas,Seminole,Urban,2/11/2022 6:55:00 PM,2/11/2022 6:55:00 PM,2/11/2022 6:55:00 PM,2/11/2022 11:58:00 PM,Y,Law Enforcement,US-19-ALT,,27.855633,-82.787191,4,South,TOWNHOUSE BLVD,,U.S.,Curb,Not at Intersection,Y,Dark - Lighted,Clear,Dry,N,,Pedalcycle,On Roadway,N,Non-Junction,None,,,None,,,N,,,,,DEPUTY,Pinellas County Sheriff's Office,Sheriff's Office (SO),2/26/2022 1:35:00 PM,2/26/2022 1:35:00 PM,15,Y,Bicycle,Bicycle,Serious Injury,Incapacitating Injury,DAY,N,N,N,N,N,N,N,N,N,1,1,0,0,1,0,0,0,0,0,0,1,1,0,1,0,0,0,0,0,0,0,0,0,0,N,0,0,Y,1,0,0,0,0,0,1,2500,2500,1,0,0,Verified,n/a,324046.5793,3082498.9139,27.855689757552,-82.7870139060845
89362327,2022,03-AUG-2022 02:43 PM,03-AUG-2022 12:00 AM,SO22-243565,L,1,2,4,38,Pinellas,Dunedin,Urban,8/3/2022 2:46:00 PM,8/3/2022 2:47:00 PM,8/3/2022 2:47:00 PM,8/3/2022 3:16:00 PM,Y,Law Enforcement,SKINNER BLVD,,28.015772,-82.783805,0,,MILWAUKEE AVE,,Local,Paved,Four-Way Intersection,Y,Daylight,Clear,Dry,N,,Pedalcycle,On Roadway,N,Intersection,None,,,None,,,N,,,,,DEPUTY,Pinellas County Sheriff's Office,Sheriff's Office (SO),8/13/2022 1:43:00 PM,8/13/2022 1:43:00 PM,10,Y,Bicycle,Bicycle,Injury,Possible Injury,DAY,N,N,N,N,N,N,Y,N,N,1,1,1,0,0,0,0,0,0,0,0,1,1,0,1,0,0,0,0,0,0,0,0,0,0,N,0,0,Y,0,0,0,0,0,0,0,0,0,1,0,0,Preliminary,Editor Mapped,324621.7047,3100231.3413,28.0157649009445,-82.7838016843432
89399529,2022,28-JAN-2022 05:15 PM,28-JAN-2022 12:00 AM,220000667,L,1,2,8,56,Volusia,Port Orange,Urban,1/28/2022 8:32:00 PM,1/28/2022 8:36:00 PM,1/28/2022 8:40:00 PM,1/28/2022 9:34:00 PM,Y,Law Enforcement,S NOVA RD,,29.120027,-81.001004,,,OAK TRAIL RUN,,State,Curb,Not at Intersection,N,Daylight,Clear,Dry,N,,Pedalcycle,Roadside,N,Driveway/Alley Access Related,None,,,None,,,N,,,,,OFC,Port Orange Police Department,Police Department (PD),1/30/2022 1:22:00 PM,1/30/2022 1:22:00 PM,2,Y,Bicycle,Bicycle,Injury,Possible Injury,DAY,N,N,N,N,N,Y,N,N,N,0,1,1,0,0,0,0,0,0,0,0,1,1,0,1,0,0,0,0,0,0,0,0,0,0,N,0,0,Y,0,0,0,0,0,0,0,0,0,0,0,0,Preliminary,Editor Mapped,499905.0218,3221280.5354,29.1199984502604,-81.0009762658977
89585388,2022,12-APR-2022 11:00 AM,12-APR-2022 11:30 AM,FHP22ON0182805,S,1,2,19,45,Brevard,Merritt Island,Rural,4/12/2022 11:01:00 AM,4/12/2022 11:03:00 AM,4/12/2022 11:20:00 AM,4/12/2022 12:41:00 PM,Y,Law Enforcement,STATE ROAD 3 (COURTENAY PKWY,,28.35751,-80.70011,,,PALMETTO AVE,,State,Curb,Not at Intersection,N,Daylight,Cloudy,Dry,N,Other,Pedalcycle,Shoulder,N,Driveway/Alley Access Related,None,,,None,,,N,,,,,TPR,Florida Highway Patrol,Florida Highway Patrol (FHP),4/22/2022 2:01:00 PM,4/22/2022 2:01:00 PM,10,N,Bicycle,Bicycle,No Injury,No Injury,DAY,N,N,N,N,N,N,N,N,N,2,0,0,0,0,0,0,0,0,0,0,1,1,0,1,0,0,0,0,0,0,0,0,0,0,N,0,0,Y,0,0,1,0,1,100,0,0,100,0,0,0,Preliminary,Computer plot approximate by lat/long,529388.414,3136842.5624,28.3575047064893,-80.700107095407
89990715,2022,21-OCT-2022 05:10 PM,21-OCT-2022 05:44 PM,NPD22OFF000555,L,1,2,43,42,Okaloosa,Niceville,Urban,10/21/2022 5:17:00 PM,10/21/2022 5:20:00 PM,10/21/2022 5:24:00 PM,10/21/2022 7:20:00 PM,Y,Law Enforcement,SR-85 (ROBERT LF SIKES PARKWAY),,,,196,North,SR-293 (SPENCE PARKWAY),,State,Paved,Not at Intersection,Y,Daylight,Clear,Dry,N,Angle,Motor Vehicle in Transport,On Roadway,N,Non-Junction,None,,,None,,,N,,,,,OFFICER,Niceville Police Department,Police Department (PD),10/26/2022 4:39:00 PM,10/26/2022 4:39:00 PM,5,Y,Single Vehicle,Other,Serious Injury,Incapacitating Injury,DAY,N,N,N,N,N,N,N,N,N,1,1,0,0,1,0,0,0,0,0,0,1,1,0,1,0,0,0,0,0,0,0,0,0,0,N,0,0,Y,1,0,0,0,0,0,1,15000,15000,1,0,0,Preliminary,Editor Mapped,-27258.8541999999,3391553.0166,30.540555783738,-86.4927238260635
89991941,2022,01-DEC-2022 12:40 PM,05-JAN-2023 12:00 AM,22-0531,L,1,2,6,95,Palm Beach,Florida Atlantic University,Urban,12/1/2022 12:40:00 PM,12/1/2022 12:40:00 PM,12/1/2022 12:40:00 PM,12/1/2022 1:00:00 PM,Y,Law Enforcement,N UNIVERSITY DR,,26.374732,-80.101486,17,West,,,Local,Paved,Not at Intersection,Y,Daylight,Clear,Dry,N,,Pedestrian,On Roadway,N,Non-Junction,None,,,None,,,N,,,,,SERGEANT,Florida Atlantic University Police Department,Police Department (PD),12/14/2022 3:04:00 PM,1/7/2023 2:50:00 PM,13,Y,Pedestrian,Pedestrian,Injury,Non-Incapacitating Injury,DAY,Y,N,N,N,N,N,N,N,N,1,1,0,1,0,0,0,0,0,0,0,1,1,0,1,0,0,0,0,0,0,0,0,0,0,N,0,0,Y,0,0,1,0,0,0,1,500,500,1,0,0,Preliminary,Editor Mapped,589633.0984,2917497.5559,26.3747429614593,-80.101517191756
90107706,2022,09-MAY-2022 03:18 PM,09-MAY-2022 12:00 AM,2022-10973,L,2,3,6,82,Palm Beach,Palm Springs,Urban,5/9/2022 3:18:00 PM,5/9/2022 3:57:00 PM,5/9/2022 4:15:00 PM,5/9/2022 5:21:00 PM,Y,Law Enforcement,LAKE WORTH RD,,26.618396,-80.109301,293,West,COOLEY CT,,State,Curb,Not at Intersection,Y,Daylight,Cloudy,Dry,N,"Sideswipe, Same Direction",Motor Vehicle in Transport,On Roadway,N,Driveway/Alley Access Related,None,,,None,,,N,,,,,CSA,Palm Springs Police Department,Police Department (PD),5/14/2022 1:37:00 PM,5/14/2022 1:37:00 PM,5,Y,Same Direction Sideswipe,Sideswipe,Serious Injury,Incapacitating Injury,DAY,N,N,N,N,N,Y,N,Y,N,1,2,1,0,1,0,0,0,0,1,0,1,1,0,2,0,1,0,0,0,0,0,1,1,0,N,0,0,Y,0,0,0,0,0,0,1,1000,1000,0,0,2,Verified,n/a,588718.5842,2944455.3957,26.6181793976223,-80.108808221208
24470387,2023,05-JAN-2023 09:20 AM,09-JAN-2023 12:00 AM,332301002390,L,1,2,10,44,Broward,Hollywood,Urban,1/5/2023 9:23:00 AM,1/5/2023 9:23:00 AM,1/5/2023 9:29:00 AM,1/5/2023 10:20:00 AM,Y,Law Enforcement,N SURF RD,,,,0,,ELM ST,,Local,Unpaved,T-Intersection,N,Daylight,Clear,Dry,N,Angle,Pedestrian,On Roadway,N,Non-Junction,None,,,None,,,N,,,,,DETECTIVE,Hollywood Police Department,Police Department (PD),1/19/2023 2:56:00 PM,1/19/2023 2:56:00 PM,14,Y,Pedestrian,Pedestrian,Injury,Non-Incapacitating Injury,DAY,N,N,N,N,N,N,N,N,N,1,1,0,1,0,0,0,0,0,0,0,1,1,0,1,1,0,0,0,0,0,0,0,0,0,N,0,0,Y,0,0,0,0,1,100,1,500,600,0,0,0,Preliminary,Editor Mapped,588761.2385,2881434.9611,26.0492062231928,-80.1127284336673
24471190,2023,24-FEB-2023 11:50 AM,24-FEB-2023 12:00 AM,332302029747,L,1,3,10,44,Broward,Hollywood,Urban,2/24/2023 11:50:00 AM,2/24/2023 11:54:00 AM,2/24/2023 11:57:00 AM,2/24/2023 12:32:00 PM,Y,Law Enforcement,N 28TH AVE,,,,0,,FILLMORE ST,,Local,Unpaved,Four-Way Intersection,N,Daylight,Clear,Dry,N,Other,Pedalcycle,On Roadway,N,Intersection,None,,,None,,,N,,,,,COMMUNITY SERVICE OFFICER,Hollywood Police Department,Police Department (PD),3/3/2023 2:46:00 PM,3/3/2023 2:46:00 PM,7,Y,Bicycle,Bicycle,Injury,Non-Incapacitating Injury,DAY,N,N,N,N,N,N,Y,N,N,2,1,0,1,0,0,0,0,0,0,0,1,1,0,1,0,0,1,0,0,0,0,0,0,0,N,0,0,Y,0,0,1,0,1,500,1,500,1000,1,0,0,Preliminary,Editor Mapped,583719.139,2877576.5031,26.0146695879828,-80.1633728165265
24474376,2023,29-AUG-2023 02:42 PM,29-AUG-2023 12:00 AM,332308138333,L,1,2,10,44,Broward,Hollywood,Urban,8/29/2023 2:42:00 PM,8/29/2023 2:47:00 PM,8/29/2023 2:57:00 PM,8/29/2023 3:23:00 PM,Y,Law Enforcement,JEFFERSON ST,,,,0,,S 20TH AV,,Local,Unpaved,Four-Way Intersection,N,Daylight,Clear,Dry,N,Other,Pedestrian,On Roadway,N,Intersection,None,,,None,,,N,,,,,COMMUNITY SERVICE OFFICER,Hollywood Police Department,Police Department (PD),9/2/2023 4:30:00 PM,9/2/2023 4:30:00 PM,4,Y,Pedestrian,Pedestrian,Injury,Non-Incapacitating Injury,DAY,N,N,N,N,N,N,Y,N,N,1,1,0,1,0,0,0,0,0,0,0,1,1,0,1,0,0,0,0,0,0,0,0,0,0,N,0,0,Y,0,0,0,0,1,200,1,1000,1200,0,0,0,Preliminary,Editor Mapped,585378.9947,2876610.0069,26.0058463072097,-80.1468499661347
24474791,2023,23-SEP-2023 12:18 AM,23-SEP-2023 12:00 AM,332309151275,L,1,1,10,44,Broward,Hollywood,Urban,9/23/2023 12:18:00 AM,9/23/2023 12:19:00 AM,9/23/2023 12:21:00 AM,9/23/2023 12:43:00 AM,Y,Law Enforcement,N 20TH AV,,,,0,,HARDING ST,,Local,Unpaved,Four-Way Intersection,N,Dark - Lighted,Clear,Dry,N,Angle,Pedestrian,On Roadway,N,Intersection,None,,,None,,,N,,,,,COMMUNITY SERVICE OFFICER,Hollywood Police Department,Police Department (PD),10/3/2023 7:36:00 PM,10/3/2023 7:36:00 PM,10,Y,Pedestrian,Pedestrian,Injury,Non-Incapacitating Injury,NIGHT,N,N,N,N,N,Y,Y,N,N,0,1,0,1,0,0,0,0,0,0,0,1,1,0,0,0,0,0,0,0,0,0,0,0,0,N,0,0,Y,0,0,0,0,1,200,0,0,200,0,0,0,Preliminary,Editor Mapped,585305.4517,2879062.0238,26.027989498985,-80.1474248585305
24474995,2023,04-OCT-2023 08:58 PM,04-OCT-2023 12:00 AM,332310156902,L,1,1,10,44,Broward,Hollywood,Urban,10/4/2023 8:58:00 PM,10/4/2023 8:58:00 PM,10/4/2023 9:00:00 PM,10/4/2023 9:30:00 PM,Y,Law Enforcement,STIRLING RD,,,,0,,N PARK RD,,State,Curb,Four-Way Intersection,N,Dark - Lighted,Clear,Dry,N,Angle,Pedestrian,On Roadway,N,Non-Junction,None,,,None,,,N,,,,,OFFICER,Hollywood Police Department,Police Department (PD),10/18/2023 7:57:00 PM,10/18/2023 7:57:00 PM,14,Y,Pedestrian,Pedestrian,Injury,Possible Injury,NIGHT,N,N,N,N,N,Y,N,N,N,0,1,1,0,0,0,0,0,0,0,0,1,1,0,0,0,0,0,0,0,0,0,0,0,0,N,0,0,Y,0,0,0,0,1,500,0,0,500,0,0,0,Preliminary,Editor Mapped,582410.2183,2881210.8222,26.0475585383793,-80.1762229560743
24475283,2023,23-OCT-2023 07:55 AM,23-OCT-2023 12:00 AM,332310166356,L,1,1,10,44,Broward,Hollywood,Urban,10/23/2023 7:55:00 AM,10/23/2023 7:55:00 AM,10/23/2023 8:15:00 AM,10/23/2023 8:45:00 AM,N,Law Enforcement,SHERIDAN ST,4461,,,,,,,Parking Lot,Paved,Not at Intersection,N,Daylight,Clear,Dry,N,Angle,Pedestrian,In Parking Lane or Zone,N,Non-Junction,None,,,None,,,N,,,,,OFFICER,Hollywood Police Department,Police Department (PD),11/9/2023 1:37:00 AM,11/9/2023 1:37:00 AM,17,Y,Pedestrian,Pedestrian,Injury,Possible Injury,DAY,N,N,N,N,N,Y,N,N,N,0,1,1,0,0,0,0,0,0,0,0,1,1,0,0,0,0,0,0,0,0,0,0,0,0,N,0,0,Y,0,0,0,0,1,10,0,0,10,0,0,0,Preliminary,Editor Mapped,581119.2125,2879612.8804,26.0332038985904,-80.1892261082309
24475457,2023,02-NOV-2023 04:16 PM,02-NOV-2023 12:00 AM,332311171885,L,1,2,10,44,Broward,Hollywood,Urban,11/2/2023 4:16:00 PM,11/2/2023 4:16:00 PM,11/2/2023 4:23:00 PM,11/2/2023 4:33:00 PM,Y,Law Enforcement,S FEDERAL HWY,,,,0,,WASHINGTON ST,,State,Curb,Not at Intersection,N,Daylight,Clear,Dry,N,Angle,Pedestrian,On Roadway,N,Intersection-Related,None,,,None,,,N,,,,,OFFICER,Hollywood Police Department,Police Department (PD),11/29/2023 7:41:00 PM,11/29/2023 7:41:00 PM,27,Y,Pedestrian,Pedestrian,Injury,Non-Incapacitating Injury,DAY,N,N,N,Y,N,N,Y,N,N,1,1,0,1,0,0,0,0,0,0,0,1,1,0,1,0,0,0,0,0,0,0,0,0,0,N,0,0,Y,0,0,0,0,1,100,1,1000,1100,1,0,0,Preliminary,Editor Mapped,585785.7659,2876427.4974,26.0041744210193,-80.1427976277618
24475787,2023,21-NOV-2023 08:02 PM,21-NOV-2023 12:00 AM,332311181310,L,1,2,10,44,Broward,Hollywood,Urban,11/21/2023 8:02:00 PM,11/21/2023 8:03:00 PM,11/21/2023 8:11:00 PM,11/21/2023 9:30:00 PM,Y,Law Enforcement,HOLLYWOOD BLVD,,,,0,,S CIRCLE DR,,State,Curb,Other,N,Dark - Lighted,Clear,Dry,N,Angle,Pedestrian,On Roadway,N,Intersection-Related,None,,,None,,,N,,,,,COMMUNITY SERVICE OFFICER,Hollywood Police Department,Police Department (PD),12/13/2023 9:49:00 PM,12/13/2023 9:49:00 PM,22,Y,Pedestrian,Pedestrian,Injury,Possible Injury,NIGHT,Y,N,N,N,N,N,Y,N,N,1,1,1,0,0,0,0,0,0,0,0,1,1,0,1,0,0,0,0,0,0,0,0,0,0,N,0,0,Y,0,0,2,0,1,1000,1,1000,2000,1,0,0,Preliminary,Editor Mapped,581935.2802,2877101.9762,26.0104871827507,-80.181227633995
24479537,2023,23-AUG-2023 01:00 PM,23-AUG-2023 01:18 PM,MCSO23OFF006946,L,1,2,38,42,Monroe,Key West,Urban,8/23/2023 1:04:00 PM,8/23/2023 1:06:00 PM,8/23/2023 1:08:00 PM,8/23/2023 1:19:00 PM,Y,Law Enforcement,STREET,4TH,24.595,-81.66224,0,,US1,,State,Unpaved,T-Intersection,N,Daylight,Clear,Dry,N,Angle,Motor Vehicle in Transport,On Roadway,N,Non-Junction,None,,,None,,,N,,,,,DEPUTY,Monroe County Sheriff's Office,Sheriff's Office (SO),9/1/2023 4:34:00 PM,9/1/2023 4:34:00 PM,9,Y,Single Vehicle,Other,Injury,Non-Incapacitating Injury,DAY,N,N,N,N,N,N,N,N,N,1,1,0,1,0,0,0,0,0,0,0,1,1,0,1,0,1,0,0,0,0,0,0,0,0,N,0,0,Y,0,0,0,0,0,0,1,500,500,1,0,0,Preliminary,Editor Mapped,421006.7252,2716516.6369,24.5605826581631,-81.7800441458504
24631993,2023,09-AUG-2023 12:32 PM,09-AUG-2023 12:32 PM,23-816004,L,1,2,3,0,Hillsborough,Unincorporated,Rural,8/9/2023 12:32:00 PM,8/9/2023 12:34:00 PM,8/9/2023 12:38:00 PM,8/9/2023 1:01:00 PM,Y,Law Enforcement,W WATERS AVE,7011,,,,,PRIVATE PROPERTY,,Parking Lot,Curb,Not at Intersection,Y,Daylight,Cloudy,Dry,N,Other,Pedalcycle,Off Roadway,N,Driveway/Alley Access Related,None,,,None,,,N,,,,,DEP,Hillsborough County Sheriff's Office,Sheriff's Office (SO),8/11/2023 3:00:00 PM,8/11/2023 3:00:00 PM,2,Y,Bicycle,Bicycle,Injury,Possible Injury,DAY,N,N,N,Y,N,N,N,N,N,1,1,1,0,0,0,0,0,0,0,0,1,1,0,1,0,0,0,0,0,0,0,0,0,0,N,0,0,Y,0,0,0,0,1,50,0,0,50,1,0,0,Preliminary,Editor Mapped,346694.0627,3101064.4568,28.0260131262429,-82.5594812081518
24645287,2023,04-FEB-2023 06:30 PM,04-FEB-2023 06:57 PM,23-110310,L,1,2,3,0,Hillsborough,Unincorporated,Rural,2/4/2023 6:34:00 PM,2/4/2023 6:36:00 PM,2/4/2023 6:41:00 PM,2/4/2023 7:18:00 PM,Y,Law Enforcement,FLOWERFIELD DR,,,,0,,TERRACEWOOD CIR,,Local,Unpaved,Four-Way Intersection,Y,Dusk,Clear,Dry,N,"Sideswipe, Same Direction",Other Non-Fixed Object,On Roadway,Y,Intersection,None,,,None,,,N,,,,,DEP.,Hillsborough County Sheriff's Office,Sheriff's Office (SO),2/7/2023 2:37:00 PM,2/7/2023 2:37:00 PM,3,Y,Single Vehicle,Other,Injury,Non-Incapacitating Injury,DAY,N,N,N,N,N,N,Y,N,N,1,1,0,1,0,0,0,0,0,0,0,1,1,0,1,1,0,0,0,0,0,0,0,0,0,N,0,0,Y,0,0,0,0,0,0,1,1000,1000,0,0,0,Preliminary,Editor Mapped,345252.2787,3100744.7001,28.0229604761213,-82.5741010525598
24648927,2023,07-FEB-2023 06:26 PM,07-FEB-2023 07:10 PM,23-164821,L,1,2,3,0,Hillsborough,Unincorporated,Rural,2/7/2023 6:26:00 PM,2/7/2023 6:32:00 PM,2/7/2023 6:50:00 PM,2/7/2023 7:10:00 PM,Y,Law Enforcement,BANDERA SPRINGS CIR,5711,,,147,North,BANDERA SPRINGS CIR,,Private Roadway,Paved,T-Intersection,Y,Dusk,Clear,Dry,N,Other,Pedestrian,On Roadway,Y,Intersection,None,,,None,,,N,,,,,DEP.,Hillsborough County Sheriff's Office,Sheriff's Office (SO),2/18/2023 5:40:00 PM,2/18/2023 5:40:00 PM,11,Y,Pedestrian,Pedestrian,Injury,Possible Injury,DAY,N,N,N,N,N,N,Y,N,N,1,1,1,0,0,0,0,0,0,0,0,1,1,0,1,0,1,0,0,0,0,0,0,0,0,N,0,0,Y,0,0,0,0,0,0,1,1,1,1,0,0,Preliminary,Editor Mapped,368480.9885,3086433.0677,27.8963030686095,-82.3362828359745
24649348,2023,20-FEB-2023 03:15 PM,20-FEB-2023 03:46 PM,23-207862,L,1,2,3,0,Hillsborough,Unincorporated,Rural,2/20/2023 3:17:00 PM,2/20/2023 3:20:00 PM,2/20/2023 3:40:00 PM,2/20/2023 4:00:00 PM,Y,Law Enforcement,PROVIDENCE RD,,,,0,,SR 618 (BRANDON PARKWAY),,Local,Curb,Not at Intersection,N,Daylight,Clear,Dry,N,Other,Pedalcycle,On Roadway,N,Intersection-Related,None,,,None,,,N,,,,,DEP,Hillsborough County Sheriff's Office,Sheriff's Office (SO),2/25/2023 2:17:00 PM,2/25/2023 2:17:00 PM,5,Y,Bicycle,Bicycle,Injury,Possible Injury,DAY,N,N,N,N,N,N,Y,N,N,1,1,1,0,0,0,0,0,0,0,0,1,1,0,1,0,0,0,0,0,0,0,0,0,0,N,0,0,Y,0,0,0,0,0,0,1,200,200,0,0,0,Preliminary,Editor Mapped,370669.3793,3089960.7803,27.9283545344812,-82.3144376819024
24649617,2023,17-FEB-2023 06:22 AM,17-FEB-2023 06:22 AM,23-196397,L,1,2,3,0,Hillsborough,Unincorporated,Rural,2/17/2023 6:22:00 AM,2/17/2023 6:22:00 AM,2/17/2023 6:27:00 AM,2/17/2023 6:44:00 AM,Y,Law Enforcement,LAKE OAK CIR,,,,0,,W LINEBAUGH AVE,,Local,Curb,Not at Intersection,Y,Dark - Lighted,Clear,Dry,N,Other,Pedalcycle,On Roadway,N,Through Roadway,None,,,None,,,N,,,,,M/DEP,Hillsborough County Sheriff's Office,Sheriff's Office (SO),2/21/2023 3:59:00 PM,2/21/2023 3:59:00 PM,4,Y,Bicycle,Bicycle,Injury,Possible Injury,NIGHT,N,N,N,Y,N,N,N,N,N,1,1,1,0,0,0,0,0,0,0,0,1,1,0,1,0,0,0,0,0,0,0,0,0,0,N,0,0,Y,0,0,0,0,0,0,1,100,100,1,0,0,Preliminary,Editor Mapped,351113.5542,3102583.8171,28.0402267875424,-82.5147296492089
24649659,2023,18-FEB-2023 05:12 PM,18-FEB-2023 05:56 PM,23-201447,L,1,2,3,0,Hillsborough,Unincorporated,Rural,2/18/2023 5:13:00 PM,2/18/2023 5:15:00 PM,2/18/2023 5:28:00 PM,2/18/2023 6:12:00 PM,Y,Law Enforcement,E FLETCHER AVE,3100,,,0,,BRUCE B DOWNS BL,,Private Roadway,Curb,Not at Intersection,Y,Daylight,Clear,Dry,N,Other,Pedalcycle,In Parking Lane or Zone,N,Driveway/Alley Access Related,None,,,Glare,,,N,,,,,DEP,Hillsborough County Sheriff's Office,Sheriff's Office (SO),2/21/2023 3:59:00 PM,2/21/2023 3:59:00 PM,3,Y,Bicycle,Bicycle,Injury,Non-Incapacitating Injury,DAY,Y,N,N,Y,N,N,N,N,N,1,1,0,1,0,0,0,0,0,0,0,1,1,0,1,0,0,0,0,0,0,0,0,0,0,N,0,0,Y,0,0,1,0,1,250,1,500,750,0,0,0,Preliminary,Editor Mapped,360031.3493,3105691.7576,28.0692445965701,-82.4243957715711
24649804,2023,15-DEC-2023 12:52 PM,15-DEC-2023 01:40 PM,23-1233325,L,1,2,3,0,Hillsborough,Unincorporated,Rural,12/15/2023 12:59:00 PM,12/15/2023 1:01:00 PM,12/15/2023 1:06:00 PM,12/15/2023 2:13:00 PM,Y,Law Enforcement,(CR 581)  BRUCE B DOWNS BLVD,,,,0,,RICHARD SILVER WAY,,County,Paved,T-Intersection,Y,Daylight,Cloudy,Dry,N,Other,Pedalcycle,On Roadway,N,Non-Junction,None,,,None,,,N,,,,,DEP,Hillsborough County Sheriff's Office,Sheriff's Office (SO),12/16/2023 7:15:00 PM,12/16/2023 7:15:00 PM,1,Y,Bicycle,Bicycle,Injury,Non-Incapacitating Injury,DAY,N,N,N,N,N,N,N,N,N,1,1,0,1,0,0,0,0,0,0,0,1,1,0,1,0,0,0,0,0,0,0,0,0,0,N,0,0,Y,0,0,0,0,0,0,0,0,0,0,0,1,Preliminary,Editor Mapped,359840.5454,3104983.8234,28.0628357532109,-82.4262526311038
24651051,2023,28-MAR-2023 11:35 PM,28-MAR-2023 11:43 PM,23-338491,L,1,2,3,0,Hillsborough,Unincorporated,Rural,3/28/2023 11:35:00 PM,3/28/2023 11:36:00 PM,3/29/2023 12:12:00 AM,3/29/2023 1:29:00 AM,Y,Law Enforcement,HARNEY RD,,,,67,South,WALTON WAY,,Local,Unpaved,Not at Intersection,Y,Dark - Not Lighted,Clear,Dry,N,Other,Motor Vehicle in Transport,On Roadway,N,Non-Junction,None,,,None,,,N,,,,,DEP,Hillsborough County Sheriff's Office,Sheriff's Office (SO),3/30/2023 2:23:00 PM,3/30/2023 2:23:00 PM,2,Y,Single Vehicle,Other,Injury,Possible Injury,NIGHT,N,N,N,N,N,N,N,N,N,1,1,1,0,0,0,0,0,0,0,0,1,1,0,1,0,0,0,0,0,0,0,0,0,0,N,0,0,Y,0,0,0,0,0,0,1,3500,3500,1,0,0,Preliminary,Editor Mapped,363642.5835,3097200.1123,27.9929872802819,-82.3866720052571
24651195,2023,24-MAR-2023 08:30 AM,29-MAR-2023 10:09 AM,23-329616,L,1,2,3,0,Hillsborough,Unincorporated,Rural,3/26/2023 2:13:00 PM,3/26/2023 2:31:00 PM,3/26/2023 2:39:00 PM,3/26/2023 4:28:00 PM,Y,Law Enforcement,HUDSON HILLS LN,,,,,,CARLTON FIELDS DR,,Local,Curb,T-Intersection,Y,Daylight,Clear,Dry,N,Angle,Motor Vehicle in Transport,On Roadway,N,Intersection,None,,,None,,,N,,,,,DEP,Hillsborough County Sheriff's Office,Sheriff's Office (SO),3/27/2023 2:19:00 PM,3/30/2023 2:23:00 PM,3,Y,Single Vehicle,Other,Injury,Non-Incapacitating Injury,DAY,N,N,N,N,N,N,Y,N,N,1,1,0,1,0,0,0,0,0,0,0,1,1,0,1,0,0,0,0,0,0,0,0,0,0,N,0,0,Y,0,0,0,0,0,0,1,500,500,0,0,0,Preliminary,Editor Mapped,369888.8107,3072702.7095,27.7725230767475,-82.3204807902385
24738986,2023,25-MAR-2023 05:25 PM,25-MAR-2023 12:00 AM,2023TA003592,L,1,3,7,30,Orange,Apopka,Urban,3/25/2023 5:31:00 PM,3/25/2023 6:14:00 PM,3/25/2023 6:23:00 PM,3/25/2023 7:06:00 PM,Y,Law Enforcement,W SUMMIT ST,,28.687629,-81.513252,0,East,N LAKE AVE,,Local,Unpaved,Four-Way Intersection,N,Daylight,Clear,Dry,N,,Pedestrian,On Roadway,N,Intersection-Related,None,,,None,,,N,,,,,OFFICER,Apopka Police Department,Police Department (PD),4/3/2023 2:16:00 PM,4/3/2023 2:16:00 PM,9,Y,Pedestrian,Pedestrian,Injury,Possible Injury,DAY,Y,N,N,N,N,Y,Y,N,N,2,1,1,0,0,0,0,0,0,0,0,1,1,0,1,0,0,1,0,0,0,0,0,0,0,N,0,0,Y,0,0,0,0,0,0,0,0,0,1,0,0,Preliminary,Editor Mapped,449860.6829,3173483.5867,28.6876054973805,-81.5132384452197
24740235,2023,16-MAR-2023 02:20 PM,16-MAR-2023 12:00 AM,2023-01269,L,1,2,28,70,Pasco,Zephyrhills,Urban,3/16/2023 2:24:00 PM,3/16/2023 2:26:00 PM,3/16/2023 2:30:00 PM,3/16/2023 3:45:00 PM,Y,Law Enforcement,4TH AVE,,28.231772,-82.183151,0,,5TH ST,,Local,Curb,Four-Way Intersection,N,Daylight,Clear,Dry,N,,Pedalcycle,On Roadway,N,Intersection-Related,None,,,None,,,N,,,,,FTO,Zephyrhills Police Department,Police Department (PD),3/21/2023 2:31:00 PM,3/21/2023 2:31:00 PM,5,Y,Bicycle,Bicycle,Injury,Possible Injury,DAY,N,N,N,N,N,N,Y,N,N,1,1,1,0,0,0,0,0,0,0,0,1,1,0,1,0,0,0,0,0,0,0,0,0,0,N,0,0,Y,0,0,2,0,0,0,1,10,10,1,0,0,Preliminary,Editor Mapped,383915.1689,3123443.7976,28.2317665890352,-82.183147898209
24740721,2023,19-NOV-2023 01:00 PM,17-DEC-2023 12:00 AM,2023-05342,L,1,2,28,70,Pasco,Zephyrhills,Urban,11/19/2023 1:08:00 PM,11/19/2023 1:11:00 PM,11/19/2023 1:20:00 PM,11/19/2023 2:30:00 PM,N,Law Enforcement,17TH ST,,28.240481,-82.174697,0,,9TH AVE,,Local,Unpaved,Four-Way Intersection,N,Daylight,Clear,Dry,N,,Pedalcycle,On Roadway,N,Intersection-Related,None,,,None,,,N,,,,,PATROL,Zephyrhills Police Department,Police Department (PD),11/24/2023 7:15:00 PM,12/19/2023 8:31:00 PM,5,Y,Bicycle,Bicycle,Injury,Possible Injury,DAY,N,N,N,N,N,N,Y,N,N,1,1,1,0,0,0,0,0,0,0,0,1,1,0,1,0,0,0,0,0,0,0,0,0,0,N,0,0,Y,0,0,2,0,1,200,1,50,250,0,0,0,Preliminary,Editor Mapped,384753.6914,3124398.9597,28.240460671734,-82.1746974964541
24764936,2023,20-MAR-2023 07:53 AM,20-MAR-2023 12:00 AM,202304112,L,1,2,10,28,Broward,Coconut Creek,Urban,3/20/2023 7:53:00 AM,3/20/2023 7:53:00 AM,3/20/2023 7:56:00 AM,3/20/2023 8:20:00 AM,Y,Law Enforcement,BANKS RD,,,,0,,COCONUT CREEK PKWY,,Local,Unpaved,Four-Way Intersection,Y,Daylight,Cloudy,Wet,N,Angle,Other Non-Fixed Object,On Roadway,N,Non-Junction,None,,,None,,,N,,,,,OFC,Coconut Creek Police Department,Police Department (PD),3/24/2023 2:27:00 PM,3/24/2023 2:27:00 PM,4,Y,Single Vehicle,Other,Injury,Non-Incapacitating Injury,DAY,N,N,N,Y,N,Y,N,N,N,1,1,0,1,0,0,0,0,0,0,0,1,1,0,1,0,0,0,0,0,0,0,0,0,0,N,0,0,Y,0,0,6,0,1,1000,1,6000,7000,0,0,0,Preliminary,Editor Mapped,580432.9211,2903017.7937,26.2445603335158,-80.194636366949
24775710,2023,01-DEC-2023 02:46 PM,29-APR-2024 12:00 AM,23006986,L,1,2,26,50,Osceola,St. Cloud,Urban,12/1/2023 2:46:00 PM,12/1/2023 2:48:00 PM,12/1/2023 2:49:00 PM,12/1/2023 5:35:00 PM,Y,Law Enforcement,LOUISIANA AVE,,,,0,,13TH ST,,State,Curb,T-Intersection,N,Daylight,Clear,Dry,N,Other,Motor Vehicle in Transport,On Roadway,N,Non-Junction,None,,,None,,,N,,,,,POLICE OFFICER,St. Cloud Police Department,Police Department (PD),12/6/2023 8:01:00 PM,5/1/2024 10:00:00 PM,5,Y,Single Vehicle,Other,Fatality,Fatal (within 30 days),DAY,N,N,N,N,N,N,N,N,N,1,0,0,0,0,1,1,0,1,0,0,1,1,0,1,0,0,0,0,0,0,0,0,0,0,N,0,0,Y,0,1,0,0,0,0,0,0,0,0,0,0,Verified,n/a,470654.7084,3124499.4277,28.2460869603276,-81.2991410856768
24825880,2023,10-JAN-2023 04:22 PM,10-JAN-2023 12:00 AM,23000302,S,1,3,10,31,Broward,Coral Springs,Urban,1/10/2023 4:22:00 PM,1/10/2023 4:23:00 PM,1/10/2023 4:34:00 PM,1/10/2023 4:34:00 PM,Y,Law Enforcement,CORAL SPRINGS DR,,,,0,,WESTVIEW DR,,County,Curb,Four-Way Intersection,N,Daylight,Clear,Dry,N,Other,Pedalcycle,On Roadway,N,Intersection,None,,,None,,,N,,,,,,Coral Springs Police Department,Police Department (PD),1/13/2023 2:56:00 PM,1/13/2023 2:56:00 PM,3,N,Bicycle,Bicycle,No Injury,No Injury,DAY,N,N,N,N,N,N,Y,N,N,3,0,0,0,0,0,0,0,0,0,0,1,1,0,1,0,0,1,0,0,0,0,0,0,0,N,0,0,Y,0,0,0,0,0,0,1,500,500,0,0,0,Preliminary,Computer mapped approximate by address,573062.0299,2908982.0692,26.2988051979629,-80.2680973526115
24844896,2023,24-MAY-2023 02:40 PM,16-AUG-2023 12:00 AM,2023014645,L,1,2,1,54,Miami-Dade,Hialeah,Urban,5/24/2023 2:40:00 PM,5/24/2023 2:41:00 PM,5/24/2023 2:45:00 PM,5/24/2023 4:35:00 PM,Y,Law Enforcement,EAST 2ND STREET,,25.823753,-80.275389,0,West,EAST 3RD AVENUE,,Local,Paved,Roundabout,Y,Daylight,Cloudy,Dry,N,,Pedalcycle,On Roadway,N,Intersection,None,,,None,,,N,,,,,DETECTIVE,Hialeah Police Department,Police Department (PD),5/31/2023 2:52:00 PM,8/18/2023 2:52:00 PM,7,Y,Bicycle,Bicycle,Fatality,Fatal (within 30 days),DAY,N,N,N,N,N,N,Y,N,N,1,0,0,0,0,1,1,0,0,0,0,1,1,0,1,0,0,0,0,0,0,0,0,0,0,N,0,0,Y,0,1,0,0,1,1000,1,1000,2000,1,0,0,Verified,n/a,572632.6328,2856366.1894,25.8237553706813,-80.2753273535424
24846375,2023,17-JUL-2023 04:40 PM,17-JUL-2023 12:00 AM,2023019980,L,2,2,1,54,Miami-Dade,Hialeah,Urban,7/17/2023 4:40:00 PM,7/17/2023 4:41:00 PM,7/17/2023 4:04:00 PM,7/17/2023 6:16:00 PM,N,Law Enforcement,W 17TH ST,,25.837067,-80.298526,181,West,W 8TH AVE,,Local,Paved,Not at Intersection,Y,Daylight,Rain,Wet,N,,Pedestrian,On Roadway,N,Non-Junction,None,,,None,,,N,,,,,OFFICER,Hialeah Police Department,Police Department (PD),7/21/2023 2:50:00 PM,7/21/2023 2:50:00 PM,4,Y,Pedestrian,Pedestrian,Injury,Non-Incapacitating Injury,DAY,N,N,N,N,N,Y,N,Y,N,0,1,0,1,0,0,0,0,0,0,0,1,1,0,1,0,0,0,0,0,0,0,0,0,0,N,0,0,Y,0,0,0,0,0,0,1,5000,5000,0,0,1,Preliminary,Editor Mapped,570300.5549,2857831.3351,25.8370989044266,-80.2985156457782
24850806,2023,15-JUN-2023 05:15 PM,15-JUN-2023 05:36 PM,MCSO23OFF004935,L,1,2,38,0,Monroe,Unincorporated,Urban,6/15/2023 5:19:00 PM,6/15/2023 5:21:00 PM,6/15/2023 5:23:00 PM,6/15/2023 6:26:00 PM,Y,Law Enforcement,KMART,,24.7162108930756,-81.0751491356853,,,,,Private Roadway,Unpaved,Not at Intersection,Y,Daylight,Clear,Dry,N,Angle,Pedestrian,In Parking Lane or Zone,N,Non-Junction,None,,,None,,,N,,,,,DEPUTY,Monroe County Sheriff's Office,Sheriff's Office (SO),6/21/2023 2:56:00 PM,6/21/2023 2:56:00 PM,6,Y,Pedestrian,Pedestrian,Injury,Possible Injury,DAY,N,N,N,N,N,N,N,N,N,1,1,1,0,0,0,0,0,0,0,0,1,1,0,1,0,0,0,0,0,0,0,0,0,0,N,0,0,Y,0,0,0,0,1,499,1,800,1299,0,0,0,Preliminary,Editor Mapped,492432.3971,2733480.5264,24.7157925491888,-81.0748225923893
24858560,2023,20-FEB-2023 06:35 PM,20-FEB-2023 12:00 AM,23000909,L,1,2,1,29,Miami-Dade,Aventura,Urban,2/20/2023 6:35:00 PM,2/20/2023 6:37:00 PM,2/20/2023 6:41:00 PM,2/20/2023 7:15:00 PM,Y,Law Enforcement,BISCAYNE BLVD,,,,0,,NE 205TH ST,,U.S.,Paved,Other,N,Dawn,Clear,Dry,N,Other,Motor Vehicle in Transport,On Roadway,N,Non-Junction,None,,,None,,,N,,,,,POLICE OFFICER,Aventura Police Department,Police Department (PD),2/22/2023 5:05:00 PM,2/22/2023 5:05:00 PM,2,Y,Single Vehicle,Other,Injury,Possible Injury,DAY,N,N,N,N,N,N,N,N,N,1,1,1,0,0,0,0,0,1,0,0,1,1,0,1,0,0,0,0,0,0,0,0,0,0,N,0,0,Y,0,0,1,0,0,0,1,200,200,0,0,0,Preliminary,Editor Mapped,547806.6748,2820260.6538,25.4987475972767,-80.5243082983336
24858583,2023,23-FEB-2023 02:00 PM,23-FEB-2023 12:00 AM,23000976,L,1,2,1,29,Miami-Dade,Aventura,Urban,2/23/2023 2:03:00 PM,2/23/2023 2:04:00 PM,2/23/2023 2:08:00 PM,2/23/2023 2:13:00 PM,Y,Law Enforcement,BISCAYNE BLVD,,,,0,,NE 187TH ST,,U.S.,Curb,Other,N,Daylight,Cloudy,Dry,N,Angle,Motor Vehicle in Transport,On Roadway,N,Non-Junction,None,,,None,,,N,,,,,POLICE SERVICE AIDE,Aventura Police Department,Police Department (PD),2/24/2023 2:18:00 PM,2/28/2023 2:22:00 PM,1,Y,Single Vehicle,Other,Injury,Non-Incapacitating Injury,DAY,N,N,N,Y,N,N,N,N,N,1,1,0,1,0,0,0,0,0,0,0,1,1,0,1,0,0,0,0,0,0,0,0,0,0,N,0,0,Y,0,0,1,0,0,0,1,500,500,0,0,0,Preliminary,Editor Mapped,585448.306,2870258.3479,25.9484938348561,-80.146571516634
24864250,2023,03-JAN-2023 12:03 AM,07-JUL-2023 11:07 AM,PPPD23OFF000472,L,1,2,10,68,Broward,Pembroke Pines,Urban,1/3/2023 12:04:00 AM,1/3/2023 12:09:00 AM,1/3/2023 12:12:00 AM,1/3/2023 12:55:00 AM,Y,Law Enforcement,SR 817 (N UNIVERSITY DR),,26.0275281622647,-80.2487878796436,260,South,TAFT ST,,State,Curb,Not at Intersection,N,Dark - Lighted,Clear,Dry,N,Other,Pedalcycle,On Roadway,N,Non-Junction,None,,,None,,,N,,,,,OFFICER,Pembroke Pines Police Department,Police Department (PD),1/5/2023 2:54:00 PM,7/11/2023 3:03:00 PM,2,Y,Bicycle,Bicycle,Injury,Non-Incapacitating Injury,NIGHT,N,N,N,N,N,Y,N,N,N,0,2,0,2,0,0,0,0,0,0,0,2,2,0,0,0,0,0,0,0,0,0,0,0,0,N,0,0,Y,0,0,0,0,1,200,1,1,201,0,0,0,Preliminary,Editor Mapped,575164.8366,2878948.1996,26.0275241301727,-80.2487731488245
24964762,2023,18-JAN-2023 07:46 AM,18-JAN-2023 07:51 AM,FHP23ON0030167,L,1,3,12,0,Lake,Unincorporated,Rural,1/18/2023 7:46:00 AM,1/18/2023 7:50:00 AM,1/18/2023 7:55:00 AM,1/18/2023 12:31:00 PM,Y,Law Enforcement,CR-42,,29.00571,-81.44836,523,East,FULLERVILLE RD,,County,Paved,Not at Intersection,N,Dawn,"Fog, Smog, Smoke",Dry,N,Other,Pedalcycle,Roadside,N,Through Roadway,None,,,Other,,,N,,,,,TPR,Florida Highway Patrol,Florida Highway Patrol (FHP),1/25/2023 2:48:00 PM,1/25/2023 2:48:00 PM,7,Y,Bicycle,Bicycle,Injury,Possible Injury,DAY,N,N,N,Y,N,N,N,N,N,2,1,1,0,0,0,0,0,0,0,0,2,2,0,1,1,0,0,0,0,0,0,0,0,0,N,0,0,Y,0,0,1,0,1,100,1,800,900,1,0,0,Preliminary,Editor Mapped,455942.0645,3208927.9408,29.0077441091701,-81.4523717273633
25013924,2023,09-JUN-2023 04:40 PM,15-JUN-2023 08:28 PM,FHP23ON0301168,S,1,2,38,0,Monroe,Unincorporated,Urban,6/9/2023 4:43:00 PM,6/9/2023 4:46:00 PM,6/9/2023 4:56:00 PM,6/9/2023 5:33:00 PM,Y,Law Enforcement,SOMBRERO BEACH RD,,24.71607,-81.07688,0,,TREASURE RD,,Local,Paved,Not at Intersection,N,Daylight,Clear,Dry,N,Angle,Pedalcycle,On Roadway,N,Non-Junction,None,,,None,,,N,,,,,TPR,Florida Highway Patrol,Florida Highway Patrol (FHP),6/12/2023 2:58:00 PM,6/20/2023 2:50:00 PM,3,Y,Bicycle,Bicycle,No Injury,No Injury,DAY,N,N,N,N,N,N,N,N,N,2,0,0,0,0,0,0,0,0,0,0,1,1,0,1,0,0,0,0,0,0,0,0,0,0,N,0,0,Y,0,0,0,0,0,0,1,500,500,0,0,0,Preliminary,Computer mapped confident by address,491848.28,2731042.1419,24.6937674338437,-81.0805837136632
25013933,2023,16-AUG-2023 04:50 AM,16-AUG-2023 05:33 AM,FHP23ON0428569,L,1,1,64,0,Collier,Unincorporated,Rural,8/16/2023 4:52:00 AM,8/16/2023 4:55:00 AM,8/16/2023 5:14:00 AM,8/16/2023 5:23:00 AM,Y,Law Enforcement,SANTA BARBARA BLVD,,26.19674,-81.7193,0,,17TH AVE SW,,Local,Curb,T-Intersection,N,Dark - Not Lighted,Clear,Dry,N,Front to Rear,Pedalcycle,On Roadway,N,Intersection,None,,,None,,,N,,,,,TPR,Florida Highway Patrol,Florida Highway Patrol (FHP),8/25/2023 3:00:00 PM,8/25/2023 3:00:00 PM,9,Y,Bicycle,Bicycle,Injury,Non-Incapacitating Injury,NIGHT,N,N,N,N,N,Y,Y,N,N,0,1,0,1,0,0,0,0,0,0,0,1,1,0,0,0,0,0,0,0,0,0,0,0,0,N,0,0,Y,0,0,0,0,0,0,0,0,0,1,0,0,Preliminary,Editor Mapped,428134.5187,2897671.1902,26.1967417814777,-81.719287843307
25026591,2023,03-JAN-2023 07:40 AM,03-JAN-2023 08:46 AM,FHP23ON0003446,L,1,2,36,0,Walton,Unincorporated,Rural,1/3/2023 7:45:00 AM,1/3/2023 7:47:00 AM,1/3/2023 8:35:00 AM,1/3/2023 9:21:00 AM,Y,Law Enforcement,US HIGHWAY 98 (STATE ROAD 30),,30.37804,-86.33251,555,West,9375 EMERALD COAST PARKWAY,,Parking Lot,Curb,T-Intersection,N,Daylight,Cloudy,Wet,N,Angle,Pedalcycle,In Parking Lane or Zone,N,Intersection-Related,None,,,None,,,N,,,,,TPR,Florida Highway Patrol,Florida Highway Patrol (FHP),1/13/2023 2:55:00 PM,1/13/2023 2:55:00 PM,10,Y,Bicycle,Bicycle,Injury,Possible Injury,DAY,N,N,N,N,N,N,Y,N,N,1,1,1,0,0,0,0,0,0,0,0,1,1,0,1,0,0,0,0,0,0,0,0,0,0,N,0,0,Y,0,0,1,0,0,0,1,100,100,0,0,0,Preliminary,Editor Mapped,-12675.8521999996,3372749.1185,30.3779216904342,-86.332132077515
25029843,2023,21-FEB-2023 12:04 PM,21-FEB-2023 12:45 PM,FHP23ON0093194,L,1,2,17,0,Seminole,Unincorporated,Rural,2/21/2023 12:09:00 PM,2/21/2023 12:17:00 PM,2/21/2023 12:29:00 PM,2/21/2023 1:13:00 PM,Y,Law Enforcement,LAKE OF THE WOODS BOULVEARD,,28.650283713308,-81.3455995273991,0,,CAROLWOOD BOULEVARD,,Local,Unpaved,Four-Way Intersection,N,Daylight,Clear,Dry,N,Other,Pedalcycle,On Roadway,N,Intersection,None,,,None,,,N,,,,,TPR,Florida Highway Patrol,Florida Highway Patrol (FHP),3/4/2023 2:32:00 PM,3/4/2023 2:32:00 PM,11,Y,Bicycle,Bicycle,Injury,Non-Incapacitating Injury,DAY,N,N,N,Y,N,N,Y,N,N,1,1,0,1,0,0,0,0,0,0,0,1,1,0,1,0,0,0,0,0,0,0,0,0,0,N,0,0,Y,0,0,0,0,1,300,1,2000,2300,1,0,0,Preliminary,Editor Mapped,466226.1743,3169289.3981,28.65027925402,-81.3455961090973
25031460,2023,13-MAY-2023 02:00 PM,13-MAY-2023 02:40 PM,FHP23ON0250476,S,1,2,23,0,Bay,Unincorporated,Rural,5/13/2023 2:04:00 PM,5/13/2023 2:06:00 PM,5/13/2023 2:17:00 PM,5/13/2023 3:28:00 PM,Y,Law Enforcement,STATE ROAD 30 (FRONT BEACH RD),,30.17986,-85.79495,0,,ROSE LANE COURT,,State,Curb,Not at Intersection,N,Daylight,Clear,Dry,N,Angle,Pedalcycle,On Roadway,N,Driveway/Alley Access Related,None,,,None,,,N,,,,,TPR,Florida Highway Patrol,Florida Highway Patrol (FHP),5/18/2023 2:54:00 PM,5/18/2023 2:54:00 PM,5,N,Bicycle,Bicycle,No Injury,No Injury,DAY,N,N,N,N,N,N,N,N,N,2,0,0,0,0,0,0,0,0,0,0,1,1,0,1,0,0,0,0,0,0,0,0,0,0,N,0,0,Y,0,0,2,0,1,200,1,2000,2200,0,0,0,Preliminary,Computer mapped confident by address,37882.8958000001,3348386.1504,30.1792363168762,-85.7972329855629
25041847,2023,08-FEB-2023 04:41 PM,08-FEB-2023 05:12 PM,FHP23ON0069240,L,1,2,17,40,Seminole,Longwood,Rural,2/8/2023 4:41:00 PM,2/8/2023 4:42:00 PM,2/8/2023 5:06:00 PM,2/8/2023 6:40:00 PM,Y,Law Enforcement,FOX VALLEY DR,,28.7070027699781,-81.4269342217517,72,North,WEKIVA SPRINGS RD,,County,Curb,Not at Intersection,N,Daylight,Clear,Dry,N,Other,Pedalcycle,On Roadway,N,Non-Junction,None,,,None,,,N,,,,,TPR,Florida Highway Patrol,Florida Highway Patrol (FHP),2/16/2023 6:54:00 PM,2/16/2023 6:54:00 PM,8,Y,Bicycle,Bicycle,Injury,Possible Injury,DAY,N,N,N,N,N,N,N,N,N,1,1,1,0,0,0,0,0,0,0,0,1,1,0,1,1,0,0,0,0,0,0,0,0,0,N,0,0,Y,0,0,0,0,0,0,1,100,100,0,0,0,Preliminary,Editor Mapped,458301.7049,3175599.394,28.7070030792329,-81.4269137196053
25045864,2023,23-JAN-2023 04:49 PM,08-AUG-2023 01:14 PM,FHP23ON0040055,L,1,2,4,0,Pinellas,Unincorporated,Rural,1/23/2023 4:50:00 PM,1/23/2023 4:52:00 PM,1/23/2023 4:55:00 PM,1/23/2023 6:33:00 PM,Y,Law Enforcement,HAINES ROAD N,,27.82052,-82.66823,0,,53RD AVENUE NORTH,,Local,Paved,T-Intersection,Y,Daylight,Clear,Dry,N,Other,Motor Vehicle in Transport,On Roadway,N,Intersection,None,,,None,,,N,,,,,CPL,Florida Highway Patrol,Florida Highway Patrol (FHP),2/21/2023 3:59:00 PM,9/6/2023 4:36:00 PM,29,Y,Single Vehicle,Other,Fatality,Fatal (within 30 days),DAY,N,N,N,N,N,N,Y,N,N,1,0,0,0,0,1,1,0,0,0,0,1,1,0,1,0,0,0,0,0,0,0,0,0,0,N,0,0,Y,0,1,0,0,1,3500,1,2500,6000,1,0,0,Verified,n/a,335690.6021,3078437.3582,27.8205206500432,-82.6682366387938
25046394,2023,05-APR-2023 03:01 PM,05-APR-2023 03:20 PM,FHP23ON0177428,S,1,2,38,0,Monroe,Unincorporated,Urban,4/5/2023 3:06:00 PM,4/5/2023 3:07:00 PM,4/5/2023 3:10:00 PM,4/5/2023 3:35:00 PM,Y,Law Enforcement,MACDONALD AVE,,24.57478,-81.73629,0,,5TH ST,,Local,Curb,T-Intersection,N,Daylight,Clear,Dry,N,Angle,Motor Vehicle in Transport,Off Roadway,N,Intersection-Related,None,,,None,,,N,,,,,TPR,Florida Highway Patrol,Florida Highway Patrol (FHP),4/7/2023 2:23:00 PM,4/7/2023 2:23:00 PM,2,N,Single Vehicle,Other,No Injury,No Injury,DAY,N,N,N,N,N,N,Y,N,N,2,0,0,0,0,0,0,0,0,0,0,1,1,0,1,0,0,0,0,0,0,0,0,0,0,N,0,0,Y,0,0,0,0,0,0,1,500,500,0,0,0,Preliminary,Computer plot approximate by lat/long,424980.5273,2717848.1862,24.5728056717585,-81.7408769070157
25052967,2023,02-MAR-2023 08:00 AM,02-MAR-2023 08:39 AM,FHP23ON0110432,L,1,3,38,45,Monroe,Marathon,Urban,3/2/2023 8:10:00 AM,3/2/2023 8:12:00 AM,3/2/2023 8:30:00 AM,3/2/2023 9:43:00 AM,Y,Law Enforcement,US-1,,24.7285479600172,-81.0391474593319,25,North,107TH STREET GULF,,U.S.,Curb,Four-Way Intersection,N,Daylight,Clear,Dry,N,Angle,Pedalcycle,On Roadway,Y,Intersection,None,,,None,,,N,,,,,TPR,Florida Highway Patrol,Florida Highway Patrol (FHP),3/5/2023 2:13:00 PM,3/5/2023 2:13:00 PM,3,Y,Bicycle,Bicycle,Injury,Non-Incapacitating Injury,DAY,N,N,N,N,N,N,Y,N,N,2,1,0,1,0,0,0,0,0,0,0,1,1,0,1,0,0,1,0,0,0,0,0,0,0,N,0,0,Y,0,0,1,0,0,0,1,500,500,0,0,0,Preliminary,Editor Mapped,496039.587,2734896.1575,24.7285912655704,-81.0391615048225
25058347,2023,21-JAN-2023 01:51 PM,21-JAN-2023 03:24 PM,FHP23ON0036402,L,1,2,26,0,Osceola,Unincorporated,Rural,1/21/2023 2:01:00 PM,1/21/2023 2:03:00 PM,1/21/2023 2:51:00 PM,1/21/2023 4:08:00 PM,Y,Law Enforcement,POINCIANA BOULEVARD,,28.334128607165,-81.4906824057846,232,South,US 192 (IRLO BRONSON MEMORIAL HWY),,Local,Curb,Not at Intersection,N,Daylight,Clear,Dry,N,Angle,Pedestrian,On Roadway,N,Driveway/Alley Access Related,None,,,None,,,N,,,,,TPR,Florida Highway Patrol,Florida Highway Patrol (FHP),2/5/2023 2:56:00 PM,2/5/2023 2:56:00 PM,15,Y,Pedestrian,Pedestrian,Injury,Non-Incapacitating Injury,DAY,N,N,N,N,N,N,N,N,N,1,1,0,1,0,0,0,0,0,0,0,1,1,0,1,0,0,0,0,0,0,0,0,0,0,N,0,0,Y,0,0,1,0,1,50,1,500,550,1,0,0,Preliminary,Editor Mapped,452000.5751,3134370.97,28.3346449650083,-81.4897012946279
25067120,2023,02-FEB-2023 08:25 AM,02-FEB-2023 09:18 AM,FHP23ON0057005,L,1,2,4,0,Pinellas,Unincorporated,Rural,2/2/2023 8:27:00 AM,2/2/2023 8:29:00 AM,2/2/2023 8:41:00 AM,2/2/2023 8:55:00 AM,Y,Law Enforcement,46TH AVE N,,27.8136439968998,-82.7319203941774,0,,67TH WAY,,County,Paved,Not at Intersection,N,Daylight,Cloudy,Dry,N,"Sideswipe, Same Direction",Pedalcycle,On Roadway,N,Intersection,None,,,None,,,N,,,,,TPR,Florida Highway Patrol,Florida Highway Patrol (FHP),2/16/2023 6:53:00 PM,2/16/2023 6:53:00 PM,14,Y,Bicycle,Bicycle,Injury,Possible Injury,DAY,N,N,N,N,N,N,Y,N,N,1,1,1,0,0,0,0,0,0,0,0,1,1,0,1,1,0,0,0,0,0,0,0,0,0,N,0,0,Y,0,0,1,0,1,2000,1,500,2500,1,0,0,Preliminary,Editor Mapped,329379.7628,3077755.2599,27.8135769075954,-82.7321896085513
25067842,2023,03-MAR-2023 02:07 PM,03-MAR-2023 02:32 PM,FHP23ON0113155,L,1,2,28,0,Pasco,Unincorporated,Rural,3/3/2023 2:07:00 PM,3/3/2023 2:09:00 PM,3/3/2023 2:32:00 PM,3/3/2023 4:06:00 PM,Y,Law Enforcement,7101 STATE ROAD 54,,28.2171701700954,-82.6968283219528,40,West,COUNTY ROAD 77 (ROWAN ROAD),,Private Roadway,Curb,Not at Intersection,N,Daylight,Cloudy,Dry,N,Other,Pedalcycle,In Parking Lane or Zone,N,Driveway/Alley Access Related,None,,,None,,,N,,,,,TPR,Florida Highway Patrol,Florida Highway Patrol (FHP),3/5/2023 2:13:00 PM,3/5/2023 2:13:00 PM,2,Y,Bicycle,Bicycle,Injury,Non-Incapacitating Injury,DAY,N,N,N,N,N,N,N,N,N,1,1,0,1,0,0,0,0,0,0,0,1,1,0,1,1,0,0,0,0,0,0,0,0,0,N,0,0,Y,0,0,1,0,1,100,1,100,200,0,0,0,Preliminary,Editor Mapped,333478.037,3122432.4143,28.2172285756829,-82.6969070837831
25069130,2023,14-JAN-2023 12:17 PM,14-JAN-2023 12:52 PM,FHP23ON0024006,L,1,2,28,0,Pasco,Unincorporated,Rural,1/14/2023 12:22:00 PM,1/14/2023 12:27:00 PM,1/14/2023 12:36:00 PM,1/14/2023 4:28:00 PM,Y,Law Enforcement,LITTLE ROAD,,28.22761,-82.66595,174,West,HERITAGE LAKE BOULEVARD,,County,Curb,Four-Way Intersection,N,Daylight,Cloudy,Dry,N,Other,Pedalcycle,On Roadway,N,Intersection,None,,,None,,,N,,,,,TPR,Florida Highway Patrol,Florida Highway Patrol (FHP),1/16/2023 2:45:00 PM,1/16/2023 2:45:00 PM,2,Y,Bicycle,Bicycle,Serious Injury,Incapacitating Injury,DAY,N,N,N,N,N,N,Y,N,N,1,1,0,0,1,0,0,0,0,0,0,1,1,0,1,0,0,0,0,0,0,0,0,0,0,N,0,0,Y,1,0,0,0,0,0,1,1500,1500,1,0,0,Preliminary,Editor Mapped,336459.7528,3123544.7917,28.2276392323458,-82.6666890751141
25074567,2023,08-JAN-2023 05:20 PM,08-JAN-2023 06:29 PM,FHP23ON0013408,L,1,1,7,0,Orange,Unincorporated,Rural,1/8/2023 5:23:00 PM,1/8/2023 5:27:00 PM,1/8/2023 6:10:00 PM,1/8/2023 7:01:00 PM,Y,Law Enforcement,WINDY AVENUE,,28.7109721194973,-81.5172106763619,0,,BARROW STREET,,Local,Unpaved,Not at Intersection,N,Dusk,Clear,Dry,N,Other,Pedalcycle,On Roadway,N,Non-Junction,None,,,None,,,N,,,,,TPR,Florida Highway Patrol,Florida Highway Patrol (FHP),1/20/2023 2:49:00 PM,1/20/2023 2:49:00 PM,12,Y,Bicycle,Bicycle,No Injury,No Injury,DAY,N,N,N,N,N,Y,N,N,N,1,0,0,0,0,0,0,0,0,0,0,1,1,0,0,0,0,0,0,0,0,0,0,0,0,N,0,0,Y,0,0,0,0,0,0,0,0,0,0,0,0,Preliminary,Editor Mapped,449484.6591,3176087.4786,28.7110935825135,-81.5172029296144
25074624,2023,12-FEB-2023 06:50 PM,10-MAR-2023 02:37 PM,FHP23ON0077044,L,1,2,7,0,Orange,Unincorporated,Rural,2/12/2023 6:53:00 PM,2/12/2023 6:57:00 PM,2/12/2023 7:31:00 PM,2/12/2023 8:29:00 PM,Y,Law Enforcement,COUNTY ROAD 423 (JOHN YOUNG PARKWAY),,28.4722710647384,-81.4173811155819,0,,OAK RIDGE ROAD,,County,Curb,Four-Way Intersection,N,Dark - Lighted,Clear,Dry,N,Angle,Motor Vehicle in Transport,On Roadway,N,Intersection,None,,,None,,,N,,,,,TPR,Florida Highway Patrol,Florida Highway Patrol (FHP),2/16/2023 6:54:00 PM,3/13/2023 2:17:00 PM,4,Y,Single Vehicle,Other,Injury,Non-Incapacitating Injury,DAY,N,N,N,N,N,N,Y,N,N,1,1,0,1,0,0,0,0,0,0,0,1,1,0,1,0,0,0,0,0,0,0,0,0,0,N,0,0,Y,0,0,0,0,1,3000,1,2000,5000,1,0,0,Preliminary,Editor Mapped,459142.3994,3149606.8963,28.4724144907601,-81.4173790867256
25076602,2023,17-FEB-2023 08:40 AM,17-FEB-2023 09:24 AM,FHP23ON0085481,L,1,2,7,0,Orange,Unincorporated,Rural,2/17/2023 8:45:00 AM,2/17/2023 8:55:00 AM,2/17/2023 9:18:00 AM,2/17/2023 9:34:00 AM,Y,Law Enforcement,401 S. SEMORAN BOULEVARD,,28.58989,-81.30716,0,,STATE ROAD 436 (S. SEMORAN BOULEVARD,,Private Roadway,Unpaved,Not at Intersection,N,Daylight,Clear,Dry,N,Angle,Pedalcycle,On Roadway,N,Driveway/Alley Access Related,None,,,None,,,N,,,,,TPR,Florida Highway Patrol,Florida Highway Patrol (FHP),2/24/2023 2:18:00 PM,2/24/2023 2:18:00 PM,7,Y,Bicycle,Bicycle,Injury,Non-Incapacitating Injury,DAY,N,N,N,N,N,N,N,N,N,1,1,0,1,0,0,0,0,0,0,0,1,1,0,1,0,0,0,0,0,0,0,0,0,0,N,0,0,Y,0,0,1,0,1,400,1,400,800,1,0,0,Preliminary,Editor Mapped,469965.5653,3162588.4887,28.5898867327431,-81.3071565957119
25077192,2023,14-APR-2023 10:54 PM,15-APR-2023 12:52 AM,FHP23ON0196309,L,1,5,7,54,Orange,Winter Park,Rural,4/14/2023 10:59:00 PM,4/15/2023 12:22:00 AM,4/15/2023 12:46:00 AM,4/15/2023 2:28:00 AM,Y,Law Enforcement,STATE ROAD 551 (GOLDENROD ROAD),,28.5975339364761,-81.2866675358247,0,,UNIVERSITY BLVD,,State,Curb,Four-Way Intersection,N,Dark - Lighted,Clear,Dry,N,Angle,Motor Vehicle in Transport,On Roadway,N,Intersection,None,,,None,,,N,,,,,TPR,Florida Highway Patrol,Florida Highway Patrol (FHP),4/24/2023 3:28:00 PM,4/24/2023 3:28:00 PM,10,Y,Single Vehicle,Other,Serious Injury,Incapacitating Injury,NIGHT,N,N,N,N,N,N,Y,N,N,4,1,0,0,1,0,0,0,0,0,0,1,1,0,1,0,0,3,1,0,0,0,0,0,0,N,0,0,Y,1,0,2,0,1,250,1,3500,3750,1,0,0,Verified,n/a,471960.6757,3163411.4664,28.5973599229059,-81.2867733500278
25077368,2023,05-MAR-2023 01:06 AM,05-MAR-2023 01:31 AM,FHP23ON0116375,L,1,2,4,0,Pinellas,Unincorporated,Rural,3/5/2023 1:06:00 AM,3/5/2023 1:09:00 AM,3/5/2023 1:24:00 AM,3/5/2023 2:15:00 AM,Y,Law Enforcement,STATE ROAD 693 (66TH STREET N) SB,,27.8210326149627,-82.7285891062153,42,North,54TH AVENUE NORTH,,State,Paved,Not at Intersection,N,Dark - Lighted,Clear,Dry,N,Other,Pedalcycle,On Roadway,N,Non-Junction,None,,,None,,,N,,,,,TPR,Florida Highway Patrol,Florida Highway Patrol (FHP),3/7/2023 3:28:00 PM,3/7/2023 3:28:00 PM,2,Y,Bicycle,Bicycle,Injury,Non-Incapacitating Injury,NIGHT,N,N,N,N,N,N,N,N,N,1,1,0,1,0,0,0,0,0,0,0,1,1,0,1,0,0,0,0,0,0,0,0,0,0,N,0,0,Y,0,0,1,0,0,0,1,2500,2500,1,0,0,Preliminary,Editor Mapped,329746.2341,3078583.222,27.8210945623062,-82.7285887935623
25077476,2023,17-JAN-2023 03:27 PM,17-JAN-2023 07:28 PM,FHP23ON0029132,L,1,2,7,0,Orange,Unincorporated,Rural,1/17/2023 3:29:00 PM,1/17/2023 7:02:00 PM,1/17/2023 7:15:00 PM,1/17/2023 9:02:00 PM,Y,Law Enforcement,STRATEGY BOULEVARD,,28.6004075239346,-81.2079079749722,0,,STATE ROAD 434 / N ALAFAYA TRAIL,,State,Curb,Four-Way Intersection,N,Daylight,Clear,Dry,N,Other,Other Non-Fixed Object,On Roadway,Y,Intersection,None,,,None,,,N,,,,,TPR,Florida Highway Patrol,Florida Highway Patrol (FHP),1/19/2023 2:56:00 PM,1/19/2023 2:56:00 PM,2,Y,Single Vehicle,Other,Injury,Non-Incapacitating Injury,DAY,N,N,N,N,N,N,Y,N,N,1,1,0,1,0,0,0,0,0,0,0,1,1,0,1,0,0,0,0,0,0,0,0,0,0,N,0,0,Y,0,0,0,0,1,200,1,1000,1200,1,0,0,Preliminary,Editor Mapped,479671.7333,3163731.563,28.6003930797909,-81.2079143836522
25078263,2023,28-FEB-2023 07:39 PM,28-FEB-2023 10:09 PM,FHP23ON0107827,L,1,2,7,46,Orange,Orlando,Rural,2/28/2023 7:42:00 PM,2/28/2023 9:41:00 PM,2/28/2023 10:00:00 PM,2/28/2023 10:51:00 PM,Y,Law Enforcement,INTERNATIONAL DR,,28.43027,-81.47024,0,,POINTE PLAZA  AVE,,County,Curb,Four-Way Intersection,N,Dusk,Clear,Dry,N,Other,Pedalcycle,On Roadway,N,Intersection,None,,,None,,,N,,,,,TPR,Florida Highway Patrol,Florida Highway Patrol (FHP),3/4/2023 2:32:00 PM,3/4/2023 2:32:00 PM,4,Y,Bicycle,Bicycle,No Injury,No Injury,NIGHT,N,N,N,Y,N,Y,Y,N,N,2,0,0,0,0,0,0,0,0,0,0,1,1,0,1,0,0,0,0,0,0,0,0,0,0,N,0,0,Y,0,0,0,0,0,0,0,0,0,0,0,0,Preliminary,Editor Mapped,453954.4615,3144964.4133,28.4303366434251,-81.4701894512533
25079696,2023,17-FEB-2023 04:29 PM,17-FEB-2023 06:30 PM,FHP23ON0086484,L,1,2,7,0,Orange,Unincorporated,Rural,2/17/2023 4:31:00 PM,2/17/2023 6:00:00 PM,2/17/2023 6:23:00 PM,2/17/2023 7:04:00 PM,Y,Law Enforcement,STATE ROAD 429,,28.41993,-81.62845,,,SEIDEL RD,,State,Curb,Not at Intersection,N,Daylight,Clear,Dry,N,Other,Pedestrian,On Roadway,Y,Non-Junction,None,,,None,,,N,,,,,TPR,Florida Highway Patrol,Florida Highway Patrol (FHP),3/6/2023 2:29:00 PM,3/6/2023 2:29:00 PM,17,Y,Pedestrian,Pedestrian,Injury,Possible Injury,DAY,N,N,N,N,N,N,N,N,N,1,1,1,0,0,0,0,0,0,0,0,1,1,0,1,0,0,0,0,0,0,0,0,0,0,N,0,0,Y,0,0,1,0,0,0,1,50,50,0,0,0,Preliminary,Editor Mapped,438450.2806,3143880.3477,28.4199128366476,-81.6284442319153
25091536,2023,11-AUG-2023 10:38 AM,11-AUG-2023 12:00 AM,230811006311,L,1,2,10,56,Broward,Lighthouse Point,Urban,8/11/2023 10:38:00 AM,8/11/2023 10:38:00 AM,8/11/2023 10:40:00 AM,8/11/2023 11:30:00 AM,Y,Law Enforcement,NE 48TH ST,,26.289699,-80.095278,0,,N FEDERAL HWY,,U.S.,Curb,T-Intersection,N,Daylight,Clear,Dry,N,,Pedalcycle,On Roadway,N,Other,None,,,None,,,N,,,,,OFFICER,Lighthouse Point Police Department,Police Department (PD),8/16/2023 2:55:00 PM,8/16/2023 2:55:00 PM,5,Y,Bicycle,Bicycle,Serious Injury,Incapacitating Injury,DAY,N,N,N,Y,N,N,N,N,N,1,1,0,0,1,0,0,0,0,0,0,1,1,0,1,1,0,0,0,0,0,0,0,0,0,N,0,0,Y,1,0,1,0,0,0,1,100,100,1,0,0,Verified,n/a,590321.802,2908082.1702,26.2896944287781,-80.0952753580087
25094045,2023,03-JAN-2023 02:10 PM,03-JAN-2023 12:00 AM,2023TA000102,S,1,2,17,30,Seminole,Altamonte Springs,Urban,1/3/2023 2:10:00 PM,1/3/2023 2:11:00 PM,1/3/2023 2:14:00 PM,1/3/2023 3:00:00 PM,Y,Law Enforcement,SR-436,,28.661752,-81.399516,169,West,LYNCHFIELD AVE,,State,Paved,Not at Intersection,N,Daylight,Clear,Dry,N,,Other Non-Collision,On Roadway,N,Non-Junction,None,,,None,,,N,,,,,CSO,Altamonte Springs Police Department,Police Department (PD),1/6/2023 2:54:00 PM,1/6/2023 2:54:00 PM,3,N,Single Vehicle,Other,No Injury,No Injury,DAY,N,N,N,N,N,N,N,N,N,2,0,0,0,0,0,0,0,0,0,0,1,1,0,1,0,1,0,0,0,0,0,0,0,0,N,0,0,Y,0,0,1,0,0,0,1,500,500,0,0,0,Preliminary,Officer Mapped,460961.3375,3170576.222,28.6617462486636,-81.3995124245322
25094386,2023,23-MAR-2023 05:28 PM,23-MAR-2023 12:00 AM,2023TA003532,L,1,2,17,30,Seminole,Altamonte Springs,Urban,3/23/2023 5:31:00 PM,3/23/2023 5:32:00 PM,3/23/2023 5:33:00 PM,3/23/2023 6:20:00 PM,Y,Law Enforcement,HERMITS TRL,,28.663289,-81.362742,0,North,SR 436,,Local,Curb,T-Intersection,N,Daylight,Clear,Dry,N,,Pedestrian,On Roadway,N,Intersection,None,,,None,,,N,,,,,OFC,Altamonte Springs Police Department,Police Department (PD),3/26/2023 2:16:00 PM,3/26/2023 2:16:00 PM,3,Y,Pedestrian,Pedestrian,Injury,Non-Incapacitating Injury,DAY,N,N,N,N,N,N,Y,N,N,1,1,0,1,0,0,0,0,0,0,0,1,1,0,1,0,0,0,0,0,0,0,0,0,0,N,0,0,Y,0,0,1,0,0,0,1,500,500,1,0,0,Preliminary,Editor Mapped,464556.1785,3170731.7947,28.6632540096133,-81.3627291450581
25121318,2023,01-JAN-2023 06:45 PM,01-JAN-2023 12:00 AM,2023-000092,L,1,2,4,64,Pinellas,St. Petersburg,Urban,1/1/2023 6:48:00 PM,1/1/2023 6:48:00 PM,1/1/2023 6:51:00 PM,1/1/2023 7:20:00 PM,Y,Law Enforcement,1ST AVE N,,27.771885,-82.679582,0,,34TH ST N,,Local,Curb,Four-Way Intersection,Y,Dark - Lighted,Clear,Dry,N,,Pedestrian,On Roadway,N,Intersection,None,,,None,,,N,,,,,OFC.,St. Petersburg Police Department,Police Department (PD),1/6/2023 2:54:00 PM,1/6/2023 2:54:00 PM,5,Y,Pedestrian,Pedestrian,Injury,Possible Injury,DAY,N,N,N,N,N,N,Y,N,N,1,1,1,0,0,0,0,0,0,0,0,1,1,0,1,0,0,0,0,0,0,0,0,0,0,N,0,0,Y,0,0,1,0,0,0,1,1200,1200,0,0,0,Preliminary,Editor Mapped,334499.821,3073065.1684,27.7718972066378,-82.6795768751722
25121329,2023,02-JAN-2023 04:20 PM,02-JAN-2023 12:00 AM,2023-000198,L,1,2,4,64,Pinellas,St. Petersburg,Urban,1/2/2023 4:25:00 PM,1/2/2023 4:25:00 PM,1/2/2023 4:30:00 PM,1/2/2023 4:30:00 PM,Y,Law Enforcement,S 56TH AVE,,27.71797,-82.660125,,,21ST WAY S,,Local,Unpaved,Not at Intersection,N,Daylight,Clear,Dry,N,,Pedestrian,In Parking Lane or Zone,N,Non-Junction,None,,,None,,,N,,,,,OFFICER,St. Petersburg Police Department,Police Department (PD),1/7/2023 2:50:00 PM,1/7/2023 2:50:00 PM,5,Y,Pedestrian,Pedestrian,Injury,Possible Injury,DAY,N,N,N,N,N,N,N,N,N,1,1,1,0,0,0,0,0,0,0,0,1,1,0,1,0,0,0,0,0,0,0,0,0,0,N,0,0,Y,0,0,0,0,0,0,1,100,100,1,0,0,Preliminary,Editor Mapped,336336.4814,3067055.3014,27.7178904079256,-82.6601213095395
