REPORT_NUMBER,CRASH_YEAR,VEHICLE_NUMBER,PERSON_NUMBER,RECOMMENDED_RE_EXAM,DL_STATE,DL_TYPE,DRIVER_DISTRACTION_CODE,CONDITION_AT_TIME_OF_CRASH,REQUIRED_ENDORSEMENTS,VISION_OBSTRUCTED,INSURANCE_COMPANY,CITY,STATE,ZIP_CODE,SEX,HELMET_CODE,RESTRAINT_SYSTEM_CODE,EYE_PROTECTION_CODE,AIR_BAG_DEPLOYMENT_CODE,EJECTED,SUSPECTED_ALCOHOL_USE_CODE,ALCOHOL_TESTED_CODE,ALCOHOL_TEST_TYPE_CODE,ALCOHOL_TEST_RESULTS,BLOOD_ALCOHOL_CONTENT,SUSPECTED_DRUG_USE_CODE,DRUG_TESTED_CODE,DRUG_TEST_TYPE_CODE,DRUG_TEST_RESULTS,INJURY_SEVERITY,EMS_TRANSPORT_TYPE,DRIVER_ACTION_1,DRIVER_ACTION_2,DRIVER_ACTION_3,DRIVER_ACTION_4,S4_AGE_AT_TIME_OF_CRASH,S4_IS_AGGRESSIVE_DRIVING,S4_IS_ALCOHOL_RELATED,S4_IS_DRUG_RELATED,S4_IS_DISTRACTED,S4_IS_SPEEDING_RELATED,S4_IS_AGING_DRIVER,S4_IS_TEENAGER_DRIVER,S4_IS_UNRESTRAINED
25521774,2022,1,1,N,FL,E/Operator,Not Distracted,Apparently Normal,No Required Endorsements,Vision Not Obscured,GATEWAY INSURANCE COMPA,,,33127,Male,,Shoulder and Lap Belt Used,,Not Applicable,Not Ejected,N,,,,,N,,,,None,Other,No Contributing Action,,,,46,N,N,N,N,N,N,N,N
25522538,2022,1,1,N,FL,A,Not Distracted,Apparently Normal,No Required Endorsements,Vision Not Obscured,ZURICH AMERICAN INS,,,33015,Male,,Shoulder and Lap Belt Used,,Not Applicable,Not Ejected,N,,,,,N,,,,None,Not Transported,No Contributing Action,,,,65,N,N,N,N,N,Y,N,N
25523011,2022,1,1,N,FL,E/Operator,Not Distracted,Apparently Normal,No Required Endorsements,Vision Not Obscured,PROGRESSIVE AMERICAN IN,,,33150,Male,,Shoulder and Lap Belt Used,,Not Deployed,Not Ejected,N,,,,,N,,,,None,Not Transported,Failed to Yield Right-of-Way,,,,72,N,N,N,N,N,Y,N,N
25523624,2022,1,1,,,,Unknown,Unknown,,,,,,,,,,,,Unknown,,,,,,,,,,,Unknown,,,,,,N,N,N,,N,N,N,N
25526970,2022,1,1,N,FL,E/Operator,Not Distracted,Apparently Normal,No Required Endorsements,Vision Not Obscured,SECURITY NATIONAL INSUR,,,33411,Female,,Shoulder and Lap Belt Used,,Not Deployed,Not Ejected,N,,,,,N,,,,None,Not Transported,Operated MV in Careless or Negligent Manner,,,,58,N,N,N,N,N,N,N,N
25529706,2022,1,1,N,FL,E/Operator,Not Distracted,Apparently Normal,No Required Endorsements,Vision Not Obscured,SOUTHERN-OWNERS INSURAN,,,33467,Female,,Shoulder and Lap Belt Used,,Not Deployed,Not Ejected,N,,,,,N,,,,None,Not Transported,Other Contributing Action,,,,78,N,N,N,N,N,Y,N,N
25539004,2022,1,1,N,FL,E/Operator,Unknown,Apparently Normal,No,Vision Not Obscured,GEICO GENERAL INSURANCE COMPANY,,,33180,Male,,Shoulder and Lap Belt Used,,Not Deployed,Not Ejected,N,,,,,N,,,,None,Not Transported,No Contributing Action,,,,41,N,N,N,,N,N,N,N
25539144,2022,1,1,N,FL,E/Operator,Not Distracted,Apparently Normal,No,Vision Not Obscured,USAA CASUALTY INSURANCE COMPANY,,,33160,Male,No Helmet,Shoulder and Lap Belt Used,,Not Deployed,Not Ejected,N,,,,,N,,,,None,Not Transported,No Contributing Action,,,,21,N,N,N,N,N,N,N,N
25548378,2022,1,1,N,FL,E/Operator,Not Distracted,Apparently Normal,No,Vision Not Obscured,STATE FARM INSURANCE COMPANY,,,33324,Female,,Shoulder and Lap Belt Used,,Not Deployed,Not Ejected,N,,,,,N,,,,None,Not Transported,No Contributing Action,,,,56,N,N,N,N,N,N,N,N
25548903,2022,1,1,N,FL,E/Operator,Unknown,Unknown,No Required Endorsements,Vision Not Obscured,USAA GENERAL,LOXAHATCHEE,FL,33470,Male,No Helmet,Shoulder and Lap Belt Used,,Not Deployed,Not Ejected,N,,,,,N,,,,None,Not Transported,No Contributing Action,,,,37,N,N,N,,N,N,N,N
25549330,2022,1,1,N,FL,E/Operator,Not Distracted,Apparently Normal,No,Vision Not Obscured,UK,,,33056,Female,No Helmet,Shoulder and Lap Belt Used,,Not Deployed,Not Ejected,N,,,,,N,,,,None,Not Transported,No Contributing Action,,,,18,N,N,N,N,N,N,Y,N
25558772,2022,1,1,N,FL,E/Operator,Not Distracted,Apparently Normal,No,Vision Not Obscured,GEICO GENERAL INSURANCE COMPANY,,,33830,Male,,Shoulder and Lap Belt Used,,Not Applicable,Not Ejected,N,,,,,N,,,,None,Not Transported,No Contributing Action,,,,65,N,N,N,N,N,Y,N,N
25575391,2022,1,1,N,UK,E/Operator,Unknown,Unknown,No Required Endorsements,Vision Not Obscured,UNKNOWN,,,00000,Unknown,,Shoulder and Lap Belt Used,,Deployment Unknown,Unknown,,"Unknown, if Tested",,Unknown,,,"Unknown, if Tested",,,None,Unknown,No Contributing Action,,,,21,N,N,N,,N,N,N,N
25626538,2022,1,1,,OT,E/Operator,Not Distracted,Apparently Normal,No,Vision Not Obscured,SELF,,,33181,Male,,None Used - Motor Vehicle Occupant,,Not Applicable,"Ejected, Totally",N,,,,,N,,,,Non-Incapacitating,Not Transported,Operated MV in Careless or Negligent Manner,,,,32,N,N,N,N,N,N,N,Y
25636444,2022,1,1,N,FL,E/Operator,Not Distracted,Apparently Normal,,Vision Not Obscured,STATE FARM,,,32578,Male,,Shoulder and Lap Belt Used,,Not Deployed,Not Ejected,N,Test Not Given,,,,N,Test Not Given,,,None,Not Transported,Other Contributing Action,,,,89,N,N,N,N,N,Y,N,N
25656257,2022,2,2,,FL,E/Operator,Not Distracted,Apparently Normal,No Required Endorsements,Parked/Stopped Vehicle,ALLSTATE INSURANCE COMPANY,,,32812,Female,No Helmet,Shoulder and Lap Belt Used,,Not Deployed,Not Ejected,N,,,,,N,,,,None,Not Transported,No Contributing Action,,,,64,N,N,N,N,N,N,N,N
25703201,2022,1,1,,FL,E/Operator,Not Distracted,Apparently Normal,No Required Endorsements,Vision Not Obscured,STATE FARM MUTUAL AUTOM,,,34105,Male,,Shoulder and Lap Belt Used,,Not Deployed,Not Ejected,N,,,,,N,,,,None,Not Transported,No Contributing Action,,,,45,N,N,N,N,N,N,N,N
82399837,2022,1,2,N,FL,E/Operator,Not Distracted,Unknown,,Vision Not Obscured,GIECO,,,32084,Male,,Shoulder and Lap Belt Used,,Not Deployed,Not Ejected,,Test Not Given,,,,,Test Not Given,,,None,Not Transported,No Contributing Action,,,,61,N,N,N,N,N,N,N,N
85698048,2022,1,1,N,FL,E/Operator,Not Distracted,Apparently Normal,No Required Endorsements,Vision Not Obscured,PROGRESSIVE SELECT INSU,,,32433,Female,,Shoulder and Lap Belt Used,,Not Applicable,Not Ejected,N,,,,,N,,,,None,Not Transported,No Contributing Action,,,,38,N,N,N,N,N,N,N,N
85854648,2022,1,1,N,OH,D/Chauffeur,Not Distracted,Apparently Normal,No Required Endorsements,Vision Not Obscured,AMERICAN COMMERCE INSURANCE,,,43031,Male,,Shoulder and Lap Belt Used,,Not Deployed,Not Ejected,N,,,,,N,,,,None,Not Transported,Other Contributing Action,,,,43,N,N,N,N,N,N,N,N
86787769,2022,1,1,N,FL,E/Operator,Not Distracted,Apparently Normal,,Vision Not Obscured,ALLSTATE,,,32569,Female,,Shoulder and Lap Belt Used,,Not Deployed,Not Ejected,N,Test Not Given,,,,N,Test Not Given,,,None,Not Transported,Failed to Yield Right-of-Way,,,,75,N,N,N,N,N,Y,N,N
88376472,2022,1,2,N,FL,E/Operator,Not Distracted,Apparently Normal,No Required Endorsements,Vision Not Obscured,STATE FARM,,,32714,Female,,Shoulder and Lap Belt Used,,Not Deployed,Not Ejected,N,Test Not Given,,,,N,Test Not Given,,,None,Not Transported,No Contributing Action,,,,59,N,N,N,N,N,N,N,N
88560103,2022,1,1,N,FL,E/Operator,Not Distracted,Apparently Normal,No Required Endorsements,Vision Not Obscured,PROGRESSIVE,,,33777,Female,,Shoulder and Lap Belt Used,,Not Deployed,Not Ejected,N,Test Not Given,,,,N,Test Not Given,,,None,Not Transported,Failed to Yield Right-of-Way,,,,53,N,N,N,N,N,N,N,N
88578326,2022,1,1,N,FL,E/Operator,Not Distracted,Apparently Normal,No Required Endorsements,Vision Not Obscured,STATE FARM MUTUAL AUTOMOBILE INSURANCE,,,33971,Female,,Shoulder and Lap Belt Used,,Not Deployed,Not Ejected,N,Test Not Given,,,,N,Test Not Given,,,None,Not Transported,No Contributing Action,,,,28,N,N,N,N,N,N,N,N
88578326,2022,2,2,N,FL,E/Operator,Not Distracted,Apparently Normal,No Required Endorsements,Vision Not Obscured,STATE FARM MUTUAL AUTOMOBILE INSURANCE,,,34120,Female,,Shoulder and Lap Belt Used,,Not Deployed,Not Ejected,N,Test Not Given,,,,N,Test Not Given,,,None,Not Transported,No Contributing Action,,,,22,N,N,N,N,N,N,N,N
89362327,2022,1,1,N,FL,E/Operator,Not Distracted,Apparently Normal,No Required Endorsements,Vision Not Obscured,GOVERNMENT EMPLOYEES IN,,,33760,Male,,Shoulder and Lap Belt Used,,Not Deployed,Not Ejected,N,,,,,N,,,,None,Not Transported,No Contributing Action,,,,44,N,N,N,N,N,N,N,N
89399529,2022,1,1,,,,Unknown,Unknown,,,,,,,Male,,,,,Unknown,,,,,,,,,,,Unknown,,,,,,N,N,N,,N,N,N,N
89990715,2022,1,1,N,FL,E/Operator,Not Distracted,Apparently Normal,,Vision Not Obscured,GEICO,,,32539,Female,,Not Applicable (non-motorist),,Not Applicable,Not Ejected,N,Test Not Given,,,,N,Test Not Given,,,None,Not Transported,No Contributing Action,,,,34,N,N,N,N,N,N,N,N
89991941,2022,1,1,N,FL,E/Operator,Unknown,Apparently Normal,No Required Endorsements,Vision Not Obscured,PROGRESSIVE SELECT INSU,,,33403,Male,No Helmet,Shoulder and Lap Belt Used,,Not Deployed,Not Ejected,N,,,,,N,,,,None,,Failed to Yield Right-of-Way,Disregarded Other Traffic Sign,,,28,Y,N,N,,N,N,N,N
90107706,2022,1,1,N,FL,E/Operator,Unknown,Unknown,No Required Endorsements,,UNKNOWN,,,33462,Male,,Shoulder and Lap Belt Used,,Not Deployed,Not Ejected,,,,,,,,,,None,Not Transported,Failed to Yield Right-of-Way,,,,60,N,N,N,,N,N,N,N
90107706,2022,2,2,,,,Not Distracted,Apparently Normal,,Vision Not Obscured,NONE,,,33460,Male,No Helmet,None Used - Motor Vehicle Occupant,N,Not Applicable,Not Applicable,N,,,,,N,,,,Incapacitating,Other,Other Contributing Action,,,,16,N,N,N,N,N,N,Y,Y
24470387,2023,1,2,N,FL,E/Operator,Not Distracted,Apparently Normal,No,Vision Not Obscured,PROGRESSIVE SELECT INSURANCE COMPAN,,,34974,Male,,Shoulder and Lap Belt Used,,Not Deployed,Not Ejected,N,,,,,N,,,,None,Not Transported,No Contributing Action,,,,66,N,N,N,N,N,Y,N,N
24471190,2023,1,1,N,FL,E/Operator,Not Distracted,Apparently Normal,No Required Endorsements,Vision Not Obscured,PROGRESSIVE AMERICAN INSURANCE COMP,,,33009,Female,,Shoulder and Lap Belt Used,,Not Deployed,Not Ejected,N,,,,,N,,,,None,Not Transported,Failed to Yield Right-of-Way,,,,47,N,N,N,N,N,N,N,N
24474376,2023,1,1,N,FL,E/Operator,Not Distracted,Apparently Normal,No Required Endorsements,Vision Not Obscured,STATE FARM MUTUAL AUTOMOBILE INSURA,,,33009,Female,,Shoulder and Lap Belt Used,,Not Deployed,Not Ejected,N,,,,,N,,,,None,Not Transported,No Contributing Action,,,,44,N,N,N,N,N,N,N,N
24475457,2023,1,2,N,FL,E/Operator,Inattentive,Apparently Normal,No Required Endorsements,Vision Not Obscured,GEICO,,,33020,Female,,Shoulder and Lap Belt Used,,Not Deployed,Not Ejected,N,,,,,N,,,,None,Not Transported,Failed to Yield Right-of-Way,,,,59,N,N,N,Y,N,N,N,N
24475787,2023,1,1,N,FL,E/Operator,Not Distracted,Apparently Normal,No Required Endorsements,Vision Not Obscured,OLD AMERICAN INDEMNITY COMPANY,,,33021,Female,,Shoulder and Lap Belt Used,,Not Deployed,Not Ejected,N,,,,,N,,,,None,Not Transported,Operated MV in Careless or Negligent Manner,Ran Stop Sign,Disregarded Other Traffic Sign,,53,Y,N,N,N,N,N,N,N
24631993,2023,1,1,N,FL,E/Operator,Inattentive,Apparently Normal,,Vision Not Obscured,GEICO GENERAL,,,33782,Male,,Shoulder and Lap Belt Used,,Not Deployed,Not Ejected,N,Test Not Given,,,,N,Test Not Given,,,None,Not Transported,Operated MV in Careless or Negligent Manner,,,,40,N,N,N,Y,N,N,N,N
24645287,2023,1,2,N,FL,E/Operator,Not Distracted,Apparently Normal,,Vision Not Obscured,STATE FARM,,,33614,Female,,Shoulder and Lap Belt Used,,Not Deployed,Not Ejected,N,Test Not Given,,,,N,Test Not Given,,,None,Not Transported,No Contributing Action,,,,67,N,N,N,N,N,Y,N,N
24648927,2023,1,1,N,FL,E/Operator,Not Distracted,Apparently Normal,,Vision Not Obscured,OCEAN HARBOR CASUALTY INSURANCE,,,33578,Female,,Shoulder and Lap Belt Used,,Not Deployed,Not Ejected,N,Test Not Given,,,,N,Test Not Given,,,None,Not Transported,No Contributing Action,,,,18,N,N,N,N,N,N,Y,N
24649348,2023,1,1,N,FL,E/Operator,Not Distracted,Apparently Normal,,Vision Not Obscured,STATE FARM INS CO,,,33844,Female,,Shoulder and Lap Belt Used,,Not Deployed,Not Ejected,N,Test Not Given,,,,N,Test Not Given,,,None,Not Transported,Failed to Yield Right-of-Way,,,,30,N,N,N,N,N,N,N,N
24649617,2023,1,1,N,FL,E/Operator,Inattentive,Apparently Normal,,Vision Not Obscured,GEICO,,,33624,Male,,Shoulder and Lap Belt Used,,Not Deployed,Not Ejected,N,Test Not Given,,,,N,Test Not Given,,,None,Not Transported,Operated MV in Careless or Negligent Manner,,,,23,N,N,N,Y,N,N,N,N
24649659,2023,1,1,N,FL,E/Operator,Inattentive,Emotional,,Glare,PROGRESSIVE INSURANCE,,,33613-0000,Female,,Shoulder and Lap Belt Used,,Not Deployed,Not Ejected,N,Test Not Given,,,,N,Test Not Given,,,None,Not Transported,Ran Stop Sign,Failed to Yield Right-of-Way,,,62,Y,N,N,Y,N,N,N,N
24649804,2023,1,1,N,FL,E/Operator,Not Distracted,Apparently Normal,,Vision Not Obscured,STATE FARM MUTUAL AUTOMOBILE INSURANCE,,,33565-0000,Male,,Shoulder and Lap Belt Used,,Not Deployed,Not Ejected,N,Test Not Given,,,,N,Test Not Given,,,None,Not Transported,Failed to Yield Right-of-Way,,,,42,N,N,N,N,N,N,N,N
24651051,2023,1,1,N,FL,E/Operator,Not Distracted,Apparently Normal,,Vision Not Obscured,PEAK PROPERTY AND CASUALTY INSURANCE,,,33563,Female,,Shoulder and Lap Belt Used,,Not Deployed,Not Ejected,N,Test Not Given,,,,N,Test Not Given,,,None,Not Transported,Failed to Yield Right-of-Way,,,,53,N,N,N,N,N,N,N,N
24651195,2023,1,1,N,FL,E/Operator,Not Distracted,Apparently Normal,,Vision Not Obscured,PROGRESSVE,,,33579,Female,,Shoulder and Lap Belt Used,,Not Deployed,Not Ejected,N,Test Not Given,,,,N,Test Not Given,,,None,Not Transported,No Contributing Action,,,,20,N,N,N,N,N,N,N,N
24738986,2023,1,1,,,,Unknown,Unknown,,,,,,,Male,,,,,Unknown,,,,,,,,,,None,Not Transported,"Operated MV in Erratic, Reckless or Aggressive Manner",,,,,Y,N,N,,N,N,N,N
24740235,2023,1,1,N,FL,E/Operator,Not Distracted,Apparently Normal,No Required Endorsements,Vision Not Obscured,USPS SELF INSURED,,,33592,Female,,Shoulder and Lap Belt Used,,Not Applicable,Not Ejected,N,,,,,N,,,,None,Not Transported,Failed to Yield Right-of-Way,,,,50,N,N,N,N,N,N,N,N
24740721,2023,1,1,N,FL,E/Operator,Not Distracted,Apparently Normal,No Required Endorsements,Vision Not Obscured,GEICO INDEMNITY COMPANY,,,33542,Female,,Shoulder and Lap Belt Used,,Not Deployed,Not Ejected,N,,,,,N,,,,None,Not Transported,Operated MV in Careless or Negligent Manner,,,,50,N,N,N,N,N,N,N,N
24764936,2023,1,1,N,FL,E/Operator,Inattentive,Apparently Normal,No,Vision Not Obscured,UNKNOWN,,,33068,Female,,Shoulder and Lap Belt Used,,Not Deployed,Not Ejected,N,,,,,N,,,,None,Not Transported,Other Contributing Action,,,,44,N,N,N,Y,N,N,N,N
24775710,2023,1,2,N,FL,E/Operator,Not Distracted,Apparently Normal,,Vision Not Obscured,ASCENDANT COMMERCIAL INSURANCE INC,,,34744,,,Shoulder and Lap Belt Used,,Not Deployed,Not Ejected,N,,,,,N,,,,None,Not Transported,No Contributing Action,,,,41,N,N,N,N,N,N,N,N
24825880,2023,1,2,N,FL,E/Operator,Not Distracted,Apparently Normal,No Required Endorsements,Vision Not Obscured,STATE FARM MUTUAL AUTOMOBILE INSURA,,,33076,Female,,Shoulder and Lap Belt Used,,Not Deployed,Not Ejected,N,,,,,N,,,,None,Not Transported,No Contributing Action,,,,54,N,N,N,N,N,N,N,N
24844896,2023,1,1,N,FL,E/Operator,Not Distracted,Apparently Normal,No Required Endorsements,Vision Not Obscured,INFINITY INDEMNITY INSURANCE,,,33010,Female,,Shoulder and Lap Belt Used,,Not Deployed,Not Ejected,N,,,,,N,,,,None,Not Transported,No Contributing Action,,,,50,N,N,N,N,N,N,N,N
24846375,2023,1,1,,,,Unknown,Unknown,,,,,,,,,,,,Unknown,,,,,,,,,,,Unknown,,,,,,N,N,N,,N,N,N,N
24850806,2023,1,1,N,TX,E/Operator,Unknown,Apparently Normal,,Vision Not Obscured,GEICO INDEMNITY COMPANY,,,79424,Male,,Shoulder and Lap Belt Used,,Not Deployed,Not Ejected,N,Test Not Given,,,,N,Test Not Given,,,None,Not Transported,No Contributing Action,,,,59,N,N,N,,N,N,N,N
24858560,2023,1,1,N,FL,E/Operator,Not Distracted,Apparently Normal,No,Vision Not Obscured,UNITED AUTOMOBILE INSURANCE COMPANY,,,33180,Female,No Helmet,Shoulder and Lap Belt Used,N,Not Deployed,Not Ejected,N,,,,,N,,,,None,Not Transported,No Contributing Action,,,,21,N,N,N,N,N,N,N,N
25026591,2023,1,1,N,,None,Not Distracted,Apparently Normal,,Vision Not Obscured,MERCURY INDEMNITY,,,32433,Male,,Shoulder and Lap Belt Used,,Not Deployed,Not Ejected,N,Test Not Given,,,,N,Test Not Given,,,None,Not Transported,Failed to Yield Right-of-Way,,,,24,N,N,N,N,N,N,N,N
25029843,2023,1,1,N,FL,E/Operator,Inattentive,Apparently Normal,No Required Endorsements,Vision Not Obscured,UNITED SERVICES AUTOMOBILE ASSOCIATION,,,32937,Female,,Shoulder and Lap Belt Used,,Not Deployed,Not Ejected,N,Test Not Given,,,,N,Test Not Given,,,None,Not Transported,Failed to Yield Right-of-Way,,,,50,N,N,N,Y,N,N,N,N
25031460,2023,1,1,N,GA,E/Operator,Not Distracted,Apparently Normal,No Required Endorsements,Vision Not Obscured,GEICO GENERAL,,,30265-1892,Male,,Shoulder and Lap Belt Used,,Not Deployed,Not Ejected,N,Test Not Given,,,,N,Test Not Given,,,None,Not Transported,Failed to Yield Right-of-Way,,,,59,N,N,N,N,N,N,N,N
25041847,2023,1,1,N,FL,E/Operator,Not Distracted,Apparently Normal,No Required Endorsements,Vision Not Obscured,STATE FARM,,,32779,Male,,Shoulder and Lap Belt Used,,Not Deployed,Not Ejected,N,Test Not Given,,,,N,Test Not Given,,,None,Not Transported,No Contributing Action,,,,86,N,N,N,N,N,Y,N,N
25046394,2023,1,1,N,FL,E/Operator,Unknown,Apparently Normal,No Required Endorsements,Vision Not Obscured,GEICO,,,23462,Female,,Shoulder and Lap Belt Used,,Not Deployed,Not Ejected,N,Test Not Given,,,,N,Test Not Given,,,None,Not Transported,Other Contributing Action,,,,53,N,N,N,,N,N,N,N
25052967,2023,1,1,N,FL,E/Operator,Not Distracted,Apparently Normal,No Required Endorsements,Vision Not Obscured,PROGRESSIVE SELECT INS CO,,,33050,Female,,Shoulder and Lap Belt Used,,Not Deployed,Not Ejected,N,Test Not Given,,,,N,Test Not Given,,,None,Not Transported,No Contributing Action,,,,31,N,N,N,N,N,N,N,N
25067120,2023,1,1,N,FL,E/Operator,Not Distracted,Apparently Normal,No Required Endorsements,Vision Not Obscured,GEICO INSURANCE COMPANY,,,33712,Female,,Shoulder and Lap Belt Used,,Not Deployed,Not Ejected,N,Test Not Given,,,,N,Test Not Given,,,None,Not Transported,Failed to Yield Right-of-Way,,,,66,N,N,N,N,N,Y,N,N
25067842,2023,1,1,N,FL,E/Operator,Not Distracted,Apparently Normal,No Required Endorsements,Vision Not Obscured,PROGRESSIVE AMERICAN INSURANCE COMPANY,,,34691,Male,,Shoulder and Lap Belt Used,,Not Deployed,Not Ejected,N,Test Not Given,,,,N,Test Not Given,,,None,Not Transported,Failed to Yield Right-of-Way,,,,66,N,N,N,N,N,Y,N,N
25069130,2023,1,2,N,FL,E/Operator,Not Distracted,Apparently Normal,No Required Endorsements,Vision Not Obscured,ASSURANCEAMERICA INS,,,34653,Female,,Shoulder and Lap Belt Used,,Not Deployed,Not Ejected,N,Test Not Given,,,,N,Test Not Given,,,None,Not Transported,No Contributing Action,,,,20,N,N,N,N,N,N,N,N
25074624,2023,1,1,N,FL,E/Operator,Not Distracted,Apparently Normal,No Required Endorsements,Vision Not Obscured,PROGRESSIVE,,,32839,Female,,Shoulder and Lap Belt Used,,Not Deployed,Not Ejected,N,Test Not Given,,,,N,Test Not Given,,,None,Not Transported,No Contributing Action,,,,36,N,N,N,N,N,N,N,N
25076602,2023,1,1,N,FL,E/Operator,Not Distracted,Apparently Normal,No Required Endorsements,Trees/Crops/Bushes,TOKIO MARINE,,,34743,Female,,Shoulder and Lap Belt Used,,Not Deployed,Not Ejected,N,Test Not Given,,,,N,Test Not Given,,,None,Not Transported,Failed to Yield Right-of-Way,,,,58,N,N,N,N,N,N,N,N
25077192,2023,1,1,N,FL,E/Operator,Not Distracted,Apparently Normal,No Required Endorsements,Vision Not Obscured,NO INSURANCE,,,32792-9188,Male,,None Used - Motor Vehicle Occupant,,Not Deployed,Not Ejected,N,Test Not Given,,,,N,Test Not Given,,,None,Not Transported,No Contributing Action,,,,41,N,N,N,N,N,N,N,Y
25077368,2023,1,1,N,FL,E/Operator,Not Distracted,Apparently Normal,No Required Endorsements,Vision Not Obscured,PROGRESSIVE,,,33771,Male,,Shoulder and Lap Belt Used,,Not Deployed,Not Ejected,N,Test Not Given,,,,N,Test Not Given,,,None,Not Transported,No Contributing Action,,,,27,N,N,N,N,N,N,N,N
25077476,2023,1,1,N,FL,E/Operator,Not Distracted,Apparently Normal,No Required Endorsements,Vision Not Obscured,GEICO,,,32563,Male,,Shoulder and Lap Belt Used,,Not Deployed,Not Ejected,N,Test Not Given,,,,N,Test Not Given,,,None,Not Transported,Failed to Yield Right-of-Way,,,,26,N,N,N,N,N,N,N,N
25078263,2023,1,1,N,,,Inattentive,Unknown,,Vision Not Obscured,UK,,,00000,Unknown,,Restraint Used - Type Unknown,,Deployment Unknown,Not Ejected,,Test Not Given,,,,,Test Not Given,,,None,Unknown,Failed to Yield Right-of-Way,,,,,N,N,N,Y,N,N,N,N
25079696,2023,1,1,N,FL,E/Operator,Not Distracted,Apparently Normal,No Required Endorsements,Vision Not Obscured,PROGRESSIVE,,,34787,Female,,Shoulder and Lap Belt Used,,Not Deployed,Not Ejected,N,Test Not Given,,,,N,Test Not Given,,,None,Not Transported,Failed to Yield Right-of-Way,,,,33,N,N,N,N,N,N,N,N
25091536,2023,1,1,N,FL,E/Operator,External Distraction,Apparently Normal,No Required Endorsements,Vision Not Obscured,PROGRESSIVE AMERICAN IN,,,33064,Male,,Shoulder and Lap Belt Used,,Not Deployed,Not Ejected,N,,,,,N,,,,None,Not Transported,Failed to Yield Right-of-Way,,,,73,N,N,N,Y,N,Y,N,N
25094386,2023,1,1,N,FL,E/Operator,Not Distracted,Apparently Normal,No Required Endorsements,Vision Not Obscured,PEAK PROPERTY AND CASUALTY INSURANCE CORPORATION,,,32810,Female,,Shoulder and Lap Belt Used,,Not Deployed,Not Ejected,N,,,,,N,,,,None,Not Transported,Failed to Yield Right-of-Way,,,,42,N,N,N,N,N,N,N,N
25121318,2023,1,1,N,FL,E/Operator,Not Distracted,Apparently Normal,No Required Endorsements,Vision Not Obscured,NO INFORMATION PROVIDED,,,33709,Male,,Shoulder and Lap Belt Used,,Not Deployed,Not Ejected,N,,,,,N,,,,None,Not Transported,Other Contributing Action,,,,33,N,N,N,N,N,N,N,N
25121329,2023,1,1,N,FL,E/Operator,Unknown,Apparently Normal,No Required Endorsements,Vision Not Obscured,GEICO CASUALTY COMPANY,,,32054,Male,,Shoulder and Lap Belt Used,,Not Deployed,Not Ejected,N,,,,,N,,,,None,Not Transported,No Contributing Action,,,,28,N,N,N,,N,N,N,N
25094045,2023,1,1,N,FL,E/Operator,Not Distracted,Apparently Normal,No Required Endorsements,Vision Not Obscured,PROGRESSIVE AMERICAN IN,,,32712,Female,,Shoulder and Lap Belt Used,,Not Deployed,Not Ejected,N,,,,,N,,,,None,Not Transported,No Contributing Action,,,,19,N,N,N,N,N,N,Y,N
25559808,2022,1,1,N,FL,E/Operator,Not Distracted,Apparently Normal,No Required Endorsements,Vision Not Obscured,GOVERNMENT EMPLOYEES IN,,,32763,Female,,Shoulder and Lap Belt Used,,Not Deployed,Not Ejected,N,,,,,N,,,,None,Not Transported,Failed to Yield Right-of-Way,,,,51,N,N,N,N,N,N,N,N
25626379,2022,1,1,,FL,E/Operator,Not Distracted,Apparently Normal,No Required Endorsements,Vision Not Obscured,PROGRESSIVE SELECT INSURANCE COMPANY,,,33139,Male,,Shoulder and Lap Belt Used,,Not Deployed,Not Ejected,N,,,,,N,,,,None,Not Transported,Operated MV in Careless or Negligent Manner,,,,40,N,N,N,N,N,N,N,N
25626606,2022,1,1,,FL,A,Not Distracted,Apparently Normal,No Required Endorsements,Vision Not Obscured,SELF INSURED,,,33023,Male,,Shoulder and Lap Belt Used,,Not Deployed,Not Ejected,N,,,,,N,,,,None,Not Transported,No Contributing Action,,,,34,N,N,N,N,N,N,N,N
25655997,2022,1,1,,FL,E/Operator,Not Distracted,Apparently Normal,No Required Endorsements,Vision Not Obscured,DIRECT GENERAL,,,32401,Male,No Helmet,Shoulder and Lap Belt Used,,Not Deployed,Not Ejected,N,,,,,N,,,,None,Not Transported,No Contributing Action,No Contributing Action,No Contributing Action,No Contributing Action,31,N,N,N,N,N,N,N,N
25672120,2022,1,1,N,FL,E/Operator,Inattentive,Apparently Normal,No Required Endorsements,Vision Not Obscured,GEICO,,,32256-7098,Female,,Shoulder and Lap Belt Used,,Not Deployed,Not Ejected,N,Test Not Given,,,,N,Test Not Given,,,None,Not Transported,Disregarded Other Traffic Sign,,,,57,N,N,N,Y,N,N,N,N
84005117,2022,1,1,N,,E/Operator,Not Distracted,Apparently Normal,No Required Endorsements,Vision Not Obscured,UNKNOWN,,,00000,Male,,Shoulder and Lap Belt Used,,Not Applicable,Not Ejected,N,,,,,N,,,,None,Not Transported,No Contributing Action,,,,,N,N,N,N,N,N,N,N
84852098,2022,1,1,N,FL,E/Operator,Not Distracted,Apparently Normal,No Required Endorsements,Vision Not Obscured,STATE FARM,,,32951,Male,,Shoulder and Lap Belt Used,,Not Deployed,Not Ejected,N,,,,,N,,,,None,Not Transported,No Contributing Action,,,,45,N,N,N,N,N,N,N,N
89349814,2022,1,1,N,NY,None,Not Distracted,Apparently Normal,No Required Endorsements,Vision Not Obscured,USAA CASUALTY INSURANCE COMPANY,,,33154,Male,,Shoulder and Lap Belt Used,,Not Deployed,Not Ejected,N,,,,,N,,,,None,Not Transported,No Contributing Action,,,,37,N,N,N,N,N,N,N,N
89361225,2022,1,1,N,FL,E/Operator,Not Distracted,Apparently Normal,No Required Endorsements,Parked/Stopped Vehicle,GEICO CASUALTY COMPANY,,,33772,Female,,Shoulder and Lap Belt Used,,Not Deployed,Not Ejected,N,,,,,N,,,,None,Not Transported,No Contributing Action,,,,40,N,N,N,N,N,N,N,N
89585388,2022,1,1,N,FL,E/Operator,Unknown,Apparently Normal,No Required Endorsements,Vision Not Obscured,PROGRESSIVE,,,32952-5241,Male,,Shoulder and Lap Belt Used,,Not Deployed,Not Ejected,N,Test Not Given,,,,N,Test Not Given,,,None,Not Transported,Other Contributing Action,,,,63,N,N,N,,N,N,N,N
24479537,2023,1,1,N,FL,E/Operator,Not Distracted,Apparently Normal,,Vision Not Obscured,USAA,,,33040,Male,,Shoulder and Lap Belt Used,,Not Applicable,Not Applicable,N,Test Not Given,,,,N,Test Not Given,,,None,Not Transported,Operated MV in Careless or Negligent Manner,,,,18,N,N,N,N,N,N,Y,N
24858583,2023,1,1,N,FL,E/Operator,Inattentive,Apparently Normal,No Required Endorsements,Vision Not Obscured,STATE FARM MUTUAL AUTOMOBILE INSURA,,,33168,Female,,Shoulder and Lap Belt Used,,Not Deployed,Not Ejected,N,,,,,N,,,,None,,Failed to Yield Right-of-Way,,,,32,N,N,N,Y,N,N,N,N
24964762,2023,1,1,N,FL,E/Operator,Other Inside the Vehicle,Apparently Normal,No Required Endorsements,Vision Not Obscured,LIBERTY,,,32720,Female,,Shoulder and Lap Belt Used,,Not Deployed,Not Ejected,N,Test Not Given,,,,N,Test Not Given,,,None,Not Transported,Operated MV in Careless or Negligent Manner,,,,69,N,N,N,Y,N,Y,N,N
25013924,2023,1,1,N,VA,E/Operator,Unknown,Apparently Normal,No Required Endorsements,Vision Not Obscured,PROGRESSIVE ADVANCED INSURANCE,,,23188,Female,,Shoulder and Lap Belt Used,,Not Deployed,Not Ejected,N,Test Not Given,,,,N,Test Not Given,,,None,Not Transported,Failed to Yield Right-of-Way,,,,42,N,N,N,,N,N,N,N
25045864,2023,1,2,N,FL,E/Operator,Not Distracted,Apparently Normal,No Required Endorsements,Vision Not Obscured,SECURITY NATIONAL,,,33714,Female,,Shoulder and Lap Belt Used,,Not Deployed,Not Ejected,N,Test Not Given,,,,N,Test Not Given,,,None,Not Transported,No Contributing Action,,,,35,N,N,N,N,N,N,N,N
25058347,2023,1,1,N,MI,E/Operator,Not Distracted,Apparently Normal,No Required Endorsements,Vision Not Obscured,PROGRESSIVE INS CO,,,49099,Female,,Shoulder and Lap Belt Used,,Not Deployed,Not Ejected,N,Test Not Given,,,,N,Test Not Given,,,None,Not Transported,No Contributing Action,,,,49,N,N,N,N,N,N,N,N
