REPORT_NUMBER,CRASH_YEAR,PERSON_NUMBER,LOCATION_AT_TIME_OF_CRASH_CODE,ACTION_PRIOR_TO_CRASH_CODE,NON_MOTORIST_DESCRIPTION_CODE,CITY,STATE,ZIP_CODE,SEX,SUSPECTED_ALCOHOL_USE_CODE,ALCOHOL_TESTED_CODE,ALCOHOL_TEST_TYPE_CODE,ALCOHOL_TEST_RESULT,BLOOD_ALCOHOL_CONTENT,SUSPECTED_DRUG_USE_CODE,DRUG_TESTED_CODE,DRUG_TEST_TYPE_CODE,DRUG_TEST_RESULT,INJURY_SEVERITY,EMS_TRANSPORT_TYPE,NON_MOTORIST_ACTIONS_CIRCUMSTANCES_1,NON_MOTORIST_ACTIONS_CIRCUMSTANCES_2,SAFETY_EQUIPMENT_CODE_1,SAFETY_EQUIPMENT_CODE_2,S4_AGE_AT_TIME_OF_CRASH,S4_IS_ALCOHOL_RELATED,S4_IS_DRUG_RELATED,S4_IS_AGING,S4_IS_TEENAGER
25521774,2022,2,Intersection - Marked Crosswalk,Crossing Roadway,Other Cyclist,,,33142,Female,N,,,,,N,,,,None,Not Transported,Failure to Yield Right-of-Way,Failure to Yield Right-of-Way,None,,32,N,N,N,N
25522058,2022,1,Other,None,Other Cyclist,,,33132,,N,,,,,N,,,,None,Not Transported,No Improper Action,,None,,,N,N,N,N
25522538,2022,3,Midblock - Marked Crosswalk,Other,Other Cyclist,,,33131,Female,N,,,,,N,,,,Possible,Not Transported,No Improper Action,,None,,35,N,N,N,N
25121329,2023,2,Travel Lane - Other Location,In Roadway - Other,Other Cyclist,,,33711,Male,N,,,,,N,,,,Possible,EMS,Inattentive,,None,,4,N,N,N,N
25523011,2022,2,Intersection - Unmarked Crosswalk,Walking/Cycling Along Roadway With Traffic,Other Cyclist,,,33150,Male,N,,,,,N,,,,Possible,EMS,No Improper Action,,None,,36,N,N,N,N
25523624,2022,2,Intersection - Other,Crossing Roadway,Other Cyclist,,,33142,Male,N,,,,,N,,,,Possible,EMS,Failure to Yield Right-of-Way,,None,,49,N,N,N,N
25526970,2022,2,Intersection - Marked Crosswalk,Crossing Roadway,Other Cyclist,,,33411,Male,N,,,,,N,,,,Possible,Not Transported,No Improper Action,,None,,28,N,N,N,N
25529706,2022,2,Intersection - Marked Crosswalk,Crossing Roadway,Other Cyclist,,,33417,Female,N,,,,,N,,,,Possible,EMS,No Improper Action,,None,,14,N,N,N,N
25539004,2022,2,Sidewalk,Walking/Cycling on Sidewalk,Other Cyclist,,,33162,,N,,,,,N,,,,Possible,Not Transported,Wrong-Way Riding or Walking,,None,,,N,N,N,N
25539144,2022,2,Sidewalk,Walking/Cycling on Sidewalk,Other Cyclist,,,33160,,N,,,,,N,,,,Non-Incapacitating,Not Transported,Failure to Yield Right-of-Way,,None,,,N,N,N,N
25548378,2022,2,Bicycle Lane,Walking/Cycling Along Roadway Against Traffic,Other Cyclist,,,33069,Male,N,,,,,N,,,,Non-Incapacitating,Not Transported,Wrong-Way Riding or Walking,,None,,18,N,N,N,Y
25548903,2022,2,Travel Lane - Other Location,Crossing Roadway,Other Cyclist,FORT LAUDERDALE,FL,33304,Male,,,,,,,,,,Incapacitating,EMS,Other,,None,,37,N,N,N,N
25549330,2022,3,Intersection - Unmarked Crosswalk,Walking/Cycling Along Roadway With Traffic,Other Cyclist,,,33183,Male,N,,,,,N,,,,Non-Incapacitating,EMS,Other,,None,,42,N,N,N,N
25558772,2022,2,Intersection - Marked Crosswalk,Crossing Roadway,Other Cyclist,,,33830,Male,N,,,,,N,,,,None,Not Transported,Failure to Yield Right-of-Way,No Improper Action,None,,11,N,N,N,N
25559808,2022,2,Sidewalk,Walking/Cycling on Sidewalk,Other Cyclist,,,32725,Male,N,,,,,N,,,,None,EMS,Other,,Helmet,,55,N,N,N,N
25575391,2022,2,Intersection - Marked Crosswalk,Crossing Roadway,Other Cyclist,,,33617,Male,N,,,,,N,,,,Possible,Not Transported,Failure to Yield Right-of-Way,,None,,51,N,N,N,N
25576187,2022,1,Intersection - Marked Crosswalk,Crossing Roadway,Other Cyclist,,,33610,Male,N,,,,,N,,,,Non-Incapacitating,EMS,Failure to Yield Right-of-Way,No Improper Action,Helmet,,54,N,N,N,N
25576318,2022,1,Shared-Use Path or Trail,In Roadway - Other,Other Cyclist,,,33647,Male,N,,,,,N,,,,None,Not Transported,Inattentive,,None,,,N,N,N,N
25626379,2022,2,Intersection - Unmarked Crosswalk,Crossing Roadway,Other Cyclist,,,33130,Male,N,,,,,N,,,,Non-Incapacitating,Not Transported,No Improper Action,,None,,32,N,N,N,N
25626379,2022,3,Intersection - Unmarked Crosswalk,Crossing Roadway,Bicyclist,,,10019,Male,N,,,,,N,,,,Non-Incapacitating,Not Transported,No Improper Action,,None,,31,N,N,N,N
25626538,2022,2,Travel Lane - Other Location,Walking/Cycling Along Roadway With Traffic,Other Cyclist,,,33513,Male,N,,,,,N,,,,Non-Incapacitating,Not Transported,No Improper Action,,Protective Pads,Lighting,53,N,N,N,N
25626606,2022,2,Bicycle Lane,Walking/Cycling Along Roadway With Traffic,Other Cyclist,,,33139,Male,N,,,,,N,,,,Incapacitating,EMS,Failure to Yield Right-of-Way,Other,None,,24,N,N,N,N
25636444,2022,3,Other,Other,Other Cyclist,,,32578,Female,N,Test Not Given,,,,N,Test Not Given,,,None,Not Transported,Other,,None,,29,N,N,N,N
25655997,2022,2,Intersection - Marked Crosswalk,Crossing Roadway,Other Cyclist,,,34758,Male,N,,,,,N,,,,Possible,Not Transported,Failure to Yield Right-of-Way,,None,,40,N,N,N,N
25656257,2022,1,Other,Other,Other Cyclist,,,32812,Male,N,,,,,N,,,,Non-Incapacitating,Not Transported,Other,,None,,6,N,N,N,N
25672120,2022,2,Intersection - Marked Crosswalk,Crossing Roadway,Other Cyclist,,,32224,Male,N,Test Not Given,,,,N,Test Not Given,,,None,Not Transported,No Improper Action,,Lighting,,43,N,N,N,N
25703201,2022,2,Non-Trafficway Area,Crossing Roadway,Other Cyclist,,,34134,Male,N,,,,,N,,,,,Not Transported,No Improper Action,,None,,57,N,N,N,N
82399837,2022,1,Intersection - Unmarked Crosswalk,Walking/Cycling on Sidewalk,Other Cyclist,,,32084,Male,N,Test Not Given,,,,N,Test Not Given,,,None,Not Transported,No Improper Action,,None,,28,N,N,N,N
84005117,2022,2,Travel Lane - Other Location,Walking/Cycling Along Roadway With Traffic,Other Cyclist,,,32839,Male,N,,,,,N,,,,Non-Incapacitating,Not Transported,Failure to Yield Right-of-Way,,None,,61,N,N,N,N
84852098,2022,2,Other,Other,Other Cyclist,,,32937,Male,N,,,,,N,,,,Non-Incapacitating,Not Transported,Failure to Yield Right-of-Way,,Helmet,,19,N,N,N,Y
85698048,2022,2,Intersection - Other,Other,Other Cyclist,,,300223237,Male,N,,,,,N,,,,None,Not Transported,"Failure to Obey Traffic Signs, Signals, or Officer",,None,,26,N,N,N,N
85854648,2022,2,Intersection - Marked Crosswalk,Other,Bicyclist,,,49684,Male,N,,,,,N,,,,Non-Incapacitating,EMS,No Improper Action,,None,,73,N,N,Y,N
85854648,2022,3,Intersection - Marked Crosswalk,Crossing Roadway,Other Cyclist,,,49684,Female,N,,,,,N,,,,Possible,EMS,No Improper Action,,None,,72,N,N,Y,N
86787769,2022,3,Intersection - Marked Crosswalk,Crossing Roadway,Other Cyclist,,,32541,Female,N,Test Not Given,,,,N,Test Not Given,,,Non-Incapacitating,EMS,No Improper Action,,None,,21,N,N,N,N
88376472,2022,1,Intersection - Other,Adjacent to Roadway,Other Cyclist,,,32714,Male,N,Test Not Given,,,,N,Test Not Given,,,Possible,EMS,In Roadway Improperly,,None,,75,N,N,Y,N
88560103,2022,2,Intersection - Marked Crosswalk,Walking/Cycling on Sidewalk,Other Cyclist,,,33777,Male,N,Test Not Given,,,,N,Test Not Given,,,Non-Incapacitating,Not Transported,No Improper Action,,None,,35,N,N,N,N
88578326,2022,3,Travel Lane - Other Location,Crossing Roadway,Other Cyclist,,,34119,Female,N,Test Not Given,,,,N,Test Not Given,,,Incapacitating,EMS,"Failure to Obey Traffic Signs, Signals, or Officer",,Helmet,,57,N,N,N,N
89034097,2022,2,Bicycle Lane,Other,Other Cyclist,,,33141,Female,N,,,,,N,,,,Possible,Not Transported,No Improper Action,,None,,26,N,N,N,N
89349814,2022,2,Other,Other,Other Cyclist,,,33154,Male,N,,,,,N,,,,Non-Incapacitating,EMS,Failure to Yield Right-of-Way,,None,,13,N,N,N,N
89349814,2022,3,Other,Other,Other Cyclist,,,33154,Male,N,,,,,N,,,,None,Not Transported,No Improper Action,,None,,14,N,N,N,N
89361225,2022,2,Travel Lane - Other Location,Crossing Roadway,Other Cyclist,,,33772,Male,Y,Test Given,Blood,Completed,0.254,N,,,,Incapacitating,EMS,Failure to Yield Right-of-Way,Not Visible,None,,70,Y,N,Y,N
89362327,2022,2,Intersection - Marked Crosswalk,Crossing Roadway,Other Cyclist,,,33755,Male,N,,,,,N,,,,Possible,EMS,No Improper Action,,None,,31,N,N,N,N
89399529,2022,2,Sidewalk,Walking/Cycling on Sidewalk,Other Cyclist,,,32127,Male,,Test Not Given,,,,,Test Not Given,,,Possible,Not Transported,Unknown,,None,,31,N,N,N,N
89585388,2022,2,Driveway Access,Walking/Cycling on Sidewalk,Other Cyclist,,,32954,Male,N,Test Not Given,,,,N,Test Not Given,,,None,Not Transported,No Improper Action,,None,,37,N,N,N,N
89990715,2022,2,Travel Lane - Other Location,Crossing Roadway,Other Cyclist,,,32578,Male,N,Test Not Given,,,,N,Test Not Given,,,Incapacitating,EMS,Failure to Yield Right-of-Way,,Lighting,,59,N,N,N,N
89991941,2022,2,Midblock - Marked Crosswalk,Crossing Roadway,Other Cyclist,,,30066,Male,N,,,,,N,,,,Non-Incapacitating,EMS,No Improper Action,,None,,20,N,N,N,N
90107706,2022,3,Sidewalk,None,Other Cyclist,,,33460,Male,N,,,,,N,,,,Possible,Other,No Improper Action,,None,,16,N,N,N,Y
24470387,2023,1,Shoulder/Roadside,Walking/Cycling Along Roadway Against Traffic,Other Cyclist,,,33319,,N,,,,,N,,,,Non-Incapacitating,Not Transported,Wrong-Way Riding or Walking,,None,,,N,N,N,N
24471190,2023,2,Travel Lane - Other Location,Walking/Cycling Along Roadway With Traffic,Other Cyclist,,,33020,,N,,,,,N,,,,Non-Incapacitating,EMS,No Improper Action,,None,,,N,N,N,N
24474376,2023,2,Intersection - Other,Crossing Roadway,Other Cyclist,,,33312,,N,,,,,N,,,,Non-Incapacitating,Not Transported,"Failure to Obey Traffic Signs, Signals, or Officer",,None,,,N,N,N,N
24479537,2023,2,Shoulder/Roadside,Crossing Roadway,Other Cyclist,,,33040,Male,N,Test Not Given,,,,N,Test Not Given,,,Non-Incapacitating,EMS,Wrong-Way Riding or Walking,,None,,40,N,N,N,N
24474791,2023,1,Travel Lane - Other Location,Other,Other Cyclist,,,33023,,N,,,,,N,,,,Non-Incapacitating,Not Transported,No Improper Action,,None,,,N,N,N,N
24474995,2023,1,Intersection - Marked Crosswalk,Walking/Cycling Along Roadway With Traffic,Other Cyclist,,,33021,,N,,,,,N,,,,Possible,Not Transported,"Failure to Obey Traffic Signs, Signals, or Officer",,None,None,,N,N,N,N
24475283,2023,1,Travel Lane - Other Location,Other,Other Cyclist,,,33020,,N,,,,,N,,,,Possible,Not Transported,"Failure to Obey Traffic Signs, Signals, or Officer",,None,,,N,N,N,N
24475457,2023,1,Bicycle Lane,Walking/Cycling Along Roadway Against Traffic,Other Cyclist,,,33021,,N,,,,,N,,,,Non-Incapacitating,EMS,No Improper Action,,None,,,N,N,N,N
24475787,2023,2,Bicycle Lane,Walking/Cycling Along Roadway With Traffic,Other Cyclist,,,33324,,N,,,,,N,,,,Possible,EMS,No Improper Action,,None,,,N,N,N,N
24631993,2023,2,Sidewalk,Walking/Cycling on Sidewalk,Other Cyclist,,,33615,Female,N,Test Not Given,,,,N,Test Not Given,,,Possible,EMS,No Improper Action,,None,,58,N,N,N,N
24645287,2023,1,Other,Walking/Cycling Along Roadway With Traffic,Other Cyclist,,,33615,Female,N,Test Not Given,,,,N,Test Not Given,,,Non-Incapacitating,Not Transported,"Failure to Obey Traffic Signs, Signals, or Officer",,None,,60,N,N,N,N
24648927,2023,2,Other,In Roadway - Other,Other Cyclist,,,33578,Male,N,Test Not Given,,,,N,Test Not Given,,,Possible,EMS,In Roadway Improperly,,None,,9,N,N,N,N
24649348,2023,2,Intersection - Unmarked Crosswalk,Crossing Roadway,Other Cyclist,,,33511,Male,N,Test Not Given,,,,N,Test Not Given,,,Possible,Not Transported,No Improper Action,,Helmet,Other,49,N,N,N,N
24649617,2023,2,Intersection - Unmarked Crosswalk,Crossing Roadway,Other Cyclist,,,63136,Male,N,Test Not Given,,,,N,Test Not Given,,,Possible,EMS,No Improper Action,,None,,24,N,N,N,N
24649659,2023,2,Intersection - Marked Crosswalk,Crossing Roadway,Other Cyclist,,,32317,Male,N,Test Not Given,,,,N,Test Not Given,,,Non-Incapacitating,Not Transported,No Improper Action,,None,,21,N,N,N,N
24649804,2023,2,Intersection - Marked Crosswalk,Crossing Roadway,Other Cyclist,,,33613,Male,N,Test Not Given,,,,N,Test Not Given,,,Non-Incapacitating,Other,No Improper Action,,None,,81,N,N,Y,N
24651051,2023,2,Travel Lane - Other Location,Walking/Cycling Along Roadway With Traffic,Other Cyclist,,,33637,Male,N,Test Not Given,,,,N,Test Not Given,,,Possible,EMS,Not Visible,In Roadway Improperly,None,,35,N,N,N,N
24651195,2023,2,Intersection - Unmarked Crosswalk,Walking/Cycling on Sidewalk,Other Cyclist,,,33579,Male,N,Test Not Given,,,,N,Test Not Given,,,Non-Incapacitating,Not Transported,Failure to Yield Right-of-Way,,None,None,16,N,N,N,Y
24738986,2023,3,Intersection - Marked Crosswalk,Walking/Cycling Along Roadway With Traffic,Other Cyclist,,,32712,Female,N,,,,,N,,,,Possible,EMS,No Improper Action,,None,,28,N,N,N,N
24740235,2023,2,Travel Lane - Other Location,Walking/Cycling Along Roadway With Traffic,Other Cyclist,,,33541,Male,N,,,,,N,,,,Possible,EMS,No Improper Action,,Helmet,Reflective Clothing,46,N,N,N,N
24740721,2023,2,Travel Lane - Other Location,In Roadway - Other,Other Cyclist,,,33542,Male,N,,,,,N,,,,Possible,Not Transported,No Improper Action,,None,,66,N,N,Y,N
24764936,2023,2,Intersection - Marked Crosswalk,Crossing Roadway,Other Cyclist,,,33064,,N,,,,,N,,,,Non-Incapacitating,Not Transported,"Failure to Obey Traffic Signs, Signals, or Officer",,None,,,N,N,N,N
24775710,2023,1,Other,Other,Other Cyclist,,,32839,,,,,,,,,,,Fatal (within 30 days),Not Transported,Other,,None,,,N,N,N,N
24825880,2023,1,Intersection - Marked Crosswalk,Crossing Roadway,Other Cyclist,,,33076,,N,,,,,N,,,,None,Not Transported,Other,,None,,,N,N,N,N
24844896,2023,2,Travel Lane - Other Location,Walking/Cycling Along Roadway With Traffic,Other Cyclist,,,33010,Male,N,,,,,N,,,,Fatal (within 30 days),EMS,"Failure to Obey Traffic Signs, Signals, or Officer",,None,,68,N,N,Y,N
24846375,2023,2,Shoulder/Roadside,Walking/Cycling on Sidewalk,Other Cyclist,,,33010,Male,N,,,,,N,,,,Non-Incapacitating,Other,No Improper Action,,None,,37,N,N,N,N
24850806,2023,2,Other,Other,Other Cyclist,,,33050,Male,N,Test Not Given,,,,N,Test Not Given,,,Possible,Not Transported,Other,,None,,13,N,N,N,N
24858560,2023,2,Intersection - Marked Crosswalk,Crossing Roadway,Other Cyclist,,,33180,,N,,,,,N,,,,Possible,Not Transported,No Improper Action,,None,,,N,N,N,N
24858583,2023,2,Other,Crossing Roadway,Other Cyclist,,,33009,,N,,,,,N,,,,Non-Incapacitating,,No Improper Action,,Helmet,,,N,N,N,N
24864250,2023,1,Shoulder/Roadside,Walking/Cycling Along Roadway With Traffic,Bicyclist,,,33044,Male,N,,,,,N,,,,Non-Incapacitating,Not Transported,Not Visible,,None,,38,N,N,N,N
24864250,2023,2,Shoulder/Roadside,Walking/Cycling Along Roadway With Traffic,Other Cyclist,,,33024,Female,N,,,,,N,,,,Non-Incapacitating,Not Transported,Not Visible,,None,,42,N,N,N,N
24964762,2023,2,Shoulder/Roadside,Walking/Cycling Along Roadway Against Traffic,Bicyclist,,,32767,Male,N,Test Not Given,,,,N,Test Not Given,,,Possible,EMS,No Improper Action,,None,,33,N,N,N,N
24964762,2023,3,Shoulder/Roadside,Walking/Cycling Along Roadway With Traffic,Other Cyclist,,,32767,Female,N,Test Not Given,,,,N,Test Not Given,,,None,Not Transported,No Improper Action,,None,,40,N,N,N,N
25013924,2023,2,Sidewalk,Walking/Cycling on Sidewalk,Other Cyclist,,,33050,Male,Y,Test Not Given,,,,N,Test Not Given,,,None,Not Transported,Failure to Yield Right-of-Way,,None,,18,Y,N,N,Y
25013933,2023,1,Travel Lane - Other Location,In Roadway - Other,Other Cyclist,,,34116,Male,N,Test Not Given,,,,N,Test Not Given,,,Non-Incapacitating,EMS,Not Visible,,None,,22,N,N,N,N
25026591,2023,2,Sidewalk,Walking/Cycling Along Roadway Against Traffic,Other Cyclist,,,32459,Male,N,Test Not Given,,,,N,Test Not Given,,,Possible,Not Transported,Other,,None,,38,N,N,N,N
25029843,2023,2,Intersection - Marked Crosswalk,Crossing Roadway,Other Cyclist,,,32730,Female,N,Test Not Given,,,,N,Test Not Given,,,Non-Incapacitating,EMS,No Improper Action,,None,,31,N,N,N,N
25031460,2023,2,Sidewalk,Walking/Cycling on Sidewalk,Other Cyclist,,,32405,Male,N,Test Not Given,,,,N,Test Not Given,,,None,Not Transported,No Improper Action,,Helmet,Not Applicable,15,N,N,N,Y
25041847,2023,2,Travel Lane - Other Location,Crossing Roadway,Other Cyclist,,,32779,Male,N,Test Not Given,,,,N,Test Not Given,,,Possible,Not Transported,Dart/Dash,,None,,14,N,N,N,N
25045864,2023,1,Travel Lane - Other Location,Crossing Roadway,Other Cyclist,,,32038,Female,N,Test Not Given,,,,N,Test Not Given,,,Fatal (within 30 days),EMS,Failure to Yield Right-of-Way,,None,,21,N,N,N,N
25046394,2023,2,Sidewalk,Walking/Cycling on Sidewalk,Other Cyclist,,,33040,Male,N,Test Not Given,,,,N,Test Not Given,,,None,Not Transported,Unknown,,None,,26,N,N,N,N
25052967,2023,3,Intersection - Marked Crosswalk,Walking/Cycling on Sidewalk,Other Cyclist,,,33050,Female,N,Test Not Given,,,,N,Test Not Given,,,Non-Incapacitating,Not Transported,No Improper Action,,None,,31,N,N,N,N
25058347,2023,2,Driveway Access,Walking/Cycling on Sidewalk,Other Cyclist,,,34746,Male,N,Test Not Given,,,,N,Test Not Given,,,Non-Incapacitating,EMS,Failure to Yield Right-of-Way,,None,,67,N,N,Y,N
25067120,2023,2,Intersection - Unmarked Crosswalk,Walking/Cycling on Sidewalk,Other Cyclist,,,33709,Female,N,Test Not Given,,,,N,Test Not Given,,,Possible,EMS,No Improper Action,,None,,71,N,N,Y,N
25067842,2023,2,Sidewalk,Walking/Cycling on Sidewalk,Other Cyclist,,,33612,Male,N,Test Not Given,,,,N,Test Not Given,,,Non-Incapacitating,Not Transported,No Improper Action,,None,,62,N,N,N,N
25069130,2023,1,Intersection - Marked Crosswalk,Crossing Roadway,Other Cyclist,,,32202,Male,N,Test Not Given,,,,N,Test Not Given,,,Incapacitating,EMS,Failure to Yield Right-of-Way,,None,,34,N,N,N,N
25074567,2023,1,Travel Lane - Other Location,Walking/Cycling Along Roadway Against Traffic,Other Cyclist,,,32712,Male,N,Test Not Given,,,,N,Test Not Given,,,None,Not Transported,No Improper Action,,None,,40,N,N,N,N
25074624,2023,2,Intersection - Marked Crosswalk,Crossing Roadway,Other Cyclist,,,32801,Male,N,Test Not Given,,,,N,Test Not Given,,,Non-Incapacitating,EMS,Other,,None,,36,N,N,N,N
25076602,2023,2,Sidewalk,Crossing Roadway,Other Cyclist,,,32792,Male,N,Test Not Given,,,,N,Test Not Given,,,Non-Incapacitating,EMS,No Improper Action,,None,,26,N,N,N,N
25077192,2023,5,Intersection - Marked Crosswalk,Crossing Roadway,Other Cyclist,,,78745,Male,N,Test Not Given,,,,N,Test Not Given,,,Incapacitating,EMS,Failure to Yield Right-of-Way,No Improper Action,None,,21,N,N,N,N
25077368,2023,2,Midblock - Marked Crosswalk,Crossing Roadway,Other Cyclist,,,33709,Male,N,Test Not Given,,,,N,Test Not Given,,,Non-Incapacitating,EMS,Dart/Dash,,None,,30,N,N,N,N
25077476,2023,2,Intersection - Marked Crosswalk,Crossing Roadway,Other Cyclist,,,33155,Male,N,Test Not Given,,,,N,Test Not Given,,,Non-Incapacitating,EMS,"Failure to Obey Traffic Signs, Signals, or Officer",,None,,20,N,N,N,N
25078263,2023,2,Intersection - Marked Crosswalk,Crossing Roadway,Other Cyclist,,,32819,Male,N,Test Not Given,,,,N,Test Not Given,,,None,Not Transported,No Improper Action,,Lighting,None,35,N,N,N,N
25079696,2023,2,Intersection - Unmarked Crosswalk,Walking/Cycling on Sidewalk,Other Cyclist,,,34787,Female,N,Test Not Given,,,,N,Test Not Given,,,Possible,Not Transported,No Improper Action,,None,,14,N,N,N,N
25091536,2023,2,Intersection - Marked Crosswalk,Crossing Roadway,Other Cyclist,,,33064,Male,N,,,,,N,,,,Incapacitating,EMS,No Improper Action,,None,,53,N,N,N,N
25094045,2023,2,Bicycle Lane,Walking/Cycling Along Roadway Against Traffic,Other Cyclist,,,32714,Male,N,,,,,N,,,,None,Not Transported,Wrong-Way Riding or Walking,No Improper Action,None,,,N,N,N,N
25094386,2023,2,Intersection - Marked Crosswalk,Crossing Roadway,Other Cyclist,,,32771,Male,N,,,,,N,,,,Non-Incapacitating,EMS,No Improper Action,,None,,29,N,N,N,N
25121318,2023,2,Intersection - Marked Crosswalk,Crossing Roadway,Other Cyclist,,,33711,Male,N,,,,,N,,,,Possible,Not Transported,Other,,None,,14,N,N,N,N
