REPORT_NUMBER,CRASH_YEAR,VEHICLE_NUMBER,PERSON_NUMBER,CITY,STATE,ZIP_CODE,SEX,HELMET_CODE,RESTRAINT_SYSTEM_CODE,EYE_PROTECTION_CODE,AIR_BAG_DEPLOYMENT_CODE,EJECTED,INJURY_SEVERITY,EMS_TRANSPORT_TYPE,SEAT_POSITION_CODE,ROW_POSITION_CODE,OTHER_POSITION_CODE,S4_AGE_AT_TIME_OF_CRASH,S4_IS_UNRESTRAINED_PASSENGER
25522538,2022,1,2,,,33133,Female,,Shoulder and Lap Belt Used,,Not Applicable,Not Ejected,None,Not Transported,Right,Second,,45,N
25539004,2022,1,3,,,33180,Male,,Shoulder and Lap Belt Used,,Not Deployed,Not Ejected,None,Not Transported,Right,Front,Not Applicable,7,N
25549330,2022,1,2,,,33016,Male,No Helmet,Shoulder and Lap Belt Used,,Not Deployed,Not Ejected,None,Not Transported,Right,Front,,17,N
25077192,2023,1,4,,,32792-9188,Female,,Shoulder and Lap Belt Used,,Not Deployed,Not Ejected,None,Not Transported,Left,Second,Not Applicable,8,N
25636444,2022,1,2,,,32439,Male,,Shoulder and Lap Belt Used,,Not Deployed,Not Ejected,None,Not Transported,Right,Front,Not Applicable,42,N
86787769,2022,1,2,,,32569,Male,,Shoulder and Lap Belt Used,,Not Deployed,Not Ejected,None,Not Transported,Right,Front,Not Applicable,37,N
88578326,2022,1,4,,,33971,Male,,Shoulder and Lap Belt Used,,Not Deployed,Not Ejected,None,Not Transported,Right,Front,,45,N
88578326,2022,1,5,,,33971,Female,,Lap Belt Only Used,,Not Deployed,Not Ejected,None,Not Transported,Middle,Front,,39,N
24471190,2023,1,3,,,33009,Male,,Shoulder and Lap Belt Used,,Not Deployed,Not Ejected,None,Not Transported,Right,Front,Not Applicable,14,N
24738986,2023,1,2,,,,Female,,Shoulder and Lap Belt Used,,,Not Ejected,None,Not Transported,Right,Front,,,N
24825880,2023,1,3,,,33076,Female,,Shoulder and Lap Belt Used,,Not Deployed,Not Ejected,None,Not Transported,Right,Front,Not Applicable,16,N
25052967,2023,1,2,,,33050,Female,,Shoulder and Lap Belt Used,,Not Deployed,Not Ejected,None,Not Transported,Right,Front,Not Applicable,49,N
25077192,2023,1,2,,,32792-9188,Female,,Shoulder and Lap Belt Used,,Not Deployed,Not Ejected,None,Not Transported,Right,Front,Not Applicable,43,N
25077192,2023,1,3,,,32792-9188,Female,,Booster Seat,,Not Applicable,Not Ejected,None,Not Transported,Right,Second,Not Applicable,7,N
