REPORT_NUMBER,CRASH_YEAR,VEHICLE_NUMBER,OWNER_CITY,OWNER_STATE,OWNER_ZIP_CODE,COMMERCIAL_VEHICLE_FLAG,MOTION_CODE,STATE_OF_REGISTRATION,PERMANENT_REGISTRATION_FLAG,HIT_AND_RUN_FLAG,VEHICLE_YEAR,VEHICLE_MAKE,VEHICLE_MODEL,VEHICLE_STYLE,VEHICLE_COLOR,DISABLING_FUNCTIONAL_DAMAGE,ESTIMATED_VEHICLE_DAMAGE,TOW_DAMAGE_CODE,HOW_TOW_REQUESTED,BUSINESS_OWNED_FLAG,VEHICLE_TRAVELING,ROAD_ON,ESTIMATED_MPH,POSTED_SPEED,TOTAL_NUMBER_OF_LANES,HAZARDOUS_MATERIAL_RELEASED,HAZMAT_PLACARD,HAZARDOUS_PLACARD_NUMBER,HAZMAT_CLASS,POINT_OF_IMPACT,MOST_DAMAGED_AREA_CODE,TYPE_OF_VEHICLE,TRAFFICWAY_CODE,COMMERCIAL_VEHICLE_CONFIGURATION_CODE,COMMERCIAL_USE_CODE,CARRIER_CARGO_BODY_TYPE,COMMERCIAL_VEHICLE_WEIGHT_CODE,MOST_HARMFUL_EVENT_CODE,HARMFUL_EVENT_1,HARMFUL_EVENT_2,HARMFUL_EVENT_3,HARMFUL_EVENT_4,EMERGENCY_VEHICLE_USE_CODE,ROADWAY_GRADE_CODE,ROADWAY_ALIGNMENT_CODE,VEHICLE_MANEUVER_ACTION,TRAFFIC_CONTROL_DEVICE,VEHICLE_SPECIAL_FUNCTION,VEHICLE_DEFECT1,VEHICLE_DEFECT2,S4_IS_COMMERCIAL_MOTOR_VEHICLE
25521774,2022,1,,,33127,N,Vehicle in Transport,FL,,N,2014,CHEV,,5D,WHI,None,0,N,Driver,N,West,NW 41ST ST,0,30,2,,,,,Right Front Fender,Right Front Fender,Passenger Car,"Two-Way, Not Divided",,,,,Motor Vehicle in Transport,Motor Vehicle in Transport,,,,N,Level,Straight,Straight Ahead,Stop Sign,No Special Function,None,,
25522058,2022,1,,,33133,N,Vehicle in Transport,FL,,N,2017,FORD,,4D,WHI,Minor,200,N,Driver,N,West,1101 NE BISCAYNE BLVD.,5,15,1,,,,,Right Front Door,Right Front Door,Passenger Car,One-Way Trafficway,,,,,Motor Vehicle in Transport,Motor Vehicle in Transport,,,,N,Level,Straight,Straight Ahead,No Controls,Police,None,,
25522538,2022,1,,,33142,N,Vehicle in Transport,FL,,N,2011,FORD,,4D,YEL,Minor,500,N,Driver,N,West,BRICKELL BAY DRIVE SE 9ST,30,30,4,,,,,Front Right Bumper,Front Right Bumper,Passenger Car,"Two-Way, Not Divided",,,,,Pedalcycle,Pedalcycle,,,,N,Level,Straight,Straight Ahead,Flashing Signal,No Special Function,None,,
25121329,2023,1,,,32054,N,Vehicle in Transport,FL,,N,2010,FORD,,4D,BLK,Minor,100,N,Driver,N,West,56TH AVE S,10,10,2,,,,,Front Right Bumper,Front Right Bumper,Passenger Car,"Two-Way, Not Divided",,,,,Pedestrian,Pedestrian,,,,N,Level,Straight,Straight Ahead,No Controls,No Special Function,None,,
25523011,2022,1,,,33150,N,Vehicle in Transport,FL,,N,1998,TOYT,,4D,BLU,Minor,500,N,Driver,N,West,NW 64 ST,,,2,,,,,Right Front Fender,Right Front Fender,Passenger Car,"Two-Way, Divided, Unprotected (painted >4 feet) Median",,,,,Motor Vehicle in Transport,Motor Vehicle in Transport,,,,N,Level,Straight,Other,No Controls,No Special Function,None,,
25523624,2022,1,,,,,,,,Y,,UK,,UNKNOWN,UNKNOWN,Unknown,0,N,,N,,,,,,,,,,,,Unknown,"Two-Way, Not Divided",,,,,Motor Vehicle in Transport,Motor Vehicle in Transport,,,,,Level,Straight,Unknown,No Controls,Unknown,Unknown,Unknown,
25526970,2022,1,,,33411,N,Vehicle in Transport,FL,,N,2015,FORD,,4D,GRY,Minor,600,N,Driver,N,North,BENOIST FARMS RD,25,40,3,,,,,Front Center Bumper,Front Center Bumper,(Sport) Utility Vehicle,"Two-Way, Divided, Positive Median Barrier",,,,,Motor Vehicle in Transport,Motor Vehicle in Transport,,,,N,Level,Straight,Turning Left,Traffic Control Signal,No Special Function,None,,
25529706,2022,1,,,33467,N,Vehicle in Transport,FL,,N,2018,HYUN,,UT,WHI,Minor,500,N,Driver,N,West,ELMHURST RD,5,35,2,,,,,Front Center Bumper,Front Center Bumper,Passenger Car,"Two-Way, Not Divided",,,,,Motor Vehicle in Transport,Motor Vehicle in Transport,,,,N,Level,Straight,Turning Left,Traffic Control Signal,No Special Function,None,,
25539004,2022,1,,,33180,N,Vehicle in Transport,FL,N,N,2021,TESL,,SUV,BLK,Minor,1500,N,Owner Request,N,North,US-1,5,45,4,,,,,Front Center Bumper,Front Center Bumper,(Sport) Utility Vehicle,"Two-Way, Divided, Unprotected (painted >4 feet) Median",,,,,Motor Vehicle in Transport,Motor Vehicle in Transport,,,,N,Level,Curve Right,Straight Ahead,No Controls,No Special Function,None,,
25539144,2022,1,,,33160,N,Vehicle in Transport,FL,N,N,2019,TESL,,4D,RED,Minor,1000,N,,N,South,NE 30 AV,5,30,2,,,,,Front Right Bumper,Front Right Bumper,Passenger Car,"Two-Way, Not Divided",,,,,Motor Vehicle in Transport,Motor Vehicle in Transport,,,,N,Level,Straight,Straight Ahead,No Controls,No Special Function,None,,
25548378,2022,1,,,33324,N,Vehicle in Transport,FL,N,N,2019,NISS,,UT,RED,Functional,500,N,,N,West,NW 62ND STREET,10,45,6,,,,,Front Left Bumper,Front Left Bumper,(Sport) Utility Vehicle,"Two-Way, Divided, Positive Median Barrier",,,,,Pedalcycle,Pedalcycle,,,,N,Level,Straight,Turning Right,Traffic Control Signal,No Special Function,None,,
25548903,2022,1,LOXAHATCHEE,FL,33470,N,Vehicle in Transport,FL,N,N,2008,JEEP,,4D,WHI,Functional,1000,N,Driver,N,East,SR 736 DAVIE BLVD,40,40,4,,,,,Front Right Bumper,Front Right Bumper,Passenger Car,"Two-Way, Not Divided",,,,,Motor Vehicle in Transport,Motor Vehicle in Transport,Pedalcycle,,,N,Level,Straight,Straight Ahead,No Controls,No Special Function,None,,
25549330,2022,1,,,33023,N,Vehicle in Transport,FL,N,N,2008,DODG,,SW,WHI,Minor,1000,N,Driver,N,South,SW 12TH AVE,25,25,2,,,,,Right Front Door,Right Front Door,Passenger Van,"Two-Way, Not Divided",,,,,Motor Vehicle in Transport,Motor Vehicle in Transport,,,,N,Level,Straight,Turning Right,No Controls,No Special Function,None,,
25558772,2022,1,,,33830,N,Vehicle in Transport,FL,,N,2021,JEEP,,UT,BRO,None,0,N,Driver,N,South,OAK AVE N,1,25,2,,,,,Front Right Bumper,Front Right Bumper,(Sport) Utility Vehicle,"Two-Way, Not Divided",,,,,Motor Vehicle in Transport,Motor Vehicle in Transport,,,,N,Level,Straight,Slowing,Stop Sign,No Special Function,None,,
25559808,2022,1,,,32763,N,Vehicle in Transport,FL,,N,2021,TOYT,,PK,SIL,Minor,0,N,Driver,N,West,PARKING LOT,5,45,4,,,,,Undercarriage,Undercarriage,Pickup,One-Way Trafficway,,,,,Motor Vehicle in Transport,Motor Vehicle in Transport,,,,N,Uphill,Straight,Turning Right,No Controls,No Special Function,None,,
25575391,2022,1,,,00000,N,Vehicle in Transport,UK,,Y,2000,UK,,UNKNOWN,UNKNOWN,Unknown,100,N,Driver,N,North,N 46TH ST,10,35,2,,,,,Front Center Bumper,Front Center Bumper,Unknown,"Two-Way, Not Divided",,,,,Motor Vehicle in Transport,Motor Vehicle in Transport,,,,N,Level,Straight,Unknown,No Controls,Unknown,Unknown,Unknown,
25576187,2022,1,,,33578,N,Vehicle in Transport,FL,,N,2019,TOYT,,5D,RED,Functional,2000,N,Driver,N,North,MARTIN LUTHER KING BLVD,5,35,1,,,,,Right Front Door,Right Front Door,Passenger Car,"Two-Way, Not Divided",,,,,Motor Vehicle in Transport,Motor Vehicle in Transport,,,,N,Level,Straight,Turning Left,No Controls,No Special Function,None,,
25576318,2022,1,,,23462,Y,Parked Motor Vehicle,OK,,N,2019,FORD,TRANSIT150,VN,WHI,Minor,1000,N,Other,N,South,CYPRESS PALMS LN,0,15,2,N,N,,,Left Front Door,Left Front Door,"Cargo Van (10,000 lbs (4,536 kg) or less)","Two-Way, Not Divided",,,Van/Enclosed Box,"10,000 lbs (4,536 kg) or less",Parked Motor Vehicle,Parked Motor Vehicle,,,,N,Level,Straight,Parked,No Controls,No Special Function,None,,Y
25626379,2022,1,,,33139,,Vehicle in Transport,FL,,N,2014,FORD,,4D,WHI,Functional,3000,N,Driver,N,West,16TH ST,15,20,2,,,,,Front Center Bumper,Front Center Bumper,Passenger Car,"Two-Way, Not Divided",,,,,Motor Vehicle in Transport,Motor Vehicle in Transport,Pedalcycle,,,N,Level,Straight,Turning Left,Stop Sign,No Special Function,None,,
25626538,2022,1,,,33181,,Vehicle in Transport,FL,,N,2021,UK,,MS,WHI,Minor,700,N,Driver,N,West,VENETIAN SAN MARINO WAY,20,25,2,,,,,Front Right Bumper,Front Right Bumper,Moped,"Two-Way, Divided, Unprotected (painted >4 feet) Median",,,,,Motor Vehicle in Transport,Motor Vehicle in Transport,,,,N,Level,Straight,Straight Ahead,No Controls,No Special Function,None,,
25626606,2022,1,,,32812,,Vehicle in Transport,FL,,N,2022,TESL,,4D,SIL,Functional,1000,N,Driver,N,East,VENETIAN SAN MARINO WAY,5,25,2,,,,,Right Rear Fender,Right Rear Fender,Passenger Car,"Two-Way, Not Divided",,,,,Pedalcycle,Pedalcycle,,,,N,Level,Straight,Turning Right,No Controls,No Special Function,None,,
25636444,2022,1,,,32578-0000,N,Vehicle in Transport,FL,N,N,2009,DODG,,PK,WHI,None,0,N,,N,East,21ST ST EB,5,25,2,,,,,,,Pickup,"Two-Way, Not Divided",,,,,Other Non-Fixed Object,Other Non-Fixed Object,,,,N,Level,Straight,Straight Ahead,No Controls,No Special Function,None,,
25655997,2022,1,,,32829,,Vehicle in Transport,FL,,N,2016,DODG,,2D,WHI,None,200,N,Driver,N,North,N MAGNOLIA AV,3,30,4,,,,,Front Center Bumper,Front Center Bumper,Passenger Car,One-Way Trafficway,,,,,,Pedestrian,,,,N,Level,Straight,Straight Ahead,No Controls,No Special Function,None,None,
25656257,2022,2,,,32812,,Vehicle in Transport,FL,,N,2023,NISS,,4D,GRY,Minor,200,N,Driver,N,South,1928 Conway Rd,20,10,2,,,,,Left Rear Door,Left Rear Door,Passenger Car,"Two-Way, Not Divided",,,,,Pedalcycle,Pedalcycle,,,,N,Level,Straight,Straight Ahead,No Controls,No Special Function,None,,
25672120,2022,1,,,32256-7098,N,Vehicle in Transport,FL,N,N,2020,HOND,,5D,SIL,Minor,500,N,Driver,N,South,SB ON HODGES BLVD,10,45,4,,,,,Front Right Bumper,Front Right Bumper,Passenger Car,"Two-Way, Divided, Unprotected (painted >4 feet) Median",,,,,Pedalcycle,Pedalcycle,,,,N,Level,Straight,Turning Right,Other,No Special Function,None,,
25703201,2022,1,,,34105,N,Vehicle in Transport,FL,,N,2010,SUBA,,4D,WHI,Minor,250,N,Driver,N,West,15450 COLLIER BLVD,5,10,2,,,,,Front Right Bumper,Front Right Bumper,Passenger Car,"Two-Way, Not Divided",,,,,Parked Motor Vehicle,Parked Motor Vehicle,,,,N,Level,Straight,Straight Ahead,No Controls,No Special Function,None,,
25703201,2022,2,,,33913,N,Parked Motor Vehicle,FL,,N,2022,DODG,,UT,GRY,Minor,250,N,Driver,N,West,15450 COLLIER BLVD,0,10,2,,,,,Rear Left Bumper,Rear Left Bumper,Passenger Car,"Two-Way, Not Divided",,,,,Parked Motor Vehicle,Parked Motor Vehicle,,,,N,Level,Straight,Straight Ahead,No Controls,No Special Function,None,,
82399837,2022,1,,,32084-4912,N,Vehicle in Transport,FL,N,N,1998,OLDS,,4D,GRN,Minor,100,N,,N,South,LEAVING PARKING LOT,,25,2,,,,,Right Front Fender,Windshield,Passenger Car,"Two-Way, Not Divided",,,,,Pedalcycle,Pedalcycle,,,,N,Level,Straight,Turning Right,Stop Sign,No Special Function,None,,
84005117,2022,1,,,000000,N,Vehicle in Transport,UM,,Y,2000,CHEVY,,PK,RED,Minor,0,N,Driver,N,East,HOFFNER AVENUE,0,35,2,,,,,Rear Center Bumper,Rear Center Bumper,Pickup,"Two-Way, Not Divided",,,,,Motor Vehicle in Transport,Motor Vehicle in Transport,Motor Vehicle in Transport,,,N,Level,Straight,Straight Ahead,No Controls,No Special Function,None,,
84852098,2022,1,,,32951,N,Vehicle in Transport,FL,,N,2019,SUB,,SU,SIL,Minor,200,N,Driver,N,East,PARKINGLOT,5,15,,,,,,Right Front Fender,Right Front Fender,(Sport) Utility Vehicle,Unknown,,,,,Pedalcycle,Pedalcycle,,,,N,Level,Straight,Straight Ahead,No Controls,No Special Function,None,,
85698048,2022,1,,,32435,N,Vehicle in Transport,FL,,N,2012,KIA,,4D,WHI,Minor,300,N,Driver,N,West,BALDWIN AVENUE,15,25,2,,,,,Front Right Bumper,Front Right Bumper,Passenger Car,"Two-Way, Not Divided",,,,,Pedalcycle,Pedalcycle,,,,N,Level,Straight,Straight Ahead,No Controls,No Special Function,None,,
85854648,2022,1,,,43031,N,Vehicle in Transport,OH,,N,2021,GMC,,PK,BLK,Minor,500,N,Driver,N,South,600 BLK BALD EAGLE DR,5,35,2,,,,,Front Left Bumper,Front Left Bumper,Pickup,"Two-Way, Not Divided",,,,,Motor Vehicle in Transport,Motor Vehicle in Transport,,,,N,Level,Straight,Turning Left,Other,No Special Function,"Body, Doors",None,
86787769,2022,1,,,32569-0000,N,Vehicle in Transport,FL,N,N,2014,DODG,,4D,SIL,Minor,100,N,,N,South,TRIUMPH RD,5,20,4,,,,,Front Center Bumper,Front Center Bumper,Passenger Car,"Two-Way, Divided, Positive Median Barrier",,,,,Pedestrian,Pedestrian,,,,N,Level,Straight,Turning Right,Traffic Control Signal,No Special Function,None,,
88376472,2022,1,,,32714-2115,N,Vehicle in Transport,FL,N,N,2015,TOYT,,4D,GLD,Minor,250,N,,N,West,WILLOW AVE,5,45,6,,,,,Front Right Bumper,Front Right Bumper,Passenger Car,"Two-Way, Divided, Unprotected (painted >4 feet) Median",,,,,Pedestrian,Pedestrian,,,,N,Level,Straight,Turning Right,No Controls,No Special Function,None,,
88560103,2022,1,,,33777-3125,N,Vehicle in Transport,FL,N,N,2012,HOND,,UT,BLU,Functional,2000,N,,N,West,MAGNOLIA DR,10,25,2,,,,,Right Rear Door,Right Rear Door,(Sport) Utility Vehicle,"Two-Way, Divided, Positive Median Barrier",,,,,Other Non-Fixed Object,Other Non-Fixed Object,,,,N,Level,Straight,Straight Ahead,Stop Sign,No Special Function,None,,
88578326,2022,1,,,34109-0000,N,Vehicle in Transport,FL,N,N,2008,FORD,,TK,WHI,Minor,10,N,,N,East,TREE FARM RD,25,35,2,,,,,Trailer,Trailer,Pickup,"Two-Way, Not Divided",,,,,Pedestrian,Pedestrian,,,,N,Level,Straight,Straight Ahead,No Controls,No Special Function,None,,
88578326,2022,2,,,34112,N,Vehicle in Transport,FL,N,N,2014,HYUN,,2D,SIL,Minor,100,N,,N,West,TREE FARM RD,,35,2,,,,,Left Front Door,Left Front Door,Passenger Car,"Two-Way, Not Divided",,,,,Pedestrian,Pedestrian,,,,N,Level,Straight,Stopped in Traffic,No Controls,No Special Function,None,,
89034097,2022,1,,,,,Vehicle in Transport,,,Y,,,,,,,0,,,N,,,,,,,,,,,,,,,,,,,,,,,,,,,,,,,
89349814,2022,1,,,33154,N,Vehicle in Transport,FL,,N,2020,ACURA,,SU,GRY,None,0,N,Driver,N,South,BAY HARBOR TERRACE,20,25,2,,,,,Right Front Fender,,(Sport) Utility Vehicle,"Two-Way, Not Divided",,,,,Motor Vehicle in Transport,Motor Vehicle in Transport,,,,N,Level,Straight,Straight Ahead,No Controls,No Special Function,None,,
89361225,2022,1,,,33772,N,Vehicle in Transport,FL,,N,2000,TOYT,,4D,BLU,Functional,2500,Y,Owner Request,N,South,US-ALT-19,50,45,3,,,,,Front Center Bumper,Hood,Passenger Car,"Two-Way, Divided, Positive Median Barrier",,,,,Pedalcycle,Pedalcycle,,,,N,Level,Straight,Straight Ahead,No Controls,No Special Function,None,,
89362327,2022,1,,,33760,N,Vehicle in Transport,FL,,N,2015,DODG,,4D,WHI,None,0,N,Driver,N,North,MILWAUKEE AVE,0,25,2,,,,,Front Right Bumper,Front Right Bumper,Passenger Car,"Two-Way, Not Divided",,,,,Pedalcycle,Pedalcycle,,,,N,Downhill,Straight,Stopped in Traffic,Stop Sign,No Special Function,None,,
89399529,2022,1,,,,,,,,Y,,UK,,UNKNOWN,UNKNOWN,Unknown,0,N,,N,,,,,,,,,,,,Unknown,"Two-Way, Divided, Positive Median Barrier",,,,,Pedalcycle,Pedalcycle,Pedestrian,,,,Level,Straight,Turning Right,Stop Sign,Unknown,Unknown,Unknown,
89585388,2022,1,,,32952,N,Vehicle in Transport,FL,N,N,2015,TOYOT,,2-D,BLK,None,0,N,,N,West,200 N COURTENAY PKWY,5,15,2,,,,,Front Left Bumper,Front Left Bumper,Pickup,"Two-Way, Not Divided",,,,,Pedalcycle,Pedalcycle,,,,N,Level,Straight,Turning Right,Stop Sign,No Special Function,None,,
89990715,2022,1,,,32539-3223,N,Vehicle in Transport,FL,N,N,2017,HYUN,,4D,WHI,Functional,15000,N,,N,North,NORTH SR-85,45,45,4,,,,,Right Front Fender,Right Front Fender,Passenger Car,"Two-Way, Divided, Positive Median Barrier",,,,,Pedalcycle,Pedalcycle,,,,N,Level,Straight,Straight Ahead,No Controls,No Special Function,None,,
89991941,2022,1,,,33403,N,Vehicle in Transport,FL,,N,2014,FORD,,4D,UNK,Minor,500,N,Driver,N,East,NORTH UNIVERSITY DR,25,25,2,,,,,Front Right Bumper,Front Right Bumper,Passenger Car,"Two-Way, Not Divided",,,,,Motor Vehicle in Transport,Motor Vehicle in Transport,Pedestrian,,,N,Level,Straight,Straight Ahead,Yield Sign,No Special Function,None,,
90107706,2022,1,,,33462,N,Vehicle in Transport,FL,,Y,1999,HOND,,2D,SIL,Functional,1000,N,Driver,N,West,LAKE WORTH ROAD,,40,6,,,,,Right Rear Door,Right Rear Door,Passenger Car,"Two-Way, Divided, Positive Median Barrier",,,,,Motor Vehicle in Transport,Motor Vehicle in Transport,,,,N,Level,Straight,Turning Right,No Controls,No Special Function,None,,
90107706,2022,2,,,33460,N,Vehicle in Transport,UK,,N,2000,UK,,MK,YEL,Unknown,0,N,Other,N,West,LAKE WORTH RD,,40,6,,,,,Left Rear Fender,,Motorcycle,"Two-Way, Divided, Positive Median Barrier",,,,,Motor Vehicle in Transport,Motor Vehicle in Transport,,,,N,Level,Straight,Straight Ahead,No Controls,No Special Function,None,,
24470387,2023,1,,,34951,N,Vehicle in Transport,FL,N,N,2006,MERC,,4D,WHI,Functional,500,N,Driver,N,North,N SURD RD,5,25,1,,,,,Front Left Bumper,Front Left Bumper,Passenger Car,One-Way Trafficway,,,,,Pedestrian,Pedestrian,,,,N,Level,Straight,Turning Left,Stop Sign,No Special Function,None,,
24471190,2023,1,,,33009,N,Vehicle in Transport,FL,N,N,2020,CHEV,,SPUV,BLU,Functional,500,N,Driver,N,South,N 28TH AVE,15,30,2,,,,,Front Center Bumper,Front Center Bumper,(Sport) Utility Vehicle,"Two-Way, Not Divided",,,,,Pedalcycle,Pedalcycle,,,,N,Level,Straight,Turning Left,No Controls,No Special Function,None,,
24474376,2023,1,,,33009,N,Vehicle in Transport,FL,N,N,2020,LNDR,,SPUV,SIL,Functional,1000,N,,N,South,S 20TH AV,25,25,2,,,,,Left Front Door,Left Rear Fender,(Sport) Utility Vehicle,"Two-Way, Not Divided",,,,,Pedestrian,Pedestrian,,,,N,Level,Straight,Straight Ahead,No Controls,No Special Function,None,,
24474791,2023,1,,,,N,Vehicle in Transport,,,Y,,,,,,,0,N,,N,South,N 20TH AV,20,30,2,,,,,,,Pickup,"Two-Way, Not Divided",,,,,Pedestrian,Pedestrian,,,,N,Level,Straight,Turning Left,No Controls,No Special Function,Unknown,,
24474995,2023,1,,,,N,Vehicle in Transport,,,Y,,,,,,,0,N,,N,East,STIRLING RD,20,35,6,,,,,,,Other,"Two-Way, Divided, Positive Median Barrier",,,,,Pedestrian,Pedestrian,,,,N,Level,Straight,Straight Ahead,Unknown,Unknown,Unknown,,
24475283,2023,1,,,,N,Vehicle in Transport,,,Y,,,,,,,0,N,,N,North,4461 SHERIDAN ST,5,,2,,,,,,,Unknown,"Two-Way, Not Divided",,,,,Pedestrian,Pedestrian,,,,,Level,Straight,Unknown,No Controls,Unknown,Unknown,,
24475457,2023,1,,,33020,N,Vehicle in Transport,FL,N,N,2016,HOND,,4D,WHI,Functional,1000,N,,N,North,S FEDERAL HWY,15,35,4,,,,,Right Rear Fender,Right Rear Fender,Passenger Car,"Two-Way, Not Divided",,,,,Pedestrian,Pedestrian,,,,N,Level,Straight,Turning Left,Traffic Control Signal,No Special Function,None,,
24475787,2023,1,,,33021,N,Vehicle in Transport,FL,N,N,2014,TOYT,,4D,BLU,Functional,1000,N,,N,South,HOLLYWOOD BLVD,35,35,2,,,,,Front Center Bumper,Front Center Bumper,Passenger Car,"Two-Way, Divided, Positive Median Barrier",,,,,Pedestrian,Pedestrian,,,,N,Level,Curve Left,Straight Ahead,Stop Sign,No Special Function,None,,
24479537,2023,1,,,33040-0000,N,Vehicle in Transport,FL,N,N,2006,LEXS,,4D,WHI,Functional,500,N,,N,South,4TH STREET,5,45,2,,,,,Front Center Bumper,Front Center Bumper,Passenger Car,"Two-Way, Not Divided",,,,,Pedalcycle,Pedalcycle,,,,N,Level,Straight,Turning Right,Stop Sign,No Special Function,None,,
24631993,2023,1,,,33782-6157,N,Vehicle in Transport,FL,N,N,2020,NISS,,LL,SIL,None,0,N,,N,South,7011 W WATERS AVE,2,10,2,,,,,,,(Sport) Utility Vehicle,"Two-Way, Divided, Positive Median Barrier",,,,,Pedalcycle,Pedalcycle,,,,N,Level,Straight,Turning Right,Stop Sign,No Special Function,None,,
24645287,2023,1,,,33614-0000,N,Vehicle in Transport,FL,N,N,2022,TOYT,,4D,SIL,Minor,1000,N,,N,North,FLOWERFIELD DR,25,25,2,,,,,Front Left Bumper,Front Left Bumper,Passenger Car,"Two-Way, Not Divided",,,,,Motor Vehicle in Transport,Motor Vehicle in Transport,,,,N,Level,Straight,Straight Ahead,No Controls,No Special Function,None,,
24648927,2023,1,,,33578,N,Vehicle in Transport,FL,N,N,2014,HYUN,,4D,BLU,Unknown,1,N,,N,North,5711 BANDERA SPRINGS CIR,5,10,2,,,,,Front Center Bumper,Front Center Bumper,Passenger Car,"Two-Way, Not Divided",,,,,Pedestrian,Pedestrian,,,,N,Level,Straight,Turning Right,No Controls,No Special Function,None,,
24649348,2023,1,,,33844,N,Vehicle in Transport,FL,N,N,2021,TOYT,,4D,WHI,Minor,200,N,,N,South,PROVIDENCE RD,10,35,2,,,,,Front Center Bumper,Front Center Bumper,Passenger Car,"Two-Way, Not Divided",,,,,Motor Vehicle in Transport,Motor Vehicle in Transport,,,,N,Level,Straight,Negotiating a Curve,Yield Sign,No Special Function,None,,
24649617,2023,1,,,33624-0000,N,Vehicle in Transport,FL,N,N,2009,TOYT,,4D,WHI,Minor,100,N,,N,South,LAKE OAK CIR,5,25,2,,,,,Front Center Bumper,Front Center Bumper,Passenger Car,"Two-Way, Not Divided",,,,,Pedalcycle,Pedalcycle,,,,N,Level,Straight,Turning Left,Stop Sign,No Special Function,None,,
24649659,2023,1,,,33613-0000,N,Vehicle in Transport,FL,N,N,2022,HOND,,4D,BLK,Functional,500,N,,N,West,PVT DRIVE AT 3100 E FLETCHER AVE,15,15,2,,,,,Front Center Bumper,Front Center Bumper,Passenger Car,"Two-Way, Divided, Positive Median Barrier",,,,,Pedalcycle,Pedalcycle,,,,N,Level,Straight,Turning Right,Stop Sign,No Special Function,None,,
24649804,2023,1,,,33565-0000,N,Vehicle in Transport,FL,N,N,2020,DODG,,PK,BLK,None,0,N,,N,East,(CR 581)  BRUCE B DOWNS BLVD,1,25,2,,,,,,,Pickup,"Two-Way, Divided, Positive Median Barrier",,,,,Pedalcycle,Pedalcycle,,,,N,Level,Straight,Turning Right,Traffic Control Signal,No Special Function,None,,
24651051,2023,1,,,33563-7128,N,Vehicle in Transport,FL,N,N,2002,CHEV,,4D,SIL,Disabling,3500,Y,Owner Request,N,North,HARNEY RD,40,45,2,,,,,Front Center Bumper,Windshield,Passenger Car,"Two-Way, Not Divided",,,,,Pedalcycle,Pedalcycle,,,,N,Level,Straight,Straight Ahead,No Controls,No Special Function,None,,
24651195,2023,1,,,33578,N,Vehicle in Transport,FL,N,N,2011,TOYT,,VN,GLD,Minor,500,N,,N,North,HUDSON HILLS LN,,25,2,,,,,Right Front Door,Right Front Door,Passenger Van,"Two-Way, Not Divided",,,,,Other Non-Fixed Object,Other Non-Fixed Object,,,,N,Level,Straight,Stopped in Traffic,Stop Sign,No Special Function,None,,
24738986,2023,1,,,,,Vehicle in Transport,,,Y,,UK,,UNKNOWN,UNKNOWN,Unknown,0,N,,N,West,W SUMMIT AVE,35,20,2,,,,,,,Unknown,"Two-Way, Not Divided",,,,,Motor Vehicle in Transport,Motor Vehicle in Transport,,,,N,Level,Straight,Unknown,Stop Sign,Unknown,Unknown,Unknown,
24740235,2023,1,,,33542,N,Working Vehicle,UK,,N,1991,GM,,,WHI,Unknown,10,N,Other,N,West,4TH AVE,20,30,2,,,,,Front Center Bumper,Front Center Bumper,Other,"Two-Way, Not Divided",,,,,Motor Vehicle in Transport,Motor Vehicle in Transport,Pedalcycle,,,N,Level,Straight,Straight Ahead,Stop Sign,Unknown,None,,
24740721,2023,1,,,33542,N,Vehicle in Transport,CT,,N,2015,TOYO,,SU,BLACK,Minor,50,N,Driver,N,West,9TH AVE,15,30,2,,,,,Front Center Bumper,Front Center Bumper,(Sport) Utility Vehicle,"Two-Way, Not Divided",,,,,Pedalcycle,Pedalcycle,,,,N,Level,Straight,Turning Left,No Controls,No Special Function,None,,
24764936,2023,1,,,33068,N,Vehicle in Transport,FL,N,Y,2016,CHEV,,,GRY,Disabling,6000,N,Owner Request,N,West,COCONUT CREEK PKWY,50,45,2,,,,,Front Right Bumper,Front Right Bumper,Passenger Car,"Two-Way, Divided, Positive Median Barrier",,,,,Pedestrian,Pedestrian,,,,N,Level,Straight,Straight Ahead,Traffic Control Signal,No Special Function,None,,
24775710,2023,1,,,34744,N,Vehicle in Transport,FL,N,N,2004,FORD,,PK,WHI,None,0,N,,N,West,13TH ST,40,40,6,,,,,,,Pickup,"Two-Way, Divided, Positive Median Barrier",,,,,Pedestrian,Pedestrian,,,,N,Level,Straight,Straight Ahead,No Controls,No Special Function,None,,
24825880,2023,1,,,33076,N,Vehicle in Transport,FL,N,N,2017,HOND,,UT,SIL,Minor,500,N,Driver,N,South,CORAL SPRINGS DR,5,40,4,,,,,Right Front Fender,Right Front Fender,(Sport) Utility Vehicle,"Two-Way, Divided, Positive Median Barrier",,,,,Pedalcycle,Pedalcycle,,,,N,Level,Straight,Straight Ahead,Traffic Control Signal,No Special Function,None,,
24844896,2023,1,,,33010,N,Vehicle in Transport,FL,,N,2019,NISS,,5D,WHI,Functional,1000,N,Driver,N,West,EAST 2ND STREET,25,30,2,,,,,Front Center Bumper,Hood,(Sport) Utility Vehicle,"Two-Way, Divided, Positive Median Barrier",,,,,Pedalcycle,Pedalcycle,,,,N,Level,Straight,Straight Ahead,No Controls,No Special Function,None,,
24846375,2023,1,,,,N,Vehicle in Transport,,,Y,,UK,,UNKNOWN,UNKNOWN,Unknown,0,N,,N,,,,,,,,,,,,Unknown,"Two-Way, Not Divided",,,,,Pedestrian,Pedestrian,Parked Motor Vehicle,,,,Level,Straight,Unknown,,Unknown,Unknown,,
24846375,2023,2,,,33136,N,Parked Motor Vehicle,FL,,N,2005,NISS,,4D,SIL,Disabling,5000,Y,Rotation,N,West,WEST 17 ST,0,25,2,,,,,Rear Center Bumper,Rear Center Bumper,Passenger Car,"Two-Way, Not Divided",,,,,Parked Motor Vehicle,Parked Motor Vehicle,,,,N,Level,Straight,Straight Ahead,No Controls,No Special Function,None,,
24850806,2023,1,,,33050-2128,N,Vehicle in Transport,FL,N,N,2011,JEEP,,UT,WHI,Functional,800,N,,N,South,KIMCO/KMART PARKING LOT,,15,1,,,,,Right Front Fender,Windshield,(Sport) Utility Vehicle,One-Way Trafficway,,,,,Pedestrian,Pedestrian,,,,N,Level,Straight,Straight Ahead,No Controls,No Special Function,None,,
24858560,2023,1,,,33180,N,Vehicle in Transport,FL,N,N,2020,CHEV,,4D,GRY,Functional,200,N,Owner Request,N,North,BISCAYNE BLVD,10,45,8,,,,,Front Right Bumper,Front Right Bumper,Passenger Car,"Two-Way, Divided, Unprotected (painted >4 feet) Median",,,,,Motor Vehicle in Transport,Motor Vehicle in Transport,,,,N,Level,Straight,Turning Right,No Controls,No Special Function,None,,
24858583,2023,1,,,33168,N,Vehicle in Transport,FL,N,N,2011,KIA,,4D,GLD,Functional,500,N,,N,West,BISCAYNE BLVD,2,45,8,,,,,Front Right Bumper,Front Center Bumper,Passenger Car,"Two-Way, Divided, Positive Median Barrier",,,,,,Pedalcycle,,,,N,Level,Straight,Turning Right,Stop Sign,No Special Function,None,,
24864250,2023,1,,,,N,Vehicle in Transport,FL,N,Y,,,,,BLK,Unknown,1,N,,N,North,UNIVERSITY DRIVE,15,45,6,,,,,Front Center Bumper,Front Center Bumper,,"Two-Way, Divided, Positive Median Barrier",,,,,Pedalcycle,Pedalcycle,,,,N,Level,Straight,Straight Ahead,No Controls,No Special Function,,,
24964762,2023,1,,,32720,N,Vehicle in Transport,FL,N,N,2011,CHEV,,TK,RED,Minor,800,N,,N,West,CR-42,45,55,2,,,,,Front Right Bumper,Front Right Bumper,Pickup,"Two-Way, Not Divided",,,,,Pedalcycle,Pedalcycle,,,,N,Level,Straight,Straight Ahead,No Controls,No Special Function,None,,
25013924,2023,1,,,23188,N,Vehicle in Transport,VA,N,N,2019,VOLKS,,4D,GRN,Minor,500,N,,N,South,SOMBRERO BEACH RD,15,35,2,,,,,Right Front Fender,Right Front Fender,Passenger Car,"Two-Way, Not Divided",,,,,Pedalcycle,Pedalcycle,,,,N,Level,Straight,Turning Right,No Controls,No Special Function,None,,
25013933,2023,1,,,,N,Vehicle in Transport,,N,Y,,,,,,Unknown,0,N,,N,North,SANTA BARBARA BLVD,45,45,4,,,,,Front Right Bumper,Front Right Bumper,,"Two-Way, Divided, Positive Median Barrier",,,,,Pedalcycle,Pedalcycle,,,,N,Level,Straight,Straight Ahead,No Controls,No Special Function,Unknown,,
25026591,2023,1,,,32433-0000,N,Vehicle in Transport,FL,N,N,2014,CHEV,,VN,WHI,Minor,100,N,,N,North,9375 EMERALD COAST PARKWAY,15,45,2,,,,,Right Rear Door,Right Rear Door,Passenger Van,"Two-Way, Not Divided",,,,,Pedalcycle,Pedalcycle,,,,N,Level,Straight,Turning Right,Stop Sign,No Special Function,None,,
25029843,2023,1,,,32730-0000,N,Vehicle in Transport,FL,N,N,2018,KIA,,UT,GRY,Functional,2000,N,,N,East,LAKE OF THE WOODS BOULVEARD,15,25,2,,,,,Left Rear Door,Left Rear Fender,Passenger Car,"Two-Way, Not Divided",,,,,Pedalcycle,Pedalcycle,,,,N,Level,Straight,Turning Right,No Controls,No Special Function,None,,
25031460,2023,1,,,30265,N,Vehicle in Transport,GA,N,N,2017,DODGE,,pickup,BLU,Minor,2000,N,,N,West,STATE ROAD 30 (FRONT BEACH RD),20,35,4,,,,,Right Rear Door,Right Rear Door,Pickup,"Two-Way, Not Divided",,,,,Pedalcycle,Pedalcycle,,,,N,Level,Straight,Turning Right,No Controls,No Special Function,None,,
25041847,2023,1,,,32779-0000,N,Vehicle in Transport,FL,N,N,2013,HYUN,,4D,SIL,Minor,100,N,,N,North,FOX VALLEY DRIVE,10,20,2,,,,,Front Center Bumper,Front Center Bumper,Passenger Car,"Two-Way, Not Divided",,,,,Pedalcycle,Pedalcycle,,,,N,Level,Straight,Straight Ahead,No Controls,No Special Function,None,,
25045864,2023,1,,,33714-0000,N,Vehicle in Transport,FL,N,N,2023,KIA,,UT,BLK,Functional,2500,Y,Rotation,N,South,HAINES ROAD N SB,30,35,2,,,,,Left Front Fender,Left Front Fender,(Sport) Utility Vehicle,"Two-Way, Not Divided",,,,,Pedalcycle,Pedalcycle,,,,N,Level,Straight,Straight Ahead,No Controls,No Special Function,None,,
25046394,2023,1,,,23462-3379,N,Vehicle in Transport,FL,N,N,2011,TOYT,,UT,BLK,Minor,500,N,,N,South,MACDONALD AVE,15,35,2,,,,,Right Rear Fender,Right Rear Fender,(Sport) Utility Vehicle,"Two-Way, Divided, Unprotected (painted >4 feet) Median",,,,,Motor Vehicle in Transport,Motor Vehicle in Transport,,,,N,Level,Straight,Turning Right,No Controls,No Special Function,None,,
25052967,2023,1,,,33050-0000,N,Vehicle in Transport,FL,N,N,2012,CHEV,,UT,SIL,Minor,500,N,,N,South,107TH STREET GULF,10,35,2,,,,,Right Rear Door,Right Rear Door,(Sport) Utility Vehicle,"Two-Way, Not Divided",,,,,Pedalcycle,Pedalcycle,,,,N,Level,Straight,Turning Right,Traffic Control Signal,No Special Function,None,,
25058347,2023,1,,,49099,N,Vehicle in Transport,MI,N,N,2018,VOLKS,,4D,RED,Minor,500,N,,N,North,POINCIANA BOULEVARD,10,40,4,,,,,Front Right Bumper,Front Right Bumper,(Sport) Utility Vehicle,"Two-Way, Not Divided, with a Continuous Left Turn Lane",,,,,Pedestrian,Pedestrian,,,,N,Level,Straight,Turning Left,No Controls,No Special Function,None,,
25067120,2023,1,,,33712-1502,N,Vehicle in Transport,FL,N,N,2020,MAZD,,UT,RED,Minor,500,N,,N,East,46TH AVE N,15,35,4,,,,,Front Right Bumper,Front Right Bumper,Passenger Car,"Two-Way, Not Divided",,,,,Pedalcycle,Pedalcycle,,,,N,Level,Straight,Turning Right,No Controls,No Special Function,None,,
25067842,2023,1,,,34691-0000,N,Vehicle in Transport,FL,N,N,2002,NISS,,UT,WHI,Functional,100,N,,N,South,7101 STATE ROAD 54/ BEALLS EXIT& ENT,3,10,2,,,,,Front Center Bumper,Front Center Bumper,(Sport) Utility Vehicle,"Two-Way, Divided, Positive Median Barrier",,,,,Pedalcycle,Pedalcycle,,,,N,Level,Straight,Entering Traffic Lane,No Controls,No Special Function,None,,
25069130,2023,1,,,34653-0000,N,Vehicle in Transport,FL,N,N,2003,GMC,,UT,TAN,Minor,1500,N,,N,East,LITTLE ROAD,10,35,4,,,,,Front Left Bumper,Front Left Bumper,Passenger Car,"Two-Way, Divided, Positive Median Barrier",,,,,Pedalcycle,Pedalcycle,,,,N,Level,Straight,Turning Left,Traffic Control Signal,No Special Function,None,,
25074567,2023,1,,,32712-5227,N,Vehicle in Transport,FL,N,Y,2005,CHEV,EXPRESS,VN,WHI,Unknown,0,N,,N,South,WINDY AVENUE,15,35,2,,,,,Front Center Bumper,,"Cargo Van (10,000 lbs (4,536 kg) or less)","Two-Way, Not Divided",,,,,Pedalcycle,Pedalcycle,,,,N,Level,Straight,Straight Ahead,No Controls,No Special Function,Unknown,,N
25074624,2023,1,,,32839-0000,N,Vehicle in Transport,FL,N,N,2021,TOYOT,,UT,BRZ,Functional,2000,N,,N,East,COUNTY ROAD 423 (JOHN YOUNG PARKWAY),45,45,4,,,,,Right Rear Fender,Right Rear Fender,(Sport) Utility Vehicle,"Two-Way, Divided, Positive Median Barrier",,,,,Other Non-Fixed Object,Other Non-Fixed Object,,,,N,Level,Straight,Straight Ahead,No Controls,No Special Function,None,,
25076602,2023,1,,,32792-4403,N,Vehicle in Transport,FL,N,N,2022,TOYT,,VN,SIL,Minor,400,N,,N,West,401 S. SEMORAN BOULEVARD,5,10,2,,,,,Right Front Fender,Right Front Fender,Passenger Van,"Two-Way, Divided, Positive Median Barrier",,,,,Pedalcycle,Pedalcycle,,,,N,Level,Straight,Turning Right,Other,No Special Function,None,,
25077192,2023,1,,,32803-3046,N,Vehicle in Transport,FL,N,N,2011,VOLK,,VN,GRY,Functional,3500,N,,N,South,STATE ROAD 551 (GOLDENROD ROAD),5,45,4,,,,,Front Center Bumper,Front Center Bumper,Passenger Van,"Two-Way, Divided, Positive Median Barrier",,,,,Motor Vehicle in Transport,Motor Vehicle in Transport,,,,N,Level,Straight,Straight Ahead,Traffic Control Signal,No Special Function,None,,
25077368,2023,1,,,33771-0000,N,Vehicle in Transport,FL,N,N,2020,HYUN,,UT,WHI,Functional,2500,N,,N,South,STATE ROAD 693 (66TH STREET N) SB,30,45,6,,,,,Front Left Bumper,Windshield,(Sport) Utility Vehicle,"Two-Way, Divided, Positive Median Barrier",,,,,Pedalcycle,Pedalcycle,,,,N,Level,Straight,Straight Ahead,Traffic Control Signal,No Special Function,None,,
25077476,2023,1,,,32563-3088,N,Vehicle in Transport,FL,N,N,2013,TOYT,,2D,WHI,Minor,1000,N,,N,East,STRATEGY BOULEVARD,3,45,6,,,,,Front Right Bumper,Front Right Bumper,Passenger Car,"Two-Way, Divided, Positive Median Barrier",,,,,Other Non-Fixed Object,Other Non-Fixed Object,,,,N,Level,Straight,Turning Right,Traffic Control Signal,No Special Function,None,,
25078263,2023,1,,,00000,N,Vehicle in Transport,,N,Y,,MAZD,,4D,BLK,Unknown,0,N,,N,West,POINTE PLAZA  AVE,5,25,6,,,,,,,Passenger Car,"Two-Way, Divided, Positive Median Barrier",,,,,Pedalcycle,Pedalcycle,,,,N,Level,Straight,Turning Right,Traffic Control Signal,No Special Function,None,,
25079696,2023,1,,,34787-9349,N,Vehicle in Transport,FL,N,N,2003,HOND,,4D,SIL,Functional,50,N,,N,North,STATE ROAD 429,5,45,1,,,,,Front Right Bumper,Front Right Bumper,Passenger Car,One-Way Trafficway,,,,,Pedestrian,Pedestrian,,,,N,Level,Straight,Turning Right,Yield Sign,No Special Function,None,,
25091536,2023,1,,,33064,N,Vehicle in Transport,FL,,N,2022,LEXS,,UT,DGR,Minor,100,N,Driver,N,East,NE 48 ST,10,25,2,,,,,Front Right Bumper,Front Right Bumper,(Sport) Utility Vehicle,"Two-Way, Not Divided",,,,,Pedalcycle,Pedalcycle,,,,N,Level,Straight,Turning Right,No Controls,No Special Function,None,,
25094045,2023,1,,,32712,N,Vehicle in Transport,FL,,N,2021,TOYT,,4D,WHI,Minor,500,N,Driver,N,East,SR 436,20,45,8,,,,,Front Center Bumper,Front Right Bumper,Passenger Car,"Two-Way, Divided, Positive Median Barrier",,,,,Motor Vehicle in Transport,Motor Vehicle in Transport,,,,N,Level,Straight,Changing Lanes,No Controls,No Special Function,None,,
25094386,2023,1,,,32810,N,Vehicle in Transport,FL,,N,2015,CHRY,,4D,WHI,Minor,500,N,Driver,N,South,HERMITS TRL,10,25,2,,,,,Front Center Bumper,Front Center Bumper,Passenger Car,"Two-Way, Not Divided",,,,,Motor Vehicle in Transport,Motor Vehicle in Transport,,,,N,Level,Straight,Turning Right,Stop Sign,No Special Function,None,,
25121318,2023,1,,,33709,N,Vehicle in Transport,FL,,N,2019,MITS,,4D,RED,Minor,1200,N,Driver,N,South,34TH ST N,5,35,3,,,,,Front Right Bumper,Front Right Bumper,Passenger Car,One-Way Trafficway,,,,,Pedestrian,Pedestrian,,,,N,Level,Straight,Turning Right,Traffic Control Signal,No Special Function,None,,
