REPORT_NUMBER,CRASH_YEAR,PERSON_NUMBER,STATUTE_NUMBER,CHARGE,CITATION_NUMBER
25522538,2022,1,316.1925(1),CARELESS DRIVING,AHBYCME
25523011,2022,1,316.121,FAILED TO YIELD - APPROACHING/ENTERING INTERSECTION,AHBZ0KE
25576187,2022,1,316.121,FAILED TO YIELD - APPROACHING/ENTERING INTERSECTION,AGTDD4E
25121318,2023,1,316.646(1),"NO PROOF OF INSURANCE(IF VALID AT TIME CITATION WAS ISSUED,",AH6EENE
25626379,2022,1,316.1925(1),CARELESS DRIVING,AGSI96E
25626538,2022,1,316.1925(1),CARELESS DRIVING,AHAYIYE
25626606,2022,2,316.130(8),PEDESTRIAN ENTERED PATH OF VEHICLE,AH8J07E
25672120,2022,1,316.130(7)(b),FAILED TO YIELD RIGHT-OF-WAY TO PEDESTRIAN AT CROSSWALK WITH,AGZN6TE
85698048,2022,1,316.121,FAILED TO YIELD - APPROACHING/ENTERING INTERSECTION,AF973QE
85854648,2022,1,316.185,SPECIAL HAZARD - FAILED TO USE DUE CARE,AG0S8AE
88560103,2022,1,316.123(2)(a),RAN STOP SIGN/VIOLATION OF RIGHT OF WAY FROM STOP SIGN,AD80JLE
89349814,2022,2,316.125(1),FAILED TO YIELD FROM ALLEY/BLDG./PRIVATE ROAD OR DRIVEWAY TO,A5HXRSP
89585388,2022,1,316.125(2),FAILED TO YIELD/STOP AT SIDEWALK - FROM ALLEY/BLDG. /PRIVATE,AFC22WE
89991941,2022,1,316.130(7)(b),FAILED TO YIELD RIGHT-OF-WAY TO PEDESTRIAN AT CROSSWALK WITH,AFUI2WE
24471190,2023,1,316.122,FTYROW WHEN TURNING LEFT,AHMEBTE
24475787,2023,1,316.1925-1,CARELESS DRIVING,AISYDJE
24475787,2023,1,316.123-2A,RAN STOP SIGN,AISYDKE
24649659,2023,1,316.123(2)(a),FAIL TO STOP AT STOP SIGN,AHL8U3E
24740235,2023,1,316.121,FAILED TO YIELD - APPROACHING/ENTERING INTERSECTION,AGAODOE
24740235,2023,2,322.03(1),NO DRIVER LICENSE - NEVER HAD ONE ISSUED (IF VALID AT TIME C,AGAODPE
24740721,2023,1,316.1925,CARELESS DRIVING,AHS2XIE
24740721,2023,1,316.061(1),CRASH - LEAVING SCENE WITHOUT GIVING INFORMATION MORE THAN $,AHS2XJE
24764936,2023,1,316.061-1,LEAVE SCENE  W/O GIV INFO MORE OR LESS THAN $50 DAMAGE,AHCSPIE
24764936,2023,1,316.062-2,FAIL TO REPORT ACCIDENT IF INJURED PERSON UNABLE,AHCSPJE
24764936,2023,1,320.261,UNLAW LIC TAG/STICKER ATTACHED/NOT ASSIGNED,AHCSPKE
24764936,2023,1,320.07-3B,EXPIRED TAG/REG >6 MOS 1ST VIOLATION,AHCSPLE
24764936,2023,1,316.066-1D,FAIL TO PROVIDE PROOF OF INSURANCE -CRASH,AHCSPME
24764936,2023,1,316.605-1,TAG UNSECURED/OBSCURED/NONE,AHCSPQE
24858560,2023,1,316.130(7)(B),FAIL TO YIELD TO PEDESTRAIAN AT CROSSWALK WITH SIGNAGE,AG7019E
24858583,2023,1,316.125(1),FAILURE TO YIELD RIGHT OF WAY FROM ALLEY / DRIVEWAYTO VEHICL,AH33HIE
24964762,2023,1,316.1925(1),CARELESS DRIVING,AGJSQHE
25026591,2023,1,322.03(1),NO DRIVER LICENSE - NEVER HAD ONE ISSUED,AGIHVQE
25031460,2023,1,316.125(1),FAILED TO YIELD AT SIDEWALK - FROM ALLEY/BLDG./ PRIVATE ROAD,AHI989E
25031460,2023,2,316.2065(13),IMPROPER/NO BIKE BRAKE,AHI98AE
25052967,2023,1,316.075(1)(c)2a,"STEADY RED LIGHT, FAILED TO YIELD TO PEDESTRIAN",AGK2GQE
25058347,2023,2,316.130(8),PEDESTRIAN LEAVE PLACE OF SAFETY AND ENTER PATH OF VEHICLE,AGIL5VE
25067120,2023,1,316.130(15),FAILED TO USE DUE CARE TOWARD PEDESTRIAN,AGKAHUE
25067842,2023,1,316.125(2),FAILED TO YIELD/STOP AT SIDEWALK - FROM ALLEY/BLDG. /PRIVATE,AGITVRE
25076602,2023,1,316.125(2),FAILED TO YIELD/STOP AT SIDEWALK - FROM ALLEY/BLDG. /PRIVATE,AGKEBRE
25077192,2023,1,322.34(1),UNKNOWINGLY OPERATING VEHICLE WHILE DL SUSPENDED/ CANCELED/R,AHI804E
25077192,2023,1,316.646(1),NO PROOF OF INSURANCE,AHI805E
25077368,2023,2,316.130(1),PEDESTRIAN CONTROL SIGNAL - PEDESTRIAN FAILED TO OBEY,AGLBFJE
25079696,2023,1,316.123(3),FAILED TO YIELD/STOP AT A YIELD INTERSECTION,AGJSHGE
25091536,2023,1,316.183(1),FAILED TO USE DUE CARE,AI6ICKE
25094045,2023,2,316.2065(1),VIOLATION BICYCLE REGULATIONS,AG3HY9E
25094386,2023,1,316.075(1)(a)1,FAILED TO YIELD RIGHT-OF-WAY TO PEDESTRIAN,AHLNGQE
