REPORT_NUMBER,CRASH_YEAR,CRASH_DATE_AND_TIME,REPORT_DATE_AND_TIME,INVESTIGATING_AGENCY_REPORT_NUMBER,FORM_TYPE,TOTAL_NUMBER_OF_VEHICLES,TOTAL_NUMBER_OF_PERSONS,COUNTY_CODE,CITY_CODE,COUNTY_NAME,CITY_NAME,RURAL_OR_URBAN,NOTIFIED_TIME,DISPATCHED_TIME,ARRIVED_TIME,CLEARED_TIME,COMPLETED_FLAG,NOTIFIED_BY,ON_STREET_ROAD_HIGHWAY,STREET_ADDRESS_NUMBER,LATITUDE,LONGITUDE,FEET_FROM_INTERSECTION,DIRECTION_FROM_INTERSECTION,FROM_INTERSECTION_OF,MILEPOST_NUMBER,ROAD_SYSTEM_IDENTIFER,TYPE_OF_SHOULDER,TYPE_OF_INTERSECTION,PHOTOS_TAKEN,LIGHT_CONDITION,WEATHER_CONDITION,ROAD_SURFACE_CONDITION,SCHOOL_BUS_RELATED_CODE,TYPE_OF_IMPACT,FIRST_HARMFUL_EVENT,LOCATION,INTERCHANGE_FLAG,JUNCTION_FLAG,ROAD_CIRCUMSTANCES_1,ROAD_CIRCUMSTANCES_2,ROAD_CIRCUMSTANCES_3,ENVIRONMENT_CIRCUMSTANCES_1,ENVIRONMENT_CIRCUMSTANCES_2,ENVIRONMENT_CIRCUMSTANCES_3,WORK_ZONE_RELATED_FLAG,CRASH_IN_WORK_ZONE,TYPE_OF_WORK_ZONE,WORKERS_PRESENT,LAW_ENFORCEMENT_PRESENT,INVESTIGATOR_RANK,INVESTIGATING_AGENCY_NAME,INVESTIGATING_AGENCY_TYPE,LOAD_DATE,UPDATE_DATE,DAYS_TO_LOAD,CODEABLE,S4_CRASH_TYPE,S4_CRASH_TYPE_SIMPLIFIED,S4_CRASH_SEVERITY,S4_CRASH_SEVERITY_DETAIL,S4_DAY_OR_NIGHT,S4_IS_AGGRESSIVE_DRIVING,S4_IS_ALCOHOL_RELATED,S4_IS_CMV_INVOLVED,S4_IS_DISTRACTED,S4_IS_DRUG_RELATED,S4_IS_HIT_AND_RUN,S4_IS_INTERSECTION_RELATED,S4_IS_LANE_DEPARTURE_RELATED,S4_IS_SPEEDING_RELATED,S4_NONE_INJURY_COUNT,S4_INJURY_COUNT,S4_POSSIBLE_INJURY_COUNT,S4_NON_INCAPACITATING_INJURY_COUNT,S4_INCAPACITATING_INJURY_COUNT,S4_FATALITY_COUNT,S4_FATALITY_WITHIN_30_DAYS_COUNT,S4_NON_TRAFFIC_FATALITY_COUNT,S4_TRAILER_COUNT,S4_MOTORCYCLE_COUNT,S4_MOPED_COUNT,S4_NON_MOTORIST_COUNT,S4_BICYCLIST_COUNT,S4_PEDESTRIAN_COUNT,S4_DRIVER_COUNT,S4_AGING_DRIVER_COUNT,S4_TEENAGER_DRIVER_COUNT,S4_PASSENGER_COUNT,S4_UNRESTRAINED_COUNT,S4_UNRESTRAINED_INJURY_COUNT,S4_UNRESTRAINED_INCAPACITATING_INJURY_COUNT,S4_UNRESTRAINED_FATALITY_COUNT,S4_MOTORCYCLIST_COUNT,S4_MOTORCYCLIST_INCAPACITATING_INJURY_COUNT,S4_MOTORCYCLIST_FATALITY_COUNT,S4_IS_PEDESTRIAN_INVOLVED,S4_PEDESTRIAN_INCAPACITATING_INJURY_COUNT,S4_PEDESTRIAN_FATALITY_COUNT,S4_IS_BICYCLIST_INVOLVED,S4_BICYCLIST_INCAPACITATING_INJURY_COUNT,S4_BICYCLIST_FATALITY_COUNT,S4_CITATION_COUNT,S4_CITATION_AMOUNT,S4_PROPERTY_DAMAGE_COUNT,S4_PROPERTY_DAMAGE_AMOUNT,S4_VEHICLE_DAMAGE_COUNT,S4_VEHICLE_DAMAGE_AMOUNT,S4_TOTAL_DAMAGE_AMOUNT,S4_TRANSPORT_BY_EMS_COUNT,S4_TRANSPORT_BY_LAW_ENFORCEMENT_COUNT,S4_TRANSPORT_BY_OTHER_COUNT,S4_GEOLOCATION_STATUS,S4_PRELIMINARY_GEOLOCATION_STATUS,S4_X,S4_Y,S4_LATITUDE,S4_LONGITUDE
25930349,2024,04-DEC-2024 08:50 PM,10-DEC-2024 01:21 PM,2024-121514,L,1,3,1,68,Miami-Dade,Miami Beach,Urban,12/4/2024 8:52:00 PM,12/4/2024 8:55:00 PM,12/4/2024 8:56:00 PM,12/4/2024 9:25:00 AM,N,Law Enforcement,MICHIGAN AVE,,25.77825,-80.13842,0,,8TH ST,,Local,Paved,Four-Way Intersection,N,Dark - Not Lighted,Clear,Dry,N,Angle,Motor Vehicle in Transport,On Roadway,N,Intersection,None,,,None,,,N,,,,,,Miami Beach Police Department,Police Department (PD),12/6/2024 8:09:00 PM,12/11/2024 7:32:00 PM,2,Y,Single Vehicle,Other,Injury,Non-Incapacitating Injury,NIGHT,N,N,N,N,N,Y,Y,N,N,0,2,0,2,0,0,0,0,0,0,0,2,2,0,1,0,0,0,0,0,0,0,0,0,0,N,0,0,Y,0,0,0,0,0,0,0,0,0,2,0,0,Preliminary,Editor Mapped,586390.3759,2851413.8589,25.7782911178437,-80.1383979227488
25930492,2024,07-DEC-2024 05:13 PM,02-JAN-2025 03:25 PM,2024-122476,L,1,2,1,68,Miami-Dade,Miami Beach,Urban,12/7/2024 5:14:00 PM,12/7/2024 5:19:00 PM,12/7/2024 5:21:00 PM,12/7/2024 6:00:00 PM,N,Law Enforcement,16TH ST,,25.78914,-80.13189,0,,WASHINGTON AVE,,Local,Paved,Four-Way Intersection,N,Daylight,Clear,Dry,N,Angle,Motor Vehicle in Transport,On Roadway,N,Intersection,None,,,None,,,N,,,,,,Miami Beach Police Department,Police Department (PD),12/12/2024 7:34:00 PM,1/3/2025 7:38:00 PM,5,Y,Single Vehicle,Other,Injury,Non-Incapacitating Injury,DAY,N,N,N,N,N,Y,Y,N,N,1,1,0,1,0,0,0,0,0,0,0,1,1,0,1,0,0,0,0,0,0,0,0,0,0,N,0,0,Y,0,0,0,0,0,0,0,0,0,0,0,0,Preliminary,Editor Mapped,587040.7955,2852620.4185,25.78914669819,-80.131832335767
25931355,2024,28-SEP-2024 02:20 PM,28-SEP-2024 07:06 PM,2024-97297,L,1,2,1,68,Miami-Dade,Miami Beach,Urban,9/28/2024 2:27:00 PM,9/28/2024 2:46:00 PM,9/28/2024 2:46:00 PM,9/28/2024 3:50:00 PM,Y,Law Enforcement,17TH ST,,25.79203,-80.1419,0,,ALTON CT,,Local,Curb,Not at Intersection,N,Daylight,Clear,Dry,N,Angle,Motor Vehicle in Transport,On Roadway,N,Non-Junction,None,,,None,,,N,,,,,,Miami Beach Police Department,Police Department (PD),10/3/2024 7:30:00 PM,10/3/2024 7:30:00 PM,5,Y,Single Vehicle,Other,Injury,Non-Incapacitating Injury,DAY,N,N,N,N,N,N,N,N,N,1,1,0,1,0,0,0,0,0,0,0,1,1,0,1,0,0,0,0,0,0,0,0,0,0,N,0,0,Y,0,0,1,0,2,20000,1,500,20500,0,0,0,Preliminary,Editor Mapped,586030.8432,2852925.6852,25.7919627530327,-80.1418851195077
25931693,2024,10-AUG-2024 04:25 PM,10-AUG-2024 09:14 PM,2024-78671,L,1,4,1,68,Miami-Dade,Miami Beach,Urban,8/10/2024 4:28:00 PM,8/10/2024 4:30:00 PM,8/10/2024 4:35:00 PM,8/10/2024 5:00:00 PM,Y,Law Enforcement,MERIDIAN AVE,,25.78472,-80.13633,78,North,13TH ST,,Local,Curb,Not at Intersection,N,Daylight,Clear,Dry,N,Angle,Pedalcycle,On Roadway,N,Non-Junction,None,,,None,,,N,,,,,,Miami Beach Police Department,Police Department (PD),8/13/2024 7:45:00 PM,8/13/2024 7:45:00 PM,3,Y,Bicycle,Bicycle,Injury,Possible Injury,DAY,N,N,N,N,N,N,N,N,N,3,1,1,0,0,0,0,0,0,0,0,1,1,0,1,0,0,2,0,0,0,0,0,0,0,N,0,0,Y,0,0,1,0,0,0,1,500,500,1,0,0,Preliminary,Editor Mapped,586590.3005,2852076.6662,25.7842638533394,-80.1363608463519
25931775,2024,14-OCT-2024 02:40 PM,14-OCT-2024 08:12 PM,2024-102906,L,1,3,1,68,Miami-Dade,Miami Beach,Urban,10/14/2024 2:44:00 PM,10/14/2024 3:02:00 PM,10/14/2024 3:44:00 PM,10/14/2024 4:44:00 PM,Y,Law Enforcement,SR 934 (71ST ST),,25.85609,-80.12189,30,North,HARDING CT,,Local,Paved,T-Intersection,N,Daylight,Clear,Dry,N,Angle,Motor Vehicle in Transport,On Roadway,N,Driveway/Alley Access Related,None,,,None,,,N,,,,,,Miami Beach Police Department,Police Department (PD),10/17/2024 7:33:00 PM,10/17/2024 7:33:00 PM,3,Y,Single Vehicle,Other,Injury,Possible Injury,DAY,N,N,N,N,N,N,N,N,N,2,1,1,0,0,0,0,0,0,0,0,1,1,0,1,0,0,1,0,0,0,0,0,0,0,N,0,0,Y,0,0,1,0,2,600,0,0,600,0,0,0,Preliminary,Editor Mapped,587987.1592,2860048.9975,25.8561628266828,-80.1218993080637
25932614,2024,04-SEP-2024 04:20 PM,11-OCT-2024 04:42 AM,2024-88408,L,1,2,1,68,Miami-Dade,Miami Beach,Urban,9/4/2024 4:25:00 PM,9/4/2024 4:30:00 PM,9/4/2024 4:35:00 PM,9/4/2024 5:45:00 PM,N,Law Enforcement,14TH ST,,25.78512,-80.14357,0,,WEST AVE,,Local,Paved,Four-Way Intersection,N,Daylight,Clear,Dry,N,Other,Motor Vehicle in Transport,On Roadway,N,Intersection,None,,,None,,,N,,,,,,Miami Beach Police Department,Police Department (PD),9/12/2024 7:27:00 PM,10/12/2024 7:21:00 PM,8,Y,Single Vehicle,Other,Injury,Possible Injury,DAY,N,N,N,N,N,Y,Y,N,N,1,1,1,0,0,0,0,0,0,0,0,1,1,0,1,0,0,0,0,0,0,0,0,0,0,N,0,0,Y,0,0,0,0,0,0,0,0,0,0,0,0,Preliminary,Editor Mapped,585997.7167,2852171.1459,25.7851518852763,-80.142264526468
25933017,2024,21-NOV-2024 08:12 AM,21-NOV-2024 03:17 PM,2024-116747,L,1,2,1,68,Miami-Dade,Miami Beach,Urban,11/21/2024 8:12:00 AM,11/21/2024 8:13:00 AM,11/21/2024 8:27:00 AM,11/21/2024 10:30:00 AM,Y,Law Enforcement,PINE TREE DR,,25.80066,-80.12981,0,,W 24TH ST,,Local,Paved,Four-Way Intersection,N,Daylight,Clear,Dry,N,Angle,Motor Vehicle in Transport,On Roadway,N,Intersection,None,,,None,,,N,,,,,,Miami Beach Police Department,Police Department (PD),12/21/2024 7:27:00 PM,12/21/2024 7:27:00 PM,30,Y,Single Vehicle,Other,Serious Injury,Incapacitating Injury,DAY,N,N,N,N,N,N,Y,N,N,1,1,0,0,1,0,0,0,0,0,0,1,1,0,1,0,0,0,0,0,0,0,0,0,0,N,0,0,Y,1,0,1,0,2,0,1,600,600,1,0,0,Preliminary,Editor Mapped,587234.1159,2853891.5709,25.8006125022567,-80.1298204931445
25938658,2024,29-JUN-2024 08:05 AM,29-JUN-2024 12:00 AM,24-030770,L,1,2,16,50,Sarasota,Sarasota,Urban,6/29/2024 8:05:00 AM,6/29/2024 8:05:00 AM,6/29/2024 8:05:00 AM,6/29/2024 8:30:00 AM,Y,Law Enforcement,2257 FRUITVILLE RD.,2257,,,0,,,,Local,Paved,T-Intersection,,Daylight,Clear,Dry,N,Angle,Pedalcycle,Off Roadway,N,Intersection-Related,None,None,None,None,None,None,N,,,,,OFC.,Sarasota Police Department,Police Department (PD),7/16/2024 7:56:00 PM,7/16/2024 7:56:00 PM,17,N,Bicycle,Bicycle,No Injury,No Injury,DAY,N,N,N,N,N,N,Y,N,N,2,0,0,0,0,0,0,0,0,0,0,1,1,0,1,0,0,0,0,0,0,0,0,0,0,N,0,0,Y,0,0,1,0,0,0,0,0,0,0,0,0,Preliminary,Editor Mapped,349134.238,3024818.1829,27.33820947833,-82.5250758483636
25939073,2024,29-MAR-2024 05:05 PM,29-MAR-2024 12:00 AM,24-014989,L,1,2,16,50,Sarasota,Sarasota,Urban,3/29/2024 5:05:00 PM,3/29/2024 5:06:00 PM,3/29/2024 5:10:00 PM,3/29/2024 5:43:00 PM,Y,Motorist,DR MLK JR WAY,,,,21,East,N LEMON AVE,,Local,Paved,Not at Intersection,,Daylight,Clear,Dry,N,Angle,Motor Vehicle in Transport,On Roadway,N,Non-Junction,None,,,None,,,N,,,,,OFC.,Sarasota Police Department,Police Department (PD),4/15/2024 7:32:00 PM,4/15/2024 7:32:00 PM,17,Y,Single Vehicle,Other,Injury,Non-Incapacitating Injury,DAY,N,N,N,N,N,N,N,N,N,1,1,0,1,0,0,0,0,0,0,0,1,1,0,1,1,0,0,0,0,0,0,0,0,0,N,0,0,Y,0,0,1,0,0,0,1,3000,3000,1,0,0,Preliminary,Editor Mapped,347541.8593,3027221.2018,27.359719762133,-82.5414684600351
25939834,2024,31-MAY-2024 10:45 AM,31-MAY-2024 12:00 AM,24-025717,L,1,2,16,50,Sarasota,Sarasota,Urban,5/31/2024 10:55:00 AM,5/31/2024 11:00:00 AM,5/31/2024 11:15:00 AM,5/31/2024 11:45:00 AM,Y,Motorist,TUTTLE AVE.,,,,198,North,SR 780,,Local,Curb,Not at Intersection,,Daylight,Clear,Dry,N,Angle,Pedalcycle,Roadside,N,Non-Junction,None,,,None,,,N,,,,,OFC.,Sarasota Police Department,Police Department (PD),6/13/2024 7:27:00 PM,6/13/2024 7:27:00 PM,13,Y,Bicycle,Bicycle,Injury,Possible Injury,DAY,N,N,N,N,N,N,N,N,N,1,1,1,0,0,0,0,0,0,0,0,1,1,0,1,1,0,0,0,0,0,0,0,0,0,N,0,0,Y,0,0,0,0,0,0,0,0,0,0,0,0,Preliminary,Editor Mapped,350227.3502,3024788.7232,27.3380637894158,-82.5140252893975
25940038,2024,25-APR-2024 05:40 PM,29-APR-2024 12:00 AM,24-019413,L,1,1,16,50,Sarasota,Sarasota,Urban,4/25/2024 5:45:00 PM,4/25/2024 10:59:00 PM,4/25/2024 11:10:00 PM,4/25/2024 12:45:00 AM,Y,Motorist,RINGLING BLVD.,,,,0,,WASHINGTON BLVD,,U.S.,Curb,Four-Way Intersection,,Daylight,Clear,Dry,N,Angle,Other Non-Fixed Object,On Roadway,N,Intersection,None,,,None,,,N,,,,,OFC.,Sarasota Police Department,Police Department (PD),5/9/2024 1:08:00 AM,5/9/2024 1:08:00 AM,14,Y,Single Vehicle,Other,Injury,Non-Incapacitating Injury,DAY,N,N,N,N,N,Y,Y,N,N,0,1,0,1,0,0,0,0,0,0,0,1,1,0,0,0,0,0,0,0,0,0,0,0,0,N,0,0,Y,0,0,0,0,0,0,0,0,0,0,0,0,Preliminary,Editor Mapped,348545.9558,3024542.0966,27.3356527787106,-82.530986729792
25940962,2024,12-SEP-2024 08:57 PM,12-SEP-2024 12:00 AM,24-044496,L,1,2,16,50,Sarasota,Sarasota,Urban,9/12/2024 8:57:00 PM,9/12/2024 8:57:00 PM,9/12/2024 9:15:00 PM,9/12/2024 10:00:00 PM,,Motorist,N LOCKWOOD RIDGE RD,,,,0,,FRUITVILLE RD,,Local,Curb,Four-Way Intersection,,Dark - Lighted,Clear,Dry,N,Angle,Motor Vehicle in Transport,On Roadway,N,Intersection,None,,,None,,,N,,,,,OFC.,Sarasota Police Department,Police Department (PD),9/24/2024 7:53:00 PM,9/24/2024 7:53:00 PM,12,Y,Single Vehicle,Other,Injury,Possible Injury,NIGHT,N,N,N,N,N,Y,Y,N,N,1,1,1,0,0,0,0,0,0,0,0,1,1,0,1,0,0,0,0,0,0,0,0,0,0,N,0,0,Y,0,0,0,0,0,0,0,0,0,0,0,0,Preliminary,Editor Mapped,351052.0022,3024737.7644,27.3376939741927,-82.5056851495508
25941059,2024,05-SEP-2024 10:53 AM,05-SEP-2024 12:00 AM,24-043206,L,1,2,16,50,Sarasota,Sarasota,Urban,9/5/2024 10:50:00 AM,9/5/2024 10:53:00 AM,9/5/2024 10:53:00 AM,9/5/2024 11:35:00 AM,Y,Law Enforcement,SCHOOL AVE. N/S,,,,,,FRUITVILLE RD.,,State,Paved,Four-Way Intersection,,Daylight,Clear,Dry,N,Angle,Pedalcycle,On Roadway,N,Intersection,None,,,None,,,N,,,,,OFC.,Sarasota Police Department,Police Department (PD),10/22/2024 8:00:00 PM,10/22/2024 8:00:00 PM,47,N,Bicycle,Bicycle,No Injury,No Injury,DAY,N,N,N,N,N,N,Y,N,N,2,0,0,0,0,0,0,0,0,0,0,1,1,0,1,0,0,0,0,0,0,0,0,0,0,N,0,0,Y,0,0,1,0,0,0,0,0,0,0,0,0,Unmapped,Unmapped,,,,
25941282,2024,05-OCT-2024 05:49 PM,05-OCT-2024 12:00 AM,24-048303,L,1,2,16,50,Sarasota,Sarasota,Urban,10/5/2024 5:49:00 PM,10/5/2024 5:49:00 PM,10/5/2024 6:00:00 PM,10/5/2024 6:45:00 PM,Y,Motorist,2418 N WASHINTON BLVD,,,,,,MARTIN LUTHER KING JR,,State,Paved,Not at Intersection,,Daylight,Clear,Dry,N,"Sideswipe, Same Direction",Motor Vehicle in Transport,On Roadway,N,Non-Junction,None,,,None,,,N,,,,,OFC.,Sarasota Police Department,Police Department (PD),11/14/2024 1:36:00 AM,11/14/2024 1:36:00 AM,40,Y,Single Vehicle,Other,Injury,Non-Incapacitating Injury,DAY,N,N,N,N,N,N,N,Y,N,1,1,0,1,0,0,0,0,0,0,0,1,1,0,1,0,0,0,0,0,0,0,0,0,0,N,0,0,Y,0,0,0,0,0,0,1,1000,1000,0,0,0,Unmapped,Unmapped,,,,
25941463,2024,28-OCT-2024 06:33 PM,28-OCT-2024 04:00 AM,24-051908,L,1,2,16,50,Sarasota,Sarasota,Urban,10/28/2024 6:33:00 PM,10/28/2024 6:33:00 PM,10/28/2024 6:33:00 PM,10/28/2024 10:30:00 PM,Y,Law Enforcement,MAPLE AVE.,,,,0,,23RD ST,,Local,Curb,Four-Way Intersection,Y,Daylight,Clear,Dry,N,Other,Motor Vehicle in Transport,On Roadway,N,Intersection,Other,,,Other,,,N,,,,,OFC.,Sarasota Police Department,Police Department (PD),1/27/2025 7:45:00 PM,1/27/2025 7:45:00 PM,91,Y,Single Vehicle,Other,Serious Injury,Incapacitating Injury,DAY,N,N,N,N,N,N,Y,N,N,1,1,0,0,1,0,0,0,0,0,0,1,1,0,1,0,0,0,0,0,0,0,0,0,0,N,0,0,Y,1,0,0,0,0,0,1,100,100,1,0,0,Preliminary,Editor Mapped,348094.4597,3026985.9221,27.3576579576714,-82.5358535733201
25942532,2024,12-NOV-2024 04:17 PM,12-NOV-2024 12:00 AM,2024TA013028,L,1,3,17,70,Seminole,Winter Springs,Urban,11/12/2024 4:17:00 PM,11/12/2024 4:24:00 PM,11/12/2024 4:24:00 PM,11/12/2024 5:35:00 PM,Y,Law Enforcement,WINTER SPRINGS BLVD,,28.675548,-81.269968,0,,TUSKAWILLA RD,,Local,Curb,Four-Way Intersection,N,Daylight,Clear,Dry,N,,Pedestrian,On Roadway,N,Intersection,None,,,None,,,N,,,,,POLICE OFFICER,Winter Springs Police Department,Police Department (PD),11/14/2024 7:33:00 PM,11/14/2024 7:33:00 PM,2,N,Pedestrian,Pedestrian,No Injury,No Injury,DAY,N,N,N,N,N,N,Y,N,N,3,0,0,0,0,0,0,0,0,0,0,1,1,0,1,1,0,1,0,0,0,0,0,0,0,N,0,0,Y,0,0,0,0,0,0,1,50,50,0,0,0,Preliminary,Editor Mapped,473595.3158,3172075.8483,28.6756020246506,-81.2702554776497
25951762,2024,23-JAN-2024 07:25 AM,23-JAN-2024 12:00 AM,24000731,S,1,2,10,31,Broward,Coral Springs,Urban,1/23/2024 7:25:00 AM,1/23/2024 7:30:00 AM,1/23/2024 7:43:00 AM,1/23/2024 7:43:00 AM,Y,Law Enforcement,PRIVATE PROPERTY W SAMPLE RD,9101,,,,,,,Parking Lot,Curb,Not at Intersection,N,Daylight,Clear,Dry,N,Other,Pedestrian,Off Roadway,N,Non-Junction,None,,,None,,,N,,,,,,Coral Springs Police Department,Police Department (PD),1/26/2024 7:23:00 PM,1/26/2024 7:23:00 PM,3,N,Pedestrian,Pedestrian,No Injury,No Injury,DAY,N,N,N,N,N,N,N,N,N,2,0,0,0,0,0,0,0,0,0,0,1,1,0,1,0,0,0,0,0,0,0,0,0,0,N,0,0,Y,0,0,0,0,1,300,0,0,300,0,0,0,Unmapped,Unmapped,,,,
25951777,2024,24-JAN-2024 07:30 AM,24-JAN-2024 12:00 AM,24000778,L,1,2,10,31,Broward,Coral Springs,Urban,1/24/2024 1:17:00 PM,1/24/2024 1:18:00 PM,1/24/2024 1:23:00 PM,1/24/2024 1:23:00 PM,Y,Law Enforcement,W SAMPLE RD,,,,14,South,NW 120TH AVE,,County,Curb,T-Intersection,N,Daylight,Clear,Dry,N,Other,Pedestrian,Off Roadway,N,Driveway/Alley Access Related,None,,,None,,,N,,,,,,Coral Springs Police Department,Police Department (PD),1/30/2024 7:52:00 PM,1/30/2024 7:52:00 PM,6,Y,Pedestrian,Pedestrian,Serious Injury,Incapacitating Injury,DAY,N,N,N,N,N,Y,N,N,N,0,1,0,0,1,0,0,0,0,0,0,1,1,0,1,0,0,0,0,0,0,0,0,0,0,N,0,0,Y,1,0,0,0,1,350,0,0,350,0,0,0,Verified,n/a,571247.73,2906082.8944,26.2727206943239,-80.2864312296898
25951866,2024,02-FEB-2024 10:19 AM,02-FEB-2024 12:00 AM,24001105,L,1,2,10,31,Broward,Coral Springs,Urban,2/2/2024 10:19:00 AM,2/2/2024 10:21:00 AM,2/2/2024 10:28:00 AM,2/2/2024 10:40:00 AM,Y,Law Enforcement,N UNIVERSITY DR,,,,512,North,ROYAL PALM BLVD,,State,Curb,Not at Intersection,Y,Daylight,Clear,Dry,N,Other,Pedestrian,On Roadway,N,Driveway/Alley Access Related,None,,,None,,,N,,,,,,Coral Springs Police Department,Police Department (PD),2/7/2024 7:45:00 PM,2/7/2024 7:45:00 PM,5,Y,Pedestrian,Pedestrian,Serious Injury,Incapacitating Injury,DAY,N,N,N,N,N,N,N,N,N,1,1,0,0,1,0,0,0,0,0,0,1,1,0,1,0,0,0,0,0,0,0,0,0,0,N,0,0,Y,1,0,0,0,1,300,1,1000,1300,1,0,0,Verified,n/a,574905.8448,2904773.1852,26.260708897756,-80.2498724922648
25951951,2024,09-FEB-2024 09:49 AM,09-FEB-2024 12:00 AM,24001375,L,1,2,10,31,Broward,Coral Springs,Urban,2/9/2024 9:49:00 AM,2/9/2024 9:51:00 AM,2/9/2024 10:08:00 AM,2/9/2024 10:08:00 AM,Y,Law Enforcement,CORAL SPRINGS DR,,,,0,,W SAMPLE RD,,County,Curb,Four-Way Intersection,Y,Daylight,Cloudy,Dry,N,Other,Pedalcycle,On Roadway,N,Intersection,None,,,None,,,N,,,,,,Coral Springs Police Department,Police Department (PD),2/13/2024 7:53:00 PM,2/13/2024 7:53:00 PM,4,Y,Bicycle,Bicycle,Injury,Non-Incapacitating Injury,DAY,N,N,N,Y,N,N,Y,N,N,1,1,0,1,0,0,0,0,0,0,0,1,1,0,1,0,0,0,0,0,0,0,0,0,0,N,0,0,Y,0,0,1,0,1,450,1,800,1250,0,0,0,Preliminary,Editor Mapped,573243.5488,2906098.996,26.2727653367162,-80.2664428461657
25952083,2024,22-FEB-2024 08:26 AM,22-FEB-2024 12:00 AM,24001848,L,1,2,10,31,Broward,Coral Springs,Urban,2/22/2024 8:26:00 AM,2/22/2024 8:28:00 AM,2/22/2024 8:33:00 AM,2/22/2024 8:45:00 AM,Y,Law Enforcement,CORAL RIDGE DR,,,,5,South,NW 13TH ST,,Local,Paved,Other,N,Dawn,Clear,Dry,N,"Sideswipe, Opposite Direction",Pedalcycle,Shoulder,N,Driveway/Alley Access Related,None,,,Glare,,,N,,,,,POLICE OFFICER,Coral Springs Police Department,Police Department (PD),3/6/2024 9:44:00 PM,3/6/2024 9:44:00 PM,13,Y,Bicycle,Bicycle,Injury,Possible Injury,DAY,N,N,N,Y,N,N,N,Y,N,1,1,1,0,0,0,0,0,0,0,0,1,1,0,1,0,0,0,0,0,0,0,0,0,0,N,0,0,Y,0,0,0,0,0,0,1,250,250,0,0,0,Preliminary,Editor Mapped,571950.6117,2903302.7122,26.2475837764465,-80.2795469978473
25952692,2024,17-APR-2024 04:13 PM,17-APR-2024 12:00 AM,24003824,L,1,4,10,31,Broward,Coral Springs,Urban,4/17/2024 4:13:00 PM,4/17/2024 4:15:00 PM,4/17/2024 4:18:00 PM,4/17/2024 4:18:00 PM,Y,Law Enforcement,CORAL SPRINGS DR,,,,0,,NW 39TH CT,,County,Curb,T-Intersection,Y,Daylight,Clear,Dry,N,Other,Pedalcycle,On Roadway,N,Intersection,None,,,None,,,N,,,,,,Coral Springs Police Department,Police Department (PD),4/20/2024 7:18:00 PM,4/20/2024 7:18:00 PM,3,Y,Bicycle,Bicycle,Serious Injury,Incapacitating Injury,DAY,N,N,N,N,N,N,Y,N,N,3,1,0,0,1,0,0,0,0,0,0,2,2,0,1,0,0,1,0,0,0,0,0,0,0,N,0,0,Y,1,0,0,0,0,0,1,200,200,1,0,0,Verified,n/a,573267.9925,2906652.5716,26.2777621936421,-80.266166616447
25952693,2024,17-APR-2024 04:31 PM,17-APR-2024 12:00 AM,24003827,L,1,3,10,31,Broward,Coral Springs,Urban,4/17/2024 4:31:00 PM,4/17/2024 4:33:00 PM,4/17/2024 4:35:00 PM,4/17/2024 5:50:00 PM,Y,Law Enforcement,CORAL RIDGE DR,,,,0,,RIVERSIDE DR,,County,Unpaved,Four-Way Intersection,N,Daylight,Clear,Dry,N,Other,Pedalcycle,On Roadway,Y,Intersection,None,,,None,,,N,,,,,POLICE OFFICER,Coral Springs Police Department,Police Department (PD),4/20/2024 7:18:00 PM,4/20/2024 7:18:00 PM,3,Y,Bicycle,Bicycle,Injury,Possible Injury,DAY,N,N,N,N,N,N,Y,N,N,2,1,1,0,0,0,0,0,0,0,0,1,1,0,1,1,0,1,0,0,0,0,0,0,0,N,0,0,Y,0,0,0,0,0,0,1,50,50,0,0,0,Preliminary,Editor Mapped,571929.7412,2901788.8581,26.2339164735029,-80.2798402047707
25953025,2024,20-MAY-2024 06:00 PM,20-MAY-2024 12:00 AM,24005003,L,1,2,10,31,Broward,Coral Springs,Urban,5/20/2024 6:02:00 PM,5/20/2024 6:02:00 PM,5/20/2024 6:02:00 PM,5/20/2024 6:50:00 PM,Y,Law Enforcement,CORAL RIDGE DR,,,,258,South,W SAMPLE RD,,County,Curb,Not at Intersection,N,Daylight,Clear,Dry,N,Other,Motor Vehicle in Transport,On Roadway,N,Driveway/Alley Access Related,None,,,None,,,N,,,,,POLICE OFFICER,Coral Springs Police Department,Police Department (PD),5/23/2024 1:15:00 AM,5/23/2024 1:15:00 AM,3,Y,Single Vehicle,Other,Injury,Possible Injury,DAY,Y,N,N,Y,N,N,N,N,N,1,1,1,0,0,0,0,0,0,0,0,1,1,0,1,1,0,0,0,0,0,0,0,0,0,N,0,0,Y,0,0,0,0,0,0,1,500,500,0,0,0,Preliminary,Editor Mapped,571669.8585,2906004.5769,26.2719925064834,-80.2822080921955
25954021,2024,28-AUG-2024 04:16 PM,28-AUG-2024 12:00 AM,24008376,L,1,2,10,31,Broward,Coral Springs,Urban,8/28/2024 4:16:00 PM,8/28/2024 4:17:00 PM,8/28/2024 4:27:00 PM,8/28/2024 4:50:00 PM,Y,Law Enforcement,NW 110TH AV,,,,102,South,WILES RD,,Local,Curb,Not at Intersection,N,Daylight,Clear,Wet,N,Other,Pedestrian,On Roadway,N,Non-Junction,None,,,None,,,N,,,,,,Coral Springs Police Department,Police Department (PD),8/31/2024 7:26:00 PM,8/31/2024 7:26:00 PM,3,Y,Pedestrian,Pedestrian,Serious Injury,Incapacitating Injury,DAY,N,N,N,N,N,N,N,N,N,1,1,0,0,1,0,0,0,0,0,0,1,1,0,1,0,0,0,0,0,0,0,0,0,0,N,0,0,Y,1,0,2,0,0,0,0,0,0,1,0,0,Preliminary,Editor Mapped,572584.4662,2907666.2407,26.2869492182962,-80.2729551522176
25959659,2024,10-JAN-2024 02:51 PM,10-JAN-2024 12:00 AM,2024-001226,L,1,2,4,64,Pinellas,St. Petersburg,Urban,1/10/2024 2:52:00 PM,1/10/2024 2:52:00 PM,1/10/2024 2:55:00 PM,1/10/2024 3:30:00 PM,Y,Law Enforcement,16TH AVE S,,27.754659,-82.679537,0,,34TH ST S,,Local,Curb,Not at Intersection,N,Daylight,Clear,Dry,N,,Pedalcycle,On Roadway,N,Intersection-Related,None,,,None,,,N,,,,,OFFICER,St. Petersburg Police Department,Police Department (PD),1/19/2024 7:23:00 PM,1/19/2024 7:23:00 PM,9,Y,Bicycle,Bicycle,Injury,Non-Incapacitating Injury,DAY,N,N,N,N,N,N,Y,N,N,1,1,0,1,0,0,0,0,0,0,0,1,1,0,1,0,0,0,0,0,0,0,0,0,0,N,0,0,Y,0,0,0,0,0,0,1,100,100,1,0,0,Preliminary,Editor Mapped,334477.8255,3071151.4919,27.7546260276304,-82.6795348460675
25959862,2024,09-JAN-2024 12:29 PM,13-JAN-2024 12:00 AM,2024-001069,L,1,2,4,64,Pinellas,St. Petersburg,Urban,1/9/2024 12:30:00 PM,1/9/2024 12:30:00 PM,1/9/2024 12:37:00 PM,1/9/2024 1:13:00 PM,Y,Law Enforcement,62ND ST N,,27.771673,-82.720282,41,South,1ST AVE N,,Local,Paved,Not at Intersection,N,Daylight,Clear,Dry,N,,Pedalcycle,On Roadway,N,Through Roadway,None,,,None,,,N,,,,,OFFICER,St. Petersburg Police Department,Police Department (PD),1/30/2024 7:53:00 PM,1/30/2024 7:53:00 PM,21,N,Bicycle,Bicycle,No Injury,No Injury,DAY,N,N,N,N,N,N,N,N,N,2,0,0,0,0,0,0,0,0,0,0,1,1,0,1,0,0,0,0,0,0,0,0,0,0,N,0,0,Y,0,0,0,0,0,0,0,0,0,0,0,0,Preliminary,Editor Mapped,330488.5624,3073092.8012,27.7716460159889,-82.7202742529002
25959902,2024,22-JAN-2024 11:22 AM,22-JAN-2024 12:00 AM,2024-002840,L,1,2,4,64,Pinellas,St. Petersburg,Urban,1/22/2024 11:22:00 AM,1/22/2024 11:23:00 AM,1/22/2024 11:25:00 AM,1/22/2024 12:00:00 PM,N,Law Enforcement,N 9TH AVE,6160-6144,27.780956,-82.719506,,,,,Parking Lot,Paved,Not at Intersection,N,Daylight,Clear,Dry,N,,Pedestrian,Off Roadway,N,Driveway/Alley Access Related,None,,,None,,,N,,,,,OFFICER,St. Petersburg Police Department,Police Department (PD),1/31/2024 8:57:00 PM,1/31/2024 8:57:00 PM,9,Y,Pedestrian,Pedestrian,Injury,Possible Injury,DAY,N,N,N,N,N,Y,N,N,N,0,1,1,0,0,0,0,0,0,0,0,1,1,0,1,0,0,0,0,0,0,0,0,0,0,N,0,0,Y,0,0,0,0,0,0,0,0,0,1,0,0,Preliminary,Editor Mapped,330578.5321,3074122.7767,27.7809513672955,-82.7195077159407
25960646,2024,26-FEB-2024 03:35 PM,26-FEB-2024 12:00 AM,2024-007400,L,1,4,4,64,Pinellas,St. Petersburg,Urban,2/26/2024 3:35:00 PM,2/26/2024 3:36:00 PM,2/26/2024 3:41:00 PM,2/26/2024 4:30:00 PM,Y,Law Enforcement,37TH AVE S,,27.735028,-82.640827,30,West,6TH ST S,,Local,Curb,Not at Intersection,N,Daylight,Clear,Dry,N,,Pedestrian,On Roadway,N,Intersection-Related,None,,,None,,,N,,,,,O,St. Petersburg Police Department,Police Department (PD),3/7/2024 7:22:00 PM,3/7/2024 7:22:00 PM,10,Y,Pedestrian,Pedestrian,Injury,Possible Injury,DAY,N,N,N,N,N,N,Y,N,N,2,2,2,0,0,0,0,0,0,0,0,2,2,0,1,0,0,1,0,0,0,0,0,0,0,N,0,0,Y,0,0,1,0,0,0,1,100,100,1,0,0,Preliminary,Editor Mapped,338256.3467,3068923.7899,27.7349837089677,-82.6409062112219
25960663,2024,27-FEB-2024 09:50 AM,27-FEB-2024 12:00 AM,2024-007480,S,1,3,4,64,Pinellas,St. Petersburg,Urban,2/27/2024 9:50:00 AM,2/27/2024 9:51:00 AM,2/27/2024 9:58:00 AM,2/27/2024 10:45:00 AM,Y,Law Enforcement,5TH AVE N,,27.777297,-82.73667,53,West,71ST ST N,,Local,Paved,Other,N,Daylight,Clear,Dry,N,,Pedalcycle,On Roadway,N,Other,None,,,None,,,N,,,,,OFFICER,St. Petersburg Police Department,Police Department (PD),3/14/2024 7:22:00 PM,3/14/2024 7:22:00 PM,16,N,Bicycle,Bicycle,No Injury,No Injury,DAY,N,N,N,N,N,N,N,N,N,3,0,0,0,0,0,0,0,0,0,0,1,1,0,1,0,0,1,0,0,0,0,0,0,0,N,0,0,Y,0,0,0,0,0,0,1,50,50,0,0,0,Preliminary,Officer Mapped,328881.8276,3073741.1109,27.7772921405841,-82.7366669357371
25960843,2024,06-MAR-2024 12:38 PM,06-MAR-2024 12:00 AM,2024-008648,L,1,2,4,64,Pinellas,St. Petersburg,Urban,3/6/2024 12:38:00 PM,3/6/2024 1:10:00 PM,3/6/2024 1:10:00 PM,3/6/2024 2:00:00 PM,Y,Law Enforcement,21ST ST N,,27.77203,-82.661662,0,,1ST AVE N,,Local,Curb,Four-Way Intersection,Y,Daylight,Clear,Dry,N,,Pedalcycle,On Roadway,N,Intersection,None,,,None,,,N,,,,,OFFICER,St. Petersburg Police Department,Police Department (PD),3/16/2024 7:19:00 PM,3/16/2024 7:19:00 PM,10,Y,Bicycle,Bicycle,Injury,Possible Injury,DAY,N,N,N,N,N,N,Y,N,N,1,1,1,0,0,0,0,0,0,0,0,1,1,0,1,0,0,0,0,0,0,0,0,0,0,N,0,0,Y,0,0,1,0,1,5000,1,1000,6000,1,0,0,Preliminary,Editor Mapped,336265.9571,3073055.5677,27.7720271595433,-82.6616581144485
25961252,2024,22-MAR-2024 01:59 PM,22-MAR-2024 12:00 AM,2024-010822,L,1,2,4,64,Pinellas,St. Petersburg,Urban,3/22/2024 1:59:00 PM,3/22/2024 1:59:00 PM,3/22/2024 1:59:00 PM,3/22/2024 2:30:00 PM,Y,Law Enforcement,N 38TH AVE,5604,27.806719,-82.709548,,,,,Parking Lot,Curb,Not at Intersection,N,Daylight,Cloudy,Dry,N,,Pedalcycle,Off Roadway,N,Intersection-Related,None,,,None,,,N,,,,,OFFICER,St. Petersburg Police Department,Police Department (PD),3/29/2024 7:29:00 PM,3/29/2024 7:29:00 PM,7,N,Bicycle,Bicycle,No Injury,No Injury,DAY,N,N,N,N,N,N,Y,N,N,2,0,0,0,0,0,0,0,0,0,0,1,1,0,1,0,0,0,0,0,0,0,0,0,0,N,0,0,Y,0,0,0,0,0,0,1,200,200,0,0,0,Preliminary,Editor Mapped,331582.102,3076942.2013,27.8065188732013,-82.7097240302517
25962170,2024,03-MAY-2024 04:00 PM,03-MAY-2024 12:00 AM,2024-016191,L,1,3,4,64,Pinellas,St. Petersburg,Urban,5/3/2024 4:02:00 PM,5/3/2024 4:02:00 PM,5/3/2024 4:17:00 PM,5/3/2024 6:20:00 PM,Y,Law Enforcement,8TH AVE N,,27.780313,-82.638487,0,,4TH ST N,,Local,Curb,Four-Way Intersection,N,Daylight,Clear,Dry,N,,Pedalcycle,On Roadway,N,Intersection,None,,,None,,,N,,,,,OFC,St. Petersburg Police Department,Police Department (PD),5/11/2024 7:19:00 PM,5/11/2024 7:19:00 PM,8,Y,Bicycle,Bicycle,Injury,Possible Injury,DAY,N,N,N,N,N,N,Y,N,N,2,1,1,0,0,0,0,0,1,0,0,1,1,0,1,0,0,1,0,0,0,0,0,0,0,N,0,0,Y,0,0,0,0,0,0,1,10,10,1,0,0,Preliminary,Editor Mapped,338561.5665,3073942.5229,27.780308989956,-82.6384888398004
25962320,2024,09-MAY-2024 03:20 PM,09-MAY-2024 12:00 AM,2024-016965,L,1,2,4,64,Pinellas,St. Petersburg,Urban,5/9/2024 3:34:00 PM,5/9/2024 3:47:00 PM,5/9/2024 3:52:00 PM,5/9/2024 5:27:00 PM,N,Law Enforcement,34TH ST S,5100,27.721543,-82.679081,,,,,Parking Lot,Unpaved,Not at Intersection,Y,Daylight,Clear,Dry,N,,Pedalcycle,Off Roadway,N,Non-Junction,None,,,None,,,N,,,,,OFFICER,St. Petersburg Police Department,Police Department (PD),5/23/2024 7:25:00 PM,5/23/2024 7:25:00 PM,14,Y,Bicycle,Bicycle,Injury,Non-Incapacitating Injury,DAY,N,N,N,N,N,Y,N,N,N,0,1,0,1,0,0,0,0,0,0,0,1,1,0,1,0,0,0,0,0,0,0,0,0,0,N,0,0,Y,0,0,0,0,1,1600,0,0,1600,0,0,0,Preliminary,Editor Mapped,334473.2189,3067485.1646,27.7215414494898,-82.6790741843695
25963023,2024,30-MAY-2024 05:15 PM,11-JUN-2024 12:00 AM,2024-019636,L,1,2,4,64,Pinellas,St. Petersburg,Urban,5/30/2024 5:15:00 PM,5/30/2024 5:15:00 PM,5/30/2024 5:20:00 PM,5/30/2024 5:45:00 PM,N,Law Enforcement,28TH ST N,,27.781135,-82.671347,50,North,9TH AVE N,,Local,Curb,Not at Intersection,N,Daylight,Clear,Dry,N,,Pedalcycle,On Roadway,N,Intersection-Related,None,,,None,,,N,,,,,OFC,St. Petersburg Police Department,Police Department (PD),6/27/2024 7:25:00 PM,6/27/2024 7:25:00 PM,28,Y,Bicycle,Bicycle,Injury,Non-Incapacitating Injury,DAY,N,N,N,N,N,Y,Y,N,N,0,1,0,1,0,0,0,0,0,0,0,1,1,0,1,0,0,0,0,0,0,0,0,0,0,N,0,0,Y,0,0,0,0,0,0,0,0,0,0,0,0,Preliminary,Editor Mapped,335325.3612,3074076.9316,27.7811286166179,-82.6713413725127
25964227,2024,14-AUG-2024 05:45 PM,14-AUG-2024 12:00 AM,2024-028837,L,1,2,4,64,Pinellas,St. Petersburg,Urban,8/14/2024 6:52:00 PM,8/14/2024 6:52:00 PM,8/14/2024 6:55:00 PM,8/14/2024 7:00:00 PM,N,Law Enforcement,30TH AVE N,,27.799326,-82.655019,0,,16TH ST N,,Local,Curb,Four-Way Intersection,N,Daylight,Clear,Dry,N,,Pedalcycle,On Roadway,N,Intersection,None,,,None,,,N,,,,,OFC.,St. Petersburg Police Department,Police Department (PD),8/23/2024 7:41:00 PM,8/23/2024 7:41:00 PM,9,Y,Bicycle,Bicycle,Injury,Non-Incapacitating Injury,DAY,N,N,N,N,N,Y,Y,N,N,0,1,0,1,0,0,0,0,0,0,0,1,1,0,1,0,0,0,0,0,0,0,0,0,0,N,0,0,Y,0,0,0,0,0,0,0,0,0,0,0,0,Preliminary,Editor Mapped,336961.4751,3076070.6783,27.7993195646948,-82.6550140415537
25968186,2024,20-JUN-2024 11:51 AM,20-JUN-2024 12:00 AM,22-2406-012758,L,1,3,10,66,Broward,Pembroke Park,Urban,6/20/2024 11:55:00 AM,6/20/2024 12:00:00 PM,6/20/2024 12:05:00 PM,6/20/2024 12:05:00 PM,Y,Law Enforcement,HALLANDALE BEACH BLVD,,25.984219,-80.188714,140,East,SW 46TH AVE,,State,Paved,Other,N,Daylight,Clear,Dry,N,,Pedestrian,Off Roadway,N,Non-Junction,None,,,None,,,N,,,,,A/ SGT.,Pembroke Park Police Department,Police Department (PD),6/27/2024 7:25:00 PM,6/27/2024 7:25:00 PM,7,Y,Pedestrian,Pedestrian,Injury,Non-Incapacitating Injury,DAY,N,N,N,N,N,N,N,N,N,2,1,0,1,0,0,0,0,0,0,0,2,1,0,1,0,0,0,0,0,0,0,0,0,0,N,0,0,Y,0,0,0,0,0,0,1,500,500,0,0,0,Preliminary,Editor Mapped,581204.8369,2874186.762,25.9842069945141,-80.1887071121902
25971120,2024,24-JAN-2024 04:05 PM,24-JAN-2024 12:00 AM,24000703,L,1,2,4,46,Pinellas,Largo,Urban,1/24/2024 4:05:00 PM,1/24/2024 4:08:00 PM,1/24/2024 4:14:00 PM,1/24/2024 4:44:00 PM,Y,Law Enforcement,SEMINOLE BLVD,13200,,,0,,,,County,Curb,T-Intersection,N,Daylight,Clear,Dry,N,Angle,Motor Vehicle in Transport,On Roadway,N,Intersection-Related,None,,,None,,,N,,,,,OFFICER,Largo Police Department,Police Department (PD),1/27/2024 7:19:00 PM,1/27/2024 7:19:00 PM,3,Y,Single Vehicle,Other,Injury,Possible Injury,DAY,N,N,N,N,N,N,Y,N,N,1,1,1,0,0,0,0,0,0,0,0,1,1,0,1,0,0,0,0,0,0,0,0,0,0,N,0,0,Y,0,0,0,0,0,0,0,0,0,1,0,0,Preliminary,Editor Mapped,324082.0308,3086634.6162,27.8930110859349,-82.7872665307236
25971212,2024,06-FEB-2024 09:40 AM,06-FEB-2024 12:00 AM,24001129,L,1,1,4,46,Pinellas,Largo,Urban,2/6/2024 9:40:00 AM,2/6/2024 9:46:00 AM,2/6/2024 9:52:00 AM,2/6/2024 10:53:00 AM,Y,Law Enforcement,ULMERTON RD,6601,,,52,East,,,State,Curb,T-Intersection,N,Daylight,Clear,Dry,N,Other,Other Non-Fixed Object,On Roadway,N,Driveway/Alley Access Related,None,,,None,,,N,,,,,OFFICER,Largo Police Department,Police Department (PD),2/9/2024 7:34:00 PM,2/10/2024 7:17:00 PM,3,Y,Single Vehicle,Other,Injury,Non-Incapacitating Injury,DAY,N,N,N,N,N,Y,N,N,N,0,1,0,1,0,0,0,0,0,0,0,1,1,0,0,0,0,0,0,0,0,0,0,0,0,N,0,0,Y,0,0,0,0,1,100,0,0,100,0,0,0,Preliminary,Editor Mapped,329720.923,3086645.802,27.8938428706975,-82.7300005602584
25972187,2024,20-JUN-2024 03:49 PM,20-JUN-2024 12:00 AM,24005626,L,1,2,4,46,Pinellas,Largo,Urban,6/20/2024 12:00:00 AM,6/20/2024 3:53:00 PM,6/20/2024 4:00:00 PM,6/20/2024 12:00:00 AM,N,,US HIGHWAY 19 N,17900,,,,,,,Other,Curb,,N,Daylight,Clear,Dry,,,,,,,,,,,,,N,,,,,OFFICER,Largo Police Department,Police Department (PD),6/29/2024 7:18:00 PM,6/29/2024 7:18:00 PM,9,Y,Single Vehicle,Other,Injury,Non-Incapacitating Injury,DAY,N,N,N,N,N,N,N,N,N,1,1,0,1,0,0,0,0,0,0,0,1,1,0,1,0,0,0,0,0,0,0,0,0,0,N,0,0,Y,0,0,1,0,1,750,1,1000,1750,1,0,0,Preliminary,Editor Mapped,329717.9946,3091212.0821,27.9350453050295,-82.7306862995706
25972217,2024,26-JUN-2024 02:28 PM,08-JUL-2024 12:00 AM,24005821,L,1,2,4,46,Pinellas,Largo,Urban,6/26/2024 12:00:00 AM,6/26/2024 2:40:00 PM,6/26/2024 2:55:00 PM,6/26/2024 12:00:00 AM,Y,,142ND AVE N,,,,0,,ICOT BLVD,,County,Curb,,N,Daylight,Clear,Dry,,,,,,,,,,,,,N,,,,,OFFICER,Largo Police Department,Police Department (PD),7/3/2024 10:32:00 PM,7/10/2024 9:53:00 PM,7,Y,Single Vehicle,Other,Injury,Non-Incapacitating Injury,DAY,N,N,N,N,N,N,N,N,N,1,1,0,1,0,0,0,0,0,0,0,1,1,0,1,1,0,0,0,0,0,0,0,0,0,N,0,0,Y,0,0,0,0,1,50,0,0,50,0,0,0,Preliminary,Editor Mapped,331157.3467,3087413.0417,27.9009483328241,-82.7155213415159
25973919,2024,05-MAR-2024 03:35 PM,05-MAR-2024 12:00 AM,202400967C,L,1,2,5,46,Polk,Haines City,Urban,3/5/2024 3:35:00 PM,3/5/2024 3:35:00 PM,3/5/2024 3:37:00 PM,3/5/2024 4:16:00 PM,Y,Law Enforcement,HINSON AVENUE,,,,0,,LEE JACKSON HWY,,State,Paved,Four-Way Intersection,,Daylight,Clear,Dry,N,Angle,Motor Vehicle in Transport,On Roadway,N,Non-Junction,None,,,None,,,N,,,,,Off.,Haines City Police Department,Police Department (PD),3/12/2024 8:14:00 PM,3/12/2024 8:14:00 PM,7,Y,Single Vehicle,Other,Injury,Non-Incapacitating Injury,DAY,N,N,N,N,N,N,N,N,N,0,2,1,1,0,0,0,0,0,0,0,1,1,0,1,1,0,0,0,0,0,0,0,0,0,N,0,0,Y,0,0,0,0,0,0,1,100,100,1,0,0,Preliminary,Editor Mapped,438211.7576,3109159.198,28.1064944909657,-81.6290365190217
25975765,2024,07-FEB-2024 08:20 PM,28-AUG-2024 12:00 AM,240200075,L,1,1,8,44,Volusia,New Smyrna Beach,Urban,2/7/2024 6:54:00 AM,2/7/2024 6:55:00 AM,2/7/2024 7:00:00 AM,2/7/2024 1:00:00 PM,Y,Law Enforcement,SR-44,,29.011637,-81.037584,1228,East,HUNTING CAMP RD,,State,Unpaved,Not at Intersection,Y,Dark - Not Lighted,Clear,Dry,N,,Pedalcycle,Off Roadway,N,Non-Junction,None,,,None,,,N,,,,,OFFICER,New Smyrna Beach Police Department,Police Department (PD),2/15/2024 7:20:00 PM,9/14/2024 7:30:00 PM,8,Y,Bicycle,Bicycle,Fatality,Fatal (within 30 days),NIGHT,N,N,N,N,N,Y,N,N,N,0,0,0,0,0,1,1,0,0,0,0,1,1,0,0,0,0,0,0,0,0,0,0,0,0,N,0,0,Y,0,1,0,0,0,0,0,0,0,0,0,1,Preliminary,Editor Mapped,496339.9289,3209274.9607,29.0116323184619,-81.0375819650243
25975918,2024,31-MAR-2024 09:20 AM,31-MAR-2024 12:00 AM,240300382,L,1,2,8,44,Volusia,New Smyrna Beach,Urban,3/31/2024 9:23:00 AM,3/31/2024 9:26:00 AM,3/31/2024 9:29:00 AM,3/31/2024 9:52:00 AM,Y,Law Enforcement,CRAWFORD RD,,29.04361,-80.899191,19,South,N ATLANTIC AVE,,Local,Paved,T-Intersection,N,Daylight,Clear,Dry,N,,Pedalcycle,On Roadway,N,Intersection,None,,,None,,,N,,,,,OFFICER,New Smyrna Beach Police Department,Police Department (PD),4/1/2024 7:36:00 PM,4/1/2024 7:36:00 PM,1,Y,Bicycle,Bicycle,Injury,Possible Injury,DAY,N,N,N,N,N,N,Y,N,N,1,1,1,0,0,0,0,0,0,0,0,1,1,0,1,0,0,0,0,0,0,0,0,0,0,N,0,0,Y,0,0,1,0,0,0,0,0,0,0,0,0,Preliminary,Editor Mapped,509815.5675,3212804.3608,29.0434558571434,-80.899181914023
25977890,2024,15-MAR-2024 03:40 PM,15-MAR-2024 12:00 AM,PO240001483,L,1,2,8,56,Volusia,Port Orange,Urban,3/15/2024 3:48:00 PM,3/15/2024 3:59:00 PM,3/15/2024 4:10:00 PM,3/15/2024 4:17:00 PM,Y,Law Enforcement,TAYLOR RD,,29.107009,-81.005238,0,,COUNTRY LN,,County,Curb,T-Intersection,N,Daylight,Clear,Dry,N,,Pedestrian,On Roadway,N,Intersection,None,,,None,,,N,,,,,OFFICER,Port Orange Police Department,Police Department (PD),3/20/2024 11:16:00 PM,3/20/2024 11:16:00 PM,5,Y,Pedestrian,Pedestrian,Injury,Possible Injury,DAY,N,N,N,N,N,Y,Y,N,N,0,1,1,0,0,0,0,0,0,0,0,1,1,0,1,0,0,0,0,0,0,0,0,0,0,N,0,0,Y,0,0,0,0,1,200,0,0,200,0,0,0,Preliminary,Editor Mapped,499491.2888,3219841.471,29.1070096211842,-81.0052283052444
25978627,2024,03-OCT-2024 09:13 PM,03-OCT-2024 12:00 AM,PO240005460,L,1,2,8,56,Volusia,Port Orange,Urban,10/3/2024 9:15:00 PM,10/3/2024 9:17:00 PM,10/3/2024 9:20:00 PM,10/3/2024 9:47:00 PM,Y,Law Enforcement,US-1,,29.114962,-80.973903,432,North,FARMBROOK RD,,U.S.,Paved,Not at Intersection,N,Dark - Lighted,Clear,Dry,N,,Pedalcycle,On Roadway,N,Through Roadway,None,,,None,,,N,,,,,OFFICER,Port Orange Police Department,Police Department (PD),10/5/2024 7:24:00 PM,10/5/2024 7:24:00 PM,2,Y,Bicycle,Bicycle,Injury,Possible Injury,NIGHT,N,N,N,N,N,N,N,N,N,1,1,1,0,0,0,0,0,0,0,0,1,1,0,1,0,0,0,0,0,0,0,0,0,0,N,0,0,Y,0,0,0,0,0,0,1,1000,1000,0,0,0,Preliminary,Editor Mapped,502525.6701,3220761.1945,29.1153084684399,-80.9740402144877
25978714,2024,26-OCT-2024 06:42 PM,27-OCT-2024 12:00 AM,PO240005912,L,2,2,8,56,Volusia,Port Orange,Urban,10/26/2024 6:42:00 PM,10/26/2024 6:42:00 PM,10/26/2024 6:58:00 PM,10/26/2024 7:31:00 PM,Y,Law Enforcement,FOREST BRANCH DR,3559,29.151104,-81.036055,,,,,Parking Lot,Paved,Not at Intersection,N,Daylight,Clear,Dry,N,,Parked Motor Vehicle,On Roadway,N,Other,None,,,None,,,N,,,,,OFFCIER,Port Orange Police Department,Police Department (PD),10/29/2024 7:59:00 PM,10/29/2024 7:59:00 PM,3,Y,Parked Vehicle,Other,No Injury,No Injury,DAY,N,N,N,N,N,Y,N,Y,N,2,0,0,0,0,0,0,0,0,0,0,2,1,0,0,0,0,0,0,0,0,0,0,0,0,N,0,0,Y,0,0,0,0,0,0,1,500,500,0,0,0,Preliminary,Editor Mapped,496493.6293,3224726.7393,29.1510983041947,-81.0360522791005
25982686,2024,18-APR-2024 09:15 AM,18-APR-2024 12:00 AM,2024TA004258,L,1,2,17,30,Seminole,Altamonte Springs,Urban,4/18/2024 9:18:00 AM,4/18/2024 9:39:00 AM,4/18/2024 9:46:00 AM,4/18/2024 10:18:00 AM,Y,Law Enforcement,E ALTAMONTE DR,601,28.664941,-81.370022,,,,,Parking Lot,Paved,Not at Intersection,N,Daylight,Clear,Dry,N,,Pedestrian,Off Roadway,N,Non-Junction,None,,,None,,,N,,,,,OFFICER,Altamonte Springs Police Department,Police Department (PD),4/19/2024 7:30:00 PM,4/19/2024 7:30:00 PM,1,Y,Pedestrian,Pedestrian,Injury,Possible Injury,DAY,N,N,N,N,N,N,N,N,N,1,1,1,0,0,0,0,0,0,0,0,1,1,0,1,0,0,0,0,0,0,0,0,0,0,N,0,0,Y,0,0,0,0,0,0,0,0,0,0,0,1,Preliminary,Editor Mapped,463844.9633,3170920.5657,28.6649382101151,-81.3700135234456
25982835,2024,26-MAY-2024 11:43 AM,26-MAY-2024 12:00 AM,2024TA006106,L,1,2,17,30,Seminole,Altamonte Springs,Urban,5/26/2024 11:43:00 AM,5/26/2024 11:44:00 AM,5/26/2024 11:50:00 AM,5/26/2024 12:30:00 PM,Y,Law Enforcement,DOUGLAS AVE,,28.66874,-81.390409,377,North,LORAINE DR,,Local,Paved,Not at Intersection,N,Daylight,Clear,Dry,N,,Pedalcycle,On Roadway,N,Non-Junction,None,,,None,,,N,,,,,OFFICER,Altamonte Springs Police Department,Police Department (PD),6/5/2024 8:48:00 PM,6/5/2024 8:48:00 PM,10,N,Bicycle,Bicycle,No Injury,No Injury,DAY,N,N,N,N,N,N,N,N,N,2,0,0,0,0,0,0,0,0,0,0,1,1,0,1,0,0,0,0,0,0,0,0,0,0,N,0,0,Y,0,0,0,0,0,0,1,0,0,1,0,0,Preliminary,Editor Mapped,461853.9582,3171346.5084,28.6687256511904,-81.3904034977535
25982903,2024,16-JUN-2024 04:05 PM,16-JUN-2024 12:00 AM,2024TA006911,L,1,4,17,30,Seminole,Altamonte Springs,Urban,6/16/2024 4:06:00 PM,6/16/2024 4:07:00 PM,6/16/2024 4:11:00 PM,6/16/2024 4:50:00 PM,Y,Law Enforcement,W SR 436,280,28.661519,-81.395182,458,West,,,Parking Lot,Paved,Not at Intersection,N,Daylight,Clear,Dry,N,,Pedestrian,Off Roadway,N,Non-Junction,None,,,None,,,N,,,,,OFC,Altamonte Springs Police Department,Police Department (PD),6/26/2024 10:59:00 PM,6/26/2024 10:59:00 PM,10,Y,Pedestrian,Pedestrian,Injury,Possible Injury,DAY,N,N,N,N,N,N,N,N,N,3,1,1,0,0,0,0,0,0,0,0,2,2,0,1,0,0,1,0,0,0,0,0,0,0,N,0,0,Y,0,0,0,0,0,0,1,300,300,2,0,0,Preliminary,Editor Mapped,461399.2597,3170557.3848,28.6615893660256,-81.3950302831155
25986180,2024,05-FEB-2024 05:58 AM,05-MAR-2024 12:00 AM,24-005099,L,1,2,3,40,Hillsborough,Plant City,Urban,2/5/2024 5:59:00 AM,2/5/2024 5:59:00 AM,2/5/2024 6:09:00 AM,2/5/2024 10:00:00 AM,Y,Law Enforcement,E BAKER ST,,28.023236,-82.07892,465,East,THRASHER RD,,U.S.,Unpaved,Not at Intersection,N,Dark - Not Lighted,Rain,Wet,N,,Pedestrian,On Roadway,N,Non-Junction,None,,,None,,,N,,,,,OFC,Plant City Police Department,Police Department (PD),2/7/2024 7:45:00 PM,3/7/2024 7:22:00 PM,2,Y,Pedestrian,Pedestrian,Serious Injury,Incapacitating Injury,NIGHT,N,N,N,N,N,N,N,N,N,1,1,0,0,1,0,0,0,0,0,0,1,1,0,1,0,0,0,0,0,0,0,0,0,0,N,0,0,Y,1,0,0,0,0,0,1,0,0,1,0,0,Verified,n/a,393937.4582,3100244.9606,28.0232305932568,-82.0789163089293
25987238,2024,05-APR-2024 08:33 PM,05-APR-2024 10:01 PM,LCPD24OFF009673,L,1,2,29,51,Columbia,Lake City,Urban,4/5/2024 8:36:00 PM,4/5/2024 8:37:00 PM,4/5/2024 8:39:00 PM,4/5/2024 10:05:00 PM,Y,Law Enforcement,US HWY 90,,,,,,NW CENTURIAN CT,,Local,Paved,Not at Intersection,N,Dark - Lighted,Clear,Dry,N,Other,Pedestrian,On Roadway,N,Non-Junction,None,,,None,,,N,,,,,OFFICER,Lake City Police Department,Police Department (PD),8/30/2024 7:46:00 PM,8/30/2024 7:46:00 PM,147,Y,Pedestrian,Pedestrian,Injury,Possible Injury,NIGHT,N,N,N,N,N,Y,N,N,N,1,1,1,0,0,0,0,0,0,0,0,1,1,0,1,0,0,0,0,0,0,0,0,0,0,N,0,0,Y,0,0,2,0,0,0,1,2000,2000,1,0,0,Unmapped,Unmapped,,,,
25987890,2024,16-OCT-2024 03:35 PM,16-OCT-2024 04:00 PM,LCPD24OFF025520,L,1,3,29,51,Columbia,Lake City,Urban,10/16/2024 3:39:00 PM,10/16/2024 3:39:00 PM,10/16/2024 3:45:00 PM,10/16/2024 5:00:00 PM,Y,Law Enforcement,US HWY 90,,30.17987,-82.69721,0,,CR-252B,,County,Paved,Four-Way Intersection,N,Daylight,Clear,Dry,N,Other,Pedestrian,On Roadway,N,Intersection,None,,,None,,,N,,,,,OFFICER,Lake City Police Department,Police Department (PD),11/30/2024 7:20:00 PM,11/30/2024 7:20:00 PM,45,Y,Pedestrian,Pedestrian,Injury,Possible Injury,DAY,N,N,N,N,N,N,Y,N,N,2,1,1,0,0,0,0,0,0,0,0,1,1,0,1,1,0,1,0,0,0,0,0,0,0,N,0,0,Y,0,0,1,0,0,0,1,500,500,1,0,0,Preliminary,Computer plot approximate by lat/long,336592.5461,3339939.599,30.1799242598174,-82.6972065090715
25991552,2024,30-JAN-2024 09:56 AM,30-JAN-2024 12:00 AM,24002384,S,1,2,18,41,Lee,Cape Coral,Urban,1/30/2024 9:56:00 AM,1/30/2024 10:07:00 AM,1/30/2024 10:15:00 AM,1/30/2024 11:10:00 AM,Y,Law Enforcement,SE 8TH ST,,,,0,,SANTA BARBARA BLVD,,Local,Paved,Four-Way Intersection,N,Daylight,Clear,Dry,N,Angle,Pedalcycle,On Roadway,N,Intersection,None,,,None,,,N,,,,,POLICE OFFICER,Cape Coral Police Department,Police Department (PD),2/2/2024 7:20:00 PM,2/2/2024 7:20:00 PM,3,N,Bicycle,Bicycle,No Injury,No Injury,DAY,N,N,N,N,N,N,Y,N,N,2,0,0,0,0,0,0,0,0,0,0,1,1,0,1,0,0,0,0,0,0,0,0,0,0,N,0,0,Y,0,0,0,0,1,100,1,2000,2100,1,0,0,Preliminary,Computer mapped confident by address,403034.3866,2946697.2372,26.6378751861273,-81.9741968515109
25991702,2024,06-FEB-2024 05:16 PM,07-FEB-2024 12:00 AM,24002964,S,1,3,18,41,Lee,Cape Coral,Urban,2/6/2024 5:16:00 PM,2/6/2024 5:17:00 PM,2/6/2024 5:30:00 PM,2/6/2024 6:00:00 PM,Y,Law Enforcement,SE 10TH STREET,1418,,,0,,,,Local,Unpaved,Other,N,Daylight,Clear,Dry,N,Other,Pedalcycle,In Parking Lane or Zone,N,Driveway/Alley Access Related,None,,,None,,,N,,,,,POLICE OFFICER,Cape Coral Police Department,Police Department (PD),2/17/2024 7:19:00 PM,2/17/2024 7:19:00 PM,11,N,Bicycle,Bicycle,No Injury,No Injury,DAY,N,N,N,N,N,N,N,N,N,3,0,0,0,0,0,0,0,0,0,0,2,2,0,1,0,0,0,0,0,0,0,0,0,0,N,0,0,Y,0,0,0,0,0,0,1,500,500,0,0,0,Preliminary,Computer mapped confident by address,406099.0558,2946248.8845,26.6340351359877,-81.9433768051803
26004111,2024,01-JAN-2024 04:16 PM,01-JAN-2024 12:00 AM,112401000258,L,1,2,10,72,Broward,Pompano Beach,Urban,1/1/2024 4:16:00 PM,1/1/2024 4:17:00 PM,1/1/2024 4:23:00 PM,1/1/2024 5:00:00 PM,Y,Law Enforcement,NW 19TH AV,,,,43,South,NW 6TH ST,,Local,Paved,Not at Intersection,N,Daylight,Clear,Dry,N,Angle,Pedalcycle,On Roadway,N,Intersection-Related,None,,,None,,,N,,,,,,Broward County Sheriff's Office,Sheriff's Office (SO),1/4/2024 7:21:00 PM,1/4/2024 7:21:00 PM,3,Y,Bicycle,Bicycle,Injury,Possible Injury,DAY,N,N,N,Y,N,N,Y,N,N,1,1,1,0,0,0,0,0,0,0,0,1,1,0,1,1,0,0,0,0,0,0,0,0,0,N,0,0,Y,0,0,0,0,0,0,0,0,0,0,0,0,Preliminary,Editor Mapped,584964.5847,2902152.0594,26.2364825047129,-80.1493222481649
26005189,2024,22-JAN-2024 05:45 PM,06-MAR-2024 12:00 AM,112401006981,L,1,1,10,72,Broward,Pompano Beach,Urban,1/22/2024 6:03:00 PM,1/22/2024 6:03:00 PM,1/22/2024 6:15:00 PM,1/22/2024 7:00:00 PM,Y,Motorist,NW 6TH AV,,,,0,,NW 8TH ST,,Local,Curb,Roundabout,N,Dusk,Clear,Dry,N,Other,Pedestrian,On Roadway,Y,Other,None,,,None,,,N,,,,,,Broward County Sheriff's Office,Sheriff's Office (SO),1/26/2024 7:23:00 PM,3/8/2024 7:26:00 PM,4,Y,Pedestrian,Pedestrian,Injury,Possible Injury,DAY,N,N,N,N,N,Y,N,N,N,0,1,1,0,0,0,0,0,0,0,0,1,1,0,0,0,0,0,0,0,0,0,0,0,0,N,0,0,Y,0,0,0,0,0,0,0,0,0,0,0,0,Preliminary,Editor Mapped,586850.3138,2902384.3429,26.2384666849815,-80.1304281711433
26005537,2024,29-JAN-2024 06:49 AM,29-JAN-2024 12:00 AM,112401009152,L,1,2,10,72,Broward,Pompano Beach,Urban,1/29/2024 6:49:00 AM,1/29/2024 6:49:00 AM,1/29/2024 6:58:00 AM,1/29/2024 8:00:00 AM,Y,Law Enforcement,NW 33RD ST,,,,0,,NW 18TH TER,,Local,Paved,T-Intersection,Y,Dark - Not Lighted,Clear,Dry,N,Angle,Pedestrian,On Roadway,N,Intersection,None,,,None,,,N,,,,,,Broward County Sheriff's Office,Sheriff's Office (SO),3/15/2024 7:23:00 PM,3/15/2024 7:23:00 PM,46,Y,Pedestrian,Pedestrian,Injury,Possible Injury,NIGHT,N,N,N,N,N,N,Y,N,N,1,1,1,0,0,0,0,0,0,0,0,1,1,0,1,0,0,0,0,0,0,0,0,0,0,N,0,0,Y,0,0,0,0,0,0,1,100,100,1,0,0,Preliminary,Editor Mapped,584978.5047,2905972.0125,26.2709702897465,-80.1489315962368
26005734,2024,01-FEB-2024 01:00 PM,01-FEB-2024 12:00 AM,102402000070,L,1,2,10,36,Broward,Deerfield Beach,Urban,2/1/2024 1:16:00 PM,2/1/2024 1:16:00 PM,2/1/2024 1:25:00 PM,2/1/2024 3:12:00 PM,Y,Law Enforcement,SW 3RD AV,,,,0,,SW 4TH ST,,Local,Paved,Not at Intersection,N,Daylight,Clear,Dry,N,Front to Front,Overturn/Rollover,On Roadway,N,Non-Junction,None,,,None,,,N,,,,,,Broward County Sheriff's Office,Sheriff's Office (SO),2/7/2024 7:45:00 PM,2/7/2024 7:45:00 PM,6,Y,Rollover,Rollover,Injury,Possible Injury,DAY,N,N,N,Y,N,N,N,Y,N,1,1,1,0,0,0,0,0,0,0,0,1,1,0,1,0,0,0,0,0,0,0,0,0,0,N,0,0,Y,0,0,1,0,1,500,1,500,1000,0,1,0,Preliminary,Editor Mapped,589045.8081,2910569.9349,26.3122349315066,-80.1078834174461
26005878,2024,03-FEB-2024 05:26 PM,03-FEB-2024 12:00 AM,022402000257,L,1,2,10,32,Broward,Dania Beach,Urban,2/3/2024 5:27:00 PM,2/3/2024 5:28:00 PM,2/3/2024 5:31:00 PM,2/3/2024 6:00:00 PM,N,Law Enforcement,STIRLING RD,800,,,0,,,,County,Paved,Not at Intersection,Y,Daylight,Clear,Dry,N,Other,Pedestrian,On Roadway,N,Non-Junction,None,,,None,,,N,,,,,,Broward County Sheriff's Office,Sheriff's Office (SO),2/5/2024 7:40:00 PM,2/5/2024 7:40:00 PM,2,Y,Pedestrian,Pedestrian,No Injury,No Injury,DAY,N,N,N,N,N,Y,N,N,N,2,0,0,0,0,0,0,0,0,0,0,2,2,0,0,0,0,0,0,0,0,0,0,0,0,N,0,0,Y,0,0,0,0,0,0,0,0,0,0,0,0,Preliminary,Editor Mapped,585027.8615,2881347.0265,26.0486367061121,-80.1500502452281
26007318,2024,27-FEB-2024 07:34 PM,27-FEB-2024 12:00 AM,112402009090,L,1,3,10,72,Broward,Pompano Beach,Urban,2/27/2024 7:34:00 PM,2/27/2024 7:35:00 PM,2/27/2024 7:45:00 PM,2/27/2024 8:11:00 PM,Y,Law Enforcement,W COPANS RD,,,,146,East,NW 3RD AV,,Local,Curb,Not at Intersection,N,Dark - Lighted,Clear,Dry,N,"Sideswipe, Same Direction",Pedestrian,On Roadway,Y,Intersection,None,,,None,,,N,,,,,,Broward County Sheriff's Office,Sheriff's Office (SO),3/1/2024 7:35:00 PM,3/1/2024 7:35:00 PM,3,Y,Pedestrian,Pedestrian,Serious Injury,Incapacitating Injury,NIGHT,N,N,N,N,N,N,Y,N,N,2,1,0,0,1,0,0,0,0,0,0,1,1,0,1,0,0,1,0,0,0,0,0,0,0,N,0,0,Y,1,0,0,0,0,0,1,2000,2000,1,0,0,Verified,n/a,586965.6014,2904826.7135,26.2605106408372,-80.1291095920467
26007834,2024,05-MAR-2024 05:34 PM,13-MAR-2024 12:00 AM,072403000613,L,1,2,10,77,Broward,Tamarac,Urban,3/5/2024 5:36:00 PM,3/5/2024 5:40:00 PM,3/5/2024 5:52:00 PM,3/5/2024 6:36:00 PM,Y,Law Enforcement,N PLUM BAY PKWY,,,,0,,NW 94TH AV,,Local,Curb,Four-Way Intersection,Y,Dusk,Clear,Dry,N,Front to Rear,Pedalcycle,On Roadway,N,Non-Junction,None,,,None,,,N,,,,,,Broward County Sheriff's Office,Sheriff's Office (SO),3/7/2024 7:22:00 PM,3/14/2024 7:21:00 PM,2,Y,Bicycle,Bicycle,Injury,Non-Incapacitating Injury,DAY,N,N,N,N,N,N,N,N,N,1,1,0,1,0,0,0,0,0,0,0,1,1,0,1,1,0,0,0,0,0,0,0,0,0,N,0,0,Y,0,0,0,0,0,0,0,0,0,0,0,0,Preliminary,Editor Mapped,572302.7502,2898034.2655,26.1999980002715,-80.2763156308375
26008115,2024,11-MAR-2024 03:02 PM,11-MAR-2024 12:00 AM,022403001096,S,2,4,10,32,Broward,Dania Beach,Urban,3/11/2024 3:02:00 PM,3/11/2024 3:02:00 PM,3/11/2024 3:20:00 PM,3/11/2024 3:40:00 PM,Y,Law Enforcement,N FEDERAL HWY,,,,0,,SW 16TH ST,,U.S.,Paved,Not at Intersection,N,Daylight,Clear,Dry,N,"Sideswipe, Same Direction",Motor Vehicle in Transport,On Roadway,N,Non-Junction,None,,,None,,,N,,,,,,Broward County Sheriff's Office,Sheriff's Office (SO),3/15/2024 7:23:00 PM,3/15/2024 7:23:00 PM,4,N,Same Direction Sideswipe,Sideswipe,No Injury,No Injury,DAY,N,N,N,N,N,N,N,Y,N,4,0,0,0,0,0,0,0,0,0,0,1,1,0,2,1,0,1,0,0,0,0,0,0,0,N,0,0,Y,0,0,0,0,0,0,2,7250,7250,0,0,0,Preliminary,Computer plot approximate by lat/long,585713.3811,2879685.5728,26.0335952950064,-80.143307327248
26009633,2024,05-APR-2024 04:53 PM,03-MAY-2024 12:00 AM,042404000412,L,1,1,10,50,Broward,Lauderdale Lakes,Urban,4/5/2024 4:53:00 PM,4/5/2024 5:10:00 PM,4/5/2024 5:22:00 PM,4/5/2024 6:30:00 PM,Y,Law Enforcement,NW 36TH TER,,,,0,,W OAKLAND PARK BLVD,,State,Curb,Not at Intersection,N,Daylight,Clear,Dry,N,Angle,Motor Vehicle in Transport,On Roadway,Y,Intersection,None,,,None,,,N,,,,,,Broward County Sheriff's Office,Sheriff's Office (SO),4/7/2024 7:13:00 PM,5/23/2024 1:16:00 AM,2,Y,Single Vehicle,Other,Injury,Possible Injury,DAY,N,N,N,N,N,Y,Y,N,N,0,1,1,0,0,0,0,0,0,0,0,1,1,0,0,0,0,0,0,0,0,0,0,0,0,N,0,0,Y,0,0,0,0,0,0,0,0,0,1,0,0,Preliminary,Editor Mapped,580126.5487,2894249.7458,26.1654132837624,-80.198246274978
26010489,2024,21-APR-2024 01:58 PM,21-APR-2024 12:00 AM,022404002398,L,1,2,10,32,Broward,Dania Beach,Urban,4/21/2024 1:59:00 PM,4/21/2024 2:00:00 PM,4/21/2024 2:04:00 PM,4/21/2024 4:00:00 PM,Y,Law Enforcement,NW 1ST ST,,,,0,,NW 7TH AV,,Local,Paved,Four-Way Intersection,Y,Daylight,Clear,Dry,N,Angle,Pedalcycle,On Roadway,N,Non-Junction,None,,,None,,,N,,,,,,Broward County Sheriff's Office,Sheriff's Office (SO),4/25/2024 7:23:00 PM,4/25/2024 7:23:00 PM,4,Y,Bicycle,Bicycle,Injury,Non-Incapacitating Injury,DAY,N,N,N,N,N,N,N,N,N,0,2,0,2,0,0,0,0,0,0,0,2,2,0,0,0,0,0,0,0,0,0,0,0,0,N,0,0,Y,0,0,0,0,0,0,1,500,500,2,0,0,Preliminary,Editor Mapped,585194.3513,2881942.4055,26.0540024583698,-80.1483472871197
26010832,2024,26-APR-2024 11:12 PM,26-APR-2024 12:00 AM,112404008962,L,1,3,10,72,Broward,Pompano Beach,Urban,4/26/2024 11:13:00 PM,4/26/2024 11:14:00 PM,4/26/2024 11:15:00 PM,4/26/2024 11:16:00 PM,Y,Law Enforcement,N RIVERSIDE DR,303,,,393,South,,,Local,Paved,Not at Intersection,Y,Dark - Lighted,Clear,Dry,N,Other,Pedestrian,On Roadway,N,Non-Junction,None,,,None,,,N,,,,,,Broward County Sheriff's Office,Sheriff's Office (SO),4/30/2024 8:02:00 PM,4/30/2024 8:02:00 PM,4,Y,Pedestrian,Pedestrian,Injury,Non-Incapacitating Injury,NIGHT,N,N,N,N,N,N,N,N,N,2,1,0,1,0,0,0,0,0,0,0,2,2,0,1,0,0,0,0,0,0,0,0,0,0,N,0,0,Y,0,0,0,0,0,0,1,1000,1000,1,0,0,Preliminary,Editor Mapped,590700.793,2902206.1233,26.2366191941403,-80.0918922930627
26012298,2024,21-MAY-2024 04:54 PM,21-MAY-2024 12:00 AM,112405007274,L,1,2,10,72,Broward,Pompano Beach,Urban,5/21/2024 4:54:00 PM,5/21/2024 4:54:00 PM,5/21/2024 5:01:00 PM,5/21/2024 6:20:00 PM,Y,Law Enforcement,S FEDERAL HWY,,,,47,West,SE 9TH ST,,State,Paved,Not at Intersection,N,Daylight,Clear,Dry,N,Other,Motor Vehicle in Transport,Off Roadway,N,Driveway/Alley Access Related,None,,,None,,,N,,,,,,Broward County Sheriff's Office,Sheriff's Office (SO),5/28/2024 7:36:00 PM,5/28/2024 7:36:00 PM,7,Y,Single Vehicle,Other,Injury,Possible Injury,DAY,N,N,N,N,N,N,N,N,N,1,1,1,0,0,0,0,0,0,0,0,1,1,0,1,0,0,0,0,0,0,0,0,0,0,N,0,0,Y,0,0,0,0,0,0,0,0,0,1,0,0,Preliminary,Editor Mapped,589396.3632,2900248.3506,26.219025435405,-80.1050864264749
26012953,2024,31-MAY-2024 02:09 PM,31-MAY-2024 12:00 AM,122405003808,L,1,3,10,64,Broward,Oakland Park,Urban,5/31/2024 2:09:00 PM,5/31/2024 2:09:00 PM,5/31/2024 2:13:00 PM,5/31/2024 3:00:00 PM,Y,Law Enforcement,N DIXIE HWY,,,,0,,NE 32ND ST,,State,Paved,Not at Intersection,N,Daylight,Clear,Dry,N,Angle,Pedestrian,On Roadway,Y,Non-Junction,None,,,None,,,N,,,,,,Broward County Sheriff's Office,Sheriff's Office (SO),6/2/2024 7:13:00 PM,6/2/2024 7:13:00 PM,2,Y,Pedestrian,Pedestrian,Serious Injury,Incapacitating Injury,DAY,Y,N,N,N,N,N,N,N,N,1,2,0,1,1,0,0,0,0,0,0,2,2,0,1,1,0,0,0,0,0,0,0,0,0,N,0,0,Y,1,0,1,0,0,0,1,100,100,2,0,0,Preliminary,Editor Mapped,586777.8774,2894553.9686,26.1677740325745,-80.1316779897706
26014376,2024,27-JUN-2024 03:37 AM,27-JUN-2024 12:00 AM,022406003156,L,1,1,10,32,Broward,Dania Beach,Urban,6/27/2024 3:37:00 AM,6/27/2024 3:37:00 AM,6/27/2024 3:40:00 AM,6/27/2024 4:33:00 AM,N,Law Enforcement,N FEDERAL HWY,,,,0,,OLD GRIFFIN RD,,U.S.,Paved,Four-Way Intersection,Y,Dark - Lighted,Clear,Dry,N,Other,Pedalcycle,Roadside,N,Intersection,None,,,None,,,N,,,,,,Broward County Sheriff's Office,Sheriff's Office (SO),6/29/2024 7:18:00 PM,6/29/2024 7:18:00 PM,2,Y,Bicycle,Bicycle,Injury,Non-Incapacitating Injury,NIGHT,N,N,N,N,N,Y,Y,N,N,0,1,0,1,0,0,0,0,0,0,0,1,1,0,0,0,0,0,0,0,0,0,0,0,0,N,0,0,Y,0,0,0,0,0,0,0,0,0,1,0,0,Preliminary,Editor Mapped,585625.9244,2882519.9234,26.0591912337592,-80.1439955260442
26014435,2024,28-JUN-2024 11:45 AM,28-JUN-2024 12:00 AM,162406001691,L,1,2,10,30,Broward,Cooper City,Urban,6/28/2024 11:49:00 AM,6/28/2024 11:50:00 AM,6/28/2024 11:55:00 AM,6/28/2024 12:30:00 PM,Y,Law Enforcement,GRIFFIN RD,,,,677,West,SW 100TH AV,,State,Paved,T-Intersection,N,Daylight,Clear,Dry,N,Angle,Other Non-Fixed Object,On Roadway,N,Other,None,,,None,,,N,,,,,,Broward County Sheriff's Office,Sheriff's Office (SO),6/29/2024 7:18:00 PM,6/29/2024 7:18:00 PM,1,Y,Single Vehicle,Other,Injury,Non-Incapacitating Injury,DAY,N,N,N,N,N,N,N,N,N,1,1,0,1,0,0,0,0,0,0,0,1,1,0,1,1,0,0,0,0,0,0,0,0,0,N,0,0,Y,0,0,1,0,1,500,1,1000,1500,1,0,0,Preliminary,Editor Mapped,571775.5246,2882962.3293,26.0639401846626,-80.282424474253
26014987,2024,09-JUL-2024 07:23 AM,09-JUL-2024 12:00 AM,162407000484,S,1,3,10,30,Broward,Cooper City,Urban,7/9/2024 7:23:00 AM,7/9/2024 8:30:00 AM,7/9/2024 8:40:00 AM,7/9/2024 10:30:00 AM,Y,Law Enforcement,SW 90TH AV,,,,0,,GRIFFIN RD,,County,Paved,T-Intersection,N,Daylight,Cloudy,Dry,N,Front to Rear,Pedalcycle,On Roadway,N,Non-Junction,None,,,None,,,N,,,,,,Broward County Sheriff's Office,Sheriff's Office (SO),7/11/2024 7:21:00 PM,7/11/2024 7:21:00 PM,2,N,Bicycle,Bicycle,No Injury,No Injury,DAY,N,N,N,N,N,N,N,N,N,3,0,0,0,0,0,0,0,0,0,0,1,1,0,1,0,0,1,0,0,0,0,0,0,0,N,0,0,Y,0,0,0,0,1,380,1,100,480,0,0,0,Preliminary,Computer mapped confident by address,572937.3765,2883003.6752,26.0642553023187,-80.2708072980096
26015354,2024,16-JUL-2024 07:34 AM,16-JUL-2024 12:00 AM,112407004844,L,1,2,10,72,Broward,Pompano Beach,Urban,7/16/2024 7:35:00 AM,7/16/2024 7:35:00 AM,7/16/2024 7:40:00 AM,7/16/2024 9:00:00 AM,Y,Law Enforcement,DR MARTIN LUTHER KING JR BLVD,,,,340,West,N POWERLINE RD,,Local,Paved,Not at Intersection,N,Daylight,Clear,Dry,N,Other,Motor Vehicle in Transport,On Roadway,N,Non-Junction,None,,,None,,,N,,,,,,Broward County Sheriff's Office,Sheriff's Office (SO),7/23/2024 7:34:00 PM,7/23/2024 7:34:00 PM,7,Y,Single Vehicle,Other,Injury,Possible Injury,DAY,N,N,N,N,N,N,N,N,N,1,1,1,0,0,0,0,0,0,0,0,1,1,0,1,0,0,0,0,0,0,0,0,0,0,N,0,0,Y,0,0,0,0,0,0,0,0,0,1,0,0,Preliminary,Editor Mapped,584633.6308,2902979.1587,26.2439696025464,-80.1525813647652
26026310,2024,27-MAR-2024 10:19 AM,27-MAR-2024 12:00 AM,202405212,L,1,2,10,28,Broward,Coconut Creek,Urban,3/27/2024 10:20:00 AM,3/27/2024 10:21:00 AM,3/27/2024 10:26:00 AM,3/27/2024 11:15:00 AM,Y,Law Enforcement,COCONUT CREEK PKWY,,,,44,West,NW 39TH AV,,Local,Unpaved,T-Intersection,N,Daylight,Clear,Dry,N,Angle,Pedestrian,On Roadway,N,Non-Junction,None,,,Physical Obstruction(s),,,N,,,,,OFC,Coconut Creek Police Department,Police Department (PD),3/28/2024 7:19:00 PM,3/28/2024 7:19:00 PM,1,Y,Pedestrian,Pedestrian,Injury,Non-Incapacitating Injury,DAY,N,N,N,N,N,N,N,N,N,1,1,0,1,0,0,0,0,0,0,0,1,1,0,1,0,1,0,0,0,0,0,0,0,0,N,0,0,Y,0,0,1,0,0,0,1,2000,2000,0,0,0,Preliminary,Editor Mapped,582673.9998,2903071.5979,26.2449185819329,-80.1721951643522
26026520,2024,15-MAY-2024 05:31 PM,15-MAY-2024 12:00 AM,202408118,L,1,2,10,28,Broward,Coconut Creek,Urban,5/15/2024 5:31:00 PM,5/15/2024 5:32:00 PM,5/15/2024 5:32:00 PM,5/15/2024 6:38:00 PM,Y,Law Enforcement,COPANS RD,,,,0,,LYONS RD,,County,Curb,Four-Way Intersection,Y,Daylight,Clear,Dry,N,Other,Pedalcycle,On Roadway,N,Non-Junction,None,,,None,,,N,,,,,POLICE SERVICE AIDE,Coconut Creek Police Department,Police Department (PD),5/17/2024 7:33:00 PM,5/17/2024 7:33:00 PM,2,Y,Bicycle,Bicycle,Injury,Possible Injury,DAY,N,N,N,N,N,N,N,N,N,1,1,1,0,0,0,0,0,0,0,0,1,1,0,1,0,0,0,0,0,0,0,0,0,0,N,0,0,Y,0,0,0,0,0,0,1,2000,2000,1,0,0,Preliminary,Editor Mapped,581267.4251,2904716.3133,26.2598485608205,-80.1861744161606
26028004,2024,13-JUL-2024 03:51 PM,13-JUL-2024 12:00 AM,2024005847,S,1,2,15,32,Manatee,Bradenton,Urban,7/13/2024 3:51:00 PM,7/13/2024 3:51:00 PM,7/13/2024 3:51:00 PM,7/13/2024 3:51:00 PM,Y,Law Enforcement,SOUTHERN PKWY W,,27.473907,-82.596995,31,South,30TH AVE W,,Local,Unpaved,Not at Intersection,N,Daylight,Cloudy,Dry,N,,Pedestrian,On Roadway,N,Non-Junction,None,,,None,,,N,,,,,OFFICER,Bradenton Police Department,Police Department (PD),7/15/2024 7:30:00 PM,7/15/2024 7:30:00 PM,2,N,Pedestrian,Pedestrian,No Injury,No Injury,DAY,N,N,N,N,N,N,N,N,N,2,0,0,0,0,0,0,0,0,0,0,1,1,0,1,0,0,0,0,0,0,0,0,0,0,N,0,0,Y,0,0,0,0,0,0,1,0,0,0,0,0,Preliminary,Officer Mapped,342211.9285,3039940.6473,27.4739016428494,-82.5969919105795
26031034,2024,11-MAR-2024 07:19 AM,11-MAR-2024 12:00 AM,2024TA002895,L,1,2,7,54,Orange,Winter Park,Urban,3/11/2024 7:42:00 AM,3/11/2024 7:44:00 AM,3/11/2024 7:51:00 AM,3/11/2024 8:52:00 AM,Y,Law Enforcement,SUMMERFIELD RD,,28.58598,-81.319362,0,,GREENE DR,,Local,Curb,Four-Way Intersection,N,Dark - Lighted,Clear,Dry,N,,Other Non-Fixed Object,On Roadway,N,Intersection,None,,,None,,,N,,,,,PO,Winter Park Police Department,Police Department (PD),3/13/2024 10:35:00 PM,3/13/2024 10:35:00 PM,2,Y,Single Vehicle,Other,Injury,Possible Injury,DAY,N,N,N,Y,N,N,Y,N,N,1,1,1,0,0,0,0,0,0,0,0,1,1,0,1,0,0,0,0,0,0,0,0,0,0,N,0,0,Y,0,0,0,0,0,0,1,1000,1000,0,0,0,Preliminary,Editor Mapped,468771.2369,3162156.829,28.58596220239,-81.3193588438312
26031165,2024,22-APR-2024 08:30 AM,22-APR-2024 12:00 AM,2024TA004659,L,1,4,7,54,Orange,Winter Park,Urban,4/22/2024 9:09:00 AM,4/22/2024 9:13:00 AM,4/22/2024 9:21:00 AM,4/22/2024 10:30:00 AM,Y,Law Enforcement,DARCEY DR,,28.592147,-81.323754,0,,SELKIRK DR,,Local,Curb,Four-Way Intersection,N,Daylight,Clear,Dry,N,,Pedalcycle,On Roadway,N,Intersection,None,,,None,,,N,,,,,MPO,Winter Park Police Department,Police Department (PD),4/26/2024 7:28:00 PM,4/26/2024 7:28:00 PM,4,Y,Bicycle,Bicycle,Injury,Non-Incapacitating Injury,DAY,N,N,N,N,N,N,Y,N,N,3,1,0,1,0,0,0,0,0,0,0,1,1,0,1,1,0,2,0,0,0,0,0,0,0,N,0,0,Y,0,0,0,0,0,0,1,500,500,0,0,1,Preliminary,Editor Mapped,468343.222,3162842.844,28.5921440559235,-81.3237548217734
26031241,2024,16-MAY-2024 01:04 PM,16-MAY-2024 12:00 AM,2024TA005700,L,1,4,7,54,Orange,Winter Park,Urban,5/16/2024 1:04:00 PM,5/16/2024 1:05:00 PM,5/16/2024 1:09:00 PM,5/16/2024 2:20:00 PM,Y,Law Enforcement,ALOMA AVE,1901,28.600663,-81.327414,,,,,Parking Lot,Paved,Not at Intersection,N,Daylight,Clear,Dry,N,,Other Non-Fixed Object,In Parking Lane or Zone,N,Driveway/Alley Access Related,None,,,None,,,N,,,,,PO,Winter Park Police Department,Police Department (PD),5/23/2024 1:16:00 AM,5/23/2024 1:16:00 AM,7,Y,Single Vehicle,Other,Injury,Non-Incapacitating Injury,DAY,N,N,N,N,N,N,N,N,N,3,1,0,1,0,0,0,0,1,0,0,1,1,0,1,1,0,2,0,0,0,0,0,0,0,N,0,0,Y,0,0,0,0,0,0,0,0,0,1,0,0,Preliminary,Editor Mapped,467987.9577,3163787.0404,28.6006579928215,-81.3274144834127
26031972,2024,30-DEC-2024 09:52 PM,30-DEC-2024 12:00 AM,2024TA014974,L,1,2,7,54,Orange,Winter Park,Urban,12/30/2024 9:53:00 PM,12/30/2024 9:54:00 PM,12/30/2024 9:54:00 PM,12/30/2024 10:56:00 PM,Y,Law Enforcement,UNNAMED RD,520,28.603471,-81.362,37,East,,,Parking Lot,Paved,Not at Intersection,N,Dark - Lighted,Clear,Dry,N,,Other Non-Fixed Object,Off Roadway,N,Other,None,,,None,,,N,,,,,OFC,Winter Park Police Department,Police Department (PD),1/18/2025 7:25:00 PM,1/18/2025 7:25:00 PM,19,Y,Single Vehicle,Other,Injury,Possible Injury,NIGHT,N,N,N,N,N,N,N,N,N,1,1,1,0,0,0,0,0,0,0,0,1,1,0,1,0,0,0,0,0,0,0,0,0,0,N,0,0,Y,0,0,0,0,1,100,1,300,400,1,0,0,Preliminary,Officer Mapped,464607.5928,3164107.9128,28.6034664149315,-81.3619977468689
26037093,2024,02-DEC-2024 12:47 PM,02-DEC-2024 12:00 AM,240002627,L,1,2,5,30,Polk,Auburndale,Urban,12/2/2024 12:47:00 PM,12/2/2024 12:48:00 PM,12/2/2024 12:52:00 PM,12/2/2024 1:21:00 PM,Y,Law Enforcement,SR-544A,,28.055111,-81.784387,0,,BENNETT ST,,State,Unpaved,Four-Way Intersection,N,Daylight,Clear,Dry,N,,Pedestrian,On Roadway,N,Intersection,None,,,None,,,N,,,,,TRAFFIC CORPORAL,Auburndale Police Department,Police Department (PD),12/10/2024 8:09:00 PM,12/10/2024 8:09:00 PM,8,N,Pedestrian,Pedestrian,No Injury,No Injury,DAY,N,N,N,N,N,N,Y,N,N,2,0,0,0,0,0,0,0,0,0,0,1,1,0,1,0,0,0,0,0,0,0,0,0,0,N,0,0,Y,0,0,1,0,0,0,0,0,0,1,0,0,Preliminary,Editor Mapped,422914.6582,3103560.3817,28.0551550555215,-81.7843909130192
26041355,2024,03-SEP-2024 01:53 PM,03-SEP-2024 12:00 AM,2024-063788,L,1,2,23,50,Bay,Panama City,Urban,9/3/2024 1:54:00 PM,9/3/2024 1:54:00 PM,9/3/2024 2:01:00 PM,9/3/2024 2:01:00 PM,Y,Law Enforcement,KIRKLIN AVE,,30.167669,-85.636525,0,,CR-28,,County,Paved,Four-Way Intersection,N,Daylight,Clear,Dry,N,,Other Non-Collision,Shoulder,N,Intersection-Related,None,,,None,,,N,,,,,OFFICER,Panama City Police Department,Police Department (PD),9/5/2024 7:30:00 PM,9/5/2024 7:30:00 PM,2,Y,Single Vehicle,Other,Injury,Non-Incapacitating Injury,DAY,N,N,N,Y,N,N,Y,N,N,1,1,0,1,0,0,0,0,0,0,0,1,1,0,1,0,0,0,0,0,0,0,0,0,0,N,0,0,Y,0,0,0,0,0,0,0,0,0,1,0,0,Preliminary,Editor Mapped,53329.3558999998,3346458.4542,30.1676606704072,-85.636517359301
26044652,2024,03-SEP-2024 05:30 PM,03-SEP-2024 06:12 PM,SJSO24CAD196180,L,1,3,20,46,St. Johns,Ponte Vedra,Rural,9/3/2024 5:36:00 PM,9/3/2024 5:38:00 PM,9/3/2024 5:48:00 PM,9/3/2024 6:59:00 PM,Y,Law Enforcement,SRA1A NB,635,30.21378,-81.38079,263,South,EXECUTIVE WAY,,State,Paved,Other,N,Daylight,Cloudy,Dry,N,Other,Motor Vehicle in Transport,In Parking Lane or Zone,N,Intersection-Related,None,,,None,,,N,,,,,LE DEPUTY,St. Johns County Sheriff's Office,Sheriff's Office (SO),9/7/2024 7:26:00 PM,9/7/2024 7:26:00 PM,4,Y,Single Vehicle,Other,Injury,Non-Incapacitating Injury,DAY,N,N,N,N,N,N,Y,N,N,1,2,0,2,0,0,0,0,0,0,0,2,1,0,1,0,0,0,0,0,0,0,0,0,0,N,0,0,Y,0,0,0,0,1,100,1,5000,5100,0,0,0,Preliminary,Editor Mapped,463372.9259,3342537.3339,30.2137964619462,-81.380578082621
26045190,2024,02-FEB-2024 05:05 PM,02-FEB-2024 11:40 PM,SJSO24CAD024977,L,1,3,20,50,St. Johns,St. Augustine,Rural,2/2/2024 8:06:00 PM,2/2/2024 8:08:00 PM,2/2/2024 8:13:00 PM,2/2/2024 9:41:00 PM,Y,Law Enforcement,RIO SAN JUAN RD,,29.84765,-81.36653,,,SR 207,,Local,Curb,Not at Intersection,N,Dark - Lighted,Clear,Dry,N,"Sideswipe, Opposite Direction",Other Non-Fixed Object,On Roadway,N,Non-Junction,None,,,None,,,N,,,,,LE DEPUTY,St. Johns County Sheriff's Office,Sheriff's Office (SO),2/9/2024 7:33:00 PM,2/9/2024 7:33:00 PM,7,Y,Single Vehicle,Other,Serious Injury,Incapacitating Injury,DAY,N,N,N,N,N,N,N,Y,N,2,1,0,0,1,0,0,0,0,0,0,1,1,0,1,0,0,1,0,0,0,0,0,0,0,N,0,0,Y,1,0,1,0,1,500,1,200,700,1,0,0,Unmapped,Unmapped,,,,
26045796,2024,19-APR-2024 02:30 PM,19-APR-2024 03:02 PM,SJSO24CAD085930,L,1,2,20,0,St. Johns,Unincorporated,Rural,4/19/2024 2:39:00 PM,4/19/2024 2:41:00 PM,4/19/2024 2:48:00 PM,4/19/2024 3:25:00 PM,Y,Law Enforcement,DURBIN PARKE DRIVE,1165,30.12619,-81.61785,713,North,GRAND PARKE DRIVE,,Local,Curb,Not at Intersection,N,Daylight,Clear,Dry,N,Angle,Motor Vehicle in Transport,In Parking Lane or Zone,N,Driveway/Alley Access Related,None,,,None,,,N,,,,,LE DEPUTY,St. Johns County Sheriff's Office,Sheriff's Office (SO),4/21/2024 7:15:00 PM,4/21/2024 7:15:00 PM,2,Y,Single Vehicle,Other,Injury,Non-Incapacitating Injury,DAY,N,N,N,N,N,N,N,N,N,1,1,0,1,0,0,0,0,0,0,0,1,1,0,1,0,0,0,0,0,0,0,0,0,0,N,0,0,Y,0,0,1,0,1,50,1,5,55,1,0,0,Preliminary,Editor Mapped,440481.1417,3332930.5955,30.1262004063393,-81.6178876005479
26045878,2024,08-FEB-2024 10:00 AM,20-MAR-2024 06:37 PM,SJSO24CAD062447,S,1,2,20,46,St. Johns,Ponte Vedra,Rural,3/21/2024 1:21:00 PM,3/21/2024 1:21:00 PM,3/21/2024 1:21:00 PM,3/21/2024 1:37:00 PM,Y,Law Enforcement,A1A NORTH,280,30.23901,-81.38673,2078,South,DOLPHIN BLVD,,Parking Lot,Curb,Not at Intersection,N,Daylight,Clear,Dry,N,Other,Motor Vehicle in Transport,In Parking Lane or Zone,N,Intersection-Related,None,,,None,,,N,,,,,LE DEPUTY,St. Johns County Sheriff's Office,Sheriff's Office (SO),3/28/2024 7:19:00 PM,3/28/2024 7:19:00 PM,49,N,Single Vehicle,Other,No Injury,No Injury,DAY,N,N,N,N,N,N,Y,N,N,2,0,0,0,0,0,0,0,0,0,0,1,1,0,1,0,0,0,0,0,0,0,0,0,0,N,0,0,Y,0,0,1,0,1,50,1,7500,7550,0,0,0,Preliminary,Computer plot approximate by lat/long,462790.654,3345332.6863,30.2390042791953,-81.386726828412
26063064,2024,22-JAN-2024 02:04 PM,22-JAN-2024 12:00 AM,2024-003026,L,2,2,5,0,Polk,Unincorporated,Urban,1/22/2024 2:04:00 PM,1/22/2024 2:07:00 PM,1/22/2024 2:12:00 PM,1/22/2024 4:36:00 PM,Y,Law Enforcement,COMMONWEALTH AVE,,,,0,,PINE AVE,,Local,Paved,T-Intersection,Y,Daylight,Clear,Dry,N,Other,Motor Vehicle in Transport,On Roadway,N,Intersection,None,,,None,,,N,,,,,,Polk County Sheriff's Office,Sheriff's Office (SO),2/3/2024 7:18:00 PM,2/3/2024 7:18:00 PM,12,Y,Other,Other,Serious Injury,Incapacitating Injury,DAY,N,N,N,N,N,N,Y,N,N,1,1,0,0,1,0,0,0,0,0,1,1,1,0,1,1,0,0,0,0,0,0,0,0,0,N,0,0,Y,1,0,0,0,0,0,2,1000,1000,1,0,0,Verified,n/a,418457.6913,3117328.7776,28.1791647045515,-81.8306967803542
26069164,2024,11-MAY-2024 09:10 AM,11-MAY-2024 12:00 AM,20240008169,L,1,2,6,94,Palm Beach,West Palm Beach,Urban,5/11/2024 9:10:00 AM,5/11/2024 9:18:00 AM,5/11/2024 9:22:00 AM,5/11/2024 9:40:00 AM,Y,Law Enforcement,BRANDYWINE RD,,,,21,West,VILLAGE BLVD,,Local,Curb,T-Intersection,N,Daylight,Clear,Dry,N,Angle,Motor Vehicle in Transport,On Roadway,N,Driveway/Alley Access Related,None,,,None,,,N,,,,,OFFICER,West Palm Beach Police Department,Police Department (PD),5/21/2024 8:11:00 PM,5/21/2024 8:11:00 PM,10,Y,Single Vehicle,Other,Serious Injury,Incapacitating Injury,DAY,N,N,N,N,N,N,N,N,N,1,1,0,0,1,0,0,0,0,0,0,1,1,0,1,0,0,0,0,0,0,0,0,0,0,N,0,0,Y,1,0,0,0,0,0,1,500,500,1,0,0,Preliminary,Editor Mapped,589655.1241,2955180.502,26.7149453459855,-80.0986408285477
26072201,2024,19-FEB-2024 06:47 PM,19-FEB-2024 12:00 AM,24-009760,L,1,2,1,58,Miami-Dade,Homestead,Urban,2/19/2024 6:47:00 PM,2/19/2024 6:50:00 PM,2/19/2024 6:52:00 PM,2/19/2024 7:50:00 PM,Y,Law Enforcement,OLD DIXIE HWY,,25.483199,-80.46366,661,South,NE 15TH ST,,Local,Paved,Not at Intersection,N,Dark - Lighted,Clear,Dry,N,,Pedestrian,On Roadway,N,Non-Junction,None,,,None,,,N,,,,,OFC,Homestead Police Department,Police Department (PD),3/21/2024 7:25:00 PM,3/21/2024 7:25:00 PM,31,Y,Pedestrian,Pedestrian,Injury,Non-Incapacitating Injury,DAY,N,N,N,N,N,N,N,N,N,1,1,0,1,0,0,0,0,0,0,0,1,1,0,1,0,0,0,0,0,0,0,0,0,0,N,0,0,Y,0,0,0,0,0,0,1,1000,1000,1,0,0,Preliminary,Editor Mapped,553909.0724,2818561.5722,25.4831952022884,-80.4636575913607
26075104,2024,15-MAR-2024 07:45 PM,15-MAR-2024 12:00 AM,202400112317,S,1,1,40,0,Hernando,Unincorporated,Rural,3/15/2024 7:50:00 PM,3/15/2024 7:50:00 PM,3/15/2024 7:57:00 PM,3/15/2024 8:50:00 PM,Y,Law Enforcement,CORTEZ BLVD,,28.534992,-82.595248,1085,North,MORNINGVIEW ST,,State,Unpaved,Not at Intersection,N,Dusk,Clear,Dry,N,,Pedestrian,On Roadway,N,Non-Junction,None,,,None,,,N,,,,,DEPUTY,Hernando County Sheriff's Office,Sheriff's Office (SO),3/17/2024 7:12:00 PM,3/17/2024 7:12:00 PM,2,Y,Pedestrian,Pedestrian,No Injury,No Injury,NIGHT,N,N,N,N,N,Y,N,N,N,1,0,0,0,0,0,0,0,0,0,0,1,1,0,0,0,0,0,0,0,0,0,0,0,0,N,0,0,Y,0,0,0,0,0,0,0,0,0,0,0,0,Preliminary,Officer Mapped,343921.9666,3157506.0106,28.5349867470936,-82.5952443629799
26078792,2024,08-JUN-2024 06:16 PM,08-JUN-2024 12:00 AM,292406001345,L,1,2,10,52,Broward,Lauderhill,Urban,6/8/2024 6:16:00 PM,6/8/2024 6:16:00 PM,6/8/2024 6:20:00 PM,6/8/2024 7:00:00 PM,Y,Law Enforcement,NW 49TH AV,,,,0,,NW 14TH ST,,Local,Unpaved,Four-Way Intersection,N,Daylight,Clear,Dry,N,Angle,Pedestrian,On Roadway,N,Non-Junction,None,,,None,,,N,,,,,,Lauderhill Police Department,Police Department (PD),6/24/2024 7:15:00 PM,6/24/2024 7:15:00 PM,16,Y,Pedestrian,Pedestrian,Injury,Non-Incapacitating Injury,DAY,N,N,N,N,N,N,N,N,N,1,1,0,1,0,0,0,0,0,0,0,1,1,0,1,0,0,0,0,0,0,0,0,0,0,N,0,0,Y,0,0,0,0,1,255,1,500,755,0,0,0,Preliminary,Editor Mapped,578477.7453,2891771.0478,26.1431244946773,-80.2148929078655
26078948,2024,03-JUL-2024 06:00 PM,03-JUL-2024 12:00 AM,292407000549,L,1,1,10,52,Broward,Lauderhill,Urban,7/3/2024 6:28:00 PM,7/3/2024 6:29:00 PM,7/3/2024 6:46:00 PM,7/3/2024 8:28:00 PM,N,Law Enforcement,NW 47TH AV,,,,0,,NW 11TH ST,,Local,Paved,T-Intersection,N,Daylight,Clear,Dry,N,Other,Motor Vehicle in Transport,On Roadway,N,Intersection,None,,,None,,,N,,,,,,Lauderhill Police Department,Police Department (PD),7/15/2024 7:30:00 PM,7/15/2024 7:30:00 PM,12,Y,Single Vehicle,Other,Injury,Possible Injury,DAY,N,N,N,N,N,Y,Y,N,N,0,1,1,0,0,0,0,0,0,0,0,1,1,0,0,0,0,0,0,0,0,0,0,0,0,N,0,0,Y,0,0,0,0,0,0,0,0,0,1,0,0,Preliminary,Editor Mapped,578695.1904,2891221.9501,26.1381549148633,-80.2127509608475
26079052,2024,21-JUL-2024 05:02 PM,22-JUL-2024 12:00 AM,292407004049,L,1,2,10,52,Broward,Lauderhill,Urban,7/21/2024 5:00:00 PM,7/21/2024 5:05:00 PM,7/21/2024 5:09:00 PM,7/21/2024 6:00:00 PM,Y,Law Enforcement,N UNIVERSITY DR,,,,146,North,NW 50TH ST,,Local,Paved,Not at Intersection,N,Daylight,Clear,Dry,N,Other,Motor Vehicle in Transport,On Roadway,N,Non-Junction,None,,,None,,,N,,,,,,Lauderhill Police Department,Police Department (PD),8/1/2024 7:25:00 PM,8/1/2024 7:25:00 PM,11,Y,Single Vehicle,Other,Injury,Possible Injury,DAY,N,N,N,N,N,N,N,N,N,1,1,1,0,0,0,0,0,0,0,0,1,1,0,1,1,0,0,0,0,0,0,0,0,0,N,0,0,Y,0,0,1,0,0,0,1,1000,1000,1,0,0,Preliminary,Editor Mapped,574728.8556,2896777.879,26.1885300718583,-80.2521066196048
26080796,2024,16-MAY-2024 04:03 PM,16-MAY-2024 12:00 AM,2422290,L,1,2,23,62,Bay,Panama City Beach,Urban,5/16/2024 4:03:00 PM,5/16/2024 4:05:00 PM,5/16/2024 4:06:00 PM,5/16/2024 4:30:00 PM,Y,Law Enforcement,US HWY 98 ALTERNATE,14700,,,0,,,,U.S.,Paved,T-Intersection,N,Daylight,Clear,Dry,N,Angle,Motor Vehicle in Transport,On Roadway,N,Non-Junction,None,None,None,None,None,None,N,,,,,OFFICER,Panama City Beach Police Department,Police Department (PD),5/23/2024 1:15:00 AM,5/23/2024 1:15:00 AM,7,Y,Single Vehicle,Other,Injury,Possible Injury,DAY,N,N,N,N,N,N,N,N,N,1,1,1,0,0,0,0,0,0,0,0,1,1,0,1,0,0,0,0,0,0,0,0,0,0,N,0,0,Y,0,0,0,0,0,0,0,0,0,1,0,0,Preliminary,Editor Mapped,19208.4746000003,3359788.9296,30.2745198244776,-85.9956793363741
26081172,2024,03-JUL-2024 04:46 PM,03-JUL-2024 12:00 AM,2429629,L,1,2,23,62,Bay,Panama City Beach,Urban,7/3/2024 4:46:00 PM,7/3/2024 4:48:00 PM,7/3/2024 4:51:00 PM,7/3/2024 5:00:00 PM,Y,Law Enforcement,RICHARD JACKSON BOULEVARD,,,,207,West,THE CLUB APPARTMENTS,,Local,Paved,Not at Intersection,N,Daylight,Clear,Dry,N,Other,Motor Vehicle in Transport,On Roadway,N,Non-Junction,None,None,None,None,None,None,N,,,,,OFFICER,Panama City Beach Police Department,Police Department (PD),7/5/2024 7:22:00 PM,7/5/2024 7:22:00 PM,2,Y,Single Vehicle,Other,Injury,Non-Incapacitating Injury,DAY,N,N,N,Y,N,N,N,N,N,1,1,0,1,0,0,0,0,0,0,0,1,1,0,1,1,0,0,0,0,0,0,0,0,0,N,0,0,Y,0,0,0,0,0,0,1,500,500,0,0,0,Preliminary,Editor Mapped,35751.8574000001,3349103.3815,30.1848755375197,-85.8196045536722
26082448,2024,19-JAN-2024 05:03 PM,19-JAN-2024 12:00 AM,2024011918,L,1,2,1,82,Miami-Dade,North Miami Beach,Urban,1/19/2024 5:03:00 PM,1/19/2024 5:05:00 PM,1/19/2024 5:07:00 PM,1/19/2024 6:00:00 PM,Y,Law Enforcement,US-1,,,,,,NE 161 ST,,U.S.,Paved,Not at Intersection,N,Daylight,Clear,Dry,N,Angle,Motor Vehicle in Transport,On Roadway,N,Non-Junction,None,,,None,,,N,,,,,COMMUNITY SERVICE OFFICER,North Miami Beach Police Department,Police Department (PD),1/21/2024 7:10:00 PM,1/21/2024 7:10:00 PM,2,Y,Single Vehicle,Other,Injury,Non-Incapacitating Injury,DAY,N,N,N,N,N,N,N,N,N,1,1,0,1,0,0,0,0,0,0,0,1,1,0,1,1,0,0,0,0,0,0,0,0,0,N,0,0,Y,0,0,1,0,1,1500,1,500,2000,0,0,0,Preliminary,Editor Mapped,580114.9175,2867300.6402,25.922092605498,-80.2000156892866
26082550,2024,07-FEB-2024 05:05 PM,13-MAY-2024 12:00 AM,2024020715,L,1,5,1,82,Miami-Dade,North Miami Beach,Urban,2/7/2024 5:05:00 PM,2/7/2024 5:34:00 PM,2/7/2024 5:59:00 PM,2/7/2024 6:25:00 PM,Y,Law Enforcement,NE 163 ST,3363,,,116,East,,,Local,Curb,Other,N,Daylight,Clear,Dry,N,Other,Pedestrian,On Roadway,N,Non-Junction,None,,,None,,,N,,,,,POLICE OFFICER,North Miami Beach Police Department,Police Department (PD),2/9/2024 7:33:00 PM,5/23/2024 7:24:00 PM,2,N,Pedestrian,Pedestrian,No Injury,No Injury,DAY,N,N,N,N,N,N,N,N,N,5,0,0,0,0,0,0,0,0,0,0,2,1,1,1,0,0,2,0,0,0,0,0,0,0,Y,0,0,Y,0,0,1,0,0,0,1,500,500,0,0,0,Preliminary,Editor Mapped,586520.2145,2868034.8709,25.9283547907592,-80.1360130985144
26083159,2024,04-JUN-2024 02:37 PM,04-JUN-2024 12:00 AM,2024060415,L,1,3,1,82,Miami-Dade,North Miami Beach,Urban,6/4/2024 2:37:00 PM,6/4/2024 2:38:00 PM,6/4/2024 2:42:00 PM,6/4/2024 2:52:00 PM,Y,Motorist,NE 167 ST,,,,301,West,NE 8 AV,,State,Curb,T-Intersection,N,Daylight,Clear,Dry,N,Angle,Pedalcycle,Off Roadway,N,Non-Junction,None,,,None,,,N,,,,,POLICE OFFICER,North Miami Beach Police Department,Police Department (PD),6/7/2024 7:25:00 PM,6/7/2024 7:25:00 PM,3,Y,Bicycle,Bicycle,Injury,Possible Injury,DAY,N,N,N,N,N,N,N,N,N,2,1,1,0,0,0,0,0,0,0,0,1,1,0,1,0,0,1,0,0,0,0,0,0,0,N,0,0,Y,0,0,0,0,0,0,1,100,100,1,0,0,Preliminary,Editor Mapped,581782.6554,2868059.0542,25.9288474785987,-80.1833167001592
26084721,2024,08-MAY-2024 09:08 AM,08-MAY-2024 12:00 AM,202400022518,L,1,2,1,78,Miami-Dade,North Bay Village,Urban,5/8/2024 9:10:00 AM,5/8/2024 9:10:00 AM,5/8/2024 9:13:00 AM,5/8/2024 9:55:00 AM,N,Law Enforcement,79TH ST CSWY,,25.84856,-80.145901,166,East,E TREASURE DR,,State,Curb,Not at Intersection,N,Daylight,Clear,Dry,N,,Pedalcycle,On Roadway,N,Non-Junction,None,,,None,,,N,,,,,OFC,North Bay Village Police Department,Police Department (PD),5/29/2024 7:45:00 PM,5/29/2024 7:45:00 PM,21,Y,Bicycle,Bicycle,Injury,Non-Incapacitating Injury,DAY,N,N,N,N,N,Y,N,N,N,0,1,0,1,0,0,0,0,0,0,0,1,1,0,1,0,0,0,0,0,0,0,0,0,0,N,0,0,Y,0,0,0,0,0,0,0,0,0,1,0,0,Preliminary,Editor Mapped,585587.2556,2859190.4906,25.8485542012843,-80.1459035839349
26086578,2024,12-FEB-2024 10:03 AM,12-FEB-2024 12:00 AM,24001963,L,1,2,6,40,Palm Beach,Delray Beach,Urban,2/12/2024 10:03:00 AM,2/12/2024 10:04:00 AM,2/12/2024 10:15:00 AM,2/12/2024 10:52:00 AM,Y,Law Enforcement,SR 806 (W ATLANTIC AVE),5020,,,,,,,Parking Lot,Curb,Not at Intersection,N,Daylight,Cloudy,Dry,N,,Pedestrian,Off Roadway,N,Driveway/Alley Access Related,None,,,None,,,N,,,,,COMMUNITY SERVICE OFFICER,Delray Beach Police Department,Police Department (PD),2/13/2024 7:53:00 PM,2/13/2024 7:53:00 PM,1,Y,Pedestrian,Pedestrian,Serious Injury,Incapacitating Injury,DAY,N,N,N,N,N,N,N,N,N,1,1,0,0,1,0,0,0,0,0,0,1,1,0,1,0,0,0,0,0,0,0,0,0,0,N,0,0,Y,1,0,0,0,1,1,0,0,1,1,0,0,Verified,n/a,587454.0589,2926530.0831,26.4564265114751,-80.122741098056
26087861,2024,28-JUN-2024 10:26 AM,28-JUN-2024 12:00 AM,24008613,L,1,3,6,40,Palm Beach,Delray Beach,Urban,6/28/2024 10:02:00 AM,6/28/2024 10:02:00 AM,6/28/2024 10:02:00 AM,6/28/2024 10:40:00 AM,Y,Motorist,BARWICK RD,,,,0,,LAKE IDA RD,,Local,Paved,Four-Way Intersection,Y,Daylight,Clear,Dry,N,Angle,Pedestrian,On Roadway,N,Intersection-Related,"Traffic Control Device Inoperative, Missing or Obscured",,,None,,,N,,,,,OFFICER,Delray Beach Police Department,Police Department (PD),7/2/2024 7:59:00 PM,7/2/2024 7:59:00 PM,4,Y,Pedestrian,Pedestrian,Injury,Non-Incapacitating Injury,DAY,N,N,N,N,N,N,Y,N,N,2,1,0,1,0,0,0,0,0,0,0,1,1,0,1,1,0,1,0,0,0,0,0,0,0,N,0,0,Y,0,0,1,0,1,800,1,1000,1800,1,0,0,Preliminary,Editor Mapped,588281.7935,2928353.0942,26.4728337881211,-80.1143128425162
