REPORT_NUMBER,CRASH_YEAR,PERSON_NUMBER,LOCATION_AT_TIME_OF_CRASH_CODE,ACTION_PRIOR_TO_CRASH_CODE,NON_MOTORIST_DESCRIPTION_CODE,CITY,STATE,ZIP_CODE,SEX,SUSPECTED_ALCOHOL_USE_CODE,ALCOHOL_TESTED_CODE,ALCOHOL_TEST_TYPE_CODE,ALCOHOL_TEST_RESULT,BLOOD_ALCOHOL_CONTENT,SUSPECTED_DRUG_USE_CODE,DRUG_TESTED_CODE,DRUG_TEST_TYPE_CODE,DRUG_TEST_RESULT,INJURY_SEVERITY,EMS_TRANSPORT_TYPE,NON_MOTORIST_ACTIONS_CIRCUMSTANCES_1,NON_MOTORIST_ACTIONS_CIRCUMSTANCES_2,SAFETY_EQUIPMENT_CODE_1,SAFETY_EQUIPMENT_CODE_2,S4_AGE_AT_TIME_OF_CRASH,S4_IS_ALCOHOL_RELATED,S4_IS_DRUG_RELATED,S4_IS_AGING,S4_IS_TEENAGER
25930349,2024,2,Intersection - Marked Crosswalk,Crossing Roadway,Other Cyclist,MIAMI BEACH,FL,33139,Male,N,,,,,N,,,,Non-Incapacitating,EMS,No Improper Action,,None,,27,N,N,N,N
25930349,2024,3,Intersection - Marked Crosswalk,Crossing Roadway,Other Cyclist,MIAMI BEACH,FL,33139,Female,N,,,,,N,,,,Non-Incapacitating,EMS,No Improper Action,,None,,24,N,N,N,N
25930492,2024,2,Bicycle Lane,Crossing Roadway,Other Cyclist,MIAMI BEACH,FL,33139,Male,N,,,,,N,,,,Non-Incapacitating,Not Transported,No Improper Action,,None,,16,N,N,N,Y
25931355,2024,2,Intersection - Marked Crosswalk,Walking/Cycling Along Roadway With Traffic,Other Cyclist,MIAMI BEACH,FL,33139,Male,N,,,,,N,,,,Non-Incapacitating,Not Transported,No Improper Action,,None,,52,N,N,N,N
25931775,2024,2,Sidewalk,Walking/Cycling on Sidewalk,Other Cyclist,MIAMI,FL,33131,Female,N,,,,,N,,,,Possible,Not Transported,No Improper Action,,None,,27,N,N,N,N
25932614,2024,2,Intersection - Marked Crosswalk,Crossing Roadway,Other Cyclist,MIAMI BEACH,FL,33139,Male,N,,,,,N,,,,Possible,Not Transported,No Improper Action,,Helmet,,31,N,N,N,N
25938658,2024,2,Sidewalk,Walking/Cycling on Sidewalk,Other Cyclist,SARASOTA,,34233,Male,N,,,,,N,,,,None,Not Transported,No Improper Action,No Improper Action,Helmet,Protective Pads,82,N,N,Y,N
25939073,2024,2,Intersection - Marked Crosswalk,Crossing Roadway,Other Cyclist,SARASOTA,,34232,Male,N,,,,,N,,,,Non-Incapacitating,EMS,No Improper Action,,None,,14,N,N,N,N
25941059,2024,1,Intersection - Other,Adjacent to Roadway,Other Cyclist,SARASOTA,,34237,Female,N,,,,,N,,,,None,Not Transported,Dart/Dash,Wrong-Way Riding or Walking,None,,25,N,N,N,N
25951777,2024,2,Intersection - Marked Crosswalk,Crossing Roadway,Other Cyclist,CORAL SPRINGS,FL,33065,,N,,,,,N,,,,Incapacitating,Not Transported,No Improper Action,,None,,,N,N,N,N
25959862,2024,2,Intersection - Unmarked Crosswalk,Crossing Roadway,Other Cyclist,ST. PETERSBURG,FL,33709,Male,N,,,,,N,,,,None,Not Transported,No Improper Action,,None,,65,N,N,Y,N
26010489,2024,2,Intersection - Other,Walking/Cycling Along Roadway Against Traffic,Other Cyclist,DANIA BEACH,FL,33004,,N,,,,,N,,,,Non-Incapacitating,EMS,"Failure to Obey Traffic Signs, Signals, or Officer",Wrong-Way Riding or Walking,None,,,N,N,N,N
26010489,2024,3,Other,Other,Other Cyclist,DANIA BEACH,FL,33004,,N,,,,,N,,,,Non-Incapacitating,EMS,No Improper Action,,None,,,N,N,N,N
26087861,2024,2,Intersection - Marked Crosswalk,Crossing Roadway,Other Cyclist,DELRAY BEACH,FL,33445,,N,,,,,N,,,,Non-Incapacitating,EMS,"Failure to Obey Traffic Signs, Signals, or Officer",,None,,,N,N,N,N
25931693,2024,1,Travel Lane - Other Location,Other,Other Cyclist,MIAMI BEACH,FL,33139,Female,N,,,,,N,,,,Possible,EMS,Failure to Yield Right-of-Way,,None,,0,N,N,N,N
25933017,2024,1,Intersection - Other,In Roadway - Other,Other Cyclist,MIAMI,FL,33137,Female,N,,,,,N,,,,Incapacitating,EMS,Failure to Yield Right-of-Way,,None,,38,N,N,N,N
25939834,2024,2,Sidewalk,Walking/Cycling on Sidewalk,Other Cyclist,SARASOTA,,34237,Female,N,,,,,N,,,,Possible,Not Transported,No Improper Action,,None,,34,N,N,N,N
25940038,2024,2,Bicycle Lane,Walking/Cycling Along Roadway Against Traffic,Other Cyclist,SARASOTA,,34232,Male,N,,,,,N,,,,Non-Incapacitating,Not Transported,No Improper Action,,Helmet,,38,N,N,N,N
25940962,2024,2,Intersection - Marked Crosswalk,Crossing Roadway,Other Cyclist,SARASOTA,,34233,Female,N,,,,,N,,,,Possible,Not Transported,Unknown,,None,,38,N,N,N,N
25941282,2024,2,Shoulder/Roadside,Walking/Cycling Along Roadway With Traffic,Other Cyclist,SARASOTA,,34232,Male,N,,,,,N,,,,Non-Incapacitating,Not Transported,Unknown,,None,,39,N,N,N,N
25941463,2024,1,Intersection - Other,Crossing Roadway,Other Cyclist,SARASOTA,,34234,Male,N,,,,,N,,,,Incapacitating,EMS,"Failure to Obey Traffic Signs, Signals, or Officer",Dart/Dash,None,,8,N,N,N,N
25942532,2024,3,Intersection - Marked Crosswalk,Crossing Roadway,Other Cyclist,WINTER SPRINGS,FL,32708,Male,N,,,,,N,,,,None,Not Transported,"Failure to Obey Traffic Signs, Signals, or Officer",,None,,12,N,N,N,N
25951762,2024,2,Sidewalk,Walking/Cycling on Sidewalk,Other Cyclist,CORAL SPRINGS,FL,33065,,N,,,,,N,,,,None,Not Transported,Other,,None,,,N,N,N,N
26005189,2024,2,Intersection - Marked Crosswalk,Crossing Roadway,Other Cyclist,POMPANO BEACH,FL,33060,,N,,,,,N,,,,Possible,Not Transported,No Improper Action,,None,,,N,N,N,N
25951866,2024,2,Driveway Access,Walking/Cycling on Sidewalk,Other Cyclist,CORAL SPRINGS,FL,33065,,N,,,,,N,,,,Incapacitating,EMS,Wrong-Way Riding or Walking,Inattentive,None,,,N,N,N,N
25951951,2024,2,Intersection - Marked Crosswalk,Walking/Cycling Along Roadway Against Traffic,Other Cyclist,CORAL SPRINGS,FL,33076,,N,,,,,N,,,,Non-Incapacitating,Not Transported,No Improper Action,,Helmet,,,N,N,N,N
25952083,2024,2,Intersection - Unmarked Crosswalk,Walking/Cycling on Sidewalk,Other Cyclist,CORAL SPRINGS,FL,33071,,N,,,,,N,,,,Possible,Not Transported,No Improper Action,,None,,,N,N,N,N
25952692,2024,2,Intersection - Marked Crosswalk,Walking/Cycling on Sidewalk,Bicyclist,CORAL SPRINGS,FL,33065,,N,,,,,N,,,,None,Not Transported,Other,,None,,,N,N,N,N
25952692,2024,3,Intersection - Marked Crosswalk,Walking/Cycling on Sidewalk,Other Cyclist,CORAL SPRINGS,FL,33065,,N,,,,,N,,,,Incapacitating,EMS,Other,,None,,,N,N,N,N
25952693,2024,1,Intersection - Marked Crosswalk,Walking/Cycling on Sidewalk,Other Cyclist,CORAL SPRINGS,FL,33065,,N,,,,,N,,,,Possible,Not Transported,Wrong-Way Riding or Walking,Wrong-Way Riding or Walking,None,,,N,N,N,N
25953025,2024,2,Intersection - Other,Walking/Cycling Along Roadway With Traffic,Other Cyclist,CORAL SPRINGS,FL,33065,,N,,,,,N,,,,Possible,Not Transported,No Improper Action,,None,,,N,N,N,N
25954021,2024,2,Intersection - Marked Crosswalk,Crossing Roadway,Other Cyclist,CORAL SPRINGS,FL,33065,,N,,,,,N,,,,Incapacitating,EMS,No Improper Action,,None,,,N,N,N,N
25959659,2024,2,Intersection - Unmarked Crosswalk,Crossing Roadway,Other Cyclist,GULFPORT,FL,33711,Male,N,,,,,N,,,,Non-Incapacitating,EMS,No Improper Action,,None,,42,N,N,N,N
25959902,2024,2,Sidewalk,Walking/Cycling on Sidewalk,Other Cyclist,ST PETERSBURG,FL,33714,Male,N,,,,,N,,,,Possible,EMS,No Improper Action,,None,,30,N,N,N,N
25960646,2024,3,Intersection - Unmarked Crosswalk,Walking/Cycling on Sidewalk,Other Cyclist,ST PETERSBURG,FL,33705,Female,N,,,,,N,,,,Possible,Not Transported,No Improper Action,,None,,26,N,N,N,N
25960646,2024,4,Intersection - Marked Crosswalk,Walking/Cycling on Sidewalk,Other Cyclist,SAINT PETERSBURG,FL,33705,Male,N,,,,,N,,,,Possible,EMS,No Improper Action,,None,,7,N,N,N,N
25960663,2024,3,Intersection - Marked Crosswalk,Other,Other Cyclist,SAINT PETERSBURG,FL,33707,Female,N,,,,,N,,,,None,Not Transported,No Improper Action,,None,,41,N,N,N,N
25960843,2024,2,Bicycle Lane,None,Other Cyclist,ST PETERSBURG,FL,33701,Female,N,,,,,N,,,,Possible,EMS,No Improper Action,,None,,67,N,N,Y,N
25961252,2024,2,Other,Other,Other Cyclist,ST PETERSBURG,FL,33703,Female,N,,,,,N,,,,None,Not Transported,Other,,None,,58,N,N,N,N
25962170,2024,3,Intersection - Other,Other,Other Cyclist,ST PETERSBURG,FL,33709,Male,N,,,,,N,,,,Possible,EMS,Other,,None,,59,N,N,N,N
25962320,2024,2,Sidewalk,Walking/Cycling on Sidewalk,Other Cyclist,ST PETERSBURG,FL,33713,Male,N,,,,,N,,,,Non-Incapacitating,Not Transported,No Improper Action,,None,,42,N,N,N,N
25963023,2024,2,Bicycle Lane,Walking/Cycling Along Roadway With Traffic,Other Cyclist,ST. PETERSBURG,FL,33712,Male,N,,,,,N,,,,Non-Incapacitating,Not Transported,Improper Passing,,None,,30,N,N,N,N
25964227,2024,2,Unknown,Crossing Roadway,Other Cyclist,ST PETERSBURG,FL,33704,Male,N,,,,,N,,,,Non-Incapacitating,Not Transported,Unknown,,None,,26,N,N,N,N
25968186,2024,2,Other,Other,Other Cyclist,MIAMI,FL,33069,Female,N,,,,,N,,,,Non-Incapacitating,Not Transported,No Improper Action,,None,,14,N,N,N,N
25968186,2024,3,Other,None,Unknown Type of Non-Motorist,MIAMI,FL,33167,Female,N,,,,,N,,,,None,Not Transported,No Improper Action,,None,,34,N,N,N,N
25971120,2024,2,Intersection - Unmarked Crosswalk,Walking/Cycling on Sidewalk,Other Cyclist,ST. PETERSBURG,FL,33710,,N,,,,,N,,,,Possible,EMS,Failure to Yield Right-of-Way,,None,,,N,N,N,N
25971212,2024,2,Bicycle Lane,Walking/Cycling Along Roadway Against Traffic,Other Cyclist,LARGO,FL,33770,,N,,,,,N,,,,Non-Incapacitating,Not Transported,Wrong-Way Riding or Walking,,None,,,N,N,N,N
25972187,2024,2,Sidewalk,Walking/Cycling on Sidewalk,Other Cyclist,CLEARWATER,FL,33764,,N,,,,,N,,,,Non-Incapacitating,EMS,No Improper Action,,None,,,N,N,N,N
25972217,2024,2,Intersection - Other,Walking/Cycling Along Roadway With Traffic,Other Cyclist,CLEARWATER,FL,33760,,N,,,,,N,,,,Non-Incapacitating,Not Transported,Other,,None,,,N,N,N,N
25973919,2024,2,Intersection - Marked Crosswalk,Other,Other Cyclist,HAINES CITY,,33844,Male,N,,,,,N,,,,Non-Incapacitating,EMS,"Failure to Obey Traffic Signs, Signals, or Officer",,None,,62,N,N,N,N
25975765,2024,1,Shoulder/Roadside,Walking/Cycling Along Roadway With Traffic,Other Cyclist,DAYTONA BEACH,FL,32114,Male,,"Unknown, if Tested",Other,Unknown,,,"Unknown, if Tested",,,Fatal (within 30 days),Other,No Improper Action,,None,,39,N,N,N,N
25975918,2024,2,Travel Lane - Other Location,Crossing Roadway,Other Cyclist,NEW SMYRNA BEACH,FL,32169,Male,N,,,,,N,,,,Possible,Not Transported,No Improper Action,,None,,72,N,N,Y,N
25977890,2024,2,Intersection - Marked Crosswalk,Crossing Roadway,Other Cyclist,PORT ORANGE,FL,32127,Male,N,,,,,N,,,,Possible,Not Transported,Other,,None,,14,N,N,N,N
25978627,2024,2,Bicycle Lane,Walking/Cycling Along Roadway Against Traffic,Other Cyclist,PORT ORANGE,FL,32127,Male,N,,,,,N,,,,Possible,Not Transported,Wrong-Way Riding or Walking,,None,,14,N,N,N,N
25978714,2024,1,Non-Trafficway Area,Other,Other Cyclist,PORT ORANGE,FL,32114,Male,N,,,,,N,,,,None,Not Transported,No Improper Action,,None,,30,N,N,N,N
25978714,2024,2,Other,None,Occupant of Motor Vehicle Not in Transport,PORT ORANGE,FL,32129,Female,N,,,,,N,,,,None,Not Transported,No Improper Action,,None,,57,N,N,N,N
25982686,2024,2,Other,Other,Other Cyclist,ALTAMONTE SPRINGS,FL,32701,Male,N,,,,,N,,,,Possible,Other,Other,,None,,58,N,N,N,N
25982835,2024,2,Intersection - Marked Crosswalk,Crossing Roadway,Other Cyclist,ORLANDO,FL,32805,Male,N,,,,,N,,,,None,EMS,No Improper Action,,None,,35,N,N,N,N
25982903,2024,3,Sidewalk,Other,Bicyclist,ALTAMONTE SPRINGS,FL,32701,Male,N,,,,,N,,,,None,EMS,No Improper Action,,None,,43,N,N,N,N
25982903,2024,4,Sidewalk,Other,Other Cyclist,ALTAMONTE SPRINGS,FL,32701,Male,N,,,,,N,,,,Possible,EMS,No Improper Action,,None,,9,N,N,N,N
25986180,2024,2,Travel Lane - Other Location,In Roadway - Other,Other Cyclist,PLANT CITY,FL,33566,Male,N,,,,,N,,,,Incapacitating,EMS,Not Visible,,None,,26,N,N,N,N
25987238,2024,2,Intersection - Marked Crosswalk,Crossing Roadway,Other Cyclist,LAKE CITY,FL,32055,Male,N,Test Not Given,,,,N,Test Not Given,,,Possible,EMS,No Improper Action,,None,,29,N,N,N,N
25987890,2024,3,Intersection - Marked Crosswalk,Crossing Roadway,Other Cyclist,LAKE BUTLER,FL,32054,Male,N,Test Not Given,,,,N,Test Not Given,,,Possible,EMS,"Failure to Obey Traffic Signs, Signals, or Officer",,Helmet,None,30,N,N,N,N
25991552,2024,2,Shoulder/Roadside,Crossing Roadway,Other Cyclist,CAPE CORAL,FL,33990,,N,,,,,N,,,,None,EMS,Unknown,,None,,,N,N,N,N
25991702,2024,2,Non-Trafficway Area,In Roadway - Other,Other Cyclist,CAPE CORAL,FL,33990,,N,,,,,N,,,,None,Not Transported,Dart/Dash,Other,None,,,N,N,N,N
25991702,2024,3,Driveway Access,In Roadway - Other,Other Cyclist,CAPE CORAL,FL,33990,,N,,,,,N,,,,None,Not Transported,Dart/Dash,Other,None,,,N,N,N,N
26004111,2024,2,Other,Crossing Roadway,Other Cyclist,POMPANO BEACH,FL,33069,,N,,,,,N,,,,Possible,Not Transported,No Improper Action,,None,,,N,N,N,N
26005537,2024,2,Intersection - Other,Walking/Cycling Along Roadway With Traffic,Other Cyclist,POMPANO BEACH,FL,33064,,N,,,,,N,,,,Possible,EMS,No Improper Action,,None,Lighting,,N,N,N,N
26008115,2024,1,Other,Walking/Cycling Along Roadway With Traffic,Other Cyclist,DANIA BEACH,FL,33004,,N,,,,,N,,,,None,Not Transported,In Roadway Improperly,,Helmet,,,N,N,N,N
26005734,2024,2,Shoulder/Roadside,Crossing Roadway,Other Cyclist,DEERFIELD BEACH,FL,33341,,N,,,,,N,,,,Possible,Law Enforcement,No Improper Action,,None,,,N,N,N,N
26005878,2024,1,Sidewalk,Walking/Cycling on Sidewalk,Bicyclist,FORT AUDERDALE,FL,33312,,N,,,,,N,,,,None,Not Transported,No Improper Action,,None,,,N,N,N,N
26005878,2024,2,Sidewalk,Walking/Cycling on Sidewalk,Other Cyclist,FORT LAUDERDALE,FL,33312,,N,,,,,N,,,,None,Not Transported,No Improper Action,,None,,,N,N,N,N
26007318,2024,3,Bicycle Lane,Adjacent to Roadway,Other Cyclist,WILTON MANORS,FL,33305,,N,,,,,N,,,,Incapacitating,EMS,Wrong-Way Riding or Walking,,Lighting,,,N,N,N,N
26007834,2024,2,Intersection - Marked Crosswalk,Crossing Roadway,Other Cyclist,TAMARAC,FL,33321,,N,,,,,N,,,,Non-Incapacitating,Not Transported,No Improper Action,,None,,,N,N,N,N
26009633,2024,1,Intersection - Marked Crosswalk,Crossing Roadway,Other Cyclist,LAUDERDALE LAKES,FL,33319,,N,,,,,N,,,,Possible,EMS,No Improper Action,,None,,,N,N,N,N
26010832,2024,2,Other,Crossing Roadway,Other Cyclist,HOLLYWOOD,FL,33020,,N,,,,,N,,,,Non-Incapacitating,EMS,Dart/Dash,,None,,,N,N,N,N
26010832,2024,3,Other,Crossing Roadway,Other Cyclist,POMPANO BEACH,FL,33062,,N,,,,,N,,,,None,Not Transported,Dart/Dash,,None,,,N,N,N,N
26012298,2024,2,Sidewalk,Walking/Cycling on Sidewalk,Other Cyclist,HOMESTEAD,FL,33033,,N,,,,,N,,,,Possible,EMS,Wrong-Way Riding or Walking,,None,,,N,N,N,N
26012953,2024,2,Midblock - Marked Crosswalk,Walking/Cycling on Sidewalk,Other Cyclist,FORT LAUDERDALE,FL,333029,,N,,,,,N,,,,Incapacitating,EMS,No Improper Action,,None,,,N,N,N,N
26012953,2024,3,Midblock - Marked Crosswalk,Walking/Cycling on Sidewalk,Other Cyclist,FORT LAUDERDALE,FL,333029,,N,,,,,N,,,,Non-Incapacitating,EMS,No Improper Action,No Improper Action,None,None,,N,N,N,N
26014376,2024,1,Sidewalk,Walking/Cycling on Sidewalk,Other Cyclist,DANIA BEACH,FL,33004,,N,,,,,N,,,,Non-Incapacitating,EMS,No Improper Action,,None,,,N,N,N,N
26014435,2024,2,Intersection - Marked Crosswalk,Crossing Roadway,Other Cyclist,COOPER CITY,FL,33328,,N,,,,,N,,,,Non-Incapacitating,EMS,No Improper Action,,None,,,N,N,N,N
26014987,2024,2,Sidewalk,Walking/Cycling on Sidewalk,Other Cyclist,FORT LAUDERDALE,FL,33314,,N,,,,,N,,,,None,Not Transported,No Improper Action,,None,,,N,N,N,N
26015354,2024,1,Sidewalk,Walking/Cycling on Sidewalk,Other Cyclist,POMPANO BEACH,FL,33069,,N,,,,,N,,,,Possible,EMS,Failure to Yield Right-of-Way,,Helmet,,,N,N,N,N
26026310,2024,1,Intersection - Marked Crosswalk,Walking/Cycling on Sidewalk,Other Cyclist,FORT LAUDERDALE,FL,33311,,N,,,,,N,,,,Non-Incapacitating,Not Transported,Dart/Dash,,Helmet,,,N,N,N,N
26045878,2024,2,Intersection - Marked Crosswalk,Walking/Cycling on Sidewalk,Other Cyclist,JAX BCH,FL,32250,Male,N,Test Not Given,,,,N,Test Not Given,,,None,Not Transported,No Improper Action,,None,,,N,N,N,N
26026520,2024,2,Bicycle Lane,Walking/Cycling Along Roadway Against Traffic,Other Cyclist,COCONUT CREEK,FL,33063,,N,,,,,N,,,,Possible,EMS,No Improper Action,,None,,,N,N,N,N
26028004,2024,2,Shoulder/Roadside,None,Other Cyclist,BRADENTON,FL,34205,Male,N,,,,,N,,,,None,Not Transported,No Improper Action,,None,,36,N,N,N,N
26078948,2024,2,Bicycle Lane,Other,Other Cyclist,LAUDERHILL,FL,33313,,N,,,,,N,,,,Possible,EMS,No Improper Action,,None,,,N,N,N,N
26031034,2024,2,Intersection - Other,Going To or From School,Other Cyclist,ORLANDO,FL,32812,Male,N,,,,,N,,,,Possible,Not Transported,Inattentive,,Lighting,,16,N,N,N,Y
26031165,2024,4,Intersection - Unmarked Crosswalk,Walking/Cycling Along Roadway With Traffic,Other Cyclist,WINTER PARK,FL,32792,Female,N,,,,,N,,,,Non-Incapacitating,Other,Failure to Yield Right-of-Way,,Helmet,None,10,N,N,N,N
26031241,2024,4,Driveway Access,Other,Other Cyclist,ORLANDO,FL,32828,Male,N,,,,,N,,,,Non-Incapacitating,EMS,Dart/Dash,,Unknown,,26,N,N,N,N
26031972,2024,2,Other,Other,Other Cyclist,ORLANDO,FL,32825,Female,,,,,,,,,,Possible,EMS,Dart/Dash,,None,,37,N,N,N,N
26037093,2024,2,Travel Lane - Other Location,Crossing Roadway,Other Cyclist,WINTER HAVEN,FL,33881,Female,N,,,,,N,,,,None,EMS,No Improper Action,,None,,42,N,N,N,N
26041355,2024,2,Bicycle Lane,Adjacent to Roadway,Other Cyclist,PANAMA CITY,FL,32401,Male,N,,,,,N,,,,Non-Incapacitating,EMS,Wrong-Way Riding or Walking,,None,,37,N,N,N,N
26044652,2024,1,Intersection - Other,Walking/Cycling on Sidewalk,Other Cyclist,PONTE VEDRA,FL,32082,Male,N,Test Not Given,,,,N,Test Not Given,,,Non-Incapacitating,Not Transported,Failure to Yield Right-of-Way,,None,,14,N,N,N,N
26044652,2024,2,Unknown,Walking/Cycling on Sidewalk,Occupant of a Non-Motor Vehicle Transportation Device,PONTE VEDRA,FL,32082,Male,N,Test Not Given,,,,N,Test Not Given,,,Non-Incapacitating,Not Transported,No Improper Action,,None,,14,N,N,N,N
26045190,2024,3,Bicycle Lane,In Roadway - Other,Other Cyclist,ST. AUGUSTINE,FL,32086,Male,N,Test Not Given,,,,N,Test Not Given,,,Incapacitating,EMS,Wrong-Way Riding or Walking,No Improper Action,None,,14,N,N,N,N
26045796,2024,2,Shoulder/Roadside,Walking/Cycling Along Roadway With Traffic,Other Cyclist,SAINT JOHNS,FL,32259,Female,N,Test Not Given,,,,N,Test Not Given,,,Non-Incapacitating,EMS,Other,,None,None,9,N,N,N,N
26063064,2024,1,Bicycle Lane,Walking/Cycling Along Roadway With Traffic,Other Cyclist,POLK CITY,,33868,Male,N,,,,,N,,,,Incapacitating,EMS,Failure to Yield Right-of-Way,,None,,48,N,N,N,N
26069164,2024,1,Other,Other,Other Cyclist,HARTFORD,CT,06114,,N,,,,,N,,,,Incapacitating,EMS,Improper Turn/Merge,,None,,,N,N,N,N
26072201,2024,2,Median/Crossing Island,Walking/Cycling Along Roadway With Traffic,Other Cyclist,HOMESTEAD,FL,33030,Male,N,,,,,N,,,,Non-Incapacitating,EMS,No Improper Action,,None,,26,N,N,N,N
26075104,2024,1,Shoulder/Roadside,Walking/Cycling Along Roadway With Traffic,Other Cyclist,WEEKI WACHEE,FL,34613,Male,N,,,,,N,,,,None,Not Transported,No Improper Action,,None,,52,N,N,N,N
26078792,2024,2,Intersection - Marked Crosswalk,Crossing Roadway,Other Cyclist,LAUDERHILL,FL,33311,,N,,,,,N,,,,Non-Incapacitating,Not Transported,No Improper Action,,None,,,N,N,N,N
26079052,2024,2,Sidewalk,Walking/Cycling on Sidewalk,Other Cyclist,FORT LAUDERDALE,FL,33311,,N,,,,,N,,,,Possible,EMS,No Improper Action,,None,,,N,N,N,N
26080796,2024,2,Bicycle Lane,Walking/Cycling Along Roadway With Traffic,Other Cyclist,PANAMA CITY BEACH,FL,,Male,N,Test Not Given,,,,N,Test Not Given,,,Possible,EMS,No Improper Action,No Improper Action,None,None,45,N,N,N,N
26082550,2024,4,Sidewalk,Other,Other Pedestrian,SUNNY ISLES BEACH,FL,33160,,N,,,,,N,,,,None,Not Transported,Other,,None,,,N,N,N,N
26082550,2024,5,Sidewalk,Walking/Cycling on Sidewalk,Other Cyclist,SUNNY ISLES BEACH,FL,33160,,N,,,,,N,,,,None,Not Transported,Wrong-Way Riding or Walking,,None,,,N,N,N,N
26081172,2024,2,Median/Crossing Island,Crossing Roadway,Other Cyclist,UNKNOWN,FL,32407,Male,N,Test Not Given,,,,N,Test Not Given,,,Non-Incapacitating,Not Transported,No Improper Action,No Improper Action,None,None,27,N,N,N,N
26082448,2024,1,Bicycle Lane,Walking/Cycling Along Roadway Against Traffic,Other Cyclist,MIAMI,FL,33137,,N,,,,,N,,,,Non-Incapacitating,Not Transported,Failure to Yield Right-of-Way,Wrong-Way Riding or Walking,None,,,N,N,N,N
26083159,2024,2,Sidewalk,Walking/Cycling on Sidewalk,Other Cyclist,MIAMI,FL,33162,,N,,,,,N,,,,Possible,EMS,Other,,None,,,N,N,N,N
26084721,2024,2,Travel Lane - Other Location,Walking/Cycling Along Roadway With Traffic,Other Cyclist,MIAMI BEACH,FL,33141,Male,N,,,,,N,,,,Non-Incapacitating,EMS,Failure to Yield Right-of-Way,,None,,29,N,N,N,N
26086578,2024,2,Sidewalk,Walking/Cycling on Sidewalk,Other Cyclist,NEW YORK,NY,10009,,N,,,,,N,,,,Incapacitating,EMS,No Improper Action,,Helmet,,,N,N,N,N
