REPORT_NUMBER,CRASH_YEAR,VEHICLE_NUMBER,PERSON_NUMBER,CITY,STATE,ZIP_CODE,SEX,HELMET_CODE,RESTRAINT_SYSTEM_CODE,EYE_PROTECTION_CODE,AIR_BAG_DEPLOYMENT_CODE,EJECTED,INJURY_SEVERITY,EMS_TRANSPORT_TYPE,SEAT_POSITION_CODE,ROW_POSITION_CODE,OTHER_POSITION_CODE,S4_AGE_AT_TIME_OF_CRASH,S4_IS_UNRESTRAINED_PASSENGER
25931693,2024,1,3,MIAMI BEACH,FL,33139,Female,,Shoulder and Lap Belt Used,,Not Deployed,,None,Not Transported,Right,Front,,29,N
25931693,2024,1,4,APOLLO BEACH,FL,33572,Male,,Shoulder and Lap Belt Used,,Not Deployed,,None,Not Transported,Right,Second,,35,N
25931775,2024,1,3,NORTH MIAMI,FL,33161,Male,,,,,,None,Not Transported,,,,18,N
25942532,2024,1,2,WINTER SPRINGS,FL,32708,Female,,Shoulder and Lap Belt Used,,Not Deployed,Not Ejected,None,Not Transported,Left,Second,Not Applicable,1,N
26087861,2024,1,3,DELRAY BEACH,FL,33445,Female,,Shoulder and Lap Belt Used,,Not Deployed,Not Ejected,None,Not Transported,Right,Front,,84,N
25952692,2024,1,4,CORAL SPRINGS,FL,33065,Male,,Shoulder and Lap Belt Used,,Not Deployed,Not Ejected,None,Not Transported,Right,Front,Not Applicable,15,N
25952693,2024,1,3,BOCA RATON,FL,33428,Female,,Shoulder and Lap Belt Used,,Not Deployed,Not Ejected,None,Not Transported,Right,Front,Not Applicable,62,N
25960646,2024,1,2,SAINT PETERSBURG,FL,33705,Male,,Child Restraint System - Forward Facing,,Not Deployed,Not Ejected,None,Not Transported,Right,Second,,7,N
25960663,2024,1,2,GULFPORT,FL,33707,Female,,Shoulder and Lap Belt Used,,Not Deployed,Not Ejected,None,Not Transported,Right,Second,,4,N
25962170,2024,1,2,ST PETERSBURG,FL,33702,Male,,Shoulder and Lap Belt Used,,Not Deployed,Not Ejected,None,Not Transported,Right,Front,,34,N
25982903,2024,1,2,APOPKA,FL,32703,Female,,Shoulder and Lap Belt Used,,Not Deployed,Not Ejected,None,Not Transported,Right,Front,Not Applicable,56,N
25987890,2024,1,2,LIVE OAK,FL,32060,Female,,Shoulder and Lap Belt Used,,Not Deployed,Not Ejected,None,Not Transported,Right,Front,Not Applicable,84,N
26007318,2024,1,2,OAKLAND PARK,FL,33309,Female,No Helmet,Restraint Used - Type Unknown,,Not Deployed,Not Ejected,None,Not Transported,Right,Front,Not Applicable,45,N
26008115,2024,2,4,DANIA BEACH,FL,33312,Male,,Shoulder and Lap Belt Used,,Not Applicable,Not Ejected,None,Not Transported,Right,Front,Not Applicable,42,N
26014987,2024,1,3,COOPER CITY,FL,33328,Male,No Helmet,Shoulder and Lap Belt Used,,Not Deployed,Not Ejected,None,Not Transported,Right,Front,Not Applicable,59,N
26031165,2024,1,2,WINTER PARK,FL,32792,Male,,Child Restraint System - Forward Facing,,Not Deployed,Not Ejected,None,Not Transported,Right,Second,,2,N
26031165,2024,1,3,WINTER PARK,FL,32792,Female,,Booster Seat,,Not Deployed,Not Ejected,None,Not Transported,Left,Second,,4,N
26031241,2024,1,2,ORANGE CITY,FL,32763,Male,,Shoulder and Lap Belt Used,,Not Deployed,Not Ejected,None,Not Transported,Right,Second,,19,N
26031241,2024,1,3,ORANGE CITY,FL,32763,Male,,Shoulder and Lap Belt Used,,Not Deployed,Not Ejected,None,Not Transported,Right,Front,,39,N
26045190,2024,1,2,SAINT AUGUSTINE,FL,32084,Male,,Shoulder and Lap Belt Used,,Not Applicable,Not Ejected,None,Not Transported,Right,Second,,57,N
26082550,2024,1,2,HOLLYWOOD,FL,33019,Male,No Helmet,Shoulder and Lap Belt Used,,Not Deployed,Not Ejected,None,Not Transported,Right,Front,Not Applicable,48,N
26082550,2024,1,3,SUNNY ISLES BEACH,FL,33160,,No Helmet,Shoulder and Lap Belt Used,N,Not Deployed,Not Ejected,None,Not Transported,Right,Front,Not Applicable,45,N
26083159,2024,1,3,MIAMI,FL,33150,Female,No Helmet,Shoulder and Lap Belt Used,,Not Deployed,Not Ejected,None,Not Transported,Right,Front,Not Applicable,53,N
