REPORT_NUMBER,CRASH_YEAR,VEHICLE_NUMBER,OWNER_CITY,OWNER_STATE,OWNER_ZIP_CODE,COMMERCIAL_VEHICLE_FLAG,MOTION_CODE,STATE_OF_REGISTRATION,PERMANENT_REGISTRATION_FLAG,HIT_AND_RUN_FLAG,VEHICLE_YEAR,VEHICLE_MAKE,VEHICLE_MODEL,VEHICLE_STYLE,VEHICLE_COLOR,DISABLING_FUNCTIONAL_DAMAGE,ESTIMATED_VEHICLE_DAMAGE,TOW_DAMAGE_CODE,HOW_TOW_REQUESTED,BUSINESS_OWNED_FLAG,VEHICLE_TRAVELING,ROAD_ON,ESTIMATED_MPH,POSTED_SPEED,TOTAL_NUMBER_OF_LANES,HAZARDOUS_MATERIAL_RELEASED,HAZMAT_PLACARD,HAZARDOUS_PLACARD_NUMBER,HAZMAT_CLASS,POINT_OF_IMPACT,MOST_DAMAGED_AREA_CODE,TYPE_OF_VEHICLE,TRAFFICWAY_CODE,COMMERCIAL_VEHICLE_CONFIGURATION_CODE,COMMERCIAL_USE_CODE,CARRIER_CARGO_BODY_TYPE,COMMERCIAL_VEHICLE_WEIGHT_CODE,MOST_HARMFUL_EVENT_CODE,HARMFUL_EVENT_1,HARMFUL_EVENT_2,HARMFUL_EVENT_3,HARMFUL_EVENT_4,EMERGENCY_VEHICLE_USE_CODE,ROADWAY_GRADE_CODE,ROADWAY_ALIGNMENT_CODE,VEHICLE_MANEUVER_ACTION,TRAFFIC_CONTROL_DEVICE,VEHICLE_SPECIAL_FUNCTION,VEHICLE_DEFECT1,VEHICLE_DEFECT2,S4_IS_COMMERCIAL_MOTOR_VEHICLE
25930349,2024,1,UK,,,N,Vehicle in Transport,UK,N,Y,,UNKN,,UNK,,Unknown,0,,,N,,,0,25,2,,,,,,,Unknown,,,,,,,,,,,,,,,,,,,
25930492,2024,1,NORTH BAY VILLAGE,FL,33141,N,Vehicle in Transport,FL,N,Y,2021,TOYT,,PK,SIL,Unknown,0,N,Driver,N,South,WASHINGTON AVENUE,25,25,4,,,,,Front Center Bumper,Front Center Bumper,Pickup,"Two-Way, Not Divided",,,,,Pedalcycle,Pedalcycle,,,,N,Level,Straight,Turning Left,Traffic Control Signal,No Special Function,None,,
25931355,2024,1,HIALEAH,FL,33012,N,Vehicle in Transport,FL,N,N,2018,JEEP,,4D,WHI,Minor,500,N,Driver,N,North,ALTON CT,5,15,1,,,,,Front Left Bumper,Front Left Bumper,Passenger Car,"Two-Way, Not Divided",,,,,Motor Vehicle in Transport,Motor Vehicle in Transport,,,,N,Level,Straight,Straight Ahead,No Controls,No Special Function,None,,
26087861,2024,1,DELRAY BEACH,FL,33445,N,Vehicle in Transport,FL,N,N,2018,DODG,,VN,WHI,Minor,1000,N,,N,North,BARWICK RD,15,30,2,,,,,Front Right Bumper,Front Right Bumper,Passenger Van,"Two-Way, Not Divided",,,,,Pedestrian,Pedestrian,,,,N,Level,Straight,Turning Left,Traffic Control Signal,No Special Function,None,,
25931693,2024,1,MIAMI BEACH,FL,33139,N,Vehicle in Transport,FL,N,N,2024,TESL,,4D,GRY,Functional,500,N,,N,North,MERIDIAN AVE,3,25,2,,,,,Right Front Fender,Right Front Fender,Passenger Car,"Two-Way, Not Divided",,,,,Pedalcycle,Pedalcycle,,,,N,Level,Straight,Turning Right,No Controls,No Special Function,None,,
25931775,2024,1,FORT LAUDERDALE,FL,33315,N,Vehicle in Transport,FL,N,N,2020,GMC,,UNK,BLK,None,0,N,Driver,N,South,HARDING COURT,10,15,1,,,,,Front Center Bumper,Front Center Bumper,Pickup,One-Way Trafficway,,,,,Motor Vehicle in Transport,Motor Vehicle in Transport,Pedestrian,,,N,Level,Straight,Straight Ahead,No Controls,No Special Function,None,,
25932614,2024,1,MIAMI,FL,33137,N,Vehicle in Transport,FL,N,Y,2021,LEXS,,4D,SIL,Unknown,0,N,Driver,N,West,14 STREET,20,30,1,,,,,Front Center Bumper,Front Center Bumper,Passenger Car,One-Way Trafficway,,,,,Motor Vehicle in Transport,Motor Vehicle in Transport,,,,N,Level,Straight,Straight Ahead,No Controls,No Special Function,Unknown,Other,
25933017,2024,1,MIAMI BEACH,FL,33140,N,Vehicle in Transport,FL,N,N,2023,MERZ,,4H,WHI,Functional,600,N,,N,East,24 STREET,30,30,4,,,,,Front Right Bumper,Front Right Bumper,Passenger Car,"Two-Way, Not Divided",,,,,Motor Vehicle in Transport,Motor Vehicle in Transport,,,,N,Level,Straight,Straight Ahead,Traffic Control Signal,No Special Function,None,,
25938658,2024,1,SARASOTA,FL,34237,,Vehicle in Transport,FL,,N,2011,FORD,,VN,WHI,None,0,N,,N,South,FRUITVILLE RD.,10,10,2,,,,,Front Center Bumper,Front Center Bumper,"Cargo Van (10,000 lbs (4,536 kg) or less)","Two-Way, Not Divided",,,,,,Motor Vehicle in Transport,,,,N,Level,Straight,Turning Right,No Controls,No Special Function,None,None,N
25939073,2024,1,BRADENTON,FL,34207,,Vehicle in Transport,FL,Y,N,2004,TOYT,,4D,WHI,Minor,3000,N,Driver,N,West,DR. M.L.K. JR. WAY,30,25,2,,,,,Left Rear Fender,Left Rear Fender,Passenger Car,"Two-Way, Not Divided",,,,,,Pedestrian,,,,N,Level,Straight,Straight Ahead,No Controls,No Special Function,None,,
25939834,2024,1,SARASOTA,FL,34234,,Vehicle in Transport,FL,,N,2015,CHRY,,4D,BLU,None,0,N,Driver,N,South,TUTTLE AVE.,,,4,,,,,Front Right Bumper,Front Right Bumper,Passenger Car,"Two-Way, Not Divided",,,,,Pedalcycle,Pedalcycle,,,,N,Level,Straight,Turning Right,No Controls,No Special Function,None,,
25940038,2024,1,OVERLAND PARK,KS,66223,,Vehicle in Transport,KS,,Y,2015,MERZ,,4D,WHI,Unknown,0,N,Driver,N,East,RINGLING BLVD.,10,35,3,,,,,Left Front Door,,Passenger Van,,,,,,Other Non-Fixed Object,Other Non-Fixed Object,,,,N,Level,Straight,Turning Left,Traffic Control Signal,,Unknown,,
25940962,2024,1,SARASOTA,FL,34237,,Vehicle in Transport,FL,,Y,2017,INFI,,SW,GRY,Unknown,0,N,Driver,N,North,N LOCKWOOD RIDGE RD,10,35,3,,,,,Front Left Bumper,Front Left Bumper,Passenger Car,"Two-Way, Not Divided, with a Continuous Left Turn Lane",,,,,,Pedalcycle,,,,N,Level,Straight,Turning Left,Traffic Control Signal,No Special Function,Unknown,,
25941059,2024,2,PORT CHARLOTTE,FL,33953,,Vehicle in Transport,FL,,N,2013,HYUN,,2D,BLK,None,0,N,Driver,N,North,SCHOOL AVE. N/S,5,20,2,,,,,Front Left Bumper,Front Left Bumper,Passenger Car,"Two-Way, Not Divided",,,,,Pedalcycle,Pedalcycle,,,,N,Level,Straight,Turning Right,Traffic Control Signal,No Special Function,None,,
25941282,2024,1,HUDSON,NC,28638,,Vehicle in Transport,NC,,N,2017,HOND,,4D,SIL,Functional,1000,N,,N,North,WASHINGTON BLVD. N/,35,35,3,,,,,Right Front Fender,Right Front Fender,Passenger Car,"Two-Way, Divided, Unprotected (painted >4 feet) Median",,,,,Pedalcycle,Pedalcycle,,,,N,Level,Straight,Turning Right,No Controls,No Special Function,None,,
25941463,2024,2,SARASOTA,FL,34237,,Vehicle in Transport,FL,Y,N,2016,CHEV,TAH,4D,WHI,Minor,100,Y,Rotation,N,South,MAPLE AVE.,32,25,2,,,,,Front Center Bumper,Front Center Bumper,"Other Light Trucks (10,000 lbs (4,536 kg) or less)","Two-Way, Not Divided",,,,,Motor Vehicle in Transport,Motor Vehicle in Transport,,,,Y,Level,Straight,Straight Ahead,No Controls,Police,None,,N
25942532,2024,1,WINTER SPRINGS,FL,32708,N,Vehicle in Transport,FL,,N,2012,HYUN,,4D,WHI,Minor,50,N,Driver,N,East,WINTE SPRINGS BLVD,5,25,2,,,,,Front Center Bumper,Front Center Bumper,Passenger Car,"Two-Way, Divided, Positive Median Barrier",,,,,Motor Vehicle in Transport,Motor Vehicle in Transport,,,,N,Level,Straight,Straight Ahead,Traffic Control Signal,No Special Function,None,,
25951762,2024,1,CORAL SPRINGS,FL,33065,N,Vehicle in Transport,FL,N,N,2006,JEP,,UT,GLD,None,0,N,Owner Request,N,South,9101 W SAMPLE RD,5,15,2,,,,,Front Center Bumper,,(Sport) Utility Vehicle,"Two-Way, Not Divided",,,,,Pedestrian,Pedestrian,,,,N,Level,Straight,Straight Ahead,Stop Sign,No Special Function,None,,
25951777,2024,1,,,,N,Vehicle in Transport,,,Y,,,,,,,0,N,,N,,W SAMPLE RD,,,,,,,,,,,,,,,,Pedestrian,Pedestrian,,,,,,,,,,,,
25951866,2024,1,LOXAHATCHEE,FL,33470,N,Vehicle in Transport,FL,N,N,2017,FORD,,4D,BLU,Functional,1000,N,Driver,N,West,2445 N UNIVERSITY DR,3,10,2,,,,,Front Center Bumper,Front Center Bumper,Passenger Car,"Two-Way, Divided, Positive Median Barrier",,,,,Pedestrian,Pedestrian,,,,N,Level,Straight,Other,Stop Sign,No Special Function,None,,
25951951,2024,1,COCONUT CREEK,FL,33073,N,Vehicle in Transport,FL,N,N,2011,DODG,,UT,BLK,Functional,800,N,Driver,N,South,CORAL SPRINGS DR,10,40,4,,,,,Front Right Bumper,Front Right Bumper,(Sport) Utility Vehicle,"Two-Way, Divided, Positive Median Barrier",,,,,Pedalcycle,Pedalcycle,,,,N,Level,Straight,Turning Right,Traffic Control Signal,No Special Function,None,,
25952083,2024,1,TAMARAC,FL,33321,N,Vehicle in Transport,FL,N,N,2019,NISS,,4D,RED,Minor,250,N,,N,East,CORAL RIDGE DR,5,40,4,,,,,Right Front Fender,Right Front Fender,Passenger Car,"Two-Way, Divided, Unprotected (painted >4 feet) Median",,,,,Pedalcycle,Pedalcycle,,,,N,Level,Curve Right,Turning Right,Stop Sign,No Special Function,None,,
25952692,2024,1,CORAL SPRINGS,FL,33065,N,Vehicle in Transport,FL,N,N,2018,NISS,,PK,GRY,Minor,200,N,Driver,N,West,NW 39TH CT,5,25,2,,,,,Front Center Bumper,Front Center Bumper,Pickup,"Two-Way, Not Divided",,,,,Pedalcycle,Pedalcycle,,,,N,Level,Straight,Other,Stop Sign,No Special Function,None,,
25952693,2024,1,BOCA RATON,FL,33428,N,Vehicle in Transport,FL,N,N,2019,GENS,,4D,GRY,Minor,50,N,,N,West,RIVERSIDE DR,1,35,2,,,,,Front Right Bumper,Front Right Bumper,Passenger Car,"Two-Way, Not Divided",,,,,Pedalcycle,Pedalcycle,,,,N,Level,Straight,Turning Right,Traffic Control Signal,No Special Function,None,,
25953025,2024,1,CORAL SPRINGS,FL,33065,N,Vehicle in Transport,FL,N,N,2021,LEXS,,UT,SIL,Minor,500,N,,N,West,PARKING LOT,5,25,2,,,,,Front Left Bumper,Front Left Bumper,(Sport) Utility Vehicle,"Two-Way, Divided, Positive Median Barrier",,,,,Motor Vehicle in Transport,Motor Vehicle in Transport,,,,N,Level,Straight,Turning Right,Stop Sign,No Special Function,None,,
25954021,2024,1,CORAL SPRINGS,FL,33065,N,Vehicle in Transport,FL,N,N,2012,DODG,,PK,BLU,None,0,N,Driver,N,East,NW 110TH AVE,5,25,2,,,,,,,Pickup,"Two-Way, Not Divided",,,,,Pedestrian,Pedestrian,,,,N,Level,Straight,Turning Left,No Controls,No Special Function,None,,
25959659,2024,1,ST PETERSBURG,FL,33711,N,Vehicle in Transport,FL,,N,1998,DODG,,PK,BLK,Minor,100,N,Driver,N,East,16TH AV S,5,25,2,,,,,Front Right Bumper,Front Right Bumper,Pickup,"Two-Way, Not Divided",,,,,Pedalcycle,Pedalcycle,,,,N,Level,Straight,Turning Right,Stop Sign,No Special Function,None,,
25959862,2024,1,TULSA,OK,74134,N,Vehicle in Transport,FL,,N,2023,CHEV,,UT,GRY,None,0,N,Driver,N,South,62 ST N,15,25,2,,,,,Rear Left Bumper,Left Rear Fender,(Sport) Utility Vehicle,"Two-Way, Not Divided",,,,,Motor Vehicle in Transport,Motor Vehicle in Transport,,,,N,Level,Straight,Straight Ahead,No Controls,No Special Function,None,,
25959902,2024,1,,,,N,,,,Y,,UK,,UNKNOWN,UNKNOWN,Unknown,0,N,,N,,,,,,,,,,,,Unknown,"Two-Way, Not Divided",,,,,Pedestrian,Pedestrian,,,,,Level,Straight,Unknown,Stop Sign,Unknown,Unknown,,
25960646,2024,1,ST PETERSBURG,FL,33705,N,Vehicle in Transport,FL,,N,2021,HOND,,UT,RED,Minor,100,N,Driver,N,East,37TH AVE S,5,25,2,,,,,Right Front Fender,Right Front Fender,Passenger Car,"Two-Way, Not Divided",,,,,Pedestrian,Pedestrian,Pedestrian,,,N,Level,Straight,Slowing,Stop Sign,No Special Function,None,,
25960663,2024,1,ST PETERSBURG,FL,33707,N,Vehicle in Transport,FL,,N,2020,GMC,,TK,GRY,Minor,50,N,Driver,N,West,5 AVE N,5,40,4,,,,,Front Right Bumper,Front Right Bumper,Pickup,"Two-Way, Not Divided",,,,,Motor Vehicle in Transport,Motor Vehicle in Transport,,,,N,Hillcrest,Straight,Straight Ahead,Other,No Special Function,None,,
25960843,2024,1,ST PETERSBURG,FL,33713,N,Vehicle in Transport,FL,,N,2000,MERCE,,4D,BLU,Minor,1000,N,Driver,N,North,21ST ST N,15,25,2,,,,,Front Right Bumper,Front Right Bumper,(Sport) Utility Vehicle,"Two-Way, Not Divided",,,,,Motor Vehicle in Transport,Motor Vehicle in Transport,,,,N,Level,Straight,Straight Ahead,Stop Sign,No Special Function,None,,
25961252,2024,1,ST PETERSBURG,FL,33701,N,Vehicle in Transport,FL,,N,2017,FORD,,4D,SIL,Minor,200,N,Driver,N,South,PRIVATE ROADWAY,3,5,2,,,,,Front Right Bumper,Front Right Bumper,Passenger Car,"Two-Way, Not Divided",,,,,Pedalcycle,Pedalcycle,,,,N,Level,Straight,Turning Right,Stop Sign,No Special Function,None,,
25962170,2024,1,SAINT PETERSBURG,FL,33705,N,Vehicle in Transport,FL,,N,2017,CHEV,,TK,BLK,Minor,10,N,Driver,N,North,4TH ST N,0,35,2,,,,,Trailer,Trailer,Passenger Car,"Two-Way, Not Divided",,,,,Pedalcycle,Pedalcycle,,,,N,Level,Straight,Stopped in Traffic,Traffic Control Signal,No Special Function,None,,
25962320,2024,1,,,,,,,,Y,,UK,,UNKNOWN,UNKNOWN,Unknown,0,N,,N,,,,,,,,,,,,Unknown,"Two-Way, Not Divided",,,,,Pedalcycle,Pedalcycle,,,,,Level,Straight,Unknown,,Unknown,Unknown,,
25963023,2024,1,UNKNOWN,,,N,Vehicle in Transport,,,Y,,UK,,UNKNOWN,UNKNOWN,Unknown,0,N,,N,,,,,,,,,,Rear Right Bumper,Rear Right Bumper,Unknown,"Two-Way, Not Divided",,,,,Pedalcycle,Pedalcycle,,,,,Level,Straight,Unknown,,Unknown,Unknown,,
25964227,2024,1,,,,N,,,,Y,,UK,,UNKNOWN,UNKNOWN,Unknown,0,N,,N,,,,,,,,,,,,Unknown,"Two-Way, Not Divided",,,,,Pedalcycle,Pedalcycle,,,,,Level,Straight,Unknown,,Unknown,Unknown,,
25968186,2024,1,HOLLYWOOD,FL,33020,N,Vehicle in Transport,FL,,N,2019,MAZD,,UT,BLK,Minor,500,N,Driver,N,West,4520 W HALLANDALE BCH BLVD,5,15,2,,,,,Front Right Bumper,Front Right Bumper,(Sport) Utility Vehicle,"Two-Way, Not Divided",,,,,Motor Vehicle in Transport,Motor Vehicle in Transport,,,,N,Level,Straight,Turning Right,Yield Sign,No Special Function,None,,
25971120,2024,1,ST PETERSBURG,FL,33708,N,Vehicle in Transport,FL,N,N,2015,HYUN,,4D,BLK,None,0,N,,N,South,SEMINOLE BLVD,15,45,3,,,,,,,Passenger Car,"Two-Way, Divided, Positive Median Barrier",,,,,Motor Vehicle in Transport,Motor Vehicle in Transport,,,,N,Level,Straight,Turning Right,No Controls,No Special Function,None,,
25971212,2024,1,,,,N,Vehicle in Transport,,,Y,,,,,,,0,N,,N,South,6601 ULMERTON RD,5,,,,,,,,,Passenger Car,"Two-Way, Not Divided",,,,,Other Non-Fixed Object,Other Non-Fixed Object,,,,N,Level,Straight,Turning Right,Stop Sign,Unknown,Unknown,,
25972187,2024,1,PALM HARBOR,FL,34684,N,Vehicle in Transport,FL,N,N,2012,FORD,,2D,GRY,Minor,1000,N,Driver,N,East,US HIGHWAY 19 N,,45,2,,,,,Left Rear Fender,Rear Right Bumper,Passenger Car,One-Way Trafficway,,,,,Pedalcycle,Pedalcycle,,,,N,Level,Straight,Slowing,Stop Sign,No Special Function,None,,
25972217,2024,1,CLEARWATER,FL,33760,N,Vehicle in Transport,FL,N,N,2013,JEEP,,SUV,GRY,None,0,N,,N,North,ICOT BLVD,5,,2,,,,,,,(Sport) Utility Vehicle,"Two-Way, Divided, Unprotected (painted >4 feet) Median",,,,,,Other Non-Collision,,,,N,Level,Straight,Turning Left,Other,No Special Function,None,,
25973919,2024,1,HAINES CITY,FL,33844,,Vehicle in Transport,FL,,N,2018,BUIC,,4D,SIL,Minor,100,N,Driver,N,North,LEE JACKSON HWY,,,2,,,,,Front Right Bumper,Front Right Bumper,(Sport) Utility Vehicle,"Two-Way, Not Divided",,,,,,Pedalcycle,Pedestrian,,,N,Level,Straight,Turning Left,No Controls,No Special Function,None,,
25975765,2024,1,UK,UK,,N,Vehicle in Transport,UK,,Y,,UK,,UNKNOWN,,Unknown,0,N,Driver,N,East,SR 44,65,65,4,,,,,Front Right Bumper,Front Right Bumper,Pickup,"Two-Way, Divided, Positive Median Barrier",,,,,Pedalcycle,Motor Vehicle in Transport,Pedalcycle,,,N,Level,Straight,Unknown,No Controls,Unknown,Unknown,None,
25975918,2024,1,BELLEVILLE,MI,48111,N,Vehicle in Transport,MI,,N,2019,FORD,,PK,BLK,None,0,N,Driver,N,North,N ATLANTIC AVE,5,25,2,,,,,Left Front Fender,Left Front Fender,Pickup,"Two-Way, Not Divided",,,,,Pedalcycle,Pedalcycle,,,,N,Level,Straight,Turning Right,Stop Sign,No Special Function,None,,
25977890,2024,1,,,,N,,,,Y,,UK,,UNKNOWN,UNKNOWN,Unknown,0,N,,N,,,,,,,,,,,,Unknown,"Two-Way, Not Divided",,,,,Pedestrian,Pedestrian,,,,,Level,Straight,Turning Right,,Unknown,Unknown,,
25978627,2024,1,PORT ORANGE,FL,32127,N,Vehicle in Transport,FL,,N,1991,CHEV,,2D,SIL,Minor,1000,N,Driver,N,East,US-1,5,40,4,,,,,Front Right Bumper,Front Right Bumper,Passenger Car,"Two-Way, Not Divided",,,,,Motor Vehicle in Transport,Motor Vehicle in Transport,Pedalcycle,,,N,Level,Straight,Turning Right,No Controls,No Special Function,"Body, Doors",,
25978714,2024,1,UNK,UK,00000,N,Parked Motor Vehicle,UK,,Y,2000,UK,,UNKNOWN,UNKNOWN,Unknown,0,N,,N,Off-Road,FOREST BRANCH DRIVE,0,1,1,,,,,Front Center Bumper,Front Center Bumper,Unknown,Unknown,,,,,Parked Motor Vehicle,Parked Motor Vehicle,,,,N,Level,Straight,Unknown,No Controls,Unknown,Unknown,,
25978714,2024,2,PORT ORANGE,FL,32129,N,Parked Motor Vehicle,FL,,N,2022,TESL,,4D,RED,Unknown,500,N,Driver,N,Off-Road,FOREST BRANCH DRIVE,0,1,0,,,,,Rear Right Bumper,Rear Right Bumper,Unknown,Unknown,,,,,Parked Motor Vehicle,Parked Motor Vehicle,,,,N,Level,Straight,Parked,No Controls,Unknown,Unknown,None,
25982686,2024,1,ALTAMONTE SPRINGS,FL,32701,N,Vehicle in Transport,FL,,N,2000,KAWAS,,GC,WHI,None,0,N,Driver,N,West,601 E ALTAMONTE DR,5,15,2,,,,,Right Front Fender,Right Front Fender,Other,"Two-Way, Not Divided",,,,,Motor Vehicle in Transport,Motor Vehicle in Transport,,,,N,Level,Straight,Turning Left,No Controls,No Special Function,None,,
25982835,2024,1,APOPKA,FL,32703,N,Vehicle in Transport,FL,,N,2023,TOYT,,UT,SIL,Minor,0,N,Driver,N,South,DOUGLAS AVE,30,30,2,,,,,Left Rear Door,Left Rear Fender,Passenger Car,"Two-Way, Not Divided",,,,,Motor Vehicle in Transport,Motor Vehicle in Transport,,,,N,Level,Straight,Straight Ahead,No Controls,No Special Function,None,,
25982903,2024,1,APOPKA,FL,32703,N,Vehicle in Transport,FL,,N,2023,HOND,,VN,WHI,Minor,300,N,Driver,N,North,300 W SR 436,1,5,2,,,,,Right Front Fender,Right Front Fender,(Sport) Utility Vehicle,"Two-Way, Not Divided",,,,,Motor Vehicle in Transport,Motor Vehicle in Transport,,,,N,Level,Straight,Straight Ahead,No Controls,No Special Function,None,,
25986180,2024,1,ALLENTOWN,PA,18103,N,Vehicle in Transport,PA,,N,2009,ACUR,,SW,WHI,Disabling,0,Y,Rotation,N,East,E BAKER ST,35,45,2,,,,,Front Center Bumper,Front Center Bumper,Passenger Car,"Two-Way, Not Divided",,,,,Motor Vehicle in Transport,Motor Vehicle in Transport,Pedestrian,,,N,Level,Straight,Straight Ahead,No Controls,No Special Function,None,,
25987238,2024,1,LAKE CITY,FL,32025-0000,N,Vehicle in Transport,FL,N,Y,2006,JEEP,,UT,SIL,Minor,2000,N,,N,North,US HWY 90,30,45,5,,,,,Front Center Bumper,Front Center Bumper,Passenger Car,"Two-Way, Not Divided",,,,,Pedestrian,Pedestrian,,,,N,Level,Straight,Turning Left,Traffic Control Signal,No Special Function,None,,
25987890,2024,1,LIVE OAK,FL,32060-6856,N,Vehicle in Transport,FL,N,N,2007,TOYT,,VN,BLU,Minor,500,N,,N,North,US HWY 90,25,45,2,,,,,Front Right Bumper,Front Right Bumper,Passenger Car,"Two-Way, Not Divided",,,,,Pedestrian,Pedestrian,,,,N,Level,Straight,Straight Ahead,Traffic Control Signal,No Special Function,None,,
25991552,2024,1,NORTH FORT MYERS,FL,33917,N,Vehicle in Transport,FL,N,N,,CHEV,,4DR,GRA,Functional,2000,N,,N,West,SE 8TH ST,15,30,2,,,,,Front Left Bumper,Front Left Bumper,Passenger Car,"Two-Way, Not Divided",,,,,Pedalcycle,Pedalcycle,,,,N,Level,Straight,Turning Left,Traffic Control Signal,No Special Function,None,,
25991702,2024,1,CAPE CORAL,FL,33991,N,Vehicle in Transport,FL,N,N,2020,CHEV,,PU,WHI,Functional,500,N,Owner Request,N,South,SE 10TH ST,10,30,2,,,,,Front Center Bumper,Front Center Bumper,Pickup,"Two-Way, Not Divided",,,,,Pedalcycle,Pedalcycle,,,,N,Level,Straight,Straight Ahead,No Controls,No Special Function,None,,
26004111,2024,1,LOMBARD,IL,60148,N,Vehicle in Transport,IL,Y,N,2023,FORD,,PU,WEIG,None,0,N,,N,South,NW 19TH AV,5,25,2,,,,,Front Left Bumper,Front Left Bumper,Pickup,"Two-Way, Not Divided",,,,,Pedalcycle,Pedalcycle,,,,N,Level,Straight,Turning Left,No Controls,No Special Function,None,,
26005189,2024,1,,,,N,Vehicle in Transport,FL,N,Y,2007,NISS,,PU,GLD,Unknown,0,N,,N,,NW 6TH AV,,,,,,,,,,Pickup,"Two-Way, Not Divided",,,,,Pedestrian,Pedestrian,,,,N,Level,Straight,Straight Ahead,No Controls,No Special Function,Unknown,,
26005537,2024,1,POMPANO BEACH,FL,33069,N,Vehicle in Transport,FL,N,N,2018,DODG,,SPUV,GRY,Minor,100,N,,N,East,NW 33RD STREET,10,30,2,,,,,Front Center Bumper,Front Center Bumper,(Sport) Utility Vehicle,"Two-Way, Not Divided",,,,,Pedestrian,Motor Vehicle in Transport,Pedestrian,,,N,Level,Straight,Turning Left,No Controls,No Special Function,None,,
26005734,2024,1,POMPANO BEACH,FL,33064,N,Vehicle in Transport,FL,N,N,2012,HOND,,4D,RED,Minor,500,N,,N,East,SW 4TH ST,25,30,2,,,,,Front Right Bumper,Front Right Bumper,Passenger Car,"Two-Way, Divided, Unprotected (painted >4 feet) Median",,,,,,Pedalcycle,,,,N,Level,Straight,Turning Right,Stop Sign,No Special Function,None,,
26005878,2024,1,,,,N,Vehicle in Transport,,,Y,,,,,,,0,N,,N,,,,,,,,,,,,,,,,,,,,,,,,,,,,,,,
26007318,2024,1,FORT LAUDERDALE,FL,33309,N,Vehicle in Transport,FL,N,N,2006,NISS,,4D,BLU,Functional,2000,N,Owner Request,N,East,W COPANS RD,25,35,4,,,,,Front Center Bumper,Front Center Bumper,Passenger Car,"Two-Way, Divided, Unprotected (painted >4 feet) Median",,,,,Pedestrian,Pedestrian,,,,N,Level,Straight,Entering Traffic Lane,No Controls,No Special Function,None,,
26007834,2024,1,LAUDERDALE LAKES,FL,33311,N,Vehicle in Transport,FL,Y,N,2019,CHEV,,4D,GRN,None,0,N,,N,North,N PLUM BAY PKWY,5,15,2,,,,,,,Passenger Car,"Two-Way, Divided, Positive Median Barrier",,,,,Pedalcycle,Pedalcycle,,,,N,Level,Straight,Turning Right,No Controls,No Special Function,None,,
26008115,2024,1,FT LAUDERDALE,FL,33301,N,Vehicle in Transport,FL,N,N,2013,PORS,,2D,BLK,Minor,7000,N,,N,North,N FEDERAL HWY,,35,2,,,,,Left Rear Fender,Left Rear Fender,Passenger Car,"Two-Way, Not Divided, with a Continuous Left Turn Lane",,,,,Pedalcycle,Pedalcycle,,,,N,Level,Straight,Stopped in Traffic,No Controls,No Special Function,None,,
26008115,2024,2,DANIA,FL,33004,N,Vehicle in Transport,FL,N,N,2016,FORD,,PU,BLU,Minor,250,N,,N,North,N FEDERAL HWY,5,35,2,,,,,Right Rear Fender,Right Rear Fender,Pickup,"Two-Way, Not Divided, with a Continuous Left Turn Lane",,,,,Pedalcycle,Pedalcycle,,,,N,Level,Straight,Straight Ahead,No Controls,No Special Function,None,,
26009633,2024,1,,,,N,Vehicle in Transport,,,Y,,,,,,Unknown,0,N,,N,South,NW 36TH TER,10,30,2,,,,,,,Passenger Car,"Two-Way, Not Divided",,,,,,Pedestrian,,,,N,Level,Straight,Straight Ahead,Unknown,Unknown,Unknown,,
26010489,2024,1,LAUDERHILL,FL,33312,N,Vehicle in Transport,FL,N,N,2005,FORD,,4D,GRY,Minor,500,N,,N,West,NW 1ST ST,10,35,2,,,,,Front Center Bumper,Front Center Bumper,Passenger Car,"Two-Way, Not Divided",,,,,Motor Vehicle in Transport,Motor Vehicle in Transport,,,,N,Level,Straight,Straight Ahead,No Controls,No Special Function,None,,
26010832,2024,1,POMPANO BEACH,FL,33062,N,Vehicle in Transport,FL,N,N,2022,HOND,,SPUV,WHI,Minor,1000,N,Driver,N,North,N RIVERSIDE DR,30,30,2,,,,,Front Left Bumper,Front Left Bumper,Passenger Car,"Two-Way, Not Divided",,,,,,Pedestrian,,,,N,Level,Straight,Straight Ahead,No Controls,No Special Function,None,,
26012298,2024,1,MARGATE,FL,33063,N,Vehicle in Transport,FL,N,N,2024,KIA,,4D,BLU,None,0,N,Driver,N,East,909 S FEDERAL HWY DRIVEWAY,1,15,2,,,,,Right Front Fender,,Passenger Car,"Two-Way, Not Divided",,,,,,Pedestrian,,,,N,Level,Straight,Straight Ahead,Stop Sign,No Special Function,None,,
26012953,2024,1,MEMPHIS,TN,38120,N,Vehicle in Transport,TN,N,N,2019,HOND,,SPUV,SIL,Minor,100,N,,N,South,N DIXIE HWY,5,35,2,,,,,Front Right Bumper,,(Sport) Utility Vehicle,"Two-Way, Not Divided",,,,,Pedestrian,Pedestrian,,,,N,Level,Straight,Turning Right,No Controls,No Special Function,None,,
26014376,2024,1,,,,N,Vehicle in Transport,,,Y,,,,,,,0,N,,N,,N FEDERAL HWY,,,,,,,,,,,,,,,,,Pedalcycle,,,,,,,,,,,,
26014435,2024,1,COOPER CITY,FL,33328,N,Vehicle in Transport,FL,N,N,2013,LEXS,,SPUV,GRY,Functional,1000,N,,N,North,PUBLIX PARKING LOT 10018 GRIFFIN RD,15,15,1,,,,,Front Center Bumper,Front Center Bumper,(Sport) Utility Vehicle,"Two-Way, Divided, Positive Median Barrier",,,,,Other Non-Fixed Object,Other Non-Fixed Object,,,,N,Level,Straight,Turning Right,Stop Sign,No Special Function,None,,
26014987,2024,1,COOPER CITY,FL,33328,N,Vehicle in Transport,FL,N,N,2018,HYUN,,4D,BLK,Minor,100,N,Owner Request,N,North,SW 90TH AV,20,25,2,,,,,Front Right Bumper,Front Right Bumper,Passenger Car,"Two-Way, Divided, Positive Median Barrier",,,,,Pedalcycle,Pedalcycle,,,,N,Level,Straight,Turning Right,No Controls,No Special Function,None,,
26015354,2024,1,SUNRISE,FL,33323,N,Vehicle in Transport,FL,N,N,2021,GMC,,SPUV,BLK/,None,0,N,Driver,N,East,DR MARTIN LUTHER KING JR BLVD,5,30,3,,,,,Right Front Door,,(Sport) Utility Vehicle,"Two-Way, Divided, Unprotected (painted >4 feet) Median",,,,,Pedalcycle,Pedalcycle,,,,N,Level,Straight,Straight Ahead,No Controls,No Special Function,None,,
26026310,2024,1,CORAL SPRINGS,FL,33071,N,Vehicle in Transport,FL,N,N,2019,HOND,,OTHR,WHI,Minor,2000,N,,N,East,COCONUT CREEK PKWY,10,35,4,,,,,Front Right Bumper,Front Right Bumper,Passenger Car,"Two-Way, Divided, Positive Median Barrier",,,,,Pedestrian,Pedestrian,,,,N,Level,Straight,Turning Right,No Controls,No Special Function,None,,
26026520,2024,1,BOCA RATON,FL,33498,N,Vehicle in Transport,FL,N,N,2016,BMW,,4D,BLK,Functional,2000,N,,N,West,COPANS RD,30,45,3,,,,,Front Center Bumper,Front Center Bumper,Passenger Car,"Two-Way, Divided, Positive Median Barrier",,,,,Pedalcycle,Pedalcycle,,,,N,Level,Straight,Turning Right,Traffic Control Signal,No Special Function,Unknown,,
26028004,2024,1,METAIRIE,LA,70005,N,Vehicle in Transport,LA,,N,2023,HYUN,,4D,BLK,Minor,0,N,Rotation,N,North,SOUTHERN PARKWAY W,0,15,1,,,,,Right Front Fender,Right Front Fender,Passenger Car,"Two-Way, Divided, Positive Median Barrier",,,,,Motor Vehicle in Transport,Motor Vehicle in Transport,,,,N,Level,Straight,Stopped in Traffic,Stop Sign,No Special Function,None,,
26031034,2024,1,WINTER PARK,FL,32792,N,Vehicle in Transport,FL,,N,2023,HYUN,,4D,BLK,Functional,1000,N,Driver,N,West,SUMMERFIELD RD,5,25,2,,,,,Front Right Bumper,Front Right Bumper,Passenger Car,"Two-Way, Not Divided",,,,,Motor Vehicle in Transport,Motor Vehicle in Transport,,,,N,Level,Straight,Turning Right,Stop Sign,No Special Function,None,,
26031165,2024,1,WINTER PARK,FL,32792,N,Vehicle in Transport,FL,,N,2017,HYUN,,4D,RED,Minor,500,N,Driver,N,West,DARCEY DRIVE,20,25,2,,,,,Front Center Bumper,Front Center Bumper,Passenger Car,"Two-Way, Not Divided",,,,,Motor Vehicle in Transport,Motor Vehicle in Transport,,,,N,Level,Straight,Straight Ahead,No Controls,No Special Function,None,,
26031241,2024,1,LONGWOOD,FL,32750,N,Vehicle in Transport,FL,,N,2016,TOYT,,TK,WHI,None,0,N,Driver,N,East,1901 ALOMA AVE,2,10,2,,,,,Front Center Bumper,Front Right Bumper,Pickup,"Two-Way, Not Divided",,,,,Motor Vehicle in Transport,Motor Vehicle in Transport,,,,N,Level,Straight,Slowing,Stop Sign,No Special Function,None,,
26031972,2024,1,ALTAMONTE SPRINGS,FL,32701,N,Vehicle in Transport,FL,,N,2014,TOYT,,4D,WHI,Functional,300,N,Driver,N,West,520 N. ORLANDO AVE,15,,2,,,,,Front Center Bumper,Front Center Bumper,Passenger Car,"Two-Way, Not Divided",,,,,Motor Vehicle in Transport,Motor Vehicle in Transport,,,,N,Level,Straight,Straight Ahead,No Controls,No Special Function,None,,
26037093,2024,1,LAKE MARY,FL,32746,N,Vehicle in Transport,FL,,N,2023,FORD,,PK,WHI,None,0,N,Driver,N,East,DERBY AVE,,40,2,,,,,Front Center Bumper,Front Center Bumper,Pickup,"Two-Way, Not Divided",,,,,Motor Vehicle in Transport,Motor Vehicle in Transport,,,,N,Level,Straight,Turning Left,No Controls,No Special Function,None,,
26041355,2024,1,PANAMA CITY,FL,32401,N,Vehicle in Transport,FL,,N,2023,CHEV,,TK,BLK,None,0,N,Driver,N,West,CR-28,5,35,2,,,,,Front Center Bumper,Front Center Bumper,Pickup,"Two-Way, Not Divided",,,,,Motor Vehicle in Transport,Motor Vehicle in Transport,,,,N,Level,Straight,Turning Right,No Controls,No Special Function,None,,
26044652,2024,1,JACKSONVILLE BEACH,FL,32250-6663,N,Vehicle in Transport,FL,N,N,2014,TOYT,,4D,BLK,Functional,5000,Y,Rotation,N,West,635 SR A1A,,10,2,,,,,Right Front Fender,Windshield,Passenger Car,"Two-Way, Not Divided",,,,,Motor Vehicle in Transport,Motor Vehicle in Transport,,,,N,Level,Straight,Other,No Controls,No Special Function,None,,
26045190,2024,1,ST AUGUSTINE,FL,32084-3817,N,Vehicle in Transport,FL,N,N,2023,FORD,,PK,BLU,Minor,200,N,,N,East,RIO SAN JUAN RD,25,25,2,,,,,Right Front Door,Right Front Door,Passenger Car,"Two-Way, Not Divided",,,,,Other Non-Fixed Object,Other Non-Fixed Object,,,,N,Level,Curve Right,Straight Ahead,No Controls,No Special Function,None,,
26045796,2024,1,SAINT JOHNS,FL,32259-4214,N,Vehicle in Transport,FL,N,N,2020,FORD,,PK,RED,Minor,5,N,,N,East,1165 DURBIN PARKE DRIVE,5,25,2,,,,,Right Rear Fender,Right Rear Fender,Pickup,"Two-Way, Not Divided",,,,,Motor Vehicle in Transport,Motor Vehicle in Transport,,,,N,Level,Straight,Turning Right,No Controls,No Special Function,None,,
26045878,2024,1,PONTE VEDRA BEACH,FL,32082-0000,N,Vehicle in Transport,FL,N,N,2022,TESL,,UT,WHI,Functional,7500,N,,N,East,PARKING LOT ACCESS ROAD,5,10,3,,,,,Right Front Fender,Right Front Fender,(Sport) Utility Vehicle,"Two-Way, Not Divided",,,,,Motor Vehicle in Transport,Motor Vehicle in Transport,,,,N,Level,Straight,Turning Right,Stop Sign,No Special Function,None,,
26063064,2024,1,POLK CITY,FL,33868,,Vehicle in Transport,,,N,,UK,,,BLK,Disabling,500,Y,Rotation,N,East,COMMONWEALTH AVE SW,,,2,,,,,Front Center Bumper,Front Center Bumper,Moped,"Two-Way, Not Divided",,,,,Motor Vehicle in Transport,Motor Vehicle in Transport,Pedalcycle,,,N,Level,Straight,Straight Ahead,No Controls,No Special Function,None,,
26063064,2024,2,POLK CITY,FL,33868,,Vehicle in Transport,FL,,N,2006,STRN,,4D,WHI,Minor,500,N,Driver,N,East,COMMONWEALTH AVE SW,,,2,,,,,Right Rear Fender,Right Rear Fender,Passenger Car,"Two-Way, Not Divided",,,,,Motor Vehicle in Transport,Motor Vehicle in Transport,,,,N,Level,Straight,Turning Right,No Controls,No Special Function,None,,
26069164,2024,1,WEST PALM BEACH,FL,33409,N,Vehicle in Transport,FL,N,N,2017,TOYT,,4D,WHI,Minor,500,N,,N,South,BRANDYWINE RD,5,35,2,,,,,Front Center Bumper,Front Center Bumper,Passenger Car,"Two-Way, Not Divided, with a Continuous Left Turn Lane",,,,,Pedalcycle,Pedalcycle,,,,N,Level,Straight,Turning Right,Stop Sign,No Special Function,None,,
26072201,2024,1,HOMESTEAD,FL,33031,N,Vehicle in Transport,FL,,N,2023,ACUR,,4D,BLK,Functional,1000,N,,N,North,OLD DIXIE HWY,30,30,2,,,,,Front Right Bumper,Front Right Bumper,Passenger Car,"Two-Way, Not Divided",,,,,Motor Vehicle in Transport,Motor Vehicle in Transport,,,,N,Level,Straight,Straight Ahead,No Controls,No Special Function,None,,
26075104,2024,1,,,,,,,,Y,,UK,,UNKNOWN,UNKNOWN,Unknown,0,N,,N,,,,,,,,,,,,Unknown,,,,,,,,,,,,,,Unknown,,Unknown,Unknown,,
26078792,2024,1,LAUDERHILL,FL,33313,N,Vehicle in Transport,FL,N,N,2012,TOYT,,SPUV,GRY,Minor,500,N,,N,South,NW 49TH AV,10,25,2,,,,,Front Center Bumper,Front Center Bumper,(Sport) Utility Vehicle,"Two-Way, Not Divided",,,,,Pedestrian,Pedestrian,,,,N,Level,Straight,Straight Ahead,Stop Sign,No Special Function,None,,
26078948,2024,1,,,,N,Vehicle in Transport,,,Y,,,,,,,0,N,,N,,NW 47TH AV,,,,,,,,,,,,,,,,Motor Vehicle in Transport,Motor Vehicle in Transport,Pedestrian,,,N,Level,Straight,Turning Right,Stop Sign,No Special Function,None,,
26079052,2024,1,FORT LAUDERDALE,FL,33322,N,Vehicle in Transport,FL,N,N,2019,HYUN,,4D,ONG,Minor,1000,N,,N,North,5000 N UNIVERSITY DR,25,40,4,,,,,Front Right Bumper,Front Right Bumper,Passenger Car,"Two-Way, Not Divided",,,,,Motor Vehicle in Transport,Motor Vehicle in Transport,,,,N,Level,Straight,Turning Right,No Controls,No Special Function,None,,
26080796,2024,1,ACWORTH,GA,30102,N,Vehicle in Transport,GA,N,N,2015,KIA,,4DR,BLACKQ,None,0,N,Driver,N,East,US HWY 98 ALTERNATE,5,35,,,,,,Front Center Bumper,,Passenger Van,"Two-Way, Not Divided",,,,,Motor Vehicle in Transport,Motor Vehicle in Transport,Motor Vehicle in Transport,Motor Vehicle in Transport,Motor Vehicle in Transport,N,Level,Straight,Turning Left,No Controls,No Special Function,None,None,
26081172,2024,1,PANAMA CITY BCH,FL,32407,N,Vehicle in Transport,FL,N,N,2021,FORD,,UT,RED,Functional,500,N,Driver,N,West,RICHARD JACKSON BOULEVARD,5,35,4,,,,,Front Center Bumper,Windshield,Passenger Car,"Two-Way, Divided, Unprotected (painted >4 feet) Median",,,,,,,,,,N,Level,Straight,Entering Traffic Lane,No Controls,No Special Function,None,None,
26082448,2024,1,PEMBROKE PINES,FL,33027,N,Vehicle in Transport,FL,N,N,2024,NISS,,4D,GRY,Minor,500,N,,N,West,US-1,2,30,4,,,,,Front Center Bumper,Front Center Bumper,Passenger Car,"Two-Way, Divided, Positive Median Barrier",,,,,Motor Vehicle in Transport,Motor Vehicle in Transport,Pedalcycle,,,N,Level,Straight,Entering Traffic Lane,Stop Sign,No Special Function,Unknown,,
26082550,2024,1,MIAMI,FL,33179,N,Vehicle in Transport,FL,N,N,2022,LEXS,,SUV,SIL,Minor,500,N,,N,West,SR 826,25,35,9,,,,,Front Right Bumper,Front Right Bumper,(Sport) Utility Vehicle,"Two-Way, Divided, Positive Median Barrier",,,,,,Pedestrian,,,,N,Level,Straight,Turning Right,No Controls,No Special Function,Unknown,,
26083159,2024,1,MIAMI,FL,33138,N,Vehicle in Transport,FL,N,N,2002,TOYT,,SUV,SIL,Functional,100,N,Driver,N,West,NE 167 ST,10,35,3,,,,,Right Front Fender,,(Sport) Utility Vehicle,"Two-Way, Divided, Positive Median Barrier",,,,,Pedalcycle,Pedalcycle,,,,N,Level,Straight,Turning Right,No Controls,No Special Function,None,,
26084721,2024,1,,,,N,Vehicle in Transport,,,Y,,UK,,UNKNOWN,UNKNOWN,Unknown,0,N,,N,East,SR 934,1,30,6,,,,,Rear Right Bumper,Rear Right Bumper,Unknown,"Two-Way, Divided, Positive Median Barrier",,,,,Pedalcycle,Pedalcycle,,,,,Hillcrest,Straight,Unknown,No Controls,Unknown,Unknown,,
26086578,2024,1,DELRAY BEACH,FL,33484,N,Vehicle in Transport,FL,N,N,2001,CHEV,,TPK,WHI,None,0,N,,N,Off-Road,5020 W ATLANTIC AVE,1,15,2,,,,,Front Center Bumper,,Pickup,"Two-Way, Divided, Positive Median Barrier",,,,,Pedestrian,Pedestrian,,,,,Level,Straight,Turning Right,Stop Sign,No Special Function,None,,
