REPORT_NUMBER,CRASH_YEAR,PERSON_NUMBER,STATUTE_NUMBER,CHARGE,CITATION_NUMBER
25931355,2024,1,316.075(1)(A)1,FAIL TO YIELD ROW TO PEDESTRIAN/SCOOTER.,AK9F5UE
25931693,2024,1,316.2065(1),FALIURE TO YIELD ON SCOOTER,AJSNG8E
25931775,2024,1,316.075,FAIL TO YIELD TO PEDESTRIAN,AK9F61E
26087861,2024,2,316.130(8),PEDESTRIAN LEAVE PLACE OF SAFETY OR ENTER PATH OF VEHICLE,AJOCIGE
25933017,2024,1,316.075(1)(C)1,STEADY RED LIGHT FAILED TO OBEY,AKD9YEE
25938658,2024,1,316.125(2),FAILED TO YIELD/STOP at sidewalk - from alley/bldg. /private,AIIKRPE
25939073,2024,1,316.130(7)(b),FAILED TO YIELD right-of-way to PEDESTRIAN at crosswalk with,AIY9NPE
25941059,2024,1,316.081(1),Driving on wrong lane or side - failed to drive upon right h,AK47VHE
25951951,2024,1,316.075(1)(A)1,YIELD RIGHT OF WAY- TO PEDESTRIAN WHILE MAKING LT/RT ON RED,AIPR5EE
25954021,2024,1,320.02(1),TAG -  FAILED TO REGISTER,AJBY8BE
25954021,2024,1,316.075(1)(A)1,YIELD RIGHT OF WAY- TO PEDESTRIAN WHILE MAKING LT/RT ON GRE,AJBY8CE
25960646,2024,1,316.130(7)(a),FAILED TO YIELD RIGHT-OF-WAY TO PEDESTRIAN AT INTERSECTION W,AJ64X3E
25960843,2024,1,316.1925,CARELESS DRIVING,AJ65KAE
25972187,2024,1,316.123(2A),RAN STOP SIGN,AITJYTE
26014435,2024,1,316.121,FAILED TO YIELD - APPROACH/ENTER INTERSECTION,AJX83BE
25975918,2024,1,316.151(1)(a),IMPROPER RIGHT TURN,AJJTWFE
25987238,2024,1,322.34(2)(c),OPERATING WHILE DL SUSPENDED/CANCELLED/REVOKED 3RD OR SUBSEQ,AIU8AOE
25987238,2024,1,316.061(1),CRASH - LEAVING SCENE WITHOUT GIVING INFORMATION MORE THAN $,AIU8APE
25987890,2024,3,316.130(1),PEDESTRIAN CONTROL SIGNAL - PEDESTRIAN FAILED TO OBEY,AIU9KJE
26005734,2024,1,316.185,FAILURE TO USE DUE CARE,AJ83BHE
26012953,2024,1,316.126-5,FAILURE TO YIELD RIGHT OF WAY,AJ8G3RE
26026310,2024,1,316.130-8,PED LEAVE PLACE OF SAFETY,AJHIL4E
26037093,2024,1,316.1925(1),CARELESS DRIVING,AK4KVME
26045190,2024,3,,(WarningOtherViolations),1386640-WN
26045796,2024,2,,(WarningFollowingTooClosely),1395924-WN
26045878,2024,1,,(WarningViolationOfRightOfWay),1399916-WN
26079052,2024,1,316.185,FAILURE TO USE DUE CARE,AK2PB2E
26082448,2024,1,316.1995,DRIVING ON SIDEWALK,AFAF04E
26082550,2024,5,316.081(1),DRIVING ON WRONG SIDE OF ROAD,UNKNOWN
