REPORT_NUMBER,CRASH_YEAR,CRASH_DATE_AND_TIME,REPORT_DATE_AND_TIME,INVESTIGATING_AGENCY_REPORT_NUMBER,FORM_TYPE,TOTAL_NUMBER_OF_VEHICLES,TOTAL_NUMBER_OF_PERSONS,COUNTY_CODE,CITY_CODE,COUNTY_NAME,CITY_NAME,RURAL_OR_URBAN,NOTIFIED_TIME,DISPATCHED_TIME,ARRIVED_TIME,CLEARED_TIME,COMPLETED_FLAG,NOTIFIED_BY,ON_STREET_ROAD_HIGHWAY,STREET_ADDRESS_NUMBER,LATITUDE,LONGITUDE,FEET_FROM_INTERSECTION,DIRECTION_FROM_INTERSECTION,FROM_INTERSECTION_OF,MILEPOST_NUMBER,ROAD_SYSTEM_IDENTIFER,TYPE_OF_SHOULDER,TYPE_OF_INTERSECTION,PHOTOS_TAKEN,LIGHT_CONDITION,WEATHER_CONDITION,ROAD_SURFACE_CONDITION,SCHOOL_BUS_RELATED_CODE,TYPE_OF_IMPACT,FIRST_HARMFUL_EVENT,LOCATION,INTERCHANGE_FLAG,JUNCTION_FLAG,ROAD_CIRCUMSTANCES_1,ROAD_CIRCUMSTANCES_2,ROAD_CIRCUMSTANCES_3,ENVIRONMENT_CIRCUMSTANCES_1,ENVIRONMENT_CIRCUMSTANCES_2,ENVIRONMENT_CIRCUMSTANCES_3,WORK_ZONE_RELATED_FLAG,CRASH_IN_WORK_ZONE,TYPE_OF_WORK_ZONE,WORKERS_PRESENT,LAW_ENFORCEMENT_PRESENT,INVESTIGATOR_RANK,INVESTIGATING_AGENCY_NAME,INVESTIGATING_AGENCY_TYPE,LOAD_DATE,UPDATE_DATE,DAYS_TO_LOAD,CODEABLE,S4_CRASH_TYPE,S4_CRASH_TYPE_SIMPLIFIED,S4_CRASH_SEVERITY,S4_CRASH_SEVERITY_DETAIL,S4_DAY_OR_NIGHT,S4_IS_AGGRESSIVE_DRIVING,S4_IS_ALCOHOL_RELATED,S4_IS_CMV_INVOLVED,S4_IS_DISTRACTED,S4_IS_DRUG_RELATED,S4_IS_HIT_AND_RUN,S4_IS_INTERSECTION_RELATED,S4_IS_LANE_DEPARTURE_RELATED,S4_IS_SPEEDING_RELATED,S4_NONE_INJURY_COUNT,S4_INJURY_COUNT,S4_POSSIBLE_INJURY_COUNT,S4_NON_INCAPACITATING_INJURY_COUNT,S4_INCAPACITATING_INJURY_COUNT,S4_FATALITY_COUNT,S4_FATALITY_WITHIN_30_DAYS_COUNT,S4_NON_TRAFFIC_FATALITY_COUNT,S4_TRAILER_COUNT,S4_MOTORCYCLE_COUNT,S4_MOPED_COUNT,S4_NON_MOTORIST_COUNT,S4_BICYCLIST_COUNT,S4_PEDESTRIAN_COUNT,S4_DRIVER_COUNT,S4_AGING_DRIVER_COUNT,S4_TEENAGER_DRIVER_COUNT,S4_PASSENGER_COUNT,S4_UNRESTRAINED_COUNT,S4_UNRESTRAINED_INJURY_COUNT,S4_UNRESTRAINED_INCAPACITATING_INJURY_COUNT,S4_UNRESTRAINED_FATALITY_COUNT,S4_MOTORCYCLIST_COUNT,S4_MOTORCYCLIST_INCAPACITATING_INJURY_COUNT,S4_MOTORCYCLIST_FATALITY_COUNT,S4_IS_PEDESTRIAN_INVOLVED,S4_PEDESTRIAN_INCAPACITATING_INJURY_COUNT,S4_PEDESTRIAN_FATALITY_COUNT,S4_IS_BICYCLIST_INVOLVED,S4_BICYCLIST_INCAPACITATING_INJURY_COUNT,S4_BICYCLIST_FATALITY_COUNT,S4_CITATION_COUNT,S4_CITATION_AMOUNT,S4_PROPERTY_DAMAGE_COUNT,S4_PROPERTY_DAMAGE_AMOUNT,S4_VEHICLE_DAMAGE_COUNT,S4_VEHICLE_DAMAGE_AMOUNT,S4_TOTAL_DAMAGE_AMOUNT,S4_TRANSPORT_BY_EMS_COUNT,S4_TRANSPORT_BY_LAW_ENFORCEMENT_COUNT,S4_TRANSPORT_BY_OTHER_COUNT,S4_GEOLOCATION_STATUS,S4_PRELIMINARY_GEOLOCATION_STATUS,S4_X,S4_Y,S4_LATITUDE,S4_LONGITUDE
89154824,2019,30-JUN-2019 07:40 PM,30-JUN-2019 12:00 AM,2019-330317,L,1,4,3,50,Hillsborough,Tampa,Urban,6/30/2019 7:40:00 PM,6/30/2019 7:40:00 PM,6/30/2019 7:50:00 PM,6/30/2019 10:00:00 PM,Y,Law Enforcement,W MARJORY AVE,2119,27.931388,-82.483046,,,,,Parking Lot,Paved,Not at Intersection,N,Dusk,Clear,Dry,N,,Pedalcycle,In Parking Lane or Zone,N,Other,None,,,None,,,N,,,,,PATROLMAN,Tampa Police Department,Police Department (PD),7/2/2019 2:18:00 PM,7/2/2019 2:18:00 PM,2,Y,Bicycle,Bicycle,Injury,Non-Incapacitating Injury,NIGHT,N,N,N,N,N,N,N,N,N,3,1,0,1,0,0,0,0,0,0,0,1,1,0,1,0,0,2,0,0,0,0,,,,N,0,0,Y,0,0,0,0,0,0,1,1000,1000,1,0,0,Preliminary,Editor Mapped,354081.5811,3090482.5353,27.9313510989521,-82.4830468034466
89158175,2019,06-SEP-2019 08:00 PM,06-SEP-2019 12:00 AM,2019-464526,L,1,2,3,50,Hillsborough,Tampa,Urban,9/6/2019 8:05:00 PM,9/6/2019 8:06:00 PM,9/6/2019 8:10:00 PM,9/6/2019 9:00:00 PM,Y,Law Enforcement,W CREST AVE,,27.993737,-82.45943,316,North,N FLORIDA AVE,,Local,Paved,Four-Way Intersection,N,Dark - Lighted,Clear,Dry,N,,Pedestrian,Off Roadway,N,Other,None,,,None,,,N,,,,,OFFICER,Tampa Police Department,Police Department (PD),9/14/2019 2:14:00 PM,,8,Y,Pedestrian,Pedestrian,Injury,Non-Incapacitating Injury,NIGHT,N,N,N,N,N,N,N,N,N,1,1,0,1,0,0,0,0,0,0,0,1,1,0,1,0,0,0,0,0,0,0,,,,N,0,0,Y,0,0,2,0,0,0,1,500,500,0,0,0,Verified,n/a,351982.6946,3097455.82,27.9940482063652,-82.505245963084
89160358,2019,16-OCT-2019 02:22 PM,16-OCT-2019 12:00 AM,2019-539585,L,1,2,3,50,Hillsborough,Tampa,Urban,10/16/2019 2:23:00 PM,10/16/2019 2:26:00 PM,10/16/2019 2:30:00 PM,10/16/2019 3:15:00 PM,Y,Law Enforcement,N ASHLEY DR,,27.947803,-82.459892,21,South,E MADISON ST,,Local,Curb,Not at Intersection,N,Daylight,Clear,Dry,N,,Pedalcycle,On Roadway,N,Non-Junction,None,,,None,,,N,,,,,MPO,Tampa Police Department,Police Department (PD),10/18/2019 2:30:00 PM,,2,Y,Bicycle,Bicycle,Injury,Non-Incapacitating Injury,DAY,N,N,N,N,N,N,N,N,N,1,1,0,1,0,0,0,0,0,0,0,1,1,0,1,0,0,0,0,0,0,0,,,,N,0,0,Y,0,0,1,0,0,0,0,0,0,1,0,0,Preliminary,Officer Mapped,356382.1923,3092277.309,27.947797713211,-82.4598884643255
89160510,2019,20-OCT-2019 10:45 AM,20-OCT-2019 12:00 AM,2019-546353,L,1,2,3,50,Hillsborough,Tampa,Urban,10/20/2019 11:39:00 AM,10/20/2019 11:41:00 AM,10/20/2019 12:27:00 PM,10/20/2019 1:30:00 PM,N,Law Enforcement,PARKEDGE DR,,,,202,West,HIDDEN RIVER PKWY,,Local,Curb,Not at Intersection,N,Daylight,Clear,Dry,N,,Pedestrian,On Roadway,N,Through Roadway,None,,,None,,,N,,,,,OFFICER,Tampa Police Department,Police Department (PD),10/22/2019 2:39:00 PM,10/22/2019 2:39:00 PM,2,Y,Pedestrian,Pedestrian,Injury,Non-Incapacitating Injury,DAY,N,N,N,N,N,Y,N,N,N,0,1,0,1,0,0,0,0,0,0,0,1,1,0,1,0,0,0,0,0,0,0,,,,N,0,0,Y,0,0,0,0,0,0,0,0,0,0,0,0,Preliminary,Editor Mapped,365904.0729,3106162.6802,28.0741015886494,-82.3646996647135
89186930,2019,15-OCT-2019 02:09 PM,15-OCT-2019 12:00 AM,19126438,L,1,2,6,42,Palm Beach,Greenacres,Urban,10/15/2019 2:09:00 PM,10/15/2019 2:13:00 PM,10/15/2019 2:26:00 PM,10/15/2019 3:16:00 PM,Y,Law Enforcement,SR809/S MILITARY TRAIL,,,,0,,SR802/LAKEWORTH ROAD,,State,Curb,Not at Intersection,N,Daylight,Cloudy,Dry,N,Angle,Motor Vehicle in Transport,Off Roadway,N,Driveway/Alley Access Related,None,,,None,,,N,,,,,CSA,Palm Beach County Sheriff's Office,Sheriff's Office (SO),10/17/2019 2:35:00 PM,10/17/2019 2:35:00 PM,2,Y,Single Vehicle,Other,Injury,Possible Injury,DAY,N,N,N,N,N,N,N,N,N,1,1,1,0,0,0,0,0,0,0,0,1,1,0,1,0,0,0,0,0,0,0,,,,N,0,0,Y,0,0,0,0,1,20,0,0,20,0,0,0,Preliminary,Editor Mapped,588240.7529,2944489.2992,26.6185154629252,-80.113605286576
89162436,2019,27-NOV-2019 04:50 PM,27-NOV-2019 12:00 AM,2019-617102,L,1,5,3,50,Hillsborough,Tampa,Urban,11/27/2019 4:51:00 PM,11/27/2019 4:54:00 PM,11/27/2019 4:58:00 PM,11/27/2019 6:30:00 PM,Y,Law Enforcement,OSBORNE AVE E,3103,,,,,,,Private Roadway,Unpaved,Not at Intersection,N,Daylight,Clear,Dry,N,,Pedestrian,Off Roadway,N,Driveway/Alley Access Related,None,,,None,,,N,,,,,CPL,Tampa Police Department,Police Department (PD),11/28/2019 2:25:00 PM,,1,Y,Pedestrian,Pedestrian,Serious Injury,Incapacitating Injury,DAY,N,N,N,N,N,N,N,N,N,4,1,0,0,1,0,0,0,0,0,0,1,1,0,1,0,0,3,0,0,0,0,,,,N,0,0,Y,1,0,0,0,0,0,1,50,50,1,0,0,Preliminary,Editor Mapped,359866.7451,3096746.3315,27.9884996172829,-82.4250065588648
89176906,2019,14-JUN-2019 05:15 PM,14-JUN-2019 12:00 AM,19082425,L,1,2,6,30,Palm Beach,Belle Glade,Urban,6/14/2019 5:15:00 PM,6/14/2019 5:16:00 PM,6/14/2019 5:17:00 PM,6/14/2019 6:30:00 PM,Y,Law Enforcement,W AVENUE A,665,,,113,East,,,Local,Paved,Not at Intersection,N,Daylight,Clear,Dry,N,"Sideswipe, Same Direction",Pedestrian,On Roadway,N,Non-Junction,None,,,None,,,N,,,,,D/S,Palm Beach County Sheriff's Office,Sheriff's Office (SO),6/24/2019 1:50:00 PM,,10,Y,Pedestrian,Pedestrian,Injury,Possible Injury,DAY,N,N,N,N,N,Y,N,Y,N,1,1,1,0,0,0,0,0,0,0,0,1,1,0,1,1,0,0,0,0,0,0,,,,N,0,0,Y,0,0,1,0,0,0,0,0,0,1,0,0,Preliminary,Computer mapped approximate by address,532379.8943,2951685.8183,26.6858816255296,-80.6745402166296
89202684,2019,13-MAY-2019 12:29 PM,13-MAY-2019 12:00 AM,2019-08364,S,1,3,6,82,Palm Beach,Palm Springs,Urban,5/13/2019 12:29:00 PM,5/13/2019 12:29:00 PM,5/13/2019 12:35:00 PM,5/13/2019 1:00:00 PM,Y,Law Enforcement,PARKING LOT,3047,,,,,FOREST HILL BLVD / S. CONGRESS AVENUE,,Local,Paved,Other,N,Daylight,Clear,Dry,N,,Other Non-Collision,In Parking Lane or Zone,N,Non-Junction,None,,,None,,,N,,,,,OFFICER,Palm Springs Police Department,Police Department (PD),5/18/2019 2:22:00 PM,,5,N,Single Vehicle,Other,No Injury,No Injury,DAY,N,N,N,N,N,N,N,N,N,3,0,0,0,0,0,0,0,0,0,0,1,1,0,1,0,0,1,0,0,0,0,,,,N,0,0,Y,0,0,0,0,0,0,1,1000,1000,0,0,0,Unmapped,Unmapped,,,,
89209895,2019,22-JUL-2019 11:15 AM,22-JUL-2019 12:00 AM,19C25087,L,1,2,12,30,Lake,Clermont,Urban,7/22/2019 11:26:00 AM,7/22/2019 11:28:00 AM,7/22/2019 11:36:00 AM,7/22/2019 12:34:00 PM,Y,Law Enforcement,N RIDGE BLVD,,28.563298,-81.717923,0,,N HANCOCK RD,,County,Curb,Not at Intersection,N,Daylight,Clear,Dry,N,,Pedalcycle,On Roadway,N,Non-Junction,None,,,None,,,N,,,,,OFC.,Clermont Police Department,Police Department (PD),7/26/2019 2:24:00 PM,7/26/2019 2:24:00 PM,4,Y,Bicycle,Bicycle,Injury,Non-Incapacitating Injury,DAY,N,N,N,N,N,N,N,N,N,1,1,0,1,0,0,0,0,0,0,0,1,1,0,1,0,0,0,0,0,0,0,,,,N,0,0,Y,0,0,0,0,0,0,1,1000,1000,1,0,0,Preliminary,Editor Mapped,429782.4656,3159814.4141,28.5632955466223,-81.717912744062
89210753,2019,22-AUG-2019 03:54 PM,22-AUG-2019 12:00 AM,MP190052236,L,1,2,19,42,Brevard,Melbourne,Urban,8/22/2019 3:54:00 PM,8/22/2019 3:57:00 PM,8/22/2019 4:09:00 PM,8/22/2019 5:15:00 PM,Y,Law Enforcement,E UNIVERSITY BLVD,1101,28.063755,-80.60279,322,East,,,Parking Lot,Curb,Not at Intersection,N,Daylight,Clear,Dry,N,,Pedalcycle,In Parking Lane or Zone,N,Driveway/Alley Access Related,None,,,None,,,N,,,,,OFFICER,Melbourne Police Department,Police Department (PD),8/24/2019 2:13:00 PM,,2,Y,Bicycle,Bicycle,Injury,Non-Incapacitating Injury,DAY,N,N,N,N,N,N,N,N,N,1,1,0,1,0,0,0,0,0,0,0,1,1,0,1,0,0,0,0,0,0,0,,,,N,0,0,Y,0,0,1,0,1,150,0,0,150,0,0,0,Verified,n/a,539032.214,3104330.4896,28.0637727426479,-80.6027862797155
89215410,2019,26-SEP-2019 11:31 AM,26-SEP-2019 12:00 AM,2019-00361019,L,1,2,7,46,Orange,Orlando,Urban,9/26/2019 11:38:00 AM,9/26/2019 11:38:00 AM,9/26/2019 11:40:00 AM,9/26/2019 11:55:00 AM,Y,Law Enforcement,N ORANGE AV,120,,,42,West,,,State,Curb,Not at Intersection,,Daylight,Clear,Dry,N,"Sideswipe, Same Direction",Pedalcycle,On Roadway,N,Non-Junction,None,,,None,,,N,,,,,Ofc.,Orlando Police Department,Police Department (PD),10/3/2019 2:36:00 PM,,7,Y,Bicycle,Bicycle,Injury,Possible Injury,DAY,N,N,N,N,N,N,N,Y,N,1,1,1,0,0,0,0,0,1,0,0,1,1,0,1,0,0,0,0,0,0,0,,,,N,0,0,Y,0,0,0,0,0,0,1,1,1,0,0,0,Verified,n/a,462903.0882,3157711.1398,28.5456793139665,-81.3792241914443
89216754,2019,13-AUG-2019 06:46 PM,13-OCT-2019 12:00 AM,2019-00302265,L,1,2,7,46,Orange,Orlando,Urban,8/13/2019 6:48:00 PM,8/13/2019 6:49:00 PM,8/13/2019 7:02:00 PM,8/13/2019 7:55:00 PM,Y,Law Enforcement,E ANDERSON ST,,,,0,,S CRYSTAL LAKE DR,,Local,Curb,T-Intersection,,Daylight,Clear,Dry,N,"Sideswipe, Same Direction",Motor Vehicle in Transport,On Roadway,N,Intersection-Related,None,,,None,,,N,,,,,OFC.,Orlando Police Department,Police Department (PD),10/20/2019 1:56:00 PM,,68,Y,Single Vehicle,Other,Injury,Non-Incapacitating Injury,DAY,N,N,N,N,N,N,Y,N,N,1,1,0,1,0,0,0,0,0,0,0,1,1,0,1,0,0,0,0,0,0,0,,,,N,0,0,Y,0,0,0,0,0,0,1,100,100,1,0,0,Verified,n/a,466387.7879,3156846.4766,28.5379693151331,-81.3435769821656
89217358,2019,10-NOV-2019 01:30 PM,10-NOV-2019 12:00 AM,2019-00416330,L,2,3,7,46,Orange,Orlando,Urban,11/10/2019 1:30:00 PM,11/10/2019 1:30:00 PM,11/10/2019 1:32:00 PM,11/10/2019 2:30:00 PM,Y,Motorist,TERRY AVE,,,,0,,WASHINGTON ST,,Local,Paved,Four-Way Intersection,,Daylight,Clear,Dry,N,"Sideswipe, Opposite Direction",Motor Vehicle in Transport,On Roadway,N,Non-Junction,None,,,None,,,N,,,,,OFC.,Orlando Police Department,Police Department (PD),11/20/2019 2:44:00 PM,,10,Y,Right Angle,Angle,Injury,Possible Injury,DAY,N,N,N,N,N,N,N,Y,N,2,1,1,0,0,0,0,0,0,0,1,1,1,0,1,0,0,1,0,0,0,0,,,,N,0,0,Y,0,0,1,0,0,0,2,3000,3000,1,0,0,Verified,n/a,462145.934,3157510.8198,28.5438493146739,-81.3869574687128
89237252,2019,18-OCT-2019 07:00 AM,18-OCT-2019 12:00 AM,CW19-159397,L,1,2,4,36,Pinellas,Clearwater,Urban,10/18/2019 7:03:00 AM,10/18/2019 7:10:00 AM,10/18/2019 7:20:00 AM,10/18/2019 8:21:00 AM,Y,Law Enforcement,GULF TO BAY BLVD,2236,27.960709,-82.744778,96,West,,,Other,Curb,Not at Intersection,N,Dark - Lighted,Clear,Dry,N,,Pedalcycle,Roadside,N,Non-Junction,None,,,None,,,N,,,,,PST,Clearwater Police Department,Police Department (PD),10/23/2019 2:45:00 PM,,5,Y,Bicycle,Bicycle,Injury,Non-Incapacitating Injury,DAY,N,N,N,N,N,N,N,N,N,1,1,0,1,0,0,0,0,0,0,0,1,1,0,1,0,0,0,0,0,0,0,,,,N,0,0,Y,0,0,2,0,0,0,1,2000,2000,1,0,0,Verified,n/a,328759.0235,3094055.5557,27.9605796607448,-82.7408407859832
89241594,2019,02-JUL-2019 05:30 PM,02-JUL-2019 12:00 AM,1907020049632,L,1,4,1,66,Miami-Dade,Miami,Urban,7/2/2019 5:35:00 PM,7/2/2019 5:36:00 PM,7/2/2019 5:57:00 PM,7/2/2019 6:30:00 PM,Y,Law Enforcement,NW 43RD AVE,,25.779333,-80.26597,0,,NW 7TH ST,,Local,Paved,T-Intersection,N,Daylight,Clear,Dry,N,,Pedestrian,On Roadway,N,Through Roadway,None,,,None,,,N,,,,,PSA,Miami Police Department,Police Department (PD),7/3/2019 2:31:00 PM,7/3/2019 2:31:00 PM,1,N,Pedestrian,Pedestrian,No Injury,No Injury,DAY,N,N,N,N,N,N,N,N,N,4,0,0,0,0,0,0,0,0,0,0,2,2,0,1,0,0,1,0,0,0,0,,,,N,0,0,Y,0,0,2,0,0,0,1,500,500,0,0,0,Preliminary,Editor Mapped,573592.3226,2851412.2107,25.778976035047,-80.2660285133136
89242434,2019,12-JUL-2019 06:58 PM,12-JUL-2019 12:00 AM,1907120052411,L,1,2,1,66,Miami-Dade,Miami,Urban,7/12/2019 6:58:00 PM,7/12/2019 7:02:00 PM,7/12/2019 7:08:00 PM,7/12/2019 8:08:00 PM,Y,Law Enforcement,SE 1ST ST,130,,,,,,,Parking Lot,Paved,Not at Intersection,N,Daylight,Clear,Dry,N,,Pedalcycle,Off Roadway,N,Other,None,,,None,,,N,,,,,PSA,Miami Police Department,Police Department (PD),8/2/2019 2:19:00 PM,8/2/2019 2:19:00 PM,21,Y,Bicycle,Bicycle,Injury,Possible Injury,DAY,N,N,N,N,N,N,N,N,N,1,1,1,0,0,0,0,0,0,0,0,1,1,0,1,0,0,0,0,0,0,0,,,,N,0,0,Y,0,0,0,0,0,0,0,0,0,1,0,0,Preliminary,Editor Mapped,581060.1329,2850827.18,25.7732989143625,-80.1915898905322
89242517,2019,15-JUL-2019 05:20 PM,15-JUL-2019 12:00 AM,1907150053187,L,1,2,1,66,Miami-Dade,Miami,Urban,7/15/2019 5:20:00 PM,7/15/2019 5:20:00 PM,7/15/2019 5:32:00 PM,7/15/2019 6:32:00 PM,Y,Law Enforcement,S BISCAYNE BLVD,201,25.771552,-80.18698,,,,,Parking Lot,Paved,Not at Intersection,N,Daylight,Clear,Dry,N,,Pedalcycle,Off Roadway,N,Non-Junction,None,,,None,,,N,,,,,PSA,Miami Police Department,Police Department (PD),8/2/2019 2:19:00 PM,8/2/2019 2:19:00 PM,18,N,Bicycle,Bicycle,No Injury,No Injury,DAY,N,N,N,N,N,N,N,N,N,2,0,0,0,0,0,0,0,0,0,0,1,1,0,1,0,0,0,0,0,0,0,,,,N,0,0,Y,0,0,1,0,0,0,1,800,800,0,0,0,Preliminary,Editor Mapped,581509.2144,2850613.9831,25.7713489632961,-80.1871246883277
89243754,2019,05-AUG-2019 10:22 PM,05-AUG-2019 12:00 AM,1908050059050,L,1,2,1,66,Miami-Dade,Miami,Urban,8/5/2019 10:59:00 PM,8/5/2019 11:01:00 PM,8/5/2019 11:10:00 PM,8/5/2019 11:10:00 PM,Y,Law Enforcement,201 SE 2ND AVE,,,,0,,SE 2ND AVE,,Local,Paved,Four-Way Intersection,N,Dark - Lighted,Clear,Dry,N,,Pedestrian,On Roadway,N,Other,None,,,None,,,N,,,,,PO,Miami Police Department,Police Department (PD),8/7/2019 2:35:00 PM,8/7/2019 2:35:00 PM,2,Y,Pedestrian,Pedestrian,No Injury,No Injury,NIGHT,N,N,N,N,N,Y,N,N,N,2,0,0,0,0,0,0,0,0,0,0,1,1,0,1,0,0,0,0,0,0,0,,,,N,0,0,Y,0,0,0,0,0,0,0,0,0,1,0,0,Preliminary,Editor Mapped,581187.5713,2851146.0343,25.7761708596474,-80.1902995117981
89244776,2019,21-AUG-2019 01:32 PM,21-AUG-2019 12:00 AM,1908210063189,L,1,2,1,66,Miami-Dade,Miami,Urban,8/21/2019 1:37:00 PM,8/21/2019 2:54:00 PM,8/21/2019 3:11:00 PM,8/21/2019 4:30:00 PM,Y,Law Enforcement,NE 18TH ST,,,,0,,BISCAYNE BLVD,,Local,Paved,Four-Way Intersection,N,Daylight,Clear,Dry,N,,Other Non-Fixed Object,On Roadway,N,Through Roadway,None,,,None,,,N,,,,,OFFICER,Miami Police Department,Police Department (PD),8/22/2019 2:42:00 PM,,1,Y,Single Vehicle,Other,Serious Injury,Incapacitating Injury,DAY,N,N,N,N,N,N,N,N,N,1,1,0,0,1,0,0,0,0,0,0,1,1,0,1,0,0,0,0,0,0,0,,,,N,0,0,Y,1,0,2,0,0,0,1,1000,1000,1,0,0,Verified,n/a,581308.9778,2853006.5049,25.7929627169726,-80.188974549743
89245755,2019,05-SEP-2019 05:45 PM,05-SEP-2019 12:00 AM,1909050067122,L,1,1,1,66,Miami-Dade,Miami,Urban,9/5/2019 5:46:00 PM,9/5/2019 5:47:00 PM,9/5/2019 6:04:00 PM,9/5/2019 7:06:00 PM,Y,Law Enforcement,S MIAMI AVE,,25.765368,-80.19325,25,South,SE 9TH ST,,Local,Paved,Not at Intersection,N,Daylight,Clear,Dry,N,,Parked Motor Vehicle,In Parking Lane or Zone,N,Through Roadway,Other,,,None,,,N,,,,,PSA,Miami Police Department,Police Department (PD),9/9/2019 1:59:00 PM,,4,Y,Single Vehicle,Other,Injury,Possible Injury,DAY,N,N,N,N,N,N,N,Y,N,0,1,1,0,0,0,0,0,0,0,0,1,1,0,0,0,0,0,0,0,0,0,,,,N,0,0,Y,0,0,0,0,0,0,1,500,500,1,0,0,Preliminary,Editor Mapped,580899.3147,2849947.3508,25.765363617689,-80.1932473110108
89246482,2019,11-SEP-2019 08:45 AM,11-SEP-2019 12:00 AM,1909110068606,L,1,2,1,66,Miami-Dade,Miami,Urban,9/11/2019 1:30:00 PM,9/11/2019 1:30:00 PM,9/11/2019 1:30:00 PM,9/11/2019 8:30:00 AM,Y,Law Enforcement,SW 27TH AVE,,,,14,South,SW 25TH TER,,Local,Paved,T-Intersection,N,Daylight,Clear,Dry,N,,Other Non-Fixed Object,On Roadway,N,Intersection,None,,,None,,,N,,,,,OFFICER,Miami Police Department,Police Department (PD),9/17/2019 2:23:00 PM,,6,Y,Single Vehicle,Other,Injury,Possible Injury,DAY,N,N,N,N,N,Y,Y,N,N,1,1,1,0,0,0,0,0,0,0,0,1,1,0,1,0,0,0,0,0,0,0,,,,N,0,0,Y,0,0,0,0,0,0,1,100,100,0,0,0,Verified,n/a,576418.6386,2847582.6803,25.7442529305862,-80.2380630069686
89246789,2019,20-SEP-2019 04:20 PM,13-APR-2020 12:00 AM,1909200071117,L,1,2,1,66,Miami-Dade,Miami,Urban,9/20/2019 4:27:00 PM,9/20/2019 4:29:00 PM,9/20/2019 4:36:00 PM,9/20/2019 5:00:00 PM,N,Law Enforcement,S DIXIE HWY,,25.732813,-80.253967,113,West,SW 37TH AVE,,Local,Paved,Four-Way Intersection,N,Daylight,Clear,Dry,N,,Pedestrian,On Roadway,N,Intersection-Related,None,,,None,,,N,,,,,PSA,Miami Police Department,Police Department (PD),4/16/2020 1:52:00 PM,4/16/2020 1:52:00 PM,209,Y,Pedestrian,Pedestrian,Injury,Non-Incapacitating Injury,DAY,N,N,N,N,N,Y,Y,N,N,0,1,0,1,0,0,0,0,0,0,0,1,1,0,1,0,0,0,0,0,0,0,,,,N,0,0,Y,0,0,0,0,0,0,0,0,0,0,0,0,Verified,n/a,574817.5405,2846278.0089,25.732555143862,-80.2540993126042
89247827,2019,05-OCT-2019 05:25 PM,03-NOV-2020 12:00 AM,1910050075260,L,1,2,1,66,Miami-Dade,Miami,Urban,10/5/2019 5:55:00 PM,10/5/2019 6:58:00 PM,10/5/2019 7:24:00 PM,10/5/2019 8:20:00 PM,N,Law Enforcement,N BAYSHORE DR,1634,25.791239,-80.186949,,,,,Parking Lot,Paved,Not at Intersection,N,Daylight,Clear,Dry,N,,Other Non-Fixed Object,Off Roadway,N,Non-Junction,None,,,None,,,N,,,,,DET,Miami Police Department,Police Department (PD),10/10/2019 2:34:00 PM,11/5/2020 2:17:00 PM,5,Y,Single Vehicle,Other,Injury,Possible Injury,DAY,N,N,N,N,N,Y,N,N,N,0,1,1,0,0,0,0,0,0,0,0,1,1,0,1,0,0,0,0,0,0,0,,,,N,0,0,Y,0,0,0,0,1,100,1,1000,1100,0,0,0,Preliminary,Editor Mapped,581511.2886,2852815.386,25.791225799209,-80.1869685095972
89277836,2019,04-DEC-2019 09:40 PM,04-DEC-2019 12:00 AM,19022673,L,1,1,18,41,Lee,Cape Coral,Urban,12/4/2019 9:40:00 PM,12/4/2019 9:40:00 PM,12/4/2019 9:42:00 PM,12/4/2019 10:01:00 PM,Y,Law Enforcement,CORONADO PKWY,,,,57,North,SE 46TH LN,,Local,Curb,Not at Intersection,N,Dark - Lighted,Clear,Dry,N,Other,Overturn/Rollover,On Roadway,N,Non-Junction,None,,,None,,,N,,,,,POLICE OFFICER,Cape Coral Police Department,Police Department (PD),12/7/2019 2:09:00 PM,,3,Y,Rollover,Rollover,Serious Injury,Incapacitating Injury,NIGHT,N,N,N,N,N,Y,N,Y,N,0,1,0,0,1,0,0,0,0,0,0,1,1,0,0,0,0,0,0,0,0,0,,,,N,0,0,Y,1,0,0,0,0,0,1,50,50,1,0,0,Preliminary,Editor Mapped,404600.6408,2938683.7654,26.5656378134884,-81.9578600585719
89278078,2019,17-DEC-2019 05:24 PM,17-DEC-2019 12:00 AM,19023645,L,1,2,18,41,Lee,Cape Coral,Urban,12/17/2019 6:24:00 PM,12/17/2019 7:18:00 PM,12/17/2019 7:18:00 PM,12/17/2019 7:35:00 PM,Y,Law Enforcement,SW 17TH PL,3300,,,0,,,,Local,Unpaved,Not at Intersection,N,Daylight,Clear,Dry,N,"Sideswipe, Same Direction",Motor Vehicle in Transport,On Roadway,N,Non-Junction,None,,,None,,,N,,,,,POLICE OFFICER,Cape Coral Police Department,Police Department (PD),12/20/2019 2:40:00 PM,,3,Y,Single Vehicle,Other,Injury,Possible Injury,DAY,N,N,N,N,N,N,N,Y,N,1,1,1,0,0,0,0,0,0,0,0,1,1,0,1,0,0,0,0,0,0,0,,,,N,0,0,Y,0,0,0,0,0,0,0,0,0,0,0,0,Preliminary,Computer mapped approximate by address,399374.1399,2941539.3918,26.5910551478398,-82.0105567686298
89328140,2019,30-SEP-2019 07:32 AM,30-SEP-2019 12:00 AM,19-14032,L,1,2,23,50,Bay,Panama City,Urban,9/30/2019 7:32:00 AM,9/30/2019 7:33:00 AM,9/30/2019 7:37:00 AM,9/30/2019 8:06:00 AM,Y,Law Enforcement,N HIGHWAY 231,,30.213362,-85.607054,206,East,TRANSMITTER RD,,U.S.,Unpaved,Not at Intersection,N,Daylight,Clear,Dry,N,,Pedalcycle,On Roadway,N,Non-Junction,None,,,None,,,N,,,,,OFFICER,Panama City Police Department,Police Department (PD),10/2/2019 2:30:00 PM,,2,N,Bicycle,Bicycle,No Injury,No Injury,DAY,N,N,N,N,N,N,N,N,N,2,0,0,0,0,0,0,0,0,0,0,1,1,0,1,0,0,0,0,0,0,0,,,,N,0,0,Y,0,0,0,0,1,200,1,1000,1200,1,0,0,Verified,n/a,56377.9012000002,3351411.5107,30.213327673194,-85.6070367344724
89331574,2019,25-AUG-2019 04:58 AM,25-AUG-2019 12:00 AM,19-280528,L,1,2,64,0,Collier,Unincorporated,Rural,8/25/2019 4:58:00 AM,8/25/2019 5:02:00 AM,8/25/2019 5:02:00 AM,8/25/2019 5:02:00 AM,Y,Law Enforcement,WHISTLERS COVE CIR,11485,26.076407,-81.720065,146,South,,,Parking Lot,Paved,Not at Intersection,N,Dark - Lighted,Clear,Dry,N,,"Other Post, Pole or Support",Shoulder,N,Non-Junction,None,,,None,,,N,,,,,DEPUTY,Collier County Sheriff's Office,Sheriff's Office (SO),8/28/2019 2:36:00 PM,,3,N,Off Road,Off Road,No Injury,No Injury,NIGHT,N,N,N,N,N,N,N,Y,N,2,0,0,0,0,0,0,0,0,0,0,1,1,0,1,0,0,0,0,0,0,0,,,,N,0,0,Y,0,0,0,0,1,1000,1,1000,2000,0,0,0,Verified,n/a,427886.3249,2884460.6629,26.0774518789938,-81.7210388166417
89333502,2019,09-NOV-2019 10:00 AM,09-NOV-2019 12:00 AM,19-376329,L,1,2,64,0,Collier,Unincorporated,Rural,11/9/2019 10:00:00 AM,11/9/2019 10:05:00 AM,11/9/2019 10:10:00 AM,11/9/2019 11:00:00 AM,Y,Law Enforcement,AIRPORT PULLING RD S,,26.128808,-81.76627,805,South,STANFORD CT,,Local,Curb,Not at Intersection,N,Daylight,Rain,Wet,N,,Pedalcycle,Roadside,N,Non-Junction,None,,,None,,,N,,,,,CPL,Collier County Sheriff's Office,Sheriff's Office (SO),11/10/2019 1:58:00 PM,11/10/2019 1:58:00 PM,1,Y,Bicycle,Bicycle,Injury,Non-Incapacitating Injury,DAY,N,N,N,N,N,N,N,N,N,1,1,0,1,0,0,0,0,0,0,0,1,1,0,1,0,0,0,0,0,0,0,,,,N,0,0,Y,0,0,0,0,0,0,0,0,0,1,0,0,Preliminary,Editor Mapped,423396.7726,2890173.0968,26.1287977587244,-81.76626121899
89345571,2019,28-DEC-2019 04:31 PM,28-DEC-2019 12:00 AM,19-013226,L,1,2,19,46,Brevard,Palm Bay,Urban,12/28/2019 4:36:00 PM,12/28/2019 4:42:00 PM,12/28/2019 4:52:00 PM,12/28/2019 5:55:00 PM,Y,Law Enforcement,HAMMOCK RD SE,,27.957432,-80.667063,0,,GODFREY RD SE,,Local,Unpaved,Four-Way Intersection,N,Daylight,Cloudy,Wet,N,,Pedalcycle,On Roadway,N,Intersection,None,,,None,,,N,,,,,TRAFFIC OFFICER,Palm Bay Police Department,Police Department (PD),1/5/2020 1:50:00 PM,,8,Y,Bicycle,Bicycle,Serious Injury,Incapacitating Injury,DAY,N,N,N,N,N,N,Y,N,N,0,2,1,0,1,0,0,0,0,0,0,1,1,0,1,0,0,0,0,0,0,0,,,,N,0,0,Y,1,0,0,0,1,50,1,500,550,1,0,0,Preliminary,Editor Mapped,532747.8186,3092529.4864,27.9574136800445,-80.6670665765868
89351476,2019,11-SEP-2019 08:45 AM,11-SEP-2019 09:27 AM,OCSO19OFF013923,L,1,4,43,55,Okaloosa,Destin,Urban,9/11/2019 8:52:00 AM,9/11/2019 8:52:00 AM,9/11/2019 8:55:00 AM,9/11/2019 10:32:00 AM,Y,Law Enforcement,MAIN STREET,,30.40261,-86.48395,10,South,KELLY STREET,,County,Paved,T-Intersection,N,Daylight,Cloudy,Dry,N,Front to Front,Pedestrian,On Roadway,Y,Intersection-Related,None,,,None,,,N,,,,,DEPUTY,Okaloosa County Sheriff's Office,Sheriff's Office (SO),9/21/2019 2:06:00 PM,,10,Y,Pedestrian,Pedestrian,Injury,Non-Incapacitating Injury,DAY,N,N,N,Y,N,N,Y,N,N,1,3,0,3,0,0,0,0,0,0,0,3,3,0,1,1,0,0,0,0,0,0,,,,N,0,0,Y,0,0,0,0,0,0,1,1000,1000,1,0,0,Verified,n/a,-27162.5385999996,3376184.5408,30.4025515532313,-86.483959407899
89410695,2019,05-DEC-2019 01:01 PM,05-DEC-2019 12:00 AM,E19120490,L,1,2,12,32,Lake,Eustis,Urban,12/5/2019 1:01:00 PM,12/5/2019 1:01:00 PM,12/5/2019 1:02:00 PM,12/5/2019 1:45:00 PM,Y,Law Enforcement,CR-452,2101,28.876124,-81.698253,,,,,Parking Lot,Unpaved,Not at Intersection,N,Daylight,Clear,Dry,N,,Pedestrian,Off Roadway,N,Non-Junction,None,,,None,,,N,,,,,OFFICER,Eustis Police Department,Police Department (PD),12/19/2019 2:42:00 PM,12/19/2019 2:42:00 PM,14,Y,Pedestrian,Pedestrian,Injury,Possible Injury,DAY,N,N,N,N,N,N,N,N,N,1,1,1,0,0,0,0,0,0,0,0,1,1,0,1,1,0,0,0,0,0,0,,,,N,0,0,Y,0,0,0,0,0,0,1,500,500,0,0,0,Preliminary,Editor Mapped,431868.8357,3194443.0237,28.8759531828808,-81.6986572562658
89427822,2019,20-NOV-2019 05:45 PM,20-NOV-2019 06:19 PM,19-834368,L,1,3,3,0,Hillsborough,Unincorporated,Rural,11/20/2019 5:52:00 PM,11/20/2019 5:52:00 PM,11/20/2019 6:02:00 PM,11/20/2019 6:23:00 PM,Y,Law Enforcement,OAK LN,,,,0,,REDWOOD TR,,County,Paved,T-Intersection,Y,Dark - Lighted,Clear,Dry,N,Angle,Other Non-Fixed Object,On Roadway,N,Intersection,None,,,None,,,N,,,,,DEP,Hillsborough County Sheriff's Office,Sheriff's Office (SO),11/23/2019 2:22:00 PM,11/23/2019 2:22:00 PM,3,Y,Single Vehicle,Other,Injury,Non-Incapacitating Injury,DAY,N,N,N,N,N,N,Y,N,N,1,2,1,1,0,0,0,0,0,0,0,2,1,0,1,0,0,0,0,0,0,0,,,,N,0,0,Y,0,0,1,0,1,20,1,2000,2020,0,0,0,Preliminary,Editor Mapped,370688.0146,3096375.0415,27.9862448429977,-82.3149497084529
89475083,2019,06-DEC-2019 11:20 AM,06-DEC-2019 12:00 AM,2019-00162973,L,1,2,47,40,Citrus,Crystal River,Urban,12/6/2019 11:24:00 AM,12/6/2019 11:31:00 AM,12/6/2019 11:31:00 AM,12/6/2019 12:15:00 PM,Y,Law Enforcement,N TURKEY OAK DR,,28.913302,-82.607036,74,South,N SUNCOAST BLVD,,U.S.,Curb,Four-Way Intersection,N,Daylight,Clear,Dry,N,,Pedalcycle,On Roadway,N,Intersection-Related,None,,,None,,,N,,,,,DEPUTY,Citrus County Sheriff's Office,Sheriff's Office (SO),12/10/2019 2:43:00 PM,,4,N,Bicycle,Bicycle,No Injury,No Injury,DAY,N,N,N,N,N,N,Y,N,N,2,0,0,0,0,0,0,0,0,0,0,1,1,0,1,0,0,0,0,0,0,0,,,,N,0,0,Y,0,0,1,0,1,50,1,350,400,1,0,0,Verified,n/a,343334.6259,3199412.9493,28.9130334897189,-82.6070187622835
89487237,2019,23-NOV-2019 11:30 PM,24-NOV-2019 12:00 AM,341911192348,L,1,3,10,38,Broward,Fort Lauderdale,Urban,11/23/2019 11:30:00 PM,11/23/2019 12:15:00 AM,11/23/2019 12:21:00 AM,11/23/2019 12:47:00 AM,Y,Law Enforcement,SW 2ND ST,217,,,41,West,,,Local,Curb,Not at Intersection,Y,Dark - Lighted,Clear,Dry,N,Angle,Pedestrian,On Roadway,N,Non-Junction,None,,,None,,,N,,,,,PUBLIC SERVICE AIDE,Fort Lauderdale Police Department,Police Department (PD),11/27/2019 2:33:00 PM,11/27/2019 2:33:00 PM,4,Y,Pedestrian,Pedestrian,No Injury,No Injury,NIGHT,N,N,N,N,N,N,N,N,N,3,0,0,0,0,0,0,0,0,0,0,1,1,0,1,0,0,1,0,0,0,0,,,,N,0,0,Y,0,0,1,0,1,100,1,1000,1100,0,0,0,Preliminary,Editor Mapped,585402.7448,2889309.6,26.1205066749782,-80.1457814231213
89488158,2019,24-DEC-2019 04:35 PM,24-DEC-2019 12:00 AM,341912209881,L,1,2,10,38,Broward,Fort Lauderdale,Urban,12/24/2019 4:35:00 PM,12/24/2019 4:35:00 PM,12/24/2019 4:41:00 PM,12/24/2019 6:32:00 PM,Y,Law Enforcement,NE 12TH CT,,,,16,West,BAYVIEW DR,,Local,Paved,T-Intersection,N,Daylight,Clear,Dry,N,Angle,Pedestrian,On Roadway,N,Non-Junction,None,,,None,,,N,,,,,PUBLIC SERVICE AIDE,Fort Lauderdale Police Department,Police Department (PD),12/26/2019 2:05:00 PM,,2,Y,Pedestrian,Pedestrian,Injury,Possible Injury,DAY,N,N,N,N,N,N,N,N,N,1,1,1,0,0,0,0,0,0,0,0,1,1,0,1,0,0,0,0,0,0,0,,,,N,0,0,Y,0,0,0,0,0,0,0,0,0,0,0,0,Verified,n/a,588611.3565,2891755.924,26.1423998471599,-80.1135244028114
89772191,2019,17-OCT-2019 05:15 PM,10-JAN-2020 12:00 AM,101910002760,L,2,1,10,36,Broward,Deerfield Beach,Urban,10/17/2019 5:15:00 PM,10/17/2019 5:15:00 PM,10/17/2019 5:30:00 PM,10/17/2019 6:30:00 PM,Y,Law Enforcement,NE 3RD AV,,,,12,North,E SAMPLE RD,,State,Paved,Not at Intersection,N,Daylight,Clear,Dry,N,Angle,Motor Vehicle in Transport,On Roadway,N,Non-Junction,None,None,,None,,,N,,,,,,Broward County Sheriff's Office,Sheriff's Office (SO),1/14/2020 2:26:00 PM,1/14/2020 2:26:00 PM,89,Y,Unknown,Unknown,No Injury,No Injury,DAY,N,N,N,N,N,Y,N,N,N,1,0,0,0,0,0,0,0,0,0,0,1,1,0,0,0,0,0,0,0,0,0,,,,N,0,0,Y,0,0,0,0,0,0,0,0,0,1,0,0,Preliminary,Editor Mapped,589952.017,2911381.2555,26.3195030528825,-80.0987486641741
24012633,2020,13-DEC-2020 09:47 AM,13-DEC-2020 12:00 AM,332012177555,L,1,4,10,44,Broward,Hollywood,Urban,12/13/2020 9:47:00 AM,12/13/2020 9:47:00 AM,12/13/2020 9:50:00 AM,12/13/2020 10:26:00 AM,Y,Law Enforcement,SHERIDAN ST,,,,0,,N 40TH AV,,State,Paved,Four-Way Intersection,N,Daylight,Clear,Dry,N,Angle,Motor Vehicle in Transport,On Roadway,N,Intersection,None,,,None,,,N,,,,,OFFICER,Hollywood Police Department,Police Department (PD),12/23/2020 2:32:00 PM,12/23/2020 2:32:00 PM,10,Y,Single Vehicle,Other,Injury,Possible Injury,DAY,N,N,N,N,N,N,Y,N,N,3,1,1,0,0,0,0,0,0,0,0,2,2,0,1,0,0,1,0,0,0,0,0,0,0,N,0,0,Y,0,0,0,0,1,200,1,50,250,0,0,0,Preliminary,Editor Mapped,581651.5713,2879568.1303,26.0327699023983,-80.1839084902602
88365131,2020,13-AUG-2020 09:11 AM,12-OCT-2020 09:20 AM,FHPD20OFF054680,L,1,3,7,46,Orange,Orlando,Rural,8/13/2020 9:16:00 AM,8/13/2020 9:42:00 AM,8/13/2020 10:10:00 AM,8/13/2020 12:00:00 PM,Y,Law Enforcement,ORANGE BLOSSOM TRAIL (US HWY 441),,28.38312,-81.40442,41,South,STABLE DRIVE,,U.S.,Curb,Four-Way Intersection,Y,Daylight,Clear,Dry,N,Other,Pedalcycle,On Roadway,Y,Intersection,None,,,None,,,N,,,,,CPL,Florida Highway Patrol,Florida Highway Patrol (FHP),8/22/2020 2:06:00 PM,10/16/2020 2:17:00 PM,9,Y,Bicycle,Bicycle,Fatality,Fatal (within 30 days),DAY,N,N,N,N,N,N,Y,N,N,2,0,0,0,0,1,1,0,0,0,0,1,1,0,1,0,0,1,0,0,0,0,0,0,0,N,0,0,Y,0,1,0,0,1,50,1,1000,1050,1,0,0,Preliminary,Editor Mapped,460357.6359,3139697.0992,28.3830011691467,-81.4046248156268
24021620,2020,21-JUL-2020 02:24 PM,21-JUL-2020 12:00 AM,02-078694,L,1,2,16,48,Sarasota,North Port,Urban,7/21/2020 2:24:00 PM,7/21/2020 2:24:00 PM,7/21/2020 2:24:00 PM,7/21/2020 3:18:00 PM,Y,Law Enforcement,ACCESS RD,,27.039764,-82.225153,428,East,,,Local,Unpaved,Not at Intersection,Y,Daylight,Cloudy,Dry,N,,Pedalcycle,Roadside,N,Non-Junction,None,,,None,,,N,,,,,PFC,North Port Police Department,Police Department (PD),7/28/2020 2:20:00 PM,,7,Y,Bicycle,Bicycle,Injury,Possible Injury,DAY,N,N,N,N,N,N,N,N,N,1,1,1,0,0,0,0,0,0,0,0,1,1,0,1,0,0,0,0,0,0,0,0,0,0,N,0,0,Y,0,0,1,0,0,0,1,3000,3000,1,0,0,Verified,n/a,378452.2412,2991476.3179,27.0401778415808,-82.2254728932694
24032662,2020,21-NOV-2020 05:20 PM,21-NOV-2020 12:00 AM,200007984,L,1,2,8,56,Volusia,Port Orange,Urban,11/21/2020 5:21:00 PM,11/21/2020 5:22:00 PM,11/21/2020 5:23:00 PM,11/21/2020 6:06:00 PM,Y,Law Enforcement,SR 5 (RIDGEWOOD AV),,,,0,,CHARLES ST,,State,Curb,T-Intersection,,Daylight,Cloudy,Dry,N,Angle,Pedestrian,On Roadway,N,Intersection,None,,,None,,,N,,,,,Ofc.,Port Orange Police Department,Police Department (PD),11/29/2020 2:16:00 PM,,8,Y,Pedestrian,Pedestrian,Injury,Possible Injury,DAY,N,N,N,N,N,N,Y,N,N,1,1,1,0,0,0,0,0,0,0,0,1,1,0,1,0,0,0,0,0,0,0,0,0,0,N,0,0,Y,0,0,0,0,1,1300,1,1000,2300,0,0,0,Verified,n/a,501078.3116,3224194.4748,29.1462985994282,-80.9889133841225
24050433,2020,15-DEC-2020 03:40 PM,15-DEC-2020 12:00 AM,2020-06346,L,1,2,5,62,Polk,Winter Haven,Urban,12/15/2020 3:40:00 PM,12/15/2020 3:41:00 PM,12/15/2020 3:44:00 PM,12/15/2020 4:04:00 PM,Y,Law Enforcement,6TH ST SW,,,,106,North,AVE C SW,,Local,Paved,Not at Intersection,,Daylight,Clear,Dry,N,Other,Pedalcycle,On Roadway,N,Non-Junction,None,,,None,,,N,,,,,Off.,Winter Haven Police Department,Police Department (PD),12/25/2020 2:07:00 PM,,10,Y,Bicycle,Bicycle,Injury,Non-Incapacitating Injury,DAY,N,N,N,N,N,N,N,N,N,1,1,0,1,0,0,0,0,0,0,0,1,1,0,1,0,0,0,0,0,0,0,0,0,0,N,0,0,Y,0,0,0,0,0,0,1,100,100,0,0,0,Verified,n/a,427919.4929,3099519.1927,28.0189586912054,-81.7332198057946
24062061,2020,05-OCT-2020 04:52 PM,05-OCT-2020 12:00 AM,20200015086,L,1,2,6,94,Palm Beach,West Palm Beach,Urban,10/5/2020 4:52:00 PM,10/5/2020 4:53:00 PM,10/5/2020 4:54:00 PM,10/5/2020 5:52:00 PM,Y,Law Enforcement,BELVEDERE RD,,,,0,,N FLORIDA MANGO RD,,County,Curb,Not at Intersection,N,Daylight,Cloudy,Dry,N,Other,Pedalcycle,On Roadway,N,Intersection-Related,None,,,None,,,N,,,,,COMMUNITY SERVICE AIDE,West Palm Beach Police Department,Police Department (PD),10/16/2020 2:17:00 PM,,11,Y,Bicycle,Bicycle,Serious Injury,Incapacitating Injury,DAY,N,N,N,N,N,Y,Y,N,N,0,1,0,0,1,0,0,0,0,0,0,1,1,0,1,0,0,0,0,0,0,0,0,0,0,N,0,0,Y,1,0,0,0,1,300,0,0,300,1,0,0,Preliminary,Editor Mapped,591641.7764,2952552.3269,26.6910904428023,-80.0788607063268
24065491,2020,21-AUG-2020 01:50 PM,24-AUG-2020 12:00 AM,2020-00260998,L,1,2,7,46,Orange,Orlando,Urban,8/21/2020 1:54:00 PM,8/21/2020 1:54:00 PM,8/21/2020 2:00:00 PM,8/21/2020 2:00:00 PM,Y,Law Enforcement,W WASHINGTON ST,151,,,151,South,,,Local,Paved,Not at Intersection,,Daylight,Cloudy,Dry,N,Angle,Pedestrian,Off Roadway,N,Driveway/Alley Access Related,None,,,None,,,N,,,,,CSO.,Orlando Police Department,Police Department (PD),9/3/2020 2:10:00 PM,,13,Y,Pedestrian,Pedestrian,Injury,Possible Injury,DAY,N,N,N,N,N,N,N,N,N,1,1,1,0,0,0,0,0,0,0,0,1,1,0,1,0,0,0,0,0,0,0,0,0,0,N,0,0,Y,0,0,0,0,0,0,0,0,0,0,0,0,Preliminary,Editor Mapped,463215.8692,3157570.6894,28.5444204470085,-81.3760223333763
24066383,2020,04-OCT-2020 02:28 AM,09-OCT-2020 12:00 AM,2020-00311829,L,1,4,7,46,Orange,Orlando,Urban,10/4/2020 2:28:00 AM,10/4/2020 2:28:00 AM,10/4/2020 2:28:00 AM,10/4/2020 3:00:00 AM,Y,Law Enforcement,S MAGNOLIA AV,,,,97,North,E PINE ST,,Local,Curb,Not at Intersection,,Dark - Lighted,Clear,Dry,N,Front to Front,Motor Vehicle in Transport,On Roadway,N,Non-Junction,None,,,None,,,N,,,,,,Orlando Police Department,Police Department (PD),10/19/2020 1:55:00 PM,10/19/2020 1:55:00 PM,15,Y,Single Vehicle,Other,Injury,Possible Injury,NIGHT,N,N,N,N,N,N,N,Y,N,3,1,1,0,0,0,0,0,0,0,0,2,2,0,1,0,0,1,0,0,0,0,0,0,0,N,0,0,Y,0,0,0,0,0,0,1,200,200,0,0,0,Preliminary,Editor Mapped,463076.3231,3157257.2189,28.5415869845438,-81.3774387185667
24086890,2020,25-AUG-2020 05:37 PM,25-AUG-2020 12:00 AM,0220011878,L,1,3,11,34,Alachua,Gainesville,Urban,8/25/2020 5:37:00 PM,8/25/2020 5:38:00 PM,8/25/2020 5:40:00 PM,8/25/2020 6:30:00 PM,Y,Law Enforcement,SW 5TH AVE,1102,,,326,East,,,Local,Paved,Not at Intersection,N,Daylight,Clear,Dry,N,Other,Pedalcycle,On Roadway,N,Intersection-Related,None,,,None,,,N,,,,,OFFICER,Gainesville Police Department,Police Department (PD),9/1/2020 2:32:00 PM,9/1/2020 2:32:00 PM,7,Y,Bicycle,Bicycle,Injury,Possible Injury,DAY,N,N,N,N,N,N,Y,N,N,2,1,1,0,0,0,0,0,0,0,0,2,2,0,1,0,0,0,0,0,0,0,0,0,0,N,0,0,Y,0,0,2,0,0,0,1,200,200,0,0,0,Preliminary,Editor Mapped,370679.3936,3280478.5771,29.6475549738682,-82.3360784158611
24105211,2020,15-OCT-2020 02:48 PM,15-OCT-2020 12:00 AM,20-082911,L,1,3,16,0,Sarasota,Unincorporated,Rural,10/15/2020 2:49:00 PM,10/15/2020 2:50:00 PM,10/15/2020 3:01:00 PM,10/15/2020 4:15:00 PM,Y,Law Enforcement,BENEVA RD,,27.285774,-82.497691,,,MACEACHEN BLVD,,County,Curb,T-Intersection,N,Daylight,Clear,Dry,N,,Pedestrian,On Roadway,N,Intersection-Related,None,,,None,,,N,,,,,DEP,Sarasota County Sheriff's Office,Sheriff's Office (SO),10/16/2020 2:17:00 PM,10/16/2020 2:17:00 PM,1,Y,Pedestrian,Pedestrian,Injury,Possible Injury,DAY,N,N,N,Y,N,N,Y,N,N,2,1,1,0,0,0,0,0,0,0,0,1,1,0,1,0,0,1,0,0,0,0,0,0,0,N,0,0,Y,0,0,2,0,0,0,1,100,100,0,0,0,Preliminary,Editor Mapped,351774.8115,3018975.7588,27.2857698760238,-82.497681884397
24162926,2020,09-DEC-2020 05:00 PM,09-DEC-2020 12:00 AM,20135091,L,1,2,6,0,Palm Beach,Unincorporated,Urban,12/9/2020 5:00:00 PM,12/9/2020 5:01:00 PM,12/9/2020 5:11:00 PM,12/9/2020 5:30:00 PM,Y,Law Enforcement,S. JOG ROAD,,,,0,,SPRING MEADOW DRIVE,,Local,Curb,Four-Way Intersection,N,Daylight,Clear,Dry,N,Other,Motor Vehicle in Transport,On Roadway,N,Intersection,None,,,None,,,N,,,,,CSA,Palm Beach County Sheriff's Office,Sheriff's Office (SO),12/12/2020 2:14:00 PM,12/12/2020 2:14:00 PM,3,Y,Single Vehicle,Other,Injury,Non-Incapacitating Injury,DAY,N,N,N,N,N,N,Y,N,N,1,1,0,1,0,0,0,0,0,0,0,1,1,0,1,0,0,0,0,0,0,0,0,0,0,N,0,0,Y,0,0,0,0,0,0,1,300,300,0,0,0,Preliminary,Editor Mapped,585052.3096,2949457.5699,26.6635651718863,-80.1452970520035
24206123,2020,18-NOV-2020 09:24 PM,18-NOV-2020 12:00 AM,2011180065426,L,1,2,1,66,Miami-Dade,Miami,Urban,11/18/2020 9:30:00 PM,11/18/2020 10:10:00 PM,11/18/2020 10:25:00 PM,11/18/2020 10:25:00 PM,Y,Law Enforcement,S. MIAMI AVE,,,,59,West,SW 15 RD,,Local,Paved,Roundabout,N,Dark - Lighted,Clear,Dry,N,,Other Non-Fixed Object,On Roadway,N,Other,None,,,None,,,N,,,,,OFFICER,Miami Police Department,Police Department (PD),11/24/2020 2:47:00 PM,11/24/2020 2:47:00 PM,6,Y,Single Vehicle,Other,Serious Injury,Incapacitating Injury,NIGHT,N,N,N,N,N,Y,N,N,N,0,1,0,0,1,0,0,0,0,0,0,1,1,0,1,0,0,0,0,0,0,0,0,0,0,N,0,0,Y,1,0,0,0,0,0,0,0,0,0,0,1,Preliminary,Editor Mapped,580801.0724,2849188.9959,25.7585216602832,-80.1942731583532
24208015,2020,27-DEC-2020 05:14 PM,27-DEC-2020 12:00 AM,2012270073735,L,1,2,1,66,Miami-Dade,Miami,Urban,12/27/2020 5:15:00 PM,12/27/2020 5:16:00 PM,12/27/2020 5:16:00 PM,12/27/2020 6:00:00 PM,Y,Law Enforcement,FAIR ISLE,,,,0,,S BAYSHORE DRIVE,,Local,Paved,T-Intersection,N,Daylight,Clear,Dry,N,,Immersion,On Roadway,N,Intersection-Related,None,,,None,,,N,,,,,OFC,Miami Police Department,Police Department (PD),12/28/2020 2:01:00 PM,12/28/2020 2:01:00 PM,1,Y,Single Vehicle,Other,Injury,Non-Incapacitating Injury,DAY,N,N,N,N,N,N,Y,N,N,1,1,0,1,0,0,0,0,0,0,0,1,1,0,1,0,0,0,0,0,0,0,0,0,0,N,0,0,Y,0,0,1,0,0,0,1,0,0,1,0,0,Preliminary,Editor Mapped,577925.5975,2847015.4239,25.7390515994138,-80.2230721722137
24249927,2020,29-DEC-2020 01:20 PM,29-DEC-2020 12:00 AM,20-011539,L,1,2,19,46,Brevard,Palm Bay,Urban,12/29/2020 1:20:00 PM,12/29/2020 1:23:00 PM,12/29/2020 1:25:00 PM,12/29/2020 2:17:00 PM,Y,Law Enforcement,BELLEVUE ST NE,,28.011558,-80.645701,0,,EMERSON DR NE,,Local,Unpaved,Four-Way Intersection,N,Daylight,Clear,Dry,N,,Pedestrian,On Roadway,N,Intersection,None,,,None,,,N,,,,,OFFICER,Palm Bay Police Department,Police Department (PD),12/31/2020 2:13:00 PM,12/31/2020 2:13:00 PM,2,N,Pedestrian,Pedestrian,No Injury,No Injury,DAY,N,N,N,Y,N,N,Y,N,N,2,0,0,0,0,0,0,0,0,0,0,1,1,0,1,0,0,0,0,0,0,0,0,0,0,N,0,0,Y,0,0,1,0,0,0,1,500,500,0,0,0,Preliminary,Editor Mapped,534832.215,3098532.667,28.0115523696962,-80.6456986180159
88180885,2020,20-APR-2020 02:30 PM,20-APR-2020 02:58 PM,FHPL20OFF021524,L,1,2,57,0,Okeechobee,Unincorporated,Urban,4/20/2020 2:47:00 PM,4/20/2020 2:48:00 PM,4/20/2020 2:49:00 PM,4/20/2020 3:40:00 PM,Y,Law Enforcement,US-98,,27.24669,-80.849,0,,NW 4TH ST,,State,Paved,T-Intersection,N,Daylight,Clear,Dry,N,Angle,Pedalcycle,On Roadway,Y,Intersection-Related,None,,,None,,,N,,,,,TPR,Florida Highway Patrol,Florida Highway Patrol (FHP),4/29/2020 1:49:00 PM,,9,Y,Bicycle,Bicycle,Injury,Non-Incapacitating Injury,DAY,N,N,N,N,N,N,Y,N,N,1,1,0,1,0,0,0,0,0,0,0,1,1,0,1,0,0,0,0,0,0,0,0,0,0,N,0,0,Y,0,0,1,0,1,450,1,500,950,1,0,0,Verified,n/a,516846.206,3013794.1272,27.2469045577002,-80.8298322926446
88262805,2020,17-APR-2020 02:20 PM,24-MAY-2021 04:02 PM,FHPC20OFF036428,L,1,2,4,0,Pinellas,Unincorporated,Rural,4/17/2020 2:22:00 PM,4/17/2020 2:24:00 PM,4/17/2020 2:24:00 PM,4/17/2020 4:00:00 PM,Y,Law Enforcement,US HIGHWAY 19 (34TH STREET N),,27.82109,-82.67945,0,,54TH AVENUE N,,U.S.,Curb,Four-Way Intersection,N,Daylight,Clear,Dry,N,Other,Pedalcycle,On Roadway,N,Crossover-Related,None,,,None,,,N,,,,,CPL,Florida Highway Patrol,Florida Highway Patrol (FHP),4/30/2020 2:08:00 PM,6/1/2021 1:58:00 PM,13,Y,Bicycle,Bicycle,Serious Injury,Incapacitating Injury,DAY,N,N,N,N,N,N,N,N,N,1,1,0,0,1,0,0,0,0,0,0,1,1,0,1,0,0,0,0,0,0,0,0,0,0,N,0,0,Y,1,0,1,0,1,200,1,8000,8200,1,0,0,Preliminary,Editor Mapped,334587.4131,3078498.0275,27.820932342829,-82.6794418583628
88263457,2020,26-NOV-2020 11:40 AM,02-DEC-2020 06:39 AM,FHPE20OFF050343,L,1,2,38,42,Monroe,Key West,Urban,11/26/2020 11:46:00 AM,11/26/2020 11:47:00 AM,11/26/2020 12:17:00 PM,11/26/2020 1:02:00 PM,Y,Law Enforcement,KEY HAVEN ROAD,,24.5775305506352,-81.7331299156849,0,,ALLAMANDA AVENUE,,Local,Unpaved,T-Intersection,N,Daylight,Clear,Dry,N,"Sideswipe, Same Direction",Other Non-Fixed Object,On Roadway,N,Non-Junction,None,,,None,,,N,,,,,TPR,Florida Highway Patrol,Florida Highway Patrol (FHP),11/29/2020 2:16:00 PM,12/3/2020 2:46:00 PM,3,Y,Single Vehicle,Other,Injury,Non-Incapacitating Injury,DAY,N,N,N,N,N,N,N,Y,N,1,1,0,1,0,0,0,0,0,0,0,1,1,0,1,0,0,0,0,0,0,0,0,0,0,N,0,0,Y,0,0,1,0,1,100,1,500,600,0,0,0,Preliminary,Editor Mapped,425770.3503,2718366.3756,24.5775235237003,-81.7331045128756
88271857,2020,09-JAN-2020 04:30 PM,09-JAN-2020 04:51 PM,FHPD20OFF002436,L,1,2,7,30,Orange,Apopka,Rural,1/9/2020 4:35:00 PM,1/9/2020 4:40:00 PM,1/9/2020 4:42:00 PM,1/9/2020 5:17:00 PM,Y,Law Enforcement,ELLA J GILMORE STREET,,28.66112,-81.51244,85,West,CENTRAL AVENUE,,Local,Curb,Not at Intersection,N,Daylight,Clear,Dry,N,Other,Pedalcycle,On Roadway,N,Non-Junction,None,,,None,,,N,,,,,TROOPER,Florida Highway Patrol,Florida Highway Patrol (FHP),1/17/2020 2:29:00 PM,,8,Y,Bicycle,Bicycle,Injury,Non-Incapacitating Injury,DAY,N,N,N,N,N,N,N,N,N,1,1,0,1,0,0,0,0,0,0,0,1,1,0,1,0,0,0,0,0,0,0,0,0,0,N,0,0,Y,0,0,0,0,0,0,0,0,0,0,0,0,Preliminary,Editor Mapped,450000.1764,3170546.3534,28.6610993088503,-81.5116817647566
88280176,2020,28-APR-2020 06:21 PM,28-APR-2020 07:21 PM,FHPF20OFF018169,L,1,3,16,0,Sarasota,Unincorporated,Rural,4/28/2020 6:25:00 PM,4/28/2020 6:34:00 PM,4/28/2020 7:21:00 PM,4/28/2020 7:33:00 PM,Y,Law Enforcement,MAVERICK AVENUE,,27.29649,-82.46052,947,South,BEE RIDGE ROAD,,Local,Unpaved,Not at Intersection,N,Daylight,Clear,Dry,N,Other,Pedalcycle,On Roadway,N,Non-Junction,None,,,None,,,N,,,,,TPR,Florida Highway Patrol,Florida Highway Patrol (FHP),4/30/2020 2:08:00 PM,,2,Y,Bicycle,Bicycle,Serious Injury,Incapacitating Injury,DAY,N,N,N,N,N,N,N,N,N,2,1,0,0,1,0,0,0,0,0,0,1,1,0,1,0,0,1,0,0,0,0,0,0,0,N,0,0,Y,1,0,0,0,1,50,0,0,50,1,0,0,Preliminary,Editor Mapped,355433.245,3020072.7683,27.2960615560421,-82.460856137861
88280598,2020,25-JAN-2020 04:31 PM,09-JUN-2020 05:20 AM,FHPD20OFF007270,L,1,1,26,40,Osceola,Kissimmee,Rural,1/25/2020 4:34:00 PM,1/25/2020 4:55:00 PM,1/25/2020 5:58:00 PM,1/25/2020 6:30:00 PM,Y,Law Enforcement,SOUTHPORT ROAD,,28.1542577229706,-81.4398896534411,13,East,PLEASANT HILL ROAD,,County,Paved,Four-Way Intersection,N,Daylight,Clear,Dry,N,Angle,Pedalcycle,On Roadway,N,Intersection,None,,,None,,,N,,,,,TPR,Florida Highway Patrol,Florida Highway Patrol (FHP),2/9/2020 1:53:00 PM,6/10/2020 2:08:00 PM,15,Y,Bicycle,Bicycle,No Injury,No Injury,DAY,N,N,N,N,N,Y,Y,N,N,1,0,0,0,0,0,0,0,0,0,0,1,1,0,0,0,0,0,0,0,0,0,0,0,0,N,0,0,Y,0,0,0,0,1,150,0,0,150,0,0,0,Preliminary,Editor Mapped,456813.5598,3114366.462,28.1542375182685,-81.4398578988338
88289394,2020,18-FEB-2020 05:10 PM,18-FEB-2020 08:12 PM,FHPD20OFF014501,L,1,3,7,0,Orange,Unincorporated,Rural,2/18/2020 5:12:00 PM,2/18/2020 7:40:00 PM,2/18/2020 8:00:00 PM,2/18/2020 8:45:00 PM,Y,Law Enforcement,STATE ROAD 436 (SEMORAN BLVD),,28.59727,-81.30715,0,,UNIVERSITY BLVD,,State,Curb,Four-Way Intersection,N,Daylight,Clear,Dry,N,Front to Rear,Motor Vehicle in Transport,On Roadway,N,Intersection,None,,,None,,,N,,,,,TROOPER,Florida Highway Patrol,Florida Highway Patrol (FHP),3/1/2020 1:45:00 PM,,12,Y,Single Vehicle,Other,Injury,Non-Incapacitating Injury,DAY,N,N,N,Y,N,N,Y,N,N,1,2,0,2,0,0,0,0,0,0,0,2,2,0,1,0,1,0,0,0,0,0,0,0,0,N,0,0,Y,0,0,4,0,0,0,0,0,0,0,0,2,Verified,n/a,469958.1047,3163431.1497,28.5974927400901,-81.3072550105324
88293035,2020,29-FEB-2020 11:45 AM,29-FEB-2020 02:40 PM,FHPD20OFF017933,L,1,3,26,40,Osceola,Kissimmee,Rural,2/29/2020 11:50:00 AM,2/29/2020 1:58:00 PM,2/29/2020 2:25:00 PM,2/29/2020 3:00:00 PM,Y,Law Enforcement,US 192 (IRLO BRONSON MEMORIAL HWY),,28.27878,-81.34309,433,West,PARTIN SETTLEMENT ROAD,,U.S.,Paved,Not at Intersection,N,Daylight,Clear,Dry,N,Other,Pedalcycle,On Roadway,N,Non-Junction,None,,,None,,,N,,,,,TROOPER,Florida Highway Patrol,Florida Highway Patrol (FHP),3/9/2020 2:08:00 PM,,9,Y,Bicycle,Bicycle,Injury,Non-Incapacitating Injury,DAY,N,N,N,N,N,N,N,N,N,2,1,0,1,0,0,0,0,0,0,0,1,1,0,1,0,0,1,0,0,0,0,0,0,0,N,0,0,Y,0,0,0,0,1,400,1,1000,1400,0,0,0,Verified,n/a,466221.2667,3128213.4192,28.2795060177934,-81.344442009932
88298023,2020,30-MAR-2020 02:47 PM,30-MAR-2020 03:15 PM,FHPD20OFF025569,S,1,2,26,0,Osceola,Unincorporated,Rural,3/30/2020 2:53:00 PM,3/30/2020 2:56:00 PM,3/30/2020 3:00:00 PM,3/30/2020 3:44:00 PM,Y,Law Enforcement,MICHIGAN AVENUE,,28.33699,-81.39001,1,North,MILL RUN BOULEVARD,,Local,Curb,T-Intersection,N,Daylight,Clear,Dry,N,Angle,Pedalcycle,On Roadway,N,Intersection,None,,,None,,,N,,,,,TPR,Florida Highway Patrol,Florida Highway Patrol (FHP),4/8/2020 1:51:00 PM,,9,N,Bicycle,Bicycle,No Injury,No Injury,DAY,N,N,N,N,N,N,Y,N,N,2,0,0,0,0,0,0,0,0,0,0,1,1,0,1,0,0,0,0,0,0,0,0,0,0,N,0,0,Y,0,0,0,0,1,135,0,0,135,0,0,0,Preliminary,Editor Mapped,461769.552,3134595.8244,28.3369959612081,-81.3900454673337
88304140,2020,23-MAY-2020 05:20 PM,23-MAY-2020 07:05 PM,FHPD20OFF034991,L,1,2,26,40,Osceola,Kissimmee,Rural,5/23/2020 5:25:00 PM,5/23/2020 5:38:00 PM,5/23/2020 6:52:00 PM,5/23/2020 7:00:00 PM,Y,Law Enforcement,2962 PLEASANT HILL RD,,28.20592,-81.43997,,,PLEASANT HILL RD,,Parking Lot,Curb,Not at Intersection,N,Daylight,Clear,Dry,N,Other,Motor Vehicle in Transport,On Roadway,N,Non-Junction,None,,,None,,,N,,,,,TPR,Florida Highway Patrol,Florida Highway Patrol (FHP),5/28/2020 2:11:00 PM,5/28/2020 2:11:00 PM,5,Y,Single Vehicle,Other,Injury,Possible Injury,DAY,N,N,N,N,N,N,N,N,N,1,1,1,0,0,0,0,0,0,0,0,1,1,0,1,0,0,0,0,0,0,0,0,0,0,N,0,0,Y,0,0,0,0,0,0,1,500,500,0,0,0,Preliminary,Editor Mapped,456734.5539,3120759.5966,28.2119444054712,-81.4408992098851
88304984,2020,03-MAR-2020 11:01 AM,03-MAR-2020 03:42 PM,FHPD20OFF018806,L,1,2,7,54,Orange,Winter Park,Rural,3/3/2020 11:06:00 AM,3/3/2020 3:03:00 PM,3/3/2020 3:28:00 PM,3/3/2020 4:13:00 PM,Y,Law Enforcement,FORSYTH RD,,28.59739,-81.29899,46,South,UNIVERSITY BLVD,,County,Paved,Four-Way Intersection,N,Daylight,Clear,Dry,N,Other,Pedestrian,On Roadway,N,Intersection,None,,,None,,,N,,,,,TROOPER,Florida Highway Patrol,Florida Highway Patrol (FHP),3/10/2020 2:43:00 PM,,7,Y,Pedestrian,Pedestrian,Injury,Possible Injury,DAY,N,N,N,Y,N,N,Y,N,N,1,1,1,0,0,0,0,0,0,0,0,1,1,0,1,0,0,0,0,0,0,0,0,0,0,N,0,0,Y,0,0,1,0,0,0,0,0,0,1,0,0,Preliminary,Editor Mapped,470779.1152,3163403.1163,28.5972584622733,-81.2988574633275
88311623,2020,29-JUN-2020 04:58 PM,29-JUN-2020 05:29 PM,FHPD20OFF043709,L,1,2,8,56,Volusia,Port Orange,Rural,6/29/2020 4:58:00 PM,6/29/2020 5:00:00 PM,6/29/2020 5:16:00 PM,6/29/2020 6:48:00 PM,Y,Law Enforcement,CARDINAL BOULEVARD,,29.14973,-80.96936,0,,RAYMOND AVENUE,,Local,Unpaved,Four-Way Intersection,N,Daylight,Clear,Dry,N,Angle,Motor Vehicle in Transport,On Roadway,N,Intersection,None,,,None,,,N,,,,,TPR,Florida Highway Patrol,Florida Highway Patrol (FHP),7/8/2020 2:21:00 PM,,9,Y,Single Vehicle,Other,Serious Injury,Incapacitating Injury,DAY,N,N,N,N,N,N,Y,N,N,0,2,1,0,1,0,0,0,0,0,0,1,1,0,1,0,0,0,0,0,0,0,0,0,0,N,0,0,Y,1,0,0,0,1,8000,1,4500,12500,1,0,0,Preliminary,Editor Mapped,502980.2407,3224575.659,29.1497360352111,-80.9693577598573
88315258,2020,20-MAR-2020 10:05 AM,20-MAR-2020 10:25 AM,FHPD20OFF023812,L,1,2,7,0,Orange,Unincorporated,Rural,3/20/2020 10:08:00 AM,3/20/2020 10:12:00 AM,3/20/2020 10:15:00 AM,3/20/2020 11:29:00 AM,Y,Law Enforcement,FOXBOWER ROAD,,28.5687453082818,-81.2475362870542,0,,STATE ROAD 50 (COLONIAL DRIVE),,County,Curb,T-Intersection,N,Daylight,Clear,Dry,N,Other,Pedalcycle,On Roadway,N,Intersection-Related,None,,,None,,,N,,,,,TROOPER,Florida Highway Patrol,Florida Highway Patrol (FHP),3/28/2020 1:48:00 PM,,8,Y,Bicycle,Bicycle,Serious Injury,Incapacitating Injury,DAY,N,N,N,Y,N,N,Y,N,N,1,1,0,0,1,0,0,0,0,0,0,1,1,0,1,0,0,0,0,0,0,0,0,0,0,N,0,0,Y,1,0,1,0,0,0,1,100,100,1,0,0,Verified,n/a,475826.0003,3160252.6577,28.5689249453328,-81.2471742291804
88317057,2020,16-JUN-2020 11:00 AM,16-JUN-2020 11:45 AM,FHPC20OFF053632,L,1,2,28,0,Pasco,Unincorporated,Rural,6/16/2020 11:01:00 AM,6/16/2020 11:02:00 AM,6/16/2020 11:24:00 AM,6/16/2020 12:30:00 PM,Y,Law Enforcement,SR-52,,28.33119,-82.66254,398,South,CANTON AVE,,State,Paved,Not at Intersection,N,Daylight,Cloudy,Dry,N,Angle,Pedalcycle,On Roadway,N,Driveway/Alley Access Related,None,,,None,,,N,,,,,TPR,Florida Highway Patrol,Florida Highway Patrol (FHP),6/21/2020 1:48:00 PM,6/21/2020 1:48:00 PM,5,Y,Bicycle,Bicycle,Serious Injury,Incapacitating Injury,DAY,N,N,N,N,N,N,N,N,N,1,1,0,0,1,0,0,0,0,0,0,1,1,0,1,0,0,0,0,0,0,0,0,0,0,N,0,0,Y,1,0,2,0,0,0,1,2500,2500,1,0,0,Preliminary,Editor Mapped,337047.0475,3134986.496,28.3309518897925,-82.6623085340906
88317992,2020,19-MAR-2020 01:11 PM,05-MAY-2020 07:53 AM,FHPC20OFF029956,L,1,2,28,0,Pasco,Unincorporated,Rural,3/19/2020 1:11:00 PM,3/19/2020 2:00:00 PM,3/19/2020 2:07:00 PM,3/19/2020 4:00:00 PM,Y,Law Enforcement,STATE ROAD 54,,28.21696,-82.70919,0,,VIRGINIA CITY DRIVE,,State,Curb,T-Intersection,N,Daylight,Clear,Dry,N,Other,Pedalcycle,On Roadway,N,Intersection,None,,,None,,,N,,,,,TPR,Florida Highway Patrol,Florida Highway Patrol (FHP),4/7/2020 2:02:00 PM,5/14/2020 2:00:00 PM,19,Y,Bicycle,Bicycle,Injury,Non-Incapacitating Injury,DAY,N,N,N,N,N,Y,Y,N,N,1,1,0,1,0,0,0,0,0,0,0,1,1,0,1,0,0,0,0,0,0,0,0,0,0,N,0,0,Y,0,0,3,0,1,100,0,0,100,1,0,0,Verified,n/a,332272.3324,3122419.2735,28.2169570679956,-82.7091872165979
88327629,2020,01-AUG-2020 10:50 AM,01-AUG-2020 11:37 AM,FHPC20OFF068350,L,1,6,4,0,Pinellas,Unincorporated,Rural,8/1/2020 10:51:00 AM,8/1/2020 10:52:00 AM,8/1/2020 10:54:00 AM,8/1/2020 1:04:00 PM,Y,Law Enforcement,CR-611 (EAST LAKE ROAD),,28.0895548183253,-82.6989963701192,301,North,SANDY POINT ROAD,,County,Paved,Not at Intersection,N,Daylight,Clear,Dry,N,"Sideswipe, Same Direction",Pedalcycle,On Roadway,N,Non-Junction,None,,,None,,,N,,,,,TPR,Florida Highway Patrol,Florida Highway Patrol (FHP),8/11/2020 2:23:00 PM,,10,Y,Bicycle,Bicycle,Injury,Possible Injury,DAY,N,N,N,Y,N,N,N,Y,N,4,2,2,0,0,0,0,0,0,0,0,2,2,0,1,0,0,3,0,0,0,0,0,0,0,N,0,0,Y,0,0,4,0,1,100,1,200,300,0,1,0,Preliminary,Editor Mapped,333106.4101,3108369.3967,28.0902894363233,-82.698688131555
88335250,2020,21-JUN-2020 08:31 PM,21-JUN-2020 09:13 PM,FHPA20OFF020545,L,1,2,9,0,Escambia,Unincorporated,Rural,6/21/2020 8:31:00 PM,6/21/2020 8:33:00 PM,6/21/2020 8:54:00 PM,6/21/2020 10:34:00 PM,Y,Law Enforcement,MASSACHUSETTS AVE,,30.45632,-87.24743,0,,CONCORDIA AVE,,Local,Paved,T-Intersection,N,Dark - Lighted,Clear,Dry,N,Angle,Pedalcycle,On Roadway,N,Intersection-Related,None,,,None,,,N,,,,,TPR,Florida Highway Patrol,Florida Highway Patrol (FHP),6/30/2020 2:20:00 PM,6/30/2020 2:20:00 PM,9,Y,Bicycle,Bicycle,Injury,Possible Injury,NIGHT,N,N,N,N,N,N,Y,N,N,1,1,1,0,0,0,0,0,0,0,0,1,1,0,1,1,0,0,0,0,0,0,0,0,0,N,0,0,Y,0,0,1,0,0,0,1,1000,1000,1,0,0,Preliminary,Editor Mapped,-100358.0576,3385980.4346,30.4562945958293,-87.2474488218708
88335253,2020,29-JUN-2020 06:59 PM,29-JUN-2020 08:13 PM,FHPA20OFF021665,L,1,2,9,0,Escambia,Unincorporated,Rural,6/29/2020 6:59:00 PM,6/29/2020 7:03:00 PM,6/29/2020 7:20:00 PM,6/29/2020 7:30:00 PM,Y,Law Enforcement,4500 MOBILE HWY (AMERICAN FREIGHT),,30.4342,-87.27603,,,FAIRFIELD DR,,U.S.,Paved,Not at Intersection,N,Daylight,Clear,Dry,N,Angle,Pedalcycle,In Parking Lane or Zone,N,Non-Junction,None,,,None,,,N,,,,,TPR,Florida Highway Patrol,Florida Highway Patrol (FHP),7/6/2020 1:51:00 PM,7/6/2020 1:51:00 PM,7,Y,Bicycle,Bicycle,Injury,Possible Injury,DAY,N,N,N,N,N,N,N,N,N,1,1,1,0,0,0,0,0,0,0,0,1,1,0,1,0,0,0,0,0,0,0,0,0,0,N,0,0,Y,0,0,0,0,0,0,1,100,100,1,0,0,Preliminary,Editor Mapped,-103200.259,3383728.3448,30.4346759359867,-87.2755771926134
88340986,2020,04-MAY-2020 06:56 PM,15-OCT-2020 06:27 PM,FHPF20OFF018896,L,1,3,18,0,Lee,Unincorporated,Rural,5/4/2020 6:59:00 PM,5/4/2020 7:00:00 PM,5/4/2020 7:00:00 PM,5/4/2020 10:10:00 PM,Y,Law Enforcement,COUNTY ROAD 876 (DANIELS PARKWAY),,26.5473486418789,-81.8083219818033,0,,APALOOSA LANE,,County,Unpaved,Four-Way Intersection,Y,Daylight,Clear,Dry,N,Angle,Pedalcycle,On Roadway,N,Intersection,None,,,None,,,N,,,,,TPR,Florida Highway Patrol,Florida Highway Patrol (FHP),5/13/2020 2:02:00 PM,10/31/2020 2:37:00 PM,9,Y,Bicycle,Bicycle,Fatality,Fatal (within 30 days),DAY,N,N,N,N,N,N,Y,N,N,1,1,0,1,0,1,1,0,0,0,0,2,2,0,1,0,0,0,0,0,0,0,0,0,0,N,0,0,Y,0,1,1,0,1,600,1,700,1300,1,0,0,Verified,n/a,419494.3129,2936555.9432,26.5473542185756,-81.808198026528
88341614,2020,16-MAY-2020 05:31 PM,16-MAY-2020 06:40 PM,FHPA20OFF015527,S,1,3,9,0,Escambia,Unincorporated,Rural,5/16/2020 5:31:00 PM,5/16/2020 5:58:00 PM,5/16/2020 6:27:00 PM,5/16/2020 7:00:00 PM,Y,Law Enforcement,N 79TH AVE,,30.41746,-87.31539,197,South,SR-298A,,Local,Curb,Not at Intersection,N,Daylight,Clear,Dry,N,"Sideswipe, Same Direction",Pedalcycle,On Roadway,N,Non-Junction,None,,,None,,,N,,,,,TPR,Florida Highway Patrol,Florida Highway Patrol (FHP),5/21/2020 1:58:00 PM,5/21/2020 1:58:00 PM,5,N,Bicycle,Bicycle,No Injury,No Injury,DAY,N,N,N,N,N,N,N,Y,N,3,0,0,0,0,0,0,0,0,0,0,1,1,0,1,0,0,1,0,0,0,0,0,0,0,N,0,0,Y,0,0,0,0,0,0,1,15,15,0,0,0,Preliminary,Editor Mapped,-107132.3076,3382125.6207,30.4183299353524,-87.3153474811728
88342269,2020,22-JUN-2020 07:20 PM,22-JUN-2020 08:40 PM,FHPD20OFF042051,L,1,2,7,46,Orange,Orlando,Rural,6/22/2020 7:23:00 PM,6/22/2020 7:35:00 PM,6/22/2020 7:57:00 PM,6/22/2020 8:09:00 PM,Y,Law Enforcement,STONEBRIDGE COURT,,28.47334,-81.4091,28,East,TEXAS AVENUE,,County,Curb,Not at Intersection,N,Daylight,Clear,Dry,N,Front to Rear,Pedalcycle,On Roadway,N,Non-Junction,None,,,None,,,N,,,,,TPR,Florida Highway Patrol,Florida Highway Patrol (FHP),7/1/2020 2:13:00 PM,,9,Y,Bicycle,Bicycle,Serious Injury,Incapacitating Injury,NIGHT,N,N,N,N,N,N,N,N,N,1,1,0,0,1,0,0,0,0,0,0,1,1,0,1,0,0,0,0,0,0,0,0,0,0,N,0,0,Y,1,0,1,0,1,500,1,1500,2000,1,0,0,Preliminary,Editor Mapped,459962.9108,3149853.37,28.4746647342464,-81.4090059333481
88362631,2020,04-SEP-2020 05:20 PM,04-SEP-2020 06:45 PM,FHPC20OFF080504,L,1,2,28,0,Pasco,Unincorporated,Rural,9/4/2020 5:34:00 PM,9/4/2020 6:01:00 PM,9/4/2020 6:17:00 PM,9/4/2020 7:27:00 PM,Y,Law Enforcement,CANTON AVENUE,,28.346043827271,-82.6630544422595,0,,GROUSE WAY,,Private Roadway,Unpaved,Four-Way Intersection,N,Daylight,Clear,Dry,N,Other,Motor Vehicle in Transport,On Roadway,N,Intersection,None,,,None,,,N,,,,,TPR,Florida Highway Patrol,Florida Highway Patrol (FHP),9/5/2020 2:03:00 PM,9/5/2020 2:03:00 PM,1,Y,Single Vehicle,Other,Injury,Non-Incapacitating Injury,DAY,N,N,N,N,N,N,Y,N,N,1,1,0,1,0,0,0,0,0,0,0,1,1,0,1,0,1,0,0,0,0,0,0,0,0,N,0,0,Y,0,0,0,0,2,2000,1,2000,4000,1,0,0,Preliminary,Editor Mapped,336996.6525,3136658.8574,28.346035400224,-82.663057482024
88363024,2020,19-JUN-2020 11:55 AM,19-JUN-2020 01:31 PM,FHPA20OFF020147,L,1,3,36,0,Walton,Unincorporated,Rural,6/19/2020 12:00:00 PM,6/19/2020 12:07:00 PM,6/19/2020 1:11:00 PM,6/19/2020 2:07:00 PM,Y,Law Enforcement,EMERALD SHORES BLVD,,30.3793642142581,-86.3961302483546,11,North,SCENIC GULF DRIVE,,Local,Unpaved,Not at Intersection,N,Daylight,Clear,Dry,N,Angle,Pedalcycle,On Roadway,N,Non-Junction,None,,,None,,,N,,,,,TPR,Florida Highway Patrol,Florida Highway Patrol (FHP),6/23/2020 2:25:00 PM,,4,N,Bicycle,Bicycle,No Injury,No Injury,DAY,N,N,N,N,N,N,N,N,N,3,0,0,0,0,0,0,0,0,0,0,1,1,0,1,0,0,1,0,0,0,0,0,0,0,N,0,0,Y,0,0,4,0,0,0,0,0,0,1,0,0,Verified,n/a,-18829.6783999996,3373203.5842,30.3793793667228,-86.3961235350123
88371342,2020,14-OCT-2020 11:21 AM,14-OCT-2020 12:04 PM,FHPF20OFF044245,L,1,2,16,0,Sarasota,Unincorporated,Rural,10/14/2020 11:26:00 AM,10/14/2020 11:28:00 AM,10/14/2020 11:40:00 AM,10/14/2020 12:19:00 PM,Y,Law Enforcement,UNIVERSITY TOWN CENTER DR,,27.3862749848536,-82.4560701939569,,,N CATTLEMEN RD,,Local,Curb,Four-Way Intersection,N,Daylight,Clear,Dry,N,Other,Pedalcycle,On Roadway,N,Intersection,None,,,None,,,N,,,,,TPR,Florida Highway Patrol,Florida Highway Patrol (FHP),10/27/2020 2:29:00 PM,,13,Y,Bicycle,Bicycle,Injury,Possible Injury,DAY,N,N,N,N,N,N,Y,N,N,1,1,1,0,0,0,0,0,0,0,0,1,1,0,1,0,0,0,0,0,0,0,0,0,0,N,0,0,Y,0,0,0,0,0,0,1,2000,2000,1,0,0,Preliminary,Computer plot approximate by lat/long,356040.7089,3030056.9432,27.3862350334761,-82.4558966872835
88376633,2020,06-AUG-2020 01:20 PM,06-AUG-2020 02:12 PM,FHPF20OFF033043,L,1,2,15,0,Manatee,Unincorporated,Rural,8/6/2020 1:28:00 PM,8/6/2020 1:31:00 PM,8/6/2020 2:05:00 PM,8/6/2020 2:49:00 PM,Y,Law Enforcement,24TH AVE W,,27.47898,-82.6368,0,,75TH ST W,,Local,Curb,T-Intersection,N,Daylight,Clear,Dry,N,Angle,Pedalcycle,On Roadway,N,Intersection,None,,,None,,,N,,,,,TPR,Florida Highway Patrol,Florida Highway Patrol (FHP),8/14/2020 2:11:00 PM,8/14/2020 2:11:00 PM,8,Y,Bicycle,Bicycle,Injury,Non-Incapacitating Injury,DAY,N,N,N,N,N,N,Y,N,N,1,1,0,1,0,0,0,0,0,0,0,1,1,0,1,0,0,0,0,0,0,0,0,0,0,N,0,0,Y,0,0,0,0,1,100,0,0,100,1,0,0,Preliminary,Editor Mapped,338273.2978,3040556.9624,27.4790005663512,-82.636924442813
88379284,2020,12-AUG-2020 02:00 PM,12-AUG-2020 02:48 PM,FHPC20OFF072168,L,1,2,3,40,Hillsborough,Plant City,Urban,8/12/2020 2:06:00 PM,8/12/2020 2:06:00 PM,8/12/2020 2:06:00 PM,8/12/2020 3:36:00 PM,Y,Law Enforcement,SR 553 (N PARK ROAD),,28.0377234296913,-82.1045529123078,0,,I-4 (SR 400) WB ENT RAMP,,State,Paved,Y-Intersection,N,Daylight,Clear,Dry,N,Angle,Pedalcycle,On Roadway,N,Entrance/Exit Ramp,None,,,None,,,N,,,,,TPR,Florida Highway Patrol,Florida Highway Patrol (FHP),8/24/2020 1:53:00 PM,8/24/2020 1:53:00 PM,12,Y,Bicycle,Bicycle,Serious Injury,Incapacitating Injury,DAY,N,N,Y,N,N,N,N,N,N,1,1,0,0,1,0,0,0,0,0,0,1,1,0,1,0,0,0,0,0,0,0,0,0,0,N,0,0,Y,1,0,0,0,0,0,1,150,150,1,0,0,Preliminary,Editor Mapped,391430.4052,3101871.5614,28.0377090169814,-82.104565266734
88386164,2020,03-SEP-2020 05:39 PM,03-SEP-2020 06:43 PM,FHPC20OFF080106,L,1,2,28,0,Pasco,Unincorporated,Rural,9/3/2020 5:39:00 PM,9/3/2020 5:58:00 PM,9/3/2020 6:23:00 PM,9/3/2020 6:44:00 PM,Y,Law Enforcement,9TH AVE,,28.22709,-82.71278,593,East,6107 9TH AVE,,Local,Curb,T-Intersection,N,Daylight,Clear,Dry,N,Other,Pedalcycle,On Roadway,N,Driveway/Alley Access Related,None,,,None,,,N,,,,,TPR,Florida Highway Patrol,Florida Highway Patrol (FHP),9/5/2020 2:03:00 PM,9/5/2020 2:03:00 PM,2,Y,Bicycle,Bicycle,Injury,Non-Incapacitating Injury,DAY,N,N,N,N,N,N,N,N,N,1,1,0,1,0,0,0,0,0,0,0,1,1,0,1,0,0,0,0,0,0,0,0,0,0,N,0,0,Y,0,0,2,0,1,100,1,1500,1600,1,0,0,Preliminary,Editor Mapped,331864.9468,3123550.5196,28.2271123241215,-82.7135000790105
88388107,2020,25-NOV-2020 01:25 PM,25-NOV-2020 02:11 PM,FHPC20OFF109301,L,1,2,4,0,Pinellas,Unincorporated,Rural,11/25/2020 1:28:00 PM,11/25/2020 1:31:00 PM,11/25/2020 1:49:00 PM,11/25/2020 2:42:00 PM,Y,Law Enforcement,BARDMOOR BLVD,,27.8603249406441,-82.7622901779902,0,,STARKEY RD (CR-1),,Local,Unpaved,T-Intersection,N,Daylight,Cloudy,Dry,N,Angle,Pedalcycle,On Roadway,N,Other,None,,,None,,,N,,,,,TPR,Florida Highway Patrol,Florida Highway Patrol (FHP),12/5/2020 2:04:00 PM,,10,Y,Bicycle,Bicycle,Injury,Possible Injury,DAY,N,N,N,N,N,N,N,N,N,1,1,1,0,0,0,0,0,0,0,0,1,1,0,1,1,0,0,0,0,0,0,0,0,0,N,0,0,Y,0,0,1,0,1,800,1,50,850,1,0,0,Preliminary,Computer mapped confident by address,326489.1087,3082977.2378,27.8603248246342,-82.7622865940471
88392135,2020,18-OCT-2020 10:17 PM,19-OCT-2020 12:22 AM,FHPC20OFF095848,L,1,2,28,0,Pasco,Unincorporated,Rural,10/18/2020 10:17:00 PM,10/18/2020 10:19:00 PM,10/18/2020 11:21:00 PM,10/19/2020 12:33:00 AM,Y,Law Enforcement,POPPY ST,,28.23497,-82.22124,22,North,ZINNIA AVE,,County,Unpaved,Not at Intersection,N,Dark - Lighted,Clear,Dry,N,Other,Motor Vehicle in Transport,On Roadway,N,Driveway/Alley Access Related,None,,,None,,,N,,,,,TPR,Florida Highway Patrol,Florida Highway Patrol (FHP),10/23/2020 2:20:00 PM,10/23/2020 2:20:00 PM,5,Y,Single Vehicle,Other,Injury,Possible Injury,NIGHT,N,N,N,Y,N,N,N,N,N,1,1,1,0,0,0,0,0,0,0,0,1,1,0,1,0,0,0,0,0,0,0,0,0,0,N,0,0,Y,0,0,0,0,1,25,1,50,75,1,0,0,Preliminary,Editor Mapped,380232.8608,3123783.2215,28.2345000481117,-82.2207063412166
88395295,2020,30-OCT-2020 08:00 PM,30-OCT-2020 09:43 PM,FHPA20OFF039683,L,1,1,9,0,Escambia,Unincorporated,Rural,10/30/2020 9:16:00 PM,10/30/2020 9:31:00 PM,10/30/2020 9:31:00 PM,10/30/2020 10:00:00 PM,Y,Law Enforcement,W JOHNSON AVE,,30.5179106147724,-87.2497607319213,199,East,AIRWAY DR,,Local,Unpaved,Not at Intersection,N,Dark - Not Lighted,Clear,Dry,N,Other,Pedalcycle,On Roadway,N,Driveway/Alley Access Related,None,,,None,,,N,,,,,TPR,Florida Highway Patrol,Florida Highway Patrol (FHP),11/9/2020 7:06:00 PM,11/9/2020 7:06:00 PM,10,Y,Bicycle,Bicycle,Injury,Non-Incapacitating Injury,NIGHT,N,N,N,N,N,Y,N,N,N,0,1,0,1,0,0,0,0,0,0,0,1,1,0,0,0,0,0,0,0,0,0,0,0,0,N,0,0,Y,0,0,0,0,0,0,0,0,0,1,0,0,Preliminary,Editor Mapped,-100193.024,3392837.9893,30.5178899881285,-87.2496852365251
88419246,2020,30-NOV-2020 02:35 PM,30-NOV-2020 03:58 PM,FHPD20OFF083241,L,1,2,7,0,Orange,Unincorporated,Rural,11/30/2020 2:39:00 PM,11/30/2020 3:23:00 PM,11/30/2020 3:45:00 PM,11/30/2020 4:09:00 PM,Y,Law Enforcement,PRIVATE ROADWAY (9306 CVS EXIT),,28.4689373382252,-81.2777428269465,98,West,STATE ROAD 15 (NARCOOSSEE ROAD),,Private Roadway,Curb,Not at Intersection,N,Daylight,Clear,Dry,N,Other,Pedalcycle,On Roadway,N,Driveway/Alley Access Related,None,,,None,,,N,,,,,TPR,Florida Highway Patrol,Florida Highway Patrol (FHP),12/3/2020 2:46:00 PM,12/3/2020 2:46:00 PM,3,Y,Bicycle,Bicycle,Injury,Non-Incapacitating Injury,DAY,N,N,N,N,N,N,N,N,N,1,1,0,1,0,0,0,0,0,0,0,1,1,0,1,0,0,0,0,0,0,0,0,0,0,N,0,0,Y,0,0,0,0,0,0,1,500,500,1,0,0,Preliminary,Editor Mapped,472801.2699,3149127.1316,28.4684404724954,-81.2778378296761
88799206,2020,03-MAR-2020 07:58 PM,03-MAR-2020 12:00 AM,202007335,L,1,3,10,28,Broward,Coconut Creek,Urban,3/3/2020 8:01:00 PM,3/3/2020 8:02:00 PM,3/3/2020 8:04:00 PM,3/3/2020 8:50:00 PM,Y,Law Enforcement,SR 7,,,,38,East,NW 61ST ST,,State,Curb,T-Intersection,N,Dark - Lighted,Clear,Dry,N,Other,Motor Vehicle in Transport,On Roadway,N,Intersection-Related,None,,,None,,,N,,,,,POLICE SERVICE AIDE,Coconut Creek Police Department,Police Department (PD),3/5/2020 2:41:00 PM,3/5/2020 2:41:00 PM,2,Y,Single Vehicle,Other,Injury,Possible Injury,NIGHT,N,N,N,N,N,N,Y,N,N,1,2,2,0,0,0,0,0,0,0,0,2,2,0,1,0,0,0,0,0,0,0,0,0,0,N,0,0,Y,0,0,1,0,0,0,1,500,500,0,0,0,Preliminary,Editor Mapped,579658.7955,2909660.2509,26.3045759095149,-80.2019769046178
88807588,2020,01-SEP-2020 05:38 AM,06-SEP-2020 12:00 AM,SO20-241703,L,1,2,4,66,Pinellas,St. Pete Beach,Urban,9/1/2020 5:43:00 AM,9/1/2020 5:44:00 AM,9/1/2020 5:47:00 AM,9/1/2020 6:56:00 AM,Y,Law Enforcement,GULF BLVD,,27.733558,-82.745784,312,North,GULF WINDS DR,,Local,Curb,Not at Intersection,Y,Dark - Lighted,Clear,Dry,N,,Pedestrian,On Roadway,N,Non-Junction,Unknown,,,Unknown,,,N,,,,,DEPUTY,Pinellas County Sheriff's Office,Sheriff's Office (SO),10/13/2020 2:32:00 PM,,42,Y,Pedestrian,Pedestrian,Injury,Non-Incapacitating Injury,NIGHT,N,N,N,N,N,Y,N,N,N,0,1,0,1,0,0,0,0,0,0,0,1,1,0,1,0,0,0,0,0,0,0,0,0,0,N,0,0,Y,0,0,0,0,0,0,0,0,0,0,0,0,Verified,n/a,327919.7107,3068916.7437,27.7336368857105,-82.7457330226256
88949427,2020,27-MAR-2020 09:30 AM,27-MAR-2020 10:17 AM,PPPD20OFF020791,L,2,2,10,68,Broward,Pembroke Pines,Urban,3/27/2020 9:34:00 AM,3/27/2020 9:35:00 AM,3/27/2020 9:40:00 AM,3/27/2020 10:32:00 AM,Y,Law Enforcement,PINES BLVD,12440,26.0075093290608,-80.3126461547932,,,,,Parking Lot,Paved,Not at Intersection,N,Daylight,Clear,Dry,N,"Sideswipe, Same Direction",Parked Motor Vehicle,In Parking Lane or Zone,N,Non-Junction,None,,,None,,,N,,,,,OFFICER,Pembroke Pines Police Department,Police Department (PD),4/15/2020 1:56:00 PM,4/15/2020 1:56:00 PM,19,N,Parked Vehicle,Other,No Injury,No Injury,DAY,N,N,N,N,N,N,N,Y,N,2,0,0,0,0,0,0,0,0,0,0,1,1,0,1,0,0,0,0,0,0,0,0,0,0,N,0,0,Y,0,0,0,0,0,0,2,1200,1200,0,0,0,Preliminary,Editor Mapped,568708.7871,2876657.465,26.0071616485883,-80.3134139090045
88996406,2020,01-JAN-2020 02:19 PM,01-JAN-2020 12:00 AM,200100012,L,2,2,24,40,St. Lucie,Fort Pierce,Urban,1/1/2020 2:19:00 PM,1/1/2020 2:21:00 PM,1/1/2020 2:29:00 PM,1/1/2020 3:10:00 PM,Y,Law Enforcement,N 27TH ST,,,,0,,AVENUE I,,Local,Paved,T-Intersection,N,Daylight,Clear,Dry,N,Angle,Motor Vehicle in Transport,On Roadway,N,Non-Junction,None,,,None,,,N,,,,,,Fort Pierce Police Department,Police Department (PD),1/25/2020 2:30:00 PM,1/25/2020 2:30:00 PM,24,Y,Right Angle,Angle,Injury,Possible Injury,DAY,N,N,N,N,N,N,N,N,N,1,1,1,0,0,0,0,0,0,0,1,1,1,0,1,0,0,0,0,0,0,0,0,0,0,N,0,0,Y,0,0,0,0,0,0,2,700,700,1,0,0,Preliminary,Editor Mapped,564047.6332,3037377.5469,27.4584142062945,-80.3518163086401
88996998,2020,16-APR-2020 01:41 PM,16-APR-2020 12:00 AM,200400348,L,1,2,24,40,St. Lucie,Fort Pierce,Urban,4/16/2020 1:41:00 PM,4/16/2020 1:43:00 PM,4/16/2020 1:44:00 PM,4/16/2020 3:06:00 PM,Y,Motorist,ORANGE AVE,,,,19,West,N 12TH ST,,State,Curb,Not at Intersection,N,Daylight,Cloudy,Dry,N,Angle,Pedalcycle,On Roadway,N,Non-Junction,None,,,None,,,N,,,,,,Fort Pierce Police Department,Police Department (PD),4/23/2020 1:50:00 PM,,7,Y,Bicycle,Bicycle,Injury,Possible Injury,DAY,N,N,N,Y,N,N,N,N,N,1,1,1,0,0,0,0,0,0,0,0,1,1,0,1,1,0,0,0,0,0,0,0,0,0,N,0,0,Y,0,0,1,0,0,0,1,2000,2000,1,0,0,Verified,n/a,565643.7366,3036126.7322,27.4470464966109,-80.3357317311637
88998385,2020,24-DEC-2020 05:57 PM,24-DEC-2020 12:00 AM,201200617,L,1,2,24,40,St. Lucie,Fort Pierce,Urban,12/24/2020 5:57:00 PM,12/24/2020 5:57:00 PM,12/24/2020 6:02:00 PM,12/24/2020 7:13:00 PM,Y,Motorist,S 7TH ST,,,,376,North,REVELS LN,,Local,Unpaved,Not at Intersection,N,Dark - Lighted,Clear,Dry,N,Angle,Motor Vehicle in Transport,On Roadway,N,Non-Junction,None,,,None,,,N,,,,,POLICE OFFICER,Fort Pierce Police Department,Police Department (PD),12/29/2020 2:29:00 PM,12/29/2020 2:29:00 PM,5,Y,Single Vehicle,Other,Injury,Non-Incapacitating Injury,DAY,N,N,N,N,N,N,N,N,N,1,1,0,1,0,0,0,0,0,0,0,1,1,0,1,0,0,0,0,0,0,0,0,0,0,N,0,0,Y,0,0,0,0,0,0,1,500,500,1,0,0,Preliminary,Editor Mapped,566264.043,3031121.9543,27.4018361580062,-80.3297278897011
89034003,2020,24-NOV-2020 08:35 AM,24-NOV-2020 12:00 AM,2020-91884,L,1,3,1,68,Miami-Dade,Miami Beach,Urban,11/24/2020 8:40:00 AM,11/24/2020 9:00:00 AM,11/24/2020 9:00:00 AM,11/24/2020 10:30:00 AM,Y,Law Enforcement,5TH ST (SR A1A),,,,0,,JEFFERSON AVE,,State,Curb,Four-Way Intersection,Y,Daylight,Clear,Dry,N,Angle,Pedalcycle,On Roadway,N,Intersection,None,,,None,,,N,,,,,Off.,Miami Beach Police Department,Police Department (PD),12/2/2020 2:54:00 PM,,8,Y,Bicycle,Bicycle,Serious Injury,Incapacitating Injury,DAY,N,N,N,N,N,N,Y,N,N,1,2,0,1,1,0,0,0,0,0,0,2,2,0,1,0,0,0,0,0,0,0,0,0,0,N,0,0,Y,1,0,3,0,2,200,1,200,400,2,0,0,Verified,n/a,586511.6835,2850976.7241,25.7743370106229,-80.1372167359625
89042872,2020,14-JUN-2020 12:18 PM,24-SEP-2020 12:00 AM,20004940,L,1,2,4,46,Pinellas,Largo,Urban,6/14/2020 12:18:00 PM,6/14/2020 12:18:00 PM,6/14/2020 12:21:00 PM,6/14/2020 2:29:00 PM,Y,Law Enforcement,US HIGHWAY 19 N (FRONTAGE),,,,801,South,ROOSEVELT BLVD,,U.S.,Paved,Four-Way Intersection,Y,Daylight,Clear,Dry,N,Angle,Pedalcycle,On Roadway,N,Intersection,None,,,None,,,N,,,,,OFFICER,Largo Police Department,Police Department (PD),7/8/2020 2:21:00 PM,11/12/2020 2:42:00 PM,24,Y,Bicycle,Bicycle,Fatality,Fatal (within 30 days),DAY,N,N,N,N,N,N,Y,N,N,1,0,0,0,0,1,1,0,0,0,0,1,1,0,1,0,1,0,0,0,0,0,0,0,0,N,0,0,Y,0,1,0,0,0,0,1,1000,1000,1,0,0,Preliminary,Editor Mapped,329794.9559,3089116.9867,27.9161505322389,-82.7296033620936
89164233,2020,07-JAN-2020 09:52 AM,07-JAN-2020 12:00 AM,2020-13153,S,1,2,3,50,Hillsborough,Tampa,Urban,1/7/2020 9:54:00 AM,1/7/2020 10:09:00 AM,1/7/2020 10:10:00 AM,1/7/2020 10:40:00 AM,Y,Law Enforcement,EUCLID AVE W,4406,27.908693,-82.518773,158,West,,,Other,Curb,Not at Intersection,N,Daylight,Clear,Dry,N,,Pedalcycle,Off Roadway,N,Driveway/Alley Access Related,None,,,None,,,N,,,,,OFFICER,Tampa Police Department,Police Department (PD),1/8/2020 2:33:00 PM,,1,N,Bicycle,Bicycle,No Injury,No Injury,DAY,N,N,N,N,N,N,N,N,N,2,0,0,0,0,0,0,0,0,0,0,1,1,0,1,0,0,0,0,0,0,0,0,0,0,N,0,0,Y,0,0,0,0,0,0,0,0,0,0,0,0,Preliminary,Computer mapped confident by address,350567.0313,3088021.7109,27.908754821264,-82.5184465902054
89165214,2020,25-JAN-2020 10:05 PM,25-JAN-2020 12:00 AM,2020-44097,L,1,3,3,50,Hillsborough,Tampa,Urban,1/25/2020 10:05:00 PM,1/25/2020 10:06:00 PM,1/25/2020 10:09:00 PM,1/25/2020 10:47:00 PM,Y,Law Enforcement,CHANNELSIDE DR,,27.943528,-82.450424,0,,OLD WATER ST,,Local,Curb,Four-Way Intersection,N,Dark - Lighted,Clear,Dry,N,,Pedestrian,On Roadway,N,Intersection,None,,,None,,,N,,,,,OFC,Tampa Police Department,Police Department (PD),1/31/2020 2:29:00 PM,1/31/2020 2:29:00 PM,6,Y,Pedestrian,Pedestrian,Injury,Non-Incapacitating Injury,NIGHT,N,N,N,N,N,N,Y,N,N,2,1,0,1,0,0,0,0,0,0,0,1,1,0,1,0,0,1,0,0,0,0,0,0,0,N,0,0,Y,0,0,0,0,0,0,1,200,200,1,0,0,Preliminary,Editor Mapped,357280.4144,3091794.6742,27.9435387094673,-82.4507021374902
89165920,2020,08-FEB-2020 10:39 PM,08-FEB-2020 12:00 AM,2020-68029,L,1,2,3,50,Hillsborough,Tampa,Urban,2/8/2020 10:39:00 PM,2/8/2020 10:39:00 PM,2/8/2020 10:39:00 PM,2/8/2020 11:30:00 PM,Y,Law Enforcement,22ND ST N,,,,0,,9TH AVE E,,Local,Curb,Other,Y,Dark - Lighted,Clear,Dry,N,,Pedalcycle,On Roadway,N,Non-Junction,None,,,None,,,N,,,,,OFFICER,Tampa Police Department,Police Department (PD),3/15/2020 1:48:00 PM,3/15/2020 1:48:00 PM,36,N,Bicycle,Bicycle,No Injury,No Injury,NIGHT,N,N,N,N,N,N,N,N,N,2,0,0,0,0,0,0,0,0,0,0,1,1,0,1,0,0,0,0,0,0,0,0,0,0,N,0,0,Y,0,0,1,0,0,0,1,100,100,0,0,0,Preliminary,Editor Mapped,358881.1077,3093784.9949,27.9616708637401,-82.4346731953262
89168331,2020,07-APR-2020 08:28 PM,07-APR-2020 12:00 AM,2020-177801,L,1,2,3,50,Hillsborough,Tampa,Urban,4/7/2020 9:00:00 PM,4/7/2020 8:33:00 PM,4/7/2020 8:37:00 PM,4/7/2020 10:30:00 PM,N,Law Enforcement,MARKS ST N,8105,,,141,North,,,Local,Paved,Not at Intersection,N,Dark - Not Lighted,Clear,Dry,N,,Pedalcycle,Off Roadway,N,Non-Junction,None,,,None,,,N,,,,,OFFICER,Tampa Police Department,Police Department (PD),4/8/2020 1:52:00 PM,4/8/2020 1:52:00 PM,1,Y,Bicycle,Bicycle,Injury,Non-Incapacitating Injury,NIGHT,N,N,N,N,N,Y,N,N,N,0,1,0,1,0,0,0,0,0,0,0,1,1,0,1,0,0,0,0,0,0,0,0,0,0,N,0,0,Y,0,0,0,0,0,0,0,0,0,0,0,0,Preliminary,Editor Mapped,358188.419,3100433.5649,28.0215968804548,-82.4425122021438
89169117,2020,15-MAY-2020 08:46 PM,15-MAY-2020 12:00 AM,2020-244764,L,1,2,3,50,Hillsborough,Tampa,Urban,5/15/2020 8:46:00 PM,5/15/2020 8:47:00 PM,5/15/2020 8:47:00 PM,5/15/2020 8:50:00 PM,Y,Law Enforcement,LINEBAUGH AVE E,,,,0,,14TH ST N,,Local,Unpaved,Four-Way Intersection,Y,Dark - Lighted,Clear,Dry,N,,Other Non-Fixed Object,On Roadway,N,Intersection-Related,None,,,None,,,N,,,,,OFFICER,Tampa Police Department,Police Department (PD),5/17/2020 1:39:00 PM,5/17/2020 1:39:00 PM,2,N,Single Vehicle,Other,No Injury,No Injury,NIGHT,N,N,N,N,N,N,Y,N,N,2,0,0,0,0,0,0,0,0,1,0,1,1,0,1,0,0,0,0,0,0,0,1,0,0,N,0,0,Y,0,0,0,0,0,0,1,200,200,0,0,0,Preliminary,Editor Mapped,357948.5272,3102466.4096,28.0399163986937,-82.4451968568813
89172189,2020,25-AUG-2020 01:34 PM,25-AUG-2020 12:00 AM,2020-393839,L,1,2,3,50,Hillsborough,Tampa,Urban,8/25/2020 1:34:00 PM,8/25/2020 1:34:00 PM,8/25/2020 1:40:00 PM,8/25/2020 2:30:00 PM,Y,Law Enforcement,KENNEDY BLVD E,,,,0,West,ASHLEY DR N,,Local,Curb,Four-Way Intersection,N,Daylight,Clear,Dry,N,,Pedalcycle,On Roadway,N,Intersection-Related,None,,,None,,,N,,,,,OFFICER,Tampa Police Department,Police Department (PD),8/29/2020 2:07:00 PM,,4,Y,Bicycle,Bicycle,Injury,Non-Incapacitating Injury,DAY,N,N,N,N,N,N,Y,N,N,1,1,0,1,0,0,0,0,0,0,0,1,1,0,1,0,0,0,0,0,0,0,0,0,0,N,0,0,Y,0,0,0,0,0,0,1,500,500,1,0,0,Verified,n/a,356403.3387,3092199.2912,27.9470959265998,-82.4596640977422
89189561,2020,16-JAN-2020 05:15 PM,16-JAN-2020 12:00 AM,20027001,L,1,2,6,0,Palm Beach,Unincorporated,Rural,1/16/2020 5:21:00 PM,1/16/2020 5:21:00 PM,1/16/2020 5:22:00 PM,1/16/2020 5:42:00 PM,Y,Law Enforcement,COCONUT BLVD,,,,131,South,89TH PL NORTH,,Local,Paved,Four-Way Intersection,N,Daylight,Clear,Dry,N,Other,Pedalcycle,On Roadway,N,Non-Junction,None,,,None,,,N,,,,,D/S,Palm Beach County Sheriff's Office,Sheriff's Office (SO),1/18/2020 2:19:00 PM,1/18/2020 2:19:00 PM,2,Y,Bicycle,Bicycle,Injury,Possible Injury,DAY,N,N,N,N,N,N,N,N,N,0,1,1,0,0,0,0,0,0,0,0,1,1,0,1,0,0,0,0,0,0,0,0,0,0,N,0,0,Y,0,0,0,0,0,0,1,500,500,1,0,0,Preliminary,Editor Mapped,575775.8537,2965784.7211,26.8114988928522,-80.2375281309919
89194258,2020,09-JAN-2020 11:33 AM,09-JAN-2020 12:00 AM,20024153,L,1,2,6,42,Palm Beach,Greenacres,Urban,1/9/2020 11:35:00 AM,1/9/2020 11:42:00 AM,1/9/2020 11:43:00 AM,1/9/2020 12:15:00 PM,Y,Law Enforcement,JOG RD,1105,,,9,South,,,Local,Curb,T-Intersection,N,Daylight,Clear,Dry,N,Angle,Pedalcycle,Off Roadway,N,Driveway/Alley Access Related,None,,,None,,,N,,,,,CSA,Palm Beach County Sheriff's Office,Sheriff's Office (SO),1/11/2020 2:21:00 PM,,2,Y,Bicycle,Bicycle,Injury,Possible Injury,DAY,N,N,N,N,N,N,N,N,N,1,1,1,0,0,0,0,0,0,0,0,1,1,0,1,0,0,0,1,0,0,0,0,0,0,N,0,0,Y,0,0,0,0,0,0,1,1000,1000,0,0,0,Preliminary,Computer mapped confident by address,585050.1906,2949168.9681,26.6609597977942,-80.1453377566431
89208048,2020,18-JAN-2020 01:04 PM,18-JAN-2020 12:00 AM,2020000817,L,1,2,6,32,Palm Beach,Boca Raton,Urban,1/18/2020 1:04:00 PM,1/18/2020 1:04:00 PM,1/18/2020 1:04:00 PM,1/18/2020 1:27:00 PM,Y,Law Enforcement,N DIXIE HWY,,,,0,,NE SPANISH RIVER BLVD,,Local,Paved,Four-Way Intersection,N,Daylight,Clear,Dry,N,Other,Pedestrian,On Roadway,N,Intersection,None,,,None,,,N,,,,,POLICE OFFICER,Boca Raton Police Department,Police Department (PD),1/22/2020 2:34:00 PM,1/22/2020 2:34:00 PM,4,Y,Pedestrian,Pedestrian,Injury,Possible Injury,DAY,N,N,N,N,N,Y,Y,N,N,0,1,1,0,0,0,0,0,0,0,0,1,1,0,1,0,0,0,0,0,0,0,0,0,0,N,0,0,Y,0,0,0,0,1,2200,0,0,2200,0,0,0,Preliminary,Editor Mapped,591636.3454,2919106.6331,26.3891426476632,-80.0813237594285
89229821,2020,07-OCT-2020 06:03 PM,07-OCT-2020 12:00 AM,20-477920,L,1,2,18,0,Lee,Unincorporated,Rural,10/7/2020 6:05:00 PM,10/7/2020 6:07:00 PM,10/7/2020 6:22:00 PM,10/7/2020 6:50:00 PM,Y,Law Enforcement,WESTLINKS DR,,26.559374,-81.756592,41,South,COMMERCE LAKES DR,,Local,Curb,Not at Intersection,N,Dusk,Clear,Dry,N,,Pedestrian,On Roadway,N,Non-Junction,None,,,None,,,N,,,,,SERGEANT,Lee County Sheriff's Office,Sheriff's Office (SO),10/9/2020 2:16:00 PM,10/9/2020 2:16:00 PM,2,Y,Pedestrian,Pedestrian,Injury,Possible Injury,DAY,N,N,N,N,N,N,N,N,N,1,1,1,0,0,0,0,0,0,0,0,1,1,0,1,1,0,0,0,0,0,0,0,0,0,N,0,0,Y,0,0,0,0,0,0,0,0,0,1,0,0,Preliminary,Editor Mapped,424643.0945,2937854.7099,26.5593636767245,-81.756590022374
83855964,2020,20-APR-2020 06:05 AM,20-APR-2020 12:00 AM,20700160,L,1,2,7,35,Orange,Edgewood,Urban,4/20/2020 6:05:00 AM,4/20/2020 6:05:00 AM,4/20/2020 6:05:00 AM,4/20/2020 7:00:00 AM,Y,Law Enforcement,W HOLDEN AVE,,28.494731,-81.375099,0,,ORANGE AVE S,,State,Paved,Four-Way Intersection,Y,Dark - Lighted,Clear,Dry,N,,Pedalcycle,On Roadway,N,Intersection,None,,,None,,,N,,,,,OFFICER,Edgewood Police Department,Police Department (PD),4/22/2020 1:52:00 PM,4/22/2020 1:52:00 PM,2,Y,Bicycle,Bicycle,Injury,Non-Incapacitating Injury,NIGHT,N,N,N,N,N,N,Y,N,N,1,1,0,1,0,0,0,0,0,0,0,1,1,0,1,0,0,0,0,0,0,0,0,0,0,N,0,0,Y,0,0,1,0,0,0,1,1000,1000,1,0,0,Preliminary,Editor Mapped,463289.2956,3152065.0843,28.4947266378113,-81.3750958332159
