REPORT_NUMBER,CRASH_YEAR,PERSON_NUMBER,LOCATION_AT_TIME_OF_CRASH_CODE,ACTION_PRIOR_TO_CRASH_CODE,NON_MOTORIST_DESCRIPTION_CODE,CITY,STATE,ZIP_CODE,SEX,SUSPECTED_ALCOHOL_USE_CODE,ALCOHOL_TESTED_CODE,ALCOHOL_TEST_TYPE_CODE,ALCOHOL_TEST_RESULT,BLOOD_ALCOHOL_CONTENT,SUSPECTED_DRUG_USE_CODE,DRUG_TESTED_CODE,DRUG_TEST_TYPE_CODE,DRUG_TEST_RESULT,INJURY_SEVERITY,EMS_TRANSPORT_TYPE,NON_MOTORIST_ACTIONS_CIRCUMSTANCES_1,NON_MOTORIST_ACTIONS_CIRCUMSTANCES_2,SAFETY_EQUIPMENT_CODE_1,SAFETY_EQUIPMENT_CODE_2,S4_AGE_AT_TIME_OF_CRASH,S4_IS_ALCOHOL_RELATED,S4_IS_DRUG_RELATED,S4_IS_AGING,S4_IS_TEENAGER
89154824,2019,4,Sidewalk,Walking/Cycling on Sidewalk,Other Cyclist,ST PETERSBURG,FL,33705,Female,N,,,,,N,,,,Non-Incapacitating,EMS,Failure to Yield Right-of-Way,,None,,22,N,N,N,N
89158175,2019,2,Sidewalk,Other,Other Cyclist,TAMPA,FL,33602,Male,N,,,,,N,,,,Non-Incapacitating,Not Transported,No Improper Action,,None,,29,N,N,N,N
89160358,2019,2,Intersection - Marked Crosswalk,Crossing Roadway,Other Cyclist,TAMPA,FL,33602,Female,N,,,,,N,,,,Non-Incapacitating,EMS,"Failure to Obey Traffic Signs, Signals, or Officer",,None,,19,N,N,N,Y
89241594,2019,3,Travel Lane - Other Location,Walking/Cycling Along Roadway With Traffic,Bicyclist,MIAMI,FL,33144,Male,N,,,,,N,,,,None,Not Transported,Inattentive,In Roadway Improperly,None,,17,N,N,N,Y
89241594,2019,4,Other,Walking/Cycling Along Roadway With Traffic,Other Cyclist,MIAMI,FL,33126,Male,N,,,,,N,,,,None,Not Transported,In Roadway Improperly,,None,,15,N,N,N,Y
89229821,2020,2,Other,Other,Other Cyclist,FORT MYERS,FL,33913,Male,N,,,,,N,,,,Possible,EMS,In Roadway Improperly,,Helmet,,52,N,N,N,N
89160510,2019,2,Shoulder/Roadside,Walking/Cycling Along Roadway With Traffic,Other Cyclist,TAMPA,FL,33647,Male,N,,,,,N,,,,Non-Incapacitating,Not Transported,No Improper Action,,Helmet,None,26,N,N,N,N
89162436,2019,5,Driveway Access,Other,Other Cyclist,TAMPA,FL,33610,Male,N,,,,,N,,,,Incapacitating,EMS,Other,,None,,4,N,N,N,N
89176906,2019,2,Travel Lane - Other Location,Walking/Cycling Along Roadway With Traffic,Other Cyclist,BELLE GLADE,FL,33430,Female,N,,,,,N,,,,Possible,EMS,In Roadway Improperly,,None,None,14,N,N,N,N
89186930,2019,2,Intersection - Unmarked Crosswalk,Walking/Cycling on Sidewalk,Other Cyclist,PALM BEACH,FL,33480,Male,N,,,,,N,,,,Possible,Not Transported,Wrong-Way Riding or Walking,,None,,73,N,N,Y,N
89202684,2019,3,Other,None,Other Cyclist,WPB,FL,33461,Male,N,,,,,N,,,,None,Not Transported,Failure to Yield Right-of-Way,,None,,40,N,N,N,N
89209895,2019,2,Intersection - Marked Crosswalk,Crossing Roadway,Other Cyclist,CLERMONT,FL,34711,Female,N,,,,,N,,,,Non-Incapacitating,EMS,Failure to Yield Right-of-Way,,Helmet,,39,N,N,N,N
89210753,2019,2,Sidewalk,Walking/Cycling on Sidewalk,Other Cyclist,PALM BAY,FL,32905,Female,N,,,,,N,,,,Non-Incapacitating,Not Transported,No Improper Action,,None,,31,N,N,N,N
89215410,2019,2,Travel Lane - Other Location,In Roadway - Other,Other Cyclist,WINTER PARK,,32792,Male,,,,,,,,,,Possible,Not Transported,No Improper Action,,None,,24,N,N,N,N
89216754,2019,2,Shoulder/Roadside,Walking/Cycling Along Roadway With Traffic,Other Cyclist,ORLANDO,,32801,Male,,,,,,,,,,Non-Incapacitating,EMS,No Improper Action,,None,,32,N,N,N,N
89217358,2019,1,Intersection - Other,Waiting to Cross Roadway,Other Cyclist,ORLANDO,,32811,Male,,,,,,,,,,Possible,EMS,"Failure to Obey Traffic Signs, Signals, or Officer",,None,,32,N,N,N,N
89237252,2019,2,Driveway Access,Walking/Cycling on Sidewalk,Other Cyclist,CLEARWATER,FL,33765,Male,N,,,,,N,,,,Non-Incapacitating,EMS,Other,,None,,41,N,N,N,N
89242434,2019,2,Sidewalk,Walking/Cycling on Sidewalk,Other Cyclist,MIAMI,FL,33168,Female,N,,,,,N,,,,Possible,EMS,No Improper Action,,None,,38,N,N,N,N
89242517,2019,2,Non-Trafficway Area,Walking/Cycling on Sidewalk,Other Cyclist,CORAL GABLES,FL,33134,Female,N,,,,,N,,,,None,Not Transported,Failure to Yield Right-of-Way,,None,,49,N,N,N,N
89243754,2019,2,Shared-Use Path or Trail,Walking/Cycling Along Roadway With Traffic,Other Cyclist,MIAMI,FL,33142,Female,N,,,,,N,,,,None,EMS,No Improper Action,,None,,40,N,N,N,N
89244776,2019,2,Intersection - Marked Crosswalk,Crossing Roadway,Other Cyclist,SURFSIDE,FL,33154,Male,N,,,,,N,,,,Incapacitating,EMS,No Improper Action,,None,,27,N,N,N,N
89245755,2019,1,Other,Other,Other Cyclist,MIAMI,FL,33131,Female,N,,,,,N,,,,Possible,EMS,Improper Passing,,None,,25,N,N,N,N
89246482,2019,2,Intersection - Marked Crosswalk,Crossing Roadway,Other Cyclist,MIAMI,FL,33145,Male,N,,,,,N,,,,Possible,Not Transported,Unknown,,None,,38,N,N,N,N
89246789,2019,2,Intersection - Marked Crosswalk,Crossing Roadway,Other Cyclist,CLEARWATER,FL,33755,Female,N,,,,,N,,,,Non-Incapacitating,Not Transported,No Improper Action,,None,,19,N,N,N,Y
89247827,2019,2,Sidewalk,Walking/Cycling on Sidewalk,Other Cyclist,MIAMI,FL,,Male,N,,,,,N,,,,Possible,Not Transported,No Improper Action,,None,,14,N,N,N,N
89277836,2019,1,Travel Lane - Other Location,Other,Other Cyclist,CAPE CORAL,FL,33904,,N,,,,,N,,,,Incapacitating,EMS,No Improper Action,,None,,,N,N,N,N
89278078,2019,2,Shoulder/Roadside,Walking/Cycling Along Roadway Against Traffic,Other Cyclist,CAPE CORAL,FL,33914,,N,,,,,N,,,,Possible,Not Transported,Unknown,,None,,,N,N,N,N
89328140,2019,2,Intersection - Unmarked Crosswalk,Crossing Roadway,Other Cyclist,PANAMA CITY,FL,32404,Male,N,,,,,N,,,,None,EMS,No Improper Action,,None,,75,N,N,Y,N
89331574,2019,2,Sidewalk,Walking/Cycling on Sidewalk,Other Cyclist,NORFOLK,VA,23504,Male,N,,,,,N,,,,None,Not Transported,No Improper Action,,None,,60,N,N,N,N
89333502,2019,2,Midblock - Marked Crosswalk,Walking/Cycling on Sidewalk,Other Cyclist,NAPLES,FL,34112,Male,N,,,,,N,,,,Non-Incapacitating,EMS,Failure to Yield Right-of-Way,,None,,22,N,N,N,N
89345571,2019,2,Intersection - Unmarked Crosswalk,Crossing Roadway,Other Cyclist,PALM BAY,FL,32909,Male,N,,,,,N,,,,Incapacitating,EMS,Failure to Yield Right-of-Way,,None,,12,N,N,N,N
89427822,2019,2,Intersection - Other,In Roadway - Other,Other Cyclist,TAMPA,FL,33610,Male,Y,Test Given,Breath,Completed,0.13,N,Test Not Given,,,Non-Incapacitating,Not Transported,No Improper Action,,None,,35,Y,N,N,N
89427822,2019,3,Intersection - Other,Other,Occupant of a Non-Motor Vehicle Transportation Device,TAMPA,FL,33610,Female,N,Test Not Given,,,,N,Test Not Given,,,Possible,Not Transported,Other,,None,,2,N,N,N,N
89351476,2019,4,Intersection - Marked Crosswalk,Crossing Roadway,Bicyclist,DESTIN,FL,32541,Female,N,Test Not Given,,,,N,Test Not Given,,,Non-Incapacitating,Not Transported,No Improper Action,,None,,28,N,N,N,N
89351476,2019,2,Intersection - Marked Crosswalk,Crossing Roadway,Bicyclist,DESTIN,FL,32541-2876,,N,Test Not Given,,,,N,Test Not Given,,,Non-Incapacitating,Not Transported,No Improper Action,,None,,30,N,N,N,N
89351476,2019,3,Intersection - Marked Crosswalk,Crossing Roadway,Other Cyclist,DESTIN,FL,32541,Male,N,Test Not Given,,,,N,Test Not Given,,,Non-Incapacitating,EMS,No Improper Action,,None,,4,N,N,N,N
89410695,2019,2,Shared-Use Path or Trail,Other,Other Cyclist,CEDAR HILL,MO,63016,Female,N,,,,,N,,,,Possible,Not Transported,No Improper Action,,None,,54,N,N,N,N
89475083,2019,2,Intersection - Marked Crosswalk,Crossing Roadway,Other Cyclist,CRYSTAL RIVER,FL,34428,Female,N,,,,,N,,,,None,EMS,No Improper Action,,None,,70,N,N,Y,N
89487237,2019,3,Intersection - Other,Walking/Cycling Along Roadway With Traffic,Other Cyclist,SUNRISE,FL,33326,,Y,,,,,N,,,,None,Not Transported,Other,,None,,,Y,N,N,N
89488158,2019,2,Intersection - Marked Crosswalk,Crossing Roadway,Other Cyclist,FORT LAUDERDALE,FL,33304,,N,,,,,N,,,,Possible,Not Transported,No Improper Action,,None,,,N,N,N,N
89772191,2019,1,Intersection - Marked Crosswalk,Walking/Cycling Along Roadway With Traffic,Other Cyclist,POMPANO BEACH,FL,33064,,N,,,,,N,,,,None,EMS,No Improper Action,,None,,,N,N,N,N
24012633,2020,3,Intersection - Marked Crosswalk,Crossing Roadway,Bicyclist,HOLLYWOOD,FL,33021,,N,,,,,N,,,,Possible,Not Transported,No Improper Action,,None,,,N,N,N,N
24012633,2020,4,Intersection - Marked Crosswalk,Crossing Roadway,Other Cyclist,HOLLYWOOD,FL,33021,,N,,,,,N,,,,None,Not Transported,No Improper Action,,Helmet,,,N,N,N,N
24021620,2020,2,Intersection - Marked Crosswalk,Crossing Roadway,Other Cyclist,NORTH PORT,FL,34287,Male,N,,,,,N,,,,Possible,EMS,No Improper Action,,None,,20,N,N,N,N
24032662,2020,2,Bicycle Lane,Crossing Roadway,Other Cyclist,PORT ORANGE,,32129,Male,N,,,,,N,,,,Possible,Not Transported,No Improper Action,,None,,29,N,N,N,N
24050433,2020,1,Median/Crossing Island,Crossing Roadway,Other Cyclist,WINTER HAVEN,,33880,Male,N,,,,,N,,,,Non-Incapacitating,Not Transported,Failure to Yield Right-of-Way,,None,,37,N,N,N,N
24062061,2020,2,Shoulder/Roadside,Walking/Cycling Along Roadway With Traffic,Other Cyclist,WEST PALM BCH,FL,33417,,N,,,,,N,,,,Incapacitating,EMS,No Improper Action,,None,,,N,N,N,N
24065491,2020,2,Sidewalk,Walking/Cycling on Sidewalk,Other Cyclist,ORLANDO,,32805,Female,N,,,,,N,,,,Possible,Not Transported,Wrong-Way Riding or Walking,Other,None,,13,N,N,N,N
24066383,2020,1,Other,Other,Other Cyclist,APOPKA,,32703,Male,N,,,,,N,,,,None,Not Transported,Other,,None,,23,N,N,N,N
24066383,2020,4,Other,Other,Other Cyclist,ALTAMONTE SPRINGS,,32701,Female,N,,,,,N,,,,Possible,Not Transported,No Improper Action,,None,,18,N,N,N,Y
24086890,2020,2,Travel Lane - Other Location,Walking/Cycling Along Roadway With Traffic,Bicyclist,GAINESVILLE,FL,32608,,N,,,,,N,,,,None,Not Transported,Unknown,,None,,,N,N,N,N
24086890,2020,3,Travel Lane - Other Location,Walking/Cycling on Sidewalk,Other Cyclist,GAINESVILLE,FL,32608,,N,,,,,N,,,,Possible,Not Transported,Other,,None,,,N,N,N,N
24105211,2020,3,Driveway Access,Walking/Cycling Along Roadway Against Traffic,Other Cyclist,SARASOTA,FL,34237,Male,N,,,,,N,,,,Possible,Not Transported,No Improper Action,,None,,38,N,N,N,N
24162926,2020,2,Intersection - Marked Crosswalk,Walking/Cycling on Sidewalk,Other Cyclist,WEST PALM BEACH,FL,33413,Male,N,,,,,N,,,,Non-Incapacitating,Not Transported,"Failure to Obey Traffic Signs, Signals, or Officer",,Helmet,,18,N,N,N,Y
24206123,2020,2,Shared-Use Path or Trail,Walking/Cycling Along Roadway With Traffic,Other Cyclist,MIAMI,FL,33130,Male,N,,,,,N,,,,Incapacitating,Other,No Improper Action,,None,,59,N,N,N,N
24208015,2020,2,Intersection - Marked Crosswalk,Walking/Cycling Along Roadway With Traffic,Other Cyclist,MIAMI,FL,33129,Female,N,,,,,N,,,,Non-Incapacitating,EMS,No Improper Action,,None,,21,N,N,N,N
24249927,2020,2,Intersection - Marked Crosswalk,Crossing Roadway,Other Cyclist,MELBOURNE,FL,32940,Male,N,,,,,N,,,,None,Not Transported,No Improper Action,,None,,12,N,N,N,N
83855964,2020,2,Intersection - Marked Crosswalk,Other,Other Cyclist,COCOA,FL,32927,Male,N,,,,,N,,,,Non-Incapacitating,EMS,Unknown,,None,,40,N,N,N,N
88180885,2020,1,Intersection - Other,Crossing Roadway,Other Cyclist,OKEECHOBEE,FL,34972,Male,N,Test Not Given,,,,N,Test Not Given,,,Non-Incapacitating,EMS,"Failure to Obey Traffic Signs, Signals, or Officer",,None,,23,N,N,N,N
88262805,2020,2,Intersection - Marked Crosswalk,Crossing Roadway,Other Cyclist,ST PETERSBURG,FL,33714,Male,N,Test Not Given,,,,N,Test Not Given,,,Incapacitating,EMS,"Failure to Obey Traffic Signs, Signals, or Officer",,None,,65,N,N,Y,N
88263457,2020,1,Travel Lane - Other Location,Walking/Cycling Along Roadway With Traffic,Other Cyclist,KEY WEST,FL,33040,Male,N,Test Not Given,,,,N,Test Not Given,,,Non-Incapacitating,Not Transported,Failure to Yield Right-of-Way,,None,,31,N,N,N,N
88271857,2020,2,Travel Lane - Other Location,In Roadway - Other,Other Cyclist,APOPKA,FL,32703,Male,N,Test Not Given,,,,N,Test Not Given,,,Non-Incapacitating,Not Transported,Dart/Dash,,None,,5,N,N,N,N
88280176,2020,3,Travel Lane - Other Location,Crossing Roadway,Other Cyclist,SARASOTA,FL,34233,Male,N,Test Not Given,,,,N,Test Not Given,,,Incapacitating,EMS,Dart/Dash,,None,,10,N,N,N,N
88280598,2020,1,Intersection - Marked Crosswalk,Crossing Roadway,Other Cyclist,KISSIMMEE,FL,34746,Male,N,Test Not Given,,,,N,Test Not Given,,,None,Not Transported,No Improper Action,,None,,56,N,N,N,N
88289394,2020,2,Intersection - Marked Crosswalk,Crossing Roadway,Other Cyclist,ORLANDO,FL,32807,Female,N,Test Not Given,,,,N,Test Not Given,,,Non-Incapacitating,Other,Unknown,,None,,15,N,N,N,Y
88289394,2020,3,Intersection - Marked Crosswalk,Crossing Roadway,Bicyclist,ORLANDO,FL,32807,Male,N,Test Not Given,,,,N,Test Not Given,,,Non-Incapacitating,Other,Unknown,,None,,17,N,N,N,Y
88293035,2020,3,Bicycle Lane,Walking/Cycling Along Roadway With Traffic,Other Cyclist,KISSIMMEE,FL,34743,Male,N,Test Not Given,,,,N,Test Not Given,,,Non-Incapacitating,Not Transported,No Improper Action,,Helmet,,37,N,N,N,N
88298023,2020,1,Intersection - Marked Crosswalk,Crossing Roadway,Other Cyclist,HAINES CITY,FL,33844,Male,N,Test Not Given,,,,N,Test Not Given,,,None,Not Transported,Failure to Yield Right-of-Way,Dart/Dash,None,None,48,N,N,N,N
88304140,2020,2,Other,Walking/Cycling Along Roadway With Traffic,Other Cyclist,KISSIMMEE,FL,34746,Male,N,Test Not Given,,,,N,Test Not Given,,,Possible,Not Transported,Inattentive,In Roadway Improperly,None,,12,N,N,N,N
88304984,2020,2,Intersection - Marked Crosswalk,Crossing Roadway,Other Cyclist,ORLANDO,FL,32817,Male,N,Test Not Given,,,,N,Test Not Given,,,Possible,EMS,No Improper Action,,None,,17,N,N,N,Y
88311623,2020,1,Intersection - Other,Crossing Roadway,Other Cyclist,MACON,GA,31204,Male,N,Test Not Given,,,,N,Test Not Given,,,Incapacitating,EMS,Dart/Dash,Failure to Yield Right-of-Way,None,,14,N,N,N,N
88315258,2020,2,Intersection - Unmarked Crosswalk,Crossing Roadway,Other Cyclist,ORLANDO,FL,32825,Female,N,Test Not Given,,,,N,Test Not Given,,,Incapacitating,EMS,No Improper Action,,None,,28,N,N,N,N
88317057,2020,2,Bicycle Lane,Walking/Cycling Along Roadway Against Traffic,Other Cyclist,HUDSON,FL,34669,Male,N,Test Not Given,,,,N,Test Not Given,,,Incapacitating,EMS,Wrong-Way Riding or Walking,No Improper Action,None,,30,N,N,N,N
88317992,2020,2,Intersection - Marked Crosswalk,Crossing Roadway,Other Cyclist,HOLIDAY,FL,34691,Male,N,Test Not Given,,,,N,Test Not Given,,,Non-Incapacitating,EMS,Wrong-Way Riding or Walking,,Helmet,,35,N,N,N,N
88340986,2020,2,Intersection - Unmarked Crosswalk,Crossing Roadway,Other Cyclist,FORT MYERS,FL,33912,Male,N,Test Not Given,,,,N,Test Not Given,,,Non-Incapacitating,Not Transported,Failure to Yield Right-of-Way,,None,,70,N,N,Y,N
88340986,2020,5,Intersection - Unmarked Crosswalk,Crossing Roadway,Other Cyclist,FORT MYERS,FL,33912,Male,N,Test Not Given,,,,N,Test Not Given,,,Fatal (within 30 days),EMS,Failure to Yield Right-of-Way,,None,,71,N,N,Y,N
88327629,2020,5,Travel Lane - Other Location,None,Bicyclist,PALM HARBOR,FL,34684,Male,N,Test Not Given,,,,N,Test Not Given,,,Possible,Not Transported,No Improper Action,,Helmet,Lighting,63,N,N,N,N
88327629,2020,6,Travel Lane - Other Location,None,Other Cyclist,PALM HARBOR,FL,34684,Female,N,Test Not Given,,,,N,Test Not Given,,,Possible,Law Enforcement,No Improper Action,,Helmet,Lighting,60,N,N,N,N
88335250,2020,2,Intersection - Unmarked Crosswalk,Walking/Cycling Along Roadway With Traffic,Other Cyclist,PENSACOLA,FL,32505,Male,N,Test Not Given,,,,N,Test Not Given,,,Possible,EMS,In Roadway Improperly,Not Visible,None,,62,N,N,N,N
88335253,2020,1,Other,Other,Other Cyclist,PENSACOLA,FL,32503,Male,N,Test Not Given,,,,N,Test Not Given,,,Possible,EMS,Inattentive,,None,,32,N,N,N,N
88341614,2020,3,Travel Lane - Other Location,Walking/Cycling Along Roadway With Traffic,Other Cyclist,MILTON,FL,32571,Male,N,Test Not Given,,,,N,Test Not Given,,,None,Not Transported,Other,,None,,35,N,N,N,N
88342269,2020,2,Intersection - Marked Crosswalk,Walking/Cycling on Sidewalk,Other Cyclist,ORLANDO,FL,32839,Male,N,Test Not Given,,,,N,Test Not Given,,,Incapacitating,EMS,Inattentive,,None,,13,N,N,N,N
88362631,2020,2,Driveway Access,Crossing Roadway,Other Cyclist,HUDSON,FL,34669,Male,N,Test Not Given,,,,N,Test Not Given,,,Non-Incapacitating,EMS,Failure to Yield Right-of-Way,,Helmet,,13,N,N,N,N
88363024,2020,3,Intersection - Marked Crosswalk,Walking/Cycling Along Roadway Against Traffic,Other Cyclist,MORAINE,OH,45439,Female,N,Test Not Given,,,,N,Test Not Given,,,None,EMS,No Improper Action,,None,,20,N,N,N,N
88365131,2020,3,Intersection - Marked Crosswalk,Crossing Roadway,Other Cyclist,ORLANDO,FL,32837,Male,,Test Given,Blood,Completed,0,,Test Given,Blood,Unknown,Fatal (within 30 days),EMS,Failure to Yield Right-of-Way,,None,None,83,N,N,Y,N
88371342,2020,2,Intersection - Marked Crosswalk,Crossing Roadway,Other Cyclist,UNIVERSITY PARK,FL,34201,Male,N,Test Not Given,,,,N,Test Not Given,,,Possible,EMS,"Failure to Obey Traffic Signs, Signals, or Officer",,None,,73,N,N,Y,N
88376633,2020,2,Intersection - Unmarked Crosswalk,Walking/Cycling on Sidewalk,Other Cyclist,BRADENTON,FL,34210,Female,N,Test Not Given,,,,N,Test Not Given,,,Non-Incapacitating,EMS,No Improper Action,,None,,21,N,N,N,N
88379284,2020,1,Intersection - Marked Crosswalk,Walking/Cycling Along Roadway Against Traffic,Other Cyclist,PLANT CITY,FL,33563,Male,N,Test Not Given,,,,N,Test Not Given,,,Incapacitating,EMS,Wrong-Way Riding or Walking,"Failure to Obey Traffic Signs, Signals, or Officer",None,,65,N,N,Y,N
88386164,2020,1,Travel Lane - Other Location,Crossing Roadway,Other Cyclist,TRINITY,FL,34655,Male,N,Test Not Given,,,,N,Test Not Given,,,Non-Incapacitating,EMS,Dart/Dash,,None,,12,N,N,N,N
88388107,2020,2,Intersection - Marked Crosswalk,Walking/Cycling on Sidewalk,Other Cyclist,SEMINOLE,FL,33777,Male,N,Test Not Given,,,,N,Test Not Given,,,Possible,EMS,No Improper Action,,None,,75,N,N,Y,N
88392135,2020,2,Other,Walking/Cycling Along Roadway With Traffic,Other Cyclist,ZEPHYRHILLS,FL,33541,Female,N,Test Not Given,,,,N,Test Not Given,,,Possible,EMS,No Improper Action,,Lighting,,10,N,N,N,N
88395295,2020,1,Intersection - Unmarked Crosswalk,Crossing Roadway,Other Cyclist,PENSACOLA,FL,32505,Male,N,Test Not Given,,,,N,Test Not Given,,,Non-Incapacitating,EMS,Failure to Yield Right-of-Way,,None,None,32,N,N,N,N
88419246,2020,2,Driveway Access,Walking/Cycling on Sidewalk,Other Cyclist,ORLANDO,FL,32822,Female,N,Test Not Given,,,,N,Test Not Given,,,Non-Incapacitating,EMS,Failure to Yield Right-of-Way,,None,,28,N,N,N,N
88799206,2020,2,Intersection - Marked Crosswalk,Crossing Roadway,Other Cyclist,COCONUT CREEK,FL,33073,,N,,,,,N,,,,Possible,Not Transported,No Improper Action,,Helmet,,,N,N,N,N
88799206,2020,3,Intersection - Marked Crosswalk,Crossing Roadway,Other Cyclist,COCONUT CREEK,FL,33073,,N,,,,,N,,,,Possible,Not Transported,No Improper Action,,None,,,N,N,N,N
88807588,2020,2,Bicycle Lane,Walking/Cycling Along Roadway With Traffic,Other Cyclist,ST PETE BEACH,FL,33706,Male,N,,,,,N,,,,Non-Incapacitating,Not Transported,No Improper Action,,None,,64,N,N,N,N
88949427,2020,2,Unknown,None,Other Cyclist,PEMBROKE PINES,FL,33024,Male,N,,,,,N,,,,None,,No Improper Action,Entering/Exiting Parked/Standing Vehicle,None,,54,N,N,N,N
88996406,2020,1,Travel Lane - Other Location,Crossing Roadway,Other Cyclist,FORT PIERCE,FL,34950,,N,,,,,N,,,,Possible,EMS,Failure to Yield Right-of-Way,,None,,,N,N,N,N
88996998,2020,2,Other,Other,Other Cyclist,PORT ST LUCIE,FL,34983,,N,,,,,N,,,,Possible,EMS,Other,,Helmet,,,N,N,N,N
88998385,2020,2,Travel Lane - Other Location,Other,Other Cyclist,FORT PIERCE,FL,34982,,N,,,,,N,,,,Non-Incapacitating,EMS,Other,,None,,,N,N,N,N
89034003,2020,1,Intersection - Marked Crosswalk,Crossing Roadway,Bicyclist,MIAMI BEACH,,33139,Female,N,,,,,N,,,,Incapacitating,EMS,"Failure to Obey Traffic Signs, Signals, or Officer",,None,,55,N,N,N,N
89034003,2020,2,Intersection - Marked Crosswalk,Crossing Roadway,Other Cyclist,MIAMI BEACH,,33139,Male,N,,,,,N,,,,Non-Incapacitating,EMS,No Improper Action,,None,,1,N,N,N,N
89042872,2020,2,Intersection - Marked Crosswalk,Crossing Roadway,Other Cyclist,LARGO,FL,33771,,,"Unknown, if Tested",,,,,"Unknown, if Tested",,,Fatal (within 30 days),EMS,Unknown,,None,,,N,N,N,N
89164233,2020,2,Driveway Access,Walking/Cycling on Sidewalk,Other Cyclist,TAMPA,FL,33629,Female,N,,,,,N,,,,None,Not Transported,No Improper Action,,None,,55,N,N,N,N
89165214,2020,3,Travel Lane - Other Location,Crossing Roadway,Other Cyclist,TAMPA,FL,33614,Male,N,,,,,N,,,,Non-Incapacitating,EMS,Dart/Dash,,Lighting,,51,N,N,N,N
89165920,2020,2,Intersection - Marked Crosswalk,Crossing Roadway,Other Cyclist,TAMPA,FL,33604,Male,N,,,,,N,,,,None,Not Transported,Failure to Yield Right-of-Way,In Roadway Improperly,None,,27,N,N,N,N
89168331,2020,2,Shoulder/Roadside,Adjacent to Roadway,Other Cyclist,TAMPA,FL,33604,Male,N,,,,,N,,,,Non-Incapacitating,Not Transported,Unknown,,None,,20,N,N,N,N
89169117,2020,2,Intersection - Other,Other,Other Cyclist,,,,,N,,,,,N,,,,None,Not Transported,Other,,None,,,N,N,N,N
89172189,2020,2,Intersection - Marked Crosswalk,Walking/Cycling on Sidewalk,Other Cyclist,TAMPA,FL,33609,Female,N,,,,,N,,,,Non-Incapacitating,EMS,No Improper Action,,None,,29,N,N,N,N
89189561,2020,2,Intersection - Unmarked Crosswalk,Crossing Roadway,Other Cyclist,BOYNTON BEACH,FL,33426,Male,N,,,,,N,,,,Possible,EMS,Failure to Yield Right-of-Way,"Failure to Obey Traffic Signs, Signals, or Officer",None,,30,N,N,N,N
89194258,2020,2,Sidewalk,Walking/Cycling Along Roadway Against Traffic,Other Cyclist,LAKE WORTH,FL,33461,Male,N,,,,,N,,,,Possible,Not Transported,Wrong-Way Riding or Walking,,None,None,34,N,N,N,N
89208048,2020,1,Intersection - Marked Crosswalk,Crossing Roadway,Other Cyclist,BOCA RATON,FL,33431,,N,,,,,N,,,,Possible,Not Transported,No Improper Action,,None,,,N,N,N,N
