REPORT_NUMBER,CRASH_YEAR,VEHICLE_NUMBER,PERSON_NUMBER,CITY,STATE,ZIP_CODE,SEX,HELMET_CODE,RESTRAINT_SYSTEM_CODE,EYE_PROTECTION_CODE,AIR_BAG_DEPLOYMENT_CODE,EJECTED,INJURY_SEVERITY,EMS_TRANSPORT_TYPE,SEAT_POSITION_CODE,ROW_POSITION_CODE,OTHER_POSITION_CODE,S4_AGE_AT_TIME_OF_CRASH,S4_IS_UNRESTRAINED_PASSENGER
89154824,2019,1,2,LARGO,FL,33778,Female,,Shoulder and Lap Belt Used,,Not Deployed,Not Ejected,None,Not Transported,Right,Front,Not Applicable,46,N
89154824,2019,1,3,LARGO,FL,33778,Male,,Shoulder and Lap Belt Used,,Not Deployed,Not Ejected,None,Not Transported,Right,Second,Not Applicable,43,N
89162436,2019,1,2,TAMPA,FL,33603,Female,,Shoulder and Lap Belt Used,,Not Applicable,Not Ejected,None,Not Transported,Right,Front,,25,N
89162436,2019,1,3,TAMPA,FL,33603,Male,,Other,,Not Applicable,Not Ejected,None,Not Transported,Right,Front,,0,N
89162436,2019,1,4,TAMPA,FL,33605,Female,,Shoulder and Lap Belt Used,,Not Applicable,Not Ejected,None,Not Transported,Right,Second,,9,N
89165214,2020,1,2,TAMPA,FL,33619,Male,,Shoulder and Lap Belt Used,,Not Deployed,Not Ejected,None,Not Transported,Right,Front,,27,N
89202684,2019,1,2,STUART,FL,34994,Male,,Shoulder and Lap Belt Used,,Not Applicable,Not Ejected,None,Not Transported,Right,Front,,53,N
89217358,2019,2,3,KISSIMMEE,FL,34746,Female,No Helmet,Shoulder and Lap Belt Used,,Not Deployed,Not Ejected,None,Not Transported,Right,Front,Not Applicable,23,N
89241594,2019,1,2,CORAL GABLES,FL,33134,Female,,Shoulder and Lap Belt Used,,Not Deployed,Not Ejected,None,Not Transported,Right,Front,,62,N
89487237,2019,1,2,FT LAUDERDALE,FL,33312,Female,,,,Not Deployed,Not Ejected,None,Not Transported,Right,Front,Not Applicable,54,N
24012633,2020,1,2,HOLLYWOOD,FL,33020,Female,,Shoulder and Lap Belt Used,,Not Applicable,Not Ejected,None,Not Transported,Right,Front,Not Applicable,58,N
24066383,2020,1,3,ORLANDO,FL,32814,Male,No Helmet,Shoulder and Lap Belt Used,,Not Deployed,Not Ejected,None,Not Transported,Right,Front,Not Applicable,40,N
24105211,2020,1,2,SARASOTA,FL,34233,Male,,Shoulder and Lap Belt Used,,Not Deployed,Not Ejected,None,Not Transported,Right,Front,,16,N
88280176,2020,1,2,SARASOTA,FL,34233,Male,,Shoulder and Lap Belt Used,,Not Deployed,Not Ejected,None,Not Transported,Right,Front,,44,N
88293035,2020,1,2,KISSIMMEE,FL,34744,Female,,Shoulder and Lap Belt Used,,Not Deployed,Not Ejected,None,Not Transported,Right,Front,,81,N
88327629,2020,1,2,OLDSMAR,FL,34677,Female,,Shoulder Belt Only Used,,Not Deployed,Not Ejected,None,Not Transported,Right,Front,,11,N
88327629,2020,1,3,CLEARWATER,FL,33761,Male,,Child Restraint System - Rear Facing,,Not Deployed,Not Ejected,None,Not Transported,Right,Second,,0,N
88327629,2020,1,4,CLEARWATER,FL,33761,Female,,Booster Seat,,Not Deployed,Not Ejected,None,Not Transported,Left,Front,,4,N
88341614,2020,1,2,PENSACOLA,FL,32506,Female,,Shoulder and Lap Belt Used,,Not Deployed,Not Ejected,None,Not Transported,Right,Front,Not Applicable,17,N
88363024,2020,1,2,FT WALTON BEACH,FL,32547,Female,,Shoulder and Lap Belt Used,,Not Deployed,Not Ejected,None,Not Transported,Right,Front,Not Applicable,12,N
88365131,2020,1,2,ORLANDO,FL,32839,Female,,Shoulder and Lap Belt Used,,Not Deployed,Not Ejected,None,Not Transported,Right,Second,,9,N
