REPORT_NUMBER,CRASH_YEAR,VEHICLE_NUMBER,OWNER_CITY,OWNER_STATE,OWNER_ZIP_CODE,COMMERCIAL_VEHICLE_FLAG,MOTION_CODE,STATE_OF_REGISTRATION,PERMANENT_REGISTRATION_FLAG,HIT_AND_RUN_FLAG,VEHICLE_YEAR,VEHICLE_MAKE,VEHICLE_MODEL,VEHICLE_STYLE,VEHICLE_COLOR,DISABLING_FUNCTIONAL_DAMAGE,ESTIMATED_VEHICLE_DAMAGE,TOW_DAMAGE_CODE,HOW_TOW_REQUESTED,BUSINESS_OWNED_FLAG,VEHICLE_TRAVELING,ROAD_ON,ESTIMATED_MPH,POSTED_SPEED,TOTAL_NUMBER_OF_LANES,HAZARDOUS_MATERIAL_RELEASED,HAZMAT_PLACARD,HAZARDOUS_PLACARD_NUMBER,HAZMAT_CLASS,POINT_OF_IMPACT,MOST_DAMAGED_AREA_CODE,TYPE_OF_VEHICLE,TRAFFICWAY_CODE,COMMERCIAL_VEHICLE_CONFIGURATION_CODE,COMMERCIAL_USE_CODE,CARRIER_CARGO_BODY_TYPE,COMMERCIAL_VEHICLE_WEIGHT_CODE,MOST_HARMFUL_EVENT_CODE,HARMFUL_EVENT_1,HARMFUL_EVENT_2,HARMFUL_EVENT_3,HARMFUL_EVENT_4,EMERGENCY_VEHICLE_USE_CODE,ROADWAY_GRADE_CODE,ROADWAY_ALIGNMENT_CODE,VEHICLE_MANEUVER_ACTION,TRAFFIC_CONTROL_DEVICE,VEHICLE_SPECIAL_FUNCTION,VEHICLE_DEFECT1,VEHICLE_DEFECT2,S4_IS_COMMERCIAL_MOTOR_VEHICLE
89154824,2019,1,LARGO,FL,33778,N,Vehicle in Transport,FL,,N,2013,FORD,,TK,BLK,Functional,1000,N,Driver,N,Off-Road,HOWARD AVE S,0,15,1,,,,,Right Front Fender,Right Front Fender,Pickup,"Two-Way, Not Divided",,,,,Pedalcycle,Pedalcycle,,,,N,Level,Straight,Turning Left,No Controls,No Special Function,Unknown,,
89158175,2019,1,TAMPA,FL,33605,N,Vehicle in Transport,FL,,N,2008,FORD,,4D,RED,Minor,500,N,Other,N,North,FLORIDA AVE N,10,35,4,,,,,Front Center Bumper,Front Center Bumper,Passenger Car,"Two-Way, Not Divided",,,,,Motor Vehicle in Transport,Motor Vehicle in Transport,,,,N,Level,Straight,Straight Ahead,No Controls,No Special Function,Unknown,,
89160358,2019,1,RUSKIN,FL,33570,N,Vehicle in Transport,FL,,N,2005,LEXS,,4D,SIL,None,0,N,,N,North,ASHLEY DR N,8,30,4,,,,,Front Center Bumper,Front Center Bumper,Passenger Car,"Two-Way, Divided, Positive Median Barrier",,,,,Pedalcycle,Pedalcycle,,,,N,Level,Straight,Straight Ahead,Traffic Control Signal,No Special Function,None,,
89229821,2020,1,FORT MYERS,FL,33913,N,Vehicle in Transport,FL,,N,2016,TOYT,,UT,GRY,None,0,N,Rotation,N,North,WESTLINKS DR,5,30,4,,,,,Right Rear Fender,Right Rear Fender,(Sport) Utility Vehicle,"Two-Way, Divided, Positive Median Barrier",,,,,Motor Vehicle in Transport,Motor Vehicle in Transport,,,,N,Level,Straight,Straight Ahead,No Controls,No Special Function,None,,
89160510,2019,1,,,,,,,,Y,,UK,,UNKNOWN,UNKNOWN,Unknown,0,N,,N,,,,,,,,,,,,Unknown,"Two-Way, Divided, Positive Median Barrier",,,,,Motor Vehicle in Transport,Motor Vehicle in Transport,,,,,Level,Straight,Unknown,No Controls,Unknown,Unknown,Unknown,
89162436,2019,1,TAMPA,FL,33603,N,Vehicle in Transport,FL,,N,1996,MERC,,4D,WHI,Minor,50,N,Driver,N,Off-Road,OSBORNE AVE E,5,1,0,,,,,Rear Right Bumper,Rear Right Bumper,Passenger Car,One-Way Trafficway,,,,,Motor Vehicle in Transport,Motor Vehicle in Transport,,,,N,Level,Straight,Backing,No Controls,No Special Function,None,,
89176906,2019,1,BELLE GLADE,FL,33430,N,Vehicle in Transport,FL,N,Y,2009,CHEV,,4D,WHI,None,0,N,Driver,N,West,W AVENUE A,5,20,2,,,,,Front Left Bumper,,(Sport) Utility Vehicle,"Two-Way, Not Divided",,,,,Motor Vehicle in Transport,Motor Vehicle in Transport,Pedestrian,,,N,Level,Straight,Straight Ahead,No Controls,No Special Function,None,None,
89186930,2019,1,ORLANDO,FL,32812,N,Vehicle in Transport,FL,N,N,2019,KIA,,UT,BLK,None,0,N,Driver,Y,East,SR809/S MILITARY TRAIL,,,,,,,,Front Right Bumper,,(Sport) Utility Vehicle,"Two-Way, Not Divided",,,,,Motor Vehicle in Transport,Motor Vehicle in Transport,,,,N,Level,Straight,Turning Right,Stop Sign,No Special Function,None,,
89202684,2019,1,WEST PALM BEACH,FL,33415,N,Vehicle in Transport,FL,,N,2013,DODG,,VN,WHI,Minor,1000,N,Driver,N,East,3047 FOREST HILL BLVD,,,,,,,,Front Center Bumper,,Passenger Van,"Two-Way, Not Divided",,,,,Motor Vehicle in Transport,Motor Vehicle in Transport,,,,N,Level,Straight,Straight Ahead,No Controls,No Special Function,None,,
89209895,2019,1,HILLSIDE,NJ,07205,,Vehicle in Transport,NJ,,,2015,NIS,,4 DR,SILVE,Minor,1000,,Driver,,West,NORTH RIDGE BLVD,15,35,2,,,,,Left Front Door,Left Rear Door,(Sport) Utility Vehicle,"Two-Way, Not Divided",,,,,Pedalcycle,Pedalcycle,,,,,Level,Straight,Straight Ahead,No Controls,No Special Function,None,,
89210753,2019,1,MELBOURNE,FL,32935,N,Vehicle in Transport,FL,,N,2018,HYUN,,UT,WHI,None,0,N,Driver,N,Off-Road,,,,,,,,,Right Front Fender,Right Front Fender,(Sport) Utility Vehicle,One-Way Trafficway,,,,,Pedalcycle,Pedalcycle,,,,N,Level,Straight,Straight Ahead,No Controls,No Special Function,None,,
89215410,2019,1,ORLANDO,FL,32808,,Vehicle in Transport,FL,,N,2001,CHEV,,2D,WHI,None,1,N,Driver,Y,South,N ORANGE AV,15,25,3,,,,,,Trailer,Pickup,One-Way Trafficway,,,,,Pedalcycle,Pedalcycle,,,,N,Level,Straight,Straight Ahead,No Controls,No Special Function,None,,
89216754,2019,1,ORLANDO,FL,32803,,Vehicle in Transport,FL,,N,2017,HOND,,4D,GRY,Minor,100,N,Driver,N,East,E ANDERSON ST,10,30,2,,,,,Right Front Door,Right Front Door,Passenger Car,One-Way Trafficway,,,,,Pedalcycle,Pedalcycle,,,,N,Level,Straight,Turning Right,Traffic Control Signal,No Special Function,None,,
89217358,2019,1,ORLANDO,FL,32811,,Vehicle in Transport,,,N,,UK,,,BLK,Disabling,1000,Y,Rotation,N,North,TERRY AVE,15,35,2,,,,,Front Center Bumper,Front Center Bumper,Moped,"Two-Way, Not Divided",,,,,Motor Vehicle in Transport,Motor Vehicle in Transport,,,,N,Level,Straight,Straight Ahead,Stop Sign,No Special Function,None,,
89217358,2019,2,KISSIMMEE,FL,34741,,Vehicle in Transport,FL,,N,2017,HOND,,4D,BLU,Minor,2000,N,Driver,N,East,WASHINGTON ST,30,40,2,,,,,Front Center Bumper,Front Center Bumper,Passenger Car,"Two-Way, Not Divided",,,,,Motor Vehicle in Transport,Motor Vehicle in Transport,,,,N,Level,Straight,Straight Ahead,No Controls,No Special Function,None,,
89237252,2019,1,DUNEDIN,FL,34698,N,Vehicle in Transport,FL,,N,2018,NISS,,4D,SIL,Minor,2000,N,Driver,N,Off-Road,2234 GULF TO BAY BLVD,0,5,2,,,,,Right Front Fender,Right Front Fender,Passenger Car,"Two-Way, Not Divided",,,,,Pedalcycle,Pedalcycle,,,,N,Level,Straight,Stopped in Traffic,Stop Sign,No Special Function,None,,
89241594,2019,1,MIAMI,FL,33134,N,Vehicle in Transport,FL,,N,2017,BUIC,,UT,GRY,Minor,500,N,Driver,N,South,NW 43RD AVE,5,35,2,,,,,Trunk,Trunk,(Sport) Utility Vehicle,"Two-Way, Not Divided",,,,,Motor Vehicle in Transport,Motor Vehicle in Transport,,,,N,Level,Straight,Straight Ahead,No Controls,No Special Function,None,,
89243754,2019,1,,,,N,,,,Y,,UK,,4D,RED,None,0,N,,N,,201 SE 3RD AVE,35,25,3,,,,,Front Right Bumper,Front Right Bumper,Passenger Car,One-Way Trafficway,,,,,Motor Vehicle in Transport,Motor Vehicle in Transport,,,,N,Level,Curve Left,Turning Left,No Controls,Unknown,Unknown,None,
89242434,2019,1,MIAMI,FL,33166,N,Vehicle in Transport,FL,,N,2017,MERZ,,4D,WHI,None,0,N,Driver,N,Off-Road,PARKING LOT,0,10,1,,,,,Right Front Fender,Right Front Fender,(Sport) Utility Vehicle,One-Way Trafficway,,,,,Motor Vehicle in Transport,Motor Vehicle in Transport,,,,N,Level,Straight,Entering Traffic Lane,Stop Sign,No Special Function,None,,
89242517,2019,1,MIAMI,FL,33127,N,Vehicle in Transport,FL,,N,2014,NISS,,4D,BLK,Minor,800,N,Driver,N,West,PARKING LOT,0,10,2,,,,,Right Front Fender,Right Front Fender,Passenger Car,Unknown,,,,,Motor Vehicle in Transport,Motor Vehicle in Transport,,,,N,Level,Straight,Stopped in Traffic,No Controls,No Special Function,None,,
89244776,2019,1,MIAMI,FL,33147,N,Vehicle in Transport,FL,,N,2010,CHRY,,4D,GRY,Minor,1000,N,Driver,N,West,NE 18TH ST,10,30,4,,,,,Right Front Fender,Front Right Bumper,Passenger Car,"Two-Way, Not Divided",,,,,Motor Vehicle in Transport,Motor Vehicle in Transport,,,,N,Level,Straight,Straight Ahead,Stop Sign,No Special Function,None,,
89245755,2019,1,MIAMI,FL,33156,N,Parked Motor Vehicle,FL,,N,2018,TOYT,,4D,BLK,Minor,500,N,Driver,N,West,S MIAMI AVE,0,25,3,,,,,Left Front Door,Left Front Door,Passenger Car,One-Way Trafficway,,,,,Parked Motor Vehicle,Parked Motor Vehicle,,,,N,Level,Straight,Parked,Other,No Special Function,None,,
89246482,2019,1,UNK,UK,000000000,N,Vehicle in Transport,UK,,Y,2000,VOLK,,4D,SIL,Unknown,100,N,Rotation,N,East,SW 25TH TER,15,30,2,,,,,Hood,Hood,Passenger Car,"Two-Way, Not Divided",,,,,Motor Vehicle in Transport,Motor Vehicle in Transport,,,,N,Level,Straight,Turning Left,No Controls,Unknown,Unknown,Unknown,
89246789,2019,1,MIAMI,FL,33135,,Vehicle in Transport,FL,,Y,2004,LINCO,,4D,WHI,Unknown,0,N,Rotation,N,,,,,,,,,,,,Unknown,"Two-Way, Not Divided, with a Continuous Left Turn Lane",,,,,,,,,,,Level,,Unknown,,Unknown,Unknown,Unknown,
89247827,2019,1,HOMESTEAD,FL,33032,N,Vehicle in Transport,FL,,Y,2019,HOND,,4D,BLU,Unknown,1000,N,Driver,N,,1717  BAYSHORE DR,5,5,0,,,,,Front Center Bumper,Front Center Bumper,Passenger Car,"Two-Way, Divided, Unprotected (painted >4 feet) Median",,,,,Motor Vehicle in Transport,Motor Vehicle in Transport,,,,N,Level,Straight,Entering Traffic Lane,Stop Sign,Unknown,Unknown,Unknown,
89277836,2019,1,CAPE CORAL,FL,33904,,Vehicle in Transport,,,,,,,NA,,Minor,50,,Rotation,,North,CORONADO PKWY,15,35,4,,,,,Overturn,Overturn,Other,"Two-Way, Divided, Positive Median Barrier",,,,,Overturn/Rollover,Overturn/Rollover,,,,,Level,Straight,Turning Right,No Controls,No Special Function,None,,
89278078,2019,1,CAPE CORAL,FL,33909,N,Vehicle in Transport,FL,N,N,2018,FORD,,PU,WHI,None,0,N,,N,North,3300 BLK SW 17 PL,15,25,2,,,,,Right Rear Fender,Right Rear Fender,Pickup,"Two-Way, Not Divided",,,,,Motor Vehicle in Transport,Motor Vehicle in Transport,,,,N,Level,Straight,Straight Ahead,No Controls,No Special Function,None,,
89328140,2019,1,TALLAHASSEE,FL,32308,N,Vehicle in Transport,FL,,N,2012,NISS,,4D,SIL,Minor,1000,N,Driver,N,North,US 231,55,55,4,,,,,Front Right Bumper,Front Right Bumper,Passenger Car,"Two-Way, Divided, Positive Median Barrier",,,,,Pedalcycle,Pedalcycle,,,,N,Level,Straight,Straight Ahead,No Controls,No Special Function,None,,
89331574,2019,1,NORTH FORT MYERS,FL,33903,N,Vehicle in Transport,FL,,N,1995,CHEV,,2D,GRN,Functional,1000,N,Rotation,N,East,TAMIAMI TRL E,45,50,3,,,,,Front Right Bumper,Front Right Bumper,Passenger Car,"Two-Way, Divided, Positive Median Barrier",,,,,Utility Pole/Light Support,Motor Vehicle in Transport,Utility Pole/Light Support,,,N,Level,Straight,Straight Ahead,No Controls,No Special Function,None,,
89333502,2019,1,FORT MYERS,FL,33901,N,Vehicle in Transport,FL,,N,2017,FORD,F250,TK,WHI,None,0,N,Driver,Y,West,UNNAMED ST,3,10,1,,,,,Front Center Bumper,Front Center Bumper,"Other Light Trucks (10,000 lbs (4,536 kg) or less)",One-Way Trafficway,,,,Not Applicable,Motor Vehicle in Transport,Motor Vehicle in Transport,,,,N,Level,Straight,Turning Right,Stop Sign,No Special Function,None,,N
89345571,2019,1,VANDERGRIFT,PA,15690,N,Vehicle in Transport,PA,,N,2008,MERCU,,4D,WHI,Minor,500,N,,N,South,HAMMOCK RD SE,30,30,2,,,,,Front Center Bumper,Front Center Bumper,Passenger Car,"Two-Way, Not Divided",,,,,Pedalcycle,Pedalcycle,,,,N,Level,Straight,Straight Ahead,No Controls,No Special Function,None,,
89351476,2019,1,DESTIN,FL,32541-0000,N,Vehicle in Transport,FL,N,N,2011,CHEV,,2D,BLU,Minor,1000,N,,N,East,MAIN STREET,10,30,2,,,,,Front Right Bumper,Front Right Bumper,Passenger Car,"Two-Way, Not Divided",,,,,Pedestrian,Pedestrian,,,,N,Level,Straight,Turning Right,No Controls,No Special Function,None,,
89410695,2019,1,PAISLEY,FL,32767,N,Vehicle in Transport,FL,,N,2018,MITS,,UT,BLK,Minor,500,N,Driver,N,Unknown,LAKE COUNTY FAIRGROUNDS,1,5,0,,,,,Rear Center Bumper,Rear Center Bumper,(Sport) Utility Vehicle,Unknown,,,,,Pedalcycle,Pedalcycle,,,,N,Level,Straight,Backing,No Controls,No Special Function,None,,
89427822,2019,1,TAMPA,FL,33610-9632,N,Vehicle in Transport,FL,N,N,2004,MAZD,,4D,SIL,Minor,2000,N,,N,East,OAK LN,10,15,2,,,,,Left Front Door,Left Front Door,Passenger Car,"Two-Way, Not Divided",,,,,Other Non-Fixed Object,Other Non-Fixed Object,,,,N,Level,Straight,Straight Ahead,Stop Sign,No Special Function,None,,
89475083,2019,1,CRYSTAL RIVER,FL,34428,N,Vehicle in Transport,FL,,N,2012,TOYT,,5D,GRY,Minor,350,N,Driver,N,West,N TURKEY OAK DR,35,5,2,,,,,Front Center Bumper,Front Center Bumper,Passenger Car,"Two-Way, Not Divided",,,,,Pedalcycle,Pedalcycle,,,,N,Level,Straight,Turning Right,Traffic Control Signal,No Special Function,None,,
89487237,2019,1,FORT LAUDERDALE,FL,33312,N,Vehicle in Transport,FL,Y,N,2017,CHEV,,4D,BLK,Functional,1000,N,,Y,West,SW 2ND ST,,25,2,,,,,Front Left Bumper,Front Left Bumper,Passenger Car,"Two-Way, Divided, Unprotected (painted >4 feet) Median",,,,,Pedestrian,Pedestrian,,,,N,Level,Straight,Parked,No Controls,Police,None,,
89488158,2019,1,FORT LAUDERDALE,FL,33316,N,Vehicle in Transport,FL,N,N,2009,NISS,,SPUV,WHI,None,0,N,Driver,N,East,NE 12TH CT,1,20,2,,,,,Front Center Bumper,,(Sport) Utility Vehicle,"Two-Way, Not Divided",,,,,Pedestrian,Pedestrian,,,,N,Level,Straight,Straight Ahead,Stop Sign,No Special Function,None,,
89772191,2019,1,,,,N,Vehicle in Transport,,,Y,,,,,,,0,N,,N,,NE 3RD AV,,,,,,,,,,,,,,,,Motor Vehicle in Transport,Motor Vehicle in Transport,,,,,,,,,,,,
89772191,2019,2,,,,N,Vehicle in Transport,,,Y,,,,,,None,0,N,Owner Request,N,North,NE 3RD AV,3,35,,,,,,,,Other,"Two-Way, Not Divided",,,,,Motor Vehicle in Transport,Motor Vehicle in Transport,,,,N,Level,Straight,Straight Ahead,No Controls,No Special Function,None,,
24012633,2020,1,HALLANDALE BEACH,FL,33009,N,Vehicle in Transport,FL,N,N,2010,TOYT,,4D,SIL,None,50,N,Driver,N,South,N 40TH AV,20,30,2,,,,,Front Center Bumper,Front Center Bumper,Passenger Car,"Two-Way, Divided, Positive Median Barrier",,,,,Motor Vehicle in Transport,Motor Vehicle in Transport,,,,N,Level,Straight,Turning Left,Traffic Control Signal,No Special Function,None,,
24021620,2020,1,VENICE,FL,34293,N,Vehicle in Transport,FL,,N,2017,VOLK,,4D,BLU,Disabling,3000,Y,Rotation,N,North,TAMIAMI TR,10,15,2,,,,,Right Front Fender,Windshield,Passenger Car,"Two-Way, Not Divided",,,,,Motor Vehicle in Transport,Motor Vehicle in Transport,Pedalcycle,,,N,Level,Straight,Straight Ahead,Stop Sign,No Special Function,None,,
24032662,2020,1,DAYTONA,FL,32118,,Vehicle in Transport,FL,,N,2014,MITS,,4D,GRY,Minor,1000,N,Driver,N,West,CHARLES ST,15,30,2,,,,,Right Rear Fender,Right Rear Fender,Passenger Car,"Two-Way, Not Divided",,,,,Pedestrian,Pedestrian,,,,N,Level,Straight,Turning Left,No Controls,No Special Function,None,,
24050433,2020,2,EAGLE LAKE,FL,33839,,Vehicle in Transport,FL,,N,2003,LINC,,4D,SIL,Minor,100,N,Driver,N,South,6th St SW,5,40,5,,,,,Front Center Bumper,Front Center Bumper,Passenger Car,"Two-Way, Not Divided",,,,,Pedestrian,Pedestrian,,,,N,Level,Straight,Turning Left,No Controls,No Special Function,None,,
24062061,2020,1,,,,N,Vehicle in Transport,,,Y,,,,,,,0,N,,N,,BELVEDERE RD,,,,,,,,,,,,,,,,Pedalcycle,Pedalcycle,,,,,,,,,,,,
24065491,2020,1,NAPLES,FL,34110,,Vehicle in Transport,FL,,N,2014,BMW,,4D,WHI,None,0,N,Driver,N,East,151 W Washington St,0,5,2,,,,,Left Front Fender,,Passenger Car,"Two-Way, Not Divided",,,,,Pedestrian,Pedestrian,,,,N,Level,Straight,Stopped in Traffic,No Controls,No Special Function,None,,
24066383,2020,1,ORLANDO,FL,32812,,Vehicle in Transport,FL,,N,2020,LEXS,,UT,BLK,Minor,200,N,Driver,N,North,S MAGNOLIA AV,5,25,1,,,,,Front Center Bumper,Front Center Bumper,(Sport) Utility Vehicle,One-Way Trafficway,,,,,Motor Vehicle in Transport,Motor Vehicle in Transport,,,,N,Level,Straight,Straight Ahead,No Controls,No Special Function,None,,
24086890,2020,1,TOMS RIVER,NJ,08753,N,Vehicle in Transport,NJ,N,N,2013,HOND,,4DR,SIL,Minor,200,N,,Y,West,SW 5TH AVE,5,20,1,,,,,Rear Right Bumper,Rear Right Bumper,Passenger Car,One-Way Trafficway,,,,,Pedalcycle,Pedalcycle,,,,N,Level,Straight,Turning Left,Stop Sign,No Special Function,None,,
24105211,2020,1,SARASOTA,FL,34233,N,Vehicle in Transport,FL,,N,2009,NISS,,4D,GRY,Minor,100,N,Driver,N,East,4748 BENEVA ROAD ACCESS ROAD,5,15,2,,,,,Front Center Bumper,Front Center Bumper,Passenger Car,"Two-Way, Divided, Positive Median Barrier",,,,,Motor Vehicle in Transport,Motor Vehicle in Transport,,,,N,Level,Straight,Turning Right,Stop Sign,No Special Function,None,,
24162926,2020,1,ROYAL PALM BEACH,FL,33411,N,Vehicle in Transport,FL,N,N,1921,TOYT,,4D,SIL,Minor,300,N,Driver,N,West,ONTO SPRING MEADOW DRIVE,7,15,2,,,,,Front Right Bumper,Front Right Bumper,Passenger Car,"Two-Way, Divided, Positive Median Barrier",,,,,Motor Vehicle in Transport,Motor Vehicle in Transport,Pedestrian,,,N,Level,Straight,Turning Right,Traffic Control Signal,No Special Function,None,,
24206123,2020,1,,,,,,,,Y,,UK,,UNKNOWN,UNKNOWN,Unknown,0,N,,N,,,,,,,,,,,,Unknown,"Two-Way, Divided, Positive Median Barrier",,,,,,,,,,,Level,Straight,Unknown,,Unknown,Unknown,Unknown,
24208015,2020,1,NAPLES,FL,34104,N,Vehicle in Transport,FL,,N,2020,NISS,,UT,SIL,Minor,0,N,Rotation,N,North,S BAYSHORE DRIVE,,,2,,,,,Right Rear Door,Right Rear Door,Passenger Car,"Two-Way, Not Divided",,,,,Motor Vehicle in Transport,Motor Vehicle in Transport,Pedestrian,,,N,Level,Straight,Turning Right,No Controls,No Special Function,None,,
24249927,2020,1,WEST MELBOURNE,FL,32904,N,Vehicle in Transport,FL,,N,2015,INFI,,UT,BLK,Functional,500,N,Driver,N,South,EMERSON DR NE,15,40,4,,,,,Right Front Fender,Right Front Fender,(Sport) Utility Vehicle,"Two-Way, Not Divided",,,,,Motor Vehicle in Transport,Motor Vehicle in Transport,,,,N,Level,Straight,Turning Right,No Controls,No Special Function,None,,
83855964,2020,1,CLERMONT,FL,34714,N,Vehicle in Transport,FL,,N,2019,DODG,,2D,WHI,Minor,1000,N,Driver,N,West,HOLDEN AV,20,40,4,,,,,Right Front Fender,Right Front Fender,Passenger Car,"Two-Way, Divided, Unprotected (painted >4 feet) Median",,,,,Motor Vehicle in Transport,Motor Vehicle in Transport,,,,N,Level,Straight,Turning Left,Traffic Control Signal,No Special Function,None,,
88180885,2020,1,OKEECHOBEE,FL,34972-0000,N,Vehicle in Transport,FL,N,N,2015,CHEV,,TK,WHI,Minor,500,N,,N,North,SR-98 / NW 4TH ST,25,45,2,,,,,Front Right Bumper,Front Right Bumper,Pickup,"Two-Way, Divided, Positive Median Barrier",,,,,Pedalcycle,Pedalcycle,,,,N,Level,Straight,Straight Ahead,No Controls,No Special Function,None,,
88262805,2020,1,LARGO,FL,33770-4405,N,Vehicle in Transport,FL,N,N,2010,BMW,,2D,SIL,Disabling,8000,Y,Rotation,N,North,US HIGHWAY 19 (34TH STREET N),45,45,6,,,,,Front Center Bumper,Windshield,Passenger Car,"Two-Way, Divided, Positive Median Barrier",,,,,Pedalcycle,Pedalcycle,,,,N,Level,Straight,Straight Ahead,Traffic Control Signal,No Special Function,None,,
88263457,2020,1,KEY WEST,FL,33040-4427,N,Vehicle in Transport,FL,N,N,1999,CHEV,,PK,SIL,Minor,500,N,,N,South,KEY HAVEN ROAD,25,25,2,,,,,Right Rear Fender,Right Rear Fender,Pickup,"Two-Way, Not Divided",,,,,Other Non-Fixed Object,Other Non-Fixed Object,,,,N,Level,Straight,Overtaking/Passing,No Controls,No Special Function,None,,
88271857,2020,1,APOPKA,FL,32703-7029,N,Vehicle in Transport,FL,N,N,2005,INFI,,4D,SIL,None,0,N,,N,East,ELLA J GILMORE STREET,15,25,2,,,,,Left Rear Fender,Left Rear Fender,Passenger Car,"Two-Way, Not Divided",,,,,Pedalcycle,Pedalcycle,,,,N,Level,Straight,Straight Ahead,No Controls,No Special Function,None,,
88280176,2020,1,SARASOTA,FL,34232-5542,N,Vehicle in Transport,FL,N,N,2004,GMC,,PK,WHI,None,0,N,,N,South,MAVERICK AVENUE,10,15,2,,,,,Front Left Bumper,Front Left Bumper,Pickup,"Two-Way, Not Divided",,,,,Pedalcycle,Pedalcycle,,,,N,Level,Curve Left,Straight Ahead,No Controls,No Special Function,None,,
88280598,2020,1,,,,N,Vehicle in Transport,,N,Y,,UNKNO,,UNKNOWN,,Unknown,0,N,,N,West,SOUTHPORT ROAD,5,45,4,,,,,,,,"Two-Way, Not Divided, with a Continuous Left Turn Lane",,,,,Motor Vehicle in Transport,Motor Vehicle in Transport,,,,N,Level,Straight,Turning Right,Traffic Control Signal,No Special Function,None,,
88289394,2020,1,OCOEE,FL,34761-0000,N,Vehicle in Transport,FL,N,N,2014,CHEV,,PK,WHI,None,0,N,,N,East,STATE ROAD 436 (SEMORAN BLVD),25,45,6,,,,,Front Center Bumper,,Pickup,"Two-Way, Divided, Positive Median Barrier",,,,,Pedalcycle,Pedalcycle,,,,N,Level,Straight,Turning Left,Traffic Control Signal,No Special Function,None,,
88293035,2020,1,KISSIMMEE,FL,34744-0000,N,Vehicle in Transport,FL,N,N,2002,FORD,,4D,RED,Functional,1000,N,,N,East,US 192 (IRLO BRONSON MEMORIAL HWY),15,45,6,,,,,Rear Right Bumper,Rear Right Bumper,Passenger Car,"Two-Way, Divided, Positive Median Barrier",,,,,Pedalcycle,Pedalcycle,,,,N,Level,Straight,Turning Right,No Controls,No Special Function,None,,
88298023,2020,1,KISSIMMEE,FL,34744-0000,N,Vehicle in Transport,FL,N,N,2016,FORD,,PK,SIL,None,0,N,,N,West,MILL RUN BOULEVARD,5,25,2,,,,,Right Front Fender,,Pickup,"Two-Way, Not Divided, with a Continuous Left Turn Lane",,,,,Pedalcycle,Pedalcycle,,,,N,Level,Straight,Turning Right,Traffic Control Signal,No Special Function,None,,
88304140,2020,1,KISSIMMEE,FL,34759-7003,N,Vehicle in Transport,FL,N,N,2019,FORD,,2D,BLK,Minor,500,N,,N,South,2962 PLEASANT HILL RD,10,15,2,,,,,Right Front Fender,Right Front Fender,Passenger Car,"Two-Way, Not Divided",,,,,Pedalcycle,Pedalcycle,,,,N,Level,Straight,Turning Right,No Controls,No Special Function,None,,
88304984,2020,1,WINTER PARK,FL,32792-0000,N,Vehicle in Transport,FL,N,N,2019,HOND,,VN,WHI,None,0,N,,N,North,FORSYTH RD,,45,6,,,,,Right Front Door,,Passenger Van,"Two-Way, Divided, Positive Median Barrier",,,,,Pedestrian,Pedestrian,,,,N,Level,Straight,Turning Right,Traffic Control Signal,No Special Function,None,,
88311623,2020,1,PONCE INLET,FL,32127-6914,N,Vehicle in Transport,FL,N,N,2003,TOYOT,,UT,SIL,Functional,4500,N,,N,South,CARDINAL BOULEVARD,30,35,2,,,,,Front Center Bumper,Front Center Bumper,(Sport) Utility Vehicle,"Two-Way, Not Divided",,,,,Motor Vehicle in Transport,Motor Vehicle in Transport,,,,N,Level,Straight,Straight Ahead,No Controls,No Special Function,None,,
88315258,2020,1,ORLANDO,FL,32811-0000,N,Vehicle in Transport,FL,Y,N,2013,CHEV,,PK,WHI,None,100,N,,Y,North,FOXBOWER ROAD,5,25,2,,,,,Front Center Bumper,Front Center Bumper,Pickup,"Two-Way, Not Divided",,,,,Pedalcycle,Pedalcycle,,,,N,Level,Straight,Turning Right,Stop Sign,No Special Function,None,,
88317057,2020,1,NEW PORT RICHEY,FL,34654-1515,N,Vehicle in Transport,FL,N,N,2004,CHEV,,PK,BLU,Functional,2500,N,,N,East,SR-52,5,45,6,,,,,Left Front Fender,Front Left Bumper,Pickup,"Two-Way, Divided, Positive Median Barrier",,,,,Pedalcycle,Pedalcycle,,,,N,Level,Straight,Turning Right,No Controls,No Special Function,None,,
88317992,2020,1,DUNEDIN,FL,34698-2611,N,Vehicle in Transport,FL,N,Y,2013,HOND,,UT,BLU,None,0,N,,N,South,VIRGINIA CITY DRIVE,5,30,2,,,,,Front Center Bumper,Front Center Bumper,(Sport) Utility Vehicle,"Two-Way, Divided, Positive Median Barrier",,,,,Pedalcycle,Pedalcycle,,,,N,Level,Straight,Turning Right,Stop Sign,No Special Function,None,,
88327629,2020,1,DUNEDIN,FL,34698-9319,N,Vehicle in Transport,FL,N,N,2019,VOLV,,UT,WHI,Minor,200,N,,N,South,CR-611 (EAST LAKE ROAD),15,50,4,,,,,Right Front Fender,Right Front Fender,(Sport) Utility Vehicle,"Two-Way, Divided, Positive Median Barrier",,,,,Pedalcycle,Pedalcycle,,,,N,Level,Straight,Changing Lanes,No Controls,No Special Function,None,,
88335250,2020,1,PENSACOLA,FL,32505-3898,N,Vehicle in Transport,FL,N,N,2006,DODG,,UT,GRY,Functional,1000,N,,N,East,MASSACHUSETTS AVE,35,35,2,,,,,Front Right Bumper,Right Front Fender,(Sport) Utility Vehicle,"Two-Way, Not Divided",,,,,Pedalcycle,Pedalcycle,,,,N,Level,Straight,Straight Ahead,No Controls,No Special Function,None,,
88335253,2020,1,NICEVILLE,FL,32578-4905,N,Vehicle in Transport,FL,N,N,2018,GMC,COMMERCIAL,TK,WHI,Minor,100,N,,Y,South,4500 MOBILE HWY (AMERICAN FREIGHT),,15,2,,,,,Left Front Fender,Left Front Fender,"Other Light Trucks (10,000 lbs (4,536 kg) or less)","Two-Way, Not Divided",,,,,Pedalcycle,Pedalcycle,,,,N,Level,Straight,Stopped in Traffic,No Controls,No Special Function,None,,N
88340986,2020,1,CAPE CORAL,FL,33990-0000,N,Vehicle in Transport,FL,N,N,2014,RAM,,PK,WHI,Functional,700,N,Rotation,N,West,DANIELS PARKWAY,50,50,6,,,,,Front Right Bumper,Front Right Bumper,Pickup,"Two-Way, Divided, Positive Median Barrier",,,,,Pedalcycle,Pedalcycle,,,,N,Level,Straight,Straight Ahead,No Controls,No Special Function,None,,
88341614,2020,1,CRESTVIEW,FL,32536-6447,N,Vehicle in Transport,FL,N,N,2019,CHEV,,4D,BLK,Minor,15,N,,Y,North,N 79TH AVENUE,20,25,2,,,,,Right Front Door,Right Front Door,Passenger Car,"Two-Way, Not Divided",,,,,Pedalcycle,Pedalcycle,,,,N,Level,Straight,Overtaking/Passing,No Controls,No Special Function,None,,
88342269,2020,1,ORLANDO,FL,32839-0000,N,Vehicle in Transport,FL,N,N,2008,LEXS,,4D,SIL,Functional,1500,N,,N,West,5788 STONEBRIDGE COURT,10,10,2,,,,,Right Rear Fender,Rear Right Bumper,Passenger Car,"Two-Way, Divided, Positive Median Barrier",,,,,Pedalcycle,Pedalcycle,,,,N,Level,Straight,Stopped in Traffic,No Controls,No Special Function,None,,
88362631,2020,1,HUDSON,FL,34669-1835,N,Vehicle in Transport,FL,N,N,2015,FORD,,UT,BRO,Functional,2000,N,,N,North,CANTON AVENUE,45,45,2,,,,,Front Center Bumper,Front Right Bumper,(Sport) Utility Vehicle,"Two-Way, Not Divided",,,,,Motor Vehicle in Transport,Motor Vehicle in Transport,,,,N,Uphill,Straight,Straight Ahead,No Controls,No Special Function,None,,
88363024,2020,1,CHARLESTON,SC,29407,N,Vehicle in Transport,SC,N,N,2020,CHEV,,PU,SIL,None,0,N,,Y,North,EMERALD SHORES BLVD,5,15,2,,,,,Front Center Bumper,Front Center Bumper,Pickup,"Two-Way, Not Divided",,,,,Pedalcycle,Pedalcycle,,,,N,Level,Straight,Turning Right,No Controls,No Special Function,None,,
88365131,2020,1,ORLANDO,FL,32839-0000,N,Vehicle in Transport,FL,N,N,2012,JEEP,,UT,SIL,Functional,1000,N,,N,South,ORANGE BLOSSOM TRAIL,50,50,6,,,,,Left Front Fender,Left Front Fender,(Sport) Utility Vehicle,"Two-Way, Divided, Positive Median Barrier",,,,,Motor Vehicle in Transport,Motor Vehicle in Transport,,,,N,Level,Straight,Straight Ahead,Traffic Control Signal,No Special Function,None,,
88371342,2020,1,SARASOTA,FL,34231-8303,N,Vehicle in Transport,FL,N,N,2008,FORD,,UT,CRM,Minor,2000,N,,N,East,UNIVERSITY TOWN CENTER DR,25,25,2,,,,,Front Center Bumper,Front Center Bumper,(Sport) Utility Vehicle,"Two-Way, Divided, Positive Median Barrier",,,,,Pedalcycle,Pedalcycle,,,,N,Level,Straight,Straight Ahead,Traffic Control Signal,No Special Function,None,,
88376633,2020,1,BRADENTON,FL,34207,N,Vehicle in Transport,FL,N,N,2012,NISS,,PK,GRY,None,0,N,,N,East,24TH AVE W,,25,4,,,,,Right Front Fender,Right Front Fender,Pickup,"Two-Way, Not Divided",,,,,Pedalcycle,Pedalcycle,,,,N,Level,Straight,Turning Right,Stop Sign,No Special Function,None,,
88379284,2020,1,TAMPA,FL,33605-3225,Y,Vehicle in Transport,FL,N,N,2016,FRHT,M2 106 MED D,TK,WHI,Minor,150,N,,Y,West,SR 553 (N PARK ROAD),20,45,6,Y,Y,1203,3,Left Front Door,Left Front Door,"Medium/Heavy Trucks (more than 10,000 lbs (4,536 kg))","Two-Way, Divided, Positive Median Barrier",Single-Unit Truck (3 or more axles),Interstate Carrier,Van/Enclosed Box,"More than 26,000 lbs (11,793 kg)",Pedalcycle,Pedalcycle,,,,N,Level,Straight,Turning Left,Traffic Control Signal,No Special Function,None,,Y
88386164,2020,1,NEW PORT RICHEY,FL,34653-5206,N,Vehicle in Transport,FL,N,N,2002,CHRY,,CV,SIL,Functional,1500,N,,N,West,9TH AVE,20,20,2,,,,,Front Right Bumper,Front Right Bumper,Passenger Car,"Two-Way, Not Divided",,,,,Pedalcycle,Pedalcycle,,,,N,Level,Straight,Straight Ahead,No Controls,No Special Function,None,,
88388107,2020,1,ORLANDO,FL,32827-0000,N,Vehicle in Transport,FL,N,N,2020,FORD,,UT,GRY,Minor,50,N,,Y,West,BARDMOOR BLVD,5,35,2,,,,,Front Center Bumper,Front Center Bumper,(Sport) Utility Vehicle,"Two-Way, Divided, Positive Median Barrier",,,,,Pedalcycle,Pedalcycle,,,,N,Level,Straight,Turning Right,Traffic Control Signal,No Special Function,None,,
88392135,2020,1,ZEPHYRHILLS,FL,33541-0000,N,Vehicle in Transport,FL,N,N,2004,DODG,,4D,SIL,Minor,50,N,,N,East,POPPY ST,5,5,2,,,,,Rear Center Bumper,Rear Center Bumper,Passenger Car,"Two-Way, Not Divided",,,,,Motor Vehicle in Transport,Motor Vehicle in Transport,,,,N,Level,Straight,Backing,No Controls,No Special Function,None,,
88395295,2020,1,,,,N,Vehicle in Transport,,N,Y,,,,,,Unknown,0,N,,N,West,W JOHNSON AVE,35,35,2,,,,,Front Center Bumper,Front Center Bumper,,"Two-Way, Not Divided",,,,,Pedalcycle,Pedalcycle,,,,N,Level,Straight,Straight Ahead,No Controls,No Special Function,None,,
88419246,2020,1,ORLANDO,FL,32817-2837,N,Vehicle in Transport,FL,N,N,2015,TOYT,,UT,WHI,Minor,500,N,,N,South,PRIVATE ROADWAY (9306 CVS EXIT),,25,2,,,,,Right Front Fender,Right Front Fender,(Sport) Utility Vehicle,"Two-Way, Not Divided",,,,,Pedalcycle,Pedalcycle,,,,N,Level,Straight,Stopped in Traffic,Stop Sign,No Special Function,None,,
88799206,2020,1,COCONUT CREEK,FL,33073,N,Vehicle in Transport,FL,N,N,2006,FORD,,PU,GRY,Minor,500,N,,N,West,SR 7,5,25,2,,,,,Front Center Bumper,Front Center Bumper,Pickup,"Two-Way, Divided, Positive Median Barrier",,,,,Motor Vehicle in Transport,Motor Vehicle in Transport,,,,N,Level,Straight,Straight Ahead,Stop Sign,No Special Function,None,,
88807588,2020,1,,,,N,,,,Y,,UK,,UNKNOWN,UNKNOWN,Unknown,0,N,,N,,,,,,,,,,,,Unknown,"Two-Way, Not Divided, with a Continuous Left Turn Lane",,,,,Motor Vehicle in Transport,Motor Vehicle in Transport,,,,N,Level,,Unknown,,Unknown,Unknown,Unknown,
88949427,2020,1,FORT LAUDERDALE,FL,33316-0000,N,Vehicle in Transport,FL,N,N,2016,MINI,,4D,WHI,Minor,300,N,,N,West,12440 PINES BLVD,2,15,2,,,,,Front Right Bumper,Front Right Bumper,Passenger Car,"Two-Way, Not Divided",,,,,Parked Motor Vehicle,Parked Motor Vehicle,,,,N,Level,Straight,Turning Left,No Controls,No Special Function,None,,
88949427,2020,2,PEMBROKE PINES,FL,33024-0000,N,Parked Motor Vehicle,FL,N,N,2017,FORD,,4D,SIL,Minor,900,N,,N,West,12440 PINES BLVD,,15,2,,,,,Left Front Door,Left Front Door,Passenger Car,"Two-Way, Not Divided",,,,,Motor Vehicle in Transport,Motor Vehicle in Transport,,,,N,Level,Straight,Parked,No Controls,No Special Function,None,,
88996406,2020,1,FORT PIERCE,FL,34950,N,Vehicle in Transport,UK,Y,N,2004,FORD,,PK,BLU,Minor,200,N,,N,North,N 27TH ST,15,25,2,,,,,Front Center Bumper,Front Center Bumper,Moped,"Two-Way, Not Divided",,,,,Motor Vehicle in Transport,Motor Vehicle in Transport,,,,N,Level,Straight,Straight Ahead,Stop Sign,No Special Function,None,,
88996406,2020,2,FORT PIERCE,FL,34947,N,Vehicle in Transport,FL,N,N,2009,FORD,,,SIL,Minor,500,N,,N,East,AVE I,25,25,2,,,,,Right Front Door,Right Front Door,Passenger Car,"Two-Way, Not Divided",,,,,Motor Vehicle in Transport,Motor Vehicle in Transport,,,,N,Level,Straight,Straight Ahead,No Controls,No Special Function,None,,
88996998,2020,1,PORT ST LUCIE,FL,34986,N,Vehicle in Transport,FL,N,N,2020,FORD,,4D,BLU,Functional,2000,N,Driver,N,Unknown,ORANGE AVE,10,25,2,,,,,Front Left Bumper,Front Left Bumper,Passenger Car,"Two-Way, Not Divided",,,,,,Pedalcycle,,,,N,Level,Straight,Making U-Turn,No Controls,No Special Function,None,,
88998385,2020,1,FORT PIERCE,FL,34982,N,Vehicle in Transport,FL,N,N,2014,NISS,,4D,SIL,Minor,500,N,,N,East,S 7TH ST,5,25,2,,,,,Right Rear Door,Right Rear Door,Passenger Car,"Two-Way, Not Divided",,,,,Motor Vehicle in Transport,Motor Vehicle in Transport,,,,N,Level,Straight,Backing,No Controls,No Special Function,None,,
89034003,2020,1,MIAMI,FL,33147,,Vehicle in Transport,FL,,N,2017,DODG,V15,SW,WHI,Minor,200,N,Driver,N,East,5TH ST (SR A1A),25,30,6,,,,,Front Left Bumper,Front Left Bumper,"Cargo Van (10,000 lbs (4,536 kg) or less)","Two-Way, Not Divided, with a Continuous Left Turn Lane",,,,,Pedalcycle,Pedalcycle,,,,N,Level,Straight,Straight Ahead,Traffic Control Signal,No Special Function,None,,N
89042872,2020,1,PINELLAS PARK,FL,33782,N,Vehicle in Transport,FL,N,N,2006,HYUN,,4D,BGE,Functional,1000,Y,Rotation,N,North,US HIGHWAY 19 N (FRONTAGE),35,35,4,,,,,Left Front Fender,Left Front Fender,Passenger Car,One-Way Trafficway,,,,,Pedalcycle,Pedalcycle,,,,N,Level,Curve Left,Turning Left,Traffic Control Signal,No Special Function,Unknown,,
89164233,2020,1,TAMPA,FL,33629,N,Vehicle in Transport,FL,,N,2005,CHEV,,2D,BLK,None,0,N,Driver,N,North,4406 EUCLID AVE,2,,1,,,,,Rear Center Bumper,Rear Center Bumper,Passenger Car,"Two-Way, Not Divided",,,,,Motor Vehicle in Transport,Motor Vehicle in Transport,,,,N,Level,Straight,Backing,No Controls,No Special Function,Unknown,Unknown,
89165214,2020,1,TAMPA,FL,33619,N,Vehicle in Transport,FL,,N,2018,HYUN,,UT,DBL,Minor,200,N,Driver,N,East,CHANNELSIDE DR,0,35,4,,,,,Left Front Fender,Left Front Fender,(Sport) Utility Vehicle,"Two-Way, Not Divided",,,,,Motor Vehicle in Transport,Motor Vehicle in Transport,,,,N,Level,Straight,Stopped in Traffic,Traffic Control Signal,No Special Function,None,,
89165920,2020,1,TAMPA,FL,33602,N,Vehicle in Transport,FL,,N,2018,KIA,,4D,SIL,Minor,100,N,Driver,Y,East,9TH AVE E,5,30,2,,,,,Right Rear Fender,Right Rear Fender,Passenger Car,"Two-Way, Not Divided",,,,,Pedalcycle,Pedalcycle,,,,N,Level,Straight,Turning Right,No Controls,Police,None,,
89168331,2020,1,,,,,,,,Y,,UK,,UNKNOWN,UNKNOWN,Unknown,0,N,,N,,,,,,,,,,,,Unknown,"Two-Way, Not Divided",,,,,,,,,,,Level,,Unknown,,Unknown,Unknown,Unknown,
89169117,2020,1,TAMPA,FL,33637,N,Vehicle in Transport,FL,,N,2009,SUZI,,MC,BLK,Minor,200,N,Rotation,N,West,LINEBAUGH AVE E,25,25,2,,,,,Right Front Fender,Right Front Fender,Motorcycle,"Two-Way, Not Divided",,,,,Motor Vehicle in Transport,Motor Vehicle in Transport,Other Non-Fixed Object,,,N,Level,Straight,Straight Ahead,No Controls,Unknown,Unknown,Unknown,
89172189,2020,1,ST PETE,FL,33701,N,Vehicle in Transport,OH,,N,2014,FORD,,2H,GRY,Minor,500,N,Driver,N,West,KENNEDY BLVD E,10,30,3,,,,,Front Center Bumper,Hood,Passenger Car,One-Way Trafficway,,,,,Pedalcycle,Pedalcycle,,,,N,Level,Straight,Turning Left,Traffic Control Signal,No Special Function,Unknown,,
89189561,2020,1,LAKE WORTH,FL,33467,N,Vehicle in Transport,FL,N,N,2015,CADI,,UT,BLU,Functional,500,N,Driver,N,South,COCONUT BLVD,25,40,4,,,,,Front Left Bumper,Hood,(Sport) Utility Vehicle,"Two-Way, Not Divided",,,,,Pedalcycle,Pedalcycle,,,,N,Level,Straight,Straight Ahead,No Controls,No Special Function,None,,
89194258,2020,1,GREENACRES,FL,33415,N,Vehicle in Transport,FL,N,N,2001,HOND,,4D,SIL / SIL,Functional,1000,N,Driver,N,East,DRIVEWAY ACCESS OF 1105 JOG RD,,,1,,,,,Front Right Bumper,Right Front Door,Passenger Car,One-Way Trafficway,,,,,Pedalcycle,Motor Vehicle in Transport,Pedalcycle,,,N,Level,Straight,Entering Traffic Lane,No Controls,No Special Function,None,None,
89208048,2020,1,,,,N,Vehicle in Transport,,N,Y,,HYUN,,2D,WHI,,0,N,,Y,South,N DIXIE HWY,,,,,,,,Left Front Door,Left Front Door,Passenger Car,"Two-Way, Divided, Positive Median Barrier",,,,,,Pedestrian,,,,N,Level,Straight,Turning Right,,,,,
