REPORT_NUMBER,CRASH_YEAR,PERSON_NUMBER,STATUTE_NUMBER,CHARGE,CITATION_NUMBER
89158175,2019,1,316.1925,CARELESS DRIVING,ACANVEE
89158175,2019,1,316.646(1),"NO PROOF OF INSURANCE(IF VALID AT TIME CITATION WAS ISSUED,",ACANVFE
89160358,2019,2,316.130(7)(a),FAILED TO YIELD RIGHT-OF-WAY TO PEDESTRIAN AT INTERSECTION W,A6UTEUE
89176906,2019,1,316.061 (1),LEAVING THE SCENE OF AN ACCIDENT,AB7LNTE
89165920,2020,2,316.130(10),PEDESTRIAN FAILED TO YIELD TO TRAFFIC,ACAWWME
89210753,2019,1,316.125(2),FAILED TO YIELD/STOP AT SIDEWALK - FROM ALLEY/BLDG./PRIVATE,ACEWPEE
89217358,2019,1,316.123(2)(a),VEHICLE ENTERING STOP/YIELD INTERSECTION- STOP SIGN,A3EWLKP
89237252,2019,2,322.34(2),OPERATING WHILE DL SUSPENDED/CANCELED/REVOKED (SPECIFY REASO,ACRVQZE
89237252,2019,2,316.1925(1),CARELESS DRIVING,ACRVR3E
89241594,2019,3,316.2065(1),VIOLATION BICYCLE REGULATIONS,AC0T3KE
89241594,2019,4,316.2065(1),VIOLATION BICYCLE REGULATIONS,AC0T3JE
89242517,2019,2,316.130(10),PEDESTRIAN FAILED TO YIELD TO TRAFFIC,AC0VUJE
89244776,2019,1,316.1925(1),CARELESS DRIVING,ACETXQE
89244776,2019,1,322.065,EXPIRED DL (6 MONTHS OR LESS),ACETXRE
89427822,2019,1,322.1615(2)(c),LEARNERS LICENSE VIOLATION/PERSON NOT IN A SEAT NEAR DRIVER,ACRS7CE
89475083,2019,1,316.1925(1),CARELESS DRIVING,AD4PBLE
89487237,2019,3,316.185,FAILURE TO USE DUE CARE,AD27SAE
24021620,2020,1,316.130(7)(b),FAILED TO YIELD RIGHT-OF-WAY TO PEDESTRIAN AT CROSSWALK WITH,ADRO6AE
24086890,2020,1,316-130/15,VEH SHALL USE DUE CARE TO AVOID COLLISION W PED OR BICYCLE,AB6PFAE
24086890,2020,2,316-2065,BICYCLE REGULATIONS,AB6PF9E
24105211,2020,1,316.125(2),FAILED TO YIELD/STOP AT SIDEWALK - FROM ALLEY/BLDG./PRIVATE,AE0ZA3E
24208015,2020,1,316.2065(10),FAIL TO YIELD RIGHT-OF-WAY TO PEDESTRIAN,AECHEVE
24249927,2020,1,316.130(11),PEDESTRIAN FAILED TO CROSS IN CROSSWALK,ACR521E
83855964,2020,1,316.121,FAILED TO YIELD - APPROACHING/ENTERING INTERSECTION,ADI25IE
88180885,2020,1,316.2065(1),VIOLATION BICYCLE REGULATIONS,ABPRV0E
88262805,2020,2,316.130(1),PEDESTRIAN CONTROL SIGNAL - PEDESTRIAN FAILED TO OBEY,ABR7DTE
88263457,2020,1,316.122,FAIL TO YIELD - TO ONCOMING TRAFFIC/VEHICLE PASSING ON LEFT,ACEARVE
88289394,2020,1,316.065(1),CRASH - DRIVER FAILURE TO REPORT CRASH (INJURY/DEATH/PROPERT,ABPXZ3E
88289394,2020,1,316.027(2)(a),CRASH - LEAVING SCENE ON PUBLIC/PRIVATE PROPERTY WITHOUT REN,ABPXZ0E
88289394,2020,1,316.027(2)(a),CRASH - LEAVING SCENE ON PUBLIC/PRIVATE PROPERTY WITHOUT REN,ABPXZ1E
88289394,2020,1,316.061(1),CRASH - LEAVING SCENE WITHOUT GIVING INFO MORE THAN $50 DAMA,ABPXZ2E
88304984,2020,1,316.075(1)(c)1a,STEADY RED LIGHT/ VEHICLE FACING/ FAIL TO YIELD RIGHT OF WAY,ABQNC1E
88315258,2020,1,316.125(2),FAILED TO YIELD/STOP AT SIDEWALK - FROM ALLEY/BLDG. /PRIVATE,ABR2LHE
88317057,2020,2,316.081,WRONG SIDE OF ROADWAY - DRIVING ON,ACB484E
88317057,2020,2,322.34(1),UNKNOWINGLY OPERATING VEHICLE WHILE DL SUSPENDED/ CANCELED/R,ACB485E
88317992,2020,1,316.061(1),CRASH - LEAVING SCENE WITHOUT GIVING INFO MORE THAN $50 DAMA,ABR4PCE
88317992,2020,1,316.062(1),CRASH - FAIL TO REPORT INFORMATION TO INJURED PERSON.,ABR4PDE
88317992,2020,1,316.066(1)(d),CRASH - FAILURE TO PROVIDE PROOF OF INSURANCE (ALL PARTIES),ABSM2OE
88327629,2020,1,316.085(2),IMPROPER-CHANGE-OF-LANE/ PULLING OUT IN FRONT OF VEHICLE GOI,ACB4AVE
88335250,2020,2,316.151(1)(c),IMPROPER LEFT TURN BY BICYCLE,ABR0PSE
88340986,2020,2,316.2065(1),VIOLATION BICYCLE REGULATIONS,ACDUZZE
88342269,2020,1,322.34(2),DWLS - (SPECIFY REASON),ACB6FHE
88363024,2020,1,316.130(7)(b),FAILED TO YIELD RIGHT-OF-WAY TO PEDESTRIAN AT CROSSWALK WITH,ABTITXE
88363024,2020,1,322.34(5),OPERATING WHILE DL REVOKED FOR HABITUAL TRAFFIC OFFENDER (FE,ABTITYE
88386164,2020,2,322.34(1),UNKNOWINGLY OPERATING VEHICLE WHILE DL SUSPENDED/ CANCELED/R,ACCRY9E
88386164,2020,2,316.646(1),NO PROOF OF INSURANCE,ACCRYAE
88388107,2020,1,316.075(1)(c)1a,STEADY RED LIGHT/ VEHICLE FACING/ FAIL TO YIELD RIGHT OF WAY,ACSSWLE
88799206,2020,1,316.123-2A,DISOBEY STOP/YIELD SIGN,ADL7SBE
88996998,2020,1,322.34(01),DRIVER LICENSE - DWLS - UNKNOWINGLY OPERATING VEHICLE,FP29482
89034003,2020,1,316.130(11),PEDESTRIAN VIOLATION/CROSSWALK,ADZUBQE
89034003,2020,1,316.2065(3)(d),"'VIOL BICYCLE REG-NO HELMET,UNDER 16'",ADZUZTE
89034003,2020,3,322.03(1),NO DRIVER LICENSE,ADZU02E
