REPORT_NUMBER,CRASH_YEAR,CRASH_DATE_AND_TIME,REPORT_DATE_AND_TIME,INVESTIGATING_AGENCY_REPORT_NUMBER,FORM_TYPE,TOTAL_NUMBER_OF_VEHICLES,TOTAL_NUMBER_OF_PERSONS,COUNTY_CODE,CITY_CODE,COUNTY_NAME,CITY_NAME,RURAL_OR_URBAN,NOTIFIED_TIME,DISPATCHED_TIME,ARRIVED_TIME,CLEARED_TIME,COMPLETED_FLAG,NOTIFIED_BY,ON_STREET_ROAD_HIGHWAY,STREET_ADDRESS_NUMBER,LATITUDE,LONGITUDE,FEET_FROM_INTERSECTION,DIRECTION_FROM_INTERSECTION,FROM_INTERSECTION_OF,MILEPOST_NUMBER,ROAD_SYSTEM_IDENTIFER,TYPE_OF_SHOULDER,TYPE_OF_INTERSECTION,PHOTOS_TAKEN,LIGHT_CONDITION,WEATHER_CONDITION,ROAD_SURFACE_CONDITION,SCHOOL_BUS_RELATED_CODE,TYPE_OF_IMPACT,FIRST_HARMFUL_EVENT,LOCATION,INTERCHANGE_FLAG,JUNCTION_FLAG,ROAD_CIRCUMSTANCES_1,ROAD_CIRCUMSTANCES_2,ROAD_CIRCUMSTANCES_3,ENVIRONMENT_CIRCUMSTANCES_1,ENVIRONMENT_CIRCUMSTANCES_2,ENVIRONMENT_CIRCUMSTANCES_3,WORK_ZONE_RELATED_FLAG,CRASH_IN_WORK_ZONE,TYPE_OF_WORK_ZONE,WORKERS_PRESENT,LAW_ENFORCEMENT_PRESENT,INVESTIGATOR_RANK,INVESTIGATING_AGENCY_NAME,INVESTIGATING_AGENCY_TYPE,LOAD_DATE,UPDATE_DATE,DAYS_TO_LOAD,CODEABLE,S4_CRASH_TYPE,S4_CRASH_TYPE_SIMPLIFIED,S4_CRASH_SEVERITY,S4_CRASH_SEVERITY_DETAIL,S4_DAY_OR_NIGHT,S4_IS_AGGRESSIVE_DRIVING,S4_IS_ALCOHOL_RELATED,S4_IS_CMV_INVOLVED,S4_IS_DISTRACTED,S4_IS_DRUG_RELATED,S4_IS_HIT_AND_RUN,S4_IS_INTERSECTION_RELATED,S4_IS_LANE_DEPARTURE_RELATED,S4_IS_SPEEDING_RELATED,S4_NONE_INJURY_COUNT,S4_INJURY_COUNT,S4_POSSIBLE_INJURY_COUNT,S4_NON_INCAPACITATING_INJURY_COUNT,S4_INCAPACITATING_INJURY_COUNT,S4_FATALITY_COUNT,S4_FATALITY_WITHIN_30_DAYS_COUNT,S4_NON_TRAFFIC_FATALITY_COUNT,S4_TRAILER_COUNT,S4_MOTORCYCLE_COUNT,S4_MOPED_COUNT,S4_NON_MOTORIST_COUNT,S4_BICYCLIST_COUNT,S4_PEDESTRIAN_COUNT,S4_DRIVER_COUNT,S4_AGING_DRIVER_COUNT,S4_TEENAGER_DRIVER_COUNT,S4_PASSENGER_COUNT,S4_UNRESTRAINED_COUNT,S4_UNRESTRAINED_INJURY_COUNT,S4_UNRESTRAINED_INCAPACITATING_INJURY_COUNT,S4_UNRESTRAINED_FATALITY_COUNT,S4_MOTORCYCLIST_COUNT,S4_MOTORCYCLIST_INCAPACITATING_INJURY_COUNT,S4_MOTORCYCLIST_FATALITY_COUNT,S4_IS_PEDESTRIAN_INVOLVED,S4_PEDESTRIAN_INCAPACITATING_INJURY_COUNT,S4_PEDESTRIAN_FATALITY_COUNT,S4_IS_BICYCLIST_INVOLVED,S4_BICYCLIST_INCAPACITATING_INJURY_COUNT,S4_BICYCLIST_FATALITY_COUNT,S4_CITATION_COUNT,S4_CITATION_AMOUNT,S4_PROPERTY_DAMAGE_COUNT,S4_PROPERTY_DAMAGE_AMOUNT,S4_VEHICLE_DAMAGE_COUNT,S4_VEHICLE_DAMAGE_AMOUNT,S4_TOTAL_DAMAGE_AMOUNT,S4_TRANSPORT_BY_EMS_COUNT,S4_TRANSPORT_BY_LAW_ENFORCEMENT_COUNT,S4_TRANSPORT_BY_OTHER_COUNT,S4_GEOLOCATION_STATUS,S4_PRELIMINARY_GEOLOCATION_STATUS,S4_X,S4_Y,S4_LATITUDE,S4_LONGITUDE
89753538,2023,14-DEC-2023 04:20 PM,14-DEC-2023 04:41 PM,FHP23ON0655417,L,1,4,28,50,Pasco,Port Richey,Rural,12/14/2023 4:23:00 PM,12/14/2023 4:23:00 PM,12/14/2023 4:32:00 PM,12/14/2023 5:11:00 PM,Y,Law Enforcement,FOX HOLLOW DRIVE,,28.30224,-82.70426,0,,US HIGHWAY 19 (STATE ROAD 55),,Local,Paved,Four-Way Intersection,N,Daylight,Clear,Dry,N,Angle,Pedalcycle,On Roadway,N,Intersection,None,,,None,,,N,,,,,TPR,Florida Highway Patrol,Florida Highway Patrol (FHP),12/20/2023 7:44:00 PM,12/20/2023 7:44:00 PM,6,Y,Bicycle,Bicycle,Injury,Non-Incapacitating Injury,DAY,N,N,N,N,N,N,Y,N,N,3,1,0,1,0,0,0,0,0,0,0,1,1,0,1,0,0,2,0,0,0,0,0,0,0,N,0,0,Y,0,0,0,0,1,100,1,3000,3100,1,0,0,Preliminary,Computer mapped approximate by address,332891.4142,3131866.1849,28.30227473777,-82.7042365454956
89756537,2023,04-DEC-2023 01:55 PM,04-DEC-2023 02:31 PM,FHP23ON0636666,L,1,2,3,0,Hillsborough,Unincorporated,Rural,12/4/2023 1:56:00 PM,12/4/2023 1:57:00 PM,12/4/2023 2:21:00 PM,12/4/2023 2:52:00 PM,Y,Law Enforcement,U.S.301(STATE ROAD 43),,27.791665392149,-82.3347781221686,1012,South,13220 U.S. 301,,U.S.,Paved,T-Intersection,N,Daylight,Clear,Dry,N,Angle,Pedalcycle,Off Roadway,N,Driveway/Alley Access Related,None,,,None,,,N,,,,,TPRFC,Florida Highway Patrol,Florida Highway Patrol (FHP),12/6/2023 8:01:00 PM,12/6/2023 8:01:00 PM,2,Y,Bicycle,Bicycle,Injury,Non-Incapacitating Injury,DAY,N,N,N,N,N,N,N,N,N,1,1,0,1,0,0,0,0,0,0,0,1,1,0,1,0,0,0,0,0,0,0,0,0,0,N,0,0,Y,0,0,0,0,1,800,1,500,1300,0,0,0,Preliminary,Editor Mapped,368494.4925,3074564.0244,27.7891857906932,-82.3348335406378
89807746,2023,05-OCT-2023 07:27 AM,05-OCT-2023 12:00 AM,2023028170,L,1,2,1,54,Miami-Dade,Hialeah,Urban,10/5/2023 7:32:00 AM,10/5/2023 7:37:00 AM,10/5/2023 7:55:00 AM,10/5/2023 8:44:00 AM,Y,Law Enforcement,W 52ND ST,,25.869865,-80.33116,0,,W 24TH AVE,,Local,Paved,Four-Way Intersection,N,Daylight,Clear,Dry,N,,Pedalcycle,On Roadway,N,Intersection,None,,,None,,,N,,,,,OFFICER,Hialeah Police Department,Police Department (PD),10/6/2023 7:34:00 PM,10/6/2023 7:34:00 PM,1,Y,Bicycle,Bicycle,Serious Injury,Incapacitating Injury,DAY,N,N,N,N,N,N,Y,N,N,1,1,0,0,1,0,0,0,0,0,0,1,1,0,1,0,0,0,0,0,0,0,0,0,0,N,0,0,Y,1,0,1,0,0,0,1,300,300,1,0,0,Verified,n/a,567011.561,2861440.0999,25.8698387387676,-80.3311492852295
89976121,2023,06-DEC-2023 11:20 AM,06-DEC-2023 12:00 AM,2023-626682,S,1,2,3,50,Hillsborough,Tampa,Urban,12/6/2023 11:20:00 AM,12/6/2023 11:24:00 AM,12/6/2023 1:36:00 AM,12/6/2023 11:20:00 AM,Y,Law Enforcement,N TAMPA ST,,27.951095,-82.460342,0,,E CASS ST,,Interstate,Paved,Four-Way Intersection,N,Daylight,Clear,Dry,N,,Pedestrian,On Roadway,N,Intersection,None,,,None,,,N,,,,,OFC,Tampa Police Department,Police Department (PD),12/9/2023 7:23:00 PM,12/9/2023 7:23:00 PM,3,N,Pedestrian,Pedestrian,No Injury,No Injury,DAY,N,N,N,N,N,N,Y,N,N,2,0,0,0,0,0,0,0,0,0,0,1,1,0,1,0,0,0,0,0,0,0,0,0,0,N,0,0,Y,0,0,0,0,0,0,1,1500,1500,0,0,0,Preliminary,Officer Mapped,356342.1994,3092642.5975,27.9510899186394,-82.4603392435786
89976726,2023,19-DEC-2023 03:35 PM,19-DEC-2023 12:00 AM,2023-651569,L,1,2,3,50,Hillsborough,Tampa,Urban,12/19/2023 3:37:00 PM,12/19/2023 3:38:00 PM,12/19/2023 3:48:00 PM,12/19/2023 4:30:00 PM,Y,Law Enforcement,N LINCOLN AVE,,27.99626,-82.496806,0,,W HILLSBOROUGH AVE,,Local,Curb,Four-Way Intersection,N,Daylight,Clear,Dry,N,,Pedalcycle,On Roadway,N,Intersection-Related,None,,,None,,,N,,,,,OFFICER,Tampa Police Department,Police Department (PD),12/21/2023 7:23:00 PM,12/21/2023 7:23:00 PM,2,Y,Bicycle,Bicycle,Serious Injury,Incapacitating Injury,DAY,N,N,N,N,N,N,Y,N,N,1,1,0,0,1,0,0,0,1,0,0,1,1,0,1,0,0,0,0,0,0,0,0,0,0,N,0,0,Y,1,0,1,0,0,0,1,200,200,1,0,0,Verified,n/a,352817.1018,3097689.5509,27.9962500562683,-82.4967920649662
89977170,2023,31-DEC-2023 02:23 PM,31-DEC-2023 12:00 AM,2023-673410,L,1,2,3,50,Hillsborough,Tampa,Urban,12/31/2023 2:23:00 PM,12/31/2023 2:28:00 PM,12/31/2023 2:32:00 PM,12/31/2023 3:15:00 PM,Y,Law Enforcement,N 33RD ST,,28.032454,-82.423755,56,,E BUSCH BLVD,,Local,Curb,Four-Way Intersection,N,Daylight,Clear,Dry,N,,Pedalcycle,On Roadway,N,Intersection,None,,,None,,,N,,,,,OFC,Tampa Police Department,Police Department (PD),1/3/2024 8:37:00 PM,1/3/2024 8:37:00 PM,3,Y,Bicycle,Bicycle,Injury,Possible Injury,DAY,N,N,N,N,N,N,Y,N,N,1,1,1,0,0,0,0,0,0,0,0,1,1,0,1,1,0,0,0,0,0,0,0,0,0,N,0,0,Y,0,0,2,0,0,0,1,500,500,1,0,0,Preliminary,Editor Mapped,360046.7955,3101611.5405,28.0324245877113,-82.4237534350858
90129420,2023,31-JAN-2023 11:15 PM,01-FEB-2023 12:00 AM,2301310007860,L,1,3,1,66,Miami-Dade,Miami,Urban,1/31/2023 11:20:00 PM,1/31/2023 11:21:00 PM,1/31/2023 11:25:00 PM,1/31/2023 11:50:00 PM,Y,Law Enforcement,NE 2ND AV,,25.78253,-80.190519,147,,NE 9TH ST,,Local,Paved,Other,N,Dark - Lighted,Clear,Dry,N,,Other Non-Fixed Object,On Roadway,N,Through Roadway,None,,,None,,,N,,,,,OFFICER,Miami Police Department,Police Department (PD),2/7/2023 2:38:00 PM,3/2/2023 2:51:00 PM,7,Y,Single Vehicle,Other,Serious Injury,Incapacitating Injury,NIGHT,N,N,N,N,N,N,N,N,N,1,2,0,1,1,0,0,0,0,0,0,1,1,0,1,0,0,1,0,0,0,0,0,0,0,N,0,0,Y,0,0,0,0,0,0,1,500,500,2,0,0,Preliminary,Editor Mapped,581161.1817,2851847.4163,25.782505263514,-80.1905197001165
24027038,2024,22-AUG-2024 03:48 PM,22-AUG-2024 12:00 AM,SD240800088,L,1,2,8,60,Volusia,South Daytona,Urban,8/22/2024 3:50:00 PM,8/22/2024 3:52:00 PM,8/22/2024 3:52:00 PM,8/22/2024 4:45:00 PM,Y,Law Enforcement,SHERI BLVD,,29.156611,-81.021204,0,,S NOVA RD,,Local,Paved,T-Intersection,Y,Dusk,Rain,Wet,N,,Pedestrian,On Roadway,N,Intersection-Related,None,,,None,,,N,,,,,OFFICER,South Daytona Police Department,Police Department (PD),8/23/2024 7:41:00 PM,8/23/2024 7:41:00 PM,1,Y,Pedestrian,Pedestrian,Injury,Possible Injury,DAY,N,N,N,N,N,N,Y,N,N,1,1,1,0,0,0,0,0,0,0,0,1,1,0,1,0,0,0,0,0,0,0,0,0,0,N,0,0,Y,0,0,0,0,0,0,1,5000,5000,1,0,0,Preliminary,Editor Mapped,497938.8658,3225335.8168,29.1565988664679,-81.0211935795402
24027069,2024,14-OCT-2024 07:33 PM,14-OCT-2024 12:00 AM,SD241000067,L,1,3,8,60,Volusia,South Daytona,Urban,10/14/2024 7:34:00 PM,10/14/2024 7:33:00 PM,10/14/2024 7:38:00 PM,10/14/2024 8:00:00 PM,Y,Law Enforcement,S RIDGEWOOD AVE,,29.178158,-81.005595,776,South,BELLEWOOD AVE,,U.S.,Paved,Not at Intersection,Y,Dark - Lighted,Clear,Dry,N,,Pedestrian,On Roadway,N,Non-Junction,None,,,None,,,N,,,,,OFC,South Daytona Police Department,Police Department (PD),10/17/2024 7:33:00 PM,10/17/2024 7:33:00 PM,3,Y,Pedestrian,Pedestrian,Injury,Non-Incapacitating Injury,NIGHT,N,N,N,N,N,N,N,N,N,2,1,0,1,0,0,0,0,0,0,0,1,1,0,1,0,0,1,0,0,0,0,0,0,0,N,0,0,Y,0,0,0,0,0,0,0,0,0,0,0,0,Preliminary,Editor Mapped,499456.0544,3227722.0747,29.1781381777992,-81.0055942796907
24027114,2024,29-DEC-2024 11:23 AM,29-DEC-2024 12:00 AM,SD241200132,L,1,2,8,60,Volusia,South Daytona,Urban,12/29/2024 11:23:00 AM,12/29/2024 11:23:00 AM,12/29/2024 11:30:00 AM,12/29/2024 11:42:00 AM,Y,Law Enforcement,WALTON BLVD,,29.149803,-81.017418,34,West,S NOVA RD,,State,Paved,Not at Intersection,N,Daylight,Clear,Dry,N,,Pedestrian,On Roadway,N,Non-Junction,None,,,None,,,N,,,,,OFC,South Daytona Police Department,Police Department (PD),1/3/2025 7:38:00 PM,1/3/2025 7:38:00 PM,5,Y,Pedestrian,Pedestrian,Injury,Possible Injury,DAY,N,N,N,N,N,N,N,N,N,1,1,1,0,0,0,0,0,0,0,0,1,1,0,1,1,0,0,0,0,0,0,0,0,0,N,0,0,Y,0,0,0,0,1,1500,1,1000,2500,0,0,0,Preliminary,Officer Mapped,498306.2151,3224582.2248,29.1497976685063,-81.0174151690236
24480426,2024,21-APR-2024 09:45 PM,21-APR-2024 10:00 PM,MCSO24OFF003037,S,1,2,38,0,Monroe,Unincorporated,Urban,4/21/2024 9:50:00 PM,4/21/2024 9:50:00 PM,4/21/2024 9:50:00 PM,4/21/2024 10:21:00 PM,Y,Law Enforcement,WE-CYCLE,,24.5658,-81.7329,1867,South,,,State,Unpaved,Not at Intersection,Y,Dark - Not Lighted,Clear,Dry,N,Other,Pedestrian,Shoulder,N,Non-Junction,None,,,None,,,N,,,,,DEPUTY,Monroe County Sheriff's Office,Sheriff's Office (SO),6/7/2024 7:25:00 PM,6/7/2024 7:25:00 PM,47,N,Pedestrian,Pedestrian,No Injury,No Injury,NIGHT,N,N,N,N,N,N,N,N,N,2,0,0,0,0,0,0,0,0,0,0,1,1,0,1,0,0,0,0,0,0,0,0,0,0,N,0,0,Y,0,0,0,0,0,0,1,100,100,0,0,0,Preliminary,Computer plot approximate by lat/long,425784.4648,2717067.6594,24.5657956691888,-81.7328969008402
24640191,2024,08-JUL-2024 03:40 PM,08-JUL-2024 05:00 PM,24-0656424,L,1,2,3,0,Hillsborough,Unincorporated,Rural,7/8/2024 3:45:00 PM,7/8/2024 3:46:00 PM,7/8/2024 3:49:00 PM,7/8/2024 5:00:00 PM,Y,Law Enforcement,N 22ND ST,,,,0,,E.132 AVE,,Local,Unpaved,T-Intersection,Y,Daylight,Cloudy,Dry,N,Angle,Pedestrian,On Roadway,N,Intersection,None,,,None,,,N,,,,,DEP.,Hillsborough County Sheriff's Office,Sheriff's Office (SO),7/13/2024 7:19:00 PM,7/13/2024 7:19:00 PM,5,Y,Pedestrian,Pedestrian,Injury,Possible Injury,DAY,N,N,N,N,N,N,Y,N,N,1,1,1,0,0,0,0,0,0,0,0,1,1,0,1,0,0,0,0,0,0,0,0,0,0,N,0,0,Y,0,0,0,0,0,0,0,0,0,1,0,0,Preliminary,Editor Mapped,359037.6196,3105492.7715,28.0673435754571,-82.4344820618278
24644005,2024,28-FEB-2024 06:52 PM,28-FEB-2024 07:12 PM,24-190991,L,1,2,3,0,Hillsborough,Unincorporated,Rural,2/28/2024 6:53:00 PM,2/28/2024 6:57:00 PM,2/28/2024 7:02:00 PM,2/28/2024 8:57:00 PM,N,Law Enforcement,BLOOMINGDALE AVE,,,,0,,DUNCAN RD,,Local,Curb,Four-Way Intersection,Y,Dark - Lighted,Cloudy,Dry,N,Other,Pedestrian,On Roadway,Y,Intersection-Related,None,,,None,,,N,,,,,DEP.,Hillsborough County Sheriff's Office,Sheriff's Office (SO),4/20/2024 7:18:00 PM,4/20/2024 7:18:00 PM,52,Y,Pedestrian,Pedestrian,Injury,Non-Incapacitating Injury,DAY,N,N,N,N,Y,N,Y,N,N,1,1,0,1,0,0,0,0,0,0,0,1,1,0,1,0,0,0,0,0,0,0,0,0,0,N,0,0,Y,0,0,4,0,1,200,1,800,1000,1,0,0,Preliminary,Editor Mapped,369037.6154,3086126.9565,27.8935951286679,-82.3305947512797
24741130,2024,11-MAY-2024 07:00 PM,11-MAY-2024 12:00 AM,2024-02261,L,1,2,28,70,Pasco,Zephyrhills,Urban,5/11/2024 7:12:00 PM,5/11/2024 7:12:00 PM,5/11/2024 7:14:00 PM,5/11/2024 7:34:00 PM,Y,Law Enforcement,GALL BLVD,,28.246017,-82.189738,430,South,NORTH AVE,,U.S.,Paved,Not at Intersection,N,Daylight,Clear,Dry,N,,Pedestrian,Shoulder,N,Through Roadway,None,,,None,,,N,,,,,PATROL,Zephyrhills Police Department,Police Department (PD),5/14/2024 8:03:00 PM,5/14/2024 8:03:00 PM,3,Y,Pedestrian,Pedestrian,Injury,Possible Injury,NIGHT,N,N,N,N,N,N,N,N,N,1,1,1,0,0,0,0,0,0,0,0,1,1,0,1,0,0,0,0,0,0,0,0,0,0,N,0,0,Y,0,0,0,0,0,0,0,0,0,1,0,0,Preliminary,Editor Mapped,383264.3096,3125042.5314,28.2461376594211,-82.1899404651135
24741220,2024,26-JUN-2024 09:31 AM,26-JUN-2024 12:00 AM,2024-347478,L,1,1,28,70,Pasco,Zephyrhills,Urban,6/26/2024 9:34:00 AM,6/26/2024 9:36:00 AM,6/26/2024 9:38:00 AM,6/26/2024 10:45:00 AM,Y,Law Enforcement,12TH ST,,28.247221,-82.179985,300,North,CRESCENT AVE,,Local,Paved,Not at Intersection,Y,Daylight,Clear,Dry,N,,Pedestrian,On Roadway,N,Non-Junction,None,,,None,,,N,,,,,OFFICER,Zephyrhills Police Department,Police Department (PD),7/14/2024 7:11:00 PM,7/14/2024 7:11:00 PM,18,Y,Pedestrian,Pedestrian,Serious Injury,Incapacitating Injury,DAY,N,N,N,N,N,Y,N,N,N,0,1,0,0,1,0,0,0,0,0,0,1,1,0,0,0,0,0,0,0,0,0,0,0,0,N,0,0,Y,1,0,0,0,0,0,0,0,0,1,0,0,Preliminary,Editor Mapped,384242.463,3125152.4121,28.2472157552149,-82.1799823537088
24741571,2024,20-DEC-2024 12:12 AM,20-DEC-2024 12:00 AM,2024-720004,L,1,2,28,70,Pasco,Zephyrhills,Urban,12/20/2024 12:12:00 AM,12/20/2024 12:12:00 AM,12/20/2024 12:12:00 AM,12/20/2024 12:35:00 AM,Y,Law Enforcement,5TH ST,,28.232681,-82.183674,0,,5TH AVE,,Local,Paved,Four-Way Intersection,N,Dark - Lighted,Clear,Dry,N,,Pedestrian,On Roadway,N,Intersection,None,,,None,,,N,,,,,OFFICER,Zephyrhills Police Department,Police Department (PD),12/30/2024 8:05:00 PM,12/30/2024 8:05:00 PM,10,Y,Pedestrian,Pedestrian,Injury,Possible Injury,NIGHT,N,N,N,N,N,Y,Y,N,N,1,1,1,0,0,0,0,0,0,0,0,1,1,0,1,0,0,0,0,0,0,0,0,0,0,N,0,0,Y,0,0,0,0,0,0,0,0,0,0,0,0,Preliminary,Editor Mapped,383864.8461,3123545.1236,28.2326766240506,-82.1836707956498
25162578,2024,27-FEB-2024 02:50 PM,27-FEB-2024 12:00 AM,332402030080,L,1,2,10,44,Broward,Hollywood,Urban,2/27/2024 2:50:00 PM,2/27/2024 3:06:00 PM,2/27/2024 3:12:00 PM,2/27/2024 4:03:00 PM,Y,Law Enforcement,FILLMORE ST,,,,0,,N 26TH AV,,Local,Unpaved,Four-Way Intersection,N,Daylight,Clear,Dry,N,Angle,Pedestrian,On Roadway,N,Non-Junction,None,,,None,,,N,,,,,COMMUNITY SERVICE OFFICER,Hollywood Police Department,Police Department (PD),3/3/2024 7:13:00 PM,3/3/2024 7:13:00 PM,5,Y,Pedestrian,Pedestrian,Injury,Possible Injury,DAY,N,N,N,N,N,N,N,N,N,1,1,1,0,0,0,0,0,0,0,0,1,1,0,1,0,0,0,0,0,0,0,0,0,0,N,0,0,Y,0,0,0,0,1,400,1,500,900,1,0,0,Preliminary,Editor Mapped,584128.3645,2877592.145,26.0147870937669,-80.1592826638254
25163163,2024,28-MAR-2024 09:13 PM,29-MAR-2024 12:00 AM,332403046393,L,1,2,10,44,Broward,Hollywood,Urban,3/28/2024 9:13:00 PM,3/28/2024 10:26:00 PM,3/28/2024 10:42:00 PM,3/28/2024 11:03:00 PM,Y,Law Enforcement,N STATE ROAD 7,2501,,,,,,,State,Curb,Not at Intersection,N,Dark - Lighted,Clear,Dry,N,Other,Pedalcycle,Shoulder,N,Non-Junction,None,,,None,,,N,,,,,CIVILIAN,Hollywood Police Department,Police Department (PD),4/4/2024 7:24:00 PM,4/4/2024 7:24:00 PM,7,Y,Bicycle,Bicycle,Injury,Possible Injury,NIGHT,N,N,N,N,N,N,N,N,N,1,1,1,0,0,0,0,0,0,0,0,1,1,0,1,0,0,0,0,0,0,0,0,0,0,N,0,0,Y,0,0,0,0,1,700,1,700,1400,0,0,0,Preliminary,Editor Mapped,579226.2201,2879543.1334,26.0326790748386,-80.2081490415503
25163950,2024,13-MAY-2024 04:53 PM,13-MAY-2024 12:00 AM,332405071780,L,1,3,10,44,Broward,Hollywood,Urban,5/13/2024 4:53:00 PM,5/13/2024 4:53:00 PM,5/13/2024 5:10:00 PM,5/13/2024 5:50:00 PM,Y,Law Enforcement,HOLLYWOOD BLVD,,,,,,S 24TH AVE,,State,Curb,Not at Intersection,N,Daylight,Cloudy,Dry,N,Other,Pedestrian,Off Roadway,N,Non-Junction,None,,,None,,,N,,,,,COMMUNITY SERVICE OFFICER,Hollywood Police Department,Police Department (PD),5/23/2024 1:16:00 AM,5/23/2024 1:16:00 AM,10,Y,Pedestrian,Pedestrian,Injury,Non-Incapacitating Injury,DAY,N,N,N,N,N,N,N,N,N,2,1,0,1,0,0,0,0,0,0,0,1,1,0,1,0,1,1,0,0,0,0,0,0,0,N,0,0,Y,0,0,0,0,1,200,1,400,600,1,0,0,Preliminary,Editor Mapped,584371.0066,2877155.9539,26.0108346634275,-80.1568862161908
25164487,2024,14-JUN-2024 06:07 PM,14-JUN-2024 12:00 AM,332406090119,L,1,3,10,44,Broward,Hollywood,Urban,6/14/2024 6:07:00 PM,6/14/2024 6:08:00 PM,6/14/2024 6:18:00 PM,6/14/2024 7:59:00 PM,Y,Law Enforcement,N STATE RD 7,,,,0,,GARFIELD ST,,State,Unpaved,T-Intersection,N,Daylight,Clear,Dry,N,Angle,Pedestrian,On Roadway,N,Non-Junction,None,,,None,,,N,,,,,COMMUNITY SERVICE OFFICER,Hollywood Police Department,Police Department (PD),6/26/2024 10:58:00 PM,6/26/2024 10:58:00 PM,12,N,Pedestrian,Pedestrian,No Injury,No Injury,DAY,N,N,N,N,N,N,N,N,N,3,0,0,0,0,0,0,0,0,0,0,2,2,0,1,0,0,0,0,0,0,0,0,0,0,N,0,0,Y,0,0,1,0,2,800,1,400,1200,1,0,0,Preliminary,Editor Mapped,579274.4748,2878185.2842,26.0204164642179,-80.207749122663
25165366,2024,14-AUG-2024 04:43 PM,14-AUG-2024 12:00 AM,332408125648,S,1,2,10,44,Broward,Hollywood,Urban,8/14/2024 4:43:00 PM,8/14/2024 4:43:00 PM,8/14/2024 4:46:00 PM,8/14/2024 5:15:00 PM,Y,Law Enforcement,S OCEAN DR,,,,0,,CROCUS TER,,State,Curb,Not at Intersection,N,Daylight,Clear,Dry,N,Unknown,Motor Vehicle in Transport,Off Roadway,N,Intersection-Related,None,,,None,,,N,,,,,OFFICER,Hollywood Police Department,Police Department (PD),9/3/2024 7:34:00 PM,9/3/2024 7:34:00 PM,20,N,Single Vehicle,Other,No Injury,No Injury,DAY,N,N,N,N,N,N,Y,N,N,2,0,0,0,0,0,0,0,0,0,0,1,1,0,1,1,0,0,0,0,0,0,0,0,0,N,0,0,Y,0,0,0,0,1,1,0,0,1,0,0,0,Preliminary,Computer plot approximate by lat/long,588261.5518,2876333.3082,26.0031752543875,-80.1180673370936
25165571,2024,27-AUG-2024 05:40 PM,27-AUG-2024 12:00 AM,332408133587,L,1,2,10,44,Broward,Hollywood,Urban,8/27/2024 5:42:00 PM,8/27/2024 5:46:00 PM,8/27/2024 6:08:00 PM,8/27/2024 7:08:00 PM,Y,Law Enforcement,N HILLS DR,,,,22,East,N 48TH AV,,Local,Paved,T-Intersection,N,Daylight,Clear,Dry,N,Angle,Motor Vehicle in Transport,On Roadway,N,Intersection,None,,,Unknown,,,N,,,,,OFFICER,Hollywood Police Department,Police Department (PD),9/27/2024 7:27:00 PM,9/27/2024 7:27:00 PM,31,Y,Single Vehicle,Other,Injury,Non-Incapacitating Injury,DAY,N,N,N,N,N,N,Y,N,N,1,1,0,1,0,0,0,0,0,0,0,1,1,0,1,0,0,0,0,0,0,0,0,0,0,N,0,0,Y,0,0,1,0,0,0,1,150,150,1,0,0,Preliminary,Editor Mapped,580778.9653,2880863.7708,26.0445171183762,-80.192549211546
25165654,2024,02-SEP-2024 12:03 AM,25-SEP-2024 12:00 AM,332409136778,L,1,2,10,44,Broward,Hollywood,Urban,9/2/2024 12:03:00 AM,9/2/2024 2:23:00 AM,9/2/2024 2:51:00 AM,9/2/2024 4:16:00 AM,Y,Law Enforcement,LINCOLN ST,,,,0,,N 19TH AV,,Local,Unpaved,Four-Way Intersection,Y,Dark - Lighted,Cloudy,Wet,N,Other,Pedalcycle,On Roadway,N,Intersection,None,,,None,,,N,,,,,COMMUNITY SERVICE OFFICER,Hollywood Police Department,Police Department (PD),10/8/2024 7:46:00 PM,10/10/2024 12:50:00 AM,36,Y,Bicycle,Bicycle,Serious Injury,Incapacitating Injury,NIGHT,N,N,N,N,N,N,Y,N,N,0,2,0,1,1,0,0,0,0,0,0,1,1,0,1,0,0,0,0,0,0,0,0,0,0,N,0,0,Y,1,0,1,0,1,300,1,500,800,1,0,0,Preliminary,Editor Mapped,585538.9468,2877951.8827,26.0179524463384,-80.1451640517871
25166604,2024,01-NOV-2024 05:56 PM,01-NOV-2024 12:00 AM,332411171549,L,1,3,10,44,Broward,Hollywood,Urban,11/1/2024 5:56:00 PM,11/1/2024 5:56:00 PM,11/1/2024 6:10:00 PM,11/1/2024 6:37:00 PM,Y,Law Enforcement,N 26TH AV,,,,0,,SHERMAN ST,,Local,Unpaved,Four-Way Intersection,N,Daylight,Clear,Dry,N,Angle,Pedestrian,On Roadway,N,Intersection,None,,,None,,,N,,,,,COMMUNITY SERVICE OFFICER,Hollywood Police Department,Police Department (PD),11/14/2024 1:36:00 AM,11/14/2024 1:36:00 AM,13,Y,Pedestrian,Pedestrian,Injury,Non-Incapacitating Injury,DAY,N,N,N,N,N,N,Y,N,N,2,1,0,1,0,0,0,0,0,0,0,1,1,0,1,0,1,1,0,0,0,0,0,0,0,N,0,0,Y,0,0,0,0,1,500,1,100,600,0,0,0,Preliminary,Editor Mapped,584091.4531,2879538.9774,26.0323669072917,-80.1595262873782
25166822,2024,15-NOV-2024 02:23 PM,15-NOV-2024 12:00 AM,332411179090,L,1,2,10,44,Broward,Hollywood,Urban,11/15/2024 2:23:00 PM,11/15/2024 3:00:00 PM,11/15/2024 3:08:00 PM,11/15/2024 3:39:00 PM,Y,Law Enforcement,N 26TH AV,,,,0,,SHERIDAN ST,,Local,Curb,T-Intersection,N,Daylight,Clear,Dry,N,Other,Pedalcycle,On Roadway,N,Driveway/Alley Access Related,None,,,None,,,N,,,,,COMMUNITY SERVICE OFFICER,Hollywood Police Department,Police Department (PD),11/20/2024 7:46:00 PM,11/20/2024 7:46:00 PM,5,Y,Bicycle,Bicycle,Injury,Non-Incapacitating Injury,DAY,N,N,N,N,N,N,N,N,N,1,1,0,1,0,0,0,0,0,0,0,1,1,0,1,0,0,0,0,0,0,0,0,0,0,N,0,0,Y,0,0,0,0,1,300,1,50,350,1,0,0,Preliminary,Editor Mapped,584092.9453,2879631.2217,26.0331996799526,-80.1595054388152
25167267,2024,12-DEC-2024 02:40 PM,12-DEC-2024 12:00 AM,332412192629,L,1,2,10,44,Broward,Hollywood,Urban,12/12/2024 2:40:00 PM,12/12/2024 2:55:00 PM,12/12/2024 3:10:00 PM,12/12/2024 3:24:00 PM,Y,Law Enforcement,S 19TH AV,,,,0,,MADISON ST,,Local,Unpaved,Four-Way Intersection,N,Daylight,Clear,Dry,N,Angle,Pedestrian,On Roadway,N,Unknown,None,,,None,,,N,,,,,OFFICER,Hollywood Police Department,Police Department (PD),12/18/2024 7:33:00 PM,12/18/2024 7:33:00 PM,6,N,Pedestrian,Pedestrian,No Injury,No Injury,DAY,N,N,N,N,N,N,N,N,N,2,0,0,0,0,0,0,0,0,0,0,1,1,0,1,0,0,0,0,0,0,0,0,0,0,N,0,0,Y,0,0,0,0,1,350,1,2000,2350,0,0,0,Preliminary,Editor Mapped,585573.1385,2876718.2563,26.0068122158193,-80.1449030771311
25167523,2024,26-DEC-2024 07:20 PM,26-DEC-2024 12:00 AM,332412198901,L,1,2,10,44,Broward,Hollywood,Urban,12/26/2024 7:20:00 PM,12/26/2024 7:20:00 PM,12/26/2024 7:29:00 PM,12/26/2024 8:00:00 PM,Y,Law Enforcement,N FEDERAL WHY,,,,0,,LINCOLN ST,,Local,Paved,T-Intersection,Y,Dark - Not Lighted,Clear,Dry,N,"Sideswipe, Same Direction",Motor Vehicle in Transport,Off Roadway,N,Non-Junction,None,,,None,,,N,,,,,OFFICER,Hollywood Police Department,Police Department (PD),1/4/2025 7:24:00 PM,1/5/2025 7:18:00 PM,9,Y,Single Vehicle,Other,Injury,Possible Injury,NIGHT,N,N,N,N,N,N,N,Y,N,1,1,1,0,0,0,0,0,0,0,0,1,1,0,1,0,0,0,0,0,0,0,0,0,0,N,0,0,Y,0,0,0,0,1,1,1,500,501,1,0,0,Preliminary,Computer plot approximate by lat/long,585733.6963,2877961.2281,26.0180253026458,-80.1432173778221
25360912,2024,03-AUG-2024 08:45 AM,03-AUG-2024 12:00 AM,2024-00254318,L,1,2,19,30,Brevard,Cape Canaveral,Urban,8/3/2024 8:47:00 AM,8/3/2024 8:47:00 AM,8/3/2024 8:47:00 AM,8/3/2024 9:00:00 AM,Y,Law Enforcement,POINSETTA AVE,,28.38709,-80.604119,0,,JACKSON AVE,,Local,Paved,Four-Way Intersection,N,Daylight,Clear,Dry,N,,Pedalcycle,On Roadway,N,Intersection-Related,None,,,None,,,N,,,,,SGT,Brevard County Sheriff's Office,Sheriff's Office (SO),8/10/2024 7:23:00 PM,8/10/2024 7:23:00 PM,7,Y,Bicycle,Bicycle,Injury,Non-Incapacitating Injury,DAY,N,N,Y,N,N,N,Y,N,N,1,1,0,1,0,0,0,0,0,0,0,1,1,0,1,0,0,0,0,0,0,0,0,0,0,N,0,0,Y,0,0,0,0,0,0,0,0,0,0,0,0,Preliminary,Editor Mapped,538784.4052,3140146.6984,28.3870852266238,-80.6041170202453
25360993,2024,06-SEP-2024 02:59 PM,06-SEP-2024 12:00 AM,2024-00293994,L,1,2,19,65,Brevard,Melbourne Village,Urban,9/6/2024 3:00:00 PM,9/6/2024 3:09:00 PM,9/6/2024 3:16:00 PM,9/6/2024 4:05:00 PM,Y,Law Enforcement,W NEW HAVEN AVE,,28.078997,-80.667739,429,West,DAYTON BLVD,,Local,Curb,Not at Intersection,N,Daylight,Clear,Dry,N,,Pedalcycle,On Roadway,N,Driveway/Alley Access Related,None,,,None,,,N,,,,,FTO,Brevard County Sheriff's Office,Sheriff's Office (SO),9/9/2024 7:35:00 PM,9/9/2024 7:35:00 PM,3,Y,Bicycle,Bicycle,Injury,Possible Injury,DAY,N,N,N,N,N,N,N,N,N,1,1,1,0,0,0,0,0,0,0,0,1,1,0,1,0,0,0,0,0,0,0,0,0,0,N,0,0,Y,0,0,1,0,1,200,1,500,700,0,0,0,Preliminary,Editor Mapped,532644.3704,3105998.9007,28.0790062582532,-80.6677452501252
25372206,2024,14-MAR-2024 05:39 PM,23-APR-2024 12:00 AM,2024-00043819,L,1,4,13,50,Leon,Tallahassee,Urban,3/14/2024 5:39:00 PM,3/14/2024 5:40:00 PM,3/14/2024 5:42:00 PM,3/14/2024 6:45:00 PM,Y,Law Enforcement,CAPITAL CIR NE,3110,30.493734,-84.244711,,,,,Parking Lot,Curb,Not at Intersection,N,Daylight,Clear,Dry,N,,Pedalcycle,Roadside,N,Non-Junction,None,,,None,,,N,,,,,CST,Tallahassee Police Department,Police Department (PD),3/19/2024 8:02:00 PM,4/26/2024 7:28:00 PM,5,Y,Bicycle,Bicycle,Injury,Non-Incapacitating Injury,DAY,N,N,N,N,N,N,N,N,N,1,3,2,1,0,0,0,0,0,0,0,3,3,0,1,0,0,0,0,0,0,0,0,0,0,N,0,0,Y,0,0,0,0,0,0,0,0,0,3,0,0,Preliminary,Editor Mapped,188534.7588,3377974.301,30.4937238013369,-84.2447083880349
25373600,2024,19-MAY-2024 12:49 PM,19-MAY-2024 12:00 AM,2024-00083786,L,1,2,13,50,Leon,Tallahassee,Urban,5/19/2024 12:49:00 PM,5/19/2024 12:51:00 PM,5/19/2024 12:52:00 PM,5/19/2024 1:34:00 PM,Y,Law Enforcement,E ORANGE AVE,,30.412524,-84.280853,0,,S MONROE ST,,Local,Curb,Four-Way Intersection,N,Daylight,Clear,Dry,N,,Pedestrian,On Roadway,N,Intersection-Related,None,,,None,,,N,,,,,OFFICER,Tallahassee Police Department,Police Department (PD),5/20/2024 7:52:00 PM,5/20/2024 7:52:00 PM,1,Y,Pedestrian,Pedestrian,Injury,Non-Incapacitating Injury,DAY,N,N,N,N,N,N,Y,N,N,1,1,0,1,0,0,0,0,0,0,0,1,1,0,1,0,0,0,0,0,0,0,0,0,0,N,0,0,Y,0,0,0,0,0,0,1,1500,1500,0,0,0,Preliminary,Editor Mapped,184802.2258,3369067.8369,30.412511132883,-84.2808469540093
25374359,2024,01-JUL-2024 11:30 PM,02-JUL-2024 12:00 AM,2024-00110286,L,1,2,13,50,Leon,Tallahassee,Urban,7/1/2024 7:00:00 AM,7/1/2024 7:07:00 AM,7/1/2024 7:40:00 AM,7/1/2024 7:56:00 AM,Y,Law Enforcement,E OAKLAND AVE,,30.431416,-84.280767,0,,S MONROE ST,,U.S.,Curb,Four-Way Intersection,N,Dark - Lighted,Clear,Dry,N,,Pedestrian,On Roadway,N,Intersection-Related,None,,,None,,,N,,,,,OFFICER,Tallahassee Police Department,Police Department (PD),7/4/2024 7:25:00 PM,7/4/2024 7:25:00 PM,3,Y,Pedestrian,Pedestrian,Injury,Non-Incapacitating Injury,NIGHT,N,N,N,N,N,Y,Y,N,N,0,1,0,1,0,0,0,0,0,0,0,1,1,0,1,0,0,0,0,0,0,0,0,0,0,N,0,0,Y,0,0,0,0,0,0,0,0,0,0,0,0,Preliminary,Editor Mapped,184871.1089,3371163.6173,30.4314104185731,-84.280763280377
25442513,2024,31-OCT-2024 12:00 AM,31-OCT-2024 09:40 AM,SJSO24CAD240853,L,1,1,20,50,St. Johns,St. Augustine,Urban,10/31/2024 8:50:00 AM,10/31/2024 8:57:00 AM,10/31/2024 8:59:00 AM,11/5/2024 5:37:00 AM,Y,Law Enforcement,RHODE AVENUE,,29.89967,-81.31941,0,,RIBERIA STREET,,Local,Unpaved,Four-Way Intersection,N,Daylight,Clear,Dry,N,Unknown,Motor Vehicle in Transport,On Roadway,Y,Intersection,None,,,None,,,N,,,,,PATROLMAN,St. Augustine Police Department,Police Department (PD),11/9/2024 7:29:00 PM,11/9/2024 7:29:00 PM,9,Y,Single Vehicle,Other,No Injury,No Injury,NIGHT,N,N,N,N,N,Y,Y,N,N,1,0,0,0,0,0,0,0,0,0,0,1,1,0,0,0,0,0,0,0,0,0,0,0,0,N,0,0,Y,0,0,0,0,1,1800,1,1800,3600,0,0,0,Preliminary,Computer plot approximate by lat/long,469162.924,3307710.282,29.8996643569532,-81.319406860729
25497809,2024,01-MAR-2024 03:41 PM,01-MAR-2024 12:00 AM,EW240300006,L,1,2,8,38,Volusia,Edgewater,Urban,3/1/2024 3:41:00 PM,3/1/2024 3:43:00 PM,3/1/2024 3:48:00 PM,3/1/2024 4:32:00 PM,Y,Law Enforcement,S RIDGEWOOD AVE,,28.971169,-80.895118,,,PINE AVE,,U.S.,Unpaved,Not at Intersection,N,Daylight,Clear,Dry,N,,Pedalcycle,Off Roadway,N,Driveway/Alley Access Related,None,,,None,,,N,,,,,OFFICER,Edgewater Police Department,Police Department (PD),3/15/2024 7:24:00 PM,3/15/2024 7:24:00 PM,14,Y,Bicycle,Bicycle,Injury,Non-Incapacitating Injury,DAY,N,N,N,N,N,N,N,N,N,1,1,0,1,0,0,0,0,0,0,0,1,1,0,1,1,0,0,0,0,0,0,0,0,0,N,0,0,Y,0,0,0,0,0,0,1,1000,1000,0,0,0,Preliminary,Editor Mapped,510218.4557,3204795.293,28.9711632908194,-80.8951167797058
25569335,2024,20-JAN-2024 01:25 PM,20-JAN-2024 12:00 AM,2024-00024360,L,1,2,7,46,Orange,Orlando,Urban,1/20/2024 1:26:00 PM,1/20/2024 1:38:00 PM,1/20/2024 1:43:00 PM,1/20/2024 3:00:00 PM,Y,Law Enforcement,FOXBORO DR,,28.52416,-81.327736,0,,CURRY FORD RD,,Local,Curb,T-Intersection,N,Daylight,Clear,Dry,N,,Pedalcycle,On Roadway,N,Other,None,,,Other,,,N,,,,,OFFICER,Orlando Police Department,Police Department (PD),1/25/2024 7:26:00 PM,1/25/2024 7:26:00 PM,5,Y,Bicycle,Bicycle,Injury,Non-Incapacitating Injury,DAY,N,N,N,N,N,N,N,N,N,1,1,0,1,0,0,0,0,0,0,0,1,1,0,1,0,0,0,0,0,0,0,0,0,0,N,0,0,Y,0,0,0,0,0,0,1,1000,1000,0,0,0,Preliminary,Editor Mapped,467933.4016,3155311.7882,28.5241555804654,-81.3277354014451
25569426,2024,23-JAN-2024 01:55 PM,23-JAN-2024 12:00 AM,2024-00027961,L,1,2,7,46,Orange,Orlando,Urban,1/23/2024 1:55:00 PM,1/23/2024 1:59:00 PM,1/23/2024 2:21:00 PM,1/23/2024 3:00:00 PM,Y,Law Enforcement,MILLENIA BLVD,,28.494293,-81.426153,,,TRADITION PKWY,,Local,Curb,Not at Intersection,N,Daylight,Cloudy,Dry,N,,Pedestrian,On Roadway,N,Non-Junction,None,,,None,,,N,,,,,CSO,Orlando Police Department,Police Department (PD),1/25/2024 7:26:00 PM,1/25/2024 7:26:00 PM,2,Y,Pedestrian,Pedestrian,Injury,Possible Injury,DAY,N,N,N,N,N,N,N,N,N,1,1,1,0,0,0,0,0,0,0,0,1,1,0,1,0,0,0,0,0,0,0,0,0,0,N,0,0,Y,0,0,0,0,0,0,1,500,500,1,0,0,Preliminary,Editor Mapped,458292.8533,3152033.1959,28.4942883536782,-81.426145309466
25569772,2024,02-FEB-2024 04:28 PM,02-FEB-2024 12:00 AM,2024-00041163,L,1,2,7,46,Orange,Orlando,Urban,2/2/2024 4:28:00 PM,2/2/2024 4:35:00 PM,2/2/2024 4:39:00 PM,2/2/2024 5:30:00 PM,Y,Law Enforcement,DELHI ST,,28.552364,-81.441819,0,,W COLONIAL DR,,Local,Curb,Four-Way Intersection,N,Daylight,Clear,Dry,N,,Pedalcycle,On Roadway,N,Intersection-Related,None,,,None,,,N,,,,,OFC,Orlando Police Department,Police Department (PD),2/9/2024 7:34:00 PM,2/9/2024 7:34:00 PM,7,Y,Bicycle,Bicycle,Injury,Possible Injury,DAY,N,N,N,N,N,N,Y,N,N,1,1,1,0,0,0,0,0,0,0,0,1,1,0,1,0,0,0,0,0,0,0,0,0,0,N,0,0,Y,0,0,0,0,0,0,1,100,100,1,0,0,Preliminary,Editor Mapped,456783.0542,3158471.7804,28.552355953123,-81.4418136406936
25569828,2024,04-FEB-2024 01:30 PM,04-FEB-2024 12:00 AM,2024-00043124,L,1,2,7,46,Orange,Orlando,Urban,2/4/2024 1:31:00 PM,2/4/2024 1:35:00 PM,2/4/2024 1:40:00 PM,2/4/2024 1:50:00 PM,Y,Law Enforcement,CONROY RD,,28.489696,-81.429268,0,,MILLENIA BLVD,,Local,Curb,Four-Way Intersection,N,Daylight,Clear,Dry,N,,Pedestrian,On Roadway,N,Crossover-Related,None,,,None,,,N,,,,,OFC.,Orlando Police Department,Police Department (PD),2/8/2024 7:20:00 PM,2/8/2024 7:20:00 PM,4,Y,Pedestrian,Pedestrian,Injury,Possible Injury,DAY,N,N,N,N,N,N,N,N,N,1,1,1,0,0,0,0,0,0,0,0,1,1,0,1,0,0,0,0,0,0,0,0,0,0,N,0,0,Y,0,0,0,0,0,0,1,500,500,1,0,0,Preliminary,Editor Mapped,457986.6786,3151524.7677,28.4896892383928,-81.4292550302478
25631188,2024,11-JAN-2024 12:06 PM,11-JAN-2024 12:00 AM,2024-4174,L,1,2,1,68,Miami-Dade,Miami Beach,Urban,1/11/2024 12:06:00 PM,1/11/2024 12:07:00 PM,1/11/2024 12:12:00 PM,1/11/2024 1:00:00 PM,Y,Law Enforcement,MERIDIAN AVE,,,,0,,ESPANOLA WAY,,Local,Paved,T-Intersection,,Daylight,Cloudy,Dry,N,Angle,Motor Vehicle in Transport,On Roadway,N,Intersection,None,,,None,,,N,,,,,Off.,Miami Beach Police Department,Police Department (PD),1/22/2024 7:37:00 PM,1/22/2024 7:37:00 PM,11,Y,Single Vehicle,Other,Injury,Possible Injury,DAY,N,N,N,N,N,N,Y,N,N,1,1,1,0,0,0,0,0,0,0,0,1,1,0,1,0,0,0,0,0,0,0,0,0,0,N,0,0,Y,0,0,1,0,2,100,1,1500,1600,1,0,0,Preliminary,Editor Mapped,586581.0934,2852364.1177,25.7868598260926,-80.136433871354
25642155,2024,04-JAN-2024 05:54 PM,04-JAN-2024 05:54 PM,2024-00001071,L,1,3,61,53,Flagler,Palm Coast,Urban,1/4/2024 5:54:00 PM,1/4/2024 5:55:00 PM,1/4/2024 6:10:00 PM,1/4/2024 7:30:00 PM,Y,Law Enforcement,SESAME BLVD,,,,0,,SEVEN WONDERS TRL,,Local,Unpaved,Not at Intersection,Y,Daylight,Clear,Dry,N,Front to Rear,Motor Vehicle in Transport,On Roadway,N,Non-Junction,None,,,None,,,N,,,,,,Flagler County Sheriff's Office,Sheriff's Office (SO),1/9/2024 7:55:00 PM,1/9/2024 7:55:00 PM,5,Y,Single Vehicle,Other,Injury,Possible Injury,DAY,N,N,N,Y,N,Y,N,N,N,2,1,1,0,0,0,0,0,0,0,0,1,1,0,1,0,0,1,0,0,0,0,0,0,0,N,0,0,Y,0,0,0,0,1,2500,1,600,3100,1,0,0,Preliminary,Editor Mapped,483065.2488,3256699.8103,29.4395638931191,-81.1746119323498
25642563,2024,05-MAR-2024 11:58 PM,05-MAR-2024 12:02 PM,2024-00018841,L,1,3,61,53,Flagler,Palm Coast,Urban,3/5/2024 12:02:00 PM,3/5/2024 12:09:00 PM,3/5/2024 12:17:00 PM,3/5/2024 1:32:00 PM,Y,Law Enforcement,PALM COAST PKWY,,,,0,,CYPRESS POINT PKWY,,Local,Curb,Four-Way Intersection,Y,Daylight,Clear,Dry,N,Angle,Motor Vehicle in Transport,On Roadway,N,Intersection,None,,,None,,,N,,,,,Deputy,Flagler County Sheriff's Office,Sheriff's Office (SO),3/22/2024 7:23:00 PM,3/22/2024 7:23:00 PM,17,Y,Single Vehicle,Other,Injury,Possible Injury,NIGHT,N,N,N,N,N,N,Y,N,N,2,1,1,0,0,0,0,0,0,0,0,1,1,0,1,0,0,1,0,0,0,0,0,0,0,N,0,0,Y,0,0,0,0,0,0,1,2000,2000,1,0,0,Preliminary,Editor Mapped,478045.2511,3269318.0877,29.5533687931532,-81.2266255328466
25669973,2024,03-FEB-2024 11:42 AM,03-FEB-2024 12:00 AM,2024002609,L,1,2,48,0,Clay,Unincorporated,Rural,2/3/2024 11:43:00 AM,2/3/2024 11:57:00 AM,2/3/2024 12:17:00 PM,2/3/2024 12:39:00 PM,Y,Law Enforcement,COLLEGE DR,,30.118994,-81.776487,0,,PEORIA CEMETERY RD,,Local,Curb,Not at Intersection,N,Daylight,Clear,Dry,N,,Parked Motor Vehicle,Shoulder,N,Non-Junction,None,,,None,,,N,,,,,DEPUTY,Clay County Sheriff's Office,Sheriff's Office (SO),2/18/2024 7:11:00 PM,2/18/2024 7:11:00 PM,15,Y,Single Vehicle,Other,Injury,Possible Injury,DAY,N,N,N,N,N,N,N,N,N,1,1,1,0,0,0,0,0,0,0,0,1,1,0,1,0,0,0,0,0,0,0,0,0,0,N,0,0,Y,0,0,0,0,0,0,0,0,0,0,0,0,Preliminary,Editor Mapped,425198.581,3332224.4444,30.1189860797938,-81.77648078962
25692409,2024,11-JUL-2024 06:07 PM,11-JUL-2024 12:00 AM,24-2264,L,1,2,8,48,Volusia,Orange City,Urban,7/11/2024 6:09:00 PM,7/11/2024 6:10:00 PM,7/11/2024 6:15:00 PM,7/11/2024 6:15:00 PM,Y,Law Enforcement,E IRIS DR,,28.92683,-81.298668,0,,S VOLUSIA AVE,,Local,Paved,T-Intersection,N,Daylight,Clear,Dry,N,,Pedestrian,On Roadway,N,Intersection,None,,,None,,,N,,,,,OFFICER,Orange City Police Department,Police Department (PD),7/16/2024 7:57:00 PM,7/16/2024 7:57:00 PM,5,Y,Pedestrian,Pedestrian,Injury,Possible Injury,DAY,N,N,N,N,N,N,Y,N,N,1,1,1,0,0,0,0,0,0,0,0,1,1,0,1,0,0,0,0,0,0,0,0,0,0,N,0,0,Y,0,0,0,0,0,0,0,0,0,1,0,0,Preliminary,Editor Mapped,470889.9889,3199915.1604,28.9268246866574,-81.2986601274066
25692498,2024,06-SEP-2024 01:24 PM,06-SEP-2024 12:00 AM,OC240002903,L,1,2,8,48,Volusia,Orange City,Urban,9/6/2024 1:24:00 PM,9/6/2024 1:27:00 PM,9/6/2024 1:31:00 PM,9/6/2024 1:52:00 PM,Y,Law Enforcement,W HOLLY DR,,28.927234,-81.299035,0,,S VOLUSIA AVE,,Local,Unpaved,Four-Way Intersection,N,Daylight,Clear,Dry,N,,Pedalcycle,On Roadway,Y,Other,None,,,None,,,N,,,,,CSA,Orange City Police Department,Police Department (PD),9/10/2024 7:55:00 PM,9/10/2024 7:55:00 PM,4,Y,Bicycle,Bicycle,Injury,Possible Injury,DAY,N,N,N,N,N,N,N,N,N,1,1,1,0,0,0,0,0,0,0,0,1,1,0,1,0,0,0,0,0,0,0,0,0,0,N,0,0,Y,0,0,0,0,0,0,1,400,400,0,0,0,Preliminary,Editor Mapped,470853.9123,3199959.9888,28.9272284837453,-81.2990314195799
25692512,2024,13-SEP-2024 02:54 PM,24-SEP-2024 12:00 AM,OC240002998,L,1,2,8,48,Volusia,Orange City,Urban,9/13/2024 2:54:00 PM,9/13/2024 2:58:00 PM,9/13/2024 3:01:00 PM,9/13/2024 3:16:00 PM,Y,Law Enforcement,TREEMONT DR,,28.919103,-81.296388,0,,ENTERPRISE RD,,Local,Paved,T-Intersection,N,Daylight,Clear,Dry,N,,Pedalcycle,On Roadway,Y,Intersection,None,,,None,,,N,,,,,CSA,Orange City Police Department,Police Department (PD),9/19/2024 12:23:00 AM,9/27/2024 7:27:00 PM,6,Y,Bicycle,Bicycle,Injury,Non-Incapacitating Injury,DAY,N,N,N,N,N,N,Y,N,N,1,1,0,1,0,0,0,0,0,0,0,1,1,0,1,0,0,0,0,0,0,0,0,0,0,N,0,0,Y,0,0,0,0,0,0,1,1000,1000,1,0,0,Preliminary,Editor Mapped,471109.9948,3199058.0826,28.9190937322162,-81.2963809580361
25696331,2024,24-JAN-2024 06:30 PM,24-JAN-2024 12:00 AM,2024000662,L,1,2,15,32,Manatee,Bradenton,Urban,1/24/2024 6:36:00 PM,1/24/2024 6:37:00 PM,1/24/2024 6:41:00 PM,1/24/2024 7:45:00 PM,N,Law Enforcement,30TH ST W,,27.495534,-82.591626,0,,MANATEE AVE W,,State,Curb,T-Intersection,N,Dark - Lighted,Clear,Dry,N,,Pedestrian,On Roadway,N,Intersection,None,,,None,,,N,,,,,OFFICER,Bradenton Police Department,Police Department (PD),2/6/2024 8:05:00 PM,2/6/2024 8:05:00 PM,13,Y,Pedestrian,Pedestrian,Injury,Possible Injury,DAY,N,N,N,N,N,Y,Y,N,N,0,1,1,0,0,0,0,0,0,0,0,1,1,0,1,0,0,0,0,0,0,0,0,0,0,N,0,0,Y,0,0,0,0,0,0,0,0,0,1,0,0,Preliminary,Editor Mapped,342775.0207,3042330.4087,27.4955332257394,-82.5916046416311
25718049,2024,02-MAY-2024 04:35 PM,29-APR-2024 12:00 AM,24002196,L,1,2,1,29,Miami-Dade,Aventura,Urban,5/2/2024 4:42:00 PM,5/2/2024 4:44:00 PM,5/2/2024 4:54:00 PM,5/2/2024 6:00:00 PM,Y,Law Enforcement,NE 207TH ST,,,,0,,NE 34TH AVE,,Local,Paved,Four-Way Intersection,N,Daylight,Clear,Dry,N,Angle,Pedestrian,On Roadway,N,Intersection-Related,None,,,None,,,N,,,,,POLICE SERVICE AIDE,Aventura Police Department,Police Department (PD),5/4/2024 7:21:00 PM,5/24/2024 7:46:00 PM,2,Y,Pedestrian,Pedestrian,Injury,Possible Injury,DAY,N,N,N,N,N,N,Y,N,N,1,1,1,0,0,0,0,0,0,0,0,1,1,0,1,0,0,0,0,0,0,0,0,0,0,N,0,0,Y,0,0,0,0,0,0,0,0,0,1,0,0,Preliminary,Editor Mapped,586740.9362,2872388.2631,25.9676479280588,-80.1335215224271
25718058,2024,04-MAY-2024 03:15 PM,04-MAY-2024 12:00 AM,24002225,L,1,2,1,29,Miami-Dade,Aventura,Urban,5/4/2024 3:30:00 PM,5/4/2024 3:33:00 PM,5/4/2024 3:38:00 PM,5/4/2024 4:20:00 PM,Y,Law Enforcement,BISCAYNE BLVD,,,,0,,NE 183RD ST,,U.S.,Paved,T-Intersection,N,Daylight,Clear,Dry,N,Angle,Pedalcycle,On Roadway,N,Intersection-Related,None,,,None,,,N,,,,,POLICE SERVICE AIDE,Aventura Police Department,Police Department (PD),5/7/2024 7:53:00 PM,5/7/2024 7:53:00 PM,3,Y,Bicycle,Bicycle,Injury,Possible Injury,DAY,N,N,N,N,N,N,Y,N,N,1,1,1,0,0,0,0,0,0,0,0,1,1,0,1,0,0,0,0,0,0,0,0,0,0,N,0,0,Y,0,0,0,0,0,0,0,0,0,1,0,0,Preliminary,Editor Mapped,585369.8254,2869905.5989,25.9453135078697,-80.1473782237601
25724800,2024,05-SEP-2024 09:09 AM,05-SEP-2024 09:15 AM,GBPD24CAD016274,S,1,3,33,40,Santa Rosa,Gulf Breeze,Urban,9/5/2024 9:11:00 AM,9/5/2024 9:14:00 AM,9/5/2024 9:15:00 AM,9/5/2024 3:59:00 PM,Y,Law Enforcement,SHORELINE DRIVE,,30.35616,-87.16781,0,,TALL PINE TRAIL,,U.S.,Unpaved,Not at Intersection,N,Daylight,Rain,Wet,N,"Sideswipe, Opposite Direction",Pedestrian,On Roadway,N,Non-Junction,None,,,None,,,N,,,,,POLICE OFF,Gulf Breeze Police Department,Police Department (PD),9/16/2024 7:28:00 PM,9/16/2024 7:28:00 PM,11,N,Pedestrian,Pedestrian,No Injury,No Injury,DAY,N,N,N,N,N,N,N,Y,N,3,0,0,0,0,0,0,0,0,0,0,1,1,0,1,0,1,1,0,0,0,0,0,0,0,N,0,0,Y,0,0,0,0,0,0,0,0,0,0,0,0,Preliminary,Computer mapped confident by address,-93303.7747999998,3374428.0296,30.3561426575089,-87.1678565441115
25732091,2024,18-OCT-2024 03:15 PM,18-OCT-2024 12:00 AM,2401520,L,1,2,1,72,Miami-Dade,Miami Springs,Urban,10/18/2024 3:17:00 PM,10/18/2024 3:18:00 PM,10/18/2024 3:28:00 PM,10/18/2024 4:23:00 PM,Y,Law Enforcement,NW 42ND AVE,3600,25.809108,-80.264715,246,North,,,Parking Lot,Curb,Not at Intersection,N,Daylight,Cloudy,Dry,N,,Pedestrian,Off Roadway,N,Non-Junction,None,,,None,,,N,,,,,PSA,Miami Springs Police Department,Police Department (PD),10/22/2024 8:01:00 PM,10/22/2024 8:01:00 PM,4,N,Pedestrian,Pedestrian,No Injury,No Injury,DAY,N,N,N,N,N,N,N,N,N,2,0,0,0,0,0,0,0,0,0,0,1,1,0,1,0,0,0,0,0,0,0,0,0,0,N,0,0,Y,0,0,1,0,1,500,1,200,700,0,0,0,Preliminary,Editor Mapped,573705.3175,2854748.9089,25.8090986310882,-80.2647158037677
25746259,2024,29-OCT-2024 01:30 PM,31-OCT-2024 12:00 AM,SCSO24CAD812182,L,2,2,44,0,Sumter,Unincorporated,Rural,10/29/2024 1:30:00 PM,10/29/2024 2:00:00 PM,10/29/2024 2:00:00 PM,10/29/2024 3:00:00 PM,Y,Law Enforcement,MAYESVILLE WAY,1402,,,0,,,,Local,Paved,Not at Intersection,Y,Daylight,Clear,Dry,N,"Sideswipe, Opposite Direction",Pedalcycle,On Roadway,N,Non-Junction,None,,,None,,,N,,,,,DS,Sumter County Sheriff's Office,Sheriff's Office (SO),12/3/2024 11:29:00 PM,12/3/2024 11:29:00 PM,35,Y,Bicycle,Bicycle,No Injury,No Injury,DAY,N,N,N,N,N,Y,N,Y,N,2,0,0,0,0,0,0,0,0,0,0,2,1,0,0,0,0,0,0,0,0,0,0,0,0,N,0,0,Y,0,0,0,0,0,0,1,500,500,0,0,0,Preliminary,Computer mapped confident by address,406745.3351,3197241.1802,28.8996247115209,-81.9564942765781
25751092,2024,15-JUL-2024 02:13 PM,15-JUL-2024 12:00 AM,2024-001167,L,1,5,48,44,Clay,Orange Park,Urban,7/15/2024 2:13:00 PM,7/15/2024 2:16:00 PM,7/15/2024 2:19:00 PM,7/15/2024 3:15:00 PM,Y,Motorist,SR 224 KINGSLEY AVE,,,,0,,DOCTORS LAKE RD,,State,Paved,Not at Intersection,N,Daylight,Clear,Dry,N,Angle,Pedalcycle,On Roadway,N,Non-Junction,None,,,None,,,N,,,,,,Orange Park Police Department,Police Department (PD),8/13/2024 11:28:00 PM,8/13/2024 11:28:00 PM,29,Y,Bicycle,Bicycle,Injury,Possible Injury,DAY,N,N,N,Y,N,N,N,N,N,2,3,3,0,0,0,0,0,0,0,0,3,1,0,1,0,0,1,0,0,0,0,0,0,0,N,0,0,Y,0,0,4,0,1,2000,1,50,2050,0,0,0,Preliminary,Editor Mapped,431611.5283,3337334.5071,30.1654745381852,-81.7102454590715
25800991,2024,17-MAR-2024 01:52 PM,17-MAR-2024 12:00 AM,2024-00007690,S,1,3,42,62,Martin,Stuart,Urban,3/17/2024 1:52:00 PM,3/17/2024 1:55:00 PM,3/17/2024 2:00:00 PM,3/17/2024 2:25:00 PM,Y,Law Enforcement,SE FEDERAL HWY,,27.17025,-80.229624,97,North,SE LUCKHARDT ST,,State,Curb,Not at Intersection,N,Daylight,Clear,Dry,N,,Pedalcycle,On Roadway,N,Driveway/Alley Access Related,None,,,None,,,N,,,,,PO,Stuart Police Department,Police Department (PD),3/18/2024 7:54:00 PM,3/18/2024 7:54:00 PM,1,N,Bicycle,Bicycle,No Injury,No Injury,DAY,N,N,N,N,N,N,N,N,N,3,0,0,0,0,0,0,0,0,0,0,1,1,0,1,0,0,1,0,0,0,0,0,0,0,N,0,0,Y,0,0,0,0,0,0,1,500,500,0,0,0,Preliminary,Officer Mapped,576319.1873,3005525.9736,27.1702450248888,-80.22962121859
25801643,2024,04-SEP-2024 05:31 PM,04-SEP-2024 12:00 AM,2024-00025006,L,1,2,42,62,Martin,Stuart,Urban,9/4/2024 5:31:00 PM,9/4/2024 5:31:00 PM,9/4/2024 5:36:00 PM,9/4/2024 6:00:00 PM,Y,Law Enforcement,SE PALM BEACH RD,,27.185703,-80.236727,198,North,SE 15TH CT,,State,Paved,Not at Intersection,Y,Daylight,Clear,Dry,N,,Other Non-Fixed Object,On Roadway,N,Non-Junction,None,,,None,,,N,,,,,OFFICER,Stuart Police Department,Police Department (PD),9/10/2024 7:54:00 PM,9/10/2024 7:54:00 PM,6,Y,Single Vehicle,Other,Injury,Possible Injury,DAY,N,N,N,Y,N,N,N,N,N,1,1,1,0,0,0,0,0,0,0,0,1,1,0,1,1,0,0,0,0,0,0,0,0,0,N,0,0,Y,0,0,1,0,0,0,1,1000,1000,1,0,0,Preliminary,Editor Mapped,575602.6121,3007233.1435,27.1856961414615,-80.2367490778474
25821509,2024,09-APR-2024 05:45 PM,09-APR-2024 12:00 AM,2024-00034599,L,1,2,5,52,Polk,Lakeland,Urban,4/9/2024 5:45:00 PM,4/9/2024 5:46:00 PM,4/9/2024 5:52:00 PM,4/9/2024 6:20:00 PM,Y,Law Enforcement,YOUNG PL,,28.008087,-81.95714,0,,SR-37,,Local,Curb,T-Intersection,N,Daylight,Clear,Dry,N,,Pedalcycle,On Roadway,N,Other,None,,,Physical Obstruction(s),,,N,,,,,OFC,Lakeland Police Department,Police Department (PD),4/15/2024 7:32:00 PM,4/15/2024 7:32:00 PM,6,Y,Bicycle,Bicycle,Injury,Possible Injury,DAY,N,N,N,N,N,N,N,N,N,1,1,1,0,0,0,0,0,0,0,0,1,1,0,1,0,0,0,0,0,0,0,0,0,0,N,0,0,Y,0,0,0,0,0,0,1,250,250,0,0,0,Preliminary,Editor Mapped,405896.5497,3098466.8857,28.0080829186603,-81.957135822016
25821587,2024,19-APR-2024 04:40 PM,19-APR-2024 12:00 AM,2024-00038056,L,1,2,5,52,Polk,Lakeland,Urban,4/19/2024 4:46:00 PM,4/19/2024 4:49:00 PM,4/19/2024 4:57:00 PM,4/19/2024 5:45:00 PM,Y,Law Enforcement,N US-98,,28.074729,-81.959385,557,North,N FLORIDA AVE,,U.S.,Curb,Not at Intersection,N,Daylight,Clear,Dry,N,,Pedestrian,On Roadway,N,Non-Junction,None,,,None,,,N,,,,,OFFICER,Lakeland Police Department,Police Department (PD),5/1/2024 10:00:00 PM,5/1/2024 10:00:00 PM,12,Y,Pedestrian,Pedestrian,Injury,Possible Injury,DAY,N,N,N,N,N,N,N,N,N,1,1,1,0,0,0,0,0,0,0,0,1,1,0,1,0,0,0,0,0,0,0,0,0,0,N,0,0,Y,0,0,0,0,0,0,1,500,500,1,0,0,Preliminary,Editor Mapped,405734.0329,3105851.7172,28.0747266925094,-81.9593798522799
25829190,2024,15-MAR-2024 08:50 AM,25-MAR-2024 12:00 AM,2024-03150002,L,1,2,1,0,Miami-Dade,Unincorporated,Rural,3/15/2024 8:50:00 AM,3/15/2024 9:21:00 AM,3/15/2024 9:24:00 AM,3/15/2024 9:59:00 AM,Y,Law Enforcement,SW 16 ST,,,,93,West,SW 107 AVE,,Local,Curb,Not at Intersection,N,Daylight,Clear,Dry,N,Unknown,Other Non-Fixed Object,On Roadway,N,Non-Junction,None,,,None,,,N,,,,,OFC,Florida Intl University Police Department,Police Department (PD),7/8/2024 11:29:00 PM,7/8/2024 11:29:00 PM,115,Y,Single Vehicle,Other,Injury,Non-Incapacitating Injury,DAY,N,N,N,N,N,Y,N,N,N,1,1,0,1,0,0,0,0,0,0,0,1,1,0,1,0,0,0,0,0,0,0,0,0,0,N,0,0,Y,0,0,0,0,0,0,0,0,0,0,0,0,Preliminary,Editor Mapped,563328.0147,2848635.8852,25.7543872914237,-80.3685266858077
25834021,2024,22-FEB-2024 10:42 AM,22-FEB-2024 12:00 AM,2024-003396,L,1,2,1,57,Miami-Dade,Miami Gardens,Urban,2/22/2024 10:42:00 AM,2/22/2024 10:46:00 AM,2/22/2024 10:52:00 AM,2/22/2024 11:10:00 AM,N,Law Enforcement,NW 179TH ST,,25.937235,-80.24747,170,East,NW 28TH CT,,Local,Paved,Not at Intersection,N,Daylight,Clear,Dry,N,,Pedalcycle,On Roadway,N,Non-Junction,None,,,None,,,N,,,,,DET,Miami Gardens Police Department,Police Department (PD),3/5/2024 7:58:00 PM,3/5/2024 7:58:00 PM,12,Y,Bicycle,Bicycle,Serious Injury,Incapacitating Injury,DAY,N,N,N,N,N,Y,N,N,N,0,1,0,0,1,0,0,0,0,0,0,1,1,0,1,0,0,0,0,0,0,0,0,0,0,N,0,0,Y,1,0,0,0,0,0,0,0,0,1,0,0,Verified,n/a,575353.0144,2868948.9794,25.9372303829454,-80.2474675826745
25834216,2024,08-MAR-2024 06:00 AM,08-MAR-2024 12:00 AM,2024-004301,L,1,2,1,57,Miami-Dade,Miami Gardens,Urban,3/8/2024 6:22:00 AM,3/8/2024 6:23:00 AM,3/8/2024 6:36:00 AM,3/8/2024 8:02:00 AM,Y,Law Enforcement,NW 22ND AVE,,25.919268,-80.236445,329,North,NW 158TH ST,,County,Curb,Not at Intersection,N,Dark - Lighted,Clear,Dry,N,,Pedalcycle,On Roadway,N,Non-Junction,None,,,None,,,N,,,,,CSA,Miami Gardens Police Department,Police Department (PD),3/9/2024 7:15:00 PM,3/9/2024 7:15:00 PM,1,Y,Bicycle,Bicycle,Injury,Non-Incapacitating Injury,NIGHT,N,N,N,N,N,N,N,N,N,1,1,0,1,0,0,0,0,0,0,0,2,1,0,0,0,0,0,0,0,0,0,0,0,0,N,0,0,Y,0,0,1,0,0,0,0,0,0,1,0,0,Preliminary,Editor Mapped,576468.6667,2866965.5853,25.9192637297876,-80.2364420325656
25843571,2024,05-APR-2024 06:43 PM,14-APR-2024 12:00 AM,2404-00024239,L,1,3,19,54,Brevard,Titusville,Urban,4/5/2024 6:43:00 PM,4/5/2024 6:44:00 PM,4/5/2024 6:45:00 PM,4/5/2024 7:35:00 PM,Y,Motorist,COUNTRY CLUB DR,,,,0,,SOUTH HOPKINS AVENUE,,Local,Paved,Four-Way Intersection,,Dusk,Clear,Dry,N,Front to Rear,Pedalcycle,On Roadway,N,Intersection,None,,,None,,,N,,,,,Off.,Titusville Police Department,Police Department (PD),4/22/2024 7:36:00 PM,4/22/2024 7:36:00 PM,17,Y,Bicycle,Bicycle,Injury,Non-Incapacitating Injury,DAY,N,N,N,N,N,N,Y,N,N,2,1,0,1,0,0,0,0,0,0,0,1,1,0,1,0,0,1,0,0,0,0,0,0,0,N,0,0,Y,0,0,0,0,0,0,1,100,100,1,0,0,Preliminary,Editor Mapped,519121.4656,3161085.6578,28.5765282658846,-80.8044727228056
25844320,2024,10-AUG-2024 05:00 PM,10-AUG-2024 12:00 AM,24-2283,L,1,3,19,34,Brevard,Cocoa Beach,Urban,8/10/2024 5:04:00 PM,8/10/2024 5:08:00 PM,8/10/2024 5:10:00 PM,8/10/2024 6:07:00 PM,Y,Law Enforcement,BERMUDA RD,,28.331632,-80.61558,0,,BALI RD,,Local,Paved,T-Intersection,Y,Daylight,Clear,Dry,N,,Pedestrian,On Roadway,N,Intersection,None,,,None,,,N,,,,,FTO,Cocoa Beach Police Department,Police Department (PD),8/15/2024 7:28:00 PM,8/15/2024 7:28:00 PM,5,Y,Pedestrian,Pedestrian,Injury,Non-Incapacitating Injury,DAY,N,N,N,N,N,N,Y,N,N,1,2,0,2,0,0,0,0,0,0,0,2,2,0,1,0,0,0,0,0,0,0,0,0,0,N,0,0,Y,0,0,0,0,0,0,1,500,500,1,0,0,Preliminary,Editor Mapped,537681.2073,3133999.3216,28.3316274427202,-80.6155774266467
25880685,2024,23-JAN-2024 10:55 PM,23-JAN-2024 12:00 AM,PD240123025765,L,1,2,1,36,Miami-Dade,Coconut Grove,Urban,1/23/2024 10:58:00 PM,1/23/2024 11:00:00 PM,1/23/2024 11:07:00 PM,1/23/2024 11:55:00 PM,Y,Law Enforcement,OLD CUTLER RD,20505,,,238,East,,,County,Curb,Four-Way Intersection,,Dusk,Clear,Dry,N,Angle,Motor Vehicle in Transport,On Roadway,N,Non-Junction,None,,,None,,,N,,,,,OFC.,Miami-Dade Police Department,Police Department (PD),2/22/2024 7:24:00 PM,2/22/2024 7:24:00 PM,30,Y,Single Vehicle,Other,Serious Injury,Incapacitating Injury,NIGHT,N,N,N,N,N,N,N,N,N,1,1,0,0,1,0,0,0,0,0,0,1,1,0,1,0,0,0,0,0,0,0,0,0,0,N,0,0,Y,1,0,1,0,2,200,1,50,250,0,0,0,Verified,n/a,566344.2839,2828995.4797,25.5769073156603,-80.3394295397235
25882117,2024,28-JAN-2024 10:30 PM,28-JAN-2024 12:00 AM,PD240128031498,L,1,2,1,0,Miami-Dade,Unincorporated,Rural,1/28/2024 11:04:00 PM,1/28/2024 11:06:00 PM,1/28/2024 11:11:00 PM,1/28/2024 11:49:00 PM,N,Law Enforcement,NW 22ND AVE,,,,0,,NW 102ND ST,,County,Paved,T-Intersection,,Dark - Lighted,Clear,Dry,N,Other,Motor Vehicle in Transport,On Roadway,N,Non-Junction,None,None,None,None,None,None,N,,,,,OFC.,Miami-Dade Police Department,Police Department (PD),2/6/2024 8:04:00 PM,2/6/2024 8:04:00 PM,9,Y,Single Vehicle,Other,Injury,Non-Incapacitating Injury,NIGHT,N,N,N,N,N,Y,N,N,N,1,1,0,1,0,0,0,0,0,0,0,1,1,0,1,0,0,0,0,0,0,0,0,0,0,N,0,0,Y,0,0,0,0,1,845,0,0,845,0,0,0,Preliminary,Editor Mapped,576734.4869,2861224.8716,25.867415767688,-80.2341225511315
25882395,2024,19-JAN-2024 09:03 AM,19-JAN-2024 12:00 AM,PD240119020485,L,1,2,1,36,Miami-Dade,Coconut Grove,Rural,1/19/2024 9:03:00 AM,1/19/2024 9:04:00 AM,1/19/2024 9:12:00 AM,1/19/2024 10:21:00 AM,Y,Law Enforcement,MARLIN RD,,,,,,EAGLE NEST RD,,County,Unpaved,Not at Intersection,,Daylight,Cloudy,Dry,N,Other,Other Non-Fixed Object,Shoulder,N,Non-Junction,None,,,None,,,N,,,,,PSA.,Miami-Dade Police Department,Police Department (PD),1/31/2024 8:56:00 PM,1/31/2024 8:56:00 PM,12,Y,Single Vehicle,Other,Injury,Possible Injury,DAY,N,N,N,N,N,N,N,N,N,1,1,1,0,0,0,0,0,0,0,0,1,1,0,1,0,0,0,0,0,0,0,0,0,0,N,0,0,Y,0,0,1,0,1,100,1,5,105,0,0,0,Preliminary,Editor Mapped,565088.2419,2829841.0343,25.584598426141,-80.3518938189828
25882543,2024,22-MAR-2024 09:17 AM,22-MAR-2024 12:00 AM,PD240322093287,L,1,2,1,0,Miami-Dade,Unincorporated,Rural,3/22/2024 9:17:00 AM,3/22/2024 9:17:00 AM,3/22/2024 9:22:00 AM,3/22/2024 10:15:00 AM,Y,Law Enforcement,102ND AVE / FAIRWAY HEIGHTS BLVD,SW,,,0,,,,Local,Paved,T-Intersection,,Daylight,Cloudy,Dry,N,Angle,Motor Vehicle in Transport,On Roadway,N,Non-Junction,None,,,None,,,N,,,,,OFC.,Miami-Dade Police Department,Police Department (PD),4/4/2024 7:23:00 PM,4/4/2024 7:23:00 PM,13,Y,Single Vehicle,Other,Injury,Possible Injury,DAY,N,N,N,N,N,N,N,N,N,1,1,1,0,0,0,0,0,0,0,0,1,1,0,1,0,0,0,0,0,0,0,0,0,0,N,0,0,Y,0,0,0,0,0,0,1,1000,1000,0,0,0,Preliminary,Editor Mapped,564393.7215,2834475.4343,25.6264765230807,-80.3585857951937
25882621,2024,10-MAY-2024 09:55 AM,10-MAY-2024 12:00 AM,PD240510149355,L,1,2,1,0,Miami-Dade,Unincorporated,Rural,5/10/2024 9:55:00 AM,5/10/2024 9:56:00 AM,5/10/2024 10:02:00 AM,5/10/2024 1:00:00 PM,N,Law Enforcement,NW 7TH AVE,,,,0,,NW 104TH ST,,County,Paved,T-Intersection,,Daylight,Clear,Dry,N,"Sideswipe, Same Direction",Motor Vehicle in Transport,On Roadway,N,Non-Junction,None,None,None,None,None,None,N,,,,,OFC.,Miami-Dade Police Department,Police Department (PD),5/23/2024 7:24:00 PM,7/2/2024 7:59:00 PM,13,Y,Single Vehicle,Other,Injury,Possible Injury,DAY,N,N,N,N,N,Y,N,Y,N,1,1,1,0,0,0,0,0,0,0,0,1,1,0,1,0,0,0,0,0,0,0,0,0,0,N,0,0,Y,0,0,1,0,1,300,1,100,400,1,0,0,Preliminary,Editor Mapped,579154.092,2861538.6572,25.8701195618962,-80.2099557300087
25882985,2024,18-JAN-2024 09:30 PM,21-JAN-2024 12:00 AM,PD240121022859,L,1,3,1,0,Miami-Dade,Unincorporated,Rural,1/18/2024 10:25:00 AM,1/18/2024 11:05:00 AM,1/18/2024 11:10:00 AM,1/18/2024 11:45:00 AM,,Law Enforcement,NW 5TH AVE,,,,38,South,NW 93RD ST,,County,Paved,Four-Way Intersection,,Dark - Lighted,Clear,Dry,N,Other,Pedalcycle,On Roadway,N,Intersection,None,,,Unknown,,,N,,,,,OFC.,Miami-Dade Police Department,Police Department (PD),3/28/2024 7:19:00 PM,3/28/2024 7:19:00 PM,70,Y,Bicycle,Bicycle,Serious Injury,Incapacitating Injury,NIGHT,N,N,N,N,N,Y,Y,N,N,1,2,0,1,1,0,0,0,0,0,0,2,2,0,1,0,0,0,0,0,0,0,0,0,0,N,0,0,Y,1,0,0,0,1,500,0,0,500,1,0,0,Verified,n/a,579605.1665,2860421.3461,25.8600066088139,-80.205521317584
25883788,2024,27-JAN-2024 04:15 PM,27-JAN-2024 12:00 AM,PD240127029985,L,1,3,1,0,Miami-Dade,Unincorporated,Urban,1/27/2024 4:16:00 PM,1/27/2024 4:18:00 PM,1/27/2024 4:35:00 PM,1/27/2024 5:30:00 PM,Y,Law Enforcement,OLD BISCAYNE DR,13260,,,,,,,Parking Lot,Paved,Not at Intersection,,Daylight,Clear,Dry,N,Angle,Motor Vehicle in Transport,In Parking Lane or Zone,N,Non-Junction,None,,,None,,,N,,,,,PSA.,Miami-Dade Police Department,Police Department (PD),2/15/2024 7:19:00 PM,2/15/2024 7:19:00 PM,19,Y,Single Vehicle,Other,Injury,Non-Incapacitating Injury,DAY,N,N,N,N,N,N,N,N,N,1,2,0,2,0,0,0,0,0,0,0,2,2,0,1,0,1,0,0,0,0,0,0,0,0,N,0,0,Y,0,0,0,0,0,0,1,900,900,2,0,0,Preliminary,Editor Mapped,584001.7218,2864670.5803,25.8981263799309,-80.1613753605289
25884242,2024,13-FEB-2024 07:54 AM,13-FEB-2024 12:00 AM,PD240213049119,L,1,5,1,0,Miami-Dade,Unincorporated,Rural,2/13/2024 7:54:00 AM,2/13/2024 7:55:00 AM,2/13/2024 8:01:00 AM,2/13/2024 8:44:00 PM,Y,Law Enforcement,SW 157TH AVE,,,,14,South,SW 72ND ST,,County,Paved,Four-Way Intersection,,Daylight,Clear,Dry,N,Other,Motor Vehicle in Transport,On Roadway,N,Non-Junction,None,None,None,None,None,None,N,,,,,OFC.,Miami-Dade Police Department,Police Department (PD),2/26/2024 7:32:00 PM,2/26/2024 7:32:00 PM,13,Y,Single Vehicle,Other,Injury,Non-Incapacitating Injury,DAY,N,N,N,N,N,N,N,N,N,4,1,0,1,0,0,0,0,0,0,0,1,1,0,1,0,0,3,0,0,0,0,0,0,0,N,0,0,Y,0,0,0,0,0,0,1,500,500,0,0,0,Preliminary,Editor Mapped,555535.7507,2842445.1236,25.698802331566,-80.4464827822507
25884278,2024,31-JAN-2024 04:56 PM,31-JAN-2024 12:00 AM,PD240131034717,L,1,2,1,0,Miami-Dade,Unincorporated,Rural,1/31/2024 4:57:00 PM,1/31/2024 5:02:00 PM,1/31/2024 5:18:00 PM,1/31/2024 8:07:00 PM,Y,Law Enforcement,NW 5TH AVE,8442,,,0,,,,County,Paved,T-Intersection,,Daylight,Clear,Dry,N,Angle,Motor Vehicle in Transport,On Roadway,N,Intersection,None,,,None,,,N,,,,,OFC.,Miami-Dade Police Department,Police Department (PD),3/1/2024 7:35:00 PM,3/1/2024 7:35:00 PM,30,Y,Single Vehicle,Other,Injury,Possible Injury,DAY,N,N,N,N,N,N,Y,N,N,1,1,1,0,0,0,0,0,0,0,0,1,1,0,1,0,0,0,0,0,0,0,0,0,0,N,0,0,Y,0,0,0,0,2,1000,1,3500,4500,0,0,0,Preliminary,Editor Mapped,579624.9991,2859667.8125,25.8532017446522,-80.2053688856887
25884293,2024,30-JAN-2024 07:52 PM,30-JAN-2024 12:00 AM,PD240130033751,L,1,2,1,0,Miami-Dade,Unincorporated,Rural,1/30/2024 7:57:00 PM,1/30/2024 7:57:00 PM,1/30/2024 8:12:00 PM,1/30/2024 9:38:00 PM,Y,Law Enforcement,OPA LOCKA BLVD,,,,0,,NW 8TH AVE,,County,Paved,T-Intersection,,Dark - Lighted,Clear,Dry,N,Angle,Pedalcycle,On Roadway,N,Non-Junction,None,,,None,,,N,,,,,PSA.,Miami-Dade Police Department,Police Department (PD),2/15/2024 1:30:00 AM,2/15/2024 1:30:00 AM,16,Y,Bicycle,Bicycle,Injury,Possible Injury,NIGHT,N,N,N,N,N,N,N,N,N,1,1,1,0,0,0,0,0,0,0,0,1,1,0,1,1,0,0,0,0,0,0,0,0,0,N,0,0,Y,0,0,0,0,2,100,0,0,100,0,0,0,Preliminary,Editor Mapped,578796.951,2864815.9616,25.8997301927016,-80.2133240484861
25885053,2024,12-FEB-2024 10:55 AM,12-FEB-2024 12:00 AM,PD240212048169,L,1,2,1,0,Miami-Dade,Unincorporated,Rural,2/12/2024 10:57:00 AM,2/12/2024 10:57:00 AM,2/12/2024 10:57:00 AM,2/12/2024 11:44:00 AM,Y,Law Enforcement,CARIBBEAN BOULEVARD,,,,34,North,S FLORIDA TPKE OFF,,Turnpike/Toll,Paved,Four-Way Intersection,,Daylight,Clear,Dry,N,Other,Pedalcycle,On Roadway,N,Entrance/Exit Ramp,Other,,,None,,,N,,,,,OFC.,Miami-Dade Police Department,Police Department (PD),3/1/2024 7:35:00 PM,3/1/2024 7:35:00 PM,18,Y,Bicycle,Bicycle,Injury,Possible Injury,DAY,N,N,N,N,N,N,N,N,N,1,1,1,0,0,0,0,0,0,0,0,1,1,0,1,0,0,0,0,0,0,0,0,0,0,N,0,0,Y,0,0,1,0,0,0,0,0,0,1,0,0,Preliminary,Editor Mapped,563425.8353,2829313.5419,25.5799076543135,-80.3684711674312
25888364,2024,29-FEB-2024 06:05 PM,29-FEB-2024 12:00 AM,PD240229068401,L,1,2,1,0,Miami-Dade,Unincorporated,Rural,2/29/2024 6:05:00 PM,2/29/2024 6:07:00 PM,2/29/2024 6:16:00 PM,2/29/2024 6:46:00 PM,Y,Law Enforcement,NW 9TH ST,1525,,,46,West,,,County,Paved,Not at Intersection,,Daylight,Clear,Dry,N,Other,Motor Vehicle in Transport,On Roadway,N,Non-Junction,None,,,None,,,N,,,,,OFC.,Miami-Dade Police Department,Police Department (PD),3/12/2024 8:14:00 PM,3/12/2024 8:14:00 PM,12,Y,Single Vehicle,Other,Injury,Non-Incapacitating Injury,DAY,N,N,N,N,N,N,N,N,N,1,1,0,1,0,0,0,0,0,0,0,1,1,0,1,0,0,0,0,0,0,0,0,0,0,N,0,0,Y,0,0,1,0,2,1000,1,100,1100,0,0,0,Preliminary,Editor Mapped,577732.745,2860962.1173,25.8649903965447,-80.224175275164
25890959,2024,22-MAR-2024 07:23 AM,22-MAR-2024 12:00 AM,PD240322093202,L,1,2,1,0,Miami-Dade,Unincorporated,Rural,3/22/2024 7:23:00 AM,3/22/2024 7:25:00 AM,3/22/2024 7:39:00 AM,3/22/2024 8:00:00 AM,Y,Law Enforcement,SW 137TH AVE,,,,0,,SW 176TH ST,,County,Paved,Not at Intersection,,Daylight,Clear,Dry,N,Other,Pedalcycle,On Roadway,N,Non-Junction,None,,,None,,,N,,,,,PSA.,Miami-Dade Police Department,Police Department (PD),4/2/2024 7:52:00 PM,4/2/2024 7:52:00 PM,11,N,Bicycle,Bicycle,No Injury,No Injury,DAY,N,N,N,N,N,N,N,N,N,2,0,0,0,0,0,0,0,0,0,0,1,1,0,1,0,0,0,0,0,0,0,0,0,0,N,0,0,Y,0,0,2,0,1,700,1,300,1000,0,0,0,Preliminary,Editor Mapped,558874.3527,2831984.7394,25.6042168652164,-80.4136705951177
25897328,2024,02-APR-2024 08:14 PM,02-APR-2024 08:48 PM,NPD24CAD008545,L,1,2,43,42,Okaloosa,Niceville,Urban,4/2/2024 8:16:00 PM,4/2/2024 8:19:00 PM,4/2/2024 8:19:00 PM,4/2/2024 10:39:00 PM,Y,Law Enforcement,STATE ROAD 20 (JOHN SIMS PKWY) W/B,,30.5080034893669,-86.4415177062716,0,,N EDGEWATER DR,,State,Curb,T-Intersection,N,Dark - Not Lighted,Clear,Dry,N,Other,Pedestrian,On Roadway,Y,Intersection,None,,,None,,,N,,,,,OFFICER,Niceville Police Department,Police Department (PD),4/4/2024 7:24:00 PM,4/4/2024 7:24:00 PM,2,Y,Pedestrian,Pedestrian,Serious Injury,Incapacitating Injury,NIGHT,N,N,N,N,N,N,Y,N,N,1,1,0,0,1,0,0,0,0,0,0,1,1,0,1,0,0,0,0,0,0,0,0,0,0,N,0,0,Y,1,0,0,0,1,500,1,5000,5500,1,0,0,Verified,n/a,-22493.7229000004,3387704.8514,30.5080697060089,-86.4413400191064
25903015,2024,03-MAR-2024 07:35 PM,03-MAR-2024 12:00 AM,2024002622,L,1,2,6,32,Palm Beach,Boca Raton,Urban,3/3/2024 7:35:00 PM,3/3/2024 7:37:00 PM,3/3/2024 7:42:00 PM,3/3/2024 8:37:00 PM,Y,Law Enforcement,POWERLINE RD,,,,126,East,VERDE TRL,,County,Unpaved,Not at Intersection,N,Dark - Lighted,Rain,Wet,N,"Sideswipe, Same Direction",Pedalcycle,On Roadway,N,Other,None,,,None,,,N,,,,,POLICE OFFICER,Boca Raton Police Department,Police Department (PD),3/5/2024 7:58:00 PM,3/5/2024 7:58:00 PM,2,Y,Bicycle,Bicycle,Injury,Possible Injury,NIGHT,N,N,N,N,N,Y,N,Y,N,0,1,1,0,0,0,0,0,0,0,0,1,1,0,1,0,0,0,0,0,0,0,0,0,0,N,0,0,Y,0,0,0,0,0,0,0,0,0,1,0,0,Preliminary,Editor Mapped,584789.538,2916171.9546,26.3630713307088,-80.1501522120738
25903230,2024,21-FEB-2024 03:58 PM,25-FEB-2024 12:00 AM,2024002140,L,1,2,6,32,Palm Beach,Boca Raton,Urban,2/21/2024 3:58:00 PM,2/21/2024 3:58:00 PM,2/21/2024 4:00:00 PM,2/21/2024 5:30:00 PM,Y,Law Enforcement,US1/SR5/N FED HWY,,,,236,South,E. CAMINO REAL,,U.S.,Curb,Not at Intersection,N,Daylight,Clear,Dry,N,Angle,Motor Vehicle in Transport,On Roadway,N,Driveway/Alley Access Related,None,,,None,,,N,,,,,COMMUNITY SERVICE OFFICER,Boca Raton Police Department,Police Department (PD),2/23/2024 7:26:00 PM,2/27/2024 8:16:00 PM,2,Y,Single Vehicle,Other,Serious Injury,Incapacitating Injury,DAY,N,N,N,N,N,N,N,N,N,1,1,0,0,1,0,0,0,0,0,0,1,1,0,1,0,0,0,0,0,0,0,0,0,0,N,0,0,Y,1,0,0,0,0,0,1,2000,2000,1,0,0,Verified,n/a,591195.0131,2913894.1752,26.3421116142096,-80.086117917918
25909919,2024,12-JAN-2024 04:30 PM,12-JAN-2024 12:00 AM,202401143,L,1,1,24,50,St. Lucie,Port St. Lucie,Urban,1/12/2024 5:37:00 PM,1/12/2024 5:37:00 PM,1/12/2024 5:43:00 PM,1/12/2024 9:19:00 PM,N,Law Enforcement,SE PORT ST LUCIE BLVD,325,,,,,,,Parking Lot,Curb,Other,N,Daylight,Clear,Dry,N,Angle,Pedalcycle,In Parking Lane or Zone,N,Non-Junction,None,,,None,,,N,,,,,POLICE OFFICER,Port St. Lucie Police Department,Police Department (PD),1/25/2024 1:26:00 AM,1/25/2024 1:26:00 AM,13,Y,Bicycle,Bicycle,Injury,Non-Incapacitating Injury,DAY,N,N,N,N,N,Y,N,N,N,0,1,0,1,0,0,0,0,0,0,0,1,1,0,0,0,0,0,0,0,0,0,0,0,0,N,0,0,Y,0,0,0,0,0,0,0,0,0,1,0,0,Preliminary,Editor Mapped,565228.7432,3016886.3402,27.2733732209326,-80.3409601770614
25910727,2024,07-MAR-2024 02:00 PM,07-MAR-2024 12:00 AM,202406275,L,1,2,24,50,St. Lucie,Port St. Lucie,Urban,3/7/2024 2:00:00 PM,3/7/2024 2:00:00 PM,3/7/2024 2:22:00 PM,3/7/2024 2:52:00 PM,Y,Law Enforcement,SW CALIFORNIA BLVD,,,,0,,SW IOWA LN,,Local,Paved,Not at Intersection,N,Daylight,Rain,Wet,N,Other,Motor Vehicle in Transport,On Roadway,N,Non-Junction,None,,,None,,,N,,,,,POLICE OFFICER,Port St. Lucie Police Department,Police Department (PD),3/9/2024 7:15:00 PM,3/9/2024 7:15:00 PM,2,Y,Single Vehicle,Other,Injury,Possible Injury,DAY,N,N,N,N,N,N,N,N,N,1,1,1,0,0,0,0,0,0,0,0,1,1,0,1,0,0,0,0,0,0,0,0,0,0,N,0,0,Y,0,0,0,0,0,0,1,500,500,1,0,0,Preliminary,Editor Mapped,561609.1573,3017494.9147,27.2790347130497,-80.3774983173461
25916304,2024,13-APR-2024 02:49 PM,13-APR-2024 12:00 AM,2024-00051961,L,1,2,42,41,Martin,Jensen Beach,Urban,4/13/2024 2:50:00 PM,4/13/2024 2:54:00 PM,4/13/2024 2:56:00 PM,4/13/2024 5:00:00 PM,Y,Law Enforcement,NE JENSEN BEACH BLVD,,27.244837,-80.235306,0,,NE SUNVIEW TER,,State,Curb,Four-Way Intersection,N,Daylight,Clear,Dry,N,,Pedalcycle,On Roadway,N,Intersection,None,,,None,,,N,,,,,DEPUTY SHERIFF,Martin County Sheriff's Office,Sheriff's Office (SO),4/23/2024 7:55:00 PM,4/23/2024 7:55:00 PM,10,Y,Bicycle,Bicycle,Injury,Possible Injury,DAY,N,N,N,N,N,N,Y,N,N,1,1,1,0,0,0,0,0,0,0,0,1,1,0,1,0,0,0,0,0,0,0,0,0,0,N,0,0,Y,0,0,0,0,0,0,1,250,250,0,0,1,Preliminary,Editor Mapped,575706.5423,3013784.8838,27.2448363391101,-80.2352961932566
25916416,2024,22-APR-2024 03:43 PM,22-APR-2024 12:00 AM,2024-00056879,L,1,3,42,62,Martin,Stuart,Urban,4/22/2024 3:46:00 PM,4/22/2024 3:46:00 PM,4/22/2024 3:46:00 PM,4/22/2024 3:54:00 PM,Y,Law Enforcement,SE WILLOUGHBY BLVD,,27.150119,-80.233995,0,,SE WILLOUGHBY CAY TER,,County,Paved,T-Intersection,N,Daylight,Cloudy,Dry,N,,Pedalcycle,On Roadway,N,Intersection,None,,,None,,,N,,,,,DEPUTY SHERIFF,Martin County Sheriff's Office,Sheriff's Office (SO),4/25/2024 7:24:00 PM,4/25/2024 7:24:00 PM,3,Y,Bicycle,Bicycle,Injury,Non-Incapacitating Injury,DAY,N,N,N,N,N,N,Y,N,N,2,1,0,1,0,0,0,0,0,0,0,1,1,0,1,0,0,1,0,0,0,0,0,0,0,N,0,0,Y,0,0,0,0,0,0,1,1500,1500,1,0,0,Preliminary,Editor Mapped,575899.9975,3003293.5193,27.1501145387971,-80.2339898096277
25916434,2024,24-APR-2024 02:44 PM,24-APR-2024 12:00 AM,2024-00058065,L,1,2,42,62,Martin,Stuart,Urban,4/24/2024 2:44:00 PM,4/24/2024 2:44:00 PM,4/24/2024 2:55:00 PM,4/24/2024 3:30:00 PM,Y,Law Enforcement,SE FEDERAL HWY,,27.166046,-80.227379,0,,SE INDIAN ST,,State,Curb,Four-Way Intersection,N,Daylight,Clear,Dry,N,,Pedalcycle,On Roadway,N,Intersection,None,,,None,,,N,,,,,CSA,Martin County Sheriff's Office,Sheriff's Office (SO),4/26/2024 7:28:00 PM,4/26/2024 7:28:00 PM,2,Y,Bicycle,Bicycle,Injury,Non-Incapacitating Injury,DAY,N,N,N,N,N,N,Y,N,N,1,1,0,1,0,0,0,0,0,0,0,1,1,0,1,1,0,0,0,0,0,0,0,0,0,N,0,0,Y,0,0,1,0,0,0,1,1500,1500,1,0,0,Preliminary,Editor Mapped,576545.5386,3005062.6531,27.1660498081911,-80.2273653543597
25919493,2024,03-JAN-2024 08:30 PM,03-JAN-2024 12:00 AM,24000958,L,1,2,10,34,Broward,Davie,Urban,1/3/2024 8:34:00 PM,1/3/2024 9:05:00 PM,1/3/2024 9:19:00 PM,1/3/2024 9:19:00 PM,Y,Law Enforcement,S SR7,,,,0,,GRIFFIN RD,,State,Curb,Four-Way Intersection,N,Dark - Lighted,Clear,Dry,N,Other,Pedalcycle,On Roadway,N,Non-Junction,None,,,None,,,N,,,,,COMMUNITY SERVICE AIDE,Davie Police Department,Police Department (PD),1/5/2024 7:23:00 PM,1/5/2024 7:23:00 PM,2,Y,Bicycle,Bicycle,Injury,Possible Injury,NIGHT,N,N,N,Y,N,N,N,N,N,1,1,1,0,0,0,0,0,0,0,0,1,1,0,1,1,0,0,0,0,0,0,0,0,0,N,0,0,Y,0,0,0,0,0,0,0,0,0,0,0,0,Preliminary,Editor Mapped,579216.9284,2882859.6193,26.0626239199495,-80.2080407117842
25919557,2024,11-JAN-2024 04:20 PM,11-JAN-2024 12:00 AM,24003015,L,1,2,10,34,Broward,Davie,Urban,1/11/2024 4:22:00 PM,1/11/2024 4:22:00 PM,1/11/2024 4:33:00 PM,1/11/2024 4:33:00 PM,Y,Law Enforcement,6700 STIRLING RD,6700,,,,,,,State,Curb,Not at Intersection,N,Daylight,Rain,Wet,N,Other,Pedalcycle,Shoulder,N,Non-Junction,None,,,None,,,N,,,,,COMMUNITY SERVICE AIDE,Davie Police Department,Police Department (PD),1/16/2024 7:43:00 PM,1/16/2024 7:43:00 PM,5,Y,Bicycle,Bicycle,Injury,Non-Incapacitating Injury,DAY,N,N,N,Y,N,N,N,N,N,1,1,0,1,0,0,0,0,0,0,0,1,1,0,1,0,0,0,0,0,0,0,0,0,0,N,0,0,Y,0,0,1,0,0,0,0,0,0,0,0,0,Preliminary,Editor Mapped,577706.0993,2881018.8593,26.0460858291682,-80.223253455989
25920060,2024,23-FEB-2024 07:25 AM,23-FEB-2024 12:00 AM,24014966,L,1,3,10,34,Broward,Davie,Urban,2/23/2024 7:26:00 AM,2/23/2024 7:27:00 AM,2/23/2024 7:32:00 AM,2/23/2024 7:32:00 AM,Y,Law Enforcement,6700 GRIFFIN RD,6700,,,176,West,,,State,Curb,Not at Intersection,N,Daylight,Clear,Dry,N,Other,Pedalcycle,Off Roadway,N,Non-Junction,None,,,None,,,N,,,,,COMMUNITY SERVICE AIDE,Davie Police Department,Police Department (PD),2/27/2024 8:16:00 PM,2/27/2024 8:16:00 PM,4,Y,Bicycle,Bicycle,Injury,Non-Incapacitating Injury,DAY,N,N,N,Y,N,N,N,N,N,2,1,0,1,0,0,0,0,0,0,0,1,1,0,1,0,0,1,0,0,0,0,0,0,0,N,0,0,Y,0,0,1,0,1,2000,1,500,2500,1,0,0,Preliminary,Editor Mapped,576358.5775,2883082.0942,26.064786551201,-80.2366015606067
25920709,2024,19-APR-2024 05:14 PM,19-APR-2024 12:00 AM,24030029,L,1,2,10,34,Broward,Davie,Urban,4/19/2024 5:14:00 PM,4/19/2024 5:25:00 PM,4/19/2024 5:32:00 PM,4/19/2024 5:52:00 PM,Y,Law Enforcement,12850 SR84 EB,12850,,,17,West,,,State,Curb,T-Intersection,N,Daylight,Clear,Dry,N,Angle,Motor Vehicle in Transport,On Roadway,N,Intersection,None,,,None,,,N,,,,,OFFICER,Davie Police Department,Police Department (PD),4/23/2024 7:55:00 PM,4/23/2024 7:55:00 PM,4,Y,Single Vehicle,Other,Injury,Non-Incapacitating Injury,DAY,N,N,N,N,N,N,Y,N,N,1,1,0,1,0,0,0,0,0,0,0,1,1,0,1,0,0,0,0,0,0,0,0,0,0,N,0,0,Y,0,0,0,0,0,0,0,0,0,1,0,0,Preliminary,Editor Mapped,568040.3168,2888485.9777,26.1139945785398,-80.319476598935
25921033,2024,17-MAY-2024 03:16 PM,17-MAY-2024 12:00 AM,24037313,L,1,2,10,34,Broward,Davie,Urban,5/17/2024 3:16:00 PM,5/17/2024 3:16:00 PM,5/17/2024 3:20:00 PM,5/17/2024 3:20:00 PM,Y,Law Enforcement,GRIFFIN RD,4600,,,,,,,Parking Lot,Curb,T-Intersection,N,Daylight,Clear,Dry,N,Other,Pedalcycle,On Roadway,N,Intersection-Related,None,,,None,,,N,,,,,OFFICER,Davie Police Department,Police Department (PD),5/21/2024 8:11:00 PM,5/23/2024 1:16:00 AM,4,Y,Bicycle,Bicycle,Serious Injury,Incapacitating Injury,DAY,N,N,N,N,N,N,Y,N,N,1,1,0,0,1,0,0,0,0,0,0,1,1,0,1,0,0,0,0,0,0,0,0,0,0,N,0,0,Y,1,0,1,0,0,0,1,500,500,1,0,0,Preliminary,Editor Mapped,579169.8362,2882903.4995,26.0630226921671,-80.2085088105826
25927256,2024,24-MAR-2024 09:44 PM,25-MAR-2024 03:51 AM,2024-31996,L,1,2,1,68,Miami-Dade,Miami Beach,Urban,3/24/2024 9:44:00 PM,3/24/2024 9:46:00 PM,3/24/2024 9:46:00 PM,3/24/2024 10:46:00 PM,Y,Law Enforcement,7TH ST,,25.77771,-80.13509,0,,EUCLID AVE,,Local,Paved,Four-Way Intersection,N,Dawn,Clear,Dry,N,Angle,Pedalcycle,On Roadway,N,Intersection,None,,,None,,,N,,,,,,Miami Beach Police Department,Police Department (PD),4/4/2024 7:24:00 PM,4/4/2024 7:24:00 PM,11,Y,Bicycle,Bicycle,Injury,Possible Injury,NIGHT,N,N,N,N,N,N,Y,N,N,1,1,1,0,0,0,0,0,0,0,0,1,1,0,1,0,0,0,0,0,0,0,0,0,0,N,0,0,Y,0,0,1,0,2,400,1,500,900,0,0,0,Preliminary,Editor Mapped,586741.8672,2851284.7223,25.7771043312708,-80.1349011484155
25927493,2024,22-OCT-2024 07:16 AM,22-OCT-2024 12:14 PM,2024-105705,L,1,4,1,68,Miami-Dade,Miami Beach,Urban,10/22/2024 7:17:00 AM,10/22/2024 7:17:00 AM,10/22/2024 7:25:00 AM,10/22/2024 8:17:00 AM,Y,Law Enforcement,MERIDIAN AVE,,,,0,,13TH ST,,Local,Paved,Not at Intersection,N,Daylight,Clear,Dry,N,Angle,Motor Vehicle in Transport,On Roadway,N,Non-Junction,None,,,None,,,N,,,,,,Miami Beach Police Department,Police Department (PD),10/31/2024 7:32:00 PM,10/31/2024 7:32:00 PM,9,Y,Single Vehicle,Other,Injury,Non-Incapacitating Injury,DAY,N,N,N,N,N,N,N,N,N,3,1,0,1,0,0,0,0,0,0,0,1,1,0,1,0,0,2,0,0,0,0,0,0,0,N,0,0,Y,0,0,0,0,2,600,1,800,1400,0,0,0,Preliminary,Editor Mapped,586594.0124,2852054.9193,25.7840672786546,-80.1363252499213
25927624,2024,05-APR-2024 01:27 PM,05-APR-2024 07:51 PM,2024-36084,L,1,3,1,68,Miami-Dade,Miami Beach,Urban,4/5/2024 1:29:00 PM,4/5/2024 1:30:00 PM,4/5/2024 1:30:00 PM,4/5/2024 4:00:00 PM,Y,Law Enforcement,11TH ST,,,,0,,WASHINGTON CT,,Local,Curb,T-Intersection,Y,Daylight,Clear,Dry,N,Angle,Motor Vehicle in Transport,On Roadway,N,Intersection,None,,,None,,,N,,,,,,Miami Beach Police Department,Police Department (PD),4/6/2024 7:23:00 PM,4/7/2024 7:13:00 PM,1,Y,Single Vehicle,Other,Serious Injury,Incapacitating Injury,DAY,N,N,N,N,N,Y,Y,N,N,2,1,0,0,1,0,0,0,0,0,0,1,1,0,1,1,0,1,0,0,0,0,0,0,0,N,0,0,Y,1,0,2,0,2,1000,1,800,1800,1,0,0,Verified,n/a,586882.8885,2851818.4344,25.7819149022284,-80.1334598239213
25927626,2024,05-JUL-2024 01:05 PM,06-JUL-2024 11:54 AM,2024-66570,L,1,2,1,68,Miami-Dade,Miami Beach,Urban,7/5/2024 1:13:00 PM,7/5/2024 2:28:00 PM,7/5/2024 2:29:00 PM,7/5/2024 3:30:00 PM,Y,Law Enforcement,SR A1A (COLLINS AVE),,25.85157,-80.12026,443,North,67TH ST,,State,Paved,Not at Intersection,N,Daylight,Clear,Dry,N,Angle,Pedalcycle,Outside Right-of-way,N,Non-Junction,None,,,Physical Obstruction(s),,,N,,,,,,Miami Beach Police Department,Police Department (PD),7/10/2024 9:53:00 PM,7/10/2024 9:53:00 PM,5,Y,Bicycle,Bicycle,Injury,Possible Injury,DAY,N,N,N,N,N,N,N,N,N,1,1,1,0,0,0,0,0,0,0,0,1,1,0,1,0,0,0,0,0,0,0,0,0,0,N,0,0,Y,0,0,0,0,0,0,0,0,0,0,0,0,Preliminary,Editor Mapped,588154.2485,2859566.8923,25.8517998177127,-80.1202641492478
25927660,2024,05-JAN-2024 05:13 PM,10-JAN-2024 09:46 PM,2024-1853,L,1,2,1,68,Miami-Dade,Miami Beach,Urban,1/5/2024 5:13:00 PM,1/5/2024 5:13:00 PM,1/5/2024 5:13:00 PM,1/5/2024 2:22:00 PM,Y,Law Enforcement,VENETIAN CSWY,,25.79101,-80.15708,484,East,VENETIAN RIVO ALTO WAY,,County,Paved,Not at Intersection,N,Dawn,Clear,Dry,N,Angle,Pedalcycle,Shoulder,N,Non-Junction,None,,,None,,,N,,,,,,Miami Beach Police Department,Police Department (PD),1/12/2024 7:35:00 PM,1/12/2024 7:35:00 PM,7,Y,Bicycle,Bicycle,Serious Injury,Incapacitating Injury,DAY,N,N,N,N,N,N,N,N,N,1,1,0,0,1,0,0,0,0,0,0,1,1,0,1,0,0,0,0,0,0,0,0,0,0,N,0,0,Y,1,0,2,0,0,0,0,0,0,1,0,0,Verified,n/a,584507.3826,2852813.3483,25.791037298959,-80.1570867331856
25927991,2024,11-MAY-2024 01:40 PM,11-MAY-2024 06:41 PM,2024-48785,L,1,2,1,68,Miami-Dade,Miami Beach,Urban,5/11/2024 1:40:00 PM,5/11/2024 1:40:00 PM,5/11/2024 1:43:00 PM,5/11/2024 3:10:00 PM,Y,Law Enforcement,SR 934 (71ST ST),,25.856,-80.12506,0,,DICKENS AVE,,State,Curb,Four-Way Intersection,N,Daylight,Clear,Dry,N,Other,Motor Vehicle in Transport,On Roadway,N,Intersection,None,,,None,,,N,,,,,,Miami Beach Police Department,Police Department (PD),5/16/2024 12:23:00 AM,5/16/2024 12:23:00 AM,5,Y,Single Vehicle,Other,Injury,Non-Incapacitating Injury,DAY,N,N,N,N,N,N,Y,N,N,1,1,0,1,0,0,0,0,0,0,0,1,1,0,1,0,0,0,0,0,0,0,0,0,0,N,0,0,Y,0,0,1,0,0,0,1,1000,1000,1,0,0,Preliminary,Editor Mapped,587671.0979,2860028.6712,25.8559983416591,-80.1250546172643
25928594,2024,12-SEP-2024 04:48 PM,18-SEP-2024 04:38 AM,2024-91351,L,1,3,1,68,Miami-Dade,Miami Beach,Urban,9/12/2024 4:50:00 PM,9/12/2024 4:52:00 PM,9/12/2024 4:53:00 PM,9/12/2024 7:00:00 PM,Y,Law Enforcement,SR 907 (ALTON RD),,25.77818,-80.14089,0,,8TH ST,,State,Paved,Four-Way Intersection,N,Daylight,Clear,Dry,N,Angle,Motor Vehicle in Transport,On Roadway,N,Intersection,None,,,None,,,N,,,,,,Miami Beach Police Department,Police Department (PD),9/20/2024 7:36:00 PM,9/20/2024 7:36:00 PM,8,Y,Single Vehicle,Other,Injury,Possible Injury,DAY,N,N,N,N,N,N,Y,N,N,2,1,1,0,0,0,0,0,0,0,0,1,1,0,1,0,0,1,0,0,0,0,0,0,0,N,0,0,Y,0,0,0,0,0,0,1,2000,2000,0,0,0,Preliminary,Editor Mapped,586132.2217,2851395.7964,25.7781432514072,-80.1409735307559
25928913,2024,14-OCT-2024 08:28 PM,15-OCT-2024 01:24 AM,2024-103020,L,1,2,1,68,Miami-Dade,Miami Beach,Urban,10/14/2024 8:30:00 PM,10/14/2024 8:30:00 PM,10/14/2024 8:30:00 PM,10/14/2024 8:35:00 PM,Y,Law Enforcement,MERIDIAN AVE,,25.77829,-80.13616,0,,8TH ST,,Local,Curb,Four-Way Intersection,N,Dark - Lighted,Clear,Dry,N,Angle,Pedalcycle,On Roadway,N,Intersection,None,,,None,,,N,,,,,,Miami Beach Police Department,Police Department (PD),10/17/2024 1:27:00 AM,10/17/2024 1:27:00 AM,3,Y,Bicycle,Bicycle,Injury,Possible Injury,NIGHT,N,N,N,N,N,N,Y,N,N,1,1,1,0,0,0,0,0,0,0,0,1,1,0,1,0,0,0,0,0,0,0,0,0,0,N,0,0,Y,0,0,1,0,0,0,1,1000,1000,0,0,0,Preliminary,Editor Mapped,586614.1231,2851414.8856,25.7782871579884,-80.1361665464111
25928962,2024,26-JAN-2024 06:22 PM,27-JAN-2024 12:32 AM,2024-10304,L,1,2,1,68,Miami-Dade,Miami Beach,Urban,1/26/2024 6:22:00 PM,1/26/2024 6:26:00 PM,1/26/2024 6:42:00 PM,1/26/2024 7:11:00 PM,Y,Law Enforcement,WEST AVE,,25.79175,-80.1425,93,South,16TH ST,,Local,Paved,Not at Intersection,N,Dark - Lighted,Clear,Dry,N,Angle,Motor Vehicle in Transport,On Roadway,N,Other,None,,,None,,,N,,,,,,Miami Beach Police Department,Police Department (PD),1/30/2024 7:52:00 PM,2/15/2024 1:30:00 AM,4,Y,Single Vehicle,Other,Injury,Possible Injury,DAY,N,N,N,N,N,N,N,N,N,1,1,1,0,0,0,0,0,0,0,0,1,1,0,1,0,0,0,0,0,0,0,0,0,0,N,0,0,Y,0,0,1,0,2,100,1,500,600,1,0,0,Preliminary,Editor Mapped,585970.2711,2852901.2359,25.7917455607388,-80.1424908302507
25929309,2024,06-OCT-2024 03:21 PM,06-OCT-2024 08:02 PM,2024-100342,L,1,2,1,68,Miami-Dade,Miami Beach,Urban,10/6/2024 3:21:00 PM,10/6/2024 3:22:00 PM,10/6/2024 3:26:00 PM,10/6/2024 4:02:00 PM,Y,Law Enforcement,15TH ST,,25.78599,-80.14067,47,East,SR 907 (ALTON RD),,Local,Paved,Not at Intersection,N,Daylight,Rain,Wet,N,Angle,Motor Vehicle in Transport,Off Roadway,N,Non-Junction,None,,,None,,,N,,,,,,Miami Beach Police Department,Police Department (PD),10/8/2024 7:46:00 PM,10/8/2024 7:46:00 PM,2,Y,Single Vehicle,Other,Injury,Possible Injury,DAY,N,N,N,N,N,N,N,N,N,1,1,1,0,0,0,0,0,0,0,0,1,1,0,1,0,0,0,0,0,0,0,0,0,0,N,0,0,Y,0,0,1,0,0,0,1,500,500,1,0,0,Preliminary,Editor Mapped,586127.1116,2852406.1943,25.7872665481187,-80.1409587755466
25930001,2024,09-SEP-2024 12:00 PM,09-SEP-2024 05:51 PM,2024-90244,L,1,2,1,68,Miami-Dade,Miami Beach,Urban,9/9/2024 12:00:00 PM,9/9/2024 1:03:00 PM,9/9/2024 1:04:00 PM,9/9/2024 3:30:00 PM,Y,Law Enforcement,16TH ST,,,,152,West,EUCLID AVE,,Local,Paved,Not at Intersection,N,Daylight,Clear,Dry,N,Angle,Motor Vehicle in Transport,On Roadway,N,Non-Junction,None,,,None,,,N,,,,,,Miami Beach Police Department,Police Department (PD),9/12/2024 1:24:00 AM,9/12/2024 1:24:00 AM,3,Y,Single Vehicle,Other,Injury,Non-Incapacitating Injury,DAY,N,N,N,N,N,N,N,N,N,1,1,0,1,0,0,0,0,0,0,0,1,1,0,1,0,0,0,0,0,0,0,0,0,0,N,0,0,Y,0,0,1,0,2,200,1,100,300,0,0,0,Preliminary,Editor Mapped,586639.4114,2852605.1991,25.7890331186182,-80.1358364786427
25930122,2024,15-NOV-2024 03:35 PM,15-NOV-2024 09:24 PM,2024-114782,L,1,2,1,68,Miami-Dade,Miami Beach,Urban,11/15/2024 3:37:00 PM,11/15/2024 3:40:00 PM,11/15/2024 3:44:00 PM,11/15/2024 4:05:00 PM,Y,Law Enforcement,73RD ST,,25.8584,-80.12183,105,East,SR A1A (HARDING AVE),,Local,Curb,Not at Intersection,N,Daylight,Clear,Dry,N,Angle,Motor Vehicle in Transport,On Roadway,N,Non-Junction,None,,,None,,,N,,,,,,Miami Beach Police Department,Police Department (PD),11/26/2024 8:29:00 PM,11/26/2024 8:29:00 PM,11,Y,Single Vehicle,Other,Injury,Non-Incapacitating Injury,DAY,N,N,N,N,N,N,N,N,N,1,1,0,1,0,0,0,0,0,0,0,1,1,0,1,1,0,0,0,0,0,0,0,0,0,N,0,0,Y,0,0,0,0,0,0,0,0,0,1,0,0,Preliminary,Editor Mapped,587993.5964,2860296.2301,25.8583946947438,-80.1218185785029
25930124,2024,05-NOV-2024 09:30 AM,05-NOV-2024 03:57 PM,2024-111087,L,1,2,1,68,Miami-Dade,Miami Beach,Urban,11/5/2024 9:35:00 AM,11/5/2024 9:37:00 AM,11/5/2024 9:38:00 AM,11/5/2024 11:00:00 AM,Y,Law Enforcement,MERIDIAN AVE,,,,0,,12TH ST,,Local,Curb,T-Intersection,N,Daylight,Cloudy,Dry,N,"Sideswipe, Same Direction",Motor Vehicle in Transport,On Roadway,N,Intersection,None,,,None,,,N,,,,,,Miami Beach Police Department,Police Department (PD),11/6/2024 11:00:00 PM,11/6/2024 11:00:00 PM,1,Y,Single Vehicle,Other,Injury,Possible Injury,DAY,N,N,N,N,N,N,Y,N,N,1,1,1,0,0,0,0,0,0,0,0,1,1,0,1,1,0,0,0,0,0,0,0,0,0,N,0,0,Y,0,0,1,0,0,0,1,1000,1000,1,0,0,Preliminary,Editor Mapped,586596.8171,2851918.1187,25.7828319263,-80.1363062250919
