REPORT_NUMBER,CRASH_YEAR,VEHICLE_NUMBER,PERSON_NUMBER,RECOMMENDED_RE_EXAM,DL_STATE,DL_TYPE,DRIVER_DISTRACTION_CODE,CONDITION_AT_TIME_OF_CRASH,REQUIRED_ENDORSEMENTS,VISION_OBSTRUCTED,INSURANCE_COMPANY,CITY,STATE,ZIP_CODE,SEX,HELMET_CODE,RESTRAINT_SYSTEM_CODE,EYE_PROTECTION_CODE,AIR_BAG_DEPLOYMENT_CODE,EJECTED,SUSPECTED_ALCOHOL_USE_CODE,ALCOHOL_TESTED_CODE,ALCOHOL_TEST_TYPE_CODE,ALCOHOL_TEST_RESULTS,BLOOD_ALCOHOL_CONTENT,SUSPECTED_DRUG_USE_CODE,DRUG_TESTED_CODE,DRUG_TEST_TYPE_CODE,DRUG_TEST_RESULTS,INJURY_SEVERITY,EMS_TRANSPORT_TYPE,DRIVER_ACTION_1,DRIVER_ACTION_2,DRIVER_ACTION_3,DRIVER_ACTION_4,S4_AGE_AT_TIME_OF_CRASH,S4_IS_AGGRESSIVE_DRIVING,S4_IS_ALCOHOL_RELATED,S4_IS_DRUG_RELATED,S4_IS_DISTRACTED,S4_IS_SPEEDING_RELATED,S4_IS_AGING_DRIVER,S4_IS_TEENAGER_DRIVER,S4_IS_UNRESTRAINED
89753538,2023,1,1,N,FL,E/Operator,Not Distracted,Apparently Normal,No Required Endorsements,Vision Not Obscured,PERMANENT GENERAL ASSURANCE CORPORATION,,,34668,Female,,Shoulder and Lap Belt Used,,Not Deployed,Not Ejected,N,Test Not Given,,,,N,Test Not Given,,,None,Not Transported,Other Contributing Action,,,,29,N,N,N,N,N,N,N,N
89756537,2023,1,1,N,FL,B,Not Distracted,Apparently Normal,No Required Endorsements,Parked/Stopped Vehicle,ALLSTATE FIRE AND CASUALTY INSURANCE COM,,,33579,Male,,Shoulder and Lap Belt Used,,Not Deployed,Not Ejected,N,Test Not Given,,,,N,Test Not Given,,,None,Not Transported,No Contributing Action,,,,52,N,N,N,N,N,N,N,N
89807746,2023,1,1,N,FL,E/Operator,Not Distracted,Apparently Normal,No Required Endorsements,Vision Not Obscured,STATE FARM MUTUAL AUTOMOBILE,,,33016,Female,,Shoulder and Lap Belt Used,,Not Deployed,Not Ejected,N,,,,,N,,,,None,Not Transported,Failed to Yield Right-of-Way,,,,59,N,N,N,N,N,N,N,N
89976121,2023,1,1,N,FL,E/Operator,Not Distracted,Apparently Normal,No Required Endorsements,Vision Not Obscured,PROGRESSIVE AMERICAN IN,,,33523,Male,,Shoulder and Lap Belt Used,,Not Deployed,Not Ejected,N,,,,,N,,,,None,Not Transported,No Contributing Action,,,,47,N,N,N,N,N,N,N,N
89976726,2023,1,1,N,FL,E/Operator,Not Distracted,Apparently Normal,No Required Endorsements,Vision Not Obscured,PROGRESSIVE SELECT INSU,,,33614,Male,,Shoulder and Lap Belt Used,,Not Deployed,Not Ejected,N,,,,,N,,,,None,Not Transported,Failed to Yield Right-of-Way,,,,48,N,N,N,N,N,N,N,N
89977170,2023,1,1,N,FL,E/Operator,Not Distracted,Apparently Normal,No Required Endorsements,Vision Not Obscured,NA,,,33610,Female,,Shoulder and Lap Belt Used,,Not Deployed,Not Ejected,N,,,,,N,,,,None,Not Transported,Failed to Yield Right-of-Way,,,,67,N,N,N,N,N,Y,N,N
90129420,2023,1,1,N,NV,C,Not Distracted,Apparently Normal,No Required Endorsements,Vision Not Obscured,NA,,,33130,Male,,Other,,Not Applicable,"Ejected, Totally",N,,,,,N,,,,Incapacitating,EMS,Other Contributing Action,,,,38,N,N,N,N,N,N,N,N
25930124,2024,1,2,N,FL,E/Operator,Not Distracted,Apparently Normal,No Required Endorsements,Vision Not Obscured,GEICO,MIAMI BEACH,FL,33139,Male,,Shoulder and Lap Belt Used,,Not Deployed,Not Ejected,N,,,,,N,,,,None,Not Transported,No Contributing Action,,,,76,N,N,N,N,N,Y,N,N
24027038,2024,1,1,N,GA,E/Operator,Not Distracted,Apparently Normal,No Required Endorsements,Vision Not Obscured,STATE FARM INSURANCE MUTUAL AUTOMOBILE INSURANCE COMPANY,LIZELLA,GA,31052,Male,,Shoulder and Lap Belt Used,,Not Deployed,Not Ejected,N,,,,,N,,,,None,Not Transported,No Contributing Action,,,,50,N,N,N,N,N,N,N,N
24027069,2024,1,1,N,FL,E/Operator,Not Distracted,Apparently Normal,No Required Endorsements,Vision Not Obscured,THE STANDARD FIRE INSUR,SOUTH DAYTONA,FL,32119,Male,,Shoulder and Lap Belt Used,,Not Deployed,Not Ejected,N,,,,,N,,,,None,Not Transported,No Contributing Action,,,,55,N,N,N,N,N,N,N,N
24027114,2024,1,1,N,FL,E/Operator,Not Distracted,Apparently Normal,No Required Endorsements,Vision Not Obscured,STATE FARM MUTUAL AUTOM,PORT ORANGE,FL,32129,Female,,Shoulder and Lap Belt Used,,Not Deployed,Not Ejected,N,,,,,N,,,,None,Not Transported,No Contributing Action,,,,76,N,N,N,N,N,Y,N,N
24480426,2024,1,1,N,FL,E/Operator,Not Distracted,Apparently Normal,,Vision Not Obscured,GEICO INDEMNITY COMPANY,KEY WEST,FL,33040,Male,,Shoulder and Lap Belt Used,,Not Deployed,Not Ejected,N,Test Not Given,,,,N,Test Not Given,,,None,Not Transported,Failed to Yield Right-of-Way,,,,35,N,N,N,N,N,N,N,N
24640191,2024,1,1,N,,None,Not Distracted,Apparently Normal,,Vision Not Obscured,DIRECT GENERAL INSURANCE,TAMPA,FL,33612,Female,,Shoulder and Lap Belt Used,,Not Deployed,Not Ejected,N,Test Not Given,,,,N,Test Not Given,,,None,Not Transported,Failed to Yield Right-of-Way,,,,54,N,N,N,N,N,N,N,N
24644005,2024,1,1,N,FL,E/Operator,Not Distracted,Under the Influence of Medications/Drugs/Alcohol,,Vision Not Obscured,PV HOLDING GROUP SLEF INSURED,TAMPA,FL,33647,Male,,Shoulder and Lap Belt Used,,Not Deployed,Not Ejected,N,Test Given,Breath,Completed,0,Y,Test Given,Urine,Pending,None,Not Transported,Operated MV in Careless or Negligent Manner,Failed to Yield Right-of-Way,,,32,N,N,Y,N,N,N,N,N
24741130,2024,1,1,N,UK,,Not Distracted,Apparently Normal,No Required Endorsements,Vision Not Obscured,UNKNOWN,UNK,UK,,Male,,Shoulder and Lap Belt Used,,Not Deployed,Not Ejected,N,,,,,N,,,,None,Not Transported,Operated MV in Careless or Negligent Manner,,,,,N,N,N,N,N,N,N,N
24741571,2024,1,1,N,,,Unknown,Unknown,,,UNKNOWN,UNKNOWN,UK,00000,Unknown,,,,,Unknown,,,,,,,,,,None,Unknown,Failed to Keep in Proper Lane,,,,,N,N,N,,N,N,N,N
25162578,2024,1,1,N,FL,E/Operator,Not Distracted,Apparently Normal,No Required Endorsements,Vision Not Obscured,STATE FARM MUTUAL AUTOMOBILE INSURA,HOLLYWOOD,FL,33020,Female,,Shoulder and Lap Belt Used,,Not Deployed,Not Ejected,N,,,,,N,,,,None,Not Transported,Other Contributing Action,,,,57,N,N,N,N,N,N,N,N
25163163,2024,1,1,N,FL,E/Operator - Restricted,Unknown,Unknown,No Required Endorsements,All Other,STATE FARM MUTUAL AUTOMOBILE INSURA,MIAMI,FL,33157,Male,,Shoulder and Lap Belt Used,,Not Deployed,Not Ejected,N,,,,,N,,,,None,Not Transported,Operated MV in Careless or Negligent Manner,,,,38,N,N,N,,N,N,N,N
25163950,2024,1,1,N,FL,E/Operator,Not Distracted,Apparently Normal,No Required Endorsements,Vision Not Obscured,STATE FARM MUTUAL AUTOMOBILE INSURA,PEMBROKE PINES,FL,33028,Male,,Shoulder and Lap Belt Used,,Not Deployed,Not Ejected,N,,,,,N,,,,None,Not Transported,Other Contributing Action,,,,18,N,N,N,N,N,N,Y,N
25164487,2024,1,1,N,FL,E/Operator,Not Distracted,Apparently Normal,No Required Endorsements,Vision Not Obscured,PROGRESSIVE SELECT INSURANCE COMPAN,LAUDERDALE LAKES,FL,33319,Male,,Shoulder and Lap Belt Used,,Not Deployed,Not Ejected,N,,,,,N,,,,None,Not Transported,Failed to Yield Right-of-Way,,,,32,N,N,N,N,N,N,N,N
25165366,2024,1,2,N,FL,E/Operator,Not Distracted,Apparently Normal,No Required Endorsements,Vision Not Obscured,PROGRESSIVE AMERICAN INSURANCE COMP,HOLLYWOOD,FL,33019,Female,,Shoulder and Lap Belt Used,,Not Deployed,Not Ejected,N,,,,,N,,,,None,Not Transported,Other Contributing Action,,,,87,N,N,N,N,N,Y,N,N
25165571,2024,1,1,N,FL,E/Operator,Unknown,Apparently Normal,No Required Endorsements,Vision Not Obscured,GEICO CASUALTY COMPANY,HOLLYWOOD,FL,33021,Female,No Helmet,Shoulder and Lap Belt Used,,Not Deployed,Not Ejected,N,,,,,N,,,,None,Not Transported,No Contributing Action,,,,39,N,N,N,,N,N,N,N
25165654,2024,1,1,N,FL,E/Operator,Not Distracted,Apparently Normal,No Required Endorsements,Vision Not Obscured,INFINITY INDEMNITY INSURANCE COMPAN,HOLLYWOOD,FL,33021,Female,,Shoulder and Lap Belt Used,,Not Deployed,Not Ejected,N,,,,,N,,,,Non-Incapacitating,Not Transported,No Contributing Action,,,,20,N,N,N,N,N,N,N,N
25166604,2024,1,1,N,FL,E/Operator,Not Distracted,Apparently Normal,No Required Endorsements,Vision Not Obscured,STATE FARM MUTUAL AUTOMOBILE INSURA,HALLANDALE BEACH,FL,33009,Female,,Shoulder and Lap Belt Used,,Not Deployed,Not Ejected,N,,,,,N,,,,None,Not Transported,No Contributing Action,,,,18,N,N,N,N,N,N,Y,N
25166822,2024,1,1,N,FL,E/Operator,Not Distracted,Apparently Normal,No Required Endorsements,Vision Not Obscured,ACE AMERICAN INSURANCE COMPANY,PEMBROKE PINES,FL,33029,Male,,Shoulder and Lap Belt Used,,Not Deployed,Not Ejected,N,,,,,N,,,,None,Not Transported,Failed to Yield Right-of-Way,,,,55,N,N,N,N,N,N,N,N
25167267,2024,1,1,N,FL,E/Operator,Not Distracted,Apparently Normal,No Required Endorsements,Vision Not Obscured,STATE FARM MUTUAL AUTOMOBILE INSURA,TAMARAC,FL,33321,Male,,Shoulder and Lap Belt Used,,Not Deployed,Not Ejected,N,,,,,N,,,,None,Not Transported,No Contributing Action,,,,47,N,N,N,N,N,N,N,N
25167523,2024,1,1,N,FL,E/Operator,Not Distracted,Apparently Normal,No Required Endorsements,Vision Not Obscured,SELF INSURED,HOLLYWOOD,FL,33020,Male,,Shoulder and Lap Belt Used,,Not Applicable,Not Ejected,N,,,,,N,,,,None,Not Transported,Other Contributing Action,,,,30,N,N,N,N,N,N,N,N
25360912,2024,1,1,N,FL,A,Not Distracted,Apparently Normal,Yes,Vision Not Obscured,GREENWICH INS CO,ROCKLEDGE,FL,32955,Male,,Shoulder and Lap Belt Used,,Not Applicable,Not Ejected,N,,,,,N,,,,None,Not Transported,No Contributing Action,,,,36,N,N,N,N,N,N,N,N
25360993,2024,1,1,N,FL,E/Operator,Not Distracted,Apparently Normal,No Required Endorsements,Vision Not Obscured,GEICO CASUALTY COMPANY,WEST MELBOURNE,FL,32904,Male,,Shoulder and Lap Belt Used,,Not Applicable,Not Ejected,N,,,,,N,,,,None,Not Transported,Failed to Yield Right-of-Way,,,,25,N,N,N,N,N,N,N,N
25372206,2024,1,1,N,FL,E/Operator,Not Distracted,Apparently Normal,No Required Endorsements,Vision Not Obscured,PROGRESSIVE SELECT INSU,TALLAHASSEE,FL,32301,Female,,Shoulder and Lap Belt Used,,Not Deployed,Not Ejected,N,,,,,N,,,,None,Not Transported,Failed to Yield Right-of-Way,,,,20,N,N,N,N,N,N,N,N
25373600,2024,1,1,N,FL,E/Operator,Not Distracted,Apparently Normal,No Required Endorsements,Vision Not Obscured,PROGRESSIVE AMERICAN IN,TALLAHASSEE,FL,32305,Female,,Shoulder and Lap Belt Used,,Not Deployed,Not Ejected,N,,,,,N,,,,None,Not Transported,No Contributing Action,,,,49,N,N,N,N,N,N,N,N
25374359,2024,1,1,,,,Unknown,Unknown,,,,,,,,,,,,Unknown,,,,,,,,,,,Unknown,,,,,,N,N,N,,N,N,N,N
25497809,2024,1,1,N,FL,E/Operator,Not Distracted,Apparently Normal,No Required Endorsements,Vision Not Obscured,USAA CASUALTY INSURANCE,OAK HILL,FL,32759,Male,,Shoulder and Lap Belt Used,,Not Deployed,Not Ejected,N,,,,,N,,,,None,Not Transported,Failed to Yield Right-of-Way,,,,66,N,N,N,N,N,Y,N,N
25569335,2024,1,1,N,FL,E/Operator,Not Distracted,Apparently Normal,No Required Endorsements,Vision Not Obscured,GEICO CHOICE INSURANCE,ORLANDO,FL,32806,Male,,Shoulder and Lap Belt Used,,Not Deployed,Not Ejected,N,,,,,N,,,,None,Not Transported,Other Contributing Action,,,,64,N,N,N,N,N,N,N,N
25569426,2024,1,1,N,WA,E/Operator - Restricted,Not Distracted,Apparently Normal,No Required Endorsements,Vision Not Obscured,NATIONAL GENERAL INSURANCE,ORLANDO,FL,32839,Male,,Shoulder and Lap Belt Used,,Not Deployed,Not Ejected,N,,,,,N,,,,None,Not Transported,Ran Stop Sign,,,,33,N,N,N,N,N,N,N,N
25569772,2024,1,1,N,FL,E/Operator,Not Distracted,Apparently Normal,No Required Endorsements,Vision Not Obscured,ASSURANCEAMERICA INSURA,ORLANDO,FL,32839,Male,,Shoulder and Lap Belt Used,,Not Deployed,Not Ejected,N,,,,,N,,,,None,Not Transported,No Contributing Action,,,,39,N,N,N,N,N,N,N,N
25569828,2024,1,1,N,FL,E/Operator,Not Distracted,Apparently Normal,No Required Endorsements,Vision Not Obscured,PROGRESSIVE AMERICAN IN,WINTER GARDEN,FL,34787,Female,,Shoulder and Lap Belt Used,,Not Deployed,Not Ejected,N,,,,,N,,,,None,Not Transported,,,,,47,N,N,N,N,N,N,N,N
25631188,2024,1,1,,FL,E/Operator,Not Distracted,Apparently Normal,No Required Endorsements,Vision Not Obscured,GEICO GENERAL INSURANCE COMPANY,MIAMI,FL,33134,Female,,Shoulder and Lap Belt Used,,Not Deployed,Not Ejected,N,,,,,N,,,,None,Not Transported,No Contributing Action,,,,37,N,N,N,N,N,N,N,N
25642155,2024,1,1,N,FL,E/Operator,Inattentive,Emotional,No Required Endorsements,Vision Not Obscured,UNITED AUTOMOBILE INSURANCE,Palm Coast,FL,32137,Male,No Helmet,Restraint Used - Type Unknown,,Not Deployed,Not Ejected,N,Test Not Given,,,,N,Test Not Given,,,None,Not Transported,Followed Too Closely,,,,35,N,N,N,Y,N,N,N,N
25642563,2024,1,1,N,FL,E/Operator,Not Distracted,Apparently Normal,No Required Endorsements,Vision Not Obscured,STATEFARM,Bunnell,FL,32110,Female,No Helmet,Shoulder and Lap Belt Used,,Not Deployed,Not Ejected,N,Test Not Given,,,,N,Test Not Given,,,None,Not Transported,No Contributing Action,,,,29,N,N,N,N,N,N,N,N
25669973,2024,1,1,N,FL,E/Operator,Not Distracted,Apparently Normal,No Required Endorsements,Vision Not Obscured,STATEFARM,JACKSONVILLE,FL,32258,Female,,Shoulder and Lap Belt Used,,Not Deployed,Not Ejected,N,,,,,N,,,,None,Not Transported,No Contributing Action,,,,42,N,N,N,N,N,N,N,N
25692409,2024,1,1,N,FL,E/Operator,Not Distracted,Apparently Normal,No Required Endorsements,Vision Not Obscured,ALLSTATE FIRE AND CASUA,ORANGE CITY,FL,32763,Male,,Shoulder and Lap Belt Used,,Not Deployed,Not Ejected,N,,,,,N,,,,None,Not Transported,Improper Turn,,,,33,N,N,N,N,N,N,N,N
25692498,2024,1,1,N,FL,E/Operator,Not Distracted,Apparently Normal,No Required Endorsements,Vision Not Obscured,STATE FARM MUTUAL AUTOM,DELTONA,FL,32725,Female,,Shoulder and Lap Belt Used,,Not Deployed,Not Ejected,N,,,,,N,,,,None,Not Transported,No Contributing Action,,,,63,N,N,N,N,N,N,N,N
25692512,2024,1,1,N,FL,E/Operator,Not Distracted,Apparently Normal,No Required Endorsements,Vision Not Obscured,PROGRESSIVE SELECT INSU,ORMOND BEACH,FL,32174,Female,,Shoulder and Lap Belt Used,,Not Deployed,Not Ejected,N,,,,,N,,,,None,Not Transported,No Contributing Action,,,,38,N,N,N,N,N,N,N,N
25696331,2024,1,1,,,,Unknown,Unknown,,,,,,,,,,,,Unknown,,,,,,,,,,,Unknown,,,,,,N,N,N,,N,N,N,N
25718049,2024,1,1,N,FL,E/Operator,Not Distracted,Apparently Normal,No,Vision Not Obscured,GEICO CASUALTY COMPANY,HALLANDALE BEACH,FL,33009,Female,No Helmet,Shoulder and Lap Belt Used,,Not Deployed,Not Ejected,N,,,,,N,,,,None,Not Transported,No Contributing Action,,,,53,N,N,N,N,N,N,N,N
25718058,2024,1,1,N,FL,E/Operator,Not Distracted,Apparently Normal,No,Vision Not Obscured,STATE FARM MUTUAL AUTOMOBILE INSURA,NORTH MIAMI BEACH,FL,33162,Male,No Helmet,Shoulder and Lap Belt Used,,Not Deployed,Not Ejected,N,,,,,N,,,,None,Not Transported,Other Contributing Action,,,,27,N,N,N,N,N,N,N,N
25724800,2024,1,1,N,FL,E/Operator,Not Distracted,Apparently Normal,,Vision Not Obscured,STATE FARM,NAVARRE,FL,32566,Male,,Shoulder and Lap Belt Used,,Not Deployed,Not Ejected,N,Test Not Given,,,,N,Test Not Given,,,None,Not Transported,No Contributing Action,,,,19,N,N,N,N,N,N,Y,N
25732091,2024,1,1,N,FL,E/Operator,Not Distracted,Apparently Normal,No Required Endorsements,Vision Not Obscured,THE STANDARD FIRE INSUR,MIAMI,FL,33147,Male,,Shoulder and Lap Belt Used,,Not Deployed,Not Ejected,N,,,,,N,,,,None,Not Transported,Operated MV in Careless or Negligent Manner,Improper Turn,,,48,N,N,N,N,N,N,N,N
25751092,2024,1,1,N,UK,None,Inattentive,Apparently Normal,No,Vision Not Obscured,PEERLESS INS CO,ORANGE PARK,FL,32073,Female,No Helmet,Shoulder and Lap Belt Used,,Not Deployed,Not Ejected,N,,,,,N,,,,None,Not Transported,Failed to Yield Right-of-Way,,,,24,N,N,N,Y,N,N,N,N
25800991,2024,1,1,N,FL,E/Operator,Not Distracted,Apparently Normal,No Required Endorsements,Vision Not Obscured,GEICO GENERAL INSURANCE,PALM BEACH GARDENS,FL,33410,Male,,Shoulder and Lap Belt Used,,Not Deployed,Not Ejected,N,,,,,N,,,,None,Not Transported,Failed to Yield Right-of-Way,,,,56,N,N,N,N,N,N,N,N
25801643,2024,1,1,N,FL,E/Operator,Inattentive,Apparently Normal,No Required Endorsements,Vision Not Obscured,PROGRESSIVE SELECT INSU,PORT ST LUCIE,FL,34987,Female,,Shoulder and Lap Belt Used,,Not Deployed,Not Ejected,N,,,,,N,,,,None,Not Transported,No Contributing Action,,,,73,N,N,N,Y,N,Y,N,N
25821509,2024,1,1,N,FL,E/Operator,Not Distracted,Apparently Normal,No Required Endorsements,Trees/Crops/Bushes,STATE FARM FIRE AND CAS,LAKELAND,FL,33810,Female,,Shoulder and Lap Belt Used,,Not Deployed,Not Ejected,N,,,,,N,,,,None,Not Transported,Other Contributing Action,,,,56,N,N,N,N,N,N,N,N
25821587,2024,1,1,N,FL,E/Operator,Not Distracted,Apparently Normal,No Required Endorsements,Vision Not Obscured,GEICO CASUALTY COMPANY,LAKELAND,FL,33805,Male,,Shoulder and Lap Belt Used,,Not Deployed,Not Ejected,N,,,,,N,,,,None,Not Transported,Failed to Yield Right-of-Way,,,,37,N,N,N,N,N,N,N,N
25829190,2024,1,1,N,UK,None,Unknown,Apparently Normal,No Required Endorsements,Vision Not Obscured,,,,,Unknown,No Helmet,Other,,Deployment Unknown,Not Ejected,,"Unknown, if Tested",Other,Unknown,0,,"Unknown, if Tested",Other,Unknown,None,Not Transported,No Contributing Action,,,,,N,N,N,,N,N,N,N
25834021,2024,1,1,,,,Unknown,Unknown,,,,,,,,,,,,Unknown,,,,,,,,,,,Unknown,,,,,,N,N,N,,N,N,N,N
25843571,2024,1,1,,FL,E/Operator,Not Distracted,Apparently Normal,No,Vision Not Obscured,DIRECT GENERAL INSURANCE COMPANY,ORLANDO,FL,32812,Male,No Helmet,Shoulder and Lap Belt Used,,Not Deployed,Not Ejected,N,,,,,N,,,,None,Not Transported,No Contributing Action,,,,44,N,N,N,N,N,N,N,N
25844320,2024,1,1,N,FL,E/Operator,Not Distracted,Apparently Normal,No Required Endorsements,Vision Not Obscured,GEICO INSURANCE COMPANY,COCOA BEACH,FL,32931,Female,,Shoulder and Lap Belt Used,,Not Deployed,Not Ejected,N,,,,,N,,,,None,Not Transported,No Contributing Action,,,,45,N,N,N,N,N,N,N,N
25880685,2024,1,1,,FL,E/Operator,Not Distracted,Apparently Normal,No Required Endorsements,Vision Not Obscured,INFINITY AUTO INSURANCE COMPANY,CUTLER BAY,FL,33190,Female,,Shoulder and Lap Belt Used,,Not Applicable,Not Ejected,N,,,,,N,,,,None,Not Transported,Operated MV in Careless or Negligent Manner,,,,20,N,N,N,N,N,N,N,N
25882117,2024,1,1,,OT,,Unknown,Unknown,No,Vision Not Obscured,UNKNOWN,UNKNOWN,OT,UNKNOW,Unknown,No Helmet,Restraint Used - Type Unknown,,Deployment Unknown,Unknown,,"Unknown, if Tested",,,,,"Unknown, if Tested",,,None,Not Transported,Improper Turn,Ran Stop Sign,,,,N,N,N,,N,N,N,N
25882395,2024,1,1,,FL,E/Operator,Not Distracted,Apparently Normal,No Required Endorsements,Vision Not Obscured,PROGRESSIVE SELECT INSURANCE COMPANY,CUTLER BAY,FL,33157,Male,,Shoulder and Lap Belt Used,,Not Deployed,Not Ejected,N,,,,,N,,,,None,Not Transported,No Contributing Action,,,,55,N,N,N,N,N,N,N,N
25882543,2024,1,1,,FL,E/Operator,Not Distracted,Apparently Normal,No,Vision Not Obscured,FARMERS CASUALTY INSURANCE COMPANY,PALMETTO BAY,FL,33157,Female,No Helmet,Shoulder and Lap Belt Used,N,Not Deployed,Not Ejected,N,,,,,N,,,,None,Not Transported,Other Contributing Action,,,,62,N,N,N,N,N,N,N,N
25882621,2024,1,1,,FL,,Unknown,Unknown,No,Vision Not Obscured,OCEAN HARBOR CASUALTY,MIAMI,FL,33150,Female,No Helmet,Restraint Used - Type Unknown,,Deployment Unknown,Not Ejected,,,,,,,,,,None,Not Transported,No Contributing Action,No Contributing Action,No Contributing Action,No Contributing Action,36,N,N,N,,N,N,N,N
25882985,2024,1,1,,OT,None,Unknown,Unknown,No Required Endorsements,All Other,UNK,UNK,OT,UK,Unknown,,Other,,Deployment Unknown,Unknown,,,,,,,,,,None,Unknown,Other Contributing Action,,,,,N,N,N,,N,N,N,N
25883788,2024,1,1,,FL,E/Operator,Not Distracted,Apparently Normal,No Required Endorsements,Vision Not Obscured,GEICO GENERAL INSURANCE COMPANY,HOMESTEAD,FL,33033,Female,,Shoulder and Lap Belt Used,,Not Deployed,Not Ejected,N,,,,,N,,,,None,Not Transported,No Contributing Action,,,,18,N,N,N,N,N,N,Y,N
25884242,2024,2,2,,FL,E/Operator,Not Distracted,Apparently Normal,No Required Endorsements,Vision Not Obscured,PROGRESSIVE SELECT INSURANCE COMPANY,MIAMI,FL,33193,Female,No Helmet,Shoulder and Lap Belt Used,,Not Deployed,Not Ejected,N,,,,,N,,,,None,Not Transported,Other Contributing Action,,,,37,N,N,N,N,N,N,N,N
25884278,2024,2,2,,FL,E/Operator,Not Distracted,Apparently Normal,No,Vision Not Obscured,SECURITY NATIONAL INSURANCE COMPANY,MIAMI,FL,33169,Male,,Shoulder and Lap Belt Used,,Not Deployed,Not Ejected,N,,,,,N,,,,None,Not Transported,No Contributing Action,,,,34,N,N,N,N,N,N,N,N
25884293,2024,2,2,,FL,E/Operator,Not Distracted,Apparently Normal,No Required Endorsements,Vision Not Obscured,PROGRESSIVE AMERICAN INSURANCE COMPANY,NORTH MIAMI,FL,33181,Male,,Shoulder and Lap Belt Used,,Not Deployed,Not Ejected,N,,,,,N,,,,None,Not Transported,No Contributing Action,,,,67,N,N,N,N,N,Y,N,N
25885053,2024,1,1,,FL,E/Operator,Unknown,Apparently Normal,No Required Endorsements,Vision Not Obscured,PROGRESSIVE SELECT INSURANCE COMPANY,MIAMI,FL,33177,Female,No Helmet,Shoulder and Lap Belt Used,,Not Deployed,Not Ejected,N,,,,,N,,,,None,Not Transported,Failed to Yield Right-of-Way,,,,63,N,N,N,,N,N,N,N
25888364,2024,1,1,,FL,E/Operator,Not Distracted,Apparently Normal,No Required Endorsements,Vision Not Obscured,INFINITY AUTO INSURANCE COMPANY,HOMESTEAD,FL,33030,Female,No Helmet,Shoulder and Lap Belt Used,,Not Deployed,Not Ejected,N,,,,,N,,,,None,Not Transported,Other Contributing Action,,,,22,N,N,N,N,N,N,N,N
25890959,2024,1,1,,FL,E/Operator,Not Distracted,Apparently Normal,No Required Endorsements,Vision Not Obscured,PROGRESSIVE AMERICAN INSURANCE COMPANY POLICY,CUTLER BAY,FL,33157,Female,No Helmet,Shoulder and Lap Belt Used,,Not Deployed,Not Ejected,N,,,,,N,,,,None,Not Transported,Operated MV in Careless or Negligent Manner,,,,64,N,N,N,N,N,N,N,N
25897328,2024,1,1,N,NM,E/Operator,Not Distracted,Apparently Normal,,All Other,STATEFARM AUTO INS.,CRESTVIEW,FL,32539,Female,,Shoulder and Lap Belt Used,,Not Deployed,Not Ejected,N,Test Not Given,,,,N,Test Not Given,,,None,Not Transported,No Contributing Action,,,,43,N,N,N,N,N,N,N,N
25903015,2024,1,1,N,,,,,,,,,,,Unknown,,,,,,,,,,,,,,,,,,,,,,N,N,N,,N,N,N,N
25903230,2024,1,2,N,FL,E/Operator,Not Distracted,Apparently Normal,No Required Endorsements,Building/Fixed Object,PROGRESSIVE SELECT INSURANCE COMPAN,POMPANO BEACH,FL,33073,Female,,Shoulder and Lap Belt Used,,Not Deployed,Not Ejected,N,,,,,N,,,,None,Not Transported,No Contributing Action,,,,48,N,N,N,N,N,N,N,N
25910727,2024,1,1,N,FL,E/Operator,Not Distracted,Apparently Normal,No,Vision Not Obscured,GOVERNMENT EMPLOYEES INSURANCE COMP,PORT SAINT LUCIE,FL,34953,Female,No Helmet,Shoulder and Lap Belt Used,N,Not Deployed,Not Ejected,N,,,,,N,,,,None,Not Transported,No Contributing Action,,,,62,N,N,N,N,N,N,N,N
25916304,2024,1,1,N,FL,E/Operator,Not Distracted,Apparently Normal,No Required Endorsements,Vision Not Obscured,ALLSTATE FIRE AND CASUA,JENSEN BCH,FL,34957,Female,,Shoulder and Lap Belt Used,,Not Deployed,Not Ejected,N,,,,,N,,,,None,Not Transported,No Contributing Action,,,,56,N,N,N,N,N,N,N,N
25916416,2024,1,1,N,FL,E/Operator,Not Distracted,Apparently Normal,No Required Endorsements,Vision Not Obscured,PROGRESSIVE SELECT INSU,STUART,FL,34997,Female,,Shoulder and Lap Belt Used,,Not Deployed,Not Ejected,N,,,,,N,,,,None,Not Transported,No Contributing Action,,,,56,N,N,N,N,N,N,N,N
25916434,2024,1,1,N,FL,E/Operator,Not Distracted,Apparently Normal,No Required Endorsements,Vision Not Obscured,STATE FARM MUTUAL AUTOMOBILE,STUART,FL,34997,Female,,Shoulder and Lap Belt Used,,Not Deployed,Not Ejected,N,,,,,N,,,,None,Not Transported,Operated MV in Careless or Negligent Manner,,,,83,N,N,N,N,N,Y,N,N
25919493,2024,1,1,N,FL,E/Operator,Inattentive,Apparently Normal,No Required Endorsements,Vision Not Obscured,PROGRESSIVE AMERICAN INSURANCE COMP,CORAL SPRINGS,FL,33071,Female,No Helmet,Shoulder and Lap Belt Used,,Not Deployed,Not Ejected,N,,,,,N,,,,None,Not Transported,Other Contributing Action,,,,74,N,N,N,Y,N,Y,N,N
25919557,2024,1,1,N,FL,E/Operator,Inattentive,Apparently Normal,No Required Endorsements,Vision Not Obscured,GEICO GENERAL INSURANCE COMPANY,HOLLYWOOD,FL,33020,Male,No Helmet,Shoulder and Lap Belt Used,,Not Deployed,Not Ejected,N,,,,,N,,,,None,Not Transported,Failed to Yield Right-of-Way,,,,44,N,N,N,Y,N,N,N,N
25920060,2024,1,1,N,FL,E/Operator,Inattentive,Apparently Normal,No Required Endorsements,Glare,PROGRESSIVE AMERICAN INSURANCE COMP,PLANTATION,FL,33324,Female,No Helmet,Shoulder and Lap Belt Used,,Not Deployed,Not Ejected,N,,,,,N,,,,None,Not Transported,Failed to Yield Right-of-Way,,,,28,N,N,N,Y,N,N,N,N
25920709,2024,1,2,N,FL,E/Operator,Not Distracted,Apparently Normal,No Required Endorsements,Vision Not Obscured,INCLINE CASUALTY COMPANY,DAVIE,FL,33325,Female,No Helmet,Shoulder and Lap Belt Used,,Not Deployed,Not Ejected,N,,,,,N,,,,None,Not Transported,Other Contributing Action,,,,23,N,N,N,N,N,N,N,N
25921033,2024,1,1,N,FL,E/Operator,Not Distracted,Apparently Normal,No Required Endorsements,Vision Not Obscured,SENTRY INSURANCE COMPANY,FORT LAUDERDALE,FL,33308,,No Helmet,Shoulder and Lap Belt Used,,Not Deployed,Not Ejected,N,,,,,N,,,,None,Not Transported,Failed to Yield Right-of-Way,,,,60,N,N,N,N,N,N,N,N
25927256,2024,1,1,N,FL,,Not Distracted,Apparently Normal,,Vision Not Obscured,OCEAN HARBOR CASUALTY,MIAMI,FL,33055,Male,,Shoulder and Lap Belt Used,,Not Deployed,Not Ejected,N,,,,,N,,,,None,Not Transported,No Contributing Action,,,,45,N,N,N,N,N,N,N,N
25927493,2024,1,1,N,FL,E/Operator,Not Distracted,Apparently Normal,No,Vision Not Obscured,PROGRESSIVE INSURANCE COMPANY,MIAMI,FL,33139,Female,,Shoulder and Lap Belt Used,,Not Deployed,Not Ejected,N,,,,,N,,,,None,Not Transported,No Contributing Action,,,,44,N,N,N,N,N,N,N,N
25927624,2024,1,1,N,CA,E/Operator,Not Distracted,Unknown,No Required Endorsements,Vision Not Obscured,SELF INSURED,HEM,CA,,Male,,Shoulder and Lap Belt Used,,Not Deployed,Not Ejected,,Test Not Given,,,,,Test Not Given,,,None,Not Transported,Operated MV in Careless or Negligent Manner,Failed to Yield Right-of-Way,,,75,N,N,N,N,N,Y,N,N
25927626,2024,1,1,N,FL,E/Operator,Not Distracted,Apparently Normal,No,Parked/Stopped Vehicle,GEICO,MIAMI,FL,33175,Female,,Shoulder and Lap Belt Used,,Not Deployed,Not Ejected,N,,,,,N,,,,None,Not Transported,No Contributing Action,,,,57,N,N,N,N,N,N,N,N
25927660,2024,1,1,N,FL,E/Operator - Restricted,Not Distracted,Apparently Normal,No Required Endorsements,Vision Not Obscured,UNK,MIAMI,FL,33132,Female,,Shoulder and Lap Belt Used,,Not Deployed,Not Ejected,N,,,,,N,,,,None,Not Transported,Operated MV in Careless or Negligent Manner,Failed to Yield Right-of-Way,,,41,N,N,N,N,N,N,N,N
25927991,2024,1,2,N,FL,E/Operator,Not Distracted,Apparently Normal,No Required Endorsements,Vision Not Obscured,PROGRESSIVE,PLANTATION,FL,33322,Female,,Shoulder and Lap Belt Used,,Not Deployed,Not Ejected,N,,,,,N,,,,None,Not Transported,No Contributing Action,,,,57,N,N,N,N,N,N,N,N
25928594,2024,1,2,N,CA,C,Not Distracted,Apparently Normal,No,Vision Not Obscured,TESLA INSURANCE,LOS ANGELES,CA,90019,Male,,Shoulder and Lap Belt Used,,Not Deployed,Not Ejected,N,,,,,N,,,,None,Not Transported,No Contributing Action,,,,26,N,N,N,N,N,N,N,N
25928913,2024,1,2,N,FL,E/Operator,Not Distracted,Apparently Normal,No Required Endorsements,Vision Not Obscured,SELF INSURED,MIAMI BEACH,FL,33139,Female,,Shoulder and Lap Belt Used,,Not Deployed,Not Ejected,N,,,,,N,,,,None,Not Transported,No Contributing Action,,,,28,N,N,N,N,N,N,N,N
25928962,2024,1,1,N,FL,E/Operator,Unknown,Apparently Normal,No,Vision Not Obscured,GEICO,MIAMI BEACH,FL,33139,Female,,Shoulder and Lap Belt Used,,Not Deployed,Not Ejected,N,,,,,N,,,,None,Not Transported,Operated MV in Careless or Negligent Manner,,,,31,N,N,N,,N,N,N,N
25929309,2024,1,2,N,FL,E/Operator,Not Distracted,Apparently Normal,No,Vision Not Obscured,GIECO,MMIAMI,FL,33130,Male,No Helmet,Shoulder and Lap Belt Used,N,Not Deployed,Not Ejected,N,,,,,N,,,,None,Not Transported,No Contributing Action,,,,53,N,N,N,N,N,N,N,N
25930001,2024,1,1,N,FL,E/Operator,Not Distracted,Apparently Normal,No Required Endorsements,Vision Not Obscured,GEICO INS,CORAL GABLES,FL,33134,Male,,Shoulder and Lap Belt Used,,Not Deployed,Not Ejected,N,,,,,N,,,,None,Not Transported,No Contributing Action,,,,43,N,N,N,N,N,N,N,N
25930122,2024,1,2,N,FL,E/Operator,Not Distracted,Apparently Normal,No Required Endorsements,Vision Not Obscured,ALLSTATE,MIAMI BEACH,FL,33141,Male,,Shoulder Belt Only Used,,Not Deployed,Not Ejected,N,,,,,N,,,,None,Not Transported,No Contributing Action,,,,73,N,N,N,N,N,Y,N,N
