REPORT_NUMBER,CRASH_YEAR,PERSON_NUMBER,LOCATION_AT_TIME_OF_CRASH_CODE,ACTION_PRIOR_TO_CRASH_CODE,NON_MOTORIST_DESCRIPTION_CODE,CITY,STATE,ZIP_CODE,SEX,SUSPECTED_ALCOHOL_USE_CODE,ALCOHOL_TESTED_CODE,ALCOHOL_TEST_TYPE_CODE,ALCOHOL_TEST_RESULT,BLOOD_ALCOHOL_CONTENT,SUSPECTED_DRUG_USE_CODE,DRUG_TESTED_CODE,DRUG_TEST_TYPE_CODE,DRUG_TEST_RESULT,INJURY_SEVERITY,EMS_TRANSPORT_TYPE,NON_MOTORIST_ACTIONS_CIRCUMSTANCES_1,NON_MOTORIST_ACTIONS_CIRCUMSTANCES_2,SAFETY_EQUIPMENT_CODE_1,SAFETY_EQUIPMENT_CODE_2,S4_AGE_AT_TIME_OF_CRASH,S4_IS_ALCOHOL_RELATED,S4_IS_DRUG_RELATED,S4_IS_AGING,S4_IS_TEENAGER
89753538,2023,4,Intersection - Marked Crosswalk,Crossing Roadway,Other Cyclist,,,34668,Female,N,Test Not Given,,,,N,Test Not Given,,,Non-Incapacitating,EMS,Other,,Lighting,,47,N,N,N,N
89756537,2023,2,Driveway Access,Other,Other Cyclist,,,33569,Male,N,Test Not Given,,,,N,Test Not Given,,,Non-Incapacitating,Not Transported,Other,,None,,20,N,N,N,N
89807746,2023,2,Intersection - Marked Crosswalk,Walking/Cycling on Sidewalk,Other Cyclist,,,33016,Female,N,,,,,N,,,,Incapacitating,EMS,No Improper Action,,Protective Pads,,36,N,N,N,N
25930124,2024,1,Intersection - Other,Walking/Cycling Along Roadway With Traffic,Other Cyclist,MIAMI BEACH,FL,33139,Male,N,,,,,N,,,,Possible,EMS,Other,,None,,41,N,N,N,N
89976121,2023,2,Shared-Use Path or Trail,Crossing Roadway,Other Cyclist,,,33607,Female,N,,,,,N,,,,None,Not Transported,Failure to Yield Right-of-Way,No Improper Action,None,,41,N,N,N,N
89976726,2023,2,Intersection - Marked Crosswalk,Walking/Cycling on Sidewalk,Other Cyclist,,,33549,Male,N,,,,,N,,,,Incapacitating,EMS,No Improper Action,,None,,52,N,N,N,N
89977170,2023,2,Intersection - Marked Crosswalk,Crossing Roadway,Other Cyclist,,,33617,Female,N,,,,,N,,,,Possible,EMS,No Improper Action,,None,,17,N,N,N,Y
90129420,2023,3,Intersection - Marked Crosswalk,Other,Other Cyclist,,,33012,Male,N,,,,,N,,,,None,Not Transported,Other,,None,,24,N,N,N,N
24027038,2024,2,Intersection - Unmarked Crosswalk,Crossing Roadway,Other Cyclist,DAYTONA BEACH,FL,32119,Female,N,,,,,N,,,,Possible,EMS,Failure to Yield Right-of-Way,,None,,16,N,N,N,Y
24027069,2024,3,Bicycle Lane,Adjacent to Roadway,Other Cyclist,DAYTONA BEACH,FL,32114,Male,N,,,,,N,,,,Non-Incapacitating,Not Transported,Wrong-Way Riding or Walking,,None,,16,N,N,N,Y
24027114,2024,2,Intersection - Unmarked Crosswalk,Walking/Cycling on Sidewalk,Other Cyclist,PORT ORANGE,FL,32129,Male,N,,,,,N,,,,Possible,Not Transported,Unknown,,None,,51,N,N,N,N
24480426,2024,2,Sidewalk,Walking/Cycling on Sidewalk,Other Cyclist,STOCK ISLAND,FL,33040,Female,N,Test Not Given,,,,N,Test Not Given,,,None,Not Transported,No Improper Action,,Lighting,,39,N,N,N,N
24640191,2024,2,Intersection - Marked Crosswalk,Walking/Cycling on Sidewalk,Other Cyclist,TAMPA,FL,33613,Female,N,Test Not Given,,,,N,Test Not Given,,,Possible,EMS,No Improper Action,,None,,19,N,N,N,Y
24741220,2024,1,Shoulder/Roadside,Adjacent to Roadway,Other Cyclist,ZEPHYRHILLS,FL,33540,Male,N,,,,,N,,,,Incapacitating,EMS,No Improper Action,,None,,62,N,N,N,N
25374359,2024,2,Intersection - Marked Crosswalk,Crossing Roadway,Other Cyclist,CRAWFORDVILLE,FL,32327,Male,N,,,,,N,,,,Non-Incapacitating,Not Transported,No Improper Action,,None,,62,N,N,N,N
24644005,2024,2,Intersection - Marked Crosswalk,Crossing Roadway,Other Cyclist,WIMAUMA,FL,33598,Female,N,Test Not Given,,,,N,Test Not Given,,,Non-Incapacitating,EMS,"Failure to Obey Traffic Signs, Signals, or Officer",Dart/Dash,None,,25,N,N,N,N
24741130,2024,2,Shoulder/Roadside,Walking/Cycling Along Roadway With Traffic,Other Cyclist,ZEPHYRHILLS,FL,33541,Male,N,,,,,N,,,,Possible,EMS,No Improper Action,,None,,19,N,N,N,Y
24741571,2024,2,Driveway Access,Crossing Roadway,Other Cyclist,ZEPHYRHILLS,FL,33542,Male,N,,,,,N,,,,Possible,Not Transported,No Improper Action,,None,,24,N,N,N,N
25162578,2024,2,Shoulder/Roadside,Walking/Cycling Along Roadway With Traffic,Other Cyclist,HOLLYWOOD,FL,33020,,N,,,,,N,,,,Possible,EMS,Other,,Helmet,,,N,N,N,N
25163163,2024,2,Sidewalk,Walking/Cycling on Sidewalk,Other Cyclist,HOLLYWOOD,FL,33024,,N,,,,,N,,,,Possible,Not Transported,No Improper Action,,None,,,N,N,N,N
25163950,2024,2,Driveway Access,Other,Other Cyclist,HOLLYWOOD,FL,33020,,N,,,,,N,,,,Non-Incapacitating,EMS,Other,,None,,,N,N,N,N
25164487,2024,2,Intersection - Marked Crosswalk,Other,Other Cyclist,HOLLYWOOD,FL,33021,,N,,,,,N,,,,None,EMS,No Improper Action,,None,,,N,N,N,N
25164487,2024,3,Intersection - Marked Crosswalk,Other,Other Cyclist,HOLLYWOOD,FL,33021,,N,,,,,N,,,,None,Not Transported,No Improper Action,,None,,,N,N,N,N
25165366,2024,1,Unknown,Other,Other Cyclist,HOLLYWOOD,FL,33024,,N,,,,,N,,,,None,Not Transported,Other,,None,,,N,N,N,N
25165571,2024,2,Intersection - Unmarked Crosswalk,Crossing Roadway,Other Cyclist,HOLLYWOOD,FL,33021,,N,,,,,N,,,,Non-Incapacitating,EMS,Failure to Yield Right-of-Way,,Unknown,,,N,N,N,N
25165654,2024,2,Travel Lane - Other Location,Crossing Roadway,Other Cyclist,HOLLYWOOD,FL,33020,,Y,Test Given,Blood,Pending,,Y,Test Given,Blood,Pending,Incapacitating,EMS,"Failure to Obey Traffic Signs, Signals, or Officer",,None,,,Y,Y,N,N
25929309,2024,1,Sidewalk,Walking/Cycling on Sidewalk,Other Cyclist,MIAMI BEACH,FL,33139,Male,N,Test Not Given,,,,N,Test Not Given,,,Possible,EMS,Failure to Yield Right-of-Way,,None,,22,N,N,N,N
25166604,2024,3,Travel Lane - Other Location,Crossing Roadway,Other Cyclist,HALLANDALE BEACH,FL,33009,,N,,,,,N,,,,Non-Incapacitating,Not Transported,"Failure to Obey Traffic Signs, Signals, or Officer",,None,,,N,N,N,N
25166822,2024,2,Intersection - Unmarked Crosswalk,Crossing Roadway,Other Cyclist,HOLLYWOOD,FL,33020,,N,,,,,N,,,,Non-Incapacitating,EMS,No Improper Action,,None,,,N,N,N,N
25167267,2024,2,Intersection - Unmarked Crosswalk,Crossing Roadway,Other Cyclist,HOLLYWOOD,FL,33019,,N,,,,,N,,,,None,Not Transported,Dart/Dash,,Unknown,,,N,N,N,N
25167523,2024,2,Intersection - Unmarked Crosswalk,Other,Other Cyclist,OPA LOCKA,FL,33054,,N,,,,,N,,,,Possible,EMS,Other,,None,,,N,N,N,N
25692498,2024,2,Other,Walking/Cycling on Sidewalk,Other Cyclist,DELAND,FL,32720,Male,N,,,,,N,,,,Possible,Not Transported,Wrong-Way Riding or Walking,,None,,33,N,N,N,N
25801643,2024,2,Sidewalk,Walking/Cycling on Sidewalk,Other Cyclist,STUART,FL,34994,Male,N,,,,,N,,,,Possible,EMS,Improper Passing,,None,,42,N,N,N,N
25360912,2024,2,Intersection - Unmarked Crosswalk,Waiting to Cross Roadway,Other Cyclist,CAPE CANAVERAL,FL,32920,Female,N,,,,,N,,,,Non-Incapacitating,Not Transported,No Improper Action,,None,,55,N,N,N,N
25360993,2024,2,Sidewalk,Walking/Cycling on Sidewalk,Other Cyclist,W MELBOURNE,FL,32904,Male,N,,,,,N,,,,Possible,Not Transported,No Improper Action,,None,,37,N,N,N,N
25372206,2024,2,Intersection - Marked Crosswalk,Walking/Cycling on Sidewalk,Bicyclist,HIALEAH,FL,33015,Female,N,,,,,N,,,,Non-Incapacitating,EMS,No Improper Action,,Helmet,None,36,N,N,N,N
25372206,2024,3,Intersection - Marked Crosswalk,Walking/Cycling on Sidewalk,Other Cyclist,,,,Female,N,,,,,N,,,,Possible,EMS,No Improper Action,,Helmet,None,6,N,N,N,N
25372206,2024,4,Intersection - Marked Crosswalk,Walking/Cycling on Sidewalk,Other Cyclist,,,,Female,N,,,,,N,,,,Possible,EMS,No Improper Action,,Helmet,None,13,N,N,N,N
25373600,2024,2,Intersection - Marked Crosswalk,Crossing Roadway,Other Cyclist,TALLAHASSEE,FL,32301,Male,N,,,,,N,,,,Non-Incapacitating,Not Transported,"Failure to Obey Traffic Signs, Signals, or Officer",,None,,19,N,N,N,Y
25442513,2024,1,Intersection - Other,Walking/Cycling Along Roadway With Traffic,Other Cyclist,ST AUGUSTINE,FL,32084,Male,N,Test Not Given,,,,N,Test Not Given,,,None,Not Transported,No Improper Action,,Helmet,,30,N,N,N,N
25497809,2024,2,Driveway Access,Walking/Cycling on Sidewalk,Other Cyclist,EDGEWATER,FL,32141,Male,Y,Test Not Given,,,,N,,,,Non-Incapacitating,Not Transported,No Improper Action,,None,,41,Y,N,N,N
25569335,2024,2,Intersection - Marked Crosswalk,Walking/Cycling on Sidewalk,Other Cyclist,ORLANDO,FL,32812,Male,N,,,,,N,,,,Non-Incapacitating,Not Transported,Wrong-Way Riding or Walking,Other,None,,27,N,N,N,N
25569426,2024,2,Intersection - Marked Crosswalk,Walking/Cycling on Sidewalk,Other Cyclist,ORLANDO,FL,32809,Male,N,,,,,N,,,,Possible,EMS,No Improper Action,,None,,25,N,N,N,N
25569772,2024,2,Intersection - Marked Crosswalk,Walking/Cycling Along Roadway Against Traffic,Other Cyclist,ORLANDO,FL,32808,Male,N,,,,,N,,,,Possible,EMS,Wrong-Way Riding or Walking,,None,,38,N,N,N,N
25569828,2024,2,Intersection - Marked Crosswalk,Crossing Roadway,Other Cyclist,ORLANDO,FL,32818,Male,N,,,,,N,,,,Possible,EMS,Unknown,,None,,24,N,N,N,N
25631188,2024,2,Travel Lane - Other Location,Walking/Cycling Along Roadway With Traffic,Other Cyclist,MIAMI BEACH,,33141,Male,N,,,,,N,,,,Possible,EMS,Other,,None,,30,N,N,N,N
25642155,2024,2,Intersection - Unmarked Crosswalk,Walking/Cycling Along Roadway With Traffic,Other Cyclist,Palm Coast,FL,32164,Male,,,,,,,,,,Possible,EMS,No Improper Action,No Improper Action,Other,None,35,N,N,N,N
25642563,2024,2,Intersection - Marked Crosswalk,Crossing Roadway,Other Cyclist,Palm Coast,FL,32137,Female,,,,,,,,,,Possible,EMS,Wrong-Way Riding or Walking,,None,None,18,N,N,N,Y
25669973,2024,2,Sidewalk,Crossing Roadway,Other Cyclist,GREEN COVE SPRINGS,FL,32043,Male,N,,,,,N,,,,Possible,Not Transported,No Improper Action,,None,,39,N,N,N,N
25692409,2024,2,Intersection - Unmarked Crosswalk,Crossing Roadway,Other Cyclist,ORANGE CITY,FL,32763,Male,N,,,,,N,,,,Possible,EMS,No Improper Action,,None,,21,N,N,N,N
25692512,2024,2,Sidewalk,Other,Other Cyclist,DELTONA,FL,32738,Male,N,,,,,N,,,,Non-Incapacitating,EMS,Wrong-Way Riding or Walking,Failure to Yield Right-of-Way,None,,36,N,N,N,N
25696331,2024,2,Intersection - Marked Crosswalk,Crossing Roadway,Other Cyclist,BRADENTON,FL,34205,Male,N,,,,,N,,,,Possible,EMS,No Improper Action,,None,,17,N,N,N,Y
25718049,2024,2,Intersection - Marked Crosswalk,Walking/Cycling Along Roadway With Traffic,Other Cyclist,MIAMI,FL,33144,,N,,,,,N,,,,Possible,EMS,"Failure to Obey Traffic Signs, Signals, or Officer",,None,,,N,N,N,N
25718058,2024,2,Intersection - Marked Crosswalk,Walking/Cycling Along Roadway Against Traffic,Other Cyclist,AVENTURA,FL,33180,,N,,,,,N,,,,Possible,EMS,Other,,None,,,N,N,N,N
25724800,2024,3,Midblock - Marked Crosswalk,Crossing Roadway,Other Cyclist,GULF BREEZE,FL,32571,Male,N,Test Not Given,,,,N,Test Not Given,,,None,Not Transported,"Failure to Obey Traffic Signs, Signals, or Officer",,None,None,16,N,N,N,Y
25732091,2024,2,Sidewalk,Walking/Cycling on Sidewalk,Other Cyclist,BOYNTON BEACH,FL,33426,Male,N,,,,,N,,,,None,Not Transported,No Improper Action,,None,,39,N,N,N,N
25746259,2024,1,Unknown,Unknown,Unknown Type of Non-Motorist,LEESBURG,FL,34748,Female,N,,,,,N,,,,None,Unknown,Unknown,,Unknown,,66,N,N,Y,N
25746259,2024,2,Travel Lane - Other Location,In Roadway - Other,Other Cyclist,,,,Unknown,N,,,,,N,,,,None,Unknown,No Improper Action,,None,,,N,N,N,N
25751092,2024,3,Bicycle Lane,Walking/Cycling Along Roadway With Traffic,Other Cyclist,ORANGE PARK,FL,32073,Female,N,,,,,N,,,,Possible,Not Transported,No Improper Action,,Helmet,Reflective Clothing,32,N,N,N,N
25751092,2024,4,Bicycle Lane,Walking/Cycling Along Roadway With Traffic,Occupant of a Non-Motor Vehicle Transportation Device,ORANGE PARK,FL,32073,Male,N,,,,,N,,,,Possible,Not Transported,No Improper Action,,Helmet,Reflective Clothing,2,N,N,N,N
25751092,2024,5,Bicycle Lane,Walking/Cycling Along Roadway With Traffic,Occupant of a Non-Motor Vehicle Transportation Device,ORANGE PARK,FL,32073,Female,N,,,,,N,,,,Possible,Not Transported,No Improper Action,,Helmet,Reflective Clothing,9,N,N,N,N
25800991,2024,3,Bicycle Lane,Walking/Cycling Along Roadway With Traffic,Other Cyclist,STUART,FL,34997,Male,N,,,,,N,,,,None,Not Transported,No Improper Action,,None,,34,N,N,N,N
25821509,2024,2,Intersection - Marked Crosswalk,Walking/Cycling on Sidewalk,Other Cyclist,LAKELAND,FL,33803,Male,N,,,,,N,,,,Possible,Not Transported,Other,,None,,20,N,N,N,N
25821587,2024,2,Sidewalk,Walking/Cycling Along Roadway With Traffic,Other Cyclist,TAMPA,FL,33624,Male,N,,,,,N,,,,Possible,EMS,No Improper Action,,None,,27,N,N,N,N
25829190,2024,2,Travel Lane - Other Location,Walking/Cycling Along Roadway Against Traffic,Other Cyclist,MIAMI,FL,33174,Female,N,,,,,N,,,,Non-Incapacitating,Not Transported,Wrong-Way Riding or Walking,,None,,23,N,N,N,N
25834021,2024,2,Travel Lane - Other Location,In Roadway - Other,Other Cyclist,MIAMI GARDENS,FL,33055,Male,N,,,,,N,,,,Incapacitating,EMS,No Improper Action,,None,,58,N,N,N,N
25834216,2024,1,Travel Lane - Other Location,Other,Occupant of Motor Vehicle Not in Transport,OPA LOCKA,FL,33054,Female,N,,,,,N,,,,None,Not Transported,Other,,None,,57,N,N,N,N
25834216,2024,2,Bicycle Lane,Walking/Cycling Along Roadway With Traffic,Other Cyclist,MIMAI GARDENS,FL,33055,Female,N,,,,,N,,,,Non-Incapacitating,EMS,No Improper Action,,None,,15,N,N,N,Y
25910727,2024,2,Intersection - Other,Crossing Roadway,Other Cyclist,PORT ST LUCIE,FL,34953,,N,,,,,N,,,,Possible,EMS,Failure to Yield Right-of-Way,,None,,,N,N,N,N
25843571,2024,3,Intersection - Marked Crosswalk,Crossing Roadway,Other Cyclist,MERRITT ISLAND,,32952,Female,N,,,,,N,,,,Non-Incapacitating,EMS,"Failure to Obey Traffic Signs, Signals, or Officer",Failure to Yield Right-of-Way,None,,25,N,N,N,N
25844320,2024,2,Driveway Access,Walking/Cycling Along Roadway Against Traffic,Bicyclist,COCOA BEACH,FL,32931,Male,N,,,,,N,,,,Non-Incapacitating,EMS,No Improper Action,,None,,15,N,N,N,Y
25844320,2024,3,Driveway Access,Other,Other Cyclist,CAPE CANAVERAL,FL,32920,Female,N,,,,,N,,,,Non-Incapacitating,Not Transported,Unknown,,None,,15,N,N,N,Y
25880685,2024,2,Shoulder/Roadside,Other,Other Cyclist,CUTLER BAY,,33190,Male,N,,,,,N,,,,Incapacitating,Not Transported,No Improper Action,,None,,29,N,N,N,N
25882117,2024,2,Bicycle Lane,Walking/Cycling Along Roadway Against Traffic,Other Cyclist,OPA LOCKA,,33054,Female,,,,,,,,,,Non-Incapacitating,Not Transported,No Improper Action,,None,,46,N,N,N,N
25882395,2024,2,Sidewalk,Walking/Cycling Along Roadway Against Traffic,Other Cyclist,CUTLER BAY,,33189,Male,N,,,,,N,,,,Possible,Not Transported,Other,,None,,69,N,N,Y,N
25882543,2024,2,Intersection - Other,Crossing Roadway,Other Cyclist,MIAMI,,33157,Female,N,,,,,N,,,,Possible,Not Transported,Other,,None,,56,N,N,N,N
25882621,2024,2,Travel Lane - Other Location,Walking/Cycling Along Roadway With Traffic,Other Cyclist,MIAMI,,33168,Male,N,,,,,N,,,,Possible,EMS,No Improper Action,,None,,54,N,N,N,N
25882985,2024,2,Intersection - Other,Walking/Cycling Along Roadway With Traffic,Other Cyclist,MIAMI,,33150,Male,N,,,,,N,,,,Incapacitating,EMS,Other,,None,,6,N,N,N,N
25882985,2024,3,Intersection - Other,Walking/Cycling Along Roadway With Traffic,Other Cyclist,MIAMI,,33150,Male,N,,,,,N,,,,Non-Incapacitating,Not Transported,Other,,None,,11,N,N,N,N
25883788,2024,2,Travel Lane - Other Location,Other,Other Cyclist,HOMESTEAD,,33033,Female,N,,,,,N,,,,Non-Incapacitating,EMS,Other,,None,,13,N,N,N,N
25883788,2024,3,Travel Lane - Other Location,Other,Other Cyclist,HOMESTEAD,,33033,Female,N,,,,,N,,,,Non-Incapacitating,EMS,Other,,None,,11,N,N,N,N
25884293,2024,1,Bicycle Lane,Other,Other Cyclist,NORTH MIAMI,,33161,Male,N,,,,,N,,,,Possible,Not Transported,Wrong-Way Riding or Walking,,None,,36,N,N,N,N
25884242,2024,1,Intersection - Unmarked Crosswalk,Crossing Roadway,Other Cyclist,MIAMI,,33193,Female,N,,,,,N,,,,Non-Incapacitating,Not Transported,Other,,None,,21,N,N,N,N
25884278,2024,1,Travel Lane - Other Location,In Roadway - Other,Other Cyclist,MIAMI,,33150,Male,N,,,,,N,,,,Possible,Not Transported,In Roadway Improperly,,None,,16,N,N,N,Y
25885053,2024,2,Midblock - Marked Crosswalk,Crossing Roadway,Other Cyclist,MIAMI,,33189,Female,N,,,,,N,,,,Possible,EMS,No Improper Action,,None,,17,N,N,N,Y
25888364,2024,2,Other,Other,Other Cyclist,HOMESTEAD,,33030,Male,N,,,,,N,,,,Non-Incapacitating,Not Transported,No Improper Action,,None,,13,N,N,N,N
25890959,2024,2,Sidewalk,Walking/Cycling Along Roadway With Traffic,Other Cyclist,MIAMI,,33177,Female,N,,,,,N,,,,None,Not Transported,No Improper Action,,Helmet,,24,N,N,N,N
25897328,2024,2,Intersection - Marked Crosswalk,Crossing Roadway,Other Cyclist,NICEVILLE,FL,32578,Male,N,Test Not Given,,,,N,Test Not Given,,,Incapacitating,EMS,Not Visible,,None,None,25,N,N,N,N
25927256,2024,2,Intersection - Other,None,Other Cyclist,MIAMI BEACH,FL,33140,Female,N,,,,,N,,,,Possible,Not Transported,"Failure to Obey Traffic Signs, Signals, or Officer",,None,,23,N,N,N,N
25903015,2024,2,Bicycle Lane,Walking/Cycling Along Roadway With Traffic,Other Cyclist,BOCA RATON,FL,33432,,N,,,,,N,,,,Possible,EMS,No Improper Action,,None,,,N,N,N,N
25903230,2024,1,Intersection - Marked Crosswalk,Crossing Roadway,Other Cyclist,DEERFIELD BEACH,FL,33441,,N,,,,,N,,,,Incapacitating,EMS,Dart/Dash,,None,,,N,N,N,N
25909919,2024,1,Travel Lane - Other Location,Walking/Cycling Along Roadway Against Traffic,Other Cyclist,PORT ST LUCIE,FL,34953,,N,,,,,N,,,,Non-Incapacitating,EMS,Other,,Helmet,,,N,N,N,N
25916304,2024,2,Intersection - Marked Crosswalk,Walking/Cycling Along Roadway Against Traffic,Other Cyclist,JENSEN BEACH,FL,34957,Male,N,,,,,N,,,,Possible,Other,Wrong-Way Riding or Walking,,None,,14,N,N,N,N
25916416,2024,3,Intersection - Marked Crosswalk,Crossing Roadway,Other Cyclist,STUART,FL,34994,Female,N,,,,,N,,,,Non-Incapacitating,EMS,Wrong-Way Riding or Walking,,None,,50,N,N,N,N
25916434,2024,2,Intersection - Marked Crosswalk,Crossing Roadway,Other Cyclist,STUART,FL,34997,Female,N,,,,,N,,,,Non-Incapacitating,EMS,No Improper Action,,None,,23,N,N,N,N
25919493,2024,2,Intersection - Marked Crosswalk,Crossing Roadway,Other Cyclist,DAVIE,FL,33314,,N,,,,,N,,,,Possible,Not Transported,Other,,None,,,N,N,N,N
25919557,2024,2,Sidewalk,Walking/Cycling on Sidewalk,Other Cyclist,HOLLYWOOD,FL,33024,,N,,,,,N,,,,Non-Incapacitating,Not Transported,No Improper Action,,Helmet,,,N,N,N,N
25920060,2024,2,Driveway Access,Crossing Roadway,Other Cyclist,DAVIE,FL,33314,,N,,,,,N,,,,Non-Incapacitating,EMS,No Improper Action,,None,,,N,N,N,N
25920709,2024,1,Intersection - Marked Crosswalk,Walking/Cycling on Sidewalk,Other Cyclist,DAVIE,FL,33325,,N,,,,,N,,,,Non-Incapacitating,EMS,Wrong-Way Riding or Walking,,None,,,N,N,N,N
25921033,2024,2,Sidewalk,Walking/Cycling on Sidewalk,Other Cyclist,DAVIE,FL,33314,,N,,,,,N,,,,Incapacitating,EMS,No Improper Action,,None,,,N,N,N,N
25927493,2024,4,Intersection - Marked Crosswalk,Other,Other Cyclist,MIAMI BEACH,FL,33139,Male,N,,,,,N,,,,Non-Incapacitating,Not Transported,"Failure to Obey Traffic Signs, Signals, or Officer",,None,,17,N,N,N,Y
25927624,2024,2,Travel Lane - Other Location,Walking/Cycling Along Roadway With Traffic,Other Cyclist,MIAMI,FL,33125,Male,N,Test Not Given,,,,N,Test Not Given,,,Incapacitating,EMS,No Improper Action,,None,,,N,N,N,N
25927626,2024,2,Sidewalk,Other,Other Cyclist,HOUSTON,TX,77027,Male,N,,,,,N,,,,Possible,Not Transported,Other,,None,,34,N,N,N,N
25927660,2024,2,Bicycle Lane,Walking/Cycling Along Roadway With Traffic,Other Cyclist,MIAMI,FL,33132,Female,N,,,,,N,,,,Incapacitating,EMS,No Improper Action,,None,,31,N,N,N,N
25927991,2024,1,Intersection - Other,Crossing Roadway,Other Cyclist,MIAMI BEACH,FL,33141,Female,N,,,,,N,,,,Non-Incapacitating,EMS,Other,,None,,26,N,N,N,N
25928594,2024,1,Intersection - Marked Crosswalk,Other,Other Cyclist,MIAMI,FL,33137,Male,N,,,,,N,,,,Possible,Not Transported,"Failure to Obey Traffic Signs, Signals, or Officer",,None,,31,N,N,N,N
25928913,2024,1,Intersection - Other,Crossing Roadway,Other Cyclist,MIAMI BEACH,FL,33139,Male,N,,,,,N,,,,Possible,Not Transported,"Failure to Obey Traffic Signs, Signals, or Officer",,None,,20,N,N,N,N
25928962,2024,2,Bicycle Lane,Other,Other Cyclist,MIAMI BEACH,FL,33139,Male,N,,,,,N,,,,Possible,EMS,No Improper Action,,None,,24,N,N,N,N
25930001,2024,2,Travel Lane - Other Location,Walking/Cycling Along Roadway Against Traffic,Other Cyclist,HIALEAH,FL,33018,Male,N,,,,,N,,,,Non-Incapacitating,Not Transported,Improper Passing,,Helmet,,41,N,N,N,N
25930122,2024,1,Travel Lane - Other Location,Crossing Roadway,Other Cyclist,MIAMI BEACH,FL,33141,Female,N,,,,,N,,,,Non-Incapacitating,EMS,Other,,None,,29,N,N,N,N
