REPORT_NUMBER,CRASH_YEAR,VEHICLE_NUMBER,PERSON_NUMBER,CITY,STATE,ZIP_CODE,SEX,HELMET_CODE,RESTRAINT_SYSTEM_CODE,EYE_PROTECTION_CODE,AIR_BAG_DEPLOYMENT_CODE,EJECTED,INJURY_SEVERITY,EMS_TRANSPORT_TYPE,SEAT_POSITION_CODE,ROW_POSITION_CODE,OTHER_POSITION_CODE,S4_AGE_AT_TIME_OF_CRASH,S4_IS_UNRESTRAINED_PASSENGER
89753538,2023,1,2,,,34668,Female,,Shoulder and Lap Belt Used,,Not Deployed,Not Ejected,None,Not Transported,Right,Second,Not Applicable,9,N
89753538,2023,1,3,,,34668,Female,,Shoulder and Lap Belt Used,,Not Deployed,Not Ejected,None,Not Transported,Left,Second,Not Applicable,7,N
90129420,2023,1,2,,,33130,Female,,Not Applicable (non-motorist),,Not Applicable,"Ejected, Totally",Non-Incapacitating,EMS,Other,Second,,36,N
24027069,2024,1,2,SOUTH DAYTONA,FL,32119,Female,,Shoulder and Lap Belt Used,,Not Deployed,Not Ejected,None,Not Transported,Right,Front,,58,N
25928594,2024,1,3,LOS ANGELES,CA,90019,Female,,Shoulder and Lap Belt Used,,Not Deployed,Not Ejected,None,Not Transported,Right,Front,,28,N
25163950,2024,1,3,VERO BEACH,FL,32966,Male,,Shoulder and Lap Belt Used,,Not Deployed,Not Ejected,None,Not Transported,Right,Front,Not Applicable,20,N
25166604,2024,1,2,HALLANDALE BEACH,FL,33009,Female,,Shoulder and Lap Belt Used,,Not Deployed,Not Ejected,None,Not Transported,Right,Front,Not Applicable,49,N
25642155,2024,1,3,Palm Coast,FL,32137,Female,No Helmet,Restraint Used - Type Unknown,,Not Deployed,Not Ejected,None,Not Transported,Right,Front,Not Applicable,48,N
25642563,2024,1,3,Bunnell,FL,32110,Female,No Helmet,Child Restraint System - Rear Facing,,Not Deployed,Not Ejected,None,Not Transported,Right,Second,Not Applicable,0,N
25724800,2024,1,2,MOBILE,AL,36695,Male,,Shoulder and Lap Belt Used,,Not Deployed,Not Ejected,None,Not Transported,Right,Front,Sleeper Section of Truck Cab,18,N
25751092,2024,1,2,ORANGE PARK,FL,32073,Male,No Helmet,Child Restraint System - Forward Facing,,Not Deployed,Not Ejected,None,Not Transported,Right,Second,Not Applicable,3,N
25800991,2024,1,2,PALM BEACH GARDENS,FL,33410,Female,,Shoulder and Lap Belt Used,,Not Deployed,Not Ejected,None,Not Transported,Right,Front,,56,N
25843571,2024,1,2,ORLANDO,FL,32812,Male,No Helmet,Shoulder and Lap Belt Used,,Not Deployed,Not Ejected,None,Not Transported,Right,Front,Not Applicable,5,N
25884242,2024,2,3,MIAMI,FL,33193,Female,No Helmet,Shoulder and Lap Belt Used,,Not Deployed,Not Applicable,None,Not Transported,Right,Front,Not Applicable,15,N
25884242,2024,2,4,MIAMI,FL,33193,Female,No Helmet,Shoulder and Lap Belt Used,N,Not Deployed,Not Ejected,None,Not Transported,Left,Second,Not Applicable,8,N
25884242,2024,2,5,MIAMI,FL,33193,Male,No Helmet,Shoulder and Lap Belt Used,N,Not Deployed,Not Ejected,None,Not Transported,Right,Second,Not Applicable,5,N
25916416,2024,1,2,STUART,FL,34997,Female,,Shoulder and Lap Belt Used,,Not Deployed,Not Ejected,None,Not Transported,Right,Front,,15,N
25920060,2024,1,3,PLANTATION,FL,33324,Female,No Helmet,Child Restraint System - Forward Facing,,Not Deployed,Not Ejected,None,Not Transported,Right,Second,Not Applicable,3,N
25927493,2024,1,2,MIAMI BEACH,FL,33139,Male,,Shoulder and Lap Belt Used,,Not Deployed,Not Ejected,None,Not Transported,Left,Second,,14,N
25927493,2024,1,3,MIAMI BEACH,FF,33139,Male,,Shoulder and Lap Belt Used,,,Not Ejected,None,Not Transported,Middle,Front,,17,N
25927624,2024,1,3,CALEXICO,CA,92232,Male,,Shoulder and Lap Belt Used,,Not Deployed,Not Ejected,None,Not Transported,Right,Front,Not Applicable,79,N
