REPORT_NUMBER,CRASH_YEAR,VEHICLE_NUMBER,OWNER_CITY,OWNER_STATE,OWNER_ZIP_CODE,COMMERCIAL_VEHICLE_FLAG,MOTION_CODE,STATE_OF_REGISTRATION,PERMANENT_REGISTRATION_FLAG,HIT_AND_RUN_FLAG,VEHICLE_YEAR,VEHICLE_MAKE,VEHICLE_MODEL,VEHICLE_STYLE,VEHICLE_COLOR,DISABLING_FUNCTIONAL_DAMAGE,ESTIMATED_VEHICLE_DAMAGE,TOW_DAMAGE_CODE,HOW_TOW_REQUESTED,BUSINESS_OWNED_FLAG,VEHICLE_TRAVELING,ROAD_ON,ESTIMATED_MPH,POSTED_SPEED,TOTAL_NUMBER_OF_LANES,HAZARDOUS_MATERIAL_RELEASED,HAZMAT_PLACARD,HAZARDOUS_PLACARD_NUMBER,HAZMAT_CLASS,POINT_OF_IMPACT,MOST_DAMAGED_AREA_CODE,TYPE_OF_VEHICLE,TRAFFICWAY_CODE,COMMERCIAL_VEHICLE_CONFIGURATION_CODE,COMMERCIAL_USE_CODE,CARRIER_CARGO_BODY_TYPE,COMMERCIAL_VEHICLE_WEIGHT_CODE,MOST_HARMFUL_EVENT_CODE,HARMFUL_EVENT_1,HARMFUL_EVENT_2,HARMFUL_EVENT_3,HARMFUL_EVENT_4,EMERGENCY_VEHICLE_USE_CODE,ROADWAY_GRADE_CODE,ROADWAY_ALIGNMENT_CODE,VEHICLE_MANEUVER_ACTION,TRAFFIC_CONTROL_DEVICE,VEHICLE_SPECIAL_FUNCTION,VEHICLE_DEFECT1,VEHICLE_DEFECT2,S4_IS_COMMERCIAL_MOTOR_VEHICLE
89753538,2023,1,,,34668-0000,N,Vehicle in Transport,FL,N,N,2015,HYUN,,4D,GRY,Minor,3000,N,,N,West,FOX HOLLOW DRIVE,10,30,2,,,,,Left Rear Door,Left Rear Door,Passenger Car,"Two-Way, Not Divided",,,,,Pedalcycle,Pedalcycle,,,,N,Level,Straight,Straight Ahead,Traffic Control Signal,No Special Function,None,,
89756537,2023,1,,,33579-0000,N,Vehicle in Transport,FL,N,N,2019,FORD,,PK,WHI,Minor,500,N,,N,North,U.S.301(STATE ROAD 43),10,50,6,,,,,Front Center Bumper,Front Center Bumper,Pickup,"Two-Way, Divided, Positive Median Barrier",,,,,Pedalcycle,Pedalcycle,,,,N,Level,Straight,Turning Right,No Controls,No Special Function,None,,
89807746,2023,1,,,33016,N,Vehicle in Transport,FL,,N,2014,CHEV,,4D,BGE,Minor,300,N,Driver,N,South,WEST 24 AVENUE,10,30,4,,,,,Right Front Fender,Right Front Fender,Passenger Car,"Two-Way, Not Divided, with a Continuous Left Turn Lane",,,,,Motor Vehicle in Transport,Motor Vehicle in Transport,,,,N,Level,Straight,Turning Right,Traffic Control Signal,No Special Function,None,,
25930124,2024,1,MIAMI BEACH,FL,33139,N,Vehicle in Transport,FL,N,N,1999,PORS,,2D,RED,Functional,1000,N,Driver,N,North,MERIDIAN AVE,10,25,2,,,,,Right Front Door,Right Front Door,Passenger Car,"Two-Way, Not Divided",,,,,Motor Vehicle in Transport,Motor Vehicle in Transport,,,,N,Level,Straight,Turning Right,No Controls,No Special Function,None,,
89976121,2023,1,,,33523,N,Vehicle in Transport,FL,,N,2022,TOYT,,TK,BLK,Functional,1500,N,Driver,N,South,N TAMPA ST,5,35,3,,,,,Left Rear Door,Left Rear Door,Pickup,One-Way Trafficway,,,,,Motor Vehicle in Transport,Motor Vehicle in Transport,,,,N,Level,Straight,Straight Ahead,Traffic Control Signal,No Special Function,None,,
89976726,2023,1,,,33614,N,Vehicle in Transport,FL,,N,2003,FORD,F150,PK,SIL,Minor,200,N,Driver,N,North,LINCOLN AV N,10,25,2,,,,,Front Left Bumper,Front Left Bumper,"Other Light Trucks (10,000 lbs (4,536 kg) or less)","Two-Way, Not Divided",,,,Not Applicable,Pedalcycle,Pedalcycle,,,,N,Level,Straight,Turning Left,No Controls,No Special Function,None,,N
89977170,2023,1,,,33610,N,Vehicle in Transport,FL,,N,2016,KIA,,UT,BRO,Minor,500,N,Driver,N,North,N 33RD ST,5,25,2,,,,,Front Center Bumper,Hood,Passenger Car,"Two-Way, Not Divided",,,,,Pedalcycle,Pedalcycle,,,,N,Level,Straight,Straight Ahead,Stop Sign,No Special Function,None,,
90129420,2023,1,,,33130,N,Vehicle in Transport,FL,,N,2023,BICYC,,,BLK,Minor,500,N,Owner Request,N,North,NE 2ND AV,,35,1,,,,,Front Center Bumper,Front Center Bumper,Other,"Two-Way, Not Divided",,,,,Other Non-Fixed Object,Other Non-Fixed Object,,,,Y,Level,Straight,Other,Other,Ambulance,None,,
24027038,2024,1,LIZELLA,GA,31052,N,Vehicle in Transport,GA,,N,2024,GMC,,PK,WHITE - WHI,Minor,5000,N,Driver,N,East,SHERI BLVD,2,25,1,,,,,Right Front Fender,Right Front Fender,Pickup,"Two-Way, Not Divided",,,,,Motor Vehicle in Transport,Motor Vehicle in Transport,Pedestrian,,,N,Level,Straight,Turning Right,No Controls,No Special Function,None,,
24027069,2024,1,SOUTH DAYTONA,FL,32119,N,Vehicle in Transport,FL,,N,2021,RAM,,PK,GRY,None,0,N,Rotation,N,Unknown,S RIDGEWOOD AVE,5,40,2,,,,,Front Center Bumper,Front Center Bumper,Pickup,"Two-Way, Not Divided",,,,,Motor Vehicle in Transport,Motor Vehicle in Transport,,,,N,Level,Straight,Straight Ahead,No Controls,No Special Function,None,,
24027114,2024,1,PORT ORANGE,FL,32129,N,Vehicle in Transport,FL,,N,2015,FORD,,4D,RED,Minor,1000,N,Driver,N,West,WALTON,25,25,2,,,,,Left Rear Fender,Left Rear Fender,Passenger Car,"Two-Way, Not Divided",,,,,Pedestrian,Pedestrian,Motor Vehicle in Transport,,,N,Level,Straight,Straight Ahead,No Controls,No Special Function,None,,
24480426,2024,1,KEY WEST,FL,33040-6071,N,Vehicle in Transport,FL,N,N,2019,TOYT,,UT,BLU,Minor,100,N,,N,North,COUNTY RIGHT OF WAY ON SR5/US1,5,15,2,,,,,Right Front Fender,Right Front Fender,(Sport) Utility Vehicle,"Two-Way, Not Divided",,,,,Pedestrian,Pedestrian,,,,N,Level,Straight,Straight Ahead,No Controls,No Special Function,None,,
24640191,2024,1,TAMPA,FL,33605-0000,N,Vehicle in Transport,FL,N,N,2014,TOYT,,PK,WHI,None,0,N,,N,South,N 22 ND ST,25,25,2,,,,,,,Pickup,"Two-Way, Not Divided",,,,,Pedestrian,Pedestrian,,,,N,Level,Straight,Turning Left,No Controls,No Special Function,None,,
24644005,2024,1,ORLANDO,FL,32827,N,Vehicle in Transport,FL,N,N,2023,CHEV,,UT,SIL,Minor,800,N,,N,South,BLOOMINGDALE AVE,35,45,4,,,,,Hood,Hood,Passenger Car,"Two-Way, Divided, Positive Median Barrier",,,,,Pedestrian,Pedestrian,,,,N,Level,Straight,Turning Left,Traffic Control Signal,No Special Function,None,,
24741130,2024,1,UNK,UK,33542,N,Vehicle in Transport,FL,,N,,UNK,,4D,GRY,Unknown,0,N,Driver,N,North,GALL BLVD,35,35,2,,,,,Front Center Bumper,Front Right Bumper,Passenger Car,"Two-Way, Not Divided",,,,,Motor Vehicle in Transport,Motor Vehicle in Transport,,,,N,Level,Straight,Straight Ahead,Traffic Control Signal,No Special Function,None,,
24741220,2024,1,UNKNOWN,,,N,Vehicle in Transport,,,Y,,,,,,Unknown,0,N,Rotation,N,South,12TH STREET,20,30,2,,,,,Front Center Bumper,Front Right Bumper,Unknown,"Two-Way, Not Divided",,,,,Motor Vehicle in Transport,Motor Vehicle in Transport,,,,N,Level,Straight,Unknown,No Controls,Unknown,Unknown,,
24741571,2024,1,UNKNOWN,UK,00000,N,Vehicle in Transport,UK,,Y,2000,UK,,UNKNOWN,UNKNOWN,Unknown,0,N,,N,West,5TH AVE,30,30,1,,,,,Front Center Bumper,Front Right Bumper,Unknown,"Two-Way, Not Divided",,,,,Motor Vehicle in Transport,Motor Vehicle in Transport,,,,N,Level,Straight,Unknown,No Controls,Unknown,Unknown,,
25162578,2024,1,HOLLYWOOD,FL,33020,N,Vehicle in Transport,FL,N,N,2019,CHEV,,2D,BLK,Minor,500,N,,N,East,FILLMORE ST,15,30,2,,,,,Front Center Bumper,Front Center Bumper,Passenger Car,"Two-Way, Not Divided",,,,,Pedestrian,Pedestrian,,,,N,Level,Straight,Straight Ahead,Stop Sign,No Special Function,None,,
25163163,2024,1,MIAMI,FL,33157,N,Vehicle in Transport,FL,N,N,2013,HYUN,,4D,GRY,Functional,700,N,Owner Request,N,East,2501 STATE ROAD 7,15,15,2,,,,,Front Center Bumper,Front Center Bumper,Passenger Car,"Two-Way, Not Divided",,,,,Pedalcycle,Pedalcycle,,,,N,Level,Straight,Turning Right,No Controls,No Special Function,None,,
25163950,2024,1,DAVIE,FL,33331,N,Vehicle in Transport,FL,N,N,2023,CHEV,,SPUV,GRY,Minor,400,N,,N,North,HOLLYWOOD BLVD,,35,4,,,,,Right Rear Fender,Right Rear Fender,(Sport) Utility Vehicle,"Two-Way, Divided, Positive Median Barrier",,,,,Pedestrian,Pedestrian,,,,N,Level,Straight,Other,No Controls,No Special Function,None,,
25164487,2024,1,LAUDERDALE LAKES,FL,33319,N,Vehicle in Transport,FL,N,N,2021,HYUN,,SPUV,BLK,Minor,400,N,,N,West,GARFIELD ST,10,25,2,,,,,Front Right Bumper,Front Center Bumper,(Sport) Utility Vehicle,"Two-Way, Not Divided",,,,,Pedestrian,Pedestrian,,,,N,Level,Straight,Straight Ahead,No Controls,No Special Function,None,,
25165366,2024,1,HOLLYWOOD,FL,33019,N,Vehicle in Transport,FL,N,N,2020,CHEV,,SPUV,RED,None,0,N,,N,East,1400 S OCEAN DR,5,5,2,,,,,,,(Sport) Utility Vehicle,"Two-Way, Not Divided",,,,,Motor Vehicle in Transport,Motor Vehicle in Transport,,,,N,Level,Straight,Straight Ahead,Stop Sign,No Special Function,None,,
25165571,2024,1,HOLLYWOOD,FL,33021,N,Vehicle in Transport,FL,N,N,2022,HOND,,4D,SIL,Minor,150,N,Owner Request,N,West,N HILLS DR,25,30,2,,,,,Hood,Hood,Passenger Car,"Two-Way, Divided, Unprotected (painted >4 feet) Median",,,,,Pedestrian,Pedestrian,,,,N,Level,Straight,Straight Ahead,No Controls,No Special Function,None,,
25165654,2024,1,HOLLYWOOD,FL,33021,N,Vehicle in Transport,FL,N,N,2014,NISS,,4D,WHI,Functional,500,N,Rotation,N,North,N 19TH AVE,20,25,2,,,,,Front Center Bumper,Front Center Bumper,Passenger Car,"Two-Way, Not Divided",,,,,Pedalcycle,Pedalcycle,,,,N,Level,Straight,Straight Ahead,No Controls,No Special Function,None,,
25166604,2024,1,HOLLYWOOD,FL,33020,N,Vehicle in Transport,FL,N,N,2016,NISS,,SPUV,RED,Minor,100,N,Driver,N,South,N 26TH AV,15,25,2,,,,,Right Front Fender,Right Front Fender,(Sport) Utility Vehicle,"Two-Way, Not Divided",,,,,Pedestrian,Pedestrian,,,,N,Level,Straight,Straight Ahead,No Controls,No Special Function,None,,
25166822,2024,1,HIALEAH,FL,33018,N,Vehicle in Transport,FL,N,N,2023,CHRY,,VAN,BLK,Minor,50,N,Driver,N,West,2547 SHERIDAN ST,5,,2,,,,,Front Left Bumper,Front Left Bumper,Passenger Van,"Two-Way, Not Divided",,,,,Pedalcycle,Pedalcycle,,,,N,Level,Straight,Turning Right,Stop Sign,No Special Function,None,,
25167267,2024,1,TAMARAC,FL,33321,N,Vehicle in Transport,FL,N,N,2012,NISS,,4D,BLK,Functional,2000,N,,N,North,S 19TH AV,20,25,2,,,,,Front Left Bumper,Front Left Bumper,Passenger Car,"Two-Way, Not Divided",,,,,Pedestrian,Pedestrian,,,,N,Level,Straight,Straight Ahead,No Controls,No Special Function,None,,
25167523,2024,1,HOLLYWOOD,FL,33020,N,Vehicle in Transport,FL,Y,N,2022,FORD,,SPUV,WHI,Minor,500,N,,N,East,LINCOLN ST/ N FEDERAL HWY,5,35,1,,,,,Right Front Fender,,(Sport) Utility Vehicle,One-Way Trafficway,,,,,Motor Vehicle in Transport,Motor Vehicle in Transport,,,,N,Level,Straight,Turning Right,No Controls,No Special Function,None,,
25360912,2024,1,LONGWOOD,FL,32779,Y,Vehicle in Transport,FL,,N,2022,MACK,,TK,WHI,None,0,N,Driver,N,South,POINSETTA AVE,5,20,2,N,N,,,Front Left Bumper,Front Left Bumper,"Medium/Heavy Trucks (more than 10,000 lbs (4,536 kg))","Two-Way, Not Divided","Single-Unit Truck (2-axle and GVWR more than 10,000 lbs (4,536 kg))",Intrastate Carrier,Garbage/Refuse,Not Applicable,Pedalcycle,Pedalcycle,,,,N,Level,Straight,Turning Right,Stop Sign,No Special Function,None,,Y
25360993,2024,1,WEST MELBOURNE,FL,32904,N,Vehicle in Transport,FL,,N,2018,SUBA,,5D,GRY,Minor,500,N,Driver,N,West,W. NEW HAVEN AVE,10,45,4,,,,,Front Left Bumper,Front Left Bumper,Passenger Car,"Two-Way, Divided, Positive Median Barrier",,,,,Motor Vehicle in Transport,Motor Vehicle in Transport,,,,N,Level,Straight,Entering Traffic Lane,Stop Sign,No Special Function,None,,
25372206,2024,1,TALLAHASSEE,FL,32301,N,Vehicle in Transport,FL,,N,2020,MITS,,UT,BLK,None,0,N,Driver,N,East,3110 CAPITAL CIRCLE NE,2,15,2,,,,,Front Right Bumper,Front Right Bumper,Passenger Car,"Two-Way, Not Divided",,,,,Motor Vehicle in Transport,Motor Vehicle in Transport,,,,N,Level,Straight,Turning Right,Stop Sign,No Special Function,"Body, Doors",None,
25373600,2024,1,TALLAHASSEE,FL,32305,N,Vehicle in Transport,FL,,N,2019,NISS,,4D,SIL,Minor,1500,N,Driver,N,East,ORANGE AVE,5,35,4,,,,,Right Front Fender,Right Front Fender,Passenger Car,"Two-Way, Not Divided",,,,,Motor Vehicle in Transport,Motor Vehicle in Transport,,,,N,Level,Straight,Turning Left,Traffic Control Signal,No Special Function,None,,
25374359,2024,1,,,,,,,,Y,,UK,,UNKNOWN,UNKNOWN,Unknown,0,N,,N,,,,,,,,,,,,Unknown,"Two-Way, Not Divided",,,,,Motor Vehicle in Transport,Motor Vehicle in Transport,Pedestrian,,,,Level,Straight,Unknown,Stop Sign,Unknown,Unknown,,
25442513,2024,1,UNK,,,N,Vehicle in Transport,,N,Y,,UNK,,UNK,BLU,Minor,1800,N,,N,North,RHODE AVENUE,15,25,2,,,,,Front Left Bumper,Front Left Bumper,Unknown,"Two-Way, Not Divided",,,,,Pedalcycle,Pedalcycle,,,,N,Level,Straight,Turning Left,Stop Sign,No Special Function,Brakes,,
25497809,2024,1,OAK HILL,FL,32759,N,Vehicle in Transport,FL,,N,2022,FORD,,UT,BLK,Functional,1000,N,Driver,N,Off-Road,1900 US HIGHWAY 1,10,25,2,,,,,Right Front Fender,Right Front Fender,(Sport) Utility Vehicle,"Two-Way, Not Divided",,,,,Pedalcycle,Pedalcycle,,,,N,Level,Straight,Turning Right,Stop Sign,No Special Function,None,,
25569335,2024,1,ORLANDO,FL,32806,N,Vehicle in Transport,FL,,N,2018,FORD,,PK,GRY,Minor,1000,N,Driver,N,North,FOXBORO DR,10,25,2,,,,,Front Right Bumper,Front Right Bumper,Pickup,"Two-Way, Not Divided",,,,,Motor Vehicle in Transport,Motor Vehicle in Transport,,,,N,Level,Straight,Slowing,Stop Sign,No Special Function,None,,
25569426,2024,1,ORLANDO,FL,32839,N,Vehicle in Transport,WA,,N,2006,HOND,,SD,GRY,Minor,500,N,Driver,N,South,COMMERCIAL TERRACE DR,2,25,2,,,,,Front Right Bumper,Front Right Bumper,Passenger Car,"Two-Way, Not Divided",,,,,Motor Vehicle in Transport,Motor Vehicle in Transport,,,,N,Level,Straight,Entering Traffic Lane,Stop Sign,No Special Function,None,,
25569772,2024,1,ORLANDO,FL,32839,N,Vehicle in Transport,FL,,N,2014,DODG,,4D,BLU,Minor,100,N,Driver,N,North,DELHI ST,0,25,2,,,,,Front Center Bumper,Front Center Bumper,Passenger Car,"Two-Way, Not Divided",,,,,Pedalcycle,Pedalcycle,,,,N,Level,Straight,Other,No Controls,No Special Function,None,,
25569828,2024,1,WINTER GARDEN,FL,34787,N,Vehicle in Transport,FL,,N,2012,NISS,,UT,BLK,Minor,500,N,Driver,N,North,MILLENIA BLVD,5,45,6,,,,,Front Left Bumper,Front Left Bumper,(Sport) Utility Vehicle,"Two-Way, Divided, Positive Median Barrier",,,,,Motor Vehicle in Transport,Motor Vehicle in Transport,,,,N,Level,Straight,Straight Ahead,Traffic Control Signal,No Special Function,None,,
25631188,2024,1,SACRAMENTO,CA,95899,,Vehicle in Transport,FL,,N,2022,HOND,,VN,WHI,Functional,1500,N,,N,South,MERIDIAN AVE,5,35,2,,,,,Left Rear Door,Left Rear Door,Passenger Van,"Two-Way, Not Divided",,,,,,Pedalcycle,,,,N,Level,Straight,Making U-Turn,No Controls,No Special Function,None,,
25642155,2024,1,Palm Coast,FL,32137,N,Vehicle in Transport,FL,N,Y,2014,Ford,,HB,,Functional,600,N,Driver,N,South,SESAME BLVD,45,40,,,,,,Front Right Bumper,Front Right Bumper,Passenger Car,"Two-Way, Not Divided",,,,,Pedestrian,Motor Vehicle in Transport,Pedestrian,,,N,Level,Straight,Straight Ahead,No Controls,No Special Function,None,None,
25642563,2024,1,Bunnell,FL,32110,N,Vehicle in Transport,FL,N,N,2020,Linco,,4D,,Minor,2000,N,Driver,N,East,PALM COAST PARKWAY S,20,45,2,,,,,Right Front Fender,Right Front Fender,Passenger Car,,,,,,,,,,,,,,,,,,,
25669973,2024,1,JACKSONVILLE,FL,32258,N,Vehicle in Transport,FL,,N,2018,NISSI,,4D,WHI,None,0,N,Driver,N,South,PEORIA CEMENTERY,5,10,1,,,,,Right Front Fender,Right Front Fender,Passenger Car,"Two-Way, Divided, Unprotected (painted >4 feet) Median",,,,,Motor Vehicle in Transport,Motor Vehicle in Transport,,,,N,Level,Straight,Turning Right,No Controls,No Special Function,None,,
25692409,2024,1,ORANGE CITY,FL,32763,N,Vehicle in Transport,FL,,N,2011,HOND,,TK,SIL,Unknown,0,N,Driver,N,North,E IRIS DR,8,25,2,,,,,Right Front Door,Right Rear Door,(Sport) Utility Vehicle,"Two-Way, Divided, Positive Median Barrier",,,,,Motor Vehicle in Transport,Motor Vehicle in Transport,,,,N,Level,Straight,Turning Right,Stop Sign,No Special Function,None,,
25692498,2024,1,DELTONA,FL,32725,N,Vehicle in Transport,FL,,N,2021,TOYT,,UT,BLK,Minor,400,N,,N,East,W HOLLY DR,,,2,,,,,Front Right Bumper,Front Right Bumper,(Sport) Utility Vehicle,"Two-Way, Not Divided",,,,,Motor Vehicle in Transport,Motor Vehicle in Transport,,,,N,Level,Straight,Turning Right,No Controls,No Special Function,None,,
25692512,2024,1,ORMOND BEACH,FL,32174,N,Vehicle in Transport,FL,,N,2019,NISS,,4D,GRY,Minor,1000,N,,N,East,TREEMONTE DR,0,,2,,,,,Right Front Door,Right Front Door,Passenger Car,"Two-Way, Not Divided",,,,,Motor Vehicle in Transport,Motor Vehicle in Transport,,,,N,Level,Straight,Stopped in Traffic,No Controls,No Special Function,None,,
25696331,2024,1,,,,,,,,Y,,UK,,UNKNOWN,UNKNOWN,Unknown,0,N,,N,,,,,,,,,,,,Pickup,"Two-Way, Not Divided",,,,,Motor Vehicle in Transport,Motor Vehicle in Transport,Pedestrian,,,N,Level,Straight,Turning Right,No Controls,Unknown,Unknown,,
25718049,2024,1,HALLANDALE BEACH,FL,33009,N,Vehicle in Transport,FL,N,N,2024,VOLK,,5D,RED,None,0,N,Driver,N,West,NE 207TH ST,5,35,4,,,,,Left Front Door,,(Sport) Utility Vehicle,"Two-Way, Divided, Positive Median Barrier",,,,,Motor Vehicle in Transport,Motor Vehicle in Transport,,,,N,Level,Straight,Straight Ahead,No Controls,No Special Function,None,,
25718058,2024,1,NORTH MIAMI BEACH,FL,33162,N,Vehicle in Transport,FL,N,N,2019,HOND,,4D,LBL,None,0,N,Driver,N,West,NE 183RD ST,5,35,4,,,,,Rear Right Bumper,,Passenger Car,"Two-Way, Divided, Positive Median Barrier",,,,,Pedalcycle,Pedalcycle,,,,N,Level,Straight,Turning Left,No Controls,No Special Function,None,,
25724800,2024,1,GULF BREEZE,FL,32571,N,Vehicle in Transport,FL,N,N,2019,NISS,,PK,WHI,None,0,N,,N,West,SHORELINE DRIVE,15,35,2,,,,,Front Center Bumper,,Pickup,"Two-Way, Not Divided",,,,,Pedestrian,Pedestrian,,,,N,Level,Straight,Straight Ahead,Other,No Special Function,None,,
25732091,2024,1,MIAMI,FL,33147,N,Vehicle in Transport,FL,,N,2023,CHEV,,UT,BLK,Minor,200,N,,N,South,NW 42ND AVE,10,35,6,,,,,Front Left Bumper,Front Left Bumper,(Sport) Utility Vehicle,"Two-Way, Divided, Positive Median Barrier",,,,,Pedestrian,Pedestrian,,,,N,Level,Straight,Turning Right,No Controls,No Special Function,None,,
25746259,2024,1,,,,N,Vehicle in Transport,,N,N,,PEDA,,,WHI,Unknown,0,N,,N,Unknown,UK,0,,0,,,,,Front Center Bumper,Front Center Bumper,Unknown,Unknown,,,,,Motor Vehicle in Transport,Motor Vehicle in Transport,,,,,Level,Straight,Unknown,Unknown,Unknown,Unknown,,
25746259,2024,2,LEESBURG,FL,34748,N,Parked Motor Vehicle,FL,N,Y,2011,TOYT,,,GLD,Functional,500,N,,N,Unknown,PARKED ON MAYESVILLE LN,0,,2,,,,,Left Front Door,Left Front Door,Passenger Car,"Two-Way, Not Divided",,,,,Pedalcycle,Pedalcycle,,,,,Level,Straight,Parked,No Controls,Unknown,None,,
25751092,2024,1,ORANGE PARK,FL,32073,N,Vehicle in Transport,FL,N,N,2007,STRN,,4D,SIL,Minor,50,N,,N,East,SR 224 KINGSLEY AVE,15,35,3,,,,,Right Front Fender,Right Front Fender,(Sport) Utility Vehicle,"Two-Way, Not Divided",,,,,Pedalcycle,Pedalcycle,,,,N,Hillcrest,Straight,Turning Right,No Controls,No Special Function,None,,
25800991,2024,1,PALM BEACH GARDENS,FL,33410,N,Vehicle in Transport,FL,,N,2015,FORD,,4D,BLK,Functional,500,N,Driver,N,North,SE FEDERAL HWY,10,45,6,,,,,Right Rear Door,Right Rear Fender,Passenger Car,"Two-Way, Divided, Positive Median Barrier",,,,,Motor Vehicle in Transport,Motor Vehicle in Transport,,,,N,Level,Straight,Turning Right,No Controls,No Special Function,None,,
25801643,2024,1,PORT SAINT LUCIE,FL,34987,N,Vehicle in Transport,FL,,N,2017,BUIC,,4D,BRO,Minor,1000,N,Driver,N,East,SE PALM BEACH RD,5,30,2,,,,,Front Center Bumper,Front Center Bumper,Passenger Car,"Two-Way, Not Divided",,,,,Motor Vehicle in Transport,Motor Vehicle in Transport,,,,N,Level,Straight,Straight Ahead,No Controls,No Special Function,None,,
25821509,2024,1,LAKELAND,FL,33810,N,Vehicle in Transport,FL,,N,2020,HOND,,UT,BLK,Minor,250,N,Driver,N,East,YOUNG PL,5,25,2,,,,,Right Rear Fender,Right Rear Fender,(Sport) Utility Vehicle,"Two-Way, Not Divided",,,,,Pedalcycle,Pedalcycle,,,,N,Level,Straight,Turning Right,Stop Sign,No Special Function,None,,
25821587,2024,1,LAKELAND,FL,33805,N,Vehicle in Transport,FL,,N,2008,CHEV,,4D,BLK,Minor,500,N,Driver,N,North,US 98 N,45,45,4,,,,,Right Front Door,Right Front Door,Passenger Car,"Two-Way, Divided, Positive Median Barrier",,,,,Motor Vehicle in Transport,Motor Vehicle in Transport,Pedestrian,,,N,Level,Straight,Turning Right,No Controls,No Special Function,None,,
25829190,2024,1,,,,N,Vehicle in Transport,,N,Y,,,,,,Unknown,0,N,,N,West,SW 16 ST,10,15,7,,,,,Front Center Bumper,Front Center Bumper,Passenger Car,"Two-Way, Divided, Positive Median Barrier",,,,,Other Non-Fixed Object,Other Non-Fixed Object,,,,N,Level,Straight,Straight Ahead,No Controls,Unknown,Unknown,,
25834021,2024,1,,,,N,Vehicle in Transport,,,Y,,UK,,UNKNOWN,UNKNOWN,Unknown,0,N,,N,West,NW 179TH ST,30,30,2,,,,,Front Right Bumper,Front Right Bumper,Unknown,"Two-Way, Not Divided",,,,,Pedalcycle,Pedalcycle,,,,,Level,Straight,Unknown,,Unknown,Unknown,,
25834216,2024,1,OPA LOCKA,FL,33054,N,Vehicle in Transport,FL,,N,2011,CHEV,,UT,WHI,None,0,N,Driver,N,South,NW 22ND AVENUE,0,40,4,,,,,Left Front Door,Left Front Door,(Sport) Utility Vehicle,"Two-Way, Divided, Positive Median Barrier",,,,,Motor Vehicle in Transport,Motor Vehicle in Transport,,,,N,Level,Straight,Parked,No Controls,No Special Function,None,,
25843571,2024,1,ORLANDO,FL,32812,,Vehicle in Transport,FL,,N,2009,LINC,,4D,BLK,Minor,100,N,Driver,N,East,Country Club Drive,5,25,2,,,,,Left Front Fender,Left Front Fender,Passenger Car,"Two-Way, Not Divided",,,,,Pedalcycle,Pedalcycle,Motor Vehicle in Transport,,,N,Level,Straight,Turning Left,Traffic Control Signal,No Special Function,None,,
25844320,2024,1,TULSA,OK,74134,N,Vehicle in Transport,NC,,N,2024,JEEP,,UT,WHITE - WHI,Minor,500,N,Driver,N,West,BERMUDA ROAD,15,20,2,,,,,,,(Sport) Utility Vehicle,"Two-Way, Not Divided",,,,,Motor Vehicle in Transport,Motor Vehicle in Transport,,,,N,Level,Straight,Turning Left,No Controls,No Special Function,None,,
25880685,2024,1,CUTLER BAY,FL,33190,,Vehicle in Transport,FL,,N,2020,CHEV,,4D,BLU,Minor,50,N,Driver,N,North,OLD CUTLER RD,15,30,2,,,,,Right Front Door,Right Front Door,Passenger Car,"Two-Way, Not Divided",,,,,Motor Vehicle in Transport,Motor Vehicle in Transport,,,,N,Level,Straight,Turning Right,No Controls,No Special Function,None,,
25882117,2024,1,UNKNOWN,OT,UNKNOW,,Vehicle in Transport,OT,,Y,,UK,,,UNK,Unknown,0,N,,N,North,NW 22ND AVENUE,45,45,4,,,,,,,Passenger Car,"Two-Way, Divided, Positive Median Barrier",,,,,Motor Vehicle in Transport,Motor Vehicle in Transport,,,,N,Level,Straight,Turning Right,No Controls,Unknown,Unknown,,
25882395,2024,1,CUTLER BAY,FL,33157,,Vehicle in Transport,FL,,N,2017,CHEV,,TK,BLK,Minor,5,N,Driver,N,Off-Road,9875 Marlin Road,5,10,2,,,,,Rear Right Bumper,Rear Right Bumper,Pickup,"Two-Way, Not Divided",,,,,Other Non-Fixed Object,Other Non-Fixed Object,,,,N,Level,Straight,Backing,No Controls,No Special Function,None,,
25882543,2024,1,PALMETTO BAY,FL,33157,,Vehicle in Transport,FL,,N,2010,LEXS,,4D,BLU,Minor,1000,N,Driver,N,West,SW102 AVE,10,,4,,,,,Front Left Bumper,Front Left Bumper,Passenger Car,"Two-Way, Divided, Positive Median Barrier",,,,,Motor Vehicle in Transport,Motor Vehicle in Transport,,,,N,Level,Straight,Straight Ahead,No Controls,No Special Function,None,,
25882621,2024,1,MIAMI,FL,33150,,Vehicle in Transport,FL,,Y,2011,NISS,,4H,GRY,Functional,100,N,Driver,N,South,NW 7th avenue,,,,,,,,,,Passenger Car,"Two-Way, Divided, Positive Median Barrier",,,,,Motor Vehicle in Transport,Motor Vehicle in Transport,,,,N,Level,Straight,Straight Ahead,No Controls,Unknown,Unknown,None,
25882985,2024,1,UK,OT,UK,,Vehicle in Transport,,,Y,,UK,,,BLK,Unknown,0,,,N,South,93RD ST,,30,,,,,,,,Unknown,,,,,,Pedalcycle,Pedalcycle,,,,N,Level,Straight,Straight Ahead,Stop Sign,Unknown,Unknown,,
25883788,2024,1,HOMESTEAD,FL,33033,,Vehicle in Transport,FL,,N,2010,NISS,,2D,BLK,Functional,900,N,Driver,N,Off-Road,13260 OLD BISCAYNE DR,15,15,0,,,,,Left Front Fender,Left Front Door,Passenger Car,"Two-Way, Not Divided",,,,,Motor Vehicle in Transport,Motor Vehicle in Transport,,,,N,Level,Straight,Straight Ahead,No Controls,No Special Function,None,,
25884242,2024,2,MIAMI,FL,33193,,Vehicle in Transport,FL,,N,2018,CADI,,UT,BLK,Functional,500,N,Driver,N,North,SW 157TH AVENUE,,,4,,,,,Front Left Bumper,Front Left Bumper,(Sport) Utility Vehicle,"Two-Way, Divided, Positive Median Barrier",,,,,Motor Vehicle in Transport,Motor Vehicle in Transport,Pedestrian,,,N,Level,Straight,Straight Ahead,Traffic Control Signal,No Special Function,None,None,
25884278,2024,2,LUTHERVILLE,MD,21094,,Vehicle in Transport,FL,,N,2023,GMC,,PK,BLU,Functional,3500,N,Driver,N,South,NW 5TH AVE,10,30,2,,,,,Front Center Bumper,Front Center Bumper,Passenger Car,"Two-Way, Not Divided",,,,,Motor Vehicle in Transport,Motor Vehicle in Transport,,,,N,Level,Straight,Straight Ahead,No Controls,No Special Function,None,,
25884293,2024,2,NORTH MIAMI,FL,33181,,Vehicle in Transport,FL,,N,2007,TOYT,,UT,GLD,None,0,N,Driver,N,North,NW 8TH AVE,20,30,2,,,,,Left Rear Fender,,(Sport) Utility Vehicle,"Two-Way, Not Divided",,,,,Motor Vehicle in Transport,Motor Vehicle in Transport,,,,N,Level,Straight,Turning Right,No Controls,No Special Function,None,,
25885053,2024,1,MIAMI,FL,33177,,Vehicle in Transport,FL,,N,2009,KIA,,4D,SIL,None,0,N,Driver,N,West,CARIBBEAN BLVD,20,30,3,,,,,Front Right Bumper,,Passenger Car,One-Way Trafficway,,,,,Motor Vehicle in Transport,Motor Vehicle in Transport,,,,N,Level,Straight,Turning Right,Person,No Special Function,None,,
25888364,2024,1,HOMESTEAD,FL,33030,,Vehicle in Transport,FL,,N,1999,FORD,,PK,WHI,Minor,100,N,Driver,N,West,NW 9TH ST,,30,2,,,,,Right Front Door,Right Front Door,Pickup,"Two-Way, Not Divided",,,,,Motor Vehicle in Transport,Motor Vehicle in Transport,,,,N,Level,Straight,Other,No Controls,No Special Function,None,,
25890959,2024,1,CUTLER BAY,FL,33157,,Vehicle in Transport,FL,,N,2020,HOND,,4D,WHI,Minor,300,N,Driver,N,West,SW 176TH ST,,,2,,,,,Front Center Bumper,Front Center Bumper,Passenger Car,"Two-Way, Divided, Unprotected (painted >4 feet) Median",,,,,,Motor Vehicle in Transport,,,,N,Level,Straight,Turning Right,Stop Sign,No Special Function,None,,
25897328,2024,1,CRESTVIEW,FL,32539,N,Vehicle in Transport,NM,N,N,2021,CHEV,,PK,WHI,Functional,5000,N,,N,West,W/B STATE ROAD 20,15,45,4,,,,,Front Center Bumper,Front Center Bumper,Pickup,"Two-Way, Divided, Positive Median Barrier",,,,,Pedestrian,Pedestrian,,,,N,Level,Straight,Turning Right,No Controls,No Special Function,None,,
25903015,2024,1,,,,N,Vehicle in Transport,,,Y,,,,,,,0,N,,N,South,POWERLINE RD,,,,,,,,,,,,,,,,,Pedalcycle,,,,,,,,,,,,
25903230,2024,1,POMPANO BEACH,FL,33073,N,Vehicle in Transport,FL,N,N,2024,MAZD,,SUV,BLK,Minor,2000,N,,N,West,US1/SR5/N FED HWY,5,15,2,,,,,Right Front Fender,Right Front Fender,(Sport) Utility Vehicle,"Two-Way, Not Divided",,,,,Pedalcycle,Pedalcycle,,,,N,Level,Straight,Turning Right,No Controls,No Special Function,None,,
25909919,2024,1,,,,N,Vehicle in Transport,,N,Y,,,,,,,0,N,,N,,SE PORT ST LUCIE BLVD,,,,,,,,,,,,,,,,Pedalcycle,Pedalcycle,,,,N,Level,Straight,Parked,No Controls,No Special Function,None,,
25910727,2024,1,PORT SAINT LUCIE,FL,34953,N,Vehicle in Transport,FL,N,N,2020,HYUN,,SUV,BLK,Functional,500,N,,N,East,SW CALIFORNIA BLVD,30,40,2,,,,,Front Left Bumper,Front Left Bumper,(Sport) Utility Vehicle,"Two-Way, Not Divided",,,,,Motor Vehicle in Transport,Motor Vehicle in Transport,,,,N,Level,Straight,Straight Ahead,No Controls,No Special Function,None,,
25916304,2024,1,JENSEN BCH,FL,34957,N,Vehicle in Transport,FL,,N,2010,TOYT,,UT,WHI,Minor,250,N,Driver,N,South,NW SUNVIEW TERR,3,25,2,,,,,Front Center Bumper,Front Center Bumper,(Sport) Utility Vehicle,"Two-Way, Not Divided",,,,,Motor Vehicle in Transport,Motor Vehicle in Transport,,,,N,Level,Curve Left,Turning Right,Stop Sign,No Special Function,None,,
25916416,2024,1,STUART,FL,34997,N,Vehicle in Transport,FL,,N,2022,NISS,,UT,SIL,Minor,1500,N,Driver,N,East,SE WILLOUGHBY CAY TERR,5,25,2,,,,,Right Front Door,Right Front Door,(Sport) Utility Vehicle,"Two-Way, Divided, Positive Median Barrier",,,,,Pedalcycle,Pedalcycle,,,,N,Level,Straight,Turning Right,Stop Sign,No Special Function,None,,
25916434,2024,1,STUART,FL,34997,N,Vehicle in Transport,FL,,N,2010,CHEV,,4D,BRO,Minor,1500,N,Driver,N,South,SE FEDERAL HWY,5,45,6,,,,,Front Right Bumper,Right Front Fender,Passenger Car,"Two-Way, Divided, Positive Median Barrier",,,,,Motor Vehicle in Transport,Motor Vehicle in Transport,,,,N,Level,Straight,Straight Ahead,Traffic Control Signal,No Special Function,None,,
25919493,2024,1,CORAL SPRINGS,FL,33071,N,Vehicle in Transport,FL,N,N,2017,FORD,,2D,WHI,None,0,N,,N,South,S SR7,2,45,6,,,,,Front Center Bumper,,Passenger Car,"Two-Way, Divided, Positive Median Barrier",,,,,Pedestrian,Pedestrian,,,,N,Level,Straight,Turning Right,No Controls,No Special Function,None,,
25919557,2024,1,HOLLYWOOD,FL,33020,N,Vehicle in Transport,FL,N,N,2015,NISS,,4H,GRY/,None,0,N,,N,North,6700 STIRLING RD,15,15,2,,,,,Front Center Bumper,,Passenger Car,"Two-Way, Not Divided",,,,,Pedalcycle,Pedalcycle,,,,N,Level,Straight,Turning Right,No Controls,No Special Function,None,,
25920060,2024,1,PLANTATION,FL,33323,N,Vehicle in Transport,FL,N,N,2022,AUDI,,SUV,WHI,Minor,500,N,,N,East,6700 GRIFFIN RD,10,45,6,,,,,Front Left Bumper,Front Left Bumper,(Sport) Utility Vehicle,"Two-Way, Divided, Positive Median Barrier",,,,,Pedalcycle,Pedalcycle,,,,N,Level,Straight,Turning Right,No Controls,No Special Function,None,,
25920709,2024,1,DAVIE,FL,33325,N,Vehicle in Transport,FL,N,N,2019,HOND,,SUV,BLK,None,0,N,,N,North,12850 SR84 EB,1,45,2,,,,,Front Right Bumper,,(Sport) Utility Vehicle,One-Way Trafficway,,,,,,Pedestrian,,,,N,Level,Straight,Turning Right,Stop Sign,No Special Function,None,,
25921033,2024,1,FORT LAUDERDALE,FL,33309,N,Vehicle in Transport,FL,N,N,2018,RAM,,VN,WHI,Minor,500,N,,N,South,4600 GRIFFIN RD,5,10,2,,,,,Front Right Bumper,Front Right Bumper,"Cargo Van (10,000 lbs (4,536 kg) or less)","Two-Way, Not Divided",,,,,Pedalcycle,Pedalcycle,,,,N,Level,Straight,Straight Ahead,No Controls,No Special Function,None,,N
25927256,2024,1,MIAMI,FL,33055,N,Vehicle in Transport,FL,N,N,2014,DODG,,SW,WHI,Functional,500,N,Driver,N,West,7TH ST,10,25,2,,,,,Front Center Bumper,Front Center Bumper,(Sport) Utility Vehicle,"Two-Way, Not Divided",,,,,Motor Vehicle in Transport,Motor Vehicle in Transport,,,,N,Level,Straight,Straight Ahead,Stop Sign,No Special Function,None,,
25927493,2024,1,MIAMI BEACH,FF,33139,N,Vehicle in Transport,FL,N,N,2021,TOYT,,4D,WHI,Functional,800,N,Driver,N,West,13TH ST,5,20,2,,,,,Front Center Bumper,Front Center Bumper,Passenger Car,"Two-Way, Not Divided",,,,,Pedestrian,Motor Vehicle in Transport,Pedestrian,,,N,Level,Straight,Turning Left,Stop Sign,No Special Function,None,,
25927624,2024,1,EAST ELMHURST,NY,11369,N,Vehicle in Transport,NY,N,Y,2023,CHEV,,4D,GRY,Unknown,800,N,Driver,N,North,WASHINGTON CT,10,30,1,,,,,Left Rear Fender,Left Rear Fender,Unknown,One-Way Trafficway,,,,,Motor Vehicle in Transport,Motor Vehicle in Transport,,,,N,Level,Straight,Turning Left,Stop Sign,,,,
25927626,2024,1,MIAMI,FL,33175,N,Vehicle in Transport,FL,N,N,2018,MERZ,,4D,BLK,None,0,N,,N,West,6767 COLLINS AVE,0,15,1,,,,,Right Front Fender,Right Front Fender,Passenger Car,"Two-Way, Not Divided",,,,,Pedalcycle,Pedalcycle,,,,N,Level,Straight,Turning Right,No Controls,No Special Function,None,,
25927660,2024,1,MIAMI,FL,33132,N,Vehicle in Transport,FL,N,N,2020,GMC,,SW,BLK,Unknown,0,N,,N,West,VENETIAN CSWY,10,20,2,,,,,Right Rear Door,Right Rear Door,(Sport) Utility Vehicle,"Two-Way, Not Divided",,,,,Pedalcycle,Pedalcycle,,,,N,Level,Straight,Leaving Traffic Lane,No Controls,No Special Function,None,,
25927991,2024,1,PLANTATION,FL,33322,N,Vehicle in Transport,FL,N,N,2023,INFI,,4H,BLK,None,1000,N,Driver,N,East,71 STREET,25,35,5,,,,,Front Center Bumper,Front Center Bumper,(Sport) Utility Vehicle,"Two-Way, Not Divided",,,,,Pedestrian,Pedestrian,,,,N,Level,Straight,Straight Ahead,Traffic Control Signal,No Special Function,None,,
25928594,2024,1,LOS ANGELES,CA,90019,N,Vehicle in Transport,CA,N,N,2022,TESL,,4D,BLK,Minor,2000,N,,N,East,8TH ST,20,35,4,,,,,Left Rear Fender,Rear Left Bumper,Passenger Car,"Two-Way, Divided, Unprotected (painted >4 feet) Median",,,,,Motor Vehicle in Transport,Motor Vehicle in Transport,,,,N,Level,Straight,Straight Ahead,Traffic Control Signal,No Special Function,None,,
25928913,2024,1,OKLAHOMA CITY,OK,73134,N,Vehicle in Transport,FL,N,N,2024,KIA,,4H,GRY,Minor,1000,N,,N,North,MERIDIAN AVE,25,30,2,,,,,Front Center Bumper,Front Center Bumper,(Sport) Utility Vehicle,"Two-Way, Not Divided",,,,,Pedalcycle,Pedalcycle,,,,N,Level,Straight,Straight Ahead,No Controls,No Special Function,None,,
25928962,2024,1,MIAMI BEACH,FL,33139,N,Vehicle in Transport,FL,N,N,2007,CHEV,,4D,WHI,Functional,500,N,,N,North,STREET,15,30,2,,,,,Right Front Door,,(Sport) Utility Vehicle,"Two-Way, Divided, Unprotected (painted >4 feet) Median",,,,,Motor Vehicle in Transport,Motor Vehicle in Transport,,,,N,Level,Straight,Turning Right,No Controls,No Special Function,None,,
25929309,2024,1,MMIAMI,FL,33130,N,Vehicle in Transport,FL,N,N,2022,HYUN,,PK,GRY,Functional,500,N,Driver,N,South,ALTON ROAD,15,25,4,,,,,Front Right Bumper,Front Right Bumper,Pickup,"Two-Way, Divided, Unprotected (painted >4 feet) Median",,,,,Motor Vehicle in Transport,Motor Vehicle in Transport,,,,N,Level,Straight,Turning Right,No Controls,No Special Function,None,,
25930001,2024,1,CORAL GABLES,FL,33134,N,Vehicle in Transport,FL,N,N,2019,AUDI,,4D,WHI,Functional,100,N,Driver,N,East,16TH STREET,5,25,2,,,,,Left Front Door,Left Front Door,Passenger Car,"Two-Way, Not Divided",,,,,,Pedalcycle,,,,N,Level,Straight,Making U-Turn,No Controls,No Special Function,None,,
25930122,2024,1,NEW YORK,NY,10019,N,Vehicle in Transport,FL,N,N,2014,HOND,,4T,SIL,None,0,N,Driver,N,West,73RD STREET,5,35,2,,,,,Front Center Bumper,Front Center Bumper,(Sport) Utility Vehicle,"Two-Way, Not Divided",,,,,Pedalcycle,Pedalcycle,,,,N,Level,Straight,Straight Ahead,No Controls,No Special Function,None,,
