REPORT_NUMBER,CRASH_YEAR,PERSON_NUMBER,STATUTE_NUMBER,CHARGE,CITATION_NUMBER
89807746,2023,1,316.130(7)(b),FAILED TO YIELD RIGHT-OF-WAY TO PEDESTRIAN AT CROSSWALK WITH,AINLA0E
89976726,2023,1,316.075(1)(a)1,FAILED TO YIELD RIGHT-OF-WAY TO PEDESTRIAN,AIGB3JE
89977170,2023,1,316.130(7)(a),FAILED TO YIELD RIGHT-OF-WAY TO PEDESTRIAN AT INTERSECTION W,AIGBJQE
89977170,2023,1,316.646(1),"NO PROOF OF INSURANCE(IF VALID AT TIME CITATION WAS ISSUED,",AIGBJRE
25930124,2024,1,316.1925,CARELESS DRIVING,AKINQ3E
24644005,2024,1,316.193(3)(c)1,DRIVING UNDER THE INFLUENCE (DUI) W/ PROPERTY DAMAGE/INJURY,AJBE5OE
24644005,2024,1,316.130(7)(b),FAIL TO STOP FOR PEDESTRIAN IN MARKED CROSSWALK ON ROAD,AJBE5PE
24644005,2024,1,320.261,ATTACHING LICENSE PLATE/TAG NOT ASSIGNED,AJBEHWE
24644005,2024,1,322.03(1)(b),HAVING MORE THAN ONE VALID DRIVER'S LICENSE,AJBEHXE
25164487,2024,1,316.130-7C,FTYROW TO PED WHEN NO SIGNAL,AJFY13E
25165571,2024,2,316.130-10,PED FAIL TO YIELD TO TRAFFIC,AJG0KXE
25165654,2024,2,316.123-2A,RAN STOP SIGN,AJG1J9E
25360993,2024,1,316.075(1)(a)1,FAILED TO YIELD RIGHT-OF-WAY TO PEDESTRIAN,AJO71VE
25631188,2024,2,316.1925(1),CARELESS DRIVING,AJ5WQXE
25732091,2024,1,316.130(15),FAILED TO USE DUE CARE TOWARD PEDESTRIAN,AK2E9ZE
25751092,2024,1,316083,IMPROPER PASSING,AEHKICE
25751092,2024,1,322031,NO DRIVER LICENSE,AEHKI9E
25751092,2024,1,316646,SECURITY REQUIRED (NO INSURANCE),AWHKIDE
25751092,2024,1,316646,SECURITY REQUIRED (NO INSURANCE),AWHKIDE
25801643,2024,1,316.075(1)(a)1,FAILED TO YIELD RIGHT-OF-WAY TO PEDESTRIAN,AJO9BLE
25834216,2024,1,316.2005,OPENING DOOR INTO MOVING TRAFFIC,AJDEM3E
25880685,2024,1,316.1925(1),CARELESS DRIVING,242038WA
25882395,2024,2,316.1995(1),DRIVING MOTORIZED VEHICLE ON SIDEWALK,AIY2F7E
25882621,2024,1,316.027(2)(a),CRASH - Leaving scene on public/private property without ren,AJPGW2E
25885053,2024,1,316.130(7)(b),FAIL YLD ROW/PED CROSSWLK,AIQ5UME
25888364,2024,1,322.03(1),NO DRIVER LICENSE,VERBAL
25890959,2024,1,320.0605,FAILURE TO PROVIDE REGISTRATION/TEMPORARY INTERNET RECEIPT,AJ73FBE
25890959,2024,1,316.1925(1),CARELESS DRIVING,AJE0W8E
25916434,2024,1,316.1925(1),CARELESS DRIVING,AJ9LTME
25919557,2024,1,316.125(2),T:FTYROW ENTERING HWY FROM PRIVATE PROP (M),AITBTLE
25920060,2024,1,316.1925(1),T:CARELESS DRIVING (M),AITD3LE
25921033,2024,1,316.125(1),T:FAIL TO YIELD ENTER/CROSS HGWY TO VEH (M),AJF6P7E
25927256,2024,2,316.123,FAILED TO STOP AT THE STOP SIGN,AHHK60E
25927624,2024,1,316.1925,CARELESS DRIVING,AH8JNKE
25927624,2024,1,316.061(1),LEAVING THE SCENE OF A CRASH,AH8JOPE
25927660,2024,1,316.066(1)(D),NO PROOF OF INSURANCE AT A CRASH SCENE,AIMLTIE
25927660,2024,1,316.075(1)(A)1,FAILURE TO YIELD ROW TO A PEDESTRIAN,AIYJAQE
25927991,2024,1,316.075,FAILURE TO STOP AT STEADY RED LIGHT,AJILLKE
25928913,2024,1,316.075(1)(C),RAN RED LIGHT,AK0018E
25928962,2024,1,316.1925(1),CARELESS DRIVING,AJ5W4AE
25929309,2024,1,316.1925(1),CARELESS DRIVING,AK9F57E
25930001,2024,2,316.081(3),LEFT LANE OVER TAKING VEHICLE FROM THE REAR,AK9D2PE
