REPORT_NUMBER,CRASH_YEAR,CRASH_DATE_AND_TIME,REPORT_DATE_AND_TIME,INVESTIGATING_AGENCY_REPORT_NUMBER,FORM_TYPE,TOTAL_NUMBER_OF_VEHICLES,TOTAL_NUMBER_OF_PERSONS,COUNTY_CODE,CITY_CODE,COUNTY_NAME,CITY_NAME,RURAL_OR_URBAN,NOTIFIED_TIME,DISPATCHED_TIME,ARRIVED_TIME,CLEARED_TIME,COMPLETED_FLAG,NOTIFIED_BY,ON_STREET_ROAD_HIGHWAY,STREET_ADDRESS_NUMBER,LATITUDE,LONGITUDE,FEET_FROM_INTERSECTION,DIRECTION_FROM_INTERSECTION,FROM_INTERSECTION_OF,MILEPOST_NUMBER,ROAD_SYSTEM_IDENTIFER,TYPE_OF_SHOULDER,TYPE_OF_INTERSECTION,PHOTOS_TAKEN,LIGHT_CONDITION,WEATHER_CONDITION,ROAD_SURFACE_CONDITION,SCHOOL_BUS_RELATED_CODE,TYPE_OF_IMPACT,FIRST_HARMFUL_EVENT,LOCATION,INTERCHANGE_FLAG,JUNCTION_FLAG,ROAD_CIRCUMSTANCES_1,ROAD_CIRCUMSTANCES_2,ROAD_CIRCUMSTANCES_3,ENVIRONMENT_CIRCUMSTANCES_1,ENVIRONMENT_CIRCUMSTANCES_2,ENVIRONMENT_CIRCUMSTANCES_3,WORK_ZONE_RELATED_FLAG,CRASH_IN_WORK_ZONE,TYPE_OF_WORK_ZONE,WORKERS_PRESENT,LAW_ENFORCEMENT_PRESENT,INVESTIGATOR_RANK,INVESTIGATING_AGENCY_NAME,INVESTIGATING_AGENCY_TYPE,LOAD_DATE,UPDATE_DATE,DAYS_TO_LOAD,CODEABLE,S4_CRASH_TYPE,S4_CRASH_TYPE_SIMPLIFIED,S4_CRASH_SEVERITY,S4_CRASH_SEVERITY_DETAIL,S4_DAY_OR_NIGHT,S4_IS_AGGRESSIVE_DRIVING,S4_IS_ALCOHOL_RELATED,S4_IS_CMV_INVOLVED,S4_IS_DISTRACTED,S4_IS_DRUG_RELATED,S4_IS_HIT_AND_RUN,S4_IS_INTERSECTION_RELATED,S4_IS_LANE_DEPARTURE_RELATED,S4_IS_SPEEDING_RELATED,S4_NONE_INJURY_COUNT,S4_INJURY_COUNT,S4_POSSIBLE_INJURY_COUNT,S4_NON_INCAPACITATING_INJURY_COUNT,S4_INCAPACITATING_INJURY_COUNT,S4_FATALITY_COUNT,S4_FATALITY_WITHIN_30_DAYS_COUNT,S4_NON_TRAFFIC_FATALITY_COUNT,S4_TRAILER_COUNT,S4_MOTORCYCLE_COUNT,S4_MOPED_COUNT,S4_NON_MOTORIST_COUNT,S4_BICYCLIST_COUNT,S4_PEDESTRIAN_COUNT,S4_DRIVER_COUNT,S4_AGING_DRIVER_COUNT,S4_TEENAGER_DRIVER_COUNT,S4_PASSENGER_COUNT,S4_UNRESTRAINED_COUNT,S4_UNRESTRAINED_INJURY_COUNT,S4_UNRESTRAINED_INCAPACITATING_INJURY_COUNT,S4_UNRESTRAINED_FATALITY_COUNT,S4_MOTORCYCLIST_COUNT,S4_MOTORCYCLIST_INCAPACITATING_INJURY_COUNT,S4_MOTORCYCLIST_FATALITY_COUNT,S4_IS_PEDESTRIAN_INVOLVED,S4_PEDESTRIAN_INCAPACITATING_INJURY_COUNT,S4_PEDESTRIAN_FATALITY_COUNT,S4_IS_BICYCLIST_INVOLVED,S4_BICYCLIST_INCAPACITATING_INJURY_COUNT,S4_BICYCLIST_FATALITY_COUNT,S4_CITATION_COUNT,S4_CITATION_AMOUNT,S4_PROPERTY_DAMAGE_COUNT,S4_PROPERTY_DAMAGE_AMOUNT,S4_VEHICLE_DAMAGE_COUNT,S4_VEHICLE_DAMAGE_AMOUNT,S4_TOTAL_DAMAGE_AMOUNT,S4_TRANSPORT_BY_EMS_COUNT,S4_TRANSPORT_BY_LAW_ENFORCEMENT_COUNT,S4_TRANSPORT_BY_OTHER_COUNT,S4_GEOLOCATION_STATUS,S4_PRELIMINARY_GEOLOCATION_STATUS,S4_X,S4_Y,S4_LATITUDE,S4_LONGITUDE
25196722,2025,11-JAN-2025 03:02 PM,11-JAN-2025 12:00 AM,25000175,S,1,2,26,50,Osceola,St. Cloud,Urban,1/11/2025 3:02:00 PM,1/11/2025 3:09:00 PM,1/11/2025 3:21:00 PM,1/11/2025 3:42:00 PM,Y,Law Enforcement,13TH ST,4475,,,402,East,,,Other,Paved,Not at Intersection,N,Daylight,Clear,Dry,N,Other,Pedestrian,Off Roadway,N,Non-Junction,None,,,None,,,N,,,,,POLICE OFFICER,St. Cloud Police Department,Police Department (PD),1/14/2025 8:09:00 PM,1/14/2025 8:09:00 PM,3,N,Pedestrian,Pedestrian,No Injury,No Injury,DAY,N,N,N,N,N,N,N,N,N,2,0,0,0,0,0,0,0,0,0,0,1,1,0,1,0,0,0,0,0,0,0,0,0,0,N,0,0,Y,0,0,0,0,0,0,1,100,100,0,0,0,Preliminary,Computer mapped confident by address,468840.1765,3125386.1039,28.2540491111652,-81.3176616192159
25929535,2025,07-FEB-2025 02:50 PM,20-MAR-2025 02:21 PM,2025-14618,L,1,2,1,68,Miami-Dade,Miami Beach,Urban,2/7/2025 2:52:00 PM,2/7/2025 3:05:00 PM,2/7/2025 3:05:00 PM,2/7/2025 4:30:00 PM,Y,Law Enforcement,16TH ST,,25.78913,-80.13253,0,,DREXEL AVE,,Local,Curb,Not at Intersection,N,Daylight,Clear,Dry,N,"Sideswipe, Same Direction",Motor Vehicle in Transport,On Roadway,N,Non-Junction,None,,,None,,,N,,,,,Detective,Miami Beach Police Department,Police Department (PD),2/11/2025 8:21:00 PM,3/21/2025 8:01:00 PM,4,Y,Single Vehicle,Other,No Injury,No Injury,DAY,N,N,N,N,N,Y,N,Y,N,2,0,0,0,0,0,0,0,0,0,0,1,1,0,1,1,0,0,0,0,0,0,0,0,0,N,0,0,Y,0,0,0,0,2,1400,0,0,1400,0,0,0,Preliminary,Computer mapped confident by address,586923.0119,2852614.121,25.7890968439918,-80.1330074466063
25941785,2025,08-JAN-2025 10:09 AM,08-JAN-2025 05:00 AM,25-001185,L,1,2,16,50,Sarasota,Sarasota,Urban,1/8/2025 10:09:00 AM,1/8/2025 10:09:00 AM,1/8/2025 10:09:00 AM,1/8/2025 12:19:00 PM,Y,Law Enforcement,S WASHINGTON BLVD,,,,0,,RINGLING BLVD,,Local,Curb,Four-Way Intersection,,Daylight,Clear,Dry,N,Angle,Motor Vehicle in Transport,Shoulder,Y,Intersection-Related,None,,,None,,,N,,,,,OFC.,Sarasota Police Department,Police Department (PD),1/16/2025 7:28:00 PM,1/16/2025 7:28:00 PM,8,Y,Single Vehicle,Other,Injury,Possible Injury,DAY,N,N,N,N,N,N,Y,N,N,1,1,1,0,0,0,0,0,0,0,0,1,1,0,1,1,0,0,0,0,0,0,0,0,0,N,0,0,Y,0,0,0,0,0,0,0,0,0,1,0,0,Preliminary,Computer mapped confident by address,348543.9064,3024535.7226,27.3355950268237,-82.5310066497747
25979099,2025,02-FEB-2025 05:20 PM,02-FEB-2025 12:00 AM,PO250000633,L,1,2,8,56,Volusia,Port Orange,Urban,2/2/2025 5:20:00 PM,2/2/2025 5:25:00 PM,2/2/2025 5:25:00 PM,2/2/2025 5:50:00 PM,Y,Law Enforcement,GORDON ST,,29.139333,-81.01196,0,,S NOVA RD,,Local,Paved,T-Intersection,Y,Dusk,Clear,Dry,N,,Pedestrian,Off Roadway,N,Intersection,None,,,None,,,N,,,,,OFC,Port Orange Police Department,Police Department (PD),2/6/2025 7:29:00 PM,2/6/2025 7:29:00 PM,4,Y,Pedestrian,Pedestrian,Injury,Non-Incapacitating Injury,DAY,N,N,N,N,N,N,Y,N,N,1,1,0,1,0,0,0,0,0,0,0,1,1,0,1,0,0,0,0,0,0,0,0,0,0,N,0,0,Y,0,0,0,0,0,0,1,200,200,1,0,0,Preliminary,Officer Mapped,498836.907,3223422.1532,29.1393277223467,-81.0119574852731
26017312,2025,01-FEB-2025 09:50 AM,01-FEB-2025 10:13 AM,CPD25OFF000350,L,1,2,43,30,Okaloosa,Crestview,Urban,2/1/2025 9:53:00 AM,2/1/2025 9:54:00 AM,2/1/2025 9:55:00 AM,2/1/2025 10:29:00 AM,Y,Law Enforcement,S WILSON ST,,30.75618,-86.56931,,,MARTIN LUTHER KING BLVD,,Local,Unpaved,Four-Way Intersection,N,Daylight,Clear,Dry,N,Other,Pedalcycle,On Roadway,N,Non-Junction,None,,,None,,,N,,,,,OFC,Crestview Police Department,Police Department (PD),2/4/2025 8:00:00 PM,2/4/2025 8:00:00 PM,3,Y,Bicycle,Bicycle,Serious Injury,Incapacitating Injury,DAY,N,N,N,N,N,N,N,N,N,1,1,0,0,1,0,0,0,0,0,0,1,1,0,1,1,0,0,0,0,0,0,0,0,0,N,0,0,Y,1,0,0,0,1,200,1,100,300,1,0,0,Preliminary,Editor Mapped,-33437.9101,3415861.1269,30.7561405483526,-86.5693778347391
26032084,2025,04-FEB-2025 08:46 AM,04-FEB-2025 12:00 AM,2025TA001250,L,1,2,7,54,Orange,Winter Park,Urban,2/4/2025 8:48:00 AM,2/4/2025 8:49:00 AM,2/4/2025 8:53:00 AM,2/4/2025 10:00:00 AM,Y,Law Enforcement,VIA TUSCANY,,28.623932,-81.340317,0,,HOWELL BRANCH RD,,Local,Curb,T-Intersection,N,Daylight,"Fog, Smog, Smoke",Dry,N,,Pedalcycle,On Roadway,N,Intersection,None,,,None,,,N,,,,,MPO,Winter Park Police Department,Police Department (PD),2/11/2025 8:21:00 PM,2/11/2025 8:21:00 PM,7,Y,Bicycle,Bicycle,Injury,Possible Injury,DAY,N,N,N,N,N,N,Y,N,N,1,1,1,0,0,0,0,0,0,0,0,1,1,0,1,1,0,0,0,0,0,0,0,0,0,N,0,0,Y,0,0,2,0,0,0,1,1000,1000,1,0,0,Preliminary,Officer Mapped,466734.1086,3166368.3794,28.6239264383052,-81.3403135811948
26119519,2025,25-JAN-2025 05:30 PM,25-JAN-2025 08:18 PM,49879,L,1,1,2,38,Duval,Jacksonville,Urban,1/25/2025 6:20:00 PM,1/25/2025 7:30:00 PM,1/25/2025 7:45:00 PM,1/25/2025 8:19:00 PM,N,Law Enforcement,CHERRY AVE,,30.319948384815,-81.447651930176,119,West,COCOANUT RD,,Local,Curb,Not at Intersection,N,Dark - Lighted,Clear,Dry,N,"Sideswipe, Same Direction",Pedalcycle,On Roadway,N,Non-Junction,None,,,None,,,N,,,,,OFFICER,Jacksonville Sheriff's Office,Sheriff's Office (SO),1/26/2025 7:19:00 PM,1/26/2025 7:19:00 PM,1,Y,Bicycle,Bicycle,Injury,Possible Injury,DAY,N,N,N,N,N,Y,N,Y,N,0,1,1,0,0,0,0,0,0,0,0,1,1,0,0,0,0,0,0,0,0,0,0,0,0,N,0,0,Y,0,0,0,0,0,0,0,0,0,0,0,0,Preliminary,Officer Mapped,456964.2645,3354323.3228,30.3199426200663,-81.4476487377757
26195374,2025,21-JAN-2025 01:09 PM,21-JAN-2025 12:00 AM,25-005492,L,1,2,6,34,Palm Beach,Boynton Beach,Urban,1/21/2025 1:10:00 PM,1/21/2025 1:12:00 PM,1/21/2025 1:23:00 PM,1/21/2025 2:15:00 PM,Y,Law Enforcement,RENAISSANCE COMMONS BLVD,1861,26.545279,-80.088791,,,,,Parking Lot,Paved,Not at Intersection,N,Daylight,Cloudy,Wet,N,,Pedalcycle,In Parking Lane or Zone,N,Non-Junction,None,,,None,,,N,,,,,PSA,Boynton Beach Police Department,Police Department (PD),2/4/2025 8:00:00 PM,2/4/2025 8:00:00 PM,14,Y,Bicycle,Bicycle,Injury,Non-Incapacitating Injury,DAY,N,N,N,N,N,Y,N,N,N,0,1,0,1,0,0,0,0,0,0,0,1,1,0,1,0,0,0,0,0,0,0,0,0,0,N,0,0,Y,0,0,0,0,1,300,0,0,300,0,0,0,Preliminary,Officer Mapped,590769.0683,2936394.3875,26.5452742570665,-80.0887891023489
26195398,2025,24-JAN-2025 10:30 AM,24-JAN-2025 12:00 AM,25-006304,L,1,2,6,34,Palm Beach,Boynton Beach,Urban,1/24/2025 3:41:00 PM,1/24/2025 3:42:00 PM,1/24/2025 3:45:00 PM,1/24/2025 5:00:00 PM,Y,Law Enforcement,HIGH RIDGE RD,2100,26.549661,-80.072886,326,South,,,Parking Lot,Curb,Not at Intersection,N,Daylight,Clear,Dry,N,,Pedestrian,In Parking Lane or Zone,N,Non-Junction,None,,,None,,,N,,,,,OFFICER,Boynton Beach Police Department,Police Department (PD),1/29/2025 7:29:00 PM,1/29/2025 7:29:00 PM,5,N,Pedestrian,Pedestrian,No Injury,No Injury,DAY,N,N,N,N,N,N,N,N,N,2,0,0,0,0,0,0,0,0,0,0,1,1,0,1,0,0,0,0,0,0,0,0,0,0,N,0,0,Y,0,0,0,0,1,250,0,0,250,0,0,0,Preliminary,Officer Mapped,592350.0889,2936891.0548,26.5496558225957,-80.0728831768356
26203907,2025,16-JAN-2025 04:36 PM,16-JAN-2025 12:00 AM,25000453,L,1,3,4,46,Pinellas,Largo,Urban,1/16/2025 4:36:00 PM,1/16/2025 4:39:00 PM,1/16/2025 4:42:00 PM,1/16/2025 5:33:00 PM,Y,Motorist,8TH AVE SW,,,,0,,11TH ST SW,,Local,Paved,Not at Intersection,N,Daylight,Clear,Dry,N,Other,Pedalcycle,On Roadway,N,Non-Junction,None,,,None,,,N,,,,,OFFICER,Largo Police Department,Police Department (PD),1/24/2025 7:58:00 PM,1/24/2025 7:58:00 PM,8,Y,Bicycle,Bicycle,Injury,Possible Injury,DAY,N,N,N,N,N,N,N,N,N,2,1,1,0,0,0,0,0,0,0,0,1,1,0,1,0,0,1,0,0,0,0,0,0,0,N,0,0,Y,0,0,0,0,0,0,1,300,300,0,0,0,Preliminary,Computer plot approximate by lat/long,328352.3566,3085932.8839,27.8872348427373,-82.7437965717766
26203910,2025,17-JAN-2025 11:24 AM,17-JAN-2025 12:00 AM,25000476,L,1,2,4,46,Pinellas,Largo,Urban,1/17/2025 11:24:00 AM,1/17/2025 11:24:00 AM,1/17/2025 11:25:00 AM,1/17/2025 12:23:00 PM,Y,Motorist,WEST BAY DR,,,,226,West,14TH ST SW,,Local,Paved,Not at Intersection,N,Daylight,Cloudy,Dry,N,Angle,Pedalcycle,On Roadway,N,Non-Junction,None,,,None,,,N,,,,,OFFICER,Largo Police Department,Police Department (PD),1/24/2025 7:58:00 PM,1/24/2025 7:58:00 PM,7,Y,Bicycle,Bicycle,Injury,Possible Injury,DAY,N,N,N,N,N,N,N,N,N,1,1,1,0,0,0,0,0,1,0,0,1,1,0,1,0,0,0,0,0,0,0,0,0,0,N,0,0,Y,0,0,0,0,0,0,0,0,0,0,0,0,Preliminary,Computer mapped confident by address,322454.335,3089287.7615,27.9167348441021,-82.8041939213961
26216356,2025,12-JAN-2025 02:03 PM,12-JAN-2025 12:00 AM,2025000737,L,1,2,48,0,Clay,Unincorporated,Rural,1/12/2025 2:03:00 PM,1/12/2025 2:05:00 PM,1/12/2025 2:13:00 PM,1/12/2025 2:42:00 PM,Y,Law Enforcement,BLANDING BLVD,,30.128007,-81.790357,0,,TANGLEWOOD BLVD,,Local,Curb,Four-Way Intersection,N,Daylight,Clear,Dry,N,,Pedestrian,On Roadway,Y,Intersection,None,,,None,,,N,,,,,DEPUTY,Clay County Sheriff's Office,Sheriff's Office (SO),1/21/2025 7:50:00 PM,1/21/2025 7:50:00 PM,9,Y,Pedestrian,Pedestrian,Injury,Non-Incapacitating Injury,DAY,N,N,N,N,N,N,Y,N,N,1,1,0,1,0,0,0,0,0,0,0,1,1,0,1,0,0,0,0,0,0,0,0,0,0,N,0,0,Y,0,0,0,0,0,0,1,0,0,0,0,0,Preliminary,Officer Mapped,423869.0223,3333232.6978,30.1280018169009,-81.7903537222851
26410469,2025,31-JAN-2025 06:25 PM,31-JAN-2025 08:15 PM,FHP25ON0049925,L,1,1,12,32,Lake,Eustis,Urban,1/31/2025 7:17:00 PM,1/31/2025 7:35:00 PM,1/31/2025 7:41:00 PM,1/31/2025 9:35:00 PM,Y,Law Enforcement,ABRAMS ROAD,,28.83786,-81.65453,149,South,JOANNA DRIVE,,County,Paved,T-Intersection,N,Dusk,Clear,Dry,N,Other,Pedestrian,Off Roadway,N,Non-Junction,None,,,None,,,N,,,,,TPR,Florida Highway Patrol,Florida Highway Patrol (FHP),2/13/2025 7:30:00 PM,2/13/2025 7:30:00 PM,13,Y,Pedestrian,Pedestrian,Injury,Non-Incapacitating Injury,DAY,N,N,N,N,N,Y,N,N,N,0,1,0,1,0,0,0,0,0,0,0,1,1,0,0,0,0,0,0,0,0,0,0,0,0,N,0,0,Y,0,0,0,0,0,0,1,500,500,0,0,1,Preliminary,Computer mapped confident by address,436152.4829,3190151.6526,28.8374416347062,-81.6544900441786
26419022,2025,06-JAN-2025 03:44 PM,06-JAN-2025 05:44 PM,FHP25ON0008237,L,1,2,4,0,Pinellas,Unincorporated,Rural,1/6/2025 3:46:00 PM,1/6/2025 4:42:00 PM,1/6/2025 5:28:00 PM,1/6/2025 6:10:00 PM,Y,Law Enforcement,6384 SR 688 (ULMERTON RD),,27.8935739789907,-82.7242552427385,457,West,US 19,,State,Curb,T-Intersection,N,Daylight,Clear,Dry,N,Angle,Pedalcycle,Off Roadway,N,Driveway/Alley Access Related,None,,,None,,,N,,,,,TPR,Florida Highway Patrol,Florida Highway Patrol (FHP),1/9/2025 7:33:00 PM,1/9/2025 7:33:00 PM,3,Y,Bicycle,Bicycle,Serious Injury,Incapacitating Injury,DAY,N,N,N,N,N,N,N,N,N,1,1,0,0,1,0,0,0,0,0,0,1,1,0,1,0,0,0,0,0,0,0,0,0,0,N,0,0,Y,1,0,2,0,1,2000,1,3000,5000,1,0,0,Preliminary,Editor Mapped,330290.3332,3086600.3636,27.8935053443499,-82.7242111096564
26420350,2025,04-FEB-2025 05:00 PM,04-FEB-2025 05:35 PM,FHP25ON0055948,L,1,4,47,0,Citrus,Unincorporated,Rural,2/4/2025 5:03:00 PM,2/4/2025 5:05:00 PM,2/4/2025 5:16:00 PM,2/4/2025 6:25:00 PM,Y,Law Enforcement,1976 WEST GULF TO LAKE HIGHWAY(INTER COUNTY R,,28.85204,-82.46687,159,East,STATE ROAD 44,,Other,Unpaved,Not at Intersection,N,Daylight,Clear,Dry,N,Other,Pedalcycle,Roadside,N,Driveway/Alley Access Related,None,,,None,,,N,,,,,TPR,Florida Highway Patrol,Florida Highway Patrol (FHP),2/11/2025 8:20:00 PM,2/11/2025 8:20:00 PM,7,Y,Bicycle,Bicycle,Injury,Non-Incapacitating Injury,DAY,N,N,N,N,N,N,N,N,N,2,2,1,1,0,0,0,0,0,0,0,2,2,0,1,0,0,1,0,0,0,0,0,0,0,N,0,0,Y,0,0,1,0,1,50,1,500,550,2,0,0,Preliminary,Computer plot approximate by lat/long,356915.8867,3192476.4607,28.8520346353819,-82.4668665652652
26427822,2025,10-JAN-2025 02:30 PM,10-JAN-2025 03:03 PM,FHP25ON0014662,L,1,3,11,34,Alachua,Gainesville,Rural,1/10/2025 2:37:00 PM,1/10/2025 2:40:00 PM,1/10/2025 3:11:00 PM,1/10/2025 3:34:00 PM,Y,Law Enforcement,SE 15TH ST,,29.62923,-82.30584,0,,SE 23RD LN,,Local,Paved,Not at Intersection,N,Daylight,Clear,Dry,N,Other,Motor Vehicle in Transport,On Roadway,N,Non-Junction,None,,,None,,,N,,,,,TPR,Florida Highway Patrol,Florida Highway Patrol (FHP),1/26/2025 7:19:00 PM,1/26/2025 7:19:00 PM,16,Y,Single Vehicle,Other,Serious Injury,Incapacitating Injury,DAY,N,N,N,N,N,N,N,N,N,2,1,0,0,1,0,0,0,0,0,0,2,2,0,1,0,0,0,1,0,0,0,0,0,0,N,0,0,Y,1,0,0,0,1,500,0,0,500,1,0,0,Preliminary,Editor Mapped,373587.316,3278414.2582,29.629228437754,-82.3058013652087
26430991,2025,17-JAN-2025 09:20 AM,17-JAN-2025 01:27 PM,FHP25ON0025133,L,1,3,7,50,Orange,Windermere,Rural,1/17/2025 9:24:00 AM,1/17/2025 12:38:00 PM,1/17/2025 1:09:00 PM,1/17/2025 1:44:00 PM,Y,Law Enforcement,GRAY ROCK TRAIL,,28.43902,-81.55913,,,OUTLOOK ROCK TRAIL,,Local,Curb,Four-Way Intersection,N,Daylight,Clear,Dry,N,Other,Pedalcycle,On Roadway,N,Intersection,None,,,None,,,N,,,,,CORPORAL,Florida Highway Patrol,Florida Highway Patrol (FHP),1/31/2025 7:38:00 PM,1/31/2025 7:38:00 PM,14,Y,Bicycle,Bicycle,Serious Injury,Incapacitating Injury,DAY,N,N,N,N,N,N,Y,N,N,2,1,0,0,1,0,0,0,0,0,0,1,1,0,1,1,0,1,0,0,0,0,0,0,0,N,0,0,Y,1,0,0,0,1,300,1,500,800,1,0,0,Preliminary,Editor Mapped,445289.8911,3145976.4809,28.4391375445905,-81.5587116600193
26434954,2025,13-JAN-2025 08:50 AM,13-JAN-2025 09:32 AM,FHP25ON0018638,L,1,4,19,50,Brevard,Rockledge,Rural,1/13/2025 9:00:00 AM,1/13/2025 9:02:00 AM,1/13/2025 9:07:00 AM,1/13/2025 10:01:00 AM,Y,Law Enforcement,HENNESSY PLACE,,28.2652067156293,-80.7363250548075,563,South,STADIUM PARKWAY,,County,Curb,T-Intersection,N,Daylight,Clear,Dry,N,Angle,Pedestrian,On Roadway,N,Intersection-Related,None,,,None,,,N,,,,,TPR,Florida Highway Patrol,Florida Highway Patrol (FHP),1/24/2025 7:58:00 PM,1/24/2025 7:58:00 PM,11,Y,Pedestrian,Pedestrian,Injury,Possible Injury,DAY,N,N,N,N,N,N,Y,N,N,3,1,1,0,0,0,0,0,0,0,0,1,1,0,1,0,0,2,0,0,0,0,0,0,0,N,0,0,Y,0,0,1,0,1,179,1,5,184,1,0,0,Preliminary,Computer plot approximate by lat/long,525861.7747,3126608.8426,28.2652014500428,-80.7363221379539
26436214,2025,28-JAN-2025 07:30 AM,28-JAN-2025 09:32 AM,FHP25ON0043596,L,1,2,7,46,Orange,Orlando,Rural,1/28/2025 7:40:00 AM,1/28/2025 7:47:00 AM,1/28/2025 8:37:00 AM,1/28/2025 9:56:00 AM,Y,Law Enforcement,US 441 (ORANGE BLOSSOM TRAIL),,28.47258,-81.39655,0,,OAK RIDGE ROAD,,U.S.,Curb,Not at Intersection,N,Daylight,Clear,Dry,N,Other,Pedalcycle,On Roadway,N,Non-Junction,None,,,None,,,N,,,,,TPR,Florida Highway Patrol,Florida Highway Patrol (FHP),1/31/2025 7:38:00 PM,1/31/2025 7:38:00 PM,3,Y,Bicycle,Bicycle,Injury,Possible Injury,DAY,N,N,N,Y,N,N,N,N,N,1,1,1,0,0,0,0,0,0,0,0,1,1,0,1,0,0,0,0,0,0,0,0,0,0,N,0,0,Y,0,0,1,0,1,50,1,1000,1050,0,0,0,Preliminary,Computer mapped confident by address,461162.2063,3149625.7813,28.4726467073287,-81.3967468884509
26436364,2025,30-JAN-2025 01:00 PM,30-JAN-2025 01:29 PM,FHP25ON0047309,L,1,2,8,36,Volusia,Deland,Rural,1/30/2025 1:02:00 PM,1/30/2025 1:09:00 PM,1/30/2025 1:43:00 PM,1/30/2025 2:30:00 PM,Y,Law Enforcement,STATE ROAD 472,,28.97304,-81.29267,1,West,US 17 (WOODLAND BOULEVARD),,U.S.,Unpaved,Not at Intersection,N,Daylight,Clear,Dry,N,Angle,Pedalcycle,On Roadway,N,Other,None,,,None,,,N,,,,,TPR,Florida Highway Patrol,Florida Highway Patrol (FHP),2/1/2025 7:28:00 PM,2/1/2025 7:28:00 PM,2,Y,Bicycle,Bicycle,Injury,Non-Incapacitating Injury,DAY,N,N,N,N,N,N,N,N,N,1,1,0,1,0,0,0,0,0,0,0,1,1,0,1,0,0,0,0,0,0,0,0,0,0,N,0,0,Y,0,0,1,0,0,0,1,300,300,1,0,0,Preliminary,Computer mapped confident by address,471251.1088,3205064.9642,28.9733145491558,-81.2950869009201
26437354,2025,01-JAN-2025 02:00 PM,01-JAN-2025 03:31 PM,FHP25ON0000888,L,1,1,36,0,Walton,Unincorporated,Rural,1/1/2025 2:31:00 PM,1/1/2025 2:41:00 PM,1/1/2025 3:13:00 PM,1/1/2025 3:47:00 PM,Y,Law Enforcement,U.S.98 (STATE ROAD 30),,30.37392,-86.22062,0,,VETERANS RD,,U.S.,Unpaved,Not at Intersection,N,Daylight,Clear,Dry,N,Unknown,Motor Vehicle in Transport,Shoulder,N,Non-Junction,None,,,None,,,N,,,,,TPR,Florida Highway Patrol,Florida Highway Patrol (FHP),1/3/2025 7:38:00 PM,1/3/2025 7:38:00 PM,2,Y,Single Vehicle,Other,Injury,Non-Incapacitating Injury,DAY,N,N,N,N,N,Y,N,N,N,0,1,0,1,0,0,0,0,0,0,0,1,1,0,0,0,0,0,0,0,0,0,0,0,0,N,0,0,Y,0,0,0,0,0,0,0,0,0,0,0,0,Preliminary,Computer plot approximate by lat/long,-1959.54310000036,3371802.6818,30.373914285782,-86.220615539349
26439595,2025,01-FEB-2025 03:53 PM,22-APR-2025 09:00 AM,FHP25ON0051170,L,1,2,29,0,Columbia,Unincorporated,Rural,2/1/2025 4:03:00 PM,2/1/2025 4:05:00 PM,2/1/2025 4:17:00 PM,2/1/2025 6:22:00 PM,Y,Law Enforcement,SW SCRUBTOWN RD,,29.89456,-82.63019,1015,South,CR-778,,Local,Unpaved,Not at Intersection,Y,Daylight,Clear,Dry,N,Other,Other Non-Collision,On Roadway,N,Non-Junction,None,,,None,,,N,,,,,SGT,Florida Highway Patrol,Florida Highway Patrol (FHP),2/7/2025 8:01:00 PM,4/29/2025 7:50:00 PM,6,Y,Single Vehicle,Other,Fatality,Fatal (within 30 days),DAY,N,N,N,N,N,N,N,Y,N,1,0,0,0,0,1,1,0,0,0,0,1,1,0,1,0,0,0,0,0,0,0,0,0,0,N,0,0,Y,0,1,0,0,1,200,1,500,700,1,0,0,Preliminary,Computer mapped confident by address,342588.3462,3308672.4023,29.8986575342119,-82.6303280549455
26447677,2025,26-JAN-2025 09:40 PM,26-JAN-2025 10:08 PM,FHP25ON0041740,S,1,2,23,50,Bay,Panama City,Urban,1/26/2025 9:49:00 PM,1/26/2025 9:49:00 PM,1/26/2025 9:49:00 PM,1/26/2025 10:25:00 PM,Y,Law Enforcement,THOMAS DRIVE,,30.16773,-85.78921,0,,JOAN AVENUE,,Local,Paved,Not at Intersection,N,Dark - Lighted,Clear,Dry,N,Angle,Pedalcycle,On Roadway,N,Non-Junction,None,,,None,,,N,,,,,TPR,Florida Highway Patrol,Florida Highway Patrol (FHP),2/3/2025 7:40:00 PM,2/3/2025 7:40:00 PM,8,N,Bicycle,Bicycle,No Injury,No Injury,NIGHT,N,N,N,N,N,N,N,N,N,2,0,0,0,0,0,0,0,0,0,0,1,1,0,1,1,0,0,0,0,0,0,0,0,0,N,0,0,Y,0,0,0,0,0,0,0,0,0,0,0,0,Preliminary,Computer mapped confident by address,38547.1194000002,3347119.1537,30.1680943797658,-85.7898055493861
26467325,2025,19-JAN-2025 05:50 PM,19-JAN-2025 06:35 PM,FHP25ON0029417,L,1,2,28,0,Pasco,Unincorporated,Rural,1/19/2025 5:55:00 PM,1/19/2025 5:57:00 PM,1/19/2025 6:21:00 PM,1/19/2025 9:07:00 PM,Y,Law Enforcement,MENTMORE BLVD,,28.20514,-82.52289,0,,BALLENTRAE BLVD,,Local,Paved,Four-Way Intersection,N,Daylight,Cloudy,Wet,N,Angle,Pedestrian,On Roadway,N,Intersection,None,,,None,,,N,,,,,TPR,Florida Highway Patrol,Florida Highway Patrol (FHP),1/25/2025 7:25:00 PM,1/25/2025 7:25:00 PM,6,Y,Pedestrian,Pedestrian,Injury,Non-Incapacitating Injury,DAY,N,N,N,N,N,N,Y,N,N,1,1,0,1,0,0,0,0,0,0,0,1,1,0,1,0,0,0,0,0,0,0,0,0,0,N,0,0,Y,0,0,0,0,1,500,1,6000,6500,1,0,0,Preliminary,Computer mapped confident by address,350540.6548,3120865.4503,28.2051347528552,-82.5228865755256
26471573,2025,06-FEB-2025 07:38 AM,06-FEB-2025 08:13 AM,FHP25ON0058266,S,1,2,28,0,Pasco,Unincorporated,Rural,2/6/2025 7:42:00 AM,2/6/2025 7:44:00 AM,2/6/2025 8:01:00 AM,2/6/2025 8:27:00 AM,Y,Law Enforcement,SR-54/WESLEY CHAPEL BLVD,,28.24051,-82.31331,0,,WESLEY CHAPEL LOOP,,State,Curb,T-Intersection,N,Daylight,Clear,Dry,N,Angle,Pedalcycle,On Roadway,N,Intersection,None,,,None,,,N,,,,,MTPR,Florida Highway Patrol,Florida Highway Patrol (FHP),2/7/2025 8:01:00 PM,2/7/2025 8:01:00 PM,1,N,Bicycle,Bicycle,No Injury,No Injury,DAY,N,N,N,N,N,N,Y,N,N,2,0,0,0,0,0,0,0,0,0,0,1,1,0,1,0,0,0,0,0,0,0,0,0,0,N,0,0,Y,0,0,0,0,1,75,1,500,575,0,0,0,Preliminary,Computer plot approximate by lat/long,371153.9324,3124543.5863,28.2405047765161,-82.313306630882
26471578,2025,10-FEB-2025 08:35 AM,10-FEB-2025 09:57 AM,FHP25ON0064635,L,1,2,28,0,Pasco,Unincorporated,Rural,2/10/2025 8:37:00 AM,2/10/2025 9:18:00 AM,2/10/2025 9:47:00 AM,2/10/2025 10:56:00 AM,Y,Law Enforcement,LAKE CRYSTAL BLVD,,28.21984,-82.24089,0,,SR-54,,Local,Curb,Four-Way Intersection,N,Daylight,Clear,Dry,N,Angle,Pedalcycle,On Roadway,N,Intersection,None,,,None,,,N,,,,,MTPR,Florida Highway Patrol,Florida Highway Patrol (FHP),2/11/2025 8:20:00 PM,2/11/2025 8:20:00 PM,1,Y,Bicycle,Bicycle,Injury,Possible Injury,DAY,N,N,N,N,N,N,Y,N,N,1,1,1,0,0,0,0,0,0,0,0,1,1,0,1,0,0,0,0,0,0,0,0,0,0,N,0,0,Y,0,0,0,0,1,80,1,150,230,1,0,0,Preliminary,Computer plot approximate by lat/long,378236.0933,3122178.5347,28.2198347795395,-82.2408866523274
26472728,2025,06-JAN-2025 07:24 PM,06-JAN-2025 08:37 PM,FHP25ON0008655,L,1,3,4,0,Pinellas,Unincorporated,Rural,1/6/2025 7:26:00 PM,1/6/2025 7:53:00 PM,1/6/2025 8:25:00 PM,1/6/2025 8:50:00 PM,Y,Law Enforcement,ANTILLES DR,,27.8656063322318,-82.8282060905506,0,,102ND AVE N,,Local,Curb,Four-Way Intersection,N,Dark - Not Lighted,Clear,Dry,N,Other,Pedalcycle,On Roadway,N,Intersection,None,,,None,,,N,,,,,TPR,Florida Highway Patrol,Florida Highway Patrol (FHP),1/22/2025 7:36:00 PM,1/22/2025 7:36:00 PM,16,Y,Bicycle,Bicycle,Injury,Non-Incapacitating Injury,NIGHT,N,N,N,N,N,N,Y,N,N,2,1,0,1,0,0,0,0,0,0,0,1,1,0,1,0,0,1,0,0,0,0,0,0,0,N,0,0,Y,0,0,0,0,1,2000,1,2000,4000,1,0,0,Preliminary,Computer mapped approximate by address,320005.4299,3083660.49,27.8656328478983,-82.8282155952675
26474302,2025,03-JAN-2025 03:48 PM,03-JAN-2025 04:18 PM,FHP25ON0003800,L,1,2,7,0,Orange,Unincorporated,Rural,1/3/2025 3:48:00 PM,1/3/2025 3:50:00 PM,1/3/2025 4:10:00 PM,1/3/2025 5:15:00 PM,Y,Law Enforcement,COLONIAL GRAND BOULEVARD,,28.3573720070719,-81.4221815564714,0,,CHASEWAY LANE,,Private Roadway,Curb,Not at Intersection,N,Daylight,Clear,Dry,N,Other,Pedestrian,On Roadway,N,Non-Junction,None,,,None,,,N,,,,,TPR,Florida Highway Patrol,Florida Highway Patrol (FHP),1/28/2025 7:49:00 PM,1/28/2025 7:49:00 PM,25,Y,Pedestrian,Pedestrian,Injury,Non-Incapacitating Injury,DAY,N,N,N,N,N,N,N,N,N,1,1,0,1,0,0,0,0,0,0,0,1,1,0,1,0,0,0,0,0,0,0,0,0,0,N,0,0,Y,0,0,0,0,0,0,0,0,0,1,0,0,Preliminary,Computer mapped approximate by address,458684.3815,3137002.3042,28.3586246577072,-81.42160697565
26477238,2025,20-JAN-2025 09:20 AM,20-JAN-2025 10:44 AM,FHP25ON0030052,L,1,1,7,0,Orange,Unincorporated,Rural,1/20/2025 9:30:00 AM,1/20/2025 9:52:00 AM,1/20/2025 10:34:00 AM,1/20/2025 2:00:00 PM,Y,Law Enforcement,APOPKA VINELAND ROAD,,28.57762,-81.49117,0,,STATE ROAD 438 (SILVER STAR ROAD),,County,Curb,Four-Way Intersection,N,Daylight,Cloudy,Dry,N,Other,Pedalcycle,On Roadway,N,Intersection,None,,,None,,,N,,,,,TPR,Florida Highway Patrol,Florida Highway Patrol (FHP),1/27/2025 7:45:00 PM,1/27/2025 7:45:00 PM,7,Y,Bicycle,Bicycle,Injury,Possible Injury,DAY,N,N,N,N,N,Y,Y,N,N,0,1,1,0,0,0,0,0,0,0,0,1,1,0,0,0,0,0,0,0,0,0,0,0,0,N,0,0,Y,0,0,0,0,1,700,0,0,700,0,0,0,Preliminary,Computer mapped confident by address,451981.5399,3161288.8275,28.5776146243299,-81.4910168805254
26477240,2025,21-JAN-2025 08:55 AM,21-JAN-2025 11:52 AM,FHP25ON0031623,L,1,2,7,0,Orange,Unincorporated,Rural,1/21/2025 9:01:00 AM,1/21/2025 10:06:00 AM,1/21/2025 11:42:00 AM,1/21/2025 2:00:00 PM,Y,Law Enforcement,COUNTY ROAD 439 (JOHN YOUNG PARKWAY),,28.36799,-81.42552,0,,TEAL POINT BLVD,,County,Curb,Four-Way Intersection,N,Daylight,Rain,Wet,N,Angle,Pedalcycle,On Roadway,N,Intersection,None,,,None,,,N,,,,,TPR,Florida Highway Patrol,Florida Highway Patrol (FHP),2/5/2025 7:28:00 PM,2/5/2025 7:28:00 PM,15,Y,Bicycle,Bicycle,Injury,Non-Incapacitating Injury,DAY,N,N,N,N,N,N,Y,N,N,1,1,0,1,0,0,0,0,0,0,0,1,1,0,1,0,0,0,0,0,0,0,0,0,0,N,0,0,Y,0,0,0,0,1,50,1,50,100,1,0,0,Preliminary,Computer mapped approximate by address,458304.8763,3138040.5781,28.3679846797266,-81.4255169460261
26477248,2025,04-FEB-2025 10:00 AM,04-FEB-2025 11:12 AM,FHP25ON0055226,L,1,2,7,0,Orange,Unincorporated,Rural,2/4/2025 10:07:00 AM,2/4/2025 10:20:00 AM,2/4/2025 11:07:00 AM,2/4/2025 11:47:00 AM,Y,Law Enforcement,LAKE UNDERHILL RD,,28.54361,-81.19468,300,West,WOODBURY ROAD,,County,Curb,T-Intersection,N,Daylight,"Fog, Smog, Smoke",Dry,N,Angle,Pedalcycle,On Roadway,N,Driveway/Alley Access Related,None,,,None,,,N,,,,,TPR,Florida Highway Patrol,Florida Highway Patrol (FHP),2/6/2025 7:28:00 PM,2/6/2025 7:28:00 PM,2,Y,Bicycle,Bicycle,Injury,Possible Injury,DAY,N,N,N,N,N,N,N,N,N,1,1,1,0,0,0,0,0,0,0,0,1,1,0,1,0,0,0,0,0,0,0,0,0,0,N,0,0,Y,0,0,1,0,1,200,1,50,250,1,0,0,Preliminary,Computer mapped confident by address,480862.8298,3157450.7764,28.5437177621902,-81.1956271930391
26477426,2025,30-JAN-2025 04:27 PM,30-JAN-2025 04:50 PM,FHP25ON0047844,L,1,2,9,0,Escambia,Unincorporated,Rural,1/30/2025 4:27:00 PM,1/30/2025 4:42:00 PM,1/30/2025 4:50:00 PM,1/30/2025 5:50:00 PM,Y,Law Enforcement,US-29 (N OLD PALAFOX HWY),,30.46668,-87.24245,0,,SR-296 (BEVERLY PKWY,,U.S.,Paved,Four-Way Intersection,N,Daylight,Clear,Dry,N,Front to Rear,Pedalcycle,On Roadway,N,Intersection,None,,,None,,,N,,,,,TPR,Florida Highway Patrol,Florida Highway Patrol (FHP),2/4/2025 8:00:00 PM,2/4/2025 8:00:00 PM,5,Y,Bicycle,Bicycle,Injury,Possible Injury,DAY,N,N,N,N,N,N,Y,N,N,1,1,1,0,0,0,0,0,0,0,0,1,1,0,1,0,0,0,0,0,0,0,0,0,0,N,0,0,Y,0,0,1,0,0,0,1,300,300,0,0,0,Preliminary,Computer plot approximate by lat/long,-99812.3589000003,3387107.2986,30.4666743899497,-87.2424455616967
26502266,2025,25-JAN-2025 12:22 PM,25-JAN-2025 12:00 AM,25000439,L,1,3,38,42,Monroe,Key West,Urban,1/25/2025 12:22:00 PM,1/25/2025 12:25:00 PM,1/25/2025 12:28:00 PM,1/25/2025 12:39:00 PM,Y,Law Enforcement,FOGARTY AVE,,,,0,,5TH ST,,Local,Curb,Four-Way Intersection,N,Daylight,Clear,Dry,N,Other,Pedalcycle,On Roadway,N,Intersection,None,,,None,,,N,,,,,POLICE OFFICER,Key West Police Department,Police Department (PD),1/29/2025 7:29:00 PM,1/29/2025 7:29:00 PM,4,Y,Bicycle,Bicycle,Injury,Possible Injury,DAY,N,N,N,N,N,N,Y,N,N,1,2,2,0,0,0,0,0,0,0,0,2,2,0,1,1,0,0,0,0,0,0,0,0,0,N,0,0,Y,0,0,0,0,0,0,1,3000,3000,0,0,0,Preliminary,Computer mapped confident by address,421208.5349,2716436.1093,24.5598657313905,-81.7780469680892
26508662,2025,28-JAN-2025 04:33 PM,28-JAN-2025 12:00 AM,25000954,L,1,2,10,31,Broward,Coral Springs,Urban,1/28/2025 4:33:00 PM,1/28/2025 4:34:00 PM,1/28/2025 4:38:00 PM,1/28/2025 4:38:00 PM,Y,Law Enforcement,W SAMPLE RD,,,,0,,NW 104TH AV,,County,Curb,Not at Intersection,N,Daylight,Clear,Dry,N,Other,Pedalcycle,On Roadway,N,Intersection-Related,None,,,None,,,N,,,,,,Coral Springs Police Department,Police Department (PD),1/31/2025 7:39:00 PM,1/31/2025 7:39:00 PM,3,Y,Bicycle,Bicycle,Injury,Possible Injury,DAY,N,N,N,N,N,N,Y,N,N,1,1,1,0,0,0,0,0,0,0,0,1,1,0,1,0,0,0,0,0,0,0,0,0,0,N,0,0,Y,0,0,0,0,1,500,1,2000,2500,1,0,0,Preliminary,Computer mapped confident by address,573402.0489,2906071.0062,26.272504503868,-80.2648571143818
26547861,2025,18-JAN-2025 04:07 PM,18-JAN-2025 04:43 PM,25-65284,S,1,3,3,0,Hillsborough,Unincorporated,Rural,1/18/2025 4:12:00 PM,1/18/2025 4:12:00 PM,1/18/2025 4:12:00 PM,1/18/2025 4:43:00 PM,Y,Law Enforcement,W HILLSBOROUGH AVE,7233,,,,,,,Parking Lot,Paved,Not at Intersection,N,Daylight,Clear,Dry,N,Other,Motor Vehicle in Transport,In Parking Lane or Zone,N,Non-Junction,None,,,None,,,N,,,,,DEP.,Hillsborough County Sheriff's Office,Sheriff's Office (SO),2/4/2025 8:00:00 PM,2/4/2025 8:00:00 PM,17,N,Single Vehicle,Other,No Injury,No Injury,DAY,N,N,N,N,N,N,N,N,N,3,0,0,0,0,0,0,0,0,0,0,1,1,0,1,0,0,1,0,0,0,0,0,0,0,N,0,0,Y,0,0,0,0,1,100,1,500,600,0,0,0,Unmapped,Unmapped,,,,
26549008,2025,07-FEB-2025 01:00 PM,07-FEB-2025 01:34 PM,25-137633,S,1,2,3,0,Hillsborough,Unincorporated,Rural,2/7/2025 1:06:00 PM,2/7/2025 1:13:00 PM,2/7/2025 1:20:00 PM,2/7/2025 1:39:00 PM,Y,Law Enforcement,N DALE MABRY HWY,12101,,,,,,,Parking Lot,Paved,Not at Intersection,Y,Daylight,Clear,Dry,N,Front to Front,Pedestrian,Off Roadway,N,Driveway/Alley Access Related,None,,,None,,,N,,,,,DEP,Hillsborough County Sheriff's Office,Sheriff's Office (SO),2/9/2025 7:17:00 PM,2/9/2025 7:17:00 PM,2,N,Pedestrian,Pedestrian,No Injury,No Injury,DAY,N,N,N,N,N,N,N,Y,N,2,0,0,0,0,0,0,0,0,0,0,1,1,0,1,0,0,0,0,0,0,0,0,0,0,N,0,0,Y,0,0,0,0,0,0,0,0,0,1,0,0,Unmapped,Unmapped,,,,
26550080,2025,03-JAN-2025 11:59 AM,03-JAN-2025 12:20 PM,25-8195,L,1,2,3,0,Hillsborough,Unincorporated,Rural,1/3/2025 12:01:00 PM,1/3/2025 12:02:00 PM,1/3/2025 12:15:00 PM,1/3/2025 12:41:00 PM,Y,Law Enforcement,N 46TH ST,,,,0,,CR582A (E FLETCHER AVE),,Local,Unpaved,T-Intersection,Y,Daylight,Clear,Dry,N,Angle,Motor Vehicle in Transport,On Roadway,N,Driveway/Alley Access Related,None,,,None,,,N,,,,,DEP,Hillsborough County Sheriff's Office,Sheriff's Office (SO),1/9/2025 7:33:00 PM,1/9/2025 7:33:00 PM,6,Y,Single Vehicle,Other,Injury,Possible Injury,DAY,N,N,N,N,N,N,N,N,N,1,1,1,0,0,0,0,0,0,0,0,1,1,0,1,0,0,0,0,0,0,0,0,0,0,N,0,0,Y,0,0,0,0,0,0,1,800,800,1,0,0,Preliminary,Computer mapped approximate by address,361455.4649,3105910.3068,28.0713664897238,-82.409932566085
26591961,2025,21-JAN-2025 06:54 AM,21-JAN-2025 12:00 AM,282501002234,L,1,2,10,40,Broward,Hallandale Beach,Urban,1/21/2025 6:54:00 AM,1/21/2025 6:54:00 AM,1/21/2025 6:54:00 AM,1/21/2025 6:54:00 AM,Y,Law Enforcement,NE 5TH ST,,,,0,,N FEDERAL HWY,,Other,Paved,T-Intersection,N,Daylight,Rain,Wet,N,Other,Motor Vehicle in Transport,On Roadway,N,Non-Junction,None,,,None,,,N,,,,,CIVILIAN,Hallandale Beach Police Department,Police Department (PD),1/22/2025 7:36:00 PM,1/22/2025 7:36:00 PM,1,Y,Single Vehicle,Other,Injury,Possible Injury,NIGHT,N,N,N,N,N,Y,N,N,N,0,1,1,0,0,0,0,0,0,0,0,1,1,0,1,0,0,0,0,0,0,0,0,0,0,N,0,0,Y,0,0,0,0,0,0,0,0,0,0,0,0,Preliminary,Computer mapped approximate by address,585814.9897,2875027.8253,25.991535263241,-80.142597379188
26592035,2025,05-FEB-2025 02:45 PM,05-FEB-2025 12:00 AM,282502004112,L,1,3,10,40,Broward,Hallandale Beach,Urban,2/5/2025 2:47:00 PM,2/5/2025 2:48:00 PM,2/5/2025 2:55:00 PM,2/5/2025 3:46:00 PM,Y,Law Enforcement,W HALLANDALE BEACH BLV,,,,0,,SW 8TH AV,,State,Curb,Four-Way Intersection,N,Daylight,Clear,Dry,N,Angle,Pedalcycle,On Roadway,N,Non-Junction,None,,,None,,,N,,,,,OFFICER,Hallandale Beach Police Department,Police Department (PD),2/14/2025 7:55:00 PM,2/14/2025 7:55:00 PM,9,Y,Bicycle,Bicycle,Injury,Non-Incapacitating Injury,DAY,N,N,N,N,N,N,N,N,N,2,1,0,1,0,0,0,0,0,0,0,1,1,0,1,0,0,1,0,0,0,0,0,0,0,N,0,0,Y,0,0,0,0,0,0,0,0,0,1,0,0,Preliminary,Computer plot approximate by lat/long,584220.0799,2874309.7385,25.9851452978746,-80.1585773735668
26597422,2025,05-FEB-2025 03:27 PM,05-FEB-2025 12:00 AM,2025001456,L,1,2,6,32,Palm Beach,Boca Raton,Urban,2/5/2025 3:27:00 PM,2/5/2025 3:27:00 PM,2/5/2025 3:30:00 PM,2/5/2025 4:00:00 PM,Y,Motorist,E CAMINO REAL,,,,0,,US-1 (S FEDERAL HWY),,Local,Curb,T-Intersection,N,Daylight,Clear,Dry,N,Angle,Motor Vehicle in Transport,On Roadway,N,Intersection,None,,,None,,,N,,,,,POLICE OFFICER,Boca Raton Police Department,Police Department (PD),2/11/2025 8:21:00 PM,2/11/2025 8:21:00 PM,6,Y,Single Vehicle,Other,Injury,Non-Incapacitating Injury,DAY,N,N,N,N,N,N,Y,N,N,1,1,0,1,0,0,0,0,0,0,0,1,1,0,1,0,0,0,0,0,0,0,0,0,0,N,0,0,Y,0,0,1,0,0,0,1,1000,1000,0,0,0,Preliminary,Computer mapped approximate by address,591179.9237,2913777.0599,26.3410552287756,-80.0862774209655
26597423,2025,19-JAN-2025 03:20 PM,13-FEB-2025 12:00 AM,2025001465,L,1,2,6,32,Palm Beach,Boca Raton,Urban,1/19/2025 5:33:00 PM,1/19/2025 5:33:00 PM,1/19/2025 5:33:00 PM,1/19/2025 5:33:00 PM,N,Law Enforcement,SR800 (NE 40TH ST),4001,,,0,,,,U.S.,Curb,T-Intersection,N,Daylight,Clear,Dry,N,Unknown,Pedestrian,On Roadway,N,Non-Junction,None,,,None,,,N,,,,,COMMUNITY SERVICE OFFICER,Boca Raton Police Department,Police Department (PD),2/7/2025 8:02:00 PM,2/14/2025 7:56:00 PM,19,Y,Pedestrian,Pedestrian,Injury,Non-Incapacitating Injury,DAY,N,N,N,N,N,N,N,N,N,0,1,0,1,0,0,0,0,0,0,0,1,1,0,1,0,0,0,0,0,0,0,0,0,0,N,0,0,Y,0,0,0,0,0,0,0,0,0,1,0,0,Preliminary,Computer mapped approximate by address,592339.6172,2918781.8725,26.3861652211971,-80.0742974046618
26641509,2025,28-JAN-2025 01:47 PM,28-JAN-2025 12:00 AM,250281365,L,1,2,7,0,Orange,Unincorporated,Rural,1/28/2025 1:47:00 PM,1/28/2025 1:53:00 PM,1/28/2025 1:47:00 PM,1/28/2025 3:00:00 PM,Y,Law Enforcement,WOODBURY RD,,28.564584,-81.194979,288,South,E COLONIAL DR,,Local,Paved,Not at Intersection,N,Daylight,Clear,Dry,N,,Pedestrian,Roadside,N,Driveway/Alley Access Related,None,,,None,,,N,,,,,FSO,Orange County Sheriff's Office,Sheriff's Office (SO),1/29/2025 7:29:00 PM,1/29/2025 7:29:00 PM,1,Y,Pedestrian,Pedestrian,Injury,Possible Injury,DAY,N,N,N,N,N,N,N,N,N,1,1,1,0,0,0,0,0,0,0,0,1,1,0,1,0,0,0,0,0,0,0,0,0,0,N,0,0,Y,0,0,0,0,0,0,0,0,0,0,0,0,Preliminary,Officer Mapped,480930.2582,3159761.7659,28.5645789290865,-81.1949763445228
26641534,2025,29-JAN-2025 04:11 PM,29-JAN-2025 12:00 AM,25-005534,S,1,2,7,0,Orange,Unincorporated,Rural,1/29/2025 4:11:00 PM,1/29/2025 4:11:00 PM,1/29/2025 4:20:00 PM,1/29/2025 4:20:00 PM,Y,Law Enforcement,WINTER GARDEN VINELAND RD,,28.478586,-81.580707,604,East,,,Parking Lot,Paved,Not at Intersection,N,Daylight,Clear,Dry,N,,Pedestrian,On Roadway,N,Non-Junction,None,,,None,,,N,,,,,DEPUTY,Orange County Sheriff's Office,Sheriff's Office (SO),1/31/2025 7:39:00 PM,1/31/2025 7:39:00 PM,2,N,Pedestrian,Pedestrian,No Injury,No Injury,DAY,N,N,N,N,N,N,N,N,N,2,0,0,0,0,0,0,0,0,0,0,1,1,0,1,0,0,0,0,0,0,0,0,0,0,N,0,0,Y,0,0,0,0,0,0,1,1500,1500,0,0,0,Preliminary,Officer Mapped,443156.5046,3150356.2798,28.4785794302988,-81.580713393191
26722630,2025,22-JAN-2025 06:00 PM,22-JAN-2025 05:00 AM,PD250122022938,L,1,2,1,0,Miami-Dade,Unincorporated,Rural,1/22/2025 6:14:00 PM,1/22/2025 6:15:00 PM,1/22/2025 6:18:00 PM,1/22/2025 7:00:00 PM,,Law Enforcement,NW 58TH ST,,,,0,,NW 22ND AVE,,County,Paved,Four-Way Intersection,,Dark - Lighted,Rain,Wet,N,Angle,Motor Vehicle in Transport,On Roadway,N,Non-Junction,None,,,None,,,N,,,,,OFC.,Miami-Dade Police Department,Police Department (PD),2/4/2025 8:00:00 PM,2/4/2025 8:00:00 PM,13,Y,Single Vehicle,Other,Injury,Possible Injury,DAY,N,N,N,N,N,Y,N,N,N,1,1,1,0,0,0,0,0,0,0,0,1,1,0,1,0,0,0,0,0,0,0,0,0,0,N,0,0,Y,0,0,0,0,1,30,0,0,30,0,0,0,Preliminary,Computer mapped approximate by address,576879.844,2856839.9171,25.8278153094424,-80.2329273149398
26723434,2025,17-JAN-2025 08:11 AM,17-JAN-2025 05:00 AM,PD250117017097,L,1,2,1,0,Miami-Dade,Unincorporated,Rural,1/17/2025 8:11:00 AM,1/17/2025 8:44:00 AM,1/17/2025 8:25:00 AM,1/17/2025 8:36:00 AM,Y,Law Enforcement,SW 216TH ST,11201,,,152,West,,,County,Paved,Not at Intersection,,Daylight,Rain,Wet,N,Angle,Motor Vehicle in Transport,Outside Right-of-way,N,Non-Junction,None,None,None,None,None,None,N,,,,,OFC.,Miami-Dade Police Department,Police Department (PD),1/28/2025 7:49:00 PM,1/28/2025 7:49:00 PM,11,Y,Single Vehicle,Other,Injury,Non-Incapacitating Injury,DAY,N,N,N,N,N,N,N,N,N,1,1,0,1,0,0,0,0,0,0,0,1,1,0,1,0,0,0,0,0,0,0,0,0,0,N,0,0,Y,0,0,1,0,0,0,1,1,1,1,0,0,Preliminary,Computer mapped confident by address,563010.4927,2827809.6393,25.5663454349527,-80.3726772929803
26724182,2025,17-JAN-2025 08:00 AM,17-JAN-2025 05:00 AM,PD250117017068,L,1,2,1,0,Miami-Dade,Unincorporated,Rural,1/17/2025 8:02:00 AM,1/17/2025 8:05:00 AM,1/17/2025 8:10:00 AM,1/17/2025 10:00:00 AM,Y,Law Enforcement,SW 48TH ST,,,,0,,SW 107TH AVE,,County,Paved,Four-Way Intersection,,Daylight,Rain,Dry,N,Angle,Motor Vehicle in Transport,On Roadway,N,Intersection,None,None,,None,None,,N,,,,,OFC.,Miami-Dade Police Department,Police Department (PD),2/4/2025 8:00:00 PM,2/4/2025 8:00:00 PM,18,Y,Single Vehicle,Other,Injury,Non-Incapacitating Injury,DAY,N,N,N,Y,N,N,Y,N,N,1,1,0,1,0,0,0,0,0,0,0,1,1,0,1,0,0,0,0,0,0,0,0,0,0,N,0,0,Y,0,0,1,0,0,0,1,200,200,1,0,0,Preliminary,Computer plot approximate by lat/long,563471.1445,2845127.9067,25.7227053366289,-80.3672672918098
26765138,2025,26-JAN-2025 10:59 AM,26-JAN-2025 12:00 AM,S250260908,L,1,3,5,32,Polk,Bartow,Urban,1/26/2025 10:59:00 AM,1/26/2025 10:59:00 AM,1/26/2025 11:00:00 AM,1/26/2025 12:05:00 PM,Y,Law Enforcement,N FLORAL AVE,,27.91148,-81.845528,6,North,W ETHELENE ST,,Local,Paved,T-Intersection,Y,Daylight,Clear,Dry,N,,Pedestrian,On Roadway,N,Intersection,None,,,None,,,N,,,,,OFFICER,Bartow Police Department,Police Department (PD),2/4/2025 8:01:00 PM,2/4/2025 8:01:00 PM,9,Y,Pedestrian,Pedestrian,Injury,Possible Injury,DAY,N,N,N,N,N,Y,Y,N,N,2,1,1,0,0,0,0,0,0,0,0,1,1,0,1,0,0,1,0,0,0,0,0,0,0,N,0,0,Y,0,0,0,0,0,0,1,2000,2000,1,0,0,Preliminary,Officer Mapped,416796.2523,3087683.515,27.9114754677683,-81.8455254838089
26781670,2025,04-JAN-2025 04:48 PM,04-JAN-2025 12:00 AM,112501001181,L,1,2,10,72,Broward,Pompano Beach,Urban,1/4/2025 4:48:00 PM,1/4/2025 4:48:00 PM,1/4/2025 5:08:00 PM,1/4/2025 6:50:00 PM,Y,Law Enforcement,NW 19TH CT,,,,0,,NW 3RD AV,,Local,Paved,T-Intersection,N,Daylight,Clear,Dry,N,Angle,Pedestrian,On Roadway,N,Non-Junction,None,,,None,,,N,,,,,,Broward County Sheriff's Office,Sheriff's Office (SO),1/22/2025 7:36:00 PM,1/22/2025 7:36:00 PM,18,Y,Pedestrian,Pedestrian,Injury,Possible Injury,DAY,N,N,N,N,N,N,N,N,N,1,1,1,0,0,0,0,0,0,0,0,1,1,0,1,0,0,0,0,0,0,0,0,0,0,N,0,0,Y,0,0,0,0,0,0,1,500,500,1,0,0,Preliminary,Computer mapped confident by address,587123.9249,2904188.089,26.2547352053191,-80.1275673378967
26782131,2025,12-JAN-2025 04:55 PM,12-JAN-2025 12:00 AM,112501003643,L,1,2,10,72,Broward,Pompano Beach,Urban,1/12/2025 4:55:00 PM,1/12/2025 4:56:00 PM,1/12/2025 4:56:00 PM,1/12/2025 5:48:00 PM,Y,Motorist,SE 2ND ST,,,,0,,S FEDERAL HWY,,Local,Paved,Four-Way Intersection,N,Daylight,Clear,Dry,N,Other,Pedalcycle,On Roadway,N,Intersection,None,,,None,,,N,,,,,,Broward County Sheriff's Office,Sheriff's Office (SO),2/4/2025 8:00:00 PM,2/4/2025 8:00:00 PM,23,Y,Bicycle,Bicycle,Injury,Possible Injury,DAY,N,N,N,N,N,N,Y,N,N,1,1,1,0,0,0,0,0,0,0,0,1,1,0,1,0,0,0,0,0,0,0,0,0,0,N,0,0,Y,0,0,0,0,0,0,0,0,0,0,0,0,Preliminary,Computer mapped approximate by address,589614.5706,2901473.746,26.2300752659868,-80.1028173680271
26783613,2025,07-FEB-2025 04:02 PM,07-FEB-2025 12:00 AM,122502000789,L,1,2,10,64,Broward,Oakland Park,Urban,2/7/2025 4:02:00 PM,2/7/2025 4:03:00 PM,2/7/2025 4:10:00 PM,2/7/2025 4:23:00 PM,Y,Law Enforcement,NE 9TH AV,,,,0,,NE 62ND ST,,Local,Paved,Not at Intersection,N,Daylight,Clear,Dry,N,Front to Front,Motor Vehicle in Transport,On Roadway,N,Non-Junction,None,,,None,,,N,,,,,,Broward County Sheriff's Office,Sheriff's Office (SO),2/9/2025 7:17:00 PM,2/9/2025 7:17:00 PM,2,Y,Single Vehicle,Other,Injury,Possible Injury,DAY,N,N,N,N,N,N,N,Y,N,1,1,1,0,0,0,0,0,0,0,0,1,1,0,1,0,0,0,0,0,0,0,0,0,0,N,0,0,Y,0,0,0,0,0,0,1,500,500,0,0,0,Preliminary,Computer mapped confident by address,586398.8317,2898506.891,26.2034861952866,-80.1352070294632
26801320,2025,26-JAN-2025 12:00 PM,10-FEB-2025 12:00 AM,2025-00013685,L,1,2,13,50,Leon,Tallahassee,Urban,1/26/2025 12:28:00 PM,1/26/2025 12:28:00 PM,1/26/2025 12:40:00 PM,1/26/2025 1:45:00 PM,Y,Law Enforcement,KERRY FOREST PKWY,,30.540635,-84.220547,0,,APPLEDORE LN,,Local,Paved,Other,N,Daylight,Clear,Dry,N,,Pedalcycle,On Roadway,Y,Intersection,None,,,None,,,N,,,,,OFFICER,Tallahassee Police Department,Police Department (PD),1/31/2025 7:39:00 PM,2/16/2025 7:19:00 PM,5,Y,Bicycle,Bicycle,Injury,Non-Incapacitating Injury,DAY,N,N,N,N,N,N,Y,N,N,1,1,0,1,0,0,0,0,0,0,0,1,1,0,1,0,0,0,0,0,0,0,0,0,0,N,0,0,Y,0,0,0,0,0,0,1,500,500,1,0,0,Preliminary,Officer Mapped,191004.2051,3383109.7088,30.5406292834408,-84.2205436759836
26811969,2025,02-JAN-2025 02:23 PM,02-JAN-2025 02:36 PM,2025-00000525,L,1,2,61,53,Flagler,Palm Coast,Urban,1/2/2025 2:36:00 PM,1/2/2025 2:37:00 PM,1/2/2025 2:40:00 PM,1/2/2025 4:00:00 PM,Y,Law Enforcement,100,,,,0,,BULLDOG DR,,State,Paved,Four-Way Intersection,N,Daylight,Clear,Dry,N,Angle,Pedalcycle,On Roadway,N,Intersection,None,,,None,,,N,,,,,Deputy,Flagler County Sheriff's Office,Sheriff's Office (SO),1/4/2025 7:24:00 PM,1/4/2025 7:24:00 PM,2,Y,Bicycle,Bicycle,Injury,Possible Injury,DAY,N,N,N,N,N,N,Y,N,N,1,1,1,0,0,0,0,0,0,0,0,1,1,0,1,1,0,0,0,0,0,0,0,0,0,N,0,0,Y,0,0,0,0,0,0,0,0,0,1,0,0,Preliminary,Computer plot approximate by lat/long,479938.6936,3260940.8576,29.4777944073478,-81.206926928632
26812010,2025,07-JAN-2025 04:55 PM,07-JAN-2025 04:57 PM,2025-00002167,L,1,3,61,53,Flagler,Palm Coast,Urban,1/7/2025 4:57:00 PM,1/7/2025 5:25:00 PM,1/7/2025 5:47:00 PM,1/7/2025 7:46:00 PM,Y,Law Enforcement,SEMINOLE WOODS BLVD,,,,0,,SESAME BLVD,,Local,Unpaved,T-Intersection,Y,Dusk,Clear,Dry,N,"Sideswipe, Same Direction",Motor Vehicle in Transport,On Roadway,Y,Intersection,None,,,None,,,N,,,,,,Flagler County Sheriff's Office,Sheriff's Office (SO),1/17/2025 7:42:00 PM,1/17/2025 7:42:00 PM,10,Y,Single Vehicle,Other,Injury,Non-Incapacitating Injury,DAY,N,N,N,N,N,N,Y,N,N,2,1,0,1,0,0,0,0,0,0,0,1,1,0,1,0,0,1,0,0,0,0,0,0,0,N,0,0,Y,0,0,0,0,0,0,1,200,200,1,0,0,Preliminary,Computer mapped confident by address,481576.8977,3255444.621,29.4282143860705,-81.189936968832
26820406,2025,07-FEB-2025 07:52 AM,07-FEB-2025 12:00 AM,2025-00018933,L,1,2,42,62,Martin,Stuart,Urban,2/7/2025 7:53:00 AM,2/7/2025 7:55:00 AM,2/7/2025 8:21:00 AM,2/7/2025 9:00:00 AM,Y,Law Enforcement,S KANNER HWY,,27.158075,-80.246929,48,South,SW MARTIN HWY,,County,Curb,Four-Way Intersection,N,Daylight,Clear,Dry,N,,Pedalcycle,On Roadway,N,Intersection-Related,None,,,None,,,N,,,,,DEPUTY SHERIFF,Martin County Sheriff's Office,Sheriff's Office (SO),2/8/2025 7:25:00 PM,2/8/2025 7:25:00 PM,1,Y,Bicycle,Bicycle,Injury,Non-Incapacitating Injury,DAY,N,N,N,N,N,N,Y,N,N,1,1,0,1,0,0,0,0,0,0,0,1,1,0,1,0,0,0,0,0,0,0,0,0,0,N,0,0,Y,0,0,0,0,1,500,0,0,500,0,0,1,Preliminary,Officer Mapped,574612.8486,3004166.94,27.158069737475,-80.2469263905787
26843385,2025,02-JAN-2025 01:30 PM,02-JAN-2025 02:02 PM,3153,L,1,2,2,38,Duval,Jacksonville,Urban,1/2/2025 1:33:00 PM,1/2/2025 1:37:00 PM,1/2/2025 1:47:00 PM,1/2/2025 2:02:00 PM,Y,Law Enforcement,GRAY ST,,30.429969935513,-81.766876448864,0,,OGALLA AVE,,Local,Paved,Four-Way Intersection,N,Daylight,Clear,Dry,N,Angle,Pedalcycle,On Roadway,N,Intersection,None,,,None,,,N,,,,,CSO,Jacksonville Sheriff's Office,Sheriff's Office (SO),1/4/2025 7:24:00 PM,1/4/2025 7:24:00 PM,2,Y,Bicycle,Bicycle,Injury,Non-Incapacitating Injury,DAY,N,N,N,N,N,N,Y,N,N,1,1,0,1,0,0,0,0,0,0,0,1,1,0,1,0,0,0,0,0,0,0,0,0,0,N,0,0,Y,0,0,0,0,1,500,1,2000,2500,0,0,0,Preliminary,Officer Mapped,426356.7008,3366680.0503,30.4299641542135,-81.7668731583609
26855930,2025,27-JAN-2025 07:41 AM,27-JAN-2025 12:00 AM,25000311,L,1,3,6,54,Palm Beach,Jupiter,Urban,1/27/2025 7:41:00 AM,1/27/2025 7:41:00 AM,1/27/2025 7:45:00 AM,1/27/2025 8:03:00 AM,Y,Law Enforcement,W INDIANTOWN RD,411,,,164,West,,,State,Curb,T-Intersection,N,Daylight,Clear,Dry,N,Angle,Motor Vehicle in Transport,On Roadway,N,Intersection,None,,,None,,,N,,,,,OFFICER,Jupiter Police Department,Police Department (PD),2/1/2025 7:28:00 PM,2/1/2025 7:28:00 PM,5,Y,Single Vehicle,Other,Injury,Non-Incapacitating Injury,DAY,N,N,N,Y,N,N,Y,N,N,2,1,0,1,0,0,0,0,0,0,0,1,1,0,1,0,0,1,0,0,0,0,0,0,0,N,0,0,Y,0,0,3,0,0,0,1,100,100,1,0,0,Preliminary,Computer mapped confident by address,589326.2387,2979457.856,26.9341350701675,-80.1002173399031
26859957,2025,08-JAN-2025 08:12 PM,08-JAN-2025 12:00 AM,2025-000917,L,1,2,4,64,Pinellas,St. Petersburg,Urban,1/8/2025 8:14:00 PM,1/8/2025 8:14:00 PM,1/8/2025 8:18:00 PM,1/8/2025 9:15:00 PM,N,Law Enforcement,22ND ST N,,27.828426,-82.66319,,,62ND AVENUE NORTH,,Local,Curb,Four-Way Intersection,Y,Dark - Lighted,Clear,Dry,N,,Pedalcycle,On Roadway,N,Intersection,None,,,None,,,N,,,,,OFFICER,St. Petersburg Police Department,Police Department (PD),1/10/2025 8:06:00 PM,1/10/2025 8:06:00 PM,2,Y,Bicycle,Bicycle,Serious Injury,Incapacitating Injury,NIGHT,N,N,N,N,N,Y,Y,N,N,0,1,0,0,1,0,0,0,0,0,0,1,1,0,1,0,0,0,0,0,0,0,0,0,0,N,0,0,Y,1,0,0,0,0,0,0,0,0,1,0,0,Preliminary,Editor Mapped,336205.3189,3079305.7126,27.8284194614587,-82.6631319501792
26860363,2025,27-JAN-2025 02:30 PM,29-JAN-2025 12:00 AM,2025-003019,L,1,2,4,64,Pinellas,St. Petersburg,Urban,1/27/2025 3:30:00 PM,1/27/2025 3:30:00 PM,1/27/2025 3:30:00 PM,1/27/2025 3:30:00 PM,N,Law Enforcement,37TH ST S,,27.75193,-82.683435,0,,18TH AVE S,,Local,Curb,Four-Way Intersection,N,Daylight,Clear,Dry,N,,Pedalcycle,On Roadway,N,Intersection-Related,None,,,None,,,N,,,,,OFFICER,St. Petersburg Police Department,Police Department (PD),1/31/2025 7:39:00 PM,1/31/2025 7:39:00 PM,4,Y,Bicycle,Bicycle,No Injury,No Injury,DAY,N,N,N,N,N,Y,Y,N,N,1,0,0,0,0,0,0,0,0,0,0,1,1,0,1,0,0,0,0,0,0,0,0,0,0,N,0,0,Y,0,0,0,0,0,0,0,0,0,0,0,0,Preliminary,Officer Mapped,334089.6258,3070857.4934,27.7519251820514,-82.6834316693009
26872742,2025,22-JAN-2025 10:52 PM,22-JAN-2025 12:00 AM,2025-41880,L,1,2,3,50,Hillsborough,Tampa,Urban,1/22/2025 10:52:00 PM,1/22/2025 10:52:00 PM,1/22/2025 11:00:00 PM,1/22/2025 11:30:00 PM,Y,Law Enforcement,W GRAY ST,,27.948361,-82.476832,,,N ROME AVE,,Local,Curb,Other,N,Dark - Lighted,Clear,Dry,N,,Other Non-Fixed Object,On Roadway,N,Intersection-Related,None,,,None,,,N,,,,,OFFICER,Tampa Police Department,Police Department (PD),1/24/2025 7:58:00 PM,1/24/2025 7:58:00 PM,2,Y,Single Vehicle,Other,Serious Injury,Incapacitating Injury,NIGHT,N,N,N,N,N,N,Y,N,N,1,1,0,0,1,0,0,0,0,0,0,1,1,0,1,0,0,0,0,0,0,0,0,0,0,N,0,0,Y,1,0,1,0,0,0,1,2500,2500,1,0,0,Preliminary,Editor Mapped,354714.4433,3092359.5552,27.9483591237571,-82.4768468201212
26895269,2025,03-JAN-2025 11:54 AM,10-JAN-2025 06:37 PM,342501001568,L,1,3,10,38,Broward,Fort Lauderdale,Urban,1/3/2025 11:54:00 AM,1/3/2025 11:56:00 AM,1/3/2025 11:57:00 AM,1/3/2025 12:40:00 PM,Y,Law Enforcement,SE 17TH ST,1000,,,0,,,,Local,Paved,Four-Way Intersection,N,Daylight,Clear,Dry,N,Other,Motor Vehicle in Transport,On Roadway,N,Non-Junction,None,,,None,,,N,,,,,,Fort Lauderdale Police Department,Police Department (PD),1/12/2025 7:19:00 PM,1/12/2025 7:19:00 PM,9,Y,Single Vehicle,Other,Injury,Non-Incapacitating Injury,DAY,N,N,N,N,N,N,N,N,N,2,1,0,1,0,0,0,0,0,0,0,1,1,0,1,0,0,1,0,0,0,0,0,0,0,N,0,0,Y,0,0,0,0,0,0,0,0,0,1,0,0,Preliminary,Computer mapped confident by address,586732.8499,2887076.5014,26.1002652892696,-80.1326274148943
26896224,2025,02-FEB-2025 07:53 AM,02-FEB-2025 01:14 PM,342502019506,L,1,2,10,38,Broward,Fort Lauderdale,Urban,2/2/2025 7:55:00 AM,2/2/2025 7:55:00 AM,2/2/2025 8:01:00 AM,2/2/2025 8:38:00 AM,Y,Law Enforcement,17 ST,,,,,,SE 15 AV/ SE 17 ST,,County,Paved,Not at Intersection,N,Daylight,Clear,Dry,N,Front to Rear,Pedestrian,On Roadway,N,Shared-Use Path or Trail,None,,,None,,,N,,,,,,Fort Lauderdale Police Department,Police Department (PD),2/4/2025 8:00:00 PM,2/4/2025 8:00:00 PM,2,N,Pedestrian,Pedestrian,No Injury,No Injury,DAY,N,N,N,N,N,N,N,N,N,2,0,0,0,0,0,0,0,0,0,0,1,1,0,1,0,0,0,0,0,0,0,0,0,0,N,0,0,Y,0,0,0,0,0,0,1,500,500,0,0,0,Unmapped,Unmapped,,,,
26896766,2025,02-JAN-2025 02:30 PM,02-JAN-2025 08:04 PM,342501001043,L,1,2,10,38,Broward,Fort Lauderdale,Urban,1/2/2025 2:32:00 PM,1/2/2025 2:32:00 PM,1/2/2025 2:43:00 PM,1/2/2025 3:00:00 PM,Y,Law Enforcement,SE 17TH ST,1303,,,0,,,,Local,Curb,T-Intersection,N,Daylight,Clear,Dry,N,Angle,Motor Vehicle in Transport,On Roadway,N,Intersection-Related,None,,,None,,,N,,,,,,Fort Lauderdale Police Department,Police Department (PD),1/4/2025 7:24:00 PM,1/4/2025 7:24:00 PM,2,N,Single Vehicle,Other,No Injury,No Injury,DAY,N,N,N,N,N,N,Y,N,N,2,0,0,0,0,0,0,0,0,0,0,1,1,0,1,0,0,0,0,0,0,0,0,0,0,N,0,0,Y,0,0,0,0,2,400,1,500,900,0,0,0,Preliminary,Computer mapped confident by address,586929.732,2887095.6056,26.1004259219554,-80.1306573993181
26897715,2025,01-JAN-2025 10:36 PM,02-JAN-2025 03:56 AM,342501000692,L,1,2,10,38,Broward,Fort Lauderdale,Urban,1/1/2025 10:37:00 PM,1/1/2025 10:39:00 PM,1/1/2025 10:39:00 PM,1/1/2025 10:52:00 PM,Y,Law Enforcement,A1A,,,,,,VISTAMAR ST,,State,Curb,T-Intersection,N,Dark - Lighted,Clear,Dry,N,Other,Motor Vehicle in Transport,On Roadway,N,Intersection,None,,,None,,,N,,,,,,Fort Lauderdale Police Department,Police Department (PD),1/8/2025 9:39:00 PM,1/8/2025 9:39:00 PM,7,Y,Single Vehicle,Other,Injury,Non-Incapacitating Injury,NIGHT,N,N,N,N,N,N,Y,N,N,1,1,0,1,0,0,0,0,0,0,0,1,1,0,1,0,0,0,0,0,0,0,0,0,0,N,0,0,Y,0,0,0,0,0,0,1,1000,1000,0,0,0,Unmapped,Unmapped,,,,
26898087,2025,07-FEB-2025 04:17 PM,07-FEB-2025 11:02 PM,342502022917,L,1,3,10,38,Broward,Fort Lauderdale,Urban,2/7/2025 4:18:00 PM,2/7/2025 4:18:00 PM,2/7/2025 4:18:00 PM,2/7/2025 5:27:00 PM,Y,Law Enforcement,US 1 / N. FEDERAL HWY,5111,,,,,E. COMMERCIAL BLVD,,U.S.,Paved,Not at Intersection,N,Daylight,Clear,Dry,N,Angle,Motor Vehicle in Transport,On Roadway,N,Non-Junction,None,,,None,,,N,,,,,,Fort Lauderdale Police Department,Police Department (PD),2/13/2025 7:30:00 PM,2/13/2025 7:30:00 PM,6,N,Single Vehicle,Other,No Injury,No Injury,DAY,N,N,N,N,N,N,N,N,N,3,0,0,0,0,0,0,0,0,0,0,1,1,0,1,0,0,1,0,0,0,0,0,0,0,N,0,0,Y,0,0,0,0,0,0,1,500,500,0,0,0,Unmapped,Unmapped,,,,
26898515,2025,03-FEB-2025 06:20 PM,03-FEB-2025 11:51 PM,342502020438,L,1,2,10,38,Broward,Fort Lauderdale,Urban,2/3/2025 6:24:00 PM,2/3/2025 6:24:00 PM,2/3/2025 6:38:00 PM,2/3/2025 7:00:00 PM,Y,Law Enforcement,SE 17TH ST,,,,0,,CORDOVA RD,,Local,Curb,Four-Way Intersection,N,Daylight,Clear,Dry,N,Angle,Motor Vehicle in Transport,On Roadway,N,Intersection-Related,None,,,None,,,N,,,,,,Fort Lauderdale Police Department,Police Department (PD),2/5/2025 7:29:00 PM,2/5/2025 7:29:00 PM,2,Y,Single Vehicle,Other,Injury,Non-Incapacitating Injury,DAY,N,N,N,N,N,N,Y,N,N,1,1,0,1,0,0,0,0,0,0,0,1,1,0,1,0,0,0,0,0,0,0,0,0,0,N,0,0,Y,0,0,0,0,2,2800,1,1000,3800,0,0,0,Preliminary,Computer mapped approximate by address,586926.7324,2887095.5097,26.100425236897,-80.1306874005246
26898939,2025,24-JAN-2025 04:04 PM,24-JAN-2025 10:40 PM,342501014109,L,1,2,10,38,Broward,Fort Lauderdale,Urban,1/24/2025 4:08:00 PM,1/24/2025 4:12:00 PM,1/24/2025 4:19:00 PM,1/24/2025 5:15:00 PM,Y,Law Enforcement,E SUNRISE BLVD,,,,0,,NE 18TH AV,,State,Paved,T-Intersection,N,Daylight,Cloudy,Dry,N,Angle,Motor Vehicle in Transport,On Roadway,N,Intersection,None,,,None,,,N,,,,,,Fort Lauderdale Police Department,Police Department (PD),1/27/2025 7:45:00 PM,1/27/2025 7:45:00 PM,3,Y,Single Vehicle,Other,Injury,Non-Incapacitating Injury,DAY,N,N,N,N,N,Y,Y,N,N,1,1,0,1,0,0,0,0,0,0,0,1,1,0,1,0,0,0,0,0,0,0,0,0,0,N,0,0,Y,0,0,0,0,0,0,0,0,0,0,0,0,Preliminary,Computer mapped approximate by address,587763.041,2891205.8339,26.1374852584309,-80.1220473741831
26921389,2025,01-FEB-2025 12:49 PM,01-FEB-2025 12:00 AM,372501003465,L,1,3,10,60,Broward,Margate,Urban,2/1/2025 12:49:00 PM,2/1/2025 12:49:00 PM,2/1/2025 12:52:00 PM,2/1/2025 2:20:00 PM,Y,Law Enforcement,S STATE ROAD 7,,,,0,,SOUTHGATE BLVD,,State,Curb,Not at Intersection,N,Daylight,Clear,Dry,N,Other,Pedalcycle,On Roadway,N,Non-Junction,None,,,None,,,N,,,,,,Margate Police Department,Police Department (PD),2/6/2025 7:28:00 PM,2/6/2025 7:28:00 PM,5,Y,Bicycle,Bicycle,Injury,Non-Incapacitating Injury,DAY,N,N,N,N,N,N,N,N,N,2,1,0,1,0,0,0,0,0,0,0,1,1,0,1,0,0,1,0,0,0,0,0,0,0,N,0,0,Y,0,0,1,0,0,0,1,100,100,1,0,0,Preliminary,Computer mapped approximate by address,579445.2091,2901196.9145,26.228175271632,-80.2046373078758
26928308,2025,09-JAN-2025 04:30 PM,09-JAN-2025 12:00 AM,250000407,L,1,2,8,30,Volusia,Daytona Beach,Urban,1/9/2025 5:02:00 PM,1/9/2025 6:02:00 PM,1/9/2025 6:08:00 PM,1/9/2025 7:00:00 PM,Y,Law Enforcement,ACAPULCO LN,,29.221818,-81.042587,38,North,MASON AVE,,State,Unpaved,T-Intersection,N,Daylight,Clear,Dry,N,,Pedestrian,Shoulder,N,Intersection-Related,None,,,None,,,N,,,,,OFFICER,Daytona Beach Police Department,Police Department (PD),1/16/2025 7:29:00 PM,1/16/2025 7:29:00 PM,7,Y,Pedestrian,Pedestrian,No Injury,No Injury,DAY,N,N,N,N,N,Y,Y,N,N,1,0,0,0,0,0,0,0,0,0,0,1,1,0,1,0,0,0,0,0,0,0,0,0,0,N,0,0,Y,0,0,0,0,1,50,0,0,50,1,0,0,Preliminary,Officer Mapped,495861.2091,3232561.6547,29.2218121128255,-81.0425839791271
26942560,2025,24-JAN-2025 03:23 PM,25-JAN-2025 12:00 AM,25000654,L,1,2,26,40,Osceola,Kissimmee,Urban,1/24/2025 3:23:00 PM,1/24/2025 3:24:00 PM,1/24/2025 3:25:00 PM,1/24/2025 4:55:00 PM,Y,Law Enforcement,BRYAN ST,,,,0,,S JOHN YOUNG PKWY,,Local,Curb,T-Intersection,N,Daylight,Clear,Dry,N,Other,Pedalcycle,On Roadway,N,Non-Junction,None,,,None,,,N,,,,,POLICE OFFICER,Kissimmee Police Department,Police Department (PD),1/28/2025 7:49:00 PM,1/28/2025 7:49:00 PM,4,Y,Bicycle,Bicycle,Injury,Non-Incapacitating Injury,DAY,N,N,N,N,N,N,N,N,N,1,1,0,1,0,0,0,0,0,0,0,1,1,0,1,0,0,0,0,0,0,0,0,0,0,N,0,0,Y,0,0,0,0,0,0,1,500,500,1,0,0,Preliminary,Computer mapped approximate by address,459190.6114,3129487.2265,28.2908047043001,-81.416176949464
26954754,2025,05-FEB-2025 05:30 PM,05-FEB-2025 06:54 PM,FHP25ON0057622,L,1,2,4,0,Pinellas,Unincorporated,Rural,2/5/2025 5:31:00 PM,2/5/2025 5:47:00 PM,2/5/2025 6:49:00 PM,2/5/2025 7:37:00 PM,Y,Law Enforcement,27439 US HIGHWAY 19 N,,28.0214,-82.73777,782,North,FRONTAGE ROAD,,U.S.,Paved,Not at Intersection,N,Daylight,Clear,Dry,N,Other,Pedalcycle,On Roadway,N,Non-Junction,None,,,None,,,N,,,,,TPR,Florida Highway Patrol,Florida Highway Patrol (FHP),2/7/2025 8:01:00 PM,2/7/2025 8:01:00 PM,2,Y,Bicycle,Bicycle,Serious Injury,Incapacitating Injury,DAY,N,N,N,N,N,Y,N,N,N,1,1,0,0,1,0,0,0,0,0,0,1,1,0,1,0,0,0,0,0,0,0,0,0,0,N,0,0,Y,1,0,2,0,0,0,1,500,500,1,0,0,Preliminary,Editor Mapped,329159.3757,3100782.4199,28.0213285366671,-82.7377456968275
27146006,2025,03-JAN-2025 09:59 AM,03-JAN-2025 12:00 AM,292501000536,L,1,2,10,52,Broward,Lauderhill,Urban,1/3/2025 9:59:00 AM,1/3/2025 10:01:00 AM,1/3/2025 10:14:00 AM,1/3/2025 11:31:00 AM,Y,Motorist,SR 817,5555,,,,,,,Parking Lot,Paved,Not at Intersection,N,Daylight,Clear,Dry,N,Angle,Pedestrian,In Parking Lane or Zone,N,Driveway/Alley Access Related,None,,,None,,,N,,,,,,Lauderhill Police Department,Police Department (PD),1/14/2025 8:09:00 PM,1/14/2025 8:09:00 PM,11,Y,Pedestrian,Pedestrian,Injury,Non-Incapacitating Injury,DAY,N,N,N,N,N,N,N,N,N,1,1,0,1,0,0,0,0,0,0,0,1,1,0,1,0,1,0,0,0,0,0,0,0,0,N,0,0,Y,0,0,0,0,1,1,1,200,201,1,0,0,Unmapped,Unmapped,,,,
27162253,2025,11-JAN-2025 12:03 PM,11-JAN-2025 05:00 AM,25-001722,L,1,2,16,50,Sarasota,Sarasota,Urban,1/11/2025 12:03:00 PM,1/11/2025 12:05:00 PM,1/11/2025 12:14:00 PM,1/11/2025 12:40:00 PM,Y,Law Enforcement,BEE RIDGE RD,,,,0,,DEARBORN AVE,,Local,Paved,Four-Way Intersection,,Daylight,Cloudy,Dry,N,Angle,Motor Vehicle in Transport,On Roadway,N,Non-Junction,None,None,None,None,None,None,N,,,,,OFC.,Sarasota Police Department,Police Department (PD),2/5/2025 7:29:00 PM,2/5/2025 7:29:00 PM,25,Y,Single Vehicle,Other,Injury,Non-Incapacitating Injury,DAY,N,N,N,N,N,N,N,N,N,0,2,0,2,0,0,0,0,0,0,0,1,1,0,1,0,0,0,0,0,0,0,0,0,0,N,0,0,Y,0,0,1,0,0,0,1,500,500,0,0,0,Preliminary,Computer plot approximate by lat/long,348870.0765,3020460.7938,27.2988550240317,-82.5272066348608
27162440,2025,31-JAN-2025 05:49 PM,31-JAN-2025 05:00 AM,25-005012,L,1,2,16,50,Sarasota,Sarasota,Urban,1/31/2025 5:49:00 PM,1/31/2025 5:49:00 PM,1/31/2025 6:00:00 PM,1/31/2025 6:50:00 PM,Y,Motorist,JOHN RINGLING CSWY,,,,0,,BIRD KEY DR,,Local,Paved,T-Intersection,,Dusk,Clear,Dry,N,Angle,Pedalcycle,On Roadway,N,Intersection,None,,,None,,,N,,,,,OFC.,Sarasota Police Department,Police Department (PD),2/11/2025 8:21:00 PM,2/11/2025 8:21:00 PM,11,Y,Bicycle,Bicycle,Injury,Non-Incapacitating Injury,DAY,N,N,N,N,N,N,Y,N,N,1,1,0,1,0,0,0,0,1,0,0,1,1,0,1,0,0,0,0,0,0,0,0,0,0,N,0,0,Y,0,0,0,0,0,0,1,1000,1000,0,0,0,Preliminary,Computer mapped confident by address,345463.3912,3023584.4223,27.3266650493245,-82.562016654674
27172849,2025,01-JAN-2025 11:10 AM,01-JAN-2025 12:00 AM,25021122,L,1,2,6,0,Palm Beach,Unincorporated,Rural,1/1/2025 11:11:00 AM,1/1/2025 11:20:00 AM,1/1/2025 11:26:00 AM,1/1/2025 12:00:00 PM,Y,Law Enforcement,S CONGRESS AVE,,26.622314,-80.088816,0,,GIULIANO AVE,,State,Curb,Four-Way Intersection,N,Daylight,Cloudy,Dry,N,,Pedalcycle,On Roadway,N,Intersection-Related,None,,,None,,,N,,,,,D/S,Palm Beach County Sheriff's Office,Sheriff's Office (SO),1/3/2025 7:38:00 PM,1/3/2025 7:38:00 PM,2,Y,Bicycle,Bicycle,Injury,Possible Injury,DAY,N,N,N,N,N,N,Y,N,N,1,1,1,0,0,0,0,0,0,0,0,1,1,0,1,0,0,0,0,0,0,0,0,0,0,N,0,0,Y,0,0,0,0,0,0,1,300,300,1,0,0,Preliminary,Officer Mapped,590705.9654,2944926.8613,26.6223093099313,-80.0888129312853
27173851,2025,15-JAN-2025 05:05 PM,15-JAN-2025 12:00 AM,25025196,L,1,2,6,42,Palm Beach,Greenacres,Urban,1/15/2025 5:07:00 PM,1/15/2025 5:07:00 PM,1/15/2025 5:19:00 PM,1/15/2025 5:45:00 PM,Y,Law Enforcement,OLIVE TREE BLVD,,26.652857,-80.150752,33,North,OLIVE TREE CIR,,Local,Paved,Not at Intersection,N,Daylight,Clear,Dry,N,,Pedestrian,On Roadway,N,Non-Junction,None,,,None,,,N,,,,,D/S,Palm Beach County Sheriff's Office,Sheriff's Office (SO),1/19/2025 7:18:00 PM,1/19/2025 7:18:00 PM,4,Y,Pedestrian,Pedestrian,Injury,Non-Incapacitating Injury,DAY,N,N,Y,N,N,N,N,N,N,1,1,0,1,0,0,0,0,0,0,0,1,1,0,1,0,0,0,0,0,0,0,0,0,0,N,0,0,Y,0,0,0,0,0,0,1,1000,1000,0,0,0,Preliminary,Officer Mapped,584517.6037,2948267.3914,26.6528524140748,-80.1507494505391
27174457,2025,25-JAN-2025 08:15 PM,25-JAN-2025 12:00 AM,25028089,L,1,2,6,30,Palm Beach,Belle Glade,Urban,1/25/2025 8:16:00 PM,1/25/2025 8:20:00 PM,1/25/2025 8:23:00 PM,1/25/2025 9:00:00 PM,Y,Law Enforcement,SW 10TH ST,,26.679532,-80.679667,93,South,SW AVENUE F,,Local,Paved,Not at Intersection,N,Dark - Lighted,Clear,Dry,N,,Fence,On Roadway,N,Entrance/Exit Ramp,None,,,None,,,N,,,,,DEPUTY,Palm Beach County Sheriff's Office,Sheriff's Office (SO),1/29/2025 7:29:00 PM,1/29/2025 7:29:00 PM,4,Y,Off Road,Off Road,Injury,Possible Injury,NIGHT,Y,N,N,N,N,N,N,N,Y,0,2,2,0,0,0,0,0,0,0,1,1,1,0,1,0,0,0,0,0,0,0,0,0,0,N,0,0,Y,0,0,1,0,0,0,1,300,300,2,0,0,Preliminary,Officer Mapped,531874.6821,2950988.2315,26.6795947587069,-80.6796357927819
27175434,2025,08-FEB-2025 03:34 PM,08-FEB-2025 12:00 AM,25032292,L,1,2,6,0,Palm Beach,Unincorporated,Rural,2/8/2025 3:36:00 PM,2/8/2025 3:38:00 PM,2/8/2025 3:50:00 PM,2/8/2025 4:19:00 PM,Y,Law Enforcement,FRANK ST,,26.706114,-80.081496,15,South,OKEECHOBEE BLVD,,County,Curb,Not at Intersection,N,Daylight,Clear,Dry,N,,Pedestrian,On Roadway,N,Non-Junction,None,,,None,,,N,,,,,CSA,Palm Beach County Sheriff's Office,Sheriff's Office (SO),2/10/2025 7:45:00 PM,2/10/2025 7:45:00 PM,2,Y,Pedestrian,Pedestrian,Injury,Possible Injury,DAY,N,N,N,N,N,N,N,N,N,1,1,1,0,0,0,0,0,0,0,0,1,1,0,1,1,0,0,0,0,0,0,0,0,0,N,0,0,Y,0,0,0,0,0,0,1,100,100,0,0,0,Preliminary,Officer Mapped,591367.8505,2954214.0421,26.7061099339135,-80.0814934910713
27175447,2025,08-FEB-2025 07:05 PM,08-FEB-2025 12:00 AM,25032353,L,1,2,6,94,Palm Beach,West Palm Beach,Urban,2/8/2025 7:10:00 PM,2/8/2025 7:10:00 PM,2/8/2025 7:10:00 PM,2/8/2025 7:43:00 PM,Y,Law Enforcement,EDWARD RD,,26.656685,-80.112391,25,East,S MILITARY TRL,,State,Curb,Not at Intersection,Y,Dark - Lighted,Clear,Dry,N,,Pedestrian,Roadside,N,Non-Junction,None,,,None,,,N,,,,,DEPUTY,Palm Beach County Sheriff's Office,Sheriff's Office (SO),2/13/2025 7:30:00 PM,2/13/2025 7:30:00 PM,5,N,Pedestrian,Pedestrian,No Injury,No Injury,NIGHT,N,N,N,N,N,N,N,N,N,2,0,0,0,0,0,0,0,0,0,0,1,1,0,1,0,0,0,0,0,0,0,0,0,0,N,0,0,Y,0,0,0,0,0,0,0,0,0,0,0,0,Preliminary,Officer Mapped,588332.5392,2948717.3419,26.6566803589529,-80.1123883772426
27185286,2025,27-JAN-2025 06:50 PM,27-JAN-2025 12:00 AM,2500141,L,1,2,1,72,Miami-Dade,Miami Springs,Urban,1/27/2025 6:58:00 PM,1/27/2025 6:58:00 PM,1/27/2025 6:58:00 PM,1/27/2025 7:45:00 PM,Y,Law Enforcement,MILLER DR,,25.808334,-80.271733,0,,NW 36TH ST,,State,Paved,Four-Way Intersection,N,Dark - Lighted,Clear,Dry,N,,Other Non-Fixed Object,On Roadway,N,Intersection-Related,None,,,None,,,N,,,,,OFFICER,Miami Springs Police Department,Police Department (PD),1/30/2025 7:28:00 PM,1/30/2025 7:28:00 PM,3,N,Single Vehicle,Other,No Injury,No Injury,DAY,N,N,N,N,N,N,Y,N,N,2,0,0,0,0,0,0,0,0,0,0,1,1,0,1,0,0,0,0,0,0,0,0,0,0,N,0,0,Y,0,0,0,0,0,0,0,0,0,0,0,0,Preliminary,Officer Mapped,573002.6315,2854659.8388,25.8083296672785,-80.2717302630139
27213412,2025,13-JAN-2025 11:42 AM,13-JAN-2025 12:00 AM,2501130002755,L,1,2,1,66,Miami-Dade,Miami,Urban,1/13/2025 11:42:00 AM,1/13/2025 12:05:00 PM,1/13/2025 12:26:00 PM,1/13/2025 2:40:00 PM,N,Law Enforcement,NW 40TH ST,,25.812802,-80.215725,34,East,NW 12TH AVE,,Local,Paved,Not at Intersection,N,Daylight,Clear,Dry,N,,Pedalcycle,On Roadway,N,Non-Junction,None,,,None,,,N,,,,,OFFICER,Miami Police Department,Police Department (PD),1/22/2025 7:37:00 PM,1/22/2025 7:37:00 PM,9,Y,Bicycle,Bicycle,Injury,Non-Incapacitating Injury,DAY,N,N,N,N,N,Y,N,N,N,0,1,0,1,0,0,0,0,0,0,0,1,1,0,1,0,0,0,0,0,0,0,0,0,0,N,0,0,Y,0,0,0,0,0,0,0,0,0,1,0,0,Preliminary,Officer Mapped,578614.1556,2855186.8838,25.8127973103573,-80.2157227361682
27213447,2025,20-JAN-2025 01:10 PM,20-JAN-2025 12:00 AM,2501200004331,L,1,2,1,66,Miami-Dade,Miami,Urban,1/20/2025 1:15:00 PM,1/20/2025 1:15:00 PM,1/20/2025 1:15:00 PM,1/20/2025 2:35:00 PM,Y,Law Enforcement,NE 13TH ST,,25.786992,-80.194068,0,,NW 13TH ST,,Local,Curb,T-Intersection,N,Daylight,Cloudy,Dry,N,,Pedalcycle,On Roadway,N,Intersection,None,,,None,,,N,,,,,PSA,Miami Police Department,Police Department (PD),1/22/2025 7:37:00 PM,1/22/2025 7:37:00 PM,2,Y,Bicycle,Bicycle,Injury,Non-Incapacitating Injury,DAY,N,N,N,N,N,N,Y,N,N,1,1,0,1,0,0,0,0,0,0,0,1,1,0,1,0,0,0,0,0,0,0,0,0,0,N,0,0,Y,0,0,0,0,0,0,1,1000,1000,1,0,0,Preliminary,Officer Mapped,580802.6197,2852341.6646,25.7869877982929,-80.1940654594384
27213553,2025,21-JAN-2025 07:18 PM,21-JAN-2025 12:00 AM,2501210004693,L,1,3,1,66,Miami-Dade,Miami,Urban,1/21/2025 7:18:00 PM,1/21/2025 7:18:00 PM,1/21/2025 7:26:00 PM,1/21/2025 9:20:00 PM,Y,Law Enforcement,SW 21ST TER,,25.750903,-80.246374,0,,SW 32ND AVE,,Local,Paved,Four-Way Intersection,N,Dark - Lighted,Clear,Dry,N,,Pedalcycle,On Roadway,N,Through Roadway,None,,,None,,,N,,,,,PSA,Miami Police Department,Police Department (PD),1/23/2025 7:28:00 PM,1/23/2025 7:28:00 PM,2,Y,Bicycle,Bicycle,Injury,Possible Injury,NIGHT,N,N,N,N,N,N,N,N,N,1,2,2,0,0,0,0,0,0,0,0,2,2,0,1,1,0,0,0,0,0,0,0,0,0,N,0,0,Y,0,0,0,0,0,0,1,500,500,1,0,0,Preliminary,Officer Mapped,575581.0295,2848313.8607,25.7508984929226,-80.246372209645
27214135,2025,31-JAN-2025 07:35 AM,31-JAN-2025 12:00 AM,2501310006901,L,1,3,1,66,Miami-Dade,Miami,Urban,1/31/2025 7:40:00 AM,1/31/2025 7:45:00 AM,1/31/2025 8:15:00 AM,1/31/2025 10:30:00 AM,Y,Law Enforcement,SW 17TH AVE,,25.765711,-80.222474,0,,SW 8TH ST,,Local,Paved,Four-Way Intersection,N,Daylight,Clear,Dry,N,,Other Fixed Object,On Roadway,N,Other,None,,,None,,,N,,,,,OFC,Miami Police Department,Police Department (PD),2/1/2025 7:28:00 PM,2/1/2025 7:28:00 PM,1,N,Off Road,Off Road,No Injury,No Injury,DAY,N,N,N,N,N,N,N,N,N,3,0,0,0,0,0,0,0,0,0,0,2,2,0,1,0,0,0,0,0,0,0,0,0,0,N,0,0,Y,0,0,1,0,0,0,1,300,300,0,0,0,Preliminary,Officer Mapped,577968.4186,2849967.73,25.765706679829,-80.222471722413
27214265,2025,02-FEB-2025 12:40 AM,12-MAR-2025 12:00 AM,2502020007342,L,1,2,1,66,Miami-Dade,Miami,Urban,2/2/2025 12:45:00 AM,2/2/2025 12:50:00 AM,2/2/2025 1:00:00 AM,2/2/2025 5:00:00 AM,Y,Law Enforcement,NW 54TH ST,,25.824477,-80.221242,279,West,NW 14TH AVE,,Local,Paved,Not at Intersection,N,Dark - Lighted,Clear,Dry,N,,Pedestrian,Roadside,N,Through Roadway,None,,,None,,,N,,,,,DET,Miami Police Department,Police Department (PD),2/3/2025 7:41:00 PM,3/14/2025 7:54:00 PM,1,Y,Pedestrian,Pedestrian,Serious Injury,Incapacitating Injury,NIGHT,N,N,Y,N,N,N,N,Y,N,1,1,0,0,1,0,0,0,0,0,0,1,1,0,1,0,0,0,0,0,0,0,0,0,0,N,0,0,Y,1,0,1,0,0,0,1,1000,1000,1,0,0,Preliminary,Editor Mapped,578054.4343,2856476.1265,25.8244682209511,-80.2212301263685
27234717,2025,06-JAN-2025 09:35 AM,06-JAN-2025 12:00 AM,25-0001607,L,1,2,18,40,Lee,Fort Myers,Urban,1/6/2025 9:35:00 AM,1/6/2025 9:37:00 AM,1/6/2025 9:43:00 AM,1/6/2025 10:30:00 AM,Y,Law Enforcement,WAREHOUSE RD,,26.612616,-81.850627,382,East,METRO PKWY,,Local,Curb,Not at Intersection,Y,Daylight,Clear,Dry,N,,Pedestrian,On Roadway,N,Non-Junction,None,,,None,,,N,,,,,OFFICER,Fort Myers Police Department,Police Department (PD),1/8/2025 9:41:00 PM,1/8/2025 9:41:00 PM,2,Y,Pedestrian,Pedestrian,Injury,Possible Injury,DAY,N,N,N,N,N,N,N,N,N,1,1,1,0,0,0,0,0,0,0,0,1,1,0,1,0,0,0,0,0,0,0,0,0,0,N,0,0,Y,0,0,0,0,0,0,1,200,200,1,0,0,Preliminary,Officer Mapped,415316.0103,2943811.1617,26.6126112870279,-81.8506242907452
27239040,2025,10-JAN-2025 08:50 AM,10-JAN-2025 12:00 AM,2025-00011397,L,1,2,7,46,Orange,Orlando,Urban,1/10/2025 8:58:00 AM,1/10/2025 9:06:00 AM,1/10/2025 9:15:00 AM,1/10/2025 9:39:00 AM,Y,Law Enforcement,MILLENIA BLVD,,28.494372,-81.419771,240,East,TIMARRON DR,,Local,Curb,Not at Intersection,N,Daylight,Clear,Dry,N,,Pedalcycle,On Roadway,N,Non-Junction,None,,,None,,,N,,,,,OFC,Orlando Police Department,Police Department (PD),1/11/2025 7:26:00 PM,1/11/2025 7:26:00 PM,1,Y,Bicycle,Bicycle,Injury,Possible Injury,DAY,Y,N,N,N,N,N,N,N,N,1,1,1,0,0,0,0,0,0,0,0,1,1,0,1,0,0,0,0,0,0,0,0,0,0,N,0,0,Y,0,0,0,0,0,0,0,0,0,0,0,0,Preliminary,Officer Mapped,458917.0262,3152039.6915,28.494366827497,-81.4197681584499
27239561,2025,24-JAN-2025 01:16 PM,24-JAN-2025 12:00 AM,2025-00029439,L,1,2,7,46,Orange,Orlando,Urban,1/24/2025 1:16:00 PM,1/24/2025 1:37:00 PM,1/24/2025 1:43:00 PM,1/24/2025 2:45:00 PM,Y,Law Enforcement,SR 423 - N JOHN YOUNG PKWY,,28.555659,-81.414118,59,West,TECHNOLOGY DR,,State,Curb,T-Intersection,N,Daylight,Clear,Dry,N,,Pedestrian,On Roadway,N,Intersection,None,,,None,,,N,,,,,CSO II,Orlando Police Department,Police Department (PD),1/29/2025 7:29:00 PM,1/29/2025 7:29:00 PM,5,Y,Pedestrian,Pedestrian,Injury,Non-Incapacitating Injury,DAY,N,N,N,N,N,N,Y,N,N,1,1,0,1,0,0,0,0,0,0,0,1,1,0,1,0,0,0,0,0,0,0,0,0,0,N,0,0,Y,0,0,1,0,0,0,1,500,500,0,0,0,Preliminary,Officer Mapped,459493.7383,3158827.456,28.5556537492751,-81.4141150668047
27249626,2025,22-JAN-2025 03:22 PM,22-JAN-2025 12:00 AM,25-30267,L,1,2,47,0,Citrus,Unincorporated,Rural,1/22/2025 3:22:00 PM,1/22/2025 3:23:00 PM,1/22/2025 3:37:00 PM,1/22/2025 4:38:00 PM,Y,Law Enforcement,PINE RIDGE RD,,26.211817,-81.752922,444,West,LIVINGSTON RD S,,County,Curb,Not at Intersection,N,Daylight,Cloudy,Wet,N,,Pedalcycle,On Roadway,N,Through Roadway,None,,,None,,,N,,,,,TTD II,Collier County Sheriff's Office,Sheriff's Office (SO),1/25/2025 7:25:00 PM,1/25/2025 7:25:00 PM,3,Y,Bicycle,Bicycle,Injury,Possible Injury,DAY,N,N,N,N,N,N,N,N,N,1,1,1,0,0,0,0,0,0,0,0,1,1,0,1,0,0,0,0,0,0,0,0,0,0,N,0,0,Y,0,0,0,0,1,350,1,1500,1850,0,0,0,Preliminary,Officer Mapped,424783.9076,2899359.2887,26.2118117479223,-81.7529192449597
89367544,2025,01-FEB-2025 07:32 PM,01-FEB-2025 12:00 AM,SO25-32413,L,1,2,4,38,Pinellas,Dunedin,Urban,2/1/2025 7:33:00 PM,2/1/2025 7:32:00 PM,2/1/2025 7:34:00 PM,2/1/2025 8:00:00 PM,Y,Law Enforcement,VIRGINIA ST,,28.019301,-82.759147,0,,SUNLIGHT DR,,Local,Paved,Four-Way Intersection,Y,Dark - Lighted,Clear,Dry,N,,Pedalcycle,On Roadway,N,Intersection,None,,,None,,,N,,,,,DEPUTY,Pinellas County Sheriff's Office,Sheriff's Office (SO),2/8/2025 7:25:00 PM,2/8/2025 7:25:00 PM,7,Y,Bicycle,Bicycle,Injury,Non-Incapacitating Injury,NIGHT,N,N,N,N,N,N,Y,N,N,1,1,0,1,0,0,0,0,0,0,0,1,1,0,1,0,0,0,0,0,0,0,0,0,0,N,0,0,Y,0,0,0,0,0,0,1,500,500,1,0,0,Preliminary,Officer Mapped,327052.1165,3100587.3725,28.0192959450539,-82.7591433672417
