REPORT_NUMBER,CRASH_YEAR,VEHICLE_NUMBER,PERSON_NUMBER,RECOMMENDED_RE_EXAM,DL_STATE,DL_TYPE,DRIVER_DISTRACTION_CODE,CONDITION_AT_TIME_OF_CRASH,REQUIRED_ENDORSEMENTS,VISION_OBSTRUCTED,INSURANCE_COMPANY,CITY,STATE,ZIP_CODE,SEX,HELMET_CODE,RESTRAINT_SYSTEM_CODE,EYE_PROTECTION_CODE,AIR_BAG_DEPLOYMENT_CODE,EJECTED,SUSPECTED_ALCOHOL_USE_CODE,ALCOHOL_TESTED_CODE,ALCOHOL_TEST_TYPE_CODE,ALCOHOL_TEST_RESULTS,BLOOD_ALCOHOL_CONTENT,SUSPECTED_DRUG_USE_CODE,DRUG_TESTED_CODE,DRUG_TEST_TYPE_CODE,DRUG_TEST_RESULTS,INJURY_SEVERITY,EMS_TRANSPORT_TYPE,DRIVER_ACTION_1,DRIVER_ACTION_2,DRIVER_ACTION_3,DRIVER_ACTION_4,S4_AGE_AT_TIME_OF_CRASH,S4_IS_AGGRESSIVE_DRIVING,S4_IS_ALCOHOL_RELATED,S4_IS_DRUG_RELATED,S4_IS_DISTRACTED,S4_IS_SPEEDING_RELATED,S4_IS_AGING_DRIVER,S4_IS_TEENAGER_DRIVER,S4_IS_UNRESTRAINED
25196722,2025,1,1,N,FL,E/Operator,Not Distracted,Apparently Normal,No,Trees/Crops/Bushes,SECURITY NATIONAL INSURANCE COMPANY,FELLSMERE,FL,32948,Male,No Helmet,Shoulder and Lap Belt Used,N,Not Deployed,Not Ejected,N,,,,,N,,,,None,Not Transported,Other Contributing Action,,,,37,N,N,N,N,N,N,N,N
25929535,2025,1,1,N,FL,E/Operator,Not Distracted,Unknown,No Required Endorsements,Vision Not Obscured,GEICO CASUALTY COMPANY,MIAMI,FL,33136,Male,,Shoulder and Lap Belt Used,,Not Deployed,Not Ejected,,Test Not Given,,,,,Test Not Given,,,None,Not Transported,Operated MV in Careless or Negligent Manner,Failed to Yield Right-of-Way,,,80,N,N,N,N,N,Y,N,N
25941785,2025,1,1,,FL,E/Operator,Not Distracted,Apparently Normal,No Required Endorsements,Vision Not Obscured,SECURITY NATIONAL INSURANCE COMPANY,TALLEVAST,FL,34270,Male,,Shoulder and Lap Belt Used,,Not Deployed,Not Ejected,N,,,,,N,,,,None,Not Transported,No Contributing Action,,,,67,N,N,N,N,N,Y,N,N
89367544,2025,1,1,N,FL,A,Not Distracted,Apparently Normal,No,Vision Not Obscured,PROGRESSIVE SELECT INSU,PALM HARBOR,FL,34683,Male,,Shoulder and Lap Belt Used,,Not Deployed,Not Ejected,N,,,,,N,,,,None,Not Transported,No Contributing Action,,,,40,N,N,N,N,N,N,N,N
25979099,2025,1,1,N,FL,E/Operator,Not Distracted,Apparently Normal,No Required Endorsements,Vision Not Obscured,STATE FARM MUTUAL AUTOM,PORT ORANGE,FL,32127,Male,,Shoulder and Lap Belt Used,,Not Deployed,Not Ejected,N,,,,,N,,,,None,Not Transported,Ran Stop Sign,No Contributing Action,,,58,N,N,N,N,N,N,N,N
26017312,2025,1,1,N,FL,E/Operator,Not Distracted,Apparently Normal,,Vision Not Obscured,STATEFARM,CRESTVIEW,FL,32536,Male,,Shoulder and Lap Belt Used,,Not Deployed,Not Ejected,N,,,,,N,,,,None,Not Transported,Other Contributing Action,,,,78,N,N,N,N,N,Y,N,N
26032084,2025,1,1,N,FL,E/Operator,Not Distracted,Apparently Normal,No Required Endorsements,Vision Not Obscured,STATE FARM MUTUAL AUTOM,WINTER PARK,FL,32789,Male,,Shoulder and Lap Belt Used,,Not Deployed,Not Ejected,N,,,,,N,,,,None,Not Transported,No Contributing Action,,,,69,N,N,N,N,N,Y,N,N
26195374,2025,1,1,,,,Unknown,Unknown,,,,,,,Female,,,,,Unknown,,,,,,,,,,,Unknown,,,,,,N,N,N,,N,N,N,N
26195398,2025,1,1,N,FL,E/Operator,Not Distracted,Apparently Normal,No Required Endorsements,All Other,PREFERRED GOVERNMENTAL INSURANCE TRUST,BOYNTON BEACH,FL,33426,Female,,Shoulder and Lap Belt Used,,Not Deployed,Not Ejected,N,,,,,N,,,,None,Not Transported,Failed to Yield Right-of-Way,,,,28,N,N,N,N,N,N,N,N
26203907,2025,1,3,N,FL,E/Operator,Unknown,Apparently Normal,No Required Endorsements,Vision Not Obscured,GEICO CHOICE INSURANCE COMPANY,HOLIDAY,FL,34691,Female,No Helmet,Shoulder and Lap Belt Used,,Not Deployed,Not Ejected,N,,,,,N,,,,None,Not Transported,No Contributing Action,,,,27,N,N,N,,N,N,N,N
26203910,2025,1,1,N,FL,E/Operator,Not Distracted,Apparently Normal,No Required Endorsements,Vision Not Obscured,DAIRY LAND,CLEARWATER,FL,33764,Male,No Helmet,Shoulder and Lap Belt Used,,Not Deployed,Not Ejected,N,,,,,N,,,,None,Not Transported,No Contributing Action,,,,42,N,N,N,N,N,N,N,N
26216356,2025,1,1,N,FL,E/Operator,Not Distracted,Apparently Normal,No Required Endorsements,Vision Not Obscured,STATE FARM MUTUAL AUTOM,ORANGE PARK,FL,32065,Male,,Shoulder and Lap Belt Used,,Not Deployed,Not Ejected,N,,,,,N,,,,None,Not Transported,No Contributing Action,,,,46,N,N,N,N,N,N,N,N
26419022,2025,1,1,N,FL,E/Operator,Not Distracted,Apparently Normal,No Required Endorsements,Vision Not Obscured,THE STANDARD FIRE INS CO,BRADENTON,FL,34208,Female,,Shoulder and Lap Belt Used,,Not Deployed,Not Ejected,N,Test Not Given,,,,N,Test Not Given,,,None,Not Transported,No Contributing Action,,,,53,N,N,N,N,N,N,N,N
26420350,2025,1,1,N,FL,E/Operator,Not Distracted,Apparently Normal,No Required Endorsements,Trees/Crops/Bushes,PROGRESSIVE,CRYSTAL RIVER,FL,34428-2976,Female,,Shoulder and Lap Belt Used,,Not Deployed,Not Ejected,N,Test Not Given,,,,N,Test Not Given,,,None,Not Transported,Failed to Yield Right-of-Way,,,,60,N,N,N,N,N,N,N,N
26427822,2025,1,1,N,FL,E/Operator,Not Distracted,Apparently Normal,No Required Endorsements,Vision Not Obscured,DIRECT GENERAL,GAINESVILLE,FL,32641,Female,,None Used - Motor Vehicle Occupant,,Not Deployed,Not Ejected,N,Test Not Given,,,,N,Test Not Given,,,None,Not Transported,Other Contributing Action,,,,47,N,N,N,N,N,N,N,Y
26430991,2025,1,1,N,FL,E/Operator,Not Distracted,Apparently Normal,No Required Endorsements,Vision Not Obscured,PROGRESSIVE SELECT INSURANCE COMPANY,WINDERMERE,FL,34786,Male,,Shoulder and Lap Belt Used,,Not Deployed,Not Ejected,N,Test Not Given,,,,N,Test Not Given,,,None,Not Transported,No Contributing Action,,,,71,N,N,N,N,N,Y,N,N
26434954,2025,1,1,N,FL,E/Operator,Not Distracted,Apparently Normal,No Required Endorsements,Vision Not Obscured,UNITED SERVICES AUTOMOBILE ASSN,ROCKLEDGE,FL,32955,Male,,Shoulder and Lap Belt Used,,Not Deployed,Not Ejected,N,Test Not Given,,,,N,Test Not Given,,,None,Not Transported,Failed to Yield Right-of-Way,,,,61,N,N,N,N,N,N,N,N
26436214,2025,1,1,N,FL,E/Operator,Inattentive,Apparently Normal,No,Vision Not Obscured,PROGRESSIVE SELECT INSURANCE COMPANY,CASSELBERRY,FL,32707,Male,,Shoulder and Lap Belt Used,,Not Deployed,Not Ejected,N,Test Not Given,,,,N,Test Not Given,,,None,Not Transported,Failed to Yield Right-of-Way,,,,46,N,N,N,Y,N,N,N,N
26436364,2025,1,1,N,FL,E/Operator,Not Distracted,Apparently Normal,No,Vision Not Obscured,OCEAN HARBOR INSURANCE,ORLANDO,FL,32809,Female,,Shoulder and Lap Belt Used,,Not Deployed,Not Ejected,N,Test Not Given,,,,N,Test Not Given,,,None,Not Transported,Failed to Yield Right-of-Way,,,,48,N,N,N,N,N,N,N,N
26439595,2025,1,1,N,FL,A,Not Distracted,Apparently Normal,No Required Endorsements,Vision Not Obscured,NONE,FORT WHITE,FL,32038,,,Shoulder and Lap Belt Used,,Not Deployed,Not Ejected,N,Test Not Given,,,,N,Test Not Given,,,None,Not Transported,No Contributing Action,,,,,N,N,N,N,N,N,N,N
26447677,2025,1,1,N,FL,E/Operator,Not Distracted,Apparently Normal,No Required Endorsements,Vision Not Obscured,PROGRESSIVE,PANAMA CITY  BCH,FL,32408,Male,,Shoulder and Lap Belt Used,,Not Deployed,Not Ejected,N,Test Not Given,,,,N,Test Not Given,,,None,Not Transported,No Contributing Action,,,,66,N,N,N,N,N,Y,N,N
26467325,2025,1,1,N,FL,E/Operator,Not Distracted,Apparently Normal,No Required Endorsements,Vision Not Obscured,GEICO INSURANCE COMPANY,LAND O LAKES,FL,34638,Female,,Shoulder and Lap Belt Used,,Not Deployed,Not Ejected,N,Test Not Given,,,,N,Test Not Given,,,None,Not Transported,Other Contributing Action,,,,39,N,N,N,N,N,N,N,N
26471573,2025,1,1,N,FL,E/Operator,Not Distracted,Apparently Normal,No Required Endorsements,Vision Not Obscured,NATIONAL UNION FIRE INSURANCE CO. OF PIT,ODESSA,FL,33556,Male,,Shoulder and Lap Belt Used,,Not Deployed,Not Ejected,N,Test Not Given,,,,N,Test Not Given,,,None,Not Transported,No Contributing Action,,,,27,N,N,N,N,N,N,N,N
26471578,2025,1,1,N,FL,E/Operator,Not Distracted,Apparently Normal,No Required Endorsements,Vision Not Obscured,PROGRESSIVE SELECT INSURANCE COMPANY,TAMPA,FL,33647,Male,,Shoulder and Lap Belt Used,,Not Deployed,Not Ejected,N,Test Not Given,,,,N,Test Not Given,,,None,Not Transported,Failed to Yield Right-of-Way,,,,62,N,N,N,N,N,N,N,N
26472728,2025,1,1,N,FL,E/Operator,Not Distracted,Apparently Normal,No Required Endorsements,Vision Not Obscured,GEICO,SEMINOLE,FL,33776,Female,,Shoulder and Lap Belt Used,,Not Deployed,Not Ejected,N,Test Not Given,,,,N,Test Not Given,,,None,Not Transported,No Contributing Action,,,,21,N,N,N,N,N,N,N,N
26474302,2025,1,1,N,FL,E/Operator,Not Distracted,Apparently Normal,No Required Endorsements,Vision Not Obscured,AMERICAN AUTOMOBILE INSURANCE COMPANY,ORLANDO,FL,32824,Male,,Shoulder and Lap Belt Used,,Not Deployed,Not Ejected,N,Test Not Given,,,,N,Test Not Given,,,None,Not Transported,No Contributing Action,,,,26,N,N,N,N,N,N,N,N
26477240,2025,1,1,N,FL,E/Operator,Not Distracted,Apparently Normal,No Required Endorsements,Vision Not Obscured,PROGRESSIVE INSURANCE,ORLANDO,FL,32836-0000,Female,,Shoulder and Lap Belt Used,,Not Deployed,Not Ejected,N,Test Not Given,,,,N,Test Not Given,,,None,Not Transported,Operated MV in Careless or Negligent Manner,,,,32,N,N,N,N,N,N,N,N
26477248,2025,1,1,N,FL,E/Operator,Not Distracted,Apparently Normal,No Required Endorsements,Vision Not Obscured,GEICO INSURANCE,ORLANDO,FL,32828-0000,Male,,Shoulder and Lap Belt Used,,Not Deployed,Not Ejected,N,Test Not Given,,,,N,Test Not Given,,,None,Not Transported,Ran Stop Sign,,,,39,N,N,N,N,N,N,N,N
26477426,2025,1,1,N,AL,E/Operator,Not Distracted,Apparently Normal,No,Vision Not Obscured,STATE FARM,LILLIAN,AL,36549,Male,,Shoulder and Lap Belt Used,,Not Deployed,Not Ejected,N,Test Not Given,,,,N,Test Not Given,,,None,Not Transported,No Contributing Action,,,,62,N,N,N,N,N,N,N,N
26502266,2025,1,3,N,FL,E/Operator,Not Distracted,Apparently Normal,No Required Endorsements,Vision Not Obscured,PROGRESSIVE AMERICAN INSURANCE COMP,KEY WEST,FL,33040,Male,No Helmet,Shoulder and Lap Belt Used,Y,Not Deployed,Not Ejected,N,,,,,N,,,,None,Not Transported,No Contributing Action,,,,92,N,N,N,N,N,Y,N,N
26508662,2025,1,1,N,FL,E/Operator,Not Distracted,Apparently Normal,No Required Endorsements,Vision Not Obscured,STATE FARM MUTUAL AUTOMOBILE INSURA,CORAL SPRINGS,FL,33065,Male,,Shoulder and Lap Belt Used,,Not Deployed,Not Ejected,N,,,,,N,,,,None,Not Transported,No Contributing Action,,,,59,N,N,N,N,N,N,N,N
26547861,2025,1,1,N,FL,E/Operator,Not Distracted,Apparently Normal,,Vision Not Obscured,FIRST ACCEPTANCE INSURANCE COMPANY,LAND O LAKES,FL,34639,Male,,Shoulder and Lap Belt Used,,Not Deployed,Not Ejected,N,Test Not Given,,,,N,Test Not Given,,,None,Not Transported,No Contributing Action,,,,41,N,N,N,N,N,N,N,N
26549008,2025,1,2,N,FL,E/Operator,Not Distracted,Apparently Normal,,Vision Not Obscured,STATE FARM,TAMPA,FL,33618,Female,,Shoulder and Lap Belt Used,,Not Deployed,Not Ejected,N,Test Not Given,,,,N,Test Not Given,,,None,Not Transported,Operated MV in Careless or Negligent Manner,,,,55,N,N,N,N,N,N,N,N
26550080,2025,1,1,N,FL,E/Operator,Not Distracted,Apparently Normal,,Vision Not Obscured,OCEAN HARBOR CASUALTY INSURANCE,TAMPA,FL,33613,Female,,Shoulder and Lap Belt Used,,Not Deployed,Not Ejected,N,Test Not Given,,,,N,Test Not Given,,,None,Not Transported,No Contributing Action,,,,20,N,N,N,N,N,N,N,N
26591961,2025,1,1,N,,,,,,,,UNKNOWN,OT,00000,Unknown,,,,,,,,,,,,,,,,,,,,,,N,N,N,,N,N,N,N
26592035,2025,1,2,N,FL,E/Operator,Not Distracted,Apparently Normal,No,Vision Not Obscured,STATE FARM FIRE AND CASUALTY COMPAN,MIAMI,FL,33179,Female,No Helmet,Shoulder and Lap Belt Used,N,Not Applicable,Not Ejected,N,,,,,N,,,,None,Not Transported,No Contributing Action,,,,37,N,N,N,N,N,N,N,N
26597422,2025,1,1,N,GA,E/Operator,Not Distracted,Apparently Normal,No Required Endorsements,Vision Not Obscured,CHUBB NATIONAL INSURANCE,ATLANTA,GA,303272448,Male,,Shoulder and Lap Belt Used,,Not Deployed,Not Ejected,N,,,,,N,,,,None,Not Transported,Ran Stop Sign,,,,21,N,N,N,N,N,N,N,N
26597423,2025,1,1,N,,,,,,,STATE FARM MUTUAL AUTOMOBILE INSURA,BOCA RATON,FL,33432,Unknown,,,,,,,,,,,,,,,,,,,,,,N,N,N,,N,N,N,N
26641509,2025,1,1,N,LA,E/Operator,Not Distracted,Apparently Normal,No Required Endorsements,Vision Not Obscured,USAA,GRETINA,LA,70056,Female,,Shoulder and Lap Belt Used,,Not Applicable,Not Ejected,N,,,,,N,,,,None,Not Transported,Operated MV in Careless or Negligent Manner,,,,20,N,N,N,N,N,N,N,N
26641534,2025,1,1,N,FL,E/Operator,Not Distracted,Apparently Normal,No Required Endorsements,Vision Not Obscured,GEICO CASUALTY COMPANY,WINDERMERE,FL,34786,Female,,Shoulder and Lap Belt Used,,Not Applicable,Not Ejected,N,,,,,N,,,,None,Not Transported,No Contributing Action,,,,42,N,N,N,N,N,N,N,N
26722630,2025,1,1,,,,Unknown,Unknown,No,All Other,UNKNOWN,UNKNOWN,,,Unknown,No Helmet,Restraint Used - Type Unknown,N,Deployment Unknown,Not Ejected,,,,,,,,,,None,Not Transported,Operated MV in Careless or Negligent Manner,,,,,N,N,N,,N,N,N,N
26723434,2025,1,1,,FL,E/Operator,Unknown,Apparently Normal,No,Vision Not Obscured,GEICO GENERAL INSURANCE COMPANY,MIAMI,FL,33170,Male,No Helmet,Shoulder and Lap Belt Used,N,Not Deployed,Not Ejected,N,,,,,N,,,,None,Not Transported,Operated MV in Careless or Negligent Manner,,,,41,N,N,N,,N,N,N,N
26724182,2025,1,1,,FL,E/Operator,Inattentive,Apparently Normal,No,Vision Not Obscured,PROGRESSIVE SELECT INSURANCE COMPANY,MIAMI,FL,33165,Female,,Shoulder and Lap Belt Used,,Not Deployed,Not Ejected,N,,,,,N,,,,None,Not Transported,Ran Red Light,,,,43,N,N,N,Y,N,N,N,N
26765138,2025,1,1,N,FL,E/Operator,Not Distracted,Apparently Normal,No Required Endorsements,Vision Not Obscured,GECIO,MULBERRY,FL,33860,Male,,Shoulder and Lap Belt Used,,Not Deployed,Not Ejected,N,,,,,N,,,,None,Not Transported,No Contributing Action,,,,30,N,N,N,N,N,N,N,N
26781670,2025,1,2,N,FL,E/Operator,Not Distracted,Apparently Normal,No Required Endorsements,Vision Not Obscured,PROGRESSIVE SELECT INSURANCE COMPAN,COCONUT CREEK,FL,33066,Female,No Helmet,Shoulder and Lap Belt Used,,Not Deployed,Not Ejected,N,,,,,N,,,,None,Not Transported,No Contributing Action,,,,39,N,N,N,N,N,N,N,N
26782131,2025,1,1,N,FL,E/Operator,Not Distracted,Apparently Normal,No Required Endorsements,Vision Not Obscured,SELF INSURED,CORAL SPRINGS,FL,33065,Male,No Helmet,Shoulder and Lap Belt Used,,Not Deployed,Not Ejected,N,,,,,N,,,,None,Not Transported,Failed to Yield Right-of-Way,,,,40,N,N,N,N,N,N,N,N
26783613,2025,1,1,N,FL,E/Operator,Not Distracted,Apparently Normal,No Required Endorsements,Vision Not Obscured,STATE FARM MUTUAL AUTOMOBILE INSURA,FORT LAUDERDALE,FL,33309,Male,No Helmet,Shoulder and Lap Belt Used,,Not Deployed,Not Ejected,N,,,,,N,,,,None,Not Transported,No Contributing Action,,,,33,N,N,N,N,N,N,N,N
26801320,2025,1,1,N,OH,E/Operator,Not Distracted,Apparently Normal,No Required Endorsements,Vision Not Obscured,PROGRESSIVE,TALLAHASSEE,FL,32304,Male,,Shoulder and Lap Belt Used,,Not Deployed,Not Ejected,N,,,,,N,,,,None,Not Transported,Failed to Yield Right-of-Way,,,,24,N,N,N,N,N,N,N,N
26811969,2025,1,1,N,FL,E/Operator - Restricted,Not Distracted,Apparently Normal,No Required Endorsements,Vision Not Obscured,THE AMERICAN ROAD INS. CO.,Palm Coast,FL,32137,Male,No Helmet,Shoulder and Lap Belt Used,,Not Deployed,Not Ejected,N,Test Not Given,,,,N,Test Not Given,,,None,Not Transported,No Contributing Action,,,,79,N,N,N,N,N,Y,N,N
26812010,2025,1,1,N,FL,E/Operator,Not Distracted,Apparently Normal,No,Glare,GEICO,Palm Coast,FL,32164,Female,No Helmet,Shoulder and Lap Belt Used,N,Not Deployed,Not Ejected,,Test Not Given,,,,,Test Not Given,,,None,Not Transported,No Contributing Action,,,,41,N,N,N,N,N,N,N,N
26820406,2025,1,1,N,FL,E/Operator,Not Distracted,Apparently Normal,No Required Endorsements,Vision Not Obscured,THE STANDARD FIRE INSUR,PALM CITY,FL,34990,Male,,Shoulder and Lap Belt Used,,Not Deployed,Not Ejected,N,,,,,N,,,,None,Not Transported,No Contributing Action,,,,34,N,N,N,N,N,N,N,N
26843385,2025,1,1,N,FL,E/Operator,Not Distracted,Apparently Normal,No Required Endorsements,Vision Not Obscured,GEICO,JACKSONVILLE,FL,32219,Female,,Shoulder and Lap Belt Used,,Not Deployed,Not Ejected,N,Test Not Given,,,,N,Test Not Given,,,None,Not Transported,No Contributing Action,,,,60,N,N,N,N,N,N,N,N
26855930,2025,1,1,N,FL,E/Operator,Inattentive,Apparently Normal,No Required Endorsements,Vision Not Obscured,DIRECT GENERAL INSURANCE COMPANY,JUPITER,FL,33458,Male,No Helmet,Shoulder and Lap Belt Used,,Not Deployed,Not Ejected,N,,,,,N,,,,None,Not Transported,Failed to Yield Right-of-Way,,,,44,N,N,N,Y,N,N,N,N
26859957,2025,1,1,,,,Unknown,Unknown,,,,,,,,,,,Deployment Unknown,Not Ejected,,,,Unknown,,,,,,,Not Transported,,,,,,N,N,N,,N,N,N,N
26860363,2025,1,1,,,,Unknown,Unknown,,,,,,,,,,,,Unknown,,,,,,,,,,,Unknown,,,,,,N,N,N,,N,N,N,N
26872742,2025,1,1,N,FL,E/Operator,Not Distracted,Apparently Normal,No Required Endorsements,Vision Not Obscured,PROGRESSIVE SELECT INSU,TAMPA,FL,33607,Male,,Shoulder and Lap Belt Used,,Not Deployed,Not Ejected,N,,,,,N,,,,None,Not Transported,No Contributing Action,,,,40,N,N,N,N,N,N,N,N
26895269,2025,1,1,N,ON,E/Operator,Not Distracted,Apparently Normal,No,Vision Not Obscured,NORTH BRIDGE GENERAL INSURANCE CORPORATION,WOODBRIDGE,ON,L4L 4X8,Female,,Shoulder and Lap Belt Used,,Not Deployed,Not Ejected,N,,,,,N,,,,None,Not Transported,Failed to Yield Right-of-Way,,,,,N,N,N,N,N,N,N,N
26896224,2025,1,1,N,FL,E/Operator,Not Distracted,Apparently Normal,No,Vision Not Obscured,PROGRESSIVE AMERICAN INSURANCE COMPANY,LAUDERDALE LAKES,FL,33309,Male,,Shoulder and Lap Belt Used,,Not Deployed,Not Ejected,N,,,,,N,,,,None,Not Transported,Failed to Yield Right-of-Way,,,,52,N,N,N,N,N,N,N,N
26896766,2025,1,1,N,FL,E/Operator,Not Distracted,Apparently Normal,No,Vision Not Obscured,RESPONSIVE AUTO INSURANCE COMPANY,WEST PARK,FL,33023,Female,,Shoulder and Lap Belt Used,,Not Deployed,Not Ejected,N,,,,,N,,,,None,Not Transported,Other Contributing Action,,,,64,N,N,N,N,N,N,N,N
26897715,2025,1,1,N,FL,E/Operator,Not Distracted,Apparently Normal,No Required Endorsements,Vision Not Obscured,SELF INSURED,WESTON,FL,33326,Male,,Shoulder and Lap Belt Used,,Not Deployed,Not Ejected,N,,,,,N,,,,None,Not Transported,Failed to Yield Right-of-Way,,,,60,N,N,N,N,N,N,N,N
26898087,2025,1,1,N,FL,E/Operator - Restricted,Unknown,Apparently Normal,No Required Endorsements,All Other,STATEFARM,OAKLAND PARK,FL,33334,Male,No Helmet,Shoulder and Lap Belt Used,,Not Deployed,Not Ejected,N,Test Not Given,,,,N,Test Not Given,,,None,Not Transported,Failed to Yield Right-of-Way,Improper Turn,,,47,N,N,N,,N,N,N,N
26898515,2025,1,1,N,AL,E/Operator,Not Distracted,Apparently Normal,No,Vision Not Obscured,TRAVLERS,VESTAVIA HILLS,AL,35216-,Female,,Shoulder and Lap Belt Used,,Not Deployed,Not Ejected,N,,,,,N,,,,None,Not Transported,Other Contributing Action,,,,23,N,N,N,N,N,N,N,N
26898939,2025,1,2,N,,,Unknown,Unknown,,Vision Not Obscured,UK,UK,UK,UK,Male,,Other,,Not Deployed,Not Ejected,,,,,,,,,,None,Not Transported,No Contributing Action,,,,,N,N,N,,N,N,N,N
26921389,2025,1,1,N,FL,E/Operator,Not Distracted,Apparently Normal,No Required Endorsements,Vision Not Obscured,EQUITY INSURANCE COMPANY,POMPANO BEACH,FL,33068,Male,No Helmet,Shoulder and Lap Belt Used,,Not Deployed,Not Ejected,N,,,,,N,,,,None,Not Transported,Failed to Yield Right-of-Way,,,,36,N,N,N,N,N,N,N,N
26928308,2025,1,1,N,,,Unknown,Unknown,,All Other,UNKNOWN,UNKNOWN,UK,00000,Female,,,,,Unknown,,,,,,,Test Not Given,,,None,Not Transported,Other Contributing Action,,,,,N,N,N,,N,N,N,N
26942560,2025,1,1,N,FL,E/Operator,Not Distracted,Apparently Normal,No Required Endorsements,Building/Fixed Object,INSUREMAX INSURANCE COMPANY,WINDERMERE,FL,34786,Male,No Helmet,Shoulder and Lap Belt Used,,Not Deployed,Not Ejected,N,,,,,N,,,,None,Not Transported,Failed to Yield Right-of-Way,,,,25,N,N,N,N,N,N,N,N
26954754,2025,1,2,N,FL,E/Operator,Not Distracted,Unknown,No Required Endorsements,Vision Not Obscured,GEICO INSURANCE COMPANY,CLEARWATER,FL,33761,Male,,Restraint Used - Type Unknown,,Not Deployed,Not Ejected,,Test Not Given,,,,,Test Not Given,,,None,Not Transported,Operated MV in Careless or Negligent Manner,,,,62,N,N,N,N,N,N,N,N
27146006,2025,1,1,N,FL,E/Operator,Not Distracted,Apparently Normal,No Required Endorsements,Vision Not Obscured,PROGRESSIVE SELECT INSURANCE COMPAN,TAMARAC,FL,33321,Male,No Helmet,Shoulder and Lap Belt Used,,Not Deployed,Not Ejected,N,,,,,N,,,,None,Not Transported,No Contributing Action,,,,19,N,N,N,N,N,N,Y,N
27162253,2025,1,1,,FL,E/Operator,Not Distracted,Apparently Normal,No Required Endorsements,Vision Not Obscured,PROGRESSIVE SELECT INSURANCE COMPANY,BRADENTON,FL,34208,Male,,Shoulder and Lap Belt Used,,Not Applicable,Not Ejected,N,,,,,N,,,,Non-Incapacitating,Not Transported,Operated MV in Careless or Negligent Manner,,,,53,N,N,N,N,N,N,N,N
27162440,2025,1,1,,FL,E/Operator,Not Distracted,Apparently Normal,Yes,Parked/Stopped Vehicle,CLEAR BLUE SPECIALTY INS,SARASOTA,FL,34236,Male,No Helmet,Shoulder and Lap Belt Used,,Not Deployed,Not Ejected,N,,,,,N,,,,None,Not Transported,No Contributing Action,,,,60,N,N,N,N,N,N,N,N
27172849,2025,1,1,N,FL,E/Operator,Not Distracted,Apparently Normal,No Required Endorsements,Trees/Crops/Bushes,PERMANENT GENERAL ASSUR,LAKE WORTH,FL,33461,Female,,Shoulder and Lap Belt Used,,Not Deployed,Not Ejected,N,,,,,N,,,,None,Not Transported,Other Contributing Action,,,,34,N,N,N,N,N,N,N,N
27173851,2025,1,1,N,FL,E/Operator,Not Distracted,Apparently Normal,No Required Endorsements,Vision Not Obscured,STATE FARM MUTUAL AUTOM,GREENACRES,FL,33413,Female,,Shoulder and Lap Belt Used,,Not Deployed,Not Ejected,N,,,,,N,,,,None,Not Transported,No Contributing Action,,,,61,N,N,N,N,N,N,N,N
27174457,2025,1,1,N,FL,None,Not Distracted,Apparently Normal,No Required Endorsements,Vision Not Obscured,NONE,BELLE GLADE,FL,33430,Male,No Helmet,Not Applicable (non-motorist),,Not Applicable,Not Applicable,N,,,,,N,,,,Possible,EMS,"Operated MV in Erratic, Reckless or Aggressive Manner",Drove Too Fast for Conditions,,,35,Y,N,N,N,Y,N,N,N
27175434,2025,1,1,N,FL,E/Operator,Not Distracted,Apparently Normal,No Required Endorsements,Vision Not Obscured,GEICO CASUALTY COMPANY,PALM BEACH,FL,33480,Male,,Shoulder and Lap Belt Used,,Not Deployed,Not Ejected,N,,,,,N,,,,None,Not Transported,Failed to Yield Right-of-Way,,,,65,N,N,N,N,N,Y,N,N
27175447,2025,1,1,N,FL,E/Operator,Not Distracted,Apparently Normal,No Required Endorsements,Vision Not Obscured,STATE FARM,ROYAL PALM BEACH,FL,33414,Male,,Shoulder and Lap Belt Used,,Not Deployed,Not Ejected,N,,,,,N,,,,None,Not Transported,No Contributing Action,,,,53,N,N,N,N,N,N,N,N
27185286,2025,1,1,N,FL,E/Operator,Unknown,Apparently Normal,No Required Endorsements,Vision Not Obscured,PROGRESSIVE AMERICAN INSURANCE,MIRAMAR,FL,33027,Male,,Shoulder and Lap Belt Used,,Not Deployed,Not Ejected,N,,,,,N,,,,None,Not Transported,Other Contributing Action,,,,51,N,N,N,,N,N,N,N
27213412,2025,1,1,,,,Unknown,Unknown,,,,,,,,,,,,Unknown,,,,,,,,,,,Unknown,,,,,,N,N,N,,N,N,N,N
27213447,2025,1,1,N,FL,E/Operator,Unknown,Apparently Normal,No Required Endorsements,Vision Not Obscured,STAR CASUALTY INSURANCE,MIAMI,FL,33186,Female,,Shoulder and Lap Belt Used,,Not Deployed,Not Ejected,N,,,,,N,,,,None,Not Transported,Other Contributing Action,,,,55,N,N,N,,N,N,N,N
27213553,2025,1,1,N,FL,E/Operator,Not Distracted,Apparently Normal,No Required Endorsements,Vision Not Obscured,ARCH INSURANCE COMPANY,MIAMI,FL,33126,Male,,Shoulder and Lap Belt Used,,Not Deployed,Not Ejected,N,,,,,N,,,,None,Not Transported,Failed to Yield Right-of-Way,,,,76,N,N,N,N,N,Y,N,N
27214135,2025,1,1,N,FL,E/Operator,Not Distracted,Apparently Normal,No Required Endorsements,Vision Not Obscured,STAR CASUALTY INSURANCE,8045 NE 1ST AVE APT 7,FL,33138,Female,,Shoulder and Lap Belt Used,,Not Deployed,Not Ejected,N,,,,,N,,,,None,Not Transported,Failed to Yield Right-of-Way,,,,60,N,N,N,N,N,N,N,N
27214265,2025,1,1,N,FL,E/Operator,Not Distracted,Apparently Normal,No Required Endorsements,Vision Not Obscured,HARTFORD FIRE INSURANCE,NORTH MIAMI,FL,33161,Male,No Helmet,Shoulder and Lap Belt Used,,Not Deployed,Not Ejected,N,,,,,N,,,,None,Not Transported,Improper Passing,,,,51,N,N,N,N,N,N,N,N
27234717,2025,1,1,N,FL,E/Operator,Not Distracted,Apparently Normal,No Required Endorsements,Vision Not Obscured,ACE AMERICAN INSURANCE,LEHIGH ACRES,FL,33971,Male,,Shoulder and Lap Belt Used,,Not Applicable,Not Ejected,N,,,,,N,,,,None,Not Transported,No Contributing Action,,,,24,N,N,N,N,N,N,N,N
27239040,2025,1,1,N,FL,E/Operator,Not Distracted,Apparently Normal,No Required Endorsements,Vision Not Obscured,GEICO INDEMNITY COMPANY,ORLANDO,FL,32839,Male,,Shoulder and Lap Belt Used,,Not Deployed,Not Ejected,N,,,,,N,,,,None,Not Transported,Ran Stop Sign,Failed to Yield Right-of-Way,,,31,Y,N,N,N,N,N,N,N
27239561,2025,1,1,N,FL,E/Operator,Not Distracted,Apparently Normal,No Required Endorsements,Vision Not Obscured,PROGRESSIVE SELECT INSURANCE,ALTAMONTE SPRINGS,FL,32714,Male,,Shoulder and Lap Belt Used,,Not Deployed,Not Ejected,N,,,,,N,,,,None,Not Transported,Ran Stop Sign,,,,52,N,N,N,N,N,N,N,N
27249626,2025,1,1,N,FL,E/Operator,Not Distracted,Apparently Normal,No Required Endorsements,Vision Not Obscured,GOVERNMENT EMPLOYEES IN,MARCO ISLAND,FL,34145,Male,,Shoulder and Lap Belt Used,,Not Deployed,Not Ejected,N,,,,,N,,,,None,Not Transported,No Contributing Action,,,,63,N,N,N,N,N,N,N,N
