REPORT_NUMBER,CRASH_YEAR,PERSON_NUMBER,LOCATION_AT_TIME_OF_CRASH_CODE,ACTION_PRIOR_TO_CRASH_CODE,NON_MOTORIST_DESCRIPTION_CODE,CITY,STATE,ZIP_CODE,SEX,SUSPECTED_ALCOHOL_USE_CODE,ALCOHOL_TESTED_CODE,ALCOHOL_TEST_TYPE_CODE,ALCOHOL_TEST_RESULT,BLOOD_ALCOHOL_CONTENT,SUSPECTED_DRUG_USE_CODE,DRUG_TESTED_CODE,DRUG_TEST_TYPE_CODE,DRUG_TEST_RESULT,INJURY_SEVERITY,EMS_TRANSPORT_TYPE,NON_MOTORIST_ACTIONS_CIRCUMSTANCES_1,NON_MOTORIST_ACTIONS_CIRCUMSTANCES_2,SAFETY_EQUIPMENT_CODE_1,SAFETY_EQUIPMENT_CODE_2,S4_AGE_AT_TIME_OF_CRASH,S4_IS_ALCOHOL_RELATED,S4_IS_DRUG_RELATED,S4_IS_AGING,S4_IS_TEENAGER
25196722,2025,2,Sidewalk,Walking/Cycling on Sidewalk,Other Cyclist,KISSIMMEE,FL,34744,,N,,,,,N,,,,None,Not Transported,No Improper Action,,Helmet,,,N,N,N,N
25929535,2025,2,Bicycle Lane,Walking/Cycling Along Roadway With Traffic,Other Cyclist,MIAMI BEACH,FL,33139,Male,N,,,,,N,,,,None,Not Transported,No Improper Action,,None,,14,N,N,N,N
25941785,2025,2,Intersection - Marked Crosswalk,Walking/Cycling Along Roadway Against Traffic,Other Cyclist,SARASOTA,,34237,Female,N,,,,,N,,,,Possible,EMS,Other,,None,,37,N,N,N,N
26032084,2025,2,Intersection - Marked Crosswalk,Crossing Roadway,Other Cyclist,WINTER PARK,FL,32789,Male,N,,,,,N,,,,Possible,EMS,Dart/Dash,,None,,13,N,N,N,N
26203907,2025,1,Intersection - Marked Crosswalk,Crossing Roadway,Other Cyclist,SEMINOLE,FL,33772,,N,,,,,N,,,,Possible,Not Transported,Unknown,,None,,,N,N,N,N
26203910,2025,2,Bicycle Lane,Other,Other Cyclist,SAFETY HARBOR,FL,34695,,N,,,,,N,,,,Possible,Not Transported,Other,,None,,,N,N,N,N
89367544,2025,2,Intersection - Marked Crosswalk,Crossing Roadway,Other Cyclist,LARGO,FL,33774,Male,N,,,,,N,,,,Non-Incapacitating,EMS,"Failure to Obey Traffic Signs, Signals, or Officer",,None,,38,N,N,N,N
25979099,2025,2,Intersection - Marked Crosswalk,Crossing Roadway,Other Cyclist,DAYTONA BEACH,FL,32114,Male,N,,,,,N,,,,Non-Incapacitating,EMS,Dart/Dash,,Helmet,None,61,N,N,N,N
26017312,2025,2,Intersection - Marked Crosswalk,Crossing Roadway,Other Cyclist,CRESTVIEW,FL,32539,Male,N,,,,,N,,,,Incapacitating,EMS,Failure to Yield Right-of-Way,,None,,49,N,N,N,N
26195374,2025,2,Travel Lane - Other Location,Walking/Cycling Along Roadway With Traffic,Other Cyclist,WEST PALM BEACH,FL,33413,Male,N,,,,,N,,,,Non-Incapacitating,Not Transported,No Improper Action,,Helmet,None,34,N,N,N,N
26119519,2025,2,Travel Lane - Other Location,Walking/Cycling Along Roadway With Traffic,Other Cyclist,JACKSONVILLE,FL,32225,Male,N,Test Not Given,,,,N,Test Not Given,,,Possible,Not Transported,No Improper Action,,None,None,26,N,N,N,N
26427822,2025,2,Intersection - Marked Crosswalk,Crossing Roadway,Other Cyclist,GAINESVILLE,FL,32641,Female,N,Test Not Given,,,,N,Test Not Given,,,Incapacitating,EMS,No Improper Action,,None,None,17,N,N,N,Y
26195398,2025,2,Driveway Access,Walking/Cycling on Sidewalk,Other Cyclist,LANTANA,FL,33462,Male,N,,,,,N,,,,None,Not Transported,No Improper Action,,None,,26,N,N,N,N
26216356,2025,2,Intersection - Marked Crosswalk,Crossing Roadway,Other Cyclist,ORANGE PARK,FL,32065,Male,N,,,,,N,,,,Non-Incapacitating,Not Transported,No Improper Action,,None,,57,N,N,N,N
26410469,2025,1,Shoulder/Roadside,Adjacent to Roadway,Other Cyclist,EUSTIS,FL,34465,Male,N,Test Not Given,,,,N,Test Not Given,,,Non-Incapacitating,Other,Wrong-Way Riding or Walking,,None,,14,N,N,N,N
26419022,2025,2,Driveway Access,Walking/Cycling on Sidewalk,Other Cyclist,ST PETERSBURG,FL,33711,Male,N,Test Not Given,,,,N,Test Not Given,,,Incapacitating,EMS,Dart/Dash,,None,,54,N,N,N,N
26420350,2025,3,Sidewalk,Walking/Cycling on Sidewalk,Bicyclist,LECANTO,FL,34461,Female,N,Test Not Given,,,,N,Test Not Given,,,Possible,EMS,No Improper Action,,Helmet,,40,N,N,N,N
26420350,2025,4,Sidewalk,Walking/Cycling on Sidewalk,Other Cyclist,LECANTO,FL,34461,Female,N,Test Not Given,,,,N,Test Not Given,,,Non-Incapacitating,EMS,No Improper Action,,Helmet,,4,N,N,N,N
26427822,2025,3,Intersection - Marked Crosswalk,Crossing Roadway,Other Cyclist,GAINESVILLE,FL,32601,Male,N,Test Not Given,,,,N,Test Not Given,,,None,Not Transported,No Improper Action,,None,None,20,N,N,N,N
26430991,2025,3,Intersection - Unmarked Crosswalk,Crossing Roadway,Other Cyclist,WINDERMERE,FL,34786,Female,N,Test Not Given,,,,N,Test Not Given,,,Incapacitating,EMS,Failure to Yield Right-of-Way,,None,,11,N,N,N,N
26434954,2025,2,Intersection - Marked Crosswalk,In Roadway - Other,Other Cyclist,MELBOURNE,FL,32901,Male,N,Test Not Given,,,,N,Test Not Given,,,Possible,EMS,No Improper Action,,None,,22,N,N,N,N
26436214,2025,2,Intersection - Marked Crosswalk,Crossing Roadway,Other Cyclist,ORLANDO,FL,32839,Male,N,Test Not Given,,,,N,Test Not Given,,,Possible,Not Transported,No Improper Action,,None,,16,N,N,N,Y
26508662,2025,2,Travel Lane - Other Location,Working in Trafficway,Other Cyclist,CORAL SPRINGS,FL,33065,,N,,,,,N,,,,Possible,EMS,Failure to Yield Right-of-Way,,None,,,N,N,N,N
26436364,2025,2,Intersection - Marked Crosswalk,Crossing Roadway,Other Cyclist,BROOKLYN,NY,11220,Male,N,Test Not Given,,,,N,Test Not Given,,,Non-Incapacitating,EMS,No Improper Action,,None,,66,N,N,Y,N
26437354,2025,1,Travel Lane - Other Location,Walking/Cycling Along Roadway With Traffic,Other Cyclist,SANTA ROSA BEACH,FL,32459,Male,N,Test Not Given,,,,N,Test Not Given,,,Non-Incapacitating,Not Transported,No Improper Action,,Helmet,,32,N,N,N,N
27172849,2025,2,Intersection - Marked Crosswalk,Crossing Roadway,Other Cyclist,PALM SPRINGS,FL,33461,Female,N,,,,,N,,,,Possible,EMS,Wrong-Way Riding or Walking,Other,None,,41,N,N,N,N
26439595,2025,2,Travel Lane - Other Location,In Roadway - Other,Other Cyclist,HIGH SPRINGS,FL,32643,,,Test Given,Blood,Completed,0.24,,Test Given,Blood,Positive,Fatal (within 30 days),EMS,Other,,None,,,Y,Y,N,N
26447677,2025,2,Bicycle Lane,Walking/Cycling Along Roadway With Traffic,Other Cyclist,PANAMA CITY,FL,32408,Male,N,Test Not Given,,,,N,Test Not Given,,,None,Not Transported,No Improper Action,,None,,51,N,N,N,N
26467325,2025,2,Intersection - Marked Crosswalk,Crossing Roadway,Other Cyclist,LAND O LAKES,FL,34638,Male,N,Test Not Given,,,,N,Test Not Given,,,Non-Incapacitating,EMS,No Improper Action,,None,,13,N,N,N,N
26471573,2025,2,Intersection - Unmarked Crosswalk,Walking/Cycling on Sidewalk,Other Cyclist,PALM HARBOR,FL,34684,Male,N,Test Not Given,,,,N,Test Not Given,,,None,Not Transported,Dart/Dash,Failure to Yield Right-of-Way,None,,37,N,N,N,N
26597423,2025,2,Intersection - Marked Crosswalk,Walking/Cycling on Sidewalk,Other Cyclist,BOCA RATON,FL,33487,,N,,,,,N,,,,Non-Incapacitating,EMS,No Improper Action,,None,,,N,N,N,N
26471578,2025,2,Intersection - Marked Crosswalk,Walking/Cycling Along Roadway With Traffic,Other Cyclist,ZEPHYRHILLS,FL,33542,Male,N,Test Not Given,,,,N,Test Not Given,,,Possible,EMS,Failure to Yield Right-of-Way,,None,,22,N,N,N,N
26472728,2025,3,Intersection - Marked Crosswalk,Crossing Roadway,Other Cyclist,LARGO,FL,33770,Female,N,Test Not Given,,,,N,Test Not Given,,,Non-Incapacitating,EMS,Failure to Yield Right-of-Way,,None,,55,N,N,N,N
26474302,2025,2,Other,Crossing Roadway,Other Cyclist,ORLANDO,FL,32837,Male,N,Test Not Given,,,,N,Test Not Given,,,Non-Incapacitating,EMS,Dart/Dash,,None,,5,N,N,N,N
26477238,2025,1,Intersection - Marked Crosswalk,Crossing Roadway,Other Cyclist,ORLANDO,FL,32839,Male,N,Test Not Given,,,,N,Test Not Given,,,Possible,Not Transported,No Improper Action,No Improper Action,None,,30,N,N,N,N
26477240,2025,2,Intersection - Marked Crosswalk,Crossing Roadway,Other Cyclist,ORLANDO,FL,32837,Female,N,Test Not Given,,,,N,Test Not Given,,,Non-Incapacitating,EMS,No Improper Action,,None,,11,N,N,N,N
26477248,2025,2,Midblock - Marked Crosswalk,Crossing Roadway,Other Cyclist,GROVETOWN,GA,30813,Female,N,Test Not Given,,,,N,Test Not Given,,,Possible,EMS,No Improper Action,,None,,25,N,N,N,N
26477426,2025,2,Intersection - Marked Crosswalk,Crossing Roadway,Other Cyclist,PENSACOLA,FL,32514,Male,N,Test Not Given,,,,N,Test Not Given,,,Possible,Not Transported,Failure to Yield Right-of-Way,,Reflective Clothing,None,37,N,N,N,N
26547861,2025,3,Sidewalk,Walking/Cycling on Sidewalk,Other Cyclist,TAMPA,FL,33615,Male,N,Test Not Given,,,,N,Test Not Given,,,None,Not Transported,Failure to Yield Right-of-Way,,Helmet,Protective Pads,17,N,N,N,Y
26502266,2025,1,Intersection - Unmarked Crosswalk,Crossing Roadway,Other Cyclist,KEY WEST,FL,33040,,N,,,,,N,,,,Possible,Not Transported,"Failure to Obey Traffic Signs, Signals, or Officer",,None,,,N,N,N,N
26502266,2025,2,Intersection - Unmarked Crosswalk,Walking/Cycling Along Roadway With Traffic,Other Cyclist,SUMMERLAND KEY,FL,33042,,N,,,,,N,,,,Possible,Not Transported,"Failure to Obey Traffic Signs, Signals, or Officer",,None,,,N,N,N,N
26549008,2025,1,Driveway Access,In Roadway - Other,Other Cyclist,TAMPA,FL,33618,Male,N,Test Not Given,,,,N,Test Not Given,,,None,EMS,No Improper Action,,None,,17,N,N,N,Y
26550080,2025,2,Intersection - Unmarked Crosswalk,Walking/Cycling on Sidewalk,Other Cyclist,TAMPA,FL,33613,Male,N,Test Refused,,,,N,Test Not Given,,,Possible,EMS,Dart/Dash,Other,None,,19,Y,N,N,Y
26591961,2025,2,Intersection - Unmarked Crosswalk,Other,Other Cyclist,DANIA,FL,33004,,N,,,,,N,,,,Possible,Not Transported,Other,,None,,,N,N,N,N
26592035,2025,1,Intersection - Marked Crosswalk,Crossing Roadway,Other Cyclist,HALLANDALE BEACH,FL,33009,,N,,,,,N,,,,Non-Incapacitating,EMS,Dart/Dash,Failure to Yield Right-of-Way,None,,,N,N,N,N
26597422,2025,2,Sidewalk,Walking/Cycling on Sidewalk,Other Cyclist,BOCA RATON,FL,33432,,N,,,,,N,,,,Non-Incapacitating,Not Transported,No Improper Action,,None,,,N,N,N,N
26641509,2025,2,Intersection - Unmarked Crosswalk,Crossing Roadway,Other Cyclist,SAINT CLOUD,FL,34771,Male,N,,,,,N,,,,Possible,Not Transported,No Improper Action,,None,,39,N,N,N,N
26641534,2025,2,Intersection - Marked Crosswalk,Walking/Cycling on Sidewalk,Other Cyclist,WINDERMERE,FL,34786,Male,N,,,,,N,,,,None,Not Transported,No Improper Action,,Helmet,,11,N,N,N,N
26722630,2025,2,Intersection - Unmarked Crosswalk,Crossing Roadway,Other Cyclist,MIAMI GARDENS,,33056,Male,N,,,,,N,,,,Possible,Not Transported,No Improper Action,,None,,20,N,N,N,N
26724182,2025,2,Intersection - Marked Crosswalk,Crossing Roadway,Other Cyclist,CINCINNATI,,45211,Female,N,,,,,N,,,,Non-Incapacitating,EMS,No Improper Action,,None,,20,N,N,N,N
26765138,2025,3,Other,Crossing Roadway,Other Cyclist,BARTOW,FL,33830,Male,N,,,,,N,,,,Possible,EMS,No Improper Action,,None,,39,N,N,N,N
26723434,2025,2,Sidewalk,Walking/Cycling on Sidewalk,Other Cyclist,HOMESTEAD,,33033,Male,N,,,,,N,,,,Non-Incapacitating,EMS,No Improper Action,,None,,24,N,N,N,N
26781670,2025,1,Sidewalk,Walking/Cycling on Sidewalk,Other Cyclist,POMPANO BEACH,FL,33060,,N,,,,,N,,,,Possible,EMS,Failure to Yield Right-of-Way,,None,,,N,N,N,N
26782131,2025,2,Intersection - Marked Crosswalk,Crossing Roadway,Other Cyclist,POMPANO BEACH,FL,33062,,N,,,,,N,,,,Possible,Not Transported,No Improper Action,,None,,,N,N,N,N
26783613,2025,2,Intersection - Marked Crosswalk,Crossing Roadway,Other Cyclist,LOS ANGELES,CA,90013,,N,,,,,N,,,,Possible,Not Transported,Wrong-Way Riding or Walking,,None,,,N,N,N,N
26801320,2025,2,Intersection - Marked Crosswalk,Crossing Roadway,Other Cyclist,TALLAHASSEE,FL,32309,Male,N,,,,,N,,,,Non-Incapacitating,EMS,Unknown,,None,,15,N,N,N,Y
26860363,2025,2,Intersection - Marked Crosswalk,Crossing Roadway,Other Cyclist,ST PETERSBURG,FL,33711,Male,N,,,,,N,,,,None,Not Transported,Failure to Yield Right-of-Way,,None,,13,N,N,N,N
26811969,2025,2,Intersection - Marked Crosswalk,Walking/Cycling on Sidewalk,Other Cyclist,Bunnell,FL,32110,Male,,,,,,,,,,Possible,EMS,Wrong-Way Riding or Walking,,Helmet,Reflective Clothing,37,N,N,N,N
26843385,2025,2,Intersection - Other,Crossing Roadway,Other Cyclist,JACKSONVILLE,FL,32219,Male,N,Test Not Given,,,,N,Test Not Given,,,Non-Incapacitating,Not Transported,Failure to Yield Right-of-Way,,Helmet,Protective Pads,12,N,N,N,N
26896766,2025,2,Intersection - Other,Walking/Cycling on Sidewalk,Other Cyclist,FORT LAUDERDALE,FL,33316,Female,N,,,,,N,,,,None,Not Transported,Other,,None,,19,N,N,N,Y
26812010,2025,3,Intersection - Marked Crosswalk,Crossing Roadway,Other Cyclist,BORONA,FL,32110,Male,,,,,,,,,,Non-Incapacitating,EMS,Improper Passing,,None,,50,N,N,N,N
26820406,2025,2,Intersection - Marked Crosswalk,Walking/Cycling Along Roadway Against Traffic,Other Cyclist,STAURT,FL,34997,Male,N,,,,,N,,,,Non-Incapacitating,Other,Wrong-Way Riding or Walking,,None,,16,N,N,N,Y
26855930,2025,3,Sidewalk,Other,Other Cyclist,WEST PALM BEACH,FL,33409,,N,,,,,N,,,,Non-Incapacitating,EMS,No Improper Action,,None,,,N,N,N,N
26859957,2025,2,Intersection - Other,Unknown,Other Cyclist,ST. PETERSBURG,FL,33716,Male,N,,,,,N,,,,Incapacitating,EMS,Unknown,,Helmet,,33,N,N,N,N
26872742,2025,2,Bicycle Lane,Crossing Roadway,Other Cyclist,TAMPA,FL,33607,Male,N,,,,,N,,,,Incapacitating,EMS,Failure to Yield Right-of-Way,,None,,37,N,N,N,N
26895269,2025,2,Intersection - Marked Crosswalk,Walking/Cycling Along Roadway With Traffic,Other Cyclist,FORT LAUDERDALE,FL,33315,Male,N,,,,,N,,,,Non-Incapacitating,EMS,No Improper Action,,Unknown,,27,N,N,N,N
26896224,2025,2,Bicycle Lane,Other,Other Cyclist,SUNRISE,FL,33313,Male,N,,,,,N,,,,None,Not Transported,No Improper Action,,None,,16,N,N,N,Y
26897715,2025,2,Intersection - Marked Crosswalk,Crossing Roadway,Other Cyclist,FT LAUDERDALE,FL,33308,Male,N,,,,,N,,,,Non-Incapacitating,Not Transported,No Improper Action,,None,,31,N,N,N,N
26898087,2025,3,Travel Lane - Other Location,Adjacent to Roadway,Other Cyclist,FORT LAUDERDALE,FL,33305,Male,N,Test Not Given,,,,N,Test Not Given,,,None,Not Transported,Unknown,,Helmet,Protective Pads,38,N,N,N,N
26898515,2025,2,Intersection - Other,Walking/Cycling Along Roadway With Traffic,Other Cyclist,UK,UK,UK,Male,N,,,,,N,,,,Non-Incapacitating,Not Transported,Other,,Helmet,,36,N,N,N,N
26898939,2025,1,Bicycle Lane,Walking/Cycling Along Roadway Against Traffic,Other Cyclist,FORT LAUDERDALE,FL,33304,Male,N,,,,,N,,,,Non-Incapacitating,Not Transported,Wrong-Way Riding or Walking,,None,,23,N,N,N,N
26921389,2025,3,Sidewalk,Walking/Cycling on Sidewalk,Other Cyclist,MARGATE,FL,33068,,N,,,,,N,,,,Non-Incapacitating,EMS,No Improper Action,,None,,,N,N,N,N
26928308,2025,2,Shoulder/Roadside,Walking/Cycling Along Roadway Against Traffic,Other Cyclist,DAYTONA BEACH,FL,32114,Male,N,,,,,N,,,,,EMS,Wrong-Way Riding or Walking,,None,,20,N,N,N,N
26942560,2025,2,Intersection - Marked Crosswalk,Crossing Roadway,Other Cyclist,KISSIMMEE,FL,34746,,N,,,,,N,,,,Non-Incapacitating,EMS,No Improper Action,,None,,,N,N,N,N
26954754,2025,1,Intersection - Marked Crosswalk,Crossing Roadway,Other Cyclist,PINELLAS PARK,FL,33781,Male,N,Test Not Given,,,,N,Test Not Given,,,Incapacitating,EMS,No Improper Action,,None,,25,N,N,N,N
27146006,2025,2,Driveway Access,Walking/Cycling on Sidewalk,Other Cyclist,SUNRISE,FL,33351,,N,,,,,N,,,,Non-Incapacitating,EMS,Failure to Yield Right-of-Way,,None,,,N,N,N,N
27162253,2025,2,Other,Walking/Cycling Along Roadway With Traffic,Other Cyclist,BRADENTON,,34203,Male,N,,,,,N,,,,Non-Incapacitating,Not Transported,No Improper Action,,None,,39,N,N,N,N
27162440,2025,2,Intersection - Other,Crossing Roadway,Other Cyclist,SARASOTA,,34239,Male,N,,,,,N,,,,Non-Incapacitating,Not Transported,Unknown,,None,,14,N,N,N,N
27173851,2025,2,Shoulder/Roadside,In Roadway - Other,Other Cyclist,GREENACRES,FL,33413,Male,N,,,,,N,,,,Non-Incapacitating,Not Transported,No Improper Action,,None,,13,N,N,N,N
27174457,2025,2,Driveway Access,Other,Other Cyclist,BELLE GLADE,FL,33430,Male,N,,,,,N,,,,Possible,EMS,Wrong-Way Riding or Walking,No Improper Action,None,,35,N,N,N,N
27175434,2025,2,Intersection - Other,Walking/Cycling on Sidewalk,Other Cyclist,NORTH LAUDERDALE,FL,33068,Female,N,,,,,N,,,,Possible,Not Transported,Failure to Yield Right-of-Way,,None,,27,N,N,N,N
27175447,2025,2,Sidewalk,Walking/Cycling on Sidewalk,Other Cyclist,WELLINGTON,FL,33414,Male,N,,,,,N,,,,None,Not Transported,No Improper Action,,Lighting,,33,N,N,N,N
27185286,2025,2,Intersection - Marked Crosswalk,Crossing Roadway,Other Cyclist,HOLLYWOOD,FL,33024,Male,N,,,,,N,,,,None,Not Transported,Unknown,,None,,34,N,N,N,N
27213412,2025,2,Other,Crossing Roadway,Other Cyclist,MIAMI,FL,33137,Male,N,,,,,N,,,,Non-Incapacitating,EMS,No Improper Action,,None,,62,N,N,N,N
27213447,2025,2,Intersection - Other,Other,Other Cyclist,MIAMI,FL,33127,Male,N,,,,,N,,,,Non-Incapacitating,EMS,Unknown,,None,,28,N,N,N,N
27213553,2025,2,Travel Lane - Other Location,Walking/Cycling Along Roadway With Traffic,Bicyclist,MIAMI,FL,33143,Male,N,,,,,N,,,,Possible,EMS,Not Visible,,None,,56,N,N,N,N
27213553,2025,3,Travel Lane - Other Location,Walking/Cycling Along Roadway With Traffic,Other Cyclist,MIAMI,FL,33193,Female,N,,,,,N,,,,Possible,Not Transported,Other,,None,,33,N,N,N,N
27214135,2025,2,Intersection - Marked Crosswalk,Crossing Roadway,Other Cyclist,MIAMI,FL,33135,Female,N,,,,,N,,,,None,Not Transported,No Improper Action,,None,,22,N,N,N,N
27214135,2025,3,Intersection - Marked Crosswalk,Crossing Roadway,Other Cyclist,MIAMI,FL,33130,Female,N,,,,,N,,,,None,Not Transported,No Improper Action,,None,,33,N,N,N,N
27214265,2025,2,Shoulder/Roadside,Walking/Cycling Along Roadway With Traffic,Other Cyclist,MIAMI,FL,33127,Female,N,,,,,N,,,,Incapacitating,EMS,Not Visible,,None,,28,N,N,N,N
27234717,2025,2,Shared-Use Path or Trail,Walking/Cycling Along Roadway With Traffic,Other Cyclist,,FL,,Male,N,,,,,N,,,,Possible,EMS,Improper Passing,,Helmet,,24,N,N,N,N
27239040,2025,2,Midblock - Marked Crosswalk,Crossing Roadway,Other Cyclist,ORLANDO,FL,32811,Female,N,,,,,N,,,,Possible,Not Transported,No Improper Action,,None,,32,N,N,N,N
27239561,2025,2,Intersection - Marked Crosswalk,Walking/Cycling on Sidewalk,Other Cyclist,ORLANDO,FL,32805,Female,N,,,,,N,,,,Non-Incapacitating,Not Transported,No Improper Action,,None,,14,N,N,N,N
27249626,2025,2,Intersection - Marked Crosswalk,Walking/Cycling Along Roadway Against Traffic,Other Cyclist,NAPLES,FL,34112,Male,N,,,,,N,,,,Possible,Not Transported,Failure to Yield Right-of-Way,,None,,24,N,N,N,N
