REPORT_NUMBER,CRASH_YEAR,VEHICLE_NUMBER,PERSON_NUMBER,CITY,STATE,ZIP_CODE,SEX,HELMET_CODE,RESTRAINT_SYSTEM_CODE,EYE_PROTECTION_CODE,AIR_BAG_DEPLOYMENT_CODE,EJECTED,INJURY_SEVERITY,EMS_TRANSPORT_TYPE,SEAT_POSITION_CODE,ROW_POSITION_CODE,OTHER_POSITION_CODE,S4_AGE_AT_TIME_OF_CRASH,S4_IS_UNRESTRAINED_PASSENGER
26203907,2025,1,2,HOLIDAY,FL,34691,Male,DOT-Compliant Motorcycle Helmet,Shoulder and Lap Belt Used,,Not Deployed,Not Ejected,None,Not Transported,Right,Front,Not Applicable,26,N
26420350,2025,1,2,INGLIS,FL,34449,Female,,Shoulder and Lap Belt Used,,Not Deployed,Not Ejected,None,Not Transported,Right,Front,,61,N
26430991,2025,1,2,WINDERMERE,FL,34786,Female,,Shoulder and Lap Belt Used,,Not Deployed,Not Ejected,None,Not Transported,Right,Front,,39,N
26921389,2025,1,2,SICKLERVILLE,NJ,08081,Female,No Helmet,Shoulder and Lap Belt Used,,Not Deployed,Not Ejected,None,Not Transported,Right,Front,Not Applicable,50,N
26434954,2025,1,3,ROCKLEDGE,FL,32955,Female,,Shoulder and Lap Belt Used,,Not Deployed,Not Ejected,None,Not Transported,Right,Front,,32,N
26434954,2025,1,4,ROCKLEDGE,FL,32955,Female,,Child Restraint System - Forward Facing,,Not Deployed,Not Ejected,None,Not Transported,Middle,Second,,9,N
26472728,2025,1,2,ST PETE BEACH,FL,33760,Female,,Shoulder and Lap Belt Used,,Not Deployed,Not Ejected,None,Not Transported,Right,Front,Not Applicable,19,N
26547861,2025,1,2,TAMPA,FL,33615,Female,,Shoulder and Lap Belt Used,,Not Deployed,Not Ejected,None,Not Transported,Right,Front,,27,N
26592035,2025,1,3,MIAMI,FL,33179,Female,No Helmet,Shoulder and Lap Belt Used,N,Not Applicable,Not Ejected,None,Not Transported,Right,Second,Not Applicable,13,N
26765138,2025,1,2,MULBERRY,FL,33860,Female,,Shoulder and Lap Belt Used,,Not Deployed,Not Ejected,None,Not Transported,Right,Front,,75,N
26812010,2025,1,2,Palm Coast,FL,32164,Male,No Helmet,Shoulder and Lap Belt Used,N,Not Deployed,Not Ejected,None,Not Transported,Right,Front,Not Applicable,18,N
26855930,2025,1,2,JUPITER,FL,33458,Male,No Helmet,Shoulder and Lap Belt Used,,Not Deployed,Not Ejected,None,Not Transported,Right,Front,Not Applicable,24,N
26895269,2025,1,3,MISSISSAUGA,ON,L5J 4V6,Female,,,,,,None,Not Transported,,,,,N
26898087,2025,1,2,OAKLAND PARK,FL,33334,Female,No Helmet,Shoulder and Lap Belt Used,,Not Deployed,Not Ejected,None,Not Transported,Right,Front,Not Applicable,13,N
