REPORT_NUMBER,CRASH_YEAR,VEHICLE_NUMBER,OWNER_CITY,OWNER_STATE,OWNER_ZIP_CODE,COMMERCIAL_VEHICLE_FLAG,MOTION_CODE,STATE_OF_REGISTRATION,PERMANENT_REGISTRATION_FLAG,HIT_AND_RUN_FLAG,VEHICLE_YEAR,VEHICLE_MAKE,VEHICLE_MODEL,VEHICLE_STYLE,VEHICLE_COLOR,DISABLING_FUNCTIONAL_DAMAGE,ESTIMATED_VEHICLE_DAMAGE,TOW_DAMAGE_CODE,HOW_TOW_REQUESTED,BUSINESS_OWNED_FLAG,VEHICLE_TRAVELING,ROAD_ON,ESTIMATED_MPH,POSTED_SPEED,TOTAL_NUMBER_OF_LANES,HAZARDOUS_MATERIAL_RELEASED,HAZMAT_PLACARD,HAZARDOUS_PLACARD_NUMBER,HAZMAT_CLASS,POINT_OF_IMPACT,MOST_DAMAGED_AREA_CODE,TYPE_OF_VEHICLE,TRAFFICWAY_CODE,COMMERCIAL_VEHICLE_CONFIGURATION_CODE,COMMERCIAL_USE_CODE,CARRIER_CARGO_BODY_TYPE,COMMERCIAL_VEHICLE_WEIGHT_CODE,MOST_HARMFUL_EVENT_CODE,HARMFUL_EVENT_1,HARMFUL_EVENT_2,HARMFUL_EVENT_3,HARMFUL_EVENT_4,EMERGENCY_VEHICLE_USE_CODE,ROADWAY_GRADE_CODE,ROADWAY_ALIGNMENT_CODE,VEHICLE_MANEUVER_ACTION,TRAFFIC_CONTROL_DEVICE,VEHICLE_SPECIAL_FUNCTION,VEHICLE_DEFECT1,VEHICLE_DEFECT2,S4_IS_COMMERCIAL_MOTOR_VEHICLE
25196722,2025,1,WINTER BEACH,FL,32971,N,Vehicle in Transport,FL,N,N,2005,HYUN,,4D,SIL,Functional,100,N,,N,North,4475 13TH ST,1,20,2,,,,,Right Front Door,Right Front Door,Passenger Car,"Two-Way, Not Divided",,,,,Pedestrian,Pedestrian,,,,N,Downhill,Straight,Straight Ahead,Stop Sign,No Special Function,None,,
25929535,2025,1,MIAMI,FL,33136,N,Vehicle in Transport,FL,N,Y,2007,HOND,,UNK,BLK,Unknown,0,N,Driver,N,West,16TH STREET,30,30,2,,,,,,,(Sport) Utility Vehicle,"Two-Way, Not Divided",,,,,Pedalcycle,Pedalcycle,,,,N,Level,Straight,Straight Ahead,No Controls,No Special Function,None,,
25941785,2025,1,BRADENTON,FL,34208,,Vehicle in Transport,FL,,N,1995,TOYT,,4D,CRM,None,0,N,,N,South,S WASHINGTON BLVD,10,35,5,,,,,Front Left Bumper,Front Left Bumper,Passenger Car,"Two-Way, Not Divided, with a Continuous Left Turn Lane",,,,,Motor Vehicle in Transport,Motor Vehicle in Transport,,,,N,Level,Straight,Turning Left,Traffic Control Signal,No Special Function,None,,
89367544,2025,1,PALM HARBOR,FL,34683,N,Vehicle in Transport,FL,,N,2001,MERZ,,2D,WHI,Minor,500,N,Driver,N,South,ACHIEVA WAY,12,45,2,,,,,Front Left Bumper,Front Left Bumper,Passenger Car,"Two-Way, Divided, Positive Median Barrier",,,,,Pedalcycle,Pedalcycle,,,,N,Level,Straight,Turning Left,Traffic Control Signal,No Special Function,None,,
25979099,2025,1,PORT ORANGE,FL,32127,N,Vehicle in Transport,FL,,N,2016,TOYT,,4D,GRY,Minor,200,N,Driver,N,East,GORDON ST,15,25,2,,,,,Front Left Bumper,Front Left Bumper,Passenger Car,"Two-Way, Not Divided",,,,,Motor Vehicle in Transport,Motor Vehicle in Transport,Pedestrian,,,N,Level,Straight,Turning Right,Stop Sign,No Special Function,None,,
26017312,2025,1,CRESTVIEW,FL,32536,N,Vehicle in Transport,FL,N,N,2004,CHEV,,UT,WHI,Minor,100,N,,N,West,S WILSON,10,25,2,,,,,Front Center Bumper,Front Center Bumper,(Sport) Utility Vehicle,"Two-Way, Not Divided",,,,,Pedalcycle,Pedalcycle,,,,N,Level,Straight,Straight Ahead,Stop Sign,No Special Function,None,,
26032084,2025,1,WINTER PARK,FL,32789,N,Vehicle in Transport,FL,,N,2019,TOYT,,VN,WHI,Minor,1000,N,Driver,N,North,VIA TUSCANY,4,25,3,,,,,Front Right Bumper,Front Right Bumper,Passenger Van,"Two-Way, Not Divided",,,,,Motor Vehicle in Transport,Motor Vehicle in Transport,,,,N,Level,Straight,Turning Right,Traffic Control Signal,No Special Function,None,,
26119519,2025,1,,,,N,Vehicle in Transport,,N,Y,,,,LL,,Unknown,0,N,Driver,N,West,WB COCOANUT RD,35,35,2,,,,,Right Front Fender,,(Sport) Utility Vehicle,"Two-Way, Not Divided",,,,,Pedalcycle,Pedalcycle,,,,N,Level,Straight,Straight Ahead,No Controls,No Special Function,None,,
26195374,2025,1,,,,,,,,Y,,UK,,SU,TEAL,Unknown,0,N,,N,,1880 N CR807,10,15,2,,,,,Right Front Door,Right Front Door,(Sport) Utility Vehicle,"Two-Way, Not Divided",,,,,Pedalcycle,Pedalcycle,,,,N,Level,Straight,Straight Ahead,Stop Sign,No Special Function,Unknown,,
26195398,2025,1,BOYNTON BEACH,FL,33425,N,Vehicle in Transport,FL,,N,2021,FORD,,4D,BLK,None,0,N,Driver,N,West,EXITING PARKING LOT OF 2100 HIGH RIDGE RD,3,15,2,,,,,Right Front Fender,Right Front Fender,(Sport) Utility Vehicle,One-Way Trafficway,,,,,Pedestrian,Pedestrian,,,,N,Uphill,Straight,Straight Ahead,Stop Sign,No Special Function,None,,
26203907,2025,1,HOLIDAY,FL,34691,N,Vehicle in Transport,FL,N,N,2020,TOYT,,4D,WHI,Minor,300,N,Owner Request,N,West,8TH AVE SW,10,30,2,,,,,Front Center Bumper,Front Center Bumper,Passenger Car,"Two-Way, Not Divided",,,,,Pedalcycle,Pedalcycle,,,,N,Level,Straight,Straight Ahead,Flashing Signal,No Special Function,None,,
26203910,2025,1,CLEARWATER,FL,33764,N,Vehicle in Transport,FL,N,N,2003,LINC,,SUV,GRN,None,0,N,Owner Request,N,East,WEST BAY DR,5,35,4,,,,,Trailer,Trailer,Other,"Two-Way, Not Divided",,,,,Pedalcycle,Pedalcycle,,,,N,Level,Straight,Turning Right,Stop Sign,No Special Function,None,,
26216356,2025,1,ORANGE PARK,FL,32065,N,Vehicle in Transport,FL,,N,2010,TOYT,,SW,SIL,Functional,0,N,Driver,N,North,BLANDING BLVD,5,45,6,,,,,Right Front Fender,Right Front Fender,Passenger Van,"Two-Way, Divided, Positive Median Barrier",,,,,Pedestrian,Pedestrian,,,,N,Level,Straight,Turning Right,No Controls,No Special Function,None,,
26410469,2025,1,UNKNOWN,UK,00000,N,Vehicle in Transport,,N,Y,,,,,,Minor,500,N,,N,South,ABRAMS ROAD,30,30,2,,,,,Right Front Fender,Right Front Fender,Passenger Car,"Two-Way, Not Divided",,,,,Pedalcycle,Pedalcycle,,,,N,Level,Straight,Straight Ahead,No Controls,No Special Function,None,,
26419022,2025,1,BRADENTON,FL,34208-0000,N,Vehicle in Transport,FL,N,N,2011,HOND,,4D,WHI,Minor,3000,N,,N,North,6384 SR 688 (ULMERTON RD),5,15,6,,,,,Front Right Bumper,Front Right Bumper,Passenger Car,"Two-Way, Divided, Positive Median Barrier",,,,,Pedalcycle,Pedalcycle,,,,N,Level,Straight,Stopped in Traffic,Stop Sign,No Special Function,None,,
26420350,2025,1,CRYSTAL RIVER,FL,34428-2976,N,Vehicle in Transport,FL,N,N,2002,FORD,,PK,RED,Minor,500,N,,N,South,1976 WEST GULF TO LAKE HIGHWAY(INTER,5,10,2,,,,,Front Center Bumper,Front Center Bumper,Pickup,"Two-Way, Not Divided",,,,,Pedalcycle,Pedalcycle,,,,N,Level,Straight,Straight Ahead,No Controls,No Special Function,None,,
26427822,2025,1,GAINESVILLE,FL,32641-0000,N,Vehicle in Transport,FL,N,N,2019,MERZ,,4D,BLK,None,0,N,,N,South,SE 15TH ST,30,30,2,,,,,Right Front Fender,Right Front Fender,Passenger Car,"Two-Way, Divided, Unprotected (painted >4 feet) Median",,,,,Motor Vehicle in Transport,Motor Vehicle in Transport,,,,N,Level,Straight,Straight Ahead,No Controls,No Special Function,None,,
26430991,2025,1,WINDERMERE,FL,34786-0000,N,Vehicle in Transport,FL,N,N,2017,NISS,,UT,WHI,Functional,500,N,,N,West,GRAY ROCK TRAIL,15,25,2,,,,,Front Left Bumper,Front Left Bumper,(Sport) Utility Vehicle,"Two-Way, Not Divided",,,,,Pedalcycle,Pedalcycle,,,,N,Level,Straight,Straight Ahead,No Controls,No Special Function,None,,
26434954,2025,1,ROCKLEDGE,FL,32955-0000,N,Vehicle in Transport,FL,N,N,2014,KIA,,UT,RED,Minor,5,N,,N,West,HENNESSY PLACE,5,25,2,,,,,Left Front Fender,Left Front Fender,(Sport) Utility Vehicle,"Two-Way, Not Divided",,,,,Pedestrian,Pedestrian,,,,N,Level,Straight,Turning Right,Stop Sign,No Special Function,None,,
26436214,2025,1,CASSELBERRY,FL,32707-0000,N,Vehicle in Transport,FL,N,N,2017,TOYT,,4D,BLK,Functional,1000,N,,N,South,US 441 (ORANGE BLOSSOM TRAIL),10,40,6,,,,,Front Center Bumper,Windshield,Passenger Car,"Two-Way, Divided, Positive Median Barrier",,,,,Pedalcycle,Pedalcycle,,,,N,Level,Straight,Turning Right,Traffic Control Signal,No Special Function,None,,
26436364,2025,1,ORLANDO,FL,32809-0000,N,Vehicle in Transport,FL,N,N,2013,GMC,,UT,WHI,Minor,300,N,,N,West,STATE ROAD 472,45,45,1,,,,,Left Front Door,Left Front Door,(Sport) Utility Vehicle,One-Way Trafficway,,,,,Pedalcycle,Pedalcycle,,,,N,Uphill,Curve Right,Straight Ahead,No Controls,No Special Function,None,,
26437354,2025,1,,,,N,Vehicle in Transport,,N,Y,,,,,,Unknown,0,N,,N,East,U.S.98 (STATE ROAD 30),45,45,4,,,,,Front Right Bumper,Front Right Bumper,,"Two-Way, Divided, Unprotected (painted >4 feet) Median",,,,,Pedalcycle,Pedalcycle,,,,N,Level,Straight,Straight Ahead,No Controls,No Special Function,None,,
26439595,2025,1,ATLANTA,GA,30349,N,Vehicle in Transport,GA,N,N,2003,MINI,,2D,BLK,Minor,500,N,Rotation,N,South,SW SCRUBTOWN RD,25,30,2,,,,,Undercarriage,Undercarriage,Passenger Car,"Two-Way, Not Divided",,,,,Pedestrian,Pedestrian,"Ran Off Roadway, Right",,,N,Level,Straight,Straight Ahead,No Controls,No Special Function,None,,
26447677,2025,1,PANAMA CITY  BCH,FL,32408-5223,N,Vehicle in Transport,FL,N,N,2002,CHEV,,PK,WHI,None,0,N,,N,East,THOMAS DRIVE,35,35,4,,,,,Right Front Fender,Right Front Fender,Pickup,"Two-Way, Not Divided, with a Continuous Left Turn Lane",,,,,Motor Vehicle in Transport,Motor Vehicle in Transport,Pedalcycle,,,N,Level,Straight,Turning Right,No Controls,No Special Function,None,,
26467325,2025,1,LAND O LAKES,FL,34638-3862,N,Vehicle in Transport,FL,N,N,2021,TESL,,UT,BLU,Disabling,6000,Y,Rotation,N,East,MENTMORE BLVD,10,35,2,,,,,Left Front Fender,Windshield,(Sport) Utility Vehicle,"Two-Way, Not Divided",,,,,Pedalcycle,Pedalcycle,,,,N,Level,Straight,Straight Ahead,Traffic Control Signal,No Special Function,None,,
26471573,2025,1,SAINT PETERSBURG,FL,33716-0000,N,Vehicle in Transport,FL,N,N,2023,FORD,TRANSIT 150,VN,WHI,Minor,500,N,,N,East,SR-54/WESLEY CHAPEL BLVD,15,45,6,,,,,Right Rear Door,Right Rear Door,"Cargo Van (10,000 lbs (4,536 kg) or less)","Two-Way, Divided, Positive Median Barrier",,,,,Pedalcycle,Pedalcycle,,,,N,Level,Straight,Turning Right,No Controls,No Special Function,None,,N
26471578,2025,1,TAMPA,FL,33647-3577,N,Vehicle in Transport,FL,N,N,2012,HOND,,SW,GRY,Minor,150,N,,N,South,CRYSTAL LAKE BLVD,3,30,4,,,,,Front Center Bumper,Front Center Bumper,Passenger Car,"Two-Way, Divided, Positive Median Barrier",,,,,Pedalcycle,Pedalcycle,,,,N,Level,Straight,Straight Ahead,Stop Sign,No Special Function,None,,
26472728,2025,1,SEMINOLE,FL,33776-0000,N,Vehicle in Transport,FL,N,N,2013,HOND,,UT,BLK,Minor,2000,N,,N,North,ANTILLES DR,30,30,2,,,,,Right Front Fender,Right Front Fender,(Sport) Utility Vehicle,"Two-Way, Not Divided",,,,,Pedalcycle,Pedalcycle,,,,N,Level,Straight,Straight Ahead,Traffic Control Signal,No Special Function,None,,
26474302,2025,1,ORLANDO,FL,32808-0000,N,Vehicle in Transport,FL,N,N,2020,FORD,,VN,GRY,None,0,N,,N,South,COLONIAL GRAND BOULEVARD,5,25,2,,,,,Right Front Door,Right Front Door,Passenger Van,"Two-Way, Not Divided",,,,,Pedestrian,Pedestrian,,,,N,Level,Straight,Straight Ahead,No Controls,No Special Function,None,,
26477238,2025,1,UK,UK,00000,N,Vehicle in Transport,UK,N,Y,,UK,,UT,WHI,Unknown,0,N,,N,North,APOPKA VINELAND ROAD,15,45,4,,,,,Front Right Bumper,,(Sport) Utility Vehicle,"Two-Way, Divided, Positive Median Barrier",,,,,Pedalcycle,Pedalcycle,,,,N,Level,Straight,Turning Right,Traffic Control Signal,No Special Function,None,,
26477240,2025,1,ORLANDO,FL,32836-0000,N,Vehicle in Transport,FL,N,N,2025,CHEV,,UT,WHI,Minor,50,N,,N,North,COUNTY ROAD 439 (JOHN YOUNG PARKWAY),15,45,6,,,,,Front Left Bumper,Front Left Bumper,(Sport) Utility Vehicle,"Two-Way, Divided, Positive Median Barrier",,,,,Pedalcycle,Pedalcycle,,,,N,Level,Straight,Turning Left,Traffic Control Signal,No Special Function,None,,
26477248,2025,1,ORLANDO,FL,32828-0000,N,Vehicle in Transport,FL,N,N,2021,JEEP,,UT,BLK,Minor,50,N,,N,North,LAKE UNDERHILL RD,5,45,2,,,,,Front Right Bumper,Front Right Bumper,(Sport) Utility Vehicle,"Two-Way, Not Divided",,,,,Pedalcycle,Pedalcycle,,,,N,Level,Straight,Turning Right,Stop Sign,No Special Function,None,,
26477426,2025,1,LILLIAN,AL,36549,N,Vehicle in Transport,AL,N,N,2017,NISSA,,4D,WHI,Minor,300,N,,N,South,US-29 (N OLD PALAFOX HWY),10,40,8,,,,,Rear Center Bumper,Rear Center Bumper,Passenger Car,"Two-Way, Divided, Positive Median Barrier",,,,,Pedalcycle,Pedalcycle,,,,N,Level,Straight,Turning Right,Traffic Control Signal,No Special Function,None,,
26502266,2025,1,KEY WEST,FL,33040,N,Vehicle in Transport,FL,N,N,2012,BMW,,CV,WHI,Functional,3000,N,,N,North,5TH ST,20,20,2,,,,,Right Front Door,Right Front Door,Passenger Car,"Two-Way, Not Divided",,,,,Pedalcycle,Pedalcycle,,,,N,Level,Straight,Straight Ahead,No Controls,No Special Function,None,,
26508662,2025,1,CORAL SPRINGS,FL,33065,N,Vehicle in Transport,FL,N,N,2002,TOYT,,4D,WHI,Minor,2000,N,Owner Request,N,East,W SAMPLE RD,15,45,6,,,,,Front Center Bumper,Undercarriage,Passenger Car,"Two-Way, Divided, Positive Median Barrier",,,,,Pedalcycle,Pedalcycle,,,,N,Level,Straight,Straight Ahead,No Controls,No Special Function,None,,
26547861,2025,1,LAND O LAKES,FL,34639-0000,N,Vehicle in Transport,FL,N,N,2022,TOYT,,4D,WHI,Minor,500,N,,N,North,PRIVATE PROPERTY (7233 W HILLSBOROUG,20,15,1,,,,,Right Front Fender,Right Front Fender,Passenger Car,"Two-Way, Not Divided",,,,,Pedalcycle,Pedalcycle,,,,N,Level,Straight,Turning Right,No Controls,No Special Function,None,,
26549008,2025,1,TAMPA,FL,33618-3407,N,Vehicle in Transport,FL,N,N,2018,HOND,,4D,BLU,None,0,N,,N,Off-Road,12101 N DALE MABRY HWY,10,15,2,,,,,,,Passenger Car,Unknown,,,,,Pedestrian,Pedestrian,,,,N,Level,Straight,Turning Left,No Controls,No Special Function,None,,
26550080,2025,1,BOYNTON BEACH,FL,33435-7644,N,Vehicle in Transport,FL,N,N,2010,ACUR,,4D,BLK,Functional,800,N,,N,South,N 46TH ST,35,35,2,,,,,Right Front Door,Right Front Door,Passenger Car,"Two-Way, Not Divided",,,,,Pedestrian,Pedestrian,,,,N,Level,Straight,Straight Ahead,No Controls,No Special Function,None,,
26591961,2025,1,,,,N,Vehicle in Transport,,N,Y,,,,,,,0,N,,N,West,NE 5TH ST,25,25,2,,,,,Front Center Bumper,,Pickup,"Two-Way, Not Divided",,,,,Motor Vehicle in Transport,Motor Vehicle in Transport,,,,N,,,,,,None,,
26592035,2025,1,MIAMI,FL,33179,N,Vehicle in Transport,FL,N,N,2019,CADI,,SPUV,BLK,None,0,N,,N,North,SW 8TH AV,10,25,4,,,,,Front Center Bumper,Front Center Bumper,(Sport) Utility Vehicle,"Two-Way, Not Divided",,,,,,Motor Vehicle in Transport,,,,N,Level,Straight,Straight Ahead,Traffic Control Signal,No Special Function,None,,
26597422,2025,1,ATLANTA,GA,303272448,N,Vehicle in Transport,GA,N,N,2020,LEXS,,4D,BLAC,Minor,1000,N,,N,South,E CAMINO REAL,5,15,2,,,,,Front Center Bumper,Front Center Bumper,Passenger Car,"Two-Way, Not Divided",,,,,Pedalcycle,Pedalcycle,,,,N,Level,Straight,Straight Ahead,Stop Sign,No Special Function,None,,
26597423,2025,1,BOCA RATON,FL,33431,N,Vehicle in Transport,FL,N,N,2019,BMW,,,BLK,None,0,N,,N,South,PARKING LOT,,,1,,,,,,,Passenger Car,"Two-Way, Divided, Positive Median Barrier",,,,,Pedestrian,Pedestrian,,,,N,Level,Straight,Stopped in Traffic,Stop Sign,No Special Function,None,,
26641509,2025,1,GRETINA,LA,70656,N,Vehicle in Transport,LA,,N,2016,NISSA,,4D,BLACK - BLK,None,0,N,Driver,N,West,WOODBURY ROAD,20,45,2,,,,,Front Left Bumper,Front Left Bumper,Passenger Car,"Two-Way, Not Divided",,,,,Motor Vehicle in Transport,Motor Vehicle in Transport,,,,N,Level,Straight,Turning Right,No Controls,No Special Function,None,,
26641534,2025,1,WINDERMERE,FL,34786,N,Vehicle in Transport,FL,,N,2016,VOLK,,4D,BLK,Minor,1500,N,Driver,N,South,SUMMERPORT PARK WAY,5,10,1,,,,,Right Front Fender,Right Front Fender,Passenger Car,One-Way Trafficway,,,,,Motor Vehicle in Transport,Motor Vehicle in Transport,,,,N,Level,Straight,Turning Right,No Controls,No Special Function,"Body, Doors",None,
26722630,2025,1,UNKNOWN,OT,00000,,Vehicle in Transport,,,Y,,UK,,,UNK,Unknown,0,N,Other,N,North,NW 22ND AVE,30,35,6,,,,,,,Passenger Car,"Two-Way, Not Divided",,,,,Motor Vehicle in Transport,Motor Vehicle in Transport,,,,N,Level,Straight,Straight Ahead,No Controls,Unknown,Unknown,,
26723434,2025,1,MIAMI,FL,33170,,Vehicle in Transport,FL,,N,1995,CHEV,,PK,WHI,None,1,N,Driver,N,West,,10,45,4,,,,,Front Center Bumper,Front Right Bumper,Passenger Car,"Two-Way, Not Divided",,,,,Motor Vehicle in Transport,Motor Vehicle in Transport,,,,N,Level,Straight,Turning Right,No Controls,No Special Function,None,,
26724182,2025,1,MIAMI,FL,33165,,Vehicle in Transport,FL,,N,2024,HYUN,,UT,BLK,Functional,200,N,Driver,N,East,SW 48 STREET,5,40,2,,,,,Front Center Bumper,Front Center Bumper,Passenger Car,"Two-Way, Divided, Unprotected (painted >4 feet) Median",,,,,Motor Vehicle in Transport,Motor Vehicle in Transport,,,,Y,Level,Straight,Turning Right,Traffic Control Signal,No Special Function,None,,
26765138,2025,1,BARTOW,FL,33830,N,Vehicle in Transport,FL,,Y,2024,HYUND,,4D,GRAY - GRY,Minor,2000,N,Driver,N,East,W ETHELENE ST,20,35,2,,,,,Front Left Bumper,Front Left Bumper,Unknown,"Two-Way, Not Divided",,,,,Motor Vehicle in Transport,Motor Vehicle in Transport,,,,N,Level,Straight,Straight Ahead,No Controls,Unknown,Unknown,,
26781670,2025,1,COCONUT CREEK,FL,33066,N,Vehicle in Transport,FL,N,N,2019,LNDR,,SPUV,WHI,Minor,500,N,Driver,N,West,NW 19TH CT,15,25,2,,,,,Right Front Fender,Right Front Fender,(Sport) Utility Vehicle,"Two-Way, Not Divided",,,,,,Pedestrian,,,,N,Level,Straight,Turning Right,No Controls,No Special Function,None,,
26782131,2025,1,TULSA,OK,74134,N,Vehicle in Transport,FL,N,N,2024,MITS,,4D,GRY,None,0,N,Driver,N,East,SE 2ND ST,10,40,2,,,,,Front Center Bumper,,(Sport) Utility Vehicle,"Two-Way, Divided, Unprotected (painted >4 feet) Median",,,,,Pedalcycle,Pedalcycle,,,,N,Level,Straight,Turning Right,Traffic Control Signal,No Special Function,None,,
26783613,2025,1,FORT LAUDERDALE,FL,33309,N,Vehicle in Transport,FL,N,N,2014,FORD,,PU,BLK,Minor,500,N,,N,North,NE 9TH AV,2,,2,,,,,Right Front Fender,,Pickup,"Two-Way, Divided, Unprotected (painted >4 feet) Median",,,,,Motor Vehicle in Transport,Motor Vehicle in Transport,,,,N,Level,Straight,Turning Right,Stop Sign,No Special Function,None,,
26801320,2025,1,TALLAHASSEE,FL,32304,N,Vehicle in Transport,OH,,N,2022,FORD,,SU,GREEN - GRN,Minor,500,N,Driver,N,South,APPLEDORE LANE,5,25,3,,,,,Front Center Bumper,Hood,(Sport) Utility Vehicle,"Two-Way, Divided, Unprotected (painted >4 feet) Median",,,,,Motor Vehicle in Transport,Motor Vehicle in Transport,,,,N,Level,Straight,Turning Right,Stop Sign,No Special Function,None,,
26811969,2025,1,Palm Coast,FL,32137,N,Vehicle in Transport,FL,N,N,2024,Ford,,2D,,None,0,N,Driver,N,North,BULLDOG DR,5,35,6,,,,,Front Left Bumper,Front Left Bumper,Passenger Car,"Two-Way, Divided, Positive Median Barrier",,,,,Pedalcycle,Pedalcycle,,,,N,Level,Straight,Turning Left,Traffic Control Signal,No Special Function,None,None,
26812010,2025,1,Palm Coast,FL,32164,N,Vehicle in Transport,FL,N,N,2016,Ford,,SUV,,Minor,200,N,Driver,N,East,SESAME BVLD,20,40,2,,,,,Front Center Bumper,Front Center Bumper,(Sport) Utility Vehicle,"Two-Way, Not Divided",,,,,Motor Vehicle in Transport,Motor Vehicle in Transport,,,,N,Level,Curve Right,Turning Left,No Controls,No Special Function,Unknown,,
26820406,2025,1,PALM CITY,FL,34990,N,Vehicle in Transport,FL,,N,2025,TESL,,UT,GRY,None,0,N,Driver,N,East,SW MARTIN HWY,5,45,4,,,,,Right Front Door,Right Front Door,Passenger Car,"Two-Way, Divided, Positive Median Barrier",,,,,Pedalcycle,Pedalcycle,,,,N,Downhill,Straight,Turning Right,Traffic Control Signal,No Special Function,None,,
26843385,2025,1,JACKSONVILLE,FL,32219-4348,N,Vehicle in Transport,FL,N,N,2020,NISS,,4D,BLU,Minor,2000,N,Driver,N,West,GRAY ST,20,30,2,,,,,Right Rear Door,Right Rear Door,(Sport) Utility Vehicle,"Two-Way, Not Divided",,,,,Pedalcycle,Pedalcycle,,,,N,Level,Straight,Straight Ahead,No Controls,No Special Function,None,,
26855930,2025,1,JUPITER,FL,33458,N,Vehicle in Transport,FL,N,N,2021,TOYT,,PK,DGR,Minor,100,N,,N,South,EXITING 411 W INDIANTOWN RD,6,,2,,,,,Front Right Bumper,Front Right Bumper,Pickup,"Two-Way, Not Divided",,,,,Motor Vehicle in Transport,Motor Vehicle in Transport,Pedalcycle,,,N,Downhill,Straight,Other,Stop Sign,No Special Function,None,,
26859957,2025,1,,,,N,Vehicle in Transport,,,Y,,FORD,,2D,RED,Unknown,0,N,Driver,N,West,22ND AVENUE NORTH,,35,4,,,,,Front Center Bumper,Front Center Bumper,Passenger Car,"Two-Way, Not Divided",,,,,Pedalcycle,Pedalcycle,,,,N,Level,Straight,Unknown,Unknown,,None,,
26860363,2025,1,,,,N,,,,Y,,UK,,UNKNOWN,UNKNOWN,Unknown,0,N,,N,,,,,,,,,,,,Unknown,"Two-Way, Divided, Unprotected (painted >4 feet) Median",,,,,Motor Vehicle in Transport,Motor Vehicle in Transport,,,,,Level,Straight,Unknown,,Unknown,Unknown,,
26872742,2025,1,TAMPA,FL,33607,N,Vehicle in Transport,FL,,N,2013,BMW,,CV,BLU,Functional,2500,N,Driver,N,North,N ROME AVE,10,25,2,,,,,Left Rear Door,Left Rear Door,Passenger Car,"Two-Way, Not Divided",,,,,Motor Vehicle in Transport,Motor Vehicle in Transport,,,,N,Level,Straight,Turning Left,No Controls,No Special Function,None,,
26895269,2025,1,WOODBRIDGE,ON,L4L 4X8,N,Vehicle in Transport,ON,N,N,,MERZ,,4H,,None,0,N,,N,South,SE 10TH AV,5,35,2,,,,,Front Right Bumper,Front Right Bumper,Passenger Car,"Two-Way, Divided, Positive Median Barrier",,,,,Motor Vehicle in Transport,Motor Vehicle in Transport,,,,N,Level,Straight,Turning Right,No Controls,No Special Function,None,,
26896224,2025,1,NORTH LAUDERDALE,FL,33068,N,Vehicle in Transport,FL,N,N,2023,CHEV,,4D,BLK,Minor,500,N,,N,West,17 ST,0,,1,,,,,Right Front Door,Right Front Door,Passenger Car,"Two-Way, Divided, Positive Median Barrier",,,,,Pedestrian,Pedestrian,,,,N,Level,Straight,Turning Left,No Controls,No Special Function,None,,
26896766,2025,1,WEST PARK,FL,33023-,N,Vehicle in Transport,FL,N,N,2009,HOND,,4D,BLK,Minor,500,N,,N,South,PARKING LOT,10,25,2,,,,,Right Front Door,Right Front Door,Passenger Car,"Two-Way, Divided, Unprotected (painted >4 feet) Median",,,,,Motor Vehicle in Transport,Motor Vehicle in Transport,,,,N,Level,Straight,Turning Right,Stop Sign,No Special Function,None,,
26897715,2025,1,OKLAHOMA CITY,OK,73134,N,Vehicle in Transport,FL,Y,N,2024,KIA,,4H,GRY,Minor,1000,N,,N,East,VISTAMAR ST,0,,2,,,,,Front Center Bumper,Front Center Bumper,(Sport) Utility Vehicle,"Two-Way, Divided, Positive Median Barrier",,,,,Pedestrian,Pedestrian,,,,N,Level,Straight,Turning Left,Traffic Control Signal,No Special Function,None,,
26898087,2025,1,LAUDERDALE LAKES,FL,33313,N,Vehicle in Transport,FL,N,N,2023,GMC,,PK,SIL,Minor,500,N,,N,North,US 1 / N. FEDERAL HWY,10,45,8,,,,,Right Front Door,Right Front Door,Pickup,"Two-Way, Divided, Positive Median Barrier",,,,,Motor Vehicle in Transport,Motor Vehicle in Transport,,,,N,Level,Straight,Turning Right,No Controls,No Special Function,None,,
26898515,2025,1,BIRMINGHAM,AL,35216,N,Vehicle in Transport,AL,N,N,,AUDI,,4D,WHI,Functional,1000,N,,N,South,CORDOVA RD,30,35,4,,,,,Front Center Bumper,Front Center Bumper,(Sport) Utility Vehicle,"Two-Way, Divided, Positive Median Barrier",,,,,Motor Vehicle in Transport,Motor Vehicle in Transport,,,,N,Level,Straight,Straight Ahead,Traffic Control Signal,No Special Function,None,,
26898939,2025,1,UK,,,N,Vehicle in Transport,OT,N,Y,,UITD,,2D,GRY,Unknown,0,N,,N,North,NE 18TH AV,0,,2,,,,,Front Right Bumper,,Passenger Car,"Two-Way, Not Divided",,,,,Motor Vehicle in Transport,Motor Vehicle in Transport,Pedestrian,,,N,Level,Straight,Turning Right,Stop Sign,No Special Function,Unknown,,
26921389,2025,1,POMPANO BEACH,FL,33068,N,Vehicle in Transport,FL,N,N,2016,HOND,,4D,BLK,Minor,100,N,,N,East,P/L 225 S STATE ROAD 7,4,15,2,,,,,Front Center Bumper,Front Center Bumper,Passenger Car,"Two-Way, Not Divided",,,,,Pedalcycle,Pedalcycle,,,,N,Level,Straight,Straight Ahead,Stop Sign,No Special Function,None,,
26928308,2025,1,UNKNOWN,UK,00000,N,Vehicle in Transport,UK,,Y,,KIA,,4D,GRAY,Unknown,0,N,Driver,N,West,MASON AV,30,35,2,,,,,Front Right Bumper,Front Right Bumper,Unknown,"Two-Way, Not Divided",,,,,Motor Vehicle in Transport,Motor Vehicle in Transport,,,,N,Level,Straight,Unknown,No Controls,Unknown,Unknown,Unknown,
26942560,2025,1,WINDERMERE,FL,34786,N,Vehicle in Transport,FL,N,N,2011,FORD,,SD,BLK,Minor,500,N,,N,East,BRYAN ST,5,25,2,,,,,Front Center Bumper,Front Center Bumper,Passenger Car,"Two-Way, Not Divided",,,,,,Pedalcycle,,,,N,Level,Straight,Turning Right,No Controls,No Special Function,None,,
26954754,2025,1,CLEARWATER,FL,33761-2452,N,Vehicle in Transport,FL,N,Y,2017,HYUN,,UT,WHI,Minor,500,N,,N,North,27439 US HIGHWAY 19 N,10,45,2,,,,,Front Center Bumper,Front Center Bumper,Passenger Car,One-Way Trafficway,,,,,Pedalcycle,Pedalcycle,,,,N,Level,Straight,Straight Ahead,No Controls,No Special Function,None,,
27146006,2025,1,TAMARAC,FL,33321,N,Vehicle in Transport,FL,N,N,2021,HOND,,4D,SIL,Minor,200,N,,N,East,5555 N. UNIVERSITY DR,5,,2,,,,,Front Center Bumper,Front Center Bumper,Passenger Car,"Two-Way, Not Divided",,,,,Pedestrian,Pedestrian,,,,N,Level,Straight,Straight Ahead,Stop Sign,No Special Function,None,,
27162253,2025,1,BRADENTON,FL,34208,,Vehicle in Transport,FL,,N,2019,CHEV,,SW,BLU,Minor,500,N,Driver,N,North,DEARBORN AVE,0,25,2,,,,,Front Left Bumper,Front Left Bumper,(Sport) Utility Vehicle,"Two-Way, Not Divided",,,,,Motor Vehicle in Transport,Motor Vehicle in Transport,,,,N,Level,Straight,Straight Ahead,No Controls,No Special Function,None,None,
27162440,2025,1,COCKEYSVILLE,MD,21030,,Vehicle in Transport,MD,Y,N,2024,BMW,,4D,GRY,Minor,1000,N,Driver,N,South,BIRD KEY DR.,25,25,2,,,,,Right Rear Door,Right Rear Door,Passenger Car,"Two-Way, Not Divided",,,,,Pedalcycle,Pedalcycle,,,,N,Level,Straight,Turning Left,Traffic Control Signal,No Special Function,None,,
27172849,2025,1,LAKE WORTH,FL,33461,N,Vehicle in Transport,FL,,N,2016,NISS,,UT,RED,Minor,300,N,Driver,N,West,GIULIANO AVE,5,30,2,,,,,Front Right Bumper,Hood,Passenger Car,"Two-Way, Not Divided",,,,,Motor Vehicle in Transport,Motor Vehicle in Transport,,,,N,Level,Straight,Turning Right,Stop Sign,No Special Function,None,,
27173851,2025,1,GREENACRES,FL,33413,Y,Vehicle in Transport,FL,,N,2017,INFI,QX60,UT,GRY,Minor,1000,N,Driver,N,North,OLIVE TREE BLVD,15,15,2,,,,,Right Front Door,Right Front Door,(Sport) Utility Vehicle,"Two-Way, Divided, Positive Median Barrier",,,,Not Applicable,Motor Vehicle in Transport,Motor Vehicle in Transport,,,,N,Level,Straight,Straight Ahead,No Controls,No Special Function,None,,Y
27174457,2025,1,BELLE GLADE,FL,33430,N,Vehicle in Transport,FL,,N,2025,GO KA,,BG,PURPLE - PLE,Disabling,300,Y,Driver,N,North,SW 10TH ST,25,20,2,,,,,Front Center Bumper,Roof,Moped,"Two-Way, Not Divided",,,,,Motor Vehicle in Transport,Motor Vehicle in Transport,,,,N,Level,Straight,Straight Ahead,No Controls,No Special Function,None,,
27175434,2025,1,WEST PALM BEACH,FL,33409,N,Vehicle in Transport,FL,,N,2024,MERZ,,UT,WHI,Minor,100,N,Driver,N,North,FRANK STREET,,35,2,,,,,Front Center Bumper,Front Center Bumper,Passenger Car,"Two-Way, Divided, Unprotected (painted >4 feet) Median",,,,,Motor Vehicle in Transport,Motor Vehicle in Transport,,,,N,Level,Straight,Straight Ahead,Stop Sign,No Special Function,None,,
27175447,2025,1,LINTHICUM,MD,21090,N,Vehicle in Transport,MD,,N,2023,BUIC,,4D,WHITE - WHI,None,0,N,Driver,N,West,EWARD RD,5,,2,,,,,Front Right Bumper,Front Right Bumper,Passenger Car,"Two-Way, Not Divided",,,,,Motor Vehicle in Transport,Motor Vehicle in Transport,,,,N,Level,Straight,Straight Ahead,No Controls,No Special Function,None,,
27185286,2025,1,MIRAMAR,FL,33027,N,Vehicle in Transport,FL,,N,2021,LEXS,,UT,BLK,None,0,N,Driver,N,South,MILLER DR,5,30,2,,,,,Front Right Bumper,Front Right Bumper,Passenger Car,"Two-Way, Not Divided",,,,,Motor Vehicle in Transport,Motor Vehicle in Transport,,,,N,Level,Straight,Turning Right,Stop Sign,No Special Function,None,,
27213412,2025,1,,,,,,,,Y,,UK,,UNKNOWN,UNKNOWN,Unknown,0,N,,N,,,,,,,,,,,,Unknown,One-Way Trafficway,,,,,Motor Vehicle in Transport,Motor Vehicle in Transport,,,,,Level,,Unknown,,Unknown,Unknown,,
27213447,2025,1,MIAMI,FL,33186,N,Vehicle in Transport,FL,,N,2015,JEEP,,SW,BLK,Functional,1000,N,Driver,N,West,NW 13TH STREET,25,35,2,,,,,Front Right Bumper,Front Center Bumper,(Sport) Utility Vehicle,One-Way Trafficway,,,,,Motor Vehicle in Transport,Motor Vehicle in Transport,,,,N,Level,Straight,Straight Ahead,Traffic Control Signal,No Special Function,None,,
27213553,2025,1,MIAMI,FL,33126,N,Vehicle in Transport,FL,,N,2021,CHEV,,4D,SIL,Minor,500,N,Driver,N,South,SW 32ND AVE,15,30,2,,,,,Front Center Bumper,Front Center Bumper,Passenger Car,"Two-Way, Not Divided",,,,,Pedalcycle,Pedalcycle,,,,N,Level,Straight,Turning Left,No Controls,No Special Function,None,,
27214135,2025,1,MIAMI,FL,33138,N,Vehicle in Transport,FL,,N,2014,TOYT,,4D,WHI/WHI,Minor,300,N,Rotation,N,East,SW 8TH ST,10,30,3,,,,,Front Center Bumper,Front Center Bumper,Passenger Car,One-Way Trafficway,,,,,Motor Vehicle in Transport,Motor Vehicle in Transport,,,,N,Level,Straight,Turning Left,No Controls,No Special Function,None,,
27214265,2025,1,MIAMI,FL,33142,N,Vehicle in Transport,FL,,N,2011,FORD,E-450,BU,WHITE,Minor,1000,N,Driver,N,East,54TH STREET,30,35,2,,,,,Right Front Fender,Right Front Fender,Bus,"Two-Way, Not Divided",,,,Not Applicable,Pedalcycle,Pedalcycle,,,,N,Level,Straight,Straight Ahead,No Controls,Shuttle Bus,None,,Y
27234717,2025,1,FORT MYERS,FL,33916,N,Vehicle in Transport,FL,,N,2017,RAM,VAN,VN,WHI,Minor,200,N,Driver,N,East,WHEREHOUSE RD,,,,,,,,Right Front Door,,"Cargo Van (10,000 lbs (4,536 kg) or less)","Two-Way, Not Divided",,,,Not Applicable,Motor Vehicle in Transport,Motor Vehicle in Transport,,,,N,Level,Straight,Turning Right,No Controls,No Special Function,"Body, Doors",,N
27239040,2025,1,ORLANDO,FL,32839,N,Vehicle in Transport,FL,,N,2019,NISS,,4D,GRY,None,0,N,Driver,N,South,TIMARRON DR,5,15,2,,,,,Front Right Bumper,Front Right Bumper,Passenger Car,"Two-Way, Divided, Positive Median Barrier",,,,,Motor Vehicle in Transport,Motor Vehicle in Transport,,,,N,Level,Straight,Turning Right,Stop Sign,No Special Function,None,,
27239561,2025,1,ALTAMONTE SPRINGS,FL,32714,N,Vehicle in Transport,FL,,N,2024,TOYT,,UT,GRY,Minor,500,N,Driver,N,East,TECHNOLOGY DR,15,30,2,,,,,Front Left Bumper,Front Left Bumper,(Sport) Utility Vehicle,"Two-Way, Not Divided",,,,,Pedestrian,Pedestrian,,,,N,Level,Straight,Turning Right,Stop Sign,No Special Function,None,,
27249626,2025,1,MARCO ISLAND,FL,34145,N,Vehicle in Transport,FL,,N,2016,HOND,,UT,WHI,Minor,1500,N,Driver,N,South,GERMAIN HONDA DEALERSHIP PROPERTY,5,15,2,,,,,Right Front Fender,Right Front Fender,(Sport) Utility Vehicle,"Two-Way, Divided, Unprotected (painted >4 feet) Median",,,,,Motor Vehicle in Transport,Motor Vehicle in Transport,,,,N,Level,Straight,Turning Right,Stop Sign,No Special Function,None,,
