REPORT_NUMBER,CRASH_YEAR,PERSON_NUMBER,STATUTE_NUMBER,CHARGE,CITATION_NUMBER
26032084,2025,2,316.130(8),PEDESTRIAN LEAVE PLACE OF SAFETY AND ENTER PATH OF VEHICLE,AKSFG7E
26032084,2025,2,316.2065(3)(d),VIOLATION OF HELMET REGULATION (1ST VIOLATION DISMISSED UPON,AKSFG8E
26419022,2025,1,320.07(3)(a),OPERATING A MOTOR VEHICLE/USING A MOBILE HOME WITH AN EXPIRE,AKQIY9E
26419022,2025,2,316.130(8),PEDESTRIAN LEAVE PLACE OF SAFETY AND ENTER PATH OF VEHICLE,AKQIYAE
26420350,2025,1,316.125(2),FAILED TO YIELD/STOP AT SIDEWALK - FROM ALLEY/BLDG. /PRIVATE,AKQ6YLE
27239561,2025,1,316.123(2)(a),RAN STOP SIGN/VIOLATION OF RIGHT OF WAY FROM STOP SIGN,A5MXTEP
26434954,2025,1,316.130(7)(a),FAILED TO YIELD RIGHT-OF-WAY TO PEDESTRIAN AT INTERSECTION W,AKNIY4E
26436214,2025,1,316.074(1),FAIL TO OBEY TRAFFIC CONTROL DEVICE (SIGN),AK7ZLHE
26436364,2025,1,316.130(7)(b),FAILED TO YIELD RIGHT-OF-WAY TO PEDESTRIAN AT CROSSWALK WITH,AKQMAOE
26477248,2025,1,316.123(2)(a),RAN STOP SIGN/VIOLATION OF RIGHT OF WAY FROM STOP SIGN,AKQ36XE
26477426,2025,2,316.130(10),PEDESTRIAN FAILED TO YIELD TO TRAFFIC,AKNJJ4E
26597422,2025,1,316.123(2A),STOP SIGN VIOLATION,AJVIC7E
26723434,2025,1,316.1925(1),CARELESS DRIVING,AJ70ZBE
26724182,2025,1,316.075(1)(c )1a,"Steady RED light, vehicle facing, fail to yield to pedestria",AIOLJ3E
26855930,2025,1,322.30(1),DWLS - USE DL FROM OTHER STATE WHILE FL DL SUSP,UNKNOWN
26855930,2025,1,316.130(7)(A),FTY - TO PED AT INTERSECTION WITH TRAFFIC CTRL DEVICE,UNKNOWN
26855930,2025,1,316.074(2),TCD - CUTTING ACROSS TO AVOID,UNKNOWN
26872742,2025,2,316.123(3),FAILED TO YIELD/STOP AT A YIELD INTERSECTION,AKJTAXE
26921389,2025,1,316.125-2,FTY/S AT SIDEWALK- ALLEY/BLDG/PRIV RD/DR WY TO VEH/PED APPRO,AKZ8TDE
26954754,2025,2,316.027(2)(a),CRASH - LEAVING SCENE ON PUBLIC/PRIVATE PROPERTY WITHOUT REN,AKU3U6E
26954754,2025,2,316.1925(1),CARELESS DRIVING,AKU3U7E
27162253,2025,1,316.1925(1),Careless Driving,AK46NCE
27174457,2025,1,261.20(5)(a),OFF-HIGHWAY VEHICLES ON PUBLIC LANDS - RESTRICTIONS; SAFETY,A99S6RE
27214135,2025,1,316.075(1)(a)1,FAILED TO YIELD RIGHT-OF-WAY TO PEDESTRIAN,AKTN3RE
27214265,2025,1,316.083(1),OVERTAKING AND PASSING BICYCLE IMPROPER DISTANCE BETWEEN,AL3IVKE
