REPORT_NUMBER,CRASH_YEAR,CRASH_DATE_AND_TIME,REPORT_DATE_AND_TIME,INVESTIGATING_AGENCY_REPORT_NUMBER,FORM_TYPE,TOTAL_NUMBER_OF_VEHICLES,TOTAL_NUMBER_OF_PERSONS,COUNTY_CODE,CITY_CODE,COUNTY_NAME,CITY_NAME,RURAL_OR_URBAN,NOTIFIED_TIME,DISPATCHED_TIME,ARRIVED_TIME,CLEARED_TIME,COMPLETED_FLAG,NOTIFIED_BY,ON_STREET_ROAD_HIGHWAY,STREET_ADDRESS_NUMBER,LATITUDE,LONGITUDE,FEET_FROM_INTERSECTION,DIRECTION_FROM_INTERSECTION,FROM_INTERSECTION_OF,MILEPOST_NUMBER,ROAD_SYSTEM_IDENTIFER,TYPE_OF_SHOULDER,TYPE_OF_INTERSECTION,PHOTOS_TAKEN,LIGHT_CONDITION,WEATHER_CONDITION,ROAD_SURFACE_CONDITION,SCHOOL_BUS_RELATED_CODE,TYPE_OF_IMPACT,FIRST_HARMFUL_EVENT,LOCATION,INTERCHANGE_FLAG,JUNCTION_FLAG,ROAD_CIRCUMSTANCES_1,ROAD_CIRCUMSTANCES_2,ROAD_CIRCUMSTANCES_3,ENVIRONMENT_CIRCUMSTANCES_1,ENVIRONMENT_CIRCUMSTANCES_2,ENVIRONMENT_CIRCUMSTANCES_3,WORK_ZONE_RELATED_FLAG,CRASH_IN_WORK_ZONE,TYPE_OF_WORK_ZONE,WORKERS_PRESENT,LAW_ENFORCEMENT_PRESENT,INVESTIGATOR_RANK,INVESTIGATING_AGENCY_NAME,INVESTIGATING_AGENCY_TYPE,LOAD_DATE,UPDATE_DATE,DAYS_TO_LOAD,CODEABLE,S4_CRASH_TYPE,S4_CRASH_TYPE_SIMPLIFIED,S4_CRASH_SEVERITY,S4_CRASH_SEVERITY_DETAIL,S4_DAY_OR_NIGHT,S4_IS_AGGRESSIVE_DRIVING,S4_IS_ALCOHOL_RELATED,S4_IS_CMV_INVOLVED,S4_IS_DISTRACTED,S4_IS_DRUG_RELATED,S4_IS_HIT_AND_RUN,S4_IS_INTERSECTION_RELATED,S4_IS_LANE_DEPARTURE_RELATED,S4_IS_SPEEDING_RELATED,S4_NONE_INJURY_COUNT,S4_INJURY_COUNT,S4_POSSIBLE_INJURY_COUNT,S4_NON_INCAPACITATING_INJURY_COUNT,S4_INCAPACITATING_INJURY_COUNT,S4_FATALITY_COUNT,S4_FATALITY_WITHIN_30_DAYS_COUNT,S4_NON_TRAFFIC_FATALITY_COUNT,S4_TRAILER_COUNT,S4_MOTORCYCLE_COUNT,S4_MOPED_COUNT,S4_NON_MOTORIST_COUNT,S4_BICYCLIST_COUNT,S4_PEDESTRIAN_COUNT,S4_DRIVER_COUNT,S4_AGING_DRIVER_COUNT,S4_TEENAGER_DRIVER_COUNT,S4_PASSENGER_COUNT,S4_UNRESTRAINED_COUNT,S4_UNRESTRAINED_INJURY_COUNT,S4_UNRESTRAINED_INCAPACITATING_INJURY_COUNT,S4_UNRESTRAINED_FATALITY_COUNT,S4_MOTORCYCLIST_COUNT,S4_MOTORCYCLIST_INCAPACITATING_INJURY_COUNT,S4_MOTORCYCLIST_FATALITY_COUNT,S4_IS_PEDESTRIAN_INVOLVED,S4_PEDESTRIAN_INCAPACITATING_INJURY_COUNT,S4_PEDESTRIAN_FATALITY_COUNT,S4_IS_BICYCLIST_INVOLVED,S4_BICYCLIST_INCAPACITATING_INJURY_COUNT,S4_BICYCLIST_FATALITY_COUNT,S4_CITATION_COUNT,S4_CITATION_AMOUNT,S4_PROPERTY_DAMAGE_COUNT,S4_PROPERTY_DAMAGE_AMOUNT,S4_VEHICLE_DAMAGE_COUNT,S4_VEHICLE_DAMAGE_AMOUNT,S4_TOTAL_DAMAGE_AMOUNT,S4_TRANSPORT_BY_EMS_COUNT,S4_TRANSPORT_BY_LAW_ENFORCEMENT_COUNT,S4_TRANSPORT_BY_OTHER_COUNT,S4_GEOLOCATION_STATUS,S4_PRELIMINARY_GEOLOCATION_STATUS,S4_X,S4_Y,S4_LATITUDE,S4_LONGITUDE
26162044,2023,04-DEC-2023 07:11 PM,04-DEC-2023 12:00 AM,23-0124990,L,1,2,18,40,Lee,Fort Myers,Urban,12/4/2023 7:11:00 PM,12/4/2023 7:13:00 PM,12/4/2023 7:17:00 PM,12/4/2023 7:25:00 PM,Y,Law Enforcement,FAIRVIEW AVE,,26.666845,-81.826558,0,,GLENWOOD AVE,,Local,Paved,Four-Way Intersection,N,Dark - Lighted,Clear,Dry,N,,Pedestrian,On Roadway,N,Other,None,,,None,,,N,,,,,OFFICER,Fort Myers Police Department,Police Department (PD),12/13/2023 9:50:00 PM,12/13/2023 9:50:00 PM,9,Y,Pedestrian,Pedestrian,Injury,Possible Injury,NIGHT,N,N,N,N,N,N,N,N,N,1,1,1,0,0,0,0,0,0,0,0,1,1,0,1,1,0,0,0,0,0,0,0,0,0,N,0,0,Y,0,0,0,0,0,0,1,0,0,0,0,0,Preliminary,Editor Mapped,417749.9056,2949804.4826,26.6668637033066,-81.826568047929
26172253,2023,17-OCT-2023 01:15 PM,17-OCT-2023 02:05 PM,23-1041107,L,1,2,3,0,Hillsborough,Unincorporated,Rural,10/17/2023 1:20:00 PM,10/17/2023 1:42:00 PM,10/17/2023 1:44:00 PM,10/17/2023 2:30:00 PM,Y,Law Enforcement,N 42ND ST,,,,0,,CAMBRIDGE WOODS DR,,Local,Unpaved,T-Intersection,Y,Daylight,Clear,Dry,N,Other,Pedalcycle,On Roadway,N,Non-Junction,None,,,None,,,N,,,,,DEP,Hillsborough County Sheriff's Office,Sheriff's Office (SO),10/26/2023 7:31:00 PM,10/26/2023 7:31:00 PM,9,Y,Bicycle,Bicycle,Injury,Non-Incapacitating Injury,DAY,N,N,N,N,N,N,N,N,N,1,1,0,1,0,0,0,0,0,0,0,1,1,0,1,0,0,0,0,0,0,0,0,0,0,N,0,0,Y,0,0,0,0,0,0,1,10,10,0,0,0,Preliminary,Editor Mapped,361052.031,3106427.5315,28.0759919238375,-82.4140983245425
26184909,2023,27-DEC-2023 04:50 AM,27-DEC-2023 12:00 AM,23-576771,L,1,3,18,0,Lee,Unincorporated,Rural,12/27/2023 4:50:00 AM,12/27/2023 4:53:00 AM,12/27/2023 4:57:00 AM,12/27/2023 5:45:00 AM,Y,Law Enforcement,LAUREL DR,,26.704064,-81.884352,292,East,GARDEN ST,,County,Unpaved,Not at Intersection,N,Dark - Lighted,"Fog, Smog, Smoke",Dry,N,,Pedalcycle,On Roadway,N,Non-Junction,None,,,Weather Conditions,,,N,,,,,DEPUTY FIRST CLASS,Lee County Sheriff's Office,Sheriff's Office (SO),12/28/2023 7:20:00 PM,12/28/2023 7:20:00 PM,1,Y,Bicycle,Bicycle,Injury,Non-Incapacitating Injury,NIGHT,N,N,N,N,N,N,N,N,N,2,1,0,1,0,0,0,0,0,0,0,1,1,0,1,1,0,1,0,0,0,0,0,0,0,N,0,0,Y,0,0,0,0,0,0,1,100,100,0,0,0,Preliminary,Editor Mapped,412029.4233,2953961.9691,26.7040511213624,-81.8843400121867
26184925,2023,27-DEC-2023 02:10 PM,27-DEC-2023 12:00 AM,23-577566,S,1,2,18,0,Lee,Unincorporated,Urban,12/27/2023 2:12:00 PM,12/27/2023 2:12:00 PM,12/27/2023 2:32:00 PM,12/27/2023 3:10:00 PM,Y,Law Enforcement,HACIENDA VILLAGE DR,,26.331036,-81.795365,51,North,BONITA BEACH RD SE,,Local,Paved,T-Intersection,N,Daylight,Clear,Dry,N,,Pedalcycle,On Roadway,N,Intersection-Related,None,,,None,,,N,,,,,CSA,Lee County Sheriff's Office,Sheriff's Office (SO),12/29/2023 7:23:00 PM,12/29/2023 7:23:00 PM,2,N,Bicycle,Bicycle,No Injury,No Injury,DAY,N,N,N,N,N,N,Y,N,N,2,0,0,0,0,0,0,0,0,0,0,1,1,0,1,0,0,0,0,0,0,0,0,0,0,N,0,0,Y,0,0,0,0,1,1000,1,2000,3000,0,0,0,Preliminary,Officer Mapped,420624.9292,2912588.7036,26.3310314883428,-81.7953615087138
26187346,2023,03-NOV-2023 09:00 PM,03-NOV-2023 12:00 AM,2023-307-036,L,1,2,19,46,Brevard,Palm Bay,Urban,11/3/2023 9:00:00 PM,11/3/2023 4:00:00 AM,11/3/2023 4:05:00 AM,11/3/2023 4:00:00 AM,Y,Law Enforcement,PINEWOOD DR NE,,28.037974,-80.614448,0,,LONDALE AVE NE,,State,Paved,Four-Way Intersection,Y,Dark - Lighted,Clear,Dry,N,,Pedestrian,On Roadway,N,Other,Other,None,,None,,,N,,,,,OFFICER,Palm Bay Police Department,Police Department (PD),11/17/2023 7:26:00 PM,11/17/2023 7:26:00 PM,14,Y,Pedestrian,Pedestrian,Injury,Possible Injury,NIGHT,N,N,N,N,N,N,N,N,N,1,1,1,0,0,0,0,0,0,0,0,1,1,0,1,0,0,0,0,0,0,0,0,0,0,N,0,0,Y,0,0,0,0,0,0,0,0,0,1,0,0,Preliminary,Editor Mapped,537896.1828,3101467.5936,28.0379622681061,-80.6144391492515
26187511,2023,22-NOV-2023 02:08 PM,22-NOV-2023 12:00 AM,2023-326-227,L,1,2,19,46,Brevard,Palm Bay,Urban,11/22/2023 2:08:00 PM,11/22/2023 2:10:00 PM,11/22/2023 2:10:00 PM,11/22/2023 2:25:00 PM,Y,Law Enforcement,BABCOCK ST NE,,28.016981,-80.622305,,North,,,Parking Lot,Curb,Not at Intersection,N,Daylight,Clear,Dry,N,,Pedalcycle,Shoulder,N,Driveway/Alley Access Related,None,,,None,,,N,,,,,SPO,Palm Bay Police Department,Police Department (PD),11/23/2023 7:20:00 PM,11/23/2023 7:20:00 PM,1,N,Bicycle,Bicycle,No Injury,No Injury,DAY,N,N,N,N,N,N,N,N,N,2,0,0,0,0,0,0,0,0,0,0,1,1,0,1,0,0,0,0,0,0,0,0,0,0,N,0,0,Y,0,0,0,0,0,0,0,0,0,0,0,0,Preliminary,Editor Mapped,537130.1799,3099140.7777,28.0169796025752,-80.6223057549959
26192009,2023,29-DEC-2023 03:24 PM,29-DEC-2023 12:00 AM,23-064983,L,1,2,6,34,Palm Beach,Boynton Beach,Urban,12/29/2023 3:24:00 PM,12/29/2023 3:24:00 PM,12/29/2023 3:40:00 PM,12/29/2023 4:30:00 PM,Y,Law Enforcement,OLD BOYNTON RD,,26.531877,-80.088624,,North,HOADLEY RD,,Local,Paved,T-Intersection,N,Daylight,Clear,Dry,N,,Pedalcycle,On Roadway,N,Intersection,None,,,None,,,N,,,,,PSA,Boynton Beach Police Department,Police Department (PD),1/3/2024 8:37:00 PM,1/3/2024 8:37:00 PM,5,Y,Bicycle,Bicycle,Injury,Non-Incapacitating Injury,DAY,N,N,N,N,N,N,Y,N,N,1,1,0,1,0,0,0,0,0,0,0,1,1,0,1,0,0,0,0,0,0,0,0,0,0,N,0,0,Y,0,0,0,0,1,200,1,1000,1200,1,0,0,Preliminary,Editor Mapped,590798.0701,2934913.574,26.5319035579401,-80.0886036399279
26218710,2023,18-DEC-2023 02:27 PM,18-DEC-2023 12:00 AM,2023TA014816,L,2,2,17,60,Seminole,Sanford,Urban,12/18/2023 2:27:00 PM,12/18/2023 2:30:00 PM,12/18/2023 2:42:00 PM,12/18/2023 3:00:00 PM,Y,Law Enforcement,RAND YARD RD,,28.811622,-81.302416,0,,W 1ST ST,,Local,Paved,Four-Way Intersection,N,Daylight,Clear,Dry,N,Angle,Motor Vehicle in Transport,On Roadway,N,Intersection-Related,None,,,None,,,N,,,,,OFC,Sanford Police Department,Police Department (PD),12/20/2023 7:45:00 PM,12/20/2023 7:45:00 PM,2,N,Right Angle,Angle,No Injury,No Injury,DAY,N,N,N,N,N,N,Y,N,N,2,0,0,0,0,0,0,0,0,0,0,1,1,0,1,0,0,0,0,0,0,0,0,0,0,N,0,0,Y,0,0,1,0,0,0,2,2000,2000,0,0,0,Preliminary,Editor Mapped,470490.1699,3187147.1836,28.811571537338,-81.3024282693234
26218721,2023,20-DEC-2023 06:36 PM,20-DEC-2023 12:00 AM,2023TA014946,L,1,2,17,60,Seminole,Sanford,Urban,12/20/2023 6:36:00 PM,12/20/2023 6:37:00 PM,12/20/2023 6:48:00 PM,12/20/2023 7:46:00 PM,Y,Law Enforcement,S MELLONVILLE AVE,,28.786815,-81.256244,0,,E SR-46,,Local,Curb,Four-Way Intersection,N,Dark - Lighted,Clear,Dry,N,,Other Non-Fixed Object,On Roadway,N,Intersection-Related,None,,,None,,,N,,,,,OFFICER,Sanford Police Department,Police Department (PD),12/28/2023 7:20:00 PM,12/28/2023 7:20:00 PM,8,Y,Single Vehicle,Other,Injury,Possible Injury,DAY,N,N,N,N,N,N,Y,N,N,1,1,1,0,0,0,0,0,0,0,0,1,1,0,1,0,0,0,0,0,0,0,0,0,0,N,0,0,Y,0,0,1,0,0,0,1,1500,1500,0,0,0,Preliminary,Editor Mapped,474992.8813,3184396.9105,28.7868426659917,-81.2562224169818
26230096,2023,07-DEC-2023 05:27 PM,07-DEC-2023 12:00 AM,23135778,L,1,2,6,0,Palm Beach,Unincorporated,Urban,12/7/2023 5:27:00 PM,12/7/2023 5:27:00 PM,12/7/2023 5:30:00 PM,12/7/2023 8:45:00 PM,N,Law Enforcement,DONALD ROSS RD,,26.882856,-80.103343,0,,N MILITARY TRL,,Local,Paved,Four-Way Intersection,Y,Dusk,Clear,Dry,N,,Pedestrian,On Roadway,N,Intersection-Related,None,,,None,,,N,,,,,INV.,Palm Beach County Sheriff's Office,Sheriff's Office (SO),1/18/2024 2:56:00 AM,1/18/2024 2:56:00 AM,42,Y,Pedestrian,Pedestrian,Serious Injury,Incapacitating Injury,DAY,N,N,N,N,N,N,Y,N,N,1,1,0,0,1,0,0,0,0,0,0,1,1,0,1,0,0,0,0,0,0,0,0,0,0,N,0,0,Y,1,0,0,0,0,0,1,5000,5000,1,0,0,Verified,n/a,589057.0826,2973774.2562,26.8828430542825,-80.1033337563527
26230276,2023,10-DEC-2023 04:18 PM,10-DEC-2023 12:00 AM,23136605,L,1,5,6,60,Palm Beach,Lake Park,Urban,12/10/2023 4:19:00 PM,12/10/2023 4:21:00 PM,12/10/2023 4:25:00 PM,12/10/2023 4:41:00 PM,Y,Law Enforcement,SAN MARCO CIR,,26.796944,-80.087609,0,,PARK AVE W,,Local,Paved,Four-Way Intersection,N,Daylight,Clear,Dry,N,,Pedalcycle,On Roadway,N,Intersection,None,,,None,,,N,,,,,CPL,Palm Beach County Sheriff's Office,Sheriff's Office (SO),12/13/2023 9:49:00 PM,12/13/2023 9:49:00 PM,3,Y,Bicycle,Bicycle,Injury,Non-Incapacitating Injury,DAY,N,N,N,N,N,N,Y,N,N,4,1,0,1,0,0,0,0,0,0,0,1,1,0,1,0,0,3,0,0,0,0,0,0,0,N,0,0,Y,0,0,0,0,0,0,1,1000,1000,1,0,0,Preliminary,Editor Mapped,590687.5715,2964270.3043,26.7969395829603,-80.0876069118289
26254599,2023,06-DEC-2023 03:40 PM,06-DEC-2023 12:00 AM,2312060085636,L,1,2,1,66,Miami-Dade,Miami,Urban,12/6/2023 3:45:00 PM,12/6/2023 4:29:00 PM,12/6/2023 4:24:00 PM,12/6/2023 4:57:00 PM,Y,Law Enforcement,SW 68TH AVE,,25.766773,-80.306008,0,,SW 4TH ST,,Local,Paved,Traffic Circle,N,Daylight,Clear,Dry,N,,Pedalcycle,On Roadway,N,Other,None,,,Other,,,N,,,,,OFFICER,Miami Police Department,Police Department (PD),12/14/2023 7:24:00 PM,12/14/2023 7:24:00 PM,8,Y,Bicycle,Bicycle,Injury,Possible Injury,DAY,N,N,N,N,N,N,N,N,N,1,1,1,0,0,0,0,0,0,0,0,1,1,0,1,0,0,0,0,0,0,0,0,0,0,N,0,0,Y,0,0,0,0,0,0,0,0,0,0,0,0,Preliminary,Editor Mapped,569590.7629,2850038.875,25.7667713656057,-80.3060077235773
26255173,2023,14-DEC-2023 03:52 PM,14-DEC-2023 12:00 AM,2312140087673,L,1,2,1,66,Miami-Dade,Miami,Urban,12/14/2023 3:54:00 PM,12/14/2023 4:00:00 PM,12/14/2023 4:06:00 PM,12/14/2023 5:40:00 PM,Y,Law Enforcement,NW 11TH ST,,25.783899,-80.215947,,East,NW 13TH AVE,,Local,Paved,Not at Intersection,N,Daylight,Clear,Dry,N,,Pedestrian,On Roadway,N,Other,None,,,None,,,N,,,,,OFC,Miami Police Department,Police Department (PD),12/19/2023 8:30:00 PM,12/19/2023 8:30:00 PM,5,N,Pedestrian,Pedestrian,No Injury,No Injury,DAY,N,N,N,N,N,N,N,N,N,2,0,0,0,0,0,0,0,0,0,0,1,1,0,1,0,0,0,0,0,0,0,0,0,0,N,0,0,Y,0,0,0,0,0,0,0,0,0,1,0,0,Preliminary,Editor Mapped,578610.7033,2851985.6966,25.7838931364155,-80.2159473664502
26255456,2023,18-DEC-2023 03:20 PM,07-FEB-2024 12:00 AM,2312180088634,L,1,2,1,66,Miami-Dade,Miami,Urban,12/18/2023 3:29:00 PM,12/18/2023 3:30:00 PM,12/18/2023 3:40:00 PM,12/18/2023 4:30:00 PM,N,Law Enforcement,NW 44TH ST,,25.815977,-80.197628,0,,NW 1ST AVE,,Local,Paved,Four-Way Intersection,N,Daylight,Clear,Dry,N,,Pedalcycle,On Roadway,N,Intersection-Related,None,,,None,,,N,,,,,DETECTIVE,Miami Police Department,Police Department (PD),12/20/2023 7:45:00 PM,2/9/2024 7:34:00 PM,2,Y,Bicycle,Bicycle,Injury,Possible Injury,DAY,N,N,N,N,N,Y,Y,N,N,1,1,1,0,0,0,0,0,0,0,0,1,1,0,1,0,0,0,0,0,0,0,0,0,0,N,0,0,Y,0,0,2,0,0,0,1,1,1,1,0,0,Preliminary,Officer Mapped,580426.0977,2855549.3974,25.8159718763233,-80.1976256254426
26255751,2023,22-DEC-2023 12:30 PM,22-DEC-2023 12:00 AM,2312220089601,L,1,3,1,66,Miami-Dade,Miami,Urban,12/22/2023 12:35:00 PM,12/22/2023 1:00:00 PM,12/22/2023 1:05:00 PM,12/22/2023 2:00:00 PM,Y,Law Enforcement,SW 27TH AVE,2780,25.740398,-80.239782,,,,,Parking Lot,Paved,Not at Intersection,N,Daylight,Clear,Dry,N,,Pedestrian,On Roadway,N,Non-Junction,None,,,None,,,N,,,,,OFC,Miami Police Department,Police Department (PD),12/23/2023 7:16:00 PM,12/23/2023 7:16:00 PM,1,Y,Pedestrian,Pedestrian,Injury,Non-Incapacitating Injury,DAY,N,N,N,N,N,N,N,N,N,2,1,0,1,0,0,0,0,0,0,0,1,1,0,1,0,0,1,0,0,0,0,0,0,0,N,0,0,Y,0,0,1,0,0,0,1,500,500,1,0,0,Preliminary,Editor Mapped,576248.4828,2847154.5636,25.7403961660846,-80.2397840358533
26285992,2023,30-DEC-2023 06:58 PM,30-DEC-2023 07:17 PM,FHP23ON0684740,L,1,1,9,0,Escambia,Unincorporated,Rural,12/30/2023 6:58:00 PM,12/30/2023 7:00:00 PM,12/30/2023 7:02:00 PM,12/30/2023 7:36:00 PM,Y,Law Enforcement,MEMPHIS AVENUE,,30.4609,-87.29113,0,,STATE ROAD 296(W MICHIGAN AVENUE),,State,Paved,Four-Way Intersection,N,Dark - Lighted,Clear,Dry,N,Other,Pedestrian,On Roadway,N,Intersection,None,,,None,,,N,,,,,TPR,Florida Highway Patrol,Florida Highway Patrol (FHP),1/1/2024 7:28:00 PM,1/1/2024 7:28:00 PM,2,Y,Pedestrian,Pedestrian,Serious Injury,Incapacitating Injury,DAY,N,N,N,N,N,Y,Y,N,N,0,1,0,0,1,0,0,0,0,0,0,1,1,0,0,0,0,0,0,0,0,0,0,0,0,N,0,0,Y,1,0,0,0,1,100,0,0,100,1,0,0,Preliminary,Editor Mapped,-104478.2612,3386736.8828,30.4610216719802,-87.2905457182738
26286637,2023,25-DEC-2023 11:30 AM,25-DEC-2023 01:30 PM,FHP23ON0676078,L,1,3,7,46,Orange,Orlando,Rural,12/25/2023 12:45:00 PM,12/25/2023 12:54:00 PM,12/25/2023 1:28:00 PM,12/25/2023 2:20:00 PM,Y,Law Enforcement,PODOCARPUS LANE,,28.5239496687412,-81.1552825566928,103,North,WILD TAMARIND BLVD,,Local,Curb,Not at Intersection,N,Daylight,Rain,Wet,N,Other,Pedalcycle,On Roadway,N,Driveway/Alley Access Related,None,,,None,,,N,,,,,TPR,Florida Highway Patrol,Florida Highway Patrol (FHP),1/8/2024 7:11:00 PM,1/8/2024 7:11:00 PM,14,Y,Bicycle,Bicycle,Injury,Non-Incapacitating Injury,DAY,N,N,N,N,N,N,N,N,N,2,1,0,1,0,0,0,0,0,0,0,1,1,0,1,0,0,1,0,0,0,0,0,0,0,N,0,0,Y,0,0,0,0,1,10,1,750,760,0,0,1,Preliminary,Editor Mapped,484806.8021,3155254.138,28.5239417730614,-81.1552815251176
83057971,2023,02-AUG-2023 11:33 AM,02-AUG-2023 12:02 PM,461825,L,1,2,2,38,Duval,Jacksonville,Urban,8/2/2023 11:33:00 AM,8/2/2023 11:33:00 AM,8/2/2023 11:43:00 AM,8/2/2023 12:04:00 PM,Y,Law Enforcement,ELWOOD AVE,,30.3816374119709,-81.6609818057048,0,,W 60TH ST,,Local,Curb,Four-Way Intersection,N,Daylight,Clear,Dry,N,Other,Other Non-Fixed Object,On Roadway,N,Intersection,None,,,None,,,N,,,,,CSO,Jacksonville Sheriff's Office,Sheriff's Office (SO),8/3/2023 2:54:00 PM,8/3/2023 2:54:00 PM,1,N,Single Vehicle,Other,No Injury,No Injury,DAY,N,N,N,N,N,N,Y,N,N,2,0,0,0,0,0,0,0,0,0,0,1,1,0,1,0,0,0,0,0,0,0,0,0,0,N,0,0,Y,0,0,0,0,0,0,1,800,800,0,0,0,Preliminary,Editor Mapped,436493.982,3361258.7904,30.38162314423,-81.6609868970211
85698375,2023,21-AUG-2023 12:43 PM,21-AUG-2023 12:00 AM,2308210046,L,1,2,36,40,Walton,DeFuniak Springs,Urban,8/21/2023 12:43:00 PM,8/21/2023 12:43:00 PM,8/21/2023 12:47:00 PM,8/21/2023 1:00:00 PM,Y,Law Enforcement,W NELSON AVE,394,30.725067,-86.125876,,,,,Parking Lot,Unpaved,Not at Intersection,N,Daylight,Clear,Dry,N,,Pedalcycle,Off Roadway,N,Non-Junction,None,,,None,,,N,,,,,INVESTIGATOR,DeFuniak Springs Police Department,Police Department (PD),8/29/2023 2:53:00 PM,8/29/2023 2:53:00 PM,8,Y,Bicycle,Bicycle,Injury,Possible Injury,DAY,N,N,N,N,N,N,N,N,N,1,1,1,0,0,0,0,0,0,0,0,1,1,0,1,1,0,0,0,0,0,0,0,0,0,N,0,0,Y,0,0,0,0,0,0,1,5000,5000,0,0,0,Preliminary,Editor Mapped,8983.95579999965,3410359.2625,30.7249464559333,-86.1254054065299
87512658,2023,17-JAN-2023 04:10 PM,17-JAN-2023 12:00 AM,230007179,L,1,1,12,52,Lake,Minneola,Urban,1/17/2023 4:31:00 PM,1/17/2023 4:33:00 PM,1/17/2023 4:57:00 PM,1/17/2023 5:35:00 PM,Y,Law Enforcement,N HANCOCK RD,,28.582867,-81.723393,0,,FOSGATE RD,,County,Paved,Four-Way Intersection,N,Daylight,Clear,Dry,N,,Pedalcycle,On Roadway,N,Intersection-Related,None,,,None,,,N,,,,,MASTER DEPUTY,Lake County Sheriff's Office,Sheriff's Office (SO),1/18/2023 2:51:00 PM,3/3/2023 2:46:00 PM,1,Y,Bicycle,Bicycle,Injury,Possible Injury,DAY,N,N,N,N,N,Y,Y,N,N,0,1,1,0,0,0,0,0,0,0,0,1,1,0,0,0,0,0,0,0,0,0,0,0,0,N,0,0,Y,0,0,0,0,0,0,0,0,0,0,0,0,Preliminary,Editor Mapped,429258.0769,3162004.6993,28.5830361983413,-81.7234090367592
87605063,2023,23-SEP-2023 11:19 AM,23-SEP-2023 11:54 AM,577818,L,1,3,2,38,Duval,Jacksonville,Urban,9/23/2023 11:20:00 AM,9/23/2023 11:20:00 AM,9/23/2023 11:22:00 AM,9/23/2023 11:54:00 AM,Y,Law Enforcement,SHENANDOAH AVE,,30.3601632090306,-81.7310101167725,0,,EDGEWOOD AVE N,,Local,Curb,Four-Way Intersection,N,Daylight,Clear,Dry,N,Other,Pedalcycle,On Roadway,N,Intersection,None,,,None,,,N,,,,,OFFICER,Jacksonville Sheriff's Office,Sheriff's Office (SO),9/24/2023 7:13:00 PM,9/24/2023 7:13:00 PM,1,Y,Bicycle,Bicycle,Injury,Non-Incapacitating Injury,DAY,N,Y,N,N,N,Y,Y,N,N,1,2,0,2,0,0,0,0,0,0,0,2,2,0,1,0,0,0,0,0,0,0,0,0,0,N,0,0,Y,0,0,2,0,1,700,1,500,1200,0,0,0,Preliminary,Editor Mapped,429750.4258,3358916.7383,30.3601160564428,-81.7310137458398
88460949,2023,06-MAY-2023 03:10 PM,06-MAY-2023 03:17 PM,FHP23ON0237382,L,1,3,38,0,Monroe,Unincorporated,Rural,5/6/2023 3:14:00 PM,5/6/2023 3:14:00 PM,5/6/2023 3:14:00 PM,5/6/2023 4:30:00 PM,Y,Law Enforcement,US 1 (STATE ROAD 5),,24.57033,-81.7513,0,,COLLEGE RD,,U.S.,Unpaved,T-Intersection,N,Daylight,Clear,Dry,N,Other,Pedalcycle,On Roadway,N,Intersection,None,,,None,,,N,,,,,TPR,Florida Highway Patrol,Florida Highway Patrol (FHP),5/17/2023 2:55:00 PM,5/17/2023 2:55:00 PM,11,Y,Bicycle,Bicycle,Injury,Possible Injury,DAY,N,N,N,Y,N,N,Y,N,N,2,1,1,0,0,0,0,0,0,0,0,1,1,0,1,0,0,1,0,0,0,0,0,0,0,N,0,0,Y,0,0,1,0,1,500,1,200,700,0,0,0,Preliminary,Editor Mapped,425558.4594,2718089.6854,24.575014575559,-81.7351824651027
88841680,2023,28-OCT-2023 11:24 AM,28-OCT-2023 12:00 AM,KC23-31525,L,1,1,4,44,Pinellas,Kenneth City,Urban,10/28/2023 11:24:00 AM,10/28/2023 11:26:00 AM,10/28/2023 11:29:00 AM,10/28/2023 12:11:00 PM,N,Law Enforcement,54TH AVE N,,27.821053,-82.720299,0,,62ND ST N,,Local,Paved,Four-Way Intersection,Y,Daylight,Clear,Dry,N,,Pedestrian,On Roadway,N,Intersection,None,,,None,,,N,,,,,OFFICER,Kenneth City Police Department,Police Department (PD),10/31/2023 7:39:00 PM,10/31/2023 7:39:00 PM,3,Y,Pedestrian,Pedestrian,Injury,Non-Incapacitating Injury,DAY,N,N,N,N,N,Y,Y,N,N,0,1,0,1,0,0,0,0,0,0,0,1,1,0,0,0,0,0,0,0,0,0,0,0,0,N,0,0,Y,0,0,0,0,0,0,0,0,0,0,0,0,Preliminary,Editor Mapped,330561.7768,3078566.8877,27.8210505726384,-82.7203093014731
89129517,2023,08-APR-2023 05:00 PM,08-APR-2023 05:28 PM,23-377489,L,1,1,3,0,Hillsborough,Unincorporated,Rural,4/8/2023 5:20:00 PM,4/8/2023 5:28:00 PM,4/8/2023 5:32:00 PM,4/8/2023 6:03:00 PM,Y,Law Enforcement,CR 584 (W WATERS AVE),,,,362,West,HANLEY RD,,County,Curb,Not at Intersection,Y,Daylight,Clear,Dry,N,Other,Pedestrian,On Roadway,N,Driveway/Alley Access Related,None,,,None,,,N,,,,,DEP,Hillsborough County Sheriff's Office,Sheriff's Office (SO),4/13/2023 3:35:00 PM,4/13/2023 3:35:00 PM,5,Y,Pedestrian,Pedestrian,Injury,Non-Incapacitating Injury,DAY,N,N,N,N,N,Y,N,N,N,0,1,0,1,0,0,0,0,0,0,0,1,1,0,0,0,0,0,0,0,0,0,0,0,0,N,0,0,Y,0,0,0,0,0,0,0,0,0,0,0,0,Preliminary,Editor Mapped,346300.6743,3101035.353,28.0257050274688,-82.5634778807175
89287983,2023,16-MAY-2023 05:13 PM,16-MAY-2023 06:03 PM,SJSO23CAD120415,L,1,2,20,0,St. Johns,Unincorporated,Rural,5/16/2023 5:13:00 PM,5/16/2023 5:14:00 PM,5/16/2023 5:21:00 PM,5/16/2023 6:00:00 PM,Y,Law Enforcement,STATE ROAD 13,585,30.1149830176099,-81.6254659842818,,,,,State,Curb,Not at Intersection,N,Daylight,Clear,Dry,N,Angle,Other Non-Fixed Object,Off Roadway,N,Non-Junction,None,,,None,,,N,,,,,LE DEPUTY,St. Johns County Sheriff's Office,Sheriff's Office (SO),6/14/2023 3:06:00 PM,6/14/2023 3:06:00 PM,29,Y,Single Vehicle,Other,Injury,Non-Incapacitating Injury,DAY,N,N,N,N,N,N,N,N,N,1,1,0,1,0,0,0,0,0,0,0,1,1,0,1,0,0,0,0,0,0,0,0,0,0,N,0,0,Y,0,0,0,0,0,0,1,1000,1000,1,0,0,Preliminary,Editor Mapped,439716.0141,3331751.2482,30.1155204758975,-81.6257631816276
89349828,2023,26-FEB-2023 07:30 AM,26-FEB-2023 12:00 AM,23-13-AC,L,1,3,1,32,Miami-Dade,Bay Harbor Islands,Urban,2/26/2023 7:31:00 AM,2/26/2023 7:32:00 AM,2/26/2023 7:32:00 AM,2/26/2023 8:30:00 AM,Y,Law Enforcement,95TH ST,,25.885729,-80.131198,0,,BAY HARBOR TER,,Local,Paved,Four-Way Intersection,Y,Dark - Lighted,Clear,Dry,N,,Pedalcycle,On Roadway,N,Intersection,None,,,None,,,N,,,,,OFFICER,Bay Harbor Islands Police Department,Police Department (PD),3/24/2023 2:27:00 PM,3/24/2023 2:27:00 PM,26,Y,Bicycle,Bicycle,Serious Injury,Incapacitating Injury,DAY,N,N,N,N,N,N,Y,N,N,2,1,0,0,1,0,0,0,0,0,0,2,2,0,1,1,0,0,0,0,0,0,0,0,0,N,0,0,Y,1,0,0,0,0,0,1,0,0,1,0,0,Preliminary,Editor Mapped,587032.1356,2863318.3826,25.8857393622611,-80.1312135682055
89363538,2023,23-FEB-2023 02:12 PM,23-FEB-2023 12:00 AM,SO23-59967,L,1,2,4,76,Pinellas,Seminole,Urban,2/23/2023 2:14:00 PM,2/23/2023 2:15:00 PM,2/23/2023 2:18:00 PM,2/23/2023 2:45:00 PM,Y,Law Enforcement,80TH AVE N,,27.845362,-82.795136,0,,113TH ST N,,Local,Curb,Four-Way Intersection,Y,Daylight,Clear,Dry,N,,Pedestrian,On Roadway,N,Intersection-Related,None,,,None,,,N,,,,,DEPUTY,Pinellas County Sheriff's Office,Sheriff's Office (SO),3/2/2023 2:51:00 PM,3/2/2023 2:51:00 PM,7,Y,Pedestrian,Pedestrian,Injury,Possible Injury,DAY,N,N,N,N,N,N,Y,N,N,1,1,1,0,0,0,0,0,0,0,0,1,1,0,1,1,0,0,0,0,0,0,0,0,0,N,0,0,Y,0,0,0,0,0,0,1,500,500,0,0,1,Preliminary,Editor Mapped,323230.8073,3081366.3816,27.8453633154557,-82.7951273805929
89364165,2023,03-JUN-2023 03:05 PM,03-JUN-2023 12:00 AM,SO23-178840,L,1,3,4,38,Pinellas,Dunedin,Urban,6/3/2023 3:06:00 PM,6/3/2023 3:13:00 PM,6/3/2023 3:18:00 PM,6/3/2023 3:39:00 PM,Y,Law Enforcement,OHIO AVE,,28.024858,-82.763525,0,,COUNTY ROAD 1,,Local,Paved,T-Intersection,Y,Daylight,Clear,Dry,N,,Other Non-Fixed Object,On Roadway,N,Intersection,None,,,None,,,N,,,,,SERGEANT,Pinellas County Sheriff's Office,Sheriff's Office (SO),6/5/2023 2:42:00 PM,6/5/2023 2:42:00 PM,2,Y,Single Vehicle,Other,Injury,Possible Injury,DAY,N,N,N,N,N,N,Y,N,N,2,1,1,0,0,0,0,0,0,0,0,1,1,0,1,1,0,1,0,0,0,0,0,0,0,N,0,0,Y,0,0,0,0,0,0,1,100,100,0,0,0,Preliminary,Editor Mapped,326630.368,3101209.4633,28.0248540841329,-82.7635230286909
89376153,2023,19-JUL-2023 02:28 PM,19-JUL-2023 12:00 AM,230700091,L,1,2,8,32,Volusia,Daytona Beach Shores,Urban,7/19/2023 2:28:00 PM,7/19/2023 2:28:00 PM,7/19/2023 2:30:00 PM,7/19/2023 3:39:00 PM,Y,Law Enforcement,SR-A1A,,29.166676,-80.977702,780,North,VAN AVE,,State,Paved,Not at Intersection,Y,Daylight,Clear,Dry,N,,Pedalcycle,Off Roadway,N,Non-Junction,None,,,None,,,N,,,,,OFFICER,Daytona Beach Shores Public Safety,Police Department (PD),7/25/2023 2:52:00 PM,7/25/2023 2:52:00 PM,6,Y,Bicycle,Bicycle,Injury,Possible Injury,DAY,N,N,N,N,N,N,N,N,N,1,1,1,0,0,0,0,0,0,0,0,1,1,0,1,1,0,0,0,0,0,0,0,0,0,N,0,0,Y,0,0,1,0,1,2000,1,500,2500,0,0,1,Preliminary,Editor Mapped,502168.6594,3226451.6923,29.1666703009924,-80.9776986181817
89401144,2023,10-APR-2023 04:05 PM,10-APR-2023 12:00 AM,230002200,L,1,2,8,56,Volusia,Port Orange,Urban,4/10/2023 4:13:00 PM,4/10/2023 4:14:00 PM,4/10/2023 4:16:00 PM,4/10/2023 4:44:00 PM,Y,Law Enforcement,W SAMMS AVE,,29.134544,-81.00904,44,,SR-5A,,Local,Curb,Four-Way Intersection,N,Daylight,Cloudy,Dry,N,,Pedalcycle,On Roadway,N,Intersection,None,,,None,,,N,,,,,OFFICER,Port Orange Police Department,Police Department (PD),4/15/2023 3:30:00 PM,4/15/2023 3:30:00 PM,5,Y,Bicycle,Bicycle,Serious Injury,Incapacitating Injury,DAY,N,N,N,N,N,N,Y,N,N,1,1,0,0,1,0,0,0,0,0,0,1,1,0,1,1,0,0,0,0,0,0,0,0,0,N,0,0,Y,1,0,0,0,0,0,1,300,300,1,0,0,Verified,n/a,499116.4235,3222883.5493,29.134466625167,-81.0090834145612
89426515,2023,05-SEP-2023 02:25 PM,05-SEP-2023 03:19 PM,23-903811,L,1,2,3,0,Hillsborough,Unincorporated,Rural,9/5/2023 2:27:00 PM,9/5/2023 2:31:00 PM,9/5/2023 3:06:00 PM,9/5/2023 4:15:00 PM,Y,Law Enforcement,N 46TH ST,14014,,,,,N 46TH ST,,Local,Paved,Not at Intersection,Y,Daylight,Clear,Dry,N,Other,Pedestrian,On Roadway,N,Non-Junction,None,,,None,,,N,,,,,DEP,Hillsborough County Sheriff's Office,Sheriff's Office (SO),9/11/2023 5:16:00 PM,9/11/2023 5:16:00 PM,6,Y,Pedestrian,Pedestrian,Injury,Non-Incapacitating Injury,DAY,N,N,N,N,N,N,N,N,N,1,1,0,1,0,0,0,0,0,0,0,1,1,0,1,0,0,0,0,0,0,0,0,0,0,N,0,0,Y,0,0,0,0,0,0,1,10,10,1,0,0,Preliminary,Editor Mapped,361443.5098,3106223.1532,28.0741885090118,-82.4100910715286
89444426,2023,19-SEP-2023 05:20 PM,19-SEP-2023 05:46 PM,23-949241,L,1,2,3,0,Hillsborough,Unincorporated,Rural,9/19/2023 5:21:00 PM,9/19/2023 5:38:00 PM,9/19/2023 5:41:00 PM,9/19/2023 6:44:00 PM,Y,Law Enforcement,N 22ND ST,,,,235,South,E 142ND AVE,,Local,Curb,Not at Intersection,Y,Daylight,Cloudy,Dry,N,"Sideswipe, Same Direction",Other Non-Fixed Object,On Roadway,N,Driveway/Alley Access Related,None,,,None,,,N,,,,,DEP,Hillsborough County Sheriff's Office,Sheriff's Office (SO),9/25/2023 7:20:00 PM,9/25/2023 7:20:00 PM,6,Y,Single Vehicle,Other,Injury,Non-Incapacitating Injury,DAY,N,N,N,N,N,N,N,Y,N,1,1,0,1,0,0,0,0,0,0,0,1,1,0,1,0,0,0,0,0,0,0,0,0,0,N,0,0,Y,0,0,0,0,1,300,1,50,350,0,0,0,Preliminary,Editor Mapped,359049.2706,3106350.4121,28.075084474844,-82.434466345437
89609865,2023,15-MAR-2023 04:30 PM,15-MAR-2023 05:07 PM,FHP23ON0136600,L,1,2,7,0,Orange,Unincorporated,Rural,3/15/2023 4:35:00 PM,3/15/2023 4:42:00 PM,3/15/2023 5:00:00 PM,3/15/2023 5:22:00 PM,Y,Law Enforcement,STATE ROAD 536 (WORLD CENTER DRIVE),,28.3575453065323,-81.4967840468176,0,,STATE ROAD 535 (APOPKA VINELAND RD),,State,Unpaved,Four-Way Intersection,N,Daylight,Clear,Dry,N,Other,Pedalcycle,On Roadway,N,Intersection,None,,,None,,,N,,,,,TPR,Florida Highway Patrol,Florida Highway Patrol (FHP),3/18/2023 2:22:00 PM,3/18/2023 2:22:00 PM,3,Y,Bicycle,Bicycle,Injury,Non-Incapacitating Injury,DAY,N,N,N,N,N,N,Y,N,N,1,1,0,1,0,0,0,0,0,0,0,1,1,0,1,0,0,0,0,0,0,0,0,0,0,N,0,0,Y,0,0,0,0,1,700,1,1000,1700,1,0,0,Preliminary,Editor Mapped,451317.028,3136909.9466,28.3575378308339,-81.4967814232353
89610560,2023,13-NOV-2023 12:55 PM,13-NOV-2023 01:17 PM,FHP23ON0596363,S,1,2,4,0,Pinellas,Unincorporated,Rural,11/13/2023 12:57:00 PM,11/13/2023 12:58:00 PM,11/13/2023 1:09:00 PM,11/13/2023 1:17:00 PM,Y,Law Enforcement,TAMPA RD,,28.0680320406617,-82.7658611069374,0,,HIDDEN BROOK ROAD,,State,Paved,Not at Intersection,N,Daylight,Cloudy,Dry,N,Other,Pedestrian,In Parking Lane or Zone,N,Non-Junction,None,,,None,,,N,,,,,TPR,Florida Highway Patrol,Florida Highway Patrol (FHP),11/19/2023 7:19:00 PM,11/19/2023 7:19:00 PM,6,N,Pedestrian,Pedestrian,No Injury,No Injury,DAY,N,N,N,N,N,N,N,N,N,2,0,0,0,0,0,0,0,0,0,0,1,1,0,1,0,0,0,0,0,0,0,0,0,0,N,0,0,Y,0,0,0,0,1,4000,1,800,4800,0,0,0,Preliminary,Computer mapped approximate by address,326416.3663,3106008.1948,28.0681247564586,-82.7664065482811
89610598,2023,24-FEB-2023 09:09 AM,24-FEB-2023 10:35 AM,FHP23ON0098754,L,1,1,7,0,Orange,Unincorporated,Rural,2/24/2023 9:13:00 AM,2/24/2023 9:16:00 AM,2/24/2023 10:30:00 AM,2/24/2023 10:35:00 AM,Y,Law Enforcement,STATE ROAD 424 (EDGEWATER DRIVE),,28.60755,-81.41186,0,,ALPHA DRIVE,,State,Curb,T-Intersection,N,Daylight,Clear,Dry,N,Other,Pedalcycle,On Roadway,N,Intersection,None,,,None,,,N,,,,,TPR,Florida Highway Patrol,Florida Highway Patrol (FHP),3/4/2023 2:32:00 PM,3/4/2023 2:32:00 PM,8,Y,Bicycle,Bicycle,Injury,Possible Injury,DAY,N,N,N,N,N,Y,Y,N,N,0,1,1,0,0,0,0,0,0,0,0,1,1,0,0,0,0,0,0,0,0,0,0,0,0,N,0,0,Y,0,0,0,0,1,700,0,0,700,1,0,0,Preliminary,Editor Mapped,459739.3672,3164586.6799,28.6076458366729,-81.4118063942823
89612097,2023,31-MAR-2023 10:55 AM,31-MAR-2023 11:30 AM,FHP23ON0167010,L,1,2,26,40,Osceola,Kissimmee,Rural,3/31/2023 11:00:00 AM,3/31/2023 11:03:00 AM,3/31/2023 11:36:00 AM,3/31/2023 1:28:00 PM,Y,Law Enforcement,CROSS PRAIRE PARKWAY,,28.28286,-81.35268,,,VILLA VERANO WAY,,Local,Curb,Not at Intersection,N,Daylight,Clear,Dry,N,Angle,Pedalcycle,On Roadway,N,Non-Junction,None,,,None,,,N,,,,,TPR,Florida Highway Patrol,Florida Highway Patrol (FHP),4/11/2023 3:39:00 PM,4/11/2023 3:39:00 PM,11,N,Bicycle,Bicycle,No Injury,No Injury,DAY,N,N,N,N,N,N,N,N,N,2,0,0,0,0,0,0,0,0,0,0,1,1,0,1,0,0,0,0,0,0,0,0,0,0,N,0,0,Y,0,0,0,0,1,1,0,0,1,0,0,0,Preliminary,Editor Mapped,465397.3562,3128577.5725,28.282771699465,-81.3528541376956
89612129,2023,05-MAR-2023 03:40 PM,05-MAR-2023 05:51 PM,FHP23ON0117328,L,1,3,28,0,Pasco,Unincorporated,Rural,3/5/2023 4:02:00 PM,3/5/2023 4:13:00 PM,3/5/2023 4:47:00 PM,3/5/2023 7:51:00 PM,Y,Law Enforcement,MONTGOMERY BELL ROAD,,28.1779438753949,-82.2835806892156,,,FORT COBB TERRACE,,Local,Curb,T-Intersection,N,Daylight,Clear,Dry,N,Other,Pedestrian,On Roadway,N,Intersection,None,,,None,,,N,,,,,TPR,Florida Highway Patrol,Florida Highway Patrol (FHP),3/14/2023 3:10:00 PM,3/14/2023 3:10:00 PM,9,Y,Pedestrian,Pedestrian,Injury,Possible Injury,DAY,N,N,N,N,N,N,Y,N,N,2,1,1,0,0,0,0,0,0,0,0,1,1,0,1,0,0,1,0,0,0,0,0,0,0,N,0,0,Y,0,0,0,0,0,0,1,200,200,0,0,0,Preliminary,Editor Mapped,374009.0974,3117573.5724,28.1778785840262,-82.2834582224348
89612311,2023,09-MAY-2023 03:39 PM,09-MAY-2023 04:34 PM,FHP23ON0242882,L,1,2,15,0,Manatee,Unincorporated,Rural,5/9/2023 3:41:00 PM,5/9/2023 3:44:00 PM,5/9/2023 4:07:00 PM,5/9/2023 6:00:00 PM,Y,Law Enforcement,7TH AVE DR W,,27.4937491624938,-82.6203132313756,0,,59TH ST W,,Local,Curb,Not at Intersection,N,Daylight,Clear,Dry,N,Angle,Pedalcycle,On Roadway,N,Intersection-Related,None,,,None,,,N,,,,,TPR,Florida Highway Patrol,Florida Highway Patrol (FHP),5/19/2023 2:51:00 PM,5/19/2023 2:51:00 PM,10,Y,Bicycle,Bicycle,Injury,Non-Incapacitating Injury,DAY,N,N,N,N,N,N,Y,N,N,1,1,0,1,0,0,0,0,0,0,0,1,1,0,1,1,0,0,0,0,0,0,0,0,0,N,0,0,Y,0,0,0,0,1,400,1,4500,4900,0,0,0,Preliminary,Editor Mapped,339936.7511,3042169.0387,27.4937454269476,-82.6203061691552
89613798,2023,07-APR-2023 07:00 PM,07-APR-2023 07:33 PM,FHP23ON0182291,L,1,2,3,0,Hillsborough,Unincorporated,Rural,4/7/2023 7:13:00 PM,4/7/2023 7:22:00 PM,4/7/2023 7:26:00 PM,4/7/2023 8:30:00 PM,Y,Law Enforcement,US-301 S,,27.85702,-82.32673,0,,GIBSONTON DRIVE,,U.S.,Curb,Four-Way Intersection,N,Daylight,Clear,Dry,N,Other,Pedestrian,On Roadway,N,Intersection-Related,None,,,None,,,N,,,,,TPR,Florida Highway Patrol,Florida Highway Patrol (FHP),4/15/2023 3:29:00 PM,4/15/2023 3:29:00 PM,8,Y,Pedestrian,Pedestrian,Injury,Non-Incapacitating Injury,NIGHT,N,N,N,N,N,Y,Y,N,N,1,1,0,1,0,0,0,0,0,0,0,1,1,0,1,0,0,0,0,0,0,0,0,0,0,N,0,0,Y,0,0,1,0,0,0,0,0,0,1,0,0,Preliminary,Editor Mapped,369383.8669,3082081.3487,27.8571173069772,-82.3266325996779
89614471,2023,06-MAR-2023 07:57 AM,06-MAR-2023 08:39 AM,FHP23ON0118347,L,1,2,7,54,Orange,Winter Park,Rural,3/6/2023 8:03:00 AM,3/6/2023 8:05:00 AM,3/6/2023 8:25:00 AM,3/6/2023 9:50:00 AM,Y,Law Enforcement,FORSYTH ROAD,,28.5982860835688,-81.2991949525098,,,UNIVERSITY BOULEVARD,,Local,Curb,Not at Intersection,N,Daylight,Clear,Dry,N,Unknown,Other Non-Fixed Object,On Roadway,N,Driveway/Alley Access Related,None,,,None,,,N,,,,,TPR,Florida Highway Patrol,Florida Highway Patrol (FHP),3/25/2023 2:21:00 PM,3/25/2023 2:21:00 PM,19,Y,Single Vehicle,Other,Injury,Possible Injury,DAY,N,N,N,N,N,N,N,N,N,1,1,1,0,0,0,0,0,0,0,0,1,1,0,1,0,0,0,0,0,0,0,0,0,0,N,0,0,Y,0,0,0,0,1,200,1,200,400,0,0,0,Preliminary,Editor Mapped,470746.362,3163517.4281,28.5982895458617,-81.2991953661524
89619181,2023,09-MAR-2023 10:49 AM,31-JUL-2023 11:11 AM,FHP23ON0124559,L,1,2,4,0,Pinellas,Unincorporated,Rural,3/9/2023 10:52:00 AM,3/9/2023 10:53:00 AM,3/9/2023 10:59:00 AM,3/9/2023 8:57:00 PM,Y,Law Enforcement,ALT 19 US (PALM HARBOR BLVD),,28.0735401897669,-82.7671998302733,0,,OHIO AVENUE,,U.S.,Unpaved,Four-Way Intersection,Y,Daylight,Clear,Dry,N,Angle,Pedalcycle,On Roadway,N,Intersection,None,,,None,,,N,,,,,CPL,Florida Highway Patrol,Florida Highway Patrol (FHP),3/18/2023 2:22:00 PM,8/26/2023 2:51:00 PM,9,Y,Bicycle,Bicycle,Fatality,Fatal (within 30 days),DAY,N,N,N,N,N,N,Y,N,N,1,0,0,0,0,1,1,0,0,0,0,1,1,0,1,0,0,0,0,0,0,0,0,0,0,N,0,0,Y,0,1,1,0,1,300,1,900,1200,1,0,0,Verified,n/a,326350.6929,3106615.0377,28.0735916353613,-82.767164207711
89622307,2023,27-MAR-2023 04:31 PM,28-MAR-2023 03:16 AM,FHP23ON0159627,L,1,3,26,0,Osceola,Unincorporated,Rural,3/27/2023 4:33:00 PM,3/28/2023 2:10:00 AM,3/28/2023 3:14:00 AM,3/28/2023 4:32:00 AM,Y,Law Enforcement,COUNTY ROAD 525 (NEPTUNE RD),,28.25838,-81.33611,,,BETSY ROSS LN,,County,Curb,Not at Intersection,N,Daylight,Clear,Dry,N,Other,Pedalcycle,On Roadway,N,Driveway/Alley Access Related,None,,,None,,,N,,,,,TPR,Florida Highway Patrol,Florida Highway Patrol (FHP),4/12/2023 3:40:00 PM,4/12/2023 3:40:00 PM,16,Y,Bicycle,Bicycle,Injury,Non-Incapacitating Injury,DAY,N,N,N,N,N,N,N,N,N,1,2,1,1,0,0,0,0,0,0,0,2,2,0,1,0,0,0,0,0,0,0,0,0,0,N,0,0,Y,0,0,1,0,1,500,1,50,550,1,0,0,Preliminary,Editor Mapped,467036.2722,3125887.1732,28.2585281912771,-81.3360656161003
89622522,2023,21-MAY-2023 06:53 PM,21-MAY-2023 07:21 PM,FHP23ON0265829,L,1,3,52,60,Baker,Macclenny,Urban,5/21/2023 6:58:00 PM,5/21/2023 6:59:00 PM,5/21/2023 7:04:00 PM,5/21/2023 7:45:00 PM,Y,Law Enforcement,1511 S 6TH ST PRIVATE DRIVE,,30.26145,-82.12289,0,,SR 121,,Private Roadway,Unpaved,T-Intersection,N,Daylight,Rain,Wet,N,Other,Pedestrian,On Roadway,N,Intersection,None,,,None,,,N,,,,,TPR,Florida Highway Patrol,Florida Highway Patrol (FHP),5/23/2023 2:54:00 PM,5/23/2023 2:54:00 PM,2,Y,Pedestrian,Pedestrian,Injury,Possible Injury,DAY,N,N,N,N,N,N,Y,N,N,2,1,1,0,0,0,0,0,0,0,0,1,1,0,1,0,1,1,0,0,0,0,0,0,0,N,0,0,Y,0,0,2,0,1,100,1,100,200,0,0,0,Preliminary,Editor Mapped,391989.4374,3348300.2048,30.2615412664075,-82.1228079380975
89625713,2023,28-APR-2023 02:45 PM,28-APR-2023 03:12 PM,FHP23ON0222022,L,1,2,7,0,Orange,Unincorporated,Rural,4/28/2023 2:50:00 PM,4/28/2023 2:53:00 PM,4/28/2023 2:57:00 PM,4/28/2023 3:22:00 PM,Y,Law Enforcement,DARWIN DRIVE,,28.59241,-81.20892,0,,STATE ROAD 434 (ALAFAYA TRAIL),,Local,Unpaved,T-Intersection,N,Daylight,Clear,Dry,N,Other,Motor Vehicle in Transport,On Roadway,N,Intersection,None,,,None,,,N,,,,,TPR,Florida Highway Patrol,Florida Highway Patrol (FHP),5/3/2023 3:36:00 PM,5/3/2023 3:36:00 PM,5,Y,Single Vehicle,Other,Injury,Non-Incapacitating Injury,DAY,N,N,N,N,N,N,Y,N,N,1,1,0,1,0,0,0,0,0,0,0,1,1,0,1,0,0,0,0,0,0,0,0,0,0,N,0,0,Y,0,0,1,0,1,100,1,500,600,1,0,0,Preliminary,Editor Mapped,479565.1995,3162853.2181,28.5924630700457,-81.2089883051032
89627589,2023,07-APR-2023 02:43 PM,07-APR-2023 04:10 PM,FHP23ON0181610,L,1,5,28,0,Pasco,Unincorporated,Rural,4/7/2023 2:48:00 PM,4/7/2023 3:18:00 PM,4/7/2023 3:55:00 PM,4/7/2023 5:14:00 PM,Y,Law Enforcement,JERRY ROAD,,28.19009,-82.14821,52,East,UNDERWOOD LANE,,County,Unpaved,Not at Intersection,N,Daylight,Clear,Dry,N,Angle,Motor Vehicle in Transport,On Roadway,N,Driveway/Alley Access Related,None,,,None,,,N,,,,,TPR,Florida Highway Patrol,Florida Highway Patrol (FHP),4/9/2023 2:10:00 PM,4/9/2023 2:10:00 PM,2,Y,Single Vehicle,Other,Serious Injury,Incapacitating Injury,DAY,N,N,N,N,N,N,N,N,N,4,1,0,0,1,0,0,0,0,0,0,1,1,0,1,0,0,3,0,0,0,0,0,0,0,N,0,0,Y,1,0,1,0,1,750,1,2500,3250,1,0,0,Verified,n/a,387194.3751,3118789.8227,28.1900486051924,-82.1492817325159
89627723,2023,02-MAY-2023 11:13 AM,02-MAY-2023 11:48 AM,FHP23ON0229136,L,1,2,19,50,Brevard,Rockledge,Urban,5/2/2023 11:23:00 AM,5/2/2023 11:29:00 AM,5/2/2023 11:47:00 AM,5/2/2023 12:37:00 PM,Y,Law Enforcement,STATE ROAD 519 (FISKE BOULEVARD),,28.31036,-80.7428,0,,GENEVIEVE AVENUE,,State,Curb,T-Intersection,N,Daylight,Clear,Dry,N,Other,Pedalcycle,On Roadway,N,Intersection-Related,None,,,None,,,N,,,,,TPR,Florida Highway Patrol,Florida Highway Patrol (FHP),5/6/2023 3:22:00 PM,5/6/2023 3:22:00 PM,4,Y,Bicycle,Bicycle,Injury,Possible Injury,DAY,N,N,N,N,N,N,Y,N,N,1,1,1,0,0,0,0,0,0,0,0,1,1,0,1,1,0,0,0,0,0,0,0,0,0,N,0,0,Y,0,0,1,0,1,300,1,500,800,0,0,0,Preliminary,Editor Mapped,525203.1006,3131613.3102,28.310388706453,-80.7429292089909
89628150,2023,17-NOV-2023 08:00 AM,17-NOV-2023 08:44 AM,FHP23ON0604771,L,1,2,46,0,Jefferson,Unincorporated,Urban,11/17/2023 8:18:00 AM,11/17/2023 8:23:00 AM,11/17/2023 8:37:00 AM,11/17/2023 9:21:00 AM,Y,Law Enforcement,UNITED STATES HIGHWAY 19,,30.52407,-83.87289,525,North,COUNTY ROAD 259,,State,Paved,T-Intersection,N,Daylight,Cloudy,Dry,N,Other,Motor Vehicle in Transport,On Roadway,N,Intersection,None,,,None,,,N,,,,,TPR,Florida Highway Patrol,Florida Highway Patrol (FHP),12/5/2023 7:36:00 PM,12/5/2023 7:36:00 PM,18,N,Single Vehicle,Other,No Injury,No Injury,DAY,N,N,N,N,N,N,Y,N,N,2,0,0,0,0,0,0,0,0,0,0,1,1,0,1,0,0,0,0,0,0,0,0,0,0,N,0,0,Y,0,0,0,0,1,200,1,5000,5200,0,0,0,Preliminary,Editor Mapped,224309.5332,3380339.8032,30.5237849314368,-83.8730691798169
89628687,2023,10-JUL-2023 11:04 AM,10-JUL-2023 11:09 AM,FHP23ON0358867,S,1,2,3,50,Hillsborough,Tampa,Urban,7/10/2023 11:05:00 AM,7/10/2023 11:05:00 AM,7/10/2023 11:05:00 AM,7/10/2023 11:26:00 AM,Y,Law Enforcement,E FOWLER AVE WB,,28.0545066531051,-82.4017883341185,0,,N 50TH ST,,State,Paved,Four-Way Intersection,N,Daylight,Clear,Dry,N,Other,Pedestrian,On Roadway,Y,Intersection-Related,None,,,None,,,N,,,,,TPR,Florida Highway Patrol,Florida Highway Patrol (FHP),7/15/2023 2:48:00 PM,7/15/2023 2:48:00 PM,5,N,Pedestrian,Pedestrian,No Injury,No Injury,DAY,N,N,N,N,N,N,Y,N,N,2,0,0,0,0,0,0,0,0,0,0,1,1,0,1,0,0,0,0,0,0,0,0,0,0,N,0,0,Y,0,0,2,0,1,240,1,500,740,0,0,0,Preliminary,Computer mapped confident by address,362235.4789,3104032.8635,28.0545047992269,-82.4017766113869
89628812,2023,16-APR-2023 05:40 PM,16-APR-2023 09:05 PM,FHP23ON0199530,L,1,1,14,0,Marion,Unincorporated,Rural,4/16/2023 5:44:00 PM,4/16/2023 7:35:00 PM,4/16/2023 7:59:00 PM,4/16/2023 8:30:00 PM,Y,Law Enforcement,5182 E SILVER SPRINGS BLVD,,29.21253,-82.06277,,,STATE ROAD 40,,Parking Lot,Curb,Not at Intersection,N,Daylight,Clear,Dry,N,Other,Curb,In Parking Lane or Zone,N,Non-Junction,None,,,None,,,N,,,,,TPR,Florida Highway Patrol,Florida Highway Patrol (FHP),4/28/2023 2:50:00 PM,4/28/2023 2:50:00 PM,12,Y,Off Road,Off Road,Injury,Non-Incapacitating Injury,DAY,N,N,N,N,N,N,N,Y,N,0,1,0,1,0,0,0,0,0,0,0,1,1,0,0,0,0,0,0,0,0,0,0,0,0,N,0,0,Y,0,0,0,0,0,0,1,100,100,1,0,0,Preliminary,Editor Mapped,396729.783,3232006.4142,29.2125895771759,-82.062419027965
89632235,2023,30-APR-2023 09:00 PM,30-APR-2023 09:51 PM,FHP23ON0226450,L,1,2,7,0,Orange,Unincorporated,Rural,4/30/2023 9:08:00 PM,4/30/2023 9:14:00 PM,4/30/2023 9:18:00 PM,4/30/2023 9:53:00 PM,Y,Law Enforcement,SR 50 (E COLONIAL DR),,28.5681893586214,-81.2856217766387,162,East,SR 551 (GOLDENROD RD),,State,Curb,Not at Intersection,N,Dusk,Clear,Dry,N,Angle,Pedalcycle,On Roadway,N,Non-Junction,None,,,None,,,N,,,,,TPR,Florida Highway Patrol,Florida Highway Patrol (FHP),5/7/2023 3:16:00 PM,5/7/2023 3:16:00 PM,7,Y,Bicycle,Bicycle,Injury,Possible Injury,NIGHT,N,N,N,N,N,N,N,N,N,1,1,1,0,0,0,0,0,0,0,0,1,1,0,1,0,0,0,0,0,0,0,0,0,0,N,0,0,Y,0,0,1,0,1,500,1,300,800,1,0,0,Preliminary,Editor Mapped,472076.5877,3160170.2138,28.5681055351869,-81.2855088366169
89632939,2023,07-MAY-2023 10:10 AM,07-MAY-2023 10:40 AM,FHP23ON0238628,L,1,2,15,0,Manatee,Unincorporated,Rural,5/7/2023 10:15:00 AM,5/7/2023 10:17:00 AM,5/7/2023 10:23:00 AM,5/7/2023 11:56:00 AM,Y,Law Enforcement,48TH AVE DR W,,27.4560631448537,-82.5640581359429,287,West,1ST ST W,,Local,Unpaved,Not at Intersection,N,Daylight,Clear,Dry,N,Angle,Motor Vehicle in Transport,On Roadway,N,Driveway/Alley Access Related,None,,,None,,,N,,,,,TPR,Florida Highway Patrol,Florida Highway Patrol (FHP),5/13/2023 3:21:00 PM,5/13/2023 3:21:00 PM,6,Y,Single Vehicle,Other,Injury,Possible Injury,DAY,N,N,N,N,N,N,N,N,N,1,1,1,0,0,0,0,0,0,0,0,1,1,0,1,0,0,0,0,0,0,0,0,0,0,N,0,0,Y,0,0,1,0,0,0,1,500,500,0,0,0,Preliminary,Editor Mapped,345442.5378,3037922.2898,27.4560578985491,-82.5640473417309
89633968,2023,28-JUN-2023 04:30 PM,28-JUN-2023 06:46 PM,FHP23ON0337031,L,1,2,19,43,Brevard,West Melbourne,Urban,6/28/2023 4:34:00 PM,6/28/2023 5:56:00 PM,6/28/2023 6:16:00 PM,6/28/2023 7:21:00 PM,Y,Law Enforcement,COUNTY ROAD 509 (MINTON ROAD),,28.0364996615715,-80.6713788883148,389,North,COUNTY ROAD 516 (PALM BAY ROAD),,County,Curb,Not at Intersection,N,Daylight,Clear,Dry,N,Angle,Pedalcycle,On Roadway,N,Driveway/Alley Access Related,None,,,None,,,N,,,,,TPR,Florida Highway Patrol,Florida Highway Patrol (FHP),7/2/2023 3:25:00 PM,7/2/2023 3:25:00 PM,4,Y,Bicycle,Bicycle,Injury,Possible Injury,DAY,N,N,N,N,N,N,N,N,N,1,1,1,0,0,0,0,0,0,0,0,1,1,0,1,0,0,0,0,0,0,0,0,0,0,N,0,0,Y,0,0,0,0,0,0,1,1000,1000,0,0,0,Preliminary,Editor Mapped,532309.724,3101305.5234,28.0366470051359,-80.6712801477255
89635315,2023,14-SEP-2023 09:50 AM,14-SEP-2023 10:30 AM,FHP23ON0483419,L,1,1,19,45,Brevard,Merritt Island,Rural,9/14/2023 9:55:00 AM,9/14/2023 10:07:00 AM,9/14/2023 10:30:00 AM,9/14/2023 12:25:00 PM,Y,Law Enforcement,605 S COURTENAY PKWY 7/11 PK LOT,,28.34687,-80.69894,0,,CONE RD,,Parking Lot,Curb,Other,N,Daylight,Clear,Dry,N,Angle,Pedalcycle,On Roadway,Y,Driveway/Alley Access Related,None,,,None,,,N,,,,,TPR,Florida Highway Patrol,Florida Highway Patrol (FHP),9/21/2023 7:21:00 PM,9/21/2023 7:21:00 PM,7,Y,Bicycle,Bicycle,Injury,Non-Incapacitating Injury,DAY,N,N,N,N,N,Y,N,N,N,0,1,0,1,0,0,0,0,0,0,0,1,1,0,0,0,0,0,0,0,0,0,0,0,0,N,0,0,Y,0,0,0,0,1,50,0,0,50,1,0,0,Preliminary,Editor Mapped,529506.0422,3135664.2301,28.346865599973,-80.6989367810684
89635481,2023,27-APR-2023 04:33 PM,27-APR-2023 07:36 PM,FHP23ON0220229,L,1,2,7,0,Orange,Unincorporated,Rural,4/27/2023 4:38:00 PM,4/27/2023 7:22:00 PM,4/27/2023 7:28:00 PM,4/27/2023 9:30:00 PM,Y,Law Enforcement,HIAWASSEE RD S,,28.51203,-81.48616,0,,HUNTERDON WAY,,Local,Curb,Four-Way Intersection,N,Daylight,Cloudy,Dry,N,Angle,Motor Vehicle in Transport,On Roadway,N,Intersection,None,,,None,,,N,,,,,TPR,Florida Highway Patrol,Florida Highway Patrol (FHP),4/29/2023 2:50:00 PM,4/29/2023 2:50:00 PM,2,Y,Single Vehicle,Other,Injury,Non-Incapacitating Injury,DAY,N,N,N,N,N,N,Y,N,N,1,1,0,1,0,0,0,0,0,0,0,1,1,0,1,0,0,0,0,0,0,0,0,0,0,N,0,0,Y,0,0,0,0,1,1,0,0,1,1,0,0,Preliminary,Editor Mapped,452420.4946,3154016.3635,28.511987708148,-81.4862268865785
89638181,2023,15-JUN-2023 03:52 PM,15-JUN-2023 04:38 PM,FHP23ON0312165,L,1,3,28,0,Pasco,Unincorporated,Rural,6/15/2023 3:52:00 PM,6/15/2023 3:52:00 PM,6/15/2023 4:30:00 PM,6/15/2023 5:46:00 PM,Y,Law Enforcement,6829 STATE ROAD 54,,28.2171299372603,-82.701168204395,,,CRESTWOOD BLVD,,Local,Curb,Not at Intersection,N,Daylight,Clear,Dry,N,Other,Pedalcycle,In Parking Lane or Zone,N,Driveway/Alley Access Related,None,,,None,,,N,,,,,MTPR,Florida Highway Patrol,Florida Highway Patrol (FHP),7/23/2023 2:43:00 PM,7/23/2023 2:43:00 PM,38,Y,Bicycle,Bicycle,Injury,Non-Incapacitating Injury,DAY,N,N,N,N,N,N,N,N,N,2,1,0,1,0,0,0,0,0,0,0,1,1,0,1,0,0,1,0,0,0,0,0,0,0,N,0,0,Y,0,0,0,0,1,300,1,1500,1800,1,0,0,Preliminary,Editor Mapped,333068.4201,3122435.7834,28.2172071405456,-82.7010801768948
89643295,2023,31-MAY-2023 03:30 PM,31-MAY-2023 03:56 PM,FHP23ON0284635,L,1,2,43,46,Okaloosa,Shalimar,Rural,5/31/2023 3:34:00 PM,5/31/2023 3:38:00 PM,5/31/2023 3:54:00 PM,5/31/2023 5:21:00 PM,Y,Law Enforcement,GAP CREEK DR,,30.4276,-86.63962,14,West,STATE ROAD 393,,County,Paved,Not at Intersection,N,Daylight,Cloudy,Dry,N,Angle,Pedestrian,On Roadway,N,Non-Junction,None,,,None,,,N,,,,,TPR,Florida Highway Patrol,Florida Highway Patrol (FHP),6/3/2023 2:57:00 PM,6/3/2023 2:57:00 PM,3,Y,Pedestrian,Pedestrian,Injury,Non-Incapacitating Injury,DAY,N,N,N,N,N,N,N,N,N,1,1,0,1,0,0,0,0,0,0,0,1,1,0,1,0,0,0,0,0,0,0,0,0,0,N,0,0,Y,0,0,0,0,1,20,1,300,320,1,0,0,Preliminary,Editor Mapped,-42015.7115000002,3379704.7134,30.4275908141579,-86.639677068916
89645676,2023,16-MAY-2023 06:50 PM,16-MAY-2023 09:00 PM,FHP23ON0256514,L,1,2,7,0,Orange,Unincorporated,Rural,5/16/2023 6:52:00 PM,5/16/2023 7:54:00 PM,5/16/2023 8:59:00 PM,5/16/2023 9:33:00 PM,Y,Law Enforcement,DORRIS DRIVE,,28.56795,-81.29021,0,,STATE ROAD 50 (E. COLONIAL DRIVE),,Local,Unpaved,Not at Intersection,N,Daylight,Clear,Dry,N,Other,Pedalcycle,On Roadway,N,Intersection-Related,None,,,None,,,N,,,,,TPR,Florida Highway Patrol,Florida Highway Patrol (FHP),5/22/2023 2:44:00 PM,5/22/2023 2:44:00 PM,6,Y,Bicycle,Bicycle,Injury,Non-Incapacitating Injury,DAY,N,N,N,N,N,N,Y,N,N,1,1,0,1,0,0,0,0,0,0,0,1,1,0,1,0,0,0,0,0,0,0,0,0,0,N,0,0,Y,0,0,1,0,1,350,0,0,350,1,0,0,Preliminary,Editor Mapped,471619.1836,3160161.7396,28.5680191243281,-81.2901854028586
89647146,2023,28-MAY-2023 01:44 PM,28-MAY-2023 05:33 PM,FHP23ON0279056,L,1,2,7,0,Orange,Unincorporated,Rural,5/28/2023 1:49:00 PM,5/28/2023 4:25:00 PM,5/28/2023 5:10:00 PM,5/28/2023 7:11:00 PM,Y,Law Enforcement,CLARCONA OCOEE ROAD,,28.61266,-81.43439,63,South,LONG ROAD,,Local,Curb,Not at Intersection,N,Daylight,Clear,Dry,N,Other,Pedalcycle,On Roadway,N,Non-Junction,None,,,None,,,N,,,,,TPR,Florida Highway Patrol,Florida Highway Patrol (FHP),6/3/2023 2:57:00 PM,6/3/2023 2:57:00 PM,6,Y,Bicycle,Bicycle,Injury,Possible Injury,DAY,N,N,N,N,N,N,N,N,N,1,1,1,0,0,0,0,0,0,0,0,1,1,0,1,0,0,0,0,0,0,0,0,0,0,N,0,0,Y,0,0,0,0,1,500,1,500,1000,0,0,0,Preliminary,Editor Mapped,457516.154,3165136.9473,28.6125417096818,-81.4345664766335
89648156,2023,05-MAY-2023 03:00 PM,05-MAY-2023 04:24 PM,FHP23ON0235329,L,1,3,7,0,Orange,Unincorporated,Rural,5/5/2023 3:06:00 PM,5/5/2023 3:35:00 PM,5/5/2023 3:55:00 PM,5/5/2023 4:48:00 PM,Y,Law Enforcement,STATE ROAD 527 (ORANGE AVENUE),,28.458535143378,-81.3657080802456,107,North,PERKINS ROAD,,State,Unpaved,Not at Intersection,N,Daylight,Clear,Dry,N,Other,Motor Vehicle in Transport,On Roadway,N,Driveway/Alley Access Related,None,,,None,,,N,,,,,TPR,Florida Highway Patrol,Florida Highway Patrol (FHP),5/8/2023 3:20:00 PM,5/8/2023 3:20:00 PM,3,Y,Single Vehicle,Other,Injury,Possible Injury,DAY,N,N,N,N,N,N,N,N,N,2,1,1,0,0,0,0,0,0,0,0,1,1,0,1,0,0,1,0,0,0,0,0,0,0,N,0,0,Y,0,0,0,0,1,200,1,50,250,1,0,0,Preliminary,Editor Mapped,464205.8622,3148051.7089,28.4585254888783,-81.3656061045616
89652637,2023,31-JUL-2023 10:55 PM,01-AUG-2023 01:50 AM,FHP23ON0399833,L,1,2,3,0,Hillsborough,Unincorporated,Rural,7/31/2023 10:55:00 PM,8/1/2023 12:52:00 AM,8/1/2023 1:02:00 AM,8/1/2023 2:34:00 AM,Y,Law Enforcement,SR-678 (BEARSS AVE),,28.0878698329004,-82.4552312840204,0,,INTERSTATE 275 (SR-93) ENTRANCE RAMP,,State,Curb,Four-Way Intersection,N,Dark - Lighted,Clear,Dry,N,Other,Other Non-Fixed Object,On Roadway,Y,Entrance/Exit Ramp,None,,,None,,,N,,,,,TPR,Florida Highway Patrol,Florida Highway Patrol (FHP),8/12/2023 2:48:00 PM,8/12/2023 2:48:00 PM,12,Y,Single Vehicle,Other,Injury,Non-Incapacitating Injury,NIGHT,N,N,N,Y,N,Y,N,N,N,1,1,0,1,0,0,0,0,0,0,0,1,1,0,1,0,0,0,0,0,0,0,0,0,0,N,0,0,Y,0,0,0,0,0,0,0,0,0,0,0,1,Preliminary,Editor Mapped,357027.7035,3107788.1321,28.0878423028299,-82.4552095287348
89653457,2023,18-JUL-2023 07:50 AM,18-JUL-2023 10:18 AM,FHP23ON0373711,L,1,3,7,0,Orange,Unincorporated,Rural,7/18/2023 8:08:00 AM,7/18/2023 9:12:00 AM,7/18/2023 10:08:00 AM,7/18/2023 12:56:00 PM,Y,Law Enforcement,STATE ROAD 438 (SILVER STAR ROAD),,28.5776604000627,-81.4860677666107,0,,SILVER RIDEGE DRIVE,,State,Curb,Four-Way Intersection,N,Daylight,Clear,Dry,N,Angle,Motor Vehicle in Transport,On Roadway,N,Intersection,None,,,None,,,N,,,,,TPR,Florida Highway Patrol,Florida Highway Patrol (FHP),7/21/2023 2:50:00 PM,7/21/2023 2:50:00 PM,3,Y,Single Vehicle,Other,Injury,Possible Injury,DAY,N,N,N,N,N,N,Y,N,N,2,1,1,0,0,0,0,0,0,0,0,1,1,0,1,1,0,1,0,0,0,0,0,0,0,N,0,0,Y,0,0,1,0,1,500,1,100,600,1,0,0,Preliminary,Editor Mapped,452466.8042,3161292.742,28.5776678228224,-81.4860550787514
89653922,2023,25-MAY-2023 04:25 PM,25-MAY-2023 06:09 PM,FHP23ON0273516,L,1,2,7,46,Orange,Orlando,Rural,5/25/2023 4:30:00 PM,5/25/2023 5:35:00 PM,5/25/2023 6:00:00 PM,5/25/2023 8:04:00 PM,Y,Law Enforcement,4061 W OAK RIDGE ROAD,,28.47227,-81.42633,,,KINGSGATE DRIVE,,Parking Lot,Curb,Not at Intersection,N,Daylight,Cloudy,Dry,N,Other,Pedalcycle,In Parking Lane or Zone,N,Non-Junction,None,,,None,,,N,,,,,TPR,Florida Highway Patrol,Florida Highway Patrol (FHP),5/27/2023 2:49:00 PM,5/27/2023 2:49:00 PM,2,Y,Bicycle,Bicycle,Injury,Non-Incapacitating Injury,DAY,N,N,N,N,N,N,N,N,N,1,1,0,1,0,0,0,0,0,0,0,1,1,0,1,0,0,0,0,0,0,0,0,0,0,N,0,0,Y,0,0,1,0,1,100,1,300,400,1,0,0,Preliminary,Editor Mapped,458162.658,3149689.144,28.4731258120062,-81.4273903554567
89654479,2023,08-JUN-2023 01:37 PM,08-JUN-2023 03:23 PM,FHP23ON0298793,L,1,1,7,46,Orange,Orlando,Rural,6/8/2023 1:42:00 PM,6/8/2023 2:09:00 PM,6/8/2023 3:12:00 PM,6/8/2023 4:22:00 PM,Y,Law Enforcement,STATE ROAD 434 (N ALAFAYA TRAIL),,28.5882583967604,-81.2085637271861,0,,MACKAY BOULEVARD,,State,Curb,T-Intersection,N,Daylight,Clear,Dry,N,Other,Pedalcycle,On Roadway,N,Intersection,None,,,None,,,N,,,,,TPR,Florida Highway Patrol,Florida Highway Patrol (FHP),6/12/2023 2:58:00 PM,6/12/2023 2:58:00 PM,4,Y,Bicycle,Bicycle,Injury,Possible Injury,DAY,N,N,N,N,N,Y,Y,N,N,0,1,1,0,0,0,0,0,0,0,0,1,1,0,0,0,0,0,0,0,0,0,0,0,0,N,0,0,Y,0,0,0,0,1,100,0,0,100,0,0,0,Preliminary,Editor Mapped,479598.2165,3162387.1138,28.5882563195883,-81.2086423326563
89658277,2023,26-JUL-2023 09:29 AM,26-JUL-2023 12:43 PM,FHP23ON0388936,L,1,3,28,0,Pasco,Unincorporated,Rural,7/26/2023 9:44:00 AM,7/26/2023 11:43:00 AM,7/26/2023 12:16:00 PM,7/26/2023 1:44:00 PM,Y,Law Enforcement,COUNTY ROAD 577 (CURLEY ROAD),,28.2742262013684,-82.2809655532886,,,AVERY SCOPE VIEW,,County,Curb,T-Intersection,N,Daylight,Clear,Dry,N,Other,Pedalcycle,On Roadway,N,Intersection,None,,,None,,,N,,,,,MTPR,Florida Highway Patrol,Florida Highway Patrol (FHP),7/27/2023 9:22:00 PM,7/27/2023 9:22:00 PM,1,Y,Bicycle,Bicycle,Injury,Non-Incapacitating Injury,DAY,N,N,N,N,N,N,Y,N,N,1,2,1,1,0,0,0,0,0,0,0,2,2,0,1,0,0,0,0,0,0,0,0,0,0,N,0,0,Y,0,0,0,0,0,0,0,0,0,2,0,0,Preliminary,Editor Mapped,374351.8116,3128210.1347,28.2739034330102,-82.2811135343792
89659130,2023,11-AUG-2023 03:55 PM,11-AUG-2023 04:36 PM,FHP23ON0420120,L,1,2,4,0,Pinellas,Unincorporated,Rural,8/11/2023 3:57:00 PM,8/11/2023 4:10:00 PM,8/11/2023 4:23:00 PM,8/11/2023 5:15:00 PM,Y,Law Enforcement,STATE ROAD 688,,27.8938768515725,-82.7100335685717,40,South,56TH CT N,,State,Curb,Not at Intersection,N,Daylight,Clear,Dry,N,Angle,Pedestrian,On Roadway,N,Non-Junction,None,,,None,,,N,,,,,SGT,Florida Highway Patrol,Florida Highway Patrol (FHP),8/14/2023 2:47:00 PM,8/14/2023 2:47:00 PM,3,Y,Pedestrian,Pedestrian,Injury,Non-Incapacitating Injury,DAY,N,N,N,N,N,N,N,N,N,1,1,0,1,0,0,0,0,0,0,0,1,1,0,1,0,0,0,0,0,0,0,0,0,0,N,0,0,Y,0,0,1,0,1,2000,1,5000,7000,1,0,0,Preliminary,Editor Mapped,331683.0927,3086599.0184,27.8936694637793,-82.710065963071
89664394,2023,04-JUL-2023 09:56 PM,04-JUL-2023 10:36 PM,FHP23ON0348620,L,1,2,3,50,Hillsborough,Tampa,Rural,7/4/2023 9:56:00 PM,7/4/2023 10:01:00 PM,7/4/2023 10:27:00 PM,7/5/2023 12:01:00 AM,Y,Law Enforcement,STATE ROAD 574,,27.98136,-82.36022,0,,US HIGHWAY 301,,State,Paved,Four-Way Intersection,N,Dark - Lighted,Clear,Dry,N,Angle,Pedalcycle,On Roadway,N,Intersection,None,,,None,,,N,,,,,TPR,Florida Highway Patrol,Florida Highway Patrol (FHP),7/8/2023 2:50:00 PM,7/8/2023 2:50:00 PM,4,Y,Bicycle,Bicycle,Injury,Non-Incapacitating Injury,NIGHT,N,N,N,N,N,Y,Y,N,N,1,1,0,1,0,0,0,0,0,0,0,1,1,0,1,0,0,0,0,0,0,0,0,0,0,N,0,0,Y,0,0,0,0,1,1000,0,0,1000,0,0,0,Preliminary,Editor Mapped,366259.2027,3095870.1337,27.9812502672272,-82.3599181179942
89668229,2023,16-JUN-2023 07:56 PM,16-JUN-2023 08:48 PM,FHP23ON0314910,L,1,1,15,0,Manatee,Unincorporated,Rural,6/16/2023 8:01:00 PM,6/16/2023 8:29:00 PM,6/16/2023 8:39:00 PM,6/16/2023 10:07:00 PM,Y,Law Enforcement,SR-684 (CORTEZ ROAD WEST),,27.4622648307029,-82.574015498163,363,East,US-41 (14TH STREET WEST),,State,Curb,Not at Intersection,N,Daylight,Clear,Dry,N,Other,Pedestrian,On Roadway,N,Non-Junction,None,,,None,,,N,,,,,TPR,Florida Highway Patrol,Florida Highway Patrol (FHP),6/22/2023 3:25:00 PM,6/22/2023 3:25:00 PM,6,Y,Pedestrian,Pedestrian,Injury,Non-Incapacitating Injury,NIGHT,N,N,N,N,N,Y,N,N,N,0,1,0,1,0,0,0,0,0,0,0,1,1,0,0,0,0,0,0,0,0,0,0,0,0,N,0,0,Y,0,0,0,0,0,0,0,0,0,0,0,0,Preliminary,Editor Mapped,344444.3781,3038619.9881,27.4622405636256,-82.5742346023395
89669466,2023,19-JUL-2023 06:15 AM,19-JUL-2023 06:41 AM,FHP23ON0375408,L,1,2,7,0,Orange,Unincorporated,Rural,7/19/2023 6:22:00 AM,7/19/2023 6:24:00 AM,7/19/2023 6:27:00 AM,7/19/2023 6:42:00 AM,Y,Law Enforcement,U.S. 441 (ORANGE BLOSSOM TRAIL ),,28.3902853598487,-81.4044448916128,199,South,PEPPER MILL BOULEVARD,,U.S.,Curb,Not at Intersection,N,Dawn,Clear,Dry,N,Angle,Pedalcycle,On Roadway,N,Driveway/Alley Access Related,None,,,None,,,N,,,,,TPR,Florida Highway Patrol,Florida Highway Patrol (FHP),7/21/2023 2:50:00 PM,7/21/2023 2:50:00 PM,2,Y,Bicycle,Bicycle,Injury,Possible Injury,NIGHT,N,N,N,N,N,N,N,N,N,1,1,1,0,0,0,0,0,0,0,0,1,1,0,1,0,0,0,0,0,0,0,0,0,0,N,0,0,Y,0,0,1,0,1,300,1,100,400,0,0,0,Preliminary,Editor Mapped,460377.0125,3140481.6087,28.390083179621,-81.4044539177528
89669626,2023,13-NOV-2023 04:45 PM,13-NOV-2023 05:50 PM,FHP23ON0596831,L,1,2,11,34,Alachua,Gainesville,Rural,11/13/2023 5:03:00 PM,11/13/2023 5:10:00 PM,11/13/2023 5:40:00 PM,11/13/2023 7:09:00 PM,Y,Law Enforcement,SW 11TH ST,,29.64221,-82.40757,0,,SW 61ST ST,,Local,Curb,T-Intersection,N,Dusk,Clear,Dry,N,Other,Pedestrian,On Roadway,N,Intersection,None,,,None,,,N,,,,,TPR,Florida Highway Patrol,Florida Highway Patrol (FHP),11/20/2023 7:41:00 PM,11/20/2023 7:41:00 PM,7,Y,Pedestrian,Pedestrian,Injury,Non-Incapacitating Injury,DAY,N,N,N,N,N,N,Y,N,N,1,1,0,1,0,0,0,0,0,0,0,1,1,0,1,0,0,0,0,0,0,0,0,0,0,N,0,0,Y,0,0,1,0,0,0,1,100,100,0,0,0,Preliminary,Editor Mapped,363748.1045,3279967.3763,29.6422018997942,-82.4076074612575
89672489,2023,01-SEP-2023 06:30 AM,01-SEP-2023 08:57 AM,FHP23ON0459374,L,1,1,7,0,Orange,Unincorporated,Rural,9/1/2023 6:52:00 AM,9/1/2023 6:57:00 AM,9/1/2023 7:47:00 AM,9/1/2023 9:13:00 AM,Y,Law Enforcement,WINEGARD ROAD,,28.47285,-81.3687,16,East,BROADMOOR DR,,Local,Unpaved,Not at Intersection,N,Dark - Lighted,Clear,Dry,N,Other,Pedalcycle,On Roadway,N,Intersection-Related,None,,,None,,,N,,,,,TPR,Florida Highway Patrol,Florida Highway Patrol (FHP),9/22/2023 7:23:00 PM,9/22/2023 7:23:00 PM,21,Y,Bicycle,Bicycle,Serious Injury,Incapacitating Injury,NIGHT,N,N,N,N,N,Y,Y,N,N,0,1,0,0,1,0,0,0,0,0,0,1,1,0,0,0,0,0,0,0,0,0,0,0,0,N,0,0,Y,1,0,0,0,1,100,0,0,100,0,0,1,Verified,n/a,462387.7403,3148572.0005,28.4631707234851,-81.3841932921727
89674435,2023,17-AUG-2023 10:10 AM,17-AUG-2023 12:11 PM,FHP23ON0430996,S,1,2,7,46,Orange,Orlando,Rural,8/17/2023 10:18:00 AM,8/17/2023 11:55:00 AM,8/17/2023 12:08:00 PM,8/17/2023 12:29:00 PM,Y,Law Enforcement,VIA ALIZAR,,28.4906833981361,-81.4076213490904,0,,HONOUR ROAD,,County,Unpaved,Not at Intersection,N,Daylight,Clear,Dry,N,Other,Pedalcycle,On Roadway,N,Driveway/Alley Access Related,None,,,None,,,N,,,,,TPR,Florida Highway Patrol,Florida Highway Patrol (FHP),9/11/2023 5:16:00 PM,9/11/2023 5:16:00 PM,25,N,Bicycle,Bicycle,No Injury,No Injury,DAY,N,N,N,N,N,N,N,N,N,2,0,0,0,0,0,0,0,0,0,0,1,1,0,1,0,0,0,0,0,0,0,0,0,0,N,0,0,Y,0,0,1,0,1,120,1,100,220,0,0,0,Preliminary,Computer mapped confident by address,460104.8989,3151625.673,28.4906666587719,-81.4076168853266
89676924,2023,27-JUN-2023 06:22 PM,27-JUN-2023 08:40 PM,FHP23ON0335478,L,1,3,4,0,Pinellas,Unincorporated,Rural,6/27/2023 6:24:00 PM,6/27/2023 7:59:00 PM,6/27/2023 8:30:00 PM,6/27/2023 8:50:00 PM,Y,Law Enforcement,US 19,,28.0547592678291,-82.7386288798117,553,South,CR 95,,U.S.,Paved,Not at Intersection,N,Daylight,Clear,Dry,N,Other,Pedalcycle,On Roadway,N,Non-Junction,None,,,None,,,N,,,,,TPR,Florida Highway Patrol,Florida Highway Patrol (FHP),7/28/2023 2:48:00 PM,7/28/2023 2:48:00 PM,31,Y,Bicycle,Bicycle,Injury,Possible Injury,DAY,N,N,N,N,N,N,N,N,N,2,1,1,0,0,0,0,0,0,0,0,2,2,0,1,0,0,0,0,0,0,0,0,0,0,N,0,0,Y,0,0,1,0,1,50,1,500,550,1,0,0,Preliminary,Editor Mapped,329126.1746,3104487.3222,28.0547538816268,-82.7386207807195
89682089,2023,24-JUL-2023 06:12 PM,24-JUL-2023 06:43 PM,FHP23ON0386305,L,1,2,3,0,Hillsborough,Unincorporated,Rural,7/24/2023 6:12:00 PM,7/24/2023 6:14:00 PM,7/24/2023 6:33:00 PM,7/24/2023 7:15:00 PM,Y,Law Enforcement,SR-60 (BRANDON BLVD),,27.9376291007891,-82.2694138065985,0,,BEVERLY BLVD,,State,Curb,Not at Intersection,N,Daylight,Cloudy,Dry,N,Angle,Motor Vehicle in Transport,Roadside,N,Driveway/Alley Access Related,None,,,None,,,N,,,,,TPR,Florida Highway Patrol,Florida Highway Patrol (FHP),7/26/2023 2:53:00 PM,7/26/2023 2:53:00 PM,2,Y,Single Vehicle,Other,Injury,Non-Incapacitating Injury,DAY,N,N,N,N,N,Y,N,N,N,1,1,0,1,0,0,0,0,0,0,0,1,1,0,1,0,0,0,0,0,0,0,0,0,0,N,0,0,Y,0,0,0,0,0,0,0,0,0,0,0,0,Preliminary,Editor Mapped,375168.6802,3090932.5802,27.9375539906604,-82.2688212919189
89685169,2023,28-OCT-2023 01:50 PM,28-OCT-2023 02:29 PM,FHP23ON0566980,L,1,2,43,0,Okaloosa,Unincorporated,Rural,10/28/2023 1:55:00 PM,10/28/2023 1:56:00 PM,10/28/2023 2:12:00 PM,10/28/2023 2:45:00 PM,Y,Law Enforcement,BOB SIKES BOULEVARD,,30.4456143549173,-86.6266122749963,0,,NAVY STREET,,County,Paved,Not at Intersection,N,Daylight,Clear,Dry,N,Angle,Pedalcycle,On Roadway,N,Non-Junction,None,,,None,,,N,,,,,TPR,Florida Highway Patrol,Florida Highway Patrol (FHP),10/29/2023 7:11:00 PM,10/29/2023 7:11:00 PM,1,Y,Bicycle,Bicycle,Injury,Possible Injury,DAY,N,N,N,N,N,N,N,N,N,1,1,1,0,0,0,0,0,0,0,0,1,1,0,1,1,0,0,0,0,0,0,0,0,0,N,0,0,Y,0,0,0,0,1,200,1,1200,1400,0,0,0,Preliminary,Editor Mapped,-40657.7663000003,3381644.2284,30.4456175333087,-86.6266080974896
89689853,2023,02-AUG-2023 06:31 PM,02-AUG-2023 07:07 PM,FHP23ON0403275,L,1,4,33,0,Santa Rosa,Unincorporated,Rural,8/2/2023 6:31:00 PM,8/2/2023 6:34:00 PM,8/2/2023 6:45:00 PM,8/2/2023 7:30:00 PM,Y,Law Enforcement,BASS LANE,,30.68338,-87.05385,0,,STATE ROAD 87,,State,Curb,T-Intersection,N,Daylight,Clear,Dry,N,Angle,Pedalcycle,On Roadway,N,Intersection,None,,,None,,,N,,,,,TPR,Florida Highway Patrol,Florida Highway Patrol (FHP),8/5/2023 3:03:00 PM,8/5/2023 3:03:00 PM,3,Y,Bicycle,Bicycle,Injury,Non-Incapacitating Injury,DAY,N,N,N,N,N,N,Y,N,N,3,1,0,1,0,0,0,0,0,0,0,3,3,0,1,0,0,0,0,0,0,0,0,0,0,N,0,0,Y,0,0,1,0,0,0,0,0,0,1,0,0,Preliminary,Editor Mapped,-80351.4654000001,3410198.2738,30.6834071718926,-87.0537792140242
89694589,2023,17-AUG-2023 06:21 PM,17-AUG-2023 07:07 PM,FHP23ON0431987,L,1,3,19,45,Brevard,Merritt Island,Rural,8/17/2023 6:24:00 PM,8/17/2023 6:29:00 PM,8/17/2023 6:56:00 PM,8/17/2023 8:56:00 PM,Y,Law Enforcement,IMPERIAL STREET,,28.35701,-80.69538,0,,STATE ROAD 520 (MERRITT ISLAND CSWY),,County,Curb,T-Intersection,N,Daylight,Rain,Wet,N,Other,Pedalcycle,On Roadway,N,Intersection,None,,,None,,,N,,,,,TPR,Florida Highway Patrol,Florida Highway Patrol (FHP),8/29/2023 2:53:00 PM,8/29/2023 2:53:00 PM,12,Y,Bicycle,Bicycle,Injury,Possible Injury,DAY,N,N,N,N,N,N,Y,N,N,1,2,2,0,0,0,0,0,0,0,0,2,1,0,1,0,0,0,0,0,0,0,0,0,0,N,0,0,Y,0,0,1,0,1,300,1,1000,1300,1,0,0,Preliminary,Editor Mapped,529853.3113,3136778.5485,28.3569163569987,-80.6953647735186
89696524,2023,18-SEP-2023 06:30 PM,18-SEP-2023 07:33 PM,FHP23ON0492276,L,1,3,28,0,Pasco,Unincorporated,Rural,9/18/2023 7:01:00 PM,9/18/2023 7:02:00 PM,9/18/2023 7:22:00 PM,9/18/2023 7:58:00 PM,Y,Law Enforcement,TRINITY COTTAGE DR,,28.201047938289,-82.5155100476705,0,,HOLLAND HOUSE LP,,Local,Curb,T-Intersection,N,Daylight,Clear,Dry,N,Other,Pedalcycle,On Roadway,N,Intersection,None,,,None,,,N,,,,,TPR,Florida Highway Patrol,Florida Highway Patrol (FHP),9/20/2023 7:54:00 PM,9/20/2023 7:54:00 PM,2,Y,Bicycle,Bicycle,Injury,Non-Incapacitating Injury,DAY,N,N,N,N,N,N,Y,N,N,1,2,0,2,0,0,0,0,0,0,0,2,2,0,1,0,1,0,0,0,0,0,0,0,0,N,0,0,Y,0,0,0,0,0,0,1,2000,2000,0,0,1,Preliminary,Editor Mapped,351260.4272,3120411.5515,28.201120249794,-82.5154968902889
89696542,2023,06-OCT-2023 10:30 PM,06-OCT-2023 10:49 PM,FHP23ON0527299,L,1,5,28,0,Pasco,Unincorporated,Rural,10/6/2023 10:38:00 PM,10/6/2023 10:38:00 PM,10/6/2023 10:38:00 PM,10/6/2023 11:00:00 PM,Y,Law Enforcement,18327 TURNING LEAF CIR,,28.3130178275466,-82.5129199382697,,,TURNING LEAF CIR,,Local,Paved,T-Intersection,N,Dark - Lighted,Clear,Dry,N,Other,Pedalcycle,On Roadway,N,Intersection,None,,,None,,,N,,,,,TPR,Florida Highway Patrol,Florida Highway Patrol (FHP),10/9/2023 7:20:00 PM,10/9/2023 7:20:00 PM,3,Y,Bicycle,Bicycle,Injury,Non-Incapacitating Injury,NIGHT,N,N,N,N,N,N,Y,N,N,4,1,0,1,0,0,0,0,0,0,0,1,1,0,1,0,0,3,0,0,0,0,0,0,0,N,0,0,Y,0,0,0,0,0,0,1,1000,1000,1,0,0,Preliminary,Editor Mapped,351667.8319,3132811.54,28.3130611981555,-82.512926406073
89697731,2023,18-AUG-2023 11:07 PM,07-SEP-2023 04:02 AM,FHP23ON0434497,L,1,3,28,0,Pasco,Unincorporated,Rural,8/18/2023 11:10:00 PM,8/18/2023 11:31:00 PM,8/18/2023 11:50:00 PM,8/19/2023 12:13:00 AM,Y,Law Enforcement,US HIGHWAY 19 (STATE ROAD 55),,28.3313540850837,-82.699361113429,0,,STATE ROAD 52,,U.S.,Paved,Four-Way Intersection,N,Dark - Lighted,Clear,Dry,N,Other,Pedalcycle,On Roadway,N,Intersection,None,,,None,,,N,,,,,TPR,Florida Highway Patrol,Florida Highway Patrol (FHP),8/20/2023 2:39:00 PM,9/8/2023 5:28:00 PM,2,Y,Bicycle,Bicycle,Serious Injury,Incapacitating Injury,NIGHT,N,N,N,N,N,N,Y,N,N,2,1,0,0,1,0,0,0,0,0,0,1,1,0,1,0,0,1,0,0,0,0,0,0,0,N,0,0,Y,1,0,0,0,0,0,1,5000,5000,1,0,0,Verified,n/a,333416.7827,3135096.9275,28.3314921542265,-82.6993440848232
89698219,2023,27-DEC-2023 02:30 PM,27-DEC-2023 03:50 PM,FHP23ON0679266,L,1,2,7,0,Orange,Unincorporated,Urban,12/27/2023 2:35:00 PM,12/27/2023 3:11:00 PM,12/27/2023 3:48:00 PM,12/27/2023 5:46:00 PM,Y,Law Enforcement,COUNTY ROAD 15 (HOFFNER AVE),,28.4804818079004,-81.3289828653248,59,South,CONWAY ROAD,,County,Curb,Not at Intersection,N,Daylight,Clear,Dry,N,Other,Pedalcycle,On Roadway,N,Driveway/Alley Access Related,None,,,None,,,N,,,,,TPR,Florida Highway Patrol,Florida Highway Patrol (FHP),12/28/2023 7:19:00 PM,12/28/2023 7:19:00 PM,1,Y,Bicycle,Bicycle,Injury,Non-Incapacitating Injury,DAY,N,N,N,N,N,N,N,N,N,1,1,0,1,0,0,0,0,0,0,0,1,1,0,1,0,0,0,0,0,0,0,0,0,0,N,0,0,Y,0,0,0,0,0,0,1,1000,1000,1,0,0,Preliminary,Editor Mapped,467632.2743,3150456.0385,28.480317778829,-81.3306763406758
89698260,2023,28-SEP-2023 06:21 PM,28-SEP-2023 08:50 PM,FHP23ON0511424,L,1,2,7,0,Orange,Unincorporated,Rural,9/28/2023 6:23:00 PM,9/28/2023 8:37:00 PM,9/28/2023 8:38:00 PM,9/28/2023 9:20:00 PM,Y,Law Enforcement,US HIGHWAY 441 (S ORANGE BLOSSOM TRL),,28.42829,-81.40472,0,,CONSULATE DR,,U.S.,Curb,Not at Intersection,N,Daylight,Clear,Dry,N,Other,Pedalcycle,On Roadway,N,Driveway/Alley Access Related,None,,,None,,,N,,,,,TPR,Florida Highway Patrol,Florida Highway Patrol (FHP),10/21/2023 7:15:00 PM,10/21/2023 7:15:00 PM,23,N,Bicycle,Bicycle,No Injury,No Injury,DAY,N,N,N,N,N,N,N,N,N,2,0,0,0,0,0,0,0,0,0,0,1,1,0,1,0,0,0,0,0,0,0,0,0,0,N,0,0,Y,0,0,0,0,0,0,1,800,800,0,0,0,Preliminary,Editor Mapped,460384.5806,3144699.9677,28.4281605605947,-81.4045213028345
89701790,2023,26-SEP-2023 09:34 PM,26-SEP-2023 10:26 PM,FHP23ON0507790,L,1,2,28,0,Pasco,Unincorporated,Rural,9/26/2023 9:34:00 PM,9/26/2023 9:41:00 PM,9/26/2023 9:55:00 PM,9/26/2023 11:54:00 PM,Y,Law Enforcement,BLANTON ROAD,,28.3898978931776,-82.2204754790918,63,North,PLATH ROAD,,County,Unpaved,Not at Intersection,N,Dark - Not Lighted,Cloudy,Wet,N,Front to Rear,Pedalcycle,On Roadway,N,Non-Junction,Road Surface Condition,,,Weather Conditions,Other,,N,,,,,TPR,Florida Highway Patrol,Florida Highway Patrol (FHP),9/30/2023 7:19:00 PM,9/30/2023 7:19:00 PM,4,Y,Bicycle,Bicycle,Injury,Non-Incapacitating Injury,NIGHT,N,N,N,N,N,N,N,N,N,1,1,0,1,0,0,0,0,0,0,0,1,1,0,1,0,0,0,0,0,0,0,0,0,0,N,0,0,Y,0,0,1,0,1,500,1,500,1000,1,0,0,Preliminary,Editor Mapped,380432.1239,3141101.3659,28.3908115095271,-82.2204589561413
89702794,2023,01-OCT-2023 08:00 PM,01-OCT-2023 11:27 PM,FHP23ON0517350,L,1,2,26,40,Osceola,Kissimmee,Rural,10/1/2023 8:00:00 PM,10/1/2023 10:00:00 PM,10/1/2023 11:06:00 PM,10/1/2023 11:27:00 PM,Y,Law Enforcement,MARIGOLD AVE,,28.15734,-81.47082,267,North,KOA ST,,Local,Unpaved,Not at Intersection,N,Dark - Not Lighted,Clear,Dry,N,Other,Pedalcycle,On Roadway,N,Non-Junction,None,,,None,,,N,,,,,TPR,Florida Highway Patrol,Florida Highway Patrol (FHP),10/11/2023 7:49:00 PM,10/11/2023 7:49:00 PM,10,Y,Bicycle,Bicycle,Injury,Non-Incapacitating Injury,NIGHT,N,N,N,Y,N,N,N,N,N,1,1,0,1,0,0,0,0,0,0,0,1,1,0,1,0,0,0,0,0,0,0,0,0,0,N,0,0,Y,0,0,0,0,1,100,1,250,350,1,0,0,Preliminary,Editor Mapped,453775.7474,3114801.8374,28.1580647321665,-81.4708146678706
89708043,2023,18-SEP-2023 06:50 AM,18-SEP-2023 07:25 AM,FHP23ON0490981,L,1,2,23,50,Bay,Panama City,Rural,9/18/2023 7:01:00 AM,9/18/2023 7:04:00 AM,9/18/2023 7:16:00 AM,9/18/2023 7:47:00 AM,Y,Law Enforcement,SUNSET DR,,30.1580650501526,-85.7533124909236,158,West,THOMAS DR,,Local,Unpaved,Four-Way Intersection,N,Daylight,Clear,Dry,N,Angle,Pedalcycle,On Roadway,N,Non-Junction,None,,,Glare,,,N,,,,,TPR,Florida Highway Patrol,Florida Highway Patrol (FHP),9/21/2023 7:21:00 PM,9/21/2023 7:21:00 PM,3,Y,Bicycle,Bicycle,Injury,Possible Injury,NIGHT,N,N,N,N,N,N,N,N,N,1,1,1,0,0,0,0,0,0,0,0,1,1,0,1,0,0,0,0,0,0,0,0,0,0,N,0,0,Y,0,0,2,0,0,0,1,500,500,0,0,0,Preliminary,Editor Mapped,42020.6958999997,3345856.5564,30.1580500575676,-85.7533087156261
89709476,2023,20-SEP-2023 11:30 AM,20-SEP-2023 12:10 PM,FHP23ON0495177,L,1,2,19,0,Brevard,Unincorporated,Rural,9/20/2023 11:34:00 AM,9/20/2023 11:35:00 AM,9/20/2023 11:57:00 AM,9/20/2023 12:44:00 PM,Y,Law Enforcement,STATE ROAD 3 (N COURTENAY PKWY),,28.36116,-80.70031,0,,E MERRITT AVENUE,,State,Curb,Not at Intersection,N,Daylight,Clear,Dry,N,Angle,Pedestrian,Off Roadway,N,Non-Junction,None,,,None,,,N,,,,,TPR,Florida Highway Patrol,Florida Highway Patrol (FHP),9/23/2023 7:18:00 PM,9/23/2023 7:18:00 PM,3,Y,Pedestrian,Pedestrian,Injury,Possible Injury,DAY,N,N,N,N,N,N,N,N,N,1,1,1,0,0,0,0,0,0,0,0,1,1,0,1,0,0,0,0,0,0,0,0,0,0,N,0,0,Y,0,0,0,0,0,0,0,0,0,0,0,0,Preliminary,Editor Mapped,529361.8245,3137269.0707,28.3613552651947,-80.7003676125717
89710165,2023,03-OCT-2023 02:38 PM,03-OCT-2023 03:26 PM,FHP23ON0520555,L,1,2,26,0,Osceola,Unincorporated,Rural,10/3/2023 2:41:00 PM,10/3/2023 2:43:00 PM,10/3/2023 2:53:00 PM,10/3/2023 5:09:00 PM,Y,Law Enforcement,COUNTY ROAD 15 (NORTH NARCOOSSEE ROAD),,28.3251857857857,-81.2331887502425,129,South,JOHN DAVID ROAD,,County,Paved,Not at Intersection,N,Daylight,Clear,Dry,N,Angle,Pedestrian,Off Roadway,N,Driveway/Alley Access Related,None,,,None,,,N,,,,,TPR,Florida Highway Patrol,Florida Highway Patrol (FHP),10/20/2023 8:05:00 PM,10/20/2023 8:05:00 PM,17,Y,Pedestrian,Pedestrian,Serious Injury,Incapacitating Injury,DAY,N,N,N,Y,N,N,N,N,N,1,1,0,0,1,0,0,0,0,0,0,1,1,0,1,1,0,0,0,0,0,0,0,0,0,N,0,0,Y,1,0,1,0,1,1000,1,2000,3000,1,0,0,Verified,n/a,477139.1942,3133251.75,28.3252214797637,-81.2332118997043
89710177,2023,16-OCT-2023 03:48 PM,16-OCT-2023 08:31 PM,FHP23ON0544567,L,1,1,7,46,Orange,Orlando,Urban,10/16/2023 3:51:00 PM,10/16/2023 7:43:00 PM,10/16/2023 8:06:00 PM,10/16/2023 9:53:00 PM,Y,Law Enforcement,STATE ROAD 436 (SOUTH SEMORAN BOULEVARD),,28.4801356039848,-81.3103330233509,168,South,HOFFNER AVENUE,,State,Paved,Not at Intersection,N,Daylight,Clear,Dry,N,Angle,Pedestrian,On Roadway,N,Driveway/Alley Access Related,None,,,None,,,N,,,,,TPR,Florida Highway Patrol,Florida Highway Patrol (FHP),10/21/2023 7:15:00 PM,10/21/2023 7:15:00 PM,5,Y,Pedestrian,Pedestrian,Injury,Non-Incapacitating Injury,DAY,N,N,N,N,N,Y,N,N,N,0,1,0,1,0,0,0,0,0,0,0,1,1,0,0,0,0,0,0,0,0,0,0,0,0,N,0,0,Y,0,0,0,0,1,250,0,0,250,0,0,0,Preliminary,Editor Mapped,469623.6621,3150429.3824,28.4801251158193,-81.3103314016059
89710532,2023,09-SEP-2023 01:16 PM,09-SEP-2023 05:57 PM,FHP23ON0474739,L,1,2,7,46,Orange,Orlando,Rural,9/9/2023 1:16:00 PM,9/9/2023 5:07:00 PM,9/9/2023 5:40:00 PM,9/9/2023 7:49:00 PM,Y,Law Enforcement,UNIVERSITY BOULEVARD,,28.59765,-81.21007,0,,TURBINE DRIVE,,State,Curb,Four-Way Intersection,N,Dark - Lighted,Clear,Dry,N,Other,Pedestrian,On Roadway,N,Intersection,None,,,None,,,N,,,,,TPR,Florida Highway Patrol,Florida Highway Patrol (FHP),10/8/2023 7:11:00 PM,10/8/2023 7:11:00 PM,29,Y,Pedestrian,Pedestrian,Serious Injury,Incapacitating Injury,DAY,N,N,N,N,N,N,Y,N,N,1,1,0,0,1,0,0,0,0,0,0,1,1,0,1,0,0,0,0,0,0,0,0,0,0,N,0,0,Y,1,0,1,0,1,500,1,500,1000,0,0,1,Verified,n/a,479460.999,3163422.1669,28.5975970116924,-81.2100641762549
89712775,2023,02-OCT-2023 02:45 PM,02-OCT-2023 04:00 PM,FHP23ON0518700,L,1,2,7,0,Orange,Unincorporated,Rural,10/2/2023 2:50:00 PM,10/2/2023 3:18:00 PM,10/2/2023 3:50:00 PM,10/2/2023 4:11:00 PM,Y,Law Enforcement,STATE ROAD 50 (COLONIAL DRIVE),,28.5524188506285,-81.4586755830133,284,East,HASTINGS STREET,,State,Curb,Not at Intersection,N,Daylight,Clear,Dry,N,"Sideswipe, Opposite Direction",Pedalcycle,On Roadway,N,Non-Junction,None,,,None,,,N,,,,,TPR,Florida Highway Patrol,Florida Highway Patrol (FHP),10/5/2023 7:23:00 PM,10/5/2023 7:23:00 PM,3,Y,Bicycle,Bicycle,Injury,Non-Incapacitating Injury,DAY,N,N,N,N,N,N,N,Y,N,1,1,0,1,0,0,0,0,0,0,0,1,1,0,1,0,0,0,0,0,0,0,0,0,0,N,0,0,Y,0,0,0,0,1,400,1,3000,3400,1,0,0,Preliminary,Editor Mapped,455153.7466,3158490.0911,28.5524660049563,-81.45847059454
89718515,2023,27-OCT-2023 08:25 PM,27-OCT-2023 08:57 PM,FHP23ON0565695,L,1,2,28,0,Pasco,Unincorporated,Rural,10/27/2023 8:32:00 PM,10/27/2023 8:32:00 PM,10/27/2023 8:41:00 PM,10/27/2023 9:07:00 PM,Y,Law Enforcement,COLLIER PARKWAY,,28.18607,-82.43787,0,,STATE ROAD 54,,State,Curb,Four-Way Intersection,N,Dark - Not Lighted,Clear,Dry,N,Other,Pedalcycle,On Roadway,N,Intersection,None,,,None,,,N,,,,,TPR,Florida Highway Patrol,Florida Highway Patrol (FHP),10/29/2023 7:11:00 PM,10/29/2023 7:11:00 PM,2,Y,Bicycle,Bicycle,Injury,Non-Incapacitating Injury,NIGHT,N,N,N,N,N,N,Y,N,N,1,1,0,1,0,0,0,0,0,0,0,1,1,0,1,0,0,0,0,0,0,0,0,0,0,N,0,0,Y,0,0,0,0,1,500,1,150,650,1,0,0,Preliminary,Editor Mapped,358836.6182,3118660.5213,28.1861516361889,-82.4381124929269
89722583,2023,28-SEP-2023 12:00 PM,28-SEP-2023 01:23 PM,FHP23ON0510644,L,1,2,7,46,Orange,Orlando,Rural,9/28/2023 12:17:00 PM,9/28/2023 12:23:00 PM,9/28/2023 12:48:00 PM,9/28/2023 2:02:00 PM,Y,Law Enforcement,SR 50 E COLONIAL DR,,28.5684,-81.27151,199,East,SUE ANN ST,,State,Curb,Not at Intersection,N,Daylight,Clear,Dry,N,Other,Motor Vehicle in Transport,On Roadway,N,Driveway/Alley Access Related,None,,,None,,,N,,,,,TPR,Florida Highway Patrol,Florida Highway Patrol (FHP),9/30/2023 7:20:00 PM,9/30/2023 7:20:00 PM,2,Y,Single Vehicle,Other,Injury,Possible Injury,DAY,N,N,N,Y,N,N,N,Y,N,1,1,1,0,0,0,0,0,0,0,0,1,1,0,1,0,0,0,0,0,0,0,0,0,0,N,0,0,Y,0,0,1,0,1,2000,1,500,2500,1,0,0,Preliminary,Editor Mapped,473446.6743,3160198.515,28.5683897412373,-81.2715008846191
89723675,2023,19-OCT-2023 05:35 PM,19-OCT-2023 06:58 PM,FHP23ON0550367,L,2,3,7,0,Orange,Unincorporated,Rural,10/19/2023 5:40:00 PM,10/19/2023 6:29:00 PM,10/19/2023 6:29:00 PM,10/19/2023 7:33:00 PM,Y,Law Enforcement,STATE ROAD 434 (FOREST CITY ROAD),,28.61978,-81.41507,0,,KELVINGTON DRIVE,,State,Curb,T-Intersection,N,Daylight,Clear,Dry,N,Angle,Motor Vehicle in Transport,On Roadway,N,Intersection,None,,,None,,,N,,,,,TPR,Florida Highway Patrol,Florida Highway Patrol (FHP),11/6/2023 7:18:00 PM,11/6/2023 7:18:00 PM,18,Y,Left Entering,Left Turn,Injury,Non-Incapacitating Injury,DAY,N,N,N,Y,N,N,Y,N,N,2,1,0,1,0,0,0,0,0,0,0,1,1,0,2,0,0,0,0,0,0,0,0,0,0,N,0,0,Y,0,0,1,0,1,150,2,1500,1650,1,0,0,Preliminary,Editor Mapped,459420.8135,3165924.7987,28.6197140942111,-81.4151121439749
89729622,2023,31-OCT-2023 08:19 AM,31-OCT-2023 10:07 AM,FHP23ON0571714,L,1,5,7,46,Orange,Orlando,Rural,10/31/2023 8:24:00 AM,10/31/2023 8:46:00 AM,10/31/2023 9:06:00 AM,10/31/2023 11:17:00 AM,Y,Law Enforcement,737 W LANCASTER RD,,28.46536,-81.38709,0,,VOLTAIRE DR,,Parking Lot,Curb,Not at Intersection,N,Daylight,Clear,Dry,N,Angle,Pedalcycle,In Parking Lane or Zone,N,Non-Junction,None,,,None,,,N,,,,,TPR,Florida Highway Patrol,Florida Highway Patrol (FHP),11/21/2023 8:23:00 PM,11/21/2023 8:23:00 PM,21,Y,Bicycle,Bicycle,Injury,Non-Incapacitating Injury,DAY,N,N,N,N,N,N,N,N,N,4,1,0,1,0,0,0,0,0,0,0,1,1,0,1,0,0,3,0,0,0,0,0,0,0,N,0,0,Y,0,0,0,0,1,100,1,100,200,1,0,0,Preliminary,Editor Mapped,462105.1355,3148814.9577,28.4653555882911,-81.3870879175285
89729996,2023,27-NOV-2023 03:40 PM,27-NOV-2023 05:45 PM,FHP23ON0623837,L,1,3,16,0,Sarasota,Unincorporated,Rural,11/27/2023 3:45:00 PM,11/27/2023 4:14:00 PM,11/27/2023 5:00:00 PM,11/27/2023 7:28:00 PM,Y,Law Enforcement,MIDNIGHT PASS RD,,27.2209224165282,-82.5163265933723,92,West,HORIZON VIEW DR,,Local,Unpaved,Not at Intersection,Y,Daylight,Clear,Dry,N,Other,Pedalcycle,On Roadway,N,Non-Junction,None,,,None,,,N,,,,,TPR,Florida Highway Patrol,Florida Highway Patrol (FHP),12/4/2023 7:39:00 PM,12/4/2023 7:39:00 PM,7,Y,Bicycle,Bicycle,Serious Injury,Incapacitating Injury,DAY,N,N,N,Y,N,Y,N,N,N,2,1,0,0,1,0,0,0,0,0,0,1,1,0,1,0,0,1,0,0,0,0,0,0,0,N,0,0,Y,1,0,2,0,1,50,1,250,300,0,0,1,Verified,n/a,349846.2266,3011812.3676,27.2209096233914,-82.5162859065505
89732944,2023,17-NOV-2023 11:45 PM,17-NOV-2023 11:51 PM,FHP23ON0606807,L,1,2,7,46,Orange,Orlando,Rural,11/17/2023 11:53:00 PM,11/17/2023 11:59:00 PM,11/18/2023 12:05:00 AM,11/18/2023 12:49:00 AM,Y,Law Enforcement,STATE ROAD 482,,28.45007,-81.47646,1249,South,INTERSTATE 4 (STATE ROAD 400),,Interstate,Paved,Other,N,Dark - Not Lighted,Rain,Wet,N,Other,Pedalcycle,On Roadway,Y,Intersection,None,,,None,,,N,,,,,TPR,Florida Highway Patrol,Florida Highway Patrol (FHP),11/20/2023 7:41:00 PM,11/20/2023 7:41:00 PM,3,Y,Bicycle,Bicycle,Serious Injury,Incapacitating Injury,NIGHT,N,N,N,N,N,N,Y,N,N,1,1,0,0,1,0,0,0,0,0,0,1,1,0,1,0,0,0,0,0,0,0,0,0,0,N,0,0,Y,1,0,0,0,1,2000,1,1000,3000,1,0,0,Verified,n/a,453627.6748,3147164.9453,28.4501879747188,-81.473614766898
89738612,2023,05-NOV-2023 07:54 PM,05-NOV-2023 08:11 PM,FHP23ON0582203,L,1,1,28,0,Pasco,Unincorporated,Rural,11/5/2023 7:54:00 PM,11/5/2023 7:55:00 PM,11/5/2023 7:59:00 PM,11/5/2023 8:56:00 PM,Y,Law Enforcement,HOLIDAY LAKES DR,,28.17669,-82.75546,265,East,MERRILON DR,,County,Paved,Not at Intersection,N,Dark - Not Lighted,Clear,Dry,N,Other,Parked Motor Vehicle,On Roadway,N,Non-Junction,None,,,None,,,N,,,,,TPR,Florida Highway Patrol,Florida Highway Patrol (FHP),11/14/2023 7:54:00 PM,11/14/2023 7:54:00 PM,9,Y,Single Vehicle,Other,Serious Injury,Incapacitating Injury,NIGHT,N,N,N,N,N,N,N,N,N,0,1,0,0,1,0,0,0,1,0,0,1,1,0,0,0,0,0,0,0,0,0,0,0,0,N,0,0,Y,1,0,0,0,1,500,1,100,600,1,0,0,Verified,n/a,327663.0987,3118022.47,28.1766908466857,-82.7554900751668
89744523,2023,24-NOV-2023 08:45 AM,24-NOV-2023 11:31 AM,FHP23ON0618110,L,1,1,7,0,Orange,Unincorporated,Rural,11/24/2023 10:26:00 AM,11/24/2023 10:28:00 AM,11/24/2023 10:58:00 AM,11/24/2023 2:00:00 PM,Y,Law Enforcement,COUNTY ROAD 424 (APOPKA BLVD),,28.64015,-81.46079,6,East,GOLDEN EAGLES BLVD,,County,Curb,Not at Intersection,N,Daylight,Clear,Dry,N,Other,Pedestrian,On Roadway,N,Non-Junction,None,,,None,,,N,,,,,TPR,Florida Highway Patrol,Florida Highway Patrol (FHP),12/14/2023 7:24:00 PM,12/14/2023 7:24:00 PM,20,Y,Pedestrian,Pedestrian,Injury,Possible Injury,DAY,N,N,N,N,N,N,N,N,N,0,1,1,0,0,0,0,0,0,0,0,1,1,0,0,0,0,0,0,0,0,0,0,0,0,N,0,0,Y,0,0,0,0,1,200,1,300,500,1,0,0,Preliminary,Editor Mapped,454966.3728,3168203.1689,28.6401318617522,-81.4607683090787
89746758,2023,28-NOV-2023 05:50 PM,28-NOV-2023 06:26 PM,FHP23ON0625905,L,1,2,7,0,Orange,Unincorporated,Rural,11/28/2023 5:53:00 PM,11/28/2023 5:55:00 PM,11/28/2023 6:15:00 PM,11/28/2023 6:43:00 PM,Y,Law Enforcement,REENE AVENUE,,28.56822,-81.27085,32,South,STATE ROAD 50(E COLONIAL DRIVE),,Local,Unpaved,T-Intersection,N,Dark - Not Lighted,Clear,Dry,N,Other,Pedestrian,On Roadway,N,Intersection-Related,None,,,None,,,N,,,,,TPR,Florida Highway Patrol,Florida Highway Patrol (FHP),11/30/2023 7:19:00 PM,11/30/2023 7:19:00 PM,2,Y,Pedestrian,Pedestrian,Injury,Possible Injury,DAY,N,N,N,N,N,N,Y,N,N,1,1,1,0,0,0,0,0,0,0,0,1,1,0,1,0,0,0,0,0,0,0,0,0,0,N,0,0,Y,0,0,0,0,1,1,1,500,501,1,0,0,Preliminary,Editor Mapped,473514.3498,3160168.683,28.5681218468225,-81.2708082370766
89752054,2023,12-DEC-2023 04:32 PM,12-DEC-2023 06:51 PM,FHP23ON0651772,L,1,2,7,30,Orange,Apopka,Urban,12/12/2023 4:35:00 PM,12/12/2023 6:07:00 PM,12/12/2023 6:21:00 PM,12/12/2023 7:09:00 PM,Y,Law Enforcement,PIEDMONT WEKIWA ROAD,,28.6727885672608,-81.4682508818995,0,,SR-436 (SEMORAN BOULEVARD),,Local,Curb,Four-Way Intersection,N,Daylight,Clear,Dry,N,Angle,Pedalcycle,On Roadway,N,Intersection-Related,None,,,None,,,N,,,,,TPR,Florida Highway Patrol,Florida Highway Patrol (FHP),12/19/2023 8:29:00 PM,12/19/2023 8:29:00 PM,7,Y,Bicycle,Bicycle,Injury,Non-Incapacitating Injury,DAY,N,N,N,N,N,N,Y,N,N,1,1,0,1,0,0,0,0,0,0,0,1,1,0,1,0,0,0,0,0,0,0,0,0,0,N,0,0,Y,0,0,1,0,0,0,1,500,500,1,0,0,Preliminary,Editor Mapped,454256.3335,3171815.2911,28.672710434246,-81.4681778064171
89752395,2023,04-DEC-2023 04:45 PM,04-DEC-2023 08:25 PM,FHP23ON0636974,L,1,2,7,0,Orange,Unincorporated,Rural,12/4/2023 4:52:00 PM,12/4/2023 7:23:00 PM,12/4/2023 8:17:00 PM,12/4/2023 10:14:00 PM,Y,Law Enforcement,STATE ROAD 551 (SOUTH GOLDENROD ROAD,,28.4922805413727,-81.2853379078878,0,,SUN VISTA WAY,,Local,Curb,Not at Intersection,N,Daylight,Clear,Dry,N,Angle,Other Non-Fixed Object,Off Roadway,N,Driveway/Alley Access Related,None,,,None,,,N,,,,,TPR,Florida Highway Patrol,Florida Highway Patrol (FHP),12/7/2023 7:23:00 PM,12/7/2023 7:23:00 PM,3,Y,Single Vehicle,Other,Injury,Non-Incapacitating Injury,DAY,N,N,N,Y,N,N,N,N,N,1,1,0,1,0,0,0,0,0,0,0,1,1,0,1,0,0,0,0,0,0,0,0,0,0,N,0,0,Y,0,0,0,0,1,500,1,800,1300,1,0,0,Preliminary,Editor Mapped,472081.2384,3151783.1744,28.4924001552439,-81.2852573658252
