REPORT_NUMBER,CRASH_YEAR,PERSON_NUMBER,LOCATION_AT_TIME_OF_CRASH_CODE,ACTION_PRIOR_TO_CRASH_CODE,NON_MOTORIST_DESCRIPTION_CODE,CITY,STATE,ZIP_CODE,SEX,SUSPECTED_ALCOHOL_USE_CODE,ALCOHOL_TESTED_CODE,ALCOHOL_TEST_TYPE_CODE,ALCOHOL_TEST_RESULT,BLOOD_ALCOHOL_CONTENT,SUSPECTED_DRUG_USE_CODE,DRUG_TESTED_CODE,DRUG_TEST_TYPE_CODE,DRUG_TEST_RESULT,INJURY_SEVERITY,EMS_TRANSPORT_TYPE,NON_MOTORIST_ACTIONS_CIRCUMSTANCES_1,NON_MOTORIST_ACTIONS_CIRCUMSTANCES_2,SAFETY_EQUIPMENT_CODE_1,SAFETY_EQUIPMENT_CODE_2,S4_AGE_AT_TIME_OF_CRASH,S4_IS_ALCOHOL_RELATED,S4_IS_DRUG_RELATED,S4_IS_AGING,S4_IS_TEENAGER
26162044,2023,2,Travel Lane - Other Location,In Roadway - Other,Other Cyclist,,,,Male,N,,,,,N,,,,Possible,Not Transported,No Improper Action,,None,,34,N,N,N,N
26172253,2023,1,Bicycle Lane,Walking/Cycling Along Roadway Against Traffic,Other Cyclist,,,33613,Male,N,Test Not Given,,,,N,Test Not Given,,,Non-Incapacitating,Not Transported,Wrong-Way Riding or Walking,,None,,29,N,N,N,N
26184909,2023,3,Travel Lane - Other Location,Walking/Cycling Along Roadway With Traffic,Other Cyclist,,,33917,Female,N,,,,,N,,,,Non-Incapacitating,Not Transported,Not Visible,,None,,23,N,N,N,N
26184925,2023,2,Intersection - Unmarked Crosswalk,Crossing Roadway,Other Cyclist,,,34135,Female,N,,,,,N,,,,None,Not Transported,No Improper Action,,None,,18,N,N,N,Y
87512658,2023,1,Intersection - Marked Crosswalk,Crossing Roadway,Other Cyclist,,,34715,Male,N,,,,,N,,,,Possible,Not Transported,No Improper Action,,None,,16,N,N,N,Y
89609865,2023,2,Intersection - Marked Crosswalk,Crossing Roadway,Other Cyclist,,,34746,Male,N,Test Not Given,,,,N,Test Not Given,,,Non-Incapacitating,EMS,Failure to Yield Right-of-Way,,None,,30,N,N,N,N
89689853,2023,2,Intersection - Marked Crosswalk,Walking/Cycling on Sidewalk,Bicyclist,,,32570,Female,N,Test Not Given,,,,N,Test Not Given,,,None,Not Transported,No Improper Action,,None,,38,N,N,N,N
89689853,2023,3,Intersection - Marked Crosswalk,Walking/Cycling on Sidewalk,Other Cyclist,,,32570,Female,N,Test Not Given,,,,N,Test Not Given,,,None,Not Transported,No Improper Action,,None,,2,N,N,N,N
89752395,2023,2,Bicycle Lane,None,Other Cyclist,,,32822,Male,N,Test Not Given,,,,N,Test Not Given,,,Non-Incapacitating,EMS,No Improper Action,,None,,53,N,N,N,N
26187346,2023,2,Shoulder/Roadside,Other,Other Cyclist,,,32905,Male,Y,Test Not Given,,Unknown,,N,,,,Possible,EMS,Wrong-Way Riding or Walking,,None,,32,Y,N,N,N
26187511,2023,2,Driveway Access,Walking/Cycling Along Roadway Against Traffic,Other Cyclist,,,32909,Male,N,,,,,N,,,,None,Not Transported,Failure to Yield Right-of-Way,,None,,48,N,N,N,N
26192009,2023,2,Driveway Access,Walking/Cycling Along Roadway Against Traffic,Other Cyclist,,,33435,Male,N,,,,,N,,,,Non-Incapacitating,EMS,Failure to Yield Right-of-Way,,Helmet,Helmet,14,N,N,N,N
26218710,2023,2,Intersection - Marked Crosswalk,Crossing Roadway,Other Cyclist,,,32771,Male,N,,,,,N,,,,None,Not Transported,No Improper Action,,None,,22,N,N,N,N
26218721,2023,2,Shoulder/Roadside,Walking/Cycling Along Roadway Against Traffic,Other Cyclist,,,32771,Male,N,,,,,N,,,,Possible,Not Transported,Wrong-Way Riding or Walking,Failure to Yield Right-of-Way,None,,40,N,N,N,N
26230096,2023,2,Intersection - Marked Crosswalk,Crossing Roadway,Other Cyclist,,,33477,Male,N,,,,,N,,,,Incapacitating,EMS,Failure to Yield Right-of-Way,,Helmet,,24,N,N,N,N
26230276,2023,5,Bicycle Lane,Walking/Cycling Along Roadway With Traffic,Other Cyclist,,,33418,Male,N,,,,,N,,,,Non-Incapacitating,EMS,No Improper Action,,Helmet,None,36,N,N,N,N
26254599,2023,2,Intersection - Other,Other,Other Cyclist,,,33142,Male,N,,,,,N,,,,Possible,Not Transported,No Improper Action,,None,,41,N,N,N,N
26255173,2023,2,Intersection - Marked Crosswalk,Crossing Roadway,Other Cyclist,,,,,N,,,,,N,,,,None,EMS,No Improper Action,,None,,,N,N,N,N
26255456,2023,2,Intersection - Other,Other,Other Cyclist,,,33137,Male,N,,,,,N,,,,Possible,EMS,Other,,None,,22,N,N,N,N
26255751,2023,3,Driveway Access,Other,Other Cyclist,,,33133,Male,N,,,,,N,,,,Non-Incapacitating,EMS,Failure to Yield Right-of-Way,,None,,23,N,N,N,N
26285992,2023,1,Intersection - Marked Crosswalk,Crossing Roadway,Other Cyclist,,,32505,Female,N,Test Not Given,,,,N,Test Not Given,,,Incapacitating,EMS,Dart/Dash,,None,,19,N,N,N,Y
26286637,2023,3,Travel Lane - Other Location,Crossing Roadway,Other Cyclist,,,32828,Male,N,Test Not Given,,,,N,Test Not Given,,,Non-Incapacitating,Other,Failure to Yield Right-of-Way,,None,,14,N,N,N,N
83057971,2023,1,Other,Other,Other Cyclist,,,32208,Male,N,Test Not Given,,,,N,Test Not Given,,,None,Not Transported,Failure to Yield Right-of-Way,,None,,12,N,N,N,N
85698375,2023,2,Driveway Access,Walking/Cycling on Sidewalk,Other Cyclist,,,32435,Male,N,,,,,N,,,,Possible,Not Transported,Other,,None,,42,N,N,N,N
87605063,2023,2,Intersection - Unmarked Crosswalk,Crossing Roadway,Bicyclist,,,32254,Male,N,Test Not Given,,,,N,Test Not Given,,,Non-Incapacitating,Not Transported,No Improper Action,,None,,37,N,N,N,N
87605063,2023,3,Intersection - Unmarked Crosswalk,Crossing Roadway,Other Cyclist,,,32254,Male,N,Test Not Given,,,,N,Test Not Given,,,Non-Incapacitating,Not Transported,No Improper Action,,None,,6,N,N,N,N
88460949,2023,3,Intersection - Marked Crosswalk,Crossing Roadway,Other Cyclist,,,30040,Male,N,Test Not Given,,,,N,Test Not Given,,,Possible,Not Transported,No Improper Action,,None,,51,N,N,N,N
88841680,2023,1,Intersection - Marked Crosswalk,Crossing Roadway,Other Cyclist,,,33781,Male,N,,,,,N,,,,Non-Incapacitating,Not Transported,Failure to Yield Right-of-Way,,None,,17,N,N,N,Y
89129517,2023,1,Bicycle Lane,Walking/Cycling Along Roadway Against Traffic,Other Cyclist,,,33615,Male,N,Test Not Given,,,,N,Test Not Given,,,Non-Incapacitating,Not Transported,In Roadway Improperly,,None,None,23,N,N,N,N
89287983,2023,2,Sidewalk,Walking/Cycling Along Roadway Against Traffic,Other Cyclist,,,32259,Male,N,Test Not Given,,,,N,Test Not Given,,,Non-Incapacitating,EMS,Wrong-Way Riding or Walking,,None,,33,N,N,N,N
89349828,2023,2,Intersection - Other,Crossing Roadway,Other Cyclist,,,33154,Male,N,,,,,N,,,,Incapacitating,EMS,"Failure to Obey Traffic Signs, Signals, or Officer",Improper Passing,Not Applicable,None,72,N,N,Y,N
89349828,2023,3,Intersection - Other,Crossing Roadway,Other Cyclist,,,33154,Male,N,,,,,N,,,,None,Not Transported,"Failure to Obey Traffic Signs, Signals, or Officer",Improper Passing,None,,10,N,N,N,N
89363538,2023,2,Intersection - Marked Crosswalk,Walking/Cycling on Sidewalk,Other Cyclist,,,33770,Male,N,,,,,N,,,,Possible,Other,Failure to Yield Right-of-Way,,None,,25,N,N,N,N
89364165,2023,3,Intersection - Unmarked Crosswalk,Walking/Cycling on Sidewalk,Other Cyclist,,,34698,Male,N,,,,,N,,,,Possible,Not Transported,No Improper Action,,None,,63,N,N,N,N
89376153,2023,2,Sidewalk,Walking/Cycling on Sidewalk,Other Cyclist,,,25702,Male,N,,,,,N,,,,Possible,Other,No Improper Action,,Unknown,None,16,N,N,N,Y
89401144,2023,2,Intersection - Marked Crosswalk,Crossing Roadway,Other Cyclist,,,32129,Male,N,,,,,N,,,,Incapacitating,EMS,No Improper Action,,None,,48,N,N,N,N
89426515,2023,2,Intersection - Unmarked Crosswalk,Walking/Cycling on Sidewalk,Other Cyclist,,,33647,Female,N,Test Not Given,,,,N,Test Not Given,,,Non-Incapacitating,EMS,No Improper Action,,None,,39,N,N,N,N
89444426,2023,2,Bicycle Lane,None,Other Cyclist,,,33613,Male,N,Test Not Given,,,,N,Test Not Given,,,Non-Incapacitating,Not Transported,No Improper Action,,None,,17,N,N,N,Y
89610560,2023,2,Sidewalk,None,Other Cyclist,,,08533,Male,N,Test Not Given,,,,N,Test Not Given,,,None,Not Transported,No Improper Action,,None,,68,N,N,Y,N
89610598,2023,1,Intersection - Marked Crosswalk,Walking/Cycling Along Roadway Against Traffic,Other Cyclist,,,32808,Male,N,Test Not Given,,,,N,Test Not Given,,,Possible,EMS,No Improper Action,,None,,33,N,N,N,N
89612097,2023,2,Intersection - Marked Crosswalk,Walking/Cycling on Sidewalk,Other Cyclist,,,34744,Male,N,Test Not Given,,,,N,Test Not Given,,,None,Not Transported,No Improper Action,,None,,16,N,N,N,Y
89612129,2023,2,Intersection - Unmarked Crosswalk,Walking/Cycling on Sidewalk,Other Cyclist,,,33542,Male,N,Test Not Given,,,,N,Test Not Given,,,Possible,Not Transported,Unknown,,None,,14,N,N,N,N
89612311,2023,2,Intersection - Unmarked Crosswalk,Walking/Cycling on Sidewalk,Other Cyclist,,,33711,Male,N,Test Not Given,,,,N,Test Not Given,,,Non-Incapacitating,Not Transported,No Improper Action,,None,,19,N,N,N,Y
89613798,2023,1,Intersection - Marked Crosswalk,Crossing Roadway,Other Cyclist,,,33569,Male,N,Test Not Given,,,,N,Test Not Given,,,Non-Incapacitating,EMS,"Failure to Obey Traffic Signs, Signals, or Officer",,None,,50,N,N,N,N
89614471,2023,2,Driveway Access,Walking/Cycling on Sidewalk,Other Cyclist,,,32792,Female,N,Test Not Given,,,,N,Test Not Given,,,Possible,Not Transported,Failure to Yield Right-of-Way,,Helmet,,26,N,N,N,N
89619181,2023,2,Intersection - Other,Walking/Cycling Along Roadway Against Traffic,Other Cyclist,,,34683,Male,,Test Given,Blood,Completed,0.12,,Test Given,Blood,Positive,Fatal (within 30 days),EMS,"Failure to Obey Traffic Signs, Signals, or Officer",,None,,55,Y,Y,N,N
89622307,2023,2,Sidewalk,Walking/Cycling on Sidewalk,Other Cyclist,,,34744,Male,N,Test Not Given,,,,N,Test Not Given,,,Possible,Not Transported,No Improper Action,,None,,10,N,N,N,N
89622307,2023,3,Sidewalk,Walking/Cycling on Sidewalk,Other Cyclist,,,34773,Male,N,Test Not Given,,,,N,Test Not Given,,,Non-Incapacitating,EMS,No Improper Action,,None,,13,N,N,N,N
89622522,2023,3,Intersection - Other,Walking/Cycling on Sidewalk,Other Cyclist,,,33917,Female,N,Test Not Given,,,,N,Test Not Given,,,Possible,Not Transported,No Improper Action,,None,,54,N,N,N,N
89625713,2023,2,Intersection - Marked Crosswalk,Crossing Roadway,Other Cyclist,,,32826,Male,N,Test Not Given,,,,N,Test Not Given,,,Non-Incapacitating,EMS,No Improper Action,,None,,22,N,N,N,N
89627589,2023,1,Shoulder/Roadside,Adjacent to Roadway,Other Cyclist,,,33540,Male,N,Test Not Given,,,,N,Test Not Given,,,Incapacitating,EMS,Dart/Dash,,None,,13,N,N,N,N
89627723,2023,2,Bicycle Lane,Walking/Cycling Along Roadway With Traffic,Other Cyclist,,,32922,Male,N,Test Not Given,,,,N,Test Not Given,,,Possible,Not Transported,No Improper Action,,None,,61,N,N,N,N
89628150,2023,2,Intersection - Unmarked Crosswalk,Crossing Roadway,Other Cyclist,,,32336,Male,N,Test Not Given,,,,N,Test Not Given,,,None,Not Transported,Other,,None,,36,N,N,N,N
89628687,2023,2,Intersection - Marked Crosswalk,Crossing Roadway,Other Cyclist,,,33610,Male,N,Test Not Given,,,,N,Test Not Given,,,None,Not Transported,No Improper Action,,None,,21,N,N,N,N
89628812,2023,1,Sidewalk,Walking/Cycling on Sidewalk,Other Cyclist,,,34420,Female,N,Test Not Given,,,,N,Test Not Given,,,Non-Incapacitating,EMS,No Improper Action,,None,,30,N,N,N,N
89632235,2023,2,Intersection - Other,Walking/Cycling on Sidewalk,Other Cyclist,,,32807,Female,N,Test Not Given,,,,N,Test Not Given,,,Possible,EMS,No Improper Action,,None,,18,N,N,N,Y
89632939,2023,2,Travel Lane - Other Location,Walking/Cycling Along Roadway With Traffic,Other Cyclist,,,34207,Male,N,Test Not Given,,,,N,Test Not Given,,,Possible,Not Transported,Wrong-Way Riding or Walking,Inattentive,None,,88,N,N,Y,N
89633968,2023,2,Intersection - Unmarked Crosswalk,Walking/Cycling on Sidewalk,Other Cyclist,,,32907,Male,N,Test Not Given,,,,N,Test Not Given,,,Possible,Not Transported,Unknown,,None,,66,N,N,Y,N
89635315,2023,1,Intersection - Unmarked Crosswalk,Walking/Cycling on Sidewalk,Other Cyclist,,,32952,Male,N,Test Not Given,,,,N,Test Not Given,,,Non-Incapacitating,EMS,No Improper Action,,None,,14,N,N,N,N
89635481,2023,2,Intersection - Marked Crosswalk,Crossing Roadway,Other Cyclist,,,32835,Male,N,Test Not Given,,,,N,Test Not Given,,,Non-Incapacitating,EMS,No Improper Action,,None,,22,N,N,N,N
89638181,2023,3,Sidewalk,Walking/Cycling on Sidewalk,Other Cyclist,,,34652,Male,N,Test Not Given,,,,N,Test Not Given,,,Non-Incapacitating,EMS,Other,,None,,39,N,N,N,N
89643295,2023,2,Intersection - Marked Crosswalk,Crossing Roadway,Other Cyclist,,,32547,Male,N,Test Not Given,,,,N,Test Not Given,,,Non-Incapacitating,EMS,No Improper Action,,None,,21,N,N,N,N
89645676,2023,2,Intersection - Unmarked Crosswalk,Crossing Roadway,Other Cyclist,,,32807,Male,N,Test Not Given,,,,N,Test Not Given,,,Non-Incapacitating,EMS,No Improper Action,,None,,36,N,N,N,N
89647146,2023,2,Intersection - Marked Crosswalk,Crossing Roadway,Other Cyclist,,,32810,Male,N,Test Not Given,,,,N,Test Not Given,,,Possible,Not Transported,No Improper Action,,None,,40,N,N,N,N
89648156,2023,3,Bicycle Lane,Walking/Cycling on Sidewalk,Other Cyclist,,,08753,Male,N,Test Not Given,,,,N,Test Not Given,,,Possible,EMS,Other,,None,,45,N,N,N,N
89652637,2023,2,Intersection - Marked Crosswalk,Crossing Roadway,Other Cyclist,,,33682,Male,N,Test Not Given,,,,N,Test Not Given,,,Non-Incapacitating,Other,No Improper Action,,None,,29,N,N,N,N
89653457,2023,3,Intersection - Marked Crosswalk,Crossing Roadway,Other Cyclist,,,32808,Male,N,Test Not Given,,,,N,Test Not Given,,,Possible,EMS,No Improper Action,,None,,28,N,N,N,N
89653922,2023,2,Driveway Access,Walking/Cycling Along Roadway Against Traffic,Other Cyclist,,,32837,Male,N,Test Not Given,,,,N,Test Not Given,,,Non-Incapacitating,EMS,In Roadway Improperly,,None,,19,N,N,N,Y
89654479,2023,1,Intersection - Marked Crosswalk,Crossing Roadway,Other Cyclist,,,32765,Female,N,Test Not Given,,,,N,Test Not Given,,,Possible,Not Transported,No Improper Action,,Helmet,,20,N,N,N,N
89658277,2023,2,Intersection - Marked Crosswalk,Crossing Roadway,Bicyclist,,,33545,Female,N,Test Not Given,,,,N,Test Not Given,,,Non-Incapacitating,EMS,No Improper Action,,Helmet,,32,N,N,N,N
89658277,2023,3,Intersection - Marked Crosswalk,Crossing Roadway,Other Cyclist,,,33545,Female,N,Test Not Given,,,,N,Test Not Given,,,Possible,EMS,No Improper Action,,Helmet,,2,N,N,N,N
89659130,2023,2,Bicycle Lane,Walking/Cycling Along Roadway Against Traffic,Other Cyclist,,,33756,Male,N,Test Not Given,,,,N,Test Not Given,,,Non-Incapacitating,EMS,Wrong-Way Riding or Walking,,Helmet,,30,N,N,N,N
89664394,2023,2,Intersection - Marked Crosswalk,Crossing Roadway,Other Cyclist,,,33603,Male,N,Test Not Given,,,,N,Test Not Given,,,Non-Incapacitating,Not Transported,No Improper Action,,None,,25,N,N,N,N
89668229,2023,1,Travel Lane - Other Location,Crossing Roadway,Other Cyclist,,,34205,Female,N,Test Not Given,,,,N,Test Not Given,,,Non-Incapacitating,Not Transported,Failure to Yield Right-of-Way,,None,None,46,N,N,N,N
89669466,2023,2,Intersection - Marked Crosswalk,Crossing Roadway,Other Cyclist,,,32837,Female,N,Test Not Given,,,,N,Test Not Given,,,Possible,Not Transported,No Improper Action,,Helmet,None,43,N,N,N,N
89669626,2023,2,Intersection - Marked Crosswalk,Walking/Cycling on Sidewalk,Other Cyclist,,,32607,Male,N,Test Not Given,,,,N,Test Not Given,,,Non-Incapacitating,Not Transported,No Improper Action,,None,,14,N,N,N,N
89672489,2023,1,Intersection - Unmarked Crosswalk,Crossing Roadway,Other Cyclist,,,32809,Female,N,Test Not Given,,,,N,Test Not Given,,,Incapacitating,Other,No Improper Action,Not Visible,None,,17,N,N,N,Y
89674435,2023,2,Driveway Access,Walking/Cycling on Sidewalk,Other Cyclist,,,32808,Male,N,Test Not Given,,,,N,Test Not Given,,,None,Not Transported,No Improper Action,,None,,26,N,N,N,N
89676924,2023,2,Bicycle Lane,Walking/Cycling Along Roadway With Traffic,Bicyclist,,,33616,Male,N,Test Not Given,,,,N,Test Not Given,,,None,Not Transported,No Improper Action,,None,,58,N,N,N,N
89676924,2023,3,Bicycle Lane,Walking/Cycling Along Roadway With Traffic,Other Cyclist,,,34652,Female,N,Test Not Given,,,,N,Test Not Given,,,Possible,EMS,No Improper Action,,None,,44,N,N,N,N
89682089,2023,2,Bicycle Lane,Walking/Cycling Along Roadway With Traffic,Other Cyclist,,,33511,Male,N,Test Not Given,,,,N,Test Not Given,,,Non-Incapacitating,Not Transported,No Improper Action,,Protective Pads,,36,N,N,N,N
89685169,2023,2,Travel Lane - Other Location,Crossing Roadway,Other Cyclist,,,32547,Male,N,Test Not Given,,,,N,Test Not Given,,,Possible,Not Transported,Failure to Yield Right-of-Way,,None,,8,N,N,N,N
89689853,2023,4,Sidewalk,Walking/Cycling on Sidewalk,Bicyclist,,,32507,Male,N,Test Not Given,,,,N,Test Not Given,,,Non-Incapacitating,EMS,No Improper Action,,None,,33,N,N,N,N
89694589,2023,2,Intersection - Marked Crosswalk,Crossing Roadway,Occupant of a Non-Motor Vehicle Transportation Device,,,32901,Male,N,Test Not Given,,,,N,Test Not Given,,,Possible,Not Transported,Wrong-Way Riding or Walking,,None,None,53,N,N,N,N
89694589,2023,3,Intersection - Marked Crosswalk,Walking/Cycling Along Roadway Against Traffic,Other Cyclist,,,32901,Female,N,Test Not Given,,,,N,Test Not Given,,,Possible,EMS,No Improper Action,No Improper Action,None,None,33,N,N,N,N
89696524,2023,1,Intersection - Other,Crossing Roadway,Other Cyclist,,,34638,Male,N,Test Not Given,,,,N,Test Not Given,,,Non-Incapacitating,Not Transported,Failure to Yield Right-of-Way,,None,,12,N,N,N,N
89696524,2023,2,Intersection - Other,Crossing Roadway,Other Cyclist,,,34638,Male,N,Test Not Given,,,,N,Test Not Given,,,Non-Incapacitating,Other,Failure to Yield Right-of-Way,,None,,12,N,N,N,N
89696542,2023,5,Intersection - Unmarked Crosswalk,Crossing Roadway,Other Cyclist,,,34638,Male,N,Test Not Given,,,,N,Test Not Given,,,Non-Incapacitating,EMS,Not Visible,Dart/Dash,None,,13,N,N,N,N
89697731,2023,3,Intersection - Marked Crosswalk,Crossing Roadway,Other Cyclist,,,34652,Male,N,Test Not Given,,,,N,Test Not Given,,,Incapacitating,EMS,"Failure to Obey Traffic Signs, Signals, or Officer",Dart/Dash,None,,22,N,N,N,N
89698219,2023,2,Shoulder/Roadside,Walking/Cycling Along Roadway Against Traffic,Other Cyclist,,,32812,Male,N,Test Not Given,,,,N,Test Not Given,,,Non-Incapacitating,EMS,Wrong-Way Riding or Walking,,None,,51,N,N,N,N
89698260,2023,2,Sidewalk,None,Other Cyclist,,,00000,Male,N,Test Not Given,,,,N,Test Not Given,,,None,Not Transported,No Improper Action,,None,,,N,N,N,N
89701790,2023,2,Travel Lane - Other Location,Walking/Cycling Along Roadway With Traffic,Other Cyclist,,,33523,Male,N,Test Not Given,,,,N,Test Not Given,,,Non-Incapacitating,EMS,Not Visible,,None,None,34,N,N,N,N
89702794,2023,2,Travel Lane - Other Location,Walking/Cycling Along Roadway With Traffic,Other Cyclist,,,34759,Male,N,Test Not Given,,,,N,Test Not Given,,,Non-Incapacitating,EMS,Not Visible,,None,,15,N,N,N,Y
89708043,2023,2,Intersection - Other,Crossing Roadway,Other Cyclist,,,32404,Male,N,Test Not Given,,,,N,Test Not Given,,,Possible,Not Transported,Failure to Yield Right-of-Way,,None,,28,N,N,N,N
89709476,2023,2,Sidewalk,Other,Other Cyclist,,,32952,Male,N,Test Not Given,,,,N,Test Not Given,,,Possible,Not Transported,No Improper Action,,None,None,21,N,N,N,N
89710165,2023,2,Sidewalk,Walking/Cycling on Sidewalk,Other Cyclist,,,34771,Male,N,Test Not Given,,,,N,Test Not Given,,,Incapacitating,EMS,No Improper Action,,None,,40,N,N,N,N
89710177,2023,1,Sidewalk,Walking/Cycling on Sidewalk,Other Cyclist,,,32832,Male,N,Test Not Given,,,,N,Test Not Given,,,Non-Incapacitating,Not Transported,No Improper Action,,Helmet,Protective Pads,42,N,N,N,N
89710532,2023,1,Driveway Access,Walking/Cycling on Sidewalk,Other Cyclist,,,33351,Male,N,Test Not Given,,,,N,Test Not Given,,,Incapacitating,Other,No Improper Action,,None,,19,N,N,N,Y
89712775,2023,2,Travel Lane - Other Location,Walking/Cycling Along Roadway Against Traffic,Other Cyclist,,,32808,Female,N,Test Not Given,,,,N,Test Not Given,,,Non-Incapacitating,EMS,Other,,None,,49,N,N,N,N
89718515,2023,2,Intersection - Marked Crosswalk,Crossing Roadway,Other Cyclist,,,33549,Male,N,Test Not Given,,,,N,Test Not Given,,,Non-Incapacitating,EMS,Not Visible,,Helmet,,61,N,N,N,N
89722583,2023,2,Bicycle Lane,Walking/Cycling Along Roadway With Traffic,Other Cyclist,,,32817,Male,N,Test Not Given,,,,N,Test Not Given,,,Possible,EMS,No Improper Action,,None,,41,N,N,N,N
89723675,2023,3,Intersection - Other,Waiting to Cross Roadway,Other Cyclist,,,34744,Male,N,Test Not Given,,,,N,Test Not Given,,,Non-Incapacitating,EMS,No Improper Action,,None,,52,N,N,N,N
89729622,2023,6,Driveway Access,Going To or From School,Other Cyclist,,,32809,Male,N,Test Not Given,,,,N,Test Not Given,,,Non-Incapacitating,EMS,Dart/Dash,Failure to Yield Right-of-Way,None,,17,N,N,N,Y
89729996,2023,2,Bicycle Lane,Walking/Cycling Along Roadway With Traffic,Other Cyclist,,,02066,Male,N,Test Not Given,,,,N,Test Not Given,,,Incapacitating,Other,No Improper Action,,Unknown,,66,N,N,Y,N
89732944,2023,1,Intersection - Marked Crosswalk,Crossing Roadway,Other Cyclist,,,00000,Male,N,Test Not Given,,,,N,Test Not Given,,,Incapacitating,EMS,Failure to Yield Right-of-Way,,None,,43,N,N,N,N
89738612,2023,1,Travel Lane - Other Location,In Roadway - Other,Other Cyclist,,,34652,Male,,Test Not Given,,,,,Test Not Given,,,Incapacitating,EMS,In Roadway Improperly,,None,,38,N,N,N,N
89744523,2023,1,Travel Lane - Other Location,Walking/Cycling Along Roadway With Traffic,Other Cyclist,,,32703,Male,N,Test Not Given,,,,N,Test Not Given,,,Possible,EMS,No Improper Action,,None,,23,N,N,N,N
89746758,2023,2,Intersection - Unmarked Crosswalk,Crossing Roadway,Other Cyclist,,,32825,Male,N,Test Not Given,,,,N,Test Not Given,,,Possible,EMS,No Improper Action,,None,,59,N,N,N,N
89752054,2023,2,Intersection - Marked Crosswalk,Walking/Cycling on Sidewalk,Other Cyclist,,,32703,Male,N,Test Not Given,,,,N,Test Not Given,,,Non-Incapacitating,EMS,Dart/Dash,"Failure to Obey Traffic Signs, Signals, or Officer",None,,25,N,N,N,N
