REPORT_NUMBER,CRASH_YEAR,VEHICLE_NUMBER,OWNER_CITY,OWNER_STATE,OWNER_ZIP_CODE,COMMERCIAL_VEHICLE_FLAG,MOTION_CODE,STATE_OF_REGISTRATION,PERMANENT_REGISTRATION_FLAG,HIT_AND_RUN_FLAG,VEHICLE_YEAR,VEHICLE_MAKE,VEHICLE_MODEL,VEHICLE_STYLE,VEHICLE_COLOR,DISABLING_FUNCTIONAL_DAMAGE,ESTIMATED_VEHICLE_DAMAGE,TOW_DAMAGE_CODE,HOW_TOW_REQUESTED,BUSINESS_OWNED_FLAG,VEHICLE_TRAVELING,ROAD_ON,ESTIMATED_MPH,POSTED_SPEED,TOTAL_NUMBER_OF_LANES,HAZARDOUS_MATERIAL_RELEASED,HAZMAT_PLACARD,HAZARDOUS_PLACARD_NUMBER,HAZMAT_CLASS,POINT_OF_IMPACT,MOST_DAMAGED_AREA_CODE,TYPE_OF_VEHICLE,TRAFFICWAY_CODE,COMMERCIAL_VEHICLE_CONFIGURATION_CODE,COMMERCIAL_USE_CODE,CARRIER_CARGO_BODY_TYPE,COMMERCIAL_VEHICLE_WEIGHT_CODE,MOST_HARMFUL_EVENT_CODE,HARMFUL_EVENT_1,HARMFUL_EVENT_2,HARMFUL_EVENT_3,HARMFUL_EVENT_4,EMERGENCY_VEHICLE_USE_CODE,ROADWAY_GRADE_CODE,ROADWAY_ALIGNMENT_CODE,VEHICLE_MANEUVER_ACTION,TRAFFIC_CONTROL_DEVICE,VEHICLE_SPECIAL_FUNCTION,VEHICLE_DEFECT1,VEHICLE_DEFECT2,S4_IS_COMMERCIAL_MOTOR_VEHICLE
26162044,2023,1,,,33905,N,Vehicle in Transport,FL,,N,2017,MITS,,UT,RED,Minor,0,N,Rotation,N,South,,,,2,,,,,Front Center Bumper,,(Sport) Utility Vehicle,"Two-Way, Not Divided",,,,,Motor Vehicle in Transport,Motor Vehicle in Transport,,,,N,Level,Straight,Straight Ahead,No Controls,No Special Function,None,,
26172253,2023,1,,,33613,N,Vehicle in Transport,FL,N,N,2022,ACUR,,4D,WHI,Minor,10,N,,N,East,CAMBRIDGE WOODS DR,5,25,2,,,,,Front Center Bumper,Front Center Bumper,Passenger Car,"Two-Way, Not Divided",,,,,Pedalcycle,Pedalcycle,,,,N,Level,Straight,Turning Right,Stop Sign,No Special Function,None,,
26184909,2023,1,,,33917,N,Vehicle in Transport,FL,,N,2006,NISS,,PK,BLU,Minor,100,N,Driver,N,West,LAUREL DR,35,35,2,,,,,Front Right Bumper,Front Right Bumper,Pickup,"Two-Way, Not Divided",,,,,Pedalcycle,Pedalcycle,,,,N,Level,Straight,Straight Ahead,No Controls,No Special Function,None,,
89752395,2023,1,,,32807,N,Vehicle in Transport,CA,N,N,2006,NISS,,PK,GRY,Minor,800,N,,N,North,STATE ROAD 551 (SOUTH GOLDENROD ROAD,5,15,4,,,,,Right Front Door,Right Front Door,Pickup,"Two-Way, Divided, Positive Median Barrier",,,,,Other Non-Fixed Object,Other Non-Fixed Object,,,,N,Level,Straight,Turning Right,No Controls,No Special Function,None,,
26184925,2023,1,,,33928,N,Vehicle in Transport,FL,,N,2013,HYUN,,2D,ONG,Minor,2000,N,Driver,N,South,HACIENDA VILLAGE DR,0,30,2,,,,,Front Right Bumper,Front Right Bumper,Passenger Car,"Two-Way, Divided, Positive Median Barrier",,,,,Motor Vehicle in Transport,Motor Vehicle in Transport,,,,N,Level,Straight,Entering Traffic Lane,Stop Sign,No Special Function,None,,
26187346,2023,1,,,32905,N,Vehicle in Transport,FL,,N,2008,TOYT,,VN,RED,None,0,N,Driver,N,North,PINEWOOD,20,25,2,,,,,Front Right Bumper,,Passenger Van,"Two-Way, Not Divided",,,,,Motor Vehicle in Transport,Motor Vehicle in Transport,,,,N,Level,Straight,Straight Ahead,No Controls,No Special Function,None,,
26187511,2023,1,,,32905,N,Vehicle in Transport,FL,,N,2006,GMC,,TK,BLK,None,0,N,Driver,N,East,EXITING PARKING LOT OF 5270 BABCOCK ST NE,10,,2,,,,,Front Right Bumper,Front Right Bumper,Pickup,"Two-Way, Divided, Positive Median Barrier",,,,,Motor Vehicle in Transport,Motor Vehicle in Transport,,,,N,Level,Straight,Turning Right,Stop Sign,No Special Function,None,,
26192009,2023,1,,,33446,N,Vehicle in Transport,FL,,N,2017,PORS,,UT,BLK,Minor,1000,N,Driver,N,South,OUT OF PARKING LOT OF 550 N CR 807,5,15,4,,,,,Front Left Bumper,Front Left Bumper,Passenger Car,"Two-Way, Divided, Unprotected (painted >4 feet) Median",,,,,Pedalcycle,Pedalcycle,,,,N,Level,Straight,Turning Right,Stop Sign,No Special Function,None,,
26218710,2023,1,,,32757,N,Vehicle in Transport,FL,,N,2017,GMC,,TK,WHI,Minor,1000,N,Driver,N,South,RAND YARD,10,45,2,,,,,Front Center Bumper,Front Center Bumper,Passenger Car,"Two-Way, Not Divided",,,,,Motor Vehicle in Transport,Motor Vehicle in Transport,,,,N,Level,Straight,Turning Right,Traffic Control Signal,No Special Function,None,,
26218710,2023,2,,,32771,N,Vehicle in Transport,,,N,,HIBOY,,,BLK,Minor,1000,N,Driver,N,East,SR 46,10,45,2,,,,,Left Front Door,Left Front Door,Other,"Two-Way, Not Divided",,,,,Motor Vehicle in Transport,Motor Vehicle in Transport,,,,N,Level,Straight,Straight Ahead,Traffic Control Signal,No Special Function,None,,
26218721,2023,1,,,32750,N,Vehicle in Transport,FL,,N,2022,HYUN,,UT,RED,Minor,1500,N,Driver,N,South,MELLONVILLE AVE,2,25,2,,,,,Front Center Bumper,Front Center Bumper,(Sport) Utility Vehicle,"Two-Way, Not Divided",,,,,Motor Vehicle in Transport,Motor Vehicle in Transport,,,,N,Level,Straight,Turning Right,Traffic Control Signal,No Special Function,None,,
26230096,2023,1,,,34994,N,Vehicle in Transport,FL,,N,2015,VOLK,,4D,GRY,Disabling,5000,Y,Other,N,East,DONALD ROSS RD,45,45,6,,,,,Front Right Bumper,Front Right Bumper,Passenger Car,"Two-Way, Divided, Unprotected (painted >4 feet) Median",,,,,Pedestrian,Pedestrian,Motor Vehicle in Transport,,,N,Level,Straight,Straight Ahead,No Controls,No Special Function,None,,
26230276,2023,1,,,33404,N,Vehicle in Transport,FL,,N,2017,HYUN,,UT,WHI,Functional,1000,N,Driver,N,West,PARK AVE W,5,35,3,,,,,Right Rear Fender,Right Rear Fender,(Sport) Utility Vehicle,"Two-Way, Not Divided, with a Continuous Left Turn Lane",,,,,Motor Vehicle in Transport,Motor Vehicle in Transport,,,,N,Level,Straight,Turning Right,No Controls,No Special Function,None,,
26254599,2023,1,,,33134,N,Vehicle in Transport,FL,,N,2021,MNNI,,4D,GRN,None,0,N,Driver,N,West,SW 4 ST,10,25,2,,,,,Left Front Fender,Left Front Fender,Passenger Car,"Two-Way, Divided, Unprotected (painted >4 feet) Median",,,,,Motor Vehicle in Transport,Motor Vehicle in Transport,,,,N,Level,Straight,Entering Traffic Lane,Yield Sign,No Special Function,None,,
26255173,2023,1,,,33069,N,Vehicle in Transport,FL,,N,2019,KIA,,4D,BLU,None,0,N,Driver,N,Off-Road,NW NORTHRIVER DR,2,10,1,,,,,Undercarriage,Undercarriage,Passenger Car,"Two-Way, Not Divided",,,,,Motor Vehicle in Transport,Motor Vehicle in Transport,,,,N,Level,Straight,Straight Ahead,No Controls,No Special Function,None,,
26255456,2023,1,,,33032,N,Vehicle in Transport,FL,,Y,2016,CHEV,,UT,BLK,Unknown,1,N,Driver,N,West,NW 44TH ST,10,30,2,,,,,Front Center Bumper,Front Right Bumper,Unknown,"Two-Way, Not Divided",,,,,Motor Vehicle in Transport,Motor Vehicle in Transport,,,,N,Level,Straight,Straight Ahead,Stop Sign,Unknown,Unknown,Unknown,
26255751,2023,1,,,33145,N,Vehicle in Transport,FL,,N,2024,VOLK,,UT,WHI,Minor,500,N,Driver,N,North,2780 SW 27TH AVE,,15,2,,,,,Left Front Fender,Left Front Fender,(Sport) Utility Vehicle,"Two-Way, Not Divided",,,,,Motor Vehicle in Transport,Motor Vehicle in Transport,,,,N,Level,Straight,Turning Left,No Controls,No Special Function,None,,
26285992,2023,1,,,,N,Vehicle in Transport,,N,Y,,,,,,Unknown,0,N,,N,South,MEMPHIS AVENUE,,20,2,,,,,Front Center Bumper,Front Center Bumper,,"Two-Way, Not Divided",,,,,Pedestrian,Pedestrian,,,,N,Level,Straight,Turning Right,Traffic Control Signal,No Special Function,None,,
26286637,2023,1,,,32828-6901,N,Vehicle in Transport,FL,N,N,2020,CHRY,,VN,WHI,Functional,750,N,,N,North,PODOCARPUS LANE,15,25,2,,,,,Right Front Fender,Right Front Fender,Passenger Van,"Two-Way, Not Divided",,,,,Pedalcycle,Pedalcycle,,,,N,Level,Straight,Straight Ahead,No Controls,No Special Function,None,,
83057971,2023,1,,,32208-0000,N,Vehicle in Transport,FL,N,N,2014,LEXS,,4D,BLK,Functional,800,N,Driver,N,West,ELWOOD AVE,30,35,2,,,,,Front Right Bumper,Front Right Bumper,Passenger Car,"Two-Way, Not Divided",,,,,Pedalcycle,Pedalcycle,,,,N,Level,Straight,Straight Ahead,No Controls,No Special Function,None,,
85698375,2023,1,,,65802,N,Vehicle in Transport,FL,,N,2023,FORD,,PK,WHI,Minor,5000,N,Driver,N,Off-Road,PARKING LOT ORILEYS U S HWY 90 WEST STOPPED,,,2,,,,,Right Rear Door,Right Rear Door,Pickup,"Two-Way, Not Divided",,,,,Pedalcycle,Pedalcycle,,,,N,Downhill,Straight,Stopped in Traffic,Stop Sign,No Special Function,None,,
87512658,2023,1,,,34715,N,Vehicle in Transport,FL,,Y,2000,UK,,UNKNOWN,UNKNOWN,Unknown,0,N,,N,South,HANCOCK,5,,3,,,,,Right Front Fender,Right Front Fender,Unknown,One-Way Trafficway,,,,,Pedestrian,Pedestrian,Motor Vehicle in Transport,,,N,Level,Straight,Unknown,No Controls,Unknown,Unknown,Unknown,
87605063,2023,1,,,32208,N,Vehicle in Transport,FL,N,Y,2018,NISS,,4D,SIL,Minor,500,N,Driver,N,East,SHENANDOAH AVE,15,30,2,,,,,Front Center Bumper,Front Center Bumper,Passenger Car,"Two-Way, Not Divided",,,,,Pedalcycle,Pedalcycle,,,,N,Level,Straight,Turning Left,No Controls,No Special Function,None,,
88460949,2023,1,,,54216-1910,N,Vehicle in Transport,WI,N,N,2015,TOYOT,,PK,BLK,Functional,200,N,,N,North,US 1 (STATE ROAD 5),15,35,4,,,,,Front Center Bumper,Front Center Bumper,Pickup,"Two-Way, Divided, Positive Median Barrier",,,,,Motor Vehicle in Transport,Motor Vehicle in Transport,,,,N,Level,Straight,Turning Left,Traffic Control Signal,No Special Function,None,,
88841680,2023,1,,,000000000,N,Vehicle in Transport,FL,,Y,2000,UK,,UNKNOWN,,Unknown,0,N,Driver,N,West,54TH AVE N,30,30,4,,,,,Front Center Bumper,Front Center Bumper,Unknown,"Two-Way, Not Divided",,,,,Pedestrian,Pedestrian,,,,N,Level,Straight,Unknown,Traffic Control Signal,Unknown,Unknown,None,
89129517,2023,1,,,,N,Vehicle in Transport,,N,Y,,,,4D,WHI,Unknown,0,N,,N,North,PRIVATE DRIVEWAY,,10,2,,,,,,,Passenger Car,"Two-Way, Not Divided",,,,,Pedalcycle,Pedalcycle,,,,N,Level,Straight,Turning Right,Stop Sign,No Special Function,Unknown,,
89287983,2023,1,,,32259,N,Vehicle in Transport,FL,N,N,2018,TOYT,,PK,WHI,Minor,1000,N,,N,North,NB SR-13,5,45,2,,,,,Hood,Hood,Pickup,"Two-Way, Divided, Unprotected (painted >4 feet) Median",,,,,Other Non-Fixed Object,Other Non-Fixed Object,,,,N,Level,Straight,Turning Right,No Controls,No Special Function,None,,
89349828,2023,1,,,33141,N,Vehicle in Transport,FL,,N,2019,CADIL,,UT,SIL,Minor,0,N,Driver,N,South,BAY HARBOR TERR,25,25,2,,,,,Front Left Bumper,Front Left Bumper,Passenger Car,"Two-Way, Not Divided",,,,,Motor Vehicle in Transport,Motor Vehicle in Transport,,,,N,Level,Straight,Straight Ahead,No Controls,No Special Function,"Lights (head, signal, tail)",Unknown,
89363538,2023,1,,,33772,N,Vehicle in Transport,FL,,N,2005,MERC,,4D,GRN,Minor,500,N,,N,West,80TH AVE N,5,25,2,,,,,Front Right Bumper,Front Right Bumper,Passenger Car,"Two-Way, Not Divided",,,,,Pedestrian,Pedestrian,,,,N,Level,Straight,Turning Right,Stop Sign,No Special Function,None,,
89364165,2023,1,,,337734623,N,Vehicle in Transport,FL,,N,2008,HONDA,,SU,BLK,Minor,100,N,Driver,N,East,OHIO AVENUE,5,30,2,,,,,Front Center Bumper,Front Center Bumper,(Sport) Utility Vehicle,"Two-Way, Not Divided",,,,,Motor Vehicle in Transport,Motor Vehicle in Transport,Other Non-Fixed Object,,,N,Level,Straight,Straight Ahead,Stop Sign,No Special Function,None,,
89376153,2023,1,,,32127,N,Vehicle in Transport,FL,,N,2017,TOYT,,4D,GRY,Minor,500,N,Driver,N,East,PARKING LOT OF 3046 SOUTH ATLANTIC AVE,3,35,1,,,,,Right Front Fender,Right Front Fender,Passenger Car,"Two-Way, Divided, Unprotected (painted >4 feet) Median",,,,,Other Non-Collision,Other Non-Collision,Pedalcycle,,,N,Level,Straight,Entering Traffic Lane,No Controls,No Special Function,"Body, Doors",,
89401144,2023,1,,,32129,N,Vehicle in Transport,FL,,N,2020,TOYT,,4D,WHI,Minor,300,N,Driver,N,East,SAMMS AVE,5,25,2,,,,,Front Right Bumper,Front Right Bumper,Passenger Car,"Two-Way, Not Divided",,,,,Pedalcycle,Pedalcycle,,,,N,Level,Straight,Turning Right,Stop Sign,No Special Function,None,,
89426515,2023,1,,,33547-0000,N,Vehicle in Transport,FL,N,N,2018,CHRY,,VN,BLK,Minor,10,N,,N,East,14014 N 46TH ST,5,10,2,,,,,Front Right Bumper,Front Right Bumper,Passenger Van,"Two-Way, Not Divided",,,,,Pedestrian,Pedestrian,,,,N,Level,Straight,Turning Right,Traffic Control Signal,No Special Function,None,,
89444426,2023,1,,,33612-0000,N,Vehicle in Transport,FL,N,N,2016,TOYT,,4D,GRY,Minor,50,N,,N,North,N 22ND ST,10,25,2,,,,,Right Front Fender,Right Front Fender,Passenger Car,"Two-Way, Not Divided",,,,,Pedestrian,Pedestrian,,,,N,Level,Straight,Turning Right,No Controls,No Special Function,None,,
89609865,2023,1,,,32937-2501,N,Vehicle in Transport,FL,N,N,2018,MERZ,,4D,BLK,Functional,1000,N,,N,West,STATE ROAD 536 (WORLD CENTER DRIVE),10,45,6,,,,,Left Front Door,Left Front Door,Passenger Car,"Two-Way, Divided, Positive Median Barrier",,,,,Pedalcycle,Pedalcycle,,,,N,Level,Straight,Turning Right,Traffic Control Signal,No Special Function,None,,
89610560,2023,1,,,33755-1018,N,Vehicle in Transport,FL,N,N,2021,VOLKS,,4d,SIL,Minor,800,N,,N,North,TAMPA RD,5,5,1,,,,,Front Center Bumper,Front Center Bumper,Passenger Car,One-Way Trafficway,,,,,Pedalcycle,Pedalcycle,,,,N,Level,Straight,Turning Left,Stop Sign,No Special Function,None,,
89610598,2023,1,,,32810-1488,N,Vehicle in Transport,FL,N,Y,2015,AUDI,,UT,GRY,Unknown,0,N,,N,East,STATE ROAD 424 (EDGEWATER DRIVE),20,45,4,,,,,Front Left Bumper,,Passenger Car,"Two-Way, Divided, Positive Median Barrier",,,,,Pedestrian,Pedestrian,,,,N,Level,Straight,Turning Left,No Controls,No Special Function,Unknown,,
89612097,2023,1,,,34769-0000,N,Vehicle in Transport,FL,N,N,2023,TOYT,,4D,SIL,None,0,N,,N,West,VILLA VERANO WAY,5,25,4,,,,,Front Center Bumper,,Passenger Car,"Two-Way, Divided, Positive Median Barrier",,,,,Pedalcycle,Pedalcycle,,,,N,Level,Straight,Turning Right,Stop Sign,No Special Function,None,,
89612129,2023,1,,,33610-0000,N,Vehicle in Transport,FL,N,N,2008,STRN,,UT,BLU,Minor,200,N,,N,East,MONTGOMERY BELL ROAD,,20,2,,,,,Hood,Hood,(Sport) Utility Vehicle,"Two-Way, Not Divided",,,,,Pedestrian,Pedestrian,,,,N,Level,Straight,Turning Left,No Controls,No Special Function,None,,
89612311,2023,1,,,34208,N,Vehicle in Transport,FL,N,N,2011,HYUN,,4D,RED,Functional,4500,N,,N,West,7TH AVE DR W,,30,2,,,,,Right Front Door,Right Front Door,Passenger Car,"Two-Way, Not Divided",,,,,Pedalcycle,Pedalcycle,,,,N,Level,Straight,Stopped in Traffic,Stop Sign,No Special Function,None,,
89613798,2023,1,,,00000,N,Vehicle in Transport,,N,Y,,UNK,,UT,SIL,Unknown,0,N,,N,West,GIBSONTON DRIVE,15,50,6,,,,,Front Center Bumper,Front Center Bumper,(Sport) Utility Vehicle,"Two-Way, Divided, Positive Median Barrier",,,,,Pedestrian,Pedestrian,,,,N,Level,Straight,Turning Left,Traffic Control Signal,No Special Function,None,,
89614471,2023,1,,,32765-7666,N,Vehicle in Transport,FL,N,N,2021,NISS,,PK,BLK,Minor,200,N,,N,East,FORSYTH ROAD,5,15,2,,,,,Right Rear Door,Right Rear Door,Pickup,"Two-Way, Not Divided",,,,,Pedalcycle,Pedalcycle,,,,N,Level,Straight,Straight Ahead,Stop Sign,No Special Function,None,,
89619181,2023,1,,,34683-2023,N,Vehicle in Transport,FL,N,N,2017,NISS,,UT,BLU,Functional,900,N,,N,West,OHIO AVENUE,5,30,2,,,,,Front Right Bumper,Front Right Bumper,(Sport) Utility Vehicle,"Two-Way, Not Divided",,,,,Pedalcycle,Pedalcycle,,,,N,Downhill,Straight,Turning Right,Stop Sign,No Special Function,None,,
89622307,2023,1,,,36549,N,Vehicle in Transport,AL,N,N,2021,CHRY,,4D,WHI,Functional,50,N,,N,North,COUNTY ROAD 525 (NEPTUNE RD),5,30,2,,,,,Front Center Bumper,Front Center Bumper,Passenger Van,"Two-Way, Not Divided",,,,,Pedalcycle,Pedalcycle,,,,N,Level,Straight,Straight Ahead,No Controls,No Special Function,None,,
89622522,2023,1,,,32063,N,Vehicle in Transport,FL,N,N,2015,NISS,,4D,GRY,Minor,100,N,,N,West,1511 S 6TH ST PRIVATE DRIVE,10,45,1,,,,,Front Center Bumper,Front Center Bumper,Passenger Car,"Two-Way, Not Divided",,,,,Pedestrian,Pedestrian,,,,N,Level,Straight,Straight Ahead,Stop Sign,No Special Function,None,,
89625713,2023,1,,,32804-5308,N,Vehicle in Transport,FL,N,N,2014,FORD,,5D,SIL,Minor,500,N,,N,South,STATE ROAD 434,10,45,6,,,,,Left Rear Fender,Left Rear Fender,Passenger Car,"Two-Way, Divided, Positive Median Barrier",,,,,Pedestrian,Pedestrian,,,,N,Level,Straight,Turning Right,No Controls,No Special Function,None,,
89627589,2023,1,,,33540-7135,N,Vehicle in Transport,FL,N,N,2020,GMC,,UT,BLU,Functional,2500,N,,N,East,JERRY ROAD,5,35,2,,,,,Right Front Door,Right Front Door,Passenger Car,"Two-Way, Not Divided",,,,,Motor Vehicle in Transport,Motor Vehicle in Transport,,,,N,Level,Curve Right,Straight Ahead,No Controls,No Special Function,None,,
89627723,2023,1,,,32955-3839,N,Vehicle in Transport,FL,N,N,2006,PONT,,VN,BRZ,Minor,500,N,,N,South,STATE ROAD 519 (FISKE BOULEVARD),20,45,4,,,,,Right Rear Door,Right Rear Door,Passenger Van,"Two-Way, Not Divided, with a Continuous Left Turn Lane",,,,,Pedalcycle,Pedalcycle,,,,N,Level,Straight,Turning Right,No Controls,No Special Function,None,,
89628150,2023,1,,,31779,N,Vehicle in Transport,GA,N,N,2012,NISSA,,4D,BLK,Minor,5000,N,,N,East,UNITED STATES HIGHWAY 19,5,5,5,,,,,Front Center Bumper,Front Center Bumper,Passenger Car,"Two-Way, Divided, Unprotected (painted >4 feet) Median",,,,,Motor Vehicle in Transport,Motor Vehicle in Transport,,,,N,Level,Straight,Turning Right,Stop Sign,No Special Function,None,None,
89628687,2023,1,,,33617-2153,N,Vehicle in Transport,FL,N,N,2016,TOYOT,,4D,SIL,Minor,500,N,,N,West,E FOWLER AVE WB,20,50,6,,,,,Front Center Bumper,Front Center Bumper,Passenger Car,"Two-Way, Divided, Positive Median Barrier",,,,,Pedestrian,Pedestrian,,,,N,Level,Straight,Turning Left,Traffic Control Signal,No Special Function,None,,
89628812,2023,1,,,34420,N,Vehicle in Transport,UK,N,N,2023,GOTRA,,SC,BLK,Minor,100,N,,N,West,5182 E SILVER SPRINGS BLVD,5,10,1,,,,,Front Center Bumper,Front Center Bumper,Other,One-Way Trafficway,,,,,Curb,Curb,,,,N,Level,Straight,Straight Ahead,No Controls,No Special Function,None,,
89632235,2023,1,,,32807-0000,N,Vehicle in Transport,FL,N,N,2022,FORD,,UT,BLU,Minor,300,N,,N,East,SR 50 (E COLONIAL DR),10,45,6,,,,,Front Center Bumper,Front Center Bumper,(Sport) Utility Vehicle,"Two-Way, Divided, Positive Median Barrier",,,,,Pedalcycle,Pedalcycle,,,,N,Level,Straight,Turning Right,No Controls,No Special Function,None,,
89632939,2023,1,,,34208-0000,N,Vehicle in Transport,FL,N,N,2019,DODG,,UT,RED,Minor,500,N,,N,North,110 48TH AVE DR W,10,25,2,,,,,Left Rear Fender,Right Rear Fender,Low Speed Vehicle,"Two-Way, Not Divided",,,,,Motor Vehicle in Transport,Motor Vehicle in Transport,,,,N,Level,Straight,Backing,No Controls,No Special Function,None,,
89633968,2023,1,,,32912-0723,N,Vehicle in Transport,FL,N,N,2016,MITS,,UT,WHI,Minor,1000,N,,N,West,145 PALM BAY ROAD,,10,2,,,,,Front Right Bumper,Front Right Bumper,(Sport) Utility Vehicle,"Two-Way, Divided, Unprotected (painted >4 feet) Median",,,,,Pedalcycle,Pedalcycle,,,,N,Level,Straight,Unknown,Stop Sign,No Special Function,None,,
89635315,2023,1,,,,N,Vehicle in Transport,,N,Y,,FORD,,,SIL,Unknown,0,N,,N,North,605 S COURTENAY PKWY 7/11 PK LOT,5,15,2,,,,,Front Right Bumper,Front Right Bumper,Passenger Car,"Two-Way, Not Divided",,,,,Pedalcycle,Pedalcycle,,,,N,Level,Straight,Turning Left,Stop Sign,No Special Function,None,,
89635481,2023,1,,,32835-0000,N,Vehicle in Transport,FL,N,N,2010,HOND,,4D,SIL,None,0,N,,N,East,HIAWASSEE RD S,5,45,4,,,,,Front Center Bumper,Front Center Bumper,Passenger Car,"Two-Way, Divided, Positive Median Barrier",,,,,Motor Vehicle in Transport,Motor Vehicle in Transport,,,,N,Level,Straight,Turning Right,Traffic Control Signal,No Special Function,None,,
89638181,2023,1,,,34655-0000,N,Vehicle in Transport,FL,N,N,2011,HOND,,UT,WHI,Functional,1500,N,,N,South,6829 STATE ROAD 54/ DRIVEWAY,,10,1,,,,,Front Right Bumper,Front Center Bumper,(Sport) Utility Vehicle,One-Way Trafficway,,,,,Other Non-Fixed Object,Other Non-Fixed Object,,,,N,Level,Straight,Stopped in Traffic,No Controls,No Special Function,None,,
89643295,2023,1,,,32548-4094,N,Vehicle in Transport,FL,N,N,2019,TOYT,,TK,BLK,Functional,300,N,,N,South,GAP CREEK DRIVE,3,25,2,,,,,Front Right Bumper,Front Right Bumper,Pickup,"Two-Way, Not Divided",,,,,Motor Vehicle in Transport,Motor Vehicle in Transport,,,,N,Level,Straight,Straight Ahead,Stop Sign,No Special Function,None,,
89645676,2023,1,,,32807,N,Vehicle in Transport,FL,N,N,2015,CHEV,,TK,BLU,None,0,N,,N,East,DORIS DRIVE,15,45,6,,,,,Front Center Bumper,,Pickup,"Two-Way, Divided, Positive Median Barrier",,,,,Pedalcycle,Pedalcycle,,,,N,Level,Straight,Turning Left,No Controls,No Special Function,None,,
89647146,2023,1,,,32808-1101,N,Vehicle in Transport,FL,N,N,2014,CHEV,,4D,GRN,Minor,500,N,,N,South,CLARCONA OCOEE ROAD,15,45,4,,,,,Left Front Fender,Left Front Fender,Passenger Car,"Two-Way, Divided, Positive Median Barrier",,,,,Pedalcycle,Pedalcycle,,,,N,Level,Straight,Turning Left,No Controls,No Special Function,None,,
89648156,2023,1,,,32809-6133,N,Vehicle in Transport,FL,N,N,2003,FORD,,PK,WHI,Minor,50,N,,N,North,STATE ROAD 527 (ORANGE AVENUE),5,45,4,,,,,Right Rear Fender,Right Rear Fender,Pickup,"Two-Way, Not Divided, with a Continuous Left Turn Lane",,,,,Other Non-Fixed Object,Other Non-Fixed Object,,,,N,Level,Straight,Turning Left,No Controls,No Special Function,None,,
89652637,2023,1,,,00000,N,Vehicle in Transport,UK,N,Y,,UK,,UK,UK,Unknown,0,N,,N,West,SR-678 (BEARSS AVE),15,45,4,,,,,Front Center Bumper,,Unknown,"Two-Way, Divided, Positive Median Barrier",,,,,Other Non-Fixed Object,Other Non-Fixed Object,,,,N,Level,Straight,Turning Left,Traffic Control Signal,No Special Function,Unknown,,
89653457,2023,1,,,32818-0000,N,Vehicle in Transport,FL,N,N,2005,HOND,,UT,BLU,Minor,100,N,,N,West,STATE ROAD 438 (SILVER STAR ROAD),10,45,6,,,,,Right Rear Fender,Right Rear Fender,(Sport) Utility Vehicle,"Two-Way, Divided, Positive Median Barrier",,,,,Motor Vehicle in Transport,Motor Vehicle in Transport,,,,N,Level,Straight,Turning Left,No Controls,No Special Function,None,,
89653922,2023,1,,,32839-0000,N,Vehicle in Transport,FL,N,N,2006,MERZ,,4D,BLK,Minor,300,N,,N,South,4061 W OAK RIDGE ROAD,10,10,2,,,,,Left Front Door,Left Front Door,Passenger Car,"Two-Way, Not Divided",,,,,Pedalcycle,Pedalcycle,,,,N,Level,Straight,Straight Ahead,No Controls,No Special Function,None,,
89654479,2023,1,,,,N,Vehicle in Transport,,N,Y,,,,,,Unknown,0,N,,N,East,MACKAY BOULEVARD,,45,3,,,,,,,,"Two-Way, Divided, Positive Median Barrier",,,,,Pedestrian,Pedestrian,,,,N,Level,Straight,Straight Ahead,No Controls,No Special Function,Unknown,,
89658277,2023,1,,,33541-2695,N,Vehicle in Transport,FL,N,N,2021,CADI,,UT,RED,None,0,N,,N,West,COUNTY ROAD 577 (CURLEY ROAD),1,25,3,,,,,,,(Sport) Utility Vehicle,"Two-Way, Not Divided",,,,,Pedalcycle,Pedalcycle,,,,N,Level,Straight,Turning Left,Stop Sign,No Special Function,None,,
89659130,2023,1,,,30052-7914,N,Vehicle in Transport,FL,N,N,2018,TOYOT,,4D,SIL,Functional,5000,N,,N,East,STATE ROAD 688,5,25,2,,,,,Right Front Door,Right Front Door,Passenger Car,"Two-Way, Divided, Positive Median Barrier",,,,,Pedestrian,Pedestrian,,,,N,Level,Straight,Turning Right,Stop Sign,No Special Function,None,,
89664394,2023,1,,,00000,N,Vehicle in Transport,UK,N,Y,,DODG,,1500,BLU,Unknown,0,N,,N,North,US HIGHWAY 301,,50,6,,,,,Front Right Bumper,Front Right Bumper,Pickup,"Two-Way, Divided, Positive Median Barrier",,,,,Pedalcycle,Pedalcycle,,,,N,Level,Straight,Turning Right,Traffic Control Signal,No Special Function,None,,
89668229,2023,1,,,,N,Vehicle in Transport,,N,Y,,,,,,Unknown,0,N,,N,East,SR-684 (CORTEZ ROAD WEST),35,35,6,,,,,,,,"Two-Way, Divided, Positive Median Barrier",,,,,Motor Vehicle in Transport,Motor Vehicle in Transport,,,,N,Level,Straight,Straight Ahead,No Controls,No Special Function,None,,
89669466,2023,1,,,34744-0000,N,Vehicle in Transport,FL,N,N,2004,FORD,,TK,BGE,Minor,100,N,,N,North,U.S. 441 (ORANGE BLOSSOM TRAIL ),10,45,8,,,,,Front Right Bumper,Front Right Bumper,Pickup,"Two-Way, Divided, Positive Median Barrier",,,,,Pedalcycle,Pedalcycle,,,,N,Level,Straight,Turning Right,No Controls,No Special Function,None,,
89669626,2023,1,,,32607-1650,N,Vehicle in Transport,FL,N,N,2016,DODG,,2D,BLK,Minor,100,N,,N,East,SW 11TH ST,5,30,2,,,,,Front Right Bumper,Front Right Bumper,Passenger Car,"Two-Way, Not Divided",,,,,Pedestrian,Pedestrian,,,,N,Level,Straight,Turning Right,Stop Sign,No Special Function,None,,
89672489,2023,1,,,,N,Vehicle in Transport,,N,Y,,,,BLK,4D,Unknown,0,N,,N,North,WINEGARD ROAD,,45,2,,,,,Front Right Bumper,,Passenger Car,"Two-Way, Not Divided",,,,,Pedalcycle,Pedalcycle,,,,N,Level,Straight,Turning Right,No Controls,No Special Function,Unknown,,
89674435,2023,1,,,32839-0000,N,Vehicle in Transport,FL,N,N,2014,TOYT,,4D,WHI,Minor,100,N,,N,North,VIA ALIZAR,5,25,2,,,,,Front Right Bumper,Front Right Bumper,Passenger Car,"Two-Way, Not Divided",,,,,Pedalcycle,Pedalcycle,,,,N,Level,Straight,Straight Ahead,No Controls,No Special Function,None,,
89676924,2023,1,,,34684-0000,N,Vehicle in Transport,FL,N,N,2017,HYUN,,UT,BLU,Minor,500,N,,N,West,US 19,5,55,8,,,,,Front Left Bumper,Front Left Bumper,(Sport) Utility Vehicle,"Two-Way, Divided, Positive Median Barrier",,,,,Pedalcycle,Pedalcycle,,,,N,Level,Straight,Turning Right,No Controls,No Special Function,None,,
89682089,2023,1,,,,N,Vehicle in Transport,UK,N,Y,,,,4D,RED,Unknown,0,N,,N,East,SR-60 (BRANDON BLVD),20,50,8,,,,,,,Passenger Car,"Two-Way, Divided, Positive Median Barrier",,,,,Pedalcycle,Pedalcycle,,,,N,Level,Straight,Turning Right,No Controls,No Special Function,Unknown,,
89685169,2023,1,,,32547-0000,N,Vehicle in Transport,FL,N,N,2014,FORD,,UT,WHI,Functional,1200,N,,N,South,BOB SIKES BOULEVARD,25,25,2,,,,,Front Left Bumper,Front Left Bumper,Passenger Car,"Two-Way, Not Divided",,,,,Pedestrian,Pedestrian,,,,N,Level,Straight,Straight Ahead,No Controls,No Special Function,None,,
89689853,2023,1,,,32570-0000,N,Vehicle in Transport,FL,N,N,2003,GMC,SAVANA,PK,WHI,None,0,N,,N,West,BASS LANE,5,25,2,,,,,Front Center Bumper,Front Center Bumper,"Cargo Van (10,000 lbs (4,536 kg) or less)","Two-Way, Not Divided",,,,,Pedalcycle,Pedalcycle,Pedalcycle,,,N,Level,Straight,Turning Right,Stop Sign,No Special Function,None,,N
89694589,2023,1,,,32952-0000,N,Vehicle in Transport,FL,N,N,2018,GMC,,UT,SIL,Functional,1000,N,,N,North,IMPERIAL STREET,10,25,2,,,,,Front Right Bumper,Front Center Bumper,(Sport) Utility Vehicle,"Two-Way, Not Divided",,,,,Pedalcycle,Pedalcycle,,,,N,Level,Straight,Turning Right,Stop Sign,No Special Function,None,,
89696524,2023,1,,,33542,N,Vehicle in Transport,FL,N,N,2018,TOYT,,5D,BLK,Minor,2000,N,,N,North,TRINITY COTTEGE DR,20,30,2,,,,,Front Left Bumper,Left Front Fender,Passenger Car,"Two-Way, Not Divided",,,,,Motor Vehicle in Transport,Motor Vehicle in Transport,,,,N,Level,Straight,Straight Ahead,No Controls,No Special Function,None,,
89696542,2023,1,,,34638-0000,N,Vehicle in Transport,FL,N,N,2023,VOLK,,4D,BLK,Minor,1000,N,,N,West,18327 TURNING LEAF CIR,20,20,2,,,,,Front Center Bumper,Front Center Bumper,Passenger Car,"Two-Way, Not Divided",,,,,Pedalcycle,Pedalcycle,,,,N,Level,Straight,Turning Left,No Controls,No Special Function,None,,
89697731,2023,1,,,34667-0000,N,Vehicle in Transport,FL,N,N,2019,TOYT,,PK,WHI,Functional,5000,N,,N,South,US HIGHWAY 19 (STATE ROAD 55),45,45,6,,,,,Front Center Bumper,Front Center Bumper,Pickup,"Two-Way, Divided, Positive Median Barrier",,,,,Pedalcycle,Pedalcycle,,,,N,Level,Straight,Straight Ahead,Traffic Control Signal,No Special Function,None,,
89698219,2023,1,,,34747-1692,N,Vehicle in Transport,FL,N,N,2008,MAZD,,UT,BLU,Minor,1000,N,,N,North,COUNTY ROAD 15 (HOFFNER AVE),4,40,4,,,,,Right Front Fender,Hood,(Sport) Utility Vehicle,"Two-Way, Divided, Positive Median Barrier",,,,,Pedalcycle,Pedalcycle,,,,N,Level,Straight,Turning Right,Stop Sign,No Special Function,None,,
89698260,2023,1,,,32837-7422,N,Vehicle in Transport,FL,N,N,2018,HOND,,4D,RED,Functional,800,N,,N,North,US HIGHWAY 441 (S ORANGE BLOSSOM TRL,10,45,6,,,,,Right Rear Door,Right Rear Door,Passenger Car,"Two-Way, Divided, Positive Median Barrier",,,,,Pedestrian,Pedestrian,,,,N,Level,Straight,Turning Right,No Controls,No Special Function,None,,
89701790,2023,1,,,33525-5730,N,Vehicle in Transport,FL,N,N,2008,FORD,,PK,BLU,Minor,500,N,,N,South,BLANTON ROAD,45,55,2,,,,,Front Right Bumper,Front Right Bumper,(Sport) Utility Vehicle,"Two-Way, Not Divided",,,,,Pedalcycle,Pedalcycle,,,,N,Downhill,Straight,Straight Ahead,No Controls,No Special Function,None,,
89702794,2023,1,,,34747-1794,N,Vehicle in Transport,FL,N,N,2013,HYUN,,4D,GRY,Minor,250,N,,N,North,MARIGOLD AVE,25,35,2,,,,,Front Right Bumper,Right Front Fender,Passenger Car,"Two-Way, Not Divided",,,,,Pedalcycle,Pedalcycle,,,,N,Level,Straight,Straight Ahead,No Controls,No Special Function,None,,
89708043,2023,1,,,32408-3240,N,Vehicle in Transport,FL,N,N,2012,SUBA,,UT,GRY,Minor,500,N,,N,West,SUNSET DR,25,25,2,,,,,Front Center Bumper,Front Center Bumper,(Sport) Utility Vehicle,"Two-Way, Not Divided",,,,,Pedalcycle,Motor Vehicle in Transport,Pedalcycle,,,N,Level,Straight,Straight Ahead,No Controls,No Special Function,None,,
89709476,2023,1,,,32725-0000,N,Vehicle in Transport,FL,N,N,2022,MERZ,SPRINTER,VN,WHI,None,0,N,,N,North,STATE ROAD 3 (N COURTENAY PKWY),5,45,2,,,,,,,"Cargo Van (10,000 lbs (4,536 kg) or less)","Two-Way, Divided, Positive Median Barrier",,,,,Pedestrian,Pedestrian,,,,N,Level,Straight,Turning Right,No Controls,No Special Function,None,,N
89710165,2023,1,,,34771-8759,N,Vehicle in Transport,FL,N,N,2014,ACUR,,UT,SIL,Functional,2000,N,,N,North,COUNTY ROAD 15 (NARCOOSSEE ROAD),10,45,4,,,,,Right Rear Fender,Right Rear Fender,(Sport) Utility Vehicle,"Two-Way, Divided, Positive Median Barrier",,,,,Pedestrian,Pedestrian,,,,N,Level,Straight,Turning Right,No Controls,No Special Function,None,,
89710177,2023,1,,,,N,Vehicle in Transport,,N,Y,,,,,RED,Unknown,0,N,,N,South,STATE ROAD 436 (SOUTH SEMORAN BOULEV,10,45,6,,,,,Right Front Fender,Right Front Fender,Passenger Car,"Two-Way, Not Divided",,,,,Pedestrian,Pedestrian,,,,N,Level,Straight,Turning Right,No Controls,No Special Function,Unknown,,
89710532,2023,1,,,32712-4065,N,Vehicle in Transport,FL,N,N,2021,KIA,,4D,CRM,Minor,500,N,,N,North,UNIVERSITY BOULEVARD,5,20,2,,,,,Front Center Bumper,Front Center Bumper,Passenger Car,"Two-Way, Not Divided",,,,,Motor Vehicle in Transport,Motor Vehicle in Transport,,,,N,Level,Straight,Turning Right,Stop Sign,No Special Function,None,,
89712775,2023,1,,,30096,N,Vehicle in Transport,MA,N,N,2020,KIA,,4D,WHI,Functional,3000,N,,N,West,STATE ROAD 50 (COLONIAL DRIVE),35,45,6,,,,,Right Front Fender,Right Front Fender,Passenger Car,"Two-Way, Divided, Positive Median Barrier",,,,,Pedalcycle,Pedalcycle,,,,N,Level,Straight,Changing Lanes,No Controls,No Special Function,None,,
89718515,2023,1,,,34639-0000,N,Vehicle in Transport,FL,N,N,2017,BMW,,UT,GLD,Minor,150,N,,N,South,COLLIER PARKWAY,5,45,4,,,,,Front Right Bumper,Front Right Bumper,(Sport) Utility Vehicle,"Two-Way, Divided, Positive Median Barrier",,,,,Pedalcycle,Pedalcycle,,,,N,Downhill,Straight,Slowing,Traffic Control Signal,No Special Function,None,,
89722583,2023,1,,,32827-0000,N,Vehicle in Transport,FL,N,N,2023,CADI,,UT,BLK,Minor,500,N,,N,West,SR 50 E COLONIAL DR,30,45,4,,,,,Rear Right Bumper,Rear Right Bumper,(Sport) Utility Vehicle,"Two-Way, Divided, Positive Median Barrier",,,,,Pedalcycle,Pedalcycle,,,,N,Level,Straight,Changing Lanes,No Controls,No Special Function,None,,
89723675,2023,1,,,32810-2922,N,Vehicle in Transport,FL,N,N,2010,TOYOT,,4D,SIL,Minor,500,N,,N,North,STATE ROAD 434 (FOREST CITY ROAD),5,45,4,,,,,Front Center Bumper,Front Center Bumper,Passenger Car,"Two-Way, Divided, Positive Median Barrier",,,,,Motor Vehicle in Transport,Motor Vehicle in Transport,,,,N,Level,Straight,Turning Left,No Controls,No Special Function,None,,
89723675,2023,2,,,32824,N,Vehicle in Transport,FL,N,N,2015,TOYOT,,4D,WHI,Minor,1000,N,,N,South,STATE ROAD 434 (FOREST CITY ROAD),35,45,4,,,,,Left Front Fender,Left Front Fender,Passenger Car,"Two-Way, Divided, Positive Median Barrier",,,,,Motor Vehicle in Transport,Motor Vehicle in Transport,Pedalcycle,,,N,Level,Straight,Straight Ahead,No Controls,No Special Function,None,,
89729622,2023,1,,,32809-5816,N,Vehicle in Transport,FL,N,N,2018,DODG,,VN,WHI,Minor,100,N,,N,South,737 W LANCASTER RD,5,10,2,,,,,Right Rear Door,Right Rear Door,Passenger Van,"Two-Way, Not Divided",,,,,Pedalcycle,Pedalcycle,,,,N,Level,Straight,Straight Ahead,No Controls,No Special Function,None,,
89729996,2023,1,,,34243-3073,N,Vehicle in Transport,FL,N,Y,2007,JEEP,,UT,BLK,Minor,250,N,Rotation,N,South,MIDNIGHT PASS RD,35,30,2,,,,,Front Right Bumper,Front Right Bumper,(Sport) Utility Vehicle,"Two-Way, Not Divided",,,,,Pedalcycle,Pedalcycle,,,,N,Level,Straight,Leaving Traffic Lane,No Controls,No Special Function,None,,
89732944,2023,1,,,32835-5974,N,Vehicle in Transport,FL,N,N,2020,MITS,,UT,SIL,Minor,1000,N,,N,East,STATE ROAD 482,15,45,2,,,,,Left Front Fender,Left Front Fender,(Sport) Utility Vehicle,"Two-Way, Divided, Unprotected (painted >4 feet) Median",,,,,Pedalcycle,Pedalcycle,,,,N,Level,Straight,Turning Left,Traffic Control Signal,No Special Function,None,,
89738612,2023,1,,,34667-0000,N,Parked Motor Vehicle,FL,N,N,2020,FORD,,TK,WHI,Minor,100,N,,N,East,HOLIDAY LAKES DR,,30,2,,,,,Trailer,Trailer,Pickup,"Two-Way, Not Divided",,,,,Pedalcycle,Pedalcycle,,,,N,Level,Straight,Parked,No Controls,No Special Function,None,,
89744523,2023,1,,,32712-2203,N,Vehicle in Transport,FL,N,N,2013,CHEV,,4D,DBL,Minor,300,N,,N,West,COUNTY ROAD 424 (APOPKA BLVD),20,35,2,,,,,Front Right Bumper,Front Right Bumper,Passenger Car,"Two-Way, Not Divided",,,,,Pedestrian,Pedestrian,,,,N,Level,Straight,Straight Ahead,No Controls,No Special Function,None,,
89746758,2023,1,,,32825-5145,N,Vehicle in Transport,FL,N,N,2019,NISS,,UT,BLK,Minor,500,N,,N,North,REENE AVENUE,5,15,2,,,,,Front Right Bumper,Front Right Bumper,(Sport) Utility Vehicle,"Two-Way, Not Divided",,,,,Pedalcycle,Pedalcycle,,,,N,Level,Straight,Turning Right,School Zone Sign/Device,No Special Function,None,,
89752054,2023,1,,,32703-0000,N,Vehicle in Transport,FL,N,N,2020,CHEV,,PK,RED,Minor,500,N,,N,North,PIEDMONT WEKIWA ROAD,5,45,4,,,,,Front Center Bumper,Front Center Bumper,Pickup,"Two-Way, Divided, Positive Median Barrier",,,,,Pedalcycle,Pedalcycle,,,,N,Level,Straight,Straight Ahead,Traffic Control Signal,No Special Function,None,,
