REPORT_NUMBER,CRASH_YEAR,PERSON_NUMBER,STATUTE_NUMBER,CHARGE,CITATION_NUMBER
26218710,2023,1,316.075(1)(a)1,FAILED TO YIELD RIGHT-OF-WAY TO PEDESTRIAN,AIKNVSE
26218721,2023,2,316.2065(1),VIOLATION BICYCLE REGULATIONS,AIKNX1E
26255456,2023,1,316.123(2)(a),RAN STOP SIGN/VIOLATION OF RIGHT OF WAY FROM STOP SIGN,AA39MTE
26255456,2023,1,316.065(1),CRASH - FAILURE OF DRIVER TO REPORT CRASH RESULTING IN INJUR,AA39MVE
89752054,2023,2,316.2065(1),VIOLATION BICYCLE REGULATIONS,AI43GYE
26255751,2023,3,316.130(10),PEDESTRIAN FAILED TO YIELD TO TRAFFIC,A2WRYQE
87605063,2023,1,316.065(1),CRASH - FAILURE OF DRIVER TO IMMEDIATELY REPORT CRASH RESULT,AGO0Z9E
87605063,2023,1,316.066(1)(d),CRASH - FAILURE OF EACH PARTY TO THE CRASH TO PROVIDE PROOF,AHTFM0E
88460949,2023,1,316.130(7)(a),FAILED TO YIELD RIGHT-OF-WAY TO PEDESTRIAN AT INTERSECTION W,AGGKKPE
89376153,2023,1,316.075(1)(a)1,FAILED TO YIELD RIGHT-OF-WAY TO PEDESTRIAN,AG8TYLE
89613798,2023,1,316.130(1),PEDESTRIAN CONTROL SIGNAL - PEDESTRIAN FAILED TO OBEY,AGHQG4E
89619181,2023,1,316.123(2)(a),RAN STOP SIGN/VIOLATION OF RIGHT OF WAY FROM STOP SIGN,AGKCYTE
89622307,2023,1,316.125(2),FAILED TO YIELD/STOP AT SIDEWALK - FROM ALLEY/BLDG. /PRIVATE,AGLJV2E
89622522,2023,1,316.121,FAILED TO YIELD - APPROACHING/ENTERING INTERSECTION,AGLKDPE
89622522,2023,1,322.34(2)(a),OPERATING WHILE DL SUSP/CANCELLED/REVOKED/ 1ST CONVICTION,AGLKDQE
89625713,2023,1,316.075(1)(a)1,FAILED TO YIELD RIGHT-OF-WAY TO PEDESTRIAN,AGLRWNE
89627589,2023,1,316.125(2),FAILED TO YIELD/STOP AT SIDEWALK - FROM ALLEY/BLDG. /PRIVATE,AHHS8NE
89627723,2023,1,316.151(1)(a),IMPROPER RIGHT TURN,AHHSA4E
89628687,2023,1,316.122,FAIL TO YIELD - TO ONCOMING TRAFFIC/VEHICLE PASSING ON LEFT,AHKFNSE
89628687,2023,1,322.1615,LEARNER'S DRIVER LICENSE - VIOLATION OF RESTRICTION,AHKFNTE
89632235,2023,1,316.130(7)(c),FAILED TO YIELD RIGHT-OF-WAY TO PEDESTRIAN AT CROSSWALK WITH,AHI5JEE
89632939,2023,1,316.1985(1),BACKING - IMPROPER,AHJAQIE
89645676,2023,1,316.130(15),FAILED TO USE DUE CARE TOWARD PEDESTRIAN,AHJ0ZUE
89653457,2023,1,316.122,FAIL TO YIELD - TO ONCOMING TRAFFIC/VEHICLE PASSING ON LEFT,AHKU2IE
89653922,2023,1,322.1615,LEARNER'S DRIVER LICENSE - VIOLATION OF RESTRICTION,AHJJIUE
89659130,2023,2,316.081(1),DRIVING ON WRONG LANE OR SIDE - FAILED TO DRIVE UPON RIGHT H,AHHXFBE
89669466,2023,1,316.130(7)(c),FAILED TO YIELD RIGHT-OF-WAY TO PEDESTRIAN AT CROSSWALK WITH,AHJIF6E
89669626,2023,1,316.130(7)(a),FAILED TO YIELD RIGHT-OF-WAY TO PEDESTRIAN AT INTERSECTION W,AHKMANE
89674435,2023,1,316.125(1),FAILED TO YIELD AT SIDEWALK - FROM ALLEY/BLDG./ PRIVATE ROAD,AHK9IYE
89676924,2023,1,316.125(1),FAILED TO YIELD AT SIDEWALK - FROM ALLEY/BLDG./ PRIVATE ROAD,AHKSO6E
89689853,2023,1,316.123(2)(a),RAN STOP SIGN/VIOLATION OF RIGHT OF WAY FROM STOP SIGN,AI0QPHE
89694589,2023,2,316.074(1),FAIL TO OBEY TRAFFIC CONTROL DEVICE (SIGN),AI106XE
89701790,2023,1,320.07(3)(a),OPERATING A MOTOR VEHICLE/USING A MOBILE HOME WITH AN EXPIRE,AI1F6OE
89708043,2023,1,324.201(2),FINANCIAL RESPONSIBILITY - DRIVING WHILE DL SUSPENDED,AI24E8E
89708043,2023,2,316.2065(1),VIOLATION BICYCLE REGULATIONS,AI24E7E
89710165,2023,1,316.151(2),FAIL TURN AS DIRECTED,AI1TPYE
89710532,2023,2,316.065,CRASH - DRIVER FAILURE TO REPORT CRASH (INJURY/DEATH/PROPERT,AI1UEKE
89722583,2023,1,316.085(2),IMPROPER-CHANGE-OF-LANE/ PULLING OUT IN FRONT OF VEHICLE GOI,AI2JXPE
89723675,2023,1,316.122,FAIL TO YIELD - TO ONCOMING TRAFFIC/VEHICLE PASSING ON LEFT,AI2TTRE
89729996,2023,1,322.03(1),NO DRIVER LICENSE - NEVER HAD ONE ISSUED,AI32B0E
89729996,2023,1,316.1925(1),CARELESS DRIVING,AI32B1E
