REPORT_NUMBER,CRASH_YEAR,CRASH_DATE_AND_TIME,REPORT_DATE_AND_TIME,INVESTIGATING_AGENCY_REPORT_NUMBER,FORM_TYPE,TOTAL_NUMBER_OF_VEHICLES,TOTAL_NUMBER_OF_PERSONS,COUNTY_CODE,CITY_CODE,COUNTY_NAME,CITY_NAME,RURAL_OR_URBAN,NOTIFIED_TIME,DISPATCHED_TIME,ARRIVED_TIME,CLEARED_TIME,COMPLETED_FLAG,NOTIFIED_BY,ON_STREET_ROAD_HIGHWAY,STREET_ADDRESS_NUMBER,LATITUDE,LONGITUDE,FEET_FROM_INTERSECTION,DIRECTION_FROM_INTERSECTION,FROM_INTERSECTION_OF,MILEPOST_NUMBER,ROAD_SYSTEM_IDENTIFER,TYPE_OF_SHOULDER,TYPE_OF_INTERSECTION,PHOTOS_TAKEN,LIGHT_CONDITION,WEATHER_CONDITION,ROAD_SURFACE_CONDITION,SCHOOL_BUS_RELATED_CODE,TYPE_OF_IMPACT,FIRST_HARMFUL_EVENT,LOCATION,INTERCHANGE_FLAG,JUNCTION_FLAG,ROAD_CIRCUMSTANCES_1,ROAD_CIRCUMSTANCES_2,ROAD_CIRCUMSTANCES_3,ENVIRONMENT_CIRCUMSTANCES_1,ENVIRONMENT_CIRCUMSTANCES_2,ENVIRONMENT_CIRCUMSTANCES_3,WORK_ZONE_RELATED_FLAG,CRASH_IN_WORK_ZONE,TYPE_OF_WORK_ZONE,WORKERS_PRESENT,LAW_ENFORCEMENT_PRESENT,INVESTIGATOR_RANK,INVESTIGATING_AGENCY_NAME,INVESTIGATING_AGENCY_TYPE,LOAD_DATE,UPDATE_DATE,DAYS_TO_LOAD,CODEABLE,S4_CRASH_TYPE,S4_CRASH_TYPE_SIMPLIFIED,S4_CRASH_SEVERITY,S4_CRASH_SEVERITY_DETAIL,S4_DAY_OR_NIGHT,S4_IS_AGGRESSIVE_DRIVING,S4_IS_ALCOHOL_RELATED,S4_IS_CMV_INVOLVED,S4_IS_DISTRACTED,S4_IS_DRUG_RELATED,S4_IS_HIT_AND_RUN,S4_IS_INTERSECTION_RELATED,S4_IS_LANE_DEPARTURE_RELATED,S4_IS_SPEEDING_RELATED,S4_NONE_INJURY_COUNT,S4_INJURY_COUNT,S4_POSSIBLE_INJURY_COUNT,S4_NON_INCAPACITATING_INJURY_COUNT,S4_INCAPACITATING_INJURY_COUNT,S4_FATALITY_COUNT,S4_FATALITY_WITHIN_30_DAYS_COUNT,S4_NON_TRAFFIC_FATALITY_COUNT,S4_TRAILER_COUNT,S4_MOTORCYCLE_COUNT,S4_MOPED_COUNT,S4_NON_MOTORIST_COUNT,S4_BICYCLIST_COUNT,S4_PEDESTRIAN_COUNT,S4_DRIVER_COUNT,S4_AGING_DRIVER_COUNT,S4_TEENAGER_DRIVER_COUNT,S4_PASSENGER_COUNT,S4_UNRESTRAINED_COUNT,S4_UNRESTRAINED_INJURY_COUNT,S4_UNRESTRAINED_INCAPACITATING_INJURY_COUNT,S4_UNRESTRAINED_FATALITY_COUNT,S4_MOTORCYCLIST_COUNT,S4_MOTORCYCLIST_INCAPACITATING_INJURY_COUNT,S4_MOTORCYCLIST_FATALITY_COUNT,S4_IS_PEDESTRIAN_INVOLVED,S4_PEDESTRIAN_INCAPACITATING_INJURY_COUNT,S4_PEDESTRIAN_FATALITY_COUNT,S4_IS_BICYCLIST_INVOLVED,S4_BICYCLIST_INCAPACITATING_INJURY_COUNT,S4_BICYCLIST_FATALITY_COUNT,S4_CITATION_COUNT,S4_CITATION_AMOUNT,S4_PROPERTY_DAMAGE_COUNT,S4_PROPERTY_DAMAGE_AMOUNT,S4_VEHICLE_DAMAGE_COUNT,S4_VEHICLE_DAMAGE_AMOUNT,S4_TOTAL_DAMAGE_AMOUNT,S4_TRANSPORT_BY_EMS_COUNT,S4_TRANSPORT_BY_LAW_ENFORCEMENT_COUNT,S4_TRANSPORT_BY_OTHER_COUNT,S4_GEOLOCATION_STATUS,S4_PRELIMINARY_GEOLOCATION_STATUS,S4_X,S4_Y,S4_LATITUDE,S4_LONGITUDE
26905982,2024,14-NOV-2024 01:42 PM,14-NOV-2024 12:00 AM,24-11-03869,L,1,3,10,62,Broward,Miramar,Urban,11/14/2024 1:48:00 PM,11/14/2024 1:49:00 PM,11/14/2024 1:59:00 PM,11/14/2024 2:24:00 PM,Y,Law Enforcement,SW 41ST ST,9227,25.97236,-80.265541,,,,,Local,Curb,Not at Intersection,N,Daylight,Clear,Dry,N,,Pedalcycle,In Parking Lane or Zone,N,Intersection-Related,None,,,None,,,N,,,,,CSO,Miramar Police Department,Police Department (PD),11/30/2024 7:20:00 PM,11/30/2024 7:20:00 PM,16,Y,Bicycle,Bicycle,Injury,Non-Incapacitating Injury,DAY,N,N,N,Y,N,N,Y,N,N,2,1,0,1,0,0,0,0,0,0,0,1,1,0,1,0,0,1,0,0,0,0,0,0,0,N,0,0,Y,0,0,1,0,0,0,1,900,900,1,0,0,Preliminary,Editor Mapped,573521.9635,2872829.0485,25.9723580234716,-80.2655352411215
26917150,2024,02-NOV-2024 02:10 PM,02-NOV-2024 12:00 AM,20240017512,L,1,2,6,94,Palm Beach,West Palm Beach,Urban,11/2/2024 2:10:00 PM,11/2/2024 2:13:00 PM,11/2/2024 2:32:00 PM,11/2/2024 3:04:00 PM,Y,Law Enforcement,OKEECHOBEE BLVD,,,,0,,SKEES RD,,State,Curb,Other,Y,Daylight,Clear,Dry,N,Other,Pedalcycle,On Roadway,N,Driveway/Alley Access Related,None,,,None,,,N,,,,,OFFICER,West Palm Beach Police Department,Police Department (PD),11/5/2024 7:58:00 PM,11/5/2024 7:58:00 PM,3,Y,Bicycle,Bicycle,Injury,Non-Incapacitating Injury,DAY,N,N,N,N,N,N,N,N,N,1,1,0,1,0,0,0,0,0,0,0,1,1,0,1,0,0,0,0,0,0,0,0,0,0,N,0,0,Y,0,0,0,0,0,0,1,2000,2000,1,0,0,Preliminary,Editor Mapped,583777.7475,2954364.602,26.707942400106,-80.1577786640683
26920620,2024,29-JUL-2024 10:15 AM,29-JUL-2024 12:00 AM,372407026778,L,1,2,10,60,Broward,Margate,Urban,7/29/2024 10:15:00 AM,7/29/2024 10:15:00 AM,7/29/2024 10:22:00 AM,7/29/2024 10:32:00 AM,Y,Law Enforcement,COCONUT CREEK PKWY,,,,360,West,BANKS RD,,Local,Curb,Not at Intersection,N,Daylight,Clear,Dry,N,Other,Pedestrian,On Roadway,N,Non-Junction,None,,,None,,,N,,,,,,Margate Police Department,Police Department (PD),8/6/2024 7:43:00 PM,8/6/2024 7:43:00 PM,8,Y,Pedestrian,Pedestrian,Injury,Possible Injury,DAY,N,N,N,N,N,N,N,N,N,1,1,1,0,0,0,0,0,0,0,0,1,1,0,1,0,0,0,0,0,0,0,0,0,0,N,0,0,Y,0,0,0,0,0,0,1,500,500,0,0,0,Preliminary,Editor Mapped,580321.5492,2903013.4544,26.2445274016879,-80.1957517000135
26920890,2024,08-OCT-2024 08:38 PM,08-OCT-2024 12:00 AM,372410035581,L,1,3,10,60,Broward,Margate,Urban,10/8/2024 8:39:00 PM,10/8/2024 8:39:00 PM,10/8/2024 8:41:00 PM,10/8/2024 9:09:00 PM,Y,Motorist,NW 62ND TER,,,,5,East,NW 15TH ST,,Local,Paved,T-Intersection,Y,Dark - Lighted,Clear,Dry,N,Front to Rear,Motor Vehicle in Transport,On Roadway,N,Non-Junction,None,None,None,None,None,None,N,,,,,,Margate Police Department,Police Department (PD),10/10/2024 7:26:00 PM,10/10/2024 7:26:00 PM,2,Y,Single Vehicle,Other,Injury,Non-Incapacitating Injury,NIGHT,Y,N,N,N,N,N,N,N,N,2,1,0,1,0,0,0,0,2,0,0,2,1,1,1,0,0,0,0,0,0,0,0,0,0,Y,0,0,Y,0,0,1,0,0,0,1,1000,1000,1,0,0,Preliminary,Editor Mapped,579167.4421,2903208.8123,26.2463554447654,-80.2072947521823
26924222,2024,20-NOV-2024 06:08 PM,20-NOV-2024 12:00 AM,2024-046609,L,1,2,5,0,Polk,Unincorporated,Rural,11/20/2024 6:10:00 PM,11/20/2024 6:18:00 PM,11/20/2024 6:24:00 PM,11/20/2024 8:09:00 PM,Y,Law Enforcement,HIGHWAY 27,,,,0,,HELLER CT,,U.S.,Paved,Four-Way Intersection,Y,Dark - Lighted,Clear,Dry,N,Other,Motor Vehicle in Transport,On Roadway,N,Non-Junction,None,,,None,,,N,,,,,Dep.,Polk County Sheriff's Office,Sheriff's Office (SO),11/29/2024 7:44:00 PM,11/29/2024 7:44:00 PM,9,Y,Single Vehicle,Other,Injury,Possible Injury,DAY,N,N,N,N,N,N,N,N,N,1,1,1,0,0,0,0,0,0,0,0,1,1,0,1,0,1,0,0,0,0,0,0,0,0,N,0,0,Y,0,0,0,0,0,0,0,0,0,0,0,0,Preliminary,Editor Mapped,436469.8215,3122648.2493,28.2281709262077,-81.6475019989821
26924660,2024,29-NOV-2024 06:28 PM,29-NOV-2024 12:00 AM,2024-047866,L,1,2,5,0,Polk,Unincorporated,Rural,11/29/2024 6:26:00 PM,11/29/2024 6:28:00 PM,11/29/2024 6:35:00 PM,11/29/2024 8:31:00 PM,Y,Law Enforcement,YARBOROUGH  LANE,,,,,,DPVETAIL LN N,,Local,Unpaved,Not at Intersection,,Dark - Not Lighted,Clear,Wet,N,Other,Pedestrian,On Roadway,N,Non-Junction,None,None,None,Unknown,,,N,,,,,,Polk County Sheriff's Office,Sheriff's Office (SO),12/7/2024 7:26:00 PM,12/7/2024 7:26:00 PM,8,Y,Pedestrian,Pedestrian,Injury,Possible Injury,DAY,N,N,N,N,N,N,N,N,N,1,1,1,0,0,0,0,0,0,0,0,1,1,0,1,0,0,0,0,0,0,0,0,0,0,N,0,0,Y,0,0,0,0,0,0,1,500,500,1,0,0,Unmapped,Unmapped,,,,
26926614,2024,02-AUG-2024 08:47 AM,02-AUG-2024 12:00 AM,240011312,L,1,2,8,30,Volusia,Daytona Beach,Urban,8/2/2024 8:47:00 AM,8/2/2024 8:48:00 AM,8/2/2024 8:56:00 AM,8/2/2024 9:10:00 AM,Y,Law Enforcement,DUNN AVE,,29.200771,-81.072096,,,BILL FRANCE BLVD,,Local,Unpaved,Not at Intersection,N,Daylight,Clear,Dry,N,,Pedalcycle,Off Roadway,N,Non-Junction,None,,,None,,,N,,,,,OFFICER,Daytona Beach Police Department,Police Department (PD),8/9/2024 7:34:00 PM,8/9/2024 7:34:00 PM,7,Y,Bicycle,Bicycle,Injury,Non-Incapacitating Injury,DAY,N,N,N,N,N,N,N,N,N,1,1,0,1,0,0,0,0,0,0,0,1,1,0,1,1,0,0,0,0,0,0,0,0,0,N,0,0,Y,0,0,0,0,0,0,1,500,500,1,0,0,Preliminary,Editor Mapped,492991.5904,3230231.3616,29.2007669841197,-81.0720947189621
26927700,2024,06-NOV-2024 03:20 PM,06-NOV-2024 12:00 AM,240016474,L,1,3,8,30,Volusia,Daytona Beach,Urban,11/6/2024 3:20:00 PM,11/6/2024 3:22:00 PM,11/6/2024 3:23:00 PM,11/6/2024 4:28:00 PM,Y,Law Enforcement,S NOVA RD,,29.189349,-81.031954,27,West,BELLEVUE AVE,,State,Paved,Four-Way Intersection,N,Daylight,Clear,Dry,N,,Pedalcycle,On Roadway,N,Intersection,None,,,None,,,N,,,,,OFC,Daytona Beach Police Department,Police Department (PD),11/14/2024 7:33:00 PM,11/14/2024 7:33:00 PM,8,N,Bicycle,Bicycle,No Injury,No Injury,DAY,N,N,N,N,N,N,Y,N,N,3,0,0,0,0,0,0,0,0,0,0,2,2,0,1,1,0,0,0,0,0,0,0,0,0,N,0,0,Y,0,0,0,0,0,0,1,1000,1000,0,0,0,Preliminary,Editor Mapped,496890.2431,3228973.8563,29.189432705723,-81.0319862042561
26928234,2024,31-DEC-2024 01:07 PM,31-DEC-2024 12:00 AM,240019129,L,1,2,8,30,Volusia,Daytona Beach,Urban,12/31/2024 1:07:00 PM,12/31/2024 1:10:00 PM,12/31/2024 1:12:00 PM,12/31/2024 2:08:00 PM,Y,Law Enforcement,MASON AVE,,29.219717,-81.04753,0,,N NOVA RD,,State,Curb,Four-Way Intersection,N,Daylight,Clear,Dry,N,,Pedestrian,On Roadway,N,Intersection-Related,None,,,None,,,N,,,,,OFFICER,Daytona Beach Police Department,Police Department (PD),1/15/2025 7:28:00 PM,1/15/2025 7:28:00 PM,15,Y,Pedestrian,Pedestrian,Injury,Possible Injury,DAY,Y,N,N,N,N,N,Y,N,N,1,1,1,0,0,0,0,0,0,0,0,1,1,0,1,0,0,0,0,0,0,0,0,0,0,N,0,0,Y,0,0,2,0,0,0,1,200,200,1,0,0,Preliminary,Officer Mapped,495380.6394,3232329.1002,29.2197114878489,-81.0475275857987
26943693,2024,19-DEC-2024 04:15 PM,19-DEC-2024 12:00 AM,20243542416,L,1,2,17,32,Seminole,Casselberry,Urban,12/19/2024 4:18:00 PM,12/19/2024 4:19:00 PM,12/19/2024 4:27:00 PM,12/19/2024 5:00:00 PM,Y,Law Enforcement,SEMINOLA BLVD,,28.67436,-81.311752,,,LAKE DR,,Other,Paved,Other,N,Daylight,Clear,Dry,N,,Pedestrian,Outside Right-of-way,N,Crossover-Related,None,,,None,,,N,,,,,OFFICER,Casselberry Police Department,Police Department (PD),12/20/2024 7:51:00 PM,12/20/2024 7:51:00 PM,1,Y,Pedestrian,Pedestrian,Injury,Possible Injury,DAY,N,N,N,N,N,N,N,N,N,1,1,1,0,0,0,0,0,0,0,0,1,1,0,1,1,0,0,0,0,0,0,0,0,0,N,0,0,Y,0,0,1,0,0,0,1,1000,1000,1,0,0,Preliminary,Editor Mapped,469540.4395,3171947.6151,28.6743553550576,-81.3117537808299
27145440,2024,10-OCT-2024 01:00 PM,10-OCT-2024 12:00 AM,292410001712,L,1,2,10,52,Broward,Lauderhill,Urban,10/10/2024 1:04:00 PM,10/10/2024 1:04:00 PM,10/10/2024 1:04:00 PM,10/10/2024 2:20:00 PM,Y,Law Enforcement,NW 56 AV,2900,,,41,West,,,Other,Paved,Other,N,Daylight,Clear,Dry,N,Angle,Pedalcycle,Off Roadway,N,Other,None,,,None,,,N,,,,,,Lauderhill Police Department,Police Department (PD),10/17/2024 1:26:00 AM,10/17/2024 1:26:00 AM,7,Y,Bicycle,Bicycle,Injury,Possible Injury,DAY,N,N,N,N,N,N,N,N,N,1,1,1,0,0,0,0,0,0,0,0,1,1,0,1,0,0,0,0,0,0,0,0,0,0,N,0,0,Y,0,0,0,0,1,50,1,500,550,1,0,0,Preliminary,Editor Mapped,577239.6697,2893941.3988,26.1627872192201,-80.2271488670147
27145553,2024,28-OCT-2024 02:14 PM,03-DEC-2024 12:00 AM,292410005060,L,1,1,10,52,Broward,Lauderhill,Urban,10/28/2024 2:14:00 PM,10/28/2024 2:49:00 PM,10/28/2024 3:00:00 PM,10/28/2024 3:54:00 PM,Y,Law Enforcement,W OAKLAND PARK BLVD,7500,,,0,,,,Local,Paved,Not at Intersection,N,Daylight,Cloudy,Dry,N,Angle,Pedalcycle,Off Roadway,N,Other,None,,,None,,,N,,,,,,Lauderhill Police Department,Police Department (PD),11/4/2024 7:56:00 PM,12/5/2024 7:29:00 PM,7,Y,Bicycle,Bicycle,Injury,Possible Injury,DAY,N,N,N,N,N,Y,N,N,N,0,1,1,0,0,0,0,0,0,0,0,1,1,0,0,0,0,0,0,0,0,0,0,0,0,N,0,0,Y,0,0,0,0,0,0,0,0,0,0,0,0,Preliminary,Editor Mapped,575482,2894219.238,26.1653891100594,-80.2447185108062
27152740,2024,14-SEP-2024 02:31 PM,14-SEP-2024 12:00 AM,2024-066542,L,1,2,23,50,Bay,Panama City,Urban,9/14/2024 2:31:00 PM,9/14/2024 2:31:00 PM,9/14/2024 2:31:00 PM,9/14/2024 3:15:00 PM,Y,Law Enforcement,W 8TH ST,,30.162461,-85.662558,11,East,JENKS AVE,,Local,Paved,Four-Way Intersection,N,Daylight,Clear,Dry,N,,Pedestrian,On Roadway,N,Through Roadway,None,,,None,,,N,,,,,OFFICER,Panama City Police Department,Police Department (PD),9/17/2024 7:49:00 PM,9/17/2024 7:49:00 PM,3,Y,Pedestrian,Pedestrian,Injury,Non-Incapacitating Injury,DAY,N,N,N,N,N,N,N,N,N,1,1,0,1,0,0,0,0,0,0,0,1,1,0,1,0,0,0,0,0,0,0,0,0,0,N,0,0,Y,0,0,0,0,0,0,1,300,300,1,0,0,Preliminary,Editor Mapped,50794.3879000004,3345983.6982,30.1624586144363,-85.662556583874
27159547,2024,13-NOV-2024 03:37 PM,13-NOV-2024 12:00 AM,24-067344,L,1,3,4,54,Pinellas,Pinellas Park,Urban,11/13/2024 3:39:00 PM,11/13/2024 3:43:00 PM,11/13/2024 3:55:00 PM,11/13/2024 4:17:00 PM,Y,Law Enforcement,66TH ST N,,27.863949,-82.728759,246,South,102ND AVE N,,State,Curb,T-Intersection,N,Daylight,Clear,Dry,N,,Pedalcycle,On Roadway,N,Intersection-Related,None,,,None,,,N,,,,,OFFICER,Pinellas Park Police Department,Police Department (PD),11/20/2024 7:47:00 PM,11/20/2024 7:47:00 PM,7,Y,Bicycle,Bicycle,Injury,Non-Incapacitating Injury,DAY,N,N,N,N,N,N,Y,N,N,2,1,0,1,0,0,0,0,0,0,0,1,1,0,1,1,0,1,0,0,0,0,0,0,0,N,0,0,Y,0,0,1,0,0,0,1,100,100,1,0,0,Preliminary,Editor Mapped,329796.7599,3083331.152,27.863943358707,-82.7287552598144
27161480,2024,07-NOV-2024 09:11 AM,07-NOV-2024 12:00 AM,24-053411,S,1,2,16,50,Sarasota,Sarasota,Urban,11/7/2024 9:11:00 AM,11/7/2024 9:11:00 AM,11/7/2024 9:11:00 AM,11/7/2024 10:00:00 AM,Y,Motorist,SR 780,,,,0,,LOCKWOOD RIDGE RD,,State,Curb,Four-Way Intersection,,Daylight,Cloudy,Dry,N,Angle,Pedalcycle,On Roadway,N,Non-Junction,None,,,None,,,N,,,,,OFC.,Sarasota Police Department,Police Department (PD),11/14/2024 7:32:00 PM,11/14/2024 7:32:00 PM,7,N,Bicycle,Bicycle,No Injury,No Injury,DAY,N,N,N,N,N,N,N,N,N,2,0,0,0,0,0,0,0,0,0,0,1,1,0,1,0,0,0,0,0,0,0,0,0,0,N,0,0,Y,0,0,1,0,0,0,1,100,100,0,0,0,Preliminary,Computer mapped confident by address,351049.6579,3024720.1837,27.3375350524452,-82.5057066962783
27166574,2024,02-OCT-2024 12:31 PM,02-OCT-2024 12:00 AM,24104112,L,1,2,6,0,Palm Beach,Unincorporated,Rural,10/2/2024 12:31:00 PM,10/2/2024 12:32:00 PM,10/2/2024 12:50:00 PM,10/2/2024 1:15:00 PM,Y,Law Enforcement,LUCERNE LAKES BLVD N,,26.617423,-80.1616,31,South,LAKE WORTH RD,,Local,Curb,Not at Intersection,N,Daylight,Clear,Dry,N,,Pedestrian,On Roadway,N,Non-Junction,None,,,None,,,N,,,,,CSA,Palm Beach County Sheriff's Office,Sheriff's Office (SO),10/3/2024 7:30:00 PM,10/3/2024 7:30:00 PM,1,Y,Pedestrian,Pedestrian,Injury,Non-Incapacitating Injury,DAY,N,N,N,N,N,N,N,N,N,1,1,0,1,0,0,0,0,0,0,0,1,1,0,1,0,0,0,0,0,0,0,0,0,0,N,0,0,Y,0,0,0,0,0,0,1,4000,4000,1,0,0,Preliminary,Editor Mapped,583463.6908,2944335.5327,26.6174181144955,-80.1615976416502
27167031,2024,04-OCT-2024 07:49 AM,04-OCT-2024 12:00 AM,24104683,L,1,3,6,42,Palm Beach,Greenacres,Urban,10/4/2024 7:51:00 AM,10/4/2024 7:52:00 AM,10/4/2024 8:02:00 AM,10/4/2024 8:45:00 AM,Y,Law Enforcement,13TH RD S,,26.658121,-80.145148,24,North,S JOG RD,,Local,Paved,Not at Intersection,N,Daylight,Clear,Dry,N,,Pedestrian,On Roadway,N,Non-Junction,None,,,None,,,N,,,,,D/S,Palm Beach County Sheriff's Office,Sheriff's Office (SO),10/15/2024 8:04:00 PM,10/15/2024 8:04:00 PM,11,Y,Pedestrian,Pedestrian,Injury,Possible Injury,DAY,N,N,N,N,N,N,N,N,N,2,1,1,0,0,0,0,0,0,0,0,1,1,0,1,0,0,1,0,0,0,0,0,0,0,N,0,0,Y,0,0,0,0,0,0,1,500,500,0,0,0,Preliminary,Editor Mapped,585071.4095,2948853.9616,26.6581146301364,-80.1451457395214
27167034,2024,05-OCT-2024 03:13 PM,05-OCT-2024 12:00 AM,24105057,L,1,2,6,42,Palm Beach,Greenacres,Urban,10/5/2024 3:16:00 PM,10/5/2024 3:16:00 PM,10/5/2024 3:20:00 PM,10/5/2024 4:00:00 PM,Y,Law Enforcement,S JOG RD,,26.631734,-80.146173,0,,10TH AVE N,,County,Paved,Four-Way Intersection,N,Daylight,Clear,Dry,N,,Pedestrian,On Roadway,N,Intersection,None,,,None,,,N,,,,,D/S,Palm Beach County Sheriff's Office,Sheriff's Office (SO),10/15/2024 8:04:00 PM,10/15/2024 8:04:00 PM,10,Y,Pedestrian,Pedestrian,Injury,Non-Incapacitating Injury,DAY,N,N,N,N,N,N,Y,N,N,1,1,0,1,0,0,0,0,0,0,0,1,1,0,1,0,0,0,0,0,0,0,0,0,0,N,0,0,Y,0,0,0,0,0,0,1,500,500,1,0,0,Preliminary,Editor Mapped,584988.8061,2945930.7705,26.6317289296319,-80.1461720242654
27167243,2024,13-OCT-2024 04:40 PM,13-OCT-2024 12:00 AM,24107054,L,1,2,6,0,Palm Beach,Unincorporated,Urban,10/13/2024 4:48:00 PM,10/13/2024 4:48:00 PM,10/13/2024 4:59:00 PM,10/13/2024 5:50:00 PM,Y,Law Enforcement,SOUTHVIEW DR,659,26.935185,-80.104244,76,East,PHILADELPHIA DR,,County,Unpaved,Four-Way Intersection,N,Daylight,Clear,Dry,N,,Pedalcycle,Roadside,N,Intersection-Related,None,,,None,,,N,,,,,D/S,Palm Beach County Sheriff's Office,Sheriff's Office (SO),10/17/2024 1:27:00 AM,10/17/2024 1:27:00 AM,4,Y,Bicycle,Bicycle,Injury,Possible Injury,DAY,N,N,N,N,N,N,Y,N,N,1,1,1,0,0,0,0,0,0,0,0,1,1,0,1,0,0,0,0,0,0,0,0,0,0,N,0,0,Y,0,0,0,0,0,0,1,200,200,1,0,0,Preliminary,Editor Mapped,588925.8918,2979570.7426,26.9351798156531,-80.1042415809417
27167645,2024,19-OCT-2024 06:23 PM,19-OCT-2024 12:00 AM,24108871,L,1,2,6,42,Palm Beach,Greenacres,Urban,10/19/2024 6:25:00 PM,10/19/2024 6:25:00 PM,10/19/2024 6:27:00 PM,10/19/2024 7:49:00 PM,Y,Law Enforcement,LAKE WORTH RD,5445,26.619166,-80.128955,,,,,Parking Lot,Unpaved,Not at Intersection,Y,Daylight,Clear,Dry,N,,Pedalcycle,Off Roadway,N,Non-Junction,None,,,None,,,N,,,,,D/S,Palm Beach County Sheriff's Office,Sheriff's Office (SO),10/22/2024 8:01:00 PM,10/22/2024 8:01:00 PM,3,Y,Bicycle,Bicycle,Serious Injury,Incapacitating Injury,DAY,N,N,N,N,N,N,N,N,N,1,1,0,0,1,0,0,0,0,0,0,1,1,0,1,1,0,0,0,0,0,0,0,0,0,N,0,0,Y,1,0,0,0,0,0,1,500,500,1,0,0,Preliminary,Editor Mapped,586712.3103,2944550.4106,26.6191620049278,-80.1289531563589
27167674,2024,20-OCT-2024 08:59 AM,20-OCT-2024 12:00 AM,24108997,L,1,2,6,0,Palm Beach,Unincorporated,Rural,10/20/2024 9:00:00 AM,10/20/2024 9:01:00 AM,10/20/2024 9:07:00 AM,10/20/2024 10:09:00 AM,Y,Law Enforcement,ALFRESCO ST,,26.347743,-80.216816,,,ATAMAN ST,,Local,Unpaved,Not at Intersection,Y,Daylight,Cloudy,Dry,N,,Pedalcycle,On Roadway,N,Non-Junction,None,,,None,,,N,,,,,CPL,Palm Beach County Sheriff's Office,Sheriff's Office (SO),10/21/2024 7:48:00 PM,10/21/2024 7:48:00 PM,1,Y,Bicycle,Bicycle,Injury,Non-Incapacitating Injury,DAY,N,N,N,N,N,N,N,N,N,1,1,0,1,0,0,0,0,0,0,0,1,1,0,1,1,0,0,0,0,0,0,0,0,0,N,0,0,Y,0,0,1,0,0,0,1,2000,2000,1,0,0,Preliminary,Editor Mapped,578148.5941,2914431.5107,26.3477370941913,-80.2168152326643
27167866,2024,22-OCT-2024 08:25 AM,22-OCT-2024 12:00 AM,24109636,L,2,2,6,89,Palm Beach,Wellington,Urban,10/22/2024 9:03:00 AM,10/22/2024 9:03:00 AM,10/22/2024 9:25:00 AM,10/22/2024 9:32:00 AM,Y,Law Enforcement,WELLINGTON TRCE,13850,26.661922,-80.267504,,,GREENVIEW SHORES BLVD,,Local,Curb,Not at Intersection,N,Daylight,Clear,Wet,N,,Pedalcycle,On Roadway,N,Driveway/Alley Access Related,None,,,None,,,N,,,,,CSA,Palm Beach County Sheriff's Office,Sheriff's Office (SO),10/24/2024 12:21:00 AM,10/24/2024 12:21:00 AM,2,Y,Bicycle,Bicycle,Injury,Non-Incapacitating Injury,DAY,N,N,N,N,N,Y,N,N,N,0,1,0,1,0,0,0,0,0,0,0,1,1,0,1,0,0,0,0,0,0,0,0,0,0,N,0,0,Y,0,0,0,0,0,0,1,100,100,0,0,0,Preliminary,Editor Mapped,572892.2578,2949199.2643,26.6619155430661,-80.2675013645606
27168273,2024,28-OCT-2024 07:10 AM,28-OCT-2024 12:00 AM,24111448,L,1,2,6,94,Palm Beach,West Palm Beach,Urban,10/28/2024 7:14:00 AM,10/28/2024 7:17:00 AM,10/28/2024 7:17:00 AM,10/28/2024 8:00:00 AM,Y,Law Enforcement,FOREST HILL BLVD,,26.651734,-80.120429,0,,HAVERHILL RD S,,State,Curb,Four-Way Intersection,N,Dark - Lighted,Clear,Dry,N,,Other Non-Fixed Object,On Roadway,Y,Intersection,None,,,None,,,N,,,,,CPL,Palm Beach County Sheriff's Office,Sheriff's Office (SO),10/29/2024 7:58:00 PM,10/29/2024 7:58:00 PM,1,Y,Single Vehicle,Other,Injury,Possible Injury,DAY,N,N,N,N,N,N,Y,N,N,1,1,1,0,0,0,0,0,0,0,0,1,1,0,1,0,0,0,0,0,0,0,0,0,0,N,0,0,Y,0,0,0,0,0,0,1,200,200,0,0,0,Preliminary,Editor Mapped,587536.432,2948164.1336,26.6517357440714,-80.1204256006534
27169540,2024,14-NOV-2024 08:00 AM,14-NOV-2024 12:00 AM,24116741,L,1,3,6,0,Palm Beach,Unincorporated,Rural,11/14/2024 8:04:00 AM,11/14/2024 8:08:00 AM,11/14/2024 8:16:00 AM,11/14/2024 8:45:00 AM,Y,Law Enforcement,MILITARY TRAIL,,26.5744,-80.113513,31,West,66TH WAY S,,County,Curb,Not at Intersection,N,Daylight,Clear,Dry,N,,Pedalcycle,On Roadway,N,Non-Junction,None,,,None,,,N,,,,,CSA,Palm Beach County Sheriff's Office,Sheriff's Office (SO),11/15/2024 8:02:00 PM,11/15/2024 8:02:00 PM,1,Y,Bicycle,Bicycle,Injury,Possible Injury,DAY,N,N,N,N,N,N,N,N,N,2,1,1,0,0,0,0,0,0,0,0,2,2,0,1,0,0,0,0,0,0,0,0,0,0,N,0,0,Y,0,0,0,0,1,200,1,1200,1400,2,0,0,Preliminary,Editor Mapped,588283.7572,2939602.6035,26.5743955632527,-80.1135133638531
27169698,2024,15-NOV-2024 05:58 PM,15-NOV-2024 12:00 AM,24117258,L,1,3,6,0,Palm Beach,Unincorporated,Urban,11/15/2024 6:00:00 PM,11/15/2024 6:03:00 PM,11/15/2024 6:15:00 PM,11/15/2024 7:04:00 PM,Y,Law Enforcement,S CONGRESS AVE,4163,26.615379,-80.089284,,,,,Parking Lot,Curb,Not at Intersection,N,Dusk,Clear,Dry,N,,Pedestrian,On Roadway,N,Driveway/Alley Access Related,None,,,None,,,N,,,,,CSA,Palm Beach County Sheriff's Office,Sheriff's Office (SO),11/19/2024 8:13:00 PM,11/19/2024 8:13:00 PM,4,Y,Pedestrian,Pedestrian,Injury,Possible Injury,DAY,N,N,N,N,N,N,N,N,N,2,1,1,0,0,0,0,0,0,0,0,1,1,0,1,0,0,1,0,0,0,0,0,0,0,N,0,0,Y,0,0,0,0,1,400,1,300,700,0,0,0,Preliminary,Editor Mapped,590664.744,2944158.4117,26.6153744476721,-80.0892819546686
27169743,2024,17-NOV-2024 05:59 PM,17-NOV-2024 12:00 AM,24117769,L,1,4,6,42,Palm Beach,Greenacres,Urban,11/17/2024 6:00:00 PM,11/17/2024 6:05:00 PM,11/17/2024 6:10:00 PM,11/17/2024 7:15:00 PM,Y,Law Enforcement,JACKSON AVE,,26.62113,-80.122138,0,,1ST ST,,Local,Paved,Four-Way Intersection,N,Dark - Lighted,Clear,Dry,N,,Pedalcycle,On Roadway,N,Intersection,None,,,None,,,N,,,,,D/S,Palm Beach County Sheriff's Office,Sheriff's Office (SO),11/21/2024 7:27:00 PM,11/21/2024 7:27:00 PM,4,Y,Bicycle,Bicycle,Injury,Possible Injury,DAY,N,N,N,N,N,N,Y,N,N,3,1,1,0,0,0,0,0,0,0,0,1,1,0,1,0,0,2,0,0,0,0,0,0,0,N,0,0,Y,0,0,0,0,0,0,1,500,500,0,0,0,Preliminary,Editor Mapped,587389.528,2944772.5723,26.6211258722903,-80.1221356535357
27169890,2024,18-NOV-2024 06:03 PM,18-NOV-2024 12:00 AM,24118067,L,1,2,6,0,Palm Beach,Unincorporated,Rural,11/18/2024 6:03:00 PM,11/18/2024 6:04:00 PM,11/18/2024 6:08:00 PM,11/18/2024 6:40:00 PM,Y,Law Enforcement,LANTANA RD,,26.590856,-80.189311,0,,LYONS RD,,County,Curb,Four-Way Intersection,N,Dark - Lighted,Clear,Dry,N,,Pedestrian,On Roadway,N,Intersection,None,,,None,,,N,,,,,D/S,Palm Beach County Sheriff's Office,Sheriff's Office (SO),11/30/2024 7:20:00 PM,11/30/2024 7:20:00 PM,12,Y,Pedestrian,Pedestrian,Serious Injury,Incapacitating Injury,DAY,N,N,N,N,N,N,Y,N,N,1,1,0,0,1,0,0,0,0,0,0,1,1,0,1,0,0,0,0,0,0,0,0,0,0,N,0,0,Y,1,0,0,0,0,0,1,5000,5000,2,0,0,Preliminary,Editor Mapped,580715.9238,2941388.8292,26.5909746787662,-80.1893845562655
27170352,2024,26-NOV-2024 07:20 PM,26-NOV-2024 12:00 AM,24120335,L,1,2,6,0,Palm Beach,Unincorporated,Rural,11/26/2024 7:20:00 PM,11/26/2024 8:00:00 PM,11/26/2024 8:10:00 PM,11/26/2024 9:00:00 PM,Y,Law Enforcement,LAKE WORTH RD,,26.618825,-80.123984,260,West,WALKER AVE,,State,Paved,Not at Intersection,N,Daylight,Clear,Dry,N,,Pedalcycle,On Roadway,N,Non-Junction,None,,,None,,,N,,,,,DEPUTY SHERIFF,Palm Beach County Sheriff's Office,Sheriff's Office (SO),11/28/2024 7:27:00 PM,11/28/2024 7:27:00 PM,2,Y,Bicycle,Bicycle,Injury,Possible Injury,NIGHT,N,N,N,N,N,N,N,N,N,1,1,1,0,0,0,0,0,0,0,0,1,1,0,1,0,0,0,0,0,0,0,0,0,0,N,0,0,Y,0,0,0,0,0,0,1,250,250,1,0,0,Preliminary,Editor Mapped,587207.5275,2944515.8736,26.6188196609875,-80.1239814181523
27170600,2024,29-NOV-2024 03:06 PM,29-NOV-2024 12:00 AM,24121050,L,1,3,6,0,Palm Beach,Unincorporated,Rural,11/29/2024 3:06:00 PM,11/29/2024 3:08:00 PM,11/29/2024 3:18:00 PM,11/29/2024 4:29:00 PM,Y,Law Enforcement,130TH TRL N,,26.740901,-80.248383,78,South,43RD RD N,,Local,Unpaved,Not at Intersection,N,Daylight,Clear,Dry,N,,Overturn/Rollover,Off Roadway,N,Non-Junction,None,,,None,,,N,,,,,CSA,Palm Beach County Sheriff's Office,Sheriff's Office (SO),12/2/2024 7:56:00 PM,12/2/2024 7:56:00 PM,3,Y,Rollover,Rollover,Injury,Possible Injury,DAY,N,N,N,N,N,N,N,Y,N,2,1,1,0,0,0,0,0,0,0,0,1,1,0,1,0,1,1,0,0,0,0,0,0,0,N,0,0,Y,0,0,2,0,0,0,1,8000,8000,0,0,0,Preliminary,Editor Mapped,574743.5074,2957958.2508,26.740896295957,-80.2483804869751
27170602,2024,28-NOV-2024 11:19 AM,28-NOV-2024 12:00 AM,24120775,L,1,2,6,0,Palm Beach,Unincorporated,Rural,11/28/2024 11:19:00 AM,11/28/2024 11:19:00 AM,11/28/2024 11:36:00 AM,11/28/2024 12:05:00 PM,Y,Law Enforcement,121ST TER N,,26.7437,-80.233714,34,North,ORANGE GROVE BLVD,,Local,Unpaved,Not at Intersection,N,Daylight,Clear,Dry,N,,Pedalcycle,On Roadway,N,Intersection-Related,None,,,None,,,N,,,,,CSA,Palm Beach County Sheriff's Office,Sheriff's Office (SO),12/2/2024 7:56:00 PM,12/2/2024 7:56:00 PM,4,Y,Bicycle,Bicycle,Injury,Non-Incapacitating Injury,DAY,N,N,N,N,N,N,Y,N,N,1,1,0,1,0,0,0,0,0,0,0,1,1,0,1,0,0,0,0,0,0,0,0,0,0,N,0,0,Y,0,0,0,0,1,400,1,800,1200,0,0,0,Preliminary,Editor Mapped,576200.426,2958277.0248,26.7436958239001,-80.2337114895287
27171289,2024,10-DEC-2024 07:47 AM,10-DEC-2024 12:00 AM,24124009,L,1,2,6,86,Palm Beach,Royal Palm Beach,Urban,12/10/2024 7:48:00 AM,12/10/2024 7:49:00 AM,12/10/2024 7:52:00 AM,12/10/2024 8:25:00 AM,Y,Law Enforcement,ST DAVIDS WAY,,26.673492,-80.249412,0,,WELLINGTON TRCE,,Local,Curb,T-Intersection,N,Daylight,Clear,Dry,N,,Pedestrian,On Roadway,N,Intersection,None,,,None,,,N,,,,,CSA,Palm Beach County Sheriff's Office,Sheriff's Office (SO),12/12/2024 7:34:00 PM,12/12/2024 7:34:00 PM,2,Y,Pedestrian,Pedestrian,Injury,Non-Incapacitating Injury,DAY,N,N,N,N,N,N,Y,N,N,1,1,0,1,0,0,0,0,0,0,0,1,1,0,1,0,0,0,0,0,0,0,0,0,0,N,0,0,Y,0,0,0,0,1,100,1,1000,1100,1,0,0,Preliminary,Editor Mapped,574685.1079,2950491.4867,26.6734880355412,-80.249409785489
27172039,2024,19-DEC-2024 05:54 PM,19-DEC-2024 12:00 AM,24126992,L,1,3,6,42,Palm Beach,Greenacres,Urban,12/19/2024 5:56:00 PM,12/19/2024 5:57:00 PM,12/19/2024 6:00:00 PM,12/19/2024 7:02:00 PM,Y,Law Enforcement,ISLAND SHORES DR,,26.636554,-80.148007,763,West,,,Parking Lot,Paved,Not at Intersection,N,Dark - Not Lighted,Clear,Dry,N,,Work Zone/Maintenance Equipment,On Roadway,N,Non-Junction,Other,,,None,,,N,,,,,D/S,Palm Beach County Sheriff's Office,Sheriff's Office (SO),12/25/2024 7:23:00 PM,12/25/2024 7:23:00 PM,6,Y,Single Vehicle,Other,Injury,Possible Injury,DAY,N,N,N,N,N,N,N,N,N,2,1,1,0,0,0,0,0,0,0,0,2,1,0,1,0,0,0,0,0,0,0,0,0,0,N,0,0,Y,0,0,0,0,0,0,1,500,500,1,0,0,Preliminary,Editor Mapped,584802.7988,2946463.4389,26.6365490978671,-80.1480048814205
27179566,2024,27-OCT-2024 03:40 PM,27-OCT-2024 12:00 AM,2410-018391,L,1,2,53,54,Charlotte,Port Charlotte,Urban,10/27/2024 3:40:00 PM,10/27/2024 3:38:00 PM,10/27/2024 3:43:00 PM,10/27/2024 4:15:00 PM,Y,Law Enforcement,TAMIAMI TRL,,27.004286,-82.129966,661,West,RED BAY TER NW,,U.S.,Paved,Other,Y,Daylight,Clear,Dry,N,,Pedalcycle,On Roadway,N,Other,None,,,None,,,N,,,,,DFC,Charlotte County Sheriff's Office,Sheriff's Office (SO),11/1/2024 7:54:00 PM,11/1/2024 7:54:00 PM,5,Y,Bicycle,Bicycle,Injury,Possible Injury,DAY,N,N,N,N,N,N,N,N,N,1,1,1,0,0,0,0,0,0,0,0,1,1,0,1,0,0,0,0,0,0,0,0,0,0,N,0,0,Y,0,0,0,0,1,150,1,100,250,0,0,0,Preliminary,Editor Mapped,387893.8649,2987414.0352,27.0043050605316,-82.1299288483351
27186358,2024,08-NOV-2024 12:00 PM,09-NOV-2024 12:00 AM,202400148422,L,1,3,14,40,Marion,Ocala,Urban,11/8/2024 12:00:00 PM,11/8/2024 12:00:00 PM,11/8/2024 12:00:00 PM,11/8/2024 2:00:00 PM,Y,Law Enforcement,NE 11 ST,,29.19789,-82.08099,100,West,NE 40 AVE,,Local,Paved,Not at Intersection,N,Daylight,Clear,Dry,N,"Sideswipe, Same Direction",Pedalcycle,On Roadway,N,Non-Junction,None,,,None,,,N,,,,,OFFICER,Ocala Police Department,Police Department (PD),11/22/2024 8:08:00 PM,11/22/2024 8:08:00 PM,14,Y,Bicycle,Bicycle,Injury,Non-Incapacitating Injury,DAY,N,N,N,N,N,N,N,Y,N,2,1,0,1,0,0,0,0,0,0,0,1,1,0,1,0,0,1,0,0,0,0,0,0,0,N,0,0,Y,0,0,0,0,0,0,1,500,500,0,0,1,Preliminary,Editor Mapped,394908.7257,3230393.0403,29.197880315158,-82.0809980919586
27186575,2024,26-NOV-2024 05:12 PM,26-NOV-2024 12:00 AM,202400156456,L,1,3,14,40,Marion,Ocala,Urban,11/26/2024 5:15:00 PM,11/26/2024 5:16:00 PM,11/26/2024 5:44:00 PM,11/26/2024 6:21:00 PM,Y,Law Enforcement,NE 11ST AVE,,29.186928,-82.125278,0,,SR 40,,Local,Curb,Four-Way Intersection,N,Dawn,Clear,Dry,N,Angle,Pedalcycle,On Roadway,N,Intersection,None,,,None,,,N,,,,,CSS,Ocala Police Department,Police Department (PD),12/11/2024 7:32:00 PM,12/11/2024 7:32:00 PM,15,Y,Bicycle,Bicycle,Injury,Non-Incapacitating Injury,DAY,N,N,N,N,N,N,Y,N,N,2,1,0,1,0,0,0,0,0,0,0,1,1,0,1,0,0,1,0,0,0,0,0,0,0,N,0,0,Y,0,0,1,0,1,200,0,0,200,0,0,0,Preliminary,Computer plot approximate by lat/long,408985.9112,3230798.9437,29.202634442248,-81.9362467720789
27190778,2024,05-OCT-2024 01:48 PM,05-OCT-2024 12:00 AM,24068556,L,1,2,16,48,Sarasota,North Port,Urban,10/5/2024 1:48:00 PM,10/5/2024 1:56:00 PM,10/5/2024 1:59:00 PM,10/5/2024 2:27:00 PM,Y,Law Enforcement,CR 761 (N SUMTER BLVD),,,,0,,W PRICE BLVD,,County,Curb,Four-Way Intersection,N,Daylight,Cloudy,Dry,N,Angle,Pedalcycle,On Roadway,N,Intersection,None,,,None,,,N,,,,,OFC,North Port Police Department,Police Department (PD),10/21/2024 11:28:00 PM,10/21/2024 11:28:00 PM,16,Y,Bicycle,Bicycle,Serious Injury,Incapacitating Injury,DAY,N,N,N,N,N,N,Y,N,N,1,1,0,0,1,0,0,0,0,0,0,1,1,0,1,0,0,0,0,0,0,0,0,0,0,N,0,0,Y,1,0,0,0,0,0,1,250,250,1,0,0,Preliminary,Editor Mapped,380138.9038,2994898.2163,27.0712126640006,-82.2088017121931
27191577,2024,14-NOV-2024 05:00 PM,14-NOV-2024 12:00 AM,24-104121,L,1,2,16,0,Sarasota,Unincorporated,Rural,11/14/2024 5:58:00 PM,11/14/2024 5:58:00 PM,11/14/2024 6:05:00 PM,11/14/2024 7:00:00 PM,Y,Law Enforcement,OAK HERITAGE DR,,27.103892,-82.384684,71,West,JACARANDA BLVD,,County,Curb,Not at Intersection,N,Dusk,Clear,Dry,N,,Pedalcycle,On Roadway,N,Non-Junction,None,,,None,,,N,,,,,SERGEANT,Sarasota County Sheriff's Office,Sheriff's Office (SO),11/15/2024 8:02:00 PM,11/15/2024 8:02:00 PM,1,Y,Bicycle,Bicycle,Injury,Non-Incapacitating Injury,DAY,N,N,N,N,N,N,N,N,N,1,1,0,1,0,0,0,0,0,0,0,1,1,0,1,0,0,0,0,0,0,0,0,0,0,N,0,0,Y,0,0,0,0,0,0,1,300,300,1,0,0,Preliminary,Editor Mapped,362737.2394,2998697.5686,27.103887207083,-82.3846807459623
27191909,2024,02-DEC-2024 09:50 AM,02-DEC-2024 12:00 AM,24-109221,S,1,2,16,0,Sarasota,Unincorporated,Rural,12/2/2024 9:54:00 AM,12/2/2024 10:03:00 AM,12/2/2024 10:12:00 AM,12/2/2024 10:50:00 AM,Y,Law Enforcement,N WASHINGTON BLVD,,27.379433,-82.531045,811,South,DESOTO RD,,U.S.,Curb,T-Intersection,N,Daylight,Clear,Dry,N,,Pedalcycle,On Roadway,N,Intersection-Related,None,,,None,,,N,,,,,DEP,Sarasota County Sheriff's Office,Sheriff's Office (SO),12/3/2024 7:59:00 PM,12/3/2024 7:59:00 PM,1,N,Bicycle,Bicycle,No Injury,No Injury,DAY,N,N,N,N,N,N,Y,N,N,2,0,0,0,0,0,0,0,0,0,0,1,1,0,1,0,0,0,0,0,0,0,0,0,0,N,0,0,Y,0,0,0,0,0,0,1,100,100,0,0,0,Preliminary,Officer Mapped,348600.0682,3029391.9365,27.3794280902046,-82.5310418739842
27192219,2024,16-DEC-2024 08:19 AM,16-DEC-2024 12:00 AM,24-113734,L,1,2,16,0,Sarasota,Unincorporated,Rural,12/16/2024 8:19:00 AM,12/16/2024 8:20:00 AM,12/16/2024 8:37:00 AM,12/16/2024 9:12:00 AM,Y,Law Enforcement,TWIN DR,,27.365315,-82.519134,57,North,MYRTLE ST,,County,Curb,T-Intersection,N,Daylight,Clear,Dry,N,,Pedalcycle,On Roadway,N,Intersection-Related,None,,,None,,,N,,,,,DEP,Sarasota County Sheriff's Office,Sheriff's Office (SO),12/17/2024 8:18:00 PM,12/17/2024 8:18:00 PM,1,Y,Bicycle,Bicycle,Injury,Possible Injury,DAY,N,N,N,N,N,N,Y,N,N,1,1,1,0,0,0,0,0,0,0,0,1,1,0,1,0,0,0,0,0,0,0,0,0,0,N,0,0,Y,0,0,1,0,0,0,1,25,25,0,0,0,Preliminary,Editor Mapped,349752.9891,3027813.2193,27.3653076890132,-82.5191916037172
27192445,2024,19-DEC-2024 06:21 PM,19-DEC-2024 12:00 AM,24-115137,L,1,2,16,0,Sarasota,Unincorporated,Rural,12/19/2024 6:21:00 PM,12/19/2024 6:21:00 PM,12/19/2024 6:31:00 PM,12/19/2024 7:15:00 PM,Y,Law Enforcement,INGRAM AVE,,27.322803,-82.493573,0,,BAHIA VISTA ST,,Local,Paved,T-Intersection,N,Dark - Lighted,Clear,Dry,N,,Pedalcycle,On Roadway,N,Intersection,None,,,None,,,N,,,,,DEPUTY,Sarasota County Sheriff's Office,Sheriff's Office (SO),12/29/2024 7:17:00 PM,12/29/2024 7:17:00 PM,10,Y,Bicycle,Bicycle,Injury,Non-Incapacitating Injury,DAY,N,N,N,N,N,N,Y,N,N,1,1,0,1,0,0,0,0,0,0,0,1,1,0,1,0,0,0,0,0,0,0,0,0,0,N,0,0,Y,0,0,0,0,0,0,1,500,500,0,0,0,Preliminary,Editor Mapped,352230.9006,3023073.1222,27.3227983528751,-82.4935698119024
27192550,2024,30-DEC-2024 02:40 PM,08-JAN-2025 12:00 AM,24-118039,L,1,2,16,0,Sarasota,Unincorporated,Rural,12/30/2024 4:20:00 PM,12/30/2024 4:50:00 PM,12/30/2024 4:55:00 PM,12/30/2024 5:40:00 PM,Y,Law Enforcement,PALMER BLVD,6040,27.326367,-82.449065,,,,,Parking Lot,Curb,Not at Intersection,N,Daylight,Cloudy,Dry,N,,Other Non-Fixed Object,Off Roadway,N,Non-Junction,None,,,None,,,N,,,,,DEP,Sarasota County Sheriff's Office,Sheriff's Office (SO),1/5/2025 7:18:00 PM,1/10/2025 8:06:00 PM,6,Y,Single Vehicle,Other,Injury,Possible Injury,DAY,N,N,N,N,N,N,N,N,N,1,1,1,0,0,0,0,0,0,0,0,1,1,0,1,0,0,0,0,0,0,0,0,0,0,N,0,0,Y,0,0,0,0,0,0,1,50,50,0,0,0,Preliminary,Officer Mapped,356639.4945,3023416.0074,27.3263620700923,-82.4490620910334
27199517,2024,31-OCT-2024 02:55 PM,02-NOV-2024 12:00 AM,24-556683,L,1,3,18,0,Lee,Unincorporated,Rural,10/31/2024 2:55:00 PM,10/31/2024 2:57:00 PM,10/31/2024 3:05:00 PM,10/31/2024 4:03:00 PM,Y,Law Enforcement,BUCKINGHAM RD,,26.708278,-81.721594,594,South,LORING WAY,,Local,Paved,Four-Way Intersection,N,Daylight,Clear,Dry,N,,Pedalcycle,On Roadway,N,Intersection-Related,None,,,None,,,N,,,,,DEP,Lee County Sheriff's Office,Sheriff's Office (SO),11/2/2024 7:25:00 PM,11/7/2024 7:29:00 PM,2,Y,Bicycle,Bicycle,Injury,Possible Injury,DAY,N,N,N,N,N,N,Y,N,N,2,1,1,0,0,0,0,0,0,0,0,2,2,0,1,0,0,0,0,0,0,0,0,0,0,N,0,0,Y,0,0,0,0,0,0,1,2000,2000,0,0,0,Preliminary,Editor Mapped,428222.2171,2954327.6819,26.7082736100357,-81.7215914065335
27202049,2024,27-DEC-2024 11:57 AM,27-DEC-2024 12:00 AM,24-658895,L,1,2,18,0,Lee,Unincorporated,Rural,12/27/2024 11:59:00 AM,12/27/2024 12:01:00 PM,12/27/2024 12:08:00 PM,12/27/2024 12:35:00 PM,Y,Law Enforcement,CURTIS AVE S,,26.593954,-81.704725,29,South,20TH ST SW,,Local,Unpaved,Not at Intersection,N,Daylight,Clear,Dry,N,,Pedalcycle,On Roadway,N,Non-Junction,None,,,None,,,N,,,,,DFC,Lee County Sheriff's Office,Sheriff's Office (SO),12/31/2024 8:06:00 PM,12/31/2024 8:06:00 PM,4,Y,Bicycle,Bicycle,Injury,Possible Injury,DAY,N,N,N,N,N,N,N,N,N,1,1,1,0,0,0,0,0,0,0,0,1,1,0,1,1,0,0,0,0,0,0,0,0,0,N,0,0,Y,0,0,0,0,0,0,1,2000,2000,0,0,0,Preliminary,Officer Mapped,429830.4022,2941655.8602,26.5939491850922,-81.7047222795207
27202177,2024,30-DEC-2024 03:14 PM,30-DEC-2024 12:00 AM,24-663401,L,1,2,18,0,Lee,Unincorporated,Rural,12/30/2024 3:19:00 PM,12/30/2024 3:20:00 PM,12/30/2024 3:28:00 PM,12/30/2024 4:59:00 PM,Y,Law Enforcement,ROYAL POINTE LN,,26.510139,-81.94909,71,South,NAVARRO WAY,,County,Curb,Not at Intersection,N,Daylight,Clear,Dry,N,,Pedestrian,On Roadway,N,Other,None,,,None,,,N,,,,,CORPORAL,Lee County Sheriff's Office,Sheriff's Office (SO),1/2/2025 7:20:00 PM,1/2/2025 7:20:00 PM,3,Y,Pedestrian,Pedestrian,Injury,Non-Incapacitating Injury,DAY,N,N,N,N,N,N,N,N,N,1,1,0,1,0,0,0,0,0,0,0,1,1,0,1,1,0,0,0,0,0,0,0,0,0,N,0,0,Y,0,0,0,0,0,0,1,2000,2000,1,0,0,Preliminary,Officer Mapped,405428.8924,2932529.6917,26.5101348753621,-81.9490875972286
27208022,2024,23-OCT-2024 04:47 PM,23-OCT-2024 12:00 AM,2410230072964,L,1,2,1,66,Miami-Dade,Miami,Urban,10/23/2024 4:47:00 PM,10/23/2024 4:58:00 PM,10/23/2024 5:03:00 PM,10/23/2024 6:30:00 PM,Y,Law Enforcement,SW 18TH CT,,25.771566,-80.226164,0,,SW 1ST ST,,Local,Paved,Four-Way Intersection,N,Daylight,Cloudy,Wet,N,,Pedestrian,On Roadway,N,Intersection,None,,,None,,,N,,,,,OFFICER,Miami Police Department,Police Department (PD),10/24/2024 7:31:00 PM,10/24/2024 7:31:00 PM,1,Y,Pedestrian,Pedestrian,Injury,Possible Injury,DAY,N,N,N,N,N,N,Y,N,N,1,1,1,0,0,0,0,0,0,0,0,1,1,0,1,0,0,0,0,0,0,0,0,0,0,N,0,0,Y,0,0,1,0,0,0,1,3000,3000,1,0,0,Preliminary,Editor Mapped,577594.2284,2850614.7204,25.7715684483895,-80.2261651232654
27208721,2024,03-NOV-2024 05:23 PM,03-NOV-2024 12:00 AM,2411030075640,L,1,2,1,66,Miami-Dade,Miami,Urban,11/3/2024 5:28:00 PM,11/3/2024 5:29:00 PM,11/3/2024 5:41:00 PM,11/3/2024 6:41:00 PM,Y,Law Enforcement,NW 21ST TER,,25.796145,-80.239721,0,,NW 27TH AVE,,Local,Paved,Four-Way Intersection,N,Dark - Lighted,Rain,Wet,N,,Pedestrian,On Roadway,N,Intersection-Related,None,,,None,,,N,,,,,PSA,Miami Police Department,Police Department (PD),11/9/2024 7:29:00 PM,11/9/2024 7:29:00 PM,6,N,Pedestrian,Pedestrian,No Injury,No Injury,DAY,N,N,N,N,N,N,Y,N,N,2,0,0,0,0,0,0,0,0,0,0,1,1,0,1,0,0,0,0,0,0,0,0,0,0,N,0,0,Y,0,0,1,0,0,0,1,100,100,0,0,0,Preliminary,Editor Mapped,576219.9904,2853329.2729,25.796151266939,-80.2397129560843
27209036,2024,08-NOV-2024 02:55 PM,08-NOV-2024 12:00 AM,2411080076850,L,1,2,1,66,Miami-Dade,Miami,Urban,11/8/2024 2:56:00 PM,11/8/2024 3:00:00 PM,11/8/2024 3:01:00 PM,11/8/2024 3:01:00 PM,Y,Law Enforcement,NW 16TH ST,,25.790257,-80.21895,26,East,NW 14TH AVE,,Local,Paved,Not at Intersection,N,Daylight,Clear,Dry,N,,Pedestrian,On Roadway,N,Non-Junction,None,,,None,,,N,,,,,OFFICER,Miami Police Department,Police Department (PD),11/12/2024 7:47:00 PM,11/12/2024 7:47:00 PM,4,Y,Pedestrian,Pedestrian,Injury,Possible Injury,DAY,N,N,N,N,N,N,N,N,N,1,1,1,0,0,0,0,0,0,0,0,1,1,0,1,0,0,0,0,0,0,0,0,0,0,N,0,0,Y,0,0,1,0,0,0,1,1000,1000,0,0,0,Preliminary,Editor Mapped,578305.7314,2852688.8596,25.7902585544858,-80.2189472999582
27209690,2024,19-NOV-2024 11:40 PM,19-NOV-2024 12:00 AM,2411190079280,L,1,2,1,66,Miami-Dade,Miami,Urban,11/19/2024 11:42:00 PM,11/19/2024 12:00:00 AM,11/19/2024 12:05:00 AM,11/19/2024 12:45:00 AM,N,Law Enforcement,SW 16TH ST,,25.757988,-80.234385,0,,SW 24TH AVE,,Local,Paved,Four-Way Intersection,N,Dark - Lighted,Clear,Dry,N,,Pedalcycle,On Roadway,N,Intersection-Related,None,,,None,,,N,,,,,POLICE OFFICER,Miami Police Department,Police Department (PD),11/25/2024 7:51:00 PM,11/25/2024 7:51:00 PM,6,Y,Bicycle,Bicycle,Injury,Non-Incapacitating Injury,NIGHT,N,N,N,N,N,Y,Y,N,N,0,1,0,1,0,0,0,0,0,0,0,1,1,0,1,0,0,0,0,0,0,0,0,0,0,N,0,0,Y,0,0,0,0,0,0,0,0,0,0,0,0,Preliminary,Editor Mapped,576766.8245,2849106.7411,25.7579960238082,-80.2345034382578
27209861,2024,21-NOV-2024 09:25 AM,21-NOV-2024 12:00 AM,2411210079809,L,1,3,1,66,Miami-Dade,Miami,Urban,11/21/2024 9:25:00 AM,11/21/2024 9:29:00 AM,11/21/2024 9:36:00 AM,11/21/2024 10:30:00 AM,Y,Law Enforcement,NW 1ST CT,,25.779804,-80.196873,0,,NW 6TH ST,,Local,Curb,Four-Way Intersection,N,Daylight,Clear,Dry,N,,Other Non-Fixed Object,On Roadway,N,Intersection-Related,None,,,None,,,N,,,,,POLICE OFFICER,Miami Police Department,Police Department (PD),11/25/2024 7:51:00 PM,11/25/2024 7:51:00 PM,4,Y,Single Vehicle,Other,Injury,Possible Injury,DAY,N,N,N,N,N,N,Y,N,N,2,1,1,0,0,0,0,0,0,0,0,1,1,0,1,0,0,1,0,0,0,0,0,0,0,N,0,0,Y,0,0,1,0,0,0,1,0,0,1,0,0,Preliminary,Editor Mapped,580526.7394,2851543.6295,25.7797973660907,-80.1968654361785
27211036,2024,06-DEC-2024 05:09 PM,06-DEC-2024 12:00 AM,2412060083208,L,1,2,1,66,Miami-Dade,Miami,Urban,12/6/2024 5:11:00 PM,12/6/2024 5:11:00 PM,12/6/2024 5:56:00 PM,12/6/2024 6:08:00 PM,N,Law Enforcement,NW 19TH ST,,25.792924,-80.223106,37,East,NW 17TH AVE,,Local,Paved,Not at Intersection,N,Daylight,Clear,Dry,N,,Pedestrian,On Roadway,N,Other,None,,,None,,,N,,,,,OFFICER,Miami Police Department,Police Department (PD),12/13/2024 8:05:00 PM,12/13/2024 8:05:00 PM,7,Y,Pedestrian,Pedestrian,Injury,Possible Injury,DAY,N,N,N,N,N,Y,N,N,N,0,1,1,0,0,0,0,0,0,0,0,1,1,0,1,0,0,0,0,0,0,0,0,0,0,N,0,0,Y,0,0,0,0,0,0,0,0,0,0,0,0,Preliminary,Editor Mapped,577887.3115,2852981.0762,25.7929194108065,-80.223103285802
27211101,2024,10-DEC-2024 08:40 PM,23-DEC-2024 12:00 AM,2412100084222,L,1,2,1,66,Miami-Dade,Miami,Urban,12/10/2024 8:48:00 PM,12/10/2024 9:00:00 PM,12/10/2024 9:09:00 PM,12/10/2024 10:00:00 PM,Y,Law Enforcement,NE 74TH ST,,25.843169,-80.184829,125,West,BISCAYNE BLVD,,Local,Paved,Not at Intersection,N,Dark - Lighted,Clear,Dry,N,,Other Non-Fixed Object,On Roadway,N,Driveway/Alley Access Related,None,,,None,,,N,,,,,OFFICER,Miami Police Department,Police Department (PD),12/12/2024 7:34:00 PM,12/25/2024 7:23:00 PM,2,N,Single Vehicle,Other,No Injury,No Injury,NIGHT,N,N,N,N,N,N,N,N,N,2,0,0,0,0,0,0,0,0,0,0,1,1,0,1,0,0,0,0,0,0,0,0,0,0,N,0,0,Y,0,0,0,0,0,0,1,1000,1000,1,0,0,Preliminary,Editor Mapped,581690.4585,2858568.7861,25.8431642328801,-80.1848259587613
27211889,2024,22-DEC-2024 01:00 AM,22-DEC-2024 12:00 AM,2412220086908,L,1,1,1,66,Miami-Dade,Miami,Urban,12/22/2024 1:10:00 AM,12/22/2024 7:15:00 AM,12/22/2024 7:30:00 AM,12/22/2024 7:50:00 AM,N,Law Enforcement,NW 7TH ST,,25.780101,-80.22166,40,West,NW 16TH AVE,,Local,Paved,Not at Intersection,N,Dark - Not Lighted,Clear,Dry,N,,Pedestrian,Roadside,N,Non-Junction,None,,,None,,,N,,,,,OFC,Miami Police Department,Police Department (PD),12/25/2024 7:23:00 PM,12/25/2024 7:23:00 PM,3,Y,Pedestrian,Pedestrian,Injury,Possible Injury,NIGHT,N,N,N,N,N,Y,N,N,N,0,1,1,0,0,0,0,0,0,0,0,1,1,0,0,0,0,0,0,0,0,0,0,0,0,N,0,0,Y,0,0,0,0,0,0,0,0,0,1,0,0,Preliminary,Editor Mapped,578040.6386,2851561.8905,25.7800969953183,-80.2216576718082
27211995,2024,24-DEC-2024 05:59 AM,24-DEC-2024 12:00 AM,2412240087288,L,1,2,1,66,Miami-Dade,Miami,Urban,12/24/2024 5:59:00 AM,12/24/2024 6:00:00 AM,12/24/2024 6:30:00 AM,12/24/2024 9:00:00 AM,Y,Law Enforcement,NW 3RD ST,,25.776316,-80.218091,0,,NW 14TH AVE,,Local,Paved,Four-Way Intersection,N,Dark - Lighted,Clear,Dry,N,,Pedalcycle,On Roadway,N,Other,None,,,None,,,N,,,,,OFC,Miami Police Department,Police Department (PD),12/25/2024 7:23:00 PM,12/25/2024 7:23:00 PM,1,Y,Bicycle,Bicycle,No Injury,No Injury,NIGHT,N,Y,N,N,N,N,N,N,N,2,0,0,0,0,0,0,0,0,0,0,1,1,0,1,0,0,0,0,0,0,0,0,0,0,N,0,0,Y,0,0,2,0,0,0,1,200,200,1,0,0,Preliminary,Officer Mapped,578401.0221,2851144.794,25.7763116381225,-80.2180883226212
27212025,2024,24-DEC-2024 06:10 PM,24-DEC-2024 12:00 AM,2412240087416,L,1,2,1,66,Miami-Dade,Miami,Urban,12/24/2024 6:10:00 PM,12/24/2024 6:12:00 PM,12/24/2024 6:17:00 PM,12/24/2024 6:43:00 PM,Y,Law Enforcement,SW 10TH ST,,25.764487,-80.194567,225,East,SW 1ST AVE,,Local,Paved,Not at Intersection,N,Dark - Lighted,Clear,Dry,N,,Pedestrian,On Roadway,N,Through Roadway,None,,,None,,,N,,,,,PSA,Miami Police Department,Police Department (PD),1/8/2025 9:40:00 PM,1/8/2025 9:40:00 PM,15,N,Pedestrian,Pedestrian,No Injury,No Injury,DAY,N,N,N,N,N,N,N,N,N,2,0,0,0,0,0,0,0,0,0,0,1,1,0,1,0,0,0,0,0,0,0,0,0,0,N,0,0,Y,0,0,0,0,0,0,1,500,500,0,0,0,Preliminary,Officer Mapped,580767.8016,2849849.0394,25.7644832013477,-80.1945646872755
27212089,2024,26-DEC-2024 03:40 PM,26-DEC-2024 12:00 AM,2412260087731,L,1,2,1,66,Miami-Dade,Miami,Urban,12/26/2024 3:40:00 PM,12/26/2024 4:03:00 PM,12/26/2024 4:13:00 PM,12/26/2024 4:47:00 PM,Y,Law Enforcement,NW 27TH AVE,3051,25.8041,-80.239912,,,,,Parking Lot,Paved,Not at Intersection,N,Daylight,Clear,Dry,N,,Other Non-Fixed Object,Off Roadway,N,Other,None,,,None,,,N,,,,,OFFICER,Miami Police Department,Police Department (PD),1/8/2025 9:40:00 PM,1/8/2025 9:40:00 PM,13,Y,Single Vehicle,Other,Injury,Non-Incapacitating Injury,DAY,N,N,N,N,N,N,N,N,N,1,1,0,1,0,0,0,0,0,0,0,1,1,0,1,0,0,0,0,0,0,0,0,0,0,N,0,0,Y,0,0,1,0,0,0,1,500,500,1,0,0,Preliminary,Officer Mapped,576195.2126,2854209.0226,25.8040960929993,-80.2399094276303
27212147,2024,27-DEC-2024 04:18 PM,27-DEC-2024 12:00 AM,2412270087976,L,1,2,1,66,Miami-Dade,Miami,Urban,12/27/2024 4:21:00 PM,12/27/2024 4:42:00 PM,12/27/2024 4:54:00 PM,12/27/2024 6:00:00 PM,Y,Law Enforcement,NW 27TH ST,360,25.80194,-80.201585,,,,,Parking Lot,Paved,Not at Intersection,N,Daylight,Clear,Dry,N,,Pedalcycle,Off Roadway,N,Non-Junction,None,,,None,,,N,,,,,PSA,Miami Police Department,Police Department (PD),1/3/2025 7:38:00 PM,1/3/2025 7:38:00 PM,7,Y,Bicycle,Bicycle,Injury,Non-Incapacitating Injury,DAY,N,N,N,N,N,N,N,N,N,1,1,0,1,0,0,0,0,0,0,0,1,1,0,1,0,0,0,0,0,0,0,0,0,0,N,0,0,Y,0,0,1,0,1,500,1,1000,1500,1,0,0,Preliminary,Officer Mapped,580038.9086,2853992.517,25.8019357342617,-80.2015823665512
27217670,2024,21-NOV-2024 03:29 PM,21-NOV-2024 12:00 AM,2024-00039888,L,1,4,19,43,Brevard,West Melbourne,Urban,11/21/2024 3:31:00 PM,11/21/2024 3:33:00 PM,11/21/2024 3:39:00 PM,11/21/2024 4:41:00 PM,Y,Law Enforcement,DORCHESTER AVE,,28.07515,-80.638243,108,West,DAIRY RD,,Local,Curb,Not at Intersection,Y,Daylight,Clear,Dry,N,,Pedalcycle,On Roadway,N,Non-Junction,None,,,None,,,N,,,,,OFFICER,West Melbourne Police Department,Police Department (PD),12/13/2024 8:05:00 PM,12/13/2024 8:05:00 PM,22,Y,Bicycle,Bicycle,Injury,Non-Incapacitating Injury,DAY,N,N,N,N,N,N,N,N,N,3,1,0,1,0,0,0,0,0,0,0,1,1,0,1,0,0,2,0,0,0,0,0,0,0,N,0,0,Y,0,0,0,0,0,0,1,1000,1000,1,0,0,Preliminary,Officer Mapped,535544.6003,3105579.4399,28.075145144515,-80.6382398273965
27218718,2024,05-DEC-2024 08:33 AM,05-DEC-2024 12:00 AM,VP240025961,L,1,2,8,37,Volusia,Deltona,Urban,12/5/2024 8:34:00 AM,12/5/2024 8:34:00 AM,12/5/2024 8:38:00 AM,12/5/2024 9:10:00 AM,Y,Law Enforcement,PROVIDENCE BLVD,,28.895731,-81.230541,94,South,CLEARFIELD ST,,Local,Unpaved,Not at Intersection,N,Daylight,Clear,Dry,N,,Pedestrian,Off Roadway,N,Non-Junction,None,,,Weather Conditions,,,N,,,,,DEPUTY,Volusia County Sheriff's Office,Sheriff's Office (SO),12/6/2024 8:10:00 PM,12/6/2024 8:10:00 PM,1,Y,Pedestrian,Pedestrian,Injury,Possible Injury,DAY,N,N,N,N,N,N,N,N,N,1,1,1,0,0,0,0,0,0,0,0,1,1,0,1,0,0,0,0,0,0,0,0,0,0,N,0,0,Y,0,0,0,0,0,0,0,0,0,1,0,0,Preliminary,Editor Mapped,477523.6321,3196454.7621,28.8957248447206,-81.2305323668058
27224085,2024,10-DEC-2024 12:48 PM,10-DEC-2024 12:00 AM,2024TA014139,L,1,2,17,0,Seminole,Unincorporated,Rural,12/10/2024 12:48:00 PM,12/10/2024 12:53:00 PM,12/10/2024 12:57:00 PM,12/10/2024 1:15:00 PM,Y,Law Enforcement,EAGLE BLVD,,28.658328,-81.284874,0,,DODD RD,,Local,Unpaved,T-Intersection,Y,Daylight,Clear,Dry,N,,Pedalcycle,On Roadway,N,Intersection-Related,None,,,None,,,N,,,,,D/S.,Seminole County Sheriff's Office,Sheriff's Office (SO),12/11/2024 7:32:00 PM,12/11/2024 7:32:00 PM,1,Y,Bicycle,Bicycle,Injury,Possible Injury,DAY,N,N,N,N,N,N,Y,N,N,1,1,1,0,0,0,0,0,0,0,0,1,1,0,1,1,0,0,0,0,0,0,0,0,0,N,0,0,Y,0,0,0,0,0,0,1,100,100,0,0,0,Preliminary,Editor Mapped,472167.8381,3170168.9939,28.6583602278189,-81.2848192165117
27234268,2024,04-DEC-2024 03:32 PM,04-DEC-2024 12:00 AM,24-0119458,L,1,3,18,40,Lee,Fort Myers,Urban,12/4/2024 3:32:00 PM,12/4/2024 3:34:00 PM,12/4/2024 3:52:00 PM,12/4/2024 4:45:00 PM,Y,Law Enforcement,WINKLER AVE,3417,26.605004,-81.843024,,,,,Parking Lot,Curb,Not at Intersection,N,Daylight,Clear,Dry,N,,Pedestrian,Off Roadway,N,Entrance/Exit Ramp,None,,,Glare,Glare,,N,,,,,POLICE OFFICER,Fort Myers Police Department,Police Department (PD),12/7/2024 7:26:00 PM,12/7/2024 7:26:00 PM,3,Y,Pedestrian,Pedestrian,Serious Injury,Incapacitating Injury,DAY,N,N,N,Y,N,N,N,N,N,2,1,0,0,1,0,0,0,0,0,0,1,1,0,1,0,0,1,0,0,0,0,0,0,0,N,0,0,Y,1,0,0,0,0,0,1,100,100,2,0,0,Preliminary,Editor Mapped,416060.1135,2942957.2957,26.6049469721991,-81.8430941325176
27237632,2024,03-DEC-2024 04:41 PM,05-DEC-2024 12:00 AM,2024-00447043,L,1,2,7,46,Orange,Orlando,Urban,12/3/2024 4:41:00 PM,12/3/2024 4:46:00 PM,12/3/2024 5:06:00 PM,12/3/2024 8:00:00 PM,Y,Law Enforcement,S ORANGE BLOSSOM TRL,,28.540001,-81.39733,63,South,CHURCH ST W,,U.S.,Curb,Four-Way Intersection,N,Daylight,Clear,Dry,N,,Pedestrian,On Roadway,N,Intersection-Related,None,,,Other,,,N,,,,,OFFICER,Orlando Police Department,Police Department (PD),12/5/2024 7:29:00 PM,12/7/2024 7:27:00 PM,2,Y,Pedestrian,Pedestrian,Fatality,Fatal (within 30 days),DAY,N,N,N,N,N,N,Y,N,N,1,0,0,0,0,1,1,0,0,0,0,1,1,0,1,0,0,0,0,0,0,0,0,0,0,N,0,0,Y,0,1,0,0,0,0,1,1,1,1,0,0,Preliminary,Officer Mapped,461130.1685,3157087.181,28.5399954110984,-81.3973264267255
27238041,2024,13-DEC-2024 04:20 PM,13-DEC-2024 12:00 AM,2024-00460438,L,1,2,7,46,Orange,Orlando,Urban,12/13/2024 4:20:00 PM,12/13/2024 4:25:00 PM,12/13/2024 4:46:00 PM,12/13/2024 5:05:00 PM,Y,Law Enforcement,LAUREATE BLVD,,28.363756,-81.247278,93,East,SELTEN WAY,,Local,Curb,Not at Intersection,N,Daylight,Clear,Dry,N,,Pedestrian,On Roadway,N,Non-Junction,None,,,None,,,N,,,,,CSO II,Orlando Police Department,Police Department (PD),12/20/2024 7:51:00 PM,12/20/2024 7:51:00 PM,7,Y,Pedestrian,Pedestrian,Injury,Non-Incapacitating Injury,DAY,N,N,N,N,N,N,N,N,N,1,1,0,1,0,0,0,0,0,0,0,1,1,0,1,1,0,0,0,0,0,0,0,0,0,N,0,0,Y,0,0,0,0,0,0,1,100,100,0,0,1,Preliminary,Editor Mapped,475769.3203,3137522.8635,28.3637511947422,-81.2472756859894
27238183,2024,15-DEC-2024 03:50 PM,15-DEC-2024 12:00 AM,2024-00462584,S,1,3,7,46,Orange,Orlando,Urban,12/15/2024 3:54:00 PM,12/15/2024 4:13:00 PM,12/15/2024 4:48:00 PM,12/15/2024 5:15:00 PM,Y,Law Enforcement,S SEMORAN BLVD,,28.526061,-81.310281,547,South,,,Parking Lot,Paved,Not at Intersection,N,Daylight,Clear,Dry,N,,Pedalcycle,Off Roadway,N,Non-Junction,None,,,None,,,N,,,,,OFFICER,Orlando Police Department,Police Department (PD),12/20/2024 7:52:00 PM,12/20/2024 7:52:00 PM,5,N,Bicycle,Bicycle,No Injury,No Injury,DAY,N,N,N,N,N,N,N,N,N,3,0,0,0,0,0,0,0,0,0,0,2,2,0,1,0,0,0,0,0,0,0,0,0,0,N,0,0,Y,0,0,0,0,0,0,1,500,500,0,0,0,Preliminary,Officer Mapped,469641.9995,3155517.7746,28.5260559155984,-81.3102784047822
27238526,2024,19-DEC-2024 05:00 PM,24-DEC-2024 12:00 AM,2024-00468427,L,1,1,7,46,Orange,Orlando,Urban,12/19/2024 7:03:00 PM,12/19/2024 7:18:00 PM,12/19/2024 7:38:00 PM,12/19/2024 7:38:00 PM,Y,Law Enforcement,FORMOSA AVE,,28.582284,-81.377276,0,,E PAR AVE,,Local,Paved,Four-Way Intersection,Y,Daylight,Clear,Dry,N,,Pedalcycle,On Roadway,N,Other,None,,,None,,,N,,,,,M,Orlando Police Department,Police Department (PD),1/8/2025 9:41:00 PM,1/8/2025 9:41:00 PM,20,Y,Bicycle,Bicycle,Serious Injury,Incapacitating Injury,DAY,N,N,N,N,N,N,N,N,N,0,1,0,0,1,0,0,0,0,0,0,1,1,0,0,0,0,0,0,0,0,0,0,0,0,N,0,0,Y,1,0,0,0,0,0,1,2000,2000,1,0,0,Preliminary,Editor Mapped,463106.735,3161765.3011,28.5822794130959,-81.3772729242215
27248517,2024,18-DEC-2024 08:40 AM,18-DEC-2024 12:00 AM,24-477431,L,1,2,64,0,Collier,Unincorporated,Rural,12/18/2024 8:40:00 AM,12/18/2024 8:40:00 AM,12/18/2024 8:40:00 AM,12/18/2024 9:10:00 AM,Y,Law Enforcement,IMMOKALEE RD,,26.272839,-81.703387,0,,IBIS COVE DR,,County,Paved,T-Intersection,N,Daylight,Clear,Dry,N,,Pedestrian,Roadside,N,Intersection,None,,,None,,,N,,,,,CPL,Collier County Sheriff's Office,Sheriff's Office (SO),12/20/2024 7:51:00 PM,12/20/2024 7:51:00 PM,2,Y,Pedestrian,Pedestrian,Injury,Possible Injury,DAY,N,N,N,N,N,N,Y,N,N,1,1,1,0,0,0,0,0,0,0,0,1,1,0,1,0,0,0,0,0,0,0,0,0,0,N,0,0,Y,0,0,0,0,1,200,1,100,300,0,0,0,Preliminary,Editor Mapped,429774.4413,2906087.1719,26.2728098300656,-81.7033322527679
83371050,2024,04-JAN-2024 03:55 PM,04-JAN-2024 04:16 PM,24-11470,L,1,3,3,0,Hillsborough,Unincorporated,Rural,1/4/2024 4:01:00 PM,1/4/2024 4:02:00 PM,1/4/2024 4:04:00 PM,1/4/2024 4:30:00 PM,Y,Law Enforcement,N 42ND ST,,,,0,,HELLENIC DR,,Local,Unpaved,Not at Intersection,Y,Daylight,Clear,Dry,N,Other,Pedalcycle,On Roadway,N,Non-Junction,None,,,None,,,N,,,,,DEP,Hillsborough County Sheriff's Office,Sheriff's Office (SO),1/9/2024 7:55:00 PM,1/9/2024 7:55:00 PM,5,Y,Bicycle,Bicycle,Injury,Non-Incapacitating Injury,DAY,N,N,N,N,N,N,N,N,N,2,1,0,1,0,0,0,0,0,0,0,1,1,0,1,0,0,1,0,0,0,0,0,0,0,N,0,0,Y,0,0,0,0,0,0,1,250,250,0,0,0,Preliminary,Editor Mapped,361053.0895,3106700.0907,28.0784517277543,-82.4141197758532
84962548,2024,22-MAR-2024 08:20 PM,22-MAR-2024 08:57 PM,USF24CAD009828,L,1,2,3,50,Hillsborough,Tampa,Urban,3/22/2024 8:31:00 PM,3/22/2024 8:35:00 PM,3/22/2024 8:35:00 PM,3/22/2024 9:16:00 PM,Y,Law Enforcement,USF MYRTLE DRIVE & USF HOLLY DRIVE,,28.0618516268667,-82.4114534264896,66,West,USF MYRTLE DRIVE & USF HOLLY DRIVE,,Local,Curb,T-Intersection,Y,Dark - Lighted,Rain,Wet,N,Rear to Rear,Pedestrian,On Roadway,Y,Intersection,None,,,None,,,N,,,,,CORPORAL,University of South Florida Police Department,Police Department (PD),9/23/2024 7:34:00 PM,9/23/2024 7:34:00 PM,185,Y,Pedestrian,Pedestrian,Injury,Non-Incapacitating Injury,NIGHT,N,N,N,N,N,N,Y,N,N,1,1,0,1,0,0,0,0,0,0,0,1,1,0,1,0,1,0,0,0,0,0,0,0,0,N,0,0,Y,0,0,0,0,0,0,0,0,0,0,0,0,Preliminary,Computer plot approximate by lat/long,361294.1085,3104857.2617,28.0618464514972,-82.4114500378002
84962573,2024,09-APR-2024 10:30 AM,11-APR-2024 06:41 PM,USF24CAD012135,L,1,2,3,50,Hillsborough,Tampa,Urban,4/10/2024 9:49:00 PM,4/10/2024 9:49:00 PM,4/10/2024 9:49:00 PM,4/10/2024 10:42:00 PM,Y,Law Enforcement,USF GENSHAFT DR,,28.06015181,-82.40873882,,,USF ALUMNI DR,,State,Curb,Not at Intersection,N,Daylight,Clear,Dry,N,Other,Pedestrian,On Roadway,N,Non-Junction,None,,,None,,,N,,,,,OFFICER,University of South Florida Police Department,Police Department (PD),4/13/2024 7:19:00 PM,4/13/2024 7:19:00 PM,4,Y,Pedestrian,Pedestrian,Injury,Non-Incapacitating Injury,DAY,N,N,N,N,N,N,N,N,N,1,1,0,1,0,0,0,0,0,0,0,1,1,0,1,0,0,0,0,0,0,0,0,0,0,N,0,0,Y,0,0,0,0,1,300,1,1000,1300,0,0,0,Preliminary,Editor Mapped,361563.9365,3104662.7848,28.0601195963227,-82.408682100803
84962659,2024,01-FEB-2024 10:35 PM,01-FEB-2024 11:06 PM,USF24CAD003724,L,1,3,3,50,Hillsborough,Tampa,Urban,2/1/2024 10:37:00 PM,2/1/2024 10:39:00 PM,2/1/2024 10:41:00 PM,2/2/2024 12:09:00 AM,Y,Law Enforcement,ALLEYWAY OFF OF USF PALM DR,,28.0667,-82.41268,348,North,USF MULBERRY LN,,Local,Curb,T-Intersection,Y,Dark - Lighted,Clear,Dry,N,Other,Pedestrian,In Parking Lane or Zone,N,Driveway/Alley Access Related,None,,,None,,,N,,,,,OFFICER,University of South Florida Police Department,Police Department (PD),2/3/2024 7:18:00 PM,2/3/2024 7:18:00 PM,2,Y,Pedestrian,Pedestrian,Injury,Possible Injury,NIGHT,N,N,N,N,N,N,N,N,N,2,1,1,0,0,0,0,0,0,0,0,1,1,0,1,0,0,1,0,0,0,0,0,0,0,N,0,0,Y,0,0,1,0,1,350,1,500,850,0,0,0,Preliminary,Editor Mapped,361135.3708,3105390.9493,28.0666460781672,-82.4131279391285
84962736,2024,25-JAN-2024 06:45 AM,25-JAN-2024 07:46 AM,USF24CAD002839,L,1,2,3,0,Hillsborough,Unincorporated,Urban,1/25/2024 6:55:00 AM,1/25/2024 7:01:00 AM,1/25/2024 7:05:00 AM,1/25/2024 7:48:00 AM,Y,Law Enforcement,USF ELM DRIVE,,28.05976,-82.40275,0,,USF SYCAMORE DRIVE,,Local,Paved,Four-Way Intersection,N,Dawn,Clear,Dry,N,Angle,Pedestrian,On Roadway,N,Intersection,None,,,None,,,N,,,,,OFFICER,University of South Florida Police Department,Police Department (PD),2/13/2024 7:54:00 PM,2/13/2024 7:54:00 PM,19,Y,Pedestrian,Pedestrian,Injury,Possible Injury,NIGHT,N,N,N,N,N,N,Y,N,N,1,1,1,0,0,0,0,0,0,0,0,1,1,0,1,0,0,0,0,0,0,0,0,0,0,N,0,0,Y,0,0,0,0,1,200,1,500,700,0,0,0,Preliminary,Editor Mapped,362142.359,3104617.6565,28.05977259241,-82.4027924099732
84962741,2024,13-FEB-2024 09:55 AM,16-FEB-2024 10:05 AM,USF24CAD005124,L,1,2,3,50,Hillsborough,Tampa,Urban,2/13/2024 9:58:00 AM,2/13/2024 10:02:00 AM,2/13/2024 10:30:00 AM,2/13/2024 11:18:00 AM,Y,Law Enforcement,USF HOLLY DR JUST EAST OF USF MRYTLE DR,,28.065663760834,-82.4106589408698,568,East,,,Local,Paved,Not at Intersection,Y,Daylight,Clear,Dry,N,Other,Other Non-Fixed Object,On Roadway,N,Non-Junction,None,,,None,,,N,,,,,OFFICER,University of South Florida Police Department,Police Department (PD),2/29/2024 1:33:00 AM,2/29/2024 1:33:00 AM,16,Y,Single Vehicle,Other,Injury,Non-Incapacitating Injury,DAY,N,N,N,N,N,N,N,N,N,1,1,0,1,0,0,0,0,0,0,0,1,1,0,1,0,0,0,0,0,0,0,0,0,0,N,0,0,Y,0,0,1,0,1,100,1,100,200,1,0,0,Preliminary,Editor Mapped,361368.6663,3105281.3292,28.0656812312843,-82.4107415206444
88499288,2024,04-MAR-2024 11:10 PM,05-MAR-2024 12:42 AM,FHP24ON0111931,L,1,2,38,45,Monroe,Marathon,Urban,3/4/2024 11:14:00 PM,3/4/2024 11:40:00 PM,3/5/2024 12:39:00 AM,3/5/2024 1:10:00 AM,Y,Law Enforcement,US 1 (STATE ROAD 5),,24.7203,-81.06214,0,,89TH STREET,,U.S.,Unpaved,Four-Way Intersection,N,Dark - Lighted,Clear,Dry,N,Other,Pedalcycle,On Roadway,N,Intersection,None,,,None,,,N,,,,,TPR,Florida Highway Patrol,Florida Highway Patrol (FHP),4/24/2024 11:39:00 PM,4/24/2024 11:39:00 PM,51,Y,Bicycle,Bicycle,Injury,Non-Incapacitating Injury,NIGHT,N,N,N,N,N,N,Y,N,N,1,1,0,1,0,0,0,0,0,0,0,1,1,0,1,1,0,0,0,0,0,0,0,0,0,N,0,0,Y,0,0,1,0,1,400,1,2000,2400,1,0,0,Preliminary,Editor Mapped,494746.8808,2734410.1273,24.7241978400895,-81.0519422648402
88584491,2024,05-JUL-2024 12:40 PM,05-JUL-2024 01:17 PM,FHP24ON0336153,L,1,4,9,0,Escambia,Unincorporated,Rural,7/5/2024 12:44:00 PM,7/5/2024 12:55:00 PM,7/5/2024 1:06:00 PM,7/5/2024 2:46:00 PM,Y,Law Enforcement,POPLAR AVENUE,,30.52049,-87.26605,0,,PAGE STREET,,Local,Unpaved,Four-Way Intersection,N,Daylight,Cloudy,Dry,N,Angle,Pedalcycle,On Roadway,N,Intersection,None,,,None,,,N,,,,,CPL,Florida Highway Patrol,Florida Highway Patrol (FHP),7/9/2024 7:45:00 PM,7/9/2024 7:45:00 PM,4,Y,Bicycle,Bicycle,Injury,Non-Incapacitating Injury,DAY,N,N,N,N,N,N,Y,N,N,3,1,0,1,0,0,0,0,0,0,0,1,1,0,1,0,0,2,0,0,0,0,0,0,0,N,0,0,Y,0,0,1,0,1,500,1,2000,2500,1,0,0,Preliminary,Editor Mapped,-101750.6004,3393213.6795,30.5204818493471,-87.2660395289554
89365479,2024,09-FEB-2024 04:55 PM,09-FEB-2024 12:00 AM,SO24-41981,L,2,4,4,42,Pinellas,Indian Rocks Beach,Urban,2/9/2024 4:55:00 PM,2/9/2024 4:58:00 PM,2/9/2024 5:02:00 PM,2/9/2024 5:43:00 PM,Y,Law Enforcement,27TH AVE,,27.908778,-82.846525,0,,GULF BLVD,,County,Curb,T-Intersection,Y,Daylight,Clear,Dry,N,Other,Motor Vehicle in Transport,On Roadway,N,Intersection,None,,,None,,,N,,,,,DEPUTY,Pinellas County Sheriff's Office,Sheriff's Office (SO),2/16/2024 7:22:00 PM,2/16/2024 7:22:00 PM,7,Y,Right Angle,Angle,Injury,Possible Injury,DAY,N,N,N,N,N,N,Y,N,N,3,1,1,0,0,0,0,0,0,0,0,1,1,0,2,0,0,1,0,0,0,0,0,0,0,N,0,0,Y,0,0,1,0,0,0,2,1000,1000,0,0,0,Preliminary,Editor Mapped,318276.016,3088459.2298,27.9086967148081,-82.8465086206245
89365648,2024,07-MAR-2024 05:00 PM,07-MAR-2024 12:00 AM,SO24-70940,L,1,2,4,76,Pinellas,Seminole,Urban,3/7/2024 5:03:00 PM,3/7/2024 5:03:00 PM,3/7/2024 5:04:00 PM,3/7/2024 5:40:00 PM,Y,Law Enforcement,PARK BLVD N,,27.83977,-82.790115,9,East,,,Parking Lot,Curb,Not at Intersection,Y,Daylight,Clear,Dry,N,,Pedalcycle,Off Roadway,N,Driveway/Alley Access Related,None,,,Other,,,N,,,,,DEPUTY,Pinellas County Sheriff's Office,Sheriff's Office (SO),3/12/2024 8:14:00 PM,3/12/2024 8:14:00 PM,5,Y,Bicycle,Bicycle,Injury,Possible Injury,DAY,N,N,N,N,N,N,N,N,N,1,1,1,0,0,0,0,0,0,0,0,1,1,0,1,0,0,0,0,0,0,0,0,0,0,N,0,0,Y,0,0,0,0,0,0,1,100,100,1,0,0,Preliminary,Editor Mapped,323598.0985,3080736.994,27.8397327694821,-82.7913056287084
89365739,2024,21-MAR-2024 03:10 PM,21-MAR-2024 12:00 AM,SO24-86683,L,1,2,4,62,Pinellas,South Pasadena,Urban,3/21/2024 3:10:00 PM,3/21/2024 3:12:00 PM,3/21/2024 3:17:00 PM,3/21/2024 4:06:00 PM,Y,Law Enforcement,PASADENA AVE S,1062-1036,27.759913,-82.735726,,,,,Parking Lot,Curb,Not at Intersection,Y,Daylight,Clear,Dry,N,,Other Non-Fixed Object,Roadside,N,Driveway/Alley Access Related,Other,,,Other,,,N,,,,,DEPUTY,Pinellas County Sheriff's Office,Sheriff's Office (SO),3/27/2024 11:43:00 PM,3/27/2024 11:43:00 PM,6,Y,Single Vehicle,Other,Injury,Non-Incapacitating Injury,DAY,N,N,N,N,N,N,N,N,N,1,1,0,1,0,0,0,0,0,0,0,1,1,0,1,0,0,0,0,0,0,0,0,0,0,N,0,0,Y,0,0,0,0,0,0,1,500,500,0,0,0,Preliminary,Editor Mapped,328947.9481,3071813.3474,27.7599055096522,-82.7357200139855
89365801,2024,30-MAR-2024 05:02 PM,30-MAR-2024 12:00 AM,SO24-95522,L,1,2,4,62,Pinellas,South Pasadena,Urban,3/30/2024 5:03:00 PM,3/30/2024 5:12:00 PM,3/30/2024 5:12:00 PM,3/30/2024 5:57:00 PM,Y,Law Enforcement,MAJESTIC WAY,960,27.757037,-82.736723,60,South,,,Parking Lot,Curb,Not at Intersection,Y,Daylight,Clear,Dry,N,,Pedalcycle,Off Roadway,N,Non-Junction,None,,,Other,None,,N,,,,,DEPUTY,Pinellas County Sheriff's Office,Sheriff's Office (SO),4/1/2024 7:36:00 PM,4/1/2024 7:36:00 PM,2,Y,Bicycle,Bicycle,Serious Injury,Incapacitating Injury,DAY,N,N,N,N,N,N,N,N,N,1,1,0,0,1,0,0,0,0,0,0,1,1,0,1,0,0,0,0,0,0,0,0,0,0,N,0,0,Y,1,0,0,0,0,0,1,500,500,2,0,0,Verified,n/a,328842.1094,3071494.4416,27.7570143954152,-82.7367479093163
89365986,2024,26-APR-2024 04:00 PM,26-APR-2024 12:00 AM,SO24-126456,L,1,2,4,62,Pinellas,South Pasadena,Urban,4/26/2024 4:00:00 PM,4/26/2024 4:00:00 PM,4/26/2024 4:02:00 PM,4/26/2024 4:45:00 PM,Y,Law Enforcement,PASADENA AVE S,,27.756667,-82.736873,213,South,MAJESTIC WAY S,,Local,Curb,Not at Intersection,Y,Daylight,Clear,Dry,N,,Pedalcycle,Roadside,N,Non-Junction,None,,,Physical Obstruction(s),,,N,,,,,DEPUTY,Pinellas County Sheriff's Office,Sheriff's Office (SO),5/3/2024 7:36:00 PM,5/3/2024 7:36:00 PM,7,N,Bicycle,Bicycle,No Injury,No Injury,DAY,N,N,N,N,N,N,N,N,N,2,0,0,0,0,0,0,0,0,0,0,1,1,0,1,0,0,0,0,0,0,0,0,0,0,N,0,0,Y,0,0,0,0,0,0,1,500,500,0,0,0,Preliminary,Editor Mapped,328829.4714,3071449.2681,27.7566051641,-82.7368696288837
89366217,2024,04-JUN-2024 08:35 PM,04-JUN-2024 12:00 AM,SO24-171419,L,1,2,4,76,Pinellas,Seminole,Urban,6/4/2024 8:35:00 PM,6/4/2024 8:36:00 PM,6/4/2024 8:45:00 PM,6/4/2024 9:36:00 PM,Y,Law Enforcement,FRONTAGE RD,,27.814956,-82.779079,238,West,100TH WAY N,,County,Curb,Not at Intersection,Y,Dusk,Clear,Dry,N,,Pedalcycle,On Roadway,N,Intersection,None,,,None,,,N,,,,,DEPUTY,Pinellas County Sheriff's Office,Sheriff's Office (SO),6/9/2024 7:14:00 PM,6/9/2024 7:14:00 PM,5,Y,Bicycle,Bicycle,Injury,Non-Incapacitating Injury,NIGHT,N,N,N,N,N,N,Y,N,N,1,1,0,1,0,0,0,0,0,0,0,1,1,0,1,0,0,0,0,0,0,0,0,0,0,N,0,0,Y,0,0,1,0,0,0,1,500,500,1,0,0,Preliminary,Editor Mapped,324762.9799,3077969.7363,27.8149163852746,-82.7790740041768
89366833,2024,30-SEP-2024 06:57 AM,09-NOV-2024 12:00 AM,SO24-306335,L,1,1,4,38,Pinellas,Dunedin,Urban,9/30/2024 6:57:00 AM,9/30/2024 6:59:00 AM,9/30/2024 7:02:00 AM,9/30/2024 7:35:00 AM,Y,Law Enforcement,OHIO AVE,,28.024544,-82.771527,0,,PINEHURST RD,,Local,Paved,T-Intersection,Y,Dawn,Clear,Dry,N,,Pedalcycle,On Roadway,N,Intersection,None,,,None,,,N,,,,,DEPUTY,Pinellas County Sheriff's Office,Sheriff's Office (SO),10/3/2024 7:30:00 PM,11/11/2024 7:31:00 PM,3,Y,Bicycle,Bicycle,Injury,Possible Injury,NIGHT,N,N,N,N,N,N,Y,N,N,0,1,1,0,0,0,0,0,0,0,0,1,1,0,0,0,0,0,0,0,0,0,0,0,0,N,0,0,Y,0,0,0,0,0,0,1,1000,1000,0,0,0,Preliminary,Editor Mapped,325843.2481,3101185.9896,28.0245393068451,-82.7715230581066
89366961,2024,21-OCT-2024 05:38 PM,22-OCT-2024 12:00 AM,SO24-326371,L,1,2,4,76,Pinellas,Seminole,Urban,10/21/2024 6:00:00 PM,10/21/2024 6:00:00 PM,10/21/2024 6:11:00 PM,10/21/2024 7:06:00 PM,Y,Law Enforcement,UNNAMED RD,,27.843355,-82.794421,,,,,Parking Lot,Paved,Not at Intersection,Y,Daylight,Clear,Dry,N,,Pedestrian,Off Roadway,N,Intersection-Related,Unknown,,,Unknown,,,N,,,,,DEPUTY,Pinellas County Sheriff's Office,Sheriff's Office (SO),11/7/2024 7:29:00 PM,11/7/2024 7:29:00 PM,17,Y,Pedestrian,Pedestrian,Injury,Non-Incapacitating Injury,DAY,N,N,N,N,N,Y,Y,N,N,1,1,0,1,0,0,0,0,0,0,0,1,1,0,1,0,0,0,0,0,0,0,0,0,0,N,0,0,Y,0,0,0,0,0,0,1,100,100,1,0,0,Preliminary,Officer Mapped,323297.4599,3081142.2647,27.8433498984656,-82.7944174900418
89367077,2024,10-NOV-2024 05:07 PM,10-NOV-2024 12:00 AM,SO24-346070,L,2,6,4,76,Pinellas,Seminole,Urban,11/10/2024 5:10:00 PM,11/10/2024 5:16:00 PM,11/10/2024 5:17:00 PM,11/10/2024 7:50:00 PM,Y,Law Enforcement,SEMINOLE BLVD,,27.837796,-82.786949,0,,72ND AVE,,Local,Curb,Four-Way Intersection,Y,Daylight,Clear,Dry,N,,Pedalcycle,On Roadway,N,Through Roadway,None,,,None,,,N,,,,,DEPUTY,Pinellas County Sheriff's Office,Sheriff's Office (SO),11/14/2024 7:32:00 PM,11/14/2024 7:32:00 PM,4,Y,Bicycle,Bicycle,Serious Injury,Incapacitating Injury,DAY,N,N,N,N,N,N,N,N,N,5,1,0,0,1,0,0,0,0,0,0,1,1,0,2,1,0,3,0,0,0,0,0,0,0,N,0,0,Y,1,0,0,0,0,0,2,3000,3000,1,0,0,Preliminary,Editor Mapped,324023.815,3080511.2069,27.8377515046851,-82.7869509363178
89396513,2024,22-FEB-2024 03:38 PM,22-FEB-2024 12:00 AM,20240068,L,1,2,15,36,Manatee,Holmes Beach,Urban,2/22/2024 3:38:00 PM,2/22/2024 3:45:00 PM,2/22/2024 4:00:00 PM,2/22/2024 3:38:00 PM,Y,Law Enforcement,GULF DR S,,27.449834,-82.690743,3459,South,13TH ST S,,State,Paved,Not at Intersection,Y,Daylight,Clear,Dry,N,,Pedalcycle,Shoulder,N,Non-Junction,None,,,None,,,N,,,,,SERGEANT,Holmes Beach Police Department,Police Department (PD),2/23/2024 7:26:00 PM,2/23/2024 7:26:00 PM,1,Y,Bicycle,Bicycle,Injury,Possible Injury,DAY,N,N,N,N,N,N,N,N,N,1,1,1,0,0,0,0,0,0,0,0,1,1,0,1,0,0,0,0,0,0,0,0,0,0,N,0,0,Y,0,0,0,0,0,0,1,5000,5000,0,0,0,Preliminary,Editor Mapped,332912.3769,3037395.1822,27.4498200102835,-82.6907308915424
89730662,2024,25-JUL-2024 12:30 PM,25-JUL-2024 01:34 PM,FHP24ON0370243,L,1,4,38,42,Monroe,Key West,Urban,7/25/2024 12:33:00 PM,7/25/2024 12:36:00 PM,7/25/2024 12:48:00 PM,7/25/2024 2:22:00 PM,Y,Law Enforcement,PARKING LOT 5168 OVERSEAS HIGHWAY,,24.5717227617158,-81.7459862720698,,,US HWY 1 (OVERSEAS HIGHWAY),,Parking Lot,Paved,Not at Intersection,N,Daylight,Clear,Dry,N,Other,Pedalcycle,Off Roadway,N,Non-Junction,None,,,None,,,N,,,,,MTPR,Florida Highway Patrol,Florida Highway Patrol (FHP),8/1/2024 7:25:00 PM,8/1/2024 7:25:00 PM,7,Y,Bicycle,Bicycle,Injury,Non-Incapacitating Injury,DAY,N,N,N,N,N,N,N,N,N,0,4,3,1,0,0,0,0,0,0,0,1,1,0,1,0,0,2,3,3,0,0,0,0,0,N,0,0,Y,0,0,0,0,0,0,0,0,0,1,0,0,Preliminary,Editor Mapped,424504.3693,2717742.6509,24.5718294019493,-81.7455733943141
89753569,2024,10-JAN-2024 03:06 PM,29-JAN-2024 08:10 AM,FHP24ON0015791,L,1,2,28,0,Pasco,Unincorporated,Rural,1/10/2024 3:07:00 PM,1/10/2024 3:18:00 PM,1/10/2024 3:35:00 PM,1/10/2024 4:06:00 PM,Y,Law Enforcement,NIGHT STAR TRAIL,,28.2137185927424,-82.6160138394611,,,RANCHERS GAP DRIVE,,Local,Unpaved,Other,N,Daylight,Clear,Dry,N,Angle,Pedalcycle,In Parking Lane or Zone,N,Driveway/Alley Access Related,None,,,None,,,N,,,,,TPR,Florida Highway Patrol,Florida Highway Patrol (FHP),1/21/2024 7:10:00 PM,1/30/2024 7:52:00 PM,11,Y,Bicycle,Bicycle,Injury,Non-Incapacitating Injury,DAY,N,N,N,N,N,Y,N,N,N,1,1,0,1,0,0,0,0,0,0,0,1,1,0,1,0,0,0,0,0,0,0,0,0,0,N,0,0,Y,0,0,1,0,1,500,1,1000,1500,1,0,0,Preliminary,Editor Mapped,341450.9203,3121962.0372,28.2139677608442,-82.6156242921832
89757127,2024,28-MAR-2024 06:32 AM,28-MAR-2024 09:35 AM,FHP24ON0154963,L,1,4,28,0,Pasco,Unincorporated,Rural,3/28/2024 6:32:00 AM,3/28/2024 7:59:00 AM,3/28/2024 9:17:00 AM,3/28/2024 10:25:00 AM,Y,Law Enforcement,US HIGHWAY 19,,28.18235,-82.74017,37,North,CONTINENTAL DRIVE,,U.S.,Unpaved,Not at Intersection,N,Daylight,Rain,Wet,N,Other,Pedalcycle,On Roadway,N,Non-Junction,None,,,None,,,N,,,,,TPR,Florida Highway Patrol,Florida Highway Patrol (FHP),4/2/2024 7:52:00 PM,4/2/2024 7:52:00 PM,5,Y,Bicycle,Bicycle,Injury,Non-Incapacitating Injury,NIGHT,N,N,N,N,N,N,N,N,N,3,1,0,1,0,0,0,0,0,0,0,1,1,0,1,0,0,2,0,0,0,0,0,0,0,N,0,0,Y,0,0,1,0,1,100,1,2000,2100,1,0,0,Preliminary,Editor Mapped,329183.5069,3118637.4591,28.1824374796637,-82.7400983202089
89760730,2024,03-FEB-2024 10:55 AM,03-FEB-2024 12:12 PM,FHP24ON0057101,L,1,2,28,50,Pasco,Port Richey,Rural,2/3/2024 11:00:00 AM,2/3/2024 11:06:00 AM,2/3/2024 12:06:00 PM,2/3/2024 12:31:00 PM,Y,Law Enforcement,RIDGE CREST DRIVE,,28.2842493162918,-82.7148260171746,0,,US-19,,Local,Unpaved,Not at Intersection,N,Daylight,Clear,Dry,N,Angle,Pedalcycle,On Roadway,N,Driveway/Alley Access Related,None,,,None,,,N,,,,,TPR,Florida Highway Patrol,Florida Highway Patrol (FHP),2/8/2024 7:20:00 PM,2/8/2024 7:20:00 PM,5,Y,Bicycle,Bicycle,Injury,Non-Incapacitating Injury,DAY,N,N,N,N,N,N,N,N,N,1,1,0,1,0,0,0,0,0,0,0,1,1,0,1,0,0,0,0,0,0,0,0,0,0,N,0,0,Y,0,0,0,0,1,600,1,250,850,1,0,0,Preliminary,Editor Mapped,331824.7957,3129882.3979,28.2842391263208,-82.7148233607054
89859381,2024,30-MAR-2024 03:50 PM,30-MAR-2024 03:54 PM,SJSO24CAD070055,L,1,2,20,50,St. Johns,St. Augustine,Urban,3/30/2024 3:51:00 PM,3/30/2024 3:53:00 PM,3/30/2024 4:00:00 PM,3/30/2024 4:34:00 PM,Y,Law Enforcement,ANDERSON STREET,,29.8841,-81.33186,196,East,SOUTH WHITNEY STREET,,Local,Curb,Not at Intersection,N,Daylight,Clear,Dry,N,"Sideswipe, Same Direction",Parked Motor Vehicle,On Roadway,N,Non-Junction,None,,,None,,,N,,,,,CORPORAL,St. Augustine Police Department,Police Department (PD),4/2/2024 7:53:00 PM,4/2/2024 7:53:00 PM,3,Y,Single Vehicle,Other,Injury,Possible Injury,DAY,N,N,N,N,N,N,N,Y,N,1,1,1,0,0,0,0,0,0,0,0,1,1,0,1,0,0,0,0,0,0,0,0,0,0,N,0,0,Y,0,0,1,0,0,0,1,2000,2000,0,0,0,Preliminary,Editor Mapped,468015.6742,3305990.4414,29.8841141636028,-81.3312384540485
89859436,2024,08-OCT-2024 02:25 PM,08-OCT-2024 02:36 PM,SJSO24CAD223559,L,1,2,20,50,St. Johns,St. Augustine,Urban,10/8/2024 2:25:00 PM,10/8/2024 2:25:00 PM,10/8/2024 2:25:00 PM,10/8/2024 2:36:00 PM,Y,Law Enforcement,S DIXIE HWY,,29.88104,-81.32687,0,,FERRY PL,,Local,Curb,T-Intersection,N,Daylight,Clear,Dry,N,Other,Pedalcycle,On Roadway,Y,Intersection,None,,,None,,,N,,,,,PATROLMAN,St. Augustine Police Department,Police Department (PD),10/15/2024 8:04:00 PM,10/15/2024 8:04:00 PM,7,Y,Bicycle,Bicycle,Injury,Non-Incapacitating Injury,DAY,N,N,N,N,N,N,Y,N,N,1,1,0,1,0,0,0,0,0,0,0,1,1,0,1,0,0,0,0,0,0,0,0,0,0,N,0,0,Y,0,0,1,0,0,0,1,500,500,1,0,0,Preliminary,Editor Mapped,468442.7234,3305643.4923,29.8809941054824,-81.3268056650192
89871928,2024,15-SEP-2024 06:00 AM,15-SEP-2024 12:00 AM,24-351312,L,1,2,64,0,Collier,Unincorporated,Rural,9/15/2024 6:10:00 AM,9/15/2024 6:15:00 AM,9/15/2024 6:20:00 AM,9/15/2024 6:25:00 AM,Y,Law Enforcement,IMMOKALEE RD,,26.276397,-81.607279,0,,WILSON BLVD N,,County,Paved,Four-Way Intersection,N,Dark - Lighted,Clear,Dry,N,,Pedalcycle,On Roadway,N,Intersection,None,,,Glare,,,N,,,,,DEPUTY,Collier County Sheriff's Office,Sheriff's Office (SO),9/19/2024 7:27:00 PM,9/19/2024 7:27:00 PM,4,Y,Bicycle,Bicycle,No Injury,No Injury,NIGHT,Y,N,N,N,N,Y,Y,N,Y,2,0,0,0,0,0,0,0,0,0,0,1,1,0,1,0,0,0,0,0,0,0,0,0,0,N,0,0,Y,0,0,0,0,0,0,0,0,0,0,0,0,Preliminary,Editor Mapped,439367.6942,2906434.2545,26.2763821668878,-81.6072736139603
89873325,2024,02-NOV-2024 08:15 PM,02-NOV-2024 12:00 AM,24-417786,L,1,6,64,0,Collier,Unincorporated,Rural,11/2/2024 8:17:00 PM,11/2/2024 8:17:00 PM,11/2/2024 8:24:00 PM,11/2/2024 8:58:00 PM,Y,Law Enforcement,IBIS COVE DR,,26.272797,-81.703484,37,South,IMMOKALEE RD,,Local,Curb,Not at Intersection,N,Dark - Lighted,Clear,Dry,N,,Pedestrian,On Roadway,N,Non-Junction,None,,,None,,,N,,,,,DEPUTY,Collier County Sheriff's Office,Sheriff's Office (SO),11/5/2024 7:59:00 PM,11/5/2024 7:59:00 PM,3,Y,Pedestrian,Pedestrian,Injury,Non-Incapacitating Injury,NIGHT,N,N,N,N,N,N,N,N,N,5,1,0,1,0,0,0,0,0,0,0,5,3,2,1,1,0,0,0,0,0,0,0,0,0,Y,0,0,Y,0,0,0,0,0,0,1,500,500,1,0,0,Preliminary,Editor Mapped,429759.7165,2906084.957,26.2727891095896,-81.7034795970686
89907036,2024,03-JAN-2024 09:00 AM,03-JAN-2024 12:00 AM,CW24-1203,L,1,2,4,36,Pinellas,Clearwater,Urban,1/3/2024 9:00:00 AM,1/3/2024 9:03:00 AM,1/3/2024 9:19:00 AM,1/3/2024 9:43:00 AM,Y,Law Enforcement,UNION ST,,27.99724,-82.762922,0,,N KEENE RD,,Local,Curb,Four-Way Intersection,N,Daylight,Clear,Dry,N,,Pedalcycle,On Roadway,N,Intersection-Related,None,,,None,,,N,,,,,PST,Clearwater Police Department,Police Department (PD),1/5/2024 7:23:00 PM,1/5/2024 7:23:00 PM,2,Y,Bicycle,Bicycle,No Injury,No Injury,DAY,N,N,N,N,N,Y,Y,N,N,1,0,0,0,0,0,0,0,0,0,0,1,1,0,1,0,0,0,0,0,0,0,0,0,0,N,0,0,Y,0,0,0,0,1,200,0,0,200,0,0,0,Preliminary,Editor Mapped,326644.6182,3098150.3504,27.9972535940313,-82.7629285030512
89907090,2024,04-JAN-2024 03:14 PM,10-JAN-2024 12:00 AM,CW24-1887,L,1,2,4,36,Pinellas,Clearwater,Urban,1/4/2024 3:14:00 PM,1/4/2024 3:16:00 PM,1/4/2024 3:17:00 PM,1/4/2024 4:40:00 PM,Y,Law Enforcement,SUNSET POINT RD,,27.990025,-82.781455,599,West,KINGS HWY,,Local,Curb,Not at Intersection,N,Daylight,Clear,Dry,N,,Pedalcycle,On Roadway,N,Non-Junction,None,,,None,,,N,,,,,OFFICER,Clearwater Police Department,Police Department (PD),1/12/2024 7:35:00 PM,1/12/2024 7:35:00 PM,8,Y,Bicycle,Bicycle,Injury,Non-Incapacitating Injury,DAY,N,N,N,N,N,N,N,N,N,1,1,0,1,0,0,0,0,0,0,0,1,1,0,1,0,1,0,0,0,0,0,0,0,0,N,0,0,Y,0,0,0,0,1,300,1,300,600,0,0,0,Preliminary,Editor Mapped,324813.5397,3097379.1024,27.9900547074898,-82.7814277986479
89978469,2024,30-JAN-2024 09:45 AM,30-JAN-2024 12:00 AM,2024-58123,L,1,2,3,50,Hillsborough,Tampa,Urban,1/30/2024 9:51:00 AM,1/30/2024 9:53:00 AM,1/30/2024 9:57:00 AM,1/30/2024 11:15:00 AM,Y,Law Enforcement,S MANHATTAN AVE,,27.865831,-82.518592,0,,INTERBAY BLVD,,Local,Unpaved,Four-Way Intersection,N,Daylight,Clear,Dry,N,,Pedalcycle,On Roadway,N,Other,None,,,Physical Obstruction(s),,,N,,,,,OFC,Tampa Police Department,Police Department (PD),1/31/2024 8:57:00 PM,1/31/2024 8:57:00 PM,1,Y,Bicycle,Bicycle,Injury,Non-Incapacitating Injury,DAY,N,N,N,N,N,N,N,N,N,1,1,0,1,0,0,0,0,0,0,0,1,1,0,1,0,0,0,0,0,0,0,0,0,0,N,0,0,Y,0,0,0,0,0,0,1,5000,5000,0,0,0,Preliminary,Editor Mapped,350494.4262,3083264.7444,27.8658185846813,-82.5185849406256
89978538,2024,31-JAN-2024 03:31 PM,31-JAN-2024 12:00 AM,2024-60715,L,1,2,3,50,Hillsborough,Tampa,Urban,1/31/2024 3:31:00 PM,1/31/2024 3:32:00 PM,1/31/2024 3:53:00 PM,1/31/2024 4:49:00 PM,Y,Law Enforcement,N FLORIDA AVE,,28.050571,-82.459305,821,South,W 115TH AVE,,State,Paved,Not at Intersection,N,Daylight,Clear,Dry,N,,Pedalcycle,Roadside,N,Non-Junction,None,,,None,,,N,,,,,MPO,Tampa Police Department,Police Department (PD),2/1/2024 7:20:00 PM,2/1/2024 7:20:00 PM,1,Y,Bicycle,Bicycle,Injury,Non-Incapacitating Injury,DAY,N,N,N,N,N,N,N,N,N,1,1,0,1,0,0,0,0,0,0,0,1,1,0,1,1,0,0,0,0,0,0,0,0,0,N,0,0,Y,0,0,0,0,1,300,1,500,800,0,0,0,Preliminary,Editor Mapped,356581.7034,3103659.005,28.0505317464431,-82.4592442037257
89978934,2024,08-FEB-2024 03:41 PM,08-FEB-2024 12:00 AM,2024-76907,L,1,3,3,50,Hillsborough,Tampa,Urban,2/8/2024 3:41:00 PM,2/8/2024 3:44:00 PM,2/8/2024 4:01:00 PM,2/8/2024 5:25:00 PM,Y,Law Enforcement,W COMANCHE AVE,,27.997491,-82.47623,0,,N ROME AVE,,Local,Unpaved,T-Intersection,N,Daylight,Clear,Dry,N,,Pedalcycle,On Roadway,N,Intersection-Related,None,,,None,,,N,,,,,MPO,Tampa Police Department,Police Department (PD),2/10/2024 7:17:00 PM,2/10/2024 7:17:00 PM,2,Y,Bicycle,Bicycle,Injury,Non-Incapacitating Injury,DAY,N,N,N,N,N,N,Y,N,N,2,1,0,1,0,0,0,0,0,0,0,1,1,0,1,0,0,1,0,0,0,0,0,0,0,N,0,0,Y,0,0,1,0,0,0,1,500,500,1,0,0,Preliminary,Editor Mapped,354841.6165,3097802.365,27.9974906753613,-82.4762230409038
89979250,2024,14-FEB-2024 05:20 PM,14-FEB-2024 12:00 AM,2024-89801,L,1,2,3,50,Hillsborough,Tampa,Urban,2/14/2024 5:20:00 PM,2/14/2024 5:27:00 PM,2/14/2024 5:44:00 PM,2/14/2024 6:36:00 PM,Y,Law Enforcement,S WEST SHORE BLVD,,27.867026,-82.526935,63,South,W PRESCOTT ST,,Local,Paved,Four-Way Intersection,N,Daylight,Clear,Dry,N,,Pedalcycle,On Roadway,N,Intersection,None,,,None,,,N,,,,,OFC,Tampa Police Department,Police Department (PD),2/16/2024 7:23:00 PM,2/16/2024 7:23:00 PM,2,Y,Bicycle,Bicycle,Injury,Possible Injury,DAY,N,N,Y,N,N,N,Y,N,N,1,1,1,0,0,0,0,0,1,0,0,1,1,0,1,0,0,0,0,0,0,0,0,0,0,N,0,0,Y,0,0,0,0,0,0,0,0,0,0,0,0,Preliminary,Editor Mapped,349673.5611,3083408.7996,27.8670265337091,-82.5269385985897
24027139,2025,30-JAN-2025 11:42 AM,30-JAN-2025 12:00 AM,SD250100149,L,1,2,8,60,Volusia,South Daytona,Urban,1/30/2025 11:43:00 AM,1/30/2025 11:43:00 AM,1/30/2025 11:47:00 AM,1/30/2025 12:15:00 PM,Y,Law Enforcement,S RIDGEWOOD AVE,,29.17549,-81.003887,239,North,OBRIEN WAY,,U.S.,Curb,Not at Intersection,N,Daylight,Clear,Dry,N,,Pedestrian,On Roadway,N,Non-Junction,Other,None,,None,,,N,,,,,OFFICER,South Daytona Police Department,Police Department (PD),2/1/2025 7:28:00 PM,2/1/2025 7:28:00 PM,2,Y,Pedestrian,Pedestrian,Serious Injury,Incapacitating Injury,DAY,N,N,N,N,N,N,N,N,N,1,1,0,0,1,0,0,0,0,0,0,1,1,0,1,0,0,0,0,0,0,0,0,0,0,N,0,0,Y,1,0,0,0,0,0,1,5000,5000,1,0,0,Preliminary,Editor Mapped,499622.262,3227425.9274,29.1754652924828,-81.0038847952115
24497057,2025,22-JAN-2025 06:58 AM,22-JAN-2025 07:41 AM,PPPD25OFF005450,L,1,2,10,68,Broward,Pembroke Pines,Urban,1/22/2025 7:01:00 AM,1/22/2025 7:25:00 AM,1/22/2025 7:30:00 AM,1/22/2025 8:00:00 AM,Y,Law Enforcement,SR 820 (PINES BLVD),,26.00760725,-80.3765928,0,,SW 172ND AVE,,State,Curb,Four-Way Intersection,N,Daylight,Clear,Dry,N,Angle,Pedalcycle,On Roadway,N,Intersection,None,,,None,,,N,,,,,PSA,Pembroke Pines Police Department,Police Department (PD),1/24/2025 7:59:00 PM,1/24/2025 7:59:00 PM,2,N,Bicycle,Bicycle,No Injury,No Injury,NIGHT,N,N,N,Y,N,N,Y,N,N,2,0,0,0,0,0,0,0,0,0,0,1,1,0,1,0,0,0,0,0,0,0,0,0,0,N,0,0,Y,0,0,1,0,1,100,1,500,600,0,0,0,Preliminary,Computer mapped approximate by address,562378.4631,2876668.2273,26.0075453377693,-80.3766672676639
25167928,2025,22-JAN-2025 06:45 PM,20-FEB-2025 12:00 AM,332501010627,L,2,2,10,44,Broward,Hollywood,Urban,1/22/2025 6:45:00 PM,1/22/2025 7:00:00 PM,1/22/2025 7:40:00 PM,1/22/2025 9:08:00 PM,Y,Law Enforcement,TAFT ST,,,,0,,N 69TH TER,,Local,Curb,Y-Intersection,Y,Dark - Lighted,Rain,Wet,N,Front to Front,Motor Vehicle in Transport,On Roadway,N,Intersection,None,,,None,,,N,,,,,COMMUNITY SERVICE OFFICER,Hollywood Police Department,Police Department (PD),2/12/2025 7:31:00 PM,2/28/2025 7:46:00 PM,21,Y,Left Entering,Left Turn,Serious Injury,Incapacitating Injury,DAY,N,N,N,N,N,N,Y,N,N,1,1,0,0,1,0,0,0,0,1,0,1,1,0,1,1,0,0,0,0,0,0,1,0,0,N,0,0,Y,1,0,1,0,1,700,2,2700,3400,1,0,0,Preliminary,Editor Mapped,577347.7687,2878614.4054,26.0243952518497,-80.2269773805558
