REPORT_NUMBER,CRASH_YEAR,VEHICLE_NUMBER,PERSON_NUMBER,RECOMMENDED_RE_EXAM,DL_STATE,DL_TYPE,DRIVER_DISTRACTION_CODE,CONDITION_AT_TIME_OF_CRASH,REQUIRED_ENDORSEMENTS,VISION_OBSTRUCTED,INSURANCE_COMPANY,CITY,STATE,ZIP_CODE,SEX,HELMET_CODE,RESTRAINT_SYSTEM_CODE,EYE_PROTECTION_CODE,AIR_BAG_DEPLOYMENT_CODE,EJECTED,SUSPECTED_ALCOHOL_USE_CODE,ALCOHOL_TESTED_CODE,ALCOHOL_TEST_TYPE_CODE,ALCOHOL_TEST_RESULTS,BLOOD_ALCOHOL_CONTENT,SUSPECTED_DRUG_USE_CODE,DRUG_TESTED_CODE,DRUG_TEST_TYPE_CODE,DRUG_TEST_RESULTS,INJURY_SEVERITY,EMS_TRANSPORT_TYPE,DRIVER_ACTION_1,DRIVER_ACTION_2,DRIVER_ACTION_3,DRIVER_ACTION_4,S4_AGE_AT_TIME_OF_CRASH,S4_IS_AGGRESSIVE_DRIVING,S4_IS_ALCOHOL_RELATED,S4_IS_DRUG_RELATED,S4_IS_DISTRACTED,S4_IS_SPEEDING_RELATED,S4_IS_AGING_DRIVER,S4_IS_TEENAGER_DRIVER,S4_IS_UNRESTRAINED
26905982,2024,1,1,N,FL,E/Operator,Inattentive,Apparently Normal,No Required Endorsements,Vision Not Obscured,INFINITY INDEMNITY INSU,MIRAMAR,FL,33025,Female,,Shoulder and Lap Belt Used,,Not Deployed,Not Ejected,N,,,,,N,,,,None,Not Transported,Improper Passing,,,,34,N,N,N,Y,N,N,N,N
26917150,2024,1,1,N,FL,E/Operator,Not Distracted,Apparently Normal,No Required Endorsements,Vision Not Obscured,STATE FARM MUTUAL AUTOMOBILE INSURA,WELLINGTON,FL,33414,Male,No Helmet,Shoulder and Lap Belt Used,,Not Deployed,Not Ejected,N,,,,,N,,,,None,Not Transported,Failed to Yield Right-of-Way,,,,64,N,N,N,N,N,N,N,N
26920620,2024,1,1,N,FL,E/Operator,Not Distracted,Apparently Normal,No Required Endorsements,Vision Not Obscured,GEICO,MARGATE,FL,33063,Male,No Helmet,Shoulder and Lap Belt Used,,Not Applicable,Not Ejected,N,,,,,N,,,,None,Not Transported,Other Contributing Action,,,,32,N,N,N,N,N,N,N,N
25167928,2025,1,1,N,FL,E/Operator,Not Distracted,Apparently Normal,No Required Endorsements,Vision Not Obscured,NO INSURANCE,PEMBROKE PINES,FL,33024,,No Helmet,Shoulder Belt Only Used,,Not Deployed,Not Ejected,N,,,,,N,,,,None,Not Transported,No Contributing Action,,,,69,N,N,N,N,N,Y,N,N
26920890,2024,1,1,N,FL,E/Operator,Unknown,Apparently Normal,No,Vision Not Obscured,OLD AMERICAN INDEMNITY COMPANY,NORTH MIAMI BEACH,FL,33162,Female,No Helmet,Shoulder and Lap Belt Used,,Not Deployed,Not Ejected,N,,,,,N,,,,None,Not Transported,Failed to Yield Right-of-Way,Failed to Yield Right-of-Way,,,45,Y,N,N,,N,N,N,N
26924222,2024,1,1,,WV,E/Operator,Not Distracted,Apparently Normal,No Required Endorsements,Vision Not Obscured,STATE FARM MUTUAL AUTO INSURANCE,HAINES CITY,FL,33844,Female,No Helmet,Shoulder and Lap Belt Used,,Not Deployed,Not Ejected,N,,,,,N,,,,None,Not Transported,Other Contributing Action,,,,18,N,N,N,N,N,N,Y,N
26924660,2024,1,1,,FL,E/Operator,Not Distracted,Apparently Normal,No Required Endorsements,Vision Not Obscured,USAA GENERAL INDEMNITY COMPANY,LAKELAND,FL,33813,Male,No Helmet,Shoulder and Lap Belt Used,N,Not Deployed,Not Ejected,N,,,,,N,,,,None,Not Transported,No Contributing Action,,,,62,N,N,N,N,N,N,N,N
26926614,2024,1,1,N,FL,E/Operator,Not Distracted,Apparently Normal,No Required Endorsements,Vision Not Obscured,GOVERNMENT EMPLOYEES IN,DAYTONA BEACH,FL,32114,Male,,Shoulder and Lap Belt Used,,Not Deployed,Not Ejected,N,,,,,N,,,,None,Not Transported,Failed to Yield Right-of-Way,,,,65,N,N,N,N,N,Y,N,N
26927700,2024,1,1,N,FL,E/Operator,Not Distracted,Apparently Normal,No Required Endorsements,Vision Not Obscured,ALLSTATE FIRE AND CASUA,SOUTH DAYTONA,FL,32119,Male,,Shoulder and Lap Belt Used,,Not Deployed,Not Ejected,N,,,,,N,,,,None,Not Transported,No Contributing Action,,,,75,N,N,N,N,N,Y,N,N
26928234,2024,1,1,N,FL,None,Not Distracted,Apparently Normal,No Required Endorsements,Vision Not Obscured,FIRST ACCEPTANCE INSURANCE COMPANY,DAYTONA BEACH,FL,32114,Male,,Shoulder and Lap Belt Used,,Not Deployed,Not Ejected,N,,,,,N,,,,None,Not Transported,Ran Red Light,Failed to Yield Right-of-Way,,,22,Y,N,N,N,N,N,N,N
26943693,2024,1,1,N,FL,E/Operator,Not Distracted,Apparently Normal,No Required Endorsements,Vision Not Obscured,ESURANCE PROPERTY & CAS,WINTER SPRINGS,FL,32708,Male,,Shoulder and Lap Belt Used,,Not Deployed,Not Ejected,N,,,,,N,,,,None,Not Transported,Failed to Yield Right-of-Way,,,,69,N,N,N,N,N,Y,N,N
27145440,2024,1,1,N,FL,E/Operator,Not Distracted,Apparently Normal,No Required Endorsements,Vision Not Obscured,STAR CASUALTY INSURANCE COMPANY,FT LAUDERDALE,FL,33313,Male,No Helmet,Shoulder and Lap Belt Used,,Not Deployed,Not Ejected,N,,,,,N,,,,None,Not Transported,Failed to Yield Right-of-Way,,,,62,N,N,N,N,N,N,N,N
27152740,2024,1,1,N,FL,E/Operator,Not Distracted,Apparently Normal,No Required Endorsements,Vision Not Obscured,GEICO INDEMNITY COMPANY,PANAMA CITY,FL,32404,,,Shoulder and Lap Belt Used,,Not Deployed,Not Ejected,N,,,,,N,,,,None,Not Transported,No Contributing Action,,,,42,N,N,N,N,N,N,N,N
27159547,2024,1,1,N,FL,E/Operator,Not Distracted,Apparently Normal,No Required Endorsements,Vision Not Obscured,STATE FARM MUTUAL AUTOM,PINELLAS PARK,FL,33782,Female,,Shoulder and Lap Belt Used,,Not Deployed,Not Ejected,N,,,,,N,,,,None,Not Transported,Operated MV in Careless or Negligent Manner,,,,68,N,N,N,N,N,Y,N,N
27161480,2024,1,1,,FL,E/Operator,Not Distracted,Apparently Normal,No,Vision Not Obscured,"FIRST ACCEPTANCE INSURANCE COMPANY, INC.",BRADENTON,FL,34205,Male,,Shoulder and Lap Belt Used,,Not Deployed,Not Ejected,N,,,,,N,,,,None,Not Transported,Operated MV in Careless or Negligent Manner,,,,32,N,N,N,N,N,N,N,N
27166574,2024,1,1,N,FL,E/Operator,Not Distracted,Apparently Normal,No Required Endorsements,Vision Not Obscured,GEICO GENERAL INSURANCE,LAKE WORTH,FL,33467,Female,,Shoulder and Lap Belt Used,,Not Deployed,Not Ejected,N,,,,,N,,,,None,Not Transported,Other Contributing Action,,,,56,N,N,N,N,N,N,N,N
27167031,2024,1,1,N,FL,E/Operator,Not Distracted,Apparently Normal,No Required Endorsements,Vision Not Obscured,PROGRESSIVE SELECT INSU,WEST PALM BEACH,FL,33415,Female,,Shoulder and Lap Belt Used,,Not Deployed,Not Ejected,N,,,,,N,,,,None,Not Transported,Other Contributing Action,,,,37,N,N,N,N,N,N,N,N
27167034,2024,1,1,N,NC,E/Operator,Not Distracted,Apparently Normal,No Required Endorsements,Vision Not Obscured,GARRISON PROP AND CAS INS CO,WEST PALM BEACH,FL,33415,Female,,Shoulder and Lap Belt Used,,Not Deployed,Not Ejected,N,,,,,N,,,,None,Not Transported,Failed to Yield Right-of-Way,,,,55,N,N,N,N,N,N,N,N
27167243,2024,1,1,N,FL,E/Operator,Not Distracted,Apparently Normal,No Required Endorsements,Vision Not Obscured,ALLSTATE INSURANCE COMP,JUPITER,FL,33458,Female,,Shoulder and Lap Belt Used,,Not Deployed,Not Ejected,N,,,,,N,,,,None,Not Transported,No Contributing Action,,,,29,N,N,N,N,N,N,N,N
27167645,2024,1,1,N,FL,E/Operator,Not Distracted,Apparently Normal,No Required Endorsements,Vision Not Obscured,OCEAN HARBOR CASUALTY I,WEST PALM BEACH,FL,33406,Male,,Shoulder and Lap Belt Used,,Not Deployed,Not Ejected,N,,,,,N,,,,None,Not Transported,Failed to Yield Right-of-Way,,,,74,N,N,N,N,N,Y,N,N
27167674,2024,1,1,N,FL,E/Operator,Not Distracted,Apparently Normal,No,Vision Not Obscured,SECURITY NATIONAL INSUR,BOCA RATON,FL,33428,Male,,Shoulder and Lap Belt Used,,Not Deployed,Not Ejected,N,,,,,N,,,,None,Not Transported,Improper Backing,,,,69,N,N,N,N,N,Y,N,N
27167866,2024,1,1,N,,,Unknown,Unknown,,,UNKNOWN,,,,,,,,,Unknown,,,,,,,,,,,Unknown,Operated MV in Careless or Negligent Manner,,,,,N,N,N,,N,N,N,N
27168273,2024,1,1,N,FL,E/Operator,Not Distracted,Apparently Normal,No Required Endorsements,Vision Not Obscured,GEICO INDEMNITY COMPANY,GREENACRES,FL,33463,Female,,Shoulder and Lap Belt Used,,Not Deployed,Not Ejected,N,,,,,N,,,,None,Not Transported,Operated MV in Careless or Negligent Manner,,,,59,N,N,N,N,N,N,N,N
27169540,2024,1,1,N,FL,E/Operator,Unknown,Apparently Normal,No Required Endorsements,Vision Not Obscured,PROGRESSIVE AMERICAN IN,LAKE WORTH,FL,33463,Female,,Shoulder and Lap Belt Used,,Not Deployed,Not Ejected,N,,,,,N,,,,None,Not Transported,Other Contributing Action,,,,23,N,N,N,,N,N,N,N
27169698,2024,1,1,N,FL,E/Operator,Not Distracted,Apparently Normal,No Required Endorsements,Vision Not Obscured,OCEAN HARBOR CASUALTY I,LAKE WORTH,FL,33460,Female,,Shoulder and Lap Belt Used,,Not Deployed,Not Ejected,N,,,,,N,,,,None,Not Transported,Failed to Yield Right-of-Way,,,,25,N,N,N,N,N,N,N,N
27169743,2024,1,1,N,FL,E/Operator,Not Distracted,Apparently Normal,No Required Endorsements,Trees/Crops/Bushes,NOT ON FILE,LAKE WORTH,FL,33461,Female,,Shoulder and Lap Belt Used,,Not Deployed,Not Ejected,N,,,,,N,,,,None,Not Transported,No Contributing Action,,,,22,N,N,N,N,N,N,N,N
27169890,2024,1,1,N,FL,E/Operator,Not Distracted,Apparently Normal,No Required Endorsements,Vision Not Obscured,PROGRESSIVE AMERICAN IN,BOYNTON BCH,FL,33472,Male,,Shoulder and Lap Belt Used,,Not Deployed,Not Ejected,N,,,,,N,,,,None,EMS,No Contributing Action,,,,59,N,N,N,N,N,N,N,N
27170352,2024,1,1,N,FL,E/Operator,Not Distracted,Apparently Normal,No Required Endorsements,Vision Not Obscured,PROGRESSIVE EXPRESS INS,LAKE WORTH BEACH,FL,33461,Male,,Shoulder and Lap Belt Used,,Not Deployed,Not Ejected,N,,,,,N,,,,None,Not Transported,No Contributing Action,,,,25,N,N,N,N,N,N,N,N
27170600,2024,1,1,N,FL,E/Operator,Not Distracted,Apparently Normal,No,Vision Not Obscured,GEICO CASUALTY COMPANY,WEST PALM BEACH,FL,33411,Male,,Shoulder and Lap Belt Used,,Not Deployed,Not Ejected,N,,,,,N,,,,Possible,Not Transported,Swerved or Avoided,,,,15,N,N,N,N,N,N,Y,N
27170602,2024,1,1,N,FL,E/Operator,Not Distracted,Apparently Normal,No Required Endorsements,Trees/Crops/Bushes,GOVERNMENT EMPLOYEES IN,ROYAL PALM BEACH,FL,33411,Female,,Shoulder and Lap Belt Used,,Not Deployed,Not Ejected,N,,,,,N,,,,None,Not Transported,Other Contributing Action,,,,41,N,N,N,N,N,N,N,N
27171289,2024,1,1,N,FL,E/Operator,Unknown,Apparently Normal,No Required Endorsements,Vision Not Obscured,STATE FARM MUTUAL AUTOM,WELLINGTON,FL,33414,Male,,Shoulder and Lap Belt Used,,Not Deployed,Not Ejected,N,,,,,N,,,,None,Not Transported,,,,,24,N,N,N,,N,N,N,N
27172039,2024,1,1,N,GA,E/Operator,Not Distracted,Apparently Normal,No Required Endorsements,Vision Not Obscured,STATE FARM MUTUAL AUTOM,GREENACRES,FL,33413,Male,,Shoulder and Lap Belt Used,,Not Deployed,Not Ejected,N,,,,,N,,,,None,Not Transported,Other Contributing Action,,,,58,N,N,N,N,N,N,N,N
27179566,2024,1,1,N,FL,None,Not Distracted,Apparently Normal,No Required Endorsements,Vision Not Obscured,STATE FARM MUTUAL AUTOM,BLACKWOOD,NJ,08012,Male,,Shoulder and Lap Belt Used,,Not Applicable,Not Ejected,N,,,,,N,,,,None,Not Transported,No Contributing Action,,,,61,N,N,N,N,N,N,N,N
27186358,2024,1,1,N,FL,E/Operator,Not Distracted,Apparently Normal,No Required Endorsements,Vision Not Obscured,DIRECT GENERAL INSURANCE COMPANY,OCALA,FL,34470,Male,,Shoulder and Lap Belt Used,,Not Deployed,Not Ejected,N,,,,,N,,,,None,Not Transported,Other Contributing Action,,,,36,N,N,N,N,N,N,N,N
27186575,2024,1,1,N,FL,E/Operator,Not Distracted,Apparently Normal,No Required Endorsements,Vision Not Obscured,GEICO GENERAL INSURANCE COMPANY,OCKLAWAHA,FL,32179,Female,,Shoulder and Lap Belt Used,,Not Deployed,Not Ejected,N,,,,,N,,,,None,Not Transported,Failed to Yield Right-of-Way,,,,28,N,N,N,N,N,N,N,N
27190778,2024,1,1,N,FL,E/Operator,Not Distracted,Apparently Normal,No Required Endorsements,Vision Not Obscured,STANDARD FIRE,NORTH PORT,FL,34286,Female,No Helmet,Shoulder and Lap Belt Used,,Not Deployed,Not Ejected,N,,,,,N,,,,None,Not Transported,No Contributing Action,,,,60,N,N,N,N,N,N,N,N
27191577,2024,1,1,N,FL,E/Operator,Not Distracted,Apparently Normal,No Required Endorsements,Vision Not Obscured,GOVERNMENT EMPLOYEES IN,VENICE,FL,34292,Male,,Shoulder and Lap Belt Used,,Not Deployed,Not Ejected,N,,,,,N,,,,None,Not Transported,No Contributing Action,,,,56,N,N,N,N,N,N,N,N
27191909,2024,1,1,N,FL,E/Operator,Not Distracted,Apparently Normal,No Required Endorsements,Vision Not Obscured,AUTO-OWNERS INSURANCE C,SARASOTA,FL,34235,Male,,Shoulder and Lap Belt Used,,Deployed - Front,Not Ejected,N,,,,,N,,,,None,Not Transported,Failed to Yield Right-of-Way,,,,41,N,N,N,N,N,N,N,N
27192219,2024,1,1,N,FF,E/Operator,Not Distracted,Apparently Normal,No Required Endorsements,Vision Not Obscured,DIRECT GENERAL INSURANC,SARASOTA,FL,34234,Female,,Shoulder and Lap Belt Used,,Not Deployed,Not Ejected,N,,,,,N,,,,None,Not Transported,Failed to Yield Right-of-Way,,,,38,N,N,N,N,N,N,N,N
27192445,2024,1,1,N,FL,E/Operator,Not Distracted,Apparently Normal,No Required Endorsements,Vision Not Obscured,UNITED AUTOMOBILE INSUR,TAMPA,FL,33614,Male,,Shoulder and Lap Belt Used,,Not Applicable,Not Ejected,N,,,,,N,,,,None,Not Transported,Other Contributing Action,,,,47,N,N,N,N,N,N,N,N
27192550,2024,1,1,N,FL,E/Operator,Not Distracted,Apparently Normal,No Required Endorsements,Vision Not Obscured,PROGRESSIVE SELECT INSU,SARASOTA,FL,34232,Female,,Shoulder and Lap Belt Used,,Not Deployed,Not Ejected,N,,,,,N,,,,None,Not Transported,No Contributing Action,,,,24,N,N,N,N,N,N,N,N
27199517,2024,1,1,N,IL,E/Operator,Not Distracted,Apparently Normal,No Required Endorsements,Vision Not Obscured,GEICO CASUALTY COMPANY,BARRTLETT,IL,60103,Male,,Shoulder and Lap Belt Used,,Not Deployed,Not Ejected,N,,,,,N,,,,None,Not Transported,No Contributing Action,,,,45,N,N,N,N,N,N,N,N
27202049,2024,1,1,N,FL,E/Operator,Not Distracted,Apparently Normal,No Required Endorsements,Vision Not Obscured,ALLSTATE INSURANCE COMP,LEHIGH ACRES,FL,33976,Male,,Shoulder and Lap Belt Used,,Not Deployed,Not Ejected,N,,,,,N,,,,None,Not Transported,No Contributing Action,,,,81,N,N,N,N,N,Y,N,N
27202177,2024,1,1,N,FL,E/Operator,Not Distracted,Apparently Normal,No Required Endorsements,Vision Not Obscured,STATE FARM MUTUAL AUTOM,FT MYERS,FL,33908,Male,,Shoulder and Lap Belt Used,,Not Deployed,Not Ejected,N,,,,,N,,,,None,Not Transported,No Contributing Action,,,,69,N,N,N,N,N,Y,N,N
27208022,2024,1,1,N,FL,E/Operator,Not Distracted,Apparently Normal,No Required Endorsements,Vision Not Obscured,PROGRESSIVE SELECT INSU,MIAMI,FL,33135,Male,,,,Not Deployed,Not Ejected,N,,,,,N,,,,None,Not Transported,Failed to Yield Right-of-Way,,,,27,N,N,N,N,N,N,N,N
27208721,2024,1,1,N,FL,E/Operator,Not Distracted,Apparently Normal,No Required Endorsements,Vision Not Obscured,EQUITY INSURANCE COMPANY,MIAMI,FL,33168,Male,,Shoulder and Lap Belt Used,,Not Deployed,Not Ejected,N,,,,,N,,,,None,Not Transported,Failed to Yield Right-of-Way,,,,28,N,N,N,N,N,N,N,N
27209036,2024,1,1,N,FL,E/Operator,Not Distracted,Apparently Normal,No Required Endorsements,Vision Not Obscured,STATE FARM MUTUAL AUTOM,HIALEAH,FL,33018,Female,,Shoulder and Lap Belt Used,,Not Deployed,Not Ejected,N,,,,,N,,,,None,Not Transported,No Contributing Action,,,,52,N,N,N,N,N,N,N,N
27209690,2024,1,1,,,,Unknown,Unknown,,,,,,,,,,,,Unknown,,,,,,,,,,,Unknown,,,,,,N,N,N,,N,N,N,N
27209861,2024,1,1,N,FL,E/Operator,Not Distracted,Apparently Normal,No,Vision Not Obscured,UNITED AUTOMOBILE INSUR,NORTH MIAMI BEACH,FL,33162,Female,,Shoulder and Lap Belt Used,,Not Deployed,Not Ejected,N,,,,,N,,,,None,Not Transported,No Contributing Action,,,,33,N,N,N,N,N,N,N,N
27211036,2024,1,1,,,,Unknown,Unknown,No Required Endorsements,,GEICO GENERAL INSURANCE,,,,Male,,,,,Unknown,,,,,,,,,,,Unknown,,,,,,N,N,N,,N,N,N,N
27211101,2024,1,1,N,FL,E/Operator,Not Distracted,Apparently Normal,No Required Endorsements,Vision Not Obscured,UNITED AUTOMOBILE INSUR,MIAMI,FL,33133,Male,,Shoulder and Lap Belt Used,,Not Deployed,Not Ejected,N,,,,,N,,,,None,Not Transported,No Contributing Action,,,,35,N,N,N,N,N,N,N,N
27211995,2024,1,1,N,FL,E/Operator,Not Distracted,Apparently Normal,No Required Endorsements,Vision Not Obscured,UNITED AUTOMOBILE INSUR,MIAMI,FL,33145,Male,,Shoulder and Lap Belt Used,,Not Deployed,Not Ejected,Y,Test Given,Breath,Completed,0.175,N,,,,None,Not Transported,Ran Red Light,,,,35,N,Y,N,N,N,N,N,N
27212025,2024,1,1,N,LA,E/Operator,Not Distracted,Apparently Normal,No Required Endorsements,Vision Not Obscured,FOR HIRE SELF-INSURER,SLIDELL,LA,70458,Male,,Shoulder and Lap Belt Used,,Not Deployed,Not Ejected,N,,,,,N,,,,None,Not Transported,No Contributing Action,,,,44,N,N,N,N,N,N,N,N
27212089,2024,1,1,N,FL,E/Operator,Not Distracted,Apparently Normal,No Required Endorsements,Vision Not Obscured,PROGRESSIVE AMERICAN IN,MIAMI,FL,33133,Male,,Shoulder and Lap Belt Used,,Not Deployed,Not Ejected,N,,,,,N,,,,None,Not Transported,No Contributing Action,,,,59,N,N,N,N,N,N,N,N
27212147,2024,1,1,N,FL,E/Operator,Not Distracted,Apparently Normal,No Required Endorsements,Vision Not Obscured,GEICO CASUALTY COMPANY,MIRAMAR,FL,33027,Male,,Shoulder and Lap Belt Used,,Not Deployed,Not Ejected,N,,,,,N,,,,None,Not Transported,Operated MV in Careless or Negligent Manner,,,,25,N,N,N,N,N,N,N,N
27217670,2024,1,1,N,FL,E/Operator,Not Distracted,Apparently Normal,No Required Endorsements,Vision Not Obscured,STATE FARM MUTUAL AUTOM,PALM BAY,FL,32907,Female,,Shoulder and Lap Belt Used,,Not Deployed,Not Ejected,N,,,,,N,,,,None,Not Transported,No Contributing Action,,,,45,N,N,N,N,N,N,N,N
27218718,2024,1,1,N,FL,E/Operator,Not Distracted,Apparently Normal,No Required Endorsements,All Other,PERMANENT GENERAL ASSUR,DELTONA,FL,32725,Male,,Shoulder and Lap Belt Used,,Not Deployed,Not Ejected,N,,,,,N,,,,None,Not Transported,No Contributing Action,,,,33,N,N,N,N,N,N,N,N
27224085,2024,1,1,N,FL,E/Operator,Not Distracted,Apparently Normal,No Required Endorsements,Vision Not Obscured,PROGRESSIVE SELECT INSU,WINTER SPRINGS,FL,32708,Male,,Shoulder and Lap Belt Used,,Not Deployed,Not Ejected,N,,,,,N,,,,None,Not Transported,No Contributing Action,,,,66,N,N,N,N,N,Y,N,N
27234268,2024,1,1,N,NV,C,External Distraction,Apparently Normal,No Required Endorsements,Glare,NATIONAL GENERAL INSURANCE,LAS VEGAS,NV,891213837,Female,,Shoulder and Lap Belt Used,,Not Deployed,Not Ejected,N,,,,,N,,,,None,EMS,Failed to Yield Right-of-Way,,,,31,N,N,N,Y,N,N,N,N
27237632,2024,1,1,N,FL,E/Operator,Unknown,Apparently Normal,No Required Endorsements,All Other,STATE FARM MUTUAL AUTOM,ORLANDO,FL,32835,Male,,Shoulder and Lap Belt Used,,Not Deployed,Not Ejected,N,,,,,N,,,,None,Not Transported,Other Contributing Action,,,,44,N,N,N,,N,N,N,N
27238041,2024,1,1,N,FL,E/Operator,Not Distracted,Apparently Normal,No Required Endorsements,Vision Not Obscured,GEICO GENERAL INSURANCE,ORLANDO,FL,32832,Male,,Shoulder and Lap Belt Used,,Not Deployed,Not Ejected,N,,,,,N,,,,None,Not Transported,Failed to Yield Right-of-Way,,,,66,N,N,N,N,N,Y,N,N
27238183,2024,1,1,N,FL,E/Operator,Not Distracted,Apparently Normal,No Required Endorsements,Vision Not Obscured,GEICO,ORLANDO,FL,32812,Female,,Shoulder and Lap Belt Used,,Not Deployed,Not Ejected,N,,,,,N,,,,None,Not Transported,Failed to Yield Right-of-Way,,,,54,N,N,N,N,N,N,N,N
27248517,2024,1,1,N,FL,E/Operator,Not Distracted,Apparently Normal,No Required Endorsements,Vision Not Obscured,FCCI INSURANCE COMPANY,NAPLES,FL,34119,Male,,Shoulder and Lap Belt Used,,Not Applicable,Not Ejected,N,,,,,N,,,,None,Not Transported,No Contributing Action,,,,38,N,N,N,N,N,N,N,N
83371050,2024,1,1,N,FL,E/Operator,Not Distracted,Apparently Normal,,Vision Not Obscured,STATE FARM MUTUAL AUTOMOBILE INSURANCE,TAMPA,FL,33613,Male,,Shoulder and Lap Belt Used,,Not Deployed,Not Ejected,N,Test Not Given,,,,N,Test Not Given,,,None,Not Transported,No Contributing Action,,,,55,N,N,N,N,N,N,N,N
84962548,2024,1,1,N,FL,E/Operator,Not Distracted,Unknown,,Vision Not Obscured,AMERICAN FAMILY CONNECT PROPERTY  & CASUA,ORLANDO,FL,32835,Female,,Shoulder and Lap Belt Used,,Not Deployed,Not Ejected,N,Test Not Given,,,,N,Test Not Given,,,None,Not Transported,No Contributing Action,,,,19,N,N,N,N,N,N,Y,N
84962573,2024,1,1,N,FL,E/Operator,Not Distracted,Apparently Normal,,Vision Not Obscured,GEICO,TAMPA,FL,33624,Female,,Shoulder and Lap Belt Used,,Not Deployed,Not Ejected,N,Test Not Given,,,,N,Test Not Given,,,None,Not Transported,No Contributing Action,,,,39,N,N,N,N,N,N,N,N
84962659,2024,1,1,N,FL,E/Operator,Not Distracted,Apparently Normal,,Vision Not Obscured,USAA CASUALTY INSURANCE COMPANY,SEFFNER,FL,33584,Female,,Shoulder and Lap Belt Used,,Not Deployed,Not Ejected,N,Test Not Given,,,,N,Test Not Given,,,None,Not Transported,Failed to Yield Right-of-Way,,,,20,N,N,N,N,N,N,N,N
84962736,2024,1,1,N,FL,A,Not Distracted,Apparently Normal,No,Vision Not Obscured,POGRESSIVE,MIAMI,FL,33193,Male,,Not Applicable (non-motorist),,Not Deployed,Not Applicable,N,Test Not Given,,,,N,Test Not Given,,,None,Not Transported,No Contributing Action,,,,21,N,N,N,N,N,N,N,N
84962741,2024,1,1,N,FL,E/Operator,Unknown,Apparently Normal,,Vision Not Obscured,STATE FARM,TAMPA,FL,33624,Female,,Shoulder and Lap Belt Used,,Not Deployed,Not Ejected,N,Test Not Given,,,,N,Test Not Given,,,None,Not Transported,Failed to Yield Right-of-Way,No Contributing Action,,,20,N,N,N,,N,N,N,N
88499288,2024,1,1,N,FL,E/Operator,Not Distracted,Apparently Normal,No Required Endorsements,Vision Not Obscured,SAFECO,KEY WEST,FL,33040,Male,,Shoulder and Lap Belt Used,,Not Deployed,Not Ejected,N,Test Not Given,,,,N,Test Not Given,,,None,Not Transported,No Contributing Action,,,,78,N,N,N,N,N,Y,N,N
88584491,2024,1,1,N,FL,E/Operator,Not Distracted,Apparently Normal,No Required Endorsements,Trees/Crops/Bushes,STATE FARM,CANTONMENT,FL,32533,Female,,Shoulder and Lap Belt Used,,Not Deployed,Not Ejected,N,Test Not Given,,,,N,Test Not Given,,,None,Not Transported,No Contributing Action,,,,32,N,N,N,N,N,N,N,N
89365479,2024,1,1,N,FL,E/Operator,Not Distracted,Apparently Normal,No Required Endorsements,Vision Not Obscured,PROGRESSIVE SELECT INSU,INDIAN ROCKS BEACH,FL,33785,Male,,Shoulder and Lap Belt Used,,Not Deployed,Not Ejected,N,,,,,N,,,,None,Not Transported,Improper Turn,Failed to Yield Right-of-Way,,,49,N,N,N,N,N,N,N,N
89365479,2024,2,2,N,FL,E/Operator,Not Distracted,Apparently Normal,No Required Endorsements,Vision Not Obscured,GEICO GENERAL INSURANCE,INDIAN ROCKS BEACH,FL,33785,Female,,Shoulder and Lap Belt Used,,Not Deployed,Not Ejected,N,,,,,N,,,,None,Not Transported,No Contributing Action,,,,57,N,N,N,N,N,N,N,N
89365648,2024,1,1,N,FL,E/Operator,Not Distracted,Apparently Normal,No Required Endorsements,Trees/Crops/Bushes,STATE FARM MUTUAL AUTOM,SEMINOLE,FL,33776,Female,,Shoulder and Lap Belt Used,,Not Deployed,Not Ejected,N,,,,,N,,,,None,Not Transported,No Contributing Action,,,,40,N,N,N,N,N,N,N,N
89365739,2024,1,1,N,FL,E/Operator,Not Distracted,Apparently Normal,No Required Endorsements,Trees/Crops/Bushes,AUTO-OWNERS INSURANCE C,ST PETE BEACH,FL,33706,Male,,Shoulder and Lap Belt Used,,Not Deployed,Not Ejected,N,,,,,N,,,,None,Not Transported,No Contributing Action,,,,32,N,N,N,N,N,N,N,N
89365801,2024,1,1,N,FL,E/Operator,Not Distracted,Apparently Normal,No Required Endorsements,All Other,STATE FARM,ST PETERSBURG,FL,33710,Male,,Shoulder and Lap Belt Used,,Not Deployed,Not Ejected,N,,,,,N,,,,None,EMS,No Contributing Action,,,,53,N,N,N,N,N,N,N,N
89365986,2024,1,1,N,FL,E/Operator,Not Distracted,Apparently Normal,No Required Endorsements,Trees/Crops/Bushes,SOUTHERN-OWNERS INSURAN,GULFPORT,FL,33707,Female,,Shoulder and Lap Belt Used,,Not Deployed,Not Ejected,N,,,,,N,,,,None,Not Transported,No Contributing Action,,,,50,N,N,N,N,N,N,N,N
89366217,2024,1,1,N,FL,E/Operator,Not Distracted,Apparently Normal,No,,DIRECT GENERAL INSURANC,ST PETERSBURG,FL,33708,Male,,Shoulder and Lap Belt Used,,Not Deployed,Not Ejected,N,,,,,N,,,,None,Not Transported,Ran Stop Sign,,,,62,N,N,N,N,N,N,N,N
89366961,2024,1,1,N,,,Unknown,Unknown,,,NA,NA,FL,00000,Male,,,,,Unknown,,,,,,,,,,None,Unknown,Disregarded Other Traffic Sign,,,,24,N,N,N,,N,N,N,N
89367077,2024,1,1,N,FL,E/Operator,Not Distracted,Apparently Normal,No Required Endorsements,Vision Not Obscured,STATE FARM,SEMINOLE,FL,33772,Male,,Shoulder and Lap Belt Used,,Not Applicable,Not Ejected,N,,,,,N,,,,None,Not Transported,No Contributing Action,,,,78,N,N,N,N,N,Y,N,N
89367077,2024,2,2,N,FL,E/Operator,Not Distracted,Apparently Normal,No Required Endorsements,Vision Not Obscured,PEAK PROPERTY,SEMINOLE,FL,33772,Female,,Shoulder and Lap Belt Used,,Not Applicable,Not Ejected,N,,,,,N,,,,None,Not Transported,No Contributing Action,,,,43,N,N,N,N,N,N,N,N
89396513,2024,1,1,N,FL,E/Operator,Not Distracted,Apparently Normal,No Required Endorsements,Parked/Stopped Vehicle,FLORIDA MUNICIPLE INSURANCE TRUST,BRADENTON,FL,34209,Male,,Shoulder and Lap Belt Used,,Not Deployed,Not Ejected,N,,,,,N,,,,None,Not Transported,Failed to Yield Right-of-Way,,,,25,N,N,N,N,N,N,N,N
89730662,2024,1,1,N,SC,E/Operator,Not Distracted,Apparently Normal,No Required Endorsements,Parked/Stopped Vehicle,STARSTONE NATIONAL INS CO,SUWANEE,GA,30024,Male,,None Used - Motor Vehicle Occupant,,Not Applicable,Not Ejected,N,Test Not Given,,,,N,Test Not Given,,,Possible,Not Transported,Failed to Yield Right-of-Way,,,,45,N,N,N,N,N,N,N,Y
89753569,2024,1,1,N,FL,E/Operator,Not Distracted,Apparently Normal,No Required Endorsements,Trees/Crops/Bushes,SAFECO INSURANCE COMPANY OF ILLINOIS,ODESSA,FL,33556,Male,,Shoulder and Lap Belt Used,,Not Deployed,Not Ejected,N,Test Not Given,,,,N,Test Not Given,,,None,Not Transported,No Contributing Action,,,,32,N,N,N,N,N,N,N,N
89757127,2024,1,1,N,FL,E/Operator,Not Distracted,Apparently Normal,No Required Endorsements,Vision Not Obscured,GEICO,HOLIDAY,FL,34690,Female,,Shoulder and Lap Belt Used,,Not Deployed,Not Ejected,N,Test Not Given,,,,N,Test Not Given,,,None,Not Transported,No Contributing Action,,,,37,N,N,N,N,N,N,N,N
89760730,2024,1,1,N,FL,E/Operator,Not Distracted,Apparently Normal,No Required Endorsements,Vision Not Obscured,STATE FARM MUTUAL,NEW PORT RICHEY,FL,34653,Male,,Shoulder and Lap Belt Used,,Not Deployed,Not Ejected,N,Test Not Given,,,,N,Test Not Given,,,None,Not Transported,No Contributing Action,,,,62,N,N,N,N,N,N,N,N
89859381,2024,1,1,N,FL,E/Operator,Not Distracted,Apparently Normal,,Vision Not Obscured,GEICO,JACKSONVILLE,FL,32244,Male,,Shoulder and Lap Belt Used,,Not Deployed,Not Ejected,N,Test Not Given,,,,N,Test Not Given,,,None,Not Transported,Other Contributing Action,,,,43,N,N,N,N,N,N,N,N
89859436,2024,1,1,N,FL,E/Operator,Not Distracted,Apparently Normal,,Vision Not Obscured,GEICO,SAINT AUGUSTINE,FL,32095,Female,,Shoulder and Lap Belt Used,,Not Deployed,Not Ejected,N,Test Not Given,,,,N,Test Not Given,,,None,Not Transported,Failed to Yield Right-of-Way,,,,47,N,N,N,N,N,N,N,N
89871928,2024,1,1,N,,None,Unknown,Unknown,,Glare,,,,,,,Other,,Not Applicable,Unknown,,,,,,,,,,None,Unknown,Drove Too Fast for Conditions,,,,,Y,N,N,,Y,N,N,N
89873325,2024,1,1,N,FL,E/Operator,Not Distracted,Apparently Normal,No Required Endorsements,Vision Not Obscured,THE STANDARD FIRE INSUR,NAPLES,FL,34119,Male,,Shoulder and Lap Belt Used,,Not Deployed,Not Ejected,N,,,,,N,,,,None,Not Transported,No Contributing Action,,,,82,N,N,N,N,N,Y,N,N
89907036,2024,1,1,,,,Unknown,Unknown,,,,,,,Male,,,,,Unknown,,,,,,,,,,,Unknown,,,,,,N,N,N,,N,N,N,N
89907090,2024,1,1,N,FL,E/Operator,Not Distracted,Apparently Normal,No Required Endorsements,Vision Not Obscured,DIRECT GENERAL INSURANC,NAPLES,FL,34119,Male,,Shoulder and Lap Belt Used,,Not Deployed,Not Ejected,N,,,,,N,,,,None,Not Transported,No Contributing Action,,,,18,N,N,N,N,N,N,Y,N
89978469,2024,1,1,N,FL,E/Operator,Not Distracted,Apparently Normal,No Required Endorsements,Signs/Billboards,GEICO CASUALTY COMPANY,TAMPA,FL,33611,Male,,Shoulder and Lap Belt Used,,Not Deployed,Not Ejected,N,,,,,N,,,,None,Not Transported,Failed to Yield Right-of-Way,,,,20,N,N,N,N,N,N,N,N
89978538,2024,1,1,N,FL,E/Operator,Not Distracted,Apparently Normal,No Required Endorsements,Parked/Stopped Vehicle,SOUTHERN-OWNERS INSURAN,WIMAUMA,FL,33598,Male,,Shoulder and Lap Belt Used,,Not Deployed,Not Ejected,N,,,,,N,,,,None,Not Transported,No Contributing Action,,,,71,N,N,N,N,N,Y,N,N
89978934,2024,1,1,N,FL,E/Operator,Not Distracted,Apparently Normal,No Required Endorsements,Trees/Crops/Bushes,GEICO CASUALTY COMPANY,TAMPA,FL,33603,Female,,Shoulder and Lap Belt Used,,Not Deployed,Not Ejected,N,,,,,N,,,,None,Not Transported,Ran Stop Sign,,,,42,N,N,N,N,N,N,N,N
89979250,2024,1,1,N,FL,A,Not Distracted,Apparently Normal,No Required Endorsements,Vision Not Obscured,GREAT WEST CASUALTY COMPANY,TAMPA,FL,33619,Male,,Shoulder and Lap Belt Used,,Not Deployed,Not Ejected,N,,,,,N,,,,None,Not Transported,No Contributing Action,,,,55,N,N,N,N,N,N,N,N
24027139,2025,1,1,N,FL,E/Operator,Not Distracted,Apparently Normal,Yes,Vision Not Obscured,PROGRESSIVE SELECT INSU,PORT ORANGE,FL,32127,Male,,Shoulder and Lap Belt Used,,Not Deployed,Not Applicable,N,,,,,N,,,,None,Not Transported,No Contributing Action,,,,57,N,N,N,N,N,N,N,N
24497057,2025,1,1,N,FL,E/Operator,Inattentive,Apparently Normal,,Vision Not Obscured,INFINITY AUTO INSURANCE COMPANY,PEMBROKE PINES,FL,33024,Female,,Shoulder and Lap Belt Used,,Not Deployed,Not Ejected,N,,,,,N,,,,None,Not Transported,Failed to Yield Right-of-Way,,,,29,N,N,N,Y,N,N,N,N
