REPORT_NUMBER,CRASH_YEAR,PERSON_NUMBER,LOCATION_AT_TIME_OF_CRASH_CODE,ACTION_PRIOR_TO_CRASH_CODE,NON_MOTORIST_DESCRIPTION_CODE,CITY,STATE,ZIP_CODE,SEX,SUSPECTED_ALCOHOL_USE_CODE,ALCOHOL_TESTED_CODE,ALCOHOL_TEST_TYPE_CODE,ALCOHOL_TEST_RESULT,BLOOD_ALCOHOL_CONTENT,SUSPECTED_DRUG_USE_CODE,DRUG_TESTED_CODE,DRUG_TEST_TYPE_CODE,DRUG_TEST_RESULT,INJURY_SEVERITY,EMS_TRANSPORT_TYPE,NON_MOTORIST_ACTIONS_CIRCUMSTANCES_1,NON_MOTORIST_ACTIONS_CIRCUMSTANCES_2,SAFETY_EQUIPMENT_CODE_1,SAFETY_EQUIPMENT_CODE_2,S4_AGE_AT_TIME_OF_CRASH,S4_IS_ALCOHOL_RELATED,S4_IS_DRUG_RELATED,S4_IS_AGING,S4_IS_TEENAGER
26905982,2024,3,Shared-Use Path or Trail,Walking/Cycling Along Roadway With Traffic,Other Cyclist,MIRAMAR,FL,33025,Male,N,,,,,N,,,,Non-Incapacitating,EMS,No Improper Action,,None,,67,N,N,Y,N
26917150,2024,2,Sidewalk,Walking/Cycling on Sidewalk,Other Cyclist,WEST PALM BEACH,FL,33415,,N,,,,,N,,,,Non-Incapacitating,EMS,No Improper Action,,None,,,N,N,N,N
26920620,2024,2,Bicycle Lane,Walking/Cycling Along Roadway With Traffic,Other Cyclist,NORTH LAUDERDALE,FL,33068,,N,,,,,N,,,,Possible,Not Transported,No Improper Action,,None,,,N,N,N,N
26943693,2024,2,Sidewalk,Walking/Cycling on Sidewalk,Other Cyclist,CASSELBERRY,FL,32707,Male,N,,,,,N,,,,Possible,EMS,No Improper Action,,None,,38,N,N,N,N
27152740,2024,2,Other,Crossing Roadway,Other Cyclist,PANAMA CITY,FL,32401,Male,N,,,,,N,,,,Non-Incapacitating,EMS,"Failure to Obey Traffic Signs, Signals, or Officer",,None,,27,N,N,N,N
27169890,2024,2,Intersection - Other,Walking/Cycling Along Roadway With Traffic,Other Cyclist,,,,Male,N,,,,,N,,,,Incapacitating,EMS,No Improper Action,,None,,15,N,N,N,Y
27192550,2024,2,Midblock - Marked Crosswalk,Walking/Cycling on Sidewalk,Other Cyclist,SARASOTA,FL,34240,Female,N,,,,,N,,,,Possible,Not Transported,Unknown,,None,,16,N,N,N,Y
89366217,2024,2,Intersection - Other,Crossing Roadway,Other Cyclist,LARGO,FL,33774,Male,N,,,,,N,,,,Non-Incapacitating,EMS,No Improper Action,,None,,52,N,N,N,N
89396513,2024,2,Bicycle Lane,Adjacent to Roadway,Other Cyclist,LAKEWOOD RANCH,FL,34202,Male,N,,,,,N,,,,Possible,Not Transported,No Improper Action,,None,,65,N,N,Y,N
89978538,2024,2,Intersection - Marked Crosswalk,Walking/Cycling Along Roadway With Traffic,Other Cyclist,TAMPA,FL,33612,Male,N,,,,,N,,,,Non-Incapacitating,Not Transported,No Improper Action,,None,,58,N,N,N,N
25167928,2025,2,Travel Lane - Other Location,Other,Other Cyclist,HOLLYWOOD,FL,33024,,N,,,,,N,,,,Incapacitating,EMS,Other,,None,,,N,N,N,N
26920890,2024,2,Intersection - Unmarked Crosswalk,Crossing Roadway,Other Cyclist,MARGATE,FL,33063,,N,,,,,N,,,,Non-Incapacitating,EMS,No Improper Action,No Improper Action,None,None,,N,N,N,N
26920890,2024,3,Other,Other,Pedestrian,MARGATE,FL,33063,,N,,,,,N,,,,None,Not Transported,No Improper Action,No Improper Action,None,None,,N,N,N,N
26924222,2024,2,Intersection - Other,Crossing Roadway,Other Cyclist,DAVENPORT,,33837,Male,N,,,,,N,,,,Possible,Not Transported,No Improper Action,,None,,24,N,N,N,N
26924660,2024,2,Other,Walking/Cycling Along Roadway With Traffic,Other Cyclist,LAKELAND,,33812,Male,N,,,,,N,,,,Possible,EMS,No Improper Action,,None,,26,N,N,N,N
26926614,2024,2,Intersection - Marked Crosswalk,Walking/Cycling on Sidewalk,Other Cyclist,DAYTONA BEACH,FL,32114,Male,N,,,,,N,,,,Non-Incapacitating,EMS,No Improper Action,,None,,16,N,N,N,Y
26927700,2024,2,Intersection - Unmarked Crosswalk,Crossing Roadway,Bicyclist,DAYTONA BEACH,FL,32114,Male,N,,,,,N,,,,None,Not Transported,"Failure to Obey Traffic Signs, Signals, or Officer",Inattentive,None,,19,N,N,N,Y
26927700,2024,3,Intersection - Unmarked Crosswalk,Crossing Roadway,Other Cyclist,DAYTONA BEACH,FL,32114,Male,N,,,,,N,,,,None,Not Transported,"Failure to Obey Traffic Signs, Signals, or Officer",,None,,19,N,N,N,Y
26928234,2024,2,Intersection - Marked Crosswalk,Crossing Roadway,Other Cyclist,PORT ORANGE,FL,32127,Male,N,,,,,N,,,,Possible,EMS,No Improper Action,,None,,56,N,N,N,N
27145440,2024,2,Intersection - Unmarked Crosswalk,Crossing Roadway,Other Cyclist,SUNRISE,FL,33313,,N,,,,,N,,,,Possible,EMS,No Improper Action,,None,,,N,N,N,N
27167243,2024,2,Other,Unknown,Other Cyclist,JUPITER,FL,33458,Male,N,,,,,N,,,,Possible,EMS,Failure to Yield Right-of-Way,,None,,24,N,N,N,N
27145553,2024,2,Intersection - Other,Walking/Cycling on Sidewalk,Other Cyclist,FORT LAUDERDALE,FL,33312,,N,,,,,N,,,,Possible,Not Transported,No Improper Action,,Helmet,,,N,N,N,N
27159547,2024,3,Bicycle Lane,Walking/Cycling Along Roadway With Traffic,Other Cyclist,LARGO,FL,33773,Male,N,,,,,N,,,,Non-Incapacitating,EMS,No Improper Action,,Helmet,,27,N,N,N,N
27161480,2024,2,Bicycle Lane,Crossing Roadway,Other Cyclist,SARASOTA,,34237,Male,N,,,,,N,,,,None,Not Transported,No Improper Action,,None,,57,N,N,N,N
27166574,2024,2,Intersection - Marked Crosswalk,Crossing Roadway,Other Cyclist,WELLINGTON,FL,33414,Male,N,,,,,N,,,,Non-Incapacitating,EMS,Unknown,,None,,37,N,N,N,N
89366833,2024,1,Intersection - Unmarked Crosswalk,Crossing Roadway,Other Cyclist,CLEARWATER,FL,33755,Male,N,,,,,N,,,,Possible,Not Transported,Inattentive,,None,,15,N,N,N,Y
27167031,2024,3,Intersection - Unmarked Crosswalk,Walking/Cycling on Sidewalk,Other Cyclist,WEST PALM BEACH,FL,33415,Female,N,,,,,N,,,,Possible,Not Transported,Other,,None,,29,N,N,N,N
27167034,2024,2,Intersection - Marked Crosswalk,Crossing Roadway,Other Cyclist,GREENACRES,FL,33463,Female,N,,,,,N,,,,Non-Incapacitating,EMS,No Improper Action,,None,,18,N,N,N,Y
27167645,2024,2,Sidewalk,Walking/Cycling on Sidewalk,Other Cyclist,GREENACRES,FL,33462,Male,N,,,,,N,,,,Incapacitating,EMS,No Improper Action,,None,,12,N,N,N,N
27167674,2024,2,Travel Lane - Other Location,Walking/Cycling Along Roadway With Traffic,Other Cyclist,BOCA RATON,FL,33432,Male,N,,,,,N,,,,Non-Incapacitating,EMS,No Improper Action,,Helmet,,65,N,N,Y,N
27190778,2024,2,Intersection - Marked Crosswalk,Crossing Roadway,Other Cyclist,NORTH PORT,FL,34287,Male,N,,,,,N,,,,Incapacitating,EMS,"Failure to Obey Traffic Signs, Signals, or Officer",Other,Helmet,,60,N,N,N,N
27167866,2024,2,Driveway Access,Walking/Cycling on Sidewalk,Other Cyclist,WELLINGTON,FL,33414,Male,N,,,,,N,,,,Non-Incapacitating,Not Transported,Other,,None,,12,N,N,N,N
27168273,2024,2,Intersection - Marked Crosswalk,Crossing Roadway,Other Cyclist,WEST PALM BEACH,FL,33415,Male,N,,,,,N,,,,Possible,Not Transported,Unknown,,Lighting,,16,N,N,N,Y
27169540,2024,2,Driveway Access,Crossing Roadway,Other Cyclist,BOYNTON BEACH,FL,33472,Male,N,,,,,N,,,,None,EMS,Wrong-Way Riding or Walking,,None,,43,N,N,N,N
27169540,2024,3,Driveway Access,Walking/Cycling Along Roadway Against Traffic,Other Cyclist,BOYNTON BEACH,FL,33472,Female,N,,,,,N,,,,Possible,EMS,Wrong-Way Riding or Walking,,None,,15,N,N,N,Y
27169698,2024,3,Driveway Access,Walking/Cycling on Sidewalk,Other Cyclist,LAKEWORTH,FL,33460,Male,N,,,,,N,,,,Possible,Not Transported,Not Visible,Failure to Yield Right-of-Way,None,,17,N,N,N,Y
27169743,2024,4,Shoulder/Roadside,Crossing Roadway,Other Cyclist,LAKE WORTH,FL,33463,Male,N,,,,,N,,,,Possible,Not Transported,Not Visible,,None,,38,N,N,N,N
27170352,2024,2,Travel Lane - Other Location,Crossing Roadway,Other Cyclist,GREENACRES,FL,33463,Female,N,,,,,N,,,,Possible,EMS,Improper Turn/Merge,,None,,24,N,N,N,N
27170600,2024,3,Other,Other,Other Cyclist,ROYAL PALM BEACH,FL,33411,Male,N,,,,,N,,,,None,Not Transported,Other,,Not Applicable,Not Applicable,18,N,N,N,Y
27170602,2024,2,Intersection - Unmarked Crosswalk,Walking/Cycling on Sidewalk,Other Cyclist,ROYAL PALM BEACH,FL,33411,Male,N,,,,,N,,,,Non-Incapacitating,Not Transported,Other,,None,,15,N,N,N,Y
27171289,2024,2,Intersection - Marked Crosswalk,Crossing Roadway,Other Cyclist,WELLINGTON,FL,33414,Female,N,,,,,N,,,,Non-Incapacitating,EMS,Other,,None,,13,N,N,N,N
27172039,2024,2,Other,In Roadway - Other,Other Cyclist,WEST PALM BEACH,FL,33406,Male,N,,,,,N,,,,None,Not Transported,No Improper Action,,None,,40,N,N,N,N
27172039,2024,3,Other,In Roadway - Other,Occupant of a Non-Motor Vehicle Transportation Device,GREENACRES,FL,33413,Male,N,,,,,N,,,,Possible,EMS,No Improper Action,,None,,41,N,N,N,N
27179566,2024,2,Intersection - Marked Crosswalk,Crossing Roadway,Other Cyclist,PORT CHARLOTTE,FL,33952,Male,N,,,,,N,,,,Possible,Not Transported,Other,No Improper Action,None,,75,N,N,Y,N
27186358,2024,2,Travel Lane - Other Location,Walking/Cycling Along Roadway With Traffic,Other Cyclist,OCALA,FL,34470,Male,N,,,,,N,,,,Non-Incapacitating,Other,In Roadway Improperly,,None,,6,N,N,N,N
27186575,2024,2,Intersection - Marked Crosswalk,Crossing Roadway,Other Cyclist,OCALA,FL,34474,Male,N,,,,,N,,,,Non-Incapacitating,Not Transported,No Improper Action,,None,,25,N,N,N,N
27191577,2024,2,Intersection - Marked Crosswalk,Crossing Roadway,Other Cyclist,VENICE,FL,34292,Female,N,,,,,N,,,,Non-Incapacitating,EMS,Failure to Yield Right-of-Way,,None,,33,N,N,N,N
27191909,2024,2,Sidewalk,Other,Other Cyclist,SARASOTA,FL,34234,Male,N,,,,,N,,,,None,Not Transported,Other,,None,,53,N,N,N,N
27192219,2024,2,Intersection - Marked Crosswalk,Crossing Roadway,Other Cyclist,SARASOTA,FL,34235,Male,N,,,,,N,,,,Possible,Not Transported,No Improper Action,,None,,16,N,N,N,Y
27192445,2024,2,Intersection - Unmarked Crosswalk,Crossing Roadway,Other Cyclist,SARASOTA,FL,34327,Female,N,,,,,N,,,,Non-Incapacitating,Not Transported,Other,,None,,13,N,N,N,N
27199517,2024,2,Intersection - Marked Crosswalk,Crossing Roadway,Bicyclist,LEHIGH ACRES,FL,33971,Male,N,,,,,N,,,,None,Not Transported,Other,,None,,17,N,N,N,Y
27199517,2024,3,Intersection - Marked Crosswalk,Crossing Roadway,Other Cyclist,ALVA,FL,34142,Female,N,,,,,N,,,,Possible,Not Transported,No Improper Action,,None,,17,N,N,N,Y
27202049,2024,2,Shoulder/Roadside,Other,Other Cyclist,LEHIGH ACRES,FL,33976,Female,N,,,,,N,,,,Possible,Not Transported,Other,,None,,13,N,N,N,N
27202177,2024,2,Other,Walking/Cycling Along Roadway Against Traffic,Other Cyclist,INDIANAPOLIS,IN,46254,Male,N,,,,,N,,,,Non-Incapacitating,EMS,Failure to Yield Right-of-Way,,None,,14,N,N,N,N
27208022,2024,2,Intersection - Marked Crosswalk,Adjacent to Roadway,Other Cyclist,MIAMI,FL,33128,Male,N,,,,,N,,,,Possible,EMS,No Improper Action,,None,,20,N,N,N,N
27208721,2024,2,Other,Crossing Roadway,Other Cyclist,MIAMI,FL,33142,Male,N,,,,,N,,,,None,Not Transported,No Improper Action,,None,,42,N,N,N,N
27209036,2024,2,Shoulder/Roadside,Other,Other Cyclist,HIALEAH,FL,33016,Male,N,,,,,N,,,,Possible,Not Transported,No Improper Action,,None,,46,N,N,N,N
27209690,2024,2,Intersection - Other,Walking/Cycling Along Roadway With Traffic,Other Cyclist,CORAL GABLES,FL,33132,Male,N,,,,,N,,,,Non-Incapacitating,Not Transported,No Improper Action,,None,,27,N,N,N,N
27209861,2024,3,Travel Lane - Other Location,Crossing Roadway,Other Cyclist,MIAMI,FL,33136,Female,N,,,,,N,,,,Possible,EMS,Failure to Yield Right-of-Way,Wrong-Way Riding or Walking,None,,30,N,N,N,N
27211036,2024,2,Intersection - Marked Crosswalk,Crossing Roadway,Other Cyclist,MIAMI,FL,33135,Male,N,,,,,N,,,,Possible,Not Transported,No Improper Action,,None,,31,N,N,N,N
27211101,2024,2,Sidewalk,Other,Other Cyclist,PORT CHARLOTTE,FL,33948,Male,N,,,,,N,,,,None,EMS,No Improper Action,,None,,57,N,N,N,N
27211889,2024,1,Intersection - Marked Crosswalk,Walking/Cycling on Sidewalk,Other Cyclist,MIAMI,FL,33142,Male,N,,,,,N,,,,Possible,EMS,No Improper Action,,None,,36,N,N,N,N
27211995,2024,2,Travel Lane - Other Location,Other,Other Cyclist,MIAMI,FL,33125,Male,N,,,,,N,,,,None,EMS,No Improper Action,,None,,35,N,N,N,N
27212025,2024,2,Shoulder/Roadside,Other,Other Cyclist,MIAMI,FL,33130,Male,N,,,,,N,,,,None,Not Transported,Improper Passing,,None,,35,N,N,N,N
27212089,2024,2,Other,Other,Other Cyclist,MIAMI,FL,33142,Female,N,,,,,N,,,,Non-Incapacitating,EMS,No Improper Action,,None,,31,N,N,N,N
27212147,2024,2,Other,Other,Other Cyclist,MIAMI,FL,33127,Male,N,,,,,N,,,,Non-Incapacitating,EMS,No Improper Action,,None,,41,N,N,N,N
27217670,2024,4,Shoulder/Roadside,In Roadway - Other,Other Cyclist,MELBOURNE,FL,32901,Male,N,,,,,N,,,,Non-Incapacitating,EMS,No Improper Action,,None,,50,N,N,N,N
27218718,2024,2,Driveway Access,Other,Other Cyclist,DELTONA,FL,32738,Male,N,,,,,N,,,,Possible,EMS,Other,,None,,13,N,N,N,N
27224085,2024,2,Intersection - Marked Crosswalk,Waiting to Cross Roadway,Other Cyclist,CASSELBERRY,FL,32707,Male,N,,,,,N,,,,Possible,Not Transported,No Improper Action,,None,,58,N,N,N,N
27234268,2024,3,Other,Other,Other Cyclist,FORT MYERS,FL,33916,Female,N,,,,,N,,,,Incapacitating,EMS,No Improper Action,,None,,44,N,N,N,N
27237632,2024,2,Other,Other,Other Cyclist,ORLANDO,FL,32801,Male,N,,,,,N,,,,Fatal (within 30 days),EMS,Unknown,,Unknown,,63,N,N,N,N
27238041,2024,2,Intersection - Marked Crosswalk,Crossing Roadway,Other Cyclist,ORLANDO,FL,32837,Male,N,,,,,N,,,,Non-Incapacitating,Other,No Improper Action,,Unknown,,13,N,N,N,N
27238183,2024,2,Sidewalk,Walking/Cycling on Sidewalk,Bicyclist,ALTAMONTE SPRINGS,FL,32701,Male,N,,,,,N,,,,None,Not Transported,No Improper Action,,Helmet,,45,N,N,N,N
27238183,2024,3,Sidewalk,Walking/Cycling on Sidewalk,Other Cyclist,ALTAMONTE SPRINGS,FL,32701,Male,N,,,,,N,,,,None,Not Transported,No Improper Action,,Unknown,,4,N,N,N,N
27238526,2024,1,Sidewalk,Crossing Roadway,Other Cyclist,ORLANDO,FL,32804,Female,N,,,,,N,,,,Incapacitating,EMS,No Improper Action,,Helmet,,16,N,N,N,Y
27248517,2024,2,Intersection - Marked Crosswalk,Crossing Roadway,Other Cyclist,NAPLES,FL,34119,Male,N,,,,,N,,,,Possible,Not Transported,Dart/Dash,Other,None,,17,N,N,N,Y
83371050,2024,3,Bicycle Lane,Walking/Cycling Along Roadway With Traffic,Other Cyclist,TAMPA,FL,33613,Male,N,Test Not Given,,,,N,Test Not Given,,,Non-Incapacitating,Not Transported,Failure to Yield Right-of-Way,,None,,37,N,N,N,N
84962548,2024,2,Intersection - Marked Crosswalk,Crossing Roadway,Other Cyclist,TAMPA,FL,33617,Male,N,Test Not Given,,,,N,Test Not Given,,,Non-Incapacitating,Not Transported,Dart/Dash,"Failure to Obey Traffic Signs, Signals, or Officer",None,,23,N,N,N,N
84962573,2024,2,Midblock - Marked Crosswalk,Crossing Roadway,Other Cyclist,TAMPA,FL,33613,Male,N,Test Not Given,,,,N,Test Not Given,,,Non-Incapacitating,Not Transported,Dart/Dash,,None,,33,N,N,N,N
84962659,2024,3,Sidewalk,Walking/Cycling on Sidewalk,Other Cyclist,TAMPA,FL,33613,Male,N,Test Not Given,,,,N,Test Not Given,,,Possible,Not Transported,No Improper Action,,Lighting,,21,N,N,N,N
84962736,2024,2,Intersection - Marked Crosswalk,Crossing Roadway,Other Cyclist,TAMPA,FL,33647,Male,N,Test Not Given,,,,N,Test Not Given,,,Possible,Not Transported,No Improper Action,,None,,23,N,N,N,N
84962741,2024,2,Midblock - Marked Crosswalk,Crossing Roadway,Other Cyclist,TAMPA,FL,33620,Male,N,Test Not Given,,,,N,Test Not Given,,,Non-Incapacitating,EMS,No Improper Action,,None,,20,N,N,N,N
88499288,2024,2,Intersection - Other,Crossing Roadway,Other Cyclist,MARATHON,FL,33050,Male,N,Test Not Given,,,,N,Test Not Given,,,Non-Incapacitating,EMS,Failure to Yield Right-of-Way,,Helmet,,55,N,N,N,N
88584491,2024,4,Intersection - Unmarked Crosswalk,Walking/Cycling Along Roadway With Traffic,Other Cyclist,PENSACOLA,FL,32514,Male,N,Test Not Given,,,,N,Test Not Given,,,Non-Incapacitating,EMS,"Failure to Obey Traffic Signs, Signals, or Officer",,None,,47,N,N,N,N
89365479,2024,4,Bicycle Lane,Walking/Cycling Along Roadway With Traffic,Other Cyclist,LARGO,FL,33770,Male,N,,,,,N,,,,Possible,Not Transported,No Improper Action,,None,,18,N,N,N,Y
89365648,2024,2,Driveway Access,Walking/Cycling on Sidewalk,Other Cyclist,SEMINOLE,FL,33772,Female,N,,,,,N,,,,Possible,EMS,Wrong-Way Riding or Walking,,None,,21,N,N,N,N
89365739,2024,2,Sidewalk,Walking/Cycling on Sidewalk,Other Cyclist,ST PETERSBURG,FL,33710,Male,N,,,,,N,,,,Non-Incapacitating,Not Transported,Other,,None,,21,N,N,N,N
89365801,2024,2,Travel Lane - Other Location,Walking/Cycling Along Roadway With Traffic,Other Cyclist,ST PETERSBURG,FL,33713,Male,N,,,,,N,,,,Incapacitating,EMS,Improper Passing,Failure to Yield Right-of-Way,None,,49,N,N,N,N
89365986,2024,2,Driveway Access,Walking/Cycling on Sidewalk,Other Cyclist,ST PETERSBURG,FL,33707,Male,N,,,,,N,,,,None,Not Transported,Dart/Dash,,None,,15,N,N,N,Y
89366961,2024,2,Intersection - Other,Crossing Roadway,Other Cyclist,ST PETE BEACH,FL,33706,Male,N,,,,,N,,,,Non-Incapacitating,EMS,No Improper Action,,None,,47,N,N,N,N
89367077,2024,6,Intersection - Other,Crossing Roadway,Other Cyclist,SEMINOLE,FL,33772,Male,N,,,,,N,,,,Incapacitating,EMS,Failure to Yield Right-of-Way,,None,,69,N,N,Y,N
89730662,2024,4,Sidewalk,Walking/Cycling on Sidewalk,Other Cyclist,KEY WEST,FL,33040,Male,N,Test Not Given,,,,N,Test Not Given,,,Non-Incapacitating,EMS,Failure to Yield Right-of-Way,,None,,37,N,N,N,N
89753569,2024,2,Intersection - Unmarked Crosswalk,Crossing Roadway,Other Cyclist,ODESSA,FL,33556,Male,N,Test Not Given,,,,N,Test Not Given,,,Non-Incapacitating,EMS,Dart/Dash,,None,,13,N,N,N,N
89757127,2024,4,Travel Lane - Other Location,Walking/Cycling Along Roadway With Traffic,Other Cyclist,HUDSON,FL,34667,Male,N,Test Not Given,,,,N,Test Not Given,,,Non-Incapacitating,EMS,Failure to Yield Right-of-Way,,None,,40,N,N,N,N
89859381,2024,2,Non-Trafficway Area,None,Other Cyclist,ST AUGUSTINE,FL,32080,Male,N,Test Not Given,,,,N,Test Not Given,,,Possible,Not Transported,No Improper Action,,Helmet,,41,N,N,N,N
89760730,2024,2,Intersection - Marked Crosswalk,Crossing Roadway,Other Cyclist,PORT RICHEY,FL,34668,Male,N,Test Not Given,,,,N,Test Not Given,,,Non-Incapacitating,EMS,Dart/Dash,,None,None,65,N,N,Y,N
89859436,2024,2,Shoulder/Roadside,Adjacent to Roadway,Other Cyclist,ST AUGUSTINE,FL,32084,Male,N,Test Not Given,,,,N,Test Not Given,,,Non-Incapacitating,EMS,No Improper Action,,None,,28,N,N,N,N
89871928,2024,2,Intersection - Marked Crosswalk,Crossing Roadway,Other Cyclist,NAPLES,FL,34120,Male,N,,,,,N,,,,None,Not Transported,"Failure to Obey Traffic Signs, Signals, or Officer",Not Visible,Helmet,Helmet,49,N,N,N,N
89873325,2024,2,Midblock - Marked Crosswalk,Walking/Cycling on Sidewalk,Bicyclist,NAPLES,FL,34119,Female,N,,,,,N,,,,Non-Incapacitating,EMS,Failure to Yield Right-of-Way,Not Visible,None,,14,N,N,N,N
89873325,2024,3,Other,Other,Other Cyclist,NAPLES,FL,34119,Female,N,,,,,N,,,,None,Not Transported,No Improper Action,,None,,13,N,N,N,N
89873325,2024,4,Other,Other,Other Cyclist,BONITA SPRINGS,FL,34134,Female,N,,,,,N,,,,None,Not Transported,No Improper Action,,None,,14,N,N,N,N
89873325,2024,5,Other,None,Other Pedestrian,NAPLES,FL,34119,Male,N,,,,,N,,,,None,Not Transported,No Improper Action,,None,,54,N,N,N,N
89873325,2024,6,Other,None,Other Pedestrian,NAPLES,FL,34110,Female,N,,,,,N,,,,None,Not Transported,No Improper Action,,None,,32,N,N,N,N
89907036,2024,2,Intersection - Marked Crosswalk,Crossing Roadway,Other Cyclist,CLEARWATER,FL,33763,Male,N,,,,,N,,,,None,Not Transported,No Improper Action,,None,,43,N,N,N,N
89907090,2024,2,Shoulder/Roadside,Adjacent to Roadway,Other Cyclist,LARGO,FL,33770,Male,N,,,,,N,,,,Non-Incapacitating,Not Transported,No Improper Action,,None,,15,N,N,N,Y
89978469,2024,2,Intersection - Marked Crosswalk,Walking/Cycling on Sidewalk,Other Cyclist,TAMPA,FL,33616,Male,N,,,,,N,,,,Non-Incapacitating,Not Transported,Other,,None,,20,N,N,N,N
89978934,2024,3,Intersection - Unmarked Crosswalk,Waiting to Cross Roadway,Other Cyclist,TAMPA,FL,33614,Male,N,,,,,N,,,,Non-Incapacitating,EMS,No Improper Action,,None,,28,N,N,N,N
89979250,2024,2,Shared-Use Path or Trail,Walking/Cycling Along Roadway With Traffic,Other Cyclist,TAMPA,FL,33616,Male,N,,,,,N,,,,Possible,Not Transported,Improper Passing,,Helmet,Protective Pads,36,N,N,N,N
24027139,2025,2,Bicycle Lane,Walking/Cycling Along Roadway Against Traffic,Other Cyclist,SEFFNER,FL,33584,Male,N,,,,,N,,,,Incapacitating,EMS,Wrong-Way Riding or Walking,,None,,31,N,N,N,N
24497057,2025,2,Intersection - Marked Crosswalk,Crossing Roadway,Other Cyclist,PEMBROKE PINES,FL,33028,Male,N,,,,,N,,,,None,Not Transported,No Improper Action,,None,,18,N,N,N,Y
