REPORT_NUMBER,CRASH_YEAR,VEHICLE_NUMBER,PERSON_NUMBER,CITY,STATE,ZIP_CODE,SEX,HELMET_CODE,RESTRAINT_SYSTEM_CODE,EYE_PROTECTION_CODE,AIR_BAG_DEPLOYMENT_CODE,EJECTED,INJURY_SEVERITY,EMS_TRANSPORT_TYPE,SEAT_POSITION_CODE,ROW_POSITION_CODE,OTHER_POSITION_CODE,S4_AGE_AT_TIME_OF_CRASH,S4_IS_UNRESTRAINED_PASSENGER
26905982,2024,1,2,,FL,33025,Male,,Shoulder and Lap Belt Used,,Not Deployed,Not Ejected,None,Not Transported,Right,Second,Not Applicable,14,N
27159547,2024,1,2,PINELLAS PARK,FL,33781,Female,,Shoulder and Lap Belt Used,,Not Deployed,Not Ejected,None,Not Transported,Right,Front,Not Applicable,43,N
27167031,2024,1,2,WEST PALM BEACH,FL,33415,Female,,Shoulder and Lap Belt Used,,Not Deployed,Not Ejected,None,Not Transported,Middle,Second,Not Applicable,8,N
89978934,2024,1,2,TAMPA,FL,33603,Male,,Child Restraint System - Forward Facing,,Not Deployed,Not Ejected,None,Not Transported,Left,Second,Not Applicable,6,N
27169698,2024,1,2,LAKE WORTH,FL,33461,Male,,Child Restraint System - Forward Facing,,Not Deployed,Not Ejected,None,Not Transported,Left,Second,Not Applicable,4,N
27169743,2024,1,2,LAKE WORTH,FL,33461,Male,,Shoulder and Lap Belt Used,,Not Deployed,Not Ejected,None,Not Transported,Right,Front,,23,N
27169743,2024,1,3,GREENACRES,FL,33463,Female,,Shoulder and Lap Belt Used,,Not Deployed,Not Ejected,None,Not Transported,Right,Second,,13,N
27170600,2024,1,2,ROYAL PALM BEACH,FL,33411,Male,,Shoulder and Lap Belt Used,,Not Deployed,Not Ejected,None,Not Transported,Right,Front,Not Applicable,15,N
27186358,2024,1,3,OCALA,FL,34471,Female,,Restraint Used - Type Unknown,,Not Deployed,Not Ejected,None,Not Transported,Right,Front,Not Applicable,8,N
27186575,2024,1,3,SILVER SPRINGS,FL,34488,Female,,Shoulder and Lap Belt Used,,Not Deployed,Not Ejected,None,Not Transported,Right,Front,Not Applicable,41,N
27209861,2024,1,2,MIAMI,FL,33136,Female,,Shoulder and Lap Belt Used,,Not Deployed,Not Ejected,None,Not Transported,Right,Second,,46,N
27217670,2024,1,2,PALM BAY,FL,32907,Male,,Child Restraint System - Type Unknown,,Not Deployed,Not Ejected,None,Not Transported,Left,Second,Not Applicable,0,N
27217670,2024,1,3,PALM BAY,FL,32907,Male,,Child Restraint System - Type Unknown,,Not Deployed,Not Ejected,None,Not Transported,Right,Second,Not Applicable,2,N
27234268,2024,1,2,FORT MYERS,FL,33901,Female,,Shoulder and Lap Belt Used,,Not Deployed,Not Ejected,None,Not Transported,Right,Front,Not Applicable,14,N
83371050,2024,1,2,TAMPA,FL,33613,Female,,Shoulder and Lap Belt Used,,Not Deployed,Not Ejected,None,Not Transported,Right,Front,,47,N
84962659,2024,1,2,TAMPA,FL,33613,Female,,Shoulder and Lap Belt Used,,Not Deployed,Not Ejected,None,Not Transported,Right,Front,,20,N
88584491,2024,1,2,CANTONMENT,FL,32533,Female,,Booster Seat,,Not Deployed,Not Ejected,None,Not Transported,Right,Third,,11,N
88584491,2024,1,3,CANTONMENT,FL,32533,Male,,Child Restraint System - Forward Facing,,Not Deployed,Not Ejected,None,Not Transported,Left,Second,,3,N
89365479,2024,1,3,INDIAN ROCKS BEACH,FL,33785,Female,,Shoulder and Lap Belt Used,,Not Deployed,Not Ejected,None,Not Transported,Right,Front,,49,N
89367077,2024,2,3,SEMINOLE,FL,33772,Female,,Shoulder and Lap Belt Used,,Not Applicable,Not Ejected,None,Not Transported,Left,Second,,9,N
89367077,2024,2,4,WEBSTER,FL,33597,Female,,Shoulder and Lap Belt Used,,Not Applicable,Not Ejected,None,Not Transported,Right,Second,,9,N
89367077,2024,2,5,SEMINOLE,FL,33772,Male,,Shoulder and Lap Belt Used,,Not Applicable,Not Ejected,None,Not Transported,Right,Front,,37,N
89730662,2024,1,2,SUWANEE,GA,30024,Male,,None Used - Motor Vehicle Occupant,,Not Applicable,Not Ejected,Possible,Not Transported,Right,Front,,18,Y
89730662,2024,1,3,SUWANEE,GA,30024,Female,,None Used - Motor Vehicle Occupant,,Not Applicable,Not Ejected,Possible,Not Transported,Right,Second,,42,Y
89757127,2024,1,2,HOLIDAY,FL,34690,Female,,Shoulder and Lap Belt Used,,Not Deployed,Not Ejected,None,Not Transported,Right,Front,Not Applicable,17,N
89757127,2024,1,3,HOLIDAY,FL,34690,Male,,Shoulder and Lap Belt Used,,Not Deployed,Not Ejected,None,Not Transported,Left,Second,Not Applicable,14,N
