REPORT_NUMBER,CRASH_YEAR,VEHICLE_NUMBER,OWNER_CITY,OWNER_STATE,OWNER_ZIP_CODE,COMMERCIAL_VEHICLE_FLAG,MOTION_CODE,STATE_OF_REGISTRATION,PERMANENT_REGISTRATION_FLAG,HIT_AND_RUN_FLAG,VEHICLE_YEAR,VEHICLE_MAKE,VEHICLE_MODEL,VEHICLE_STYLE,VEHICLE_COLOR,DISABLING_FUNCTIONAL_DAMAGE,ESTIMATED_VEHICLE_DAMAGE,TOW_DAMAGE_CODE,HOW_TOW_REQUESTED,BUSINESS_OWNED_FLAG,VEHICLE_TRAVELING,ROAD_ON,ESTIMATED_MPH,POSTED_SPEED,TOTAL_NUMBER_OF_LANES,HAZARDOUS_MATERIAL_RELEASED,HAZMAT_PLACARD,HAZARDOUS_PLACARD_NUMBER,HAZMAT_CLASS,POINT_OF_IMPACT,MOST_DAMAGED_AREA_CODE,TYPE_OF_VEHICLE,TRAFFICWAY_CODE,COMMERCIAL_VEHICLE_CONFIGURATION_CODE,COMMERCIAL_USE_CODE,CARRIER_CARGO_BODY_TYPE,COMMERCIAL_VEHICLE_WEIGHT_CODE,MOST_HARMFUL_EVENT_CODE,HARMFUL_EVENT_1,HARMFUL_EVENT_2,HARMFUL_EVENT_3,HARMFUL_EVENT_4,EMERGENCY_VEHICLE_USE_CODE,ROADWAY_GRADE_CODE,ROADWAY_ALIGNMENT_CODE,VEHICLE_MANEUVER_ACTION,TRAFFIC_CONTROL_DEVICE,VEHICLE_SPECIAL_FUNCTION,VEHICLE_DEFECT1,VEHICLE_DEFECT2,S4_IS_COMMERCIAL_MOTOR_VEHICLE
26905982,2024,1,MIRAMAR,FL,33025,N,Vehicle in Transport,FL,,N,2008,CHRY,,UT,WHI/WHI,Minor,900,N,,N,East,SW 41ST ST,20,25,2,,,,,Right Front Door,Right Front Door,(Sport) Utility Vehicle,"Two-Way, Not Divided",,,,,Pedalcycle,Pedalcycle,,,,N,Level,Straight,Overtaking/Passing,No Controls,No Special Function,None,,
26917150,2024,1,WELLINGTON,FL,33414,N,Vehicle in Transport,FL,N,N,2020,NISS,,SUV,SIL,Minor,2000,N,,N,North,ENTRY/EXIT LANE,2,10,2,,,,,Front Left Bumper,Front Left Bumper,(Sport) Utility Vehicle,"Two-Way, Divided, Positive Median Barrier",,,,,Pedalcycle,Pedalcycle,,,,N,Level,Straight,Turning Right,No Controls,No Special Function,None,,
26920620,2024,1,CORAL SPRINGS,FL,33065,N,Vehicle in Transport,FL,N,N,2022,FORD,,PU,WHI,Functional,500,N,,N,East,COCONUT CREEK PKWY,10,35,4,,,,,Right Front Fender,Right Front Fender,Pickup,"Two-Way, Divided, Positive Median Barrier",,,,,Pedestrian,Pedestrian,,,,N,Level,Straight,Straight Ahead,No Controls,No Special Function,None,,
25167928,2025,2,HOLLYWOOD,FL,33020,N,Vehicle in Transport,FL,N,N,2003,CHEV,,SPUV,GRY,Minor,2000,N,Rotation,N,East,TAFT ST,10,30,4,,,,,Front Center Bumper,Front Center Bumper,(Sport) Utility Vehicle,"Two-Way, Not Divided",,,,,Motor Vehicle in Transport,Motor Vehicle in Transport,,,,N,Level,Straight,Turning Left,No Controls,No Special Function,None,,
26920890,2024,1,MARGATE,FL,33063,N,Vehicle in Transport,FL,N,N,2011,MERZ,,UT,GRY,Functional,1000,N,Driver,N,North,NW 62ND TER,25,25,2,,,,,Front Center Bumper,Front Center Bumper,Passenger Car,"Two-Way, Not Divided",,,,,Motor Vehicle in Transport,Motor Vehicle in Transport,,,,N,Level,Straight,Turning Left,No Controls,No Special Function,None,None,
26924222,2024,1,HAINES CITY,FL,33844,,Vehicle in Transport,WV,,N,2021,JEEP,,4D,BLU,None,0,N,Driver,N,North,HIGHWAY 27,,55,4,,,,,Front Center Bumper,Front Center Bumper,(Sport) Utility Vehicle,"Two-Way, Divided, Positive Median Barrier",,,,,,Pedestrian,,,,N,Level,Straight,Turning Left,No Controls,No Special Function,None,,
26924660,2024,1,LAKELAND,FL,33813,,Vehicle in Transport,FL,,N,2017,TOYT,,4D,BLK,Functional,500,N,Driver,N,South,yarborough lane,,35,2,,,,,Right Front Fender,Right Front Fender,Pickup,"Two-Way, Not Divided",,,,,Pedestrian,Motor Vehicle in Transport,Pedestrian,,,N,Level,Straight,Straight Ahead,No Controls,No Special Function,None,,
26926614,2024,1,DAYTONA BEACH,FL,32114,N,Vehicle in Transport,FL,,N,2019,CHEV,,UT,BLK,Minor,500,N,Driver,N,South,EXIT OF 500 BILL FRANCE,,5,2,,,,,Right Front Fender,Right Front Fender,(Sport) Utility Vehicle,"Two-Way, Not Divided",,,,,Pedalcycle,Pedalcycle,,,,N,Downhill,Straight,Straight Ahead,Stop Sign,No Special Function,None,,
26927700,2024,1,SOUTH DAYTONA,FL,32119,N,Vehicle in Transport,FL,,N,2019,CADI,,UT,WHI,Minor,1000,N,Driver,N,North,NOVA RD,5,45,8,,,,,Front Right Bumper,Right Front Fender,(Sport) Utility Vehicle,"Two-Way, Not Divided",,,,,Pedalcycle,Pedalcycle,,,,N,Level,Straight,Turning Left,Traffic Control Signal,No Special Function,None,,
26928234,2024,1,DAYTONA BEACH,FL,32114,N,Vehicle in Transport,FL,,N,2018,CHRY,,4D,BLK,Minor,200,N,Driver,N,North,NOVA RD,10,50,6,,,,,Front Center Bumper,Front Center Bumper,Passenger Car,"Two-Way, Divided, Positive Median Barrier",,,,,Pedestrian,Pedestrian,,,,N,Level,Straight,Turning Left,Traffic Control Signal,No Special Function,None,,
26943693,2024,1,WINTER SPRINGS,FL,32708,N,Vehicle in Transport,FL,,N,2020,ACUR,,UT,WHI,Minor,1000,N,Driver,N,North,PARKING LOT,3,5,1,,,,,Front Center Bumper,Hood,Passenger Car,"Two-Way, Not Divided",,,,,Pedestrian,Pedestrian,,,,N,Level,Straight,Other,Stop Sign,No Special Function,None,,
27145440,2024,1,FT LAUDERDALE,FL,33313,N,Vehicle in Transport,FL,N,N,2011,FORD,,SPUV,BLK,Minor,500,N,,N,West,2900 NW 56 AV,,25,2,,,,,Right Front Door,Right Front Door,Passenger Van,"Two-Way, Not Divided",,,,,,Motor Vehicle in Transport,,,,N,Level,Straight,Other,No Controls,No Special Function,None,,
27145553,2024,1,TULSA,OK,74134142,N,Vehicle in Transport,FL,N,Y,2024,TOYT,,SPUV,SIL,Unknown,0,N,,N,North,7500 W OAKLAND PARK BLVD,10,10,2,,,,,,,(Sport) Utility Vehicle,"Two-Way, Not Divided",,,,,Pedalcycle,Pedalcycle,,,,N,Level,Straight,Straight Ahead,Stop Sign,No Special Function,None,,
27152740,2024,1,PANAMA CITY,FL,32404,N,Vehicle in Transport,FL,,N,2012,CHEV,,4D,BRO,Functional,300,N,Driver,N,North,JENKS AVE,35,35,2,,,,,Front Center Bumper,Front Right Bumper,Passenger Car,"Two-Way, Not Divided, with a Continuous Left Turn Lane",,,,,Motor Vehicle in Transport,Motor Vehicle in Transport,,,,N,Level,Straight,Straight Ahead,No Controls,No Special Function,Windows/Windshield,,
27159547,2024,1,PINELLAS PARK,FL,33782,N,Vehicle in Transport,FL,,N,2018,CHRY,,VN,SIL,Minor,100,N,Driver,N,West,PARKING LOT OF 10191 66TH ST N,10,45,6,,,,,Front Left Bumper,Front Left Bumper,Passenger Van,"Two-Way, Divided, Positive Median Barrier",,,,,Motor Vehicle in Transport,Motor Vehicle in Transport,,,,N,Level,Straight,Straight Ahead,No Controls,No Special Function,None,,
27161480,2024,1,BRADENTON,FL,34205,,Vehicle in Transport,FL,,N,2016,SUBA,,4D,GRY,Minor,100,N,Driver,N,East,SR 45,,45,6,,,,,Front Center Bumper,Front Center Bumper,Passenger Car,"Two-Way, Divided, Positive Median Barrier",,,,,Pedalcycle,Pedalcycle,,,,N,Level,Straight,Turning Left,No Controls,No Special Function,None,,
27166574,2024,1,LAKE WORTH,FL,33467,N,Vehicle in Transport,FL,,N,2012,TOYT,,4D,GRY,Functional,4000,N,Driver,N,West,LAKE WORTH RD,25,45,6,,,,,Right Front Door,Right Rear Door,Passenger Car,"Two-Way, Divided, Positive Median Barrier",,,,,Motor Vehicle in Transport,Motor Vehicle in Transport,,,,N,Level,Straight,Turning Left,Traffic Control Signal,No Special Function,None,,
27167031,2024,1,WEST PALM BEACH,FL,33415,N,Vehicle in Transport,FL,,N,2021,VOLK,,UT,GRY,Minor,500,N,Driver,N,West,13TH RD S,10,15,2,,,,,Front Right Bumper,Front Right Bumper,(Sport) Utility Vehicle,"Two-Way, Not Divided",,,,,Pedestrian,Pedestrian,,,,N,Level,Straight,Entering Traffic Lane,Stop Sign,No Special Function,None,,
27167034,2024,1,WEST PALM BEACH,FL,33415,N,Vehicle in Transport,NC,,N,2008,HYUN,,4D,SILVER - SIL,Minor,500,N,Driver,N,East,10TH AVE N,15,40,4,,,,,Right Front Fender,Right Front Fender,Passenger Car,"Two-Way, Divided, Unprotected (painted >4 feet) Median",,,,,Pedestrian,Pedestrian,,,,N,Level,Straight,Turning Right,Traffic Control Signal,No Special Function,None,,
27167243,2024,1,JUPITER,FL,33458,N,Vehicle in Transport,FL,,N,2010,TOYT,,4D,SIL,Minor,200,N,Driver,N,West,SOUTHVIEW DR,25,25,2,,,,,Right Front Door,Right Rear Door,Passenger Car,"Two-Way, Not Divided",,,,,Motor Vehicle in Transport,Motor Vehicle in Transport,,,,N,Level,Straight,Straight Ahead,No Controls,No Special Function,None,,
27167645,2024,1,WEST PALM BEACH,FL,33406,N,Vehicle in Transport,FL,,N,2000,GMC,,PK,GRY,Minor,500,N,Driver,N,Off-Road,JOG RD,5,45,4,,,,,Front Center Bumper,Front Center Bumper,Pickup,One-Way Trafficway,,,,,Motor Vehicle in Transport,Motor Vehicle in Transport,,,,N,Level,Straight,Straight Ahead,No Controls,No Special Function,None,,
27167674,2024,1,BOCA RATON,FL,33428,N,Vehicle in Transport,FL,,N,2019,KIA,,4D,BLU,Functional,2000,N,Driver,N,North,ALFRESCO STREET,5,20,2,,,,,Rear Center Bumper,Rear Center Bumper,Passenger Car,"Two-Way, Not Divided",,,,,Motor Vehicle in Transport,Motor Vehicle in Transport,,,,N,Level,Straight,Backing,No Controls,No Special Function,None,,
27167866,2024,1,,,,N,Vehicle in Transport,,,Y,,UK,,UNKNOWN,UNKNOWN,Unknown,0,N,Driver,N,North,13850 WELLINGTON TRACE,5,15,2,,,,,Right Front Door,Right Front Door,Unknown,"Two-Way, Not Divided",,,,,Pedalcycle,Pedalcycle,,,,,Level,Straight,Unknown,Stop Sign,Unknown,Unknown,,
27167866,2024,2,WELLINGTON,FL,33414,N,Vehicle in Transport,,,N,2020,PEEP,,MS,BLACK - BLK,Functional,100,N,Other,N,West,WELLINGTON TRACE,5,15,2,,,,,Right Front Door,Right Front Door,Other,"Two-Way, Not Divided",,,,,Motor Vehicle in Transport,Motor Vehicle in Transport,,,,N,Level,Straight,Straight Ahead,Stop Sign,No Special Function,None,,
27168273,2024,1,GREENACRES,FL,33463,N,Vehicle in Transport,FL,,N,2015,VOLK,,4D,GRY,Minor,200,N,Driver,N,East,FOREST HILL BLVD,10,40,3,,,,,Left Front Fender,Hood,Passenger Car,"Two-Way, Divided, Positive Median Barrier",,,,,Pedalcycle,Pedalcycle,,,,N,Level,Straight,Turning Right,Traffic Control Signal,No Special Function,None,,
27169540,2024,1,LAKE WORTH,FL,33463,N,Vehicle in Transport,FL,,N,2001,HYUN,,4D,TAN,Functional,1200,N,Driver,N,East,EXITING PARKING LOT AT 4545 HYPOLUXO RD EAST SIDE,20,20,3,,,,,Right Front Door,Right Front Door,Passenger Car,"Two-Way, Divided, Positive Median Barrier",,,,,Motor Vehicle in Transport,Motor Vehicle in Transport,,,,N,Level,Straight,Turning Left,Traffic Control Signal,No Special Function,None,,
27169698,2024,1,LAKE WORTH,FL,33460,N,Vehicle in Transport,FL,,N,2019,FORD,,UT,BLU,Minor,300,N,Driver,N,East,DRIVEWAY EXIT OF 4137 S CONGRESS AVE,,,2,,,,,Front Center Bumper,Front Left Bumper,(Sport) Utility Vehicle,"Two-Way, Not Divided",,,,,Pedestrian,Pedestrian,,,,N,Level,Straight,Straight Ahead,Stop Sign,No Special Function,None,,
27169743,2024,1,LAKE WORTH,FL,33461,N,Vehicle in Transport,FL,,N,2018,KIA,,4D,BLU,Minor,500,N,Driver,N,West,JACKSON AVE,10,25,2,,,,,Front Left Bumper,Front Left Bumper,Passenger Car,"Two-Way, Not Divided",,,,,Motor Vehicle in Transport,Motor Vehicle in Transport,,,,N,Level,Straight,Straight Ahead,No Controls,No Special Function,None,,
27169890,2024,1,BOYNTON BCH,FL,33472,N,Vehicle in Transport,FL,,N,2017,RAM,,SW,WHI,Minor,5000,N,Driver,N,West,LANTANA RD,45,45,2,,,,,Right Rear Fender,Right Rear Fender,Passenger Van,"Two-Way, Divided, Positive Median Barrier",,,,,Motor Vehicle in Transport,Motor Vehicle in Transport,,,,N,Level,Straight,Turning Left,Traffic Control Signal,No Special Function,None,,
27170352,2024,1,ROYAL PALM BEACH,FL,33414,N,Vehicle in Transport,FL,,N,2019,RAM,,VN,WHI,Minor,250,N,Driver,N,East,LAKE WORTH RD,40,45,4,,,,,Front Right Bumper,Front Right Bumper,Passenger Van,"Two-Way, Not Divided",,,,,Motor Vehicle in Transport,Motor Vehicle in Transport,,,,N,Level,Straight,Straight Ahead,No Controls,No Special Function,None,,
27170600,2024,1,ROYAL PALM BEACH,FL,33411,N,Vehicle in Transport,FL,,N,2001,FORD,,PK,GRN,Disabling,8000,Y,Rotation,N,South,130TH TRL N,20,30,2,,,,,Overturn,Overturn,Pickup,"Two-Way, Not Divided",,,,,Overturn/Rollover,"Ran Off Roadway, Left",Embankment,Overturn/Rollover,,N,Level,Straight,Straight Ahead,No Controls,No Special Function,None,,
27170602,2024,1,ROYAL PALM BEACH,FL,33411,N,Vehicle in Transport,FL,,N,2023,MAZD,,UT,BLK,Minor,800,N,Driver,N,South,121ST TER N,5,30,2,,,,,Front Right Bumper,Front Right Bumper,Passenger Car,"Two-Way, Not Divided",,,,,Motor Vehicle in Transport,Motor Vehicle in Transport,,,,N,Level,Straight,Straight Ahead,Stop Sign,No Special Function,None,,
27171289,2024,1,WELLINGTON,FL,33414,N,Vehicle in Transport,FL,,N,2017,NISS,,4D,GRY,Minor,1000,N,Driver,N,South,ST. DAVID WAY,15,25,2,,,,,Front Right Bumper,Front Right Bumper,Passenger Car,"Two-Way, Not Divided",,,,,Pedestrian,Pedestrian,,,,N,Level,Straight,Turning Right,Stop Sign,No Special Function,Unknown,Unknown,
27172039,2024,1,GREENACRES,FL,33413,N,Vehicle in Transport,FL,,N,2003,INFI,,UT,YEL,Minor,500,N,Driver,N,East,ISLAND SHORES DR,5,5,2,,,,,Left Front Door,Left Front Door,(Sport) Utility Vehicle,"Two-Way, Not Divided",,,,,Motor Vehicle in Transport,Motor Vehicle in Transport,,,,N,Level,Straight,Straight Ahead,No Controls,No Special Function,None,,
27179566,2024,1,BLACKWOOD,NJ,08012,N,Vehicle in Transport,FL,,N,2018,CADI,,UT,BRZ,Minor,100,N,Driver,N,North,TAMIAMI TRL,15,15,2,,,,,Front Center Bumper,Front Center Bumper,(Sport) Utility Vehicle,"Two-Way, Not Divided",,,,,Motor Vehicle in Transport,Motor Vehicle in Transport,,,,N,Level,Straight,Straight Ahead,Traffic Control Signal,No Special Function,None,,
27186358,2024,1,OCALA,FL,34470,N,Vehicle in Transport,FL,N,N,2020,RAM,,TK,GRY,Minor,500,N,Driver,N,West,NE 11TH ST,15,30,2,,,,,Right Rear Fender,Right Rear Fender,Pickup,"Two-Way, Not Divided",,,,,Pedalcycle,Pedalcycle,,,,,Level,Straight,Straight Ahead,No Controls,No Special Function,None,,
27186575,2024,1,OCKLAWAHA,FL,32179,N,Vehicle in Transport,FL,N,N,2008,TOY,,5D,MAR,None,0,N,Driver,N,North,NE 11TH AVE,10,30,2,,,,,Front Center Bumper,,Passenger Car,"Two-Way, Not Divided",,,,,Pedalcycle,Pedalcycle,,,,,Level,Straight,Turning Right,Traffic Control Signal,No Special Function,None,,
27190778,2024,1,NORTH PORT,FL,34286,N,Vehicle in Transport,FL,N,N,2018,HOND,,,BLK,Functional,250,N,,N,West,W PRICE BLVD,15,35,4,,,,,Right Rear Fender,Right Rear Fender,(Sport) Utility Vehicle,"Two-Way, Divided, Positive Median Barrier",,,,,Pedalcycle,Pedalcycle,,,,N,Level,Straight,Turning Right,Traffic Control Signal,No Special Function,Unknown,,
27191577,2024,1,VENICE,FL,34292,N,Vehicle in Transport,FL,,N,2016,CHEV,,TK,RED,Minor,300,N,Driver,N,West,OAK HERITAGE,10,20,2,,,,,Right Rear Door,Right Rear Door,Pickup,"Two-Way, Divided, Unprotected (painted >4 feet) Median",,,,,Pedalcycle,Pedalcycle,,,,N,Level,Straight,Straight Ahead,No Controls,No Special Function,None,,
27191909,2024,1,BRADENTON,FL,34206,N,Vehicle in Transport,FL,,N,2020,FORD,,VN,WHI,Minor,100,N,,N,South,U.S. 301,5,45,6,,,,,Right Rear Door,Right Rear Door,Other,"Two-Way, Divided, Positive Median Barrier",,,,,Motor Vehicle in Transport,Motor Vehicle in Transport,,,,N,Level,Straight,Turning Right,No Controls,No Special Function,None,,
27192219,2024,1,SARASOTA,FL,34234,N,Vehicle in Transport,FL,,N,2022,TOYT,,UT,RED,Minor,25,N,Driver,N,South,TWIN DR,5,25,2,,,,,Front Center Bumper,Front Center Bumper,(Sport) Utility Vehicle,"Two-Way, Divided, Positive Median Barrier",,,,,Pedalcycle,Pedalcycle,,,,N,Level,Straight,Turning Right,Other,No Special Function,None,,
27192445,2024,1,TAMPA,FL,33614,N,Vehicle in Transport,FL,,N,2011,HYUN,,4D,RED,Minor,500,N,,N,East,BAHIA VISTA,10,35,4,,,,,Left Front Fender,Left Front Fender,Passenger Car,"Two-Way, Not Divided",,,,,Pedalcycle,Pedalcycle,,,,N,Level,Straight,Turning Right,No Controls,No Special Function,None,,
27192550,2024,1,SARASOTA,FL,34232,N,Vehicle in Transport,FL,,N,2018,KIA,,4D,SIL,Minor,50,N,Driver,N,South,PARKING LOT,2,,2,,,,,Front Right Bumper,Front Right Bumper,Passenger Car,"Two-Way, Not Divided",,,,,Motor Vehicle in Transport,Motor Vehicle in Transport,,,,N,Level,Straight,Entering Traffic Lane,No Controls,No Special Function,None,,
27199517,2024,1,BARRTLETT,IL,60103,N,Vehicle in Transport,FL,,N,2023,ALFA,,4D,BLK,Minor,2000,N,Driver,N,West,LORING WAY,10,35,4,,,,,Left Rear Fender,Left Rear Fender,Passenger Car,"Two-Way, Not Divided",,,,,Motor Vehicle in Transport,Motor Vehicle in Transport,,,,N,Level,Straight,Turning Left,No Controls,No Special Function,None,,
27202049,2024,1,LEHIGH ACRES,FL,33976,N,Vehicle in Transport,FL,,N,2019,TOYT,,PK,GRY,Minor,2000,N,Driver,N,South,CURTIS AVE S,30,30,2,,,,,Right Front Fender,Right Front Door,Pickup,"Two-Way, Not Divided",,,,,Motor Vehicle in Transport,Motor Vehicle in Transport,,,,N,Level,Straight,Straight Ahead,No Controls,No Special Function,None,,
27202177,2024,1,FT MYERS,FL,33908,N,Vehicle in Transport,FL,,N,2022,CHEV,,PK,BLK,Minor,2000,N,Driver,N,North,ROYAL POINTE LN,15,25,2,,,,,Front Right Bumper,Front Right Bumper,Pickup,"Two-Way, Not Divided",,,,,Pedestrian,Pedestrian,,,,N,Level,Curve Left,Straight Ahead,No Controls,No Special Function,None,,
27208022,2024,1,MIAMI,FL,33135,N,Vehicle in Transport,FL,,N,2018,HYUN,,4D,BLU,Functional,3000,N,Driver,N,South,SW 18TH CT,,,2,,,,,Front Right Bumper,Front Right Bumper,Passenger Car,"Two-Way, Not Divided",,,,,Motor Vehicle in Transport,Motor Vehicle in Transport,,,,N,Level,Straight,Straight Ahead,Stop Sign,No Special Function,None,,
27208721,2024,1,MIAMI,FL,33168,N,Vehicle in Transport,FL,,N,2016,JEEP,,UT,WHITE - WHI,Minor,100,N,Driver,N,West,NW 21 TER,,30,2,,,,,Right Front Fender,Right Front Fender,(Sport) Utility Vehicle,"Two-Way, Divided, Unprotected (painted >4 feet) Median",,,,,Motor Vehicle in Transport,Motor Vehicle in Transport,,,,N,Level,Straight,Turning Right,Stop Sign,No Special Function,Unknown,,
27209036,2024,1,HIALEAH,FL,33018,N,Vehicle in Transport,FL,,N,2024,TESL,,UT,GRY,Minor,1000,N,Driver,N,East,16TH ST,5,30,,,,,,Rear Center Bumper,Rear Center Bumper,Passenger Car,"Two-Way, Not Divided",,,,,Motor Vehicle in Transport,Motor Vehicle in Transport,,,,N,Level,Straight,Backing,No Controls,No Special Function,None,,
27209690,2024,1,,,,N,Vehicle in Transport,UK,,Y,2024,NISSA,,4D,BLACK,Unknown,0,N,Rotation,N,South,SW 24TH AVE,30,30,2,,,,,,,Passenger Car,"Two-Way, Not Divided",,,,,Motor Vehicle in Transport,Motor Vehicle in Transport,,,,N,Level,Curve Right,Straight Ahead,Yield Sign,Unknown,Unknown,,
27209861,2024,1,NORTH MIAMI BEACH,FL,33162,N,Vehicle in Transport,FL,,N,2021,VOLK,,4D,WHI,Functional,0,N,Driver,N,West,NW 6TH ST,25,25,2,,,,,Front Center Bumper,Front Center Bumper,Passenger Car,One-Way Trafficway,,,,,Motor Vehicle in Transport,Motor Vehicle in Transport,,,,N,Level,Straight,Straight Ahead,No Controls,No Special Function,None,,
27211036,2024,1,HIALEAH,FL,33010,N,Vehicle in Transport,FL,,Y,2017,NISS,,UT,WHI,Unknown,0,N,Driver,N,East,NW 19TH STREET,30,10,4,,,,,Front Left Bumper,Front Left Bumper,(Sport) Utility Vehicle,"Two-Way, Not Divided",,,,,Motor Vehicle in Transport,Motor Vehicle in Transport,,,,N,Level,Straight,Turning Left,No Controls,Unknown,Unknown,,
27211101,2024,1,MIAMI,FL,33133,N,Vehicle in Transport,FL,,N,2017,NISS,,UT,ONG,Minor,1000,N,Driver,N,South,BISCAYNE BLVD,5,30,2,,,,,Left Front Fender,Left Front Door,Passenger Car,"Two-Way, Not Divided",,,,,Motor Vehicle in Transport,Motor Vehicle in Transport,,,,N,Level,Straight,Other,No Controls,No Special Function,None,,
27211889,2024,1,,,,N,,,,Y,,UK,,UNKNOWN,,Unknown,0,N,,N,,,,,,,,,,,,Unknown,"Two-Way, Not Divided",,,,,Motor Vehicle in Transport,Motor Vehicle in Transport,,,,,Level,Straight,Unknown,,Unknown,Unknown,,
27211995,2024,1,MIAMI,FL,33145,N,Vehicle in Transport,FL,,N,2015,NISS,,4D,BLK,Disabling,200,Y,Rotation,N,North,NW 14TH AVE,10,30,4,,,,,Left Front Fender,Left Front Fender,Passenger Car,"Two-Way, Not Divided",,,,,Motor Vehicle in Transport,Motor Vehicle in Transport,,,,N,Level,Straight,Straight Ahead,No Controls,No Special Function,None,,
27212025,2024,1,PORT NEWARK,NJ,07114,N,Vehicle in Transport,NY,,N,2024,KIA,,LL,GRAY,Minor,500,N,Driver,N,West,SW 10TH ST,10,25,1,,,,,Right Rear Door,Right Front Door,Passenger Car,"Two-Way, Not Divided",,,,,Pedalcycle,Pedalcycle,,,,N,Level,Straight,Turning Right,No Controls,No Special Function,None,,
27212089,2024,1,MIAMI,FL,33133,N,Vehicle in Transport,FL,,N,1999,MERZ,,4D,MAR,Minor,500,N,Driver,N,North,3051 NW 27TH AVE,10,30,2,,,,,Front Center Bumper,Front Center Bumper,Passenger Car,"Two-Way, Not Divided",,,,,Motor Vehicle in Transport,Motor Vehicle in Transport,,,,N,Level,Straight,Straight Ahead,Other,No Special Function,None,,
27212147,2024,1,MIRAMAR,FL,33027,N,Vehicle in Transport,FL,,N,2021,HYUND,,4D,BLACK - BLK,Minor,1000,N,Driver,N,Off-Road,321 NW 26TH ST,,30,2,,,,,Front Right Bumper,Front Right Bumper,Passenger Car,"Two-Way, Divided, Unprotected (painted >4 feet) Median",,,,,Motor Vehicle in Transport,Motor Vehicle in Transport,,,,N,Uphill,Straight,Turning Left,No Controls,No Special Function,Unknown,,
27217670,2024,1,PALM BAY,FL,32907,N,Vehicle in Transport,FL,,N,2012,TOYT,,5D,SIL,Minor,1000,N,Driver,N,West,DORCHESTER AV,15,25,2,,,,,Right Front Fender,Right Front Fender,Passenger Car,"Two-Way, Not Divided",,,,,Pedalcycle,Motor Vehicle in Transport,Pedalcycle,,,N,Level,Straight,Straight Ahead,No Controls,No Special Function,None,,
27218718,2024,1,DELTONA,FL,32725,N,Vehicle in Transport,FL,,N,2013,LINC,,UT,BLK,None,0,N,Driver,N,West,WEST IN DRIVEWAY,3,5,1,,,,,Rear Center Bumper,Rear Center Bumper,(Sport) Utility Vehicle,One-Way Trafficway,,,,,Motor Vehicle in Transport,Motor Vehicle in Transport,,,,N,Level,Straight,Backing,No Controls,No Special Function,None,,
27224085,2024,1,WINTER SPRINGS,FL,32708,N,Vehicle in Transport,FL,,N,2022,LEXS,,UT,GRY,Minor,100,N,Driver,N,West,EAGLE BLVD,5,30,2,,,,,Front Right Bumper,Front Right Bumper,(Sport) Utility Vehicle,"Two-Way, Not Divided",,,,,Motor Vehicle in Transport,Motor Vehicle in Transport,Fire/Explosion,,,N,Level,Straight,Other,Stop Sign,No Special Function,None,,
27234268,2024,1,LAS VEGAS,NV,891213837,N,Vehicle in Transport,FL,,N,2019,TOYT,,4D,RED,Minor,100,N,Driver,N,South,WINKLER AVE,5,10,2,,,,,Front Right Bumper,Front Right Bumper,Passenger Car,"Two-Way, Not Divided",,,,,Motor Vehicle in Transport,Motor Vehicle in Transport,,,,N,Level,Straight,Straight Ahead,Stop Sign,No Special Function,None,,
27237632,2024,1,ORLANDO,FL,32835,N,Vehicle in Transport,FL,,N,2015,CHEV,,UT,BLK,Unknown,1,N,Rotation,N,Unknown,W. CHURCH STREET,10,35,4,,,,,Front Left Bumper,Front Left Bumper,(Sport) Utility Vehicle,"Two-Way, Not Divided, with a Continuous Left Turn Lane",,,,,Motor Vehicle in Transport,Motor Vehicle in Transport,,,,N,Level,Straight,Turning Left,Traffic Control Signal,No Special Function,None,,
27238041,2024,1,ORLANDO,FL,32832,N,Vehicle in Transport,FL,,N,2023,VOLK,,UT,GRY,Minor,100,N,Driver,N,West,9700 BLK LAUREATE BLVD,10,30,2,,,,,Left Front Fender,Left Front Fender,(Sport) Utility Vehicle,"Two-Way, Not Divided",,,,,Motor Vehicle in Transport,Motor Vehicle in Transport,,,,N,Level,Straight,Straight Ahead,Yield Sign,No Special Function,None,,
27238183,2024,1,ORLANDO,FL,32812,N,Vehicle in Transport,FL,,N,2022,KIA,,UT,GRY,Minor,500,N,Driver,N,West,SEMORAN BLVD,3,,2,,,,,Right Front Fender,Right Front Fender,(Sport) Utility Vehicle,"Two-Way, Not Divided",,,,,Motor Vehicle in Transport,Motor Vehicle in Transport,Pedalcycle,,,N,Level,Straight,Turning Right,Stop Sign,No Special Function,None,,
27238526,2024,1,ORLANDO,FL,32804,N,Vehicle in Transport,FL,,N,2018,HONDA,,SU,UNK,Functional,2000,N,Driver,N,South,PAR AND FORMOSA,15,30,2,,,,,Front Right Bumper,Front Right Bumper,Passenger Car,"Two-Way, Not Divided",,,,,Motor Vehicle in Transport,Motor Vehicle in Transport,,,,N,Level,Straight,Turning Right,Traffic Control Signal,No Special Function,"Body, Doors",,
27248517,2024,1,SARASOTA,FL,34232,N,Vehicle in Transport,FL,,N,2022,GMC,,PK,WHI,Functional,100,N,Driver,N,North,IBIS COVE DR,5,20,2,,,,,Front Right Bumper,Front Right Bumper,Pickup,"Two-Way, Not Divided",,,,,Pedestrian,Pedestrian,,,,N,Level,Straight,Turning Right,Stop Sign,No Special Function,None,,
83371050,2024,1,TAMPA,FL,33613-2324,N,Vehicle in Transport,FL,N,N,2016,TOYT,,UT,BLU,Functional,250,N,,N,North,N 42ND ST,25,25,2,,,,,Right Front Door,Right Front Door,(Sport) Utility Vehicle,"Two-Way, Not Divided",,,,,Pedalcycle,Pedalcycle,,,,N,Level,Straight,Straight Ahead,No Controls,No Special Function,None,,
84962548,2024,1,ORLANDO,FL,32835-0000,N,Vehicle in Transport,FL,N,N,2022,ACUR,,UT,WHI,None,0,N,,N,North,USF MYRTLE DRIVE & USF HOLLY DRIVE,2,25,3,,,,,,,(Sport) Utility Vehicle,"Two-Way, Not Divided",,,,,Pedestrian,Pedestrian,,,,N,Hillcrest,Straight,Turning Left,Traffic Control Signal,No Special Function,None,,
84962573,2024,1,TAMPA,FL,33624,N,Vehicle in Transport,FL,N,N,2013,HYUN,,4H,RED,Minor,1000,N,,N,North,USF GENSHAFT DR,5,25,4,,,,,Front Right Bumper,Front Right Bumper,Passenger Car,"Two-Way, Divided, Positive Median Barrier",,,,,Pedestrian,Pedestrian,,,,N,Level,Straight,Straight Ahead,No Controls,No Special Function,None,,
84962659,2024,1,SEFFNER,FL,33584-0000,N,Vehicle in Transport,FL,N,N,2010,HYUN,,4H,SIL,Minor,500,N,,N,West,ALLEYWAY OFF OF USF PALM DR,5,25,2,,,,,Front Right Bumper,Front Right Bumper,Passenger Car,"Two-Way, Not Divided",,,,,Pedestrian,Pedestrian,,,,N,Level,Straight,Other,No Controls,No Special Function,None,,
84962736,2024,1,MIAMI,FL,33193-3302,N,Vehicle in Transport,FL,N,,2016,CADI,,2D,BLK,Minor,500,N,,N,West,USF ELM WESTBOUND,5,25,2,,,,,Front Right Bumper,Front Right Bumper,Passenger Car,"Two-Way, Not Divided",,,,,Pedalcycle,Pedalcycle,,,,N,Level,Straight,Turning Left,No Controls,No Special Function,None,,
84962741,2024,1,TAMPA,FL,33624-0000,N,Vehicle in Transport,FL,N,N,2020,KIA,,UT,WHI,Minor,100,N,,N,East,EB ON USF HOLLY DR,15,25,4,,,,,Front Left Bumper,Front Left Bumper,Passenger Car,"Two-Way, Not Divided",,,,,Other Non-Fixed Object,Other Non-Fixed Object,,,,N,Level,Straight,Straight Ahead,Other,No Special Function,None,,
88499288,2024,1,PINSON,AL,35126-0000,N,Vehicle in Transport,FL,N,N,2018,BUIC,,SW,SIL,Functional,2000,N,,N,South,US 1 (STATE ROAD 5),30,45,4,,,,,Front Right Bumper,Front Right Bumper,(Sport) Utility Vehicle,"Two-Way, Divided, Positive Median Barrier",,,,,Pedalcycle,Pedalcycle,,,,N,Level,Straight,Straight Ahead,Flashing Signal,No Special Function,None,,
88584491,2024,1,CANTONMENT,FL,32533-0000,N,Vehicle in Transport,FL,N,N,2020,DODG,,VN,BLU,Functional,2000,N,,N,East,POPLAR AVENUE,15,25,2,,,,,Front Right Bumper,Front Right Bumper,Passenger Van,"Two-Way, Not Divided",,,,,Pedalcycle,Pedalcycle,,,,N,Level,Straight,Straight Ahead,No Controls,No Special Function,None,,
89365479,2024,1,LARGO,FL,337781711,N,Vehicle in Transport,FL,,N,2021,FORD,F-150,TK,WHI,Minor,500,N,Driver,N,North,GULF BOULEVARD,15,30,3,,,,,Right Front Fender,Right Front Fender,"Other Light Trucks (10,000 lbs (4,536 kg) or less)","Two-Way, Divided, Unprotected (painted >4 feet) Median",,,,Not Applicable,Motor Vehicle in Transport,Motor Vehicle in Transport,,,,N,Level,Straight,Turning Right,No Controls,No Special Function,None,,N
89365479,2024,2,INDIAN ROCKS BEACH,FL,33785,N,Vehicle in Transport,FL,,N,2015,CHEV,,UT,GLD,Minor,500,N,Driver,N,West,27TH AVENUE,0,25,2,,,,,Left Front Fender,Left Front Fender,(Sport) Utility Vehicle,"Two-Way, Not Divided",,,,,Motor Vehicle in Transport,Motor Vehicle in Transport,,,,N,Level,Straight,Stopped in Traffic,Stop Sign,No Special Function,None,,
89365648,2024,1,SEMINOLE,FL,33776,N,Vehicle in Transport,FL,,N,2011,CHEV,,UT,WHI,Unknown,100,N,Driver,N,South,PARK BLVD,5,25,2,,,,,Front Center Bumper,Front Center Bumper,Passenger Car,"Two-Way, Not Divided",,,,,Motor Vehicle in Transport,Motor Vehicle in Transport,Pedalcycle,,,N,Level,Straight,Turning Right,No Controls,No Special Function,None,,
89365739,2024,1,ST PETERSBURG,FL,33736,N,Vehicle in Transport,FL,,N,2024,HOND,,UT,WHI,Minor,500,N,Driver,N,Off-Road,PASADENA AVE S,3,35,4,,,,,Right Front Fender,Right Front Fender,(Sport) Utility Vehicle,"Two-Way, Divided, Positive Median Barrier",,,,,Motor Vehicle in Transport,Motor Vehicle in Transport,,,,N,Level,Straight,Entering Traffic Lane,Stop Sign,No Special Function,None,,
89365801,2024,1,ST PETERSBURG,FL,33710,N,Vehicle in Transport,FL,,N,2013,CHEV,,4D,RED,Minor,500,N,Driver,N,North,PASADENA AVE S,5,35,4,,,,,Right Front Fender,Right Front Fender,Passenger Car,"Two-Way, Divided, Positive Median Barrier",,,,,Motor Vehicle in Transport,Motor Vehicle in Transport,,,,N,Level,Straight,Turning Right,Traffic Control Signal,No Special Function,None,,
89365986,2024,1,GULFPORT,FL,33707,N,Vehicle in Transport,FL,,N,2023,MERZ,,UT,WHI,Minor,500,N,Driver,N,North,PASADENA AVE S,3,35,4,,,,,Undercarriage,Undercarriage,(Sport) Utility Vehicle,"Two-Way, Divided, Unprotected (painted >4 feet) Median",,,,,Motor Vehicle in Transport,Motor Vehicle in Transport,,,,N,Level,Straight,Turning Right,No Controls,No Special Function,None,,
89366217,2024,1,ST PETERSBURG,FL,33708,N,Vehicle in Transport,FL,,N,2018,DODG,,UT,BLK,Minor,500,N,Driver,N,East,FRONTAGE RD,15,30,2,,,,,Front Center Bumper,Front Center Bumper,Passenger Car,"Two-Way, Not Divided",,,,,Motor Vehicle in Transport,Motor Vehicle in Transport,,,,N,Level,Straight,Entering Traffic Lane,Stop Sign,No Special Function,None,,
89366833,2024,1,DUNEDIN,FL,34698,N,Vehicle in Transport,FL,,N,2021,TOYT,,PK,WHI,Minor,1000,N,Driver,N,West,OHIO AVE / PINEHURST RD,0,15,2,,,,,Front Left Bumper,Front Left Bumper,Pickup,"Two-Way, Not Divided",,,,,Traffic Sign Support,Traffic Sign Support,,,,N,Level,Straight,Other,Stop Sign,No Special Function,None,,
89366961,2024,1,UNKNOWN,UK,00000,N,Vehicle in Transport,FL,,Y,2000,UK,,UNKNOWN,,Unknown,100,N,Other,N,West,UNNAMED RD,20,20,4,,,,,Front Center Bumper,Front Center Bumper,Unknown,"Two-Way, Divided, Positive Median Barrier",,,,,Pedestrian,Pedestrian,Motor Vehicle in Transport,,,N,Level,Straight,Unknown,No Controls,Unknown,Unknown,,
89367077,2024,1,SEMINOLE,FL,33772,N,Vehicle in Transport,FL,,N,2017,HYUND,,SU,WHI,Minor,1500,N,Driver,N,North,SEMINOLE BLVD,35,45,7,,,,,Right Front Fender,Right Front Fender,(Sport) Utility Vehicle,"Two-Way, Divided, Positive Median Barrier",,,,,Pedalcycle,Pedalcycle,,,,N,Level,Straight,Straight Ahead,No Controls,No Special Function,None,,
89367077,2024,2,SEMINOLE,FL,33772,N,Vehicle in Transport,FL,,N,2016,VOLKS,,4D,WHI,Minor,1500,N,Driver,N,West,SEMINOLE BLVD,0,35,7,,,,,Left Front Fender,Left Front Fender,Passenger Car,"Two-Way, Not Divided",,,,,Pedalcycle,Pedalcycle,,,,N,Level,Straight,Stopped in Traffic,No Controls,No Special Function,None,,
89396513,2024,1,BRADENTON BEACH,FL,34217,N,Vehicle in Transport,FL,,N,2023,FORD,,UT,WHI,Minor,5000,N,Driver,N,East,GULF DR S,3,35,2,,,,,Right Front Door,Right Front Door,(Sport) Utility Vehicle,"Two-Way, Not Divided",,,,,Pedalcycle,Pedalcycle,,,,N,Level,Straight,Turning Left,No Controls,Police,None,,
89730662,2024,1,KEY WEST,FL,33040,N,Vehicle in Transport,FL,N,N,2024,PREM,,4P,BLK,None,0,N,,N,West,PARKING LOT 5168 OVERSEAS HIGHWAY,5,15,1,,,,,Left Front Fender,,Low Speed Vehicle,One-Way Trafficway,,,,,Pedalcycle,Pedalcycle,,,,N,Level,Straight,Turning Right,No Controls,No Special Function,None,,
89753569,2024,1,ODESSA,FL,33556-4191,N,Vehicle in Transport,FL,N,Y,2015,BMW,,2D,WHI,Minor,1000,N,,N,South,NIGHT STAR TRAIL,20,20,1,,,,,Front Center Bumper,Front Center Bumper,Passenger Car,One-Way Trafficway,,,,,Pedalcycle,Pedalcycle,,,,N,Level,Straight,Straight Ahead,No Controls,No Special Function,None,,
89757127,2024,1,HOLIDAY,FL,34690-4307,N,Vehicle in Transport,FL,N,N,2006,STRN,,UT,SIL,Functional,2000,N,,N,South,US HIGHWAY 19,45,45,6,,,,,Front Right Bumper,Front Right Bumper,(Sport) Utility Vehicle,"Two-Way, Divided, Positive Median Barrier",,,,,Pedalcycle,Pedalcycle,,,,N,Level,Straight,Straight Ahead,No Controls,No Special Function,None,,
89760730,2024,1,NEW PORT RICHEY,FL,34653-1052,N,Vehicle in Transport,FL,N,N,2017,CADI,,UT,GRY,Minor,250,N,,N,West,RIDGE CREST DRIVE,5,25,2,,,,,Front Center Bumper,Front Center Bumper,(Sport) Utility Vehicle,"Two-Way, Not Divided",,,,,Pedalcycle,Pedalcycle,,,,N,Level,Straight,Turning Right,Stop Sign,No Special Function,None,,
89859381,2024,1,JACKSONVILLE,FL,32244-8520,N,Parked Motor Vehicle,FL,N,N,2017,FORD,,UT,RED,Minor,2000,N,,N,East,ANDERSON STREET,,25,2,,,,,Left Front Door,Left Front Door,(Sport) Utility Vehicle,"Two-Way, Not Divided",,,,,Parked Motor Vehicle,Parked Motor Vehicle,,,,N,Level,Straight,Parked,No Controls,No Special Function,None,,
89859436,2024,1,SAINT AUGUSTINE,FL,32095-0000,N,Vehicle in Transport,FL,N,N,2012,KIA,,UT,SIL,Minor,500,N,,N,East,S DIXIE HWY,10,25,2,,,,,Right Front Door,Right Front Door,(Sport) Utility Vehicle,"Two-Way, Not Divided",,,,,Pedalcycle,Pedalcycle,,,,N,Level,Straight,Turning Right,No Controls,No Special Function,None,,
89871928,2024,1,,,,N,Vehicle in Transport,,,Y,,UK,,UNKNOWN,UNKNOWN,Unknown,0,N,Rotation,N,East,IMMOKALEE RD,30,45,3,,,,,Front Left Bumper,Front Left Bumper,Unknown,"Two-Way, Divided, Unprotected (painted >4 feet) Median",,,,,Motor Vehicle in Transport,Motor Vehicle in Transport,,,,N,Level,Straight,Unknown,Traffic Control Signal,Unknown,Unknown,,
89873325,2024,1,NAPLES,FL,34119,N,Vehicle in Transport,FL,,N,2005,TOYT,,4D,GRY,Minor,500,N,Driver,N,South,IBIS COVE CIR,5,,1,,,,,Left Rear Door,Left Rear Door,Passenger Car,One-Way Trafficway,,,,,Pedestrian,Motor Vehicle in Transport,Pedestrian,,,N,Level,Straight,Turning Right,No Controls,No Special Function,None,,
89907036,2024,1,,,,N,,,,Y,,UK,,VC,BRO,Unknown,0,N,,N,South,N KEENE RD,,,4,,,,,Trailer,Trailer,Unknown,"Two-Way, Divided, Unprotected (painted >4 feet) Median",,,,,,,,,,,Level,Straight,Unknown,,Unknown,Unknown,,
89907090,2024,1,NAPLES,FL,34119,N,Vehicle in Transport,FL,,N,2012,KIA,,4D,BLK,Minor,300,N,Driver,N,East,SUNSET POINT RD,35,35,2,,,,,Right Front Door,Right Front Door,Passenger Car,"Two-Way, Not Divided",,,,,Pedalcycle,Pedalcycle,,,,N,Level,Straight,Straight Ahead,No Controls,No Special Function,None,,
89978469,2024,1,TAMPA,FL,33611,N,Vehicle in Transport,FL,,N,2011,DODG,,TK,GRY,Minor,5000,N,Driver,N,South,S MANHATTAN AVE,15,,2,,,,,Right Rear Fender,Right Rear Fender,Pickup,"Two-Way, Divided, Unprotected (painted >4 feet) Median",,,,,Motor Vehicle in Transport,Motor Vehicle in Transport,,,,N,Level,Straight,Turning Right,Traffic Control Signal,No Special Function,None,,
89978538,2024,1,WIMAUMA,FL,33598,N,Vehicle in Transport,FL,,N,2020,ACUR,,UT,WHI,Minor,500,N,Driver,N,South,N FLORIDA AVE,20,40,4,,,,,Right Front Fender,Right Front Fender,(Sport) Utility Vehicle,"Two-Way, Not Divided",,,,,Pedalcycle,Pedalcycle,,,,N,Level,Straight,Turning Left,No Controls,No Special Function,None,,
89978934,2024,1,TAMPA,FL,33603,N,Vehicle in Transport,FL,,N,2020,KIA,,UT,GRY,Minor,500,N,Driver,N,East,W COMANCHE AVE,10,25,2,,,,,Right Front Fender,Right Front Fender,(Sport) Utility Vehicle,"Two-Way, Not Divided",,,,,Motor Vehicle in Transport,Motor Vehicle in Transport,,,,N,Level,Straight,Turning Right,Stop Sign,No Special Function,None,,
89979250,2024,1,CHESTER SPRINGS,PA,19425,Y,Vehicle in Transport,PA,,N,2014,KENWO,SEMI TRUCK,SE,BLU,None,0,N,Driver,N,North,WESTSHORE BLVD,5,35,2,N,N,,,Right Rear Fender,Right Rear Fender,"Medium/Heavy Trucks (more than 10,000 lbs (4,536 kg))","Two-Way, Not Divided",Truck Tractor/Semi-Trailer,Interstate Carrier,Cargo Tank,"More than 26,000 lbs (11,793 kg)",Motor Vehicle in Transport,Motor Vehicle in Transport,,,,N,Downhill,Straight,Straight Ahead,No Controls,No Special Function,None,,Y
24027139,2025,1,PORT ORANGE,FL,32127,N,Vehicle in Transport,FL,,N,2021,VOLK,,UT,BLK,Minor,5000,N,Driver,N,West,US1,3,40,4,,,,,Front Right Bumper,Hood,(Sport) Utility Vehicle,"Two-Way, Divided, Positive Median Barrier",,,,,Motor Vehicle in Transport,Motor Vehicle in Transport,Pedestrian,,,N,Level,Straight,Entering Traffic Lane,No Controls,No Special Function,None,,
24497057,2025,1,PEMBROKE PINES,FL,33024-6965,N,Vehicle in Transport,FL,N,N,2021,VOLK,,UT,BLK,Minor,500,N,,N,South,SR 820 (PINES BLVD),3,45,6,,,,,Left Front Door,Left Front Door,(Sport) Utility Vehicle,"Two-Way, Divided, Positive Median Barrier",,,,,Pedalcycle,Pedalcycle,,,,N,Level,Straight,Turning Right,Traffic Control Signal,No Special Function,None,,
25167928,2025,1,HOLLYWOOD,FL,33024,N,Vehicle in Transport,FL,N,N,2017,OTHR,,MCY,BLK,Minor,700,Y,Rotation,N,West,TAFT ST,30,30,4,,,,,Front Center Bumper,Front Center Bumper,Motorcycle,"Two-Way, Not Divided",,,,,Motor Vehicle in Transport,Motor Vehicle in Transport,,,,N,Level,Straight,Straight Ahead,No Controls,No Special Function,Other,,
