REPORT_NUMBER,CRASH_YEAR,PERSON_NUMBER,STATUTE_NUMBER,CHARGE,CITATION_NUMBER
26905982,2024,1,316.083(1),OVERTAKING AND PASSING BICYCLE IMPROPER DISTANCE BETWEEN,AKN6RDE
26920890,2024,1,316.121,FAILED TO YIELD - APPROACH/ENTER INTERSECTION,AKHOCJE
26928234,2024,1,316.075(1)(c)2a,"STEADY RED LIGHT, FAILED TO YIELD TO PEDESTRIAN",AKMY3YE
26928234,2024,1,322.34(10)(b)1,DWLS - FIRST CONVICTION - OPERATING WHILE DL SUSPENDED/CANCE,AKMY3ZE
25167928,2025,1,316.2074-5,"UNLAWFULLY OPERATE ATV ON PUBLIC ROAD, STREET/HWAY",UNKNOWN
26943693,2024,1,316.130(7)(b),FAILED TO YIELD RIGHT-OF-WAY TO PEDESTRIAN AT CROSSWALK WITH,AJIVNRE
27159547,2024,1,316.1925,CARELESS DRIVING,AKGBH9E
27161480,2024,1,316.1925(1),Careless Driving,AK479ME
27167674,2024,1,316.1985(1),BACKING - IMPROPER,A99GM7E
27170600,2024,1,322.1615(2),DL - LEARNER'S DRIVER LICENSE VIOLATION RESTRICTION - PERSON,A99LF2E
27170600,2024,3,322.36,ANY PERSON PERMITTING UNAUTHORIZED PERSON TO DRIVE,A99LF5E
27186575,2024,1,316.121(1),FAILED TO YIELD ENTERING INTERSECTION,AKCKTWE
27192219,2024,1,316.075(1)(a)2,FAILED TO YIELD RIGHT-OF-WAY TO PEDESTRIAN,AKNSRXE
27208022,2024,1,316.121,FAILED TO YIELD - APPROACHING/ENTERING INTERSECTION,AKKYJKE
27208721,2024,1,316.123(2)(a),RAN STOP SIGN/VIOLATION OF RIGHT OF WAY FROM STOP SIGN,AKL1HYE
27209036,2024,1,316.1985(1),BACKING - IMPROPER,AKMMKAE
27209861,2024,3,316.123(2)(a),RAN STOP SIGN/VIOLATION OF RIGHT OF WAY FROM STOP SIGN,AKMPC8E
27211995,2024,1,316.075(1)(c)1,FAIL TO STOP AT STEADY RED SIGNAL,AKPPA1E
27211995,2024,1,316.0875(2),DRIVING ON LEFT SIDE IN NO PASSING ZONE,AKPPA6E
27212089,2024,1,316.075(1)(a)1,FAILED TO YIELD RIGHT-OF-WAY TO PEDESTRIAN,AKPPEWE
27212147,2024,1,316.1925,CARELESS DRIVING,AKPPK2E
84962659,2024,1,316.125(2),FAIL TO STOP EMERGING FROM DRIVEWAY/ALLEY/BUSINESS ENTRANCE,AIIB2TE
84962741,2024,1,316.130(7)(b),FAIL TO STOP FOR PEDESTRIAN IN MARKED CROSSWALK ON ROAD,AHU42FE
88499288,2024,2,316.130(10),PEDESTRIAN FAILED TO YIELD TO TRAFFIC,AIVBPME
88584491,2024,4,316.123(2)(a),RAN STOP SIGN/VIOLATION OF RIGHT OF WAY FROM STOP SIGN,AFBOPAE
89365479,2024,1,316.151(1)(a),IMPROPER RIGHT TURN,AIU18FE
89366217,2024,1,316.1925,CARELESS DRIVING,AJETSQE
89753569,2024,1,316.061(1),CRASH - LEAVING SCENE WITHOUT GIVING INFO MORE THAN $50 DAMA,AI53NLE
89757127,2024,4,316.130(10),PEDESTRIAN FAILED TO YIELD TO TRAFFIC,AIWXZ7E
89859381,2024,1,316.2005,OPENING DOOR INTO MOVING TRAFFIC,ADREOEE
89859436,2024,1,316.151(1)(a),IMPROPER RIGHT TURN,AKFPDFE
89978934,2024,1,316.123(2)(a),RAN STOP SIGN/VIOLATION OF RIGHT OF WAY FROM STOP SIGN,AIUJISE
24497057,2025,1,322.34 (1),UNKNOWINGLY OPERATING VEHICLE WHILE DL SUSPENDED/ CANCELED/R,A33NX1E
