REPORT_NUMBER,CRASH_YEAR,CRASH_DATE_AND_TIME,REPORT_DATE_AND_TIME,INVESTIGATING_AGENCY_REPORT_NUMBER,FORM_TYPE,TOTAL_NUMBER_OF_VEHICLES,TOTAL_NUMBER_OF_PERSONS,COUNTY_CODE,CITY_CODE,COUNTY_NAME,CITY_NAME,RURAL_OR_URBAN,NOTIFIED_TIME,DISPATCHED_TIME,ARRIVED_TIME,CLEARED_TIME,COMPLETED_FLAG,NOTIFIED_BY,ON_STREET_ROAD_HIGHWAY,STREET_ADDRESS_NUMBER,LATITUDE,LONGITUDE,FEET_FROM_INTERSECTION,DIRECTION_FROM_INTERSECTION,FROM_INTERSECTION_OF,MILEPOST_NUMBER,ROAD_SYSTEM_IDENTIFER,TYPE_OF_SHOULDER,TYPE_OF_INTERSECTION,PHOTOS_TAKEN,LIGHT_CONDITION,WEATHER_CONDITION,ROAD_SURFACE_CONDITION,SCHOOL_BUS_RELATED_CODE,TYPE_OF_IMPACT,FIRST_HARMFUL_EVENT,LOCATION,INTERCHANGE_FLAG,JUNCTION_FLAG,ROAD_CIRCUMSTANCES_1,ROAD_CIRCUMSTANCES_2,ROAD_CIRCUMSTANCES_3,ENVIRONMENT_CIRCUMSTANCES_1,ENVIRONMENT_CIRCUMSTANCES_2,ENVIRONMENT_CIRCUMSTANCES_3,WORK_ZONE_RELATED_FLAG,CRASH_IN_WORK_ZONE,TYPE_OF_WORK_ZONE,WORKERS_PRESENT,LAW_ENFORCEMENT_PRESENT,INVESTIGATOR_RANK,INVESTIGATING_AGENCY_NAME,INVESTIGATING_AGENCY_TYPE,LOAD_DATE,UPDATE_DATE,DAYS_TO_LOAD,CODEABLE,S4_CRASH_TYPE,S4_CRASH_TYPE_SIMPLIFIED,S4_CRASH_SEVERITY,S4_CRASH_SEVERITY_DETAIL,S4_DAY_OR_NIGHT,S4_IS_AGGRESSIVE_DRIVING,S4_IS_ALCOHOL_RELATED,S4_IS_CMV_INVOLVED,S4_IS_DISTRACTED,S4_IS_DRUG_RELATED,S4_IS_HIT_AND_RUN,S4_IS_INTERSECTION_RELATED,S4_IS_LANE_DEPARTURE_RELATED,S4_IS_SPEEDING_RELATED,S4_NONE_INJURY_COUNT,S4_INJURY_COUNT,S4_POSSIBLE_INJURY_COUNT,S4_NON_INCAPACITATING_INJURY_COUNT,S4_INCAPACITATING_INJURY_COUNT,S4_FATALITY_COUNT,S4_FATALITY_WITHIN_30_DAYS_COUNT,S4_NON_TRAFFIC_FATALITY_COUNT,S4_TRAILER_COUNT,S4_MOTORCYCLE_COUNT,S4_MOPED_COUNT,S4_NON_MOTORIST_COUNT,S4_BICYCLIST_COUNT,S4_PEDESTRIAN_COUNT,S4_DRIVER_COUNT,S4_AGING_DRIVER_COUNT,S4_TEENAGER_DRIVER_COUNT,S4_PASSENGER_COUNT,S4_UNRESTRAINED_COUNT,S4_UNRESTRAINED_INJURY_COUNT,S4_UNRESTRAINED_INCAPACITATING_INJURY_COUNT,S4_UNRESTRAINED_FATALITY_COUNT,S4_MOTORCYCLIST_COUNT,S4_MOTORCYCLIST_INCAPACITATING_INJURY_COUNT,S4_MOTORCYCLIST_FATALITY_COUNT,S4_IS_PEDESTRIAN_INVOLVED,S4_PEDESTRIAN_INCAPACITATING_INJURY_COUNT,S4_PEDESTRIAN_FATALITY_COUNT,S4_IS_BICYCLIST_INVOLVED,S4_BICYCLIST_INCAPACITATING_INJURY_COUNT,S4_BICYCLIST_FATALITY_COUNT,S4_CITATION_COUNT,S4_CITATION_AMOUNT,S4_PROPERTY_DAMAGE_COUNT,S4_PROPERTY_DAMAGE_AMOUNT,S4_VEHICLE_DAMAGE_COUNT,S4_VEHICLE_DAMAGE_AMOUNT,S4_TOTAL_DAMAGE_AMOUNT,S4_TRANSPORT_BY_EMS_COUNT,S4_TRANSPORT_BY_LAW_ENFORCEMENT_COUNT,S4_TRANSPORT_BY_OTHER_COUNT,S4_GEOLOCATION_STATUS,S4_PRELIMINARY_GEOLOCATION_STATUS,S4_X,S4_Y,S4_LATITUDE,S4_LONGITUDE
24214048,2021,18-APR-2021 05:20 PM,18-APR-2021 12:00 AM,2104180024506,L,1,2,1,66,Miami-Dade,Miami,Urban,4/18/2021 5:24:00 PM,4/18/2021 5:24:00 PM,4/18/2021 5:31:00 PM,4/18/2021 6:40:00 PM,Y,Law Enforcement,S MIAMI AVE,1300,25.761428,-80.193171,,,,,Parking Lot,Paved,Not at Intersection,N,Daylight,Clear,Dry,N,,Pedestrian,On Roadway,N,Through Roadway,None,,,None,,,N,,,,,PSA,Miami Police Department,Police Department (PD),4/21/2021 2:21:00 PM,4/21/2021 2:21:00 PM,3,Y,Pedestrian,Pedestrian,Injury,Possible Injury,DAY,N,N,N,N,N,N,N,N,N,1,1,1,0,0,0,0,0,0,0,0,1,1,0,1,0,0,0,0,0,0,0,0,0,0,N,0,0,Y,0,0,0,0,0,0,0,0,0,0,0,0,Preliminary,Editor Mapped,580909.9219,2849511.0295,25.761423374671,-80.1931681730472
24214501,2021,26-APR-2021 02:45 PM,26-APR-2021 12:00 AM,2104260026175,L,1,2,1,66,Miami-Dade,Miami,Urban,4/26/2021 2:53:00 PM,4/26/2021 2:58:00 PM,4/26/2021 3:14:00 PM,4/26/2021 4:15:00 PM,Y,Law Enforcement,S BAYSHORE DR,,25.741846,-80.218337,0,,S MIAMI AVE,,Local,Paved,Four-Way Intersection,N,Daylight,Clear,Dry,N,,Pedestrian,On Roadway,N,Intersection,None,,,None,,,N,,,,,POLICE OFFICER,Miami Police Department,Police Department (PD),4/27/2021 2:24:00 PM,4/27/2021 2:24:00 PM,1,Y,Pedestrian,Pedestrian,Injury,Possible Injury,DAY,N,N,N,N,N,N,Y,N,N,1,1,1,0,0,0,0,0,0,0,0,1,1,0,1,1,0,0,0,0,0,0,0,0,0,N,0,0,Y,0,0,1,0,0,0,1,500,500,0,0,1,Preliminary,Editor Mapped,578401.4901,2847327.4232,25.7418433644264,-80.2183093834831
24215546,2021,11-MAY-2021 04:45 PM,11-MAY-2021 12:00 AM,2105110029781,L,1,2,1,66,Miami-Dade,Miami,Urban,5/11/2021 4:50:00 PM,5/11/2021 4:53:00 PM,5/11/2021 5:00:00 PM,5/11/2021 5:40:00 PM,Y,Law Enforcement,BISCAYNE BLVD,4200,25.815286,-80.188891,,,NE 42TH ST,,Local,Paved,Other,N,Daylight,Clear,Dry,N,,Other Non-Fixed Object,Off Roadway,N,Driveway/Alley Access Related,Other,,,None,,,N,,,,,OFFICER,Miami Police Department,Police Department (PD),5/13/2021 2:49:00 PM,5/13/2021 2:49:00 PM,2,N,Single Vehicle,Other,No Injury,No Injury,DAY,N,N,N,N,N,N,N,N,N,2,0,0,0,0,0,0,0,0,0,0,1,1,0,1,0,0,0,0,0,0,0,0,0,0,N,0,0,Y,0,0,1,0,0,0,1,1,1,0,0,0,Preliminary,Editor Mapped,581302.3334,2855477.5386,25.815274534453,-80.1888889359156
24218969,2021,11-MAR-2021 07:35 PM,11-MAR-2021 12:00 AM,2021-26602,L,1,4,1,68,Miami-Dade,Miami Beach,Urban,3/11/2021 7:35:00 PM,3/11/2021 7:36:00 PM,3/11/2021 7:43:00 PM,3/11/2021 8:13:00 PM,Y,Law Enforcement,DADE BLVD,,,,0,,MICHIGAN AVE,,Local,Paved,T-Intersection,,Dark - Lighted,Clear,Dry,N,Other,Pedalcycle,On Roadway,N,Intersection-Related,None,,,None,,,N,,,,,,Miami Beach Police Department,Police Department (PD),3/23/2021 3:03:00 PM,3/23/2021 3:03:00 PM,12,Y,Bicycle,Bicycle,Injury,Non-Incapacitating Injury,NIGHT,N,N,N,N,N,N,Y,N,N,3,1,0,1,0,0,0,0,0,0,0,1,1,0,1,0,0,2,0,0,0,0,0,0,0,N,0,0,Y,0,0,0,0,0,0,0,0,0,0,0,0,Preliminary,Editor Mapped,586344.624,2853232.3982,25.79471359596,-80.1387355829691
24219222,2021,20-JAN-2021 11:55 PM,21-JAN-2021 12:00 AM,2021-7150,L,1,3,1,68,Miami-Dade,Miami Beach,Urban,1/20/2021 12:00:00 AM,1/20/2021 12:05:00 AM,1/20/2021 12:10:00 AM,1/20/2021 1:15:00 AM,Y,Law Enforcement,EUCLID AVE,,,,0,,15 ST,,Local,Paved,Four-Way Intersection,,Dark - Not Lighted,Clear,Dry,N,Front to Front,Pedestrian,On Roadway,N,Intersection,None,,,None,,,N,,,,,Det.,Miami Beach Police Department,Police Department (PD),2/2/2021 2:23:00 PM,2/2/2021 2:23:00 PM,13,Y,Pedestrian,Pedestrian,Injury,Non-Incapacitating Injury,NIGHT,N,N,N,N,N,N,Y,N,N,2,1,0,1,0,0,0,0,0,0,0,1,1,0,1,0,0,1,0,0,0,0,0,0,0,N,0,0,Y,0,0,0,0,0,0,1,300,300,1,0,0,Preliminary,Editor Mapped,586691.5844,2852434.1229,25.7874853636732,-80.1353273418791
24219416,2021,15-JAN-2021 05:30 PM,15-JAN-2021 12:00 AM,2021-5287,L,1,2,1,68,Miami-Dade,Miami Beach,Urban,1/15/2021 5:32:00 PM,1/15/2021 6:05:00 PM,1/15/2021 6:10:00 PM,1/15/2021 7:15:00 PM,,Law Enforcement,WASHINGTON AVE,,,,216,North,7TH ST,,Local,Curb,Not at Intersection,,Dark - Lighted,Clear,Dry,N,Other,Motor Vehicle in Transport,On Roadway,N,Non-Junction,None,,,None,,,N,,,,,Off.,Miami Beach Police Department,Police Department (PD),1/25/2021 1:52:00 PM,,10,Y,Single Vehicle,Other,Injury,Non-Incapacitating Injury,DAY,N,N,N,N,N,Y,N,N,N,0,2,1,1,0,0,0,0,0,0,0,2,2,0,0,0,0,0,0,0,0,0,0,0,0,N,0,0,Y,0,0,0,0,0,0,0,0,0,0,0,0,Preliminary,Editor Mapped,586892.5012,2851348.0406,25.777667099716,-80.1333948199854
24219748,2021,03-FEB-2021 04:05 PM,03-FEB-2021 12:00 AM,2021-11984,L,1,2,1,68,Miami-Dade,Miami Beach,Urban,2/3/2021 4:05:00 PM,2/3/2021 4:05:00 PM,2/3/2021 4:05:00 PM,2/3/2021 4:55:00 PM,Y,Law Enforcement,BAY DR,,,,0,,NORMANDY DR (SR 934),,State,Paved,Not at Intersection,,Daylight,Clear,Dry,N,Other,Motor Vehicle in Transport,On Roadway,N,Non-Junction,None,,,None,,,N,,,,,Off.,Miami Beach Police Department,Police Department (PD),2/11/2021 2:28:00 PM,2/11/2021 2:28:00 PM,8,Y,Single Vehicle,Other,Injury,Non-Incapacitating Injury,DAY,N,N,N,N,N,N,N,N,N,1,1,0,1,0,0,0,0,0,0,0,1,1,0,1,1,0,0,0,0,0,0,0,0,0,N,0,0,Y,0,0,1,0,0,0,0,0,0,0,0,0,Preliminary,Editor Mapped,587388.1641,2860005.7388,25.8558082720691,-80.1278795155753
24219910,2021,20-FEB-2021 06:42 PM,20-FEB-2021 12:00 AM,2021-18777,L,1,3,1,68,Miami-Dade,Miami Beach,Urban,2/20/2021 6:43:00 PM,2/20/2021 7:10:00 PM,2/20/2021 7:20:00 PM,2/20/2021 8:00:00 PM,Y,Law Enforcement,ALTON RD (SR 907),,,,69,North,14TH ST,,State,Paved,Not at Intersection,,Dark - Lighted,Clear,Dry,N,Front to Rear,Motor Vehicle in Transport,On Roadway,N,Non-Junction,None,,,None,,,N,,,,,Off.,Miami Beach Police Department,Police Department (PD),3/1/2021 1:58:00 PM,3/1/2021 1:58:00 PM,9,Y,Single Vehicle,Other,Injury,Non-Incapacitating Injury,DAY,N,N,N,N,N,N,N,N,N,1,2,1,1,0,0,0,0,0,0,0,2,2,0,1,0,0,0,0,0,0,0,0,0,0,N,0,0,Y,0,0,1,0,0,0,1,300,300,2,0,0,Preliminary,Editor Mapped,586120.1202,2852195.0009,25.7853600719212,-80.14104223965
24220023,2021,15-OCT-2021 12:03 AM,15-OCT-2021 12:00 AM,2021-95767,L,1,2,1,68,Miami-Dade,Miami Beach,Urban,10/15/2021 12:03:00 AM,10/15/2021 12:15:00 AM,10/15/2021 12:19:00 AM,10/15/2021 3:10:00 AM,Y,Law Enforcement,EUCLID AVE,,,,0,,ESPANOLA WAY,,Local,Curb,Not at Intersection,,Dark - Lighted,Clear,Dry,N,"Sideswipe, Opposite Direction",Motor Vehicle in Transport,On Roadway,N,Non-Junction,None,,,None,,,N,,,,,Off.,Miami Beach Police Department,Police Department (PD),10/25/2021 1:35:00 PM,10/25/2021 1:35:00 PM,10,Y,Single Vehicle,Other,Injury,Possible Injury,NIGHT,N,N,N,N,N,N,N,Y,N,0,2,2,0,0,0,0,0,0,0,1,1,1,0,1,0,0,0,0,0,0,0,0,0,0,N,0,0,Y,0,0,2,0,2,1000,1,500,1500,1,0,0,Preliminary,Editor Mapped,586693.516,2852353.6037,25.7867582338122,-80.135313350176
24221438,2021,07-MAY-2021 04:26 PM,07-MAY-2021 12:00 AM,2021-47484,L,1,2,1,68,Miami-Dade,Miami Beach,Urban,5/7/2021 4:26:00 PM,5/7/2021 4:40:00 PM,5/7/2021 4:48:00 PM,5/7/2021 5:25:00 PM,Y,Law Enforcement,MERIDIAN AVE,,,,45,North,14TH ST,,Local,Paved,Not at Intersection,,Daylight,Cloudy,Wet,N,Front to Rear,Pedestrian,On Roadway,N,Non-Junction,None,,,None,,,N,,,,,,Miami Beach Police Department,Police Department (PD),5/20/2021 2:25:00 PM,,13,Y,Pedestrian,Pedestrian,Injury,Possible Injury,DAY,Y,N,N,N,N,Y,N,N,N,1,1,1,0,0,0,0,0,0,0,0,1,1,0,1,0,0,0,0,0,0,0,0,0,0,N,0,0,Y,0,0,0,0,0,0,0,0,0,0,0,0,Preliminary,Editor Mapped,586586.6964,2852205.0738,25.7854234715795,-80.1363883928415
24222402,2021,16-JUN-2021 03:58 PM,16-JUN-2021 12:00 AM,2021-61375,L,1,2,1,68,Miami-Dade,Miami Beach,Urban,6/16/2021 3:58:00 PM,6/16/2021 4:05:00 PM,6/16/2021 4:15:00 PM,6/16/2021 5:40:00 PM,Y,Law Enforcement,ALTON CT,,,,0,,LINCOLN RD,,Local,Curb,Four-Way Intersection,,Daylight,Rain,Dry,N,,Motor Vehicle in Transport,On Roadway,N,Non-Junction,None,,,None,,,N,,,,,PSS,Miami Beach Police Department,Police Department (PD),6/24/2021 2:22:00 PM,6/24/2021 2:22:00 PM,8,Y,Single Vehicle,Other,Injury,Non-Incapacitating Injury,DAY,N,N,N,N,N,N,N,N,N,1,1,0,1,0,0,0,0,0,0,0,1,1,0,1,0,0,0,0,0,0,0,0,0,0,N,0,0,Y,0,0,1,0,0,0,1,500,500,0,0,0,Preliminary,Editor Mapped,586036.4495,2852751.1861,25.7903868526891,-80.1418405468578
24222451,2021,08-AUG-2021 02:34 PM,08-AUG-2021 12:00 AM,2021-77401,L,1,3,1,68,Miami-Dade,Miami Beach,Urban,8/8/2021 2:34:00 PM,8/8/2021 2:35:00 PM,8/8/2021 2:36:00 PM,8/8/2021 3:13:00 PM,Y,Law Enforcement,WASHINGTON AVE,,,,3,North,14TH ST,,Local,Curb,Four-Way Intersection,,Daylight,Clear,Dry,N,Angle,Motor Vehicle in Transport,On Roadway,N,Intersection,None,,,None,,,N,,,,,Off.,Miami Beach Police Department,Police Department (PD),8/17/2021 1:44:00 PM,8/17/2021 1:44:00 PM,9,Y,Single Vehicle,Other,Injury,Non-Incapacitating Injury,DAY,N,N,N,N,N,N,Y,N,N,1,2,0,2,0,0,0,0,0,0,0,2,2,0,1,1,0,0,0,0,0,0,0,0,0,N,0,0,Y,0,0,1,0,0,0,1,1000,1000,2,0,0,Preliminary,Editor Mapped,587025.5693,2852206.4884,25.7854101944442,-80.1320114010601
24222836,2021,21-NOV-2021 04:25 PM,21-NOV-2021 12:00 AM,2021-106067,L,1,3,1,68,Miami-Dade,Miami Beach,Urban,11/21/2021 4:25:00 PM,11/21/2021 4:25:00 PM,11/21/2021 4:27:00 PM,11/21/2021 5:00:00 PM,Y,Law Enforcement,ALTON RD,,,,0,,8TH STREET,,State,Curb,Four-Way Intersection,,Daylight,Clear,Dry,N,Angle,Pedalcycle,On Roadway,N,Intersection,None,,,None,,,N,,,,,Off.,Miami Beach Police Department,Police Department (PD),11/30/2021 1:45:00 PM,11/30/2021 1:45:00 PM,9,Y,Bicycle,Bicycle,Injury,Non-Incapacitating Injury,DAY,N,N,N,Y,N,N,Y,N,N,2,1,0,1,0,0,0,0,0,0,0,1,1,0,1,0,0,1,0,0,0,0,0,0,0,N,0,0,Y,0,0,1,0,2,800,1,1000,1800,1,0,0,Preliminary,Editor Mapped,586141.491,2851392.2559,25.778110738047,-80.1408813233404
24234974,2021,29-JAN-2021 08:45 PM,29-JAN-2021 12:00 AM,2021-003676,L,1,2,4,64,Pinellas,St. Petersburg,Urban,1/29/2021 8:48:00 PM,1/29/2021 8:50:00 PM,1/29/2021 8:50:00 PM,1/29/2021 8:50:00 PM,Y,Law Enforcement,3RD ST N,,27.771281,-82.637123,42,North,CENTRAL AVE,,Local,Curb,Not at Intersection,Y,Dark - Lighted,Clear,Dry,N,,Pedestrian,On Roadway,N,Non-Junction,None,,,None,,,N,,,,,OFFICER,St. Petersburg Police Department,Police Department (PD),2/19/2021 2:18:00 PM,2/19/2021 2:18:00 PM,21,Y,Pedestrian,Pedestrian,Injury,Non-Incapacitating Injury,NIGHT,N,N,N,N,N,N,N,N,N,1,1,0,1,0,0,0,0,0,1,0,1,1,0,1,0,0,0,0,0,0,0,1,0,0,N,0,0,Y,0,0,0,0,1,0,0,0,0,0,0,0,Preliminary,Editor Mapped,338682.8505,3072943.2359,27.771306119198,-82.6371232611712
24236158,2021,31-MAR-2021 08:24 PM,27-MAY-2021 12:00 AM,2021-011939,L,1,2,4,64,Pinellas,St. Petersburg,Urban,3/31/2021 8:34:00 PM,3/31/2021 8:35:00 PM,3/31/2021 8:39:00 PM,3/31/2021 8:39:00 PM,Y,Law Enforcement,76TH AVE N,,27.841233,-82.634665,0,,1ST ST N,,Local,Curb,Four-Way Intersection,Y,Dark - Lighted,Clear,Dry,N,,Pedestrian,On Roadway,N,Intersection,None,,,None,,,N,,,,,OFC,St. Petersburg Police Department,Police Department (PD),4/2/2021 3:28:00 PM,6/4/2021 2:41:00 PM,2,Y,Pedestrian,Pedestrian,Injury,Possible Injury,NIGHT,N,N,N,N,N,N,Y,N,N,1,1,1,0,0,0,0,0,0,0,0,1,1,0,1,1,0,0,0,0,0,0,0,0,0,N,0,0,Y,0,0,0,0,1,200,0,0,200,0,0,0,Preliminary,Editor Mapped,339037.2443,3080689.6044,27.8412508460342,-82.6345740438122
24238735,2021,17-JUL-2021 04:24 PM,17-JUL-2021 12:00 AM,2021-026673,L,1,3,4,64,Pinellas,St. Petersburg,Urban,7/17/2021 4:24:00 PM,7/17/2021 4:25:00 PM,7/17/2021 4:26:00 PM,7/17/2021 5:00:00 PM,Y,Law Enforcement,18TH AVE S,,27.752088,-82.64675,45,West,9TH ST S,,Local,Curb,Not at Intersection,N,Daylight,Clear,Dry,N,,Pedalcycle,On Roadway,N,Intersection-Related,None,,,None,,,N,,,,,OFFICER,St. Petersburg Police Department,Police Department (PD),7/28/2021 2:10:00 PM,7/28/2021 2:10:00 PM,11,Y,Bicycle,Bicycle,Injury,Possible Injury,DAY,N,N,N,N,N,N,Y,N,N,2,1,1,0,0,0,0,0,0,0,0,1,1,0,1,0,0,1,0,0,0,0,0,0,0,N,0,0,Y,0,0,1,0,0,0,1,300,300,1,0,0,Preliminary,Editor Mapped,337705.4754,3070824.9975,27.7520736119006,-82.6467510301552
24240381,2021,27-SEP-2021 12:00 PM,27-SEP-2021 12:00 AM,2021-036126,L,1,2,4,64,Pinellas,St. Petersburg,Urban,9/27/2021 12:00:00 PM,9/27/2021 12:00:00 PM,9/27/2021 12:05:00 PM,9/27/2021 12:30:00 PM,Y,Law Enforcement,28TH ST N,,27.781061,-82.671229,0,,9TH AVE N,,Local,Curb,Four-Way Intersection,N,Daylight,Clear,Dry,N,,Pedestrian,On Roadway,N,Intersection,None,,,None,,,N,,,,,OFC,St. Petersburg Police Department,Police Department (PD),10/20/2021 1:47:00 PM,10/20/2021 1:47:00 PM,23,Y,Pedestrian,Pedestrian,Injury,Non-Incapacitating Injury,DAY,N,N,N,N,N,N,Y,N,N,1,1,0,1,0,0,0,0,0,0,0,1,1,0,1,0,0,0,0,0,0,0,0,0,0,N,0,0,Y,0,0,0,0,1,100,1,500,600,1,0,0,Preliminary,Editor Mapped,335341.2365,3074067.8014,27.7810481763496,-82.6711790445662
24250272,2021,10-FEB-2021 06:44 PM,10-FEB-2021 12:00 AM,21-001380,L,1,2,19,46,Brevard,Palm Bay,Urban,2/10/2021 6:44:00 PM,2/10/2021 6:44:00 PM,2/10/2021 6:45:00 PM,2/10/2021 8:00:00 PM,Y,Law Enforcement,BANKS ST NW,,28.027495,-80.695863,26,East,JUPITER BLVD NW,,Local,Unpaved,Four-Way Intersection,N,Dark - Not Lighted,Cloudy,Dry,N,,Pedalcycle,On Roadway,N,Intersection,None,,,None,,,N,,,,,TRAFFIC OFFICER,Palm Bay Police Department,Police Department (PD),2/11/2021 2:28:00 PM,,1,Y,Bicycle,Bicycle,Serious Injury,Incapacitating Injury,DAY,N,N,N,N,N,N,Y,N,N,1,1,0,0,1,0,0,0,0,0,0,1,1,0,1,0,0,0,0,0,0,0,0,0,0,N,0,0,Y,1,0,0,0,0,0,1,500,500,1,0,0,Preliminary,Editor Mapped,529897.0489,3100281.6795,28.0274611762682,-80.6958524509572
24251336,2021,28-JUN-2021 01:09 PM,28-JUN-2021 12:00 AM,21-005855,L,1,2,19,46,Brevard,Palm Bay,Urban,6/28/2021 1:09:00 PM,6/28/2021 1:11:00 PM,6/28/2021 1:23:00 PM,6/28/2021 1:48:00 PM,Y,Law Enforcement,PALM BAY RD NE,,28.035335,-80.620642,281,West,WINDWOOD DR NE,,County,Curb,T-Intersection,N,Daylight,Clear,Dry,N,,Pedalcycle,On Roadway,N,Intersection,None,,,None,,,N,,,,,OFC,Palm Bay Police Department,Police Department (PD),6/29/2021 1:44:00 PM,6/29/2021 1:44:00 PM,1,N,Bicycle,Bicycle,No Injury,No Injury,DAY,N,N,N,N,N,N,Y,N,N,2,0,0,0,0,0,0,0,0,0,0,1,1,0,1,1,0,0,0,0,0,0,0,0,0,N,0,0,Y,0,0,0,0,0,0,1,50,50,0,0,0,Preliminary,Editor Mapped,537288.1111,3101174.6373,28.035334960532,-80.620634916787
24263782,2021,10-JUN-2021 04:50 PM,11-JUN-2021 12:00 AM,20210008645,S,1,1,6,94,Palm Beach,West Palm Beach,Urban,6/10/2021 4:50:00 PM,6/10/2021 4:53:00 PM,6/10/2021 5:00:00 PM,6/10/2021 5:45:00 PM,Y,Law Enforcement,N AUSTRALIAN,2619,,,,,,,Parking Lot,Paved,Not at Intersection,Y,Daylight,Clear,Dry,N,Angle,Motor Vehicle in Transport,In Parking Lane or Zone,N,Driveway/Alley Access Related,None,,,None,,,N,,,,,OFFICER,West Palm Beach Police Department,Police Department (PD),6/15/2021 2:26:00 PM,,5,N,Single Vehicle,Other,No Injury,No Injury,DAY,N,N,N,N,N,N,N,N,N,1,0,0,0,0,0,0,0,0,0,0,1,1,0,0,0,0,0,0,0,0,0,0,0,0,N,0,0,Y,0,0,0,0,0,0,1,500,500,0,0,0,Unmapped,Unmapped,,,,
24267942,2021,18-MAY-2021 03:36 PM,18-MAY-2021 12:00 AM,342105083341,L,1,2,10,38,Broward,Fort Lauderdale,Urban,5/18/2021 3:36:00 PM,5/18/2021 3:37:00 PM,5/18/2021 3:40:00 PM,5/18/2021 4:14:00 PM,Y,Law Enforcement,N ANDREWS AVE,1600,,,0,,,,Local,Paved,Not at Intersection,N,Daylight,Clear,Dry,N,Angle,Motor Vehicle in Transport,On Roadway,N,Non-Junction,None,,,None,,,N,,,,,OFFICER,Fort Lauderdale Police Department,Police Department (PD),5/20/2021 2:25:00 PM,5/20/2021 2:25:00 PM,2,Y,Single Vehicle,Other,Injury,Possible Injury,DAY,N,N,N,N,N,N,N,N,N,1,1,1,0,0,0,0,0,0,0,0,1,1,0,1,0,0,0,0,0,0,0,0,0,0,N,0,0,Y,0,0,0,0,0,0,1,1000,1000,1,0,0,Preliminary,Editor Mapped,585508.7365,2892293.0542,26.1474370503968,-80.144525111711
24270898,2021,29-AUG-2021 08:12 PM,29-AUG-2021 12:00 AM,342108144285,L,1,1,10,38,Broward,Fort Lauderdale,Urban,8/29/2021 8:12:00 PM,8/29/2021 8:13:00 PM,8/29/2021 8:16:00 PM,8/29/2021 9:00:00 PM,Y,Law Enforcement,SR 838,,,,0,,NW 15TH AV,,State,Curb,T-Intersection,N,Dark - Lighted,Clear,Dry,N,Angle,Pedalcycle,On Roadway,N,Intersection,None,,,None,,,N,,,,,PUBLIC SERVICE AIDE,Fort Lauderdale Police Department,Police Department (PD),9/2/2021 1:40:00 PM,9/2/2021 1:40:00 PM,4,Y,Bicycle,Bicycle,Injury,Non-Incapacitating Injury,NIGHT,N,N,N,N,N,Y,Y,N,N,0,1,0,1,0,0,0,0,0,0,0,1,1,0,0,0,0,0,0,0,0,0,0,0,0,N,0,0,Y,0,0,0,0,1,100,0,0,100,1,0,0,Preliminary,Editor Mapped,583757.6031,2891090.8915,26.1366860397053,-80.1621203611638
24271252,2021,10-SEP-2021 08:27 AM,10-SEP-2021 12:00 AM,342109150716,L,1,2,10,38,Broward,Fort Lauderdale,Urban,9/10/2021 8:27:00 AM,9/10/2021 8:27:00 AM,9/10/2021 8:30:00 AM,9/10/2021 9:00:00 AM,Y,Law Enforcement,NW 62ND ST,2000,,,6,West,,,State,Curb,Not at Intersection,N,Daylight,Clear,Dry,N,Angle,Motor Vehicle in Transport,On Roadway,N,Driveway/Alley Access Related,None,,,None,,,N,,,,,OFFICER,Fort Lauderdale Police Department,Police Department (PD),9/23/2021 1:43:00 PM,,13,Y,Single Vehicle,Other,Injury,Non-Incapacitating Injury,DAY,N,N,N,N,N,N,N,N,N,1,1,0,1,0,0,0,0,0,0,0,1,1,0,1,0,0,0,0,0,0,0,0,0,0,N,0,0,Y,0,0,0,0,1,1000,1,2000,3000,1,0,0,Verified,n/a,584353.2153,2898456.6247,26.2031540026402,-80.1556837194574
24273740,2021,01-DEC-2021 08:30 AM,01-DEC-2021 12:00 AM,342112199049,L,1,2,10,38,Broward,Fort Lauderdale,Urban,12/1/2021 8:31:00 AM,12/1/2021 8:53:00 AM,12/1/2021 9:07:00 AM,12/1/2021 10:11:00 AM,Y,Law Enforcement,SE 1ST AV,,,,234,South,SE 14TH ST,,Local,Curb,Not at Intersection,N,Daylight,Clear,Dry,N,Other,Pedalcycle,On Roadway,N,Non-Junction,None,,,None,,,N,,,,,PUBLIC SERVICE AIDE,Fort Lauderdale Police Department,Police Department (PD),12/4/2021 1:35:00 PM,12/4/2021 1:35:00 PM,3,Y,Bicycle,Bicycle,Injury,Possible Injury,DAY,N,N,N,N,N,N,N,N,N,1,1,1,0,0,0,0,0,0,0,0,1,1,0,1,0,0,0,0,0,0,0,0,0,0,N,0,0,Y,0,0,0,0,0,0,1,1000,1000,0,0,0,Preliminary,Editor Mapped,585790.1354,2887638.5607,26.1053963463741,-80.1420171571245
24275209,2021,04-JAN-2021 01:00 PM,04-JAN-2021 12:00 AM,21-004592,L,1,2,18,0,Lee,Unincorporated,Rural,1/4/2021 1:00:00 PM,1/4/2021 1:02:00 PM,1/4/2021 1:11:00 PM,1/4/2021 2:22:00 PM,Y,Law Enforcement,WINGED FOOT DR,,26.484878,-81.806501,107,East,LEBANON RD,,Local,Unpaved,Not at Intersection,N,Daylight,Clear,Dry,N,,Pedalcycle,On Roadway,N,Non-Junction,None,,,None,,,N,,,,,DEPUTY FIRST CLASS,Lee County Sheriff's Office,Sheriff's Office (SO),1/5/2021 2:37:00 PM,1/5/2021 2:37:00 PM,1,Y,Bicycle,Bicycle,Injury,Non-Incapacitating Injury,DAY,N,N,N,N,N,N,N,Y,N,1,1,0,1,0,0,0,0,0,0,0,1,1,0,1,0,0,0,0,0,0,0,0,0,0,N,0,0,Y,0,0,0,0,0,0,1,100,100,0,0,0,Preliminary,Editor Mapped,419620.4038,2929635.416,26.4848807039831,-81.8064957055242
24285992,2021,19-OCT-2021 11:10 PM,19-OCT-2021 12:00 AM,2111338,L,1,3,24,0,St. Lucie,Unincorporated,Rural,10/19/2021 11:10:00 PM,10/19/2021 11:19:00 PM,10/19/2021 11:33:00 PM,10/19/2021 12:06:00 AM,Y,Law Enforcement,C.R.712 (E MIDWAY RD),,,,200,West,GERMANI DR,,County,Paved,Not at Intersection,Y,Dark - Lighted,Clear,Dry,N,Angle,Pedestrian,On Roadway,N,Non-Junction,None,,,None,,,N,,,,,DEPUTY,St. Lucie County Sheriff's Office,Sheriff's Office (SO),10/23/2021 1:39:00 PM,10/23/2021 1:39:00 PM,4,Y,Pedestrian,Pedestrian,Injury,Non-Incapacitating Injury,NIGHT,N,N,N,N,N,N,N,Y,N,0,3,0,3,0,0,0,0,0,1,0,1,1,0,1,0,0,1,0,0,0,0,2,0,0,N,0,0,Y,0,0,0,0,0,0,1,1000,1000,0,0,0,Preliminary,Editor Mapped,567208.944,3028059.7742,27.3741462017484,-80.320339616744
24287086,2021,02-MAR-2021 11:50 PM,01-MAR-2021 12:00 AM,2021-009080,L,1,3,5,56,Polk,Mulberry,Urban,3/2/2021 11:50:00 PM,3/2/2021 11:50:00 PM,3/2/2021 11:54:00 PM,3/2/2021 1:40:00 AM,Y,Law Enforcement,NORTH CHURCH AVENUE (SR 37) /WEST CARTER ROAD,,,,76,South,WEST CARTER ROAD,,State,Paved,T-Intersection,Y,Dark - Lighted,Clear,Dry,N,Front to Front,Motor Vehicle in Transport,On Roadway,N,Non-Junction,None,,,None,,,N,,,,,Dep.,Polk County Sheriff's Office,Sheriff's Office (SO),3/9/2021 2:39:00 PM,3/9/2021 2:39:00 PM,7,Y,Single Vehicle,Other,Injury,Non-Incapacitating Injury,NIGHT,N,N,N,N,N,N,N,Y,N,2,1,0,1,0,0,0,0,0,0,0,1,1,0,1,0,0,1,0,0,0,0,0,0,0,N,0,0,Y,0,0,0,0,0,0,1,1000,1000,1,0,0,Preliminary,Editor Mapped,404175.798,3090334.8548,27.934560040903,-81.973976264211
24304973,2021,10-MAR-2021 06:04 PM,10-MAR-2021 12:00 AM,CW21-29505,L,1,3,4,36,Pinellas,Clearwater,Urban,3/10/2021 6:04:00 PM,3/10/2021 6:05:00 PM,3/10/2021 6:09:00 PM,3/10/2021 7:00:00 PM,Y,Law Enforcement,SUNSET POINT RD,1227,27.989978,-82.786227,32,West,,,Parking Lot,Curb,Not at Intersection,N,Daylight,Clear,Dry,N,,Pedalcycle,Off Roadway,N,Non-Junction,None,,,None,,,N,,,,,OFFICER,Clearwater Police Department,Police Department (PD),3/16/2021 2:30:00 PM,3/16/2021 2:30:00 PM,6,Y,Bicycle,Bicycle,Injury,Non-Incapacitating Injury,DAY,N,N,N,N,N,N,N,N,N,2,1,0,1,0,0,0,0,0,0,0,1,1,0,1,0,0,1,0,0,0,0,0,0,0,N,0,0,Y,0,0,0,0,0,0,1,1000,1000,0,0,0,Preliminary,Editor Mapped,324338.0901,3097382.1021,27.9900190695499,-82.7862610591192
24305256,2021,05-APR-2021 08:15 AM,05-APR-2021 12:00 AM,CW21-41218,S,1,2,4,36,Pinellas,Clearwater,Urban,4/5/2021 8:18:00 AM,4/5/2021 8:21:00 AM,4/5/2021 8:27:00 AM,4/5/2021 9:00:00 AM,Y,Law Enforcement,EDGEWATER DR,,27.994393,-82.794678,80,South,GRANADA ST,,Local,Curb,Not at Intersection,N,Daylight,Clear,Dry,N,,Pedalcycle,On Roadway,N,Non-Junction,None,,,None,,,N,,,,,OFFICER,Clearwater Police Department,Police Department (PD),4/9/2021 2:23:00 PM,,4,Y,Bicycle,Bicycle,No Injury,No Injury,DAY,N,N,N,N,N,Y,N,N,N,2,0,0,0,0,0,0,0,0,0,0,1,1,0,1,0,0,0,0,0,0,0,0,0,0,N,0,0,Y,0,0,0,0,1,100,0,0,100,0,0,0,Preliminary,Officer Mapped,323517.6606,3097878.3679,27.9943882070099,-82.79467464857
24305643,2021,10-MAY-2021 04:00 PM,10-MAY-2021 12:00 AM,CW21-57343,L,1,2,4,36,Pinellas,Clearwater,Urban,5/10/2021 4:00:00 PM,5/10/2021 4:00:00 PM,5/10/2021 4:00:00 PM,5/10/2021 5:12:00 PM,Y,Law Enforcement,VINE AVE,,27.969101,-82.794897,0,,JONES ST,,Local,Paved,Four-Way Intersection,Y,Daylight,Clear,Dry,N,,Pedalcycle,On Roadway,N,Intersection,None,,,None,,,N,,,,,OFC,Clearwater Police Department,Police Department (PD),5/12/2021 2:35:00 PM,,2,Y,Bicycle,Bicycle,Serious Injury,Incapacitating Injury,DAY,N,N,N,N,N,N,Y,N,N,1,1,0,0,1,0,0,0,1,0,0,1,1,0,1,0,0,0,0,0,0,0,0,0,0,N,0,0,Y,1,0,1,0,1,200,1,200,400,1,0,0,Preliminary,Editor Mapped,323453.8553,3095078.3457,27.9691154933181,-82.7949047454995
24321017,2021,15-FEB-2021 02:50 PM,24-FEB-2021 12:00 AM,282102004659,L,2,4,10,40,Broward,Hallandale Beach,Urban,2/15/2021 2:50:00 PM,2/15/2021 2:50:00 PM,2/15/2021 2:50:00 PM,2/15/2021 3:19:00 PM,Y,Law Enforcement,S OCEAN DR,,,,580,South,LA MER,,State,Curb,T-Intersection,N,Daylight,Clear,Dry,N,Other,Motor Vehicle in Transport,On Roadway,N,Non-Junction,None,,,None,,,N,,,,,CIVILIAN,Hallandale Beach Police Department,Police Department (PD),2/18/2021 2:28:00 PM,2/26/2021 2:18:00 PM,3,Y,Other,Other,Injury,Possible Injury,DAY,N,N,N,N,N,N,N,N,N,1,3,3,0,0,0,0,0,0,0,0,1,1,0,2,0,0,1,0,0,0,0,0,0,0,N,0,0,Y,0,0,3,0,0,0,2,150000,150000,1,0,0,Preliminary,Editor Mapped,588113.8229,2873997.9037,25.9820983499218,-80.1197004725878
24321513,2021,28-MAY-2021 09:45 AM,28-MAY-2021 12:00 AM,282105015111,L,1,3,10,40,Broward,Hallandale Beach,Urban,5/28/2021 9:45:00 AM,5/28/2021 9:45:00 AM,5/28/2021 9:45:00 AM,5/28/2021 10:15:00 AM,Y,Law Enforcement,S FEDERAL HWY,,,,0,,SE 9TH ST,,U.S.,Curb,T-Intersection,N,Daylight,Clear,Dry,N,Other,Pedalcycle,Off Roadway,N,Non-Junction,None,,,None,,,N,,,,,OFFICER,Hallandale Beach Police Department,Police Department (PD),6/1/2021 1:58:00 PM,6/1/2021 1:58:00 PM,4,Y,Bicycle,Bicycle,Injury,Possible Injury,DAY,N,N,N,N,N,N,N,N,N,2,1,1,0,0,0,0,0,0,0,0,1,1,0,1,1,0,1,0,0,0,0,0,0,0,N,0,0,Y,0,0,0,0,0,0,1,5000,5000,1,0,0,Preliminary,Editor Mapped,585909.7249,2873350.2817,25.9763833384596,-80.1417609304786
24325749,2021,04-MAR-2021 11:07 AM,13-APR-2021 08:22 AM,132147,L,1,2,2,38,Duval,Jacksonville,Urban,3/4/2021 11:08:00 AM,3/4/2021 11:09:00 AM,3/4/2021 11:15:00 AM,3/4/2021 12:00:00 PM,Y,Law Enforcement,CENTAURI RD,,30.254,-81.76844,,,SPRITE RD,,Local,Curb,Not at Intersection,N,Daylight,Clear,Dry,N,Other,Pedestrian,Off Roadway,N,Non-Junction,None,,,None,,,N,,,,,OFFICER,Jacksonville Sheriff's Office,Sheriff's Office (SO),3/5/2021 2:35:00 PM,5/4/2021 2:38:00 PM,1,Y,Pedestrian,Pedestrian,Injury,Possible Injury,DAY,N,N,N,N,N,N,N,N,N,1,1,1,0,0,0,0,0,0,0,0,1,1,0,1,0,0,0,0,0,0,0,0,0,0,N,0,0,Y,0,0,0,0,0,0,0,0,0,1,0,0,Preliminary,Editor Mapped,425952.959,3347157.4368,30.2537805717275,-81.7696975640338
24334074,2021,15-MAR-2021 03:05 PM,15-MAR-2021 12:00 AM,210004766,L,3,5,8,30,Volusia,Daytona Beach,Urban,3/15/2021 3:05:00 PM,3/15/2021 3:09:00 PM,3/15/2021 3:12:00 PM,3/15/2021 3:51:00 PM,N,Law Enforcement,W INTERNATIONAL SPEEDWAY BLVD,,29.196318,-81.057268,113,West,CORSAIR DR,,U.S.,Curb,Not at Intersection,N,Daylight,Clear,Dry,N,"Sideswipe, Same Direction",Motor Vehicle in Transport,On Roadway,N,Non-Junction,None,,,None,,,N,,,,,OFFICER,Daytona Beach Police Department,Police Department (PD),5/12/2021 2:35:00 PM,5/12/2021 2:35:00 PM,58,Y,Same Direction Sideswipe,Sideswipe,No Injury,No Injury,DAY,N,N,N,N,N,Y,N,Y,N,5,0,0,0,0,0,0,0,0,0,0,1,1,0,2,0,0,2,0,0,0,0,0,0,0,N,0,0,Y,0,0,0,0,1,750,3,3501,4251,0,0,0,Preliminary,Editor Mapped,494432.8836,3229737.375,29.1963155754168,-81.0572658276348
24334697,2021,30-APR-2021 09:15 AM,30-APR-2021 12:00 AM,210007897,L,1,2,8,30,Volusia,Daytona Beach,Urban,4/30/2021 9:15:00 AM,4/30/2021 9:21:00 AM,4/30/2021 9:26:00 AM,4/30/2021 10:15:00 AM,Y,Law Enforcement,W INTERNATIONAL SPEEDWAY BLVD,,29.179534,-81.080485,130,North,THAMES RD,,U.S.,Curb,Not at Intersection,N,Daylight,Clear,Dry,N,,Pedalcycle,On Roadway,N,Intersection-Related,None,,,None,,,N,,,,,OFC,Daytona Beach Police Department,Police Department (PD),5/7/2021 2:22:00 PM,5/7/2021 2:22:00 PM,7,Y,Bicycle,Bicycle,No Injury,No Injury,DAY,N,N,N,N,N,N,Y,N,N,2,0,0,0,0,0,0,0,0,0,0,1,1,0,1,1,0,0,0,0,0,0,0,0,0,N,0,0,Y,0,0,0,0,0,0,1,500,500,0,0,0,Preliminary,Editor Mapped,492173.7036,3227878.3626,29.1795247157345,-81.0804916374773
24335573,2021,03-JUL-2021 03:24 PM,03-JUL-2021 12:00 AM,210012566,L,1,2,8,30,Volusia,Daytona Beach,Urban,7/3/2021 3:24:00 PM,7/3/2021 3:25:00 PM,7/3/2021 3:34:00 PM,7/3/2021 3:38:00 PM,Y,Law Enforcement,TRIXIE ST,,,,0,,RIDGEWOOD AVE S,,Local,Paved,Not at Intersection,N,Daylight,Cloudy,Dry,N,,Pedestrian,On Roadway,N,Non-Junction,None,,,None,,,N,,,,,OFFICER,Daytona Beach Police Department,Police Department (PD),7/28/2021 2:09:00 PM,7/28/2021 2:09:00 PM,25,Y,Pedestrian,Pedestrian,Injury,Non-Incapacitating Injury,DAY,N,N,N,N,N,N,N,N,N,1,1,0,1,0,0,0,0,0,0,0,1,1,0,1,0,0,0,0,0,0,0,0,0,0,N,0,0,Y,0,0,0,0,0,0,1,200,200,0,0,1,Preliminary,Editor Mapped,499079.3733,3228545.537,29.1855703032985,-81.0094689881485
24349623,2021,25-MAR-2021 06:50 PM,25-MAR-2021 12:00 AM,PD210325094595,L,1,3,1,0,Miami-Dade,Unincorporated,Rural,3/25/2021 6:50:00 PM,3/25/2021 6:51:00 PM,3/25/2021 6:54:00 PM,3/25/2021 9:37:00 PM,Y,Law Enforcement,SW 132ND TER,,,,18,East,SW 129TH AVE,,County,Paved,Not at Intersection,,Daylight,Clear,Dry,N,Angle,Pedalcycle,On Roadway,N,Other,None,None,None,None,,,N,,,,,OFC.,Miami-Dade Police Department,Police Department (PD),4/20/2021 2:28:00 PM,4/20/2021 2:28:00 PM,26,Y,Bicycle,Bicycle,Injury,Non-Incapacitating Injury,DAY,N,N,N,N,N,N,N,N,N,1,2,0,2,0,0,0,0,0,0,0,2,2,0,1,0,0,0,0,0,0,0,0,0,0,N,0,0,Y,0,0,0,0,4,400,1,500,900,2,0,0,Preliminary,Editor Mapped,559795.0902,2836455.88,25.6445534809417,-80.4043011529073
24352690,2021,07-MAY-2021 04:10 PM,07-MAY-2021 12:00 AM,PD210507143819,L,1,3,1,0,Miami-Dade,Unincorporated,Rural,5/7/2021 4:13:00 PM,5/7/2021 4:14:00 PM,5/7/2021 4:16:00 PM,5/7/2021 4:50:00 PM,Y,Law Enforcement,SW 142ND AVE,,,,42,South,COUNTRY WALK,,County,Paved,T-Intersection,,Daylight,Clear,Dry,N,Angle,Motor Vehicle in Transport,On Roadway,N,Non-Junction,None,,,None,,,N,,,,,OFC.,Miami-Dade Police Department,Police Department (PD),5/22/2021 2:20:00 PM,,15,Y,Single Vehicle,Other,Injury,Possible Injury,DAY,N,N,N,N,N,N,N,N,N,2,1,1,0,0,0,0,0,0,0,0,1,1,0,1,0,0,1,0,0,0,0,0,0,0,N,0,0,Y,0,0,1,0,1,50,1,500,550,0,0,0,Preliminary,Editor Mapped,557920.1778,2834668.3114,25.628486988164,-80.4230564830396
24353272,2021,22-APR-2021 03:49 PM,22-APR-2021 12:00 AM,PD210422126316,L,1,2,1,0,Miami-Dade,Unincorporated,Rural,4/22/2021 3:52:00 PM,4/22/2021 3:53:00 PM,4/22/2021 4:05:00 PM,4/22/2021 5:00:00 PM,Y,Motorist,NW 79TH STREET,,,,,,NW 35TH AVENUE,,County,Paved,T-Intersection,,Daylight,Clear,Dry,N,Other,Overturn/Rollover,On Roadway,N,Non-Junction,None,,,None,,,N,,,,,OFC.,Miami-Dade Police Department,Police Department (PD),5/3/2021 2:07:00 PM,5/3/2021 2:07:00 PM,11,Y,Rollover,Rollover,Injury,Possible Injury,DAY,N,N,N,N,N,N,N,N,N,1,1,1,0,0,0,0,0,0,0,0,1,1,0,1,0,0,0,0,0,0,0,0,0,0,N,0,0,Y,0,0,1,0,1,400,1,100,500,0,0,0,Unmapped,Unmapped,,,,
24355045,2021,08-MAY-2021 08:50 PM,08-MAY-2021 12:00 AM,PD210508145292,L,1,2,1,0,Miami-Dade,Unincorporated,Rural,5/8/2021 9:32:00 PM,5/8/2021 9:50:00 PM,5/8/2021 9:49:00 PM,5/8/2021 12:11:00 PM,Y,Law Enforcement,MIAMI GARDENS DR,7600,,,156,East,,,County,Paved,Not at Intersection,,Dark - Lighted,Clear,Dry,N,Angle,Pedalcycle,In Parking Lane or Zone,N,Non-Junction,None,,,None,,,N,,,,,OFC.,Miami-Dade Police Department,Police Department (PD),5/18/2021 2:39:00 PM,,10,Y,Bicycle,Bicycle,Injury,Possible Injury,NIGHT,N,N,N,N,N,N,N,N,N,1,1,1,0,0,0,0,0,0,0,0,1,1,0,1,0,0,0,0,0,0,0,0,0,0,N,0,0,Y,0,0,0,0,2,200,0,0,200,0,0,0,Verified,n/a,567644.3366,2869465.5271,25.9422738723245,-80.3244211767503
24376229,2021,07-NOV-2021 02:00 PM,07-NOV-2021 12:00 AM,PD211107355872,L,1,2,1,0,Miami-Dade,Unincorporated,Urban,11/7/2021 4:29:00 PM,11/7/2021 4:29:00 PM,11/7/2021 5:14:00 PM,11/7/2021 6:14:00 PM,,Law Enforcement,COLLINS AVENUE,,,,144,North,NE 156TH STREET,,U.S.,Unpaved,Not at Intersection,,Unknown,Other,Unknown,N,Unknown,Other Non-Fixed Object,Unknown,,Unknown,Unknown,,,Unknown,,,N,,,,,OFC.,Miami-Dade Police Department,Police Department (PD),2/22/2022 1:37:00 PM,2/22/2022 1:37:00 PM,107,Y,Single Vehicle,Other,Injury,Possible Injury,DAY,N,N,N,N,N,Y,N,N,N,1,1,1,0,0,0,0,0,0,0,0,1,1,0,1,0,0,0,0,0,0,0,0,0,0,N,0,0,Y,0,0,0,0,0,0,0,0,0,0,0,0,Preliminary,Editor Mapped,587885.584,2867580.9707,25.9241746462857,-80.1224101994489
24381052,2021,03-DEC-2021 08:17 AM,03-DEC-2021 12:00 AM,PD211203385340,L,1,2,1,0,Miami-Dade,Unincorporated,Urban,12/3/2021 8:17:00 AM,12/3/2021 8:18:00 AM,12/3/2021 8:40:00 AM,12/3/2021 8:17:00 AM,Y,Law Enforcement,SW 117TH AVE,,,,6,South,SW 344TH ST,,County,Paved,T-Intersection,,Daylight,Clear,Dry,N,Angle,Motor Vehicle in Transport,On Roadway,N,Non-Junction,None,None,None,None,None,None,N,,,,,OFC.,Miami-Dade Police Department,Police Department (PD),12/17/2021 1:43:00 PM,12/17/2021 1:43:00 PM,14,N,Single Vehicle,Other,No Injury,No Injury,DAY,N,N,N,N,N,N,N,N,N,2,0,0,0,0,0,0,0,0,0,0,1,1,0,1,0,0,0,0,0,0,0,0,0,0,N,0,0,Y,0,0,0,0,2,30,1,1,31,0,0,0,Preliminary,Editor Mapped,562387.3142,2814731.0411,25.4482729437307,-80.3794885163423
24402782,2021,21-APR-2021 09:50 AM,21-APR-2021 10:16 AM,SAPD21CAD011703,L,1,3,20,50,St. Johns,St. Augustine,Urban,4/21/2021 10:00:00 AM,4/21/2021 10:01:00 AM,4/21/2021 10:05:00 AM,4/21/2021 10:30:00 AM,Y,Law Enforcement,RIBERIA ST,,29.87781,-81.31235,45,East,CERRO ST,,Local,Unpaved,Other,Y,Daylight,Clear,Dry,N,Angle,Pedalcycle,On Roadway,Y,Other,None,,,Physical Obstruction(s),,,N,,,,,PATROLMAN,St. Augustine Police Department,Police Department (PD),4/23/2021 2:27:00 PM,4/23/2021 2:27:00 PM,2,Y,Bicycle,Bicycle,Injury,Non-Incapacitating Injury,DAY,N,N,N,N,N,N,N,N,N,2,1,0,1,0,0,0,0,0,0,0,1,1,0,1,0,0,1,0,0,0,0,0,0,0,N,0,0,Y,0,0,0,0,1,100,1,250,350,0,0,0,Preliminary,Editor Mapped,469438.3347,3306068.9919,29.884859213082,-81.3165074226056
24410367,2021,17-JUN-2021 02:45 PM,17-JUN-2021 12:00 AM,2106-00043313,S,1,4,19,54,Brevard,Titusville,Urban,6/17/2021 2:45:00 PM,6/17/2021 2:47:00 PM,6/17/2021 2:48:00 PM,6/17/2021 3:17:00 PM,Y,Law Enforcement,PARK LN,,,,0,,SOUTH HOPKINS AVENUE,,Local,Unpaved,T-Intersection,Y,Daylight,Clear,Dry,N,,Pedalcycle,On Roadway,N,Non-Junction,None,,,Physical Obstruction(s),,,N,,,,,Off.,Titusville Police Department,Police Department (PD),6/26/2021 1:36:00 PM,,9,N,Bicycle,Bicycle,No Injury,No Injury,DAY,N,N,N,N,N,N,N,N,N,4,0,0,0,0,0,0,0,0,0,0,1,1,0,1,0,0,2,0,0,0,0,0,0,0,N,0,0,Y,0,0,0,0,1,50,1,250,300,0,0,0,Preliminary,Computer mapped confident by address,518893.7241,3162562.7531,28.5898645650497,-80.8067771214324
24421523,2021,25-APR-2021 01:56 AM,25-APR-2021 12:00 AM,2021-00134940,S,1,3,7,46,Orange,Orlando,Urban,4/25/2021 1:56:00 AM,4/25/2021 1:56:00 AM,4/25/2021 1:56:00 AM,4/25/2021 1:56:00 AM,Y,Law Enforcement,10 BLK W. WASHINGTON ST,,,,0,West,N. ORANGE AVE.,,Local,Curb,Not at Intersection,,Dark - Lighted,Clear,Dry,N,Front to Rear,Motor Vehicle in Transport,On Roadway,N,Non-Junction,None,,,None,,,N,,,,,OFC.,Orlando Police Department,Police Department (PD),5/7/2021 2:21:00 PM,,12,N,Single Vehicle,Other,No Injury,No Injury,NIGHT,N,N,N,N,N,N,N,N,N,3,0,0,0,0,0,0,0,0,0,0,1,1,0,1,0,0,1,0,0,0,0,0,0,0,N,0,0,Y,0,0,0,0,1,0,0,0,0,0,0,0,Preliminary,Editor Mapped,462874.1995,3157473.3228,28.543531862554,-81.3795118070215
24425777,2021,01-AUG-2021 01:09 AM,01-AUG-2021 12:00 AM,2021-00253876,L,1,2,7,46,Orange,Orlando,Urban,8/1/2021 1:09:00 AM,8/1/2021 1:13:00 AM,8/1/2021 1:16:00 AM,8/1/2021 2:55:00 AM,Y,Law Enforcement,W CHURCH ST,,,,141,West,S HUGHEY AV,,Local,Paved,Not at Intersection,,Dark - Lighted,Clear,Dry,N,Other,Motor Vehicle in Transport,On Roadway,N,Non-Junction,None,,,None,,,N,,,,,OFC.,Orlando Police Department,Police Department (PD),8/18/2021 1:40:00 PM,8/18/2021 1:40:00 PM,17,Y,Single Vehicle,Other,Injury,Possible Injury,NIGHT,N,N,N,N,N,N,N,N,N,1,1,1,0,0,0,0,0,0,0,0,1,1,0,1,0,0,0,0,0,0,0,0,0,0,N,0,0,Y,0,0,0,0,0,0,0,0,0,0,0,0,Preliminary,Editor Mapped,462504.0632,3157101.3718,28.5401638649412,-81.3832832366212
24430757,2021,05-SEP-2021 05:10 PM,05-SEP-2021 12:00 AM,202119267,S,2,3,24,50,St. Lucie,Port St. Lucie,Urban,9/5/2021 5:10:00 PM,9/5/2021 5:13:00 PM,9/5/2021 5:25:00 PM,9/5/2021 5:52:00 PM,Y,Motorist,SW HINCHMAN ST,2509,,,138,South,,,Local,Paved,Not at Intersection,N,Daylight,Clear,Dry,N,Other,Pedalcycle,On Roadway,N,Non-Junction,None,,,None,,,N,,,,,POLICE OFFICER,Port St. Lucie Police Department,Police Department (PD),9/14/2021 1:43:00 PM,,9,N,Bicycle,Bicycle,No Injury,No Injury,DAY,N,N,N,N,N,N,N,N,N,3,0,0,0,0,0,0,0,0,0,0,1,1,0,1,0,0,1,0,0,0,0,0,0,0,N,0,0,Y,0,0,0,0,1,150,2,650,800,0,0,0,Preliminary,Computer mapped confident by address,564721.5415,3016263.8051,27.2677772291077,-80.3461173172951
24431582,2021,30-OCT-2021 07:05 PM,30-OCT-2021 12:00 AM,202123780,L,1,3,24,50,St. Lucie,Port St. Lucie,Urban,10/30/2021 7:05:00 PM,10/30/2021 7:05:00 PM,10/30/2021 7:07:00 PM,10/30/2021 8:01:00 PM,Y,Motorist,SW LUCERO DR,,,,10,East,SW CURRY ST,,Local,Paved,Not at Intersection,N,Dark - Lighted,Clear,Dry,N,Other,Pedestrian,On Roadway,N,Non-Junction,None,,,None,,,N,,,,,POLICE OFFICER,Port St. Lucie Police Department,Police Department (PD),11/5/2021 1:43:00 PM,11/5/2021 1:43:00 PM,6,Y,Pedestrian,Pedestrian,Injury,Possible Injury,NIGHT,N,N,N,Y,N,N,N,N,N,2,1,1,0,0,0,0,0,0,0,0,1,1,0,1,0,0,1,0,0,0,0,0,0,0,N,0,0,Y,0,0,0,0,0,0,1,150,150,1,0,0,Preliminary,Editor Mapped,563687.7194,3021396.8597,27.3141650559081,-80.3562943609381
24432373,2021,24-APR-2021 06:08 AM,24-APR-2021 12:00 AM,21003696,L,1,2,4,46,Pinellas,Largo,Urban,4/24/2021 6:41:00 AM,4/24/2021 6:47:00 AM,4/24/2021 7:06:00 AM,4/24/2021 8:24:00 AM,Y,Law Enforcement,ULMERTON RD,,,,280,East,113TH ST N,,State,Paved,Not at Intersection,Y,Dark - Lighted,Clear,Dry,N,Other,Pedestrian,On Roadway,N,Non-Junction,None,,,None,,,N,,,,,OFFICER,Largo Police Department,Police Department (PD),4/28/2021 2:50:00 PM,,4,Y,Pedestrian,Pedestrian,Injury,Non-Incapacitating Injury,NIGHT,N,N,N,N,N,N,N,N,N,1,1,0,1,0,0,0,0,0,0,0,1,1,0,1,0,0,0,0,0,0,0,0,0,0,N,0,0,Y,0,0,0,0,0,0,0,0,0,0,0,0,Preliminary,Editor Mapped,323381.4361,3086808.8749,27.8944909569864,-82.7944074311872
24432649,2021,04-JUN-2021 10:21 AM,04-JUN-2021 12:00 AM,21005110,L,1,3,4,46,Pinellas,Largo,Urban,6/4/2021 10:22:00 AM,6/4/2021 10:23:00 AM,6/4/2021 10:30:00 AM,6/4/2021 10:38:00 AM,Y,Law Enforcement,WALSINGHAM RD,,,,0,,137TH ST N,,County,Curb,Four-Way Intersection,N,Daylight,Clear,Dry,N,Angle,Pedestrian,On Roadway,N,Non-Junction,None,,,None,,,N,,,,,OFFICER,Largo Police Department,Police Department (PD),6/9/2021 2:31:00 PM,6/9/2021 2:31:00 PM,5,Y,Pedestrian,Pedestrian,Injury,Non-Incapacitating Injury,DAY,N,N,N,N,N,N,N,N,N,2,1,0,1,0,0,0,0,0,0,0,1,1,0,1,0,0,1,0,0,0,0,0,0,0,N,0,0,Y,0,0,0,0,0,0,1,500,500,0,0,0,Preliminary,Editor Mapped,320026.0414,3085275.838,27.8802106658998,-82.8282510722727
24439926,2021,28-MAY-2021 01:19 PM,28-MAY-2021 12:00 AM,2021-007333,L,1,2,1,57,Miami-Dade,Miami Gardens,Urban,5/28/2021 1:19:00 PM,5/28/2021 1:19:00 PM,5/28/2021 1:21:00 PM,5/28/2021 1:50:00 PM,Y,Law Enforcement,NW 175TH ST,,25.933376,-80.253022,0,,NW 32ND AVE,,County,Paved,Four-Way Intersection,N,Daylight,Clear,Dry,N,,Other Non-Fixed Object,On Roadway,N,Intersection,None,,,None,,,N,,,,,PO,Miami Gardens Police Department,Police Department (PD),5/29/2021 2:11:00 PM,5/29/2021 2:11:00 PM,1,Y,Single Vehicle,Other,Injury,Non-Incapacitating Injury,DAY,N,N,N,N,N,N,Y,N,N,1,1,0,1,0,0,0,0,0,0,0,1,1,0,1,0,0,0,0,0,0,0,0,0,0,N,0,0,Y,0,0,0,0,1,70,1,100,170,0,0,0,Preliminary,Editor Mapped,574801.4253,2868504.0116,25.9332412004804,-80.2530011341199
24463559,2021,31-DEC-2021 07:50 PM,31-DEC-2021 12:00 AM,211231012,L,1,2,1,84,Miami-Dade,Opa-locka,Urban,12/31/2021 8:20:00 PM,12/31/2021 8:26:00 PM,12/31/2021 8:34:00 PM,12/31/2021 9:20:00 PM,Y,Law Enforcement,SULTAN AVE,151,,,130,West,,,Interstate,Paved,Not at Intersection,N,Dark - Lighted,Clear,Dry,N,Unknown,Motor Vehicle in Transport,On Roadway,N,Non-Junction,None,,,None,,,N,,,,,OFFICER,Opa-locka Police Department,Police Department (PD),1/12/2022 1:38:00 PM,1/12/2022 1:38:00 PM,12,Y,Single Vehicle,Other,Injury,Possible Injury,NIGHT,N,N,N,N,N,N,N,N,N,1,1,1,0,0,0,0,0,0,0,0,1,1,0,1,0,0,0,0,0,0,0,0,0,0,N,0,0,Y,0,0,0,0,0,0,1,500,500,1,0,0,Preliminary,Editor Mapped,574977.7943,2866096.8184,25.9114971206977,-80.2513772641789
24481494,2021,25-SEP-2021 04:30 AM,08-OCT-2021 12:00 AM,2021-51455,L,3,2,1,80,Miami-Dade,North Miami,Urban,9/25/2021 4:33:00 AM,9/25/2021 4:34:00 AM,9/25/2021 4:39:00 AM,9/25/2021 6:30:00 AM,Y,Law Enforcement,NW 2ND AVE,12485,25.889176,-80.202486,44,East,,,Parking Lot,Curb,Not at Intersection,N,Dark - Lighted,Clear,Dry,N,Other,Motor Vehicle in Transport,Off Roadway,N,Other,Unknown,,,None,,,N,,,,,OFFICER,North Miami Police Department,Police Department (PD),10/2/2021 1:37:00 PM,12/16/2021 1:43:00 PM,7,Y,Parked Vehicle,Other,No Injury,No Injury,NIGHT,N,N,N,N,N,Y,N,Y,N,2,0,0,0,0,0,0,0,0,0,0,1,1,0,1,0,0,0,0,0,0,0,0,0,0,N,0,0,Y,0,0,3,0,3,7300,3,13500,20800,0,0,0,Verified,n/a,579878.0375,2863694.3938,25.8895444831476,-80.2025998134089
24497157,2021,10-DEC-2021 04:35 PM,10-DEC-2021 12:00 AM,2021007863,L,1,2,51,30,Holmes,Bonifay,Urban,12/10/2021 4:38:00 PM,12/10/2021 4:40:00 PM,12/10/2021 4:41:00 PM,12/10/2021 5:24:00 PM,Y,Law Enforcement,S WAUKESHA ST,,30.771956,-85.684542,58,North,ALLISON AVE,,State,Paved,Not at Intersection,Y,Dusk,Clear,Wet,N,,Pedalcycle,On Roadway,N,Non-Junction,None,,,None,,,N,,,,,OFFICER,Bonifay Police Department,Police Department (PD),12/19/2021 1:53:00 PM,12/19/2021 1:53:00 PM,9,Y,Bicycle,Bicycle,Injury,Non-Incapacitating Injury,DAY,N,N,N,Y,N,N,N,Y,N,1,1,0,1,0,0,0,0,0,0,0,1,1,0,1,0,0,0,0,0,0,0,0,0,0,N,0,0,Y,0,0,0,0,1,3500,1,1000,4500,1,0,0,Preliminary,Editor Mapped,51485.1183000002,3413722.1058,30.7719453369551,-85.6845386474202
24501700,2021,16-MAY-2021 08:08 PM,16-MAY-2021 12:00 AM,21005099,L,1,2,1,46,Miami-Dade,Florida City,Urban,5/16/2021 8:08:00 PM,5/16/2021 8:09:00 PM,5/16/2021 8:10:00 PM,5/16/2021 8:40:00 PM,Y,Law Enforcement,NW 6TH AVE,,25.459764,-80.485434,0,,NW 13TH ST,,Local,Paved,Four-Way Intersection,N,Daylight,Clear,Dry,N,,Pedalcycle,On Roadway,N,Intersection-Related,None,,,None,,,N,,,,,OFFICER,Florida City Police Department,Police Department (PD),5/17/2021 2:11:00 PM,,1,Y,Bicycle,Bicycle,Serious Injury,Incapacitating Injury,NIGHT,N,N,N,N,N,N,Y,N,N,1,1,0,0,1,0,0,0,0,0,0,1,1,0,1,0,0,0,0,0,0,0,0,0,0,N,0,0,Y,1,0,0,0,0,0,1,1500,1500,1,0,0,Preliminary,Editor Mapped,551738.0991,2815954.3414,25.4597288854676,-80.485356142487
24523053,2021,19-OCT-2021 04:48 PM,19-OCT-2021 12:00 AM,21118893,L,1,2,6,42,Palm Beach,Greenacres,Urban,10/19/2021 4:48:00 PM,10/19/2021 4:49:00 PM,10/19/2021 4:52:00 PM,10/19/2021 5:26:00 PM,Y,Law Enforcement,FOREST HILL BLVD,6581,,,271,West,,,State,Curb,Not at Intersection,N,Daylight,Clear,Dry,N,,Pedestrian,On Roadway,N,Non-Junction,None,,,None,,,N,,,,,D/S,Palm Beach County Sheriff's Office,Sheriff's Office (SO),10/26/2021 1:50:00 PM,10/26/2021 1:50:00 PM,7,Y,Pedestrian,Pedestrian,Injury,Possible Injury,DAY,N,N,N,N,N,N,N,N,N,1,1,1,0,0,0,0,0,0,0,0,1,1,0,1,0,0,0,0,0,0,0,0,0,0,N,0,0,Y,0,0,0,0,0,0,1,500,500,1,0,0,Preliminary,Editor Mapped,584961.1163,2948106.211,26.6513705773537,-80.1463041642469
24525410,2021,19-MAY-2021 02:25 PM,19-MAY-2021 12:00 AM,2105190031668,L,1,4,1,66,Miami-Dade,Miami,Urban,5/19/2021 2:26:00 PM,5/19/2021 2:26:00 PM,5/19/2021 2:30:00 PM,5/19/2021 3:50:00 PM,Y,Law Enforcement,NW 1ST AVE,,25.78828,-80.196512,0,,NW 14TH ST,,Local,Paved,Four-Way Intersection,N,Daylight,Clear,Dry,N,,Pedestrian,On Roadway,N,Other,None,,,None,,,N,,,,,PSA,Miami Police Department,Police Department (PD),5/27/2021 2:20:00 PM,5/27/2021 2:20:00 PM,8,Y,Pedestrian,Pedestrian,Injury,Non-Incapacitating Injury,DAY,N,N,N,N,N,N,N,N,N,3,1,0,1,0,0,0,0,0,0,0,1,1,0,1,0,1,2,0,0,0,0,0,0,0,N,0,0,Y,0,0,1,0,0,0,1,500,500,0,0,0,Preliminary,Editor Mapped,580556.1164,2852482.6735,25.7882746003741,-80.1965153385897
24529909,2021,27-JUL-2021 04:07 PM,27-JUL-2021 12:00 AM,2107270050122,L,1,2,1,66,Miami-Dade,Miami,Urban,7/27/2021 4:07:00 PM,7/27/2021 4:09:00 PM,7/27/2021 4:10:00 PM,7/27/2021 4:50:00 PM,Y,Law Enforcement,SW 4TH ST,,25.769186,-80.222751,0,,SW 17TH AVE,,Local,Paved,Four-Way Intersection,N,Daylight,Clear,Dry,N,,Pedestrian,On Roadway,N,Intersection-Related,None,,,None,,,N,,,,,PUBLIC SERVICE AIDE,Miami Police Department,Police Department (PD),7/28/2021 2:11:00 PM,,1,Y,Pedestrian,Pedestrian,Injury,Possible Injury,DAY,N,N,N,N,N,N,Y,N,N,1,1,1,0,0,0,0,0,0,0,0,1,1,0,1,0,0,0,0,0,0,0,0,0,0,N,0,0,Y,0,0,1,0,0,0,1,500,500,0,0,0,Preliminary,Editor Mapped,577938.406,2850352.5677,25.769183099328,-80.222748364856
24532869,2021,12-SEP-2021 06:39 PM,12-SEP-2021 12:00 AM,2109120062434,L,1,3,1,66,Miami-Dade,Miami,Urban,9/12/2021 6:39:00 PM,9/12/2021 6:39:00 PM,9/12/2021 6:50:00 PM,9/12/2021 7:30:00 PM,Y,Law Enforcement,NW 27TH AVE,,25.781389,-80.239327,0,,NW 9TH ST,,Local,Curb,Four-Way Intersection,N,Daylight,Rain,Wet,N,,Pedalcycle,On Roadway,N,Intersection-Related,None,,,None,,,N,,,,,POLICE OFFICER,Miami Police Department,Police Department (PD),9/21/2021 1:44:00 PM,9/21/2021 1:44:00 PM,9,Y,Bicycle,Bicycle,Injury,Possible Injury,DAY,N,N,N,N,N,N,Y,N,N,2,1,1,0,0,0,0,0,0,0,0,1,1,0,1,0,0,1,0,0,0,0,0,0,0,N,0,0,Y,0,0,1,0,0,0,1,200,200,0,0,0,Preliminary,Editor Mapped,576276.9758,2851698.1246,25.7814201275533,-80.2392385590107
24533374,2021,20-SEP-2021 09:23 PM,20-SEP-2021 12:00 AM,2109200064458,L,1,2,1,66,Miami-Dade,Miami,Urban,9/20/2021 9:23:00 PM,9/20/2021 9:26:00 PM,9/20/2021 9:27:00 PM,9/20/2021 10:40:00 PM,Y,Law Enforcement,NW 23RD AVE,,25.77573,-80.233092,0,,NW 3RD ST,,Local,Paved,Four-Way Intersection,N,Dark - Lighted,Clear,Dry,N,,Pedestrian,On Roadway,N,Intersection-Related,None,,,None,,,N,,,,,PUBLIC SERVICE AIDE,Miami Police Department,Police Department (PD),9/22/2021 1:47:00 PM,9/22/2021 1:47:00 PM,2,Y,Pedestrian,Pedestrian,Injury,Possible Injury,NIGHT,N,N,N,N,N,N,Y,N,N,1,1,1,0,0,0,0,0,0,0,0,1,1,0,1,0,0,0,0,0,0,0,0,0,0,N,0,0,Y,0,0,2,0,0,0,1,500,500,1,0,0,Preliminary,Editor Mapped,576897.9959,2851073.3437,25.7757462617625,-80.23308142219
24534301,2021,05-OCT-2021 01:47 PM,05-OCT-2021 12:00 AM,2110050068064,L,1,2,1,66,Miami-Dade,Miami,Urban,10/5/2021 1:47:00 PM,10/5/2021 1:50:00 PM,10/5/2021 2:08:00 PM,10/5/2021 2:35:00 PM,Y,Law Enforcement,NE 36TH ST,,25.810584,-80.189738,96,West,BISCAYNE BLVD,,Local,Paved,Other,N,Daylight,Clear,Dry,N,,Pedalcycle,On Roadway,N,Through Roadway,None,,,None,,,N,,,,,PSA,Miami Police Department,Police Department (PD),10/12/2021 1:40:00 PM,10/12/2021 1:40:00 PM,7,Y,Bicycle,Bicycle,Injury,Possible Injury,DAY,N,N,N,N,N,N,N,N,N,1,1,1,0,0,0,0,0,0,0,0,1,1,0,1,1,0,0,0,0,0,0,0,0,0,N,0,0,Y,0,0,0,0,0,0,1,400,400,0,0,0,Preliminary,Editor Mapped,581219.8166,2854956.855,25.8105777760059,-80.1897440841214
24534657,2021,10-OCT-2021 05:30 PM,10-OCT-2021 12:00 AM,2110100069393,L,1,2,1,66,Miami-Dade,Miami,Urban,10/10/2021 5:34:00 PM,10/10/2021 5:37:00 PM,10/10/2021 5:47:00 PM,10/10/2021 10:30:00 PM,Y,Law Enforcement,SE 10TH ST,,25.764193,-80.191247,0,,BRICKELL AVE,,Local,Curb,Four-Way Intersection,N,Daylight,Clear,Dry,N,,Pedalcycle,On Roadway,N,Intersection,None,,,None,,,N,,,,,POLICE OFFICER,Miami Police Department,Police Department (PD),10/13/2021 1:45:00 PM,10/13/2021 1:45:00 PM,3,Y,Bicycle,Bicycle,No Injury,No Injury,DAY,N,N,N,N,N,N,Y,N,N,2,0,0,0,0,0,0,0,1,0,1,1,1,0,1,0,0,0,0,0,0,0,0,0,0,N,0,0,Y,0,0,2,0,0,0,1,500,500,2,0,0,Preliminary,Editor Mapped,581101.1029,2849818.7536,25.7641913150415,-80.1912430450741
24534902,2021,14-OCT-2021 01:00 PM,14-OCT-2021 12:00 AM,2110140070414,L,1,2,1,66,Miami-Dade,Miami,Urban,10/14/2021 1:13:00 PM,10/14/2021 1:22:00 PM,10/14/2021 1:41:00 PM,10/14/2021 2:33:00 PM,N,Law Enforcement,SW 8TH ST,2960,25.764827,-80.242365,,,,,Parking Lot,Paved,Not at Intersection,Y,Daylight,Clear,Dry,N,,Other Non-Collision,In Parking Lane or Zone,N,Non-Junction,None,,,None,,,N,,,,,POLICE OFFICER,Miami Police Department,Police Department (PD),10/21/2021 1:41:00 PM,10/21/2021 1:41:00 PM,7,Y,Single Vehicle,Other,No Injury,No Injury,DAY,N,N,N,N,N,Y,N,N,N,1,0,0,0,0,0,0,0,0,0,0,1,1,0,1,0,0,0,0,0,0,0,0,0,0,N,0,0,Y,0,0,0,0,0,0,0,0,0,0,0,0,Preliminary,Editor Mapped,575974.3148,2849857.9821,25.7648205882748,-80.2423625107574
24543594,2021,14-JUN-2021 12:15 PM,14-JUN-2021 12:00 AM,2106-008273,L,1,2,53,0,Charlotte,Unincorporated,Rural,6/14/2021 12:41:00 PM,6/14/2021 12:42:00 PM,6/14/2021 1:00:00 PM,6/14/2021 1:20:00 PM,Y,Law Enforcement,TAMIAMI TRL,1805,27.005801,-82.133168,,,,,Parking Lot,Paved,Not at Intersection,Y,Daylight,Cloudy,Dry,N,,Other Non-Fixed Object,Off Roadway,N,Intersection,None,,,None,,,N,,,,,DFC,Charlotte County Sheriff's Office,Sheriff's Office (SO),6/16/2021 2:35:00 PM,6/16/2021 2:35:00 PM,2,N,Single Vehicle,Other,No Injury,No Injury,DAY,N,N,N,N,N,N,Y,N,N,2,0,0,0,0,0,0,0,0,0,0,1,1,0,1,0,0,0,0,0,0,0,0,0,0,N,0,0,Y,0,0,0,0,0,0,1,500,500,0,0,0,Preliminary,Editor Mapped,387575.521,2987582.255,27.00579777795,-82.1331521880356
24551486,2021,07-DEC-2021 04:19 PM,07-DEC-2021 12:00 AM,2021-37190,L,1,2,40,0,Hernando,Unincorporated,Rural,12/7/2021 4:19:00 PM,12/7/2021 4:20:00 PM,12/7/2021 4:36:00 PM,12/7/2021 5:15:00 PM,Y,Law Enforcement,ELGIN BLVD,,28.505869,-82.516,0,,LANDOVER BLVD,,County,Paved,Four-Way Intersection,N,Daylight,Clear,Dry,N,,Pedalcycle,On Roadway,N,Intersection,None,,,None,,,N,,,,,DEPUTY,Hernando County Sheriff's Office,Sheriff's Office (SO),12/9/2021 1:41:00 PM,12/9/2021 1:41:00 PM,2,N,Bicycle,Bicycle,No Injury,No Injury,DAY,N,N,N,N,N,N,Y,N,N,2,0,0,0,0,0,0,0,0,0,0,1,1,0,1,0,0,0,0,0,0,0,0,0,0,N,0,0,Y,0,0,0,0,0,0,1,2000,2000,0,0,0,Preliminary,Editor Mapped,351635.6456,3154178.5671,28.5058648632376,-82.5159979211343
24551601,2021,16-DEC-2021 12:15 PM,16-DEC-2021 12:00 AM,2021-38170,L,1,2,40,0,Hernando,Unincorporated,Rural,12/16/2021 12:20:00 PM,12/16/2021 12:20:00 PM,12/16/2021 12:20:00 PM,12/16/2021 1:00:00 PM,Y,Law Enforcement,CORTEZ BLVD,,28.533799,-82.505258,0,,COASTAL BLVD,,State,Unpaved,Four-Way Intersection,N,Daylight,Clear,Dry,N,,Pedestrian,On Roadway,N,Intersection,None,,,None,,,N,,,,,STEP,Hernando County Sheriff's Office,Sheriff's Office (SO),12/19/2021 1:52:00 PM,12/19/2021 1:52:00 PM,3,Y,Pedestrian,Pedestrian,Injury,Possible Injury,DAY,N,N,N,N,N,N,Y,N,N,1,1,1,0,0,0,0,0,0,0,0,1,1,0,1,1,0,0,0,0,0,0,0,0,0,N,0,0,Y,0,0,1,0,0,0,1,4000,4000,0,0,0,Preliminary,Editor Mapped,352725.8696,3157259.6657,28.5337909054118,-82.5052559940151
24553763,2021,20-AUG-2021 06:45 AM,20-AUG-2021 12:00 AM,2021-4830,L,1,2,28,70,Pasco,Zephyrhills,Urban,8/20/2021 6:46:00 AM,8/20/2021 6:46:00 AM,8/20/2021 7:13:00 AM,8/20/2021 7:40:00 AM,Y,Law Enforcement,GALL BLVD,,28.244691,-82.189303,0,,NORTH AVE,,Local,Paved,Four-Way Intersection,N,Daylight,Clear,Dry,N,,Pedalcycle,On Roadway,N,Intersection-Related,None,,,None,,,N,,,,,OFC,Zephyrhills Police Department,Police Department (PD),8/22/2021 1:31:00 PM,8/22/2021 1:31:00 PM,2,Y,Bicycle,Bicycle,Injury,Possible Injury,NIGHT,N,N,N,N,N,N,Y,N,N,1,1,1,0,0,0,0,0,0,0,0,1,1,0,1,0,0,0,0,0,0,0,0,0,0,N,0,0,Y,0,0,0,0,0,0,1,50,50,1,0,0,Preliminary,Editor Mapped,383326.0981,3124881.393,28.2446888621829,-82.1892946028823
24553891,2021,27-OCT-2021 04:40 PM,27-OCT-2021 12:00 AM,2021-6165,L,1,2,28,70,Pasco,Zephyrhills,Urban,10/27/2021 4:45:00 PM,10/27/2021 4:46:00 PM,10/27/2021 4:50:00 PM,10/27/2021 5:18:00 PM,Y,Law Enforcement,14TH AVE,,28.24088,-82.189466,0,,CRANBROOK ST,,Local,Unpaved,Not at Intersection,N,Daylight,Clear,Dry,N,,Pedalcycle,On Roadway,N,Intersection-Related,None,,,None,,,N,,,,,OFFCIER,Zephyrhills Police Department,Police Department (PD),11/4/2021 1:45:00 PM,11/4/2021 1:45:00 PM,8,Y,Bicycle,Bicycle,Injury,Non-Incapacitating Injury,DAY,N,N,N,N,N,N,Y,N,N,1,1,0,1,0,0,0,0,0,0,0,1,1,0,1,0,0,0,0,0,0,0,0,0,0,N,0,0,Y,0,0,0,0,0,0,1,100,100,1,0,0,Preliminary,Editor Mapped,383312.419,3124459.5767,28.2408807466327,-82.1893917779581
24558107,2021,25-AUG-2021 03:04 PM,25-AUG-2021 12:00 AM,2021020987,L,1,4,48,0,Clay,Unincorporated,Rural,8/25/2021 3:04:00 PM,8/25/2021 3:04:00 PM,8/25/2021 3:04:00 PM,8/25/2021 4:00:00 PM,Y,Law Enforcement,BLANDING BLVD,,30.145906,-81.760911,0,,FOXRIDGE RD,,Local,Paved,Four-Way Intersection,N,Daylight,Clear,Dry,N,,Pedestrian,On Roadway,N,Shared-Use Path or Trail,None,,,None,,,N,,,,,DEPUTY,Clay County Sheriff's Office,Sheriff's Office (SO),8/27/2021 1:40:00 PM,8/27/2021 1:40:00 PM,2,Y,Pedestrian,Pedestrian,Injury,Non-Incapacitating Injury,DAY,N,N,N,N,N,N,N,N,N,2,2,0,2,0,0,0,0,0,0,0,2,2,0,1,1,0,1,0,0,0,0,0,0,0,N,0,0,Y,0,0,0,0,0,0,1,1000,1000,2,0,0,Preliminary,Editor Mapped,426717.7012,3335199.0093,30.1459197330193,-81.7609184971521
24563642,2021,01-SEP-2021 03:13 PM,01-SEP-2021 03:26 PM,PPD21OFF007513,L,1,3,9,50,Escambia,Pensacola,Urban,9/1/2021 3:13:00 PM,9/1/2021 3:14:00 PM,9/1/2021 3:17:00 PM,9/1/2021 3:51:00 PM,Y,Law Enforcement,N. DAVIS HWY.,,30.4523,-87.2199,178,West,E. FAIRFIELD DR.,,Local,Curb,Other,N,Daylight,Clear,Dry,N,Other,Motor Vehicle in Transport,Off Roadway,N,Driveway/Alley Access Related,None,,,None,,,N,,,,,OFFICER,Pensacola Police Department,Police Department (PD),9/3/2021 1:43:00 PM,9/3/2021 1:43:00 PM,2,Y,Single Vehicle,Other,Injury,Non-Incapacitating Injury,DAY,N,N,N,N,N,N,N,N,N,2,1,0,1,0,0,0,0,0,0,0,1,1,0,1,0,0,1,0,0,0,0,0,0,0,N,0,0,Y,0,0,0,0,0,0,1,1,1,1,0,0,Preliminary,Editor Mapped,-97831.5480000004,3385478.6741,30.4530485153586,-87.2210009040058
24563680,2021,13-OCT-2021 05:15 PM,13-OCT-2021 05:47 PM,PPD21OFF008902,L,1,3,9,50,Escambia,Pensacola,Urban,10/13/2021 5:20:00 PM,10/13/2021 5:21:00 PM,10/13/2021 5:22:00 PM,10/13/2021 6:43:00 PM,Y,Law Enforcement,AVENUE,6TH,30.42543,-87.21057,0,,GONZALES STREET,,Local,Curb,Four-Way Intersection,N,Daylight,Clear,Dry,N,Other,Other Non-Fixed Object,On Roadway,N,Intersection,None,,,None,,,N,,,,,OFFICER,Pensacola Police Department,Police Department (PD),10/16/2021 1:37:00 PM,,3,Y,Single Vehicle,Other,Serious Injury,Incapacitating Injury,DAY,N,N,N,N,N,N,Y,N,N,2,1,0,0,1,0,0,0,0,0,0,1,1,0,1,0,0,1,0,0,0,0,0,0,0,N,0,0,Y,1,0,1,0,0,0,1,500,500,1,0,0,Preliminary,Editor Mapped,-96996.2775999997,3382352.1955,30.4254151032833,-87.210567201983
24564633,2021,29-DEC-2021 04:03 PM,29-DEC-2021 04:17 PM,PPD21OFF011180,L,1,2,9,50,Escambia,Pensacola,Urban,12/29/2021 4:04:00 PM,12/29/2021 4:05:00 PM,12/29/2021 4:07:00 PM,12/29/2021 4:38:00 PM,Y,Law Enforcement,NORTH 7TH AVENUE,,30.43695,-87.21195,0,,EAST BOBE STREET,,Local,Curb,Four-Way Intersection,N,Daylight,Cloudy,Dry,N,Angle,Other Non-Fixed Object,On Roadway,N,Intersection,None,,,None,,,N,,,,,OFFICER,Pensacola Police Department,Police Department (PD),1/5/2022 1:44:00 PM,,7,Y,Single Vehicle,Other,Serious Injury,Incapacitating Injury,DAY,N,N,N,N,N,N,Y,N,N,1,1,0,0,1,0,0,0,0,0,0,1,1,0,1,0,0,0,0,0,0,0,0,0,0,N,0,0,Y,1,0,0,0,0,0,1,500,500,1,0,0,Preliminary,Editor Mapped,-97056.4985999996,3383639.1969,30.4369308135,-87.2119251030154
24566667,2021,26-OCT-2021 05:35 AM,26-OCT-2021 12:00 AM,2021TA012301,L,1,2,17,0,Seminole,Unincorporated,Rural,10/26/2021 5:41:00 AM,10/26/2021 5:41:00 AM,10/26/2021 5:48:00 AM,10/26/2021 6:36:00 AM,Y,Law Enforcement,BALMY BEACH DR,,28.663436,-81.455641,0,,NICHOLAS LN,,Local,Unpaved,Not at Intersection,N,Dark - Unknown Lighting,Cloudy,Dry,N,,Pedalcycle,On Roadway,N,Non-Junction,None,,,None,,,N,,,,,DEPUTY SHERIFF,Seminole County Sheriff's Office,Sheriff's Office (SO),11/2/2021 1:40:00 PM,11/2/2021 1:40:00 PM,7,Y,Bicycle,Bicycle,Injury,Non-Incapacitating Injury,NIGHT,N,N,N,N,N,N,N,N,N,1,1,0,1,0,0,0,0,0,0,0,1,1,0,1,0,0,0,0,0,0,0,0,0,0,N,0,0,Y,0,0,0,0,0,0,1,500,500,0,0,0,Preliminary,Editor Mapped,455478.0661,3170782.5476,28.6634314187696,-81.4556336091913
24569218,2021,10-OCT-2021 07:35 PM,10-OCT-2021 07:47 PM,PPD21OFF002427,L,1,3,22,40,Putnam,Palatka,Urban,10/10/2021 7:39:00 PM,10/10/2021 7:40:00 PM,10/10/2021 7:47:00 PM,10/10/2021 7:48:00 PM,Y,Law Enforcement,BRONSON STREET,,29.65375,-81.6465,110,East,1700 BLOCK OF BRONSON STREET,,Local,Paved,Not at Intersection,N,Dark - Not Lighted,Clear,Dry,N,Rear to Side,Pedalcycle,On Roadway,N,Non-Junction,None,,,None,,,N,,,,,OFFICER,Palatka Police Department,Police Department (PD),10/12/2021 1:40:00 PM,10/12/2021 1:40:00 PM,2,Y,Bicycle,Bicycle,Injury,Possible Injury,NIGHT,N,N,N,N,N,N,N,N,N,2,1,1,0,0,0,0,0,0,0,0,2,2,0,1,0,0,0,0,0,0,0,0,0,0,N,0,0,Y,0,0,0,0,0,0,1,100,100,0,0,0,Preliminary,Editor Mapped,437435.6379,3280611.4015,29.6539099091442,-81.6464486426191
24571106,2021,16-AUG-2021 09:00 AM,16-AUG-2021 12:00 AM,21-0102439,L,1,3,18,40,Lee,Fort Myers,Urban,8/16/2021 11:27:00 AM,8/16/2021 11:45:00 AM,8/16/2021 11:50:00 AM,8/16/2021 11:50:00 AM,N,Law Enforcement,W 1ST ST,,26.642184,-81.873811,0,,CARSON ST,,County,Curb,Four-Way Intersection,N,Daylight,Clear,Dry,N,,Pedalcycle,On Roadway,N,Other,None,,,None,,,N,,,,,OFFICER,Fort Myers Police Department,Police Department (PD),8/21/2021 1:34:00 PM,8/21/2021 1:34:00 PM,5,Y,Bicycle,Bicycle,Injury,Possible Injury,DAY,N,N,N,N,N,Y,N,N,N,1,1,1,0,0,0,0,0,0,0,0,2,2,0,1,0,0,0,0,0,0,0,0,0,0,N,0,0,Y,0,0,0,0,0,0,0,0,0,0,0,0,Preliminary,Editor Mapped,413030.4129,2947101.7186,26.6421793989628,-81.8738062058536
24574915,2021,30-JUL-2021 02:40 AM,07-DEC-2021 12:00 AM,2021-323245,L,1,4,3,50,Hillsborough,Tampa,Urban,7/30/2021 2:40:00 AM,7/30/2021 2:40:00 AM,7/30/2021 2:46:00 AM,7/30/2021 6:20:00 PM,N,Law Enforcement,E PALM AVE,,27.962371,-82.451193,0,,N NEBRASKA AVE,,Local,Curb,Four-Way Intersection,Y,Dark - Lighted,Clear,Dry,N,,Pedalcycle,On Roadway,N,Intersection,None,,,None,,,N,,,,,DETECTIVE,Tampa Police Department,Police Department (PD),8/10/2021 1:41:00 PM,12/9/2021 1:41:00 PM,11,Y,Bicycle,Bicycle,Fatality,Fatal (within 30 days),NIGHT,N,Y,N,N,N,Y,Y,N,N,1,2,1,0,1,1,1,0,0,0,0,2,2,0,1,0,0,1,0,0,0,0,0,0,0,N,0,0,Y,1,1,2,0,1,1000,1,4000,5000,2,0,0,Verified,n/a,363953.2885,3080372.6815,27.8411554508157,-82.3815812237252
24576729,2021,25-AUG-2021 01:00 AM,25-AUG-2021 12:00 AM,2021-362664,L,1,2,3,50,Hillsborough,Tampa,Urban,8/25/2021 5:48:00 PM,8/25/2021 5:48:00 PM,8/25/2021 5:48:00 PM,8/25/2021 5:52:00 PM,Y,Law Enforcement,N ASHLEY DR,,27.947518,-82.459696,,,E MADISON ST,,Local,Curb,Not at Intersection,N,Daylight,Clear,Dry,N,,Pedestrian,On Roadway,N,Non-Junction,None,,,None,,,N,,,,,CPL,Tampa Police Department,Police Department (PD),9/19/2021 1:29:00 PM,9/19/2021 1:29:00 PM,25,Y,Pedestrian,Pedestrian,Injury,Possible Injury,NIGHT,N,N,N,N,N,N,N,N,N,1,1,1,0,0,0,0,0,0,0,0,1,1,0,1,0,0,0,0,0,0,0,0,0,0,N,0,0,Y,0,0,0,0,0,0,1,300,300,0,0,0,Preliminary,Editor Mapped,356402.6932,3092242.3626,27.9474845516699,-82.4596758847239
24578188,2021,05-OCT-2021 04:30 PM,05-OCT-2021 12:00 AM,2021-423618,S,1,2,3,50,Hillsborough,Tampa,Urban,10/5/2021 4:37:00 PM,10/5/2021 4:40:00 PM,10/5/2021 4:44:00 PM,10/5/2021 5:00:00 PM,Y,Law Enforcement,N ASHLEY DR,,27.947486,-82.45969,131,North,E JOHN F KENNEDY BLVD,,Local,Curb,Not at Intersection,N,Daylight,Cloudy,Dry,N,,Pedestrian,Off Roadway,N,Non-Junction,None,,,None,,,N,,,,,POLICE OFFICER,Tampa Police Department,Police Department (PD),10/7/2021 1:45:00 PM,,2,N,Pedestrian,Pedestrian,No Injury,No Injury,DAY,N,N,N,N,N,N,N,N,N,2,0,0,0,0,0,0,0,0,0,0,1,1,0,1,0,0,0,0,0,0,0,0,0,0,N,0,0,Y,0,0,0,0,0,0,1,300,300,0,0,0,Preliminary,Officer Mapped,356401.6536,3092241.969,27.9474808876154,-82.4596864017585
24578577,2021,13-OCT-2021 06:01 PM,13-OCT-2021 12:00 AM,2021-435250,L,1,3,3,50,Hillsborough,Tampa,Urban,10/13/2021 6:01:00 PM,10/13/2021 6:02:00 PM,10/13/2021 6:04:00 PM,10/13/2021 7:00:00 PM,Y,Law Enforcement,E 28TH AVE,,27.976007,-82.434871,0,,N 22ND ST,,Local,Curb,Four-Way Intersection,N,Daylight,Clear,Dry,N,,Pedalcycle,On Roadway,N,Through Roadway,None,,,None,,,N,,,,,OFC,Tampa Police Department,Police Department (PD),10/15/2021 1:41:00 PM,10/15/2021 1:41:00 PM,2,Y,Bicycle,Bicycle,Injury,Non-Incapacitating Injury,DAY,N,N,N,N,N,N,N,N,N,2,1,0,1,0,0,0,0,0,0,0,1,1,0,1,0,0,1,0,0,0,0,0,0,0,N,0,0,Y,0,0,0,0,0,0,1,1000,1000,1,0,0,Preliminary,Editor Mapped,358878.9369,3095374.2391,27.9760127624966,-82.4348850162471
24579426,2021,27-OCT-2021 07:10 PM,27-OCT-2021 12:00 AM,2021-455567,L,1,3,3,50,Hillsborough,Tampa,Urban,10/27/2021 7:16:00 PM,10/27/2021 7:17:00 PM,10/27/2021 7:22:00 PM,10/27/2021 8:28:00 PM,Y,Law Enforcement,E 24TH AVE,,27.972368,-82.44256,112,West,SANCHEZ ST,,Local,Curb,Not at Intersection,N,Dark - Not Lighted,Clear,Dry,N,,Pedalcycle,On Roadway,N,Other,None,,,None,,,N,,,,,OFC.,Tampa Police Department,Police Department (PD),11/1/2021 1:31:00 PM,,5,Y,Bicycle,Bicycle,Serious Injury,Incapacitating Injury,NIGHT,N,N,N,N,N,N,N,N,N,2,1,0,0,1,0,0,0,0,0,0,1,1,0,1,0,0,1,0,0,0,0,0,0,0,N,0,0,Y,1,0,0,0,0,0,0,0,0,1,0,0,Preliminary,Editor Mapped,358119.2144,3094979.2511,27.9723674308313,-82.4425602702556
24579432,2021,30-OCT-2021 08:20 PM,30-OCT-2021 12:00 AM,2021-460096,L,1,2,3,50,Hillsborough,Tampa,Urban,10/30/2021 8:25:00 PM,10/30/2021 8:28:00 PM,10/30/2021 8:34:00 PM,10/30/2021 9:58:00 PM,N,Law Enforcement,INTERBAY BLVD,,27.86943,-82.511386,544,West,S RICHARD AVE,,Local,Unpaved,Not at Intersection,N,Dark - Not Lighted,Rain,Wet,N,,Pedestrian,On Roadway,N,Non-Junction,None,,,None,,,N,,,,,OFC.,Tampa Police Department,Police Department (PD),11/1/2021 1:31:00 PM,,2,Y,Pedestrian,Pedestrian,Serious Injury,Incapacitating Injury,NIGHT,N,N,N,N,N,Y,N,N,N,0,1,0,0,1,0,0,0,0,0,0,1,1,0,1,0,0,0,0,0,0,0,0,0,0,N,0,0,Y,1,0,0,0,0,0,0,0,0,1,0,0,Preliminary,Editor Mapped,351210.0868,3083653.1423,27.8694034453361,-82.5113664110143
24579472,2021,31-OCT-2021 09:51 PM,31-OCT-2021 12:00 AM,2021-461682,L,1,3,3,50,Hillsborough,Tampa,Urban,10/31/2021 9:51:00 PM,10/31/2021 9:52:00 PM,10/31/2021 10:02:00 PM,10/31/2021 10:56:00 PM,Y,Law Enforcement,N 29TH ST,,27.981504,-82.428027,0,,E DR MARTIN LUTHER KING JR BLVD,,Local,Curb,Four-Way Intersection,N,Dusk,Clear,Dry,N,,Pedestrian,On Roadway,N,Intersection,None,,,None,,,N,,,,,OFC,Tampa Police Department,Police Department (PD),11/2/2021 1:40:00 PM,11/2/2021 1:40:00 PM,2,Y,Pedestrian,Pedestrian,Injury,Non-Incapacitating Injury,NIGHT,N,N,N,N,N,N,Y,N,N,2,1,0,1,0,0,0,0,0,0,0,1,1,0,1,0,0,1,0,0,0,0,0,0,0,N,0,0,Y,0,0,0,0,0,0,1,500,500,1,0,0,Preliminary,Editor Mapped,359561.333,3095971.993,27.9814793863433,-82.4280194033504
24580358,2021,18-NOV-2021 06:27 PM,18-NOV-2021 12:00 AM,2021-485159,L,1,2,3,50,Hillsborough,Tampa,Urban,11/18/2021 6:27:00 PM,11/18/2021 6:29:00 PM,11/18/2021 6:31:00 PM,11/18/2021 8:00:00 PM,Y,Law Enforcement,E LAKE AVE,,27.97785,-82.451127,0,,N NEBRASKA AVE,,State,Curb,Four-Way Intersection,N,Dark - Lighted,Rain,Wet,N,,Pedestrian,On Roadway,N,Intersection,None,,,None,,,N,,,,,OFFICER,Tampa Police Department,Police Department (PD),11/25/2021 1:37:00 PM,11/25/2021 1:37:00 PM,7,Y,Pedestrian,Pedestrian,Injury,Possible Injury,DAY,N,N,N,N,N,N,Y,N,N,1,1,1,0,0,0,0,0,0,0,0,1,1,0,1,0,0,0,0,0,0,0,0,0,0,N,0,0,Y,0,0,2,0,0,0,1,500,500,1,0,0,Preliminary,Editor Mapped,357276.0097,3095594.5315,27.9778298324959,-82.4512055646837
24617424,2021,16-NOV-2021 06:01 PM,16-NOV-2021 12:00 AM,2111-000717,L,1,3,10,70,Broward,Plantation,Urban,11/16/2021 6:01:00 PM,11/16/2021 6:01:00 PM,11/16/2021 6:04:00 PM,11/16/2021 6:37:00 PM,Y,Law Enforcement,W SUNRISE BLVD,,26.136039,-80.212601,0,,NW 47TH AVE,,State,Curb,Four-Way Intersection,N,Dusk,Clear,Dry,N,,Pedalcycle,On Roadway,N,Intersection,None,,,None,,,N,,,,,OFC.,Plantation Police Department,Police Department (PD),11/25/2021 1:37:00 PM,11/25/2021 1:37:00 PM,9,Y,Bicycle,Bicycle,Injury,Non-Incapacitating Injury,DAY,N,N,N,N,N,N,Y,N,N,0,3,0,3,0,0,0,0,0,0,0,2,1,1,1,0,0,0,0,0,0,0,0,0,0,Y,0,0,Y,0,0,0,0,2,150,0,0,150,1,0,0,Preliminary,Editor Mapped,578711.7363,2890987.1175,26.1360337461311,-80.2125996737186
24630470,2021,10-NOV-2021 05:15 PM,10-NOV-2021 05:37 PM,21-755258,L,1,4,3,0,Hillsborough,Unincorporated,Rural,11/10/2021 5:18:00 PM,11/10/2021 5:21:00 PM,11/10/2021 5:29:00 PM,11/10/2021 6:22:00 PM,Y,Law Enforcement,ALMA DR,,,,22,West,KINGSWAY RD,,County,Unpaved,T-Intersection,N,Daylight,Cloudy,Dry,N,Angle,Pedalcycle,On Roadway,N,Intersection,None,,,None,,,N,,,,,DEP,Hillsborough County Sheriff's Office,Sheriff's Office (SO),11/12/2021 1:39:00 PM,11/12/2021 1:39:00 PM,2,Y,Bicycle,Bicycle,Injury,Non-Incapacitating Injury,DAY,N,N,N,N,N,N,Y,N,N,3,1,0,1,0,0,0,0,0,0,0,1,1,0,1,1,0,2,0,0,0,0,0,0,0,N,0,0,Y,0,0,0,0,1,50,1,300,350,0,0,0,Preliminary,Editor Mapped,374311.2876,3092139.7026,27.9483678410569,-82.277662518443
24631410,2021,15-DEC-2021 11:11 AM,15-DEC-2021 11:25 AM,21-838727,L,1,2,3,0,Hillsborough,Unincorporated,Rural,12/15/2021 11:11:00 AM,12/15/2021 11:14:00 AM,12/15/2021 11:16:00 AM,12/15/2021 12:10:00 PM,Y,Law Enforcement,EHRLICH RD,,,,12,West,WALSH LN,,County,Curb,T-Intersection,N,Daylight,Cloudy,Dry,N,Angle,Pedalcycle,On Roadway,Y,Intersection,None,,,None,,,N,,,,,DEP,Hillsborough County Sheriff's Office,Sheriff's Office (SO),12/17/2021 1:43:00 PM,12/17/2021 1:43:00 PM,2,Y,Bicycle,Bicycle,Injury,Non-Incapacitating Injury,DAY,N,N,N,N,N,N,Y,N,N,1,1,0,1,0,0,0,0,0,0,0,1,1,0,1,0,1,0,0,0,0,0,0,0,0,N,0,0,Y,0,0,0,0,1,2500,1,1500,4000,0,0,0,Preliminary,Editor Mapped,345727.1582,3106905.5907,28.0786105440913,-82.5700795722084
24632274,2021,26-DEC-2021 03:00 PM,26-DEC-2021 11:14 PM,21-865254,L,1,1,3,0,Hillsborough,Unincorporated,Rural,12/26/2021 3:05:00 PM,12/26/2021 3:07:00 PM,12/26/2021 3:27:00 PM,12/26/2021 4:02:00 PM,Y,Law Enforcement,WHITE LAKE CT,,,,215,West,LAKECHASE ISLAND WAY,,Parking Lot,Unpaved,Not at Intersection,Y,Daylight,Clear,Dry,N,Other,Motor Vehicle in Transport,In Parking Lane or Zone,N,Non-Junction,None,,,None,,,N,,,,,DEP.,Hillsborough County Sheriff's Office,Sheriff's Office (SO),12/27/2021 1:31:00 PM,12/28/2021 1:40:00 PM,1,Y,Single Vehicle,Other,Injury,Possible Injury,DAY,N,N,N,N,N,N,N,N,N,0,1,1,0,0,0,0,0,0,0,0,1,1,0,0,0,0,0,0,0,0,0,0,0,0,N,0,0,Y,0,0,0,0,0,0,1,1000,1000,0,0,0,Preliminary,Editor Mapped,343320.6386,3104398.5108,28.0557050578215,-82.5942297165166
24680197,2021,12-OCT-2021 10:13 PM,13-OCT-2021 12:00 AM,2021-042591,L,1,2,5,0,Polk,Unincorporated,Rural,10/12/2021 10:13:00 PM,10/12/2021 10:14:00 PM,10/12/2021 10:14:00 PM,10/12/2021 3:11:00 AM,Y,Law Enforcement,SR 600,,,,0,,SR 659,,U.S.,Curb,Four-Way Intersection,Y,Dark - Lighted,Clear,Dry,N,Angle,Pedalcycle,On Roadway,N,Non-Junction,None,,,None,,,N,,,,,Det.,Polk County Sheriff's Office,Sheriff's Office (SO),11/8/2021 1:34:00 PM,4/25/2022 1:28:00 PM,27,Y,Bicycle,Bicycle,Fatality,Fatal (within 30 days),NIGHT,N,N,N,N,N,N,N,N,N,1,0,0,0,0,1,1,0,0,0,0,1,1,0,1,1,0,0,0,0,0,0,0,0,0,N,0,0,Y,0,1,1,0,0,0,1,3000,3000,1,0,0,Verified,n/a,410755.01,3102831.817,28.0478164885012,-81.908055754252
24684444,2021,13-SEP-2021 08:06 AM,13-SEP-2021 12:00 AM,MP210060096,L,1,2,19,42,Brevard,Melbourne,Urban,9/13/2021 8:31:00 AM,9/13/2021 8:35:00 AM,9/13/2021 8:45:00 AM,9/13/2021 9:12:00 AM,Y,Law Enforcement,ISABELLA DR,,28.128969,-80.649369,0,,EAU GALLIE BLVD W,,Local,Paved,T-Intersection,N,Daylight,Clear,Dry,N,,Pedalcycle,On Roadway,N,Intersection,None,,,None,,,N,,,,,OFFICER,Melbourne Police Department,Police Department (PD),9/16/2021 1:45:00 PM,9/16/2021 1:45:00 PM,3,Y,Bicycle,Bicycle,Injury,Possible Injury,DAY,N,N,N,N,N,Y,Y,N,N,0,1,1,0,0,0,0,0,0,0,0,1,1,0,1,0,0,0,0,0,0,0,0,0,0,N,0,0,Y,0,0,0,0,0,0,0,0,0,0,0,0,Preliminary,Editor Mapped,534434.4581,3111538.5644,28.1289674375548,-80.6493634470018
24712079,2021,20-OCT-2021 04:06 PM,20-OCT-2021 12:00 AM,0221015012,L,1,4,11,34,Alachua,Gainesville,Urban,10/20/2021 4:06:00 PM,10/20/2021 4:09:00 PM,10/20/2021 4:12:00 PM,10/20/2021 5:10:00 PM,Y,Law Enforcement,ALLIGATOR ALLEY,,,,159,North,US 441 (SW 13TH ST),,Local,Paved,T-Intersection,N,Daylight,Clear,Dry,N,Angle,Pedestrian,On Roadway,N,Non-Junction,None,,,None,,,N,,,,,OFFICER,Gainesville Police Department,Police Department (PD),10/22/2021 1:43:00 PM,10/22/2021 1:43:00 PM,2,Y,Pedestrian,Pedestrian,Injury,Possible Injury,DAY,N,N,N,Y,N,N,N,N,N,3,1,1,0,0,0,0,0,0,0,0,1,1,0,1,0,1,2,0,0,0,0,0,0,0,N,0,0,Y,0,0,1,0,1,100,0,0,100,0,0,0,Preliminary,Editor Mapped,370379.0821,3280930.9458,29.6516052252959,-82.3392344246046
24712486,2021,15-NOV-2021 02:45 PM,15-NOV-2021 12:00 AM,0221016397,L,1,2,11,34,Alachua,Gainesville,Urban,11/15/2021 2:47:00 PM,11/15/2021 2:48:00 PM,11/15/2021 2:56:00 PM,11/15/2021 3:15:00 PM,Y,Law Enforcement,SW 6TH ST,,,,15,West,SW 2ND AVE,,Local,Curb,Roundabout,N,Daylight,Clear,Dry,N,"Sideswipe, Same Direction",Pedestrian,On Roadway,N,Non-Junction,None,,,None,,,N,,,,,OFFICER,Gainesville Police Department,Police Department (PD),11/16/2021 1:43:00 PM,11/16/2021 1:43:00 PM,1,Y,Pedestrian,Pedestrian,Injury,Possible Injury,DAY,N,N,N,N,N,N,N,Y,N,1,1,1,0,0,0,0,0,0,0,0,1,1,0,1,1,0,0,0,0,0,0,0,0,0,N,0,0,Y,0,0,1,0,0,0,0,0,0,0,0,0,Preliminary,Editor Mapped,371186.4277,3280763.8914,29.6501819406478,-82.3308750312596
24720308,2021,26-OCT-2021 04:39 PM,26-OCT-2021 12:00 AM,21-089058,S,1,2,16,0,Sarasota,Unincorporated,Rural,10/26/2021 4:39:00 PM,10/26/2021 4:41:00 PM,10/26/2021 4:56:00 PM,10/26/2021 6:00:00 PM,Y,Law Enforcement,US 41 BYP S,1643,27.07639,-82.424876,,,,,County,Paved,Not at Intersection,N,Daylight,Clear,Dry,N,,Pedalcycle,In Parking Lane or Zone,N,Other,Other,None,,None,,,N,,,,,DEPUTY,Sarasota County Sheriff's Office,Sheriff's Office (SO),10/30/2021 1:42:00 PM,,4,N,Bicycle,Bicycle,No Injury,No Injury,DAY,N,N,N,N,N,N,N,N,N,2,0,0,0,0,0,0,0,0,0,0,1,1,0,1,0,0,0,0,0,0,0,0,0,0,N,0,0,Y,0,0,0,0,0,0,1,1000,1000,0,0,0,Preliminary,Officer Mapped,358718.0531,2995695.4012,27.0763852652208,-82.4248725846679
24720828,2021,26-NOV-2021 02:11 PM,26-NOV-2021 12:00 AM,21-097882,L,1,2,16,0,Sarasota,Unincorporated,Rural,11/26/2021 2:11:00 PM,11/26/2021 2:11:00 PM,11/26/2021 2:48:00 PM,11/26/2021 3:15:00 PM,Y,Law Enforcement,53RD ST,,27.379698,-82.505834,0,,N LOCKWOOD RIDGE RD,,County,Paved,T-Intersection,N,Daylight,Clear,Dry,N,,Pedalcycle,On Roadway,N,Intersection,None,,,None,,,N,,,,,DEPUTY,Sarasota County Sheriff's Office,Sheriff's Office (SO),11/28/2021 1:28:00 PM,11/28/2021 1:28:00 PM,2,Y,Bicycle,Bicycle,Injury,Possible Injury,DAY,N,N,N,N,N,Y,Y,N,N,0,1,1,0,0,0,0,0,0,0,0,1,1,0,1,0,0,0,0,0,0,0,0,0,0,N,0,0,Y,0,0,0,0,0,0,0,0,0,0,0,0,Preliminary,Editor Mapped,351094.1992,3029388.104,27.379667903569,-82.5058264588959
24727635,2021,06-DEC-2021 09:00 AM,06-DEC-2021 09:04 AM,723267,L,1,1,2,38,Duval,Jacksonville,Urban,12/6/2021 9:01:00 AM,12/6/2021 9:03:00 AM,12/6/2021 9:12:00 AM,12/6/2021 10:05:00 AM,Y,Law Enforcement,N MAIN ST,1554,30.3429883282129,-81.6545375864459,,,,,Parking Lot,Paved,Not at Intersection,N,Daylight,Clear,Dry,N,Angle,Other Non-Fixed Object,In Parking Lane or Zone,N,Non-Junction,None,,,None,,,N,,,,,CSO,Jacksonville Sheriff's Office,Sheriff's Office (SO),12/8/2021 2:02:00 PM,12/8/2021 2:02:00 PM,2,N,Single Vehicle,Other,No Injury,No Injury,DAY,N,N,N,N,N,N,N,N,N,1,0,0,0,0,0,0,0,0,0,0,1,1,0,0,0,0,0,0,0,0,0,0,0,0,N,0,0,Y,0,0,0,0,1,50,1,200,250,0,0,0,Preliminary,Editor Mapped,437091.3167,3356968.2535,30.3429386976525,-81.6545121739757
24735356,2021,04-DEC-2021 02:02 PM,04-DEC-2021 12:00 AM,210022512,L,1,2,8,30,Volusia,Daytona Beach,Urban,12/4/2021 2:02:00 PM,12/4/2021 2:02:00 PM,12/4/2021 2:04:00 PM,12/4/2021 2:42:00 PM,Y,Law Enforcement,N KEECH ST,,29.208228,-81.038833,0,,DR MARY MCLEOD BETHUNE BLVD,,Local,Paved,Four-Way Intersection,N,Daylight,Clear,Dry,N,,Pedestrian,On Roadway,N,Other,None,,,None,,,N,,,,,OFFICER,Daytona Beach Police Department,Police Department (PD),12/7/2021 1:47:00 PM,,3,Y,Pedestrian,Pedestrian,Serious Injury,Incapacitating Injury,DAY,N,N,N,N,N,N,N,N,N,1,1,0,0,1,0,0,0,0,0,0,1,1,0,0,0,0,1,0,0,0,0,0,0,0,N,0,0,Y,1,0,0,0,0,0,1,3000,3000,1,0,0,Preliminary,Editor Mapped,496225.2616,3231055.3519,29.2082178497674,-81.0388331202607
24743374,2021,01-NOV-2021 07:24 AM,01-NOV-2021 12:00 AM,2021-00366481,S,1,2,7,46,Orange,Orlando,Urban,11/1/2021 7:24:00 AM,11/1/2021 9:05:00 AM,11/1/2021 9:09:00 AM,11/1/2021 10:30:00 AM,Y,Law Enforcement,SUMMERLIN AVE,,,,0,,E ROBINSON ST,,Local,Curb,Not at Intersection,,Daylight,Clear,Dry,N,Other,Pedalcycle,On Roadway,N,Non-Junction,None,,,None,,,N,,,,,CPL,Orlando Police Department,Police Department (PD),11/9/2021 1:44:00 PM,,8,N,Bicycle,Bicycle,No Injury,No Injury,DAY,N,N,N,N,N,N,N,N,N,2,0,0,0,0,0,0,0,0,0,0,1,1,0,1,0,0,0,0,0,0,0,0,0,0,N,0,0,Y,0,0,0,0,0,0,1,500,500,0,0,0,Preliminary,Computer mapped confident by address,463952.4999,3157716.2129,28.5457546418306,-81.3684968960721
24744014,2021,06-DEC-2021 07:01 AM,06-DEC-2021 12:00 AM,2021-00410552,L,1,2,7,46,Orange,Orlando,Urban,12/6/2021 7:01:00 AM,12/6/2021 7:02:00 AM,12/6/2021 7:11:00 AM,12/6/2021 7:30:00 AM,Y,Law Enforcement,S.R. 552 (CURRY FORD RD.),,,,0,,S. OXALIS AV.,,State,Curb,Four-Way Intersection,,Dawn,Clear,Dry,N,"Sideswipe, Same Direction",Pedalcycle,On Roadway,N,Intersection,None,,,None,,,N,,,,,Ofc.,Orlando Police Department,Police Department (PD),12/17/2021 1:43:00 PM,,11,Y,Bicycle,Bicycle,Injury,Possible Injury,DAY,N,N,N,N,N,N,Y,N,N,1,1,1,0,0,0,0,0,0,0,0,1,1,0,1,0,0,0,0,0,0,0,0,0,0,N,0,0,Y,0,0,0,0,1,1,1,1,2,0,0,0,Verified,n/a,470438.3335,3154898.5517,28.5204848583658,-81.3021235145148
24781113,2021,01-NOV-2021 02:10 PM,01-NOV-2021 12:00 AM,2111010075030,L,1,2,1,66,Miami-Dade,Miami,Urban,11/1/2021 2:15:00 PM,11/1/2021 2:36:00 PM,11/1/2021 2:43:00 PM,11/1/2021 3:15:00 PM,Y,Law Enforcement,NE 73RD ST,,25.842072,-80.196502,7,East,N MIAMI AVE,,Local,Paved,Four-Way Intersection,N,Daylight,Clear,Dry,N,,Pedestrian,On Roadway,N,Through Roadway,None,,,None,,,N,,,,,OFFICER,Miami Police Department,Police Department (PD),11/2/2021 1:40:00 PM,11/2/2021 1:40:00 PM,1,N,Pedestrian,Pedestrian,No Injury,No Injury,DAY,N,N,N,N,N,N,N,N,N,2,0,0,0,0,0,0,0,0,0,0,1,1,0,1,1,0,0,0,0,0,0,0,0,0,N,0,0,Y,0,0,0,0,0,0,1,250,250,0,0,0,Preliminary,Editor Mapped,580513.9372,2858436.4169,25.8420344621621,-80.1965733959972
24782947,2021,30-NOV-2021 07:35 PM,30-NOV-2021 12:00 AM,2111300082201,L,1,2,1,66,Miami-Dade,Miami,Urban,11/30/2021 7:40:00 PM,11/30/2021 7:40:00 PM,11/30/2021 7:42:00 PM,11/30/2021 8:35:00 PM,N,Law Enforcement,NW 12TH ST,,25.785887,-80.199764,0,,NW 3RD AVE,,Local,Curb,Four-Way Intersection,N,Dark - Lighted,Clear,Dry,N,,Pedestrian,On Roadway,N,Intersection,None,,,None,,,N,,,,,OFC,Miami Police Department,Police Department (PD),12/4/2021 1:35:00 PM,12/4/2021 1:35:00 PM,4,Y,Pedestrian,Pedestrian,Injury,Possible Injury,NIGHT,N,N,N,N,N,Y,Y,N,N,0,1,1,0,0,0,0,0,0,0,0,1,1,0,1,0,0,0,0,0,0,0,0,0,0,N,0,0,Y,0,0,0,0,0,0,0,0,0,1,0,0,Preliminary,Editor Mapped,580232.3761,2852215.9098,25.7858837254971,-80.1997603118421
24784776,2021,28-DEC-2021 02:15 PM,28-DEC-2021 12:00 AM,2112280089009,L,1,3,1,0,Miami-Dade,Unincorporated,Urban,12/28/2021 2:20:00 PM,12/28/2021 2:40:00 PM,12/28/2021 2:55:00 PM,12/28/2021 3:55:00 PM,N,Law Enforcement,SW 21ST AVE,,25.758134,-80.228361,0,,SW 16TH ST,,Local,Paved,Four-Way Intersection,N,Daylight,Clear,Dry,N,,Pedestrian,On Roadway,N,Intersection,None,,,None,,,N,,,,,OFFICER,Miami Police Department,Police Department (PD),12/30/2021 1:39:00 PM,12/30/2021 1:39:00 PM,2,Y,Pedestrian,Pedestrian,Injury,Possible Injury,DAY,N,N,N,N,N,Y,Y,N,N,1,1,1,0,0,0,0,0,0,0,0,2,2,0,1,0,0,0,0,0,0,0,0,0,0,N,0,0,Y,0,0,0,0,0,0,0,0,0,0,0,0,Preliminary,Editor Mapped,577386.6999,2849130.8078,25.7581807001466,-80.2283212597169
