REPORT_NUMBER,CRASH_YEAR,VEHICLE_NUMBER,PERSON_NUMBER,RECOMMENDED_RE_EXAM,DL_STATE,DL_TYPE,DRIVER_DISTRACTION_CODE,CONDITION_AT_TIME_OF_CRASH,REQUIRED_ENDORSEMENTS,VISION_OBSTRUCTED,INSURANCE_COMPANY,CITY,STATE,ZIP_CODE,SEX,HELMET_CODE,RESTRAINT_SYSTEM_CODE,EYE_PROTECTION_CODE,AIR_BAG_DEPLOYMENT_CODE,EJECTED,SUSPECTED_ALCOHOL_USE_CODE,ALCOHOL_TESTED_CODE,ALCOHOL_TEST_TYPE_CODE,ALCOHOL_TEST_RESULTS,BLOOD_ALCOHOL_CONTENT,SUSPECTED_DRUG_USE_CODE,DRUG_TESTED_CODE,DRUG_TEST_TYPE_CODE,DRUG_TEST_RESULTS,INJURY_SEVERITY,EMS_TRANSPORT_TYPE,DRIVER_ACTION_1,DRIVER_ACTION_2,DRIVER_ACTION_3,DRIVER_ACTION_4,S4_AGE_AT_TIME_OF_CRASH,S4_IS_AGGRESSIVE_DRIVING,S4_IS_ALCOHOL_RELATED,S4_IS_DRUG_RELATED,S4_IS_DISTRACTED,S4_IS_SPEEDING_RELATED,S4_IS_AGING_DRIVER,S4_IS_TEENAGER_DRIVER,S4_IS_UNRESTRAINED
24214048,2021,1,1,N,FL,E/Operator,Not Distracted,Apparently Normal,No Required Endorsements,Trees/Crops/Bushes,PROGRESSIVE AMERICAN IN,LAUDERHILL,FL,33313,Male,,Shoulder and Lap Belt Used,,Not Deployed,Not Ejected,N,,,,,N,,,,None,Not Transported,Other Contributing Action,,,,51,N,N,N,N,N,N,N,N
24214501,2021,1,1,N,FL,E/Operator,Not Distracted,Apparently Normal,No Required Endorsements,Vision Not Obscured,ALLSTATE FIRE AND CASUA,MIAMI,FL,33196,Male,,Shoulder and Lap Belt Used,,Not Deployed,Not Ejected,N,,,,,N,,,,None,Not Transported,Operated MV in Careless or Negligent Manner,,,,76,N,N,N,N,N,Y,N,N
24215546,2021,1,1,N,FL,E/Operator,Not Distracted,Apparently Normal,No Required Endorsements,Vision Not Obscured,INFINITY INDEMNITY INSU,MIAMI,FL,33126,Female,,Shoulder and Lap Belt Used,,Not Applicable,Not Ejected,N,,,,,N,,,,None,Not Transported,Failed to Yield Right-of-Way,,,,30,N,N,N,N,N,N,N,N
24219222,2021,1,1,,FL,E/Operator,Not Distracted,Apparently Normal,No,Vision Not Obscured,LYNDON INSURANCE CO,HOLLYWOOD,FL,33020,Male,No Helmet,Shoulder and Lap Belt Used,,Not Deployed,Not Ejected,N,,,,,N,,,,None,Not Transported,No Contributing Action,,,,34,N,N,N,N,N,N,N,N
24219748,2021,1,1,,FL,,Not Distracted,Apparently Normal,No,Vision Not Obscured,PROGRESSIVE AMERICAN INSURANCE COMPANY,MIAMI BEACH,FL,33141,Male,No Helmet,Shoulder and Lap Belt Used,,Not Deployed,Not Ejected,N,,,,,N,,,,None,Not Transported,Operated MV in Careless or Negligent Manner,,,,75,N,N,N,N,N,Y,N,N
24219910,2021,1,1,,FL,E/Operator,Not Distracted,Apparently Normal,No Required Endorsements,Vision Not Obscured,DIRECT GENERAL INSURANCE COMPANY,HOMESTEAD,FL,33030,Female,No Helmet,Shoulder and Lap Belt Used,,Not Deployed,Not Ejected,N,,,,,N,,,,None,Not Transported,Operated MV in Careless or Negligent Manner,,,,49,N,N,N,N,N,N,N,N
24220023,2021,1,1,,FL,E/Operator,Not Distracted,Apparently Normal,No,Vision Not Obscured,NONE,MIAMI BEACH,FL,33139,Male,No Helmet,Lap Belt Only Used,,Not Applicable,"Ejected, Totally",N,,,,,N,,,,Possible,EMS,Failed to Yield Right-of-Way,,,,20,N,N,N,N,N,N,N,N
24222836,2021,1,1,,FL,E/Operator,Inattentive,Apparently Normal,No Required Endorsements,Vision Not Obscured,UNITED AUTOMOBILE INSURANCE COMPANY,MIAMI,FL,33186,Male,No Helmet,Shoulder and Lap Belt Used,,Not Deployed,Not Ejected,N,,,,,N,,,,None,Not Transported,Operated MV in Careless or Negligent Manner,,,,35,N,N,N,Y,N,N,N,N
24236158,2021,1,1,N,FL,E/Operator,Not Distracted,Apparently Normal,No Required Endorsements,Vision Not Obscured,GEICO,ST PETERSBURG,FL,33703,Female,No Helmet,Shoulder and Lap Belt Used,,Not Deployed,Not Ejected,N,,,,,N,,,,None,Not Transported,No Contributing Action,,,,67,N,N,N,N,N,Y,N,N
24250272,2021,1,1,N,FL,E/Operator,Not Distracted,Apparently Normal,No Required Endorsements,Vision Not Obscured,GOVERNMENT EMPLOYEES IN,PALM BAY,FL,32907,Female,,Shoulder and Lap Belt Used,,Not Deployed,Not Ejected,N,,,,,N,,,,None,Not Transported,No Contributing Action,,,,25,N,N,N,N,N,N,N,N
24271252,2021,1,1,N,FL,E/Operator,Not Distracted,Apparently Normal,No Required Endorsements,Vision Not Obscured,ALLSTATE,PEMBROKE PINES,FL,33025,Female,No Helmet,Shoulder and Lap Belt Used,N,Not Deployed,Not Ejected,N,,,,,N,,,,None,Not Transported,Failed to Yield Right-of-Way,,,,28,N,N,N,N,N,N,N,N
24275209,2021,1,1,N,FL,E/Operator,Not Distracted,Apparently Normal,No Required Endorsements,Vision Not Obscured,ALLSTATE,FORT MYERS,FL,33967,Male,,Shoulder and Lap Belt Used,,Not Deployed,Not Ejected,N,,,,,N,,,,None,Not Transported,Improper Passing,,,,51,N,N,N,N,N,N,N,N
24287086,2021,1,1,,FL,E/Operator - Restricted,Not Distracted,Apparently Normal,No,Vision Not Obscured,OLD DOMINION INSURANCE COMPANY,MULBERRY,FL,33860,Male,No Helmet,Shoulder and Lap Belt Used,,Not Deployed,Not Ejected,N,,,,,N,,,,None,Not Transported,No Contributing Action,,,,60,N,N,N,N,N,N,N,N
24304973,2021,1,1,N,FL,E/Operator,Not Distracted,Apparently Normal,No Required Endorsements,Vision Not Obscured,ASSURANCEAMERICA,CLEARWATER,FL,33755,Male,,Shoulder and Lap Belt Used,,Not Applicable,Not Ejected,N,,,,,N,,,,None,Not Transported,No Contributing Action,,,,28,N,N,N,N,N,N,N,N
24305256,2021,1,1,N,,,Unknown,Unknown,,,UNK,UNK,,,Unknown,,,,Deployment Unknown,Unknown,,,,Unknown,,,"Unknown, if Tested",,,None,Unknown,Operated MV in Careless or Negligent Manner,,,,,N,N,N,,N,N,N,N
24305643,2021,1,1,N,FL,E/Operator,Not Distracted,Apparently Normal,No Required Endorsements,Vision Not Obscured,N/A,CLEARWATER,FL,33755,Female,,Shoulder and Lap Belt Used,,Not Deployed,Not Ejected,N,,,,,N,,,,None,Not Transported,No Contributing Action,,,,34,N,N,N,N,N,N,N,N
24321513,2021,1,1,N,FL,E/Operator,Not Distracted,Apparently Normal,No,Vision Not Obscured,STATE FARM MUTUAL AUTOMOBILE INSURA,SUNRISE,FL,33351,Male,No Helmet,Shoulder and Lap Belt Used,N,Not Deployed,Not Ejected,N,,,,,N,,,,None,Not Transported,Other Contributing Action,,,,71,N,N,N,N,N,Y,N,N
24325749,2021,1,1,N,WA,E/Operator,Unknown,Apparently Normal,Yes,Vision Not Obscured,GEICO,JACKSONVILLE,FL,32210,Female,,Shoulder and Lap Belt Used,,Not Deployed,Not Ejected,N,Test Not Given,,,,N,Test Not Given,,,None,Not Transported,Improper Backing,,,,22,N,N,N,,N,N,N,N
24334074,2021,2,1,N,NY,D/Chauffeur,Not Distracted,Apparently Normal,No Required Endorsements,Vision Not Obscured,STATE FARM MUT AUTO CO,DAYTONA BEACH,FL,32114,Male,,Shoulder and Lap Belt Used,,Not Deployed,Not Ejected,N,,,,,N,,,,None,Not Transported,No Contributing Action,,,,51,N,N,N,N,N,N,N,N
24334074,2021,3,2,N,FL,E/Operator,Not Distracted,Apparently Normal,No Required Endorsements,Vision Not Obscured,DIRECT GENERAL INSURANC,DAYTONA BEACH,FL,32114,Female,,Shoulder and Lap Belt Used,,Not Deployed,Not Ejected,N,,,,,N,,,,None,Not Transported,No Contributing Action,,,,32,N,N,N,N,N,N,N,N
24334697,2021,1,1,N,FL,E/Operator,Not Distracted,Apparently Normal,No Required Endorsements,Vision Not Obscured,STATE FARM,NEW SMYRNA BEACH,FL,32168,Male,,Shoulder and Lap Belt Used,,Not Deployed,Not Ejected,N,,,,,N,,,,None,Not Transported,No Contributing Action,,,,74,N,N,N,N,N,Y,N,N
24349623,2021,1,1,,FL,E/Operator,Not Distracted,Apparently Normal,No,Vision Not Obscured,PROGRESSIVE AMERICAN INSURANCE COMPANY,MIAMI,FL,33157,Male,,Shoulder and Lap Belt Used,,Not Deployed,Not Ejected,N,,,,,N,,,,None,Not Transported,Other Contributing Action,,,,53,N,N,N,N,N,N,N,N
24352690,2021,1,1,,FL,E/Operator,Not Distracted,Apparently Normal,No Required Endorsements,Vision Not Obscured,USAA GENERAL INDEMNITY COMPANY,HOMESTEAD,FL,33033,Female,,Shoulder and Lap Belt Used,,Not Deployed,Not Ejected,N,,,,,N,,,,None,Not Transported,Operated MV in Careless or Negligent Manner,,,,30,N,N,N,N,N,N,N,N
24353272,2021,1,1,,FL,E/Operator,Not Distracted,Apparently Normal,No,Vision Not Obscured,ESURANCE PROPERTY & CASUALTY INSURANCE C,PLANTATION,FL,33322,Male,,Shoulder and Lap Belt Used,,Deployed - Front,Not Ejected,N,,,,,N,,,,None,Not Transported,No Contributing Action,,,,29,N,N,N,N,N,N,N,N
24376229,2021,1,1,,OT,E/Operator,Unknown,Unknown,No Required Endorsements,All Other,UK,UK,OT,UK,Unknown,,Other,,Deployment Unknown,Unknown,N,,,,,N,,,,None,Not Transported,Other Contributing Action,,,,,N,N,N,,N,N,N,N
24402782,2021,1,1,N,FL,A,Not Distracted,Apparently Normal,No Required Endorsements,Building/Fixed Object,FLORIDA MUNICIPAL INSURANCE TRUST,ST AUGUSTINE,FL,32080,Male,,Shoulder and Lap Belt Used,,Not Deployed,Not Ejected,N,Test Not Given,,,,N,Test Not Given,,,None,Not Transported,No Contributing Action,,,,54,N,N,N,N,N,N,N,N
24410367,2021,1,1,,OT,E/Operator,Not Distracted,Apparently Normal,No Required Endorsements,Trees/Crops/Bushes,USAA CASUALTY,TITUSVILLE,FL,32780,Female,No Helmet,Shoulder and Lap Belt Used,,Not Deployed,Not Ejected,N,,,,,N,,,,None,Not Transported,No Contributing Action,,,,44,N,N,N,N,N,N,N,N
24421523,2021,1,1,,FL,E/Operator,Not Distracted,Apparently Normal,No Required Endorsements,Vision Not Obscured,GEICO GENERAL INSURANCE COMPANY,ORLANDO,FL,32839,Male,No Helmet,Shoulder and Lap Belt Used,,Not Deployed,Not Ejected,N,,,,,N,,,,None,Not Transported,Operated MV in Careless or Negligent Manner,,,,27,N,N,N,N,N,N,N,N
24425777,2021,2,2,,FL,E/Operator,Not Distracted,Apparently Normal,No Required Endorsements,Vision Not Obscured,GEICO,PORT SAINT LUCIE,FL,34953,Female,No Helmet,Shoulder and Lap Belt Used,N,Not Deployed,Not Ejected,N,,,,,N,,,,None,Not Transported,No Contributing Action,,,,26,N,N,N,N,N,N,N,N
24431582,2021,1,1,N,FL,E/Operator,Inattentive,Apparently Normal,No Required Endorsements,All Other,STATE FARM MUTUAL AUTOMOBILE INSURA,PORT SAINT LUCIE,FL,34983,Male,No Helmet,Shoulder and Lap Belt Used,,Not Deployed,Not Ejected,N,,,,,N,,,,None,Not Transported,Operated MV in Careless or Negligent Manner,,,,62,N,N,N,Y,N,N,N,N
24432373,2021,1,1,N,,None,Unknown,Unknown,,All Other,UNKNOWN,UNKNOWN,FL,000000000,Female,No Helmet,,,Not Deployed,Not Ejected,,Test Not Given,,,,,Test Not Given,,,None,Not Transported,No Contributing Action,No Contributing Action,,,,N,N,N,,N,N,N,N
24532869,2021,1,1,N,FL,E/Operator,Not Distracted,Apparently Normal,No Required Endorsements,Vision Not Obscured,PROGRESSIVE SELECT INSU,MIAMI,FL,33133,Male,,Shoulder and Lap Belt Used,,Not Deployed,Not Ejected,N,,,,,N,,,,None,Not Transported,Ran Stop Sign,,,,32,N,N,N,N,N,N,N,N
24553763,2021,1,1,N,FL,E/Operator,Not Distracted,Apparently Normal,No Required Endorsements,Vision Not Obscured,PROGRESSIVE AMERICAN IN,ZEPHYRHILLS,FL,33542,Female,,Shoulder and Lap Belt Used,,Not Deployed,Not Ejected,N,,,,,N,,,,None,Not Transported,Disregarded Other Road Markings,,,,61,N,N,N,N,N,N,N,N
24553891,2021,1,1,N,FL,E/Operator,Not Distracted,Apparently Normal,No Required Endorsements,Vision Not Obscured,PROGRESSIVE AMERICAN IN,ZEPHYRHILLS,FL,33542,Male,,Shoulder and Lap Belt Used,,Not Applicable,Not Ejected,N,,,,,N,,,,None,Not Transported,No Contributing Action,,,,29,N,N,N,N,N,N,N,N
24563680,2021,1,1,N,FL,E/Operator,Not Distracted,Apparently Normal,,Vision Not Obscured,PROGRESSIVE,PENSACOLA,FL,32504,Male,,Shoulder and Lap Belt Used,,Not Deployed,Not Ejected,N,Test Not Given,,,,N,Test Not Given,,,None,Not Transported,No Contributing Action,,,,60,N,N,N,N,N,N,N,N
24564633,2021,1,1,N,FL,E/Operator,Not Distracted,Apparently Normal,,Vision Not Obscured,STATE FARM,PENSACOLA,FL,32502,Male,,Shoulder and Lap Belt Used,,Not Deployed,Not Ejected,N,Test Not Given,,,,N,Test Not Given,,,None,Not Transported,No Contributing Action,,,,55,N,N,N,N,N,N,N,N
24566667,2021,1,1,N,FL,E/Operator,Not Distracted,Apparently Normal,No Required Endorsements,All Other,INFINITY AUTO INSURANCE,APOPKA,FL,32703,Male,,Shoulder and Lap Belt Used,,Not Deployed,Not Ejected,N,,,,,N,,,,None,Not Transported,Operated MV in Careless or Negligent Manner,,,,41,N,N,N,N,N,N,N,N
24571106,2021,1,1,,,,Unknown,Unknown,,,,,,,,,,,,Unknown,,,,,,,,,,,Unknown,,,,,,N,N,N,,N,N,N,N
24574915,2021,1,1,N,FL,E/Operator,Unknown,Unknown,No Required Endorsements,Vision Not Obscured,GEICO INDEMNITY COMPANY,LARGO,FL,33773,Female,,Shoulder and Lap Belt Used,,Not Deployed,Not Ejected,Y,,,,,,,,,None,Not Transported,Other Contributing Action,,,,23,N,Y,N,,N,N,N,N
24579426,2021,1,1,N,FL,E/Operator,Not Distracted,Apparently Normal,No Required Endorsements,Vision Not Obscured,PEAK PROPERTY AND CASUA,TAMPA,FL,33604,Male,,Shoulder and Lap Belt Used,,Not Deployed,Not Ejected,N,,,,,N,,,,None,Not Transported,No Contributing Action,,,,37,N,N,N,N,N,N,N,N
24617424,2021,1,1,N,FL,E/Operator,Not Distracted,Apparently Normal,No Required Endorsements,Vision Not Obscured,INFINITY ASSURANCE INSU,DORAL,FL,33166,Male,,Shoulder and Lap Belt Used,,Not Deployed,Not Ejected,N,,,,,N,,,,Non-Incapacitating,EMS,No Contributing Action,,,,35,N,N,N,N,N,N,N,N
24630470,2021,1,2,N,FL,E/Operator,Not Distracted,Apparently Normal,,Vision Not Obscured,PROGRESSIVE,BRANDON,FL,33510,Male,,Shoulder and Lap Belt Used,,Not Deployed,Not Ejected,N,Test Not Given,,,,N,Test Not Given,,,None,Not Transported,No Contributing Action,,,,80,N,N,N,N,N,Y,N,N
24680197,2021,1,1,,FL,E/Operator,Not Distracted,Under the Influence of Medications/Drugs/Alcohol,No Required Endorsements,Vision Not Obscured,ALLSTATE FIRE AND CASUALTY INSURANCE,TAMPA,FL,33617,Male,No Helmet,Shoulder and Lap Belt Used,,Not Deployed,Not Ejected,,Test Given,Breath,Completed,0,,Test Given,Blood,Unknown,None,Not Transported,No Contributing Action,,,,70,N,N,N,N,N,Y,N,N
24684444,2021,1,1,,,,Unknown,Unknown,,,,,,,,,,,,Unknown,,,,,,,,,,,Unknown,Failed to Yield Right-of-Way,,,,,N,N,N,,N,N,N,N
24743374,2021,1,1,,FL,E/Operator,Not Distracted,Apparently Normal,No Required Endorsements,Vision Not Obscured,PROGRESSIVE SELECT INSURANCE COMPANY,SORRENTO,FL,32776,Female,No Helmet,Shoulder and Lap Belt Used,,Not Deployed,Not Ejected,N,,,,,N,,,,None,Not Transported,Failed to Yield Right-of-Way,,,,62,N,N,N,N,N,N,N,N
24784776,2021,1,1,,,,Unknown,Unknown,,,,,,,,,,,,Unknown,,,,,,,,,,,Unknown,,,,,,N,N,N,,N,N,N,N
24782947,2021,1,1,,,,Unknown,Unknown,,,,,,,,,,,,Unknown,,,,,,,,,,,Unknown,,,,,,N,N,N,,N,N,N,N
24218969,2021,2,2,,FL,E/Operator,Not Distracted,Apparently Normal,No,Vision Not Obscured,UNITED AUTOMOBILE INSURANCE COMPANY,HIALEAH,FL,33010,Male,No Helmet,Shoulder and Lap Belt Used,,Not Deployed,Not Ejected,N,,,,,N,,,,None,Not Transported,No Contributing Action,,,,61,N,N,N,N,N,N,N,N
24221438,2021,1,1,,,,Not Distracted,Apparently Normal,No Required Endorsements,Vision Not Obscured,,UNK,OT,UNK,Female,,Shoulder and Lap Belt Used,,Not Deployed,Not Ejected,N,,,,,N,,,,None,Not Transported,"Operated MV in Erratic, Reckless or Aggressive Manner",,,,,Y,N,N,N,N,N,N,N
24222402,2021,1,1,,FL,E/Operator,Not Distracted,Apparently Normal,No Required Endorsements,Vision Not Obscured,PROGRESSIVE SELECT INSURANCE COMPANY,MIAMI BEACH,FL,33140,Male,,Shoulder and Lap Belt Used,,Not Deployed,Not Ejected,N,,,,,N,,,,None,Not Transported,Operated MV in Careless or Negligent Manner,,,,30,N,N,N,N,N,N,N,N
24222451,2021,1,1,,FL,E/Operator,Not Distracted,Apparently Normal,No Required Endorsements,Vision Not Obscured,ALLSTATE FIRE AND CASUALTY INSURANCE COM,SUNRISE,FL,33326,Male,,Shoulder and Lap Belt Used,,Not Deployed,Not Ejected,N,,,,,N,,,,None,Not Transported,Failed to Yield Right-of-Way,Operated MV in Careless or Negligent Manner,,,70,N,N,N,N,N,Y,N,N
24234974,2021,1,1,N,FL,E/Operator,Not Distracted,Apparently Normal,No,Vision Not Obscured,CITY OF ST. PETERSBURG,ST. PETERSBURG,FL,33702,Male,No Helmet,Shoulder and Lap Belt Used,,Not Applicable,Not Applicable,N,,,,,N,,,,None,Not Transported,No Contributing Action,,,,35,N,N,N,N,N,N,N,N
24238735,2021,1,1,N,FL,E/Operator,Not Distracted,Apparently Normal,No Required Endorsements,Vision Not Obscured,GEICO INDEMNITY COMPANY,SAINT PETERSBURG,FL,33705,Male,,Shoulder and Lap Belt Used,,Not Deployed,Not Ejected,N,,,,,N,,,,None,Not Transported,No Contributing Action,,,,45,N,N,N,N,N,N,N,N
24240381,2021,1,1,N,FL,E/Operator,Not Distracted,Apparently Normal,No Required Endorsements,Vision Not Obscured,ASCENDANT COMMERCIAL IN,HOLIDAY,FL,34691,Male,,Shoulder and Lap Belt Used,,Not Deployed,Not Ejected,N,,,,,N,,,,None,Not Transported,No Contributing Action,,,,41,N,N,N,N,N,N,N,N
24251336,2021,1,1,N,FL,E/Operator,Not Distracted,Apparently Normal,No Required Endorsements,Vision Not Obscured,THE STANDARD FIRE INSUR,PALM BAY,FL,32907,Female,,Shoulder and Lap Belt Used,,Not Deployed,Not Ejected,N,,,,,N,,,,None,Not Transported,No Contributing Action,,,,73,N,N,N,N,N,Y,N,N
24267942,2021,1,1,N,FL,E/Operator,Not Distracted,Apparently Normal,No,Vision Not Obscured,UNITED AUTOMOBILE INSURANCE COMPANY,FORT LAUDERDALE,FL,33311,Male,No Helmet,Shoulder and Lap Belt Used,,Not Applicable,Not Ejected,N,,,,,N,,,,Possible,Not Transported,No Contributing Action,,,,44,N,N,N,N,N,N,N,N
24273740,2021,1,1,N,FL,E/Operator,Not Distracted,Apparently Normal,No Required Endorsements,Vision Not Obscured,NATIONAL GENERAL,BOCA RATON,FL,33428,Male,,Shoulder and Lap Belt Used,,Not Deployed,Not Ejected,N,,,,,N,,,,None,Not Transported,No Contributing Action,,,,58,N,N,N,N,N,N,N,N
24285992,2021,1,1,N,FL,E/Operator,Not Distracted,Apparently Normal,Yes,Vision Not Obscured,ALLSTATE INSURANCE,PORT SAINT LUCIE,FL,34983,Male,No Helmet,Not Applicable (non-motorist),Y,Not Applicable,"Ejected, Partially",N,,,,,N,,,,Non-Incapacitating,Not Transported,No Contributing Action,,,,43,N,N,N,N,N,N,N,N
24321017,2021,1,1,N,FL,E/Operator,Not Distracted,Apparently Normal,No Required Endorsements,Vision Not Obscured,NO INSURANCE,HALLANDALE BEACH,FL,33009,Male,,Shoulder and Lap Belt Used,,Deployed - Front,Not Ejected,,,,,,,,,,Possible,EMS,Operated MV in Careless or Negligent Manner,Operated MV in Careless or Negligent Manner,,,33,N,N,N,N,N,N,N,N
24321017,2021,2,2,N,FL,E/Operator,Not Distracted,Apparently Normal,No Required Endorsements,Vision Not Obscured,PROGRESSIVE AMERICAN INSURANCE COMP,SUNNY ISLES BEACH,FL,33160,Female,,Shoulder and Lap Belt Used,,Not Deployed,Not Ejected,N,,,,,N,,,,Possible,Not Transported,Operated MV in Careless or Negligent Manner,Operated MV in Careless or Negligent Manner,,,64,N,N,N,N,N,N,N,N
24335573,2021,1,1,N,FL,E/Operator,Not Distracted,Apparently Normal,No Required Endorsements,Vision Not Obscured,PEAK PROPERTY AND CASUA,PORT ORANGE,FL,32129,Male,,Shoulder and Lap Belt Used,,Not Deployed,Not Ejected,N,,,,,N,,,,None,Not Transported,No Contributing Action,,,,27,N,N,N,N,N,N,N,N
24355045,2021,1,2,,FL,E/Operator,Not Distracted,Apparently Normal,No Required Endorsements,Vision Not Obscured,STATE FARM MUTUAL AUTOMOBILE INSURANCE C,HIALEAH,FL,33015,Male,,Shoulder and Lap Belt Used,,Not Deployed,Not Ejected,N,,,,,N,,,,None,Not Transported,No Contributing Action,,,,47,N,N,N,N,N,N,N,N
24381052,2021,1,1,,FL,E/Operator,Not Distracted,Apparently Normal,No,Vision Not Obscured,GEICO GENERAL INSURANCE COMPANY,MIAMI,FL,33157,Male,No Helmet,Shoulder and Lap Belt Used,,Not Deployed,Not Ejected,N,,,,,N,,,,None,Not Transported,No Contributing Action,,,,59,N,N,N,N,N,N,N,N
24430757,2021,2,1,N,FL,E/Operator,Not Distracted,Apparently Normal,No Required Endorsements,Vision Not Obscured,GOVERNMENT EMPLOYEES INSURANCE COMP,PORT SAINT LUCIE,FL,34984,Male,No Helmet,Shoulder and Lap Belt Used,,Not Deployed,Not Ejected,N,,,,,N,,,,None,Not Transported,No Contributing Action,,,,40,N,N,N,N,N,N,N,N
24432649,2021,1,1,N,FL,E/Operator,Not Distracted,Apparently Normal,No Required Endorsements,Vision Not Obscured,DIRECT GENERAL INSURANCE COMPANY,CLEARWATER,FL,33756,Female,No Helmet,Shoulder and Lap Belt Used,,Not Deployed,Not Ejected,N,,,,,N,,,,None,Not Transported,Operated MV in Careless or Negligent Manner,,,,55,N,N,N,N,N,N,N,N
24439926,2021,1,1,N,FL,E/Operator,Not Distracted,Apparently Normal,No Required Endorsements,Vision Not Obscured,PROGRESSIVE AMERICAN IN,MIRAMAR,FL,33025,Male,,Shoulder and Lap Belt Used,,Not Deployed,Not Ejected,N,,,,,N,,,,None,Not Transported,No Contributing Action,,,,38,N,N,N,N,N,N,N,N
24463559,2021,1,1,N,FL,E/Operator,Not Distracted,Apparently Normal,,Vision Not Obscured,GEICO CASUALTY COMPANY,OPA LOCKA,FL,33054,Female,No Helmet,Shoulder and Lap Belt Used,,Not Deployed,Not Ejected,N,,,,,N,,,,None,Not Transported,No Contributing Action,,,,40,N,N,N,N,N,N,N,N
24481494,2021,1,1,,FL,E/Operator,Unknown,Unknown,No Required Endorsements,,BRISTOL WEST,NORTH MIAMI BEACH,FL,33162,Male,,,,,Unknown,,,,,,,,,,None,Unknown,,,,,27,N,N,N,,N,N,N,N
24497157,2021,1,1,N,FL,E/Operator,Inattentive,Apparently Normal,No Required Endorsements,Vision Not Obscured,ESURANCE,CHIPLEY,FL,32428,Female,,Shoulder and Lap Belt Used,,Not Deployed,Not Ejected,N,,,,,N,,,,None,Not Transported,Failed to Keep in Proper Lane,,,,20,N,N,N,Y,N,N,N,N
24501700,2021,1,1,N,FL,E/Operator,Not Distracted,Apparently Normal,No Required Endorsements,Vision Not Obscured,INFINITY INDEMINITY INSURANCE COMPANY,FLORIDA CITY,FL,33034,Male,,Shoulder and Lap Belt Used,,Not Deployed,Not Ejected,N,,,,,N,,,,None,Not Transported,No Contributing Action,,,,35,N,N,N,N,N,N,N,N
24523053,2021,1,1,N,FL,E/Operator,Not Distracted,Apparently Normal,No Required Endorsements,Vision Not Obscured,PEAK PROPERTY AND CASUA,PAHOKEE,FL,33476,Female,,Shoulder and Lap Belt Used,,Not Deployed,Not Ejected,N,,,,,N,,,,None,Not Transported,No Contributing Action,,,,28,N,N,N,N,N,N,N,N
24525410,2021,1,1,N,FL,E/Operator,Not Distracted,Apparently Normal,No Required Endorsements,Vision Not Obscured,ACCREDITED SURETY AND CASULTY COMPANHY,MIAMI,FL,33136,Male,,Shoulder and Lap Belt Used,,Not Applicable,Not Ejected,N,,,,,N,,,,None,Not Transported,No Contributing Action,,,,19,N,N,N,N,N,N,Y,N
24529909,2021,1,1,N,FL,E/Operator,Not Distracted,Apparently Normal,No Required Endorsements,Vision Not Obscured,GEICO GENERAL INSURANCE,MIAMI,FL,33128,Female,,Shoulder and Lap Belt Used,,Not Applicable,Not Ejected,N,,,,,N,,,,None,Not Transported,Operated MV in Careless or Negligent Manner,,,,61,N,N,N,N,N,N,N,N
24533374,2021,1,1,N,FL,E/Operator,Not Distracted,Apparently Normal,No Required Endorsements,Vision Not Obscured,IMPERIAL FIRE AND CASUA,MIAMI,FL,33125,Male,,Shoulder and Lap Belt Used,,Not Applicable,Not Ejected,N,,,,,N,,,,None,Not Transported,No Contributing Action,,,,61,N,N,N,N,N,N,N,N
24534301,2021,1,1,N,FL,E/Operator,Not Distracted,Apparently Normal,No Required Endorsements,Vision Not Obscured,HARTFORD FIRE INSURANCE CO,MIAMI,FL,33055,Male,,Shoulder and Lap Belt Used,,Not Applicable,Not Ejected,N,,,,,N,,,,None,Not Transported,Operated MV in Careless or Negligent Manner,,,,70,N,N,N,N,N,Y,N,N
24534657,2021,1,1,N,FL,E/Operator,Not Distracted,Apparently Normal,No Required Endorsements,Vision Not Obscured,PRIVATE,MIAMI,FL,33125,Male,No Helmet,Other,N,Not Applicable,Not Applicable,N,,,,,N,,,,None,EMS,No Contributing Action,,,,34,N,N,N,N,N,N,N,N
24534902,2021,1,1,,,,Unknown,Unknown,,,,,,,,,,,,Unknown,,,,,,,,,,,Unknown,,,,,,N,N,N,,N,N,N,N
24543594,2021,1,1,N,FL,E/Operator,Not Distracted,Apparently Normal,No Required Endorsements,Vision Not Obscured,PEAK PROPERTY AND CASUALTY,PORT CHARLOTTE,FL,33952,Male,,Shoulder and Lap Belt Used,,Not Applicable,Not Ejected,N,,,,,N,,,,None,Not Transported,Failed to Yield Right-of-Way,,,,42,N,N,N,N,N,N,N,N
24551486,2021,1,1,N,FL,E/Operator,Not Distracted,Apparently Normal,No Required Endorsements,Vision Not Obscured,GEICO INDEMNITY COMPANY,SPRING HILL,FL,34609,Male,,Shoulder and Lap Belt Used,,Not Deployed,Not Ejected,N,,,,,N,,,,None,Not Transported,No Contributing Action,,,,40,N,N,N,N,N,N,N,N
24551601,2021,1,1,N,FL,E/Operator,Not Distracted,Apparently Normal,No Required Endorsements,Vision Not Obscured,HARTFORD UNDERWRITERS I,NEW PORT RICHEY,FL,34655,Female,,Shoulder and Lap Belt Used,,Not Applicable,Not Ejected,N,,,,,N,,,,None,Not Transported,Failed to Yield Right-of-Way,,,,77,N,N,N,N,N,Y,N,N
24558107,2021,1,1,N,FL,E/Operator,Not Distracted,Apparently Normal,No Required Endorsements,Vision Not Obscured,UNITED SERVICES AUTOMOB,FLEMING ISLAND,FL,32003,Male,,Shoulder and Lap Belt Used,,Not Deployed,Not Ejected,N,,,,,N,,,,None,Not Transported,Failed to Yield Right-of-Way,No Contributing Action,No Contributing Action,No Contributing Action,65,N,N,N,N,N,Y,N,N
24563642,2021,1,2,N,FL,E/Operator,Not Distracted,Apparently Normal,,Vision Not Obscured,GEICO,PENSACOLA,FL,32503,Male,,Shoulder and Lap Belt Used,,Not Deployed,Not Ejected,N,Test Not Given,,,,N,Test Not Given,,,None,Not Transported,No Contributing Action,,,,43,N,N,N,N,N,N,N,N
24569218,2021,1,1,N,FL,E/Operator,Not Distracted,Apparently Normal,,Vision Not Obscured,PEAK PROPERTY AND CASUALTY INSURANCE,PALATKA,FL,32177,Male,,Shoulder and Lap Belt Used,,Not Deployed,Not Ejected,N,Test Not Given,,,,N,Test Not Given,,,None,Not Transported,No Contributing Action,,,,59,N,N,N,N,N,N,N,N
24576729,2021,1,1,N,FL,E/Operator,Unknown,Apparently Normal,No Required Endorsements,Vision Not Obscured,STATE FARM MUTUAL AUTOM,TAMPA,FL,33604,Female,,Shoulder and Lap Belt Used,,Not Applicable,Not Ejected,N,,,,,N,,,,None,Not Transported,Failed to Yield Right-of-Way,,,,54,N,N,N,,N,N,N,N
24578188,2021,1,1,N,FL,E/Operator,Unknown,Apparently Normal,No Required Endorsements,Vision Not Obscured,GEICO GENERAL INSURANCE,LAND O LAKES,FL,34638,Male,,Shoulder and Lap Belt Used,,Not Deployed,Not Ejected,N,,,,,N,,,,None,Not Transported,Failed to Yield Right-of-Way,,,,32,N,N,N,,N,N,N,N
24578577,2021,1,1,N,FL,E/Operator,Not Distracted,Apparently Normal,No Required Endorsements,Vision Not Obscured,SECURITY NATIONAL INSUR,TAMPA,FL,33616,Female,,Shoulder and Lap Belt Used,,Not Deployed,Not Ejected,N,,,,,N,,,,None,Not Transported,No Contributing Action,,,,28,N,N,N,N,N,N,N,N
24579432,2021,1,1,,,,Unknown,Unknown,,,,,,,,,,,,Unknown,,,,,,,,,,,Unknown,,,,,,N,N,N,,N,N,N,N
24579472,2021,1,1,N,FL,E/Operator,Unknown,Apparently Normal,No Required Endorsements,Vision Not Obscured,PEAK PROPERTY AND CASUA,TAMPA,FL,33610,Female,,Shoulder and Lap Belt Used,,Not Deployed,Not Ejected,N,,,,,N,,,,None,Not Transported,No Contributing Action,,,,21,N,N,N,,N,N,N,N
24580358,2021,1,1,N,FL,E/Operator,Not Distracted,Apparently Normal,No Required Endorsements,Vision Not Obscured,GEICO,TAMPA,FL,33617,Male,,Shoulder and Lap Belt Used,,Not Deployed,Not Ejected,N,,,,,N,,,,None,Not Transported,No Contributing Action,,,,30,N,N,N,N,N,N,N,N
24631410,2021,1,1,N,FL,E/Operator,Not Distracted,Apparently Normal,,Vision Not Obscured,STATE FARM INS,TAMPA,FL,33618,Female,,Shoulder and Lap Belt Used,,Not Deployed,Not Ejected,N,Test Not Given,,,,N,Test Not Given,,,None,Not Transported,Failed to Yield Right-of-Way,,,,18,N,N,N,N,N,N,Y,N
24712079,2021,1,1,N,FL,E/Operator,Inattentive,Apparently Normal,No Required Endorsements,Vision Not Obscured,GEICO GENERAL INSURANCE COMPANY,GAINESVILLE,FL,32606,Male,No Helmet,Shoulder and Lap Belt Used,,Not Deployed,Not Ejected,N,,,,,N,,,,None,Not Transported,Operated MV in Careless or Negligent Manner,,,,18,N,N,N,Y,N,N,Y,N
24712486,2021,1,1,N,FL,E/Operator,Not Distracted,Apparently Normal,No Required Endorsements,Vision Not Obscured,ALLSTATE INSURANCE COMPANY,GAINESVILLE,FL,32608,Male,No Helmet,Shoulder and Lap Belt Used,,Not Deployed,Not Ejected,N,,,,,N,,,,None,Not Transported,Operated MV in Careless or Negligent Manner,,,,71,N,N,N,N,N,Y,N,N
24720308,2021,1,1,N,FL,E/Operator,Not Distracted,Apparently Normal,No Required Endorsements,Vision Not Obscured,HARTFORD INSURANCE COMP,VENICE,FL,34285,Female,,Shoulder and Lap Belt Used,,Not Deployed,Not Ejected,N,,,,,N,,,,None,Not Transported,No Contributing Action,,,,64,N,N,N,N,N,N,N,N
24720828,2021,1,1,,,,Not Distracted,Unknown,,,,,,,,,,,,Unknown,,,,,,,,,,,Not Transported,Failed to Yield Right-of-Way,,,,,N,N,N,N,N,N,N,N
24744014,2021,1,1,,FL,E/Operator,Not Distracted,Apparently Normal,No Required Endorsements,Vision Not Obscured,ALLSTATE,ORLANDO,FL,32807,Male,No Helmet,Shoulder and Lap Belt Used,,Not Deployed,Not Ejected,N,,,,,N,,,,None,Not Transported,Failed to Yield Right-of-Way,,,,62,N,N,N,N,N,N,N,N
24781113,2021,1,1,N,FL,E/Operator,Not Distracted,Apparently Normal,No Required Endorsements,Vision Not Obscured,PROGRESSIVE AMERICAN IN,MIAMI,FL,33161,Male,,Shoulder and Lap Belt Used,,Not Applicable,Not Ejected,N,,,,,N,,,,None,Not Transported,No Contributing Action,,,,70,N,N,N,N,N,Y,N,N
