REPORT_NUMBER,CRASH_YEAR,PERSON_NUMBER,LOCATION_AT_TIME_OF_CRASH_CODE,ACTION_PRIOR_TO_CRASH_CODE,NON_MOTORIST_DESCRIPTION_CODE,CITY,STATE,ZIP_CODE,SEX,SUSPECTED_ALCOHOL_USE_CODE,ALCOHOL_TESTED_CODE,ALCOHOL_TEST_TYPE_CODE,ALCOHOL_TEST_RESULT,BLOOD_ALCOHOL_CONTENT,SUSPECTED_DRUG_USE_CODE,DRUG_TESTED_CODE,DRUG_TEST_TYPE_CODE,DRUG_TEST_RESULT,INJURY_SEVERITY,EMS_TRANSPORT_TYPE,NON_MOTORIST_ACTIONS_CIRCUMSTANCES_1,NON_MOTORIST_ACTIONS_CIRCUMSTANCES_2,SAFETY_EQUIPMENT_CODE_1,SAFETY_EQUIPMENT_CODE_2,S4_AGE_AT_TIME_OF_CRASH,S4_IS_ALCOHOL_RELATED,S4_IS_DRUG_RELATED,S4_IS_AGING,S4_IS_TEENAGER
24214048,2021,2,Sidewalk,Walking/Cycling on Sidewalk,Other Cyclist,MIAMI BEACH,FL,33141,Female,N,,,,,N,,,,Possible,Not Transported,Wrong-Way Riding or Walking,,None,,29,N,N,N,N
24214501,2021,2,Midblock - Marked Crosswalk,Crossing Roadway,Other Cyclist,BEACON,NY,12508,Female,N,,,,,N,,,,Possible,Other,No Improper Action,,None,,19,N,N,N,Y
24215546,2021,2,Driveway Access,Walking/Cycling on Sidewalk,Other Cyclist,MIAMI,FL,33137,Male,N,,,,,N,,,,None,Not Transported,No Improper Action,,None,,22,N,N,N,N
24784776,2021,3,Travel Lane - Other Location,Crossing Roadway,Other Cyclist,MIAMI,FL,33175,Male,N,,,,,N,,,,None,Not Transported,No Improper Action,,None,,25,N,N,N,N
24218969,2021,1,Intersection - Other,Walking/Cycling Along Roadway With Traffic,Other Cyclist,MIAMI BEACH,,33140,Female,N,,,,,N,,,,Non-Incapacitating,Not Transported,"Failure to Obey Traffic Signs, Signals, or Officer",,None,,22,N,N,N,N
24219222,2021,3,Travel Lane - Other Location,Crossing Roadway,Other Cyclist,MIAMI BEACH,,33139,Male,N,,,,,N,,,,Non-Incapacitating,EMS,Failure to Yield Right-of-Way,,None,,40,N,N,N,N
24219416,2021,1,Bicycle Lane,Walking/Cycling on Sidewalk,Other Cyclist,MIAMI BEACH,,33139,Female,N,,,,,N,,,,Possible,Not Transported,No Improper Action,,None,,18,N,N,N,Y
24219416,2021,2,Bicycle Lane,Walking/Cycling on Sidewalk,Other Cyclist,MIAMI BEACH,,33139,Female,N,,,,,N,,,,Non-Incapacitating,Not Transported,No Improper Action,,None,,7,N,N,N,N
24219748,2021,2,Driveway Access,Crossing Roadway,Other Cyclist,MIAMI BEACH,,33141,Male,N,,,,,N,,,,Non-Incapacitating,Not Transported,No Improper Action,,Helmet,,12,N,N,N,N
24219910,2021,3,Bicycle Lane,None,Other Cyclist,NEW YORK,,10013,Female,N,,,,,N,,,,Non-Incapacitating,EMS,No Improper Action,,None,,24,N,N,N,N
24219910,2021,2,Bicycle Lane,None,Bicyclist,NEW YORK,,10013,Male,N,,,,,N,,,,Possible,EMS,No Improper Action,,None,,41,N,N,N,N
24220023,2021,2,Other,Other,Other Cyclist,MIAMI BEACH,,33139,Male,N,,,,,N,,,,Possible,Not Transported,No Improper Action,,None,,44,N,N,N,N
24221438,2021,2,Shared-Use Path or Trail,Walking/Cycling Along Roadway With Traffic,Other Cyclist,MIAMI BEACH,,33139,Female,N,,,,,N,,,,Possible,Not Transported,No Improper Action,,None,,41,N,N,N,N
24222402,2021,2,Sidewalk,Other,Other Cyclist,MIAMI BEACH,,33141,Female,N,,,,,N,,,,Non-Incapacitating,Not Transported,No Improper Action,,None,,24,N,N,N,N
24222451,2021,2,Bicycle Lane,Walking/Cycling Along Roadway With Traffic,Other Cyclist,MIAMI BEACH,,33139,Male,N,,,,,N,,,,Non-Incapacitating,EMS,No Improper Action,,None,,33,N,N,N,N
24222451,2021,3,Bicycle Lane,Walking/Cycling Along Roadway With Traffic,Other Cyclist,MIAMI BEACH,,33139,Female,N,,,,,N,,,,Non-Incapacitating,EMS,No Improper Action,,None,,42,N,N,N,N
24222836,2021,2,Intersection - Marked Crosswalk,Crossing Roadway,Other Cyclist,MIAMI BEACH,,33139,Female,N,,,,,N,,,,Non-Incapacitating,EMS,No Improper Action,,None,,27,N,N,N,N
24234974,2021,2,Intersection - Marked Crosswalk,Crossing Roadway,Other Cyclist,SAINT PETERSBURG,FL,33701,Female,,Test Not Given,,,,N,,,,Non-Incapacitating,Not Transported,"Failure to Obey Traffic Signs, Signals, or Officer",,None,,31,N,N,N,N
24236158,2021,2,Intersection - Other,Walking/Cycling Along Roadway With Traffic,Other Cyclist,ST PETERSBURG,FL,33702,Female,N,,,,,N,,,,Possible,Not Transported,No Improper Action,,None,,30,N,N,N,N
24238735,2021,3,Travel Lane - Other Location,Walking/Cycling Along Roadway With Traffic,Other Cyclist,ST PETERSBURG,FL,33705,Male,N,,,,,N,,,,Possible,EMS,Improper Turn/Merge,,None,,38,N,N,N,N
24240381,2021,2,Intersection - Other,Crossing Roadway,Other Cyclist,ST PETERSBURG,FL,33711,Male,N,,,,,N,,,,Non-Incapacitating,EMS,"Failure to Obey Traffic Signs, Signals, or Officer",,None,,23,N,N,N,N
24250272,2021,2,Intersection - Marked Crosswalk,Crossing Roadway,Other Cyclist,PALM BAY,FL,32909,Male,N,,,,,N,,,,Incapacitating,EMS,Not Visible,,None,,52,N,N,N,N
24251336,2021,2,Intersection - Marked Crosswalk,Crossing Roadway,Other Cyclist,,FF,,Male,N,,,,,N,,,,None,Not Transported,No Improper Action,,None,,24,N,N,N,N
24263782,2021,1,Sidewalk,Going To or From School,Other Cyclist,WEST PALM BEACH,FL,33401,,N,,,,,N,,,,None,Not Transported,Failure to Yield Right-of-Way,,None,,,N,N,N,N
24267942,2021,2,Other,Walking/Cycling Along Roadway Against Traffic,Other Cyclist,MIAMI,FL,33137,,N,,,,,N,,,,None,EMS,Dart/Dash,,None,,,N,N,N,N
24270898,2021,2,Travel Lane - Other Location,Crossing Roadway,Other Cyclist,FORT LAUDERDALE,FL,33311,,N,,,,,N,,,,Non-Incapacitating,EMS,"Failure to Obey Traffic Signs, Signals, or Officer",,None,,,N,N,N,N
24271252,2021,2,Bicycle Lane,Walking/Cycling Along Roadway With Traffic,Other Cyclist,FORT LAUDERDALE,FL,33311,,N,,,,,N,,,,Non-Incapacitating,EMS,No Improper Action,,None,,,N,N,N,N
24273740,2021,2,Sidewalk,Walking/Cycling on Sidewalk,Other Cyclist,FORT LAUDERDALE,FL,33311,,N,,,,,N,,,,Possible,Not Transported,No Improper Action,,None,,,N,N,N,N
24275209,2021,2,Travel Lane - Other Location,Walking/Cycling Along Roadway Against Traffic,Other Cyclist,ESTERO,FL,33928,Male,N,,,,,N,,,,Non-Incapacitating,Not Transported,Improper Turn/Merge,,Helmet,,38,N,N,N,N
24285992,2021,3,Travel Lane - Other Location,Crossing Roadway,Other Cyclist,FORT PIERCE,FL,34982,,N,,,,,N,,,,Non-Incapacitating,Not Transported,In Roadway Improperly,,None,,,N,N,N,N
24287086,2021,2,Intersection - Marked Crosswalk,Crossing Roadway,Other Cyclist,MULBERRY,,33860,Male,N,,,,,N,,,,Non-Incapacitating,EMS,"Failure to Obey Traffic Signs, Signals, or Officer",,None,,18,N,N,N,Y
24304973,2021,3,Sidewalk,Walking/Cycling on Sidewalk,Other Cyclist,CLEARWATER,FL,33755,Male,N,,,,,N,,,,Non-Incapacitating,Not Transported,Other,,None,,14,N,N,N,N
24305256,2021,2,Other,Crossing Roadway,Other Cyclist,CLEARWATER,FL,33755,Male,N,,,,,N,,,,None,Not Transported,Other,No Improper Action,None,,21,N,N,N,N
24305643,2021,2,Other,Crossing Roadway,Other Cyclist,PALM HARBOR,FL,34683,Male,N,,,,,N,,,,Incapacitating,EMS,"Failure to Obey Traffic Signs, Signals, or Officer",Failure to Yield Right-of-Way,None,,68,N,N,Y,N
24321017,2021,4,Bicycle Lane,Other,Other Cyclist,NEW YORK,NY,10023,,N,,,,,N,,,,Possible,Not Transported,No Improper Action,,Helmet,,,N,N,N,N
24321513,2021,2,Intersection - Marked Crosswalk,Other,Other Cyclist,AVENTURA,FL,33180,,N,,,,,N,,,,Possible,EMS,No Improper Action,,None,,,N,N,N,N
24325749,2021,2,Other,Other,Other Cyclist,JACKSONVILLE,FL,32210,Male,N,Test Not Given,,,,N,Test Not Given,,,Possible,EMS,Other,,None,,2,N,N,N,N
24334074,2021,5,Sidewalk,Walking/Cycling on Sidewalk,Other Cyclist,DAYTONA BEACH,FL,32114,Male,N,,,,,N,,,,None,Not Transported,No Improper Action,,None,,20,N,N,N,N
24334697,2021,2,Travel Lane - Other Location,None,Other Cyclist,DAYTONA BEACH,FL,32118,Male,N,,,,,N,,,,None,Not Transported,No Improper Action,,None,,40,N,N,N,N
24335573,2021,2,Other,Crossing Roadway,Other Cyclist,DAYTONA BEACH,FL,32114,Female,N,,,,,N,,,,Non-Incapacitating,Other,Wrong-Way Riding or Walking,,None,,19,N,N,N,Y
24349623,2021,2,Travel Lane - Other Location,Crossing Roadway,Other Cyclist,MIAMI,,33186,Male,N,,,,,N,,,,Non-Incapacitating,EMS,Other,,None,,3,N,N,N,N
24349623,2021,3,Travel Lane - Other Location,Crossing Roadway,Other Cyclist,MIAMI,,33186,Male,N,,,,,N,,,,Non-Incapacitating,EMS,Other,,None,,6,N,N,N,N
24352690,2021,3,Intersection - Other,Crossing Roadway,Other Cyclist,MIAMI,,33186,Male,N,,,,,N,,,,Possible,Not Transported,No Improper Action,,None,,20,N,N,N,N
24353272,2021,2,Intersection - Marked Crosswalk,Crossing Roadway,Other Cyclist,MIAMI,,33147,Female,N,,,,,N,,,,Possible,Not Transported,No Improper Action,,None,,15,N,N,N,Y
24355045,2021,1,Sidewalk,Other,Other Cyclist,POMPANO BEACH,,33060,Male,N,,,,,N,,,,Possible,Not Transported,Wrong-Way Riding or Walking,,None,,36,N,N,N,N
24376229,2021,2,Bicycle Lane,Walking/Cycling Along Roadway With Traffic,Other Cyclist,SUNRISE,,33322,Male,N,,,,,N,,,,Possible,Not Transported,Other,,None,,57,N,N,N,N
24381052,2021,2,Shoulder/Roadside,Walking/Cycling Along Roadway With Traffic,Other Cyclist,MIAMI FL,,33033,Male,N,,,,,N,,,,None,Not Transported,"Failure to Obey Traffic Signs, Signals, or Officer",,Helmet,,28,N,N,N,N
24402782,2021,3,Intersection - Marked Crosswalk,Crossing Roadway,Other Cyclist,ST AUGUSTINE,FL,32084,Male,N,Test Not Given,,,,N,Test Not Given,,,Non-Incapacitating,Not Transported,Dart/Dash,,Helmet,,79,N,N,Y,N
24410367,2021,2,Intersection - Marked Crosswalk,Crossing Roadway,Other Cyclist,TITUSVILLE,,32780,Male,N,,,,,N,,,,None,Not Transported,Dart/Dash,,None,,14,N,N,N,N
24421523,2021,2,Travel Lane - Other Location,Walking/Cycling Along Roadway With Traffic,Other Cyclist,ORLANDO,,32818,Male,N,,,,,N,,,,None,Not Transported,No Improper Action,,None,,22,N,N,N,N
24425777,2021,1,Other,Crossing Roadway,Other Cyclist,BUFFALO,,14215,Female,N,,,,,N,,,,Possible,Not Transported,Dart/Dash,Failure to Yield Right-of-Way,None,,28,N,N,N,N
24430757,2021,3,Driveway Access,Walking/Cycling Along Roadway Against Traffic,Other Cyclist,PORT ST LUCIE,FL,34953,,N,,,,,N,,,,None,Not Transported,Inattentive,Other,Protective Pads,Helmet,,N,N,N,N
24431582,2021,3,Shoulder/Roadside,In Roadway - Other,Other Cyclist,PORT ST LUCIE,FL,34983,,N,,,,,N,,,,Possible,EMS,No Improper Action,,None,,,N,N,N,N
24432373,2021,2,Bicycle Lane,Walking/Cycling Along Roadway With Traffic,Other Cyclist,LARGO,FL,33778,,N,,,,,N,,,,Non-Incapacitating,Not Transported,No Improper Action,,Lighting,,,N,N,N,N
24432649,2021,3,Intersection - Marked Crosswalk,Crossing Roadway,Other Cyclist,LARGO,FL,33771,,N,,,,,N,,,,Non-Incapacitating,Not Transported,No Improper Action,,None,,,N,N,N,N
24439926,2021,2,Other,Walking/Cycling Along Roadway With Traffic,Other Cyclist,MIAMI GARDENS,FL,33169,Male,N,,,,,N,,,,Non-Incapacitating,Not Transported,No Improper Action,,None,,65,N,N,Y,N
24463559,2021,2,Driveway Access,Crossing Roadway,Other Cyclist,MIAMI GARDENS,FL,33054,,N,,,,,N,,,,Possible,EMS,In Roadway Improperly,,None,,,N,N,N,N
24481494,2021,2,Other,Other,Other Cyclist,MIAMI,FL,33168,Male,N,,,,,N,,,,None,Not Transported,No Improper Action,,None,,47,N,N,N,N
24497157,2021,2,Bicycle Lane,Walking/Cycling Along Roadway Against Traffic,Other Cyclist,BONIFAY,FL,32425,Male,N,,,,,N,,,,Non-Incapacitating,EMS,No Improper Action,,Reflective Clothing,Other,54,N,N,N,N
24501700,2021,2,Driveway Access,In Roadway - Other,Other Cyclist,FLORIDA CITY,FL,33034,Male,N,,,,,N,,,,Incapacitating,EMS,Improper Turn/Merge,,None,,33,N,N,N,N
24523053,2021,2,Sidewalk,Crossing Roadway,Other Cyclist,PALM BEACH GARDENS,FL,33418,Male,N,,,,,N,,,,Possible,EMS,Dart/Dash,,None,,23,N,N,N,N
24525410,2021,4,Intersection - Marked Crosswalk,Crossing Roadway,Other Cyclist,MIAMI BEACH,FL,,Male,N,,,,,N,,,,Non-Incapacitating,Not Transported,No Improper Action,,None,,39,N,N,N,N
24529909,2021,2,Intersection - Unmarked Crosswalk,Walking/Cycling Along Roadway Against Traffic,Other Cyclist,BAY HARBOR ISLAND,FL,33154,Male,N,,,,,N,,,,Possible,Not Transported,No Improper Action,,None,,51,N,N,N,N
24532869,2021,3,Intersection - Marked Crosswalk,Crossing Roadway,Other Cyclist,SOUTH BEACH,FL,33139,Male,N,,,,,N,,,,Possible,Not Transported,No Improper Action,,None,,53,N,N,N,N
24533374,2021,2,Intersection - Other,Walking/Cycling Along Roadway With Traffic,Other Cyclist,MIAMI,FL,33125,Female,N,,,,,N,,,,Possible,EMS,"Failure to Obey Traffic Signs, Signals, or Officer",No Improper Action,None,,41,N,N,N,N
24534301,2021,2,Travel Lane - Other Location,Other,Other Cyclist,MIAMI,FL,33181,Male,N,,,,,N,,,,Possible,Not Transported,Other,,None,,51,N,N,N,N
24534657,2021,2,Travel Lane - Other Location,Other,Other Cyclist,MIAMI,FL,33145,Male,N,,,,,N,,,,None,EMS,Failure to Yield Right-of-Way,,None,,32,N,N,N,N
24534902,2021,2,Other,Other,Other Cyclist,MIAMI,FL,33125,Male,N,,,,,N,,,,None,Not Transported,Other,,None,,32,N,N,N,N
24543594,2021,2,Other,Other,Other Cyclist,,,,Male,N,,,,,N,,,,None,Unknown,Unknown,Unknown,Unknown,,,N,N,N,N
24551486,2021,2,Intersection - Marked Crosswalk,Crossing Roadway,Other Cyclist,SPRING HILL,FL,34609,Male,N,,,,,N,,,,None,Not Transported,Failure to Yield Right-of-Way,,None,,16,N,N,N,Y
24551601,2021,2,Intersection - Marked Crosswalk,Crossing Roadway,Other Cyclist,LEXINGTON,SC,290736904,Male,N,,,,,N,,,,Possible,Not Transported,No Improper Action,,None,,21,N,N,N,N
24553763,2021,2,Intersection - Marked Crosswalk,Crossing Roadway,Other Cyclist,ZEPHYRHILLS,FL,33541,Female,N,,,,,N,,,,Possible,EMS,No Improper Action,,None,,23,N,N,N,N
24553891,2021,2,Intersection - Unmarked Crosswalk,Crossing Roadway,Other Cyclist,ZEPHYRHILLS,FL,33541,Male,N,,,,,N,,,,Non-Incapacitating,EMS,Failure to Yield Right-of-Way,,None,,6,N,N,N,N
24558107,2021,3,Intersection - Marked Crosswalk,Crossing Roadway,Bicyclist,ORANGE PARK,FL,32073,Female,N,,,,,N,,,,Non-Incapacitating,EMS,No Improper Action,,Lighting,,48,N,N,N,N
24558107,2021,4,Intersection - Marked Crosswalk,Crossing Roadway,Other Cyclist,ORANGE PARK,FL,32073,Female,N,,,,,N,,,,Non-Incapacitating,EMS,No Improper Action,,Lighting,,4,N,N,N,N
24563642,2021,1,Sidewalk,Walking/Cycling on Sidewalk,Other Cyclist,PENSACOLA,FL,32514,Female,N,Test Not Given,,,,N,Test Not Given,,,Non-Incapacitating,EMS,Dart/Dash,,Helmet,,33,N,N,N,N
24563680,2021,3,Intersection - Other,Walking/Cycling Along Roadway With Traffic,Other Cyclist,PENSACOLA,FL,32501,Male,N,Test Not Given,,,,N,Test Not Given,,,Incapacitating,EMS,Failure to Yield Right-of-Way,,None,,25,N,N,N,N
24564633,2021,2,Travel Lane - Other Location,Crossing Roadway,Other Cyclist,PENSACOLA,FL,32503,Male,N,Test Not Given,,,,N,Test Not Given,,,Incapacitating,EMS,Inattentive,"Failure to Obey Traffic Signs, Signals, or Officer",None,,6,N,N,N,N
24566667,2021,2,Travel Lane - Other Location,Walking/Cycling Along Roadway With Traffic,Other Cyclist,APOPKA,FL,32703,Male,N,,,,,N,,,,Non-Incapacitating,Not Transported,No Improper Action,,Lighting,,33,N,N,N,N
24579472,2021,3,Intersection - Other,Crossing Roadway,Other Cyclist,TEMPLE TERRACE,FL,33617,Female,N,,,,,N,,,,Non-Incapacitating,EMS,"Failure to Obey Traffic Signs, Signals, or Officer",,None,,14,N,N,N,N
24569218,2021,2,Travel Lane - Other Location,Walking/Cycling Along Roadway With Traffic,Other Cyclist,Palatka,FL,32177,Female,N,Test Not Given,,,,N,Test Not Given,,,None,Not Transported,Not Visible,,None,None,40,N,N,N,N
24569218,2021,3,Travel Lane - Other Location,Walking/Cycling Along Roadway With Traffic,Bicyclist,PALATKA,FL,32177,Male,N,Test Not Given,,,,N,Test Not Given,,,Possible,Not Transported,Not Visible,Other,None,None,43,N,N,N,N
24571106,2021,2,Intersection - Unmarked Crosswalk,Other,Bicyclist,FORT MYERS,FL,33901,Male,N,,,,,N,,,,None,Not Transported,No Improper Action,,None,,34,N,N,N,N
24571106,2021,3,Intersection - Unmarked Crosswalk,Other,Other Cyclist,FORT MYERS,FL,33901,Female,N,,,,,N,,,,Possible,Not Transported,No Improper Action,,None,,0,N,N,N,N
24574915,2021,3,Travel Lane - Other Location,Crossing Roadway,Other Cyclist,RIVERVIEW,FL,33578,Male,Y,Test Given,Blood,Completed,,Y,Test Given,Blood,Positive,Fatal (within 30 days),EMS,No Improper Action,,None,,25,Y,Y,N,N
24574915,2021,4,Travel Lane - Other Location,Crossing Roadway,Other Cyclist,TRINITY,FL,34655,Female,N,,,,,N,,,,Incapacitating,EMS,No Improper Action,,None,,23,N,N,N,N
24576729,2021,2,Sidewalk,Other,Other Cyclist,TAMPA,FL,33602,Male,N,,,,,N,,,,Possible,Not Transported,No Improper Action,,None,,31,N,N,N,N
24578188,2021,2,Shoulder/Roadside,Crossing Roadway,Other Cyclist,COLCHESTER,VT,05446,Female,N,,,,,N,,,,None,Not Transported,No Improper Action,,None,,18,N,N,N,Y
24578577,2021,3,Intersection - Marked Crosswalk,Crossing Roadway,Other Cyclist,TAMPA,FL,33603,Male,N,,,,,N,,,,Non-Incapacitating,EMS,Dart/Dash,,None,,12,N,N,N,N
24579426,2021,3,Other,Other,Other Cyclist,TAMPA,FL,33605,Male,N,,,,,N,,,,Incapacitating,EMS,Other,,None,,6,N,N,N,N
24579432,2021,2,Shoulder/Roadside,Walking/Cycling Along Roadway With Traffic,Other Cyclist,TAMPA,FL,33616,Female,N,,,,,N,,,,Incapacitating,EMS,No Improper Action,,None,,58,N,N,N,N
24580358,2021,2,Intersection - Unmarked Crosswalk,In Roadway - Other,Other Cyclist,TAMPA,FL,33603,Male,N,,,,,N,,,,Possible,EMS,Dart/Dash,,None,,33,N,N,N,N
24617424,2021,2,Intersection - Marked Crosswalk,Crossing Roadway,Other Cyclist,LAUDERHILL,FL,33313,Male,N,,,,,N,,,,Non-Incapacitating,Not Transported,"Failure to Obey Traffic Signs, Signals, or Officer",,None,,11,N,N,N,N
24617424,2021,3,Intersection - Marked Crosswalk,Crossing Roadway,Pedestrian,LAUDERHILL,FL,33313,Male,N,,,,,N,,,,Non-Incapacitating,Not Transported,"Failure to Obey Traffic Signs, Signals, or Officer",,None,,7,N,N,N,N
24630470,2021,1,Intersection - Unmarked Crosswalk,Crossing Roadway,Other Cyclist,VALRICO,FL,33594,Male,N,Test Not Given,,,,N,Test Not Given,,,Non-Incapacitating,Not Transported,Dart/Dash,,None,,18,N,N,N,Y
24631410,2021,2,Bicycle Lane,Walking/Cycling Along Roadway With Traffic,Other Cyclist,`TAMPA,FL,33626,Male,N,Test Not Given,,,,N,Test Not Given,,,Non-Incapacitating,Not Transported,No Improper Action,,Helmet,,27,N,N,N,N
24632274,2021,1,Unknown,Unknown,Other Cyclist,TAMPA,FL,33626,Male,,Test Not Given,,,,,Test Not Given,,,Possible,Unknown,Unknown,,None,,,N,N,N,N
24680197,2021,2,Intersection - Marked Crosswalk,Crossing Roadway,Other Cyclist,UNKNOWN,,UK,Male,,Test Given,Blood,Pending,,,Test Given,Blood,Positive,Fatal (within 30 days),EMS,Failure to Yield Right-of-Way,,None,,40,N,Y,N,N
24684444,2021,2,Intersection - Marked Crosswalk,Crossing Roadway,Other Cyclist,MELBOURNE,FL,32935,Male,N,,,,,N,,,,Possible,Not Transported,No Improper Action,,None,,15,N,N,N,Y
24712079,2021,2,Sidewalk,Other,Other Cyclist,GAINESVILLE,FL,32601,,N,,,,,N,,,,Possible,Not Transported,No Improper Action,,None,,,N,N,N,N
24712486,2021,2,Sidewalk,Walking/Cycling on Sidewalk,Other Cyclist,JACKSONVILLE,FL,32225,,N,,,,,N,,,,Possible,Not Transported,No Improper Action,,None,,,N,N,N,N
24720308,2021,2,Driveway Access,Walking/Cycling on Sidewalk,Other Cyclist,VENICE,FL,34293,Female,N,,,,,N,,,,None,Not Transported,Wrong-Way Riding or Walking,,Helmet,,22,N,N,N,N
24720828,2021,2,Intersection - Unmarked Crosswalk,Crossing Roadway,Other Cyclist,SARASOTA,FL,34234,Male,N,,,,,N,,,,Possible,Not Transported,No Improper Action,,None,,62,N,N,N,N
24727635,2021,1,Travel Lane - Other Location,Other,Other Cyclist,JACKSONVILLE,FL,32206,Male,N,Test Not Given,,,,N,Test Not Given,,,None,Not Transported,Entering/Exiting Parked/Standing Vehicle,,None,None,64,N,N,N,N
24735356,2021,2,Other,Walking/Cycling Along Roadway Against Traffic,Other Cyclist,DAYTONA BEACH,FL,32118,Male,N,,,,,N,,,,Incapacitating,EMS,"Failure to Obey Traffic Signs, Signals, or Officer",No Improper Action,None,,60,N,N,N,N
24743374,2021,2,Sidewalk,Walking/Cycling on Sidewalk,Other Cyclist,ORLANDO,,32806,Female,N,,,,,N,,,,None,Not Transported,No Improper Action,,None,,42,N,N,N,N
24744014,2021,2,Bicycle Lane,Walking/Cycling Along Roadway With Traffic,Other Cyclist,ORLANDO,,32822,Male,N,,,,,N,,,,Possible,Not Transported,No Improper Action,,Helmet,,45,N,N,N,N
24781113,2021,2,Travel Lane - Other Location,Walking/Cycling Along Roadway With Traffic,Other Cyclist,DORAL,FL,33166,Male,N,,,,,N,,,,None,Not Transported,Other,,None,,22,N,N,N,N
24782947,2021,2,Intersection - Marked Crosswalk,Other,Other Cyclist,MIAMI,FL,33127,Male,N,,,,,N,,,,Possible,EMS,No Improper Action,,None,,12,N,N,N,N
24784776,2021,2,Travel Lane - Other Location,Walking/Cycling Along Roadway With Traffic,Other Cyclist,ALTAMONTE SPRINGS,FL,32714,Female,N,,,,,N,,,,Possible,Not Transported,No Improper Action,,None,,23,N,N,N,N
