REPORT_NUMBER,CRASH_YEAR,VEHICLE_NUMBER,PERSON_NUMBER,CITY,STATE,ZIP_CODE,SEX,HELMET_CODE,RESTRAINT_SYSTEM_CODE,EYE_PROTECTION_CODE,AIR_BAG_DEPLOYMENT_CODE,EJECTED,INJURY_SEVERITY,EMS_TRANSPORT_TYPE,SEAT_POSITION_CODE,ROW_POSITION_CODE,OTHER_POSITION_CODE,S4_AGE_AT_TIME_OF_CRASH,S4_IS_UNRESTRAINED_PASSENGER
24218969,2021,2,3,VICTORIA,TX,77901,Male,No Helmet,Shoulder and Lap Belt Used,,Not Deployed,Not Ejected,None,Not Transported,Unknown,Unknown,Not Applicable,25,N
24218969,2021,2,4,VICTORIA,TX,77901,Female,No Helmet,Shoulder and Lap Belt Used,,Not Deployed,Not Ejected,None,Not Transported,Unknown,Unknown,Not Applicable,29,N
24219222,2021,1,2,MIAMI BEACH,FL,33139,Male,,Shoulder and Lap Belt Used,,Not Deployed,Not Ejected,None,Not Transported,Right,Second,Not Applicable,34,N
24222836,2021,1,3,MIAMI BEACH,FL,33139,Female,No Helmet,Shoulder and Lap Belt Used,,Not Deployed,Not Ejected,None,Not Transported,Right,Front,Not Applicable,30,N
24735356,2021,1,1,DAYTONA BEACH,FL,32114,Female,,Shoulder and Lap Belt Used,,Not Deployed,Not Ejected,None,Not Transported,Right,Front,,22,N
24238735,2021,1,2,LARGO,FL,33774,Female,,Shoulder and Lap Belt Used,,Not Deployed,Not Ejected,None,Not Transported,Right,Front,Not Applicable,43,N
24285992,2021,1,2,PORT ST LUCIE,FL,34983,Female,No Helmet,Not Applicable (non-motorist),Y,Not Applicable,"Ejected, Partially",Non-Incapacitating,Not Transported,Other,Second,Not Applicable,36,N
24287086,2021,1,3,MULBERRY,FL,33860,Female,No Helmet,Shoulder and Lap Belt Used,,Not Deployed,Not Ejected,None,Not Transported,Right,Front,Not Applicable,34,N
24304973,2021,1,2,CLEARWATER,FL,33755,Female,,Shoulder and Lap Belt Used,,Not Deployed,Not Ejected,None,Not Transported,Right,Front,Not Applicable,39,N
24321017,2021,2,3,PEARMAND,TX,77584,Male,,Shoulder and Lap Belt Used,,Not Deployed,Not Ejected,None,Not Transported,Right,Front,,65,N
24321513,2021,1,3,PEMBROKE PINES,FL,33027,Male,No Helmet,Shoulder and Lap Belt Used,N,Not Deployed,Not Ejected,None,Not Transported,Right,Second,,32,N
24334074,2021,3,3,DAYTONA BEACH,FL,32114,Male,,Shoulder and Lap Belt Used,,Not Deployed,Not Ejected,None,Not Transported,Right,Second,,7,N
24334074,2021,3,4,DAYTONA BEACH,FL,32114,Male,,Shoulder and Lap Belt Used,,Not Deployed,Not Ejected,None,Not Transported,Left,Second,,10,N
24352690,2021,1,2,HOMESTEAD,FL,33033,Male,,Shoulder and Lap Belt Used,,Not Deployed,Not Ejected,None,Not Transported,Right,Front,Not Applicable,14,N
24402782,2021,1,2,ST AUGUSTINE,FL,32095,Female,,Shoulder and Lap Belt Used,,Not Deployed,Not Ejected,None,Not Transported,Right,Front,Not Applicable,27,N
24410367,2021,1,3,TITUSVILLE,FL,32780,Male,No Helmet,Shoulder and Lap Belt Used,,Not Deployed,Not Ejected,None,Not Transported,Right,Front,Not Applicable,15,N
24410367,2021,1,4,TITUSVILLE,FL,32780,Male,No Helmet,Shoulder and Lap Belt Used,,Not Deployed,Not Ejected,None,Not Transported,Left,Second,Not Applicable,8,N
24421523,2021,1,3,ORLANDO,FL,32833,Female,No Helmet,Shoulder and Lap Belt Used,,Not Deployed,Not Ejected,None,Not Transported,Right,Front,Not Applicable,28,N
24430757,2021,2,2,PORT SAINT LUCIE,FL,34984,Female,No Helmet,Shoulder and Lap Belt Used,,Not Deployed,Not Ejected,None,Not Transported,Right,Front,Not Applicable,41,N
24431582,2021,1,2,PORT ST LUCIE,FL,34983,Female,No Helmet,Shoulder and Lap Belt Used,,Not Deployed,Not Ejected,None,Not Transported,Right,Front,Not Applicable,60,N
24432649,2021,1,2,CLEARWATER,FL,33756,Male,No Helmet,Shoulder and Lap Belt Used,,Not Deployed,Not Ejected,None,Not Transported,Right,Front,Not Applicable,57,N
24525410,2021,1,3,MIAMI,FL,,Male,,Shoulder and Lap Belt Used,,Not Applicable,Not Ejected,None,Not Transported,Right,Second,,1,N
24525410,2021,1,2,MIAMI,FL,,Female,,Shoulder and Lap Belt Used,,Not Applicable,Not Ejected,None,Not Transported,Left,Second,,4,N
24532869,2021,1,2,MIAMI,FL,33125,Female,,Shoulder and Lap Belt Used,,Not Deployed,Not Ejected,None,Not Transported,Right,Front,Not Applicable,31,N
24558107,2021,1,2,FLEMING ISLAND,FL,32003,Female,,Shoulder and Lap Belt Used,,Not Deployed,Not Ejected,None,Not Transported,Right,Front,Not Applicable,66,N
24563642,2021,1,3,PENSACOLA,FL,32507,Male,,Shoulder and Lap Belt Used,,Not Deployed,Not Ejected,None,Not Transported,Right,Front,Not Applicable,24,N
24563680,2021,1,2,PENSACOLA,FL,32504,Female,,Shoulder and Lap Belt Used,,Not Deployed,Not Ejected,None,Not Transported,Right,Front,Not Applicable,65,N
24574915,2021,1,2,SAINT PETERSBURG,FL,33712,Female,,Shoulder and Lap Belt Used,,Not Deployed,Not Ejected,Possible,Not Transported,Right,Front,,21,N
24578577,2021,1,2,TAMPA,FL,33604,Female,,Shoulder and Lap Belt Used,,Not Deployed,Not Ejected,None,Not Transported,Right,Front,Not Applicable,40,N
24579426,2021,1,2,TAMPA,FL,33603,Male,,Shoulder and Lap Belt Used,,Not Deployed,Not Ejected,None,Not Transported,Right,Front,Not Applicable,39,N
24579472,2021,1,2,TAMPA,FL,33610,Male,,Shoulder and Lap Belt Used,,Not Deployed,Not Ejected,None,Not Transported,Right,Front,,29,N
24630470,2021,1,3,BRANDON,FL,33510,Female,,Shoulder and Lap Belt Used,,Not Deployed,Not Ejected,None,Not Transported,Right,Front,Not Applicable,72,N
24630470,2021,1,4,BAYAMON,PR,00961,Male,,Shoulder and Lap Belt Used,,Not Deployed,Not Ejected,None,Not Transported,Left,Second,Not Applicable,47,N
24712079,2021,1,3,GAINESVILLE,FL,32606,Male,No Helmet,Shoulder and Lap Belt Used,,Not Deployed,Not Ejected,None,Not Transported,Right,Front,Not Applicable,22,N
24712079,2021,1,4,GAINESVILLE,FL,32606,Male,No Helmet,Shoulder and Lap Belt Used,,Not Deployed,Not Ejected,None,Not Transported,Right,Second,Not Applicable,17,N
