REPORT_NUMBER,CRASH_YEAR,VEHICLE_NUMBER,OWNER_CITY,OWNER_STATE,OWNER_ZIP_CODE,COMMERCIAL_VEHICLE_FLAG,MOTION_CODE,STATE_OF_REGISTRATION,PERMANENT_REGISTRATION_FLAG,HIT_AND_RUN_FLAG,VEHICLE_YEAR,VEHICLE_MAKE,VEHICLE_MODEL,VEHICLE_STYLE,VEHICLE_COLOR,DISABLING_FUNCTIONAL_DAMAGE,ESTIMATED_VEHICLE_DAMAGE,TOW_DAMAGE_CODE,HOW_TOW_REQUESTED,BUSINESS_OWNED_FLAG,VEHICLE_TRAVELING,ROAD_ON,ESTIMATED_MPH,POSTED_SPEED,TOTAL_NUMBER_OF_LANES,HAZARDOUS_MATERIAL_RELEASED,HAZMAT_PLACARD,HAZARDOUS_PLACARD_NUMBER,HAZMAT_CLASS,POINT_OF_IMPACT,MOST_DAMAGED_AREA_CODE,TYPE_OF_VEHICLE,TRAFFICWAY_CODE,COMMERCIAL_VEHICLE_CONFIGURATION_CODE,COMMERCIAL_USE_CODE,CARRIER_CARGO_BODY_TYPE,COMMERCIAL_VEHICLE_WEIGHT_CODE,MOST_HARMFUL_EVENT_CODE,HARMFUL_EVENT_1,HARMFUL_EVENT_2,HARMFUL_EVENT_3,HARMFUL_EVENT_4,EMERGENCY_VEHICLE_USE_CODE,ROADWAY_GRADE_CODE,ROADWAY_ALIGNMENT_CODE,VEHICLE_MANEUVER_ACTION,TRAFFIC_CONTROL_DEVICE,VEHICLE_SPECIAL_FUNCTION,VEHICLE_DEFECT1,VEHICLE_DEFECT2,S4_IS_COMMERCIAL_MOTOR_VEHICLE
24214048,2021,1,LAUDERHILL,FL,33313,N,Vehicle in Transport,FL,,N,2019,HOND,,4D,BLK,None,0,N,Driver,N,North,1300 SOUTH MIAMI AVENUE,10,15,1,,,,,Front Center Bumper,Front Center Bumper,Passenger Car,One-Way Trafficway,,,,,Motor Vehicle in Transport,Motor Vehicle in Transport,,,,N,Level,Straight,Turning Right,Stop Sign,No Special Function,None,,
24214501,2021,1,MIAMI,FL,33196,N,Vehicle in Transport,FL,,N,2013,JEEP,,UT,RED,Minor,500,N,Driver,N,West,S MIAMI AVE,,,1,,,,,Front Center Bumper,Front Center Bumper,Passenger Car,"Two-Way, Not Divided",,,,,Motor Vehicle in Transport,Motor Vehicle in Transport,,,,N,Level,Straight,Straight Ahead,Stop Sign,No Special Function,None,,
24215546,2021,1,MIAMI,FL,33126,N,Vehicle in Transport,FL,,N,2011,VOLK,,4D,BRO,None,1,N,Driver,N,East,NE42ND,5,5,1,,,,,Right Front Door,Right Front Fender,Passenger Car,One-Way Trafficway,,,,,Motor Vehicle in Transport,Motor Vehicle in Transport,,,,N,Level,Straight,Turning Right,No Controls,No Special Function,None,,
24219222,2021,1,HOLLYWOOD,FL,33020,,Vehicle in Transport,FL,,N,2012,TOYT,,4D,SIL,None,300,N,Driver,N,North,EUCLID AVE,30,30,1,,,,,Front Center Bumper,,Passenger Car,"Two-Way, Divided, Unprotected (painted >4 feet) Median",,,,,Pedestrian,Pedestrian,,,,N,Level,Straight,Straight Ahead,No Controls,No Special Function,None,,
24219416,2021,1,,,,,Vehicle in Transport,,,Y,,,,,,,0,,,N,,,,,,,,,,,,,,,,,,,,,,,,,,,,,,,
24220023,2021,1,MIAMI BEACH,FL,33139,,Vehicle in Transport,FL,,N,2020,ZHON,,MC,BLK,Minor,500,Y,Rotation,N,South,EUCLID AVE,10,35,2,,,,,Right Front Door,Right Front Door,Moped,"Two-Way, Not Divided",,,,,,Pedalcycle,,,,N,Level,Straight,Turning Left,Traffic Control Signal,No Special Function,None,,
24222402,2021,1,MIAMI BEACH,FL,33140,,Vehicle in Transport,FL,,N,2019,BMW,,4D,BLK,Minor,500,N,Driver,N,North,ALTON CT,5,20,1,,,,,Front Center Bumper,Front Right Bumper,Passenger Car,One-Way Trafficway,,,,,Motor Vehicle in Transport,Motor Vehicle in Transport,,,,N,Level,Straight,Straight Ahead,No Controls,No Special Function,None,,
24236158,2021,1,ST PETERSBURG,FL,33703,N,Vehicle in Transport,FL,,N,2020,JEEP,,PK,DBL,None,0,N,Driver,N,West,76TH AVE N,,30,2,,,,,Front Center Bumper,,Pickup,"Two-Way, Not Divided",,,,,Pedestrian,Pedestrian,,,,,Level,Straight,Straight Ahead,Stop Sign,,Unknown,,
24250272,2021,1,PALM BAY,FL,32907,N,Vehicle in Transport,FL,,N,2017,HOND,,4D,BLK,Minor,500,N,,N,South,JUPITER BLVD NW,10,40,2,,,,,Left Front Door,Left Front Door,Passenger Car,"Two-Way, Not Divided",,,,,Pedalcycle,Pedalcycle,,,,N,Level,Straight,Turning Left,No Controls,No Special Function,None,,
24267942,2021,1,MIAMI,FL,33162,N,Vehicle in Transport,FL,N,N,2012,TOYT,,4D,WHI,Minor,1000,N,,N,North,N ANDREWS AVE,40,40,4,,,,,Front Left Bumper,Front Left Bumper,Passenger Car,"Two-Way, Not Divided",,,,,Motor Vehicle in Transport,Motor Vehicle in Transport,,,,N,Level,Straight,Straight Ahead,No Controls,No Special Function,None,,
24270898,2021,1,,,,N,Vehicle in Transport,,,Y,,,,,,Unknown,0,N,,N,East,SUNRISE BLVD,25,35,6,,,,,Front Center Bumper,Front Center Bumper,Passenger Car,"Two-Way, Divided, Positive Median Barrier",,,,,Pedalcycle,Pedalcycle,,,,N,Level,Straight,Turning Left,Traffic Control Signal,No Special Function,None,,
24304973,2021,1,CLEARWATER,FL,33755,N,Vehicle in Transport,FL,,N,2007,FORD,,4D,BLK,Minor,1000,N,Driver,N,East,SUNSET POINT RD,2,35,2,,,,,Right Rear Door,Right Rear Door,Passenger Car,"Two-Way, Not Divided",,,,,Motor Vehicle in Transport,Motor Vehicle in Transport,,,,N,Level,Straight,Turning Right,No Controls,No Special Function,None,,
24305256,2021,1,UNK,FL,33755,N,Vehicle in Transport,FL,,Y,,UK,,UNKNOWN,,Unknown,0,N,Driver,N,North,EDGEWATER DR,,,2,,,,,,,Unknown,"Two-Way, Not Divided",,,,,Motor Vehicle in Transport,Motor Vehicle in Transport,,,,N,Level,Straight,Unknown,Other,Unknown,Unknown,Unknown,
24305643,2021,1,CLEARWATER,FL,33755,N,Vehicle in Transport,FL,,N,2010,FORD,,CV,SIL,Minor,200,N,Owner Request,N,South,VINE AVE,10,35,2,,,,,Front Center Bumper,Front Center Bumper,Passenger Car,"Two-Way, Not Divided",,,,,Motor Vehicle in Transport,Motor Vehicle in Transport,,,,N,Level,Straight,Straight Ahead,No Controls,No Special Function,None,,
24321017,2021,2,SUNNY ISLES BEACH,FL,33160,N,Vehicle in Transport,FL,N,N,2015,LEXS,,SPUV,RED,Disabling,50000,Y,Rotation,N,North,S OCEAN DR,5,35,3,,,,,Rear Center Bumper,,(Sport) Utility Vehicle,One-Way Trafficway,,,,,Motor Vehicle in Transport,Motor Vehicle in Transport,,,,N,Level,Straight,Other,No Controls,No Special Function,None,None,
24321513,2021,1,SUNRISE,FL,33351,N,Vehicle in Transport,FL,N,N,2018,CHEV,,SPUV,GRY,Functional,5000,N,,N,East,S FEDERAL HWY,15,45,7,,,,,Left Rear Door,Left Rear Door,(Sport) Utility Vehicle,"Two-Way, Divided, Positive Median Barrier",,,,,Pedalcycle,Pedalcycle,,,,N,Level,Straight,Turning Left,No Controls,No Special Function,None,,
24325749,2021,1,JACKSONVILLE,FL,32210-6731,N,Vehicle in Transport,FL,N,N,2013,CHEV,,4D,SIL,None,0,N,Driver,N,North,7428 CENTAURI RD,5,30,2,,,,,Rear Center Bumper,,Passenger Car,"Two-Way, Not Divided",,,,,Motor Vehicle in Transport,Motor Vehicle in Transport,,,,N,Level,Straight,Backing,No Controls,No Special Function,None,,
24334074,2021,1,NA,OT,00000,N,Vehicle in Transport,OT,,Y,2020,UK,,UNKNOWN,,Unknown,1,N,Driver,N,East,US 92,45,50,8,,,,,Right Front Fender,Right Front Fender,Pickup,"Two-Way, Divided, Positive Median Barrier",,,,,Motor Vehicle in Transport,Motor Vehicle in Transport,,,,N,Level,Straight,Changing Lanes,No Controls,No Special Function,Unknown,,
24334074,2021,2,DAYTONA BEACH,NY,32114,N,Vehicle in Transport,NY,,N,1998,HOND,,2D,,Functional,2000,N,Driver,N,East,US 92,45,50,8,,,,,Left Front Door,Left Front Door,Passenger Car,"Two-Way, Divided, Positive Median Barrier",,,,,Motor Vehicle in Transport,Motor Vehicle in Transport,Motor Vehicle in Transport,,,N,Level,Straight,Straight Ahead,No Controls,No Special Function,None,,
24334074,2021,3,DAYTONA BEACH,FL,32114,N,Vehicle in Transport,FL,,N,2018,FORD,,UT,BLK,Minor,1500,N,Driver,N,East,US 92,45,50,8,,,,,Left Front Door,Left Front Door,Passenger Car,"Two-Way, Divided, Positive Median Barrier",,,,,Motor Vehicle in Transport,Motor Vehicle in Transport,Curb,,,N,Level,Straight,Straight Ahead,No Controls,No Special Function,None,,
24335573,2021,1,PORT ORANGE,FL,32129,N,Vehicle in Transport,FL,,N,2006,CHEV,,4D,BLK,Minor,200,N,Driver,N,East,TRIXIE ST,2,25,2,,,,,Right Front Fender,Right Front Fender,Passenger Car,"Two-Way, Not Divided",,,,,Motor Vehicle in Transport,Motor Vehicle in Transport,,,,N,Level,Straight,Other,Stop Sign,No Special Function,None,,
24352690,2021,1,HOMESTEAD,FL,33033,,Vehicle in Transport,FL,,N,2015,FORD,,4D,BRO,Functional,500,N,Driver,N,North,COUNTRY WALK DR.,9,25,4,,,,,Left Front Fender,Left Front Fender,Passenger Car,"Two-Way, Divided, Positive Median Barrier",,,,,Motor Vehicle in Transport,Motor Vehicle in Transport,Pedestrian,,,N,Level,Straight,Straight Ahead,Stop Sign,No Special Function,None,,
24353272,2021,1,PLANTATION,FL,33322,,Vehicle in Transport,FL,,N,2015,NISS,,4D,WHI,Minor,100,N,Driver,N,North,3448 NW 79TH ST,5,35,4,,,,,Front Right Bumper,Front Right Bumper,Passenger Car,"Two-Way, Divided, Positive Median Barrier",,,,,Pedestrian,Pedestrian,,,,N,Level,Straight,Straight Ahead,Stop Sign,No Special Function,None,,
24355045,2021,1,HIALEAH,FL,33015,,Vehicle in Transport,FL,,N,2002,HOND,,4D,GRY,None,0,N,,N,North,7600 NW MIAMI GARDENS DRIVE,2,15,2,,,,,Front Right Bumper,Front Right Bumper,Passenger Car,"Two-Way, Not Divided",,,,,Pedalcycle,Pedalcycle,,,,N,Level,Straight,Turning Right,Stop Sign,No Special Function,None,,
24376229,2021,1,UK,OT,UK,,Vehicle in Transport,OT,,Y,,UK,,,UNK,Unknown,0,N,Other,N,South,COLLINS AVE,20,35,4,,,,,,,Unknown,Unknown,,,,,Other Non-Fixed Object,Other Non-Fixed Object,,,,,Level,Straight,Straight Ahead,No Controls,,Unknown,,
24402782,2021,1,ST AUGUSTINE,FL,32084,N,Vehicle in Transport,FL,Y,N,2003,CHEV,,PK,BRO,Minor,250,N,,Y,West,RIBERIA ST,20,25,2,,,,,Left Rear Door,Left Rear Door,Pickup,"Two-Way, Not Divided",,,,,Pedalcycle,Pedalcycle,,,,N,Level,Straight,Straight Ahead,Warning Sign,No Special Function,None,,
24410367,2021,1,TITUSVILLE,FL,32780,,Vehicle in Transport,FL,,N,2016,NISS,,4D,GRY,Minor,250,N,Driver,N,West,PARK LANE,5,25,2,,,,,Front Center Bumper,Front Center Bumper,Passenger Car,"Two-Way, Not Divided",,,,,Pedalcycle,Pedalcycle,,,,N,Level,Straight,Turning Right,Stop Sign,No Special Function,None,,
24425777,2021,2,PORT ST LUCIE,FL,34953,,Vehicle in Transport,FL,,N,2015,TOYT,,4D,BLK,None,0,N,Driver,N,East,W CHURCH ST,20,25,2,,,,,Front Center Bumper,Front Center Bumper,Passenger Car,"Two-Way, Not Divided",,,,,Motor Vehicle in Transport,Motor Vehicle in Transport,,,,N,Level,Straight,Straight Ahead,No Controls,No Special Function,None,,
24432373,2021,1,UNKNOWN,FL,0000000,N,Vehicle in Transport,FL,Y,,,,,,,Unknown,0,N,,N,East,ULMERTON RD,,45,6,,,,,,,Unknown,"Two-Way, Divided, Positive Median Barrier",,,,,Motor Vehicle in Transport,Motor Vehicle in Transport,,,,N,Level,Straight,Straight Ahead,No Controls,No Special Function,Unknown,,
24497157,2021,1,CHIPLEY,FL,32428,N,Vehicle in Transport,FL,,N,2017,JEEP,,SU,BLK,Minor,1000,N,Driver,N,South,S WAUKESHA ST.,40,45,3,,,,,Front Right Bumper,Front Right Bumper,(Sport) Utility Vehicle,"Two-Way, Not Divided, with a Continuous Left Turn Lane",,,,,Pedalcycle,Pedalcycle,,,,N,Level,Curve Left,Straight Ahead,No Controls,No Special Function,None,,
24525410,2021,1,MIAMI,FL,33136,N,Vehicle in Transport,FL,,N,2008,DODG,,5D,ONG,Minor,500,N,Driver,N,West,NW 14 STREET,,30,4,,,,,Front Right Bumper,Front Center Bumper,Passenger Car,"Two-Way, Not Divided",,,,,Motor Vehicle in Transport,Motor Vehicle in Transport,,,,N,Level,Straight,Turning Right,No Controls,No Special Function,None,,
24529909,2021,1,MIAMI,FL,33128,N,Vehicle in Transport,FL,,N,2019,FORD,,4D,LGR,Minor,500,N,Driver,N,South,SW 17TH AVE,10,30,4,,,,,Undercarriage,Undercarriage,Passenger Car,"Two-Way, Divided, Positive Median Barrier",,,,,Motor Vehicle in Transport,Motor Vehicle in Transport,,,,N,Level,Straight,Turning Right,No Controls,No Special Function,None,,
24534301,2021,1,CORAL GABLES,FL,33134,N,Vehicle in Transport,FL,,N,2019,HOND,,4D,SIL,Minor,400,N,Driver,Y,East,NE 36TH ST,,30,2,,,,,Right Front Door,Right Front Door,Passenger Car,"Two-Way, Not Divided",,,,,Motor Vehicle in Transport,Motor Vehicle in Transport,,,,N,Level,Straight,Straight Ahead,No Controls,No Special Function,None,,
24534902,2021,1,,,,,,,,Y,,UK,,UNKNOWN,UNKNOWN,Unknown,0,N,,N,,,,,,,,,,,,Unknown,"Two-Way, Not Divided",,,,,Motor Vehicle in Transport,Motor Vehicle in Transport,,,,,Level,Straight,Unknown,No Controls,Unknown,Unknown,Unknown,
24551601,2021,1,NEW PORT RICHEY,FL,34655,N,Vehicle in Transport,FL,,N,2022,HYUN,,UT,GRY,Functional,4000,N,Driver,N,South,CORTEZ BLVD,,3,3,,,,,Front Center Bumper,Hood,Passenger Car,"Two-Way, Divided, Unprotected (painted >4 feet) Median",,,,,Motor Vehicle in Transport,Motor Vehicle in Transport,,,,N,Uphill,Straight,Turning Right,Traffic Control Signal,No Special Function,None,,
24558107,2021,1,FLEMING ISLAND,FL,32003,N,Working Vehicle,FL,,N,2014,HOND,,UT,SIL,Minor,1000,N,Driver,N,East,FOXRIDGE RD,2,25,2,,,,,Front Right Bumper,Front Right Bumper,(Sport) Utility Vehicle,"Two-Way, Divided, Unprotected (painted >4 feet) Median",,,,,Motor Vehicle in Transport,Motor Vehicle in Transport,Pedestrian,,,N,Level,Straight,Turning Right,Traffic Control Signal,No Special Function,None,,
24564633,2021,1,PENSACOLA,FL,32502,N,Vehicle in Transport,FL,N,N,2011,GMC,,PK,SIL,Minor,500,N,,N,West,EAST BOBE STREET,25,25,2,,,,,Left Rear Door,Left Rear Door,Pickup,"Two-Way, Not Divided",,,,,Other Non-Fixed Object,Other Non-Fixed Object,,,,N,Level,Straight,Straight Ahead,No Controls,No Special Function,None,,
24578188,2021,1,LAND O LAKES,FL,34638,N,Vehicle in Transport,FL,,N,2013,NISS,,4D,BLU,Minor,300,N,Driver,N,Off-Road,N ASHLEY DR / W KENNEDY BLVD,2,30,2,,,,,Left Front Fender,Left Front Fender,Passenger Car,"Two-Way, Not Divided",,,,,Motor Vehicle in Transport,Motor Vehicle in Transport,Pedestrian,,,N,Level,Straight,Straight Ahead,No Controls,No Special Function,Unknown,,
24579432,2021,1,,,,N,Vehicle in Transport,,,Y,,UK,,UNKNOWN,UNKNOWN,Unknown,0,N,,N,,,,,,,,,,,,Unknown,"Two-Way, Not Divided",,,,,Pedestrian,Pedestrian,,,,,Level,Straight,Unknown,No Controls,Unknown,Unknown,Unknown,
24580358,2021,1,TAMPA,FL,33617,N,Vehicle in Transport,FL,,N,2019,HOND,,4D,BLU,Minor,500,N,Driver,N,South,N NEBRASKA AV,35,35,3,,,,,Right Rear Fender,Right Rear Fender,Passenger Car,"Two-Way, Not Divided",,,,,Motor Vehicle in Transport,Motor Vehicle in Transport,,,,N,Level,Straight,Straight Ahead,No Controls,No Special Function,None,,
24617424,2021,1,DORAL,FL,33166,N,Vehicle in Transport,FL,,N,2021,CHEV,,PK,GRY,None,0,N,Driver,N,East,WEST SUNRISE BOULEVARD,15,45,6,,,,,Left Front Fender,,Pickup,"Two-Way, Divided, Positive Median Barrier",,,,,,Pedalcycle,Other Non-Fixed Object,,,N,Level,Straight,Turning Left,Traffic Control Signal,No Special Function,None,,
24712079,2021,1,GAINESVILLE,FL,32606,N,Vehicle in Transport,FL,N,N,2015,NISS,,4DR,GRY,None,0,N,,N,West,ALLIGATOR ALLEY,5,30,2,,,,,,,Passenger Car,"Two-Way, Not Divided",,,,,Pedestrian,Pedestrian,,,,N,Level,Straight,Straight Ahead,No Controls,No Special Function,None,,
24735356,2021,1,DAYTONA BEACH,FL,32114,N,Vehicle in Transport,FL,,N,2014,HYUN,,UT,BLU,Minor,3000,N,Driver,N,West,DR. MARY MCLEOUD BETHUNE BLVD,35,35,2,,,,,Front Center Bumper,Front Center Bumper,Passenger Car,"Two-Way, Not Divided",,,,,Motor Vehicle in Transport,Motor Vehicle in Transport,,,,N,Level,Straight,Straight Ahead,No Controls,No Special Function,None,,
24784776,2021,1,,,,,,,,Y,,UK,,UNKNOWN,UNKNOWN,Unknown,0,N,,N,,,,,,,,,,,,Unknown,"Two-Way, Not Divided",,,,,Motor Vehicle in Transport,Motor Vehicle in Transport,,,,,Level,Straight,Unknown,Yield Sign,Unknown,Unknown,Unknown,
24218969,2021,2,HIALEAH,FL,33010,,Vehicle in Transport,FL,,N,2019,KIA,,UT,RED,None,0,N,Driver,N,East,DADE BLVD,15,30,4,,,,,Front Right Bumper,,(Sport) Utility Vehicle,"Two-Way, Not Divided",,,,,Pedalcycle,Pedalcycle,,,,N,Level,Curve Left,Turning Left,No Controls,No Special Function,None,,
24219748,2021,1,LUTHERVILLE,MD,21094,,Vehicle in Transport,MD,,N,2019,BUIC,,UT,WHI,None,0,N,Driver,N,South,BAY DR,10,30,2,,,,,Front Center Bumper,Front Center Bumper,Passenger Car,"Two-Way, Divided, Unprotected (painted >4 feet) Median",,,,,Motor Vehicle in Transport,Motor Vehicle in Transport,,,,N,Level,Straight,Straight Ahead,No Controls,No Special Function,None,,
24219910,2021,1,MIRAMAR,FL,33023,,Vehicle in Transport,FL,,N,2013,TOYT,,4D,RED,Minor,300,N,Driver,N,South,ALTON RD (SR 907),25,30,4,,,,,Front Left Bumper,Front Left Bumper,Passenger Car,"Two-Way, Not Divided",,,,,Motor Vehicle in Transport,Motor Vehicle in Transport,,,,N,Level,Straight,Straight Ahead,No Controls,No Special Function,None,,
24221438,2021,1,,,,,Vehicle in Transport,,,Y,,,,,,,0,N,,N,North,MERIDIAN AVE,10,25,2,,,,,Front Center Bumper,Front Center Bumper,(Sport) Utility Vehicle,"Two-Way, Not Divided",,,,,Pedestrian,Pedestrian,,,,N,Level,Straight,Straight Ahead,No Controls,No Special Function,None,,
24222451,2021,1,SUNRISE,FL,33326,,Vehicle in Transport,FL,,N,2015,VOLK,,SW,GRY,Functional,1000,N,Driver,N,East,14TH ST,15,35,2,,,,,Right Front Door,Right Front Door,Passenger Car,"Two-Way, Divided, Positive Median Barrier",,,,,Pedalcycle,Pedalcycle,,,,N,Level,Straight,Turning Left,Traffic Control Signal,No Special Function,None,,
24222836,2021,1,MIAMI,FL,33186,,Vehicle in Transport,FL,,N,2014,NISS,,4D,GRY,Functional,1000,N,Driver,N,South,ALTON RD (SR 907),15,30,5,,,,,Front Right Bumper,Front Center Bumper,Passenger Car,"Two-Way, Not Divided, with a Continuous Left Turn Lane",,,,,Pedalcycle,Pedalcycle,,,,N,Level,Straight,Turning Left,Traffic Control Signal,No Special Function,None,,
24234974,2021,1,ST. PETERSBURG,FL,33713,N,Vehicle in Transport,FL,,N,2016,GO4,,MC,WHI,None,0,N,Driver,Y,North,3RD ST N,5,30,3,,,,,Front Center Bumper,,Motorcycle,One-Way Trafficway,,,,,Pedestrian,Pedestrian,,,,N,Level,Straight,Straight Ahead,No Controls,No Special Function,None,,
24238735,2021,1,ST.PETERSBURG,FL,33711,N,Vehicle in Transport,FL,,N,2011,FORD,,TK,WHI,Minor,300,N,Driver,N,East,18TH AVE S,0,35,4,,,,,Left Front Door,Left Front Door,Pickup,"Two-Way, Not Divided, with a Continuous Left Turn Lane",,,,,Pedalcycle,Pedalcycle,,,,N,Level,Straight,Stopped in Traffic,Traffic Control Signal,No Special Function,None,,
24240381,2021,1,CLEARWATER,FL,33756,N,Vehicle in Transport,FL,,N,2008,FORD,,PK,WHI,Minor,500,N,Driver,Y,West,9TH AVE N,10,35,5,,,,,Left Front Fender,Left Front Fender,Pickup,"Two-Way, Not Divided",,,,,Pedalcycle,Pedalcycle,,,,N,Level,Straight,Straight Ahead,Traffic Control Signal,No Special Function,None,,
24251336,2021,1,PALM BAY,FL,32907,N,Vehicle in Transport,FL,,N,2002,TOYT,,2D,YEL,Functional,50,N,,N,South,PALM BAY RD NE,10,45,8,,,,,Front Center Bumper,Front Center Bumper,Passenger Car,"Two-Way, Divided, Positive Median Barrier",,,,,Motor Vehicle in Transport,Motor Vehicle in Transport,,,,N,Level,Straight,Turning Right,Stop Sign,No Special Function,None,,
24263782,2021,1,WEST PALM BEACH,FL,33404,N,Vehicle in Transport,FL,N,N,2006,HOND,,4D,BLU,Minor,500,N,,N,East,ROAD,5,15,2,,,,,Left Rear Fender,Left Rear Fender,Passenger Car,"Two-Way, Not Divided",,,,,Motor Vehicle in Transport,Motor Vehicle in Transport,,,,N,Level,Straight,Straight Ahead,No Controls,No Special Function,None,,
24271252,2021,1,RIVIERA BEACH,FL,33404,N,Vehicle in Transport,FL,N,N,2011,MAZD,,SPUV,GRY,Functional,2000,N,,N,East,NW 62ND ST,25,45,6,,,,,Right Front Door,Right Front Door,(Sport) Utility Vehicle,"Two-Way, Divided, Positive Median Barrier",,,,,Motor Vehicle in Transport,Motor Vehicle in Transport,,,,N,Level,Straight,Turning Right,No Controls,No Special Function,None,,
24273740,2021,1,SUNRISE,FL,33323,N,Vehicle in Transport,FL,N,N,2014,DODG,,PU,WHI,Functional,1000,N,,N,East,PARKING LOT,5,,2,,,,,Left Front Fender,Left Front Fender,Pickup,"Two-Way, Not Divided",,,,,Pedalcycle,Pedalcycle,,,,N,Level,Straight,Straight Ahead,Stop Sign,No Special Function,None,,
24275209,2021,1,FORT MYERS,FL,33967,N,Vehicle in Transport,FL,,N,2006,TOYT,,4D,GRN,Minor,100,N,,N,West,WINGED FOOT DR,30,30,2,,,,,Right Rear Fender,Right Rear Fender,Passenger Car,"Two-Way, Not Divided",,,,,Pedalcycle,Pedalcycle,,,,N,Level,Straight,Straight Ahead,No Controls,No Special Function,None,,
24285992,2021,1,PORT SAINT LUCIE,FL,34983,N,Vehicle in Transport,FL,N,N,2003,KAWK,,MC,BLK,Functional,1000,N,,N,West,E MIDWAY RD,30,35,2,,,,,Rear Left Bumper,Rear Left Bumper,Motorcycle,"Two-Way, Not Divided",,,,,Overturn/Rollover,Overturn/Rollover,Pedestrian,,,N,Level,Curve Right,Negotiating a Curve,No Controls,No Special Function,None,,
24287086,2021,1,MULBERRY,FL,33860,,Vehicle in Transport,FL,,N,2007,FORD,,4D,WHI,Functional,1000,N,Driver,Y,South,STATE ROAD 37,,55,2,,,,,Left Front Fender,Left Front Fender,Pickup,"Two-Way, Divided, Positive Median Barrier",,,,,Motor Vehicle in Transport,Motor Vehicle in Transport,Pedestrian,,,N,Level,Straight,Straight Ahead,No Controls,No Special Function,None,,
24321017,2021,1,KALISPELL,MT,59901,N,Vehicle in Transport,TX,N,N,2017,OTHR,,2D,WHI,Disabling,100000,N,Rotation,Y,North,S OCEAN DR,100,35,3,,,,,,,Passenger Car,"Two-Way, Not Divided",,,,,Motor Vehicle in Transport,Motor Vehicle in Transport,,,,N,Level,Straight,Straight Ahead,Traffic Control Signal,No Special Function,None,None,
24334697,2021,1,NEW SMYRNA BEACH,FL,32168,N,Vehicle in Transport,FL,,N,1996,FORD,,PK,BLK/SIL,Disabling,500,Y,Owner Request,N,West,US 92 / W INTL SPEEDWAY BLVD,5,50,8,,,,,Rear Right Bumper,Rear Right Bumper,Pickup,"Two-Way, Not Divided",,,,,Pedalcycle,Pedalcycle,,,,N,Level,Straight,Backing,Traffic Control Signal,No Special Function,None,,
24349623,2021,1,MIAMI,FL,33157,,Vehicle in Transport,FL,,N,2008,MITS,,UT,WHI,Functional,500,N,Driver,N,West,sw 132 terr,10,10,2,,,,,Front Right Bumper,Front Right Bumper,(Sport) Utility Vehicle,"Two-Way, Not Divided",,,,,Pedalcycle,Pedalcycle,Pedalcycle,,,N,Level,Straight,Straight Ahead,No Controls,No Special Function,None,None,
24381052,2021,1,CUTLER BAY,FL,33189,,Vehicle in Transport,FL,,N,2014,HOND,,UT,GRY,None,1,N,Driver,N,South,SW 112 AVENUE,0,45,2,,,,,Front Center Bumper,,Passenger Car,"Two-Way, Not Divided",,,,,Motor Vehicle in Transport,Motor Vehicle in Transport,,,,N,Level,Straight,Stopped in Traffic,Stop Sign,No Special Function,None,,
24421523,2021,1,ORLANDO,FL,32833,,Vehicle in Transport,FL,,N,2015,NISS,,4D,GRY,None,0,N,Driver,N,East,W WASHINGTON ST,5,25,2,,,,,Front Center Bumper,,Passenger Car,"Two-Way, Divided, Unprotected (painted >4 feet) Median",,,,,Pedalcycle,Pedalcycle,,,,N,Level,Straight,Straight Ahead,No Controls,No Special Function,None,,
24430757,2021,1,PORT SAINT LUCIE,FL,34984,N,Vehicle in Transport,,N,N,,,,YYY,BLK,Functional,150,N,,N,West,SW HINCHMAN ST,20,30,2,,,,,Front Center Bumper,Front Center Bumper,Other,"Two-Way, Not Divided",,,,,Motor Vehicle in Transport,Motor Vehicle in Transport,,,,N,Level,Straight,Straight Ahead,No Controls,No Special Function,None,,
24430757,2021,2,PORT SAINT LUCIE,FL,34984,N,Vehicle in Transport,FL,N,N,2011,LNDR,,4D,WHI,Functional,500,N,,N,South,SW HITCHMAN RD,10,35,2,,,,,Right Rear Door,Right Rear Door,Passenger Car,"Two-Way, Not Divided",,,,,Pedalcycle,Pedalcycle,,,,N,Level,Straight,Backing,No Controls,No Special Function,None,,
24431582,2021,1,PORT SAINT LUCIE,FL,34983,N,Vehicle in Transport,FL,N,N,2015,KIA,,4D,MAR,Functional,150,N,,N,East,SW LUCERO DR,30,30,2,,,,,Front Center Bumper,Front Center Bumper,Passenger Car,"Two-Way, Not Divided",,,,,Pedestrian,Pedestrian,,,,N,Level,Straight,Straight Ahead,No Controls,No Special Function,None,,
24432649,2021,1,CLEARWATER,FL,33756,N,Vehicle in Transport,FL,N,N,1999,CHEV,,TRK,WHI,Minor,500,N,,N,North,137TH ST,5,25,2,,,,,Front Right Bumper,Front Right Bumper,Pickup,"Two-Way, Not Divided",,,,,Pedestrian,Pedestrian,,,,N,Level,Straight,Turning Right,Traffic Control Signal,No Special Function,None,,
24439926,2021,1,MIRAMAR,FL,33025,N,Vehicle in Transport,FL,,N,2011,NISS,,TK,WHI,Minor,100,N,Driver,N,South,NW 32ND AVE,20,30,2,,,,,Right Rear Fender,Right Rear Fender,Pickup,"Two-Way, Not Divided",,,,,Motor Vehicle in Transport,Motor Vehicle in Transport,,,,N,Level,Straight,Straight Ahead,No Controls,No Special Function,None,,
24463559,2021,1,OPA LOCKA,FL,33054,N,Vehicle in Transport,FL,N,N,2004,NISS,,UT,GRY,Functional,500,N,,N,East,NW 32ND AVE,20,45,3,,,,,Front Center Bumper,Front Center Bumper,Passenger Car,"Two-Way, Not Divided",,,,,Pedalcycle,Pedalcycle,,,,N,Level,Straight,Straight Ahead,No Controls,No Special Function,None,,
24481494,2021,1,NORTH MIAMI BEACH,FL,33162,N,Vehicle in Transport,FL,,Y,2020,CHEV,,4D,BLK,Disabling,10000,Y,Rotation,N,,,,,,,,,,Front Center Bumper,Front Center Bumper,Passenger Car,"Two-Way, Not Divided",,,,,,,,,,N,Level,Straight,Straight Ahead,No Controls,No Special Function,Unknown,Unknown,
24481494,2021,2,MIAMI,FL,33168,N,Parked Motor Vehicle,FL,,N,2006,NISS,,UT,GRY,Functional,3000,N,Other,N,Off-Road,12485 NW 2 AVE,0,5,1,,,,,Left Front Fender,Left Front Fender,(Sport) Utility Vehicle,"Two-Way, Not Divided",,,,,Parked Motor Vehicle,Parked Motor Vehicle,,,,N,Level,Straight,Parked,No Controls,No Special Function,None,,
24481494,2021,3,MIAMI,FL,33168,N,Parked Motor Vehicle,FL,,N,2012,TOYT,,5D,WHI,Functional,500,N,Driver,N,Off-Road,12485 NW 2 AVE,0,5,1,,,,,Left Front Fender,Left Front Fender,Passenger Car,"Two-Way, Not Divided",,,,,Parked Motor Vehicle,Parked Motor Vehicle,,,,N,Level,Straight,Parked,No Controls,No Special Function,None,,
24501700,2021,1,FLORIDA CITY,FL,33034,N,Vehicle in Transport,FL,,N,2017,CHEV,,4D,BLK,Minor,1500,N,Driver,N,South,NW 6 AVE,25,30,2,,,,,Rear Right Bumper,Rear Right Bumper,Passenger Car,"Two-Way, Divided, Unprotected (painted >4 feet) Median",,,,,Motor Vehicle in Transport,Motor Vehicle in Transport,,,,N,Level,Straight,Turning Right,No Controls,No Special Function,"Body, Doors",,
24523053,2021,1,PAHOKEE,FL,33476,N,Vehicle in Transport,FL,,N,2016,CHEV,,4D,GLD,Functional,500,N,Driver,N,South,FOREST HILL BLVD,0,45,6,,,,,Right Front Fender,Right Front Fender,Passenger Car,"Two-Way, Divided, Positive Median Barrier",,,,,Motor Vehicle in Transport,Motor Vehicle in Transport,,,,N,Level,Straight,Other,Stop Sign,No Special Function,None,,
24532869,2021,1,MIAMI,FL,33133,N,Vehicle in Transport,FL,,N,2002,TOYT,,4D,SIL,Minor,200,N,Driver,N,East,NW 9TH ST,30,30,2,,,,,Front Right Bumper,Front Right Bumper,Passenger Car,"Two-Way, Not Divided",,,,,Motor Vehicle in Transport,Motor Vehicle in Transport,,,,N,Level,Straight,Straight Ahead,Stop Sign,No Special Function,None,,
24533374,2021,1,MIAMI,FL,33125,N,Vehicle in Transport,FL,,N,2022,HYUN,,UT,GRY,Minor,500,N,Driver,N,West,NW 3RD ST,10,30,2,,,,,Left Front Fender,Left Front Fender,(Sport) Utility Vehicle,"Two-Way, Not Divided",,,,,Motor Vehicle in Transport,Motor Vehicle in Transport,,,,N,Level,Straight,Straight Ahead,Stop Sign,No Special Function,None,,
24534657,2021,1,MIAMI,FL,33125,N,Vehicle in Transport,FL,,N,2020,YNGF,,MD,SIL,Disabling,500,Y,Rotation,N,South,BRICKELL AVE,,,,,,,,,,Moped,"Two-Way, Divided, Positive Median Barrier",,,,,Motor Vehicle in Transport,Motor Vehicle in Transport,,,,N,Level,Straight,Straight Ahead,Traffic Control Signal,No Special Function,"Body, Doors",,
24543594,2021,1,PORT CHARLOTTE,FL,33952,N,Vehicle in Transport,FL,,N,2008,HOND,,4D,GRY,Functional,500,N,Driver,N,Off-Road,TAMIAMI TRL,5,15,1,,,,,Front Left Bumper,Front Left Bumper,Passenger Car,One-Way Trafficway,,,,,Motor Vehicle in Transport,Motor Vehicle in Transport,,,,N,Level,Straight,Turning Left,No Controls,No Special Function,None,,
24551486,2021,1,SPRING HILL,FL,34609,N,Vehicle in Transport,FL,,N,2015,HOND,,4D,BLK,Minor,2000,N,Driver,N,West,ELGIN BLVD,1,40,4,,,,,Right Front Fender,Right Front Fender,Passenger Car,"Two-Way, Not Divided",,,,,Pedalcycle,Pedalcycle,,,,N,Level,Straight,Turning Left,Traffic Control Signal,No Special Function,None,,
24553763,2021,1,ZEPHYRHILLS,FL,33542,N,Vehicle in Transport,FL,,N,2006,NISS,,PK,BLU,Minor,50,N,Driver,N,North,GALL BLVD,20,35,2,,,,,Front Center Bumper,Front Left Bumper,Passenger Car,"Two-Way, Not Divided",,,,,Motor Vehicle in Transport,Motor Vehicle in Transport,,,,N,Level,Straight,Turning Left,Traffic Control Signal,No Special Function,None,,
24553891,2021,1,ZEPHYRHILLS,FL,33542,N,Vehicle in Transport,FL,,N,2004,FORD,,PK,GRY,Functional,100,N,Driver,N,East,14TH AVE,25,30,2,,,,,Front Center Bumper,Front Center Bumper,Pickup,"Two-Way, Not Divided",,,,,Motor Vehicle in Transport,Motor Vehicle in Transport,,,,N,Level,Straight,Straight Ahead,No Controls,No Special Function,,,
24563642,2021,1,PENSACOLA,FL,32503-7096,N,Vehicle in Transport,FL,N,N,2016,GMC,,PK,BLK,Minor,1,N,,N,North,N. DAVIS HWY.,5,30,4,,,,,Right Rear Fender,Right Rear Fender,Pickup,"Two-Way, Divided, Positive Median Barrier",,,,,Pedestrian,Pedestrian,,,,N,Level,Straight,Turning Right,No Controls,No Special Function,None,,
24563680,2021,1,PENSACOLA,FL,32504-8038,N,Vehicle in Transport,FL,N,N,2001,FORD,,PK,DGR,Minor,500,N,,N,West,GONZALES STREET,30,35,2,,,,,Front Center Bumper,Front Center Bumper,Passenger Car,"Two-Way, Not Divided",,,,,Pedalcycle,Pedalcycle,,,,N,Level,Straight,Straight Ahead,No Controls,No Special Function,None,,
24566667,2021,1,APOPKA,FL,32703,N,Vehicle in Transport,FL,,N,2018,TOYT,,VN,SIL,Minor,500,N,Driver,N,North,BALMY BEACH DR,35,35,2,,,,,Right Front Door,Right Front Door,Passenger Car,"Two-Way, Not Divided",,,,,Motor Vehicle in Transport,Motor Vehicle in Transport,,,,N,Level,Straight,Straight Ahead,No Controls,No Special Function,None,,
24569218,2021,1,PALATKA,FL,32177-3045,N,Vehicle in Transport,FL,N,N,2007,CHEV,,UT,GRY,Functional,100,N,,N,North,1717 BRONSON STREET,5,35,2,,,,,Rear Right Bumper,Rear Right Bumper,(Sport) Utility Vehicle,"Two-Way, Not Divided",,,,,Pedalcycle,Pedalcycle,,,,N,Level,Straight,Backing,No Controls,No Special Function,None,,
24571106,2021,1,,,,,,,,Y,,UK,,UNKNOWN,ONG,Unknown,0,N,,N,,,,,,,,,,,,Unknown,"Two-Way, Not Divided",,,,,Motor Vehicle in Transport,Motor Vehicle in Transport,,,,,Level,Straight,Unknown,No Controls,Unknown,Unknown,Unknown,
24574915,2021,1,CASSELBERRY,FL,32707,N,Vehicle in Transport,FL,,Y,2020,ACUR,,4D,SIL,Functional,4000,N,Other,N,North,N NEBRASKA AVE,45,45,2,,,,,Front Right Bumper,Windshield,Passenger Car,"Two-Way, Not Divided",,,,,Motor Vehicle in Transport,Motor Vehicle in Transport,,,,N,Level,Straight,Straight Ahead,Traffic Control Signal,No Special Function,Unknown,,
24576729,2021,1,TAMPA,FL,33604,N,Vehicle in Transport,FL,,N,2015,VOLV,,4D,WHI,Functional,300,N,Driver,N,Off-Road,ASHLEY DR,5,35,6,,,,,Front Left Bumper,Front Left Bumper,Passenger Car,"Two-Way, Not Divided",,,,,Motor Vehicle in Transport,Motor Vehicle in Transport,,,,N,Level,Straight,Straight Ahead,Stop Sign,No Special Function,Unknown,,
24578577,2021,1,TAMPA,FL,33616,N,Vehicle in Transport,FL,,N,2010,NISS,,4D,GRY,Minor,1000,N,Driver,N,West,28TH AVE E,15,20,1,,,,,Front Left Bumper,Hood,Passenger Car,"Two-Way, Not Divided",,,,,Pedalcycle,Pedalcycle,,,,N,Level,Straight,Straight Ahead,No Controls,No Special Function,None,,
24579426,2021,1,DADE CITY,FL,33525,N,Vehicle in Transport,FL,,N,2002,TOYT,,4D,WHI,None,0,N,Driver,N,West,24TH AVE E,10,25,2,,,,,Right Front Fender,Right Front Fender,Passenger Car,"Two-Way, Not Divided",,,,,Motor Vehicle in Transport,Motor Vehicle in Transport,,,,N,Level,Straight,Straight Ahead,No Controls,No Special Function,Unknown,,
24579472,2021,1,TAMPA,FL,33610,N,Vehicle in Transport,FL,,N,2014,TOYT,,4D,WHI,Minor,500,N,Driver,N,West,EAST MLK BLVD,45,45,2,,,,,Front Right Bumper,Front Right Bumper,Passenger Car,"Two-Way, Divided, Positive Median Barrier",,,,,Pedestrian,Pedestrian,,,,N,Level,Straight,Straight Ahead,No Controls,No Special Function,Unknown,,
24630470,2021,1,BRANDON,FL,33510-4666,N,Vehicle in Transport,FL,N,N,1995,FORD,,4D,TEA,Functional,300,N,,N,East,ALMA DR,,20,2,,,,,Right Front Fender,Right Front Fender,Passenger Car,"Two-Way, Not Divided",,,,,Pedalcycle,Pedalcycle,,,,N,Level,Straight,Stopped in Traffic,Stop Sign,No Special Function,None,,
24631410,2021,1,TAMPA,FL,33618,N,Vehicle in Transport,FL,N,N,2021,HOND,,LL,WHI,Functional,1500,N,,N,West,EHRLICH RD,30,45,4,,,,,Right Front Door,Right Front Door,(Sport) Utility Vehicle,"Two-Way, Divided, Positive Median Barrier",,,,,Pedalcycle,Pedalcycle,,,,N,Level,Straight,Turning Left,Traffic Control Signal,No Special Function,None,,
24632274,2021,1,TAMPA,FL,33626-1938,N,Parked Motor Vehicle,FL,N,N,2014,HOND,,4D,RED,Functional,1000,N,,N,East,WHITE LAKE CT,,25,2,,,,,Rear Left Bumper,Rear Left Bumper,Passenger Car,"Two-Way, Not Divided",,,,,Motor Vehicle in Transport,Motor Vehicle in Transport,,,,N,Level,Straight,Parked,No Controls,No Special Function,None,,
24680197,2021,1,TAMPA,FL,33617,,Vehicle in Transport,FL,,N,2016,TOYT,,4D,BLU,Disabling,3000,Y,Rotation,N,West,SR 600 (US HWY 92),,45,4,,,,,Front Left Bumper,Front Left Bumper,Passenger Car,"Two-Way, Divided, Positive Median Barrier",,,,,Pedalcycle,Pedalcycle,,,,N,Level,Straight,Straight Ahead,Traffic Control Signal,No Special Function,None,,
24684444,2021,1,,,,N,Vehicle in Transport,,,Y,,UK,,UNKNOWN,UNKNOWN,Unknown,0,N,,N,,,,,,,,,,,,Unknown,"Two-Way, Not Divided",,,,,Motor Vehicle in Transport,Motor Vehicle in Transport,,,,,Level,Straight,Unknown,Stop Sign,Unknown,Unknown,Unknown,
24712486,2021,1,GAINESVILLE,FL,32608,N,Vehicle in Transport,FL,N,N,2012,CHEV,,SUV,SIL,None,0,N,Driver,N,South,SW 6TH ST,25,30,2,,,,,Right Front Fender,Right Front Fender,(Sport) Utility Vehicle,"Two-Way, Not Divided",,,,,Pedestrian,Pedestrian,,,,N,Level,Curve Left,Negotiating a Curve,Yield Sign,No Special Function,None,,
24720308,2021,1,VENICE,FL,34285,N,Vehicle in Transport,FL,,N,2011,LEXS,,UT,RED,Minor,1000,N,Driver,N,West,1643 US 41 BYP S,2,35,1,,,,,Front Center Bumper,Front Center Bumper,Passenger Car,One-Way Trafficway,,,,,Pedalcycle,Pedalcycle,,,,N,Level,Curve Right,Entering Traffic Lane,Stop Sign,No Special Function,None,,
24720828,2021,1,,,,N,Vehicle in Transport,,,Y,,UK,,UNKNOWN,BLK,Unknown,0,N,Driver,N,East,53RD ST,3,35,2,,,,,,,Pickup,"Two-Way, Not Divided",,,,,Motor Vehicle in Transport,Motor Vehicle in Transport,,,,N,Level,Straight,Straight Ahead,Traffic Control Signal,No Special Function,None,,
24727635,2021,1,JACKSONVILLE,FL,32206-0000,N,Parked Motor Vehicle,FL,N,N,2011,DODG,,4D,RED,Minor,200,N,Driver,N,North,W 6TH ST,,5,2,,,,,Front Center Bumper,Front Center Bumper,(Sport) Utility Vehicle,"Two-Way, Not Divided",,,,,Other Non-Fixed Object,Other Non-Fixed Object,,,,N,Level,Straight,Parked,No Controls,No Special Function,None,,
24743374,2021,1,SORRENTO,FL,32776,,Vehicle in Transport,FL,,N,2021,LEXS,,UT,WHI,Minor,500,N,Driver,N,North,N SUMMERLIN AV,15,25,2,,,,,Front Center Bumper,Front Center Bumper,Passenger Car,"Two-Way, Not Divided",,,,,Pedalcycle,Pedalcycle,,,,N,Level,Straight,Turning Left,No Controls,No Special Function,None,,
24744014,2021,1,ORLANDO,FL,32807,,Vehicle in Transport,FL,Y,N,2014,HOND,,4D,BLK,Minor,1,N,Driver,N,West,S.R. 552 (CURRY FORD RD.),15,40,4,,,,,Right Front Fender,Right Front Fender,Passenger Car,"Two-Way, Divided, Positive Median Barrier",,,,,Pedalcycle,Pedalcycle,,,,N,Level,Straight,Turning Right,Traffic Control Signal,No Special Function,None,,
24781113,2021,1,MIAMI,FL,33161,N,Vehicle in Transport,FL,,N,2003,MERZ,,4D,BGE,Minor,250,N,Driver,N,South,NE MIAMI CT,15,25,2,,,,,Left Rear Fender,Left Rear Fender,Passenger Car,"Two-Way, Not Divided",,,,,Motor Vehicle in Transport,Motor Vehicle in Transport,,,,N,Level,Straight,Turning Left,No Controls,No Special Function,None,,
24782947,2021,1,,,,N,Vehicle in Transport,,,Y,,UK,,UNKNOWN,,Unknown,0,N,Driver,N,East,NW 12 ST,10,30,2,,,,,Front Center Bumper,Front Center Bumper,Unknown,"Two-Way, Not Divided",,,,,Motor Vehicle in Transport,Motor Vehicle in Transport,,,,N,Level,Straight,Unknown,No Controls,Unknown,Unknown,Unknown,
