REPORT_NUMBER,CRASH_YEAR,PERSON_NUMBER,STATUTE_NUMBER,CHARGE,CITATION_NUMBER
24214501,2021,1,316.1925(1),CARELESS DRIVING,AEJ3OTE
24215546,2021,1,316.125(1),FAILED TO YIELD FROM ALLEY/BLDG./PRIVATE ROAD OR DRIVEWAY TO,AERX8ZE
24219748,2021,1,316.1925,CARELESS DRIVING,ADW2AE
24712486,2021,1,316-1925,CARELESS DRIVING,AEI6O3E
24219910,2021,1,316.1925(1),CARELESS DRIVING,AE01E9E
24220023,2021,1,316.121(1),FTYROW VEH IN INTERSECTION,AF90LJE
24220023,2021,1,320.131(4)(a),TEMP TAG-DISPLAY IN LIC PLATE BRCKT,AF90LIE
24222402,2021,1,316.075(1)(a)1,"'STEADY GREEN LIGHT,VEH/FAC/FAI/OY'",AEMM0VE
24222451,2021,1,316.1925(1),CARELESS DRIVING,AF0087E
24222836,2021,1,316.1925,CARELESS DRIVING,AF930QE
24238735,2021,3,316.151(1)(a),IMPROPER RIGHT TURN,AEUPQTE
24305643,2021,2,316.123(2)(a),RAN STOP SIGN/VIOLATION OF RIGHT OF WAY FROM STOP SIGN,AE63CTE
24321017,2021,1,322.34-1,DRIVE WHILE LICENSE SUSP W/O KNOWLEDGE,ACJYUME
24321017,2021,1,316.1925-1,CARELESS DRIVING,ACJYUNE
24321017,2021,1,316.066-1D,CRASH - NO PROOF INSURANCE ALL PARTIES (24 HR CLOCK RULE),ACJYUOE
24352690,2021,1,316.1925(1),CARELESS DRIVING,AEFY1LE
24353272,2021,1,316.1925(1),CARELESS DRIVING,AEG4RNE
24481494,2021,1,316.089,FAILED TO USE DESIGNATED LANE/ FAILED TO DRIVE WITHIN SINGLE,AEPKGJE
24481494,2021,1,316.061(1),CRASH - LEAVING SCENE WITHOUT GIVING INFORMATION MORE THAN $,AEPKGKE
24481494,2021,1,322.1615,LEARNER'S DRIVER LICENSE - VIOLATION OF RESTRICTION,AEPKGOE
24525410,2021,1,316.123(3),FAILED TO YIELD/STOP AT A YIELD INTERSECTION,AERYS7E
24529909,2021,1,316.1925(1),CARELESS DRIVING,AF24FEE
24532869,2021,1,316.123(2)(a),RAN STOP SIGN/VIOLATION OF RIGHT OF WAY FROM STOP SIGN,AF8CCCE
24533374,2021,2,316.123(2)(a),RAN STOP SIGN/VIOLATION OF RIGHT OF WAY FROM STOP SIGN,AF8DOCE
24533374,2021,2,316.2065(3)(d),VIOLATION OF HELMET REGULATION (1ST VIOLATION DISMISSED UPON,AF8DODE
24534657,2021,1,322.34(1),UNKNOWINGLY OPERATING VEHICLE WHILE DL SUSPENDED/CANCELED/RE,AF8GVIE
24534657,2021,2,316.2065(5)(a),SLOW BIKE FAIL TO RIDE RIGHT CURB,AF8GVNE
24551601,2021,1,316.121,FAILED TO YIELD - APPROACHING/ENTERING INTERSECTION,AF13Y1E
24563680,2021,3,316.123(2)(a),RAN STOP SIGN,ADN9T3E
24574915,2021,1,316.027(2)(b),CRASH - LEAVING SCENE ON PUBLIC OR PRIVATE PROPERTY WITHOUT,AENB7HE
24574915,2021,1,316.027(2),CRASH - LEAVING SCENE ON PUBLIC OR PRIVATE PROPERTY WITHOUT,AENB7SE
24580358,2021,2,320.02(1),NO MOTOR VEHICLE REGISTRATION - SEE 320.37 FOR OUT OF STATE,AF0837E
24580358,2021,2,316.074(1),FAIL TO OBEY TRAFFIC CONTROL SIGNAL (FAILED TO STOP AT TRAFF,AF083DE
24680197,2021,1,316.193(1),DUI ALCOHOL OR DRUGS,AAH6WJE
24712079,2021,1,316-1925,CARELESS DRIVING,AEI6CME
