REPORT_NUMBER,CRASH_YEAR,CRASH_DATE_AND_TIME,REPORT_DATE_AND_TIME,INVESTIGATING_AGENCY_REPORT_NUMBER,FORM_TYPE,TOTAL_NUMBER_OF_VEHICLES,TOTAL_NUMBER_OF_PERSONS,COUNTY_CODE,CITY_CODE,COUNTY_NAME,CITY_NAME,RURAL_OR_URBAN,NOTIFIED_TIME,DISPATCHED_TIME,ARRIVED_TIME,CLEARED_TIME,COMPLETED_FLAG,NOTIFIED_BY,ON_STREET_ROAD_HIGHWAY,STREET_ADDRESS_NUMBER,LATITUDE,LONGITUDE,FEET_FROM_INTERSECTION,DIRECTION_FROM_INTERSECTION,FROM_INTERSECTION_OF,MILEPOST_NUMBER,ROAD_SYSTEM_IDENTIFER,TYPE_OF_SHOULDER,TYPE_OF_INTERSECTION,PHOTOS_TAKEN,LIGHT_CONDITION,WEATHER_CONDITION,ROAD_SURFACE_CONDITION,SCHOOL_BUS_RELATED_CODE,TYPE_OF_IMPACT,FIRST_HARMFUL_EVENT,LOCATION,INTERCHANGE_FLAG,JUNCTION_FLAG,ROAD_CIRCUMSTANCES_1,ROAD_CIRCUMSTANCES_2,ROAD_CIRCUMSTANCES_3,ENVIRONMENT_CIRCUMSTANCES_1,ENVIRONMENT_CIRCUMSTANCES_2,ENVIRONMENT_CIRCUMSTANCES_3,WORK_ZONE_RELATED_FLAG,CRASH_IN_WORK_ZONE,TYPE_OF_WORK_ZONE,WORKERS_PRESENT,LAW_ENFORCEMENT_PRESENT,INVESTIGATOR_RANK,INVESTIGATING_AGENCY_NAME,INVESTIGATING_AGENCY_TYPE,LOAD_DATE,UPDATE_DATE,DAYS_TO_LOAD,CODEABLE,S4_CRASH_TYPE,S4_CRASH_TYPE_SIMPLIFIED,S4_CRASH_SEVERITY,S4_CRASH_SEVERITY_DETAIL,S4_DAY_OR_NIGHT,S4_IS_AGGRESSIVE_DRIVING,S4_IS_ALCOHOL_RELATED,S4_IS_CMV_INVOLVED,S4_IS_DISTRACTED,S4_IS_DRUG_RELATED,S4_IS_HIT_AND_RUN,S4_IS_INTERSECTION_RELATED,S4_IS_LANE_DEPARTURE_RELATED,S4_IS_SPEEDING_RELATED,S4_NONE_INJURY_COUNT,S4_INJURY_COUNT,S4_POSSIBLE_INJURY_COUNT,S4_NON_INCAPACITATING_INJURY_COUNT,S4_INCAPACITATING_INJURY_COUNT,S4_FATALITY_COUNT,S4_FATALITY_WITHIN_30_DAYS_COUNT,S4_NON_TRAFFIC_FATALITY_COUNT,S4_TRAILER_COUNT,S4_MOTORCYCLE_COUNT,S4_MOPED_COUNT,S4_NON_MOTORIST_COUNT,S4_BICYCLIST_COUNT,S4_PEDESTRIAN_COUNT,S4_DRIVER_COUNT,S4_AGING_DRIVER_COUNT,S4_TEENAGER_DRIVER_COUNT,S4_PASSENGER_COUNT,S4_UNRESTRAINED_COUNT,S4_UNRESTRAINED_INJURY_COUNT,S4_UNRESTRAINED_INCAPACITATING_INJURY_COUNT,S4_UNRESTRAINED_FATALITY_COUNT,S4_MOTORCYCLIST_COUNT,S4_MOTORCYCLIST_INCAPACITATING_INJURY_COUNT,S4_MOTORCYCLIST_FATALITY_COUNT,S4_IS_PEDESTRIAN_INVOLVED,S4_PEDESTRIAN_INCAPACITATING_INJURY_COUNT,S4_PEDESTRIAN_FATALITY_COUNT,S4_IS_BICYCLIST_INVOLVED,S4_BICYCLIST_INCAPACITATING_INJURY_COUNT,S4_BICYCLIST_FATALITY_COUNT,S4_CITATION_COUNT,S4_CITATION_AMOUNT,S4_PROPERTY_DAMAGE_COUNT,S4_PROPERTY_DAMAGE_AMOUNT,S4_VEHICLE_DAMAGE_COUNT,S4_VEHICLE_DAMAGE_AMOUNT,S4_TOTAL_DAMAGE_AMOUNT,S4_TRANSPORT_BY_EMS_COUNT,S4_TRANSPORT_BY_LAW_ENFORCEMENT_COUNT,S4_TRANSPORT_BY_OTHER_COUNT,S4_GEOLOCATION_STATUS,S4_PRELIMINARY_GEOLOCATION_STATUS,S4_X,S4_Y,S4_LATITUDE,S4_LONGITUDE
25874324,2023,28-NOV-2023 04:14 PM,28-NOV-2023 12:00 AM,PD231128392133,L,1,2,1,0,Miami-Dade,Unincorporated,Urban,11/28/2023 4:14:00 PM,11/28/2023 4:15:00 PM,11/28/2023 4:20:00 PM,11/28/2023 5:15:00 PM,,Law Enforcement,NW 65TH ST,,,,0,,NW 27TH AVE,,County,Paved,Four-Way Intersection,,Daylight,Clear,Dry,N,Angle,Motor Vehicle in Transport,On Roadway,N,Non-Junction,None,,,None,,,N,,,,,OFC.,Miami-Dade Police Department,Police Department (PD),12/7/2023 7:23:00 PM,12/7/2023 7:23:00 PM,9,Y,Single Vehicle,Other,Injury,Non-Incapacitating Injury,DAY,N,N,N,N,N,Y,N,N,N,1,1,0,1,0,0,0,0,0,0,0,1,1,0,1,0,0,0,0,0,0,0,0,0,0,N,0,0,Y,0,0,0,0,1,200,0,0,200,0,0,0,Preliminary,Editor Mapped,576052.3704,2857465.5761,25.833507904502,-80.2411468725706
25875577,2023,24-NOV-2023 07:05 PM,24-NOV-2023 12:00 AM,PD231124387948,L,1,2,1,0,Miami-Dade,Unincorporated,Urban,11/24/2023 7:06:00 PM,11/24/2023 7:06:00 PM,11/24/2023 7:32:00 PM,11/24/2023 8:30:00 PM,Y,Law Enforcement,NE 203RD ST,,,,0,,NE 20TH AVE,,County,Paved,Four-Way Intersection,,Dark - Lighted,Clear,Dry,N,Other,Pedestrian,On Roadway,N,Non-Junction,None,,,None,,,N,,,,,OFC.,Miami-Dade Police Department,Police Department (PD),12/11/2023 7:31:00 PM,12/11/2023 7:31:00 PM,17,N,Pedestrian,Pedestrian,No Injury,No Injury,NIGHT,N,N,N,N,N,N,N,N,N,2,0,0,0,0,0,0,0,0,1,0,1,1,0,1,0,0,0,0,0,0,0,1,0,0,N,0,0,Y,0,0,1,0,1,300,0,0,300,0,0,0,Preliminary,Editor Mapped,583892.1086,2871873.4008,25.9631668103146,-80.1620096907375
25877102,2023,24-DEC-2023 11:18 PM,24-DEC-2023 12:00 AM,PD231223420962,L,1,6,1,0,Miami-Dade,Unincorporated,Rural,12/24/2023 11:18:00 PM,12/24/2023 11:30:00 PM,12/24/2023 11:40:00 PM,12/24/2023 1:30:00 AM,Y,Law Enforcement,SW 40TH ST,7900,,,,,,,Private Roadway,Unpaved,Not at Intersection,,Dark - Not Lighted,Cloudy,Wet,N,Angle,Pedalcycle,On Roadway,N,Non-Junction,None,None,,None,None,,N,,,,,OFC.,Miami-Dade Police Department,Police Department (PD),1/4/2024 7:21:00 PM,1/4/2024 7:21:00 PM,11,Y,Bicycle,Bicycle,Injury,Non-Incapacitating Injury,NIGHT,N,N,N,N,N,N,N,N,N,5,1,0,1,0,0,0,0,1,0,0,4,1,0,1,0,0,1,0,0,0,0,0,0,0,N,0,0,Y,0,0,0,0,0,0,0,0,0,0,0,0,Preliminary,Editor Mapped,568278.5209,2845855.6604,25.7290606900339,-80.3193085825545
25879432,2023,22-DEC-2023 12:18 PM,22-DEC-2023 12:00 AM,PD231222419142,L,1,2,1,0,Miami-Dade,Unincorporated,Rural,12/22/2023 12:18:00 PM,12/22/2023 12:19:00 PM,12/22/2023 12:34:00 PM,12/22/2023 1:00:00 PM,Y,Law Enforcement,NW 75TH ST,,,,0,,NW 22ND AVE,,County,Paved,Not at Intersection,,Daylight,Clear,Dry,N,Other,Pedalcycle,On Roadway,N,Non-Junction,None,,,None,,,N,,,,,PSA.,Miami-Dade Police Department,Police Department (PD),2/6/2024 8:04:00 PM,2/6/2024 8:04:00 PM,46,Y,Bicycle,Bicycle,Injury,Possible Injury,DAY,N,N,N,N,N,N,N,N,N,1,1,1,0,0,0,0,0,0,0,0,1,1,0,1,1,0,0,0,0,0,0,0,0,0,N,0,0,Y,0,0,0,0,1,500,1,1000,1500,1,0,0,Preliminary,Editor Mapped,576802.3097,2858531.4179,25.8430923823346,-80.2336024842764
25897833,2023,16-JUN-2023 02:44 PM,16-JUN-2023 12:00 AM,372306018782,L,2,2,10,60,Broward,Margate,Urban,6/16/2023 2:44:00 PM,6/16/2023 2:49:00 PM,6/16/2023 2:55:00 PM,6/16/2023 4:00:00 PM,Y,Motorist,NW 76 AVE,,,,0,,NW 5 PL,,Local,Curb,T-Intersection,N,Daylight,Clear,Dry,N,Angle,Motor Vehicle in Transport,On Roadway,N,Non-Junction,None,,,Physical Obstruction(s),,,N,,,,,,Margate Police Department,Police Department (PD),6/20/2023 2:50:00 PM,6/20/2023 2:50:00 PM,4,Y,Left Rear,Left Turn,Injury,Non-Incapacitating Injury,DAY,N,N,N,N,N,N,N,N,N,1,1,0,1,0,0,0,0,0,0,0,1,1,0,1,1,0,0,0,0,0,0,0,0,0,N,0,0,Y,0,0,0,0,0,0,2,900,900,1,0,0,Preliminary,Editor Mapped,577232.1975,2902242.8578,26.2377397067022,-80.2267286850628
25901432,2023,27-JUL-2023 09:48 AM,27-JUL-2023 12:00 AM,2023009419,L,1,2,6,32,Palm Beach,Boca Raton,Urban,7/27/2023 9:48:00 AM,7/27/2023 9:48:00 AM,7/27/2023 9:58:00 AM,7/27/2023 1:20:00 PM,Y,Law Enforcement,JOG RD,6603,,,,,,,Parking Lot,Curb,T-Intersection,N,Daylight,Clear,Dry,N,Other,Pedestrian,In Parking Lane or Zone,N,Non-Junction,None,,,None,,,N,,,,,COMMUNITY SERVICE OFFICER,Boca Raton Police Department,Police Department (PD),7/28/2023 2:48:00 PM,7/28/2023 2:48:00 PM,1,Y,Pedestrian,Pedestrian,Injury,Non-Incapacitating Injury,DAY,N,N,N,N,N,Y,N,N,N,0,1,0,1,0,0,0,0,0,0,0,1,1,0,1,0,0,0,0,0,0,0,0,0,0,N,0,0,Y,0,0,0,0,0,0,0,0,0,1,0,0,Preliminary,Editor Mapped,585049.0281,2921159.9167,26.4080890566969,-80.1472208821228
25902486,2023,24-OCT-2023 04:40 PM,01-NOV-2023 12:00 AM,2023013330,L,1,2,6,32,Palm Beach,Boca Raton,Urban,10/24/2023 4:40:00 PM,10/24/2023 4:41:00 PM,10/24/2023 4:50:00 PM,10/24/2023 5:21:00 PM,Y,Law Enforcement,US1 SOUTH FEDERAL HWY,1150,,,176,South,,,Parking Lot,Curb,Not at Intersection,N,Daylight,Clear,Dry,N,Angle,Pedalcycle,In Parking Lane or Zone,N,Non-Junction,None,,,None,,,N,,,,,COMMUNITY SERVICE OFFICER,Boca Raton Police Department,Police Department (PD),11/1/2023 7:51:00 PM,11/2/2023 7:20:00 PM,8,Y,Bicycle,Bicycle,Injury,Possible Injury,DAY,N,N,N,N,N,N,N,N,N,0,2,2,0,0,0,0,0,0,0,0,1,1,0,1,0,0,0,0,0,0,0,0,0,0,N,0,0,Y,0,0,0,0,1,100,0,0,100,0,0,0,Preliminary,Editor Mapped,592916.1452,2925234.193,26.4443801835801,-80.0680502779152
25904872,2023,21-AUG-2023 08:05 PM,21-AUG-2023 12:00 AM,VP230016021,L,1,3,8,37,Volusia,Deltona,Urban,8/21/2023 8:05:00 PM,8/21/2023 8:07:00 PM,8/21/2023 8:13:00 PM,8/21/2023 8:41:00 PM,Y,Law Enforcement,PATCH CT,216,28.868553,-81.181277,,,,,Parking Lot,Unpaved,Not at Intersection,Y,Dark - Not Lighted,Clear,Dry,N,,Pedalcycle,In Parking Lane or Zone,N,Non-Junction,None,,,None,,,N,,,,,DEP II,Volusia County Sheriff's Office,Sheriff's Office (SO),8/26/2023 2:51:00 PM,8/26/2023 2:51:00 PM,5,Y,Bicycle,Bicycle,Injury,Non-Incapacitating Injury,NIGHT,N,N,N,N,N,N,N,N,N,2,1,0,1,0,0,0,0,0,0,0,1,1,0,1,0,0,1,0,0,0,0,0,0,0,N,0,0,Y,0,0,0,0,0,0,1,800,800,1,0,0,Preliminary,Editor Mapped,482322.5116,3193435.2128,28.8685453714397,-81.1812648174772
25911548,2023,20-JUL-2023 11:00 PM,20-JUL-2023 12:00 AM,2307-000954,L,1,2,10,70,Broward,Plantation,Urban,7/20/2023 11:03:00 PM,7/20/2023 11:03:00 PM,7/20/2023 11:21:00 PM,7/20/2023 1:04:00 AM,Y,Law Enforcement,NW 75TH AVE,,26.128344,-80.249005,0,,NW 5TH ST,,Local,Paved,T-Intersection,Y,Dark - Lighted,Clear,Dry,N,,Pedalcycle,On Roadway,N,Intersection,None,,,None,,,N,,,,,CSA,Plantation Police Department,Police Department (PD),8/8/2023 2:56:00 PM,8/8/2023 2:56:00 PM,19,Y,Bicycle,Bicycle,Injury,Non-Incapacitating Injury,NIGHT,N,N,N,N,N,Y,Y,N,N,1,1,0,1,0,0,0,0,0,0,0,1,1,0,1,0,0,0,0,0,0,0,0,0,0,N,0,0,Y,0,0,2,0,1,0,1,2000,2000,0,0,0,Preliminary,Editor Mapped,575077.578,2890113.4484,26.1283395251473,-80.2490022208871
25914925,2023,30-NOV-2023 03:34 PM,30-NOV-2023 12:00 AM,2023-00160400,L,1,2,42,62,Martin,Stuart,Urban,11/30/2023 3:35:00 PM,11/30/2023 3:39:00 PM,11/30/2023 3:46:00 PM,11/30/2023 4:45:00 PM,Y,Law Enforcement,SE FEDERAL HWY,,27.143272,-80.21311,30,South,SE HOLLY ST,,U.S.,Paved,T-Intersection,N,Daylight,Clear,Dry,N,,Pedalcycle,On Roadway,N,Driveway/Alley Access Related,None,,,None,,,N,,,,,DEPUTY SHERIFF,Martin County Sheriff's Office,Sheriff's Office (SO),12/3/2023 7:23:00 PM,12/3/2023 7:23:00 PM,3,Y,Bicycle,Bicycle,Injury,Possible Injury,DAY,N,N,N,N,N,N,N,N,N,1,1,1,0,0,0,0,0,0,0,0,1,1,0,1,1,0,0,0,0,0,0,0,0,0,N,0,0,Y,0,0,0,0,1,500,1,250,750,0,0,0,Preliminary,Editor Mapped,578019.1717,3002461.29,27.1424831957597,-80.2126566091212
25918892,2023,12-NOV-2023 09:55 AM,12-NOV-2023 12:00 AM,23106817,L,1,2,10,34,Broward,Davie,Urban,11/12/2023 9:56:00 AM,11/12/2023 9:57:00 AM,11/12/2023 10:06:00 AM,11/12/2023 10:06:00 AM,Y,Law Enforcement,SW 38TH CT,,,,0,,DAVIE RD,,Local,Paved,T-Intersection,N,Daylight,Clear,Dry,N,Other,Pedestrian,On Roadway,N,Intersection,None,,,None,,,N,,,,,COMMUNITY SERVICE AIDE,Davie Police Department,Police Department (PD),11/13/2023 7:35:00 PM,11/13/2023 7:35:00 PM,1,Y,Pedestrian,Pedestrian,Injury,Possible Injury,DAY,N,N,N,Y,N,N,Y,N,N,1,1,1,0,0,0,0,0,0,0,0,1,1,0,1,1,0,0,0,0,0,0,0,0,0,N,0,0,Y,0,0,1,0,0,0,1,500,500,0,0,0,Preliminary,Editor Mapped,576791.8732,2884106.345,26.074011500946,-80.2322096739702
25922450,2023,25-SEP-2023 08:20 AM,25-SEP-2023 02:13 PM,23-968191,S,1,2,3,0,Hillsborough,Unincorporated,Rural,9/25/2023 1:59:00 PM,9/25/2023 2:05:00 PM,9/25/2023 2:14:00 PM,9/25/2023 2:34:00 PM,Y,Law Enforcement,REDBRAES DR,,,,0,,CR 584 (W WATERS AVE),,Local,Curb,Four-Way Intersection,N,Daylight,Clear,Dry,N,Angle,Pedestrian,On Roadway,N,Intersection,None,,,None,,,N,,,,,DEP.,Hillsborough County Sheriff's Office,Sheriff's Office (SO),9/26/2023 7:35:00 PM,9/26/2023 7:35:00 PM,1,N,Pedestrian,Pedestrian,No Injury,No Injury,DAY,N,N,N,Y,N,N,Y,N,N,2,0,0,0,0,0,0,0,0,0,0,1,1,0,1,0,0,0,0,0,0,0,0,0,0,N,0,0,Y,0,0,0,0,0,0,1,100,100,0,0,0,Preliminary,Computer mapped approximate by address,344119.7105,3101112.2573,28.0261448033379,-82.5856666133951
25922553,2023,01-MAY-2023 07:30 AM,01-MAY-2023 08:32 AM,23-457607,L,1,2,3,0,Hillsborough,Unincorporated,Rural,5/1/2023 7:37:00 AM,5/1/2023 7:39:00 AM,5/1/2023 7:43:00 AM,5/1/2023 8:25:00 AM,Y,Law Enforcement,TRITON LN,,,,0,,MILESTONE DR,,Local,Unpaved,Not at Intersection,Y,Daylight,Clear,Dry,N,Other,Other Non-Fixed Object,On Roadway,N,Non-Junction,None,,,None,,,N,,,,,DEP,Hillsborough County Sheriff's Office,Sheriff's Office (SO),5/3/2023 3:36:00 PM,5/3/2023 3:36:00 PM,2,Y,Single Vehicle,Other,Injury,Non-Incapacitating Injury,DAY,N,N,N,N,N,N,N,N,N,1,1,0,1,0,0,0,0,0,0,0,1,1,0,1,0,0,0,0,0,0,0,0,0,0,N,0,0,Y,0,0,0,0,1,100,1,2500,2600,1,0,0,Preliminary,Editor Mapped,363771.8068,3072836.7127,27.773125552102,-82.3825623380763
25922789,2023,06-MAY-2023 04:55 PM,25-AUG-2023 11:16 AM,23-477406,L,1,3,3,0,Hillsborough,Unincorporated,Rural,5/6/2023 5:00:00 PM,5/6/2023 5:27:00 PM,5/6/2023 5:55:00 PM,5/6/2023 8:19:00 PM,Y,Law Enforcement,N 59TH ST,,,,0,,SOARING AVE,,Local,Unpaved,Four-Way Intersection,Y,Daylight,Cloudy,Dry,N,Angle,Pedalcycle,On Roadway,N,Intersection,None,,,None,,,N,,,,,DET.,Hillsborough County Sheriff's Office,Sheriff's Office (SO),5/8/2023 3:20:00 PM,9/1/2023 4:34:00 PM,2,Y,Bicycle,Bicycle,Fatality,Fatal (within 30 days),DAY,N,N,N,N,N,N,Y,N,N,2,0,0,0,0,1,1,0,0,0,0,1,1,0,1,0,0,1,0,0,0,0,0,0,0,N,0,0,Y,0,1,0,0,0,0,1,3000,3000,1,0,0,Verified,n/a,363361.882,3104624.8347,28.0599635867911,-82.3903867911308
25922835,2023,03-MAY-2023 06:41 PM,03-MAY-2023 06:48 PM,23-0467192,L,1,2,3,0,Hillsborough,Unincorporated,Rural,5/3/2023 6:41:00 PM,5/3/2023 6:43:00 PM,5/3/2023 6:47:00 PM,5/3/2023 8:00:00 PM,Y,Law Enforcement,WHITT RD,,,,0,,S US HIGHWAY 301,,Local,Unpaved,T-Intersection,Y,Dusk,Clear,Dry,N,Other,Motor Vehicle in Transport,On Roadway,N,Intersection,None,,,None,,,N,,,,,DEP,Hillsborough County Sheriff's Office,Sheriff's Office (SO),5/6/2023 3:22:00 PM,5/6/2023 3:22:00 PM,3,Y,Single Vehicle,Other,Serious Injury,Incapacitating Injury,DAY,N,N,N,N,N,N,Y,N,N,1,1,0,0,1,0,0,0,0,0,0,1,1,0,1,0,0,0,0,0,0,0,0,0,0,N,0,0,Y,1,0,0,0,0,0,1,2500,2500,1,0,0,Verified,n/a,369394.7089,3081683.2253,27.8535252789768,-82.3264787650197
25923490,2023,21-MAY-2023 02:55 PM,21-MAY-2023 03:05 PM,23-531225,L,1,2,3,0,Hillsborough,Unincorporated,Rural,5/21/2023 2:56:00 PM,5/21/2023 2:57:00 PM,5/21/2023 3:00:00 PM,5/21/2023 3:53:00 PM,Y,Law Enforcement,COWLEY RD,,,,0,,LURIDA RD,,Local,Unpaved,Four-Way Intersection,Y,Daylight,Clear,Dry,N,Angle,Other Non-Fixed Object,On Roadway,N,Intersection,None,,,None,,,N,,,,,DEP,Hillsborough County Sheriff's Office,Sheriff's Office (SO),5/22/2023 2:44:00 PM,5/22/2023 2:44:00 PM,1,Y,Single Vehicle,Other,Injury,Non-Incapacitating Injury,DAY,N,N,N,N,N,N,Y,N,N,1,1,0,1,0,0,0,0,0,0,0,1,1,0,1,0,0,0,0,0,0,0,0,0,0,N,0,0,Y,0,0,0,0,0,0,1,1000,1000,0,0,0,Preliminary,Editor Mapped,368394.2927,3076097.53,27.8030160054695,-82.3360196350575
25924202,2023,12-JUN-2023 11:21 AM,12-JUN-2023 11:39 AM,23-609568,L,1,2,3,0,Hillsborough,Unincorporated,Rural,6/12/2023 11:22:00 AM,6/12/2023 11:22:00 AM,6/12/2023 11:27:00 AM,6/12/2023 12:46:00 PM,Y,Law Enforcement,CR 672 (BIG BEND RD),,,,0,,SUMMERFIELD CROSSING BLVD,,County,Curb,Four-Way Intersection,Y,Daylight,Clear,Dry,N,Angle,Pedestrian,On Roadway,N,Intersection,None,,,None,,,N,,,,,DEP,Hillsborough County Sheriff's Office,Sheriff's Office (SO),6/13/2023 2:53:00 PM,6/13/2023 2:53:00 PM,1,Y,Pedestrian,Pedestrian,Serious Injury,Incapacitating Injury,DAY,N,N,N,Y,N,N,Y,N,N,1,1,0,0,1,0,0,0,0,0,0,1,1,0,1,1,0,0,0,0,0,0,0,0,0,N,0,0,Y,1,0,0,0,0,0,1,200,200,1,0,0,Verified,n/a,369099.7832,3074889.7683,27.792184882698,-82.3287266956011
25925291,2023,21-JUL-2023 03:12 PM,21-JUL-2023 03:39 PM,23-750890,L,1,3,3,0,Hillsborough,Unincorporated,Rural,7/21/2023 3:15:00 PM,7/21/2023 3:18:00 PM,7/21/2023 3:22:00 PM,7/21/2023 4:44:00 PM,Y,Law Enforcement,WINDHORST RD,,,,0,,TECH BLVD,,Local,Unpaved,Four-Way Intersection,Y,Daylight,Clear,Dry,N,Other,Other Non-Fixed Object,On Roadway,N,Intersection,None,,,None,,,N,,,,,DEP.,Hillsborough County Sheriff's Office,Sheriff's Office (SO),7/24/2023 2:45:00 PM,7/24/2023 2:45:00 PM,3,Y,Single Vehicle,Other,Injury,Non-Incapacitating Injury,DAY,N,N,N,N,N,N,Y,N,N,2,1,0,1,0,0,0,0,0,0,0,1,1,0,1,0,1,1,0,0,0,0,0,0,0,N,0,0,Y,0,0,0,0,1,1200,1,4000,5200,1,0,0,Preliminary,Editor Mapped,368878.434,3093820.3593,27.9630120066314,-82.3330634538006
25926212,2023,09-AUG-2023 01:25 PM,09-AUG-2023 01:55 PM,23-816183,L,1,3,3,0,Hillsborough,Unincorporated,Rural,8/9/2023 1:27:00 PM,8/9/2023 1:30:00 PM,8/9/2023 1:43:00 PM,8/9/2023 2:15:00 PM,Y,Law Enforcement,CR582A (E FLETCHER AVE),,,,0,,CONNERSVILLE BLVD,,County,Curb,T-Intersection,N,Daylight,Clear,Dry,N,Other,Motor Vehicle in Transport,On Roadway,N,Non-Junction,None,,,None,,,N,,,,,M DEPUTY,Hillsborough County Sheriff's Office,Sheriff's Office (SO),8/11/2023 3:00:00 PM,8/11/2023 3:00:00 PM,2,Y,Single Vehicle,Other,Injury,Possible Injury,DAY,N,N,N,N,N,N,N,N,N,2,1,1,0,0,0,0,0,0,0,0,1,1,0,1,0,0,1,0,0,0,0,0,0,0,N,0,0,Y,0,0,0,0,1,250,1,500,750,1,0,0,Preliminary,Editor Mapped,364069.3477,3105623.285,28.0690468785067,-82.3833049568374
25926995,2023,27-DEC-2023 10:00 AM,27-DEC-2023 04:53 PM,2023-113396,L,1,2,1,68,Miami-Dade,Miami Beach,Urban,12/27/2023 10:02:00 AM,12/27/2023 10:02:00 AM,12/27/2023 10:03:00 AM,12/27/2023 11:50:00 AM,Y,Law Enforcement,SR 934 (71ST ST),,25.85608,-80.12248,41,East,SR A1A (ABBOTT AVE),,State,Paved,Other,N,Daylight,Clear,Dry,N,Other,Pedestrian,Off Roadway,N,Non-Junction,None,,,None,,,N,,,,,,Miami Beach Police Department,Police Department (PD),12/28/2023 7:20:00 PM,12/28/2023 7:20:00 PM,1,Y,Pedestrian,Pedestrian,Injury,Non-Incapacitating Injury,DAY,N,N,N,N,N,N,N,N,N,1,1,0,1,0,0,0,0,0,0,0,1,1,0,1,0,0,0,0,0,0,0,0,0,0,N,0,0,Y,0,0,1,0,2,1000,0,0,1000,0,0,0,Preliminary,Editor Mapped,587914.5351,2860046.9294,25.8561485350813,-80.122624157501
25927479,2023,08-DEC-2023 10:00 AM,08-DEC-2023 06:32 PM,2023-107030,L,1,2,1,68,Miami-Dade,Miami Beach,Urban,12/8/2023 10:02:00 AM,12/8/2023 10:03:00 AM,12/8/2023 10:06:00 AM,12/8/2023 11:45:00 AM,N,Law Enforcement,85TH ST,,25.86984,-80.12471,0,,CRESPI BLVD,,Local,Curb,Not at Intersection,Y,Daylight,Clear,Dry,N,"Sideswipe, Same Direction",Pedalcycle,On Roadway,N,Non-Junction,None,,,None,,,N,,,,,,Miami Beach Police Department,Police Department (PD),12/20/2023 7:45:00 PM,12/20/2023 7:45:00 PM,12,Y,Bicycle,Bicycle,Serious Injury,Incapacitating Injury,DAY,N,N,N,N,N,N,N,Y,N,1,1,0,0,1,0,0,0,0,0,0,1,1,0,1,0,0,0,0,0,0,0,0,0,0,N,0,0,Y,1,0,0,0,2,1500,1,500,2000,1,0,0,Preliminary,Editor Mapped,587648.0994,2861556.3452,25.8697930543718,-80.1251825751199
25937140,2023,31-JUL-2023 04:32 PM,31-JUL-2023 12:00 AM,23-037904,L,2,2,16,50,Sarasota,Sarasota,Urban,7/31/2023 4:33:00 PM,7/31/2023 4:33:00 PM,7/31/2023 4:39:00 PM,7/31/2023 5:20:00 PM,Y,Motorist,FRUITVILLE RD.,,,,0,,N. LOCKWOOD RIDGE RD,,State,Paved,T-Intersection,,Daylight,Clear,Dry,N,Angle,Pedalcycle,On Roadway,N,Intersection,None,,,None,,,N,,,,,OFC.,Sarasota Police Department,Police Department (PD),8/9/2023 2:54:00 PM,8/9/2023 2:54:00 PM,9,Y,Bicycle,Bicycle,No Injury,No Injury,DAY,N,N,N,N,N,N,Y,N,N,2,0,0,0,0,0,0,0,2,0,0,1,1,0,1,0,0,0,0,0,0,0,0,0,0,N,0,0,Y,0,0,1,0,0,0,2,1500,1500,1,0,0,Preliminary,Editor Mapped,351051.1169,3024733.6316,27.3376565791003,-82.5056935922024
25947303,2023,06-NOV-2023 03:04 PM,06-NOV-2023 12:00 AM,23009526,L,1,4,26,40,Osceola,Kissimmee,Urban,11/6/2023 3:04:00 PM,11/6/2023 3:04:00 PM,11/6/2023 3:12:00 PM,11/6/2023 3:30:00 PM,Y,Law Enforcement,N JOHN YOUNG PKWY,,,,,,W DONEGAN AVE,,State,Paved,Not at Intersection,N,Daylight,Clear,Dry,N,Angle,Pedestrian,On Roadway,N,Non-Junction,None,,,None,,,N,,,,,POLICE OFFICER,Kissimmee Police Department,Police Department (PD),5/24/2024 7:45:00 PM,5/24/2024 7:45:00 PM,200,N,Pedestrian,Pedestrian,No Injury,No Injury,DAY,N,N,N,N,N,N,N,N,N,4,0,0,0,0,0,0,0,0,0,0,2,2,0,1,0,0,1,0,0,0,0,0,0,0,N,0,0,Y,0,0,0,0,0,0,0,0,0,0,0,0,Preliminary,Editor Mapped,459192.3706,3132726.2743,28.3200425286486,-81.416272804764
25948650,2023,27-OCT-2023 11:20 AM,03-NOV-2023 12:00 AM,2023-00145093,S,1,2,36,42,Walton,Santa Rosa Beach,Urban,10/27/2023 11:24:00 AM,10/27/2023 11:24:00 AM,10/27/2023 11:29:00 AM,10/27/2023 12:30:00 PM,Y,Law Enforcement,W SUGAR LUMP LN,,30.285248,-86.030817,132,West,KING CASTLE COURT,,Private Roadway,Paved,T-Intersection,N,Daylight,Clear,Dry,N,,Pedestrian,On Roadway,N,Intersection,None,,,None,,,N,,,,,CSO,Walton County Sheriff's Office,Sheriff's Office (SO),11/16/2023 3:26:00 AM,11/16/2023 3:26:00 AM,20,N,Pedestrian,Pedestrian,No Injury,No Injury,DAY,N,N,N,N,N,N,Y,N,N,2,0,0,0,0,0,0,0,0,0,0,1,1,0,1,0,0,0,0,0,0,0,0,0,0,N,0,0,Y,0,0,0,0,0,0,1,600,600,0,0,0,Preliminary,Officer Mapped,15875.7666999996,3361129.1053,30.2852422392632,-86.0308124975208
25949509,2023,23-AUG-2023 09:40 AM,23-AUG-2023 12:00 AM,2023-00119853,L,1,2,47,40,Citrus,Crystal River,Urban,8/23/2023 9:44:00 AM,8/23/2023 9:46:00 AM,8/23/2023 9:51:00 AM,8/23/2023 11:24:00 AM,Y,Law Enforcement,NE CRYSTAL ST,,28.90247,-82.584786,0,,NE 6TH AVE,,Local,Unpaved,Four-Way Intersection,N,Daylight,Clear,Dry,N,,Pedestrian,On Roadway,N,Intersection,None,,,Glare,,,N,,,,,PATROL,Citrus County Sheriff's Office,Sheriff's Office (SO),8/24/2023 2:54:00 PM,8/24/2023 2:54:00 PM,1,Y,Pedestrian,Pedestrian,Injury,Possible Injury,DAY,N,N,N,N,N,N,Y,N,N,1,1,1,0,0,0,0,0,0,0,0,1,1,0,1,0,0,0,0,0,0,0,0,0,0,N,0,0,Y,0,0,0,0,0,0,1,2500,2500,2,0,0,Preliminary,Editor Mapped,345486.3379,3198212.8851,28.9024672862372,-82.5847896838997
25951531,2023,26-DEC-2023 01:16 PM,26-DEC-2023 12:00 AM,23013087,L,1,1,10,31,Broward,Coral Springs,Urban,12/26/2023 1:16:00 PM,12/26/2023 1:18:00 PM,12/26/2023 1:23:00 PM,12/26/2023 1:23:00 PM,Y,Law Enforcement,PRIVATE PROPERTY W SAMPLE RD,7305,,,,,,,Parking Lot,Curb,Not at Intersection,N,Daylight,Clear,Dry,N,Other,Tree (standing),Off Roadway,N,Non-Junction,None,,,None,,,N,,,,,,Coral Springs Police Department,Police Department (PD),12/30/2023 7:14:00 PM,12/30/2023 7:14:00 PM,4,Y,Off Road,Off Road,Serious Injury,Incapacitating Injury,DAY,N,N,N,N,N,N,N,Y,N,0,1,0,0,1,0,0,0,0,0,0,1,1,0,0,0,0,0,0,0,0,0,0,0,0,N,0,0,Y,1,0,0,0,0,0,1,500,500,1,0,0,Verified,n/a,577520.5935,2906096.3635,26.2725163217063,-80.2236101179537
25954850,2023,19-MAY-2023 03:44 PM,19-MAY-2023 12:00 AM,2023-018983,S,1,2,4,64,Pinellas,St. Petersburg,Urban,5/19/2023 3:44:00 PM,5/19/2023 3:45:00 PM,5/19/2023 3:50:00 PM,5/19/2023 4:30:00 PM,Y,Law Enforcement,66TH ST N,,27.784301,-82.72835,56,South,13TH AVE N,,Local,Paved,Not at Intersection,N,Daylight,Clear,Dry,N,,Other Non-Collision,On Roadway,N,Non-Junction,None,,,None,,,N,,,,,OFC.,St. Petersburg Police Department,Police Department (PD),5/26/2023 2:52:00 PM,5/26/2023 2:52:00 PM,7,N,Single Vehicle,Other,No Injury,No Injury,DAY,N,N,N,N,N,N,N,N,N,2,0,0,0,0,0,0,0,0,0,0,1,1,0,1,0,0,0,0,0,0,0,0,0,0,N,0,0,Y,0,0,0,0,0,0,1,50,50,0,0,0,Preliminary,Officer Mapped,329712.697,3074505.5976,27.7842961378063,-82.7283467078842
25956642,2023,30-JUL-2023 01:28 PM,30-JUL-2023 12:00 AM,2023-029338,L,1,4,4,64,Pinellas,St. Petersburg,Urban,7/30/2023 1:28:00 PM,7/30/2023 1:28:00 PM,7/30/2023 1:35:00 PM,7/30/2023 2:30:00 PM,Y,Law Enforcement,37TH ST N,,27.802833,-82.683638,0,,34TH AVE N,,Local,Paved,Four-Way Intersection,N,Daylight,Clear,Dry,N,,Pedalcycle,On Roadway,N,Intersection,None,,,None,,,N,,,,,OFFICER,St. Petersburg Police Department,Police Department (PD),8/23/2023 2:53:00 PM,8/23/2023 2:53:00 PM,24,Y,Bicycle,Bicycle,Injury,Non-Incapacitating Injury,DAY,N,N,N,N,N,N,Y,N,N,3,1,0,1,0,0,0,0,0,0,0,1,1,0,1,0,0,2,0,0,0,0,0,0,0,N,0,0,Y,0,0,0,0,1,100,1,500,600,0,0,0,Preliminary,Editor Mapped,334146.8948,3076497.694,27.8028276054614,-82.6836344614969
25956792,2023,23-AUG-2023 07:15 AM,23-AUG-2023 12:00 AM,2023-031648,L,1,2,4,64,Pinellas,St. Petersburg,Urban,8/23/2023 7:19:00 AM,8/23/2023 7:19:00 AM,8/23/2023 7:19:00 AM,8/23/2023 8:00:00 AM,Y,Law Enforcement,9TH ST N,,27.78004,-82.646614,,North,7TH AVE N,,Local,Curb,Not at Intersection,N,Daylight,Clear,Dry,N,,Pedalcycle,On Roadway,N,Non-Junction,None,,,None,,,N,,,,,OFC,St. Petersburg Police Department,Police Department (PD),9/1/2023 4:34:00 PM,9/1/2023 4:34:00 PM,9,Y,Bicycle,Bicycle,Injury,Non-Incapacitating Injury,DAY,N,N,N,N,N,N,N,N,N,1,1,0,1,0,0,0,0,0,0,0,1,1,0,1,0,0,0,0,0,0,0,0,0,0,N,0,0,Y,0,0,2,0,0,0,0,0,0,0,0,0,Preliminary,Editor Mapped,337760.7679,3073923.5274,27.7800409958955,-82.6466110853229
25957009,2023,03-SEP-2023 09:01 PM,03-SEP-2023 12:00 AM,2023-032984,L,1,2,4,64,Pinellas,St. Petersburg,Urban,9/3/2023 9:01:00 PM,9/3/2023 9:01:00 PM,9/3/2023 9:05:00 PM,9/3/2023 9:29:00 PM,Y,Law Enforcement,CENTRAL AVE,,27.771175,-82.636029,162,West,2ND ST N,,Local,Paved,Not at Intersection,N,Daylight,Clear,Dry,N,,Pedestrian,On Roadway,N,Non-Junction,None,,,None,,,N,,,,,OFFICER,St. Petersburg Police Department,Police Department (PD),9/13/2023 3:13:00 PM,9/13/2023 3:13:00 PM,10,N,Pedestrian,Pedestrian,No Injury,No Injury,NIGHT,N,N,N,N,N,N,N,N,N,2,0,0,0,0,0,0,0,0,0,0,1,1,0,1,0,0,0,0,0,0,0,0,0,0,N,0,0,Y,0,0,0,0,0,0,1,1000,1000,0,0,0,Preliminary,Editor Mapped,338791.0574,3072927.4224,27.7711764188845,-82.6360233555893
25957427,2023,23-SEP-2023 03:52 PM,23-SEP-2023 12:00 AM,2023-035556,L,1,2,4,64,Pinellas,St. Petersburg,Urban,9/23/2023 3:52:00 PM,9/23/2023 3:52:00 PM,9/23/2023 3:58:00 PM,9/23/2023 4:40:00 PM,N,Law Enforcement,34TH ST S,,27.769108,-82.679529,0,,2ND AVE S,,Local,Curb,Four-Way Intersection,N,Daylight,Clear,Dry,N,,Pedalcycle,On Roadway,N,Other,None,,,None,,,N,,,,,OFFICER,St. Petersburg Police Department,Police Department (PD),10/4/2023 7:54:00 PM,10/4/2023 7:54:00 PM,11,Y,Bicycle,Bicycle,Injury,Possible Injury,DAY,N,N,N,N,N,Y,N,N,N,0,1,1,0,0,0,0,0,0,0,0,1,1,0,1,0,0,0,0,0,0,0,0,0,0,N,0,0,Y,0,0,0,0,0,0,0,0,0,1,0,0,Preliminary,Editor Mapped,334496.0745,3072753.3212,27.7690827280119,-82.6795716602012
25957588,2023,30-SEP-2023 01:49 PM,30-SEP-2023 12:00 AM,2023-036510,L,1,2,4,64,Pinellas,St. Petersburg,Urban,9/30/2023 1:52:00 PM,9/30/2023 1:52:00 PM,9/30/2023 1:56:00 PM,9/30/2023 2:30:00 PM,Y,Law Enforcement,4TH ST N,,27.7865,-82.638566,56,South,15TH AVE N,,Local,Curb,Four-Way Intersection,N,Daylight,Clear,Dry,N,,Pedalcycle,On Roadway,N,Intersection,None,,,None,,,N,,,,,OFC,St. Petersburg Police Department,Police Department (PD),10/7/2023 7:27:00 PM,10/7/2023 7:27:00 PM,7,Y,Bicycle,Bicycle,Injury,Non-Incapacitating Injury,DAY,N,N,N,N,N,N,Y,N,N,1,1,0,1,0,0,0,0,0,0,0,1,1,0,1,0,0,0,0,0,0,0,0,0,0,N,0,0,Y,0,0,0,0,1,1500,1,2500,4000,1,0,0,Preliminary,Editor Mapped,338563.7554,3074628.0026,27.7864949363904,-82.6385593684374
25958291,2023,01-NOV-2023 07:06 PM,01-NOV-2023 12:00 AM,2023-040742,L,1,2,4,64,Pinellas,St. Petersburg,Urban,11/1/2023 7:06:00 PM,11/1/2023 7:07:00 PM,11/1/2023 7:12:00 PM,11/1/2023 8:00:00 PM,Y,Law Enforcement,1ST AVE S,,27.770261,-82.638521,21,West,1ST AVE S,,Local,Curb,Not at Intersection,N,Dark - Lighted,Clear,Dry,N,,Pedalcycle,On Roadway,N,Non-Junction,None,,,None,,,N,,,,,OFFICER,St. Petersburg Police Department,Police Department (PD),11/9/2023 7:20:00 PM,11/9/2023 7:20:00 PM,8,N,Bicycle,Bicycle,No Injury,No Injury,NIGHT,N,N,N,N,N,N,N,N,N,2,0,0,0,0,0,0,0,0,0,0,1,1,0,1,0,0,0,0,0,0,0,0,0,0,N,0,0,Y,0,0,1,0,0,0,1,2000,2000,0,0,0,Preliminary,Editor Mapped,338543.7717,3072828.6553,27.7702554356362,-82.6385187361541
25959326,2023,21-DEC-2023 05:55 PM,21-DEC-2023 12:00 AM,2023-047287,L,1,2,4,64,Pinellas,St. Petersburg,Urban,12/21/2023 6:47:00 PM,12/21/2023 6:49:00 PM,12/21/2023 7:00:00 PM,12/21/2023 7:20:00 PM,Y,Law Enforcement,31ST ST S,,27.769372,-82.675283,271,South,1ST AVE S,,Local,Paved,Not at Intersection,Y,Dark - Lighted,Clear,Dry,N,,Pedalcycle,On Roadway,N,Non-Junction,None,,,None,,,N,,,,,OFFICER,St. Petersburg Police Department,Police Department (PD),1/9/2024 7:56:00 PM,1/9/2024 7:56:00 PM,19,Y,Bicycle,Bicycle,Injury,Non-Incapacitating Injury,DAY,N,N,N,N,N,N,N,N,N,1,1,0,1,0,0,0,0,0,0,0,1,1,0,1,1,0,0,0,0,0,0,0,0,0,N,0,0,Y,0,0,0,0,0,0,1,500,500,0,0,0,Preliminary,Editor Mapped,334919.6632,3072778.8013,27.7693648061691,-82.6752780055509
25967857,2023,09-OCT-2023 11:35 AM,09-OCT-2023 12:00 AM,22-2310-008298,L,1,2,10,66,Broward,Pembroke Park,Urban,10/9/2023 11:37:00 AM,10/9/2023 11:37:00 AM,10/9/2023 11:42:00 AM,10/9/2023 12:26:00 PM,Y,Law Enforcement,W HALLANDALE BEACH BLVD,,25.985073,-80.167134,146,West,SW 31ST AVE,,Local,Paved,Not at Intersection,Y,Daylight,Clear,Dry,N,,Pedestrian,On Roadway,N,Non-Junction,None,,,None,,,N,,,,,CSA,Pembroke Park Police Department,Police Department (PD),10/15/2023 7:13:00 PM,10/15/2023 7:13:00 PM,6,Y,Pedestrian,Pedestrian,Injury,Possible Injury,DAY,N,N,N,N,N,N,N,N,N,1,1,1,0,0,0,0,0,0,0,0,1,1,0,1,0,0,0,0,0,0,0,0,0,0,N,0,0,Y,0,0,0,0,0,0,1,500,500,1,0,0,Preliminary,Editor Mapped,583363.8701,2874295.763,25.9850686063939,-80.1671317251256
25970583,2023,08-NOV-2023 04:48 PM,08-NOV-2023 12:00 AM,23010003,L,1,2,4,46,Pinellas,Largo,Urban,11/8/2023 4:48:00 PM,11/8/2023 4:50:00 PM,11/8/2023 5:00:00 PM,11/8/2023 7:20:00 PM,Y,Law Enforcement,TROTTER RD,,,,24,South,ELYRIA AVE,,Local,Curb,Not at Intersection,N,Daylight,Clear,Dry,N,Front to Rear,Motor Vehicle in Transport,On Roadway,N,Non-Junction,None,,,None,,,N,,,,,OFFICER,Largo Police Department,Police Department (PD),11/11/2023 7:15:00 PM,11/11/2023 7:15:00 PM,3,Y,Single Vehicle,Other,Serious Injury,Incapacitating Injury,DAY,N,N,N,N,N,N,N,N,N,0,2,0,1,1,0,0,0,0,0,1,1,1,0,1,0,0,0,0,0,0,0,0,0,0,N,0,0,Y,0,0,0,0,0,0,1,2000,2000,1,0,0,Verified,n/a,321689.5915,3088338.1418,27.9080645574428,-82.8118191369518
25970594,2023,09-NOV-2023 04:45 PM,09-NOV-2023 12:00 AM,23010038,L,1,2,4,46,Pinellas,Largo,Urban,11/9/2023 4:45:00 PM,11/9/2023 4:46:00 PM,11/9/2023 5:07:00 PM,11/9/2023 5:30:00 PM,Y,Law Enforcement,ULMERTON RD,,,,0,,RIDGE RD SW,,State,Curb,T-Intersection,N,Daylight,Clear,Dry,N,Angle,Pedalcycle,On Roadway,N,Intersection-Related,None,,,None,,,N,,,,,OFFICER,Largo Police Department,Police Department (PD),11/17/2023 7:26:00 PM,11/17/2023 7:26:00 PM,8,N,Bicycle,Bicycle,No Injury,No Injury,DAY,N,N,N,N,N,N,Y,N,N,2,0,0,0,0,0,0,0,0,0,0,1,1,0,1,0,0,0,0,0,0,0,0,0,0,N,0,0,Y,0,0,0,0,0,0,0,0,0,0,0,0,Preliminary,Editor Mapped,323097.9166,3086813.3879,27.894494152272,-82.7972874479134
25974683,2023,28-JUL-2023 04:44 PM,28-JUL-2023 12:00 AM,2023-16450,L,1,2,6,82,Palm Beach,Palm Springs,Urban,7/28/2023 4:49:00 PM,7/28/2023 4:52:00 PM,7/28/2023 4:52:00 PM,7/28/2023 5:35:00 PM,Y,Law Enforcement,WOODHAVEN DR,,26.651255,-80.103633,0,,FOREST HILL BLVD,,Local,Unpaved,T-Intersection,N,Daylight,Cloudy,Dry,N,,Pedalcycle,On Roadway,N,Intersection-Related,None,,,Physical Obstruction(s),,,N,,,,,OFFICER,Palm Springs Police Department,Police Department (PD),8/1/2023 2:56:00 PM,8/1/2023 2:56:00 PM,4,Y,Bicycle,Bicycle,Injury,Non-Incapacitating Injury,DAY,N,N,N,N,N,N,Y,N,N,1,1,0,1,0,0,0,0,0,0,0,1,1,0,1,0,0,0,0,0,0,0,0,0,0,N,0,0,Y,0,0,0,0,0,0,1,1500,1500,1,0,0,Preliminary,Editor Mapped,589207.5922,2948122.3098,26.6512532693611,-80.1036382090051
25975141,2023,04-OCT-2023 08:23 AM,04-OCT-2023 12:00 AM,2023-21097,L,1,2,6,82,Palm Beach,Palm Springs,Urban,10/4/2023 8:23:00 AM,10/4/2023 8:23:00 AM,10/4/2023 8:49:00 AM,10/4/2023 8:49:00 AM,Y,Law Enforcement,DAVIS RD,,26.630221,-80.096819,,North,RUSSELL DR,,Local,Unpaved,Not at Intersection,N,Daylight,Clear,Dry,N,,Pedestrian,On Roadway,N,Non-Junction,None,,,None,,,N,,,,,TRAFFIC OFFICER,Palm Springs Police Department,Police Department (PD),11/9/2023 1:38:00 AM,11/9/2023 1:38:00 AM,36,Y,Pedestrian,Pedestrian,Injury,Possible Injury,DAY,N,N,N,N,N,N,N,N,N,1,1,1,0,0,0,0,0,0,0,0,1,1,0,1,0,0,0,0,0,0,0,0,0,0,N,0,0,Y,0,0,1,0,0,0,0,0,0,0,0,0,Preliminary,Editor Mapped,589897.75,2945795.6605,26.6302045523774,-80.096869394797
25985127,2023,12-OCT-2023 02:48 PM,12-OCT-2023 12:00 AM,202300150111,L,1,2,14,40,Marion,Ocala,Urban,10/12/2023 3:02:00 PM,10/12/2023 3:06:00 PM,10/12/2023 3:12:00 PM,10/12/2023 4:26:00 PM,Y,Law Enforcement,NE 36TH AVE,,29.197018,-82.086867,0,,SR 40,,Local,Curb,Four-Way Intersection,N,Daylight,Cloudy,Dry,N,Other,Motor Vehicle in Transport,On Roadway,N,Intersection,None,,,None,,,N,,,,,CSS,Ocala Police Department,Police Department (PD),10/20/2023 8:07:00 PM,10/20/2023 8:07:00 PM,8,Y,Single Vehicle,Other,Injury,Non-Incapacitating Injury,DAY,N,N,N,N,N,N,Y,N,N,1,1,0,1,0,0,0,0,0,0,0,1,1,0,1,0,0,0,0,0,0,0,0,0,0,N,0,0,Y,0,0,0,0,0,0,1,100,100,0,0,0,Preliminary,Editor Mapped,394337.6221,3230301.8989,29.1970102803263,-82.0868630747123
25995614,2023,08-AUG-2023 09:08 AM,08-AUG-2023 12:00 AM,072308000889,L,1,2,10,77,Broward,Tamarac,Urban,8/8/2023 9:09:00 AM,8/8/2023 9:10:00 AM,8/8/2023 9:20:00 AM,8/8/2023 10:17:00 AM,Y,Law Enforcement,N UNIVERSITY DR,8550,,,,,,,Parking Lot,Curb,Not at Intersection,N,Daylight,Clear,Dry,N,Other,Pedalcycle,In Parking Lane or Zone,N,Non-Junction,None,,,None,,,N,,,,,,Broward County Sheriff's Office,Sheriff's Office (SO),8/11/2023 3:00:00 PM,8/11/2023 3:00:00 PM,3,Y,Bicycle,Bicycle,Injury,Possible Injury,DAY,N,N,N,N,N,N,N,N,N,1,1,1,0,0,0,0,0,0,0,0,1,1,0,1,0,0,0,0,0,0,0,0,0,0,N,0,0,Y,0,0,0,0,0,0,1,1000,1000,1,0,0,Preliminary,Editor Mapped,574683.0334,2901165.3871,26.2281465109049,-80.2523121190411
25996965,2023,31-AUG-2023 09:10 AM,31-AUG-2023 12:00 AM,032308003373,L,1,2,10,38,Broward,Fort Lauderdale,Urban,8/31/2023 9:10:00 AM,8/31/2023 9:11:00 AM,8/31/2023 9:11:00 AM,8/31/2023 10:00:00 AM,Y,Law Enforcement,E PERIMETER RD,,,,568,North,ACCESS RD,,County,Curb,T-Intersection,N,Daylight,Clear,Dry,N,Other,Pedalcycle,On Roadway,N,Non-Junction,None,,,None,,,N,,,,,,Broward County Sheriff's Office,Sheriff's Office (SO),9/1/2023 4:34:00 PM,9/1/2023 4:34:00 PM,1,Y,Bicycle,Bicycle,Injury,Non-Incapacitating Injury,DAY,N,N,N,N,N,N,N,N,N,1,1,0,1,0,0,0,0,0,0,0,1,1,0,1,0,0,0,0,0,0,0,0,0,0,N,0,0,Y,0,0,0,0,0,0,1,500,500,1,0,0,Preliminary,Editor Mapped,583659.5207,2897114.4243,26.1910763391266,-80.1627131866367
25997085,2023,01-SEP-2023 08:42 PM,01-SEP-2023 12:00 AM,132309000022,L,1,3,10,48,Broward,Lauderdale by the Sea,Urban,9/1/2023 8:42:00 PM,9/1/2023 8:42:00 PM,9/1/2023 8:43:00 PM,9/1/2023 9:00:00 PM,Y,Law Enforcement,COMMERCIAL BLVD,,,,109,East,EAST TRADEWINDS AVE,,State,Paved,Not at Intersection,Y,Dark - Lighted,Clear,Dry,N,Other,Motor Vehicle in Transport,On Roadway,N,Non-Junction,None,,,None,,,N,,,,,,Broward County Sheriff's Office,Sheriff's Office (SO),9/3/2023 4:25:00 PM,9/3/2023 4:25:00 PM,2,N,Single Vehicle,Other,No Injury,No Injury,NIGHT,N,N,N,N,N,N,N,N,N,3,0,0,0,0,0,0,0,0,0,0,1,1,0,1,1,0,1,0,0,0,0,0,0,0,N,0,0,Y,0,0,0,0,0,0,1,50,50,0,0,0,Preliminary,Editor Mapped,589937.6695,2897037.8629,26.1900057645739,-80.0998910928326
25997427,2023,08-SEP-2023 04:35 PM,08-SEP-2023 12:00 AM,022309000806,L,1,2,10,32,Broward,Dania Beach,Urban,9/8/2023 4:35:00 PM,9/8/2023 4:35:00 PM,9/8/2023 4:48:00 PM,9/8/2023 5:10:00 PM,Y,Law Enforcement,STIRLING RD,1211,,,,,,,Parking Lot,Paved,Not at Intersection,N,Daylight,Clear,Dry,N,Other,Pedestrian,In Parking Lane or Zone,N,Non-Junction,None,,,None,,,N,,,,,,Broward County Sheriff's Office,Sheriff's Office (SO),9/13/2023 3:13:00 PM,9/13/2023 3:13:00 PM,5,Y,Pedestrian,Pedestrian,Injury,Non-Incapacitating Injury,DAY,N,N,N,N,N,N,N,N,N,1,1,0,1,0,0,0,0,0,0,0,1,1,0,1,1,0,0,0,0,0,0,0,0,0,N,0,0,Y,0,0,0,0,0,0,0,0,0,1,0,0,Preliminary,Editor Mapped,584386.8466,2881344.7753,26.0486539432934,-80.1564575040948
25998764,2023,02-OCT-2023 10:56 AM,30-NOV-2023 12:00 AM,122310000144,L,1,1,10,64,Broward,Oakland Park,Urban,10/2/2023 10:57:00 AM,10/2/2023 10:58:00 AM,10/2/2023 11:05:00 AM,10/2/2023 11:30:00 AM,Y,Law Enforcement,W PROSPECT RD,,,,0,,NW 5TH AV,,Local,Paved,T-Intersection,N,Daylight,Cloudy,Wet,N,Other,Motor Vehicle in Transport,Off Roadway,N,Intersection,None,,,None,,,N,,,,,,Broward County Sheriff's Office,Sheriff's Office (SO),10/4/2023 7:53:00 PM,12/5/2023 7:37:00 PM,2,Y,Single Vehicle,Other,Injury,Possible Injury,DAY,N,N,N,N,N,Y,Y,N,N,0,1,1,0,0,0,0,0,0,0,0,1,1,0,0,0,0,0,0,0,0,0,0,0,0,N,0,0,Y,0,0,0,0,0,0,0,0,0,0,0,0,Preliminary,Editor Mapped,584852.6733,2896006.4618,26.1810029715706,-80.1508453589723
25998991,2023,06-OCT-2023 07:03 AM,06-OCT-2023 12:00 AM,112310001968,L,1,2,10,72,Broward,Pompano Beach,Urban,10/6/2023 7:03:00 AM,10/6/2023 7:03:00 AM,10/6/2023 7:27:00 AM,10/6/2023 9:00:00 AM,Y,Law Enforcement,W SAMPLE RD,,,,0,,NW 5THER,,State,Paved,T-Intersection,N,Daylight,Clear,Dry,N,Other,Pedalcycle,On Roadway,N,Intersection-Related,None,,,None,,,N,,,,,,Broward County Sheriff's Office,Sheriff's Office (SO),10/13/2023 7:24:00 PM,10/13/2023 7:24:00 PM,7,Y,Bicycle,Bicycle,Injury,Possible Injury,DAY,N,N,N,N,N,N,Y,N,N,1,1,1,0,0,0,0,0,0,0,0,1,1,0,1,0,0,0,0,0,0,0,0,0,0,N,0,0,Y,0,0,0,0,0,0,1,300,300,1,0,0,Preliminary,Editor Mapped,586744.7913,2906404.486,26.2747689244581,-80.1312145955099
25999122,2023,07-OCT-2023 09:55 PM,07-OCT-2023 12:00 AM,102310001118,S,1,2,10,36,Broward,Deerfield Beach,Urban,10/7/2023 10:00:00 PM,10/7/2023 10:03:00 PM,10/7/2023 10:11:00 PM,10/7/2023 10:44:00 PM,Y,Law Enforcement,W SAMPLE RD,825,,,,,,,Parking Lot,Curb,Not at Intersection,N,Dark - Lighted,Rain,Wet,N,Angle,Motor Vehicle in Transport,On Roadway,N,Non-Junction,None,,,None,,,N,,,,,,Broward County Sheriff's Office,Sheriff's Office (SO),10/18/2023 7:57:00 PM,10/18/2023 7:57:00 PM,11,N,Single Vehicle,Other,No Injury,No Injury,NIGHT,N,N,N,N,N,N,N,N,N,2,0,0,0,0,0,0,0,0,0,0,1,1,0,1,0,0,0,0,0,0,0,0,0,0,N,0,0,Y,0,0,0,0,0,0,1,1000,1000,0,0,0,Unmapped,Unmapped,,,,
26000325,2023,28-OCT-2023 04:55 PM,28-OCT-2023 12:00 AM,042310002572,L,1,3,10,50,Broward,Lauderdale Lakes,Urban,10/28/2023 4:55:00 PM,10/28/2023 4:57:00 PM,10/28/2023 4:58:00 PM,10/28/2023 6:03:00 PM,Y,Motorist,NW 30TH ST,,,,0,,NW 33RD AV,,Local,Paved,Four-Way Intersection,N,Daylight,Clear,Dry,N,Front to Front,Motor Vehicle in Transport,On Roadway,N,Non-Junction,None,,,Physical Obstruction(s),,,N,,,,,,Broward County Sheriff's Office,Sheriff's Office (SO),11/2/2023 7:20:00 PM,11/2/2023 7:20:00 PM,5,Y,Single Vehicle,Other,Injury,Possible Injury,DAY,N,N,N,N,N,N,N,Y,N,2,1,1,0,0,0,0,0,0,0,0,1,1,0,1,0,0,1,0,0,0,0,0,0,0,N,0,0,Y,0,0,0,0,0,0,1,100,100,1,0,0,Preliminary,Editor Mapped,580856.5358,2894035.188,26.1634352377489,-80.1909559025009
26002648,2023,07-DEC-2023 07:40 AM,07-DEC-2023 12:00 AM,102312001084,L,1,2,10,36,Broward,Deerfield Beach,Urban,12/7/2023 7:46:00 AM,12/7/2023 7:46:00 AM,12/7/2023 8:00:00 AM,12/7/2023 9:30:00 AM,Y,Law Enforcement,NE 54TH ST,,,,0,,N DIXIE HWY,,Local,Paved,T-Intersection,N,Daylight,Clear,Dry,N,Other,Pedalcycle,On Roadway,N,Non-Junction,None,,,None,,,N,,,,,,Broward County Sheriff's Office,Sheriff's Office (SO),12/8/2023 7:44:00 PM,12/8/2023 7:44:00 PM,1,Y,Bicycle,Bicycle,Injury,Non-Incapacitating Injury,DAY,N,N,N,Y,N,N,N,N,N,1,1,0,1,0,0,0,0,0,0,0,1,1,0,1,0,0,0,0,0,0,0,0,0,0,N,0,0,Y,0,0,1,0,1,600,1,500,1100,0,1,0,Preliminary,Editor Mapped,589103.3496,2908921.658,26.2973500773759,-80.1074209861539
26002899,2023,12-DEC-2023 07:15 AM,12-DEC-2023 12:00 AM,102312001940,L,1,2,10,36,Broward,Deerfield Beach,Urban,12/12/2023 7:24:00 AM,12/12/2023 7:24:00 AM,12/12/2023 7:35:00 AM,12/12/2023 8:13:00 AM,Y,Law Enforcement,SW 2ND AV,,,,0,,SW 10TH ST,,Local,Paved,Not at Intersection,N,Daylight,Cloudy,Dry,N,Other,Motor Vehicle in Transport,On Roadway,N,Non-Junction,None,,,None,,,N,,,,,,Broward County Sheriff's Office,Sheriff's Office (SO),12/14/2023 7:24:00 PM,12/14/2023 7:24:00 PM,2,Y,Single Vehicle,Other,Injury,Non-Incapacitating Injury,DAY,N,N,N,Y,N,N,N,N,N,1,1,0,1,0,0,0,0,0,0,0,1,1,0,1,0,0,0,0,0,0,0,0,0,0,N,0,0,Y,0,0,1,0,1,700,0,0,700,0,1,0,Preliminary,Editor Mapped,589217.6047,2909762.7295,26.3049364659531,-80.106218330473
26003134,2023,15-DEC-2023 01:54 PM,15-DEC-2023 12:00 AM,022312001472,S,1,3,10,32,Broward,Dania Beach,Urban,12/15/2023 1:54:00 PM,12/15/2023 1:54:00 PM,12/15/2023 2:20:00 PM,12/15/2023 2:50:00 PM,Y,Law Enforcement,PHIPPEN-WAITERS RD,,,,0,,SW 2ND PL,,Local,Paved,Not at Intersection,N,Daylight,Cloudy,Dry,N,Other,Pedalcycle,On Roadway,N,Non-Junction,None,,,None,,,N,,,,,,Broward County Sheriff's Office,Sheriff's Office (SO),12/30/2023 7:14:00 PM,12/30/2023 7:14:00 PM,15,N,Bicycle,Bicycle,No Injury,No Injury,DAY,N,N,N,N,N,N,N,N,N,3,0,0,0,0,0,0,0,0,0,0,1,1,0,1,1,0,1,0,0,0,0,0,0,0,N,0,0,Y,0,0,0,0,0,0,1,500,500,1,0,0,Preliminary,Computer mapped approximate by address,585166.2499,2881188.2859,26.0471953222792,-80.1486773713768
26021774,2023,09-AUG-2023 06:20 PM,09-AUG-2023 12:00 AM,23-345953,L,1,2,18,40,Lee,Fort Myers,Urban,8/9/2023 6:21:00 PM,8/9/2023 6:35:00 PM,8/9/2023 6:44:00 PM,8/9/2023 7:34:00 PM,Y,Law Enforcement,PANTHER LN,,26.543427,-81.900698,0,North,MEMOLI LN,,County,Paved,T-Intersection,Y,Daylight,Clear,Dry,N,,Pedalcycle,On Roadway,N,Intersection,None,,,None,,,N,,,,,DFC,Lee County Sheriff's Office,Sheriff's Office (SO),8/11/2023 3:01:00 PM,8/11/2023 3:01:00 PM,2,N,Bicycle,Bicycle,No Injury,No Injury,DAY,N,N,N,N,N,N,Y,N,N,2,0,0,0,0,0,0,0,0,0,0,1,1,0,1,0,0,0,0,0,0,0,0,0,0,N,0,0,Y,0,0,0,0,0,0,1,400,400,0,0,0,Preliminary,Editor Mapped,410279.8875,2936182.2771,26.5434262366918,-81.9006667512156
26025488,2023,29-SEP-2023 07:51 AM,29-SEP-2023 12:00 AM,202314604,L,1,3,10,28,Broward,Coconut Creek,Urban,9/29/2023 7:51:00 AM,9/29/2023 7:54:00 AM,9/29/2023 8:17:00 AM,9/29/2023 10:10:00 AM,Y,Law Enforcement,SR 810,,,,0,,LYONS RD,,State,Curb,Not at Intersection,N,Daylight,Clear,Dry,N,Angle,Motor Vehicle in Transport,On Roadway,N,Non-Junction,None,,,None,,,N,,,,,POLICE SERVICE AIDE,Coconut Creek Police Department,Police Department (PD),10/3/2023 7:36:00 PM,10/3/2023 7:36:00 PM,4,Y,Single Vehicle,Other,Serious Injury,Incapacitating Injury,DAY,N,N,N,N,N,N,N,N,N,2,1,0,0,1,0,0,0,0,0,0,1,1,0,1,0,1,1,0,0,0,0,0,0,0,N,0,0,Y,1,0,1,0,0,0,1,1000,1000,1,0,0,Verified,n/a,581169.2957,2911104.3446,26.3175290151855,-80.1867548830376
26032541,2023,27-JUN-2023 03:39 PM,20-JUL-2023 12:00 AM,282306021689,L,1,1,10,40,Broward,Hallandale Beach,Urban,6/27/2023 3:39:00 PM,6/27/2023 3:40:00 PM,6/27/2023 3:43:00 PM,6/27/2023 4:10:00 PM,Y,Motorist,E HALLANDALE BEACH BLVD,,,,0,,LAYNE BLVD,,County,Paved,Four-Way Intersection,N,Daylight,Clear,Dry,N,Angle,Motor Vehicle in Transport,On Roadway,N,Intersection,None,None,None,None,None,None,N,,,,,OFFICER,Hallandale Beach Police Department,Police Department (PD),7/25/2023 2:51:00 PM,7/25/2023 2:51:00 PM,28,Y,Single Vehicle,Other,Serious Injury,Incapacitating Injury,DAY,N,N,N,N,N,N,Y,N,N,0,1,0,0,1,0,0,0,0,0,0,1,1,0,0,0,0,0,0,0,0,0,0,0,0,N,0,0,Y,1,0,0,0,0,0,1,100,100,1,0,0,Verified,n/a,587060.6452,2874428.7058,25.9860516175084,-80.1301926267108
26032959,2023,27-OCT-2023 08:50 AM,27-OCT-2023 12:00 AM,282310036434,L,1,2,10,40,Broward,Hallandale Beach,Urban,10/27/2023 8:50:00 AM,10/27/2023 8:50:00 AM,10/27/2023 8:50:00 AM,10/27/2023 9:00:00 AM,Y,Law Enforcement,SW 4TH AVE,,,,0,,W HALLANDALE BEACH BLVD,,State,Paved,Four-Way Intersection,N,Daylight,Clear,Dry,N,Angle,Motor Vehicle in Transport,On Roadway,N,Non-Junction,None,,,None,,,N,,,,,CIVILIAN,Hallandale Beach Police Department,Police Department (PD),10/31/2023 7:39:00 PM,10/31/2023 7:39:00 PM,4,Y,Single Vehicle,Other,Injury,Possible Injury,DAY,N,N,N,N,N,N,N,N,N,1,1,1,0,0,0,0,0,0,0,0,1,1,0,1,0,0,0,0,0,0,0,0,0,0,N,0,0,Y,0,0,1,0,0,0,1,50,50,0,0,0,Preliminary,Editor Mapped,584853.0713,2874330.0958,25.9852921872632,-80.1522525398376
26032997,2023,06-NOV-2023 05:53 PM,06-NOV-2023 12:00 AM,282311037809,L,1,2,10,40,Broward,Hallandale Beach,Urban,11/6/2023 5:53:00 PM,11/6/2023 5:53:00 PM,11/6/2023 5:53:00 PM,11/6/2023 5:53:00 PM,Y,Motorist,SW 1ST STREET,100,,,0,,,,Local,Paved,Four-Way Intersection,N,Dusk,Clear,Dry,N,Other,Motor Vehicle in Transport,On Roadway,N,Non-Junction,None,None,None,None,None,None,N,,,,,OFFICER,Hallandale Beach Police Department,Police Department (PD),11/9/2023 7:20:00 PM,11/9/2023 7:20:00 PM,3,Y,Single Vehicle,Other,Injury,Non-Incapacitating Injury,DAY,N,N,N,N,N,N,N,N,N,1,1,0,1,0,0,0,0,0,0,0,1,1,0,1,0,0,0,0,0,0,0,0,0,0,N,0,0,Y,0,0,0,0,0,0,0,0,0,0,0,0,Preliminary,Editor Mapped,585146.0108,2874269.8559,25.9847311113218,-80.1493300206426
26037747,2023,24-OCT-2023 08:34 PM,24-OCT-2023 12:00 AM,231000363,L,1,2,8,50,Volusia,Ormond Beach,Urban,10/24/2023 8:34:00 PM,10/24/2023 8:39:00 PM,10/24/2023 8:43:00 PM,10/24/2023 9:30:00 PM,Y,Law Enforcement,CARDINAL DR,,29.275358,-81.031899,0,,S ATLANTIC AVE,,State,Paved,Four-Way Intersection,N,Dark - Lighted,Clear,Dry,N,,Pedestrian,On Roadway,N,Intersection-Related,None,,,None,,,N,,,,,PATROL,Ormond Beach Police Department,Police Department (PD),11/14/2023 7:54:00 PM,11/14/2023 7:54:00 PM,21,Y,Pedestrian,Pedestrian,Injury,Possible Injury,NIGHT,N,N,N,N,N,Y,Y,N,N,0,1,1,0,0,0,0,0,0,0,0,1,1,0,1,0,0,0,0,0,0,0,0,0,0,N,0,0,Y,0,0,0,0,0,0,0,0,0,0,0,0,Preliminary,Editor Mapped,496901.7052,3238493.4846,29.2753536090211,-81.0318949267349
26042170,2023,30-DEC-2023 07:04 PM,30-DEC-2023 12:00 AM,23C44422,S,1,2,12,30,Lake,Clermont,Urban,12/30/2023 7:04:00 PM,12/30/2023 7:04:00 PM,12/30/2023 7:04:00 PM,12/30/2023 7:48:00 PM,Y,Law Enforcement,N HANCOCK RD,,28.563126,-81.717525,82,South,N RIDGE BLVD,,Local,Curb,Not at Intersection,N,Dark - Not Lighted,Clear,Dry,N,,Pedalcycle,On Roadway,N,Non-Junction,None,,,None,,,N,,,,,OFC.,Clermont Police Department,Police Department (PD),1/4/2024 7:21:00 PM,1/4/2024 7:21:00 PM,5,N,Bicycle,Bicycle,No Injury,No Injury,NIGHT,N,N,N,N,N,N,N,N,N,2,0,0,0,0,0,0,0,0,0,0,1,1,0,1,0,0,0,0,0,0,0,0,0,0,N,0,0,Y,0,0,0,0,0,0,1,200,200,0,0,0,Preliminary,Officer Mapped,429820.5812,3159794.8023,28.563120594191,-81.7175218699864
26047571,2023,28-JUL-2023 08:35 PM,28-JUL-2023 12:00 AM,23093929,L,2,3,6,0,Palm Beach,Unincorporated,Rural,7/28/2023 8:36:00 PM,7/28/2023 8:36:00 PM,7/28/2023 8:42:00 PM,7/28/2023 9:14:00 PM,Y,Law Enforcement,FOREST HILL BLVD,,26.652241,-80.136785,0,,SHERWOOD FOREST BLVD,,State,Curb,Four-Way Intersection,N,Dark - Lighted,Clear,Dry,N,,Pedalcycle,On Roadway,N,Intersection-Related,None,,,None,,,N,,,,,DEPUTY SHERIFF,Palm Beach County Sheriff's Office,Sheriff's Office (SO),7/30/2023 2:42:00 PM,7/30/2023 2:42:00 PM,2,Y,Bicycle,Bicycle,Injury,Non-Incapacitating Injury,NIGHT,N,N,N,N,N,N,Y,N,N,2,1,0,1,0,0,0,0,0,0,0,1,1,0,2,0,0,0,0,0,0,0,0,0,0,N,0,0,Y,0,0,0,0,0,0,2,2000,2000,1,0,0,Preliminary,Editor Mapped,585901.0541,2948206.8826,26.6522224092944,-80.1368536179366
26048693,2023,10-AUG-2023 09:43 PM,10-AUG-2023 12:00 AM,23098338,L,1,2,6,0,Palm Beach,Unincorporated,Rural,8/10/2023 9:44:00 PM,8/10/2023 9:44:00 PM,8/10/2023 9:45:00 PM,8/10/2023 9:45:00 PM,Y,Law Enforcement,OKEECHOBEE BLVD,,26.707155,-80.11964,96,West,HAVERHILL RD N,,State,Curb,Not at Intersection,N,Dark - Lighted,Clear,Dry,N,,Pedestrian,On Roadway,N,Non-Junction,None,,,None,,,N,,,,,D/S,Palm Beach County Sheriff's Office,Sheriff's Office (SO),8/19/2023 2:52:00 PM,8/19/2023 2:52:00 PM,9,Y,Pedestrian,Pedestrian,Serious Injury,Incapacitating Injury,NIGHT,N,N,N,N,N,N,N,N,N,1,1,0,0,1,0,0,0,0,0,0,1,1,0,1,0,0,0,0,0,0,0,0,0,0,N,0,0,Y,1,0,0,0,0,0,1,1000,1000,1,0,0,Verified,n/a,587572.5592,2954300.4823,26.7071320537295,-80.1196372515999
26051291,2023,21-SEP-2023 12:32 PM,21-SEP-2023 12:00 AM,23112119,L,1,3,6,0,Palm Beach,Unincorporated,Rural,9/21/2023 12:32:00 PM,9/21/2023 12:33:00 PM,9/21/2023 12:42:00 PM,9/21/2023 1:10:00 PM,Y,Law Enforcement,OKEECHOBEE BLVD,1880,26.706059,-80.080385,,,,,Parking Lot,Curb,Not at Intersection,N,Daylight,Clear,Dry,N,,Pedalcycle,In Parking Lane or Zone,N,Intersection-Related,None,,,None,,,N,,,,,CSA,Palm Beach County Sheriff's Office,Sheriff's Office (SO),9/26/2023 7:36:00 PM,9/26/2023 7:36:00 PM,5,Y,Bicycle,Bicycle,Injury,Possible Injury,DAY,N,N,N,N,N,N,Y,N,N,2,1,1,0,0,0,0,0,0,0,0,2,2,0,1,0,0,0,0,0,0,0,0,0,0,N,0,0,Y,0,0,0,0,2,200,1,2500,2700,1,0,0,Preliminary,Editor Mapped,591478.8574,2954208.546,26.7060530911711,-80.0803780703743
26053547,2023,26-OCT-2023 04:49 PM,26-OCT-2023 12:00 AM,23123060,L,1,3,6,0,Palm Beach,Unincorporated,Rural,10/26/2023 4:49:00 PM,10/26/2023 4:50:00 PM,10/26/2023 4:56:00 PM,10/26/2023 5:46:00 PM,Y,Law Enforcement,W BOYNTON BEACH BLVD,,26.528107,-80.138902,0,,EL CLAIR RANCH RD,,State,Curb,Four-Way Intersection,N,Daylight,Clear,Dry,N,,Pedalcycle,On Roadway,N,Intersection,None,,,None,,,N,,,,,C.S.A.,Palm Beach County Sheriff's Office,Sheriff's Office (SO),10/28/2023 7:18:00 PM,10/28/2023 7:18:00 PM,2,Y,Bicycle,Bicycle,Injury,Non-Incapacitating Injury,DAY,N,N,N,N,N,N,Y,N,N,2,1,0,1,0,0,0,0,0,0,0,1,1,0,1,1,0,1,0,0,0,0,0,0,0,N,0,0,Y,0,0,0,0,0,0,1,1200,1200,0,0,0,Preliminary,Editor Mapped,585790.464,2934458.6519,26.5281088490191,-80.1388940424541
26053940,2023,31-OCT-2023 04:24 PM,31-OCT-2023 12:00 AM,23124587,L,1,3,6,0,Palm Beach,Unincorporated,Rural,10/31/2023 4:26:00 PM,10/31/2023 4:27:00 PM,10/31/2023 4:34:00 PM,10/31/2023 4:58:00 PM,Y,Law Enforcement,COLLIN DR,,26.661538,-80.088606,82,West,S CONGRESS AVE,,State,Curb,Not at Intersection,N,Daylight,Clear,Dry,N,,Pedestrian,On Roadway,N,Driveway/Alley Access Related,None,,,None,,,N,,,,,CSA,Palm Beach County Sheriff's Office,Sheriff's Office (SO),11/2/2023 7:21:00 PM,11/2/2023 7:21:00 PM,2,Y,Pedestrian,Pedestrian,Injury,Non-Incapacitating Injury,DAY,N,N,N,N,N,N,N,N,N,2,1,0,1,0,0,0,0,0,0,0,1,1,0,1,0,0,1,0,0,0,0,0,0,0,N,0,0,Y,0,0,0,0,1,200,1,150,350,1,0,0,Preliminary,Editor Mapped,590695.6992,2949271.3904,26.6615319689871,-80.088604756595
26054592,2023,10-NOV-2023 03:36 PM,10-NOV-2023 12:00 AM,23127698,L,1,2,6,0,Palm Beach,Unincorporated,Rural,11/10/2023 3:36:00 PM,11/10/2023 3:36:00 PM,11/10/2023 3:48:00 PM,11/10/2023 4:34:00 PM,Y,Law Enforcement,N MILITARY TRL,2885,26.720363,-80.112767,,,,,Parking Lot,Paved,Not at Intersection,N,Daylight,Clear,Dry,N,,Pedalcycle,On Roadway,N,Non-Junction,None,,,None,,,N,,,,,CSA,Palm Beach County Sheriff's Office,Sheriff's Office (SO),11/12/2023 7:12:00 PM,11/12/2023 7:12:00 PM,2,Y,Bicycle,Bicycle,Injury,Non-Incapacitating Injury,DAY,N,N,N,N,N,N,N,N,N,1,1,0,1,0,0,0,0,0,0,0,1,1,0,1,1,0,0,0,0,0,0,0,0,0,N,0,0,Y,0,0,0,0,0,0,1,2000,2000,0,0,0,Preliminary,Editor Mapped,588246.5692,2955770.6848,26.7203626718989,-80.1127592288528
26055334,2023,20-NOV-2023 04:21 PM,20-NOV-2023 12:00 AM,23130669,L,1,4,6,0,Palm Beach,Unincorporated,Rural,11/20/2023 4:21:00 PM,11/20/2023 4:21:00 PM,11/20/2023 4:25:00 PM,11/20/2023 4:55:00 PM,Y,Law Enforcement,MYLA LN,4545,26.703041,-80.111971,,,,,Parking Lot,Curb,Not at Intersection,N,Daylight,Rain,Wet,N,,Pedalcycle,Off Roadway,N,Driveway/Alley Access Related,None,,,None,,,N,,,,,CSA,Palm Beach County Sheriff's Office,Sheriff's Office (SO),11/22/2023 7:57:00 PM,11/22/2023 7:57:00 PM,2,Y,Bicycle,Bicycle,Injury,Possible Injury,DAY,N,N,N,N,N,N,N,N,N,3,1,1,0,0,0,0,0,0,0,0,1,1,0,1,0,0,2,0,0,0,0,0,0,0,N,0,0,Y,0,0,0,0,0,0,0,0,0,0,0,0,Preliminary,Editor Mapped,588338.2352,2953851.9629,26.7030349260731,-80.1119720930067
26055404,2023,21-NOV-2023 04:26 PM,21-NOV-2023 12:00 AM,23131003,L,1,2,6,0,Palm Beach,Unincorporated,Rural,11/21/2023 4:26:00 PM,11/21/2023 4:27:00 PM,11/21/2023 4:34:00 PM,11/21/2023 5:15:00 PM,Y,Law Enforcement,WINSTON TRAILS BLVD,,26.580108,-80.141994,0,South,MEDINAH CIR,,Local,Curb,Not at Intersection,N,Daylight,Clear,Dry,N,,Pedestrian,On Roadway,N,Non-Junction,None,,,None,,,N,,,,,CSA,Palm Beach County Sheriff's Office,Sheriff's Office (SO),11/23/2023 7:20:00 PM,11/23/2023 7:20:00 PM,2,N,Pedestrian,Pedestrian,No Injury,No Injury,DAY,N,N,N,N,N,N,N,N,N,1,0,0,0,0,0,0,0,0,0,0,1,1,0,1,0,0,0,0,0,0,0,0,0,0,N,0,0,Y,0,0,0,0,0,0,0,0,0,0,0,0,Preliminary,Editor Mapped,585443.5817,2940215.2274,26.5801010425772,-80.14198868804
26056557,2023,03-OCT-2023 11:25 AM,03-OCT-2023 11:37 AM,FAU23OFF000489,L,1,2,6,95,Palm Beach,Florida Atlantic University,Urban,10/3/2023 11:28:00 AM,10/3/2023 11:30:00 AM,10/3/2023 11:33:00 AM,10/3/2023 11:50:00 AM,Y,Law Enforcement,E UNIVERSITY DR,1862,26.3696104163533,-80.0973894592008,0,,ARTS AVE,,State,Paved,T-Intersection,N,Daylight,Cloudy,Dry,N,Other,Pedestrian,On Roadway,N,Non-Junction,None,,,None,,,N,,,,,OFFICER,Florida Atlantic University Police Department,Police Department (PD),10/15/2023 7:12:00 PM,10/15/2023 7:12:00 PM,12,Y,Pedestrian,Pedestrian,Injury,Possible Injury,DAY,N,N,N,N,N,N,N,N,N,1,1,1,0,0,0,0,0,0,0,0,1,1,0,1,0,0,0,0,0,0,0,0,0,0,N,0,0,Y,0,0,1,0,1,500,1,1000,1500,0,0,0,Preliminary,Editor Mapped,590050.6684,2916939.8255,26.3696812956779,-80.0973710046338
26066102,2023,25-SEP-2023 12:48 PM,25-SEP-2023 12:00 AM,20230016641,L,1,2,6,94,Palm Beach,West Palm Beach,Urban,9/25/2023 12:48:00 PM,9/25/2023 12:57:00 PM,9/25/2023 1:03:00 PM,9/25/2023 1:42:00 PM,Y,Law Enforcement,OKEECHOBEE BLVD,,,,38,North,SPENCER DR,,State,Curb,Not at Intersection,N,Daylight,Cloudy,Dry,N,Angle,Motor Vehicle in Transport,Shoulder,N,Driveway/Alley Access Related,None,,,None,,,N,,,,,COMMUNITY SERVICE AIDE,West Palm Beach Police Department,Police Department (PD),9/28/2023 7:22:00 PM,9/28/2023 7:22:00 PM,3,Y,Single Vehicle,Other,Injury,Possible Injury,DAY,N,N,N,N,N,N,N,N,N,1,1,1,0,0,0,0,0,0,0,0,1,1,0,1,1,0,0,0,0,0,0,0,0,0,N,0,0,Y,0,0,0,0,0,0,1,500,500,1,0,0,Preliminary,Editor Mapped,590150.6618,2954275.7653,26.7067458079771,-80.0937240459119
26066221,2023,04-OCT-2023 03:04 PM,04-OCT-2023 12:00 AM,20230017160,L,1,2,6,94,Palm Beach,West Palm Beach,Urban,10/4/2023 3:04:00 PM,10/4/2023 3:06:00 PM,10/4/2023 3:35:00 PM,10/4/2023 4:47:00 PM,Y,Law Enforcement,SOUTHERN BLVD,802,,,,,,,Parking Lot,Curb,Not at Intersection,N,Daylight,Clear,Dry,N,Other,Pedalcycle,On Roadway,N,Non-Junction,None,,,None,,,N,,,,,COMMUNITY SERVICE AIDE,West Palm Beach Police Department,Police Department (PD),10/28/2023 7:18:00 PM,10/28/2023 7:18:00 PM,24,Y,Bicycle,Bicycle,Injury,Non-Incapacitating Injury,DAY,N,N,N,N,N,N,N,N,N,1,1,0,1,0,0,0,0,0,0,0,1,1,0,1,0,0,0,0,0,0,0,0,0,0,N,0,0,Y,0,0,0,0,0,0,1,500,500,1,0,0,Preliminary,Editor Mapped,593401.8977,2950808.6617,26.6752331513144,-80.0612996416992
26066456,2023,25-OCT-2023 05:32 PM,25-OCT-2023 12:00 AM,20230018414,L,1,2,6,94,Palm Beach,West Palm Beach,Urban,10/25/2023 5:32:00 PM,10/25/2023 5:39:00 PM,10/25/2023 5:41:00 PM,10/25/2023 6:44:00 PM,Y,Law Enforcement,FOREST HILL BLVD,,,,0,,PARKER AVE,,County,Curb,Four-Way Intersection,N,Daylight,Cloudy,Dry,N,Other,Pedestrian,On Roadway,N,Intersection,None,,,None,,,N,,,,,COMMUNITY SERVICE AIDE,West Palm Beach Police Department,Police Department (PD),10/28/2023 7:18:00 PM,10/28/2023 7:18:00 PM,3,N,Pedestrian,Pedestrian,No Injury,No Injury,DAY,N,N,N,N,N,N,Y,N,N,2,0,0,0,0,0,0,0,0,0,0,1,1,0,1,1,0,0,0,0,0,0,0,0,0,N,0,0,Y,0,0,0,0,1,1000,1,2000,3000,1,0,0,Preliminary,Editor Mapped,593155.7748,2948587.7243,26.6551992674939,-80.0639365897076
26067252,2023,22-DEC-2023 04:54 PM,22-DEC-2023 12:00 AM,20230021998,L,1,2,6,94,Palm Beach,West Palm Beach,Urban,12/22/2023 4:54:00 PM,12/22/2023 4:57:00 PM,12/22/2023 4:58:00 PM,12/22/2023 5:30:00 PM,Y,Law Enforcement,PALM BEACH LAKES BLVD,1800,,,370,North,,,Local,Curb,Not at Intersection,N,Daylight,Clear,Dry,N,Other,Pedalcycle,Off Roadway,N,Non-Junction,None,,,None,,,N,,,,,OFFICER,West Palm Beach Police Department,Police Department (PD),12/28/2023 7:20:00 PM,12/28/2023 7:20:00 PM,6,Y,Bicycle,Bicycle,Injury,Possible Injury,DAY,N,N,N,N,N,N,N,N,N,1,1,1,0,0,0,0,0,0,0,0,1,1,0,1,0,0,0,0,0,0,0,0,0,0,N,0,0,Y,0,0,0,0,0,0,1,500,500,1,0,0,Preliminary,Editor Mapped,590827.3183,2955950.6741,26.7218229722547,-80.0868017361822
26073332,2023,26-SEP-2023 10:35 AM,26-SEP-2023 12:00 AM,2023-30660,L,1,2,40,0,Hernando,Unincorporated,Rural,9/26/2023 10:35:00 AM,9/26/2023 10:36:00 AM,9/26/2023 10:44:00 AM,9/26/2023 11:05:00 AM,Y,Law Enforcement,MAYFLOWER RD,,28.500352,-82.543804,0,,LAMSON AVE,,County,Unpaved,Four-Way Intersection,N,Daylight,Clear,Dry,N,,Pedalcycle,On Roadway,N,Intersection,None,,,None,,,N,,,,,DEPUTY,Hernando County Sheriff's Office,Sheriff's Office (SO),9/27/2023 7:52:00 PM,9/27/2023 7:52:00 PM,1,Y,Bicycle,Bicycle,Serious Injury,Incapacitating Injury,DAY,N,N,N,Y,N,N,Y,N,N,1,1,0,0,1,0,0,0,0,0,0,1,1,0,1,1,0,0,0,0,0,0,0,0,0,N,0,0,Y,1,0,1,0,0,0,1,500,500,1,0,0,Verified,n/a,348906.4702,3153601.8293,28.5003468540762,-82.5438008285087
26079417,2023,16-JUL-2023 12:00 PM,16-JUL-2023 12:00 AM,2330992,L,1,2,23,62,Bay,Panama City Beach,Urban,7/16/2023 2:59:00 PM,7/16/2023 3:01:00 PM,7/16/2023 3:04:00 PM,7/16/2023 3:30:00 PM,Y,Law Enforcement,U.S. HIGHWAY 98,,,,0,,EAST GULF BLVD,,U.S.,Unpaved,T-Intersection,N,Daylight,Clear,Dry,N,Other,Pedalcycle,On Roadway,N,Non-Junction,None,,,None,,,N,,,,,SGT,Panama City Beach Police Department,Police Department (PD),7/20/2023 2:53:00 PM,7/20/2023 2:53:00 PM,4,Y,Bicycle,Bicycle,Injury,Non-Incapacitating Injury,DAY,N,N,N,N,N,Y,N,N,N,1,1,0,1,0,0,0,0,0,0,0,1,1,0,1,0,0,0,0,0,0,0,0,0,0,N,0,0,Y,0,0,0,0,0,0,0,0,0,0,0,0,Preliminary,Editor Mapped,32591.9248000001,3352395.1969,30.2132663770045,-85.8537665632193
26081788,2023,20-SEP-2023 06:46 PM,20-SEP-2023 12:00 AM,2023092015,L,1,2,1,82,Miami-Dade,North Miami Beach,Urban,9/20/2023 6:46:00 PM,9/20/2023 6:47:00 PM,9/20/2023 6:50:00 PM,9/20/2023 7:20:00 PM,Y,Law Enforcement,NE 163 ST,1630,,,,,,,Parking Lot,Paved,Not at Intersection,N,Dusk,Cloudy,Wet,N,Other,Motor Vehicle in Transport,In Parking Lane or Zone,N,Non-Junction,None,,,None,,,N,,,,,COMMUNITY SERVICE OFFICER,North Miami Beach Police Department,Police Department (PD),9/23/2023 7:18:00 PM,9/23/2023 7:18:00 PM,3,Y,Single Vehicle,Other,Injury,Possible Injury,DAY,N,N,N,N,N,N,N,N,N,1,1,1,0,0,0,0,0,0,0,0,1,1,0,1,0,0,0,0,0,0,0,0,0,0,N,0,0,Y,0,0,0,0,1,200,0,0,200,1,0,0,Preliminary,Editor Mapped,583369.9507,2867622.4491,25.924815177498,-80.1674949548538
26081843,2023,29-SEP-2023 07:45 PM,29-SEP-2023 12:00 AM,2023092919,L,1,2,1,82,Miami-Dade,North Miami Beach,Urban,9/29/2023 7:45:00 PM,9/29/2023 7:47:00 PM,9/29/2023 7:51:00 PM,9/29/2023 8:26:00 PM,Y,Law Enforcement,NE 146 ST,,,,0,,BISCAYNE BD,,U.S.,Paved,Not at Intersection,N,Dawn,Clear,Dry,N,Angle,Motor Vehicle in Transport,On Roadway,N,Non-Junction,None,,,None,,,N,,,,,COMMUNITY SERVICE OFFICER,North Miami Beach Police Department,Police Department (PD),10/1/2023 7:10:00 PM,10/1/2023 7:10:00 PM,2,Y,Single Vehicle,Other,Injury,Possible Injury,NIGHT,N,N,N,N,N,N,N,N,N,1,1,1,0,0,0,0,0,0,0,0,1,1,0,1,0,0,0,0,0,0,0,0,0,0,N,0,0,Y,0,0,2,0,0,0,1,1000,1000,0,0,0,Preliminary,Editor Mapped,584374.1749,2866036.9392,25.9104416865402,-80.1575697040153
26082104,2023,15-NOV-2023 02:01 PM,15-NOV-2023 12:00 AM,2023111506,L,1,2,1,82,Miami-Dade,North Miami Beach,Urban,11/15/2023 2:01:00 PM,11/15/2023 2:03:00 PM,11/15/2023 2:09:00 PM,11/15/2023 2:36:00 PM,Y,Law Enforcement,SR-826,,,,0,,NE 10 AV,,State,Paved,Not at Intersection,N,Daylight,Rain,Wet,N,Other,Motor Vehicle in Transport,On Roadway,N,Non-Junction,None,,,None,,,N,,,,,COMMUNITY SERVICE OFFICER,North Miami Beach Police Department,Police Department (PD),11/17/2023 7:26:00 PM,11/17/2023 7:26:00 PM,2,Y,Single Vehicle,Other,Injury,Possible Injury,DAY,N,N,N,N,N,N,N,N,N,1,1,1,0,0,0,0,0,0,0,0,1,1,0,1,0,0,0,0,0,0,0,0,0,0,N,0,0,Y,0,0,0,0,1,300,1,2000,2300,1,0,0,Preliminary,Editor Mapped,582088.5819,2867865.177,25.927079707964,-80.1802740715203
26084553,2023,27-NOV-2023 04:42 PM,27-NOV-2023 12:00 AM,2023-03916,L,1,2,28,40,Pasco,New Port Richey,Urban,11/27/2023 4:42:00 PM,11/27/2023 4:42:00 PM,11/27/2023 4:57:00 PM,11/27/2023 5:46:00 PM,Y,Law Enforcement,PINECREST DR,,28.242401,-82.703209,22,South,LOUISIANA AVE,,Local,Unpaved,Not at Intersection,N,Daylight,Clear,Dry,N,,Pedalcycle,On Roadway,N,Non-Junction,None,,,Glare,,,N,,,,,OFFICER,New Port Richey Police Department,Police Department (PD),11/28/2023 7:54:00 PM,11/28/2023 7:54:00 PM,1,N,Bicycle,Bicycle,No Injury,No Injury,DAY,N,N,N,N,N,N,N,N,N,2,0,0,0,0,0,0,0,0,0,0,1,1,0,1,1,0,0,0,0,0,0,0,0,0,N,0,0,Y,0,0,0,0,0,0,1,500,500,0,0,0,Preliminary,Editor Mapped,332900.1349,3125231.1651,28.2424085137153,-82.7031949390019
26085484,2023,11-OCT-2023 02:37 PM,11-OCT-2023 12:00 AM,23013411,L,1,3,6,40,Palm Beach,Delray Beach,Urban,10/11/2023 2:37:00 PM,10/11/2023 2:40:00 PM,10/11/2023 2:43:00 PM,10/11/2023 3:09:00 PM,Y,Law Enforcement,US 1 SR 5 (S FEDERAL HWY),1400,,,,,,,Parking Lot,Curb,T-Intersection,N,Daylight,Clear,Dry,N,,Pedalcycle,Off Roadway,N,Driveway/Alley Access Related,None,,,None,,,N,,,,,COMMUNITY SERVICE OFFICER,Delray Beach Police Department,Police Department (PD),10/18/2023 7:57:00 PM,10/18/2023 7:57:00 PM,7,Y,Bicycle,Bicycle,Injury,Non-Incapacitating Injury,DAY,Y,N,N,N,N,N,N,N,N,1,2,1,1,0,0,0,0,0,0,0,2,2,0,1,1,0,0,0,0,0,0,0,0,0,N,0,0,Y,0,0,1,0,1,1000,1,1000,2000,1,0,0,Preliminary,Editor Mapped,592862.6863,2925213.3088,26.4441951341117,-80.0685879307025
26085535,2023,17-OCT-2023 10:29 AM,17-OCT-2023 12:00 AM,23013656,L,1,2,6,40,Palm Beach,Delray Beach,Urban,10/17/2023 10:29:00 AM,10/17/2023 10:31:00 AM,10/17/2023 10:33:00 AM,10/17/2023 11:00:00 AM,Y,Law Enforcement,SR 806 (W ATLANTIC AVE),,,,0,,NW 5TH AVE,,State,Curb,Four-Way Intersection,N,Daylight,Clear,Dry,N,,Pedalcycle,On Roadway,N,Intersection,None,,,None,,,N,,,,,COMMUNITY SERVICE OFFICER,Delray Beach Police Department,Police Department (PD),10/20/2023 8:05:00 PM,10/20/2023 8:05:00 PM,3,Y,Bicycle,Bicycle,Injury,Non-Incapacitating Injury,DAY,N,N,N,N,N,N,Y,N,N,1,1,0,1,0,0,0,0,0,0,0,1,1,0,1,0,0,0,0,0,0,0,0,0,0,N,0,0,Y,0,0,0,0,1,100,1,100,200,0,0,0,Preliminary,Editor Mapped,591888.472,2927150.4326,26.4617470608871,-80.0782190326216
26089240,2023,18-DEC-2023 07:25 AM,18-DEC-2023 12:00 AM,23004953,L,1,2,6,54,Palm Beach,Jupiter,Urban,12/18/2023 7:25:00 AM,12/18/2023 7:25:00 AM,12/18/2023 7:32:00 AM,12/18/2023 7:41:00 AM,Y,Law Enforcement,S CENTRAL BLVD,,,,0,,INDIAN CREEK DR E,,County,Curb,Four-Way Intersection,N,Daylight,Clear,Dry,N,Angle,Motor Vehicle in Transport,On Roadway,N,Intersection,None,,,None,,,N,,,,,OFFICER,Jupiter Police Department,Police Department (PD),12/20/2023 7:45:00 PM,12/20/2023 7:45:00 PM,2,Y,Single Vehicle,Other,Injury,Possible Injury,DAY,N,N,N,N,N,N,Y,N,N,1,1,1,0,0,0,0,0,0,0,0,1,1,0,1,0,0,0,0,0,0,0,0,0,0,N,0,0,Y,0,0,0,0,0,0,1,600,600,0,0,0,Preliminary,Computer mapped approximate by address,585935.4518,2977602.0459,26.9175950888257,-80.1344973831418
26100307,2023,23-OCT-2023 07:10 AM,23-OCT-2023 07:36 AM,641823,L,1,1,2,38,Duval,Jacksonville,Urban,10/23/2023 7:18:00 AM,10/23/2023 7:26:00 AM,10/23/2023 7:40:00 AM,10/23/2023 8:08:00 AM,N,Law Enforcement,HOGAN RD,,30.2755052423975,-81.5617343621028,0,East,NEWTON RD,,Local,Curb,Four-Way Intersection,N,Dark - Not Lighted,Clear,Dry,N,Unknown,Pedalcycle,On Roadway,N,Intersection,None,,,None,,,N,,,,,CSO,Jacksonville Sheriff's Office,Sheriff's Office (SO),10/25/2023 7:47:00 PM,10/25/2023 7:47:00 PM,2,Y,Bicycle,Bicycle,No Injury,No Injury,DAY,N,N,N,N,N,Y,Y,N,N,1,0,0,0,0,0,0,0,0,0,0,1,1,0,0,0,0,0,0,0,0,0,0,0,0,N,0,0,Y,0,0,0,0,0,0,0,0,0,0,0,0,Preliminary,Editor Mapped,445971.8957,3349448.5159,30.2755122938076,-81.5617341226241
26100317,2023,06-OCT-2023 04:09 PM,06-OCT-2023 04:55 PM,606960,L,1,2,2,38,Duval,Jacksonville,Urban,10/6/2023 4:10:00 PM,10/6/2023 4:11:00 PM,10/6/2023 4:42:00 PM,10/6/2023 5:31:00 PM,Y,Law Enforcement,ANNISTON RD,,30.3188403339877,-81.5421912829802,0,,BRYNES RD,,Local,Unpaved,T-Intersection,N,Daylight,Cloudy,Dry,N,Angle,Other Non-Fixed Object,On Roadway,Y,Intersection,None,,,None,,,N,,,,,CSO,Jacksonville Sheriff's Office,Sheriff's Office (SO),10/10/2023 7:36:00 PM,10/10/2023 7:36:00 PM,4,Y,Single Vehicle,Other,Injury,Possible Injury,DAY,N,N,N,N,N,N,Y,N,N,1,1,1,0,0,0,0,0,0,0,0,1,1,0,1,0,0,0,0,0,0,0,0,0,0,N,0,0,Y,0,0,0,0,1,50,0,0,50,0,0,0,Preliminary,Editor Mapped,447874.3642,3354240.3336,30.3188360464246,-81.5421926171334
26100328,2023,13-OCT-2023 03:23 PM,13-OCT-2023 03:47 PM,622110,L,1,3,2,38,Duval,Jacksonville,Urban,10/13/2023 3:24:00 PM,10/13/2023 3:26:00 PM,10/13/2023 3:27:00 PM,10/13/2023 4:48:00 PM,Y,Law Enforcement,SUNBEAM RD,3842,30.2055989022907,-81.6154339680473,,,SR-13 SAN JOSE BLVD,,Local,Curb,Not at Intersection,N,Daylight,Clear,Dry,N,Angle,Pedalcycle,Off Roadway,N,Non-Junction,None,,,None,,,N,,,,,CSO,Jacksonville Sheriff's Office,Sheriff's Office (SO),10/17/2023 7:33:00 PM,10/17/2023 7:33:00 PM,4,N,Bicycle,Bicycle,No Injury,No Injury,DAY,N,N,N,N,N,N,N,N,N,3,0,0,0,0,0,0,0,0,0,0,2,1,0,1,1,0,0,0,0,0,0,0,0,0,N,0,0,Y,0,0,0,0,1,500,0,0,500,0,0,0,Preliminary,Editor Mapped,440765.748,3341727.1333,30.2055930069924,-81.6154260361736
26100886,2023,15-OCT-2023 11:56 AM,12-JAN-2024 07:18 AM,625642,L,1,5,2,38,Duval,Jacksonville,Urban,10/15/2023 11:56:00 AM,10/15/2023 11:56:00 AM,10/15/2023 12:02:00 PM,10/15/2023 2:33:00 PM,Y,Law Enforcement,E DUVAL ST,,30.3267007379825,-81.646558554606,0,,PALMETTO ST,,Local,Curb,Four-Way Intersection,Y,Daylight,Clear,Dry,N,Angle,Motor Vehicle in Transport,On Roadway,N,Intersection,None,,,None,,,N,,,,,DETECTIVE,Jacksonville Sheriff's Office,Sheriff's Office (SO),10/17/2023 7:33:00 PM,1/13/2024 7:19:00 PM,2,Y,Single Vehicle,Other,Fatality,Fatal (within 30 days),DAY,N,N,N,N,N,N,Y,N,N,4,0,0,0,0,1,1,0,0,0,0,1,1,0,1,0,0,3,0,0,0,0,0,0,0,N,0,0,Y,0,1,1,0,1,1000,1,10000,11000,1,0,0,Verified,n/a,437845.8508,3355163.7854,30.3266950048717,-81.6465553036508
26103291,2023,12-NOV-2023 11:46 AM,12-NOV-2023 12:07 PM,686153,L,2,4,2,38,Duval,Jacksonville,Urban,11/12/2023 11:46:00 AM,11/12/2023 11:46:00 AM,11/12/2023 11:52:00 AM,11/12/2023 1:00:00 PM,Y,Law Enforcement,E ADAMS ST,,30.3247536304175,-81.6453031926251,0,,LAFAYETTE ST,,Local,Curb,T-Intersection,N,Daylight,Cloudy,Dry,N,Angle,Pedalcycle,On Roadway,N,Non-Junction,None,,,None,,,Y,Activity Area,Other,N,N,CSO,Jacksonville Sheriff's Office,Sheriff's Office (SO),11/14/2023 7:54:00 PM,11/14/2023 7:54:00 PM,2,Y,Bicycle,Bicycle,Injury,Non-Incapacitating Injury,DAY,N,N,N,N,N,N,N,N,N,2,2,1,1,0,0,0,0,0,0,0,1,1,0,2,0,0,1,0,0,0,0,0,0,0,N,0,0,Y,0,0,0,0,1,2000,2,5000,7000,1,0,0,Preliminary,Editor Mapped,437966.2192,3354949.9684,30.3247717914091,-81.6452905962555
26121908,2023,31-DEC-2023 08:48 PM,31-DEC-2023 12:00 AM,230018522,L,1,1,8,30,Volusia,Daytona Beach,Urban,12/31/2023 8:48:00 PM,12/31/2023 8:48:00 PM,12/31/2023 8:48:00 PM,12/31/2023 9:04:00 PM,Y,Law Enforcement,MAIN ST,,29.226866,-81.00774,71,West,S OCEAN AVE,,Local,Curb,Not at Intersection,N,Dark - Lighted,Clear,Dry,N,,Fell/Jumped From Motor Vehicle,On Roadway,N,Non-Junction,None,,,None,,,N,,,,,OFC.,Daytona Beach Police Department,Police Department (PD),1/4/2024 7:21:00 PM,1/4/2024 7:21:00 PM,4,Y,Single Vehicle,Other,Injury,Non-Incapacitating Injury,NIGHT,N,N,N,N,N,N,N,N,N,0,1,0,1,0,0,0,0,0,0,0,1,1,0,0,0,0,0,0,0,0,0,0,0,0,N,0,0,Y,0,0,0,0,0,0,0,0,0,1,0,0,Preliminary,Editor Mapped,499247.9588,3233120.1842,29.226859767129,-81.0077381243419
26125425,2023,10-NOV-2023 06:25 PM,11-NOV-2023 12:00 AM,23-441238,L,1,2,64,0,Collier,Unincorporated,Rural,11/10/2023 6:30:00 PM,11/10/2023 6:30:00 PM,11/10/2023 6:31:00 PM,11/10/2023 7:00:00 PM,Y,Law Enforcement,MANATEE RD,,26.048914,-81.677242,0,,TAMIAMI TRL E,,Local,Paved,T-Intersection,N,Dark - Lighted,Clear,Dry,N,,Pedalcycle,On Roadway,N,Intersection,None,,,None,,,N,,,,,CPL,Collier County Sheriff's Office,Sheriff's Office (SO),11/16/2023 7:22:00 PM,11/16/2023 7:22:00 PM,6,Y,Bicycle,Bicycle,Injury,Non-Incapacitating Injury,DAY,N,N,N,N,N,N,Y,N,N,1,1,0,1,0,0,0,0,0,0,0,1,1,0,1,1,0,0,0,0,0,0,0,0,0,N,0,0,Y,0,0,0,0,0,0,1,100,100,1,0,0,Preliminary,Editor Mapped,432246.183,2881274.6309,26.0488959222697,-81.6772832200262
26125732,2023,20-NOV-2023 04:05 PM,27-NOV-2023 12:00 AM,23-454118,L,1,2,64,52,Collier,Naples,Urban,11/20/2023 4:44:00 PM,11/20/2023 4:44:00 PM,11/20/2023 4:59:00 PM,11/20/2023 5:32:00 PM,Y,Law Enforcement,SHADOWLAWN DR,,26.132581,-81.77061,212,South,CATHERINE AVE,,County,Unpaved,Not at Intersection,N,Daylight,Cloudy,Dry,N,,Pedestrian,On Roadway,N,Non-Junction,None,,,None,,,N,,,,,CPL,Collier County Sheriff's Office,Sheriff's Office (SO),11/24/2023 7:15:00 PM,11/30/2023 7:19:00 PM,4,Y,Pedestrian,Pedestrian,Injury,Non-Incapacitating Injury,DAY,N,N,N,N,N,Y,N,N,N,0,1,0,1,0,0,0,0,0,0,0,1,1,0,1,0,0,0,0,0,0,0,0,0,0,N,0,0,Y,0,0,0,0,0,0,0,0,0,0,0,0,Preliminary,Editor Mapped,422964.4553,2890594.1362,26.1325762160311,-81.7706103199634
26126368,2023,07-DEC-2023 06:15 PM,19-JAN-2024 12:00 AM,23-478679,L,1,2,64,52,Collier,Naples,Urban,12/7/2023 6:19:00 PM,12/7/2023 6:00:00 PM,12/7/2023 6:29:00 PM,12/7/2023 6:57:00 PM,Y,Law Enforcement,ORANGE BLOSSOM DR,,26.233551,-81.752614,0,,LIVINGSTON RD S,,County,Paved,Four-Way Intersection,N,Dark - Lighted,Clear,Dry,N,,Traffic Signal Support,On Roadway,N,Other,None,,,Other,Other,,N,,,,,CPL,Collier County Sheriff's Office,Sheriff's Office (SO),1/11/2024 7:28:00 PM,1/22/2024 7:37:00 PM,35,Y,Off Road,Off Road,No Injury,No Injury,DAY,N,N,N,N,N,Y,N,N,N,0,0,0,0,0,0,0,0,0,0,0,1,1,0,1,0,0,0,0,0,0,0,0,0,0,N,0,0,Y,0,0,0,0,0,0,0,0,0,0,0,0,Preliminary,Editor Mapped,424828.4164,2901766.5502,26.2335487618713,-81.7526135982667
26137040,2023,27-NOV-2023 11:25 PM,27-NOV-2023 12:00 AM,2023-57452,L,1,2,1,80,Miami-Dade,North Miami,Urban,11/27/2023 11:30:00 PM,11/27/2023 11:31:00 AM,11/27/2023 11:36:00 AM,11/27/2023 2:15:00 AM,Y,Law Enforcement,NE 16TH AVE,,25.903874,-80.166934,6,North,NE 139TH ST,,Local,Paved,Not at Intersection,N,Dark - Lighted,Clear,Dry,N,,Other Non-Fixed Object,On Roadway,N,Non-Junction,None,,,None,,,N,,,,,PO,North Miami Police Department,Police Department (PD),12/3/2023 7:23:00 PM,12/3/2023 7:23:00 PM,6,Y,Single Vehicle,Other,Injury,Non-Incapacitating Injury,NIGHT,Y,N,N,Y,N,N,N,N,N,1,1,0,1,0,0,0,0,0,0,0,1,1,0,1,0,1,0,0,0,0,0,0,0,0,N,0,0,Y,0,0,2,0,0,0,1,3000,3000,1,0,0,Preliminary,Editor Mapped,583440.1431,2865302.8956,25.9038678804302,-80.1669412716602
26141082,2023,17-NOV-2023 10:53 AM,17-NOV-2023 04:57 PM,342311223455,L,1,2,10,38,Broward,Fort Lauderdale,Urban,11/17/2023 11:03:00 AM,11/17/2023 11:03:00 AM,11/17/2023 11:08:00 AM,11/17/2023 11:22:00 AM,Y,Law Enforcement,BAYVIEW DR,4770,26.18679,-80.107,0,,NE 47TH CT,,Local,Unpaved,T-Intersection,N,Daylight,Clear,Dry,N,Other,Pedalcycle,On Roadway,N,Intersection,None,,,None,,,N,,,,,,Fort Lauderdale Police Department,Police Department (PD),11/18/2023 7:15:00 PM,11/18/2023 7:15:00 PM,1,Y,Bicycle,Bicycle,Injury,Non-Incapacitating Injury,DAY,N,N,N,N,N,N,Y,N,N,1,1,0,1,0,0,0,0,0,0,0,1,1,0,1,1,0,0,0,0,0,0,0,0,0,N,0,0,Y,0,0,0,0,0,0,0,0,0,1,0,0,Preliminary,Editor Mapped,589238.3497,2896672.3123,26.1867489930221,-80.1069144683104
26141196,2023,08-NOV-2023 08:58 AM,22-NOV-2023 08:08 PM,342311217615,L,1,2,10,38,Broward,Fort Lauderdale,Urban,11/8/2023 9:04:00 AM,11/8/2023 9:10:00 AM,11/8/2023 9:15:00 AM,11/8/2023 10:00:00 AM,Y,Law Enforcement,NW 7TH AVE,,,,0,,NW 1ST ST,,Local,Paved,T-Intersection,N,Daylight,Clear,Dry,N,Angle,Motor Vehicle in Transport,On Roadway,N,Non-Junction,None,,,None,,,N,,,,,,Fort Lauderdale Police Department,Police Department (PD),11/25/2023 7:12:00 PM,11/25/2023 7:12:00 PM,17,Y,Single Vehicle,Other,Injury,Possible Injury,DAY,N,N,N,N,N,N,N,N,N,1,1,1,0,0,0,0,0,0,0,0,1,1,0,1,0,0,0,0,0,0,0,0,0,0,N,0,0,Y,0,0,0,0,0,0,1,500,500,0,0,0,Preliminary,Editor Mapped,584916.3976,2889592.4153,26.1230888752487,-80.1506270924581
26141562,2023,21-NOV-2023 08:20 AM,21-NOV-2023 07:14 PM,342311225872,L,1,3,10,38,Broward,Fort Lauderdale,Urban,11/21/2023 8:23:00 AM,11/21/2023 8:24:00 AM,11/21/2023 8:31:00 AM,11/21/2023 10:02:00 AM,Y,Law Enforcement,W BROWARD BLVD,,,,0,,SW 15TH AV,,State,Curb,Not at Intersection,N,Daylight,Clear,Dry,N,Other,Pedalcycle,On Roadway,N,Non-Junction,None,,,None,,,N,,,,,,Fort Lauderdale Police Department,Police Department (PD),12/1/2023 7:11:00 PM,12/1/2023 7:11:00 PM,10,Y,Bicycle,Bicycle,Injury,Possible Injury,DAY,N,N,N,N,N,N,N,N,N,2,1,1,0,0,0,0,0,0,0,0,1,1,0,1,0,0,1,0,0,0,0,0,0,0,N,0,0,Y,0,0,0,0,0,0,1,1000,1000,1,0,0,Preliminary,Editor Mapped,583838.0415,2889447.7352,26.1218457477716,-80.1614217033652
26145506,2023,27-OCT-2023 12:20 PM,27-OCT-2023 12:00 AM,2310-015855,S,1,3,53,0,Charlotte,Unincorporated,Rural,10/27/2023 12:35:00 PM,10/27/2023 2:00:00 PM,10/27/2023 12:40:00 PM,10/27/2023 1:10:00 PM,Y,Law Enforcement,COCHRAN BLVD,,27.003617,-82.140224,0,,PELLAM BLVD,,Local,Paved,T-Intersection,N,Daylight,Clear,Dry,N,,Pedestrian,On Roadway,N,Intersection-Related,None,,,None,,,N,,,,,CPL.,Charlotte County Sheriff's Office,Sheriff's Office (SO),10/28/2023 7:18:00 PM,10/28/2023 7:18:00 PM,1,N,Pedestrian,Pedestrian,No Injury,No Injury,DAY,N,N,N,Y,N,N,Y,N,N,3,0,0,0,0,0,0,0,0,0,0,1,1,0,1,0,0,1,0,0,0,0,0,0,0,N,0,0,Y,0,0,1,0,0,0,0,0,0,0,0,0,Preliminary,Officer Mapped,386871.9641,2987346.4591,27.0036120771981,-82.1402208951667
26145717,2023,13-NOV-2023 01:38 PM,13-NOV-2023 12:00 AM,2311-007443,L,1,2,53,52,Charlotte,Englewood (Charlotte),Urban,11/13/2023 1:39:00 PM,11/13/2023 1:39:00 PM,11/13/2023 1:39:00 PM,11/13/2023 2:11:00 PM,Y,Law Enforcement,MEADOWLARK LN,,26.934463,-82.324183,0,,S MCCALL RD,,State,Curb,Four-Way Intersection,Y,Daylight,Clear,Dry,N,,Pedestrian,On Roadway,N,Intersection-Related,None,,,None,,,N,,,,,DFC,Charlotte County Sheriff's Office,Sheriff's Office (SO),11/14/2023 7:54:00 PM,11/14/2023 7:54:00 PM,1,Y,Pedestrian,Pedestrian,Injury,Non-Incapacitating Injury,DAY,N,N,N,Y,N,N,Y,N,N,1,1,0,1,0,0,0,0,0,0,0,1,1,0,1,0,0,0,0,0,0,0,0,0,0,N,0,0,Y,0,0,1,0,1,300,1,3000,3300,0,0,0,Preliminary,Editor Mapped,368540.9909,2979863.7098,26.9344547647615,-82.3241518549779
26155826,2023,11-OCT-2023 06:15 PM,11-OCT-2023 12:00 AM,2023-00034667,S,1,1,19,43,Brevard,West Melbourne,Urban,10/11/2023 6:18:00 PM,10/11/2023 6:20:00 PM,10/11/2023 6:26:00 PM,10/11/2023 6:43:00 PM,Y,Law Enforcement,UNNAMED RD,,28.03674,-80.664321,,,,,Parking Lot,Paved,Not at Intersection,N,Dusk,Clear,Dry,N,,Pedalcycle,On Roadway,N,Non-Junction,None,,,None,,,N,,,,,OFC,West Melbourne Police Department,Police Department (PD),10/22/2023 7:11:00 PM,10/22/2023 7:11:00 PM,11,N,Bicycle,Bicycle,No Injury,No Injury,DAY,N,N,N,N,N,N,N,N,N,1,0,0,0,0,0,0,0,0,0,0,1,1,0,0,0,0,0,0,0,0,0,0,0,0,N,0,0,Y,0,0,0,0,0,0,1,500,500,0,0,0,Preliminary,Officer Mapped,532994.0417,3101317.1191,28.0367348453322,-80.6643176558809
26155841,2023,20-OCT-2023 04:31 PM,20-OCT-2023 12:00 AM,2023-00035792,L,1,2,19,43,Brevard,West Melbourne,Urban,10/20/2023 4:31:00 PM,10/20/2023 4:31:00 PM,10/20/2023 4:40:00 PM,10/20/2023 5:00:00 PM,Y,Law Enforcement,W NEW HAVEN AVE,1414,28.079005,-80.645269,248,,SUNSET DR,,U.S.,Paved,T-Intersection,Y,Daylight,Clear,Dry,N,,Pedestrian,On Roadway,N,Intersection,None,,,None,,,N,,,,,OFFICER,West Melbourne Police Department,Police Department (PD),11/4/2023 7:17:00 PM,11/4/2023 7:17:00 PM,15,Y,Pedestrian,Pedestrian,Injury,Non-Incapacitating Injury,DAY,N,N,N,N,N,N,Y,N,N,1,1,0,1,0,0,0,0,0,0,0,1,1,0,1,0,0,0,0,0,0,0,0,0,0,N,0,0,Y,0,0,1,0,0,0,1,500,500,0,0,0,Preliminary,Editor Mapped,534852.4219,3106003.9048,28.0789951851083,-80.6452718707853
26158367,2023,27-NOV-2023 11:37 AM,27-NOV-2023 12:00 AM,MP230079629,L,1,3,19,42,Brevard,Melbourne,Urban,11/27/2023 11:37:00 AM,11/27/2023 11:42:00 AM,11/27/2023 11:45:00 AM,11/27/2023 12:10:00 PM,Y,Law Enforcement,N WICKHAM RD,1030,28.123326,-80.672261,,,,,Parking Lot,Curb,Not at Intersection,N,Daylight,Cloudy,Dry,N,,Pedalcycle,In Parking Lane or Zone,N,Non-Junction,None,,,None,,,N,,,,,OFC,Melbourne Police Department,Police Department (PD),12/8/2023 7:45:00 PM,12/8/2023 7:45:00 PM,11,N,Bicycle,Bicycle,No Injury,No Injury,DAY,N,N,N,N,N,N,N,N,N,2,0,0,0,0,0,0,0,0,0,0,1,1,0,1,0,0,1,0,0,0,0,0,0,0,N,0,0,Y,0,0,0,0,1,0,1,100,100,0,0,0,Preliminary,Editor Mapped,532184.086,3110905.7703,28.1233119116028,-80.6722954194197
26158616,2023,30-DEC-2023 03:50 PM,30-DEC-2023 12:00 AM,MP230086581,S,1,2,19,42,Brevard,Melbourne,Urban,12/30/2023 3:54:00 PM,12/30/2023 3:56:00 PM,12/30/2023 4:00:00 PM,12/30/2023 4:23:00 PM,Y,Law Enforcement,SAXON ST,,28.059775,-80.598674,102,South,FAIRVIEW DR,,Local,Paved,Not at Intersection,N,Daylight,Clear,Dry,N,,Pedestrian,On Roadway,N,Non-Junction,None,,,None,,,N,,,,,OFFICER,Melbourne Police Department,Police Department (PD),1/6/2024 7:17:00 PM,1/6/2024 7:17:00 PM,7,N,Pedestrian,Pedestrian,No Injury,No Injury,DAY,N,N,N,N,N,N,N,N,N,2,0,0,0,0,0,0,0,0,0,0,1,1,0,1,0,0,0,0,0,0,0,0,0,0,N,0,0,Y,0,0,0,0,0,0,0,0,0,0,0,0,Preliminary,Officer Mapped,539438.0573,3103888.3965,28.0597699598685,-80.5986710973127
26161436,2023,26-OCT-2023 01:11 PM,26-OCT-2023 12:00 AM,23-0110541,L,1,3,18,40,Lee,Fort Myers,Urban,10/26/2023 1:11:00 PM,10/26/2023 1:12:00 PM,10/26/2023 1:13:00 PM,10/26/2023 1:50:00 PM,Y,Law Enforcement,VERONICA S SHOEMAKER BLVD,,26.614051,-81.840292,332,South,HUMBERSIDE LN,,Local,Curb,Not at Intersection,Y,Daylight,Clear,Dry,N,,Other Non-Fixed Object,On Roadway,N,Through Roadway,None,,,None,,,N,,,,,OFC,Fort Myers Police Department,Police Department (PD),10/28/2023 7:18:00 PM,10/28/2023 7:18:00 PM,2,Y,Single Vehicle,Other,Injury,Possible Injury,DAY,N,N,N,N,N,N,N,N,N,2,1,1,0,0,0,0,0,0,0,0,1,1,0,1,0,1,1,0,0,0,0,0,0,0,N,0,0,Y,0,0,0,0,0,0,1,1000,1000,0,0,0,Preliminary,Editor Mapped,416346.8578,2943963.3823,26.6140470727629,-81.8402806938745
