REPORT_NUMBER,CRASH_YEAR,PERSON_NUMBER,LOCATION_AT_TIME_OF_CRASH_CODE,ACTION_PRIOR_TO_CRASH_CODE,NON_MOTORIST_DESCRIPTION_CODE,CITY,STATE,ZIP_CODE,SEX,SUSPECTED_ALCOHOL_USE_CODE,ALCOHOL_TESTED_CODE,ALCOHOL_TEST_TYPE_CODE,ALCOHOL_TEST_RESULT,BLOOD_ALCOHOL_CONTENT,SUSPECTED_DRUG_USE_CODE,DRUG_TESTED_CODE,DRUG_TEST_TYPE_CODE,DRUG_TEST_RESULT,INJURY_SEVERITY,EMS_TRANSPORT_TYPE,NON_MOTORIST_ACTIONS_CIRCUMSTANCES_1,NON_MOTORIST_ACTIONS_CIRCUMSTANCES_2,SAFETY_EQUIPMENT_CODE_1,SAFETY_EQUIPMENT_CODE_2,S4_AGE_AT_TIME_OF_CRASH,S4_IS_ALCOHOL_RELATED,S4_IS_DRUG_RELATED,S4_IS_AGING,S4_IS_TEENAGER
25874324,2023,2,Midblock - Marked Crosswalk,Crossing Roadway,Other Cyclist,,,33056,Female,N,,,,,N,,,,Non-Incapacitating,Not Transported,No Improper Action,,None,,30,N,N,N,N
25875577,2023,2,Intersection - Marked Crosswalk,Crossing Roadway,Other Cyclist,,,33179,Male,N,,,,,N,,,,None,Not Transported,No Improper Action,,Helmet,,34,N,N,N,N
25877102,2023,3,Travel Lane - Other Location,Walking/Cycling Along Roadway Against Traffic,Other Cyclist,,,33174,Male,N,,,,,N,,,,None,Not Transported,Failure to Yield Right-of-Way,,None,,17,N,N,N,Y
25877102,2023,4,Travel Lane - Other Location,Walking/Cycling Along Roadway Against Traffic,Occupant of a Non-Motor Vehicle Transportation Device,,,33311,Female,N,,,,,N,,,,Non-Incapacitating,Not Transported,No Improper Action,,None,,39,N,N,N,N
25877102,2023,5,Travel Lane - Other Location,Walking/Cycling Along Roadway Against Traffic,Occupant of a Non-Motor Vehicle Transportation Device,,,33311,Female,N,,,,,N,,,,None,Not Transported,No Improper Action,,None,,18,N,N,N,Y
25877102,2023,6,Travel Lane - Other Location,Walking/Cycling Along Roadway Against Traffic,Occupant of a Non-Motor Vehicle Transportation Device,,,33311,Female,N,,,,,N,,,,None,Not Transported,No Improper Action,,None,,20,N,N,N,N
26025488,2023,1,Intersection - Marked Crosswalk,Crossing Roadway,Other Cyclist,,,33428,,N,,,,,N,,,,Incapacitating,EMS,"Failure to Obey Traffic Signs, Signals, or Officer",,None,,,N,N,N,N
26048693,2023,2,Intersection - Other,Crossing Roadway,Other Cyclist,,,33409,Male,N,,,,,N,,,,Incapacitating,EMS,Failure to Yield Right-of-Way,,None,,16,N,N,N,Y
26161436,2023,3,Travel Lane - Other Location,Walking/Cycling Along Roadway With Traffic,Other Cyclist,,,33993,Male,N,,,,,N,,,,Possible,Not Transported,No Improper Action,,None,,60,N,N,N,N
25879432,2023,2,Intersection - Marked Crosswalk,Crossing Roadway,Other Cyclist,,,33056,Female,N,,,,,N,,,,Possible,EMS,Other,,None,,30,N,N,N,N
25897833,2023,1,Other,Walking/Cycling on Sidewalk,Other Cyclist,,,33063,,N,,,,,N,,,,Non-Incapacitating,EMS,Dart/Dash,,None,,,N,N,N,N
25901432,2023,2,Sidewalk,Walking/Cycling on Sidewalk,Other Cyclist,,,33056,,N,,,,,N,,,,Non-Incapacitating,EMS,No Improper Action,No Improper Action,None,,,N,N,N,N
25902486,2023,2,Sidewalk,Walking/Cycling on Sidewalk,Other Cyclist,,,33441,,N,,,,,N,,,,Possible,Not Transported,Other,,None,,,N,N,N,N
25904872,2023,3,Intersection - Marked Crosswalk,Walking/Cycling on Sidewalk,Other Cyclist,,,32738,Female,N,,,,,N,,,,Non-Incapacitating,EMS,No Improper Action,,None,,20,N,N,N,N
25911548,2023,2,Intersection - Marked Crosswalk,Crossing Roadway,Other Cyclist,,,33324,Male,N,,,,,N,,,,Non-Incapacitating,Not Transported,No Improper Action,,None,,44,N,N,N,N
25914925,2023,2,Bicycle Lane,Walking/Cycling Along Roadway Against Traffic,Other Cyclist,,,34983,Male,N,,,,,N,,,,Possible,Not Transported,Wrong-Way Riding or Walking,,None,,34,N,N,N,N
25918892,2023,2,Intersection - Marked Crosswalk,Crossing Roadway,Other Cyclist,,,33314,,N,,,,,N,,,,Possible,Not Transported,No Improper Action,,None,,,N,N,N,N
25922450,2023,2,Intersection - Marked Crosswalk,Crossing Roadway,Other Cyclist,,,33615,Male,N,Test Not Given,,,,N,Test Not Given,,,None,Not Transported,No Improper Action,,Helmet,,14,N,N,N,N
25922553,2023,2,Travel Lane - Other Location,Crossing Roadway,Other Cyclist,,,33572,Male,N,Test Not Given,,,,N,Test Not Given,,,Non-Incapacitating,EMS,Dart/Dash,,None,,14,N,N,N,N
25922789,2023,3,Intersection - Other,Walking/Cycling Along Roadway Against Traffic,Other Cyclist,,,33604,Male,N,Test Given,Blood,Completed,0.04,N,Test Given,Blood,Positive,Fatal (within 30 days),EMS,Dart/Dash,Failure to Yield Right-of-Way,None,,42,Y,Y,N,N
25922835,2023,3,Intersection - Marked Crosswalk,Walking/Cycling Along Roadway Against Traffic,Other Cyclist,,,33569,Male,N,Test Not Given,,,,N,Test Not Given,,,Incapacitating,EMS,"Failure to Obey Traffic Signs, Signals, or Officer",,None,,22,N,N,N,N
25923490,2023,2,Intersection - Unmarked Crosswalk,Crossing Roadway,Other Cyclist,,,33579,Male,N,Test Not Given,,,,N,Test Not Given,,,Non-Incapacitating,Not Transported,Failure to Yield Right-of-Way,,None,,16,N,N,N,Y
25924202,2023,2,Intersection - Marked Crosswalk,Crossing Roadway,Other Cyclist,,,33579,Female,N,Test Not Given,,,,N,Test Not Given,,,Incapacitating,EMS,No Improper Action,,None,,16,N,N,N,Y
25925291,2023,3,Intersection - Unmarked Crosswalk,Crossing Roadway,Other Cyclist,,,33510,Male,N,Test Not Given,,,,N,Test Not Given,,,Non-Incapacitating,EMS,Failure to Yield Right-of-Way,,None,,12,N,N,N,N
25926212,2023,1,Intersection - Other,Walking/Cycling Along Roadway Against Traffic,Other Cyclist,,,33617,Female,N,Test Not Given,,,,N,Test Not Given,,,Possible,EMS,Wrong-Way Riding or Walking,"Failure to Obey Traffic Signs, Signals, or Officer",None,,22,N,N,N,N
25926995,2023,2,Sidewalk,Walking/Cycling on Sidewalk,Other Cyclist,,,33141,Female,N,,,,,N,,,,Non-Incapacitating,Not Transported,No Improper Action,No Improper Action,None,,31,N,N,N,N
25927479,2023,2,Travel Lane - Other Location,Walking/Cycling Along Roadway With Traffic,Other Cyclist,,,33141,Male,N,,,,,N,,,,Incapacitating,EMS,Other,,None,,60,N,N,N,N
25937140,2023,2,Intersection - Marked Crosswalk,Crossing Roadway,Other Cyclist,,,34239,Male,N,,,,,N,,,,None,EMS,No Improper Action,,None,,44,N,N,N,N
25947303,2023,3,Intersection - Marked Crosswalk,Crossing Roadway,Other Cyclist,,,34741,,N,,,,,N,,,,None,Not Transported,No Improper Action,,None,,,N,N,N,N
25947303,2023,4,Intersection - Marked Crosswalk,Crossing Roadway,Other Cyclist,,,34741,,N,,,,,N,,,,None,Not Transported,No Improper Action,,None,,,N,N,N,N
25948650,2023,2,Other,Other,Other Cyclist,,,,Female,N,,,,,N,,,,None,Not Transported,No Improper Action,,None,,68,N,N,Y,N
25949509,2023,2,Intersection - Other,Walking/Cycling Along Roadway With Traffic,Other Cyclist,,,34448,Male,N,,,,,N,,,,Possible,EMS,No Improper Action,,None,,23,N,N,N,N
25951531,2023,1,Sidewalk,Other,Other Cyclist,,,33065,,N,,,,,N,,,,Incapacitating,EMS,No Improper Action,,None,,,N,N,N,N
25954850,2023,2,Intersection - Marked Crosswalk,Crossing Roadway,Other Cyclist,,,33710,Male,N,,,,,N,,,,None,Not Transported,No Improper Action,,None,,21,N,N,N,N
25956642,2023,4,Intersection - Other,Crossing Roadway,Other Cyclist,,,33705,Male,N,,,,,N,,,,Non-Incapacitating,Not Transported,Dart/Dash,,None,,26,N,N,N,N
25957009,2023,2,Travel Lane - Other Location,Walking/Cycling Along Roadway With Traffic,Other Cyclist,,,33701,Female,N,,,,,N,,,,None,Not Transported,Other,,None,,27,N,N,N,N
25956792,2023,2,Bicycle Lane,Walking/Cycling Along Roadway Against Traffic,Other Cyclist,,,33714,Female,N,,,,,N,,,,Non-Incapacitating,Not Transported,Wrong-Way Riding or Walking,,None,,23,N,N,N,N
25957427,2023,2,Intersection - Unmarked Crosswalk,Walking/Cycling on Sidewalk,Other Cyclist,,,33711,Male,N,,,,,N,,,,Possible,EMS,Other,,None,,60,N,N,N,N
25957588,2023,2,Intersection - Unmarked Crosswalk,Walking/Cycling Along Roadway Against Traffic,Other Cyclist,,,33712,Female,N,,,,,N,,,,Non-Incapacitating,EMS,Wrong-Way Riding or Walking,,None,,56,N,N,N,N
25958291,2023,2,Bicycle Lane,Crossing Roadway,Other Cyclist,,,33713,Male,N,,,,,N,,,,None,Not Transported,No Improper Action,,None,,29,N,N,N,N
25959326,2023,2,Bicycle Lane,Walking/Cycling Along Roadway With Traffic,Other Cyclist,,,33781,Female,N,,,,,N,,,,Non-Incapacitating,Not Transported,No Improper Action,,None,,37,N,N,N,N
25967857,2023,2,Bicycle Lane,Walking/Cycling Along Roadway With Traffic,Other Cyclist,,,33020,Male,N,,,,,N,,,,Possible,EMS,No Improper Action,,None,,62,N,N,N,N
25970583,2023,2,Travel Lane - Other Location,Other,Other Cyclist,,,33770,,N,,,,,N,,,,Non-Incapacitating,Not Transported,No Improper Action,,None,,,N,N,N,N
25970594,2023,2,Intersection - Unmarked Crosswalk,Crossing Roadway,Other Cyclist,,,33764,,N,,,,,N,,,,None,Not Transported,No Improper Action,,None,,,N,N,N,N
25974683,2023,2,Driveway Access,Crossing Roadway,Other Cyclist,,,33405,Male,N,,,,,N,,,,Non-Incapacitating,EMS,Other,,None,,41,N,N,N,N
25975141,2023,2,Intersection - Marked Crosswalk,Crossing Roadway,Other Cyclist,,,33461,Male,N,,,,,N,,,,Possible,Not Transported,No Improper Action,,None,,19,N,N,N,Y
25985127,2023,1,Intersection - Marked Crosswalk,Crossing Roadway,Other Cyclist,,,UK,Male,,,,,,,,,,Non-Incapacitating,Not Transported,Failure to Yield Right-of-Way,,None,,,N,N,N,N
25995614,2023,2,Other,Other,Other Cyclist,,,33319,,N,,,,,N,,,,Possible,EMS,Failure to Yield Right-of-Way,,None,,,N,N,N,N
25996965,2023,2,Travel Lane - Other Location,Other,Other Cyclist,,,12603,,N,,,,,N,,,,Non-Incapacitating,EMS,No Improper Action,,Helmet,,,N,N,N,N
25997085,2023,3,Bicycle Lane,Walking/Cycling Along Roadway With Traffic,Other Cyclist,,,33308,,N,,,,,N,,,,None,Not Transported,Other,,Other,,,N,N,N,N
25997427,2023,2,Sidewalk,Walking/Cycling on Sidewalk,Other Cyclist,,,33020,,N,,,,,N,,,,Non-Incapacitating,EMS,No Improper Action,,None,,,N,N,N,N
25998764,2023,2,Intersection - Marked Crosswalk,Crossing Roadway,Other Cyclist,,,33309,,N,,,,,N,,,,Possible,Not Transported,No Improper Action,,None,,,N,N,N,N
25998991,2023,2,Intersection - Marked Crosswalk,Walking/Cycling Along Roadway With Traffic,Other Cyclist,,,33064,,N,,,,,N,,,,Possible,EMS,No Improper Action,,None,,,N,N,N,N
25999122,2023,2,Other,Other,Other Cyclist,,,33064,,N,,,,,N,,,,None,Not Transported,Failure to Yield Right-of-Way,,None,,,N,N,N,N
26000325,2023,3,Intersection - Marked Crosswalk,Walking/Cycling on Sidewalk,Other Cyclist,,,33313,,N,,,,,N,,,,Possible,EMS,Failure to Yield Right-of-Way,Other,None,,,N,N,N,N
26002648,2023,2,Sidewalk,Walking/Cycling on Sidewalk,Other Cyclist,,,33441,,N,,,,,N,,,,Non-Incapacitating,Law Enforcement,No Improper Action,,None,,,N,N,N,N
26002899,2023,2,Sidewalk,Crossing Roadway,Other Cyclist,,,33441,,N,,,,,N,,,,Non-Incapacitating,Law Enforcement,No Improper Action,,None,,,N,N,N,N
26003134,2023,3,Shoulder/Roadside,Crossing Roadway,Other Cyclist,,,33160,,N,,,,,N,,,,None,EMS,No Improper Action,,None,,,N,N,N,N
26021774,2023,2,Travel Lane - Other Location,Walking/Cycling Along Roadway With Traffic,Other Cyclist,,,33919,Male,N,,,,,N,,,,None,Not Transported,No Improper Action,,Helmet,,14,N,N,N,N
26032541,2023,1,Shoulder/Roadside,Crossing Roadway,Other Cyclist,,,33012,,N,,,,,N,,,,Incapacitating,EMS,Failure to Yield Right-of-Way,"Failure to Obey Traffic Signs, Signals, or Officer",None,None,,N,N,N,N
26032959,2023,1,Intersection - Marked Crosswalk,Crossing Roadway,Other Cyclist,,,33009,,N,,,,,N,,,,Possible,Not Transported,Failure to Yield Right-of-Way,,None,,,N,N,N,N
26032997,2023,2,Other,Other,Other Cyclist,,,33176,,N,,,,,N,,,,Non-Incapacitating,Not Transported,Unknown,Unknown,None,None,,N,N,N,N
26037747,2023,2,Intersection - Marked Crosswalk,Walking/Cycling on Sidewalk,Other Cyclist,,,32118,Male,N,,,,,,Test Not Given,,,Possible,Not Transported,No Improper Action,,None,,33,N,N,N,N
26042170,2023,2,Travel Lane - Other Location,In Roadway - Other,Other Cyclist,,,34756,Male,N,,,,,N,,,,None,Not Transported,Dart/Dash,,None,,52,N,N,N,N
26047571,2023,3,Travel Lane - Other Location,Walking/Cycling Along Roadway Against Traffic,Other Cyclist,,,33415,Male,Y,Test Not Given,,,,,Test Not Given,,,Non-Incapacitating,EMS,Wrong-Way Riding or Walking,Not Visible,Lighting,None,38,Y,N,N,N
26051291,2023,3,Intersection - Marked Crosswalk,Walking/Cycling Along Roadway Against Traffic,Other Cyclist,,,33417,Male,N,,,,,N,,,,Possible,EMS,Wrong-Way Riding or Walking,Failure to Yield Right-of-Way,None,,17,N,N,N,Y
26051291,2023,2,Intersection - Marked Crosswalk,Walking/Cycling Along Roadway Against Traffic,Other Cyclist,,,33417,Male,N,,,,,N,,,,None,Not Transported,Wrong-Way Riding or Walking,Failure to Yield Right-of-Way,None,,17,N,N,N,Y
26053547,2023,3,Intersection - Marked Crosswalk,Crossing Roadway,Other Cyclist,,,33436,Male,N,,,,,N,,,,Non-Incapacitating,Not Transported,"Failure to Obey Traffic Signs, Signals, or Officer",,None,,21,N,N,N,N
26053940,2023,3,Other,In Roadway - Other,Other Cyclist,,,33406,Female,N,,,,,N,,,,Non-Incapacitating,EMS,Wrong-Way Riding or Walking,,None,,18,N,N,N,Y
26054592,2023,2,Intersection - Unmarked Crosswalk,Crossing Roadway,Other Cyclist,,,33407,Male,N,,,,,N,,,,Non-Incapacitating,Not Transported,No Improper Action,,None,,28,N,N,N,N
26055334,2023,4,Driveway Access,Walking/Cycling on Sidewalk,Other Cyclist,,,33417,Male,N,,,,,N,,,,Possible,Not Transported,Wrong-Way Riding or Walking,,None,,48,N,N,N,N
26055404,2023,2,Intersection - Marked Crosswalk,Crossing Roadway,Other Cyclist,,,,Male,,,,,,,,,,,Not Transported,Unknown,,Unknown,,,N,N,N,N
26056557,2023,2,Intersection - Marked Crosswalk,Other,Other Cyclist,,,33312,Male,N,Test Not Given,,,,N,Test Not Given,,,Possible,Not Transported,No Improper Action,,None,,21,N,N,N,N
26066102,2023,2,Sidewalk,Walking/Cycling on Sidewalk,Other Cyclist,,,33405,,N,,,,,N,,,,Possible,EMS,No Improper Action,,None,,,N,N,N,N
26066221,2023,2,Travel Lane - Other Location,Crossing Roadway,Other Cyclist,,,33405,,N,,,,,N,,,,Non-Incapacitating,EMS,Dart/Dash,Failure to Yield Right-of-Way,Unknown,,,N,N,N,N
26066456,2023,2,Sidewalk,Crossing Roadway,Other Cyclist,,,33406,,N,,,,,N,,,,None,EMS,Other,,None,,,N,N,N,N
26067252,2023,2,Bicycle Lane,Other,Other Cyclist,,,33401,,N,,,,,N,,,,Possible,EMS,No Improper Action,,None,,,N,N,N,N
26073332,2023,2,Intersection - Marked Crosswalk,Crossing Roadway,Other Cyclist,,,,Female,N,,,,,N,,,,Incapacitating,EMS,No Improper Action,,None,,31,N,N,N,N
26079417,2023,2,Intersection - Marked Crosswalk,Walking/Cycling Along Roadway Against Traffic,Other Cyclist,,,32407,Male,N,Test Not Given,,,,N,Test Not Given,,,Non-Incapacitating,Not Transported,Wrong-Way Riding or Walking,,None,,28,N,N,N,N
26081788,2023,2,Other,Other,Other Cyclist,,,33162,,N,,,,,N,,,,Possible,EMS,Failure to Yield Right-of-Way,,None,,,N,N,N,N
26081843,2023,2,Sidewalk,Walking/Cycling Along Roadway Against Traffic,Other Cyclist,,,33162,,N,,,,,N,,,,Possible,Not Transported,Failure to Yield Right-of-Way,,None,,,N,N,N,N
26082104,2023,1,Travel Lane - Other Location,Adjacent to Roadway,Other Cyclist,,,33162,,N,,,,,N,,,,Possible,EMS,Failure to Yield Right-of-Way,,None,,,N,N,N,N
26084553,2023,2,Intersection - Unmarked Crosswalk,None,Other Cyclist,,,346555,Male,N,,,,,N,,,,None,Not Transported,No Improper Action,,None,,34,N,N,N,N
26085484,2023,2,Sidewalk,Walking/Cycling on Sidewalk,Bicyclist,,,39503,,N,,,,,N,,,,Possible,Not Transported,No Improper Action,,None,,,N,N,N,N
26085484,2023,3,Sidewalk,Walking/Cycling on Sidewalk,Other Cyclist,,,33483,,N,,,,,N,,,,Non-Incapacitating,EMS,No Improper Action,,None,,,N,N,N,N
26085535,2023,2,Sidewalk,Crossing Roadway,Other Cyclist,,,33483,,N,,,,,N,,,,Non-Incapacitating,,Other,,None,,,N,N,N,N
26089240,2023,2,Bicycle Lane,Other,Other Cyclist,,,33410,,N,,,,,N,,,,Possible,Not Transported,No Improper Action,,Helmet,,,N,N,N,N
26100307,2023,2,Travel Lane - Other Location,Walking/Cycling Along Roadway With Traffic,Other Cyclist,,,32246,Male,N,Test Not Given,,,,N,Test Not Given,,,None,Not Transported,Unknown,,Unknown,,18,N,N,N,Y
26100317,2023,2,Intersection - Other,In Roadway - Other,Other Cyclist,,,32246,Male,N,Test Not Given,,,,N,Test Not Given,,,Possible,Not Transported,Other,,Helmet,,16,N,N,N,Y
26100328,2023,2,Sidewalk,Walking/Cycling on Sidewalk,Other Cyclist,,,32257,Female,N,Test Not Given,,,,N,Test Not Given,,,None,Not Transported,Failure to Yield Right-of-Way,,None,,13,N,N,N,N
26100328,2023,3,Sidewalk,Other,Occupant of a Non-Motor Vehicle Transportation Device,,,32257,Female,N,Test Not Given,,,,N,Test Not Given,,,None,Not Transported,No Improper Action,,None,,13,N,N,N,N
26100886,2023,1,Travel Lane - Other Location,Adjacent to Roadway,Other Cyclist,,,32763,Male,N,Test Given,Blood,Completed,0,N,Test Given,Blood,Negative,Fatal (within 30 days),EMS,No Improper Action,,None,,56,N,N,N,N
26103291,2023,4,Travel Lane - Other Location,Walking/Cycling Along Roadway With Traffic,Other Cyclist,,,32801,Male,N,Test Not Given,,,,N,Test Not Given,,,Non-Incapacitating,EMS,Failure to Yield Right-of-Way,Improper Turn/Merge,None,,35,N,N,N,N
26121908,2023,1,Travel Lane - Other Location,In Roadway - Other,Other Cyclist,,,32114,Male,N,,,,,N,,,,Non-Incapacitating,EMS,In Roadway Improperly,,None,,44,N,N,N,N
26125425,2023,2,Intersection - Marked Crosswalk,Crossing Roadway,Other Cyclist,,,34120,Male,N,,,,,N,,,,Non-Incapacitating,EMS,"Failure to Obey Traffic Signs, Signals, or Officer",,Lighting,,28,N,N,N,N
26125732,2023,2,Other,Walking/Cycling Along Roadway With Traffic,Other Cyclist,,,34112,Male,N,,,,,N,,,,Non-Incapacitating,Not Transported,No Improper Action,,None,,42,N,N,N,N
26126368,2023,2,Intersection - Marked Crosswalk,Crossing Roadway,Other Cyclist,,,34109,Male,N,,,,,N,,,,,Not Transported,"Failure to Obey Traffic Signs, Signals, or Officer",,None,,19,N,N,N,Y
26137040,2023,2,Other,Other,Other Cyclist,,,33162,Male,N,,,,,N,,,,Non-Incapacitating,EMS,No Improper Action,,None,,21,N,N,N,N
26141082,2023,2,Bicycle Lane,Walking/Cycling Along Roadway With Traffic,Other Cyclist,,,33306,Male,N,,,,,N,,,,Non-Incapacitating,EMS,No Improper Action,,None,,36,N,N,N,N
26141196,2023,2,Other,Crossing Roadway,Other Cyclist,,,33311,Male,N,Test Not Given,,,,N,Test Not Given,,,Possible,Not Transported,Other,,None,,25,N,N,N,N
26141562,2023,3,Bicycle Lane,Walking/Cycling Along Roadway Against Traffic,Other Cyclist,,,33312,Male,N,,,,,N,,,,Possible,EMS,Wrong-Way Riding or Walking,,None,,29,N,N,N,N
26145506,2023,3,Intersection - Marked Crosswalk,Crossing Roadway,Other Cyclist,,,33948,Male,N,,,,,N,,,,None,Not Transported,No Improper Action,,None,,16,N,N,N,Y
26145717,2023,2,Intersection - Marked Crosswalk,Crossing Roadway,Other Cyclist,,,33947,Male,N,,,,,N,,,,Non-Incapacitating,Not Transported,No Improper Action,,None,,19,N,N,N,Y
26155826,2023,1,Intersection - Marked Crosswalk,Crossing Roadway,Other Cyclist,,,32904,Male,N,,,,,N,,,,None,Not Transported,No Improper Action,,None,,48,N,N,N,N
26155841,2023,2,Driveway Access,Other,Other Cyclist,,,32901,Female,N,,,,,N,,,,Non-Incapacitating,Not Transported,No Improper Action,,None,,25,N,N,N,N
26158367,2023,3,Other,Other,Other Cyclist,,,,Female,,,,,,,,,,,Not Transported,Failure to Yield Right-of-Way,,Unknown,,,N,N,N,N
26158616,2023,2,Driveway Access,In Roadway - Other,Other Cyclist,,,32901,Male,N,,,,,N,,,,None,Not Transported,No Improper Action,,None,,5,N,N,N,N
