REPORT_NUMBER,CRASH_YEAR,VEHICLE_NUMBER,OWNER_CITY,OWNER_STATE,OWNER_ZIP_CODE,COMMERCIAL_VEHICLE_FLAG,MOTION_CODE,STATE_OF_REGISTRATION,PERMANENT_REGISTRATION_FLAG,HIT_AND_RUN_FLAG,VEHICLE_YEAR,VEHICLE_MAKE,VEHICLE_MODEL,VEHICLE_STYLE,VEHICLE_COLOR,DISABLING_FUNCTIONAL_DAMAGE,ESTIMATED_VEHICLE_DAMAGE,TOW_DAMAGE_CODE,HOW_TOW_REQUESTED,BUSINESS_OWNED_FLAG,VEHICLE_TRAVELING,ROAD_ON,ESTIMATED_MPH,POSTED_SPEED,TOTAL_NUMBER_OF_LANES,HAZARDOUS_MATERIAL_RELEASED,HAZMAT_PLACARD,HAZARDOUS_PLACARD_NUMBER,HAZMAT_CLASS,POINT_OF_IMPACT,MOST_DAMAGED_AREA_CODE,TYPE_OF_VEHICLE,TRAFFICWAY_CODE,COMMERCIAL_VEHICLE_CONFIGURATION_CODE,COMMERCIAL_USE_CODE,CARRIER_CARGO_BODY_TYPE,COMMERCIAL_VEHICLE_WEIGHT_CODE,MOST_HARMFUL_EVENT_CODE,HARMFUL_EVENT_1,HARMFUL_EVENT_2,HARMFUL_EVENT_3,HARMFUL_EVENT_4,EMERGENCY_VEHICLE_USE_CODE,ROADWAY_GRADE_CODE,ROADWAY_ALIGNMENT_CODE,VEHICLE_MANEUVER_ACTION,TRAFFIC_CONTROL_DEVICE,VEHICLE_SPECIAL_FUNCTION,VEHICLE_DEFECT1,VEHICLE_DEFECT2,S4_IS_COMMERCIAL_MOTOR_VEHICLE
25874324,2023,1,,,,,Vehicle in Transport,OT,Y,Y,,UK,,,UNK,Unknown,0,N,Driver,N,West,NW 65TH ST & NW 27TH AVE,20,30,2,,,,,Front Center Bumper,Front Center Bumper,Pickup,"Two-Way, Not Divided",,,,,Motor Vehicle in Transport,Motor Vehicle in Transport,,,,N,Level,Straight,Turning Right,No Controls,No Special Function,None,,
25875577,2023,1,,,33009,,Vehicle in Transport,FL,,N,2013,HOND,,MC,ONG,None,0,N,Driver,N,North,NE 20TH AVE,40,40,16,,,,,Front Center Bumper,Front Center Bumper,Motorcycle,"Two-Way, Not Divided",,,,,Pedestrian,Pedestrian,,,,N,Level,Straight,Turning Right,Traffic Control Signal,No Special Function,None,,
25877102,2023,1,,,32827,,Vehicle in Transport,FL,,N,2023,CHEV,,TK,BLU,None,0,N,Driver,N,West,PRIVATE PROPERTY 7900 SW 40TH ST,10,10,2,,,,,,,Pickup,"Two-Way, Not Divided",,,,,Pedalcycle,Pedalcycle,,,,N,Level,Curve Right,Straight Ahead,No Controls,Shuttle Bus,None,,
26161436,2023,1,,,33907,N,Vehicle in Transport,FL,,N,2013,TOYT,,4D,SIL,Minor,1000,N,Driver,N,North,VERONICA S SHOEMAKER BLVD,40,45,4,,,,,Left Front Fender,Left Front Fender,Passenger Car,"Two-Way, Divided, Positive Median Barrier",,,,,Other Non-Fixed Object,Other Non-Fixed Object,,,,N,Level,Straight,Straight Ahead,No Controls,No Special Function,"Body, Doors",None,
25879432,2023,1,,,33066,,Vehicle in Transport,FL,,N,2017,HOND,,4D,GRY,Functional,1000,N,Driver,N,West,NW 75TH STREET,20,40,2,,,,,Front Center Bumper,Front Center Bumper,Passenger Car,"Two-Way, Not Divided",,,,,,Pedalcycle,,,,N,Level,Straight,Straight Ahead,Traffic Control Signal,No Special Function,None,,
25897833,2023,1,,,33063,N,Vehicle in Transport,,N,N,,OTHR,,OTHR,BLK,Disabling,400,N,,N,South,NW 76 AVE,15,25,2,,,,,Front Center Bumper,Front Center Bumper,Other,"Two-Way, Not Divided",,,,,Motor Vehicle in Transport,Motor Vehicle in Transport,,,,N,Level,Straight,Straight Ahead,No Controls,No Special Function,None,,
25897833,2023,2,,,33063,N,Vehicle in Transport,FL,N,N,2008,TOYT,,4D,SIL,Minor,500,N,,N,West,NW 5TH PLACE,10,10,2,,,,,Right Front Door,Right Front Door,Passenger Car,"Two-Way, Not Divided",,,,,Pedalcycle,Pedalcycle,,,,N,Level,Straight,Turning Left,Stop Sign,No Special Function,None,,
25901432,2023,1,,,,N,Vehicle in Transport,,N,Y,,,,,,,0,N,,N,,JOG RD,,,,,,,,,,,,,,,,Pedestrian,Pedestrian,,,,,,,,,,,,
25902486,2023,1,,,33415,N,Vehicle in Transport,FL,N,N,2002,TOYT,,4D,WHI,None,0,N,,N,East,EXITING PARKING LOT,2,,2,,,,,Front Center Bumper,,Passenger Car,"Two-Way, Not Divided",,,,,Pedalcycle,Pedalcycle,,,,N,Level,Straight,Turning Right,Stop Sign,No Special Function,None,,
25904872,2023,1,,,32738,N,Vehicle in Transport,FL,,N,2014,JEEP,,UT,BLK,Minor,800,N,Driver,N,Unknown,301 COURTLAND BLVD,5,10,2,,,,,Front Right Bumper,Front Right Bumper,(Sport) Utility Vehicle,"Two-Way, Not Divided",,,,,Motor Vehicle in Transport,Motor Vehicle in Transport,Pedestrian,,,N,Level,Straight,Slowing,Stop Sign,No Special Function,None,,
25911548,2023,1,,,33334,N,Vehicle in Transport,FL,,Y,2011,HYUN,,UT,GRN,Functional,2000,N,Driver,N,East,NW 5TH ST,10,30,2,,,,,Front Left Bumper,Front Left Bumper,(Sport) Utility Vehicle,"Two-Way, Not Divided, with a Continuous Left Turn Lane",,,,,Pedalcycle,Pedalcycle,,,,N,Level,Straight,Turning Left,No Controls,No Special Function,None,,
25914925,2023,1,,,34997,N,Vehicle in Transport,FL,,N,2011,TOYT,,4D,GRY,Minor,250,N,Driver,N,East,SE FEDERAL HWY,5,45,6,,,,,Front Right Bumper,Front Right Bumper,Passenger Car,"Two-Way, Divided, Positive Median Barrier",,,,,Pedalcycle,Pedalcycle,,,,N,Level,Straight,Turning Right,Stop Sign,No Special Function,None,,
25918892,2023,1,,,33314,N,Vehicle in Transport,FL,N,N,2014,TOYT,,4D,GRY,Minor,500,N,,N,West,SW 38TH CT,5,25,2,,,,,Front Left Bumper,,Passenger Car,"Two-Way, Not Divided",,,,,Pedestrian,Pedestrian,,,,N,Level,Straight,Straight Ahead,Stop Sign,No Special Function,None,,
25922450,2023,1,,,33613,N,Vehicle in Transport,FL,N,N,2019,MAZD,,4D,WHI,Minor,100,N,,N,North,REDBRAES DR,5,20,2,,,,,Front Right Bumper,Front Right Bumper,Passenger Car,"Two-Way, Not Divided",,,,,Pedestrian,Pedestrian,,,,N,Level,Straight,Turning Right,Stop Sign,No Special Function,None,,
25922553,2023,1,,,33572-0000,N,Vehicle in Transport,FL,N,N,2014,FORD,,TK,WHI,Functional,2500,N,,N,West,MILESTONE DR,15,30,2,,,,,Left Front Fender,Left Front Fender,Pickup,"Two-Way, Not Divided",,,,,Other Non-Fixed Object,Other Non-Fixed Object,,,,N,Level,Straight,Turning Left,No Controls,No Special Function,None,,
25922789,2023,1,,,33613-0000,N,Vehicle in Transport,FL,N,N,2006,GMC,,LL,BGE,Functional,3000,N,,N,North,N 59TH ST,35,25,2,,,,,Right Front Fender,Right Front Door,(Sport) Utility Vehicle,"Two-Way, Not Divided",,,,,Pedalcycle,Pedalcycle,,,,N,Level,Straight,Straight Ahead,No Controls,No Special Function,None,,
25922835,2023,1,,,32606-0000,N,Vehicle in Transport,FL,N,N,2005,HOND,,4D,GRY,Minor,2500,N,,N,South,S US HIGHWAY 301,15,45,6,,,,,Left Rear Door,Left Rear Door,Passenger Car,"Two-Way, Divided, Positive Median Barrier",,,,,Pedalcycle,Pedalcycle,,,,N,Level,Straight,Turning Left,Yield Sign,No Special Function,None,,
25923490,2023,1,,,33578,N,Vehicle in Transport,FL,N,N,2014,HYUN,,4D,SIL,Functional,1000,N,,N,East,COWLEY RD,35,35,2,,,,,Front Center Bumper,Front Center Bumper,Passenger Car,"Two-Way, Not Divided",,,,,Motor Vehicle in Transport,Motor Vehicle in Transport,,,,N,Level,Straight,Straight Ahead,No Controls,No Special Function,None,,
25924202,2023,1,,,33579,N,Vehicle in Transport,FL,N,N,2002,CADI,,4D,BLK,Minor,200,N,,N,West,CR 672 (BIG BEND RD),5,45,4,,,,,Front Center Bumper,Front Center Bumper,Passenger Car,"Two-Way, Divided, Positive Median Barrier",,,,,Motor Vehicle in Transport,Motor Vehicle in Transport,,,,N,Level,Straight,Straight Ahead,Traffic Control Signal,No Special Function,None,,
25925291,2023,1,,,33596-0000,N,Vehicle in Transport,FL,N,N,2021,HOND,,SW,SIL,Functional,4000,N,,N,West,WINDHORST RD,25,25,2,,,,,Front Center Bumper,Windshield,(Sport) Utility Vehicle,"Two-Way, Not Divided",,,,,Other Non-Fixed Object,Other Non-Fixed Object,,,,N,Level,Straight,Straight Ahead,No Controls,No Special Function,None,,
25926212,2023,1,,,33617,N,Vehicle in Transport,FL,N,N,2023,HYUN,,LL,WHI,Minor,500,N,,N,North,CONNERSVILLE BLVD,5,20,2,,,,,Right Rear Door,Right Rear Door,(Sport) Utility Vehicle,"Two-Way, Divided, Positive Median Barrier",,,,,Other Non-Fixed Object,Other Non-Fixed Object,,,,N,Level,Straight,Turning Right,Stop Sign,No Special Function,None,,
25926995,2023,1,,,73134,N,Vehicle in Transport,FL,Y,N,2023,TOYT,,4D,BLK,None,0,N,,N,South,DRIVWAY OF 401 71 ST,5,5,1,,,,,Right Front Fender,,(Sport) Utility Vehicle,One-Way Trafficway,,,,,,Pedestrian,,,,N,Level,Straight,Straight Ahead,Stop Sign,No Special Function,None,,
25927479,2023,1,,,33141,N,Vehicle in Transport,FL,N,N,2016,DODG,,4D,GRY,Minor,500,N,Driver,N,East,85 STREET,30,30,2,,,,,Right Front Fender,Right Front Fender,(Sport) Utility Vehicle,"Two-Way, Not Divided",,,,,Pedalcycle,Pedalcycle,,,,N,Uphill,Straight,Straight Ahead,No Controls,No Special Function,None,,
25937140,2023,1,,,34235,,Vehicle in Transport,FL,Y,N,2022,FORD,,PK,BLK,Minor,1000,N,Driver,N,North,N. lockwood ridge rd,25,35,2,,,,,Right Front Fender,Right Front Fender,Pickup,"Two-Way, Not Divided",,,,,Pedalcycle,Pedalcycle,,,,N,Level,Straight,Turning Left,Traffic Control Signal,No Special Function,None,,
25937140,2023,2,,,34239,,Vehicle in Transport,,,N,2023,AERO,,BA,BLK,Disabling,500,Y,Rotation,N,West,FRUITVILLE RD.,25,45,6,,,,,Front Center Bumper,Front Center Bumper,Other,"Two-Way, Divided, Positive Median Barrier",,,,,Pedalcycle,Pedalcycle,,,,N,Level,Straight,Straight Ahead,Traffic Control Signal,No Special Function,None,,
25947303,2023,1,,,34741,N,Vehicle in Transport,FL,N,N,2016,KIA,,5D,BLU,None,0,N,,N,East,N JOHN YOUNG PKWY,5,,1,,,,,Front Center Bumper,Front Center Bumper,Passenger Van,One-Way Trafficway,,,,,Pedestrian,Pedestrian,,,,N,Level,Straight,Straight Ahead,No Controls,No Special Function,None,,
25948650,2023,1,,,32572,N,Vehicle in Transport,FL,,N,2000,CHEVY,,,,Functional,600,N,Driver,N,North,KING CASTLE COURT,4,10,2,,,,,Front Center Bumper,Front Center Bumper,Pickup,"Two-Way, Not Divided",,,,,Motor Vehicle in Transport,Motor Vehicle in Transport,,,,N,Level,Straight,Straight Ahead,No Controls,No Special Function,None,,
25949509,2023,1,,,34433,N,Working Vehicle,FL,,N,2006,DODG,,TK,SIL,Minor,2500,N,Driver,N,North,NE 6TH AVENUE,10,30,2,,,,,Right Front Fender,Right Front Fender,Pickup,"Two-Way, Not Divided",,,,,Motor Vehicle in Transport,Motor Vehicle in Transport,,,,N,Level,Straight,Straight Ahead,Stop Sign,No Special Function,None,,
25951531,2023,1,,,33065,N,Vehicle in Transport,,N,N,2023,OTHR,,YYY,BLK,Functional,500,N,Other,N,North,7305 W SAMPLE RD,5,15,2,,,,,Front Center Bumper,Front Center Bumper,Other,"Two-Way, Not Divided",,,,,Tree (standing),Tree (standing),,,,N,Level,Straight,Straight Ahead,No Controls,No Special Function,None,,
25954850,2023,1,,,33710,N,Vehicle in Transport,OK,,N,,K000,,00000VS13:3,,Minor,50,N,Rotation,N,South,66TH ST N,5,35,3,,,,,Right Front Fender,Right Front Fender,Passenger Car,"Two-Way, Not Divided",,,,,Motor Vehicle in Transport,Motor Vehicle in Transport,,,,N,Level,Straight,Straight Ahead,No Controls,No Special Function,None,,
25956642,2023,1,,,33714,N,Vehicle in Transport,FL,,N,2010,GMC,,4D,BRO,Minor,500,N,Driver,N,South,37TH ST. N,25,25,2,,,,,Right Rear Fender,Right Rear Fender,(Sport) Utility Vehicle,"Two-Way, Not Divided",,,,,Pedalcycle,Pedalcycle,,,,N,Level,Straight,Straight Ahead,No Controls,No Special Function,None,,
25956792,2023,1,,,33702,N,Vehicle in Transport,FL,,N,2004,CADI,,4D,TAN,None,0,N,Owner Request,N,West,FROM PARKING LOT 701 DR. MLK JR ST N,5,35,2,,,,,Front Right Bumper,,Passenger Car,"Two-Way, Not Divided",,,,,Motor Vehicle in Transport,Motor Vehicle in Transport,,,,N,Level,Straight,Turning Right,Stop Sign,No Special Function,None,,
25957009,2023,1,,,33702,N,Vehicle in Transport,FL,,N,2020,TOYT,,4D,SIL,Minor,1000,N,Driver,N,East,CENTRAL AVE,0,35,2,,,,,Rear Center Bumper,Rear Center Bumper,Passenger Car,"Two-Way, Not Divided",,,,,Pedestrian,Pedestrian,,,,N,Level,Straight,Stopped in Traffic,No Controls,No Special Function,None,,
25957427,2023,1,,,,,,,,Y,,UK,,UNKNOWN,UNKNOWN,Unknown,0,N,,N,,,,,,,,,,,,Unknown,"Two-Way, Divided, Unprotected (painted >4 feet) Median",,,,,Motor Vehicle in Transport,Motor Vehicle in Transport,,,,,Level,Straight,Unknown,Stop Sign,Unknown,Unknown,,
25957588,2023,1,,,33702,N,Vehicle in Transport,FL,,N,2014,TOYT,,4D,GRY,Minor,2500,N,Driver,N,North,4TH ST N,15,35,5,,,,,Left Front Fender,Left Front Fender,Passenger Car,"Two-Way, Not Divided",,,,,Motor Vehicle in Transport,Motor Vehicle in Transport,,,,N,Level,Straight,Turning Left,No Controls,No Special Function,None,,
25958291,2023,1,,,33705,N,Vehicle in Transport,FL,,N,2007,HOND,,4D,BLK,Functional,2000,N,Driver,N,South,4TH ST S,15,25,4,,,,,Front Center Bumper,Hood,Passenger Car,One-Way Trafficway,,,,,Motor Vehicle in Transport,Motor Vehicle in Transport,,,,N,Level,Straight,Straight Ahead,Traffic Control Signal,No Special Function,None,,
25959326,2023,1,,,33781,N,Vehicle in Transport,FL,,N,2013,DODG,,4D,RED,Minor,500,N,Driver,N,South,31ST ST S,10,25,2,,,,,Front Left Bumper,Front Left Bumper,Passenger Car,"Two-Way, Not Divided",,,,,Pedalcycle,Pedalcycle,,,,N,Level,Straight,Turning Left,No Controls,No Special Function,None,,
25967857,2023,1,,,33122,N,Vehicle in Transport,FL,,N,2022,CHEV,,SU,WHI,Minor,500,N,Driver,N,West,W HALLANDALE BEACH BLVD,40,40,3,,,,,Right Front Door,Right Rear Door,(Sport) Utility Vehicle,"Two-Way, Not Divided",,,,,Motor Vehicle in Transport,Motor Vehicle in Transport,,,,N,Level,Straight,Turning Right,No Controls,No Special Function,None,,
25970583,2023,1,,,33771,N,Vehicle in Transport,FL,N,N,2008,PIAG,,OTH,RED,Disabling,2000,N,Rotation,N,North,TROTTER RD,25,25,2,,,,,,,Moped,"Two-Way, Not Divided",,,,,Motor Vehicle in Transport,Motor Vehicle in Transport,,,,N,Level,Straight,Straight Ahead,No Controls,No Special Function,None,,
25970594,2023,1,,,33764,N,Vehicle in Transport,FL,N,N,2012,HOND,,4D,LBL,None,0,N,,N,North,RIDGE RD DW,15,25,2,,,,,,,Passenger Car,"Two-Way, Not Divided",,,,,Pedalcycle,Pedalcycle,,,,N,Level,Straight,Straight Ahead,Stop Sign,No Special Function,None,,
25974683,2023,1,,,33406,N,Vehicle in Transport,FL,,N,2011,CADI,,4D,BLK,Minor,1500,N,Driver,N,North,WOODHAVEN DR,2,10,1,,,,,Front Center Bumper,Front Center Bumper,Passenger Car,"Two-Way, Not Divided",,,,,Pedalcycle,Pedalcycle,,,,N,Level,Straight,Straight Ahead,Stop Sign,No Special Function,None,,
25975141,2023,1,,,33461,N,Vehicle in Transport,FL,,N,2013,FORD,,UT,WHI,None,0,N,Driver,N,East,DAVIS RD,5,25,2,,,,,Front Center Bumper,Front Center Bumper,Passenger Car,"Two-Way, Not Divided",,,,,Pedestrian,Pedestrian,,,,N,Level,Straight,Straight Ahead,No Controls,No Special Function,None,,
25985127,2023,1,,,34470,N,Vehicle in Transport,FL,N,N,2017,TOYT,,4D,GRN,Minor,100,N,Driver,N,North,NE 36TH AVE,10,45,4,,,,,Front Center Bumper,Front Left Bumper,Passenger Car,"Two-Way, Divided, Unprotected (painted >4 feet) Median",,,,,Pedalcycle,Motor Vehicle in Transport,Pedalcycle,,,N,Level,Straight,Turning Left,Traffic Control Signal,No Special Function,None,,
25995614,2023,1,,,33321,N,Vehicle in Transport,FL,N,N,2023,KIA,,4D,RED,Functional,1000,N,,N,East,PKNG LOT OF 8550 N UNIVERSITY DR,20,20,2,,,,,Right Front Door,Right Front Door,Passenger Car,"Two-Way, Not Divided",,,,,Pedalcycle,Pedalcycle,,,,N,Level,Straight,Straight Ahead,No Controls,No Special Function,None,,
25996965,2023,1,,,32812,N,Vehicle in Transport,FL,N,N,2023,HYUN,,SPUV,GRY,Minor,500,N,,N,North,E PERIMETER RD,5,35,2,,,,,Hood,Hood,(Sport) Utility Vehicle,"Two-Way, Divided, Unprotected (painted >4 feet) Median",,,,,Pedalcycle,Pedalcycle,,,,N,Level,Straight,Turning Left,No Controls,No Special Function,None,,
25997085,2023,1,,,33311,N,Vehicle in Transport,FL,Y,N,2015,DODG,,4D,GRN,Minor,50,N,Driver,N,West,COMMERCIAL BLVD,5,30,5,,,,,Rear Right Bumper,Rear Right Bumper,Passenger Car,"Two-Way, Divided, Positive Median Barrier",,,,,,Pedestrian,,,,N,Level,Straight,Turning Right,No Controls,No Special Function,None,,
25997427,2023,1,,,33004,N,Vehicle in Transport,FL,N,N,2022,FORD,,SPUV,GRY,None,0,N,,N,North,STIRLING RD,5,10,2,,,,,,,(Sport) Utility Vehicle,"Two-Way, Not Divided",,,,,Pedestrian,Pedestrian,,,,N,Level,Straight,Turning Right,Stop Sign,No Special Function,None,,
25998764,2023,1,,,,N,Vehicle in Transport,,,Y,,,,,,,0,N,,N,North,NW 5TH AV,10,25,2,,,,,,,Passenger Car,"Two-Way, Not Divided",,,,,Pedestrian,Pedestrian,,,,N,Level,Straight,Straight Ahead,Stop Sign,No Special Function,None,,
25998991,2023,1,,,33064,N,Vehicle in Transport,FL,N,N,2012,FORD,,PU,WHI,Minor,300,N,Owner Request,N,East,W SAMPLE RD,45,45,4,,,,,Front Right Bumper,Front Center Bumper,Pickup,"Two-Way, Divided, Positive Median Barrier",,,,,Pedalcycle,Pedalcycle,,,,N,Level,Straight,Turning Right,Traffic Control Signal,No Special Function,None,,
25999122,2023,1,,,33309,N,Vehicle in Transport,FL,N,N,2022,CHRY,,VAN,BLK,Functional,1000,N,Driver,N,East,825 W SAMPLE RD,5,10,2,,,,,Right Rear Door,Right Rear Door,Passenger Van,"Two-Way, Not Divided",,,,,Motor Vehicle in Transport,Motor Vehicle in Transport,,,,N,Level,Straight,Turning Right,No Controls,No Special Function,None,,
26000325,2023,1,,,33311,N,Vehicle in Transport,FL,N,N,2016,TOYT,,4D,SIL,Minor,100,N,Driver,N,West,NW 30TH ST,5,,2,,,,,Front Right Bumper,Front Right Bumper,Passenger Car,"Two-Way, Not Divided",,,,,Other Non-Fixed Object,Other Non-Fixed Object,,,,N,Level,Straight,Straight Ahead,Stop Sign,No Special Function,None,,
26002648,2023,1,,,33441,N,Vehicle in Transport,FL,N,N,2021,TOYT,,SPUV,SIL,Minor,500,N,,N,West,NE 54TH ST,30,30,2,,,,,Front Left Bumper,Front Left Bumper,(Sport) Utility Vehicle,"Two-Way, Divided, Unprotected (painted >4 feet) Median",,,,,,Pedalcycle,,,,N,Level,Straight,Turning Left,No Controls,No Special Function,None,,
26002899,2023,1,,,33069,N,Vehicle in Transport,FL,N,N,2020,MERZ,,4D,WHI,None,0,N,,N,South,SW 2ND AV,15,25,2,,,,,Front Right Bumper,Front Right Bumper,Passenger Car,"Two-Way, Divided, Unprotected (painted >4 feet) Median",,,,,,Pedalcycle,,,,N,Level,Straight,Turning Right,Stop Sign,No Special Function,None,,
26003134,2023,1,,,33004,N,Vehicle in Transport,FL,N,N,2007,DODG,,VAN,BLU,Minor,500,N,,N,South,PHIPPENS-WAITERS RD,5,25,2,,,,,Right Front Fender,Right Front Fender,Passenger Van,"Two-Way, Not Divided",,,,,Pedalcycle,Pedalcycle,,,,N,Level,Straight,Turning Left,No Controls,No Special Function,None,,
26021774,2023,1,,,33907,N,Vehicle in Transport,FL,,N,2011,TOYT,,4D,DBL,Minor,400,N,Driver,N,North,PANTHER LANE,10,45,2,,,,,Front Left Bumper,Left Front Fender,Passenger Car,"Two-Way, Not Divided",,,,,Pedestrian,Pedestrian,,,,N,Level,Straight,Entering Traffic Lane,No Controls,No Special Function,None,,
26025488,2023,1,,,33076,N,Vehicle in Transport,FL,N,N,2008,MERZ,,SPUV,SIL,Minor,1000,N,,N,East,SR 810,5,45,3,,,,,Front Right Bumper,Front Right Bumper,(Sport) Utility Vehicle,"Two-Way, Divided, Positive Median Barrier",,,,,Motor Vehicle in Transport,Motor Vehicle in Transport,,,,N,Level,Straight,Turning Left,Traffic Control Signal,No Special Function,None,,
26032541,2023,1,,,33019,N,Vehicle in Transport,FL,N,N,2020,LEXS,,4D,RED,Minor,100,N,,N,South,E HALLANDALE BEACH BLVD,15,40,2,,,,,Front Center Bumper,,Passenger Car,"Two-Way, Divided, Positive Median Barrier",,,,,Pedestrian,Motor Vehicle in Transport,Pedestrian,,,N,Level,Straight,Turning Left,Traffic Control Signal,No Special Function,None,,
26032959,2023,1,,,33180,N,Vehicle in Transport,FL,N,N,2019,JEEP,,SPUV,WHI,Functional,50,N,,N,North,SW 4TH,25,25,2,,,,,,,(Sport) Utility Vehicle,"Two-Way, Not Divided",,,,,Motor Vehicle in Transport,Motor Vehicle in Transport,,,,N,Level,Straight,Straight Ahead,Traffic Control Signal,No Special Function,None,,
26032997,2023,1,,,33019,N,Vehicle in Transport,FL,N,N,2023,TESL,,4D,BLK,None,0,N,,N,South,SW 1ST STREET,5,5,1,,,,,Front Center Bumper,Front Center Bumper,Passenger Car,"Two-Way, Not Divided",,,,,Motor Vehicle in Transport,Motor Vehicle in Transport,Motor Vehicle in Transport,Motor Vehicle in Transport,Motor Vehicle in Transport,N,Level,Straight,Other,No Controls,No Special Function,None,None,
26037747,2023,1,,,,,,,,Y,,UK,,UNKNOWN,UNKNOWN,Unknown,0,N,,N,,,,,,,,,,,,Unknown,"Two-Way, Divided, Positive Median Barrier",,,,,Motor Vehicle in Transport,Motor Vehicle in Transport,Pedestrian,,,,Level,Straight,Unknown,,Unknown,Unknown,,
26042170,2023,1,,,34711,N,Vehicle in Transport,FL,,N,2019,MAZD,,UT,BLU,Minor,200,N,Driver,N,North,HANCOCK RD,0,45,4,,,,,Right Front Door,Right Front Door,(Sport) Utility Vehicle,"Two-Way, Divided, Positive Median Barrier",,,,,Motor Vehicle in Transport,Motor Vehicle in Transport,,,,N,Level,Straight,Stopped in Traffic,No Controls,No Special Function,None,,
26047571,2023,1,,,33415,N,Vehicle in Transport,FL,,N,2011,DODG,,UT,BLK,Minor,1000,N,Driver,N,East,FORESTHILL BLVD,15,45,7,,,,,Front Center Bumper,Rear Left Bumper,(Sport) Utility Vehicle,"Two-Way, Not Divided",,,,,Pedalcycle,Pedalcycle,Motor Vehicle in Transport,,,N,Level,Straight,Turning Right,Traffic Control Signal,No Special Function,None,,
26047571,2023,2,,,33413,N,Vehicle in Transport,FL,,N,2007,CADI,,UT,WHI,Minor,1000,N,Driver,N,East,FORESTHILL BLVD,20,45,7,,,,,Front Right Bumper,Front Right Bumper,(Sport) Utility Vehicle,"Two-Way, Not Divided",,,,,Motor Vehicle in Transport,Motor Vehicle in Transport,,,,N,Level,Straight,Straight Ahead,Traffic Control Signal,No Special Function,None,,
26048693,2023,1,,,33409,N,Vehicle in Transport,NC,,N,2015,LEXUS,,GG,BLK,Minor,1000,N,Driver,N,West,OKEECHOBEE BLVD,30,45,9,,,,,Right Front Fender,Front Right Bumper,Passenger Car,"Two-Way, Divided, Positive Median Barrier",,,,,Motor Vehicle in Transport,Motor Vehicle in Transport,,,,N,Level,Straight,Straight Ahead,No Controls,No Special Function,None,,
26051291,2023,1,,,33480,N,Vehicle in Transport,FL,,N,2022,MERZ,,SW,BLU,Minor,2500,N,Driver,N,North,1880 OKEECHOBEE BLVD,5,1,2,,,,,Front Center Bumper,Hood,Passenger Car,"Two-Way, Divided, Positive Median Barrier",,,,,Pedalcycle,Pedalcycle,Pedalcycle,,,N,Level,Straight,Straight Ahead,Stop Sign,No Special Function,None,,
26053547,2023,1,,,08753,N,Vehicle in Transport,NJ,,N,2021,MERCE,,SU,BLK,Minor,1200,N,Driver,N,West,BOYNTON BEACH BLVD,0,45,6,,,,,Front Center Bumper,Front Center Bumper,(Sport) Utility Vehicle,"Two-Way, Divided, Positive Median Barrier",,,,,Pedalcycle,Motor Vehicle in Transport,Pedalcycle,,,N,Level,Straight,Turning Left,Traffic Control Signal,No Special Function,None,,
26053940,2023,1,,,33407,N,Vehicle in Transport,FL,,N,2017,FORD,,SW,RED,Minor,150,N,Driver,N,East,PARKING LOT OF 1015 S CONGRESS AVE,15,,2,,,,,Front Center Bumper,Front Center Bumper,(Sport) Utility Vehicle,"Two-Way, Divided, Unprotected (painted >4 feet) Median",,,,,Pedestrian,Pedestrian,,,,N,Level,Straight,Turning Left,Traffic Control Signal,No Special Function,None,,
26054592,2023,1,,,33411,N,Vehicle in Transport,FL,,N,2016,KIA,,SW,GRY,Minor,2000,N,Driver,N,Off-Road,2901 NORTH MILITARY TRAIL,10,25,2,,,,,Right Front Fender,Right Front Door,Passenger Car,"Two-Way, Not Divided",,,,,Motor Vehicle in Transport,Motor Vehicle in Transport,,,,N,Level,Straight,Turning Left,No Controls,No Special Function,None,,
26055334,2023,1,,,33409,N,Vehicle in Transport,FL,,N,2019,NISS,,4D,GRY,None,0,N,Driver,N,Off-Road,PARKING LOT OF 1749 MYLA LN,1,20,2,,,,,Front Center Bumper,,Passenger Car,"Two-Way, Not Divided",,,,,Pedalcycle,Pedalcycle,,,,N,Sag (bottom),Straight,Entering Traffic Lane,Stop Sign,No Special Function,None,,
26055404,2023,1,,,33442,N,Vehicle in Transport,FL,,N,2020,FORD,TRANSIT 250,VN,WHI,None,0,N,Driver,N,South,WINSTON TRAILS BLVD,5,35,2,,,,,Front Center Bumper,,"Cargo Van (10,000 lbs (4,536 kg) or less)","Two-Way, Not Divided",,,,Not Applicable,Motor Vehicle in Transport,Motor Vehicle in Transport,,,,N,Level,Straight,Straight Ahead,Stop Sign,No Special Function,None,,N
26056557,2023,1,,,33467-7396,N,Vehicle in Transport,FL,N,N,2006,HOND,,4D,SIL,Minor,1000,N,Owner Request,N,South,EAST UNIVERSITY DR,10,25,2,,,,,Front Right Bumper,Right Front Fender,Passenger Car,"Two-Way, Divided, Positive Median Barrier",,,,,Pedestrian,Pedestrian,,,,N,Level,Straight,Turning Right,Stop Sign,No Special Function,None,,
26066102,2023,1,,,33409,N,Vehicle in Transport,FL,N,N,2014,TOYT,,TK,GRY,Functional,500,N,,N,South,2705 OKEECHOBEE BLVD,3,10,2,,,,,Front Center Bumper,Front Center Bumper,Pickup,"Two-Way, Not Divided",,,,,Motor Vehicle in Transport,Motor Vehicle in Transport,,,,N,Level,Straight,Slowing,Stop Sign,No Special Function,None,,
26066221,2023,1,,,33405,N,Vehicle in Transport,FL,N,N,2011,MAZD,,4D,BLK,Minor,500,N,,N,North,802 SOUTHERN BLVD,5,15,1,,,,,Front Center Bumper,Front Center Bumper,Passenger Car,One-Way Trafficway,,,,,Pedalcycle,Pedalcycle,,,,N,Level,Straight,Straight Ahead,No Controls,No Special Function,None,,
26066456,2023,1,,,33414,N,Vehicle in Transport,FL,N,N,2023,VOLK,,SUV,WHI,Functional,2000,N,,N,East,FOREST HILL BLVD,10,30,4,,,,,Left Front Door,Left Front Door,(Sport) Utility Vehicle,"Two-Way, Not Divided, with a Continuous Left Turn Lane",,,,,Pedestrian,Pedestrian,,,,N,Level,Straight,Turning Right,No Controls,No Special Function,None,,
26067252,2023,1,,,33461,N,Vehicle in Transport,FL,N,N,2008,NISS,,4D,ONG,Functional,500,N,,N,South,PALM BEACH LAKES BLVD,10,25,2,,,,,Front Right Bumper,Front Right Bumper,(Sport) Utility Vehicle,"Two-Way, Divided, Unprotected (painted >4 feet) Median",,,,,,Pedalcycle,,,,N,Level,Straight,Turning Right,No Controls,No Special Function,None,,
26073332,2023,1,,,34608,N,Vehicle in Transport,FL,,N,2019,HYUN,,4D,WHI,Minor,500,N,Driver,N,West,MAYFLOWER ROAD,1,30,2,,,,,Front Left Bumper,Front Left Bumper,Passenger Car,"Two-Way, Not Divided",,,,,Pedalcycle,Pedalcycle,,,,N,Level,Straight,Straight Ahead,Stop Sign,No Special Function,None,,
26079417,2023,1,,,,N,Vehicle in Transport,,,Y,,UNK,,SUV,GREY,Unknown,0,N,Driver,N,North,U.S. HIGHWAY 98,,25,2,,,,,Right Front Fender,Right Front Fender,(Sport) Utility Vehicle,"Two-Way, Not Divided",,,,,Pedalcycle,Motor Vehicle in Transport,Pedalcycle,,,N,Level,Straight,Turning Right,Stop Sign,No Special Function,Unknown,,
26081788,2023,1,,,33181,N,Vehicle in Transport,FL,N,N,2016,JEEP,,SUV,SIL,None,0,N,,N,North,NE 163 ST,5,10,1,,,,,,,(Sport) Utility Vehicle,"Two-Way, Divided, Unprotected (painted >4 feet) Median",,,,,Motor Vehicle in Transport,Motor Vehicle in Transport,,,,N,Level,Straight,Other,No Controls,No Special Function,None,,
26081843,2023,1,,,33025,N,Vehicle in Transport,FL,N,N,2014,NISS,,4D,GRY,Minor,1000,N,,N,North,NE 146 ST,5,25,2,,,,,Front Right Bumper,Front Right Bumper,Passenger Car,"Two-Way, Divided, Positive Median Barrier",,,,,Motor Vehicle in Transport,Motor Vehicle in Transport,,,,N,Level,Straight,Entering Traffic Lane,Traffic Control Signal,No Special Function,None,,
26082104,2023,1,,,33162,N,Vehicle in Transport,FL,N,N,2020,TOYT,,4D,BLK,Minor,2000,N,,N,East,SR-826,10,30,1,,,,,Front Center Bumper,Front Center Bumper,Passenger Car,"Two-Way, Divided, Positive Median Barrier",,,,,Motor Vehicle in Transport,Motor Vehicle in Transport,Pedalcycle,,,N,Level,Straight,Straight Ahead,No Controls,No Special Function,Unknown,,
26084553,2023,1,,,44663,N,Vehicle in Transport,OH,,N,2009,HOND,,4S,GRY,Minor,500,N,Driver,N,South,PINECREST DR,5,20,2,,,,,Front Left Bumper,Front Left Bumper,Passenger Car,"Two-Way, Not Divided",,,,,Pedalcycle,Pedalcycle,,,,N,Level,Straight,Turning Left,No Controls,No Special Function,None,,
26085484,2023,1,,,33483,N,Vehicle in Transport,FL,N,N,2020,GMC,,SUV,BLK,Functional,1000,N,,N,Off-Road,1400 S FEDERAL HWY,10,10,2,,,,,Front Center Bumper,Front Center Bumper,(Sport) Utility Vehicle,"Two-Way, Not Divided",,,,,Pedalcycle,Pedalcycle,,,,,Level,Straight,Straight Ahead,Stop Sign,No Special Function,None,,
26085535,2023,1,,,33441,N,Vehicle in Transport,FL,N,N,2018,VOLV,,4DR,WHI,Minor,100,N,,N,South,NW 5TH AVE,5,25,2,,,,,Front Right Bumper,Front Right Bumper,Passenger Car,"Two-Way, Not Divided",,,,,Pedalcycle,Pedalcycle,,,,,Level,Straight,Turning Right,Traffic Control Signal,No Special Function,None,,
26089240,2023,1,,,33478,N,Vehicle in Transport,FL,N,N,2017,FORD,,PK,WHI,Minor,600,N,,N,North,S CENTRAL BLVD,15,45,5,,,,,Right Front Door,Right Front Door,Pickup,"Two-Way, Divided, Positive Median Barrier",,,,,Motor Vehicle in Transport,Motor Vehicle in Transport,Pedalcycle,,,N,Level,Straight,Turning Right,Traffic Control Signal,No Special Function,None,,
26100307,2023,1,,,,N,Vehicle in Transport,,N,Y,,,,,,,0,N,,N,,,,30,,,,,,,,,"Two-Way, Not Divided",,,,,,,,,,N,,,,No Controls,No Special Function,,,
26100317,2023,1,,,32254-0000,N,Vehicle in Transport,FL,Y,N,2017,FORD,,4D,WHI,None,0,N,Driver,N,West,ANNISTON RD,5,30,2,,,,,Front Center Bumper,,Passenger Car,"Two-Way, Not Divided",,,,,Pedalcycle,Pedalcycle,,,,N,Level,Straight,Turning Left,Stop Sign,Police,None,,
26100328,2023,1,,,65802-0000,N,Vehicle in Transport,FL,N,N,2022,CHEV,,PK,WHI,None,0,N,Driver,N,North,3842 SUNBEAM RD,5,15,2,,,,,Front Center Bumper,,Pickup,"Two-Way, Not Divided",,,,,Pedalcycle,Pedalcycle,,,,N,Level,Straight,Straight Ahead,No Controls,No Special Function,None,,
26100886,2023,1,,,31523,N,Vehicle in Transport,GA,N,N,2022,LEXS,,4D,SIL,Functional,10000,Y,Rotation,N,North,E DUVAL ST,5,30,2,,,,,Front Right Bumper,Front Center Bumper,Passenger Car,"Two-Way, Not Divided",,,,,Pedalcycle,Pedalcycle,,,,N,Level,Straight,Other,Stop Sign,No Special Function,None,,
26103291,2023,1,,,32827-0000,N,Vehicle in Transport,FL,N,N,2022,TOYT,,4D,WHI,Functional,3000,N,Driver,N,West,E ADAMS ST,25,25,2,,,,,Left Front Fender,Left Front Door,Passenger Car,"Two-Way, Not Divided",,,,,Pedalcycle,Pedalcycle,,,,N,Level,Straight,Straight Ahead,No Controls,No Special Function,None,,
26103291,2023,2,,,33076-0000,N,Vehicle in Transport,FL,N,N,2017,LEXS,,LL,BLK,Functional,2000,N,Driver,N,East,E ADAMS ST,25,25,2,,,,,Front Left Bumper,Front Left Bumper,(Sport) Utility Vehicle,"Two-Way, Not Divided",,,,,Pedalcycle,Pedalcycle,,,,N,Level,Straight,Straight Ahead,No Controls,No Special Function,None,,
26121908,2023,1,,,32114,N,Vehicle in Transport,,,N,,,,SCOOTER,,None,0,N,Owner Request,N,Unknown,MAIN ST,10,20,2,,,,,,,Other,"Two-Way, Not Divided",,,,,Fell/Jumped From Motor Vehicle,Fell/Jumped From Motor Vehicle,,,,N,Level,Straight,Straight Ahead,No Controls,No Special Function,None,,
26125425,2023,1,,,34114,N,Vehicle in Transport,FL,,N,2004,LINC,,4D,WHI,Minor,100,N,Driver,N,North,MANATEE RD,5,30,3,,,,,Front Right Bumper,Front Right Bumper,Passenger Car,"Two-Way, Not Divided",,,,,Pedalcycle,Pedalcycle,,,,N,Level,Straight,Straight Ahead,Traffic Control Signal,No Special Function,None,,
26125732,2023,1,,,,N,Vehicle in Transport,,,Y,,FORD,,PK,WHI,Unknown,0,N,Driver,N,North,SHADOWLAWN DR,,,2,,,,,Right Front Door,Right Front Door,Pickup,"Two-Way, Not Divided",,,,,Motor Vehicle in Transport,Motor Vehicle in Transport,Pedestrian,,,,Level,Straight,Straight Ahead,No Controls,Unknown,Unknown,,
26126368,2023,1,,,,,,,,Y,,UK,,UNKNOWN,UNKNOWN,Unknown,0,N,,N,,,,,,,,,,,,Unknown,"Two-Way, Divided, Positive Median Barrier",,,,,Motor Vehicle in Transport,Motor Vehicle in Transport,,,,,Level,Straight,Unknown,Traffic Control Signal,Unknown,Unknown,,
26137040,2023,1,,,33009,N,Vehicle in Transport,FL,,N,2021,KIA,,4D,RED,Functional,3000,N,Rotation,N,North,NE 16 AVE,30,30,2,,,,,Front Center Bumper,Hood,Passenger Car,"Two-Way, Not Divided",,,,,Motor Vehicle in Transport,Motor Vehicle in Transport,,,,N,Level,Straight,Straight Ahead,No Controls,No Special Function,None,,
26141082,2023,1,,,33308,N,Vehicle in Transport,FL,N,N,2024,BUIC,,4D,MAR,None,0,N,,N,South,BAYVIEW DR,5,35,1,,,,,,,Passenger Car,"Two-Way, Not Divided",,,,,Pedalcycle,Pedalcycle,,,,N,Level,Straight,Turning Left,No Controls,No Special Function,None,,
26141196,2023,1,,,32413,N,Vehicle in Transport,FL,N,N,2019,TESL,,4D,RED,Minor,500,N,,N,South,NW 7TH AVE,20,30,4,,,,,Right Front Door,Right Front Door,Passenger Car,"Two-Way, Not Divided",,,,,Motor Vehicle in Transport,Motor Vehicle in Transport,,,,N,Level,Straight,Turning Right,No Controls,No Special Function,None,,
26141562,2023,1,,,33025,N,Vehicle in Transport,FL,N,N,2007,TOYT,,UNK,BLU,Functional,1000,N,,N,Off-Road,PARKING LOT,10,,2,,,,,Front Center Bumper,Front Center Bumper,(Sport) Utility Vehicle,"Two-Way, Not Divided",,,,,Pedalcycle,Pedalcycle,,,,N,Level,Straight,Turning Right,Stop Sign,No Special Function,None,,
26145506,2023,1,,,33948,N,Vehicle in Transport,FL,,N,2005,ACUR,,4D,GRY,None,0,N,Driver,N,South,COCHRAN BLVD,20,30,2,,,,,Front Right Bumper,Front Right Bumper,Passenger Car,"Two-Way, Not Divided",,,,,Motor Vehicle in Transport,Motor Vehicle in Transport,,,,N,Level,Straight,Straight Ahead,Traffic Control Signal,No Special Function,None,,
26145717,2023,1,,,34286,N,Vehicle in Transport,FL,,N,2023,FORD,,PK,WHI,Minor,3000,N,Driver,N,East,SR 776,20,45,2,,,,,Right Front Fender,Right Front Fender,Pickup,"Two-Way, Not Divided",,,,,Motor Vehicle in Transport,Motor Vehicle in Transport,Pedestrian,,,N,Level,Straight,Turning Right,Stop Sign,No Special Function,None,,
26155826,2023,1,,,32926,N,Vehicle in Transport,FL,,N,2022,TESLA,,4D,GRY,Minor,500,N,Driver,N,East,245 PALM BAY RD,10,10,2,,,,,Front Right Bumper,Front Right Bumper,Passenger Car,"Two-Way, Not Divided",,,,,Pedalcycle,Pedalcycle,,,,N,Level,Straight,Turning Left,No Controls,No Special Function,None,,
26155841,2023,1,,,32901,N,Vehicle in Transport,FL,,N,2012,TOYT,,4D,SIL,Minor,500,N,Driver,N,South,PARKING LOT,5,10,2,,,,,Front Center Bumper,Front Center Bumper,Passenger Car,"Two-Way, Not Divided",,,,,Motor Vehicle in Transport,Motor Vehicle in Transport,,,,N,Level,Straight,Turning Right,Other,No Special Function,None,,
26158367,2023,1,,,32905,N,Vehicle in Transport,FL,,N,2024,KIA,,4D,RED,Minor,100,N,Driver,N,Off-Road,PARKING LOT,,,2,,,,,Front Center Bumper,Front Center Bumper,Passenger Car,"Two-Way, Not Divided",,,,,Motor Vehicle in Transport,Motor Vehicle in Transport,,,,N,Level,Straight,Straight Ahead,No Controls,No Special Function,None,,
26158616,2023,1,,,32935,N,Vehicle in Transport,FL,,N,2004,TOYT,,4D,SIL,None,0,N,Driver,N,South,SAXON ST,5,25,2,,,,,Rear Center Bumper,Rear Center Bumper,Passenger Car,"Two-Way, Not Divided",,,,,Pedestrian,Pedestrian,,,,N,Level,Straight,Backing,No Controls,No Special Function,None,,
