REPORT_NUMBER,CRASH_YEAR,PERSON_NUMBER,STATUTE_NUMBER,CHARGE,CITATION_NUMBER
25875577,2023,1,316.130(7)(b),FAIL YLD ROW/PED CROSSWLK,AIC09AE
25911548,2023,1,322.34(2)(a),"OPERATING WHILE DL SUSP/CANCELED/REVOKED, 1ST CONVICTION",AHZRJ9E
25911548,2023,1,316.027(2)(a),CRASH - LEAVING SCENE ON PUBLIC OR PRIVATE PROPERTY WITHOUT,AHZRJAE
25918892,2023,1,316.123(2)A,T:DISOBEY STOP SIGN/FTYROW (M),AIB6TBE
26155841,2023,1,316.183(1),FAILED TO USE DUE CARE,AI81YLE
25926995,2023,1,316.1925(1),CARELESS DRIVING,AIML6LE
25937140,2023,1,316.1925(1),CARELESS DRIVING,A15EM6E
25956792,2023,1,322.34(1),UNKNOWINGLY OPERATING VEHICLE WHILE DL SUSPENDED/CANCELED/RE,AHYY79E
25956792,2023,1,316.646(1),DRIVER IS OWNER - OPERATING A NON-CMV NOT PROPERLY INSURED -,AHYY7BE
25958291,2023,1,316.1925,CARELESS DRIVING,AIJCBPE
25975141,2023,1,322.34(1),UNKNOWINGLY OPERATING VEHICLE WHILE DL SUSPENDED/CANCELED/RE,AIEA3NE
26002648,2023,1,316.185,FAILURE TO USE DUE CARE,AITQAZE
26002899,2023,1,316.185,FAILURE TO USE DUE CARE,AITR2FE
26025488,2023,1,316.130-1,PED FAIL OBEY TRAFFIC SIG,AIAMNTE
26032959,2023,1,316.2065-1,BIKE REGULATIONS VIOLATIONS,AIP77TE
26056557,2023,1,316.130(7)(b),FAILED TO YIELD RIGHT-OF-WAY TO PEDESTRIAN AT CROSSWALK WITH,AIIVKZE
26073332,2023,1,316.123(2)(a),RAN STOP SIGN/VIOLATION OF RIGHT OF WAY FROM STOP SIGN,AIFU1DE
26081843,2023,2,316.123(3),FTYROW YIELD/STOP INTERSECTN,NMB0017003
26081843,2023,2,316.081,DRIVING ON WRONG SIDE OF RD,NMB0017005
26085484,2023,1,316.130(7)(C),"FAIL TO YIELD RIGHT OF WAY TO PED AT CROSSWALK, NO SIGNS/ LG",AI950WE
26100886,2023,2,316.123(2)(a),FAILED TO YIELD RIGHT OF WAY AT STOP SIGN,AID1JOE
26137040,2023,1,316.192(3)(a)(b)(c)1,RECKLESS DRIVING - PROPERTY DAMAGE/PERSONAL INJURY,AIIXJYE
26137040,2023,1,322.15(1),DL NOT CARRIED/EXHIBIT ON DEMAND,AIIXJZE
26145506,2023,1,316.075(1)(a)1,FAILED TO YIELD RIGHT-OF-WAY TO PEDESTRIAN,AIMNK2E
26145717,2023,1,316.130(7)(c),FAILED TO YIELD RIGHT-OF-WAY TO PEDESTRIAN AT CROSSWALK WITH,AIMO6SE
