REPORT_NUMBER,CRASH_YEAR,CRASH_DATE_AND_TIME,REPORT_DATE_AND_TIME,INVESTIGATING_AGENCY_REPORT_NUMBER,FORM_TYPE,TOTAL_NUMBER_OF_VEHICLES,TOTAL_NUMBER_OF_PERSONS,COUNTY_CODE,CITY_CODE,COUNTY_NAME,CITY_NAME,RURAL_OR_URBAN,NOTIFIED_TIME,DISPATCHED_TIME,ARRIVED_TIME,CLEARED_TIME,COMPLETED_FLAG,NOTIFIED_BY,ON_STREET_ROAD_HIGHWAY,STREET_ADDRESS_NUMBER,LATITUDE,LONGITUDE,FEET_FROM_INTERSECTION,DIRECTION_FROM_INTERSECTION,FROM_INTERSECTION_OF,MILEPOST_NUMBER,ROAD_SYSTEM_IDENTIFER,TYPE_OF_SHOULDER,TYPE_OF_INTERSECTION,PHOTOS_TAKEN,LIGHT_CONDITION,WEATHER_CONDITION,ROAD_SURFACE_CONDITION,SCHOOL_BUS_RELATED_CODE,TYPE_OF_IMPACT,FIRST_HARMFUL_EVENT,LOCATION,INTERCHANGE_FLAG,JUNCTION_FLAG,ROAD_CIRCUMSTANCES_1,ROAD_CIRCUMSTANCES_2,ROAD_CIRCUMSTANCES_3,ENVIRONMENT_CIRCUMSTANCES_1,ENVIRONMENT_CIRCUMSTANCES_2,ENVIRONMENT_CIRCUMSTANCES_3,WORK_ZONE_RELATED_FLAG,CRASH_IN_WORK_ZONE,TYPE_OF_WORK_ZONE,WORKERS_PRESENT,LAW_ENFORCEMENT_PRESENT,INVESTIGATOR_RANK,INVESTIGATING_AGENCY_NAME,INVESTIGATING_AGENCY_TYPE,LOAD_DATE,UPDATE_DATE,DAYS_TO_LOAD,CODEABLE,S4_CRASH_TYPE,S4_CRASH_TYPE_SIMPLIFIED,S4_CRASH_SEVERITY,S4_CRASH_SEVERITY_DETAIL,S4_DAY_OR_NIGHT,S4_IS_AGGRESSIVE_DRIVING,S4_IS_ALCOHOL_RELATED,S4_IS_CMV_INVOLVED,S4_IS_DISTRACTED,S4_IS_DRUG_RELATED,S4_IS_HIT_AND_RUN,S4_IS_INTERSECTION_RELATED,S4_IS_LANE_DEPARTURE_RELATED,S4_IS_SPEEDING_RELATED,S4_NONE_INJURY_COUNT,S4_INJURY_COUNT,S4_POSSIBLE_INJURY_COUNT,S4_NON_INCAPACITATING_INJURY_COUNT,S4_INCAPACITATING_INJURY_COUNT,S4_FATALITY_COUNT,S4_FATALITY_WITHIN_30_DAYS_COUNT,S4_NON_TRAFFIC_FATALITY_COUNT,S4_TRAILER_COUNT,S4_MOTORCYCLE_COUNT,S4_MOPED_COUNT,S4_NON_MOTORIST_COUNT,S4_BICYCLIST_COUNT,S4_PEDESTRIAN_COUNT,S4_DRIVER_COUNT,S4_AGING_DRIVER_COUNT,S4_TEENAGER_DRIVER_COUNT,S4_PASSENGER_COUNT,S4_UNRESTRAINED_COUNT,S4_UNRESTRAINED_INJURY_COUNT,S4_UNRESTRAINED_INCAPACITATING_INJURY_COUNT,S4_UNRESTRAINED_FATALITY_COUNT,S4_MOTORCYCLIST_COUNT,S4_MOTORCYCLIST_INCAPACITATING_INJURY_COUNT,S4_MOTORCYCLIST_FATALITY_COUNT,S4_IS_PEDESTRIAN_INVOLVED,S4_PEDESTRIAN_INCAPACITATING_INJURY_COUNT,S4_PEDESTRIAN_FATALITY_COUNT,S4_IS_BICYCLIST_INVOLVED,S4_BICYCLIST_INCAPACITATING_INJURY_COUNT,S4_BICYCLIST_FATALITY_COUNT,S4_CITATION_COUNT,S4_CITATION_AMOUNT,S4_PROPERTY_DAMAGE_COUNT,S4_PROPERTY_DAMAGE_AMOUNT,S4_VEHICLE_DAMAGE_COUNT,S4_VEHICLE_DAMAGE_AMOUNT,S4_TOTAL_DAMAGE_AMOUNT,S4_TRANSPORT_BY_EMS_COUNT,S4_TRANSPORT_BY_LAW_ENFORCEMENT_COUNT,S4_TRANSPORT_BY_OTHER_COUNT,S4_GEOLOCATION_STATUS,S4_PRELIMINARY_GEOLOCATION_STATUS,S4_X,S4_Y,S4_LATITUDE,S4_LONGITUDE
26710349,2024,22-SEP-2024 02:45 PM,22-SEP-2024 12:00 AM,PD240922297265,L,1,2,1,0,Miami-Dade,Unincorporated,Rural,9/22/2024 2:45:00 PM,9/22/2024 2:46:00 PM,9/22/2024 3:00:00 PM,9/22/2024 4:30:00 PM,Y,Law Enforcement,NW 111TH ST,,,,0,,NW 12TH AVE,,County,Paved,Four-Way Intersection,,Daylight,Clear,Dry,N,Angle,Motor Vehicle in Transport,On Roadway,N,Non-Junction,None,,,None,,,N,,,,,PSA.,Miami-Dade Police Department,Police Department (PD),10/1/2024 7:44:00 PM,10/1/2024 7:44:00 PM,9,N,Single Vehicle,Other,No Injury,No Injury,DAY,N,N,N,N,N,N,N,N,N,2,0,0,0,0,0,0,0,0,0,0,1,1,0,1,1,0,0,0,0,0,0,0,0,0,N,0,0,Y,0,0,0,0,1,500,1,300,800,0,0,0,Preliminary,Editor Mapped,578304.8666,2862208.6709,25.8762151219825,-80.2183914854914
26710685,2024,24-SEP-2024 07:50 PM,24-SEP-2024 12:00 AM,PD240924299755,L,1,2,1,0,Miami-Dade,Unincorporated,Rural,9/24/2024 7:50:00 PM,9/24/2024 7:54:00 PM,9/24/2024 8:27:00 PM,9/24/2024 9:30:00 PM,,Law Enforcement,SW 92ND AVE,,,,0,,SW 4TH ST,,County,Paved,Traffic Circle,,Dark - Lighted,Clear,Dry,N,Angle,Pedalcycle,On Roadway,N,Intersection,None,,,None,,,N,,,,,PSA.,Miami-Dade Police Department,Police Department (PD),10/3/2024 7:30:00 PM,10/3/2024 7:30:00 PM,9,N,Bicycle,Bicycle,No Injury,No Injury,NIGHT,N,N,N,N,N,N,Y,N,N,2,0,0,0,0,0,0,0,0,0,0,1,1,0,1,0,0,0,0,0,0,0,0,0,0,N,0,0,Y,0,0,0,0,0,0,1,600,600,0,0,0,Preliminary,Editor Mapped,565749.3218,2849900.2541,25.7656972858036,-80.344321229042
26711314,2024,04-NOV-2024 04:25 PM,04-NOV-2024 12:00 AM,PD241104343232,L,1,3,1,0,Miami-Dade,Unincorporated,Rural,11/4/2024 4:32:00 PM,11/4/2024 4:32:00 PM,11/4/2024 4:48:00 PM,11/4/2024 6:00:00 PM,Y,Law Enforcement,NW 29TH AVE,,,,12,East,NW 50TH ST,,County,Paved,T-Intersection,,Daylight,Clear,Dry,N,Other,Pedestrian,On Roadway,N,Intersection-Related,None,,,None,,,N,,,,,OFC.,Miami-Dade Police Department,Police Department (PD),11/14/2024 7:32:00 PM,11/14/2024 7:32:00 PM,10,Y,Pedestrian,Pedestrian,Injury,Non-Incapacitating Injury,DAY,N,N,N,N,N,N,Y,N,N,2,1,0,1,0,0,0,0,0,0,0,1,1,0,1,0,0,1,0,0,0,0,0,0,0,N,0,0,Y,0,0,0,0,1,50,1,500,550,1,0,0,Preliminary,Editor Mapped,575912.5149,2855985.5491,25.8201516020306,-80.2426273010951
26714493,2024,30-NOV-2024 11:26 AM,30-NOV-2024 12:00 AM,PD241130370796,L,1,2,1,0,Miami-Dade,Unincorporated,Rural,11/30/2024 11:26:00 AM,11/30/2024 11:30:00 AM,11/30/2024 11:35:00 AM,11/30/2024 12:12:00 PM,Y,Law Enforcement,SW 8TH ST,13860,,,,,,,Parking Lot,Paved,Not at Intersection,,Daylight,Clear,Dry,N,Other,Pedestrian,On Roadway,N,Non-Junction,None,,,None,,,N,,,,,OFC.,Miami-Dade Police Department,Police Department (PD),12/16/2024 7:45:00 PM,12/16/2024 7:45:00 PM,16,Y,Pedestrian,Pedestrian,Injury,Possible Injury,DAY,N,N,N,N,N,N,N,N,N,1,1,1,0,0,0,0,0,0,0,0,1,1,0,1,1,0,0,0,0,0,0,0,0,0,N,0,0,Y,0,0,1,0,2,100,1,1,101,0,0,0,Unmapped,Unmapped,,,,
26714516,2024,27-OCT-2024 04:25 PM,27-OCT-2024 12:00 AM,PD241027334557,L,1,2,1,66,Miami-Dade,Miami,Urban,10/27/2024 4:28:00 PM,10/27/2024 4:28:00 PM,10/27/2024 5:00:00 PM,10/27/2024 8:45:00 PM,Y,Law Enforcement,NW 4TH ST,,,,0,,NW 13TH AVE,,Local,Paved,Four-Way Intersection,,Daylight,Clear,Dry,N,Other,Motor Vehicle in Transport,On Roadway,N,Intersection,None,,,None,,,N,,,,,OFC.,Miami-Dade Police Department,Police Department (PD),11/8/2024 7:54:00 PM,11/8/2024 7:54:00 PM,12,Y,Single Vehicle,Other,Injury,Non-Incapacitating Injury,DAY,N,N,N,N,N,N,Y,N,N,1,1,0,1,0,0,0,0,0,0,0,1,1,0,1,0,0,0,0,0,0,0,0,0,0,N,0,0,Y,0,0,0,0,1,500,0,0,500,1,0,0,Preliminary,Computer mapped confident by address,578564.9026,2851256.9339,25.7773153907237,-80.2164473745669
26715477,2024,03-OCT-2024 10:00 PM,05-NOV-2024 12:00 AM,PD241105344354,L,1,2,1,0,Miami-Dade,Unincorporated,Rural,10/3/2024 5:07:00 PM,10/3/2024 5:07:00 PM,10/3/2024 5:07:00 PM,10/3/2024 6:20:00 PM,,Law Enforcement,NW 64TH ST,,,,0,,NW 24TH AVE,,Local,Paved,Four-Way Intersection,,Unknown,Other,Unknown,N,Unknown,Motor Vehicle in Transport,On Roadway,N,Intersection,None,None,None,None,None,None,N,,,,,OFC.,Miami-Dade Police Department,Police Department (PD),11/18/2024 7:42:00 PM,11/18/2024 7:42:00 PM,46,Y,Single Vehicle,Other,Injury,Possible Injury,NIGHT,N,N,N,N,N,Y,Y,N,N,0,2,2,0,0,0,0,0,0,0,0,1,1,0,1,0,0,0,0,0,0,0,0,0,0,N,0,0,Y,0,0,0,0,1,50,1,1,51,1,0,0,Preliminary,Computer mapped confident by address,576459.4376,2857431.3231,25.833177354246,-80.2370874112384
26715869,2024,16-NOV-2024 02:54 PM,16-NOV-2024 12:00 AM,PD241116356001,L,1,2,1,0,Miami-Dade,Unincorporated,Rural,11/16/2024 2:57:00 PM,11/16/2024 2:58:00 PM,11/16/2024 3:03:00 PM,11/16/2024 4:15:00 PM,Y,Law Enforcement,NW 7TH AVE,,,,0,,NW 108TH ST,,Local,Paved,T-Intersection,,Daylight,Clear,Dry,N,"Sideswipe, Same Direction",Motor Vehicle in Transport,On Roadway,N,Intersection,None,,,None,,,N,,,,,OFC.,Miami-Dade Police Department,Police Department (PD),11/26/2024 8:28:00 PM,11/26/2024 8:28:00 PM,10,Y,Single Vehicle,Other,Injury,Non-Incapacitating Injury,DAY,N,N,N,Y,N,N,Y,N,N,1,1,0,1,0,0,0,0,0,0,0,1,1,0,1,0,0,0,0,0,0,0,0,0,0,N,0,0,Y,0,0,1,0,2,100,1,700,800,1,0,0,Preliminary,Editor Mapped,579149.3005,2861911.4797,25.873486095655,-80.2099811618273
26716626,2024,08-NOV-2024 08:20 PM,08-NOV-2024 12:00 AM,PD241108347794,L,1,2,1,0,Miami-Dade,Unincorporated,Rural,11/8/2024 8:20:00 PM,11/8/2024 8:21:00 PM,11/8/2024 8:29:00 PM,11/8/2024 11:00:00 PM,Y,Law Enforcement,NW 119TH ST,,,,0,,NW 17TH AVE,,County,Paved,Four-Way Intersection,,Dark - Lighted,Clear,Dry,N,Angle,Motor Vehicle in Transport,On Roadway,N,Non-Junction,None,,,None,,,N,,,,,PSA.,Miami-Dade Police Department,Police Department (PD),11/25/2024 7:51:00 PM,11/25/2024 7:51:00 PM,17,N,Single Vehicle,Other,No Injury,No Injury,NIGHT,N,N,N,N,N,N,N,N,N,2,0,0,0,0,0,0,0,0,0,0,1,1,0,1,1,0,0,0,0,0,0,0,0,0,N,0,0,Y,0,0,0,0,1,300,0,0,300,1,0,0,Preliminary,Editor Mapped,577448.5524,2862970.065,25.8831356736919,-80.2268934953652
26717319,2024,21-DEC-2024 10:36 AM,21-DEC-2024 05:00 AM,PD241221393887,L,1,2,1,0,Miami-Dade,Unincorporated,Urban,12/21/2024 11:15:00 AM,12/21/2024 11:17:00 AM,12/21/2024 11:28:00 AM,12/21/2024 12:08:00 PM,N,Law Enforcement,NE 10TH AVE,,,,0,,IVES DAIRY RD,,County,Paved,Four-Way Intersection,,Daylight,Clear,Dry,N,Angle,Pedestrian,On Roadway,N,Non-Junction,None,,,None,,,N,,,,,,Miami-Dade Police Department,Police Department (PD),2/4/2025 8:00:00 PM,5/2/2025 7:43:00 PM,45,Y,Pedestrian,Pedestrian,Injury,Possible Injury,DAY,N,N,N,N,N,Y,N,N,N,1,1,1,0,0,0,0,0,0,0,0,1,1,0,1,0,0,0,0,0,0,0,0,0,0,N,0,0,Y,0,0,1,0,2,0,0,0,0,0,0,0,Preliminary,Computer mapped approximate by address,581520.7284,2871839.4395,25.9629953423013,-80.1856973578398
26719107,2024,07-DEC-2024 03:30 PM,07-DEC-2024 05:00 AM,PD241207378904,L,1,2,1,0,Miami-Dade,Unincorporated,Rural,12/7/2024 4:11:00 PM,12/7/2024 4:20:00 PM,12/7/2024 4:40:00 PM,12/7/2024 5:00:00 PM,N,Motorist,NW 32ND AVE,,,,27,North,NW 38TH ST,,County,Curb,Four-Way Intersection,,Daylight,Clear,Dry,N,Angle,Pedalcycle,On Roadway,N,Intersection,None,,,None,,,N,,,,,OFC.,Miami-Dade Police Department,Police Department (PD),12/16/2024 7:46:00 PM,12/16/2024 7:46:00 PM,9,Y,Bicycle,Bicycle,Injury,Possible Injury,DAY,N,N,N,N,N,N,Y,N,N,1,1,1,0,0,0,0,0,0,0,0,1,1,0,1,0,0,0,0,0,0,0,0,0,0,N,0,0,Y,0,0,0,0,1,0,1,100,100,0,0,0,Preliminary,Editor Mapped,575337.1756,2854899.4152,25.8103743590693,-80.2484289164026
26721520,2024,28-DEC-2024 02:00 PM,28-DEC-2024 05:00 AM,PD241228401430,L,1,2,1,0,Miami-Dade,Unincorporated,Rural,12/28/2024 2:12:00 PM,12/28/2024 2:13:00 PM,12/28/2024 2:19:00 PM,12/28/2024 3:00:00 PM,Y,Law Enforcement,NW 55TH AVE,,,,0,,NW 185TH ST,,County,Paved,T-Intersection,,Daylight,Clear,Dry,N,Front to Front,Pedalcycle,On Roadway,N,Non-Junction,None,,,None,,,N,,,,,OFC.,Miami-Dade Police Department,Police Department (PD),1/15/2025 7:27:00 PM,1/15/2025 7:27:00 PM,18,Y,Bicycle,Bicycle,Injury,Non-Incapacitating Injury,DAY,N,N,N,N,N,N,N,Y,N,1,1,0,1,0,0,0,0,0,0,0,1,1,0,1,0,0,0,0,0,0,0,0,0,0,N,0,0,Y,0,0,0,0,2,400,1,500,900,0,0,0,Preliminary,Computer mapped confident by address,570957.1002,2869475.4385,25.9422052886716,-80.2913373149804
26722203,2024,23-DEC-2024 09:40 AM,23-DEC-2024 05:00 AM,PD241223396062,L,1,2,1,0,Miami-Dade,Unincorporated,Rural,12/23/2024 9:40:00 AM,12/23/2024 9:41:00 AM,12/23/2024 9:41:00 AM,12/23/2024 10:45:00 AM,Y,Law Enforcement,N  MIAMI AVE,,,,0,,82ND ST,,County,Paved,Not at Intersection,,Daylight,Clear,Dry,N,Front to Rear,Pedestrian,On Roadway,N,Non-Junction,None,,,None,,,N,,,,,OFC.,Miami-Dade Police Department,Police Department (PD),1/15/2025 7:27:00 PM,1/15/2025 7:27:00 PM,23,Y,Pedestrian,Pedestrian,Injury,Non-Incapacitating Injury,DAY,N,N,N,N,N,N,N,N,N,1,1,0,1,0,0,0,0,0,0,0,1,1,0,1,0,0,0,0,0,0,0,0,0,0,N,0,0,Y,0,0,1,0,0,0,1,100,100,1,0,0,Preliminary,Computer plot approximate by lat/long,580469.2747,2859284.6013,25.8496953210085,-80.1969673219023
26722431,2024,26-DEC-2024 02:00 PM,26-DEC-2024 05:00 AM,PD241226399283,L,1,2,1,0,Miami-Dade,Unincorporated,Rural,12/26/2024 1:50:00 PM,12/26/2024 1:53:00 PM,12/26/2024 2:01:00 PM,12/26/2024 2:40:00 PM,Y,Law Enforcement,SW 137TH AVE,25540,,,0,,,,County,Paved,Not at Intersection,,Daylight,Clear,Dry,N,Angle,Pedalcycle,On Roadway,N,Non-Junction,None,,,None,,,N,,,,,OFC.,Miami-Dade Police Department,Police Department (PD),1/15/2025 7:27:00 PM,1/15/2025 7:27:00 PM,20,Y,Bicycle,Bicycle,Injury,Non-Incapacitating Injury,DAY,N,N,N,N,N,N,N,N,N,1,1,0,1,0,0,0,0,0,0,0,1,1,0,1,1,0,0,0,0,0,0,0,0,0,N,0,0,Y,0,0,0,0,0,0,1,100,100,1,0,0,Preliminary,Computer mapped confident by address,559002.1499,2823797.0871,25.530277900004,-80.4127585927504
26722493,2024,25-DEC-2024 05:36 PM,25-DEC-2024 05:00 AM,PD241225398593,L,1,2,1,0,Miami-Dade,Unincorporated,Rural,12/25/2024 5:36:00 PM,12/25/2024 5:37:00 PM,12/25/2024 5:45:00 PM,12/25/2024 6:05:00 PM,Y,Law Enforcement,NW 57TH ST,,,,0,,NW 29TH AVE,,County,Paved,Four-Way Intersection,,Daylight,Clear,Dry,N,Other,Pedalcycle,On Roadway,Y,Intersection,None,,,None,,,N,,,,,PSA.,Miami-Dade Police Department,Police Department (PD),1/2/2025 7:19:00 PM,1/2/2025 7:19:00 PM,8,Y,Bicycle,Bicycle,Injury,Possible Injury,DAY,N,N,N,N,N,N,Y,N,N,1,1,1,0,0,0,0,0,0,0,0,1,1,0,1,0,0,0,0,0,0,0,0,0,0,N,0,0,Y,0,0,0,0,2,200,1,100,300,1,0,0,Preliminary,Computer plot approximate by lat/long,575876.3268,2856698.9888,25.8265953363081,-80.2429473541702
26722803,2024,28-DEC-2024 01:55 PM,28-DEC-2024 05:00 AM,PD241228401415,L,1,2,1,0,Miami-Dade,Unincorporated,Rural,12/28/2024 1:56:00 PM,12/28/2024 2:01:00 PM,12/28/2024 2:16:00 PM,12/28/2024 3:30:00 PM,Y,Law Enforcement,NE 18TH AVE,,,,0,,NE 150TH ST,,County,Unpaved,Not at Intersection,,Daylight,Clear,Dry,N,Front to Rear,Pedalcycle,On Roadway,N,Non-Junction,None,,,None,,,N,,,,,PSA.,Miami-Dade Police Department,Police Department (PD),1/8/2025 9:40:00 PM,1/8/2025 9:40:00 PM,11,N,Bicycle,Bicycle,No Injury,No Injury,DAY,N,N,N,N,N,N,N,N,N,2,0,0,0,0,0,0,0,0,0,0,1,1,0,1,0,0,0,0,0,0,0,0,0,0,N,0,0,Y,0,0,0,0,1,20,1,300,320,0,0,0,Preliminary,Computer mapped confident by address,583786.7958,2866415.0162,25.9138893025387,-80.1634097793319
26722979,2024,17-DEC-2024 09:15 AM,17-DEC-2024 05:00 AM,PD241217389395,L,1,2,1,0,Miami-Dade,Unincorporated,Urban,12/17/2024 9:20:00 AM,12/17/2024 9:22:00 AM,12/17/2024 9:29:00 AM,12/17/2024 10:21:00 AM,N,Law Enforcement,NW 75TH ST,,,,0,,NW 17TH AVE,,County,Paved,Four-Way Intersection,,Daylight,Clear,Dry,N,Front to Rear,Motor Vehicle in Transport,On Roadway,N,Non-Junction,None,None,None,None,None,None,N,,,,,OFC.,Miami-Dade Police Department,Police Department (PD),1/30/2025 7:27:00 PM,1/30/2025 7:27:00 PM,44,Y,Single Vehicle,Other,Injury,Possible Injury,DAY,N,N,N,N,N,Y,N,N,N,1,1,1,0,0,0,0,0,0,0,0,1,1,0,1,0,0,0,0,0,0,0,0,0,0,N,0,0,Y,0,0,1,0,1,200,1,100,300,0,0,0,Preliminary,Computer mapped approximate by address,577633.7842,2858506.7202,25.8428253665672,-80.2253073913328
26742082,2024,13-JUN-2024 10:30 AM,13-JUN-2024 10:46 AM,SJSO24CAD130126,L,1,2,20,50,St. Johns,St. Augustine,Urban,6/13/2024 10:33:00 AM,6/13/2024 10:33:00 AM,6/13/2024 10:35:00 AM,6/13/2024 10:46:00 AM,Y,Law Enforcement,CORDOVA ST,,29.89489,-81.31464,0,,CARRERA ST,,Local,Curb,T-Intersection,N,Daylight,Clear,Dry,N,Other,Pedalcycle,On Roadway,Y,Intersection,None,,,None,,,N,,,,,PATROLMAN,St. Augustine Police Department,Police Department (PD),6/17/2024 7:16:00 PM,6/17/2024 7:16:00 PM,4,Y,Bicycle,Bicycle,Injury,Non-Incapacitating Injury,DAY,N,N,N,N,N,N,Y,N,N,1,1,0,1,0,0,0,0,0,0,0,1,1,0,1,1,0,0,0,0,0,0,0,0,0,N,0,0,Y,0,0,1,0,0,0,1,500,500,0,0,0,Preliminary,Editor Mapped,469621.4433,3307179.201,29.8948829689215,-81.3146425739791
26742986,2024,09-NOV-2024 09:50 AM,09-NOV-2024 12:00 AM,2024-00031826,L,1,2,42,62,Martin,Stuart,Urban,11/9/2024 9:51:00 AM,11/9/2024 9:54:00 AM,11/9/2024 9:57:00 AM,11/9/2024 10:30:00 AM,Y,Law Enforcement,SE FEDERAL HWY,3725,27.159889,-80.222836,,,,,Parking Lot,Unpaved,Not at Intersection,N,Daylight,Clear,Dry,N,,Pedalcycle,Off Roadway,N,Non-Junction,None,,,Physical Obstruction(s),,,N,,,,,OFFICER,Stuart Police Department,Police Department (PD),11/14/2024 7:32:00 PM,11/14/2024 7:32:00 PM,5,Y,Bicycle,Bicycle,Injury,Non-Incapacitating Injury,DAY,N,N,N,N,N,N,N,N,N,1,1,0,1,0,0,0,0,0,0,0,1,1,0,1,0,0,0,0,0,0,0,0,0,0,N,0,0,Y,0,0,0,0,0,0,1,500,500,0,0,0,Preliminary,Editor Mapped,576994.0865,3004381.3906,27.1598746699281,-80.222880720008
26747026,2024,20-MAY-2024 08:19 PM,20-MAY-2024 12:00 AM,24064397,L,1,2,6,0,Palm Beach,Unincorporated,Rural,5/20/2024 8:19:00 PM,5/20/2024 8:20:00 PM,5/20/2024 8:30:00 PM,5/20/2024 9:00:00 PM,Y,Law Enforcement,WESTGATE AVE,3829,26.703214,-80.099738,244,East,,,Local,Paved,Not at Intersection,N,Dusk,Clear,Dry,N,,Other Non-Fixed Object,On Roadway,N,Through Roadway,None,,,None,,,N,,,,,D/S,Palm Beach County Sheriff's Office,Sheriff's Office (SO),5/23/2024 7:24:00 PM,5/23/2024 7:24:00 PM,3,Y,Single Vehicle,Other,Injury,Non-Incapacitating Injury,NIGHT,N,N,N,N,N,N,N,N,N,1,1,0,1,0,0,0,0,0,0,0,1,1,0,1,1,0,0,0,0,0,0,0,0,0,N,0,0,Y,0,0,0,0,0,0,0,0,0,0,0,0,Preliminary,Editor Mapped,589554.3711,2953882.1305,26.7032302756465,-80.0997458436247
26747909,2024,03-JUN-2024 07:50 PM,03-JUN-2024 12:00 AM,24068624,L,1,2,6,0,Palm Beach,Unincorporated,Rural,6/3/2024 7:57:00 PM,6/3/2024 7:57:00 PM,6/3/2024 7:57:00 PM,6/3/2024 9:00:00 PM,Y,Law Enforcement,KAMENA CT,,26.529419,-80.106456,0,,LAWRENCE RD,,Local,Curb,Four-Way Intersection,N,Daylight,Clear,Dry,N,,Pedestrian,On Roadway,N,Intersection,None,,,None,,,N,,,,,D/S,Palm Beach County Sheriff's Office,Sheriff's Office (SO),6/6/2024 7:28:00 PM,6/6/2024 7:28:00 PM,3,Y,Pedestrian,Pedestrian,Injury,Possible Injury,NIGHT,N,N,N,N,N,N,Y,N,N,1,1,1,0,0,0,0,0,0,0,0,1,1,0,1,0,0,0,0,0,0,0,0,0,0,N,0,0,Y,0,0,1,0,0,0,0,0,0,1,0,0,Preliminary,Editor Mapped,589022.076,2934625.3222,26.529414018809,-80.1064487885216
26749150,2024,23-JUN-2024 12:56 PM,23-JUN-2024 12:00 AM,24074440,L,1,3,6,60,Palm Beach,Lake Park,Urban,6/23/2024 12:58:00 PM,6/23/2024 12:59:00 PM,6/23/2024 1:05:00 PM,6/23/2024 2:00:00 PM,Y,Law Enforcement,N CONGRESS AVE,,26.793725,-80.085765,0,,SILVER BEACH RD,,State,Curb,Four-Way Intersection,N,Daylight,Clear,Dry,N,,Pedestrian,On Roadway,N,Intersection,None,,,None,,,N,,,,,D/S,Palm Beach County Sheriff's Office,Sheriff's Office (SO),6/27/2024 7:25:00 PM,6/27/2024 7:25:00 PM,4,Y,Pedestrian,Pedestrian,Injury,Possible Injury,DAY,N,N,N,N,N,N,Y,N,N,2,1,1,0,0,0,0,0,0,0,0,1,1,0,1,0,0,1,0,0,0,0,0,0,0,N,0,0,Y,0,0,0,0,0,0,1,1500,1500,1,0,0,Preliminary,Editor Mapped,590874.411,2963914.0556,26.7937113527935,-80.0857531236694
26750720,2024,20-JUL-2024 10:57 AM,20-JUL-2024 12:00 AM,24082269,L,1,3,6,62,Palm Beach,Lake Worth,Urban,7/20/2024 10:57:00 AM,7/20/2024 10:58:00 AM,7/20/2024 10:59:00 AM,7/20/2024 11:21:00 AM,Y,Law Enforcement,S J ST,,26.608581,-80.056601,0,,6TH AVE S,,Local,Curb,Four-Way Intersection,N,Daylight,Cloudy,Wet,N,,Pedalcycle,On Roadway,Y,Intersection,None,,,None,,,N,,,,,DEPUTY,Palm Beach County Sheriff's Office,Sheriff's Office (SO),7/23/2024 7:34:00 PM,7/23/2024 7:34:00 PM,3,Y,Bicycle,Bicycle,Injury,Possible Injury,DAY,N,N,N,N,N,N,Y,N,N,2,1,1,0,0,0,0,0,0,0,0,1,1,0,1,0,0,1,0,0,0,0,0,0,0,N,0,0,Y,0,0,0,0,0,0,1,1000,1000,1,0,0,Preliminary,Editor Mapped,593924.0897,2943430.1532,26.6085865124906,-80.0565996190296
26751840,2024,08-AUG-2024 09:00 AM,08-AUG-2024 12:00 AM,24087496,L,1,2,6,0,Palm Beach,Unincorporated,Rural,8/8/2024 9:11:00 AM,8/8/2024 9:11:00 AM,8/8/2024 9:13:00 AM,8/8/2024 10:00:00 AM,Y,Law Enforcement,CAMBRIDGE ST,,26.682479,-80.112109,0,,N MILITARY TRL,,State,Curb,T-Intersection,N,Daylight,Cloudy,Dry,N,,Pedalcycle,On Roadway,N,Intersection-Related,None,,,None,,,N,,,,,CSA,Palm Beach County Sheriff's Office,Sheriff's Office (SO),8/10/2024 7:23:00 PM,8/10/2024 7:23:00 PM,2,Y,Bicycle,Bicycle,Injury,Non-Incapacitating Injury,DAY,N,N,N,N,N,N,Y,N,N,1,1,0,1,0,0,0,0,0,0,0,1,1,0,0,0,0,1,0,0,0,0,0,0,0,N,0,0,Y,0,0,0,0,0,0,1,5,5,1,0,0,Preliminary,Editor Mapped,588340.7797,2951574.4671,26.6824737644477,-80.112105888977
26753741,2024,05-SEP-2024 09:20 AM,05-SEP-2024 12:00 AM,24095950,L,1,2,6,0,Palm Beach,Unincorporated,Rural,9/5/2024 9:21:00 AM,9/5/2024 9:23:00 AM,9/5/2024 10:30:00 AM,9/5/2024 10:40:00 AM,Y,Law Enforcement,LAKE DORA DR,112,26.703194,-80.166202,,,,,Parking Lot,Curb,Not at Intersection,N,Daylight,Clear,Dry,N,,Pedalcycle,In Parking Lane or Zone,N,Intersection,None,,,None,,,N,,,,,CSA,Palm Beach County Sheriff's Office,Sheriff's Office (SO),9/12/2024 7:27:00 PM,9/12/2024 7:27:00 PM,7,Y,Bicycle,Bicycle,Serious Injury,Incapacitating Injury,DAY,N,N,N,N,N,N,Y,N,N,1,1,0,0,1,0,0,0,0,0,0,1,1,0,1,1,0,0,0,0,0,0,0,0,0,N,0,0,Y,1,0,0,0,1,2500,1,1500,4000,2,0,0,Preliminary,Editor Mapped,582943.5007,2953832.6471,26.7031894193122,-80.1661996395734
26753983,2024,09-SEP-2024 12:40 PM,09-SEP-2024 12:00 AM,24097185,L,1,3,6,0,Palm Beach,Unincorporated,Urban,9/9/2024 12:42:00 PM,9/9/2024 12:42:00 PM,9/9/2024 12:56:00 PM,9/9/2024 1:45:00 PM,Y,Law Enforcement,N MILITARY TRL,,26.690844,-80.111447,386,South,BELVEDERE RD,,State,Curb,Not at Intersection,N,Daylight,Clear,Dry,N,,Pedalcycle,On Roadway,N,Driveway/Alley Access Related,None,,,None,,,N,,,,,CSA,Palm Beach County Sheriff's Office,Sheriff's Office (SO),9/10/2024 7:54:00 PM,9/10/2024 7:54:00 PM,1,Y,Bicycle,Bicycle,Injury,Possible Injury,DAY,N,N,N,N,N,N,N,N,N,2,1,1,0,0,0,0,0,0,0,0,1,1,0,1,0,0,1,0,0,0,0,0,0,0,N,0,0,Y,0,0,0,0,0,0,1,1000,1000,0,0,0,Preliminary,Editor Mapped,588400.2449,2952500.9667,26.6908343776978,-80.1114434181991
26755012,2024,24-SEP-2024 07:49 AM,24-SEP-2024 12:00 AM,24101679,L,1,2,6,0,Palm Beach,Unincorporated,Rural,9/24/2024 7:50:00 AM,9/24/2024 7:50:00 AM,9/24/2024 8:00:00 AM,9/24/2024 8:30:00 AM,Y,Law Enforcement,10TH AVE N,,26.62807,-80.077354,0,,BOUTWELL RD,,Local,Curb,Not at Intersection,N,Daylight,Clear,Dry,N,,Pedalcycle,On Roadway,N,Driveway/Alley Access Related,None,,,None,,,N,,,,,CSA,Palm Beach County Sheriff's Office,Sheriff's Office (SO),9/25/2024 11:00:00 PM,9/25/2024 11:00:00 PM,1,Y,Bicycle,Bicycle,Injury,Possible Injury,DAY,N,N,N,Y,N,N,N,N,N,1,1,1,0,0,0,0,0,0,0,0,1,1,0,1,0,0,0,0,0,0,0,0,0,0,N,0,0,Y,0,0,0,0,0,0,1,500,500,0,0,0,Preliminary,Editor Mapped,591841.73,2945572.5225,26.6280647391348,-80.0773579790426
26756141,2024,06-SEP-2024 03:17 PM,06-SEP-2024 12:00 AM,24-052266,L,1,3,1,58,Miami-Dade,Homestead,Urban,9/6/2024 3:17:00 PM,9/6/2024 3:19:00 PM,9/6/2024 3:24:00 PM,9/6/2024 5:00:00 PM,Y,Law Enforcement,S AUDUBON DR,,25.455326,-80.458386,0,,SANDPIPER BLVD,,Local,Paved,Four-Way Intersection,Y,Daylight,Clear,Dry,N,,Pedalcycle,On Roadway,N,Intersection,None,,,None,,,N,,,,,OFC,Homestead Police Department,Police Department (PD),9/20/2024 7:36:00 PM,9/20/2024 7:36:00 PM,14,Y,Bicycle,Bicycle,Injury,Non-Incapacitating Injury,DAY,N,N,N,N,N,N,Y,N,N,1,2,0,2,0,0,0,0,0,0,0,2,2,0,1,0,0,0,0,0,0,0,0,0,0,N,0,0,Y,0,0,0,0,0,0,0,0,0,1,0,0,Preliminary,Editor Mapped,554453.2123,2815467.448,25.4552350195494,-80.4583692623739
26765067,2024,21-DEC-2024 10:50 AM,21-DEC-2024 12:00 AM,S243560908,L,1,2,5,32,Polk,Bartow,Urban,12/21/2024 10:50:00 AM,12/21/2024 10:53:00 AM,12/21/2024 10:56:00 AM,12/21/2024 11:30:00 AM,Y,Law Enforcement,E CHURCH ST,980,27.899962,-81.833469,,,,,Parking Lot,Paved,Not at Intersection,N,Daylight,Clear,Dry,N,,Pedalcycle,On Roadway,N,Non-Junction,None,,,None,,,N,,,,,OFFICER,Bartow Police Department,Police Department (PD),12/24/2024 7:52:00 PM,12/24/2024 7:52:00 PM,3,Y,Bicycle,Bicycle,Injury,Non-Incapacitating Injury,DAY,N,N,N,N,N,N,N,N,N,1,1,0,1,0,0,0,0,0,0,0,1,1,0,1,0,0,0,0,0,0,0,0,0,0,N,0,0,Y,0,0,1,0,0,0,1,600,600,1,0,0,Preliminary,Editor Mapped,417974.2962,3086399.4117,27.899957499352,-81.833466275286
26767914,2024,10-OCT-2024 03:45 AM,11-OCT-2024 12:00 AM,241375,L,1,2,1,30,Miami-Dade,Bal Harbour,Urban,10/10/2024 10:32:00 AM,10/10/2024 10:32:00 AM,10/10/2024 10:32:00 AM,10/10/2024 10:32:00 AM,N,Law Enforcement,96TH ST,,,,,,400-BLK,,County,Curb,Four-Way Intersection,N,Daylight,Clear,Dry,N,"Sideswipe, Same Direction",Motor Vehicle in Transport,On Roadway,N,Intersection-Related,None,,,None,,,N,,,,,POLICE OFFICER,Bal Harbour Police Department,Police Department (PD),11/22/2024 8:08:00 PM,11/22/2024 8:08:00 PM,43,Y,Single Vehicle,Other,Injury,Non-Incapacitating Injury,NIGHT,N,N,N,N,N,N,Y,N,N,1,1,0,1,0,0,0,0,0,0,0,1,1,0,1,0,0,0,0,0,0,0,0,0,0,N,0,0,Y,0,0,0,0,1,1000,1,100,1100,0,0,0,Unmapped,Unmapped,,,,
26771163,2024,26-NOV-2024 03:45 PM,26-NOV-2024 12:00 AM,DL240006289,L,1,2,8,36,Volusia,Deland,Urban,11/26/2024 3:45:00 PM,11/26/2024 3:46:00 PM,11/26/2024 3:48:00 PM,11/26/2024 4:03:00 PM,Y,Law Enforcement,E WINNEMISSETT AVE,,29.017381,-81.303003,0,,S WOODLAND BLVD,,Local,Paved,Four-Way Intersection,N,Daylight,Clear,Dry,N,,Pedalcycle,On Roadway,N,Intersection,None,,,None,,,N,,,,,OFC,Deland Police Department,Police Department (PD),11/28/2024 7:28:00 PM,11/28/2024 7:28:00 PM,2,N,Bicycle,Bicycle,No Injury,No Injury,DAY,N,N,N,N,N,N,Y,N,N,2,0,0,0,0,0,0,0,0,0,0,1,1,0,1,0,0,0,0,0,0,0,0,0,0,N,0,0,Y,0,0,0,0,0,0,1,500,500,0,0,0,Preliminary,Editor Mapped,470492.7264,3209948.5508,29.0173757594018,-81.3029995648393
26772322,2024,19-JUL-2024 02:39 PM,19-JUL-2024 12:00 AM,102407003245,L,1,2,10,36,Broward,Deerfield Beach,Urban,7/19/2024 2:39:00 PM,7/19/2024 2:40:00 PM,7/19/2024 2:41:00 PM,7/19/2024 4:00:00 PM,Y,Law Enforcement,S FEDERAL HWY,,,,0,,E HILLSBORO BLVD,,State,Curb,Four-Way Intersection,N,Daylight,Clear,Dry,N,Other,Pedalcycle,On Roadway,N,Intersection,None,,,None,,,N,,,,,,Broward County Sheriff's Office,Sheriff's Office (SO),7/23/2024 7:34:00 PM,7/23/2024 7:34:00 PM,4,Y,Bicycle,Bicycle,Serious Injury,Incapacitating Injury,DAY,N,N,N,N,N,N,Y,N,N,1,1,0,0,1,0,0,0,0,0,0,1,1,0,1,0,0,0,0,0,0,0,0,0,0,N,0,0,Y,1,0,0,0,1,800,1,1000,1800,1,0,0,Preliminary,Editor Mapped,590757.0868,2911198.48,26.3178019745709,-80.0906961671526
26772554,2024,24-JUL-2024 07:13 AM,24-JUL-2024 12:00 AM,112407007435,S,1,2,10,72,Broward,Pompano Beach,Urban,7/24/2024 7:16:00 AM,7/24/2024 7:16:00 AM,7/24/2024 7:38:00 AM,7/24/2024 8:09:00 AM,Y,Law Enforcement,NW 3RD AV,,,,0,,W SAMPLE RD,,Local,Paved,Four-Way Intersection,N,Daylight,Clear,Dry,N,Other,Motor Vehicle in Transport,On Roadway,N,Non-Junction,None,,,None,,,N,,,,,,Broward County Sheriff's Office,Sheriff's Office (SO),8/1/2024 1:11:00 AM,8/1/2024 1:11:00 AM,8,N,Single Vehicle,Other,No Injury,No Injury,DAY,N,N,N,N,N,N,N,N,N,2,0,0,0,0,0,0,0,0,0,0,1,1,0,1,0,0,0,0,0,0,0,0,0,0,N,0,0,Y,0,0,0,0,0,0,1,1000,1000,0,0,0,Preliminary,Computer plot approximate by lat/long,586961.1995,2906404.4207,26.274755202647,-80.1290473813136
26772976,2024,31-JUL-2024 06:30 PM,04-AUG-2024 12:00 AM,172407001471,L,1,1,10,71,Broward,Parkland,Urban,7/31/2024 6:38:00 PM,7/31/2024 6:39:00 PM,7/31/2024 6:45:00 PM,7/31/2024 8:02:00 PM,Y,Law Enforcement,WINNERS CIR,,,,0,,HOLMBERG RD,,Private Roadway,Unpaved,Not at Intersection,N,Daylight,Clear,Dry,N,Other,Pedestrian,On Roadway,N,Non-Junction,None,,,None,,,N,,,,,,Broward County Sheriff's Office,Sheriff's Office (SO),8/2/2024 7:34:00 PM,8/6/2024 7:43:00 PM,2,Y,Pedestrian,Pedestrian,Injury,Possible Injury,DAY,N,N,N,N,N,N,N,N,N,0,1,1,0,0,0,0,0,0,0,0,1,1,0,0,0,0,0,0,0,0,0,0,0,0,N,0,0,Y,0,0,0,0,0,0,0,0,0,1,0,0,Preliminary,Editor Mapped,579398.3044,2910475.0407,26.3119468143527,-80.2045360819763
26774389,2024,26-AUG-2024 01:57 PM,26-AUG-2024 12:00 AM,112408008750,L,1,3,10,72,Broward,Pompano Beach,Urban,8/26/2024 1:57:00 PM,8/26/2024 1:57:00 PM,8/26/2024 2:01:00 PM,8/26/2024 3:16:00 PM,Y,Law Enforcement,NE 11TH AV,,,,5,East,NE 2ND ST,,Local,Paved,Four-Way Intersection,N,Daylight,Clear,Dry,N,Angle,Motor Vehicle in Transport,On Roadway,N,Intersection,None,,,None,,,N,,,,,,Broward County Sheriff's Office,Sheriff's Office (SO),8/30/2024 7:46:00 PM,8/30/2024 7:46:00 PM,4,Y,Single Vehicle,Other,Injury,Possible Injury,DAY,N,N,N,N,N,N,Y,N,N,1,2,2,0,0,0,0,0,0,0,0,2,2,0,1,0,0,0,0,0,0,0,0,0,0,N,0,0,Y,0,0,0,0,0,0,1,2400,2400,2,0,0,Preliminary,Editor Mapped,588636.8203,2901840.0739,26.2334434171158,-80.1125801331171
26775408,2024,13-SEP-2024 01:50 PM,13-SEP-2024 12:00 AM,152409001001,L,1,2,10,63,Broward,North Lauderdale,Urban,9/13/2024 1:52:00 PM,9/13/2024 1:53:00 PM,9/13/2024 2:05:00 PM,9/13/2024 2:23:00 PM,Y,Law Enforcement,S STATE ROAD 7,,,,0,,BLVD OF CHAMPIONS,,State,Curb,T-Intersection,N,Daylight,Cloudy,Dry,N,Other,Motor Vehicle in Transport,On Roadway,N,Non-Junction,None,,,None,,,N,,,,,,Broward County Sheriff's Office,Sheriff's Office (SO),9/19/2024 12:22:00 AM,9/19/2024 12:22:00 AM,6,Y,Single Vehicle,Other,Injury,Possible Injury,DAY,N,N,N,N,N,N,N,N,N,1,1,1,0,0,0,0,0,0,0,0,1,1,0,1,0,0,0,0,0,0,0,0,0,0,N,0,0,Y,0,0,0,0,0,0,0,0,0,1,0,0,Preliminary,Editor Mapped,579534.3598,2899133.8561,26.2095435719797,-80.2038716396935
26775443,2024,14-SEP-2024 10:58 AM,14-SEP-2024 12:00 AM,112409004434,L,1,2,10,72,Broward,Pompano Beach,Urban,9/14/2024 10:58:00 AM,9/14/2024 10:59:00 AM,9/14/2024 11:12:00 AM,9/14/2024 12:33:00 PM,Y,Law Enforcement,E SAMPLE RD,,,,142,East,NE 16TH TER,,State,Paved,Not at Intersection,N,Daylight,Clear,Dry,N,Other,Pedestrian,Off Roadway,N,Non-Junction,None,,,None,,,N,,,,,,Broward County Sheriff's Office,Sheriff's Office (SO),9/19/2024 12:22:00 AM,9/19/2024 12:22:00 AM,5,Y,Pedestrian,Pedestrian,Injury,Possible Injury,DAY,N,N,N,N,N,N,N,N,N,1,1,1,0,0,0,0,0,0,0,0,1,1,0,1,0,1,0,0,0,0,0,0,0,0,N,0,0,Y,0,0,0,0,1,1000,0,0,1000,0,0,0,Preliminary,Editor Mapped,589812.1067,2906487.5479,26.2753296534213,-80.1004913438102
26776247,2024,28-SEP-2024 03:00 PM,28-SEP-2024 12:00 AM,902409009510,S,1,2,10,0,Broward,Unincorporated,Urban,9/28/2024 3:03:00 PM,9/28/2024 3:04:00 PM,9/28/2024 3:05:00 PM,9/28/2024 3:06:00 PM,Y,Law Enforcement,NW 27TH AV,,,,0,,NW 7TH ST,,Local,Paved,Not at Intersection,N,Daylight,Cloudy,Dry,N,Angle,Pedestrian,On Roadway,N,Non-Junction,None,,,None,,,N,,,,,,Broward County Sheriff's Office,Sheriff's Office (SO),10/3/2024 7:30:00 PM,10/3/2024 7:30:00 PM,5,N,Pedestrian,Pedestrian,No Injury,No Injury,DAY,N,N,N,N,N,N,N,N,N,2,0,0,0,0,0,0,0,0,0,0,1,1,0,1,0,0,0,0,0,0,0,0,0,0,N,0,0,Y,0,0,0,0,0,0,0,0,0,0,0,0,Preliminary,Computer mapped confident by address,582145.7404,2890377.9849,26.1303422316297,-80.1782885427566
26776519,2024,03-OCT-2024 11:59 AM,03-OCT-2024 12:00 AM,022410000289,L,1,2,10,32,Broward,Dania Beach,Urban,10/3/2024 11:59:00 AM,10/3/2024 11:59:00 AM,10/3/2024 12:15:00 PM,10/3/2024 1:30:00 PM,Y,Law Enforcement,GRIFFIN RD,,,,100,East,SW 33RD AV,,U.S.,Paved,Not at Intersection,N,Daylight,Clear,Dry,N,Other,Other Non-Collision,On Roadway,N,Non-Junction,None,,,None,,,N,,,,,,Broward County Sheriff's Office,Sheriff's Office (SO),10/10/2024 7:26:00 PM,10/10/2024 7:26:00 PM,7,N,Single Vehicle,Other,No Injury,No Injury,DAY,N,N,N,N,N,N,N,N,N,2,0,0,0,0,0,0,0,0,0,0,1,1,0,1,0,0,0,0,0,0,0,0,0,0,N,0,0,Y,0,0,0,0,0,0,0,0,0,1,0,0,Preliminary,Editor Mapped,581308.6579,2882847.8632,26.0624015618195,-80.1871313527189
26777493,2024,21-OCT-2024 03:17 PM,21-OCT-2024 12:00 AM,112410006395,L,1,3,10,72,Broward,Pompano Beach,Urban,10/21/2024 3:17:00 PM,10/21/2024 3:26:00 PM,10/21/2024 3:35:00 PM,10/21/2024 4:38:00 PM,Y,Law Enforcement,N POWERLINE RD,,,,0,,NW 17TH ST,,State,Paved,T-Intersection,N,Daylight,Cloudy,Wet,N,Other,Pedalcycle,On Roadway,N,Intersection,None,,,None,,,N,,,,,,Broward County Sheriff's Office,Sheriff's Office (SO),10/26/2024 7:26:00 PM,10/26/2024 7:26:00 PM,5,Y,Bicycle,Bicycle,Injury,Possible Injury,DAY,N,N,N,N,N,N,Y,N,N,2,1,1,0,0,0,0,0,0,0,0,1,1,0,1,0,0,1,0,0,0,0,0,0,0,N,0,0,Y,0,0,0,0,0,0,1,300,300,1,0,0,Preliminary,Editor Mapped,584703.2275,2903757.1409,26.2509895478059,-80.1518335718264
26778438,2024,07-NOV-2024 10:11 AM,07-NOV-2024 12:00 AM,112411002041,L,1,2,10,72,Broward,Pompano Beach,Urban,11/7/2024 10:11:00 AM,11/7/2024 10:11:00 AM,11/7/2024 10:20:00 AM,11/7/2024 11:45:00 AM,Y,Law Enforcement,N DIXIE HWY,,,,,,NE 23RD ST,,Local,Paved,Not at Intersection,N,Daylight,Clear,Dry,N,Other,Other Non-Fixed Object,Unknown,N,Other,None,,,None,,,N,,,,,,Broward County Sheriff's Office,Sheriff's Office (SO),11/12/2024 7:47:00 PM,11/12/2024 7:47:00 PM,5,N,Single Vehicle,Other,No Injury,No Injury,DAY,N,N,N,N,N,N,N,N,N,2,0,0,0,0,0,0,0,0,0,0,1,1,0,1,0,0,0,0,0,0,0,0,0,0,N,0,0,Y,0,0,0,0,1,700,0,0,700,1,0,0,Preliminary,Editor Mapped,588026.6951,2904655.1561,26.2588969150288,-80.1184962882896
26778905,2024,15-NOV-2024 05:00 PM,15-NOV-2024 12:00 AM,102411002486,S,1,2,10,36,Broward,Deerfield Beach,Urban,11/15/2024 5:00:00 PM,11/15/2024 5:00:00 PM,11/15/2024 5:10:00 PM,11/15/2024 5:45:00 PM,Y,Law Enforcement,E SAMPLE RD,,,,0,,N DIXIE HWY,,State,Paved,Not at Intersection,N,Daylight,Clear,Dry,N,Angle,Other Non-Fixed Object,On Roadway,N,Non-Junction,None,,,None,,,N,,,,,,Broward County Sheriff's Office,Sheriff's Office (SO),11/19/2024 8:12:00 PM,11/19/2024 8:12:00 PM,4,N,Single Vehicle,Other,No Injury,No Injury,DAY,N,N,N,N,N,N,N,N,N,2,0,0,0,0,0,0,0,0,0,0,1,1,0,1,0,0,0,0,0,0,0,0,0,0,N,0,0,Y,0,0,0,0,0,0,1,250,250,0,0,0,Preliminary,Computer mapped confident by address,588475.5317,2906468.6959,26.2752426977439,-80.11387774566
26778945,2024,14-NOV-2024 03:54 PM,16-NOV-2024 12:00 AM,022411001468,L,1,3,10,32,Broward,Dania Beach,Urban,11/14/2024 3:54:00 PM,11/14/2024 3:54:00 PM,11/14/2024 3:55:00 PM,11/14/2024 5:30:00 PM,Y,Law Enforcement,NW 7TH AV,,,,0,,NW 2ND ST,,Local,Paved,Four-Way Intersection,Y,Daylight,Clear,Dry,N,Angle,Motor Vehicle in Transport,On Roadway,N,Non-Junction,None,,,None,,,N,,,,,,Broward County Sheriff's Office,Sheriff's Office (SO),11/17/2024 7:18:00 PM,11/17/2024 7:18:00 PM,3,Y,Single Vehicle,Other,Serious Injury,Incapacitating Injury,DAY,N,N,N,N,N,N,N,N,N,2,1,0,0,1,0,0,0,0,0,0,1,1,0,1,0,0,1,0,0,0,0,0,0,0,N,0,0,Y,1,0,0,0,0,0,1,700,700,1,0,0,Preliminary,Editor Mapped,585232.8701,2882131.949,26.0557115355481,-80.1479498882801
26781232,2024,25-DEC-2024 10:50 PM,30-DEC-2024 12:00 AM,902412007987,L,1,2,10,38,Broward,Fort Lauderdale,Urban,12/25/2024 10:50:00 PM,12/25/2024 10:51:00 PM,12/25/2024 10:53:00 PM,12/25/2024 11:50:00 PM,Y,Law Enforcement,NW 27TH AV,,,,0,,NW 4TH ST,,Local,Paved,Not at Intersection,N,Dark - Lighted,Clear,Dry,N,Other,Pedalcycle,On Roadway,N,Non-Junction,None,,,None,,,N,,,,,,Broward County Sheriff's Office,Sheriff's Office (SO),1/5/2025 7:18:00 PM,1/8/2025 9:38:00 PM,11,Y,Bicycle,Bicycle,Injury,Non-Incapacitating Injury,NIGHT,N,N,N,N,N,N,N,N,N,1,1,0,1,0,0,0,0,0,0,0,1,1,0,1,0,0,0,0,0,0,0,0,0,0,N,0,0,Y,0,0,0,0,0,0,1,500,500,1,0,0,Preliminary,Computer mapped approximate by address,582187.6119,2888833.7278,26.1163970961027,-80.1779673144998
26792675,2024,22-JUN-2024 12:30 PM,22-JUN-2024 12:00 AM,24-308400,L,1,4,18,30,Lee,Bonita Springs,Urban,6/22/2024 12:30:00 PM,6/22/2024 12:31:00 PM,6/22/2024 12:34:00 PM,6/22/2024 1:36:00 PM,Y,Law Enforcement,LONDON LN,,26.351032,-81.778196,14,North,ROSEMARY DR,,Local,Paved,Four-Way Intersection,Y,Daylight,Clear,Dry,N,,Pedestrian,On Roadway,N,Intersection,None,,,None,,,N,,,,,DFC,Lee County Sheriff's Office,Sheriff's Office (SO),6/23/2024 7:12:00 PM,6/23/2024 7:12:00 PM,1,Y,Pedestrian,Pedestrian,Injury,Non-Incapacitating Injury,DAY,N,N,N,N,N,N,Y,N,N,2,2,1,1,0,0,0,0,0,0,0,1,1,0,1,0,0,2,0,0,0,0,0,0,0,N,0,0,Y,0,0,0,0,1,200,1,2500,2700,1,0,1,Preliminary,Editor Mapped,422358.2232,2914792.1187,26.3510205462387,-81.7781277369941
26795158,2024,30-AUG-2024 04:45 PM,31-AUG-2024 12:00 AM,24-442269,S,1,2,18,47,Lee,North Fort Myers,Urban,8/30/2024 5:06:00 PM,8/30/2024 5:35:00 PM,8/30/2024 5:54:00 PM,8/30/2024 7:07:00 PM,Y,Law Enforcement,N TAMIAMI TRL,,26.687439,-81.885924,335,North,HATTON ROGERS LN,,U.S.,Paved,T-Intersection,N,Daylight,Rain,Wet,N,,Pedalcycle,On Roadway,N,Intersection-Related,Road Surface Condition,,,Weather Conditions,,,N,,,,,DEPUTY,Lee County Sheriff's Office,Sheriff's Office (SO),9/5/2024 1:14:00 AM,9/5/2024 1:14:00 AM,6,N,Bicycle,Bicycle,No Injury,No Injury,DAY,N,N,N,N,N,N,Y,N,N,2,0,0,0,0,0,0,0,0,0,0,1,1,0,1,0,0,0,0,0,0,0,0,0,0,N,0,0,Y,0,0,0,0,0,0,0,0,0,0,0,0,Preliminary,Officer Mapped,411859.3566,2952122.5198,26.6874340968569,-81.8859210264368
26796810,2024,14-OCT-2024 06:34 PM,14-OCT-2024 12:00 AM,24-524555,L,1,2,18,40,Lee,Fort Myers,Urban,10/14/2024 6:35:00 PM,10/14/2024 6:36:00 PM,10/14/2024 6:41:00 PM,10/14/2024 6:55:00 PM,Y,Law Enforcement,SAN CARLOS BLVD,,26.465856,-81.821259,0,,MATANZAS RD,,Local,Paved,Four-Way Intersection,N,Daylight,Clear,Dry,N,,Pedestrian,On Roadway,N,Intersection-Related,None,,,None,,,N,,,,,DEPUTY,Lee County Sheriff's Office,Sheriff's Office (SO),10/17/2024 1:27:00 AM,10/17/2024 1:27:00 AM,3,Y,Pedestrian,Pedestrian,Injury,Non-Incapacitating Injury,DAY,N,N,N,N,N,N,Y,N,N,1,1,0,1,0,0,0,0,0,0,0,1,1,0,1,0,0,0,0,0,0,0,0,0,0,N,0,0,Y,0,0,0,0,0,0,1,100,100,1,0,0,Preliminary,Editor Mapped,418135.8167,2927537.0943,26.4658514391098,-81.82125568997
26797079,2024,21-OCT-2024 12:00 PM,21-OCT-2024 12:00 AM,24-536993,L,1,2,18,0,Lee,Unincorporated,Rural,10/21/2024 12:05:00 PM,10/21/2024 12:09:00 PM,10/21/2024 12:32:00 PM,10/21/2024 3:04:00 PM,Y,Law Enforcement,POWELL DR,,26.685744,-81.87956,34,West,SADLER RD,,Local,Paved,T-Intersection,Y,Daylight,Clear,Dry,N,,Pedalcycle,On Roadway,N,Intersection,None,,,None,,,N,,,,,CSO,Lee County Sheriff's Office,Sheriff's Office (SO),10/22/2024 8:01:00 PM,10/22/2024 8:01:00 PM,1,Y,Bicycle,Bicycle,Injury,Possible Injury,DAY,N,N,N,N,N,N,Y,N,N,1,1,1,0,0,0,0,0,0,0,0,1,1,0,1,0,0,0,0,0,0,0,0,0,0,N,0,0,Y,0,0,0,0,0,0,1,500,500,0,0,0,Preliminary,Editor Mapped,412491.2142,2951930.428,26.6857393809169,-81.8795573791797
26800028,2024,17-NOV-2024 02:55 PM,17-NOV-2024 12:00 AM,2024-00197374,L,1,2,13,50,Leon,Tallahassee,Urban,11/17/2024 2:55:00 PM,11/17/2024 4:00:00 PM,11/17/2024 4:05:00 PM,11/17/2024 5:30:00 PM,Y,Law Enforcement,INDIANA ST,,30.458952,-84.307412,0,,CONNECTICUT ST,,Local,Paved,T-Intersection,Y,Daylight,Cloudy,Dry,N,,Pedalcycle,On Roadway,N,Intersection,None,,,None,,,N,,,,,OFC,Tallahassee Police Department,Police Department (PD),11/19/2024 8:13:00 PM,11/19/2024 8:13:00 PM,2,Y,Bicycle,Bicycle,Injury,Non-Incapacitating Injury,DAY,N,N,N,N,N,N,Y,N,N,1,1,0,1,0,0,0,0,0,0,0,1,1,0,1,0,0,0,0,0,0,0,0,0,0,N,0,0,Y,0,0,0,0,1,1000,1,3000,4000,0,0,1,Preliminary,Editor Mapped,182399.8721,3374292.2163,30.4589467574785,-84.3074075647282
26800121,2024,21-NOV-2024 02:12 PM,21-NOV-2024 12:00 AM,2024-00199483,S,1,1,13,50,Leon,Tallahassee,Urban,11/21/2024 2:39:00 PM,11/21/2024 2:53:00 PM,11/21/2024 3:13:00 PM,11/21/2024 5:00:00 PM,Y,Law Enforcement,S DUVAL ST,323,30.439661,-84.283003,,,,,Parking Lot,Paved,Not at Intersection,Y,Daylight,Clear,Dry,N,,Pedestrian,Outside Right-of-way,N,Other,None,,,None,,,N,,,,,OFFICER,Tallahassee Police Department,Police Department (PD),11/23/2024 7:26:00 PM,11/23/2024 7:26:00 PM,2,N,Pedestrian,Pedestrian,No Injury,No Injury,DAY,N,N,N,N,N,N,N,N,N,1,0,0,0,0,0,0,0,0,0,0,1,1,0,0,0,0,0,0,0,0,0,0,0,0,N,0,0,Y,0,0,0,0,0,0,1,500,500,0,0,0,Preliminary,Officer Mapped,184682.7972,3372084.2067,30.4396548709441,-84.2829991767396
26800344,2024,03-DEC-2024 04:53 PM,03-DEC-2024 12:00 AM,2024-00205742,L,1,2,13,50,Leon,Tallahassee,Urban,12/3/2024 4:53:00 PM,12/3/2024 4:53:00 PM,12/3/2024 4:57:00 PM,12/3/2024 5:24:00 PM,Y,Law Enforcement,4400 W TENNESSEE ST,,30.46101,-84.358007,,,,,Parking Lot,Paved,Not at Intersection,Y,Daylight,Cloudy,Dry,N,,Pedalcycle,In Parking Lane or Zone,N,Non-Junction,None,,,None,,,N,,,,,OFC,Tallahassee Police Department,Police Department (PD),12/5/2024 7:29:00 PM,12/5/2024 7:29:00 PM,2,Y,Bicycle,Bicycle,Injury,Non-Incapacitating Injury,DAY,N,N,N,N,N,N,N,N,N,1,1,0,1,0,0,0,0,0,0,0,1,1,0,1,0,1,0,0,0,0,0,0,0,0,N,0,0,Y,0,0,0,0,0,0,1,100,100,1,0,0,Preliminary,Editor Mapped,177545.4956,3374662.8166,30.4609943968221,-84.3580020241114
26800558,2024,13-DEC-2024 07:35 AM,13-DEC-2024 12:00 AM,2024-00211463,L,1,2,13,50,Leon,Tallahassee,Urban,12/13/2024 7:39:00 AM,12/13/2024 7:39:00 AM,12/13/2024 7:46:00 AM,12/13/2024 8:35:00 AM,Y,Law Enforcement,3200 BLOCK OF CAPITAL CIR NE,,30.49551,-84.245594,1005,South,,,State,Curb,Other,N,Daylight,Clear,Dry,N,,Pedestrian,Off Roadway,N,Driveway/Alley Access Related,None,,,None,,,N,,,,,OFFICER,Tallahassee Police Department,Police Department (PD),12/14/2024 7:25:00 PM,12/14/2024 7:25:00 PM,1,Y,Pedestrian,Pedestrian,Injury,Possible Injury,DAY,N,N,N,N,N,N,N,N,N,1,1,1,0,0,0,0,0,0,0,0,1,1,0,1,1,0,0,0,0,0,0,0,0,0,N,0,0,Y,0,0,0,0,0,0,1,200,200,1,0,0,Preliminary,Editor Mapped,188455.7451,3378174.1523,30.4955038602736,-84.2455902390169
26808703,2024,24-JUL-2024 08:41 AM,24-JUL-2024 12:00 AM,2024TA008264,L,1,2,17,40,Seminole,Longwood,Urban,7/24/2024 8:42:00 AM,7/24/2024 8:42:00 AM,7/24/2024 8:44:00 AM,7/24/2024 9:08:00 AM,Y,Law Enforcement,S RONALD REAGAN BLVD,,28.689651,-81.346098,275,South,W MARVIN AVE,,County,Curb,T-Intersection,N,Daylight,Clear,Dry,N,,Pedalcycle,On Roadway,N,Driveway/Alley Access Related,None,,,None,,,N,,,,,OFFICER,Longwood Police Department,Police Department (PD),7/26/2024 7:38:00 PM,7/26/2024 7:38:00 PM,2,Y,Bicycle,Bicycle,Injury,Non-Incapacitating Injury,DAY,N,N,N,Y,N,N,N,N,N,1,1,0,1,0,0,0,0,1,0,0,1,1,0,1,0,0,0,0,0,0,0,0,0,0,N,0,0,Y,0,0,1,0,0,0,1,250,250,0,0,0,Preliminary,Editor Mapped,466189.5039,3173660.4528,28.6897325084771,-81.3461009621319
26808812,2024,13-SEP-2024 05:23 PM,13-SEP-2024 12:00 AM,2024TA010444,L,1,2,17,40,Seminole,Longwood,Urban,9/13/2024 5:24:00 PM,9/13/2024 5:26:00 PM,9/13/2024 5:28:00 PM,9/13/2024 5:53:00 PM,Y,Law Enforcement,SR-434,,28.697937,-81.350479,0,,S MILWEE ST,,State,Curb,Four-Way Intersection,N,Daylight,Cloudy,Dry,N,,Pedestrian,On Roadway,N,Intersection,None,,,None,,,N,,,,,OFC,Longwood Police Department,Police Department (PD),9/17/2024 7:50:00 PM,9/17/2024 7:50:00 PM,4,Y,Pedestrian,Pedestrian,Injury,Possible Injury,DAY,N,N,N,N,N,N,Y,N,N,1,1,1,0,0,0,0,0,0,0,0,1,1,0,1,1,0,0,0,0,0,0,0,0,0,N,0,0,Y,0,0,1,0,0,0,1,900,900,0,0,0,Preliminary,Editor Mapped,465773.0698,3174544.3688,28.6976999520994,-81.3503902896302
26809900,2024,10-AUG-2024 12:21 PM,10-AUG-2024 12:00 AM,240800150,S,2,2,8,50,Volusia,Ormond Beach,Urban,8/10/2024 12:21:00 PM,8/10/2024 12:29:00 PM,8/10/2024 12:42:00 PM,8/10/2024 1:00:00 PM,Y,Law Enforcement,UNNAMED RD,,29.338601,-81.13268,,,,,Parking Lot,Paved,Not at Intersection,N,Daylight,Clear,Dry,N,,Other Non-Fixed Object,On Roadway,N,Non-Junction,None,,,None,,,N,,,,,OFC,Ormond Beach Police Department,Police Department (PD),9/20/2024 7:36:00 PM,9/20/2024 7:36:00 PM,41,N,Backed Into,Other,No Injury,No Injury,DAY,N,N,N,N,N,N,N,N,N,2,0,0,0,0,0,0,0,1,0,0,1,1,0,1,0,0,0,0,0,0,0,0,0,0,N,0,0,Y,0,0,0,0,0,0,2,1100,1100,0,0,0,Preliminary,Officer Mapped,487119.5683,3245507.3344,29.3385953519226,-81.1326773564407
26810792,2024,14-MAY-2024 05:28 PM,14-MAY-2024 05:28 PM,2024-00041228,L,1,2,61,53,Flagler,Palm Coast,Urban,5/14/2024 5:28:00 PM,5/14/2024 5:31:00 PM,5/14/2024 5:38:00 PM,5/14/2024 7:06:00 PM,Y,Law Enforcement,PALM COAST PKWY,250,,,,,,,Parking Lot,Curb,Other,N,Daylight,Clear,Dry,N,Angle,Pedestrian,Separator,N,Non-Junction,None,,,None,,,N,,,,,Deputy,Flagler County Sheriff's Office,Sheriff's Office (SO),6/15/2024 7:21:00 PM,6/15/2024 7:21:00 PM,32,Y,Pedestrian,Pedestrian,Injury,Non-Incapacitating Injury,DAY,N,N,N,N,N,N,N,N,N,1,1,0,1,0,0,0,0,0,0,0,1,1,0,1,0,0,0,0,0,0,0,0,0,0,N,0,0,Y,0,0,0,0,0,0,0,0,0,0,0,0,Preliminary,Editor Mapped,475673.074,3269205.2983,29.5523068292659,-81.25110937297
26811579,2024,30-OCT-2024 03:50 AM,30-OCT-2024 03:50 PM,2024-00093895,L,1,2,61,53,Flagler,Palm Coast,Urban,10/30/2024 3:50:00 PM,10/30/2024 3:54:00 PM,10/30/2024 3:56:00 PM,10/30/2024 5:38:00 PM,Y,Law Enforcement,BELLE TERRE PKWY,,,,0,,ROYAL PALMS PKWY,,Local,Unpaved,Four-Way Intersection,Y,Daylight,Clear,Dry,N,Angle,Pedalcycle,On Roadway,N,Intersection,None,,,None,,,N,,,,,Deputy,Flagler County Sheriff's Office,Sheriff's Office (SO),11/6/2024 11:00:00 PM,11/6/2024 11:00:00 PM,7,Y,Bicycle,Bicycle,Injury,Non-Incapacitating Injury,NIGHT,N,N,N,N,N,N,Y,N,N,1,1,0,1,0,0,0,0,0,0,0,1,1,0,1,0,0,0,0,0,0,0,0,0,0,N,0,0,Y,0,0,0,0,1,0,1,500,500,1,0,0,Preliminary,Editor Mapped,478679.386,3263132.6497,29.4975550316579,-81.219958989232
26811644,2024,13-NOV-2024 03:00 PM,13-NOV-2024 03:01 PM,2024-00097999,L,1,2,61,53,Flagler,Palm Coast,Urban,11/13/2024 3:01:00 PM,11/13/2024 3:01:00 PM,11/13/2024 3:07:00 PM,11/13/2024 5:30:00 PM,Y,Law Enforcement,MATANZAS WOODS PKWY,,,,0,,BIRD OF PARADISE DR,,Local,Unpaved,T-Intersection,N,Daylight,Clear,Dry,N,Angle,Pedalcycle,On Roadway,N,Non-Junction,None,,,None,,,N,,,,,,Flagler County Sheriff's Office,Sheriff's Office (SO),11/16/2024 7:25:00 PM,11/16/2024 7:25:00 PM,3,Y,Bicycle,Bicycle,Serious Injury,Incapacitating Injury,DAY,N,N,N,N,N,N,N,N,N,1,1,0,0,1,0,0,0,0,0,0,1,1,0,1,0,0,0,0,0,0,0,0,0,0,N,0,0,Y,1,0,0,0,0,0,1,500,500,1,0,0,Preliminary,Editor Mapped,475543.1047,3274325.8028,29.5985173671891,-81.2525659391011
26815082,2024,10-JUL-2024 03:07 PM,10-JUL-2024 12:00 AM,202400198800,L,1,3,40,0,Hernando,Unincorporated,Rural,7/10/2024 3:09:00 PM,7/10/2024 3:09:00 PM,7/10/2024 3:23:00 PM,7/10/2024 5:00:00 PM,Y,Law Enforcement,EASTSIDE AVE,,28.582567,-82.376501,133,North,LINCOLN RD,,Local,Unpaved,Not at Intersection,N,Daylight,Clear,Dry,N,,Pedalcycle,On Roadway,N,Non-Junction,None,,,None,,,N,,,,,DEPUTY,Hernando County Sheriff's Office,Sheriff's Office (SO),7/11/2024 7:21:00 PM,7/11/2024 7:21:00 PM,1,N,Bicycle,Bicycle,No Injury,No Injury,DAY,N,N,N,N,N,N,N,N,N,3,0,0,0,0,0,0,0,0,0,0,1,1,0,1,0,0,1,0,0,0,0,0,0,0,N,0,0,Y,0,0,0,0,0,0,1,50,50,1,0,0,Preliminary,Editor Mapped,365387.7631,3162512.1708,28.5825617809306,-82.3764902629217
26815800,2024,17-SEP-2024 03:00 PM,17-SEP-2024 12:00 AM,202400248811,L,1,2,40,0,Hernando,Unincorporated,Rural,9/17/2024 3:16:00 PM,9/17/2024 3:20:00 PM,9/17/2024 3:29:00 PM,9/17/2024 4:00:00 PM,Y,Law Enforcement,KEYSVILLE AVE,,28.495803,-82.55386,0,,NORTHCLIFFE BLVD,,County,Paved,Four-Way Intersection,N,Daylight,Clear,Dry,N,,Pedestrian,On Roadway,N,Intersection,None,,,None,,,N,,,,,DEPUTY,Hernando County Sheriff's Office,Sheriff's Office (SO),9/24/2024 7:54:00 PM,9/24/2024 7:54:00 PM,7,Y,Pedestrian,Pedestrian,Injury,Non-Incapacitating Injury,DAY,N,N,N,N,N,N,Y,N,N,1,1,0,1,0,0,0,0,0,0,0,1,1,0,1,1,0,0,0,0,0,0,0,0,0,N,0,0,Y,0,0,0,0,0,0,0,0,0,1,0,0,Preliminary,Editor Mapped,347915.597,3153110.5588,28.4957986113643,-82.5538570975609
26816382,2024,11-NOV-2024 11:08 AM,11-NOV-2024 12:00 AM,202400286867,S,1,3,40,0,Hernando,Unincorporated,Rural,11/11/2024 11:10:00 AM,11/11/2024 11:10:00 AM,11/11/2024 11:30:00 AM,11/11/2024 12:00:00 PM,Y,Law Enforcement,SUNCOAST VILLA WAY,,28.487136,-82.488516,29,East,BARCLAY AVE,,County,Unpaved,Not at Intersection,N,Daylight,Cloudy,Dry,N,,Pedalcycle,Shoulder,N,Through Roadway,None,,,None,,,N,,,,,STEP,Hernando County Sheriff's Office,Sheriff's Office (SO),12/17/2024 8:18:00 PM,12/17/2024 8:18:00 PM,36,N,Bicycle,Bicycle,No Injury,No Injury,DAY,N,N,N,N,N,N,N,N,N,3,0,0,0,0,0,0,0,0,0,0,1,1,0,1,0,0,1,0,0,0,0,0,0,0,N,0,0,Y,0,0,1,0,0,0,1,500,500,0,0,0,Preliminary,Officer Mapped,354300.1214,3152069.0728,28.4871306174254,-82.488512565834
26816626,2024,03-DEC-2024 11:07 AM,03-DEC-2024 12:00 AM,202400302690,L,1,3,40,0,Hernando,Unincorporated,Rural,12/3/2024 11:08:00 AM,12/3/2024 11:09:00 AM,12/3/2024 11:20:00 AM,12/3/2024 11:55:00 AM,Y,Law Enforcement,SPRING HILL DR,11115,28.46186,-82.539571,228,East,MARINER BLVD,,County,Curb,Other,N,Daylight,Clear,Dry,N,,Pedalcycle,Shoulder,N,Other,None,,,None,,,N,,,,,DEPUTY,Hernando County Sheriff's Office,Sheriff's Office (SO),12/17/2024 8:18:00 PM,12/17/2024 8:18:00 PM,14,N,Bicycle,Bicycle,No Injury,No Injury,DAY,N,N,N,N,N,N,N,N,N,2,0,0,0,0,0,0,0,0,0,0,1,1,0,0,0,0,2,0,0,0,0,0,0,0,N,0,0,Y,0,0,0,0,0,0,1,3000,3000,0,0,0,Preliminary,Editor Mapped,349266.1741,3149331.3389,28.4618542476959,-82.5395675566385
26818359,2024,29-JUN-2024 05:30 PM,29-JUN-2024 12:00 AM,2024-00091211,L,1,3,42,62,Martin,Stuart,Urban,6/29/2024 5:31:00 PM,6/29/2024 5:36:00 PM,6/29/2024 5:36:00 PM,6/29/2024 6:20:00 PM,Y,Law Enforcement,SE INDIAN ST,,27.158438,-80.246639,0,,S KANNER HWY,,State,Curb,Four-Way Intersection,N,Daylight,Clear,Dry,N,,Pedalcycle,On Roadway,N,Intersection,None,,,None,,,N,,,,,DEPUTY,Martin County Sheriff's Office,Sheriff's Office (SO),7/13/2024 7:19:00 PM,7/13/2024 7:19:00 PM,14,Y,Bicycle,Bicycle,Injury,Possible Injury,DAY,N,N,N,N,N,N,Y,N,N,2,1,1,0,0,0,0,0,0,0,0,1,1,0,1,1,0,1,0,0,0,0,0,0,0,N,0,0,Y,0,0,0,0,0,0,1,1500,1500,0,0,0,Preliminary,Editor Mapped,574641.3423,3004207.4427,27.1584338363917,-80.2466363679639
26818628,2024,12-JUL-2024 09:50 PM,12-JUL-2024 12:00 AM,2024-00097111,L,1,2,42,41,Martin,Jensen Beach,Urban,7/12/2024 9:52:00 PM,7/12/2024 9:58:00 PM,7/12/2024 10:05:00 PM,7/12/2024 1:44:00 AM,Y,Law Enforcement,NW FEDERAL HWY,2500,27.235671,-80.269084,,,,,Parking Lot,Paved,Not at Intersection,Y,Dark - Lighted,Clear,Dry,N,,Pedestrian,Off Roadway,N,Non-Junction,None,,,None,,,N,,,,,DEPUTY,Martin County Sheriff's Office,Sheriff's Office (SO),8/10/2024 7:23:00 PM,8/10/2024 7:23:00 PM,29,Y,Pedestrian,Pedestrian,Serious Injury,Incapacitating Injury,NIGHT,N,Y,N,Y,N,Y,N,N,N,1,1,0,0,1,0,0,0,0,0,0,1,1,0,1,0,0,0,0,0,0,0,0,0,0,N,0,0,Y,1,0,12,0,0,0,1,5000,5000,1,0,0,Preliminary,Editor Mapped,572367.5083,3012749.1234,27.2356660857812,-80.2690822408609
26819012,2024,17-SEP-2024 05:55 PM,17-SEP-2024 12:00 AM,2024-00131237,L,2,5,42,62,Martin,Stuart,Urban,9/17/2024 5:57:00 PM,9/17/2024 6:05:00 PM,9/17/2024 6:05:00 PM,9/17/2024 7:24:00 PM,Y,Law Enforcement,SE 47TH AVE,,27.136176,-80.19234,0,,SE MURRAY ST,,County,Unpaved,Four-Way Intersection,N,Daylight,Clear,Dry,N,,Pedalcycle,On Roadway,N,Crossover-Related,None,,,None,,,N,,,,,DEPUTY,Martin County Sheriff's Office,Sheriff's Office (SO),9/24/2024 7:54:00 PM,9/24/2024 7:54:00 PM,7,Y,Bicycle,Bicycle,Injury,Possible Injury,DAY,N,N,N,N,N,N,N,Y,N,3,2,2,0,0,0,0,0,0,0,0,2,2,0,1,0,0,2,0,0,0,0,0,0,0,N,0,0,Y,0,0,0,0,0,0,2,1500,1500,1,0,1,Preliminary,Editor Mapped,580037.1754,3001774.8932,27.1361710466278,-80.1923377455895
26819392,2024,25-OCT-2024 01:49 PM,25-OCT-2024 12:00 AM,2024-00150078,L,1,3,42,53,Martin,Palm City,Urban,10/25/2024 1:49:00 PM,10/25/2024 1:49:00 PM,10/25/2024 2:10:00 PM,10/25/2024 2:45:00 PM,Y,Law Enforcement,SE MAPP RD,1454,27.187274,-80.277429,,,,,Parking Lot,Unpaved,Not at Intersection,N,Daylight,Clear,Dry,N,,Pedalcycle,Off Roadway,N,Shared-Use Path or Trail,None,,,None,,,N,,,,,CSA,Martin County Sheriff's Office,Sheriff's Office (SO),11/6/2024 11:01:00 PM,11/6/2024 11:01:00 PM,12,Y,Bicycle,Bicycle,Injury,Possible Injury,DAY,N,N,N,N,N,N,N,N,N,2,1,1,0,0,0,0,0,0,0,0,2,2,0,1,0,0,0,0,0,0,0,0,0,0,N,0,0,Y,0,0,0,0,0,0,0,0,0,0,0,0,Preliminary,Editor Mapped,571572.0959,3007383.7419,27.1872712492536,-80.2774279570085
26819405,2024,03-NOV-2024 10:06 AM,03-NOV-2024 12:00 AM,2024-00154358,L,1,2,42,53,Martin,Palm City,Urban,11/3/2024 10:07:00 AM,11/3/2024 10:09:00 AM,11/3/2024 10:17:00 AM,11/3/2024 10:48:00 AM,Y,Law Enforcement,NW ROYAL OAK DR,,27.245511,-80.263364,14,North,NW JENSEN BEACH BLVD,,County,Paved,Not at Intersection,N,Daylight,Clear,Dry,N,,Pedalcycle,On Roadway,N,Through Roadway,None,,,None,,,N,,,,,CSA,Martin County Sheriff's Office,Sheriff's Office (SO),11/15/2024 8:02:00 PM,11/15/2024 8:02:00 PM,12,Y,Bicycle,Bicycle,Injury,Possible Injury,DAY,N,N,N,N,N,N,N,N,N,1,1,1,0,0,0,0,0,0,0,0,1,1,0,1,0,1,0,0,0,0,0,0,0,0,N,0,0,Y,0,0,0,0,0,0,1,800,800,0,0,0,Preliminary,Editor Mapped,572927.5391,3013842.4696,27.2455066767717,-80.2633612751371
26819434,2024,25-OCT-2024 10:00 AM,25-OCT-2024 12:00 AM,2024-00150015,L,1,2,42,62,Martin,Stuart,Urban,10/25/2024 11:41:00 AM,10/25/2024 11:41:00 AM,10/25/2024 11:41:00 AM,10/25/2024 2:00:00 PM,Y,Law Enforcement,SE FEDERAL HWY,5146,27.141968,-80.212389,,,,,Parking Lot,Curb,Not at Intersection,N,Daylight,Clear,Dry,N,,Pedalcycle,Roadside,N,Non-Junction,None,,,None,,,N,,,,,D/S,Martin County Sheriff's Office,Sheriff's Office (SO),11/6/2024 11:01:00 PM,11/6/2024 11:01:00 PM,12,Y,Bicycle,Bicycle,Injury,Non-Incapacitating Injury,DAY,N,N,N,N,N,N,N,N,N,1,1,0,1,0,0,0,0,0,0,0,1,1,0,1,0,0,0,0,0,0,0,0,0,0,N,0,0,Y,0,0,0,0,1,1000,1,3000,4000,0,0,1,Preliminary,Editor Mapped,578046.0545,3002403.6042,27.1419609121895,-80.2123889882675
26821572,2024,20-JUL-2024 03:43 PM,20-JUL-2024 12:00 AM,2024-00068779,L,1,2,5,52,Polk,Lakeland,Urban,7/20/2024 3:43:00 PM,7/20/2024 3:43:00 PM,7/20/2024 3:33:00 PM,7/20/2024 4:40:00 PM,Y,Law Enforcement,SR-37,3154,28.006111,-81.957116,114,South,,,Other,Paved,Not at Intersection,N,Daylight,Clear,Dry,N,,Other Non-Fixed Object,Shoulder,N,Driveway/Alley Access Related,None,,,None,,,N,,,,,OFFICER,Lakeland Police Department,Police Department (PD),7/30/2024 7:51:00 PM,7/30/2024 7:51:00 PM,10,Y,Single Vehicle,Other,Injury,Possible Injury,DAY,N,N,N,N,N,N,N,N,N,1,1,1,0,0,0,0,0,0,0,0,1,1,0,1,0,0,0,0,0,0,0,0,0,0,N,0,0,Y,0,0,0,0,0,0,1,100,100,0,0,0,Preliminary,Editor Mapped,405896.3741,3098245.697,28.006086451803,-81.9571199606342
26830387,2024,16-DEC-2024 01:40 PM,16-DEC-2024 02:07 PM,761523,L,1,2,2,38,Duval,Jacksonville,Urban,12/16/2024 1:48:00 PM,12/16/2024 1:49:00 PM,12/16/2024 1:52:00 PM,12/16/2024 2:08:00 PM,Y,Law Enforcement,SOUTHSIDE CONNECTOR BLVD,,30.338309106163,-81.552563919867,0,,TREDNICK PKWY,,State,Curb,Four-Way Intersection,N,Daylight,Clear,Dry,N,Other,Pedestrian,On Roadway,Y,Intersection,None,,,None,,,N,,,,,CSO,Jacksonville Sheriff's Office,Sheriff's Office (SO),12/18/2024 7:33:00 PM,12/18/2024 7:33:00 PM,2,Y,Pedestrian,Pedestrian,Injury,Non-Incapacitating Injury,DAY,N,N,N,N,N,N,Y,N,N,1,1,0,1,0,0,0,0,0,0,0,1,1,0,1,0,0,0,0,0,0,0,0,0,0,N,0,0,Y,0,0,1,0,1,100,0,0,100,1,0,0,Preliminary,Editor Mapped,446888.1869,3356399.3737,30.3382757430317,-81.5525594548578
26831089,2024,09-AUG-2024 05:50 PM,09-AUG-2024 06:14 PM,486018,L,1,4,2,38,Duval,Jacksonville,Urban,8/9/2024 5:50:00 PM,8/9/2024 5:50:00 PM,8/9/2024 6:01:00 PM,8/9/2024 7:27:00 PM,Y,Law Enforcement,KENNERLY RD,,30.2842794418734,-81.6053032489084,65,East,PELICAN RD,,Local,Curb,Not at Intersection,N,Daylight,Clear,Dry,N,Angle,Motor Vehicle in Transport,Roadside,N,Driveway/Alley Access Related,None,,,None,,,N,,,,,CSO,Jacksonville Sheriff's Office,Sheriff's Office (SO),8/15/2024 1:20:00 AM,8/15/2024 1:20:00 AM,6,Y,Single Vehicle,Other,Serious Injury,Incapacitating Injury,DAY,N,N,N,N,N,N,N,N,N,3,1,0,0,1,0,0,0,0,0,0,1,1,0,1,0,0,2,0,0,0,0,0,0,0,N,0,0,Y,1,0,1,0,1,2000,1,1000,3000,1,0,0,Preliminary,Editor Mapped,441786.5834,3350440.1749,30.2842668340375,-81.6053020767989
26832050,2024,10-DEC-2024 12:00 AM,10-DEC-2024 09:42 PM,750233,L,1,2,2,38,Duval,Jacksonville,Urban,12/10/2024 12:00:00 AM,12/10/2024 12:00:00 AM,12/10/2024 12:00:00 AM,12/10/2024 10:12:00 PM,Y,Law Enforcement,UNIVERSITY BLVD W,,30.26095264559,-81.642867656184,265,West,AUBURN RD,,State,Curb,Other,N,Dark - Lighted,Clear,Dry,N,Angle,Pedalcycle,On Roadway,N,Through Roadway,None,,,None,,,N,,,,,OFFICER,Jacksonville Sheriff's Office,Sheriff's Office (SO),12/11/2024 7:32:00 PM,12/11/2024 7:32:00 PM,1,N,Bicycle,Bicycle,No Injury,No Injury,NIGHT,N,N,N,Y,N,N,N,N,N,2,0,0,0,0,0,0,0,0,0,0,1,1,0,1,0,0,0,0,0,0,0,0,0,0,N,0,0,Y,0,0,1,0,1,100,0,0,100,0,0,0,Preliminary,Editor Mapped,438161.2836,3347876.1882,30.2609505576521,-81.6428451580314
26833311,2024,17-DEC-2024 04:18 PM,17-DEC-2024 04:49 PM,764159,L,1,3,2,38,Duval,Jacksonville,Urban,12/17/2024 4:19:00 PM,12/17/2024 4:26:00 PM,12/17/2024 4:39:00 PM,12/17/2024 5:45:00 PM,Y,Law Enforcement,KINGSTON ST,,30.337880516355,-81.699265806221,0,,ALMEDA ST,,Local,Curb,Four-Way Intersection,N,Daylight,Clear,Dry,N,Other,Other Non-Fixed Object,On Roadway,Y,Intersection,None,,,None,,,N,,,,,OFFICER,Jacksonville Sheriff's Office,Sheriff's Office (SO),12/19/2024 7:34:00 PM,12/19/2024 7:34:00 PM,2,Y,Single Vehicle,Other,Injury,Non-Incapacitating Injury,DAY,N,N,N,N,N,N,Y,N,N,1,2,0,2,0,0,0,0,0,0,0,2,2,0,1,0,0,0,0,0,0,0,0,0,0,N,0,0,Y,0,0,0,0,0,0,1,2000,2000,0,0,0,Preliminary,Editor Mapped,432783.4988,3356433.7734,30.3378838229779,-81.6992944171283
26835252,2024,30-SEP-2024 05:10 PM,30-SEP-2024 05:40 PM,600663,L,1,2,2,38,Duval,Jacksonville,Urban,9/30/2024 5:10:00 PM,9/30/2024 5:10:00 PM,9/30/2024 5:21:00 PM,9/30/2024 6:57:00 PM,Y,Law Enforcement,N MAIN ST,,30.3726518190016,-81.6513122833977,0,,E 44TH ST,,U.S.,Curb,Four-Way Intersection,N,Daylight,Clear,Dry,N,Angle,Pedalcycle,On Roadway,N,Intersection,None,,,None,,,N,,,,,CSO,Jacksonville Sheriff's Office,Sheriff's Office (SO),10/3/2024 12:56:00 AM,10/3/2024 12:56:00 AM,3,Y,Bicycle,Bicycle,Serious Injury,Incapacitating Injury,DAY,N,N,N,Y,N,N,Y,N,N,1,1,0,0,1,0,0,0,0,0,0,1,1,0,1,0,0,0,0,0,0,0,0,0,0,N,0,0,Y,1,0,2,0,1,2000,1,5000,7000,1,0,0,Preliminary,Editor Mapped,437421.7854,3360260.3638,30.3726623284791,-81.6512708766276
26852599,2024,15-AUG-2024 08:20 PM,15-AUG-2024 08:45 PM,PPPD24OFF057010,L,1,2,10,68,Broward,Pembroke Pines,Urban,8/15/2024 8:22:00 PM,8/15/2024 8:27:00 PM,8/15/2024 8:30:00 PM,8/15/2024 9:43:00 PM,Y,Law Enforcement,SHERIDAN ST,,26.0299327576915,-80.2805168965243,0,,PALM AVE,,Local,Unpaved,Four-Way Intersection,N,Dark - Lighted,Clear,Dry,N,Angle,Pedalcycle,On Roadway,N,Intersection,None,,,None,,,N,,,,,PSA,Pembroke Pines Police Department,Police Department (PD),9/5/2024 1:14:00 AM,9/5/2024 1:14:00 AM,21,Y,Bicycle,Bicycle,Injury,Non-Incapacitating Injury,NIGHT,N,N,N,N,N,N,Y,N,N,1,1,0,1,0,0,0,0,0,0,0,1,1,0,1,0,0,0,0,0,0,0,0,0,0,N,0,0,Y,0,0,0,0,0,0,1,1000,1000,1,0,0,Preliminary,Editor Mapped,572003.1815,2879186.1781,26.0298336584234,-80.2803568280303
26852655,2024,22-NOV-2024 08:00 AM,22-NOV-2024 08:25 AM,PPPD24OFF081885,L,1,2,10,68,Broward,Pembroke Pines,Urban,11/22/2024 8:00:00 AM,11/22/2024 8:06:00 AM,11/22/2024 8:15:00 AM,11/22/2024 9:00:00 AM,Y,Law Enforcement,N UNIVERSITY DR,900,26.01648267,-80.24845168,0,,,,Parking Lot,Curb,Not at Intersection,N,Daylight,Clear,Dry,N,Other,Pedalcycle,In Parking Lane or Zone,N,Driveway/Alley Access Related,None,,,None,,,N,,,,,OFFICER,Pembroke Pines Police Department,Police Department (PD),12/5/2024 7:29:00 PM,12/5/2024 7:29:00 PM,13,Y,Bicycle,Bicycle,Injury,Non-Incapacitating Injury,DAY,N,N,N,Y,N,N,N,N,N,1,1,0,1,0,0,0,0,0,0,0,1,1,0,1,0,0,0,0,0,0,0,0,0,0,N,0,0,Y,0,0,2,0,1,300,1,100,400,0,0,0,Preliminary,Computer plot approximate by lat/long,575204.3136,2877725.022,26.0164779432998,-80.2484489767624
26855164,2024,30-AUG-2024 04:20 PM,30-AUG-2024 12:00 AM,24003329,L,1,4,6,54,Palm Beach,Jupiter,Urban,8/30/2024 4:30:00 PM,8/30/2024 4:31:00 PM,8/30/2024 4:32:00 PM,8/30/2024 4:45:00 PM,Y,Law Enforcement,GREENWAY DR,,,,0,,DAKOTA DR,,Local,Curb,Four-Way Intersection,N,Daylight,Cloudy,Wet,N,"Sideswipe, Same Direction",Pedalcycle,On Roadway,N,Intersection,None,,,None,,,N,,,,,OFFICER,Jupiter Police Department,Police Department (PD),9/5/2024 7:30:00 PM,9/5/2024 7:30:00 PM,6,N,Bicycle,Bicycle,No Injury,No Injury,DAY,N,N,N,N,N,N,Y,N,N,4,0,0,0,0,0,0,0,0,0,0,1,1,0,1,0,0,2,0,0,0,0,0,0,0,N,0,0,Y,0,0,0,0,0,0,0,0,0,0,0,0,Preliminary,Editor Mapped,587011.7481,2976325.8898,26.9060075332191,-80.1237474016869
26855283,2024,22-SEP-2024 02:02 PM,22-SEP-2024 12:00 AM,24003631,L,1,2,6,54,Palm Beach,Jupiter,Urban,9/22/2024 2:02:00 PM,9/22/2024 2:02:00 PM,9/22/2024 2:07:00 PM,9/22/2024 2:27:00 PM,Y,Law Enforcement,CINQUEZ PARK RD W,17643,,,647,North,,,Local,Unpaved,Not at Intersection,N,Daylight,Clear,Dry,N,Angle,Motor Vehicle in Transport,On Roadway,N,Driveway/Alley Access Related,None,,,None,,,N,,,,,OFFICER,Jupiter Police Department,Police Department (PD),9/26/2024 7:28:00 PM,9/26/2024 7:28:00 PM,4,Y,Single Vehicle,Other,Injury,Non-Incapacitating Injury,DAY,N,N,N,N,N,N,N,N,N,1,1,0,1,0,0,0,0,0,0,0,1,1,0,1,0,0,0,0,0,0,0,0,0,0,N,0,0,Y,0,0,0,0,0,0,1,50,50,0,0,0,Preliminary,Editor Mapped,586196.8055,2979697.7542,26.9364982447922,-80.1317205418474
26858191,2024,16-OCT-2024 09:55 AM,16-OCT-2024 12:00 AM,2024-036299,L,1,3,4,64,Pinellas,St. Petersburg,Urban,10/16/2024 9:56:00 AM,10/16/2024 9:57:00 AM,10/16/2024 10:01:00 AM,10/16/2024 10:45:00 AM,N,Law Enforcement,16TH ST N,,27.810758,-82.65495,0,,HAINES RD N,,Local,Curb,Four-Way Intersection,N,Daylight,Cloudy,Dry,N,,Pedalcycle,On Roadway,N,Intersection,"Traffic Control Device Inoperative, Missing or Obscured",,,None,,,N,,,,,OFC,St. Petersburg Police Department,Police Department (PD),10/31/2024 2:14:00 AM,10/31/2024 2:14:00 AM,15,Y,Bicycle,Bicycle,Injury,Possible Injury,DAY,N,N,N,N,N,N,Y,N,N,2,1,1,0,0,0,0,0,0,0,0,1,1,0,1,0,0,1,0,0,0,0,0,0,0,N,0,0,Y,0,0,0,0,0,0,1,500,500,1,0,0,Preliminary,Editor Mapped,336985.0624,3077337.276,27.8107519219782,-82.6549479095777
26858294,2024,19-OCT-2024 10:18 PM,19-OCT-2024 12:00 AM,2024-036802,L,1,1,4,64,Pinellas,St. Petersburg,Urban,10/19/2024 10:18:00 PM,10/19/2024 10:19:00 PM,10/19/2024 10:23:00 PM,10/19/2024 10:40:00 PM,Y,Law Enforcement,SOUTHWEST BLVD N,,27.824411,-82.643657,40,West,ATLANTIC AVE N,,Local,Curb,Not at Intersection,N,Dark - Not Lighted,Clear,Dry,N,,Parked Motor Vehicle,On Roadway,N,Non-Junction,None,,,None,,,N,,,,,OFFICER,St. Petersburg Police Department,Police Department (PD),10/31/2024 2:14:00 AM,10/31/2024 2:14:00 AM,12,Y,Single Vehicle,Other,Serious Injury,Incapacitating Injury,NIGHT,N,N,N,N,N,N,N,Y,N,0,1,0,0,1,0,0,0,0,0,0,1,1,0,0,0,0,0,0,0,0,0,0,0,0,N,0,0,Y,1,0,0,0,0,0,1,1500,1500,1,0,0,Preliminary,Editor Mapped,338117.9713,3078835.1364,27.824405653225,-82.643653904695
26858321,2024,10-NOV-2024 05:55 PM,10-NOV-2024 12:00 AM,2024-039670,L,1,2,4,64,Pinellas,St. Petersburg,Urban,11/10/2024 5:55:00 PM,11/10/2024 5:55:00 PM,11/10/2024 6:00:00 PM,11/10/2024 6:35:00 PM,Y,Law Enforcement,28TH ST N,,27.799916,-82.671392,250,North,30TH AVE N,,Local,Paved,Not at Intersection,N,Dark - Not Lighted,Clear,Dry,N,,Pedalcycle,On Roadway,N,Non-Junction,None,,,None,,,N,,,,,OFC,St. Petersburg Police Department,Police Department (PD),11/12/2024 7:47:00 PM,11/12/2024 7:47:00 PM,2,Y,Bicycle,Bicycle,Injury,Non-Incapacitating Injury,DAY,N,N,N,N,N,N,N,N,N,1,1,0,1,0,0,0,0,0,0,0,1,1,0,1,0,0,0,0,0,0,0,0,0,0,N,0,0,Y,0,0,0,0,0,0,1,0,0,0,0,0,Preliminary,Editor Mapped,335349.6489,3076156.6036,27.7998979668592,-82.6713820118643
26859180,2024,26-NOV-2024 05:42 PM,26-NOV-2024 12:00 AM,2024-041622,L,1,4,4,64,Pinellas,St. Petersburg,Urban,11/26/2024 5:44:00 PM,11/26/2024 5:45:00 PM,11/26/2024 5:53:00 PM,11/26/2024 6:19:00 PM,Y,Law Enforcement,4TH ST S,,27.753617,-82.638503,44,North,17TH AVE S,,Local,Paved,Not at Intersection,N,Dark - Lighted,Clear,Dry,N,,Pedalcycle,On Roadway,N,Through Roadway,None,,,None,,,N,,,,,OFC,St. Petersburg Police Department,Police Department (PD),12/5/2024 7:29:00 PM,12/5/2024 7:29:00 PM,9,Y,Bicycle,Bicycle,Injury,Possible Injury,DAY,N,N,N,N,N,N,N,N,N,3,1,1,0,0,0,0,0,0,0,0,1,1,0,1,0,0,2,0,0,0,0,0,0,0,N,0,0,Y,0,0,0,0,0,0,1,3000,3000,1,0,0,Preliminary,Officer Mapped,338521.0523,3070984.5532,27.7536117054641,-82.6384999492556
26859199,2024,28-NOV-2024 05:40 PM,28-NOV-2024 12:00 AM,2024-041833,S,1,2,4,64,Pinellas,St. Petersburg,Urban,11/28/2024 5:40:00 PM,11/28/2024 5:40:00 PM,11/28/2024 5:50:00 PM,11/28/2024 6:15:00 PM,Y,Law Enforcement,16TH AVE S,,27.754274,-82.648203,476,East,11TH ST S,,Local,Paved,Not at Intersection,N,Dusk,Clear,Dry,N,,Pedalcycle,Off Roadway,N,Non-Junction,None,,,None,,,N,,,,,OFFICER,St. Petersburg Police Department,Police Department (PD),12/12/2024 7:34:00 PM,12/12/2024 7:34:00 PM,14,N,Bicycle,Bicycle,No Injury,No Injury,DAY,N,N,N,N,N,N,N,N,N,2,0,0,0,0,0,0,0,0,0,0,1,1,0,1,0,0,0,0,0,0,0,0,0,0,N,0,0,Y,0,0,0,0,1,200,1,500,700,0,0,0,Preliminary,Officer Mapped,337565.9294,3071070.122,27.7542687189074,-82.6481997978762
26859269,2024,03-DEC-2024 06:36 PM,03-DEC-2024 12:00 AM,2024-042352,L,1,3,4,64,Pinellas,St. Petersburg,Urban,12/3/2024 6:36:00 PM,12/3/2024 6:37:00 PM,12/3/2024 6:41:00 PM,12/3/2024 8:00:00 PM,Y,Law Enforcement,7TH AVE N,,27.779337,-82.64561,0,,HIGHLAND ST N,,Local,Paved,Four-Way Intersection,N,Dark - Lighted,Clear,Dry,N,,Pedalcycle,On Roadway,N,Intersection,None,,,None,,,N,,,,,OFC,St. Petersburg Police Department,Police Department (PD),12/5/2024 7:29:00 PM,12/5/2024 7:29:00 PM,2,Y,Bicycle,Bicycle,No Injury,No Injury,DAY,N,N,N,N,N,N,Y,N,N,3,0,0,0,0,0,0,0,0,0,0,1,1,0,1,0,0,1,0,0,0,0,0,0,0,N,0,0,Y,0,0,1,0,0,0,1,0,0,0,0,0,Preliminary,Editor Mapped,337858.73,3073843.6866,27.7793323651043,-82.6456063281676
26859602,2024,18-DEC-2024 03:29 PM,18-DEC-2024 12:00 AM,2024-044267,L,1,2,4,64,Pinellas,St. Petersburg,Urban,12/18/2024 3:29:00 PM,12/18/2024 3:30:00 PM,12/18/2024 3:48:00 PM,12/18/2024 4:36:00 PM,N,Law Enforcement,38TH AVE N,,27.806289,-82.711062,386,East,58TH ST N,,Local,Paved,Not at Intersection,N,Daylight,Clear,Dry,N,,Pedalcycle,On Roadway,N,Non-Junction,None,,,None,,,N,,,,,OFC,St. Petersburg Police Department,Police Department (PD),12/21/2024 7:27:00 PM,12/21/2024 7:27:00 PM,3,Y,Bicycle,Bicycle,No Injury,No Injury,DAY,N,N,N,N,N,Y,N,N,N,1,0,0,0,0,0,0,0,0,0,0,1,1,0,1,0,0,0,0,0,0,0,0,0,0,N,0,0,Y,0,0,0,0,0,0,0,0,0,0,0,0,Preliminary,Editor Mapped,331450.3053,3076917.9428,27.8062834101663,-82.7110580714881
26867849,2024,07-OCT-2024 06:00 PM,07-OCT-2024 12:00 AM,2024-595108,S,1,2,3,50,Hillsborough,Tampa,Urban,10/7/2024 6:01:00 PM,10/7/2024 6:21:00 PM,10/7/2024 6:30:00 PM,10/7/2024 7:20:00 PM,Y,Law Enforcement,HUNTERS LAKE DR,,28.141243,-82.354679,43,East,BRUCE B DOWNS BLVD,,Local,Curb,Other,N,Daylight,Clear,Dry,N,,Pedalcycle,On Roadway,N,Other,None,,,None,,,N,,,,,MPO,Tampa Police Department,Police Department (PD),10/10/2024 12:51:00 AM,10/10/2024 12:51:00 AM,3,N,Bicycle,Bicycle,No Injury,No Injury,DAY,N,N,N,N,N,N,N,N,N,2,0,0,0,0,0,0,0,0,0,0,1,1,0,1,0,0,0,0,0,0,0,0,0,0,N,0,0,Y,0,0,0,0,0,0,1,500,500,0,0,0,Preliminary,Officer Mapped,366972.0375,3113590.0281,28.1412382375808,-82.3546753975256
26869244,2024,06-NOV-2024 11:20 AM,06-NOV-2024 12:00 AM,2024-658169,L,1,2,3,50,Hillsborough,Tampa,Urban,11/6/2024 11:22:00 AM,11/6/2024 11:23:00 AM,11/6/2024 11:27:00 AM,11/6/2024 12:05:00 PM,Y,Law Enforcement,E MOHAWK AVE,,27.996991,-82.438804,0,,N 19TH ST,,Local,Curb,Four-Way Intersection,Y,Daylight,Clear,Dry,N,,Pedalcycle,On Roadway,N,Intersection,None,,,None,,,N,,,,,OFFICER,Tampa Police Department,Police Department (PD),11/7/2024 7:29:00 PM,11/7/2024 7:29:00 PM,1,N,Bicycle,Bicycle,No Injury,No Injury,DAY,N,N,N,N,N,N,Y,N,N,2,0,0,0,0,0,0,0,0,0,0,1,1,0,1,1,0,0,0,0,0,0,0,0,0,N,0,0,Y,0,0,1,0,0,0,1,300,300,1,0,0,Preliminary,Editor Mapped,358521.2134,3097702.4709,27.9969858111446,-82.4388002782466
26869266,2024,06-NOV-2024 06:23 PM,06-NOV-2024 12:00 AM,2024-658884,L,1,2,3,50,Hillsborough,Tampa,Urban,11/6/2024 6:25:00 PM,11/6/2024 6:33:00 PM,11/6/2024 6:33:00 PM,11/6/2024 7:25:00 PM,Y,Law Enforcement,N DALE MABRY HWY,,27.959601,-82.505542,60,North,W SPRUCE ST,,Local,Curb,Four-Way Intersection,N,Dark - Lighted,Clear,Dry,N,,Pedalcycle,On Roadway,N,Intersection-Related,None,,,None,,,N,,,,,MPO,Tampa Police Department,Police Department (PD),11/14/2024 7:33:00 PM,11/14/2024 7:33:00 PM,8,Y,Bicycle,Bicycle,Injury,Non-Incapacitating Injury,DAY,N,N,N,N,N,N,Y,N,N,1,1,0,1,0,0,0,0,0,0,0,1,1,0,1,0,0,0,0,0,0,0,0,0,0,N,0,0,Y,0,0,0,0,0,0,1,1000,1000,0,0,0,Preliminary,Editor Mapped,351906.8351,3093638.9406,27.9595954853923,-82.5055387476711
26869734,2024,16-NOV-2024 06:53 PM,16-NOV-2024 12:00 AM,2024-677873,L,1,2,3,50,Hillsborough,Tampa,Urban,11/16/2024 6:54:00 PM,11/16/2024 6:54:00 PM,11/16/2024 7:04:00 PM,11/16/2024 7:45:00 PM,Y,Law Enforcement,E FOWLER AVE,,28.054244,-82.427911,589,West,N 30TH ST,,Local,Curb,Not at Intersection,N,Dark - Lighted,Clear,Dry,N,,Pedestrian,Roadside,N,Non-Junction,None,,,None,,,N,,,,,SGT,Tampa Police Department,Police Department (PD),11/17/2024 7:19:00 PM,11/17/2024 7:19:00 PM,1,Y,Pedestrian,Pedestrian,Injury,Non-Incapacitating Injury,DAY,N,N,N,N,N,N,N,N,N,1,1,0,1,0,0,0,0,0,0,0,1,1,0,1,0,0,0,0,0,0,0,0,0,0,N,0,0,Y,0,0,0,0,0,0,1,1000,1000,0,0,1,Preliminary,Editor Mapped,359664.4722,3104030.0648,28.0542100255354,-82.4279301171402
26870110,2024,24-NOV-2024 10:34 AM,24-NOV-2024 12:00 AM,2024-692756,S,1,2,3,50,Hillsborough,Tampa,Urban,11/24/2024 10:34:00 AM,11/24/2024 11:01:00 AM,11/24/2024 11:02:00 AM,11/24/2024 11:40:00 AM,Y,Law Enforcement,N GRADY AVE,,27.957843,-82.509832,593,South,W SPRUCE ST,,Local,Paved,Not at Intersection,N,Daylight,Clear,Dry,N,,Pedalcycle,On Roadway,N,Through Roadway,None,,,None,,,N,,,,,OFFICER,Tampa Police Department,Police Department (PD),11/25/2024 7:51:00 PM,11/25/2024 7:51:00 PM,1,N,Bicycle,Bicycle,No Injury,No Injury,DAY,N,N,N,N,N,N,N,N,N,2,0,0,0,0,0,0,0,0,0,0,1,1,0,1,0,0,0,0,0,0,0,0,0,0,N,0,0,Y,0,0,0,0,0,0,1,1500,1500,0,0,0,Preliminary,Officer Mapped,351482.3777,3093449.4471,27.9578381891071,-82.5098288298005
26870930,2024,11-DEC-2024 03:25 PM,11-DEC-2024 12:00 AM,2024-724892,L,1,3,3,50,Hillsborough,Tampa,Urban,12/11/2024 3:25:00 PM,12/11/2024 3:25:00 PM,12/11/2024 3:26:00 PM,12/11/2024 4:15:00 PM,Y,Law Enforcement,E BIRD ST,,28.022548,-82.451396,0,,N NEBRASKA AVE,,Local,Curb,Four-Way Intersection,N,Daylight,Clear,Dry,N,,Pedestrian,On Roadway,N,Intersection,None,,,None,,,N,,,,,OFC,Tampa Police Department,Police Department (PD),12/12/2024 7:34:00 PM,12/12/2024 7:34:00 PM,1,Y,Pedestrian,Pedestrian,Injury,Possible Injury,DAY,N,N,N,N,N,N,Y,N,N,2,1,1,0,0,0,0,0,0,0,0,2,1,0,1,0,0,0,0,0,0,0,0,0,0,N,0,0,Y,0,0,0,0,1,1500,0,0,1500,0,0,0,Preliminary,Editor Mapped,357316.528,3100548.7549,28.022543024074,-82.4513927345434
26871576,2024,24-DEC-2024 05:30 PM,24-DEC-2024 12:00 AM,2024-749426,L,1,2,3,50,Hillsborough,Tampa,Urban,12/24/2024 5:32:00 PM,12/24/2024 7:19:00 PM,12/24/2024 7:27:00 PM,12/24/2024 8:05:00 PM,Y,Law Enforcement,E 21ST AVE,,27.970407,-82.414102,0,,N 40TH ST,,Local,Paved,Four-Way Intersection,N,Dusk,Clear,Dry,N,,Pedestrian,On Roadway,N,Intersection,None,,,None,,,N,,,,,OFFICER,Tampa Police Department,Police Department (PD),12/27/2024 8:05:00 PM,12/27/2024 8:05:00 PM,3,Y,Pedestrian,Pedestrian,Injury,Non-Incapacitating Injury,DAY,N,N,N,N,N,Y,Y,N,N,0,1,0,1,0,0,0,0,0,0,0,1,1,0,1,0,0,0,0,0,0,0,0,0,0,N,0,0,Y,0,0,0,0,1,100,0,0,100,0,0,0,Preliminary,Officer Mapped,360916.251,3094728.8126,27.9704025465985,-82.4140993140578
26871598,2024,25-DEC-2024 08:02 PM,25-DEC-2024 12:00 AM,2024-750825,L,1,2,3,50,Hillsborough,Tampa,Urban,12/25/2024 8:02:00 PM,12/25/2024 8:06:00 PM,12/25/2024 8:17:00 PM,12/25/2024 9:30:00 PM,Y,Law Enforcement,N ARMENIA AVE,,28.025163,-82.48432,0,,W WATERS AVE,,Local,Paved,Four-Way Intersection,N,Dark - Lighted,Clear,Dry,N,,Pedalcycle,On Roadway,N,Intersection,None,,,None,,,N,,,,,OFFICER,Tampa Police Department,Police Department (PD),12/27/2024 8:05:00 PM,12/27/2024 8:05:00 PM,2,Y,Bicycle,Bicycle,Injury,Non-Incapacitating Injury,NIGHT,N,N,N,N,N,N,Y,N,N,1,1,0,1,0,0,0,0,0,0,0,1,1,0,1,0,0,0,0,0,0,0,0,0,0,N,0,0,Y,0,0,1,0,0,0,1,200,200,1,0,0,Preliminary,Officer Mapped,354082.975,3100877.4815,28.0251582320228,-82.4843165943013
26882806,2024,24-AUG-2024 01:18 PM,24-AUG-2024 12:00 AM,24063833,L,1,2,10,34,Broward,Davie,Urban,8/24/2024 1:18:00 PM,8/24/2024 1:19:00 PM,8/24/2024 1:25:00 PM,8/24/2024 1:25:00 PM,Y,Law Enforcement,S UNIVERSITY DR,4450,,,,,,,Parking Lot,Curb,T-Intersection,N,Daylight,Clear,Dry,N,Other,Pedestrian,In Parking Lane or Zone,N,Intersection,None,,,None,,,N,,,,,COMMUNITY SERVICE AIDE,Davie Police Department,Police Department (PD),8/26/2024 7:37:00 PM,8/26/2024 7:37:00 PM,2,N,Pedestrian,Pedestrian,No Injury,No Injury,DAY,N,N,N,Y,N,N,Y,N,N,2,0,0,0,0,0,0,0,0,0,0,1,1,0,1,1,0,0,0,0,0,0,0,0,0,N,0,0,Y,0,0,0,0,0,0,0,0,0,0,0,0,Preliminary,Editor Mapped,574826.2145,2883184.3624,26.0657901220397,-80.2519145124374
26894773,2024,09-OCT-2024 10:42 AM,28-OCT-2024 04:25 PM,342410176422,L,1,2,10,38,Broward,Fort Lauderdale,Urban,10/9/2024 1:42:00 PM,10/9/2024 1:54:00 PM,10/9/2024 2:00:00 PM,10/9/2024 2:13:00 PM,Y,Law Enforcement,N DIXIE HIGHWAY,,,,0,,NE 14TH PL,,Local,Curb,T-Intersection,N,Daylight,Cloudy,Dry,N,Other,Motor Vehicle in Transport,On Roadway,N,Non-Junction,None,,,None,,,N,,,,,,Fort Lauderdale Police Department,Police Department (PD),10/11/2024 7:23:00 PM,10/31/2024 7:32:00 PM,2,Y,Single Vehicle,Other,Injury,Non-Incapacitating Injury,DAY,N,N,N,N,N,Y,N,N,N,0,1,0,1,0,0,0,0,0,0,0,1,1,0,1,0,0,0,0,0,0,0,0,0,0,N,0,0,Y,0,0,0,0,0,0,0,0,0,0,0,0,Preliminary,Editor Mapped,586379.2463,2892115.7714,26.1457844457627,-80.1358286443346
26895565,2024,10-SEP-2024 05:16 PM,10-SEP-2024 09:48 PM,342409159010,L,1,2,10,38,Broward,Fort Lauderdale,Urban,9/10/2024 5:18:00 PM,9/10/2024 5:21:00 PM,9/10/2024 5:29:00 PM,9/10/2024 5:43:00 PM,Y,Law Enforcement,NE 4TH AVE,1200 BLOCK,,,102,North,,,Local,Curb,Not at Intersection,N,Daylight,Cloudy,Dry,N,Other,Pedalcycle,On Roadway,N,Non-Junction,None,,,None,,,N,,,,,,Fort Lauderdale Police Department,Police Department (PD),9/12/2024 7:27:00 PM,9/12/2024 7:27:00 PM,2,Y,Bicycle,Bicycle,Injury,Non-Incapacitating Injury,DAY,N,N,N,N,N,N,N,N,N,1,1,0,1,0,0,0,0,0,0,0,1,1,0,1,0,0,0,0,0,0,0,0,0,0,N,0,0,Y,0,0,0,0,0,0,1,5000,5000,0,0,0,Preliminary,Editor Mapped,585922.6604,2891557.829,26.1407743009394,-80.1404329913912
26896191,2024,18-DEC-2024 03:05 AM,18-DEC-2024 08:45 PM,342418218064,L,1,2,10,38,Broward,Fort Lauderdale,Urban,12/18/2024 3:06:00 AM,12/18/2024 3:07:00 AM,12/18/2024 3:15:00 AM,12/18/2024 2:30:00 PM,Y,Law Enforcement,N FEDERAL HWY,5001,,,246,North,,,U.S.,Paved,Not at Intersection,N,Daylight,Clear,Dry,N,Other,Motor Vehicle in Transport,On Roadway,N,Non-Junction,None,,,None,,,N,,,,,,Fort Lauderdale Police Department,Police Department (PD),12/20/2024 7:51:00 PM,12/20/2024 7:51:00 PM,2,Y,Single Vehicle,Other,Injury,Non-Incapacitating Injury,NIGHT,N,N,N,N,N,N,N,N,N,1,1,0,1,0,0,0,0,0,0,0,1,1,0,1,1,0,0,0,0,0,0,0,0,0,N,0,0,Y,0,0,0,0,0,0,1,500,500,1,0,0,Preliminary,Editor Mapped,588461.1092,2897058.0559,26.1902797589545,-80.1146659166482
26897989,2024,31-DEC-2024 06:47 PM,03-JAN-2025 06:49 PM,342501000479,L,1,2,10,38,Broward,Fort Lauderdale,Urban,12/31/2024 4:01:00 PM,12/31/2024 4:24:00 PM,12/31/2024 4:30:00 PM,12/31/2024 5:15:00 PM,Y,Law Enforcement,HOLIDAY DR,3000 BLOCK,,,,,,,Local,Curb,T-Intersection,N,Dark - Lighted,Clear,Dry,N,Other,Motor Vehicle in Transport,On Roadway,N,Non-Junction,None,,,None,,,N,,,,,,Fort Lauderdale Police Department,Police Department (PD),1/3/2025 7:38:00 PM,1/4/2025 7:24:00 PM,3,Y,Single Vehicle,Other,Injury,Non-Incapacitating Injury,DAY,N,N,N,N,N,Y,N,N,N,0,1,0,1,0,0,0,0,0,0,0,1,1,0,1,0,0,0,0,0,0,0,0,0,0,N,0,0,Y,0,0,0,0,0,0,0,0,0,0,0,0,Unmapped,Unmapped,,,,
26899620,2024,12-SEP-2024 08:32 PM,12-SEP-2024 12:00 AM,2024-256-398,L,1,2,19,46,Brevard,Palm Bay,Urban,9/12/2024 8:32:00 PM,9/12/2024 8:33:00 PM,9/12/2024 8:41:00 PM,9/12/2024 9:26:00 PM,Y,Law Enforcement,SAN FILIPPO DR SE,,27.971002,-80.634655,0,,WADSWORTH ST SE,,Local,Unpaved,Not at Intersection,N,Dark - Not Lighted,Rain,Wet,N,,Pedalcycle,On Roadway,N,Non-Junction,Road Surface Condition,,,Weather Conditions,,,N,,,,,OFC,Palm Bay Police Department,Police Department (PD),9/23/2024 7:34:00 PM,9/23/2024 7:34:00 PM,11,Y,Bicycle,Bicycle,Serious Injury,Incapacitating Injury,NIGHT,N,N,N,N,N,N,N,N,N,1,1,0,0,1,0,0,0,0,0,0,1,1,0,1,0,1,0,0,0,0,0,0,0,0,N,0,0,Y,1,0,0,0,0,0,1,600,600,1,0,0,Preliminary,Editor Mapped,535929.5481,3094040.6279,27.9709729507108,-80.6346738374272
26899647,2024,16-SEP-2024 08:28 AM,16-SEP-2024 12:00 AM,2024-260-077,L,1,2,19,0,Brevard,Unincorporated,Urban,9/16/2024 8:28:00 AM,9/16/2024 8:28:00 AM,9/16/2024 8:33:00 AM,9/16/2024 10:15:00 AM,Y,Law Enforcement,PALM BAY RD NE,,28.035431,-80.647826,670,East,HOLLYWOOD BLVD,,Other,Curb,Not at Intersection,N,Daylight,Cloudy,Dry,N,,Pedalcycle,Off Roadway,N,Driveway/Alley Access Related,None,,,None,,,N,,,,,OFFICER,Palm Bay Police Department,Police Department (PD),9/17/2024 7:49:00 PM,9/17/2024 7:49:00 PM,1,Y,Bicycle,Bicycle,Serious Injury,Incapacitating Injury,DAY,N,N,N,N,N,N,N,N,N,1,1,0,0,1,0,0,0,0,0,0,1,1,0,1,1,0,0,0,0,0,0,0,0,0,N,0,0,Y,1,0,0,0,0,0,0,0,0,1,0,0,Preliminary,Editor Mapped,534615.7346,3101176.7315,28.0354262503021,-80.6478228800275
26900240,2024,28-NOV-2024 06:30 PM,28-NOV-2024 12:00 AM,2024-333-205,S,1,2,19,46,Brevard,Palm Bay,Urban,11/28/2024 6:37:00 PM,11/28/2024 6:41:00 PM,11/28/2024 6:45:00 PM,11/28/2024 7:30:00 PM,Y,Law Enforcement,BACON CIR NE,,28.020678,-80.574416,58,West,CABLE LN NE,,Local,Paved,Not at Intersection,N,Dark - Lighted,Clear,Dry,N,,Parked Motor Vehicle,On Roadway,N,Non-Junction,None,,,None,,,N,,,,,OFFICER,Palm Bay Police Department,Police Department (PD),12/1/2024 7:18:00 PM,12/1/2024 7:18:00 PM,3,N,Single Vehicle,Other,No Injury,No Injury,DAY,N,N,N,N,N,N,N,N,N,2,0,0,0,0,0,0,0,0,0,0,1,1,0,1,0,0,0,0,0,0,0,0,0,0,N,0,0,Y,0,0,0,0,0,0,1,500,500,0,0,0,Preliminary,Officer Mapped,541838.1378,3099567.3341,28.020690194643,-80.5744015169386
