REPORT_NUMBER,CRASH_YEAR,PERSON_NUMBER,LOCATION_AT_TIME_OF_CRASH_CODE,ACTION_PRIOR_TO_CRASH_CODE,NON_MOTORIST_DESCRIPTION_CODE,CITY,STATE,ZIP_CODE,SEX,SUSPECTED_ALCOHOL_USE_CODE,ALCOHOL_TESTED_CODE,ALCOHOL_TEST_TYPE_CODE,ALCOHOL_TEST_RESULT,BLOOD_ALCOHOL_CONTENT,SUSPECTED_DRUG_USE_CODE,DRUG_TESTED_CODE,DRUG_TEST_TYPE_CODE,DRUG_TEST_RESULT,INJURY_SEVERITY,EMS_TRANSPORT_TYPE,NON_MOTORIST_ACTIONS_CIRCUMSTANCES_1,NON_MOTORIST_ACTIONS_CIRCUMSTANCES_2,SAFETY_EQUIPMENT_CODE_1,SAFETY_EQUIPMENT_CODE_2,S4_AGE_AT_TIME_OF_CRASH,S4_IS_ALCOHOL_RELATED,S4_IS_DRUG_RELATED,S4_IS_AGING,S4_IS_TEENAGER
26710349,2024,2,Intersection - Marked Crosswalk,Crossing Roadway,Other Cyclist,MIAMI,,33167,Male,N,,,,,N,,,,None,Not Transported,No Improper Action,,None,None,18,N,N,N,Y
26710685,2024,2,Intersection - Other,Walking/Cycling Along Roadway With Traffic,Other Cyclist,UK,,UK,Unknown,,,,,,,,,,None,Not Transported,"Failure to Obey Traffic Signs, Signals, or Officer",,Unknown,,,N,N,N,N
26711314,2024,2,Intersection - Unmarked Crosswalk,Crossing Roadway,Other Cyclist,MIAMI,,33142,Male,N,,,,,N,,,,Non-Incapacitating,EMS,Failure to Yield Right-of-Way,,None,,15,N,N,N,Y
26753983,2024,3,Driveway Access,Walking/Cycling Along Roadway Against Traffic,Other Cyclist,LAKE WORTH,FL,33463,Male,N,,,,,N,,,,Possible,Not Transported,Wrong-Way Riding or Walking,Inattentive,None,,39,N,N,N,N
26772322,2024,2,Intersection - Marked Crosswalk,Crossing Roadway,Other Cyclist,DEERFIELD BEACH,FL,33442,,N,,,,,N,,,,Incapacitating,EMS,"Failure to Obey Traffic Signs, Signals, or Officer",,None,,,N,N,N,N
26776519,2024,2,Bicycle Lane,Walking/Cycling Along Roadway With Traffic,Other Cyclist,DANIA BEACH,FL,33004,,N,,,,,N,,,,None,EMS,No Improper Action,,None,,,N,N,N,N
26800558,2024,2,Driveway Access,Crossing Roadway,Other Cyclist,TALLAHASSEE,FL,32304,Male,N,,,,,N,,,,Possible,EMS,Failure to Yield Right-of-Way,,None,,56,N,N,N,N
26832050,2024,2,Intersection - Marked Crosswalk,Crossing Roadway,Other Cyclist,JACKSONVILLE,FL,32207,Male,N,Test Not Given,,,,N,Test Not Given,,,None,Not Transported,No Improper Action,,Helmet,None,9,N,N,N,N
26900240,2024,2,Driveway Access,Other,Other Cyclist,PALM BAY,FL,32905,Male,N,,,,,N,,,,None,Not Transported,No Improper Action,,None,,29,N,N,N,N
26714493,2024,2,Sidewalk,Crossing Roadway,Other Cyclist,MIAMI,,33184,Female,N,,,,,N,,,,Possible,Not Transported,No Improper Action,,None,,18,N,N,N,Y
26714516,2024,1,Intersection - Marked Crosswalk,Crossing Roadway,Other Cyclist,MIAMI,,33128,Male,N,,,,,N,,,,Non-Incapacitating,EMS,Failure to Yield Right-of-Way,,None,,23,N,N,N,N
26715477,2024,2,Shoulder/Roadside,In Roadway - Other,Other Cyclist,MIAMI,,33150,Male,,,,,,,,,,Possible,EMS,Unknown,,None,,50,N,N,N,N
26715869,2024,2,Other,Crossing Roadway,Other Cyclist,NORTH BAY VILLAGE,,33141,Male,N,,,,,N,,,,Non-Incapacitating,EMS,No Improper Action,,None,,48,N,N,N,N
26716626,2024,2,Intersection - Marked Crosswalk,Crossing Roadway,Other Cyclist,MIAMI,,33167,Male,N,,,,,N,,,,None,EMS,No Improper Action,,None,,34,N,N,N,N
26717319,2024,2,Intersection - Marked Crosswalk,Crossing Roadway,Other Cyclist,HOLLYWOOD,,33020,,N,,,,,N,,,,Possible,Not Transported,No Improper Action,,None,,,N,N,N,N
26719107,2024,1,Intersection - Unmarked Crosswalk,Crossing Roadway,Other Cyclist,UK,,UK,Unknown,,,,,,,,,,Possible,Not Transported,Dart/Dash,,None,,,N,N,N,N
26721520,2024,1,Travel Lane - Other Location,In Roadway - Other,Other Cyclist,MIAMI GARDENS,,33055,Male,N,,,,,N,,,,Non-Incapacitating,Not Transported,Dart/Dash,,None,,10,N,N,N,N
26722203,2024,2,Midblock - Marked Crosswalk,Crossing Roadway,Other Cyclist,MIAMI,,33150,Male,N,,,,,N,,,,Non-Incapacitating,EMS,Dart/Dash,,None,,62,N,N,N,N
26722431,2024,1,Other,In Roadway - Other,Other Cyclist,MIAMI,,33032,Male,N,,,,,N,,,,Non-Incapacitating,EMS,In Roadway Improperly,Other,None,,6,N,N,N,N
26722493,2024,1,Intersection - Other,Walking/Cycling Along Roadway With Traffic,Other Cyclist,MIAMI,,33142,Male,N,,,,,N,,,,Possible,EMS,"Failure to Obey Traffic Signs, Signals, or Officer",,None,,9,N,N,N,N
26722803,2024,2,Travel Lane - Other Location,Walking/Cycling Along Roadway With Traffic,Other Cyclist,NORTH MIAMI BEACH,,33181,Male,N,,,,,N,,,,None,Not Transported,Inattentive,,None,,32,N,N,N,N
26722979,2024,2,Intersection - Marked Crosswalk,Crossing Roadway,Other Cyclist,MIAMI,,33147,Male,N,,,,,N,,,,Possible,Not Transported,No Improper Action,No Improper Action,None,None,15,N,N,N,Y
26742082,2024,2,Intersection - Unmarked Crosswalk,Walking/Cycling Along Roadway Against Traffic,Other Cyclist,ST. AUGUSTINE,FL,32084,Male,N,Test Not Given,,,,N,Test Not Given,,,Non-Incapacitating,Not Transported,Wrong-Way Riding or Walking,,None,,43,N,N,N,N
26742986,2024,2,Midblock - Marked Crosswalk,Crossing Roadway,Other Cyclist,STUART,FL,34994,Male,N,,,,,N,,,,Non-Incapacitating,Not Transported,Other,,None,,37,N,N,N,N
26747026,2024,2,Other,Walking/Cycling Along Roadway Against Traffic,Other Cyclist,WEST PALM BEACH,FL,33401,Male,N,,,,,N,,,,Non-Incapacitating,Not Transported,Failure to Yield Right-of-Way,,None,,29,N,N,N,N
26747909,2024,2,Intersection - Unmarked Crosswalk,Crossing Roadway,Other Cyclist,BOYNTON BEACH,FL,33436,Female,N,,,,,N,,,,Possible,EMS,No Improper Action,,None,,20,N,N,N,N
26749150,2024,3,Intersection - Marked Crosswalk,Walking/Cycling on Sidewalk,Other Cyclist,RIVIERA BEACH,FL,33404,Female,N,,,,,N,,,,Possible,EMS,"Failure to Obey Traffic Signs, Signals, or Officer",,None,,37,N,N,N,N
26750720,2024,3,Intersection - Other,Crossing Roadway,Other Cyclist,LANTANA,FL,33462,Male,N,,,,,N,,,,Possible,EMS,Wrong-Way Riding or Walking,Failure to Yield Right-of-Way,None,,42,N,N,N,N
26751840,2024,2,Intersection - Marked Crosswalk,Crossing Roadway,Other Cyclist,LAKE WORTH,FL,33463,Male,N,,,,,N,,,,Non-Incapacitating,EMS,No Improper Action,,None,,23,N,N,N,N
26753741,2024,2,Other,Other,Other Cyclist,WEST PALM BEACH,FL,33411,Female,N,,,,,N,,,,Incapacitating,EMS,Failure to Yield Right-of-Way,,None,,86,N,N,Y,N
26852599,2024,2,Intersection - Marked Crosswalk,Crossing Roadway,Other Cyclist,NORTH MIAMI BEACH,FL,33160,Male,N,,,,,N,,,,Non-Incapacitating,EMS,"Failure to Obey Traffic Signs, Signals, or Officer",Failure to Yield Right-of-Way,None,,31,N,N,N,N
26755012,2024,2,Travel Lane - Other Location,Walking/Cycling Along Roadway With Traffic,Other Cyclist,BOYNTON BEACH,FL,33426,Male,N,,,,,N,,,,Possible,Not Transported,No Improper Action,,None,,53,N,N,N,N
26756141,2024,2,Intersection - Marked Crosswalk,Crossing Roadway,Other Cyclist,HOMESTEAD,FL,33034,Male,N,,,,,N,,,,Non-Incapacitating,EMS,Other,,None,,8,N,N,N,N
26756141,2024,3,Intersection - Marked Crosswalk,Crossing Roadway,Other Cyclist,HOMESTEAD,FL,33034,Male,N,,,,,N,,,,Non-Incapacitating,Not Transported,Other,,None,,15,N,N,N,Y
26765067,2024,2,Other,Walking/Cycling Along Roadway Against Traffic,Other Cyclist,BARTOW,FL,33830,Male,N,,,,,N,,,,Non-Incapacitating,EMS,Wrong-Way Riding or Walking,,None,,13,N,N,N,N
26767914,2024,1,Other,Other,Other Cyclist,NORTH MIAMI,FL,33161,,N,,,,,N,,,,Non-Incapacitating,Not Transported,Failure to Yield Right-of-Way,,None,,,N,N,N,N
26771163,2024,2,Intersection - Marked Crosswalk,Crossing Roadway,Other Cyclist,APOPKA,FL,32703,Male,N,,,,,N,,,,None,Not Transported,No Improper Action,,None,,30,N,N,N,N
26772554,2024,1,Other,Crossing Roadway,Other Cyclist,POMPANO BEACH,FL,33064,,N,,,,,N,,,,None,Not Transported,Failure to Yield Right-of-Way,,None,,,N,N,N,N
26772976,2024,1,Travel Lane - Other Location,In Roadway - Other,Other Cyclist,PARKLAND,FL,33076,,N,,,,,N,,,,Possible,EMS,In Roadway Improperly,,None,,,N,N,N,N
26774389,2024,2,Intersection - Other,Walking/Cycling Along Roadway With Traffic,Bicyclist,COCONUT CREEK,FL,33066,,N,,,,,N,,,,Possible,EMS,"Failure to Obey Traffic Signs, Signals, or Officer",,None,,,N,N,N,N
26774389,2024,3,Intersection - Other,Walking/Cycling Along Roadway Against Traffic,Other Cyclist,MIAMI GARDENS,FL,33056,,N,,,,,N,,,,Possible,EMS,Other,,None,,,N,N,N,N
26775408,2024,2,Bicycle Lane,Crossing Roadway,Other Cyclist,HIALEAH,FL,33012,,N,,,,,N,,,,Possible,EMS,No Improper Action,,None,,,N,N,N,N
26775443,2024,2,Intersection - Other,Walking/Cycling on Sidewalk,Other Cyclist,DEERFIELD BEACH,FL,33064,,N,,,,,N,,,,Possible,Not Transported,Other,,None,,,N,N,N,N
26776247,2024,1,Shoulder/Roadside,Walking/Cycling Along Roadway Against Traffic,Other Cyclist,FORT LAUDERDALE,FL,33311,,N,,,,,N,,,,None,Not Transported,Wrong-Way Riding or Walking,,None,,,N,N,N,N
26777493,2024,2,Bicycle Lane,Walking/Cycling Along Roadway With Traffic,Other Cyclist,CORAL SPRINGS,FL,33065,,N,,,,,N,,,,Possible,EMS,No Improper Action,,None,,,N,N,N,N
26778438,2024,2,Sidewalk,Walking/Cycling on Sidewalk,Other Cyclist,POMPANO BEACH,FL,33060,,N,,,,,N,,,,None,EMS,No Improper Action,,None,,,N,N,N,N
26778905,2024,2,Sidewalk,Walking/Cycling on Sidewalk,Other Cyclist,POMPANO BEACH,FL,33064,,N,,,,,N,,,,None,Not Transported,No Improper Action,,None,,,N,N,N,N
26778945,2024,2,Intersection - Marked Crosswalk,Crossing Roadway,Other Cyclist,DANIA BEACH,FL,33004,,N,,,,,N,,,,Incapacitating,EMS,Failure to Yield Right-of-Way,,None,,,N,N,N,N
26781232,2024,2,Intersection - Unmarked Crosswalk,Crossing Roadway,Other Cyclist,FORT LAUDERDALE,FL,33311,,N,,,,,N,,,,Non-Incapacitating,EMS,Failure to Yield Right-of-Way,Wrong-Way Riding or Walking,None,,,N,N,N,N
26792675,2024,4,Intersection - Other,Crossing Roadway,Other Cyclist,BONITA SPRINGS,FL,34135,Male,N,,,,,N,,,,Non-Incapacitating,EMS,"Failure to Obey Traffic Signs, Signals, or Officer",,None,,28,N,N,N,N
26795158,2024,2,Other,Walking/Cycling on Sidewalk,Other Cyclist,NORTH FORT MYERS,FL,33917,Female,N,,,,,N,,,,None,Not Transported,Other,,None,,22,N,N,N,N
26796810,2024,2,Intersection - Marked Crosswalk,Walking/Cycling on Sidewalk,Other Cyclist,CAPE CORAL,FL,33914,Female,N,,,,,N,,,,Non-Incapacitating,EMS,No Improper Action,,None,,38,N,N,N,N
26797079,2024,2,Other,In Roadway - Other,Other Cyclist,NORTH FORT MYERS,FL,33917,Male,N,,,,,N,,,,Possible,Not Transported,Failure to Yield Right-of-Way,,None,,47,N,N,N,N
26800028,2024,2,Travel Lane - Other Location,In Roadway - Other,Other Cyclist,TALLAHASSEE,FL,32304,Male,N,,,,,N,,,,Non-Incapacitating,Other,In Roadway Improperly,,None,,34,N,N,N,N
26811644,2024,2,Intersection - Marked Crosswalk,Going To or From School,Other Cyclist,Palm Coast,FL,32137,Female,,,,,,,,,,Incapacitating,EMS,Improper Turn/Merge,,None,None,16,N,N,N,Y
26819405,2024,2,Bicycle Lane,Crossing Roadway,Other Cyclist,INDIANTOWN,FL,34956,Male,N,,,,,N,,,,Possible,Not Transported,"Failure to Obey Traffic Signs, Signals, or Officer",,Helmet,Protective Pads,47,N,N,N,N
26800121,2024,1,Driveway Access,Walking/Cycling on Sidewalk,Other Cyclist,TALLAHASSEE,FL,32304,Male,N,,,,,N,,,,None,Not Transported,No Improper Action,,None,,18,N,N,N,Y
26800344,2024,2,Intersection - Other,Other,Other Cyclist,TALLAHASSEE,FL,32303,Male,N,,,,,N,,,,Non-Incapacitating,EMS,"Failure to Obey Traffic Signs, Signals, or Officer",,None,,16,N,N,N,Y
26808703,2024,2,Intersection - Marked Crosswalk,Walking/Cycling on Sidewalk,Other Cyclist,ALTAMONTE SPRINGS,FL,32714,Male,N,,,,,N,,,,Non-Incapacitating,Not Transported,No Improper Action,,None,,35,N,N,N,N
26808812,2024,2,Intersection - Marked Crosswalk,Crossing Roadway,Other Cyclist,LONGWOOD,FL,32750,Male,N,,,,,N,,,,Possible,Not Transported,No Improper Action,,None,,16,N,N,N,Y
26809900,2024,2,Intersection - Marked Crosswalk,Crossing Roadway,Other Cyclist,CLOVIS,CA,,Male,N,,,,,N,,,,None,Not Transported,No Improper Action,,None,,42,N,N,N,N
26810792,2024,2,Intersection - Marked Crosswalk,Walking/Cycling Along Roadway Against Traffic,Other Cyclist,Palm Coast,FL,32137,Male,,,,,,,,,,Non-Incapacitating,Not Transported,Dart/Dash,Unknown,None,None,13,N,N,N,N
26811579,2024,2,Intersection - Marked Crosswalk,Walking/Cycling on Sidewalk,Other Cyclist,Palm Coast,FL,32164,Male,,,,,,,,,,Non-Incapacitating,EMS,Wrong-Way Riding or Walking,Unknown,None,None,55,N,N,N,N
26815082,2024,3,Travel Lane - Other Location,Other,Other Cyclist,BROOKSVILLE,FL,34601,Male,N,,,,,N,,,,None,EMS,No Improper Action,,None,,67,N,N,Y,N
26815800,2024,2,Intersection - Marked Crosswalk,Crossing Roadway,Other Cyclist,SPRING HILL,FL,34608,Female,N,,,,,N,,,,Non-Incapacitating,EMS,Other,,None,,13,N,N,N,N
26816382,2024,3,Intersection - Marked Crosswalk,Walking/Cycling Along Roadway Against Traffic,Other Cyclist,KEY LARGO,FL,33037,Male,N,,,,,N,,,,None,Not Transported,Wrong-Way Riding or Walking,,Helmet,,20,N,N,N,N
26821572,2024,2,Sidewalk,Other,Other Cyclist,BARTOW,FL,33830,Male,N,,,,,N,,,,Possible,Not Transported,Failure to Yield Right-of-Way,,None,,34,N,N,N,N
26816626,2024,3,Sidewalk,Walking/Cycling on Sidewalk,Other Cyclist,,,,Male,N,,,,,N,,,,,Unknown,Unknown,,None,,,N,N,N,N
26818359,2024,3,Intersection - Marked Crosswalk,Crossing Roadway,Other Cyclist,PALM CITY,FL,34990,Female,N,,,,,N,,,,Possible,Not Transported,Failure to Yield Right-of-Way,,None,,18,N,N,N,Y
26818628,2024,2,Other,Unknown,Other Cyclist,JENSEN BEACH,FL,34957,Male,N,,,,,N,,,,Incapacitating,EMS,No Improper Action,,None,,40,N,N,N,N
26819012,2024,4,Intersection - Marked Crosswalk,Crossing Roadway,Bicyclist,STUART,FL,34997,Male,N,,,,,N,,,,Possible,Other,Failure to Yield Right-of-Way,Inattentive,None,,14,N,N,N,N
26819012,2024,5,Intersection - Marked Crosswalk,Crossing Roadway,Other Cyclist,STUART,FF,34997,Male,N,,,,,N,,,,Possible,EMS,Failure to Yield Right-of-Way,Inattentive,None,,13,N,N,N,N
26819392,2024,2,Intersection - Marked Crosswalk,Walking/Cycling on Sidewalk,Bicyclist,PALM CITY,FL,34990,Male,N,,,,,N,,,,Possible,Not Transported,No Improper Action,,Helmet,None,35,N,N,N,N
26819392,2024,3,Intersection - Marked Crosswalk,Walking/Cycling on Sidewalk,Other Cyclist,PLM CITY,FL,34990,Male,N,,,,,N,,,,None,Not Transported,No Improper Action,,Helmet,None,2,N,N,N,N
26819434,2024,2,Midblock - Marked Crosswalk,Walking/Cycling on Sidewalk,Other Cyclist,STUART,FL,34997,Male,N,,,,,N,,,,Non-Incapacitating,Other,Unknown,,None,,19,N,N,N,Y
26830387,2024,2,Intersection - Marked Crosswalk,Crossing Roadway,Other Cyclist,JACKSONVILLE,FL,32277,Male,N,Test Not Given,,,,N,Test Not Given,,,Non-Incapacitating,EMS,"Failure to Obey Traffic Signs, Signals, or Officer",,None,,24,N,N,N,N
26831089,2024,1,Sidewalk,Walking/Cycling on Sidewalk,Other Cyclist,JACKSONVILLE,FL,32216,Male,N,Test Not Given,,,,N,Test Not Given,,,Incapacitating,EMS,Failure to Yield Right-of-Way,Improper Passing,Helmet,Other,17,N,N,N,Y
26833311,2024,2,Shoulder/Roadside,Other,Other Cyclist,JACKSONVILLE,FL,32209,Male,N,Test Not Given,,,,N,Test Not Given,,,Non-Incapacitating,Not Transported,Failure to Yield Right-of-Way,,Unknown,Unknown,6,N,N,N,N
26833311,2024,3,Shoulder/Roadside,Other,Other Cyclist,JACKSONVILLE,FL,32209,Male,Y,Test Not Given,,,,N,Test Not Given,,,Non-Incapacitating,Not Transported,No Improper Action,,None,,9,Y,N,N,N
26835252,2024,2,Travel Lane - Other Location,Walking/Cycling Along Roadway With Traffic,Other Cyclist,JACKSONVILLE,FL,32206,Female,N,Test Not Given,,,,N,Test Not Given,,,Incapacitating,EMS,No Improper Action,,None,None,23,N,N,N,N
26852655,2024,2,Sidewalk,Walking/Cycling on Sidewalk,Other Cyclist,MIAMI,FL,33135,Male,N,,,,,N,,,,Non-Incapacitating,Not Transported,No Improper Action,,None,,34,N,N,N,N
26859180,2024,4,Travel Lane - Other Location,None,Other Cyclist,ST PETERSBURG,FL,33701,Male,N,,,,,N,,,,Possible,EMS,No Improper Action,,None,,24,N,N,N,N
26859269,2024,3,Intersection - Other,Walking/Cycling Along Roadway With Traffic,Other Cyclist,SARASOTA,FL,34241,Male,Y,Test Refused,,,,N,,,,None,Not Transported,Inattentive,,None,,41,Y,N,N,N
26855164,2024,2,Bicycle Lane,Walking/Cycling Along Roadway With Traffic,Other Cyclist,JUPITER,FL,33458,,N,,,,,N,,,,None,Not Transported,Failure to Yield Right-of-Way,,Helmet,,,N,N,N,N
26855283,2024,1,Other,Other,Other Cyclist,JUPITER,FL,33458,,N,,,,,N,,,,Non-Incapacitating,Not Transported,Failure to Yield Right-of-Way,Other,None,,,N,N,N,N
26858191,2024,3,Intersection - Other,Crossing Roadway,Other Cyclist,UNK,,,Male,N,,,,,N,,,,None,Not Transported,Unknown,,None,,,N,N,N,N
26858294,2024,1,Other,None,Other Cyclist,ST PETERSBURG,FL,33703,Male,N,,,,,N,,,,Incapacitating,EMS,Other,,None,,33,N,N,N,N
26858321,2024,2,Bicycle Lane,Walking/Cycling Along Roadway With Traffic,Other Cyclist,ST PETERSBURG,FL,33710,Male,N,,,,,N,,,,Non-Incapacitating,Not Transported,No Improper Action,,None,,16,N,N,N,Y
26859199,2024,2,Sidewalk,Other,Other Cyclist,ST. PETE,FL,33712,Male,N,,,,,N,,,,None,Not Transported,Other,,None,,11,N,N,N,N
26859602,2024,2,Travel Lane - Other Location,Crossing Roadway,Other Cyclist,ST. PETERSBURG,FL,33713,Male,N,,,,,N,,,,None,Not Transported,No Improper Action,,None,,39,N,N,N,N
26867849,2024,2,Intersection - Marked Crosswalk,Crossing Roadway,Other Cyclist,WESLEY CHAPEL,FL,33544,Male,N,,,,,N,,,,None,Not Transported,"Failure to Obey Traffic Signs, Signals, or Officer",,Helmet,Protective Pads,48,N,N,N,N
26869244,2024,2,Intersection - Unmarked Crosswalk,Adjacent to Roadway,Other Cyclist,TAMPA,FL,33610,Male,N,,,,,N,,,,None,EMS,No Improper Action,,Helmet,,21,N,N,N,N
26869266,2024,2,Midblock - Marked Crosswalk,Crossing Roadway,Other Cyclist,TAMPA,FL,33607,Male,N,,,,,N,,,,Non-Incapacitating,Not Transported,Failure to Yield Right-of-Way,,None,,42,N,N,N,N
26869734,2024,2,Driveway Access,Crossing Roadway,Other Cyclist,TAMPA,FL,33617,Male,N,,,,,N,,,,Non-Incapacitating,Other,No Improper Action,,None,,18,N,N,N,Y
26870110,2024,2,Other,In Roadway - Other,Other Cyclist,TAMPA,FL,33605,Male,N,,,,,N,,,,None,Not Transported,In Roadway Improperly,,None,,52,N,N,N,N
26870930,2024,2,Intersection - Marked Crosswalk,Walking/Cycling on Sidewalk,Other Cyclist,LUTZ,FL,33549,Male,N,,,,,N,,,,Possible,Not Transported,No Improper Action,,None,,32,N,N,N,N
26870930,2024,3,Intersection - Marked Crosswalk,Crossing Roadway,Occupant of a Non-Motor Vehicle Transportation Device,TAMPA,FL,33615,Female,N,,,,,N,,,,None,Not Transported,No Improper Action,,None,,32,N,N,N,N
26871576,2024,2,Travel Lane - Other Location,Crossing Roadway,Other Cyclist,TAMPA,FL,33605,Male,N,,,,,N,,,,Non-Incapacitating,Not Transported,No Improper Action,,None,,47,N,N,N,N
26871598,2024,2,Intersection - Marked Crosswalk,In Roadway - Other,Other Cyclist,TAMPA,FL,33604,Male,N,,,,,N,,,,Non-Incapacitating,EMS,Failure to Yield Right-of-Way,,None,,36,N,N,N,N
26882806,2024,2,Sidewalk,Other,Other Cyclist,GROVELAND,FL,34736,,N,,,,,N,,,,None,Not Transported,No Improper Action,,Helmet,,,N,N,N,N
26894773,2024,2,Bicycle Lane,Walking/Cycling Along Roadway With Traffic,Other Cyclist,OAKLAND PARK,FL,33311,Male,N,,,,,N,,,,Non-Incapacitating,Not Transported,No Improper Action,,None,,42,N,N,N,N
26895565,2024,2,Bicycle Lane,Walking/Cycling Along Roadway With Traffic,Other Cyclist,WILTON MANORS,FL,33305,Female,N,,,,,N,,,,Non-Incapacitating,Not Transported,No Improper Action,,None,,41,N,N,N,N
26896191,2024,1,Intersection - Marked Crosswalk,Walking/Cycling on Sidewalk,Other Cyclist,FORT LAUDERDALE,FL,33312,Male,N,,,,,N,,,,Non-Incapacitating,EMS,Other,,Helmet,,37,N,N,N,N
26897989,2024,2,Travel Lane - Other Location,Walking/Cycling Along Roadway With Traffic,Other Cyclist,FORT LAUDERDALE,FL,33301,Male,N,,,,,N,,,,Non-Incapacitating,Not Transported,No Improper Action,,None,,13,N,N,N,N
26899620,2024,2,Other,Other,Other Cyclist,PALM BAY,FL,32909,Female,N,,,,,N,,,,Incapacitating,EMS,Other,,None,,36,N,N,N,N
26899647,2024,2,Driveway Access,Walking/Cycling on Sidewalk,Other Cyclist,PALM BAY,FL,32907,Male,N,,,,,N,,,,Incapacitating,EMS,No Improper Action,,None,,16,N,N,N,Y
