REPORT_NUMBER,CRASH_YEAR,VEHICLE_NUMBER,PERSON_NUMBER,CITY,STATE,ZIP_CODE,SEX,HELMET_CODE,RESTRAINT_SYSTEM_CODE,EYE_PROTECTION_CODE,AIR_BAG_DEPLOYMENT_CODE,EJECTED,INJURY_SEVERITY,EMS_TRANSPORT_TYPE,SEAT_POSITION_CODE,ROW_POSITION_CODE,OTHER_POSITION_CODE,S4_AGE_AT_TIME_OF_CRASH,S4_IS_UNRESTRAINED_PASSENGER
26711314,2024,1,3,MIAMI BEACH,FL,33141,Male,No Helmet,Shoulder and Lap Belt Used,,Not Deployed,Not Ejected,None,Not Transported,Right,Front,Not Applicable,34,N
26749150,2024,1,2,LAKE PARK,FL,33403,Female,,Shoulder and Lap Belt Used,,Not Deployed,Not Ejected,None,Not Transported,Right,Front,,24,N
26750720,2024,1,2,LAKE WORTH BEACH,FL,33460,Female,,Shoulder and Lap Belt Used,,Not Deployed,Not Ejected,None,Not Transported,Right,Front,Not Applicable,30,N
26859269,2024,1,2,ST PETERSBURG,FL,33705,Male,,Shoulder and Lap Belt Used,,Not Deployed,Not Ejected,None,Not Transported,Right,Front,,20,N
26751840,2024,1,1,WEST PALM BEACH,FL,33409,Female,,Shoulder and Lap Belt Used,,Not Deployed,Not Ejected,None,Not Transported,Right,Front,Not Applicable,37,N
26753983,2024,1,2,BOYNTON BEACH,FL,33437,Male,,Shoulder and Lap Belt Used,,Not Deployed,Not Ejected,None,Not Transported,Right,Front,Not Applicable,73,N
26777493,2024,1,3,POMPANO BEACH,FL,33069,Male,No Helmet,Shoulder and Lap Belt Used,,Not Deployed,Not Ejected,None,Not Transported,Right,Front,Not Applicable,9,N
26778945,2024,1,3,FORT LAUDERDALE,FL,33311,Male,No Helmet,Shoulder and Lap Belt Used,,Not Applicable,Not Ejected,None,Not Transported,Right,Front,Not Applicable,25,N
26792675,2024,1,2,BONITA SPRINGS,FL,34135,Female,,Shoulder and Lap Belt Used,,Not Deployed,Not Ejected,None,Not Transported,Right,Front,Not Applicable,25,N
26792675,2024,1,3,BONITA SPRINGS,FL,34135,Female,,Child Restraint System - Forward Facing,,Not Deployed,Not Ejected,Possible,Other,Left,Second,Not Applicable,2,N
26815082,2024,1,2,BROOKSVILLE,FL,34601,Female,,Shoulder and Lap Belt Used,,Not Deployed,Not Ejected,None,Not Transported,Right,Front,,48,N
26816382,2024,1,2,SPRING HILL,FL,34609,Female,,Shoulder and Lap Belt Used,,Not Applicable,Not Ejected,None,Not Transported,Right,Front,,63,N
26816626,2024,1,1,,,,Male,,Child Restraint System - Rear Facing,,Not Deployed,Not Ejected,None,Not Transported,Right,Second,,1,N
26816626,2024,1,2,HOMOSASSA,FL,34448,Female,,Shoulder and Lap Belt Used,,Not Deployed,Not Ejected,None,Not Transported,Right,Front,,27,N
26818359,2024,1,2,STUART,FL,34996,Female,,Shoulder and Lap Belt Used,,Not Deployed,Not Ejected,None,Not Transported,Right,Front,Not Applicable,68,N
26819012,2024,1,2,STUART,FL,34997,Female,,Shoulder and Lap Belt Used,,Not Deployed,Not Ejected,None,Not Transported,Right,Front,,11,N
26819012,2024,1,3,STUART,FL,34997,Male,,Shoulder and Lap Belt Used,,Not Deployed,Not Ejected,None,Not Transported,Left,Second,,10,N
26831089,2024,1,3,JACKSONVILLE,FL,32216-0000,Female,,Shoulder and Lap Belt Used,,Not Deployed,Not Ejected,None,Not Transported,Right,Front,Not Applicable,47,N
26831089,2024,1,4,JACKSONVILLE,FL,32216-0000,Female,,Shoulder and Lap Belt Used,,Not Deployed,Not Ejected,None,Not Transported,Middle,Second,Not Applicable,18,N
26855164,2024,1,3,JUPITER,FL,33458,Female,,Shoulder and Lap Belt Used,,Not Deployed,Not Ejected,None,Not Transported,Left,Second,Not Applicable,10,N
26855164,2024,1,4,JUPITER,FL,33458,Male,,Shoulder and Lap Belt Used,,Not Deployed,Not Ejected,None,Not Transported,Right,Second,Not Applicable,8,N
26858191,2024,1,2,ST PETERSBURG,FL,33713,Male,,Shoulder and Lap Belt Used,,Not Deployed,Not Ejected,Possible,EMS,Right,Second,,32,N
26859180,2024,1,2,ST PETERSBURG,FL,33512,Female,,Shoulder and Lap Belt Used,,Not Deployed,Not Ejected,None,Not Transported,Left,Front,,59,N
26859180,2024,1,3,ST PETERSBURG,FL,33512,Female,,Child Restraint System - Type Unknown,,Not Deployed,Not Ejected,None,Not Transported,Right,Second,,3,N
