REPORT_NUMBER,CRASH_YEAR,VEHICLE_NUMBER,OWNER_CITY,OWNER_STATE,OWNER_ZIP_CODE,COMMERCIAL_VEHICLE_FLAG,MOTION_CODE,STATE_OF_REGISTRATION,PERMANENT_REGISTRATION_FLAG,HIT_AND_RUN_FLAG,VEHICLE_YEAR,VEHICLE_MAKE,VEHICLE_MODEL,VEHICLE_STYLE,VEHICLE_COLOR,DISABLING_FUNCTIONAL_DAMAGE,ESTIMATED_VEHICLE_DAMAGE,TOW_DAMAGE_CODE,HOW_TOW_REQUESTED,BUSINESS_OWNED_FLAG,VEHICLE_TRAVELING,ROAD_ON,ESTIMATED_MPH,POSTED_SPEED,TOTAL_NUMBER_OF_LANES,HAZARDOUS_MATERIAL_RELEASED,HAZMAT_PLACARD,HAZARDOUS_PLACARD_NUMBER,HAZMAT_CLASS,POINT_OF_IMPACT,MOST_DAMAGED_AREA_CODE,TYPE_OF_VEHICLE,TRAFFICWAY_CODE,COMMERCIAL_VEHICLE_CONFIGURATION_CODE,COMMERCIAL_USE_CODE,CARRIER_CARGO_BODY_TYPE,COMMERCIAL_VEHICLE_WEIGHT_CODE,MOST_HARMFUL_EVENT_CODE,HARMFUL_EVENT_1,HARMFUL_EVENT_2,HARMFUL_EVENT_3,HARMFUL_EVENT_4,EMERGENCY_VEHICLE_USE_CODE,ROADWAY_GRADE_CODE,ROADWAY_ALIGNMENT_CODE,VEHICLE_MANEUVER_ACTION,TRAFFIC_CONTROL_DEVICE,VEHICLE_SPECIAL_FUNCTION,VEHICLE_DEFECT1,VEHICLE_DEFECT2,S4_IS_COMMERCIAL_MOTOR_VEHICLE
26710349,2024,1,MIAMI,FL,33167,,Vehicle in Transport,FL,,N,2010,TOYT,,4D,BLU,Minor,300,N,Driver,N,South,NW 12TH AVE,5,30,2,,,,,Front Center Bumper,Front Center Bumper,Passenger Car,"Two-Way, Not Divided",,,,,Motor Vehicle in Transport,Motor Vehicle in Transport,,,,N,Level,Straight,Straight Ahead,Traffic Control Signal,No Special Function,None,,
26710685,2024,1,MIAMI,FL,33174,,Vehicle in Transport,FL,,N,2018,HOND,,4D,WHI,Minor,600,N,Driver,N,West,SW 4 ST,,40,2,,,,,Left Front Door,Left Front Door,Passenger Car,"Two-Way, Divided, Positive Median Barrier",,,,,Pedalcycle,Pedalcycle,,,,N,Level,Straight,Straight Ahead,Yield Sign,No Special Function,None,,
26711314,2024,1,MIAMI BEACH,FL,33141,,Vehicle in Transport,FL,,N,2014,TOYT,,4D,WHI,Functional,500,N,Driver,N,West,NW 50TH ST,10,20,2,,,,,Front Center Bumper,Front Center Bumper,Passenger Car,"Two-Way, Not Divided",,,,,,Pedestrian,,,,N,Level,Straight,Straight Ahead,No Controls,No Special Function,None,,
26900240,2024,1,PALM BAY,FL,32907,N,Vehicle in Transport,FL,,N,2019,NISSA,,PK,BLACK - BLK,Minor,500,N,Driver,N,South,BEACON CIR,5,30,2,,,,,Rear Center Bumper,Rear Center Bumper,Pickup,"Two-Way, Not Divided",,,,,Motor Vehicle in Transport,Motor Vehicle in Transport,,,,N,Level,Straight,Backing,No Controls,No Special Function,None,,
26714493,2024,1,MIAMI,FL,33126,,Vehicle in Transport,FL,,N,2008,HOND,,4D,GRY,None,1,N,Driver,N,North,SW 138TH AVE,5,15,2,,,,,Front Right Bumper,Front Right Bumper,Passenger Car,"Two-Way, Not Divided",,,,,Pedestrian,Pedestrian,,,,N,Level,Straight,Turning Right,Stop Sign,No Special Function,None,,
26714516,2024,1,MIAMI,FL,33128,,Vehicle in Transport,FL,Y,N,2019,FOR,,4D,GRN,None,0,N,Driver,N,East,NW 4TH STREET,20,30,2,,,,,,,Passenger Car,"Two-Way, Divided, Unprotected (painted >4 feet) Median",,,,,Motor Vehicle in Transport,Motor Vehicle in Transport,,,,N,Level,Straight,Straight Ahead,No Controls,Police,None,,
26715477,2024,1,UK,OT,UK,,Vehicle in Transport,OT,,Y,,UK,,,UNK,Unknown,1,N,Driver,N,East,NW 64TH STREET,15,15,2,,,,,Front Center Bumper,Front Center Bumper,Unknown,"Two-Way, Divided, Unprotected (painted >4 feet) Median",,,,,Motor Vehicle in Transport,Motor Vehicle in Transport,,,,,Level,Straight,Unknown,No Controls,Unknown,Unknown,Unknown,
26715869,2024,1,MIAMI`,FL,33169,,Vehicle in Transport,FL,,N,2025,VOLV,,4D,WHI,Functional,700,N,,N,North,NW 7TH AVENUE,10,35,4,,,,,Right Front Fender,Right Front Fender,(Sport) Utility Vehicle,"Two-Way, Divided, Positive Median Barrier",,,,,Motor Vehicle in Transport,Motor Vehicle in Transport,,,,N,Level,Straight,Turning Right,No Controls,No Special Function,None,,
26716626,2024,1,MIAMI,FL,33179,,Vehicle in Transport,FL,,N,2019,RAM,,PK,BLK,None,0,N,Driver,N,South,NW 17TH AVE,20,40,2,,,,,Front Center Bumper,Hood,Pickup,"Two-Way, Not Divided",,,,,Motor Vehicle in Transport,Motor Vehicle in Transport,,,,N,Level,Straight,Turning Right,No Controls,No Special Function,None,,
26717319,2024,1,MIAMI,FL,33179,,Vehicle in Transport,FL,,Y,2010,HOND,,4D,RED,,0,,Driver,N,,,,,,,,,,,,,,,,,,,,,,,,,,,,,,,
26719107,2024,1,MIAMI,FL,33142,,Vehicle in Transport,FL,,N,2020,HYUN,,UT,WHI,Minor,100,N,Driver,N,South,NW 32ND AVE,25,35,4,,,,,Right Front Door,Right Front Door,Passenger Car,"Two-Way, Divided, Unprotected (painted >4 feet) Median",,,,,,Motor Vehicle in Transport,,,,N,Level,Straight,Straight Ahead,No Controls,No Special Function,None,,
26721520,2024,2,MIAMI GARDENS,FL,33055,,Vehicle in Transport,FL,,N,2016,DODG,,4D,ONG,Minor,500,N,Driver,N,South,NW 55TH AVE,15,10,2,,,,,Front Right Bumper,Front Right Bumper,Passenger Car,"Two-Way, Not Divided",,,,,Pedalcycle,Pedalcycle,,,,N,Level,Straight,Straight Ahead,No Controls,No Special Function,None,,
26722203,2024,1,MIAMI,FL,33150,,Vehicle in Transport,FL,,N,2011,HOND,,VN,BLK,Minor,100,N,Driver,N,West,82ND ST,5,35,3,,,,,Front Left Bumper,Front Left Bumper,Passenger Van,One-Way Trafficway,,,,,Pedestrian,Pedestrian,,,,N,Level,Straight,Turning Left,No Controls,No Special Function,Unknown,,
26722431,2024,2,MIAMI,FL,33135,,Vehicle in Transport,FL,,N,2010,CADI,,4D,RED,Minor,100,N,Driver,N,South,25540 SW 137 AVE,5,15,2,,,,,Front Center Bumper,Front Center Bumper,Passenger Car,"Two-Way, Not Divided",,,,,Pedalcycle,Pedalcycle,,,,N,Level,Straight,Slowing,No Controls,No Special Function,None,,
26722493,2024,1,MIAMI,FL,33168,,Vehicle in Transport,FL,,N,2004,GMC,,UT,SIL,Minor,100,N,Driver,N,North,NW 29TH AVENUE,30,30,2,,,,,Front Left Bumper,Front Left Bumper,(Sport) Utility Vehicle,"Two-Way, Not Divided",,,,,,Pedalcycle,,,,N,Level,Straight,Straight Ahead,No Controls,No Special Function,None,,
26722803,2024,1,BAY HARBOR ISLANDS,FL,33154,,Vehicle in Transport,FL,,N,2010,LEXS,,UT,GRY,Minor,300,N,Driver,N,South,NE 18 AVE,0,30,2,,,,,Rear Center Bumper,Rear Center Bumper,(Sport) Utility Vehicle,"Two-Way, Not Divided",,,,,Pedalcycle,Pedalcycle,,,,N,Level,Straight,Stopped in Traffic,No Controls,No Special Function,None,,
26722979,2024,1,MIAMI,FL,33167,,Vehicle in Transport,FL,,Y,2016,CHEV,,SD,SIL,Functional,100,N,Driver,N,South,NW 75th STREET,10,35,2,,,,,,,Passenger Car,"Two-Way, Not Divided",,,,,Motor Vehicle in Transport,Motor Vehicle in Transport,,,,N,Level,Straight,Straight Ahead,Traffic Control Signal,No Special Function,Other,None,
26742082,2024,1,ST AUGUSTINE,FL,32085-0949,N,Vehicle in Transport,FL,N,N,2014,TOYT,,PK,BLK,Minor,500,N,,N,North,CORDOVA ST,5,20,2,,,,,Front Left Bumper,Front Left Bumper,Pickup,"Two-Way, Not Divided",,,,,Pedalcycle,Pedalcycle,,,,N,Level,Straight,Turning Left,No Controls,No Special Function,None,,
26742986,2024,1,STUART,FL,34994,N,Vehicle in Transport,FL,,N,2019,MAZD,,4D,BLU,Minor,500,N,Driver,N,West,3725 SE FEDERAL HWY,10,,2,,,,,Right Rear Door,Right Rear Door,Passenger Car,"Two-Way, Not Divided",,,,,Pedalcycle,Pedalcycle,,,,N,Level,Straight,Straight Ahead,Stop Sign,No Special Function,None,,
26747026,2024,1,WEST PALM BEACH,FL,33409,N,Vehicle in Transport,FL,,N,2020,NISS,NV200,VN,WHI,None,0,N,Driver,N,West,WESTGATE AVE,40,40,2,,,,,Front Center Bumper,Front Center Bumper,"Cargo Van (10,000 lbs (4,536 kg) or less)","Two-Way, Not Divided",,,,Not Applicable,Motor Vehicle in Transport,Motor Vehicle in Transport,,,,N,Level,Straight,Turning Right,No Controls,No Special Function,None,,N
26747909,2024,1,LAKE WORTH,FL,33463,N,Vehicle in Transport,FL,,N,2019,CHEV,,UT,SIL,None,0,N,Driver,N,West,KAMENA CT,5,15,2,,,,,Front Center Bumper,Front Center Bumper,Passenger Car,"Two-Way, Divided, Positive Median Barrier",,,,,Pedestrian,Pedestrian,,,,N,Level,Straight,Turning Right,Stop Sign,No Special Function,None,,
26749150,2024,1,LAKE PARK,FL,33403,N,Vehicle in Transport,FL,,N,2018,TOYT,,4D,RED,Minor,1500,N,Driver,N,East,SILVER BEACH RD,30,30,2,,,,,Front Left Bumper,Front Left Bumper,Passenger Car,"Two-Way, Not Divided",,,,,Motor Vehicle in Transport,Motor Vehicle in Transport,,,,N,Level,Straight,Turning Left,Traffic Control Signal,No Special Function,None,,
26750720,2024,1,LAKE WORTH BEACH,FL,33460,N,Vehicle in Transport,FL,,N,2001,JEEP,,4D,SIL,Functional,1000,N,Driver,N,East,6TH AVE S,35,35,2,,,,,Windshield,Windshield,(Sport) Utility Vehicle,"Two-Way, Not Divided",,,,,Pedalcycle,Pedalcycle,,,,N,Level,Straight,Straight Ahead,No Controls,No Special Function,None,,
26751840,2024,1,WEST PALM BEACH,FL,33417,N,Vehicle in Transport,FL,,N,2017,NISS,,4D,RED,Functional,5,N,Driver,N,East,CAMBRIDGE ST,5,30,1,,,,,Front Center Bumper,Front Center Bumper,Passenger Car,"Two-Way, Divided, Unprotected (painted >4 feet) Median",,,,,Pedalcycle,Pedalcycle,,,,N,Level,Straight,Straight Ahead,Stop Sign,No Special Function,None,,
26753741,2024,1,WEST PALM BEACH,FL,33411,N,Vehicle in Transport,FL,,N,2020,JEEP,,UT,SIL,Minor,1500,N,Rotation,N,West,112 LAKE DORA DR,8,10,2,,,,,Front Left Bumper,Front Left Bumper,(Sport) Utility Vehicle,"Two-Way, Divided, Positive Median Barrier",,,,,Pedalcycle,Pedalcycle,,,,N,Level,Straight,Straight Ahead,No Controls,No Special Function,None,,
26753983,2024,1,TULSA,OK,74134,N,Vehicle in Transport,NY,,N,2020,ALFA,,LL,WHITE,Functional,1000,N,Driver,N,West,DRIVEWAY OF 924 N MILITARY TRAIL,0,5,1,,,,,Right Front Fender,Right Front Fender,(Sport) Utility Vehicle,One-Way Trafficway,,,,,Pedalcycle,Pedalcycle,,,,N,Level,Straight,Slowing,No Controls,No Special Function,None,,
26755012,2024,1,WEST PALM BEACH,FL,33407,N,Vehicle in Transport,FL,,N,2013,TOYT,,4D,SIL,Functional,500,N,Driver,N,East,10TH AVE N,20,40,2,,,,,Right Front Door,Right Front Door,Passenger Car,"Two-Way, Not Divided, with a Continuous Left Turn Lane",,,,,Pedalcycle,Pedalcycle,,,,N,Level,Straight,Turning Right,No Controls,No Special Function,None,,
26756141,2024,1,HOMESTEAD,FL,33035,N,Vehicle in Transport,FL,,N,2007,NISS,,UT,SIL,None,0,N,,N,North,SANDERPIPPER BLVD,3,15,2,,,,,Front Center Bumper,Front Center Bumper,(Sport) Utility Vehicle,"Two-Way, Not Divided",,,,,Motor Vehicle in Transport,Motor Vehicle in Transport,,,,N,Level,Straight,Straight Ahead,Stop Sign,No Special Function,None,,
26765067,2024,1,BARTOW,FL,33830,N,Vehicle in Transport,FL,,N,2006,HYUN,,UT,BLU,Minor,600,N,Driver,N,West,PRIVATE ROAD,10,15,2,,,,,Front Right Bumper,Right Front Fender,(Sport) Utility Vehicle,"Two-Way, Not Divided",,,,,Motor Vehicle in Transport,Motor Vehicle in Transport,,,,N,Level,Curve Right,Straight Ahead,No Controls,No Special Function,None,,
26767914,2024,1,ONTARIO,CA,97914,N,Vehicle in Transport,OR,N,N,2023,RAM,PRM,,WHI,Functional,100,N,Driver,N,West,96TH ST,20,30,4,,,,,Right Front Fender,Right Front Fender,"Cargo Van (10,000 lbs (4,536 kg) or less)","Two-Way, Divided, Positive Median Barrier",,,,,Motor Vehicle in Transport,Motor Vehicle in Transport,,,,N,Level,Straight,Turning Right,No Controls,No Special Function,None,,N
26771163,2024,1,DELEON SPRINGS,FL,32130,N,Vehicle in Transport,FL,,N,2019,CHEV,,UT,GRY,Minor,500,N,Driver,N,West,E WINNEMISSETT,5,30,2,,,,,Front Center Bumper,Front Center Bumper,(Sport) Utility Vehicle,"Two-Way, Not Divided",,,,,Pedalcycle,Pedalcycle,,,,N,Level,Straight,Straight Ahead,No Controls,No Special Function,None,,
26772322,2024,1,BOCA RATON,FL,33432,N,Vehicle in Transport,FL,N,N,2019,JEEP,,SPUV,BLK,Functional,1000,N,,N,North,S FEDERAL HWY,25,45,6,,,,,Front Center Bumper,Front Center Bumper,(Sport) Utility Vehicle,"Two-Way, Divided, Positive Median Barrier",,,,,Pedalcycle,Pedalcycle,,,,N,Level,Straight,Straight Ahead,Traffic Control Signal,No Special Function,None,,
26772554,2024,1,POMPANO BEACH,FL,33064,N,Vehicle in Transport,FL,N,N,2013,CHEV,,4D,SIL,Minor,1000,N,Driver,N,South,NW 3RD AV,15,15,2,,,,,Front Left Bumper,Front Left Bumper,Passenger Car,"Two-Way, Not Divided",,,,,Motor Vehicle in Transport,Motor Vehicle in Transport,,,,N,Level,Straight,Straight Ahead,No Controls,No Special Function,None,,
26772976,2024,1,WEST PALM BEACH,FL,33417,N,Vehicle in Transport,FL,N,N,2024,TOYT,,4D,BLU,None,0,N,Driver,N,North,WINNERS CIR,5,10,2,,,,,,,Passenger Car,"Two-Way, Not Divided",,,,,Pedestrian,Pedestrian,,,,N,Level,Curve Right,Negotiating a Curve,No Controls,No Special Function,None,,
26774389,2024,1,POMPANO BEACH,FL,33060,N,Vehicle in Transport,FL,N,N,2019,GENS,,4D,GRY,Minor,2400,N,Driver,N,North,NE 11TH AV,20,25,2,,,,,Left Front Door,Left Rear Door,Passenger Car,"Two-Way, Not Divided",,,,,Pedalcycle,Pedalcycle,,,,N,Level,Straight,Straight Ahead,No Controls,No Special Function,None,,
26775408,2024,1,NORTH LAUDERDALE,FL,33068,N,Vehicle in Transport,FL,N,N,2021,TOYT,,4D,RED,None,0,N,,N,West,S STATE ROAD 7,5,10,5,,,,,,,Passenger Car,"Two-Way, Divided, Positive Median Barrier",,,,,Motor Vehicle in Transport,Motor Vehicle in Transport,,,,N,Level,Straight,Turning Right,Stop Sign,No Special Function,None,,
26775443,2024,1,CORAL SPRINGS,FL,33065,N,Vehicle in Transport,FL,N,N,2011,BMW,,4D,BLK,None,0,N,Owner Request,N,North,3559 N FEDERAL HWY PARKING LOT,15,15,2,,,,,Front Center Bumper,,Passenger Car,"Two-Way, Not Divided",,,,,Pedestrian,Pedestrian,,,,N,Level,Straight,Turning Right,Stop Sign,No Special Function,None,,
26776247,2024,1,MIRAMAR,FL,33023,N,Vehicle in Transport,FL,N,N,2020,CHEV,,PU,BLU,None,0,N,Owner Request,N,North,NW 27TH AV,10,30,2,,,,,,,Pickup,"Two-Way, Not Divided",,,,,,Pedestrian,,,,N,Level,Straight,Turning Right,No Controls,No Special Function,None,,
26776519,2024,1,DANIA,FL,33004,N,Vehicle in Transport,FL,N,N,2009,JEEP,,SPUV,BLK,None,0,N,,N,West,GRIFFIN RD,15,35,3,,,,,,,(Sport) Utility Vehicle,"Two-Way, Divided, Positive Median Barrier",,,,,Pedalcycle,Pedalcycle,,,,N,Level,Straight,Turning Right,No Controls,No Special Function,None,,
26777493,2024,1,POMPANO BEACH,FL,33069,N,Vehicle in Transport,FL,N,N,2014,ACUR,,4D,WHI,Minor,300,N,Driver,N,East,NW 17TH ST,15,25,3,,,,,Front Right Bumper,Front Right Bumper,Passenger Car,"Two-Way, Not Divided, with a Continuous Left Turn Lane",,,,,Pedalcycle,Motor Vehicle in Transport,Pedalcycle,,,N,Level,Straight,Turning Right,Stop Sign,No Special Function,None,,
26778438,2024,1,POMPANO BEACH,FL,33060,N,Vehicle in Transport,FL,N,N,2004,TOYT,,4D,TAN,None,0,N,Driver,N,East,2291 N DIXIE HWY PARKING LOT,15,15,2,,,,,,,Passenger Car,"Two-Way, Not Divided",,,,,Other Non-Fixed Object,Other Non-Fixed Object,,,,N,Level,Straight,Turning Right,Stop Sign,No Special Function,None,,
26778905,2024,1,GREENACRES,FL,33463,N,Vehicle in Transport,FL,N,N,2016,HOND,,4D,RED,Minor,250,N,Owner Request,N,West,E SAMPLE RD,5,45,6,,,,,Right Front Fender,Right Front Fender,Passenger Car,"Two-Way, Divided, Positive Median Barrier",,,,,Other Non-Fixed Object,Other Non-Fixed Object,,,,N,Level,Straight,Turning Right,No Controls,No Special Function,None,,
26778945,2024,1,FORT LAUDERDALE,FL,33312,N,Working Vehicle,FL,N,N,2017,NISS,,4D,GRY,Functional,700,N,,N,South,NW 7TH AV,30,35,2,,,,,Front Center Bumper,Front Center Bumper,Passenger Car,"Two-Way, Not Divided",,,,,,Pedestrian,,,,N,Level,Straight,Straight Ahead,No Controls,No Special Function,None,None,
26781232,2024,1,FORT LAUDERDALE,FL,33647,N,Vehicle in Transport,FL,N,N,2011,BUIC,,4D,BGE,Functional,500,N,,N,North,NW 27TH AV,20,35,3,,,,,Front Center Bumper,Front Center Bumper,Passenger Car,"Two-Way, Divided, Positive Median Barrier",,,,,Pedalcycle,Pedalcycle,,,,N,Level,Straight,Turning Right,No Controls,No Special Function,None,,
26792675,2024,1,BONITA SPRINGS,FL,34135,N,Vehicle in Transport,FL,,N,2011,HYUN,,4D,RED/BGE,Minor,2500,N,Driver,N,West,ROSEMARY DR,25,30,2,,,,,Left Rear Door,Left Rear Door,Passenger Car,"Two-Way, Not Divided",,,,,Motor Vehicle in Transport,Motor Vehicle in Transport,,,,N,Level,Straight,Straight Ahead,No Controls,No Special Function,None,,
26795158,2024,1,NORTH FORT MYERS,FL,33903,N,Vehicle in Transport,FL,,N,1996,FORD,,VN,WHI/MAR,None,0,N,Driver,N,East,HATTON ROGERS LN,2,10,2,,,,,Undercarriage,Undercarriage,Passenger Van,"Two-Way, Not Divided",,,,,Motor Vehicle in Transport,Motor Vehicle in Transport,,,,N,Level,Straight,Other,Stop Sign,No Special Function,None,,
26796810,2024,1,FT MYERS,FL,33967,N,Vehicle in Transport,FL,,N,2023,FORD,,PK,WHI,Minor,100,N,Driver,N,East,MATANZAS RD,5,25,2,,,,,Front Center Bumper,Front Center Bumper,Passenger Car,"Two-Way, Not Divided",,,,,Motor Vehicle in Transport,Motor Vehicle in Transport,,,,N,Level,Straight,Turning Right,Stop Sign,No Special Function,None,,
26797079,2024,1,CAPE CORAL,FL,33909,N,Vehicle in Transport,FL,,N,2018,JEEP,,4D,GRY,Functional,500,N,Driver,N,East,POWELL DR,0,30,2,,,,,Front Left Bumper,Front Left Bumper,(Sport) Utility Vehicle,"Two-Way, Not Divided",,,,,Motor Vehicle in Transport,Motor Vehicle in Transport,,,,N,Level,Straight,Stopped in Traffic,No Controls,No Special Function,None,,
26800028,2024,1,TALLAHASSEE,FL,32311,N,Vehicle in Transport,FL,,N,2023,HOND,,UT,BLK,Functional,3000,N,Driver,N,West,INDIANA ST,5,25,2,,,,,Right Front Fender,Right Front Door,(Sport) Utility Vehicle,"Two-Way, Not Divided",,,,,Pedalcycle,Pedalcycle,,,,N,Uphill,Straight,Turning Left,No Controls,No Special Function,None,,
26800121,2024,1,TALLAHASSEE,FL,32310,N,Vehicle in Transport,FL,,N,2017,LEXS,,4D,GLD,Minor,500,N,Driver,N,Off-Road,323 S. DUVAL,5,,2,,,,,Right Front Fender,Hood,Passenger Car,One-Way Trafficway,,,,,Motor Vehicle in Transport,Motor Vehicle in Transport,,,,N,Hillcrest,Straight,Other,No Controls,No Special Function,None,,
26800344,2024,1,YULEE,FL,32097,N,Vehicle in Transport,FL,,N,2011,MAZD,,SW,RED,Minor,100,N,Driver,N,South,PARKING LOT OF 4400 W TENNESSEE ST,5,15,2,,,,,Front Center Bumper,Front Center Bumper,(Sport) Utility Vehicle,"Two-Way, Not Divided",,,,,Pedalcycle,Pedalcycle,,,,N,Level,Straight,Straight Ahead,No Controls,No Special Function,None,,
26800558,2024,1,TALLAHASSEE,FL,32303,N,Vehicle in Transport,FL,,N,2020,JEEP,,UT,BLK,Minor,200,N,Driver,N,South,CAPITAL CIRCLE NORTHEAST,15,45,6,,,,,Left Rear Fender,Left Rear Fender,Passenger Car,"Two-Way, Divided, Positive Median Barrier",,,,,Motor Vehicle in Transport,Motor Vehicle in Transport,Pedestrian,,,N,Downhill,Straight,Turning Left,No Controls,No Special Function,None,,
26808703,2024,1,LONGWOOD,FL,32750,N,Vehicle in Transport,FL,,N,2015,RAM,,TK,WHI,Minor,250,N,Driver,N,East,670 S RONALD REAGAN BLVD,2,20,2,,,,,Right Front Fender,Right Front Fender,Pickup,"Two-Way, Not Divided",,,,,Pedalcycle,Pedalcycle,,,,N,Level,Straight,Entering Traffic Lane,Stop Sign,No Special Function,None,,
26808812,2024,1,LONGWOOD,FL,32750,N,Vehicle in Transport,FL,,N,2013,NISS,,UT,SIL,Functional,900,N,Driver,N,North,S MILWEE ST,5,25,2,,,,,Right Front Fender,Right Front Fender,Passenger Car,"Two-Way, Not Divided",,,,,Pedestrian,Pedestrian,,,,N,Level,Straight,Turning Right,Stop Sign,No Special Function,None,,
26809900,2024,1,XENIA,IL,62899,N,Vehicle in Transport,NC,,N,2015,RAM,,PK,RED - RED,Minor,100,N,Driver,N,North,,5,5,1,,,,,Rear Right Bumper,Rear Right Bumper,Pickup,"Two-Way, Not Divided",,,,,Motor Vehicle in Transport,Motor Vehicle in Transport,,,,N,Level,Straight,Backing,No Controls,No Special Function,None,,
26809900,2024,2,ROSEVILLE,CA,95661,N,Parked Motor Vehicle,CA,,N,2024,VOLVO,,SE,WHITE - WHI,Minor,1000,N,Driver,N,,,,,,,,,,Front Right Bumper,Front Right Bumper,Passenger Car,"Two-Way, Not Divided",,,,,Motor Vehicle in Transport,Motor Vehicle in Transport,,,,N,Level,Straight,Straight Ahead,No Controls,No Special Function,None,,
26810792,2024,1,Palm Coast,FL,32137,N,Vehicle in Transport,FL,Y,N,2019,Ford,,PU,,None,0,N,Driver,N,West,PARKING LOT 250 PALM,5,,2,,,,,Left Front Fender,,Pickup,"Two-Way, Not Divided",,,,,,Motor Vehicle in Transport,Pedalcycle,Fell/Jumped From Motor Vehicle,,N,Level,Straight,Turning Left,No Controls,No Special Function,None,,
26811579,2024,1,ORLANDO,FL,32836,N,Vehicle in Transport,FL,N,N,2022,Ford,,PU,,Minor,500,N,Driver,N,East,Royal Palms Pkwy,,45,3,,,,,Front Right Bumper,Front Right Bumper,Pickup,"Two-Way, Not Divided",,,,,Pedalcycle,Pedalcycle,Motor Vehicle in Transport,,,N,Level,Straight,Stopped in Traffic,Traffic Control Signal,No Special Function,None,None,
26811644,2024,1,Palm Coast,FL,32137,N,Vehicle in Transport,FL,N,N,2022,Honda,,SUV,,Minor,500,N,Driver,N,North,BIRD OF PARADISE DRI,3,30,2,,,,,Front Right Bumper,Front Right Bumper,(Sport) Utility Vehicle,"Two-Way, Not Divided",,,,,Pedalcycle,Pedalcycle,Motor Vehicle in Transport,,,N,Level,Straight,Turning Right,Stop Sign,No Special Function,None,None,
26815082,2024,1,BROOKSVILLE,FL,34601,N,Vehicle in Transport,FL,,N,1996,TOYT,,UT,BLK,Minor,50,N,Driver,N,North,EASTSIDE AVE,,,1,,,,,Front Left Bumper,Front Left Bumper,(Sport) Utility Vehicle,"Two-Way, Not Divided",,,,,Pedalcycle,Pedalcycle,,,,N,Level,Curve Right,Negotiating a Curve,No Controls,No Special Function,None,,
26815800,2024,1,SPRING HILL,FL,34608,N,Vehicle in Transport,FL,,N,2007,DODG,,UT,BLU,None,0,N,Driver,N,South,KEYSVILLE AVE,,,2,,,,,Front Center Bumper,,Passenger Car,"Two-Way, Not Divided",,,,,Pedestrian,Motor Vehicle in Transport,Pedestrian,,,N,Level,Straight,Straight Ahead,Stop Sign,No Special Function,None,,
26816382,2024,1,SPRING HILL,FL,34609,N,Vehicle in Transport,FL,,N,2021,CHEV,,UT,BLK,Minor,500,N,Driver,N,,,,,,,,,,,,,,,,,,,,,,,,,,,,,,,
26816626,2024,1,HOMOSASSA,FL,34448,N,Vehicle in Transport,FL,,N,2020,JEEP,,UT,GRY,Minor,3000,N,Driver,N,,,,,,,,,,Right Front Door,Right Rear Door,(Sport) Utility Vehicle,"Two-Way, Divided, Positive Median Barrier",,,,,Motor Vehicle in Transport,Motor Vehicle in Transport,,,,N,Level,Straight,Entering Traffic Lane,Stop Sign,No Special Function,None,,
26818359,2024,1,PORT ST LUCIE,FL,34986,N,Vehicle in Transport,FL,,N,2014,HYUN,,4D,SIL,Minor,1500,N,Driver,N,West,SE INDIAN ST,10,45,6,,,,,Left Front Door,Left Front Door,Passenger Car,"Two-Way, Divided, Positive Median Barrier",,,,,Pedalcycle,Pedalcycle,,,,N,Level,Straight,Turning Left,No Controls,No Special Function,None,,
26818628,2024,1,FORT MYERS,FL,33967,N,Vehicle in Transport,FL,,Y,2013,CHEV,,2D,ONG,Minor,5000,N,Rotation,N,South,NW FEDERAL HWY,40,45,8,,,,,Front Center Bumper,Windshield,Passenger Car,"Two-Way, Divided, Positive Median Barrier",,,,,Motor Vehicle in Transport,Motor Vehicle in Transport,,,,N,Level,Straight,Turning Right,No Controls,No Special Function,Tires,,
26819012,2024,1,STUART,FL,34997,N,Vehicle in Transport,FL,,N,2021,HOND,,UT,BLU,Minor,1000,N,Driver,N,South,SE 47TH AVE,25,25,2,,,,,Front Center Bumper,Front Left Bumper,(Sport) Utility Vehicle,"Two-Way, Not Divided",,,,,Pedalcycle,Pedalcycle,,,,N,Level,Curve Right,Straight Ahead,No Controls,No Special Function,None,,
26819012,2024,2,STUART,FL,34997,N,Parked Motor Vehicle,FL,,N,2014,FORD,,4D,SIL,Minor,500,N,Driver,N,Off-Road,SE 47TH AVE,0,25,2,,,,,Left Front Door,Left Front Door,Passenger Car,"Two-Way, Not Divided",,,,,Parked Motor Vehicle,Parked Motor Vehicle,,,,N,Level,Straight,Parked,No Controls,No Special Function,None,,
26819392,2024,1,STUART,FL,34996,N,Vehicle in Transport,FL,,N,2022,BMW,,UT,WHI,None,0,N,Driver,N,East,SW MURPHY RD,5,20,2,,,,,Left Front Fender,Left Front Fender,(Sport) Utility Vehicle,"Two-Way, Not Divided",,,,,Motor Vehicle in Transport,Motor Vehicle in Transport,,,,N,Level,Straight,Straight Ahead,Stop Sign,No Special Function,None,,
26819405,2024,1,JENSEN BEACH,FL,34957,N,Vehicle in Transport,FL,,N,2023,HYUN,,4D,BLK,Functional,800,N,Driver,N,South,NE JENSEN BEAH BLVD,10,45,4,,,,,Rear Left Bumper,Rear Left Bumper,Passenger Car,"Two-Way, Divided, Positive Median Barrier",,,,,Motor Vehicle in Transport,Motor Vehicle in Transport,,,,N,Level,Straight,Straight Ahead,Traffic Control Signal,No Special Function,None,,
26819434,2024,1,STUART,FL,34996,N,Vehicle in Transport,FL,,N,2016,PORS,,4D,BLK,Functional,3000,N,Driver,N,East,5162 SE FEDERAL HWY,0,,,,,,,Right Front Door,Right Front Door,Passenger Car,"Two-Way, Not Divided",,,,,Pedalcycle,Pedalcycle,,,,N,Level,Straight,Stopped in Traffic,Stop Sign,No Special Function,None,,
26821572,2024,1,PLANT CITY,FL,33566,N,Vehicle in Transport,FL,,N,2017,CHEV,,TK,RED,Minor,100,N,Driver,N,Off-Road,SIDEWALK,10,35,4,,,,,Right Front Door,Right Front Door,(Sport) Utility Vehicle,"Two-Way, Not Divided",,,,,Motor Vehicle in Transport,Motor Vehicle in Transport,,,,N,Level,Straight,Entering Traffic Lane,No Controls,No Special Function,None,,
26830387,2024,1,JACKSONVILLE,FL,32218-0000,N,Vehicle in Transport,FL,N,N,2021,JEEP,,PK,GRY,None,0,N,Driver,N,South,SOUTHSIDE CONNECTOR SERVICE ROAD,,45,2,,,,,Front Right Bumper,,Pickup,One-Way Trafficway,,,,,Pedestrian,Pedestrian,,,,N,Level,Straight,Straight Ahead,Traffic Control Signal,No Special Function,None,,
26831089,2024,1,JACKSONVILLE,FL,32216-0000,N,Vehicle in Transport,FL,N,N,2011,CHEV,,PK,SIL,Minor,1000,N,Driver,N,West,KENNERLY RD,10,30,2,,,,,Right Front Fender,Right Front Fender,Pickup,"Two-Way, Not Divided",,,,,Other Non-Fixed Object,Other Non-Fixed Object,,,,N,Level,Straight,Turning Right,No Controls,No Special Function,None,,
26832050,2024,1,DES PLAINES,IL,60016,N,Vehicle in Transport,FL,N,N,2020,CHEV,,4D,WHI,None,0,N,Driver,N,West,1700UNIVERSITY BLVD W,35,45,4,,,,,Front Center Bumper,,Passenger Car,"Two-Way, Divided, Positive Median Barrier",,,,,Pedalcycle,Pedalcycle,,,,N,Level,Straight,Straight Ahead,Yield Sign,No Special Function,None,,
26833311,2024,1,JACKSONVILLE,FL,32254-0000,N,Vehicle in Transport,FL,N,N,2018,FORD,,PK,WHI,Minor,2000,N,Driver,N,South,KINGSTON ST  AN CANAL ST,3,30,2,,,,,Right Front Door,Right Front Door,Passenger Car,"Two-Way, Not Divided",,,,,Other Non-Fixed Object,Other Non-Fixed Object,,,,N,Level,Curve Right,Other,Stop Sign,No Special Function,None,,
26835252,2024,1,JACKSONVILLE,FL,32208-4276,N,Vehicle in Transport,FL,N,N,2019,FORD,,PK,GRY,Functional,5000,N,Driver,N,North,N MAIN ST,35,40,4,,,,,Front Right Bumper,Front Right Bumper,Pickup,"Two-Way, Divided, Unprotected (painted >4 feet) Median",,,,,Pedalcycle,Pedalcycle,,,,N,Level,Straight,Straight Ahead,Traffic Control Signal,No Special Function,None,,
26852599,2024,1,PEMBROKE PINES,FL,33025-3584,N,Vehicle in Transport,FL,N,N,2017,MERZ,,5D,BLK,Functional,1000,N,,N,North,PALM AVE,10,45,4,,,,,Front Center Bumper,Front Center Bumper,Passenger Car,"Two-Way, Divided, Positive Median Barrier",,,,,Pedalcycle,Pedalcycle,,,,N,Level,Straight,Straight Ahead,Traffic Control Signal,No Special Function,None,,
26852655,2024,1,HOLLYWOOD,FL,33021,N,Vehicle in Transport,FL,N,N,2021,HYUN,,4D,BLK,Minor,100,N,,N,East,NW 9TH ST,5,45,2,,,,,Right Front Fender,Right Front Fender,Passenger Car,"Two-Way, Not Divided",,,,,Pedalcycle,Pedalcycle,,,,N,Level,Straight,Turning Right,No Controls,No Special Function,None,,
26855164,2024,1,JUPITER,FL,33458,N,Vehicle in Transport,FL,N,N,2014,TOYT,,SUV,WHI,None,0,N,,N,North,GREENWAY DR,5,30,2,,,,,Right Front Fender,,(Sport) Utility Vehicle,"Two-Way, Not Divided",,,,,Pedalcycle,Pedalcycle,,,,N,Level,Straight,Turning Right,Stop Sign,No Special Function,None,,
26855283,2024,1,JUPITER,FL,33458,N,Vehicle in Transport,FL,N,N,2023,FORD,,SUV,SIL,Minor,50,N,,N,West,ONTO CINQUEZ PARK RD W,8,20,2,,,,,Right Rear Door,Right Rear Door,(Sport) Utility Vehicle,"Two-Way, Not Divided",,,,,Motor Vehicle in Transport,Motor Vehicle in Transport,Pedalcycle,,,N,Level,Straight,Straight Ahead,No Controls,No Special Function,None,,
26858191,2024,1,CLEARWATER,FL,33764,N,Vehicle in Transport,FL,,N,2024,VOLK,,4D,GRY,Minor,500,N,Driver,N,North,16TH ST N,15,35,5,,,,,Front Center Bumper,Front Center Bumper,Passenger Car,"Two-Way, Not Divided",,,,,Motor Vehicle in Transport,Motor Vehicle in Transport,,,,N,Level,Straight,Straight Ahead,Traffic Control Signal,No Special Function,None,,
26858294,2024,1,PINELLAS PARK,FL,33782,N,Parked Motor Vehicle,FL,,N,2015,CHEV,,TK,BLK,Minor,1500,N,Driver,N,North,SOUTHWEST BLVD N,0,30,2,,,,,Rear Left Bumper,Rear Left Bumper,Pickup,"Two-Way, Not Divided",,,,,Parked Motor Vehicle,Parked Motor Vehicle,,,,N,Level,Straight,Parked,No Controls,No Special Function,None,,
26858321,2024,1,ST PETERSBURG,FL,33702,N,Vehicle in Transport,FL,,N,2014,TOYT,,PK,WHI,Minor,0,N,Driver,N,South,28TH ST N,35,35,2,,,,,Right Front Door,Right Front Door,Pickup,"Two-Way, Not Divided",,,,,Motor Vehicle in Transport,Motor Vehicle in Transport,,,,N,Level,Straight,Straight Ahead,No Controls,No Special Function,None,,
26859180,2024,1,ST PETERSBURG,FL,33712,N,Vehicle in Transport,FL,,N,2023,NISS,,UT,SIL,Functional,3000,N,,N,South,4TH STREET SOUTH,5,35,4,,,,,Left Front Fender,Left Front Fender,(Sport) Utility Vehicle,"Two-Way, Divided, Unprotected (painted >4 feet) Median",,,,,Motor Vehicle in Transport,Motor Vehicle in Transport,,,,N,Level,Straight,Making U-Turn,No Controls,No Special Function,None,,
26859199,2024,1,SAINT PETERSBURG,FL,33705,N,Vehicle in Transport,FL,,N,2024,LEXS,,4D,WHI,Minor,500,N,Driver,N,North,ON SIDEWALK,2,25,0,,,,,Right Front Fender,Right Front Fender,Passenger Car,"Two-Way, Not Divided",,,,,Pedalcycle,Pedalcycle,,,,N,Level,Straight,Straight Ahead,No Controls,No Special Function,None,,
26859269,2024,1,LUBBOCK,TX,79424,N,Vehicle in Transport,TX,,N,2021,SUBAR,,4H,,Minor,0,N,Driver,N,North,HIGHLAND ST N,15,35,2,,,,,Right Rear Door,Right Rear Door,Passenger Car,One-Way Trafficway,,,,,Motor Vehicle in Transport,Motor Vehicle in Transport,,,,N,Level,Straight,Turning Right,No Controls,No Special Function,None,,
26859602,2024,1,,,,N,,,,Y,,UK,,UNKNOWN,UNKNOWN,Unknown,0,N,,N,,,,,,,,,,,,Unknown,"Two-Way, Not Divided",,,,,Motor Vehicle in Transport,Motor Vehicle in Transport,,,,,Level,Straight,Unknown,,Unknown,Unknown,,
26867849,2024,1,ST PETE,FL,33716,N,Vehicle in Transport,FL,,N,2018,FORD,,VN,WHI,Minor,500,N,Driver,N,East,HUNTERS LAKE DR,15,25,2,,,,,Right Front Door,Right Front Door,Passenger Car,"Two-Way, Divided, Positive Median Barrier",,,,,Motor Vehicle in Transport,Motor Vehicle in Transport,,,,N,Level,Straight,Turning Left,No Controls,No Special Function,None,,
26869244,2024,1,WIMAUMA,FL,33598,N,Vehicle in Transport,FL,,N,2021,NISS,,UT,GRY,Minor,300,N,Driver,N,South,N 19TH ST,,,2,,,,,Front Center Bumper,Front Center Bumper,Passenger Car,"Two-Way, Not Divided",,,,,Motor Vehicle in Transport,Motor Vehicle in Transport,,,,N,Level,Straight,Turning Left,No Controls,No Special Function,None,,
26869266,2024,1,MIAMI,FL,33155,N,Vehicle in Transport,FL,,N,1999,TCTC,,TL,UNKNOWN,Minor,1000,N,Owner Request,N,East,W SPRUCE ST,10,25,2,,,,,Front Center Bumper,Front Center Bumper,(Sport) Utility Vehicle,"Two-Way, Divided, Positive Median Barrier",,,,,Motor Vehicle in Transport,Motor Vehicle in Transport,,,,N,Level,Straight,Turning Left,Traffic Control Signal,No Special Function,None,,
26869734,2024,1,LUTZ,FL,33559,N,Vehicle in Transport,FL,,N,2022,CHEV,,UT,BLK,Minor,1000,N,Driver,N,East,FOWLER AVE,5,40,6,,,,,Front Center Bumper,Front Center Bumper,Passenger Car,"Two-Way, Divided, Positive Median Barrier",,,,,Motor Vehicle in Transport,Motor Vehicle in Transport,Pedestrian,,,N,Level,Straight,Turning Right,No Controls,No Special Function,None,,
26870110,2024,1,TAMPA,FL,33607,N,Vehicle in Transport,GA,,N,2024,JEEP,,SU,BLACK - BLK,Functional,1500,N,Driver,N,South,GRADY ST AVE,25,30,2,,,,,Left Front Door,Left Front Door,(Sport) Utility Vehicle,"Two-Way, Not Divided",,,,,Pedalcycle,Pedalcycle,,,,N,Level,Straight,Straight Ahead,No Controls,No Special Function,None,,
26870930,2024,1,TAMPA,FL,33604,N,Vehicle in Transport,FL,,N,2017,JEEP,,UT,BLK,None,0,N,,N,East,E BIRD ST,5,25,4,,,,,Front Right Bumper,Front Right Bumper,(Sport) Utility Vehicle,"Two-Way, Divided, Unprotected (painted >4 feet) Median",,,,,Motor Vehicle in Transport,Motor Vehicle in Transport,,,,N,Level,Straight,Turning Right,Traffic Control Signal,No Special Function,None,,
26871576,2024,1,,,,N,,,,Y,,UK,,UNKNOWN,UNKNOWN,Unknown,0,N,,N,East,E 21ST AVE,,,2,,,,,,,Unknown,"Two-Way, Not Divided",,,,,Pedestrian,Pedestrian,,,,N,Level,Straight,Unknown,Traffic Control Signal,Unknown,Unknown,,
26871598,2024,1,TAMPA,FL,33634,N,Vehicle in Transport,FL,,N,2019,LEXS,,UT,GRY,Minor,200,N,Driver,N,South,N ARMENIA AVE,30,35,2,,,,,Front Center Bumper,Front Center Bumper,(Sport) Utility Vehicle,"Two-Way, Divided, Unprotected (painted >4 feet) Median",,,,,Motor Vehicle in Transport,Motor Vehicle in Transport,,,,N,Level,Straight,Straight Ahead,Traffic Control Signal,No Special Function,None,,
26882806,2024,1,FORT LAUDERDALE,FL,33312,N,Vehicle in Transport,FL,N,N,2011,HYUN,,4D,BLK,None,0,N,,N,West,4450 S UNIVERSITY DR,1,15,2,,,,,Right Front Fender,,Passenger Car,"Two-Way, Not Divided",,,,,Pedestrian,Pedestrian,,,,N,Level,Straight,Straight Ahead,Stop Sign,No Special Function,None,,
26894773,2024,1,HOLLYWOOD,FL,33024,N,Vehicle in Transport,FL,N,Y,2020,HOND,,4D,WHI,,0,,,N,,,0,,0,,,,,,,,,,,,,,,,,,,,,,,,,,
26895565,2024,1,OAKLAND PARK,FL,33309,N,Vehicle in Transport,FL,N,N,2024,VOLK,,4H,GRY,Minor,5000,N,,N,South,NE 4TH AVE,0,,2,,,,,Right Rear Fender,Right Rear Fender,(Sport) Utility Vehicle,"Two-Way, Not Divided",,,,,Pedalcycle,Pedalcycle,,,,N,Level,Straight,Turning Left,No Controls,No Special Function,None,,
26896191,2024,1,PORT SAIN LUCIE,FL,34984,N,Vehicle in Transport,FL,N,N,2019,CHEV,,4H,SIL,Minor,500,N,,N,South,5001 N FEDERAL HWY,15,35,6,,,,,Front Right Bumper,Front Right Bumper,(Sport) Utility Vehicle,"Two-Way, Divided, Positive Median Barrier",,,,,Motor Vehicle in Transport,Motor Vehicle in Transport,,,,N,Level,Straight,Turning Right,No Controls,No Special Function,None,,
26897989,2024,1,UK,,,N,Vehicle in Transport,OT,N,Y,,,,,,,0,,,N,,,0,,0,,,,,,,,,,,,,,,,,,,,,,,,,,
26899620,2024,1,PALM BAY,FL,32909,N,Vehicle in Transport,FL,,N,2019,DODGE,,2D,BLACK - BLK,Disabling,600,Y,Rotation,N,North,SAN FILPPO,35,40,2,,,,,Right Front Door,Right Front Door,Passenger Car,"Two-Way, Not Divided",,,,,Motor Vehicle in Transport,Motor Vehicle in Transport,,,,N,Level,Straight,Other,No Controls,No Special Function,None,,
26899647,2024,1,MELBOURNE,FL,32901,N,Vehicle in Transport,FL,,N,2022,HYUN,,PK,WHI,None,0,N,,N,South,845 PALM BAY RD NE,5,10,2,,,,,Front Right Bumper,Front Right Bumper,Passenger Car,"Two-Way, Not Divided",,,,,Motor Vehicle in Transport,Motor Vehicle in Transport,,,,N,Level,Straight,Turning Right,Stop Sign,No Special Function,None,,
