REPORT_NUMBER,CRASH_YEAR,PERSON_NUMBER,STATUTE_NUMBER,CHARGE,CITATION_NUMBER
26714493,2024,1,316.1925(1),CARELESS DRIVING,AEXYSXE
26715869,2024,1,316.1925(1),CARELESS DRIVING,AC5GHBE
26717319,2024,1,316.061(1),LEAVE/SCENE/W/O INFO/DMG OVR $50,A37NAQP
26871598,2024,2,316.130(10),PEDESTRIAN FAILED TO YIELD TO TRAFFIC,AK1LJZE
26722203,2024,1,322.03(5),DRIVER LICENSE EXPIRED MORE THAN 6 MOS,AH7DDVE
26722979,2024,1,316.027(2)(a),CRASH - Leaving scene on public/private property without ren,AIMDARE
26742082,2024,2,316.081(1),DRIVING ON WRONG LANE OR SIDE - FAILED TO DRIVE UPON RIGHT H,AJO87SE
26747909,2024,1,316.123(2)(a),RAN STOP SIGN/VIOLATION OF RIGHT OF WAY FROM STOP SIGN,A4P9NNE
26765067,2024,1,320.07(3)(a),REGISTRATION - OPERATING A MOTOR VEHICLE/USING A MOBILE HOME,AK2N5CE
26808703,2024,1,316.130(15),FAILED TO USE DUE CARE TOWARD PEDESTRIAN,AJVAW6E
26808812,2024,1,316.1925(1),CARELESS DRIVING,AJVBMEE
26816382,2024,1,322.34(1),DWLS - UNKNOWINGLY OPERATING VEHICLE WHILE DL SUSPENDED/CANC,AKFOLAE
26818628,2024,1,316.193(3)(c)2,D.U.I. - SERIOUS BODILY INJURY,AHU178E
26818628,2024,1,316.193(3)(c)1,D.U.I. - PROPERTY DAMAGE/PERSONAL INJURY,AJ9N2SE
26818628,2024,1,316.130(7)(c),FAILED TO YIELD RIGHT-OF-WAY TO PEDESTRIAN AT CROSSWALK WITH,AJ9N2SE
26818628,2024,1,316.1939(1)(e),REFUSE TO SUBMIT TO BAL TEST,AJ9N2TE
26818628,2024,1,316.027(2)(b),CRASH - LEAVING SCENE ON PUBLIC OR PRIVATE PROPERTY WITHOUT,AJ9N2UE
26818628,2024,1,316.646(1),"NO PROOF OF INSURANCE(IF VALID AT TIME CITATION WAS ISSUED,",AJ9N2VE
26818628,2024,1,320.0605,FAIL TO DISPLAY REGISTRATION/TEMPORARY INTERNET RECEIPT; POS,AJ9N2WE
26818628,2024,1,322.15(1),DL NOT CARRIED/EXHIBIT ON DEMAND,AJ9N2XE
26818628,2024,1,316.605,TAG - NONE/OBSCURED/DEFACED/IMPROPER DISPLAY,AJ9N2YE
26818628,2024,1,316.215,DEFECTIVE LIGHTS/BRAKES/TIRES/STEERING/DEFECTIVE OR NO MUFFL,AJ9N2ZE
26818628,2024,1,316.1925(1),CARELESS DRIVING,AJ9N30E
26818628,2024,1,316.151(1)(a),IMPROPER RIGHT TURN,AJ9N31E
26830387,2024,2,316.130(1),PEDESTRIAN CONTROL SIGNAL - PEDESTRIAN FAILED TO OBEY,AK8KCCE
26831089,2024,1,261.20(5)(d),OFF-HIGHWAY VEHICLES ON PUBLIC LANDS - CARELESS DRIVING,AK8KU1E
26832050,2024,1,316.130(7)(b),FAILED TO YIELD RIGHT-OF-WAY TO PEDESTRIAN AT CROSSWALK WITH,AKJK26E
26835252,2024,1,316.075(1)(c)1,FAIL TO STOP AT STEADY RED SIGNAL,AKB89CE
26835252,2024,1,316.646(1),PROOF OF INSURANCE REQUIRED,AKBCHEE
26852655,2024,1,322.34(2)(a),OPERATING WHILE DL SUSP/CANCELLED/REVOKED/ 1ST CONVICTION,A33L6JE
26852655,2024,1,320.07(3)(b),OPERATING A MOTOR VEHICLE/USING A MOBILE HOME WITH AN EXPIRE,A33L6KE
26859269,2024,3,316.2065(1),VIOLATION BICYCLE REGULATIONS,AK4QJOE
26869244,2024,1,316.121,FAILED TO YIELD - APPROACHING/ENTERING INTERSECTION,AK1JLYE
