REPORT_NUMBER,CRASH_YEAR,CRASH_DATE_AND_TIME,REPORT_DATE_AND_TIME,INVESTIGATING_AGENCY_REPORT_NUMBER,FORM_TYPE,TOTAL_NUMBER_OF_VEHICLES,TOTAL_NUMBER_OF_PERSONS,COUNTY_CODE,CITY_CODE,COUNTY_NAME,CITY_NAME,RURAL_OR_URBAN,NOTIFIED_TIME,DISPATCHED_TIME,ARRIVED_TIME,CLEARED_TIME,COMPLETED_FLAG,NOTIFIED_BY,ON_STREET_ROAD_HIGHWAY,STREET_ADDRESS_NUMBER,LATITUDE,LONGITUDE,FEET_FROM_INTERSECTION,DIRECTION_FROM_INTERSECTION,FROM_INTERSECTION_OF,MILEPOST_NUMBER,ROAD_SYSTEM_IDENTIFER,TYPE_OF_SHOULDER,TYPE_OF_INTERSECTION,PHOTOS_TAKEN,LIGHT_CONDITION,WEATHER_CONDITION,ROAD_SURFACE_CONDITION,SCHOOL_BUS_RELATED_CODE,TYPE_OF_IMPACT,FIRST_HARMFUL_EVENT,LOCATION,INTERCHANGE_FLAG,JUNCTION_FLAG,ROAD_CIRCUMSTANCES_1,ROAD_CIRCUMSTANCES_2,ROAD_CIRCUMSTANCES_3,ENVIRONMENT_CIRCUMSTANCES_1,ENVIRONMENT_CIRCUMSTANCES_2,ENVIRONMENT_CIRCUMSTANCES_3,WORK_ZONE_RELATED_FLAG,CRASH_IN_WORK_ZONE,TYPE_OF_WORK_ZONE,WORKERS_PRESENT,LAW_ENFORCEMENT_PRESENT,INVESTIGATOR_RANK,INVESTIGATING_AGENCY_NAME,INVESTIGATING_AGENCY_TYPE,LOAD_DATE,UPDATE_DATE,DAYS_TO_LOAD,CODEABLE,S4_CRASH_TYPE,S4_CRASH_TYPE_SIMPLIFIED,S4_CRASH_SEVERITY,S4_CRASH_SEVERITY_DETAIL,S4_DAY_OR_NIGHT,S4_IS_AGGRESSIVE_DRIVING,S4_IS_ALCOHOL_RELATED,S4_IS_CMV_INVOLVED,S4_IS_DISTRACTED,S4_IS_DRUG_RELATED,S4_IS_HIT_AND_RUN,S4_IS_INTERSECTION_RELATED,S4_IS_LANE_DEPARTURE_RELATED,S4_IS_SPEEDING_RELATED,S4_NONE_INJURY_COUNT,S4_INJURY_COUNT,S4_POSSIBLE_INJURY_COUNT,S4_NON_INCAPACITATING_INJURY_COUNT,S4_INCAPACITATING_INJURY_COUNT,S4_FATALITY_COUNT,S4_FATALITY_WITHIN_30_DAYS_COUNT,S4_NON_TRAFFIC_FATALITY_COUNT,S4_TRAILER_COUNT,S4_MOTORCYCLE_COUNT,S4_MOPED_COUNT,S4_NON_MOTORIST_COUNT,S4_BICYCLIST_COUNT,S4_PEDESTRIAN_COUNT,S4_DRIVER_COUNT,S4_AGING_DRIVER_COUNT,S4_TEENAGER_DRIVER_COUNT,S4_PASSENGER_COUNT,S4_UNRESTRAINED_COUNT,S4_UNRESTRAINED_INJURY_COUNT,S4_UNRESTRAINED_INCAPACITATING_INJURY_COUNT,S4_UNRESTRAINED_FATALITY_COUNT,S4_MOTORCYCLIST_COUNT,S4_MOTORCYCLIST_INCAPACITATING_INJURY_COUNT,S4_MOTORCYCLIST_FATALITY_COUNT,S4_IS_PEDESTRIAN_INVOLVED,S4_PEDESTRIAN_INCAPACITATING_INJURY_COUNT,S4_PEDESTRIAN_FATALITY_COUNT,S4_IS_BICYCLIST_INVOLVED,S4_BICYCLIST_INCAPACITATING_INJURY_COUNT,S4_BICYCLIST_FATALITY_COUNT,S4_CITATION_COUNT,S4_CITATION_AMOUNT,S4_PROPERTY_DAMAGE_COUNT,S4_PROPERTY_DAMAGE_AMOUNT,S4_VEHICLE_DAMAGE_COUNT,S4_VEHICLE_DAMAGE_AMOUNT,S4_TOTAL_DAMAGE_AMOUNT,S4_TRANSPORT_BY_EMS_COUNT,S4_TRANSPORT_BY_LAW_ENFORCEMENT_COUNT,S4_TRANSPORT_BY_OTHER_COUNT,S4_GEOLOCATION_STATUS,S4_PRELIMINARY_GEOLOCATION_STATUS,S4_X,S4_Y,S4_LATITUDE,S4_LONGITUDE
26088009,2024,16-JUL-2024 01:24 PM,16-JUL-2024 12:00 AM,24009505,L,1,2,6,40,Palm Beach,Delray Beach,Urban,7/16/2024 1:24:00 PM,7/16/2024 1:30:00 PM,7/16/2024 1:40:00 PM,7/16/2024 2:00:00 PM,Y,Law Enforcement,US 1 SR 5 (S FEDERAL HWY),,,,218,South,E LINTON BLVD,,U.S.,Curb,Not at Intersection,N,Daylight,Clear,Dry,N,,Pedalcycle,On Roadway,N,Driveway/Alley Access Related,None,,,None,,,N,,,,,COMMUNITY SERVICE OFFICER,Delray Beach Police Department,Police Department (PD),8/1/2024 7:25:00 PM,8/1/2024 7:25:00 PM,16,Y,Bicycle,Bicycle,Injury,Non-Incapacitating Injury,DAY,N,N,N,N,N,N,N,N,N,1,1,0,1,0,0,0,0,0,0,0,1,1,0,1,0,0,0,0,0,0,0,0,0,0,N,0,0,Y,0,0,1,0,0,0,1,300,300,0,0,0,Preliminary,Editor Mapped,592553.6225,2924652.7966,26.4391549327831,-80.0717280690891
26089577,2024,17-FEB-2024 01:27 PM,17-FEB-2024 12:00 AM,24000681,L,1,2,6,54,Palm Beach,Jupiter,Urban,2/17/2024 1:27:00 PM,2/17/2024 1:27:00 PM,2/17/2024 1:35:00 PM,2/17/2024 1:50:00 PM,Y,Law Enforcement,S A1A,3171,,,61,South,,,County,Curb,Not at Intersection,N,Daylight,Clear,Dry,N,"Sideswipe, Same Direction",Pedestrian,On Roadway,N,Non-Junction,None,,,None,,,N,,,,,OFFICER,Jupiter Police Department,Police Department (PD),2/22/2024 12:08:00 AM,2/22/2024 12:08:00 AM,5,Y,Pedestrian,Pedestrian,Injury,Possible Injury,DAY,N,N,N,Y,N,N,N,Y,N,1,1,1,0,0,0,0,0,0,0,0,1,1,0,1,1,0,0,0,0,0,0,0,0,0,N,0,0,Y,0,0,1,0,0,0,1,500,500,1,0,0,Preliminary,Editor Mapped,545146.0516,3100834.6184,28.0320216103097,-80.5407040548826
26089857,2024,03-APR-2024 01:39 PM,03-APR-2024 12:00 AM,24001339,S,1,2,6,54,Palm Beach,Jupiter,Urban,4/3/2024 1:39:00 PM,4/3/2024 1:40:00 PM,4/3/2024 1:50:00 PM,4/3/2024 1:50:00 PM,Y,Law Enforcement,INDIAN CREEK PKWY,,,,0,,MILITARY TRL,,County,Curb,Other,N,Daylight,Clear,Dry,N,Other,Motor Vehicle in Transport,On Roadway,N,Other,None,,,None,,,N,,,,,OFFICER,Jupiter Police Department,Police Department (PD),4/4/2024 7:24:00 PM,4/4/2024 7:24:00 PM,1,N,Single Vehicle,Other,No Injury,No Injury,DAY,N,N,N,N,N,N,N,N,N,2,0,0,0,0,0,0,0,0,0,0,1,1,0,1,0,1,0,0,0,0,0,0,0,0,N,0,0,Y,0,0,1,0,0,0,1,500,500,0,0,0,Preliminary,Computer mapped approximate by address,589099.7751,2976811.0246,26.9102551058216,-80.1026873347555
26090109,2024,16-MAY-2024 03:41 PM,16-MAY-2024 12:00 AM,24001958,L,1,2,6,54,Palm Beach,Jupiter,Urban,5/16/2024 3:41:00 PM,5/16/2024 3:41:00 PM,5/16/2024 3:46:00 PM,5/16/2024 4:09:00 PM,Y,Law Enforcement,POMPANO DR,,,,0,,CENTER ST,,Local,Unpaved,T-Intersection,N,Daylight,Clear,Dry,N,Angle,Motor Vehicle in Transport,On Roadway,N,Intersection,None,,,None,,,N,,,,,OFFICER,Jupiter Police Department,Police Department (PD),5/23/2024 1:16:00 AM,5/23/2024 1:16:00 AM,7,Y,Single Vehicle,Other,Injury,Non-Incapacitating Injury,DAY,N,N,N,N,N,N,Y,N,N,1,1,0,1,0,0,0,0,0,0,0,1,1,0,1,0,1,0,0,0,0,0,0,0,0,N,0,0,Y,0,0,0,0,0,0,1,1200,1200,0,0,0,Preliminary,Editor Mapped,589280.3816,2980278.1665,26.9415434151732,-80.1006204537557
26090125,2024,19-MAY-2024 12:22 PM,19-MAY-2024 12:00 AM,24001993,L,1,2,6,54,Palm Beach,Jupiter,Urban,5/19/2024 12:22:00 PM,5/19/2024 12:22:00 PM,5/19/2024 12:25:00 PM,5/19/2024 12:35:00 PM,Y,Law Enforcement,W INDIANTOWN RD,359,,,,,,,Private Roadway,Unpaved,Other,N,Daylight,Clear,Dry,N,Angle,Pedalcycle,On Roadway,N,Driveway/Alley Access Related,None,,,None,,,N,,,,,OFFICER,Jupiter Police Department,Police Department (PD),7/18/2024 7:19:00 PM,7/18/2024 7:19:00 PM,60,Y,Bicycle,Bicycle,Serious Injury,Incapacitating Injury,DAY,N,N,N,N,N,N,N,N,N,1,1,0,0,1,0,0,0,0,0,0,1,1,0,1,0,0,0,0,0,0,0,0,0,0,N,0,0,Y,1,0,0,0,0,0,1,600,600,1,0,0,Preliminary,Editor Mapped,589430.5341,2979505.8658,26.9345617794448,-80.0991634335255
26090188,2024,30-MAY-2024 07:10 AM,20-AUG-2024 12:00 AM,24002162,S,1,2,6,54,Palm Beach,Jupiter,Urban,5/30/2024 7:10:00 AM,5/30/2024 7:10:00 AM,5/30/2024 7:15:00 AM,5/30/2024 7:30:00 AM,Y,Law Enforcement,S CENTRAL BLVD,,,,0,,DONALD ROSS RD,,Local,Curb,Y-Intersection,N,Daylight,Clear,Dry,N,Other,Pedestrian,On Roadway,N,Intersection,None,,,None,,,N,,,,,,Jupiter Police Department,Police Department (PD),6/6/2024 7:28:00 PM,8/22/2024 7:29:00 PM,7,N,Pedestrian,Pedestrian,No Injury,No Injury,DAY,N,N,N,N,N,N,Y,N,N,2,0,0,0,0,0,0,0,0,0,0,1,1,0,1,0,0,0,0,0,0,0,0,0,0,N,0,0,Y,0,0,0,0,0,0,1,300,300,0,0,0,Preliminary,Computer mapped approximate by address,588501.4305,2973780.529,26.8829350715753,-80.1089273173371
26092232,2024,21-MAY-2024 06:15 PM,21-MAY-2024 12:00 AM,242575,L,1,2,1,56,Miami-Dade,Hialeah Gardens,Urban,5/21/2024 6:18:00 PM,5/21/2024 6:20:00 PM,5/21/2024 6:25:00 PM,5/21/2024 7:00:00 PM,Y,Law Enforcement,NW 103RD ST,7700,25.866602,-80.323754,43,East,,,Parking Lot,Paved,Not at Intersection,N,Daylight,Clear,Dry,N,,Pedestrian,Off Roadway,N,Non-Junction,None,,,None,,,N,,,,,POLICE OFFICER,Hialeah Gardens Police Department,Police Department (PD),5/23/2024 7:24:00 PM,5/23/2024 7:24:00 PM,2,N,Pedestrian,Pedestrian,No Injury,No Injury,DAY,N,N,N,N,N,N,N,N,N,2,0,0,0,0,0,0,0,0,0,0,1,1,0,1,1,0,0,0,0,0,0,0,0,0,N,0,0,Y,0,0,1,0,0,0,1,50,50,0,0,0,Preliminary,Editor Mapped,567753.838,2861084.504,25.86659359433,-80.3237592118252
26092840,2024,20-MAR-2024 01:10 PM,20-MAR-2024 12:00 AM,24-00739,L,1,2,1,88,Miami-Dade,Sunny Isles Beach,Urban,3/20/2024 1:10:00 PM,3/20/2024 1:14:00 PM,3/20/2024 1:26:00 PM,3/20/2024 1:51:00 PM,Y,Law Enforcement,STATE RD A1A,,,,213,South,183RD ST,,State,Paved,Not at Intersection,N,Daylight,Clear,Dry,N,Angle,Pedalcycle,On Roadway,N,Driveway/Alley Access Related,None,,,None,,,N,,,,,PO,Sunny Isles Beach Police Department,Police Department (PD),4/29/2024 11:25:00 PM,4/29/2024 11:25:00 PM,40,Y,Bicycle,Bicycle,Injury,Possible Injury,DAY,N,N,N,Y,N,N,N,N,N,1,1,1,0,0,0,0,0,0,0,0,1,1,0,1,0,0,0,0,0,0,0,0,0,0,N,0,0,Y,0,0,1,0,0,0,1,500,500,0,0,0,Preliminary,Editor Mapped,587990.3704,2869901.4315,25.9451194590444,-80.1212085147287
26093000,2024,13-JUN-2024 01:38 PM,13-JUN-2024 12:00 AM,24-01534,L,1,2,1,88,Miami-Dade,Sunny Isles Beach,Urban,6/13/2024 1:38:00 PM,6/13/2024 2:45:00 PM,6/13/2024 2:50:00 PM,6/13/2024 3:40:00 PM,Y,Law Enforcement,STATE RD A1A,,,,112,South,ATLANTIC AVE,,State,Curb,Not at Intersection,N,Daylight,Cloudy,Dry,N,Angle,Pedalcycle,Off Roadway,N,Driveway/Alley Access Related,None,,,None,,,N,,,,,MOTO,Sunny Isles Beach Police Department,Police Department (PD),7/22/2024 11:26:00 PM,7/22/2024 11:26:00 PM,39,Y,Bicycle,Bicycle,Injury,Non-Incapacitating Injury,DAY,N,N,N,N,N,N,N,N,N,1,1,0,1,0,0,0,0,0,0,0,1,1,0,1,0,0,0,0,0,0,0,0,0,0,N,0,0,Y,0,0,0,0,0,0,0,0,0,0,0,0,Preliminary,Editor Mapped,587909.2915,2867863.1567,25.9267210388169,-80.1221546134128
26102981,2024,12-MAR-2024 02:55 PM,12-MAR-2024 04:28 PM,157310,L,1,2,2,38,Duval,Jacksonville,Urban,3/12/2024 3:01:00 PM,3/12/2024 3:02:00 PM,3/12/2024 3:06:00 PM,3/12/2024 4:58:00 PM,Y,Law Enforcement,HICKSON RD,,30.2890749545151,-81.602413411426,0,,UNIVERSITY BLVD S,,Local,Paved,T-Intersection,N,Daylight,Clear,Dry,N,Other,Pedestrian,On Roadway,N,Intersection,None,,,None,,,N,,,,,CSO,Jacksonville Sheriff's Office,Sheriff's Office (SO),3/14/2024 7:22:00 PM,3/14/2024 7:22:00 PM,2,Y,Pedestrian,Pedestrian,Injury,Non-Incapacitating Injury,DAY,N,N,N,N,N,N,Y,N,N,1,1,0,1,0,0,0,0,0,0,0,1,1,0,1,0,0,0,0,0,0,0,0,0,0,N,0,0,Y,0,0,1,0,1,500,1,1000,1500,0,0,0,Preliminary,Editor Mapped,442067.6317,3350970.8824,30.2890692668761,-81.6024091378086
26103452,2024,02-MAR-2024 03:20 PM,02-MAR-2024 04:00 PM,135050,L,1,3,2,38,Duval,Jacksonville,Urban,3/2/2024 3:21:00 PM,3/2/2024 3:23:00 PM,3/2/2024 3:28:00 PM,3/2/2024 4:00:00 PM,Y,Law Enforcement,MAYPORT RD,2440,30.3552670068404,-81.413950429451,,,SR A1A    MAYPORT RD,,Parking Lot,Unpaved,Not at Intersection,N,Daylight,Clear,Dry,N,Angle,Pedalcycle,In Parking Lane or Zone,N,Non-Junction,None,,,None,,,N,,,,,OFFICER,Jacksonville Sheriff's Office,Sheriff's Office (SO),3/4/2024 7:15:00 PM,3/4/2024 7:15:00 PM,2,N,Bicycle,Bicycle,No Injury,No Injury,DAY,N,N,N,N,N,N,N,N,N,3,0,0,0,0,0,0,0,0,0,0,1,1,0,1,0,0,1,0,0,0,0,0,0,0,N,0,0,Y,0,0,0,0,0,0,1,500,500,0,0,0,Preliminary,Editor Mapped,460218.6466,3358225.0769,30.3552631499287,-81.4139462076431
26108404,2024,07-JUN-2024 06:00 PM,28-JUN-2024 02:01 PM,351201,L,1,2,2,38,Duval,Jacksonville,Urban,6/7/2024 6:06:00 PM,6/7/2024 6:07:00 PM,6/7/2024 6:08:00 PM,6/7/2024 6:29:00 PM,Y,Law Enforcement,SR-212 BEACH BLVD,14316,30.2877189709998,-81.437025699803,0,,SAN PABLO RD S,,State,Paved,Not at Intersection,N,Daylight,Clear,Dry,N,Angle,Motor Vehicle in Transport,In Parking Lane or Zone,N,Driveway/Alley Access Related,None,,,None,,,N,,,,,OFFICER,Jacksonville Sheriff's Office,Sheriff's Office (SO),6/8/2024 7:19:00 PM,6/29/2024 7:18:00 PM,1,Y,Single Vehicle,Other,Injury,Non-Incapacitating Injury,DAY,N,N,N,N,N,N,N,N,N,1,1,0,1,0,0,0,0,0,0,0,1,1,0,1,0,0,0,0,0,0,0,0,0,0,N,0,0,Y,0,0,0,0,1,1500,1,10,1510,0,0,0,Preliminary,Editor Mapped,457954.6504,3350749.223,30.2877250424084,-81.4372040623757
26110099,2024,18-AUG-2024 03:25 PM,18-AUG-2024 03:53 PM,505809,L,1,2,2,38,Duval,Jacksonville,Urban,8/18/2024 3:25:00 PM,8/18/2024 3:29:00 PM,8/18/2024 3:37:00 PM,8/18/2024 3:53:00 PM,Y,Law Enforcement,DEERWOOD LAKE PKWY,4480,30.2644815841585,-81.5588884256296,0,,,,Local,Curb,Not at Intersection,N,Daylight,Clear,Dry,N,Other,Pedalcycle,On Roadway,N,Driveway/Alley Access Related,None,,,Glare,,,N,,,,,OFFICER,Jacksonville Sheriff's Office,Sheriff's Office (SO),8/19/2024 7:38:00 PM,8/19/2024 7:38:00 PM,1,Y,Bicycle,Bicycle,Injury,Non-Incapacitating Injury,DAY,N,N,N,N,N,N,N,N,N,1,1,0,1,0,0,0,0,0,0,0,1,1,0,1,1,0,0,0,0,0,0,0,0,0,N,0,0,Y,0,0,1,0,1,2000,1,10000,12000,1,0,0,Preliminary,Editor Mapped,446239.8981,3348224.1597,30.2644758624301,-81.5588852027998
26112515,2024,30-NOV-2024 02:30 PM,30-NOV-2024 03:19 PM,729095,L,1,2,2,38,Duval,Jacksonville,Urban,11/30/2024 3:22:00 PM,11/30/2024 3:22:00 PM,11/30/2024 3:22:00 PM,11/30/2024 3:22:00 PM,Y,Law Enforcement,SR-9B,,30.13733961691,-81.511626305008,69,East,PHILIPS HWY,,State,Curb,Not at Intersection,N,Daylight,Clear,Dry,N,Angle,Other Non-Fixed Object,On Roadway,N,Non-Junction,None,,,None,,,N,,,,,OFFICER,Jacksonville Sheriff's Office,Sheriff's Office (SO),12/3/2024 7:59:00 PM,12/3/2024 7:59:00 PM,3,N,Single Vehicle,Other,No Injury,No Injury,DAY,N,N,N,N,N,N,N,N,N,2,0,0,0,0,0,0,0,0,0,0,1,1,0,1,0,0,0,0,0,0,0,0,0,0,N,0,0,Y,0,0,0,0,0,0,1,1000,1000,0,0,0,Preliminary,Editor Mapped,450723.3543,3334112.4938,30.1373231808751,-81.5116182643075
26112598,2024,21-MAR-2024 05:07 PM,03-APR-2024 02:56 PM,177657,L,1,2,2,38,Duval,Jacksonville,Urban,3/21/2024 5:12:00 PM,3/21/2024 5:12:00 PM,3/21/2024 5:36:00 PM,3/21/2024 7:09:00 PM,N,Law Enforcement,BLANDING BLVD AND SKAFF AVE,,30.2208776321909,-81.7367872598506,0,,BLANDING BLVD,,Local,Paved,Not at Intersection,N,Daylight,Clear,Dry,N,Angle,Pedestrian,On Roadway,N,Non-Junction,None,,,None,,,N,,,,,OFFICER,Jacksonville Sheriff's Office,Sheriff's Office (SO),3/23/2024 7:18:00 PM,4/5/2024 7:42:00 PM,2,Y,Pedestrian,Pedestrian,Injury,Possible Injury,DAY,N,N,N,N,N,Y,N,N,N,1,1,1,0,0,0,0,0,0,0,0,1,1,0,1,1,0,0,0,0,0,0,0,0,0,N,0,0,Y,0,0,0,0,1,150,1,500,650,0,0,0,Preliminary,Editor Mapped,429095.874,3343489.8714,30.2208740547746,-81.7367833146242
26113578,2024,15-SEP-2024 12:34 PM,15-SEP-2024 12:53 PM,567115,L,1,2,2,38,Duval,Jacksonville,Urban,9/15/2024 12:35:00 PM,9/15/2024 12:36:00 PM,9/15/2024 12:42:00 PM,9/15/2024 12:55:00 PM,Y,Law Enforcement,DUGDALE RD,,30.2484552172058,-81.7499155900813,0,,103RD ST,,Local,Unpaved,Four-Way Intersection,N,Daylight,Cloudy,Dry,N,Angle,Pedestrian,On Roadway,Y,Intersection,None,,,None,,,N,,,,,OFFICER,Jacksonville Sheriff's Office,Sheriff's Office (SO),9/16/2024 7:28:00 PM,9/16/2024 7:28:00 PM,1,Y,Pedestrian,Pedestrian,Injury,Non-Incapacitating Injury,DAY,N,N,N,N,N,N,Y,N,N,1,1,0,1,0,0,0,0,0,0,0,1,1,0,1,0,0,0,0,0,0,0,0,0,0,N,0,0,Y,0,0,1,0,0,0,1,500,500,1,0,0,Preliminary,Editor Mapped,427848.764,3346560.8703,30.2485117693442,-81.7499517626725
26118117,2024,08-MAY-2024 01:20 PM,08-MAY-2024 01:57 PM,283781,L,1,2,2,38,Duval,Jacksonville,Urban,5/8/2024 1:23:00 PM,5/8/2024 1:26:00 PM,5/8/2024 1:38:00 PM,5/8/2024 1:58:00 PM,Y,Law Enforcement,OLD KINGS RD,,30.3792321402291,-81.7504503775437,0,,TRIXY ST,,Local,Paved,T-Intersection,N,Daylight,Clear,Dry,N,Angle,Motor Vehicle in Transport,On Roadway,N,Intersection,None,,,None,,,N,,,,,CSO,Jacksonville Sheriff's Office,Sheriff's Office (SO),5/11/2024 7:18:00 PM,5/11/2024 7:18:00 PM,3,Y,Single Vehicle,Other,Injury,Non-Incapacitating Injury,DAY,N,N,N,N,N,N,Y,N,N,1,1,0,1,0,0,0,0,0,0,0,1,1,0,1,0,0,0,0,0,0,0,0,0,0,N,0,0,Y,0,0,0,0,1,500,1,500,1000,0,0,0,Preliminary,Editor Mapped,427891.4708,3361051.9765,30.3792733982743,-81.7505037116238
26119136,2024,09-MAY-2024 03:50 PM,09-MAY-2024 04:17 PM,286427,L,1,2,2,38,Duval,Jacksonville,Urban,5/9/2024 3:52:00 PM,5/9/2024 3:55:00 PM,5/9/2024 4:10:00 PM,5/9/2024 5:32:00 PM,Y,Law Enforcement,PLUMMER COVE RD,,30.1781658022791,-81.6280869778404,0,,SAN JOSE BLVD,,Local,Curb,Four-Way Intersection,N,Daylight,Clear,Dry,N,Angle,Pedalcycle,On Roadway,N,Intersection-Related,None,,,None,,,N,,,,,CSO,Jacksonville Sheriff's Office,Sheriff's Office (SO),5/11/2024 7:18:00 PM,5/11/2024 7:18:00 PM,2,Y,Bicycle,Bicycle,Injury,Possible Injury,DAY,N,N,N,N,N,N,Y,N,N,1,1,1,0,0,0,0,0,0,0,0,1,1,0,1,0,1,0,0,0,0,0,0,0,0,N,0,0,Y,0,0,1,0,1,100,1,500,600,0,0,1,Preliminary,Editor Mapped,439530.7028,3338694.0733,30.1781624156954,-81.6280834227603
26122532,2024,02-MAR-2024 02:20 PM,02-MAR-2024 12:00 AM,240003181,L,1,3,8,30,Volusia,Daytona Beach,Urban,3/2/2024 2:20:00 PM,3/2/2024 2:21:00 PM,3/2/2024 2:22:00 PM,3/2/2024 3:00:00 PM,Y,Law Enforcement,CARL BRINKLEY CIR,,29.210056,-81.038421,33,West,ROSE MARIE BRYON DR,,Local,Paved,Not at Intersection,N,Daylight,Clear,Dry,N,,Pedalcycle,On Roadway,N,Non-Junction,None,,,None,,,N,,,,,OFFICER,Daytona Beach Police Department,Police Department (PD),3/6/2024 9:45:00 PM,3/6/2024 9:45:00 PM,4,Y,Bicycle,Bicycle,Injury,Non-Incapacitating Injury,DAY,N,N,N,N,N,N,N,N,N,2,1,0,1,0,0,0,0,0,0,0,1,1,0,1,0,0,1,0,0,0,0,0,0,0,N,0,0,Y,0,0,0,0,0,0,0,0,0,1,0,0,Preliminary,Editor Mapped,496266.1579,3231257.7116,29.2100444061358,-81.038413075353
26122816,2024,23-MAR-2024 05:15 PM,23-MAR-2024 12:00 AM,240004467,S,1,2,8,30,Volusia,Daytona Beach,Urban,3/23/2024 5:15:00 PM,3/23/2024 5:20:00 PM,3/23/2024 5:27:00 PM,3/23/2024 5:30:00 PM,Y,Law Enforcement,SUTTON CIR,,29.198076,-81.037027,40,West,,,Parking Lot,Curb,Not at Intersection,N,Daylight,Clear,Dry,N,,Pedalcycle,In Parking Lane or Zone,N,Non-Junction,None,,,None,,,N,,,,,POLICE OFFICER,Daytona Beach Police Department,Police Department (PD),3/28/2024 7:20:00 PM,3/28/2024 7:20:00 PM,5,N,Bicycle,Bicycle,No Injury,No Injury,DAY,N,N,N,N,N,N,N,N,N,2,0,0,0,0,0,0,0,0,0,0,1,1,0,1,0,0,0,0,0,0,0,0,0,0,N,0,0,Y,0,0,0,0,0,0,1,500,500,0,0,0,Preliminary,Editor Mapped,496400.6185,3229930.6211,29.1980668856944,-81.037025465085
26122848,2024,26-MAR-2024 06:42 PM,26-MAR-2024 12:00 AM,240004614,L,1,2,8,30,Volusia,Daytona Beach,Urban,3/26/2024 6:42:00 PM,3/26/2024 7:00:00 PM,3/26/2024 7:07:00 PM,3/26/2024 7:33:00 PM,Y,Law Enforcement,S CLYDE MORRIS BLVD,,29.181622,-81.04224,425,North,BELLEVUE AVE,,State,Unpaved,T-Intersection,N,Daylight,Clear,Dry,N,,Pedestrian,On Roadway,N,Intersection-Related,None,,,None,,,N,,,,,OFC,Daytona Beach Police Department,Police Department (PD),4/4/2024 7:24:00 PM,4/4/2024 7:24:00 PM,9,N,Pedestrian,Pedestrian,No Injury,No Injury,DAY,N,N,N,N,N,N,Y,N,N,2,0,0,0,0,0,0,0,0,0,0,1,1,0,1,0,0,0,0,0,0,0,0,0,0,N,0,0,Y,0,0,1,0,1,350,0,0,350,0,0,0,Preliminary,Editor Mapped,495893.9896,3228108.4339,29.1816188080499,-81.042230224424
26123406,2024,14-MAY-2024 05:54 PM,14-MAY-2024 12:00 AM,240007209,L,1,2,8,30,Volusia,Daytona Beach,Urban,5/14/2024 5:54:00 PM,5/14/2024 6:11:00 PM,5/14/2024 6:11:00 PM,5/14/2024 6:31:00 PM,Y,Law Enforcement,CLEARWATER RD,,29.180647,-81.029578,34,West,S NOVA RD,,State,Paved,Four-Way Intersection,N,Daylight,Clear,Dry,N,,Pedestrian,On Roadway,N,Intersection,None,,,None,,,N,,,,,OFFICER,Daytona Beach Police Department,Police Department (PD),5/16/2024 7:25:00 PM,5/16/2024 7:25:00 PM,2,Y,Pedestrian,Pedestrian,Injury,Possible Injury,DAY,N,N,N,N,N,N,Y,N,N,1,1,1,0,0,0,0,0,0,0,0,1,1,0,1,0,0,0,0,0,0,0,0,0,0,N,0,0,Y,0,0,0,0,0,0,1,0,0,0,0,0,Preliminary,Editor Mapped,497124.56,3227999.5397,29.1806393524407,-81.029573555432
26124052,2024,14-JUL-2024 06:50 PM,14-JUL-2024 12:00 AM,240010418,L,1,2,8,30,Volusia,Daytona Beach,Urban,7/14/2024 6:53:00 PM,7/14/2024 7:17:00 PM,7/14/2024 7:21:00 PM,7/14/2024 7:46:00 PM,Y,Law Enforcement,BRENTWOOD DR,600 BLK,29.224774,-81.043023,59,West,COZY CIR,,Local,Paved,Not at Intersection,N,Daylight,Clear,Dry,N,,Pedestrian,On Roadway,N,Non-Junction,None,,,None,,,N,,,,,OFFICER,Daytona Beach Police Department,Police Department (PD),8/2/2024 7:35:00 PM,8/2/2024 7:35:00 PM,19,Y,Pedestrian,Pedestrian,Injury,Possible Injury,DAY,N,N,N,N,N,N,N,N,N,1,1,1,0,0,0,0,0,0,0,0,1,1,0,1,0,0,0,0,0,0,0,0,0,0,N,0,0,Y,0,0,0,0,1,500,1,500,1000,1,0,0,Preliminary,Editor Mapped,495819.8298,3232888.9498,29.2247660327502,-81.0430109644242
26127086,2024,04-JAN-2024 03:25 PM,04-JAN-2024 12:00 AM,24-005409,L,1,2,64,0,Collier,Unincorporated,Rural,1/4/2024 3:30:00 PM,1/4/2024 3:30:00 PM,1/4/2024 3:37:00 PM,1/4/2024 4:10:00 PM,Y,Law Enforcement,96TH AVE N,,26.258862,-81.801817,137,West,TAMIAMI TRL N,,Local,Unpaved,Not at Intersection,N,Daylight,Cloudy,Dry,N,,Other Non-Fixed Object,On Roadway,N,Non-Junction,None,,,None,,,N,,,,,CSD,Collier County Sheriff's Office,Sheriff's Office (SO),1/7/2024 7:10:00 PM,1/7/2024 7:10:00 PM,3,Y,Single Vehicle,Other,Injury,Non-Incapacitating Injury,DAY,N,N,N,N,N,N,N,N,N,1,1,0,1,0,0,0,0,0,0,0,1,1,0,1,1,0,0,0,0,0,0,0,0,0,N,0,0,Y,0,0,0,0,0,0,1,500,500,0,0,0,Preliminary,Editor Mapped,419929.7717,2904595.2597,26.2588230435244,-81.801830095429
26127660,2024,22-JAN-2024 01:42 PM,22-JAN-2024 12:00 AM,24-30726,L,1,2,64,0,Collier,Unincorporated,Rural,1/22/2024 1:42:00 PM,1/22/2024 1:42:00 PM,1/22/2024 1:42:00 PM,1/22/2024 1:42:00 PM,Y,Law Enforcement,93RD AVE N,,26.256151,-81.801484,0,,TAMIAMI TRL N,,County,Paved,Not at Intersection,N,Daylight,Clear,Dry,N,,Pedestrian,On Roadway,N,Non-Junction,None,,,None,,,N,,,,,CPL,Collier County Sheriff's Office,Sheriff's Office (SO),1/23/2024 8:04:00 PM,1/23/2024 8:04:00 PM,1,Y,Pedestrian,Pedestrian,Injury,Possible Injury,DAY,N,N,N,N,N,N,N,N,N,1,1,1,0,0,0,0,0,0,0,0,1,1,0,1,0,0,0,0,0,0,0,0,0,0,N,0,0,Y,0,0,0,0,0,0,1,500,500,1,0,0,Preliminary,Editor Mapped,419962.6231,2904299.0009,26.2561500624208,-81.8014827845902
26127821,2024,26-JAN-2024 09:46 AM,26-JAN-2024 12:00 AM,24-036721,L,1,2,64,0,Collier,Unincorporated,Rural,1/26/2024 9:46:00 AM,1/26/2024 9:48:00 AM,1/26/2024 9:59:00 AM,1/26/2024 10:16:00 AM,Y,Law Enforcement,AIRPORT PULLING RD N,,26.244048,-81.769106,0,,VANDERBILT BEACH RD,,County,Curb,Four-Way Intersection,N,Daylight,Cloudy,Dry,N,,Pedalcycle,On Roadway,N,Intersection,None,,,None,,,N,,,,,DEPUTY,Collier County Sheriff's Office,Sheriff's Office (SO),2/3/2024 7:18:00 PM,2/3/2024 7:18:00 PM,8,Y,Bicycle,Bicycle,Injury,Non-Incapacitating Injury,DAY,N,N,N,N,N,Y,Y,N,N,0,1,0,1,0,0,0,0,0,0,0,1,1,0,1,0,0,0,0,0,0,0,0,0,0,N,0,0,Y,0,0,0,0,0,0,0,0,0,0,0,0,Preliminary,Editor Mapped,423188.1316,2902938.5614,26.2440436183393,-81.7691045023923
26129194,2024,04-MAR-2024 04:25 PM,04-MAR-2024 12:00 AM,24-90538,S,1,2,64,0,Collier,Unincorporated,Rural,3/4/2024 4:30:00 PM,3/4/2024 4:30:00 PM,3/4/2024 4:54:00 PM,3/4/2024 5:35:00 PM,Y,Law Enforcement,OLD 41 N,,26.312532,-81.791727,72,North,ARBOR VIEW BLVD,,Local,Unpaved,Not at Intersection,N,Daylight,Cloudy,Dry,N,,Other Non-Fixed Object,On Roadway,N,Non-Junction,None,,,None,,,N,,,,,CSD,Collier County Sheriff's Office,Sheriff's Office (SO),3/21/2024 7:24:00 PM,3/21/2024 7:24:00 PM,17,N,Single Vehicle,Other,No Injury,No Injury,DAY,N,N,N,N,N,N,N,N,N,2,0,0,0,0,0,0,0,0,0,0,1,1,0,1,0,0,0,0,0,0,0,0,0,0,N,0,0,Y,0,0,0,0,0,0,1,0,0,0,0,0,Preliminary,Officer Mapped,420975.3965,2910537.0552,26.3125274346072,-81.7917240313621
26130231,2024,01-APR-2024 06:15 PM,06-MAY-2024 12:00 AM,24-130438,L,1,2,64,52,Collier,Naples,Urban,4/1/2024 6:18:00 PM,4/1/2024 6:19:00 PM,4/1/2024 6:25:00 PM,4/1/2024 6:52:00 PM,Y,Law Enforcement,LIVINGSTON RD N,,26.27257,-81.75435,0,,IMMOKALEE RD,,County,Paved,Four-Way Intersection,N,Daylight,Clear,Dry,N,,Pedestrian,On Roadway,N,Intersection-Related,None,,,None,,,N,,,,,CPL,Collier County Sheriff's Office,Sheriff's Office (SO),5/3/2024 7:36:00 PM,5/16/2024 7:25:00 PM,32,Y,Pedestrian,Pedestrian,Injury,Possible Injury,DAY,N,N,N,N,N,N,Y,N,N,1,1,1,0,0,0,0,0,0,0,0,1,1,0,1,0,0,0,0,0,0,0,0,0,0,N,0,0,Y,0,0,0,0,0,0,1,200,200,0,0,0,Preliminary,Editor Mapped,424680.7721,2906082.0292,26.2725044298056,-81.7543433200345
26130866,2024,19-APR-2024 10:43 AM,19-APR-2024 12:00 AM,24-156623,L,1,2,64,54,Collier,North Naples,Urban,4/19/2024 10:48:00 AM,4/19/2024 10:50:00 AM,4/19/2024 11:07:00 AM,4/19/2024 11:45:00 AM,Y,Law Enforcement,NAPLES TRACE CIR,,26.269079,-81.770081,0,,AIRPORT PULLING RD N,,Local,Paved,Not at Intersection,N,Daylight,Clear,Dry,N,,Pedalcycle,On Roadway,N,Non-Junction,None,,,None,,,N,,,,,CSD,Collier County Sheriff's Office,Sheriff's Office (SO),4/23/2024 7:55:00 PM,4/23/2024 7:55:00 PM,4,Y,Bicycle,Bicycle,Injury,Non-Incapacitating Injury,DAY,N,N,N,N,N,N,N,N,N,1,1,0,1,0,0,0,0,0,0,0,1,1,0,1,0,0,0,0,0,0,0,0,0,0,N,0,0,Y,0,0,0,0,0,0,1,150,150,0,0,0,Preliminary,Editor Mapped,423107.3509,2905711.3544,26.2690740594872,-81.7700783654737
26131538,2024,10-MAY-2024 01:26 PM,10-MAY-2024 12:00 AM,24-186315,L,1,2,64,52,Collier,Naples,Urban,5/10/2024 1:30:00 PM,5/10/2024 1:30:00 PM,5/10/2024 1:31:00 PM,5/10/2024 2:00:00 PM,Y,Law Enforcement,VETERANS PARK DR,,26.272141,-81.782097,0,,IMMOKALEE RD,,County,Curb,T-Intersection,N,Daylight,Cloudy,Dry,N,,Pedalcycle,On Roadway,N,Intersection,None,,,None,,,N,,,,,CSD II,Collier County Sheriff's Office,Sheriff's Office (SO),5/11/2024 7:18:00 PM,5/11/2024 7:18:00 PM,1,Y,Bicycle,Bicycle,Injury,Non-Incapacitating Injury,DAY,N,N,N,N,N,N,Y,N,N,1,1,0,1,0,0,0,0,0,0,0,1,1,0,1,0,0,0,0,0,0,0,0,0,0,N,0,0,Y,0,0,0,0,1,50,0,0,50,0,0,0,Preliminary,Editor Mapped,421909.4808,2906057.8508,26.2721376237501,-81.7820950888789
26131692,2024,14-MAY-2024 07:23 AM,14-MAY-2024 12:00 AM,24-190727,L,1,2,64,0,Collier,Unincorporated,Rural,5/14/2024 7:25:00 AM,5/14/2024 7:25:00 AM,5/14/2024 7:37:00 AM,5/14/2024 8:22:00 AM,Y,Law Enforcement,CORTEZ CIR,,26.111773,-81.747206,0,,CATALINA DR,,Local,Unpaved,Four-Way Intersection,Y,Daylight,Cloudy,Dry,N,,Pedalcycle,On Roadway,N,Intersection,None,,,None,,,N,,,,,CSD,Collier County Sheriff's Office,Sheriff's Office (SO),5/17/2024 7:33:00 PM,5/17/2024 7:33:00 PM,3,Y,Bicycle,Bicycle,Injury,Possible Injury,DAY,N,N,N,N,N,N,Y,N,N,1,1,1,0,0,0,0,0,0,0,0,1,1,0,1,0,1,0,0,0,0,0,0,0,0,N,0,0,Y,0,0,0,0,1,1000,1,3000,4000,1,0,0,Preliminary,Editor Mapped,425291.3213,2888275.9423,26.1117679738731,-81.7472024177912
26132162,2024,01-JUN-2024 12:48 PM,01-JUN-2024 12:00 AM,24-216058,L,1,3,64,0,Collier,Unincorporated,Rural,6/1/2024 12:53:00 PM,6/1/2024 12:53:00 PM,6/1/2024 12:56:00 PM,6/1/2024 1:13:00 PM,Y,Law Enforcement,GOLDEN GATE PKWY,,26.18325,-81.702994,336,West,SUNSHINE BLVD,,County,Curb,Not at Intersection,N,Daylight,Clear,Dry,N,,Pedalcycle,On Roadway,N,Non-Junction,None,,,None,,,N,,,,,CSD,Collier County Sheriff's Office,Sheriff's Office (SO),6/2/2024 7:14:00 PM,6/2/2024 7:14:00 PM,1,Y,Bicycle,Bicycle,Injury,Possible Injury,DAY,N,N,N,N,N,N,N,N,N,2,1,1,0,0,0,0,0,0,0,0,1,1,0,1,0,0,1,0,0,0,0,0,0,0,N,0,0,Y,0,0,0,0,0,0,1,0,0,0,0,0,Preliminary,Editor Mapped,429753.5364,2896166.9479,26.1832401721996,-81.7030028624165
26132820,2024,26-JUN-2024 07:18 PM,26-JUN-2024 12:00 AM,24-246345,L,1,2,64,0,Collier,Unincorporated,Rural,6/26/2024 7:19:00 PM,6/26/2024 7:19:00 PM,6/26/2024 7:25:00 PM,6/26/2024 7:50:00 PM,Y,Law Enforcement,CASTELLO DR,,26.210175,-81.799332,318,East,9TH ST N,,Local,Unpaved,Not at Intersection,N,Daylight,Clear,Dry,N,,Pedestrian,On Roadway,N,Non-Junction,None,,,None,,,N,,,,,DEPUTY,Collier County Sheriff's Office,Sheriff's Office (SO),7/9/2024 7:45:00 PM,7/9/2024 7:45:00 PM,13,Y,Pedestrian,Pedestrian,Injury,Possible Injury,NIGHT,N,N,N,N,N,N,N,N,N,1,1,1,0,0,0,0,0,0,0,0,1,1,0,1,0,0,0,0,0,0,0,0,0,0,N,0,0,Y,0,0,0,0,0,0,1,1000,1000,1,0,0,Preliminary,Editor Mapped,420146.8062,2899204.5127,26.2101638079096,-81.7993239561532
26134155,2024,15-AUG-2024 07:32 AM,15-AUG-2024 12:00 AM,24-308630,L,1,2,64,0,Collier,Unincorporated,Rural,8/15/2024 7:36:00 AM,8/15/2024 7:36:00 AM,8/15/2024 7:39:00 AM,8/15/2024 7:59:00 AM,Y,Law Enforcement,PETERS AVE,,26.126979,-81.766727,0,,TAMIAMI TRL E,,U.S.,Curb,Four-Way Intersection,Y,Daylight,Clear,Dry,N,,Pedalcycle,On Roadway,N,Intersection,None,,,None,,,N,,,,,CSD,Collier County Sheriff's Office,Sheriff's Office (SO),8/25/2024 7:17:00 PM,8/25/2024 7:17:00 PM,10,Y,Bicycle,Bicycle,Injury,Possible Injury,DAY,N,N,N,N,N,N,Y,N,N,1,1,1,0,0,0,0,0,0,0,0,1,1,0,1,0,0,0,0,0,0,0,0,0,0,N,0,0,Y,0,0,0,0,1,0,1,100,100,1,0,0,Preliminary,Editor Mapped,423350.3566,2889971.8624,26.1269783665082,-81.7667136224131
26137727,2024,26-FEB-2024 04:10 PM,26-FEB-2024 12:00 AM,2024-10815,L,1,2,1,80,Miami-Dade,North Miami,Urban,2/26/2024 4:11:00 PM,2/26/2024 4:12:00 PM,2/26/2024 4:21:00 PM,2/26/2024 5:00:00 PM,Y,Law Enforcement,NE 135TH ST,,25.89898,-80.19449,104,West,GRIFFING BLVD,,Local,Paved,Not at Intersection,N,Daylight,Clear,Dry,N,,Other Non-Fixed Object,On Roadway,N,Non-Junction,None,,,None,,,N,,,,,OFFICER,North Miami Police Department,Police Department (PD),2/29/2024 7:23:00 PM,2/29/2024 7:23:00 PM,3,Y,Single Vehicle,Other,Injury,Possible Injury,DAY,N,N,N,N,N,N,N,N,N,1,1,1,0,0,0,0,0,0,0,0,1,1,0,1,0,0,0,0,0,0,0,0,0,0,N,0,0,Y,0,0,0,0,0,0,1,200,200,0,0,1,Preliminary,Editor Mapped,580684.5475,2864743.2615,25.8989703328803,-80.1944849945183
26137772,2024,03-MAR-2024 03:37 PM,03-MAR-2024 12:00 AM,2024-11843,L,1,2,1,80,Miami-Dade,North Miami,Urban,3/3/2024 3:37:00 PM,3/3/2024 3:37:00 PM,3/3/2024 3:40:00 PM,3/3/2024 3:55:00 PM,Y,Law Enforcement,BISCAYNE BLVD,12776-1270,25.894154,-80.162454,,,,,Parking Lot,Paved,Not at Intersection,N,Daylight,Clear,Dry,N,,Pedalcycle,Off Roadway,N,Non-Junction,None,,,None,,,N,,,,,OFFICER,North Miami Police Department,Police Department (PD),3/7/2024 7:22:00 PM,3/7/2024 7:22:00 PM,4,N,Bicycle,Bicycle,No Injury,No Injury,DAY,N,N,N,N,N,N,N,N,N,2,0,0,0,0,0,0,0,0,0,0,1,1,0,1,0,0,0,0,0,0,0,0,0,0,N,0,0,Y,0,0,0,0,0,0,0,0,0,0,0,0,Preliminary,Editor Mapped,583897.5081,2864229.0706,25.8941459915594,-80.1624438215961
26141940,2024,03-JUN-2024 10:10 AM,03-JUN-2024 04:23 PM,342406098630,L,1,2,10,38,Broward,Fort Lauderdale,Urban,6/3/2024 10:16:00 AM,6/3/2024 10:18:00 AM,6/3/2024 10:39:00 AM,6/3/2024 11:00:00 AM,Y,Law Enforcement,SE 17TH ST,1375,,,,,,,Parking Lot,Paved,Not at Intersection,N,Daylight,Rain,Wet,N,Angle,Motor Vehicle in Transport,In Parking Lane or Zone,N,Non-Junction,None,,,None,,,N,,,,,,Fort Lauderdale Police Department,Police Department (PD),6/5/2024 8:47:00 PM,6/5/2024 8:47:00 PM,2,N,Single Vehicle,Other,No Injury,No Injury,DAY,N,N,N,N,N,N,N,N,N,2,0,0,0,0,0,0,0,0,0,0,1,1,0,1,1,0,0,0,0,0,0,0,0,0,N,0,0,Y,0,0,0,0,0,0,1,2000,2000,0,0,0,Preliminary,Editor Mapped,587081.7471,2887178.8778,26.1011685901218,-80.1291317405889
26142301,2024,02-JUL-2024 01:04 PM,02-JUL-2024 08:19 PM,342407116467,L,1,3,10,38,Broward,Fort Lauderdale,Urban,7/2/2024 1:06:00 PM,7/2/2024 1:06:00 PM,7/2/2024 1:22:00 PM,7/2/2024 1:44:00 PM,Y,Law Enforcement,SR 838 - WEST SUNRISE BLVD,,,,0,,NW 7TH AVENUE,,State,Paved,Four-Way Intersection,N,Daylight,Cloudy,Dry,N,Angle,Pedalcycle,On Roadway,N,Intersection,None,,,None,,,N,,,,,,Fort Lauderdale Police Department,Police Department (PD),7/4/2024 7:25:00 PM,7/4/2024 7:25:00 PM,2,Y,Bicycle,Bicycle,Injury,Non-Incapacitating Injury,DAY,N,N,N,N,N,N,Y,N,N,1,2,0,2,0,0,0,0,0,0,0,2,2,0,1,0,0,0,0,0,0,0,0,0,0,N,0,0,Y,0,0,0,0,3,900,1,1000,1900,2,0,0,Preliminary,Editor Mapped,584884.5116,2891081.3241,26.1365336689241,-80.1508487987263
26142404,2024,10-APR-2024 05:54 AM,10-APR-2024 01:24 PM,342404064259,L,1,2,10,38,Broward,Fort Lauderdale,Urban,4/10/2024 6:19:00 AM,4/10/2024 6:25:00 AM,4/10/2024 6:34:00 AM,4/10/2024 6:34:00 AM,Y,Law Enforcement,NW 62ND ST,,,,225,East,NW 31ST AV,,State,Curb,Four-Way Intersection,N,Dark - Lighted,Cloudy,Dry,N,"Sideswipe, Same Direction",Pedalcycle,On Roadway,N,Intersection,None,,,None,,,N,,,,,,Fort Lauderdale Police Department,Police Department (PD),4/23/2024 7:55:00 PM,4/23/2024 7:55:00 PM,13,Y,Bicycle,Bicycle,Injury,Non-Incapacitating Injury,NIGHT,N,N,N,N,N,Y,Y,N,N,1,1,0,1,0,0,0,0,0,0,0,1,1,0,1,0,0,0,0,0,0,0,0,0,0,N,0,0,Y,0,0,0,0,0,0,0,0,0,1,0,0,Preliminary,Editor Mapped,580994.3278,2898337.4975,26.2022718518253,-80.189308520637
26142436,2024,09-JAN-2024 10:26 AM,09-JAN-2024 05:51 PM,342401004863,L,1,2,10,38,Broward,Fort Lauderdale,Urban,1/9/2024 10:28:00 AM,1/9/2024 10:28:00 AM,1/9/2024 10:31:00 AM,1/9/2024 11:00:00 AM,Y,Law Enforcement,SE 2ND CT,,,,0,,SE 13TH AVE,,Local,Curb,Four-Way Intersection,N,Daylight,Clear,Dry,N,Angle,Pedestrian,On Roadway,N,Intersection,None,,,None,,,N,,,,,,Fort Lauderdale Police Department,Police Department (PD),1/20/2024 7:17:00 PM,1/20/2024 7:17:00 PM,11,Y,Pedestrian,Pedestrian,Serious Injury,Incapacitating Injury,DAY,N,N,N,N,N,N,Y,N,N,1,1,0,0,1,0,0,0,0,0,0,1,1,0,1,0,0,0,0,0,0,0,0,0,0,N,0,0,Y,1,0,0,0,0,0,1,5000,5000,1,0,0,Verified,n/a,586984.829,2889275.1317,26.1201008384161,-80.1299607893895
26143046,2024,02-JAN-2024 01:40 PM,02-JAN-2024 08:36 PM,342401000986,L,1,2,10,38,Broward,Fort Lauderdale,Urban,1/2/2024 1:50:00 PM,1/2/2024 1:52:00 PM,1/2/2024 2:05:00 PM,1/2/2024 2:15:00 PM,Y,Law Enforcement,SR 842,,,,0,,SW 14TH AV,,State,Curb,T-Intersection,N,Daylight,Clear,Dry,N,Angle,Motor Vehicle in Transport,Off Roadway,N,Intersection-Related,None,,,None,,,N,,,,,,Fort Lauderdale Police Department,Police Department (PD),1/4/2024 7:21:00 PM,1/4/2024 7:21:00 PM,2,Y,Single Vehicle,Other,Injury,Non-Incapacitating Injury,DAY,N,N,N,N,N,Y,Y,N,N,0,1,0,1,0,0,0,0,0,0,0,1,1,0,1,0,0,0,0,0,0,0,0,0,0,N,0,0,Y,0,0,0,0,2,500,0,0,500,1,0,0,Preliminary,Editor Mapped,583932.4001,2889441.7892,26.1217865695842,-80.1604783592117
26143740,2024,14-MAR-2024 05:00 PM,14-MAR-2024 09:53 PM,342403047033,S,1,2,10,38,Broward,Fort Lauderdale,Urban,3/14/2024 5:01:00 PM,3/14/2024 5:24:00 PM,3/14/2024 5:39:00 PM,3/14/2024 6:07:00 PM,Y,Motorist,N FEDERAL HWY,2601,,,0,,,,Local,Paved,Not at Intersection,N,Daylight,Clear,Dry,N,Front to Front,Motor Vehicle in Transport,In Parking Lane or Zone,N,,None,,,None,,,N,,,,,,Fort Lauderdale Police Department,Police Department (PD),3/16/2024 7:19:00 PM,3/16/2024 7:19:00 PM,2,N,Single Vehicle,Other,No Injury,No Injury,DAY,N,N,N,Y,N,N,N,Y,N,2,0,0,0,0,0,0,0,0,0,0,1,1,0,1,0,0,0,0,0,0,0,0,0,0,N,0,0,Y,0,0,0,0,0,0,0,0,0,0,0,0,Preliminary,Computer mapped confident by address,588269.0608,2893683.6241,26.1598252983049,-80.1168174176439
26143907,2024,22-JAN-2024 06:30 PM,23-JAN-2024 12:42 AM,342401013058,L,1,2,10,38,Broward,Fort Lauderdale,Urban,1/22/2024 6:32:00 PM,1/22/2024 6:37:00 PM,1/22/2024 6:43:00 PM,1/22/2024 7:04:00 PM,Y,Law Enforcement,E SUNRISE BLVD,2670,,,,,,,Parking Lot,Curb,T-Intersection,N,Dark - Lighted,Clear,Dry,N,Other,Motor Vehicle in Transport,Off Roadway,N,Non-Junction,None,,,None,,,N,,,,,,Fort Lauderdale Police Department,Police Department (PD),1/25/2024 7:25:00 PM,1/25/2024 7:25:00 PM,3,Y,Single Vehicle,Other,Injury,Possible Injury,DAY,N,N,N,N,N,N,N,N,N,1,1,1,0,0,0,0,0,0,0,0,1,1,0,1,0,0,0,0,0,0,0,0,0,0,N,0,0,Y,0,0,0,0,0,0,0,0,0,0,0,0,Preliminary,Editor Mapped,588975.4591,2891251.2102,26.1378205350154,-80.1099167967535
26143940,2024,04-FEB-2024 06:22 PM,05-FEB-2024 07:45 PM,342402021459,L,1,2,10,38,Broward,Fort Lauderdale,Urban,2/4/2024 6:22:00 PM,2/4/2024 6:23:00 PM,2/4/2024 6:29:00 PM,2/4/2024 7:00:00 PM,Y,Law Enforcement,SW 2ND ST,373,26.12046,-80.14715,75,West,,,Local,Curb,Not at Intersection,N,Dark - Lighted,Clear,Dry,N,"Sideswipe, Same Direction",Pedestrian,On Roadway,N,Non-Junction,None,,,None,,,N,,,,,,Fort Lauderdale Police Department,Police Department (PD),2/6/2024 8:05:00 PM,2/6/2024 8:05:00 PM,2,Y,Pedestrian,Pedestrian,Injury,Possible Injury,DAY,N,N,N,N,N,N,N,Y,N,1,1,1,0,0,0,0,0,0,0,0,1,1,0,1,0,0,0,0,0,0,0,0,0,0,N,0,0,Y,0,0,0,0,0,0,1,500,500,0,0,0,Preliminary,Editor Mapped,585266.1881,2889307.0676,26.1204918975435,-80.1471473407534
26146458,2024,07-JAN-2024 12:01 PM,07-JAN-2024 12:00 AM,2401-004232,S,2,2,53,0,Charlotte,Unincorporated,Rural,1/7/2024 12:01:00 PM,1/7/2024 12:01:00 PM,1/7/2024 12:01:00 PM,1/7/2024 2:00:00 PM,Y,Law Enforcement,AMPLE AVE NW,1175,26.989127,-82.136379,115,West,COLUMBIA ST NW,,Local,Paved,Not at Intersection,Y,Daylight,Clear,Dry,N,,Parked Motor Vehicle,Off Roadway,N,Non-Junction,None,,,None,,,N,,,,,DFC,Charlotte County Sheriff's Office,Sheriff's Office (SO),1/9/2024 7:55:00 PM,1/9/2024 7:55:00 PM,2,N,Parked Vehicle,Other,No Injury,No Injury,DAY,N,N,N,N,N,N,N,N,N,2,0,0,0,0,0,0,0,0,0,0,2,1,0,0,0,0,0,0,0,0,0,0,0,0,N,0,0,Y,0,0,0,0,1,20,1,400,420,0,0,0,Preliminary,Officer Mapped,387239.0868,2985737.9372,26.9891221445732,-82.1363752851264
26147647,2024,26-MAR-2024 10:02 AM,26-MAR-2024 12:00 AM,2403-016508,L,1,2,53,0,Charlotte,Unincorporated,Rural,3/26/2024 10:02:00 AM,3/26/2024 10:03:00 AM,3/26/2024 10:08:00 AM,3/26/2024 11:00:00 AM,Y,Law Enforcement,TAMIAMI TRL,2525,26.994085,-82.11589,360,East,,,U.S.,Paved,Other,Y,Daylight,Clear,Dry,N,,Pedalcycle,Roadside,N,Other,None,,,None,,,N,,,,,DFC,Charlotte County Sheriff's Office,Sheriff's Office (SO),3/30/2024 7:17:00 PM,3/30/2024 7:17:00 PM,4,Y,Bicycle,Bicycle,Injury,Non-Incapacitating Injury,DAY,N,N,N,N,N,N,N,N,N,1,1,0,1,0,0,0,0,0,0,0,1,1,0,1,0,0,0,0,0,0,0,0,0,0,N,0,0,Y,0,0,1,0,0,0,0,0,0,1,0,0,Preliminary,Editor Mapped,389278.9824,2986269.2683,26.9940826736588,-82.1158682492175
26148796,2024,27-JUN-2024 03:30 PM,27-JUN-2024 12:00 AM,2406-017208,L,1,1,53,0,Charlotte,Unincorporated,Rural,6/27/2024 3:32:00 PM,6/27/2024 3:34:00 PM,6/27/2024 2:05:00 PM,6/27/2024 2:10:00 PM,Y,Law Enforcement,QUEENSWAY RD E,,27.000534,-82.056226,57,East,KINGS HWY,,Local,Paved,Other,N,Daylight,Clear,Dry,N,,Pedalcycle,On Roadway,N,Non-Junction,None,,,None,,,N,,,,,DFC,Charlotte County Sheriff's Office,Sheriff's Office (SO),7/3/2024 10:32:00 PM,7/3/2024 10:32:00 PM,6,N,Bicycle,Bicycle,No Injury,No Injury,DAY,N,N,N,N,N,N,N,N,N,1,0,0,0,0,0,0,0,0,0,0,1,1,0,0,0,0,0,0,0,0,0,0,0,0,N,0,0,Y,0,0,0,0,0,0,1,3000,3000,0,0,0,Preliminary,Editor Mapped,395203.6107,2986932.4805,27.0005297136895,-82.0562230269576
26149433,2024,27-AUG-2024 10:42 AM,27-AUG-2024 12:00 AM,2408-017369,L,1,2,53,0,Charlotte,Unincorporated,Rural,8/27/2024 10:42:00 AM,8/27/2024 10:43:00 AM,8/27/2024 10:45:00 AM,8/27/2024 11:19:00 AM,Y,Law Enforcement,WINTERGARDEN AVE,,26.988594,-82.151756,260,West,BAIRD ST,,Local,Unpaved,Not at Intersection,Y,Daylight,Clear,Dry,N,,Pedalcycle,On Roadway,N,Non-Junction,None,,,None,,,N,,,,,DFC,Charlotte County Sheriff's Office,Sheriff's Office (SO),8/29/2024 1:16:00 AM,8/29/2024 1:16:00 AM,2,Y,Bicycle,Bicycle,Injury,Non-Incapacitating Injury,DAY,N,N,N,N,N,N,N,N,N,1,1,0,1,0,0,0,0,0,0,0,1,1,0,1,1,0,0,0,0,0,0,0,0,0,N,0,0,Y,0,0,1,0,1,100,1,500,600,1,0,0,Preliminary,Editor Mapped,385713.6775,2985690.9533,26.9885732386726,-82.1517411566418
26149746,2024,22-SEP-2024 09:00 AM,22-SEP-2024 12:00 AM,2409-014604,L,1,2,53,0,Charlotte,Unincorporated,Rural,9/22/2024 9:03:00 AM,9/22/2024 9:03:00 AM,9/22/2024 9:06:00 AM,9/22/2024 9:45:00 AM,Y,Law Enforcement,COMO ST,,27.006247,-82.164956,0,,EL JOBEAN RD,,Local,Unpaved,T-Intersection,Y,Daylight,Clear,Dry,N,,Pedestrian,On Roadway,N,Intersection,None,,,None,,,N,,,,,DFC,Charlotte County Sheriff's Office,Sheriff's Office (SO),9/24/2024 7:54:00 PM,9/24/2024 7:54:00 PM,2,Y,Pedestrian,Pedestrian,Injury,Non-Incapacitating Injury,DAY,N,N,N,N,N,Y,Y,N,N,1,1,0,1,0,0,0,0,0,0,0,1,1,0,1,0,0,0,0,0,0,0,0,0,0,N,0,0,Y,0,0,0,0,1,200,0,0,200,0,0,0,Preliminary,Editor Mapped,384420.5085,2987661.0533,27.0062496858997,-82.1649543855516
26151839,2024,07-DEC-2024 03:40 AM,07-DEC-2024 05:28 AM,SPD24OFF002162,L,1,2,27,50,Highlands,Sebring,Urban,12/7/2024 3:43:00 AM,12/7/2024 3:44:00 AM,12/7/2024 3:48:00 AM,12/7/2024 11:00:00 AM,Y,Law Enforcement,US HWY 27 NORTH,,27.50001,-81.48952,0,,HARDWARE PLACE,,U.S.,Unpaved,Not at Intersection,Y,Dark - Unknown Lighting,Clear,Dry,N,Other,Pedestrian,On Roadway,N,Non-Junction,None,,,None,,,N,,,,,OFFICER,Sebring Police Department,Police Department (PD),1/1/2025 7:25:00 PM,1/1/2025 7:25:00 PM,25,Y,Pedestrian,Pedestrian,Fatality,Fatal (within 30 days),NIGHT,Y,Y,N,N,N,Y,N,N,N,1,0,0,0,0,1,1,0,0,0,0,1,1,0,1,0,0,0,0,0,0,0,0,0,0,N,0,0,Y,0,1,0,0,0,0,0,0,0,0,0,1,Preliminary,Computer plot approximate by lat/long,451648.7997,3041912.7378,27.5000049346769,-81.4895168932694
26153446,2024,01-FEB-2024 04:20 PM,09-FEB-2024 09:32 PM,PPPD24OFF007703,L,1,2,10,68,Broward,Pembroke Pines,Urban,2/1/2024 4:22:00 PM,2/1/2024 4:25:00 PM,2/1/2024 4:32:00 PM,2/1/2024 5:04:00 PM,Y,Law Enforcement,PEMBROKE RD,,25.995036,-80.222404,267,East,SW 68 AVE,,State,Curb,Not at Intersection,N,Daylight,Clear,Dry,N,Other,Pedalcycle,On Roadway,N,Non-Junction,None,,,None,,,N,,,,,OFFICER,Pembroke Pines Police Department,Police Department (PD),2/23/2024 7:26:00 PM,2/23/2024 7:26:00 PM,22,Y,Bicycle,Bicycle,Injury,Possible Injury,DAY,N,N,N,Y,N,N,N,N,N,0,2,2,0,0,0,0,0,0,0,0,1,1,0,1,1,0,0,0,0,0,0,0,0,0,N,0,0,Y,0,0,0,0,1,500,1,3000,3500,0,0,0,Preliminary,Editor Mapped,577824.3391,2875365.5069,25.9950353523175,-80.2224080696266
26154117,2024,04-MAR-2024 10:30 PM,04-MAR-2024 10:56 PM,PPPD24OFF015478,L,1,1,10,68,Broward,Pembroke Pines,Urban,3/4/2024 10:33:00 PM,3/4/2024 10:33:00 PM,3/4/2024 10:45:00 PM,3/4/2024 11:00:00 PM,Y,Law Enforcement,NW 83 AVE,,26.009161277859,-80.2522693775671,0,,SR 820 (PINES BLVD),,Local,Curb,Not at Intersection,N,Dark - Lighted,Clear,Dry,N,Other,Motor Vehicle in Transport,On Roadway,N,Non-Junction,None,,,None,,,N,,,,,PSA,Pembroke Pines Police Department,Police Department (PD),3/16/2024 7:19:00 PM,3/16/2024 7:19:00 PM,12,Y,Single Vehicle,Other,Injury,Non-Incapacitating Injury,NIGHT,N,N,N,N,N,Y,N,N,N,0,1,0,1,0,0,0,0,0,0,0,1,1,0,0,0,0,0,0,0,0,0,0,0,0,N,0,0,Y,0,0,0,0,1,100,1,200,300,1,0,0,Preliminary,Editor Mapped,574829.6015,2876919.6376,26.0092254877728,-80.2522394583255
26154469,2024,10-APR-2024 03:40 PM,10-APR-2024 03:59 PM,PPPD24OFF024880,L,1,2,10,68,Broward,Pembroke Pines,Urban,4/10/2024 3:45:00 PM,4/10/2024 3:46:00 PM,4/10/2024 3:50:00 PM,4/10/2024 4:16:00 PM,Y,Law Enforcement,HIATUS RD,,26.0229953431655,-80.2990621722904,0,,TAFT ST,,Local,Curb,Four-Way Intersection,N,Daylight,Clear,Dry,N,Other,Pedalcycle,On Roadway,N,Intersection,None,,,None,,,N,,,,,PSA,Pembroke Pines Police Department,Police Department (PD),4/16/2024 8:04:00 PM,4/16/2024 8:04:00 PM,6,Y,Bicycle,Bicycle,Injury,Non-Incapacitating Injury,DAY,N,N,N,N,N,N,Y,N,N,1,1,0,1,0,0,0,0,0,0,0,1,1,0,1,0,0,0,0,0,0,0,0,0,0,N,0,0,Y,0,0,0,0,0,0,1,3000,3000,1,0,0,Preliminary,Editor Mapped,570150.0438,2878427.479,26.023074295494,-80.2989177942439
26154955,2024,31-MAY-2024 04:40 PM,31-MAY-2024 05:02 PM,PPPD24OFF038432,L,1,2,10,68,Broward,Pembroke Pines,Urban,5/31/2024 4:43:00 PM,5/31/2024 4:45:00 PM,5/31/2024 4:55:00 PM,5/31/2024 5:25:00 PM,Y,Law Enforcement,SR 820 (PINES BLVD),,26.0083310116963,-80.2797383946418,0,,PALM AVE,,State,Curb,Four-Way Intersection,N,Daylight,Clear,Dry,N,Other,Pedalcycle,On Roadway,N,Intersection,None,,,None,,,N,,,,,PSA,Pembroke Pines Police Department,Police Department (PD),6/6/2024 7:28:00 PM,6/6/2024 7:28:00 PM,6,Y,Bicycle,Bicycle,Injury,Non-Incapacitating Injury,DAY,N,N,N,N,N,N,Y,N,N,1,1,0,1,0,0,0,0,0,0,0,1,1,0,1,0,0,0,0,0,0,0,0,0,0,N,0,0,Y,0,0,0,0,1,50,0,0,50,1,0,0,Preliminary,Editor Mapped,572103.971,2876797.2052,26.008258316007,-80.2794812548947
26155719,2024,28-MAR-2024 04:20 PM,28-MAR-2024 04:55 PM,WWPD24OFF000371,L,1,2,44,62,Sumter,Wildwood,Urban,3/28/2024 4:24:00 PM,3/28/2024 4:25:00 PM,3/28/2024 4:30:00 PM,3/28/2024 5:36:00 PM,Y,Law Enforcement,NE 48TH LOOP,,28.93607,-82.02305,8,West,NE 122ND AVE,,Local,Paved,Not at Intersection,Y,Daylight,Clear,Dry,N,Other,Pedalcycle,On Roadway,N,Driveway/Alley Access Related,None,,,None,,,N,,,,,PATROLMAN,Wildwood Police Department,Police Department (PD),3/29/2024 7:29:00 PM,3/29/2024 7:29:00 PM,1,Y,Bicycle,Bicycle,Injury,Non-Incapacitating Injury,DAY,N,N,N,N,N,N,N,N,N,1,1,0,1,0,0,0,0,0,0,0,1,1,0,1,0,1,0,0,0,0,0,0,0,0,N,0,0,Y,0,0,0,0,0,0,1,1000,1000,1,0,0,Preliminary,Editor Mapped,400200.7197,3201242.0448,28.9352377701564,-82.0239671383428
26159958,2024,11-JUN-2024 12:00 PM,15-JUN-2024 12:00 AM,2024-00115439,L,1,2,19,42,Brevard,Melbourne,Urban,6/11/2024 6:00:00 PM,6/11/2024 6:04:00 PM,6/11/2024 6:04:00 PM,6/11/2024 6:50:00 PM,Y,Law Enforcement,BABCOCK ST S,3642,28.05492,-80.621659,348,North,,,Parking Lot,Curb,Not at Intersection,N,Daylight,Clear,Dry,N,,Pedestrian,Off Roadway,N,Other,None,,,None,,,N,,,,,OFFICER,Melbourne Police Department,Police Department (PD),6/15/2024 7:21:00 PM,6/20/2024 1:29:00 AM,4,Y,Pedestrian,Pedestrian,Injury,Possible Injury,DAY,N,N,N,N,N,Y,N,N,N,1,1,1,0,0,0,0,0,0,0,0,1,1,0,1,0,0,0,0,0,0,0,0,0,0,N,0,0,Y,0,0,0,0,0,0,0,0,0,0,0,0,Preliminary,Editor Mapped,537181.3523,3103342.7671,28.0549097513734,-80.6216525652472
26163469,2024,06-MAR-2024 09:17 PM,06-MAR-2024 12:00 AM,24-0023943,L,1,2,18,40,Lee,Fort Myers,Urban,3/6/2024 9:17:00 PM,3/6/2024 9:19:00 PM,3/6/2024 9:20:00 PM,3/6/2024 9:38:00 PM,Y,Law Enforcement,VERONICA S SHOEMAKER BLVD,,26.648306,-81.840252,0,,MICHIGAN AVE,,Local,Curb,Four-Way Intersection,N,Dark - Lighted,Clear,Wet,N,,Pedalcycle,On Roadway,N,Intersection,None,,,None,,,N,,,,,OFFICER,Fort Myers Police Department,Police Department (PD),3/8/2024 7:27:00 PM,3/8/2024 7:27:00 PM,2,Y,Bicycle,Bicycle,Injury,Non-Incapacitating Injury,NIGHT,N,N,N,N,N,N,Y,N,N,1,1,0,1,0,0,0,0,0,0,0,1,1,0,1,1,0,0,0,0,0,0,0,0,0,N,0,0,Y,0,0,0,0,0,0,1,100,100,1,0,0,Preliminary,Editor Mapped,416375.2592,2947757.4417,26.6483018716771,-81.8402459502203
26166438,2024,26-FEB-2024 07:38 AM,26-FEB-2024 12:00 AM,422402009414,L,1,2,10,76,Broward,Sunrise,Urban,2/26/2024 7:39:00 AM,2/26/2024 7:39:00 AM,2/26/2024 7:55:00 AM,2/26/2024 8:21:00 AM,Y,Law Enforcement,SUNRISE LAKES BLVD,,,,45,North,NOB HILL RD,,Local,Paved,Not at Intersection,N,Daylight,Clear,Dry,N,Other,Pedalcycle,On Roadway,N,Non-Junction,None,,,None,,,N,,,,,PUBLIC SERVICE AIDE,Sunrise Police Department,Police Department (PD),3/2/2024 7:19:00 PM,3/2/2024 7:19:00 PM,5,Y,Bicycle,Bicycle,Injury,Possible Injury,DAY,N,N,N,N,N,N,N,N,N,1,1,1,0,0,0,0,0,0,0,0,1,1,0,1,1,0,0,0,0,0,0,0,0,0,N,0,0,Y,0,0,0,0,0,0,1,100,100,0,0,0,Preliminary,Editor Mapped,572053.3674,2893674.3085,26.1606448458942,-80.2790538284408
26166642,2024,22-MAR-2024 04:42 PM,22-MAR-2024 12:00 AM,422403014001,L,1,2,10,76,Broward,Sunrise,Urban,3/22/2024 4:42:00 PM,3/22/2024 4:42:00 PM,3/22/2024 4:48:00 PM,3/22/2024 6:24:00 PM,Y,Law Enforcement,NW 120TH WAY,,,,0,,NW 30TH PL,,Local,Curb,Four-Way Intersection,N,Daylight,Clear,Wet,N,Other,Pedalcycle,On Roadway,N,Intersection,None,,,None,,,N,,,,,PUBLIC SERVICE AIDE,Sunrise Police Department,Police Department (PD),3/31/2024 7:11:00 PM,3/31/2024 7:11:00 PM,9,N,Bicycle,Bicycle,No Injury,No Injury,DAY,N,N,N,N,N,N,Y,N,N,2,0,0,0,0,0,0,0,0,0,0,1,1,0,1,1,0,0,0,0,0,0,0,0,0,N,0,0,Y,0,0,0,0,1,500,1,500,1000,1,0,0,Preliminary,Editor Mapped,569025.6698,2894055.3629,26.1642338637995,-80.3093260754014
26167925,2024,12-SEP-2024 05:39 PM,12-SEP-2024 12:00 AM,422409042445,L,1,4,10,76,Broward,Sunrise,Urban,9/12/2024 5:39:00 PM,9/12/2024 5:44:00 PM,9/12/2024 5:50:00 PM,9/12/2024 7:25:00 PM,Y,Law Enforcement,NW 28TH ST,,,,28,East,NW 85TH AV,,Local,Paved,Not at Intersection,Y,Daylight,Cloudy,Dry,N,Other,Pedestrian,On Roadway,N,Non-Junction,None,,,None,,,N,,,,,PUBLIC SERVICE AIDE,Sunrise Police Department,Police Department (PD),9/19/2024 7:27:00 PM,9/19/2024 7:27:00 PM,7,Y,Pedestrian,Pedestrian,Injury,Non-Incapacitating Injury,DAY,N,N,N,Y,N,N,N,Y,N,3,1,0,1,0,0,0,0,0,0,0,1,1,0,1,0,0,2,0,0,0,0,0,0,0,N,0,0,Y,0,0,1,0,1,2000,1,200,2200,1,0,0,Preliminary,Editor Mapped,573681.3902,2893581.7009,26.1597262279289,-80.262770602401
26168413,2024,14-NOV-2024 04:53 PM,14-NOV-2024 12:00 AM,422411052954,L,1,2,10,76,Broward,Sunrise,Urban,11/14/2024 4:53:00 PM,11/14/2024 4:54:00 PM,11/14/2024 5:15:00 PM,11/14/2024 6:16:00 PM,Y,Law Enforcement,W COMMERCIAL BLVD,,,,607,West,NW 94TH AV,,Local,Paved,Not at Intersection,N,Daylight,Cloudy,Dry,N,Other,Pedalcycle,On Roadway,N,Non-Junction,None,,,None,,,N,,,,,PUBLIC SERVICE AIDE,Sunrise Police Department,Police Department (PD),11/21/2024 7:27:00 PM,11/21/2024 7:27:00 PM,7,Y,Bicycle,Bicycle,Injury,Non-Incapacitating Injury,DAY,N,N,N,N,N,N,N,N,N,1,1,0,1,0,0,0,0,0,0,0,1,1,0,1,1,0,0,0,0,0,0,0,0,0,N,0,0,Y,0,0,0,0,1,400,1,50,450,1,0,0,Preliminary,Editor Mapped,572544.5183,2897324.5204,26.1935775984969,-80.2739356488446
26170514,2024,12-JUN-2024 12:00 PM,12-JUN-2024 12:20 PM,MCSO24OFF004348,L,1,3,38,0,Monroe,Unincorporated,Rural,6/12/2024 12:01:00 PM,6/12/2024 12:03:00 PM,6/12/2024 12:05:00 PM,6/12/2024 1:00:00 PM,Y,Law Enforcement,AVE C,,24.67108,-81.34308,193,West,1ST ST,,Local,Unpaved,Not at Intersection,Y,Daylight,Cloudy,Dry,N,Other,Motor Vehicle in Transport,On Roadway,N,Driveway/Alley Access Related,None,,,None,,,N,,,,,DEPUTY,Monroe County Sheriff's Office,Sheriff's Office (SO),6/15/2024 7:21:00 PM,6/15/2024 7:21:00 PM,3,Y,Single Vehicle,Other,Serious Injury,Incapacitating Injury,DAY,N,N,N,N,N,N,N,N,N,2,1,0,0,1,0,0,0,0,0,0,1,1,0,1,0,0,1,0,0,0,0,0,0,0,N,0,0,Y,1,0,0,0,1,600,1,3000,3600,1,0,0,Preliminary,Editor Mapped,464879.9905,2728563.5616,24.6710027762189,-81.3471140053059
26173960,2024,28-APR-2024 01:35 AM,29-APR-2024 02:26 AM,24-396652,L,1,2,3,0,Hillsborough,Unincorporated,Rural,4/28/2024 1:38:00 AM,4/28/2024 1:39:00 AM,4/28/2024 1:44:00 AM,4/28/2024 2:11:00 AM,Y,Law Enforcement,ST N,42ND,,,23,East,LAZY OAK DR,,County,Curb,T-Intersection,Y,Dark - Lighted,Clear,Dry,N,Other,Motor Vehicle in Transport,On Roadway,N,Other,Work Zone,None,,None,,,Y,,,,,DEP.,Hillsborough County Sheriff's Office,Sheriff's Office (SO),5/9/2024 1:08:00 AM,5/9/2024 1:08:00 AM,11,Y,Single Vehicle,Other,Injury,Possible Injury,NIGHT,N,N,N,N,Y,N,N,N,N,1,1,1,0,0,0,0,0,0,0,0,1,1,0,1,0,0,0,0,0,0,0,0,0,0,N,0,0,Y,0,0,0,0,0,0,1,300,300,0,0,0,Preliminary,Editor Mapped,369978.1162,3066436.2829,27.7159757912551,-82.3188931581305
26178327,2024,03-AUG-2024 02:35 PM,03-AUG-2024 12:00 AM,24-08-00527,L,1,5,10,62,Broward,Miramar,Urban,8/3/2024 2:39:00 PM,8/3/2024 2:40:00 PM,8/3/2024 2:44:00 PM,8/3/2024 3:25:00 PM,Y,Law Enforcement,CR 858,,25.984632,-80.207163,156,West,S SR-7,,County,Paved,Not at Intersection,N,Daylight,Cloudy,Dry,N,,Pedalcycle,On Roadway,N,Non-Junction,None,,,None,,,N,,,,,OFFICER,Miramar Police Department,Police Department (PD),8/5/2024 7:32:00 PM,8/5/2024 7:32:00 PM,2,Y,Bicycle,Bicycle,Injury,Possible Injury,DAY,N,N,N,Y,N,N,N,N,N,4,1,1,0,0,0,0,0,0,0,0,1,1,0,1,0,0,3,0,0,0,0,0,0,0,N,0,0,Y,0,0,0,0,0,0,0,0,0,1,0,0,Preliminary,Editor Mapped,579357.3781,2874221.0917,25.9846192698591,-80.207161007407
26179942,2024,30-JAN-2024 07:20 PM,30-JAN-2024 12:00 AM,240100731,L,1,1,24,40,St. Lucie,Fort Pierce,Urban,1/30/2024 8:52:00 PM,1/30/2024 8:55:00 PM,1/30/2024 8:55:00 PM,1/30/2024 9:19:00 PM,N,Motorist,S 24TH ST,,,,0,,FLORIDA AVE,,Local,Unpaved,Four-Way Intersection,N,Dark - Lighted,Clear,Dry,N,Angle,Pedalcycle,On Roadway,N,Intersection,None,,,None,,,N,,,,,POLICE OFFICER,Fort Pierce Police Department,Police Department (PD),2/1/2024 7:20:00 PM,2/1/2024 7:20:00 PM,2,Y,Bicycle,Bicycle,Injury,Possible Injury,NIGHT,N,N,N,N,N,Y,Y,N,N,0,1,1,0,0,0,0,0,0,0,0,1,1,0,0,0,0,0,0,0,0,0,0,0,0,N,0,0,Y,0,0,0,0,0,0,0,0,0,0,0,0,Preliminary,Editor Mapped,564349.4182,3035557.0429,27.4419654891436,-80.3488588215425
26181714,2024,18-AUG-2024 05:39 PM,18-AUG-2024 12:00 AM,2024-002930,L,1,3,3,52,Hillsborough,Temple Terrace,Urban,8/18/2024 5:39:00 PM,8/18/2024 5:40:00 PM,8/18/2024 5:45:00 PM,8/18/2024 5:56:00 PM,Y,Law Enforcement,SUNNYSIDE RD,,28.032367,-82.389332,0,,E BULLARD PKWY,,State,Paved,Four-Way Intersection,N,Daylight,Clear,Dry,N,,Pedestrian,On Roadway,N,Intersection,None,,,None,,,N,,,,,OFC,Temple Terrace Police Department,Police Department (PD),8/19/2024 7:38:00 PM,8/19/2024 7:38:00 PM,1,N,Pedestrian,Pedestrian,No Injury,No Injury,DAY,N,N,N,N,N,N,Y,N,N,3,0,0,0,0,0,0,0,0,0,0,1,1,0,1,0,0,1,0,0,0,0,0,0,0,N,0,0,Y,0,0,0,0,0,0,1,5000,5000,0,0,0,Preliminary,Editor Mapped,363431.3889,3101565.7701,28.0323639991716,-82.3893248000045
26185520,2024,10-JAN-2024 04:51 PM,10-JAN-2024 12:00 AM,24-016475,L,1,3,18,42,Lee,Fort Myers Beach,Urban,1/10/2024 4:51:00 PM,1/10/2024 4:51:00 PM,1/10/2024 4:56:00 PM,1/10/2024 5:15:00 PM,Y,Law Enforcement,BAYLAND RD,,26.435463,-81.9195,0,,ESTERO BLVD,,County,Curb,T-Intersection,N,Daylight,Cloudy,Dry,N,,Pedalcycle,On Roadway,N,Intersection,Other,,,None,,,N,,,,,DEPUTY FIRST CLASS,Lee County Sheriff's Office,Sheriff's Office (SO),1/12/2024 7:35:00 PM,1/12/2024 7:35:00 PM,2,Y,Bicycle,Bicycle,Injury,Possible Injury,DAY,N,N,N,N,N,N,Y,N,N,2,1,1,0,0,0,0,0,0,0,0,1,1,0,1,1,0,1,0,0,0,0,0,0,0,N,0,0,Y,0,0,0,0,0,0,1,300,300,0,0,0,Preliminary,Editor Mapped,408318.5248,2924237.6432,26.4354634047301,-81.9194958365222
26185611,2024,12-JAN-2024 05:10 PM,12-JAN-2024 12:00 AM,24-020450,L,1,1,18,30,Lee,Bonita Springs,Urban,1/12/2024 5:11:00 PM,1/12/2024 5:12:00 PM,1/12/2024 5:25:00 PM,1/12/2024 6:30:00 PM,Y,Law Enforcement,E BROOK DR,,26.330988,-81.768659,0,,BONITA BEACH RD SE,,County,Curb,T-Intersection,Y,Daylight,Clear,Wet,N,,Pedalcycle,On Roadway,N,Intersection,None,,,None,,,N,,,,,DEPUTY,Lee County Sheriff's Office,Sheriff's Office (SO),1/14/2024 7:11:00 PM,1/14/2024 7:11:00 PM,2,Y,Bicycle,Bicycle,Injury,Non-Incapacitating Injury,DAY,N,N,N,N,N,N,Y,N,N,0,1,0,1,0,0,0,0,0,0,0,1,1,0,0,0,0,0,0,0,0,0,0,0,0,N,0,0,Y,0,0,0,0,0,0,1,7000,7000,1,0,0,Preliminary,Editor Mapped,423291.3685,2912567.3771,26.3309846916454,-81.7686436912951
26186318,2024,27-JAN-2024 11:09 AM,27-JAN-2024 12:00 AM,24-045341,L,1,2,18,0,Lee,Unincorporated,Rural,1/27/2024 11:09:00 AM,1/27/2024 11:19:00 AM,1/27/2024 11:26:00 AM,1/27/2024 12:20:00 PM,Y,Law Enforcement,PINE ISLAND RD NW,,26.613733,-82.117274,85,West,AVENUE A,,State,Unpaved,Not at Intersection,N,Daylight,Clear,Dry,N,,Pedalcycle,On Roadway,N,Non-Junction,None,,,None,,,N,,,,,SGT,Lee County Sheriff's Office,Sheriff's Office (SO),1/28/2024 7:12:00 PM,1/28/2024 7:12:00 PM,1,Y,Bicycle,Bicycle,Injury,Non-Incapacitating Injury,DAY,N,N,N,N,N,N,N,N,N,1,1,0,1,0,0,0,0,0,0,0,1,1,0,1,0,0,0,0,0,0,0,0,0,0,N,0,0,Y,0,0,0,0,1,1000,0,0,1000,1,0,0,Preliminary,Editor Mapped,388770.0695,2944139.3298,26.6137301065187,-82.1172629235006
26188028,2024,27-JAN-2024 03:23 PM,27-JAN-2024 12:00 AM,2024-027-213,S,1,2,19,46,Brevard,Palm Bay,Urban,1/27/2024 3:27:00 PM,1/27/2024 3:31:00 PM,1/27/2024 3:39:00 PM,1/27/2024 4:07:00 PM,Y,Law Enforcement,MALABAR RD NE,,27.998752,-80.638757,0,,HOLIDAY PARK BLVD NE,,Local,Curb,Four-Way Intersection,N,Daylight,Clear,Dry,N,,Pedestrian,On Roadway,N,Intersection,None,,,None,,,N,,,,,OFFICER,Palm Bay Police Department,Police Department (PD),2/4/2024 7:10:00 PM,2/4/2024 7:10:00 PM,8,N,Pedestrian,Pedestrian,No Injury,No Injury,DAY,N,N,N,N,N,N,Y,N,N,2,0,0,0,0,0,0,0,0,0,0,1,1,0,1,0,0,0,0,0,0,0,0,0,0,N,0,0,Y,0,0,1,0,0,0,1,500,500,0,0,0,Preliminary,Officer Mapped,535519.1321,3097116.0685,27.9987463920037,-80.6387543023741
26188775,2024,05-MAY-2024 02:55 PM,05-MAY-2024 12:00 AM,2024-126-195,L,1,2,19,46,Brevard,Palm Bay,Urban,5/5/2024 2:55:00 PM,5/5/2024 2:57:00 PM,5/5/2024 3:04:00 PM,5/5/2024 3:26:00 PM,Y,Law Enforcement,MALABAR RD,,27.998421,-80.63309,,,,,Local,Paved,T-Intersection,N,Daylight,Clear,Dry,N,,Pedalcycle,Off Roadway,N,Intersection-Related,None,,,None,,,N,,,,,OFFICER,Palm Bay Police Department,Police Department (PD),5/6/2024 7:33:00 PM,5/6/2024 7:33:00 PM,1,Y,Bicycle,Bicycle,Injury,Possible Injury,DAY,N,N,N,N,N,N,Y,N,N,1,1,1,0,0,0,0,0,0,0,0,1,1,0,1,0,0,0,0,0,0,0,0,0,0,N,0,0,Y,0,0,0,0,0,0,1,500,500,0,0,0,Preliminary,Editor Mapped,536076.4776,3097081.8725,27.9984226920672,-80.6330869853237
26193653,2024,02-JUL-2024 07:55 AM,02-JUL-2024 12:00 AM,24-009664,L,1,2,6,34,Palm Beach,Boynton Beach,Urban,7/2/2024 7:56:00 AM,7/2/2024 7:56:00 AM,7/2/2024 8:06:00 AM,7/2/2024 9:00:00 AM,Y,Law Enforcement,S CR 807,,26.495957,-80.089761,479,South,SW 30TH AVE,,County,Curb,Not at Intersection,N,Daylight,Clear,Dry,N,,Pedalcycle,On Roadway,N,Driveway/Alley Access Related,None,,,None,,,N,,,,,PSA,Boynton Beach Police Department,Police Department (PD),7/9/2024 7:45:00 PM,7/9/2024 7:45:00 PM,7,Y,Bicycle,Bicycle,Injury,Non-Incapacitating Injury,DAY,N,N,N,N,N,N,N,N,N,1,1,0,1,0,0,0,0,0,0,0,1,1,0,1,1,0,0,0,0,0,0,0,0,0,N,0,0,Y,0,0,0,0,1,3500,1,500,4000,1,0,0,Preliminary,Editor Mapped,590711.3152,2930930.722,26.4959516543422,-80.0897578891949
26193847,2024,25-JUL-2024 07:23 PM,25-JUL-2024 12:00 AM,24-010791,L,1,3,6,34,Palm Beach,Boynton Beach,Urban,7/25/2024 7:24:00 PM,7/25/2024 7:24:00 PM,7/25/2024 7:30:00 PM,7/25/2024 8:00:00 PM,Y,Law Enforcement,NAUTICA SOUND BLVD,,26.567928,-80.105224,0,,LAWRENCE RD,,Local,Curb,T-Intersection,N,Daylight,Clear,Dry,N,,Pedalcycle,On Roadway,N,Intersection,None,,,None,,,N,,,,,PSA,Boynton Beach Police Department,Police Department (PD),8/1/2024 1:11:00 AM,8/1/2024 1:11:00 AM,7,Y,Bicycle,Bicycle,Injury,Non-Incapacitating Injury,NIGHT,N,N,N,N,N,Y,Y,N,N,1,2,0,2,0,0,0,0,0,0,0,2,2,0,1,0,0,0,0,0,0,0,0,0,0,N,0,0,Y,0,0,0,0,0,0,0,0,0,0,0,0,Preliminary,Editor Mapped,589113.2153,2938892.1414,26.5679294063131,-80.1052351435489
26193989,2024,11-AUG-2024 12:23 AM,11-AUG-2024 12:00 AM,24-011717,L,1,2,6,34,Palm Beach,Boynton Beach,Urban,8/11/2024 12:25:00 AM,8/11/2024 12:25:00 AM,8/11/2024 12:30:00 AM,8/11/2024 1:00:00 AM,Y,Law Enforcement,N SEACREST BLVD,,26.558311,-80.066916,38,South,S PALM DR,,Local,Curb,Not at Intersection,N,Dark - Lighted,Clear,Dry,N,,Pedalcycle,On Roadway,N,Through Roadway,None,,,None,,,N,,,,,OFC,Boynton Beach Police Department,Police Department (PD),8/20/2024 7:59:00 PM,8/20/2024 7:59:00 PM,9,Y,Bicycle,Bicycle,Injury,Non-Incapacitating Injury,NIGHT,N,N,N,N,N,Y,N,N,N,0,1,0,1,0,0,0,0,0,0,0,1,1,0,1,0,0,0,0,0,0,0,0,0,0,N,0,0,Y,0,0,0,0,0,0,0,0,0,0,0,0,Preliminary,Editor Mapped,592937.8453,2937853.468,26.5583059486082,-80.0669128862687
26194325,2024,24-SEP-2024 05:25 PM,24-SEP-2024 12:00 AM,24-013587,L,1,3,6,34,Palm Beach,Boynton Beach,Urban,9/24/2024 5:27:00 PM,9/24/2024 5:28:00 PM,9/24/2024 5:29:00 PM,9/24/2024 6:00:00 PM,Y,Law Enforcement,SW 13TH AVE,,26.51618,-80.06824,126,West,SW 2ND ST,,Local,Unpaved,Not at Intersection,N,Daylight,Clear,Dry,N,,Pedalcycle,On Roadway,N,Through Roadway,None,,,None,,,N,,,,,PSA,Boynton Beach Police Department,Police Department (PD),9/26/2024 7:28:00 PM,9/26/2024 7:28:00 PM,2,Y,Bicycle,Bicycle,Injury,Non-Incapacitating Injury,DAY,N,N,N,N,N,N,N,N,N,2,1,0,1,0,0,0,0,0,0,0,1,1,0,1,0,0,1,0,0,0,0,0,0,0,N,0,0,Y,0,0,0,0,0,0,1,100,100,0,0,0,Preliminary,Editor Mapped,592843.5026,2933185.8562,26.5161730157619,-80.0682004717813
26200106,2024,16-SEP-2024 05:25 PM,16-SEP-2024 12:00 AM,24-1516,L,1,2,28,30,Pasco,Dade City,Urban,9/16/2024 5:27:00 PM,9/16/2024 5:27:00 PM,9/16/2024 5:29:00 PM,9/16/2024 4:25:00 PM,Y,Law Enforcement,7TH ST,,28.359288,-82.189205,148,South,FLORIDA AVE,,Local,Paved,Not at Intersection,N,Daylight,Clear,Dry,N,,Pedalcycle,Off Roadway,N,Driveway/Alley Access Related,None,,,None,,,N,,,,,OFFICER,Dade City Police Department,Police Department (PD),9/24/2024 7:55:00 PM,9/24/2024 7:55:00 PM,8,Y,Bicycle,Bicycle,Serious Injury,Incapacitating Injury,DAY,N,N,N,N,N,N,N,N,N,1,1,0,0,1,0,0,0,0,0,0,1,1,0,1,0,0,0,0,0,0,0,0,0,0,N,0,0,Y,1,0,1,0,0,0,1,100,100,1,0,0,Preliminary,Editor Mapped,383460.1357,3137577.4969,28.3592824355286,-82.1892020373826
26201517,2024,21-JUN-2024 09:17 PM,21-JUN-2024 12:00 AM,VP240013869,L,1,2,8,37,Volusia,Deltona,Urban,6/21/2024 9:17:00 PM,6/21/2024 9:18:00 PM,6/21/2024 9:21:00 PM,6/21/2024 9:48:00 PM,Y,Law Enforcement,URBANA AVE,,28.919118,-81.250019,0,,SULLIVAN ST,,Local,Unpaved,Four-Way Intersection,N,Dark - Lighted,Rain,Wet,N,,Pedestrian,On Roadway,N,Intersection,None,,,None,,,N,,,,,DEPUTY,Volusia County Sheriff's Office,Sheriff's Office (SO),6/25/2024 7:45:00 PM,6/25/2024 7:45:00 PM,4,Y,Pedestrian,Pedestrian,Serious Injury,Incapacitating Injury,NIGHT,N,N,N,N,N,N,Y,N,N,1,1,0,0,1,0,0,0,0,0,0,1,1,0,1,1,0,0,0,0,0,0,0,0,0,N,0,0,Y,1,0,1,0,0,0,1,2000,2000,0,0,0,Preliminary,Editor Mapped,475627.6277,3199049.8941,28.919113847809,-81.2500350337846
26201673,2024,18-JUL-2024 06:55 PM,18-JUL-2024 12:00 AM,VP240015899,L,1,3,8,37,Volusia,Deltona,Urban,7/18/2024 6:57:00 PM,7/18/2024 7:05:00 PM,7/18/2024 7:19:00 PM,7/18/2024 8:10:00 PM,Y,Law Enforcement,AVON CT,,28.939883,-81.18042,0,,COURTLAND BLVD,,Local,Unpaved,T-Intersection,N,Daylight,Clear,Dry,N,,Pedestrian,On Roadway,N,Intersection-Related,None,,,None,,,N,,,,,DEPUTY,Volusia County Sheriff's Office,Sheriff's Office (SO),7/27/2024 7:21:00 PM,7/27/2024 7:21:00 PM,9,Y,Pedestrian,Pedestrian,Injury,Possible Injury,DAY,N,N,N,N,N,N,Y,N,N,2,1,1,0,0,0,0,0,0,0,0,2,1,0,1,0,0,0,0,0,0,0,0,0,0,N,0,0,Y,0,0,0,0,0,0,1,1000,1000,0,0,0,Preliminary,Editor Mapped,482418.1892,3201338.0042,28.9398776972784,-81.1804070725193
26201848,2024,18-AUG-2024 06:51 PM,18-AUG-2024 12:00 AM,VP240018192,L,1,2,8,37,Volusia,Deltona,Urban,8/18/2024 6:51:00 PM,8/18/2024 6:55:00 PM,8/18/2024 6:59:00 PM,8/18/2024 7:35:00 PM,Y,Law Enforcement,SURF DR,,28.948707,-81.19872,200,North,HAULOVER BLVD,,Local,Unpaved,Other,Y,Daylight,Clear,Dry,N,,Pedestrian,On Roadway,N,Non-Junction,None,,,None,,,N,,,,,D/S,Volusia County Sheriff's Office,Sheriff's Office (SO),11/25/2024 7:51:00 PM,11/25/2024 7:51:00 PM,99,Y,Pedestrian,Pedestrian,Injury,Non-Incapacitating Injury,DAY,N,N,N,N,N,N,N,N,N,1,1,0,1,0,0,0,0,0,0,0,1,1,0,1,0,0,0,0,0,0,0,0,0,0,N,0,0,Y,0,0,0,0,0,0,1,1000,1000,1,0,0,Preliminary,Officer Mapped,480635.3749,3202318.4621,28.9487015388028,-81.1987173412856
26201913,2024,24-AUG-2024 04:30 PM,29-AUG-2024 12:00 AM,VP240019031,L,1,3,8,34,Volusia,DeBary,Urban,8/24/2024 12:18:00 PM,8/24/2024 12:18:00 PM,8/24/2024 12:18:00 PM,8/24/2024 12:18:00 PM,Y,Law Enforcement,SACKETT RD,,28.89007,-81.325979,0,,W HIGHBANKS RD,,Local,Unpaved,T-Intersection,N,Daylight,Clear,Dry,N,,Pedalcycle,On Roadway,N,Intersection,None,,,None,,,N,,,,,DEPUTY,Volusia County Sheriff's Office,Sheriff's Office (SO),9/10/2024 7:55:00 PM,9/10/2024 7:55:00 PM,17,Y,Bicycle,Bicycle,Serious Injury,Incapacitating Injury,DAY,N,N,N,N,N,Y,Y,N,N,0,2,1,0,1,0,0,0,0,0,0,2,2,0,1,0,0,0,0,0,0,0,0,0,0,N,0,0,Y,1,0,0,0,0,0,0,0,0,0,0,1,Preliminary,Editor Mapped,468222.6118,3195853.0392,28.8900967204182,-81.3259116805427
26202230,2024,11-OCT-2024 05:09 PM,11-OCT-2024 12:00 AM,VP240022211,L,1,2,8,37,Volusia,Deltona,Urban,10/11/2024 5:09:00 PM,10/11/2024 5:11:00 PM,10/11/2024 5:16:00 PM,10/11/2024 5:46:00 PM,Y,Law Enforcement,TUNISIA DR,,28.880668,-81.177845,0,,SHAFTON AVE,,Local,Unpaved,T-Intersection,N,Daylight,Clear,Dry,N,,Pedestrian,On Roadway,N,Intersection,None,,,None,,,N,,,,,DEPUTY,Volusia County Sheriff's Office,Sheriff's Office (SO),10/17/2024 1:27:00 AM,10/17/2024 1:27:00 AM,6,Y,Pedestrian,Pedestrian,Injury,Non-Incapacitating Injury,DAY,N,N,N,N,N,N,Y,N,N,1,1,0,1,0,0,0,0,0,0,0,1,1,0,1,0,0,0,0,0,0,0,0,0,0,N,0,0,Y,0,0,0,0,0,0,0,0,0,0,0,0,Preliminary,Editor Mapped,482658.783,3194776.4247,28.8806558674014,-81.1778373202524
26202249,2024,13-OCT-2024 06:48 PM,13-OCT-2024 12:00 AM,VP240022334,L,1,3,8,46,Volusia,Oak Hill,Urban,10/13/2024 6:48:00 PM,10/13/2024 6:50:00 PM,10/13/2024 7:09:00 PM,10/13/2024 9:48:00 PM,Y,Law Enforcement,OLD DIXIE HWY,,28.80406,-80.866821,0,,,,County,Unpaved,Not at Intersection,Y,Daylight,Clear,"Mud, Dirt, Gravel",N,,Other Non-Collision,On Roadway,N,Non-Junction,None,,,None,,,N,,,,,DEPUTY,Volusia County Sheriff's Office,Sheriff's Office (SO),11/12/2024 7:48:00 PM,11/12/2024 7:48:00 PM,30,Y,Single Vehicle,Other,Injury,Possible Injury,DAY,Y,N,N,Y,Y,N,N,N,N,2,1,1,0,0,0,0,0,0,0,0,1,1,0,1,0,0,1,0,0,0,0,0,0,0,N,0,0,Y,0,0,0,0,0,0,0,0,0,1,0,0,Preliminary,Officer Mapped,512996.3539,3186284.1299,28.8040545178908,-80.8668175781154
26202295,2024,19-OCT-2024 09:00 AM,19-OCT-2024 12:00 AM,VP240022788,S,1,1,8,0,Volusia,Unincorporated,Urban,10/19/2024 9:54:00 AM,10/19/2024 9:59:00 AM,10/19/2024 9:59:00 AM,10/19/2024 10:20:00 AM,Y,Law Enforcement,N GAINES ST,,28.869643,-80.847432,694,North,CANAL AVE,,Local,Paved,Not at Intersection,N,Daylight,Clear,Dry,N,,Parked Motor Vehicle,Off Roadway,N,Acceleration/Deceleration Lane,None,,,None,,,N,,,,,DEPUTY,Volusia County Sheriff's Office,Sheriff's Office (SO),10/31/2024 2:14:00 AM,10/31/2024 2:14:00 AM,12,N,Single Vehicle,Other,No Injury,No Injury,DAY,N,N,N,N,N,N,N,Y,N,1,0,0,0,0,0,0,0,0,0,0,1,1,0,0,0,0,0,0,0,0,0,0,0,0,N,0,0,Y,0,0,0,0,0,0,1,500,500,0,0,0,Preliminary,Officer Mapped,514878.9776,3193552.2598,28.8696373791943,-80.8474294539089
26203104,2024,30-SEP-2024 06:15 AM,30-SEP-2024 12:00 AM,24008647,L,1,2,4,46,Pinellas,Largo,Urban,9/30/2024 12:00:00 AM,9/30/2024 6:16:00 AM,9/30/2024 6:20:00 AM,9/30/2024 12:00:00 AM,N,,EAST BAY DR,,,,0,,CENTRAL PARK DR,,State,Paved,,N,Dark - Lighted,Clear,Dry,,,,,,,,,,,,,N,,,,,OFFICER,Largo Police Department,Police Department (PD),10/4/2024 7:44:00 PM,10/4/2024 7:44:00 PM,4,Y,Single Vehicle,Other,Injury,Non-Incapacitating Injury,NIGHT,N,N,N,N,N,N,N,N,N,1,1,0,1,0,0,0,0,0,0,0,1,1,0,1,0,0,0,0,0,0,0,0,0,0,N,0,0,Y,0,0,1,0,1,500,1,2000,2500,1,0,0,Preliminary,Editor Mapped,324513.3319,3089240.1713,27.9165778367409,-82.7832719531704
26203158,2024,04-OCT-2024 07:36 PM,04-OCT-2024 12:00 AM,24008838,L,1,2,4,46,Pinellas,Largo,Urban,10/4/2024 12:00:00 AM,10/4/2024 7:36:00 PM,10/4/2024 7:42:00 PM,10/4/2024 12:00:00 AM,N,,ULMERTON RD,,,,95,East,S BELCHER RD,,State,Paved,,N,Dark - Lighted,Rain,Wet,,,,,,,,,,,,,N,,,,,SERGEANT,Largo Police Department,Police Department (PD),10/10/2024 12:50:00 AM,10/10/2024 12:50:00 AM,6,Y,Single Vehicle,Other,Injury,Possible Injury,NIGHT,N,N,N,N,N,N,N,N,N,1,1,1,0,0,0,0,0,0,0,0,1,1,0,1,0,0,0,0,0,0,0,0,0,0,N,0,0,Y,0,0,0,0,0,0,1,1000,1000,0,0,1,Preliminary,Editor Mapped,328203.2135,3086697.5031,27.8941150101794,-82.7454218559007
26203279,2024,22-OCT-2024 06:39 PM,22-OCT-2024 12:00 AM,24009347,L,1,4,4,46,Pinellas,Largo,Urban,10/22/2024 12:00:00 AM,10/22/2024 6:40:00 PM,10/22/2024 6:45:00 PM,10/22/2024 12:00:00 AM,N,,137TH ST N,13709,,,0,,WALSINGHAM RD,,Local,Curb,,N,Daylight,Clear,Dry,,,,,,,,,,,,,N,,,,,OFFICER,Largo Police Department,Police Department (PD),10/26/2024 7:26:00 PM,10/26/2024 7:26:00 PM,4,Y,Single Vehicle,Other,Injury,Non-Incapacitating Injury,DAY,N,N,N,N,N,N,N,N,N,3,1,0,1,0,0,0,0,0,0,0,1,1,0,1,0,0,2,0,0,0,0,0,0,0,N,0,0,Y,0,0,0,0,0,0,0,0,0,1,0,0,Preliminary,Editor Mapped,320033.0464,3086515.1188,27.8913934329674,-82.8283678232208
26203387,2024,05-NOV-2024 12:40 PM,05-NOV-2024 12:00 AM,24009780,L,1,2,4,46,Pinellas,Largo,Urban,11/5/2024 12:00:00 AM,11/5/2024 12:41:00 PM,11/5/2024 12:51:00 PM,11/5/2024 12:00:00 AM,N,,ULMERTON RD,,,,315,West,S BELCHER RD,,State,Paved,,N,Daylight,Clear,Dry,,,,,,,,,,,,,N,,,,,OFFICER,Largo Police Department,Police Department (PD),11/7/2024 7:29:00 PM,11/7/2024 7:29:00 PM,2,Y,Single Vehicle,Other,Injury,Non-Incapacitating Injury,DAY,N,N,N,N,N,N,N,N,N,1,1,0,1,0,0,0,0,0,0,0,1,1,0,1,0,0,0,0,0,0,0,0,0,0,N,0,0,Y,0,0,1,0,1,100,0,0,100,0,0,0,Preliminary,Editor Mapped,328059.4454,3086736.7973,27.8944510686311,-82.746887652593
26203463,2024,15-NOV-2024 01:00 PM,15-NOV-2024 12:00 AM,24010117,L,1,2,4,46,Pinellas,Largo,Urban,11/15/2024 12:00:00 AM,11/15/2024 2:15:00 PM,11/15/2024 2:16:00 PM,11/15/2024 12:00:00 AM,N,,EAST BAY DR,2650,,,274,West,,,State,Curb,,N,Daylight,Clear,Dry,,,,,,,,,,,,,N,,,,,OFFICER,Largo Police Department,Police Department (PD),11/21/2024 7:27:00 PM,11/21/2024 7:27:00 PM,6,Y,Single Vehicle,Other,Injury,Non-Incapacitating Injury,DAY,N,N,N,N,N,N,N,N,N,1,1,0,1,0,0,0,0,0,0,0,1,1,0,1,0,0,0,0,0,0,0,0,0,0,N,0,0,Y,0,0,0,0,1,1000,1,2000,3000,0,0,0,Preliminary,Editor Mapped,326850.332,3089217.9161,27.9166823541922,-82.7595296149589
26203762,2024,23-DEC-2024 09:52 AM,23-DEC-2024 12:00 AM,24011334,L,1,2,4,46,Pinellas,Largo,Urban,12/23/2024 9:52:00 AM,12/23/2024 9:52:00 AM,12/23/2024 9:52:00 AM,12/23/2024 10:02:00 AM,Y,Law Enforcement,N MISSOURI AVE,1215,,,450,North,,,County,Curb,T-Intersection,N,Daylight,Clear,Dry,N,Angle,Pedalcycle,On Roadway,N,Non-Junction,None,,,None,,,N,,,,,OFFICER,Largo Police Department,Police Department (PD),12/28/2024 7:25:00 PM,12/28/2024 7:25:00 PM,5,Y,Bicycle,Bicycle,Injury,Non-Incapacitating Injury,DAY,N,N,N,N,N,N,N,N,N,1,1,0,1,0,0,0,0,0,0,0,1,1,0,1,0,0,0,0,0,0,0,0,0,0,N,0,0,Y,0,0,0,0,1,50,1,100,150,1,0,0,Preliminary,Computer mapped confident by address,324097.6251,3090613.7424,27.9289168115289,-82.7876985609249
26207054,2024,29-OCT-2024 07:32 AM,29-OCT-2024 12:00 AM,240153768,L,1,2,13,0,Leon,Unincorporated,Rural,10/29/2024 7:32:00 AM,10/29/2024 7:32:00 AM,10/29/2024 7:34:00 AM,10/29/2024 7:54:00 AM,Y,Law Enforcement,SE CAPITAL CIR,4973,30.376554,-84.239392,,,,,Parking Lot,Paved,Not at Intersection,N,Daylight,Clear,Dry,N,,Pedestrian,Roadside,N,Driveway/Alley Access Related,None,,,None,,,N,,,,,DEPUTY,Leon County Sheriff's Office,Sheriff's Office (SO),11/4/2024 7:56:00 PM,11/4/2024 7:56:00 PM,6,Y,Pedestrian,Pedestrian,Injury,Non-Incapacitating Injury,DAY,N,N,N,N,N,N,N,N,N,1,1,0,1,0,0,0,0,0,0,0,1,1,0,1,0,0,0,0,0,0,0,0,0,0,N,0,0,Y,0,0,0,0,0,0,1,500,500,0,0,0,Preliminary,Editor Mapped,188673.1402,3364964.6373,30.3765488182426,-84.2393882077493
26209578,2024,02-AUG-2024 08:55 AM,02-AUG-2024 12:00 AM,24053394,L,1,2,16,48,Sarasota,North Port,Urban,8/2/2024 8:58:00 AM,8/2/2024 8:58:00 AM,8/2/2024 8:58:00 AM,8/2/2024 9:00:00 AM,Y,Law Enforcement,TAMIAMI TRL,,27.045365,-82.243857,72,West,PAN AMERICAN BLVD,,U.S.,Unpaved,Four-Way Intersection,N,Daylight,Clear,Dry,N,,Other Non-Fixed Object,On Roadway,N,Intersection,None,,,None,,,N,,,,,PFC,North Port Police Department,Police Department (PD),8/3/2024 7:20:00 PM,8/3/2024 7:20:00 PM,1,Y,Single Vehicle,Other,Injury,Possible Injury,DAY,N,N,N,N,N,Y,Y,N,N,1,1,1,0,0,0,0,0,0,0,0,1,1,0,1,0,0,0,0,0,0,0,0,0,0,N,0,0,Y,0,0,0,0,0,0,1,0,0,0,0,0,Preliminary,Officer Mapped,376634.7006,2992068.2173,27.045359823801,-82.2438532024154
26209747,2024,03-SEP-2024 12:35 PM,03-SEP-2024 12:00 AM,24061672,L,1,1,16,48,Sarasota,North Port,Urban,9/3/2024 12:40:00 PM,9/3/2024 12:41:00 PM,9/3/2024 1:00:00 PM,9/3/2024 1:30:00 PM,Y,Law Enforcement,S BISCAYNE DR,2913,27.061888,-82.243252,351,North,CHESEBRO AVE,,Local,Paved,Not at Intersection,Y,Daylight,Cloudy,Dry,N,,Parked Motor Vehicle,Shoulder,N,Non-Junction,None,,,None,,,N,,,,,OFFICER,North Port Police Department,Police Department (PD),9/8/2024 7:18:00 PM,9/8/2024 7:18:00 PM,5,Y,Single Vehicle,Other,Injury,Possible Injury,DAY,N,N,N,N,N,N,N,N,N,0,1,1,0,0,0,0,0,1,0,0,1,1,0,0,0,0,0,0,0,0,0,0,0,0,N,0,0,Y,0,0,1,0,1,250,1,100,350,1,0,0,Preliminary,Editor Mapped,376712.6608,2993898.0779,27.061883809158,-82.2432493828364
26212302,2024,02-AUG-2024 01:20 PM,02-AUG-2024 12:00 AM,24-047632,L,1,2,4,54,Pinellas,Pinellas Park,Urban,8/2/2024 1:20:00 PM,8/2/2024 1:22:00 PM,8/2/2024 1:32:00 PM,8/2/2024 1:32:00 PM,Y,Law Enforcement,66TH ST N,,27.87831,-82.728902,198,North,116TH AVE N,,State,Unpaved,Not at Intersection,N,Daylight,Clear,Dry,N,,Pedestrian,On Roadway,N,Non-Junction,None,,,None,,,N,,,,,OFFICER,Pinellas Park Police Department,Police Department (PD),8/15/2024 7:29:00 PM,8/15/2024 7:29:00 PM,13,Y,Pedestrian,Pedestrian,Injury,Non-Incapacitating Injury,DAY,N,N,N,N,N,N,N,N,N,1,1,0,1,0,0,0,0,0,0,0,1,1,0,1,0,0,0,0,0,0,0,0,0,0,N,0,0,Y,0,0,1,0,0,0,1,500,500,0,0,0,Preliminary,Editor Mapped,329805.6721,3084921.4985,27.8782947313825,-82.7288926185166
26212377,2024,14-AUG-2024 12:28 PM,14-AUG-2024 12:00 AM,24-049997,L,1,2,4,54,Pinellas,Pinellas Park,Urban,8/14/2024 12:30:00 PM,8/14/2024 12:35:00 PM,8/14/2024 12:40:00 PM,8/14/2024 1:15:00 PM,Y,Law Enforcement,MAINLANDS BLVD W,,27.855109,-82.694703,54,East,US HIGHWAY 19 N,,Local,Paved,Not at Intersection,N,Daylight,Clear,Dry,N,,Pedalcycle,On Roadway,N,Intersection-Related,None,,,None,,,N,,,,,OFFICER,Pinellas Park Police Department,Police Department (PD),8/17/2024 7:25:00 PM,8/17/2024 7:25:00 PM,3,Y,Bicycle,Bicycle,Injury,Possible Injury,DAY,N,N,N,N,N,Y,Y,N,N,0,1,1,0,0,0,0,0,0,0,0,1,1,0,1,0,0,0,0,0,0,0,0,0,0,N,0,0,Y,0,0,0,0,1,0,0,0,0,0,0,0,Preliminary,Editor Mapped,333136.7226,3082304.612,27.8551013189436,-82.6946993487008
26212578,2024,16-SEP-2024 09:39 AM,16-SEP-2024 12:00 AM,24-056391,L,1,3,4,54,Pinellas,Pinellas Park,Urban,9/16/2024 9:40:00 AM,9/16/2024 9:42:00 AM,9/16/2024 9:42:00 AM,9/16/2024 10:45:00 AM,Y,Law Enforcement,126TH AVE N,,27.886431,-82.709352,61,East,56TH ST N,,County,Curb,Not at Intersection,N,Daylight,Cloudy,Dry,N,,Pedalcycle,On Roadway,N,Non-Junction,None,,,None,,,N,,,,,OFFICER,Pinellas Park Police Department,Police Department (PD),9/19/2024 7:27:00 PM,9/19/2024 7:27:00 PM,3,Y,Bicycle,Bicycle,Injury,Non-Incapacitating Injury,DAY,N,N,N,N,N,N,N,N,N,2,1,0,1,0,0,0,0,0,0,0,1,1,0,1,0,0,1,0,0,0,0,0,0,0,N,0,0,Y,0,0,0,0,1,0,0,0,0,0,0,0,Preliminary,Editor Mapped,331742.8192,3085795.1139,27.8864230316846,-82.7093453995097
26213083,2024,05-APR-2024 04:28 PM,05-APR-2024 12:00 AM,2024007364,L,1,2,48,0,Clay,Unincorporated,Rural,4/5/2024 4:29:00 PM,4/5/2024 5:31:00 PM,4/5/2024 5:36:00 PM,4/5/2024 6:03:00 PM,Y,Law Enforcement,BLANDING BLVD,,30.141668,-81.767479,0,,LONDONDERRY DR,,Local,Paved,Not at Intersection,N,Daylight,Clear,Dry,N,,Pedalcycle,On Roadway,N,Intersection,None,,,None,,,N,,,,,DEPUTY,Clay County Sheriff's Office,Sheriff's Office (SO),4/21/2024 7:15:00 PM,4/21/2024 7:15:00 PM,16,N,Bicycle,Bicycle,No Injury,No Injury,DAY,N,N,N,N,N,N,Y,N,N,2,0,0,0,0,0,0,0,0,0,0,1,1,0,1,1,0,0,0,0,0,0,0,0,0,N,0,0,Y,0,0,0,0,0,0,1,50,50,0,0,0,Preliminary,Editor Mapped,426082.6824,3334731.6976,30.1416645135015,-81.7674790112638
26213711,2024,10-JUN-2024 03:05 PM,10-JUN-2024 12:00 AM,2024012295,S,1,2,48,42,Clay,Keystone Heights,Urban,6/10/2024 3:08:00 PM,6/10/2024 3:10:00 PM,6/10/2024 3:17:00 PM,6/10/2024 4:00:00 PM,Y,Law Enforcement,8TH ST,,29.775438,-82.015436,0,,SR-100,,Local,Unpaved,T-Intersection,N,Daylight,Clear,Dry,N,,Other Non-Collision,On Roadway,N,Intersection,None,,,None,,,N,,,,,DEPUTY,Clay County Sheriff's Office,Sheriff's Office (SO),6/15/2024 7:21:00 PM,6/15/2024 7:21:00 PM,5,N,Single Vehicle,Other,No Injury,No Injury,DAY,N,N,N,N,N,N,Y,N,N,2,0,0,0,0,0,0,0,0,0,0,1,1,0,1,0,0,0,0,0,0,0,0,0,0,N,0,0,Y,0,0,0,0,0,0,1,500,500,0,0,0,Preliminary,Officer Mapped,401841.5073,3294333.8719,29.7754326231495,-82.0154325327357
26214745,2024,12-SEP-2024 02:25 PM,12-SEP-2024 12:00 AM,2024019521,L,1,1,48,0,Clay,Unincorporated,Rural,9/12/2024 2:32:00 PM,9/12/2024 2:34:00 PM,9/12/2024 2:40:00 PM,9/12/2024 3:00:00 PM,N,Law Enforcement,VALDERIA DR,,30.171354,-81.740107,0,,BONNLYN DR,,Local,Curb,Four-Way Intersection,N,Daylight,Cloudy,Wet,N,,Pedalcycle,On Roadway,Y,Intersection,None,,,None,,,N,,,,,DEPUTY,Clay County Sheriff's Office,Sheriff's Office (SO),9/17/2024 7:49:00 PM,9/17/2024 7:49:00 PM,5,Y,Bicycle,Bicycle,Injury,Non-Incapacitating Injury,DAY,N,N,N,N,N,Y,Y,N,N,0,1,0,1,0,0,0,0,0,0,0,1,1,0,0,0,0,0,0,0,0,0,0,0,0,N,0,0,Y,0,0,0,0,0,0,0,0,0,1,0,0,Preliminary,Editor Mapped,428740.6984,3338003.7785,30.1713490307096,-81.7401034148402
26216144,2024,31-DEC-2024 05:29 AM,31-DEC-2024 12:00 AM,2024027666,L,1,1,48,44,Clay,Orange Park,Urban,12/31/2024 5:29:00 AM,12/31/2024 5:31:00 AM,12/31/2024 5:35:00 AM,12/31/2024 6:10:00 AM,Y,Law Enforcement,OLD JENNINGS RD,,30.114211,-81.850749,132,East,MOONFLOWER ST,,Local,Unpaved,Not at Intersection,N,Dark - Not Lighted,Rain,Wet,N,,Pedalcycle,On Roadway,N,Non-Junction,None,,,None,,,N,,,,,DEP,Clay County Sheriff's Office,Sheriff's Office (SO),1/14/2025 8:10:00 PM,1/14/2025 8:10:00 PM,14,Y,Bicycle,Bicycle,Injury,Possible Injury,NIGHT,N,N,N,N,N,Y,N,N,N,0,1,1,0,0,0,0,0,0,0,0,1,1,0,0,0,0,0,0,0,0,0,0,0,0,N,0,0,Y,0,0,0,0,0,0,0,0,0,1,0,0,Preliminary,Officer Mapped,418040.1505,3331745.6858,30.1142057097545,-81.8507457402961
26219130,2024,29-FEB-2024 02:24 PM,29-FEB-2024 12:00 AM,2024TA002467,L,1,2,17,60,Seminole,Sanford,Urban,2/29/2024 2:26:00 PM,2/29/2024 2:26:00 PM,2/29/2024 2:33:00 PM,2/29/2024 3:30:00 PM,Y,Law Enforcement,NW US-17-92,,28.832038,-81.319719,0,,E I-4,,Local,Paved,Four-Way Intersection,N,Daylight,Clear,Dry,N,,Pedalcycle,On Roadway,N,Through Roadway,None,,,None,,,Y,Activity Area,Work on Shoulder or Median,Y,N,OFFICER,Sanford Police Department,Police Department (PD),3/5/2024 7:58:00 PM,3/5/2024 7:58:00 PM,5,N,Bicycle,Bicycle,No Injury,No Injury,DAY,N,N,N,N,N,N,N,N,N,2,0,0,0,0,0,0,0,0,0,0,1,1,0,1,0,0,0,0,0,0,0,0,0,0,N,0,0,Y,0,0,1,0,0,0,1,500,500,0,0,0,Preliminary,Editor Mapped,468809.3834,3189418.4791,28.8320327109158,-81.3197160285318
