REPORT_NUMBER,CRASH_YEAR,VEHICLE_NUMBER,PERSON_NUMBER,CITY,STATE,ZIP_CODE,SEX,HELMET_CODE,RESTRAINT_SYSTEM_CODE,EYE_PROTECTION_CODE,AIR_BAG_DEPLOYMENT_CODE,EJECTED,INJURY_SEVERITY,EMS_TRANSPORT_TYPE,SEAT_POSITION_CODE,ROW_POSITION_CODE,OTHER_POSITION_CODE,S4_AGE_AT_TIME_OF_CRASH,S4_IS_UNRESTRAINED_PASSENGER
26103452,2024,1,2,JACKSONVILLE,FL,32233-2892,Male,,Shoulder and Lap Belt Used,,Not Deployed,Not Ejected,None,Not Transported,Right,Second,,63,N
26122532,2024,1,2,DAY,FL,32114,Male,,Child Restraint System - Rear Facing,,Not Deployed,Not Ejected,None,Not Transported,Right,Second,Not Applicable,2,N
26132162,2024,1,2,NAPLES,FL,34104,Male,,Shoulder and Lap Belt Used,,Not Deployed,Not Ejected,None,Not Transported,Right,Front,,45,N
26212578,2024,1,2,CLEARWATER,FL,33760,Male,,Shoulder and Lap Belt Used,,Not Deployed,Not Ejected,None,Not Transported,Right,Front,,28,N
26167925,2024,1,3,SUNRISE,FL,33322,Male,,Shoulder and Lap Belt Used,,Not Deployed,Not Ejected,None,Not Transported,Right,Front,Not Applicable,14,N
26167925,2024,1,4,SUNRISE,FL,33322,Male,,Shoulder and Lap Belt Used,,Not Deployed,Not Ejected,None,Not Transported,Left,Second,Not Applicable,10,N
26170514,2024,1,2,BIG PINE KEY,FL,33043,Male,,Shoulder and Lap Belt Used,,Not Deployed,Not Ejected,None,Not Transported,Right,Front,,14,N
26178327,2024,1,2,PEMBROKE PARK,FL,33023,Female,,Shoulder and Lap Belt Used,,Not Deployed,Not Ejected,None,Not Transported,Right,Front,,15,N
26178327,2024,1,3,PEMBROKE PARK,FL,33023,Female,,Shoulder and Lap Belt Used,,Not Deployed,Not Ejected,None,Not Transported,Left,Second,,4,N
26178327,2024,1,4,PEMBROKE PARK,FL,33023,Female,,Shoulder and Lap Belt Used,,Not Deployed,Not Ejected,None,Not Transported,Right,Second,,6,N
26181714,2024,1,2,TAMPA,FL,33614,Male,,Shoulder and Lap Belt Used,,Not Deployed,Not Ejected,None,Not Transported,Right,Front,,71,N
26185520,2024,1,2,SINCLAIRVILLE,NY,14782,Female,,Shoulder and Lap Belt Used,,Not Deployed,Not Ejected,None,Not Transported,Right,Front,,63,N
26194325,2024,1,2,BOYNTON BEACH,FL,33435,Male,,Shoulder and Lap Belt Used,,Not Deployed,Not Ejected,None,Not Transported,Right,Second,,14,N
26202249,2024,1,2,UNKNOWN,FL,32765,Female,,Not Applicable (non-motorist),,Not Deployed,Not Ejected,None,Not Transported,Right,Front,Not Applicable,23,N
26203279,2024,1,3,LARGO,FL,33774,Female,No Helmet,Booster Seat,,Not Deployed,Not Ejected,None,Not Transported,Left,Second,Not Applicable,8,N
26203279,2024,1,4,LARGO,FL,33774,Female,No Helmet,Booster Seat,,Not Deployed,Not Ejected,None,Not Transported,Right,Second,Not Applicable,10,N
