REPORT_NUMBER,CRASH_YEAR,VEHICLE_NUMBER,OWNER_CITY,OWNER_STATE,OWNER_ZIP_CODE,COMMERCIAL_VEHICLE_FLAG,MOTION_CODE,STATE_OF_REGISTRATION,PERMANENT_REGISTRATION_FLAG,HIT_AND_RUN_FLAG,VEHICLE_YEAR,VEHICLE_MAKE,VEHICLE_MODEL,VEHICLE_STYLE,VEHICLE_COLOR,DISABLING_FUNCTIONAL_DAMAGE,ESTIMATED_VEHICLE_DAMAGE,TOW_DAMAGE_CODE,HOW_TOW_REQUESTED,BUSINESS_OWNED_FLAG,VEHICLE_TRAVELING,ROAD_ON,ESTIMATED_MPH,POSTED_SPEED,TOTAL_NUMBER_OF_LANES,HAZARDOUS_MATERIAL_RELEASED,HAZMAT_PLACARD,HAZARDOUS_PLACARD_NUMBER,HAZMAT_CLASS,POINT_OF_IMPACT,MOST_DAMAGED_AREA_CODE,TYPE_OF_VEHICLE,TRAFFICWAY_CODE,COMMERCIAL_VEHICLE_CONFIGURATION_CODE,COMMERCIAL_USE_CODE,CARRIER_CARGO_BODY_TYPE,COMMERCIAL_VEHICLE_WEIGHT_CODE,MOST_HARMFUL_EVENT_CODE,HARMFUL_EVENT_1,HARMFUL_EVENT_2,HARMFUL_EVENT_3,HARMFUL_EVENT_4,EMERGENCY_VEHICLE_USE_CODE,ROADWAY_GRADE_CODE,ROADWAY_ALIGNMENT_CODE,VEHICLE_MANEUVER_ACTION,TRAFFIC_CONTROL_DEVICE,VEHICLE_SPECIAL_FUNCTION,VEHICLE_DEFECT1,VEHICLE_DEFECT2,S4_IS_COMMERCIAL_MOTOR_VEHICLE
26088009,2024,1,BOCA RATON,FL,33487,N,Vehicle in Transport,FL,N,N,2011,CHEV,,TPK,BLU,Minor,300,N,,N,South,US 1 SR 5 (S FEDERAL HWY),10,45,4,,,,,Front Center Bumper,Front Center Bumper,Pickup,"Two-Way, Divided, Positive Median Barrier",,,,,Pedalcycle,Pedalcycle,,,,,Level,Straight,Turning Right,No Controls,No Special Function,None,,
26089577,2024,1,PALM BEACH GARDENS,FL,33403,N,Vehicle in Transport,FL,N,N,2023,MAZD,,SUV,GRY,Functional,500,N,,N,South,S A1A,25,30,2,,,,,Right Front Fender,Right Front Fender,(Sport) Utility Vehicle,"Two-Way, Not Divided",,,,,,Pedestrian,,,,N,Level,Straight,Leaving Traffic Lane,No Controls,No Special Function,None,,
26089857,2024,1,JUPITER,FL,33458,N,Vehicle in Transport,FL,N,N,2024,BUIC,,SUV,DBL,Minor,500,N,,N,East,INDIANCREEK PKWY,10,20,1,,,,,Right Front Door,Right Front Door,(Sport) Utility Vehicle,One-Way Trafficway,,,,,,Pedestrian,,,,N,Level,Straight,Straight Ahead,No Controls,No Special Function,None,,
26219130,2024,1,MAITLAND,FL,32751,N,Vehicle in Transport,FL,,N,2020,TOYT,,4D,WHI,Minor,500,N,Driver,N,West,SEMINOLE BLVD,5,35,4,,,,,Front Center Bumper,Front Center Bumper,Passenger Car,"Two-Way, Divided, Positive Median Barrier",,,,,Motor Vehicle in Transport,Motor Vehicle in Transport,,,,N,Level,Straight,Straight Ahead,No Controls,No Special Function,None,,
26090109,2024,1,JUPITER,FL,33458,N,Vehicle in Transport,FL,N,N,2023,KIA,,4DR,WHI,Functional,1200,N,,N,South,POMPANO DR,5,25,2,,,,,Front Right Bumper,Front Center Bumper,(Sport) Utility Vehicle,"Two-Way, Not Divided",,,,,Motor Vehicle in Transport,Motor Vehicle in Transport,Pedalcycle,,,N,Level,Straight,Turning Left,Traffic Control Signal,No Special Function,None,,
26090125,2024,1,PALM BEACH GARDENS,FL,33418,N,Vehicle in Transport,FL,N,N,2018,FORD,,PK,RED,Minor,600,N,,N,South,BACKING OUT OF A PARKING SPACE,5,,2,,,,,Trunk,Rear Center Bumper,Pickup,"Two-Way, Not Divided",,,,,Motor Vehicle in Transport,Motor Vehicle in Transport,Pedalcycle,,,N,Level,Straight,Backing,No Controls,No Special Function,None,,
26090188,2024,1,WEST PALM BEACH,FL,33401,N,Vehicle in Transport,FL,Y,N,2015,FORD,,UT,WHI,Minor,300,N,,N,West,ABACOA PLAZA,5,,2,,,,,Front Center Bumper,Front Center Bumper,(Sport) Utility Vehicle,"Two-Way, Not Divided",,,,,Pedestrian,Pedestrian,,,,N,Level,Straight,Straight Ahead,Traffic Control Signal,No Special Function,None,,
26092232,2024,1,MEDLEY,FL,33166,N,Vehicle in Transport,FL,,N,2017,HOND,,4D,RED,Minor,50,N,Driver,N,East,7750 NW 103 STREET,10,15,2,,,,,Front Right Bumper,Front Right Bumper,Passenger Car,"Two-Way, Not Divided",,,,,Motor Vehicle in Transport,Motor Vehicle in Transport,,,,N,Level,Straight,Leaving Traffic Lane,No Controls,No Special Function,None,,
26092840,2024,1,HOLLYWOOD,FL,33020,N,Vehicle in Transport,FL,N,N,2013,HYUN,,4D,GRY,Functional,500,N,,N,South,SR A1A,0,35,6,,,,,Right Front Door,Front Center Bumper,Passenger Car,"Two-Way, Divided, Positive Median Barrier",,,,,Pedalcycle,Pedalcycle,,,,N,Level,Straight,Straight Ahead,Stop Sign,No Special Function,None,,
26093000,2024,1,SUNNY ISLES BEACH,FL,33160,N,Vehicle in Transport,FL,N,N,2021,BMW,,4D,GRY,None,0,N,,N,North,STATE ROAD A1A,2,35,6,,,,,Front Right Bumper,Front Right Bumper,(Sport) Utility Vehicle,"Two-Way, Divided, Positive Median Barrier",,,,,Motor Vehicle in Transport,Motor Vehicle in Transport,,,,N,Level,Straight,Turning Right,Stop Sign,No Special Function,None,,
26102981,2024,1,JACKSONVILLE,FL,32207-0000,N,Vehicle in Transport,FL,N,N,2014,CADI,,4D,BLK,Functional,1000,N,Driver,N,East,HICKSON RD,10,40,4,,,,,Front Right Bumper,Front Right Bumper,Passenger Car,"Two-Way, Not Divided",,,,,Pedestrian,Pedestrian,,,,N,Level,Straight,Straight Ahead,Stop Sign,No Special Function,None,,
26103452,2024,1,JACKSONVILLE,FL,32233-2892,N,Vehicle in Transport,FL,N,N,2021,TOYT,,4D,SIL,Functional,500,N,Driver,N,East,2440 MAYPORT RD,3,15,2,,,,,Right Rear Fender,Right Rear Fender,Passenger Car,"Two-Way, Not Divided",,,,,Pedalcycle,Pedalcycle,,,,N,Level,Straight,Backing,No Controls,No Special Function,None,,
26108404,2024,1,JACKSONVILLE,FL,32250-0000,N,Vehicle in Transport,FL,N,N,2019,FORD,,2D,RED,Minor,10,N,Driver,N,North,14316 SR-212 BEACH BLVD,1,10,2,,,,,Front Right Bumper,Front Right Bumper,Passenger Car,"Two-Way, Not Divided",,,,,Other Non-Fixed Object,Other Non-Fixed Object,,,,N,Level,Straight,Straight Ahead,Stop Sign,No Special Function,None,,
26110099,2024,1,JACKSONVILLE,FL,32216-2259,N,Vehicle in Transport,FL,N,N,2016,HYUN,,4D,BLU,Functional,10000,N,Driver,N,West,4480 DEERWOOD LAKE PKWY,10,25,2,,,,,Windshield,Front Center Bumper,Passenger Car,"Two-Way, Not Divided",,,,,Pedalcycle,Pedalcycle,,,,N,Level,Straight,Turning Left,Stop Sign,No Special Function,None,,
26112515,2024,1,JACKSONVILLE,FL,32256-0000,N,Vehicle in Transport,FL,N,N,2023,HOND,,SW,BLK,Functional,1000,N,Driver,N,South,9B AT PHILIPS HWY,5,45,4,,,,,Right Front Door,Right Front Door,(Sport) Utility Vehicle,One-Way Trafficway,,,,,Other Non-Fixed Object,Other Non-Fixed Object,,,,N,Level,Straight,Turning Left,Traffic Control Signal,No Special Function,None,,
26112598,2024,1,JACKSONVILLE,FL,32244-0000,N,Vehicle in Transport,FL,N,Y,2015,TOYT,,4D,BLK,Minor,500,N,Driver,N,West,SKAFF AVE,5,15,2,,,,,Front Right Bumper,Front Right Bumper,Passenger Car,"Two-Way, Not Divided",,,,,Pedestrian,Pedestrian,,,,N,Level,Straight,Turning Right,Stop Sign,No Special Function,None,,
26113578,2024,1,JACKSONVILLE,FL,32218-6877,N,Vehicle in Transport,FL,N,N,2008,MERZ,,4D,BLK,Minor,500,N,Driver,N,South,DUGDALE RD,5,30,2,,,,,Right Front Fender,Right Front Fender,Passenger Car,"Two-Way, Not Divided",,,,,Pedestrian,Pedestrian,,,,N,Level,Straight,Turning Right,Stop Sign,No Special Function,None,,
26118117,2024,1,JACKSONVILLE,FL,32202-1121,N,Vehicle in Transport,FL,N,N,2004,FORD,,PK,WHI,Minor,500,N,Driver,N,North,OLD KINGS RD,10,30,2,,,,,Left Front Door,Left Front Door,Pickup,"Two-Way, Not Divided",,,,,Motor Vehicle in Transport,Motor Vehicle in Transport,,,,N,Level,Straight,Turning Left,No Controls,No Special Function,None,,
26119136,2024,1,SAINT JOHNS,FL,32259-5912,N,Vehicle in Transport,FL,N,N,2014,HOND,,4D,BLK,Minor,500,N,Driver,N,East,PLUMMER COVE RD,5,30,2,,,,,Front Right Bumper,Front Right Bumper,Passenger Car,"Two-Way, Not Divided",,,,,Pedalcycle,Pedalcycle,,,,N,Level,Straight,Straight Ahead,Stop Sign,No Special Function,None,,
26122532,2024,1,DAYTONA BEACH,FL,32114,N,Vehicle in Transport,FL,,N,2015,CHEV,,4D,BLK,None,0,N,Driver,N,West,CARL BRINKLEY CIR,5,10,2,,,,,Front Right Bumper,Front Right Bumper,Passenger Car,"Two-Way, Not Divided",,,,,Motor Vehicle in Transport,Motor Vehicle in Transport,,,,N,Level,Straight,Slowing,Other,No Special Function,None,,
26122816,2024,1,DELTONA,FL,32738,N,Vehicle in Transport,FL,,N,2021,NISS,,SW,GRY,Minor,500,N,Driver,N,East,SUTTON CIR,,,2,,,,,Right Front Door,Right Front Door,(Sport) Utility Vehicle,"Two-Way, Not Divided",,,,,Pedalcycle,Pedalcycle,,,,N,Level,Straight,Stopped in Traffic,No Controls,No Special Function,None,,
26122848,2024,1,SARASOTA,FL,34231,N,Vehicle in Transport,FL,,N,2016,JEEP,,UT,SIL,None,0,N,Driver,N,North,S CLYDE MORRIS BLVD,5,45,4,,,,,Front Left Bumper,Front Left Bumper,(Sport) Utility Vehicle,"Two-Way, Not Divided",,,,,Motor Vehicle in Transport,Motor Vehicle in Transport,,,,N,Level,Straight,Entering Traffic Lane,Stop Sign,No Special Function,None,,
26123406,2024,1,DELTONA,FL,32725,N,Vehicle in Transport,FL,,N,2018,NISS,,UT,BLU,Minor,0,N,Driver,N,East,CLEARWATER ROAD,5,25,2,,,,,Front Right Bumper,Front Right Bumper,Passenger Car,"Two-Way, Divided, Positive Median Barrier",,,,,Motor Vehicle in Transport,Motor Vehicle in Transport,,,,N,Level,Straight,Turning Right,Stop Sign,No Special Function,None,,
26124052,2024,1,DAYTONA BEACH,FL,32114,N,Vehicle in Transport,FL,,N,2013,HYUN,,UT,CPR,Minor,500,N,Driver,N,East,600 BLK BRENTWOOD DR,15,25,2,,,,,Front Left Bumper,Front Left Bumper,Passenger Car,"Two-Way, Not Divided",,,,,Motor Vehicle in Transport,Motor Vehicle in Transport,,,,N,Level,Straight,Overtaking/Passing,No Controls,No Special Function,None,,
26127086,2024,1,CROWN POINT,IN,46307,N,Vehicle in Transport,IN,,N,2024,HONDA,,SU,BLU,Minor,500,N,Driver,N,West,96TH AVE N,10,25,2,,,,,Front Right Bumper,Front Right Bumper,(Sport) Utility Vehicle,"Two-Way, Not Divided",,,,,Motor Vehicle in Transport,Motor Vehicle in Transport,,,,N,Level,Straight,Slowing,No Controls,No Special Function,None,,
26127660,2024,1,NAPLES,FL,34108,N,Vehicle in Transport,FL,,N,2020,TOYT,,UT,GRY,Minor,500,N,Driver,N,West,93RD AVE N,25,25,2,,,,,Right Rear Fender,Right Rear Fender,Passenger Car,"Two-Way, Not Divided",,,,,Motor Vehicle in Transport,Motor Vehicle in Transport,,,,N,Level,Straight,Straight Ahead,No Controls,No Special Function,None,,
26127821,2024,1,,,,N,Vehicle in Transport,,,Y,,UK,,UNKNOWN,,Unknown,0,N,,N,West,VANDERBILT BEACH RD,,,1,,,,,Right Rear Fender,Right Rear Fender,(Sport) Utility Vehicle,"Two-Way, Divided, Positive Median Barrier",,,,,Motor Vehicle in Transport,Motor Vehicle in Transport,,,,N,Level,Straight,Turning Right,Traffic Control Signal,No Special Function,Unknown,,
26129194,2024,1,NAPLES,FL,34103,N,Vehicle in Transport,FL,,N,2018,PORS,,UT,BLK,Minor,0,N,Driver,N,South,OLD 41 RD,,,2,,,,,Left Front Door,Left Front Door,(Sport) Utility Vehicle,"Two-Way, Not Divided",,,,,Motor Vehicle in Transport,Motor Vehicle in Transport,,,,N,Level,Straight,Straight Ahead,No Controls,No Special Function,None,,
26130231,2024,1,NAPLES,FL,34105,N,Vehicle in Transport,FL,,N,2013,DODG,,4D,WHI,Minor,200,N,,N,South,LIVINGSTON ROAD,,45,6,,,,,Right Front Fender,Right Front Fender,Passenger Car,"Two-Way, Divided, Positive Median Barrier",,,,,Motor Vehicle in Transport,Motor Vehicle in Transport,,,,N,Level,Straight,Straight Ahead,Traffic Control Signal,No Special Function,None,,
26130866,2024,1,FORT MYERS,FL,33967,N,Vehicle in Transport,FL,,N,2021,TOYT,,UT,GRY,Minor,150,N,Driver,N,East,NAPLES TRACE CIR,0,20,2,,,,,Right Front Fender,Right Front Fender,(Sport) Utility Vehicle,"Two-Way, Not Divided",,,,,Pedalcycle,Pedalcycle,,,,N,Level,Straight,Stopped in Traffic,Stop Sign,No Special Function,None,,
26131538,2024,1,NAPLES,FL,34120,N,Vehicle in Transport,FL,,N,2021,HYUN,,SU,WHI,None,0,N,Driver,N,North,VETERANS PARK DRIVE,5,30,3,,,,,Front Center Bumper,Front Center Bumper,(Sport) Utility Vehicle,"Two-Way, Not Divided",,,,,Motor Vehicle in Transport,Motor Vehicle in Transport,,,,N,Level,Straight,Turning Right,Traffic Control Signal,No Special Function,None,,
26131692,2024,1,MARION,NC,28752,N,Vehicle in Transport,NC,,N,2021,VOLVO,,SU,WHI,Functional,3000,N,Driver,N,South,CATALINA DRIVE,,30,2,,,,,Right Front Fender,Right Front Fender,(Sport) Utility Vehicle,"Two-Way, Not Divided",,,,,Motor Vehicle in Transport,Motor Vehicle in Transport,,,,N,Level,Straight,Overtaking/Passing,No Controls,No Special Function,None,,
26132162,2024,1,NAPLES,FL,34104,N,Vehicle in Transport,FL,,N,2011,CHEV,,UT,BRO,Minor,0,N,Driver,N,South,GOLDEN GATE COMMUNITY EXIT,,,1,,,,,Right Rear Door,Right Rear Door,(Sport) Utility Vehicle,"Two-Way, Not Divided",,,,,Motor Vehicle in Transport,Motor Vehicle in Transport,,,,N,Level,Straight,Stopped in Traffic,Stop Sign,No Special Function,None,,
26132820,2024,1,NAPLES,FL,34108,N,Vehicle in Transport,FL,,N,2013,LEXS,,UT,BLK,Minor,1000,N,Driver,N,West,CASTELLO DR,30,25,2,,,,,Front Center Bumper,Front Center Bumper,Passenger Car,"Two-Way, Not Divided",,,,,Motor Vehicle in Transport,Motor Vehicle in Transport,,,,N,Level,Straight,Straight Ahead,No Controls,No Special Function,None,,
26134155,2024,1,NAPLES,FL,34112,N,Vehicle in Transport,FL,,N,2003,CHEV,,PK,WHI,Minor,100,N,Driver,N,South,AIRPORT RD,,45,6,,,,,Front Center Bumper,Front Center Bumper,Pickup,"Two-Way, Divided, Positive Median Barrier",,,,,Pedalcycle,Pedalcycle,Motor Vehicle in Transport,,,N,Level,Straight,Straight Ahead,Traffic Control Signal,No Special Function,None,,
26137727,2024,1,MIAMI,FL,33161,N,Vehicle in Transport,FL,,N,2009,VOLK,,4D,RED,Minor,200,N,Driver,N,East,NE 135 ST,15,35,2,,,,,Right Front Fender,Right Front Fender,Passenger Car,"Two-Way, Not Divided",,,,,Motor Vehicle in Transport,Motor Vehicle in Transport,,,,N,Level,Straight,Turning Right,No Controls,No Special Function,None,,
26137772,2024,1,NORTH MIAMI,FL,33162,N,Vehicle in Transport,FL,,N,2019,ACUR,,4D,BLK,None,0,N,Driver,N,East,NE 127 ST,3,10,2,,,,,Front Center Bumper,Front Center Bumper,Passenger Car,"Two-Way, Not Divided",,,,,Motor Vehicle in Transport,Motor Vehicle in Transport,,,,N,Level,Straight,Straight Ahead,No Controls,No Special Function,None,,
26141940,2024,2,TAMARAC,FL,33321-,N,Parked Motor Vehicle,FL,N,N,2018,FORD,,VN,SIL,Functional,2000,N,,N,East,PARKING LOT,0,15,2,,,,,Rear Center Bumper,Rear Center Bumper,Passenger Van,"Two-Way, Not Divided",,,,,Motor Vehicle in Transport,Motor Vehicle in Transport,,,,N,Level,Straight,Parked,No Controls,No Special Function,None,,
26142301,2024,1,CORAL SPRINGS,FL,33065,N,Vehicle in Transport,FL,N,N,2023,MNNI,,2D,YEL,Functional,1000,N,,N,North,NW 7TH AVENUE,15,30,3,,,,,Front Right Bumper,Front Right Bumper,Passenger Car,"Two-Way, Not Divided",,,,,Motor Vehicle in Transport,Motor Vehicle in Transport,,,,N,Level,Straight,Turning Right,Traffic Control Signal,No Special Function,None,,
26142404,2024,1,UK,,,N,Vehicle in Transport,OT,N,Y,,,,4D,BLK,Unknown,0,,,N,East,NW 31ST AV,20,45,6,,,,,Right Front Fender,Right Front Fender,Passenger Car,"Two-Way, Divided, Positive Median Barrier",,,,,Pedalcycle,Pedalcycle,,,,N,Level,Straight,Turning Right,Traffic Control Signal,No Special Function,None,,
26142436,2024,2,POMPANO BEACH,FL,33060,N,Vehicle in Transport,FL,N,N,2015,SUBA,,SW,WHI,Functional,5000,N,,N,South,SE 13TH AVE,25,25,2,,,,,Left Front Door,Windshield,(Sport) Utility Vehicle,"Two-Way, Not Divided",,,,,Motor Vehicle in Transport,Motor Vehicle in Transport,,,,N,Level,Straight,Straight Ahead,No Controls,No Special Function,None,,
26143046,2024,1,UK,,,N,Vehicle in Transport,OT,N,Y,,MERZ,,4D,BLK,,0,,,N,,,0,,0,,,,,,,,,,,,,,,,,,,,,,,,,,
26143740,2024,1,FT LAUDERDALE,FL,33309,N,Vehicle in Transport,FL,N,N,2005,LEXS,,4D,WHI,None,0,N,,N,South,2601 N FEDERAL HWY,2,15,1,,,,,Front Center Bumper,,Passenger Car,One-Way Trafficway,,,,,,,,,,N,Level,Straight,Straight Ahead,No Controls,No Special Function,None,,
26143907,2024,2,ORLANDO,FL,32827,N,Vehicle in Transport,FL,Y,N,2023,TOYT,,4D,GRY,None,0,N,,N,Off-Road,E SUNRISE BLVD,0,,1,,,,,Front Right Bumper,,Passenger Car,One-Way Trafficway,,,,,Pedalcycle,Pedalcycle,,,,N,Level,Straight,Entering Traffic Lane,Stop Sign,No Special Function,None,,
26143940,2024,1,MIRAMAR,FL,33023,N,Vehicle in Transport,FL,N,N,2020,MITS,,4D,GRY,Minor,500,N,,N,West,SW 2ND ST,15,25,2,,,,,Left Front Fender,Left Front Fender,(Sport) Utility Vehicle,"Two-Way, Not Divided",,,,,Pedestrian,Pedestrian,,,,N,Level,Straight,Straight Ahead,No Controls,No Special Function,None,,
26146458,2024,1,PUNTA GORDA,FL,33950,N,Parked Motor Vehicle,FL,,N,2020,HYUN,,UT,BLK,None,0,N,Driver,N,West,AMPLE ST,0,15,2,,,,,Right Front Door,Right Front Door,Passenger Car,"Two-Way, Not Divided",,,,,Motor Vehicle in Transport,Motor Vehicle in Transport,,,,N,Level,Straight,Stopped in Traffic,No Controls,No Special Function,None,,
26146458,2024,2,PORT CHARLOTTE,FL,33948,N,Parked Motor Vehicle,FL,,N,2009,NISS,,2D,SIL,Minor,400,N,Other,N,East,SIDE OF ROADY WAY INFRONT OF 1175 AMPLE AVE,0,15,2,,,,,Left Front Door,Left Front Door,Passenger Car,"Two-Way, Not Divided",,,,,Motor Vehicle in Transport,Motor Vehicle in Transport,,,,N,Level,Straight,Parked,No Controls,No Special Function,None,,
26147647,2024,1,ARCADIA,FL,34266,N,Vehicle in Transport,FL,,N,2019,HYUN,,UT,WHI,None,0,N,Driver,N,,2525 TAMIAMI TRL,5,15,2,,,,,,,(Sport) Utility Vehicle,"Two-Way, Not Divided",,,,,Motor Vehicle in Transport,Motor Vehicle in Transport,Other Non-Collision,,,N,Level,Straight,Turning Right,Stop Sign,No Special Function,None,,
26148796,2024,1,PORT CHARLOTTE,FL,33980,N,Vehicle in Transport,FL,,N,2011,FORD,,UT,MAR,Minor,3000,N,Driver,N,,,10,15,2,,,,,Front Left Bumper,Front Left Bumper,(Sport) Utility Vehicle,"Two-Way, Not Divided",,,,,Motor Vehicle in Transport,Motor Vehicle in Transport,,,,N,Level,Straight,Straight Ahead,No Controls,No Special Function,"Body, Doors",,
26149433,2024,1,PORT CHARLOTTE,FL,33948,N,Vehicle in Transport,FL,,N,2007,TOYT,,UT,WHI,Functional,500,N,Driver,N,East,WINTERGARDEN AVE,30,40,2,,,,,Front Center Bumper,Front Center Bumper,(Sport) Utility Vehicle,"Two-Way, Not Divided",,,,,Motor Vehicle in Transport,Motor Vehicle in Transport,,,,N,Level,Straight,Straight Ahead,No Controls,No Special Function,None,,
26149746,2024,1,UNK,UK,00000,N,Vehicle in Transport,UK,,Y,2000,UK,,UNKNOWN,UNKNOWN,Unknown,0,N,,N,North,COMO ST,10,35,2,,,,,Front Center Bumper,Hood,(Sport) Utility Vehicle,"Two-Way, Divided, Unprotected (painted >4 feet) Median",,,,,Pedestrian,Pedestrian,,,,N,Level,Straight,Unknown,Stop Sign,Unknown,Unknown,,
26151839,2024,1,SEBRING,FL,33876-6119,N,Vehicle in Transport,FL,N,Y,2012,AUDI,,4D,BRO,Unknown,0,N,,N,South,US HWY 27 NORTH,50,50,6,,,,,,,Passenger Car,"Two-Way, Divided, Positive Median Barrier",,,,,Pedestrian,Pedestrian,,,,N,Level,Straight,Straight Ahead,No Controls,No Special Function,None,,
26153446,2024,1,HIALEAH,FL,33018-3301,N,Vehicle in Transport,FL,N,N,2020,TOYT,,UT,RED,Functional,3000,N,,N,East,PEMBROKE ROAD,,40,4,,,,,Left Front Fender,Left Front Fender,Passenger Car,"Two-Way, Divided, Positive Median Barrier",,,,,Pedalcycle,Pedalcycle,,,,N,Level,Straight,Parked,No Controls,No Special Function,Other,,
26154117,2024,1,,,,N,Vehicle in Transport,,N,Y,,,,,GRY,Minor,200,N,,N,North,NW 83 AVE,35,25,2,,,,,Right Front Door,Right Front Door,,"Two-Way, Divided, Positive Median Barrier",,,,,Pedalcycle,Pedalcycle,,,,N,Level,Straight,Straight Ahead,No Controls,No Special Function,None,,
26154469,2024,1,PEMBROKE PINES,FL,33026-0000,N,Vehicle in Transport,FL,N,N,2018,CHEV,,UT,GRY,Functional,3000,N,,N,West,TAFT ST,30,35,4,,,,,Right Front Fender,Right Front Fender,(Sport) Utility Vehicle,"Two-Way, Divided, Positive Median Barrier",,,,,Pedalcycle,Pedalcycle,,,,N,Level,Straight,Turning Right,Traffic Control Signal,No Special Function,None,,
26154955,2024,1,POMPANO BEACH,FL,33069-3690,N,Vehicle in Transport,FL,N,N,2022,JEEP,,UT,MAR,None,0,N,,N,West,SR 820 (PINES BLVD),5,45,6,,,,,,,(Sport) Utility Vehicle,"Two-Way, Divided, Positive Median Barrier",,,,,Pedalcycle,Pedalcycle,,,,N,Level,Straight,Turning Left,Traffic Control Signal,No Special Function,None,,
26155719,2024,1,CENTER HILL,FL,33514-4599,N,Vehicle in Transport,FL,N,N,2005,DODG,,PK,SIL,Minor,1000,N,,N,South,NE 48TH LOOP SB,10,15,1,,,,,Front Center Bumper,Front Center Bumper,Pickup,"Two-Way, Not Divided",,,,,Pedalcycle,Pedalcycle,,,,N,Level,Straight,Straight Ahead,No Controls,No Special Function,None,,
26159958,2024,1,UK,UK,,N,Vehicle in Transport,UK,,Y,,JEEP,,UT,WHITE,Unknown,0,N,Driver,N,Off-Road,3642 BABCOCK ST,,,1,,,,,Front Left Bumper,Front Left Bumper,Unknown,One-Way Trafficway,,,,,Motor Vehicle in Transport,Motor Vehicle in Transport,,,,N,Level,Straight,Unknown,Stop Sign,Unknown,Unknown,Unknown,
26163469,2024,1,CAPE CORAL,FL,33993,N,Vehicle in Transport,FL,,N,2013,RAM,,PK,GRY,Minor,100,N,Driver,N,West,MICHIGAN AVE,,,,,,,,Left Rear Fender,Front Center Bumper,Pickup,"Two-Way, Divided, Positive Median Barrier",,,,,Pedalcycle,Pedalcycle,,,,N,Level,Straight,Turning Left,Traffic Control Signal,No Special Function,None,,
26166438,2024,1,SUNRISE,FL,33322,N,Vehicle in Transport,FL,N,N,2024,HOND,,SPUV,BLK,Minor,100,N,,N,West,SUNRISE LAKES BLVD,5,25,4,,,,,Front Right Bumper,Front Right Bumper,(Sport) Utility Vehicle,"Two-Way, Divided, Positive Median Barrier",,,,,Pedalcycle,Pedalcycle,,,,N,Level,Straight,Turning Right,Stop Sign,No Special Function,None,,
26166642,2024,1,SUNRISE,FL,33323,N,Vehicle in Transport,FL,N,N,2012,FORD,,SPUV,BLK,Minor,500,N,,N,South,NW 120TH WAY,30,30,2,,,,,Front Center Bumper,Front Center Bumper,(Sport) Utility Vehicle,"Two-Way, Not Divided",,,,,Pedalcycle,Pedalcycle,,,,N,Level,Straight,Straight Ahead,No Controls,No Special Function,None,,
26167925,2024,1,SUNRISE,FL,33322,N,Vehicle in Transport,FL,N,N,2017,NISS,,SPUV,SIL,Minor,200,N,,N,East,NW 28TH ST,10,,2,,,,,Front Left Bumper,Front Left Bumper,(Sport) Utility Vehicle,"Two-Way, Not Divided",,,,,Pedestrian,Pedestrian,,,,N,Level,Straight,Other,No Controls,No Special Function,None,,
26168413,2024,1,TAMARAC,FL,33321,N,Vehicle in Transport,FL,N,N,2015,KIA,,SPUV,WHI,Minor,50,N,,N,East,W COMMERCIAL BLVD,5,45,6,,,,,Front Right Bumper,Front Right Bumper,(Sport) Utility Vehicle,"Two-Way, Divided, Positive Median Barrier",,,,,Pedalcycle,Pedalcycle,,,,N,Level,Straight,Turning Right,Stop Sign,No Special Function,None,,
26170514,2024,1,BIG PINE KEY,FL,33043-4552,N,Vehicle in Transport,FL,N,N,2011,TOYT,,UT,GRY,Functional,3000,N,,N,South,AVE C,5,30,2,,,,,Right Rear Door,Right Rear Door,(Sport) Utility Vehicle,"Two-Way, Not Divided",,,,,Other Non-Fixed Object,Other Non-Fixed Object,,,,N,Level,Straight,Backing,No Controls,No Special Function,None,,
26173960,2024,1,TAMPA,FL,33629-0000,N,Vehicle in Transport,FL,N,N,2015,HOND,,UT,GRY,Minor,300,N,,N,South,42ND ST N,10,35,2,,,,,Front Left Bumper,Front Left Bumper,Passenger Car,"Two-Way, Not Divided",,,,,Motor Vehicle in Transport,Motor Vehicle in Transport,,,,N,Level,Straight,Turning Left,No Controls,No Special Function,None,,
26178327,2024,1,PEMBROKE PARK,FL,33023,N,Vehicle in Transport,FL,,N,2020,TOYT,,UT,WHI,None,0,N,Driver,N,East,CR 858,5,35,4,,,,,Right Front Fender,,(Sport) Utility Vehicle,"Two-Way, Divided, Positive Median Barrier",,,,,Pedalcycle,Pedalcycle,,,,N,Level,Straight,Turning Right,No Controls,No Special Function,None,,
26179942,2024,1,,,,N,Vehicle in Transport,,,Y,,,,,,,0,N,,N,South,S 24TH ST,25,25,2,,,,,,,Pickup,"Two-Way, Not Divided",,,,,Pedalcycle,Pedalcycle,,,,N,Level,Straight,Turning Left,Stop Sign,No Special Function,None,,
26181714,2024,1,TAMPA,FL,33637,N,Vehicle in Transport,FL,,N,2019,INFI,,UT,BLU,Minor,5000,N,Driver,N,North,SUNNYSIDE RD,5,25,2,,,,,Right Rear Door,Right Rear Door,(Sport) Utility Vehicle,"Two-Way, Not Divided",,,,,Motor Vehicle in Transport,Motor Vehicle in Transport,,,,N,Level,Straight,Turning Right,Traffic Control Signal,No Special Function,None,,
26202295,2024,1,EDGEWATER,FL,32141,N,Parked Motor Vehicle,FL,,N,2017,MITS,,UT,BRO,Minor,500,N,Driver,N,Off-Road,N GAINES ST,0,25,2,,,,,Rear Left Bumper,Rear Left Bumper,Passenger Car,"Two-Way, Not Divided",,,,,Parked Motor Vehicle,Parked Motor Vehicle,,,,N,Level,Straight,Straight Ahead,No Controls,No Special Function,None,,
26185520,2024,1,SINCLAIRVILLE,NY,14782,N,Vehicle in Transport,NY,,N,2018,CHEV,,LL,WHITE,Functional,300,N,Driver,N,South,ESTERO BLVD,10,30,3,,,,,Front Center Bumper,Front Center Bumper,Passenger Car,"Two-Way, Not Divided, with a Continuous Left Turn Lane",,,,,Motor Vehicle in Transport,Motor Vehicle in Transport,,,,N,Level,Straight,Turning Left,No Controls,No Special Function,None,,
26185611,2024,1,BONITA SPRINGS,FL,34135,N,Vehicle in Transport,FL,,N,2020,JEEP,,PK,BLK,Functional,7000,N,Driver,N,South,E BROOK DR,10,15,2,,,,,Left Front Door,Left Rear Door,Pickup,"Two-Way, Not Divided",,,,,Motor Vehicle in Transport,Motor Vehicle in Transport,,,,N,Level,Straight,Straight Ahead,No Controls,No Special Function,None,,
26186318,2024,1,BOKEELIA,FL,33922,N,Vehicle in Transport,FL,,N,2014,FORD,,TK,BLK,None,0,N,,N,West,PINE ISLAND RD,15,40,3,,,,,Right Front Fender,,Pickup,"Two-Way, Not Divided, with a Continuous Left Turn Lane",,,,,Pedalcycle,Pedalcycle,,,,N,Level,Straight,Slowing,No Controls,No Special Function,None,,
26188028,2024,1,CONYERS,GA,300944050,N,Vehicle in Transport,GA,,N,2004,NISS,,CP,RED,Minor,500,N,Driver,N,North,HOLIDAY PARK BLVD NE,5,30,3,,,,,Rear Center Bumper,Rear Center Bumper,Passenger Car,"Two-Way, Not Divided",,,,,Motor Vehicle in Transport,Motor Vehicle in Transport,,,,N,Level,Straight,Turning Right,No Controls,No Special Function,Unknown,,
26188775,2024,1,BETHLEHEM,PA,18017,N,Vehicle in Transport,PA,,N,2014,MAZD,,SW,,Minor,500,N,Driver,N,North,MALABAR RD SE,5,35,6,,,,,Right Front Door,Right Front Door,Passenger Car,"Two-Way, Not Divided",,,,,Motor Vehicle in Transport,Motor Vehicle in Transport,,,,N,Level,Straight,Turning Right,Stop Sign,No Special Function,None,,
26193653,2024,1,WEST PALM BEACH,FL,33405,N,Vehicle in Transport,FL,,N,2008,CADI,,4D,BRO,Minor,500,N,Driver,N,North,S CR 807,10,45,6,,,,,Front Right Bumper,Front Right Bumper,Passenger Car,"Two-Way, Divided, Positive Median Barrier",,,,,Motor Vehicle in Transport,Motor Vehicle in Transport,,,,N,Level,Straight,Turning Right,No Controls,No Special Function,None,,
26193847,2024,1,,,,N,,,,Y,,UK,,UNKNOWN,UNKNOWN,Unknown,0,N,Driver,N,West,NAUTICA SOUND BLVD,10,25,4,,,,,Front Center Bumper,Front Center Bumper,(Sport) Utility Vehicle,"Two-Way, Divided, Positive Median Barrier",,,,,Pedalcycle,Pedalcycle,,,,N,Level,Straight,Turning Left,Stop Sign,No Special Function,Unknown,,
26193989,2024,1,,,,N,,,,Y,,UK,,UNKNOWN,UNKNOWN,Unknown,0,N,,N,,,,,,,,,,,,Unknown,"Two-Way, Not Divided",,,,,Pedalcycle,Pedalcycle,,,,,Level,Straight,Unknown,,Unknown,Unknown,,
26194325,2024,1,BOYNTON BEACH,FL,33435,N,Vehicle in Transport,FL,,N,2019,TOYT,,UT,RED,Minor,100,N,Driver,N,West,SW 13TH AVE,5,25,2,,,,,Left Rear Door,Left Rear Door,(Sport) Utility Vehicle,"Two-Way, Not Divided",,,,,Pedalcycle,Pedalcycle,,,,N,Level,Straight,Turning Right,No Controls,No Special Function,None,,
26200106,2024,1,WEBSTER,FL,33597,N,Vehicle in Transport,FL,,N,2013,JEEP,,UT,RED,Minor,100,N,Driver,N,East,7TH STREET,15,30,2,,,,,Front Center Bumper,Front Center Bumper,(Sport) Utility Vehicle,"Two-Way, Not Divided",,,,,Motor Vehicle in Transport,Motor Vehicle in Transport,Pedalcycle,,,N,Level,Straight,Entering Traffic Lane,No Controls,No Special Function,None,,
26201517,2024,1,DELTONA,FL,32725,N,Vehicle in Transport,FL,,N,2021,MITS,,4D,RED,Functional,2000,N,Driver,N,South,URBANA AV,5,30,2,,,,,Front Left Bumper,Front Left Bumper,Passenger Car,"Two-Way, Not Divided",,,,,Pedestrian,Pedestrian,,,,N,Level,Straight,Turning Left,Stop Sign,No Special Function,None,,
26201673,2024,1,DELTONA,FL,32738,N,Vehicle in Transport,FL,,N,2014,DODG,,SW,SIL,Minor,1000,N,Driver,N,West,AVON CT,1,10,2,,,,,Right Front Door,Right Front Door,(Sport) Utility Vehicle,"Two-Way, Not Divided",,,,,Pedestrian,Pedestrian,,,,N,Level,Straight,Stopped in Traffic,Stop Sign,No Special Function,None,,
26201848,2024,1,DELTONA,FL,32725,N,Vehicle in Transport,FL,,N,2015,KIA,,4D,WHITE,Minor,1000,N,Driver,N,North,SURF DR,10,30,2,,,,,Front Center Bumper,Front Center Bumper,Passenger Car,"Two-Way, Not Divided",,,,,Motor Vehicle in Transport,Motor Vehicle in Transport,,,,N,Level,Straight,Straight Ahead,No Controls,No Special Function,None,,
26201913,2024,1,,,,,,,,Y,,UK,,UNKNOWN,UNKNOWN,Unknown,0,N,,N,,,,,,,,,,,,Unknown,"Two-Way, Not Divided",,,,,Motor Vehicle in Transport,Motor Vehicle in Transport,,,,,Level,Straight,Unknown,No Controls,Unknown,Unknown,,
26202230,2024,1,DELTONA,FL,32738,N,Vehicle in Transport,FL,,N,2011,CHEV,,UT,WHI,None,0,N,Driver,N,West,TUNISIA DR,25,25,2,,,,,Front Center Bumper,Front Center Bumper,Passenger Car,"Two-Way, Not Divided",,,,,Pedestrian,Pedestrian,,,,N,Level,Straight,Straight Ahead,No Controls,No Special Function,None,,
26202249,2024,1,MIMS,FL,32754,N,Vehicle in Transport,FL,,N,1999,CHEV,,PK,BLU,None,0,N,Rotation,N,South,COUNTY LINE RD,25,30,2,,,,,Left Rear Fender,Right Rear Fender,Passenger Car,"Two-Way, Not Divided",,,,,Motor Vehicle in Transport,Motor Vehicle in Transport,Pedestrian,,,N,Level,Straight,Straight Ahead,No Controls,No Special Function,None,,
26203104,2024,1,LARGO,FL,33770,N,Vehicle in Transport,FL,N,N,2016,TOYT,,4D,BRO,Functional,2000,N,,N,East,EAST BAY DR,20,45,7,,,,,Front Left Bumper,Front Left Bumper,Passenger Car,"Two-Way, Divided, Positive Median Barrier",,,,,Motor Vehicle in Transport,Motor Vehicle in Transport,,,,N,Level,Straight,Turning Left,No Controls,No Special Function,None,,
26203158,2024,1,LARGO,FL,33770,N,Vehicle in Transport,FL,N,N,2015,DODG,,4D,GRY,Minor,1000,N,,N,East,ULMERTON RD,25,45,8,,,,,Right Front Fender,Right Front Fender,Passenger Car,"Two-Way, Divided, Unprotected (painted >4 feet) Median",,,,,Pedalcycle,Pedalcycle,,,,N,Level,Straight,Turning Right,No Controls,No Special Function,None,,
26203279,2024,1,LARGO,FL,33774,N,Vehicle in Transport,FL,N,N,2014,JEEP,,,GRY,None,0,N,,N,South,137TH ST N,5,35,2,,,,,,,(Sport) Utility Vehicle,"Two-Way, Not Divided",,,,,Pedestrian,Pedestrian,Pedestrian,,,N,Level,Straight,Turning Right,Traffic Control Signal,No Special Function,None,,
26203387,2024,1,TAMPA,FL,33605,N,Vehicle in Transport,FL,N,N,2022,RAM,,VN,WHI,None,0,N,,N,South,ULMERTON RD,3,45,6,,,,,,,Passenger Van,"Two-Way, Divided, Positive Median Barrier",,,,,Pedestrian,Pedestrian,,,,N,Level,Straight,Turning Right,No Controls,No Special Function,None,,
26203463,2024,1,CLEARWATER,FL,33760,N,Vehicle in Transport,FL,N,N,2016,RAM,,TRK,GRY,Minor,2000,N,,N,South,EAST BAY DR,5,40,6,,,,,Right Rear Door,Right Rear Door,Pickup,"Two-Way, Divided, Positive Median Barrier",,,,,Pedalcycle,Pedalcycle,,,,N,Level,Straight,Entering Traffic Lane,Stop Sign,No Special Function,None,,
26203762,2024,1,LARGO,FL,33774,N,Vehicle in Transport,FL,N,N,2018,HYUN,,SUV,WHI,Minor,100,N,,N,East,1215 N MISSOURI AVE,2,,2,,,,,Front Right Bumper,Front Right Bumper,(Sport) Utility Vehicle,"Two-Way, Not Divided",,,,,Pedalcycle,Pedalcycle,,,,N,Downhill,Straight,Entering Traffic Lane,Stop Sign,No Special Function,None,,
26207054,2024,1,TALLAHASSEE,FL,32311,N,Vehicle in Transport,FL,,N,2019,FORD,,PK,WHI,Minor,500,N,Driver,N,Off-Road,CAPITAL CIRCLE SE,5,45,6,,,,,Front Center Bumper,Front Center Bumper,Pickup,"Two-Way, Not Divided",,,,,Motor Vehicle in Transport,Motor Vehicle in Transport,,,,N,Level,Straight,Entering Traffic Lane,No Controls,No Special Function,None,,
26209578,2024,1,UNKNOWN,OT,UNK,N,Vehicle in Transport,OT,,Y,2000,UK,,2D,WHI,Minor,0,N,Rotation,N,East,TAMIAMI TRAIL,10,45,4,,,,,Front Right Bumper,Front Right Bumper,Passenger Car,"Two-Way, Divided, Positive Median Barrier",,,,,Motor Vehicle in Transport,Motor Vehicle in Transport,,,,N,Level,Straight,Unknown,Traffic Control Signal,Unknown,Unknown,,
26209747,2024,1,FORT MYERS,FL,33905,N,Parked Motor Vehicle,FL,,N,2016,FORD,FORD,TK,BRO,Minor,100,N,Driver,N,North,S BISCYANE,0,40,2,,,,,Front Center Bumper,Front Center Bumper,"Other Light Trucks (10,000 lbs (4,536 kg) or less)","Two-Way, Not Divided",,,,Not Applicable,Pedalcycle,Pedalcycle,,,,N,Level,Straight,Parked,No Controls,No Special Function,Unknown,,N
26212302,2024,1,LARGO,FL,33773,N,Vehicle in Transport,FL,,N,2005,CHEV,,TK,GRN,Minor,500,N,Driver,N,West,PRIVATE DRIVEWAY,10,15,2,,,,,Front Center Bumper,Front Center Bumper,Pickup,"Two-Way, Divided, Positive Median Barrier",,,,,Motor Vehicle in Transport,Motor Vehicle in Transport,,,,N,Level,Straight,Straight Ahead,No Controls,No Special Function,None,,
26212377,2024,1,,,,,,,,Y,,UK,,UNKNOWN,UNKNOWN,Unknown,0,N,,N,,,,,,,,,,,,Unknown,"Two-Way, Divided, Positive Median Barrier",,,,,Pedalcycle,Pedalcycle,,,,,Level,Straight,Unknown,Traffic Control Signal,Unknown,Unknown,,
26212578,2024,1,CLEARWATER,FL,33762,N,Vehicle in Transport,FL,,N,2003,PONT,,4D,GLD,None,0,N,Driver,N,West,126TH AVE N,15,30,2,,,,,Right Front Fender,,Passenger Car,"Two-Way, Divided, Unprotected (painted >4 feet) Median",,,,,Motor Vehicle in Transport,Motor Vehicle in Transport,,,,N,Level,Straight,Straight Ahead,No Controls,No Special Function,None,,
26213083,2024,1,ORANGE PARK,FL,32065,N,Vehicle in Transport,FL,,N,2019,NISS,,UT,WHI,Minor,50,N,Driver,N,North,,45,45,6,,,,,Right Front Door,Right Front Door,Passenger Car,"Two-Way, Divided, Positive Median Barrier",,,,,Motor Vehicle in Transport,Motor Vehicle in Transport,,,,N,Level,Straight,Turning Right,Traffic Control Signal,No Special Function,None,,
26213711,2024,1,KEYSTONE HEIGHTS,FL,32656,N,Vehicle in Transport,FL,,N,2013,TOYT,,UT,MAR,Minor,500,N,Rotation,N,North,GENEVA OAKS CIRCLE,5,25,1,,,,,Right Front Fender,Right Front Fender,(Sport) Utility Vehicle,One-Way Trafficway,,,,,Motor Vehicle in Transport,Motor Vehicle in Transport,,,,N,Level,Straight,Straight Ahead,Stop Sign,No Special Function,None,,
26214745,2024,1,ORANGE PARK,FL,32073,,,,,Y,,UK,,UNKNOWN,UNKNOWN,Unknown,0,N,,N,,,,,,,,,,,,Unknown,"Two-Way, Not Divided",,,,,Pedalcycle,Pedalcycle,Pedalcycle,,,,Level,Straight,Unknown,No Controls,Unknown,Unknown,,
26216144,2024,1,,,,N,Vehicle in Transport,,,Y,,UK,,UNKNOWN,UNKNOWN,Unknown,0,N,Rotation,N,East,,,,,,,,,Right Front Fender,Right Front Fender,Unknown,"Two-Way, Not Divided",,,,,Motor Vehicle in Transport,Motor Vehicle in Transport,,,,N,Level,Straight,Unknown,No Controls,Unknown,Unknown,,
