REPORT_NUMBER,CRASH_YEAR,CRASH_DATE_AND_TIME,REPORT_DATE_AND_TIME,INVESTIGATING_AGENCY_REPORT_NUMBER,FORM_TYPE,TOTAL_NUMBER_OF_VEHICLES,TOTAL_NUMBER_OF_PERSONS,COUNTY_CODE,CITY_CODE,COUNTY_NAME,CITY_NAME,RURAL_OR_URBAN,NOTIFIED_TIME,DISPATCHED_TIME,ARRIVED_TIME,CLEARED_TIME,COMPLETED_FLAG,NOTIFIED_BY,ON_STREET_ROAD_HIGHWAY,STREET_ADDRESS_NUMBER,LATITUDE,LONGITUDE,FEET_FROM_INTERSECTION,DIRECTION_FROM_INTERSECTION,FROM_INTERSECTION_OF,MILEPOST_NUMBER,ROAD_SYSTEM_IDENTIFER,TYPE_OF_SHOULDER,TYPE_OF_INTERSECTION,PHOTOS_TAKEN,LIGHT_CONDITION,WEATHER_CONDITION,ROAD_SURFACE_CONDITION,SCHOOL_BUS_RELATED_CODE,TYPE_OF_IMPACT,FIRST_HARMFUL_EVENT,LOCATION,INTERCHANGE_FLAG,JUNCTION_FLAG,ROAD_CIRCUMSTANCES_1,ROAD_CIRCUMSTANCES_2,ROAD_CIRCUMSTANCES_3,ENVIRONMENT_CIRCUMSTANCES_1,ENVIRONMENT_CIRCUMSTANCES_2,ENVIRONMENT_CIRCUMSTANCES_3,WORK_ZONE_RELATED_FLAG,CRASH_IN_WORK_ZONE,TYPE_OF_WORK_ZONE,WORKERS_PRESENT,LAW_ENFORCEMENT_PRESENT,INVESTIGATOR_RANK,INVESTIGATING_AGENCY_NAME,INVESTIGATING_AGENCY_TYPE,LOAD_DATE,UPDATE_DATE,DAYS_TO_LOAD,CODEABLE,S4_CRASH_TYPE,S4_CRASH_TYPE_SIMPLIFIED,S4_CRASH_SEVERITY,S4_CRASH_SEVERITY_DETAIL,S4_DAY_OR_NIGHT,S4_IS_AGGRESSIVE_DRIVING,S4_IS_ALCOHOL_RELATED,S4_IS_CMV_INVOLVED,S4_IS_DISTRACTED,S4_IS_DRUG_RELATED,S4_IS_HIT_AND_RUN,S4_IS_INTERSECTION_RELATED,S4_IS_LANE_DEPARTURE_RELATED,S4_IS_SPEEDING_RELATED,S4_NONE_INJURY_COUNT,S4_INJURY_COUNT,S4_POSSIBLE_INJURY_COUNT,S4_NON_INCAPACITATING_INJURY_COUNT,S4_INCAPACITATING_INJURY_COUNT,S4_FATALITY_COUNT,S4_FATALITY_WITHIN_30_DAYS_COUNT,S4_NON_TRAFFIC_FATALITY_COUNT,S4_TRAILER_COUNT,S4_MOTORCYCLE_COUNT,S4_MOPED_COUNT,S4_NON_MOTORIST_COUNT,S4_BICYCLIST_COUNT,S4_PEDESTRIAN_COUNT,S4_DRIVER_COUNT,S4_AGING_DRIVER_COUNT,S4_TEENAGER_DRIVER_COUNT,S4_PASSENGER_COUNT,S4_UNRESTRAINED_COUNT,S4_UNRESTRAINED_INJURY_COUNT,S4_UNRESTRAINED_INCAPACITATING_INJURY_COUNT,S4_UNRESTRAINED_FATALITY_COUNT,S4_MOTORCYCLIST_COUNT,S4_MOTORCYCLIST_INCAPACITATING_INJURY_COUNT,S4_MOTORCYCLIST_FATALITY_COUNT,S4_IS_PEDESTRIAN_INVOLVED,S4_PEDESTRIAN_INCAPACITATING_INJURY_COUNT,S4_PEDESTRIAN_FATALITY_COUNT,S4_IS_BICYCLIST_INVOLVED,S4_BICYCLIST_INCAPACITATING_INJURY_COUNT,S4_BICYCLIST_FATALITY_COUNT,S4_CITATION_COUNT,S4_CITATION_AMOUNT,S4_PROPERTY_DAMAGE_COUNT,S4_PROPERTY_DAMAGE_AMOUNT,S4_VEHICLE_DAMAGE_COUNT,S4_VEHICLE_DAMAGE_AMOUNT,S4_TOTAL_DAMAGE_AMOUNT,S4_TRANSPORT_BY_EMS_COUNT,S4_TRANSPORT_BY_LAW_ENFORCEMENT_COUNT,S4_TRANSPORT_BY_OTHER_COUNT,S4_GEOLOCATION_STATUS,S4_PRELIMINARY_GEOLOCATION_STATUS,S4_X,S4_Y,S4_LATITUDE,S4_LONGITUDE
89351019,2020,02-JUL-2020 07:50 AM,02-JUL-2020 12:00 AM,2020-14428,L,1,3,6,82,Palm Beach,Palm Springs,Urban,7/2/2020 7:50:00 AM,7/2/2020 7:53:00 AM,7/2/2020 7:50:00 AM,7/2/2020 8:30:00 AM,Y,Law Enforcement,LAKE WORTH RD,,26.617376,-80.090072,281,West,S CONGRESS AVE,,State,Curb,Not at Intersection,N,Daylight,Clear,Dry,N,,Pedalcycle,Unknown,N,Non-Junction,None,,,None,,,N,,,,,OFC.,Palm Springs Police Department,Police Department (PD),7/21/2020 2:23:00 PM,7/21/2020 2:23:00 PM,19,Y,Bicycle,Bicycle,Injury,Non-Incapacitating Injury,DAY,N,N,N,N,N,N,N,N,N,1,2,0,2,0,0,0,0,0,0,0,2,2,0,1,0,0,0,0,0,0,0,0,0,0,N,0,0,Y,0,0,0,0,0,0,1,150,150,2,0,0,Preliminary,Editor Mapped,590592.8145,2944376.8921,26.6173514985981,-80.0899887899699
89374446,2020,07-FEB-2020 10:30 AM,07-FEB-2020 12:00 AM,2020-007501,L,1,2,5,0,Polk,Unincorporated,Rural,2/7/2020 10:30:00 AM,2/7/2020 10:32:00 AM,2/7/2020 10:38:00 AM,2/7/2020 11:20:00 AM,Y,Law Enforcement,COLONIAL AVENUE,,,,0,,JAMESTOWN AVENUE,,Local,Unpaved,T-Intersection,Y,Daylight,Clear,Dry,N,Angle,Pedalcycle,On Roadway,N,Intersection,None,,,None,,,N,,,,,Dep.,Polk County Sheriff's Office,Sheriff's Office (SO),2/15/2020 2:10:00 PM,2/15/2020 2:10:00 PM,8,Y,Bicycle,Bicycle,Injury,Non-Incapacitating Injury,DAY,N,N,N,N,N,N,Y,N,N,1,1,0,1,0,0,0,0,0,0,0,1,1,0,1,0,0,0,0,0,0,0,0,0,0,N,0,0,Y,0,0,0,0,0,0,1,80,80,0,0,0,Preliminary,Editor Mapped,410104.8699,3101854.0573,28.0389472519196,-81.9145954965644
89382366,2020,18-JUN-2020 01:20 PM,18-JUN-2020 12:00 AM,2020-022292,L,1,2,4,64,Pinellas,St. Petersburg,Urban,6/18/2020 1:20:00 PM,6/18/2020 1:21:00 PM,6/18/2020 1:30:00 PM,6/18/2020 1:48:00 PM,Y,Law Enforcement,37TH ST S,,27.766527,-82.683426,30,North,5TH AVE S,,Local,Curb,Not at Intersection,N,Daylight,Clear,Dry,N,,Other Non-Fixed Object,On Roadway,N,Intersection-Related,None,,,None,,,N,,,,,OFFICER,St. Petersburg Police Department,Police Department (PD),6/24/2020 2:17:00 PM,6/24/2020 2:17:00 PM,6,N,Single Vehicle,Other,No Injury,No Injury,DAY,N,N,N,N,N,N,Y,N,N,2,0,0,0,0,0,0,0,0,0,0,1,1,0,1,0,0,0,0,0,0,0,0,0,0,N,0,0,Y,0,0,0,0,0,0,1,1000,1000,0,0,0,Preliminary,Editor Mapped,334112.6277,3072474.776,27.7665218971503,-82.6834229088005
89384143,2020,11-SEP-2020 10:45 PM,12-SEP-2020 12:00 AM,2020-032802,L,1,3,4,64,Pinellas,St. Petersburg,Urban,9/11/2020 10:46:00 PM,9/11/2020 10:46:00 PM,9/11/2020 10:51:00 PM,9/11/2020 11:15:00 PM,Y,Law Enforcement,CENTRAL AVE,,27.771212,-82.638532,0,,4TH ST N,,Local,Curb,Four-Way Intersection,N,Dark - Lighted,Clear,Dry,N,,Other Non-Fixed Object,On Roadway,N,Intersection,None,,,None,,,N,,,,,OFFICER,St. Petersburg Police Department,Police Department (PD),9/23/2020 2:26:00 PM,,12,Y,Single Vehicle,Other,Injury,Non-Incapacitating Injury,NIGHT,N,N,N,N,N,N,Y,N,N,2,1,0,1,0,0,0,0,0,0,0,1,1,0,1,0,0,1,0,0,0,0,0,0,0,N,0,0,Y,0,0,0,0,1,500,1,500,1000,1,0,0,Verified,n/a,338550.7068,3072932.735,27.7711954736565,-82.6384624522498
89384910,2020,18-OCT-2020 12:20 PM,27-OCT-2020 12:00 AM,2020-037286,L,2,3,4,64,Pinellas,St. Petersburg,Urban,10/18/2020 12:26:00 PM,10/18/2020 12:27:00 PM,10/18/2020 12:28:00 PM,10/18/2020 1:00:00 PM,Y,Law Enforcement,CENTRAL AVE,,27.771224,-82.642131,131,West,6TH ST N,,Local,Curb,Not at Intersection,N,Daylight,Clear,Dry,N,,Pedalcycle,On Roadway,N,Non-Junction,None,,,None,,,N,,,,,OFC,St. Petersburg Police Department,Police Department (PD),10/24/2020 2:07:00 PM,11/4/2020 3:37:00 PM,6,Y,Bicycle,Bicycle,Injury,Non-Incapacitating Injury,DAY,N,N,N,N,N,N,N,Y,N,2,1,0,1,0,0,0,0,0,0,0,2,1,0,1,0,0,0,0,0,0,0,0,0,0,N,0,0,Y,0,0,1,0,0,0,2,1500,1500,0,0,0,Preliminary,Editor Mapped,338190.457,3072939.9191,27.7712169263501,-82.6421181870433
89396052,2020,02-JUN-2020 06:57 PM,02-JUN-2020 12:00 AM,2006020028,L,1,4,1,58,Miami-Dade,Homestead,Urban,6/2/2020 6:57:00 PM,6/2/2020 7:00:00 PM,6/2/2020 7:11:00 PM,6/2/2020 8:45:00 PM,Y,Law Enforcement,NW 1ST AVE,,,,77,North,NW 9TH ST,,Local,Paved,Not at Intersection,N,Daylight,Clear,Dry,N,Other,Pedalcycle,On Roadway,N,Driveway/Alley Access Related,None,,,None,,,N,,,,,POLICE OFFICER,Homestead Police Department,Police Department (PD),6/13/2020 1:55:00 PM,6/13/2020 1:55:00 PM,11,Y,Bicycle,Bicycle,Injury,Non-Incapacitating Injury,DAY,N,N,N,N,N,Y,N,N,N,3,1,0,1,0,0,0,0,0,0,0,1,1,0,1,0,0,2,0,0,0,0,0,0,0,N,0,0,Y,0,0,9,0,0,0,1,100,100,0,0,0,Preliminary,Editor Mapped,552326.5286,2818056.8463,25.4786941741088,-80.4794214553101
89405802,2020,06-MAY-2020 05:29 PM,06-MAY-2020 12:00 AM,20-025439,L,1,2,16,50,Sarasota,Sarasota,Urban,5/6/2020 5:29:00 PM,5/6/2020 5:29:00 PM,5/6/2020 5:35:00 PM,5/6/2020 6:35:00 PM,Y,Law Enforcement,2500 BLOCK OF MAPLE AVE,,,,,,MAPLE AVE,,Local,Paved,Four-Way Intersection,,Daylight,Clear,Dry,N,Front to Front,Pedestrian,On Roadway,N,Intersection-Related,None,,,None,,,N,,,,,OFC.,Sarasota Police Department,Police Department (PD),6/6/2020 2:51:00 PM,,31,Y,Pedestrian,Pedestrian,Injury,Possible Injury,DAY,N,N,N,N,N,N,Y,N,N,1,1,1,0,0,0,0,0,0,0,0,1,1,0,1,0,0,0,0,0,0,0,0,0,0,N,0,0,Y,0,0,0,0,0,0,1,500,500,0,0,0,Unmapped,Unmapped,,,,
89424098,2020,27-APR-2020 02:03 PM,27-APR-2020 02:03 PM,2020-00039805,L,1,2,61,53,Flagler,Palm Coast,Urban,4/27/2020 2:03:00 PM,4/27/2020 2:04:00 PM,4/27/2020 2:07:00 PM,4/27/2020 4:31:00 PM,Y,Law Enforcement,PALM HARBOR,,,,0,,FRONTIER,,Local,Unpaved,T-Intersection,Y,Daylight,Clear,Dry,N,Angle,Pedalcycle,Unknown,N,Intersection-Related,None,,,None,,,N,,,,,Deputy,Flagler County Sheriff's Office,Sheriff's Office (SO),4/29/2020 1:49:00 PM,4/29/2020 1:49:00 PM,2,Y,Bicycle,Bicycle,Injury,Possible Injury,DAY,N,N,N,N,N,N,Y,N,N,1,1,1,0,0,0,0,0,0,0,0,1,1,0,1,1,0,0,0,0,0,0,0,0,0,N,0,0,Y,0,0,1,0,1,250,1,250,500,1,0,0,Preliminary,Editor Mapped,478917.8302,3272585.0887,29.5828689783418,-81.217681707666
89433619,2020,22-APR-2020 02:20 PM,22-APR-2020 02:52 PM,20-275232,S,1,2,3,0,Hillsborough,Unincorporated,Rural,4/22/2020 2:24:00 PM,4/22/2020 2:24:00 PM,4/22/2020 2:24:00 PM,4/22/2020 3:00:00 PM,Y,Law Enforcement,US 301 HW S,,,,,,AMBELSIDEBL,,U.S.,Unpaved,T-Intersection,Y,Daylight,Clear,Dry,N,Angle,Other Non-Fixed Object,On Roadway,N,Intersection,None,,,None,,,N,,,,,DEP,Hillsborough County Sheriff's Office,Sheriff's Office (SO),4/28/2020 2:12:00 PM,,6,N,Single Vehicle,Other,No Injury,No Injury,DAY,N,N,N,N,N,N,Y,N,N,2,0,0,0,0,0,0,0,0,1,0,1,1,0,1,1,0,0,0,0,0,0,1,0,0,N,0,0,Y,0,0,0,0,1,100,1,250,350,0,0,0,Unmapped,Unmapped,,,,
89468528,2020,05-FEB-2020 04:37 PM,05-FEB-2020 05:05 PM,083851,L,1,4,2,38,Duval,Jacksonville,Urban,2/5/2020 4:37:00 PM,2/5/2020 4:39:00 PM,2/5/2020 4:56:00 PM,2/5/2020 5:05:00 PM,Y,Law Enforcement,GREENLAND AVE,400,30.3266,-81.7362,0,,7700 MARINER ST,,Local,Paved,Four-Way Intersection,N,Daylight,Clear,Dry,N,Angle,Motor Vehicle in Transport,On Roadway,N,Intersection,None,,,None,,,N,,,,,CSO,Jacksonville Sheriff's Office,Sheriff's Office (SO),2/7/2020 2:22:00 PM,2/7/2020 2:22:00 PM,2,Y,Single Vehicle,Other,Injury,Non-Incapacitating Injury,DAY,N,N,N,N,N,N,Y,N,N,3,1,0,1,0,0,0,0,0,0,0,3,3,0,1,0,1,0,0,0,0,0,0,0,0,N,0,0,Y,0,0,2,0,0,0,0,0,0,0,0,0,Preliminary,Editor Mapped,425076.2046,3354349.5907,30.3186242409333,-81.7793232905665
89469733,2020,07-FEB-2020 02:45 AM,07-FEB-2020 06:00 AM,87398,L,1,1,2,38,Duval,Jacksonville,Urban,2/7/2020 2:54:00 AM,2/7/2020 3:01:00 AM,2/7/2020 3:08:00 AM,2/7/2020 6:00:00 AM,Y,Law Enforcement,BLOCK QUEENSWAY DR,4300,30.088,-81.5954,0,,KNOTTINGBY DR,,Local,Curb,T-Intersection,N,Dark - Lighted,Clear,Dry,N,Other,Pedalcycle,On Roadway,N,Non-Junction,None,,,None,,,N,,,,,OFFICER,Jacksonville Sheriff's Office,Sheriff's Office (SO),2/11/2020 2:36:00 PM,2/11/2020 2:36:00 PM,4,Y,Bicycle,Bicycle,Injury,Non-Incapacitating Injury,NIGHT,N,N,N,N,N,Y,N,N,N,0,1,0,1,0,0,0,0,0,0,0,1,1,0,0,0,0,0,0,0,0,0,0,0,0,N,0,0,Y,0,0,0,0,0,0,0,0,0,0,0,0,Preliminary,Editor Mapped,441951.8097,3339115.9954,30.1820877699924,-81.6029602080395
89472781,2020,16-JUN-2020 02:17 PM,16-JUN-2020 02:51 PM,LCPD20OFF015164,L,1,2,29,51,Columbia,Lake City,Urban,6/16/2020 2:19:00 PM,6/16/2020 2:20:00 PM,6/16/2020 2:25:00 PM,6/16/2020 3:15:00 PM,Y,Law Enforcement,WASHINGTON,,,,27,West,PATTERSON,,Local,Unpaved,Four-Way Intersection,N,Daylight,Clear,Dry,N,Other,Pedestrian,On Roadway,N,Intersection,None,,,None,,,N,,,,,OFFICER,Lake City Police Department,Police Department (PD),6/25/2020 2:09:00 PM,,9,Y,Pedestrian,Pedestrian,Serious Injury,Incapacitating Injury,DAY,N,N,N,N,N,N,Y,N,N,1,1,0,0,1,0,0,0,0,0,0,1,1,0,1,0,1,0,0,0,0,0,0,0,0,N,0,0,Y,1,0,1,0,0,0,1,1000,1000,0,0,1,Preliminary,Editor Mapped,343495.2403,3341462.1454,30.194566627549,-82.6257630514675
89481123,2020,03-JAN-2020 09:08 PM,03-JAN-2020 12:00 AM,2001030000766,L,1,3,1,66,Miami-Dade,Miami,Urban,1/3/2020 9:10:00 PM,1/3/2020 9:13:00 PM,1/3/2020 9:15:00 PM,1/3/2020 9:50:00 PM,Y,Law Enforcement,NE 5 ST,,25.779617,-80.188395,173,South,BISCAYNE BLVD,,Local,Paved,Other,N,Dark - Lighted,Clear,Dry,N,,Pedestrian,On Roadway,N,Non-Junction,None,,,None,,,N,,,,,OFFICER,Miami Police Department,Police Department (PD),1/10/2020 2:22:00 PM,,7,Y,Pedestrian,Pedestrian,Injury,Possible Injury,NIGHT,N,N,N,N,N,N,N,N,N,0,3,3,0,0,0,0,0,0,0,0,2,2,0,1,0,0,0,0,0,0,0,0,0,0,N,0,0,Y,0,0,0,0,2,2000,1,1000,3000,2,0,0,Verified,n/a,581378.243,2851460.7394,25.7790018105654,-80.1883787205366
89482128,2020,19-JAN-2020 01:15 AM,19-JAN-2020 12:00 AM,2001190004606,L,1,2,1,66,Miami-Dade,Miami,Urban,1/19/2020 1:18:00 AM,1/19/2020 1:19:00 AM,1/19/2020 1:23:00 AM,1/19/2020 2:14:00 AM,Y,Law Enforcement,BISCAYNE BLVD,,,,149,North,SE 2ND ST,,Local,Paved,Other,N,Dark - Lighted,Clear,Dry,N,,Pedestrian,On Roadway,N,Intersection,None,,,None,,,N,,,,,OFFICER,Miami Police Department,Police Department (PD),1/30/2020 2:19:00 PM,,11,Y,Pedestrian,Pedestrian,Injury,Possible Injury,NIGHT,N,N,N,N,N,N,Y,N,N,1,1,1,0,0,0,0,0,0,0,0,1,1,0,1,0,0,0,0,0,0,0,0,0,0,N,0,0,Y,0,0,1,0,0,0,1,100,100,0,0,0,Verified,n/a,581497.804,2850717.2492,25.7722820124182,-80.1872321211648
89483064,2020,01-FEB-2020 04:05 PM,01-FEB-2020 12:00 AM,2002010008044,L,1,2,1,66,Miami-Dade,Miami,Urban,2/1/2020 4:07:00 PM,2/1/2020 4:15:00 PM,2/1/2020 4:24:00 PM,2/1/2020 5:04:00 PM,N,Law Enforcement,SE 1 AVE,,,,88,South,SE 8 ST,,Local,Paved,T-Intersection,N,Daylight,Cloudy,Dry,N,,Pedalcycle,On Roadway,N,Through Roadway,None,,,None,,,N,,,,,OFFICER,Miami Police Department,Police Department (PD),2/7/2020 2:22:00 PM,,6,N,Bicycle,Bicycle,No Injury,No Injury,DAY,N,N,N,N,N,N,N,N,N,2,0,0,0,0,0,0,0,0,0,0,1,1,0,1,0,0,0,0,0,0,0,0,0,0,N,0,0,Y,0,0,0,0,0,0,1,500,500,0,0,0,Verified,n/a,552764.7297,2816236.1711,25.4622376971142,-80.4751334453459
89484638,2020,22-FEB-2020 07:37 PM,22-FEB-2020 12:00 AM,2002220013560,L,1,1,1,66,Miami-Dade,Miami,Urban,2/22/2020 7:39:00 PM,2/22/2020 7:47:00 PM,2/22/2020 8:02:00 PM,2/22/2020 8:40:00 PM,Y,Law Enforcement,NE 3 AVE,,,,0,,NE 2 ST,,Local,Paved,T-Intersection,N,Dark - Lighted,Clear,Wet,N,,Parked Motor Vehicle,On Roadway,N,Other,"Rut, Holes, Bumps",,,None,,,N,,,,,OFC,Miami Police Department,Police Department (PD),2/26/2020 2:37:00 PM,2/26/2020 2:37:00 PM,4,N,Single Vehicle,Other,No Injury,No Injury,NIGHT,N,N,N,N,N,N,N,N,N,1,0,0,0,0,0,0,0,0,0,0,1,1,0,0,0,0,0,0,0,0,0,0,0,0,N,0,0,Y,0,0,0,0,0,0,1,500,500,0,0,0,Preliminary,Editor Mapped,581362.0195,2851152.5239,25.7762197649131,-80.1885594438058
89486102,2020,15-MAR-2020 05:45 AM,15-MAR-2020 12:00 AM,2003150018985,L,1,2,1,66,Miami-Dade,Miami,Urban,3/15/2020 5:50:00 AM,3/15/2020 6:32:00 AM,3/15/2020 6:42:00 AM,3/15/2020 6:45:00 AM,Y,Law Enforcement,SW 1 AVE,,,,0,,SW 13TH ST,,Local,Curb,Other,N,Dark - Lighted,Clear,Dry,N,,Pedalcycle,On Roadway,N,Unknown,None,,,None,,,N,,,,,OFFICER,Miami Police Department,Police Department (PD),3/21/2020 1:55:00 PM,,6,Y,Bicycle,Bicycle,Injury,Non-Incapacitating Injury,NIGHT,N,N,N,N,N,N,N,N,N,1,1,0,1,0,0,0,0,0,0,0,1,1,0,1,0,0,0,0,0,0,0,0,0,0,N,0,0,Y,0,0,0,0,0,0,0,0,0,1,0,0,Verified,n/a,580701.3668,2849522.4844,25.7615383150812,-80.1952470188531
89486268,2020,18-MAR-2020 09:59 AM,18-MAR-2020 12:00 AM,2003180019560,L,1,3,1,66,Miami-Dade,Miami,Urban,3/18/2020 9:59:00 AM,3/18/2020 9:59:00 AM,3/18/2020 10:07:00 AM,3/18/2020 1:30:00 PM,Y,Law Enforcement,20TH ST SW,,,,0,West,27TH AVE SW,,Local,Paved,Not at Intersection,N,Daylight,Clear,Dry,N,,Pedalcycle,On Roadway,N,Other,None,,,None,,,N,,,,,PSA,Miami Police Department,Police Department (PD),3/19/2020 2:18:00 PM,,1,Y,Bicycle,Bicycle,Injury,Possible Injury,DAY,N,N,N,N,N,N,N,N,N,1,2,2,0,0,0,0,0,0,0,0,1,1,0,1,0,0,1,0,0,0,0,0,0,0,N,0,0,Y,0,0,1,0,0,0,1,500,500,1,0,0,Verified,n/a,576393.1062,2848498.8078,25.7525263185142,-80.2382648066914
89515817,2020,27-JAN-2020 11:09 AM,27-JAN-2020 12:00 AM,PD200127033888,L,1,2,1,0,Miami-Dade,Unincorporated,Rural,1/27/2020 11:09:00 AM,1/27/2020 11:12:00 AM,1/27/2020 11:18:00 AM,1/27/2020 12:00:00 PM,Y,Law Enforcement,NW 84TH ST,,,,0,,NW 14TH CT,,County,Paved,Four-Way Intersection,,Daylight,Cloudy,Dry,N,Front to Front,Motor Vehicle in Transport,On Roadway,N,Non-Junction,None,None,None,None,None,None,N,,,,,OFC.,Miami-Dade Police Department,Police Department (PD),2/6/2020 2:53:00 PM,2/6/2020 2:53:00 PM,10,N,Single Vehicle,Other,No Injury,No Injury,DAY,N,N,N,N,N,N,N,Y,N,2,0,0,0,0,0,0,0,0,0,0,1,1,0,1,0,0,0,0,0,0,0,0,0,0,N,0,0,Y,0,0,0,0,0,0,1,1000,1000,0,0,0,Preliminary,Editor Mapped,577919.5373,2859494.5385,25.8517293555678,-80.2223978009606
89521616,2020,20-MAR-2020 11:00 AM,20-MAR-2020 12:00 AM,PD200320101679,L,1,2,1,0,Miami-Dade,Unincorporated,Rural,3/20/2020 11:01:00 AM,3/20/2020 11:03:00 AM,3/20/2020 11:13:00 AM,3/20/2020 12:30:00 PM,Y,Motorist,SW 147TH AVE,,,,0,,MILLER DR,,County,Unpaved,Not at Intersection,,Daylight,Clear,Dry,N,Angle,Pedalcycle,On Roadway,N,Non-Junction,None,,,None,,,N,,,,,OFC.,Miami-Dade Police Department,Police Department (PD),3/27/2020 1:59:00 PM,3/27/2020 1:59:00 PM,7,Y,Bicycle,Bicycle,Injury,Non-Incapacitating Injury,DAY,N,N,N,N,N,N,N,N,N,1,1,0,1,0,0,0,0,0,0,0,1,1,0,1,0,0,0,0,0,0,0,0,0,0,N,0,0,Y,0,0,1,0,2,400,1,50,450,0,0,0,Preliminary,Editor Mapped,557080.9887,2844115.4116,25.7138253943342,-80.4310104928868
89522066,2020,09-MAR-2020 07:50 PM,09-MAR-2020 12:00 AM,PD200309088767,L,1,4,1,0,Miami-Dade,Unincorporated,Rural,3/9/2020 7:54:00 PM,3/9/2020 7:54:00 PM,3/9/2020 8:05:00 PM,3/9/2020 9:45:00 PM,Y,Law Enforcement,NW 25TH AVE,,,,8,North,NW 54TH ST,,Local,Paved,Not at Intersection,,Dark - Lighted,Clear,Dry,N,Angle,Motor Vehicle in Transport,On Roadway,N,Intersection,None,None,None,None,None,None,N,,,,,OFC.,Miami-Dade Police Department,Police Department (PD),3/25/2020 2:06:00 PM,,16,Y,Single Vehicle,Other,Serious Injury,Incapacitating Injury,NIGHT,N,N,N,N,N,N,Y,N,N,0,4,3,0,1,0,0,0,0,0,0,1,1,0,1,0,0,2,0,0,0,0,0,0,0,N,0,0,Y,1,0,0,0,2,500,1,1000,1500,1,0,0,Verified,n/a,576291.9228,2856412.3574,25.8239856007101,-80.2388176051528
89523305,2020,18-MAR-2020 12:34 PM,18-MAR-2020 12:00 AM,PD200318099529,L,1,2,1,0,Miami-Dade,Unincorporated,Urban,3/18/2020 12:34:00 PM,3/18/2020 12:35:00 PM,3/18/2020 12:57:00 PM,3/18/2020 2:00:00 PM,Y,Law Enforcement,VALENCIA DR,6919,,,128,North,,,County,Paved,Not at Intersection,,Daylight,Clear,Dry,N,Front to Rear,Motor Vehicle in Transport,On Roadway,N,Non-Junction,None,,,None,,,N,,,,,OFC.,Miami-Dade Police Department,Police Department (PD),4/8/2020 1:51:00 PM,4/8/2020 1:51:00 PM,21,Y,Single Vehicle,Other,Injury,Non-Incapacitating Injury,DAY,N,N,N,N,N,N,N,N,N,1,1,0,1,0,0,0,0,0,0,0,1,1,0,1,1,0,0,0,0,0,0,0,0,0,N,0,0,Y,0,0,0,0,2,400,1,200,600,1,0,0,Preliminary,Editor Mapped,585454.3797,2849710.0493,25.7629621512206,-80.1478419997617
89526071,2020,06-MAY-2020 06:06 PM,06-MAY-2020 12:00 AM,PD200506151423,L,1,2,1,0,Miami-Dade,Unincorporated,Rural,5/6/2020 6:06:00 PM,5/6/2020 6:07:00 PM,5/6/2020 6:11:00 PM,5/6/2020 8:00:00 PM,Y,Law Enforcement,SW 107TH AVE,,,,23,South,CORAL WAY,,County,Curb,Not at Intersection,,Daylight,Clear,Dry,N,Angle,Motor Vehicle in Transport,On Roadway,N,Non-Junction,None,,,None,,,N,,,,,OFC.,Miami-Dade Police Department,Police Department (PD),5/20/2020 2:02:00 PM,,14,Y,Single Vehicle,Other,Injury,Non-Incapacitating Injury,DAY,N,N,N,N,N,N,N,N,N,1,1,0,1,0,0,0,0,0,0,0,1,1,0,1,0,0,0,0,0,0,0,0,0,0,N,0,0,Y,0,0,0,0,0,0,1,1000,1000,1,0,0,Verified,n/a,563414.4156,2847770.2197,25.7465669228781,-80.3677065688072
89527010,2020,05-JUN-2020 11:40 AM,05-JUN-2020 12:00 AM,PD200604182397,L,1,2,1,0,Miami-Dade,Unincorporated,Rural,6/5/2020 11:40:00 AM,6/5/2020 11:41:00 AM,6/5/2020 11:44:00 AM,6/5/2020 1:23:00 PM,Y,Law Enforcement,NW 27TH AVE,,,,,,NW 55TH ST,,County,Paved,Not at Intersection,,Daylight,Cloudy,Wet,N,Angle,Motor Vehicle in Transport,Shoulder,N,Non-Junction,None,None,None,None,None,None,N,,,,,OFC.,Miami-Dade Police Department,Police Department (PD),7/9/2020 2:11:00 PM,,34,Y,Single Vehicle,Other,Injury,Possible Injury,DAY,N,N,N,N,N,N,N,N,N,1,1,1,0,0,0,0,0,0,0,0,1,1,0,1,0,0,0,0,0,0,0,0,0,0,N,0,0,Y,0,0,0,0,2,40,1,20,60,1,0,0,Preliminary,Computer mapped approximate by address,576081.906,2856507.4725,25.824855381578,-80.2409073685449
89529577,2020,09-JUN-2020 02:50 PM,09-JUN-2020 12:00 AM,PD200609188062,L,1,2,1,0,Miami-Dade,Unincorporated,Rural,6/9/2020 2:50:00 PM,6/9/2020 2:51:00 PM,6/9/2020 2:55:00 PM,6/9/2020 3:21:00 PM,Y,Law Enforcement,NW 27TH AVE,,,,0,,NW 56TH ST,,County,Paved,Not at Intersection,,Daylight,Clear,Dry,N,Angle,Motor Vehicle in Transport,On Roadway,N,Non-Junction,None,None,None,None,,,N,,,,,OFC.,Miami-Dade Police Department,Police Department (PD),6/22/2020 1:48:00 PM,,13,Y,Single Vehicle,Other,Injury,Non-Incapacitating Injury,DAY,N,N,N,N,N,N,N,N,N,1,1,0,1,0,0,0,0,0,0,0,1,1,0,1,0,0,0,0,0,0,0,0,0,0,N,0,0,Y,0,0,0,0,2,10,1,1,11,0,0,0,Preliminary,Computer mapped approximate by address,576076.3412,2856603.7933,25.8257253793011,-80.2409573402786
89529630,2020,18-JUN-2020 08:45 PM,18-JUN-2020 12:00 AM,PD200618198280,L,1,2,1,0,Miami-Dade,Unincorporated,Rural,6/18/2020 8:47:00 PM,6/18/2020 9:04:00 PM,6/18/2020 9:10:00 PM,6/18/2020 10:10:00 PM,Y,Law Enforcement,SW 134TH AVE,25283,,,0,,,,County,Paved,Not at Intersection,,Dark - Not Lighted,Clear,Dry,N,"Sideswipe, Same Direction",Motor Vehicle in Transport,On Roadway,N,Non-Junction,None,,,None,,,N,,,,,OFC.,Miami-Dade Police Department,Police Department (PD),8/3/2020 1:53:00 PM,8/3/2020 1:53:00 PM,46,Y,Single Vehicle,Other,Injury,Non-Incapacitating Injury,NIGHT,N,N,N,N,N,N,N,Y,N,1,1,0,1,0,0,0,0,0,0,0,1,1,0,1,0,0,0,0,0,0,0,0,0,0,N,0,0,Y,0,0,0,0,1,100,0,0,100,1,0,0,Preliminary,Editor Mapped,559413.5634,2824125.15,25.53322382608,-80.408649490451
89534382,2020,26-SEP-2020 12:42 AM,26-SEP-2020 12:00 AM,PD200926306249,L,2,2,1,66,Miami-Dade,Miami,Urban,9/26/2020 12:42:00 AM,9/26/2020 12:56:00 AM,9/26/2020 1:30:00 AM,9/26/2020 3:30:00 AM,Y,Law Enforcement,NE 16TH ST,,,,0,,NE 2ND AVE,,Local,Paved,T-Intersection,,Dark - Lighted,Clear,Dry,N,Angle,Motor Vehicle in Transport,On Roadway,N,Non-Junction,None,,,None,,,N,,,,,OFC.,Miami-Dade Police Department,Police Department (PD),10/7/2020 2:33:00 PM,10/7/2020 2:33:00 PM,11,Y,Left Entering,Left Turn,Injury,Non-Incapacitating Injury,NIGHT,N,N,N,N,N,N,N,N,N,1,1,0,1,0,0,0,0,0,0,1,1,1,0,1,0,0,0,0,0,0,0,0,0,0,N,0,0,Y,0,0,0,0,0,0,2,2000,2000,1,0,0,Preliminary,Editor Mapped,581140.6862,2852748.1356,25.7906391949939,-80.1906688985821
89535148,2020,14-AUG-2020 01:25 PM,14-AUG-2020 12:00 AM,PD200814259940,L,1,2,1,0,Miami-Dade,Unincorporated,Rural,8/14/2020 1:30:00 PM,8/14/2020 1:30:00 PM,8/14/2020 1:37:00 PM,8/14/2020 3:00:00 PM,Y,Law Enforcement,SW 82ND AVE,,,,0,,SW 104TH ST,,County,Paved,Not at Intersection,,Daylight,Clear,Dry,N,Angle,Pedalcycle,On Roadway,N,Non-Junction,None,,,None,,,N,,,,,OFC.,Miami-Dade Police Department,Police Department (PD),10/7/2020 2:33:00 PM,10/7/2020 2:33:00 PM,54,N,Bicycle,Bicycle,No Injury,No Injury,DAY,N,N,N,N,N,N,N,N,N,2,0,0,0,0,0,0,0,0,0,0,1,1,0,1,0,0,0,0,0,0,0,0,0,0,N,0,0,Y,0,0,2,0,2,200,1,5,205,0,0,0,Preliminary,Editor Mapped,567537.1503,2839709.2757,25.6735955954077,-80.3270112773557
89537057,2020,29-AUG-2020 03:46 PM,29-AUG-2020 12:00 AM,PD200829276178,L,1,2,1,0,Miami-Dade,Unincorporated,Rural,8/29/2020 3:46:00 PM,8/29/2020 3:57:00 PM,8/29/2020 4:15:00 PM,8/29/2020 5:07:00 PM,,Law Enforcement,NW 24TH AVE,,,,0,,NW 97TH ST,,Local,Paved,Four-Way Intersection,,Daylight,Clear,Dry,N,Angle,Motor Vehicle in Transport,On Roadway,N,Intersection,None,None,None,None,None,None,N,,,,,OFC.,Miami-Dade Police Department,Police Department (PD),9/21/2020 2:03:00 PM,9/21/2020 2:03:00 PM,23,Y,Single Vehicle,Other,Injury,Possible Injury,DAY,N,N,N,N,N,N,Y,N,N,0,2,2,0,0,0,0,0,0,0,0,1,1,0,1,0,0,0,0,0,0,0,0,0,0,N,0,0,Y,0,0,0,0,2,1000,1,500,1500,0,0,0,Preliminary,Editor Mapped,576327.5856,2860739.7756,25.8630570967091,-80.2382115792194
89538472,2020,13-SEP-2020 11:30 PM,13-SEP-2020 12:00 AM,PD200913293134,L,1,2,1,0,Miami-Dade,Unincorporated,Rural,9/13/2020 11:47:00 PM,9/13/2020 11:49:00 PM,9/13/2020 11:54:00 PM,9/13/2020 1:35:00 AM,,Law Enforcement,SW 216TH ST,,,,122,West,SW 119TH AVE,,County,Unpaved,Not at Intersection,,Dark - Not Lighted,Clear,Wet,N,Front to Front,Motor Vehicle in Transport,On Roadway,N,Non-Junction,None,,,None,,,N,,,,,OFC.,Miami-Dade Police Department,Police Department (PD),10/5/2020 1:56:00 PM,11/1/2020 1:50:00 PM,22,Y,Single Vehicle,Other,No Injury,No Injury,NIGHT,N,N,N,Y,N,Y,N,Y,N,2,0,0,0,0,0,0,0,0,0,0,1,1,0,1,0,0,0,0,0,0,0,0,0,0,N,0,0,Y,0,0,0,0,1,300,0,0,300,1,0,0,Preliminary,Editor Mapped,561771.1845,2827791.1697,25.5662310158124,-80.38501593539
89538566,2020,10-SEP-2020 04:12 PM,10-SEP-2020 12:00 AM,PD200910289415,L,1,3,1,0,Miami-Dade,Unincorporated,Urban,9/10/2020 4:12:00 PM,9/10/2020 4:13:00 PM,9/10/2020 4:15:00 PM,9/10/2020 5:15:00 PM,Y,Law Enforcement,NW 27TH AVE,,,,0,,NW 71ST ST,,County,Paved,Four-Way Intersection,,Daylight,Clear,Dry,N,Unknown,Motor Vehicle in Transport,On Roadway,N,Non-Junction,None,,,None,,,N,,,,,OFC.,Miami-Dade Police Department,Police Department (PD),9/18/2020 2:11:00 PM,,8,Y,Single Vehicle,Other,Serious Injury,Incapacitating Injury,DAY,N,N,N,N,N,N,N,N,N,2,1,0,0,1,0,0,0,0,0,0,1,1,0,1,0,0,1,0,0,0,0,0,0,0,N,0,0,Y,1,0,1,0,0,0,1,1500,1500,1,0,0,Verified,n/a,576025.6161,2858018.0126,25.8384973969854,-80.2413820033812
89540319,2020,10-OCT-2020 04:15 PM,10-OCT-2020 12:00 AM,PD201010322079,L,2,2,1,0,Miami-Dade,Unincorporated,Urban,10/10/2020 4:15:00 PM,10/10/2020 4:15:00 PM,10/10/2020 4:22:00 PM,10/10/2020 5:30:00 PM,,Law Enforcement,NW 18TH AVE,8037,,,108,North,,,County,Paved,Not at Intersection,,Daylight,Clear,Dry,N,Unknown,Motor Vehicle in Transport,On Roadway,N,Non-Junction,None,,,None,,,N,,,,,OFC.,Miami-Dade Police Department,Police Department (PD),10/26/2020 2:01:00 PM,10/26/2020 2:01:00 PM,16,Y,Unknown,Unknown,Injury,Possible Injury,DAY,N,N,N,N,N,Y,N,Y,N,1,1,1,0,0,0,0,0,0,0,0,1,1,0,1,0,0,0,0,0,0,0,0,0,0,N,0,0,Y,0,0,0,0,2,400,1,2000,2400,0,0,0,Preliminary,Editor Mapped,577414.3228,2859077.1044,25.8479871594157,-80.227463740119
89764151,2020,23-JUN-2020 01:45 PM,23-JUN-2020 12:00 AM,2020-014949,L,1,2,48,0,Clay,Unincorporated,Rural,6/23/2020 2:33:00 PM,6/23/2020 2:37:00 PM,6/23/2020 2:44:00 PM,6/23/2020 4:00:00 PM,Y,Law Enforcement,COUNTY  ROAD 220,,30.100326,-81.774082,673,East,COLLEGE DR,,County,Curb,Other,N,Daylight,Clear,Dry,N,,Pedestrian,On Roadway,N,Non-Junction,None,,,None,,,N,,,,,PSA,Clay County Sheriff's Office,Sheriff's Office (SO),6/27/2020 2:01:00 PM,6/27/2020 2:01:00 PM,4,Y,Pedestrian,Pedestrian,Injury,Possible Injury,DAY,N,N,N,N,N,N,N,N,N,1,1,1,0,0,0,0,0,0,0,0,1,1,0,1,0,0,0,0,0,0,0,0,0,0,N,0,0,Y,0,0,0,0,1,200,1,700,900,0,0,0,Preliminary,Editor Mapped,425415.9384,3330154.4662,30.1003206748101,-81.7740790407213
89764406,2020,18-JUL-2020 08:38 PM,18-JUL-2020 12:00 AM,2020017249,L,1,2,48,0,Clay,Unincorporated,Rural,7/18/2020 8:39:00 PM,7/18/2020 9:06:00 PM,7/18/2020 9:16:00 PM,7/18/2020 9:59:00 PM,Y,Law Enforcement,DARTMOUTH DR,,30.108281,-81.780031,243,North,SOUTHAMPTON DR,,Local,Paved,Not at Intersection,N,Dark - Lighted,Clear,Dry,N,,Pedestrian,On Roadway,N,Non-Junction,None,,,None,,,N,,,,,DEPUTY,Clay County Sheriff's Office,Sheriff's Office (SO),7/28/2020 2:20:00 PM,7/28/2020 2:20:00 PM,10,Y,Pedestrian,Pedestrian,Injury,Non-Incapacitating Injury,NIGHT,N,N,N,N,N,N,N,N,N,1,1,0,1,0,0,0,0,0,0,0,1,1,0,1,0,0,0,0,0,0,0,0,0,0,N,0,0,Y,0,0,0,0,0,0,0,0,0,1,0,0,Preliminary,Editor Mapped,424848.8156,3331039.8668,30.1082753925854,-81.7800272809596
89772088,2020,08-JAN-2020 11:09 PM,08-JAN-2020 12:00 AM,112001002496,L,1,2,10,72,Broward,Pompano Beach,Urban,1/8/2020 11:09:00 PM,1/8/2020 11:10:00 PM,1/8/2020 11:12:00 PM,1/8/2020 2:16:00 AM,Y,Law Enforcement,E ATLANTIC BLVD,,,,0,,NE 26TH AV,,Local,Curb,Four-Way Intersection,Y,Dark - Lighted,Clear,Dry,N,"Sideswipe, Same Direction",Pedalcycle,On Roadway,N,Intersection,None,,,None,,,N,,,,,,Broward County Sheriff's Office,Sheriff's Office (SO),1/28/2020 2:31:00 PM,,20,Y,Bicycle,Bicycle,Serious Injury,Incapacitating Injury,NIGHT,N,N,N,N,N,N,Y,N,N,1,1,0,0,1,0,0,0,0,0,0,1,1,0,1,0,0,0,0,0,0,0,0,0,0,N,0,0,Y,1,0,0,0,0,0,1,1000,1000,1,0,0,Verified,n/a,590102.8484,2901660.1816,26.2317278946978,-80.0979164349131
89781957,2020,18-JUL-2020 09:20 AM,18-JUL-2020 12:00 AM,072007001620,L,1,2,10,77,Broward,Tamarac,Urban,7/18/2020 9:20:00 AM,7/18/2020 9:21:00 AM,7/18/2020 9:26:00 AM,7/18/2020 9:58:00 AM,Y,Law Enforcement,LAGOS DE CAMPO BLVD,,,,0,,W MCNAB RD,,Local,Paved,Four-Way Intersection,Y,Daylight,Rain,Wet,N,Angle,Motor Vehicle in Transport,On Roadway,N,Non-Junction,None,,,None,,,N,,,,,,Broward County Sheriff's Office,Sheriff's Office (SO),7/23/2020 2:06:00 PM,7/23/2020 2:06:00 PM,5,N,Single Vehicle,Other,No Injury,No Injury,DAY,N,N,N,N,N,N,N,N,N,2,0,0,0,0,0,0,0,0,0,0,1,1,0,1,1,0,0,0,0,0,0,0,0,0,N,0,0,Y,0,0,0,0,0,0,1,100,100,0,0,0,Preliminary,Editor Mapped,574159.5537,2898965.7316,26.2083133677685,-80.2576786215922
89786546,2020,17-OCT-2020 04:38 PM,17-OCT-2020 12:00 AM,112010005182,L,1,3,10,72,Broward,Pompano Beach,Urban,10/17/2020 4:38:00 PM,10/17/2020 4:38:00 PM,10/17/2020 4:48:00 PM,10/17/2020 5:30:00 PM,Y,Law Enforcement,NE 33RD ST,,,,5,West,N DIXIE HWY,,Local,Paved,Not at Intersection,N,Daylight,Clear,Dry,N,Other,Pedalcycle,On Roadway,N,Non-Junction,None,,,None,,,N,,,,,,Broward County Sheriff's Office,Sheriff's Office (SO),11/9/2020 7:08:00 PM,,23,Y,Bicycle,Bicycle,Injury,Non-Incapacitating Injury,DAY,N,N,N,N,N,N,N,N,N,2,1,0,1,0,0,0,0,0,0,0,1,1,0,1,0,0,1,0,0,0,0,0,0,0,N,0,0,Y,0,0,0,0,1,75,0,0,75,1,0,0,Verified,n/a,586784.9906,2894649.5545,26.1686366109907,-80.1316004268038
89787162,2020,29-OCT-2020 03:35 PM,29-OCT-2020 12:00 AM,112010008968,L,1,2,10,72,Broward,Pompano Beach,Urban,10/29/2020 3:35:00 PM,10/29/2020 3:38:00 PM,10/29/2020 3:45:00 PM,10/29/2020 4:16:00 PM,Y,Law Enforcement,S FEDERAL HWY,,,,32,South,E ATLANTIC BLVD,,State,Paved,Not at Intersection,N,Daylight,Clear,Dry,N,Other,Pedestrian,Off Roadway,N,Driveway/Alley Access Related,None,,,None,,,N,,,,,,Broward County Sheriff's Office,Sheriff's Office (SO),11/9/2020 7:06:00 PM,11/9/2020 7:06:00 PM,11,Y,Pedestrian,Pedestrian,Injury,Non-Incapacitating Injury,DAY,N,N,N,N,N,N,N,N,N,1,1,0,1,0,0,0,0,0,0,0,1,1,0,1,0,0,0,0,0,0,0,0,0,0,N,0,0,Y,0,0,0,0,0,0,0,0,0,0,0,0,Preliminary,Editor Mapped,589612.2941,2901644.0658,26.2316131337349,-80.1028283559674
89835451,2020,07-MAR-2020 12:00 PM,12-MAR-2020 12:00 AM,2002739,L,1,2,24,0,St. Lucie,Unincorporated,Rural,3/7/2020 12:01:00 PM,3/7/2020 12:02:00 PM,3/7/2020 12:05:00 PM,3/7/2020 1:00:00 PM,Y,Law Enforcement,S US HIGHWAY 1,7576,,,,,,,Parking Lot,Curb,Not at Intersection,Y,Daylight,Clear,Dry,N,Other,Pedalcycle,On Roadway,N,Non-Junction,None,,,None,,,N,,,,,DEPUTY,St. Lucie County Sheriff's Office,Sheriff's Office (SO),3/18/2020 2:36:00 PM,3/18/2020 2:36:00 PM,11,Y,Bicycle,Bicycle,Injury,Non-Incapacitating Injury,DAY,N,N,N,N,N,N,N,N,N,1,1,0,1,0,0,0,0,0,0,0,1,1,0,1,1,0,0,0,0,0,0,0,0,0,N,0,0,Y,0,0,0,0,0,0,1,200,200,1,0,0,Preliminary,Editor Mapped,567280.8352,3023032.154,27.3287557985049,-80.319889925906
89851630,2020,26-SEP-2020 05:08 PM,05-OCT-2020 12:00 AM,MP200057951,L,2,2,19,42,Brevard,Melbourne,Urban,9/26/2020 5:08:00 PM,9/26/2020 5:09:00 PM,9/26/2020 5:11:00 PM,9/26/2020 6:30:00 PM,Y,Law Enforcement,HIGHWAY A1A N,,28.123473,-80.577125,286,South,PARADISE BLVD,,County,Curb,Not at Intersection,N,Daylight,Clear,Dry,N,Front to Rear,Motor Vehicle in Transport,On Roadway,N,Non-Junction,None,,,None,,,N,,,,,OFFICER,Melbourne Police Department,Police Department (PD),9/29/2020 2:21:00 PM,10/8/2020 2:18:00 PM,3,Y,Rear End,Rear End,Injury,Non-Incapacitating Injury,DAY,N,N,N,N,N,Y,N,Y,N,0,1,0,1,0,0,0,0,0,0,1,1,1,0,1,0,0,0,0,0,0,0,0,0,0,N,0,0,Y,0,0,0,0,0,0,2,2050,2050,1,0,0,Verified,n/a,541540.5273,3110964.2214,28.1235787365653,-80.5770261389573
89858731,2020,19-MAR-2020 09:50 AM,19-MAR-2020 10:01 AM,SAPD20CAD009611,S,1,2,20,50,St. Johns,St. Augustine,Urban,3/19/2020 9:53:00 AM,3/19/2020 9:55:00 AM,3/19/2020 9:56:00 AM,3/19/2020 10:19:00 AM,Y,Law Enforcement,RIBERIA STREET,,29.89151,-81.31839,0,,KING STREET,,State,Curb,Four-Way Intersection,Y,Daylight,Clear,Dry,N,Angle,Pedalcycle,On Roadway,Y,Intersection,None,,,None,,,N,,,,,PATROLMAN,St. Augustine Police Department,Police Department (PD),3/20/2020 2:15:00 PM,,1,N,Bicycle,Bicycle,No Injury,No Injury,DAY,N,N,N,N,N,N,Y,N,N,2,0,0,0,0,0,0,0,0,0,0,1,1,0,1,1,0,0,0,0,0,0,0,0,0,N,0,0,Y,0,0,0,0,0,0,1,250,250,0,0,0,Preliminary,Computer plot approximate by lat/long,469260.8312,3306808.0251,29.8915242880725,-81.3183668801465
89864676,2020,16-FEB-2020 12:30 PM,16-FEB-2020 12:00 AM,20-62716,L,1,2,64,54,Collier,North Naples,Urban,2/16/2020 12:30:00 PM,2/16/2020 1:04:00 PM,2/16/2020 1:09:00 PM,2/16/2020 1:45:00 PM,Y,Law Enforcement,AIRPORT PULLING RD N,,26.208882,-81.768345,650,North,PINE RIDGE RD,,County,Paved,Four-Way Intersection,N,Daylight,Clear,Dry,N,,Other Non-Fixed Object,On Roadway,N,Intersection,None,,,None,,,N,,,,,CPL,Collier County Sheriff's Office,Sheriff's Office (SO),2/17/2020 2:13:00 PM,2/17/2020 2:13:00 PM,1,Y,Single Vehicle,Other,Injury,Possible Injury,DAY,N,N,N,N,N,N,Y,N,N,1,1,1,0,0,0,0,0,0,0,0,1,1,0,1,0,0,0,0,0,0,0,0,0,0,N,0,0,Y,0,0,0,0,0,0,1,2000,2000,1,0,0,Preliminary,Editor Mapped,423241.8122,2899025.7893,26.2087190076192,-81.7683348755071
89868278,2020,13-AUG-2020 12:35 PM,13-AUG-2020 12:00 AM,20-317891,L,1,2,64,0,Collier,Unincorporated,Rural,8/13/2020 12:39:00 PM,8/13/2020 12:40:00 PM,8/13/2020 12:40:00 PM,8/13/2020 1:00:00 PM,Y,Law Enforcement,AIRPORT-PULLING RD,3785,26.192825,-81.768088,419,North,,,Parking Lot,Curb,Not at Intersection,N,Daylight,Clear,Dry,N,,Pedalcycle,Off Roadway,N,Through Roadway,None,,,None,,,N,,,,,SERGEANT,Collier County Sheriff's Office,Sheriff's Office (SO),8/15/2020 2:03:00 PM,8/15/2020 2:03:00 PM,2,N,Bicycle,Bicycle,No Injury,No Injury,DAY,N,N,N,Y,N,N,N,N,N,2,0,0,0,0,0,0,0,0,0,0,1,1,0,1,1,0,0,0,0,0,0,0,0,0,N,0,0,Y,0,0,0,0,0,0,1,100,100,1,0,0,Preliminary,Editor Mapped,423257.0515,2897264.6573,26.1928189235226,-81.7680780056351
89868586,2020,26-AUG-2020 09:55 PM,26-AUG-2020 12:00 AM,20-339871,L,1,4,64,0,Collier,Unincorporated,Rural,8/26/2020 9:55:00 PM,8/26/2020 9:56:00 PM,8/26/2020 9:59:00 PM,8/26/2020 10:33:00 PM,Y,Law Enforcement,GOLDEN GATE PKWY,5065,26.179536,-81.708406,,,,,Parking Lot,Paved,Not at Intersection,Y,Dark - Lighted,Clear,Dry,N,,Pedestrian,In Parking Lane or Zone,N,Non-Junction,None,,,None,,,N,,,,,DEPUTY,Collier County Sheriff's Office,Sheriff's Office (SO),8/29/2020 2:07:00 PM,8/29/2020 2:07:00 PM,3,Y,Pedestrian,Pedestrian,Injury,Possible Injury,NIGHT,N,N,N,Y,N,N,N,N,N,3,1,1,0,0,0,0,0,0,0,0,1,1,0,1,0,1,2,0,0,0,0,0,0,0,N,0,0,Y,0,0,0,0,0,0,1,100,100,0,0,0,Preliminary,Editor Mapped,429211.6994,2895759.7803,26.1795372904996,-81.7084028254681
89870447,2020,13-NOV-2020 02:09 PM,13-NOV-2020 12:00 AM,20-439732,L,1,2,64,52,Collier,Naples,Urban,11/13/2020 2:09:00 PM,11/13/2020 2:09:00 PM,11/13/2020 2:22:00 PM,11/13/2020 3:00:00 PM,Y,Law Enforcement,E TAMIAMI TRL,4934,26.106478,-81.747764,,,,,Parking Lot,Curb,Not at Intersection,N,Daylight,Clear,Dry,N,,Pedestrian,In Parking Lane or Zone,N,Non-Junction,None,,,None,,,N,,,,,CSD,Collier County Sheriff's Office,Sheriff's Office (SO),11/17/2020 2:53:00 PM,11/17/2020 2:53:00 PM,4,Y,Pedestrian,Pedestrian,Injury,Possible Injury,DAY,N,N,N,N,N,N,N,N,N,1,1,1,0,0,0,0,0,0,0,0,1,1,0,1,0,0,0,0,0,0,0,0,0,0,N,0,0,Y,0,0,0,0,0,0,1,0,0,0,0,0,Preliminary,Editor Mapped,425232.0966,2887689.8427,26.106473038068,-81.7477610489025
89878546,2020,20-FEB-2020 07:12 AM,20-FEB-2020 12:00 AM,20003426,S,1,5,18,41,Lee,Cape Coral,Urban,2/20/2020 7:12:00 AM,2/20/2020 7:30:00 AM,2/20/2020 7:37:00 AM,2/20/2020 8:23:00 AM,Y,Law Enforcement,SE 4TH ST,,,,0,,SE 7TH PL,,Local,Unpaved,T-Intersection,Y,Daylight,Cloudy,Dry,N,Front to Rear,Pedalcycle,On Roadway,N,Intersection-Related,None,,,None,,,N,,,,,POLICE OFFICER,Cape Coral Police Department,Police Department (PD),2/22/2020 2:11:00 PM,,2,N,Bicycle,Bicycle,No Injury,No Injury,DAY,N,N,N,Y,N,N,Y,N,N,5,0,0,0,0,0,0,0,0,0,0,2,2,0,1,0,0,2,0,0,0,0,0,0,0,N,0,0,Y,0,0,0,0,0,0,1,200,200,0,0,0,Preliminary,Computer mapped confident by address,404487.577,2947469.3756,26.6449451531847,-81.9596568167555
89883517,2020,26-FEB-2020 08:25 AM,26-FEB-2020 12:00 AM,20042586,L,1,3,6,0,Palm Beach,Unincorporated,Urban,2/26/2020 8:25:00 AM,2/26/2020 8:28:00 AM,2/26/2020 8:31:00 AM,2/26/2020 8:57:00 AM,N,Law Enforcement,COMMUNITY DRIVE,,,,44,West,27TH COURT NORTH,,Local,Paved,T-Intersection,Y,Daylight,Clear,Dry,N,Front to Front,Pedalcycle,Shoulder,N,Intersection,None,,,None,,,N,,,,,DS,Palm Beach County Sheriff's Office,Sheriff's Office (SO),2/29/2020 2:15:00 PM,2/29/2020 2:15:00 PM,3,Y,Bicycle,Bicycle,Injury,Possible Injury,DAY,N,N,N,N,N,Y,Y,N,N,2,1,1,0,0,0,0,0,0,0,0,2,2,0,1,0,0,0,0,0,0,0,0,0,0,N,0,0,Y,0,0,0,0,0,0,0,0,0,0,0,0,Preliminary,Editor Mapped,589277.3606,2955855.0438,26.7210590736349,-80.1023905805927
89885296,2020,31-JAN-2020 05:14 PM,31-JAN-2020 12:00 AM,20032718,S,1,2,6,42,Palm Beach,Greenacres,Urban,1/31/2020 5:14:00 PM,1/31/2020 5:20:00 PM,1/31/2020 5:20:00 PM,1/31/2020 6:00:00 PM,Y,Law Enforcement,S.R. 802 (LAKE WORTH RD),,,,,,S MILITARY TRL,,State,Curb,Not at Intersection,N,Daylight,Clear,Dry,N,Angle,Motor Vehicle in Transport,Off Roadway,N,Driveway/Alley Access Related,None,,,None,,,N,,,,,CSA,Palm Beach County Sheriff's Office,Sheriff's Office (SO),2/3/2020 2:01:00 PM,,3,N,Single Vehicle,Other,No Injury,No Injury,DAY,N,N,N,N,N,N,N,N,N,2,0,0,0,0,0,0,0,0,0,0,1,1,0,1,0,0,0,0,0,0,0,0,0,0,N,0,0,Y,0,0,0,0,1,250,1,350,600,0,0,0,Preliminary,Computer mapped approximate by address,588240.5418,2944489.2599,26.6185151213361,-80.1136074096471
89885916,2020,25-AUG-2020 05:44 PM,25-AUG-2020 12:00 AM,20100762,L,1,2,6,86,Palm Beach,Royal Palm Beach,Urban,8/25/2020 5:44:00 PM,8/25/2020 5:44:00 PM,8/25/2020 5:47:00 PM,8/25/2020 6:15:00 PM,Y,Law Enforcement,MARTIN CIR,202,,,318,South,,,Local,Unpaved,Not at Intersection,N,Daylight,Clear,Dry,N,Other,Pedestrian,In Parking Lane or Zone,N,Non-Junction,None,,,None,,,N,,,,,D/S,Palm Beach County Sheriff's Office,Sheriff's Office (SO),8/29/2020 2:07:00 PM,8/29/2020 2:07:00 PM,4,Y,Pedestrian,Pedestrian,Injury,Possible Injury,DAY,N,N,N,N,N,N,N,N,N,1,1,1,0,0,0,0,0,0,0,0,1,1,0,1,0,0,0,0,0,0,0,0,0,0,N,0,0,Y,0,0,0,0,0,0,0,0,0,0,0,0,Preliminary,Editor Mapped,578502.069,2953973.1379,26.7047130010654,-80.2108354676985
89903415,2020,23-MAY-2020 11:05 AM,23-MAY-2020 12:00 AM,2020-2626,L,1,2,28,70,Pasco,Zephyrhills,Urban,5/23/2020 11:06:00 AM,5/23/2020 11:07:00 AM,5/23/2020 11:09:00 AM,5/23/2020 1:10:00 PM,Y,Law Enforcement,EILAND BLVD,,28.25179,-82.188397,0,West,GALL BLVD,,U.S.,Curb,Four-Way Intersection,Y,Daylight,Clear,Dry,N,,Pedalcycle,On Roadway,N,Intersection-Related,None,,,None,,,N,,,,,PATROLMAN,Zephyrhills Police Department,Police Department (PD),6/6/2020 2:51:00 PM,,14,Y,Bicycle,Bicycle,Serious Injury,Incapacitating Injury,DAY,N,N,N,N,N,N,Y,N,N,1,1,0,0,1,0,0,0,0,0,0,1,1,0,1,1,0,0,0,0,0,0,0,0,0,N,0,0,Y,1,0,1,0,0,0,1,500,500,0,0,1,Verified,n/a,383452.7829,3125664.8656,28.2517709463406,-82.1880818667203
89904318,2020,29-FEB-2020 01:03 PM,29-FEB-2020 12:00 AM,CW20-30895,S,1,3,4,36,Pinellas,Clearwater,Urban,2/29/2020 1:06:00 PM,2/29/2020 1:08:00 PM,2/29/2020 1:10:00 PM,2/29/2020 2:00:00 PM,Y,Law Enforcement,SUNSET POINT RD,,27.989976,-82.741177,4,East,ATLANTIS DR,,Local,Curb,Not at Intersection,N,Daylight,Clear,Dry,N,,Pedalcycle,On Roadway,N,Non-Junction,None,,,None,,,N,,,,,OFC.,Clearwater Police Department,Police Department (PD),3/5/2020 2:42:00 PM,,5,N,Bicycle,Bicycle,No Injury,No Injury,DAY,N,N,N,N,N,N,N,N,N,3,0,0,0,0,0,0,0,0,0,0,1,1,0,1,0,0,1,0,0,0,0,0,0,0,N,0,0,Y,0,0,1,0,0,0,0,0,0,0,0,0,Preliminary,Officer Mapped,328772.6941,3097312.6603,27.989970748907,-82.7411738505539
89905317,2020,03-JUL-2020 12:26 PM,03-JUL-2020 12:00 AM,CW20-93607,L,1,3,4,36,Pinellas,Clearwater,Urban,7/3/2020 12:26:00 PM,7/3/2020 12:27:00 PM,7/3/2020 12:35:00 PM,7/3/2020 1:34:00 PM,Y,Law Enforcement,MANDALAY AVE,397,27.978512,-82.827532,,,,,Parking Lot,Curb,Not at Intersection,N,Daylight,Clear,Dry,N,,Pedestrian,Off Roadway,N,Intersection-Related,None,,,None,,,N,,,,,OFFICER,Clearwater Police Department,Police Department (PD),7/7/2020 2:21:00 PM,7/7/2020 2:21:00 PM,4,Y,Pedestrian,Pedestrian,Injury,Non-Incapacitating Injury,DAY,N,N,N,N,N,N,Y,N,N,2,1,0,1,0,0,0,0,0,0,0,1,1,0,1,0,0,1,0,0,0,0,0,0,0,N,0,0,Y,0,0,0,0,0,0,0,0,0,1,0,0,Preliminary,Editor Mapped,320260.6333,3096165.9875,27.978501705432,-82.8275215846549
89905681,2020,11-AUG-2020 04:24 PM,12-AUG-2020 12:00 AM,CW20-110246,S,1,2,4,36,Pinellas,Clearwater,Urban,8/11/2020 4:24:00 PM,8/11/2020 4:25:00 PM,8/11/2020 4:32:00 PM,8/11/2020 5:20:00 PM,Y,Law Enforcement,S PROSPECT AVE,,27.955421,-82.794342,0,,MAGNOLIA DR,,Local,Paved,Four-Way Intersection,N,Daylight,Clear,Dry,N,,Pedestrian,On Roadway,Y,Intersection,None,,,None,,,N,,,,,OFFICER,Clearwater Police Department,Police Department (PD),8/14/2020 2:12:00 PM,,3,N,Pedestrian,Pedestrian,No Injury,No Injury,DAY,N,N,N,N,N,N,Y,N,N,2,0,0,0,0,0,0,0,0,0,0,1,1,0,1,0,0,0,0,0,0,0,0,0,0,N,0,0,Y,0,0,2,0,1,500,0,0,500,0,0,0,Preliminary,Officer Mapped,323487.2957,3093559.5468,27.9554159538994,-82.7943381721428
89906359,2020,28-OCT-2020 04:15 PM,28-OCT-2020 12:00 AM,CW20-142424,S,1,2,4,36,Pinellas,Clearwater,Urban,10/28/2020 4:18:00 PM,10/28/2020 4:19:00 PM,10/28/2020 4:26:00 PM,10/28/2020 5:00:00 PM,Y,Law Enforcement,N BELCHER RD,,27.98965,-82.745122,68,South,SUNSET POINT RD,,Local,Curb,Not at Intersection,N,Daylight,Cloudy,Dry,N,,Pedestrian,On Roadway,N,Non-Junction,None,,,None,,,N,,,,,OFFICER,Clearwater Police Department,Police Department (PD),10/31/2020 2:37:00 PM,,3,N,Pedestrian,Pedestrian,No Injury,No Injury,DAY,N,N,N,Y,N,N,N,N,N,2,0,0,0,0,0,0,0,0,0,0,1,1,0,1,0,0,0,0,0,0,0,0,0,0,N,0,0,Y,0,0,1,0,0,0,0,0,0,0,0,0,Preliminary,Officer Mapped,328384.2372,3097282.1222,27.9896451378514,-82.7451180531741
89910660,2020,19-JUL-2020 11:42 AM,19-JUL-2020 12:00 AM,20-057639,L,1,2,16,0,Sarasota,Unincorporated,Rural,7/19/2020 11:44:00 AM,7/19/2020 11:45:00 AM,7/19/2020 11:52:00 AM,7/19/2020 12:38:00 PM,Y,Law Enforcement,BEE RIDGE ROAD,3623,27.298661,-82.496743,,,,,Parking Lot,Curb,Not at Intersection,N,Daylight,Clear,Dry,N,,Pedalcycle,Off Roadway,N,Driveway/Alley Access Related,None,,,None,,,N,,,,,DEP,Sarasota County Sheriff's Office,Sheriff's Office (SO),7/23/2020 2:06:00 PM,7/23/2020 2:06:00 PM,4,Y,Bicycle,Bicycle,No Injury,No Injury,DAY,N,N,N,N,N,Y,N,Y,N,1,0,0,0,0,0,0,0,0,0,0,1,1,0,1,0,0,0,0,0,0,0,0,0,0,N,0,0,Y,0,0,0,0,0,0,0,0,0,0,0,0,Preliminary,Editor Mapped,351885.1377,3020402.2006,27.298655623805,-82.4967400779584
89910870,2020,05-AUG-2020 03:32 PM,05-AUG-2020 12:00 AM,20-062791,L,1,3,16,0,Sarasota,Unincorporated,Rural,8/5/2020 5:12:00 PM,8/5/2020 3:32:00 PM,8/5/2020 3:45:00 PM,8/5/2020 4:46:00 PM,N,Law Enforcement,NORTHGATE BLVD,,27.372037,-82.531795,272,West,N WASHINGTON BLVD,,County,Paved,Not at Intersection,N,Daylight,Clear,Dry,N,,Parked Motor Vehicle,On Roadway,N,Non-Junction,None,,,None,,,N,,,,,DEP,Sarasota County Sheriff's Office,Sheriff's Office (SO),8/7/2020 2:09:00 PM,8/7/2020 2:09:00 PM,2,Y,Single Vehicle,Other,Injury,Non-Incapacitating Injury,DAY,N,N,N,N,N,Y,N,N,N,1,1,0,1,0,0,0,0,0,0,0,2,2,0,1,0,0,0,0,0,0,0,0,0,0,N,0,0,Y,0,0,0,0,0,0,0,0,0,0,0,0,Preliminary,Editor Mapped,348516.0494,3028580.6688,27.3720971805005,-82.5317904243159
89913772,2020,17-NOV-2020 08:01 AM,17-NOV-2020 12:00 AM,2011-008024,L,1,2,53,54,Charlotte,Port Charlotte,Urban,11/17/2020 8:03:00 AM,11/17/2020 8:05:00 AM,11/17/2020 8:10:00 AM,11/17/2020 8:40:00 AM,Y,Law Enforcement,EDGEWATER DR,,26.973432,-82.12365,0,,LAKE VIEW BLVD,,Local,Paved,Roundabout,N,Daylight,Clear,Dry,N,,Other Non-Fixed Object,On Roadway,N,Intersection-Related,None,,,None,,,N,,,,,DEPUTY FIRST CLASS,Charlotte County Sheriff's Office,Sheriff's Office (SO),11/18/2020 2:54:00 PM,11/18/2020 2:54:00 PM,1,Y,Single Vehicle,Other,Injury,Possible Injury,DAY,N,N,N,N,N,N,Y,N,N,1,1,1,0,0,0,0,0,0,0,0,1,1,0,1,0,0,0,0,0,0,0,0,0,0,N,0,0,Y,0,0,1,0,1,400,1,1000,1400,1,0,0,Preliminary,Editor Mapped,388486.6511,2983987.9221,26.9734257925666,-82.12364769986
89917799,2020,01-JUN-2020 11:07 AM,01-JUN-2020 12:00 AM,20200008726,L,1,2,6,94,Palm Beach,West Palm Beach,Urban,6/1/2020 11:07:00 AM,6/1/2020 11:09:00 AM,6/1/2020 11:15:00 AM,6/1/2020 12:20:00 PM,Y,Law Enforcement,N TAMARIND AVE,,,,93,South,17TH ST,,Local,Curb,Not at Intersection,N,Daylight,Clear,Dry,N,Angle,Pedalcycle,On Roadway,N,Driveway/Alley Access Related,None,,,None,,,N,,,,,COMMUNITY SERVICE AIDE,West Palm Beach Police Department,Police Department (PD),6/6/2020 2:51:00 PM,6/6/2020 2:51:00 PM,5,Y,Bicycle,Bicycle,Injury,Non-Incapacitating Injury,DAY,N,N,N,N,N,N,N,N,N,1,1,0,1,0,0,0,0,0,0,0,1,1,0,1,0,0,0,0,0,0,0,0,0,0,N,0,0,Y,0,0,0,0,0,0,1,1500,1500,1,0,0,Preliminary,Editor Mapped,593372.1756,2956862.0604,26.7298837466654,-80.0611503699038
89929693,2020,21-APR-2020 11:26 AM,21-APR-2020 12:00 AM,2020006162,L,1,2,1,57,Miami-Dade,Miami Gardens,Urban,4/21/2020 11:26:00 AM,4/21/2020 11:28:00 AM,4/21/2020 11:31:00 AM,4/21/2020 11:53:00 AM,Y,Law Enforcement,NW 207TH ST,,,,3,West,NW 2ND AVE,,Local,Curb,Four-Way Intersection,N,Daylight,Clear,Dry,N,Angle,Other Non-Fixed Object,On Roadway,N,Non-Junction,None,,,None,,,N,,,,,COMMUNITY SERVICE AIDE,Miami Gardens Police Department,Police Department (PD),4/28/2020 2:12:00 PM,,7,N,Single Vehicle,Other,No Injury,No Injury,DAY,N,N,N,N,N,N,N,N,N,2,0,0,0,0,0,0,0,0,0,0,1,1,0,1,0,0,0,0,0,0,0,0,0,0,N,0,0,Y,0,0,0,0,0,0,1,1000,1000,0,0,0,Verified,n/a,579501.2771,2872096.5622,25.965428964257,-80.2058523107874
89946716,2020,29-MAY-2020 12:51 PM,29-MAY-2020 12:59 PM,359737,L,1,4,2,38,Duval,Jacksonville,Urban,5/29/2020 12:53:00 PM,5/29/2020 12:55:00 PM,5/29/2020 12:58:00 PM,5/29/2020 2:04:00 PM,Y,Law Enforcement,COLLINS RD BUILDING 9,5620,30.194427,-81.729611,,,,,Parking Lot,Curb,Not at Intersection,N,Daylight,Cloudy,Dry,N,Angle,Other Non-Fixed Object,In Parking Lane or Zone,N,Non-Junction,None,,,None,,,N,,,,,CSO,Jacksonville Sheriff's Office,Sheriff's Office (SO),5/30/2020 1:55:00 PM,5/30/2020 1:55:00 PM,1,Y,Single Vehicle,Other,Injury,Non-Incapacitating Injury,DAY,N,N,N,N,N,N,N,N,N,3,1,0,1,0,0,0,0,0,0,0,1,1,0,1,0,0,2,0,0,0,0,0,0,0,N,0,0,Y,0,0,0,0,0,0,1,250,250,1,0,0,Preliminary,Editor Mapped,429929.3784,3340809.7794,30.1967383943227,-81.7279447139622
89966097,2020,21-DEC-2020 06:10 PM,21-DEC-2020 12:00 AM,2020-576131,L,1,2,3,50,Hillsborough,Tampa,Urban,12/21/2020 6:16:00 PM,12/21/2020 6:18:00 PM,12/21/2020 6:21:00 PM,12/21/2020 7:20:00 PM,Y,Law Enforcement,W SWANN AVE,,27.937321,-82.478845,11,East,S FREMONT AVE,,Local,Curb,Not at Intersection,N,Dark - Lighted,Clear,Dry,N,,Pedalcycle,On Roadway,N,Non-Junction,None,,,None,,,N,,,,,OFFICER,Tampa Police Department,Police Department (PD),12/28/2020 2:01:00 PM,12/28/2020 2:01:00 PM,7,Y,Bicycle,Bicycle,Injury,Non-Incapacitating Injury,DAY,N,N,N,N,N,N,N,N,N,1,1,0,1,0,0,0,0,0,0,0,1,1,0,1,0,0,0,0,0,0,0,0,0,0,N,0,0,Y,0,0,1,0,0,0,1,500,500,1,0,0,Preliminary,Editor Mapped,354503.5349,3091137.522,27.9373080497327,-82.4788399158337
89966370,2020,29-DEC-2020 06:14 PM,29-DEC-2020 12:00 AM,2020-586128,L,1,2,3,50,Hillsborough,Tampa,Urban,12/29/2020 6:14:00 PM,12/29/2020 6:18:00 PM,12/29/2020 6:25:00 PM,12/29/2020 6:40:00 PM,Y,Law Enforcement,E 109TH AVE,,28.047209,-82.42628,0,,N 30TH ST,,Local,Curb,Four-Way Intersection,N,Dark - Lighted,Clear,Dry,N,,Pedestrian,On Roadway,N,Intersection,None,,,None,,,N,,,,,OFC,Tampa Police Department,Police Department (PD),1/5/2021 2:37:00 PM,1/5/2021 2:37:00 PM,7,Y,Pedestrian,Pedestrian,No Injury,No Injury,DAY,N,N,N,N,N,Y,Y,N,N,2,0,0,0,0,0,0,0,0,0,0,1,1,0,1,0,0,0,0,0,0,0,0,0,0,N,0,0,Y,0,0,1,0,0,0,1,1,1,0,0,0,Preliminary,Editor Mapped,359817.9423,3103251.9297,28.0472040335176,-82.42627625634
89995910,2020,28-DEC-2020 08:40 AM,28-DEC-2020 12:00 AM,282012035788,L,1,2,10,40,Broward,Hallandale Beach,Urban,12/28/2020 8:45:00 AM,12/28/2020 8:45:00 AM,12/28/2020 8:50:00 AM,12/28/2020 10:30:00 AM,Y,Law Enforcement,N FEDERAL HWY,,,,0,,MOFFETT ST,,U.S.,Curb,Four-Way Intersection,Y,Daylight,Clear,Wet,N,Other,Pedalcycle,On Roadway,N,Non-Junction,None,,,None,,,N,,,,,OFFICER,Hallandale Beach Police Department,Police Department (PD),1/5/2021 2:36:00 PM,7/21/2021 1:45:00 PM,8,Y,Bicycle,Bicycle,Injury,Possible Injury,DAY,N,N,N,N,N,N,N,N,N,1,1,1,0,0,0,0,0,0,0,0,1,1,0,1,0,0,0,0,0,0,0,0,0,0,N,0,0,Y,0,0,0,0,0,0,1,10000,10000,1,0,0,Verified,n/a,585802.7953,2875605.9131,25.9967554550295,-80.142681328722
89997168,2020,04-SEP-2020 09:00 AM,04-SEP-2020 12:00 AM,20-007737,L,1,2,19,46,Brevard,Palm Bay,Urban,9/4/2020 9:04:00 AM,9/4/2020 9:10:00 AM,9/4/2020 9:15:00 AM,9/4/2020 10:00:00 AM,Y,Law Enforcement,BABCOCK ST NE,5200,28.020379,-80.622245,0,,PAR ST NE,,County,Paved,T-Intersection,N,Daylight,Clear,Dry,N,,Other Non-Collision,On Roadway,N,Intersection-Related,None,,,None,,,N,,,,,OFFICER,Palm Bay Police Department,Police Department (PD),9/7/2020 1:53:00 PM,9/7/2020 1:53:00 PM,3,Y,Single Vehicle,Other,Injury,Non-Incapacitating Injury,DAY,N,N,N,N,N,N,Y,N,N,1,1,0,1,0,0,0,0,0,0,0,1,1,0,1,0,0,0,0,0,0,0,0,0,0,N,0,0,Y,0,0,0,0,0,0,1,200,200,0,0,0,Preliminary,Editor Mapped,537135.3143,3099516.8362,28.0203741677243,-80.6222416802636
90109403,2020,19-JUN-2020 02:03 PM,19-JUN-2020 12:00 AM,2020-00093891,L,1,2,13,50,Leon,Tallahassee,Urban,6/19/2020 2:03:00 PM,6/19/2020 2:00:00 PM,6/19/2020 2:13:00 PM,6/19/2020 2:13:00 PM,Y,Law Enforcement,KESTNER ST,,30.42149,-84.280657,5,West,S MONROE ST,,Local,Paved,Four-Way Intersection,N,Daylight,Clear,Dry,N,,Pedestrian,On Roadway,N,Intersection-Related,None,,,None,,,N,,,,,OFFICER,Tallahassee Police Department,Police Department (PD),6/22/2020 1:48:00 PM,,3,Y,Pedestrian,Pedestrian,No Injury,No Injury,DAY,N,N,N,N,N,Y,Y,N,N,1,0,0,0,0,0,0,0,0,0,0,1,1,0,1,0,0,0,0,0,0,0,0,0,0,N,0,0,Y,0,0,0,0,0,0,0,0,0,1,0,0,Verified,n/a,184851.0675,3370060.4113,30.4214661964986,-84.280638689194
90128019,2020,25-OCT-2020 07:29 PM,25-OCT-2020 12:00 AM,2010250060306,L,1,2,1,66,Miami-Dade,Miami,Urban,10/25/2020 7:29:00 PM,10/25/2020 7:31:00 PM,10/25/2020 7:35:00 PM,10/25/2020 8:15:00 PM,Y,Law Enforcement,SW 18TH AVE,,25.771788,-80.224788,29,South,SW 1ST ST,,Local,Curb,Four-Way Intersection,N,Dusk,Clear,Wet,N,,Pedalcycle,On Roadway,N,Intersection,None,,,None,,,N,,,,,OFFICER,Miami Police Department,Police Department (PD),10/28/2020 2:20:00 PM,10/28/2020 2:20:00 PM,3,Y,Bicycle,Bicycle,Injury,Possible Injury,NIGHT,N,N,N,N,N,N,Y,N,N,1,1,1,0,0,0,0,0,0,0,0,1,1,0,1,0,0,0,0,0,0,0,0,0,0,N,0,0,Y,0,0,1,0,0,0,1,500,500,1,0,0,Preliminary,Editor Mapped,577732.8701,2850634.5401,25.7717400486516,-80.224781409532
24018175,2021,08-DEC-2021 11:11 AM,08-DEC-2021 12:00 AM,332112202446,L,1,1,10,44,Broward,Hollywood,Urban,12/8/2021 11:11:00 AM,12/8/2021 11:12:00 AM,12/8/2021 11:19:00 AM,12/8/2021 1:15:00 PM,Y,Law Enforcement,GRIFFIN RD,,,,38,East,SW 40TH AV,,State,Curb,Not at Intersection,N,Daylight,Clear,Dry,N,"Sideswipe, Same Direction",Motor Vehicle in Transport,On Roadway,N,Non-Junction,None,,,None,,,N,,,,,OFFICER,Hollywood Police Department,Police Department (PD),12/11/2021 1:34:00 PM,12/11/2021 1:34:00 PM,3,Y,Single Vehicle,Other,Injury,Possible Injury,DAY,N,N,N,N,N,Y,N,Y,N,0,1,1,0,0,0,0,0,0,0,0,1,1,0,0,0,0,0,0,0,0,0,0,0,0,N,0,0,Y,0,0,0,0,1,30,0,0,30,0,0,0,Preliminary,Editor Mapped,580066.1804,2882879.9021,26.0627602330035,-80.1995498563531
24018185,2021,08-DEC-2021 06:29 PM,08-DEC-2021 12:00 AM,332112202751,L,1,2,10,44,Broward,Hollywood,Urban,12/8/2021 6:29:00 PM,12/8/2021 6:29:00 PM,12/8/2021 6:39:00 PM,12/8/2021 6:50:00 PM,Y,Law Enforcement,BUCHANAN ST,,,,0,,N FEDERAL HWY,,Local,Curb,Four-Way Intersection,N,Dark - Lighted,Clear,Dry,N,Other,Pedalcycle,On Roadway,N,Intersection,None,,,None,,,N,,,,,COMMUNITY SERVICE OFFICER,Hollywood Police Department,Police Department (PD),12/14/2021 1:53:00 PM,12/14/2021 1:53:00 PM,6,Y,Bicycle,Bicycle,Injury,Possible Injury,DAY,N,N,N,N,N,N,Y,N,N,1,1,1,0,0,0,0,0,0,0,0,1,1,0,1,0,0,0,0,0,0,0,0,0,0,N,0,0,Y,0,0,1,0,1,100,1,100,200,1,0,0,Preliminary,Editor Mapped,585725.062,2877862.7915,26.0171370471734,-80.1433101091716
24033091,2021,25-FEB-2021 04:28 PM,25-FEB-2021 12:00 AM,210001410,L,1,2,8,56,Volusia,Port Orange,Urban,2/25/2021 4:28:00 PM,2/25/2021 4:48:00 PM,2/25/2021 4:33:00 PM,2/25/2021 5:20:00 PM,Y,Motorist,SR5A (NOVA R),3865,,,130,South,,,State,Curb,Not at Intersection,,Daylight,Clear,Dry,N,Angle,Motor Vehicle in Transport,Off Roadway,N,Non-Junction,None,None,None,None,None,None,N,,,,,Ofc.,Port Orange Police Department,Police Department (PD),3/9/2021 2:39:00 PM,,12,Y,Single Vehicle,Other,Injury,Non-Incapacitating Injury,DAY,N,N,N,N,N,N,N,N,N,1,1,0,1,0,0,0,0,0,0,0,1,1,0,1,0,0,0,0,0,0,0,0,0,0,N,0,0,Y,0,0,1,0,1,100,1,500,600,0,0,0,Verified,n/a,499683.4815,3221765.7432,29.1243778050649,-81.0032535814364
24060671,2021,24-MAR-2021 08:39 AM,24-MAR-2021 12:00 AM,2119449,S,1,2,23,62,Bay,Panama City Beach,Urban,3/24/2021 8:39:00 AM,3/24/2021 8:41:00 AM,3/24/2021 8:47:00 AM,3/24/2021 9:47:00 AM,Y,Law Enforcement,MIRACLE STRIP LOOP,,,,,,COUNTY ROAD 392 ALTERNATE,,County,Unpaved,T-Intersection,N,,,,,,,,,,,,,,,,N,,,,,OFFICER,Panama City Beach Police Department,Police Department (PD),3/26/2021 2:23:00 PM,,2,Y,Single Vehicle,Other,Injury,Possible Injury,DAY,N,N,N,N,N,N,N,N,N,1,1,1,0,0,0,0,0,0,0,0,1,1,0,1,0,0,0,0,0,0,0,0,0,0,N,0,0,Y,0,0,0,0,0,0,0,0,0,0,0,0,Unmapped,Unmapped,,,,
24072808,2021,16-MAR-2021 11:30 AM,16-MAR-2021 12:00 AM,2021-00087842,L,1,2,7,46,Orange,Orlando,Urban,3/16/2021 11:37:00 PM,3/16/2021 11:41:00 PM,3/16/2021 12:05:00 PM,3/16/2021 2:30:00 PM,Y,Law Enforcement,TIME SQUARE AV,,,,115,East,GREENWICH VILLAGE BV,,Local,Paved,Not at Intersection,,Daylight,Clear,Dry,N,Other,Pedestrian,On Roadway,N,Non-Junction,None,None,None,None,None,None,N,,,,,OFC.,Orlando Police Department,Police Department (PD),4/2/2021 3:27:00 PM,4/8/2021 2:31:00 PM,17,Y,Pedestrian,Pedestrian,Injury,Possible Injury,DAY,N,N,N,N,N,N,N,N,N,1,1,1,0,0,0,0,0,0,0,0,1,1,0,1,0,0,0,0,0,0,0,0,0,0,N,0,0,Y,0,0,0,0,2,0,0,0,0,1,0,0,Preliminary,Editor Mapped,453784.7383,3153628.1118,28.5085323944463,-81.4722701230447
24075754,2021,17-MAR-2021 03:24 PM,17-MAR-2021 12:00 AM,21-001331,L,1,2,26,50,Osceola,St. Cloud,Urban,3/17/2021 3:24:00 PM,3/17/2021 3:27:00 PM,3/17/2021 3:29:00 PM,3/17/2021 3:54:00 PM,N,Law Enforcement,13TH ST,,,,1021,East,OLD CANOE CREEK RD,,State,Curb,Not at Intersection,Y,Daylight,Clear,Dry,N,Angle,Pedalcycle,On Roadway,N,Non-Junction,None,,,None,,,N,,,,,SGT,St. Cloud Police Department,Police Department (PD),8/17/2022 11:28:00 PM,8/17/2022 11:28:00 PM,518,Y,Bicycle,Bicycle,Fatality,Fatal (within 30 days),DAY,N,N,N,N,N,N,N,N,N,1,0,0,0,0,1,1,0,0,0,0,1,1,0,1,0,0,0,0,0,0,0,0,0,0,N,0,0,Y,0,1,0,0,1,350,1,3000,3350,1,0,0,Verified,n/a,469365.5989,3125010.8606,28.250674196629,-81.3122953491805
24079338,2021,11-FEB-2021 06:13 PM,01-MAR-2021 12:00 AM,210002437,L,1,3,8,30,Volusia,Daytona Beach,Urban,2/11/2021 6:13:00 PM,2/11/2021 6:15:00 PM,2/11/2021 6:16:00 PM,2/11/2021 6:53:00 PM,Y,Law Enforcement,ATLANTIC AVE S,,,,28,North,HARVEY AVE,,State,Curb,Not at Intersection,N,Daylight,Clear,Dry,N,,Pedestrian,On Roadway,N,Entrance/Exit Ramp,None,,,None,,,N,,,,,OFC,Daytona Beach Police Department,Police Department (PD),2/18/2021 2:29:00 PM,3/3/2021 2:24:00 PM,7,Y,Pedestrian,Pedestrian,Injury,Non-Incapacitating Injury,DAY,N,N,N,N,N,Y,N,N,N,1,1,0,1,0,0,0,0,0,0,0,1,1,0,1,0,0,1,0,0,0,0,0,0,0,N,0,0,Y,0,0,0,0,1,1000,1,1000,2000,0,0,0,Verified,n/a,499283.6193,3232935.5766,29.2251935816168,-81.0073710764835
24086212,2021,05-JUN-2021 10:40 PM,06-JUN-2021 12:00 AM,TI21-12520,L,2,3,4,70,Pinellas,Treasure Island,Urban,6/5/2021 10:49:00 PM,6/5/2021 10:50:00 PM,6/5/2021 10:52:00 PM,6/5/2021 11:34:00 PM,Y,Law Enforcement,GULF BLVD,,27.772462,-82.772465,132,West,116TH AVE,,State,Paved,Other,Y,Dark - Lighted,Clear,Dry,N,"Sideswipe, Same Direction",Motor Vehicle in Transport,On Roadway,N,Non-Junction,None,,,Other,None,,N,,,,,OFC,Treasure Island Police Department,Police Department (PD),6/12/2021 2:14:00 PM,6/12/2021 2:14:00 PM,7,N,Same Direction Sideswipe,Sideswipe,No Injury,No Injury,NIGHT,N,N,N,N,N,N,N,Y,N,3,0,0,0,0,0,0,0,0,0,0,1,1,0,2,1,0,0,0,0,0,0,0,0,0,N,0,0,Y,0,0,1,0,0,0,2,800,800,0,0,0,Preliminary,Editor Mapped,325346.4284,3073255.8955,27.7724584950105,-82.7724626442842
24089266,2021,04-MAR-2021 12:21 PM,04-MAR-2021 12:00 AM,0221003023,L,1,2,11,34,Alachua,Gainesville,Urban,3/4/2021 12:21:00 PM,3/4/2021 12:24:00 PM,3/4/2021 12:31:00 PM,3/4/2021 12:55:00 PM,N,Law Enforcement,SR 26 (W UNIVERSITY AVE),,,,0,,SR 441 (NW 13TH ST),,State,Paved,Four-Way Intersection,N,Daylight,Clear,Dry,N,Front to Rear,Pedestrian,On Roadway,N,Non-Junction,None,,,None,,,N,,,,,OFFICER,Gainesville Police Department,Police Department (PD),3/6/2021 2:19:00 PM,3/6/2021 2:19:00 PM,2,Y,Pedestrian,Pedestrian,Injury,Possible Injury,DAY,N,N,N,N,N,Y,N,N,N,0,1,1,0,0,0,0,0,0,0,0,1,1,0,1,0,0,0,0,0,0,0,0,0,0,N,0,0,Y,0,0,0,0,0,0,0,0,0,0,0,0,Preliminary,Editor Mapped,370361.3015,3280965.4827,29.651914982721,-82.3394222174972
24089818,2021,16-APR-2021 03:29 PM,16-APR-2021 12:00 AM,0221005292,L,1,2,11,34,Alachua,Gainesville,Urban,4/16/2021 3:31:00 PM,4/16/2021 3:32:00 PM,4/16/2021 3:53:00 PM,4/16/2021 4:25:00 PM,Y,Law Enforcement,SR 121 (SW 34TH ST),,,,21,North,WINDMEADOWS BLVD,,State,Curb,Not at Intersection,N,Daylight,Cloudy,Wet,N,Angle,Pedalcycle,On Roadway,N,Driveway/Alley Access Related,None,,,None,,,N,,,,,POLICE SERVICE TECHNICIAN 1,Gainesville Police Department,Police Department (PD),4/18/2021 1:53:00 PM,4/18/2021 1:53:00 PM,2,Y,Bicycle,Bicycle,Injury,Non-Incapacitating Injury,DAY,N,N,N,Y,N,N,N,N,N,1,1,0,1,0,0,0,0,0,0,0,1,1,0,1,0,0,0,0,0,0,0,0,0,0,N,0,0,Y,0,0,0,0,0,0,1,500,500,1,0,0,Preliminary,Editor Mapped,367137.3283,3278429.8055,29.6286961607186,-82.3724139943704
24090513,2021,09-JUN-2021 05:55 PM,17-JUN-2021 12:00 AM,0221008024,L,1,3,11,34,Alachua,Gainesville,Urban,6/9/2021 5:58:00 PM,6/9/2021 6:00:00 PM,6/9/2021 6:05:00 PM,6/9/2021 7:00:00 PM,Y,Law Enforcement,CR2052 (NW 43RD ST),,,,36,East,NW 34TH PL,,County,Curb,Not at Intersection,N,Daylight,Clear,Dry,N,Angle,Pedalcycle,On Roadway,N,Other,None,,,None,,,N,,,,,OFFICER,Gainesville Police Department,Police Department (PD),6/11/2021 2:21:00 PM,6/18/2021 2:23:00 PM,2,Y,Bicycle,Bicycle,Serious Injury,Incapacitating Injury,DAY,N,Y,N,N,N,N,N,N,N,0,3,0,0,3,0,0,0,0,0,0,2,2,0,1,0,0,0,0,0,0,0,0,0,0,N,0,0,Y,2,0,0,0,0,0,1,800,800,3,0,0,Preliminary,Editor Mapped,365622.1857,3284636.5599,29.6845332718302,-82.38882988217
24112661,2021,18-MAR-2021 12:21 AM,18-MAR-2021 12:39 AM,161451,L,1,2,2,38,Duval,Jacksonville,Urban,3/18/2021 12:22:00 AM,3/18/2021 12:22:00 AM,3/18/2021 12:24:00 AM,3/18/2021 1:00:00 AM,Y,Law Enforcement,N. MAIN ST.,,30.32861,-81.6573457,11,North,E. MONROE ST.,,Local,Curb,Four-Way Intersection,N,Dark - Lighted,Clear,Dry,N,Front to Front,Pedalcycle,On Roadway,N,Non-Junction,None,,,None,,,N,,,,,OFFICER,Jacksonville Sheriff's Office,Sheriff's Office (SO),3/20/2021 2:09:00 PM,3/20/2021 2:09:00 PM,2,Y,Bicycle,Bicycle,Injury,Non-Incapacitating Injury,NIGHT,N,Y,N,Y,N,N,N,Y,N,1,1,0,1,0,0,0,0,0,0,0,1,1,0,1,0,0,0,0,0,0,0,0,0,0,N,0,0,Y,0,0,3,0,1,500,0,0,500,1,0,0,Preliminary,Editor Mapped,436817.7842,3355371.7527,30.3285183133077,-81.657261658285
24115370,2021,18-OCT-2021 07:05 AM,18-OCT-2021 07:14 AM,622267,L,1,3,2,38,Duval,Jacksonville,Urban,10/18/2021 7:06:00 AM,10/18/2021 7:10:00 AM,10/18/2021 7:20:00 AM,10/18/2021 8:00:00 AM,Y,Law Enforcement,PHILIPS HWY,,30.286042,-81.632138,0,,EMERSON  ST,,U.S.,Paved,Not at Intersection,N,Daylight,Clear,Dry,N,Angle,Pedalcycle,On Roadway,N,Non-Junction,None,,,None,,,N,,,,,OFFICER,Jacksonville Sheriff's Office,Sheriff's Office (SO),10/22/2021 1:44:00 PM,10/22/2021 1:44:00 PM,4,Y,Bicycle,Bicycle,Injury,Non-Incapacitating Injury,DAY,N,N,N,N,N,N,N,N,N,1,2,0,2,0,0,0,0,0,0,0,2,2,0,1,0,0,0,0,0,0,0,0,0,0,N,0,0,Y,0,0,1,0,1,100,1,500,600,2,0,0,Preliminary,Editor Mapped,439069.4172,3350818.792,30.2875496677257,-81.6335756609316
24115865,2021,06-MAY-2021 06:40 PM,06-MAY-2021 07:02 PM,270761,L,1,2,2,38,Duval,Jacksonville,Urban,5/6/2021 6:43:00 PM,5/6/2021 6:44:00 PM,5/6/2021 6:54:00 PM,5/6/2021 7:40:00 PM,Y,Law Enforcement,BAY ST W,1,30.3264627,-81.6585667,227,West,,,Local,Curb,T-Intersection,N,Daylight,Clear,Dry,N,Angle,Other Non-Fixed Object,In Parking Lane or Zone,N,Driveway/Alley Access Related,None,,,None,,,N,,,,,OFFICER,Jacksonville Sheriff's Office,Sheriff's Office (SO),5/7/2021 2:21:00 PM,,1,Y,Single Vehicle,Other,Injury,Possible Injury,DAY,N,N,N,N,N,N,N,N,N,1,1,1,0,0,0,0,0,0,0,0,1,1,0,1,0,0,0,0,0,0,0,0,0,0,N,0,0,Y,0,0,0,0,0,0,1,100,100,0,0,0,Preliminary,Editor Mapped,436690.54,3355143.1293,30.3264486579584,-81.6585714569748
24134601,2021,18-SEP-2021 02:08 PM,18-SEP-2021 12:00 AM,2021-047567,L,1,2,23,50,Bay,Panama City,Urban,9/18/2021 2:12:00 PM,9/18/2021 2:12:00 PM,9/18/2021 2:12:00 PM,9/18/2021 2:40:00 PM,Y,Law Enforcement,E 11TH ST,,30.167793,-85.650363,0,,N COVE BLVD,,Local,Curb,Four-Way Intersection,N,Daylight,Cloudy,Dry,N,,Pedalcycle,On Roadway,N,Intersection,None,,,None,,,N,,,,,SGT,Panama City Police Department,Police Department (PD),9/21/2021 1:44:00 PM,9/21/2021 1:44:00 PM,3,N,Bicycle,Bicycle,No Injury,No Injury,DAY,N,N,N,N,N,N,Y,N,N,2,0,0,0,0,0,0,0,0,0,0,1,1,0,1,0,0,0,0,0,0,0,0,0,0,N,0,0,Y,0,0,1,0,0,0,1,2000,2000,0,0,0,Preliminary,Editor Mapped,52002.7852999996,3346535.6813,30.1678682704749,-85.6502821351738
24150328,2021,03-SEP-2021 09:11 AM,03-SEP-2021 12:00 AM,21-0353,L,1,3,19,34,Brevard,Cocoa Beach,Urban,9/3/2021 9:11:00 AM,9/3/2021 9:12:00 AM,9/3/2021 9:16:00 AM,9/3/2021 9:16:00 AM,Y,Law Enforcement,S ATLANTIC AVE,573,28.307698,-80.608631,0,,,,Parking Lot,Paved,Not at Intersection,Y,Daylight,Clear,Dry,N,,Other Non-Fixed Object,On Roadway,N,Non-Junction,None,,,None,,,N,,,,,PATROL,Cocoa Beach Police Department,Police Department (PD),9/4/2021 1:37:00 PM,9/4/2021 1:37:00 PM,1,Y,Single Vehicle,Other,Injury,Possible Injury,DAY,N,N,N,N,N,N,N,N,N,1,2,2,0,0,0,0,0,0,0,0,2,2,0,1,1,0,0,0,0,0,0,0,0,0,N,0,0,Y,0,0,1,0,0,0,1,500,500,0,0,0,Preliminary,Editor Mapped,538362.2842,3131352.9178,28.307719490163,-80.6087166984948
24155553,2021,21-MAY-2021 05:30 PM,21-MAY-2021 12:00 AM,2021-15792,S,1,1,40,0,Hernando,Unincorporated,Rural,5/21/2021 5:30:00 PM,5/21/2021 5:30:00 PM,5/21/2021 5:30:00 PM,5/21/2021 6:00:00 PM,Y,Law Enforcement,SHOAL LINE BLVD,4139,28.490214,-82.650525,,,,,Parking Lot,Unpaved,Not at Intersection,N,Daylight,Clear,Dry,N,,Parked Motor Vehicle,In Parking Lane or Zone,N,Other,None,,,None,,,N,,,,,STEP,Hernando County Sheriff's Office,Sheriff's Office (SO),5/25/2021 2:40:00 PM,,4,N,Single Vehicle,Other,No Injury,No Injury,DAY,N,N,N,N,N,N,N,N,N,1,0,0,0,0,0,0,0,0,0,0,1,1,0,0,0,0,0,0,0,0,0,0,0,0,N,0,0,Y,0,0,0,0,0,0,1,6000,6000,0,0,0,Preliminary,Officer Mapped,338444.6504,3152617.4036,28.4902085188298,-82.6505211889672
24156257,2021,11-JAN-2021 04:04 PM,14-JAN-2021 12:00 AM,2021-00005435,L,1,2,47,42,Citrus,Inverness,Urban,1/11/2021 4:05:00 PM,1/11/2021 4:07:00 PM,1/11/2021 4:08:00 PM,1/11/2021 4:45:00 PM,Y,Law Enforcement,EDEN DR,,28.823448,-82.31665,75,West,OLD FLORAL CITY RD,,Local,Curb,Other,N,Daylight,Clear,Dry,N,,Pedalcycle,On Roadway,Y,Shared-Use Path or Trail,None,,,None,,,N,,,,,DEPUTY,Citrus County Sheriff's Office,Sheriff's Office (SO),1/17/2021 1:49:00 PM,,6,Y,Bicycle,Bicycle,Serious Injury,Incapacitating Injury,DAY,N,N,N,N,N,N,N,N,N,1,1,0,0,1,0,0,0,0,0,0,1,1,0,1,1,0,0,0,0,0,0,0,0,0,N,0,0,Y,1,0,0,0,0,0,1,500,500,1,0,0,Preliminary,Editor Mapped,371542.1259,3189133.8912,28.823419498422,-82.3165763292641
24164228,2021,01-JAN-2021 06:00 PM,01-JAN-2021 12:00 AM,21021319,L,1,2,6,0,Palm Beach,Unincorporated,Rural,1/1/2021 6:03:00 PM,1/1/2021 6:04:00 PM,1/1/2021 6:08:00 PM,1/1/2021 6:40:00 PM,Y,Law Enforcement,AVENIDA DEL MAR,7459,,,512,East,,,Private Roadway,Curb,T-Intersection,N,Dawn,Clear,Dry,N,Angle,Pedalcycle,On Roadway,Y,Intersection-Related,None,,,None,,,N,,,,,D/S,Palm Beach County Sheriff's Office,Sheriff's Office (SO),1/6/2021 2:18:00 PM,1/6/2021 2:18:00 PM,5,Y,Bicycle,Bicycle,Injury,Possible Injury,DAY,N,N,N,N,N,N,Y,N,N,1,1,1,0,0,0,0,0,0,0,0,1,1,0,1,0,0,0,0,0,0,0,0,0,0,N,0,0,Y,0,0,0,0,0,0,0,0,0,1,0,0,Preliminary,Editor Mapped,583965.5565,2914302.093,26.3462381662176,-80.1585324713751
24164989,2021,09-JAN-2021 06:20 PM,09-JAN-2021 12:00 AM,21023927,L,1,6,6,0,Palm Beach,Unincorporated,Rural,1/9/2021 6:21:00 PM,1/9/2021 6:23:00 PM,1/9/2021 6:33:00 PM,1/9/2021 7:29:00 PM,Y,Law Enforcement,ROBERTS LANE,,,,36,West,CONGRESS AVE,,Local,Curb,Not at Intersection,N,Dark - Lighted,Clear,Dry,N,Other,Pedestrian,On Roadway,N,Non-Junction,None,,,None,,,N,,,,,CSA,Palm Beach County Sheriff's Office,Sheriff's Office (SO),1/11/2021 1:56:00 PM,,2,Y,Pedestrian,Pedestrian,Injury,Possible Injury,DAY,N,N,N,N,N,N,N,N,N,5,1,1,0,0,0,0,0,0,0,0,2,2,0,1,0,0,3,0,0,0,0,0,0,0,N,0,0,Y,0,0,0,0,0,0,1,200,200,0,0,0,Preliminary,Editor Mapped,590641.1048,2943153.7698,26.6063061134401,-80.0895912083266
24167547,2021,08-MAR-2021 03:15 PM,08-MAR-2021 12:00 AM,21043015,L,1,4,6,0,Palm Beach,Unincorporated,Rural,3/8/2021 3:20:00 PM,3/8/2021 3:22:00 PM,3/8/2021 3:52:00 PM,3/8/2021 4:24:00 PM,Y,Law Enforcement,COUNTY ROAD 798 (PALMETTO PARK ROAD),11379,,,0,,,,County,Curb,T-Intersection,N,Daylight,Cloudy,Dry,N,Front to Rear,Pedalcycle,On Roadway,N,Driveway/Alley Access Related,None,,,None,,,N,,,,,CSA,Palm Beach County Sheriff's Office,Sheriff's Office (SO),3/10/2021 2:46:00 PM,3/10/2021 2:46:00 PM,2,N,Bicycle,Bicycle,No Injury,No Injury,DAY,N,N,N,N,N,N,N,N,N,4,0,0,0,0,0,0,0,0,0,0,2,2,0,1,0,0,1,0,0,0,0,0,0,0,N,0,0,Y,0,0,0,0,0,0,1,1000,1000,0,0,0,Preliminary,Editor Mapped,577164.1261,2914516.3183,26.3485563739385,-80.2266754978922
24181941,2021,20-OCT-2021 08:18 AM,22-OCT-2021 12:00 AM,21-02626,L,1,2,1,88,Miami-Dade,Sunny Isles Beach,Urban,10/20/2021 8:18:00 AM,10/20/2021 8:18:00 AM,10/20/2021 8:18:00 AM,10/20/2021 9:18:00 AM,Y,Law Enforcement,COLLINS AVE,17790,,,,,,,Parking Lot,Curb,Not at Intersection,N,Daylight,Clear,Dry,N,Angle,Motor Vehicle in Transport,On Roadway,N,Non-Junction,None,,,None,,,N,,,,,MOTO,Sunny Isles Beach Police Department,Police Department (PD),11/24/2021 11:23:00 PM,11/24/2021 11:23:00 PM,35,Y,Single Vehicle,Other,Injury,Non-Incapacitating Injury,DAY,N,N,N,N,N,N,N,N,N,1,1,0,1,0,0,0,0,0,0,0,1,1,0,1,0,0,0,0,0,0,0,0,0,0,N,0,0,Y,0,0,0,0,0,0,1,1000,1000,0,0,0,Preliminary,Editor Mapped,587937.6156,2869430.7191,25.9408726552005,-80.1217668706046
24189158,2021,15-FEB-2021 06:45 PM,15-FEB-2021 12:00 AM,072102001547,L,1,5,10,77,Broward,Tamarac,Urban,2/15/2021 6:45:00 PM,2/15/2021 6:45:00 PM,2/15/2021 6:58:00 PM,2/15/2021 9:46:00 PM,Y,Law Enforcement,SOUTHGATE BLVD,,,,0,,N UNIVERSITY DR,,County,Paved,Four-Way Intersection,Y,Dark - Lighted,Clear,Dry,N,Other,Pedestrian,On Roadway,N,Non-Junction,None,,,None,,,N,,,,,,Broward County Sheriff's Office,Sheriff's Office (SO),2/20/2021 2:10:00 PM,2/20/2021 2:10:00 PM,5,Y,Pedestrian,Pedestrian,Injury,Non-Incapacitating Injury,DAY,N,N,N,N,N,N,N,Y,N,1,4,3,1,0,0,0,0,0,0,0,1,1,0,1,0,0,3,0,0,0,0,0,0,0,N,0,0,Y,0,0,0,0,0,0,1,700,700,4,0,0,Preliminary,Editor Mapped,574603.7279,2901258.9433,26.2289953390798,-80.2531006345558
24190606,2021,13-MAR-2021 07:00 AM,18-MAR-2021 12:00 AM,162103000794,L,1,2,10,30,Broward,Cooper City,Urban,3/13/2021 7:08:00 AM,3/13/2021 7:09:00 AM,3/13/2021 7:16:00 AM,3/13/2021 7:47:00 AM,Y,Law Enforcement,STIRLING RD,,,,302,West,SW 90TH AV,,Local,Paved,Not at Intersection,N,Daylight,Clear,Dry,N,Unknown,Pedalcycle,On Roadway,N,Non-Junction,None,,,None,,,N,,,,,,Broward County Sheriff's Office,Sheriff's Office (SO),3/14/2021 1:59:00 PM,3/20/2021 2:09:00 PM,1,Y,Bicycle,Bicycle,No Injury,No Injury,DAY,N,N,N,Y,N,Y,N,N,N,2,0,0,0,0,0,0,0,0,0,0,1,1,0,1,0,1,0,0,0,0,0,0,0,0,N,0,0,Y,0,0,2,0,0,0,0,0,0,0,0,0,Preliminary,Editor Mapped,573021.8262,2880845.6904,26.0447664686802,-80.2700837840546
24191871,2021,01-APR-2021 09:34 PM,01-APR-2021 12:00 AM,102104000185,L,1,2,10,36,Broward,Deerfield Beach,Urban,4/1/2021 9:34:00 PM,4/1/2021 9:34:00 PM,4/1/2021 9:37:00 PM,4/1/2021 10:13:00 PM,Y,Law Enforcement,W HILLSBORO BLVD,,,,163,East,S MILITARY TR,,State,Paved,Not at Intersection,Y,Dark - Lighted,Clear,Dry,N,Other,Motor Vehicle in Transport,On Roadway,N,Non-Junction,None,,,None,,,N,,,,,,Broward County Sheriff's Office,Sheriff's Office (SO),4/7/2021 2:48:00 PM,4/7/2021 2:48:00 PM,6,Y,Single Vehicle,Other,Injury,Non-Incapacitating Injury,NIGHT,N,N,N,N,N,N,N,N,N,1,1,0,1,0,0,0,0,0,0,0,1,1,0,1,0,0,0,0,0,0,0,0,0,0,N,0,0,Y,0,0,0,0,0,0,1,500,500,1,0,0,Preliminary,Editor Mapped,587067.9083,2911173.7873,26.3178086493543,-80.1276565627271
24194477,2021,14-MAY-2021 06:45 AM,15-MAY-2021 12:00 AM,112105004370,L,1,1,10,72,Broward,Pompano Beach,Urban,5/14/2021 6:50:00 AM,5/14/2021 6:57:00 AM,5/14/2021 7:04:00 AM,5/14/2021 7:50:00 AM,N,Law Enforcement,W SAMPLE RD,,,,1226,West,NW 27TH AV,,State,Unpaved,Not at Intersection,Y,Daylight,Cloudy,Dry,N,Angle,Pedalcycle,On Roadway,N,Driveway/Alley Access Related,None,,,None,,,N,,,,,,Broward County Sheriff's Office,Sheriff's Office (SO),5/16/2021 1:48:00 PM,5/18/2021 2:39:00 PM,2,Y,Bicycle,Bicycle,Injury,Non-Incapacitating Injury,NIGHT,N,N,N,N,N,Y,N,N,N,0,1,0,1,0,0,0,0,0,0,0,1,1,0,0,0,0,0,0,0,0,0,0,0,0,N,0,0,Y,0,0,0,0,1,200,0,0,200,0,0,0,Preliminary,Editor Mapped,584272.6138,2906334.7759,26.2742872419899,-80.1559768597188
24197465,2021,29-JUN-2021 11:00 AM,30-JUN-2021 12:00 AM,102106005081,S,2,2,10,36,Broward,Deerfield Beach,Urban,6/29/2021 8:16:00 AM,6/29/2021 8:16:00 AM,6/29/2021 8:30:00 AM,6/29/2021 9:00:00 AM,Y,Law Enforcement,SE 20TH AV,715,,,,,,,Parking Lot,Paved,Not at Intersection,N,Daylight,Cloudy,Dry,N,Rear to Side,Motor Vehicle in Transport,In Parking Lane or Zone,N,Non-Junction,None,,,None,,,N,,,,,,Broward County Sheriff's Office,Sheriff's Office (SO),7/2/2021 1:45:00 PM,7/2/2021 1:45:00 PM,3,N,Parked Vehicle,Other,No Injury,No Injury,DAY,N,N,N,Y,N,N,N,Y,N,2,0,0,0,0,0,0,0,0,0,0,1,1,0,1,1,0,0,0,0,0,0,0,0,0,N,0,0,Y,0,0,0,0,0,0,1,300,300,0,0,0,Preliminary,Editor Mapped,592044.5428,2910151.006,26.3082626999363,-80.0778732215849
24199835,2021,08-AUG-2021 03:15 PM,08-AUG-2021 12:00 AM,132108000201,L,1,2,10,48,Broward,Lauderdale by the Sea,Urban,8/8/2021 3:15:00 PM,8/8/2021 3:15:00 PM,8/8/2021 3:16:00 PM,8/8/2021 3:20:00 PM,Y,Law Enforcement,EL MAR DR,,,,63,South,COMMERCIAL BLVD,,Local,Curb,Not at Intersection,N,Daylight,Clear,Dry,N,Angle,Pedalcycle,On Roadway,N,Non-Junction,None,,,None,,,N,,,,,,Broward County Sheriff's Office,Sheriff's Office (SO),8/12/2021 1:41:00 PM,,4,Y,Bicycle,Bicycle,Serious Injury,Incapacitating Injury,DAY,N,N,N,N,N,N,N,N,N,1,1,0,0,1,0,0,0,0,0,0,1,1,0,1,0,0,0,0,0,0,0,0,0,0,N,0,0,Y,1,0,0,0,0,0,1,1000,1000,0,0,0,Preliminary,Editor Mapped,590342.4494,2896987.5472,26.1895260914454,-80.0958439078431
24202539,2021,06-SEP-2021 01:40 AM,06-SEP-2021 12:00 AM,152109000387,L,1,1,10,63,Broward,North Lauderdale,Urban,9/6/2021 1:40:00 AM,9/6/2021 1:40:00 AM,9/6/2021 1:43:00 PM,9/6/2021 3:00:00 PM,Y,Motorist,SW 81ST AV,,,,0,,BAILEY RD,,Local,Unpaved,Four-Way Intersection,N,Daylight,Clear,Dry,N,"Sideswipe, Opposite Direction",Pedalcycle,On Roadway,N,Intersection,None,,,None,,,N,,,,,,Broward County Sheriff's Office,Sheriff's Office (SO),9/8/2021 1:50:00 PM,9/8/2021 1:50:00 PM,2,Y,Bicycle,Bicycle,Injury,Non-Incapacitating Injury,NIGHT,N,N,N,N,N,N,Y,N,N,0,1,0,1,0,0,0,0,0,0,0,1,1,0,0,0,0,0,0,0,0,0,0,0,0,N,0,0,Y,0,0,0,0,0,0,1,250,250,1,0,0,Preliminary,Editor Mapped,576290.9094,2898149.8646,26.2008353714519,-80.2363937587231
24205158,2021,16-OCT-2021 01:57 PM,16-OCT-2021 12:00 AM,072110002106,L,1,5,10,77,Broward,Tamarac,Urban,10/16/2021 2:08:00 PM,10/16/2021 2:09:00 PM,10/16/2021 2:19:00 PM,10/16/2021 3:40:00 PM,Y,Law Enforcement,NW 64TH AV,,,,0,,BAILEY RD,,County,Curb,Four-Way Intersection,N,Daylight,Clear,Dry,N,Other,Pedestrian,On Roadway,N,Intersection-Related,None,,,None,,,N,,,,,,Broward County Sheriff's Office,Sheriff's Office (SO),10/23/2021 1:39:00 PM,10/23/2021 1:39:00 PM,7,Y,Pedestrian,Pedestrian,Injury,Possible Injury,DAY,N,N,N,N,N,N,Y,N,N,4,1,1,0,0,0,0,0,0,0,0,1,1,0,1,0,0,3,0,0,0,0,0,0,0,N,0,0,Y,0,0,0,0,0,0,1,200,200,1,0,0,Preliminary,Editor Mapped,576320.9718,2898170.2047,26.2010174206367,-80.2360916829568
24208734,2021,12-JAN-2021 08:35 AM,12-JAN-2021 12:00 AM,2101120002308,L,1,2,1,66,Miami-Dade,Miami,Urban,1/12/2021 8:41:00 AM,1/12/2021 8:43:00 AM,1/12/2021 8:52:00 AM,1/12/2021 10:15:00 AM,Y,Law Enforcement,NE 9TH ST,,25.782866,-80.192189,0,,NE 1ST AVE,,Local,Curb,Four-Way Intersection,N,Daylight,Cloudy,Dry,N,,Other Non-Fixed Object,On Roadway,N,Driveway/Alley Access Related,None,,,None,,,N,,,,,OFFICER,Miami Police Department,Police Department (PD),1/14/2021 2:20:00 PM,,2,Y,Single Vehicle,Other,Injury,Non-Incapacitating Injury,DAY,N,N,N,N,N,N,N,N,N,1,1,0,1,0,0,0,0,0,0,0,1,1,0,1,0,0,0,0,0,0,0,0,0,0,N,0,0,Y,0,0,1,0,0,0,1,1500,1500,0,0,0,Preliminary,Editor Mapped,580996.2107,2851883.1241,25.7828368222692,-80.1921627631854
24210984,2021,25-FEB-2021 04:20 PM,25-FEB-2021 12:00 AM,2102250012096,L,1,3,1,66,Miami-Dade,Miami,Urban,2/25/2021 4:34:00 PM,2/25/2021 4:38:00 PM,2/25/2021 4:39:00 PM,2/25/2021 5:50:00 PM,Y,Law Enforcement,NE 29TH ST,166,25.803847,-80.19195,,,,,Parking Lot,Paved,Not at Intersection,N,Daylight,Clear,Dry,N,,Pedestrian,Off Roadway,N,Non-Junction,None,,,None,,,N,,,,,OFFICER,Miami Police Department,Police Department (PD),3/4/2021 2:27:00 PM,3/4/2021 2:27:00 PM,7,Y,Pedestrian,Pedestrian,Injury,Non-Incapacitating Injury,DAY,N,N,N,N,N,N,N,N,N,2,1,0,1,0,0,0,0,0,0,0,1,1,0,1,0,0,1,0,0,0,0,0,0,0,N,0,0,Y,0,0,1,0,0,0,0,0,0,0,0,0,Preliminary,Editor Mapped,581003.7852,2854219.5614,25.8039326005383,-80.191944220586
24211749,2021,11-MAR-2021 05:14 PM,11-MAR-2021 12:00 AM,2103110015380,L,1,3,1,66,Miami-Dade,Miami,Urban,3/11/2021 5:15:00 PM,3/11/2021 5:29:00 PM,3/11/2021 5:45:00 PM,3/11/2021 7:45:00 PM,Y,Law Enforcement,NW 1ST PL,,25.785973,-80.197891,0,,NW 12TH ST,,Local,Paved,Four-Way Intersection,N,Daylight,Clear,Dry,N,,Pedestrian,On Roadway,N,Intersection-Related,None,,,None,,,N,,,,,OFC,Miami Police Department,Police Department (PD),3/12/2021 1:58:00 PM,3/12/2021 1:58:00 PM,1,Y,Pedestrian,Pedestrian,Injury,Possible Injury,DAY,N,N,N,N,N,N,Y,N,N,1,2,2,0,0,0,0,0,0,0,0,2,2,0,1,0,0,0,0,0,0,0,0,0,0,N,0,0,Y,0,0,3,0,0,0,1,1000,1000,2,0,0,Preliminary,Editor Mapped,580420.0204,2852226.5867,25.7859698230972,-80.1978882402469
24212283,2021,20-MAR-2021 04:15 PM,07-APR-2021 12:00 AM,2103200017595,L,1,2,1,66,Miami-Dade,Miami,Urban,3/20/2021 4:19:00 PM,3/20/2021 4:30:00 PM,3/20/2021 4:45:00 PM,3/20/2021 5:15:00 PM,Y,Law Enforcement,NE 20TH TER,,25.796173,-80.18917,45,West,BISCAYNE BLVD,,Local,Paved,Other,N,Daylight,Clear,Dry,N,,Pedestrian,On Roadway,N,Non-Junction,None,,,None,,,N,,,,,PSA,Miami Police Department,Police Department (PD),3/24/2021 2:19:00 PM,4/9/2021 2:23:00 PM,4,Y,Pedestrian,Pedestrian,Injury,Possible Injury,DAY,N,N,N,N,N,N,N,N,N,1,1,1,0,0,0,0,0,0,0,0,1,1,0,1,0,0,0,0,0,0,0,0,0,0,N,0,0,Y,0,0,1,0,0,0,1,100,100,1,0,0,Preliminary,Editor Mapped,581287.0535,2853361.2719,25.7961672013624,-80.1891714277892
