REPORT_NUMBER,CRASH_YEAR,VEHICLE_NUMBER,PERSON_NUMBER,RECOMMENDED_RE_EXAM,DL_STATE,DL_TYPE,DRIVER_DISTRACTION_CODE,CONDITION_AT_TIME_OF_CRASH,REQUIRED_ENDORSEMENTS,VISION_OBSTRUCTED,INSURANCE_COMPANY,CITY,STATE,ZIP_CODE,SEX,HELMET_CODE,RESTRAINT_SYSTEM_CODE,EYE_PROTECTION_CODE,AIR_BAG_DEPLOYMENT_CODE,EJECTED,SUSPECTED_ALCOHOL_USE_CODE,ALCOHOL_TESTED_CODE,ALCOHOL_TEST_TYPE_CODE,ALCOHOL_TEST_RESULTS,BLOOD_ALCOHOL_CONTENT,SUSPECTED_DRUG_USE_CODE,DRUG_TESTED_CODE,DRUG_TEST_TYPE_CODE,DRUG_TEST_RESULTS,INJURY_SEVERITY,EMS_TRANSPORT_TYPE,DRIVER_ACTION_1,DRIVER_ACTION_2,DRIVER_ACTION_3,DRIVER_ACTION_4,S4_AGE_AT_TIME_OF_CRASH,S4_IS_AGGRESSIVE_DRIVING,S4_IS_ALCOHOL_RELATED,S4_IS_DRUG_RELATED,S4_IS_DISTRACTED,S4_IS_SPEEDING_RELATED,S4_IS_AGING_DRIVER,S4_IS_TEENAGER_DRIVER,S4_IS_UNRESTRAINED
89351019,2020,1,1,N,FL,E/Operator,Not Distracted,Apparently Normal,No Required Endorsements,Vision Not Obscured,ALLSTATE FIRE AND CASUA,LAKE WORTH,FL,33463,Male,,Shoulder and Lap Belt Used,,Not Deployed,Not Ejected,N,,,,,N,,,,None,Not Transported,No Contributing Action,,,,21,N,N,N,N,N,N,N,N
89374446,2020,1,2,,FL,E/Operator,Not Distracted,Apparently Normal,No Required Endorsements,Vision Not Obscured,GEICO GENERAL INSURANCE COMPANY,LAKELAND,FL,33801,Male,No Helmet,Shoulder and Lap Belt Used,,Not Deployed,Not Ejected,N,,,,,N,,,,None,Not Transported,No Contributing Action,,,,49,N,N,N,N,N,N,N,N
89382366,2020,1,1,N,FL,E/Operator,Not Distracted,Apparently Normal,No Required Endorsements,Vision Not Obscured,SAFECO INSURANCE COMPAN,SAINT PETERSBURG,FL,33713,Male,,Shoulder and Lap Belt Used,,Not Applicable,Not Ejected,N,,,,,N,,,,None,Not Transported,No Contributing Action,,,,28,N,N,N,N,N,N,N,N
24018185,2021,1,1,N,FL,E/Operator,Not Distracted,Apparently Normal,No Required Endorsements,Vision Not Obscured,OCEAN HARBOR CASUALTY INSURANCE COM,HOLLYWOOD,FL,33020,Male,,Shoulder and Lap Belt Used,,Not Deployed,Not Ejected,N,,,,,N,,,,None,Not Transported,Failed to Yield Right-of-Way,,,,51,N,N,N,N,N,N,N,N
24060671,2021,1,1,,FL,E/Operator,Unknown,Apparently Normal,No,,ZURICH AMERICAN INSURANCE,LYNN HAVEN,FL,32444,Male,No Helmet,Shoulder and Lap Belt Used,N,Not Deployed,Not Ejected,N,Test Not Given,,,,N,Test Not Given,,,None,,Other Contributing Action,No Contributing Action,No Contributing Action,No Contributing Action,56,N,N,N,,N,N,N,N
24072808,2021,1,1,,GA,E/Operator,Not Distracted,Apparently Normal,No Required Endorsements,Vision Not Obscured,OWNERS INSURANCE CO,ORLANDO,FL,32835,Female,No Helmet,Shoulder and Lap Belt Used,,Not Applicable,Not Ejected,N,,,,,N,,,,None,Not Transported,Other Contributing Action,,,,23,N,N,N,N,N,N,N,N
24086212,2021,1,1,N,FL,E/Operator,Not Distracted,Apparently Normal,No Required Endorsements,Vision Not Obscured,PROGRESSIVE AMERICAN INSURANCE COMPANY,TREASURE ISLAND,FL,33706,Male,,Shoulder and Lap Belt Used,,Not Deployed,Not Ejected,N,,,,,N,,,,None,Not Transported,Operated MV in Careless or Negligent Manner,,,,79,N,N,N,N,N,Y,N,N
24086212,2021,2,2,N,FL,E/Operator,Not Distracted,Apparently Normal,No Required Endorsements,Vision Not Obscured,PROGRESSIVE AMERICAN INSURANCE COMPANY,ST PETERSBURG,FL,33710,Male,,Shoulder and Lap Belt Used,,Not Deployed,Not Ejected,N,,,,,N,,,,None,Not Transported,No Contributing Action,,,,27,N,N,N,N,N,N,N,N
24115865,2021,1,2,N,FL,E/Operator,Not Distracted,Apparently Normal,No,Vision Not Obscured,GEICO,JACKSONVILLE,FL,32256,Female,,Shoulder and Lap Belt Used,,Not Deployed,Not Ejected,N,Test Not Given,,,,N,Test Not Given,,,None,Not Transported,No Contributing Action,,,,33,N,N,N,N,N,N,N,N
24156257,2021,1,1,N,FL,E/Operator,Not Distracted,Apparently Normal,No Required Endorsements,Vision Not Obscured,ALLSTATE INSURANCE COMPANY,INVERNESS,FL,34450,Male,,Shoulder and Lap Belt Used,,Not Deployed,Not Ejected,N,,,,,N,,,,None,Not Transported,No Contributing Action,,,,83,N,N,N,N,N,Y,N,N
24164989,2021,1,1,N,FL,E/Operator,Not Distracted,Apparently Normal,No Required Endorsements,Vision Not Obscured,STATE FARM MUTUAL AUTOMOBILE INSURANC,LAKE WORTH,FL,33461,Female,No Helmet,Shoulder and Lap Belt Used,,Not Deployed,Not Ejected,N,,,,,N,,,,None,Not Transported,Other Contributing Action,,,,62,N,N,N,N,N,N,N,N
24212283,2021,1,1,N,FL,E/Operator,Not Distracted,Apparently Normal,No Required Endorsements,Vision Not Obscured,STAR CASUALTY INSURANCE,HIALEAH,FL,33014,Male,,Shoulder and Lap Belt Used,,Not Deployed,Not Ejected,N,,,,,N,,,,None,Not Transported,No Contributing Action,,,,42,N,N,N,N,N,N,N,N
89384143,2020,1,1,N,CT,E/Operator,Not Distracted,Apparently Normal,No Required Endorsements,Vision Not Obscured,OHIO MUTUAL,ST PETERSBURG,FL,33701,Male,,Shoulder and Lap Belt Used,,Not Deployed,Not Ejected,N,,,,,N,,,,None,Not Transported,No Contributing Action,,,,27,N,N,N,N,N,N,N,N
89384910,2020,1,1,N,FL,E/Operator,Not Distracted,Apparently Normal,No Required Endorsements,Vision Not Obscured,GEICO GENERAL INSURANCE COMPANY,LAKE WORTH,FL,33461,Male,,Shoulder and Lap Belt Used,,Not Deployed,Not Ejected,N,,,,,N,,,,None,Not Transported,Operated MV in Careless or Negligent Manner,,,,36,N,N,N,N,N,N,N,N
89396052,2020,1,1,N,FL,None,Unknown,Apparently Normal,,Vision Not Obscured,OCEAN HARBOR CASUALTY INSURANCE COM,LEISURE CITY,FL,33033,Male,No Helmet,Shoulder and Lap Belt Used,,Not Deployed,Not Ejected,N,,,,,N,,,,None,Not Transported,Operated MV in Careless or Negligent Manner,,,,20,N,N,N,,N,N,N,N
89405802,2020,1,1,,FL,E/Operator,Not Distracted,Apparently Normal,No Required Endorsements,Vision Not Obscured,OCEAN HARBOR CASUALTY INSURANCE COMPANY,SARASOTA,FL,34234,Female,No Helmet,Shoulder and Lap Belt Used,N,Not Applicable,Not Ejected,N,,,,,N,,,,None,Not Transported,No Contributing Action,,,,61,N,N,N,N,N,N,N,N
89424098,2020,1,1,N,FL,E/Operator,Not Distracted,Apparently Normal,No,Vision Not Obscured,ALLSTATE,Palm Coast,FL,32137,Male,No Helmet,Shoulder and Lap Belt Used,,Not Deployed,Not Ejected,N,Test Not Given,,,,N,Test Not Given,,,None,Not Transported,Ran Red Light,,,,66,N,N,N,N,N,Y,N,N
89433619,2020,1,2,N,FL,E/Operator,Not Distracted,Apparently Normal,,Vision Not Obscured,.,WIMAUMA,FL,33598,Male,DOT-Compliant Motorcycle Helmet,,Y,,,N,Test Not Given,,,,N,Test Not Given,,,None,Not Transported,No Contributing Action,,,,66,N,N,N,N,N,Y,N,N
89468528,2020,1,2,N,FL,E/Operator,Not Distracted,Apparently Normal,No Required Endorsements,Vision Not Obscured,NA,JACKSONVILLE,FL,32220,Male,,None Used - Motor Vehicle Occupant,,Not Deployed,Not Ejected,N,Test Not Given,,,,N,Test Not Given,,,None,Not Transported,Other Contributing Action,,,,16,N,N,N,N,N,N,Y,Y
89472781,2020,1,1,N,FL,E/Operator,Not Distracted,Apparently Normal,,Vision Not Obscured,PROGRESSIVE INS,LAKE CITY,FL,32024,Female,,Shoulder and Lap Belt Used,,Not Deployed,Not Ejected,N,Test Not Given,,,,N,Test Not Given,,,None,Not Transported,No Contributing Action,,,,18,N,N,N,N,N,N,Y,N
89481123,2020,1,1,N,FL,E/Operator,Not Distracted,Apparently Normal,No Required Endorsements,Vision Not Obscured,GEICO IN,MIAMI GARDENS,FL,33169,Male,,Shoulder and Lap Belt Used,,Not Deployed,Not Ejected,N,,,,,N,,,,Possible,Not Transported,No Contributing Action,,,,39,N,N,N,N,N,N,N,N
89482128,2020,1,1,N,WA,E/Operator,Not Distracted,Apparently Normal,No Required Endorsements,Vision Not Obscured,INFINITY AUTO INSURACE,MIAMI,FL,33133,Male,,Shoulder and Lap Belt Used,,Not Deployed,Not Ejected,N,,,,,N,,,,None,Not Transported,No Contributing Action,,,,44,N,N,N,N,N,N,N,N
89483064,2020,1,1,N,FL,E/Operator,Not Distracted,Apparently Normal,No Required Endorsements,Vision Not Obscured,PROGRESSIVE SELECT INSU,MIAMI,FL,33137,Male,,Shoulder and Lap Belt Used,,Not Deployed,Not Ejected,N,,,,,N,,,,None,Not Transported,No Contributing Action,,,,52,N,N,N,N,N,N,N,N
89486102,2020,1,1,N,UK,None,Unknown,Apparently Normal,No Required Endorsements,,UK,UK,UK,33147,Unknown,,Shoulder and Lap Belt Used,,Not Deployed,Not Ejected,N,,,,,N,,,,None,Not Transported,Other Contributing Action,,,,,N,N,N,,N,N,N,N
89486268,2020,1,1,N,FL,E/Operator,Not Distracted,Apparently Normal,No,Vision Not Obscured,PROGRESSIVE AMERICAN IN,MIAMI,FL,33156,Male,,Shoulder and Lap Belt Used,,Not Applicable,Not Ejected,N,,,,,N,,,,Possible,Not Transported,No Contributing Action,,,,61,N,N,N,N,N,N,N,N
89515817,2020,1,1,,FL,E/Operator,Not Distracted,Apparently Normal,No,Vision Not Obscured,WINDHAVEN INSURANCE COMPANY,MIAMI,FL,33157,Male,,Shoulder and Lap Belt Used,,Not Applicable,Not Ejected,N,,,,,N,,,,None,Not Transported,Operated MV in Careless or Negligent Manner,,,,52,N,N,N,N,N,N,N,N
89521616,2020,1,1,,FL,E/Operator,Not Distracted,Apparently Normal,No Required Endorsements,Vision Not Obscured,GEICO GENERAL INSURANCE COMPANY,MIAMI,FL,33165,Female,,Shoulder and Lap Belt Used,,Not Deployed,Not Ejected,N,,,,,N,,,,None,Not Transported,Operated MV in Careless or Negligent Manner,,,,55,N,N,N,N,N,N,N,N
89522066,2020,1,2,,FL,E/Operator,Not Distracted,Apparently Normal,No Required Endorsements,Vision Not Obscured,NOT ON FILE,MIAMI,FL,33142,Male,No Helmet,Shoulder and Lap Belt Used,,Not Deployed,Not Ejected,N,,,,,N,,,,Possible,Not Transported,No Contributing Action,,,,56,N,N,N,N,N,N,N,N
89523305,2020,1,1,,FL,E/Operator,Unknown,Apparently Normal,No Required Endorsements,Vision Not Obscured,FALLS LAKE NATIONAL,MIAMI BEACH,FL,33109,Male,No Helmet,Shoulder and Lap Belt Used,,Not Deployed,Not Ejected,N,,,,,N,,,,None,Not Transported,Operated MV in Careless or Negligent Manner,,,,67,N,N,N,,N,Y,N,N
89526071,2020,2,2,,FL,E/Operator,Not Distracted,Apparently Normal,No Required Endorsements,Vision Not Obscured,ZURICH AMERICAN INSURANCE COMPANY,MIAMI,FL,33130,Male,No Helmet,Shoulder and Lap Belt Used,,Not Deployed,Not Ejected,N,,,,,N,,,,None,Not Transported,No Contributing Action,,,,49,N,N,N,N,N,N,N,N
89527010,2020,1,1,,FL,E/Operator,Not Distracted,Apparently Normal,No,Vision Not Obscured,UNITED AUTOMOBILE INSURANCE COMPANY,MIAMI,FL,33142,Female,,Shoulder and Lap Belt Used,,Not Deployed,Not Ejected,N,,,,,N,,,,None,Not Transported,No Contributing Action,,,,54,N,N,N,N,N,N,N,N
89529577,2020,1,1,,FL,E/Operator,Not Distracted,Apparently Normal,No,Vision Not Obscured,PROGRESSIVE SELECT INSURANCE COMPANY,MIAMI,FL,33142,Male,No Helmet,Shoulder and Lap Belt Used,,Not Deployed,Not Ejected,N,,,,,N,,,,None,Not Transported,No Contributing Action,,,,57,N,N,N,N,N,N,N,N
89529630,2020,1,1,,FL,E/Operator,Not Distracted,Apparently Normal,No Required Endorsements,Vision Not Obscured,STATE FARM MUTUAL AUTOMOBILE INSURANCE C,MIAMI,FL,33177,Male,,Shoulder and Lap Belt Used,,Not Deployed,Not Ejected,N,,,,,N,,,,None,Not Transported,No Contributing Action,,,,30,N,N,N,N,N,N,N,N
89534382,2020,1,1,,FL,E/Operator,Unknown,Apparently Normal,No Required Endorsements,Vision Not Obscured,RISK MANAGEMENT,MIAMI,FL,33172,Male,No Helmet,Shoulder and Lap Belt Used,,Not Deployed,Not Ejected,N,,,,,N,,,,None,Not Transported,Failed to Yield Right-of-Way,,,,26,N,N,N,,N,N,N,N
89535148,2020,1,1,,FL,E/Operator,Not Distracted,Apparently Normal,Yes,Vision Not Obscured,NONE ON FILE,MIAMI,FL,33177,Female,,Shoulder and Lap Belt Used,,Not Deployed,Not Ejected,N,,,,,N,,,,None,Not Transported,Operated MV in Careless or Negligent Manner,,,,25,N,N,N,N,N,N,N,N
89537057,2020,1,2,,FL,E/Operator,Not Distracted,Apparently Normal,No Required Endorsements,Vision Not Obscured,GEICO GENERAL INSURANCE COMPANY,MIAMI,FL,33147,Male,No Helmet,Shoulder and Lap Belt Used,,Not Deployed,Not Ejected,N,,,,,N,,,,Possible,Not Transported,No Contributing Action,,,,44,N,N,N,N,N,N,N,N
89538472,2020,1,1,,OT,None,Inattentive,Apparently Normal,No Required Endorsements,Vision Not Obscured,,UK,OT,UK,Unknown,,Shoulder and Lap Belt Used,,Not Deployed,Not Ejected,N,,,,,N,,,,None,Not Transported,Operated MV in Careless or Negligent Manner,Wrong Side or Wrong Way,Failed to Keep in Proper Lane,Swerved or Avoided,,N,N,N,Y,N,N,N,N
89538566,2020,1,1,,FL,B,Not Distracted,Apparently Normal,No Required Endorsements,Vision Not Obscured,STAR CASUALTY INSURANCE COMPANY,MIAMI,FL,33126,Male,,Shoulder and Lap Belt Used,,Not Deployed,Not Ejected,N,,,,,N,,,,None,Not Transported,Failed to Yield Right-of-Way,,,,54,N,N,N,N,N,N,N,N
89540319,2020,2,2,,FL,E/Operator,Not Distracted,Apparently Normal,No Required Endorsements,Vision Not Obscured,UNITED AUTOMOBILE INSURANCE COMPANY,MIAMI,FL,33138,Female,,Shoulder and Lap Belt Used,,Deployed - Side,Not Ejected,N,,,,,N,,,,None,Not Transported,Ran Stop Sign,,,,24,N,N,N,N,N,N,N,N
89764151,2020,1,1,N,FL,E/Operator,Not Distracted,Apparently Normal,No Required Endorsements,Vision Not Obscured,ALLSTATE FIRE AND CASUA,ST AUGUSTINE,FL,32084,Female,,Shoulder and Lap Belt Used,,Not Deployed,Not Ejected,N,,,,,N,,,,None,Not Transported,No Contributing Action,,,,39,N,N,N,N,N,N,N,N
89764406,2020,1,1,N,FL,E/Operator,Not Distracted,Apparently Normal,No Required Endorsements,Vision Not Obscured,GEICO GENERAL INSURANCE,MIDDLEBURG,FL,32068,Female,,Shoulder and Lap Belt Used,,Not Deployed,Not Ejected,N,,,,,N,,,,None,Not Transported,No Contributing Action,,,,46,N,N,N,N,N,N,N,N
89772088,2020,1,1,N,FL,E/Operator,Not Distracted,Apparently Normal,,Vision Not Obscured,PROGRESSIVE SELECT INSURANCE COMPAN,LAUD BY THE SEA,FL,33308,Female,No Helmet,Shoulder and Lap Belt Used,,Not Deployed,Not Ejected,N,,,,,N,,,,None,Not Transported,No Contributing Action,,,,57,N,N,N,N,N,N,N,N
89781957,2020,1,1,N,FL,E/Operator,Not Distracted,Apparently Normal,No Required Endorsements,Vision Not Obscured,PROGRESSIVE AMERICAN INSURANCE COMP,TAMARAC,FL,33321,Female,No Helmet,Shoulder and Lap Belt Used,,Not Deployed,Not Ejected,N,,,,,N,,,,None,Not Transported,No Contributing Action,,,,73,N,N,N,N,N,Y,N,N
89786546,2020,1,1,N,FL,E/Operator,Not Distracted,Apparently Normal,No Required Endorsements,Vision Not Obscured,PROGRESSIVE AMERICAN INSURANCE COMP,POMPANO BEACH,FL,33064,Female,No Helmet,Shoulder and Lap Belt Used,,Not Deployed,Not Ejected,N,,,,,N,,,,None,Not Transported,No Contributing Action,,,,45,N,N,N,N,N,N,N,N
89787162,2020,1,1,N,FL,E/Operator,Not Distracted,Apparently Normal,No Required Endorsements,Vision Not Obscured,SELF INSURED,POMPANO BEACH,FL,33060,Male,No Helmet,Shoulder and Lap Belt Used,,Not Deployed,Not Ejected,N,,,,,N,,,,None,Not Transported,No Contributing Action,,,,41,N,N,N,N,N,N,N,N
89835451,2020,1,1,N,FL,E/Operator,Not Distracted,Apparently Normal,,Vision Not Obscured,PROGRESSIVE AMERICAN INSURANCE COMP,FORT PIERCE,FL,34982,Female,,Shoulder and Lap Belt Used,,Not Deployed,Not Ejected,N,,,,,N,,,,None,Not Transported,Failed to Yield Right-of-Way,,,,74,N,N,N,N,N,Y,N,N
89851630,2020,1,1,,,,Unknown,Unknown,,Vision Not Obscured,BUDJET SELFINSURED,,,,,,,,,Not Applicable,,,,,,,,,,,Unknown,Failed to Keep in Proper Lane,,,,,N,N,N,,N,N,N,N
89858731,2020,1,1,N,FL,E/Operator,Not Distracted,Apparently Normal,,Vision Not Obscured,SOUTHERN OWNERS,SAINT AUGUSTINE,FL,32084,Male,,Shoulder and Lap Belt Used,,Not Deployed,Not Ejected,N,Test Not Given,,,,N,Test Not Given,,,None,Not Transported,Failed to Yield Right-of-Way,,,,65,N,N,N,N,N,Y,N,N
89864676,2020,1,1,N,FL,E/Operator,Not Distracted,Apparently Normal,No Required Endorsements,Vision Not Obscured,E & S INSURANCE,NAPLES,FL,34109,Male,,Shoulder and Lap Belt Used,,Not Deployed,Not Ejected,N,,,,,N,,,,None,Not Transported,No Contributing Action,,,,44,N,N,N,N,N,N,N,N
89868278,2020,1,1,N,FL,E/Operator,External Distraction,Apparently Normal,No Required Endorsements,Vision Not Obscured,GEICO GENERAL INSURANCE,NAPLES,FL,34117,Male,,Shoulder and Lap Belt Used,,Not Deployed,Not Ejected,N,,,,,N,,,,None,Not Transported,Failed to Yield Right-of-Way,,,,65,N,N,N,Y,N,Y,N,N
89868586,2020,1,1,N,FL,E/Operator,External Distraction,Apparently Normal,No Required Endorsements,Vision Not Obscured,PROGRESSIVE SELECT INSU,NAPLES,FL,34104,Male,,Shoulder and Lap Belt Used,,Not Deployed,Not Ejected,N,,,,,N,,,,None,Not Transported,No Contributing Action,,,,16,N,N,N,Y,N,N,Y,N
89870447,2020,1,1,N,FL,E/Operator,Not Distracted,Apparently Normal,No Required Endorsements,Vision Not Obscured,UNITED SERVICES AUTOMOB,NAPLES,FL,34113,Female,,Shoulder and Lap Belt Used,,Not Deployed,Not Ejected,N,,,,,N,,,,None,Not Transported,Ran Stop Sign,,,,57,N,N,N,N,N,N,N,N
89878546,2020,1,1,N,FL,E/Operator,Inattentive,Apparently Normal,,All Other,SECURITY NATIONAL INSURANCE COMPANY,CAPE CORAL,FL,33990,Male,,Shoulder and Lap Belt Used,,Not Deployed,Not Ejected,N,,,,,N,,,,None,Not Transported,Operated MV in Careless or Negligent Manner,,,,44,N,N,N,Y,N,N,N,N
89883517,2020,1,1,N,,None,Unknown,Unknown,,,UK,,,,Female,,,,,,,,,,,,,,,None,,Failed to Yield Right-of-Way,,,,,N,N,N,,N,N,N,N
89885296,2020,1,1,N,FL,E/Operator,Not Distracted,Apparently Normal,No Required Endorsements,Vision Not Obscured,PROGRESSIVE,LAKE WORTH,FL,33461,Female,No Helmet,Shoulder and Lap Belt Used,,Not Deployed,Not Ejected,N,,,,,N,,,,None,Not Transported,No Contributing Action,,,,34,N,N,N,N,N,N,N,N
89885916,2020,1,1,N,FL,E/Operator,Not Distracted,Apparently Normal,No Required Endorsements,Vision Not Obscured,STATE FARM MUTUAL AUTOMOBILE INSURANC,ROYAL PALM BEACH,FL,33411,Male,No Helmet,Shoulder and Lap Belt Used,,Not Deployed,Not Ejected,N,,,,,N,,,,None,Not Transported,No Contributing Action,,,,50,N,N,N,N,N,N,N,N
89903415,2020,1,1,N,MI,E/Operator,Not Distracted,Apparently Normal,No Required Endorsements,Vision Not Obscured,FREMONT INSURANCE COMPANY,VASSAR,MI,48768,Female,,Shoulder and Lap Belt Used,,Not Deployed,Not Ejected,N,,,,,N,,,,None,Not Transported,Failed to Yield Right-of-Way,No Contributing Action,No Contributing Action,No Contributing Action,78,N,N,N,N,N,Y,N,N
89904318,2020,1,1,N,FL,E/Operator,Not Distracted,Apparently Normal,No Required Endorsements,Vision Not Obscured,STATE FARM MUTUAL AUTOM,CLEARWATER,FL,33763,Female,,Shoulder and Lap Belt Used,,Not Deployed,Not Ejected,N,,,,,N,,,,None,Not Transported,No Contributing Action,,,,48,N,N,N,N,N,N,N,N
89905317,2020,1,1,N,WI,D/Chauffeur,Not Distracted,Apparently Normal,No Required Endorsements,Vision Not Obscured,PROGRESSIVE,SHEBOYGAN,WI,53081,Male,,Shoulder and Lap Belt Used,,Not Applicable,Not Ejected,N,,,,,N,,,,None,Not Transported,No Contributing Action,,,,35,N,N,N,N,N,N,N,N
89905681,2020,1,1,N,,None,Not Distracted,Apparently Normal,No Required Endorsements,Vision Not Obscured,OCEAN HARBOR CASUALTY I,CLEARWATER,FL,33756,Male,,Shoulder and Lap Belt Used,,Not Deployed,Not Ejected,N,,,,,N,,,,None,Not Transported,Operated MV in Careless or Negligent Manner,,,,49,N,N,N,N,N,N,N,N
89906359,2020,1,1,N,FL,E/Operator,Inattentive,Apparently Normal,Yes,Vision Not Obscured,PROGRESSIVE AMERICAN IN,PINELLAS PARK,FL,33781,Male,,Shoulder and Lap Belt Used,,Not Deployed,Not Ejected,N,,,,,N,,,,None,Not Transported,Ran Red Light,,,,41,N,N,N,Y,N,N,N,N
89910660,2020,1,1,,,,Unknown,Unknown,,,,,,,,,,,,Unknown,,,,,,,,,,,Unknown,,,,,,N,N,N,,N,N,N,N
89910870,2020,1,1,,,,Unknown,Unknown,,,,,,,,,,,,Unknown,,,,,,,,,,,Unknown,,,,,,N,N,N,,N,N,N,N
89913772,2020,1,1,N,FL,E/Operator,Not Distracted,Apparently Normal,No Required Endorsements,Vision Not Obscured,GEICO GENERAL INSURANCE,PORT CHARLOTTE,FL,33953,Male,,Shoulder and Lap Belt Used,,Not Deployed,Not Ejected,N,,,,,N,,,,None,Not Transported,Operated MV in Careless or Negligent Manner,,,,38,N,N,N,N,N,N,N,N
89917799,2020,1,1,N,FL,E/Operator,Unknown,Apparently Normal,No Required Endorsements,Parked/Stopped Vehicle,OCEAN HARBOR,WEST PALM BEACH,FL,33401,Female,No Helmet,Shoulder and Lap Belt Used,,Not Deployed,Not Ejected,N,,,,,N,,,,None,Not Transported,Failed to Yield Right-of-Way,,,,53,N,N,N,,N,N,N,N
89929693,2020,1,2,N,FL,E/Operator,Not Distracted,Apparently Normal,,Vision Not Obscured,PROGRESSIVE AMERICAN INSURANCE COMP,MIAMI,FL,33143,Male,No Helmet,Shoulder and Lap Belt Used,,Not Deployed,Not Ejected,N,,,,,N,,,,None,Not Transported,No Contributing Action,,,,27,N,N,N,N,N,N,N,N
89946716,2020,1,2,N,FL,E/Operator,Not Distracted,Apparently Normal,No Required Endorsements,Vision Not Obscured,USAA,JACKSONVILLE,FL,32219,Male,,Shoulder and Lap Belt Used,,Not Deployed,Not Ejected,N,Test Not Given,,,,N,Test Not Given,,,None,Not Transported,No Contributing Action,,,,60,N,N,N,N,N,N,N,N
89966097,2020,1,1,N,FL,E/Operator,Unknown,Apparently Normal,No Required Endorsements,Vision Not Obscured,PROGRESSIVE AMERICAN IN,TEMPLE TERRACE,FL,33617,Female,,Shoulder and Lap Belt Used,,Not Deployed,Not Ejected,N,,,,,N,,,,None,Not Transported,Operated MV in Careless or Negligent Manner,,,,21,N,N,N,,N,N,N,N
89966370,2020,1,1,N,FL,E/Operator,Not Distracted,Apparently Normal,No Required Endorsements,Vision Not Obscured,DIRECT GENERAL INSURANC,TAMPA,FL,33612,Male,,Shoulder and Lap Belt Used,,Not Deployed,Not Ejected,N,,,,,N,,,,None,Not Transported,Failed to Yield Right-of-Way,,,,29,N,N,N,N,N,N,N,N
89995910,2020,1,1,N,FL,E/Operator,Not Distracted,Apparently Normal,No,Vision Not Obscured,PROGRESSIVE AMERICAN INSURANCE COMP,HALLANDALE BEACH,FL,33009,Female,No Helmet,Shoulder and Lap Belt Used,N,Not Deployed,Not Ejected,N,,,,,N,,,,None,Not Transported,No Contributing Action,,,,37,N,N,N,N,N,N,N,N
89997168,2020,1,1,N,FL,E/Operator,Not Distracted,Apparently Normal,No Required Endorsements,Vision Not Obscured,GEICO,SEBASTIAN,FL,32958,Female,,Shoulder and Lap Belt Used,,Not Deployed,Not Ejected,N,,,,,N,,,,None,Not Transported,Other Contributing Action,,,,55,N,N,N,N,N,N,N,N
90109403,2020,1,1,,,,Unknown,Unknown,,,,,,,,,,,,Unknown,,,,,,,,,,,Unknown,,,,,,N,N,N,,N,N,N,N
90128019,2020,1,1,N,FL,A,Not Distracted,Apparently Normal,No Required Endorsements,Vision Not Obscured,GEICO GENERAL INSURANCE,MIAMI,FL,33135,Male,,Shoulder and Lap Belt Used,,Not Deployed,Not Ejected,N,,,,,N,,,,None,Not Transported,Failed to Yield Right-of-Way,,,,25,N,N,N,N,N,N,N,N
24033091,2021,1,1,,FL,E/Operator,Not Distracted,Apparently Normal,No Required Endorsements,Vision Not Obscured,USAA GENERAL INDEMNITY COMPANY,PORT ORANGE,FL,32128,Female,No Helmet,Shoulder and Lap Belt Used,,Not Deployed,Not Ejected,N,,,,,N,,,,None,Not Transported,Operated MV in Careless or Negligent Manner,,,,35,N,N,N,N,N,N,N,N
24075754,2021,1,1,N,FL,E/Operator,Not Distracted,Apparently Normal,No Required Endorsements,Vision Not Obscured,PROGRESSIVE AMERICAN,SAINT CLOUD,FL,34769,Male,No Helmet,Shoulder and Lap Belt Used,N,Not Deployed,Not Ejected,N,,,,,N,,,,None,Not Transported,No Contributing Action,,,,34,N,N,N,N,N,N,N,N
24079338,2021,1,1,,,,Unknown,Unknown,,,HERTZ RENTAL COMPANY,,,,,,,,,Unknown,,,,,,,,,,,Unknown,,,,,,N,N,N,,N,N,N,N
24089266,2021,1,2,N,,,,Apparently Normal,,,USAA CASUALTY INSURANCE COMPANY,,,,Female,,,,Not Deployed,Not Ejected,,,,,,,,,,,,,,,,,N,N,N,,N,N,N,N
24089818,2021,1,1,N,FL,A,Inattentive,Apparently Normal,No Required Endorsements,Vision Not Obscured,DIRECT AUTO INSURANCE,GAINESVILLE,FL,32607,Male,No Helmet,Shoulder and Lap Belt Used,,Not Deployed,Not Ejected,N,,,,,N,,,,None,Not Transported,Other Contributing Action,,,,35,N,N,N,Y,N,N,N,N
24090513,2021,1,1,N,FL,E/Operator,Not Distracted,Apparently Normal,No Required Endorsements,Vision Not Obscured,AUTO CLUB SOUTH INSURANCE COMPANY,GAINESVILLE,FL,32653,,No Helmet,Shoulder and Lap Belt Used,,Not Deployed,Not Ejected,Y,Test Not Given,,,,N,,,,Incapacitating,EMS,No Contributing Action,,,,34,N,Y,N,N,N,N,N,N
24112661,2021,1,1,N,FL,E/Operator,Inattentive,Under the Influence of Medications/Drugs/Alcohol,No Required Endorsements,Vision Not Obscured,FARMERS INSURANCE,JACKSONVILLE,FL,32202,Male,,Shoulder and Lap Belt Used,,Not Deployed,Not Ejected,Y,Test Given,Breath,Completed,0.15,N,Test Not Given,,,None,Not Transported,Wrong Side or Wrong Way,,,,37,N,Y,N,Y,N,N,N,N
24115370,2021,1,1,N,FL,E/Operator,Not Distracted,Apparently Normal,No Required Endorsements,Vision Not Obscured,PROGRESSIVE,JACKSONVILLE,FL,32208,Female,,Shoulder and Lap Belt Used,,Not Deployed,Not Ejected,N,Test Not Given,,,,N,Test Not Given,,,None,Not Transported,No Contributing Action,,,,64,N,N,N,N,N,N,N,N
24134601,2021,1,1,N,GA,C,Not Distracted,Apparently Normal,No Required Endorsements,Vision Not Obscured,USAA CASUALTY INSURANCE,CALHOUN,GA,307019551,Male,,Shoulder and Lap Belt Used,,Not Deployed,Not Ejected,N,,,,,N,,,,None,Not Transported,Failed to Yield Right-of-Way,,,,24,N,N,N,N,N,N,N,N
24150328,2021,1,1,N,FL,E/Operator,Not Distracted,Apparently Normal,No Required Endorsements,Vision Not Obscured,GEICO GENERAL INSURANCE,COCOA BEACH,FL,32931,Male,,Shoulder and Lap Belt Used,,Not Deployed,Not Ejected,N,,,,,N,,,,None,Not Transported,No Contributing Action,,,,74,N,N,N,N,N,Y,N,N
24164228,2021,1,1,N,FL,E/Operator,Not Distracted,Apparently Normal,No Required Endorsements,Vision Not Obscured,PROGRESSIVE SELECT INSURANCE COMPANY,DELRAY BEACH,FL,33446,Female,No Helmet,Shoulder and Lap Belt Used,,Not Deployed,Not Ejected,N,,,,,N,,,,None,Not Transported,No Contributing Action,,,,50,N,N,N,N,N,N,N,N
24167547,2021,1,1,N,FL,E/Operator,Not Distracted,Apparently Normal,No Required Endorsements,Trees/Crops/Bushes,PROGRESSIVE SELECT INSURANCE COMPANY,BOCA RATON,FL,33428,Male,DOT-Compliant Motorcycle Helmet,Shoulder and Lap Belt Used,,Not Deployed,Not Ejected,N,,,,,N,,,,None,Not Transported,Operated MV in Careless or Negligent Manner,,,,59,N,N,N,N,N,N,N,N
24181941,2021,1,1,N,FL,E/Operator,Not Distracted,Apparently Normal,No Required Endorsements,Vision Not Obscured,PROGRESSIVE,MIAMI GARDENS,FL,33055,Male,No Helmet,Shoulder and Lap Belt Used,,Not Deployed,Not Ejected,N,,,,,N,,,,None,Not Transported,No Contributing Action,,,,40,N,N,N,N,N,N,N,N
24189158,2021,1,1,N,FL,E/Operator,Not Distracted,Apparently Normal,No Required Endorsements,Vision Not Obscured,GEICO GENERAL INSURANCE COMPANY,HIALEAH,FL,33015,Male,No Helmet,Shoulder and Lap Belt Used,,Not Deployed,Not Ejected,N,,,,,N,,,,None,Not Transported,No Contributing Action,,,,49,N,N,N,N,N,N,N,N
24190606,2021,1,1,N,,None,Inattentive,Apparently Normal,,Vision Not Obscured,OCEAN HARBER CASUALTY,HOLLYWOOD,FL,33024,,No Helmet,Shoulder and Lap Belt Used,,Not Deployed,Not Ejected,N,,,,,N,,,,None,Not Transported,Operated MV in Careless or Negligent Manner,,,,16,N,N,N,Y,N,N,Y,N
24191871,2021,1,1,N,FL,E/Operator,Not Distracted,Apparently Normal,No,Vision Not Obscured,GEICO GENERAL INSURANCE COMPANY,DEERFIELD BEACH,FL,33441,Male,No Helmet,Shoulder and Lap Belt Used,N,Not Deployed,Not Ejected,N,,,,,N,,,,None,Not Transported,Failed to Yield Right-of-Way,Improper Turn,,,56,N,N,N,N,N,N,N,N
24197465,2021,1,1,N,FL,E/Operator,Inattentive,Apparently Normal,No Required Endorsements,Vision Not Obscured,ALLSTATE FIRE AND CASUALTY INSURANC,LAUDERHILL,FL,33319,Male,No Helmet,Shoulder and Lap Belt Used,,Not Deployed,Not Ejected,N,,,,,N,,,,None,Not Transported,Operated MV in Careless or Negligent Manner,Improper Backing,,,73,N,N,N,Y,N,Y,N,N
24199835,2021,1,1,N,NY,E/Operator,Not Distracted,Apparently Normal,No,Vision Not Obscured,GEICO,CONEY ISLAND,NY,11222,Male,No Helmet,Not Applicable (non-motorist),,Not Applicable,Not Ejected,N,,,,,N,,,,None,Not Transported,No Contributing Action,,,,31,N,N,N,N,N,N,N,N
24205158,2021,1,1,N,FL,E/Operator,Not Distracted,Apparently Normal,No Required Endorsements,Vision Not Obscured,LM GENERAL INSURANCE COMPANY,MARGATE,FL,33068,Female,No Helmet,Shoulder and Lap Belt Used,,Not Deployed,Not Ejected,N,,,,,N,,,,None,Not Transported,Failed to Yield Right-of-Way,,,,61,N,N,N,N,N,N,N,N
24208734,2021,1,1,N,FL,E/Operator,Not Distracted,Apparently Normal,No Required Endorsements,Vision Not Obscured,STATE FARM MUTUAL AUTOMOBILE,MIAMI,FL,33165,Male,,Shoulder and Lap Belt Used,,Not Applicable,Not Ejected,N,,,,,N,,,,None,Not Transported,Operated MV in Careless or Negligent Manner,,,,34,N,N,N,N,N,N,N,N
24210984,2021,1,1,N,FL,E/Operator,Not Distracted,Apparently Normal,No Required Endorsements,Vision Not Obscured,INFINITY AUTO INSURANCE,MIAMI,FL,33156,Male,,Shoulder and Lap Belt Used,,Not Deployed,Not Ejected,N,,,,,N,,,,None,Not Transported,Failed to Yield Right-of-Way,,,,23,N,N,N,N,N,N,N,N
24211749,2021,1,1,N,FL,E/Operator,Not Distracted,Apparently Normal,No Required Endorsements,Vision Not Obscured,STATE FARM INSURANCE,MIAMI,FL,33137,Male,,Shoulder and Lap Belt Used,,Not Deployed,Not Ejected,N,,,,,N,,,,None,Not Transported,No Contributing Action,,,,46,N,N,N,N,N,N,N,N
