REPORT_NUMBER,CRASH_YEAR,PERSON_NUMBER,LOCATION_AT_TIME_OF_CRASH_CODE,ACTION_PRIOR_TO_CRASH_CODE,NON_MOTORIST_DESCRIPTION_CODE,CITY,STATE,ZIP_CODE,SEX,SUSPECTED_ALCOHOL_USE_CODE,ALCOHOL_TESTED_CODE,ALCOHOL_TEST_TYPE_CODE,ALCOHOL_TEST_RESULT,BLOOD_ALCOHOL_CONTENT,SUSPECTED_DRUG_USE_CODE,DRUG_TESTED_CODE,DRUG_TEST_TYPE_CODE,DRUG_TEST_RESULT,INJURY_SEVERITY,EMS_TRANSPORT_TYPE,NON_MOTORIST_ACTIONS_CIRCUMSTANCES_1,NON_MOTORIST_ACTIONS_CIRCUMSTANCES_2,SAFETY_EQUIPMENT_CODE_1,SAFETY_EQUIPMENT_CODE_2,S4_AGE_AT_TIME_OF_CRASH,S4_IS_ALCOHOL_RELATED,S4_IS_DRUG_RELATED,S4_IS_AGING,S4_IS_TEENAGER
89351019,2020,3,Driveway Access,Other,Other Cyclist,LAKE WORTH,FL,33460,Male,N,,,,,N,,,,Non-Incapacitating,EMS,No Improper Action,,None,,3,N,N,N,N
89351019,2020,2,Driveway Access,Other,Bicyclist,LAKE WORTH,FL,33460,Female,N,,,,,N,,,,Non-Incapacitating,EMS,Wrong-Way Riding or Walking,,None,,39,N,N,N,N
89374446,2020,1,Intersection - Other,Walking/Cycling Along Roadway With Traffic,Other Cyclist,LAKELAND,,33801,Male,N,,,,,N,,,,Non-Incapacitating,Not Transported,Other,,None,,17,N,N,N,Y
24212283,2021,2,Other,Other,Other Cyclist,HUMBLE,TX,77396,Female,N,,,,,N,,,,Possible,EMS,Other,,None,,29,N,N,N,N
89382366,2020,2,Intersection - Unmarked Crosswalk,Crossing Roadway,Other Cyclist,ST PETERSBURG,FL,33712,Male,N,,,,,N,,,,None,Not Transported,Dart/Dash,,None,,19,N,N,N,Y
89384143,2020,3,Intersection - Other,Other,Other Cyclist,ST PETERSBURG,FL,33707,Male,N,,,,,N,,,,Non-Incapacitating,EMS,"Failure to Obey Traffic Signs, Signals, or Officer",,None,,26,N,N,N,N
89472781,2020,2,Intersection - Unmarked Crosswalk,Crossing Roadway,Other Cyclist,LAKE CITY,FL,32025,Female,N,Test Not Given,,,,N,Test Not Given,,,Incapacitating,Other,No Improper Action,,None,,45,N,N,N,N
89384910,2020,2,Shoulder/Roadside,Walking/Cycling Along Roadway With Traffic,Other Cyclist,INDIAN ROCKS BCH,FL,33785,Male,N,,,,,N,,,,Non-Incapacitating,Not Transported,No Improper Action,,None,,48,N,N,N,N
89384910,2020,3,Other,None,Occupant of Motor Vehicle Not in Transport,ST PETERSBURG,FL,33712,Female,N,,,,,N,,,,None,Not Transported,No Improper Action,,None,,58,N,N,N,N
89396052,2020,2,Other,Other,Other Cyclist,HOMESTEAD,FL,33030,,N,,,,,N,,,,Non-Incapacitating,Not Transported,Other,,None,,,N,N,N,N
89405802,2020,2,Intersection - Other,Crossing Roadway,Other Cyclist,SARASOTA,,34234,Male,N,,,,,N,,,,Possible,Not Transported,Failure to Yield Right-of-Way,,None,,22,N,N,N,N
89424098,2020,2,Intersection - Marked Crosswalk,Crossing Roadway,Other Cyclist,Palm Coast,FL,32137,Female,N,Test Not Given,,,,N,Test Not Given,,,Possible,EMS,No Improper Action,No Improper Action,Helmet,None,59,N,N,N,N
89433619,2020,1,Median/Crossing Island,Crossing Roadway,Other Cyclist,RIVERVIEW,FL,33579,Female,N,Test Not Given,,,,N,Test Not Given,,,None,Not Transported,Dart/Dash,,None,,12,N,N,N,N
89468528,2020,1,Intersection - Unmarked Crosswalk,Crossing Roadway,Other Cyclist,JACKSONVILLE,FL,32220,Male,N,Test Not Given,,,,N,Test Not Given,,,Non-Incapacitating,Not Transported,No Improper Action,,None,None,30,N,N,N,N
89468528,2020,3,Intersection - Unmarked Crosswalk,Crossing Roadway,Other Cyclist,JACKSONVILLE,FL,32220,Male,N,Test Not Given,,,,N,Test Not Given,,,None,Not Transported,No Improper Action,,None,,13,N,N,N,N
89468528,2020,4,Intersection - Unmarked Crosswalk,Crossing Roadway,Other Cyclist,JACKSONVILLE,FL,32220,Male,N,Test Not Given,,,,N,Test Not Given,,,None,Not Transported,No Improper Action,,None,,24,N,N,N,N
89469733,2020,1,Shoulder/Roadside,Walking/Cycling Along Roadway With Traffic,Other Cyclist,JACKSONVILLE,FL,32257,Male,N,Test Not Given,,,,N,Test Not Given,,,Non-Incapacitating,Not Transported,No Improper Action,,Lighting,,48,N,N,N,N
89481123,2020,2,Other,Crossing Roadway,Other Cyclist,MIAMI,FL,33169,Male,N,,,,,N,,,,Possible,EMS,Failure to Yield Right-of-Way,,None,,15,N,N,N,Y
89481123,2020,3,Other,Crossing Roadway,Other Cyclist,MIAMI,FL,33169,Male,N,,,,,N,,,,Possible,EMS,Failure to Yield Right-of-Way,,None,,15,N,N,N,Y
89482128,2020,2,Other,Crossing Roadway,Other Cyclist,MIAMI,FL,,Male,N,,,,,N,,,,Possible,Not Transported,Failure to Yield Right-of-Way,,Other,,26,N,N,N,N
89483064,2020,2,Shoulder/Roadside,In Roadway - Other,Other Cyclist,,,,Male,N,,,,,N,,,,None,Not Transported,Improper Passing,,None,,,N,N,N,N
89484638,2020,1,Other,Other,Other Cyclist,ATLANTA,GA,30316,Male,N,,,,,N,,,,None,Not Transported,Other,,None,,42,N,N,N,N
89486102,2020,2,Unknown,Unknown,Other Cyclist,HOPKINS,MN,55343,Female,N,,,,,N,,,,Non-Incapacitating,EMS,Unknown,Unknown,None,,24,N,N,N,N
89486268,2020,3,Intersection - Marked Crosswalk,Crossing Roadway,Other Cyclist,MIAMI,FL,33133,Male,N,,,,,N,,,,Possible,EMS,Improper Passing,,None,,73,N,N,Y,N
89515817,2020,2,Intersection - Other,Walking/Cycling Along Roadway With Traffic,Other Cyclist,MIAMI,,33147,Male,N,,,,,N,,,,None,Not Transported,Failure to Yield Right-of-Way,,None,,17,N,N,N,Y
89521616,2020,2,Intersection - Marked Crosswalk,Crossing Roadway,Other Cyclist,MIAMI,,33185,Male,N,,,,,N,,,,Non-Incapacitating,Not Transported,No Improper Action,,None,,74,N,N,Y,N
89522066,2020,1,Other,Crossing Roadway,Other Cyclist,MIAMI,,00000,Male,,,,,,,,,,Incapacitating,EMS,Other,,None,,65,N,N,Y,N
89523305,2020,2,Other,Other,Other Cyclist,MIAMI,,33109,Male,N,,,,,N,,,,Non-Incapacitating,EMS,No Improper Action,,Helmet,,53,N,N,N,N
89526071,2020,1,Other,Crossing Roadway,Other Cyclist,MIAMI,,33193,Male,N,,,,,N,,,,Non-Incapacitating,EMS,Failure to Yield Right-of-Way,,None,,46,N,N,N,N
89527010,2020,2,Shoulder/Roadside,Walking/Cycling on Sidewalk,Other Cyclist,MIAMI,,33147,Female,N,,,,,N,,,,Possible,EMS,No Improper Action,,None,,40,N,N,N,N
89529577,2020,2,Intersection - Marked Crosswalk,Crossing Roadway,Other Cyclist,MIAMI,,33142,Male,N,,,,,N,,,,Non-Incapacitating,Not Transported,No Improper Action,,None,,61,N,N,N,N
89529630,2020,2,Shoulder/Roadside,In Roadway - Other,Other Cyclist,PRINCETON,,33032,Male,N,,,,,N,,,,Non-Incapacitating,EMS,Failure to Yield Right-of-Way,Improper Passing,None,Lighting,32,N,N,N,N
89538566,2020,2,Intersection - Other,Unknown,Other Cyclist,MIAMI,,33150,Male,N,,,,,N,,,,Incapacitating,EMS,Unknown,,None,,36,N,N,N,N
89534382,2020,2,Intersection - Other,Other,Other Cyclist,MIAMI,,33142,Male,N,,,,,N,,,,Non-Incapacitating,EMS,No Improper Action,,None,,27,N,N,N,N
89535148,2020,2,Intersection - Marked Crosswalk,Crossing Roadway,Other Cyclist,MIAMI,,33156,Male,N,,,,,N,,,,None,Not Transported,No Improper Action,,None,,78,N,N,Y,N
89537057,2020,1,Intersection - Unmarked Crosswalk,Other,Other Cyclist,UK,,UK,Male,,,,,,,,,,Possible,Not Transported,Other,,Unknown,,,N,N,N,N
89538472,2020,2,Travel Lane - Other Location,Walking/Cycling Along Roadway With Traffic,Other Cyclist,MIAMI,,33177,Male,N,,,,,N,,,,None,EMS,No Improper Action,,None,,42,N,N,N,N
89540319,2020,1,Other,Unknown,Other Cyclist,UNK,,UNK,Male,N,,,,,N,,,,Possible,Not Transported,Other,,None,,,N,N,N,N
89764151,2020,2,Intersection - Marked Crosswalk,Walking/Cycling on Sidewalk,Other Cyclist,FLEMING ISLAND,FL,32003,Male,N,,,,,N,,,,Possible,Not Transported,In Roadway Improperly,,Helmet,,61,N,N,N,N
89764406,2020,2,Travel Lane - Other Location,In Roadway - Other,Other Cyclist,ORANGE PARK,FL,32065,Male,N,,,,,N,,,,Non-Incapacitating,EMS,No Improper Action,,None,,17,N,N,N,Y
89772088,2020,2,Intersection - Other,Crossing Roadway,Other Cyclist,PHILADELPHIA,PA,19145,,N,,,,,N,,,,Incapacitating,EMS,Failure to Yield Right-of-Way,"Failure to Obey Traffic Signs, Signals, or Officer",None,,,N,N,N,N
89781957,2020,2,Other,Crossing Roadway,Other Cyclist,TAMARAC,FL,33321,,N,,,,,N,,,,None,Not Transported,Failure to Yield Right-of-Way,,None,,,N,N,N,N
89786546,2020,2,Sidewalk,Walking/Cycling on Sidewalk,Other Cyclist,DEERFIELD BEACH,FL,33441,,N,,,,,N,,,,Non-Incapacitating,EMS,Dart/Dash,,None,,,N,N,N,N
89787162,2020,2,Sidewalk,Walking/Cycling on Sidewalk,Other Cyclist,POMPANO BEACH,FL,33060,,N,,,,,N,,,,Non-Incapacitating,Not Transported,Inattentive,,None,,,N,N,N,N
89835451,2020,2,Intersection - Marked Crosswalk,Other,Other Cyclist,PORT SAINT LUCIE,FL,34952,,N,,,,,N,,,,Non-Incapacitating,EMS,No Improper Action,,None,,,N,N,N,N
89851630,2020,2,Sidewalk,None,Other Cyclist,INDIALANTIC,FL,32903,Female,N,,,,,N,,,,Non-Incapacitating,EMS,No Improper Action,,None,,55,N,N,N,N
89858731,2020,2,Intersection - Marked Crosswalk,Crossing Roadway,Other Cyclist,ST AUGUSTINE,FL,32084,Male,N,Test Not Given,,,,N,Test Not Given,,,None,Not Transported,No Improper Action,,Helmet,,63,N,N,N,N
89864676,2020,2,Travel Lane - Other Location,Crossing Roadway,Other Cyclist,NAPLES,FL,34108,Male,N,,,,,N,,,,Possible,EMS,Failure to Yield Right-of-Way,,None,,63,N,N,N,N
89868278,2020,2,Driveway Access,Walking/Cycling on Sidewalk,Other Cyclist,NAPLES,FL,34105,Male,N,,,,,N,,,,None,EMS,Other,,None,,20,N,N,N,N
89868586,2020,4,Other,Other,Other Cyclist,NAPLES,FL,34106,Male,N,,,,,N,,,,Possible,Not Transported,No Improper Action,,None,,17,N,N,N,Y
89870447,2020,2,Intersection - Marked Crosswalk,Adjacent to Roadway,Other Cyclist,NAPLES,FL,34116,Male,N,,,,,N,,,,Possible,Not Transported,Dart/Dash,,Helmet,,17,N,N,N,Y
89878546,2020,4,Shoulder/Roadside,Walking/Cycling Along Roadway With Traffic,Bicyclist,CAPE CORAL,FL,33990,,N,,,,,N,,,,None,Not Transported,No Improper Action,,None,,,N,N,N,N
89878546,2020,5,Shoulder/Roadside,Walking/Cycling Along Roadway Against Traffic,Other Cyclist,CAPE CORAL,FL,33990,,N,,,,,N,,,,None,Not Transported,No Improper Action,,None,,,N,N,N,N
89883517,2020,2,Intersection - Unmarked Crosswalk,Crossing Roadway,Bicyclist,WEST PALM BEACH,FL,33409,Male,N,,,,,N,,,,Possible,Not Transported,No Improper Action,,None,,13,N,N,N,N
89883517,2020,3,Intersection - Unmarked Crosswalk,Crossing Roadway,Other Cyclist,"WEST PALM BEACH, FL",FL,33409,Male,N,,,,,N,,,,None,Not Transported,No Improper Action,No Improper Action,None,None,13,N,N,N,N
89885296,2020,2,Driveway Access,Crossing Roadway,Other Cyclist,WEST PALM BEACH,FL,33407,Male,N,,,,,N,,,,None,Not Transported,Other,,None,,67,N,N,Y,N
89885916,2020,2,Sidewalk,Walking/Cycling on Sidewalk,Other Cyclist,ROYAL PALM BEACH,FL,33411,Female,N,,,,,N,,,,Possible,Not Transported,,,None,,5,N,N,N,N
89903415,2020,2,Intersection - Marked Crosswalk,Crossing Roadway,Other Cyclist,ZEPHYRHILLS,FL,33542,Male,N,,,,,N,,,,Incapacitating,Other,No Improper Action,,None,,68,N,N,Y,N
89904318,2020,3,Travel Lane - Other Location,Walking/Cycling Along Roadway With Traffic,Other Cyclist,CLEARWATER,FL,33765,Male,N,,,,,N,,,,None,Not Transported,Failure to Yield Right-of-Way,,None,,66,N,N,Y,N
89905317,2020,3,Intersection - Marked Crosswalk,Walking/Cycling on Sidewalk,Other Cyclist,CLEARWATER,FL,33767,Male,N,,,,,N,,,,Non-Incapacitating,EMS,Dart/Dash,,None,,27,N,N,N,N
89905681,2020,2,Intersection - Other,Crossing Roadway,Other Cyclist,CLEARWATER,FL,33756,Female,N,,,,,N,,,,None,Not Transported,No Improper Action,,None,,52,N,N,N,N
89906359,2020,2,Intersection - Marked Crosswalk,Crossing Roadway,Other Cyclist,CLEARWATER,FL,33765,Male,N,,,,,N,,,,None,Not Transported,No Improper Action,,None,,57,N,N,N,N
89910660,2020,2,Driveway Access,Crossing Roadway,Other Cyclist,SARASOTA,FL,34231,Female,N,,,,,N,,,,None,Not Transported,No Improper Action,,None,,52,N,N,N,N
89910870,2020,2,Travel Lane - Other Location,Crossing Roadway,Bicyclist,SARASOTA,FL,34234,Male,N,,,,,N,,,,None,Not Transported,Failure to Yield Right-of-Way,,None,,10,N,N,N,N
89910870,2020,3,Travel Lane - Other Location,Crossing Roadway,Other Cyclist,SARASOTA,FL,34234,Male,N,,,,,N,,,,Non-Incapacitating,Not Transported,No Improper Action,,None,,11,N,N,N,N
89913772,2020,2,Other,Walking/Cycling Along Roadway With Traffic,Other Cyclist,PT CHARLOTTE,FL,33948,Male,N,,,,,N,,,,Possible,EMS,No Improper Action,,None,,50,N,N,N,N
89917799,2020,2,Travel Lane - Other Location,Other,Other Cyclist,WEST PALM BEACH,FL,33407,,N,,,,,N,,,,Non-Incapacitating,EMS,Other,,None,,,N,N,N,N
89929693,2020,1,Other,Crossing Roadway,Other Cyclist,DAVIE,FL,33324,,N,,,,,N,,,,None,Not Transported,Failure to Yield Right-of-Way,,None,None,,N,N,N,N
89946716,2020,1,Other,Crossing Roadway,Other Cyclist,JACKSONVILLE,FL,32244,Male,N,Test Not Given,,,,N,Test Not Given,,,Non-Incapacitating,EMS,Failure to Yield Right-of-Way,,Unknown,,10,N,N,N,N
89966097,2020,2,Shoulder/Roadside,Walking/Cycling Along Roadway With Traffic,Other Cyclist,TAMPA,FL,33614,Male,N,,,,,N,,,,Non-Incapacitating,EMS,Not Visible,,None,,32,N,N,N,N
89966370,2020,2,Midblock - Marked Crosswalk,Crossing Roadway,Other Cyclist,TAMPA,FL,33612,Male,N,,,,,N,,,,None,Not Transported,No Improper Action,,None,,33,N,N,N,N
89995910,2020,2,Intersection - Marked Crosswalk,Crossing Roadway,Other Cyclist,UNKNOWN,UK,11111,,N,,,,,N,,,,Possible,EMS,Failure to Yield Right-of-Way,,None,,,N,N,N,N
89997168,2020,2,Intersection - Marked Crosswalk,Walking/Cycling on Sidewalk,Other Cyclist,PALM BAY,FL,32905,Male,N,,,,,N,,,,Non-Incapacitating,Not Transported,No Improper Action,,None,,21,N,N,N,N
90109403,2020,2,Intersection - Marked Crosswalk,Other,Other Cyclist,TALLAHASSEE,FL,32310,Male,N,,,,,N,,,,None,EMS,Improper Turn/Merge,,None,,20,N,N,N,N
90128019,2020,2,Shoulder/Roadside,Walking/Cycling Along Roadway With Traffic,Other Cyclist,MIAMI,FL,33125,Male,N,,,,,N,,,,Possible,EMS,No Improper Action,,None,,18,N,N,N,Y
24018175,2021,1,Bicycle Lane,None,Other Cyclist,DAVIE,FL,33325,,N,,,,,N,,,,Possible,Not Transported,No Improper Action,,None,,,N,N,N,N
24018185,2021,2,Intersection - Marked Crosswalk,Crossing Roadway,Other Cyclist,HOLLYWOOD,FL,33020,,N,,,,,N,,,,Possible,EMS,No Improper Action,,None,,,N,N,N,N
24033091,2021,2,Driveway Access,Walking/Cycling on Sidewalk,Other Cyclist,PORT ORANGE,,32127,Male,N,,,,,N,,,,Non-Incapacitating,Not Transported,No Improper Action,No Improper Action,None,None,29,N,N,N,N
24060671,2021,2,Intersection - Marked Crosswalk,Walking/Cycling on Sidewalk,Other Cyclist,PANAMA CITY BCH,FL,32407,Female,N,Test Not Given,,,,N,Test Not Given,,,Possible,,Other,No Improper Action,None,None,40,N,N,N,N
24072808,2021,2,Travel Lane - Other Location,In Roadway - Other,Other Cyclist,ORLANDO,,32835,Male,N,,,,,N,,,,Possible,EMS,In Roadway Improperly,,None,,8,N,N,N,N
24075754,2021,2,Travel Lane - Other Location,Crossing Roadway,Other Cyclist,SAINT CLOUD,FL,34769,Male,,"Unknown, if Tested",Other,Unknown,0,,"Unknown, if Tested",Other,Unknown,Fatal (within 30 days),EMS,Dart/Dash,Failure to Yield Right-of-Way,None,,63,N,N,N,N
24079338,2021,3,Sidewalk,Walking/Cycling on Sidewalk,Other Cyclist,BRODHEAD,KY,40409,Male,N,,,,,N,,,,Non-Incapacitating,Not Transported,No Improper Action,,None,,,N,N,N,N
24211749,2021,2,Other,Other,Other Cyclist,MIAMI,FL,33136,Male,N,,,,,N,,,,Possible,EMS,Improper Passing,,None,,31,N,N,N,N
24086212,2021,3,Bicycle Lane,Walking/Cycling Along Roadway With Traffic,Other Cyclist,GUTHRIE,KY,42234,Male,N,,,,,N,,,,None,Not Transported,No Improper Action,,None,,39,N,N,N,N
24089266,2021,1,Intersection - Marked Crosswalk,Crossing Roadway,Other Cyclist,GAINESVILLE,FL,32601,,N,,,,,N,,,,Possible,Not Transported,No Improper Action,,Protective Pads,,,N,N,N,N
24089818,2021,2,Bicycle Lane,Walking/Cycling Along Roadway Against Traffic,Other Cyclist,GAINESVILLE,FL,32653,,N,,,,,N,,,,Non-Incapacitating,EMS,Wrong-Way Riding or Walking,,None,,,N,N,N,N
24090513,2021,2,Bicycle Lane,Walking/Cycling Along Roadway With Traffic,Other Cyclist,GAINESVILLE,FL,32653,,Y,Test Not Given,,,,N,,,,Incapacitating,EMS,Dart/Dash,,Helmet,,,Y,N,N,N
24090513,2021,3,Bicycle Lane,Walking/Cycling Along Roadway With Traffic,Other Cyclist,GAINESVILLE,FL,32601,,Y,Test Not Given,,,,N,,,,Incapacitating,EMS,Other,,Helmet,,,Y,N,N,N
24112661,2021,2,Intersection - Other,Other,Other Cyclist,JACKSONVILLE,FL,32209,Female,N,Test Not Given,,,,N,Test Not Given,,,Non-Incapacitating,EMS,No Improper Action,,None,,38,N,N,N,N
24115370,2021,2,Travel Lane - Other Location,Crossing Roadway,Bicyclist,JACKSONVILLE,FL,32207,Male,N,Test Not Given,,,,N,Test Not Given,,,Non-Incapacitating,EMS,Other,,None,,16,N,N,N,Y
24115370,2021,3,Travel Lane - Other Location,Crossing Roadway,Other Cyclist,JACKSONVILLE,FL,32207,Male,N,Test Not Given,,,,N,Test Not Given,,,Non-Incapacitating,EMS,Other,,None,,4,N,N,N,N
24115865,2021,1,Sidewalk,Walking/Cycling on Sidewalk,Other Cyclist,JACKSONVILLE,FL,32208,Female,N,Test Not Given,,,,N,Test Not Given,,,Possible,Not Transported,No Improper Action,,None,,45,N,N,N,N
24134601,2021,2,Intersection - Marked Crosswalk,Other,Other Cyclist,PANAMA CITY,FL,32404,Male,N,,,,,N,,,,None,Not Transported,Other,,None,,54,N,N,N,N
24150328,2021,2,Intersection - Marked Crosswalk,Walking/Cycling on Sidewalk,Bicyclist,CAPE CANAVERAL,FL,32920,Female,N,,,,,N,,,,Possible,Not Transported,No Improper Action,,None,,37,N,N,N,N
24150328,2021,3,Intersection - Marked Crosswalk,Walking/Cycling on Sidewalk,Other Cyclist,CAPE CANAVERAL,FL,32920,Female,N,,,,,N,,,,Possible,Not Transported,No Improper Action,,None,,1,N,N,N,N
24155553,2021,1,Unknown,Other,Other Cyclist,FREDERICKSBURG,VA,224064452,Male,N,,,,,N,,,,None,Not Transported,Other,,None,,39,N,N,N,N
24156257,2021,2,Intersection - Marked Crosswalk,Crossing Roadway,Other Cyclist,HERNANDO,FL,34442,Male,N,,,,,N,,,,Incapacitating,EMS,"Failure to Obey Traffic Signs, Signals, or Officer",Failure to Yield Right-of-Way,None,,78,N,N,Y,N
24164228,2021,2,Travel Lane - Other Location,In Roadway - Other,Other Cyclist,BOCA RATON,FL,33433,Male,N,,,,,N,,,,Possible,EMS,Inattentive,Failure to Yield Right-of-Way,None,,5,N,N,N,N
24164989,2021,2,Other,Crossing Roadway,Bicyclist,LAKE WORTH,FL,33461,Female,N,,,,,N,,,,None,Not Transported,Failure to Yield Right-of-Way,Inattentive,None,None,21,N,N,N,N
24164989,2021,3,Other,Crossing Roadway,Other Cyclist,LAKE WORTH,FL,33461,Female,N,,,,,N,,,,Possible,Not Transported,Failure to Yield Right-of-Way,Inattentive,None,None,8,N,N,N,N
24167547,2021,2,Driveway Access,Crossing Roadway,Bicyclist,UK,UK,UK,Male,,,,,,,,,,None,Not Transported,Unknown,,Unknown,,,N,N,N,N
24167547,2021,3,Driveway Access,Crossing Roadway,Other Cyclist,UK,UK,,Male,,,,,,,,,,None,Not Transported,Unknown,,Unknown,,,N,N,N,N
24181941,2021,2,Shoulder/Roadside,Going To or From School,Other Cyclist,SUNNY ISLES BEACH,FL,33160,Male,N,,,,,N,,,,Non-Incapacitating,Not Transported,Other,,None,,12,N,N,N,N
24189158,2021,2,Intersection - Marked Crosswalk,Crossing Roadway,Other Cyclist,MIRAMAR,FL,33023,,N,,,,,N,,,,Non-Incapacitating,EMS,Failure to Yield Right-of-Way,,None,,,N,N,N,N
24190606,2021,2,Travel Lane - Other Location,Unknown,Other Cyclist,HOLLYWOOD,FL,33024,,N,,,,,N,,,,None,Not Transported,Unknown,,None,,,N,N,N,N
24191871,2021,2,Sidewalk,Walking/Cycling Along Roadway Against Traffic,Other Cyclist,DEERFIELD BEACH,FL,33064,,N,,,,,N,,,,Non-Incapacitating,EMS,No Improper Action,,None,,,N,N,N,N
24194477,2021,2,Bicycle Lane,Walking/Cycling Along Roadway With Traffic,Other Cyclist,COCONUT CREEK,FL,33063,,N,,,,,N,,,,Non-Incapacitating,Not Transported,No Improper Action,,None,,,N,N,N,N
24197465,2021,2,Non-Trafficway Area,None,Other Cyclist,MUSKOGEE,OK,74403,,N,,,,,N,,,,None,Not Transported,No Improper Action,,None,,,N,N,N,N
24199835,2021,2,Other,Other,Other Cyclist,POMPANO BEACH,FL,33062,,N,,,,,N,,,,Incapacitating,Not Transported,Failure to Yield Right-of-Way,,None,,,N,N,N,N
24202539,2021,1,Intersection - Marked Crosswalk,Walking/Cycling on Sidewalk,Other Cyclist,MARGATE,FL,33067,,N,,,,,N,,,,Non-Incapacitating,EMS,"Failure to Obey Traffic Signs, Signals, or Officer",,None,,,N,N,N,N
24205158,2021,2,Intersection - Marked Crosswalk,Crossing Roadway,Other Cyclist,TAMARAC,FL,33319,,N,,,,,N,,,,Possible,EMS,No Improper Action,,None,,,N,N,N,N
24208734,2021,2,Bicycle Lane,Walking/Cycling Along Roadway With Traffic,Other Cyclist,MIAMI,FL,33130,Male,N,,,,,N,,,,Non-Incapacitating,Not Transported,No Improper Action,,Helmet,,48,N,N,N,N
24210984,2021,3,Sidewalk,Walking/Cycling on Sidewalk,Other Cyclist,MIAMI,FL,33132,Male,N,,,,,N,,,,Non-Incapacitating,Not Transported,No Improper Action,,None,,51,N,N,N,N
24211749,2021,3,Other,Other,Other Cyclist,,,,Male,N,,,,,N,,,,Possible,EMS,Improper Passing,,None,,4,N,N,N,N
