REPORT_NUMBER,CRASH_YEAR,VEHICLE_NUMBER,PERSON_NUMBER,CITY,STATE,ZIP_CODE,SEX,HELMET_CODE,RESTRAINT_SYSTEM_CODE,EYE_PROTECTION_CODE,AIR_BAG_DEPLOYMENT_CODE,EJECTED,INJURY_SEVERITY,EMS_TRANSPORT_TYPE,SEAT_POSITION_CODE,ROW_POSITION_CODE,OTHER_POSITION_CODE,S4_AGE_AT_TIME_OF_CRASH,S4_IS_UNRESTRAINED_PASSENGER
89384143,2020,1,2,ST PETERSBURG,FL,33705,Female,,Shoulder and Lap Belt Used,,Not Deployed,Not Ejected,None,Not Transported,Right,Front,Not Applicable,27,N
89396052,2020,1,3,HOMESTEAD,FL,33030,Male,No Helmet,Shoulder and Lap Belt Used,,Not Deployed,Not Ejected,None,Not Transported,Right,Front,Not Applicable,25,N
89396052,2020,1,4,HOMESTEAD,FL,33030,Male,No Helmet,Shoulder and Lap Belt Used,,Not Deployed,Not Ejected,None,Not Transported,Left,Second,Not Applicable,31,N
89486268,2020,1,2,MIAMI,FL,33156,Female,,Shoulder and Lap Belt Used,,Not Deployed,Not Ejected,None,Not Transported,Right,Front,,56,N
24210984,2021,1,2,CUTLER BAY,FL,33157,Female,,Shoulder and Lap Belt Used,,Not Deployed,Not Ejected,None,Not Transported,Left,Front,,21,N
89522066,2020,1,3,MIAMI,FL,33147,Female,No Helmet,Shoulder and Lap Belt Used,,Not Deployed,Not Ejected,Possible,Not Transported,Right,Front,Not Applicable,72,N
89522066,2020,1,4,MIAMI,FL,33147,Female,No Helmet,Shoulder and Lap Belt Used,,Not Deployed,Not Ejected,Possible,Not Transported,Right,Second,Not Applicable,56,N
89538566,2020,1,3,MIAMI,FL,33127,Female,No Helmet,Shoulder and Lap Belt Used,N,Not Deployed,Not Ejected,None,Not Transported,Right,Front,Not Applicable,18,N
89786546,2020,1,3,POMPANO BEACH,FL,33064,Female,No Helmet,Shoulder and Lap Belt Used,,Not Deployed,Not Ejected,None,Not Transported,Right,Front,Not Applicable,45,N
89868586,2020,1,2,NAPLES,FL,34116,Male,,Shoulder and Lap Belt Used,,Not Deployed,Not Ejected,None,Not Transported,Left,Second,Not Applicable,15,N
89868586,2020,1,3,NAPLES,FL,,Male,,Shoulder and Lap Belt Used,,Not Deployed,Not Ejected,None,Not Transported,Right,Front,,14,N
89878546,2020,1,2,CAPE CORAL,FL,33990,Female,,Shoulder and Lap Belt Used,,Not Deployed,Not Ejected,None,Not Transported,Right,Second,Not Applicable,9,N
89878546,2020,1,3,CAPE CORAL,FL,33990,Male,,Shoulder and Lap Belt Used,,Not Deployed,Not Ejected,None,Not Transported,Right,Second,Not Applicable,9,N
89904318,2020,1,2,CLEARWATER,FL,33763,Male,,Shoulder and Lap Belt Used,,Not Deployed,Not Ejected,None,Not Transported,Right,Second,,9,N
89905317,2020,1,2,SHEBOYGAN,WI,53081,Female,,Shoulder and Lap Belt Used,,Not Applicable,Not Ejected,None,Not Transported,Right,Front,Not Applicable,42,N
89946716,2020,1,3,JACKSONVILLE,FL,32219,Female,,Shoulder and Lap Belt Used,,Not Deployed,Not Ejected,None,Not Transported,Right,Front,Not Applicable,48,N
89946716,2020,1,4,JACKSONVILLE,FL,32219,Male,,Shoulder and Lap Belt Used,,Not Deployed,Not Ejected,None,Not Transported,Right,Second,Not Applicable,7,N
24079338,2021,1,2,,,,,,Shoulder and Lap Belt Used,,Not Applicable,Not Ejected,None,Not Transported,Right,Front,,,N
24164989,2021,1,4,LAKE WORTH,FL,33461,Male,No Helmet,Shoulder and Lap Belt Used,,Not Deployed,Not Ejected,None,Not Transported,Right,Front,Not Applicable,65,N
24164989,2021,1,5,LAKE WORTH,FL,33461,Male,No Helmet,Shoulder and Lap Belt Used,,Not Deployed,Not Ejected,None,Not Transported,Left,Second,Not Applicable,4,N
24164989,2021,1,6,LAKE WORTH,FL,33461,Male,No Helmet,Shoulder and Lap Belt Used,,Not Deployed,Not Ejected,None,Not Transported,Right,Second,Not Applicable,8,N
24167547,2021,1,4,BOCA RATON,FL,33428,Female,No Helmet,Shoulder and Lap Belt Used,,Not Deployed,Not Ejected,None,Not Transported,Right,Front,Not Applicable,28,N
24189158,2021,1,4,TAMARAC,FL,33319,Male,No Helmet,Child Restraint System - Type Unknown,,Not Deployed,Not Ejected,Possible,EMS,Left,Second,,8,N
24189158,2021,1,5,TAMARAC,FL,33319,Male,No Helmet,Shoulder and Lap Belt Used,,Not Deployed,Not Ejected,Possible,EMS,Middle,Second,,12,N
24189158,2021,1,3,TAMARAC,FL,33321,Female,No Helmet,Shoulder and Lap Belt Used,,Not Deployed,Not Ejected,Possible,EMS,Right,Front,Not Applicable,55,N
24205158,2021,1,3,LAUDERHILL,FL,33313,Female,No Helmet,Shoulder and Lap Belt Used,,Not Deployed,Not Ejected,None,Not Transported,Right,Front,Not Applicable,80,N
24205158,2021,1,4,LAUDERHILL,FL,33313,Female,No Helmet,Shoulder and Lap Belt Used,,Not Deployed,Not Ejected,None,Not Transported,Right,Second,Not Applicable,65,N
24205158,2021,1,5,TAMARAC,FL,33313,Female,No Helmet,Shoulder and Lap Belt Used,,Not Deployed,Not Ejected,None,Not Transported,Left,Second,Not Applicable,73,N
