REPORT_NUMBER,CRASH_YEAR,VEHICLE_NUMBER,OWNER_CITY,OWNER_STATE,OWNER_ZIP_CODE,COMMERCIAL_VEHICLE_FLAG,MOTION_CODE,STATE_OF_REGISTRATION,PERMANENT_REGISTRATION_FLAG,HIT_AND_RUN_FLAG,VEHICLE_YEAR,VEHICLE_MAKE,VEHICLE_MODEL,VEHICLE_STYLE,VEHICLE_COLOR,DISABLING_FUNCTIONAL_DAMAGE,ESTIMATED_VEHICLE_DAMAGE,TOW_DAMAGE_CODE,HOW_TOW_REQUESTED,BUSINESS_OWNED_FLAG,VEHICLE_TRAVELING,ROAD_ON,ESTIMATED_MPH,POSTED_SPEED,TOTAL_NUMBER_OF_LANES,HAZARDOUS_MATERIAL_RELEASED,HAZMAT_PLACARD,HAZARDOUS_PLACARD_NUMBER,HAZMAT_CLASS,POINT_OF_IMPACT,MOST_DAMAGED_AREA_CODE,TYPE_OF_VEHICLE,TRAFFICWAY_CODE,COMMERCIAL_VEHICLE_CONFIGURATION_CODE,COMMERCIAL_USE_CODE,CARRIER_CARGO_BODY_TYPE,COMMERCIAL_VEHICLE_WEIGHT_CODE,MOST_HARMFUL_EVENT_CODE,HARMFUL_EVENT_1,HARMFUL_EVENT_2,HARMFUL_EVENT_3,HARMFUL_EVENT_4,EMERGENCY_VEHICLE_USE_CODE,ROADWAY_GRADE_CODE,ROADWAY_ALIGNMENT_CODE,VEHICLE_MANEUVER_ACTION,TRAFFIC_CONTROL_DEVICE,VEHICLE_SPECIAL_FUNCTION,VEHICLE_DEFECT1,VEHICLE_DEFECT2,S4_IS_COMMERCIAL_MOTOR_VEHICLE
89351019,2020,1,LAKE WORTH,FL,33463,N,Vehicle in Transport,FL,,N,2010,JEEP,,UT,BLK,Minor,150,N,Driver,N,North,PARKINGLOT,5,5,2,,,,,Front Center Bumper,Front Center Bumper,(Sport) Utility Vehicle,"Two-Way, Divided, Positive Median Barrier",,,,,Pedalcycle,Pedalcycle,,,,N,Level,Straight,Turning Right,No Controls,No Special Function,None,,
89374446,2020,1,LAKELAND,FL,33801,,Vehicle in Transport,FL,,N,1998,BUIC,,4D,WHI,Minor,80,N,Driver,N,East,COLONIAL AVE,,25,2,,,,,Front Center Bumper,Front Center Bumper,Passenger Car,"Two-Way, Not Divided",,,,,Pedalcycle,Pedalcycle,,,,N,Level,Straight,Straight Ahead,No Controls,No Special Function,None,,
89382366,2020,1,SAINT PETERSBURG,FL,33713,N,Vehicle in Transport,FL,,N,2017,JAGU,,UT,BLK,Minor,1000,N,Driver,N,North,37TH ST S,20,30,2,,,,,Rear Right Bumper,Rear Right Bumper,(Sport) Utility Vehicle,"Two-Way, Not Divided",,,,,Motor Vehicle in Transport,Motor Vehicle in Transport,,,,N,Level,Straight,Straight Ahead,Traffic Control Signal,No Special Function,None,,
24164228,2021,1,LUTHERVILLE,MD,21094,N,Vehicle in Transport,FL,N,N,2018,CADI,,UT,WHI,None,0,N,Driver,Y,North,AVEIDA DEL MAR,15,20,2,,,,,Left Rear Fender,,(Sport) Utility Vehicle,"Two-Way, Not Divided",,,,,Pedalcycle,Pedalcycle,,,,N,Level,Straight,Turning Left,No Controls,No Special Function,None,,
24190606,2021,1,HOLLYWOOD,FL,33024,N,Vehicle in Transport,FL,N,Y,2003,ACUR,,4D,WHI/,None,0,N,,N,East,STIRLING RD,45,45,2,,,,,,,Passenger Car,"Two-Way, Divided, Positive Median Barrier",,,,,Pedalcycle,Pedalcycle,,,,N,Level,Straight,Straight Ahead,No Controls,No Special Function,None,,
24212283,2021,1,HIALEAH,FL,33014,N,Working Vehicle,FL,,N,2018,CHEV,,UT,BLK,Minor,100,N,Driver,N,East,NE 20TH TERR,,30,2,,,,,Front Center Bumper,Front Center Bumper,Passenger Car,"Two-Way, Not Divided",,,,,Motor Vehicle in Transport,Motor Vehicle in Transport,,,,N,Level,Straight,Other,Traffic Control Signal,No Special Function,None,,
24211749,2021,1,MIAMI,FL,33137,N,Vehicle in Transport,FL,,N,2020,HYUN,,4D,BLU,Minor,1000,N,Driver,N,South,NW 1ST PL,,,2,,,,,Front Center Bumper,Front Center Bumper,(Sport) Utility Vehicle,"Two-Way, Not Divided",,,,,Motor Vehicle in Transport,Motor Vehicle in Transport,,,,N,Level,Straight,Turning Left,No Controls,No Special Function,None,,
89384143,2020,1,ST PETERSBURG,FL,33701,N,Vehicle in Transport,CT,,N,2018,MAZDA,,SU,GRY,Minor,500,N,Driver,N,South,4TH ST N,30,35,4,,,,,Left Front Fender,Front Left Bumper,(Sport) Utility Vehicle,One-Way Trafficway,,,,,Other Non-Fixed Object,Other Non-Fixed Object,,,,N,Level,Straight,Straight Ahead,Traffic Control Signal,No Special Function,None,,
89384910,2020,1,LAKE WORTH,FL,33461,N,Vehicle in Transport,LA,,N,2010,HOND,,LL,BLK,Minor,1000,N,Driver,N,West,CENTRAL AVE,10,25,2,,,,,Right Front Door,Right Front Door,(Sport) Utility Vehicle,"Two-Way, Not Divided",,,,,Pedalcycle,Pedalcycle,,,,N,Level,Straight,Turning Right,No Controls,No Special Function,None,,
89384910,2020,2,ST PETERSBURG,FL,33712,N,Parked Motor Vehicle,FL,,N,2013,CHEV,,4D,BLK,Minor,500,N,Driver,N,North,CENTRAL AVE,0,25,2,,,,,Left Front Door,Left Front Door,Passenger Car,"Two-Way, Not Divided",,,,,Parked Motor Vehicle,Parked Motor Vehicle,,,,N,Level,Straight,Parked,No Controls,No Special Function,None,,
89396052,2020,1,LEISURE CITY,FL,33033,N,Vehicle in Transport,FL,N,Y,2008,HOND,,4D,GRY,Minor,100,N,Rotation,N,North,930 NW 1ST AVE (REAR ALLEY WAY),20,,1,,,,,Right Rear Door,Right Rear Door,Passenger Car,One-Way Trafficway,,,,,Pedalcycle,Pedalcycle,,,,N,Level,Straight,Straight Ahead,No Controls,No Special Function,None,,
89405802,2020,1,SARASOTA,FL,34234,,Vehicle in Transport,FL,,N,2008,FORD,,4H,CRM,Minor,500,N,,N,South,MAPLE AVE.,15,20,2,,,,,Front Left Bumper,Front Left Bumper,Passenger Car,"Two-Way, Not Divided",,,,,Motor Vehicle in Transport,Motor Vehicle in Transport,,,,N,Level,Straight,Straight Ahead,No Controls,No Special Function,None,,
89424098,2020,1,Palm Coast,FL,32137,N,Vehicle in Transport,FL,N,N,2013,Hyund,,4D,,Minor,250,N,Driver,N,East,PARKING LOT,10,10,2,,,,,Front Center Bumper,Front Center Bumper,Passenger Car,"Two-Way, Not Divided",,,,,Pedalcycle,Pedalcycle,,,,N,Level,Straight,Turning Right,Stop Sign,No Special Function,None,None,
89433619,2020,1,WIMAUMA,FL,33598,N,Vehicle in Transport,VA,N,N,2016,INDI,,MC,RED,Minor,250,N,,N,South,US 301 HW S,45,50,6,,,,,Left Front Door,Left Front Door,Motorcycle,"Two-Way, Divided, Positive Median Barrier",,,,,Other Non-Fixed Object,Other Non-Fixed Object,,,,N,Level,Straight,Straight Ahead,No Controls,No Special Function,None,,
89468528,2020,1,JACKSONVILLE,FL,32220,N,Vehicle in Transport,UK,N,N,,UK,,MV,BLK,None,0,N,Driver,N,East,400 GREENLAND AVE,25,30,4,,,,,,,All Terrain Vehicle (ATV),"Two-Way, Not Divided",,,,,Motor Vehicle in Transport,Motor Vehicle in Transport,,,,N,Level,Straight,Turning Right,Stop Sign,No Special Function,None,,
89469733,2020,1,,,,N,Vehicle in Transport,,N,Y,,,,,,Unknown,0,N,,N,West,4300 BLOCK QUEENSWAY DR,15,30,2,,,,,,,,"Two-Way, Not Divided",,,,,Pedalcycle,Pedalcycle,,,,N,Level,Straight,Turning Left,Stop Sign,No Special Function,None,,
89472781,2020,1,LAKE CITY,FL,32024-6320,N,Vehicle in Transport,FL,N,N,2015,KIA,,4D,SIL,Minor,1000,N,,N,South,WASHINGTON,5,30,2,,,,,Front Right Bumper,Front Right Bumper,Passenger Car,"Two-Way, Not Divided",,,,,Motor Vehicle in Transport,Motor Vehicle in Transport,,,,N,Uphill,Straight,Straight Ahead,Stop Sign,No Special Function,None,,
89481123,2020,1,MIAMI GARDENS,FL,33169,N,Vehicle in Transport,FL,,N,2016,CHEV,,UT,BLK,Minor,1000,N,Driver,N,East,BISCAYNE BLVD & NE 5 ST,30,35,3,,,,,Front Center Bumper,Front Center Bumper,(Sport) Utility Vehicle,One-Way Trafficway,,,,,Pedestrian,Motor Vehicle in Transport,Pedestrian,,,N,Level,Straight,Straight Ahead,Traffic Control Signal,No Special Function,None,,
89482128,2020,1,MIAMI,FL,33133,N,Vehicle in Transport,FL,,N,2014,BMW,,4D,BLK,Minor,100,N,Driver,N,North,BISCAYNE BLVD,10,15,2,,,,,Front Center Bumper,Front Center Bumper,Passenger Car,One-Way Trafficway,,,,,Motor Vehicle in Transport,Motor Vehicle in Transport,,,,N,Level,Curve Left,Negotiating a Curve,Traffic Control Signal,No Special Function,None,,
89483064,2020,1,MIAMI,FL,33137,N,Vehicle in Transport,FL,,N,2016,INFI,,UT,BLK,Minor,500,N,Driver,N,South,SE 1 AVE,,25,2,,,,,Rear Right Bumper,Rear Right Bumper,Passenger Car,"Two-Way, Not Divided",,,,,Motor Vehicle in Transport,Motor Vehicle in Transport,,,,N,Level,Straight,Straight Ahead,No Controls,No Special Function,None,,
89484638,2020,1,MIAMI,FL,33132,N,Parked Motor Vehicle,DE,,N,2016,BMW,,SU,GRY,Minor,500,N,Driver,N,,NE 2 ST,0,25,2,,,,,Left Front Fender,Left Front Fender,Passenger Car,One-Way Trafficway,,,,,Motor Vehicle in Transport,Motor Vehicle in Transport,,,,N,Level,Straight,Parked,No Controls,No Special Function,None,,
89486102,2020,1,UK,UK,33147,N,Vehicle in Transport,UK,,,,UK,,,,Unknown,0,N,Driver,N,Unknown,UK,,35,4,,,,,,,Unknown,Unknown,,,,,Motor Vehicle in Transport,Motor Vehicle in Transport,,,,N,Level,Straight,Unknown,Unknown,Unknown,None,,
89486268,2020,1,MIAMI,FL,33156,N,Vehicle in Transport,FL,,N,2016,FIAT,,SW,SIL,Minor,500,N,Rotation,N,West,20TH ST SW,,30,2,,,,,Right Front Door,Right Front Door,Passenger Car,"Two-Way, Not Divided",,,,,Motor Vehicle in Transport,Motor Vehicle in Transport,,,,N,Level,Straight,Stopped in Traffic,No Controls,No Special Function,None,,
89515817,2020,1,MIAMI,FL,33157,,Vehicle in Transport,FL,,N,2012,NISS,,4D,BLU,Functional,1000,N,Driver,N,West,NW 84 ST,25,30,2,,,,,Front Center Bumper,Front Center Bumper,Passenger Car,"Two-Way, Not Divided",,,,,Motor Vehicle in Transport,Motor Vehicle in Transport,Motor Vehicle in Transport,,,N,Level,Straight,Straight Ahead,No Controls,No Special Function,None,,
89521616,2020,1,MIAMI,FL,33196,,Vehicle in Transport,FL,,N,2013,CADI,,UT,WHI,Functional,50,N,Owner Request,N,North,147 ave,20,35,4,,,,,Front Right Bumper,Front Right Bumper,(Sport) Utility Vehicle,"Two-Way, Divided, Positive Median Barrier",,,,,Pedalcycle,Pedalcycle,,,,N,Level,Straight,Turning Right,Traffic Control Signal,No Special Function,None,,
89522066,2020,1,MIAMI,FL,33142,,Vehicle in Transport,FL,,N,1995,HOND,,4D,TEA,Functional,1000,N,Driver,N,East,NW 54TH STREET,25,30,2,,,,,Front Center Bumper,Front Center Bumper,Passenger Car,"Two-Way, Divided, Unprotected (painted >4 feet) Median",,,,,Motor Vehicle in Transport,Motor Vehicle in Transport,,,,N,Level,Straight,Straight Ahead,No Controls,No Special Function,None,None,
89523305,2020,1,MIAMI,FL,33172,,Vehicle in Transport,FL,,N,2020,TOYT,,4D,WHI,None,200,N,Driver,Y,East,VALENCIA DR,15,19,2,,,,,Front Right Bumper,Front Right Bumper,Passenger Car,"Two-Way, Not Divided",,,,,Motor Vehicle in Transport,Motor Vehicle in Transport,,,,N,Level,Straight,Straight Ahead,No Controls,No Special Function,None,,
89526071,2020,2,MIAMI,FL,33130,,Vehicle in Transport,FL,,N,2013,JEEP,,UT,WHI,Functional,1000,N,Driver,N,North,SW 107 AVE,,25,4,,,,,Front Center Bumper,Front Center Bumper,(Sport) Utility Vehicle,"Two-Way, Not Divided",,,,,Motor Vehicle in Transport,Motor Vehicle in Transport,,,,N,Level,Straight,Straight Ahead,No Controls,No Special Function,None,,
89527010,2020,1,MIAMI,FL,33142,,Vehicle in Transport,FL,,N,2006,CHEV,,UT,BLK,Functional,20,N,Driver,N,West,2695 NW 54 ST (PRIVATE DRIVEWAY),5,15,2,,,,,Front Center Bumper,Front Center Bumper,(Sport) Utility Vehicle,"Two-Way, Not Divided",,,,,,Pedestrian,Pedestrian,,,N,Level,Straight,Turning Right,Stop Sign,No Special Function,None,,
89529577,2020,1,MIAMI,FL,33142,,Vehicle in Transport,FL,,N,2012,FORD,,2D,RED,None,1,N,Driver,N,East,NW 56TH STREET,1,30,2,,,,,Front Right Bumper,Front Right Bumper,Passenger Car,"Two-Way, Not Divided",,,,,,Pedalcycle,,,,N,Level,Straight,Straight Ahead,Stop Sign,No Special Function,None,,
89529630,2020,1,MIAMI,FL,33177,,Vehicle in Transport,FL,,N,2000,TOYT,,2D,UNK,None,0,N,Driver,N,North,SW 134 AVENUE,20,30,2,,,,,Right Front Door,,Passenger Car,"Two-Way, Not Divided",,,,,Motor Vehicle in Transport,Motor Vehicle in Transport,,,,N,Level,Straight,Straight Ahead,No Controls,No Special Function,None,,
89534382,2020,1,MIAMI,FL,33122,,Vehicle in Transport,FL,,N,2016,FORD,,4D,WHI,Minor,1500,N,Driver,N,North,NE 16TH ST/NE 2ND AVE,35,35,3,,,,,Right Rear Door,Right Rear Door,Passenger Car,"Two-Way, Not Divided",,,,,Motor Vehicle in Transport,Motor Vehicle in Transport,,,,N,Level,Straight,Turning Left,No Controls,No Special Function,None,,
89534382,2020,2,MIAMI,FL,33142,,Vehicle in Transport,FL,,N,2015,HOND,,MC,WHI,Disabling,500,Y,Rotation,N,South,NE 2ND AVE/ NW 16TH ST,35,35,2,,,,,Front Center Bumper,Front Right Bumper,Moped,"Two-Way, Not Divided",,,,,Motor Vehicle in Transport,Motor Vehicle in Transport,,,,N,Level,Straight,Straight Ahead,No Controls,No Special Function,None,,
89535148,2020,1,MIAMI,FL,33177,,Vehicle in Transport,FL,,N,2006,DODG,,4D,RED,None,5,N,Driver,N,South,sw 82 ave,2,35,2,,,,,Front Center Bumper,Front Center Bumper,Passenger Car,"Two-Way, Not Divided",,,,,Pedalcycle,Pedalcycle,,,,N,Level,Straight,Turning Left,Traffic Control Signal,No Special Function,None,,
89537057,2020,1,MIAMI,FL,33147,,Vehicle in Transport,FL,,N,2014,NISS,,4D,SIL,Functional,500,N,Driver,N,North,NW 24TH AVENUE,25,30,2,,,,,Front Center Bumper,Front Center Bumper,Passenger Car,"Two-Way, Divided, Unprotected (painted >4 feet) Median",,,,,Motor Vehicle in Transport,Motor Vehicle in Transport,,,,N,Level,Straight,Straight Ahead,No Controls,No Special Function,None,None,
89538472,2020,1,,,,,Vehicle in Transport,,,Y,,,,,,,0,,,N,,,,,,,,,,,,Passenger Car,"Two-Way, Not Divided",,,,,Motor Vehicle in Transport,Motor Vehicle in Transport,,,,N,Level,Straight,Straight Ahead,No Controls,No Special Function,None,,
89538566,2020,1,MIAMI,FL,33126,,Vehicle in Transport,FL,,N,2018,TOYT,,4D,WHI,Functional,1500,N,Driver,N,North,NW 27TH AVENUE,30,30,6,,,,,Front Right Bumper,Front Center Bumper,Passenger Car,"Two-Way, Not Divided",,,,,Motor Vehicle in Transport,Motor Vehicle in Transport,,,,N,Level,Straight,Turning Left,Traffic Control Signal,No Special Function,None,,
89540319,2020,1,UNK,OT,UNK,,Vehicle in Transport,OT,,Y,,UK,,UT,UNK,Unknown,0,N,Other,N,South,NW 18th avenue,30,30,4,,,,,,,All Terrain Vehicle (ATV),"Two-Way, Not Divided",,,,,Motor Vehicle in Transport,Motor Vehicle in Transport,,,,N,Level,Straight,Unknown,No Controls,No Special Function,None,,
89540319,2020,2,MIAMI,FL,33138,,Vehicle in Transport,FL,,N,2019,NISS,,4D,WHI,Functional,2000,N,Driver,N,East,NW 81st street,30,30,4,,,,,Left Rear Fender,Front Center Bumper,Passenger Car,"Two-Way, Not Divided",,,,,Motor Vehicle in Transport,Motor Vehicle in Transport,Fence,,,N,Level,Straight,Unknown,No Controls,No Special Function,None,,
89764151,2020,1,ST AUGUSTINE,FL,32084,N,Vehicle in Transport,FL,,N,2011,LINC,,4D,SIL,Minor,700,N,Rotation,N,West,COUNTY ROAD 220,5,45,4,,,,,Right Front Fender,Right Front Fender,(Sport) Utility Vehicle,"Two-Way, Divided, Positive Median Barrier",,,,,Motor Vehicle in Transport,Motor Vehicle in Transport,,,,N,Level,Straight,Turning Right,Stop Sign,No Special Function,None,,
89764406,2020,1,MIDDLEBURG,FL,32068,N,Vehicle in Transport,FL,,N,2007,TOYT,,PK,SIL,None,0,N,Driver,N,North,DARTMOUTH DR,5,10,2,,,,,Undercarriage,Undercarriage,Passenger Car,"Two-Way, Not Divided",,,,,Pedestrian,Pedestrian,,,,N,Level,Straight,Straight Ahead,No Controls,No Special Function,None,,
89772088,2020,1,LAUD BY THE SEA,FL,33308,N,Vehicle in Transport,FL,N,N,2016,LEXS,,2D,BLU,Minor,1000,N,Owner Request,N,South,NE 26TH AV,5,35,3,,,,,Front Right Bumper,Front Right Bumper,Passenger Car,"Two-Way, Divided, Positive Median Barrier",,,,,Pedalcycle,Pedalcycle,,,,N,Level,Straight,Turning Left,Traffic Control Signal,No Special Function,None,,
89781957,2020,1,TAMARAC,FL,33321,N,Vehicle in Transport,FL,N,N,2019,HYUN,,4D,RED,Minor,100,N,,N,South,LAGOS DE CAMPO BLVD,15,45,3,,,,,Front Center Bumper,Front Center Bumper,Passenger Car,"Two-Way, Divided, Positive Median Barrier",,,,,Motor Vehicle in Transport,Motor Vehicle in Transport,,,,N,Level,Straight,Turning Left,Traffic Control Signal,No Special Function,None,,
89786546,2020,1,POMPANO BEACH,FL,33064,N,Vehicle in Transport,FL,N,N,2015,CHEV,,SPUV,SIL,None,0,N,,N,West,NE 33RD ST,15,30,2,,,,,,,Passenger Car,"Two-Way, Not Divided",,,,,Pedalcycle,Pedalcycle,,,,N,Level,Straight,Straight Ahead,Traffic Control Signal,No Special Function,None,,
89787162,2020,1,POMPANO BEACH,FL,33060,N,Vehicle in Transport,FL,Y,N,2013,FORD,,4D,WHI/,None,0,N,,Y,West,S FEDERAL HWY,,45,3,,,,,,,(Sport) Utility Vehicle,"Two-Way, Not Divided",,,,,Pedestrian,Pedestrian,,,,N,Level,Straight,Turning Right,No Controls,Fire Truck,None,,
89835451,2020,1,FORT PIERCE,FL,34982,N,Vehicle in Transport,FL,N,N,2016,KIA,,SUV,RED,Minor,200,N,,N,North,7576 S US HIGHWAY 1,5,10,2,,,,,Front Center Bumper,Front Center Bumper,(Sport) Utility Vehicle,"Two-Way, Not Divided",,,,,Pedalcycle,Pedalcycle,,,,N,Level,Straight,Straight Ahead,No Controls,No Special Function,None,,
89851630,2020,1,CHICAGO,IL,60666,N,Vehicle in Transport,IL,,Y,2020,DODGE,,MINI VAN,MAR,Functional,2000,N,Driver,Y,South,HWY A1A,40,35,2,,,,,Right Front Fender,Right Front Fender,Passenger Van,"Two-Way, Not Divided",,,,,Motor Vehicle in Transport,Motor Vehicle in Transport,,,,N,Level,Straight,Straight Ahead,No Controls,No Special Function,None,,
89851630,2020,2,INDIALANTIC,FL,32903,N,Vehicle in Transport,FL,,N,2018,ECOMA,,MS,WHI,Minor,50,N,Owner Request,N,South,HWY A1A,5,40,2,,,,,Rear Center Bumper,Rear Center Bumper,Moped,"Two-Way, Not Divided",,,,,Pedalcycle,Pedalcycle,Work Zone/Maintenance Equipment,,,N,Level,Straight,Straight Ahead,No Controls,No Special Function,None,,
89858731,2020,1,SAINT AUGUSTINE,FL,32084-3558,N,Vehicle in Transport,FL,N,N,2005,LEXU,,UT,BGE,Minor,250,N,,N,East,RIBERIA STREET AT KING STREET,5,25,2,,,,,Front Center Bumper,Front Center Bumper,(Sport) Utility Vehicle,"Two-Way, Not Divided",,,,,Pedalcycle,Pedalcycle,,,,N,Level,Straight,Turning Left,No Controls,No Special Function,None,,
89864676,2020,1,NAPLES,FL,34108,N,Vehicle in Transport,FL,,N,2007,TOYT,,4D,BLK,Minor,2000,N,Driver,Y,North,AIRPORT PULLING RD N,40,45,5,,,,,Front Center Bumper,Front Center Bumper,Passenger Car,"Two-Way, Divided, Positive Median Barrier",,,,,Motor Vehicle in Transport,Motor Vehicle in Transport,,,,N,Level,Straight,Straight Ahead,Traffic Control Signal,No Special Function,None,,
89868278,2020,1,NAPLES,FL,34117,N,Vehicle in Transport,FL,,N,2006,DODG,2500,VN,WHI,Minor,100,N,Driver,N,South,AIRPORT PULLING RD,2,45,3,,,,,Front Center Bumper,Front Center Bumper,"Cargo Van (10,000 lbs (4,536 kg) or less)","Two-Way, Divided, Positive Median Barrier",,,,Not Applicable,Pedalcycle,Pedalcycle,,,,N,Level,Straight,Making U-Turn,Stop Sign,No Special Function,None,,N
89868586,2020,1,NAPLES,FL,34105,N,Vehicle in Transport,FL,,N,2003,FORD,,PK,RED,Minor,100,N,Driver,N,Off-Road,PARKING LOT POLLO TROPICAL,5,10,2,,,,,Front Center Bumper,Front Center Bumper,"Other Light Trucks (10,000 lbs (4,536 kg) or less)","Two-Way, Not Divided",,,,Not Applicable,Motor Vehicle in Transport,Motor Vehicle in Transport,,,,N,Level,Straight,Straight Ahead,No Controls,No Special Function,None,,N
89870447,2020,1,NAPLES,FL,34113,N,Vehicle in Transport,FL,,N,2020,CHEV,,CV,GRY,Minor,0,N,Driver,N,East,PARKING LOT,10,15,2,,,,,Right Rear Fender,Right Rear Fender,Passenger Car,"Two-Way, Divided, Positive Median Barrier",,,,,Pedestrian,Pedestrian,,,,N,Level,Straight,Straight Ahead,Stop Sign,No Special Function,None,,
89878546,2020,1,CAPE CORAL,FL,33990,N,Vehicle in Transport,FL,N,N,1998,FORD,,4DR,WHI,Minor,200,N,Driver,N,East,SE 4TH ST,5,30,2,,,,,Front Right Bumper,Front Right Bumper,Passenger Car,"Two-Way, Not Divided",,,,,Pedalcycle,Pedalcycle,,,,N,Level,Straight,Turning Left,No Controls,No Special Function,Wipers,,
89883517,2020,1,,,,N,Vehicle in Transport,FL,N,Y,2020,TOYOT,,4D,WHI / SIL,Unknown,0,Y,,N,North,27TH COURT NORTH,5,15,2,,,,,Front Center Bumper,Front Center Bumper,Passenger Car,"Two-Way, Not Divided",,,,,Pedalcycle,Pedalcycle,,,,N,Level,Curve Left,Turning Left,No Controls,No Special Function,None,,
89885296,2020,1,TAMPA,FL,33635,N,Vehicle in Transport,FL,N,N,2019,NISS,,UT,RED,Minor,350,N,Driver,N,East,S.R. 802 (LAKE WORTH RD),5,45,8,,,,,Right Front Door,Right Front Door,(Sport) Utility Vehicle,"Two-Way, Divided, Positive Median Barrier",,,,,Pedalcycle,Motor Vehicle in Transport,Pedalcycle,,,N,Level,Straight,Turning Right,No Controls,No Special Function,None,,
89885916,2020,1,ROYAL PALM BEACH,FL,33411,N,Vehicle in Transport,FL,N,N,2011,LNDR,,UT,BLU,None,0,N,,N,West,MARTIN CIRCLE,3,25,2,,,,,Rear Right Bumper,Rear Right Bumper,(Sport) Utility Vehicle,"Two-Way, Not Divided",,,,,Pedestrian,Pedestrian,,,,N,Level,Straight,Backing,No Controls,No Special Function,None,,
89903415,2020,1,VASSAR,MI,48768,N,Vehicle in Transport,MI,,N,2014,CHRYS,,VT,BGE,Minor,500,N,Driver,N,West,EILAND BLVD,20,40,4,,,,,Front Right Bumper,Front Right Bumper,Passenger Van,"Two-Way, Divided, Positive Median Barrier",,,,,Pedalcycle,Pedalcycle,,,,N,Level,Straight,Turning Left,Traffic Control Signal,No Special Function,None,,
89904318,2020,1,DUNEDIN,FL,34698,N,Vehicle in Transport,FL,,N,2016,TOYT,,4D,SIL,None,0,N,Driver,N,West,SUNSET POINT RD,20,35,5,,,,,Right Front Door,Right Front Door,Passenger Car,"Two-Way, Divided, Positive Median Barrier",,,,,Pedalcycle,Pedalcycle,,,,N,Level,Straight,Straight Ahead,No Controls,No Special Function,None,,
89905317,2020,1,TULSA,OK,74134,N,Vehicle in Transport,FL,,N,2020,FORD,,CV,BLU,None,0,N,Driver,Y,West,MANDALAY AVE,0,25,4,,,,,Left Rear Fender,Left Rear Fender,Passenger Car,"Two-Way, Divided, Positive Median Barrier",,,,,Motor Vehicle in Transport,Motor Vehicle in Transport,,,,N,Level,Straight,Turning Left,No Controls,No Special Function,None,,
89905681,2020,1,CLEARWATER,FL,33756,N,Vehicle in Transport,FL,,N,2003,CHEV,,UT,BLK,None,0,N,Other,N,West,MAGNOLIA DRIVE,10,25,2,,,,,Front Right Bumper,Front Center Bumper,(Sport) Utility Vehicle,"Two-Way, Not Divided",,,,,Pedalcycle,Pedalcycle,,,,N,Level,Straight,Straight Ahead,Stop Sign,No Special Function,None,,
89906359,2020,1,PINELLAS PARK,FL,33781,N,Vehicle in Transport,FL,,N,2012,HYUN,,4D,SIL,None,0,N,Driver,N,North,N BELCHER RD,10,40,6,,,,,Left Rear Fender,Left Rear Fender,Passenger Car,"Two-Way, Divided, Unprotected (painted >4 feet) Median",,,,,Motor Vehicle in Transport,Motor Vehicle in Transport,,,,N,Level,Straight,Turning Left,Traffic Control Signal,No Special Function,None,,
89910660,2020,1,,,,,,,,Y,,UK,,UNKNOWN,UNKNOWN,Unknown,0,N,,N,,,,,,,,,,,,Unknown,"Two-Way, Not Divided",,,,,Parked Motor Vehicle,Parked Motor Vehicle,,,,,Level,Straight,Unknown,No Controls,Unknown,Unknown,Unknown,
89910870,2020,1,,,,,Vehicle in Transport,,,Y,,UK,,SU,BLK,Unknown,0,N,,N,,,,,,,,,,,,Unknown,"Two-Way, Divided, Positive Median Barrier",,,,,,,,,,,Level,Straight,Unknown,,Unknown,Unknown,Unknown,
89913772,2020,1,PORT CHARLOTTE,FL,33953,N,Vehicle in Transport,FL,,N,2019,CHEV,,4D,BLK,Minor,1000,N,Driver,N,East,EDGEWATER DR,35,35,2,,,,,Left Rear Door,Left Rear Door,Passenger Car,"Two-Way, Divided, Positive Median Barrier",,,,,Motor Vehicle in Transport,Motor Vehicle in Transport,,,,N,Level,Curve Left,Entering Traffic Lane,No Controls,No Special Function,None,,
89917799,2020,1,WEST PALM BEACH,FL,33401,N,Vehicle in Transport,FL,N,N,2011,MITS,,4D,WHI/,Functional,1500,N,,N,East,EXITING 1805 N TAMARIND AVE,10,20,2,,,,,Left Front Fender,Left Front Fender,Passenger Car,"Two-Way, Not Divided",,,,,Pedalcycle,Pedalcycle,,,,N,Level,Straight,Turning Left,No Controls,No Special Function,None,,
89929693,2020,1,NORTH MIAMI,FL,33169,N,Vehicle in Transport,FL,N,N,2006,PORS,,SUV,GRY,Functional,1000,N,Other,N,North,NW 2ND AVE,35,40,6,,,,,Right Front Fender,Front Right Bumper,(Sport) Utility Vehicle,"Two-Way, Divided, Positive Median Barrier",,,,,Other Non-Fixed Object,Other Non-Fixed Object,,,,N,Level,Straight,Turning Right,Traffic Control Signal,No Special Function,None,,
89946716,2020,1,JACKSONVILLE,FL,32219,N,Vehicle in Transport,FL,N,N,2010,TOYT,,4D,GRY,Minor,250,N,Driver,N,East,5620 COLLINS RD BUILDING 9,5,10,2,,,,,Front Center Bumper,Front Center Bumper,Passenger Car,"Two-Way, Not Divided",,,,,Other Non-Fixed Object,Other Non-Fixed Object,,,,N,Level,Straight,Straight Ahead,No Controls,No Special Function,None,,
89966097,2020,1,TEMPLE TERRACE,FL,33617,N,Vehicle in Transport,FL,,N,2015,BUIC,,4D,GRY,Minor,500,N,Driver,N,East,SWANN AVE W,30,30,2,,,,,Front Right Bumper,Front Right Bumper,Passenger Car,"Two-Way, Not Divided",,,,,Pedalcycle,Pedalcycle,,,,N,Level,Straight,Straight Ahead,No Controls,No Special Function,Unknown,,
89966370,2020,1,TAMPA,FL,33612,N,Vehicle in Transport,FL,,Y,2020,RAM,,PK,WHI,Unknown,1,N,Driver,N,East,109TH AV E,10,35,2,,,,,Front Right Bumper,Front Right Bumper,Pickup,"Two-Way, Not Divided",,,,,Pedestrian,Pedestrian,,,,N,Level,Straight,Turning Right,Stop Sign,No Special Function,None,,
89995910,2020,1,HALLANDALE BEACH,FL,33009,N,Vehicle in Transport,FL,N,N,2020,LEXS,,4D,WHI,Functional,10000,N,,N,North,N FEDERAL HWY,35,35,6,,,,,Front Left Bumper,Left Rear Door,(Sport) Utility Vehicle,"Two-Way, Not Divided",,,,,Pedalcycle,Pedalcycle,,,,N,Level,Straight,Straight Ahead,No Controls,No Special Function,None,,
89997168,2020,1,SEBASTIAN,FL,32958,N,Vehicle in Transport,FL,,N,2015,AUDI,,4D,WHI,Minor,200,N,Driver,N,East,PAR ST NE,2,30,2,,,,,Front Center Bumper,Front Center Bumper,Passenger Car,"Two-Way, Not Divided",,,,,Motor Vehicle in Transport,Motor Vehicle in Transport,Pedestrian,,,N,Level,Straight,Straight Ahead,Stop Sign,No Special Function,None,,
90109403,2020,1,,,,,,,,Y,,UK,,UNKNOWN,UNKNOWN,Unknown,0,N,,N,,,,,,,,,,,,Unknown,"Two-Way, Not Divided",,,,,Motor Vehicle in Transport,Motor Vehicle in Transport,,,,,Level,Straight,Unknown,No Controls,Unknown,Unknown,Unknown,
90128019,2020,1,MIAMI,FL,33135,N,Vehicle in Transport,FL,,N,2016,MERZ,,4D,SIL,Minor,500,N,Driver,N,South,SW 18 AVE,20,35,2,,,,,Front Right Bumper,Front Right Bumper,Passenger Car,"Two-Way, Not Divided",,,,,Motor Vehicle in Transport,Motor Vehicle in Transport,,,,N,Level,Straight,Straight Ahead,Stop Sign,No Special Function,None,,
24018175,2021,1,,,,N,Vehicle in Transport,,,Y,,,,,,,0,N,,N,,GRIFFIN RD,,,,,,,,,,Pickup,"Two-Way, Divided, Unprotected (painted >4 feet) Median",,,,,Motor Vehicle in Transport,Motor Vehicle in Transport,,,,N,Level,Straight,Leaving Traffic Lane,No Controls,No Special Function,Unknown,,
24018185,2021,1,HOLLYWOOD,FL,33020,N,Vehicle in Transport,FL,N,N,2003,HOND,,4D,SIL,Minor,100,N,,N,South,N FEDERAL HWY,15,35,4,,,,,Front Right Bumper,Front Right Bumper,Passenger Car,"Two-Way, Not Divided",,,,,Pedalcycle,Pedalcycle,,,,N,Level,Straight,Turning Right,No Controls,No Special Function,None,,
24033091,2021,1,PORT ORANGE,FL,32128,,Vehicle in Transport,FL,,N,2020,MAZD,,4D,WHI,Minor,500,N,Driver,N,Off-Road,PARKING LOT DRIVE WAY,5,15,2,,,,,Front Center Bumper,Front Center Bumper,Passenger Car,"Two-Way, Not Divided",,,,,Motor Vehicle in Transport,Motor Vehicle in Transport,,,,N,Level,Straight,Turning Right,Stop Sign,No Special Function,None,None,
24060671,2021,1,MOBILE,AL,36693,N,Vehicle in Transport,AL,N,N,2016,NISS,NV CARG,TRUCK,WHITE,None,0,N,Driver,N,South,MIRACLE STRIP LOOP,,15,1,,,,,Front Left Bumper,Front Left Bumper,"Cargo Van (10,000 lbs (4,536 kg) or less)",One-Way Trafficway,,,,,Motor Vehicle in Transport,Motor Vehicle in Transport,,,,N,Level,Straight,Turning Left,Stop Sign,No Special Function,None,None,N
24072808,2021,1,ORLANDO,FL,32835,,Vehicle in Transport,GA,,N,2010,VOLK,,4D,BLK,None,0,N,Driver,N,North,TIME SQUARE AV,15,25,2,,,,,Front Left Bumper,,(Sport) Utility Vehicle,"Two-Way, Not Divided",,,,,Pedestrian,Pedestrian,,,,N,Level,Straight,Straight Ahead,No Controls,No Special Function,None,None,
24075754,2021,1,SAINT CLOUD,FL,34769,N,Vehicle in Transport,FL,N,N,2013,RAM,,PK,SIL,Functional,3000,N,,N,West,13TH ST,45,45,6,,,,,Front Left Bumper,Left Front Fender,Pickup,"Two-Way, Divided, Positive Median Barrier",,,,,Pedalcycle,Pedalcycle,,,,N,Level,Straight,Straight Ahead,No Controls,No Special Function,None,,
24079338,2021,1,,,,N,Vehicle in Transport,FL,,Y,2020,NISS,,4D,BLK,Unknown,1000,N,Other,N,North,ATLANTIC AVE N,35,45,2,,,,,Front Left Bumper,Front Left Bumper,Unknown,"Two-Way, Not Divided",,,,,Motor Vehicle in Transport,Motor Vehicle in Transport,,,,N,Level,Straight,Unknown,No Controls,Unknown,Unknown,Unknown,
24086212,2021,1,TREASURE ISLAND,FL,33706,N,Vehicle in Transport,FL,,N,2012,BMW,,4D,BLK,Minor,400,N,Driver,N,North,SR 699,30,30,4,,,,,Left Front Door,Left Front Fender,Passenger Car,"Two-Way, Not Divided",,,,,Motor Vehicle in Transport,Motor Vehicle in Transport,Pedalcycle,,,N,Level,Straight,Straight Ahead,No Controls,No Special Function,None,,
24086212,2021,2,ST PETERSBURG,FL,33710,N,Vehicle in Transport,FL,,N,2016,FORD,,PK,WHI,Minor,400,N,Driver,N,North,SR 699,30,30,4,,,,,Right Rear Door,Right Rear Fender,Pickup,"Two-Way, Not Divided",,,,,Motor Vehicle in Transport,Motor Vehicle in Transport,,,,N,Level,Straight,Straight Ahead,No Controls,No Special Function,None,,
24089266,2021,1,GAINESVILLE,FL,32607,N,Vehicle in Transport,FL,N,Y,2014,MERZ,,,SIL,,0,N,,N,East,SR 26 (W UNIVERSITY AVE),,,,,,,,,,Passenger Car,"Two-Way, Not Divided, with a Continuous Left Turn Lane",,,,,,Pedestrian,,,,N,Level,Straight,Turning Right,Traffic Control Signal,No Special Function,None,,
24089818,2021,1,GAINESVILLE,FL,32607,N,Vehicle in Transport,FL,N,N,2015,DODG,,2DR,BLK,Minor,500,N,,N,West,3230 SW ARCHER RD,2,,2,,,,,Front Center Bumper,Front Center Bumper,Passenger Car,"Two-Way, Not Divided",,,,,,Motor Vehicle in Transport,,,,N,Level,Straight,Entering Traffic Lane,No Controls,No Special Function,None,,
24090513,2021,1,GAINESVILLE,FL,32606,N,Vehicle in Transport,FL,N,N,2009,HYUN,,4DR,RED,Functional,800,N,Owner Request,N,East,NW 43RD ST,20,45,5,,,,,Right Front Fender,Right Front Fender,Passenger Car,"Two-Way, Not Divided, with a Continuous Left Turn Lane",,,,,Pedalcycle,Pedalcycle,,,,N,Level,Straight,Turning Left,No Controls,No Special Function,None,,
24112661,2021,1,GREENVILLE,WI,54942,N,Vehicle in Transport,WI,N,N,2013,FORD,,LL,SIL,None,0,N,Rotation,N,North,N. MAIN ST.,20,30,3,,,,,Front Right Bumper,,(Sport) Utility Vehicle,One-Way Trafficway,,,,,Pedestrian,Pedestrian,,,,N,Level,Straight,Straight Ahead,Traffic Control Signal,No Special Function,None,,
24115370,2021,1,JACKSONVILLE,FL,32208-1957,N,Vehicle in Transport,FL,N,N,2017,HYUN,,4D,BLK,Minor,500,N,Driver,N,South,PHILIPS HWY,15,45,4,,,,,Front Left Bumper,Front Left Bumper,Passenger Car,"Two-Way, Divided, Positive Median Barrier",,,,,Pedalcycle,Pedalcycle,,,,N,Level,Straight,Turning Left,No Controls,No Special Function,None,,
24115865,2021,1,JACKSONVILLE,FL,32256-2970,N,Vehicle in Transport,FL,N,N,2014,MERZ,,4D,WHI,Minor,100,N,Driver,N,South,1 BAY ST W,,15,1,,,,,Front Center Bumper,Front Center Bumper,Passenger Car,One-Way Trafficway,,,,,Other Non-Fixed Object,Other Non-Fixed Object,,,,N,Level,Straight,Stopped in Traffic,No Controls,No Special Function,None,,
24134601,2021,1,CALHOUN,GA,307019551,N,Vehicle in Transport,GA,,N,2018,NISS,,4S,WHITE,Functional,2000,N,Driver,N,North,MLK BLVD,15,40,4,,,,,Right Rear Door,Right Rear Door,Passenger Car,"Two-Way, Not Divided",,,,,Pedalcycle,Pedalcycle,,,,N,Level,Straight,Turning Left,Traffic Control Signal,No Special Function,None,,
24150328,2021,1,COCOA BEACH,FL,32931,N,Vehicle in Transport,FL,,N,2013,TOYT,,5D,BLU,Minor,500,N,Driver,N,East,6TH S,15,35,2,,,,,Front Right Bumper,Right Front Fender,Passenger Car,"Two-Way, Not Divided",,,,,Motor Vehicle in Transport,Motor Vehicle in Transport,,,,N,Level,Straight,Straight Ahead,No Controls,No Special Function,None,,
24155553,2021,1,WEEKI WACHEE,FL,34613,N,Parked Motor Vehicle,SC,,N,2021,LEXUS,,4D,WHI,Functional,6000,N,Owner Request,N,,,,,,,,,,,,Passenger Car,,,,,,,,,,,,,,,,,,,
24156257,2021,1,INVERNESS,FL,34450,N,Vehicle in Transport,FL,,N,2015,FORD,,SU,BLU,Minor,500,N,Driver,N,West,EDEN DR,10,30,2,,,,,Front Right Bumper,Front Right Bumper,(Sport) Utility Vehicle,"Two-Way, Not Divided",,,,,Motor Vehicle in Transport,Motor Vehicle in Transport,Pedalcycle,,,N,Level,Straight,Straight Ahead,No Controls,No Special Function,None,,
24164989,2021,1,LAKE WORTH,FL,33461,N,Vehicle in Transport,FL,N,N,2008,MITS,,4D,GRY,Minor,200,N,Driver,N,North,CONGRESS AVENUE,,45,3,,,,,Left Front Fender,Left Front Fender,Passenger Car,"Two-Way, Divided, Positive Median Barrier",,,,,Pedestrian,Motor Vehicle in Transport,Pedestrian,,,N,Level,Straight,Turning Left,No Controls,No Special Function,None,None,
24167547,2021,1,BOCA RATON,FL,33428,N,Vehicle in Transport,FL,N,N,2014,KIA,,SW,SIL,Functional,1000,N,Driver,N,South,11379 COUNTY ROAD 798 (PALMETTO PARK ROAD),,,2,,,,,Right Front Door,Right Front Door,Passenger Car,"Two-Way, Divided, Positive Median Barrier",,,,,Pedalcycle,Pedalcycle,Pedalcycle,,,N,Level,Straight,Straight Ahead,Stop Sign,No Special Function,None,,
24181941,2021,1,MIAMI GARDENS,FL,33055,N,Vehicle in Transport,FL,N,N,2021,CHEV,,,BLK,Minor,1000,N,,N,North,COLLINS AVE,0,3,0,,,,,Left Rear Door,Left Rear Door,Pickup,"Two-Way, Not Divided",,,,,Motor Vehicle in Transport,Motor Vehicle in Transport,,,,N,Level,Straight,Straight Ahead,No Controls,No Special Function,None,,
24189158,2021,1,HIALEAH,FL,33015,N,Vehicle in Transport,FL,N,N,2018,TOYT,,4D,WHI,Functional,700,N,,N,West,SOUTHGATE BLVD,40,40,7,,,,,Front Center Bumper,Front Center Bumper,Passenger Car,"Two-Way, Divided, Positive Median Barrier",,,,,,Pedestrian,Cross Median,,,N,Level,Straight,Straight Ahead,Traffic Control Signal,No Special Function,None,,
24191871,2021,1,DEERFIELD BEACH,FL,33441,N,Vehicle in Transport,FL,N,N,2012,HYUN,,4D,BLK/,Functional,500,Y,Rotation,N,South,W HILLSBORO BLVD,15,35,3,,,,,Hood,Hood,Passenger Car,"Two-Way, Divided, Positive Median Barrier",,,,,,Pedalcycle,,,,N,Level,Straight,Turning Right,No Controls,No Special Function,None,,
24194477,2021,1,,,,N,Vehicle in Transport,,,Y,,,,,,,0,N,,N,,W SAMPLE RD,,,,,,,,,,,,,,,,Pedalcycle,Pedalcycle,,,,,,,,,,,,
24197465,2021,1,LAUDERHILL,FL,33319,N,Vehicle in Transport,FL,N,N,2017,JEEP,,SPUV,WHI,None,0,N,,N,South,SE 20TH AV,15,15,2,,,,,Rear Left Bumper,,(Sport) Utility Vehicle,"Two-Way, Not Divided",,,,,,Parked Motor Vehicle,,,,N,Level,Straight,Backing,No Controls,No Special Function,None,,
24197465,2021,2,FORT LAUDERDALE,FL,33315,N,Parked Motor Vehicle,FL,N,N,2020,HYUN,,4D,BLU,Minor,300,N,,Y,,SE 20TH AV,0,15,2,,,,,Right Front Door,Right Front Door,Passenger Car,"Two-Way, Not Divided",,,,,,Parked Motor Vehicle,,,,N,Level,Straight,Parked,No Controls,No Special Function,None,,
24199835,2021,1,POMPANO BEACH,FL,33062,N,Vehicle in Transport,FL,Y,N,2021,FORD,,2D,SIL,Functional,1000,N,Driver,Y,South,EL MAR DR,20,30,2,,,,,Left Front Fender,Left Front Door,Passenger Car,"Two-Way, Divided, Positive Median Barrier",,,,,Pedalcycle,Pedalcycle,,,,N,Level,Straight,Straight Ahead,No Controls,No Special Function,None,,
24202539,2021,1,BOYNTON BEACH,FL,33473,N,Vehicle in Transport,FL,N,N,2017,FORD,,2D,BLU,Minor,250,N,,N,East,BAILEY RD,15,40,2,,,,,Front Right Bumper,Front Right Bumper,Passenger Car,"Two-Way, Divided, Positive Median Barrier",,,,,Pedalcycle,Pedalcycle,,,,N,Level,Straight,Turning Right,Traffic Control Signal,No Special Function,None,,
24205158,2021,1,MARGATE,FL,33068,N,Vehicle in Transport,FL,N,N,2018,TOYT,,SPUV,MAR,Minor,200,N,,N,North,NW 64TH AV,15,40,2,,,,,Right Rear Fender,Right Rear Fender,(Sport) Utility Vehicle,"Two-Way, Not Divided",,,,,Pedestrian,Pedestrian,,,,N,Level,Straight,Turning Right,Traffic Control Signal,No Special Function,None,,
24208734,2021,1,MIAMI,FL,33165,N,Vehicle in Transport,FL,,N,2004,CHEV,,SW,BLU,Minor,1500,N,Driver,N,North,NE 1 AVE,10,30,3,,,,,Right Front Fender,Right Front Fender,(Sport) Utility Vehicle,One-Way Trafficway,,,,,Motor Vehicle in Transport,Motor Vehicle in Transport,,,,N,Level,Straight,Turning Right,Traffic Control Signal,No Special Function,None,,
24210984,2021,1,MIAMI,FL,33156,N,Vehicle in Transport,FL,,N,2016,TOYT,,4D,BLK,None,0,N,Driver,N,North,180 NE 29TH ST,5,5,0,,,,,Front Center Bumper,Front Center Bumper,Passenger Car,One-Way Trafficway,,,,,Motor Vehicle in Transport,Motor Vehicle in Transport,,,,N,Level,Straight,Straight Ahead,Stop Sign,No Special Function,None,,
