REPORT_NUMBER,CRASH_YEAR,PERSON_NUMBER,STATUTE_NUMBER,CHARGE,CITATION_NUMBER
89384910,2020,1,316.1925(1),CARELESS DRIVING,ADI9YEE
89396052,2020,1,316.1925 (1),CARELESS DRIVING\NREASON:,ADKGFCE
89396052,2020,1,316.027(2)(A),LEAVE SCENE ON PUBLIC/PRIVATE PROP. W/OUT RENDER AIDE (INJ),ADKGFDE
89396052,2020,1,322.34 (2),LICENSE- DRIVING UNDER SUSPENSION W/KNOWLEDGE,ADKGFEE
24212283,2021,2,316.130(10),PEDESTRIAN FAILED TO YIELD TO TRAFFIC,AEIXBQE
89424098,2020,1,316.130.7.C,FAIL TO YIELD TO PEDESTRIAN AT CROSSWALK WITH SIGNAGE,ACG9ZPE
89468528,2020,2,316.2074(5),ALL-TERRAIN VEHICLES (ATV) IMPROPER OPERATION ON PUBLIC ROAD,ACZN58E
89468528,2020,2,316.061(1),CRASH - LEAVING SCENE WITHOUT GIVING INFORMATION LESS THAN $,ACZTMJE
89472781,2020,1,316.130(7)(a),FAILED TO YIELD RIGHT-OF-WAY TO PEDESTRIAN AT INTERSECTION W,AD96YTE
89482128,2020,2,316.130(10),PEDESTRIAN FAILED TO YIELD TO TRAFFIC,ADD1ABE
89486268,2020,3,316.130(10),PEDESTRIAN FAILED TO YIELD TO TRAFFIC,ADNCX2E
89521616,2020,1,316.1925(1),CARELESS DRIVING,ADH4L4E
89535148,2020,1,316.1925(1),CARELESS DRIVING,ADQ8GAE
89535148,2020,1,316.646(1),NO PROOF OF INSURANCE/FINANCIAL RESPONSIBILITY,ADQE33E
89538566,2020,1,316.1925(1),CARELESS DRIVING,ADQFT2E
89903415,2020,1,316.121,FAILED TO YIELD - APPROACHING/ENTERING INTERSECTION,A31E9PP
89904318,2020,3,316.085(2),"IMPROPER-CHANGE-OF-LANE, PULLING OUT IN FRONT OF VEHICLE GOI",ACRZE0E
89905681,2020,1,322.03(1),NO DRIVER LICENSE - NEVER HAD ONE ISSUED (IF VALID AT TIME C,ACS1WKE
89905681,2020,1,316.1925,CARELESS DRIVING,ACS1WLE
89906359,2020,1,316.130(7)(a),FAILED TO YIELD RIGHT-OF-WAY TO PEDESTRIAN AT INTERSECTION W,AE5YZRE
89913772,2020,1,316.1925,CARELESS DRIVING,AE1L72E
89966097,2020,1,316.083(1),OVERTAKING AND PASSING BICYCLE IMPROPER DISTANCE BETWEEN,ADLX6RE
89966370,2020,1,316.061(1),CRASH - LEAVING SCENE WITHOUT GIVING INFORMATION MORE THAN $,ADLXEBE
90128019,2020,1,316.1925(1),CARELESS DRIVING,AE5C8IE
24018185,2021,1,316.075-1A1,FAILED TO YLD ROW WHILE TURNING,ADIP9SE
24033091,2021,1,316.1925(1),CARELESS DRIVING,AE2XU8E
24086212,2021,1,316.1925,CARELESS DRIVING,ADRSKME
24112661,2021,1,316.193(3)(c) 1,"D.U.I. - PROPERTY DAMAGE, PERSONAL INJURY",AE1O8DE
24112661,2021,1,316.193(1),D.U.I. - DRIVING UNDER THE INFLUENCE,AE1O8EE
24112661,2021,1,316.1925(1),CARELESS DRIVING,AE8F57E
24115370,2021,2,316.130(14),PEDESTRIAN CROSSED INTERSECTION DIAGONALLY,AF6933E
24134601,2021,2,322.03(1),NO DRIVER LICENSE - NEVER HAD ONE ISSUED (IF VALID AT TIME C,AF843HE
24150328,2021,1,316.1925,CARELESS DRIVING,AF1J6BE
24190606,2021,1,316.061-1,CRASH LEAVE SCENE W/O GIVING INFORMATION (SPECIFY DAMAGE $$),AEC0SRE
24190606,2021,2,316.061-1,CRASH LEAVE SCENE W/O GIVING INFORMATION (SPECIFY DAMAGE $$),AEC0SRE
24208734,2021,1,316.1925(1),CARELESS DRIVING,AECIMPE
24210984,2021,1,316.125(2),FAILED TO YIELD/STOP AT SIDEWALK - FROM ALLEY/BLDG./PRIVATE,AEISXXE
24211749,2021,2,316.130(10),PEDESTRIAN FAILED TO YIELD TO TRAFFIC,AEIVAAE
24211749,2021,2,316.2065(3)(d),VIOLATION OF HELMET REGULATION (1ST VIOLATION DISMISSED UPON,AEIVARE
24211749,2021,2,316.081,WRONG SIDE OF ROADWAY - DRIVING ON,AEIVATE
