REPORT_NUMBER,CRASH_YEAR,CRASH_DATE_AND_TIME,REPORT_DATE_AND_TIME,INVESTIGATING_AGENCY_REPORT_NUMBER,FORM_TYPE,TOTAL_NUMBER_OF_VEHICLES,TOTAL_NUMBER_OF_PERSONS,COUNTY_CODE,CITY_CODE,COUNTY_NAME,CITY_NAME,RURAL_OR_URBAN,NOTIFIED_TIME,DISPATCHED_TIME,ARRIVED_TIME,CLEARED_TIME,COMPLETED_FLAG,NOTIFIED_BY,ON_STREET_ROAD_HIGHWAY,STREET_ADDRESS_NUMBER,LATITUDE,LONGITUDE,FEET_FROM_INTERSECTION,DIRECTION_FROM_INTERSECTION,FROM_INTERSECTION_OF,MILEPOST_NUMBER,ROAD_SYSTEM_IDENTIFER,TYPE_OF_SHOULDER,TYPE_OF_INTERSECTION,PHOTOS_TAKEN,LIGHT_CONDITION,WEATHER_CONDITION,ROAD_SURFACE_CONDITION,SCHOOL_BUS_RELATED_CODE,TYPE_OF_IMPACT,FIRST_HARMFUL_EVENT,LOCATION,INTERCHANGE_FLAG,JUNCTION_FLAG,ROAD_CIRCUMSTANCES_1,ROAD_CIRCUMSTANCES_2,ROAD_CIRCUMSTANCES_3,ENVIRONMENT_CIRCUMSTANCES_1,ENVIRONMENT_CIRCUMSTANCES_2,ENVIRONMENT_CIRCUMSTANCES_3,WORK_ZONE_RELATED_FLAG,CRASH_IN_WORK_ZONE,TYPE_OF_WORK_ZONE,WORKERS_PRESENT,LAW_ENFORCEMENT_PRESENT,INVESTIGATOR_RANK,INVESTIGATING_AGENCY_NAME,INVESTIGATING_AGENCY_TYPE,LOAD_DATE,UPDATE_DATE,DAYS_TO_LOAD,CODEABLE,S4_CRASH_TYPE,S4_CRASH_TYPE_SIMPLIFIED,S4_CRASH_SEVERITY,S4_CRASH_SEVERITY_DETAIL,S4_DAY_OR_NIGHT,S4_IS_AGGRESSIVE_DRIVING,S4_IS_ALCOHOL_RELATED,S4_IS_CMV_INVOLVED,S4_IS_DISTRACTED,S4_IS_DRUG_RELATED,S4_IS_HIT_AND_RUN,S4_IS_INTERSECTION_RELATED,S4_IS_LANE_DEPARTURE_RELATED,S4_IS_SPEEDING_RELATED,S4_NONE_INJURY_COUNT,S4_INJURY_COUNT,S4_POSSIBLE_INJURY_COUNT,S4_NON_INCAPACITATING_INJURY_COUNT,S4_INCAPACITATING_INJURY_COUNT,S4_FATALITY_COUNT,S4_FATALITY_WITHIN_30_DAYS_COUNT,S4_NON_TRAFFIC_FATALITY_COUNT,S4_TRAILER_COUNT,S4_MOTORCYCLE_COUNT,S4_MOPED_COUNT,S4_NON_MOTORIST_COUNT,S4_BICYCLIST_COUNT,S4_PEDESTRIAN_COUNT,S4_DRIVER_COUNT,S4_AGING_DRIVER_COUNT,S4_TEENAGER_DRIVER_COUNT,S4_PASSENGER_COUNT,S4_UNRESTRAINED_COUNT,S4_UNRESTRAINED_INJURY_COUNT,S4_UNRESTRAINED_INCAPACITATING_INJURY_COUNT,S4_UNRESTRAINED_FATALITY_COUNT,S4_MOTORCYCLIST_COUNT,S4_MOTORCYCLIST_INCAPACITATING_INJURY_COUNT,S4_MOTORCYCLIST_FATALITY_COUNT,S4_IS_PEDESTRIAN_INVOLVED,S4_PEDESTRIAN_INCAPACITATING_INJURY_COUNT,S4_PEDESTRIAN_FATALITY_COUNT,S4_IS_BICYCLIST_INVOLVED,S4_BICYCLIST_INCAPACITATING_INJURY_COUNT,S4_BICYCLIST_FATALITY_COUNT,S4_CITATION_COUNT,S4_CITATION_AMOUNT,S4_PROPERTY_DAMAGE_COUNT,S4_PROPERTY_DAMAGE_AMOUNT,S4_VEHICLE_DAMAGE_COUNT,S4_VEHICLE_DAMAGE_AMOUNT,S4_TOTAL_DAMAGE_AMOUNT,S4_TRANSPORT_BY_EMS_COUNT,S4_TRANSPORT_BY_LAW_ENFORCEMENT_COUNT,S4_TRANSPORT_BY_OTHER_COUNT,S4_GEOLOCATION_STATUS,S4_PRELIMINARY_GEOLOCATION_STATUS,S4_X,S4_Y,S4_LATITUDE,S4_LONGITUDE
26219246,2024,18-MAR-2024 04:30 PM,18-MAR-2024 12:00 AM,2024TA003226,L,1,3,17,60,Seminole,Sanford,Urban,3/18/2024 4:32:00 PM,3/18/2024 4:34:00 PM,3/18/2024 4:41:00 PM,3/18/2024 5:45:00 PM,Y,Law Enforcement,HANSOM PKWY,,28.753799,-81.275856,54,North,DOWNING ST,,Local,Unpaved,Not at Intersection,Y,Daylight,Clear,Dry,N,,Pedestrian,On Roadway,N,Non-Junction,None,,,None,,,N,,,,,OFFICER,Sanford Police Department,Police Department (PD),3/20/2024 11:16:00 PM,3/20/2024 11:16:00 PM,2,Y,Pedestrian,Pedestrian,Injury,Non-Incapacitating Injury,DAY,N,N,N,N,N,N,N,N,N,2,1,0,1,0,0,0,0,0,0,0,2,1,1,1,0,0,0,0,0,0,0,0,0,0,Y,0,0,Y,0,0,2,0,0,0,1,250,250,1,0,0,Preliminary,Editor Mapped,473068.8125,3180739.1566,28.7537883132626,-81.2758493618334
26219550,2024,08-MAY-2024 05:05 PM,08-MAY-2024 12:00 AM,2024TA005390,L,1,2,17,60,Seminole,Sanford,Urban,5/8/2024 5:05:00 PM,5/8/2024 5:11:00 PM,5/8/2024 5:14:00 PM,5/8/2024 5:45:00 PM,Y,Law Enforcement,S FRENCH AVE,,28.797204,-81.273235,,,W 18TH ST,,Local,Curb,Other,N,Daylight,Clear,Dry,N,,Pedestrian,On Roadway,N,Other,None,,,None,,,N,,,,,OFC,Sanford Police Department,Police Department (PD),5/16/2024 12:24:00 AM,5/16/2024 12:24:00 AM,8,Y,Pedestrian,Pedestrian,Injury,Possible Injury,DAY,N,N,N,N,N,N,N,N,N,1,1,1,0,0,0,0,0,0,0,0,1,1,0,1,0,0,0,0,0,0,0,0,0,0,N,0,0,Y,0,0,1,0,0,0,0,0,0,0,0,0,Preliminary,Editor Mapped,473335.7747,3185547.7694,28.7971972074401,-81.2732280252787
26225180,2024,28-DEC-2024 06:32 PM,28-DEC-2024 12:00 AM,2024TA014908,L,1,2,17,44,Seminole,Oviedo,Urban,12/28/2024 6:32:00 PM,12/28/2024 7:48:00 PM,12/28/2024 7:48:00 PM,12/28/2024 6:50:00 PM,N,Law Enforcement,LOCKWOOD BLVD,,28.63169,-81.175722,174,South,OLD LOCKWOOD RD,,Local,Curb,Not at Intersection,N,Dark - Lighted,Clear,Dry,N,,Pedestrian,On Roadway,N,Non-Junction,None,,,None,,,N,,,,,OFFICER,Oviedo Police Department,Police Department (PD),12/31/2024 8:06:00 PM,12/31/2024 8:06:00 PM,3,Y,Pedestrian,Pedestrian,Injury,Non-Incapacitating Injury,DAY,N,N,N,N,N,Y,N,N,N,1,1,0,1,0,0,0,0,0,0,0,1,1,0,1,0,0,0,0,0,0,0,0,0,0,N,0,0,Y,0,0,0,0,0,0,1,750,750,1,0,0,Preliminary,Officer Mapped,482824.5769,3167193.2038,28.6316849751018,-81.175719725307
26226711,2024,12-JUN-2024 11:52 AM,12-JUN-2024 11:52 AM,2024-002210,L,1,1,23,51,Bay,Parker,Urban,6/12/2024 11:52:00 AM,6/12/2024 11:54:00 AM,6/12/2024 11:58:00 AM,6/12/2024 12:15:00 PM,N,Motorist,E US HIGHWAY 98,6396,,,193,North,,,U.S.,Curb,Not at Intersection,N,Daylight,Clear,Dry,N,Other,Pedestrian,On Roadway,N,Non-Junction,None,None,None,None,None,None,N,,,,,OFFICER,Parker Police Department,Police Department (PD),7/9/2024 7:45:00 PM,7/9/2024 7:45:00 PM,27,Y,Pedestrian,Pedestrian,No Injury,No Injury,DAY,N,N,N,N,N,Y,N,N,N,0,0,0,0,0,0,0,0,0,0,0,1,1,0,0,0,0,0,0,0,0,0,0,0,0,N,0,0,Y,0,0,0,0,0,0,1,500,500,0,0,0,Preliminary,Editor Mapped,57473.2520000003,3341829.3995,30.1275329699364,-85.5916863011274
26232324,2024,09-JAN-2024 10:35 PM,09-JAN-2024 12:00 AM,24023699,L,1,2,6,0,Palm Beach,Unincorporated,Rural,1/9/2024 10:41:00 PM,1/9/2024 10:45:00 PM,1/9/2024 10:50:00 PM,1/9/2024 11:20:00 PM,Y,Law Enforcement,LAKE WORTH RD,,26.617763,-80.16013,,,,,Parking Lot,Curb,Not at Intersection,N,Dark - Lighted,Rain,Wet,N,,Pedestrian,In Parking Lane or Zone,N,Other,Road Surface Condition,,,Weather Conditions,,,N,,,,,D/S,Palm Beach County Sheriff's Office,Sheriff's Office (SO),1/12/2024 7:35:00 PM,1/12/2024 7:35:00 PM,3,Y,Pedestrian,Pedestrian,Injury,Possible Injury,NIGHT,N,N,N,N,N,N,N,N,N,1,1,1,0,0,0,0,0,0,0,0,1,1,0,1,0,0,0,0,0,0,0,0,0,0,N,0,0,Y,0,0,0,0,0,0,0,0,0,0,0,0,Preliminary,Editor Mapped,583610.4987,2944374.1706,26.6177582441141,-80.1601205176235
26234040,2024,01-FEB-2024 04:14 PM,01-FEB-2024 12:00 AM,24030585,L,1,2,6,0,Palm Beach,Unincorporated,Rural,2/1/2024 4:14:00 PM,2/1/2024 4:15:00 PM,2/1/2024 4:23:00 PM,2/1/2024 4:53:00 PM,Y,Law Enforcement,180TH AVE N,,26.738268,-80.329521,0,,W SYCAMORE DR,,Local,Unpaved,Not at Intersection,N,Daylight,Clear,Dry,N,,Pedalcycle,On Roadway,N,Intersection-Related,None,,,None,,,N,,,,,CSA,Palm Beach County Sheriff's Office,Sheriff's Office (SO),2/5/2024 7:40:00 PM,2/5/2024 7:40:00 PM,4,Y,Bicycle,Bicycle,Injury,Non-Incapacitating Injury,DAY,N,N,N,N,N,N,Y,N,N,1,1,0,1,0,0,0,0,0,0,0,1,1,0,1,0,0,0,0,0,0,0,0,0,0,N,0,0,Y,0,0,0,0,1,500,1,800,1300,1,0,0,Preliminary,Editor Mapped,566676.3654,2957621.7884,26.7382653364636,-80.3295166132648
26235071,2024,16-FEB-2024 03:16 PM,16-FEB-2024 12:00 AM,24035173,L,1,2,6,0,Palm Beach,Unincorporated,Rural,2/16/2024 3:16:00 PM,2/16/2024 3:18:00 PM,2/16/2024 3:20:00 PM,2/16/2024 4:07:00 PM,Y,Law Enforcement,N MILITARY TRL,,26.720543,-80.110448,68,North,CHESTER LAKE DR,,State,Curb,Not at Intersection,N,Daylight,Clear,Dry,N,,Pedalcycle,On Roadway,N,Non-Junction,None,,,None,,,N,,,,,CSA,Palm Beach County Sheriff's Office,Sheriff's Office (SO),2/19/2024 7:43:00 PM,2/19/2024 7:43:00 PM,3,Y,Bicycle,Bicycle,Injury,Possible Injury,DAY,N,N,N,N,N,N,N,N,N,1,1,1,0,0,0,0,0,0,0,0,1,1,0,1,0,0,0,0,0,0,0,0,0,0,N,0,0,Y,0,0,0,0,0,0,1,100,100,0,0,0,Preliminary,Editor Mapped,588474.2644,2955792.6792,26.7205469020125,-80.110468634082
26236644,2024,23-FEB-2024 10:40 AM,23-FEB-2024 12:00 AM,24037116,L,1,2,6,0,Palm Beach,Unincorporated,Rural,2/23/2024 10:42:00 AM,2/23/2024 10:42:00 AM,2/23/2024 10:50:00 AM,2/23/2024 11:40:00 AM,Y,Law Enforcement,S MILITARY TRL,,26.662561,-80.11274,0,,SUMMIT BLVD,,Local,Curb,Four-Way Intersection,N,Daylight,Clear,Dry,N,,Pedalcycle,On Roadway,N,Intersection,None,,,None,,,N,,,,,D/S,Palm Beach County Sheriff's Office,Sheriff's Office (SO),3/9/2024 7:15:00 PM,3/9/2024 7:15:00 PM,15,Y,Bicycle,Bicycle,Injury,Non-Incapacitating Injury,DAY,N,N,N,N,N,N,Y,N,N,1,1,0,1,0,0,0,0,0,0,0,1,1,0,1,0,0,0,0,0,0,0,0,0,0,N,0,0,Y,0,0,0,0,0,0,0,0,0,1,0,0,Preliminary,Editor Mapped,588294.0357,2949368.1241,26.662557999002,-80.1127298062297
26237416,2024,18-MAR-2024 06:03 PM,18-MAR-2024 12:00 AM,24044827,L,1,4,6,42,Palm Beach,Greenacres,Urban,3/18/2024 6:03:00 PM,3/18/2024 7:18:00 PM,3/18/2024 7:18:00 PM,3/18/2024 7:50:00 PM,Y,Law Enforcement,S JOG RD,,26.616666,-80.146532,26,North,TURNBERRY CIR,,Local,Curb,Not at Intersection,N,Daylight,Clear,Dry,N,,Pedalcycle,On Roadway,N,Non-Junction,None,,,None,,,N,,,,,DEP,Palm Beach County Sheriff's Office,Sheriff's Office (SO),3/21/2024 7:24:00 PM,3/21/2024 7:24:00 PM,3,Y,Bicycle,Bicycle,Injury,Non-Incapacitating Injury,DAY,N,N,N,N,N,N,N,N,N,3,1,0,1,0,0,0,0,0,0,0,1,1,0,1,0,0,2,0,0,0,0,0,0,0,N,0,0,Y,0,0,0,0,0,0,1,1000,1000,0,0,0,Preliminary,Editor Mapped,584964.2818,2944261.3722,26.6166589658704,-80.1465303358672
26239333,2024,15-APR-2024 03:09 PM,15-APR-2024 12:00 AM,24053281,L,1,2,6,0,Palm Beach,Unincorporated,Rural,4/15/2024 3:09:00 PM,4/15/2024 3:10:00 PM,4/15/2024 3:15:00 PM,4/15/2024 4:16:00 PM,Y,Law Enforcement,S JOG RD,,26.552262,-80.15018,1297,South,LE CHALET BLVD,,Local,Curb,Not at Intersection,N,Daylight,Clear,Dry,N,,Pedalcycle,Off Roadway,N,Non-Junction,None,,,None,,,N,,,,,CSA,Palm Beach County Sheriff's Office,Sheriff's Office (SO),4/19/2024 7:30:00 PM,4/19/2024 7:30:00 PM,4,Y,Bicycle,Bicycle,Injury,Possible Injury,DAY,N,N,N,N,N,N,N,N,N,1,1,1,0,0,0,0,0,0,0,0,1,1,0,1,0,0,0,0,0,0,0,0,0,0,N,0,0,Y,0,0,0,0,0,0,1,2000,2000,0,0,0,Preliminary,Editor Mapped,584648.0671,2937126.3683,26.5522622601861,-80.1501821649404
26240099,2024,27-JAN-2024 01:06 PM,27-JAN-2024 12:00 AM,24000826,L,1,2,26,40,Osceola,Kissimmee,Urban,1/27/2024 1:06:00 PM,1/27/2024 1:07:00 PM,1/27/2024 1:10:00 PM,1/27/2024 1:25:00 PM,Y,Law Enforcement,W VINE ST,53,,,,,,,Parking Lot,Paved,Not at Intersection,N,Daylight,Clear,Dry,N,Other,Motor Vehicle in Transport,In Parking Lane or Zone,N,Non-Junction,None,,,None,,,N,,,,,POLICE OFFICER,Kissimmee Police Department,Police Department (PD),5/24/2024 7:46:00 PM,5/24/2024 7:46:00 PM,118,Y,Single Vehicle,Other,Injury,Non-Incapacitating Injury,DAY,N,N,N,N,N,N,N,N,N,1,1,0,1,0,0,0,0,0,0,0,1,1,0,1,0,0,0,0,0,0,0,0,0,0,N,0,0,Y,0,0,0,0,0,0,1,500,500,1,0,0,Preliminary,Editor Mapped,460153.3484,3131025.89,28.3047232877146,-81.406411859371
26240322,2024,23-FEB-2024 07:05 PM,23-FEB-2024 12:00 AM,24001679,L,1,2,26,40,Osceola,Kissimmee,Urban,2/23/2024 7:02:00 PM,2/23/2024 7:08:00 PM,2/23/2024 7:13:00 PM,2/23/2024 7:35:00 PM,Y,Law Enforcement,W COLUMBIA AVE,2157,,,,,,,Parking Lot,Curb,Not at Intersection,N,Dark - Lighted,Cloudy,Dry,N,Angle,Pedestrian,In Parking Lane or Zone,N,Non-Junction,None,,,None,,,N,,,,,POLICE OFFICER,Kissimmee Police Department,Police Department (PD),2/29/2024 1:33:00 AM,2/29/2024 1:33:00 AM,6,Y,Pedestrian,Pedestrian,Injury,Possible Injury,NIGHT,N,N,N,Y,N,N,N,N,N,1,1,1,0,0,0,0,0,0,0,0,1,1,0,1,0,0,0,0,0,0,0,0,0,0,N,0,0,Y,0,0,0,0,0,0,1,3000,3000,0,0,0,Preliminary,Editor Mapped,458341.7694,3131441.8269,28.3084215521474,-81.4249033857399
26240789,2024,19-APR-2024 08:41 AM,19-APR-2024 12:00 AM,24003439,L,1,2,26,40,Osceola,Kissimmee,Urban,4/19/2024 8:43:00 AM,4/19/2024 8:43:00 AM,4/19/2024 8:46:00 AM,4/19/2024 9:20:00 AM,Y,Law Enforcement,KELLEY AVE,,,,0,,E VINE ST,,Local,Unpaved,T-Intersection,N,Daylight,Clear,Dry,N,Angle,Pedalcycle,On Roadway,N,Non-Junction,None,,,None,,,N,,,,,CIVILIAN-GENERAL EMPLOYEE,Kissimmee Police Department,Police Department (PD),4/24/2024 11:40:00 PM,4/24/2024 11:40:00 PM,5,N,Bicycle,Bicycle,No Injury,No Injury,DAY,N,N,N,N,N,N,N,N,N,2,0,0,0,0,0,0,0,0,0,0,1,1,0,1,0,0,0,0,0,0,0,0,0,0,N,0,0,Y,0,0,0,0,0,0,1,300,300,0,0,0,Preliminary,Editor Mapped,461033.7348,3131020.5865,28.3047018481558,-81.3974324491331
26241802,2024,04-SEP-2024 02:32 PM,04-SEP-2024 12:00 AM,24007679,L,1,2,26,40,Osceola,Kissimmee,Urban,9/4/2024 2:30:00 PM,9/4/2024 2:32:00 PM,9/4/2024 2:36:00 PM,9/4/2024 2:55:00 PM,Y,Law Enforcement,W VINE ST,3402,,,32,South,,,Other,Paved,Not at Intersection,N,Daylight,Clear,Dry,N,Other,Pedestrian,Off Roadway,N,Non-Junction,None,,,None,,,N,,,,,POLICE OFFICER,Kissimmee Police Department,Police Department (PD),9/6/2024 7:35:00 PM,9/6/2024 7:35:00 PM,2,Y,Pedestrian,Pedestrian,Injury,Non-Incapacitating Injury,DAY,N,N,N,N,N,N,N,N,N,1,1,0,1,0,0,0,0,0,0,0,1,1,0,1,0,0,0,0,0,0,0,0,0,0,N,0,0,Y,0,0,0,0,0,0,1,1000,1000,1,0,0,Preliminary,Editor Mapped,457184.3658,3130990.4204,28.3043096199776,-81.4366916916472
26243033,2024,27-FEB-2024 05:19 PM,27-FEB-2024 12:00 AM,0224003226,L,1,2,11,34,Alachua,Gainesville,Urban,2/27/2024 5:19:00 PM,2/27/2024 5:20:00 PM,2/27/2024 5:30:00 PM,2/27/2024 6:12:00 PM,Y,Law Enforcement,HULL RD,,,,,,SR 121(SW 34TH ST),,Local,Curb,Four-Way Intersection,N,Daylight,Clear,Dry,N,Other,Pedalcycle,On Roadway,N,Intersection,None,,,None,,,N,,,,,CORPORAL,Gainesville Police Department,Police Department (PD),2/29/2024 1:33:00 AM,2/29/2024 1:33:00 AM,2,N,Bicycle,Bicycle,No Injury,No Injury,DAY,N,N,N,N,N,N,Y,N,N,2,0,0,0,0,0,0,0,0,0,0,1,1,0,1,0,1,0,0,0,0,0,0,0,0,N,0,0,Y,0,0,1,0,1,500,1,1000,1500,0,0,0,Preliminary,Editor Mapped,366994.49,3279427.6917,29.637684323981,-82.3740113158423
26243639,2024,19-APR-2024 03:53 PM,19-APR-2024 12:00 AM,0224005948,L,1,3,11,34,Alachua,Gainesville,Urban,4/19/2024 3:56:00 PM,4/19/2024 5:34:00 PM,4/19/2024 5:41:00 PM,4/19/2024 6:07:00 PM,Y,Law Enforcement,SW 5TH AVE,,,,0,,SR 329 (S MAIN ST),,State,Curb,Not at Intersection,N,Daylight,Clear,Dry,N,Other,Motor Vehicle in Transport,On Roadway,N,Non-Junction,None,,,None,,,N,,,,,OFFICER,Gainesville Police Department,Police Department (PD),4/20/2024 7:18:00 PM,4/20/2024 7:18:00 PM,1,Y,Single Vehicle,Other,Injury,Possible Injury,DAY,N,N,N,N,N,N,N,N,N,2,1,1,0,0,0,0,0,0,0,0,1,1,0,1,0,0,1,0,0,0,0,0,0,0,N,0,0,Y,0,0,0,0,0,0,1,500,500,0,0,0,Preliminary,Editor Mapped,371765.7153,3280424.9592,29.647183803798,-82.3248512337491
26243644,2024,19-APR-2024 08:01 PM,19-APR-2024 12:00 AM,0224005957,L,1,2,11,34,Alachua,Gainesville,Urban,4/19/2024 8:01:00 PM,4/19/2024 8:03:00 PM,4/19/2024 8:10:00 PM,4/19/2024 8:50:00 PM,Y,Law Enforcement,SW OLD ARCHER RD,,,,0,,SW 30TH ST,,County,Paved,Not at Intersection,N,Dusk,Clear,Dry,N,Other,Motor Vehicle in Transport,On Roadway,N,Non-Junction,None,,,None,,,N,,,,,OFFICER,Gainesville Police Department,Police Department (PD),4/21/2024 7:15:00 PM,4/21/2024 7:15:00 PM,2,Y,Single Vehicle,Other,Injury,Non-Incapacitating Injury,NIGHT,N,N,N,N,N,N,N,N,N,1,1,0,1,0,0,0,0,0,0,0,1,1,0,1,0,0,0,0,0,0,0,0,0,0,N,0,0,Y,0,0,0,0,0,0,1,3000,3000,0,0,0,Preliminary,Editor Mapped,367646.0456,3280939.3775,29.6513930922834,-82.3674663732611
26244545,2024,10-JUL-2024 05:53 PM,10-JUL-2024 12:00 AM,0224010198,L,1,2,11,34,Alachua,Gainesville,Urban,7/10/2024 5:53:00 PM,7/10/2024 6:03:00 PM,7/10/2024 6:17:00 PM,7/10/2024 6:56:00 PM,Y,Law Enforcement,SR 26 (W NEWBERRY RD),,,,401,West,CR 2053 (NW 43RD ST),,State,Curb,Not at Intersection,N,Daylight,Clear,Dry,N,Angle,Motor Vehicle in Transport,On Roadway,N,Non-Junction,None,,,None,,,N,,,,,OFFICER,Gainesville Police Department,Police Department (PD),7/12/2024 7:32:00 PM,7/12/2024 7:32:00 PM,2,N,Single Vehicle,Other,No Injury,No Injury,DAY,N,N,N,N,N,N,N,N,N,2,0,0,0,0,0,0,0,0,0,0,1,1,0,1,0,0,0,0,0,0,0,0,0,0,N,0,0,Y,0,0,1,0,0,0,1,2000,2000,0,0,0,Preliminary,Editor Mapped,365657.7382,3281347.1215,29.6548584826941,-82.388054854972
26244661,2024,22-JUL-2024 09:01 AM,22-JUL-2024 12:00 AM,0224010730,L,1,2,11,34,Alachua,Gainesville,Urban,7/22/2024 9:01:00 AM,7/22/2024 9:02:00 AM,7/22/2024 9:02:00 AM,7/22/2024 10:10:00 AM,Y,Law Enforcement,W UNIVERSITY (SR 26),,,,0,,N MAIN STREET (CR 329),,Local,Paved,Four-Way Intersection,N,Daylight,Clear,Dry,N,Angle,Motor Vehicle in Transport,On Roadway,N,Non-Junction,None,,,None,,,N,,,,,OFFICER,Gainesville Police Department,Police Department (PD),7/23/2024 7:34:00 PM,7/23/2024 7:34:00 PM,1,Y,Single Vehicle,Other,Injury,Non-Incapacitating Injury,DAY,N,N,N,N,N,N,N,N,N,1,1,0,1,0,0,0,0,0,0,0,1,1,0,1,0,0,0,0,0,0,0,0,0,0,N,0,0,Y,0,0,1,0,0,0,1,300,300,1,0,0,Preliminary,Editor Mapped,371765.7407,3280954.764,29.6519640592155,-82.3249135840341
26244968,2024,19-AUG-2024 09:30 PM,19-AUG-2024 12:00 AM,0224012086,L,1,3,11,34,Alachua,Gainesville,Urban,8/19/2024 9:35:00 PM,8/19/2024 9:43:00 PM,8/19/2024 9:46:00 PM,8/19/2024 10:15:00 PM,Y,Law Enforcement,SR 26,1432,,,142,East,,,State,Curb,Not at Intersection,N,Dark - Lighted,Clear,Dry,N,Angle,Motor Vehicle in Transport,In Parking Lane or Zone,N,Driveway/Alley Access Related,None,,,None,,,N,,,,,OFFICER,Gainesville Police Department,Police Department (PD),8/22/2024 1:21:00 AM,8/22/2024 1:21:00 AM,3,Y,Single Vehicle,Other,Injury,Non-Incapacitating Injury,NIGHT,N,N,N,Y,N,N,N,N,N,2,1,0,1,0,0,0,0,0,0,0,1,1,0,1,0,0,1,0,0,0,0,0,0,0,N,0,0,Y,0,0,2,0,0,0,1,500,500,0,0,0,Preliminary,Editor Mapped,370175.326,3280997.7865,29.6521870229754,-82.3413471369609
26245472,2024,24-SEP-2024 07:40 PM,24-SEP-2024 12:00 AM,0224014184,L,1,2,11,34,Alachua,Gainesville,Urban,9/24/2024 8:00:00 PM,9/24/2024 9:38:00 PM,9/24/2024 9:45:00 PM,9/24/2024 10:30:00 PM,Y,Law Enforcement,SR 26 (E UNIVERSITY AVE),,,,0,,SE 24TH ST,,State,Curb,T-Intersection,N,Dusk,Clear,Dry,N,Angle,Motor Vehicle in Transport,On Roadway,N,Intersection,None,,,None,,,N,,,,,OFFICER,Gainesville Police Department,Police Department (PD),9/26/2024 7:28:00 PM,9/26/2024 7:28:00 PM,2,Y,Single Vehicle,Other,No Injury,No Injury,NIGHT,N,N,N,N,N,Y,Y,N,N,2,0,0,0,0,0,0,0,0,0,0,1,1,0,1,0,0,0,0,0,0,0,0,0,0,N,0,0,Y,0,0,0,0,0,0,1,150,150,0,0,0,Preliminary,Editor Mapped,374823.5521,3280905.8952,29.6518350533091,-82.2933214864139
26245700,2024,08-OCT-2024 07:31 PM,08-OCT-2024 12:00 AM,0224015050,L,1,1,11,34,Alachua,Gainesville,Urban,10/8/2024 7:31:00 PM,10/8/2024 7:32:00 PM,10/8/2024 7:35:00 PM,10/8/2024 7:55:00 PM,Y,Motorist,SR 26 (W UNIVERSITY AVE),,,,0,,SW 10TH ST,,State,Curb,Four-Way Intersection,N,Dark - Lighted,Clear,Dry,N,Angle,Motor Vehicle in Transport,On Roadway,N,Intersection,None,,,None,,,N,,,,,OFFICER,Gainesville Police Department,Police Department (PD),10/10/2024 12:50:00 AM,10/10/2024 12:50:00 AM,2,Y,Single Vehicle,Other,Injury,Possible Injury,NIGHT,N,N,N,N,N,N,Y,N,N,0,1,1,0,0,0,0,0,0,0,0,1,1,0,0,0,0,0,0,0,0,0,0,0,0,N,0,0,Y,0,0,0,0,0,0,1,100,100,1,0,0,Preliminary,Editor Mapped,370786.4008,3280966.5442,29.651968855097,-82.3350312278407
26245881,2024,23-OCT-2024 01:42 PM,23-OCT-2024 12:00 AM,0224015851,L,1,2,11,34,Alachua,Gainesville,Urban,10/23/2024 1:44:00 PM,10/23/2024 1:48:00 PM,10/23/2024 1:51:00 PM,10/23/2024 2:20:00 PM,Y,Law Enforcement,NW CR 2053 (NW 43RD ST),,,,202,North,NW 16TH BLVD,,County,Paved,Four-Way Intersection,N,Daylight,Clear,Dry,N,Angle,Pedalcycle,On Roadway,N,Intersection,None,,,None,,,N,,,,,OFFICER,Gainesville Police Department,Police Department (PD),10/24/2024 7:31:00 PM,10/24/2024 7:31:00 PM,1,Y,Bicycle,Bicycle,Injury,Non-Incapacitating Injury,DAY,N,N,N,Y,N,N,Y,N,N,1,1,0,1,0,0,0,0,0,0,0,1,1,0,1,1,0,0,0,0,0,0,0,0,0,N,0,0,Y,0,0,1,0,0,0,1,500,500,1,0,0,Preliminary,Editor Mapped,365597.7247,3283539.6463,29.6746338428592,-82.3889465579522
26246450,2024,05-DEC-2024 12:45 PM,05-DEC-2024 12:00 AM,0224017795,L,1,2,11,34,Alachua,Gainesville,Urban,12/5/2024 12:45:00 PM,12/5/2024 12:45:00 PM,12/5/2024 1:00:00 PM,12/5/2024 1:30:00 PM,Y,Law Enforcement,NE 18TH DR,,,,,,NE 20TH ST,,Private Roadway,Paved,Y-Intersection,N,Daylight,Clear,Dry,N,Angle,Motor Vehicle in Transport,Unknown,N,Non-Junction,None,,,None,,,N,,,,,OFFICER,Gainesville Police Department,Police Department (PD),12/6/2024 8:09:00 PM,12/6/2024 8:09:00 PM,1,N,Single Vehicle,Other,No Injury,No Injury,DAY,N,N,N,N,N,N,N,N,N,2,0,0,0,0,0,0,0,0,0,0,1,1,0,1,0,0,0,0,0,0,0,0,0,0,N,0,0,Y,0,0,0,0,0,0,0,0,0,0,0,1,Preliminary,Editor Mapped,374312.6893,3282763.4163,29.6685434099697,-82.2988138671682
26246735,2024,31-DEC-2024 07:30 PM,31-DEC-2024 12:00 AM,0224019439,L,1,4,11,34,Alachua,Gainesville,Urban,12/31/2024 7:30:00 PM,12/31/2024 7:30:00 PM,12/31/2024 7:40:00 PM,12/31/2024 9:00:00 PM,Y,Law Enforcement,US 441 (SW 13TH ST),,,,0,,SW 9TH RD,,U.S.,Curb,Four-Way Intersection,Y,Dark - Lighted,Clear,Dry,N,Angle,Pedestrian,On Roadway,N,Intersection-Related,None,,,None,,,N,,,,,OFFICER,Gainesville Police Department,Police Department (PD),1/2/2025 7:19:00 PM,1/2/2025 7:19:00 PM,2,Y,Pedestrian,Pedestrian,Serious Injury,Incapacitating Injury,NIGHT,N,N,N,N,N,N,Y,N,N,3,1,0,0,1,0,0,0,0,0,0,1,1,0,1,1,0,2,0,0,0,0,0,0,0,N,0,0,Y,1,0,1,0,0,0,1,1000,1000,1,0,0,Preliminary,Editor Mapped,370368.1928,3279867.5307,29.6420092998374,-82.3392198799331
26247781,2024,17-MAY-2024 09:30 AM,17-MAY-2024 12:00 AM,372405017268,L,1,2,10,60,Broward,Margate,Urban,5/17/2024 9:43:00 AM,5/17/2024 9:43:00 AM,5/17/2024 9:50:00 AM,5/17/2024 9:59:00 AM,Y,Law Enforcement,NW 62ND AV,,,,0,,N BAY DR,,Local,Curb,Four-Way Intersection,N,Daylight,Clear,Dry,N,Front to Rear,Motor Vehicle in Transport,On Roadway,N,Non-Junction,None,,,None,,,N,,,,,,Margate Police Department,Police Department (PD),5/29/2024 7:44:00 PM,5/29/2024 7:44:00 PM,12,Y,Single Vehicle,Other,Serious Injury,Incapacitating Injury,DAY,N,N,N,N,N,N,N,N,N,1,1,0,0,1,0,0,0,0,0,0,1,1,0,1,0,0,0,0,0,0,0,0,0,0,N,0,0,Y,1,0,0,0,0,0,1,1000,1000,1,0,0,Preliminary,Editor Mapped,579225.5625,2905960.1047,26.2711927362162,-80.2065440495974
26247935,2024,27-JUN-2024 08:28 AM,27-JUN-2024 12:00 AM,372406022450,L,1,2,10,60,Broward,Margate,Urban,6/27/2024 8:28:00 AM,6/27/2024 8:28:00 AM,6/27/2024 8:28:00 AM,6/27/2024 8:28:00 AM,Y,Motorist,BANKS RD,,,,0,,W SAMPLE RD,,County,Paved,T-Intersection,N,Daylight,Clear,Dry,N,Angle,Pedestrian,On Roadway,N,Non-Junction,None,None,,None,None,,N,,,,,,Margate Police Department,Police Department (PD),7/3/2024 10:32:00 PM,7/3/2024 10:32:00 PM,6,Y,Pedestrian,Pedestrian,Injury,Possible Injury,DAY,N,N,N,N,N,N,N,N,N,1,1,1,0,0,0,0,0,0,0,0,1,1,0,1,0,0,0,0,0,0,0,0,0,0,N,0,0,Y,0,0,0,0,1,100,0,0,100,0,0,0,Preliminary,Editor Mapped,580426.5141,2906262.5856,26.2738567513449,-80.1944984308141
26252356,2024,26-SEP-2024 06:14 PM,03-OCT-2024 02:27 PM,SJSO24CAD214503,L,1,3,20,46,St. Johns,Ponte Vedra,Rural,9/26/2024 6:14:00 PM,9/26/2024 6:15:00 PM,9/26/2024 6:22:00 PM,9/26/2024 7:50:00 PM,Y,Law Enforcement,PRESERVATION TRL,,30.10479,-81.42696,0,,REFAL WILLOW RD,,County,Curb,Four-Way Intersection,N,Dawn,Rain,Wet,N,Angle,Motor Vehicle in Transport,On Roadway,Y,Intersection,None,,,Weather Conditions,,,N,,,,,LE DEPUTY,St. Johns County Sheriff's Office,Sheriff's Office (SO),10/3/2024 7:30:00 PM,10/4/2024 7:44:00 PM,7,Y,Single Vehicle,Other,Serious Injury,Incapacitating Injury,DAY,N,N,N,N,N,N,Y,N,N,1,2,0,0,2,0,0,0,0,0,0,2,2,0,1,1,0,0,0,0,0,0,0,0,0,N,0,0,Y,2,0,1,0,2,1000,1,2000,3000,2,0,0,Preliminary,Editor Mapped,458870.6151,3330447.0637,30.1045480077158,-81.4268886226547
26253928,2024,10-MAR-2024 09:14 PM,10-MAR-2024 12:00 AM,2024-05497,S,2,6,6,82,Palm Beach,Palm Springs,Urban,3/10/2024 9:14:00 PM,3/10/2024 9:14:00 PM,3/10/2024 9:17:00 PM,3/10/2024 10:11:00 PM,Y,Law Enforcement,S CONGRESS AVE,3483,26.62525,-80.089039,,,,,Parking Lot,Unpaved,Not at Intersection,N,Dark - Lighted,Clear,Dry,N,,Parked Motor Vehicle,On Roadway,N,Non-Junction,Other,,,None,,,N,,,,,OFFICER,Palm Springs Police Department,Police Department (PD),3/13/2024 10:34:00 PM,3/13/2024 10:34:00 PM,3,N,Parked Vehicle,Other,No Injury,No Injury,NIGHT,N,N,N,N,N,N,N,N,N,6,0,0,0,0,0,0,0,0,0,0,5,1,0,1,0,0,0,0,0,0,0,0,0,0,N,0,0,Y,0,0,0,0,0,0,2,2000,2000,0,0,0,Preliminary,Officer Mapped,590681.4562,2945251.9272,26.6252455586592,-80.0890358476815
26254192,2024,24-APR-2024 06:20 PM,24-APR-2024 12:00 AM,2024-09612,L,1,3,6,82,Palm Beach,Palm Springs,Urban,4/24/2024 6:20:00 PM,4/24/2024 6:20:00 PM,4/24/2024 6:30:00 PM,4/24/2024 6:35:00 PM,Y,Law Enforcement,S MILITARY TRL,,26.652212,-80.112306,,,FOREST HILL BLVD,,State,Curb,Not at Intersection,N,Daylight,Clear,Dry,N,,Pedalcycle,On Roadway,N,Non-Junction,None,,,None,,,N,,,,,OFC,Palm Springs Police Department,Police Department (PD),5/9/2024 1:09:00 AM,5/9/2024 1:09:00 AM,15,Y,Bicycle,Bicycle,No Injury,No Injury,DAY,N,N,N,Y,N,Y,N,N,N,1,0,0,0,0,0,0,0,0,0,0,2,2,0,1,0,0,0,0,0,0,0,0,0,0,N,0,0,Y,0,0,0,0,0,0,1,0,0,0,0,0,Preliminary,Editor Mapped,588347.0968,2948222.8629,26.6522153146311,-80.1122766444852
26256879,2024,11-JAN-2024 04:10 PM,21-JAN-2025 12:00 AM,2401110002564,L,1,2,1,66,Miami-Dade,Miami,Urban,1/11/2024 4:13:00 PM,1/11/2024 4:21:00 PM,1/11/2024 4:30:00 PM,1/11/2024 4:30:00 PM,Y,Law Enforcement,NW 20TH ST,,25.794435,-80.23575,0,,NW 24TH AVE,,Local,Paved,Four-Way Intersection,N,Daylight,Rain,Wet,N,,Pedalcycle,On Roadway,N,Intersection,None,,,None,,,N,,,,,PSA,Miami Police Department,Police Department (PD),1/14/2024 7:11:00 PM,1/23/2025 7:28:00 PM,3,Y,Bicycle,Bicycle,Injury,Possible Injury,DAY,N,N,N,N,N,Y,Y,N,N,1,1,1,0,0,0,0,0,0,0,0,1,1,0,1,0,0,0,0,0,0,0,0,0,0,N,0,0,Y,0,0,0,0,0,0,1,0,0,1,0,0,Preliminary,Editor Mapped,576618.8249,2853140.8493,25.7944290812638,-80.2357458107936
26257433,2024,20-JAN-2024 12:00 PM,20-JAN-2024 12:00 AM,2401200004607,L,1,2,1,66,Miami-Dade,Miami,Urban,1/20/2024 12:04:00 PM,1/20/2024 12:05:00 PM,1/20/2024 12:06:00 PM,1/20/2024 1:45:00 PM,Y,Law Enforcement,NE 5TH ST,,25.778994,-80.192044,0,,NE 1ST AVE,,Local,Paved,Four-Way Intersection,N,Daylight,Clear,Dry,N,,Pedalcycle,On Roadway,N,Intersection,None,,,None,,,N,,,,,OFFICER,Miami Police Department,Police Department (PD),1/25/2024 1:26:00 AM,1/25/2024 1:26:00 AM,5,Y,Bicycle,Bicycle,Injury,Non-Incapacitating Injury,DAY,N,N,N,N,N,N,Y,N,N,1,1,0,1,0,0,0,0,0,0,0,1,1,0,1,0,0,0,0,0,0,0,0,0,0,N,0,0,Y,0,0,0,0,0,0,1,2500,2500,1,0,0,Preliminary,Editor Mapped,581010.6927,2851457.279,25.7789909661003,-80.1920443835344
26257695,2024,24-JAN-2024 04:38 PM,24-JAN-2024 12:00 AM,2401240005602,L,1,2,1,66,Miami-Dade,Miami,Urban,1/24/2024 4:40:00 PM,1/24/2024 4:40:00 PM,1/24/2024 4:50:00 PM,1/24/2024 6:00:00 PM,Y,Law Enforcement,NE 7TH AVE,,25.825314,-80.181525,0,,NE 53RD ST,,Local,Paved,T-Intersection,N,Daylight,Clear,Dry,N,,Pedalcycle,On Roadway,N,Intersection,None,,,None,,,N,,,,,OFFICER,Miami Police Department,Police Department (PD),1/25/2024 7:25:00 PM,1/25/2024 7:25:00 PM,1,N,Bicycle,Bicycle,No Injury,No Injury,DAY,N,N,N,N,N,N,Y,N,N,2,0,0,0,0,0,0,0,0,0,0,1,1,0,1,0,0,0,0,0,0,0,0,0,0,N,0,0,Y,0,0,0,0,0,0,1,300,300,1,0,0,Preliminary,Editor Mapped,582033.4837,2856592.6821,25.8253024592744,-80.1815260011261
26257962,2024,27-JAN-2024 02:14 PM,01-FEB-2024 12:00 AM,2401270006320,L,1,2,1,66,Miami-Dade,Miami,Urban,1/27/2024 2:14:00 PM,1/27/2024 2:15:00 PM,1/27/2024 2:34:00 PM,1/27/2024 3:30:00 PM,Y,Law Enforcement,NE 18TH ST,,25.793614,-80.189115,0,,BISCAYNE BLVD,,Local,Paved,Four-Way Intersection,N,Daylight,Clear,Dry,N,,Pedalcycle,On Roadway,N,Through Roadway,None,,,None,,,N,,,,,PSA,Miami Police Department,Police Department (PD),1/31/2024 8:57:00 PM,2/3/2024 7:18:00 PM,4,Y,Bicycle,Bicycle,Injury,Possible Injury,DAY,N,N,N,N,N,N,N,N,N,1,1,1,0,0,0,0,0,0,0,0,1,1,0,1,0,1,0,0,0,0,0,0,0,0,N,0,0,Y,0,0,0,0,0,0,0,0,0,0,0,0,Preliminary,Editor Mapped,581294.2227,2853077.9882,25.7936089752424,-80.1891173235819
26259125,2024,14-FEB-2024 04:45 PM,14-FEB-2024 12:00 AM,2402140010718,L,1,3,1,66,Miami-Dade,Miami,Urban,2/14/2024 4:48:00 PM,2/14/2024 4:49:00 PM,2/14/2024 4:50:00 PM,2/14/2024 5:20:00 PM,Y,Law Enforcement,SW 2ND AVE,,25.766931,-80.197424,120,South,SW 7TH ST,,Local,Paved,Not at Intersection,N,Daylight,Clear,Dry,N,,Pedalcycle,On Roadway,N,Non-Junction,None,,,None,,,N,,,,,OFFICER,Miami Police Department,Police Department (PD),2/15/2024 7:19:00 PM,2/15/2024 7:19:00 PM,1,Y,Bicycle,Bicycle,Injury,Possible Injury,DAY,N,N,N,N,N,N,N,N,N,2,1,1,0,0,0,0,0,0,0,0,1,1,0,1,0,0,1,0,0,0,0,0,0,0,N,0,0,Y,0,0,1,0,0,0,1,500,500,1,0,0,Preliminary,Editor Mapped,580479.2915,2850115.0525,25.7669009939736,-80.1974253998556
26260095,2024,29-FEB-2024 01:42 PM,29-FEB-2024 12:00 AM,2402290014326,L,1,2,1,66,Miami-Dade,Miami,Urban,2/29/2024 1:42:00 PM,2/29/2024 1:45:00 PM,2/29/2024 2:00:00 PM,2/29/2024 3:00:00 PM,N,Law Enforcement,NE 3RD CT,,25.847533,-80.190436,0,,NE 79TH ST,,Local,Paved,T-Intersection,N,Daylight,Clear,Dry,N,,Other Non-Fixed Object,On Roadway,N,Intersection,None,,,None,,,N,,,,,OFFICER,Miami Police Department,Police Department (PD),3/2/2024 7:19:00 PM,3/2/2024 7:19:00 PM,2,Y,Single Vehicle,Other,Injury,Possible Injury,DAY,Y,N,N,N,N,Y,Y,N,N,1,1,1,0,0,0,0,0,0,0,0,1,1,0,1,0,0,0,0,0,0,0,0,0,0,N,0,0,Y,0,0,0,0,0,0,0,0,0,1,0,0,Preliminary,Editor Mapped,581125.3644,2859048.5891,25.8475279819916,-80.1904349874804
26260661,2024,08-MAR-2024 03:41 PM,08-MAR-2024 12:00 AM,2403080016348,L,1,2,1,66,Miami-Dade,Miami,Urban,3/8/2024 3:41:00 PM,3/8/2024 3:43:00 PM,3/8/2024 3:50:00 PM,3/8/2024 6:20:00 PM,Y,Law Enforcement,SW 26TH LN,,25.743877,-80.23048,0,,SW 26TH ST,,Local,Curb,Four-Way Intersection,N,Daylight,Clear,Dry,N,,Other Non-Fixed Object,On Roadway,N,Intersection-Related,None,,,None,,,N,,,,,OFFICER,Miami Police Department,Police Department (PD),3/9/2024 7:15:00 PM,3/9/2024 7:15:00 PM,1,Y,Single Vehicle,Other,Injury,Possible Injury,DAY,N,N,N,N,N,N,Y,N,N,1,1,1,0,0,0,0,0,0,0,0,1,1,0,1,0,0,0,0,0,0,0,0,0,0,N,0,0,Y,0,0,3,0,0,0,1,1000,1000,1,0,0,Preliminary,Editor Mapped,577179.7393,2847545.127,25.7438739527853,-80.2304771290421
26260993,2024,13-MAR-2024 04:20 PM,13-MAR-2024 12:00 AM,2403130017563,L,1,2,1,66,Miami-Dade,Miami,Urban,3/13/2024 4:22:00 PM,3/13/2024 4:31:00 PM,3/13/2024 4:45:00 PM,3/13/2024 5:55:00 PM,Y,Law Enforcement,N BAYSHORE DR,,25.789636,-80.187235,0,,NE 15TH ST,,Local,Paved,Four-Way Intersection,N,Daylight,Clear,Dry,N,,Pedestrian,On Roadway,N,Intersection,None,,,None,,,N,,,,,OFC,Miami Police Department,Police Department (PD),3/14/2024 7:22:00 PM,3/14/2024 7:22:00 PM,1,N,Pedestrian,Pedestrian,No Injury,No Injury,DAY,N,N,N,N,N,N,Y,N,N,2,0,0,0,0,0,0,0,0,0,0,1,1,0,1,0,0,0,0,0,0,0,0,0,0,N,0,0,Y,0,0,3,0,0,0,1,500,500,0,0,0,Preliminary,Editor Mapped,581485.8455,2852638.2639,25.7896279449418,-80.1872331741904
26261136,2024,15-MAR-2024 02:46 PM,15-MAR-2024 12:00 AM,2403150018079,L,1,2,1,66,Miami-Dade,Miami,Urban,3/15/2024 2:46:00 PM,3/15/2024 3:10:00 PM,3/15/2024 3:35:00 PM,3/15/2024 3:59:00 PM,Y,Law Enforcement,S MIAMI PL,,25.768308,-80.194869,,,SW 1ST AVE RD,,Local,Paved,Not at Intersection,N,Daylight,Clear,Dry,N,,Pedalcycle,On Roadway,N,Non-Junction,None,,,None,,,N,,,,,PSA,Miami Police Department,Police Department (PD),3/16/2024 7:19:00 PM,3/16/2024 7:19:00 PM,1,Y,Bicycle,Bicycle,Injury,Non-Incapacitating Injury,DAY,N,N,N,N,N,N,N,N,N,1,1,0,1,0,0,0,0,0,0,0,1,1,0,1,0,0,0,0,0,0,0,0,0,0,N,0,0,Y,0,0,0,0,0,0,1,500,500,1,0,0,Preliminary,Editor Mapped,580734.1455,2850272.8061,25.7683113560724,-80.1948744738207
26261142,2024,15-MAR-2024 06:26 PM,15-MAR-2024 12:00 AM,2403150018130,L,2,3,1,66,Miami-Dade,Miami,Urban,3/15/2024 6:31:00 PM,3/15/2024 6:33:00 PM,3/15/2024 6:47:00 PM,3/15/2024 7:47:00 PM,Y,Law Enforcement,NW N RIVER DR,1420,25.78587,-80.21995,329,East,,,Parking Lot,Paved,Not at Intersection,N,Daylight,Clear,Dry,N,,Parked Motor Vehicle,Off Roadway,N,Non-Junction,None,,,None,,,N,,,,,PSA,Miami Police Department,Police Department (PD),3/18/2024 7:54:00 PM,3/18/2024 7:54:00 PM,3,N,Parked Vehicle,Other,No Injury,No Injury,DAY,N,N,N,N,N,N,N,N,N,3,0,0,0,0,0,0,0,0,1,0,1,1,0,1,0,0,1,0,0,0,0,0,0,0,N,0,0,Y,0,0,1,0,0,0,2,1000,1000,0,0,0,Preliminary,Editor Mapped,578217.5147,2852193.0861,25.7857867965975,-80.2198564356899
26261279,2024,17-MAR-2024 03:50 PM,17-MAR-2024 12:00 AM,2403170018567,L,1,2,1,66,Miami-Dade,Miami,Urban,3/17/2024 4:01:00 PM,3/17/2024 4:11:00 PM,3/17/2024 4:16:00 PM,3/17/2024 4:16:00 PM,Y,Law Enforcement,NE 20TH TER,,25.796162,-80.188979,0,,BISCAYNE BLVD,,Local,Curb,Four-Way Intersection,N,Daylight,Clear,Dry,N,,Pedalcycle,On Roadway,N,Intersection,None,,,None,,,N,,,,,OFFICER,Miami Police Department,Police Department (PD),3/18/2024 7:54:00 PM,3/18/2024 7:54:00 PM,1,Y,Bicycle,Bicycle,Injury,Possible Injury,DAY,N,N,N,N,N,N,Y,N,N,1,1,1,0,0,0,0,0,0,0,0,1,1,0,1,1,0,0,0,0,0,0,0,0,0,N,0,0,Y,0,0,2,0,0,0,1,300,300,0,0,0,Preliminary,Editor Mapped,581306.0686,2853359.8881,25.7961536492124,-80.1889818546015
26261369,2024,18-MAR-2024 02:13 PM,18-MAR-2024 12:00 AM,2403180018821,L,1,2,1,66,Miami-Dade,Miami,Urban,3/18/2024 2:13:00 PM,3/18/2024 2:29:00 PM,3/18/2024 2:29:00 PM,3/18/2024 3:30:00 PM,Y,Law Enforcement,BISCAYNE BLVD,,25.806846,-80.189422,90,South,NE 32ND ST,,Local,Paved,Four-Way Intersection,N,Daylight,Clear,Dry,N,,Pedestrian,On Roadway,N,Through Roadway,None,,,None,,,N,,,,,PSA,Miami Police Department,Police Department (PD),3/20/2024 11:15:00 PM,3/20/2024 11:15:00 PM,2,Y,Pedestrian,Pedestrian,Injury,Non-Incapacitating Injury,DAY,N,N,N,N,N,N,N,N,N,1,1,0,1,0,0,0,0,0,0,0,1,1,0,1,0,0,0,0,0,0,0,0,0,0,N,0,0,Y,0,0,1,0,0,0,0,0,0,1,0,0,Preliminary,Editor Mapped,581254.8298,2854543.5989,25.8068444604643,-80.1894202096344
26261928,2024,26-MAR-2024 01:20 PM,26-MAR-2024 12:00 AM,2403260020932,L,1,2,1,66,Miami-Dade,Miami,Urban,3/26/2024 1:20:00 PM,3/26/2024 1:24:00 PM,3/26/2024 1:55:00 PM,3/26/2024 3:11:00 PM,Y,Law Enforcement,NE 2ND AVE,,25.810524,-80.191091,0,,NE 36TH ST,,Local,Paved,Four-Way Intersection,N,Daylight,Clear,Dry,N,,Pedestrian,On Roadway,N,Intersection-Related,None,,,None,,,N,,,,,PSA,Miami Police Department,Police Department (PD),3/28/2024 7:19:00 PM,3/28/2024 7:19:00 PM,2,Y,Pedestrian,Pedestrian,Injury,Possible Injury,DAY,N,N,N,N,N,N,Y,N,N,1,1,1,0,0,0,0,0,0,0,0,1,1,0,1,0,0,0,0,0,0,0,0,0,0,N,0,0,Y,0,0,1,0,0,0,1,400,400,1,0,0,Preliminary,Editor Mapped,581085.8075,2854949.8412,25.8105218916192,-80.1910812944558
26262431,2024,02-APR-2024 02:05 PM,02-APR-2024 12:00 AM,2404020022580,L,1,3,1,66,Miami-Dade,Miami,Urban,4/2/2024 2:10:00 PM,4/2/2024 2:10:00 PM,4/2/2024 2:15:00 PM,4/2/2024 3:30:00 PM,Y,Law Enforcement,NW 9TH AVE,,25.7746,-80.20941,21,South,NW 1ST ST,,Local,Paved,Four-Way Intersection,N,Daylight,Clear,Dry,N,,Pedalcycle,On Roadway,N,Intersection,None,,,None,,,N,,,,,OFC,Miami Police Department,Police Department (PD),4/4/2024 7:24:00 PM,4/4/2024 7:24:00 PM,2,Y,Bicycle,Bicycle,Serious Injury,Incapacitating Injury,DAY,N,N,N,N,N,N,Y,N,N,1,2,0,1,1,0,0,0,0,0,0,2,2,0,1,0,0,0,0,0,0,0,0,0,0,N,0,0,Y,1,0,1,0,0,0,1,1000,1000,2,0,0,Verified,n/a,579269.5387,2850958.2987,25.7745809209308,-80.2094382160581
26262916,2024,10-APR-2024 05:18 PM,10-APR-2024 12:00 AM,2404100024694,L,1,2,1,66,Miami-Dade,Miami,Urban,4/10/2024 5:19:00 PM,4/10/2024 5:21:00 PM,4/10/2024 5:24:00 PM,4/10/2024 5:56:00 PM,Y,Law Enforcement,BRICKELL AVE,,25.76166,-80.191801,0,,SE 12TH TER,,Local,Paved,Four-Way Intersection,N,Daylight,Clear,Dry,N,,Pedestrian,On Roadway,N,Intersection,None,,,None,,,N,,,,,OFFICER,Miami Police Department,Police Department (PD),4/12/2024 7:31:00 PM,4/12/2024 7:31:00 PM,2,Y,Pedestrian,Pedestrian,Injury,Non-Incapacitating Injury,DAY,N,N,N,N,N,N,Y,N,N,1,1,0,1,0,0,0,0,0,0,0,1,1,0,1,0,0,0,0,0,0,0,0,0,0,N,0,0,Y,0,0,1,0,0,0,1,500,500,1,0,0,Preliminary,Editor Mapped,581046.8256,2849538.0167,25.7616594765053,-80.1918014306948
26262940,2024,10-APR-2024 07:45 PM,10-APR-2024 12:00 AM,2404100024759,L,1,2,1,66,Miami-Dade,Miami,Urban,4/10/2024 8:00:00 PM,4/10/2024 8:11:00 PM,4/10/2024 8:18:00 PM,4/10/2024 9:50:00 PM,Y,Law Enforcement,NW 35TH ST,,25.809643,-80.197424,0,,NW 1ST AVE,,Local,Paved,Four-Way Intersection,N,Dark - Lighted,Clear,Dry,N,,Pedalcycle,On Roadway,N,Intersection,None,,,None,,,N,,,,,PSA,Miami Police Department,Police Department (PD),4/12/2024 7:31:00 PM,4/12/2024 7:31:00 PM,2,Y,Bicycle,Bicycle,Injury,Possible Injury,NIGHT,N,N,N,N,N,N,Y,N,N,0,2,2,0,0,0,0,0,0,0,0,1,1,0,1,0,0,0,0,0,0,0,0,0,0,N,0,0,Y,0,0,1,0,0,0,1,500,500,1,0,0,Preliminary,Editor Mapped,580450.5219,2854848.256,25.8096397822648,-80.197424639678
26263015,2024,11-APR-2024 08:37 PM,11-APR-2024 12:00 AM,2404110025014,L,1,3,1,66,Miami-Dade,Miami,Urban,4/11/2024 8:37:00 PM,4/11/2024 8:46:00 PM,4/11/2024 8:53:00 PM,4/11/2024 9:53:00 PM,Y,Law Enforcement,W FLAGLER ST,3749,25.771928,-80.257354,,,,,Parking Lot,Paved,Not at Intersection,N,Dark - Lighted,Clear,Dry,N,,Pedalcycle,On Roadway,N,Non-Junction,None,,,None,,,N,,,,,PSA,Miami Police Department,Police Department (PD),4/13/2024 7:19:00 PM,4/13/2024 7:19:00 PM,2,Y,Bicycle,Bicycle,Injury,Possible Injury,NIGHT,N,N,N,N,N,N,N,N,N,2,1,1,0,0,0,0,0,0,0,0,1,1,0,1,0,0,1,0,0,0,0,0,0,0,N,0,0,Y,0,0,0,0,0,0,0,0,0,0,0,0,Preliminary,Editor Mapped,574466.2227,2850635.8171,25.7719214590251,-80.2573569113333
26263075,2024,12-APR-2024 07:15 PM,12-APR-2024 12:00 AM,2404120025275,L,1,3,1,66,Miami-Dade,Miami,Urban,4/12/2024 7:17:00 PM,4/12/2024 7:18:00 PM,4/12/2024 7:20:00 PM,4/12/2024 9:10:00 PM,Y,Law Enforcement,NW 58TH ST,,25.828142,-80.222676,0,,NW 15TH AVE,,Local,Curb,Four-Way Intersection,N,Dusk,Clear,Dry,N,,Other Non-Fixed Object,On Roadway,N,Intersection,None,,,None,,,N,,,,,OFC,Miami Police Department,Police Department (PD),4/14/2024 7:14:00 PM,4/14/2024 7:14:00 PM,2,Y,Single Vehicle,Other,Serious Injury,Incapacitating Injury,NIGHT,N,N,N,N,N,N,Y,N,N,1,2,1,0,1,0,0,0,0,0,0,1,1,0,1,0,0,1,0,0,0,0,0,0,0,N,0,0,Y,1,0,0,0,0,0,1,2024,2024,1,0,0,Verified,n/a,577908.4717,2856884.7672,25.8281657335124,-80.22266223002
26263317,2024,16-APR-2024 03:50 PM,16-APR-2024 12:00 AM,2404160026190,L,1,2,1,66,Miami-Dade,Miami,Urban,4/16/2024 3:52:00 PM,4/16/2024 3:58:00 PM,4/16/2024 4:02:00 PM,4/16/2024 5:00:00 PM,Y,Law Enforcement,SW 4TH ST,,25.768796,-80.230943,0,,SW 22ND AVE,,Local,Paved,Four-Way Intersection,N,Daylight,Clear,Dry,N,,Pedestrian,On Roadway,N,Intersection,None,,,None,,,N,,,,,OFFICER,Miami Police Department,Police Department (PD),4/18/2024 7:29:00 PM,4/18/2024 7:29:00 PM,2,N,Pedestrian,Pedestrian,No Injury,No Injury,DAY,N,N,N,N,N,N,Y,N,N,2,0,0,0,0,0,0,0,0,0,0,1,1,0,1,0,0,0,0,0,0,0,0,0,0,N,0,0,Y,0,0,0,0,0,0,1,200,200,0,0,0,Preliminary,Editor Mapped,577117.8799,2850304.7465,25.7687947727061,-80.2309333692487
26263806,2024,24-APR-2024 11:35 PM,29-APR-2024 12:00 AM,2404230028085,L,1,2,1,66,Miami-Dade,Miami,Urban,4/24/2024 11:38:00 PM,4/24/2024 11:40:00 PM,4/24/2024 11:50:00 PM,4/24/2024 1:30:00 AM,N,Law Enforcement,N MIAMI AVE,,25.785455,-80.193978,117,North,NE 11TH TER,,Local,Paved,Four-Way Intersection,N,Dark - Lighted,Clear,Dry,N,,Pedalcycle,On Roadway,N,Other,None,,,None,,,N,,,,,OFFICER,Miami Police Department,Police Department (PD),4/26/2024 7:28:00 PM,5/4/2024 7:21:00 PM,2,Y,Bicycle,Bicycle,Injury,Non-Incapacitating Injury,NIGHT,N,Y,N,N,N,Y,N,N,N,1,1,0,1,0,0,0,0,0,0,0,1,1,0,1,0,0,0,0,0,0,0,0,0,0,N,0,0,Y,0,0,2,0,0,0,1,0,0,1,0,0,Preliminary,Editor Mapped,580812.6941,2852170.8081,25.7854445390368,-80.1939754128333
26264792,2024,07-MAY-2024 06:36 PM,07-MAY-2024 12:00 AM,2405070031634,L,1,2,1,66,Miami-Dade,Miami,Urban,5/7/2024 6:36:00 PM,5/7/2024 7:15:00 PM,5/7/2024 7:15:00 PM,5/7/2024 9:00:00 PM,Y,Law Enforcement,NW 3RD ST,,25.775164,-80.266146,104,West,NW 43RD AVE,,Local,Paved,Other,N,Dusk,Clear,Dry,N,,Pedestrian,Off Roadway,N,Other,None,,,None,,,N,,,,,OFFICER,Miami Police Department,Police Department (PD),5/10/2024 7:27:00 PM,5/10/2024 7:27:00 PM,3,N,Pedestrian,Pedestrian,No Injury,No Injury,DAY,N,N,N,N,N,N,N,N,N,2,0,0,0,0,0,0,0,0,0,0,1,1,0,1,0,0,0,0,0,0,0,0,0,0,N,0,0,Y,0,0,0,0,0,0,1,200,200,0,0,0,Preliminary,Editor Mapped,573582.3825,2850989.6973,25.7751614949325,-80.2661511149774
26265275,2024,09-MAY-2024 08:29 AM,09-MAY-2024 12:00 AM,2405090032015,L,1,3,1,66,Miami-Dade,Miami,Urban,5/9/2024 8:30:00 AM,5/9/2024 8:31:00 AM,5/9/2024 8:33:00 AM,5/9/2024 10:45:00 AM,Y,Law Enforcement,NE 2ND ST,,25.776111,-80.191952,0,,NE 1ST AVE,,Local,Paved,Four-Way Intersection,N,Daylight,Clear,Dry,N,,Pedalcycle,On Roadway,Y,Shared-Use Path or Trail,None,,,None,,,N,,,,,OFFICER,Miami Police Department,Police Department (PD),5/16/2024 7:25:00 PM,5/16/2024 7:25:00 PM,7,Y,Bicycle,Bicycle,Injury,Non-Incapacitating Injury,DAY,N,N,N,N,N,N,N,N,N,2,1,0,1,0,0,0,0,0,0,0,1,1,0,1,0,0,1,0,0,0,0,0,0,0,N,0,0,Y,0,0,1,0,0,0,0,0,0,1,0,0,Preliminary,Editor Mapped,581021.5908,2851138.4885,25.7761119279551,-80.1919552001525
26265462,2024,17-MAY-2024 02:22 PM,17-MAY-2024 12:00 AM,2405170034236,L,1,2,1,66,Miami-Dade,Miami,Urban,5/17/2024 2:22:00 PM,5/17/2024 2:27:00 PM,5/17/2024 2:38:00 PM,5/17/2024 4:00:00 PM,Y,Law Enforcement,SW 19TH AVE,,25.765621,-80.226612,0,,SW 8TH ST,,Local,,Not at Intersection,N,Daylight,Clear,Dry,N,,Pedalcycle,On Roadway,N,Shared-Use Path or Trail,None,,,None,,,N,,,,,PSA,Miami Police Department,Police Department (PD),5/19/2024 7:14:00 PM,5/19/2024 7:14:00 PM,2,Y,Bicycle,Bicycle,Injury,Possible Injury,DAY,N,N,N,N,N,N,N,N,N,1,1,1,0,0,0,0,0,0,0,0,1,1,0,1,0,0,0,0,0,0,0,0,0,0,N,0,0,Y,0,0,0,0,0,0,0,0,0,1,0,0,Preliminary,Editor Mapped,577554.0487,2849953.9348,25.7656041320252,-80.226604470544
26265704,2024,21-MAY-2024 05:55 AM,21-MAY-2024 12:00 AM,2405210035118,L,1,2,1,66,Miami-Dade,Miami,Urban,5/21/2024 5:58:00 AM,5/21/2024 7:02:00 AM,5/21/2024 7:04:00 AM,5/21/2024 8:30:00 AM,Y,Law Enforcement,BISCAYNE BLVD,,25.806872,-80.189517,0,,NE 32ND ST,,Local,Paved,Four-Way Intersection,N,Dusk,Clear,Dry,N,,Other Non-Collision,On Roadway,N,Through Roadway,None,,,None,,,N,,,,,0FFICER,Miami Police Department,Police Department (PD),5/24/2024 7:46:00 PM,5/24/2024 7:46:00 PM,3,Y,Single Vehicle,Other,Injury,Non-Incapacitating Injury,NIGHT,N,N,N,N,N,N,N,N,N,1,1,0,1,0,0,0,0,0,0,0,1,1,0,1,0,0,0,0,0,0,0,0,0,0,N,0,0,Y,0,0,1,0,0,0,1,1000,1000,1,0,0,Preliminary,Editor Mapped,581246.3901,2854544.1135,25.8068495762227,-80.189504363853
26265727,2024,21-MAY-2024 02:05 PM,21-MAY-2024 12:00 AM,2405210035221,L,1,2,1,66,Miami-Dade,Miami,Urban,5/21/2024 2:06:00 PM,5/21/2024 2:07:00 PM,5/21/2024 2:09:00 PM,5/21/2024 3:00:00 PM,Y,Law Enforcement,SE 3RD AVE,,25.772659,-80.188944,0,,SE 2ND ST,,Local,Paved,Four-Way Intersection,N,Daylight,Clear,Dry,N,,Other Non-Fixed Object,On Roadway,N,Shared-Use Path or Trail,None,,,None,,,N,,,,,OFFICER,Miami Police Department,Police Department (PD),5/24/2024 7:46:00 PM,5/24/2024 7:46:00 PM,3,Y,Single Vehicle,Other,Injury,Possible Injury,DAY,N,N,N,Y,N,N,N,N,N,1,1,1,0,0,0,0,0,0,0,0,1,1,0,1,0,0,0,0,0,0,0,0,0,0,N,0,0,Y,0,0,1,0,0,0,1,500,500,0,0,0,Preliminary,Editor Mapped,581325.5393,2850757.0836,25.7726512705848,-80.1889475143245
26265820,2024,22-MAY-2024 06:43 PM,22-MAY-2024 12:00 AM,2405220035591,L,1,2,1,66,Miami-Dade,Miami,Urban,5/22/2024 6:43:00 PM,5/22/2024 7:04:00 PM,5/22/2024 7:04:00 PM,5/22/2024 7:35:00 PM,Y,Law Enforcement,SW 9TH ST,,25.764816,-80.222432,0,,SW 17TH AVE,,Local,Paved,Four-Way Intersection,N,Daylight,Clear,Dry,N,,Pedestrian,On Roadway,N,Intersection-Related,None,,,None,,,N,,,,,PUBLIC SERVICE AIDE,Miami Police Department,Police Department (PD),5/23/2024 7:24:00 PM,5/23/2024 7:24:00 PM,1,Y,Pedestrian,Pedestrian,Injury,Non-Incapacitating Injury,DAY,N,N,N,N,N,N,Y,N,N,1,1,0,1,0,0,0,0,0,0,0,1,1,0,1,0,0,0,0,0,0,0,0,0,0,N,0,0,Y,0,0,0,0,0,0,1,3500,3500,0,0,0,Preliminary,Editor Mapped,577972.8325,2849869.2859,25.7648175616421,-80.2224334999337
26266128,2024,27-MAY-2024 07:01 PM,27-MAY-2024 12:00 AM,2405270036778,L,1,1,1,66,Miami-Dade,Miami,Urban,5/27/2024 7:06:00 PM,5/27/2024 7:07:00 PM,5/27/2024 7:11:00 PM,5/27/2024 8:15:00 PM,N,Law Enforcement,NE 75TH ST,,25.844016,-80.186662,0,,NE 5TH AVE,,Local,Paved,Four-Way Intersection,N,Daylight,Clear,Dry,N,,Pedestrian,On Roadway,N,Intersection,None,,,None,,,N,,,,,OFFICER,Miami Police Department,Police Department (PD),5/28/2024 7:36:00 PM,5/28/2024 7:36:00 PM,1,Y,Pedestrian,Pedestrian,Injury,Possible Injury,NIGHT,N,N,N,N,N,Y,Y,N,N,0,1,1,0,0,0,0,0,0,0,0,1,1,0,0,0,0,0,0,0,0,0,0,0,0,N,0,0,Y,0,0,0,0,0,0,1,1000,1000,0,0,0,Preliminary,Editor Mapped,581504.6337,2858660.0984,25.8439990992393,-80.1866744829916
26266153,2024,28-MAY-2024 09:18 AM,28-MAY-2024 12:00 AM,2405280036893,L,2,2,1,66,Miami-Dade,Miami,Urban,5/28/2024 9:18:00 AM,5/28/2024 9:19:00 AM,5/28/2024 9:24:00 AM,5/28/2024 10:30:00 AM,Y,Law Enforcement,NE 1ST AVE,,25.812341,-80.193324,147,South,NE 39TH ST,,Local,Paved,Not at Intersection,N,Daylight,Clear,Dry,N,,Parked Motor Vehicle,Shoulder,N,Non-Junction,None,,,None,,,N,,,,,OFFICER,Miami Police Department,Police Department (PD),6/4/2024 7:52:00 PM,6/4/2024 7:52:00 PM,7,Y,Parked Vehicle,Other,No Injury,No Injury,DAY,N,N,Y,N,N,N,N,N,N,2,0,0,0,0,0,0,0,0,0,1,1,1,0,1,0,0,0,0,0,0,0,0,0,0,N,0,0,Y,0,0,1,0,0,0,2,700,700,0,0,0,Preliminary,Editor Mapped,580860.0716,2855147.3413,25.8123176713096,-80.1933209983894
26266530,2024,02-JUN-2024 07:50 PM,02-JUN-2024 12:00 AM,2406020038305,L,1,2,1,66,Miami-Dade,Miami,Urban,6/2/2024 7:55:00 PM,6/2/2024 8:12:00 PM,6/2/2024 8:28:00 PM,6/2/2024 10:15:00 PM,Y,Law Enforcement,SW 11TH AVE,,25.767759,-80.212809,0,,SW 6TH ST,,Local,Paved,T-Intersection,N,Dusk,Cloudy,Dry,N,,Pedalcycle,On Roadway,N,Intersection,None,,,None,,,N,,,,,OFC,Miami Police Department,Police Department (PD),6/7/2024 7:25:00 PM,6/7/2024 7:25:00 PM,5,Y,Bicycle,Bicycle,Injury,Possible Injury,NIGHT,N,N,N,N,N,N,Y,N,N,1,1,1,0,0,0,0,0,0,0,0,1,1,0,1,1,0,0,0,0,0,0,0,0,0,N,0,0,Y,0,0,1,0,0,0,1,0,0,1,0,0,Preliminary,Editor Mapped,578937.1849,2850200.1971,25.7677537702449,-80.21279772209
26266932,2024,08-JUN-2024 02:10 PM,08-JUN-2024 12:00 AM,2406080039697,L,1,2,1,66,Miami-Dade,Miami,Urban,6/8/2024 2:15:00 PM,6/8/2024 2:34:00 PM,6/8/2024 2:46:00 PM,6/8/2024 3:46:00 PM,Y,Law Enforcement,NW 21ST ST,,25.796679,-80.19889,0,,NW 2ND AVE,,U.S.,Paved,T-Intersection,N,Daylight,Clear,Dry,N,,Pedestrian,On Roadway,N,Intersection-Related,None,,,None,,,N,,,,,PSA,Miami Police Department,Police Department (PD),6/9/2024 7:14:00 PM,6/9/2024 7:14:00 PM,1,Y,Pedestrian,Pedestrian,Injury,Possible Injury,DAY,N,N,N,N,N,N,Y,N,N,1,1,1,0,0,0,0,0,0,0,0,1,1,0,1,0,0,0,0,0,0,0,0,0,0,N,0,0,Y,0,0,1,0,0,0,1,1000,1000,0,0,0,Preliminary,Editor Mapped,580313.1991,2853411.6208,25.7966756438288,-80.198881692041
26267968,2024,25-JUN-2024 04:58 PM,25-JUN-2024 12:00 AM,2406250043685,L,1,2,1,66,Miami-Dade,Miami,Urban,6/25/2024 5:02:00 PM,6/25/2024 5:10:00 PM,6/25/2024 5:25:00 PM,6/25/2024 6:30:00 PM,Y,Law Enforcement,W FLAGLER ST,,25.773661,-80.211394,0,,NW 10TH AVE,,Local,Paved,Other,N,Daylight,Clear,Dry,N,,Pedalcycle,On Roadway,N,Intersection-Related,None,,,None,,,N,,,,,OFFICER,Miami Police Department,Police Department (PD),6/27/2024 7:25:00 PM,6/27/2024 7:25:00 PM,2,Y,Bicycle,Bicycle,Injury,Possible Injury,DAY,N,N,N,N,N,N,Y,N,N,1,1,1,0,0,0,0,0,0,0,0,1,1,0,1,0,0,0,0,0,0,0,0,0,0,N,0,0,Y,0,0,0,0,0,0,0,0,0,0,0,0,Preliminary,Editor Mapped,579075.3182,2850854.4687,25.7736539198916,-80.2113812446355
26268071,2024,27-JUN-2024 01:17 PM,27-JUN-2024 12:00 AM,2406270044099,L,1,2,1,66,Miami-Dade,Miami,Urban,6/27/2024 1:22:00 PM,6/27/2024 1:22:00 PM,6/27/2024 1:22:00 PM,6/27/2024 3:00:00 PM,Y,Law Enforcement,NW 3RD AVE,,25.78772,-80.199919,132,South,NW 14TH ST,,Local,Paved,Not at Intersection,N,Daylight,Clear,Dry,N,,Pedestrian,On Roadway,N,Other,None,,,None,,,N,,,,,OFFICER,Miami Police Department,Police Department (PD),6/29/2024 7:18:00 PM,6/29/2024 7:18:00 PM,2,Y,Pedestrian,Pedestrian,Injury,Non-Incapacitating Injury,DAY,N,N,N,N,N,N,N,N,N,1,1,0,1,0,0,0,0,0,0,0,1,1,0,1,1,0,0,0,0,0,0,0,0,0,N,0,0,Y,0,0,0,0,0,0,1,200,200,1,0,0,Preliminary,Officer Mapped,580215.5104,2852418.69,25.7877156022004,-80.1999162315226
26268157,2024,28-JUN-2024 06:10 PM,28-JUN-2024 12:00 AM,2406280044415,L,1,2,1,66,Miami-Dade,Miami,Urban,6/28/2024 6:11:00 PM,6/28/2024 6:11:00 PM,6/28/2024 6:17:00 PM,6/28/2024 7:00:00 PM,Y,Law Enforcement,SW 29TH CT,,25.765002,-80.241636,0,,SW 8TH ST,,Local,Paved,Four-Way Intersection,N,Daylight,Clear,Dry,N,,Pedalcycle,On Roadway,N,Intersection-Related,None,,,None,,,N,,,,,OFFICER,Miami Police Department,Police Department (PD),6/29/2024 7:18:00 PM,6/29/2024 7:18:00 PM,1,Y,Bicycle,Bicycle,Injury,Possible Injury,DAY,N,N,N,N,N,N,Y,N,N,1,1,1,0,0,0,0,0,0,0,0,1,1,0,1,0,0,0,0,0,0,0,0,0,0,N,0,0,Y,0,0,1,0,0,0,1,500,500,1,0,0,Preliminary,Officer Mapped,576047.278,2849878.0122,25.7649976584386,-80.2416338024362
26269045,2024,15-JUL-2024 12:20 AM,15-JUL-2024 12:00 AM,2407150048271,L,1,2,1,66,Miami-Dade,Miami,Urban,7/15/2024 12:42:00 AM,7/15/2024 1:27:00 AM,7/15/2024 1:30:00 AM,7/15/2024 2:05:00 AM,Y,Law Enforcement,SE 7TH ST,21,25.767505,-80.19231,338,East,,,Parking Lot,Paved,Not at Intersection,N,Dark - Lighted,Clear,Dry,N,,Pedalcycle,Off Roadway,N,Non-Junction,None,,,None,,,N,,,,,OFC.,Miami Police Department,Police Department (PD),7/16/2024 7:57:00 PM,7/16/2024 7:57:00 PM,1,Y,Bicycle,Bicycle,Injury,Possible Injury,NIGHT,N,N,N,N,N,N,N,N,N,1,1,1,0,0,0,0,0,0,0,0,1,1,0,1,0,0,0,0,0,0,0,0,0,0,N,0,0,Y,0,0,1,0,0,0,1,1000,1000,0,0,0,Preliminary,Editor Mapped,580992.7238,2850182.5474,25.7674821011558,-80.1923015077234
26270547,2024,10-AUG-2024 08:11 AM,10-AUG-2024 12:00 AM,2408100054721,L,1,1,1,66,Miami-Dade,Miami,Urban,8/10/2024 8:11:00 AM,8/10/2024 8:30:00 AM,8/10/2024 8:30:00 AM,8/10/2024 9:00:00 AM,Y,Law Enforcement,N MIAMI AVE,,25.784921,-80.194045,65,North,NE 11TH ST,,Local,Curb,Not at Intersection,N,Daylight,Clear,Dry,N,,Parked Motor Vehicle,On Roadway,N,Through Roadway,None,,,None,,,N,,,,,OFC,Miami Police Department,Police Department (PD),8/11/2024 7:15:00 PM,8/11/2024 7:15:00 PM,1,Y,Single Vehicle,Other,Injury,Possible Injury,DAY,N,N,N,N,N,N,N,Y,N,0,1,1,0,0,0,0,0,0,0,0,1,1,0,0,0,0,0,0,0,0,0,0,0,0,N,0,0,Y,0,0,0,0,0,0,0,0,0,1,0,0,Preliminary,Officer Mapped,580806.3088,2852112.3576,25.7849171287971,-80.1940426619146
26271435,2024,24-AUG-2024 06:48 PM,24-AUG-2024 12:00 AM,2408240058297,L,1,2,1,66,Miami-Dade,Miami,Urban,8/24/2024 6:58:00 PM,8/24/2024 7:09:00 PM,8/24/2024 7:24:00 PM,8/24/2024 8:24:00 PM,Y,Law Enforcement,NW 17TH ST,,25.791466,-80.20894,0,,NW 8TH AVE,,Local,Paved,Four-Way Intersection,N,Daylight,Clear,Dry,N,,Pedestrian,On Roadway,N,Intersection-Related,None,,,None,,,N,,,,,PSA,Miami Police Department,Police Department (PD),8/25/2024 7:17:00 PM,8/25/2024 7:17:00 PM,1,Y,Pedestrian,Pedestrian,Injury,Non-Incapacitating Injury,DAY,N,N,N,N,N,N,Y,N,N,1,1,0,1,0,0,0,0,0,0,0,1,1,0,1,0,0,0,0,0,0,0,0,0,0,N,0,0,Y,0,0,1,0,0,0,1,1000,1000,1,0,0,Preliminary,Officer Mapped,579308.5615,2852828.1055,25.7914617904728,-80.2089370820224
26271457,2024,25-AUG-2024 08:47 AM,25-AUG-2024 12:00 AM,2408250058388,L,1,2,1,66,Miami-Dade,Miami,Urban,8/25/2024 8:48:00 AM,8/25/2024 8:48:00 AM,8/25/2024 9:00:00 AM,8/25/2024 9:31:00 AM,Y,Law Enforcement,NE 61ST ST,,25.832296,-80.192106,33,East,NE 2ND AVE,,Local,Paved,T-Intersection,N,Daylight,Clear,Dry,N,,Pedestrian,On Roadway,N,Intersection-Related,None,,,None,,,N,,,,,PO,Miami Police Department,Police Department (PD),8/26/2024 7:37:00 PM,8/26/2024 7:37:00 PM,1,Y,Pedestrian,Pedestrian,Injury,Possible Injury,DAY,N,N,N,Y,N,N,Y,N,N,1,1,1,0,0,0,0,0,0,0,0,1,1,0,1,1,0,0,0,0,0,0,0,0,0,N,0,0,Y,0,0,1,0,0,0,1,1000,1000,1,0,0,Preliminary,Officer Mapped,580968.5772,2857360.0875,25.832290946135,-80.1921030266598
26272628,2024,12-SEP-2024 08:55 AM,12-SEP-2024 12:00 AM,2409120062825,L,1,1,1,66,Miami-Dade,Miami,Urban,9/12/2024 8:59:00 AM,9/12/2024 9:01:00 AM,9/12/2024 9:15:00 AM,9/12/2024 11:00:00 AM,Y,Law Enforcement,NE 20TH ST,,25.795469,-80.190683,0,,NE 2ND AVE,,Local,Paved,T-Intersection,N,Daylight,Clear,Dry,N,,Pedestrian,On Roadway,N,Intersection-Related,None,,,None,,,N,,,,,OFC,Miami Police Department,Police Department (PD),9/13/2024 7:33:00 PM,9/13/2024 7:33:00 PM,1,Y,Pedestrian,Pedestrian,Injury,Possible Injury,DAY,N,N,N,N,N,N,Y,N,N,0,1,1,0,0,0,0,0,0,0,0,1,1,0,0,0,0,0,0,0,0,0,0,0,0,N,0,0,Y,0,0,1,0,0,0,0,0,0,1,0,0,Preliminary,Officer Mapped,581136.2766,2853281.5518,25.7954557685962,-80.1906801775879
26273375,2024,24-SEP-2024 12:00 PM,24-SEP-2024 12:00 AM,2409240065734,L,1,2,1,66,Miami-Dade,Miami,Urban,9/24/2024 12:03:00 PM,9/24/2024 12:05:00 PM,9/24/2024 12:10:00 PM,9/24/2024 12:54:00 PM,Y,Law Enforcement,NW 22ND AVE,,25.794604,-80.231438,0,,NW 20TH ST,,Local,Paved,Four-Way Intersection,N,Daylight,Clear,Dry,N,,Pedalcycle,On Roadway,N,Crossover-Related,None,,,None,,,N,,,,,OFFICER,Miami Police Department,Police Department (PD),10/3/2024 7:30:00 PM,10/3/2024 7:30:00 PM,9,Y,Bicycle,Bicycle,No Injury,No Injury,DAY,N,N,Y,N,N,Y,N,N,N,1,0,0,0,0,0,0,0,0,0,0,1,1,0,1,0,0,0,0,0,0,0,0,0,0,N,0,0,Y,0,0,0,0,0,0,0,0,0,0,0,0,Preliminary,Officer Mapped,577052.2002,2853170.4893,25.7946739315707,-80.2314215802377
26277514,2024,17-SEP-2024 12:00 PM,17-SEP-2024 12:00 AM,2024TA010571,L,1,2,17,0,Seminole,Unincorporated,Rural,9/17/2024 12:00:00 PM,9/17/2024 12:01:00 PM,9/17/2024 12:06:00 PM,9/17/2024 12:45:00 PM,Y,Law Enforcement,PEARL LAKE CSWY,,28.665809,-81.427205,46,South,SEMORAN BLVD,,State,Paved,Four-Way Intersection,N,Daylight,Clear,Dry,N,,Other Non-Fixed Object,On Roadway,N,Intersection-Related,None,,,None,,,N,,,,,DEPUTY SHERIFF,Seminole County Sheriff's Office,Sheriff's Office (SO),9/19/2024 12:23:00 AM,9/19/2024 12:23:00 AM,2,Y,Single Vehicle,Other,Injury,Non-Incapacitating Injury,DAY,N,N,N,N,N,N,Y,N,N,1,1,0,1,0,0,0,0,0,0,0,1,1,0,1,0,0,0,0,0,0,0,0,0,0,N,0,0,Y,0,0,0,0,0,0,1,1000,1000,0,0,0,Preliminary,Editor Mapped,458257.1966,3171035.0589,28.6658033277737,-81.4272021432147
26278098,2024,20-MAY-2024 06:58 PM,20-MAY-2024 12:00 AM,E24051771,L,1,2,12,32,Lake,Eustis,Urban,5/20/2024 6:59:00 PM,5/20/2024 7:00:00 PM,5/20/2024 7:10:00 PM,5/20/2024 7:30:00 PM,Y,Law Enforcement,KENSINGTON ST,,28.858896,-81.673234,226,North,BATES AVE,,Local,Unpaved,Not at Intersection,N,Daylight,Clear,Dry,N,,Pedestrian,On Roadway,N,Non-Junction,None,,,None,,,N,,,,,OFC,Eustis Police Department,Police Department (PD),5/23/2024 1:16:00 AM,5/23/2024 1:16:00 AM,3,Y,Pedestrian,Pedestrian,Injury,Non-Incapacitating Injury,DAY,N,N,N,N,N,N,N,N,N,1,1,0,1,0,0,0,0,0,0,0,1,1,0,1,0,1,0,0,0,0,0,0,0,0,N,0,0,Y,0,0,0,0,0,0,1,100,100,1,0,0,Preliminary,Editor Mapped,434337.2723,3192538.3937,28.8588917261196,-81.6732351202539
26279009,2024,26-JUN-2024 01:24 PM,26-JUN-2024 12:00 AM,2024-00085775,S,1,2,36,42,Walton,Santa Rosa Beach,Urban,6/26/2024 1:24:00 PM,6/26/2024 1:24:00 PM,6/26/2024 1:24:00 PM,6/26/2024 1:24:00 PM,Y,Law Enforcement,EMERALD COAST PKWY,,30.382835,-86.360508,0,,S GERONIMO ST,,Local,Paved,Four-Way Intersection,N,Daylight,Cloudy,Dry,N,,Pedestrian,Separator,N,Intersection-Related,None,,,None,,,N,,,,,CSO,Walton County Sheriff's Office,Sheriff's Office (SO),6/28/2024 7:32:00 PM,6/28/2024 7:32:00 PM,2,N,Pedestrian,Pedestrian,No Injury,No Injury,DAY,N,N,N,Y,N,N,Y,N,N,2,0,0,0,0,0,0,0,0,0,0,1,1,0,1,0,0,0,0,0,0,0,0,0,0,N,0,0,Y,0,0,0,0,0,0,1,100,100,0,0,0,Preliminary,Officer Mapped,-15381.7461999999,3373423.3666,30.3828289309614,-86.3605033906165
26279079,2024,10-JUL-2024 04:50 PM,10-JUL-2024 12:00 AM,2024-00093934,L,1,2,36,42,Walton,Santa Rosa Beach,Urban,7/10/2024 5:41:00 PM,7/10/2024 6:56:00 PM,7/10/2024 6:05:00 PM,7/10/2024 6:35:00 PM,Y,Law Enforcement,W EMERALD COAST PKWY,10295,30.376568,-86.348834,71,East,,,U.S.,Curb,Not at Intersection,Y,Daylight,Clear,Dry,N,,Pedalcycle,On Roadway,N,Intersection-Related,None,,,None,,,N,,,,,DEPUTY,Walton County Sheriff's Office,Sheriff's Office (SO),7/18/2024 7:19:00 PM,7/18/2024 7:19:00 PM,8,Y,Bicycle,Bicycle,Injury,Non-Incapacitating Injury,DAY,N,N,N,N,N,Y,Y,N,N,1,1,0,1,0,0,0,0,0,0,0,1,1,0,1,0,0,0,0,0,0,0,0,0,0,N,0,0,Y,0,0,0,0,0,0,0,0,0,0,0,0,Preliminary,Editor Mapped,-14292.3749000002,3372673.9179,30.3765594247613,-86.3488465514673
26279109,2024,15-JUL-2024 12:53 PM,15-JUL-2024 12:00 AM,2024-00096390,S,1,2,36,42,Walton,Santa Rosa Beach,Urban,7/15/2024 12:53:00 PM,7/15/2024 12:53:00 PM,7/15/2024 12:53:00 PM,7/15/2024 12:53:00 PM,Y,Law Enforcement,VILLAGE BLVD,23,30.378853,-86.323829,,,,,Parking Lot,Paved,Not at Intersection,N,Daylight,Clear,Dry,N,,Pedalcycle,On Roadway,N,Intersection-Related,None,,,None,,,N,,,,,CSO,Walton County Sheriff's Office,Sheriff's Office (SO),7/17/2024 11:58:00 PM,7/17/2024 11:58:00 PM,2,N,Bicycle,Bicycle,No Injury,No Injury,DAY,Y,N,N,N,N,N,Y,N,N,2,0,0,0,0,0,0,0,0,0,0,1,1,0,1,0,0,0,0,0,0,0,0,0,0,N,0,0,Y,0,0,0,0,0,0,1,500,500,0,0,0,Preliminary,Officer Mapped,-11871.1330000004,3372814.2296,30.378847722062,-86.3238246823015
26279427,2024,30-MAY-2024 09:20 AM,17-JUN-2024 12:00 AM,EW240500193,L,1,2,8,38,Volusia,Edgewater,Urban,5/30/2024 9:20:00 AM,5/30/2024 9:21:00 AM,5/30/2024 9:23:00 AM,5/30/2024 10:00:00 AM,Y,Law Enforcement,JONES FISH CAMP RD,,28.916803,-80.869907,0,,S RIDGEWOOD AVE,,U.S.,Unpaved,Four-Way Intersection,N,Daylight,Clear,Dry,N,,Pedalcycle,On Roadway,N,Intersection-Related,None,,,None,,,N,,,,,OFFICER,Edgewater Police Department,Police Department (PD),6/10/2024 7:41:00 PM,6/20/2024 1:30:00 AM,11,Y,Bicycle,Bicycle,Injury,Non-Incapacitating Injury,DAY,N,N,N,Y,N,N,Y,N,N,1,1,0,1,0,0,0,0,0,0,0,1,1,0,1,0,0,0,0,0,0,0,0,0,0,N,0,0,Y,0,0,2,0,0,0,1,100,100,0,0,0,Preliminary,Editor Mapped,512681.4438,3198774.5416,28.9167977769605,-80.8699043867348
26279552,2024,22-OCT-2024 04:00 PM,22-OCT-2024 12:00 AM,EW241000146,L,1,3,8,38,Volusia,Edgewater,Urban,10/22/2024 4:01:00 PM,10/22/2024 4:02:00 PM,10/22/2024 4:05:00 PM,10/22/2024 4:30:00 PM,Y,Law Enforcement,30TH ST,,28.943776,-80.90349,0,,TRAVELERS PALM DR,,Local,Unpaved,Four-Way Intersection,N,Daylight,Clear,Dry,N,,Pedalcycle,On Roadway,N,Intersection,None,,,None,,,N,,,,,OFFICER,Edgewater Police Department,Police Department (PD),10/29/2024 7:59:00 PM,10/29/2024 7:59:00 PM,7,Y,Bicycle,Bicycle,Injury,Non-Incapacitating Injury,DAY,N,N,N,N,N,N,Y,N,N,1,2,0,2,0,0,0,0,0,0,0,2,2,0,1,0,0,0,0,0,0,0,0,0,0,N,0,0,Y,0,0,0,0,0,0,1,500,500,1,0,0,Preliminary,Editor Mapped,509405.4392,3201759.6948,28.9437701894133,-80.9034870604288
26282160,2024,12-FEB-2024 06:20 AM,08-MAR-2024 10:47 AM,FHP24ON0072376,L,1,1,15,0,Manatee,Unincorporated,Rural,2/12/2024 7:38:00 AM,2/12/2024 8:07:00 AM,2/12/2024 8:40:00 AM,2/12/2024 10:30:00 AM,Y,Law Enforcement,53RD AVE W,,27.4476843324235,-82.5980717666967,530,East,34TH ST W,,Local,Curb,Not at Intersection,N,Dawn,Cloudy,Dry,N,Angle,Pedestrian,Roadside,N,Driveway/Alley Access Related,None,,,None,,,N,,,,,TPR,Florida Highway Patrol,Florida Highway Patrol (FHP),2/19/2024 7:43:00 PM,3/12/2024 8:13:00 PM,7,Y,Pedestrian,Pedestrian,Injury,Non-Incapacitating Injury,NIGHT,N,N,N,N,N,Y,N,N,N,0,1,0,1,0,0,0,0,0,0,0,1,1,0,0,0,0,0,0,0,0,0,0,0,0,N,0,0,Y,0,0,0,0,1,50,0,0,50,0,0,1,Preliminary,Editor Mapped,342057.2581,3037027.1877,27.4475912400856,-82.5981775825511
26283797,2024,18-MAR-2024 07:00 AM,18-MAR-2024 08:34 AM,FHP24ON0136597,L,1,2,8,50,Volusia,Ormond Beach,Rural,3/18/2024 7:22:00 AM,3/18/2024 7:27:00 AM,3/18/2024 8:34:00 AM,3/18/2024 11:13:00 AM,Y,Law Enforcement,US HIGHWAY 1 (STATE ROAD 5),,29.2554935527232,-81.1740868785871,257,West,ROSEMARY STREET,,U.S.,Paved,Not at Intersection,N,Dark - Not Lighted,Cloudy,Dry,N,Front to Front,Motor Vehicle in Transport,On Roadway,N,Driveway/Alley Access Related,None,,,None,,,N,,,,,TPR,Florida Highway Patrol,Florida Highway Patrol (FHP),3/19/2024 8:02:00 PM,3/19/2024 8:02:00 PM,1,Y,Single Vehicle,Other,Injury,Possible Injury,DAY,N,N,N,N,N,N,N,Y,N,1,1,1,0,0,0,0,0,0,0,0,1,1,0,1,0,0,0,0,0,0,0,0,0,0,N,0,0,Y,0,0,1,0,1,100,0,0,100,0,0,1,Preliminary,Editor Mapped,487534.7398,3244973.235,29.3337790246416,-81.1283947716731
26284103,2024,28-JAN-2024 05:10 PM,28-JAN-2024 06:16 PM,FHP24ON0047182,L,1,2,28,0,Pasco,Unincorporated,Rural,1/28/2024 5:18:00 PM,1/28/2024 5:20:00 PM,1/28/2024 5:44:00 PM,1/28/2024 8:10:00 PM,Y,Law Enforcement,GODDARD DRIVE,,28.1811154873523,-82.2806014385101,108,East,MONTGOMERY BELL ROAD,,County,Curb,Not at Intersection,N,Daylight,Clear,Dry,N,Other,Pedalcycle,On Roadway,N,Non-Junction,None,,,None,,,N,,,,,TPR,Florida Highway Patrol,Florida Highway Patrol (FHP),1/29/2024 7:36:00 PM,1/29/2024 7:36:00 PM,1,Y,Bicycle,Bicycle,Injury,Non-Incapacitating Injury,DAY,N,N,N,N,N,N,N,N,N,1,1,0,1,0,0,0,0,0,0,0,1,1,0,1,0,0,0,0,0,0,0,0,0,0,N,0,0,Y,0,0,0,0,0,0,1,1000,1000,1,0,0,Preliminary,Editor Mapped,374294.4836,3117927.8399,28.1811029938957,-82.2805897024473
26289271,2024,03-JAN-2024 04:45 PM,03-JAN-2024 06:18 PM,FHP24ON0004145,L,1,2,7,0,Orange,Unincorporated,Rural,1/3/2024 4:48:00 PM,1/3/2024 5:35:00 PM,1/3/2024 6:18:00 PM,1/3/2024 8:19:00 PM,Y,Law Enforcement,BROWN AVENUE,,28.51318,-81.36189,0,,MICHIGAN STREET,,Local,Curb,Four-Way Intersection,N,Daylight,Clear,Dry,N,Other,Pedestrian,On Roadway,N,Intersection-Related,None,,,None,,,N,,,,,TPR,Florida Highway Patrol,Florida Highway Patrol (FHP),1/7/2024 7:10:00 PM,1/7/2024 7:10:00 PM,4,Y,Pedestrian,Pedestrian,Injury,Non-Incapacitating Injury,DAY,N,N,N,N,N,N,Y,N,N,1,1,0,1,0,0,0,0,0,0,0,1,1,0,1,0,0,0,0,0,0,0,0,0,0,N,0,0,Y,0,0,0,0,1,100,1,1000,1100,1,0,0,Preliminary,Editor Mapped,464583.6148,3154109.3971,28.5132153736498,-81.3619341670723
26289282,2024,07-JAN-2024 01:43 PM,07-JAN-2024 03:06 PM,FHP24ON0010579,L,1,2,7,0,Orange,Unincorporated,Urban,1/7/2024 1:44:00 PM,1/7/2024 2:33:00 PM,1/7/2024 3:06:00 PM,1/7/2024 3:34:00 PM,Y,Law Enforcement,COUNTY ROAD 15 (NARCOOSSEE ROAD),,28.4137633573738,-81.2428291272701,,,MOSS PARK ROAD,,County,Curb,Not at Intersection,N,Daylight,Clear,Dry,N,Other,Pedalcycle,Off Roadway,N,Driveway/Alley Access Related,None,,,None,,,N,,,,,TPR,Florida Highway Patrol,Florida Highway Patrol (FHP),1/8/2024 7:11:00 PM,1/8/2024 7:11:00 PM,1,Y,Bicycle,Bicycle,Injury,Possible Injury,DAY,N,N,N,N,N,N,N,N,N,1,1,1,0,0,0,0,0,0,0,0,1,1,0,1,1,0,0,0,0,0,0,0,0,0,N,0,0,Y,0,0,0,0,1,1000,1,500,1500,0,0,0,Preliminary,Editor Mapped,476222.29,3143068.5752,28.4138189935553,-81.2427671455723
26292539,2024,13-JAN-2024 03:54 PM,13-JAN-2024 04:35 PM,FHP24ON0021641,L,1,2,3,0,Hillsborough,Unincorporated,Rural,1/13/2024 3:54:00 PM,1/13/2024 3:57:00 PM,1/13/2024 4:07:00 PM,1/13/2024 4:55:00 PM,Y,Law Enforcement,US-301,,27.92266,-82.34999,0,,CAUSEWAY BLVD,,U.S.,Unpaved,Four-Way Intersection,N,Daylight,Cloudy,Dry,N,Angle,Motor Vehicle in Transport,On Roadway,N,Intersection,None,,,None,,,N,,,,,TPR,Florida Highway Patrol,Florida Highway Patrol (FHP),1/25/2024 7:25:00 PM,1/25/2024 7:25:00 PM,12,Y,Single Vehicle,Other,Injury,Non-Incapacitating Injury,DAY,N,N,N,N,N,N,Y,N,N,0,2,0,2,0,0,0,0,0,1,0,1,1,0,1,1,0,0,0,0,0,0,1,0,0,N,0,0,Y,0,0,0,0,0,0,1,2500,2500,2,0,0,Preliminary,Editor Mapped,367188.2983,3089348.7952,27.9224892707631,-82.3497407497865
26294288,2024,29-JAN-2024 04:47 PM,29-JAN-2024 05:38 PM,FHP24ON0048901,L,1,3,28,0,Pasco,Unincorporated,Rural,1/29/2024 4:47:00 PM,1/29/2024 4:49:00 PM,1/29/2024 5:19:00 PM,1/29/2024 6:30:00 PM,Y,Law Enforcement,12412 US-19,,28.3369501686263,-82.6991397873085,509,South,BEACON WOODS DRIVE,,Other,Paved,Not at Intersection,N,Daylight,Cloudy,Dry,N,Other,Pedalcycle,Off Roadway,N,Driveway/Alley Access Related,None,,,None,,,N,,,,,MTPR,Florida Highway Patrol,Florida Highway Patrol (FHP),1/31/2024 8:56:00 PM,1/31/2024 8:56:00 PM,2,Y,Bicycle,Bicycle,Injury,Non-Incapacitating Injury,DAY,N,N,N,N,N,Y,N,N,N,1,2,0,2,0,0,0,0,0,0,0,2,2,0,1,0,0,0,0,0,0,0,0,0,0,N,0,0,Y,0,0,0,0,1,700,1,500,1200,0,0,0,Preliminary,Editor Mapped,333454.5522,3135707.9443,28.3370100784395,-82.6990466506192
26297580,2024,13-FEB-2024 04:45 PM,13-FEB-2024 08:50 PM,FHP24ON0075380,L,1,2,7,50,Orange,Windermere,Rural,2/13/2024 6:47:00 PM,2/13/2024 7:45:00 PM,2/13/2024 8:32:00 PM,2/13/2024 10:23:00 PM,Y,Law Enforcement,6201 WINTER GARDEN VINELAND RD,,28.4753192967218,-81.5699870599999,883,East,MARLEON DRIVE,,County,Curb,Other,N,Daylight,Clear,Dry,N,Angle,Pedalcycle,On Roadway,N,Driveway/Alley Access Related,"Traffic Control Device Inoperative, Missing or Obscured",,,None,,,N,,,,,TPR,Florida Highway Patrol,Florida Highway Patrol (FHP),3/6/2024 9:43:00 PM,3/6/2024 9:43:00 PM,22,Y,Bicycle,Bicycle,Injury,Possible Injury,DAY,N,N,N,N,N,N,N,N,N,1,1,1,0,0,0,0,0,0,0,0,1,1,0,1,0,0,0,0,0,0,0,0,0,0,N,0,0,Y,0,0,1,0,1,50,1,500,550,1,0,0,Preliminary,Editor Mapped,444204.2959,3150000.8155,28.475416219043,-81.569992366579
26297923,2024,22-JAN-2024 08:13 AM,22-JAN-2024 10:36 AM,FHP24ON0035740,L,1,2,7,46,Orange,Orlando,Rural,1/22/2024 8:13:00 AM,1/22/2024 9:19:00 AM,1/22/2024 10:32:00 AM,1/22/2024 10:48:00 AM,Y,Law Enforcement,TIMBER SPRINGS BOULEVARD,,28.53359,-81.15021,0,,AVALON PARK BOULEVARD,,Local,Curb,T-Intersection,N,Daylight,Clear,Dry,N,Angle,Motor Vehicle in Transport,On Roadway,N,Intersection,None,,,None,,,N,,,,,TPR,Florida Highway Patrol,Florida Highway Patrol (FHP),1/31/2024 8:56:00 PM,1/31/2024 8:56:00 PM,9,N,Single Vehicle,Other,No Injury,No Injury,DAY,N,N,N,N,N,N,Y,N,N,2,0,0,0,0,0,0,0,0,0,0,1,1,0,1,0,1,0,0,0,0,0,0,0,0,N,0,0,Y,0,0,0,0,0,0,1,500,500,0,0,0,Preliminary,Editor Mapped,485311.4798,3156329.7426,28.5336565884172,-81.1501372578282
26299887,2024,29-FEB-2024 07:05 AM,29-FEB-2024 02:10 PM,FHP24ON0103460,L,1,2,28,0,Pasco,Unincorporated,Rural,2/29/2024 2:01:00 PM,2/29/2024 2:07:00 PM,2/29/2024 2:39:00 PM,2/29/2024 4:29:00 PM,Y,Law Enforcement,OLDWOODS AVENUE,,28.1851486947908,-82.2779498930524,,,TONKA TERRACE,,County,Curb,T-Intersection,N,Daylight,Cloudy,Dry,N,Other,Pedestrian,On Roadway,N,Intersection,None,,,None,,,N,,,,,TPR,Florida Highway Patrol,Florida Highway Patrol (FHP),3/5/2024 7:57:00 PM,3/5/2024 7:57:00 PM,5,Y,Pedestrian,Pedestrian,Serious Injury,Incapacitating Injury,DAY,Y,N,N,N,N,Y,Y,N,N,1,1,0,0,1,0,0,0,0,0,0,1,1,0,1,0,0,0,0,0,0,0,0,0,0,N,0,0,Y,1,0,0,0,1,50,0,0,50,0,0,1,Verified,n/a,374579.9373,3118404.0178,28.1854275712581,-82.2777334054808
26300359,2024,20-JAN-2024 01:59 PM,20-JAN-2024 04:32 PM,FHP24ON0033272,L,1,1,7,0,Orange,Unincorporated,Rural,1/20/2024 2:01:00 PM,1/20/2024 4:10:00 PM,1/20/2024 4:20:00 PM,1/20/2024 4:58:00 PM,Y,Law Enforcement,STATE ROAD 535 (S APOPKA VINELAND AVE),,28.37304,-81.50365,229,North,LAKE VINING DR,,State,Curb,Not at Intersection,N,Daylight,Clear,Dry,N,Other,Pedalcycle,Shoulder,N,Driveway/Alley Access Related,None,,,None,,,N,,,,,TPR,Florida Highway Patrol,Florida Highway Patrol (FHP),2/4/2024 7:10:00 PM,2/4/2024 7:10:00 PM,15,Y,Bicycle,Bicycle,Injury,Possible Injury,DAY,N,N,N,N,N,Y,N,N,N,0,1,1,0,0,0,0,0,0,0,0,1,1,0,0,0,0,0,0,0,0,0,0,0,0,N,0,0,Y,0,0,0,0,1,500,0,0,500,0,0,0,Preliminary,Editor Mapped,450687.6979,3138431.7774,28.3712510408495,-81.5032679719331
26300716,2024,07-MAR-2024 02:17 PM,07-MAR-2024 02:43 PM,FHP24ON0116707,L,1,2,9,0,Escambia,Unincorporated,Urban,3/7/2024 2:17:00 PM,3/7/2024 2:26:00 PM,3/7/2024 2:37:00 PM,3/7/2024 3:00:00 PM,Y,Law Enforcement,E TEXAR DR,,30.4450252335822,-87.2270880510973,0,,US-29,,State,Curb,Not at Intersection,N,Daylight,Clear,Dry,N,Angle,Pedestrian,On Roadway,N,Non-Junction,None,,,None,,,N,,,,,TPR,Florida Highway Patrol,Florida Highway Patrol (FHP),3/8/2024 7:26:00 PM,3/8/2024 7:26:00 PM,1,Y,Pedestrian,Pedestrian,Serious Injury,Incapacitating Injury,DAY,N,N,N,N,N,N,N,N,N,1,1,0,0,1,0,0,0,0,0,0,1,1,0,1,0,0,0,0,0,0,0,0,0,0,N,0,0,Y,1,0,0,0,0,0,1,50,50,1,0,0,Verified,n/a,-98463.8651999999,3384616.5545,30.4450012736363,-87.2270544961053
26301254,2024,12-FEB-2024 01:05 PM,12-FEB-2024 01:23 PM,FHP24ON0072880,L,1,2,4,0,Pinellas,Unincorporated,Rural,2/12/2024 1:06:00 PM,2/12/2024 1:07:00 PM,2/12/2024 1:09:00 PM,2/12/2024 1:37:00 PM,Y,Law Enforcement,SLY FOX RUN,,28.0967993498028,-82.7398055994027,39,West,US HIGHWAY 19 N (STATE ROAD 55),,County,Curb,T-Intersection,N,Daylight,Clear,Dry,N,Other,Pedalcycle,On Roadway,N,Intersection,None,,,None,,,N,,,,,TPR,Florida Highway Patrol,Florida Highway Patrol (FHP),2/17/2024 7:19:00 PM,2/17/2024 7:19:00 PM,5,Y,Bicycle,Bicycle,Injury,Non-Incapacitating Injury,DAY,N,N,N,N,N,N,Y,N,N,1,1,0,1,0,0,0,0,0,0,0,1,1,0,1,0,0,0,0,0,0,0,0,0,0,N,0,0,Y,0,0,0,0,1,500,1,500,1000,0,0,0,Preliminary,Editor Mapped,329066.4475,3109144.7993,28.0967706988196,-82.7399055073936
26301329,2024,23-APR-2024 06:29 PM,19-AUG-2024 08:35 AM,FHP24ON0204083,L,1,2,4,0,Pinellas,Unincorporated,Rural,4/23/2024 6:33:00 PM,4/23/2024 6:35:00 PM,4/23/2024 6:39:00 PM,4/23/2024 10:57:00 PM,Y,Law Enforcement,BRYAN LN,,28.1312704953703,-82.7013615169398,294,West,CYPRESS LAKES BLVD,,State,Unpaved,Not at Intersection,Y,Daylight,Clear,Dry,N,Front to Rear,Pedalcycle,On Roadway,N,Non-Junction,None,,,None,,,N,,,,,MCPL,Florida Highway Patrol,Florida Highway Patrol (FHP),4/30/2024 8:02:00 PM,8/22/2024 1:20:00 AM,7,Y,Bicycle,Bicycle,Fatality,Fatal (within 30 days),DAY,N,N,N,N,N,N,N,N,N,1,0,0,0,0,1,1,0,0,0,0,1,1,0,1,0,0,0,0,0,0,0,0,0,0,N,0,0,Y,0,1,1,0,1,400,1,2000,2400,0,0,0,Preliminary,Editor Mapped,332867.3965,3112914.5931,28.131271313651,-82.7017673841219
26301332,2024,23-APR-2024 06:30 PM,02-MAY-2024 02:38 AM,FHP24ON0204083,L,1,2,4,0,Pinellas,Unincorporated,Rural,4/23/2024 6:33:00 PM,4/23/2024 6:35:00 PM,4/23/2024 6:39:00 PM,4/23/2024 10:57:00 PM,Y,Law Enforcement,BRYAN LN,,28.131286211838,-82.7010084315128,297,West,CYPRESS LAKES BLVD,,State,Unpaved,Not at Intersection,Y,Daylight,Clear,Dry,N,Front to Rear,Pedalcycle,On Roadway,N,Non-Junction,None,,,None,,,N,,,,,TPR,Florida Highway Patrol,Florida Highway Patrol (FHP),6/27/2024 7:25:00 PM,6/27/2024 7:25:00 PM,65,Y,Bicycle,Bicycle,Fatality,Fatal (within 30 days),DAY,N,N,N,N,N,N,N,N,N,1,0,0,0,0,1,1,0,0,0,0,1,1,0,1,0,0,0,0,0,0,0,0,0,0,N,0,0,Y,0,1,0,0,1,400,1,2000,2400,0,0,0,Preliminary,Computer mapped confident by address,332866.8084,3112910.6994,28.1312361059659,-82.7017728149053
26302823,2024,19-FEB-2024 11:00 AM,19-FEB-2024 12:36 PM,FHP24ON0084872,L,1,2,28,0,Pasco,Unincorporated,Rural,2/19/2024 11:57:00 AM,2/19/2024 11:58:00 AM,2/19/2024 12:08:00 PM,2/19/2024 1:38:00 PM,Y,Law Enforcement,STATE ROAD 52,,28.3312324303991,-82.6847154405377,0,,MEADOW DRIVE,,County,Paved,T-Intersection,N,Daylight,Clear,Dry,N,Other,Pedalcycle,On Roadway,N,Intersection,None,,,None,,,N,,,,,TPR,Florida Highway Patrol,Florida Highway Patrol (FHP),2/20/2024 7:53:00 PM,2/20/2024 7:53:00 PM,1,Y,Bicycle,Bicycle,Injury,Non-Incapacitating Injury,DAY,N,N,N,N,N,N,Y,N,N,1,1,0,1,0,0,0,0,0,0,0,1,1,0,1,0,0,0,0,0,0,0,0,0,0,N,0,0,Y,0,0,0,0,0,0,1,50,50,1,0,0,Preliminary,Editor Mapped,334864.5272,3135044.0718,28.3311983611043,-82.6845731252138
26303594,2024,07-APR-2024 06:42 PM,07-APR-2024 07:27 PM,FHP24ON0175244,L,1,2,4,0,Pinellas,Unincorporated,Rural,4/7/2024 6:47:00 PM,4/7/2024 6:49:00 PM,4/7/2024 6:59:00 PM,4/7/2024 8:33:00 PM,Y,Law Enforcement,STATE ROAD 586 (CURLEW RD),,28.0496,-82.73851,0,,US-19 (STATE ROAD 55),,State,Curb,Four-Way Intersection,N,Daylight,Clear,Dry,N,Other,Pedalcycle,On Roadway,N,Intersection,None,,,None,,,N,,,,,TPR,Florida Highway Patrol,Florida Highway Patrol (FHP),4/12/2024 7:31:00 PM,4/12/2024 7:31:00 PM,5,Y,Bicycle,Bicycle,Injury,Non-Incapacitating Injury,DAY,N,N,N,N,N,N,Y,N,N,1,1,0,1,0,0,0,0,0,0,0,1,1,0,1,1,0,0,0,0,0,0,0,0,0,N,0,0,Y,0,0,1,0,0,0,1,2000,2000,1,0,0,Preliminary,Editor Mapped,329136.472,3103874.4413,28.049225148625,-82.7384270718364
26303856,2024,11-FEB-2024 05:28 PM,11-FEB-2024 08:06 PM,FHP24ON0071660,L,1,2,7,0,Orange,Unincorporated,Rural,2/11/2024 5:33:00 PM,2/11/2024 7:10:00 PM,2/11/2024 8:02:00 PM,2/11/2024 8:54:00 PM,Y,Law Enforcement,IRON MOUNTAIN TRAIL,,28.442814434274,-81.5615473054793,,,REAMS ROAD,,Local,Unpaved,Not at Intersection,N,Dusk,Clear,Dry,N,"Sideswipe, Opposite Direction",Pedalcycle,Off Roadway,N,Driveway/Alley Access Related,None,,,None,,,N,,,,,TPR,Florida Highway Patrol,Florida Highway Patrol (FHP),2/19/2024 7:43:00 PM,2/19/2024 7:43:00 PM,8,Y,Bicycle,Bicycle,Injury,Non-Incapacitating Injury,DAY,N,N,N,N,N,N,N,Y,N,1,1,0,1,0,0,0,0,0,0,0,1,1,0,1,0,1,0,0,0,0,0,0,0,0,N,0,0,Y,0,0,0,0,1,650,1,1000,1650,1,0,0,Preliminary,Editor Mapped,445014.0104,3146384.5523,28.4428093178351,-81.5615483552419
26305812,2024,24-FEB-2024 09:55 PM,25-FEB-2024 12:58 AM,FHP24ON0095270,L,1,3,7,0,Orange,Unincorporated,Rural,2/24/2024 9:58:00 PM,2/24/2024 10:55:00 PM,2/24/2024 11:25:00 PM,2/25/2024 5:05:00 AM,Y,Law Enforcement,STATE ROAD 50 (EAST COLONIAL DRIVE),,28.55518,-81.11193,0,,BELVEDERE DRIVE,,State,Unpaved,Four-Way Intersection,Y,Dark - Not Lighted,Cloudy,Dry,N,Other,Motor Vehicle in Transport,On Roadway,N,Intersection,None,,,None,,,N,,,,,TPR,Florida Highway Patrol,Florida Highway Patrol (FHP),3/19/2024 8:02:00 PM,3/19/2024 8:02:00 PM,24,Y,Single Vehicle,Other,Fatality,Fatal (within 30 days),NIGHT,N,N,N,N,N,N,Y,N,N,2,0,0,0,0,1,1,0,0,0,0,1,1,0,1,0,0,1,0,0,0,0,0,0,0,N,0,0,Y,0,1,0,0,1,600,1,6000,6600,1,0,0,Preliminary,Computer plot approximate by lat/long,489057.8497,3158722.8044,28.5552946361319,-81.1118669988862
26305826,2024,08-MAR-2024 04:45 PM,08-MAR-2024 06:32 PM,FHP24ON0118997,L,1,2,7,0,Orange,Unincorporated,Rural,3/8/2024 5:07:00 PM,3/8/2024 5:41:00 PM,3/8/2024 6:03:00 PM,3/8/2024 6:56:00 PM,Y,Law Enforcement,MOONGLOW BOULEVARD,,28.4845661883959,-81.4244367057076,0,,TROUBADOR STREET,,Local,Unpaved,T-Intersection,N,Daylight,Clear,Dry,N,Other,Pedestrian,On Roadway,N,Intersection-Related,None,,,None,,,N,,,,,TPR,Florida Highway Patrol,Florida Highway Patrol (FHP),3/18/2024 7:53:00 PM,3/18/2024 7:53:00 PM,10,Y,Pedestrian,Pedestrian,Injury,Non-Incapacitating Injury,DAY,N,N,N,N,N,N,Y,N,N,1,1,0,1,0,0,0,0,0,0,0,1,1,0,1,0,0,0,0,0,0,0,0,0,0,N,0,0,Y,0,0,0,0,1,350,1,50,400,0,0,0,Preliminary,Editor Mapped,458453.8381,3150962.9263,28.4846328159383,-81.424461831645
26312626,2024,10-MAY-2024 01:28 PM,10-MAY-2024 01:58 PM,FHP24ON0234728,L,1,2,19,32,Brevard,Cocoa,Urban,5/10/2024 1:32:00 PM,5/10/2024 1:43:00 PM,5/10/2024 1:43:00 PM,5/10/2024 2:21:00 PM,Y,Law Enforcement,RANGE ROAD,,28.3711785135539,-80.7714410162989,0,,DELYS STREET,,County,Curb,Not at Intersection,N,Daylight,Clear,Dry,N,Other,Pedestrian,On Roadway,N,Driveway/Alley Access Related,None,,,None,,,N,,,,,TPR,Florida Highway Patrol,Florida Highway Patrol (FHP),5/19/2024 7:14:00 PM,5/19/2024 7:14:00 PM,9,Y,Pedestrian,Pedestrian,Injury,Possible Injury,DAY,N,N,N,N,N,N,N,N,N,1,1,1,0,0,0,0,0,0,0,0,1,1,0,1,0,0,0,0,0,0,0,0,0,0,N,0,0,Y,0,0,1,0,1,150,1,250,400,0,0,0,Preliminary,Editor Mapped,522395.5048,3138341.4661,28.3711731864708,-80.7714364342243
26315090,2024,10-MAR-2024 06:24 PM,10-MAR-2024 07:49 PM,FHP24ON0122939,L,1,2,10,40,Broward,Hallandale Beach,Urban,3/10/2024 6:34:00 PM,3/10/2024 7:27:00 PM,3/10/2024 7:27:00 PM,3/10/2024 9:00:00 PM,Y,Law Enforcement,INTERSTATE 95 NB EXIT RAMP,,25.98508,-80.16578,106,West,STATE ROAD 858 (HALLANDALE BEACH BLV,,Interstate,Curb,T-Intersection,N,Dusk,Clear,Dry,N,Angle,Pedestrian,On Roadway,Y,Intersection,None,,,None,,,N,,,,,SGT,Florida Highway Patrol,Florida Highway Patrol (FHP),3/15/2024 7:23:00 PM,3/15/2024 7:23:00 PM,5,N,Pedestrian,Pedestrian,No Injury,No Injury,DAY,N,N,N,N,N,N,Y,N,N,2,0,0,0,0,0,0,0,0,0,0,1,1,0,1,0,0,0,0,0,0,0,0,0,0,N,0,0,Y,0,0,2,0,0,0,1,50,50,1,0,0,Preliminary,Editor Mapped,583578.4037,2874257.3681,25.9847095887151,-80.1649910023941
26316516,2024,29-FEB-2024 04:32 PM,29-FEB-2024 05:37 PM,FHP24ON0103819,S,1,2,28,0,Pasco,Unincorporated,Rural,2/29/2024 4:32:00 PM,2/29/2024 5:27:00 PM,2/29/2024 5:30:00 PM,2/29/2024 5:43:00 PM,Y,Law Enforcement,MAPLETON LN,,28.29859,-82.67549,0,,MOULTON DR,,County,Paved,T-Intersection,N,Daylight,Clear,Dry,N,Other,Pedestrian,On Roadway,N,Intersection,None,,,None,,,N,,,,,TPR,Florida Highway Patrol,Florida Highway Patrol (FHP),3/1/2024 7:34:00 PM,3/1/2024 7:34:00 PM,1,N,Pedestrian,Pedestrian,No Injury,No Injury,DAY,N,N,N,N,N,N,Y,N,N,2,0,0,0,0,0,0,0,0,0,0,1,1,0,1,0,0,0,0,0,0,0,0,0,0,N,0,0,Y,0,0,0,0,0,0,1,500,500,0,0,0,Preliminary,Computer mapped confident by address,335899.8176,3131370.8401,28.2981847032746,-82.6734965815629
26317545,2024,27-FEB-2024 09:15 AM,27-FEB-2024 11:01 AM,FHP24ON0099316,L,1,2,15,0,Manatee,Unincorporated,Urban,2/27/2024 9:22:00 AM,2/27/2024 10:19:00 AM,2/27/2024 10:47:00 AM,2/27/2024 12:00:00 PM,Y,Law Enforcement,SR 684,,27.4624690877,-82.6168094568835,26,West,CAPE VISTA DR,,State,Curb,Not at Intersection,N,Daylight,Clear,Dry,N,Angle,Pedalcycle,Off Roadway,N,Driveway/Alley Access Related,None,,,None,,,N,,,,,TPR,Florida Highway Patrol,Florida Highway Patrol (FHP),3/5/2024 7:57:00 PM,3/5/2024 7:57:00 PM,7,Y,Bicycle,Bicycle,Injury,Non-Incapacitating Injury,DAY,N,N,N,N,N,N,N,N,N,1,1,0,1,0,0,0,0,0,0,0,1,1,0,1,1,0,0,0,0,0,0,0,0,0,N,0,0,Y,0,0,1,0,1,100,1,500,600,1,0,0,Preliminary,Editor Mapped,340229.6038,3038693.4259,27.4624146974032,-82.6168845105427
