REPORT_NUMBER,CRASH_YEAR,PERSON_NUMBER,LOCATION_AT_TIME_OF_CRASH_CODE,ACTION_PRIOR_TO_CRASH_CODE,NON_MOTORIST_DESCRIPTION_CODE,CITY,STATE,ZIP_CODE,SEX,SUSPECTED_ALCOHOL_USE_CODE,ALCOHOL_TESTED_CODE,ALCOHOL_TEST_TYPE_CODE,ALCOHOL_TEST_RESULT,BLOOD_ALCOHOL_CONTENT,SUSPECTED_DRUG_USE_CODE,DRUG_TESTED_CODE,DRUG_TEST_TYPE_CODE,DRUG_TEST_RESULT,INJURY_SEVERITY,EMS_TRANSPORT_TYPE,NON_MOTORIST_ACTIONS_CIRCUMSTANCES_1,NON_MOTORIST_ACTIONS_CIRCUMSTANCES_2,SAFETY_EQUIPMENT_CODE_1,SAFETY_EQUIPMENT_CODE_2,S4_AGE_AT_TIME_OF_CRASH,S4_IS_ALCOHOL_RELATED,S4_IS_DRUG_RELATED,S4_IS_AGING,S4_IS_TEENAGER
26219246,2024,2,Shoulder/Roadside,Walking/Cycling Along Roadway With Traffic,Other Cyclist,SANFORD,FL,32773,Male,N,,,,,N,,,,Non-Incapacitating,EMS,Unknown,,None,,7,N,N,N,N
26219246,2024,3,Non-Trafficway Area,None,Other Pedestrian,SANFORD,FL,32773,Female,N,,,,,N,,,,None,Not Transported,No Improper Action,,None,,28,N,N,N,N
26219550,2024,2,Sidewalk,Walking/Cycling on Sidewalk,Other Cyclist,SANFORD,FL,32771,Male,N,,,,,N,,,,Possible,Not Transported,No Improper Action,,None,,70,N,N,Y,N
26225180,2024,2,Bicycle Lane,Adjacent to Roadway,Other Cyclist,LAKE WORTH,FL,33463,Female,N,,,,,N,,,,Non-Incapacitating,EMS,Wrong-Way Riding or Walking,,Lighting,None,33,N,N,N,N
26245700,2024,1,Intersection - Marked Crosswalk,Walking/Cycling on Sidewalk,Other Cyclist,GAINESVILLE,FL,32601,,N,,,,,N,,,,Possible,EMS,Other,,None,,,N,N,N,N
26261369,2024,2,Midblock - Marked Crosswalk,Other,Other Cyclist,MIAMI,FL,33137,Female,N,,,,,N,,,,Non-Incapacitating,EMS,Improper Turn/Merge,,None,,27,N,N,N,N
26264792,2024,2,Sidewalk,Walking/Cycling on Sidewalk,Other Cyclist,MIAMI,FL,33126,Male,N,,,,,N,,,,None,Not Transported,Failure to Yield Right-of-Way,,None,,16,N,N,N,Y
26278098,2024,2,Travel Lane - Other Location,Crossing Roadway,Other Cyclist,EUSTIS,FL,32726,Male,N,,,,,N,,,,Non-Incapacitating,EMS,Dart/Dash,,None,,5,N,N,N,N
26303856,2024,2,Travel Lane - Other Location,Walking/Cycling Along Roadway Against Traffic,Other Cyclist,WINDERMERE,FL,34786,Male,N,Test Not Given,,,,N,Test Not Given,,,Non-Incapacitating,EMS,Inattentive,,None,,13,N,N,N,N
26317545,2024,2,Driveway Access,Walking/Cycling on Sidewalk,Other Cyclist,BRADENTON,FL,34210,Female,N,Test Not Given,,,,N,Test Not Given,,,Non-Incapacitating,EMS,No Improper Action,,None,,39,N,N,N,N
26226711,2024,2,Other,Adjacent to Roadway,Other Cyclist,PANAMA CITY,FL,32401,Male,N,Test Not Given,,Pending,,N,Test Not Given,,,,Not Transported,Unknown,Unknown,None,None,51,N,N,N,N
26232324,2024,2,Sidewalk,Walking/Cycling Along Roadway Against Traffic,Other Cyclist,BOYNTON BEACH,FL,33436,Male,N,,,,,N,,,,Possible,Not Transported,Failure to Yield Right-of-Way,,None,,39,N,N,N,N
26234040,2024,2,Intersection - Unmarked Crosswalk,Crossing Roadway,Other Cyclist,LOXAHATCHEE,FL,33470,Male,N,,,,,N,,,,Non-Incapacitating,EMS,Dart/Dash,,None,,19,N,N,N,Y
26235071,2024,2,Bicycle Lane,Adjacent to Roadway,Other Cyclist,WEST PALM BEACH,FL,33409,Male,N,,,,,N,,,,Possible,Not Transported,No Improper Action,,None,,41,N,N,N,N
26236644,2024,2,Intersection - Marked Crosswalk,Crossing Roadway,Other Cyclist,WEST PALM BEACH,FL,33415,Female,N,,,,,N,,,,Non-Incapacitating,EMS,No Improper Action,,None,,41,N,N,N,N
26237416,2024,4,Driveway Access,Walking/Cycling Along Roadway With Traffic,Other Cyclist,GREENACRES,FL,33463,Male,N,,,,,N,,,,Non-Incapacitating,Not Transported,Other,,None,,55,N,N,N,N
26239333,2024,2,Driveway Access,Walking/Cycling Along Roadway Against Traffic,Other Cyclist,BOYNTON BEACH,FL,33467,Male,N,,,,,N,,,,Possible,Not Transported,Other,,None,,15,N,N,N,Y
26240099,2024,2,Other,Walking/Cycling on Sidewalk,Other Cyclist,KISSIMMEE,FL,34741,,N,,,,,N,,,,Non-Incapacitating,EMS,Failure to Yield Right-of-Way,,None,,,N,N,N,N
26240322,2024,2,Other,Walking/Cycling Along Roadway With Traffic,Other Cyclist,KISSIMMEE,FL,34741,,N,,,,,N,,,,Possible,Not Transported,No Improper Action,,Helmet,,,N,N,N,N
26240789,2024,2,Intersection - Marked Crosswalk,Walking/Cycling Along Roadway Against Traffic,Other Cyclist,KISSIMMEE,FL,34741,,N,,,,,N,,,,None,Not Transported,No Improper Action,,None,,,N,N,N,N
26241802,2024,2,Sidewalk,Walking/Cycling on Sidewalk,Other Cyclist,KISSIMMEE,FL,34741,,N,,,,,N,,,,Non-Incapacitating,EMS,No Improper Action,,None,,,N,N,N,N
26243033,2024,2,Intersection - Marked Crosswalk,Waiting to Cross Roadway,Other Cyclist,GAINESVILLE,FL,32607,,N,,,,,N,,,,None,Not Transported,No Improper Action,,None,,,N,N,N,N
26243639,2024,2,Intersection - Marked Crosswalk,Walking/Cycling on Sidewalk,Other Cyclist,GAINESVILLE,FL,32609,,N,,,,,N,,,,Possible,Not Transported,No Improper Action,,Helmet,,,N,N,N,N
26243644,2024,1,Shoulder/Roadside,Crossing Roadway,Other Cyclist,KISSIMMEE,FL,34747,,N,,,,,N,,,,Non-Incapacitating,Not Transported,Failure to Yield Right-of-Way,Other,Helmet,,,N,N,N,N
26244545,2024,1,Intersection - Marked Crosswalk,Walking/Cycling on Sidewalk,Other Cyclist,GAINESVILLE,FL,32608,,N,,,,,N,,,,None,Not Transported,Failure to Yield Right-of-Way,,None,None,,N,N,N,N
26244661,2024,2,Bicycle Lane,Crossing Roadway,Other Cyclist,GAINESVILLE,FL,32601,,N,,,,,N,,,,Non-Incapacitating,EMS,No Improper Action,,None,,,N,N,N,N
26244968,2024,2,Driveway Access,Walking/Cycling on Sidewalk,Other Cyclist,GAINESVILLE,FL,32603,,N,,,,,N,,,,Non-Incapacitating,Not Transported,Other,,None,,,N,N,N,N
26245472,2024,2,Bicycle Lane,Walking/Cycling Along Roadway Against Traffic,Other Cyclist,,,,,N,,,,,N,,,,None,Not Transported,Unknown,,Unknown,,,N,N,N,N
26245881,2024,2,Bicycle Lane,Walking/Cycling Along Roadway With Traffic,Other Cyclist,ALACHUA,FL,32615,,N,,,,,N,,,,Non-Incapacitating,EMS,No Improper Action,,Helmet,,,N,N,N,N
26246450,2024,2,Intersection - Unmarked Crosswalk,Crossing Roadway,Other Cyclist,GAINESVILLE,FL,32609,,N,,,,,N,,,,None,Other,No Improper Action,,None,,,N,N,N,N
26246735,2024,1,Intersection - Marked Crosswalk,Crossing Roadway,Other Cyclist,GAINESVILLE,FL,32608,,,,,,,,,,,Incapacitating,EMS,"Failure to Obey Traffic Signs, Signals, or Officer",,None,,,N,N,N,N
26247781,2024,2,Other,Crossing Roadway,Other Cyclist,MARGATE,FL,33063,,N,,,,,N,,,,Incapacitating,EMS,No Improper Action,,None,,,N,N,N,N
26247935,2024,1,Intersection - Marked Crosswalk,Walking/Cycling on Sidewalk,Other Cyclist,COCONUT CREEK,FL,33063,,N,,,,,N,,,,Possible,Not Transported,Other,,None,,,N,N,N,N
26252356,2024,2,Intersection - Marked Crosswalk,Crossing Roadway,Bicyclist,SAINT AUGUSTINE,FL,32095,Male,N,Test Not Given,,,,N,Test Not Given,,,Incapacitating,EMS,No Improper Action,,None,,14,N,N,N,N
26252356,2024,3,Intersection - Marked Crosswalk,Crossing Roadway,Other Cyclist,ST AUG,FL,32095,Male,N,Test Not Given,,,,N,Test Not Given,,,Incapacitating,EMS,No Improper Action,,None,,14,N,N,N,N
26253928,2024,2,Other,None,Occupant of Motor Vehicle Not in Transport,WEST PALM BEACH,FL,33405,Male,N,,,,,N,,,,None,Not Transported,Other,,None,,32,N,N,N,N
26253928,2024,3,Other,Crossing Roadway,Other Cyclist,WEST PALM BEACH,FL,33405,Female,N,,,,,N,,,,None,Not Transported,No Improper Action,,None,,29,N,N,N,N
26253928,2024,4,Intersection - Marked Crosswalk,None,Occupant of Motor Vehicle Not in Transport,WEST PALM BEACH,FL,33405,Male,N,,,,,N,,,,None,Not Transported,No Improper Action,,None,,10,N,N,N,N
26253928,2024,5,Intersection - Marked Crosswalk,None,Occupant of Motor Vehicle Not in Transport,WEST PAL BEAH,FL,33405,Male,N,,,,,N,,,,None,Not Transported,No Improper Action,,None,,9,N,N,N,N
26253928,2024,6,Other,None,Occupant of Motor Vehicle Not in Transport,WEST PALM BEACH,FL,33405,Male,N,,,,,N,,,,None,Not Transported,No Improper Action,,None,,29,N,N,N,N
26254192,2024,2,Driveway Access,Walking/Cycling on Sidewalk,Other Cyclist,LAKE WORTH,FL,33461,Male,N,,,,,N,,,,,Not Transported,No Improper Action,,None,,19,N,N,N,Y
26254192,2024,3,Driveway Access,Walking/Cycling on Sidewalk,Other Cyclist,LAKE WORTH,FL,33461,Female,N,,,,,N,,,,None,Not Transported,No Improper Action,,None,,17,N,N,N,Y
26256879,2024,2,Intersection - Marked Crosswalk,Crossing Roadway,Other Cyclist,MIAMI,FL,33125,Male,N,,,,,N,,,,Possible,EMS,No Improper Action,,None,,37,N,N,N,N
26257433,2024,2,Bicycle Lane,Crossing Roadway,Other Cyclist,MIAMI,FL,33131,Male,N,,,,,N,,,,Non-Incapacitating,EMS,Failure to Yield Right-of-Way,,None,,28,N,N,N,N
26257695,2024,2,Intersection - Unmarked Crosswalk,Crossing Roadway,Other Cyclist,MIAMI,FL,,Male,N,,,,,N,,,,None,EMS,Failure to Yield Right-of-Way,,None,,8,N,N,N,N
26257962,2024,2,Intersection - Marked Crosswalk,Crossing Roadway,Other Cyclist,MIAMI,FL,33137,Female,N,,,,,N,,,,Possible,Not Transported,No Improper Action,,None,,23,N,N,N,N
26259125,2024,3,Intersection - Marked Crosswalk,Other,Other Cyclist,MIAMI,FL,33129,Male,N,,,,,N,,,,Possible,EMS,No Improper Action,,None,,26,N,N,N,N
26260095,2024,2,Intersection - Marked Crosswalk,Crossing Roadway,Other Cyclist,TEANECK,NJ,07666,Male,N,,,,,N,,,,Possible,EMS,No Improper Action,,None,,39,N,N,N,N
26260661,2024,2,Travel Lane - Other Location,Walking/Cycling Along Roadway With Traffic,Other Cyclist,MIAMI,FL,33129,Male,N,,,,,N,,,,Possible,EMS,No Improper Action,,None,,54,N,N,N,N
26260993,2024,2,Other,Other,Other Cyclist,MIAMI,FL,33138,Male,N,,,,,N,,,,None,Not Transported,Failure to Yield Right-of-Way,,Other,,16,N,N,N,Y
26261136,2024,2,Shoulder/Roadside,Walking/Cycling Along Roadway With Traffic,Other Cyclist,MIAMI,FL,33135,Female,N,,,,,N,,,,Non-Incapacitating,EMS,No Improper Action,,None,,34,N,N,N,N
26261142,2024,3,Sidewalk,None,Other Cyclist,MIAMI,FL,331252501,Male,N,,,,,N,,,,None,Not Transported,No Improper Action,,None,,40,N,N,N,N
26261279,2024,2,Shared-Use Path or Trail,Walking/Cycling Along Roadway With Traffic,Other Cyclist,MIAMI BEACH,FL,33140,Male,N,,,,,N,,,,Possible,Not Transported,No Improper Action,,None,,54,N,N,N,N
26305826,2024,2,Intersection - Unmarked Crosswalk,Crossing Roadway,Other Cyclist,ORLANDO,FL,32839,Male,N,Test Not Given,,,,N,Test Not Given,,,Non-Incapacitating,Not Transported,No Improper Action,,None,None,12,N,N,N,N
26261928,2024,2,Other,Walking/Cycling Along Roadway Against Traffic,Other Cyclist,MIAMI,FL,33127,Female,N,,,,,N,,,,Possible,EMS,Failure to Yield Right-of-Way,,None,,33,N,N,N,N
26262431,2024,2,Intersection - Unmarked Crosswalk,Walking/Cycling on Sidewalk,Other Cyclist,MIAMI,FL,33128,Male,N,,,,,N,,,,Non-Incapacitating,EMS,Dart/Dash,,None,,42,N,N,N,N
26262431,2024,3,Intersection - Unmarked Crosswalk,Walking/Cycling on Sidewalk,Other Cyclist,MIAMI,FL,33128,Female,N,,,,,N,,,,Incapacitating,EMS,Dart/Dash,,None,,51,N,N,N,N
26262916,2024,2,Intersection - Marked Crosswalk,Crossing Roadway,Other Cyclist,MIAMI,FL,33131,Male,N,,,,,N,,,,Non-Incapacitating,EMS,No Improper Action,,None,,42,N,N,N,N
26262940,2024,2,Intersection - Other,Other,Other Cyclist,MIAMI,FL,33136,Female,N,,,,,N,,,,Possible,EMS,Failure to Yield Right-of-Way,,None,,35,N,N,N,N
26303594,2024,2,Intersection - Marked Crosswalk,Crossing Roadway,Other Cyclist,SAFETY HARBOR,FL,34695,Male,N,Test Not Given,,,,N,Test Not Given,,,Non-Incapacitating,EMS,No Improper Action,,None,,26,N,N,N,N
26263015,2024,3,Sidewalk,Walking/Cycling on Sidewalk,Other Cyclist,MIAMI,FL,33135,Male,N,,,,,N,,,,Possible,Not Transported,No Improper Action,,None,,38,N,N,N,N
26263075,2024,3,Intersection - Other,Crossing Roadway,Other Cyclist,MIAMI,FL,33147,Male,N,,,,,N,,,,Incapacitating,EMS,"Failure to Obey Traffic Signs, Signals, or Officer",,Lighting,,59,N,N,N,N
26263317,2024,2,Intersection - Marked Crosswalk,Crossing Roadway,Other Cyclist,MIAMI,FL,33135,Male,N,,,,,N,,,,None,Not Transported,Wrong-Way Riding or Walking,,None,,40,N,N,N,N
26263806,2024,2,Travel Lane - Other Location,Walking/Cycling Along Roadway With Traffic,Other Cyclist,MIAMI,FL,33130,Female,N,,,,,N,,,,Non-Incapacitating,EMS,No Improper Action,,None,,24,N,N,N,N
26265275,2024,3,Travel Lane - Other Location,Adjacent to Roadway,Other Cyclist,MIAMI,FL,33135,Female,N,,,,,N,,,,Non-Incapacitating,EMS,No Improper Action,,None,,27,N,N,N,N
26265462,2024,2,Midblock - Marked Crosswalk,Walking/Cycling on Sidewalk,Other Cyclist,MIAMI,FL,,Female,N,,,,,N,,,,Possible,EMS,No Improper Action,,Unknown,,50,N,N,N,N
26265704,2024,2,Intersection - Marked Crosswalk,Crossing Roadway,Other Cyclist,MIAMI,FL,33128,Female,N,,,,,N,,,,Non-Incapacitating,EMS,No Improper Action,,None,,25,N,N,N,N
26265727,2024,2,Intersection - Other,Waiting to Cross Roadway,Other Cyclist,MIAMI,FL,33136,Female,N,,,,,N,,,,Possible,Not Transported,"Failure to Obey Traffic Signs, Signals, or Officer",Failure to Yield Right-of-Way,None,,31,N,N,N,N
26265820,2024,2,Intersection - Other,Walking/Cycling Along Roadway With Traffic,Other Cyclist,MIAMI,FL,33135,Male,N,,,,,N,,,,Non-Incapacitating,Not Transported,No Improper Action,,None,,31,N,N,N,N
26266128,2024,1,Intersection - Other,Other,Other Cyclist,MIAMI,FL,33137,Male,N,,,,,N,,,,Possible,Not Transported,No Improper Action,,None,,25,N,N,N,N
26266153,2024,2,Intersection - Marked Crosswalk,Other,Other Cyclist,MIAMI,FL,333137,Male,N,,,,,N,,,,None,Not Transported,No Improper Action,,None,,41,N,N,N,N
26266530,2024,2,Other,Crossing Roadway,Other Cyclist,CORAL GABLES,FL,33134,Male,N,,,,,N,,,,Possible,EMS,No Improper Action,,None,,24,N,N,N,N
26266932,2024,2,Other,Other,Other Cyclist,MIAMI,FL,33142,Male,N,,,,,N,,,,Possible,Not Transported,Improper Passing,,None,,22,N,N,N,N
26267968,2024,2,Bicycle Lane,Walking/Cycling Along Roadway With Traffic,Other Cyclist,MIAMI,FL,33136,Male,N,,,,,N,,,,Possible,Not Transported,No Improper Action,,None,,26,N,N,N,N
26268071,2024,2,Travel Lane - Other Location,Walking/Cycling Along Roadway With Traffic,Other Cyclist,MIAMI BEACH,FL,33141,Female,N,,,,,N,,,,Non-Incapacitating,EMS,In Roadway Improperly,,Helmet,,33,N,N,N,N
26268157,2024,2,Shoulder/Roadside,Other,Other Cyclist,MIAMI,FL,33139,Female,N,,,,,N,,,,Possible,EMS,No Improper Action,,None,,38,N,N,N,N
26269045,2024,2,Intersection - Marked Crosswalk,Walking/Cycling on Sidewalk,Other Cyclist,MIAMI,FL,33130,Male,N,,,,,N,,,,Possible,Not Transported,No Improper Action,,None,,29,N,N,N,N
26270547,2024,1,Shared-Use Path or Trail,Walking/Cycling Along Roadway With Traffic,Other Cyclist,MIAMI,FF,33139,Female,N,,,,,N,,,,Possible,EMS,Other,,Helmet,,32,N,N,N,N
26271435,2024,2,Other,Other,Other Cyclist,MIAMI,FL,33136,Male,N,,,,,N,,,,Non-Incapacitating,EMS,No Improper Action,,None,,36,N,N,N,N
26271457,2024,2,Intersection - Marked Crosswalk,Crossing Roadway,Other Cyclist,MIAMI,FL,33137,Male,N,,,,,N,,,,Possible,EMS,No Improper Action,,None,,27,N,N,N,N
26272628,2024,1,Intersection - Marked Crosswalk,Crossing Roadway,Other Cyclist,,,,Male,N,,,,,N,,,,Possible,EMS,Unknown,,None,,,N,N,N,N
26273375,2024,2,Intersection - Marked Crosswalk,Walking/Cycling on Sidewalk,Other Cyclist,MIAMI,FL,33142,Female,N,,,,,N,,,,None,Not Transported,No Improper Action,,None,,22,N,N,N,N
26277514,2024,2,Intersection - Marked Crosswalk,Crossing Roadway,Other Cyclist,APOPKA,FL,32703,Male,N,,,,,N,,,,Non-Incapacitating,Not Transported,Failure to Yield Right-of-Way,,None,,33,N,N,N,N
26279009,2024,2,Intersection - Marked Crosswalk,Waiting to Cross Roadway,Other Cyclist,NEOSHO,MO,64850,Male,N,,,,,N,,,,None,Not Transported,Failure to Yield Right-of-Way,Other,None,,19,N,N,N,Y
26279079,2024,2,Non-Trafficway Area,Walking/Cycling on Sidewalk,Other Cyclist,DESTIN,FL,32540,Male,N,,,,,N,,,,Non-Incapacitating,Not Transported,No Improper Action,,None,,16,N,N,N,Y
26279109,2024,2,Intersection - Unmarked Crosswalk,Other,Other Cyclist,SANTA ROSA BEACH,FL,32459,Male,N,,,,,N,,,,None,Not Transported,Unknown,No Improper Action,None,,25,N,N,N,N
26279427,2024,2,Intersection - Unmarked Crosswalk,Crossing Roadway,Other Cyclist,OAK HILL,FL,32759,Female,N,,,,,N,,,,Non-Incapacitating,Not Transported,No Improper Action,,None,,68,N,N,Y,N
26279552,2024,2,Intersection - Marked Crosswalk,Walking/Cycling on Sidewalk,Bicyclist,EDGEWATER,FL,32141,,N,,,,,N,,,,Non-Incapacitating,EMS,No Improper Action,,None,,14,N,N,N,N
26279552,2024,3,Intersection - Marked Crosswalk,Crossing Roadway,Other Cyclist,EDGEWATER,FL,32141,Male,N,,,,,N,,,,Non-Incapacitating,Not Transported,No Improper Action,,None,,13,N,N,N,N
26282160,2024,1,Intersection - Marked Crosswalk,Walking/Cycling on Sidewalk,Other Cyclist,BRADENTON,FL,34210,Male,N,Test Not Given,,,,N,Test Not Given,,,Non-Incapacitating,Other,No Improper Action,,None,,18,N,N,N,Y
26283797,2024,1,Bicycle Lane,Walking/Cycling Along Roadway Against Traffic,Other Cyclist,DAYTONA BEACH,FL,32114,Male,N,Test Not Given,,,,N,Test Not Given,,,Possible,Other,Wrong-Way Riding or Walking,Not Visible,None,,26,N,N,N,N
26305812,2024,3,Intersection - Other,Crossing Roadway,Other Cyclist,CHRISTMAS,FL,32709,Male,,Test Given,Blood,Unknown,,,Test Given,Blood,Unknown,Fatal (within 30 days),EMS,No Improper Action,,None,None,59,N,N,N,N
26284103,2024,1,Travel Lane - Other Location,Crossing Roadway,Other Cyclist,WESLEY CHAPEL,FL,33543,Female,N,Test Not Given,,,,N,Test Not Given,,,Non-Incapacitating,EMS,Dart/Dash,,None,,12,N,N,N,N
26289271,2024,2,Intersection - Marked Crosswalk,Walking/Cycling on Sidewalk,Other Cyclist,ORLANDO,FL,32806,Male,N,Test Not Given,,,,N,Test Not Given,,,Non-Incapacitating,EMS,Other,,None,,53,N,N,N,N
26289282,2024,2,Intersection - Marked Crosswalk,Crossing Roadway,Other Cyclist,ORLANDO,FL,32832,Male,N,Test Not Given,,,,N,Test Not Given,,,Possible,Not Transported,No Improper Action,,None,,16,N,N,N,Y
26292539,2024,2,Intersection - Marked Crosswalk,Crossing Roadway,Other Cyclist,RIVERVIEW,FL,33578,Male,N,Test Not Given,,,,N,Test Not Given,,,Non-Incapacitating,EMS,"Failure to Obey Traffic Signs, Signals, or Officer",,None,,13,N,N,N,N
26294288,2024,2,Sidewalk,Walking/Cycling on Sidewalk,Bicyclist,HUDSON,FL,34667,Male,N,Test Not Given,,,,N,Test Not Given,,,Non-Incapacitating,Not Transported,No Improper Action,,Lighting,,18,N,N,N,Y
26294288,2024,3,Sidewalk,Walking/Cycling on Sidewalk,Other Cyclist,PORT RICHEY,FL,34668,Male,N,Test Not Given,,,,N,Test Not Given,,,Non-Incapacitating,Not Transported,No Improper Action,,Lighting,,18,N,N,N,Y
26297923,2024,2,Intersection - Other,Crossing Roadway,Other Cyclist,UNKNOWN,FL,00000,Female,N,Test Not Given,,,,N,Test Not Given,,,None,Not Transported,Other,,None,,,N,N,N,N
26297580,2024,2,Intersection - Marked Crosswalk,Crossing Roadway,Other Cyclist,WINDERMERE,FL,34786,Male,N,Test Not Given,,,,N,Test Not Given,,,Possible,EMS,No Improper Action,,None,,17,N,N,N,Y
26299887,2024,2,Intersection - Marked Crosswalk,Crossing Roadway,Other Cyclist,WESLEY CHAPEL,FL,33543,Female,N,Test Not Given,,,,N,Test Not Given,,,Incapacitating,Other,No Improper Action,,None,,17,N,N,N,Y
26300359,2024,1,Sidewalk,Walking/Cycling on Sidewalk,Other Cyclist,ORLANDO,FL,32821,Female,N,Test Not Given,,,,N,Test Not Given,,,Possible,Not Transported,No Improper Action,,None,,23,N,N,N,N
26300716,2024,1,Intersection - Marked Crosswalk,Crossing Roadway,Other Cyclist,PENSACOLA,FL,32503,Male,N,Test Not Given,,,,N,Test Not Given,,,Incapacitating,EMS,Failure to Yield Right-of-Way,,None,None,66,N,N,Y,N
26301254,2024,2,Intersection - Unmarked Crosswalk,Walking/Cycling on Sidewalk,Other Cyclist,PALM HARBOR,FL,34683,Female,N,Test Not Given,,,,N,Test Not Given,,,Non-Incapacitating,Not Transported,Other,,None,,19,N,N,N,Y
26301329,2024,2,Travel Lane - Other Location,Walking/Cycling Along Roadway With Traffic,Other Cyclist,TARPON SPRINGS,FL,34688,Female,N,Test Not Given,,,,N,Test Not Given,,,Fatal (within 30 days),Not Transported,Unknown,,None,,75,N,N,Y,N
26301332,2024,2,Travel Lane - Other Location,Walking/Cycling Along Roadway With Traffic,Other Cyclist,TARPON SPRINGS,FL,34688,Female,N,Test Not Given,,,,N,Test Not Given,,,Fatal (within 30 days),Not Transported,Unknown,,None,,75,N,N,Y,N
26302823,2024,1,Intersection - Marked Crosswalk,Walking/Cycling on Sidewalk,Other Cyclist,NEW PORT RICHEY,FL,34654,Male,N,Test Not Given,,,,N,Test Not Given,,,Non-Incapacitating,EMS,Dart/Dash,,None,,17,N,N,N,Y
26312626,2024,2,Sidewalk,Walking/Cycling on Sidewalk,Other Cyclist,COCOA,FL,32922,Male,N,Test Not Given,,,,N,Test Not Given,,,Possible,Not Transported,No Improper Action,,None,,12,N,N,N,N
26315090,2024,2,Intersection - Marked Crosswalk,Crossing Roadway,Other Cyclist,HOLLYWOOD,FL,33021,Female,N,Test Not Given,,,,N,Test Not Given,,,None,EMS,Dart/Dash,,None,,28,N,N,N,N
26316516,2024,2,Travel Lane - Other Location,Crossing Roadway,Other Cyclist,PORTRICHEY,FL,34668,Male,N,Test Not Given,,,,N,Test Not Given,,,None,Not Transported,Dart/Dash,,None,,9,N,N,N,N
