REPORT_NUMBER,CRASH_YEAR,VEHICLE_NUMBER,PERSON_NUMBER,CITY,STATE,ZIP_CODE,SEX,HELMET_CODE,RESTRAINT_SYSTEM_CODE,EYE_PROTECTION_CODE,AIR_BAG_DEPLOYMENT_CODE,EJECTED,INJURY_SEVERITY,EMS_TRANSPORT_TYPE,SEAT_POSITION_CODE,ROW_POSITION_CODE,OTHER_POSITION_CODE,S4_AGE_AT_TIME_OF_CRASH,S4_IS_UNRESTRAINED_PASSENGER
26237416,2024,1,2,GREENACRES,FL,33413,Male,,Shoulder and Lap Belt Used,,Not Deployed,Not Ejected,None,Not Transported,Right,Front,,13,N
26237416,2024,1,3,GREENACRES,FL,33413,Female,,Shoulder and Lap Belt Used,,Not Deployed,Not Ejected,None,Not Transported,Left,Second,,12,N
26243639,2024,1,3,PLANTATION,FL,33325,Female,No Helmet,Shoulder and Lap Belt Used,,Not Deployed,Not Ejected,None,Not Transported,Right,Front,Not Applicable,58,N
26244968,2024,1,3,GAINESVILLE,FL,32607,Female,No Helmet,Shoulder and Lap Belt Used,,Not Deployed,Not Ejected,None,Not Transported,Right,Front,Not Applicable,21,N
26305812,2024,1,2,ORLANDO,FL,32828,Female,,Shoulder and Lap Belt Used,,Deployed - Front,Not Ejected,None,Not Transported,Right,Front,,34,N
26246735,2024,1,3,ARCHER,FL,32618,Female,No Helmet,Shoulder and Lap Belt Used,,Not Deployed,Not Ejected,None,Not Transported,Left,Second,Not Applicable,12,N
26246735,2024,1,4,ARCHER,FL,32618,Female,No Helmet,Shoulder and Lap Belt Used,,Not Deployed,Not Ejected,None,Not Transported,Right,Second,Not Applicable,12,N
26259125,2024,1,2,MIAMI,FL,33184,Male,,Shoulder and Lap Belt Used,,Not Deployed,Not Ejected,None,Not Transported,Right,Front,,51,N
26261142,2024,1,2,BOLINGBROOK,IL,60440,Female,,Shoulder and Lap Belt Used,,Not Deployed,Not Ejected,None,Not Transported,Right,Front,Not Applicable,28,N
26263015,2024,1,2,DORAL,FL,33122,Female,,Shoulder and Lap Belt Used,,Not Deployed,Not Ejected,None,Not Transported,Right,Front,,35,N
26263075,2024,1,2,HIALEAH,FL,33018,Female,,Shoulder and Lap Belt Used,,Not Deployed,Not Ejected,Possible,Not Transported,Right,Front,,51,N
26265275,2024,1,2,MIAMI,FL,33129,Female,,Shoulder and Lap Belt Used,,Not Deployed,Not Ejected,None,Not Transported,Right,Second,Not Applicable,65,N
