REPORT_NUMBER,CRASH_YEAR,VEHICLE_NUMBER,OWNER_CITY,OWNER_STATE,OWNER_ZIP_CODE,COMMERCIAL_VEHICLE_FLAG,MOTION_CODE,STATE_OF_REGISTRATION,PERMANENT_REGISTRATION_FLAG,HIT_AND_RUN_FLAG,VEHICLE_YEAR,VEHICLE_MAKE,VEHICLE_MODEL,VEHICLE_STYLE,VEHICLE_COLOR,DISABLING_FUNCTIONAL_DAMAGE,ESTIMATED_VEHICLE_DAMAGE,TOW_DAMAGE_CODE,HOW_TOW_REQUESTED,BUSINESS_OWNED_FLAG,VEHICLE_TRAVELING,ROAD_ON,ESTIMATED_MPH,POSTED_SPEED,TOTAL_NUMBER_OF_LANES,HAZARDOUS_MATERIAL_RELEASED,HAZMAT_PLACARD,HAZARDOUS_PLACARD_NUMBER,HAZMAT_CLASS,POINT_OF_IMPACT,MOST_DAMAGED_AREA_CODE,TYPE_OF_VEHICLE,TRAFFICWAY_CODE,COMMERCIAL_VEHICLE_CONFIGURATION_CODE,COMMERCIAL_USE_CODE,CARRIER_CARGO_BODY_TYPE,COMMERCIAL_VEHICLE_WEIGHT_CODE,MOST_HARMFUL_EVENT_CODE,HARMFUL_EVENT_1,HARMFUL_EVENT_2,HARMFUL_EVENT_3,HARMFUL_EVENT_4,EMERGENCY_VEHICLE_USE_CODE,ROADWAY_GRADE_CODE,ROADWAY_ALIGNMENT_CODE,VEHICLE_MANEUVER_ACTION,TRAFFIC_CONTROL_DEVICE,VEHICLE_SPECIAL_FUNCTION,VEHICLE_DEFECT1,VEHICLE_DEFECT2,S4_IS_COMMERCIAL_MOTOR_VEHICLE
26219246,2024,1,SANFORD,FL,32771,N,Vehicle in Transport,FL,,N,2003,HYUN,,4D,SIL,Minor,250,N,Other,N,South,HANSOM PKWY,10,20,2,,,,,Front Right Bumper,Front Right Bumper,Passenger Car,"Two-Way, Not Divided",,,,,Motor Vehicle in Transport,Motor Vehicle in Transport,,,,N,Level,Curve Right,Straight Ahead,No Controls,No Special Function,None,,
26219550,2024,1,SANFORD,FL,32773,N,Vehicle in Transport,FL,,N,2021,DODG,,4D,WHI,None,0,N,Driver,N,East,FRENCH AVE,5,45,4,,,,,Front Center Bumper,Front Center Bumper,Passenger Car,"Two-Way, Not Divided",,,,,Motor Vehicle in Transport,Motor Vehicle in Transport,,,,N,Level,Straight,Straight Ahead,Stop Sign,No Special Function,None,,
26225180,2024,1,UNKNOWN,UK,,N,Vehicle in Transport,UK,,Y,,LEXUS,,4D,WHITE,Minor,750,N,Rotation,N,South,LOCKWOOD BLVD,35,35,4,,,,,Right Front Door,Right Front Door,Passenger Car,"Two-Way, Divided, Positive Median Barrier",,,,,Motor Vehicle in Transport,Motor Vehicle in Transport,,,,N,Level,Curve Right,Negotiating a Curve,No Controls,No Special Function,None,,
26317545,2024,1,BRADENTON,FL,34210,N,Vehicle in Transport,FL,N,N,2022,CHEV,,UT,RED,Minor,500,N,,N,East,SR 684,10,40,4,,,,,Front Left Bumper,Front Left Bumper,(Sport) Utility Vehicle,"Two-Way, Divided, Positive Median Barrier",,,,,Motor Vehicle in Transport,Motor Vehicle in Transport,,,,N,Level,Straight,Turning Right,No Controls,No Special Function,None,,
26226711,2024,1,,,,N,Vehicle in Transport,,N,Y,,,,,,Minor,500,,,N,South,E US HIGHWAY 98,55,45,2,,,,,Right Front Door,Right Front Door,Unknown,"Two-Way, Divided, Positive Median Barrier",,,,,Pedestrian,Pedestrian,Pedestrian,,,,,,,,,,,
26232324,2024,1,LAKE WORTH,FL,33467,N,Vehicle in Transport,FL,,N,2020,HYUN,,4D,RED,None,0,N,Driver,N,South,LAKE WORTH RD,5,,,,,,,Windshield,Windshield,Passenger Car,"Two-Way, Not Divided",,,,,Pedestrian,Pedestrian,Motor Vehicle in Transport,,,N,Level,Straight,Turning Right,No Controls,No Special Function,None,,
26234040,2024,1,LOXAHATCHEE,FL,33470,N,Vehicle in Transport,,,N,2022,MERZ,METRIS CARGO,VN,WHI,Minor,800,N,Driver,N,North,180TH AVE N,0,30,2,,,,,Left Front Door,Left Front Door,"Cargo Van (10,000 lbs (4,536 kg) or less)","Two-Way, Divided, Unprotected (painted >4 feet) Median",,,,Not Applicable,Pedalcycle,Pedalcycle,,,,N,Level,Straight,Stopped in Traffic,Stop Sign,No Special Function,None,,N
26235071,2024,1,WEST PALM BEACH,FL,33415,N,Vehicle in Transport,FL,,N,2010,TOYT,,4D,BGE,Minor,100,N,Driver,N,North,N MILITARY TRL,1,45,6,,,,,Right Front Fender,Right Front Fender,Passenger Car,"Two-Way, Divided, Positive Median Barrier",,,,,Pedalcycle,Pedalcycle,,,,N,Level,Straight,Turning Right,No Controls,No Special Function,None,,
26236644,2024,1,LAKE WORTH,FL,33461,N,Vehicle in Transport,FL,,N,2007,TOYT,,4D,SIL,None,0,N,Driver,N,South,MILITARY TRAIL,10,45,6,,,,,Front Center Bumper,Front Center Bumper,Passenger Car,"Two-Way, Not Divided, with a Continuous Left Turn Lane",,,,,Pedestrian,Pedestrian,,,,N,Level,Straight,Turning Right,Traffic Control Signal,No Special Function,None,,
26237416,2024,1,GREENACRES,FL,33413,N,Vehicle in Transport,FL,,N,2018,TOYT,,4D,GRY,Functional,1000,N,Driver,N,North,S JOG RD,10,45,6,,,,,Right Front Door,Right Front Door,Passenger Car,"Two-Way, Divided, Positive Median Barrier",,,,,Motor Vehicle in Transport,Motor Vehicle in Transport,,,,N,Level,Straight,Turning Right,No Controls,No Special Function,None,,
26239333,2024,1,BOYNTON BEACH,FL,33435,N,Vehicle in Transport,FL,,N,2016,CHRY,,4D,WHI,Functional,2000,N,Driver,N,West,OUT OF THE PARKING LOT AT,15,,2,,,,,Front Left Bumper,Front Left Bumper,Passenger Car,"Two-Way, Divided, Positive Median Barrier",,,,,Motor Vehicle in Transport,Motor Vehicle in Transport,,,,N,Level,Straight,Turning Right,Stop Sign,No Special Function,None,,
26240099,2024,1,ORLANDO,FL,32837,N,Vehicle in Transport,FL,N,N,2017,TOYT,,4D,GRY,Minor,500,N,,N,South,W VINE ST,5,15,2,,,,,Right Front Fender,Front Right Bumper,Passenger Car,"Two-Way, Not Divided",,,,,,Pedalcycle,,,,N,Level,Straight,Turning Right,Stop Sign,No Special Function,None,,
26240322,2024,1,KISSIMMEE,FL,34741,N,Vehicle in Transport,FL,N,N,2024,TOYT,,PK,SIL,Functional,3000,N,Driver,N,South,W COLUMBIA AVE,10,10,1,,,,,Front Left Bumper,Front Left Bumper,Passenger Car,One-Way Trafficway,,,,,Pedestrian,Pedestrian,,,,N,Level,Straight,Turning Left,No Controls,No Special Function,None,,
26240789,2024,1,KISSIMMEE,FL,34741,N,Vehicle in Transport,FL,Y,N,2005,JEEP,,UT,WHI,Minor,300,N,Driver,N,South,KELLEY AVE,5,25,2,,,,,Front Center Bumper,Front Center Bumper,(Sport) Utility Vehicle,"Two-Way, Not Divided",,,,,Pedalcycle,Pedalcycle,,,,N,Level,Straight,Turning Right,Stop Sign,No Special Function,None,,
26241802,2024,1,KISSIMMEE,FL,347416804,N,Vehicle in Transport,FL,N,N,2019,CHEV,,PK,WHI,Minor,1000,N,,N,North,W VINE ST,3,40,7,,,,,Right Front Fender,Right Front Fender,"Other Light Trucks (10,000 lbs (4,536 kg) or less)",Unknown,,,,,Pedestrian,Pedestrian,,,,N,Level,Straight,Straight Ahead,Stop Sign,No Special Function,None,,N
26243033,2024,1,JACKSONVILLE,FL,32258,N,Vehicle in Transport,FL,N,N,2021,LINC,,SUV,WHI,Functional,1000,N,,N,East,HULL RD,10,25,2,,,,,Front Center Bumper,Front Center Bumper,(Sport) Utility Vehicle,"Two-Way, Divided, Positive Median Barrier",,,,,Pedalcycle,Pedalcycle,,,,N,Level,Straight,Straight Ahead,Flashing Signal,No Special Function,None,,
26243639,2024,1,PLANTATION,FL,33325,N,Vehicle in Transport,FL,N,N,2004,TOYT,,SUV,SIL,Minor,500,N,,N,West,SW 5TH AVE,5,20,2,,,,,Front Right Bumper,Front Right Bumper,(Sport) Utility Vehicle,"Two-Way, Not Divided",,,,,,Pedalcycle,,,,N,Level,Straight,Straight Ahead,No Controls,No Special Function,None,,
26243644,2024,1,PORT ST LUCIE,FL,34986,N,Vehicle in Transport,FL,N,N,2008,TOYT,,4DR,WHI,Functional,3000,N,,N,West,SW OLD ARCHER RD,15,35,2,,,,,Right Rear Fender,Right Rear Fender,Passenger Car,"Two-Way, Not Divided",,,,,Pedestrian,Pedestrian,,,,N,Level,Straight,Turning Left,No Controls,No Special Function,None,,
26244545,2024,1,NEWBERRY,FL,32669,N,Vehicle in Transport,FL,N,N,2023,HOND,,4DR,BLK,Functional,2000,N,,N,East,SR 26 (W NEWBERRY RD),4,45,6,,,,,Right Rear Fender,Right Rear Fender,Passenger Car,"Two-Way, Divided, Positive Median Barrier",,,,,Motor Vehicle in Transport,Motor Vehicle in Transport,,,,N,Level,Straight,Turning Right,No Controls,No Special Function,None,,
26244661,2024,1,SUMMERFIELD,FL,34491,N,Vehicle in Transport,FL,N,N,2018,NISS,,4DR,WHI,Functional,300,N,Owner Request,N,East,W UNIVERSITY (SR 26),15,,4,,,,,Right Front Fender,Right Front Fender,Passenger Car,"Two-Way, Not Divided",,,,,Motor Vehicle in Transport,Motor Vehicle in Transport,,,,N,Level,Straight,Turning Right,Traffic Control Signal,No Special Function,None,,
26244968,2024,1,GAINESVILLE,FL,32653,N,Vehicle in Transport,FL,N,N,2013,DODG,,4DR,RED,Minor,500,N,Other,N,East,SR 26,5,30,4,,,,,Right Front Fender,Right Front Fender,Passenger Car,"Two-Way, Divided, Unprotected (painted >4 feet) Median",,,,,Motor Vehicle in Transport,Motor Vehicle in Transport,,,,N,Level,Straight,Turning Right,No Controls,No Special Function,None,,
26245472,2024,1,GAINESVILLE,FL,32641,N,Vehicle in Transport,FL,N,Y,2014,NISS,,4DR,SIL,Minor,150,N,,N,East,SR 26 (E UNIVERSITY AVE),5,45,4,,,,,Right Rear Fender,Right Rear Fender,Passenger Car,"Two-Way, Divided, Positive Median Barrier",,,,,Motor Vehicle in Transport,Motor Vehicle in Transport,Pedestrian,,,N,Level,Straight,Turning Right,Stop Sign,No Special Function,None,,
26245700,2024,1,GAINESVILLE,FL,32641,N,Vehicle in Transport,FL,N,N,2012,TOYT,,SUV,GRN,Minor,100,N,,N,North,NW 10TH ST,5,25,2,,,,,Right Front Fender,Right Front Fender,(Sport) Utility Vehicle,"Two-Way, Divided, Unprotected (painted >4 feet) Median",,,,,Motor Vehicle in Transport,Motor Vehicle in Transport,,,,N,Level,Straight,Turning Right,Traffic Control Signal,No Special Function,None,,
26245881,2024,1,GAINESVILLE,FL,32605,N,Vehicle in Transport,FL,N,N,2009,TOYT,,4DR,TAN,Functional,500,N,,N,North,(CR 2053) NW 43RD ST,5,45,4,,,,,Right Front Fender,Right Front Fender,(Sport) Utility Vehicle,"Two-Way, Divided, Positive Median Barrier",,,,,,Motor Vehicle in Transport,,,,N,Level,Straight,Turning Right,No Controls,No Special Function,None,,
26246450,2024,1,GAINESVILLE,FL,32609,N,Vehicle in Transport,FL,N,N,2011,HYUN,,4DR,DBL,Unknown,0,N,Owner Request,N,South,NE 18TH DR,15,15,1,,,,,,,Passenger Car,One-Way Trafficway,,,,,Motor Vehicle in Transport,Motor Vehicle in Transport,,,,N,Level,Curve Left,Straight Ahead,Traffic Control Signal,No Special Function,None,,
26246735,2024,1,ARCHER,FL,32618,N,Vehicle in Transport,FL,N,N,2018,KIA,,VN,SIL,Minor,1000,N,,N,West,SW 9TH RD,9,30,3,,,,,Front Center Bumper,Front Center Bumper,Passenger Van,"Two-Way, Divided, Unprotected (painted >4 feet) Median",,,,,Pedestrian,Pedestrian,,,,N,Level,Straight,Straight Ahead,Traffic Control Signal,No Special Function,None,,
26247781,2024,1,MARGATE,FL,33063,N,Vehicle in Transport,FL,N,N,2022,HOND,,4D,SIL,Functional,1000,N,,N,North,N BAY DR,15,25,2,,,,,Front Center Bumper,Front Center Bumper,Passenger Car,"Two-Way, Divided, Positive Median Barrier",,,,,Motor Vehicle in Transport,Motor Vehicle in Transport,,,,N,Level,Straight,Straight Ahead,No Controls,No Special Function,None,,
26247935,2024,1,MARGATE,FL,33063,N,Vehicle in Transport,FL,N,N,2024,KIA,,SPUV,GRY,None,0,N,Driver,N,North,BANKS RD,2,35,2,,,,,,,(Sport) Utility Vehicle,"Two-Way, Divided, Positive Median Barrier",,,,,Pedestrian,Pedestrian,,,,N,Level,Straight,Turning Right,Stop Sign,No Special Function,None,,
26252356,2024,1,PONTE VEDRA,FL,32081-0000,N,Vehicle in Transport,FL,N,N,2024,CHEV,,UT,WHI,Minor,2000,N,,N,East,REGAL WILLOW RD,10,25,4,,,,,Front Center Bumper,Front Center Bumper,(Sport) Utility Vehicle,"Two-Way, Not Divided, with a Continuous Left Turn Lane",,,,,Motor Vehicle in Transport,Motor Vehicle in Transport,,,,N,Level,Straight,Turning Right,Stop Sign,No Special Function,None,,
26253928,2024,1,LAKE WORTH,FL,33461,N,Vehicle in Transport,FL,,N,2007,CHEV,,UT,SIL,Minor,1000,N,Driver,N,East,CONGRESS S AVE,5,10,2,,,,,Front Right Bumper,Front Right Bumper,Passenger Car,"Two-Way, Not Divided",,,,,Motor Vehicle in Transport,Motor Vehicle in Transport,,,,N,Level,Straight,Other,No Controls,No Special Function,None,,
26253928,2024,2,WEST PALM BEACH,FL,33405,N,Parked Motor Vehicle,FL,,N,2007,TOYT,,4D,WHI,Minor,1000,N,Driver,N,East,CONGRESS S AVE,0,10,2,,,,,Rear Left Bumper,Rear Left Bumper,Pickup,"Two-Way, Not Divided",,,,,Motor Vehicle in Transport,Motor Vehicle in Transport,,,,N,Level,Straight,Parked,No Controls,No Special Function,None,,
26254192,2024,1,,,,,Vehicle in Transport,,,Y,,UK,,UNKNOWN,,Minor,0,N,Driver,N,,,,,,,,,,Front Left Bumper,Front Left Bumper,Passenger Car,"Two-Way, Divided, Positive Median Barrier",,,,,Pedalcycle,Pedalcycle,,,,N,Level,Straight,Turning Right,No Controls,No Special Function,Unknown,,
26256879,2024,1,MIAMI,FL,33142,N,Vehicle in Transport,FL,,Y,2013,CHEV,,2D,RED,Functional,0,N,Driver,N,North,NW 24 AVENUE,20,30,2,,,,,Front Center Bumper,Front Left Bumper,Passenger Car,"Two-Way, Not Divided",,,,,Motor Vehicle in Transport,Motor Vehicle in Transport,,,,N,Level,Straight,Turning Left,Traffic Control Signal,No Special Function,Unknown,,
26257433,2024,1,PORT CHARLOTTE,FL,33952,N,Vehicle in Transport,FL,,N,2024,MAZD,,UT,WHI,Minor,2500,N,Driver,N,North,NE 5TH ST,10,25,2,,,,,Right Front Fender,Right Front Fender,(Sport) Utility Vehicle,One-Way Trafficway,,,,,Motor Vehicle in Transport,Motor Vehicle in Transport,,,,N,Level,Straight,Turning Right,Traffic Control Signal,No Special Function,None,,
26257695,2024,1,MIAMI SPRINGS,FL,33166,N,Vehicle in Transport,FL,,N,2023,FORD,,UT,BLK,Minor,300,N,Driver,N,South,NE 7TH AVE,20,30,2,,,,,Front Right Bumper,Front Right Bumper,Passenger Car,"Two-Way, Not Divided",,,,,Pedalcycle,Pedalcycle,,,,N,Level,Straight,Straight Ahead,No Controls,No Special Function,Unknown,,
26257962,2024,1,WESLEY CHAPEL,FL,33543,N,Vehicle in Transport,FL,,N,2021,FORD,,UT,BLK,None,0,N,Driver,N,East,NE 18TH ST,,30,2,,,,,Left Rear Fender,Overturn,(Sport) Utility Vehicle,"Two-Way, Not Divided",,,,,Motor Vehicle in Transport,Motor Vehicle in Transport,,,,N,Level,Straight,Straight Ahead,No Controls,No Special Function,None,,
26259125,2024,1,MIAMI,FL,33144,N,Vehicle in Transport,FL,,N,2024,HOND,,SW,RED,Minor,500,N,Driver,N,North,SW 2 AVE,30,30,4,,,,,Front Center Bumper,Front Center Bumper,Passenger Car,"Two-Way, Not Divided",,,,,Motor Vehicle in Transport,Motor Vehicle in Transport,,,,N,Level,Straight,Straight Ahead,No Controls,No Special Function,None,,
26260095,2024,1,UNKNOWN,UK,00000,N,Vehicle in Transport,FL,,Y,,MERZ,,2D,SIL,Unknown,0,N,Driver,N,South,NE 3RD CT,,,2,,,,,Front Center Bumper,Front Center Bumper,Unknown,"Two-Way, Not Divided",,,,,Motor Vehicle in Transport,Motor Vehicle in Transport,,,,N,Level,Straight,Unknown,No Controls,Unknown,Unknown,,
26260661,2024,1,MIAMI,FL,33186,N,Vehicle in Transport,FL,,N,2018,NISS,,4D,GRY,Minor,1000,N,Owner Request,N,West,SW 26TH LN,,,2,,,,,Front Center Bumper,Front Center Bumper,Passenger Car,"Two-Way, Not Divided",,,,,Motor Vehicle in Transport,Motor Vehicle in Transport,,,,N,Level,Straight,Straight Ahead,No Controls,No Special Function,None,,
26260993,2024,1,MIAMI,FL,33133,N,Vehicle in Transport,CA,,N,2007,AUDI,,4D,GRY,Minor,500,N,Driver,N,South,N BAYSHORE DR,30,30,4,,,,,Left Front Door,Left Rear Door,Passenger Car,"Two-Way, Divided, Unprotected (painted >4 feet) Median",,,,,Pedestrian,Pedestrian,,,,N,Level,Straight,Straight Ahead,Traffic Control Signal,No Special Function,None,,
26261136,2024,1,MIAMI,FL,33175,N,Vehicle in Transport,FL,,N,2017,GMC,,TK,WHI,Minor,500,N,Driver,N,Unknown,S MIAMI PL/ SW 6TH STREET,5,30,2,,,,,Rear Left Bumper,Rear Left Bumper,Pickup,"Two-Way, Not Divided",,,,,Motor Vehicle in Transport,Motor Vehicle in Transport,,,,N,Level,Straight,Straight Ahead,No Controls,No Special Function,None,,
26261142,2024,1,BOLINGBROOK,IL,60440,N,Vehicle in Transport,IL,,N,2013,HYUND,,4D,GRY,Minor,500,N,Driver,N,Off-Road,1420 NW NORTH RIVER DR,5,30,2,,,,,Rear Center Bumper,Rear Center Bumper,Passenger Car,"Two-Way, Not Divided",,,,,Motor Vehicle in Transport,Motor Vehicle in Transport,,,,N,Level,Straight,Backing,No Controls,No Special Function,Unknown,,
26261142,2024,2,MIAMI,FL,331252501,N,Vehicle in Transport,FL,,N,2024,TAIZH,,MS,BLK,Minor,500,N,Driver,N,Off-Road,1420 NW NORTH RIVER DR,0,30,2,,,,,Front Center Bumper,Front Center Bumper,Motorcycle,"Two-Way, Not Divided",,,,,Motor Vehicle in Transport,Motor Vehicle in Transport,,,,N,Level,Straight,Parked,No Controls,No Special Function,Unknown,,
26261279,2024,1,MIAMI,FL,33132,N,Vehicle in Transport,FL,,N,2004,FORD,,CV,MAR,Minor,300,N,Driver,N,East,NE 20TH TER,15,30,2,,,,,Right Front Fender,Right Front Fender,Passenger Car,"Two-Way, Not Divided",,,,,Motor Vehicle in Transport,Motor Vehicle in Transport,,,,N,Level,Straight,Straight Ahead,Stop Sign,No Special Function,None,,
26261369,2024,1,MIAMI BEACH,FL,33139,N,Vehicle in Transport,FL,,N,2001,TOYT,,4D,TAN,None,0,N,Driver,N,North,BISCAYNE BLVD,,30,2,,,,,Front Center Bumper,Front Center Bumper,Passenger Car,"Two-Way, Not Divided",,,,,Motor Vehicle in Transport,Motor Vehicle in Transport,,,,N,Level,Straight,Straight Ahead,No Controls,No Special Function,None,,
26261928,2024,1,MIAMI,FL,33176,N,Vehicle in Transport,FL,,N,2018,NISS,,UT,WHI,Minor,400,N,Driver,N,East,NE 36 ST,45,45,4,,,,,Front Center Bumper,Front Center Bumper,Passenger Car,"Two-Way, Not Divided",,,,,Motor Vehicle in Transport,Motor Vehicle in Transport,,,,N,Level,Straight,Straight Ahead,Traffic Control Signal,No Special Function,None,,
26262431,2024,1,MIAMI,FL,33125,N,Vehicle in Transport,FL,,N,2013,DODGE,,TK,BLK,Minor,1000,N,Driver,N,South,NW 9TH AVE,15,25,2,,,,,Left Front Fender,Left Front Fender,Pickup,"Two-Way, Not Divided",,,,,Motor Vehicle in Transport,Motor Vehicle in Transport,,,,N,Level,Straight,Straight Ahead,Stop Sign,No Special Function,None,,
26262916,2024,1,HOUSTON,TX,77099,N,Vehicle in Transport,TX,,N,2019,BMW,,CV,,Minor,500,N,Driver,N,North,BRICKELL AVE,20,20,6,,,,,Front Center Bumper,Front Center Bumper,Passenger Car,"Two-Way, Not Divided",,,,,Motor Vehicle in Transport,Motor Vehicle in Transport,,,,N,Level,Straight,Straight Ahead,Traffic Control Signal,No Special Function,None,,
26262940,2024,1,MIAMI,FL,33169,N,Vehicle in Transport,FL,,N,2020,HOND,,4D,GRY,Minor,500,N,Driver,N,South,NW 1ST AVE,30,35,2,,,,,Right Front Fender,Right Front Fender,Passenger Car,"Two-Way, Not Divided",,,,,Motor Vehicle in Transport,Motor Vehicle in Transport,,,,N,Level,Straight,Straight Ahead,No Controls,No Special Function,None,,
26263015,2024,1,DORAL,FL,33122,N,Vehicle in Transport,FL,,N,2021,TOYT,,4D,BLK,None,0,N,Driver,N,Off-Road,PARKING LOT,0,10,2,,,,,Right Front Fender,Right Front Fender,Passenger Car,"Two-Way, Not Divided",,,,,Motor Vehicle in Transport,Motor Vehicle in Transport,,,,N,Level,Straight,Stopped in Traffic,Stop Sign,No Special Function,None,,
26263075,2024,1,HIALEAH,FL,33018,N,Vehicle in Transport,FL,,N,2016,CHEV,,UT,BLU,Disabling,2024,Y,Rotation,N,West,NW 58TH ST,35,30,2,,,,,Front Left Bumper,Windshield,(Sport) Utility Vehicle,"Two-Way, Not Divided",,,,,Motor Vehicle in Transport,Motor Vehicle in Transport,,,,N,Level,Straight,Straight Ahead,No Controls,No Special Function,None,,
26263317,2024,1,MIAMI,FL,33309,N,Vehicle in Transport,FL,,N,1999,TOYT,,4D,GRN,Minor,200,N,Driver,N,East,SW 4TH ST,,,2,,,,,Front Right Bumper,Front Right Bumper,Passenger Car,"Two-Way, Not Divided",,,,,Motor Vehicle in Transport,Motor Vehicle in Transport,,,,N,Level,Straight,Straight Ahead,Stop Sign,No Special Function,None,,
26263806,2024,1,MIAMI,FL,33132,N,Vehicle in Transport,FL,,Y,2024,BMW,,UT,GRY,Minor,0,N,Driver,N,,,,,,,,,,Left Front Fender,Left Front Fender,(Sport) Utility Vehicle,"Two-Way, Not Divided",,,,,Pedalcycle,Pedalcycle,,,,N,Level,Straight,Straight Ahead,No Controls,No Special Function,None,,
26264792,2024,1,MIAMI,FL,33126,N,Vehicle in Transport,FL,,N,2011,TOYT,,4D,SIL,Minor,200,N,Driver,N,South,4307 NW 3RD ST,15,35,2,,,,,Left Rear Fender,Left Rear Fender,(Sport) Utility Vehicle,"Two-Way, Not Divided",,,,,Motor Vehicle in Transport,Motor Vehicle in Transport,,,,N,Level,Straight,Backing,Traffic Control Signal,No Special Function,None,,
26265275,2024,1,MIAMI,FL,33129,N,Vehicle in Transport,FL,,N,2014,DODG,,SU,YEL,None,0,N,Driver,N,East,NE 2 AVE,15,30,2,,,,,Right Rear Fender,Right Rear Fender,Other,One-Way Trafficway,,,,,Motor Vehicle in Transport,Motor Vehicle in Transport,,,,N,Level,Straight,Turning Right,Traffic Control Signal,Taxi,None,,
26265462,2024,1,FORT LAUDERDALE,FL,33304,N,Vehicle in Transport,FL,,N,2016,CHEV,,VN,WHI,None,0,N,Driver,N,East,SW 8 STREET,10,30,3,,,,,Front Center Bumper,Front Center Bumper,Passenger Van,One-Way Trafficway,,,,,Pedalcycle,Motor Vehicle in Transport,Pedalcycle,,,N,Level,Straight,Turning Left,Traffic Control Signal,No Special Function,None,,
26265704,2024,1,MIAMI,FL,33126,N,Vehicle in Transport,FL,,N,2021,HOND,,4D,WHI,Minor,1000,N,Driver,N,South,BISCAYNE BLVD,30,30,2,,,,,Front Center Bumper,Front Center Bumper,Passenger Car,"Two-Way, Not Divided",,,,,Motor Vehicle in Transport,Motor Vehicle in Transport,,,,N,Level,Straight,Straight Ahead,No Controls,No Special Function,None,,
26265727,2024,1,MIAMI,FL,33142,N,Vehicle in Transport,FL,,N,2014,HYUN,,4D,BRZ/BRZ,Minor,500,N,Driver,N,West,SE 2ND STREET,15,30,4,,,,,Front Left Bumper,Windshield,Passenger Car,One-Way Trafficway,,,,,Motor Vehicle in Transport,Motor Vehicle in Transport,,,,N,Level,Straight,Straight Ahead,Traffic Control Signal,No Special Function,None,,
26265820,2024,1,MIAMI,FL,33135,N,Vehicle in Transport,FL,,N,2014,CHEV,,4D,BLK,Minor,3500,N,Driver,N,South,SW 17TH AVE,10,30,4,,,,,Right Rear Door,Right Rear Fender,Passenger Car,"Two-Way, Not Divided, with a Continuous Left Turn Lane",,,,,Motor Vehicle in Transport,Motor Vehicle in Transport,,,,N,Level,Straight,Turning Left,No Controls,No Special Function,None,,
26266128,2024,1,MIAMI,FL,33138,N,Vehicle in Transport,FL,,Y,2010,NISS,,2D,BLK,Functional,1000,N,Driver,N,East,NE 75TH ST,30,30,2,,,,,Front Center Bumper,Front Center Bumper,Passenger Car,"Two-Way, Not Divided",,,,,Pedestrian,Pedestrian,,,,N,Level,Straight,Straight Ahead,Stop Sign,Unknown,Unknown,Unknown,
26266153,2024,1,MIAMI BEACH,FL,33139,N,Vehicle in Transport,FL,,N,2022,ISU,MPRXD,TK,WHI,Minor,100,N,Driver,N,South,NE 1 AVENUE,2,20,2,,,,,Rear Center Bumper,Rear Center Bumper,"Medium/Heavy Trucks (more than 10,000 lbs (4,536 kg))","Two-Way, Not Divided",,,,Not Applicable,Motor Vehicle in Transport,Motor Vehicle in Transport,,,,N,Level,Straight,Backing,Stop Sign,No Special Function,None,,Y
26266153,2024,2,MIAMI,FL,33137,N,Parked Motor Vehicle,FL,,N,2018,YAMA,,MS,RED,Functional,600,N,Owner Request,N,North,NE 1 AVE,1,20,2,,,,,Front Center Bumper,Left Front Fender,Moped,"Two-Way, Not Divided",,,,,Motor Vehicle in Transport,Motor Vehicle in Transport,,,,N,Level,Straight,Parked,Stop Sign,No Special Function,None,,
26266530,2024,1,CORAL GABLES,FL,33134,N,Vehicle in Transport,FL,,N,2020,PORS,,UT,SIL,Minor,0,N,Driver,N,South,SW 6 ST,,30,2,,,,,Left Front Door,Left Front Fender,(Sport) Utility Vehicle,One-Way Trafficway,,,,,Motor Vehicle in Transport,Motor Vehicle in Transport,,,,N,Level,Straight,Straight Ahead,Stop Sign,No Special Function,None,,
26266932,2024,1,HIALEAH,FL,33010,N,Vehicle in Transport,FL,,N,2025,GENES,,UT,BLACK - BLK,Functional,1000,N,Driver,N,North,NW 2 AVE,,30,2,,,,,Right Front Door,Right Front Door,(Sport) Utility Vehicle,"Two-Way, Not Divided",,,,,Pedestrian,Pedestrian,,,,N,Level,Straight,Turning Right,No Controls,No Special Function,Unknown,,
26267968,2024,1,MIAMI,FL,33128,N,Vehicle in Transport,FL,,N,2019,TOYOT,,PK,BLACK - BLK,None,0,N,Driver,N,West,FLAGLER STREET,20,30,3,,,,,Right Front Fender,Right Front Fender,Pickup,"Two-Way, Not Divided",,,,,Pedalcycle,Pedalcycle,,,,N,Level,Straight,Turning Right,No Controls,No Special Function,None,,
26268071,2024,1,MIAMI,FL,33147,N,Vehicle in Transport,FL,,N,1998,FORD,,PK,WHI,None,200,N,Driver,N,North,NW 3 AVE,,,3,,,,,Front Left Bumper,Front Left Bumper,Pickup,"Two-Way, Not Divided",,,,,Motor Vehicle in Transport,Motor Vehicle in Transport,,,,N,Level,Straight,Making U-Turn,No Controls,No Special Function,None,,
26268157,2024,1,MIAMI,FL,33142,N,Vehicle in Transport,FL,,N,2017,NISS,,4D,SIL,Functional,500,N,Driver,N,West,SW 8TH ST,,,2,,,,,Front Center Bumper,Front Center Bumper,Passenger Car,"Two-Way, Not Divided",,,,,Motor Vehicle in Transport,Motor Vehicle in Transport,,,,N,Level,Straight,Turning Left,Other,No Special Function,"Body, Doors",,
26269045,2024,1,SAN FRANCISCO,CA,94158,N,Vehicle in Transport,FL,,N,2022,TESL,,4D,SIL,Minor,1000,N,Driver,N,South,PARKING GARAGE 701 S MIAMI AVE,5,15,2,,,,,Right Front Fender,Right Front Fender,Passenger Car,"Two-Way, Not Divided",,,,,Motor Vehicle in Transport,Motor Vehicle in Transport,,,,N,Level,Straight,Entering Traffic Lane,Traffic Control Signal,No Special Function,None,,
26270547,2024,1,NORTH MIAMI,FL,33161,N,Vehicle in Transport,FL,,N,2019,CHEV,,UT,GRY,None,0,N,Driver,N,South,N MIAMI AV,0,30,2,,,,,Left Front Door,Left Front Door,Passenger Car,One-Way Trafficway,,,,,Parked Motor Vehicle,Parked Motor Vehicle,,,,N,Level,Straight,Parked,No Controls,No Special Function,None,,
26271435,2024,1,MIAMI,FL,331353546,N,Vehicle in Transport,FL,,N,2019,HONDA,,UT,RED - RED,Functional,1000,N,Driver,N,East,NW 17TH ST,,30,2,,,,,Left Front Fender,Left Front Fender,(Sport) Utility Vehicle,"Two-Way, Not Divided",,,,,Motor Vehicle in Transport,Motor Vehicle in Transport,,,,N,Level,Straight,Turning Left,No Controls,No Special Function,Unknown,,
26271457,2024,1,MIAMI,FL,33138,N,Vehicle in Transport,FL,,N,2022,TOYT,,4D,SIL,Minor,1000,N,Driver,N,East,NE 61ST ST,10,30,2,,,,,Front Center Bumper,Front Center Bumper,Passenger Car,"Two-Way, Not Divided",,,,,Pedestrian,Pedestrian,,,,N,Level,Straight,Turning Left,No Controls,No Special Function,None,,
26272628,2024,1,WOODSIDE,NY,11377,N,Vehicle in Transport,TX,,N,2019,HYUN,,4D,SIL COM,None,0,N,Driver,N,East,NE 20 ST,2,35,2,,,,,Front Center Bumper,Front Center Bumper,Passenger Car,"Two-Way, Not Divided",,,,,Motor Vehicle in Transport,Motor Vehicle in Transport,,,,N,Level,Straight,Turning Right,Traffic Control Signal,No Special Function,None,,
26273375,2024,1,,,,N,,,,Y,,UK,UNKNOWN,UNKNOWN,UNKNOWN,Unknown,0,N,,N,,,,,,,,,,Right Rear Fender,Right Rear Fender,"Medium/Heavy Trucks (more than 10,000 lbs (4,536 kg))","Two-Way, Not Divided",,,,Not Applicable,Motor Vehicle in Transport,Motor Vehicle in Transport,,,,,Level,Straight,Unknown,No Controls,Unknown,Unknown,,Y
26277514,2024,1,MOUNT DORA,FL,32757,N,Vehicle in Transport,FL,,N,2023,RIVA,,VN,BLU,Minor,1000,N,Driver,N,North,PEAR LAKE RD,5,35,5,,,,,Right Front Fender,Right Front Fender,"Cargo Van (10,000 lbs (4,536 kg) or less)","Two-Way, Not Divided, with a Continuous Left Turn Lane",,,,Not Applicable,Motor Vehicle in Transport,Motor Vehicle in Transport,,,,N,Level,Straight,Turning Right,No Controls,No Special Function,None,,N
26278098,2024,1,EUSTIS,FL,32726,N,Vehicle in Transport,FL,,N,2014,CHEV,,UT,SIL,Minor,100,N,Driver,N,South,KENSINGTON ST,20,25,2,,,,,Front Right Bumper,Front Right Bumper,(Sport) Utility Vehicle,"Two-Way, Not Divided",,,,,Motor Vehicle in Transport,Motor Vehicle in Transport,,,,N,Level,Straight,Straight Ahead,No Controls,No Special Function,None,,
26279009,2024,1,FORT WALTON BEACH,FL,32547,N,Vehicle in Transport,FL,,N,2021,KIA,,UT,BLU,Minor,100,N,Driver,N,North,SOUTH GERONIMO STREET,3,15,2,,,,,Front Right Bumper,Front Right Bumper,Passenger Car,"Two-Way, Not Divided",,,,,Motor Vehicle in Transport,Motor Vehicle in Transport,,,,N,Level,Straight,Turning Right,Traffic Control Signal,No Special Function,None,,
26279079,2024,1,UNKNOWN,FL,00000,N,Vehicle in Transport,,,Y,,TOYOT,,TK,GRY,Unknown,0,N,Other,N,South,US HWY 98,15,45,3,,,,,Front Right Bumper,Front Right Bumper,Pickup,One-Way Trafficway,,,,,Pedalcycle,Curb,Pedalcycle,Other Non-Collision,,N,Level,Straight,Unknown,No Controls,Unknown,Unknown,Unknown,
26279109,2024,1,PANAMA CITY BEACH,FL,32407,N,Vehicle in Transport,FL,,N,2023,CHRY,,VN,SIL,Minor,500,N,Driver,N,South,US HIGHWAY 98 WEST,5,45,3,,,,,Front Center Bumper,Front Center Bumper,Passenger Car,"Two-Way, Not Divided",,,,,Motor Vehicle in Transport,Motor Vehicle in Transport,,,,N,Level,Straight,Turning Right,Stop Sign,No Special Function,None,,
26279427,2024,1,LUBBOCK,FL,79423,N,Vehicle in Transport,TX,,N,2013,FORD,,PK,BLK/S,Minor,100,N,Driver,N,North,S RIDGEWOOD AV,30,55,4,,,,,Left Rear Door,Left Rear Door,Pickup,"Two-Way, Divided, Unprotected (painted >4 feet) Median",,,,,Pedalcycle,Pedalcycle,,,,N,Level,Straight,Turning Right,No Controls,No Special Function,None,,
26279552,2024,1,PORT ORANGE,FL,32129,N,Vehicle in Transport,FL,,N,2017,NISS,,4D,SIL,Minor,500,N,Driver,N,South,TRAVELERS PALM DR / 30TH ST,5,30,2,,,,,Left Front Fender,Left Front Fender,Passenger Car,"Two-Way, Not Divided",,,,,Pedalcycle,Pedalcycle,,,,N,Level,Straight,Turning Left,No Controls,No Special Function,None,,
26282160,2024,1,,,,N,Vehicle in Transport,,N,Y,,,,PK,WHI,Unknown,0,N,,N,North,,3,15,2,,,,,Front Center Bumper,Front Center Bumper,Pickup,"Two-Way, Not Divided",,,,,Motor Vehicle in Transport,Motor Vehicle in Transport,,,,N,Level,Straight,Turning Right,Stop Sign,No Special Function,None,,
26283797,2024,1,NORWALK,CT,06851,N,Vehicle in Transport,CT,N,N,2009,TOYOT,,2DR,BLU,None,0,N,,N,South,US HIGHWAY 1 (STATE ROAD 5),15,45,4,,,,,Front Center Bumper,Front Center Bumper,Passenger Car,"Two-Way, Not Divided, with a Continuous Left Turn Lane",,,,,Other Non-Fixed Object,Other Non-Fixed Object,,,,N,Level,Straight,Turning Right,No Controls,No Special Function,None,,
26284103,2024,1,TAMPA,FL,33614-2084,N,Vehicle in Transport,FL,N,N,2005,TOYT,,4D,WHI,Functional,1000,N,,N,North,GODDARD DRIVE,15,15,2,,,,,Right Front Fender,Hood,Passenger Car,"Two-Way, Not Divided",,,,,Pedalcycle,Pedalcycle,,,,N,Level,Straight,Straight Ahead,No Controls,No Special Function,None,,
26289271,2024,1,ORLANDO,FL,32806-3200,N,Vehicle in Transport,FL,N,N,2008,KIA,,4D,BLU,Minor,1000,N,,N,South,BROWN AVENUE,,25,2,,,,,Front Center Bumper,Front Center Bumper,Passenger Car,"Two-Way, Not Divided",,,,,Pedestrian,Pedestrian,,,,N,Level,Straight,Turning Right,Stop Sign,No Special Function,None,,
26289282,2024,1,TORONTO,ON,M9A 0A6,N,Vehicle in Transport,FF,N,N,2023,ACUR,,UT,GRY,Minor,500,N,,N,West,COUNTY ROAD 15 (NARCOOSSEE ROAD),5,45,4,,,,,Front Center Bumper,Front Center Bumper,(Sport) Utility Vehicle,"Two-Way, Divided, Positive Median Barrier",,,,,Pedalcycle,Pedalcycle,,,,N,Level,Straight,Turning Right,Stop Sign,No Special Function,None,,
26292539,2024,1,SEFFNER,FL,33584-5718,N,Vehicle in Transport,FL,N,N,2006,HD,,MC,BLK,Functional,2500,N,,N,North,US-301,15,50,6,,,,,Front Center Bumper,Left Front Door,Motorcycle,"Two-Way, Divided, Positive Median Barrier",,,,,Pedalcycle,Pedalcycle,,,,N,Level,Straight,Straight Ahead,Traffic Control Signal,No Special Function,None,,
26294288,2024,1,,,,N,Vehicle in Transport,,N,Y,,,,4D,BLK,Functional,500,N,,N,West,12412 US-19 U-HAUL DRIVEWAY,5,10,2,,,,,Right Front Door,Right Front Door,Passenger Car,"Two-Way, Not Divided",,,,,Pedalcycle,Pedalcycle,,,,N,Level,Straight,Other,No Controls,No Special Function,None,,
26297580,2024,1,WINTER GARDEN,FL,34787-0000,N,Vehicle in Transport,FL,N,N,2023,TOYT,,UT,WHI,Minor,500,N,,N,South,6201 WINTER GARDEN VINELAND RD,3,15,4,,,,,Front Center Bumper,Front Center Bumper,(Sport) Utility Vehicle,"Two-Way, Divided, Positive Median Barrier",,,,,Pedalcycle,Pedalcycle,,,,N,Level,Straight,Turning Right,Stop Sign,No Special Function,None,None,
26297923,2024,1,ORLANDO,FL,32828-0000,N,Vehicle in Transport,FL,N,N,2024,MAZD,,UT,BLK,Minor,500,N,,N,West,TIMBER SPRINGS BOULEVARD,5,35,4,,,,,Right Front Fender,Right Front Fender,(Sport) Utility Vehicle,"Two-Way, Divided, Positive Median Barrier",,,,,Motor Vehicle in Transport,Motor Vehicle in Transport,,,,N,Level,Straight,Turning Left,Stop Sign,No Special Function,None,,
26299887,2024,1,UNK,UK,00000,N,Vehicle in Transport,UK,N,Y,,UNK,,UNK,UNK,Unknown,0,N,,N,North,TONKA TERRACE,35,35,2,,,,,Front Center Bumper,Front Center Bumper,Unknown,"Two-Way, Not Divided",,,,,Pedestrian,Pedestrian,,,,N,Level,Straight,Turning Left,Stop Sign,No Special Function,None,,
26300359,2024,1,,,,N,Vehicle in Transport,UK,N,Y,,,,,,Unknown,0,N,,N,North,STATE ROAD 535,10,45,6,,,,,,,,"Two-Way, Divided, Positive Median Barrier",,,,,Pedalcycle,Pedalcycle,,,,N,Level,Straight,Unknown,No Controls,No Special Function,None,,
26300716,2024,1,PENSACOLA,FL,32506-7613,N,Vehicle in Transport,FL,N,N,2012,HYUN,,UT,SIL,Minor,50,N,,N,East,E TEXAR DR,5,35,4,,,,,Left Front Fender,Left Front Fender,(Sport) Utility Vehicle,"Two-Way, Not Divided, with a Continuous Left Turn Lane",,,,,Pedestrian,Pedestrian,,,,N,Level,Straight,Turning Left,Traffic Control Signal,No Special Function,None,,
26301254,2024,1,PALM HARBOR,FL,34683,N,Vehicle in Transport,FL,N,N,2012,TOYT,,2D,YEL,Minor,500,N,,N,East,SLY FOX RUN,2,15,2,,,,,Front Center Bumper,Front Center Bumper,Passenger Car,"Two-Way, Divided, Positive Median Barrier",,,,,Pedalcycle,Pedalcycle,,,,N,Level,Straight,Turning Right,Stop Sign,No Special Function,None,,
26301329,2024,1,PALM HARBOR,FL,34685-0000,N,Vehicle in Transport,FL,N,N,2019,JAGU,,UT,GRY,Minor,2000,Y,Rotation,N,West,BRYAN LN,30,30,2,,,,,Front Right Bumper,Front Right Bumper,Passenger Car,"Two-Way, Not Divided",,,,,Pedalcycle,Pedalcycle,,,,N,Level,Straight,Straight Ahead,No Controls,No Special Function,None,,
26301332,2024,1,PALM HARBOR,FL,34685,N,Vehicle in Transport,FL,N,N,2019,JAGU,,UT,GRY,Minor,2000,Y,Rotation,N,West,BRYAN LN,30,30,2,,,,,Front Right Bumper,Front Right Bumper,Passenger Car,"Two-Way, Not Divided",,,,,Pedalcycle,Pedalcycle,,,,N,Level,Straight,Straight Ahead,No Controls,No Special Function,None,,
26302823,2024,1,PORT RICHEY,FL,34668-0000,N,Vehicle in Transport,FL,N,N,2012,TOYOT,,4D,WHI,Minor,50,N,,N,North,MEADOW DRIVE,5,20,2,,,,,Right Rear Fender,Right Rear Fender,Passenger Car,"Two-Way, Divided, Positive Median Barrier",,,,,Pedalcycle,Pedalcycle,,,,N,Level,Straight,Turning Right,Stop Sign,No Special Function,None,,
26303594,2024,1,LAWRENCEVILLE,GA,30044-6420,N,Vehicle in Transport,GA,N,N,2023,JEEP,,UT,BLK,Minor,2000,N,,N,West,STATE ROAD 586 (CURLEW RD),25,45,6,,,,,Front Center Bumper,Front Center Bumper,(Sport) Utility Vehicle,"Two-Way, Divided, Positive Median Barrier",,,,,Pedalcycle,Pedalcycle,,,,N,Level,Straight,Turning Right,Traffic Control Signal,No Special Function,None,,
26303856,2024,1,WINDERMERE,FL,34786-0000,N,Vehicle in Transport,FL,N,N,2023,HYUN,,UT,WHI,Functional,1000,N,,N,North,IRON MOUNTAIN TRAIL,10,15,2,,,,,Windshield,Windshield,(Sport) Utility Vehicle,"Two-Way, Not Divided",,,,,Pedalcycle,Pedalcycle,,,,N,Level,Straight,Turning Left,No Controls,No Special Function,None,,
26305812,2024,1,ORLANDO,FL,32833-4326,N,Vehicle in Transport,FL,N,N,1996,BMW,,4D,BLK,Disabling,6000,Y,Rotation,N,East,STATE ROAD 50 (EAST COLONIAL DRIVE),90,45,4,,,,,Front Right Bumper,Front Right Bumper,Passenger Car,"Two-Way, Divided, Positive Median Barrier",,,,,Pedalcycle,Pedalcycle,,,,N,Level,Straight,Straight Ahead,No Controls,No Special Function,None,,
26305826,2024,1,KISSIMMEE,FL,34743-0000,N,Vehicle in Transport,FL,N,N,2023,HYUN,,4D,SIL,Minor,50,N,,N,South,MOONGLOW BOULEVARD,5,25,2,,,,,Front Right Bumper,Front Right Bumper,Passenger Car,"Two-Way, Not Divided",,,,,Pedestrian,Pedestrian,,,,N,Level,Straight,Straight Ahead,Stop Sign,No Special Function,None,,
26312626,2024,1,COCOA,FL,32922-0000,N,Vehicle in Transport,FL,N,N,2020,CHEV,,UT,WHI,Minor,250,N,,N,West,RANGE ROAD,15,35,2,,,,,Front Center Bumper,Front Center Bumper,(Sport) Utility Vehicle,"Two-Way, Not Divided",,,,,Pedestrian,Pedestrian,Pedestrian,,,N,Level,Straight,Straight Ahead,No Controls,No Special Function,None,,
26315090,2024,1,MIAMI,FL,33138-0000,N,Vehicle in Transport,FL,N,N,2015,TOYT,,4D,GRY,Minor,50,N,,N,North,INTERSTATE 95 NB EXIT RAMP,5,65,4,,,,,Right Rear Door,Right Rear Door,Passenger Car,One-Way Trafficway,,,,,Pedestrian,Pedestrian,,,,N,Level,Straight,Other,Traffic Control Signal,No Special Function,None,,
26316516,2024,1,HUDSON,FL,34667-2619,N,Vehicle in Transport,FL,N,N,2009,CHRY,,4D,BLK,Functional,500,N,,N,South,MAPLETON LN,20,20,2,,,,,Front Center Bumper,Front Center Bumper,Passenger Car,"Two-Way, Not Divided",,,,,Pedestrian,Pedestrian,,,,N,Level,Straight,Straight Ahead,No Controls,No Special Function,None,,
