REPORT_NUMBER,CRASH_YEAR,PERSON_NUMBER,STATUTE_NUMBER,CHARGE,CITATION_NUMBER
26219246,2024,1,316.1925,CARELESS DRIVING,AJJQPTE
26219246,2024,1,322.03(1),NO DRIVER LICENSE - NEVER HAD ONE ISSUED (IF VALID AT TIME C,AJJQPUE
26219550,2024,1,316.1925(1),CARELESS DRIVING,AJJRFFE
26317545,2024,1,316.130(7)(c),FAILED TO YIELD RIGHT-OF-WAY TO PEDESTRIAN AT CROSSWALK WITH,AIVZOIE
26243033,2024,1,316-130/7A,DRIVER OF VEH AT INTERSECTION TO STOP FOR PEDESTRIAN,/
26244545,2024,1,316-130/10,PEDESTRIAN SHALL YEILD RIGHT OF WAY TO VEHICLE UPON ROADWAY,AJKAQXE
26244661,2024,1,316-1925,CARELESS DRIVING,AJKAVWE
26244968,2024,1,322-34/2,DWLSR WITH KNOWLEDGE,AJKB8IE
26244968,2024,1,320-07/3A,EXPIRED TAG - LESS THAN 6 MONTHS,AJKB8JE
26245881,2024,1,316-1925,CARELESS DRIVING,AJKC00E
26246735,2024,1,316-130/1,PEDESTRIAN SHALL OBEY OFFICIAL TRAFFIC CONTROL DEVICE,AJKCR1E
26252356,2024,1,316.1925(1),CARELESS DRIVING,AK5JHZE
26259125,2024,3,316.2065(1),VIOLATION BICYCLE REGULATIONS,AA3AVRE
26260661,2024,1,316.1925(1),CARELESS DRIVING,AI728WE
26260661,2024,1,322.34(2),DWLS - OPERATING WHILE DL SUSPENDED/CANCELED/REVOKED (SPECIF,AI728YE
26260661,2024,1,316.646(1),"NO PROOF OF INSURANCE(IF VALID AT TIME CITATION WAS ISSUED,",AI7292E
26260993,2024,1,320.07(3)(a),REGISTRATION - OPERATING A MOTOR VEHICLE/USING A MOBILE HOME,AI73AOE
26260993,2024,1,320.0605,REGISTRATION - FAIL TO DISPLAY REGISTRATION/TEMPORARY INTERN,AI73B1E
26260993,2024,1,320.02(1),REGISTRATION - NO MOTOR VEHICLE REGISTRATION - SEE 320.37 FO,AI73AKE
26261142,2024,1,316.1985(1),BACKING - IMPROPER,AI73USE
26261279,2024,1,316.1925,CARELESS DRIVING,AI741IE
26261279,2024,1,322.1615(2)(c),DL - LEARNER'S DRIVER LICENSE VIOLATION RESTRICTION - PERSON,AI741KE
26261369,2024,1,316.075(1)(a)1,FAILED TO YIELD RIGHT-OF-WAY TO PEDESTRIAN,AI7483E
26261928,2024,1,316.130(10),PEDESTRIAN FAILED TO YIELD TO TRAFFIC,AJKTS4E
26262431,2024,2,316.130(8),PEDESTRIAN LEAVE PLACE OF SAFETY AND ENTER PATH OF VEHICLE,AJKV4ME
26262916,2024,1,316.1925,CARELESS DRIVING,AJKWZNE
26262940,2024,2,316.130(10),PEDESTRIAN FAILED TO YIELD TO TRAFFIC,AJKX28E
26263806,2024,1,316.1925(1),CARELESS DRIVING,AJQ7N1E
26263806,2024,1,316.027(2)(b),CRASH - LEAVING SCENE ON PUBLIC OR PRIVATE PROPERTY WITHOUT,AJQ7N3E
26265275,2024,3,316.183(1),FAILED TO USE DUE CARE,AJQ959E
26265704,2024,1,316.1925(1),CARELESS DRIVING,AJS3ETE
26265727,2024,2,316.074(1),FAIL TO OBEY TRAFFIC CONTROL SIGNAL (FAILED TO STOP AT TRAFF,AJS3KYE
26266153,2024,1,316.0895,FOLLOWING TOO CLOSELY,AJS56ME
26266530,2024,1,316.123(2)(a),RAN STOP SIGN/VIOLATION OF RIGHT OF WAY FROM STOP SIGN,AJVRMME
26266932,2024,2,316.183(1),FAILED TO USE DUE CARE,AJVSWWE
26268157,2024,1,316.122,FAILED TO YIELD - TO ONCOMING TRAFFIC/VEHICLE PASSING ON LEF,AJZD3JE
26269045,2024,1,316.075(1)(c)2a,"STEADY RED LIGHT, FAILED TO YIELD TO PEDESTRIAN",AJZFZVE
26271435,2024,1,316.151(1)(b),IMPROPER LEFT TURN,AK618WE
26271457,2024,1,316.151(1)(b),IMPROPER LEFT TURN,AK61AYE
26272628,2024,1,316.1925,CARELESS DRIVING,AKCW3PE
26279427,2024,1,316.646(4),INSURANCE - MISREPRESENTATION OF INSURANCE,AJOL5TE
26279427,2024,1,320.38,NONRESIDENT TAG EXEMPTION NOT ALLOWED. (FLORIDA TAG REQUIRED,AJOL5UE
26283797,2024,1,316.090(1),DRIVING ON WRONG SIDE OF DIVIDED HIGHWAY,AI4QPDE
26297580,2024,1,316.130(7)(c),FAILED TO YIELD RIGHT-OF-WAY TO PEDESTRIAN AT CROSSWALK WITH,AIVJXZE
26301329,2024,1,316.1925(1),CARELESS DRIVING,ACVJVAE
26303594,2024,1,316.075(1)(a)1,FAILED TO YIELD RIGHT-OF-WAY TO PEDESTRIAN,AIXERJE
26312626,2024,1,316.125(2),FAILED TO YIELD/STOP AT SIDEWALK - FROM ALLEY/BLDG. /PRIVATE,AIXEXSE
26315090,2024,1,322.19(2),FAIL TO CHANGE ADDRESS ON DL,AIVYYVE
26315090,2024,1,316.130(15),FAILED TO USE DUE CARE TOWARD PEDESTRIAN,AIVYYWE
