REPORT_NUMBER,CRASH_YEAR,CRASH_DATE_AND_TIME,REPORT_DATE_AND_TIME,INVESTIGATING_AGENCY_REPORT_NUMBER,FORM_TYPE,TOTAL_NUMBER_OF_VEHICLES,TOTAL_NUMBER_OF_PERSONS,COUNTY_CODE,CITY_CODE,COUNTY_NAME,CITY_NAME,RURAL_OR_URBAN,NOTIFIED_TIME,DISPATCHED_TIME,ARRIVED_TIME,CLEARED_TIME,COMPLETED_FLAG,NOTIFIED_BY,ON_STREET_ROAD_HIGHWAY,STREET_ADDRESS_NUMBER,LATITUDE,LONGITUDE,FEET_FROM_INTERSECTION,DIRECTION_FROM_INTERSECTION,FROM_INTERSECTION_OF,MILEPOST_NUMBER,ROAD_SYSTEM_IDENTIFER,TYPE_OF_SHOULDER,TYPE_OF_INTERSECTION,PHOTOS_TAKEN,LIGHT_CONDITION,WEATHER_CONDITION,ROAD_SURFACE_CONDITION,SCHOOL_BUS_RELATED_CODE,TYPE_OF_IMPACT,FIRST_HARMFUL_EVENT,LOCATION,INTERCHANGE_FLAG,JUNCTION_FLAG,ROAD_CIRCUMSTANCES_1,ROAD_CIRCUMSTANCES_2,ROAD_CIRCUMSTANCES_3,ENVIRONMENT_CIRCUMSTANCES_1,ENVIRONMENT_CIRCUMSTANCES_2,ENVIRONMENT_CIRCUMSTANCES_3,WORK_ZONE_RELATED_FLAG,CRASH_IN_WORK_ZONE,TYPE_OF_WORK_ZONE,WORKERS_PRESENT,LAW_ENFORCEMENT_PRESENT,INVESTIGATOR_RANK,INVESTIGATING_AGENCY_NAME,INVESTIGATING_AGENCY_TYPE,LOAD_DATE,UPDATE_DATE,DAYS_TO_LOAD,CODEABLE,S4_CRASH_TYPE,S4_CRASH_TYPE_SIMPLIFIED,S4_CRASH_SEVERITY,S4_CRASH_SEVERITY_DETAIL,S4_DAY_OR_NIGHT,S4_IS_AGGRESSIVE_DRIVING,S4_IS_ALCOHOL_RELATED,S4_IS_CMV_INVOLVED,S4_IS_DISTRACTED,S4_IS_DRUG_RELATED,S4_IS_HIT_AND_RUN,S4_IS_INTERSECTION_RELATED,S4_IS_LANE_DEPARTURE_RELATED,S4_IS_SPEEDING_RELATED,S4_NONE_INJURY_COUNT,S4_INJURY_COUNT,S4_POSSIBLE_INJURY_COUNT,S4_NON_INCAPACITATING_INJURY_COUNT,S4_INCAPACITATING_INJURY_COUNT,S4_FATALITY_COUNT,S4_FATALITY_WITHIN_30_DAYS_COUNT,S4_NON_TRAFFIC_FATALITY_COUNT,S4_TRAILER_COUNT,S4_MOTORCYCLE_COUNT,S4_MOPED_COUNT,S4_NON_MOTORIST_COUNT,S4_BICYCLIST_COUNT,S4_PEDESTRIAN_COUNT,S4_DRIVER_COUNT,S4_AGING_DRIVER_COUNT,S4_TEENAGER_DRIVER_COUNT,S4_PASSENGER_COUNT,S4_UNRESTRAINED_COUNT,S4_UNRESTRAINED_INJURY_COUNT,S4_UNRESTRAINED_INCAPACITATING_INJURY_COUNT,S4_UNRESTRAINED_FATALITY_COUNT,S4_MOTORCYCLIST_COUNT,S4_MOTORCYCLIST_INCAPACITATING_INJURY_COUNT,S4_MOTORCYCLIST_FATALITY_COUNT,S4_IS_PEDESTRIAN_INVOLVED,S4_PEDESTRIAN_INCAPACITATING_INJURY_COUNT,S4_PEDESTRIAN_FATALITY_COUNT,S4_IS_BICYCLIST_INVOLVED,S4_BICYCLIST_INCAPACITATING_INJURY_COUNT,S4_BICYCLIST_FATALITY_COUNT,S4_CITATION_COUNT,S4_CITATION_AMOUNT,S4_PROPERTY_DAMAGE_COUNT,S4_PROPERTY_DAMAGE_AMOUNT,S4_VEHICLE_DAMAGE_COUNT,S4_VEHICLE_DAMAGE_AMOUNT,S4_TOTAL_DAMAGE_AMOUNT,S4_TRANSPORT_BY_EMS_COUNT,S4_TRANSPORT_BY_LAW_ENFORCEMENT_COUNT,S4_TRANSPORT_BY_OTHER_COUNT,S4_GEOLOCATION_STATUS,S4_PRELIMINARY_GEOLOCATION_STATUS,S4_X,S4_Y,S4_LATITUDE,S4_LONGITUDE
25561830,2023,13-JUL-2023 10:52 AM,13-JUL-2023 12:00 AM,2023-00258676,L,1,2,7,46,Orange,Orlando,Urban,7/13/2023 10:52:00 AM,7/13/2023 10:53:00 AM,7/13/2023 11:09:00 AM,7/13/2023 11:45:00 AM,Y,Law Enforcement,LAKE BREEZE DR,,28.59634,-81.419014,160,East,PARKWAY COMMERCE BLVD,,State,Curb,Not at Intersection,Y,Daylight,Clear,Dry,N,,Pedestrian,On Roadway,N,Non-Junction,None,,,None,,,N,,,,,CSO,Orlando Police Department,Police Department (PD),7/19/2023 2:54:00 PM,7/19/2023 2:54:00 PM,6,Y,Pedestrian,Pedestrian,Injury,Non-Incapacitating Injury,DAY,N,N,N,N,N,N,N,N,N,1,1,0,1,0,0,0,0,0,0,0,1,1,0,1,0,1,0,0,0,0,0,0,0,0,N,0,0,Y,0,0,0,0,0,0,1,2000,2000,0,0,0,Preliminary,Officer Mapped,459030.6151,3163336.0499,28.5963351164639,-81.419010931811
25564361,2023,20-SEP-2023 12:08 PM,20-SEP-2023 12:00 AM,2023-00346434,L,1,2,7,46,Orange,Orlando,Urban,9/20/2023 12:09:00 PM,9/20/2023 12:27:00 PM,9/20/2023 12:27:00 PM,9/20/2023 1:05:00 PM,Y,Law Enforcement,MILLENIA BLVD,,28.485196,-81.440467,,East,RADEBAUGH WAY,,Local,Curb,Four-Way Intersection,Y,Daylight,Clear,Dry,N,,Pedestrian,On Roadway,N,Intersection,None,,,None,,,N,,,,,PATROL,Orlando Police Department,Police Department (PD),9/22/2023 7:24:00 PM,9/22/2023 7:24:00 PM,2,Y,Pedestrian,Pedestrian,Injury,Possible Injury,DAY,N,N,N,N,N,N,Y,N,N,1,1,1,0,0,0,0,0,0,0,0,1,1,0,1,0,0,0,0,0,0,0,0,0,0,N,0,0,Y,0,0,0,0,0,0,1,0,0,0,0,0,Preliminary,Editor Mapped,456886.878,3151028.7567,28.4851761102848,-81.4404729703638
25564623,2023,18-SEP-2023 05:18 AM,18-SEP-2023 12:00 AM,2023-00343303,L,1,2,7,46,Orange,Orlando,Urban,9/18/2023 5:18:00 AM,9/18/2023 5:21:00 AM,9/18/2023 5:27:00 AM,9/18/2023 5:55:00 AM,Y,Law Enforcement,LAKE UNDERHILL RD,,28.538941,-81.310729,0,West,S SEMORAN BLVD,,Local,Curb,Not at Intersection,Y,Dark - Lighted,Clear,Dry,N,,Pedestrian,On Roadway,N,Intersection-Related,None,,,None,,,N,,,,,OFC,Orlando Police Department,Police Department (PD),9/30/2023 7:20:00 PM,9/30/2023 7:20:00 PM,12,Y,Pedestrian,Pedestrian,Injury,Non-Incapacitating Injury,NIGHT,N,N,N,N,N,N,Y,N,N,1,1,0,1,0,0,0,0,0,0,0,1,1,0,1,0,0,0,0,0,0,0,0,0,0,N,0,0,Y,0,0,0,0,0,0,1,0,0,0,0,0,Preliminary,Editor Mapped,469601.9334,3156946.0923,28.5389476330047,-81.3107257170903
25577147,2023,17-JAN-2023 06:55 PM,18-JAN-2023 12:00 AM,2023-25873,L,1,2,3,50,Hillsborough,Tampa,Urban,1/17/2023 3:23:00 PM,1/17/2023 3:54:00 PM,1/17/2023 4:01:00 PM,1/17/2023 4:01:00 PM,Y,Law Enforcement,E JOHN F KENNEDY BLVD,,27.9506,-82.448745,0,,N MERIDIAN AVE,,Local,Paved,Four-Way Intersection,Y,Dark - Lighted,Clear,Dry,N,,Traffic Signal Support,On Roadway,N,Intersection-Related,None,,,None,,,N,,,,,OFFICER,Tampa Police Department,Police Department (PD),1/22/2023 2:44:00 PM,3/4/2023 2:32:00 PM,5,Y,Off Road,Off Road,No Injury,No Injury,DAY,N,N,N,N,N,Y,Y,N,N,1,0,0,0,0,0,0,0,0,0,0,1,1,0,1,0,0,0,0,0,0,0,0,0,0,N,0,0,Y,0,0,0,0,0,0,1,500,500,0,0,0,Preliminary,Editor Mapped,357482.5393,3092574.1221,27.950594444983,-82.448742016646
25578078,2023,06-FEB-2023 12:05 PM,06-FEB-2023 12:00 AM,2023-51616,L,1,2,3,50,Hillsborough,Tampa,Urban,2/6/2023 12:50:00 PM,2/6/2023 1:05:00 PM,2/6/2023 1:16:00 PM,2/6/2023 1:16:00 PM,N,Law Enforcement,E FLORIBRASKA AVE,,27.97088,-82.455299,0,,N CENTRAL AVE,,Local,Curb,Four-Way Intersection,N,Daylight,Clear,Dry,N,,Pedalcycle,On Roadway,N,Intersection-Related,None,,,None,,,N,,,,,OFFICER,Tampa Police Department,Police Department (PD),2/7/2023 2:38:00 PM,3/4/2023 2:33:00 PM,1,Y,Bicycle,Bicycle,Injury,Possible Injury,DAY,N,N,N,N,N,N,Y,N,N,1,1,1,0,0,0,0,0,0,0,0,1,1,0,1,0,0,0,0,0,0,0,0,0,0,N,0,0,Y,0,0,0,0,0,0,1,1000,1000,0,0,0,Preliminary,Editor Mapped,356866.4268,3094828.392,27.9708718851955,-82.4552762662957
25578219,2023,08-FEB-2023 05:55 PM,08-FEB-2023 12:00 AM,2023-55167,L,1,2,3,50,Hillsborough,Tampa,Urban,2/8/2023 5:55:00 PM,2/8/2023 5:58:00 PM,2/8/2023 6:12:00 PM,2/8/2023 6:55:00 PM,Y,Law Enforcement,N ASHLEY DR,,27.94717,-82.459649,0,,E MADISON ST,,Local,Curb,Four-Way Intersection,N,Daylight,Clear,Dry,N,,Pedestrian,On Roadway,N,Intersection,Unknown,,,None,,,N,,,,,OFFICER,Tampa Police Department,Police Department (PD),3/4/2023 2:33:00 PM,3/4/2023 2:33:00 PM,24,N,Pedestrian,Pedestrian,No Injury,No Injury,DAY,N,N,N,N,N,N,Y,N,N,2,0,0,0,0,0,0,0,0,0,0,1,1,0,1,0,0,0,0,0,0,0,0,0,0,N,0,0,Y,0,0,1,0,0,0,1,500,500,0,0,0,Preliminary,Editor Mapped,356409.2592,3092212.3818,27.94721469979,-82.4596055202316
25580799,2023,01-APR-2023 02:06 AM,01-APR-2023 12:00 AM,2023-136617,S,1,3,3,50,Hillsborough,Tampa,Urban,4/1/2023 2:06:00 AM,4/1/2023 2:06:00 AM,4/1/2023 2:06:00 AM,4/1/2023 2:45:00 AM,Y,Law Enforcement,N 19TH ST,,27.960961,-82.438006,0,,E 8TH AVE,,Local,Paved,Four-Way Intersection,N,Dark - Lighted,Clear,Dry,N,,Pedalcycle,On Roadway,N,Intersection,None,,,None,,,N,,,,,OFFICER,Tampa Police Department,Police Department (PD),4/2/2023 2:13:00 PM,4/2/2023 2:13:00 PM,1,N,Bicycle,Bicycle,No Injury,No Injury,NIGHT,N,N,N,N,N,N,Y,N,N,3,0,0,0,0,0,0,0,0,0,0,2,2,0,1,0,0,0,0,0,0,0,0,0,0,N,0,0,Y,0,0,0,0,0,0,1,500,500,0,0,0,Preliminary,Officer Mapped,358552.6477,3093709.6357,27.9609559357163,-82.4380025834836
25581764,2023,20-APR-2023 10:04 AM,20-APR-2023 12:00 AM,2023-165614,L,1,2,3,50,Hillsborough,Tampa,Urban,4/20/2023 10:04:00 AM,4/20/2023 10:11:00 AM,4/20/2023 10:29:00 AM,4/20/2023 11:15:00 AM,Y,Law Enforcement,W DR MARTIN LUTHER KING JR BLVD,,27.981215,-82.483577,0,West,N HOWARD AVE,,Local,Paved,Not at Intersection,N,Daylight,Clear,Dry,N,,Pedalcycle,Roadside,N,Non-Junction,None,,,None,,,N,,,,,OFFICER,Tampa Police Department,Police Department (PD),4/21/2023 6:32:00 PM,4/21/2023 6:32:00 PM,1,Y,Bicycle,Bicycle,Injury,Possible Injury,DAY,N,N,N,N,N,N,N,N,N,1,1,1,0,0,0,0,0,0,0,0,1,1,0,1,0,0,0,0,0,0,0,0,0,0,N,0,0,Y,0,0,0,0,0,0,1,10,10,1,0,0,Preliminary,Editor Mapped,354096.7703,3096007.2853,27.981209861446,-82.4835740372453
25582308,2023,01-MAY-2023 10:47 AM,01-MAY-2023 12:00 AM,2023-181994,L,1,2,3,50,Hillsborough,Tampa,Urban,5/1/2023 10:47:00 AM,5/1/2023 10:47:00 AM,5/1/2023 10:55:00 AM,5/1/2023 12:15:00 PM,Y,Law Enforcement,S DALE MABRY HWY,,27.93344,-82.505814,147,South,W MORRISON AVE,,Local,Paved,Not at Intersection,N,Daylight,Clear,Dry,N,,Pedalcycle,On Roadway,N,Non-Junction,None,,,None,,,N,,,,,OFFICER,Tampa Police Department,Police Department (PD),5/2/2023 2:56:00 PM,5/2/2023 2:56:00 PM,1,Y,Bicycle,Bicycle,Injury,Non-Incapacitating Injury,DAY,N,N,N,N,N,N,N,N,N,0,2,1,1,0,0,0,0,0,0,0,1,1,0,1,0,0,0,0,0,0,0,0,0,0,N,0,0,Y,0,0,1,0,0,0,1,1000,1000,1,0,0,Preliminary,Editor Mapped,351844.3801,3090740.7762,27.9334348169951,-82.5058106250959
25582538,2023,06-MAY-2023 11:22 AM,06-MAY-2023 12:00 AM,2023-189641,L,1,2,3,50,Hillsborough,Tampa,Urban,5/6/2023 11:22:00 AM,5/6/2023 11:24:00 AM,5/6/2023 11:35:00 AM,5/6/2023 12:00:00 PM,Y,Law Enforcement,W HILLSBOROUGH AVE,,27.996078,-82.485262,281,West,N ARMENIA AVE,,Local,Paved,Not at Intersection,N,Daylight,Clear,Dry,N,,Pedalcycle,On Roadway,N,Non-Junction,None,,,None,,,N,,,,,OFFICER,Tampa Police Department,Police Department (PD),5/7/2023 3:16:00 PM,5/7/2023 3:16:00 PM,1,N,Bicycle,Bicycle,No Injury,No Injury,DAY,N,N,N,N,N,N,N,N,N,2,0,0,0,0,0,0,0,0,0,0,1,1,0,1,0,0,0,0,0,0,0,0,0,0,N,0,0,Y,0,0,0,0,0,0,1,500,500,0,0,0,Preliminary,Editor Mapped,353951.6861,3097655.7352,27.9960699969734,-82.4852527822934
25583563,2023,22-MAY-2023 09:58 AM,22-MAY-2023 12:00 AM,2023-213258,L,1,2,3,50,Hillsborough,Tampa,Urban,5/22/2023 9:58:00 AM,5/22/2023 10:00:00 AM,5/22/2023 10:12:00 AM,5/22/2023 11:00:00 AM,Y,Law Enforcement,W NEPTUNE ST,,27.930058,-82.493384,0,,S MACDILL AVE,,Local,Curb,Four-Way Intersection,N,Daylight,Clear,Dry,N,,Pedalcycle,On Roadway,N,Intersection,None,,,None,,,N,,,,,MPO,Tampa Police Department,Police Department (PD),5/27/2023 2:49:00 PM,5/27/2023 2:49:00 PM,5,Y,Bicycle,Bicycle,Injury,Possible Injury,DAY,N,N,N,N,N,N,Y,N,N,1,1,1,0,0,0,0,0,0,0,0,1,1,0,1,0,0,0,0,0,0,0,0,0,0,N,0,0,Y,0,0,1,0,0,0,1,0,0,1,0,0,Preliminary,Editor Mapped,353063.4432,3090352.3103,27.930064094974,-82.4933756675254
25584434,2023,16-JUN-2023 01:05 PM,16-JUN-2023 12:00 AM,2023-262319,L,1,2,3,50,Hillsborough,Tampa,Urban,6/16/2023 1:05:00 PM,6/16/2023 1:08:00 PM,6/16/2023 1:10:00 PM,6/16/2023 1:55:00 PM,Y,Law Enforcement,ROWLETT PARK DR,,28.022479,-82.435276,0,,E MULBERRY DR,,Local,Paved,Four-Way Intersection,N,Daylight,Cloudy,Dry,N,,Pedestrian,On Roadway,N,Intersection,None,,,None,,,N,,,,,OFFICER,Tampa Police Department,Police Department (PD),6/18/2023 3:07:00 PM,6/18/2023 3:07:00 PM,2,Y,Pedestrian,Pedestrian,Injury,Non-Incapacitating Injury,DAY,N,N,N,N,N,N,Y,N,N,1,1,0,1,0,0,0,0,0,0,0,1,1,0,1,0,0,0,0,0,0,0,0,0,0,N,0,0,Y,0,0,1,0,0,0,1,1000,1000,1,0,0,Preliminary,Editor Mapped,358903.2501,3100518.6132,28.0224405185369,-82.4352529643727
25584856,2023,26-JUN-2023 08:30 AM,26-JUN-2023 12:00 AM,2023-285521,L,1,2,3,50,Hillsborough,Tampa,Urban,6/26/2023 8:48:00 AM,6/26/2023 8:57:00 AM,6/26/2023 9:01:00 AM,6/26/2023 10:30:00 AM,N,Law Enforcement,S CLARK AVE,,27.88294,-82.512405,0,,W WYOMING AVE,,Local,Curb,Four-Way Intersection,N,Daylight,Clear,Dry,N,,Pedalcycle,On Roadway,N,Intersection,Debris,,,None,,,N,,,,,MPO,Tampa Police Department,Police Department (PD),6/27/2023 3:33:00 PM,6/27/2023 3:33:00 PM,1,Y,Bicycle,Bicycle,Injury,Possible Injury,DAY,N,N,N,N,N,Y,Y,N,N,0,1,1,0,0,0,0,0,0,0,0,1,1,0,1,0,0,0,0,0,0,0,0,0,0,N,0,0,Y,0,0,0,0,0,0,0,0,0,1,0,0,Preliminary,Editor Mapped,351126.7134,3085153.8317,27.8829368383445,-82.5124011806822
25585210,2023,03-JUL-2023 03:10 PM,03-JUL-2023 12:00 AM,2023-303958,S,1,2,3,50,Hillsborough,Tampa,Urban,7/3/2023 4:23:00 PM,7/3/2023 5:32:00 PM,7/3/2023 5:52:00 PM,7/3/2023 7:03:00 PM,Y,Law Enforcement,N WILLOW AVE,,27.957782,-82.472535,0,,W UNION ST,,Local,Paved,Four-Way Intersection,N,Daylight,Clear,Dry,N,,Pedestrian,On Roadway,N,Intersection,None,,,None,,,N,,,,,OFFICER,Tampa Police Department,Police Department (PD),7/6/2023 2:54:00 PM,7/6/2023 2:54:00 PM,3,N,Pedestrian,Pedestrian,No Injury,No Injury,DAY,N,N,N,N,N,N,Y,N,N,2,0,0,0,0,0,0,0,0,0,0,1,1,0,1,0,0,0,0,0,0,0,0,0,0,N,0,0,Y,0,0,0,0,0,0,1,500,500,0,0,0,Preliminary,Officer Mapped,355151.6138,3093397.8804,27.9577769492204,-82.4725312710265
25585381,2023,08-JUL-2023 11:30 AM,08-JUL-2023 12:00 AM,2023-316318,L,1,2,3,50,Hillsborough,Tampa,Urban,7/8/2023 12:20:00 PM,7/8/2023 12:37:00 PM,7/8/2023 12:43:00 PM,7/8/2023 1:30:00 PM,N,Law Enforcement,E 7TH AVE,,27.960392,-82.455338,0,,N CENTRAL AVE,,Local,Curb,Four-Way Intersection,Y,Daylight,Rain,Wet,N,,Pedalcycle,On Roadway,N,Intersection,None,,,None,,,N,,,,,OFFICER,Tampa Police Department,Police Department (PD),7/11/2023 3:03:00 PM,7/11/2023 3:03:00 PM,3,Y,Bicycle,Bicycle,Injury,Non-Incapacitating Injury,DAY,N,N,N,N,N,Y,Y,N,N,0,1,0,1,0,0,0,0,0,0,0,1,1,0,1,0,0,0,0,0,0,0,0,0,0,N,0,0,Y,0,0,0,0,0,0,0,0,0,0,0,0,Preliminary,Officer Mapped,356846.8914,3093666.7523,27.9603866615786,-82.4553341612386
25586589,2023,04-AUG-2023 05:06 PM,05-AUG-2023 12:00 AM,2023-374355,L,1,2,3,50,Hillsborough,Tampa,Urban,8/4/2023 5:10:00 PM,8/4/2023 5:17:00 PM,8/4/2023 5:00:00 PM,8/4/2023 7:00:00 PM,Y,Law Enforcement,W HILLSBOROUGH AVE,,27.996069,-82.493221,184,West,N MACDILL AVE,,Local,Paved,Not at Intersection,Y,Daylight,Clear,Dry,N,,Pedalcycle,Roadside,N,Non-Junction,None,,,None,,,N,,,,,OFC,Tampa Police Department,Police Department (PD),8/6/2023 2:42:00 PM,8/7/2023 2:45:00 PM,2,Y,Bicycle,Bicycle,Injury,Non-Incapacitating Injury,DAY,N,N,N,N,N,Y,N,N,N,0,1,0,1,0,0,0,0,0,0,0,1,1,0,1,0,0,0,0,0,0,0,0,0,0,N,0,0,Y,0,0,0,0,0,0,0,0,0,0,0,0,Preliminary,Editor Mapped,353167.6846,3097664.7561,27.9960650618651,-82.4932246810075
25586820,2023,10-AUG-2023 11:50 AM,10-AUG-2023 12:00 AM,2023-386907,L,1,2,3,50,Hillsborough,Tampa,Urban,8/10/2023 11:55:00 AM,8/10/2023 12:14:00 PM,8/10/2023 12:27:00 PM,8/10/2023 12:30:00 PM,Y,Law Enforcement,N 34TH ST,,28.032458,-82.422807,0,,E BUSCH BLVD,,Local,Paved,Four-Way Intersection,N,Daylight,Clear,Dry,N,,Pedestrian,On Roadway,N,Intersection-Related,None,,,None,,,N,,,,,OFFICER,Tampa Police Department,Police Department (PD),8/12/2023 2:48:00 PM,8/12/2023 2:48:00 PM,2,Y,Pedestrian,Pedestrian,Injury,Non-Incapacitating Injury,DAY,N,N,N,N,N,Y,Y,N,N,1,1,0,1,0,0,0,0,0,0,0,1,1,0,1,0,0,0,0,0,0,0,0,0,0,N,0,0,Y,0,0,0,0,0,0,0,0,0,0,0,0,Preliminary,Editor Mapped,360140.0196,3101613.557,28.0324526093149,-82.4228055382768
25587095,2023,16-AUG-2023 01:57 PM,16-AUG-2023 12:00 AM,2023-400377,L,1,3,3,50,Hillsborough,Tampa,Urban,8/16/2023 1:58:00 PM,8/16/2023 2:00:00 PM,8/16/2023 2:10:00 PM,8/16/2023 2:50:00 PM,Y,Law Enforcement,W HILLSBOROUGH AVE,,27.995831,-82.47816,,East,N MENDENHALL DR,,Local,Paved,Not at Intersection,N,Daylight,Clear,Dry,N,,Pedalcycle,Roadside,N,Driveway/Alley Access Related,None,,,None,,,N,,,,,MPO,Tampa Police Department,Police Department (PD),8/17/2023 3:52:00 PM,8/17/2023 3:52:00 PM,1,Y,Bicycle,Bicycle,Injury,Possible Injury,DAY,N,N,N,N,N,N,N,N,N,2,1,1,0,0,0,0,0,0,0,0,1,1,0,1,0,0,1,0,0,0,0,0,0,0,N,0,0,Y,0,0,0,0,0,0,1,200,200,1,0,0,Preliminary,Editor Mapped,354650.8432,3097619.474,27.9958193738488,-82.4781401055772
25587139,2023,17-AUG-2023 11:15 AM,17-AUG-2023 12:00 AM,2023-402360,L,1,3,3,50,Hillsborough,Tampa,Urban,8/17/2023 11:30:00 AM,8/17/2023 11:40:00 AM,8/17/2023 11:45:00 AM,8/17/2023 12:20:00 PM,Y,Law Enforcement,W HILLSBOROUGH AVE,,27.996311,-82.517014,,East,N HESPERIDES ST,,Local,Paved,Not at Intersection,N,Daylight,Clear,Dry,N,,Pedalcycle,Outside Right-of-way,N,Driveway/Alley Access Related,None,,,None,,,N,,,,,MPO,Tampa Police Department,Police Department (PD),8/18/2023 2:52:00 PM,8/18/2023 2:52:00 PM,1,Y,Bicycle,Bicycle,Injury,Possible Injury,DAY,N,N,N,N,N,N,N,N,N,2,1,1,0,0,0,0,0,0,0,0,1,1,0,1,0,0,1,0,0,0,0,0,0,0,N,0,0,Y,0,0,1,0,0,0,0,0,0,1,0,0,Preliminary,Editor Mapped,350828.9344,3097721.1749,27.9963138824605,-82.5170091941562
25587233,2023,19-AUG-2023 02:36 PM,19-AUG-2023 12:00 AM,2023-406719,S,1,2,3,50,Hillsborough,Tampa,Urban,8/19/2023 2:36:00 PM,8/19/2023 2:37:00 PM,8/19/2023 2:46:00 PM,8/19/2023 3:30:00 PM,Y,Law Enforcement,W MARLIN AVE,,27.892663,-82.50498,0,,S CLARICE CT,,Local,Unpaved,Four-Way Intersection,N,Daylight,Clear,Dry,N,,Pedalcycle,On Roadway,N,Intersection-Related,None,,,None,,,N,,,,,OFFICER,Tampa Police Department,Police Department (PD),8/20/2023 2:39:00 PM,8/20/2023 2:39:00 PM,1,N,Bicycle,Bicycle,No Injury,No Injury,DAY,N,N,N,N,N,N,Y,N,N,2,0,0,0,0,0,0,0,0,0,0,1,1,0,1,0,0,0,0,0,0,0,0,0,0,N,0,0,Y,0,0,0,0,0,0,1,100,100,0,0,0,Preliminary,Officer Mapped,351870.9028,3086221.8281,27.8926574944738,-82.5049763991819
25588424,2023,14-SEP-2023 06:35 PM,14-SEP-2023 12:00 AM,2023-461493,L,1,3,3,50,Hillsborough,Tampa,Urban,9/14/2023 6:35:00 PM,9/14/2023 7:00:00 PM,9/14/2023 7:07:00 PM,9/14/2023 7:45:00 PM,Y,Law Enforcement,N 22ND ST,,27.985127,-82.434728,0,,E CHELSEA ST,,Local,Paved,Four-Way Intersection,N,Daylight,Clear,Wet,N,,Pedalcycle,On Roadway,N,Intersection,Road Surface Condition,,,None,,,N,,,,,OFFICER,Tampa Police Department,Police Department (PD),9/16/2023 7:19:00 PM,9/16/2023 7:19:00 PM,2,Y,Bicycle,Bicycle,Injury,Possible Injury,DAY,N,N,N,N,N,N,Y,N,N,2,1,1,0,0,0,0,0,0,0,0,1,1,0,1,0,0,1,0,0,0,0,0,0,0,N,0,0,Y,0,0,0,0,0,0,1,500,500,0,0,0,Preliminary,Editor Mapped,358906.5321,3096383.2379,27.985121379623,-82.4347250310603
25591051,2023,10-NOV-2023 11:47 PM,10-NOV-2023 12:00 AM,2023-577104,L,1,2,3,50,Hillsborough,Tampa,Urban,11/10/2023 11:49:00 PM,11/10/2023 11:49:00 PM,11/10/2023 12:02:00 AM,11/10/2023 12:45:00 AM,Y,Law Enforcement,W SAN MIGUEL ST,,27.924886,-82.524372,0,East,S WEST SHORE BLVD,,Local,Paved,T-Intersection,N,Dark - Lighted,Clear,Dry,N,,Other Non-Fixed Object,On Roadway,N,Intersection-Related,None,,,None,,,N,,,,,OFC.,Tampa Police Department,Police Department (PD),11/11/2023 7:15:00 PM,11/11/2023 7:15:00 PM,1,Y,Single Vehicle,Other,Injury,Possible Injury,NIGHT,N,N,N,N,N,N,Y,N,N,1,1,1,0,0,0,0,0,0,0,0,1,1,0,1,0,0,0,0,0,0,0,0,0,0,N,0,0,Y,0,0,0,0,0,0,0,0,0,0,0,0,Preliminary,Editor Mapped,350006.934,3089812.725,27.924854458905,-82.5243629997116
25591147,2023,10-NOV-2023 10:40 PM,10-NOV-2023 12:00 AM,2023-578685,L,1,3,3,50,Hillsborough,Tampa,Urban,11/10/2023 10:43:00 PM,11/10/2023 10:43:00 PM,11/10/2023 10:47:00 PM,11/10/2023 11:00:00 PM,Y,Law Enforcement,N ASHLEY DR,,27.948601,-82.460238,0,,E TWIGGS ST,,Interstate,Paved,Four-Way Intersection,N,Dark - Lighted,Clear,Dry,N,,Other Non-Fixed Object,On Roadway,N,Intersection,None,,,None,,,N,,,,,0FC,Tampa Police Department,Police Department (PD),11/14/2023 7:54:00 PM,11/14/2023 7:54:00 PM,4,Y,Single Vehicle,Other,Injury,Possible Injury,NIGHT,N,N,N,N,N,N,Y,N,N,2,1,1,0,0,0,0,0,0,0,0,1,1,0,1,0,0,1,0,0,0,0,0,0,0,N,0,0,Y,0,0,0,0,0,0,1,2000,2000,1,0,0,Preliminary,Editor Mapped,356348.8313,3092366.4377,27.948598451829,-82.4602383134918
25591162,2023,12-NOV-2023 12:34 PM,12-NOV-2023 12:00 AM,2023-581649,L,1,2,3,50,Hillsborough,Tampa,Urban,11/12/2023 12:36:00 PM,11/12/2023 12:36:00 PM,11/12/2023 12:41:00 PM,11/12/2023 12:41:00 PM,Y,Law Enforcement,E CHELSEA ST,,27.985136,-82.419738,30,West,N TROY ST,,Local,Paved,Not at Intersection,N,Daylight,Clear,Dry,N,,Other Non-Collision,On Roadway,N,Non-Junction,None,,,None,,,N,,,,,OFFICER,Tampa Police Department,Police Department (PD),11/22/2023 7:57:00 PM,11/22/2023 7:57:00 PM,10,Y,Single Vehicle,Other,Injury,Non-Incapacitating Injury,DAY,N,N,N,N,N,N,N,N,N,1,1,0,1,0,0,0,0,0,0,0,1,1,0,1,0,0,0,0,0,0,0,0,0,0,N,0,0,Y,0,0,1,0,0,0,0,0,0,0,0,0,Preliminary,Editor Mapped,360380.5913,3096366.8105,27.9851286547472,-82.4197377253685
25591500,2023,18-NOV-2023 03:00 PM,18-NOV-2023 12:00 AM,2023-593769,L,1,2,3,50,Hillsborough,Tampa,Urban,11/18/2023 3:05:00 PM,11/18/2023 3:10:00 PM,11/18/2023 3:27:00 PM,11/18/2023 4:30:00 PM,Y,Law Enforcement,WISHART BLVD,,27.995929,-82.468573,25,West,W HILLSBOROUGH AVE,,State,Curb,Not at Intersection,N,Daylight,Clear,Dry,N,,Pedalcycle,Roadside,N,Non-Junction,None,,,None,,,N,,,,,OFFICER,Tampa Police Department,Police Department (PD),11/22/2023 7:57:00 PM,11/22/2023 7:57:00 PM,4,Y,Bicycle,Bicycle,Injury,Non-Incapacitating Injury,DAY,N,N,N,N,N,N,N,N,N,1,1,0,1,0,0,0,0,0,0,0,1,1,0,1,0,0,0,0,0,0,0,0,0,0,N,0,0,Y,0,0,1,0,0,0,1,100,100,1,0,0,Preliminary,Editor Mapped,355592.6521,3097619.6637,27.9959237000876,-82.4685649029212
25592658,2023,27-FEB-2023 03:17 PM,27-FEB-2023 12:00 AM,2023-4529,L,1,2,6,82,Palm Beach,Palm Springs,Urban,2/27/2023 3:17:00 PM,2/27/2023 3:17:00 PM,2/27/2023 3:26:00 PM,2/27/2023 3:26:00 PM,Y,Law Enforcement,LAKEWOOD RD,,26.622107,-80.113246,0,,S MILITARY TRL,,County,Curb,T-Intersection,N,Daylight,Clear,Dry,N,,Pedestrian,On Roadway,N,Intersection,None,,,None,,,N,,,,,TRAFFIC OFFICER,Palm Springs Police Department,Police Department (PD),3/14/2023 3:10:00 PM,3/14/2023 3:10:00 PM,15,Y,Pedestrian,Pedestrian,Injury,Possible Injury,DAY,N,N,N,N,N,N,Y,N,N,1,1,1,0,0,0,0,0,0,0,0,1,1,0,1,0,0,0,0,0,0,0,0,0,0,N,0,0,Y,0,0,0,0,0,0,1,500,500,0,0,0,Preliminary,Editor Mapped,588274.5585,2944890.1688,26.6221323951422,-80.1132378108772
25593262,2023,27-MAY-2023 04:21 PM,27-MAY-2023 12:00 AM,20231472017,L,1,2,17,32,Seminole,Casselberry,Urban,5/27/2023 4:21:00 PM,5/27/2023 4:22:00 PM,5/27/2023 4:26:00 PM,5/27/2023 5:50:00 PM,Y,Law Enforcement,BLUEBELL DR,,28.676675,-81.317291,18,East,N WINTER PARK DR,,Local,Curb,Not at Intersection,N,Daylight,Clear,Dry,N,,Pedalcycle,On Roadway,N,Non-Junction,None,,,None,,,N,,,,,OFFICER,Casselberry Police Department,Police Department (PD),5/29/2023 2:43:00 PM,5/29/2023 2:43:00 PM,2,Y,Bicycle,Bicycle,Injury,Non-Incapacitating Injury,DAY,N,N,N,N,N,N,N,N,N,1,1,0,1,0,0,0,0,0,0,0,1,1,0,1,0,0,0,0,0,0,0,0,0,0,N,0,0,Y,0,0,1,0,0,0,1,500,500,0,0,0,Preliminary,Editor Mapped,469000.4213,3172205.4078,28.676669421122,-81.317287812363
25593348,2023,20-JUN-2023 05:29 PM,20-JUN-2023 12:00 AM,20231712407,L,1,2,17,32,Seminole,Casselberry,Urban,6/20/2023 5:29:00 PM,6/20/2023 5:30:00 PM,6/20/2023 5:32:00 PM,6/20/2023 6:05:00 PM,Y,Law Enforcement,SEMINOLA BLVD,23,28.683006,-81.333595,,,,,Parking Lot,Curb,Not at Intersection,N,Daylight,Cloudy,Wet,N,,Pedalcycle,Off Roadway,N,Other,None,,,None,,,N,,,,,OFFICER,Casselberry Police Department,Police Department (PD),6/21/2023 2:56:00 PM,6/21/2023 2:56:00 PM,1,Y,Bicycle,Bicycle,Injury,Non-Incapacitating Injury,DAY,N,N,N,N,N,N,N,N,N,1,1,0,1,0,0,0,0,0,0,0,1,1,0,1,0,0,0,0,0,0,0,0,0,0,N,0,0,Y,0,0,1,0,0,0,1,150,150,0,0,0,Preliminary,Editor Mapped,467409.8243,3172910.6482,28.6829959617157,-81.3335878857517
25597700,2023,01-MAR-2023 01:40 PM,01-MAR-2023 12:00 AM,0223003239,L,1,2,11,34,Alachua,Gainesville,Urban,3/1/2023 1:40:00 PM,3/1/2023 1:41:00 PM,3/1/2023 1:51:00 PM,3/1/2023 1:55:00 PM,Y,Law Enforcement,US 441 (SW 13TH ST),,,,0,,SW 9TH RD,,U.S.,Paved,T-Intersection,N,Daylight,Clear,Dry,N,Front to Front,Motor Vehicle in Transport,On Roadway,N,Intersection-Related,None,None,,None,,,N,,,,,POLICE SERVICE TECHNICIAN 1,Gainesville Police Department,Police Department (PD),3/9/2023 2:49:00 PM,3/9/2023 2:49:00 PM,8,N,Single Vehicle,Other,No Injury,No Injury,DAY,N,N,N,N,N,N,Y,N,N,2,0,0,0,0,0,0,0,0,0,0,1,1,0,1,0,0,0,0,0,0,0,0,0,0,N,0,0,Y,0,0,1,0,0,0,1,300,300,1,0,0,Preliminary,Editor Mapped,370343.9773,3280170.8993,29.6447439537988,-82.3395062305347
25599672,2023,23-AUG-2023 08:41 PM,24-AUG-2023 12:00 AM,0223013517,L,1,2,11,34,Alachua,Gainesville,Urban,8/23/2023 8:41:00 PM,8/23/2023 8:42:00 PM,8/23/2023 8:45:00 PM,8/23/2023 10:30:00 PM,Y,Law Enforcement,SR-331 (SW WILLISTON RD),,,,0,,SW 25TH TER,,State,Paved,Four-Way Intersection,N,Dark - Lighted,Clear,Dry,N,Other,Motor Vehicle in Transport,On Roadway,N,Intersection,None,,,None,,,N,,,,,CORPORAL,Gainesville Police Department,Police Department (PD),8/26/2023 2:51:00 PM,8/26/2023 2:51:00 PM,3,N,Single Vehicle,Other,No Injury,No Injury,NIGHT,N,N,N,N,N,N,Y,N,N,2,0,0,0,0,0,0,0,0,0,0,1,1,0,1,0,0,0,0,0,0,0,0,0,0,N,0,0,Y,0,0,0,0,0,0,0,0,0,0,0,0,Preliminary,Editor Mapped,368405.0036,3276590.5184,29.6122358686446,-82.359099801014
25600087,2023,25-SEP-2023 01:49 PM,25-SEP-2023 12:00 AM,0223015400,L,1,3,11,34,Alachua,Gainesville,Urban,9/25/2023 1:50:00 PM,9/25/2023 1:52:00 PM,9/25/2023 2:00:00 PM,9/25/2023 2:15:00 PM,Y,Motorist,US 441,,,,133,South,US 441/SR 226,,U.S.,Curb,Not at Intersection,N,Daylight,Clear,Dry,N,Angle,Motor Vehicle in Transport,On Roadway,N,Other,None,,,None,,,N,,,,,OFFICER,Gainesville Police Department,Police Department (PD),9/26/2023 7:36:00 PM,9/26/2023 7:36:00 PM,1,Y,Single Vehicle,Other,Injury,Non-Incapacitating Injury,DAY,N,N,N,N,N,N,N,N,N,2,1,0,1,0,0,0,0,0,0,0,1,1,0,1,0,0,1,0,0,0,0,0,0,0,N,0,0,Y,0,0,0,0,0,0,0,0,0,0,0,0,Preliminary,Editor Mapped,370344.1504,3279473.7072,29.6384534688375,-82.3394211683605
25600190,2023,25-SEP-2023 10:35 PM,25-SEP-2023 12:00 AM,0223015432,L,1,2,11,34,Alachua,Gainesville,Urban,9/25/2023 10:36:00 PM,9/25/2023 10:39:00 PM,9/25/2023 10:40:00 PM,9/25/2023 10:44:00 PM,Y,Motorist,SW 2ND AVE,,,,28,East,US 441 (SW 13TH ST),,Local,Paved,Not at Intersection,N,Dark - Lighted,Clear,Dry,N,Angle,Motor Vehicle in Transport,On Roadway,N,Non-Junction,None,None,,None,,,N,,,,,OFFICER,Gainesville Police Department,Police Department (PD),10/5/2023 7:23:00 PM,10/5/2023 7:23:00 PM,10,Y,Single Vehicle,Other,Injury,Possible Injury,NIGHT,N,N,N,N,N,N,N,N,N,1,1,1,0,0,0,0,0,0,0,0,1,1,0,1,0,0,0,0,0,0,0,0,0,0,N,0,0,Y,0,0,1,0,0,0,1,500,500,0,0,0,Preliminary,Editor Mapped,370378.1173,3280773.0415,29.65018041516,-82.3392255262283
25602586,2023,07-MAR-2023 04:48 PM,07-MAR-2023 12:00 AM,2023-00032866,L,1,2,42,41,Martin,Jensen Beach,Urban,3/7/2023 4:48:00 PM,3/7/2023 4:48:00 PM,3/7/2023 4:55:00 PM,3/7/2023 5:35:00 PM,Y,Law Enforcement,NE 24TH ST,,27.231512,-80.227422,207,East,NE 18TH AVE,,Local,Unpaved,Not at Intersection,N,Daylight,Clear,Dry,N,,Pedalcycle,On Roadway,N,Through Roadway,None,,,None,,,N,,,,,CSA,Martin County Sheriff's Office,Sheriff's Office (SO),3/16/2023 2:26:00 PM,3/16/2023 2:26:00 PM,9,Y,Bicycle,Bicycle,Injury,Possible Injury,DAY,N,N,N,N,N,N,N,N,N,1,1,1,0,0,0,0,0,0,0,0,1,1,0,1,0,0,0,0,0,0,0,0,0,0,N,0,0,Y,0,0,0,0,0,0,1,2000,2000,0,0,0,Preliminary,Editor Mapped,576495.6175,3012313.6383,27.231510968913,-80.2274181246392
25603580,2023,16-JUN-2023 11:07 AM,16-JUN-2023 12:00 AM,2023-00080579,L,1,2,42,62,Martin,Stuart,Urban,6/16/2023 11:08:00 AM,6/16/2023 11:09:00 AM,6/16/2023 11:10:00 AM,6/16/2023 11:55:00 AM,Y,Law Enforcement,SE COMMERCE AVE,,27.16664,-80.224901,0,,SE INDIAN ST,,County,Curb,T-Intersection,N,Daylight,Clear,Dry,N,,Pedalcycle,On Roadway,N,Intersection,None,,,None,,,N,,,,,DS,Martin County Sheriff's Office,Sheriff's Office (SO),6/21/2023 2:56:00 PM,6/21/2023 2:56:00 PM,5,Y,Bicycle,Bicycle,Injury,Non-Incapacitating Injury,DAY,N,N,N,N,N,N,Y,N,N,1,1,0,1,0,0,0,0,0,0,0,1,1,0,1,1,0,0,0,0,0,0,0,0,0,N,0,0,Y,0,0,0,0,1,200,1,300,500,1,0,0,Preliminary,Editor Mapped,576790.4505,3005130.0794,27.1666448674606,-80.2248892437892
25603654,2023,27-JUN-2023 08:23 AM,27-JUN-2023 12:00 AM,2023-00085904,L,3,4,42,41,Martin,Jensen Beach,Urban,6/27/2023 8:24:00 AM,6/27/2023 8:27:00 AM,6/27/2023 8:33:00 AM,6/27/2023 9:45:00 AM,Y,Law Enforcement,NW FEDERAL HWY,,27.232202,-80.267145,600,North,NW 21ST ST,,U.S.,Curb,T-Intersection,N,Daylight,Clear,Dry,N,,Pedalcycle,On Roadway,N,Driveway/Alley Access Related,None,,,None,,,N,,,,,DEPUTY SHERIFF,Martin County Sheriff's Office,Sheriff's Office (SO),6/29/2023 4:26:00 PM,6/29/2023 4:26:00 PM,2,Y,Bicycle,Bicycle,Injury,Non-Incapacitating Injury,DAY,N,N,N,N,N,N,N,N,N,3,1,0,1,0,0,0,0,0,0,0,1,1,0,3,0,0,0,0,0,0,0,0,0,0,N,0,0,Y,0,0,0,0,0,0,3,11500,11500,1,0,0,Preliminary,Editor Mapped,572561.4834,3012365.7594,27.2321950092354,-80.2671458699191
25605742,2023,11-JAN-2023 04:00 PM,11-JAN-2023 12:00 AM,282301000118,L,1,1,10,40,Broward,Hallandale Beach,Urban,1/11/2023 6:17:00 PM,1/11/2023 6:36:00 PM,1/11/2023 6:40:00 PM,1/11/2023 7:05:00 PM,Y,Motorist,W HALLANDALE BEACH BLVD,,,,0,,NW 10TH TER,,State,Paved,Not at Intersection,N,Daylight,Clear,Dry,N,Other,Motor Vehicle in Transport,On Roadway,N,Non-Junction,None,,,None,,,N,,,,,OFFICER,Hallandale Beach Police Department,Police Department (PD),1/13/2023 2:56:00 PM,1/13/2023 2:56:00 PM,2,Y,Single Vehicle,Other,Injury,Possible Injury,DAY,N,N,N,N,N,Y,N,N,N,0,1,1,0,0,0,0,0,0,0,0,1,1,0,0,0,0,0,0,0,0,0,0,0,0,N,0,0,Y,0,0,0,0,0,0,1,300,300,0,0,0,Preliminary,Editor Mapped,583796.6046,2874303.2998,25.9851117051066,-80.1628082644411
25605851,2023,03-FEB-2023 04:48 PM,03-FEB-2023 12:00 AM,282302003852,L,1,2,10,40,Broward,Hallandale Beach,Urban,2/3/2023 4:48:00 PM,2/3/2023 4:48:00 PM,2/3/2023 4:48:00 PM,2/3/2023 4:48:00 PM,Y,Law Enforcement,E HALLANDALE BEACH BLVD,,,,183,West,NE 10TH AVE,,State,Paved,Not at Intersection,N,Daylight,Clear,Dry,N,Angle,Motor Vehicle in Transport,On Roadway,N,Non-Junction,None,,,None,,,N,,,,,CIVILIAN,Hallandale Beach Police Department,Police Department (PD),2/16/2023 6:53:00 PM,2/16/2023 6:53:00 PM,13,Y,Single Vehicle,Other,Injury,Possible Injury,DAY,N,N,N,N,N,N,N,N,N,1,1,1,0,0,0,0,0,0,0,0,1,1,0,1,0,0,0,0,0,0,0,0,0,0,N,0,0,Y,0,0,0,0,0,0,1,500,500,0,0,0,Preliminary,Editor Mapped,586186.1791,2874371.3605,25.9855861125905,-80.1389322431017
25605965,2023,24-FEB-2023 12:40 PM,24-FEB-2023 12:00 AM,282302006337,L,1,2,10,40,Broward,Hallandale Beach,Urban,2/24/2023 12:42:00 PM,2/24/2023 12:44:00 PM,2/24/2023 12:48:00 PM,2/24/2023 1:50:00 PM,Y,Law Enforcement,NE 1ST CT,1100,,,331,West,,,Local,Paved,Not at Intersection,N,Daylight,Clear,Dry,N,Front to Front,Pedalcycle,On Roadway,N,Non-Junction,None,,,None,,,N,,,,,OFFICER,Hallandale Beach Police Department,Police Department (PD),3/4/2023 2:32:00 PM,3/4/2023 2:32:00 PM,8,Y,Bicycle,Bicycle,Injury,Non-Incapacitating Injury,DAY,N,N,N,N,N,N,N,Y,N,1,1,0,1,0,0,0,0,0,0,0,1,1,0,1,0,0,0,0,0,0,0,0,0,0,N,0,0,Y,0,0,0,0,0,0,1,200,200,1,0,0,Preliminary,Editor Mapped,586345.2067,2874545.1182,25.9871454808634,-80.1373321235319
25606448,2023,05-JUN-2023 08:15 AM,05-JUN-2023 12:00 AM,282306019049,L,1,2,10,40,Broward,Hallandale Beach,Urban,6/5/2023 8:15:00 AM,6/5/2023 8:15:00 AM,6/5/2023 8:20:00 AM,6/5/2023 8:50:00 AM,Y,Law Enforcement,N FEDERAL HWY,,,,0,,NE 1ST ST,,State,Paved,T-Intersection,N,Daylight,Clear,Dry,N,Angle,Motor Vehicle in Transport,On Roadway,N,Non-Junction,None,,,None,,,N,,,,,CIVILIAN,Hallandale Beach Police Department,Police Department (PD),6/14/2023 3:06:00 PM,6/14/2023 3:06:00 PM,9,N,Single Vehicle,Other,No Injury,No Injury,DAY,N,N,N,N,N,N,N,N,N,2,0,0,0,0,0,0,0,0,0,0,1,1,0,1,0,0,0,0,0,0,0,0,0,0,N,0,0,Y,0,0,0,0,0,0,0,0,0,1,0,0,Preliminary,Editor Mapped,585854.6637,2874464.9798,25.9864510611359,-80.1422379110546
25610214,2023,09-APR-2023 09:55 AM,09-APR-2023 12:00 AM,23002114,L,1,3,38,42,Monroe,Key West,Urban,4/9/2023 9:55:00 AM,4/9/2023 9:55:00 AM,4/9/2023 9:57:00 AM,4/9/2023 10:00:00 AM,Y,Law Enforcement,PALM AVE,,,,61,East,N ROOSEVELT BLVD,,County,Curb,T-Intersection,N,Daylight,Clear,Dry,N,Front to Rear,Pedalcycle,On Roadway,N,Non-Junction,None,,,None,,,N,,,,,POLICE OFFICER,Key West Police Department,Police Department (PD),4/12/2023 3:40:00 PM,4/12/2023 3:40:00 PM,3,Y,Bicycle,Bicycle,Serious Injury,Incapacitating Injury,DAY,N,N,N,N,N,N,N,N,N,2,1,0,0,1,0,0,0,0,0,0,1,1,0,1,0,0,1,0,0,0,0,0,0,0,N,0,0,Y,1,0,0,0,1,1000,1,500,1500,1,0,0,Verified,n/a,420612.2791,2716463.1857,24.5600797431305,-81.783935941794
25610261,2023,20-APR-2023 03:10 PM,20-APR-2023 12:00 AM,23002336,S,1,2,38,42,Monroe,Key West,Urban,4/20/2023 3:10:00 PM,4/20/2023 3:10:00 PM,4/20/2023 3:15:00 PM,4/20/2023 3:26:00 PM,Y,Law Enforcement,N ROOSEVELT BLVD,,,,221,West,KENNEDY DR,,U.S.,Paved,Not at Intersection,N,Daylight,Clear,Dry,N,Other,Pedalcycle,Off Roadway,N,Non-Junction,None,,,None,,,N,,,,,POLICE OFFICER,Key West Police Department,Police Department (PD),4/25/2023 3:37:00 PM,4/25/2023 3:37:00 PM,5,N,Bicycle,Bicycle,No Injury,No Injury,DAY,N,N,N,N,N,N,N,N,N,2,0,0,0,0,0,0,0,0,0,0,1,1,0,1,0,0,0,0,0,0,0,0,0,0,N,0,0,Y,0,0,0,0,1,100,1,400,500,0,0,0,Preliminary,Computer mapped confident by address,421769.2077,2717099.111,24.56588164232,-81.7725475493879
25610288,2023,08-APR-2023 08:27 AM,08-APR-2023 12:00 AM,23002104,L,1,3,38,42,Monroe,Key West,Urban,4/8/2023 8:27:00 AM,4/8/2023 8:28:00 AM,4/8/2023 8:32:00 AM,4/8/2023 8:42:00 AM,Y,Law Enforcement,EATON ST,,,,46,West,WHITE ST,,County,Curb,Not at Intersection,N,Daylight,Clear,Dry,N,Other,Pedalcycle,On Roadway,N,Non-Junction,None,,,None,,,N,,,,,POLICE OFFICER,Key West Police Department,Police Department (PD),4/27/2023 8:27:00 PM,4/27/2023 8:27:00 PM,19,Y,Bicycle,Bicycle,Injury,Non-Incapacitating Injury,DAY,N,N,N,N,N,N,N,N,N,2,1,0,1,0,0,0,0,0,0,0,1,1,0,1,1,0,1,0,0,0,0,0,0,0,N,0,0,Y,0,0,0,0,1,100,0,0,100,0,0,0,Preliminary,Editor Mapped,419427.0903,2716666.3069,24.5618527523235,-81.7956501137519
25610535,2023,21-JUN-2023 05:47 PM,21-JUN-2023 12:00 AM,23003556,L,1,2,38,42,Monroe,Key West,Urban,6/21/2023 5:47:00 PM,6/21/2023 5:48:00 PM,6/21/2023 5:49:00 PM,6/21/2023 6:16:00 PM,Y,Law Enforcement,WHITE ST,,,,0,,VIRGINIA ST,,Local,Curb,Four-Way Intersection,Y,Daylight,Clear,Dry,N,Angle,Pedalcycle,On Roadway,N,Intersection,None,,,None,,,N,,,,,POLICE OFFICER,Key West Police Department,Police Department (PD),6/27/2023 3:33:00 PM,6/27/2023 3:33:00 PM,6,Y,Bicycle,Bicycle,Injury,Non-Incapacitating Injury,DAY,N,N,N,N,N,N,Y,N,N,1,1,0,1,0,0,0,0,0,0,0,1,1,0,1,0,0,0,0,0,0,0,0,0,0,N,0,0,Y,0,0,0,0,0,0,1,50,50,0,0,0,Preliminary,Editor Mapped,419951.5667,2715928.1699,24.555214066404,-81.7904295522217
25610606,2023,01-JUL-2023 04:13 PM,01-JUL-2023 12:00 AM,23003763,S,1,2,38,42,Monroe,Key West,Urban,7/1/2023 4:13:00 PM,7/1/2023 4:14:00 PM,7/1/2023 4:14:00 PM,7/1/2023 4:16:00 PM,Y,Law Enforcement,N ROOSEVELT BLVD,,,,0,,KENNEDY DR,,U.S.,Curb,Not at Intersection,N,Daylight,Clear,Dry,N,Other,Pedalcycle,Shoulder,N,Non-Junction,None,,,None,,,N,,,,,POLICE OFFICER,Key West Police Department,Police Department (PD),7/6/2023 2:54:00 PM,7/6/2023 2:54:00 PM,5,N,Bicycle,Bicycle,No Injury,No Injury,DAY,N,N,N,N,N,N,N,N,N,2,0,0,0,0,0,0,0,0,0,0,1,1,0,1,0,0,0,0,0,0,0,0,0,0,N,0,0,Y,0,0,0,0,1,500,1,100,600,0,0,0,Preliminary,Computer mapped confident by address,422071.3247,2717316.0545,24.5678560804197,-81.7695762477729
25617752,2023,11-MAR-2023 06:37 PM,11-APR-2023 12:00 AM,230003794,L,1,4,8,30,Volusia,Daytona Beach,Urban,3/11/2023 6:37:00 PM,3/11/2023 6:39:00 PM,3/11/2023 6:39:00 PM,3/11/2023 7:02:00 PM,Y,Law Enforcement,N ATLANTIC AVE,,29.228829,-81.009145,192,North,AUDITORIUM BLVD,,State,Curb,Not at Intersection,N,Daylight,Clear,Dry,N,,Pedalcycle,On Roadway,N,Non-Junction,None,,,None,,,N,,,,,OFC,Daytona Beach Police Department,Police Department (PD),3/16/2023 2:26:00 PM,4/15/2023 3:30:00 PM,5,Y,Bicycle,Bicycle,Serious Injury,Incapacitating Injury,DAY,Y,N,N,N,N,Y,N,N,N,1,3,1,0,2,0,0,0,0,0,0,3,3,0,1,0,0,0,0,0,0,0,0,0,0,N,0,0,Y,2,0,2,0,3,1500,1,2000,3500,2,0,0,Preliminary,Editor Mapped,499113.3432,3233335.0038,29.2287985689105,-81.009123422763
25621333,2023,12-JAN-2023 05:35 PM,12-JAN-2023 12:00 AM,23000994,L,1,2,18,41,Lee,Cape Coral,Urban,1/12/2023 5:35:00 PM,1/12/2023 6:23:00 PM,1/12/2023 6:42:00 PM,1/12/2023 6:47:00 PM,Y,Law Enforcement,SE 47TH TER,,,,239,East,SE 10TH PL,,Local,Curb,Not at Intersection,N,Daylight,Clear,Dry,N,"Sideswipe, Same Direction",Pedalcycle,On Roadway,N,Non-Junction,None,,,None,,,N,,,,,POLICE OFFICER,Cape Coral Police Department,Police Department (PD),1/15/2023 2:42:00 PM,1/15/2023 2:42:00 PM,3,Y,Bicycle,Bicycle,No Injury,No Injury,DAY,N,Y,N,N,N,Y,N,Y,N,2,0,0,0,0,0,0,0,0,0,0,1,1,0,1,0,0,0,0,0,0,0,0,0,0,N,0,0,Y,0,0,1,0,0,0,1,2500,2500,0,0,0,Preliminary,Editor Mapped,405058.0268,2938467.5873,26.563716981672,-81.9532520232368
25623031,2023,03-APR-2023 04:38 PM,03-APR-2023 12:00 AM,23008245,S,1,2,18,41,Lee,Cape Coral,Urban,4/3/2023 4:38:00 PM,4/3/2023 4:40:00 PM,4/3/2023 4:44:00 PM,4/3/2023 5:12:00 PM,Y,Law Enforcement,SW 7TH PL,,,,0,,SW 45TH ST,,Local,Paved,Four-Way Intersection,N,Daylight,Clear,Dry,N,Angle,Motor Vehicle in Transport,On Roadway,N,Non-Junction,None,,,None,,,N,,,,,POLICE OFFICER,Cape Coral Police Department,Police Department (PD),4/6/2023 2:25:00 PM,4/6/2023 2:25:00 PM,3,N,Single Vehicle,Other,No Injury,No Injury,DAY,N,N,N,N,N,N,N,N,N,2,0,0,0,0,0,0,0,0,0,0,1,1,0,1,0,0,0,0,0,0,0,0,0,0,N,0,0,Y,0,0,0,0,0,0,1,500,500,0,0,0,Preliminary,Computer plot approximate by lat/long,401438.232,2939047.5735,26.5687051860758,-81.9896367925621
25624594,2023,03-JUL-2023 06:01 PM,03-JUL-2023 12:00 AM,23016056,L,1,2,18,41,Lee,Cape Coral,Urban,7/3/2023 6:01:00 PM,7/3/2023 6:06:00 PM,7/3/2023 6:18:00 PM,7/3/2023 7:33:00 PM,Y,Law Enforcement,CAPE CORAL PKWY E,533,,,139,West,,,Other,Curb,Not at Intersection,N,Daylight,Clear,Dry,N,Angle,Pedalcycle,Roadside,N,Driveway/Alley Access Related,None,,,None,,,N,,,,,POLICE OFFICER,Cape Coral Police Department,Police Department (PD),7/6/2023 2:54:00 PM,7/6/2023 2:54:00 PM,3,Y,Bicycle,Bicycle,Injury,Non-Incapacitating Injury,DAY,N,N,N,N,N,N,N,N,N,1,1,0,1,0,0,0,0,0,0,0,1,1,0,1,0,0,0,0,0,0,0,0,0,0,N,0,0,Y,0,0,1,0,0,0,0,0,0,1,0,0,Preliminary,Editor Mapped,404179.2171,2938380.9319,26.5628753605951,-81.9620680659681
25627253,2023,15-JAN-2023 07:35 PM,15-JAN-2023 12:00 AM,2023-4219,L,1,2,1,68,Miami-Dade,Miami Beach,Urban,1/15/2023 7:41:00 PM,1/15/2023 7:45:00 PM,1/15/2023 7:50:00 PM,1/15/2023 8:21:00 PM,Y,Law Enforcement,WEST AVE,1400,,,0,,,,Local,Paved,Four-Way Intersection,,Dark - Lighted,Clear,Dry,N,Angle,Motor Vehicle in Transport,On Roadway,N,Intersection,None,None,None,None,None,None,N,,,,,Off.,Miami Beach Police Department,Police Department (PD),1/25/2023 2:48:00 PM,1/25/2023 2:48:00 PM,10,Y,Single Vehicle,Other,Serious Injury,Incapacitating Injury,NIGHT,N,N,N,N,N,N,Y,N,N,1,1,0,0,1,0,0,0,0,0,0,1,1,0,1,0,0,0,0,0,0,0,0,0,0,N,0,0,Y,1,0,1,0,0,0,1,100,100,0,0,0,Preliminary,Editor Mapped,586001.0616,2852171.7173,25.7851568478186,-80.1422311305204
25627384,2023,28-JAN-2023 08:25 PM,28-JAN-2023 12:00 AM,2023-8306,L,1,2,1,68,Miami-Dade,Miami Beach,Urban,1/28/2023 8:25:00 PM,1/28/2023 8:28:00 PM,1/28/2023 8:28:00 PM,1/28/2023 8:50:00 PM,Y,Law Enforcement,8TH STREET,,,,0,,EUCLID CT,,Local,Paved,Four-Way Intersection,,Dark - Lighted,Clear,Dry,N,Angle,Motor Vehicle in Transport,On Roadway,N,Intersection,None,,,None,,,N,,,,,,Miami Beach Police Department,Police Department (PD),2/7/2023 2:37:00 PM,2/7/2023 2:37:00 PM,10,Y,Single Vehicle,Other,Injury,Non-Incapacitating Injury,NIGHT,N,N,N,N,N,N,Y,N,N,1,1,0,1,0,0,0,0,0,0,0,1,1,0,1,0,0,0,0,0,0,0,0,0,0,N,0,0,Y,0,0,0,0,2,600,1,2000,2600,1,0,0,Preliminary,Editor Mapped,586726.9307,2851418.3257,25.7783115357866,-80.1350413527953
25627494,2023,25-JAN-2023 02:39 PM,25-JAN-2023 12:00 AM,2023-7309,L,1,3,1,68,Miami-Dade,Miami Beach,Urban,1/25/2023 2:39:00 PM,1/25/2023 2:39:00 PM,1/25/2023 2:42:00 PM,1/25/2023 3:30:00 PM,Y,Law Enforcement,PENNSYLVANIA AVE,,,,96,South,ESPANOLA WAY,,Local,Paved,Not at Intersection,,Daylight,Clear,Dry,N,Angle,Motor Vehicle in Transport,On Roadway,N,Non-Junction,None,,,None,,,N,,,,,Off.,Miami Beach Police Department,Police Department (PD),2/2/2023 2:53:00 PM,2/2/2023 2:53:00 PM,8,Y,Single Vehicle,Other,Injury,Possible Injury,DAY,N,N,N,N,N,N,N,N,N,1,2,2,0,0,0,0,0,0,0,0,2,2,0,1,0,0,0,0,0,0,0,0,0,0,N,0,0,Y,0,0,1,0,2,200,1,2000,2200,0,0,0,Preliminary,Editor Mapped,586807.427,2852336.3868,25.7865960235026,-80.1341784266262
25627739,2023,25-APR-2023 08:57 PM,25-APR-2023 12:00 AM,2023-36413,L,1,2,1,68,Miami-Dade,Miami Beach,Urban,4/25/2023 8:57:00 PM,4/25/2023 8:58:00 PM,4/25/2023 8:59:00 PM,4/25/2023 9:30:00 PM,Y,Law Enforcement,OCEAN DR,,,,88,South,3RD ST,,Local,Paved,Not at Intersection,,Dark - Lighted,Clear,Dry,N,Angle,Motor Vehicle in Transport,On Roadway,N,Non-Junction,None,None,None,None,None,None,N,,,,,Off.,Miami Beach Police Department,Police Department (PD),5/3/2023 3:36:00 PM,5/3/2023 3:36:00 PM,8,Y,Single Vehicle,Other,Injury,Possible Injury,NIGHT,N,N,N,N,N,N,N,N,N,1,1,1,0,0,0,0,0,0,0,0,1,1,0,1,0,0,0,0,0,0,0,0,0,0,N,0,0,Y,0,0,1,0,0,0,1,200,200,0,0,0,Preliminary,Editor Mapped,586983.3948,2850697.8654,25.7717912002939,-80.1325310824791
25628018,2023,17-FEB-2023 06:00 PM,17-FEB-2023 12:00 AM,2023-14464,L,1,2,1,68,Miami-Dade,Miami Beach,Urban,2/17/2023 6:00:00 PM,2/17/2023 6:00:00 PM,2/17/2023 6:00:00 PM,2/17/2023 7:00:00 PM,Y,Law Enforcement,COLLINS AVE (SR A1A),4441,,,3,North,,,State,Paved,T-Intersection,,Dawn,Rain,Wet,N,Angle,Motor Vehicle in Transport,On Roadway,N,Intersection,None,,,None,,,N,,,,,Off.,Miami Beach Police Department,Police Department (PD),3/6/2023 2:29:00 PM,3/6/2023 2:29:00 PM,17,Y,Single Vehicle,Other,Injury,Non-Incapacitating Injury,DAY,N,N,N,N,N,N,Y,N,N,1,1,0,1,0,0,0,0,0,0,0,2,1,1,0,0,0,0,0,0,0,0,0,0,0,Y,0,0,Y,0,0,1,0,0,0,1,500,500,0,0,0,Preliminary,Editor Mapped,587861.9892,2855602.1892,25.8160201287126,-80.1234442481682
25628330,2023,01-MAR-2023 11:07 AM,01-MAR-2023 12:00 AM,2023-18573,L,1,2,1,68,Miami-Dade,Miami Beach,Urban,3/1/2023 11:12:00 AM,3/1/2023 11:12:00 AM,3/1/2023 11:16:00 AM,3/1/2023 12:16:00 PM,Y,Law Enforcement,JEFFERSON AVE,,,,182,North,10TH ST,,Local,Paved,Not at Intersection,,Daylight,Clear,Dry,N,Front to Rear,Motor Vehicle in Transport,On Roadway,N,Non-Junction,None,,,None,,,N,,,,,PSS,Miami Beach Police Department,Police Department (PD),3/8/2023 3:03:00 PM,3/8/2023 3:03:00 PM,7,Y,Single Vehicle,Other,Injury,Possible Injury,DAY,N,N,N,N,N,N,N,N,N,1,1,1,0,0,0,0,0,0,0,0,1,1,0,1,0,0,0,0,0,0,0,0,0,0,N,0,0,Y,0,0,1,0,2,1000,1,500,1500,0,0,0,Preliminary,Editor Mapped,586490.91,2851724.6945,25.7810917455146,-80.1373750519895
25628554,2023,21-MAR-2023 09:03 AM,21-MAR-2023 12:00 AM,2023-25908,L,1,2,1,68,Miami-Dade,Miami Beach,Urban,3/21/2023 9:03:00 AM,3/21/2023 9:06:00 AM,3/21/2023 9:08:00 AM,3/21/2023 9:45:00 AM,Y,Law Enforcement,WASHINGTON AVE,,,,0,,ESPANOLA WAY,,Local,Paved,Other,,Daylight,Clear,Dry,N,Other,Motor Vehicle in Transport,On Roadway,N,Intersection,None,,,None,,,N,,,,,Off.,Miami Beach Police Department,Police Department (PD),3/29/2023 2:49:00 PM,3/29/2023 2:49:00 PM,8,Y,Single Vehicle,Other,Injury,Non-Incapacitating Injury,DAY,N,N,N,N,N,N,Y,N,N,1,1,0,1,0,0,0,0,0,0,0,1,1,0,1,0,0,0,0,0,0,0,0,0,0,N,0,0,Y,0,0,1,0,2,200,1,100,300,1,0,0,Preliminary,Editor Mapped,587042.9205,2852373.3078,25.7869153885368,-80.1318273897258
25628597,2023,29-MAR-2023 07:32 AM,29-MAR-2023 12:00 AM,2023-28448,L,1,2,1,68,Miami-Dade,Miami Beach,Urban,3/29/2023 7:32:00 AM,3/29/2023 7:42:00 AM,3/29/2023 7:50:00 AM,3/29/2023 8:40:00 AM,Y,Law Enforcement,PRAIRIE AVE,,,,0,,DADE BLVD,,Local,Paved,Four-Way Intersection,,Daylight,Clear,Dry,N,Other,Motor Vehicle in Transport,On Roadway,N,Intersection,None,,,None,,,N,,,,,Off.,Miami Beach Police Department,Police Department (PD),4/5/2023 2:26:00 PM,4/5/2023 2:26:00 PM,7,Y,Single Vehicle,Other,Injury,Possible Injury,DAY,N,N,N,N,N,N,Y,N,N,1,1,1,0,0,0,0,0,0,0,0,1,1,0,1,0,0,0,0,0,0,0,0,0,0,N,0,0,Y,0,0,1,0,2,50,1,1,51,0,0,0,Preliminary,Editor Mapped,586734.3763,2853481.755,25.7969419861903,-80.1348319168364
25628904,2023,21-APR-2023 08:44 PM,21-APR-2023 12:00 AM,2023-35261,L,1,2,1,68,Miami-Dade,Miami Beach,Urban,4/21/2023 8:44:00 PM,4/21/2023 8:44:00 PM,4/21/2023 8:45:00 PM,4/21/2023 9:00:00 PM,Y,Law Enforcement,ALTON RD,,,,0,,6TH ST,,State,Paved,Y-Intersection,,Dark - Lighted,Clear,Dry,N,Angle,Motor Vehicle in Transport,On Roadway,N,Intersection,None,,,None,,,N,,,,,,Miami Beach Police Department,Police Department (PD),5/9/2023 3:29:00 PM,5/9/2023 3:29:00 PM,18,Y,Single Vehicle,Other,Injury,Non-Incapacitating Injury,NIGHT,N,N,N,N,N,N,Y,N,N,1,1,0,1,0,0,0,0,0,0,0,1,1,0,1,0,0,0,0,0,0,0,0,0,0,N,0,0,Y,0,0,0,0,2,100,1,300,400,0,0,0,Preliminary,Editor Mapped,586160.3638,2851116.0385,25.7756156269815,-80.1407110815997
25628998,2023,07-APR-2023 05:50 PM,07-APR-2023 12:00 AM,2023-31275,L,1,2,1,68,Miami-Dade,Miami Beach,Urban,4/7/2023 5:55:00 PM,4/7/2023 5:55:00 PM,4/7/2023 6:00:00 PM,4/7/2023 6:00:00 PM,Y,Law Enforcement,17TH ST,,,,0,,LENOX AVE,,Local,Curb,Four-Way Intersection,,Daylight,Clear,Dry,N,Angle,Motor Vehicle in Transport,On Roadway,N,Intersection,None,,,None,,,N,,,,,Off.,Miami Beach Police Department,Police Department (PD),4/20/2023 3:36:00 PM,4/20/2023 3:36:00 PM,13,Y,Single Vehicle,Other,Injury,Possible Injury,DAY,N,N,N,N,N,N,Y,N,N,1,1,1,0,0,0,0,0,0,0,0,1,1,0,1,0,0,0,0,0,0,0,0,0,0,N,0,0,Y,0,0,1,0,2,6000,1,500,6500,0,0,0,Preliminary,Editor Mapped,586221.728,2852932.4867,25.7920129197691,-80.1399808659892
25629166,2023,15-JUN-2023 07:03 PM,15-JUN-2023 12:00 AM,2023-51405,L,1,2,1,68,Miami-Dade,Miami Beach,Urban,6/15/2023 7:05:00 PM,6/15/2023 7:26:00 PM,6/15/2023 7:57:00 PM,6/15/2023 8:50:00 PM,Y,Law Enforcement,15TH ST,,,,0,,MERIDIAN AVE,,Local,Curb,Not at Intersection,,Daylight,Clear,Dry,N,Front to Rear,Motor Vehicle in Transport,On Roadway,N,Non-Junction,None,,,None,,,N,,,,,Off.,Miami Beach Police Department,Police Department (PD),7/4/2023 3:46:00 PM,7/4/2023 3:46:00 PM,19,N,Single Vehicle,Other,No Injury,No Injury,NIGHT,N,N,N,N,N,N,N,N,N,2,0,0,0,0,0,0,0,0,0,0,1,1,0,1,0,0,0,0,0,0,0,0,0,0,N,0,0,Y,0,0,1,0,2,200,1,1000,1200,0,0,0,Preliminary,Editor Mapped,586569.177,2852430.4296,25.7874592680725,-80.1365483796271
25629192,2023,13-JUL-2023 10:53 AM,13-JUL-2023 12:00 AM,2023-58837,L,1,3,1,68,Miami-Dade,Miami Beach,Urban,7/13/2023 10:53:00 AM,7/13/2023 10:58:00 AM,7/13/2023 10:58:00 AM,7/13/2023 12:00:00 PM,Y,Law Enforcement,VENETIAN CSWY,,,,0,,ISLAND AVE,,County,Paved,Y-Intersection,,Daylight,Clear,Dry,N,"Sideswipe, Same Direction",Motor Vehicle in Transport,On Roadway,N,Intersection,None,,,None,,,N,,,,,,Miami Beach Police Department,Police Department (PD),7/20/2023 2:53:00 PM,7/20/2023 2:53:00 PM,7,Y,Single Vehicle,Other,Injury,Possible Injury,DAY,N,N,N,N,N,N,Y,N,N,2,1,1,0,0,0,0,0,0,0,0,1,1,0,1,0,0,1,0,0,0,0,0,0,0,N,0,0,Y,0,0,1,0,0,0,1,100,100,0,0,0,Preliminary,Computer mapped approximate by address,585295.1307,2852855.8538,25.7913753433407,-80.1492273392796
25629332,2023,17-JUL-2023 12:10 AM,17-JUL-2023 12:00 AM,2023-59890,L,1,2,1,68,Miami-Dade,Miami Beach,Urban,7/17/2023 12:20:00 AM,7/17/2023 12:21:00 AM,7/17/2023 12:23:00 AM,7/17/2023 12:50:00 AM,Y,Law Enforcement,71ST ST (SR 934),,,,0,,DICKENS AVE,,State,Curb,Not at Intersection,,Dark - Lighted,Clear,Dry,N,Front to Rear,Motor Vehicle in Transport,On Roadway,N,Non-Junction,None,,,None,,,N,,,,,,Miami Beach Police Department,Police Department (PD),7/31/2023 2:45:00 PM,7/31/2023 2:45:00 PM,14,Y,Single Vehicle,Other,Injury,Possible Injury,NIGHT,N,N,N,Y,N,N,N,N,N,1,1,1,0,0,0,0,0,0,0,0,1,1,0,1,0,0,0,0,0,0,0,0,0,0,N,0,0,Y,0,0,1,0,1,500,1,500,1000,1,0,0,Preliminary,Editor Mapped,587661.5822,2860028.0259,25.8559930874531,-80.1251496166953
25629434,2023,21-MAY-2023 10:26 AM,21-MAY-2023 12:00 AM,2023-44111,L,1,2,1,68,Miami-Dade,Miami Beach,Urban,5/21/2023 10:26:00 AM,5/21/2023 10:29:00 AM,5/21/2023 10:42:00 AM,5/21/2023 2:45:00 PM,Y,Law Enforcement,CRESPI BLVD,,,,0,,81ST ST,,Local,Curb,Not at Intersection,,Daylight,Clear,Dry,N,Other,Ran into Water/Canal,On Roadway,N,Non-Junction,Other,,,None,,,N,,,,,Off.,Miami Beach Police Department,Police Department (PD),6/1/2023 2:54:00 PM,6/1/2023 2:54:00 PM,11,Y,Single Vehicle,Other,Injury,Non-Incapacitating Injury,DAY,N,N,N,N,N,N,N,N,N,1,1,0,1,0,0,0,0,0,0,0,1,1,0,1,0,0,0,0,0,0,0,0,0,0,N,0,0,Y,0,0,0,0,2,200,1,0,200,0,0,0,Preliminary,Editor Mapped,587617.3092,2861206.1368,25.8666328855748,-80.1255131404984
25630035,2023,04-SEP-2023 11:22 AM,04-SEP-2023 12:00 AM,2023-74557,L,1,2,1,68,Miami-Dade,Miami Beach,Urban,9/4/2023 11:23:00 AM,9/4/2023 11:24:00 AM,9/4/2023 11:27:00 AM,9/4/2023 11:59:00 AM,Y,Law Enforcement,5TH ST (SR A1A),,,,0,,JEFFERSON AVE,,State,Paved,Not at Intersection,,Daylight,Clear,Dry,N,Angle,Pedalcycle,On Roadway,N,Driveway/Alley Access Related,None,,,None,,,N,,,,,Off.,Miami Beach Police Department,Police Department (PD),9/13/2023 3:12:00 PM,9/13/2023 3:12:00 PM,9,Y,Bicycle,Bicycle,Injury,Non-Incapacitating Injury,DAY,N,N,N,N,N,N,N,N,N,1,1,0,1,0,0,0,0,0,0,0,1,1,0,1,0,0,0,0,0,0,0,0,0,0,N,0,0,Y,0,0,1,0,2,50,1,1,51,1,0,0,Preliminary,Editor Mapped,586618.5453,2851001.9952,25.7745588640271,-80.1361494445122
25630307,2023,21-AUG-2023 03:06 PM,21-AUG-2023 12:00 AM,2023-70275,L,1,2,1,68,Miami-Dade,Miami Beach,Urban,8/21/2023 3:06:00 PM,8/21/2023 3:08:00 PM,8/21/2023 3:10:00 PM,8/21/2023 3:32:00 PM,Y,Law Enforcement,WEST AVE,,,,0,,15TH ST,,Local,Curb,Four-Way Intersection,,Daylight,Clear,Dry,N,Angle,Motor Vehicle in Transport,On Roadway,N,Non-Junction,None,,,None,,,N,,,,,Off.,Miami Beach Police Department,Police Department (PD),9/1/2023 4:33:00 PM,9/1/2023 4:33:00 PM,11,Y,Single Vehicle,Other,Injury,Non-Incapacitating Injury,DAY,N,N,N,N,N,N,N,N,N,1,1,0,1,0,0,0,0,0,0,0,1,1,0,1,0,0,0,0,0,0,0,0,0,0,N,0,0,Y,0,0,1,0,2,1000,1,1500,2500,1,0,0,Preliminary,Editor Mapped,585996.7295,2852404.565,25.7872595102269,-80.1422592106425
25630617,2023,28-SEP-2023 01:10 PM,28-SEP-2023 12:00 AM,2023-81995,L,1,2,1,68,Miami-Dade,Miami Beach,Urban,9/28/2023 1:12:00 PM,9/28/2023 1:15:00 PM,9/28/2023 1:16:00 PM,9/28/2023 2:00:00 PM,Y,Law Enforcement,HARDING AVE (SR A1A),,,,0,,74TH ST,,State,Paved,Four-Way Intersection,,Daylight,Cloudy,Dry,N,Angle,Motor Vehicle in Transport,On Roadway,N,Intersection,None,,,None,,,N,,,,,Off.,Miami Beach Police Department,Police Department (PD),10/18/2023 7:56:00 PM,10/18/2023 7:56:00 PM,20,Y,Single Vehicle,Other,Injury,Non-Incapacitating Injury,DAY,N,N,N,N,N,N,Y,N,N,1,1,0,1,0,0,0,0,0,0,0,1,1,0,1,0,0,0,0,0,0,0,0,0,0,N,0,0,Y,0,0,1,0,2,200,1,5000,5200,0,0,0,Preliminary,Editor Mapped,587956.1453,2860420.6421,25.8595202674036,-80.1221840109544
25630878,2023,28-AUG-2023 03:35 PM,28-AUG-2023 12:00 AM,2023-72384,L,1,2,1,68,Miami-Dade,Miami Beach,Urban,8/28/2023 3:39:00 PM,8/28/2023 3:40:00 PM,8/28/2023 3:42:00 PM,8/28/2023 5:18:00 PM,Y,Law Enforcement,MERIDIAN AVE,,,,62,North,10TH ST,,Local,Paved,Not at Intersection,Y,Daylight,Clear,Dry,N,Angle,Pedalcycle,On Roadway,N,Non-Junction,None,,,None,,,N,,,,,PSS,Miami Beach Police Department,Police Department (PD),9/6/2023 4:36:00 PM,9/6/2023 4:36:00 PM,9,N,Bicycle,Bicycle,No Injury,No Injury,DAY,N,N,N,N,N,N,N,N,N,2,0,0,0,0,0,0,0,0,0,0,1,1,0,1,0,0,0,0,0,0,0,0,0,0,N,0,0,Y,0,0,0,0,2,400,1,700,1100,0,0,0,Preliminary,Editor Mapped,586606.2929,2851692.2603,25.7807920667583,-80.1362264951768
25631564,2023,23-OCT-2023 07:22 AM,23-OCT-2023 12:00 AM,2023-90465,L,1,2,1,68,Miami-Dade,Miami Beach,Urban,10/23/2023 7:22:00 AM,10/23/2023 7:24:00 AM,10/23/2023 7:31:00 AM,10/23/2023 8:30:00 AM,Y,Law Enforcement,LIBERTY AVE,,,,0,,19TH ST,,Local,Paved,Not at Intersection,,Daylight,Clear,Dry,N,Other,Motor Vehicle in Transport,On Roadway,N,Non-Junction,None,,,None,,,N,,,,,PSS,Miami Beach Police Department,Police Department (PD),10/30/2023 7:22:00 PM,10/30/2023 7:22:00 PM,7,Y,Single Vehicle,Other,Injury,Possible Injury,DAY,N,N,N,N,N,N,N,N,N,1,1,1,0,0,0,0,0,0,0,0,1,1,0,1,0,0,0,0,0,0,0,0,0,0,N,0,0,Y,0,0,1,0,2,600,1,300,900,0,0,0,Preliminary,Editor Mapped,587172.7736,2853284.1092,25.7951313493804,-80.1304723605008
25631709,2023,11-NOV-2023 10:17 AM,11-NOV-2023 12:00 AM,2023-97437,L,1,1,1,68,Miami-Dade,Miami Beach,Urban,11/11/2023 10:17:00 AM,11/11/2023 10:21:00 AM,11/11/2023 10:25:00 AM,11/11/2023 11:15:00 AM,,Law Enforcement,VENETIAN CSWY,,,,86,West,PURDY AVE,,County,Paved,Not at Intersection,,Daylight,Clear,Dry,N,Front to Rear,Motor Vehicle in Transport,On Roadway,N,Non-Junction,None,,,None,,,N,,,,,Off.,Miami Beach Police Department,Police Department (PD),11/22/2023 7:56:00 PM,11/22/2023 7:56:00 PM,11,Y,Single Vehicle,Other,Injury,Possible Injury,DAY,N,N,N,N,N,Y,N,N,N,0,1,1,0,0,0,0,0,0,0,0,1,1,0,0,0,0,0,0,0,0,0,0,0,0,N,0,0,Y,0,0,0,0,1,500,1,100,600,1,0,0,Preliminary,Editor Mapped,585761.9008,2852887.3328,25.7916322656511,-80.144569932926
25636697,2023,12-MAY-2023 02:20 PM,12-MAY-2023 02:38 PM,NPD23CAD016868,L,1,2,43,42,Okaloosa,Niceville,Urban,5/12/2023 2:25:00 PM,5/12/2023 2:27:00 PM,5/12/2023 2:30:00 PM,5/12/2023 2:53:00 PM,Y,Law Enforcement,SB EVANS ST,,30.52321,-86.49744,0,,WB STATE ROAD 85,,State,Curb,T-Intersection,N,Daylight,Cloudy,Dry,N,Other,Pedestrian,On Roadway,Y,Intersection,None,,,None,,,N,,,,,OFFICER,Niceville Police Department,Police Department (PD),5/13/2023 3:22:00 PM,5/13/2023 3:22:00 PM,1,Y,Pedestrian,Pedestrian,Injury,Possible Injury,DAY,N,N,N,Y,N,N,Y,N,N,1,1,1,0,0,0,0,0,0,0,0,1,1,0,1,0,0,0,0,0,0,0,0,0,0,N,0,0,Y,0,0,1,0,0,0,1,1,1,1,0,0,Preliminary,Editor Mapped,-27804.4031999996,3389644.3491,30.5231721522853,-86.497416645794
25636811,2023,11-JUL-2023 02:15 PM,11-JUL-2023 02:55 PM,NPD23CAD023679,L,1,2,43,42,Okaloosa,Niceville,Urban,7/11/2023 2:48:00 PM,7/11/2023 2:51:00 PM,7/11/2023 2:52:00 PM,7/11/2023 3:30:00 PM,Y,Law Enforcement,EAST JOHN SIMS PARKWAY,796,30.5193,-86.4788,210,West,,,Parking Lot,Curb,Not at Intersection,N,Daylight,Clear,Dry,N,Angle,Motor Vehicle in Transport,In Parking Lane or Zone,N,Non-Junction,None,,,None,,,N,,,,,OFFICER,Niceville Police Department,Police Department (PD),7/21/2023 2:51:00 PM,7/21/2023 2:51:00 PM,10,N,Single Vehicle,Other,No Injury,No Injury,DAY,N,N,N,Y,N,N,N,N,N,2,0,0,0,0,0,0,0,0,0,0,1,1,0,1,0,0,0,0,0,0,0,0,0,0,N,0,0,Y,0,0,0,0,1,1,1,100,101,0,0,0,Preliminary,Editor Mapped,-26033.0164999999,3389088.3756,30.5189545959229,-86.4787566035135
25649119,2023,12-JAN-2023 04:59 PM,12-JAN-2023 06:05 PM,HCSO23CAD003001,L,1,2,49,40,Hendry,Clewiston,Rural,1/12/2023 4:59:00 PM,1/12/2023 5:07:00 PM,1/12/2023 5:09:00 PM,1/12/2023 5:44:00 PM,Y,Law Enforcement,BLOCK OF MISSISSIPPI AVE,900,26.73321,-80.94574,13,North,MARYLAND,,Local,Unpaved,Not at Intersection,N,Daylight,Clear,Dry,N,Other,Pedestrian,On Roadway,N,Non-Junction,None,,,None,,,N,,,,,DEPUTY SHE,Hendry County Sheriff's Office,Sheriff's Office (SO),1/17/2023 2:47:00 PM,1/17/2023 2:47:00 PM,5,Y,Pedestrian,Pedestrian,Injury,Possible Injury,DAY,N,N,N,N,N,N,N,N,N,1,1,1,0,0,0,0,0,0,0,0,1,1,0,1,0,0,0,0,0,0,0,0,0,0,N,0,0,Y,0,0,1,0,0,0,1,100,100,1,0,0,Preliminary,Editor Mapped,505394.1848,2956827.2647,26.7326661133255,-80.9457591405072
25653274,2023,23-MAY-2023 12:09 PM,23-MAY-2023 12:00 AM,2023-021783,L,1,3,5,0,Polk,Unincorporated,Rural,5/23/2023 12:10:00 PM,5/23/2023 12:10:00 PM,5/23/2023 12:10:00 PM,5/23/2023 12:50:00 PM,Y,Law Enforcement,POSNER BLVD,,,,0,,MAIN VIEW DRIVE,,Local,Curb,T-Intersection,Y,Daylight,Clear,Dry,N,Other,Pedalcycle,On Roadway,N,Intersection,None,None,,None,,,N,,,,,,Polk County Sheriff's Office,Sheriff's Office (SO),6/27/2023 3:33:00 PM,6/27/2023 3:33:00 PM,35,Y,Bicycle,Bicycle,Injury,Possible Injury,DAY,N,N,N,Y,N,N,Y,N,N,1,2,2,0,0,0,0,0,0,0,0,2,2,0,1,0,0,0,0,0,0,0,0,0,0,N,0,0,Y,0,0,0,0,0,0,1,0,0,0,0,0,Preliminary,Computer mapped confident by address,436869.8257,3122491.4368,28.2267747092392,-81.6434168632569
25657515,2023,17-MAR-2023 12:15 PM,17-MAR-2023 12:00 AM,2023-00099716,L,1,3,7,46,Orange,Orlando,Urban,3/17/2023 12:24:00 PM,3/17/2023 12:24:00 PM,3/17/2023 12:24:00 PM,3/17/2023 1:00:00 PM,Y,Law Enforcement,ROSALIND AVE,,,,0,,E CHURCH ST,,Local,Curb,Four-Way Intersection,,Daylight,Clear,Dry,N,"Sideswipe, Same Direction",Motor Vehicle in Transport,On Roadway,N,Non-Junction,None,None,None,None,None,None,N,,,,,OFC.,Orlando Police Department,Police Department (PD),3/26/2023 2:16:00 PM,3/26/2023 2:16:00 PM,9,N,Single Vehicle,Other,No Injury,No Injury,DAY,N,N,N,N,N,N,N,Y,N,3,0,0,0,0,0,0,0,0,0,0,1,1,0,1,0,0,1,0,0,0,0,0,0,0,N,0,0,Y,0,0,0,0,0,0,1,0,0,0,0,0,Preliminary,Editor Mapped,463233.0077,3157122.1361,28.5403721169697,-81.3758327685932
25657959,2023,03-FEB-2023 08:15 AM,03-FEB-2023 12:00 AM,2023-00044190,L,1,3,7,46,Orange,Orlando,Urban,2/3/2023 8:15:00 AM,2/3/2023 8:15:00 AM,2/3/2023 8:15:00 AM,2/3/2023 8:15:00 AM,Y,Law Enforcement,NARCOOSSEE RD,9592,,,11,North,,,Parking Lot,Curb,Not at Intersection,,Daylight,Cloudy,Dry,N,Other,Pedestrian,Off Roadway,N,Non-Junction,None,,,None,,,N,,,,,CSO.,Orlando Police Department,Police Department (PD),2/16/2023 6:53:00 PM,2/16/2023 6:53:00 PM,13,N,Pedestrian,Pedestrian,No Injury,No Injury,DAY,N,N,N,N,N,N,N,N,N,3,0,0,0,0,0,0,0,0,0,0,1,1,0,1,0,0,1,0,0,0,0,0,0,0,N,0,0,Y,0,0,0,0,0,0,0,0,0,0,0,0,Preliminary,Editor Mapped,474973.0476,3144550.0458,28.4271683811376,-81.2555537457406
25660056,2023,13-APR-2023 10:50 AM,13-APR-2023 12:00 AM,2023-00135423,L,1,1,7,46,Orange,Orlando,Urban,4/13/2023 11:04:00 AM,4/13/2023 11:23:00 AM,4/13/2023 11:40:00 AM,4/13/2023 12:30:00 PM,Y,Law Enforcement,2500 BLOCK S.R. 50 (W. COLONIAL DRIVE),,,,214,East,S.R. 423 (N. JOHN YOUNG PARKWAY,,State,Curb,Not at Intersection,,Daylight,Cloudy,Dry,N,Front to Rear,Motor Vehicle in Transport,On Roadway,N,Non-Junction,None,,,None,,,N,,,,,OFC.,Orlando Police Department,Police Department (PD),4/20/2023 3:36:00 PM,4/20/2023 3:36:00 PM,7,Y,Single Vehicle,Other,Serious Injury,Incapacitating Injury,DAY,N,N,Y,N,N,Y,N,N,N,0,1,0,0,1,0,0,0,0,0,0,1,1,0,0,0,0,0,0,0,0,0,0,0,0,N,0,0,Y,1,0,0,0,0,0,0,0,0,1,0,0,Verified,n/a,459596.0771,3158498.0272,28.552683403878,-81.4130572246983
25665877,2023,11-JAN-2023 03:18 PM,11-JAN-2023 12:00 AM,2023000939,L,1,3,48,0,Clay,Unincorporated,Rural,1/11/2023 3:18:00 PM,1/11/2023 3:19:00 PM,1/11/2023 3:24:00 PM,1/11/2023 4:32:00 PM,Y,Law Enforcement,LOGAN AVE,,30.133583,-81.781766,0,,BLANDING BLVD,,Local,Paved,Four-Way Intersection,N,Daylight,Clear,Dry,N,,Pedalcycle,On Roadway,N,Other,None,,,None,,,N,,,,,DEP,Clay County Sheriff's Office,Sheriff's Office (SO),1/22/2023 2:44:00 PM,3/7/2023 3:29:00 PM,11,Y,Bicycle,Bicycle,Injury,Possible Injury,DAY,N,N,N,N,N,N,N,N,N,2,1,1,0,0,0,0,0,0,0,0,2,2,0,1,1,0,0,0,0,0,0,0,0,0,N,0,0,Y,0,0,0,0,0,0,1,0,0,2,0,0,Preliminary,Editor Mapped,424700.937,3333845.3155,30.1335815220097,-81.7817614357195
25670378,2023,31-MAR-2023 07:40 AM,31-MAR-2023 12:00 AM,23003581,L,2,2,1,46,Miami-Dade,Florida City,Urban,3/31/2023 7:46:00 AM,3/31/2023 7:46:00 AM,3/31/2023 7:49:00 AM,3/31/2023 8:45:00 AM,Y,Law Enforcement,US-1,,25.457916,-80.475061,0,East,SW 33300 BLK,,U.S.,Paved,Four-Way Intersection,N,Daylight,Clear,Dry,N,,Pedalcycle,On Roadway,N,Intersection-Related,None,,,None,,,N,,,,,OFFICER,Florida City Police Department,Police Department (PD),4/2/2023 2:13:00 PM,4/2/2023 2:13:00 PM,2,Y,Bicycle,Bicycle,Injury,Possible Injury,DAY,N,N,N,N,N,N,Y,N,N,1,1,1,0,0,0,0,0,0,0,0,1,1,0,1,0,0,0,0,0,0,0,0,0,0,N,0,0,Y,0,0,0,0,0,0,2,1000,1000,0,0,0,Preliminary,Editor Mapped,552780.8545,2815763.4332,25.4579682297753,-80.4749915757097
25671849,2023,02-MAY-2023 08:22 PM,02-MAY-2023 10:27 PM,261703,L,1,2,2,38,Duval,Jacksonville,Urban,5/2/2023 8:23:00 PM,5/2/2023 8:23:00 PM,5/2/2023 8:33:00 PM,5/2/2023 10:27:00 PM,N,Law Enforcement,103RD ST,9500,30.247682461374,-81.812948345362,177,West,MONROE SMITH RD,,State,Curb,Not at Intersection,N,Dusk,Clear,Dry,N,Other,Pedalcycle,Off Roadway,N,Non-Junction,None,,,None,,,N,,,,,OFFICER,Jacksonville Sheriff's Office,Sheriff's Office (SO),5/3/2023 3:36:00 PM,5/3/2023 3:36:00 PM,1,Y,Bicycle,Bicycle,Serious Injury,Incapacitating Injury,NIGHT,N,N,N,N,N,Y,N,N,N,0,2,1,0,1,0,0,0,0,0,0,2,2,0,0,0,0,0,0,0,0,0,0,0,0,N,0,0,Y,1,0,0,0,1,500,0,0,500,1,0,0,Verified,n/a,421787.4608,3346509.9783,30.2476767520171,-81.8129450494604
25675888,2023,07-APR-2023 09:30 PM,07-APR-2023 09:44 PM,207066,L,1,2,2,38,Duval,Jacksonville,Urban,4/7/2023 9:32:00 PM,4/7/2023 9:33:00 PM,4/7/2023 9:40:00 PM,4/7/2023 9:47:00 PM,Y,Law Enforcement,OLD BAYMEADOWS RD,9946,30.2206902551667,-81.5532204318771,,,ENTRANCE TO PUBLIX,,Local,Curb,Not at Intersection,N,Dark - Lighted,Clear,Dry,N,Angle,Pedalcycle,On Roadway,N,Non-Junction,None,,,None,,,N,,,,,OFFICER,Jacksonville Sheriff's Office,Sheriff's Office (SO),4/9/2023 2:10:00 PM,4/9/2023 2:10:00 PM,2,Y,Bicycle,Bicycle,Injury,Non-Incapacitating Injury,NIGHT,N,N,N,N,N,N,N,N,N,1,1,0,1,0,0,0,0,0,0,0,1,1,0,1,0,0,0,0,0,0,0,0,0,0,N,0,0,Y,0,0,0,0,0,0,0,0,0,1,0,0,Preliminary,Editor Mapped,446762.0514,3343368.6771,30.2206837445175,-81.5532116864348
25676655,2023,09-FEB-2023 09:25 AM,09-FEB-2023 09:55 AM,82836,L,1,2,2,38,Duval,Jacksonville,Urban,2/9/2023 9:31:00 AM,2/9/2023 9:33:00 AM,2/9/2023 9:41:00 AM,2/9/2023 10:39:00 AM,Y,Law Enforcement,ARLINGTON EXPY,,30.32166566179,-81.551638404676,0,,ATLANTIC BLVD,,State,Curb,Four-Way Intersection,N,Daylight,Clear,Dry,N,Angle,Pedalcycle,On Roadway,N,Intersection,None,,,None,,,N,,,,,OFFICER,Jacksonville Sheriff's Office,Sheriff's Office (SO),2/16/2023 6:53:00 PM,2/16/2023 6:53:00 PM,7,Y,Bicycle,Bicycle,Injury,Non-Incapacitating Injury,DAY,N,N,N,N,N,N,Y,N,N,1,1,0,1,0,0,0,0,0,0,0,1,1,0,1,0,1,0,0,0,0,0,0,0,0,N,0,0,Y,0,0,1,0,0,0,1,500,500,1,0,0,Preliminary,Editor Mapped,446973.5216,3354558.565,30.3216685178163,-81.5515785922695
25689788,2023,06-SEP-2023 12:01 PM,13-SEP-2023 07:48 AM,540574,L,1,2,2,38,Duval,Jacksonville,Urban,9/6/2023 12:01:00 PM,9/6/2023 12:01:00 PM,9/6/2023 12:20:00 PM,9/6/2023 1:35:00 PM,Y,Law Enforcement,GRAN BAY PKWY W,,30.1373996750416,-81.5302644760227,675,South,BREAKERS DR,,Local,Curb,Four-Way Intersection,N,Daylight,Clear,Dry,N,Other,Pedalcycle,On Roadway,N,Intersection,None,,,None,,,N,,,,,CSO,Jacksonville Sheriff's Office,Sheriff's Office (SO),9/8/2023 5:28:00 PM,9/14/2023 2:50:00 PM,2,Y,Bicycle,Bicycle,Injury,Possible Injury,DAY,N,N,N,Y,N,N,Y,N,N,1,1,1,0,0,0,0,0,0,0,0,1,1,0,1,0,0,0,0,0,0,0,0,0,0,N,0,0,Y,0,0,1,0,1,4000,1,2000,6000,1,0,0,Preliminary,Editor Mapped,448927.8701,3334128.301,30.1373918605348,-81.5302601121316
25691773,2023,04-MAY-2023 09:38 AM,04-MAY-2023 12:00 AM,23-01093,L,1,2,8,48,Volusia,Orange City,Urban,5/4/2023 9:38:00 AM,5/4/2023 9:40:00 AM,5/4/2023 9:43:00 AM,5/4/2023 10:11:00 AM,Y,Law Enforcement,SAXON,901,28.913842,-81.289384,,,,,Local,Paved,Not at Intersection,N,Daylight,Clear,Dry,N,,Pedalcycle,In Parking Lane or Zone,N,Other,None,,,None,,,N,,,,,CSA,Orange City Police Department,Police Department (PD),5/11/2023 3:27:00 PM,5/11/2023 3:27:00 PM,7,N,Bicycle,Bicycle,No Injury,No Injury,DAY,N,N,N,N,N,N,N,N,N,2,0,0,0,0,0,0,0,0,0,0,1,1,0,1,0,0,0,0,0,0,0,0,0,0,N,0,0,Y,0,0,0,0,0,0,1,50,50,0,0,0,Preliminary,Editor Mapped,471791.2912,3198473.8537,28.9138357033997,-81.2893770135364
25695572,2023,05-AUG-2023 08:42 PM,05-AUG-2023 12:00 AM,2023006761,L,1,3,15,32,Manatee,Bradenton,Urban,8/5/2023 8:42:00 PM,8/5/2023 8:43:00 PM,8/5/2023 8:51:00 PM,8/5/2023 9:19:00 PM,Y,Law Enforcement,MARTINIQUE DR,,27.496374,-82.685206,0,,MANATEE AVE W,,State,Unpaved,T-Intersection,N,Dark - Not Lighted,Clear,Dry,N,,Pedestrian,On Roadway,N,Intersection-Related,None,,,None,,,N,,,,,OFFICER,Bradenton Police Department,Police Department (PD),8/11/2023 3:01:00 PM,8/11/2023 3:01:00 PM,6,N,Pedestrian,Pedestrian,No Injury,No Injury,NIGHT,N,N,N,N,N,N,Y,N,N,3,0,0,0,0,0,0,0,0,0,0,1,1,0,1,1,0,1,0,0,0,0,0,0,0,N,0,0,Y,0,0,1,0,0,0,1,10,10,0,0,0,Preliminary,Editor Mapped,333532.3066,3042543.289,27.4963528455103,-82.6851669172051
25696209,2023,26-DEC-2023 05:30 PM,26-DEC-2023 12:00 AM,2023010896,L,1,2,15,32,Manatee,Bradenton,Urban,12/26/2023 7:23:00 PM,12/26/2023 7:26:00 PM,12/26/2023 7:33:00 PM,12/26/2023 5:30:00 PM,N,Law Enforcement,6TH AVE E,702,,,,,,,Parking Lot,Paved,Not at Intersection,N,Daylight,Clear,Dry,N,,Pedestrian,In Parking Lane or Zone,N,Other,None,,,None,,,N,,,,,OFFICER,Bradenton Police Department,Police Department (PD),12/31/2023 7:10:00 PM,12/31/2023 7:10:00 PM,5,Y,Pedestrian,Pedestrian,Injury,Non-Incapacitating Injury,DAY,N,N,N,Y,N,Y,N,N,N,1,1,0,1,0,0,0,0,0,0,0,1,1,0,1,0,0,0,0,0,0,0,0,0,0,N,0,0,Y,0,0,0,0,0,0,0,0,0,0,0,1,Preliminary,Editor Mapped,346341.6396,3042057.5261,27.4934787862558,-82.5554756942331
25696819,2023,03-MAR-2023 07:59 AM,03-MAR-2023 12:00 AM,2023-07054,S,1,2,40,0,Hernando,Unincorporated,Rural,3/3/2023 7:59:00 AM,3/3/2023 8:03:00 AM,3/3/2023 8:14:00 AM,3/3/2023 8:47:00 AM,Y,Law Enforcement,LANDOVER BLVD,,28.495134,-82.550712,0,,NORTHCLIFFE BLVD,,County,Curb,Four-Way Intersection,N,Daylight,Clear,Dry,N,,Pedalcycle,On Roadway,N,Intersection,None,,,None,,,N,,,,,DEPUTY,Hernando County Sheriff's Office,Sheriff's Office (SO),3/7/2023 3:29:00 PM,3/7/2023 3:29:00 PM,4,N,Bicycle,Bicycle,No Injury,No Injury,DAY,N,N,N,N,N,N,Y,N,N,2,0,0,0,0,0,0,0,0,0,0,1,1,0,1,0,0,0,0,0,0,0,0,0,0,N,0,0,Y,0,0,0,0,0,0,1,500,500,0,0,0,Preliminary,Officer Mapped,348222.8307,3153032.398,28.4951291835325,-82.5507087031291
25698138,2023,14-JUL-2023 02:44 PM,14-JUL-2023 12:00 AM,2023-22716,L,1,3,40,30,Hernando,Brooksville,Urban,7/14/2023 2:47:00 PM,7/14/2023 2:47:00 PM,7/14/2023 2:56:00 PM,7/14/2023 3:47:00 PM,Y,Law Enforcement,BROAD ST,318,28.539311,-82.404141,338,,,,Parking Lot,Paved,Not at Intersection,N,Daylight,Clear,Dry,N,,Pedalcycle,Shoulder,N,Non-Junction,None,,,None,,,N,,,,,DEPUTY,Hernando County Sheriff's Office,Sheriff's Office (SO),7/15/2023 2:48:00 PM,7/15/2023 2:48:00 PM,1,Y,Bicycle,Bicycle,Injury,Non-Incapacitating Injury,DAY,N,N,N,N,N,N,N,N,N,2,1,0,1,0,0,0,0,0,0,0,1,1,0,1,0,0,1,0,0,0,0,0,0,0,N,0,0,Y,0,0,0,0,0,0,1,100,100,0,0,0,Preliminary,Editor Mapped,362627.1153,3157749.7331,28.5392970133733,-82.4041420747395
25700202,2023,01-JUN-2023 05:01 PM,01-JUN-2023 12:00 AM,23005644,L,1,2,10,31,Broward,Coral Springs,Urban,6/1/2023 5:01:00 PM,6/1/2023 5:04:00 PM,6/1/2023 5:11:00 PM,6/1/2023 5:11:00 PM,Y,Law Enforcement,NW 87TH AV,,,,0,,W SAMPLE RD,,Local,Unpaved,Not at Intersection,N,Daylight,Clear,Dry,N,Other,Pedalcycle,On Roadway,N,Intersection-Related,None,,,None,,,N,,,,,,Coral Springs Police Department,Police Department (PD),6/7/2023 2:55:00 PM,6/7/2023 2:55:00 PM,6,Y,Bicycle,Bicycle,Serious Injury,Incapacitating Injury,DAY,N,N,N,N,N,N,Y,N,N,1,1,0,0,1,0,0,0,0,0,0,1,1,0,1,0,0,0,0,0,0,0,0,0,0,N,0,0,Y,1,0,1,0,0,0,1,300,300,1,0,0,Verified,n/a,575632.2451,2906045.6243,26.2721592347414,-80.2425240767571
25701414,2023,28-SEP-2023 11:09 AM,12-OCT-2023 12:00 AM,23009834,L,1,2,10,31,Broward,Coral Springs,Urban,9/28/2023 11:09:00 AM,9/28/2023 11:10:00 AM,9/28/2023 11:16:00 AM,9/28/2023 1:45:00 PM,Y,Law Enforcement,PRIVATE PROPERTY N UNIVERSITY DR,2204,,,,,,,Private Roadway,Curb,Not at Intersection,Y,Daylight,Cloudy,Dry,N,Other,Pedestrian,Off Roadway,N,Driveway/Alley Access Related,None,,,None,,,N,,,,,,Coral Springs Police Department,Police Department (PD),10/7/2023 7:27:00 PM,10/17/2023 7:33:00 PM,9,Y,Pedestrian,Pedestrian,No Injury,No Injury,DAY,N,N,N,N,N,Y,N,N,N,2,0,0,0,0,0,0,0,0,0,0,1,1,0,1,0,0,0,0,0,0,0,0,0,0,N,0,0,Y,0,0,0,0,0,0,0,0,0,0,0,0,Preliminary,Editor Mapped,574866.394,2904511.0291,26.2583440163292,-80.2502827347795
25703978,2023,19-JAN-2023 07:05 PM,19-JAN-2023 12:00 AM,23-026190,L,1,3,64,0,Collier,Unincorporated,Rural,1/19/2023 7:08:00 PM,1/19/2023 7:11:00 PM,1/19/2023 7:13:00 PM,1/19/2023 7:45:00 PM,Y,Law Enforcement,SHIRLEY ST,,26.211755,-81.781392,85,North,PINE RIDGE RD,,Local,Paved,Not at Intersection,N,Dark - Not Lighted,Clear,Dry,N,,Pedestrian,On Roadway,N,Non-Junction,None,,,None,,,N,,,,,CORPORAL,Collier County Sheriff's Office,Sheriff's Office (SO),1/24/2023 2:52:00 PM,3/7/2023 3:29:00 PM,5,Y,Pedestrian,Pedestrian,Injury,Possible Injury,NIGHT,N,N,N,N,N,N,N,N,N,2,1,1,0,0,0,0,0,0,0,0,1,1,0,1,1,0,1,0,0,0,0,0,0,0,N,0,0,Y,0,0,0,0,0,0,1,500,500,0,0,0,Preliminary,Editor Mapped,421940.0141,2899368.6515,26.2117444218233,-81.7813853380071
25709388,2023,26-JUN-2023 05:15 PM,26-JUN-2023 12:00 AM,23-255022,L,1,1,64,0,Collier,Unincorporated,Rural,6/26/2023 5:25:00 PM,6/26/2023 5:27:00 PM,6/26/2023 5:23:00 PM,6/26/2023 5:35:00 PM,Y,Law Enforcement,N ARPT RD,7801,26.23933,-81.769181,,,,,Parking Lot,Paved,Not at Intersection,N,Daylight,Clear,Dry,N,,Pedestrian,On Roadway,N,Non-Junction,None,,,None,,,N,,,,,CPL,Collier County Sheriff's Office,Sheriff's Office (SO),7/15/2023 2:48:00 PM,7/15/2023 2:48:00 PM,19,Y,Pedestrian,Pedestrian,Injury,Possible Injury,DAY,N,N,N,N,N,N,N,N,N,0,1,1,0,0,0,0,0,0,0,0,1,1,0,0,0,0,0,0,0,0,0,0,0,0,N,0,0,Y,0,0,0,0,0,0,1,500,500,0,0,0,Preliminary,Editor Mapped,423177.9541,2902416.4121,26.239328722104,-81.7691753673921
25710020,2023,30-JUL-2023 10:45 PM,28-AUG-2023 12:00 AM,23-298506,L,1,2,64,0,Collier,Unincorporated,Rural,7/30/2023 10:51:00 PM,7/30/2023 10:51:00 PM,7/30/2023 10:54:00 PM,7/30/2023 11:25:00 PM,Y,Law Enforcement,17TH AVE SW,,26.196762,-81.71925,0,East,SANTA BARBARA BLVD,,County,Curb,Not at Intersection,N,Dark - Lighted,Clear,Dry,N,,Pedalcycle,On Roadway,N,Intersection-Related,None,,,None,,,N,,,,,TRAFFIC TECH,Collier County Sheriff's Office,Sheriff's Office (SO),8/2/2023 2:53:00 PM,8/30/2023 2:52:00 PM,3,Y,Bicycle,Bicycle,No Injury,No Injury,NIGHT,N,N,N,N,N,Y,Y,N,N,1,0,0,0,0,0,0,0,0,0,0,1,1,0,1,0,0,0,0,0,0,0,0,0,0,N,0,0,Y,0,0,0,0,1,100,0,0,100,0,0,0,Preliminary,Editor Mapped,428138.8656,2897677.7161,26.1968009206918,-81.7192447007168
25710465,2023,14-AUG-2023 10:24 AM,14-AUG-2023 12:00 AM,23-317718,L,1,2,64,0,Collier,Unincorporated,Rural,8/14/2023 10:24:00 AM,8/14/2023 10:24:00 AM,8/14/2023 10:29:00 AM,8/14/2023 11:10:00 AM,Y,Law Enforcement,CENTER ST,,26.222618,-81.790903,0,,GOODLETTE RD N,,County,Curb,T-Intersection,Y,Daylight,Clear,Dry,N,,Pedalcycle,On Roadway,N,Intersection,None,,,None,,,N,,,,,CPL,Collier County Sheriff's Office,Sheriff's Office (SO),8/16/2023 2:55:00 PM,8/16/2023 2:55:00 PM,2,Y,Bicycle,Bicycle,Injury,Possible Injury,DAY,N,N,N,N,N,N,Y,N,N,1,1,1,0,0,0,0,0,0,0,0,1,1,0,1,0,0,0,0,0,0,0,0,0,0,N,0,0,Y,0,0,0,0,0,0,1,500,500,1,0,0,Preliminary,Editor Mapped,420988.7055,2900579.7048,26.2226266324181,-81.7909812085066
25711105,2023,06-SEP-2023 06:03 PM,06-SEP-2023 12:00 AM,23-350227,L,1,4,64,0,Collier,Unincorporated,Rural,9/6/2023 6:03:00 PM,9/6/2023 6:04:00 PM,9/6/2023 6:04:00 PM,9/6/2023 11:02:00 PM,Y,Law Enforcement,TEXAS AVE,,26.0869,-81.719524,0,,BROWARD ST,,Local,Unpaved,Four-Way Intersection,N,Daylight,Clear,Dry,N,,Pedalcycle,On Roadway,N,Intersection,None,,,None,,,N,,,,,DEPUTY,Collier County Sheriff's Office,Sheriff's Office (SO),9/8/2023 5:28:00 PM,9/8/2023 5:28:00 PM,2,Y,Bicycle,Bicycle,Injury,Non-Incapacitating Injury,DAY,N,Y,N,N,N,N,Y,N,N,2,2,1,1,0,0,0,0,0,0,0,1,1,0,1,0,0,2,0,0,0,0,0,0,0,N,0,0,Y,0,0,2,0,0,0,1,100,100,0,0,0,Preliminary,Editor Mapped,428044.8098,2885504.2009,26.0868819363751,-81.7195118899767
25711886,2023,02-OCT-2023 01:24 PM,02-OCT-2023 12:00 AM,23-385372,L,1,2,64,0,Collier,Unincorporated,Rural,10/2/2023 1:24:00 PM,10/2/2023 1:26:00 PM,10/2/2023 1:29:00 PM,10/2/2023 3:03:00 PM,Y,Law Enforcement,AIRPORT PULLING RD S,1651,26.138239,-81.765478,,,,,Parking Lot,Curb,Not at Intersection,N,Daylight,Clear,Dry,N,,Pedalcycle,In Parking Lane or Zone,N,Other,None,,,None,,,N,,,,,TRAFFIC TECH,Collier County Sheriff's Office,Sheriff's Office (SO),10/6/2023 7:34:00 PM,10/6/2023 7:34:00 PM,4,Y,Bicycle,Bicycle,Serious Injury,Incapacitating Injury,DAY,N,N,N,N,N,N,N,N,N,1,1,0,0,1,0,0,0,0,0,0,1,1,0,1,1,0,0,0,0,0,0,0,0,0,N,0,0,Y,1,0,0,0,0,0,1,1400,1400,1,0,0,Verified,n/a,423481.5612,2891217.7344,26.1382341776161,-81.7654746308128
25712099,2023,08-OCT-2023 09:35 PM,08-OCT-2023 12:00 AM,23-394424,L,1,3,64,0,Collier,Unincorporated,Rural,10/8/2023 9:41:00 PM,10/8/2023 9:42:00 PM,10/8/2023 9:42:00 PM,10/8/2023 11:11:00 PM,Y,Law Enforcement,GOLDEN GATE PKWY,,26.18372,-81.701801,0,East,47TH ST SW,,Local,Curb,Four-Way Intersection,N,Dark - Lighted,Clear,Dry,N,,Pedalcycle,On Roadway,N,Intersection-Related,None,,,None,,,N,,,,,DEP,Collier County Sheriff's Office,Sheriff's Office (SO),10/13/2023 7:25:00 PM,10/13/2023 7:25:00 PM,5,Y,Bicycle,Bicycle,Injury,Possible Injury,NIGHT,N,N,N,N,N,N,Y,N,N,1,2,2,0,0,0,0,0,0,0,0,1,1,0,1,0,0,1,0,0,0,0,0,0,0,N,0,0,Y,0,0,0,0,0,0,1,1500,1500,0,0,0,Preliminary,Editor Mapped,429874.4692,2896219.4727,26.1837203227019,-81.7017955214136
25716342,2023,17-MAY-2023 03:52 PM,17-MAY-2023 12:00 AM,23002453,L,1,2,1,29,Miami-Dade,Aventura,Urban,5/17/2023 3:52:00 PM,5/17/2023 3:54:00 PM,5/17/2023 4:03:00 PM,5/17/2023 5:18:00 PM,Y,Law Enforcement,BISCAYNE BLVD,21265,,,,,,,Parking Lot,Paved,Not at Intersection,N,Daylight,Clear,Dry,N,Other,Pedestrian,In Parking Lane or Zone,N,Non-Junction,None,,,None,,,N,,,,,POLICE SERVICE AIDE,Aventura Police Department,Police Department (PD),5/24/2023 2:54:00 PM,5/24/2023 2:54:00 PM,7,Y,Pedestrian,Pedestrian,Injury,Non-Incapacitating Injury,DAY,N,N,N,N,N,N,N,N,N,1,1,0,1,0,0,0,0,0,0,0,1,1,0,1,0,0,0,0,0,0,0,0,0,0,N,0,0,Y,0,0,1,0,0,0,1,200,200,0,0,1,Preliminary,Editor Mapped,585990.9045,2872838.9705,25.9717619626346,-80.1409835580533
25716415,2023,01-JUN-2023 04:09 PM,01-JUN-2023 12:00 AM,23002739,L,1,2,1,29,Miami-Dade,Aventura,Urban,6/1/2023 4:12:00 PM,6/1/2023 4:14:00 PM,6/1/2023 4:19:00 PM,6/1/2023 4:40:00 PM,Y,Law Enforcement,W COUNTRY CLUB DR,,,,0,,NE 199TH ST,,Local,Paved,Y-Intersection,Y,Daylight,Rain,Wet,N,Other,Motor Vehicle in Transport,On Roadway,N,Other,None,,,None,,,N,,,,,POLICE OFFICER,Aventura Police Department,Police Department (PD),6/6/2023 2:55:00 PM,6/9/2023 2:58:00 PM,5,Y,Single Vehicle,Other,Injury,Non-Incapacitating Injury,DAY,N,N,N,N,N,N,N,N,N,1,1,0,1,0,0,0,0,0,0,0,1,1,0,1,0,0,0,0,0,0,0,0,0,0,N,0,0,Y,0,0,0,0,0,0,1,1200,1200,1,0,0,Preliminary,Editor Mapped,586147.6915,2871689.0318,25.9613700008245,-80.1394929953049
25716538,2023,08-JUL-2023 12:10 PM,08-JUL-2023 12:00 AM,23003294,L,1,2,1,29,Miami-Dade,Aventura,Urban,7/8/2023 12:18:00 PM,7/8/2023 12:20:00 PM,7/8/2023 12:21:00 PM,7/8/2023 12:50:00 PM,Y,Law Enforcement,BISCAYNE BLVD,,,,0,,NE 195TH ST,,U.S.,Paved,T-Intersection,N,Daylight,Clear,Dry,N,Angle,Pedestrian,On Roadway,N,Intersection-Related,None,,,None,,,N,,,,,POLICE SERVICE AIDE,Aventura Police Department,Police Department (PD),7/11/2023 3:02:00 PM,7/11/2023 3:02:00 PM,3,N,Pedestrian,Pedestrian,No Injury,No Injury,DAY,N,N,N,Y,N,N,Y,N,N,2,0,0,0,0,0,0,0,0,0,0,1,1,0,1,1,0,0,0,0,0,0,0,0,0,N,0,0,Y,0,0,1,0,0,0,0,0,0,0,0,0,Preliminary,Computer mapped approximate by address,585421.5548,2871200.8594,25.9570052644981,-80.1467773281724
25717293,2023,07-DEC-2023 12:50 PM,07-DEC-2023 12:00 AM,23005917,L,1,2,1,29,Miami-Dade,Aventura,Urban,12/7/2023 12:55:00 PM,12/7/2023 1:01:00 PM,12/7/2023 1:07:00 PM,12/7/2023 1:20:00 PM,Y,Law Enforcement,BISCAYNE BLVD,,,,0,,NE 209TH ST,,U.S.,Paved,Not at Intersection,N,Daylight,Clear,Dry,N,Angle,Pedalcycle,On Roadway,N,Non-Junction,None,,,None,,,N,,,,,POLICE SERVICE AIDE,Aventura Police Department,Police Department (PD),12/9/2023 7:23:00 PM,12/9/2023 7:23:00 PM,2,N,Bicycle,Bicycle,No Injury,No Injury,DAY,N,N,N,Y,N,N,N,N,N,2,0,0,0,0,0,0,0,0,0,0,1,1,0,1,0,0,0,0,0,0,0,0,0,0,N,0,0,Y,0,0,1,0,1,600,1,2000,2600,1,0,0,Preliminary,Editor Mapped,585633.6409,2872484.2975,25.968580796666,-80.1445753314481
25717373,2023,19-DEC-2023 04:14 PM,19-DEC-2023 12:00 AM,23006168,L,1,1,1,29,Miami-Dade,Aventura,Urban,12/19/2023 4:15:00 PM,12/19/2023 4:17:00 PM,12/19/2023 4:24:00 PM,12/19/2023 4:50:00 PM,N,Law Enforcement,BISCAYNE BLVD,20300,,,0,,,,U.S.,Paved,Y-Intersection,N,Daylight,Clear,Dry,N,Angle,Pedestrian,On Roadway,N,Non-Junction,None,,,None,,,N,,,,,POLICE OFFICER,Aventura Police Department,Police Department (PD),12/21/2023 7:23:00 PM,12/21/2023 7:23:00 PM,2,Y,Pedestrian,Pedestrian,Injury,Non-Incapacitating Injury,DAY,N,N,N,N,N,Y,N,N,N,0,1,0,1,0,0,0,0,0,0,0,1,1,0,0,0,0,0,0,0,0,0,0,0,0,N,0,0,Y,0,0,0,0,0,0,0,0,0,1,0,0,Preliminary,Editor Mapped,585423.6737,2871921.1282,25.9635083781843,-80.1467092647033
