REPORT_NUMBER,CRASH_YEAR,PERSON_NUMBER,LOCATION_AT_TIME_OF_CRASH_CODE,ACTION_PRIOR_TO_CRASH_CODE,NON_MOTORIST_DESCRIPTION_CODE,CITY,STATE,ZIP_CODE,SEX,SUSPECTED_ALCOHOL_USE_CODE,ALCOHOL_TESTED_CODE,ALCOHOL_TEST_TYPE_CODE,ALCOHOL_TEST_RESULT,BLOOD_ALCOHOL_CONTENT,SUSPECTED_DRUG_USE_CODE,DRUG_TESTED_CODE,DRUG_TEST_TYPE_CODE,DRUG_TEST_RESULT,INJURY_SEVERITY,EMS_TRANSPORT_TYPE,NON_MOTORIST_ACTIONS_CIRCUMSTANCES_1,NON_MOTORIST_ACTIONS_CIRCUMSTANCES_2,SAFETY_EQUIPMENT_CODE_1,SAFETY_EQUIPMENT_CODE_2,S4_AGE_AT_TIME_OF_CRASH,S4_IS_ALCOHOL_RELATED,S4_IS_DRUG_RELATED,S4_IS_AGING,S4_IS_TEENAGER
25561830,2023,2,Intersection - Marked Crosswalk,Walking/Cycling on Sidewalk,Other Cyclist,,,32810,Male,N,,,,,N,,,,Non-Incapacitating,Not Transported,No Improper Action,,Helmet,None,18,N,N,N,Y
25564361,2023,2,Intersection - Marked Crosswalk,Crossing Roadway,Other Cyclist,,,32836,Male,N,,,,,N,,,,Possible,Not Transported,Other,,None,,14,N,N,N,N
25564623,2023,2,Intersection - Marked Crosswalk,Crossing Roadway,Other Cyclist,,,32812,Male,N,,,,,N,,,,Non-Incapacitating,Not Transported,No Improper Action,,None,,32,N,N,N,N
25597700,2023,2,Bicycle Lane,Crossing Roadway,Other Cyclist,,,33547,,N,,,,,N,,,,None,EMS,Wrong-Way Riding or Walking,Wrong-Way Riding or Walking,None,,,N,N,N,N
25709388,2023,1,Driveway Access,Crossing Roadway,Other Cyclist,,,33104,Male,N,,,,,N,,,,Possible,Not Transported,Failure to Yield Right-of-Way,,None,,23,N,N,N,N
25717373,2023,1,Intersection - Unmarked Crosswalk,Walking/Cycling Along Roadway With Traffic,Other Cyclist,,,33009,,N,,,,,N,,,,Non-Incapacitating,EMS,No Improper Action,,None,,,N,N,N,N
25577147,2023,2,Intersection - Marked Crosswalk,Crossing Roadway,Other Cyclist,,,33764,Female,N,,,,,N,,,,None,Not Transported,No Improper Action,,None,,36,N,N,N,N
25578078,2023,2,Travel Lane - Other Location,In Roadway - Other,Other Cyclist,,,,,,,,Unknown,,,,,,Possible,Not Transported,Dart/Dash,,None,,,N,N,N,N
25578219,2023,2,Intersection - Marked Crosswalk,Crossing Roadway,Other Cyclist,,,33601,Male,N,,,,,N,,,,None,Not Transported,Unknown,No Improper Action,None,,20,N,N,N,N
25580799,2023,3,Intersection - Other,Crossing Roadway,Other Cyclist,,,33703,Female,N,,,,,N,,,,None,Not Transported,No Improper Action,,None,,24,N,N,N,N
25580799,2023,2,Intersection - Other,Crossing Roadway,Other Cyclist,,,33710,Male,N,,,,,N,,,,None,Not Transported,No Improper Action,,None,,46,N,N,N,N
25581764,2023,2,Sidewalk,Walking/Cycling on Sidewalk,Other Cyclist,,,33610,Female,N,,,,,N,,,,Possible,EMS,Wrong-Way Riding or Walking,,None,,61,N,N,N,N
25582308,2023,2,Travel Lane - Other Location,Walking/Cycling Along Roadway With Traffic,Other Cyclist,,,33614,Male,N,,,,,N,,,,Non-Incapacitating,EMS,Other,,None,,18,N,N,N,Y
25582538,2023,2,Bicycle Lane,Walking/Cycling Along Roadway With Traffic,Other Cyclist,,,33602,Male,N,,,,,N,,,,None,Not Transported,No Improper Action,,None,,33,N,N,N,N
25583563,2023,2,Intersection - Unmarked Crosswalk,Walking/Cycling on Sidewalk,Other Cyclist,,,33607,Male,N,,,,,N,,,,Possible,EMS,Wrong-Way Riding or Walking,Failure to Yield Right-of-Way,None,,29,N,N,N,N
25584434,2023,2,Other,Other,Other Cyclist,,,33604,Male,N,,,,,N,,,,Non-Incapacitating,EMS,No Improper Action,,None,,50,N,N,N,N
25584856,2023,2,Intersection - Other,Crossing Roadway,Other Cyclist,,,33611,Male,N,,,,,N,,,,Possible,EMS,"Failure to Obey Traffic Signs, Signals, or Officer",,None,,33,N,N,N,N
25585210,2023,2,Intersection - Marked Crosswalk,Crossing Roadway,Other Cyclist,,,33607,Female,N,,,,,N,,,,None,Not Transported,Dart/Dash,,None,,7,N,N,N,N
25585381,2023,2,Travel Lane - Other Location,Walking/Cycling Along Roadway With Traffic,Other Cyclist,,,33605,Male,N,,,,,N,,,,Non-Incapacitating,Not Transported,No Improper Action,,None,,20,N,N,N,N
25586589,2023,2,Bicycle Lane,Walking/Cycling Along Roadway With Traffic,Other Cyclist,,,33637,Male,N,,,,,N,,,,Non-Incapacitating,Not Transported,No Improper Action,,None,,45,N,N,N,N
25586820,2023,2,Intersection - Marked Crosswalk,Crossing Roadway,Other Cyclist,,,33604,Male,N,,,,,N,,,,Non-Incapacitating,Not Transported,No Improper Action,,None,,47,N,N,N,N
25587095,2023,3,Sidewalk,Walking/Cycling on Sidewalk,Other Cyclist,,,33607,Male,N,,,,,N,,,,Possible,EMS,Failure to Yield Right-of-Way,,None,,66,N,N,Y,N
25587139,2023,3,Bicycle Lane,Walking/Cycling Along Roadway With Traffic,Other Cyclist,,,33605,Male,N,,,,,N,,,,Possible,EMS,No Improper Action,,None,,64,N,N,N,N
25587233,2023,2,Other,Walking/Cycling Along Roadway With Traffic,Other Cyclist,,,33614,Male,N,,,,,N,,,,None,Not Transported,Other,,None,,15,N,N,N,Y
25588424,2023,3,Intersection - Other,Crossing Roadway,Other Cyclist,,,33614,Male,N,,,,,N,,,,Possible,Not Transported,"Failure to Obey Traffic Signs, Signals, or Officer",Failure to Yield Right-of-Way,Reflective Clothing,None,58,N,N,N,N
25591051,2023,2,Travel Lane - Other Location,In Roadway - Other,Other Cyclist,,,33616,Male,N,,,,,N,,,,Possible,Not Transported,No Improper Action,,None,,48,N,N,N,N
25591147,2023,3,Intersection - Other,In Roadway - Other,Other Cyclist,,,15074,Male,N,,,,,N,,,,Possible,EMS,Other,,None,,22,N,N,N,N
25591162,2023,2,Travel Lane - Other Location,In Roadway - Other,Other Cyclist,,,33607,Male,Y,Test Not Given,,,,N,,,,Non-Incapacitating,Not Transported,Improper Turn/Merge,,Not Applicable,,61,Y,N,N,N
25591500,2023,2,Sidewalk,Walking/Cycling on Sidewalk,Other Cyclist,,,33603,Female,N,,,,,N,,,,Non-Incapacitating,EMS,No Improper Action,,None,,29,N,N,N,N
25592658,2023,2,Intersection - Marked Crosswalk,Crossing Roadway,Other Cyclist,,,33444,Male,N,,,,,N,,,,Possible,Not Transported,No Improper Action,,None,,24,N,N,N,N
25593262,2023,2,Intersection - Marked Crosswalk,Walking/Cycling on Sidewalk,Other Cyclist,,,32750,Male,N,,,,,N,,,,Non-Incapacitating,Not Transported,No Improper Action,,None,,61,N,N,N,N
25593348,2023,2,Driveway Access,Walking/Cycling on Sidewalk,Other Cyclist,,,32746,Female,N,,,,,N,,,,Non-Incapacitating,Not Transported,No Improper Action,,None,,42,N,N,N,N
25599672,2023,2,Midblock - Marked Crosswalk,Walking/Cycling Along Roadway Against Traffic,Other Cyclist,,,32608,,N,,,,,N,,,,None,Not Transported,Other,,Lighting,,,N,N,N,N
25600087,2023,2,Midblock - Marked Crosswalk,Walking/Cycling on Sidewalk,Other Cyclist,,,32608,,N,,,,,N,,,,Non-Incapacitating,Not Transported,No Improper Action,,Helmet,,,N,N,N,N
25600190,2023,2,Other,Walking/Cycling Along Roadway Against Traffic,Other Cyclist,,,20854,,N,,,,,N,,,,Possible,Not Transported,Improper Turn/Merge,,None,,,N,N,N,N
25602586,2023,2,Other,Walking/Cycling Along Roadway Against Traffic,Other Cyclist,,,34952,Male,N,,,,,N,,,,Possible,Not Transported,Wrong-Way Riding or Walking,,None,,10,N,N,N,N
25603580,2023,2,Intersection - Marked Crosswalk,Walking/Cycling on Sidewalk,Other Cyclist,,,34997,Male,N,,,,,N,,,,Non-Incapacitating,EMS,Wrong-Way Riding or Walking,,None,,60,N,N,N,N
25603654,2023,4,Driveway Access,Walking/Cycling Along Roadway Against Traffic,Other Cyclist,,,34952,Male,N,,,,,N,,,,Non-Incapacitating,EMS,Wrong-Way Riding or Walking,,None,,33,N,N,N,N
25605742,2023,1,Other,Walking/Cycling Along Roadway Against Traffic,Other Cyclist,,,33025,,N,,,,,N,,,,Possible,Not Transported,Wrong-Way Riding or Walking,,None,,,N,N,N,N
25605851,2023,2,Bicycle Lane,Other,Other Cyclist,,,33009,,N,,,,,N,,,,Possible,Not Transported,No Improper Action,,None,,,N,N,N,N
25605965,2023,2,Driveway Access,Crossing Roadway,Other Cyclist,,,33009,,N,,,,,N,,,,Non-Incapacitating,EMS,Dart/Dash,,None,,,N,N,N,N
25606448,2023,2,Sidewalk,Other,Other Cyclist,,,33004,,N,,,,,N,,,,None,EMS,Wrong-Way Riding or Walking,,None,,,N,N,N,N
25610214,2023,3,Other,Other,Other Cyclist,,,33040,,N,,,,,N,,,,Incapacitating,EMS,Improper Passing,Other,None,,,N,N,N,N
25610261,2023,2,Sidewalk,Walking/Cycling on Sidewalk,Other Cyclist,,,33040,,N,,,,,N,,,,None,Not Transported,No Improper Action,,None,,,N,N,N,N
25610288,2023,3,Bicycle Lane,Other,Other Cyclist,,,33041,,N,,,,,N,,,,Non-Incapacitating,Not Transported,Other,,None,,,N,N,N,N
25610535,2023,2,Intersection - Marked Crosswalk,Walking/Cycling Along Roadway With Traffic,Other Cyclist,,,33040,,N,,,,,N,,,,Non-Incapacitating,Not Transported,No Improper Action,,None,,,N,N,N,N
25610606,2023,2,Sidewalk,Other,Other Cyclist,,,33040,,N,,,,,N,,,,None,Not Transported,No Improper Action,,None,,,N,N,N,N
25617752,2023,2,Travel Lane - Other Location,In Roadway - Other,Other Cyclist,,,,,N,,,,,N,,,,Possible,Not Transported,No Improper Action,,None,,,N,N,N,N
25617752,2023,3,Travel Lane - Other Location,In Roadway - Other,Other Cyclist,,,,,N,,,,,N,,,,Incapacitating,EMS,No Improper Action,,Helmet,None,,N,N,N,N
25617752,2023,4,Travel Lane - Other Location,In Roadway - Other,Other Cyclist,,,,,N,,,,,N,,,,Incapacitating,EMS,No Improper Action,,Helmet,None,,N,N,N,N
25621333,2023,2,Shoulder/Roadside,Other,Other Cyclist,,,33991,,N,,,,,N,,,,None,Not Transported,No Improper Action,,None,,,N,N,N,N
25623031,2023,1,Intersection - Other,Crossing Roadway,Other Cyclist,,,33914,,N,,,,,N,,,,None,Not Transported,"Failure to Obey Traffic Signs, Signals, or Officer",,Helmet,,,N,N,N,N
25624594,2023,2,Sidewalk,Walking/Cycling on Sidewalk,Other Cyclist,,,33904,,N,,,,,N,,,,Non-Incapacitating,EMS,No Improper Action,,None,,,N,N,N,N
25627253,2023,2,Intersection - Other,Walking/Cycling Along Roadway With Traffic,Other Cyclist,,,33139,Male,N,,,,,N,,,,Incapacitating,Not Transported,No Improper Action,,None,,39,N,N,N,N
25627384,2023,1,Intersection - Other,Other,Other Cyclist,,,331391,Female,N,,,,,N,,,,Non-Incapacitating,EMS,Failure to Yield Right-of-Way,,None,,12,N,N,N,N
25627494,2023,2,Travel Lane - Other Location,Walking/Cycling Along Roadway With Traffic,Other Cyclist,,,33139,Male,N,,,,,N,,,,Possible,Not Transported,No Improper Action,,None,,15,N,N,N,Y
25627494,2023,3,Travel Lane - Other Location,Walking/Cycling Along Roadway With Traffic,Other Cyclist,,,33139,Male,N,,,,,N,,,,Possible,Not Transported,No Improper Action,,None,,17,N,N,N,Y
25627739,2023,2,Travel Lane - Other Location,Walking/Cycling Along Roadway With Traffic,Other Cyclist,,,33010,Male,N,,,,,N,,,,Possible,Not Transported,No Improper Action,,None,,25,N,N,N,N
25628018,2023,1,Intersection - Marked Crosswalk,Crossing Roadway,Pedestrian,,,33140,Female,N,,,,,N,,,,None,Not Transported,No Improper Action,,None,,42,N,N,N,N
25628018,2023,2,Travel Lane - Other Location,Crossing Roadway,Other Cyclist,,,33133,Female,N,,,,,N,,,,Non-Incapacitating,Not Transported,No Improper Action,,None,,28,N,N,N,N
25628330,2023,1,Other,Unknown,Other Cyclist,,,33139,Female,N,,,,,N,,,,Possible,Not Transported,Other,,None,,35,N,N,N,N
25628554,2023,2,Travel Lane - Other Location,Crossing Roadway,Other Cyclist,,,33139,Female,N,,,,,N,,,,Non-Incapacitating,EMS,Failure to Yield Right-of-Way,,None,,22,N,N,N,N
25628597,2023,2,Intersection - Marked Crosswalk,Crossing Roadway,Other Cyclist,,,33139,Female,N,,,,,N,,,,Possible,Not Transported,No Improper Action,,None,,14,N,N,N,N
25628904,2023,2,Intersection - Other,Crossing Roadway,Other Cyclist,,,33139,Male,N,,,,,N,,,,Non-Incapacitating,Not Transported,"Failure to Obey Traffic Signs, Signals, or Officer",,None,,65,N,N,Y,N
25628998,2023,2,Travel Lane - Other Location,Other,Other Cyclist,,,33136,Male,N,,,,,N,,,,Possible,Not Transported,No Improper Action,,None,,25,N,N,N,N
25629166,2023,2,Shared-Use Path or Trail,Walking/Cycling Along Roadway With Traffic,Other Cyclist,,,33139,Male,N,,,,,N,,,,None,Not Transported,Failure to Yield Right-of-Way,,None,,31,N,N,N,N
25629192,2023,2,Bicycle Lane,Other,Other Cyclist,,,33142,Male,N,,,,,N,,,,Possible,Not Transported,No Improper Action,,None,,33,N,N,N,N
25629332,2023,2,Travel Lane - Other Location,None,Other Cyclist,,,11218,Male,N,,,,,N,,,,Possible,EMS,No Improper Action,,None,Unknown,31,N,N,N,N
25629434,2023,2,Travel Lane - Other Location,Other,Other Cyclist,,,33141,Female,N,,,,,N,,,,Non-Incapacitating,Not Transported,No Improper Action,,None,,23,N,N,N,N
25630035,2023,2,Bicycle Lane,Walking/Cycling Along Roadway With Traffic,Other Cyclist,,,33140,Male,N,,,,,N,,,,Non-Incapacitating,EMS,No Improper Action,,None,,58,N,N,N,N
25630307,2023,1,Intersection - Marked Crosswalk,Crossing Roadway,Other Cyclist,,,33139,Male,N,,,,,N,,,,Non-Incapacitating,EMS,"Failure to Obey Traffic Signs, Signals, or Officer",,None,,27,N,N,N,N
25630617,2023,1,Intersection - Marked Crosswalk,Crossing Roadway,Other Cyclist,,,33141,Male,N,,,,,N,,,,Non-Incapacitating,Not Transported,Failure to Yield Right-of-Way,,None,,32,N,N,N,N
25630878,2023,1,Travel Lane - Other Location,Walking/Cycling Along Roadway Against Traffic,Other Cyclist,,,33139,Female,N,,,,,N,,,,None,Not Transported,Dart/Dash,Wrong-Way Riding or Walking,None,,21,N,N,N,N
25631564,2023,2,Travel Lane - Other Location,Other,Other Cyclist,,,33139,Male,N,,,,,N,,,,Possible,Not Transported,No Improper Action,,None,,53,N,N,N,N
25631709,2023,2,Travel Lane - Other Location,Other,Other Cyclist,,,33127,Male,N,,,,,N,,,,Possible,EMS,No Improper Action,,None,,29,N,N,N,N
25636697,2023,2,Intersection - Marked Crosswalk,Crossing Roadway,Other Cyclist,,,32578,Male,N,Test Not Given,,,,N,Test Not Given,,,Possible,EMS,No Improper Action,,Helmet,None,33,N,N,N,N
25636811,2023,2,Sidewalk,Walking/Cycling on Sidewalk,Other Cyclist,,,32578,Male,N,Test Not Given,,,,N,Test Not Given,,,None,Not Transported,No Improper Action,,None,None,18,N,N,N,Y
25649119,2023,2,Travel Lane - Other Location,Walking/Cycling Along Roadway With Traffic,Other Cyclist,,,33440,Female,N,Test Not Given,,,,N,Test Not Given,,,Possible,EMS,No Improper Action,,None,,6,N,N,N,N
25653274,2023,2,Intersection - Marked Crosswalk,Other,Other Cyclist,,,33838,Male,N,,,,,N,,,,Possible,Not Transported,No Improper Action,,None,None,17,N,N,N,Y
25653274,2023,3,Intersection - Marked Crosswalk,Other,Other Cyclist,,,33837,Female,N,,,,,N,,,,Possible,Not Transported,No Improper Action,,None,None,16,N,N,N,Y
25657515,2023,1,Bicycle Lane,Walking/Cycling Along Roadway With Traffic,Other Cyclist,,,32807,Male,N,,,,,N,,,,None,Not Transported,Failure to Yield Right-of-Way,,None,,18,N,N,N,Y
25657959,2023,2,Midblock - Marked Crosswalk,Crossing Roadway,Other Cyclist,,,32832,Female,N,,,,,N,,,,None,Not Transported,No Improper Action,,None,,10,N,N,N,N
25660056,2023,1,Bicycle Lane,Walking/Cycling Along Roadway With Traffic,Other Cyclist,,,32808,Male,N,,,,,N,,,,Incapacitating,EMS,Other,,None,,24,N,N,N,N
25665877,2023,2,Intersection - Marked Crosswalk,Walking/Cycling on Sidewalk,Other Cyclist,,,32068,Female,N,,,,,N,,,,None,EMS,No Improper Action,,None,,22,N,N,N,N
25665877,2023,3,Intersection - Marked Crosswalk,Crossing Roadway,Other Cyclist,,,32068,Male,N,,,,,N,,,,Possible,EMS,No Improper Action,,None,,31,N,N,N,N
25670378,2023,2,Intersection - Unmarked Crosswalk,Crossing Roadway,Other Cyclist,,,33033,Female,N,,,,,N,,,,Possible,Not Transported,Failure to Yield Right-of-Way,,None,,34,N,N,N,N
25671849,2023,2,Sidewalk,Walking/Cycling on Sidewalk,Bicyclist,,,32210,Male,N,Test Not Given,,,,N,Test Not Given,,,Possible,Not Transported,Other,,None,,32,N,N,N,N
25671849,2023,3,Sidewalk,Other,Other Cyclist,,,32210,Female,N,Test Not Given,,,,N,Test Not Given,,,Incapacitating,EMS,Other,,None,,32,N,N,N,N
25675888,2023,1,Midblock - Marked Crosswalk,Crossing Roadway,Other Cyclist,,,32256,Female,N,Test Not Given,,,,N,Test Not Given,,,Non-Incapacitating,EMS,No Improper Action,,None,,25,N,N,N,N
25676655,2023,1,Intersection - Unmarked Crosswalk,Crossing Roadway,Other Cyclist,,,32225,Male,N,Test Not Given,,,,N,Test Not Given,,,Non-Incapacitating,EMS,No Improper Action,,None,,38,N,N,N,N
25689788,2023,2,Intersection - Unmarked Crosswalk,Crossing Roadway,Other Cyclist,,,32257,Male,N,Test Not Given,,,,N,Test Not Given,,,Possible,EMS,No Improper Action,,Protective Pads,None,32,N,N,N,N
25691773,2023,2,Travel Lane - Other Location,In Roadway - Other,Other Cyclist,,,32713,Male,N,,,,,N,,,,None,Not Transported,No Improper Action,,None,,56,N,N,N,N
25695572,2023,3,Intersection - Marked Crosswalk,Crossing Roadway,Other Cyclist,,,34241,Male,N,,,,,N,,,,None,Not Transported,Dart/Dash,,None,,30,N,N,N,N
25696209,2023,2,Non-Trafficway Area,In Roadway - Other,Other Cyclist,,,34208,Male,N,,,,,N,,,,Non-Incapacitating,Other,Inattentive,,None,,10,N,N,N,N
25696819,2023,2,Intersection - Marked Crosswalk,Crossing Roadway,Other Cyclist,,,34606,Male,N,,,,,N,,,,None,Not Transported,"Failure to Obey Traffic Signs, Signals, or Officer",,None,,13,N,N,N,N
25698138,2023,3,Sidewalk,Walking/Cycling on Sidewalk,Other Cyclist,,,34604,Male,N,,,,,N,,,,Non-Incapacitating,Not Transported,Wrong-Way Riding or Walking,Other,None,,67,N,N,Y,N
25700202,2023,2,Intersection - Marked Crosswalk,Walking/Cycling on Sidewalk,Other Cyclist,,,33065,,N,,,,,N,,,,Incapacitating,EMS,No Improper Action,,None,,,N,N,N,N
25701414,2023,2,Sidewalk,Walking/Cycling on Sidewalk,Other Cyclist,,,33071,,N,,,,,N,,,,None,Not Transported,No Improper Action,,None,,,N,N,N,N
25703978,2023,3,Travel Lane - Other Location,Walking/Cycling Along Roadway With Traffic,Other Cyclist,,,33109,Male,N,,,,,N,,,,Possible,Not Transported,Not Visible,,None,,24,N,N,N,N
25710020,2023,2,Intersection - Marked Crosswalk,Crossing Roadway,Other Cyclist,,,32808,Male,N,,,,,N,,,,None,Not Transported,No Improper Action,,None,,39,N,N,N,N
25710465,2023,2,Shoulder/Roadside,Adjacent to Roadway,Other Cyclist,,,34103,Male,N,,,,,N,,,,Possible,EMS,No Improper Action,,None,,27,N,N,N,N
25711105,2023,4,Unknown,Crossing Roadway,Other Cyclist,,,,Male,N,,,,,N,,,,Non-Incapacitating,Not Transported,No Improper Action,,Unknown,,43,N,N,N,N
25711886,2023,2,Intersection - Marked Crosswalk,Crossing Roadway,Other Cyclist,,,34104,Male,N,,,,,N,,,,Incapacitating,EMS,Other,,None,,48,N,N,N,N
25712099,2023,3,Intersection - Marked Crosswalk,Crossing Roadway,Other Cyclist,,,34116,Male,N,,,,,N,,,,Possible,Not Transported,Failure to Yield Right-of-Way,,None,,25,N,N,N,N
25716342,2023,2,Other,Walking/Cycling Along Roadway With Traffic,Other Cyclist,,,33160,,N,,,,,N,,,,Non-Incapacitating,Other,Other,,None,,,N,N,N,N
25716415,2023,2,Intersection - Marked Crosswalk,Crossing Roadway,Other Cyclist,,,33160,,N,,,,,N,,,,Non-Incapacitating,EMS,Other,,None,,,N,N,N,N
25716538,2023,2,Intersection - Marked Crosswalk,Walking/Cycling on Sidewalk,Other Cyclist,,,33160,,N,,,,,N,,,,None,Not Transported,No Improper Action,,None,,,N,N,N,N
25717293,2023,2,Bicycle Lane,Walking/Cycling Along Roadway With Traffic,Other Cyclist,,,33162,,N,,,,,N,,,,None,EMS,No Improper Action,,None,,,N,N,N,N
