REPORT_NUMBER,CRASH_YEAR,VEHICLE_NUMBER,PERSON_NUMBER,CITY,STATE,ZIP_CODE,SEX,HELMET_CODE,RESTRAINT_SYSTEM_CODE,EYE_PROTECTION_CODE,AIR_BAG_DEPLOYMENT_CODE,EJECTED,INJURY_SEVERITY,EMS_TRANSPORT_TYPE,SEAT_POSITION_CODE,ROW_POSITION_CODE,OTHER_POSITION_CODE,S4_AGE_AT_TIME_OF_CRASH,S4_IS_UNRESTRAINED_PASSENGER
25587095,2023,1,2,,,33619,Female,,Shoulder and Lap Belt Used,,Not Deployed,Not Ejected,None,Not Transported,Right,Front,,55,N
25587139,2023,1,2,,,33606,Male,,Child Restraint System - Type Unknown,,Not Deployed,Not Ejected,None,Not Transported,Right,Second,,7,N
25588424,2023,1,2,,,33610,Male,,Shoulder and Lap Belt Used,,Not Deployed,Not Ejected,None,Not Transported,Right,Front,Not Applicable,8,N
25712099,2023,1,2,,,34116,Male,,Shoulder and Lap Belt Used,,Not Deployed,Not Ejected,Possible,Not Transported,Right,Front,Not Applicable,10,N
25591147,2023,1,2,,,33610,Male,,Shoulder and Lap Belt Used,,Not Deployed,Not Ejected,None,Not Transported,Right,Front,Not Applicable,30,N
25600087,2023,1,3,,,22402,Female,No Helmet,Shoulder and Lap Belt Used,,Not Deployed,Not Ejected,None,Not Transported,Right,Front,Not Applicable,61,N
25610214,2023,1,2,,,29464,Female,No Helmet,Shoulder and Lap Belt Used,,Not Deployed,Not Ejected,None,Not Transported,Right,Second,Not Applicable,48,N
25610288,2023,1,2,,,33040,Female,No Helmet,Shoulder and Lap Belt Used,,Not Deployed,Not Ejected,None,Not Transported,Right,Front,Not Applicable,69,N
25629192,2023,1,3,,,33185,Male,,Shoulder and Lap Belt Used,N,Not Deployed,Not Ejected,None,Not Transported,Right,Front,Not Applicable,25,N
25657515,2023,2,3,,,32707,Female,No Helmet,Shoulder and Lap Belt Used,,Not Deployed,Not Ejected,None,Not Transported,Right,Front,Not Applicable,52,N
25657959,2023,1,3,,,32832,Female,No Helmet,Shoulder and Lap Belt Used,,Not Deployed,Not Ejected,None,Not Transported,Right,Second,Not Applicable,40,N
25695572,2023,1,2,,,34217,Female,,Shoulder and Lap Belt Used,,Not Deployed,Not Ejected,None,Not Transported,Right,Front,Not Applicable,65,N
25698138,2023,1,2,,,34609,Male,,Shoulder and Lap Belt Used,,Not Deployed,Not Ejected,None,Not Transported,Right,Front,,28,N
25703978,2023,1,2,,,50701,Female,,Shoulder and Lap Belt Used,,Not Deployed,Not Ejected,None,Not Transported,Right,Front,,66,N
25711105,2023,1,2,,,34113,Male,,Shoulder and Lap Belt Used,,Not Deployed,Not Ejected,None,Not Transported,Unknown,Second,Not Applicable,10,N
25711105,2023,1,3,,,34113,Male,,Shoulder and Lap Belt Used,,Not Deployed,Not Ejected,None,Not Transported,Unknown,Second,Not Applicable,8,N
