REPORT_NUMBER,CRASH_YEAR,VEHICLE_NUMBER,OWNER_CITY,OWNER_STATE,OWNER_ZIP_CODE,COMMERCIAL_VEHICLE_FLAG,MOTION_CODE,STATE_OF_REGISTRATION,PERMANENT_REGISTRATION_FLAG,HIT_AND_RUN_FLAG,VEHICLE_YEAR,VEHICLE_MAKE,VEHICLE_MODEL,VEHICLE_STYLE,VEHICLE_COLOR,DISABLING_FUNCTIONAL_DAMAGE,ESTIMATED_VEHICLE_DAMAGE,TOW_DAMAGE_CODE,HOW_TOW_REQUESTED,BUSINESS_OWNED_FLAG,VEHICLE_TRAVELING,ROAD_ON,ESTIMATED_MPH,POSTED_SPEED,TOTAL_NUMBER_OF_LANES,HAZARDOUS_MATERIAL_RELEASED,HAZMAT_PLACARD,HAZARDOUS_PLACARD_NUMBER,HAZMAT_CLASS,POINT_OF_IMPACT,MOST_DAMAGED_AREA_CODE,TYPE_OF_VEHICLE,TRAFFICWAY_CODE,COMMERCIAL_VEHICLE_CONFIGURATION_CODE,COMMERCIAL_USE_CODE,CARRIER_CARGO_BODY_TYPE,COMMERCIAL_VEHICLE_WEIGHT_CODE,MOST_HARMFUL_EVENT_CODE,HARMFUL_EVENT_1,HARMFUL_EVENT_2,HARMFUL_EVENT_3,HARMFUL_EVENT_4,EMERGENCY_VEHICLE_USE_CODE,ROADWAY_GRADE_CODE,ROADWAY_ALIGNMENT_CODE,VEHICLE_MANEUVER_ACTION,TRAFFIC_CONTROL_DEVICE,VEHICLE_SPECIAL_FUNCTION,VEHICLE_DEFECT1,VEHICLE_DEFECT2,S4_IS_COMMERCIAL_MOTOR_VEHICLE
25561830,2023,1,,,32818,N,Vehicle in Transport,FL,,N,2010,NISS,,4D,SIL,Minor,2000,N,Driver,N,South,N JOHN YOUNG PKWY,15,35,2,,,,,Front Center Bumper,Hood,Passenger Car,One-Way Trafficway,,,,,Pedestrian,Pedestrian,,,,N,Level,Straight,Turning Right,No Controls,No Special Function,None,,
25564361,2023,1,,,34714,N,Vehicle in Transport,FL,,N,2017,FORD,,UT,WHI,Minor,0,N,Driver,N,West,RADEBAUGH WAY,5,35,4,,,,,Front Right Bumper,Front Right Bumper,Passenger Car,"Two-Way, Not Divided, with a Continuous Left Turn Lane",,,,,Motor Vehicle in Transport,Motor Vehicle in Transport,,,,N,Level,Straight,Turning Right,Traffic Control Signal,No Special Function,None,,
25564623,2023,1,,,32712,N,Vehicle in Transport,FL,,N,2019,RAM,,PK,BLK,Minor,0,N,Driver,N,East,LAKE UNDERHILL RD,5,30,4,,,,,Front Center Bumper,Front Center Bumper,Pickup,"Two-Way, Not Divided",,,,,Pedestrian,Pedestrian,,,,N,Level,Straight,Turning Right,No Controls,No Special Function,None,,
25717373,2023,1,,,,N,Vehicle in Transport,,,Y,,,,,,,0,N,,N,,BISCAYNE BLVD,,,,,,,,,,,,,,,,Motor Vehicle in Transport,Motor Vehicle in Transport,,,,,,,,,,,,
25577147,2023,1,,,,,Vehicle in Transport,FL,,Y,1998,BMW,,CV,BLK,Unknown,500,N,Driver,N,,,,,,,,,,,,Unknown,"Two-Way, Not Divided",,,,,Motor Vehicle in Transport,Motor Vehicle in Transport,,,,,Level,Straight,Unknown,Traffic Control Signal,Unknown,Unknown,Unknown,
25578078,2023,1,,,60143,N,Vehicle in Transport,FL,,N,2022,KIA,,UT,WHI,Minor,1000,N,Driver,N,East,E FLORIBRASKA AVE,30,35,4,,,,,Right Front Fender,Right Front Fender,(Sport) Utility Vehicle,"Two-Way, Not Divided",,,,,Pedalcycle,Pedalcycle,,,,N,Level,Straight,Straight Ahead,No Controls,No Special Function,None,,
25578219,2023,1,,,33619,N,Vehicle in Transport,FL,,N,2015,NISS,,UT,GRY,Functional,500,N,Driver,N,North,ASHLY AV N,5,30,4,,,,,Front Right Bumper,Front Right Bumper,(Sport) Utility Vehicle,"Two-Way, Not Divided",,,,,Pedestrian,Pedestrian,,,,N,Level,Straight,Turning Right,Traffic Control Signal,No Special Function,None,,
25580799,2023,1,,,33755,N,Vehicle in Transport,FL,,N,2017,DODG,,2D,YEL,Functional,500,N,Driver,N,North,19TH ST N,10,25,3,,,,,Left Front Door,Left Front Door,Passenger Car,"Two-Way, Not Divided",,,,,,,,,,N,Level,Straight,Straight Ahead,Stop Sign,No Special Function,Unknown,,
25581764,2023,1,,,33604,N,Vehicle in Transport,FL,,N,2016,GMC,,UT,BGE,Minor,10,N,Driver,N,North,2720 MLK BLVD W,0,5,2,,,,,Front Right Bumper,Front Right Bumper,(Sport) Utility Vehicle,"Two-Way, Not Divided",,,,,Motor Vehicle in Transport,Motor Vehicle in Transport,,,,N,Level,Straight,Stopped in Traffic,No Controls,No Special Function,None,,
25582308,2023,1,,,33615,N,Vehicle in Transport,FL,,N,2015,MERZ,,4D,BRO,Minor,1000,N,Driver,N,South,S. DALE MABRY HW,0,35,2,,,,,Rear Center Bumper,Rear Center Bumper,Passenger Car,"Two-Way, Not Divided",,,,,Pedalcycle,Pedalcycle,,,,N,Level,Straight,Stopped in Traffic,No Controls,No Special Function,None,,
25582538,2023,1,,,33618,N,Vehicle in Transport,FL,,N,2004,TOYT,,UT,GRY,Minor,500,N,Driver,N,East,HILLSBOROUGH AVE W,15,40,6,,,,,Right Rear Fender,Right Rear Fender,(Sport) Utility Vehicle,"Two-Way, Divided, Positive Median Barrier",,,,,Motor Vehicle in Transport,Motor Vehicle in Transport,,,,N,Level,Straight,Turning Right,No Controls,No Special Function,None,,
25583563,2023,1,,,33602,N,Vehicle in Transport,FL,,N,2017,CHEV,,VN,WHI,Minor,0,N,Driver,N,West,NEPTUNE,5,25,2,,,,,Front Right Bumper,Front Right Bumper,"Cargo Van (10,000 lbs (4,536 kg) or less)","Two-Way, Not Divided",,,,Not Applicable,Motor Vehicle in Transport,Motor Vehicle in Transport,,,,N,Level,Straight,Entering Traffic Lane,Stop Sign,No Special Function,None,,N
25584434,2023,1,,,33617,N,Vehicle in Transport,FL,,N,2013,BMW,,SU,BLU,Unknown,1000,N,Driver,N,West,N 22ND ST,10,30,2,,,,,Right Rear Door,Right Rear Door,(Sport) Utility Vehicle,"Two-Way, Not Divided",,,,,Motor Vehicle in Transport,Motor Vehicle in Transport,,,,N,Uphill,Straight,Turning Left,Traffic Control Signal,No Special Function,None,,
25584856,2023,1,,,,N,,,,Y,,UK,,UNKNOWN,UNKNOWN,Unknown,0,N,,N,South,CLARK ST S,,35,2,,,,,Left Rear Fender,Left Rear Fender,Passenger Car,"Two-Way, Not Divided",,,,,Motor Vehicle in Transport,Motor Vehicle in Transport,,,,,Level,Straight,Unknown,No Controls,Unknown,Unknown,Unknown,
25585210,2023,1,,,33607,N,Vehicle in Transport,FL,,N,2019,NISS,,SW,BLU,Minor,500,N,Driver,N,East,W UNION ST,,25,2,,,,,Right Front Door,Right Front Door,(Sport) Utility Vehicle,"Two-Way, Not Divided",,,,,Pedalcycle,Pedalcycle,,,,N,Level,Straight,Stopped in Traffic,Stop Sign,No Special Function,None,,
25585381,2023,1,,,,,,,,Y,,UK,,UNKNOWN,UNKNOWN,Unknown,0,N,,N,South,CENTRAL AVE N,,,,,,,,Front Left Bumper,Front Left Bumper,Unknown,"Two-Way, Not Divided",,,,,Motor Vehicle in Transport,Motor Vehicle in Transport,,,,,Level,Straight,Unknown,Stop Sign,Unknown,Unknown,,
25586589,2023,1,,,,N,,,,Y,,UK,,UNKNOWN,UNKNOWN,Unknown,0,N,,N,,,,,,,,,,,,Unknown,"Two-Way, Divided, Positive Median Barrier",,,,,Pedalcycle,Pedalcycle,,,,,Level,Straight,Unknown,No Controls,Unknown,Unknown,,
25586820,2023,1,,,,N,Vehicle in Transport,,,Y,,NISSA,,4D,BLK,Unknown,0,N,Driver,N,South,N 34TH ST,15,25,2,,,,,Front Center Bumper,Front Center Bumper,Passenger Car,"Two-Way, Not Divided",,,,,Motor Vehicle in Transport,Motor Vehicle in Transport,,,,N,Level,Straight,Turning Right,No Controls,Unknown,Unknown,,
25587095,2023,1,,,33605,N,Vehicle in Transport,FL,,N,2007,CHEV,,PK,RED,Minor,200,N,Driver,N,East,HILLSBOROUGH AVE,15,35,3,,,,,Front Right Bumper,Front Right Bumper,Pickup,"Two-Way, Divided, Positive Median Barrier",,,,,Pedalcycle,Pedalcycle,,,,N,Level,Curve Right,Turning Right,No Controls,No Special Function,None,,
25587139,2023,1,,,33615,N,Vehicle in Transport,FL,,N,2020,TOYT,,4D,SIL,None,0,N,Driver,N,West,HILLSBOROUGH AVE W,15,35,3,,,,,Right Rear Fender,Right Rear Fender,Passenger Car,"Two-Way, Divided, Positive Median Barrier",,,,,Pedalcycle,Pedalcycle,,,,N,Level,Straight,Turning Right,No Controls,No Special Function,None,,
25587233,2023,1,,,33629,N,Vehicle in Transport,FL,,N,2019,FORD,F150,TK,BLK,Minor,100,N,Driver,N,West,MARLIN AVE W,0,25,2,,,,,Rear Center Bumper,Rear Center Bumper,"Other Light Trucks (10,000 lbs (4,536 kg) or less)","Two-Way, Not Divided",,,,Not Applicable,Motor Vehicle in Transport,Motor Vehicle in Transport,,,,N,Level,Straight,Straight Ahead,No Controls,No Special Function,None,,N
25588424,2023,1,,,33610,N,Vehicle in Transport,FL,,N,2016,KIA,,UT,GRY,Minor,500,N,Driver,N,North,N 22ND ST,,,2,,,,,Front Right Bumper,Front Right Bumper,(Sport) Utility Vehicle,"Two-Way, Not Divided",,,,,Motor Vehicle in Transport,Motor Vehicle in Transport,,,,N,Level,Straight,Straight Ahead,No Controls,No Special Function,None,,
25591051,2023,1,,,33782,N,Vehicle in Transport,FL,,N,2018,TOYT,,4D,GRY,None,0,N,Rotation,N,West,W SAN MIGUEL ST,5,35,2,,,,,Front Left Bumper,Front Left Bumper,Passenger Car,"Two-Way, Not Divided",,,,,Motor Vehicle in Transport,Motor Vehicle in Transport,,,,N,Level,Straight,Turning Right,Stop Sign,No Special Function,None,,
25591147,2023,1,,,33584,N,Vehicle in Transport,NC,,N,2018,CHEV,,TK,BLU,Minor,2000,N,Driver,N,West,E TWIGGS ST,20,30,4,,,,,Front Center Bumper,Front Center Bumper,Passenger Car,"Two-Way, Not Divided",,,,,Motor Vehicle in Transport,Motor Vehicle in Transport,,,,N,Level,Straight,Making U-Turn,No Controls,No Special Function,None,,
25591162,2023,1,,,33613,N,Vehicle in Transport,FL,,N,2021,FORD,,PK,GRY,None,0,N,,N,West,E CHELSEA ST,25,25,2,,,,,Left Front Door,Left Front Door,Pickup,"Two-Way, Not Divided",,,,,Motor Vehicle in Transport,Motor Vehicle in Transport,,,,N,Level,Straight,Overtaking/Passing,No Controls,No Special Function,None,,
25591500,2023,1,,,33603,N,Vehicle in Transport,FL,,N,2022,FORD,VAN,VN,WHI,Minor,100,N,Driver,N,North,5320 N BOULEVARD PARKING LOT,5,5,1,,,,,Front Right Bumper,Front Right Bumper,"Cargo Van (10,000 lbs (4,536 kg) or less)","Two-Way, Not Divided",,,,Not Applicable,Motor Vehicle in Transport,Motor Vehicle in Transport,,,,N,Level,Straight,Entering Traffic Lane,Stop Sign,No Special Function,None,,N
25592658,2023,1,,,33069,N,Vehicle in Transport,FL,,N,2018,KIA,,UT,WHI,Minor,500,N,Driver,N,West,LAKEWOOD RD,5,25,2,,,,,Front Right Bumper,Front Right Bumper,Passenger Car,"Two-Way, Not Divided",,,,,Motor Vehicle in Transport,Motor Vehicle in Transport,,,,N,Level,Straight,Straight Ahead,No Controls,No Special Function,None,,
25593262,2023,1,,,32707,N,Vehicle in Transport,FL,,N,2017,HYUN,,UT,BLU,Minor,500,N,Driver,N,West,BLUEBELL DR,3,25,2,,,,,Front Left Bumper,Front Left Bumper,Passenger Car,"Two-Way, Not Divided",,,,,Pedalcycle,Pedalcycle,,,,N,Level,Straight,Straight Ahead,Stop Sign,No Special Function,None,,
25593348,2023,1,,,32750,N,Vehicle in Transport,FL,,N,2019,TESL,,4D,BLK,Minor,150,N,Driver,N,South,DRIVEWAY EXIT,3,,1,,,,,Right Front Fender,Right Front Fender,Passenger Car,"Two-Way, Divided, Positive Median Barrier",,,,,Pedalcycle,Pedalcycle,,,,N,Level,Straight,Straight Ahead,Stop Sign,No Special Function,None,,
25597700,2023,1,,,32266,N,Vehicle in Transport,FL,N,N,2014,HYUN,,4DR,SIL,Minor,300,N,,N,East,SW 9TH RD,3,30,1,,,,,Front Center Bumper,Front Center Bumper,Passenger Car,One-Way Trafficway,,,,,Motor Vehicle in Transport,Motor Vehicle in Transport,,,,N,Level,Straight,Negotiating a Curve,No Controls,No Special Function,None,,
25599672,2023,1,,,33316,N,Vehicle in Transport,FL,N,N,2019,BMW,,SUV,SIL,None,0,N,Driver,N,East,SR-331 (SW WILLISTON RD),10,35,3,,,,,,,(Sport) Utility Vehicle,"Two-Way, Divided, Positive Median Barrier",,,,,Motor Vehicle in Transport,Motor Vehicle in Transport,,,,N,Level,Straight,Turning Left,Traffic Control Signal,No Special Function,None,,
25600087,2023,1,,,32024,N,Vehicle in Transport,FL,N,N,2020,KIA,,,BLK,None,0,N,,N,North,US 441,,,4,,,,,,,Passenger Car,"Two-Way, Not Divided",,,,,Motor Vehicle in Transport,Motor Vehicle in Transport,,,,N,Level,Straight,Turning Right,No Controls,No Special Function,Unknown,,
25600190,2023,1,,,33486,N,Vehicle in Transport,FL,N,N,2020,MYCO,,HB,UNKN,Disabling,500,Y,Rotation,N,East,SW 2ND AVE,10,20,4,,,,,Hood,Hood,Passenger Car,"Two-Way, Not Divided",,,,,Motor Vehicle in Transport,Motor Vehicle in Transport,,,,N,Level,Straight,Turning Left,No Controls,No Special Function,None,,
25602586,2023,1,,,34957,N,Vehicle in Transport,FL,,N,2014,TOYT,,VN,WHI,Minor,2000,N,Driver,N,South,NE 24TH ST,25,25,2,,,,,Front Center Bumper,Front Center Bumper,Passenger Van,"Two-Way, Not Divided",,,,,Motor Vehicle in Transport,Motor Vehicle in Transport,,,,N,Level,Straight,Straight Ahead,No Controls,No Special Function,None,,
25603580,2023,1,,,34990,N,Vehicle in Transport,FL,,N,2018,TOYT,,PK,WHI,Minor,300,N,Driver,N,North,SE COMMERCE AVE,10,35,2,,,,,Front Center Bumper,Front Center Bumper,Pickup,"Two-Way, Not Divided",,,,,Pedalcycle,Pedalcycle,,,,N,Level,Straight,Turning Right,Stop Sign,No Special Function,None,,
25603654,2023,1,,,34994,N,Vehicle in Transport,FL,,N,2019,VOLV,,UT,BLK,Minor,1500,N,Driver,N,North,NW FEDERAL HWY,10,45,6,,,,,Right Front Door,Right Front Door,(Sport) Utility Vehicle,"Two-Way, Divided, Positive Median Barrier",,,,,Pedalcycle,Pedalcycle,,,,N,Level,Straight,Turning Right,Stop Sign,No Special Function,None,,
25603654,2023,2,,,34952,N,Vehicle in Transport,FL,,N,2013,FORD,F-150,TK,GLD,Disabling,5000,Y,Rotation,N,North,NW FEDERAL HWY,45,45,6,,,,,Front Center Bumper,Front Center Bumper,"Other Light Trucks (10,000 lbs (4,536 kg) or less)","Two-Way, Divided, Positive Median Barrier",,,,Not Applicable,Motor Vehicle in Transport,Motor Vehicle in Transport,,,,N,Level,Straight,Straight Ahead,No Controls,No Special Function,None,,N
25603654,2023,3,,,34994,N,Vehicle in Transport,FL,,N,2008,FORD,,UT,WHI,Disabling,5000,Y,Rotation,N,North,NW FEDERAL HWY,45,45,6,,,,,Rear Center Bumper,Rear Center Bumper,(Sport) Utility Vehicle,"Two-Way, Divided, Positive Median Barrier",,,,,Motor Vehicle in Transport,Motor Vehicle in Transport,,,,N,Level,Straight,Straight Ahead,No Controls,No Special Function,None,,
25605742,2023,1,,,33319,N,Vehicle in Transport,FL,N,Y,2015,NISS,,4D,GRY,Unknown,300,N,,N,West,W HALLANDALE BEACH BLVD,5,35,3,,,,,Front Right Bumper,Front Right Bumper,Passenger Car,One-Way Trafficway,,,,,Motor Vehicle in Transport,Motor Vehicle in Transport,,,,N,Level,Straight,Entering Traffic Lane,No Controls,No Special Function,None,,
25605851,2023,1,,,33009,N,Vehicle in Transport,FL,N,N,2022,HOND,,SPUV,WHI,Minor,500,N,,N,East,E HALLANDALE BEACH BLVD,20,35,3,,,,,Right Rear Fender,,(Sport) Utility Vehicle,One-Way Trafficway,,,,,Motor Vehicle in Transport,Motor Vehicle in Transport,,,,N,Level,Straight,Turning Right,No Controls,No Special Function,None,,
25605965,2023,1,,,33026,N,Vehicle in Transport,FL,N,N,2011,HOND,,4D,BLK,Minor,200,N,,N,West,NE 1ST CT,20,25,1,,,,,Front Right Bumper,Front Right Bumper,Passenger Car,"Two-Way, Not Divided",,,,,,Motor Vehicle in Transport,,,,N,Level,Straight,Straight Ahead,No Controls,No Special Function,None,,
25606448,2023,1,,,33009,N,Vehicle in Transport,FL,N,N,2022,MAZD,,SPUV,GRY,None,0,N,,N,East,N FEDERAL HWY,25,25,2,,,,,,,(Sport) Utility Vehicle,"Two-Way, Not Divided",,,,,Motor Vehicle in Transport,Motor Vehicle in Transport,,,,N,Level,Straight,Other,No Controls,No Special Function,None,None,
25610214,2023,1,,,33040,N,Vehicle in Transport,FL,N,N,2010,TOYT,,4D,BGE,Functional,500,N,,N,North,PALM AVE,,25,2,,,,,Right Rear Fender,Right Rear Fender,Passenger Car,"Two-Way, Not Divided",,,,,Pedalcycle,Pedalcycle,,,,N,Level,Straight,Stopped in Traffic,No Controls,No Special Function,None,,
25610261,2023,1,,,33040,N,Vehicle in Transport,FL,N,N,2018,FORD,,VN,WHI,Functional,400,N,,N,North,N ROOSEVELT BLVD,5,35,5,,,,,Right Rear Door,Right Rear Door,"Cargo Van (10,000 lbs (4,536 kg) or less)","Two-Way, Divided, Unprotected (painted >4 feet) Median",,,,,Pedalcycle,Pedalcycle,,,,N,Level,Straight,Turning Left,No Controls,No Special Function,None,,N
25610288,2023,1,,,33040,N,Vehicle in Transport,FL,N,N,2021,CHEV,,PK,WHI,None,0,N,,N,West,EATON ST,10,20,2,,,,,Right Front Fender,,Pickup,"Two-Way, Not Divided",,,,,Pedalcycle,Pedalcycle,,,,N,Level,Straight,Turning Right,No Controls,No Special Function,None,,
25610535,2023,1,,,33040,N,Vehicle in Transport,FL,Y,N,2019,FORD,,SUV,WHI,Functional,50,N,,N,North,WHITE ST,5,25,2,,,,,Right Front Door,Right Front Door,(Sport) Utility Vehicle,"Two-Way, Not Divided",,,,,Pedalcycle,Pedalcycle,,,,N,Level,Straight,Turning Right,No Controls,Police,None,,
25610606,2023,1,,,33040,N,Vehicle in Transport,FL,N,N,2012,CHEV,,PK,ONG,Functional,100,N,,N,North,N ROOSEVELT BLVD,2,35,5,,,,,Front Center Bumper,Front Center Bumper,Pickup,"Two-Way, Not Divided",,,,,Pedalcycle,Pedalcycle,,,,N,Level,Straight,Entering Traffic Lane,No Controls,No Special Function,None,,
25617752,2023,1,,,74134,N,Vehicle in Transport,FL,,Y,2020,FORD,,PK,GRY,Functional,2000,N,Driver,N,North,SR A1A,,,4,,,,,Front Right Bumper,Front Right Bumper,Pickup,"Two-Way, Divided, Positive Median Barrier",,,,,Motor Vehicle in Transport,Motor Vehicle in Transport,,,,,Level,Straight,Straight Ahead,No Controls,Unknown,Unknown,Unknown,
25621333,2023,1,,,33947,N,Vehicle in Transport,FL,N,Y,2011,FORD,,SUV,WHI,Minor,2500,N,,N,West,SE 47TH TER,15,30,2,,,,,Front Right Bumper,Front Center Bumper,(Sport) Utility Vehicle,"Two-Way, Not Divided",,,,,Pedalcycle,"Ran Off Roadway, Right",Pedalcycle,,,N,Level,Straight,Turning Left,No Controls,No Special Function,None,,
25623031,2023,1,,,33976,N,Vehicle in Transport,FL,N,N,2016,FORD,,PU,WHI,Minor,500,N,Driver,N,East,SW 45TH ST,20,30,2,,,,,Right Rear Fender,Right Rear Fender,Pickup,"Two-Way, Not Divided",,,,,Motor Vehicle in Transport,Motor Vehicle in Transport,,,,N,Level,Straight,Straight Ahead,No Controls,No Special Function,None,,
25624594,2023,1,,,33904,N,Vehicle in Transport,FL,N,N,2008,CHEV,,4DR,SIL,None,0,N,Driver,N,West,CAPE CORAL PKWY E,15,35,6,,,,,,,Passenger Car,"Two-Way, Divided, Positive Median Barrier",,,,,Pedalcycle,Pedalcycle,,,,N,Level,Straight,Turning Right,No Controls,No Special Function,None,,
25627253,2023,1,,,36691,,Vehicle in Transport,AL,,N,2021,TOYT,,4D,WHI,Minor,100,N,Driver,N,West,14TH ST,5,30,2,,,,,Front Left Bumper,Front Left Bumper,Passenger Car,"Two-Way, Not Divided",,,,,Motor Vehicle in Transport,Motor Vehicle in Transport,,,,N,Level,Straight,Straight Ahead,No Controls,No Special Function,None,,
25627384,2023,2,,,33125,,Vehicle in Transport,FL,,N,2022,TOYT,,4D,WHI,Minor,2000,N,Driver,N,West,8TH STREET,15,35,2,,,,,Left Front Fender,Left Front Fender,Passenger Car,"Two-Way, Not Divided",,,,,Motor Vehicle in Transport,Motor Vehicle in Transport,,,,N,Level,Straight,Straight Ahead,No Controls,No Special Function,None,,
25627494,2023,1,,,33181,,Vehicle in Transport,FL,,N,2017,HOND,,4D,BLU,Functional,2000,N,Driver,N,South,PENNSYLVANIA AVE,5,30,2,,,,,Left Rear Fender,Left Rear Fender,Passenger Car,"Two-Way, Not Divided",,,,,,Pedalcycle,,,,N,Level,Straight,Making U-Turn,No Controls,No Special Function,None,,
25627739,2023,1,,,33009,,Vehicle in Transport,FL,,N,2012,AUDI,,CV,WHI,Functional,200,N,Driver,N,North,OCEAN DR,15,25,2,,,,,Left Front Fender,Left Front Fender,Passenger Car,"Two-Way, Not Divided",,,,,Motor Vehicle in Transport,Motor Vehicle in Transport,,,,N,Level,Straight,Leaving Traffic Lane,No Controls,No Special Function,None,,
25628018,2023,1,,,33133,,Vehicle in Transport,FL,,N,2019,NISS,,4D,GRY,None,500,N,Driver,N,West,W 44TH ST,5,30,2,,,,,Front Left Bumper,Front Left Bumper,Passenger Car,"Two-Way, Divided, Unprotected (painted >4 feet) Median",,,,,Motor Vehicle in Transport,Motor Vehicle in Transport,,,,N,Level,Straight,Straight Ahead,Traffic Control Signal,No Special Function,None,,
25628330,2023,2,,,30348,,Vehicle in Transport,FL,,N,2020,HYUN,,4D,BLK,Minor,500,N,,N,North,JEFFERSON AVE,10,20,2,,,,,,,Passenger Car,"Two-Way, Not Divided",,,,,Motor Vehicle in Transport,Motor Vehicle in Transport,,,,N,Level,Straight,Slowing,No Controls,No Special Function,None,,
25628554,2023,1,,,32333,,Vehicle in Transport,FL,,N,2017,NISS,,4D,BLU,Functional,100,N,Driver,N,South,PENNSYLVANIA AVE,5,30,2,,,,,Left Front Fender,Hood,Passenger Car,"Two-Way, Not Divided",,,,,,Pedalcycle,,,,N,Level,Straight,Straight Ahead,No Controls,No Special Function,None,,
25628597,2023,1,,,33139,,Vehicle in Transport,FL,,N,2004,ACUR,,4D,SIL,Functional,1,N,Driver,N,West,DADE BLVD,5,30,4,,,,,Front Center Bumper,Front Center Bumper,Passenger Car,"Two-Way, Not Divided",,,,,,Pedalcycle,,,,N,Level,Straight,Straight Ahead,Traffic Control Signal,No Special Function,None,,
25628904,2023,1,,,33129,,Vehicle in Transport,FL,,N,2004,VOLV,,UT,GRN,Minor,300,N,Driver,N,South,ALTON RD,20,40,5,,,,,Front Center Bumper,Front Center Bumper,Passenger Car,"Two-Way, Divided, Positive Median Barrier",,,,,Motor Vehicle in Transport,Motor Vehicle in Transport,Pedalcycle,,,N,Level,Straight,Straight Ahead,Traffic Control Signal,No Special Function,None,,
25628998,2023,1,,,74134,,Vehicle in Transport,OK,Y,N,2021,TOYT,,4D,BLU,Minor,500,N,Driver,N,North,LENOX AVE,10,30,2,,,,,,,Passenger Car,"Two-Way, Not Divided",,,,,Motor Vehicle in Transport,Motor Vehicle in Transport,,,,N,Level,Straight,Turning Left,Traffic Control Signal,No Special Function,None,,
25629166,2023,1,,,33139,,Vehicle in Transport,FL,,N,2010,LINC,,4D,BLK,Minor,1000,N,Driver,N,East,15TH ST,3,20,2,,,,,Left Front Door,Left Front Door,Passenger Car,"Two-Way, Divided, Unprotected (painted >4 feet) Median",,,,,Motor Vehicle in Transport,Motor Vehicle in Transport,,,,N,Level,Straight,Making U-Turn,No Controls,No Special Function,None,,
25629192,2023,1,,,77842,,Vehicle in Transport,FL,,N,2022,HYUN,,UT,GRY,Functional,100,N,Driver,N,East,VENETIAN WAY,20,30,4,,,,,Right Rear Door,Right Rear Door,Passenger Car,"Two-Way, Not Divided",,,,,Motor Vehicle in Transport,Motor Vehicle in Transport,,,,N,Level,Straight,Turning Right,No Controls,No Special Function,None,,
25629332,2023,1,,,33141,,Vehicle in Transport,FL,,N,2018,HYUN,,4D,WHI,Minor,500,N,Driver,N,East,71ST ST (SR 934),15,30,5,,,,,Front Right Bumper,Front Right Bumper,Passenger Car,"Two-Way, Not Divided",,,,,Motor Vehicle in Transport,Motor Vehicle in Transport,,,,N,Level,Straight,Straight Ahead,No Controls,No Special Function,None,,
25629434,2023,1,,,76248,,Vehicle in Transport,TX,,N,2016,MAD,,4D,WHI,Functional,0,N,Other,N,South,CRESPI BLVD,5,25,2,,,,,,,(Sport) Utility Vehicle,"Two-Way, Not Divided",,,,,Motor Vehicle in Transport,Motor Vehicle in Transport,,,,N,Level,Straight,Other,No Controls,No Special Function,None,,
25630035,2023,1,,,34761,,Vehicle in Transport,FL,,N,2022,NISS,,4D,GRY,None,1,N,Driver,N,West,5TH ST (SR A1A),10,35,4,,,,,Front Right Bumper,Front Right Bumper,Passenger Car,"Two-Way, Divided, Positive Median Barrier",,,,,Pedalcycle,Pedalcycle,,,,N,Level,Straight,Turning Right,No Controls,No Special Function,None,,
25630307,2023,2,,,33160,,Vehicle in Transport,FL,,N,2022,TOYT,,UT,SIL,Minor,1500,N,Driver,N,East,15TH ST,30,30,2,,,,,Front Right Bumper,Front Right Bumper,(Sport) Utility Vehicle,"Two-Way, Not Divided",,,,,Motor Vehicle in Transport,Motor Vehicle in Transport,,,,N,Level,Straight,Straight Ahead,Traffic Control Signal,No Special Function,None,,
25630617,2023,2,,,33141,,Vehicle in Transport,FL,,N,2018,FIAT,,SW,SIL,Functional,5000,N,Driver,N,South,HARDING AVE (SR A1A),30,30,3,,,,,Front Left Bumper,Front Center Bumper,Passenger Car,One-Way Trafficway,,,,,,Pedestrian,,,,N,Level,Straight,Straight Ahead,Traffic Control Signal,No Special Function,None,None,
25630878,2023,2,,,33139,,Vehicle in Transport,FL,Y,N,2017,FORD,,PK,WHI,Functional,700,N,Driver,N,South,MERIDIAN AVE,30,30,2,,,,,Right Rear Door,Right Rear Door,Pickup,"Two-Way, Divided, Unprotected (painted >4 feet) Median",,,,,Pedalcycle,Pedalcycle,,,,N,Level,Straight,Straight Ahead,No Controls,No Special Function,None,,
25631564,2023,1,,,33137,,Vehicle in Transport,FL,,N,2018,TESL,,UT,BLK,Minor,300,N,,N,South,LIBERTY AVE,15,20,2,,,,,,,Passenger Car,"Two-Way, Not Divided",,,,,Motor Vehicle in Transport,Motor Vehicle in Transport,,,,N,Level,Straight,Backing,No Controls,No Special Function,None,,
25631709,2023,1,,,33139,,Vehicle in Transport,FL,,Y,2022,PORS,,4D,BLU,Minor,100,N,Driver,N,East,VENETIAN CSWY,25,20,2,,,,,Front Center Bumper,Front Center Bumper,Passenger Car,"Two-Way, Not Divided",,,,,Pedalcycle,Pedalcycle,,,,N,Level,Straight,Straight Ahead,No Controls,No Special Function,Unknown,,
25636697,2023,1,,,32578-1912,N,Vehicle in Transport,FL,N,N,2011,NISS,,PK,WHI,Minor,1,N,,N,South,SB EVANS ST TURNING W ONTO S.R.85,5,25,2,,,,,Front Center Bumper,Front Center Bumper,Pickup,"Two-Way, Not Divided",,,,,Pedestrian,Pedestrian,,,,N,Level,Straight,Turning Right,Stop Sign,No Special Function,None,,
25636811,2023,1,,,32578,N,Vehicle in Transport,FL,N,N,2021,CHEV,,PK,GRY,Minor,100,N,,N,South,796 EAST JOHN SIMS PARKWAY,,15,2,,,,,Right Front Door,Right Front Door,Pickup,"Two-Way, Not Divided",,,,,Other Non-Fixed Object,Other Non-Fixed Object,,,,N,Level,Straight,Stopped in Traffic,Stop Sign,No Special Function,None,,
25649119,2023,1,,,33440-5509,N,Vehicle in Transport,FL,N,N,2011,FORD,,4D,GRY,Minor,100,N,,N,West,900 BLK OF MISSISSIPPI AVE,25,25,2,,,,,Right Front Fender,Right Front Fender,Passenger Car,"Two-Way, Not Divided",,,,,Pedestrian,Pedestrian,,,,N,Level,Straight,Straight Ahead,No Controls,No Special Function,None,,
25653274,2023,1,,,34758,,Vehicle in Transport,FL,,N,2017,GMC,,4H,BLK,Functional,0,N,,N,West,POSNER BLVD,,25,4,,,,,Front Center Bumper,Front Center Bumper,(Sport) Utility Vehicle,"Two-Way, Divided, Positive Median Barrier",,,,,Pedalcycle,Pedalcycle,,,,N,Level,Curve Right,Straight Ahead,Stop Sign,No Special Function,None,None,
25657515,2023,2,,,32835,,Vehicle in Transport,FL,,N,2022,TOYT,,4D,GRY,Minor,0,N,Driver,N,East,W CHURCH ST,5,25,2,,,,,Right Front Fender,Right Front Fender,Passenger Car,One-Way Trafficway,,,,,Motor Vehicle in Transport,Motor Vehicle in Transport,,,,N,Level,Straight,Turning Right,No Controls,No Special Function,None,,
25657959,2023,1,,,32832,,Vehicle in Transport,FL,,N,2013,HOND,,UT,MAR,None,0,N,Driver,N,South,9592 NARCOOSSEE RD,10,10,1,,,,,Front Center Bumper,,(Sport) Utility Vehicle,"Two-Way, Not Divided",,,,,Pedestrian,Pedestrian,,,,N,Level,Straight,Straight Ahead,Stop Sign,No Special Function,None,,
25660056,2023,1,,,,,Vehicle in Transport,,,Y,,,,,,,0,,,N,East,W COLONIAL DR,0,45,6,,,,,Trailer,Trailer,"Medium/Heavy Trucks (more than 10,000 lbs (4,536 kg))","Two-Way, Divided, Positive Median Barrier",,,,,Motor Vehicle in Transport,Motor Vehicle in Transport,,,,N,Level,Straight,Stopped in Traffic,No Controls,No Special Function,None,,Y
25665877,2023,1,,,65802,N,Vehicle in Transport,FL,,N,2014,NISS,,PK,WHI,Minor,0,N,Rotation,N,East,LOGAN AV,5,25,2,,,,,Front Right Bumper,Front Right Bumper,Pickup,"Two-Way, Not Divided",,,,,Motor Vehicle in Transport,Motor Vehicle in Transport,,,,N,Level,Straight,Turning Right,Stop Sign,No Special Function,None,,
25670378,2023,1,,,33033,N,Vehicle in Transport,,,N,,FASHI,,MY,BLU,Minor,500,N,Other,N,Off-Road,SIDEWALK,,,,,,,,Left Front Door,Left Front Door,Other,"Two-Way, Not Divided",,,,,Pedalcycle,Pedalcycle,,,,N,Level,Straight,Straight Ahead,Traffic Control Signal,No Special Function,None,,
25670378,2023,2,,,33033,N,Vehicle in Transport,FL,,N,2023,BMW,,2D,WHI,Minor,500,N,Driver,N,West,SW 33300 BLK,2,30,2,,,,,Front Center Bumper,Front Center Bumper,Passenger Car,"Two-Way, Divided, Positive Median Barrier",,,,,Pedalcycle,Motor Vehicle in Transport,Pedalcycle,,,N,Level,Straight,Straight Ahead,Traffic Control Signal,No Special Function,None,,
25671849,2023,1,,,,N,Vehicle in Transport,,N,Y,,,,,,,0,N,,N,,9500 103RD ST,,45,2,,,,,,,,"Two-Way, Not Divided",,,,,,,,,,N,Level,Straight,,No Controls,,,,
25675888,2023,1,,,32256-7161,N,Vehicle in Transport,FL,N,N,2020,CHEV,,4D,RED,None,0,N,Driver,N,North,NORTH EXIT OF PUBLIX PARKING LOT,3,45,2,,,,,Front Center Bumper,,Pickup,"Two-Way, Divided, Positive Median Barrier",,,,,Pedalcycle,Pedalcycle,,,,N,Level,Straight,Turning Right,No Controls,No Special Function,None,,
25676655,2023,1,,,33647-3140,N,Vehicle in Transport,FL,N,N,2020,FORD,,SD,WHI,Minor,500,N,Driver,N,North,ARLINGTON EXPY AND ATLANTIC BLVD,15,45,6,,,,,Front Center Bumper,Front Center Bumper,Passenger Car,"Two-Way, Divided, Positive Median Barrier",,,,,Pedalcycle,Pedalcycle,,,,N,Level,Straight,Turning Left,Traffic Control Signal,No Special Function,None,,
25689788,2023,1,,,32082-0000,N,Vehicle in Transport,FL,N,N,2017,MERZ,,4D,WHI,Minor,2000,N,Driver,N,South,GRAN BAY PKWY W,15,30,4,,,,,Front Left Bumper,Front Left Bumper,Passenger Car,"Two-Way, Divided, Unprotected (painted >4 feet) Median",,,,,Pedalcycle,Pedalcycle,,,,N,Level,Straight,Turning Right,No Controls,No Special Function,None,,
25691773,2023,1,,,32725,N,Vehicle in Transport,FL,,N,2018,JEEP,,UT,GRY,Minor,50,N,Driver,N,West,PARKING LOT,5,5,2,,,,,Front Right Bumper,Front Right Bumper,(Sport) Utility Vehicle,"Two-Way, Not Divided",,,,,Motor Vehicle in Transport,Motor Vehicle in Transport,,,,N,Level,Straight,Turning Left,No Controls,No Special Function,None,,
25695572,2023,1,,,34217,N,Vehicle in Transport,FL,,N,2023,KIA,,UT,GRY,Minor,10,N,,N,East,MANATEE AVE W,15,45,2,,,,,Left Rear Fender,Left Rear Fender,Passenger Car,"Two-Way, Not Divided",,,,,Pedestrian,Pedestrian,,,,N,Level,Straight,Turning Left,No Controls,No Special Function,None,,
25696209,2023,1,,,00000,N,Vehicle in Transport,UK,,Y,,TOYOT,,SU,TAN,Unknown,0,N,,N,Off-Road,702 6TH AVE E,,,,,,,,Left Rear Fender,Left Rear Fender,(Sport) Utility Vehicle,"Two-Way, Not Divided",,,,,Pedestrian,Pedestrian,,,,N,Level,Straight,Turning Right,Other,No Special Function,None,,
25696819,2023,1,,,34608,N,Vehicle in Transport,FL,,N,2004,TOYT,,4D,SIL,Minor,500,N,Driver,N,South,LANDOVER BOULEVARD,1,30,3,,,,,Front Center Bumper,Front Center Bumper,Passenger Car,"Two-Way, Not Divided",,,,,Pedalcycle,Pedalcycle,,,,N,Level,Straight,Turning Left,Traffic Control Signal,No Special Function,None,,
25698138,2023,1,,,34606,N,Vehicle in Transport,FL,,N,2016,NISS,,4D,BLU,Minor,100,N,Driver,N,West,BROAD ST FROM PARKING LOT,,,5,,,,,Front Center Bumper,Front Center Bumper,Passenger Car,One-Way Trafficway,,,,,Motor Vehicle in Transport,Motor Vehicle in Transport,Pedestrian,,,N,Level,Straight,Straight Ahead,Stop Sign,No Special Function,None,,
25700202,2023,1,,,33065,N,Vehicle in Transport,FL,N,N,2023,CHEV,,UT,WHI,Minor,300,N,Driver,N,North,NW 87TH AVE,3,25,2,,,,,Front Center Bumper,Front Center Bumper,(Sport) Utility Vehicle,"Two-Way, Not Divided",,,,,Pedalcycle,Pedalcycle,,,,N,Level,Straight,Turning Right,Stop Sign,No Special Function,None,,
25701414,2023,1,,,,N,Vehicle in Transport,FL,N,Y,,VOLK,,4D,WHI,,0,N,Driver,N,East,2204 N UNIVERSITY DR,5,10,2,,,,,Right Rear Door,,Passenger Car,"Two-Way, Not Divided",,,,,Pedestrian,Pedestrian,,,,N,Level,Straight,Turning Right,Stop Sign,No Special Function,Unknown,,
25703978,2023,1,,,74134,N,Vehicle in Transport,FL,,N,2021,HYUN,,4D,BLK,Minor,500,N,Driver,N,North,SHIRLEY ST,15,30,1,,,,,Front Left Bumper,Front Left Bumper,Passenger Car,"Two-Way, Divided, Unprotected (painted >4 feet) Median",,,,,Motor Vehicle in Transport,Motor Vehicle in Transport,,,,N,Level,Straight,Straight Ahead,No Controls,No Special Function,None,,
25709388,2023,1,,,34120,N,Vehicle in Transport,FL,,N,2010,FORD,,2D,GLD,Minor,500,N,Driver,N,East,PARKING LOT,5,15,2,,,,,Front Right Bumper,Right Front Fender,Passenger Car,"Two-Way, Not Divided",,,,,Pedestrian,Pedestrian,,,,N,Level,Curve Right,Entering Traffic Lane,Stop Sign,No Special Function,None,,
25710020,2023,1,,,,N,,,,Y,,TOYOT,,UNKNOWN,BLU,Unknown,0,N,,N,West,ON 17TH AVE SW,10,25,2,,,,,Front Right Bumper,Front Right Bumper,Passenger Car,"Two-Way, Not Divided",,,,,Motor Vehicle in Transport,Motor Vehicle in Transport,,,,N,Level,Straight,Entering Traffic Lane,Stop Sign,Unknown,Unknown,Unknown,
25710465,2023,1,,,34135,N,Vehicle in Transport,FL,,N,2021,KIA,,UT,WHI,Minor,500,N,Driver,N,East,CENTER ST,5,25,2,,,,,Left Front Fender,Hood,(Sport) Utility Vehicle,"Two-Way, Not Divided",,,,,Motor Vehicle in Transport,Motor Vehicle in Transport,,,,N,Level,Straight,Slowing,Stop Sign,No Special Function,None,,
25711105,2023,1,,,34113,N,Vehicle in Transport,FL,,N,2005,FORD,,UT,RED,Minor,100,N,Other,N,North,TEXAS AVE,10,30,1,,,,,Front Center Bumper,Front Center Bumper,(Sport) Utility Vehicle,"Two-Way, Not Divided",,,,,Pedalcycle,Pedalcycle,,,,N,Level,Straight,Straight Ahead,Stop Sign,No Special Function,None,,
25711886,2023,1,,,34114,N,Vehicle in Transport,FL,,N,2005,FORD,,CV,BLU,Minor,1400,N,Driver,N,West,THRU LANE OF PARKING LOT,,,2,,,,,Front Right Bumper,Front Right Bumper,Passenger Car,"Two-Way, Not Divided",,,,,Pedalcycle,Pedalcycle,,,,N,Level,Straight,Straight Ahead,No Controls,No Special Function,None,,
25712099,2023,1,,,34116,N,Vehicle in Transport,FL,,N,2016,NISS,,5D,RED,Minor,1500,N,Driver,N,West,GOLDEN GATE PARKWAY,35,36,4,,,,,Right Rear Door,Right Rear Door,(Sport) Utility Vehicle,"Two-Way, Divided, Positive Median Barrier",,,,,Pedalcycle,Pedalcycle,,,,N,Level,Straight,Straight Ahead,Traffic Control Signal,No Special Function,None,,
25716342,2023,1,,,33160,N,Vehicle in Transport,FL,N,N,2015,TOYT,,4D,SIL,Minor,200,N,,N,East,PARKING LOT,10,10,1,,,,,Front Center Bumper,Front Center Bumper,Passenger Car,"Two-Way, Not Divided",,,,,,Motor Vehicle in Transport,,,,N,Level,Straight,Turning Left,Stop Sign,No Special Function,None,,
25716415,2023,1,,,33173,N,Vehicle in Transport,FL,N,N,2018,NISS,,4D,BLK,Disabling,1200,N,,N,North,W COUNTRY CLUB DR,25,30,5,,,,,Front Center Bumper,Front Center Bumper,Passenger Car,"Two-Way, Divided, Positive Median Barrier",,,,,,Pedestrian,,,,N,Level,Straight,Straight Ahead,Traffic Control Signal,No Special Function,None,,
25716538,2023,1,,,33435,N,Vehicle in Transport,FL,N,N,2011,FORD,,PK,BLK,None,0,N,Driver,N,North,NE 195TH STREET,2,15,4,,,,,Front Right Bumper,,Pickup,"Two-Way, Divided, Positive Median Barrier",,,,,Pedestrian,Pedestrian,,,,N,Level,Straight,Turning Right,Traffic Control Signal,No Special Function,None,,
25717293,2023,1,,,33180,N,Vehicle in Transport,FL,N,N,2023,LEXS,,5D,SIL,Functional,2000,N,Driver,N,North,BISCAYNE BLVD,15,45,8,,,,,Right Rear Door,Right Rear Door,(Sport) Utility Vehicle,"Two-Way, Divided, Positive Median Barrier",,,,,Pedalcycle,Pedalcycle,,,,N,Level,Straight,Turning Right,No Controls,No Special Function,None,,
