REPORT_NUMBER,CRASH_YEAR,PERSON_NUMBER,STATUTE_NUMBER,CHARGE,CITATION_NUMBER
25578219,2023,1,316.1925,CARELESS DRIVING,AH2675E
25582308,2023,2,316.0895(1),FOLLOWING TOO CLOSELY,AH2BJJE
25583563,2023,2,316.2068(1)(e),ELECTRIC PERSONAL ASSISTIVE MOBILITY DEVICE - IMPROPER OPERA,AH2CQHE
25717293,2023,1,316.151(1)(A),TURN - IMPROPER RIGHT TURN,AII3MPE
25584434,2023,1,316.122,FAILED TO YIELD - TO ONCOMING TRAFFIC/VEHICLE PASSING ON LEF,AI6LM7E
25587139,2023,1,316.151(1)(a),IMPROPER RIGHT TURN,AIG51VE
25591162,2023,2,316.155,NO/IMPROPER TURN/STOP SIGNAL GIVEN,AIG9RME
25591500,2023,1,322.34(1),UNKNOWINGLY OPERATING VEHICLE WHILE DL SUSPENDED/CANCELED/RE,AIG9ZZE
25593262,2023,1,316.075(1)(a)1,FAILED TO YIELD RIGHT-OF-WAY TO PEDESTRIAN,AH2UL1E
25593348,2023,1,316.125(2),FAILED TO YIELD/STOP AT SIDEWALK - FROM ALLEY/BLDG./PRIVATE,AH2UZYE
25597700,2023,2,316-2065,BICYCLE REGULATIONS,AEIBL2E
25600190,2023,2,316-1515,LIMITATIONS ON TURNING AROUND - U TURN,AHOB5NE
25617752,2023,1,316.027(2)(b),CRASH - LEAVING SCENE ON PUBLIC OR PRIVATE PROPERTY WITHOUT,AH5HVCE
25617752,2023,1,316.192(3)(c)2,RECKLESS DRIVING - SERIOUS BODILY INJURY [SEE 322.26(3)] (PR,AH5HVDE
25621333,2023,1,316.061(1),T: LEAVE SCENE ACCIDENT W/O GIVING INO MORE/$50 DMG,AH0NTQE
25624594,2023,1,316.130(7),T: PEDESTRIAN CROSSING NO SIGNAL/FTYROW,AHV1A0E
25627253,2023,1,316.1925,CARELESS DRIVING,AH4MSAE
25627494,2023,1,316.1925(1),CARELESS DRIVING,AHB14BE
25627739,2023,1,316.1925,CARELESS DRIVING,AHB1TWE
25628018,2023,1,316.125,FAILED TO YIELD/STOP AT SIDEWALK,AHHJWUE
25628330,2023,1,316.2065(1),VIO BICYCLE REGULATIONS,AHHLQ9E
25628554,2023,2,316.123(2)(a),RAN STOP SIGN,AHHMX3E
25628597,2023,1,316.130(7)(b),FAIL YLD ROW/PED CROSSWLK,AHB13QE
25628998,2023,1,316.122,FTYROW MAKING LEFT TURN,AHHP9JE
25629166,2023,2,316.0875(2),DRIVING ON LEFT SIDE /NO PASS ZONE,AI5JOQE
25629192,2023,1,316.1925,CARELESS DRIVING,AIA4WYE
25629332,2023,1,316.1925,CARELESS DRIVING,AIA5NCE
25630035,2023,1,316.151(1)(a),IMPROPER RIGHT TURN,AHVOLIE
25630307,2023,1,316.074(1),"'FAIL TO OBEY TCD/STOP SIGN, ETC.'",AIGE1CE
25630617,2023,1,316.130(8),PEDESTRIAN ENTERED PATH OF VEHICLE,AIKH26E
25631564,2023,1,316.1985(1),IMPROPER BACKING,AIPEN4E
25636697,2023,1,316.075(1)(c)1,FAIL TO YIELD RIGHT- OF-WAY TO PEDESTRIAN,AHVXTOE
25649119,2023,1,316.646(1),PROOF OF INSURANCE REQUIRED,ADLO09E
25676655,2023,2,316.121(1),VEHICLE IN INTERSECTION - ALL OTHERS MUST YIELD,AHEMQUE
25689788,2023,1,316.130(7)(c),FAILED TO YIELD RIGHT-OF-WAY TO PEDESTRIAN AT CROSSWALK WITH,AID4P7E
25695572,2023,3,316.2065(1),VIOLATION BICYCLE REGULATIONS,AIAQ4FE
25700202,2023,1,316.123(2)(A),STOP SIGN- FAILED TO STOP / YIELD,AHC7QLE
25711105,2023,1,316.193(4),D.U.I. - W/ BAC OVER .15 OR PASSENGER UNDER 18 Y/O IN VEHICL,ADX96JE
25711105,2023,1,316.1939(1),REFUSE TO SUBMIT TO BAL TEST,AHWUYXE
25716342,2023,1,316.1925(1),CARELESS DRIVING- REASON:,AH34XFE
25716538,2023,1,316.130(7)(B),FAIL TO YIELD TO PEDESTRAIAN AT CROSSWALK WITH SIGNAGE,AH35FOE
