REPORT_NUMBER,CRASH_YEAR,CRASH_DATE_AND_TIME,REPORT_DATE_AND_TIME,INVESTIGATING_AGENCY_REPORT_NUMBER,FORM_TYPE,TOTAL_NUMBER_OF_VEHICLES,TOTAL_NUMBER_OF_PERSONS,COUNTY_CODE,CITY_CODE,COUNTY_NAME,CITY_NAME,RURAL_OR_URBAN,NOTIFIED_TIME,DISPATCHED_TIME,ARRIVED_TIME,CLEARED_TIME,COMPLETED_FLAG,NOTIFIED_BY,ON_STREET_ROAD_HIGHWAY,STREET_ADDRESS_NUMBER,LATITUDE,LONGITUDE,FEET_FROM_INTERSECTION,DIRECTION_FROM_INTERSECTION,FROM_INTERSECTION_OF,MILEPOST_NUMBER,ROAD_SYSTEM_IDENTIFER,TYPE_OF_SHOULDER,TYPE_OF_INTERSECTION,PHOTOS_TAKEN,LIGHT_CONDITION,WEATHER_CONDITION,ROAD_SURFACE_CONDITION,SCHOOL_BUS_RELATED_CODE,TYPE_OF_IMPACT,FIRST_HARMFUL_EVENT,LOCATION,INTERCHANGE_FLAG,JUNCTION_FLAG,ROAD_CIRCUMSTANCES_1,ROAD_CIRCUMSTANCES_2,ROAD_CIRCUMSTANCES_3,ENVIRONMENT_CIRCUMSTANCES_1,ENVIRONMENT_CIRCUMSTANCES_2,ENVIRONMENT_CIRCUMSTANCES_3,WORK_ZONE_RELATED_FLAG,CRASH_IN_WORK_ZONE,TYPE_OF_WORK_ZONE,WORKERS_PRESENT,LAW_ENFORCEMENT_PRESENT,INVESTIGATOR_RANK,INVESTIGATING_AGENCY_NAME,INVESTIGATING_AGENCY_TYPE,LOAD_DATE,UPDATE_DATE,DAYS_TO_LOAD,CODEABLE,S4_CRASH_TYPE,S4_CRASH_TYPE_SIMPLIFIED,S4_CRASH_SEVERITY,S4_CRASH_SEVERITY_DETAIL,S4_DAY_OR_NIGHT,S4_IS_AGGRESSIVE_DRIVING,S4_IS_ALCOHOL_RELATED,S4_IS_CMV_INVOLVED,S4_IS_DISTRACTED,S4_IS_DRUG_RELATED,S4_IS_HIT_AND_RUN,S4_IS_INTERSECTION_RELATED,S4_IS_LANE_DEPARTURE_RELATED,S4_IS_SPEEDING_RELATED,S4_NONE_INJURY_COUNT,S4_INJURY_COUNT,S4_POSSIBLE_INJURY_COUNT,S4_NON_INCAPACITATING_INJURY_COUNT,S4_INCAPACITATING_INJURY_COUNT,S4_FATALITY_COUNT,S4_FATALITY_WITHIN_30_DAYS_COUNT,S4_NON_TRAFFIC_FATALITY_COUNT,S4_TRAILER_COUNT,S4_MOTORCYCLE_COUNT,S4_MOPED_COUNT,S4_NON_MOTORIST_COUNT,S4_BICYCLIST_COUNT,S4_PEDESTRIAN_COUNT,S4_DRIVER_COUNT,S4_AGING_DRIVER_COUNT,S4_TEENAGER_DRIVER_COUNT,S4_PASSENGER_COUNT,S4_UNRESTRAINED_COUNT,S4_UNRESTRAINED_INJURY_COUNT,S4_UNRESTRAINED_INCAPACITATING_INJURY_COUNT,S4_UNRESTRAINED_FATALITY_COUNT,S4_MOTORCYCLIST_COUNT,S4_MOTORCYCLIST_INCAPACITATING_INJURY_COUNT,S4_MOTORCYCLIST_FATALITY_COUNT,S4_IS_PEDESTRIAN_INVOLVED,S4_PEDESTRIAN_INCAPACITATING_INJURY_COUNT,S4_PEDESTRIAN_FATALITY_COUNT,S4_IS_BICYCLIST_INVOLVED,S4_BICYCLIST_INCAPACITATING_INJURY_COUNT,S4_BICYCLIST_FATALITY_COUNT,S4_CITATION_COUNT,S4_CITATION_AMOUNT,S4_PROPERTY_DAMAGE_COUNT,S4_PROPERTY_DAMAGE_AMOUNT,S4_VEHICLE_DAMAGE_COUNT,S4_VEHICLE_DAMAGE_AMOUNT,S4_TOTAL_DAMAGE_AMOUNT,S4_TRANSPORT_BY_EMS_COUNT,S4_TRANSPORT_BY_LAW_ENFORCEMENT_COUNT,S4_TRANSPORT_BY_OTHER_COUNT,S4_GEOLOCATION_STATUS,S4_PRELIMINARY_GEOLOCATION_STATUS,S4_X,S4_Y,S4_LATITUDE,S4_LONGITUDE
24796451,2021,07-DEC-2021 09:36 AM,07-DEC-2021 12:00 AM,21135418,L,1,3,6,0,Palm Beach,Unincorporated,Rural,12/7/2021 9:37:00 AM,12/7/2021 9:40:00 AM,12/7/2021 9:43:00 AM,12/7/2021 10:08:00 AM,Y,Law Enforcement,TENNIS CLUB DR,,26.721552,-80.115524,34,South,COMMUNITY DR,,Local,Curb,T-Intersection,N,Daylight,Clear,Dry,N,,Pedalcycle,On Roadway,N,Intersection,None,,,None,,,N,,,,,CSA,Palm Beach County Sheriff's Office,Sheriff's Office (SO),12/11/2021 1:34:00 PM,,4,Y,Bicycle,Bicycle,Serious Injury,Incapacitating Injury,DAY,N,N,N,N,N,N,Y,N,N,2,1,0,0,1,0,0,0,0,0,0,1,1,0,1,0,0,1,0,0,0,0,0,0,0,N,0,0,Y,1,0,0,0,0,0,1,200,200,1,0,0,Preliminary,Editor Mapped,587973.4238,2955896.3323,26.7215141457707,-80.1154964305632
24797955,2021,27-DEC-2021 06:10 PM,27-DEC-2021 12:00 AM,21142360,L,1,3,6,74,Palm Beach,Pahokee,Urban,12/27/2021 6:13:00 PM,12/27/2021 6:13:00 PM,12/27/2021 6:14:00 PM,12/27/2021 7:09:00 PM,Y,Law Enforcement,MCCLURE RD,883,26.809452,-80.668699,129,South,EISENHOWER DR,,County,Paved,Not at Intersection,N,Dark - Not Lighted,Clear,Dry,N,,Pedalcycle,Off Roadway,N,Non-Junction,None,,,None,,,N,,,,,D/S,Palm Beach County Sheriff's Office,Sheriff's Office (SO),12/29/2021 1:45:00 PM,12/29/2021 1:45:00 PM,2,Y,Bicycle,Bicycle,Injury,Non-Incapacitating Injury,DAY,N,N,N,N,N,N,N,N,N,2,1,0,1,0,0,0,0,0,0,0,1,1,0,1,0,0,1,0,0,0,0,0,0,0,N,0,0,Y,0,0,0,0,0,0,1,300,300,1,0,0,Preliminary,Editor Mapped,532925.5913,2965372.3273,26.8094412438834,-80.6686973253854
24820754,2021,27-NOV-2021 05:51 PM,27-NOV-2021 12:00 AM,422111048717,L,1,2,10,76,Broward,Sunrise,Urban,11/27/2021 5:51:00 PM,11/27/2021 6:05:00 PM,11/27/2021 6:30:00 PM,11/27/2021 7:00:00 PM,Y,Law Enforcement,SUNSET STRIP,,,,161,West,N UNIVERSITY DR,,Local,Paved,Not at Intersection,N,Dark - Lighted,Clear,Dry,N,Other,Pedalcycle,On Roadway,N,Non-Junction,None,,,None,,,N,,,,,OFFICER,Sunrise Police Department,Police Department (PD),12/3/2021 1:38:00 PM,12/3/2021 1:38:00 PM,6,Y,Bicycle,Bicycle,Injury,Non-Incapacitating Injury,DAY,N,N,N,N,N,N,N,N,N,1,1,0,1,0,0,0,0,0,0,0,1,1,0,1,1,0,0,0,0,0,0,0,0,0,N,0,0,Y,0,0,0,0,0,0,1,200,200,1,0,0,Preliminary,Editor Mapped,574315.8947,2892817.8838,26.1527971580393,-80.2564661237282
24826952,2021,16-NOV-2021 05:45 PM,16-NOV-2021 12:00 AM,2021034903,L,1,2,1,54,Miami-Dade,Hialeah,Urban,11/16/2021 5:49:00 PM,11/16/2021 5:49:00 PM,11/16/2021 5:57:00 PM,11/16/2021 6:49:00 PM,Y,Law Enforcement,W 2ND CT,,25.882834,-80.2888,644,South,W 68TH ST,,Other,Curb,Other,N,Dark - Lighted,Clear,Dry,N,,Pedalcycle,Off Roadway,N,Non-Junction,None,,,None,,,N,,,,,OFC.,Hialeah Police Department,Police Department (PD),11/19/2021 1:41:00 PM,11/19/2021 1:41:00 PM,3,Y,Bicycle,Bicycle,Injury,Non-Incapacitating Injury,DAY,N,N,N,N,N,N,N,N,N,1,1,0,1,0,0,0,0,0,0,0,1,1,0,1,0,1,0,0,0,0,0,0,0,0,N,0,0,Y,0,0,1,0,0,0,1,1000,1000,0,0,0,Preliminary,Editor Mapped,571247.0063,2862901.1728,25.8828302694646,-80.2887982956518
24851731,2021,13-DEC-2021 02:17 PM,13-DEC-2021 12:00 AM,21-066477,L,1,2,16,50,Sarasota,Sarasota,Urban,12/13/2021 2:19:00 PM,12/13/2021 2:19:00 PM,12/13/2021 2:31:00 PM,12/13/2021 3:00:00 PM,Y,Motorist,SIESTA DR.,,,,0,,OSPREY AVE,,Local,Paved,Four-Way Intersection,,Daylight,Clear,Dry,N,Angle,Pedalcycle,On Roadway,N,Intersection,None,,,None,,,N,,,,,OFC.,Sarasota Police Department,Police Department (PD),12/20/2021 1:33:00 PM,12/20/2021 1:33:00 PM,7,Y,Bicycle,Bicycle,Injury,Non-Incapacitating Injury,DAY,N,N,N,N,N,N,Y,N,N,1,1,0,1,0,0,0,0,1,0,0,1,1,0,1,0,0,0,0,0,0,0,0,0,0,N,0,0,Y,0,0,1,0,0,0,1,200,200,0,0,0,Preliminary,Editor Mapped,348234.3699,3020899.2225,27.3027415253337,-82.5336831450036
24863325,2021,12-DEC-2021 01:55 PM,12-DEC-2021 02:12 PM,PPPD21OFF079338,L,1,2,10,68,Broward,Pembroke Pines,Urban,12/12/2021 1:58:00 PM,12/12/2021 1:58:00 PM,12/12/2021 2:02:00 PM,12/12/2021 2:13:00 PM,Y,Law Enforcement,SW 83RD AVE,,26.008960604263,-80.25227312,0,,PINES BLVD,,State,Curb,Four-Way Intersection,N,Daylight,Clear,Dry,N,Angle,Pedalcycle,On Roadway,N,Intersection,None,,,None,,,N,,,,,OFFICER,Pembroke Pines Police Department,Police Department (PD),12/24/2021 1:34:00 PM,12/24/2021 1:34:00 PM,12,Y,Bicycle,Bicycle,Injury,Possible Injury,DAY,N,N,N,N,N,N,Y,N,N,1,1,1,0,0,0,0,0,0,0,0,1,1,0,1,0,0,0,0,0,0,0,0,0,0,N,0,0,Y,0,0,0,0,0,0,1,500,500,0,0,0,Preliminary,Editor Mapped,574828.3121,2876876.9824,26.0088404173079,-80.2522547815496
83983880,2021,29-NOV-2021 03:41 PM,29-NOV-2021 12:00 AM,211024,L,1,2,2,44,Duval,Neptune Beach,Urban,11/29/2021 3:42:00 PM,11/29/2021 3:42:00 PM,11/29/2021 3:44:00 PM,11/29/2021 5:00:00 PM,Y,Law Enforcement,ATLANTIC BLVD,,30.324376,-81.414432,0,,BRANT BLVD,,State,Curb,Four-Way Intersection,Y,Daylight,Clear,Dry,N,,Other Non-Fixed Object,On Roadway,N,Intersection,None,,,None,,,N,,,,,OFC,Neptune Beach Police Department,Police Department (PD),12/3/2021 1:38:00 PM,12/3/2021 1:38:00 PM,4,Y,Single Vehicle,Other,Injury,Non-Incapacitating Injury,DAY,N,N,N,N,N,N,Y,N,N,1,1,0,1,0,0,0,0,0,0,0,1,1,0,1,0,0,0,0,0,0,0,0,0,0,N,0,0,Y,0,0,1,0,0,0,1,5000,5000,1,0,0,Preliminary,Editor Mapped,460161.7803,3354795.372,30.324311939964,-81.4144075346799
84440138,2021,12-MAY-2021 09:17 PM,12-MAY-2021 12:00 AM,202100000491,S,1,4,28,50,Pasco,Port Richey,Urban,5/12/2021 9:19:00 PM,5/12/2021 9:19:00 PM,5/12/2021 9:20:00 PM,5/12/2021 9:40:00 PM,Y,Law Enforcement,US 19,,,,50,North,PASCO WAY,,U.S.,Curb,Not at Intersection,N,Dark - Lighted,Clear,Dry,N,,Pedalcycle,On Roadway,N,Through Roadway,None,,,None,,,N,,,,,OFFICER,Port Richey Police Department,Police Department (PD),6/15/2021 2:27:00 PM,,34,N,Bicycle,Bicycle,No Injury,No Injury,NIGHT,N,N,N,N,N,N,N,N,N,4,0,0,0,0,0,0,0,0,0,0,2,1,1,1,0,0,1,0,0,0,0,0,0,0,Y,0,0,Y,0,0,0,0,0,0,1,300,300,0,0,0,Preliminary,Computer mapped confident by address,331192.5046,3128882.7154,28.2751380661859,-82.7211231703876
84961081,2021,23-JAN-2021 04:16 PM,23-JAN-2021 12:00 AM,210123007,L,1,3,1,84,Miami-Dade,Opa-locka,Urban,1/23/2021 4:18:00 PM,1/23/2021 4:20:00 PM,1/23/2021 4:22:00 PM,1/23/2021 4:38:00 PM,Y,Law Enforcement,KALANDAR ST,,,,0,,SHARAZAD BLVD,,Local,Unpaved,Four-Way Intersection,N,Daylight,Clear,Dry,N,Other,Motor Vehicle in Transport,On Roadway,N,Non-Junction,None,,,None,,,N,,,,,OFFICER,Opa-locka Police Department,Police Department (PD),1/28/2021 2:21:00 PM,1/28/2021 2:21:00 PM,5,Y,Single Vehicle,Other,Injury,Possible Injury,DAY,N,N,N,Y,N,N,N,N,N,2,1,1,0,0,0,0,0,0,0,0,2,2,0,1,0,0,0,0,0,0,0,0,0,0,N,0,0,Y,0,0,0,0,0,0,1,1000,1000,0,0,0,Preliminary,Editor Mapped,575512.2753,2865427.6169,25.9054271194734,-80.2460794710805
84961096,2021,23-JAN-2021 04:16 PM,23-JAN-2021 12:00 AM,210123007,L,1,3,1,84,Miami-Dade,Opa-locka,Urban,1/23/2021 4:18:00 PM,1/23/2021 4:20:00 PM,1/23/2021 4:22:00 PM,1/23/2021 4:38:00 PM,Y,Law Enforcement,KALANDAR ST,,,,0,,SHARAZAD BLVD,,Local,Unpaved,Four-Way Intersection,N,Daylight,Clear,Dry,N,Other,Motor Vehicle in Transport,On Roadway,N,Non-Junction,None,,,None,,,N,,,,,OFFICER,Opa-locka Police Department,Police Department (PD),2/3/2021 2:24:00 PM,2/3/2021 2:24:00 PM,11,Y,Single Vehicle,Other,Injury,Possible Injury,DAY,N,N,N,Y,N,N,N,N,N,2,1,1,0,0,0,0,0,0,0,0,2,2,0,1,0,0,0,0,0,0,0,0,0,0,N,0,0,Y,0,0,0,0,0,0,1,1000,1000,0,0,0,Preliminary,Editor Mapped,575529.5214,2865411.885,25.9052841777684,-80.2459081996746
84963433,2021,21-SEP-2021 03:18 PM,21-SEP-2021 03:51 PM,USF21CAD038971,L,1,3,3,50,Hillsborough,Tampa,Urban,9/21/2021 3:18:00 PM,9/21/2021 3:22:00 PM,9/21/2021 3:30:00 PM,9/21/2021 3:50:00 PM,Y,Law Enforcement,USF LAUREL DR,,28.0681323333333,-82.4129083333333,,,USF PALM DR,,State,Curb,Four-Way Intersection,N,Daylight,Clear,Dry,N,Front to Rear,Other Non-Fixed Object,On Roadway,N,Intersection-Related,None,,,None,,,N,,,,,OFFICER,University of South Florida Police Department,Police Department (PD),9/30/2021 1:44:00 PM,,9,N,Single Vehicle,Other,No Injury,No Injury,DAY,N,N,N,N,N,N,Y,N,N,3,0,0,0,0,0,0,0,0,0,0,1,1,0,1,0,0,1,0,0,0,0,0,0,0,N,0,0,Y,0,0,0,0,0,0,1,100,100,0,0,0,Preliminary,Computer plot approximate by lat/long,361128.9744,3105506.1185,28.0676847471237,-82.4132066151609
85027069,2021,02-MAY-2021 10:20 AM,02-MAY-2021 12:00 AM,2021-116,L,1,2,15,34,Manatee,Bradenton Beach,Urban,5/2/2021 10:21:00 AM,5/2/2021 10:26:00 AM,5/2/2021 10:27:00 AM,5/2/2021 11:15:00 AM,Y,Law Enforcement,GULF DR S,,27.447135,-82.68929,3132,North,N SHORE RD,,State,Unpaved,Not at Intersection,N,Daylight,Clear,Dry,N,,Other Non-Collision,On Roadway,N,Non-Junction,None,,,None,,,N,,,,,OFFICER,Bradenton Beach Police Department,Police Department (PD),5/6/2021 2:23:00 PM,5/6/2021 2:23:00 PM,4,Y,Single Vehicle,Other,Injury,Non-Incapacitating Injury,DAY,N,N,N,N,N,N,N,Y,N,1,1,0,1,0,0,0,0,0,1,0,1,1,0,1,0,0,0,0,0,0,0,1,0,0,N,0,0,Y,0,0,1,0,0,0,1,1000,1000,1,0,0,Preliminary,Editor Mapped,333051.9226,3037090.6927,27.4470894009246,-82.6892774800205
85075568,2021,24-FEB-2021 02:30 PM,15-MAR-2021 12:00 AM,21-82003515,L,1,2,2,30,Duval,Atlantic Beach,Urban,2/24/2021 2:35:00 PM,2/24/2021 2:35:00 PM,2/24/2021 2:40:00 PM,2/24/2021 3:00:00 PM,Y,Law Enforcement,MAYPORT RD,,30.332259,-81.41615,330,South,PLAZA,,Local,Curb,Not at Intersection,N,Daylight,Clear,Dry,N,,Pedestrian,On Roadway,N,Non-Junction,None,,,Physical Obstruction(s),Physical Obstruction(s),,N,,,,,POLICE OFFICER,Atlantic Beach Police Department,Police Department (PD),2/26/2021 2:18:00 PM,3/17/2021 2:18:00 PM,2,Y,Pedestrian,Pedestrian,Serious Injury,Incapacitating Injury,DAY,N,N,N,N,N,N,N,N,N,1,1,0,0,1,0,0,0,0,0,0,1,1,0,1,1,0,0,0,0,0,0,0,0,0,N,0,0,Y,1,0,1,0,0,0,0,0,0,1,0,0,Verified,n/a,459994.1437,3355671.3136,30.3322108310473,-81.4161847164432
85101667,2021,30-JAN-2021 05:15 PM,30-JAN-2021 12:00 AM,210100250,L,1,3,8,38,Volusia,Edgewater,Urban,1/30/2021 5:06:00 PM,1/30/2021 5:14:00 PM,1/30/2021 5:21:00 PM,1/30/2021 5:51:00 PM,Y,Motorist,BANYAN DR,,,,0,,SR442 (W INDIAN RIVER BLVD),,Local,Curb,T-Intersection,,Daylight,Clear,Dry,N,Angle,Motor Vehicle in Transport,On Roadway,Y,Non-Junction,None,,,None,,,N,,,,,Sgt.,Edgewater Police Department,Police Department (PD),2/7/2021 2:01:00 PM,8/3/2022 1:39:00 PM,8,Y,Single Vehicle,Other,Injury,Non-Incapacitating Injury,DAY,N,N,N,N,Y,N,N,N,N,2,1,0,1,0,0,0,0,0,0,0,1,1,0,1,1,0,1,0,0,0,0,0,0,0,N,0,0,Y,0,0,0,0,0,0,1,3500,3500,1,0,0,Preliminary,Editor Mapped,509918.1869,3204853.1554,28.9716879241924,-80.8981982525831
85948479,2021,24-AUG-2021 09:00 PM,26-AUG-2021 12:00 AM,2021-1424,L,1,2,7,55,Orange,University of Central Florida,Urban,8/24/2021 9:08:00 AM,8/24/2021 9:09:00 PM,8/24/2021 9:14:00 PM,8/24/2021 9:23:00 PM,Y,Law Enforcement,GREEK PARK DR,,28.603147,-81.206039,28,South,AQUARIUS AGORA DR,,Local,Curb,Four-Way Intersection,N,Dark - Lighted,Rain,Wet,N,,Pedestrian,On Roadway,N,Intersection,Road Surface Condition,None,,None,,,N,,,,,CORPORAL,University of Central Florida Police Department,Police Department (PD),9/10/2021 1:40:00 PM,,17,Y,Pedestrian,Pedestrian,Serious Injury,Incapacitating Injury,NIGHT,N,N,N,N,N,N,Y,N,N,1,1,0,0,1,0,0,0,0,0,0,1,1,0,1,0,0,0,0,0,0,0,0,0,0,N,0,0,Y,1,0,0,0,0,0,0,0,0,0,0,1,Preliminary,Editor Mapped,479856.8078,3164032.6861,28.6031140390283,-81.2060267818815
87491998,2021,30-JAN-2021 05:40 PM,31-JAN-2021 12:52 PM,MCSO21OFF000681,L,1,2,38,0,Monroe,Unincorporated,Rural,1/30/2021 5:51:00 PM,1/30/2021 5:55:00 PM,1/30/2021 6:05:00 PM,1/30/2021 7:00:00 PM,Y,Law Enforcement,VIOLET DR,,24.594258333805,-81.6626650899114,0,,BITTERSWEET AVE,,County,Unpaved,T-Intersection,N,Daylight,Clear,Dry,N,"Sideswipe, Same Direction",Pedestrian,On Roadway,N,Intersection-Related,None,,,None,,,N,,,,,DEPUTY,Monroe County Sheriff's Office,Sheriff's Office (SO),2/8/2021 2:00:00 PM,,9,Y,Pedestrian,Pedestrian,Serious Injury,Incapacitating Injury,DAY,Y,N,N,Y,N,N,Y,N,N,1,1,0,0,1,0,0,0,0,0,0,1,1,0,1,0,0,0,0,0,0,0,0,0,0,N,0,0,Y,1,0,1,0,0,0,0,0,0,0,0,1,Preliminary,Editor Mapped,461791.6815,2731131.3025,24.6941191270811,-81.3777071448206
88313526,2021,29-SEP-2021 04:18 PM,29-SEP-2021 04:45 PM,FHPE21OFF046405,L,1,2,38,42,Monroe,Key West,Urban,9/29/2021 4:29:00 PM,9/29/2021 4:34:00 PM,9/29/2021 4:36:00 PM,9/29/2021 5:45:00 PM,Y,Law Enforcement,3RD ST,,24.57478,-81.73629,0,,MACDONALD AVE,,Local,Curb,Four-Way Intersection,N,Daylight,Clear,Dry,N,Angle,Pedalcycle,On Roadway,N,Intersection,None,,,None,,,N,,,,,TPR,Florida Highway Patrol,Florida Highway Patrol (FHP),10/19/2021 1:45:00 PM,10/19/2021 1:45:00 PM,20,Y,Bicycle,Bicycle,Injury,Non-Incapacitating Injury,DAY,N,N,N,Y,N,N,Y,N,N,1,1,0,1,0,0,0,0,0,0,0,1,1,0,1,0,0,0,0,0,0,0,0,0,0,N,0,0,Y,0,0,2,0,1,500,1,1500,2000,1,0,0,Preliminary,Editor Mapped,425315.6098,2717842.1112,24.5727670458466,-81.7375675956201
88348687,2021,07-FEB-2021 06:46 PM,07-FEB-2021 09:06 PM,FHPL21OFF007770,L,1,5,42,0,Martin,Unincorporated,Rural,2/7/2021 6:51:00 PM,2/7/2021 6:54:00 PM,2/7/2021 7:31:00 PM,2/7/2021 10:05:00 PM,Y,Law Enforcement,COUNTY ROAD A1A (SE DIXIE HWY),,27.08913,-80.14531,263,North,JAMES ROAD,,County,Curb,Not at Intersection,N,Dusk,Cloudy,Dry,N,Other,Pedestrian,On Roadway,N,Non-Junction,None,,,None,,,N,,,,,TPR,Florida Highway Patrol,Florida Highway Patrol (FHP),2/22/2021 1:46:00 PM,,15,Y,Pedestrian,Pedestrian,Injury,Non-Incapacitating Injury,DAY,N,N,N,N,N,N,N,N,N,3,2,0,2,0,0,0,0,0,0,0,2,1,1,1,0,1,2,0,0,0,0,0,0,0,Y,0,0,Y,0,0,0,0,1,1000,1,3000,4000,2,0,0,Preliminary,Editor Mapped,584733.7096,2996593.5977,27.089116592512,-80.1453041938514
88398019,2021,01-FEB-2021 08:25 PM,01-FEB-2021 08:54 PM,FHPF21OFF004917,L,1,2,18,0,Lee,Unincorporated,Rural,2/1/2021 8:28:00 PM,2/1/2021 8:31:00 PM,2/1/2021 8:44:00 PM,2/1/2021 9:16:00 PM,Y,Law Enforcement,US-41 (STATE ROAD 45),,26.67453,-81.89637,0,,EVERGREEN ROAD,,U.S.,Paved,Four-Way Intersection,N,Dark - Not Lighted,Clear,Dry,N,Other,Pedestrian,On Roadway,N,Intersection,None,,,None,,,N,,,,,TPR,Florida Highway Patrol,Florida Highway Patrol (FHP),2/16/2021 2:08:00 PM,2/16/2021 2:08:00 PM,15,Y,Pedestrian,Pedestrian,Injury,Non-Incapacitating Injury,NIGHT,N,N,N,N,N,N,Y,N,N,1,1,0,1,0,0,0,0,0,0,0,1,1,0,1,0,0,0,0,0,0,0,0,0,0,N,0,0,Y,0,0,1,0,0,0,1,500,500,1,0,0,Preliminary,Editor Mapped,410802.2122,2950709.09,26.6746071250398,-81.8964457723645
88398462,2021,15-MAR-2021 12:15 PM,15-MAR-2021 03:03 PM,FHPD21OFF019168,L,1,1,17,40,Seminole,Longwood,Rural,3/15/2021 1:35:00 PM,3/15/2021 2:00:00 PM,3/15/2021 2:41:00 PM,3/15/2021 3:03:00 PM,Y,Law Enforcement,EE WILLIAMSON RD,,28.71297,-81.38108,84,West,SUNSHINE TREE BLVD,,Local,Curb,Not at Intersection,N,Daylight,Clear,Dry,N,Other,Pedestrian,On Roadway,N,Non-Junction,None,,,None,,,N,,,,,TPR,Florida Highway Patrol,Florida Highway Patrol (FHP),3/21/2021 1:47:00 PM,3/21/2021 1:47:00 PM,6,Y,Pedestrian,Pedestrian,Injury,Non-Incapacitating Injury,DAY,N,N,N,N,N,Y,N,N,N,0,1,0,1,0,0,0,0,0,0,0,1,1,0,0,0,0,0,0,0,0,0,0,0,0,N,0,0,Y,0,0,0,0,0,0,0,0,0,0,0,1,Preliminary,Editor Mapped,462755.4924,3176245.1419,28.7129678961459,-81.3813371593896
88436680,2021,06-MAR-2021 08:45 PM,06-MAR-2021 09:19 PM,FHPC21OFF022783,L,1,3,4,0,Pinellas,Unincorporated,Rural,3/6/2021 8:49:00 PM,3/6/2021 8:51:00 PM,3/6/2021 9:04:00 PM,3/6/2021 9:20:00 PM,Y,Law Enforcement,28TH ST N,,27.80881,-82.67137,136,North,41ST AVE N,,Local,Unpaved,Not at Intersection,N,Dark - Lighted,Clear,Dry,N,Other,Pedestrian,On Roadway,N,Non-Junction,None,,,None,,,N,,,,,TPR,Florida Highway Patrol,Florida Highway Patrol (FHP),3/17/2021 2:18:00 PM,,11,Y,Pedestrian,Pedestrian,Serious Injury,Incapacitating Injury,NIGHT,N,N,N,N,N,N,N,N,N,1,2,0,1,1,0,0,0,0,1,0,1,1,0,1,0,0,1,0,0,0,0,2,0,0,N,0,0,Y,1,0,3,0,0,0,1,3000,3000,2,0,0,Preliminary,Editor Mapped,335361.7312,3077133.5069,27.8087147306183,-82.6713943340772
88437114,2021,12-FEB-2021 11:37 PM,13-FEB-2021 12:19 AM,FHPA21OFF005672,L,1,1,9,0,Escambia,Unincorporated,Rural,2/12/2021 11:37:00 PM,2/12/2021 11:40:00 PM,2/12/2021 11:40:00 PM,2/13/2021 1:14:00 AM,Y,Law Enforcement,COUNTY ROAD 95A  (PALAFOX STREET),,30.5235521047209,-87.2687422908852,82,South,BARBER STREET,,County,Unpaved,Not at Intersection,N,Dark - Lighted,Rain,Wet,N,Other,Pedalcycle,On Roadway,N,Non-Junction,None,,,None,,,N,,,,,TPR,Florida Highway Patrol,Florida Highway Patrol (FHP),2/23/2021 2:19:00 PM,2/23/2021 2:19:00 PM,11,Y,Bicycle,Bicycle,Injury,Possible Injury,NIGHT,N,N,N,N,N,Y,N,N,N,0,1,1,0,0,0,0,0,0,0,0,1,1,0,0,0,0,0,0,0,0,0,0,0,0,N,0,0,Y,0,0,0,0,0,0,0,0,0,0,0,0,Preliminary,Editor Mapped,-101966.0646,3393504.1975,30.5229799271917,-87.2684397885936
88439848,2021,06-FEB-2021 06:00 PM,06-FEB-2021 07:03 PM,FHPD21OFF008981,L,2,5,7,46,Orange,Orlando,Rural,2/6/2021 6:03:00 PM,2/6/2021 6:25:00 PM,2/6/2021 6:43:00 PM,2/6/2021 8:03:00 PM,Y,Law Enforcement,NORTH HASTINGS STREET,,28.5666714829333,-81.4599386868825,0,,BEN HOGAN CIRCLE,,County,Curb,T-Intersection,N,Dark - Lighted,Cloudy,Dry,N,Angle,Motor Vehicle in Transport,On Roadway,N,Intersection,None,,,None,,,N,,,,,TPR,Florida Highway Patrol,Florida Highway Patrol (FHP),2/18/2021 2:28:00 PM,2/18/2021 2:28:00 PM,12,N,Other,Other,No Injury,No Injury,DAY,N,N,N,N,N,N,Y,N,N,5,0,0,0,0,0,0,0,0,0,0,2,2,0,1,0,0,2,0,0,0,0,0,0,0,N,0,0,Y,0,0,2,0,0,0,2,700,700,0,0,0,Preliminary,Editor Mapped,455011.2038,3160059.6039,28.566627915891,-81.4599893782061
88440814,2021,06-FEB-2021 02:28 PM,06-FEB-2021 02:56 PM,FHPA21OFF004759,L,1,2,9,50,Escambia,Pensacola,Rural,2/6/2021 2:28:00 PM,2/6/2021 2:32:00 PM,2/6/2021 2:50:00 PM,2/6/2021 3:44:00 PM,Y,Law Enforcement,STATE ROAD 295 (W FAIRFIELD DRIVE),,30.44525,-87.23987,0,,STATE ROAD 292 (PACE BLVD),,State,Curb,Four-Way Intersection,N,Daylight,Cloudy,Dry,N,Angle,Pedalcycle,On Roadway,Y,Intersection,None,,,None,,,N,,,,,TPR,Florida Highway Patrol,Florida Highway Patrol (FHP),2/9/2021 2:26:00 PM,2/9/2021 2:26:00 PM,3,N,Bicycle,Bicycle,No Injury,No Injury,DAY,N,N,N,N,N,N,Y,N,N,2,0,0,0,0,0,0,0,0,0,0,1,1,0,1,0,0,0,0,0,0,0,0,0,0,N,0,0,Y,0,0,0,0,0,0,1,300,300,0,0,0,Preliminary,Editor Mapped,-99700.9599000001,3384719.1851,30.4453076936665,-87.2399213338756
88445789,2021,19-NOV-2021 01:49 PM,08-DEC-2021 05:15 PM,FHP21ON0003956,L,1,2,45,40,Bradford,Starke,Urban,11/19/2021 2:04:00 PM,11/19/2021 2:24:00 PM,11/19/2021 2:43:00 PM,11/19/2021 3:50:00 PM,Y,Law Enforcement,CR-100A,,29.9272551195023,-82.0970498751215,1570,East,SR-100,,County,Unpaved,Not at Intersection,Y,Daylight,Clear,Dry,N,"Sideswipe, Same Direction",Pedalcycle,On Roadway,N,Non-Junction,None,,,None,,,N,,,,,TPR,Florida Highway Patrol,Florida Highway Patrol (FHP),11/22/2021 1:31:00 PM,12/9/2021 1:40:00 PM,3,Y,Bicycle,Bicycle,Serious Injury,Incapacitating Injury,DAY,N,N,N,N,N,Y,N,Y,N,0,2,0,1,1,0,0,0,0,0,0,2,2,0,0,0,0,0,0,0,0,0,0,0,0,N,0,0,Y,1,0,0,0,0,0,1,50,50,2,0,0,Preliminary,Editor Mapped,390707.621,3313192.7275,29.9446623316573,-82.1325127252679
88447500,2021,31-JAN-2021 08:58 AM,31-JAN-2021 10:41 AM,FHPF21OFF004612,L,1,3,16,0,Sarasota,Unincorporated,Rural,1/31/2021 9:59:00 AM,1/31/2021 10:02:00 AM,1/31/2021 10:20:00 AM,1/31/2021 12:30:00 PM,Y,Law Enforcement,GRANADA BLVD,,27.04813,-82.25543,98,North,SARAGOSSA LANE,,Local,Paved,Not at Intersection,N,Daylight,Clear,Dry,N,Other,Pedalcycle,On Roadway,N,Non-Junction,None,,,None,,,N,,,,,TPR,Florida Highway Patrol,Florida Highway Patrol (FHP),2/10/2021 2:21:00 PM,2/10/2021 2:21:00 PM,10,Y,Bicycle,Bicycle,Injury,Possible Injury,DAY,N,N,N,N,N,N,N,N,N,2,1,1,0,0,0,0,0,0,0,0,2,2,0,1,1,0,0,0,0,0,0,0,0,0,N,0,0,Y,0,0,0,0,1,25,1,200,225,1,0,0,Preliminary,Editor Mapped,375489.8658,2992343.2212,27.0477396127894,-82.2554216072691
88455778,2021,16-APR-2021 07:34 PM,16-APR-2021 08:15 PM,FHPA21OFF015288,L,1,3,9,0,Escambia,Unincorporated,Rural,4/16/2021 7:34:00 PM,4/16/2021 7:48:00 PM,4/16/2021 8:03:00 PM,4/16/2021 9:37:00 PM,Y,Law Enforcement,2600 W MICHIGAN AVE,,30.4608,-87.28667,276,East,STATE ROAD 296,,Private Roadway,Unpaved,Four-Way Intersection,N,Dark - Not Lighted,Cloudy,Dry,N,Angle,Pedalcycle,On Roadway,Y,Intersection,None,,,Other,,,N,,,,,TPR,Florida Highway Patrol,Florida Highway Patrol (FHP),4/19/2021 2:09:00 PM,4/19/2021 2:09:00 PM,3,Y,Bicycle,Bicycle,Injury,Non-Incapacitating Injury,NIGHT,N,N,N,N,N,N,Y,N,N,1,2,0,2,0,0,0,0,0,0,0,2,2,0,1,0,0,0,0,0,0,0,0,0,0,N,0,0,Y,0,0,0,0,0,0,0,0,0,2,0,0,Preliminary,Editor Mapped,-104106.3657,3386690.6937,30.460793740525,-87.2866684387168
88462649,2021,01-APR-2021 04:35 PM,01-APR-2021 05:13 PM,FHPA21OFF012842,L,1,2,9,0,Escambia,Unincorporated,Rural,4/1/2021 4:35:00 PM,4/1/2021 4:43:00 PM,4/1/2021 5:04:00 PM,4/1/2021 6:12:00 PM,Y,Law Enforcement,SR-292 (GULFBEACH HWY),,30.3713,-87.32978,33,North,KINGSPORT AVE,,State,Unpaved,Four-Way Intersection,N,Daylight,Clear,Dry,N,Angle,Motor Vehicle in Transport,On Roadway,N,Intersection,None,,,None,,,N,,,,,TPR,Florida Highway Patrol,Florida Highway Patrol (FHP),4/5/2021 1:58:00 PM,4/5/2021 1:58:00 PM,4,Y,Single Vehicle,Other,Injury,Non-Incapacitating Injury,DAY,N,N,N,N,N,N,Y,N,N,1,1,0,1,0,0,0,0,0,0,0,1,1,0,1,0,0,0,0,0,0,0,0,0,0,N,0,0,Y,0,0,0,0,0,0,1,2500,2500,1,0,0,Preliminary,Editor Mapped,-108822.4828,3376984.3808,30.3713684255263,-87.3298523043655
88495267,2021,01-MAY-2021 11:04 PM,02-MAY-2021 12:25 AM,FHPF21OFF020950,L,1,2,16,0,Sarasota,Unincorporated,Urban,5/1/2021 11:09:00 PM,5/2/2021 12:25:00 AM,5/2/2021 12:41:00 AM,5/2/2021 2:27:00 AM,Y,Law Enforcement,US-301 (WASHINGTON BLVD),,27.3671939569254,-82.5305792367263,0,,MYRTLE ST,,U.S.,Curb,Four-Way Intersection,N,Dark - Lighted,Clear,Dry,N,Angle,Pedalcycle,On Roadway,N,Intersection,None,,,None,,,N,,,,,TPR,Florida Highway Patrol,Florida Highway Patrol (FHP),5/9/2021 2:00:00 PM,,8,Y,Bicycle,Bicycle,Serious Injury,Incapacitating Injury,NIGHT,N,N,N,N,N,N,Y,N,N,1,1,0,0,1,0,0,0,0,0,0,1,1,0,1,0,0,0,0,0,0,0,0,0,0,N,0,0,Y,1,0,0,0,0,0,1,500,500,1,0,0,Verified,n/a,348611.1887,3028019.7015,27.3670450689252,-82.5307589954362
88503206,2021,12-JUL-2021 04:07 PM,12-JUL-2021 05:00 PM,FHPA21OFF029511,L,1,3,9,0,Escambia,Unincorporated,Rural,7/12/2021 4:07:00 PM,7/12/2021 4:10:00 PM,7/12/2021 4:42:00 PM,7/12/2021 6:09:00 PM,Y,Law Enforcement,W JACKSON ST,,30.41696,-87.29417,21,West,N 59TH AVE,,County,Unpaved,Not at Intersection,N,Daylight,Cloudy,Dry,N,"Sideswipe, Same Direction",Motor Vehicle in Transport,On Roadway,N,Non-Junction,None,,,None,,,N,,,,,TPR,Florida Highway Patrol,Florida Highway Patrol (FHP),7/18/2021 1:30:00 PM,7/18/2021 1:30:00 PM,6,Y,Single Vehicle,Other,Injury,Possible Injury,DAY,N,N,N,N,N,N,N,Y,N,2,1,1,0,0,0,0,0,0,0,0,2,2,0,1,1,0,0,0,0,0,0,0,0,0,N,0,0,Y,0,0,0,0,0,0,0,0,0,0,0,0,Preliminary,Editor Mapped,-105106.244,3381858.4262,30.4169499819128,-87.2942250906939
88510970,2021,18-MAY-2021 05:48 PM,18-MAY-2021 06:58 PM,FHPD21OFF038254,L,1,2,26,40,Osceola,Kissimmee,Rural,5/18/2021 5:51:00 PM,5/18/2021 6:25:00 PM,5/18/2021 6:53:00 PM,5/18/2021 7:22:00 PM,Y,Law Enforcement,SANTOS ROAD,,28.32418,-81.48728,0,,DESOTO DRIVE,,Local,Paved,Four-Way Intersection,N,Daylight,Clear,Dry,N,Angle,Pedalcycle,On Roadway,N,Intersection,None,,,None,,,N,,,,,TPR,Florida Highway Patrol,Florida Highway Patrol (FHP),5/26/2021 2:40:00 PM,5/26/2021 2:40:00 PM,8,Y,Bicycle,Bicycle,Injury,Non-Incapacitating Injury,DAY,N,N,N,N,N,N,Y,N,N,1,1,0,1,0,0,0,0,0,0,0,1,1,0,1,0,0,0,0,0,0,0,0,0,0,N,0,0,Y,0,0,1,0,1,100,1,200,300,1,0,0,Preliminary,Editor Mapped,452227.4167,3133208.0828,28.324156409296,-81.487339186265
88513187,2021,04-JUN-2021 08:44 PM,15-DEC-2021 01:46 PM,FHPD21OFF043421,L,1,2,7,0,Orange,Unincorporated,Rural,6/4/2021 8:49:00 PM,6/4/2021 9:59:00 PM,6/4/2021 11:05:00 PM,6/4/2021 11:50:00 PM,Y,Law Enforcement,DORSCHER ROAD,,28.5527286235216,-81.4842416853496,256,,STATE ROAD 50 (WEST COLONIAL DRIVE),,State,Curb,Not at Intersection,Y,Dark - Not Lighted,Clear,Dry,N,Other,Other Non-Fixed Object,On Roadway,N,Non-Junction,None,,,None,,,N,,,,,CPL,Florida Highway Patrol,Florida Highway Patrol (FHP),6/17/2021 2:30:00 PM,1/22/2022 1:33:00 PM,13,Y,Single Vehicle,Other,Fatality,Fatal (within 30 days),NIGHT,N,N,N,N,N,N,N,N,N,1,0,0,0,0,1,1,0,0,0,0,1,1,0,1,0,0,0,0,0,0,0,0,0,0,N,0,0,Y,0,1,0,0,1,100,1,1000,1100,1,0,0,Preliminary,Editor Mapped,452638.1887,3158539.9728,28.5528269707396,-81.4841888802997
88535607,2021,24-JUL-2021 12:34 PM,24-JUL-2021 12:46 PM,FHPD21OFF058454,L,1,3,19,45,Brevard,Merritt Island,Rural,7/24/2021 12:44:00 PM,7/24/2021 12:46:00 PM,7/24/2021 1:12:00 PM,7/24/2021 2:48:00 PM,Y,Law Enforcement,405 E. MERRITT ISLAND CAUSEWAY,,28.3570453614587,-80.691855610424,,,PLUMOSA STREET,,Private Roadway,Paved,Not at Intersection,N,Daylight,Clear,Dry,N,Angle,Pedalcycle,On Roadway,N,Driveway/Alley Access Related,None,,,None,,,N,,,,,TPR,Florida Highway Patrol,Florida Highway Patrol (FHP),8/8/2021 1:30:00 PM,8/8/2021 1:30:00 PM,15,Y,Bicycle,Bicycle,Injury,Possible Injury,DAY,N,N,N,N,N,N,N,N,N,2,1,1,0,0,0,0,0,0,0,0,1,1,0,1,0,0,1,0,0,0,0,0,0,0,N,0,0,Y,0,0,1,0,1,1300,1,50,1350,1,0,0,Preliminary,Editor Mapped,530233.8544,3136772.2264,28.3568505593533,-80.6914817691284
88549542,2021,27-SEP-2021 05:30 AM,27-SEP-2021 06:02 AM,FHPC21OFF100500,L,1,2,4,0,Pinellas,Unincorporated,Rural,9/27/2021 5:35:00 AM,9/27/2021 5:38:00 AM,9/27/2021 6:02:00 AM,9/27/2021 6:41:00 AM,Y,Law Enforcement,4011 28TH ST N,,27.8720940573152,-82.671474988894,,,41ST AVE N,,Local,Paved,Not at Intersection,N,Dark - Lighted,Clear,Dry,N,Other,Pedestrian,Shoulder,N,Non-Junction,None,,,None,,,N,,,,,TPR,Florida Highway Patrol,Florida Highway Patrol (FHP),10/3/2021 1:32:00 PM,10/3/2021 1:32:00 PM,6,N,Pedestrian,Pedestrian,No Injury,No Injury,NIGHT,N,N,N,Y,N,N,N,N,N,2,0,0,0,0,0,0,0,0,0,0,1,1,0,1,1,0,0,0,0,0,0,0,0,0,N,0,0,Y,0,0,1,0,0,0,0,0,0,1,0,0,Preliminary,Editor Mapped,335368.1759,3077130.6295,27.8086895574927,-82.6713285331831
88554277,2021,10-SEP-2021 07:50 PM,10-SEP-2021 08:24 PM,FHPD21OFF072630,L,1,2,7,46,Orange,Orlando,Rural,9/10/2021 7:58:00 PM,9/10/2021 8:00:00 PM,9/10/2021 8:08:00 PM,9/10/2021 8:24:00 PM,Y,Law Enforcement,POWERS DRIVE,,28.5646,-81.46766,97,South,HIALEAH STREET,,Local,Curb,Not at Intersection,N,Dark - Not Lighted,Clear,Dry,N,Angle,Pedestrian,On Roadway,N,Driveway/Alley Access Related,None,,,None,,,N,,,,,TPR,Florida Highway Patrol,Florida Highway Patrol (FHP),10/3/2021 1:32:00 PM,10/3/2021 1:32:00 PM,23,Y,Pedestrian,Pedestrian,Injury,Non-Incapacitating Injury,NIGHT,N,N,N,N,N,N,N,N,N,1,1,0,1,0,0,0,0,0,0,0,1,1,0,1,0,0,0,0,0,0,0,0,0,0,N,0,0,Y,0,0,3,0,0,0,1,100,100,1,0,0,Preliminary,Editor Mapped,454261.1588,3159807.1235,28.5643227576327,-81.4676479540691
88556915,2021,05-SEP-2021 06:30 PM,05-SEP-2021 07:24 PM,FHPA21OFF038104,L,1,3,43,0,Okaloosa,Unincorporated,Rural,9/5/2021 6:47:00 PM,9/5/2021 6:49:00 PM,9/5/2021 7:00:00 PM,9/5/2021 10:00:00 PM,Y,Law Enforcement,BLUEFISH DR,,30.3966,-86.6046,198,West,BLUEFISH DRIVE,,County,Paved,T-Intersection,N,Dusk,Clear,Dry,N,Angle,Pedalcycle,On Roadway,Y,Intersection,None,,,None,,,N,,,,,TPR,Florida Highway Patrol,Florida Highway Patrol (FHP),9/9/2021 1:44:00 PM,,4,Y,Bicycle,Bicycle,Serious Injury,Incapacitating Injury,DAY,N,N,N,N,N,N,Y,N,N,2,1,0,0,1,0,0,0,0,0,0,1,1,0,1,0,0,1,0,0,0,0,0,0,0,N,0,0,Y,1,0,0,0,1,500,1,8000,8500,1,0,0,Preliminary,Editor Mapped,-38703.3848999999,3376074.1709,30.3964690278809,-86.6034825020946
88558232,2021,17-DEC-2021 07:50 AM,17-DEC-2021 09:05 AM,FHP21ON0045151,L,1,3,18,0,Lee,Unincorporated,Rural,12/17/2021 7:56:00 AM,12/17/2021 8:04:00 AM,12/17/2021 8:38:00 AM,12/17/2021 9:41:00 AM,Y,Law Enforcement,COUNTY ROAD 884 (LEE BLVD),,26.61416,-81.65842,0,,HAZELWOOD AVE S,,County,Curb,Four-Way Intersection,N,Daylight,Clear,Dry,N,Angle,Motor Vehicle in Transport,On Roadway,N,Intersection,None,,,None,,,N,,,,,TPR,Florida Highway Patrol,Florida Highway Patrol (FHP),12/20/2021 1:33:00 PM,12/20/2021 1:33:00 PM,3,Y,Single Vehicle,Other,Injury,Non-Incapacitating Injury,DAY,N,N,N,N,N,N,Y,N,N,2,1,0,1,0,0,0,0,0,0,0,2,2,0,1,0,0,0,0,0,0,0,0,0,0,N,0,0,Y,0,0,1,0,1,100,1,500,600,1,0,0,Preliminary,Editor Mapped,434454.8517,2943864.6167,26.6141132748493,-81.6583950408383
88568020,2021,11-SEP-2021 11:12 AM,11-SEP-2021 01:52 PM,FHPD21OFF072754,L,1,2,7,46,Orange,Orlando,Rural,9/11/2021 11:16:00 AM,9/11/2021 1:16:00 PM,9/11/2021 1:38:00 PM,9/11/2021 2:11:00 PM,Y,Law Enforcement,VOLTAIRE DRIVE,,28.465359210124,-81.3870903617244,34,South,WEST LANCASTER ROAD,,Local,Curb,Not at Intersection,N,Daylight,Clear,Dry,N,Other,Motor Vehicle in Transport,On Roadway,N,Intersection-Related,None,,,None,,,N,,,,,TPR,Florida Highway Patrol,Florida Highway Patrol (FHP),9/19/2021 1:29:00 PM,9/19/2021 1:29:00 PM,8,Y,Single Vehicle,Other,Injury,Possible Injury,DAY,N,N,N,N,N,N,Y,N,N,1,1,1,0,0,0,0,0,0,0,0,1,1,0,1,0,0,0,0,0,0,0,0,0,0,N,0,0,Y,0,0,1,0,1,30,1,150,180,0,0,0,Preliminary,Editor Mapped,462107.0373,3148803.992,28.4652566619375,-81.3870681307454
88573287,2021,18-NOV-2021 05:27 PM,03-JAN-2022 12:59 PM,FHP21ON0003264,L,1,1,43,0,Okaloosa,Unincorporated,Rural,11/18/2021 5:32:00 PM,11/18/2021 5:43:00 PM,11/18/2021 5:52:00 PM,11/18/2021 6:49:00 PM,Y,Law Enforcement,838 EGLIN PARKWAY,,30.44132,-86.59399,249,West,LIGHTHOUSE ROAD,,State,Curb,Not at Intersection,N,Dark - Lighted,Clear,Dry,N,Other,Pedestrian,Off Roadway,N,Driveway/Alley Access Related,None,,,None,,,N,,,,,TPR,Florida Highway Patrol,Florida Highway Patrol (FHP),11/27/2021 1:28:00 PM,1/9/2022 1:26:00 PM,9,Y,Pedestrian,Pedestrian,No Injury,No Injury,DAY,N,N,N,N,N,Y,N,N,N,1,0,0,0,0,0,0,0,0,0,0,1,1,0,0,0,0,0,0,0,0,0,0,0,0,N,0,0,Y,0,0,0,0,0,0,1,500,500,0,0,0,Preliminary,Editor Mapped,-37539.3965999996,3381026.0436,30.4414597963301,-86.5939676763831
88578281,2021,18-DEC-2021 07:50 AM,18-DEC-2021 08:36 AM,FHP21ON0047473,L,1,2,64,0,Collier,Unincorporated,Rural,12/18/2021 7:54:00 AM,12/18/2021 7:55:00 AM,12/18/2021 8:19:00 AM,12/18/2021 9:23:00 AM,Y,Law Enforcement,CR-876 (GOLDEN GATE BLVD W),,26.22971,-81.62082,491,West,5TH ST SW,,County,Curb,Not at Intersection,N,Daylight,Clear,Dry,N,"Sideswipe, Same Direction",Pedalcycle,On Roadway,N,Non-Junction,None,,,None,,,N,,,,,TPR,Florida Highway Patrol,Florida Highway Patrol (FHP),12/19/2021 1:53:00 PM,12/19/2021 1:53:00 PM,1,Y,Bicycle,Bicycle,Injury,Non-Incapacitating Injury,DAY,N,N,N,N,N,N,N,Y,N,1,1,0,1,0,0,0,0,1,0,0,1,1,0,1,0,0,0,0,0,0,0,0,0,0,N,0,0,Y,0,0,1,0,1,200,1,200,400,1,0,0,Preliminary,Editor Mapped,438245.8985,2901253.5077,26.2295571555425,-81.618260970911
88581212,2021,05-NOV-2021 02:30 PM,05-NOV-2021 02:56 PM,FHPC21OFF115199,L,1,4,3,0,Hillsborough,Unincorporated,Rural,11/5/2021 2:35:00 PM,11/5/2021 2:36:00 PM,11/5/2021 2:53:00 PM,11/5/2021 5:46:00 PM,Y,Law Enforcement,US HIGHWAY 301,,27.9345257148656,-82.352004393568,48,South,DELANEY CREEK BOULEVARD,,Interstate,Paved,Not at Intersection,N,Daylight,Rain,Wet,N,Front to Rear,Pedalcycle,On Roadway,N,Non-Junction,Road Surface Condition,,,Weather Conditions,,,N,,,,,TPR,Florida Highway Patrol,Florida Highway Patrol (FHP),11/8/2021 1:34:00 PM,11/8/2021 1:34:00 PM,3,Y,Bicycle,Bicycle,Injury,Possible Injury,DAY,N,N,N,N,N,N,N,Y,N,2,2,2,0,0,0,0,0,0,0,0,2,2,0,1,0,0,1,0,0,0,0,0,0,0,N,0,0,Y,0,0,1,0,2,400,1,1000,1400,2,0,0,Preliminary,Editor Mapped,366975.1633,3090703.9756,27.9346983547863,-82.3520585246342
88583767,2021,29-OCT-2021 11:13 AM,29-OCT-2021 12:00 PM,FHPF21OFF052705,L,1,2,18,0,Lee,Unincorporated,Rural,10/29/2021 11:17:00 AM,10/29/2021 11:18:00 AM,10/29/2021 11:42:00 AM,10/29/2021 12:15:00 PM,Y,Law Enforcement,US 41 BUSINESS (N TAMIAMI TRAIL),,26.69129,-81.88735,0,,PIRATES REST RD,,U.S.,Curb,T-Intersection,N,Daylight,Cloudy,Dry,N,Angle,Pedalcycle,On Roadway,N,Intersection,None,,,None,,,N,,,,,TPR,Florida Highway Patrol,Florida Highway Patrol (FHP),11/9/2021 1:44:00 PM,11/9/2021 1:44:00 PM,11,Y,Bicycle,Bicycle,Injury,Non-Incapacitating Injury,DAY,N,N,N,N,N,N,Y,N,N,1,1,0,1,0,0,0,0,0,0,0,1,1,0,1,0,0,0,0,0,0,0,0,0,0,N,0,0,Y,0,0,2,0,0,0,1,500,500,1,0,0,Preliminary,Editor Mapped,411725.7901,2952565.2884,26.6914229887849,-81.8872943583246
88963154,2021,05-FEB-2021 07:15 PM,05-FEB-2021 12:00 AM,2021TA001321,L,1,2,17,30,Seminole,Altamonte Springs,Urban,2/5/2021 7:15:00 PM,2/5/2021 7:16:00 PM,2/5/2021 7:17:00 PM,2/5/2021 8:00:00 PM,Y,Law Enforcement,N SR-434,,28.66731,-81.419246,653,South,W SR-436,,State,Curb,Not at Intersection,N,Dark - Not Lighted,Clear,Dry,N,,Pedestrian,On Roadway,N,Non-Junction,None,,,None,,,N,,,,,OFC,Altamonte Springs Police Department,Police Department (PD),2/14/2021 2:05:00 PM,2/14/2021 2:05:00 PM,9,Y,Pedestrian,Pedestrian,Injury,Possible Injury,NIGHT,N,N,N,Y,N,N,N,N,N,1,1,1,0,0,0,0,0,0,0,0,1,1,0,1,1,0,0,0,0,0,0,0,0,0,N,0,0,Y,0,0,1,0,0,0,1,500,500,0,0,0,Preliminary,Editor Mapped,459032.0209,3171198.4988,28.6673033470631,-81.4192785226062
89349688,2021,14-JUN-2021 05:59 PM,14-JUN-2021 12:00 AM,21-38-AC,L,1,4,1,32,Miami-Dade,Bay Harbor Islands,Urban,6/14/2021 5:59:00 PM,6/14/2021 5:59:00 PM,6/14/2021 6:00:00 PM,6/14/2021 6:31:00 PM,Y,Law Enforcement,95TH ST,,25.885717,-80.131193,0,,BAY HARBOR TER,,Local,Paved,Four-Way Intersection,N,Daylight,Clear,Dry,N,,Other Non-Fixed Object,On Roadway,N,Intersection-Related,None,,,None,,,N,,,,,OFFICER,Bay Harbor Islands Police Department,Police Department (PD),6/22/2021 2:37:00 PM,6/22/2021 2:37:00 PM,8,Y,Single Vehicle,Other,Injury,Possible Injury,DAY,N,N,N,N,N,N,Y,N,N,3,1,1,0,0,0,0,0,0,0,0,1,1,0,1,0,0,2,0,0,0,0,0,0,0,N,0,0,Y,0,0,0,0,0,0,1,100,100,0,0,0,Preliminary,Editor Mapped,587032.7699,2863308.5238,25.8856503096274,-80.131207888459
89195515,2021,20-OCT-2021 06:08 PM,20-OCT-2021 12:00 AM,211020007260,L,1,2,10,56,Broward,Lighthouse Point,Urban,10/20/2021 6:08:00 PM,10/20/2021 6:09:00 PM,10/20/2021 6:13:00 PM,10/20/2021 6:54:00 PM,Y,Law Enforcement,SR5,,26.296656,-80.094098,359,South,NE 54 ST,,State,Curb,Not at Intersection,N,Daylight,Cloudy,Dry,N,,Pedalcycle,Off Roadway,N,Other,Other,None,,Physical Obstruction(s),,,N,,,,,OFC,Lighthouse Point Police Department,Police Department (PD),10/22/2021 1:44:00 PM,10/22/2021 1:44:00 PM,2,Y,Bicycle,Bicycle,Injury,Non-Incapacitating Injury,DAY,N,N,N,N,N,N,N,N,N,1,1,0,1,0,0,0,0,0,0,0,1,1,0,1,0,0,0,0,0,0,0,0,0,0,N,0,0,Y,0,0,0,0,0,0,1,4000,4000,1,0,0,Preliminary,Editor Mapped,590434.2453,2908853.5168,26.2966513185741,-80.0940950497657
89195592,2021,18-DEC-2021 11:37 AM,18-DEC-2021 12:00 AM,211218008676,L,1,2,10,56,Broward,Lighthouse Point,Urban,12/18/2021 11:37:00 AM,12/18/2021 11:37:00 AM,12/18/2021 11:39:00 AM,12/18/2021 11:57:00 AM,Y,Law Enforcement,N FEDERAL HWY,,26.283843,-80.096145,487,South,NE 44TH ST,,U.S.,Paved,Not at Intersection,N,Daylight,Clear,Dry,N,,Pedalcycle,On Roadway,N,Non-Junction,None,,,None,,,N,,,,,OFFICER,Lighthouse Point Police Department,Police Department (PD),12/21/2021 1:41:00 PM,12/21/2021 1:41:00 PM,3,Y,Bicycle,Bicycle,Injury,Non-Incapacitating Injury,DAY,N,N,N,N,N,N,N,N,N,1,1,0,1,0,0,0,0,0,0,0,1,1,0,1,0,0,0,0,0,0,0,0,0,0,N,0,0,Y,0,0,0,0,0,0,1,1500,1500,1,0,0,Preliminary,Editor Mapped,590239.7344,2907432.905,26.2838378004108,-80.096142755663
89321052,2021,27-APR-2021 06:30 PM,27-APR-2021 12:00 AM,202111519,L,1,2,10,28,Broward,Coconut Creek,Urban,4/27/2021 6:31:00 PM,4/27/2021 6:37:00 PM,4/27/2021 6:37:00 PM,4/27/2021 8:01:00 PM,Y,Law Enforcement,SR 7,5500,,,85,North,,,Other,Curb,Not at Intersection,N,Daylight,Clear,Dry,N,Angle,Pedalcycle,Off Roadway,N,Driveway/Alley Access Related,None,,,None,,,N,,,,,POLICE SERVICE AIDE,Coconut Creek Police Department,Police Department (PD),4/30/2021 2:21:00 PM,,3,Y,Bicycle,Bicycle,Injury,Possible Injury,DAY,N,N,N,N,N,N,N,N,N,1,1,1,0,0,0,0,0,0,0,0,1,1,0,1,0,0,0,0,0,0,0,0,0,0,N,0,0,Y,0,0,1,0,1,50,1,450,500,1,0,0,Verified,n/a,579627.86,2909381.7965,26.3020635793454,-80.2023040024661
89349733,2021,22-NOV-2021 04:51 PM,22-NOV-2021 12:00 AM,21-87-AC,L,1,2,1,32,Miami-Dade,Bay Harbor Islands,Urban,11/22/2021 7:35:00 PM,11/22/2021 7:35:00 PM,11/22/2021 7:35:00 PM,11/22/2021 8:15:00 PM,Y,Law Enforcement,BURT CT,1077,25.886102,-80.133116,0,,W BAY HARBOR DR,,Local,Paved,T-Intersection,N,Daylight,Cloudy,Dry,N,,Pedalcycle,On Roadway,N,Intersection,Other,None,,Physical Obstruction(s),Other,,N,,,,,PTLMN,Bay Harbor Islands Police Department,Police Department (PD),12/8/2021 2:02:00 PM,12/8/2021 2:02:00 PM,16,Y,Bicycle,Bicycle,Injury,Possible Injury,DAY,N,N,N,N,N,Y,Y,N,N,1,1,1,0,0,0,0,0,0,0,0,1,1,0,1,0,0,0,0,0,0,0,0,0,0,N,0,0,Y,0,0,1,0,0,0,1,1000,1000,0,0,0,Preliminary,Editor Mapped,586841.4225,2863356.9198,25.8860987007866,-80.1331146209068
89358970,2021,08-MAR-2021 11:46 AM,08-MAR-2021 12:00 AM,SO21-61070,L,1,2,4,38,Pinellas,Dunedin,Urban,3/8/2021 11:46:00 AM,3/8/2021 11:48:00 AM,3/8/2021 11:53:00 AM,3/8/2021 12:24:00 PM,Y,Law Enforcement,CURLEW RD,2340,28.048686,-82.741448,411,East,,,Parking Lot,Paved,Not at Intersection,Y,Daylight,Clear,Dry,N,,Pedalcycle,Off Roadway,N,Non-Junction,None,,,None,,,N,,,,,DEPUTY,Pinellas County Sheriff's Office,Sheriff's Office (SO),3/13/2021 2:27:00 PM,,5,Y,Bicycle,Bicycle,Serious Injury,Incapacitating Injury,DAY,N,N,N,N,N,N,N,N,N,1,1,0,0,1,0,0,0,0,0,0,1,1,0,1,0,0,0,0,0,0,0,0,0,0,N,0,0,Y,1,0,0,0,1,50,1,50,100,1,0,0,Verified,n/a,328819.8812,3103827.3139,28.0487591091005,-82.7416401130181
89359077,2021,17-MAR-2021 11:22 PM,17-MAR-2021 12:00 AM,SO21-70300,L,1,2,4,38,Pinellas,Dunedin,Urban,3/17/2021 11:22:00 PM,3/17/2021 11:22:00 PM,3/17/2021 11:25:00 PM,3/17/2021 1:12:00 AM,Y,Law Enforcement,MILWAUKEE AVE,,28.011355,-82.783767,0,,WOOD ST,,Local,Curb,Four-Way Intersection,Y,Dark - Lighted,Clear,Dry,N,,Pedestrian,On Roadway,N,Intersection,None,,,None,,,N,,,,,DEPUTY,Pinellas County Sheriff's Office,Sheriff's Office (SO),3/24/2021 2:19:00 PM,,7,Y,Pedestrian,Pedestrian,Serious Injury,Incapacitating Injury,NIGHT,N,N,N,N,N,N,Y,N,N,1,1,0,0,1,0,0,0,0,0,0,1,1,0,1,0,0,0,0,0,0,0,0,0,0,N,0,0,Y,1,0,0,0,1,100,1,500,600,1,0,0,Preliminary,Editor Mapped,324618.5414,3099741.2745,28.011342665916,-82.7837609653358
89360770,2021,02-DEC-2021 02:21 PM,02-DEC-2021 12:00 AM,SO21-341771,L,1,2,4,76,Pinellas,Seminole,Urban,12/2/2021 2:21:00 PM,12/2/2021 2:21:00 PM,12/2/2021 2:37:00 PM,12/2/2021 3:09:00 PM,Y,Law Enforcement,102ND AVE N,,27.865323,-82.788844,304,East,109TH ST N,,County,Paved,Not at Intersection,Y,Daylight,Clear,Dry,N,,Pedestrian,On Roadway,N,Non-Junction,None,,,None,,,N,,,,,DEPUTY,Pinellas County Sheriff's Office,Sheriff's Office (SO),12/12/2021 1:28:00 PM,12/12/2021 1:28:00 PM,10,Y,Pedestrian,Pedestrian,Injury,Non-Incapacitating Injury,DAY,N,N,N,N,N,N,N,N,N,1,1,0,1,0,0,0,0,0,0,0,1,1,0,1,0,1,0,0,0,0,0,0,0,0,N,0,0,Y,0,0,0,0,0,0,0,0,0,1,0,0,Preliminary,Editor Mapped,323882.1239,3083568.315,27.8653173893382,-82.7888419357432
89390096,2021,17-FEB-2021 04:27 PM,17-FEB-2021 12:00 AM,2021001457,L,1,3,15,32,Manatee,Bradenton,Urban,2/17/2021 4:27:00 PM,2/17/2021 4:54:00 PM,2/17/2021 5:06:00 PM,2/17/2021 8:50:00 PM,Y,Law Enforcement,21ST ST E,,,,,,16TH AVE E,,Local,Curb,Not at Intersection,N,Daylight,Clear,Dry,N,Other,Motor Vehicle in Transport,On Roadway,N,Non-Junction,None,,,None,,,N,,,,,,Bradenton Police Department,Police Department (PD),3/6/2021 2:19:00 PM,,17,Y,Single Vehicle,Other,Serious Injury,Incapacitating Injury,DAY,N,N,N,N,N,N,N,N,N,2,1,0,0,1,0,0,0,0,0,0,1,1,0,1,0,1,1,0,0,0,0,0,0,0,N,0,0,Y,1,0,0,0,0,0,1,250,250,1,0,0,Preliminary,Editor Mapped,347906.21,3041058.4378,27.4846384260908,-82.5395168632181
89396245,2021,08-APR-2021 04:50 PM,08-APR-2021 12:00 AM,20210243,L,1,2,15,36,Manatee,Holmes Beach,Urban,4/8/2021 4:55:00 PM,4/8/2021 4:55:00 PM,4/8/2021 5:00:00 PM,4/8/2021 6:00:00 PM,Y,Law Enforcement,GULF DR S,,27.503922,-82.712748,0,,50TH STREET,,Local,Paved,Four-Way Intersection,N,Daylight,Clear,Dry,N,,Pedalcycle,On Roadway,Y,Intersection,None,,,None,,,N,,,,,OFFICER,Holmes Beach Police Department,Police Department (PD),4/10/2021 2:12:00 PM,,2,Y,Bicycle,Bicycle,Injury,Non-Incapacitating Injury,DAY,N,N,N,N,N,N,Y,N,N,1,1,0,1,0,0,0,0,0,0,0,1,1,0,1,0,0,0,0,0,0,0,0,0,0,N,0,0,Y,0,0,1,0,1,250,1,500,750,1,0,0,Preliminary,Editor Mapped,330817.1978,3043423.0421,27.503956136283,-82.7127652350434
89417907,2021,29-JAN-2021 10:10 AM,15-FEB-2021 08:41 AM,PPPD21OFF006058,L,1,2,10,68,Broward,Pembroke Pines,Urban,1/29/2021 10:14:00 AM,1/29/2021 10:16:00 AM,1/29/2021 10:25:00 AM,1/29/2021 11:15:00 AM,Y,Law Enforcement,JOHNSON ST,,26.01643516,-80.24838653,0,,UNIVERSITY DR,,Local,Curb,Four-Way Intersection,N,Daylight,Clear,Dry,N,Other,Pedalcycle,On Roadway,N,Intersection-Related,None,,,None,,,N,,,,,OFFICER,Pembroke Pines Police Department,Police Department (PD),2/9/2021 2:27:00 PM,2/18/2021 2:29:00 PM,11,Y,Bicycle,Bicycle,Injury,Non-Incapacitating Injury,DAY,N,N,N,N,N,N,Y,N,N,1,1,0,1,0,0,0,0,0,0,0,1,1,0,1,0,0,0,0,0,0,0,0,0,0,N,0,0,Y,0,0,0,0,0,0,1,100,100,1,0,0,Preliminary,Editor Mapped,575191.4047,2877709.8166,26.0163413234089,-80.2485788465494
89461883,2021,16-MAR-2021 09:35 PM,20-MAY-2021 08:41 AM,159766,L,1,2,2,38,Duval,Jacksonville,Urban,3/17/2021 10:48:00 AM,3/17/2021 1:15:00 PM,3/17/2021 1:30:00 PM,3/17/2021 1:55:00 PM,N,Law Enforcement,E BAY ST,501,30.324905,-81.65146,6,West,,,Local,Curb,T-Intersection,N,Dark - Lighted,Other,Unknown,N,Angle,Pedestrian,Off Roadway,Y,Driveway/Alley Access Related,None,,,None,,,N,,,,,OFFICER,Jacksonville Sheriff's Office,Sheriff's Office (SO),3/18/2021 2:33:00 PM,5/21/2021 2:32:00 PM,2,Y,Pedestrian,Pedestrian,Injury,Non-Incapacitating Injury,NIGHT,N,N,N,N,N,N,N,N,N,1,1,0,1,0,0,0,0,0,0,0,1,1,0,1,0,0,0,0,0,0,0,0,0,0,N,0,0,Y,0,0,0,0,0,0,0,0,0,0,0,0,Preliminary,Editor Mapped,437467.1157,3354932.3101,30.3245867362658,-81.650481060684
89551071,2021,31-JAN-2021 12:07 PM,31-JAN-2021 12:00 AM,PD210131033344,L,1,2,1,0,Miami-Dade,Unincorporated,Rural,1/31/2021 12:07:00 PM,1/31/2021 12:08:00 PM,1/31/2021 12:12:00 PM,1/31/2021 12:25:00 PM,,Law Enforcement,NW 22ND AVE,,,,0,,NW 81ST ST,,County,Paved,T-Intersection,,Daylight,Clear,Dry,N,Angle,Pedalcycle,On Roadway,N,Intersection,None,None,,None,None,,N,,,,,OFC.,Miami-Dade Police Department,Police Department (PD),2/11/2021 2:28:00 PM,3/2/2021 2:20:00 PM,11,Y,Bicycle,Bicycle,Injury,Possible Injury,DAY,N,N,N,N,N,Y,Y,N,N,1,1,1,0,0,0,0,0,1,0,0,1,1,0,1,0,1,0,0,0,0,0,0,0,0,N,0,0,Y,0,0,1,0,2,500,1,10,510,1,0,0,Preliminary,Editor Mapped,576777.5048,2859086.9602,25.848109814189,-80.2338176732694
89551381,2021,14-JAN-2021 06:12 PM,14-JAN-2021 12:00 AM,PD210114014802,L,1,2,1,0,Miami-Dade,Unincorporated,Rural,1/14/2021 6:12:00 PM,1/14/2021 6:12:00 PM,1/14/2021 6:19:00 PM,1/14/2021 7:29:00 PM,,Law Enforcement,SW 56TH ST,,,,98,East,SW 94TH CT,,County,Paved,Not at Intersection,,Dusk,Cloudy,Dry,N,Angle,Pedalcycle,On Roadway,N,Non-Junction,None,,,None,,,N,,,,,OFC.,Miami-Dade Police Department,Police Department (PD),2/16/2021 2:08:00 PM,,33,Y,Bicycle,Bicycle,Injury,Possible Injury,DAY,N,N,N,N,N,Y,N,N,N,0,2,2,0,0,0,0,0,0,0,0,1,1,0,1,0,0,0,0,0,0,0,0,0,0,N,0,0,Y,0,0,0,0,0,0,0,0,0,0,0,0,Preliminary,Editor Mapped,565438.9044,2844426.0442,25.716281297978,-80.3476866028111
89554757,2021,08-FEB-2021 03:25 PM,08-FEB-2021 12:00 AM,PD210208042523,L,1,2,1,0,Miami-Dade,Unincorporated,Rural,2/8/2021 3:27:00 PM,2/8/2021 3:27:00 PM,2/8/2021 3:34:00 PM,2/8/2021 4:37:00 PM,,Law Enforcement,NW 19TH AVE,,,,0,,NW 63RD ST,,Local,Paved,T-Intersection,,Daylight,Clear,Dry,N,Other,Motor Vehicle in Transport,On Roadway,N,Intersection,None,None,None,None,None,None,N,,,,,OFC.,Miami-Dade Police Department,Police Department (PD),3/1/2021 1:58:00 PM,,21,Y,Single Vehicle,Other,Injury,Possible Injury,DAY,N,N,N,N,N,Y,Y,N,N,1,1,1,0,0,0,0,0,0,0,0,1,1,0,1,0,0,0,0,0,0,0,0,0,0,N,0,0,Y,0,0,0,0,1,200,1,1,201,0,0,0,Preliminary,Editor Mapped,577274.4871,2857398.2006,25.8328353528539,-80.2289573651436
89560400,2021,05-MAR-2021 02:01 PM,05-MAR-2021 12:00 AM,21C07322,L,1,3,12,30,Lake,Clermont,Urban,3/5/2021 2:02:00 PM,3/5/2021 2:04:00 PM,3/5/2021 2:09:00 PM,3/5/2021 3:30:00 PM,Y,Law Enforcement,COUNTY ROAD 565A,,28.575424,-81.788375,103,West,LAKE MINNEOLA SHRS,,County,Unpaved,Not at Intersection,Y,Daylight,Clear,Dry,N,,Pedalcycle,On Roadway,N,Crossover-Related,None,,,None,,,N,,,,,OFC.,Clermont Police Department,Police Department (PD),3/6/2021 2:19:00 PM,,1,Y,Bicycle,Bicycle,Serious Injury,Incapacitating Injury,DAY,N,N,N,N,N,N,N,N,N,2,1,0,0,1,0,0,0,0,0,0,1,1,0,1,0,1,1,0,0,0,0,0,0,0,N,0,0,Y,1,0,0,0,1,500,1,500,1000,1,0,0,Preliminary,Editor Mapped,422894.5511,3161204.0618,28.5754473367568,-81.7884238941748
89565231,2021,31-OCT-2021 03:23 PM,31-OCT-2021 09:11 PM,FHPD21OFF088105,L,1,4,7,0,Orange,Unincorporated,Rural,10/31/2021 6:08:00 PM,10/31/2021 8:22:00 PM,10/31/2021 9:29:00 PM,10/31/2021 9:30:00 PM,Y,Law Enforcement,10626 E. COLONIAL DRIVE,,28.56976,-81.23229,367,East,JOHN CHENEY HIGHWAY,,Parking Lot,Unpaved,Not at Intersection,N,Daylight,Clear,Dry,N,Angle,Pedalcycle,In Parking Lane or Zone,N,Driveway/Alley Access Related,None,,,None,,,N,,,,,TPR,Florida Highway Patrol,Florida Highway Patrol (FHP),11/15/2021 1:31:00 PM,11/15/2021 1:31:00 PM,15,Y,Bicycle,Bicycle,Injury,Non-Incapacitating Injury,DAY,N,N,N,N,N,N,N,N,N,2,2,0,2,0,0,0,0,0,0,0,2,1,1,1,0,0,1,0,0,0,0,0,0,0,Y,0,0,Y,0,0,1,0,0,0,1,200,200,2,0,0,Preliminary,Editor Mapped,477392.7859,3160299.1852,28.5693731555523,-81.2311551938594
89565246,2021,08-NOV-2021 06:15 PM,08-NOV-2021 08:17 PM,FHPD21OFF090593,L,2,4,7,0,Orange,Unincorporated,Rural,11/8/2021 6:21:00 PM,11/8/2021 7:27:00 PM,11/8/2021 8:06:00 PM,11/8/2021 9:00:00 PM,Y,Law Enforcement,STATE ROAD 50 (E. COLONIAL DR.),,28.55377,-81.32074,0,,OLD CHENEY HIGHWAY,,State,Curb,T-Intersection,N,Dark - Lighted,Clear,Dry,N,Angle,Motor Vehicle in Transport,On Roadway,N,Intersection,None,,,None,,,N,,,,,TPR,Florida Highway Patrol,Florida Highway Patrol (FHP),11/21/2021 1:30:00 PM,,13,Y,Rear End,Rear End,Serious Injury,Incapacitating Injury,DAY,N,N,N,N,N,N,Y,N,N,3,1,0,0,1,0,0,0,0,0,0,1,1,0,2,0,1,1,0,0,0,0,0,0,0,N,0,0,Y,1,0,1,0,1,200,2,550,750,1,0,0,Verified,n/a,468638.7089,3158582.8741,28.5536990509174,-81.3206163077347
89572235,2021,09-NOV-2021 07:57 AM,09-NOV-2021 09:11 AM,FHPD21OFF090712,S,1,2,7,46,Orange,Orlando,Rural,11/9/2021 8:07:00 AM,11/9/2021 8:34:00 AM,11/9/2021 8:50:00 AM,11/9/2021 9:43:00 AM,Y,Law Enforcement,ROYAL ELM DR,,28.4758642082458,-81.4335306869649,0,,HARCOURT AVE,,Local,Curb,Four-Way Intersection,N,Daylight,Clear,Dry,N,Angle,Pedestrian,On Roadway,N,Intersection-Related,None,,,None,,,N,,,,,TPR,Florida Highway Patrol,Florida Highway Patrol (FHP),11/17/2021 1:43:00 PM,,8,N,Pedestrian,Pedestrian,No Injury,No Injury,DAY,N,N,N,N,N,N,Y,N,N,2,0,0,0,0,0,0,0,0,0,0,1,1,0,1,0,0,0,0,0,0,0,0,0,0,N,0,0,Y,0,0,0,0,0,0,1,100,100,0,0,0,Preliminary,Computer mapped confident by address,457563.0304,3149993.608,28.4758546430046,-81.4335269424979
89766496,2021,29-JAN-2021 03:45 PM,29-JAN-2021 12:00 AM,2021002665,L,1,3,48,0,Clay,Unincorporated,Rural,1/29/2021 3:47:00 PM,1/29/2021 3:58:00 PM,1/29/2021 4:00:00 PM,1/29/2021 5:00:00 PM,Y,Law Enforcement,KNIGHT BOXX RD,25,30.121685,-81.791826,,,,,Parking Lot,Curb,Not at Intersection,N,Daylight,Clear,Dry,N,,Pedalcycle,In Parking Lane or Zone,N,Non-Junction,None,,,None,,,N,,,,,D/S,Clay County Sheriff's Office,Sheriff's Office (SO),1/31/2021 1:49:00 PM,1/31/2021 1:49:00 PM,2,Y,Bicycle,Bicycle,Injury,Possible Injury,DAY,N,N,N,N,N,N,N,N,N,2,1,1,0,0,0,0,0,0,0,0,1,1,0,1,0,0,1,0,0,0,0,0,0,0,N,0,0,Y,0,0,0,0,0,0,1,100,100,0,0,0,Preliminary,Editor Mapped,423722.8249,3332532.5552,30.1216748847102,-81.7918209355773
89801049,2021,21-JUN-2021 11:00 AM,21-JUN-2021 12:00 AM,2021018071,L,1,2,1,54,Miami-Dade,Hialeah,Urban,6/21/2021 11:01:00 AM,6/21/2021 11:04:00 AM,6/21/2021 11:15:00 AM,6/21/2021 12:00:00 PM,Y,Law Enforcement,SE 12TH ST,,25.812157,-80.261693,0,,SE 9TH CT,,Local,Paved,Four-Way Intersection,N,Daylight,Clear,Dry,N,,Pedalcycle,On Roadway,N,Intersection,None,,,None,,,N,,,,,OFC,Hialeah Police Department,Police Department (PD),6/22/2021 2:37:00 PM,6/22/2021 2:37:00 PM,1,N,Bicycle,Bicycle,No Injury,No Injury,DAY,N,N,N,N,N,N,Y,N,N,2,0,0,0,0,0,0,0,0,0,0,1,1,0,1,0,0,0,0,0,0,0,0,0,0,N,0,0,Y,0,0,0,0,0,0,1,100,100,0,0,0,Preliminary,Editor Mapped,574007.2818,2855089.4785,25.8121584852566,-80.2616845449984
89832565,2021,21-JUN-2021 02:13 PM,21-JUN-2021 12:00 AM,21-09789,L,1,3,42,62,Martin,Stuart,Urban,6/21/2021 2:13:00 PM,6/21/2021 2:14:00 PM,6/21/2021 2:15:00 PM,6/21/2021 2:51:00 PM,Y,Law Enforcement,NE JENSEN BEACH BLVD,,27.245129,-80.251567,541,West,NW GREEN RIVER PKWY,,Local,Paved,T-Intersection,N,Daylight,Clear,Dry,N,,Pedalcycle,On Roadway,N,Intersection-Related,None,,,Physical Obstruction(s),,,N,,,,,DEPUTY,Martin County Sheriff's Office,Sheriff's Office (SO),6/29/2021 1:44:00 PM,6/29/2021 1:44:00 PM,8,Y,Bicycle,Bicycle,Injury,Non-Incapacitating Injury,DAY,N,N,N,N,N,N,Y,N,N,2,1,0,1,0,0,0,0,0,0,0,1,1,0,1,0,0,1,0,0,0,0,0,0,0,N,0,0,Y,0,0,0,0,0,0,1,100,100,0,0,0,Preliminary,Editor Mapped,573740.6374,3013842.3684,27.2454623160012,-80.2551487599678
89856813,2021,27-JAN-2021 02:00 PM,27-JAN-2021 12:00 AM,2020TA013059,L,1,3,17,0,Seminole,Unincorporated,Rural,1/27/2021 2:05:00 PM,1/27/2021 2:07:00 PM,1/27/2021 2:17:00 PM,1/27/2021 3:54:00 PM,Y,Law Enforcement,JENNIFER HOPE BLVD,2411,,,,,JENNIFER HOPE BLVD,,Private Roadway,Curb,Other,N,Daylight,Clear,Dry,N,,Pedestrian,On Roadway,N,Driveway/Alley Access Related,None,,,None,,,N,,,,,DEPUTY,Seminole County Sheriff's Office,Sheriff's Office (SO),1/29/2021 2:17:00 PM,1/29/2021 2:17:00 PM,2,Y,Pedestrian,Pedestrian,Injury,Possible Injury,DAY,N,N,N,N,N,N,N,N,N,2,1,1,0,0,0,0,0,0,0,0,1,1,0,1,0,1,1,0,0,0,0,0,0,0,N,0,0,Y,0,0,0,0,0,0,1,500,500,0,0,0,Preliminary,Editor Mapped,458017.114,3173373.5786,28.6869033779078,-81.4297452661541
89914677,2021,08-FEB-2021 06:20 PM,08-FEB-2021 12:00 AM,2102-004321,L,1,2,53,54,Charlotte,Port Charlotte,Urban,2/8/2021 6:40:00 PM,2/8/2021 6:45:00 PM,2/8/2021 7:00:00 PM,2/8/2021 7:30:00 PM,Y,Law Enforcement,PROMENADES ACCESS,,26.984661,-82.097027,,,,,Private Roadway,Paved,Four-Way Intersection,Y,Dusk,Clear,Dry,N,,Pedalcycle,On Roadway,N,Intersection,None,,,None,,,N,,,,,DEPUTY,Charlotte County Sheriff's Office,Sheriff's Office (SO),2/10/2021 2:22:00 PM,,2,Y,Bicycle,Bicycle,Injury,Non-Incapacitating Injury,DAY,N,N,N,N,N,Y,Y,N,N,0,1,0,1,0,0,0,0,0,0,0,1,1,0,1,0,0,0,0,0,0,0,0,0,0,N,0,0,Y,0,0,0,0,0,0,0,0,0,1,0,0,Preliminary,Editor Mapped,391139.599,2985209.0616,26.9846594878251,-82.0970265428612
89922858,2021,06-DEC-2021 11:40 AM,06-DEC-2021 12:00 AM,21-007005,L,1,2,1,38,Miami-Dade,Coral Gables,Urban,12/6/2021 11:40:00 AM,12/6/2021 11:40:00 AM,12/6/2021 11:42:00 AM,12/6/2021 12:30:00 PM,Y,Law Enforcement,SAN AMARO DR,,,,60,North,ALBENGA AV,,Local,Curb,Not at Intersection,N,Daylight,Cloudy,Dry,N,Other,Pedestrian,On Roadway,N,Non-Junction,None,,,None,,,N,,,,,PO,Coral Gables Police Department,Police Department (PD),12/28/2021 11:21:00 PM,,22,Y,Pedestrian,Pedestrian,Serious Injury,Incapacitating Injury,DAY,N,N,N,N,N,N,N,N,N,1,1,0,0,1,0,0,0,0,0,0,1,1,0,1,0,0,0,0,0,0,0,0,0,0,N,0,0,Y,1,0,1,0,0,0,1,200,200,1,0,0,Preliminary,Editor Mapped,571899.0537,2844220.7165,25.7141248847183,-80.2833049530071
89950637,2021,18-OCT-2021 08:57 AM,18-OCT-2021 12:00 AM,21-14282,L,1,2,15,38,Manatee,Longboat Key,Urban,10/18/2021 8:57:00 AM,10/18/2021 8:57:00 AM,10/18/2021 8:59:00 AM,10/18/2021 9:49:00 AM,Y,Law Enforcement,GULF OF MEXICO DR,,27.425512,-82.673557,117,West,LAGUNA DR,,State,Unpaved,Not at Intersection,Y,Daylight,Clear,Dry,N,,Pedalcycle,On Roadway,N,Non-Junction,None,,,None,,,N,,,,,OFFICER,Longboat Key Police Department,Police Department (PD),10/19/2021 1:46:00 PM,10/19/2021 1:46:00 PM,1,Y,Bicycle,Bicycle,Injury,Non-Incapacitating Injury,DAY,N,N,N,N,N,N,N,Y,N,1,1,0,1,0,0,0,0,0,0,0,1,1,0,1,1,0,0,0,0,0,0,0,0,0,N,0,0,Y,0,0,1,0,0,0,1,200,200,0,0,0,Preliminary,Editor Mapped,334571.5635,3034684.5309,27.4255613687817,-82.673578559616
89966714,2021,03-JAN-2021 02:48 PM,03-JAN-2021 12:00 AM,2021-5772,L,2,3,3,50,Hillsborough,Tampa,Urban,1/3/2021 2:48:00 PM,1/3/2021 2:50:00 PM,1/3/2021 3:00:00 PM,1/3/2021 4:00:00 PM,Y,Law Enforcement,E JOHN F KENNEDY BLVD,,27.947416,-82.458631,0,,N TAMPA ST,,Local,Paved,Four-Way Intersection,N,Daylight,Cloudy,Dry,N,"Sideswipe, Same Direction",Motor Vehicle in Transport,On Roadway,N,Through Roadway,None,,,None,,,N,,,,,OFC,Tampa Police Department,Police Department (PD),1/10/2021 1:47:00 PM,1/10/2021 1:47:00 PM,7,Y,Same Direction Sideswipe,Sideswipe,Injury,Possible Injury,DAY,N,N,N,N,N,N,N,Y,N,1,2,2,0,0,0,0,0,0,0,0,1,1,0,2,1,0,0,0,0,0,0,0,0,0,N,0,0,Y,0,0,1,0,1,10000,2,6000,16000,1,0,0,Preliminary,Editor Mapped,356505.9,3092233.0778,27.9474118805182,-82.458625932387
89968393,2021,14-FEB-2021 04:45 AM,14-FEB-2021 12:00 AM,2021-68217,L,1,1,3,50,Hillsborough,Tampa,Urban,2/14/2021 4:45:00 AM,2/14/2021 4:55:00 AM,2/14/2021 5:21:00 AM,2/14/2021 5:25:00 AM,Y,Law Enforcement,E HILLSBOROUGH AVE,,27.99617,-82.449069,326,East,N 9TH ST,,Local,Curb,Not at Intersection,N,Dark - Lighted,Rain,Wet,N,,Pedalcycle,On Roadway,N,Through Roadway,None,,,Unknown,Unknown,,N,,,,,OFFICER,Tampa Police Department,Police Department (PD),2/16/2021 2:08:00 PM,2/16/2021 2:08:00 PM,2,Y,Bicycle,Bicycle,No Injury,No Injury,NIGHT,N,N,N,N,N,Y,N,N,N,1,0,0,0,0,0,0,0,0,0,0,1,1,0,0,0,0,0,0,0,0,0,0,0,0,N,0,0,Y,0,0,0,0,0,0,0,0,0,0,0,0,Preliminary,Editor Mapped,357506.1486,3097624.1776,27.9961708670192,-82.4491110693552
89995980,2021,19-JAN-2021 11:27 AM,19-JAN-2021 12:00 AM,282101001829,L,1,2,10,40,Broward,Hallandale Beach,Urban,1/19/2021 11:27:00 AM,1/19/2021 11:27:00 AM,1/19/2021 11:30:00 AM,1/19/2021 12:01:00 PM,Y,Law Enforcement,E HALLANDALE BEACH BLVD,,,,51,South,S OCEAN DR,,State,Curb,Four-Way Intersection,N,Daylight,Clear,Dry,N,Angle,Motor Vehicle in Transport,On Roadway,N,Non-Junction,None,,,None,,,N,,,,,CIVILIAN,Hallandale Beach Police Department,Police Department (PD),1/21/2021 2:18:00 PM,,2,Y,Single Vehicle,Other,Serious Injury,Incapacitating Injury,DAY,N,N,N,N,N,N,N,N,N,1,1,0,0,1,0,0,0,0,0,0,1,1,0,1,0,0,0,0,0,0,0,0,0,0,N,0,0,Y,1,0,0,0,0,0,0,0,0,1,0,0,Verified,n/a,588148.9356,2874456.8614,25.9862400570175,-80.1193188351616
24125969,2022,04-MAY-2022 04:54 PM,04-MAY-2022 12:00 AM,2022TA005341,L,1,3,7,54,Orange,Winter Park,Urban,5/4/2022 4:54:00 PM,5/4/2022 4:57:00 PM,5/4/2022 4:57:00 PM,5/4/2022 5:30:00 PM,Y,Law Enforcement,WOODCREST DR,,28.582276,-81.323616,6,East,BELLWOOD DR,,Local,Curb,Not at Intersection,N,Daylight,Clear,Dry,N,,Pedestrian,On Roadway,N,Non-Junction,None,,,None,,,N,,,,,OFFICER,Winter Park Police Department,Police Department (PD),5/8/2022 1:25:00 PM,5/8/2022 1:25:00 PM,4,Y,Pedestrian,Pedestrian,Injury,Possible Injury,DAY,N,N,N,N,N,N,N,N,N,2,1,1,0,0,0,0,0,0,0,0,1,1,0,1,0,0,1,0,0,0,0,0,0,0,N,0,0,Y,0,0,0,0,0,0,1,2000,2000,0,0,0,Preliminary,Editor Mapped,468348.0802,3161749.2465,28.5822729518771,-81.3236749052099
24182287,2022,17-MAR-2022 11:00 PM,18-MAR-2022 12:00 AM,22-00717,L,1,2,1,88,Miami-Dade,Sunny Isles Beach,Urban,3/17/2022 11:00:00 PM,3/17/2022 11:03:00 PM,3/17/2022 11:05:00 PM,3/17/2022 12:30:00 AM,Y,Law Enforcement,STATE RD A1A,,,,53,North,186TH ST,,State,Paved,Not at Intersection,N,Dark - Lighted,Clear,Dry,N,"Sideswipe, Same Direction",Pedalcycle,On Roadway,N,Non-Junction,None,,,None,,,N,,,,,PO,Sunny Isles Beach Police Department,Police Department (PD),4/27/2022 11:21:00 PM,4/27/2022 11:21:00 PM,41,Y,Bicycle,Bicycle,Injury,Possible Injury,NIGHT,N,N,N,N,N,N,N,Y,N,1,1,1,0,0,0,0,0,0,0,0,1,1,0,1,0,0,0,0,0,0,0,0,0,0,N,0,0,Y,0,0,1,0,1,200,1,100,300,0,0,0,Preliminary,Editor Mapped,588019.052,2870288.9086,25.9486161972277,-80.1208961090922
24224961,2022,19-FEB-2022 02:00 PM,19-FEB-2022 12:00 AM,2022-14009,L,1,2,1,68,Miami-Dade,Miami Beach,Urban,2/19/2022 2:04:00 PM,2/19/2022 2:40:00 PM,2/19/2022 2:44:00 PM,2/19/2022 3:50:00 PM,Y,Law Enforcement,WEST AVE,,,,78,South,13TH ST,,Local,Curb,Not at Intersection,,Daylight,Clear,Dry,N,"Sideswipe, Same Direction",Motor Vehicle in Transport,On Roadway,N,Non-Junction,None,,,None,,,N,,,,,Off.,Miami Beach Police Department,Police Department (PD),2/28/2022 1:30:00 PM,2/28/2022 1:30:00 PM,9,Y,Single Vehicle,Other,Injury,Possible Injury,DAY,N,N,N,N,N,N,N,Y,N,1,1,1,0,0,0,0,0,0,0,0,1,1,0,1,0,0,0,0,0,0,0,0,0,0,N,0,0,Y,0,0,1,0,2,700,1,1000,1700,0,0,0,Preliminary,Editor Mapped,586007.8225,2852010.2355,25.7836984128572,-80.1421741928219
24225872,2022,09-MAR-2022 12:14 PM,09-MAR-2022 12:00 AM,2022-20150,L,1,2,1,68,Miami-Dade,Miami Beach,Urban,3/9/2022 12:14:00 PM,3/9/2022 12:17:00 PM,3/9/2022 12:18:00 PM,3/9/2022 12:50:00 PM,Y,Law Enforcement,18TH ST,,,,54,East,JAMES AVE,,Local,Curb,Not at Intersection,,Daylight,Clear,Dry,N,"Sideswipe, Same Direction",Motor Vehicle in Transport,On Roadway,N,Non-Junction,Obstruction in Roadway,,,None,,,N,,,,,,Miami Beach Police Department,Police Department (PD),3/16/2022 1:44:00 PM,3/16/2022 1:44:00 PM,7,Y,Single Vehicle,Other,Injury,Possible Injury,DAY,N,N,N,N,N,N,N,Y,N,1,1,1,0,0,0,0,0,0,0,0,1,1,0,1,0,0,0,0,0,0,0,0,0,0,N,0,0,Y,0,0,0,0,0,0,1,100,100,0,0,0,Preliminary,Editor Mapped,587157.0012,2853144.1344,25.7938684471959,-80.1306388904608
24226171,2022,01-APR-2022 07:36 AM,01-APR-2022 12:00 AM,2022-28236,L,1,2,1,68,Miami-Dade,Miami Beach,Urban,4/1/2022 7:37:00 AM,4/1/2022 7:37:00 AM,4/1/2022 7:42:00 AM,4/1/2022 9:00:00 AM,Y,Law Enforcement,LENOX AVE,,,,0,,13TH ST,,Local,Curb,Four-Way Intersection,,Daylight,Clear,Dry,N,Other,Motor Vehicle in Transport,On Roadway,N,Intersection,None,,,None,,,N,,,,,Off.,Miami Beach Police Department,Police Department (PD),4/13/2022 1:41:00 PM,4/13/2022 1:41:00 PM,12,Y,Single Vehicle,Other,Injury,Non-Incapacitating Injury,DAY,N,N,N,N,N,N,Y,N,N,1,1,0,1,0,0,0,0,0,0,0,1,1,0,1,0,0,0,0,0,0,0,0,0,0,N,0,0,Y,0,0,1,0,2,200,1,1000,1200,1,0,0,Preliminary,Editor Mapped,586246.2347,2852040.0739,25.7839537875904,-80.1397945839816
24226315,2022,24-MAY-2022 08:25 AM,24-MAY-2022 12:00 AM,2022-44066,L,1,3,1,68,Miami-Dade,Miami Beach,Urban,5/24/2022 8:25:00 AM,5/24/2022 8:25:00 AM,5/24/2022 8:28:00 AM,5/24/2022 8:25:00 AM,Y,Law Enforcement,PENNSYLVANIA AVE,,,,0,,14TH ST,,Local,Curb,Four-Way Intersection,,Daylight,Clear,Dry,N,"Sideswipe, Same Direction",Motor Vehicle in Transport,On Roadway,N,Intersection,None,,,None,,,N,,,,,Off.,Miami Beach Police Department,Police Department (PD),6/1/2022 1:41:00 PM,6/1/2022 1:41:00 PM,8,Y,Single Vehicle,Other,Injury,Non-Incapacitating Injury,DAY,N,N,N,N,N,N,Y,N,N,1,2,1,1,0,0,0,0,0,0,0,2,2,0,1,0,0,0,0,0,0,0,0,0,0,N,0,0,Y,0,0,1,0,0,0,1,50,50,1,0,0,Preliminary,Editor Mapped,586821.7584,2852203.7399,25.7853974917378,-80.1340441958573
24227151,2022,24-APR-2022 10:17 PM,24-APR-2022 12:00 AM,2022-34984,L,1,2,1,68,Miami-Dade,Miami Beach,Urban,4/24/2022 10:19:00 PM,4/24/2022 10:21:00 PM,4/24/2022 10:22:00 PM,4/24/2022 11:20:00 PM,Y,Law Enforcement,15TH ST,,,,0,,MICHIGAN AVE,,State,Curb,Four-Way Intersection,,Dark - Lighted,Clear,Dry,N,Angle,Motor Vehicle in Transport,On Roadway,N,Intersection,None,,,None,,,N,,,,,,Miami Beach Police Department,Police Department (PD),5/9/2022 1:30:00 PM,5/9/2022 1:30:00 PM,15,Y,Single Vehicle,Other,Injury,Possible Injury,NIGHT,N,N,N,N,N,N,Y,N,N,1,1,1,0,0,0,0,0,0,0,0,1,1,0,1,0,0,0,0,0,0,0,0,0,0,N,0,0,Y,0,0,0,0,2,1000,1,1000,2000,1,0,0,Preliminary,Editor Mapped,586344.4281,2852425.7073,25.7874299176495,-80.1387901590081
24227318,2022,24-MAY-2022 09:46 PM,24-MAY-2022 12:00 AM,2022-44262,L,1,2,1,68,Miami-Dade,Miami Beach,Urban,5/24/2022 9:46:00 PM,5/24/2022 9:50:00 PM,5/24/2022 9:50:00 PM,5/24/2022 10:27:00 PM,Y,Law Enforcement,ALTON RD,,,,0,,15TH STREET,,State,Curb,Four-Way Intersection,,Dark - Lighted,Clear,Dry,N,Angle,Motor Vehicle in Transport,On Roadway,N,Intersection,None,,,None,,,N,,,,,Off.,Miami Beach Police Department,Police Department (PD),6/1/2022 1:41:00 PM,6/1/2022 1:41:00 PM,8,N,Single Vehicle,Other,No Injury,No Injury,NIGHT,N,N,N,N,N,N,Y,N,N,2,0,0,0,0,0,0,0,0,0,0,1,1,0,1,0,0,0,0,0,0,0,0,0,0,N,0,0,Y,0,0,1,0,2,0,0,0,0,0,0,0,Preliminary,Editor Mapped,586104.3481,2852401.6187,25.7872265750502,-80.1411860984698
24228051,2022,07-JUL-2022 05:22 AM,07-JUL-2022 12:00 AM,2022-56965,L,1,2,1,68,Miami-Dade,Miami Beach,Urban,7/7/2022 5:22:00 AM,7/7/2022 5:25:00 AM,7/7/2022 5:21:00 AM,7/7/2022 6:30:00 AM,Y,Law Enforcement,ALTON RD (SR 907),,,,0,,10TH ST,,State,Paved,Four-Way Intersection,Y,Dark - Lighted,Clear,Dry,N,Other,Motor Vehicle in Transport,On Roadway,N,Intersection,None,,,None,,,N,,,,,Off.,Miami Beach Police Department,Police Department (PD),7/14/2022 1:37:00 PM,7/14/2022 1:37:00 PM,7,Y,Single Vehicle,Other,Serious Injury,Incapacitating Injury,NIGHT,N,N,N,N,N,N,Y,N,N,1,1,0,0,1,0,0,0,0,0,0,1,1,0,1,0,0,0,0,0,0,0,0,0,0,N,0,0,Y,1,0,0,0,2,200,1,1000,1200,0,0,0,Preliminary,Editor Mapped,586132.4527,2851660.6102,25.7805342723683,-80.1409540058465
24228095,2022,09-JUL-2022 08:50 AM,09-JUL-2022 12:00 AM,2022-57592,L,1,4,1,68,Miami-Dade,Miami Beach,Urban,7/9/2022 8:50:00 AM,7/9/2022 8:53:00 AM,7/9/2022 8:55:00 AM,7/9/2022 9:30:00 AM,Y,Law Enforcement,WASHINGTON AVE,,,,0,,14TH ST,,Local,Paved,Four-Way Intersection,,Daylight,Clear,Dry,N,Other,Motor Vehicle in Transport,On Roadway,N,Intersection,None,,,None,,,N,,,,,Off.,Miami Beach Police Department,Police Department (PD),7/18/2022 1:28:00 PM,7/18/2022 1:28:00 PM,9,Y,Single Vehicle,Other,Injury,Non-Incapacitating Injury,DAY,N,N,N,N,N,N,Y,N,N,3,1,0,1,0,0,0,0,0,0,0,1,1,0,1,0,0,2,0,0,0,0,0,0,0,N,0,0,Y,0,0,1,0,2,2,1,500,502,0,0,0,Preliminary,Editor Mapped,587045.0521,2852205.8751,25.7854034974341,-80.1318171386742
24311768,2022,08-MAY-2022 11:41 AM,08-MAY-2022 12:00 AM,22004390,L,1,3,10,31,Broward,Coral Springs,Urban,5/8/2022 11:41:00 AM,5/8/2022 11:42:00 AM,5/8/2022 11:43:00 AM,5/8/2022 11:43:00 AM,Y,Law Enforcement,NW 29TH ST,,,,28,East,CORAL SPRINGS DR,,Local,Curb,Not at Intersection,N,Daylight,Clear,Dry,N,Other,Pedalcycle,On Roadway,N,Non-Junction,None,,,None,,,N,,,,,,Coral Springs Police Department,Police Department (PD),5/12/2022 1:37:00 PM,5/12/2022 1:37:00 PM,4,Y,Bicycle,Bicycle,Injury,Possible Injury,DAY,N,N,N,N,N,N,N,N,N,2,1,1,0,0,0,0,0,0,0,0,1,1,0,1,0,0,1,0,0,0,0,0,0,0,N,0,0,Y,0,0,1,0,1,500,0,0,500,1,0,0,Preliminary,Editor Mapped,573289.4945,2905480.135,26.2671754260924,-80.2660178579335
24346732,2022,02-MAY-2022 09:53 PM,02-MAY-2022 12:00 AM,22-023841,L,1,2,16,50,Sarasota,Sarasota,Urban,5/2/2022 9:53:00 PM,5/2/2022 9:55:00 PM,5/2/2022 9:59:00 PM,5/2/2022 10:45:00 PM,Y,Motorist,MADISON DR,345,,,0,,,,Local,Paved,T-Intersection,,Dark - Not Lighted,Clear,Dry,N,"Sideswipe, Opposite Direction",Motor Vehicle in Transport,On Roadway,N,Non-Junction,None,None,None,None,,,N,,,,,OFC.,Sarasota Police Department,Police Department (PD),5/10/2022 1:36:00 PM,5/10/2022 1:36:00 PM,8,Y,Single Vehicle,Other,Injury,Possible Injury,NIGHT,N,N,N,N,N,N,N,Y,N,1,1,1,0,0,0,0,0,0,0,0,1,1,0,1,0,1,0,0,0,0,0,0,0,0,N,0,0,Y,0,0,0,0,0,0,1,300,300,0,0,0,Preliminary,Editor Mapped,343807.9215,3022806.3815,27.3194554072868,-82.5786451507868
24346922,2022,25-APR-2022 10:01 PM,25-APR-2022 12:00 AM,22-022486,L,1,2,16,50,Sarasota,Sarasota,Urban,4/25/2022 10:01:00 PM,4/25/2022 10:01:00 PM,4/25/2022 10:05:00 PM,4/25/2022 10:49:00 PM,Y,Motorist,DR. MLK JR. WAY,,,,0,,N. WASHINGTON BLVD.,,State,Paved,Four-Way Intersection,,Dark - Lighted,Clear,Dry,N,Other,Motor Vehicle in Transport,On Roadway,Y,Intersection,None,,,None,,,N,,,,,OFC.,Sarasota Police Department,Police Department (PD),5/17/2022 1:43:00 PM,5/17/2022 1:43:00 PM,22,Y,Single Vehicle,Other,Injury,Possible Injury,NIGHT,N,N,N,N,N,N,Y,N,N,1,1,1,0,0,0,0,0,0,0,0,1,1,0,1,0,0,0,0,0,0,0,0,0,0,N,0,0,Y,0,0,1,0,0,0,1,500,500,0,0,0,Preliminary,Editor Mapped,348628.8069,3027186.3155,27.3595258024047,-82.5304774465045
24347153,2022,21-JUN-2022 10:55 AM,21-JUN-2022 12:00 AM,22-033272,L,2,3,16,50,Sarasota,Sarasota,Urban,6/21/2022 10:55:00 AM,6/21/2022 10:55:00 AM,6/21/2022 11:35:00 AM,6/21/2022 11:51:00 AM,Y,Motorist,FLAMINGO AVE,,,,0,,SIESTA DRIVE,,Local,Curb,Four-Way Intersection,,Daylight,Clear,Dry,N,Angle,Motor Vehicle in Transport,On Roadway,N,Intersection-Related,None,,,None,,,N,,,,,OFC.,Sarasota Police Department,Police Department (PD),7/1/2022 1:36:00 PM,7/1/2022 1:36:00 PM,10,Y,Right Angle,Angle,Injury,Possible Injury,DAY,N,N,N,N,N,N,Y,N,N,2,1,1,0,0,0,0,0,0,0,0,1,1,0,1,1,0,1,0,0,0,0,0,0,0,N,0,0,Y,0,0,0,0,0,0,2,251,251,1,0,0,Preliminary,Editor Mapped,346221.2406,3020836.4014,27.3019499656342,-82.5540131125711
24392253,2022,21-MAY-2022 01:08 PM,21-MAY-2022 12:00 AM,PD220521168664,L,1,2,1,0,Miami-Dade,Unincorporated,Rural,5/21/2022 1:08:00 PM,5/21/2022 1:18:00 PM,5/21/2022 1:31:00 PM,5/21/2022 2:54:00 PM,Y,Law Enforcement,SW 82ND AVE,,,,196,South,SW 32ND ST,,County,Paved,Not at Intersection,,Daylight,Clear,Dry,N,"Sideswipe, Same Direction",Pedalcycle,On Roadway,N,Non-Junction,None,,,None,,,N,,,,,PSA.,Miami-Dade Police Department,Police Department (PD),5/30/2022 1:29:00 PM,5/30/2022 1:29:00 PM,9,Y,Bicycle,Bicycle,Injury,Possible Injury,DAY,N,N,N,N,N,N,N,Y,N,1,1,1,0,0,0,0,0,0,0,0,1,1,0,1,0,0,0,0,0,0,0,0,0,0,N,0,0,Y,0,0,1,0,0,0,1,200,200,0,0,0,Preliminary,Editor Mapped,567441.5256,2847067.3112,25.7400401128871,-80.3275908567541
24397161,2022,29-MAR-2022 04:35 PM,29-MAR-2022 12:00 AM,PD220329103503,L,1,2,1,0,Miami-Dade,Unincorporated,Rural,3/29/2022 4:41:00 PM,3/29/2022 4:41:00 PM,3/29/2022 4:47:00 PM,3/29/2022 5:15:00 PM,N,Motorist,HOMESTEAD AVENUE,,,,107,North,JESSAMINE STREET,,County,Paved,Not at Intersection,,Daylight,Clear,Dry,N,Other,Motor Vehicle in Transport,Off Roadway,N,Driveway/Alley Access Related,None,,,None,,,N,,,,,OFC.,Miami-Dade Police Department,Police Department (PD),4/20/2022 3:30:00 PM,4/20/2022 3:30:00 PM,22,Y,Single Vehicle,Other,Injury,Non-Incapacitating Injury,DAY,N,N,N,N,N,Y,N,N,N,1,1,0,1,0,0,0,0,0,0,0,1,1,0,1,0,0,0,0,0,0,0,0,0,0,N,0,0,Y,0,0,0,0,2,200000,0,0,200000,1,0,0,Preliminary,Editor Mapped,564829.7817,2831964.9787,25.6037885741971,-80.3543643167488
24413317,2022,29-MAR-2022 09:07 AM,29-MAR-2022 09:19 AM,OCSO22OFF004617,L,1,2,43,55,Okaloosa,Destin,Urban,3/29/2022 9:08:00 AM,3/29/2022 9:09:00 AM,3/29/2022 9:13:00 AM,3/29/2022 9:52:00 AM,Y,Law Enforcement,US HIGHWAY 98,,30.3876361432472,-86.4551056015877,,,ACCESS ROAD 14073 EMERALD COAST PKWY,,Local,Curb,T-Intersection,N,Daylight,Clear,Dry,N,Other,Pedalcycle,On Roadway,N,Intersection-Related,None,,,None,,,N,,,,,DEPUTY,Okaloosa County Sheriff's Office,Sheriff's Office (SO),4/26/2022 1:41:00 PM,4/26/2022 1:41:00 PM,28,Y,Bicycle,Bicycle,Injury,Non-Incapacitating Injury,DAY,N,N,N,N,N,N,Y,N,N,1,1,0,1,0,0,0,0,0,0,0,1,1,0,1,0,0,0,0,0,0,0,0,0,0,N,0,0,Y,0,0,1,0,0,0,1,500,500,0,0,0,Preliminary,Editor Mapped,-24461.5982999997,3374400.4274,30.3877006312491,-86.4550759544646
24446935,2022,28-FEB-2022 03:38 PM,28-FEB-2022 12:00 AM,221133,L,1,2,1,56,Miami-Dade,Hialeah Gardens,Urban,2/28/2022 3:38:00 PM,2/28/2022 3:38:00 PM,2/28/2022 4:40:00 PM,2/28/2022 6:00:00 PM,Y,Law Enforcement,92ND AVE NW,,,,0,,117TH ST NW,,County,Paved,T-Intersection,N,Daylight,Clear,Dry,N,,Pedestrian,On Roadway,N,Intersection,None,,,None,,,N,,,,,POLICE OFFICER,Hialeah Gardens Police Department,Police Department (PD),3/2/2022 1:43:00 PM,3/2/2022 1:43:00 PM,2,Y,Pedestrian,Pedestrian,Injury,Non-Incapacitating Injury,DAY,N,N,N,N,N,Y,Y,N,N,1,1,0,1,0,0,0,0,0,0,0,1,1,0,1,0,1,0,0,0,0,0,0,0,0,N,0,0,Y,0,0,2,0,0,0,1,500,500,0,0,0,Preliminary,Editor Mapped,565370.6135,2862524.5008,25.8797048089437,-80.3474731356136
24453342,2022,15-APR-2022 09:15 AM,15-APR-2022 12:00 AM,292204002601,L,1,2,10,52,Broward,Lauderhill,Urban,4/15/2022 9:18:00 AM,4/15/2022 9:18:00 AM,4/15/2022 9:27:00 AM,4/15/2022 9:40:00 AM,Y,Law Enforcement,N SR 7,2699,,,0,,,,Private Roadway,Unpaved,Not at Intersection,N,Daylight,Clear,Dry,N,Angle,Pedestrian,In Parking Lane or Zone,N,Non-Junction,None,,,None,,,N,,,,,,Lauderhill Police Department,Police Department (PD),4/21/2022 1:50:00 PM,4/21/2022 1:50:00 PM,6,Y,Pedestrian,Pedestrian,Injury,Non-Incapacitating Injury,DAY,N,N,N,N,N,N,N,N,N,1,1,0,1,0,0,0,0,0,0,0,1,1,0,1,0,0,0,0,0,0,0,0,0,0,N,0,0,Y,0,0,0,0,0,0,1,500,500,1,0,0,Preliminary,Editor Mapped,579688.8151,2891574.236,26.1412809872392,-80.2027901232749
24466420,2022,03-JUL-2022 06:56 AM,03-JUL-2022 12:00 AM,22-1332,L,2,2,8,40,Volusia,Holly Hill,Urban,7/3/2022 6:56:00 AM,7/3/2022 7:05:00 AM,7/3/2022 7:18:00 AM,7/3/2022 7:27:00 AM,Y,Law Enforcement,RIDGEWOOD AVE,1202,29.246986,-81.043885,,,,,Parking Lot,Paved,Not at Intersection,Y,Daylight,Clear,Dry,N,,Parked Motor Vehicle,In Parking Lane or Zone,N,Other,None,,,None,,,N,,,,,OFFICER,Holly Hill Police Department,Police Department (PD),7/6/2022 1:39:00 PM,7/6/2022 1:39:00 PM,3,Y,Parked Vehicle,Other,No Injury,No Injury,NIGHT,N,N,N,N,N,Y,N,Y,N,1,0,0,0,0,0,0,0,0,0,0,1,1,0,1,0,0,0,0,0,0,0,0,0,0,N,0,0,Y,0,0,0,0,0,0,1,1000,1000,0,0,0,Preliminary,Editor Mapped,495737.6364,3235345.9343,29.2469416366397,-81.0438661286943
24466606,2022,12-MAY-2022 01:16 PM,12-MAY-2022 12:00 AM,332205074360,L,1,2,10,44,Broward,Hollywood,Urban,5/12/2022 1:16:00 PM,5/12/2022 1:16:00 PM,5/12/2022 1:20:00 PM,5/12/2022 2:05:00 PM,Y,Law Enforcement,S 56TH AV,,,,0,,DEWEY ST,,Local,Paved,Not at Intersection,N,Daylight,Clear,Dry,N,Other,Pedalcycle,On Roadway,N,Non-Junction,None,,,None,,,N,,,,,OFFICER,Hollywood Police Department,Police Department (PD),5/18/2022 1:40:00 PM,5/18/2022 1:40:00 PM,6,Y,Bicycle,Bicycle,Injury,Possible Injury,DAY,N,N,N,N,N,N,N,N,N,1,1,1,0,0,0,0,0,0,0,0,1,1,0,1,0,0,0,0,0,0,0,0,0,0,N,0,0,Y,0,0,0,0,1,1,1,500,501,1,0,0,Preliminary,Editor Mapped,580153.1802,2876124.4023,26.0017604463443,-80.1990944791543
24467009,2022,06-JUN-2022 07:25 PM,06-JUN-2022 12:00 AM,332206087231,L,1,2,10,44,Broward,Hollywood,Urban,6/6/2022 7:25:00 PM,6/6/2022 7:26:00 PM,6/6/2022 7:30:00 PM,6/6/2022 8:00:00 PM,Y,Law Enforcement,HOLLYWOOD BLVD,,,,0,,N 19TH AV,,State,Curb,Four-Way Intersection,N,Daylight,Clear,Dry,N,Angle,Pedalcycle,On Roadway,N,Non-Junction,None,,,None,,,N,,,,,COMMUNITY SERVICE OFFICER,Hollywood Police Department,Police Department (PD),6/22/2022 1:41:00 PM,6/22/2022 1:41:00 PM,16,N,Bicycle,Bicycle,No Injury,No Injury,NIGHT,N,N,N,N,N,N,N,N,N,2,0,0,0,0,0,0,0,0,0,0,1,1,0,1,1,0,0,0,0,0,0,0,0,0,N,0,0,Y,0,0,0,0,1,5000,1,800,5800,0,0,0,Preliminary,Editor Mapped,585547.2671,2877230.7888,26.0114413182494,-80.145128067808
24467114,2022,14-JUN-2022 10:45 AM,14-JUN-2022 12:00 AM,332206091173,L,1,2,10,44,Broward,Hollywood,Urban,6/14/2022 10:46:00 AM,6/14/2022 11:00:00 AM,6/14/2022 11:10:00 AM,6/14/2022 12:39:00 PM,Y,Law Enforcement,STIRLING RD,2721,,,,,,,Parking Lot,Curb,Not at Intersection,N,Daylight,Clear,Dry,N,Angle,Pedestrian,In Parking Lane or Zone,N,Driveway/Alley Access Related,None,,,None,,,N,,,,,OFFICER,Hollywood Police Department,Police Department (PD),6/23/2022 1:45:00 PM,6/23/2022 1:45:00 PM,9,Y,Pedestrian,Pedestrian,Injury,Non-Incapacitating Injury,DAY,N,N,N,N,N,N,N,N,N,1,1,0,1,0,0,0,0,0,0,0,1,1,0,1,1,0,0,0,0,0,0,0,0,0,N,0,0,Y,0,0,1,0,1,10,1,100,110,1,0,0,Preliminary,Editor Mapped,582300.057,2881229.0005,26.0477289436293,-80.1773228981033
24469517,2022,13-NOV-2022 09:33 PM,13-NOV-2022 12:00 AM,332211173870,L,1,2,10,44,Broward,Hollywood,Urban,11/13/2022 9:33:00 PM,11/13/2022 9:33:00 PM,11/13/2022 9:40:00 PM,11/13/2022 11:08:00 PM,Y,Law Enforcement,S OCEAN DR,,,,33,South,MONROE ST,,State,Unpaved,Not at Intersection,N,Dark - Not Lighted,Clear,Dry,N,"Sideswipe, Same Direction",Pedestrian,On Roadway,Y,Non-Junction,None,,,None,,,N,,,,,OFFICER,Hollywood Police Department,Police Department (PD),11/19/2022 2:50:00 PM,11/19/2022 2:50:00 PM,6,Y,Pedestrian,Pedestrian,Injury,Possible Injury,NIGHT,N,N,N,N,N,N,N,Y,N,1,1,1,0,0,0,0,0,0,0,0,1,1,0,1,0,0,0,0,0,0,0,0,0,0,N,0,0,Y,0,0,0,0,1,50,1,1000,1050,0,0,0,Preliminary,Editor Mapped,588247.0265,2876881.8668,26.0081289541756,-80.1181754752269
24469692,2022,24-NOV-2022 10:50 AM,15-MAR-2023 12:00 AM,332211179628,L,1,1,10,44,Broward,Hollywood,Urban,11/24/2022 10:55:00 AM,11/24/2022 10:56:00 AM,11/24/2022 11:00:00 AM,11/24/2022 11:11:00 AM,Y,Law Enforcement,N STATE ROAD 7,,,,54,East,GARFIELD ST,,State,Paved,Not at Intersection,N,Dark - Lighted,Clear,Dry,N,Front to Rear,Motor Vehicle in Transport,On Roadway,N,Non-Junction,None,,,None,,,N,,,,,COMMUNITY SERVICE OFFICER,Hollywood Police Department,Police Department (PD),12/16/2022 2:54:00 PM,3/16/2023 2:26:00 PM,22,Y,Single Vehicle,Other,Injury,Non-Incapacitating Injury,DAY,N,N,N,N,N,N,N,N,N,0,1,0,1,0,0,0,0,0,0,0,1,1,0,0,0,0,0,0,0,0,0,0,0,0,N,0,0,Y,0,0,3,0,1,500,1,1000,1500,1,0,0,Preliminary,Editor Mapped,579264.9584,2878191.5631,26.0204736774176,-80.2078438395354
24482466,2022,07-FEB-2022 06:00 PM,07-FEB-2022 12:00 AM,2022-6539,L,1,2,1,80,Miami-Dade,North Miami,Urban,2/7/2022 6:11:00 PM,2/7/2022 6:14:00 PM,2/7/2022 6:15:00 PM,2/7/2022 7:00:00 PM,Y,Law Enforcement,NE 122ND RD,,25.88912,-80.157368,0,,SANS SOUCI BLVD,,Local,Curb,Four-Way Intersection,N,Daylight,Clear,Dry,N,,Other Non-Fixed Object,On Roadway,N,Intersection-Related,None,,,None,,,N,,,,,OFFICER,North Miami Police Department,Police Department (PD),2/9/2022 1:43:00 PM,2/9/2022 1:43:00 PM,2,Y,Single Vehicle,Other,Injury,Possible Injury,DAY,N,N,N,N,N,N,Y,N,N,1,1,1,0,0,0,0,0,0,0,0,1,1,0,1,0,0,0,0,0,0,0,0,0,0,N,0,0,Y,0,0,1,0,0,0,0,0,0,2,0,0,Preliminary,Editor Mapped,584409.9753,2863675.2895,25.8891162626126,-80.1573637593807
90129043,2021,20-OCT-2021 05:53 PM,20-OCT-2021 12:00 AM,2110200072068,L,1,4,1,66,Miami-Dade,Miami,Urban,10/20/2021 5:54:00 PM,10/20/2021 4:15:00 PM,10/20/2021 4:20:00 PM,10/20/2021 7:00:00 PM,Y,Law Enforcement,SW 2ND ST,,25.77193,-80.202653,0,,SW 5TH AVE,,Local,Paved,Four-Way Intersection,N,Daylight,Clear,Dry,N,,Pedestrian,On Roadway,N,Intersection-Related,None,,,None,,,N,,,,,PUBLIC SERVICE AIDE,Miami Police Department,Police Department (PD),10/22/2021 1:44:00 PM,10/22/2021 1:44:00 PM,2,Y,Pedestrian,Pedestrian,Injury,Non-Incapacitating Injury,DAY,N,N,N,N,N,N,Y,N,N,3,1,0,1,0,0,0,0,0,0,0,1,1,0,1,0,0,2,0,0,0,0,0,0,0,N,0,0,Y,0,0,1,0,0,0,1,300,300,0,0,0,Preliminary,Editor Mapped,579951.5685,2850668.8629,25.7719304191607,-80.2026542635733
90106678,2021,01-SEP-2021 07:14 PM,01-SEP-2021 12:00 AM,2021-22823,L,1,4,6,82,Palm Beach,Palm Springs,Urban,9/1/2021 7:14:00 PM,9/1/2021 7:22:00 PM,9/1/2021 7:23:00 PM,9/1/2021 7:43:00 PM,Y,Law Enforcement,S MILITARY TRL,2625,26.638171,-80.112595,,,,,Parking Lot,Paved,Not at Intersection,N,Daylight,Clear,Dry,N,,Pedestrian,Off Roadway,N,Other,None,,,None,,,N,,,,,OFC,Palm Springs Police Department,Police Department (PD),9/9/2021 1:44:00 PM,9/9/2021 1:44:00 PM,8,Y,Pedestrian,Pedestrian,Injury,Non-Incapacitating Injury,NIGHT,N,N,N,N,N,Y,N,N,N,3,1,0,1,0,0,0,0,0,0,0,1,1,0,1,0,0,2,0,0,0,0,0,0,0,N,0,0,Y,0,0,0,0,0,0,0,0,0,1,0,0,Preliminary,Editor Mapped,588322.4565,2946668.9611,26.6381882963815,-80.1126326549885
