REPORT_NUMBER,CRASH_YEAR,VEHICLE_NUMBER,PERSON_NUMBER,RECOMMENDED_RE_EXAM,DL_STATE,DL_TYPE,DRIVER_DISTRACTION_CODE,CONDITION_AT_TIME_OF_CRASH,REQUIRED_ENDORSEMENTS,VISION_OBSTRUCTED,INSURANCE_COMPANY,CITY,STATE,ZIP_CODE,SEX,HELMET_CODE,RESTRAINT_SYSTEM_CODE,EYE_PROTECTION_CODE,AIR_BAG_DEPLOYMENT_CODE,EJECTED,SUSPECTED_ALCOHOL_USE_CODE,ALCOHOL_TESTED_CODE,ALCOHOL_TEST_TYPE_CODE,ALCOHOL_TEST_RESULTS,BLOOD_ALCOHOL_CONTENT,SUSPECTED_DRUG_USE_CODE,DRUG_TESTED_CODE,DRUG_TEST_TYPE_CODE,DRUG_TEST_RESULTS,INJURY_SEVERITY,EMS_TRANSPORT_TYPE,DRIVER_ACTION_1,DRIVER_ACTION_2,DRIVER_ACTION_3,DRIVER_ACTION_4,S4_AGE_AT_TIME_OF_CRASH,S4_IS_AGGRESSIVE_DRIVING,S4_IS_ALCOHOL_RELATED,S4_IS_DRUG_RELATED,S4_IS_DISTRACTED,S4_IS_SPEEDING_RELATED,S4_IS_AGING_DRIVER,S4_IS_TEENAGER_DRIVER,S4_IS_UNRESTRAINED
24796451,2021,1,1,N,FL,E/Operator,Not Distracted,Apparently Normal,No Required Endorsements,Vision Not Obscured,SECURITY NATIONAL INSUR,WEST PALM BEACH,FL,33407,Male,,Shoulder and Lap Belt Used,,Not Deployed,Not Ejected,N,,,,,N,,,,None,Not Transported,No Contributing Action,,,,21,N,N,N,N,N,N,N,N
24797955,2021,1,1,N,FL,E/Operator,Not Distracted,Apparently Normal,No Required Endorsements,Vision Not Obscured,PROGRESSIVE EXPRESS INS,BELLE GLADE,FL,33430,Male,,Shoulder and Lap Belt Used,,Not Deployed,Not Ejected,N,,,,,N,,,,None,Not Transported,No Contributing Action,,,,35,N,N,N,N,N,N,N,N
24820754,2021,1,1,N,FL,E/Operator,Not Distracted,Apparently Normal,No Required Endorsements,Vision Not Obscured,MERCURY INDEMNITY COMPANY OF AMERIC,SUNRISE,FL,33313,Male,,Shoulder and Lap Belt Used,,Not Deployed,Not Ejected,N,,,,,N,,,,None,Not Transported,Operated MV in Careless or Negligent Manner,,,,66,N,N,N,N,N,Y,N,N
88513187,2021,1,1,N,FL,E/Operator,Not Distracted,Apparently Normal,No Required Endorsements,Vision Not Obscured,STATE FARM,ORLANDO,FL,32819,Male,,Shoulder and Lap Belt Used,,Not Deployed,Not Ejected,N,Test Not Given,,,,N,Test Not Given,,,None,Not Transported,No Contributing Action,,,,61,N,N,N,N,N,N,N,N
89358970,2021,1,1,N,MI,None,Not Distracted,Apparently Normal,No Required Endorsements,Vision Not Obscured,PROGRESSIVE SELECT INSU,WATERFORD,FL,48328,Female,,Shoulder and Lap Belt Used,,Not Deployed,Not Ejected,N,,,,,N,,,,None,Not Transported,No Contributing Action,,,,25,N,N,N,N,N,N,N,N
24466420,2022,1,1,,,,Unknown,Unknown,,,,,,,,,,,,Unknown,,,,,,,,,,,Not Transported,,,,,,N,N,N,,N,N,N,N
24482466,2022,1,1,N,FL,E/Operator,Not Distracted,Apparently Normal,No Required Endorsements,Vision Not Obscured,PROGRESSIVE SELECT INSU,,,33132,Female,,Shoulder and Lap Belt Used,,Not Deployed,Not Ejected,N,,,,,N,,,,None,EMS,No Contributing Action,,,,41,N,N,N,N,N,N,N,N
24826952,2021,1,1,N,FL,E/Operator,Not Distracted,Apparently Normal,No Required Endorsements,Vision Not Obscured,PROGRESSIVE AMERICAN INSURANCE,MIAMI,FL,33157,Male,,Shoulder and Lap Belt Used,,Not Deployed,Not Ejected,N,,,,,N,,,,None,Not Transported,Failed to Yield Right-of-Way,,,,18,N,N,N,N,N,N,Y,N
24851731,2021,1,1,,FL,E/Operator,Not Distracted,Apparently Normal,No,Vision Not Obscured,STATE FARM MUTUAL AUTOMOBILE INSURANCE C,SARASOTA,FL,34239,Male,No Helmet,Shoulder and Lap Belt Used,,Not Deployed,Not Ejected,N,,,,,N,,,,None,Not Transported,Operated MV in Careless or Negligent Manner,,,,38,N,N,N,N,N,N,N,N
24863325,2021,1,1,N,FL,E/Operator,Not Distracted,Apparently Normal,,Vision Not Obscured,PROGRESSIVE,PEMBROKE PINES,FL,33025,Male,,Shoulder and Lap Belt Used,,Not Deployed,Not Ejected,N,,,,,N,,,,None,Not Transported,No Contributing Action,,,,56,N,N,N,N,N,N,N,N
83983880,2021,1,1,N,FL,E/Operator,Not Distracted,Apparently Normal,No Required Endorsements,Vision Not Obscured,UNITED SERVICES AUTOMOB,NEPTUNE BEACH,FL,32266,Female,,Shoulder and Lap Belt Used,,Not Applicable,Not Ejected,N,,,,,N,,,,None,Not Transported,No Contributing Action,,,,29,N,N,N,N,N,N,N,N
84440138,2021,1,1,N,FL,E/Operator,Not Distracted,Apparently Normal,No Required Endorsements,Vision Not Obscured,GEICO GENERAL INSURANCE,HUDSON,FL,34667,Male,,Shoulder and Lap Belt Used,,Not Deployed,Not Ejected,N,,,,,N,,,,None,Not Transported,No Contributing Action,,,,24,N,N,N,N,N,N,N,N
84961081,2021,1,1,N,FL,E/Operator,Inattentive,Apparently Normal,No Required Endorsements,Vision Not Obscured,GEICO INDEMNITY COMPANY,MIAMI GARDENS,FL,33056,Female,No Helmet,Not Applicable (non-motorist),,Not Deployed,Not Ejected,N,,,,,N,,,,None,Not Transported,Ran Stop Sign,,,,58,N,N,N,Y,N,N,N,N
84961096,2021,1,1,N,FL,E/Operator,Inattentive,Apparently Normal,No Required Endorsements,Vision Not Obscured,GEICO INDEMNITY COMPANY,MIAMI GARDENS,FL,33056,Female,No Helmet,Not Applicable (non-motorist),,Not Deployed,Not Ejected,N,,,,,N,,,,None,Not Transported,Ran Stop Sign,,,,58,N,N,N,Y,N,N,N,N
84963433,2021,1,1,N,FL,E/Operator,Not Distracted,Apparently Normal,,Vision Not Obscured,PROGRESSIVE,HAINES CITY,FL,33844,Female,,Shoulder and Lap Belt Used,,Not Deployed,Not Ejected,N,Test Not Given,,,,N,Test Not Given,,,None,Not Transported,Failed to Yield Right-of-Way,,,,53,N,N,N,N,N,N,N,N
85027069,2021,1,1,N,FL,E/Operator,Not Distracted,Apparently Normal,Yes,Vision Not Obscured,PROGRESSIVE,BRADENTON,FL,34209,Male,DOT-Compliant Motorcycle Helmet,Other,Y,Not Applicable,Not Applicable,N,,,,,N,,,,Non-Incapacitating,EMS,No Contributing Action,,,,33,N,N,N,N,N,N,N,N
85075568,2021,1,1,N,FL,E/Operator,Not Distracted,Apparently Normal,No Required Endorsements,Trees/Crops/Bushes,INTEGON NATIONAL INSURA,JACKSONVILLE,FL,32246,Male,,Shoulder and Lap Belt Used,,Not Deployed,Not Ejected,N,,,,,N,,,,None,Not Transported,Operated MV in Careless or Negligent Manner,,,,65,N,N,N,N,N,Y,N,N
85101667,2021,1,2,,FL,E/Operator,Not Distracted,Apparently Normal,Yes,Vision Not Obscured,STATE FARM MUTUAL AUTOMOBILE INSURANCE C,EDGEWATER,FL,32141,Male,,Shoulder and Lap Belt Used,,Not Deployed,Not Ejected,N,,,,,Y,Test Not Given,,,None,Not Transported,No Contributing Action,,,,74,N,N,Y,N,N,Y,N,N
85948479,2021,1,1,N,FL,E/Operator,Not Distracted,Apparently Normal,No Required Endorsements,Inclement Weather,STATE FARM MUTUAL AUTOM,JUPITER,FL,33458,Male,,Shoulder and Lap Belt Used,,Not Applicable,Not Ejected,N,,,,,N,,,,None,Not Transported,Failed to Yield Right-of-Way,,,,20,N,N,N,N,N,N,N,N
87491998,2021,1,1,N,FL,E/Operator,Inattentive,Unknown,,Vision Not Obscured,GEICO,BIG PINE KEY,FL,33043,Male,,Shoulder and Lap Belt Used,,Not Deployed,Not Ejected,,Test Not Given,,,,,Test Not Given,,,None,Not Transported,Operated MV in Careless or Negligent Manner,Improper Passing,Failed to Yield Right-of-Way,,53,Y,N,N,Y,N,N,N,N
88313526,2021,1,1,N,FL,E/Operator,Inattentive,Apparently Normal,No Required Endorsements,Vision Not Obscured,GEICO,KEY WEST,FL,33040,Female,,Shoulder and Lap Belt Used,,Not Deployed,Not Ejected,N,Test Not Given,,,,N,Test Not Given,,,None,Not Transported,Failed to Yield Right-of-Way,,,,33,N,N,N,Y,N,N,N,N
88348687,2021,1,1,N,FL,E/Operator,Not Distracted,Apparently Normal,No,Vision Not Obscured,PROGRESSIVE AMERICAN INSURANCE COMPANY,STUART,FL,34997,Female,,Shoulder and Lap Belt Used,,Not Deployed,Not Ejected,N,Test Not Given,,,,N,Test Not Given,,,None,Not Transported,No Contributing Action,,,,19,N,N,N,N,N,N,Y,N
88398019,2021,1,1,N,FL,E/Operator,Not Distracted,Apparently Normal,No Required Endorsements,Vision Not Obscured,STATE FARM,N FT MYERS,FL,33903,Male,,Shoulder and Lap Belt Used,,Not Deployed,Not Ejected,N,Test Not Given,,,,N,Test Not Given,,,None,Not Transported,No Contributing Action,,,,24,N,N,N,N,N,N,N,N
88436680,2021,1,2,N,KY,E/Operator,Not Distracted,Apparently Normal,No,Vision Not Obscured,EXEMPT,ST PETERSBURG,FL,33714,Male,DOT-Compliant Motorcycle Helmet,,Y,,,N,Test Not Given,,,,N,Test Not Given,,,Non-Incapacitating,EMS,No Contributing Action,,,,24,N,N,N,N,N,N,N,N
88439848,2021,1,1,N,FL,A,Not Distracted,Apparently Normal,No Required Endorsements,Vision Not Obscured,GEICO,CLERMONT,FL,34711,Male,,Shoulder and Lap Belt Used,,Not Deployed,Not Ejected,N,Test Not Given,,,,N,Test Not Given,,,None,Not Transported,Improper Passing,,,,54,N,N,N,N,N,N,N,N
88440814,2021,1,2,N,FL,E/Operator,Not Distracted,Apparently Normal,No Required Endorsements,Vision Not Obscured,PROGRESSIVE INSURANCE COMPANY,PENSACOLA,FL,32505,Female,,Shoulder and Lap Belt Used,,Not Deployed,Not Ejected,N,Test Not Given,,,,N,Test Not Given,,,None,Not Transported,No Contributing Action,,,,41,N,N,N,N,N,N,N,N
88447500,2021,1,1,N,FL,E/Operator,Not Distracted,Apparently Normal,No Required Endorsements,Vision Not Obscured,STATE FARM MUTUAL AUTOMOBILE INSURANCE CO,NORTH PORT,FL,34287,Female,,Shoulder and Lap Belt Used,,Not Deployed,Not Ejected,N,Test Not Given,,,,N,Test Not Given,,,None,Not Transported,No Contributing Action,,,,77,N,N,N,N,N,Y,N,N
88455778,2021,1,1,N,FL,E/Operator,Not Distracted,Apparently Normal,No Required Endorsements,Vision Not Obscured,PEAK PROPERTY INS,PENSACOLA,FL,32501,Male,,Shoulder and Lap Belt Used,,Not Deployed,Not Ejected,N,Test Not Given,,,,N,Test Not Given,,,None,Not Transported,Other Contributing Action,,,,46,N,N,N,N,N,N,N,N
88462649,2021,1,1,N,FL,E/Operator,Not Distracted,Apparently Normal,No Required Endorsements,Vision Not Obscured,ASSURANCEAMERICA,PENSACOLA,FL,32534,Male,,Shoulder and Lap Belt Used,,Not Deployed,Not Ejected,N,Test Not Given,,,,N,Test Not Given,,,None,Not Transported,No Contributing Action,,,,32,N,N,N,N,N,N,N,N
88495267,2021,1,1,N,FL,E/Operator,Not Distracted,Apparently Normal,No Required Endorsements,Vision Not Obscured,PROGRESSIVE AMERICAN INSURANCE CO,BRADENTON,FL,34203,Male,,Shoulder and Lap Belt Used,,Not Deployed,Not Ejected,N,Test Not Given,,,,N,Test Not Given,,,None,Not Transported,No Contributing Action,,,,20,N,N,N,N,N,N,N,N
88503206,2021,1,1,N,FL,E/Operator,Not Distracted,Apparently Normal,No Required Endorsements,Vision Not Obscured,PROGRESSIVE INSURANCE,PENSACOLA,FL,32505,Male,,Shoulder and Lap Belt Used,,Not Deployed,Not Ejected,N,Test Not Given,,,,N,Test Not Given,,,None,Not Transported,No Contributing Action,,,,69,N,N,N,N,N,Y,N,N
88510970,2021,1,1,N,FL,E/Operator,Not Distracted,Apparently Normal,No Required Endorsements,Vision Not Obscured,ALLSTATE FIRE AND CASUALTY INSURANCE,KISSIMMEE,FL,34746,Male,,Shoulder and Lap Belt Used,,Not Deployed,Not Ejected,N,Test Not Given,,,,N,Test Not Given,,,None,Not Transported,No Contributing Action,,,,42,N,N,N,N,N,N,N,N
88535607,2021,1,1,N,FL,B,Not Distracted,Apparently Normal,Yes,Trees/Crops/Bushes,DEPOSITORS INSURANCE COMPANY,MERRITT ISLAND,FL,32952,Male,,Shoulder and Lap Belt Used,,Not Deployed,Not Ejected,N,Test Not Given,,,,N,Test Not Given,,,None,Not Transported,Failed to Yield Right-of-Way,,,,46,N,N,N,N,N,N,N,N
88549542,2021,1,1,N,FL,E/Operator,Inattentive,Apparently Normal,No Required Endorsements,Vision Not Obscured,GEICO INS,ST PETERSBURG,FL,33714,Male,,Shoulder and Lap Belt Used,,Not Applicable,Not Ejected,N,Test Not Given,,,,N,Test Not Given,,,None,Not Transported,Operated MV in Careless or Negligent Manner,,,,65,N,N,N,Y,N,Y,N,N
88554277,2021,1,1,N,FL,E/Operator,Not Distracted,Apparently Normal,No Required Endorsements,Vision Not Obscured,DIRECT GENERAL INSURANCE COMPANY,ORLANDO,FL,32818,Male,,Shoulder and Lap Belt Used,,Not Deployed,Not Ejected,N,Test Not Given,,,,N,Test Not Given,,,None,Not Transported,Failed to Yield Right-of-Way,,,,48,N,N,N,N,N,N,N,N
88556915,2021,1,1,N,TX,C,Not Distracted,Apparently Normal,No Required Endorsements,Vision Not Obscured,ALLSTATE INS COMP,NEW BRAUNFELS,TX,78130,Male,,Shoulder and Lap Belt Used,,Not Applicable,Not Ejected,N,Test Not Given,,,,N,Test Not Given,,,None,Not Transported,Improper Turn,,,,27,N,N,N,N,N,N,N,N
88558232,2021,1,1,N,FL,E/Operator,Not Distracted,Apparently Normal,No Required Endorsements,Vision Not Obscured,GEICO,LEIGH ACRES,FL,33936,Female,,Shoulder and Lap Belt Used,,Not Deployed,Not Ejected,N,Test Not Given,,,,N,Test Not Given,,,None,Not Transported,Ran Red Light,,,,54,N,N,N,N,N,N,N,N
88568020,2021,1,1,N,FL,E/Operator,Not Distracted,Apparently Normal,No Required Endorsements,Vision Not Obscured,ALLSTATE,ORLANDO,FL,32809,Female,,Shoulder and Lap Belt Used,,Not Deployed,Not Ejected,N,Test Not Given,,,,N,Test Not Given,,,None,Not Transported,Ran Stop Sign,,,,52,N,N,N,N,N,N,N,N
88578281,2021,1,1,N,FL,A,Unknown,Apparently Normal,No Required Endorsements,Vision Not Obscured,GRANADA INSURANCE COMPANY,NAPLES,FL,34117,Male,,Shoulder and Lap Belt Used,,Not Deployed,Not Ejected,N,Test Not Given,,,,N,Test Not Given,,,None,Not Transported,Failed to Keep in Proper Lane,,,,40,N,N,N,,N,N,N,N
88581212,2021,1,1,N,FL,E/Operator,Not Distracted,Apparently Normal,No Required Endorsements,Vision Not Obscured,PROGRESSIVE,TAMPA,FL,33619,Female,,Shoulder and Lap Belt Used,,Not Deployed,Not Ejected,N,Test Not Given,,,,N,Test Not Given,,,None,Not Transported,Failed to Keep in Proper Lane,,,,25,N,N,N,N,N,N,N,N
88583767,2021,1,1,N,FL,E/Operator,Not Distracted,Apparently Normal,No Required Endorsements,Vision Not Obscured,ALLSTATE,NORTH FORT MYERS,FL,33903,Male,,Shoulder and Lap Belt Used,,Not Deployed,Not Ejected,N,Test Not Given,,,,N,Test Not Given,,,None,Not Transported,Failed to Yield Right-of-Way,,,,58,N,N,N,N,N,N,N,N
88963154,2021,1,1,N,FL,E/Operator,Inattentive,Apparently Normal,No Required Endorsements,Vision Not Obscured,INFINITY INDEMNITY INSU,LONGWOOD,FL,32750,Male,,Shoulder and Lap Belt Used,,Not Applicable,Not Ejected,N,,,,,N,,,,None,Not Transported,Operated MV in Careless or Negligent Manner,,,,77,N,N,N,Y,N,Y,N,N
89195515,2021,1,1,N,FL,E/Operator,Not Distracted,Apparently Normal,No Required Endorsements,Trees/Crops/Bushes,GEICO,WESTON,FL,33326,Male,,Shoulder and Lap Belt Used,,Not Deployed,Not Ejected,N,,,,,N,,,,None,Not Transported,No Contributing Action,,,,42,N,N,N,N,N,N,N,N
89195592,2021,1,1,N,FL,E/Operator,Not Distracted,Apparently Normal,No Required Endorsements,Vision Not Obscured,PEAK PROPERTY AND CASUA,CORAL SPRINGS,FL,33076,Male,,Shoulder and Lap Belt Used,,Not Deployed,Not Ejected,N,,,,,N,,,,None,Not Transported,No Contributing Action,,,,44,N,N,N,N,N,N,N,N
89321052,2021,1,1,N,FL,E/Operator,Not Distracted,Unknown,,Vision Not Obscured,INFINITY AUTO INSURANCE COMPANY,CORAL SPRINGS,FL,33065,Female,,Shoulder and Lap Belt Used,,Not Applicable,Not Ejected,N,,,,,N,,,,None,Not Transported,Failed to Yield Right-of-Way,,,,36,N,N,N,N,N,N,N,N
89349688,2021,1,1,N,FL,E/Operator,Not Distracted,Apparently Normal,No Required Endorsements,Vision Not Obscured,GIECO,BAY HARBOR ISLANDS,FL,33154,Female,,Shoulder and Lap Belt Used,,Not Deployed,Not Ejected,N,,,,,N,,,,None,Not Transported,No Contributing Action,,,,32,N,N,N,N,N,N,N,N
89349733,2021,1,1,Y,OT,E/Operator,Unknown,Unknown,No Required Endorsements,Trees/Crops/Bushes,UNK,UNK,FL,00000000,Female,,Other,,Not Deployed,Not Ejected,N,,,,,N,,,,None,Not Transported,Ran Stop Sign,Operated MV in Careless or Negligent Manner,No Contributing Action,No Contributing Action,,N,N,N,,N,N,N,N
89359077,2021,1,1,N,FL,E/Operator,Not Distracted,Apparently Normal,No Required Endorsements,Vision Not Obscured,STATE FARM MUTUAL AUTOM,DUNEDIN,FL,34698,Male,,Shoulder and Lap Belt Used,,Not Deployed,Not Ejected,N,,,,,N,,,,None,Not Transported,No Contributing Action,,,,43,N,N,N,N,N,N,N,N
89360770,2021,1,1,N,FL,E/Operator,Not Distracted,Apparently Normal,No Required Endorsements,Parked/Stopped Vehicle,PROGRESSIVE AMERICAN IN,SEMINOLE,FL,33772,Female,,Shoulder and Lap Belt Used,,Not Deployed,Not Ejected,N,,,,,N,,,,None,Not Transported,Operated MV in Careless or Negligent Manner,,,,16,N,N,N,N,N,N,Y,N
89390096,2021,1,1,N,FL,E/Operator,Not Distracted,Apparently Normal,No Required Endorsements,Vision Not Obscured,UK,BRADENTON,FL,34203,Male,,Shoulder and Lap Belt Used,,Not Deployed,Not Ejected,N,,,,,N,,,,None,Not Transported,No Contributing Action,,,,17,N,N,N,N,N,N,Y,N
89396245,2021,1,1,N,FL,E/Operator,Not Distracted,Apparently Normal,No Required Endorsements,Vision Not Obscured,GARRISON PROPERTY AND C,MIAMI,FL,33156,Male,,Shoulder and Lap Belt Used,,Not Deployed,Not Ejected,N,,,,,N,,,,None,Not Transported,Failed to Yield Right-of-Way,,,,30,N,N,N,N,N,N,N,N
89417907,2021,1,1,N,FL,E/Operator,Not Distracted,Apparently Normal,,Building/Fixed Object,GEICO,PEMBROKE PINES,FL,33024,Male,,Shoulder and Lap Belt Used,,Not Deployed,Not Ejected,N,,,,,N,,,,None,Not Transported,Failed to Yield Right-of-Way,,,,56,N,N,N,N,N,N,N,N
89461883,2021,1,1,N,FL,E/Operator,Not Distracted,Apparently Normal,No,Building/Fixed Object,SELF INSURED,ST AUGUSTINE,FL,32095,Male,,Shoulder and Lap Belt Used,,Not Deployed,Not Ejected,N,Test Not Given,,,,N,Test Not Given,,,None,Not Transported,Failed to Yield Right-of-Way,,,,40,N,N,N,N,N,N,N,N
89551071,2021,1,1,,FL,E/Operator,Unknown,Unknown,No,Vision Not Obscured,INFINITI INDEMNITY INSURANCE COMPANY,MIAMI,FL,33130,Male,,Shoulder and Lap Belt Used,,Not Deployed,Not Ejected,,,,,,,,,,None,Not Transported,No Contributing Action,,,,19,N,N,N,,N,N,Y,N
89551381,2021,1,1,,OT,None,Unknown,Unknown,No Required Endorsements,All Other,UK,UK,OT,UK,Unknown,,Other,,Deployment Unknown,Unknown,N,,,,,N,,,,Possible,Not Transported,Other Contributing Action,,,,,N,N,N,,N,N,N,N
89554757,2021,1,1,,OT,None,Unknown,Apparently Normal,No Required Endorsements,All Other,UK,UK,OT,UK,Unknown,,Shoulder and Lap Belt Used,,Deployment Unknown,Not Ejected,,,,,,,,,,None,Not Transported,Other Contributing Action,,,,,N,N,N,,N,N,N,N
89560400,2021,1,1,N,FL,E/Operator,Not Distracted,Apparently Normal,No Required Endorsements,Vision Not Obscured,GEICO,CLERMONT,FL,34711,Male,,Shoulder and Lap Belt Used,,Not Deployed,Not Ejected,N,,,,,N,,,,None,Not Transported,No Contributing Action,,,,18,N,N,N,N,N,N,Y,N
89565231,2021,1,1,N,FL,E/Operator,Not Distracted,Apparently Normal,No Required Endorsements,Vision Not Obscured,LIBERTY MUTUAL,ORLANDO,FL,32824,Male,,Shoulder and Lap Belt Used,,Not Deployed,Not Ejected,N,Test Not Given,,,,N,Test Not Given,,,None,Not Transported,Failed to Yield Right-of-Way,,,,29,N,N,N,N,N,N,N,N
89565246,2021,1,2,N,FL,E/Operator,Not Distracted,Apparently Normal,No Required Endorsements,Vision Not Obscured,GEICO,KISSIMMEE,FL,34759,Female,,Shoulder and Lap Belt Used,,Not Deployed,Not Ejected,N,Test Not Given,,,,N,Test Not Given,,,None,Not Transported,No Contributing Action,,,,19,N,N,N,N,N,N,Y,N
89565246,2021,2,4,N,FL,E/Operator,Not Distracted,Apparently Normal,No Required Endorsements,Vision Not Obscured,GEICO,ORLANDO,FL,32807,Female,,Shoulder and Lap Belt Used,,Not Deployed,Not Ejected,N,Test Not Given,,,,N,Test Not Given,,,None,Not Transported,No Contributing Action,,,,52,N,N,N,N,N,N,N,N
89572235,2021,1,1,N,FL,E/Operator,Not Distracted,Apparently Normal,No Required Endorsements,Vision Not Obscured,UNITED AUTOMOBILE INSURANCE COMPANY,ORLANDO,FL,32839,Female,,Shoulder and Lap Belt Used,,Not Deployed,Not Ejected,N,Test Not Given,,,,N,Test Not Given,,,None,Not Transported,No Contributing Action,,,,44,N,N,N,N,N,N,N,N
89766496,2021,1,1,N,FL,E/Operator,Not Distracted,Apparently Normal,No Required Endorsements,Vision Not Obscured,STATE FARM,MIDDLEBURG,FL,32068,Female,,Shoulder and Lap Belt Used,,Not Deployed,Not Ejected,N,,,,,N,,,,None,Not Transported,No Contributing Action,,,,20,N,N,N,N,N,N,N,N
89801049,2021,1,1,N,FL,E/Operator,Not Distracted,Apparently Normal,No Required Endorsements,Vision Not Obscured,PROGRESSIVE AMERICAN IN,PEMBROKE PINES,FL,33024,Male,,Shoulder and Lap Belt Used,,Not Applicable,Not Ejected,N,,,,,N,,,,None,Not Transported,No Contributing Action,,,,47,N,N,N,N,N,N,N,N
89832565,2021,1,1,N,FL,E/Operator,Not Distracted,Apparently Normal,No Required Endorsements,Trees/Crops/Bushes,PROGRESSIVE EXPRESS INS,PORT ST LUCIE,FL,34953,Female,,Shoulder and Lap Belt Used,,Not Applicable,Not Ejected,N,,,,,N,,,,None,Not Transported,No Contributing Action,,,,25,N,N,N,N,N,N,N,N
89856813,2021,1,1,N,FL,E/Operator,Not Distracted,Apparently Normal,No Required Endorsements,Vision Not Obscured,STATE FARM MUTUAL AUTOM,LONGWOOD,FL,32779,Male,,Shoulder and Lap Belt Used,,Not Applicable,Not Ejected,N,,,,,N,,,,None,Not Transported,Other Contributing Action,,,,17,N,N,N,N,N,N,Y,N
89914677,2021,1,1,,,,Unknown,Unknown,,,UNKNOWN,,,,,,,,,Unknown,,,,,,,,,,,Not Transported,,,,,,N,N,N,,N,N,N,N
89922858,2021,1,1,N,FL,E/Operator,Not Distracted,Apparently Normal,No Required Endorsements,Vision Not Obscured,GEICO,MIAMI,FL,33155,Male,No Helmet,Shoulder and Lap Belt Used,,Not Deployed,Not Ejected,N,,,,,N,,,,None,Not Transported,Failed to Yield Right-of-Way,,,,22,N,N,N,N,N,N,N,N
89950637,2021,1,1,N,FL,E/Operator,Not Distracted,Apparently Normal,Yes,Vision Not Obscured,AMICA MUTUAL INSURANCE,LONGBOAT KEY,FL,34228,Female,,Shoulder and Lap Belt Used,,Not Deployed,Not Ejected,N,,,,,N,,,,None,Not Transported,Improper Passing,,,,83,N,N,N,N,N,Y,N,N
89966714,2021,1,1,N,PA,None,Not Distracted,Apparently Normal,No Required Endorsements,Vision Not Obscured,PROGRESSIVE,TAMPA,FL,33602,Male,,Shoulder and Lap Belt Used,,Deployed - Combination,Not Ejected,N,,,,,N,,,,None,Not Transported,No Contributing Action,,,,24,N,N,N,N,N,N,N,N
89966714,2021,2,2,N,FL,E/Operator,Not Distracted,Apparently Normal,No,Vision Not Obscured,GOVERNMENT,TAMPA,FL,33602,Female,,Shoulder and Lap Belt Used,,Deployed - Combination,Not Ejected,N,,,,,N,,,,Possible,Not Transported,No Contributing Action,,,,75,N,N,N,N,N,Y,N,N
89995980,2021,1,1,N,FL,E/Operator,Not Distracted,Apparently Normal,No Required Endorsements,Vision Not Obscured,INFINITY AUTO INSURANCE COMPANY,NORTH MIAMI BEACH,FL,33160,Male,,Shoulder and Lap Belt Used,,Not Deployed,Not Ejected,N,,,,,N,,,,None,Not Transported,Other Contributing Action,Other Contributing Action,,,46,N,N,N,N,N,N,N,N
90106678,2021,1,1,N,UK,None,Not Distracted,Unknown,No Required Endorsements,Vision Not Obscured,UNITED AUTOMOBILE INSUR,UNK,UK,33461,Male,,Shoulder and Lap Belt Used,,Not Deployed,Not Ejected,,Test Not Given,Other,Unknown,,,Test Not Given,,,None,Not Transported,Ran Stop Sign,,,,6,N,N,N,N,N,N,N,N
90129043,2021,1,1,N,FL,E/Operator,Not Distracted,Apparently Normal,No Required Endorsements,Parked/Stopped Vehicle,PROGRESSIVE SELECT INSU,MIAMI,FL,33127,Male,,Shoulder and Lap Belt Used,,Not Applicable,Not Ejected,N,,,,,N,,,,None,Not Transported,Failed to Yield Right-of-Way,,,,45,N,N,N,N,N,N,N,N
24125969,2022,1,1,N,FL,E/Operator,Not Distracted,Apparently Normal,No Required Endorsements,Vision Not Obscured,GEICO GENERAL INSURANCE,,,32803,Female,,Shoulder and Lap Belt Used,,Not Deployed,Not Ejected,N,,,,,N,,,,None,Not Transported,No Contributing Action,,,,49,N,N,N,N,N,N,N,N
24182287,2022,1,1,N,FL,A,Not Distracted,Apparently Normal,No Required Endorsements,Vision Not Obscured,INFINITY AUTO INSURANCE,,,33009,Male,No Helmet,Shoulder and Lap Belt Used,,Not Deployed,Not Ejected,N,,,,,N,,,,None,Not Transported,No Contributing Action,,,,41,N,N,N,N,N,N,N,N
24224961,2022,1,1,,FL,E/Operator,Not Distracted,Apparently Normal,No Required Endorsements,Vision Not Obscured,GEICO CASUALTY COMPANY,,,33139,Male,No Helmet,Shoulder and Lap Belt Used,,Not Deployed,Not Ejected,N,,,,,N,,,,None,Not Transported,Operated MV in Careless or Negligent Manner,,,,57,N,N,N,N,N,N,N,N
24225872,2022,1,1,,FL,E/Operator,Not Distracted,Apparently Normal,No Required Endorsements,Vision Not Obscured,INFINITY AUTO INSURANCE COMPANY,,,33054,Male,No Helmet,Shoulder and Lap Belt Used,,Not Deployed,Not Ejected,N,,,,,N,,,,None,Not Transported,No Contributing Action,,,,62,N,N,N,N,N,N,N,N
24226171,2022,2,2,,FL,E/Operator - Restricted,Not Distracted,Apparently Normal,Yes,Vision Not Obscured,STATE FARM MUTUAL AUTOMOBILE INSURANCE C,,,33139,Male,,Shoulder and Lap Belt Used,,Not Deployed,Not Ejected,N,,,,,N,,,,None,Not Transported,No Contributing Action,No Contributing Action,,,52,N,N,N,N,N,N,N,N
24226315,2022,1,1,,FL,E/Operator,Not Distracted,Apparently Normal,No Required Endorsements,Vision Not Obscured,GEICO CASUALTY COMPANY,,,33147,Male,,Shoulder and Lap Belt Used,,Not Deployed,Not Ejected,N,,,,,N,,,,None,Not Transported,Failed to Yield Right-of-Way,,,,59,N,N,N,N,N,N,N,N
24227151,2022,1,1,,FL,E/Operator,Not Distracted,Apparently Normal,No Required Endorsements,Vision Not Obscured,PROGRESSIVE SELECT INSURANCE COMPANY,,,33139,Male,No Helmet,Shoulder and Lap Belt Used,,Not Deployed,Not Ejected,N,,,,,N,,,,None,Not Transported,No Contributing Action,,,,43,N,N,N,N,N,N,N,N
24227318,2022,1,1,,NY,E/Operator,Not Distracted,Apparently Normal,No Required Endorsements,Vision Not Obscured,GEICO CASUALTY COMPANY,,,11237,Female,,Shoulder and Lap Belt Used,,Not Deployed,Not Ejected,N,,,,,N,,,,None,Not Transported,Failed to Yield Right-of-Way,,,,43,N,N,N,N,N,N,N,N
24228051,2022,1,1,,FL,E/Operator,Not Distracted,Apparently Normal,No Required Endorsements,Vision Not Obscured,STATE FARM MUTUAL AUTOMOBILE INSURANCE C,,,33127,Male,No Helmet,Shoulder and Lap Belt Used,,Not Applicable,Not Ejected,N,,,,,N,,,,None,Not Transported,Other Contributing Action,,,,46,N,N,N,N,N,N,N,N
24228095,2022,1,1,,GA,E/Operator,Not Distracted,Apparently Normal,No Required Endorsements,Vision Not Obscured,GEORGIA AUTOMOBILE INS,,,31324,Male,,Shoulder and Lap Belt Used,,Not Deployed,Not Ejected,N,,,,,N,,,,None,Not Transported,No Contributing Action,,,,63,N,N,N,N,N,N,N,N
24311768,2022,1,1,N,FL,A,Not Distracted,Apparently Normal,No Required Endorsements,Vision Not Obscured,INFINITY AUTO INSURANCE COMPANY,,,33183,Male,,Shoulder and Lap Belt Used,,Not Deployed,Not Ejected,N,,,,,N,,,,None,Not Transported,Operated MV in Careless or Negligent Manner,,,,55,N,N,N,N,N,N,N,N
24346732,2022,1,1,,FL,E/Operator,Not Distracted,Apparently Normal,No Required Endorsements,Parked/Stopped Vehicle,ALLSTATE FIRE AND CASUALTY INSURANCE COM,,,34237,Female,No Helmet,Shoulder and Lap Belt Used,,Not Deployed,Not Ejected,N,,,,,N,,,,None,Not Transported,No Contributing Action,,,,19,N,N,N,N,N,N,Y,N
24346922,2022,2,2,,FL,E/Operator,Not Distracted,Apparently Normal,No Required Endorsements,Vision Not Obscured,STATE FARM MUTUAL AUTOMOBILE INSURANCE C,,,34243,Female,No Helmet,Shoulder and Lap Belt Used,,Not Deployed,Not Ejected,N,,,,,N,,,,None,Not Transported,No Contributing Action,,,,33,N,N,N,N,N,N,N,N
24347153,2022,1,1,,FL,E/Operator,Not Distracted,Apparently Normal,No,Vision Not Obscured,AIG PROPERTY CASUALTY COMPANY,,,34236,Male,,Shoulder and Lap Belt Used,,Not Deployed,Not Ejected,N,,,,,N,,,,None,Not Transported,No Contributing Action,,,,65,N,N,N,N,N,Y,N,N
24392253,2022,1,1,,FL,E/Operator,Not Distracted,Apparently Normal,No Required Endorsements,Vision Not Obscured,UNITED AUTOMOBILE INSURANCE COMPANY,,,33155,Female,No Helmet,Shoulder and Lap Belt Used,,Not Deployed,Not Ejected,N,,,,,N,,,,None,Not Transported,Operated MV in Careless or Negligent Manner,,,,48,N,N,N,N,N,N,N,N
24397161,2022,1,2,,,E/Operator,Unknown,Unknown,No,All Other,,,,,Unknown,,Shoulder and Lap Belt Used,,Deployment Unknown,Not Ejected,N,,,,,N,,,,None,Not Transported,Operated MV in Careless or Negligent Manner,,,,,N,N,N,,N,N,N,N
24413317,2022,1,1,N,AL,D/Chauffeur,Unknown,Apparently Normal,,Vision Not Obscured,ALFA INSURANCE,,,36784,Male,,Shoulder and Lap Belt Used,,Not Deployed,Not Ejected,N,Test Not Given,,,,N,Test Not Given,,,None,Not Transported,Failed to Yield Right-of-Way,,,,59,N,N,N,,N,N,N,N
24446935,2022,1,1,N,FL,E/Operator,Not Distracted,Apparently Normal,No,Vision Not Obscured,GEICO,,,33013,Female,,Shoulder and Lap Belt Used,,Not Deployed,Not Ejected,N,,,,,N,,,,None,Not Transported,Other Contributing Action,Other Contributing Action,,,19,N,N,N,N,N,N,Y,N
24453342,2022,1,1,N,FL,E/Operator,Not Distracted,Apparently Normal,No Required Endorsements,Vision Not Obscured,THE STANDARD FIRE INSURANCE COMPANY,,,33309,Female,No Helmet,Shoulder and Lap Belt Used,,Not Deployed,Not Ejected,N,,,,,N,,,,None,Not Transported,No Contributing Action,,,,38,N,N,N,N,N,N,N,N
24466606,2022,1,1,N,FL,E/Operator,Not Distracted,Apparently Normal,No Required Endorsements,Vision Not Obscured,PROGRESSIVE SELECT INSURANCE COMPAN,,,32807,Male,,Shoulder and Lap Belt Used,,Not Deployed,Not Ejected,N,,,,,N,,,,None,Not Transported,Other Contributing Action,,,,26,N,N,N,N,N,N,N,N
24467009,2022,1,1,N,FL,D/Chauffeur,Not Distracted,Apparently Normal,No Required Endorsements,Vision Not Obscured,SELF INSURED,,,33020,Male,,Shoulder and Lap Belt Used,,Not Deployed,Not Ejected,N,,,,,N,,,,None,Not Transported,No Contributing Action,,,,68,N,N,N,N,N,Y,N,N
24467114,2022,1,1,N,FL,E/Operator,Not Distracted,Apparently Normal,No Required Endorsements,Vision Not Obscured,GEICO GENERAL INSURANCE COMPANY,,,33021,Male,,Shoulder and Lap Belt Used,,Not Deployed,Not Ejected,N,,,,,N,,,,None,Not Transported,Failed to Yield Right-of-Way,,,,79,N,N,N,N,N,Y,N,N
24469517,2022,1,2,N,NY,E/Operator,Not Distracted,Apparently Normal,No Required Endorsements,Vision Not Obscured,GEICO GENERAL INSURANCE COMPANY,,,14612,Male,,Shoulder and Lap Belt Used,,Not Deployed,Not Ejected,N,,,,,N,,,,None,Not Transported,No Contributing Action,,,,25,N,N,N,N,N,N,N,N
