REPORT_NUMBER,CRASH_YEAR,PERSON_NUMBER,LOCATION_AT_TIME_OF_CRASH_CODE,ACTION_PRIOR_TO_CRASH_CODE,NON_MOTORIST_DESCRIPTION_CODE,CITY,STATE,ZIP_CODE,SEX,SUSPECTED_ALCOHOL_USE_CODE,ALCOHOL_TESTED_CODE,ALCOHOL_TEST_TYPE_CODE,ALCOHOL_TEST_RESULT,BLOOD_ALCOHOL_CONTENT,SUSPECTED_DRUG_USE_CODE,DRUG_TESTED_CODE,DRUG_TEST_TYPE_CODE,DRUG_TEST_RESULT,INJURY_SEVERITY,EMS_TRANSPORT_TYPE,NON_MOTORIST_ACTIONS_CIRCUMSTANCES_1,NON_MOTORIST_ACTIONS_CIRCUMSTANCES_2,SAFETY_EQUIPMENT_CODE_1,SAFETY_EQUIPMENT_CODE_2,S4_AGE_AT_TIME_OF_CRASH,S4_IS_ALCOHOL_RELATED,S4_IS_DRUG_RELATED,S4_IS_AGING,S4_IS_TEENAGER
24796451,2021,3,Sidewalk,Crossing Roadway,Other Cyclist,WEST PALM BEACH,FL,33417,Female,N,,,,,N,,,,Incapacitating,EMS,Wrong-Way Riding or Walking,,Helmet,,56,N,N,N,N
24797955,2021,3,Shoulder/Roadside,Waiting to Cross Roadway,Other Cyclist,PAHOKEE,FL,33476,Female,N,,,,,N,,,,Non-Incapacitating,EMS,No Improper Action,,None,,13,N,N,N,N
24820754,2021,2,Intersection - Other,Walking/Cycling on Sidewalk,Other Cyclist,SUNRISE,FL,33322,,N,,,,,N,,,,Non-Incapacitating,EMS,No Improper Action,,None,,,N,N,N,N
24482466,2022,2,Intersection - Unmarked Crosswalk,Crossing Roadway,Other Cyclist,,,33181,Male,N,,,,,N,,,,Possible,EMS,"Failure to Obey Traffic Signs, Signals, or Officer",Failure to Yield Right-of-Way,None,,19,N,N,N,Y
24826952,2021,2,Intersection - Other,Other,Other Cyclist,MIAMI,FL,33147,Male,N,,,,,N,,,,Non-Incapacitating,Not Transported,No Improper Action,,None,,33,N,N,N,N
24851731,2021,2,Bicycle Lane,Crossing Roadway,Other Cyclist,SARASOTA,,34231,Male,N,,,,,N,,,,Non-Incapacitating,Not Transported,No Improper Action,,Helmet,,67,N,N,Y,N
88558232,2021,2,Intersection - Marked Crosswalk,Crossing Roadway,Other Cyclist,LEHIGH ACRES,FL,33936,Female,N,Test Not Given,,,,N,Test Not Given,,,Non-Incapacitating,EMS,No Improper Action,,Lighting,,57,N,N,N,N
88558232,2021,3,Intersection - Marked Crosswalk,Crossing Roadway,Other Cyclist,LEHIGH ACRES,FL,33936,Female,N,Test Not Given,,,,N,Test Not Given,,,None,Not Transported,No Improper Action,,Lighting,,5,N,N,N,N
24863325,2021,2,Intersection - Marked Crosswalk,Crossing Roadway,Other Cyclist,PEMBROKE,FL,33025,Male,N,,,,,N,,,,Possible,Not Transported,Failure to Yield Right-of-Way,,None,,18,N,N,N,Y
88578281,2021,2,Bicycle Lane,Walking/Cycling Along Roadway With Traffic,Other Cyclist,NAPLES,FL,34117,Male,N,Test Not Given,,,,N,Test Not Given,,,Non-Incapacitating,EMS,No Improper Action,,None,,61,N,N,N,N
83983880,2021,2,Intersection - Marked Crosswalk,Crossing Roadway,Other Cyclist,ENGLEWOOD,FL,34224,Male,N,,,,,N,,,,Non-Incapacitating,EMS,Wrong-Way Riding or Walking,,None,,24,N,N,N,N
84440138,2021,3,Travel Lane - Other Location,Crossing Roadway,Pedestrian,NEW PORT RICHEY,FL,34652,Male,N,,,,,N,,,,None,Not Transported,Dart/Dash,,None,,61,N,N,N,N
84440138,2021,4,Intersection - Marked Crosswalk,Crossing Roadway,Other Cyclist,PHILADELPHIA,PA,19517,Female,N,,,,,N,,,,None,Not Transported,Dart/Dash,,Helmet,,25,N,N,N,N
84961081,2021,2,Other,Other,Other Cyclist,OPALOCKA,FL,33054,,N,,,,,N,,,,None,Not Transported,No Improper Action,,Other,,,N,N,N,N
84961081,2021,3,Other,Other,Other Cyclist,OPALOCKA BLVD,FL,33054,,N,,,,,N,,,,Possible,Not Transported,No Improper Action,,None,,,N,N,N,N
84961096,2021,2,Other,Other,Other Cyclist,OPALOCKA,FL,33054,,N,,,,,N,,,,None,Not Transported,No Improper Action,,Other,,,N,N,N,N
84961096,2021,3,Other,Other,Other Cyclist,OPALOCKA BLVD,FL,33054,,N,,,,,N,,,,Possible,Not Transported,No Improper Action,,None,,,N,N,N,N
84963433,2021,3,Intersection - Marked Crosswalk,Crossing Roadway,Other Cyclist,PLANTATION,FL,33317,Female,N,Test Not Given,,,,N,Test Not Given,,,None,Not Transported,No Improper Action,,None,,19,N,N,N,Y
85027069,2021,2,Other,Crossing Roadway,Other Cyclist,DUBLIN,OH,43017,Male,N,,,,,N,,,,None,Not Transported,Failure to Yield Right-of-Way,,None,,74,N,N,Y,N
85075568,2021,2,Sidewalk,Walking/Cycling on Sidewalk,Other Cyclist,ATLANTIC BEACH,FL,32666,Female,N,,,,,N,,,,Incapacitating,EMS,No Improper Action,,None,,18,N,N,N,Y
85101667,2021,1,Sidewalk,Walking/Cycling on Sidewalk,Other Cyclist,EDGEWATER,,32132,Male,,Test Not Given,,,,,Test Not Given,,,Non-Incapacitating,EMS,Other,,None,,21,N,N,N,N
85948479,2021,2,Intersection - Marked Crosswalk,Crossing Roadway,Other Cyclist,ORLANDO,FL,32817,Female,N,,,,,N,,,,Incapacitating,Other,No Improper Action,,None,,21,N,N,N,N
87491998,2021,2,Shoulder/Roadside,Walking/Cycling Along Roadway With Traffic,Other Cyclist,BIG PINE KEY,FL,33043,Male,N,Test Not Given,,,,N,Test Not Given,,,Incapacitating,Other,No Improper Action,,None,,12,N,N,N,N
88313526,2021,2,Bicycle Lane,Crossing Roadway,Other Cyclist,KEY WEST,FL,33040,Male,N,Test Not Given,,,,N,Test Not Given,,,Non-Incapacitating,EMS,No Improper Action,,None,,68,N,N,Y,N
88348687,2021,4,Other,Other,Other Cyclist,MERRITT ISLAND,FL,32952,Male,N,Test Not Given,,,,N,Test Not Given,,,Non-Incapacitating,EMS,Not Visible,,None,,44,N,N,N,N
88348687,2021,5,Other,Other,Pedestrian,TEQUESTA,FL,33469,Male,N,Test Not Given,,,,N,Test Not Given,,,Non-Incapacitating,EMS,Not Visible,,None,,63,N,N,N,N
88398019,2021,2,Travel Lane - Other Location,Crossing Roadway,Other Cyclist,NORTH FORT MYERS,FL,33917,Male,N,Test Not Given,,,,N,Test Not Given,,,Non-Incapacitating,EMS,Failure to Yield Right-of-Way,No Improper Action,None,None,56,N,N,N,N
88398462,2021,1,Intersection - Marked Crosswalk,None,Other Cyclist,LONGWOOD,FL,32779,Male,N,Test Not Given,,,,N,Test Not Given,,,Non-Incapacitating,Other,Dart/Dash,,None,,19,N,N,N,Y
88436680,2021,1,Travel Lane - Other Location,Walking/Cycling Along Roadway With Traffic,Other Cyclist,ST PETERSBURG,FL,33713,Male,N,Test Not Given,,,,N,Test Not Given,,,Incapacitating,EMS,In Roadway Improperly,Failure to Yield Right-of-Way,None,,22,N,N,N,N
88437114,2021,1,Shoulder/Roadside,Walking/Cycling Along Roadway With Traffic,Other Cyclist,PENSACOLA,FL,32507,Male,N,Test Not Given,,,,N,Test Not Given,,,Possible,Not Transported,No Improper Action,,Helmet,Reflective Clothing,18,N,N,N,Y
88439848,2021,5,Travel Lane - Other Location,Other,Other Cyclist,ORLANDO,FL,32808,Male,N,Test Not Given,,,,N,Test Not Given,,,None,Not Transported,Other,,Not Applicable,,15,N,N,N,Y
88439848,2021,4,Travel Lane - Other Location,Other,Other Cyclist,ORLANDO,FL,32808,Male,N,Test Not Given,,,,N,Test Not Given,,,None,Not Transported,Other,,Not Applicable,,14,N,N,N,N
88440814,2021,1,Intersection - Marked Crosswalk,Crossing Roadway,Other Cyclist,UNKNOWN,UK,00000,Male,N,Test Not Given,,,,N,Test Not Given,,,None,Not Transported,"Failure to Obey Traffic Signs, Signals, or Officer",,None,,,N,N,N,N
88445789,2021,1,Travel Lane - Other Location,Walking/Cycling Along Roadway With Traffic,Bicyclist,STARKE,FL,32091,Female,N,Test Not Given,,,,N,Test Not Given,,,Incapacitating,EMS,No Improper Action,,None,,36,N,N,N,N
88445789,2021,2,Travel Lane - Other Location,None,Other Cyclist,STARKE,FL,32091,Male,N,Test Not Given,,,,N,Test Not Given,,,Non-Incapacitating,EMS,No Improper Action,,Not Applicable,,3,N,N,N,N
88447500,2021,2,Intersection - Unmarked Crosswalk,Crossing Roadway,Other Cyclist,NORTH PORT,FL,34291,Male,N,Test Not Given,,,,N,Test Not Given,,,None,Not Transported,Wrong-Way Riding or Walking,,None,,7,N,N,N,N
88447500,2021,3,Intersection - Unmarked Crosswalk,Crossing Roadway,Other Cyclist,NORTH PORT,FL,34291,Male,N,Test Not Given,,,,N,Test Not Given,,,Possible,EMS,Wrong-Way Riding or Walking,,None,,7,N,N,N,N
88455778,2021,2,Intersection - Other,Crossing Roadway,Bicyclist,PENSACOLA,FL,32526,Male,N,Test Not Given,,,,N,Test Not Given,,,Non-Incapacitating,EMS,Other,,Lighting,None,29,N,N,N,N
88455778,2021,3,Intersection - Other,Crossing Roadway,Other Cyclist,PENSACOLA,FL,32526,Male,N,Test Not Given,,,,N,Test Not Given,,,Non-Incapacitating,EMS,No Improper Action,,None,Lighting,3,N,N,N,N
88462649,2021,2,Travel Lane - Other Location,Walking/Cycling Along Roadway With Traffic,Other Cyclist,CANTONMENT,FL,32507,Male,N,Test Not Given,,,,N,Test Not Given,,,Non-Incapacitating,EMS,No Improper Action,,None,,25,N,N,N,N
88495267,2021,2,Intersection - Marked Crosswalk,Crossing Roadway,Other Cyclist,SARASOTA,FL,34234,Male,,Test Not Given,,,,,Test Not Given,,,Incapacitating,EMS,"Failure to Obey Traffic Signs, Signals, or Officer",,Lighting,,40,N,N,N,N
88503206,2021,2,Shoulder/Roadside,Walking/Cycling Along Roadway With Traffic,Bicyclist,PENSACOLA,FL,32506,Female,N,Test Not Given,,,,N,Test Not Given,,,Possible,Not Transported,No Improper Action,,None,,27,N,N,N,N
88503206,2021,3,Shoulder/Roadside,Walking/Cycling Along Roadway With Traffic,Other Cyclist,PENSACOLA,FL,32506,Male,N,Test Not Given,,,,N,Test Not Given,,,None,Not Transported,No Improper Action,,None,,1,N,N,N,N
88510970,2021,2,Intersection - Unmarked Crosswalk,Crossing Roadway,Other Cyclist,KISSIMMEE,FL,34746,Female,N,Test Not Given,,,,N,Test Not Given,,,Non-Incapacitating,EMS,Failure to Yield Right-of-Way,,None,,70,N,N,Y,N
88513187,2021,2,Travel Lane - Other Location,Crossing Roadway,Other Cyclist,ORLANDO,FL,32818,Male,N,Test Given,Blood,Completed,0,N,Test Given,Blood,Positive,Fatal (within 30 days),EMS,Other,,None,,40,N,Y,N,N
88535607,2021,3,Sidewalk,Walking/Cycling on Sidewalk,Other Cyclist,ORLANDO,FL,32801,Female,N,Test Not Given,,,,N,Test Not Given,,,Possible,EMS,Other,,None,,34,N,N,N,N
88549542,2021,2,Sidewalk,Walking/Cycling on Sidewalk,Other Cyclist,ST PETERSBURG,FL,33701,Male,N,Test Not Given,,,,N,Test Not Given,,,None,EMS,No Improper Action,No Improper Action,None,None,37,N,N,N,N
88554277,2021,2,Travel Lane - Other Location,Walking/Cycling Along Roadway With Traffic,Other Cyclist,ORLANDO,FL,32822,Male,N,Test Not Given,,,,N,Test Not Given,,,Non-Incapacitating,EMS,No Improper Action,,None,None,35,N,N,N,N
88556915,2021,3,Bicycle Lane,Crossing Roadway,Other Cyclist,SHALIMAR,FL,32579-1871,Male,,Test Not Given,,,,,Test Not Given,,,Incapacitating,EMS,No Improper Action,,None,,30,N,N,N,N
88568020,2021,2,Intersection - Marked Crosswalk,Crossing Roadway,Other Cyclist,PINE CASLE,FL,32809,Male,N,Test Not Given,,,,N,Test Not Given,,,Possible,Not Transported,No Improper Action,,None,None,58,N,N,N,N
88573287,2021,1,Intersection - Marked Crosswalk,Walking/Cycling on Sidewalk,Other Cyclist,FORT WALTON BEACH,FL,32547,Male,N,Test Not Given,,,,N,Test Not Given,,,None,Not Transported,No Improper Action,,None,,24,N,N,N,N
88581212,2021,3,Bicycle Lane,Walking/Cycling Along Roadway With Traffic,Bicyclist,RUSKIN,FL,33570,Male,N,Test Not Given,,,,N,Test Not Given,,,Possible,EMS,No Improper Action,,None,,46,N,N,N,N
88581212,2021,4,Bicycle Lane,Walking/Cycling Along Roadway With Traffic,Other Cyclist,RUSKIN,FL,33570,Female,N,Test Not Given,,,,N,Test Not Given,,,Possible,EMS,No Improper Action,,None,,42,N,N,N,N
88583767,2021,2,Bicycle Lane,Walking/Cycling Along Roadway Against Traffic,Other Cyclist,CAPE CORAL,FL,33909,Male,N,Test Not Given,,,,N,Test Not Given,,,Non-Incapacitating,EMS,Wrong-Way Riding or Walking,,None,,25,N,N,N,N
88963154,2021,2,Sidewalk,Walking/Cycling on Sidewalk,Other Cyclist,ORLANDO,FL,32810,Female,N,,,,,N,,,,Possible,Not Transported,No Improper Action,,None,,26,N,N,N,N
89195515,2021,2,Other,Walking/Cycling on Sidewalk,Other Cyclist,DEERFIELD BEACH,FL,33441,Male,N,,,,,N,,,,Non-Incapacitating,EMS,No Improper Action,,None,,20,N,N,N,N
89195592,2021,2,Travel Lane - Other Location,Crossing Roadway,Other Cyclist,POMPANO BEACH,FL,33064,Male,N,,,,,Y,Test Not Given,,,Non-Incapacitating,EMS,Failure to Yield Right-of-Way,Dart/Dash,None,,60,N,Y,N,N
89321052,2021,2,Sidewalk,Other,Other Cyclist,LAUDERHILL,FL,33319,,N,,,,,N,,,,Possible,EMS,No Improper Action,,None,,,N,N,N,N
89349688,2021,4,Intersection - Marked Crosswalk,Crossing Roadway,Other Cyclist,SURFSIDE,FL,33154,Male,N,,,,,N,,,,Possible,Not Transported,Wrong-Way Riding or Walking,Wrong-Way Riding or Walking,None,,14,N,N,N,N
89349733,2021,2,Intersection - Marked Crosswalk,Walking/Cycling on Sidewalk,Other Cyclist,BAY HARBOR ISLANDS,FL,33154,Female,N,,,,,N,,,,Possible,Not Transported,Other,Other,Helmet,None,10,N,N,N,N
89358970,2021,2,Sidewalk,Crossing Roadway,Other Cyclist,DUNEDIN,FL,34698,Male,N,,,,,N,,,,Incapacitating,EMS,No Improper Action,,None,,18,N,N,N,Y
89359077,2021,2,Travel Lane - Other Location,Crossing Roadway,Other Cyclist,CLEARWATER,FL,34698,Male,N,,,,,N,,,,Incapacitating,EMS,Wrong-Way Riding or Walking,Failure to Yield Right-of-Way,Helmet,Lighting,18,N,N,N,Y
89360770,2021,2,Shoulder/Roadside,Adjacent to Roadway,Other Cyclist,PINELLAS PARK,FL,33781,Female,N,,,,,N,,,,Non-Incapacitating,EMS,No Improper Action,,None,,59,N,N,N,N
89390096,2021,3,Travel Lane - Other Location,Crossing Roadway,Other Cyclist,BRADENTON,FL,34208,,N,,,,,N,,,,Incapacitating,EMS,In Roadway Improperly,,None,,,N,N,N,N
89396245,2021,2,Bicycle Lane,Adjacent to Roadway,Other Cyclist,BRADENTON,FL,34209,Male,N,,,,,N,,,,Non-Incapacitating,EMS,No Improper Action,,None,,51,N,N,N,N
89417907,2021,2,Intersection - Marked Crosswalk,Crossing Roadway,Other Cyclist,HOLLYWOOD,FL,33024,Female,N,,,,,N,,,,Non-Incapacitating,EMS,No Improper Action,,None,,58,N,N,N,N
89461883,2021,2,Sidewalk,Walking/Cycling on Sidewalk,Other Cyclist,JACKSONVILLE,FL,32209,Female,N,Test Not Given,,,,N,Test Not Given,,,Non-Incapacitating,Not Transported,No Improper Action,,None,,27,N,N,N,N
89551071,2021,2,Intersection - Marked Crosswalk,Crossing Roadway,Other Cyclist,MIAMI,,33147,Male,N,,,,,N,,,,Possible,EMS,No Improper Action,,None,,45,N,N,N,N
89551381,2021,2,Shoulder/Roadside,Walking/Cycling Along Roadway Against Traffic,Other Cyclist,MIAMI,,33165,Male,N,,,,,N,,,,Possible,Not Transported,In Roadway Improperly,,None,,81,N,N,Y,N
89554757,2021,2,Intersection - Unmarked Crosswalk,Crossing Roadway,Other Cyclist,MIAMI,,33147,Male,N,,,,,N,,,,Possible,Not Transported,Other,,None,,16,N,N,N,Y
89560400,2021,3,Other,Crossing Roadway,Other Cyclist,LA PORTE,IN,46350,Female,N,,,,,N,,,,Incapacitating,EMS,Failure to Yield Right-of-Way,,Helmet,Other,85,N,N,Y,N
89565231,2021,3,Driveway Access,Walking/Cycling on Sidewalk,Other Cyclist,ORLANDO,FL,32825,Female,N,Test Not Given,,,,N,Test Not Given,,,Non-Incapacitating,EMS,No Improper Action,,None,,20,N,N,N,N
89565231,2021,4,Driveway Access,Walking/Cycling on Sidewalk,Other Pedestrian,ORLANDO,FL,32822,Female,N,Test Not Given,,,,N,Test Not Given,,,Non-Incapacitating,EMS,No Improper Action,,None,,47,N,N,N,N
89565246,2021,1,Travel Lane - Other Location,Crossing Roadway,Other Cyclist,FORT WORTH,TX,75611,Male,N,Test Not Given,,,,N,Test Not Given,,,Incapacitating,EMS,Failure to Yield Right-of-Way,,None,,34,N,N,N,N
89572235,2021,2,Intersection - Marked Crosswalk,Walking/Cycling on Sidewalk,Other Cyclist,ORLANDO,FL,32839,Male,N,Test Not Given,,,,N,Test Not Given,,,None,Not Transported,Failure to Yield Right-of-Way,,None,,9,N,N,N,N
89766496,2021,3,Other,Crossing Roadway,Other Cyclist,ORANGE PARL,FL,32065,Male,N,,,,,N,,,,Possible,Not Transported,Dart/Dash,,None,,10,N,N,N,N
89801049,2021,2,Shoulder/Roadside,Crossing Roadway,Other Cyclist,HIALEAH,FL,33010,Male,N,,,,,N,,,,None,Not Transported,"Failure to Obey Traffic Signs, Signals, or Officer",Improper Passing,None,,61,N,N,N,N
89832565,2021,3,Intersection - Marked Crosswalk,Walking/Cycling on Sidewalk,Other Cyclist,STUART,FL,34994,Male,N,,,,,N,,,,Non-Incapacitating,Not Transported,Other,,None,,39,N,N,N,N
89856813,2021,3,Driveway Access,Crossing Roadway,Other Cyclist,LONGWOOD,FL,32779,Male,N,,,,,N,,,,Possible,Not Transported,Dart/Dash,,None,,16,N,N,N,Y
89914677,2021,2,Travel Lane - Other Location,Walking/Cycling Along Roadway With Traffic,Other Cyclist,PORT CHARLOTTE,FL,,Male,N,,,,,N,,,,Non-Incapacitating,EMS,No Improper Action,,Lighting,,34,N,N,N,N
89922858,2021,2,Intersection - Marked Crosswalk,Crossing Roadway,Other Cyclist,CORAL GABLES,FL,33142,Female,N,,,,,N,,,,Incapacitating,EMS,No Improper Action,,None,,20,N,N,N,N
89950637,2021,2,Bicycle Lane,Walking/Cycling Along Roadway With Traffic,Other Cyclist,BRADENTON,FL,34210,Male,N,,,,,N,,,,Non-Incapacitating,Not Transported,No Improper Action,,Helmet,Protective Pads,47,N,N,N,N
89966714,2021,3,Sidewalk,Walking/Cycling on Sidewalk,Other Cyclist,LARGO,FL,33773,Female,N,,,,,N,,,,Possible,EMS,No Improper Action,,None,,30,N,N,N,N
89968393,2021,1,Travel Lane - Other Location,Crossing Roadway,Other Cyclist,WESLEY CHAPEL,FL,33545,Male,N,,,,,N,,,,None,Not Transported,Failure to Yield Right-of-Way,,None,,31,N,N,N,N
89995980,2021,2,Bicycle Lane,Walking/Cycling Along Roadway With Traffic,Other Cyclist,AVENTURA,FL,33180,,N,,,,,N,,,,Incapacitating,EMS,No Improper Action,,Helmet,,,N,N,N,N
90106678,2021,4,Other,Other,Other Cyclist,PALM SPRINGS,FL,33461,Male,N,,,,,N,,,,Non-Incapacitating,EMS,No Improper Action,,None,,41,N,N,N,N
90129043,2021,4,Intersection - Other,Crossing Roadway,Other Cyclist,MIAMI,FL,33135,Female,N,,,,,N,,,,Non-Incapacitating,Not Transported,No Improper Action,,None,,21,N,N,N,N
24125969,2022,3,Other,Other,Other Cyclist,,,32789,Male,N,,,,,N,,,,Possible,Not Transported,Failure to Yield Right-of-Way,,None,,12,N,N,N,N
24182287,2022,2,Bicycle Lane,Walking/Cycling Along Roadway With Traffic,Other Cyclist,,,33019,Male,N,,,,,N,,,,Possible,Not Transported,No Improper Action,,None,,28,N,N,N,N
24224961,2022,2,Travel Lane - Other Location,In Roadway - Other,Other Cyclist,,,33139,Female,N,,,,,N,,,,Possible,Not Transported,No Improper Action,,None,,26,N,N,N,N
24225872,2022,2,Travel Lane - Other Location,Other,Other Cyclist,,,33127,Male,N,,,,,N,,,,Possible,Not Transported,No Improper Action,,None,,25,N,N,N,N
24226171,2022,1,Intersection - Marked Crosswalk,Crossing Roadway,Other Cyclist,,,33127,Male,N,,,,,N,,,,Non-Incapacitating,EMS,"Failure to Obey Traffic Signs, Signals, or Officer",,None,,18,N,N,N,Y
24226315,2022,2,Intersection - Marked Crosswalk,Crossing Roadway,Other Cyclist,,,33139,Male,N,,,,,N,,,,Possible,Not Transported,No Improper Action,,None,,28,N,N,N,N
24226315,2022,3,Intersection - Marked Crosswalk,Crossing Roadway,Other Cyclist,,,33139,Male,N,,,,,N,,,,Non-Incapacitating,EMS,No Improper Action,,None,,6,N,N,N,N
24227151,2022,2,Intersection - Marked Crosswalk,Crossing Roadway,Other Cyclist,,,33139,Male,N,,,,,N,,,,Possible,EMS,Unknown,,None,,30,N,N,N,N
24227318,2022,2,Midblock - Marked Crosswalk,Crossing Roadway,Other Cyclist,,,33139,Male,N,,,,,N,,,,None,Not Transported,No Improper Action,,None,,16,N,N,N,Y
24228051,2022,2,Travel Lane - Other Location,Crossing Roadway,Other Cyclist,,,33139,Male,N,,,,,N,,,,Incapacitating,Not Transported,Other,,None,,33,N,N,N,N
24228095,2022,2,Travel Lane - Other Location,Crossing Roadway,Other Cyclist,,,33139,Male,N,,,,,N,,,,Non-Incapacitating,Not Transported,Failure to Yield Right-of-Way,,None,,40,N,N,N,N
24311768,2022,2,Intersection - Marked Crosswalk,Crossing Roadway,Other Cyclist,,,33065,,N,,,,,N,,,,Possible,EMS,No Improper Action,,None,,,N,N,N,N
24346732,2022,2,Travel Lane - Other Location,Walking/Cycling Along Roadway Against Traffic,Other Cyclist,,,34205,Female,N,,,,,N,,,,Possible,Not Transported,In Roadway Improperly,,None,,39,N,N,N,N
24346922,2022,1,Intersection - Marked Crosswalk,Crossing Roadway,Other Cyclist,,,34234,Female,N,,,,,N,,,,Possible,Not Transported,"Failure to Obey Traffic Signs, Signals, or Officer",,None,,38,N,N,N,N
24347153,2022,2,Intersection - Unmarked Crosswalk,Other,Other Cyclist,,,34239,Male,N,,,,,N,,,,Possible,EMS,Other,,None,,49,N,N,N,N
24392253,2022,2,Bicycle Lane,Walking/Cycling Along Roadway With Traffic,Other Cyclist,,,33185,Male,N,,,,,N,,,,Possible,Not Transported,No Improper Action,,None,,26,N,N,N,N
24397161,2022,1,Sidewalk,Other,Other Cyclist,,,33157,Male,N,,,,,N,,,,Non-Incapacitating,EMS,No Improper Action,,None,,32,N,N,N,N
24413317,2022,2,Intersection - Marked Crosswalk,Crossing Roadway,Other Cyclist,,,33428,Male,N,Test Not Given,,,,N,Test Not Given,,,Non-Incapacitating,Not Transported,No Improper Action,,Helmet,,73,N,N,Y,N
24446935,2022,2,Intersection - Other,Crossing Roadway,Other Cyclist,,,33018,Female,N,,,,,N,,,,Non-Incapacitating,Not Transported,No Improper Action,,None,,45,N,N,N,N
24453342,2022,2,Sidewalk,Walking/Cycling on Sidewalk,Other Cyclist,,,33322,,N,,,,,N,,,,Non-Incapacitating,EMS,Inattentive,,None,,,N,N,N,N
24466420,2022,2,Other,Unknown,Other Cyclist,,,32117,Male,N,,,,,N,,,,None,Not Transported,No Improper Action,,None,,66,N,N,Y,N
24466606,2022,2,Travel Lane - Other Location,Other,Other Cyclist,,,33024,,N,,,,,N,,,,Possible,EMS,Other,,None,,,N,N,N,N
24467009,2022,2,Intersection - Other,In Roadway - Other,Other Cyclist,,,33162,,N,,,,,N,,,,None,Not Transported,Failure to Yield Right-of-Way,In Roadway Improperly,None,,,N,N,N,N
24467114,2022,2,Sidewalk,Walking/Cycling on Sidewalk,Other Cyclist,,,33312,,N,,,,,N,,,,Non-Incapacitating,EMS,No Improper Action,,None,,,N,N,N,N
24469517,2022,1,Travel Lane - Other Location,Other,Other Cyclist,,,33161,,N,,,,,N,,,,Possible,Not Transported,In Roadway Improperly,,None,,,N,N,N,N
24469692,2022,1,Other,Other,Other Cyclist,,,33311,,N,,,,,N,,,,Non-Incapacitating,EMS,Other,,None,,,N,N,N,N
