REPORT_NUMBER,CRASH_YEAR,VEHICLE_NUMBER,PERSON_NUMBER,CITY,STATE,ZIP_CODE,SEX,HELMET_CODE,RESTRAINT_SYSTEM_CODE,EYE_PROTECTION_CODE,AIR_BAG_DEPLOYMENT_CODE,EJECTED,INJURY_SEVERITY,EMS_TRANSPORT_TYPE,SEAT_POSITION_CODE,ROW_POSITION_CODE,OTHER_POSITION_CODE,S4_AGE_AT_TIME_OF_CRASH,S4_IS_UNRESTRAINED_PASSENGER
24796451,2021,1,2,PALM BEACH GARDENS,FL,33418,Female,,Shoulder and Lap Belt Used,,Not Deployed,Not Ejected,None,Not Transported,Right,Front,Not Applicable,23,N
24797955,2021,1,2,BELLE GLADE,FL,33430,Male,,Shoulder and Lap Belt Used,,Not Deployed,Not Ejected,None,Not Transported,Right,Front,Not Applicable,22,N
84440138,2021,1,2,NEW PORT RICHEY,FL,34652,Female,,Shoulder and Lap Belt Used,,Not Deployed,Not Ejected,None,Not Transported,Right,Front,,19,N
24347153,2022,1,3,,,34242,Female,,,,,Not Ejected,None,Not Transported,Right,Front,,62,N
84963433,2021,1,2,TAMPA,FL,33613,Female,,Shoulder and Lap Belt Used,,Not Deployed,Not Ejected,None,Not Transported,Right,Front,,24,N
85101667,2021,1,3,EDGEWATER,FL,32141,Female,,Shoulder and Lap Belt Used,,Not Deployed,Not Ejected,None,Not Transported,Right,Front,Not Applicable,66,N
88348687,2021,1,2,STUART,FL,34997,Male,,Shoulder and Lap Belt Used,,Not Deployed,Not Ejected,None,Not Transported,Right,Front,Not Applicable,0,N
88348687,2021,1,3,STUART,FL,34997,Male,,Shoulder and Lap Belt Used,,Not Deployed,Not Ejected,None,Not Transported,Middle,Second,Not Applicable,14,N
88436680,2021,1,3,ST PETERSBURG,FL,33714,Male,DOT-Compliant Motorcycle Helmet,,Y,,,None,Not Transported,Left,Second,,26,N
88439848,2021,1,2,CLERMONT,FL,34711,Male,,Shoulder and Lap Belt Used,,Not Deployed,Not Ejected,None,Not Transported,Right,Front,Not Applicable,64,N
88439848,2021,1,3,CLERMONT,FL,34711,Male,,Shoulder and Lap Belt Used,,Not Deployed,Not Ejected,None,Not Transported,Right,Second,Not Applicable,69,N
88535607,2021,1,2,ORLANDO,FL,32826,Female,,Shoulder and Lap Belt Used,,Not Deployed,Not Ejected,None,Not Transported,Right,Front,,23,N
88556915,2021,1,2,VILLE PLATTE,LA,70726,Female,,Shoulder and Lap Belt Used,,Not Deployed,Not Ejected,None,Not Transported,Left,Front,Not Applicable,34,N
88581212,2021,1,2,TAMPA,FL,33619,Male,,Shoulder and Lap Belt Used,,Not Deployed,Not Ejected,None,Not Transported,Right,Front,Not Applicable,9,N
89349688,2021,1,3,BAY HARBOR ISLANDS,FL,33154,Female,,Child Restraint System - Type Unknown,,Not Deployed,Not Ejected,None,Not Transported,Right,Second,Not Applicable,4,N
89349688,2021,1,2,BAY HARBOR ISLANDS,FL,33154,Male,,Shoulder and Lap Belt Used,,Not Deployed,Not Ejected,None,Not Transported,Right,Front,Not Applicable,58,N
89390096,2021,1,2,BRADENTON,FL,34208,Female,,Shoulder and Lap Belt Used,,Not Deployed,Not Ejected,None,Not Transported,Right,Front,Not Applicable,24,N
89560400,2021,1,2,CLERMONT,FL,34711,Male,,Shoulder and Lap Belt Used,,Not Deployed,Not Ejected,None,Not Transported,Right,Front,,15,N
89565231,2021,1,2,ORLANDO,FL,32824,Male,,Shoulder and Lap Belt Used,,Not Deployed,Not Ejected,None,Not Transported,Right,Front,,32,N
89565246,2021,1,3,KISSIMMEE,FL,34759,Male,,Shoulder and Lap Belt Used,,Not Deployed,Not Ejected,None,Not Transported,Right,Front,,17,N
89766496,2021,1,2,6305,FL,32065,Male,,Shoulder and Lap Belt Used,,Not Deployed,Not Ejected,None,Not Transported,Right,Front,,20,N
89832565,2021,1,2,JENSEN BEACH,FL,34957,Female,,Shoulder and Lap Belt Used,,Not Applicable,Not Ejected,None,Not Transported,Right,Front,Not Applicable,87,N
89856813,2021,1,2,VERO BEACH,FL,32962,Female,,Shoulder and Lap Belt Used,,Not Applicable,Not Ejected,None,Not Transported,Right,Front,Not Applicable,61,N
90106678,2021,1,2,UNK,UK,33461,Male,,Shoulder and Lap Belt Used,,Not Deployed,Not Ejected,None,Not Transported,Right,Front,,6,N
90106678,2021,1,3,UNK,UK,33461,Male,,Shoulder and Lap Belt Used,,Not Deployed,Not Ejected,None,Not Transported,Left,Second,,6,N
90129043,2021,1,3,MIAMI,FL,33127,Female,,Shoulder and Lap Belt Used,,Not Applicable,Not Ejected,None,Not Transported,Middle,Second,,9,N
90129043,2021,1,2,MIAMI,FL,33127,Female,,Shoulder and Lap Belt Used,,Not Applicable,Not Ejected,None,Not Transported,Right,Front,,13,N
24125969,2022,1,2,,,32792,Female,,Shoulder and Lap Belt Used,,Not Deployed,Not Ejected,None,Not Transported,Right,Front,,18,N
24228095,2022,1,3,,,31324,Female,,Shoulder and Lap Belt Used,,Not Deployed,Not Ejected,None,Not Transported,Right,Front,Not Applicable,47,N
24228095,2022,1,4,,,31324,Female,,Shoulder and Lap Belt Used,,Not Deployed,Not Ejected,None,Not Transported,Right,Second,Not Applicable,18,N
24311768,2022,1,3,,,33065,Female,,Shoulder and Lap Belt Used,,Not Deployed,Not Ejected,None,Not Transported,Right,Front,Not Applicable,74,N
