REPORT_NUMBER,CRASH_YEAR,VEHICLE_NUMBER,OWNER_CITY,OWNER_STATE,OWNER_ZIP_CODE,COMMERCIAL_VEHICLE_FLAG,MOTION_CODE,STATE_OF_REGISTRATION,PERMANENT_REGISTRATION_FLAG,HIT_AND_RUN_FLAG,VEHICLE_YEAR,VEHICLE_MAKE,VEHICLE_MODEL,VEHICLE_STYLE,VEHICLE_COLOR,DISABLING_FUNCTIONAL_DAMAGE,ESTIMATED_VEHICLE_DAMAGE,TOW_DAMAGE_CODE,HOW_TOW_REQUESTED,BUSINESS_OWNED_FLAG,VEHICLE_TRAVELING,ROAD_ON,ESTIMATED_MPH,POSTED_SPEED,TOTAL_NUMBER_OF_LANES,HAZARDOUS_MATERIAL_RELEASED,HAZMAT_PLACARD,HAZARDOUS_PLACARD_NUMBER,HAZMAT_CLASS,POINT_OF_IMPACT,MOST_DAMAGED_AREA_CODE,TYPE_OF_VEHICLE,TRAFFICWAY_CODE,COMMERCIAL_VEHICLE_CONFIGURATION_CODE,COMMERCIAL_USE_CODE,CARRIER_CARGO_BODY_TYPE,COMMERCIAL_VEHICLE_WEIGHT_CODE,MOST_HARMFUL_EVENT_CODE,HARMFUL_EVENT_1,HARMFUL_EVENT_2,HARMFUL_EVENT_3,HARMFUL_EVENT_4,EMERGENCY_VEHICLE_USE_CODE,ROADWAY_GRADE_CODE,ROADWAY_ALIGNMENT_CODE,VEHICLE_MANEUVER_ACTION,TRAFFIC_CONTROL_DEVICE,VEHICLE_SPECIAL_FUNCTION,VEHICLE_DEFECT1,VEHICLE_DEFECT2,S4_IS_COMMERCIAL_MOTOR_VEHICLE
24796451,2021,1,WEST PALM BEACH,FL,33407,N,Vehicle in Transport,FL,,N,2013,DODG,,4D,GRY,Minor,200,N,Driver,N,North,TENNIS CLUB DR,5,25,2,,,,,Front Center Bumper,Front Center Bumper,Passenger Car,"Two-Way, Not Divided",,,,,Pedalcycle,Pedalcycle,,,,N,Level,Straight,Turning Right,Stop Sign,No Special Function,None,,
24797955,2021,1,BELLE GLADE,FL,33430,N,Vehicle in Transport,FL,,N,2013,FORD,,VN,WHI,Minor,300,N,Driver,N,South,MCCLURE RD,4,25,2,,,,,Front Left Bumper,Front Left Bumper,Passenger Van,"Two-Way, Not Divided",,,,,Motor Vehicle in Transport,Motor Vehicle in Transport,,,,N,Level,Straight,Making U-Turn,No Controls,No Special Function,None,,
24820754,2021,1,SUNRISE,FL,33313,N,Vehicle in Transport,FL,N,N,2020,GMC,,SPUV,BLK,Minor,200,N,,N,North,SUNSET STRIP,5,30,2,,,,,Front Center Bumper,Front Center Bumper,(Sport) Utility Vehicle,"Two-Way, Not Divided",,,,,Pedalcycle,Pedalcycle,,,,N,Level,Straight,Turning Right,No Controls,No Special Function,None,,
24482466,2022,1,,,33132,N,Vehicle in Transport,FL,,N,2021,LEXS,,UT,GRY,None,0,N,Driver,N,South,SANS SOUCI BLVE,10,30,2,,,,,Front Center Bumper,Front Center Bumper,Passenger Car,"Two-Way, Divided, Positive Median Barrier",,,,,Motor Vehicle in Transport,Motor Vehicle in Transport,,,,N,Level,Straight,Straight Ahead,No Controls,No Special Function,None,,
24826952,2021,1,MIAMI,FL,33157,N,Vehicle in Transport,FL,,N,2011,MITS,,4D,RED,Functional,1000,N,Driver,N,West,6595 W 2 CT,5,25,2,,,,,Front Right Bumper,Front Right Bumper,Passenger Car,"Two-Way, Not Divided",,,,,Motor Vehicle in Transport,Motor Vehicle in Transport,,,,N,Sag (bottom),Straight,Turning Right,Traffic Control Signal,No Special Function,None,,
24851731,2021,1,SARASOTA,FL,34239,,Vehicle in Transport,FL,Y,N,2016,BUIC,,4D,WHI,Minor,200,N,Driver,N,North,OSPREY AVE. S,10,35,2,,,,,Right Rear Door,Right Rear Door,(Sport) Utility Vehicle,"Two-Way, Not Divided",,,,,Pedalcycle,Pedalcycle,,,,N,Level,Straight,Turning Right,Traffic Control Signal,No Special Function,None,,
24863325,2021,1,PEMBROKE PINES,FL,33025-0000,N,Vehicle in Transport,FL,N,N,2018,KIA,,4D,SIL,Minor,500,N,,N,North,SW 83RD AVE,10,15,2,,,,,Front Center Bumper,Front Center Bumper,Passenger Car,"Two-Way, Not Divided, with a Continuous Left Turn Lane",,,,,Pedalcycle,Pedalcycle,,,,N,Level,Straight,Turning Left,Traffic Control Signal,No Special Function,None,,
83983880,2021,1,NEPTUNE BEACH,FL,32266,N,Vehicle in Transport,FL,,N,2019,HOND,,UT,WHI,Functional,5000,N,Driver,N,East,ATLANTIC BLVD,5,35,4,,,,,Front Center Bumper,Front Center Bumper,(Sport) Utility Vehicle,"Two-Way, Divided, Positive Median Barrier",,,,,Motor Vehicle in Transport,Motor Vehicle in Transport,Motor Vehicle in Transport,,,N,Level,Straight,Turning Right,No Controls,No Special Function,None,,
84440138,2021,1,HUDSON,FL,34667,N,Vehicle in Transport,FL,,N,1999,DODG,,2D,WHI,Minor,300,N,Driver,N,North,US 19,45,45,3,,,,,Front Center Bumper,Front Center Bumper,Passenger Car,"Two-Way, Divided, Positive Median Barrier",,,,,Pedalcycle,Pedalcycle,,,,N,Level,Straight,Straight Ahead,No Controls,No Special Function,None,,
84961081,2021,1,MIAMI GARDENS,FL,33056,N,Vehicle in Transport,FL,N,N,2014,VOLK,,4D,BRZ,Functional,1000,N,Driver,N,North,KALANDAR ST,20,30,2,,,,,Front Center Bumper,Front Center Bumper,Passenger Car,"Two-Way, Divided, Unprotected (painted >4 feet) Median",,,,,Motor Vehicle in Transport,Motor Vehicle in Transport,,,,N,Level,Straight,Straight Ahead,No Controls,No Special Function,None,,
84961096,2021,1,MIAMI GARDENS,FL,33056,N,Vehicle in Transport,FL,N,N,2014,VOLK,,4D,BRZ,Functional,1000,N,Driver,N,North,KALANDAR ST,20,30,2,,,,,Front Center Bumper,Front Center Bumper,Passenger Car,"Two-Way, Divided, Unprotected (painted >4 feet) Median",,,,,Motor Vehicle in Transport,Motor Vehicle in Transport,,,,N,Level,Straight,Straight Ahead,No Controls,No Special Function,None,,
84963433,2021,1,TAMPA,FL,33613-4145,N,Vehicle in Transport,FL,N,N,2016,KIA,,4D,BLU,Minor,100,N,,N,North,USF LAUREL DR,10,25,3,,,,,Front Left Bumper,Front Left Bumper,Passenger Car,"Two-Way, Divided, Unprotected (painted >4 feet) Median",,,,,Motor Vehicle in Transport,Motor Vehicle in Transport,,,,N,Level,Straight,Turning Right,Traffic Control Signal,No Special Function,None,,
85027069,2021,1,BRADENTON,FL,34209,N,Working Vehicle,FL,,N,1994,HOND,,MC,BLK,Minor,1000,N,Owner Request,N,South,GULD DR S,35,35,2,,,,,,,Motorcycle,"Two-Way, Divided, Unprotected (painted >4 feet) Median",,,,,Embankment,Pedestrian,Embankment,,,N,Uphill,Straight,Straight Ahead,No Controls,No Special Function,None,,
85075568,2021,1,JACKSONVILLE,FL,32246,N,Vehicle in Transport,FL,,N,2006,FORD,E250,VN,WHI,None,0,N,Driver,N,North,MAYPORT RD,5,40,6,,,,,Front Right Bumper,Front Right Bumper,"Cargo Van (10,000 lbs (4,536 kg) or less)","Two-Way, Divided, Positive Median Barrier",,,,Not Applicable,Motor Vehicle in Transport,Motor Vehicle in Transport,,,,N,Level,Straight,Turning Right,Stop Sign,No Special Function,None,,N
85101667,2021,1,EDGEWATER,FL,32141,,Vehicle in Transport,FL,,N,2014,RAM,,PK,GRY,Functional,3500,N,Driver,N,North,BANYAN DR,0,25,2,,,,,,,Pickup,"Two-Way, Not Divided",,,,,Motor Vehicle in Transport,Motor Vehicle in Transport,,,,N,Level,Straight,Stopped in Traffic,Stop Sign,No Special Function,None,,
85948479,2021,1,WELLIMGTON,FL,33414,N,Vehicle in Transport,FL,,N,2013,FIAT,,2D,GRY,None,0,N,Driver,N,South,GREEK PARK DR,10,25,2,,,,,Front Left Bumper,Front Left Bumper,Passenger Car,"Two-Way, Divided, Positive Median Barrier",,,,,Pedestrian,Pedestrian,,,,N,Level,Straight,Straight Ahead,Stop Sign,No Special Function,None,,
87491998,2021,1,BIG PINE KEY,FL,33043-0000,N,Vehicle in Transport,FL,N,N,2007,DODG,,SW,BLU,None,0,N,,N,West,VIOLET DR WEST BOUND,20,25,2,,,,,,,Passenger Van,"Two-Way, Not Divided",,,,,Pedestrian,Pedestrian,,,,N,Level,Straight,Straight Ahead,No Controls,No Special Function,Steering,,
88313526,2021,1,KEY WEST,FL,33040-0000,N,Vehicle in Transport,FL,N,N,2015,GMC,,TK,WHI,Functional,1500,N,,N,West,MACDONALD AVE,5,25,2,,,,,Right Rear Door,Right Rear Door,Pickup,"Two-Way, Not Divided",,,,,Pedalcycle,Pedalcycle,,,,N,Level,Straight,Turning Right,No Controls,No Special Function,None,,
88348687,2021,1,STUART,FL,34997-8447,N,Vehicle in Transport,FL,N,N,2006,NISS,,4D,GRN,Disabling,3000,Y,Rotation,N,South,COUNTY ROAD A1A (SE DIXIE HWY),40,45,2,,,,,Right Front Fender,Windshield,Passenger Car,"Two-Way, Divided, Unprotected (painted >4 feet) Median",,,,,Pedestrian,Pedestrian,,,,N,Level,Straight,Straight Ahead,No Controls,No Special Function,None,,
88398019,2021,1,NORTH FORT MYERS,FL,33903-3821,N,Vehicle in Transport,FL,N,N,1996,FORD,,PK,DGR,Minor,500,N,,N,West,US-41 (STATE ROAD 45),10,45,6,,,,,Front Right Bumper,Front Right Bumper,Pickup,"Two-Way, Divided, Positive Median Barrier",,,,,Pedestrian,Pedestrian,,,,N,Level,Straight,Turning Right,No Controls,No Special Function,None,,
88398462,2021,1,,,,N,Vehicle in Transport,,N,Y,,MAZD,,,RED,,0,N,,N,,,,35,,,,,,,,Passenger Car,"Two-Way, Divided, Unprotected (painted >4 feet) Median",,,,,Pedestrian,Pedestrian,,,,N,,,,Person,No Special Function,None,,
88436680,2021,1,RADCLIF,NY,40160,N,Vehicle in Transport,KY,N,N,2016,KAWI,,MC,BLK,Functional,3000,Y,Rotation,N,North,28TH ST N,30,40,2,,,,,Right Front Door,Right Front Door,Motorcycle,"Two-Way, Not Divided",,,,,Pedestrian,Pedestrian,,,,N,Level,Straight,Straight Ahead,No Controls,No Special Function,None,,
88437114,2021,1,,,,N,Vehicle in Transport,,N,Y,,,,,,Unknown,0,N,,N,North,COUNTY ROAD 95A  (PALAFOX STREET),40,40,2,,,,,,,,"Two-Way, Not Divided",,,,,Pedalcycle,Pedalcycle,,,,N,Level,Straight,Straight Ahead,No Controls,No Special Function,None,,
88439848,2021,1,CLERMONT,FL,34711-7865,N,Vehicle in Transport,FL,N,N,2001,LEXS,,4D,GRY,Functional,500,N,,N,South,NORTH HASTINGS STREET,30,30,2,,,,,Right Front Fender,Right Front Fender,Passenger Car,"Two-Way, Not Divided",,,,,Motor Vehicle in Transport,Motor Vehicle in Transport,,,,N,Downhill,Straight,Overtaking/Passing,No Controls,No Special Function,None,,
88439848,2021,2,ORLANDO,FL,32808,N,Vehicle in Transport,UK,N,N,2021,PENTO,,ATV,RED,Functional,200,N,,N,South,NORTH HASTINGS STREET,20,30,2,,,,,Front Left Bumper,Front Left Bumper,All Terrain Vehicle (ATV),"Two-Way, Not Divided",,,,,Motor Vehicle in Transport,Motor Vehicle in Transport,,,,N,Downhill,Straight,Turning Left,No Controls,No Special Function,None,,
88440814,2021,1,PENSACOLA,FL,32507-0000,N,Vehicle in Transport,FL,N,N,2009,CADI,,4D,BLK,Minor,300,N,,Y,West,STATE ROAD 295 (W FAIRFIELD DRIVE),15,40,4,,,,,Left Rear Door,Left Rear Door,Passenger Car,"Two-Way, Divided, Unprotected (painted >4 feet) Median",,,,,Pedalcycle,Pedalcycle,,,,N,Level,Straight,Straight Ahead,Traffic Control Signal,No Special Function,None,,
88445789,2021,1,STARKE,FL,32091-3721,N,Vehicle in Transport,FL,N,Y,2002,CHEV,,PK,GRY,Minor,50,N,,N,East,CR-100A,,45,2,,,,,Front Right Bumper,Right Front Fender,Pickup,"Two-Way, Not Divided",,,,,Pedalcycle,Pedalcycle,,,,N,Level,Straight,Other,No Controls,No Special Function,,,
88447500,2021,1,NORTH PORT,FL,34287-0000,N,Vehicle in Transport,FL,N,N,2019,KIA,,UT,SIL,Functional,200,N,,N,South,GRANADA BLVD,10,30,2,,,,,Front Right Bumper,Front Right Bumper,(Sport) Utility Vehicle,"Two-Way, Not Divided",,,,,Pedalcycle,Pedalcycle,,,,N,Level,Straight,Straight Ahead,No Controls,No Special Function,None,,
88455778,2021,1,PENSACOLA,FL,32505-1513,N,Vehicle in Transport,FL,N,N,2013,KIA,,4D,SIL,None,0,N,,N,South,2600 W MICHIGAN AVE,10,15,2,,,,,Front Center Bumper,Front Center Bumper,Passenger Car,"Two-Way, Not Divided",,,,,Pedalcycle,Pedalcycle,,,,N,Level,Straight,Straight Ahead,Stop Sign,No Special Function,None,,
88462649,2021,1,PENSACOLA,FL,32534-0000,N,Vehicle in Transport,FL,N,N,2010,MAZD,,5D,SIL,Functional,2500,N,,N,South,KINGSPORT AVE,,25,2,,,,,Left Rear Fender,Left Rear Fender,Passenger Car,"Two-Way, Not Divided",,,,,Motor Vehicle in Transport,Motor Vehicle in Transport,,,,N,Level,Straight,Stopped in Traffic,Stop Sign,No Special Function,None,,
88495267,2021,1,BRADENTON,FL,34203,N,Vehicle in Transport,FL,N,N,2015,NISS,,4D,SIL,Functional,500,N,Rotation,N,North,US-301 (WASHINGTON BLVD),30,45,6,,,,,Front Right Bumper,Front Right Bumper,Passenger Car,"Two-Way, Divided, Positive Median Barrier",,,,,Pedalcycle,Pedalcycle,,,,N,Level,Straight,Straight Ahead,Traffic Control Signal,No Special Function,None,,
88503206,2021,1,PENSACOLA,FL,32505-0000,N,Vehicle in Transport,FL,N,N,2009,FORD,,TK,WHI,None,0,N,,Y,East,W JACKSON ST,35,35,2,,,,,Right Front Fender,Right Front Fender,Pickup,"Two-Way, Not Divided",,,,,Pedalcycle,Pedalcycle,,,,N,Level,Straight,Straight Ahead,No Controls,No Special Function,None,,
88510970,2021,1,KISSIMMEE,FL,34746-0000,N,Vehicle in Transport,FL,N,N,2011,FORD,,TK,BGE,Minor,200,N,,N,East,SANTOS ROAD,25,25,2,,,,,Left Rear Fender,Left Rear Fender,Pickup,"Two-Way, Not Divided",,,,,Pedalcycle,Pedalcycle,,,,N,Level,Straight,Straight Ahead,No Controls,No Special Function,None,,
88513187,2021,1,ORLANDO,FL,32819,N,Vehicle in Transport,FL,N,N,2012,JEEP,,UT,WHI,Minor,1000,N,,N,South,DORSCHER ROAD,30,30,2,,,,,Front Center Bumper,Front Center Bumper,(Sport) Utility Vehicle,"Two-Way, Not Divided",,,,,Other Non-Fixed Object,Other Non-Fixed Object,,,,N,Level,Straight,Straight Ahead,No Controls,No Special Function,None,,
88535607,2021,1,COCOA,FL,32926-2973,N,Vehicle in Transport,FL,N,N,2012,CHEV,,TK,WHI,Minor,50,N,,Y,North,405 E. MERRITT ISLAND CAUSEWAY,10,10,2,,,,,Right Front Door,Right Front Door,Pickup,"Two-Way, Not Divided",,,,,Pedalcycle,Pedalcycle,,,,N,Level,Straight,Straight Ahead,No Controls,No Special Function,None,,
88549542,2021,1,ST PETERSBURG,FL,33714-0000,N,Vehicle in Transport,FL,N,N,2019,TOYT,,PK,SIL,None,0,N,,N,West,4011 28TH ST N,5,30,2,,,,,Rear Center Bumper,Rear Center Bumper,Pickup,"Two-Way, Not Divided",,,,,Pedestrian,Pedestrian,,,,N,Level,Straight,Backing,No Controls,No Special Function,None,,
88554277,2021,1,ORLANDO,FL,32818-0000,N,Vehicle in Transport,FL,N,N,2000,TOYOT,,4D,SIL,Minor,100,N,,N,South,POWERS DRIVE,20,30,2,,,,,Front Center Bumper,Front Center Bumper,Passenger Car,"Two-Way, Not Divided",,,,,Pedalcycle,Pedalcycle,,,,N,Level,Straight,Turning Left,No Controls,No Special Function,None,,
88556915,2021,1,VILLE PLATTE,LA,70726,N,Vehicle in Transport,LA,N,N,2017,NISS,,suv,BLK,Disabling,8000,Y,Rotation,N,North,SANTA ROAS BLVD,10,45,4,,,,,Left Front Fender,Left Front Fender,(Sport) Utility Vehicle,"Two-Way, Divided, Unprotected (painted >4 feet) Median",,,,,Other Non-Fixed Object,Other Non-Fixed Object,,,,N,Level,Straight,Turning Right,Traffic Control Signal,No Special Function,None,,
88558232,2021,1,LEIGH ACRES,FL,33936-0000,N,Vehicle in Transport,FL,N,N,2015,VOLV,,UT,BGE,Minor,500,Y,Rotation,N,North,HAZELWOOD AVE SOUTH,5,30,2,,,,,Front Right Bumper,Front Right Bumper,(Sport) Utility Vehicle,"Two-Way, Divided, Unprotected (painted >4 feet) Median",,,,,Motor Vehicle in Transport,Motor Vehicle in Transport,,,,N,Level,Straight,Turning Right,Traffic Control Signal,No Special Function,None,,
88568020,2021,1,ORLANDO,FL,32809-0000,N,Vehicle in Transport,FL,N,N,2014,DODG,,4D,SIL,Minor,150,N,,N,North,VOLTAIRE DR,5,25,2,,,,,Front Left Bumper,Front Left Bumper,Passenger Car,"Two-Way, Divided, Positive Median Barrier",,,,,Pedestrian,Pedestrian,,,,N,Level,Straight,Straight Ahead,Stop Sign,No Special Function,None,,
88573287,2021,1,,,,N,Vehicle in Transport,,N,Y,,FORD,,PU,BLK,Functional,500,N,,N,East,838 EGLIN PARKWAY,10,10,2,,,,,Front Right Bumper,Front Right Bumper,,One-Way Trafficway,,,,,Pedestrian,Pedestrian,,,,N,Level,Straight,Turning Right,Stop Sign,No Special Function,None,,
88578281,2021,1,NAPLES,FL,34117-0000,N,Vehicle in Transport,FL,N,N,2015,FORD,,TK,BLK,Minor,200,N,,Y,East,CR-876 (GOLDEN GATE BLVD W),45,45,4,,,,,Front Right Bumper,Front Right Bumper,Pickup,"Two-Way, Divided, Positive Median Barrier",,,,,Pedalcycle,Pedalcycle,,,,N,Level,Straight,Straight Ahead,No Controls,No Special Function,None,,
88581212,2021,1,TAMPA,FL,33619-7633,N,Vehicle in Transport,FL,N,N,2008,MAZD,,4D,BLK,Minor,1000,N,,N,North,US HIGHWAY 301,40,45,6,,,,,Front Center Bumper,Front Center Bumper,Passenger Car,"Two-Way, Divided, Positive Median Barrier",,,,,Pedalcycle,Pedalcycle,Pedalcycle,,,N,Level,Straight,Changing Lanes,No Controls,No Special Function,None,,
88583767,2021,1,NORTH FORT MYERS,FL,33903-2917,N,Vehicle in Transport,FL,N,N,2017,FORD,,UT,GRY,Minor,500,N,,N,West,US 41 BUSINESS (N TAMIAMI TRAIL),5,45,4,,,,,Front Right Bumper,Front Right Bumper,(Sport) Utility Vehicle,"Two-Way, Divided, Positive Median Barrier",,,,,Pedalcycle,Pedalcycle,,,,N,Level,Straight,Turning Right,Stop Sign,No Special Function,None,,
88963154,2021,1,LONGWOOD,FL,32750,N,Vehicle in Transport,FL,,N,2005,HOND,,4D,GRY,Minor,500,N,Driver,N,East,ACCESS ROAD FOR 945 W STATE RD 436,5,45,6,,,,,Front Right Bumper,Front Right Bumper,Passenger Car,"Two-Way, Divided, Positive Median Barrier",,,,,Motor Vehicle in Transport,Motor Vehicle in Transport,,,,N,Uphill,Straight,Turning Right,Stop Sign,No Special Function,None,,
89195515,2021,1,SUNRISE,FL,33323,N,Vehicle in Transport,FL,,N,2018,CADI,,UT,BLK,Minor,4000,N,Driver,Y,West,SR5,0,15,6,,,,,Left Front Door,Left Front Door,(Sport) Utility Vehicle,"Two-Way, Divided, Positive Median Barrier",,,,,Pedalcycle,Pedalcycle,,,,N,Level,Straight,Other,Stop Sign,No Special Function,None,,
89195592,2021,1,CORAL SPRINGS,FL,33076,N,Vehicle in Transport,FL,,N,2016,CHEV,,4D,SIL,Functional,1500,N,Driver,N,North,N FEDERAL HWY,45,45,6,,,,,Front Right Bumper,Front Right Bumper,Passenger Car,"Two-Way, Divided, Positive Median Barrier",,,,,Pedalcycle,Pedalcycle,,,,N,Level,Straight,Straight Ahead,No Controls,No Special Function,None,,
89321052,2021,1,CORAL SPRINGS,FL,33065,N,Vehicle in Transport,FL,N,N,2016,KIA,,VAN,WHI,Functional,450,N,Driver,N,West,PARKING,5,25,2,,,,,Right Front Fender,Front Right Bumper,Passenger Van,"Two-Way, Divided, Positive Median Barrier",,,,,Pedalcycle,Pedalcycle,,,,N,Level,Straight,Straight Ahead,Stop Sign,No Special Function,None,,
89349688,2021,1,BAY HARBOR ISLANDS,FL,33154,N,Vehicle in Transport,FL,,N,2017,TOYT,,4D,SIL,Minor,100,N,Driver,N,South,BAY HARBOR TERRACE,5,25,2,,,,,Hood,Hood,Passenger Car,"Two-Way, Not Divided",,,,,Motor Vehicle in Transport,Motor Vehicle in Transport,,,,N,Level,Straight,Straight Ahead,No Controls,No Special Function,None,,
89349733,2021,1,UNK,UK,00000000,N,Vehicle in Transport,FL,,Y,2013,TOYT,,4D,SIL,Minor,1000,N,Driver,N,West,BURT,10,15,1,,,,,Front Left Bumper,Front Left Bumper,Passenger Car,One-Way Trafficway,,,,,Pedalcycle,Motor Vehicle in Transport,Pedalcycle,Pedalcycle,Pedalcycle,N,Level,Straight,Slowing,Stop Sign,No Special Function,Unknown,Unknown,
89358970,2021,1,TARPON SPRINGS,FL,34688,N,Vehicle in Transport,FL,,N,2016,JEEP,,UT,PLE,Minor,50,N,Driver,N,Off-Road,PARKING LOT,3,10,2,,,,,Front Right Bumper,Front Right Bumper,Passenger Car,"Two-Way, Not Divided",,,,,Motor Vehicle in Transport,Motor Vehicle in Transport,,,,N,Level,Straight,Entering Traffic Lane,Stop Sign,No Special Function,None,,
89359077,2021,1,DUNEDIN,FL,34698,N,Vehicle in Transport,FL,,N,2007,CHEV,,VN,BLU,Minor,500,N,Driver,N,North,MILWAUKEE AVE,30,30,2,,,,,Front Left Bumper,Front Left Bumper,Passenger Car,"Two-Way, Not Divided",,,,,Pedestrian,Pedestrian,,,,N,Level,Straight,Straight Ahead,No Controls,No Special Function,None,,
89360770,2021,1,SEMINOLE,FL,33772,N,Vehicle in Transport,FL,,N,2019,JEEP,,JP,WHI,None,0,N,Driver,N,North,102ND AVE N,5,40,4,,,,,Front Right Bumper,Front Right Bumper,(Sport) Utility Vehicle,"Two-Way, Divided, Unprotected (painted >4 feet) Median",,,,,Motor Vehicle in Transport,Motor Vehicle in Transport,,,,N,Level,Straight,Turning Left,No Controls,No Special Function,None,,
89390096,2021,1,BRADENTON,FL,34208,N,Vehicle in Transport,FL,N,N,2014,CHEV,,4H,WHI,Minor,250,N,,N,South,21ST ST E,20,20,2,,,,,Front Left Bumper,Front Left Bumper,(Sport) Utility Vehicle,"Two-Way, Not Divided",,,,,Motor Vehicle in Transport,Motor Vehicle in Transport,,,,N,Level,Straight,Straight Ahead,No Controls,No Special Function,None,,
89396245,2021,1,MIAMI,FL,33156,N,Vehicle in Transport,FL,,N,2016,HOND,,UT,BLU,Minor,500,N,Driver,N,South,GULF DRIVE,5,35,2,,,,,Right Rear Door,Right Rear Door,(Sport) Utility Vehicle,"Two-Way, Not Divided",,,,,Pedalcycle,Pedalcycle,,,,N,Level,Straight,Turning Right,No Controls,No Special Function,None,,
89417907,2021,1,PEMBROKE PINES,FL,33024-4939,N,Vehicle in Transport,FL,N,N,2014,RAM,,PK,SIL,Minor,100,N,,N,East,JOHNSON ST,10,35,3,,,,,Front Center Bumper,Front Center Bumper,Pickup,"Two-Way, Not Divided",,,,,Pedalcycle,Pedalcycle,,,,N,Level,Straight,Turning Right,Traffic Control Signal,No Special Function,None,,
89461883,2021,1,JACKSONVILLE,FL,32202,N,Vehicle in Transport,FL,N,N,2015,CHEV,,4D,WHI,None,0,N,Driver,Y,South,501 E BAY STREET EXIT,5,15,1,,,,,Front Left Bumper,,Passenger Car,One-Way Trafficway,,,,,Pedestrian,Pedestrian,,,,Y,Uphill,Straight,Straight Ahead,No Controls,Police,Unknown,,
89551071,2021,1,MIAMI,FL,33130,,Vehicle in Transport,FL,,Y,2003,DODG,,VN,SIL,Functional,10,N,Driver,N,East,NW 81ST STREET,30,30,2,,,,,Front Center Bumper,Front Center Bumper,Passenger Van,"Two-Way, Not Divided",,,,,Pedalcycle,Pedalcycle,,,,N,Level,Straight,Turning Right,Stop Sign,No Special Function,None,,
89551381,2021,1,UK,OT,UK,,Vehicle in Transport,OT,,Y,,UK,,,UNK,Unknown,0,N,Other,N,West,56TH STREET,25,40,2,,,,,Front Right Bumper,Front Center Bumper,Unknown,"Two-Way, Divided, Positive Median Barrier",,,,,Pedalcycle,Pedalcycle,,,,N,Level,Straight,Straight Ahead,Traffic Control Signal,Unknown,Unknown,,
89554757,2021,1,ORLANDO,FL,32812,,Vehicle in Transport,FL,,Y,2020,CHEV,,4D,GRY,Functional,1,N,Driver,Y,South,NW 19TH AVENUE,20,25,2,,,,,Front Left Bumper,Front Left Bumper,Passenger Car,"Two-Way, Divided, Unprotected (painted >4 feet) Median",,,,,Motor Vehicle in Transport,Motor Vehicle in Transport,,,,N,Level,Straight,Unknown,No Controls,Unknown,Unknown,Unknown,
89560400,2021,1,CLERMONT,FL,34711,N,Vehicle in Transport,FL,,N,2012,MERZ,,4D,GRY,Minor,500,N,Driver,N,East,CR 565A,30,45,2,,,,,Front Right Bumper,Front Right Bumper,Passenger Car,"Two-Way, Not Divided",,,,,Pedestrian,Pedestrian,,,,N,Level,Straight,Straight Ahead,No Controls,No Special Function,None,,
89565231,2021,1,KISSIMMEE,FL,34759,N,Vehicle in Transport,FL,N,N,2018,JEEP,,SUV,WHI,Minor,200,N,,N,East,STATE ROAD 50,10,10,2,,,,,Right Front Door,Right Front Door,(Sport) Utility Vehicle,"Two-Way, Not Divided",,,,,Pedalcycle,Pedalcycle,,,,N,Level,Straight,Turning Right,No Controls,No Special Function,None,,
89565246,2021,1,POINCIANA,FL,34759-5339,N,Vehicle in Transport,FL,N,N,2007,CHRY,,4D,BLK,Functional,500,N,,N,West,STATE ROAD 50 (E. COLONIAL DR.),45,45,8,,,,,Front Center Bumper,Front Center Bumper,Passenger Car,"Two-Way, Divided, Positive Median Barrier",,,,,Motor Vehicle in Transport,Motor Vehicle in Transport,,,,N,Level,Straight,Straight Ahead,No Controls,No Special Function,None,,
89565246,2021,2,ORLANDO,FL,32807,N,Vehicle in Transport,FL,N,N,2007,CHEV,,UT,WHI,Minor,50,N,,N,West,STATE ROAD 50 (E. COLONIAL DR.),,45,8,,,,,Rear Center Bumper,Rear Center Bumper,(Sport) Utility Vehicle,"Two-Way, Divided, Positive Median Barrier",,,,,Pedestrian,Pedestrian,,,,N,Level,Straight,Stopped in Traffic,No Controls,No Special Function,None,,
89572235,2021,1,ORLANDO,FL,32839-3148,N,Vehicle in Transport,FL,N,N,2007,TOYOT,,4D,SIL,Minor,100,N,,N,East,ROYAL ELM DR,10,25,2,,,,,Right Rear Fender,Right Rear Fender,Passenger Car,"Two-Way, Not Divided",,,,,Pedestrian,Pedestrian,,,,N,Level,Straight,Turning Right,Stop Sign,No Special Function,None,,
89766496,2021,1,MIDDLEBURG,FL,32068,N,Vehicle in Transport,FL,,N,2021,HOND,,4D,BLK,Minor,100,N,Driver,N,East,25 KNIGHT BOXX PARKING LOT,2,5,1,,,,,Front Center Bumper,Front Center Bumper,Passenger Car,"Two-Way, Not Divided",,,,,Pedalcycle,Pedalcycle,,,,N,Level,Straight,Straight Ahead,No Controls,No Special Function,None,,
89801049,2021,1,PEMBROKE PINES,FL,33024,N,Vehicle in Transport,FL,,N,2006,FORD,,VN,WHI,Minor,100,N,Driver,N,East,SE 12 ST,5,30,2,,,,,Right Front Fender,Right Front Fender,Passenger Car,"Two-Way, Not Divided",,,,,Motor Vehicle in Transport,Motor Vehicle in Transport,,,,N,Level,Straight,Other,Stop Sign,No Special Function,None,,
89832565,2021,1,PALM CITY,FL,34990,N,Vehicle in Transport,FL,,N,2015,TOYT,,VN,GRY,Minor,100,N,Driver,N,South,NE JENSEN BEACH BLVD,3,15,1,,,,,Front Right Bumper,Front Right Bumper,Passenger Van,"Two-Way, Divided, Positive Median Barrier",,,,,Pedalcycle,Pedalcycle,,,,N,Level,Straight,Straight Ahead,Stop Sign,No Special Function,None,,
89856813,2021,1,VERO BEACH,FL,32962,N,Vehicle in Transport,FL,,N,2017,TOYT,,4D,BLU,Minor,500,N,Driver,N,West,JENNIFER HOPE BLVD,10,15,2,,,,,Right Rear Fender,Right Rear Fender,Passenger Car,"Two-Way, Not Divided",,,,,Motor Vehicle in Transport,Motor Vehicle in Transport,,,,N,Level,Straight,Straight Ahead,No Controls,No Special Function,None,,
89914677,2021,1,UK,UK,999999,N,Vehicle in Transport,UK,,Y,2020,UK,,UNKNOWN,BRO,Unknown,0,N,,N,North,ACCESS,10,30,2,,,,,Front Left Bumper,Front Left Bumper,Unknown,"Two-Way, Not Divided",,,,,Pedestrian,Pedestrian,,,,N,Level,Straight,Turning Left,Stop Sign,No Special Function,Unknown,Unknown,
89922858,2021,1,FAIRFIELD,CT,06824,N,Vehicle in Transport,CT,N,N,2017,AUDI,,4D,GRY,Functional,200,N,,N,South,SAN AMARO DR,10,30,3,,,,,Front Center Bumper,Front Center Bumper,Passenger Car,"Two-Way, Divided, Positive Median Barrier",,,,,Pedestrian,Pedestrian,,,,N,Level,Straight,Straight Ahead,No Controls,No Special Function,None,,
89950637,2021,1,LONGBOAT KEY,FL,34228,N,Vehicle in Transport,FL,,N,2019,NISS,,4D,WHI,Minor,200,N,Rotation,N,North,GULF OF MEXICO DR,20,45,2,,,,,Front Center Bumper,Front Center Bumper,Passenger Car,"Two-Way, Not Divided",,,,,Pedalcycle,Pedalcycle,,,,N,Level,Straight,Straight Ahead,No Controls,No Special Function,None,,
89966714,2021,1,TAMPA,FL,33602,N,Vehicle in Transport,OH,,N,2014,MAZDA,,4D,WHI,Minor,1000,N,Driver,N,West,KENNEDY BLVD,10,45,4,,,,,Left Front Fender,Left Front Fender,Passenger Car,One-Way Trafficway,,,,,Motor Vehicle in Transport,Motor Vehicle in Transport,,,,N,Level,Straight,Straight Ahead,Traffic Control Signal,No Special Function,None,,
89966714,2021,2,TAMPA,FL,33602,N,Vehicle in Transport,FL,,N,2014,TOYOT,,4D,WHI,Disabling,5000,Y,Rotation,N,West,KENNEDY BLVD,40,45,4,,,,,Front Center Bumper,Front Center Bumper,Passenger Car,One-Way Trafficway,,,,,Motor Vehicle in Transport,Motor Vehicle in Transport,,,,N,Level,Straight,Straight Ahead,Traffic Control Signal,No Special Function,None,,
89968393,2021,1,,,,N,,,,Y,,UK,,UNKNOWN,UNKNOWN,Unknown,0,N,,N,,HILLSBOROUGH AVE E,,35,3,,,,,,,Unknown,"Two-Way, Not Divided",,,,,,,,,,,Level,Straight,Unknown,,Unknown,Unknown,Unknown,
89995980,2021,1,NORTH MIAMI BEACH,FL,33160,N,Vehicle in Transport,FL,N,N,2020,TOYT,,PU,GRY,None,0,N,,N,East,E HALLANDALE BEACH BLVD,25,35,3,,,,,Right Rear Fender,,Pickup,One-Way Trafficway,,,,,Motor Vehicle in Transport,Motor Vehicle in Transport,,,,N,Level,Straight,Straight Ahead,Person,No Special Function,None,,
90106678,2021,1,LAKE WORTH,FL,33460,N,Vehicle in Transport,FL,,Y,2004,MITS,,CV,RED,Unknown,0,N,Driver,N,West,2650 PARKING LOT,10,10,2,,,,,Front Center Bumper,Front Center Bumper,Passenger Car,"Two-Way, Not Divided",,,,,Pedalcycle,Pedalcycle,,,,N,Level,Straight,Straight Ahead,No Controls,No Special Function,None,,
90129043,2021,1,MIAMI,FL,33127,N,Vehicle in Transport,FL,,N,2015,TOYT,,4D,SIL/SIL,Minor,300,N,Driver,N,West,SW 2ND ST,10,30,2,,,,,Front Right Bumper,Front Center Bumper,Passenger Car,"Two-Way, Not Divided",,,,,Pedestrian,Pedestrian,,,,N,Level,Straight,Straight Ahead,Stop Sign,No Special Function,None,,
24125969,2022,1,,,32803,N,Vehicle in Transport,FL,,N,2014,NISS,,4D,GRY,Functional,2000,N,Driver,N,East,WOODCREST DR,20,25,2,,,,,Right Front Door,Right Rear Door,Passenger Car,"Two-Way, Not Divided",,,,,Motor Vehicle in Transport,Motor Vehicle in Transport,,,,N,Level,Straight,Straight Ahead,No Controls,No Special Function,None,,
24182287,2022,1,,,33009,N,Vehicle in Transport,FL,N,N,2021,LEXS,,4D,WHI,Minor,100,Y,Owner Request,N,North,SR A1A,20,35,3,,,,,Right Front Fender,Right Front Fender,Passenger Car,"Two-Way, Divided, Positive Median Barrier",,,,,Pedalcycle,Pedalcycle,,,,N,Level,Straight,Turning Right,No Controls,No Special Function,None,,
24224961,2022,1,,,33125,,Vehicle in Transport,FL,,N,2017,HOND,,4D,BLK,Minor,1000,N,Driver,N,North,WEST AVE,0,20,2,,,,,Left Front Door,Left Front Door,Passenger Car,"Two-Way, Not Divided",,,,,Motor Vehicle in Transport,Motor Vehicle in Transport,,,,N,Level,Straight,Parked,No Controls,No Special Function,None,,
24225872,2022,1,,,33054,,Vehicle in Transport,FL,,N,2014,DODG,,4D,WHI,None,100,N,Driver,N,West,18TH ST,15,30,2,,,,,Right Front Fender,Right Front Fender,Passenger Car,"Two-Way, Not Divided",,,,,Motor Vehicle in Transport,Motor Vehicle in Transport,,,,N,Level,Straight,Other,No Controls,No Special Function,None,,
24226171,2022,2,,,33139,,Vehicle in Transport,FL,,N,2004,VOLV,,SW,RED,Functional,1000,N,Driver,N,South,LENOX AVE,20,25,2,,,,,Right Front Door,Right Front Door,Passenger Car,"Two-Way, Not Divided",,,,,Motor Vehicle in Transport,Motor Vehicle in Transport,,,,N,Level,Straight,Straight Ahead,Stop Sign,No Special Function,None,,
24226315,2022,1,,,33147,,Vehicle in Transport,FL,,N,2019,TOYT,,UT,BLK,Minor,50,N,Driver,N,West,14TH ST,5,30,2,,,,,Left Rear Fender,Left Rear Fender,(Sport) Utility Vehicle,"Two-Way, Not Divided",,,,,,Pedestrian,,,,N,Level,Straight,Turning Right,Traffic Control Signal,No Special Function,None,,
24227151,2022,1,,,33139,,Vehicle in Transport,FL,,N,2017,MERZ,,4D,BLK,Minor,1000,N,Driver,N,West,15TH ST (SR A1A),10,30,2,,,,,Left Front Door,Left Front Door,Passenger Car,"Two-Way, Divided, Unprotected (painted >4 feet) Median",,,,,Motor Vehicle in Transport,Motor Vehicle in Transport,,,,N,Level,Straight,Straight Ahead,No Controls,No Special Function,None,,
24227318,2022,1,,,33139,,Vehicle in Transport,FL,,N,2021,NISS,,4D,BLK,None,0,N,Driver,N,West,15TH ST,5,30,2,,,,,,,Passenger Car,"Two-Way, Not Divided",,,,,Pedalcycle,Pedalcycle,,,,N,Level,Straight,Turning Right,Traffic Control Signal,No Special Function,None,,
24228051,2022,1,,,33127,,Vehicle in Transport,FL,,N,2016,RAM,,PK,RED,Functional,1000,Y,Driver,N,North,ALTON RD (SR 907),30,35,4,,,,,Right Rear Door,Right Rear Door,Pickup,"Two-Way, Not Divided",,,,,,Pedalcycle,,,,N,Level,Straight,Straight Ahead,Traffic Control Signal,No Special Function,None,,
24228095,2022,1,,,31324,,Vehicle in Transport,GA,,N,2013,LEXS,,4D,WHI,Functional,500,N,Driver,N,West,14TH ST,5,30,2,,,,,Left Front Fender,Left Front Fender,Passenger Car,"Two-Way, Not Divided",,,,,,Pedalcycle,,,,N,Level,Straight,Turning Right,Traffic Control Signal,No Special Function,None,,
24311768,2022,1,,,33183,N,Vehicle in Transport,FL,N,N,2021,CHEV,,PK,SIL,None,0,N,Driver,N,West,NW 29TH ST,5,25,2,,,,,Front Right Bumper,,Pickup,"Two-Way, Not Divided",,,,,Pedalcycle,Pedalcycle,,,,N,Level,Straight,Straight Ahead,Traffic Control Signal,No Special Function,None,,
24346732,2022,1,,,34237,,Vehicle in Transport,FL,,N,2016,MAZD,,4D,BLK,Minor,300,N,Driver,N,East,MADISON CT.,5,25,1,,,,,Front Left Bumper,Front Left Bumper,Passenger Car,"Two-Way, Not Divided",,,,,Motor Vehicle in Transport,Motor Vehicle in Transport,,,,N,Level,Straight,Straight Ahead,Stop Sign,No Special Function,None,,
24346922,2022,2,,,34243,,Vehicle in Transport,FL,,N,2022,HOND,,4D,GRY,Minor,500,N,Driver,N,North,WASHINGTON BLVD. N/S,5,45,7,,,,,Left Front Fender,Left Front Fender,Passenger Car,"Two-Way, Divided, Positive Median Barrier",,,,,Motor Vehicle in Transport,Motor Vehicle in Transport,,,,N,Level,Straight,Straight Ahead,Traffic Control Signal,No Special Function,None,,
24347153,2022,1,,,34242,,Vehicle in Transport,FL,Y,N,2020,MERZ,,SW,BGE,Minor,250,N,Driver,N,North,FLAMINGO AVE.,10,25,4,,,,,Front Center Bumper,Front Center Bumper,(Sport) Utility Vehicle,"Two-Way, Not Divided",,,,,Motor Vehicle in Transport,Motor Vehicle in Transport,,,,Y,Level,Straight,Turning Right,Stop Sign,No Special Function,None,,
24347153,2022,2,,,34239,,Vehicle in Transport,NA,,N,,UK,,,BLK,None,1,N,Other,N,West,SIESTA DR.,20,30,2,,,,,Left Front Door,Left Front Door,Low Speed Vehicle,"Two-Way, Not Divided",,,,,Motor Vehicle in Transport,Motor Vehicle in Transport,,,,Y,Level,Straight,Straight Ahead,No Controls,No Special Function,None,,
24392253,2022,1,,,33013,,Vehicle in Transport,FL,,N,2017,TOYT,,4D,BLK,Minor,200,N,Driver,N,South,SW 82ND AVE,,30,2,,,,,Right Front Fender,Right Front Fender,Passenger Car,"Two-Way, Divided, Unprotected (painted >4 feet) Median",,,,,Pedalcycle,Pedalcycle,,,,N,Level,Straight,Straight Ahead,No Controls,No Special Function,None,,
24397161,2022,1,,,,,Vehicle in Transport,,,Y,,UK,,,,Unknown,0,N,Other,N,South,HOMESTEAD AVE&W JESSAMINE ST,5,30,0,,,,,Front Center Bumper,Front Center Bumper,Unknown,Unknown,,,,,Motor Vehicle in Transport,Motor Vehicle in Transport,,,,N,Level,Straight,Straight Ahead,Unknown,Unknown,Unknown,,
24413317,2022,1,,,36784,N,Vehicle in Transport,AL,N,N,2016,JEEP,,4D,GRY,Minor,500,N,,N,South,US HIGHWAY 98,5,20,2,,,,,Front Center Bumper,Front Center Bumper,Passenger Car,"Two-Way, Not Divided",,,,,Pedalcycle,Pedalcycle,,,,N,Level,Straight,Straight Ahead,Stop Sign,No Special Function,None,None,
24446935,2022,1,,,33013,N,Vehicle in Transport,FL,,Y,2011,MAZDA,,4D,RED,Functional,500,N,Other,N,North,92ND AVE NW,15,40,4,,,,,Front Left Bumper,Front Left Bumper,Passenger Car,"Two-Way, Not Divided",,,,,Pedestrian,Pedestrian,,,,N,Level,Straight,Turning Right,No Controls,No Special Function,None,,
24453342,2022,1,,,33309,N,Vehicle in Transport,FL,N,N,2018,BMW,,SPUV,GRY,Minor,500,N,Owner Request,N,South,N SR 7,5,40,3,,,,,Right Front Door,Right Front Door,(Sport) Utility Vehicle,"Two-Way, Not Divided",,,,,Pedestrian,Pedestrian,,,,N,Level,Straight,Turning Right,Stop Sign,No Special Function,None,,
24466420,2022,1,,,,,,,,Y,,UK,,UNKNOWN,UNKNOWN,Unknown,0,N,,N,,,,,,,,,,,,Unknown,Unknown,,,,,Parked Motor Vehicle,Parked Motor Vehicle,Motor Vehicle in Transport,,,,Level,Straight,Unknown,No Controls,Unknown,Unknown,Unknown,
24466420,2022,2,,,32117,N,Parked Motor Vehicle,FL,,N,2006,JEEP,,UT,SIL,Minor,1000,N,Driver,N,Off-Road,,0,10,0,,,,,Front Center Bumper,Front Center Bumper,Passenger Car,Unknown,,,,,Parked Motor Vehicle,Parked Motor Vehicle,,,,N,Level,Straight,Parked,No Controls,No Special Function,None,,
24466606,2022,1,,,32807,N,Vehicle in Transport,FL,N,N,2015,NISS,,4D,WHI,Functional,500,N,Driver,N,North,S 56TH AV,20,30,2,,,,,Left Front Fender,Left Front Fender,Passenger Car,"Two-Way, Not Divided",,,,,Pedalcycle,Pedalcycle,,,,N,Level,Straight,Straight Ahead,No Controls,No Special Function,None,,
24467009,2022,1,,,74134,N,Vehicle in Transport,FL,N,N,2018,VOLV,,SPUV,BLK,Minor,800,N,,N,East,HOLLYWOOD BLVD,20,35,2,,,,,Right Front Fender,Right Front Fender,(Sport) Utility Vehicle,"Two-Way, Divided, Positive Median Barrier",,,,,Pedalcycle,Pedalcycle,,,,N,Level,Straight,Turning Left,No Controls,No Special Function,None,,
24467114,2022,1,,,33021,N,Vehicle in Transport,FL,N,N,2010,MITS,,4D,RED,Minor,100,N,Owner Request,N,South,2721 STIRLING RD,3,,2,,,,,Front Right Bumper,Front Right Bumper,Passenger Car,"Two-Way, Not Divided",,,,,Pedestrian,Pedestrian,,,,N,Level,Straight,Turning Right,Stop Sign,No Special Function,None,,
24469517,2022,1,,,33460,N,Vehicle in Transport,FL,N,N,2019,SUBA,,4D,BGE,Functional,1000,N,,N,South,S OCEAN DR,20,40,4,,,,,Left Front Fender,Left Front Fender,(Sport) Utility Vehicle,"Two-Way, Divided, Positive Median Barrier",,,,,Pedestrian,Pedestrian,,,,N,Level,Straight,Straight Ahead,No Controls,No Special Function,None,,
24469692,2022,1,,,33028,N,Vehicle in Transport,FL,N,N,2019,CHEV,,UT,SIL,Minor,1000,N,,N,North,N ST RD 7,40,45,6,,,,,Front Center Bumper,Front Center Bumper,Passenger Car,"Two-Way, Divided, Positive Median Barrier",,,,,Motor Vehicle in Transport,Motor Vehicle in Transport,,,,N,Level,Straight,Straight Ahead,No Controls,No Special Function,None,,
