REPORT_NUMBER,CRASH_YEAR,PERSON_NUMBER,STATUTE_NUMBER,CHARGE,CITATION_NUMBER
24826952,2021,1,316.125(2),FAILED TO YIELD/STOP AT SIDEWALK - FROM ALLEY/BLDG./PRIVATE,AEZKGFE
24851731,2021,1,316.1925(1),CARELESS DRIVING,A3B0Y7E
83983880,2021,2,316.1995,SIDEWALK/BICYCLE PATH - DRIVING ON,AFJAE0E
24482466,2022,2,316.121,FAILED TO YIELD - APPROACHING/ENTERING INTERSECTION,AFM8ZUE
85027069,2021,2,316.2045(1),PEDESTRIAN - OBSTRUCTING/HINDERING TRAFFIC/HIGHWAY,ACRL6AE
85075568,2021,1,316.1925,CARELESS DRIVING,A0QBZ0P
87491998,2021,1,316.1925(1),CARELESS DRIVING,A36MQSE
88313526,2021,1,322.34(1),UNKNOWINGLY OPERATING VEHICLE WHILE DL SUSPENDED/ CANCELED/R,AD8UY5E
88313526,2021,1,316.151(1)(a),IMPROPER RIGHT TURN,AFBH52E
88398019,2021,2,316.130(10),PEDESTRIAN FAILED TO YIELD TO TRAFFIC,ACTIG5E
88436680,2021,1,316.130(10),PEDESTRIAN FAILED TO YIELD TO TRAFFIC,ACW2FFE
88436680,2021,2,322.03(4),NO DRIVER LICENSE FOR THE OPERATION OF MOTORCYCLE,ACW2FGE
88436680,2021,2,320.07(3)(a),OPERATING A MOTOR VEHICLE/USING A MOBILE HOME WITH AN EXPIRE,ACW2FHE
88439848,2021,1,316.083(1),OVERTAKING AND PASSING A VEHICLE CUTTING IN,ACU24BE
88439848,2021,4,316.2123(1),ATV - IMPROPER OPERATION ON PUBLIC ROADWAYS,ACU24DE
88510970,2021,1,322.03(5),EXPIRED DL (MORE THAN 6 MONTHS),AD55XQE
88535607,2021,1,320.07(3)(b),OPERATING A MOTOR VEHICLE/USING A MOBILE HOME WITH AN EXPIRE,ACXZGRE
88549542,2021,1,316.1985(1),BACKING - IMPROPER,AD7LNVE
88554277,2021,1,316.122,FAIL TO YIELD - TO ONCOMING TRAFFIC/VEHICLE PASSING ON LEFT,AD7QN2E
88554277,2021,1,316.065(1),CRASH - DRIVER FAILURE TO REPORT CRASH (INJURY/DEATH/PROPERT,AD7QN3E
88554277,2021,1,316.066(1)(d),CRASH - FAILURE TO PROVIDE PROOF OF INSURANCE (ALL PARTIES),AD7QN4E
88558232,2021,1,316.075(1)(c)1,FAIL TO STOP AT STEADY RED SIGNAL,AFEM4QE
88568020,2021,1,316.123(2)(a),RAN STOP SIGN,AD875PE
88578281,2021,1,316.089(1),FAIL TO DRIVE IN SINGLE LANE,AFEA9FE
88581212,2021,1,316.089,FAILED TO USE DESIGNATED LANE/ FAILED TO DRIVE WITHIN SINGLE,AFBHS1E
88583767,2021,1,316.123(2)(a),RAN STOP SIGN/VIOLATION OF RIGHT OF WAY FROM STOP SIGN,AFBPFCE
88583767,2021,2,316.2065(1),VIOLATION BICYCLE REGULATIONS,AFBPFDE
88963154,2021,1,316.1925,CARELESS DRIVING,AE1RJ7E
89321052,2021,1,316.125-2,FTYROW/STOP AT SIDEWALK TO VEH/PED,ADLD87E
89349733,2021,1,316.027(2),CRASH - LEAVING SCENE ON PUBLIC OR PRIVATE PROPERTY WITHOUT,0000000
89396245,2021,1,316.1925(1),CARELESS DRIVING,AE0WIVE
89551071,2021,1,316.027(2)(a),CRASH - Leaving scene on public/private property without ren,A38LYYP
89565231,2021,1,316.130(15),FAILED TO USE DUE CARE TOWARD PEDESTRIAN,AFCG69E
89565246,2021,1,316.123(2)(a),RAN STOP SIGN/VIOLATION OF RIGHT OF WAY FROM STOP SIGN,AFCG6WE
89922858,2021,1,3161307,FAILED TO YIELD / PEDESTRIAN,AFTJCRE
89950637,2021,1,316.084(1),IMPROPER ON RIGHT,AFDRW7E
89966714,2021,1,316.1925,CARELESS DRIVING,ADLXLJE
90129043,2021,1,316.123(2)(a),RAN STOP SIGN/VIOLATION OF RIGHT OF WAY FROM STOP SIGN,AF8IILE
24182287,2022,1,3161925,CARELESS DRIVING,A5F9D7P
24224961,2022,1,316.2005,OPEN DOOR INTO MOVING TRAFFIC,AFY69WE
24226171,2022,1,316.123(2)(a),RAN STOP SIGN,AFY5KJE
24226315,2022,1,316.130(7)(a),FAIL YLD ROW/PED AT INTRSCTN,AG6J0HE
24227318,2022,1,316.075(1)(a)1,"'STEADY GREEN LIGHT,VEH/FAC/FAI/OY'",AG6JICE
24228095,2022,2,316.075(1)(c )1,"'Steady RED light, vehicle facing, failed to yield while tur",AGLXR7E
24311768,2022,1,316.130(7)(A),PEDESTRIAN -DRIVER F.T.Y. TO PED AT INTERSECTION,AFJG74E
24346922,2022,1,316.130(1),PEDESTRIAN OBEDIENCE- TRAFFIC CONTROL DEVICE,AETGFOE
24392253,2022,1,316.1925(1),CARELESS DRIVING,201486WA
24413317,2022,1,316.122,FAIL TO YIELD - TO ONCOMING TRAFFIC/VEHICLE PASSING ON LEFT,AFCO4YE
24446935,2022,1,316.130(15),FAILED TO USE DUE CARE TOWARD PEDESTRIAN,AFSOF7E
24446935,2022,1,316.027(2)(a),CRASH - LEAVING SCENE ON PUBLIC OR PRIVATE PROPERTY WITHOUT,AFSOF8E
24467114,2022,1,316.125-1,FTY/S AT SIDEWALK- ALLEY/BLDG/PRIV RD/DRIVE WAY TO VEH APPR,A5G8YMP
24469692,2022,1,322.34-1,DRIVE WHILE LICENSE SUSP W/O KNOWLEDGE,AG3PBWE
24469692,2022,1,316.123-2A,RAN STOP SIGN,AG3PBXE
24469692,2022,1,320.02-1,FAIL TO REGISTER MOTOR VEH,AG3PBYE
