REPORT_NUMBER,CRASH_YEAR,CRASH_DATE_AND_TIME,REPORT_DATE_AND_TIME,INVESTIGATING_AGENCY_REPORT_NUMBER,FORM_TYPE,TOTAL_NUMBER_OF_VEHICLES,TOTAL_NUMBER_OF_PERSONS,COUNTY_CODE,CITY_CODE,COUNTY_NAME,CITY_NAME,RURAL_OR_URBAN,NOTIFIED_TIME,DISPATCHED_TIME,ARRIVED_TIME,CLEARED_TIME,COMPLETED_FLAG,NOTIFIED_BY,ON_STREET_ROAD_HIGHWAY,STREET_ADDRESS_NUMBER,LATITUDE,LONGITUDE,FEET_FROM_INTERSECTION,DIRECTION_FROM_INTERSECTION,FROM_INTERSECTION_OF,MILEPOST_NUMBER,ROAD_SYSTEM_IDENTIFER,TYPE_OF_SHOULDER,TYPE_OF_INTERSECTION,PHOTOS_TAKEN,LIGHT_CONDITION,WEATHER_CONDITION,ROAD_SURFACE_CONDITION,SCHOOL_BUS_RELATED_CODE,TYPE_OF_IMPACT,FIRST_HARMFUL_EVENT,LOCATION,INTERCHANGE_FLAG,JUNCTION_FLAG,ROAD_CIRCUMSTANCES_1,ROAD_CIRCUMSTANCES_2,ROAD_CIRCUMSTANCES_3,ENVIRONMENT_CIRCUMSTANCES_1,ENVIRONMENT_CIRCUMSTANCES_2,ENVIRONMENT_CIRCUMSTANCES_3,WORK_ZONE_RELATED_FLAG,CRASH_IN_WORK_ZONE,TYPE_OF_WORK_ZONE,WORKERS_PRESENT,LAW_ENFORCEMENT_PRESENT,INVESTIGATOR_RANK,INVESTIGATING_AGENCY_NAME,INVESTIGATING_AGENCY_TYPE,LOAD_DATE,UPDATE_DATE,DAYS_TO_LOAD,CODEABLE,S4_CRASH_TYPE,S4_CRASH_TYPE_SIMPLIFIED,S4_CRASH_SEVERITY,S4_CRASH_SEVERITY_DETAIL,S4_DAY_OR_NIGHT,S4_IS_AGGRESSIVE_DRIVING,S4_IS_ALCOHOL_RELATED,S4_IS_CMV_INVOLVED,S4_IS_DISTRACTED,S4_IS_DRUG_RELATED,S4_IS_HIT_AND_RUN,S4_IS_INTERSECTION_RELATED,S4_IS_LANE_DEPARTURE_RELATED,S4_IS_SPEEDING_RELATED,S4_NONE_INJURY_COUNT,S4_INJURY_COUNT,S4_POSSIBLE_INJURY_COUNT,S4_NON_INCAPACITATING_INJURY_COUNT,S4_INCAPACITATING_INJURY_COUNT,S4_FATALITY_COUNT,S4_FATALITY_WITHIN_30_DAYS_COUNT,S4_NON_TRAFFIC_FATALITY_COUNT,S4_TRAILER_COUNT,S4_MOTORCYCLE_COUNT,S4_MOPED_COUNT,S4_NON_MOTORIST_COUNT,S4_BICYCLIST_COUNT,S4_PEDESTRIAN_COUNT,S4_DRIVER_COUNT,S4_AGING_DRIVER_COUNT,S4_TEENAGER_DRIVER_COUNT,S4_PASSENGER_COUNT,S4_UNRESTRAINED_COUNT,S4_UNRESTRAINED_INJURY_COUNT,S4_UNRESTRAINED_INCAPACITATING_INJURY_COUNT,S4_UNRESTRAINED_FATALITY_COUNT,S4_MOTORCYCLIST_COUNT,S4_MOTORCYCLIST_INCAPACITATING_INJURY_COUNT,S4_MOTORCYCLIST_FATALITY_COUNT,S4_IS_PEDESTRIAN_INVOLVED,S4_PEDESTRIAN_INCAPACITATING_INJURY_COUNT,S4_PEDESTRIAN_FATALITY_COUNT,S4_IS_BICYCLIST_INVOLVED,S4_BICYCLIST_INCAPACITATING_INJURY_COUNT,S4_BICYCLIST_FATALITY_COUNT,S4_CITATION_COUNT,S4_CITATION_AMOUNT,S4_PROPERTY_DAMAGE_COUNT,S4_PROPERTY_DAMAGE_AMOUNT,S4_VEHICLE_DAMAGE_COUNT,S4_VEHICLE_DAMAGE_AMOUNT,S4_TOTAL_DAMAGE_AMOUNT,S4_TRANSPORT_BY_EMS_COUNT,S4_TRANSPORT_BY_LAW_ENFORCEMENT_COUNT,S4_TRANSPORT_BY_OTHER_COUNT,S4_GEOLOCATION_STATUS,S4_PRELIMINARY_GEOLOCATION_STATUS,S4_X,S4_Y,S4_LATITUDE,S4_LONGITUDE
24877920,2022,29-JUL-2022 07:18 PM,29-JUL-2022 12:00 AM,TI22-14469,L,1,3,4,70,Pinellas,Treasure Island,Urban,7/29/2022 7:22:00 PM,7/29/2022 7:22:00 PM,7/29/2022 7:24:00 PM,7/29/2022 8:18:00 PM,Y,Law Enforcement,GULF BLVD,,27.778292,-82.779464,4,South,123RD AVE,,State,Paved,Not at Intersection,Y,Dusk,Cloudy,Dry,N,,Pedalcycle,On Roadway,N,Non-Junction,None,,,None,,,N,,,,,POLICE OFFICER,Treasure Island Police Department,Police Department (PD),8/2/2022 1:41:00 PM,8/2/2022 1:41:00 PM,4,Y,Bicycle,Bicycle,Injury,Non-Incapacitating Injury,NIGHT,N,N,N,N,N,N,N,N,N,2,1,0,1,0,0,0,0,0,0,0,1,1,0,1,0,0,1,0,0,0,0,0,0,0,N,0,0,Y,0,0,0,0,0,0,1,1500,1500,0,0,0,Preliminary,Editor Mapped,324655.9355,3073910.187,27.7782722944599,-82.7795634291459
24885816,2022,23-JUN-2022 08:29 AM,23-JUN-2022 09:28 AM,FHP22ON0316751,L,1,4,4,0,Pinellas,Unincorporated,Rural,6/23/2022 8:31:00 AM,6/23/2022 8:34:00 AM,6/23/2022 8:43:00 AM,6/23/2022 9:59:00 AM,Y,Law Enforcement,COUNTY ROAD 611 (EAST LAKE ROAD),,28.16607,-82.69803,0,,COUNTY ROAD 966 (TRINITY BOULEVARD),,County,Paved,T-Intersection,N,Daylight,Clear,Dry,N,Angle,Motor Vehicle in Transport,On Roadway,N,Intersection,None,,,None,,,N,,,,,SGT,Florida Highway Patrol,Florida Highway Patrol (FHP),6/27/2022 1:29:00 PM,6/27/2022 1:29:00 PM,4,Y,Single Vehicle,Other,Serious Injury,Incapacitating Injury,DAY,N,N,N,N,N,N,Y,N,N,1,3,0,0,3,0,0,0,0,0,0,3,3,0,1,0,1,0,0,0,0,0,0,0,0,N,0,0,Y,3,0,1,0,2,9000,1,3000,12000,3,0,0,Preliminary,Editor Mapped,333288.5382,3116765.2409,28.1660693470949,-82.6980289406261
24891800,2022,04-MAY-2022 02:01 PM,04-MAY-2022 03:04 PM,FHP22ON0224274,L,1,2,17,40,Seminole,Longwood,Rural,5/4/2022 2:01:00 PM,5/4/2022 2:10:00 PM,5/4/2022 2:27:00 PM,5/4/2022 4:17:00 PM,Y,Law Enforcement,US 17-92,,28.7270816902864,-81.3135264542805,26,North,GOLDEN BIRCH LN,,U.S.,Curb,T-Intersection,N,Daylight,Clear,Dry,N,Angle,Pedalcycle,Off Roadway,N,Driveway/Alley Access Related,None,,,None,,,N,,,,,TPR,Florida Highway Patrol,Florida Highway Patrol (FHP),5/11/2022 1:38:00 PM,5/11/2022 1:38:00 PM,7,Y,Bicycle,Bicycle,Injury,Possible Injury,DAY,N,N,N,N,N,N,N,N,N,1,1,1,0,0,0,0,0,0,0,0,1,1,0,1,0,0,0,0,0,0,0,0,0,0,N,0,0,Y,0,0,1,0,1,200,1,1000,1200,1,0,0,Verified,n/a,469453.9842,3177838.0996,28.7275222084981,-81.3127967049039
24893977,2022,30-MAR-2022 08:08 PM,30-MAR-2022 09:46 PM,FHP22ON0159526,L,1,3,16,0,Sarasota,Unincorporated,Rural,3/30/2022 8:13:00 PM,3/30/2022 8:39:00 PM,3/30/2022 9:15:00 PM,3/30/2022 10:42:00 PM,Y,Law Enforcement,DR MARTIN LUTHER KING JR WAY,,27.3597456676075,-82.5241382886428,21,North,NEWTOWN BLVD,,Local,Unpaved,T-Intersection,Y,Dark - Lighted,Clear,Dry,N,Angle,Pedalcycle,On Roadway,N,Intersection,None,,,None,,,N,,,,,TPR,Florida Highway Patrol,Florida Highway Patrol (FHP),4/1/2022 1:33:00 PM,4/1/2022 1:33:00 PM,2,Y,Bicycle,Bicycle,Serious Injury,Incapacitating Injury,NIGHT,N,N,N,N,N,N,Y,N,N,2,1,0,0,1,0,0,0,0,0,0,1,1,0,1,0,1,1,0,0,0,0,0,0,0,N,0,0,Y,1,0,1,0,1,1200,1,3000,4200,1,0,0,Preliminary,Editor Mapped,349255.0597,3027204.3012,27.3597573778691,-82.5241495983421
24894031,2022,27-JAN-2022 02:10 PM,27-JAN-2022 03:18 PM,FHP22ON0043239,L,2,3,7,0,Orange,Unincorporated,Rural,1/27/2022 2:16:00 PM,1/27/2022 2:39:00 PM,1/27/2022 2:59:00 PM,1/27/2022 4:12:00 PM,Y,Law Enforcement,STATE ROAD 50 (E. COLONIAL DRIVE),,28.56692,-81.20755,0,,STATE ROAD 434 (N. ALAFAYA TRAIL),,State,Curb,Four-Way Intersection,N,Daylight,Clear,Dry,N,Front to Rear,Motor Vehicle in Transport,On Roadway,N,Intersection,None,,,None,,,N,,,,,TPR,Florida Highway Patrol,Florida Highway Patrol (FHP),1/29/2022 1:35:00 PM,1/29/2022 1:35:00 PM,2,Y,Rear End,Rear End,Injury,Possible Injury,DAY,N,N,N,N,N,N,Y,N,N,2,1,1,0,0,0,0,0,0,0,0,1,1,0,2,0,0,0,0,0,0,0,0,0,0,N,0,0,Y,0,0,1,0,0,0,2,4000,4000,0,0,0,Preliminary,Editor Mapped,479674.0603,3159987.4771,28.5665972511072,-81.2078241283168
24894033,2022,27-JAN-2022 06:00 PM,02-MAR-2022 02:25 PM,FHP22ON0043702,L,1,2,7,0,Orange,Unincorporated,Rural,1/27/2022 6:03:00 PM,1/27/2022 6:06:00 PM,1/27/2022 6:18:00 PM,1/27/2022 8:09:00 PM,Y,Law Enforcement,STATE ROAD 15 (HOFFNER AVE.),,28.48067,-81.30249,126,West,APRIL LANE,,State,Curb,Not at Intersection,N,Dark - Lighted,Clear,Dry,N,Other,Pedalcycle,On Roadway,N,Driveway/Alley Access Related,None,,,None,,,N,,,,,TPR,Florida Highway Patrol,Florida Highway Patrol (FHP),1/30/2022 1:22:00 PM,3/25/2022 1:34:00 PM,3,Y,Bicycle,Bicycle,Serious Injury,Incapacitating Injury,DAY,N,N,Y,N,N,N,N,N,N,1,1,0,0,1,0,0,0,0,0,0,1,1,0,1,0,0,0,0,0,0,0,0,0,0,N,0,0,Y,1,0,1,0,1,10,0,0,10,1,0,0,Verified,n/a,470418.172,3150484.2397,28.4806385681013,-81.302216015925
24895011,2022,16-MAR-2022 12:38 AM,16-MAR-2022 01:30 AM,FHP22ON0130639,L,1,3,19,42,Brevard,Melbourne,Rural,3/16/2022 12:43:00 AM,3/16/2022 12:45:00 AM,3/16/2022 1:02:00 AM,3/16/2022 2:08:00 AM,Y,Law Enforcement,COUNTY ROAD 509 (N WICKHAM RD),,28.23036,-80.69182,140,East,FOREST LAKE AVE,,County,Curb,Not at Intersection,N,Dark - Not Lighted,Rain,Wet,N,Front to Rear,Motor Vehicle in Transport,On Roadway,N,Non-Junction,Road Surface Condition,,,Weather Conditions,,,N,,,,,TPR,Florida Highway Patrol,Florida Highway Patrol (FHP),3/21/2022 1:33:00 PM,3/21/2022 1:33:00 PM,5,Y,Single Vehicle,Other,Injury,Possible Injury,NIGHT,N,N,N,N,N,N,N,N,N,1,2,2,0,0,0,0,0,0,0,0,2,1,0,1,0,0,0,0,0,0,0,0,0,0,N,0,0,Y,0,0,0,0,1,500,1,3000,3500,2,0,0,Preliminary,Editor Mapped,529946.5802,3122787.56,28.2306206299599,-80.6947735317265
24895135,2022,03-MAR-2022 08:47 PM,03-MAR-2022 09:16 PM,FHP22ON0107359,L,1,3,4,0,Pinellas,Unincorporated,Rural,3/3/2022 8:52:00 PM,3/3/2022 8:53:00 PM,3/3/2022 9:08:00 PM,3/3/2022 10:00:00 PM,Y,Law Enforcement,110TH AVE N,,27.87274,-82.78698,25,East,SEMINOLE BLVD,,Local,Paved,Four-Way Intersection,N,Dark - Lighted,Clear,Dry,N,Angle,Pedalcycle,On Roadway,N,Intersection-Related,None,,,None,,,N,,,,,TPR,Florida Highway Patrol,Florida Highway Patrol (FHP),3/15/2022 1:41:00 PM,3/15/2022 1:41:00 PM,12,Y,Bicycle,Bicycle,Injury,Possible Injury,NIGHT,N,N,N,N,N,N,Y,N,N,2,1,1,0,0,0,0,0,0,0,0,2,2,0,1,0,0,0,0,0,0,0,0,0,0,N,0,0,Y,0,0,0,0,0,0,1,150,150,1,0,0,Preliminary,Editor Mapped,324085.6894,3084387.3853,27.872734707997,-82.786896402076
24905799,2022,20-APR-2022 05:22 PM,20-APR-2022 06:10 PM,FHP22ON0198049,L,1,2,19,32,Brevard,Cocoa,Rural,4/20/2022 5:27:00 PM,4/20/2022 5:32:00 PM,4/20/2022 5:43:00 PM,4/20/2022 6:34:00 PM,Y,Law Enforcement,STATE ROAD 501 (CLEARLAKE ROAD),,28.3604871549082,-80.7549821775768,263,North,LAKE DRIVE,,State,Curb,Not at Intersection,N,Daylight,Clear,Dry,N,"Sideswipe, Same Direction",Pedalcycle,On Roadway,N,Non-Junction,None,,,None,,,N,,,,,TPR,Florida Highway Patrol,Florida Highway Patrol (FHP),5/1/2022 1:26:00 PM,5/1/2022 1:26:00 PM,11,Y,Bicycle,Bicycle,Injury,Possible Injury,DAY,N,N,N,N,N,N,N,Y,N,1,1,1,0,0,0,0,0,0,0,0,1,1,0,1,1,0,0,0,0,0,0,0,0,0,N,0,0,Y,0,0,1,0,0,0,1,100,100,1,0,0,Preliminary,Editor Mapped,524009.6364,3137217.893,28.361002378636,-80.7549863808173
24909263,2022,05-APR-2022 07:15 PM,06-APR-2022 08:06 AM,FHP22ON0170835,L,1,2,7,46,Orange,Orlando,Rural,4/5/2022 7:24:00 PM,4/6/2022 7:31:00 AM,4/6/2022 7:41:00 AM,4/6/2022 8:14:00 AM,Y,Law Enforcement,LEXINGTON SUMMIT STREET,,28.55713,-81.19842,0,,SOMERSET OAKS STREET,,County,Unpaved,T-Intersection,N,Daylight,Clear,Dry,N,Angle,Pedalcycle,On Roadway,N,Intersection,None,,,None,,,N,,,,,TPR,Florida Highway Patrol,Florida Highway Patrol (FHP),4/22/2022 2:00:00 PM,4/22/2022 2:00:00 PM,17,Y,Bicycle,Bicycle,Serious Injury,Incapacitating Injury,NIGHT,N,N,N,N,N,Y,Y,N,N,1,1,0,0,1,0,0,0,0,0,0,1,1,0,1,0,0,0,0,0,0,0,0,0,0,N,0,0,Y,1,0,0,0,1,100,0,0,100,1,0,0,Preliminary,Editor Mapped,480473.9904,3158932.5188,28.5570869477044,-81.1996272552142
24909718,2022,22-MAR-2022 02:28 PM,22-MAR-2022 02:57 PM,FHP22ON0143341,L,1,2,28,0,Pasco,Unincorporated,Rural,3/22/2022 2:28:00 PM,3/22/2022 2:32:00 PM,3/22/2022 2:49:00 PM,3/22/2022 3:19:00 PM,Y,Law Enforcement,CR-518 (TROUBLE CREEK RD),,28.22405,-82.73394,173,East,U.S. HWY 19 (SR-55),,County,Paved,Four-Way Intersection,Y,Daylight,Clear,Dry,N,"Sideswipe, Same Direction",Motor Vehicle in Transport,On Roadway,N,Intersection-Related,None,,,None,,,N,,,,,TPR,Florida Highway Patrol,Florida Highway Patrol (FHP),3/28/2022 1:27:00 PM,3/28/2022 1:27:00 PM,6,N,Single Vehicle,Other,No Injury,No Injury,DAY,N,N,N,N,N,N,Y,N,N,2,0,0,0,0,0,0,0,0,0,0,1,1,0,1,0,0,0,0,0,0,0,0,0,0,N,0,0,Y,0,0,0,0,0,0,1,1200,1200,0,0,0,Preliminary,Editor Mapped,329942.2268,3123271.703,28.2243497365384,-82.7330469861054
24911056,2022,21-APR-2022 06:33 AM,21-APR-2022 07:36 AM,FHP22ON0198696,L,1,2,18,0,Lee,Unincorporated,Rural,4/21/2022 6:38:00 AM,4/21/2022 6:42:00 AM,4/21/2022 7:09:00 AM,4/21/2022 8:26:00 AM,Y,Law Enforcement,CR 884 (LEE BLVD),,26.6170545600709,-81.6918600215677,31,East,TERRY AVE,,County,Curb,T-Intersection,N,Dawn,Clear,Dry,N,Angle,Motor Vehicle in Transport,On Roadway,N,Intersection,None,,,None,,,N,,,,,TPR,Florida Highway Patrol,Florida Highway Patrol (FHP),4/28/2022 1:37:00 PM,4/28/2022 1:37:00 PM,7,Y,Single Vehicle,Other,Injury,Non-Incapacitating Injury,NIGHT,N,N,N,N,N,N,Y,N,N,1,1,0,1,0,0,0,0,0,0,0,1,1,0,1,0,0,0,0,0,0,0,0,0,0,N,0,0,Y,0,0,1,0,1,250,1,500,750,1,0,0,Preliminary,Editor Mapped,431134.0652,2944216.877,26.6171353747758,-81.6917692718053
24920715,2022,31-MAR-2022 06:01 PM,31-MAR-2022 07:47 PM,FHP22ON0161126,L,1,2,28,0,Pasco,Unincorporated,Rural,3/31/2022 6:01:00 PM,3/31/2022 6:28:00 PM,3/31/2022 6:28:00 PM,3/31/2022 7:47:00 PM,Y,Law Enforcement,LANGLADE DRIVE,,28.1848570424229,-82.6918699835893,2,West,MITCHELL BLVD,,County,Curb,Not at Intersection,N,Daylight,Clear,Dry,N,Angle,Pedalcycle,On Roadway,N,Non-Junction,None,,,None,,,N,,,,,TPR,Florida Highway Patrol,Florida Highway Patrol (FHP),4/11/2022 1:27:00 PM,4/11/2022 1:27:00 PM,11,Y,Bicycle,Bicycle,Injury,Non-Incapacitating Injury,DAY,N,N,N,N,N,N,N,N,N,1,1,0,1,0,0,0,0,0,0,0,1,1,0,1,0,0,0,0,0,0,0,0,0,0,N,0,0,Y,0,0,0,0,1,50,1,200,250,1,0,0,Preliminary,Editor Mapped,333922.2919,3118837.6127,28.1848484658427,-82.691870472616
24926736,2022,04-MAY-2022 04:32 PM,04-MAY-2022 05:17 PM,FHP22ON0224630,L,1,2,4,36,Pinellas,Clearwater,Rural,5/4/2022 4:35:00 PM,5/4/2022 4:55:00 PM,5/4/2022 5:13:00 PM,5/4/2022 5:46:00 PM,Y,Law Enforcement,ALMA AVE,,27.91464,-82.70722,0,,ROOSEVELT BLVD,,Local,Curb,T-Intersection,N,Daylight,Clear,Dry,N,Other,Pedalcycle,On Roadway,N,Intersection,None,,,None,,,N,,,,,TPR,Florida Highway Patrol,Florida Highway Patrol (FHP),5/13/2022 1:36:00 PM,5/13/2022 1:36:00 PM,9,Y,Bicycle,Bicycle,Injury,Non-Incapacitating Injury,DAY,N,N,N,Y,N,N,Y,N,N,1,1,0,1,0,0,0,0,0,0,0,1,1,0,1,0,0,0,0,0,0,0,0,0,0,N,0,0,Y,0,0,1,0,1,150,1,100,250,1,0,0,Preliminary,Editor Mapped,331996.5065,3088931.33,27.9147543087542,-82.7072133035451
24930286,2022,18-APR-2022 07:27 PM,19-APR-2022 01:55 AM,FHP22ON0194648,L,1,2,28,0,Pasco,Unincorporated,Rural,4/18/2022 7:27:00 PM,4/19/2022 1:16:00 AM,4/19/2022 1:24:00 AM,4/19/2022 3:24:00 AM,Y,Law Enforcement,4305 CEDAR GROVE ST (PARKING LOT),,28.19093,-82.74335,,,GALLVER DR,,County,Paved,Not at Intersection,N,Dark - Lighted,Clear,Dry,N,Other,Parked Motor Vehicle,Off Roadway,N,Non-Junction,None,,,None,,,N,,,,,TPR,Florida Highway Patrol,Florida Highway Patrol (FHP),4/26/2022 1:40:00 PM,4/26/2022 1:40:00 PM,8,Y,Single Vehicle,Other,Injury,Possible Injury,NIGHT,N,N,N,N,N,N,N,N,N,1,1,1,0,0,0,0,0,0,0,0,2,2,0,0,0,0,0,0,0,0,0,0,0,0,N,0,0,Y,0,0,0,0,0,0,1,200,200,0,0,0,Preliminary,Editor Mapped,328896.8493,3119587.2791,28.1909704289582,-82.7431564179882
24931002,2022,02-APR-2022 02:35 PM,02-APR-2022 03:17 PM,FHP22ON0164696,L,1,2,64,0,Collier,Unincorporated,Rural,4/2/2022 2:44:00 PM,4/2/2022 2:47:00 PM,4/2/2022 3:08:00 PM,4/2/2022 4:00:00 PM,Y,Law Enforcement,BAMBOO DR,,26.12836,-81.76857,3,South,US 41 (SR 90),,Local,Unpaved,Four-Way Intersection,N,Daylight,Cloudy,Dry,N,Other,Pedestrian,Off Roadway,N,Intersection,None,,,None,,,N,,,,,TPR,Florida Highway Patrol,Florida Highway Patrol (FHP),4/14/2022 1:35:00 PM,4/14/2022 1:35:00 PM,12,Y,Pedestrian,Pedestrian,Injury,Possible Injury,DAY,N,N,N,N,N,N,Y,N,N,1,1,1,0,0,0,0,0,0,0,0,1,1,0,1,0,0,0,0,0,0,0,0,0,0,N,0,0,Y,0,0,1,0,0,0,1,100,100,1,0,0,Preliminary,Editor Mapped,423166.6186,2890123.9165,26.1283414573994,-81.7685603755657
24932927,2022,05-APR-2022 09:33 PM,06-APR-2022 03:22 AM,FHP22ON0170963,L,1,3,7,46,Orange,Orlando,Rural,4/5/2022 9:35:00 PM,4/6/2022 3:17:00 AM,4/6/2022 3:17:00 AM,4/6/2022 3:45:00 AM,Y,Law Enforcement,901 S. ORANGE BLOSSOM TRAIL,,28.51734,-81.39391,87,North,GORE STREET,,Other,Curb,Not at Intersection,N,Dark - Not Lighted,Clear,Dry,N,Other,Pedalcycle,On Roadway,N,Driveway/Alley Access Related,None,,,None,,,N,,,,,TPR,Florida Highway Patrol,Florida Highway Patrol (FHP),5/19/2022 1:42:00 PM,5/19/2022 1:42:00 PM,44,Y,Bicycle,Bicycle,Injury,Non-Incapacitating Injury,NIGHT,N,N,N,Y,N,N,N,N,N,1,2,0,2,0,0,0,0,0,0,0,2,2,0,1,0,0,0,0,0,0,0,0,0,0,N,0,0,Y,0,0,1,0,0,0,1,250,250,2,0,0,Preliminary,Editor Mapped,461544.8,3154603.268,28.5175869889559,-81.393004978222
24935071,2022,10-MAY-2022 05:19 PM,10-MAY-2022 05:51 PM,FHP22ON0236225,S,1,2,4,0,Pinellas,Unincorporated,Rural,5/10/2022 5:20:00 PM,5/10/2022 5:31:00 PM,5/10/2022 5:43:00 PM,5/10/2022 6:07:00 PM,Y,Law Enforcement,56TH AVENUE NORTH,,27.82288,-82.68972,0,,42ND STREET NORTH,,Local,Unpaved,Four-Way Intersection,N,Daylight,Clear,Dry,N,Angle,Pedalcycle,On Roadway,N,Intersection,None,,,None,,,N,,,,,TPR,Florida Highway Patrol,Florida Highway Patrol (FHP),5/14/2022 1:36:00 PM,5/14/2022 1:36:00 PM,4,N,Bicycle,Bicycle,No Injury,No Injury,DAY,N,N,N,N,N,N,Y,N,N,2,0,0,0,0,0,0,0,0,0,0,1,1,0,1,0,0,0,0,0,0,0,0,0,0,N,0,0,Y,0,0,0,0,0,0,1,500,500,0,0,0,Preliminary,Computer plot approximate by lat/long,333578.2229,3078727.1474,27.8228748322446,-82.6897166129365
24939793,2022,13-AUG-2022 04:00 AM,13-AUG-2022 04:41 AM,FHP22ON0410725,L,1,2,1,63,Miami-Dade,Kendall,Urban,8/13/2022 4:23:00 AM,8/13/2022 4:24:00 AM,8/13/2022 4:29:00 AM,8/13/2022 5:37:00 AM,Y,Law Enforcement,SR-94,,25.68741,-80.35778,19,East,SW 102ND AVE,,Local,Paved,Not at Intersection,N,Dark - Not Lighted,Clear,Dry,N,Other,Pedalcycle,On Roadway,N,Non-Junction,None,,,None,,,N,,,,,TPR,Florida Highway Patrol,Florida Highway Patrol (FHP),8/28/2022 1:29:00 PM,8/28/2022 1:29:00 PM,15,Y,Bicycle,Bicycle,Injury,Possible Injury,NIGHT,N,N,N,N,N,Y,N,N,N,1,1,1,0,0,0,0,0,0,0,0,1,1,0,1,0,0,0,0,0,0,0,0,0,0,N,0,0,Y,0,0,0,0,0,0,0,0,0,1,0,0,Preliminary,Editor Mapped,564482.5816,2841193.3231,25.6871332712125,-80.3573757625352
24942908,2022,05-AUG-2022 05:50 PM,05-AUG-2022 06:56 PM,FHP22ON0397514,L,1,2,19,41,Brevard,Mims,Rural,8/5/2022 6:05:00 PM,8/5/2022 6:07:00 PM,8/5/2022 6:23:00 PM,8/5/2022 7:52:00 PM,Y,Law Enforcement,STATE ROAD 46 (MAIN STREET),,28.66605,-80.8819,106,West,TURPENTINE ROAD,,State,Paved,Not at Intersection,N,Daylight,Clear,Dry,N,Angle,Motor Vehicle in Transport,On Roadway,N,Non-Junction,None,,,None,,,N,,,,,TPR,Florida Highway Patrol,Florida Highway Patrol (FHP),8/8/2022 1:29:00 PM,8/8/2022 1:29:00 PM,3,Y,Single Vehicle,Other,Serious Injury,Incapacitating Injury,DAY,N,N,N,N,N,N,N,Y,N,1,1,0,0,1,0,0,0,0,0,0,1,1,0,1,0,0,0,0,0,0,0,0,0,0,N,0,0,Y,1,0,0,0,1,800,1,250,1050,1,0,0,Preliminary,Editor Mapped,511507.9469,3170988.1246,28.6660022990052,-80.8822251657342
24944762,2022,24-MAY-2022 01:08 PM,24-MAY-2022 04:01 PM,FHP22ON0261896,L,1,2,7,46,Orange,Orlando,Rural,5/24/2022 1:10:00 PM,5/24/2022 2:58:00 PM,5/24/2022 3:49:00 PM,5/24/2022 4:01:00 PM,Y,Law Enforcement,STATE ROAD 431 ( PINE HILLS ROAD),,28.57677,-81.45145,,,STATE ROAD 438 (SILVER STAR ROAD),,Parking Lot,Curb,Not at Intersection,N,Daylight,Clear,Dry,N,Other,Pedalcycle,On Roadway,N,Driveway/Alley Access Related,None,,,None,,,N,,,,,TPR,Florida Highway Patrol,Florida Highway Patrol (FHP),6/22/2022 1:40:00 PM,6/22/2022 1:40:00 PM,29,Y,Bicycle,Bicycle,Injury,Non-Incapacitating Injury,DAY,N,N,N,N,N,N,N,N,N,1,1,0,1,0,0,0,0,0,0,0,1,1,0,1,0,0,0,0,0,0,0,0,0,0,N,0,0,Y,0,0,1,0,1,100,1,600,700,1,0,0,Preliminary,Editor Mapped,455835.6167,3161189.0965,28.5768513160566,-81.4516038928779
24944800,2022,03-JUN-2022 05:00 PM,03-JUN-2022 11:31 PM,FHP22ON0281605,L,1,4,7,46,Orange,Orlando,Rural,6/3/2022 5:20:00 PM,6/3/2022 9:57:00 PM,6/3/2022 11:20:00 PM,6/4/2022 12:29:00 AM,Y,Law Enforcement,PARK MANOR DR,,28.5690863232397,-81.2254936684858,0,,US-50 (COLONIAL DR),,U.S.,Paved,Not at Intersection,N,Daylight,Clear,Dry,N,Unknown,Pedestrian,On Roadway,N,Intersection-Related,None,,,None,,,N,,,,,TPR,Florida Highway Patrol,Florida Highway Patrol (FHP),6/7/2022 1:41:00 PM,6/7/2022 1:41:00 PM,4,Y,Pedestrian,Pedestrian,Injury,Possible Injury,DAY,N,N,N,Y,N,N,Y,N,N,3,1,1,0,0,0,0,0,0,0,0,2,2,0,1,0,0,1,0,0,0,0,0,0,0,N,0,0,Y,0,0,1,0,0,0,1,500,500,1,0,0,Preliminary,Editor Mapped,477945.009,3160261.7177,28.5690444557946,-81.2255081151932
24944832,2022,27-APR-2022 04:45 PM,27-APR-2022 05:11 PM,FHP22ON0211240,L,1,2,9,0,Escambia,Unincorporated,Rural,4/27/2022 4:55:00 PM,4/27/2022 4:58:00 PM,4/27/2022 5:11:00 PM,4/27/2022 5:55:00 PM,Y,Law Enforcement,U.S. HIGHWAY 90 (MOBILE HIGHWAY),,30.42875,-87.27061,0,,WEBB LANE,,U.S.,Unpaved,Not at Intersection,N,Daylight,Clear,Dry,N,Other,Pedestrian,On Roadway,N,Non-Junction,None,,,None,,,N,,,,,TPR,Florida Highway Patrol,Florida Highway Patrol (FHP),4/29/2022 1:36:00 PM,4/29/2022 1:36:00 PM,2,Y,Pedestrian,Pedestrian,Injury,Non-Incapacitating Injury,DAY,N,N,N,N,N,N,N,N,N,1,1,0,1,0,0,0,0,0,0,0,1,1,0,1,0,0,0,0,0,0,0,0,0,0,N,0,0,Y,0,0,1,0,1,1000,1,2500,3500,1,0,0,Preliminary,Editor Mapped,-102750.117,3383055.4038,30.428864622557,-87.2705298675244
24949958,2022,21-JUN-2022 09:40 AM,21-JUN-2022 11:49 AM,FHP22ON0313318,L,1,2,7,0,Orange,Unincorporated,Urban,6/21/2022 9:45:00 AM,6/21/2022 11:09:00 AM,6/21/2022 11:33:00 AM,6/21/2022 12:45:00 PM,Y,Law Enforcement,MCCOY RD,,28.4515872904366,-81.2666631957079,0,,STATE ROAD 15(NARCOOSSEE RD),,Local,Curb,T-Intersection,N,Daylight,Clear,Dry,N,Other,Pedalcycle,On Roadway,Y,Intersection,None,,,None,,,N,,,,,TPR,Florida Highway Patrol,Florida Highway Patrol (FHP),6/28/2022 1:41:00 PM,6/28/2022 1:41:00 PM,7,Y,Bicycle,Bicycle,Injury,Non-Incapacitating Injury,DAY,N,N,N,N,N,N,Y,N,N,1,1,0,1,0,0,0,0,0,0,0,1,1,0,1,0,0,0,0,0,0,0,0,0,0,N,0,0,Y,0,0,0,0,0,0,1,300,300,1,0,0,Preliminary,Editor Mapped,473894.5489,3147254.1258,28.4515559661729,-81.2666275439447
24950203,2022,12-MAY-2022 06:40 PM,12-MAY-2022 08:05 PM,FHP22ON0239967,L,1,2,7,46,Orange,Orlando,Rural,5/12/2022 6:44:00 PM,5/12/2022 7:12:00 PM,5/12/2022 7:43:00 PM,5/12/2022 9:20:00 PM,Y,Law Enforcement,653 ALAFAYA TRL N,,28.5566949278818,-81.2068782147977,,,WATERFORD LAKES PARKWAY,,Other,Paved,Not at Intersection,N,Daylight,Clear,Dry,N,Other,Pedestrian,On Roadway,N,Intersection-Related,None,,,None,,,N,,,,,SGT,Florida Highway Patrol,Florida Highway Patrol (FHP),5/18/2022 1:39:00 PM,5/18/2022 1:39:00 PM,6,Y,Pedestrian,Pedestrian,Injury,Possible Injury,DAY,N,N,N,Y,N,N,Y,N,N,1,1,1,0,0,0,0,0,0,0,0,1,1,0,1,0,0,0,0,0,0,0,0,0,0,N,0,0,Y,0,0,1,0,1,200,1,100,300,0,0,0,Preliminary,Editor Mapped,479774.7361,3158889.7726,28.556690398135,-81.2067754008945
24950990,2022,06-JUN-2022 08:48 AM,06-JUN-2022 09:22 AM,FHP22ON0285955,L,1,2,14,0,Marion,Unincorporated,Rural,6/6/2022 8:53:00 AM,6/6/2022 8:55:00 AM,6/6/2022 9:12:00 AM,6/6/2022 9:58:00 AM,Y,Law Enforcement,NW 21ST STREET,,29.20834,-82.21825,0,,NW 60TH AVENUE,,Local,Curb,Not at Intersection,N,Daylight,Clear,Dry,N,Other,Pedalcycle,On Roadway,N,Other,None,,,None,,,N,,,,,TPR,Florida Highway Patrol,Florida Highway Patrol (FHP),6/20/2022 1:29:00 PM,6/20/2022 1:29:00 PM,14,Y,Bicycle,Bicycle,Injury,Possible Injury,DAY,N,N,N,N,N,N,N,N,N,1,1,1,0,0,0,0,0,0,0,0,1,1,0,1,1,0,0,0,0,0,0,0,0,0,N,0,0,Y,0,0,0,0,0,0,1,250,250,0,0,0,Preliminary,Editor Mapped,381584.7998,3231688.3436,29.208391791976,-82.2181657072158
24951025,2022,25-JUN-2022 10:13 PM,25-AUG-2022 01:52 PM,FHP22ON0322162,L,1,2,14,0,Marion,Unincorporated,Rural,6/25/2022 10:18:00 PM,6/25/2022 10:20:00 PM,6/25/2022 10:40:00 PM,6/25/2022 11:54:00 PM,Y,Law Enforcement,COUNTY ROAD 326,,29.26706,-82.19909,488,West,NW 49TH AVENUE,,County,Unpaved,Not at Intersection,Y,Dark - Not Lighted,Cloudy,Dry,N,Front to Rear,Pedalcycle,On Roadway,N,Non-Junction,None,,,None,,,N,,,,,CPL,Florida Highway Patrol,Florida Highway Patrol (FHP),7/14/2022 1:37:00 PM,10/4/2022 1:38:00 PM,19,Y,Bicycle,Bicycle,Fatality,Fatal (within 30 days),NIGHT,N,N,N,N,N,Y,N,N,N,1,0,0,0,0,1,1,0,0,0,0,1,1,0,1,0,0,0,0,0,0,0,0,0,0,N,0,0,Y,0,1,0,0,1,500,0,0,500,1,0,0,Verified,n/a,383094.0818,3238161.2708,29.2669416535543,-82.2033252601477
24951121,2022,09-NOV-2022 05:16 PM,09-NOV-2022 05:38 PM,FHP22ON0580207,L,1,2,38,0,Monroe,Unincorporated,Rural,11/9/2022 5:17:00 PM,11/9/2022 5:17:00 PM,11/9/2022 5:23:00 PM,11/9/2022 6:54:00 PM,Y,Law Enforcement,US 1 (STATE ROAD 5),,24.59486,-81.6618,0,,4TH STREET,,U.S.,Unpaved,Not at Intersection,Y,Daylight,Clear,Dry,N,Other,Motor Vehicle in Transport,On Roadway,N,Non-Junction,None,,,None,,,N,,,,,TPR,Florida Highway Patrol,Florida Highway Patrol (FHP),11/14/2022 2:46:00 PM,11/14/2022 2:46:00 PM,5,Y,Single Vehicle,Other,Injury,Non-Incapacitating Injury,DAY,N,N,N,N,N,N,N,N,N,1,1,0,1,0,0,0,0,0,0,0,1,1,0,1,0,0,0,0,0,0,0,0,0,0,N,0,0,Y,0,0,1,0,1,500,1,1000,1500,1,0,0,Preliminary,Editor Mapped,432952.1128,2720213.2555,24.5945311519193,-81.6622678550795
24951348,2022,07-MAY-2022 12:10 PM,07-MAY-2022 01:18 PM,FHP22ON0230008,L,1,3,19,45,Brevard,Merritt Island,Rural,5/7/2022 12:20:00 PM,5/7/2022 12:30:00 PM,5/7/2022 12:45:00 PM,5/7/2022 1:53:00 PM,Y,Law Enforcement,STATE ROAD 3 (N COURTENAY PARKWAY),,28.36926,-80.70038,1,South,RICHLAND AVENUE,,State,Curb,Not at Intersection,N,Daylight,Cloudy,Dry,N,Other,Pedalcycle,On Roadway,N,Driveway/Alley Access Related,None,,,None,,,N,,,,,TPR,Florida Highway Patrol,Florida Highway Patrol (FHP),5/14/2022 1:36:00 PM,5/14/2022 1:36:00 PM,7,Y,Bicycle,Bicycle,Injury,Possible Injury,DAY,N,N,N,N,N,N,N,N,N,2,1,1,0,0,0,0,0,0,0,0,1,1,0,1,0,0,1,0,0,0,0,0,0,0,N,0,0,Y,0,0,0,0,1,800,1,2000,2800,0,0,1,Preliminary,Editor Mapped,529357.9502,3138143.3037,28.3692467839087,-80.7003849845932
24951501,2022,13-MAY-2022 09:00 AM,13-MAY-2022 10:51 AM,FHP22ON0240758,L,1,4,7,46,Orange,Orlando,Rural,5/13/2022 9:05:00 AM,5/13/2022 9:10:00 AM,5/13/2022 10:17:00 AM,5/13/2022 11:35:00 AM,Y,Law Enforcement,MERE PKWY,,28.3659,-81.2381,400,North,WINNINGTON ST,,County,Paved,Not at Intersection,N,Daylight,Clear,Dry,N,Other,Pedestrian,On Roadway,N,Non-Junction,None,,,None,,,N,,,,,TPR,Florida Highway Patrol,Florida Highway Patrol (FHP),5/19/2022 1:42:00 PM,5/19/2022 1:42:00 PM,6,Y,Pedestrian,Pedestrian,Injury,Possible Injury,DAY,N,N,N,Y,N,N,N,N,N,3,1,1,0,0,0,0,0,0,0,0,1,1,0,1,0,0,2,0,0,0,0,0,0,0,N,0,0,Y,0,0,1,0,1,500,1,300,800,0,0,1,Preliminary,Editor Mapped,476660.1107,3137742.234,28.3657475780538,-81.238189598211
24951557,2022,24-JUN-2022 09:00 PM,25-JUN-2022 03:03 AM,FHP22ON0320325,L,1,2,7,54,Orange,Winter Park,Rural,6/24/2022 9:09:00 PM,6/25/2022 2:07:00 AM,6/25/2022 2:25:00 AM,6/25/2022 3:21:00 AM,Y,Law Enforcement,UNIVERSITY PARK DR,,28.59732,-81.30455,,,UNIVERSITY BLVD,,Private Roadway,Curb,Not at Intersection,N,Dark - Not Lighted,Clear,Dry,N,Other,Pedalcycle,Roadside,N,Driveway/Alley Access Related,None,,,None,,,N,,,,,TPR,Florida Highway Patrol,Florida Highway Patrol (FHP),7/3/2022 1:30:00 PM,7/3/2022 1:30:00 PM,9,Y,Bicycle,Bicycle,Injury,Possible Injury,NIGHT,N,N,N,Y,N,N,N,N,N,1,1,1,0,0,0,0,0,0,0,0,1,1,0,1,1,0,0,0,0,0,0,0,0,0,N,0,0,Y,0,0,0,0,1,1,1,300,301,1,0,0,Preliminary,Editor Mapped,470217.7337,3163317.7155,28.5964748293689,-81.3045967206226
24954552,2022,10-AUG-2022 09:11 AM,10-AUG-2022 09:47 AM,FHP22ON0405337,L,1,2,6,64,Palm Beach,Lantana,Urban,8/10/2022 9:31:00 AM,8/10/2022 9:33:00 AM,8/10/2022 9:44:00 AM,8/10/2022 10:15:00 AM,Y,Law Enforcement,INTERSTATE 95 (STATE ROAD 9) EXIT RAMP,,26.5723230252146,-80.0699108856249,0,,HYPOLUXO RD,,Interstate,Paved,Not at Intersection,N,Daylight,Clear,Dry,N,Other,Pedestrian,On Roadway,Y,Entrance/Exit Ramp,None,,,None,,,N,,,,,LT,Florida Highway Patrol,Florida Highway Patrol (FHP),9/8/2022 1:42:00 PM,9/8/2022 1:42:00 PM,29,Y,Pedestrian,Pedestrian,Injury,Non-Incapacitating Injury,DAY,Y,N,N,N,N,N,N,N,N,1,1,0,1,0,0,0,0,0,0,0,1,1,0,1,0,0,0,0,0,0,0,0,0,0,N,0,0,Y,0,0,2,0,1,500,1,500,1000,1,0,0,Preliminary,Editor Mapped,592667.3915,2940043.415,26.5780944353678,-80.0694682205521
24955358,2022,19-AUG-2022 02:35 PM,19-AUG-2022 03:06 PM,FHP22ON0421999,L,1,2,38,52,Monroe,Tavernier,Urban,8/19/2022 2:42:00 PM,8/19/2022 2:47:00 PM,8/19/2022 2:52:00 PM,8/19/2022 3:14:00 PM,Y,Law Enforcement,91256 OVERSEAS HWY,,25.004052262963,-80.523003391091,360,West,US-1 MM 91,,Parking Lot,Unpaved,Y-Intersection,N,Daylight,Clear,Dry,N,Angle,Motor Vehicle in Transport,On Roadway,N,Non-Junction,None,,,None,,,N,,,,,TPR,Florida Highway Patrol,Florida Highway Patrol (FHP),8/31/2022 1:44:00 PM,8/31/2022 1:44:00 PM,12,Y,Single Vehicle,Other,Injury,Non-Incapacitating Injury,DAY,N,N,N,N,N,N,N,N,N,1,1,0,1,0,0,0,0,0,0,0,1,1,0,1,0,0,0,0,0,0,0,0,0,0,N,0,0,Y,0,0,1,0,1,100,0,0,100,0,0,1,Preliminary,Editor Mapped,548147.9164,2765468.4106,25.0039368418972,-80.5228497791241
24958019,2022,09-JUL-2022 12:26 PM,09-JUL-2022 01:55 PM,FHP22ON0346860,L,1,4,20,0,St. Johns,Unincorporated,Rural,7/9/2022 12:26:00 PM,7/9/2022 12:29:00 PM,7/9/2022 12:41:00 PM,7/9/2022 2:51:00 PM,Y,Law Enforcement,STATE ROAD 207,,29.85091,-81.35784,50,South,HILL TOP ROAD,,State,Paved,Four-Way Intersection,N,Daylight,Clear,Dry,N,Angle,Pedalcycle,On Roadway,N,Intersection,None,,,None,,,N,,,,,TPR,Florida Highway Patrol,Florida Highway Patrol (FHP),7/20/2022 1:38:00 PM,7/20/2022 1:38:00 PM,11,Y,Bicycle,Bicycle,Injury,Non-Incapacitating Injury,DAY,N,N,N,N,N,N,Y,N,N,3,1,0,1,0,0,0,0,0,0,0,1,1,0,1,0,0,2,0,0,0,0,0,0,0,N,0,0,Y,0,0,1,0,1,50,1,3000,3050,1,0,0,Preliminary,Editor Mapped,465428.8417,3302303.9518,29.8507750464519,-81.3579092156731
24958609,2022,06-AUG-2022 07:43 PM,06-AUG-2022 08:34 PM,FHP22ON0399562,L,1,3,4,46,Pinellas,Largo,Rural,8/6/2022 7:46:00 PM,8/6/2022 7:50:00 PM,8/6/2022 8:17:00 PM,8/6/2022 9:14:00 PM,Y,Law Enforcement,105TH AVENUE N,,27.86836,-82.83238,0,,COUNTY ROAD 233 (OAKHURST ROAD),,Local,Unpaved,T-Intersection,N,Dusk,Clear,Dry,N,Angle,Pedalcycle,On Roadway,N,Intersection,None,,,None,,,N,,,,,TPR,Florida Highway Patrol,Florida Highway Patrol (FHP),8/14/2022 1:27:00 PM,8/14/2022 1:27:00 PM,8,Y,Bicycle,Bicycle,Injury,Non-Incapacitating Injury,NIGHT,N,N,N,N,N,N,Y,N,N,2,1,0,1,0,0,0,0,0,0,0,1,1,0,1,0,0,1,0,0,0,0,0,0,0,N,0,0,Y,0,0,1,0,1,1,1,500,501,0,0,0,Preliminary,Editor Mapped,319608.2347,3083964.3904,27.8683213653127,-82.8322943879516
24962168,2022,05-JUL-2022 09:18 PM,05-JUL-2022 09:47 PM,FHP22ON0340345,L,1,3,28,0,Pasco,Unincorporated,Rural,7/5/2022 9:18:00 PM,7/5/2022 9:21:00 PM,7/5/2022 9:34:00 PM,7/5/2022 10:59:00 PM,Y,Law Enforcement,TRILBY RD,,28.46102,-82.20009,15,East,ROBBINS RD,,County,Unpaved,Not at Intersection,Y,Dark - Not Lighted,Clear,Dry,N,Other,Motor Vehicle in Transport,On Roadway,N,Non-Junction,None,,,None,,,N,,,,,TPR,Florida Highway Patrol,Florida Highway Patrol (FHP),7/12/2022 1:44:00 PM,7/12/2022 1:44:00 PM,7,Y,Single Vehicle,Other,Serious Injury,Incapacitating Injury,NIGHT,N,N,N,N,N,N,N,N,N,1,2,0,0,2,0,0,0,0,0,0,2,2,0,1,0,1,0,0,0,0,0,0,0,0,N,0,0,Y,2,0,0,0,1,150,1,5000,5150,2,0,0,Preliminary,Editor Mapped,382565.6728,3148883.5459,28.4612370494691,-82.1994768208406
24970089,2022,25-JUL-2022 04:48 PM,25-JUL-2022 05:38 PM,FHP22ON0377172,L,1,2,33,0,Santa Rosa,Unincorporated,Rural,7/25/2022 4:58:00 PM,7/25/2022 5:06:00 PM,7/25/2022 5:22:00 PM,7/25/2022 5:45:00 PM,Y,Law Enforcement,US HIGHWAY 90,,30.61595,-87.05257,368,South,STATE ROAD 89,,U.S.,Paved,Not at Intersection,N,Daylight,Clear,Dry,N,Front to Rear,Motor Vehicle in Transport,Shoulder,N,Non-Junction,None,,,None,,,N,,,,,TPR,Florida Highway Patrol,Florida Highway Patrol (FHP),7/31/2022 1:28:00 PM,7/31/2022 1:28:00 PM,6,Y,Single Vehicle,Other,Injury,Non-Incapacitating Injury,DAY,N,N,N,N,N,N,N,N,N,0,2,1,1,0,0,0,0,0,0,0,1,1,0,1,1,0,0,0,0,0,0,0,0,0,N,0,0,Y,0,0,0,0,1,1000,1,1000,2000,2,0,0,Preliminary,Editor Mapped,-80639.6520999996,3402695.2517,30.61594113289,-87.052560382621
24977067,2022,23-JUL-2022 12:47 PM,23-JUL-2022 01:21 PM,FHP22ON0372870,L,1,4,28,0,Pasco,Unincorporated,Rural,7/23/2022 12:47:00 PM,7/23/2022 12:50:00 PM,7/23/2022 1:05:00 PM,7/23/2022 2:06:00 PM,Y,Law Enforcement,STATE ROAD 54,,28.1999303716173,-82.647050151815,0,,STARKEY BLVD,,State,Curb,T-Intersection,N,Daylight,Clear,Dry,N,Angle,Pedalcycle,On Roadway,N,Intersection-Related,None,,,None,,,N,,,,,TPR,Florida Highway Patrol,Florida Highway Patrol (FHP),7/25/2022 1:31:00 PM,7/25/2022 1:31:00 PM,2,Y,Bicycle,Bicycle,Injury,Non-Incapacitating Injury,DAY,N,N,N,N,N,N,Y,N,N,3,1,0,1,0,0,0,0,0,0,0,1,1,0,1,1,0,2,0,0,0,0,0,0,0,N,0,0,Y,0,0,1,0,1,200,1,3000,3200,1,0,0,Preliminary,Editor Mapped,338340.5362,3120461.0261,28.2000457983504,-82.6471008546281
24977842,2022,25-JUL-2022 05:28 PM,26-JUL-2022 02:01 AM,FHP22ON0377103,L,1,2,7,0,Orange,Unincorporated,Rural,7/25/2022 5:33:00 PM,7/26/2022 1:10:00 AM,7/26/2022 1:27:00 AM,7/26/2022 3:07:00 AM,Y,Law Enforcement,TOWN CENTER BLVD,,28.36419,-81.42403,0,,CR 423 (S JOHN YOUNG PKWY)),,Local,Curb,Not at Intersection,N,Daylight,Clear,Dry,N,Angle,Motor Vehicle in Transport,On Roadway,N,Intersection-Related,None,,,None,,,N,,,,,TPR,Florida Highway Patrol,Florida Highway Patrol (FHP),7/27/2022 1:40:00 PM,7/27/2022 1:40:00 PM,2,Y,Single Vehicle,Other,Injury,Non-Incapacitating Injury,DAY,N,N,N,N,N,N,Y,N,N,1,1,0,1,0,0,0,0,0,0,0,1,1,0,1,0,0,0,0,0,0,0,0,0,0,N,0,0,Y,0,0,0,0,1,100,1,500,600,1,0,0,Preliminary,Editor Mapped,458478.0276,3137659.7573,28.3645526792331,-81.423736245386
24979839,2022,07-JUL-2022 03:50 PM,07-JUL-2022 07:23 PM,FHP22ON0343514,L,1,2,43,55,Okaloosa,Destin,Urban,7/7/2022 3:56:00 PM,7/7/2022 4:04:00 PM,7/7/2022 5:21:00 PM,7/7/2022 6:30:00 PM,Y,Law Enforcement,U.S.HIGHWAY 98,,30.3873320954977,-86.4486932391041,57,North,HENDERSON BEACH ROAD,,U.S.,Paved,Not at Intersection,N,Daylight,Cloudy,Dry,N,Other,Pedalcycle,On Roadway,N,Driveway/Alley Access Related,None,,,None,,,N,,,,,TPR,Florida Highway Patrol,Florida Highway Patrol (FHP),7/12/2022 1:44:00 PM,7/12/2022 1:44:00 PM,5,Y,Bicycle,Bicycle,Injury,Possible Injury,DAY,N,N,N,N,N,Y,N,N,N,0,2,2,0,0,0,0,0,0,0,0,2,2,0,0,0,0,0,0,0,0,0,0,0,0,N,0,0,Y,0,0,0,0,0,0,0,0,0,2,0,0,Preliminary,Editor Mapped,-23728.5564000001,3374326.548,30.3873548538443,-86.4474434052244
24979981,2022,20-JUL-2022 03:50 PM,20-JUL-2022 04:08 PM,FHP22ON0367281,S,1,2,4,0,Pinellas,Unincorporated,Urban,7/20/2022 3:53:00 PM,7/20/2022 3:55:00 PM,7/20/2022 4:04:00 PM,7/20/2022 4:08:00 PM,Y,Law Enforcement,ULMERTON ROAD,,27.89455,-82.77085,0,,STARKEY ROAD,,State,Paved,Not at Intersection,N,Daylight,Clear,Dry,N,Front to Rear,Pedalcycle,On Roadway,N,Driveway/Alley Access Related,None,,,None,,,N,,,,,TPR,Florida Highway Patrol,Florida Highway Patrol (FHP),8/2/2022 1:41:00 PM,8/2/2022 1:41:00 PM,13,N,Bicycle,Bicycle,No Injury,No Injury,DAY,N,N,N,N,N,N,N,N,N,2,0,0,0,0,0,0,0,0,0,0,1,1,0,1,0,0,0,0,0,0,0,0,0,0,N,0,0,Y,0,0,1,0,0,0,0,0,0,0,0,0,Preliminary,Computer mapped approximate by address,326510.6962,3086769.6212,27.894546947887,-82.7626214444776
24980552,2022,17-AUG-2022 06:18 PM,17-AUG-2022 07:30 PM,FHP22ON0418810,L,1,3,47,0,Citrus,Unincorporated,Rural,8/17/2022 6:38:00 PM,8/17/2022 6:40:00 PM,8/17/2022 6:58:00 PM,8/17/2022 7:56:00 PM,Y,Law Enforcement,10200 WEST FISHBOWL DRIVE,,28.7900449641412,-82.6048617107284,0,,LOT E14,,Private Roadway,Unpaved,Not at Intersection,N,Daylight,Clear,Dry,N,Angle,Pedalcycle,On Roadway,N,Non-Junction,None,,,None,,,N,,,,,TPR,Florida Highway Patrol,Florida Highway Patrol (FHP),8/23/2022 1:49:00 PM,8/23/2022 1:49:00 PM,6,Y,Bicycle,Bicycle,Injury,Non-Incapacitating Injury,DAY,N,N,N,N,N,N,N,N,N,2,1,0,1,0,0,0,0,0,0,0,1,1,0,1,0,0,1,0,0,0,0,0,0,0,N,0,0,Y,0,0,0,0,1,100,1,25,125,1,0,0,Preliminary,Editor Mapped,343347.639,3185771.986,28.7899580087724,-82.6049940566198
24982196,2022,26-OCT-2022 04:50 PM,09-NOV-2022 06:35 PM,FHP22ON0552496,L,1,2,48,0,Clay,Unincorporated,Rural,10/26/2022 5:01:00 PM,10/26/2022 5:07:00 PM,10/26/2022 5:26:00 PM,10/26/2022 6:28:00 PM,Y,Law Enforcement,EDSON DRIVE,,30.17454,-81.74512,19,East,STATE ROAD 21,,State,Paved,Four-Way Intersection,N,Daylight,Clear,Dry,N,Other,Pedalcycle,On Roadway,N,Intersection-Related,None,,,None,,,N,,,,,TPR,Florida Highway Patrol,Florida Highway Patrol (FHP),11/6/2022 2:45:00 PM,11/15/2022 3:01:00 PM,11,Y,Bicycle,Bicycle,Injury,Possible Injury,DAY,N,N,N,N,N,N,Y,N,N,1,1,1,0,0,0,0,0,0,0,0,1,1,0,1,0,0,0,0,0,0,0,0,0,0,N,0,0,Y,0,0,0,0,0,0,1,500,500,0,0,0,Preliminary,Editor Mapped,428266.1991,3338357.9756,30.174517275187,-81.7450552884016
24985102,2022,30-JUL-2022 07:34 PM,30-JUL-2022 10:59 PM,FHP22ON0386575,L,1,3,7,46,Orange,Orlando,Rural,7/30/2022 7:39:00 PM,7/30/2022 9:59:00 PM,7/30/2022 10:51:00 PM,7/30/2022 11:46:00 PM,Y,Law Enforcement,STATE ROAD 50 (W COLONIAL DRIVE),,28.55213,-81.4842,0,,DORCHER ROAD,,State,Curb,Not at Intersection,N,Dusk,Clear,Dry,N,Other,Pedestrian,On Roadway,N,Driveway/Alley Access Related,None,,,None,,,N,,,,,TPR,Florida Highway Patrol,Florida Highway Patrol (FHP),8/1/2022 1:29:00 PM,8/1/2022 1:29:00 PM,2,Y,Pedestrian,Pedestrian,Injury,Non-Incapacitating Injury,NIGHT,N,N,N,N,N,N,N,N,N,2,1,0,1,0,0,0,0,0,0,0,1,1,0,1,0,0,1,0,0,0,0,0,0,0,N,0,0,Y,0,0,0,0,0,0,1,300,300,1,0,0,Preliminary,Editor Mapped,452642.1312,3158458.8016,28.5520944434434,-81.484145225091
24985854,2022,19-AUG-2022 03:45 PM,19-AUG-2022 04:37 PM,FHP22ON0422232,L,1,1,15,0,Manatee,Unincorporated,Rural,8/19/2022 4:15:00 PM,8/19/2022 4:23:00 PM,8/19/2022 4:37:00 PM,8/19/2022 5:47:00 PM,Y,Law Enforcement,US 41 (STATE ROAD 45),,27.46247,-82.57536,86,East,STATE ROAD 684 (CORTEZ ROAD),,U.S.,Curb,Four-Way Intersection,N,Daylight,Clear,Dry,N,Other,Pedestrian,On Roadway,N,Intersection-Related,None,,,None,,,N,,,,,TPR,Florida Highway Patrol,Florida Highway Patrol (FHP),8/22/2022 1:32:00 PM,8/22/2022 1:32:00 PM,3,Y,Pedestrian,Pedestrian,Injury,Possible Injury,DAY,N,N,N,N,N,Y,Y,N,N,0,1,1,0,0,0,0,0,0,0,0,1,1,0,0,0,0,0,0,0,0,0,0,0,0,N,0,0,Y,0,0,0,0,1,100,0,0,100,0,0,0,Preliminary,Editor Mapped,344359.8386,3038623.614,27.4622636138066,-82.5750903514298
24986728,2022,12-AUG-2022 03:24 PM,12-AUG-2022 04:02 PM,FHP22ON0409629,L,1,2,26,40,Osceola,Kissimmee,Rural,8/12/2022 3:27:00 PM,8/12/2022 3:30:00 PM,8/12/2022 3:59:00 PM,8/12/2022 4:16:00 PM,Y,Law Enforcement,LARSON STREET,,28.3330553040089,-81.4075631336849,0,,EAST TROPICANA COURT,,Local,Paved,Not at Intersection,N,Daylight,Clear,Dry,N,Angle,Pedestrian,On Roadway,N,Intersection-Related,None,,,None,,,N,,,,,TPR,Florida Highway Patrol,Florida Highway Patrol (FHP),8/21/2022 1:29:00 PM,8/21/2022 1:29:00 PM,9,Y,Pedestrian,Pedestrian,Injury,Non-Incapacitating Injury,DAY,N,N,N,N,N,N,Y,N,N,1,1,0,1,0,0,0,0,0,0,0,1,1,0,1,0,0,0,0,0,0,0,0,0,0,N,0,0,Y,0,0,0,0,1,50,1,5,55,1,0,0,Preliminary,Editor Mapped,460050.9439,3134165.2764,28.3330583103734,-81.4075643498868
24988749,2022,26-JUL-2022 12:06 PM,26-JUL-2022 12:23 PM,FHP22ON0378378,L,1,2,9,0,Escambia,Unincorporated,Rural,7/26/2022 12:06:00 PM,7/26/2022 12:11:00 PM,7/26/2022 12:13:00 PM,7/26/2022 1:24:00 PM,Y,Law Enforcement,W DESOTO ST,,30.4229998052538,-87.2477635434599,30,East,NORTH U STREET,,Local,Unpaved,Not at Intersection,N,Daylight,Clear,Dry,N,Other,Pedestrian,Off Roadway,N,Driveway/Alley Access Related,None,,,None,,,N,,,,,TPR,Florida Highway Patrol,Florida Highway Patrol (FHP),8/1/2022 1:29:00 PM,8/1/2022 1:29:00 PM,6,Y,Pedestrian,Pedestrian,Injury,Non-Incapacitating Injury,DAY,N,N,N,Y,N,N,N,N,N,1,1,0,1,0,0,0,0,0,0,0,1,1,0,1,1,0,0,0,0,0,0,0,0,0,N,0,0,Y,0,0,1,0,0,0,0,0,0,1,0,0,Preliminary,Editor Mapped,-100594.168,3382274.7481,30.4229363313966,-87.2477653011307
24989870,2022,10-OCT-2022 04:10 PM,10-OCT-2022 04:50 PM,FHP22ON0520951,L,1,2,36,0,Walton,Unincorporated,Rural,10/10/2022 4:17:00 PM,10/10/2022 4:39:00 PM,10/10/2022 4:50:00 PM,10/10/2022 5:18:00 PM,Y,Law Enforcement,NORTH COCOBOLO DRIVE,,30.4145,-86.31503,0,,WEST COCOBOLO DRIVE,,Local,Curb,T-Intersection,N,Daylight,Clear,Dry,N,Other,Motor Vehicle in Transport,On Roadway,N,Intersection,None,,,None,,,N,,,,,TPR,Florida Highway Patrol,Florida Highway Patrol (FHP),10/17/2022 1:30:00 PM,10/17/2022 1:30:00 PM,7,Y,Single Vehicle,Other,Injury,Possible Injury,DAY,N,N,N,N,N,N,Y,N,N,1,1,1,0,0,0,0,0,0,0,0,1,1,0,1,1,0,0,0,0,0,0,0,0,0,N,0,0,Y,0,0,0,0,0,0,1,1500,1500,0,0,0,Preliminary,Editor Mapped,-10616.6574999997,3376600.9386,30.4134024944418,-86.3126708362925
24990411,2022,06-SEP-2022 09:13 AM,06-SEP-2022 11:09 AM,FHP22ON0455126,L,1,2,7,46,Orange,Orlando,Rural,9/6/2022 9:18:00 AM,9/6/2022 10:22:00 AM,9/6/2022 11:06:00 AM,9/6/2022 11:30:00 AM,Y,Law Enforcement,TIMBER SPRINGS BOULEVARD,,28.53359,-81.15021,0,,AVALON PARK BOULEVARD,,County,Curb,Not at Intersection,N,Daylight,Clear,Dry,N,Other,Pedalcycle,On Roadway,N,Driveway/Alley Access Related,None,,,None,,,N,,,,,TPR,Florida Highway Patrol,Florida Highway Patrol (FHP),9/14/2022 1:41:00 PM,9/14/2022 1:41:00 PM,8,Y,Bicycle,Bicycle,Injury,Non-Incapacitating Injury,DAY,N,N,N,N,N,N,N,N,N,1,1,0,1,0,0,0,0,0,0,0,1,1,0,1,0,0,0,0,0,0,0,0,0,0,N,0,0,Y,0,0,0,0,1,200,1,200,400,1,0,0,Preliminary,Editor Mapped,485243.2258,3156957.8848,28.5393257768708,-81.1508429823649
24990926,2022,16-OCT-2022 09:10 AM,16-OCT-2022 11:47 AM,FHP22ON0532528,L,1,2,59,32,Franklin,Carrabelle,Urban,10/16/2022 10:17:00 AM,10/16/2022 10:31:00 AM,10/16/2022 11:10:00 AM,10/16/2022 1:09:00 PM,Y,Law Enforcement,NW 12TH ST,,29.8550243448443,-84.6757429401265,360,North,402 NW 12TH ST,,Local,Unpaved,Other,N,Daylight,Clear,Dry,N,Other,Pedalcycle,On Roadway,N,Other,None,,,Physical Obstruction(s),,,N,,,,,TPR,Florida Highway Patrol,Florida Highway Patrol (FHP),10/26/2022 4:35:00 PM,10/26/2022 4:35:00 PM,10,Y,Bicycle,Bicycle,Serious Injury,Incapacitating Injury,DAY,N,N,N,N,N,N,N,N,N,1,1,0,0,1,0,0,0,0,0,0,1,1,0,1,1,0,0,0,0,0,0,0,0,0,N,0,0,Y,1,0,0,0,0,0,1,100,100,1,0,0,Preliminary,Editor Mapped,144843.6255,3308393.2715,29.8549891172053,-84.675757935161
24993222,2022,09-NOV-2022 01:40 PM,09-NOV-2022 02:25 PM,FHP22ON0579727,L,1,2,11,34,Alachua,Gainesville,Rural,11/9/2022 1:46:00 PM,11/9/2022 1:56:00 PM,11/9/2022 2:18:00 PM,11/9/2022 2:30:00 PM,Y,Law Enforcement,SR 24,,29.61321,-82.39388,0,,SW 47TH ST,,State,Curb,Not at Intersection,N,Daylight,Clear,Dry,N,Other,Pedalcycle,On Roadway,N,Non-Junction,None,,,None,,,N,,,,,TPR,Florida Highway Patrol,Florida Highway Patrol (FHP),11/21/2022 2:51:00 PM,11/21/2022 2:51:00 PM,12,Y,Bicycle,Bicycle,Injury,Possible Injury,DAY,N,N,N,N,N,N,N,N,N,1,1,1,0,0,0,0,0,0,0,0,1,1,0,1,1,0,0,0,0,0,0,0,0,0,N,0,0,Y,0,0,1,0,0,0,1,300,300,0,0,0,Preliminary,Editor Mapped,365009.6703,3276708.9563,29.6129407004361,-82.3941726377133
24998449,2022,29-AUG-2022 08:42 AM,29-AUG-2022 01:04 PM,FHP22ON0440190,L,1,2,7,46,Orange,Orlando,Rural,8/29/2022 8:47:00 AM,8/29/2022 12:36:00 PM,8/29/2022 12:55:00 PM,8/29/2022 1:30:00 PM,Y,Law Enforcement,MENDEL DRIVE,,28.5917376656146,-81.2090970010584,0,,SR-434 (ALAFAYA TRAIL),,Local,Unpaved,Not at Intersection,N,Daylight,Clear,Dry,N,Other,Pedalcycle,On Roadway,N,Intersection-Related,None,,,None,,,N,,,,,TPR,Florida Highway Patrol,Florida Highway Patrol (FHP),9/16/2022 1:41:00 PM,9/16/2022 1:41:00 PM,18,Y,Bicycle,Bicycle,Injury,Non-Incapacitating Injury,DAY,N,N,N,Y,N,N,Y,N,N,1,1,0,1,0,0,0,0,0,0,0,1,1,0,1,0,0,0,0,0,0,0,0,0,0,N,0,0,Y,0,0,1,0,1,50,1,100,150,1,0,0,Preliminary,Editor Mapped,479545.2932,3162766.7188,28.5916819742705,-81.2091903415655
24998450,2022,30-AUG-2022 08:35 AM,30-AUG-2022 09:58 AM,FHP22ON0441946,L,1,2,7,46,Orange,Orlando,Rural,8/30/2022 8:35:00 AM,8/30/2022 9:40:00 AM,8/30/2022 9:50:00 AM,8/30/2022 10:55:00 AM,Y,Law Enforcement,ORPINGTON STREET,,28.5689400548902,-81.2076299550047,0,,SR-434 (ALAFAYA TRAIL),,Local,Curb,Not at Intersection,N,Daylight,Clear,Dry,N,Other,Pedalcycle,On Roadway,N,Intersection-Related,None,,,None,,,N,,,,,TPR,Florida Highway Patrol,Florida Highway Patrol (FHP),9/16/2022 1:41:00 PM,9/16/2022 1:41:00 PM,17,Y,Bicycle,Bicycle,Injury,Non-Incapacitating Injury,DAY,N,N,N,Y,N,N,Y,N,N,1,1,0,1,0,0,0,0,0,0,0,1,1,0,1,0,1,0,0,0,0,0,0,0,0,N,0,0,Y,0,0,1,0,0,0,1,100,100,1,0,0,Preliminary,Editor Mapped,479703.1522,3160252.9714,28.5689941871967,-81.2075313794157
25011335,2022,18-SEP-2022 12:20 PM,18-SEP-2022 01:17 PM,FHP22ON0477942,L,1,2,15,0,Manatee,Unincorporated,Rural,9/18/2022 12:25:00 PM,9/18/2022 12:28:00 PM,9/18/2022 12:43:00 PM,9/18/2022 2:24:00 PM,Y,Law Enforcement,66TH ST W,,27.46255,-82.62682,0,,SR 684 (CORTEZ RD W),,Local,Unpaved,Not at Intersection,N,Daylight,Clear,Dry,N,Other,Pedalcycle,On Roadway,N,Intersection-Related,None,,,None,,,N,,,,,TPR,Florida Highway Patrol,Florida Highway Patrol (FHP),9/24/2022 1:37:00 PM,9/24/2022 1:37:00 PM,6,Y,Bicycle,Bicycle,Injury,Non-Incapacitating Injury,DAY,N,N,N,N,N,N,Y,N,N,1,1,0,1,0,0,0,0,0,0,0,1,1,0,1,0,0,0,0,0,0,0,0,0,0,N,0,0,Y,0,0,1,0,1,500,1,2500,3000,0,0,0,Preliminary,Editor Mapped,339254.4054,3038712.9603,27.4624760710456,-82.6267529389244
25014181,2022,20-SEP-2022 06:46 AM,20-SEP-2022 07:50 AM,FHP22ON0480925,L,1,2,28,0,Pasco,Unincorporated,Rural,9/20/2022 6:51:00 AM,9/20/2022 6:52:00 AM,9/20/2022 7:37:00 AM,9/20/2022 9:05:00 AM,Y,Law Enforcement,DEERWOOD AVENUE,,28.26757,-82.64037,54,West,DECUELLIS ROAD,,County,Curb,T-Intersection,N,Dark - Lighted,Clear,Dry,N,Other,Pedalcycle,On Roadway,Y,Intersection,None,,,None,,,N,,,,,TPR,Florida Highway Patrol,Florida Highway Patrol (FHP),9/26/2022 1:33:00 PM,9/26/2022 1:33:00 PM,6,Y,Bicycle,Bicycle,Serious Injury,Incapacitating Injury,NIGHT,N,N,N,N,N,N,Y,N,N,1,1,0,0,1,0,0,0,0,0,0,1,1,0,1,0,0,0,0,0,0,0,0,0,0,N,0,0,Y,1,0,0,0,1,500,1,500,1000,1,0,0,Preliminary,Editor Mapped,339088.9405,3127940.9557,28.2676308253488,-82.6405103698247
25017220,2022,24-SEP-2022 10:40 PM,24-SEP-2022 11:15 PM,FHP22ON0490289,S,1,2,4,0,Pinellas,Unincorporated,Rural,9/24/2022 10:40:00 PM,9/24/2022 10:53:00 PM,9/24/2022 11:09:00 PM,9/24/2022 11:16:00 PM,Y,Law Enforcement,SEMINOLE BLVD,,27.88396,-82.78703,0,,122TH AVE,,State,Paved,T-Intersection,N,Dark - Not Lighted,Cloudy,Dry,N,Other,Pedestrian,On Roadway,N,Intersection,None,,,None,,,N,,,,,TPR,Florida Highway Patrol,Florida Highway Patrol (FHP),9/30/2022 1:31:00 PM,9/30/2022 1:31:00 PM,6,N,Pedestrian,Pedestrian,No Injury,No Injury,NIGHT,N,N,N,N,N,N,Y,N,N,2,0,0,0,0,0,0,0,0,0,0,1,1,0,1,0,0,0,0,0,0,0,0,0,0,N,0,0,Y,0,0,1,0,0,0,1,800,800,0,0,0,Preliminary,Computer plot approximate by lat/long,324091.0162,3085630.8082,27.8839548747863,-82.7870265052741
25025766,2022,16-NOV-2022 03:50 PM,16-NOV-2022 04:50 PM,FHP22ON0592694,L,1,2,11,34,Alachua,Gainesville,Urban,11/16/2022 4:01:00 PM,11/16/2022 4:04:00 PM,11/16/2022 4:28:00 PM,11/16/2022 5:36:00 PM,Y,Law Enforcement,US-441,,29.6190252538021,-82.3401431157877,0,,SW 36TH PL,,State,Paved,T-Intersection,N,Daylight,Clear,Dry,N,Angle,Pedalcycle,On Roadway,N,Intersection,None,,,None,,,N,,,,,TPR,Florida Highway Patrol,Florida Highway Patrol (FHP),11/20/2022 2:49:00 PM,11/20/2022 2:49:00 PM,4,Y,Bicycle,Bicycle,Injury,Possible Injury,DAY,N,N,N,N,N,N,Y,N,N,1,1,1,0,0,0,0,0,0,0,0,1,1,0,1,1,0,0,0,0,0,0,0,0,0,N,0,0,Y,0,0,2,0,0,0,1,1000,1000,0,0,0,Preliminary,Editor Mapped,370436.5707,3284757.4269,29.6861359942971,-82.3390979380674
25026812,2022,08-DEC-2022 08:20 AM,08-DEC-2022 09:17 AM,FHP22ON0633459,L,1,2,1,0,Miami-Dade,Unincorporated,Rural,12/8/2022 8:22:00 AM,12/8/2022 8:50:00 AM,12/8/2022 9:10:00 AM,12/8/2022 9:54:00 AM,Y,Law Enforcement,STATE ROAD 823 NB,,25.9392305912305,-80.2937490984214,0,,STATE ROAD 860,,State,Curb,Four-Way Intersection,N,Daylight,Clear,Dry,N,Other,Pedalcycle,On Roadway,N,Intersection-Related,None,,,None,,,N,,,,,TPR,Florida Highway Patrol,Florida Highway Patrol (FHP),12/13/2022 3:01:00 PM,12/13/2022 3:01:00 PM,5,Y,Bicycle,Bicycle,Injury,Non-Incapacitating Injury,DAY,N,N,N,Y,N,N,Y,N,N,1,1,0,1,0,0,0,0,0,0,0,1,1,0,1,0,0,0,0,0,0,0,0,0,0,N,0,0,Y,0,0,1,0,1,1200,1,200,1400,1,0,0,Preliminary,Editor Mapped,570717.7398,2869143.8047,25.939222560458,-80.2937455688909
25027217,2022,10-NOV-2022 07:40 PM,10-NOV-2022 08:26 PM,FHP22ON0582263,L,1,4,7,0,Orange,Unincorporated,Rural,11/10/2022 7:44:00 PM,11/10/2022 7:56:00 PM,11/10/2022 8:14:00 PM,11/10/2022 9:00:00 PM,Y,Law Enforcement,321 N. ALAFAYA TRAIL,,28.55432,-81.19481,0,,WATERFORD LAKES PKWY,,Private Roadway,Curb,Not at Intersection,N,Dark - Lighted,Clear,Dry,N,Other,Pedalcycle,On Roadway,N,Driveway/Alley Access Related,None,,,None,,,N,,,,,TPR,Florida Highway Patrol,Florida Highway Patrol (FHP),11/18/2022 2:57:00 PM,11/18/2022 2:57:00 PM,8,Y,Bicycle,Bicycle,Injury,Non-Incapacitating Injury,NIGHT,N,N,N,N,N,N,N,N,N,3,1,0,1,0,0,0,0,0,0,0,1,1,0,1,0,0,2,0,0,0,0,0,0,0,N,0,0,Y,0,0,1,0,1,500,0,0,500,0,0,0,Preliminary,Editor Mapped,480944.7467,3158624.7167,28.5543155608937,-81.1948093121661
25029594,2022,24-OCT-2022 04:55 PM,24-OCT-2022 06:23 PM,FHP22ON0548545,L,1,2,7,46,Orange,Orlando,Rural,10/24/2022 5:00:00 PM,10/24/2022 6:00:00 PM,10/24/2022 6:18:00 PM,10/24/2022 7:45:00 PM,Y,Law Enforcement,CONROY WINDERMERE RD,,28.49376,-81.49295,19,North,WINDING LAKE CIRCLE,,Local,Curb,Four-Way Intersection,N,Daylight,Clear,Dry,N,Other,Pedalcycle,On Roadway,N,Intersection,None,,,None,,,N,,,,,TPR,Florida Highway Patrol,Florida Highway Patrol (FHP),1/10/2023 2:58:00 PM,1/10/2023 2:58:00 PM,78,Y,Bicycle,Bicycle,Injury,Non-Incapacitating Injury,DAY,N,N,N,Y,N,N,Y,N,N,1,1,0,1,0,0,0,0,0,0,0,1,1,0,1,0,1,0,0,0,0,0,0,0,0,N,0,0,Y,0,0,0,0,1,1000,0,0,1000,1,0,0,Preliminary,Editor Mapped,451755.049,3152004.2659,28.4938014140397,-81.4929426171212
25030136,2022,31-OCT-2022 07:15 AM,31-OCT-2022 07:52 AM,FHP22ON0561224,L,1,3,4,0,Pinellas,Unincorporated,Rural,10/31/2022 7:20:00 AM,10/31/2022 7:21:00 AM,10/31/2022 7:35:00 AM,10/31/2022 8:52:00 AM,Y,Law Enforcement,CR 1 (STARKEY RD),,27.8445605150998,-82.7622059539303,0,,79TH PLACE N,,County,Curb,T-Intersection,N,Dark - Not Lighted,Cloudy,Dry,N,Angle,Pedalcycle,On Roadway,N,Intersection-Related,None,,,None,,,N,,,,,TPR,Florida Highway Patrol,Florida Highway Patrol (FHP),11/2/2022 2:58:00 PM,11/2/2022 2:58:00 PM,2,Y,Bicycle,Bicycle,Serious Injury,Incapacitating Injury,DAY,N,N,N,N,N,N,Y,N,N,2,1,0,0,1,0,0,0,0,0,0,1,1,0,1,0,0,1,0,0,0,0,0,0,0,N,0,0,Y,1,0,0,0,1,250,1,3000,3250,1,0,0,Preliminary,Editor Mapped,326465.6512,3081221.2425,27.8444770787317,-82.7622684845947
25044437,2022,12-DEC-2022 03:57 PM,12-DEC-2022 04:58 PM,FHP22ON0641656,L,1,2,28,0,Pasco,Unincorporated,Rural,12/12/2022 3:57:00 PM,12/12/2022 4:08:00 PM,12/12/2022 4:20:00 PM,12/12/2022 5:20:00 PM,Y,Law Enforcement,MITCHELL ROAD,,28.1869641153692,-82.6799447332217,0,,WELBILT BLVD,,County,Paved,Not at Intersection,N,Daylight,Clear,Dry,N,"Sideswipe, Opposite Direction",Pedalcycle,On Roadway,N,Non-Junction,None,,,None,,,N,,,,,TPR,Florida Highway Patrol,Florida Highway Patrol (FHP),12/27/2022 2:47:00 PM,12/27/2022 2:47:00 PM,15,Y,Bicycle,Bicycle,Injury,Non-Incapacitating Injury,DAY,N,N,N,N,N,N,N,Y,N,1,1,0,1,0,0,0,0,0,0,0,1,1,0,1,0,0,0,0,0,0,0,0,0,0,N,0,0,Y,0,0,0,0,1,100,1,100,200,1,0,0,Preliminary,Editor Mapped,335097.2959,3119055.5667,28.1869624879112,-82.6799354181654
25054114,2022,14-DEC-2022 03:30 PM,14-DEC-2022 07:39 PM,FHP22ON0645514,L,1,1,7,0,Orange,Unincorporated,Rural,12/14/2022 4:06:00 PM,12/14/2022 6:35:00 PM,12/14/2022 7:23:00 PM,12/14/2022 10:00:00 PM,Y,Law Enforcement,EBAN BEND,,28.5512610406541,-81.2940600728495,0,,NORTH FORSYTH ROAD,,Local,Curb,T-Intersection,N,Daylight,Clear,Dry,N,Other,Motor Vehicle in Transport,On Roadway,N,Intersection,None,,,None,,,N,,,,,TPR,Florida Highway Patrol,Florida Highway Patrol (FHP),12/23/2022 2:53:00 PM,12/23/2022 2:53:00 PM,9,Y,Single Vehicle,Other,Injury,Possible Injury,DAY,N,N,N,N,N,Y,Y,N,N,0,1,1,0,0,0,0,0,0,0,0,1,1,0,0,0,0,0,0,0,0,0,0,0,0,N,0,0,Y,0,0,0,0,1,600,0,0,600,0,0,1,Preliminary,Editor Mapped,471235.6057,3158305.0169,28.5512510890845,-81.2940607499171
25062141,2022,22-DEC-2022 07:55 PM,23-DEC-2022 03:55 AM,FHP22ON0661257,L,1,1,7,50,Orange,Windermere,Rural,12/22/2022 8:00:00 PM,12/23/2022 3:24:00 AM,12/23/2022 3:45:00 AM,12/23/2022 5:56:00 AM,Y,Law Enforcement,CR-535 (WINTER GARDEN VINELAND RD),,28.4785044522597,-81.5826062258455,0,,SUMMERPORT VILLAGE PKWY,,County,Curb,Four-Way Intersection,N,Dark - Lighted,Rain,Wet,N,Other,Pedestrian,On Roadway,N,Intersection,None,,,None,,,N,,,,,TPR,Florida Highway Patrol,Florida Highway Patrol (FHP),1/9/2023 2:44:00 PM,1/9/2023 2:44:00 PM,18,Y,Pedestrian,Pedestrian,Injury,Non-Incapacitating Injury,NIGHT,N,N,N,N,N,Y,Y,N,N,0,1,0,1,0,0,0,0,0,0,0,1,1,0,0,0,0,0,0,0,0,0,0,0,0,N,0,0,Y,0,0,0,0,0,0,0,0,0,0,0,1,Preliminary,Editor Mapped,442976.0652,3150362.1376,28.4786244200218,-81.5825569749097
25064644,2022,18-DEC-2022 12:07 PM,18-DEC-2022 12:58 PM,FHP22ON0652824,L,1,2,16,0,Sarasota,Unincorporated,Rural,12/18/2022 12:12:00 PM,12/18/2022 12:16:00 PM,12/18/2022 12:44:00 PM,12/18/2022 1:37:00 PM,Y,Law Enforcement,17TH ST,,27.3522951320331,-82.5058498758624,0,,N LOCKWOOD RIDGE RD,,Local,Curb,Not at Intersection,N,Daylight,Clear,Dry,N,Angle,Pedalcycle,On Roadway,N,Intersection-Related,None,,,None,,,N,,,,,TPR,Florida Highway Patrol,Florida Highway Patrol (FHP),12/31/2022 2:49:00 PM,12/31/2022 2:49:00 PM,13,Y,Bicycle,Bicycle,Injury,Non-Incapacitating Injury,DAY,N,N,N,N,N,N,Y,N,N,1,1,0,1,0,0,0,0,0,0,0,1,1,0,1,0,0,0,0,0,0,0,0,0,0,N,0,0,Y,0,0,1,0,1,100,0,0,100,1,0,0,Preliminary,Editor Mapped,351070.4819,3026364.2409,27.3523749723475,-82.5056968591365
25081407,2022,14-FEB-2022 03:30 PM,14-FEB-2022 12:00 AM,342202027225,L,1,2,10,38,Broward,Fort Lauderdale,Urban,2/14/2022 3:40:00 PM,2/14/2022 3:50:00 PM,2/14/2022 3:52:00 PM,2/14/2022 4:12:00 PM,Y,Law Enforcement,SW 4TH AVE,,,,0,,SW 28TH ST,,Local,Paved,Not at Intersection,N,Daylight,Clear,Dry,N,Other,Pedalcycle,On Roadway,N,Non-Junction,None,,,None,,,N,,,,,OFFICER,Fort Lauderdale Police Department,Police Department (PD),2/16/2022 1:40:00 PM,2/16/2022 1:40:00 PM,2,Y,Bicycle,Bicycle,Injury,Non-Incapacitating Injury,DAY,N,N,Y,N,N,N,N,N,N,1,1,0,1,0,0,0,0,0,0,0,1,1,0,1,0,0,0,0,0,0,0,0,0,0,N,0,0,Y,0,0,1,0,0,0,0,0,0,0,0,0,Preliminary,Editor Mapped,585337.3557,2885800.1438,26.0888246379014,-80.1466654367875
25081813,2022,27-FEB-2022 05:59 PM,27-FEB-2022 12:00 AM,342202035579,L,1,2,10,38,Broward,Fort Lauderdale,Urban,2/27/2022 6:32:00 PM,2/27/2022 6:35:00 PM,2/27/2022 6:35:00 PM,2/27/2022 5:36:00 PM,Y,Law Enforcement,A1A (N FT LAUDERDALE BCH BLVD),,,,27,North,NE 15TH CT,,U.S.,Paved,Not at Intersection,Y,Dusk,Clear,Dry,N,"Sideswipe, Same Direction",Other Fixed Object,On Roadway,N,Non-Junction,None,,,None,,,N,,,,,OFFICER,Fort Lauderdale Police Department,Police Department (PD),3/3/2022 1:41:00 PM,3/3/2022 1:41:00 PM,4,Y,Off Road,Off Road,Serious Injury,Incapacitating Injury,DAY,N,N,N,Y,N,N,N,Y,N,1,1,0,0,1,0,0,0,0,0,0,1,1,0,1,0,0,0,0,0,0,0,0,0,0,N,0,0,Y,1,0,0,0,0,0,0,0,0,1,0,0,Verified,n/a,589806.6165,2892319.3952,26.1474131157347,-80.1015291360251
25083556,2022,21-APR-2022 02:15 PM,06-MAY-2022 12:00 AM,342204072091,L,1,2,10,38,Broward,Fort Lauderdale,Urban,4/21/2022 3:38:00 PM,4/21/2022 4:13:00 PM,4/21/2022 4:29:00 PM,4/21/2022 4:29:00 PM,Y,Law Enforcement,N FEDERAL HWY,,,,0,,NE 38TH ST,,U.S.,Curb,T-Intersection,N,Daylight,Clear,Dry,N,Other,Pedestrian,On Roadway,N,Intersection,None,,,None,,,N,,,,,PUBLIC SERVICE AIDE,Fort Lauderdale Police Department,Police Department (PD),4/26/2022 1:41:00 PM,5/11/2022 1:39:00 PM,5,Y,Pedestrian,Pedestrian,Injury,Non-Incapacitating Injury,DAY,N,N,N,N,N,Y,Y,N,N,1,1,0,1,0,0,0,0,0,0,0,1,1,0,1,0,0,0,0,0,0,0,0,0,0,N,0,0,Y,0,0,0,0,1,400,0,0,400,0,0,0,Preliminary,Editor Mapped,587998.6723,2895306.5793,26.1744948464858,-80.119412495763
25083937,2022,03-MAY-2022 09:02 PM,03-MAY-2022 12:00 AM,342205080214,L,1,2,10,38,Broward,Fort Lauderdale,Urban,5/3/2022 9:17:00 PM,5/3/2022 9:17:00 PM,5/3/2022 9:21:00 PM,5/3/2022 9:25:00 PM,Y,Law Enforcement,SR 838 (E SUNRISE BLVD),,,,113,East,NE 8TH AVENUE,,State,Paved,Not at Intersection,N,Dark - Lighted,Clear,Dry,N,Front to Rear,Pedalcycle,On Roadway,N,Non-Junction,None,,,None,,,N,,,,,PUBLIC SERVICE AIDE,Fort Lauderdale Police Department,Police Department (PD),5/6/2022 1:38:00 PM,5/6/2022 1:38:00 PM,3,Y,Bicycle,Bicycle,Injury,Possible Injury,NIGHT,N,N,N,N,N,N,N,N,N,1,1,1,0,0,0,0,0,0,0,0,1,1,0,1,1,0,0,0,0,0,0,0,0,0,N,0,0,Y,0,0,0,0,0,0,1,800,800,0,0,0,Preliminary,Editor Mapped,586655.043,2891162.5413,26.1371614914346,-80.1331332885325
25084356,2022,08-APR-2022 12:50 PM,18-MAY-2022 12:00 AM,342204063049,L,1,2,10,38,Broward,Fort Lauderdale,Urban,4/8/2022 12:50:00 PM,4/8/2022 12:50:00 PM,4/8/2022 12:55:00 PM,4/8/2022 1:05:00 PM,Y,Law Enforcement,US 1,4850,,,5,South,,,U.S.,Curb,Not at Intersection,N,Daylight,Clear,Dry,N,Other,Motor Vehicle in Transport,On Roadway,N,Non-Junction,None,None,None,None,None,None,N,,,,,OFFICER,Fort Lauderdale Police Department,Police Department (PD),5/22/2022 1:48:00 PM,5/22/2022 1:48:00 PM,44,Y,Single Vehicle,Other,Injury,Possible Injury,DAY,N,N,N,N,N,N,N,N,N,1,1,1,0,0,0,0,0,2,0,0,1,1,0,1,0,1,0,0,0,0,0,0,0,0,N,0,0,Y,0,0,0,0,0,0,0,0,0,0,0,0,Preliminary,Editor Mapped,588373.2176,2896835.1771,26.1882728975082,-80.1155606633192
25086828,2022,17-AUG-2022 05:00 PM,17-AUG-2022 12:00 AM,342208148859,L,1,2,10,38,Broward,Fort Lauderdale,Urban,8/17/2022 5:07:00 PM,8/17/2022 5:10:00 PM,8/17/2022 5:48:00 PM,8/17/2022 6:00:00 PM,Y,Law Enforcement,US 1,,,,0,,NE 17TH ST,,U.S.,Curb,Not at Intersection,N,Daylight,Clear,Dry,N,Other,Motor Vehicle in Transport,Off Roadway,N,Driveway/Alley Access Related,None,,,None,,,N,,,,,PUBLIC SERVICE AIDE,Fort Lauderdale Police Department,Police Department (PD),8/20/2022 1:35:00 PM,8/20/2022 1:35:00 PM,3,Y,Single Vehicle,Other,Injury,Non-Incapacitating Injury,DAY,N,N,N,N,N,N,N,N,N,1,1,0,1,0,0,0,0,0,0,0,1,1,0,1,0,0,0,0,0,0,0,0,0,0,N,0,0,Y,0,0,0,0,2,1900,1,3000,4900,0,0,0,Preliminary,Editor Mapped,587980.838,2892577.7069,26.1498580748572,-80.119775911954
25086838,2022,17-AUG-2022 10:05 PM,17-AUG-2022 12:00 AM,342208149028,L,1,3,10,38,Broward,Fort Lauderdale,Urban,8/17/2022 10:07:00 PM,8/17/2022 10:07:00 PM,8/17/2022 10:09:00 PM,8/17/2022 10:33:00 PM,Y,Law Enforcement,E LAS OLAS BLVD,2400,,,175,West,,,Local,Paved,Not at Intersection,N,Dark - Lighted,Clear,Dry,N,Other,Pedalcycle,On Roadway,N,Non-Junction,None,,,None,,,N,,,,,OFFICER,Fort Lauderdale Police Department,Police Department (PD),8/24/2022 1:41:00 PM,8/24/2022 1:41:00 PM,7,N,Bicycle,Bicycle,No Injury,No Injury,NIGHT,N,N,N,N,N,N,N,N,N,3,0,0,0,0,0,0,0,0,0,0,1,1,0,1,0,0,1,0,0,0,0,0,0,0,N,0,0,Y,0,0,0,0,0,0,0,0,0,0,0,0,Preliminary,Editor Mapped,588653.8142,2889284.136,26.1200804222927,-80.1132682424853
25088811,2022,24-SEP-2022 11:25 AM,24-SEP-2022 04:23 PM,342209173417,L,1,2,10,38,Broward,Fort Lauderdale,Urban,9/24/2022 11:26:00 AM,9/24/2022 11:29:00 AM,9/24/2022 11:49:00 AM,9/24/2022 12:15:00 PM,Y,Law Enforcement,N FEDERAL HIGHWAY,,,,0,,NE 26TH STREET/ N FEDERAL HIGHWAY,,U.S.,Curb,Four-Way Intersection,N,Daylight,Cloudy,Dry,N,Rear to Side,Motor Vehicle in Transport,On Roadway,Y,Intersection-Related,None,,,None,,,N,,,,,,Fort Lauderdale Police Department,Police Department (PD),12/28/2022 2:55:00 PM,12/12/2023 8:11:00 PM,95,Y,Single Vehicle,Other,Injury,Non-Incapacitating Injury,DAY,N,N,N,N,N,N,Y,N,N,1,1,0,1,0,0,0,0,0,0,0,1,1,0,1,0,0,0,0,0,0,0,0,0,0,N,0,0,Y,0,0,0,0,0,0,0,0,0,1,0,0,Preliminary,Editor Mapped,588259.7528,2893688.0519,26.1598658461948,-80.1169102396426
25088918,2022,17-SEP-2022 07:48 PM,19-SEP-2022 11:28 PM,34-2209-169078,S,1,2,10,38,Broward,Fort Lauderdale,Urban,9/17/2022 7:49:00 PM,9/17/2022 7:50:00 PM,9/17/2022 7:55:00 PM,9/17/2022 8:15:00 PM,Y,Law Enforcement,SE 17TH ST,815,26.10075,-80.13451,168,South,,,Parking Lot,,,N,,,,,,,,,,,,,,,,N,,,,,,Fort Lauderdale Police Department,Police Department (PD),12/24/2022 2:47:00 PM,12/12/2023 8:11:00 PM,98,N,Single Vehicle,Other,No Injury,No Injury,NIGHT,N,N,N,N,N,N,N,N,N,1,0,0,0,0,0,0,0,0,0,0,1,1,0,1,1,0,0,0,0,0,0,0,0,0,N,0,0,Y,0,0,0,0,0,0,0,0,0,0,0,0,Preliminary,Computer plot approximate by lat/long,586544.506,2887128.4075,26.1007452479581,-80.1345073281679
25089827,2022,12-OCT-2022 06:30 PM,27-DEC-2022 08:13 PM,342210184338,L,1,2,10,38,Broward,Fort Lauderdale,Urban,10/12/2022 6:30:00 PM,10/12/2022 6:35:00 PM,10/12/2022 6:42:00 PM,10/12/2022 7:10:00 PM,Y,Law Enforcement,SR 736,,,,0,,SW 9TH AV,,State,Curb,Four-Way Intersection,N,Daylight,Clear,Dry,N,Angle,Pedestrian,On Roadway,N,Intersection,None,,,None,,,N,,,,,,Fort Lauderdale Police Department,Police Department (PD),2/2/2023 2:53:00 PM,12/12/2023 8:11:00 PM,113,Y,Pedestrian,Pedestrian,Injury,Non-Incapacitating Injury,DAY,N,N,N,N,N,N,Y,N,N,1,1,0,1,0,0,0,0,0,0,0,1,1,0,1,0,0,0,0,0,0,0,0,0,0,N,0,0,Y,0,0,0,0,0,0,1,2000,2000,0,0,0,Preliminary,Editor Mapped,584647.1642,2887839.498,26.107278106443,-80.1534338860652
25091030,2022,02-FEB-2022 04:50 PM,02-FEB-2022 12:00 AM,220202000659,L,1,2,10,56,Broward,Lighthouse Point,Urban,2/2/2022 5:01:00 PM,2/2/2022 5:01:00 PM,2/2/2022 5:06:00 PM,2/2/2022 5:39:00 PM,Y,Law Enforcement,N FEDERAL HWY,,26.261225,-80.099256,0,,NE 24TH ST,,U.S.,Curb,Four-Way Intersection,N,Daylight,Clear,Dry,N,,Pedalcycle,On Roadway,N,Intersection,None,,,None,,,N,,,,,OFC,Lighthouse Point Police Department,Police Department (PD),2/5/2022 1:34:00 PM,2/5/2022 1:34:00 PM,3,Y,Bicycle,Bicycle,Injury,Non-Incapacitating Injury,DAY,N,N,N,N,N,N,Y,N,N,1,1,0,1,0,0,0,0,0,0,0,1,1,0,1,0,0,0,0,0,0,0,0,0,0,N,0,0,Y,0,0,0,0,0,0,1,100,100,0,0,0,Preliminary,Editor Mapped,589943.5237,2904925.0641,26.2612146658389,-80.0992841491993
25093474,2022,29-AUG-2022 07:30 PM,29-AUG-2022 12:00 AM,2022TA010113,L,1,2,17,30,Seminole,Altamonte Springs,Urban,8/29/2022 7:30:00 PM,8/29/2022 7:31:00 PM,8/29/2022 7:36:00 PM,8/29/2022 7:56:00 PM,Y,Law Enforcement,SR 436,,28.663634,-81.376076,643,West,PALM SPRINGS DR,,State,Curb,Not at Intersection,N,Dusk,Rain,Wet,N,,Other Non-Fixed Object,On Roadway,N,Driveway/Alley Access Related,None,,,None,,,N,,,,,SPO,Altamonte Springs Police Department,Police Department (PD),8/31/2022 1:45:00 PM,8/31/2022 1:45:00 PM,2,Y,Single Vehicle,Other,Injury,Possible Injury,NIGHT,N,N,N,N,N,N,N,N,N,1,1,1,0,0,0,0,0,0,0,0,1,1,0,1,0,0,0,0,0,0,0,0,0,0,N,0,0,Y,0,0,0,0,0,0,1,500,500,0,0,0,Preliminary,Editor Mapped,463252.2667,3170774.8717,28.6636064348768,-81.3760744265012
25097874,2022,15-APR-2022 07:00 PM,15-APR-2022 12:00 AM,22-143638,L,1,3,64,0,Collier,Unincorporated,Rural,4/15/2022 7:17:00 PM,4/15/2022 7:17:00 PM,4/15/2022 7:00:00 PM,4/15/2022 7:46:00 PM,Y,Law Enforcement,COLLIER BLVD,11857,26.18795,-81.687268,,,,,Parking Lot,Paved,Not at Intersection,N,Daylight,Clear,Dry,N,,Pedalcycle,Unknown,N,Other,Unknown,,,Unknown,,,N,,,,,CPL,Collier County Sheriff's Office,Sheriff's Office (SO),4/20/2022 3:31:00 PM,4/20/2022 3:31:00 PM,5,Y,Bicycle,Bicycle,Injury,Non-Incapacitating Injury,NIGHT,N,N,N,N,N,Y,N,N,N,0,2,1,1,0,0,0,0,0,0,0,2,2,0,1,0,0,0,0,0,0,0,0,0,0,N,0,0,Y,0,0,0,0,0,0,0,0,0,1,0,0,Preliminary,Editor Mapped,431329.8087,2896679.8426,26.1879472772798,-81.6872561482352
25098904,2022,20-MAY-2022 09:00 AM,20-MAY-2022 12:00 AM,22-190105,L,1,2,64,50,Collier,Immokalee,Urban,5/20/2022 9:00:00 AM,5/20/2022 9:03:00 AM,5/20/2022 9:08:00 AM,5/20/2022 9:28:00 AM,Y,Law Enforcement,N 11TH ST EXT,,26.420002,-81.429583,0,,ANHINGA CIR,,Local,Paved,Four-Way Intersection,N,Daylight,Clear,Dry,N,,Pedalcycle,On Roadway,N,Intersection-Related,None,,,None,,,N,,,,,DEPUTY,Collier County Sheriff's Office,Sheriff's Office (SO),5/22/2022 1:48:00 PM,5/22/2022 1:48:00 PM,2,Y,Bicycle,Bicycle,Injury,Non-Incapacitating Injury,DAY,N,N,N,N,N,N,Y,N,N,1,1,0,1,0,0,0,0,0,0,0,1,1,0,1,0,0,0,0,0,0,0,0,0,0,N,0,0,Y,0,0,0,0,0,0,1,200,200,1,0,0,Preliminary,Editor Mapped,457166.0744,2922266.4427,26.419977075207,-81.4295432346484
25099637,2022,18-JUN-2022 03:06 PM,18-JUN-2022 12:00 AM,22-228231,L,1,2,64,56,Collier,East Naples,Urban,6/18/2022 3:06:00 PM,6/18/2022 3:06:00 PM,6/18/2022 3:10:00 PM,6/18/2022 3:30:00 PM,Y,Law Enforcement,LINWOOD AVE,,26.136204,-81.769615,339,East,SHADOWLAWN DR,,County,Paved,Not at Intersection,N,Daylight,Clear,Dry,N,,Pedalcycle,On Roadway,N,Non-Junction,None,,,None,,,N,,,,,CORPORAL,Collier County Sheriff's Office,Sheriff's Office (SO),6/24/2022 1:41:00 PM,6/24/2022 1:41:00 PM,6,Y,Bicycle,Bicycle,Injury,Non-Incapacitating Injury,DAY,N,N,N,N,N,N,N,N,N,1,1,0,1,0,0,0,0,0,0,0,1,1,0,1,0,0,0,0,0,0,0,0,0,0,N,0,0,Y,0,0,0,0,0,0,1,0,0,2,0,0,Preliminary,Editor Mapped,423066.5436,2890994.6497,26.1361978592507,-81.7696128773083
25100768,2022,31-JUL-2022 01:05 PM,31-JUL-2022 12:00 AM,22-282392,L,1,2,64,0,Collier,Unincorporated,Rural,7/31/2022 1:10:00 PM,7/31/2022 1:11:00 PM,7/31/2022 1:23:00 PM,7/31/2022 2:10:00 PM,Y,Law Enforcement,BAYVIEW DR,,26.124689,-81.770678,0,,BAYSHORE DR,,Local,Curb,Four-Way Intersection,Y,Daylight,Clear,Dry,N,,Pedalcycle,On Roadway,N,Intersection,None,,,None,,,N,,,,,CSD,Collier County Sheriff's Office,Sheriff's Office (SO),8/6/2022 1:36:00 PM,8/6/2022 1:36:00 PM,6,Y,Bicycle,Bicycle,Injury,Possible Injury,DAY,N,N,N,N,N,N,Y,N,N,1,1,1,0,0,0,0,0,0,0,0,1,1,0,1,0,0,0,0,0,0,0,0,0,0,N,0,0,Y,0,0,0,0,0,0,1,400,400,1,0,0,Preliminary,Editor Mapped,422952.7345,2889720.2062,26.1246849803692,-81.7706757737587
25101365,2022,25-AUG-2022 08:51 AM,25-AUG-2022 12:00 AM,22-318172,L,1,3,64,0,Collier,Unincorporated,Rural,8/25/2022 8:51:00 AM,8/25/2022 8:52:00 AM,8/25/2022 9:00:00 AM,8/25/2022 9:51:00 AM,Y,Law Enforcement,MAIN HOUSE DR,,26.277422,-81.8015,0,,TAMIAMI TRL N,,Local,Curb,Four-Way Intersection,N,Daylight,Clear,Dry,N,,Pedalcycle,On Roadway,N,Intersection-Related,None,,,None,,,N,,,,,CORPORAL,Collier County Sheriff's Office,Sheriff's Office (SO),9/3/2022 1:37:00 PM,9/3/2022 1:37:00 PM,9,Y,Bicycle,Bicycle,Injury,Possible Injury,DAY,N,N,N,N,N,N,Y,N,N,2,1,1,0,0,0,0,0,0,0,0,1,1,0,1,0,0,1,0,0,0,0,0,0,0,N,0,0,Y,0,0,0,0,0,0,0,0,0,0,0,1,Preliminary,Editor Mapped,419976.3466,2906654.1153,26.2774143078642,-81.8014913685481
25101524,2022,31-AUG-2022 07:56 AM,31-AUG-2022 12:00 AM,22-326407,L,1,2,64,52,Collier,Naples,Urban,8/31/2022 8:01:00 AM,8/31/2022 8:08:00 AM,8/31/2022 8:08:00 AM,8/31/2022 8:36:00 AM,Y,Law Enforcement,RADIO RD,,26.154348,-81.722662,0,,DEVONSHIRE BLVD,,County,Curb,Four-Way Intersection,N,Daylight,Cloudy,Dry,N,,Pedestrian,On Roadway,N,Intersection,None,,,None,,,N,,,,,CSD,Collier County Sheriff's Office,Sheriff's Office (SO),9/1/2022 1:40:00 PM,9/1/2022 1:40:00 PM,1,Y,Pedestrian,Pedestrian,Injury,Non-Incapacitating Injury,DAY,N,N,N,N,N,N,Y,N,N,1,1,0,1,0,0,0,0,0,0,0,1,1,0,1,1,0,0,0,0,0,0,0,0,0,N,0,0,Y,0,0,0,0,0,0,1,3000,3000,1,0,0,Preliminary,Editor Mapped,427770.7344,2892987.8459,26.1544379927894,-81.7226678579845
25106050,2022,20-JAN-2022 04:00 PM,20-JAN-2022 12:00 AM,22C01829,L,2,3,12,30,Lake,Clermont,Urban,1/20/2022 4:00:00 PM,1/20/2022 4:02:00 PM,1/20/2022 4:03:00 PM,1/20/2022 7:42:00 PM,N,Law Enforcement,HANCOCK RD N,,28.571217,-81.720352,,,OLD HWY 50,,County,Curb,Four-Way Intersection,Y,Daylight,Clear,Dry,N,,Pedalcycle,On Roadway,N,Intersection-Related,None,,,None,,,N,,,,,CORPORAL,Clermont Police Department,Police Department (PD),1/25/2022 1:43:00 PM,1/25/2022 1:43:00 PM,5,Y,Bicycle,Bicycle,Fatality,Fatal (within 30 days),DAY,N,N,N,N,N,N,Y,N,N,2,0,0,0,0,1,1,0,0,0,0,1,1,0,2,0,0,0,0,0,0,0,0,0,0,N,0,0,Y,0,1,0,0,1,200,1,2000,2200,0,0,1,Verified,n/a,429549.4486,3160692.851,28.5712115483967,-81.7203489790372
25109578,2022,05-APR-2022 01:09 AM,05-APR-2022 12:00 AM,2022-014182,L,1,2,5,0,Polk,Unincorporated,Rural,4/5/2022 1:10:00 AM,4/5/2022 1:11:00 AM,4/5/2022 1:15:00 AM,4/5/2022 1:36:00 AM,Y,Law Enforcement,US HWY 27,,,,0,,RONALD REGAN PKWY,,U.S.,Paved,Four-Way Intersection,Y,Dark - Lighted,Clear,Dry,N,Front to Rear,Motor Vehicle in Transport,On Roadway,N,Non-Junction,None,,,None,,,N,,,,,,Polk County Sheriff's Office,Sheriff's Office (SO),4/11/2022 1:27:00 PM,4/11/2022 1:27:00 PM,6,Y,Single Vehicle,Other,Injury,Possible Injury,NIGHT,N,N,N,N,N,N,N,N,N,1,1,1,0,0,0,0,0,0,0,0,1,1,0,1,0,0,0,0,0,0,0,0,0,0,N,0,0,Y,0,0,0,0,0,0,1,100,100,0,0,0,Preliminary,Editor Mapped,435410.7541,3125524.6649,28.2540830250664,-81.6584548950667
25112399,2022,16-JUL-2022 10:00 PM,17-JUL-2022 12:00 AM,2022-029938,L,1,1,5,62,Polk,Winter Haven,Urban,7/16/2022 9:22:00 PM,7/16/2022 9:25:00 PM,7/16/2022 9:32:00 PM,7/16/2022 12:05:00 AM,,Law Enforcement,THOMPSON NURSERY ROAD,,,,451,West,LAKE RUBY DRIVE,,County,Unpaved,Not at Intersection,,Dark - Not Lighted,Clear,Unknown,N,Front to Rear,Pedalcycle,On Roadway,N,Non-Junction,None,,,None,,,N,,,,,Dep.,Polk County Sheriff's Office,Sheriff's Office (SO),7/27/2022 1:40:00 PM,7/27/2022 1:40:00 PM,11,Y,Bicycle,Bicycle,Injury,Non-Incapacitating Injury,NIGHT,N,N,N,N,N,Y,N,N,N,0,1,0,1,0,0,0,0,0,0,0,1,1,0,0,0,0,0,0,0,0,0,0,0,0,N,0,0,Y,0,0,0,0,0,0,0,0,0,0,0,0,Preliminary,Editor Mapped,434360.2712,3092988.8202,27.9603449146886,-81.6673433963413
25113459,2022,05-FEB-2022 09:50 PM,05-FEB-2022 12:00 AM,2022-004582,L,1,3,4,64,Pinellas,St. Petersburg,Urban,2/5/2022 9:58:00 PM,2/5/2022 10:00:00 PM,2/5/2022 10:04:00 PM,2/5/2022 1:19:00 AM,Y,Law Enforcement,34TH ST N,,27.802318,-82.679486,131,South,33RD AVE N,,Local,Curb,Not at Intersection,Y,Dark - Lighted,Clear,Dry,N,,Pedalcycle,On Roadway,N,Non-Junction,None,,,None,,,N,,,,,OFFICER,St. Petersburg Police Department,Police Department (PD),2/23/2022 1:47:00 PM,2/23/2022 1:47:00 PM,18,Y,Bicycle,Bicycle,Serious Injury,Incapacitating Injury,NIGHT,N,N,N,N,N,Y,N,N,N,1,2,0,1,1,0,0,0,0,0,0,1,1,0,1,0,0,1,0,0,0,0,0,0,0,N,0,0,Y,1,0,2,0,1,150,1,1000,1150,1,1,0,Verified,n/a,334557.5107,3076351.6143,27.8015601678162,-82.6794473396177
25114017,2022,27-FEB-2022 10:26 AM,27-FEB-2022 12:00 AM,2022-007851,L,1,2,4,64,Pinellas,St. Petersburg,Urban,2/27/2022 10:26:00 AM,2/27/2022 10:27:00 AM,2/27/2022 10:31:00 AM,2/27/2022 10:59:00 AM,Y,Law Enforcement,49TH ST N,,27.79914,-82.700087,0,,30TH AVE N,,Local,Paved,Not at Intersection,N,Daylight,Clear,Dry,N,,Pedestrian,On Roadway,N,Intersection-Related,None,,,None,,,N,,,,,OFFICER,St. Petersburg Police Department,Police Department (PD),3/10/2022 1:46:00 PM,3/10/2022 1:46:00 PM,11,Y,Pedestrian,Pedestrian,Injury,Possible Injury,DAY,N,N,N,N,N,N,Y,N,N,1,1,1,0,0,0,0,0,0,0,0,1,1,0,1,0,0,0,0,0,0,0,0,0,0,N,0,0,Y,0,0,1,0,0,0,0,0,0,0,0,0,Preliminary,Editor Mapped,332518.2418,3076120.7548,27.7992237930638,-82.700108651987
25114127,2022,02-MAR-2022 07:55 AM,02-MAR-2022 12:00 AM,2022-008222,L,1,2,4,64,Pinellas,St. Petersburg,Urban,3/2/2022 7:58:00 AM,3/2/2022 7:58:00 AM,3/2/2022 7:59:00 AM,3/2/2022 9:00:00 AM,Y,Law Enforcement,AVENUE OF STATES,,27.718888,-82.688393,0,,54TH AVE S,,Local,Curb,Not at Intersection,N,Daylight,Clear,Dry,N,,Pedalcycle,On Roadway,N,Shared-Use Path or Trail,None,,,Glare,,,N,,,,,OFFICER,St. Petersburg Police Department,Police Department (PD),3/12/2022 1:38:00 PM,3/12/2022 1:38:00 PM,10,Y,Bicycle,Bicycle,Injury,Possible Injury,DAY,N,N,N,N,N,N,N,N,N,1,1,1,0,0,0,0,0,0,0,0,1,1,0,1,0,0,0,0,0,0,0,0,0,0,N,0,0,Y,0,0,0,0,1,100,1,300,400,0,0,0,Preliminary,Editor Mapped,334283.1445,3067171.2903,27.718685720375,-82.6809581432677
25115305,2022,19-APR-2022 05:11 PM,19-APR-2022 12:00 AM,2022-015087,L,1,2,4,64,Pinellas,St. Petersburg,Urban,4/19/2022 5:11:00 PM,4/19/2022 5:11:00 PM,4/19/2022 5:11:00 PM,4/19/2022 5:11:00 PM,Y,Law Enforcement,26TH AVE S,,27.744785,-82.663033,0,,22ND ST S,,Local,Paved,Not at Intersection,N,Daylight,Clear,Dry,N,,Pedalcycle,On Roadway,N,Intersection-Related,None,,,None,,,N,,,,,OFC,St. Petersburg Police Department,Police Department (PD),4/23/2022 1:33:00 PM,4/23/2022 1:33:00 PM,4,Y,Bicycle,Bicycle,Injury,Possible Injury,DAY,N,N,N,N,N,N,Y,N,N,1,1,1,0,0,0,0,0,0,0,0,1,1,0,1,0,0,0,0,0,0,0,0,0,0,N,0,0,Y,0,0,0,0,0,0,1,100,100,1,0,0,Preliminary,Editor Mapped,336089.8202,3070039.2712,27.744787222559,-82.663031243654
25116460,2022,04-JUN-2022 04:00 PM,04-JUN-2022 12:00 AM,2022-021579,L,1,4,4,64,Pinellas,St. Petersburg,Urban,6/4/2022 4:01:00 PM,6/4/2022 4:01:00 PM,6/4/2022 4:18:00 PM,6/4/2022 5:00:00 PM,Y,Law Enforcement,5TH AVE S,,27.766594,-82.654376,130,East,16TH ST S,,Local,Paved,Not at Intersection,Y,Daylight,Cloudy,Dry,N,,Pedestrian,Roadside,N,Non-Junction,None,,,None,,,N,,,,,OFC,St. Petersburg Police Department,Police Department (PD),6/15/2022 1:41:00 PM,6/15/2022 1:41:00 PM,11,Y,Pedestrian,Pedestrian,Injury,Non-Incapacitating Injury,DAY,N,N,N,N,N,N,N,N,N,3,1,0,1,0,0,0,0,0,0,0,1,1,0,1,0,0,2,0,0,0,0,0,0,0,N,0,0,Y,0,0,0,0,1,100,1,500,600,0,0,0,Preliminary,Editor Mapped,336976.0092,3072445.5689,27.766609061393,-82.6543713116083
25119820,2022,27-OCT-2022 10:13 PM,27-OCT-2022 12:00 AM,2022-040826,L,1,2,4,64,Pinellas,St. Petersburg,Urban,10/27/2022 10:13:00 PM,10/27/2022 10:14:00 PM,10/27/2022 10:23:00 PM,10/27/2022 10:25:00 PM,N,Law Enforcement,16TH AVE N,,27.787088,-82.646804,40,West,9TH ST N,,Local,Curb,Not at Intersection,Y,Dark - Lighted,Clear,Dry,N,,Pedalcycle,On Roadway,N,Non-Junction,None,,,None,,,N,,,,,OFFICER,St. Petersburg Police Department,Police Department (PD),11/5/2022 2:54:00 PM,11/5/2022 2:54:00 PM,9,N,Bicycle,Bicycle,No Injury,No Injury,NIGHT,N,N,N,N,N,N,N,N,N,2,0,0,0,0,0,0,0,0,0,0,1,1,0,1,0,0,0,0,0,0,0,0,0,0,N,0,0,Y,0,0,0,0,0,0,1,5000,5000,0,0,0,Preliminary,Editor Mapped,337749.0115,3074704.5195,27.7870871200382,-82.6468365567996
25124750,2022,21-MAY-2022 12:00 AM,21-MAY-2022 12:00 AM,22-0055556,L,2,1,18,40,Lee,Fort Myers,Urban,5/21/2022 8:18:00 PM,5/21/2022 8:33:00 PM,5/21/2022 8:44:00 PM,5/21/2022 8:44:00 PM,Y,Law Enforcement,BELLASOL CIR,4136,26.602782,-81.8419,,,,,Parking Lot,Paved,Not at Intersection,N,Unknown,Clear,Unknown,N,,Parked Motor Vehicle,In Parking Lane or Zone,N,Non-Junction,Unknown,,,None,,,N,,,,,OFFICER,Fort Myers Police Department,Police Department (PD),5/24/2022 1:41:00 PM,5/24/2022 1:41:00 PM,3,Y,Parked Vehicle,Other,No Injury,No Injury,NIGHT,N,N,N,N,N,Y,N,Y,N,1,0,0,0,0,0,0,0,0,0,0,1,1,0,0,0,0,0,0,0,0,0,0,0,0,N,0,0,Y,0,0,0,0,0,0,1,200,200,0,0,0,Preliminary,Editor Mapped,416231.9358,2942760.6854,26.6031821628798,-81.8413555091703
25125096,2022,17-JUN-2022 10:44 AM,17-JUN-2022 12:00 AM,22-0065612,L,1,2,18,40,Lee,Fort Myers,Urban,6/17/2022 10:46:00 AM,6/17/2022 10:47:00 AM,6/17/2022 10:51:00 AM,6/17/2022 11:10:00 AM,Y,Law Enforcement,CRANFORD AVE,,26.650377,-81.859016,0,,1ST ST,,Local,Curb,Four-Way Intersection,N,Daylight,Clear,Dry,N,,Pedestrian,On Roadway,N,Intersection,None,,,None,,,N,,,,,CSA,Fort Myers Police Department,Police Department (PD),6/22/2022 1:41:00 PM,6/22/2022 1:41:00 PM,5,Y,Pedestrian,Pedestrian,Injury,Non-Incapacitating Injury,DAY,N,N,N,N,N,N,Y,N,N,1,1,0,1,0,0,0,0,0,0,0,1,1,0,1,0,0,0,0,0,0,0,0,0,0,N,0,0,Y,0,0,0,0,0,0,0,0,0,0,0,0,Preliminary,Editor Mapped,414511.5838,2947994.0147,26.6503257490877,-81.8589861275737
25125272,2022,29-JUN-2022 01:24 PM,05-JAN-2023 12:00 AM,22-0070151,L,1,2,18,40,Lee,Fort Myers,Urban,6/29/2022 1:26:00 PM,6/29/2022 1:27:00 PM,6/29/2022 1:29:00 PM,6/29/2022 2:45:00 PM,Y,Law Enforcement,EDISON BRG,,26.652234,-81.866462,1882,North,1ST ST,,Local,Paved,Not at Intersection,N,Daylight,Clear,Dry,N,,Pedalcycle,On Roadway,N,Non-Junction,None,,,None,,,N,,,,,PATROL OFFICER,Fort Myers Police Department,Police Department (PD),7/1/2022 1:36:00 PM,1/7/2023 2:50:00 PM,2,Y,Bicycle,Bicycle,Serious Injury,Incapacitating Injury,DAY,N,N,N,N,N,N,N,N,N,0,2,0,1,1,0,0,0,0,1,0,1,1,0,1,0,0,0,0,0,0,0,1,0,0,N,0,0,Y,1,0,0,0,0,0,0,0,0,1,0,0,Preliminary,Editor Mapped,413773.6949,2948211.1345,26.6522409134201,-81.8664145418438
25130531,2022,29-NOV-2022 10:00 AM,29-NOV-2022 12:00 AM,2022TA014148,L,1,2,17,60,Seminole,Sanford,Urban,11/29/2022 10:03:00 AM,11/29/2022 10:03:00 AM,11/29/2022 10:05:00 AM,11/29/2022 11:30:00 AM,Y,Law Enforcement,W 13TH ST,,28.800752,-81.280947,138,East,OLIVE AVE,,Local,Curb,Not at Intersection,Y,Daylight,Clear,Dry,N,,Pedestrian,On Roadway,N,Non-Junction,None,,,None,,,N,,,,,OFFICER,Sanford Police Department,Police Department (PD),12/3/2022 2:50:00 PM,12/3/2022 2:50:00 PM,4,Y,Pedestrian,Pedestrian,Serious Injury,Incapacitating Injury,DAY,N,N,N,N,N,N,N,N,N,0,2,1,0,1,0,0,0,0,0,0,1,1,0,1,0,0,0,0,0,0,0,0,0,0,N,0,0,Y,1,0,1,0,0,0,1,3000,3000,2,0,0,Preliminary,Editor Mapped,472584.8306,3185942.4549,28.8007439001338,-81.280932419023
25130623,2022,03-FEB-2022 06:31 PM,03-FEB-2022 06:48 PM,069409,L,1,2,2,38,Duval,Jacksonville,Urban,2/3/2022 6:34:00 PM,2/3/2022 6:36:00 PM,2/3/2022 6:41:00 PM,2/3/2022 7:21:00 PM,Y,Law Enforcement,AIRPORT CENTER DR,,30.4759135306822,-81.6313560286499,18,West,WOLF BAY DR,,Local,Paved,Four-Way Intersection,N,Dark - Lighted,Clear,Dry,N,Angle,Motor Vehicle in Transport,On Roadway,N,Intersection,None,,,None,,,N,,,,,CSO,Jacksonville Sheriff's Office,Sheriff's Office (SO),2/8/2022 1:42:00 PM,2/8/2022 1:42:00 PM,5,Y,Single Vehicle,Other,Injury,Non-Incapacitating Injury,DAY,N,N,N,N,N,N,Y,N,N,1,1,0,1,0,0,0,0,0,0,0,1,1,0,1,0,0,0,0,0,0,0,0,0,0,N,0,0,Y,0,0,0,0,1,1200,1,1500,2700,1,0,0,Preliminary,Editor Mapped,439399.5284,3371691.0444,30.4759077624135,-81.6313527758701
25133733,2022,29-OCT-2022 09:30 PM,29-OCT-2022 10:30 PM,640662,L,2,2,2,38,Duval,Jacksonville,Urban,10/29/2022 9:35:00 PM,10/29/2022 9:40:00 PM,10/29/2022 9:47:00 PM,10/29/2022 10:00:00 PM,Y,Law Enforcement,RAMONA BLVD,,30.3140594554372,-81.7519206553779,0,,SR 103 (LANE AVE S),,Local,Paved,Four-Way Intersection,N,Dark - Lighted,Rain,Dry,N,Other,Motor Vehicle in Transport,On Roadway,N,Intersection,None,,,Other,,,N,,,,,OFFICER,Jacksonville Sheriff's Office,Sheriff's Office (SO),10/31/2022 2:49:00 PM,10/31/2022 2:49:00 PM,2,Y,Right Angle,Angle,Injury,Non-Incapacitating Injury,NIGHT,N,N,N,N,N,N,Y,N,N,1,1,0,1,0,0,0,0,0,0,0,1,1,0,1,0,0,0,0,0,0,0,0,0,0,N,0,0,Y,0,0,2,0,0,0,1,200,200,1,0,0,Preliminary,Editor Mapped,427719.0059,3353831.573,30.3141108246563,-81.7518004063393
25133869,2022,03-MAR-2022 03:00 PM,03-MAR-2022 03:32 PM,128472,L,1,2,2,38,Duval,Jacksonville,Urban,3/3/2022 3:06:00 PM,3/3/2022 3:10:00 PM,3/3/2022 3:22:00 PM,3/3/2022 4:00:00 PM,Y,Law Enforcement,R G SKINNER PKWY,9700,30.2031659249626,-81.5076540379373,,,CAMPFIELD DR,,Local,Curb,Not at Intersection,N,Daylight,Clear,Dry,N,Angle,Pedalcycle,On Roadway,N,Non-Junction,None,,,None,,,N,,,,,CSO,Jacksonville Sheriff's Office,Sheriff's Office (SO),3/6/2022 1:31:00 PM,3/6/2022 1:31:00 PM,3,Y,Bicycle,Bicycle,Injury,Non-Incapacitating Injury,DAY,N,N,N,N,N,N,N,N,N,1,1,0,1,0,0,0,0,0,0,0,1,1,0,1,0,0,0,0,0,0,0,0,0,0,N,0,0,Y,0,0,1,0,1,500,1,1000,1500,1,0,0,Preliminary,Editor Mapped,451148.5592,3341403.3788,30.2031334145027,-81.5075406883384
25137911,2022,01-APR-2022 07:40 PM,01-APR-2022 08:04 PM,189802,L,1,3,2,38,Duval,Jacksonville,Urban,4/1/2022 7:48:00 PM,4/1/2022 7:48:00 PM,4/1/2022 8:00:00 PM,4/1/2022 8:07:00 PM,Y,Law Enforcement,CHEROKEE ST,,30.3259058065611,-81.7012572818096,0,,FITZGERALD ST,,Local,Curb,Four-Way Intersection,N,Dark - Not Lighted,Clear,Dry,N,Angle,Pedestrian,On Roadway,Y,Intersection,None,,,None,,,N,,,,,OFFICER,Jacksonville Sheriff's Office,Sheriff's Office (SO),4/2/2022 1:33:00 PM,4/2/2022 1:33:00 PM,1,Y,Pedestrian,Pedestrian,Injury,Possible Injury,NIGHT,N,N,N,N,N,Y,Y,N,N,1,2,2,0,0,0,0,0,0,0,0,2,2,0,1,0,0,0,0,0,0,0,0,0,0,N,0,0,Y,0,0,1,0,0,0,1,500,500,0,0,0,Preliminary,Editor Mapped,432587.0871,3355106.8938,30.3258998150439,-81.7012523581715
