REPORT_NUMBER,CRASH_YEAR,PERSON_NUMBER,LOCATION_AT_TIME_OF_CRASH_CODE,ACTION_PRIOR_TO_CRASH_CODE,NON_MOTORIST_DESCRIPTION_CODE,CITY,STATE,ZIP_CODE,SEX,SUSPECTED_ALCOHOL_USE_CODE,ALCOHOL_TESTED_CODE,ALCOHOL_TEST_TYPE_CODE,ALCOHOL_TEST_RESULT,BLOOD_ALCOHOL_CONTENT,SUSPECTED_DRUG_USE_CODE,DRUG_TESTED_CODE,DRUG_TEST_TYPE_CODE,DRUG_TEST_RESULT,INJURY_SEVERITY,EMS_TRANSPORT_TYPE,NON_MOTORIST_ACTIONS_CIRCUMSTANCES_1,NON_MOTORIST_ACTIONS_CIRCUMSTANCES_2,SAFETY_EQUIPMENT_CODE_1,SAFETY_EQUIPMENT_CODE_2,S4_AGE_AT_TIME_OF_CRASH,S4_IS_ALCOHOL_RELATED,S4_IS_DRUG_RELATED,S4_IS_AGING,S4_IS_TEENAGER
24877920,2022,3,Bicycle Lane,Other,Other Cyclist,,,33708,Male,N,,,,,N,,,,Non-Incapacitating,Not Transported,Other,,None,,40,N,N,N,N
24885816,2022,2,Bicycle Lane,Walking/Cycling Along Roadway With Traffic,Bicyclist,,,34684,Male,N,Test Not Given,,,,N,Test Not Given,,,Incapacitating,EMS,No Improper Action,,Helmet,,65,N,N,Y,N
24885816,2022,3,Bicycle Lane,Walking/Cycling Along Roadway With Traffic,Other Cyclist,,,34684,Female,N,Test Not Given,,,,N,Test Not Given,,,Incapacitating,EMS,No Improper Action,,Helmet,,61,N,N,N,N
24885816,2022,4,Bicycle Lane,Walking/Cycling Along Roadway With Traffic,Bicyclist,,,34684,Male,N,Test Not Given,,,,N,Test Not Given,,,Incapacitating,EMS,No Improper Action,,Helmet,,64,N,N,N,N
24891800,2022,2,Intersection - Unmarked Crosswalk,Crossing Roadway,Other Cyclist,,,24151,Male,N,Test Not Given,,,,N,Test Not Given,,,Possible,EMS,Other,,None,,35,N,N,N,N
25137911,2022,3,Intersection - Unmarked Crosswalk,Walking/Cycling Along Roadway With Traffic,Other Cyclist,,,32221,Female,N,Test Not Given,,,,N,Test Not Given,,,Possible,Not Transported,No Improper Action,,None,,37,N,N,N,N
24893977,2022,3,Intersection - Other,Walking/Cycling Along Roadway With Traffic,Other Cyclist,,,34234,Male,N,Test Not Given,,,,N,Test Not Given,,,Incapacitating,EMS,Not Visible,,None,None,26,N,N,N,N
24894031,2022,3,Intersection - Marked Crosswalk,Crossing Roadway,Other Cyclist,,,32828,Male,N,Test Not Given,,,,N,Test Not Given,,,Possible,Not Transported,No Improper Action,,None,,20,N,N,N,N
24894033,2022,1,Sidewalk,Walking/Cycling on Sidewalk,Other Cyclist,,,32822,Male,N,Test Not Given,,,,N,Test Not Given,,,Incapacitating,EMS,No Improper Action,,None,,33,N,N,N,N
24895011,2022,2,Intersection - Marked Crosswalk,Walking/Cycling Along Roadway With Traffic,Other Cyclist,,,32940,Male,N,Test Not Given,,,,N,Test Not Given,,,Possible,EMS,Other,,None,,13,N,N,N,N
24895011,2022,3,Travel Lane - Other Location,Walking/Cycling Along Roadway With Traffic,Occupant of a Non-Motor Vehicle Transportation Device,,,32935,Male,N,Test Not Given,,,,N,Test Not Given,,,Possible,EMS,No Improper Action,,None,,12,N,N,N,N
24895135,2022,2,Intersection - Marked Crosswalk,Crossing Roadway,Bicyclist,,,76108,Female,N,Test Not Given,,,,N,Test Not Given,,,Possible,EMS,No Improper Action,,Helmet,,37,N,N,N,N
24895135,2022,3,Intersection - Marked Crosswalk,Crossing Roadway,Other Cyclist,,,76108,Female,N,Test Not Given,,,,N,Test Not Given,,,None,Not Transported,No Improper Action,,Helmet,,2,N,N,N,N
24905799,2022,2,Travel Lane - Other Location,Walking/Cycling Along Roadway With Traffic,Other Cyclist,,,32922,Male,N,Test Not Given,,,,N,Test Not Given,,,Possible,EMS,Improper Turn/Merge,,Helmet,,67,N,N,Y,N
24909263,2022,2,Intersection - Other,Walking/Cycling Along Roadway With Traffic,Other Cyclist,,,32828,Male,N,Test Not Given,,,,N,Test Not Given,,,Incapacitating,EMS,"Failure to Obey Traffic Signs, Signals, or Officer",,None,,6,N,N,N,N
24909718,2022,2,Travel Lane - Other Location,Crossing Roadway,Other Cyclist,,,34680,Male,N,Test Not Given,,,,N,Test Not Given,,,None,Not Transported,Other,,None,,52,N,N,N,N
24911056,2022,1,Intersection - Unmarked Crosswalk,Crossing Roadway,Other Cyclist,,,33971,Male,N,Test Not Given,,,,N,Test Not Given,,,Non-Incapacitating,EMS,Failure to Yield Right-of-Way,,None,,24,N,N,N,N
24920715,2022,2,Other,Waiting to Cross Roadway,Other Cyclist,,,34655,Male,N,Test Not Given,,,,N,Test Not Given,,,Non-Incapacitating,EMS,Failure to Yield Right-of-Way,,Unknown,Unknown,84,N,N,Y,N
24926736,2022,2,Intersection - Unmarked Crosswalk,Walking/Cycling on Sidewalk,Other Cyclist,,,33770,Female,N,Test Not Given,,,,N,Test Not Given,,,Non-Incapacitating,EMS,No Improper Action,,None,,57,N,N,N,N
24930286,2022,1,Other,Other,Other Cyclist,,,00000,Female,,Test Not Given,,,,,Test Not Given,,,None,Not Transported,Other,,None,,,N,N,N,N
24930286,2022,2,Other,None,Other Cyclist,,,34691,Female,,Test Not Given,,,,,Test Not Given,,,Possible,Not Transported,Other,,None,,12,N,N,N,N
24931002,2022,2,Sidewalk,Walking/Cycling on Sidewalk,Other Cyclist,,,34112,Male,N,Test Not Given,,,,N,Test Not Given,,,Possible,EMS,No Improper Action,,None,None,28,N,N,N,N
24932927,2022,2,Driveway Access,Walking/Cycling on Sidewalk,Other Cyclist,,,34736,Male,N,Test Not Given,,,,N,Test Not Given,,,Non-Incapacitating,EMS,No Improper Action,,None,,21,N,N,N,N
24932927,2022,3,Driveway Access,Walking/Cycling on Sidewalk,Other Cyclist,,,32808,Female,N,Test Not Given,,,,N,Test Not Given,,,Non-Incapacitating,EMS,No Improper Action,,None,,27,N,N,N,N
24935071,2022,2,Other,Crossing Roadway,Other Cyclist,,,33714,Male,N,Test Not Given,,,,N,Test Not Given,,,None,Not Transported,"Failure to Obey Traffic Signs, Signals, or Officer",Dart/Dash,None,,9,N,N,N,N
24939793,2022,2,Bicycle Lane,Other,Other Cyclist,,,00000,Male,N,Test Not Given,,,,N,Test Not Given,,,Possible,EMS,No Improper Action,,Other,,34,N,N,N,N
24942908,2022,2,Travel Lane - Other Location,Crossing Roadway,Other Cyclist,,,32773,Female,N,Test Not Given,,,,N,Test Not Given,,,Incapacitating,EMS,Dart/Dash,Failure to Yield Right-of-Way,None,,13,N,N,N,N
24944762,2022,2,Sidewalk,Walking/Cycling on Sidewalk,Other Cyclist,,,32808,Male,N,Test Not Given,,,,N,Test Not Given,,,Non-Incapacitating,EMS,No Improper Action,,None,,27,N,N,N,N
24944800,2022,3,Intersection - Marked Crosswalk,Walking/Cycling on Sidewalk,Bicyclist,,,32817,Male,N,Test Not Given,,,,N,Test Not Given,,,None,Not Transported,No Improper Action,,Unknown,Unknown,31,N,N,N,N
24944800,2022,4,Intersection - Marked Crosswalk,Walking/Cycling on Sidewalk,Other Cyclist,,,32817,Female,N,Test Not Given,,,,N,Test Not Given,,,Possible,EMS,No Improper Action,,Unknown,Unknown,24,N,N,N,N
24944832,2022,2,Travel Lane - Other Location,Walking/Cycling Along Roadway Against Traffic,Other Cyclist,,,32506,Male,N,Test Not Given,,,,N,Test Not Given,,,Non-Incapacitating,EMS,Wrong-Way Riding or Walking,,Protective Pads,,25,N,N,N,N
24949958,2022,2,Intersection - Marked Crosswalk,Crossing Roadway,Other Cyclist,,,32832,Male,N,Test Not Given,,,,N,Test Not Given,,,Non-Incapacitating,EMS,Other,,None,None,19,N,N,N,Y
24950203,2022,2,Midblock - Marked Crosswalk,Walking/Cycling on Sidewalk,Other Cyclist,,,32828,Male,N,Test Not Given,,,,N,Test Not Given,,,Possible,Not Transported,No Improper Action,,None,None,19,N,N,N,Y
24950990,2022,2,Intersection - Marked Crosswalk,Walking/Cycling on Sidewalk,Other Cyclist,,,34482,Female,N,Test Not Given,,,,N,Test Not Given,,,Possible,Not Transported,Wrong-Way Riding or Walking,,None,,33,N,N,N,N
24951025,2022,1,Travel Lane - Other Location,Walking/Cycling Along Roadway With Traffic,Other Cyclist,,,37091,Male,,Test Not Given,,,,,Test Not Given,,,Fatal (within 30 days),EMS,Not Visible,,None,,38,N,N,N,N
24951121,2022,2,Travel Lane - Other Location,Crossing Roadway,Other Cyclist,,,33040,Male,N,Test Not Given,,,,N,Test Not Given,,,Non-Incapacitating,EMS,Failure to Yield Right-of-Way,,None,None,51,N,N,N,N
24951348,2022,3,Bicycle Lane,Walking/Cycling Along Roadway With Traffic,Other Cyclist,,,32953,Male,N,Test Not Given,,,,N,Test Not Given,,,Possible,Other,Other,,None,None,16,N,N,N,Y
24951501,2022,4,Intersection - Marked Crosswalk,Walking/Cycling on Sidewalk,Other Cyclist,,,32832,Male,N,Test Not Given,,,,N,Test Not Given,,,Possible,Other,No Improper Action,,Helmet,,10,N,N,N,N
24951557,2022,2,Travel Lane - Other Location,Crossing Roadway,Other Cyclist,,,00000,Male,N,Test Not Given,,,,N,Test Not Given,,,Possible,EMS,Unknown,,Unknown,,,N,N,N,N
24954552,2022,2,Intersection - Marked Crosswalk,Walking/Cycling on Sidewalk,Other Cyclist,,,33409,Male,N,Test Not Given,,,,N,Test Not Given,,,Non-Incapacitating,EMS,Other,,None,,27,N,N,N,N
24955358,2022,2,Other,Other,Other Cyclist,,,33070,Male,N,Test Not Given,,,,N,Test Not Given,,,Non-Incapacitating,Other,Improper Turn/Merge,,None,,61,N,N,N,N
24958019,2022,1,Intersection - Marked Crosswalk,Crossing Roadway,Other Cyclist,,,00000,Female,N,Test Not Given,,,,N,Test Not Given,,,Non-Incapacitating,EMS,Failure to Yield Right-of-Way,,None,,28,N,N,N,N
24958609,2022,3,Intersection - Unmarked Crosswalk,Crossing Roadway,Other Cyclist,,,33772,Male,N,Test Not Given,,,,N,Test Not Given,,,Non-Incapacitating,Not Transported,No Improper Action,,None,,15,N,N,N,Y
24962168,2022,2,Travel Lane - Other Location,Walking/Cycling Along Roadway With Traffic,Other Cyclist,,,33523,Male,N,Test Not Given,,,,N,Test Not Given,,,Incapacitating,EMS,Not Visible,No Improper Action,None,None,46,N,N,N,N
24962168,2022,3,Travel Lane - Other Location,Walking/Cycling Along Roadway With Traffic,Other Cyclist,,,33523,Female,N,Test Not Given,,,,N,Test Not Given,,,Incapacitating,EMS,Not Visible,,None,None,29,N,N,N,N
24970089,2022,2,Shoulder/Roadside,Walking/Cycling Along Roadway With Traffic,Other Cyclist,,,32583,Male,N,Test Not Given,,,,N,Test Not Given,,,Possible,EMS,No Improper Action,,Helmet,,31,N,N,N,N
24977067,2022,4,Intersection - Marked Crosswalk,Crossing Roadway,Other Cyclist,,,34695,Male,N,Test Not Given,,,,N,Test Not Given,,,Non-Incapacitating,EMS,Dart/Dash,,Helmet,,59,N,N,N,N
24977842,2022,1,Intersection - Marked Crosswalk,Crossing Roadway,Other Cyclist,,,32839,Male,N,Test Not Given,,,,N,Test Not Given,,,Non-Incapacitating,EMS,Failure to Yield Right-of-Way,,None,,55,N,N,N,N
24979839,2022,2,Intersection - Marked Crosswalk,Crossing Roadway,Other Cyclist,,,32541,Female,N,Test Not Given,,,,N,Test Not Given,,,Possible,EMS,No Improper Action,,None,,20,N,N,N,N
24979981,2022,2,Sidewalk,Walking/Cycling Along Roadway With Traffic,Other Cyclist,,,34683,Male,N,Test Not Given,,,,N,Test Not Given,,,None,Not Transported,No Improper Action,,None,,39,N,N,N,N
24979839,2022,1,Intersection - Marked Crosswalk,Crossing Roadway,Other Cyclist,,,32541,Female,N,Test Not Given,,,,N,Test Not Given,,,Possible,EMS,No Improper Action,,None,,22,N,N,N,N
24980552,2022,3,Travel Lane - Other Location,Crossing Roadway,Other Cyclist,,,48367,Male,N,Test Not Given,,,,N,Test Not Given,,,Non-Incapacitating,EMS,Dart/Dash,,None,,6,N,N,N,N
24982196,2022,2,Midblock - Marked Crosswalk,Other,Other Cyclist,,,32206,Male,N,Test Not Given,,,,N,Test Not Given,,,Possible,Not Transported,No Improper Action,,None,,57,N,N,N,N
24985102,2022,3,Sidewalk,Walking/Cycling Along Roadway With Traffic,Other Cyclist,,,32818,Male,N,Test Not Given,,,,N,Test Not Given,,,Non-Incapacitating,EMS,No Improper Action,,None,,19,N,N,N,Y
24985854,2022,1,Intersection - Marked Crosswalk,Crossing Roadway,Other Cyclist,,,34205,Male,N,Test Not Given,,,,N,Test Not Given,,,Possible,Not Transported,Failure to Yield Right-of-Way,,None,,25,N,N,N,N
24986728,2022,2,Travel Lane - Other Location,Crossing Roadway,Other Cyclist,,,34741,Male,N,Test Not Given,,,,N,Test Not Given,,,Non-Incapacitating,EMS,Failure to Yield Right-of-Way,,None,,48,N,N,N,N
24988749,2022,2,Driveway Access,Crossing Roadway,Other Cyclist,,,32505,Female,N,Test Not Given,,,,N,Test Not Given,,,Non-Incapacitating,EMS,No Improper Action,,None,,62,N,N,N,N
24989870,2022,1,Travel Lane - Other Location,In Roadway - Other,Other Cyclist,,,32459,Female,N,Test Not Given,,,,N,Test Not Given,,,Possible,Unknown,Failure to Yield Right-of-Way,,None,None,12,N,N,N,N
24990411,2022,2,Intersection - Marked Crosswalk,Crossing Roadway,Other Cyclist,,,32828,Male,N,Test Not Given,,,,N,Test Not Given,,,Non-Incapacitating,EMS,No Improper Action,,None,,12,N,N,N,N
24990926,2022,2,Other,Walking/Cycling on Sidewalk,Other Cyclist,,,32322,Male,N,Test Not Given,,,,N,Test Not Given,,,Incapacitating,EMS,Dart/Dash,,None,,4,N,N,N,N
24993222,2022,2,Intersection - Marked Crosswalk,Crossing Roadway,Other Cyclist,,,32608,Female,N,Test Not Given,,,,N,Test Not Given,,,Possible,Not Transported,No Improper Action,,None,,19,N,N,N,Y
24998449,2022,2,Intersection - Marked Crosswalk,Crossing Roadway,Other Cyclist,,,32826,Female,N,Test Not Given,,,,N,Test Not Given,,,Non-Incapacitating,EMS,No Improper Action,,None,,21,N,N,N,N
24998450,2022,2,Intersection - Marked Crosswalk,Crossing Roadway,Other Cyclist,,,34109,Male,N,Test Not Given,,,,N,Test Not Given,,,Non-Incapacitating,EMS,No Improper Action,,None,,19,N,N,N,Y
25011335,2022,2,Intersection - Marked Crosswalk,Walking/Cycling on Sidewalk,Other Cyclist,,,34207,Male,N,Test Not Given,,,,N,Test Not Given,,,Non-Incapacitating,Not Transported,No Improper Action,,None,,47,N,N,N,N
25014181,2022,1,Intersection - Unmarked Crosswalk,Crossing Roadway,Other Cyclist,,,34653,Male,N,Test Not Given,,,,N,Test Not Given,,,Incapacitating,EMS,Dart/Dash,,Helmet,,11,N,N,N,N
25017220,2022,2,Intersection - Marked Crosswalk,Crossing Roadway,Other Cyclist,,,33374,Male,N,Test Not Given,,,,N,Test Not Given,,,None,Not Transported,No Improper Action,,Lighting,,17,N,N,N,Y
25025766,2022,2,Intersection - Unmarked Crosswalk,Crossing Roadway,Other Cyclist,,,32609,Male,N,Test Not Given,,,,N,Test Not Given,,,Possible,Not Transported,Wrong-Way Riding or Walking,,None,,23,N,N,N,N
25026812,2022,2,Intersection - Marked Crosswalk,Crossing Roadway,Other Cyclist,,,33056,Male,N,Test Not Given,,,,N,Test Not Given,,,Non-Incapacitating,EMS,No Improper Action,,None,,33,N,N,N,N
25027217,2022,4,Intersection - Marked Crosswalk,Crossing Roadway,Other Cyclist,,,81504,Male,N,Test Not Given,,,,N,Test Not Given,,,Non-Incapacitating,Not Transported,No Improper Action,,None,,34,N,N,N,N
25029594,2022,2,Intersection - Marked Crosswalk,Crossing Roadway,Other Cyclist,,,32835,Female,N,Test Not Given,,,,N,Test Not Given,,,Non-Incapacitating,EMS,No Improper Action,,None,,17,N,N,N,Y
25030136,2022,3,Other,Other,Other Cyclist,,,33777,Male,N,Test Not Given,,,,N,Test Not Given,,,Incapacitating,EMS,Other,,Helmet,,17,N,N,N,Y
25044437,2022,2,Shoulder/Roadside,Walking/Cycling Along Roadway Against Traffic,Other Cyclist,,,34655,Male,N,Test Not Given,,,,N,Test Not Given,,,Non-Incapacitating,EMS,Wrong-Way Riding or Walking,,None,None,17,N,N,N,Y
25054114,2022,1,Intersection - Unmarked Crosswalk,Crossing Roadway,Other Cyclist,,,32807,Male,N,Test Not Given,,,,N,Test Not Given,,,Possible,Other,No Improper Action,,None,,35,N,N,N,N
25062141,2022,1,Intersection - Marked Crosswalk,Crossing Roadway,Other Cyclist,,,34786,Male,N,Test Not Given,,,,N,Test Not Given,,,Non-Incapacitating,Other,No Improper Action,,Lighting,,17,N,N,N,Y
25064644,2022,2,Intersection - Marked Crosswalk,Crossing Roadway,Other Cyclist,,,34266,Male,N,Test Not Given,,,,N,Test Not Given,,,Non-Incapacitating,EMS,Failure to Yield Right-of-Way,,None,,31,N,N,N,N
25081407,2022,2,Intersection - Marked Crosswalk,Crossing Roadway,Other Cyclist,,,33315,,N,,,,,N,,,,Non-Incapacitating,Not Transported,No Improper Action,,None,,,N,N,N,N
25081813,2022,2,Bicycle Lane,Other,Other Cyclist,,,33305,,N,,,,,N,,,,Incapacitating,EMS,Inattentive,,None,,,N,N,N,N
25083556,2022,2,Intersection - Marked Crosswalk,Crossing Roadway,Other Cyclist,,,33348,,N,,,,,N,,,,Non-Incapacitating,Not Transported,No Improper Action,,None,,,N,N,N,N
25083937,2022,2,Unknown,Crossing Roadway,Other Cyclist,,,33304,,,"Unknown, if Tested",,,,,"Unknown, if Tested",,,Possible,Not Transported,Failure to Yield Right-of-Way,,None,,,N,N,N,N
25084356,2022,2,Bicycle Lane,Other,Other Cyclist,,,33066,,N,,,,,N,,,,Possible,Not Transported,Other,Other,None,None,,N,N,N,N
25086828,2022,2,Sidewalk,Walking/Cycling on Sidewalk,Other Cyclist,,,33334,,N,,,,,N,,,,Non-Incapacitating,Not Transported,Other,,None,,,N,N,N,N
25086838,2022,2,Bicycle Lane,Walking/Cycling Along Roadway With Traffic,Other Cyclist,,,33301,,N,,,,,N,,,,None,Not Transported,No Improper Action,,Lighting,,,N,N,N,N
25088811,2022,1,Travel Lane - Other Location,Walking/Cycling Along Roadway With Traffic,Other Cyclist,,,33308,Male,N,,,,,N,,,,Non-Incapacitating,EMS,"Failure to Obey Traffic Signs, Signals, or Officer",,None,Helmet,67,N,N,Y,N
25088918,2022,2,Other,Walking/Cycling Along Roadway With Traffic,Other Cyclist,,,33312,Male,N,,,,,N,,,,None,Not Transported,No Improper Action,,Protective Pads,,18,N,N,N,Y
25089827,2022,2,Midblock - Marked Crosswalk,Crossing Roadway,Other Cyclist,,,33312,Male,N,,,,,N,,,,Non-Incapacitating,Not Transported,Failure to Yield Right-of-Way,,None,,19,N,N,N,Y
25091030,2022,2,Bicycle Lane,Walking/Cycling Along Roadway Against Traffic,Other Cyclist,,,33064,Female,N,,,,,N,,,,Non-Incapacitating,Not Transported,Wrong-Way Riding or Walking,,None,,17,N,N,N,Y
25093474,2022,2,Driveway Access,Walking/Cycling on Sidewalk,Other Cyclist,,,32828,Male,N,,,,,N,,,,Possible,Not Transported,Other,,None,,33,N,N,N,N
25097874,2022,2,Intersection - Marked Crosswalk,Other,Other Cyclist,,,34116,Female,N,,,,,N,,,,Non-Incapacitating,EMS,No Improper Action,,Unknown,,16,N,N,N,Y
25097874,2022,3,Sidewalk,Unknown,Other Cyclist,,,34116,Male,N,,,,,N,,,,Possible,Not Transported,No Improper Action,,Unknown,,14,N,N,N,N
25098904,2022,2,Sidewalk,Walking/Cycling on Sidewalk,Other Cyclist,,,34142,Female,N,,,,,N,,,,Non-Incapacitating,EMS,No Improper Action,,None,,51,N,N,N,N
25099637,2022,2,Travel Lane - Other Location,Crossing Roadway,Other Cyclist,,,33903,Male,N,,,,,N,,,,Non-Incapacitating,EMS,No Improper Action,,None,,51,N,N,N,N
25100768,2022,2,Intersection - Marked Crosswalk,Walking/Cycling on Sidewalk,Other Cyclist,,,34102,Male,N,,,,,N,,,,Possible,EMS,Failure to Yield Right-of-Way,,None,,34,N,N,N,N
25101365,2022,3,Intersection - Marked Crosswalk,Crossing Roadway,Other Cyclist,,,34110,Female,N,,,,,N,,,,Possible,Other,No Improper Action,,None,,42,N,N,N,N
25101524,2022,2,Intersection - Marked Crosswalk,Crossing Roadway,Other Cyclist,,,34104,Female,N,,,,,N,,,,Non-Incapacitating,EMS,"Failure to Obey Traffic Signs, Signals, or Officer",,None,,20,N,N,N,N
25106050,2022,3,Intersection - Marked Crosswalk,Crossing Roadway,Other Cyclist,,,44460,Female,N,,,,,N,,,,Fatal (within 30 days),Other,"Failure to Obey Traffic Signs, Signals, or Officer",Failure to Yield Right-of-Way,None,,72,N,N,Y,N
25109578,2022,2,Intersection - Marked Crosswalk,Crossing Roadway,Other Cyclist,,,33897,Male,N,,,,,N,,,,Possible,Not Transported,No Improper Action,,Lighting,,24,N,N,N,N
25112399,2022,1,Shoulder/Roadside,Other,Other Cyclist,,,33884,Male,N,,,,,N,,,,Non-Incapacitating,Not Transported,No Improper Action,,None,,38,N,N,N,N
25113459,2022,3,Other,Crossing Roadway,Other Cyclist,,,33615,Male,N,,,,,N,,,,Incapacitating,EMS,Other,,None,,42,N,N,N,N
25114017,2022,2,Intersection - Marked Crosswalk,Crossing Roadway,Other Cyclist,,,33710,Male,N,,,,,N,,,,Possible,Not Transported,No Improper Action,,None,,12,N,N,N,N
25114127,2022,2,Intersection - Marked Crosswalk,Walking/Cycling on Sidewalk,Other Cyclist,,,33782,,N,,,,,N,,,,Possible,Not Transported,No Improper Action,,None,,,N,N,N,N
25115305,2022,2,Intersection - Marked Crosswalk,Crossing Roadway,Other Cyclist,,,33711,Male,N,,,,,N,,,,Possible,EMS,Failure to Yield Right-of-Way,,None,,2,N,N,N,N
25116460,2022,4,Bicycle Lane,Other,Other Cyclist,,,33701,Male,N,,,,,N,,,,Non-Incapacitating,Not Transported,No Improper Action,,None,,25,N,N,N,N
25119820,2022,2,Travel Lane - Other Location,In Roadway - Other,Other Cyclist,,,99999,Male,N,,,,,N,,,,None,Not Transported,Wrong-Way Riding or Walking,,None,,,N,N,N,N
25124750,2022,1,Other,Other,Other Cyclist,,,,,N,,,,,N,,,,None,Not Transported,Other,,None,,,N,N,N,N
25125096,2022,2,Intersection - Marked Crosswalk,Crossing Roadway,Other Cyclist,,,33916,Male,N,,,,,N,,,,Non-Incapacitating,Not Transported,No Improper Action,,Helmet,,62,N,N,N,N
25125272,2022,2,Travel Lane - Other Location,Other,Other Cyclist,,,33901,Male,N,,,,,N,,,,Incapacitating,EMS,Failure to Yield Right-of-Way,,None,,63,N,N,N,N
25130531,2022,2,Other,Walking/Cycling Along Roadway Against Traffic,Other Cyclist,,,32771,Male,N,,,,,N,,,,Incapacitating,EMS,In Roadway Improperly,,None,,64,N,N,N,N
25130623,2022,2,Travel Lane - Other Location,Walking/Cycling Along Roadway With Traffic,Other Cyclist,,,32218,Male,N,Test Not Given,,,,N,Test Not Given,,,Non-Incapacitating,EMS,Not Visible,,None,,16,N,N,N,Y
25133733,2022,1,Intersection - Marked Crosswalk,Walking/Cycling on Sidewalk,Other Cyclist,,,32205,Male,N,Test Not Given,,,,N,Test Not Given,,,Non-Incapacitating,EMS,Failure to Yield Right-of-Way,,None,,61,N,N,N,N
25133869,2022,2,Intersection - Unmarked Crosswalk,Walking/Cycling on Sidewalk,Other Cyclist,,,32246,Male,N,Test Not Given,,,,N,Test Not Given,,,Non-Incapacitating,EMS,No Improper Action,,None,,16,N,N,N,Y
25137911,2022,2,Intersection - Unmarked Crosswalk,Walking/Cycling Along Roadway With Traffic,Bicyclist,,,32221,Male,N,Test Not Given,,,,N,Test Not Given,,,Possible,Not Transported,No Improper Action,,None,,40,N,N,N,N
