REPORT_NUMBER,CRASH_YEAR,VEHICLE_NUMBER,PERSON_NUMBER,CITY,STATE,ZIP_CODE,SEX,HELMET_CODE,RESTRAINT_SYSTEM_CODE,EYE_PROTECTION_CODE,AIR_BAG_DEPLOYMENT_CODE,EJECTED,INJURY_SEVERITY,EMS_TRANSPORT_TYPE,SEAT_POSITION_CODE,ROW_POSITION_CODE,OTHER_POSITION_CODE,S4_AGE_AT_TIME_OF_CRASH,S4_IS_UNRESTRAINED_PASSENGER
24877920,2022,1,2,,,33880,Male,,Shoulder and Lap Belt Used,,Not Deployed,Not Ejected,None,Not Transported,Right,Front,Not Applicable,66,N
24893977,2022,1,2,,,34234,Male,,Shoulder and Lap Belt Used,,Not Deployed,Not Ejected,None,Not Transported,Left,Front,,33,N
24944800,2022,1,2,,,72753,Male,,Shoulder and Lap Belt Used,,Not Applicable,Not Ejected,None,Not Transported,Right,Front,,19,N
25116460,2022,1,3,,,33703,Female,,Shoulder and Lap Belt Used,,Not Deployed,Not Ejected,None,Not Transported,Left,Second,,46,N
24951348,2022,1,2,,,32927,Female,,Shoulder and Lap Belt Used,,Not Deployed,Not Ejected,None,Not Transported,Right,Front,Not Applicable,55,N
24951501,2022,1,2,,,32832,Male,,Booster Seat,,Not Deployed,Not Ejected,None,Not Transported,Right,Second,Not Applicable,8,N
24951501,2022,1,3,,,32832,Female,,Child Restraint System - Forward Facing,,Not Deployed,Not Ejected,None,Not Transported,Left,Second,Not Applicable,5,N
24958019,2022,1,3,,,75080,Female,,Shoulder Belt Only Used,,Not Deployed,Not Ejected,None,Not Transported,Right,Front,Not Applicable,42,N
24958019,2022,1,4,,,75080,Male,,Shoulder and Lap Belt Used,,Not Deployed,Not Ejected,None,Not Transported,Right,Second,Not Applicable,17,N
24958609,2022,1,2,,,33759,Female,,Shoulder and Lap Belt Used,,Not Deployed,Not Ejected,None,Not Transported,Right,Front,Not Applicable,56,N
24977067,2022,1,2,,,34652,Female,,Shoulder and Lap Belt Used,,Not Deployed,Not Ejected,None,Not Transported,Right,Front,,66,N
24977067,2022,1,3,,,34652,Female,,Shoulder and Lap Belt Used,,Not Deployed,Not Ejected,None,Not Transported,Right,Second,,15,N
24980552,2022,1,2,,,34448,Female,,Not Applicable (non-motorist),,Not Applicable,Not Ejected,None,Not Transported,Right,Second,,61,N
24985102,2022,1,2,,,32818-0000,Female,,Shoulder and Lap Belt Used,,Not Deployed,Not Ejected,None,Not Transported,Right,Second,,5,N
25027217,2022,1,2,,,32807,Female,,Shoulder and Lap Belt Used,,Not Deployed,Not Ejected,None,Not Transported,Right,Front,,29,N
25027217,2022,1,3,,,99501,Female,,Shoulder and Lap Belt Used,,Not Deployed,Not Ejected,None,Not Transported,Right,Second,,29,N
25030136,2022,1,2,,,33777-4206,Male,,Child Restraint System - Rear Facing,,Not Applicable,Not Ejected,None,Not Transported,Middle,Second,Not Applicable,0,N
25086838,2022,1,3,,,33470,Female,No Helmet,Shoulder and Lap Belt Used,,Not Deployed,Not Ejected,None,Not Transported,Right,Front,Not Applicable,29,N
25101365,2022,1,2,,,34135,Male,,Shoulder and Lap Belt Used,,Not Deployed,Not Ejected,None,Not Transported,Right,Front,,69,N
25113459,2022,1,2,,,33592,Male,,Shoulder and Lap Belt Used,,Not Deployed,Not Ejected,None,Not Transported,Right,Front,,26,N
25116460,2022,1,2,,,33704,Female,,Shoulder and Lap Belt Used,,Not Deployed,Not Ejected,None,Not Transported,Right,Second,Not Applicable,49,N
