REPORT_NUMBER,CRASH_YEAR,VEHICLE_NUMBER,OWNER_CITY,OWNER_STATE,OWNER_ZIP_CODE,COMMERCIAL_VEHICLE_FLAG,MOTION_CODE,STATE_OF_REGISTRATION,PERMANENT_REGISTRATION_FLAG,HIT_AND_RUN_FLAG,VEHICLE_YEAR,VEHICLE_MAKE,VEHICLE_MODEL,VEHICLE_STYLE,VEHICLE_COLOR,DISABLING_FUNCTIONAL_DAMAGE,ESTIMATED_VEHICLE_DAMAGE,TOW_DAMAGE_CODE,HOW_TOW_REQUESTED,BUSINESS_OWNED_FLAG,VEHICLE_TRAVELING,ROAD_ON,ESTIMATED_MPH,POSTED_SPEED,TOTAL_NUMBER_OF_LANES,HAZARDOUS_MATERIAL_RELEASED,HAZMAT_PLACARD,HAZARDOUS_PLACARD_NUMBER,HAZMAT_CLASS,POINT_OF_IMPACT,MOST_DAMAGED_AREA_CODE,TYPE_OF_VEHICLE,TRAFFICWAY_CODE,COMMERCIAL_VEHICLE_CONFIGURATION_CODE,COMMERCIAL_USE_CODE,CARRIER_CARGO_BODY_TYPE,COMMERCIAL_VEHICLE_WEIGHT_CODE,MOST_HARMFUL_EVENT_CODE,HARMFUL_EVENT_1,HARMFUL_EVENT_2,HARMFUL_EVENT_3,HARMFUL_EVENT_4,EMERGENCY_VEHICLE_USE_CODE,ROADWAY_GRADE_CODE,ROADWAY_ALIGNMENT_CODE,VEHICLE_MANEUVER_ACTION,TRAFFIC_CONTROL_DEVICE,VEHICLE_SPECIAL_FUNCTION,VEHICLE_DEFECT1,VEHICLE_DEFECT2,S4_IS_COMMERCIAL_MOTOR_VEHICLE
24877920,2022,1,,,33880,N,Vehicle in Transport,FL,,N,2016,HYUN,,4D,BLU,Minor,1500,N,Driver,N,North,SR 699,10,35,4,,,,,Right Front Door,Right Front Door,Passenger Car,"Two-Way, Not Divided, with a Continuous Left Turn Lane",,,,,Motor Vehicle in Transport,Motor Vehicle in Transport,,,,N,Level,Straight,Turning Right,No Controls,No Special Function,None,,
24885816,2022,1,,,34655-0000,N,Vehicle in Transport,FL,N,N,2011,MERZ,,4D,BLK,Functional,3000,N,,N,South,COUNTY ROAD 611 (EAST LAKE ROAD),15,50,4,,,,,Right Front Door,Right Front Door,Passenger Car,"Two-Way, Divided, Positive Median Barrier",,,,,Motor Vehicle in Transport,Motor Vehicle in Transport,,,,N,Level,Straight,Turning Left,Traffic Control Signal,No Special Function,None,,
24891800,2022,1,,,63043,N,Vehicle in Transport,MO,Y,N,2020,NISS,,4D,GRY,Minor,1000,N,,N,South,US 17-92 / GOLDEN BIRCH LN,10,45,3,,,,,Right Front Door,Right Front Door,Passenger Car,"Two-Way, Divided, Positive Median Barrier",,,,,Pedalcycle,Pedalcycle,,,,N,Level,Straight,Straight Ahead,No Controls,No Special Function,None,,
25137911,2022,1,,,32205-5521,N,Vehicle in Transport,FL,N,Y,2007,CHEV,,4D,BLK,Minor,500,N,,N,North,2800 FITZGERALD STREET,5,30,2,,,,,Front Center Bumper,Front Center Bumper,Passenger Car,"Two-Way, Not Divided",,,,,Pedestrian,Pedestrian,,,,N,Level,Straight,Straight Ahead,Stop Sign,No Special Function,None,,
24893977,2022,1,,,34231,N,Vehicle in Transport,FL,N,N,2013,KIA,,UT,WHI,Disabling,3000,Y,Rotation,N,East,DR MARTIN LUTHER KING JR WAY,30,35,2,,,,,Front Right Bumper,Front Right Bumper,(Sport) Utility Vehicle,"Two-Way, Not Divided",,,,,Pedalcycle,Pedalcycle,,,,N,Level,Straight,Turning Left,Traffic Control Signal,No Special Function,None,,
24894031,2022,1,,,32713,N,Vehicle in Transport,FL,N,N,2018,JEEP,,UT,RED,Disabling,3000,Y,Rotation,N,East,STATE ROAD 50 (E. COLONIAL DRIVE),15,45,6,,,,,Front Right Bumper,Front Right Bumper,(Sport) Utility Vehicle,"Two-Way, Divided, Positive Median Barrier",,,,,Motor Vehicle in Transport,Motor Vehicle in Transport,,,,N,Level,Straight,Straight Ahead,No Controls,No Special Function,None,,
24894031,2022,2,,,32825,N,Vehicle in Transport,FL,N,N,2019,JEEP,,UT,GRY,Functional,1000,N,,N,East,STATE ROAD 50 (E. COLONIAL DRIVE),,45,6,,,,,Rear Center Bumper,Rear Center Bumper,(Sport) Utility Vehicle,"Two-Way, Divided, Positive Median Barrier",,,,,Motor Vehicle in Transport,Motor Vehicle in Transport,Pedalcycle,,,N,Level,Straight,Stopped in Traffic,No Controls,No Special Function,None,,
24894033,2022,1,,,32822-0000,Y,Vehicle in Transport,FL,N,N,2016,FRHT,CASCADIA 113,TR,RED,None,0,N,,N,East,STATE ROAD 15 (HOFFNER AVE.),10,45,4,N,N,,,Right Rear Fender,Right Rear Fender,"Medium/Heavy Trucks (more than 10,000 lbs (4,536 kg))","Two-Way, Divided, Positive Median Barrier","Single-Unit Truck (2-axle and GVWR more than 10,000 lbs (4,536 kg))",Intrastate Carrier,No Cargo,"More than 26,000 lbs (11,793 kg)",Pedalcycle,Pedalcycle,,,,N,Level,Straight,Turning Right,No Controls,No Special Function,None,,Y
24895011,2022,1,,,32901-0000,N,Vehicle in Transport,FL,N,N,2021,HYUN,,4D,GRY,Functional,3000,N,,N,West,COUNTY ROAD 509 (N WICKHAM RD),40,40,4,,,,,Front Right Bumper,Hood,Passenger Car,"Two-Way, Divided, Positive Median Barrier",,,,,Pedalcycle,Pedalcycle,,,,N,Level,Straight,Straight Ahead,No Controls,No Special Function,None,,
24895135,2022,1,,,33770-2342,N,Vehicle in Transport,FL,N,N,2007,FORD,,TK,BRO,Minor,150,N,,N,West,110TH AVE N,2,25,2,,,,,Front Center Bumper,Front Center Bumper,Pickup,"Two-Way, Divided, Positive Median Barrier",,,,,Pedalcycle,Pedalcycle,,,,N,Level,Straight,Straight Ahead,Traffic Control Signal,No Special Function,None,,
24905799,2022,1,,,32922,N,Vehicle in Transport,FL,N,N,2018,TOYT,,PK,WHI,Minor,100,N,,N,South,STATE ROAD 501 (CLEARLAKE ROAD),40,45,4,,,,,Right Front Fender,Right Front Fender,Pickup,"Two-Way, Divided, Unprotected (painted >4 feet) Median",,,,,Pedalcycle,Pedalcycle,,,,N,Level,Straight,Straight Ahead,No Controls,No Special Function,None,,
24909263,2022,1,,,00000,N,Vehicle in Transport,UK,N,Y,,FORD,,,SIL,Unknown,0,N,,N,North,LEXINGTON SUMMIT STREET,,15,2,,,,,,,Passenger Car,"Two-Way, Not Divided",,,,,Pedalcycle,Pedalcycle,,,,N,Level,Straight,Straight Ahead,No Controls,No Special Function,Unknown,,
24909718,2022,1,,,34637-7002,N,Vehicle in Transport,FL,Y,N,2017,FORD,,UT,WHI,Functional,1200,N,,N,West,CR-518 (TROUBLE CREEK RD),,45,2,,,,,Left Rear Door,Left Rear Door,(Sport) Utility Vehicle,"Two-Way, Not Divided",,,,,Motor Vehicle in Transport,Motor Vehicle in Transport,,,,N,Level,Straight,Stopped in Traffic,Traffic Control Signal,Police,None,,
24911056,2022,1,,,33971-8520,N,Vehicle in Transport,FL,N,N,1993,BUIC,,4D,MAR,Functional,500,N,,N,East,CR 884 (LEE BLVD),45,45,6,,,,,Right Front Fender,Right Front Fender,Passenger Car,"Two-Way, Divided, Positive Median Barrier",,,,,Pedalcycle,Pedalcycle,,,,N,Level,Straight,Straight Ahead,No Controls,No Special Function,None,,
24920715,2022,1,,,34669-0000,N,Vehicle in Transport,FL,N,N,2022,HYUN,,UT,SIL,Minor,200,N,,N,South,LANGLADE DRIVE,10,20,2,,,,,Left Front Door,Left Front Door,(Sport) Utility Vehicle,"Two-Way, Not Divided",,,,,Pedalcycle,Pedalcycle,,,,N,Level,Straight,Slowing,No Controls,No Special Function,None,,
24926736,2022,1,,,33760-2241,N,Vehicle in Transport,FL,N,N,2012,TOYT,,5D,BLK,Minor,100,N,,N,North,ALMA AVE,5,30,2,,,,,Front Center Bumper,Front Center Bumper,Passenger Car,"Two-Way, Not Divided",,,,,Pedalcycle,Pedalcycle,,,,N,Level,Straight,Turning Right,Stop Sign,No Special Function,None,,
24930286,2022,1,,,33759-0000,N,Vehicle in Transport,FL,N,N,2001,JAGU,,4D,WHI,Minor,200,N,,N,North,4305 CEDAR GROVE ST (PARKING LOT),,10,2,,,,,Right Rear Fender,Right Rear Fender,Passenger Car,"Two-Way, Not Divided",,,,,Pedestrian,Pedestrian,,,,N,Level,Straight,Parked,No Controls,No Special Function,None,,
24931002,2022,1,,,34113-0000,N,Vehicle in Transport,FL,N,N,2016,HOND,,4D,WHI,Minor,100,N,,N,North,BAMBOO DR,5,25,2,,,,,Right Front Fender,Right Front Fender,Passenger Car,"Two-Way, Not Divided",,,,,Pedestrian,Pedestrian,,,,N,Level,Straight,Turning Right,Stop Sign,No Special Function,None,,
24932927,2022,1,,,32805,N,Vehicle in Transport,FL,N,N,2020,KIA,,SW,SIL,Minor,250,N,,N,West,901 S. ORANGE BLOSSOM TRAIL,5,15,2,,,,,Front Center Bumper,Front Center Bumper,Passenger Car,"Two-Way, Not Divided",,,,,Pedalcycle,Pedalcycle,,,,N,Level,Straight,Straight Ahead,No Controls,No Special Function,None,,
24935071,2022,1,,,33709-2371,N,Vehicle in Transport,FL,N,N,2010,FORD,,TK,WHI,Minor,500,N,,N,South,42ND STREET NORTH,25,25,2,,,,,Left Rear Fender,Left Rear Fender,Pickup,"Two-Way, Not Divided",,,,,Pedalcycle,Pedalcycle,,,,N,Level,Straight,Straight Ahead,No Controls,No Special Function,None,,
24939793,2022,1,,,00000,N,Vehicle in Transport,FL,N,Y,,,,,,Unknown,0,N,,N,West,SR-94,45,45,4,,,,,,,Passenger Car,"Two-Way, Divided, Positive Median Barrier",,,,,Pedalcycle,Pedalcycle,,,,N,Level,Straight,Unknown,Traffic Control Signal,No Special Function,None,,
24942908,2022,1,,,32732-3144,N,Vehicle in Transport,FL,N,N,2001,FORD,,TK,BLK,Minor,250,N,,N,West,STATE ROAD 46 (MAIN STREET),15,55,2,,,,,Right Rear Fender,Right Rear Fender,Pickup,"Two-Way, Not Divided",,,,,Other Non-Fixed Object,Other Non-Fixed Object,,,,N,Level,Straight,Straight Ahead,No Controls,No Special Function,None,,
24944762,2022,1,,,34743-6121,N,Vehicle in Transport,FL,N,N,2020,LINC,,4D,BLK,Functional,600,N,,N,East,1446 N PINE HILLS ROAD ORLANDO FL,5,30,2,,,,,Front Right Bumper,Front Right Bumper,Passenger Car,"Two-Way, Not Divided",,,,,Motor Vehicle in Transport,Motor Vehicle in Transport,,,,N,Level,Straight,Turning Right,No Controls,No Special Function,None,,
24944800,2022,1,,,32837-0000,N,Vehicle in Transport,FL,N,N,2022,NISS,,UT,GRY,Minor,500,N,,N,South,PARK MANOR DR,25,35,2,,,,,Front Center Bumper,Front Center Bumper,(Sport) Utility Vehicle,"Two-Way, Not Divided, with a Continuous Left Turn Lane",,,,,Pedestrian,Pedestrian,Pedestrian,,,N,Level,Straight,Turning Right,Stop Sign,No Special Function,None,,
24944832,2022,1,,,32526-0000,N,Vehicle in Transport,FL,N,N,2018,NISS,,SW,RED,Minor,2500,N,,N,South,U.S. HIGHWAY 90 (MOBILE HIGHWAY),15,40,4,,,,,Front Right Bumper,Front Right Bumper,(Sport) Utility Vehicle,"Two-Way, Divided, Unprotected (painted >4 feet) Median",,,,,Pedestrian,Pedestrian,,,,N,Level,Straight,Making U-Turn,No Controls,No Special Function,None,,
24949958,2022,1,,,32862-0000,N,Vehicle in Transport,FL,Y,N,2006,FORD,,PK,WHI,Minor,300,N,,N,East,MCCOY RD,,35,3,,,,,Right Front Fender,Right Front Fender,Pickup,"Two-Way, Not Divided",,,,,Pedalcycle,Pedalcycle,,,,N,Level,Straight,Stopped in Traffic,Traffic Control Signal,No Special Function,None,,
24950203,2022,1,,,32820-1466,N,Vehicle in Transport,FL,N,N,2013,HOND,,2D,BRO,Minor,100,N,,N,West,653 ALAFAYA TRL N,5,10,2,,,,,Hood,Hood,Passenger Car,"Two-Way, Not Divided",,,,,Pedestrian,Pedestrian,,,,N,Level,Straight,Straight Ahead,Stop Sign,No Special Function,None,,
24950990,2022,1,,,34482-4290,N,Vehicle in Transport,FL,N,N,2015,TOYT,,UT,BGE,Minor,250,N,,N,West,NW 21ST STREET,5,35,2,,,,,Front Center Bumper,Front Center Bumper,(Sport) Utility Vehicle,"Two-Way, Not Divided",,,,,Pedalcycle,Pedalcycle,,,,N,Uphill,Straight,Turning Right,Traffic Control Signal,No Special Function,None,,
24951025,2022,1,,,,N,Vehicle in Transport,,N,Y,,NISS,,PK,BLK,Unknown,0,N,,N,East,COUNTY ROAD 326,55,55,2,,,,,Front Right Bumper,Front Right Bumper,Pickup,"Two-Way, Not Divided",,,,,Pedalcycle,Pedalcycle,,,,N,Level,Straight,Straight Ahead,No Controls,No Special Function,Unknown,,
24951121,2022,1,,,33040-4307,N,Vehicle in Transport,FL,Y,N,2019,FORD,,4D,WHI,Functional,1000,N,,N,North,US 1 (STATE ROAD 5),40,45,2,,,,,Front Left Bumper,Left Front Fender,Passenger Car,"Two-Way, Not Divided",,,,,Pedalcycle,Pedalcycle,,,,N,Level,Straight,Straight Ahead,No Controls,Police,None,,
24951348,2022,1,,,32927,N,Vehicle in Transport,FL,N,N,2021,HOND,,4d,WHI,Functional,2000,N,,N,South,STATE ROAD 3 (N COURTENAY PARKWAY),15,35,4,,,,,Right Rear Fender,Right Front Door,Passenger Car,"Two-Way, Divided, Positive Median Barrier",,,,,Pedalcycle,Pedalcycle,,,,N,Level,Straight,Turning Right,No Controls,No Special Function,None,,
24951501,2022,1,,,32832-0000,N,Vehicle in Transport,FL,N,N,2019,TOYOT,,UT,WHI,Minor,300,N,,N,South,MERE PKWY,25,35,2,,,,,Right Rear Door,Right Rear Door,(Sport) Utility Vehicle,"Two-Way, Not Divided",,,,,Pedalcycle,Pedalcycle,,,,N,Level,Straight,Turning Right,No Controls,No Special Function,None,,
24951557,2022,1,,,32807-0000,N,Vehicle in Transport,FL,N,N,2022,TOYOT,,4D,WHI,Minor,300,N,,N,North,UNIVERSITY PARK DR,20,25,2,,,,,Front Left Bumper,Front Left Bumper,Passenger Car,"Two-Way, Not Divided",,,,,Pedalcycle,Pedalcycle,,,,N,Level,Straight,Turning Left,No Controls,No Special Function,None,,
24954552,2022,1,,,33458-2849,N,Vehicle in Transport,FL,N,N,2014,DODG,,UT,BLK,Minor,500,N,,N,South,I95 SB EXIT RAMP,5,65,3,,,,,Front Left Bumper,Front Left Bumper,(Sport) Utility Vehicle,One-Way Trafficway,,,,,Other Non-Fixed Object,Other Non-Fixed Object,,,,N,Uphill,Straight,Turning Right,Traffic Control Signal,No Special Function,None,,
24955358,2022,1,,,33160-0000,N,Vehicle in Transport,FL,N,N,2022,CHEV,,UT,GRY,None,0,N,,N,North,91256 OVERSEAS HWY,10,25,1,,,,,Left Front Door,Left Front Door,(Sport) Utility Vehicle,One-Way Trafficway,,,,,Other Non-Fixed Object,Other Non-Fixed Object,,,,N,Level,Straight,Straight Ahead,No Controls,No Special Function,None,,
24958019,2022,1,,,75080,N,Vehicle in Transport,TX,N,N,2018,NISS,,suv,BLU,Functional,3000,N,,N,East,STATE ROAD 207,45,45,4,,,,,Front Center Bumper,Front Left Bumper,(Sport) Utility Vehicle,"Two-Way, Divided, Positive Median Barrier",,,,,Motor Vehicle in Transport,Motor Vehicle in Transport,,,,N,Level,Straight,Straight Ahead,Traffic Control Signal,No Special Function,None,,
24958609,2022,1,,,33759-0000,N,Vehicle in Transport,FL,N,N,2007,TOYOT,,SW,WHI,Functional,500,N,,N,West,105TH AVENUE N,5,25,2,,,,,Front Right Bumper,Front Right Bumper,Passenger Van,"Two-Way, Not Divided",,,,,Pedalcycle,Pedalcycle,,,,N,Level,Straight,Straight Ahead,Stop Sign,No Special Function,None,,
24962168,2022,1,,,34602-0000,N,Vehicle in Transport,FL,N,N,2008,MITS,,UT,GRY,Functional,5000,Y,Rotation,N,West,TRILBY RD,30,30,2,,,,,Front Center Bumper,Front Center Bumper,Passenger Car,"Two-Way, Not Divided",,,,,Motor Vehicle in Transport,Motor Vehicle in Transport,,,,N,Level,Straight,Straight Ahead,No Controls,No Special Function,None,,
24970089,2022,1,,,36460,N,Vehicle in Transport,AL,N,N,2010,FORD,,4D,BLK,Minor,1000,N,Rotation,N,West,US HIGHWAY 90,10,35,6,,,,,Front Center Bumper,Front Center Bumper,Passenger Car,"Two-Way, Divided, Unprotected (painted >4 feet) Median",,,,,Pedalcycle,Pedalcycle,,,,N,Level,Straight,Straight Ahead,No Controls,No Special Function,None,,
24977067,2022,1,,,34652-3142,N,Vehicle in Transport,FL,N,N,2022,TESLA,,UT,RED,Functional,3000,N,,N,East,STATE ROAD 54,5,55,6,,,,,Right Front Fender,Right Front Fender,(Sport) Utility Vehicle,"Two-Way, Divided, Positive Median Barrier",,,,,Pedalcycle,Pedalcycle,,,,N,Level,Straight,Straight Ahead,Traffic Control Signal,No Special Function,None,,
24977842,2022,1,,,32824-0000,N,Vehicle in Transport,FL,N,N,2016,TOYT,,5D,RED,Minor,500,N,,N,West,TOWN CENTER BLVD,5,45,4,,,,,Front Center Bumper,Hood,(Sport) Utility Vehicle,"Two-Way, Divided, Positive Median Barrier",,,,,Pedalcycle,Pedalcycle,,,,N,Level,Straight,Straight Ahead,Traffic Control Signal,No Special Function,None,,
24979839,2022,1,,,,N,Vehicle in Transport,FL,N,Y,,FORD,,4d,WHI,Unknown,0,N,,N,South,U.S.HIGHWAY 98,10,15,2,,,,,Front Right Bumper,Front Right Bumper,Pickup,"Two-Way, Not Divided",,,,,Pedalcycle,Pedalcycle,,,,N,Level,Straight,Straight Ahead,Stop Sign,No Special Function,Unknown,,
24979981,2022,1,,,65802-0000,N,Vehicle in Transport,FL,N,N,2018,NISS,,4D,WHI,None,0,N,,N,West,ULMERTON ROAD,15,45,6,,,,,Front Right Bumper,Front Right Bumper,Passenger Car,"Two-Way, Divided, Positive Median Barrier",,,,,Pedalcycle,Pedalcycle,,,,N,Level,Straight,Turning Right,No Controls,No Special Function,None,,
24980552,2022,1,,,34448,N,Vehicle in Transport,FL,N,N,2021,CLUB,,GOLFCART,BLK,Minor,25,N,,N,West,10200 WEST FISHBOWL DRIVE,10,10,1,,,,,Front Center Bumper,Front Center Bumper,Low Speed Vehicle,"Two-Way, Not Divided",,,,,Pedalcycle,Pedalcycle,,,,N,Level,Curve Left,Negotiating a Curve,No Controls,No Special Function,None,,
24982196,2022,1,,,32218-3472,N,Vehicle in Transport,FL,N,N,2017,HYUN,,4D,DBL,Minor,500,N,,N,West,EDSON DRIVE,3,25,2,,,,,Front Right Bumper,Front Right Bumper,Passenger Car,"Two-Way, Not Divided",,,,,Pedalcycle,Pedalcycle,,,,N,Level,Straight,Slowing,Traffic Control Signal,No Special Function,None,,
24985102,2022,1,,,32818-0000,N,Vehicle in Transport,FL,N,N,2022,TOYT,,PK,GRY,Minor,300,N,,N,West,STATE ROAD 50 (W COLONIAL DRIVE),15,45,6,,,,,Hood,Hood,Pickup,"Two-Way, Divided, Positive Median Barrier",,,,,Pedestrian,Pedestrian,,,,N,Level,Straight,Turning Right,No Controls,No Special Function,None,,
24985854,2022,1,,,,N,Vehicle in Transport,,N,Y,,,,,,Unknown,0,N,,N,North,US 41 (STATE ROAD 45),10,45,5,,,,,,,,"Two-Way, Divided, Positive Median Barrier",,,,,Pedestrian,Pedestrian,,,,N,Level,Straight,Turning Right,Traffic Control Signal,No Special Function,None,,
24986728,2022,1,,,34741-1109,N,Vehicle in Transport,FL,N,N,2004,FORD,,UT,WHI,Minor,5,N,,N,East,EAST TROPICANA COURT,5,25,2,,,,,Left Front Fender,Left Front Fender,(Sport) Utility Vehicle,"Two-Way, Not Divided",,,,,Pedestrian,Pedestrian,,,,N,Level,Straight,Turning Left,No Controls,No Special Function,None,,
24988749,2022,1,,,32505-5870,N,Vehicle in Transport,FL,N,N,2008,FORD,,PK,WHI,None,0,N,,N,West,W DESOTO ST,5,25,2,,,,,Left Rear Fender,Left Rear Fender,Pickup,"Two-Way, Not Divided",,,,,Pedestrian,Pedestrian,,,,N,Level,Straight,Turning Left,Other,No Special Function,None,,
24989870,2022,1,,,32459-0000,N,Vehicle in Transport,FL,N,N,2019,HOND,,4D,WHI,Functional,1500,N,,N,North,NORTH COCOBOLO DRIVE,20,25,2,,,,,Left Front Fender,Left Front Fender,Passenger Car,"Two-Way, Not Divided",,,,,Motor Vehicle in Transport,Motor Vehicle in Transport,,,,N,Level,Straight,Straight Ahead,No Controls,No Special Function,None,,
24990411,2022,1,,,32828-7331,N,Vehicle in Transport,FL,N,N,2012,HOND,,VN,SIL,Minor,200,N,,N,South,TIMBER SPRINGS BOULEVARD,5,25,2,,,,,Right Front Fender,Right Front Fender,Passenger Van,"Two-Way, Not Divided",,,,,Pedalcycle,Pedalcycle,,,,N,Level,Straight,Turning Right,Stop Sign,No Special Function,None,,
24990926,2022,1,,,32322-0000,N,Vehicle in Transport,FL,N,N,2006,FORD,,PK,WHI,Minor,100,N,,N,North,NW 12TH ST,15,15,2,,,,,Undercarriage,Undercarriage,Pickup,"Two-Way, Not Divided",,,,,Pedalcycle,Pedalcycle,,,,N,Level,Straight,Straight Ahead,No Controls,No Special Function,None,,
24993222,2022,1,,,32607,N,Vehicle in Transport,FL,N,N,2008,CHRY,,4D,GLD,Minor,300,N,,N,South,SR 24,10,25,2,,,,,Front Right Bumper,Front Right Bumper,Passenger Car,"Two-Way, Divided, Unprotected (painted >4 feet) Median",,,,,Pedalcycle,Pedalcycle,,,,N,Level,Straight,Straight Ahead,Stop Sign,No Special Function,None,,
24998449,2022,1,,,32826-0000,N,Vehicle in Transport,FL,N,N,2022,HOND,,4D,BLU,Minor,100,N,,N,South,ALAFAYA TRAIL,15,45,2,,,,,Front Center Bumper,Front Center Bumper,Passenger Car,"Two-Way, Not Divided",,,,,Motor Vehicle in Transport,Motor Vehicle in Transport,,,,N,Level,Straight,Turning Right,Stop Sign,No Special Function,None,,
24998450,2022,1,,,34655-0000,N,Vehicle in Transport,FL,N,N,2019,FORD,,4D,WHI,Minor,100,N,,N,South,SR-434 ALAFAYA TRAIL,15,45,6,,,,,Front Center Bumper,Front Center Bumper,Passenger Car,"Two-Way, Divided, Positive Median Barrier",,,,,Pedalcycle,Pedalcycle,,,,N,Level,Straight,Turning Right,Stop Sign,No Special Function,None,,
25011335,2022,1,,,34205,N,Vehicle in Transport,FL,N,N,2022,FORD,,UT,BLK,Minor,2500,N,,N,North,66TH ST W,5,40,2,,,,,Front Center Bumper,Front Center Bumper,(Sport) Utility Vehicle,"Two-Way, Divided, Positive Median Barrier",,,,,Pedalcycle,Pedalcycle,,,,N,Level,Straight,Turning Right,Traffic Control Signal,No Special Function,None,,
25014181,2022,1,,,34654-0000,N,Vehicle in Transport,FL,N,N,2020,JEEP,,UT,BLU,Minor,500,N,,N,South,DEERWOOD AVENUE,10,35,2,,,,,Front Right Bumper,Front Right Bumper,Passenger Car,"Two-Way, Not Divided, with a Continuous Left Turn Lane",,,,,Pedalcycle,Pedalcycle,,,,N,Level,Straight,Turning Right,Stop Sign,No Special Function,None,,
25017220,2022,1,,,33773-2201,N,Vehicle in Transport,FL,N,N,2007,TOYT,,VN,BLU,Minor,800,N,,N,South,SEMINOLE BLVD,20,45,6,,,,,Front Right Bumper,Front Right Bumper,Passenger Car,"Two-Way, Divided, Positive Median Barrier",,,,,Pedalcycle,Pedalcycle,,,,N,Level,Straight,Turning Left,No Controls,No Special Function,None,,
25025766,2022,1,,,32608,N,Vehicle in Transport,FL,N,N,2022,TOYT,,4D,SIL,Minor,1000,N,,N,East,SW 36 PL,15,15,2,,,,,Front Left Bumper,Front Left Bumper,Passenger Car,"Two-Way, Not Divided",,,,,Motor Vehicle in Transport,Motor Vehicle in Transport,,,,N,Level,Straight,Turning Right,Stop Sign,No Special Function,None,,
25026812,2022,1,,,33169-0000,N,Vehicle in Transport,FL,N,N,2023,CHEV,,UT,RED,Minor,200,N,,N,North,STATE ROAD 823 NB,5,45,5,,,,,Front Center Bumper,Front Center Bumper,(Sport) Utility Vehicle,"Two-Way, Divided, Positive Median Barrier",,,,,Pedalcycle,Pedalcycle,,,,N,Level,Straight,Straight Ahead,Traffic Control Signal,No Special Function,None,,
25027217,2022,1,,,32807,N,Vehicle in Transport,FL,N,N,2015,NISS,,PK,RED,None,0,N,,N,North,321 N. ALAFAYA TRAIL,5,10,2,,,,,Front Center Bumper,,Pickup,"Two-Way, Not Divided",,,,,Pedalcycle,Pedalcycle,,,,N,Level,Straight,Turning Right,Stop Sign,No Special Function,None,,
25029594,2022,1,,,32835-2659,N,Vehicle in Transport,FL,N,N,2019,JEEP,,UT,WHI,None,0,N,,N,East,CONROY WINDERMERE RD,10,35,4,,,,,Front Center Bumper,Front Center Bumper,(Sport) Utility Vehicle,"Two-Way, Divided, Positive Median Barrier",,,,,Pedalcycle,Pedalcycle,,,,N,Level,Straight,Turning Left,No Controls,No Special Function,None,,
25030136,2022,1,,,33777-4206,N,Vehicle in Transport,FL,N,N,2018,TOYOT,,4D,BLU,Disabling,3000,N,,N,West,CR 1 (STARKEY RD),10,25,2,,,,,Right Front Fender,Right Front Fender,Passenger Car,"Two-Way, Not Divided",,,,,Pedalcycle,Pedalcycle,,,,N,Level,Straight,Turning Right,Stop Sign,No Special Function,None,,
25044437,2022,1,,,34637-0000,N,Vehicle in Transport,FL,Y,N,2018,FORD,,UT,WHI,Minor,100,N,,N,West,MITCHELL ROAD,45,45,4,,,,,Left Rear Door,Left Rear Door,(Sport) Utility Vehicle,"Two-Way, Divided, Positive Median Barrier",,,,,Pedalcycle,Pedalcycle,,,,N,Level,Straight,Straight Ahead,No Controls,Police,None,,
25054114,2022,1,,,00000,N,Vehicle in Transport,UK,N,Y,,UK,,UT,BLK,Unknown,0,N,,N,West,EBAN BEND,5,25,2,,,,,,,(Sport) Utility Vehicle,"Two-Way, Not Divided",,,,,Pedalcycle,Pedalcycle,,,,N,Level,Straight,Turning Right,Stop Sign,No Special Function,None,,
25062141,2022,1,,,00000,N,Vehicle in Transport,UK,N,Y,,UNKNO,,unknown,,Unknown,0,N,,N,West,CR-535 (WINTER GARDEN VINELAND RD),15,45,4,,,,,Front Right Bumper,,(Sport) Utility Vehicle,"Two-Way, Not Divided",,,,,Pedestrian,Pedestrian,,,,N,Level,Straight,Turning Right,Traffic Control Signal,No Special Function,None,,
25064644,2022,1,,,34221-8488,N,Vehicle in Transport,FL,N,N,2018,MERZ,,VN,WHI,None,0,N,,N,East,17TH ST,20,35,6,,,,,Front Right Bumper,Front Right Bumper,Passenger Van,"Two-Way, Divided, Positive Median Barrier",,,,,Pedalcycle,Pedalcycle,,,,N,Level,Straight,Straight Ahead,Traffic Control Signal,No Special Function,None,,
25081407,2022,1,,,34982,N,Vehicle in Transport,FL,Y,N,2013,INTL,,2D,YEL,None,0,N,,N,North,SW 4TH AVE,,40,6,,,,,Front Center Bumper,,"Medium/Heavy Trucks (more than 10,000 lbs (4,536 kg))","Two-Way, Not Divided, with a Continuous Left Turn Lane",,,,,Pedalcycle,Pedalcycle,,,,N,Level,Straight,Straight Ahead,Traffic Control Signal,No Special Function,None,,Y
25081813,2022,1,,,33062,N,Parked Motor Vehicle,FL,N,N,2018,JAGU,,SPUV,WHI,None,0,N,,N,,A1A (N FT LAUDERDALE BCH BLVD),0,35,2,,,,,Left Front Door,Left Front Door,(Sport) Utility Vehicle,"Two-Way, Divided, Positive Median Barrier",,,,,Other Non-Fixed Object,Other Non-Fixed Object,,,,N,Level,Straight,Parked,No Controls,No Special Function,None,,
25083556,2022,1,,,33309,N,Vehicle in Transport,FL,N,Y,2014,SUBA,,SPUV,BLK,Unknown,0,N,Driver,N,North,US 1 (N FEDERAL HWY),25,45,6,,,,,Right Front Fender,,(Sport) Utility Vehicle,"Two-Way, Divided, Positive Median Barrier",,,,,Pedestrian,Pedestrian,,,,N,Level,Straight,Straight Ahead,Traffic Control Signal,No Special Function,None,,
25083937,2022,1,,,33301,N,Vehicle in Transport,FL,N,N,2015,LEXS,,2D,SIL,Functional,800,N,Driver,N,West,SR 838 (E SUNRISE BLVD),35,35,7,,,,,Left Front Door,Left Rear Door,Passenger Car,"Two-Way, Divided, Unprotected (painted >4 feet) Median",,,,,Motor Vehicle in Transport,Motor Vehicle in Transport,,,,N,Level,Straight,Straight Ahead,No Controls,No Special Function,None,,
25084356,2022,1,,,33319,N,Vehicle in Transport,FL,N,N,2017,TOYT,,2D,BLK,None,0,N,Driver,N,North,US 1,15,45,3,,,,,Right Front Fender,Right Front Fender,Passenger Car,"Two-Way, Divided, Positive Median Barrier",,,,,Motor Vehicle in Transport,Motor Vehicle in Transport,,,,N,Level,Straight,Turning Right,No Controls,No Special Function,None,None,
25086828,2022,1,,,33334,N,Vehicle in Transport,FL,N,N,2018,JAGU,,4D,WHI,Functional,3000,N,,N,South,US 1,20,35,6,,,,,Front Center Bumper,Front Center Bumper,Passenger Car,"Two-Way, Divided, Positive Median Barrier",,,,,Motor Vehicle in Transport,Motor Vehicle in Transport,Pedestrian,,,N,Level,Straight,Turning Right,No Controls,No Special Function,None,,
25086838,2022,1,,,33470,N,Vehicle in Transport,FL,N,N,2016,NISS,,4D,BLK,None,0,N,,N,East,EAST LAS OLAS BLVD,5,25,4,,,,,,,Passenger Car,"Two-Way, Divided, Unprotected (painted >4 feet) Median",,,,,Pedalcycle,Pedalcycle,,,,N,Level,Straight,Straight Ahead,No Controls,No Special Function,Unknown,,
25088811,2022,2,,,33319,N,Vehicle in Transport,FL,N,N,2009,SMRT,,2D,BLK,None,0,N,,N,West,N FEDERAL HIGHWAY,0,,8,,,,,,,Passenger Car,"Two-Way, Divided, Positive Median Barrier",,,,,,Motor Vehicle in Transport,,,,N,Level,Straight,Turning Left,Traffic Control Signal,No Special Function,None,,
25088918,2022,1,,,33023,N,,FL,N,N,2017,HOND,,4D,BLU,,0,N,,N,,,0,,0,,,,,,,,,,,,,,,,,,,,,,,,,,
25089827,2022,1,,,33315,N,Vehicle in Transport,FL,N,N,2006,TOYT,,2D,SIL,Functional,2000,N,,N,East,SR 736,30,40,4,,,,,Left Front Door,Left Front Door,Passenger Car,"Two-Way, Not Divided",,,,,Pedestrian,Pedestrian,,,,N,Level,Straight,Straight Ahead,Traffic Control Signal,No Special Function,None,,
25091030,2022,1,,,33442,N,Vehicle in Transport,FL,,N,2009,TOYT,,4D,WHI,Minor,100,N,Driver,N,West,NE 24 ST,5,25,3,,,,,Front Left Bumper,Front Left Bumper,Passenger Car,"Two-Way, Not Divided",,,,,Motor Vehicle in Transport,Motor Vehicle in Transport,,,,N,Level,Straight,Turning Right,Traffic Control Signal,No Special Function,None,,
25093474,2022,1,,,32750,N,Vehicle in Transport,FL,,N,2016,NISS,,4D,BLK,Minor,500,N,Driver,N,East,SR 436,15,40,10,,,,,Front Left Bumper,Front Left Bumper,Passenger Car,"Two-Way, Divided, Unprotected (painted >4 feet) Median",,,,,Motor Vehicle in Transport,Motor Vehicle in Transport,Pedestrian,,,N,Level,Straight,Turning Right,No Controls,No Special Function,None,,
25097874,2022,1,,,,N,Vehicle in Transport,,,Y,,UK,,UNKNOWN,,Unknown,0,N,Other,N,South,COLLIER BLVD,45,45,2,,,,,,Front Right Bumper,Unknown,"Two-Way, Divided, Positive Median Barrier",,,,,Pedalcycle,Pedalcycle,,,,N,Level,Straight,Unknown,No Controls,Unknown,Unknown,Unknown,
25098904,2022,1,,,34142,N,Vehicle in Transport,FL,,N,2011,CHRY,,4D,SIL,Minor,200,N,Rotation,N,South,N 11TH ST,3,15,2,,,,,Right Rear Door,,Passenger Car,"Two-Way, Not Divided",,,,,Motor Vehicle in Transport,Motor Vehicle in Transport,Pedalcycle,,,Y,Level,Straight,Straight Ahead,Stop Sign,Ambulance,None,,
25099637,2022,1,,,34114,N,Vehicle in Transport,FL,,N,2002,CHEV,,PK,WHI,Minor,0,N,Other,N,Unknown,LINWOOD AVE,5,25,2,,,,,Rear Center Bumper,Rear Center Bumper,Pickup,"Two-Way, Not Divided",,,,,Motor Vehicle in Transport,Motor Vehicle in Transport,Pedalcycle,,,N,Level,Straight,Backing,No Controls,No Special Function,None,,
25100768,2022,1,,,33440,N,Vehicle in Transport,FL,,N,2019,MITS,,UT,GRY,Minor,400,N,Driver,N,North,BAYSHORE DR,12,35,2,,,,,Left Rear Door,Left Rear Door,(Sport) Utility Vehicle,"Two-Way, Divided, Positive Median Barrier",,,,,Pedalcycle,Pedalcycle,,,,N,Level,Straight,Turning Left,No Controls,No Special Function,"Body, Doors",None,
25101365,2022,1,,,34104,N,Vehicle in Transport,FL,,N,2000,BMW,,SU,BLU,None,0,N,Driver,N,North,TAMIAMI TRAIL N,2,,2,,,,,Front Right Bumper,Front Right Bumper,(Sport) Utility Vehicle,"Two-Way, Divided, Positive Median Barrier",,,,,Pedalcycle,Pedalcycle,,,,N,Level,Straight,Turning Right,Stop Sign,No Special Function,None,,
25101524,2022,1,,,34104,N,Vehicle in Transport,FL,,N,2013,HYUN,,2D,GRY,Functional,3000,N,Driver,N,North,DEVONSHIRE BLVD,20,25,2,,,,,Front Left Bumper,Windshield,Passenger Car,"Two-Way, Divided, Positive Median Barrier",,,,,Motor Vehicle in Transport,Motor Vehicle in Transport,Pedestrian,,,N,Level,Straight,Straight Ahead,Traffic Control Signal,No Special Function,None,,
25106050,2022,1,,,34711,N,Vehicle in Transport,FL,,N,2013,LEXS,,UT,GRY,Functional,2000,N,Other,N,North,HANCOCK RD N,40,45,4,,,,,Left Front Door,Left Front Door,(Sport) Utility Vehicle,"Two-Way, Divided, Positive Median Barrier",,,,,Pedalcycle,Pedalcycle,,,,N,Uphill,Straight,Slowing,Traffic Control Signal,No Special Function,None,,
25106050,2022,2,,,34711,N,Vehicle in Transport,FL,,N,2008,MAZD,,5D,GRY,Unknown,0,N,Rotation,N,North,HANCOCK RD N,40,45,4,,,,,Undercarriage,Undercarriage,Passenger Car,"Two-Way, Divided, Positive Median Barrier",,,,,Pedestrian,Pedestrian,,,,N,Uphill,Straight,Slowing,No Controls,No Special Function,None,,
25109578,2022,1,,,32812,,Vehicle in Transport,FL,,N,2019,NISS,,4D,BLU,Minor,100,N,Driver,N,North,US HWY 27,,,6,,,,,Front Right Bumper,Front Right Bumper,Passenger Car,"Two-Way, Not Divided",,,,,Motor Vehicle in Transport,Motor Vehicle in Transport,,,,N,Level,Straight,Turning Right,Traffic Control Signal,No Special Function,None,,
25112399,2022,1,,,UNK,,Vehicle in Transport,,,Y,,CHRY,,4D,SIL,,0,,,N,West,THOMPSON NERSURY ROAD,,45,2,,,,,,,Passenger Car,"Two-Way, Not Divided",,,,,Pedalcycle,Pedalcycle,,,,N,Level,Straight,Straight Ahead,Unknown,No Special Function,Unknown,,
25113459,2022,1,,,33709,N,Vehicle in Transport,FL,,Y,2012,FORD,,5D,RED,Minor,1000,N,Driver,N,North,34TH ST N,35,35,6,,,,,Front Left Bumper,Front Left Bumper,Unknown,"Two-Way, Divided, Positive Median Barrier",,,,,Pedalcycle,Pedalcycle,,,,N,Level,Straight,Unknown,No Controls,Unknown,Unknown,Unknown,
25114017,2022,1,,,33713,N,Vehicle in Transport,FL,,N,2019,CHEV,,UT,SIL,None,0,N,Driver,N,South,49TH ST N,1,45,6,,,,,Front Center Bumper,,Passenger Car,"Two-Way, Divided, Positive Median Barrier",,,,,Pedestrian,Pedestrian,,,,N,Level,Straight,Straight Ahead,Traffic Control Signal,No Special Function,None,,
25114127,2022,1,,,33711,N,Vehicle in Transport,MO,,N,2006,ACURA,,4D,WHI,Minor,300,N,Driver,N,North,AVENUE OF THE STATES,8,15,2,,,,,Front Center Bumper,Front Center Bumper,Passenger Car,"Two-Way, Divided, Positive Median Barrier",,,,,Pedalcycle,Pedalcycle,,,,N,Level,Straight,Turning Right,Traffic Control Signal,No Special Function,None,,
25115305,2022,1,,,33705,N,Vehicle in Transport,FL,,N,2005,HYUN,,UT,GLD,Minor,100,N,Driver,N,West,26TH AVE S,10,35,2,,,,,Right Rear Fender,Right Rear Fender,Passenger Car,"Two-Way, Divided, Positive Median Barrier",,,,,Pedalcycle,Pedalcycle,,,,N,Level,Straight,Straight Ahead,No Controls,No Special Function,None,,
25116460,2022,1,,,33604,N,Vehicle in Transport,FL,,N,2022,TOYT,,4D,BLK,Functional,500,N,Driver,N,West,5TH AVE S,0,25,2,,,,,Right Rear Door,Right Rear Door,Passenger Car,One-Way Trafficway,,,,,Pedestrian,Pedestrian,,,,N,Level,Straight,Stopped in Traffic,No Controls,No Special Function,None,,
25119820,2022,1,,,33781,N,Vehicle in Transport,FL,,N,2017,KIA,,4D,WHI,Functional,5000,N,Driver,N,West,16TH AV N,5,20,2,,,,,Left Front Door,Left Rear Door,(Sport) Utility Vehicle,"Two-Way, Not Divided",,,,,Pedalcycle,Pedalcycle,,,,N,Level,Straight,Turning Right,No Controls,No Special Function,None,,
25124750,2022,1,,,,N,,,,Y,,UK,,UNKNOWN,UNKNOWN,Unknown,0,N,,N,,,,,,,,,,,,Unknown,"Two-Way, Not Divided",,,,,Motor Vehicle in Transport,Motor Vehicle in Transport,,,,,Level,Straight,Unknown,No Controls,Unknown,Unknown,Unknown,
25124750,2022,2,,,33916,N,Parked Motor Vehicle,FL,,N,2015,NISS,,4D,RED,Minor,200,N,Other,N,Off-Road,BELLASOL CIR,,,,,,,,Left Rear Fender,Left Rear Fender,Passenger Car,"Two-Way, Not Divided",,,,,Parked Motor Vehicle,Parked Motor Vehicle,,,,N,Level,Straight,Parked,No Controls,No Special Function,None,,
25125096,2022,1,,,33903,N,Vehicle in Transport,FL,,N,2017,FORD,,4D,BLK,None,0,N,Driver,N,North,CRANFORD AVE,10,30,2,,,,,Front Left Bumper,Front Left Bumper,Passenger Car,"Two-Way, Not Divided",,,,,Motor Vehicle in Transport,Motor Vehicle in Transport,,,,N,Level,Straight,Turning Left,Stop Sign,No Special Function,None,,
25125272,2022,1,,,33898,N,Vehicle in Transport,FL,,N,2021,HD,,MC,BLK,None,0,N,Driver,N,North,EDISON BRIDGE NB,45,45,3,,,,,Undercarriage,Undercarriage,Motorcycle,One-Way Trafficway,,,,,Motor Vehicle in Transport,Motor Vehicle in Transport,,,,N,Level,Straight,Straight Ahead,No Controls,No Special Function,None,,
25130531,2022,1,,,32771,N,Vehicle in Transport,FL,,N,2011,NISS,,4D,MAR,Functional,3000,N,Other,N,East,HISTORIC GOLDSBORO BLVD,10,20,2,,,,,Right Front Fender,Windshield,Passenger Car,"Two-Way, Not Divided",,,,,Motor Vehicle in Transport,Motor Vehicle in Transport,,,,N,Level,Straight,Turning Left,No Controls,No Special Function,None,,
25130623,2022,1,,,32218-0000,N,Vehicle in Transport,FL,N,N,2017,ACUR,,LL,BLK,Minor,1500,N,Driver,N,North,AIRPORT CENTER DR,9,45,4,,,,,Left Front Door,Left Front Door,(Sport) Utility Vehicle,"Two-Way, Divided, Positive Median Barrier",,,,,Motor Vehicle in Transport,Motor Vehicle in Transport,,,,N,Level,Straight,Stopped in Traffic,Stop Sign,No Special Function,None,,
25133733,2022,1,,,32209,N,Working Vehicle,FL,N,N,,GIANT,,MB,PLE,Functional,200,N,Other,N,North,NB ON RAMONA BLVD,5,45,3,,,,,Left Front Door,Left Front Door,Other,"Two-Way, Divided, Unprotected (painted >4 feet) Median",,,,,Motor Vehicle in Transport,Motor Vehicle in Transport,,,,N,Level,Straight,Straight Ahead,Traffic Control Signal,No Special Function,Other,,
25133733,2022,2,,,32210-0000,N,Vehicle in Transport,FL,N,N,2009,HOND,,4D,GRY,None,0,N,Driver,N,West,RAMONA BLVD,10,45,3,,,,,,,Passenger Car,"Two-Way, Divided, Unprotected (painted >4 feet) Median",,,,,Pedestrian,Pedestrian,,,,N,Level,Straight,Straight Ahead,Traffic Control Signal,No Special Function,None,,
25133869,2022,1,,,32218,N,Vehicle in Transport,WA,N,N,2014,FORD,,4D,BLK,Functional,1000,N,Driver,N,South,9700 R G SKINNER PKWY,15,35,4,,,,,Right Front Fender,Right Front Fender,Passenger Car,"Two-Way, Divided, Unprotected (painted >4 feet) Median",,,,,Pedalcycle,Pedalcycle,,,,N,Level,Curve Left,Turning Left,No Controls,No Special Function,None,,
