REPORT_NUMBER,CRASH_YEAR,PERSON_NUMBER,STATUTE_NUMBER,CHARGE,CITATION_NUMBER
24885816,2022,1,316.122,FAIL TO YIELD - TO ONCOMING TRAFFIC/VEHICLE PASSING ON LEFT,ABR6BVE
24891800,2022,2,316.2122(1),LOW SPEED VEHICLE - IMPROPER OPERATION ON CERTAIN ROADWAYS,AFFDZAE
24893977,2022,3,316.2065(7),RIDING BIKE WITH NO OR IMPROPER LIGHT,AFFHQUE
25137911,2022,1,316.061(1),CRASH - LEAVING SCENE WITHOUT GIVING INFORMATION MORE THAN $,ADUDZ7E
24894031,2022,1,316.1925,CARELESS DRIVING,AFFBGYE
24894033,2022,1,316.130(10),PEDESTRIAN FAILED TO YIELD TO TRAFFIC,AFFBH2E
24905799,2022,2,316.089(1),FAIL TO DRIVE IN SINGLE LANE,AFF3NBE
24911056,2022,1,316.130(10),PEDESTRIAN FAILED TO YIELD TO TRAFFIC,AFO8R4E
24926736,2022,1,316.130(15),FAILED TO USE DUE CARE TOWARD PEDESTRIAN,AFGZ4VE
24931002,2022,1,316.123(2)(a),RAN STOP SIGN/VIOLATION OF RIGHT OF WAY FROM STOP SIGN,AFG5N0E
24932927,2022,1,316.075(1)(a)1,FAILED TO YIELD RIGHT-OF-WAY TO PEDESTRIAN,AFNPZAE
24944762,2022,1,316.125(2),FAILED TO YIELD/STOP AT SIDEWALK - FROM ALLEY/BLDG. /PRIVATE,AFOASME
24944800,2022,1,316.130(7)(a),FAILED TO YIELD RIGHT-OF-WAY TO PEDESTRIAN AT INTERSECTION W,AFNTK6E
24944832,2022,2,316.130(8),PEDESTRIAN LEAVE PLACE OF SAFETY AND ENTER PATH OF VEHICLE,AFOB3QE
24950203,2022,1,316.130(7)(c),FAILED TO YIELD RIGHT-OF-WAY TO PEDESTRIAN AT CROSSWALK WITH,AFGOFWE
24951121,2022,2,316.130(10),PEDESTRIAN FAILED TO YIELD TO TRAFFIC,AFQMLWE
24951501,2022,1,316.130(7)(c),FAILED TO YIELD RIGHT-OF-WAY TO PEDESTRIAN AT CROSSWALK WITH,AFOKTFE
24954552,2022,1,316.074(1),TRAFFIC CONTROL DEVICE FAIL TO OBEY   FAIL TO OBEY TRAFFIC,AFOZ3CE
24954552,2022,2,316.130(1),PEDESTRIAN CONTROL SIGNAL - PEDESTRIAN FAILED TO OBEY,AFOZ30E
24955358,2022,2,316.081,WRONG SIDE OF ROADWAY - DRIVING ON,AFQW85E
24958019,2022,1,316.130(2),PEDESTRIAN FAIL TO OBEY TRAFFIC SIGNAL AT INTERSECTION,AFP6B1E
24958609,2022,1,316.123(2)(a),RAN STOP SIGN/VIOLATION OF RIGHT OF WAY FROM STOP SIGN,AFPTF8E
24977067,2022,4,316.2065(1),VIOLATION BICYCLE REGULATIONS,A6HZXYE
24979981,2022,1,316.121,FAILED TO YIELD - APPROACHING/ENTERING INTERSECTION,A7QRV6E
24988749,2022,1,316.1925,CARELESS DRIVING,AFQBNKE
24993222,2022,1,316.130(7)(b),FAILED TO YIELD RIGHT-OF-WAY TO PEDESTRIAN AT CROSSWALK WITH,AGHMH6E
24998449,2022,1,316.123(2)(a),RAN STOP SIGN/VIOLATION OF RIGHT OF WAY FROM STOP SIGN,AFR4CLE
24998450,2022,1,316.123(2)(a),RAN STOP SIGN/VIOLATION OF RIGHT OF WAY FROM STOP SIGN,AFR4CME
25011335,2022,1,316.130(7)(a),FAILED TO YIELD RIGHT-OF-WAY TO PEDESTRIAN AT INTERSECTION W,AFRH9XE
25017220,2022,1,316.121,FAILED TO YIELD - APPROACHING/ENTERING INTERSECTION,AFS9GLE
25025766,2022,1,316.123(2)(a),RAN STOP SIGN/VIOLATION OF RIGHT OF WAY FROM STOP SIGN,AGGIZ7E
25025766,2022,2,316.2065(1),VIOLATION BICYCLE REGULATIONS,AGGIZ8E
25026812,2022,1,316.1925(1),CARELESS DRIVING,AGGS7JE
25027217,2022,1,316.1925,CARELESS DRIVING,AGHOYHE
25064644,2022,2,316.208(4),MOPEDS PROPELLING A MOPED UPON AND ALONG A SIDEWALK WHILE MO,AGH7FDE
25081407,2022,1,316.185,FAILURE TO USE DUE CARE,FL75559
25113459,2022,1,316.027(2)(a),CRASH - LEAVING SCENE ON PUBLIC OR PRIVATE PROPERTY WITHOUT,AFLJNIE
25113459,2022,1,322.34(6)(b),OPERATING WHILE DL SUSP/CANCELED/REVOKED CAUSING DEATH OR SE,AFLJNKE
25114017,2022,1,316.075(1)(a)1,FAILED TO YIELD RIGHT-OF-WAY TO PEDESTRIAN,AFLKRLE
25130531,2022,2,316.209,MOTORCYCLE - OPERATING BETWEEN LANES/ROWS OF VEHICLES/PASSIN,AGS9HTE
25133733,2022,1,316.125(2),"FAILED TO YIELD, STOP AT SIDEWALK - FROM ALLEY, BLDG, PRIVAT",AFL5GWE
25133733,2022,1,316.2065(7),"RIDING BIKE WITH NO OR IMPROPER LIGHT, WHITE FRONT, REFLECTO",AFL5GXE
25133869,2022,1,316.130(15),FAILED TO USE DUE CARE TOWARD PEDESTRIAN,AFKZAQE
