REPORT_NUMBER,CRASH_YEAR,CRASH_DATE_AND_TIME,REPORT_DATE_AND_TIME,INVESTIGATING_AGENCY_REPORT_NUMBER,FORM_TYPE,TOTAL_NUMBER_OF_VEHICLES,TOTAL_NUMBER_OF_PERSONS,COUNTY_CODE,CITY_CODE,COUNTY_NAME,CITY_NAME,RURAL_OR_URBAN,NOTIFIED_TIME,DISPATCHED_TIME,ARRIVED_TIME,CLEARED_TIME,COMPLETED_FLAG,NOTIFIED_BY,ON_STREET_ROAD_HIGHWAY,STREET_ADDRESS_NUMBER,LATITUDE,LONGITUDE,FEET_FROM_INTERSECTION,DIRECTION_FROM_INTERSECTION,FROM_INTERSECTION_OF,MILEPOST_NUMBER,ROAD_SYSTEM_IDENTIFER,TYPE_OF_SHOULDER,TYPE_OF_INTERSECTION,PHOTOS_TAKEN,LIGHT_CONDITION,WEATHER_CONDITION,ROAD_SURFACE_CONDITION,SCHOOL_BUS_RELATED_CODE,TYPE_OF_IMPACT,FIRST_HARMFUL_EVENT,LOCATION,INTERCHANGE_FLAG,JUNCTION_FLAG,ROAD_CIRCUMSTANCES_1,ROAD_CIRCUMSTANCES_2,ROAD_CIRCUMSTANCES_3,ENVIRONMENT_CIRCUMSTANCES_1,ENVIRONMENT_CIRCUMSTANCES_2,ENVIRONMENT_CIRCUMSTANCES_3,WORK_ZONE_RELATED_FLAG,CRASH_IN_WORK_ZONE,TYPE_OF_WORK_ZONE,WORKERS_PRESENT,LAW_ENFORCEMENT_PRESENT,INVESTIGATOR_RANK,INVESTIGATING_AGENCY_NAME,INVESTIGATING_AGENCY_TYPE,LOAD_DATE,UPDATE_DATE,DAYS_TO_LOAD,CODEABLE,S4_CRASH_TYPE,S4_CRASH_TYPE_SIMPLIFIED,S4_CRASH_SEVERITY,S4_CRASH_SEVERITY_DETAIL,S4_DAY_OR_NIGHT,S4_IS_AGGRESSIVE_DRIVING,S4_IS_ALCOHOL_RELATED,S4_IS_CMV_INVOLVED,S4_IS_DISTRACTED,S4_IS_DRUG_RELATED,S4_IS_HIT_AND_RUN,S4_IS_INTERSECTION_RELATED,S4_IS_LANE_DEPARTURE_RELATED,S4_IS_SPEEDING_RELATED,S4_NONE_INJURY_COUNT,S4_INJURY_COUNT,S4_POSSIBLE_INJURY_COUNT,S4_NON_INCAPACITATING_INJURY_COUNT,S4_INCAPACITATING_INJURY_COUNT,S4_FATALITY_COUNT,S4_FATALITY_WITHIN_30_DAYS_COUNT,S4_NON_TRAFFIC_FATALITY_COUNT,S4_TRAILER_COUNT,S4_MOTORCYCLE_COUNT,S4_MOPED_COUNT,S4_NON_MOTORIST_COUNT,S4_BICYCLIST_COUNT,S4_PEDESTRIAN_COUNT,S4_DRIVER_COUNT,S4_AGING_DRIVER_COUNT,S4_TEENAGER_DRIVER_COUNT,S4_PASSENGER_COUNT,S4_UNRESTRAINED_COUNT,S4_UNRESTRAINED_INJURY_COUNT,S4_UNRESTRAINED_INCAPACITATING_INJURY_COUNT,S4_UNRESTRAINED_FATALITY_COUNT,S4_MOTORCYCLIST_COUNT,S4_MOTORCYCLIST_INCAPACITATING_INJURY_COUNT,S4_MOTORCYCLIST_FATALITY_COUNT,S4_IS_PEDESTRIAN_INVOLVED,S4_PEDESTRIAN_INCAPACITATING_INJURY_COUNT,S4_PEDESTRIAN_FATALITY_COUNT,S4_IS_BICYCLIST_INVOLVED,S4_BICYCLIST_INCAPACITATING_INJURY_COUNT,S4_BICYCLIST_FATALITY_COUNT,S4_CITATION_COUNT,S4_CITATION_AMOUNT,S4_PROPERTY_DAMAGE_COUNT,S4_PROPERTY_DAMAGE_AMOUNT,S4_VEHICLE_DAMAGE_COUNT,S4_VEHICLE_DAMAGE_AMOUNT,S4_TOTAL_DAMAGE_AMOUNT,S4_TRANSPORT_BY_EMS_COUNT,S4_TRANSPORT_BY_LAW_ENFORCEMENT_COUNT,S4_TRANSPORT_BY_OTHER_COUNT,S4_GEOLOCATION_STATUS,S4_PRELIMINARY_GEOLOCATION_STATUS,S4_X,S4_Y,S4_LATITUDE,S4_LONGITUDE
24539024,2022,27-APR-2022 06:57 AM,27-APR-2022 12:00 AM,22001704,L,1,2,6,54,Palm Beach,Jupiter,Urban,4/27/2022 6:57:00 AM,4/27/2022 6:57:00 AM,4/27/2022 6:59:00 AM,4/27/2022 7:20:00 AM,Y,Law Enforcement,JUPITER LAKES BLVD,,,,0,,MILITARY TRL,,Local,Curb,Four-Way Intersection,N,Daylight,Clear,Dry,N,Angle,Pedestrian,On Roadway,N,Intersection,None,,,None,,,N,,,,,OFFICER,Jupiter Police Department,Police Department (PD),4/29/2022 1:36:00 PM,4/29/2022 1:36:00 PM,2,Y,Pedestrian,Pedestrian,Injury,Non-Incapacitating Injury,NIGHT,N,N,N,Y,N,N,Y,N,N,1,1,0,1,0,0,0,0,0,0,0,1,1,0,1,1,0,0,0,0,0,0,0,0,0,N,0,0,Y,0,0,1,0,1,200,0,0,200,0,0,1,Preliminary,Editor Mapped,589163.8895,2978261.1538,26.9233421708921,-80.1019380872965
24543064,2022,23-NOV-2022 01:36 PM,23-NOV-2022 01:53 PM,CPD22OFF003545,L,1,3,43,30,Okaloosa,Crestview,Urban,11/23/2022 1:37:00 PM,11/23/2022 1:38:00 PM,11/23/2022 1:42:00 PM,11/23/2022 2:17:00 PM,Y,Law Enforcement,W ROBINSON,,30.74888,-86.56437,0,,SR 85 S,,Local,Curb,Four-Way Intersection,N,Daylight,Clear,Dry,N,Other,Pedalcycle,On Roadway,N,Non-Junction,None,,,None,,,N,,,,,OFC,Crestview Police Department,Police Department (PD),12/6/2022 2:58:00 PM,12/6/2022 2:58:00 PM,13,Y,Bicycle,Bicycle,Injury,Possible Injury,DAY,N,N,N,N,N,N,N,N,N,2,1,1,0,0,0,0,0,0,0,0,1,1,0,1,0,0,1,0,0,0,0,0,0,0,N,0,0,Y,0,0,0,0,0,0,0,0,0,1,0,0,Preliminary,Editor Mapped,-32962.0883999998,3415006.8811,30.7486816586554,-86.5639872588273
24564976,2022,27-FEB-2022 12:08 AM,27-FEB-2022 12:22 AM,PPD22OFF001694,L,1,2,9,50,Escambia,Pensacola,Urban,2/27/2022 12:08:00 AM,2/27/2022 12:08:00 AM,2/27/2022 12:08:00 AM,2/27/2022 12:54:00 AM,Y,Law Enforcement,CHASE STREET,,30.41601,-87.2055,0,,9TH AVENUE,,Local,Curb,Four-Way Intersection,N,Dark - Lighted,Clear,Dry,N,Angle,Other Non-Fixed Object,On Roadway,N,Intersection,None,,,None,,,N,,,,,OFFICER,Pensacola Police Department,Police Department (PD),2/28/2022 1:31:00 PM,2/28/2022 1:31:00 PM,1,Y,Single Vehicle,Other,Injury,Non-Incapacitating Injury,NIGHT,N,N,N,N,N,N,Y,N,N,1,1,0,1,0,0,0,0,0,0,0,1,1,0,1,0,0,0,0,0,0,0,0,0,0,N,0,0,Y,0,0,1,0,0,0,1,500,500,1,0,0,Preliminary,Editor Mapped,-96564.4939000001,3381280.0942,30.4160107288878,-87.2054864439242
24584432,2022,18-FEB-2022 12:54 AM,17-FEB-2022 12:00 AM,2022-68523,L,1,6,3,50,Hillsborough,Tampa,Urban,2/18/2022 12:54:00 AM,2/18/2022 12:54:00 AM,2/18/2022 12:59:00 AM,2/18/2022 2:25:00 AM,Y,Law Enforcement,FLORIDA AVE,,,,0,,KENNEDY BLVD,,Local,Curb,Four-Way Intersection,N,Dark - Lighted,Clear,Dry,N,,Pedestrian,On Roadway,N,Intersection-Related,None,,,None,,,N,,,,,PATROL,Tampa Police Department,Police Department (PD),2/19/2022 1:36:00 PM,2/19/2022 1:36:00 PM,1,Y,Pedestrian,Pedestrian,Serious Injury,Incapacitating Injury,NIGHT,N,N,N,N,N,N,Y,N,N,5,1,0,0,1,0,0,0,0,0,0,1,1,0,1,0,0,4,0,0,0,0,0,0,0,N,0,0,Y,1,0,0,0,0,0,1,500,500,1,0,0,Verified,n/a,356657.95,3092292.1374,27.9479612263875,-82.4570878981456
24585224,2022,04-MAR-2022 10:22 PM,04-MAR-2022 12:00 AM,2022-91093,L,1,2,3,50,Hillsborough,Tampa,Urban,3/4/2022 10:22:00 PM,3/4/2022 10:24:00 PM,3/4/2022 10:24:00 PM,3/4/2022 11:26:00 PM,Y,Law Enforcement,WHITING ST E,,,,29,West,FRANKLIN ST S,,Local,Paved,T-Intersection,N,Dark - Lighted,Clear,Dry,N,,Pedestrian,On Roadway,N,Intersection,None,,,None,,,N,,,,,OFC,Tampa Police Department,Police Department (PD),3/7/2022 1:32:00 PM,3/7/2022 1:32:00 PM,3,Y,Pedestrian,Pedestrian,Injury,Possible Injury,NIGHT,N,N,N,N,N,N,Y,N,N,1,1,1,0,0,0,0,0,0,0,0,1,1,0,0,0,0,1,0,0,0,0,0,0,0,N,0,0,Y,0,0,0,0,0,0,1,250,250,0,0,0,Preliminary,Editor Mapped,356661.6701,3092010.3126,27.9454183165025,-82.4570159530335
24586878,2022,08-APR-2022 07:18 AM,08-APR-2022 12:00 AM,2022-142559,L,1,4,3,50,Hillsborough,Tampa,Urban,4/8/2022 7:18:00 AM,4/8/2022 7:21:00 AM,4/8/2022 7:21:00 AM,4/8/2022 8:13:00 AM,Y,Law Enforcement,E LAKE AVE,,27.977831,-82.428281,76,East,N 28TH ST,,Local,Curb,Not at Intersection,N,Daylight,Clear,Dry,N,,Work Zone/Maintenance Equipment,On Roadway,N,Non-Junction,None,,,None,,,N,,,,,OFC,Tampa Police Department,Police Department (PD),4/9/2022 1:32:00 PM,4/9/2022 1:32:00 PM,1,Y,Single Vehicle,Other,Injury,Possible Injury,DAY,N,N,N,N,N,N,N,N,N,3,1,1,0,0,0,0,0,0,0,0,1,1,0,1,0,0,2,0,0,0,0,0,0,0,N,0,0,Y,0,0,0,0,0,0,1,500,500,0,0,0,Preliminary,Editor Mapped,359531.2404,3095567.2883,27.9778239488225,-82.4282771901522
24588722,2022,17-MAY-2022 12:38 PM,17-MAY-2022 12:00 AM,2022-201277,L,1,1,3,50,Hillsborough,Tampa,Urban,5/17/2022 12:38:00 PM,5/17/2022 12:57:00 PM,5/17/2022 1:00:00 PM,5/17/2022 2:15:00 PM,Y,Law Enforcement,BEACH ST W,,,,0,,MACDILL AVE N,,Local,Paved,Four-Way Intersection,N,Daylight,Clear,Dry,N,,Pedalcycle,On Roadway,Y,Intersection,None,,,None,,,N,,,,,OFC,Tampa Police Department,Police Department (PD),5/19/2022 1:42:00 PM,5/19/2022 1:42:00 PM,2,Y,Bicycle,Bicycle,Injury,Possible Injury,DAY,N,N,N,N,N,N,Y,N,N,0,1,1,0,0,0,0,0,0,0,0,1,1,0,0,0,0,0,0,0,0,0,0,0,0,N,0,0,Y,0,0,0,0,0,0,1,500,500,0,0,0,Preliminary,Computer mapped confident by address,353127.7339,3094011.7186,27.9630947423438,-82.4931766545808
24590401,2022,25-JUN-2022 11:25 AM,25-JUN-2022 12:00 AM,2022-258053,L,1,3,3,50,Hillsborough,Tampa,Urban,6/25/2022 11:27:00 AM,6/25/2022 11:27:00 AM,6/25/2022 11:27:00 AM,6/25/2022 12:00:00 PM,Y,Law Enforcement,W TAMPA BAY BLVD,,27.973949,-82.495145,17,South,N MATANZAS AVE,,Local,Unpaved,T-Intersection,N,Daylight,Cloudy,Dry,N,,Pedalcycle,On Roadway,N,Intersection,None,,,None,,,N,,,,,OFFICER,Tampa Police Department,Police Department (PD),6/26/2022 2:00:00 PM,6/26/2022 2:00:00 PM,1,Y,Bicycle,Bicycle,Serious Injury,Incapacitating Injury,DAY,N,N,N,N,N,N,Y,N,N,2,1,0,0,1,0,0,0,0,0,0,1,1,0,1,0,0,1,0,0,0,0,0,0,0,N,0,0,Y,1,0,1,0,1,500,1,1000,1500,1,0,0,Preliminary,Editor Mapped,352951.9968,3095215.9213,27.9739423768503,-82.4951126066404
24590547,2022,28-JUN-2022 03:46 PM,28-JUN-2022 12:00 AM,2022-262564,L,1,5,3,50,Hillsborough,Tampa,Urban,6/28/2022 3:46:00 PM,6/28/2022 3:48:00 PM,6/28/2022 3:48:00 PM,6/28/2022 5:22:00 PM,Y,Law Enforcement,DAVIS BLVD,,27.935733,-82.45946,81,South,ADALIA AVE,,Local,Curb,Not at Intersection,N,Daylight,Clear,Dry,N,,Pedalcycle,On Roadway,N,Non-Junction,None,,,None,,,N,,,,,OFFICER,Tampa Police Department,Police Department (PD),6/30/2022 1:37:00 PM,6/30/2022 1:37:00 PM,2,Y,Bicycle,Bicycle,Injury,Non-Incapacitating Injury,DAY,N,N,N,N,N,N,N,N,N,4,1,0,1,0,0,0,0,0,0,0,1,1,0,1,0,1,3,0,0,0,0,0,0,0,N,0,0,Y,0,0,1,0,1,50,1,1000,1050,0,0,0,Preliminary,Editor Mapped,356408.8617,3090939.8188,27.9357304966691,-82.4594551728309
24591625,2022,24-JUL-2022 01:20 PM,24-JUL-2022 12:00 AM,2022-298951,L,1,2,3,50,Hillsborough,Tampa,Urban,7/24/2022 1:24:00 PM,7/24/2022 1:30:00 PM,7/24/2022 1:40:00 PM,7/24/2022 2:30:00 PM,Y,Law Enforcement,S TAMPANIA AVE,,27.944694,-82.486418,0,,W JOHN F KENNEDY BLVD,,Local,Paved,Four-Way Intersection,N,Daylight,Clear,Dry,N,,Other Non-Fixed Object,On Roadway,N,Other,None,,,None,,,N,,,,,MPO,Tampa Police Department,Police Department (PD),7/26/2022 1:41:00 PM,7/26/2022 1:41:00 PM,2,N,Single Vehicle,Other,No Injury,No Injury,DAY,N,N,N,N,N,N,N,N,N,2,0,0,0,0,0,0,0,0,0,0,1,1,0,1,0,0,0,0,0,0,0,0,0,0,N,0,0,Y,0,0,0,0,0,0,1,1000,1000,0,0,0,Preliminary,Editor Mapped,353763.5397,3091962.0442,27.9446678297364,-82.4864611083577
24592374,2022,10-AUG-2022 09:45 AM,10-AUG-2022 12:00 AM,2022-321824,L,1,2,3,50,Hillsborough,Tampa,Urban,8/10/2022 9:45:00 AM,8/10/2022 9:47:00 AM,8/10/2022 9:49:00 AM,8/10/2022 10:52:00 AM,Y,Law Enforcement,E ELLICOTT ST,,27.990633,-82.413921,0,,N 40TH ST,,Local,Curb,Four-Way Intersection,N,Daylight,Clear,Dry,N,,Pedalcycle,On Roadway,N,Intersection-Related,None,,,None,,,N,,,,,OFFICER,Tampa Police Department,Police Department (PD),8/13/2022 1:43:00 PM,8/13/2022 1:43:00 PM,3,Y,Bicycle,Bicycle,Injury,Possible Injury,DAY,N,N,N,N,N,N,Y,N,N,1,1,1,0,0,0,0,0,0,0,0,1,1,0,1,0,0,0,0,0,0,0,0,0,0,N,0,0,Y,0,0,0,0,1,50,1,500,550,1,0,0,Preliminary,Editor Mapped,360960.3427,3096969.5542,27.990628868486,-82.4139148939497
24596280,2022,17-FEB-2022 11:07 AM,16-FEB-2022 12:00 AM,22-0001976,L,1,1,64,52,Collier,Naples,Urban,2/17/2022 11:07:00 AM,2/17/2022 11:17:00 AM,2/17/2022 11:23:00 AM,2/17/2022 11:00:00 AM,Y,Law Enforcement,13TH AVE S,,26.131093,-81.800479,34,West,4TH ST S,,Local,Curb,Not at Intersection,Y,Daylight,Clear,Dry,N,,Parked Motor Vehicle,On Roadway,N,Non-Junction,None,,,None,,,N,,,,,MASTER OFFICER,Naples Police Department,Police Department (PD),2/18/2022 1:38:00 PM,2/18/2022 1:38:00 PM,1,Y,Single Vehicle,Other,Injury,Non-Incapacitating Injury,DAY,N,N,N,N,N,N,N,N,N,0,1,0,1,0,0,0,0,0,0,0,1,1,0,0,0,0,0,0,0,0,0,0,0,0,N,0,0,Y,0,0,0,0,0,0,1,2500,2500,1,0,0,Preliminary,Editor Mapped,419977.7099,2890447.3553,26.1310881033443,-81.8004763347969
24597764,2022,27-OCT-2022 12:47 PM,27-OCT-2022 12:00 AM,2022-00374489,L,1,2,19,30,Brevard,Cape Canaveral,Urban,10/27/2022 12:47:00 PM,10/27/2022 12:47:00 PM,10/27/2022 12:48:00 PM,10/27/2022 1:37:00 PM,Y,Law Enforcement,HARBOR DR,,28.39901,-80.604448,0,,N ATLANTIC AVE,,Local,Curb,Four-Way Intersection,N,Daylight,Clear,Dry,N,,Other Non-Fixed Object,On Roadway,N,Intersection-Related,None,,,None,,,N,,,,,CORPORAL,Brevard County Sheriff's Office,Sheriff's Office (SO),11/1/2022 3:00:00 PM,11/1/2022 3:00:00 PM,5,Y,Single Vehicle,Other,Injury,Non-Incapacitating Injury,DAY,N,N,N,N,N,N,Y,N,N,1,1,0,1,0,0,0,0,0,0,0,1,1,0,1,0,0,0,0,0,0,0,0,0,0,N,0,0,Y,0,0,0,0,1,12,0,0,12,0,0,0,Preliminary,Editor Mapped,538743.9671,3141466.9244,28.3990035282629,-80.6044855402151
24601791,2022,20-JAN-2022 08:38 AM,20-JAN-2022 12:00 AM,20220000922,L,1,2,6,94,Palm Beach,West Palm Beach,Urban,1/20/2022 8:38:00 AM,1/20/2022 8:44:00 AM,1/20/2022 8:50:00 AM,1/20/2022 9:13:00 AM,Y,Motorist,BELVEDERE RD,,,,0,,PARKER AVE,,State,Paved,Four-Way Intersection,N,Daylight,Clear,Dry,N,Other,Pedalcycle,On Roadway,N,Intersection,None,,,None,,,N,,,,,MASTER POLICE OFFICER,West Palm Beach Police Department,Police Department (PD),1/22/2022 1:34:00 PM,1/22/2022 1:34:00 PM,2,Y,Bicycle,Bicycle,Injury,Non-Incapacitating Injury,DAY,N,N,N,N,N,N,Y,N,N,1,1,0,1,0,0,0,0,1,0,0,1,1,0,1,0,0,0,0,0,0,0,0,0,0,N,0,0,Y,0,0,0,0,0,0,1,100,100,0,0,1,Preliminary,Editor Mapped,593262.9136,2952502.3779,26.6905328826371,-80.0625712387608
24602820,2022,26-MAR-2022 06:22 AM,26-MAR-2022 12:00 AM,20220004259,L,1,1,6,94,Palm Beach,West Palm Beach,Urban,3/26/2022 1:18:00 PM,3/26/2022 1:24:00 PM,3/26/2022 1:25:00 PM,3/26/2022 2:57:00 PM,Y,Motorist,N AUSTRALIAN AVE,,,,150,North,25TH ST,,Local,Paved,Not at Intersection,Y,Dark - Not Lighted,Clear,Dry,N,Other,Pedestrian,Off Roadway,N,Non-Junction,None,,,None,,,N,,,,,OFFICER,West Palm Beach Police Department,Police Department (PD),3/30/2022 1:36:00 PM,3/30/2022 1:36:00 PM,4,Y,Pedestrian,Pedestrian,Injury,Possible Injury,NIGHT,N,N,N,N,N,Y,N,N,N,0,1,1,0,0,0,0,0,0,0,0,1,1,0,0,0,0,0,0,0,0,0,0,0,0,N,0,0,Y,0,0,0,0,1,250,0,0,250,0,0,0,Preliminary,Editor Mapped,592724.7713,2957630.6973,26.736865727585,-80.0676026962384
24603204,2022,18-APR-2022 03:27 PM,25-APR-2022 12:00 AM,20220005542,L,1,2,6,94,Palm Beach,West Palm Beach,Urban,4/18/2022 3:27:00 PM,4/18/2022 3:29:00 PM,4/18/2022 3:40:00 PM,4/18/2022 6:31:00 PM,Y,Law Enforcement,SPRUCE AVE,,,,31,North,17TH ST,,Local,Curb,Four-Way Intersection,N,Daylight,Cloudy,Dry,N,Angle,Pedalcycle,On Roadway,N,Intersection,None,,,None,,,N,,,,,COMMUNITY SERVICE AIDE,West Palm Beach Police Department,Police Department (PD),4/29/2022 1:37:00 PM,4/29/2022 1:37:00 PM,11,Y,Bicycle,Bicycle,Serious Injury,Incapacitating Injury,DAY,Y,N,N,N,N,N,Y,N,N,0,2,0,0,2,0,0,0,0,0,1,1,1,0,1,0,0,0,0,0,0,0,0,0,0,N,0,0,Y,1,0,0,0,1,1000,1,1500,2500,2,0,0,Preliminary,Editor Mapped,593993.5862,2956784.7268,26.7291441141007,-80.0549085872225
24603531,2022,09-MAY-2022 06:41 PM,09-MAY-2022 12:00 AM,20220006770,L,1,2,6,94,Palm Beach,West Palm Beach,Urban,5/9/2022 6:41:00 PM,5/9/2022 6:44:00 PM,5/9/2022 6:50:00 PM,5/9/2022 7:35:00 PM,Y,Law Enforcement,LAMBERTON DR,,,,0,,W EXECUTIVE CENTER DR,,Local,Curb,Not at Intersection,N,Daylight,Cloudy,Dry,N,Angle,Pedalcycle,On Roadway,N,Intersection-Related,None,,,None,,,N,,,,,COMMUNITY SERVICE AIDE,West Palm Beach Police Department,Police Department (PD),5/14/2022 1:36:00 PM,5/14/2022 1:36:00 PM,5,Y,Bicycle,Bicycle,Injury,Possible Injury,DAY,N,N,N,N,N,N,Y,N,N,1,1,1,0,0,0,0,0,0,0,0,1,1,0,1,0,0,0,0,0,0,0,0,0,0,N,0,0,Y,0,0,0,0,0,0,1,5000,5000,0,0,0,Preliminary,Editor Mapped,591142.262,2955399.7088,26.7168285567532,-80.0836753791853
24604484,2022,26-JUL-2022 12:49 PM,26-JUL-2022 12:00 AM,20220011266,L,1,2,6,94,Palm Beach,West Palm Beach,Urban,7/26/2022 12:49:00 PM,7/26/2022 1:07:00 PM,7/26/2022 1:15:00 PM,7/26/2022 2:37:00 PM,Y,Law Enforcement,S DIXIE HWY,,,,0,,KENILWORTH BLVD,,Local,Curb,Other,N,Daylight,Clear,Dry,N,Angle,Pedalcycle,On Roadway,N,Intersection-Related,None,,,None,,,N,,,,,COMMUNITY SERVICE AIDE,West Palm Beach Police Department,Police Department (PD),8/12/2022 1:38:00 PM,8/12/2022 1:38:00 PM,17,Y,Bicycle,Bicycle,Injury,Possible Injury,DAY,N,N,N,N,N,N,Y,N,N,1,1,1,0,0,0,0,0,0,0,0,1,1,0,1,0,0,0,0,0,0,0,0,0,0,N,0,0,Y,0,0,0,0,0,0,1,150,150,1,0,0,Preliminary,Editor Mapped,594070.0334,2951143.9944,26.6782159322852,-80.0545605631497
24608204,2022,10-MAR-2022 02:18 PM,10-MAR-2022 12:00 AM,220310-0016,L,1,2,1,58,Miami-Dade,Homestead,Urban,3/10/2022 2:18:00 PM,3/10/2022 2:19:00 PM,3/10/2022 2:29:00 PM,3/10/2022 5:10:00 PM,Y,Law Enforcement,N HOMESTEAD BLVD,,25.484583,-80.46086,0,,NE 15TH ST,,Local,Curb,Four-Way Intersection,N,Daylight,Clear,Dry,N,,Pedestrian,On Roadway,N,Intersection,None,,,None,,,N,,,,,OFC,Homestead Police Department,Police Department (PD),3/21/2022 1:33:00 PM,3/21/2022 1:33:00 PM,11,N,Pedestrian,Pedestrian,No Injury,No Injury,DAY,N,N,N,N,N,N,Y,N,N,2,0,0,0,0,0,0,0,0,0,0,1,1,0,1,0,0,0,0,0,0,0,0,0,0,N,0,0,Y,0,0,0,0,0,0,1,200,200,1,0,0,Preliminary,Editor Mapped,554189.3244,2818715.6425,25.4845762531505,-80.460863250557
24615845,2022,06-JUN-2022 08:48 PM,06-JUN-2022 12:00 AM,220001277,L,1,2,5,30,Polk,Auburndale,Urban,6/6/2022 8:48:00 PM,6/6/2022 8:50:00 PM,6/6/2022 8:53:00 PM,6/6/2022 12:06:00 AM,Y,Law Enforcement,COUNTY ROAD 559,,28.081924,-81.786469,57,North,RUTHVEN DR,,County,Curb,T-Intersection,Y,Dusk,Clear,Dry,N,,Pedestrian,On Roadway,N,Intersection,None,,,None,,,N,,,,,OFC,Auburndale Police Department,Police Department (PD),6/21/2022 1:39:00 PM,6/21/2022 1:39:00 PM,15,Y,Pedestrian,Pedestrian,Serious Injury,Incapacitating Injury,NIGHT,N,N,N,N,N,N,Y,N,N,1,1,0,0,1,0,0,0,0,0,0,1,1,0,1,0,0,0,0,0,0,0,0,0,0,N,0,0,Y,1,0,0,0,0,0,1,1000,1000,1,0,0,Preliminary,Editor Mapped,422726.3711,3106537.6484,28.0820179606305,-81.786502378324
24618605,2022,16-MAR-2022 04:05 PM,16-MAR-2022 12:00 AM,2203-000728,L,1,3,10,70,Broward,Plantation,Urban,3/16/2022 4:05:00 PM,3/16/2022 4:05:00 PM,3/16/2022 4:05:00 PM,3/16/2022 4:45:00 PM,Y,Law Enforcement,CLEARY BLVD,,26.132396,-80.27856,0,,CENTRAL PARK PL E,,County,Curb,Four-Way Intersection,N,Daylight,Cloudy,Dry,N,,Pedalcycle,On Roadway,N,Intersection,None,,,None,,,N,,,,,CSA,Plantation Police Department,Police Department (PD),3/25/2022 1:34:00 PM,3/25/2022 1:34:00 PM,9,Y,Bicycle,Bicycle,Injury,Non-Incapacitating Injury,DAY,N,N,N,N,N,N,Y,N,N,1,2,0,2,0,0,0,0,0,0,0,2,2,0,1,0,0,0,0,0,0,0,0,0,0,N,0,0,Y,0,0,0,0,0,0,1,100,100,0,0,0,Preliminary,Editor Mapped,572129.9531,2890550.4359,26.1324356922762,-80.2784610365008
24632877,2022,18-JAN-2022 02:35 PM,18-JAN-2022 03:09 PM,22-42504,L,1,2,3,0,Hillsborough,Unincorporated,Rural,1/18/2022 2:40:00 PM,1/18/2022 2:44:00 PM,1/18/2022 3:03:00 PM,1/18/2022 3:50:00 PM,Y,Law Enforcement,CR 584 (W WATERS AVE),,,,41,South,HANLEY RD,,County,Curb,Not at Intersection,N,Daylight,Clear,Dry,N,Other,Pedalcycle,On Roadway,N,Driveway/Alley Access Related,None,,,None,,,N,,,,,DEP.,Hillsborough County Sheriff's Office,Sheriff's Office (SO),1/22/2022 1:34:00 PM,1/22/2022 1:34:00 PM,4,Y,Bicycle,Bicycle,Injury,Possible Injury,DAY,N,N,N,N,N,N,N,N,N,1,1,1,0,0,0,0,0,0,0,0,1,1,0,1,1,0,0,0,0,0,0,0,0,0,N,0,0,Y,0,0,0,0,0,0,1,500,500,0,0,0,Preliminary,Editor Mapped,346419.6041,3101027.3535,28.0256465993015,-82.5622674142884
24633440,2022,28-JAN-2022 08:00 AM,28-JAN-2022 09:05 AM,22-67848,L,1,1,3,0,Hillsborough,Unincorporated,Rural,1/28/2022 8:40:00 AM,1/28/2022 8:46:00 AM,1/28/2022 8:48:00 AM,1/28/2022 9:20:00 AM,Y,Law Enforcement,SR 597 (N DALE MABRY HW),,,,0,,MAPLEDALE BLVD,,State,Curb,Four-Way Intersection,N,Daylight,Clear,Dry,N,Angle,Pedalcycle,Off Roadway,N,Intersection,None,,,None,,,N,,,,,DEP.,Hillsborough County Sheriff's Office,Sheriff's Office (SO),1/29/2022 1:35:00 PM,1/29/2022 1:35:00 PM,1,Y,Bicycle,Bicycle,No Injury,No Injury,DAY,N,N,N,N,N,Y,Y,N,N,1,0,0,0,0,0,0,0,0,0,0,1,1,0,0,0,0,0,0,0,0,0,0,0,0,N,0,0,Y,0,0,0,0,1,300,0,0,300,0,0,0,Preliminary,Editor Mapped,352395.5348,3109014.6394,28.0984023063845,-82.5024980687439
24637227,2022,06-MAY-2022 11:42 AM,06-MAY-2022 12:11 PM,22-351897,L,1,2,3,0,Hillsborough,Unincorporated,Urban,5/6/2022 11:43:00 AM,5/6/2022 11:46:00 AM,5/6/2022 12:04:00 PM,5/6/2022 1:03:00 PM,Y,Law Enforcement,N ARMENIA AVE,8438,,,,,,,Parking Lot,Curb,Not at Intersection,N,Daylight,Clear,Dry,N,Angle,Pedestrian,In Parking Lane or Zone,N,Driveway/Alley Access Related,None,,,None,,,N,,,,,DEP,Hillsborough County Sheriff's Office,Sheriff's Office (SO),5/8/2022 1:25:00 PM,5/8/2022 1:25:00 PM,2,Y,Pedestrian,Pedestrian,Injury,Non-Incapacitating Injury,DAY,N,N,N,N,N,N,N,N,N,1,1,0,1,0,0,0,0,0,0,0,1,1,0,1,0,0,0,0,0,0,0,0,0,0,N,0,0,Y,0,0,0,0,0,0,1,500,500,0,0,0,Preliminary,Editor Mapped,354053.4973,3101024.6417,28.0264829991327,-82.484634593963
24637883,2022,20-MAY-2022 12:35 PM,20-MAY-2022 01:05 PM,22-391775,L,1,3,3,0,Hillsborough,Unincorporated,Rural,5/20/2022 12:37:00 PM,5/20/2022 12:39:00 PM,5/20/2022 12:55:00 PM,5/20/2022 2:16:00 PM,Y,Law Enforcement,CR 584 (W WATERS AVE),,,,8,South,LA SERENA  DR,,County,Curb,T-Intersection,Y,Daylight,Clear,Dry,N,Angle,Pedalcycle,On Roadway,N,Intersection,None,,,None,,,N,,,,,DEP,Hillsborough County Sheriff's Office,Sheriff's Office (SO),5/22/2022 1:48:00 PM,5/22/2022 1:48:00 PM,2,Y,Bicycle,Bicycle,Injury,Non-Incapacitating Injury,DAY,N,N,N,N,N,N,Y,N,N,2,1,0,1,0,0,0,0,0,0,0,1,1,0,1,1,0,1,0,0,0,0,0,0,0,N,0,0,Y,0,0,0,0,0,0,1,250,250,1,0,0,Preliminary,Editor Mapped,352828.2519,3100919.4374,28.0253984004619,-82.49708175251
24638588,2022,26-MAY-2022 04:50 PM,26-MAY-2022 06:00 PM,22-409784,L,1,2,3,0,Hillsborough,Unincorporated,Rural,5/26/2022 4:51:00 PM,5/26/2022 5:27:00 PM,5/26/2022 5:54:00 PM,5/26/2022 6:26:00 PM,Y,Law Enforcement,CR 582A (W FLETCHER AVE),,,,,,SR 597 (N DALE MABRY HWY),,County,Curb,Not at Intersection,N,Daylight,Clear,Dry,N,Angle,Pedalcycle,Shoulder,N,Driveway/Alley Access Related,None,,,None,,,N,,,,,DEP,Hillsborough County Sheriff's Office,Sheriff's Office (SO),5/31/2022 1:32:00 PM,5/31/2022 1:32:00 PM,5,Y,Bicycle,Bicycle,Injury,Non-Incapacitating Injury,DAY,N,N,N,N,N,N,N,N,N,1,1,0,1,0,0,0,0,0,0,0,1,1,0,1,1,0,0,0,0,0,0,0,0,0,N,0,0,Y,0,0,0,0,0,0,1,500,500,0,0,0,Preliminary,Editor Mapped,352301.648,3105365.7624,28.0654641132084,-82.5029948642358
24641107,2022,29-JUL-2022 05:30 PM,29-JUL-2022 06:07 PM,22-591520,L,1,2,3,0,Hillsborough,Unincorporated,Rural,7/29/2022 5:33:00 PM,7/29/2022 5:42:00 PM,7/29/2022 5:53:00 PM,7/29/2022 7:11:00 PM,Y,Law Enforcement,W LUMSDEN RD,,,,250,West,S KINGS AVE,,Local,Paved,Not at Intersection,Y,Daylight,Clear,Dry,N,Other,Other Non-Fixed Object,On Roadway,N,Non-Junction,None,,,Physical Obstruction(s),,,N,,,,,DEP.,Hillsborough County Sheriff's Office,Sheriff's Office (SO),7/31/2022 1:28:00 PM,7/31/2022 1:28:00 PM,2,Y,Single Vehicle,Other,Injury,Non-Incapacitating Injury,DAY,N,N,N,N,N,N,N,N,N,1,1,0,1,0,0,0,0,0,0,0,1,1,0,1,0,0,0,0,0,0,0,0,0,0,N,0,0,Y,0,0,0,0,0,0,1,2000,2000,1,0,0,Preliminary,Editor Mapped,372597.1329,3089363.6854,27.9231512860935,-82.2947850564879
24642773,2022,14-SEP-2022 05:35 PM,14-SEP-2022 06:07 PM,22-733209,S,1,2,3,0,Hillsborough,Unincorporated,Rural,9/14/2022 5:39:00 PM,9/14/2022 5:47:00 PM,9/14/2022 5:51:00 PM,9/14/2022 7:30:00 PM,Y,Law Enforcement,CR582A (W FLETCHER AVE),,,,0,,OLA AVE,,County,Curb,Not at Intersection,N,Daylight,Clear,Dry,N,Unknown,Pedalcycle,On Roadway,N,Intersection-Related,None,,,None,,,N,,,,,DEP,Hillsborough County Sheriff's Office,Sheriff's Office (SO),9/16/2022 1:41:00 PM,9/16/2022 1:41:00 PM,2,N,Bicycle,Bicycle,No Injury,No Injury,DAY,N,N,N,Y,N,N,Y,N,N,2,0,0,0,0,0,0,0,0,0,0,1,1,0,1,0,0,0,0,0,0,0,0,0,0,N,0,0,Y,0,0,1,0,1,25,1,1500,1525,0,0,0,Preliminary,Computer plot approximate by lat/long,356192.6525,3105745.0596,28.0693147363727,-82.4634566480395
24645179,2022,14-NOV-2022 03:30 PM,14-NOV-2022 04:21 PM,22-910466,L,1,3,3,0,Hillsborough,Unincorporated,Rural,11/14/2022 3:31:00 PM,11/14/2022 3:32:00 PM,11/14/2022 3:36:00 PM,11/14/2022 5:11:00 PM,Y,Law Enforcement,CREST SIDE BL,,,,17,West,SR 43 (S US HWY 301),,County,Curb,T-Intersection,N,Daylight,Clear,Dry,N,Angle,Pedestrian,On Roadway,N,Intersection-Related,None,,,None,,,N,,,,,DEP,Hillsborough County Sheriff's Office,Sheriff's Office (SO),11/20/2022 2:49:00 PM,11/20/2022 2:49:00 PM,6,Y,Pedestrian,Pedestrian,Injury,Non-Incapacitating Injury,DAY,N,N,N,Y,N,N,Y,N,N,2,1,0,1,0,0,0,0,0,0,0,1,1,0,1,0,0,1,0,0,0,0,0,0,0,N,0,0,Y,0,0,0,0,0,0,1,100,100,1,0,0,Preliminary,Editor Mapped,369039.1799,3079015.2271,27.8294116650471,-82.3297951602191
24647358,2022,24-DEC-2022 03:58 PM,24-DEC-2022 04:30 PM,22-1032448,L,1,2,3,0,Hillsborough,Unincorporated,Rural,12/24/2022 3:58:00 PM,12/24/2022 4:03:00 PM,12/24/2022 4:16:00 PM,12/24/2022 5:16:00 PM,Y,Law Enforcement,CAMBIUM CROWN DR,11712,,,,,WEATHER FELLING DR,,Local,Unpaved,Not at Intersection,Y,Daylight,Cloudy,Dry,N,Angle,Pedestrian,On Roadway,N,Driveway/Alley Access Related,None,,,None,,,N,,,,,M/DEP,Hillsborough County Sheriff's Office,Sheriff's Office (SO),12/30/2022 2:52:00 PM,12/30/2022 2:52:00 PM,6,Y,Pedestrian,Pedestrian,Injury,Non-Incapacitating Injury,DAY,N,N,N,N,N,N,N,N,N,1,1,0,1,0,0,0,0,0,0,0,1,1,0,1,0,0,0,0,0,0,0,0,0,0,N,0,0,Y,0,0,0,0,1,100,1,1000,1100,0,0,1,Preliminary,Editor Mapped,371593.9583,3081389.2088,27.851084662925,-82.3041153245738
24662159,2022,08-FEB-2022 05:35 PM,08-FEB-2022 12:00 AM,022202000744,L,1,2,10,32,Broward,Dania Beach,Urban,2/8/2022 5:35:00 PM,2/8/2022 6:15:00 PM,2/8/2022 6:30:00 PM,2/8/2022 7:55:00 PM,Y,Law Enforcement,SW 16TH ST,,,,41,East,N 21ST AV,,State,Curb,Not at Intersection,N,Dark - Lighted,Rain,Wet,N,Angle,Motor Vehicle in Transport,Off Roadway,N,Non-Junction,None,,,None,,,N,,,,,,Broward County Sheriff's Office,Sheriff's Office (SO),2/13/2022 1:27:00 PM,2/13/2022 1:27:00 PM,5,Y,Single Vehicle,Other,Serious Injury,Incapacitating Injury,DAY,N,N,N,N,N,N,N,N,N,1,1,0,0,1,0,0,0,0,0,0,1,1,0,1,0,0,0,0,0,0,0,0,0,0,N,0,0,Y,1,0,0,0,0,0,1,500,500,0,0,0,Preliminary,Editor Mapped,577446.9341,2849133.5381,25.7582021682212,-80.2277205048693
24663396,2022,26-FEB-2022 05:24 PM,26-FEB-2022 12:00 AM,102202004369,L,1,2,10,36,Broward,Deerfield Beach,Urban,2/26/2022 5:24:00 PM,2/26/2022 5:25:00 PM,2/26/2022 5:28:00 PM,2/26/2022 5:40:00 PM,Y,Law Enforcement,SW 4TH ST,,,,0,,SW 2ND AV,,Local,Paved,T-Intersection,N,Daylight,Clear,Dry,N,Angle,Overturn/Rollover,On Roadway,N,Non-Junction,None,,,None,,,N,,,,,,Broward County Sheriff's Office,Sheriff's Office (SO),2/28/2022 1:30:00 PM,2/28/2022 1:30:00 PM,2,N,Rollover,Rollover,No Injury,No Injury,DAY,N,N,N,N,N,N,N,N,N,2,0,0,0,0,0,0,0,0,0,0,1,1,0,1,0,0,0,0,0,0,0,0,0,0,N,0,0,Y,0,0,0,0,0,0,1,500,500,0,0,0,Preliminary,Editor Mapped,589305.9961,2910583.5777,26.3123418659077,-80.105275999357
24665104,2022,23-MAR-2022 03:23 AM,28-MAR-2022 12:00 AM,032203002327,L,1,2,10,38,Broward,Fort Lauderdale,Urban,3/23/2022 6:32:00 AM,3/23/2022 6:32:00 AM,3/23/2022 6:45:00 AM,3/23/2022 10:41:00 AM,Y,Law Enforcement,GRIFFIN RD,,,,202,West,S FEDERAL HWY,,State,Paved,Four-Way Intersection,N,Dusk,Clear,Dry,N,Other,Pedestrian,On Roadway,N,Non-Junction,None,,,None,,,N,,,,,,Broward County Sheriff's Office,Sheriff's Office (SO),3/26/2022 1:33:00 PM,3/31/2022 1:37:00 PM,3,Y,Pedestrian,Pedestrian,Injury,Possible Injury,NIGHT,N,N,N,N,N,N,N,N,N,1,1,1,0,0,0,0,0,0,0,0,1,1,0,1,0,0,0,0,0,0,0,0,0,0,N,0,0,Y,0,0,0,0,0,0,0,0,0,1,0,0,Preliminary,Editor Mapped,585717.3911,2882986.8686,26.0634017511523,-80.143050539768
24665242,2022,25-MAR-2022 09:30 AM,25-MAR-2022 12:00 AM,122203003326,L,1,2,10,64,Broward,Oakland Park,Urban,3/25/2022 9:31:00 AM,3/25/2022 9:32:00 AM,3/25/2022 9:40:00 AM,3/25/2022 10:10:00 AM,Y,Law Enforcement,N ANDREWS AV,,,,68,North,NE 38TH ST,,State,Paved,Not at Intersection,N,Daylight,Clear,Dry,N,Other,Motor Vehicle in Transport,Off Roadway,N,Non-Junction,None,,,None,,,N,,,,,,Broward County Sheriff's Office,Sheriff's Office (SO),3/29/2022 1:40:00 PM,3/29/2022 1:40:00 PM,4,N,Single Vehicle,Other,No Injury,No Injury,DAY,N,N,N,N,N,N,N,N,N,2,0,0,0,0,0,0,0,0,0,0,1,1,0,1,0,0,0,0,0,0,0,0,0,0,N,0,0,Y,0,0,0,0,0,0,0,0,0,0,0,0,Preliminary,Editor Mapped,585288.6183,2895151.563,26.1732585988136,-80.1465392868253
24666349,2022,10-APR-2022 06:25 PM,10-APR-2022 12:00 AM,122204001306,L,1,2,10,64,Broward,Oakland Park,Urban,4/10/2022 6:27:00 PM,4/10/2022 6:40:00 PM,4/10/2022 6:45:00 PM,4/10/2022 7:50:00 PM,Y,Law Enforcement,W OAKLAND PARK BLVD,,,,249,East,NW 9TH AV,,State,Paved,Not at Intersection,N,Daylight,Clear,Dry,N,Other,Pedestrian,On Roadway,N,Non-Junction,None,,,None,,,N,,,,,,Broward County Sheriff's Office,Sheriff's Office (SO),4/12/2022 1:40:00 PM,4/12/2022 1:40:00 PM,2,Y,Pedestrian,Pedestrian,Injury,Non-Incapacitating Injury,DAY,N,N,N,N,N,N,N,N,N,1,1,0,1,0,0,0,0,0,0,0,1,1,0,1,0,0,0,0,0,0,0,0,0,0,N,0,0,Y,0,0,0,0,0,0,1,500,500,1,0,0,Preliminary,Editor Mapped,584566.2343,2894379.5564,26.1663310885,-80.1538176778072
24666771,2022,17-APR-2022 06:51 AM,17-APR-2022 12:00 AM,102204002929,L,1,2,10,36,Broward,Deerfield Beach,Urban,4/17/2022 6:51:00 AM,4/17/2022 6:51:00 AM,4/17/2022 6:54:00 AM,4/17/2022 9:49:00 AM,Y,Law Enforcement,E HILLSBORO BLVD,,,,904,East,SE 19TH AV,,State,Unpaved,Not at Intersection,N,Daylight,Clear,Dry,N,Front to Rear,Pedalcycle,On Roadway,N,Non-Junction,None,,,None,,,N,,,,,,Broward County Sheriff's Office,Sheriff's Office (SO),4/21/2022 1:50:00 PM,4/21/2022 1:50:00 PM,4,Y,Bicycle,Bicycle,Serious Injury,Incapacitating Injury,NIGHT,N,N,N,Y,N,N,N,N,N,1,1,0,0,1,0,0,0,0,0,0,1,1,0,1,1,0,0,0,0,0,0,0,0,0,N,0,0,Y,1,0,1,0,1,500,1,1000,1500,1,0,0,Verified,n/a,591674.3804,2910826.5571,26.3143855735455,-80.0815331375785
24670767,2022,21-JUN-2022 04:30 PM,21-JUN-2022 12:00 AM,072206002615,L,1,3,10,77,Broward,Tamarac,Urban,6/21/2022 4:35:00 PM,6/21/2022 4:35:00 PM,6/21/2022 4:35:00 PM,6/21/2022 4:49:00 PM,Y,Law Enforcement,W COMMERCIAL BLVD,,,,679,South,NW 47TH TER,,State,Paved,T-Intersection,N,Daylight,Clear,Dry,N,Angle,Other Non-Fixed Object,On Roadway,N,Non-Junction,None,,,None,,,N,,,,,,Broward County Sheriff's Office,Sheriff's Office (SO),6/15/2023 4:33:00 PM,6/15/2023 4:33:00 PM,359,Y,Single Vehicle,Other,Injury,Possible Injury,DAY,N,N,N,N,N,N,N,N,N,2,1,1,0,0,0,0,0,0,0,0,2,2,0,1,1,0,0,0,0,0,0,0,0,0,N,0,0,Y,0,0,1,0,1,400,1,200,600,0,0,0,Preliminary,Editor Mapped,579191.0233,2896733.9535,26.1878944487734,-80.2074548305148
24673560,2022,08-AUG-2022 03:54 PM,08-AUG-2022 12:00 AM,102208001378,L,1,2,10,36,Broward,Deerfield Beach,Urban,8/8/2022 3:54:00 PM,8/8/2022 4:04:00 PM,8/8/2022 4:20:00 PM,8/8/2022 6:55:00 PM,Y,Law Enforcement,S FEDERAL HWY,,,,20,South,SE 10TH ST,,State,Paved,Not at Intersection,Y,Daylight,Clear,Dry,N,Other,Motor Vehicle in Transport,On Roadway,N,Intersection-Related,None,,,None,,,N,,,,,,Broward County Sheriff's Office,Sheriff's Office (SO),8/23/2022 1:50:00 PM,8/23/2022 1:50:00 PM,15,Y,Single Vehicle,Other,Injury,Non-Incapacitating Injury,DAY,N,N,N,N,N,N,Y,N,N,1,1,0,1,0,0,0,0,0,0,0,1,1,0,1,1,0,0,0,0,0,0,0,0,0,N,0,0,Y,0,0,0,0,0,0,1,2500,2500,1,0,0,Preliminary,Editor Mapped,590552.711,2909888.5193,26.305988182495,-80.0928357302766
24688322,2022,26-APR-2022 02:43 PM,26-APR-2022 03:00 PM,P22-2214,S,1,2,34,30,DeSoto,Arcadia,Urban,4/26/2022 2:43:00 PM,4/26/2022 2:43:00 PM,4/26/2022 2:48:00 PM,4/26/2022 3:05:00 PM,Y,Motorist,E OAK ST,1701,,,,,,,Parking Lot,Paved,Not at Intersection,N,Daylight,Clear,Dry,N,Angle,Motor Vehicle in Transport,In Parking Lane or Zone,N,Non-Junction,None,None,,None,None,,N,,,,,PTL.,Arcadia Police Department,Police Department (PD),4/29/2022 1:36:00 PM,4/29/2022 1:36:00 PM,3,Y,Single Vehicle,Other,Injury,Possible Injury,DAY,N,N,N,N,N,N,N,N,N,1,1,1,0,0,0,0,0,0,0,0,1,1,0,1,1,0,0,0,0,0,0,0,0,0,N,0,0,Y,0,0,0,0,0,0,1,1000,1000,1,0,0,Unmapped,Unmapped,,,,
24690333,2022,07-FEB-2022 08:16 PM,07-FEB-2022 12:00 AM,282202003717,L,1,1,10,40,Broward,Hallandale Beach,Urban,2/7/2022 8:17:00 PM,2/7/2022 8:19:00 PM,2/7/2022 8:27:00 PM,2/7/2022 8:54:00 PM,Y,Law Enforcement,NW 4TH AV,,,,0,,NW 10TH ST,,Local,Unpaved,Four-Way Intersection,N,Dark - Lighted,Clear,Dry,N,Other,Pedalcycle,On Roadway,N,Non-Junction,None,,,None,,,N,,,,,CIVILIAN,Hallandale Beach Police Department,Police Department (PD),2/9/2022 1:42:00 PM,2/9/2022 1:42:00 PM,2,Y,Bicycle,Bicycle,No Injury,No Injury,NIGHT,N,N,N,N,N,Y,N,N,N,1,0,0,0,0,0,0,0,0,0,0,1,1,0,0,0,0,0,0,0,0,0,0,0,0,N,0,0,Y,0,0,0,0,0,0,0,0,0,0,0,0,Preliminary,Editor Mapped,584789.9349,2875464.4232,25.9955375893119,-80.15280983446
24690457,2022,27-FEB-2022 03:00 PM,27-FEB-2022 12:00 AM,282202005737,L,1,3,10,40,Broward,Hallandale Beach,Urban,2/27/2022 3:01:00 PM,2/27/2022 3:02:00 PM,2/27/2022 3:03:00 PM,2/27/2022 3:25:00 PM,Y,Motorist,S OCEAN DRIVE,,,,286,North,COUNTY LINE ROAD,,Other,Paved,Not at Intersection,N,Daylight,Clear,Dry,N,Other,Motor Vehicle in Transport,Shoulder,N,Non-Junction,None,,,None,,,N,,,,,OFFICER,Hallandale Beach Police Department,Police Department (PD),3/8/2022 1:44:00 PM,3/8/2022 1:44:00 PM,9,Y,Single Vehicle,Other,Injury,Possible Injury,DAY,N,N,N,N,N,N,N,N,N,2,1,1,0,0,0,0,0,0,0,0,2,2,0,1,0,0,0,0,0,0,0,0,0,0,N,0,0,Y,0,0,0,0,0,0,1,500,500,0,0,0,Preliminary,Editor Mapped,588136.0169,2873321.6901,25.9759915926321,-80.1195242399554
24694665,2022,11-JAN-2022 09:30 AM,11-JAN-2022 12:00 AM,22-016827,L,1,4,18,0,Lee,Unincorporated,Rural,1/11/2022 9:42:00 AM,1/11/2022 9:42:00 AM,1/11/2022 10:00:00 AM,1/11/2022 10:30:00 AM,Y,Law Enforcement,RAMP FROM I-75 N TO ALICO RD,,26.492806,-81.79163,138,South,ALICO RD,,County,Paved,Not at Intersection,Y,Daylight,Clear,Dry,N,,Pedalcycle,On Roadway,N,Intersection,None,,,None,,,N,,,,,DEPUTY FIRST CLASS,Lee County Sheriff's Office,Sheriff's Office (SO),1/12/2022 1:38:00 PM,1/12/2022 1:38:00 PM,1,Y,Bicycle,Bicycle,No Injury,No Injury,DAY,N,N,N,N,N,Y,Y,N,N,3,0,0,0,0,0,0,0,0,0,0,3,3,0,1,0,0,0,0,0,0,0,0,0,0,N,0,0,Y,0,0,0,0,1,2000,0,0,2000,0,0,0,Verified,n/a,421099.0087,2930474.6173,26.4925403667598,-81.7917130348557
24695827,2022,08-FEB-2022 02:50 PM,08-FEB-2022 12:00 AM,22-066925,S,1,2,18,0,Lee,Unincorporated,Rural,2/8/2022 3:37:00 PM,2/8/2022 3:40:00 PM,2/8/2022 3:45:00 PM,2/8/2022 4:50:00 PM,Y,Law Enforcement,SOUTH VILLAGE LOOP,,26.456289,-81.771902,,,ACADEMIC VILLAGE DR,,Local,Curb,T-Intersection,N,Daylight,Cloudy,Dry,N,,Pedalcycle,Roadside,N,Other,None,,,None,,,N,,,,,DEPUTY,Lee County Sheriff's Office,Sheriff's Office (SO),2/9/2022 1:43:00 PM,2/9/2022 1:43:00 PM,1,N,Bicycle,Bicycle,No Injury,No Injury,DAY,N,N,N,N,N,N,N,N,N,2,0,0,0,0,0,0,0,0,0,0,1,1,0,1,0,0,0,0,0,0,0,0,0,0,N,0,0,Y,0,0,0,0,0,0,1,0,0,0,0,0,Preliminary,Officer Mapped,423049.6076,2926446.9535,26.4562840572686,-81.7718989397108
24700136,2022,22-MAY-2022 12:01 AM,22-MAY-2022 12:00 AM,22-236746,L,1,1,18,0,Lee,Unincorporated,Rural,5/22/2022 12:31:00 AM,5/22/2022 12:40:00 AM,5/22/2022 12:45:00 AM,5/22/2022 12:55:00 AM,Y,Law Enforcement,MARBLE BROOK BLVD,,26.590811,-81.636069,235,West,SILVER POND LN,,Private Roadway,Unpaved,Other,N,Dark - Not Lighted,Clear,Dry,N,,Pedestrian,On Roadway,N,Other,None,,,None,,,N,,,,,CORPORAL,Lee County Sheriff's Office,Sheriff's Office (SO),5/23/2022 1:44:00 PM,5/23/2022 1:44:00 PM,1,Y,Pedestrian,Pedestrian,Injury,Non-Incapacitating Injury,NIGHT,N,N,N,N,N,Y,N,N,N,0,1,0,1,0,0,0,0,0,0,0,1,1,0,0,0,0,0,0,0,0,0,0,0,0,N,0,0,Y,0,0,0,0,0,0,0,0,0,0,0,0,Preliminary,Editor Mapped,436632.4628,2941342.478,26.5914415703688,-81.6363962289565
24713552,2022,02-FEB-2022 05:53 PM,02-FEB-2022 12:00 AM,0222001623,L,1,2,11,34,Alachua,Gainesville,Urban,2/2/2022 5:53:00 PM,2/2/2022 5:55:00 PM,2/2/2022 5:59:00 PM,2/2/2022 8:31:00 PM,Y,Law Enforcement,CLARK BULTER BLVD,,,,74,East,SW ARCHER RD,,Local,Paved,T-Intersection,N,Daylight,Clear,Dry,N,Other,Motor Vehicle in Transport,On Roadway,N,Non-Junction,None,,,None,,,N,,,,,POLICE SERVICE TECHNICIAN 1,Gainesville Police Department,Police Department (PD),2/8/2022 1:41:00 PM,2/8/2022 1:41:00 PM,6,Y,Single Vehicle,Other,Injury,Non-Incapacitating Injury,DAY,N,N,N,N,N,N,N,N,N,1,1,0,1,0,0,0,0,0,0,0,1,1,0,1,0,0,0,0,0,0,0,0,0,0,N,0,0,Y,0,0,1,0,0,0,1,50,50,0,0,1,Preliminary,Editor Mapped,366387.3744,3277548.0623,29.6206602670655,-82.3800503913052
24714919,2022,20-MAY-2022 05:45 PM,20-MAY-2022 12:00 AM,0222007441,L,1,3,11,34,Alachua,Gainesville,Urban,5/20/2022 5:48:00 PM,5/20/2022 6:31:00 PM,5/20/2022 6:33:00 PM,5/20/2022 7:10:00 PM,Y,Law Enforcement,NW 23RD AVE,4354,,,,,,,Other,Paved,Not at Intersection,N,Daylight,Clear,Dry,N,Other,Motor Vehicle in Transport,Off Roadway,N,Non-Junction,None,,,None,,,N,,,,,OFFICER,Gainesville Police Department,Police Department (PD),5/22/2022 1:48:00 PM,5/22/2022 1:48:00 PM,2,Y,Single Vehicle,Other,Injury,Possible Injury,DAY,N,N,N,N,N,N,N,N,N,2,1,1,0,0,0,0,0,0,0,0,1,1,0,1,0,0,1,0,0,0,0,0,0,0,N,0,0,Y,0,0,0,0,0,0,0,0,0,0,0,0,Preliminary,Editor Mapped,365514.2069,3283497.2168,29.674241979278,-82.3898041750028
24715153,2022,10-JUN-2022 03:20 PM,10-JUN-2022 12:00 AM,0222008577,L,1,3,11,34,Alachua,Gainesville,Urban,6/10/2022 3:22:00 PM,6/10/2022 4:04:00 PM,6/10/2022 4:11:00 PM,6/10/2022 6:28:00 PM,Y,Law Enforcement,(SR 121)SW 34TH ST,,,,0,,HULL ROAD,,State,Curb,Four-Way Intersection,N,Daylight,Clear,Dry,N,Angle,Motor Vehicle in Transport,On Roadway,N,Non-Junction,None,,,None,,,N,,,,,POLICE SERVICE TECHNICIAN 3,Gainesville Police Department,Police Department (PD),6/12/2022 1:25:00 PM,6/12/2022 1:25:00 PM,2,Y,Single Vehicle,Other,Injury,Non-Incapacitating Injury,DAY,N,N,N,N,N,N,N,N,N,2,1,0,1,0,0,0,0,0,0,0,1,1,0,1,0,0,1,0,0,0,0,0,0,0,N,0,0,Y,0,0,1,0,0,0,1,1000,1000,0,0,0,Preliminary,Editor Mapped,367121.3095,3279413.9771,29.6375741494308,-82.3726998436082
24715721,2022,04-AUG-2022 06:53 PM,04-AUG-2022 12:00 AM,0222011689,L,1,2,11,34,Alachua,Gainesville,Urban,8/4/2022 6:53:00 PM,8/4/2022 6:55:00 PM,8/4/2022 7:00:00 PM,8/4/2022 7:53:00 PM,Y,Law Enforcement,1600 SW 6TH ST,,,,0,,SR 226 (SW 16TH AVE),,Local,Paved,Not at Intersection,N,Daylight,Clear,Dry,N,Other,Motor Vehicle in Transport,On Roadway,N,Non-Junction,None,,,None,,,N,,,,,OFFICER,Gainesville Police Department,Police Department (PD),8/5/2022 1:38:00 PM,8/5/2022 1:38:00 PM,1,Y,Single Vehicle,Other,Injury,Non-Incapacitating Injury,DAY,N,N,N,N,N,N,N,N,N,1,1,0,1,0,0,0,0,0,0,0,1,1,0,1,0,0,0,0,0,0,0,0,0,0,N,0,0,Y,0,0,0,0,0,0,0,0,0,0,0,0,Preliminary,Editor Mapped,371271.0298,3279234.182,29.6363886659665,-82.3298197143438
24716273,2022,17-SEP-2022 12:09 PM,17-SEP-2022 12:00 AM,0222014227,L,1,2,11,34,Alachua,Gainesville,Urban,9/17/2022 12:15:00 PM,9/17/2022 12:20:00 PM,9/17/2022 12:37:00 PM,9/17/2022 1:00:00 PM,N,Law Enforcement,SW ARCHER RD,,,,0,,SW 23RD DR,,Local,Paved,Four-Way Intersection,N,Daylight,Clear,Dry,N,Other,Pedestrian,On Roadway,N,Intersection,None,,,None,,,N,,,,,OFFICER,Gainesville Police Department,Police Department (PD),9/19/2022 1:35:00 PM,9/19/2022 1:35:00 PM,2,Y,Pedestrian,Pedestrian,Injury,Non-Incapacitating Injury,DAY,N,N,N,Y,N,Y,Y,N,N,1,1,0,1,0,0,0,0,0,0,0,1,1,0,1,0,0,0,0,0,0,0,0,0,0,N,0,0,Y,0,0,0,0,0,0,0,0,0,0,0,0,Preliminary,Editor Mapped,368479.9161,3278951.5444,29.6335463360221,-82.3586120836004
24722510,2022,04-MAR-2022 02:33 PM,04-MAR-2022 12:00 AM,22-018477,L,1,2,16,0,Sarasota,Unincorporated,Rural,3/4/2022 2:33:00 PM,3/4/2022 2:33:00 PM,3/4/2022 2:43:00 PM,3/4/2022 4:00:00 PM,Y,Law Enforcement,CENTER RD,,27.078888,-82.342435,42,West,STONEYCREEK BLVD,,County,Curb,Four-Way Intersection,N,Daylight,Clear,Dry,N,,Pedalcycle,On Roadway,N,Intersection,None,,,None,,,N,,,,,DEPUTY,Sarasota County Sheriff's Office,Sheriff's Office (SO),3/5/2022 1:40:00 PM,3/5/2022 1:40:00 PM,1,Y,Bicycle,Bicycle,Injury,Possible Injury,DAY,N,N,N,N,N,N,Y,N,N,1,1,1,0,0,0,0,0,0,0,0,1,1,0,1,1,0,0,0,0,0,0,0,0,0,N,0,0,Y,0,0,1,0,1,400,0,0,400,1,0,0,Preliminary,Editor Mapped,366897.2938,2995882.5328,27.0788859752694,-82.3424213611181
24734638,2022,20-JUL-2022 07:56 AM,20-JUL-2022 12:00 AM,2022072006,L,1,4,1,82,Miami-Dade,North Miami Beach,Urban,7/20/2022 7:56:00 AM,7/20/2022 7:59:00 AM,7/20/2022 8:03:00 AM,7/20/2022 9:10:00 AM,Y,Law Enforcement,NE 163 ST,3427,,,160,East,,,Other,Curb,Other,N,Daylight,Clear,Dry,N,Angle,Pedalcycle,Roadside,N,Non-Junction,None,,,None,,,N,,,,,POLICE OFFICER,North Miami Beach Police Department,Police Department (PD),7/22/2022 1:37:00 PM,7/22/2022 1:37:00 PM,2,Y,Bicycle,Bicycle,Injury,Possible Injury,DAY,N,N,N,N,N,N,N,N,N,2,2,2,0,0,0,0,0,0,0,0,1,1,0,1,0,0,2,0,0,0,0,0,0,0,N,0,0,Y,0,0,1,0,0,0,1,500,500,0,0,0,Preliminary,Editor Mapped,586529.6156,2868045.8382,25.9284532538852,-80.1359185058933
24736097,2022,05-FEB-2022 09:50 PM,05-FEB-2022 12:00 AM,220002046,L,1,3,8,30,Volusia,Daytona Beach,Urban,2/5/2022 9:50:00 PM,2/5/2022 9:51:00 PM,2/5/2022 9:52:00 PM,2/5/2022 10:11:00 PM,N,Law Enforcement,OAKRIDGE BLVD,,29.231672,-81.017585,0,,N HALIFAX AVE,,State,Curb,Y-Intersection,Y,Dark - Not Lighted,Rain,Wet,N,,Other Non-Fixed Object,On Roadway,N,Through Roadway,None,,,None,,,N,,,,,OFFICER,Daytona Beach Police Department,Police Department (PD),2/23/2022 1:47:00 PM,2/23/2022 1:47:00 PM,18,Y,Single Vehicle,Other,Fatality,Fatal (within 30 days),NIGHT,N,N,N,N,N,Y,N,N,N,2,0,0,0,0,1,1,0,0,0,0,1,1,0,1,0,0,1,0,0,0,0,0,0,0,N,0,0,Y,0,1,3,0,0,0,1,1000,1000,1,0,0,Verified,n/a,498318.8835,3233669.5299,29.2318170798439,-81.0172986732912
24736407,2022,03-MAR-2022 08:06 AM,03-MAR-2022 12:00 AM,220003606,L,1,3,8,30,Volusia,Daytona Beach,Urban,3/3/2022 8:06:00 AM,3/3/2022 8:08:00 AM,3/3/2022 8:09:00 AM,3/3/2022 8:19:00 AM,Y,Law Enforcement,INTERNATIONAL SPEEDWAY BLVD W,,29.197587,-81.053712,,,CLYDE MORRIS BLVD S,,U.S.,Curb,Four-Way Intersection,N,Daylight,Clear,Dry,N,,Pedalcycle,On Roadway,N,Intersection,None,,,None,,,N,,,,,POLICE OFFICER,Daytona Beach Police Department,Police Department (PD),3/10/2022 1:46:00 PM,3/10/2022 1:46:00 PM,7,Y,Bicycle,Bicycle,Injury,Non-Incapacitating Injury,DAY,N,N,N,N,N,N,Y,N,N,2,1,0,1,0,0,0,0,0,0,0,1,1,0,1,0,0,1,0,0,0,0,0,0,0,N,0,0,Y,0,0,1,0,0,0,1,1500,1500,0,0,0,Preliminary,Editor Mapped,494778.9045,3229877.5532,29.1975822570871,-81.0537071639154
24750930,2022,31-MAR-2022 09:11 PM,31-MAR-2022 12:00 AM,2022-00112651,L,1,3,7,46,Orange,Orlando,Urban,3/31/2022 9:11:00 PM,3/31/2022 9:19:00 PM,3/31/2022 9:21:00 PM,3/31/2022 10:23:00 PM,Y,Law Enforcement,MAJOR BV,,,,468,South,VINELAND RD,,Local,Curb,T-Intersection,,Dark - Lighted,Clear,Dry,N,Angle,Pedestrian,On Roadway,Y,Intersection,None,,,None,,,N,,,,,OFC.,Orlando Police Department,Police Department (PD),4/22/2022 2:00:00 PM,4/22/2022 2:00:00 PM,22,Y,Pedestrian,Pedestrian,Injury,Non-Incapacitating Injury,NIGHT,N,N,N,N,N,N,Y,N,N,2,1,0,1,0,0,0,0,0,0,0,1,1,0,1,0,0,1,0,0,0,0,0,0,0,N,0,0,Y,0,0,0,0,0,0,1,200,200,0,0,0,Preliminary,Editor Mapped,455462.3231,3150639.8882,28.4816181121596,-81.4550117744148
24759060,2022,30-APR-2022 03:45 PM,30-APR-2022 12:00 AM,CW22-59636,L,1,2,4,36,Pinellas,Clearwater,Urban,4/30/2022 3:45:00 PM,4/30/2022 3:45:00 PM,4/30/2022 3:48:00 PM,4/30/2022 4:00:00 PM,Y,Law Enforcement,S MISSOURI AVE,,27.949746,-82.787584,0,,LAKEVIEW RD,,Local,Curb,Four-Way Intersection,N,Daylight,Clear,Dry,N,,Pedalcycle,On Roadway,N,Intersection-Related,None,,,None,,,N,,,,,OFC.,Clearwater Police Department,Police Department (PD),5/4/2022 1:37:00 PM,5/4/2022 1:37:00 PM,4,Y,Bicycle,Bicycle,Injury,Non-Incapacitating Injury,DAY,N,N,N,N,N,N,Y,N,N,1,1,0,1,0,0,0,0,0,0,0,1,1,0,1,1,0,0,0,0,0,0,0,0,0,N,0,0,Y,0,0,1,0,0,0,1,1000,1000,1,0,0,Preliminary,Editor Mapped,324144.6343,3092921.6101,27.949746825279,-82.7875638310234
24760107,2022,29-JAN-2022 07:11 PM,29-JAN-2022 12:00 AM,22-000426,L,1,2,6,64,Palm Beach,Lantana,Urban,1/29/2022 7:11:00 PM,1/29/2022 7:30:00 PM,1/29/2022 7:43:00 PM,1/29/2022 7:53:00 PM,Y,Law Enforcement,HYPOLUXO RD,,,,0,,I 95,,County,Unpaved,Four-Way Intersection,N,Dark - Lighted,Clear,Dry,N,Other,Pedestrian,On Roadway,N,Intersection,None,,,None,,,N,,,,,,Lantana Police Department,Police Department (PD),2/21/2022 11:21:00 PM,2/21/2022 11:21:00 PM,23,Y,Pedestrian,Pedestrian,Injury,Non-Incapacitating Injury,NIGHT,N,N,N,N,N,N,Y,N,N,1,1,0,1,0,0,0,0,0,0,0,1,1,0,1,0,0,0,0,0,0,0,0,0,0,N,0,0,Y,0,0,0,0,0,0,0,0,0,0,0,0,Preliminary,Editor Mapped,592735.4072,2939409.7052,26.5723688777464,-80.0688315704065
24785207,2022,05-JAN-2022 02:15 PM,05-JAN-2022 12:00 AM,2201050001032,L,1,2,1,66,Miami-Dade,Miami,Urban,1/5/2022 2:30:00 PM,1/5/2022 2:52:00 PM,1/5/2022 3:06:00 PM,1/5/2022 4:45:00 PM,N,Law Enforcement,BISCAYNE BLVD,,25.800157,-80.189153,0,,NE 24TH ST,,State,Paved,Four-Way Intersection,N,Daylight,Clear,Dry,N,,Pedalcycle,On Roadway,N,Intersection,None,,,None,,,N,,,,,POLICE,Miami Police Department,Police Department (PD),1/7/2022 1:38:00 PM,1/7/2022 1:38:00 PM,2,Y,Bicycle,Bicycle,Injury,Possible Injury,DAY,N,N,N,N,N,Y,Y,N,N,0,1,1,0,0,0,0,0,0,0,0,1,1,0,1,0,0,0,0,0,0,0,0,0,0,N,0,0,Y,0,0,0,0,0,0,1,0,0,0,0,0,Preliminary,Editor Mapped,581294.7426,2853806.8334,25.80018983934,-80.1890673604595
24785445,2022,10-JAN-2022 07:02 AM,10-JAN-2022 12:00 AM,2201100002067,L,1,2,1,66,Miami-Dade,Miami,Urban,1/10/2022 7:21:00 AM,1/10/2022 7:30:00 AM,1/10/2022 7:40:00 AM,1/10/2022 9:30:00 AM,Y,Law Enforcement,SE 2ND AVE,,25.772584,-80.190178,0,,SE 2ND ST,,Local,Paved,Four-Way Intersection,N,Daylight,Clear,Dry,N,,Pedalcycle,On Roadway,Y,Through Roadway,None,,,None,,,N,,,,,OFFICER,Miami Police Department,Police Department (PD),1/19/2022 1:46:00 PM,1/19/2022 1:46:00 PM,9,Y,Bicycle,Bicycle,Injury,Possible Injury,DAY,N,N,N,N,N,N,N,N,N,1,1,1,0,0,0,0,0,0,0,0,1,1,0,1,0,0,0,0,0,0,0,0,0,0,N,0,0,Y,0,0,1,0,0,0,1,2000,2000,1,0,0,Preliminary,Editor Mapped,581203.2481,2850747.8224,25.7725744405139,-80.1901675843616
24785563,2022,11-JAN-2022 08:50 PM,11-JAN-2022 12:00 AM,2201110002512,L,1,2,1,66,Miami-Dade,Miami,Urban,1/11/2022 8:56:00 PM,1/11/2022 8:17:00 PM,1/11/2022 9:36:00 PM,1/11/2022 10:40:00 PM,N,Law Enforcement,SE 1ST ST,,25.773434,-80.190175,11,North,SE 2ND AVE,,Local,Paved,Not at Intersection,N,Dark - Lighted,Rain,Wet,N,,Pedestrian,On Roadway,N,Non-Junction,None,,,None,,,N,,,,,OFFICER,Miami Police Department,Police Department (PD),1/19/2022 1:46:00 PM,1/19/2022 1:46:00 PM,8,Y,Pedestrian,Pedestrian,Injury,Possible Injury,NIGHT,N,N,N,N,N,Y,N,N,N,0,1,1,0,0,0,0,0,0,0,0,1,1,0,1,0,0,0,0,0,0,0,0,0,0,N,0,0,Y,0,0,0,0,0,0,0,0,0,0,0,0,Preliminary,Editor Mapped,581201.5561,2850842.7494,25.7734316528354,-80.1901786392383
24786385,2022,25-JAN-2022 10:00 AM,25-JAN-2022 12:00 AM,2201250005769,L,1,3,1,66,Miami-Dade,Miami,Urban,1/25/2022 10:06:00 AM,1/25/2022 10:09:00 AM,1/25/2022 10:20:00 AM,1/25/2022 11:16:00 AM,Y,Law Enforcement,NW 3RD ST,,25.776974,-80.195264,0,,NW 1ST AVE,,Local,Curb,T-Intersection,N,Daylight,Clear,Dry,N,,Pedestrian,On Roadway,N,Intersection,None,,,None,,,N,,,,,PSA,Miami Police Department,Police Department (PD),1/26/2022 1:40:00 PM,1/26/2022 1:40:00 PM,1,Y,Pedestrian,Pedestrian,Injury,Non-Incapacitating Injury,DAY,N,N,N,N,N,N,Y,N,N,2,1,0,1,0,0,0,0,0,0,0,1,1,0,1,0,0,1,0,0,0,0,0,0,0,N,0,0,Y,0,0,1,0,1,400,1,500,900,1,0,0,Preliminary,Editor Mapped,580682.5075,2851241.229,25.7770583355675,-80.1953304231711
24787300,2022,06-FEB-2022 12:23 PM,06-FEB-2022 12:00 AM,2202060008940,L,1,2,1,66,Miami-Dade,Miami,Urban,2/6/2022 12:23:00 PM,2/6/2022 12:23:00 PM,2/6/2022 12:23:00 PM,2/6/2022 2:00:00 PM,Y,Law Enforcement,S MIAMI AVE,,25.767367,-80.193338,0,,SW 7TH ST,,Local,Paved,Four-Way Intersection,N,Daylight,Clear,Dry,N,,Pedalcycle,On Roadway,N,Intersection,None,,,None,,,N,,,,,PSA,Miami Police Department,Police Department (PD),2/9/2022 1:43:00 PM,2/9/2022 1:43:00 PM,3,N,Bicycle,Bicycle,No Injury,No Injury,DAY,N,N,N,N,N,N,Y,N,N,2,0,0,0,0,0,0,0,0,0,0,1,1,0,1,1,0,0,0,0,0,0,0,0,0,N,0,0,Y,0,0,1,0,0,0,1,500,500,1,0,0,Preliminary,Editor Mapped,580889.1943,2850168.5276,25.7673612382275,-80.1933347280472
24788234,2022,22-FEB-2022 02:22 PM,22-FEB-2022 12:00 AM,2202220013094,L,1,3,1,66,Miami-Dade,Miami,Urban,2/22/2022 2:24:00 PM,2/22/2022 2:25:00 PM,2/22/2022 2:37:00 PM,2/22/2022 2:37:00 PM,Y,Law Enforcement,BISCAYNE BLVD,,25.797114,-80.189054,0,,NE 21ST ST,,County,Curb,Four-Way Intersection,N,Daylight,Clear,Dry,N,,Pedalcycle,On Roadway,N,Intersection-Related,None,,,None,,,N,,,,,OFFICER,Miami Police Department,Police Department (PD),2/24/2022 1:44:00 PM,2/24/2022 1:44:00 PM,2,N,Bicycle,Bicycle,No Injury,No Injury,DAY,N,N,N,N,N,N,Y,N,N,3,0,0,0,0,0,0,0,0,0,0,1,1,0,1,0,0,1,0,0,0,0,0,0,0,N,0,0,Y,0,0,0,0,0,0,1,300,300,0,0,0,Preliminary,Editor Mapped,581298.1651,2853466.2252,25.7971142283432,-80.189054151604
24788637,2022,28-FEB-2022 05:40 PM,28-FEB-2022 12:00 AM,2202280014672,L,1,2,1,66,Miami-Dade,Miami,Urban,2/28/2022 5:40:00 PM,2/28/2022 5:45:00 PM,2/28/2022 5:50:00 PM,2/28/2022 5:57:00 PM,Y,Law Enforcement,NW 3RD AVE,,25.788121,-80.199921,0,,NW 14TH ST,,Local,Paved,Four-Way Intersection,N,Daylight,Clear,Dry,N,,Other Non-Fixed Object,On Roadway,N,Intersection-Related,None,,,None,,,N,,,,,POLICE OFFICER,Miami Police Department,Police Department (PD),3/21/2022 1:33:00 PM,3/21/2022 1:33:00 PM,21,N,Single Vehicle,Other,No Injury,No Injury,DAY,N,N,N,N,N,N,Y,N,N,2,0,0,0,0,0,0,0,0,0,0,1,1,0,1,0,0,0,0,0,0,0,0,0,0,N,0,0,Y,0,0,0,0,0,0,0,0,0,0,0,0,Preliminary,Editor Mapped,580214.1806,2852458.9231,25.78807894949,-80.1999270563861
24789838,2022,17-MAR-2022 08:20 PM,17-MAR-2022 12:00 AM,2203170019256,L,1,2,1,66,Miami-Dade,Miami,Urban,3/17/2022 8:21:00 PM,3/17/2022 8:21:00 PM,3/17/2022 8:22:00 PM,3/17/2022 10:40:00 PM,Y,Law Enforcement,NE 17TH TER,,25.792329,-80.189066,50,West,BISCAYNE BLVD,,Local,Curb,Not at Intersection,N,Dark - Lighted,Clear,Dry,N,,Other Non-Fixed Object,On Roadway,N,Other,None,,,None,,,N,,,,,OFC,Miami Police Department,Police Department (PD),3/19/2022 1:37:00 PM,3/19/2022 1:37:00 PM,2,Y,Single Vehicle,Other,No Injury,No Injury,NIGHT,N,Y,N,N,N,N,N,N,N,2,0,0,0,0,0,0,0,0,0,0,1,1,0,1,0,0,0,0,0,0,0,0,0,0,N,0,0,Y,0,0,1,0,0,0,1,100,100,0,0,0,Preliminary,Editor Mapped,581296.195,2852936.7153,25.7923332828433,-80.1891063297834
24789946,2022,18-MAR-2022 09:45 PM,18-MAR-2022 12:00 AM,2203180019557,L,1,1,1,66,Miami-Dade,Miami,Urban,3/18/2022 9:52:00 PM,3/18/2022 9:52:00 PM,3/18/2022 9:57:00 PM,3/18/2022 10:45:00 PM,Y,Law Enforcement,NE 35TH ST,,25.80937,-80.189642,0,,BISCAYNE BLVD,,Local,Paved,T-Intersection,N,Dark - Lighted,Clear,Dry,N,,Pedalcycle,On Roadway,N,Crossover-Related,None,,,None,,,N,,,,,OFFICER,Miami Police Department,Police Department (PD),3/22/2022 1:46:00 PM,3/22/2022 1:46:00 PM,4,N,Bicycle,Bicycle,No Injury,No Injury,NIGHT,N,N,N,N,N,N,N,N,N,1,0,0,0,0,0,0,0,0,0,0,1,1,0,0,0,0,0,0,0,0,0,0,0,0,N,0,0,Y,0,0,0,0,0,0,0,0,0,0,0,0,Preliminary,Editor Mapped,581233.739,2854966.154,25.8106609643076,-80.1896046328287
24790160,2022,22-MAR-2022 10:03 AM,22-MAR-2022 12:00 AM,2203220020441,L,1,2,1,66,Miami-Dade,Miami,Urban,3/22/2022 10:03:00 AM,3/22/2022 10:03:00 AM,3/22/2022 10:35:00 AM,3/22/2022 11:36:00 AM,Y,Law Enforcement,NW 3RD AVE,,25.795433,-80.200379,0,,NW 20TH ST,,Local,Paved,Four-Way Intersection,N,Daylight,Clear,Dry,N,,Pedalcycle,On Roadway,N,Through Roadway,None,,,None,,,N,,,,,PSA,Miami Police Department,Police Department (PD),3/23/2022 1:44:00 PM,3/23/2022 1:44:00 PM,1,N,Bicycle,Bicycle,No Injury,No Injury,DAY,N,N,N,N,N,N,N,N,N,2,0,0,0,0,0,0,0,0,0,0,1,1,0,1,0,0,0,0,0,0,0,0,0,0,N,0,0,Y,0,0,0,0,0,0,1,100,100,0,0,0,Preliminary,Editor Mapped,580157.5917,2853279.0525,25.7954871953681,-80.2004417743865
24790289,2022,24-MAR-2022 05:00 PM,24-MAR-2022 12:00 AM,2203240021110,L,1,2,1,66,Miami-Dade,Miami,Urban,3/24/2022 5:13:00 PM,3/24/2022 5:35:00 PM,3/24/2022 5:40:00 PM,3/24/2022 6:45:00 PM,Y,Law Enforcement,BISCAYNE BLVD,5255,25.824506,-80.186751,57,North,,,Parking Lot,Paved,Not at Intersection,N,Daylight,Clear,Dry,N,,Pedestrian,On Roadway,N,Non-Junction,None,,,None,,,N,,,,,OFFICER,Miami Police Department,Police Department (PD),3/25/2022 1:34:00 PM,3/25/2022 1:34:00 PM,1,N,Pedestrian,Pedestrian,No Injury,No Injury,DAY,N,N,N,N,N,N,N,N,N,1,0,0,0,0,0,0,0,0,0,0,1,1,0,1,0,0,0,0,0,0,0,0,0,0,N,0,0,Y,0,0,0,0,1,350,0,0,350,0,0,0,Preliminary,Editor Mapped,581508.2844,2856506.0312,25.8245494916049,-80.1867710044198
24791149,2022,04-JAN-2022 10:40 AM,04-JAN-2022 12:00 AM,22000254,L,1,3,18,41,Lee,Cape Coral,Urban,1/4/2022 10:40:00 AM,1/4/2022 10:42:00 AM,1/4/2022 10:54:00 AM,1/4/2022 11:50:00 AM,Y,Law Enforcement,CR867A (DEL PRADO BLVD S),,,,232,North,SE 12TH ST,,County,Curb,Not at Intersection,Y,Daylight,Clear,Dry,N,Angle,Pedalcycle,On Roadway,N,Driveway/Alley Access Related,None,,,None,,,N,,,,,POLICE OFFICER,Cape Coral Police Department,Police Department (PD),1/10/2022 1:30:00 PM,1/10/2022 1:30:00 PM,6,N,Bicycle,Bicycle,No Injury,No Injury,DAY,N,N,N,Y,N,N,N,N,N,3,0,0,0,0,0,0,0,0,0,0,1,1,0,1,0,0,1,0,0,0,0,0,0,0,N,0,0,Y,0,0,0,0,1,400,1,1500,1900,0,0,0,Preliminary,Editor Mapped,406368.0708,2945826.228,26.6302373614688,-81.9406431878636
24792055,2022,24-FEB-2022 10:02 AM,24-FEB-2022 12:00 AM,22004421,S,1,3,18,41,Lee,Cape Coral,Urban,2/24/2022 10:02:00 AM,2/24/2022 10:07:00 AM,2/24/2022 10:13:00 AM,2/24/2022 10:52:00 AM,Y,Law Enforcement,SE 16TH PL,,,,10,South,HANCOCK BRIDGE PKWY,,Local,Curb,T-Intersection,N,Daylight,Clear,Dry,N,Angle,Motor Vehicle in Transport,On Roadway,N,Intersection-Related,None,,,None,,,N,,,,,POLICE OFFICER,Cape Coral Police Department,Police Department (PD),2/26/2022 1:34:00 PM,2/26/2022 1:34:00 PM,2,N,Single Vehicle,Other,No Injury,No Injury,DAY,N,N,N,Y,N,N,Y,N,N,3,0,0,0,0,0,0,0,0,0,0,2,2,0,1,0,0,0,0,0,0,0,0,0,0,N,0,0,Y,0,0,0,0,1,10,0,0,10,0,0,0,Preliminary,Computer mapped confident by address,406443.892,2948223.9994,26.6518890772774,-81.9400587712703
24792601,2022,28-MAR-2022 04:41 PM,28-MAR-2022 12:00 AM,22007166,L,1,2,18,41,Lee,Cape Coral,Urban,3/28/2022 4:41:00 PM,3/28/2022 4:52:00 PM,3/28/2022 5:07:00 PM,3/28/2022 5:30:00 PM,Y,Law Enforcement,CULTURAL PARK BLVD S,,,,75,North,SE 1ST TER,,Local,Unpaved,Not at Intersection,N,Daylight,Clear,Dry,N,Angle,Motor Vehicle in Transport,On Roadway,N,Intersection-Related,None,,,None,,,N,,,,,POLICE OFFICER,Cape Coral Police Department,Police Department (PD),3/31/2022 1:37:00 PM,3/31/2022 1:37:00 PM,3,Y,Single Vehicle,Other,Injury,Non-Incapacitating Injury,DAY,N,N,N,N,N,N,Y,N,N,1,1,0,1,0,0,0,0,0,0,0,1,1,0,1,0,0,0,0,0,0,0,0,0,0,N,0,0,Y,0,0,0,0,1,50,1,1000,1050,0,0,0,Preliminary,Editor Mapped,404595.8687,2947956.1678,26.6493471443275,-81.9586055832095
24792940,2022,17-APR-2022 01:51 PM,17-APR-2022 12:00 AM,22008965,L,1,3,18,41,Lee,Cape Coral,Urban,4/17/2022 1:51:00 PM,4/17/2022 1:53:00 PM,4/17/2022 2:01:00 PM,4/17/2022 2:30:00 PM,Y,Law Enforcement,TRAFALGAR PKWY,,,,30,South,SW 8TH PL,,Local,Curb,T-Intersection,N,Daylight,Clear,Dry,N,Angle,Pedalcycle,On Roadway,N,Intersection,None,,,None,,,N,,,,,POLICE OFFICER,Cape Coral Police Department,Police Department (PD),4/21/2022 1:51:00 PM,4/21/2022 1:51:00 PM,4,Y,Bicycle,Bicycle,Injury,Non-Incapacitating Injury,DAY,N,N,N,N,N,N,Y,N,N,2,1,0,1,0,0,0,0,0,0,0,1,1,0,1,0,0,1,0,0,0,0,0,0,0,N,0,0,Y,0,0,0,0,0,0,1,1000,1000,0,0,0,Preliminary,Editor Mapped,401213.4537,2945041.422,26.6228004649118,-81.9923601202956
24798423,2022,04-JAN-2022 04:15 PM,04-JAN-2022 12:00 AM,22022145,L,1,2,6,0,Palm Beach,Unincorporated,Rural,1/4/2022 4:17:00 PM,1/4/2022 4:18:00 PM,1/4/2022 4:27:00 PM,1/4/2022 5:00:00 PM,Y,Law Enforcement,DEL PRADO CIR S,,26.351671,-80.160115,0,,PALMETTO CIR N,,Local,Unpaved,Four-Way Intersection,N,Daylight,Clear,Dry,N,,Other Non-Fixed Object,On Roadway,Y,Intersection,None,,,None,,,N,,,,,DEPUTY,Palm Beach County Sheriff's Office,Sheriff's Office (SO),1/10/2022 1:30:00 PM,1/10/2022 1:30:00 PM,6,Y,Single Vehicle,Other,Injury,Non-Incapacitating Injury,DAY,N,N,N,N,N,N,Y,N,N,1,1,0,1,0,0,0,0,0,0,0,1,1,0,1,1,0,0,0,0,0,0,0,0,0,N,0,0,Y,0,0,0,0,1,500,1,10000,10500,1,0,0,Preliminary,Editor Mapped,583797.7575,2914902.8821,26.3516722249298,-80.1601747686598
24801170,2022,14-FEB-2022 04:30 PM,14-FEB-2022 12:00 AM,22036136,L,1,1,6,0,Palm Beach,Unincorporated,Rural,2/14/2022 4:30:00 PM,2/14/2022 4:31:00 PM,2/14/2022 4:45:00 PM,2/14/2022 6:00:00 PM,Y,Law Enforcement,ORANGE BLVD,,26.779784,-80.293682,281,East,SEMINOLE PRATT WHITNEY RD,,Local,Curb,Not at Intersection,N,Daylight,Clear,Dry,N,,Pedestrian,Outside Right-of-way,N,Driveway/Alley Access Related,None,,,None,,,N,,,,,D/S,Palm Beach County Sheriff's Office,Sheriff's Office (SO),2/16/2022 1:40:00 PM,2/16/2022 1:40:00 PM,2,Y,Pedestrian,Pedestrian,No Injury,No Injury,DAY,N,N,N,N,N,Y,N,N,N,1,0,0,0,0,0,0,0,0,0,0,1,1,0,0,0,0,0,0,0,0,0,0,0,0,N,0,0,Y,0,0,0,0,0,0,0,0,0,0,0,0,Preliminary,Editor Mapped,570211.781,2962236.7004,26.7797572393935,-80.2937097820043
24801835,2022,24-FEB-2022 06:40 AM,24-FEB-2022 12:00 AM,22039441,L,1,2,6,62,Palm Beach,Lake Worth,Urban,2/24/2022 6:40:00 AM,2/24/2022 6:40:00 AM,2/24/2022 6:42:00 AM,2/24/2022 7:30:00 AM,Y,Law Enforcement,8TH AVE N,,26.625108,-80.057153,0,,N DIXIE HWY,,Local,Paved,T-Intersection,N,Daylight,Clear,Dry,N,,Pedestrian,On Roadway,N,Crossover-Related,None,,,None,,,N,,,,,DEPUTY,Palm Beach County Sheriff's Office,Sheriff's Office (SO),3/5/2022 1:40:00 PM,3/5/2022 1:40:00 PM,9,Y,Pedestrian,Pedestrian,Injury,Possible Injury,NIGHT,N,N,N,N,N,N,N,N,N,1,1,1,0,0,0,0,0,0,0,0,1,1,0,1,0,0,0,0,0,0,0,0,0,0,N,0,0,Y,0,0,0,0,0,0,1,10,10,1,0,0,Preliminary,Editor Mapped,593880.1578,2945263.7352,26.625142751236,-80.0569050216431
24806632,2022,24-JUL-2022 05:10 PM,24-JUL-2022 12:00 AM,22-07-04450,L,2,2,10,62,Broward,Miramar,Urban,7/24/2022 5:14:00 PM,7/24/2022 5:16:00 PM,7/24/2022 5:18:00 PM,7/24/2022 6:37:00 PM,Y,Law Enforcement,W FICUS DR,,25.976154,-80.217083,137,West,E LAKE RD,,Local,Unpaved,Not at Intersection,N,Daylight,Clear,Dry,N,,Pedalcycle,On Roadway,N,Non-Junction,None,,,None,,,N,,,,,CSA,Miramar Police Department,Police Department (PD),8/1/2022 1:30:00 PM,8/1/2022 1:30:00 PM,8,Y,Bicycle,Bicycle,Serious Injury,Incapacitating Injury,DAY,N,N,N,N,N,N,N,Y,N,0,2,0,1,1,0,0,0,0,0,0,1,1,0,1,0,0,0,0,0,0,0,0,0,0,N,0,0,Y,0,0,1,0,2,10200,2,26000,36200,2,0,0,Preliminary,Editor Mapped,578369.8552,2873274.5424,25.9761265640337,-80.2170829598865
24808922,2022,30-APR-2022 10:52 AM,30-APR-2022 12:00 AM,22003861,L,1,2,4,46,Pinellas,Largo,Urban,4/30/2022 10:52:00 AM,4/30/2022 11:02:00 AM,4/30/2022 11:09:00 AM,4/30/2022 11:51:00 AM,Y,Law Enforcement,EAST BAY DR,,,,0,,CENTRAL PARK DR,,State,Paved,Four-Way Intersection,N,Daylight,Clear,Dry,N,Other,Pedestrian,On Roadway,N,Intersection,None,,,None,,,N,,,,,OFFICER,Largo Police Department,Police Department (PD),5/4/2022 1:37:00 PM,5/4/2022 1:37:00 PM,4,Y,Pedestrian,Pedestrian,Injury,Non-Incapacitating Injury,DAY,N,N,N,N,N,N,Y,N,N,1,1,0,1,0,0,0,0,0,0,0,1,1,0,1,1,0,0,0,0,0,0,0,0,0,N,0,0,Y,0,0,1,0,0,0,1,500,500,1,0,0,Preliminary,Editor Mapped,324504.3564,3089229.5095,27.9164804546137,-82.7833615462332
24811849,2022,25-FEB-2022 09:19 AM,25-FEB-2022 12:00 AM,2022-00037492,L,1,2,13,50,Leon,Tallahassee,Urban,2/25/2022 9:19:00 AM,2/25/2022 9:19:00 AM,2/25/2022 9:35:00 AM,2/25/2022 9:55:00 AM,Y,Law Enforcement,MERIDIAN ST N,2200,30.474451,-84.278892,,,,,Parking Lot,Curb,Not at Intersection,N,Daylight,Clear,Dry,N,,Pedalcycle,Off Roadway,N,Non-Junction,None,,,None,,,N,,,,,CST,Tallahassee Police Department,Police Department (PD),3/1/2022 1:48:00 PM,3/1/2022 1:48:00 PM,4,Y,Bicycle,Bicycle,Injury,Non-Incapacitating Injury,DAY,N,N,N,N,N,N,N,N,N,1,1,0,1,0,0,0,0,0,0,0,1,1,0,1,0,0,0,0,0,0,0,0,0,0,N,0,0,Y,0,0,0,0,0,0,1,300,300,0,0,0,Preliminary,Editor Mapped,185189.9495,3375931.649,30.4744497651962,-84.2788878194595
24812282,2022,15-MAR-2022 01:26 PM,04-APR-2022 12:00 AM,2022-00050325,L,1,2,13,50,Leon,Tallahassee,Urban,3/15/2022 1:26:00 PM,3/15/2022 1:27:00 PM,3/15/2022 1:30:00 PM,3/15/2022 3:16:00 PM,Y,Law Enforcement,W PENSACOLA ST,,30.440611,-84.316933,0,,N OCALA RD,,Local,Paved,Four-Way Intersection,Y,Daylight,Rain,Wet,N,,Pedestrian,On Roadway,N,Intersection-Related,None,,,Weather Conditions,Other,,N,,,,,DETECTIVE,Tallahassee Police Department,Police Department (PD),3/16/2022 1:44:00 PM,4/21/2022 1:51:00 PM,1,Y,Pedestrian,Pedestrian,Serious Injury,Incapacitating Injury,DAY,N,N,N,N,N,N,Y,N,N,1,1,0,0,1,0,0,0,0,0,0,1,1,0,1,0,0,0,0,0,0,0,0,0,0,N,0,0,Y,1,0,0,0,0,0,1,500,500,1,0,0,Verified,n/a,181381.2131,3372284.4712,30.4405900932402,-84.3173873775142
24814677,2022,20-JUL-2022 08:37 AM,20-JUL-2022 12:00 AM,2022-00136414,L,1,2,13,50,Leon,Tallahassee,Urban,7/20/2022 8:37:00 AM,7/20/2022 8:37:00 AM,7/20/2022 8:37:00 AM,7/20/2022 9:15:00 AM,Y,Law Enforcement,HARTSFIELD RD,,30.469392,-84.353647,275,East,COMMONWEALTH BUSINESS DR,,Local,Curb,Not at Intersection,N,Daylight,Clear,Dry,N,,Pedestrian,Shoulder,N,Non-Junction,None,,,None,,,N,,,,,OFFICER,Tallahassee Police Department,Police Department (PD),7/21/2022 1:37:00 PM,7/21/2022 1:37:00 PM,1,Y,Pedestrian,Pedestrian,Injury,Possible Injury,DAY,N,N,N,N,N,N,N,N,N,1,1,1,0,0,0,0,0,0,0,0,1,1,0,1,0,0,0,0,0,0,0,0,0,0,N,0,0,Y,0,0,0,0,0,0,0,0,0,0,0,0,Preliminary,Editor Mapped,177991.9806,3375580.8825,30.4693843161554,-84.3536427290678
24817524,2022,30-NOV-2022 02:11 PM,05-APR-2023 12:00 AM,2022-00220753,L,1,2,13,50,Leon,Tallahassee,Urban,11/30/2022 2:11:00 PM,11/30/2022 2:12:00 PM,11/30/2022 2:25:00 PM,11/30/2022 3:15:00 PM,Y,Law Enforcement,W CALL ST,,30.446737,-84.306495,0,,STADIUM DR,,Local,Paved,Four-Way Intersection,N,Daylight,Cloudy,Wet,N,,Other Non-Fixed Object,On Roadway,N,Intersection,Road Surface Condition,None,,Weather Conditions,,,N,,,,,OFFICER,Tallahassee Police Department,Police Department (PD),12/4/2022 2:43:00 PM,4/29/2023 2:50:00 PM,4,Y,Single Vehicle,Other,Injury,Non-Incapacitating Injury,DAY,N,N,N,N,N,Y,Y,N,N,1,1,0,1,0,0,0,0,0,0,0,1,1,0,1,0,1,0,0,0,0,0,0,0,0,N,0,0,Y,0,0,0,0,1,300,1,0,300,0,0,0,Preliminary,Editor Mapped,182443.5541,3372925.6247,30.4466467894079,-84.3065371703457
24820318,2022,21-JUN-2022 01:40 PM,21-JUN-2022 12:00 AM,2022-00012593,L,1,1,42,62,Martin,Stuart,Urban,6/21/2022 1:40:00 PM,6/21/2022 1:43:00 PM,6/21/2022 1:46:00 PM,6/21/2022 2:00:00 PM,Y,Law Enforcement,S COLORADO AVE,,27.194855,-80.252846,0,,SE 6TH ST,,State,Curb,T-Intersection,N,Daylight,Clear,Dry,N,,Pedalcycle,On Roadway,N,Intersection,None,,,None,,,N,,,,,OFC,Stuart Police Department,Police Department (PD),6/26/2022 2:00:00 PM,6/26/2022 2:00:00 PM,5,Y,Bicycle,Bicycle,Injury,Non-Incapacitating Injury,DAY,N,N,N,N,N,N,Y,N,N,0,1,0,1,0,0,0,0,0,0,0,1,1,0,0,0,0,0,0,0,0,0,0,0,0,N,0,0,Y,0,0,0,0,0,0,1,10,10,1,0,0,Preliminary,Editor Mapped,574003.0154,3008237.4482,27.1948495450351,-80.2528363688218
24825672,2022,20-DEC-2022 10:43 AM,20-DEC-2022 12:00 AM,22012249,L,1,2,10,31,Broward,Coral Springs,Urban,12/20/2022 10:43:00 AM,12/20/2022 10:45:00 AM,12/20/2022 10:54:00 AM,12/20/2022 10:54:00 AM,N,Law Enforcement,CORAL RIDGE DR,,,,0,,WESTVIEW DR,,County,Curb,Not at Intersection,N,Daylight,Clear,Dry,N,Other,Pedalcycle,On Roadway,N,Non-Junction,None,,,None,,,N,,,,,,Coral Springs Police Department,Police Department (PD),12/28/2022 2:55:00 PM,12/28/2022 2:55:00 PM,8,Y,Bicycle,Bicycle,Injury,Possible Injury,DAY,N,N,N,N,N,Y,N,N,N,1,1,1,0,0,0,0,0,0,0,0,1,1,0,1,0,0,0,0,0,0,0,0,0,0,N,0,0,Y,0,0,0,0,1,1000,0,0,1000,1,0,0,Preliminary,Editor Mapped,571981.5867,2908806.0084,26.2972703902511,-80.2789298905221
24846552,2022,07-APR-2022 07:00 PM,07-APR-2022 12:00 AM,2022-000595,L,1,1,48,44,Clay,Orange Park,Urban,4/7/2022 7:00:00 PM,4/7/2022 8:13:00 PM,4/7/2022 8:13:00 PM,4/7/2022 8:26:00 PM,Y,Law Enforcement,SR224 KINGSLEY AV,,,,0,,ORANGE AV,,State,Paved,Four-Way Intersection,N,Daylight,Clear,Dry,N,Angle,Pedalcycle,On Roadway,N,Intersection,None,,,None,,,N,,,,,,Orange Park Police Department,Police Department (PD),5/2/2022 11:21:00 PM,5/2/2022 11:21:00 PM,25,Y,Bicycle,Bicycle,Injury,Non-Incapacitating Injury,NIGHT,N,N,N,N,N,Y,Y,N,N,0,1,0,1,0,0,0,0,0,0,0,1,1,0,0,0,0,0,0,0,0,0,0,0,0,N,0,0,Y,0,0,0,0,0,0,0,0,0,0,0,1,Preliminary,Editor Mapped,430351.0865,3337303.3422,30.1651218121711,-81.7233328028716
24854334,2022,16-AUG-2022 03:37 PM,16-AUG-2022 12:00 AM,22-044194,L,1,2,16,50,Sarasota,Sarasota,Urban,8/16/2022 3:38:00 PM,8/16/2022 3:38:00 PM,8/16/2022 3:39:00 PM,8/16/2022 4:15:00 PM,Y,Law Enforcement,ADAMS LANE,,,,0,,S. WASHINGTON BLVD,,Local,Paved,T-Intersection,,Daylight,Clear,Dry,N,Angle,Pedalcycle,On Roadway,N,Intersection,None,,,None,,,N,,,,,OFC.,Sarasota Police Department,Police Department (PD),8/23/2022 1:49:00 PM,8/23/2022 1:49:00 PM,7,Y,Bicycle,Bicycle,Injury,Non-Incapacitating Injury,DAY,N,N,N,N,N,N,Y,N,N,1,1,0,1,0,0,0,0,1,0,0,1,1,0,1,0,0,0,0,0,0,0,0,0,0,N,0,0,Y,0,0,0,0,2,200,0,0,200,0,0,0,Preliminary,Editor Mapped,348554.9292,3024425.0886,27.3345977838328,-82.530881536498
24854444,2022,23-AUG-2022 12:30 PM,23-AUG-2022 12:00 AM,22-045539,L,1,2,16,50,Sarasota,Sarasota,Urban,8/23/2022 12:31:00 PM,8/23/2022 12:31:00 PM,8/23/2022 12:35:00 PM,8/23/2022 12:55:00 PM,Y,Motorist,FRUITVILLE RD.,,,,495,West,BENEVA,,State,Paved,Other,,Daylight,Clear,Dry,N,Angle,Pedalcycle,On Roadway,N,Driveway/Alley Access Related,None,,,None,,,N,,,,,OFC.,Sarasota Police Department,Police Department (PD),9/16/2022 1:41:00 PM,9/16/2022 1:41:00 PM,24,Y,Bicycle,Bicycle,Injury,Non-Incapacitating Injury,DAY,N,N,N,N,N,N,N,N,N,1,1,0,1,0,0,0,0,1,0,0,1,1,0,1,0,0,0,0,0,0,0,0,0,0,N,0,0,Y,0,0,1,0,0,0,0,0,0,0,0,0,Preliminary,Editor Mapped,351722.5472,3024721.7557,27.3376223810272,-82.4989066850465
24856557,2022,24-AUG-2022 10:50 PM,24-AUG-2022 12:00 AM,2022006790,L,1,2,15,32,Manatee,Bradenton,Urban,8/24/2022 10:50:00 PM,8/24/2022 10:51:00 PM,8/24/2022 11:00:00 PM,8/24/2022 11:59:00 PM,Y,Law Enforcement,9TH AVE W,,27.491731,-82.564189,0,,2ND ST W,,Local,Curb,Four-Way Intersection,N,Dark - Lighted,Clear,Dry,N,,Pedalcycle,On Roadway,N,Intersection,None,,,None,,,N,,,,,OFFICER,Bradenton Police Department,Police Department (PD),10/26/2022 4:36:00 PM,10/26/2022 4:36:00 PM,63,Y,Bicycle,Bicycle,Injury,Non-Incapacitating Injury,NIGHT,N,N,N,N,N,N,Y,N,N,1,1,0,1,0,0,0,0,0,0,0,1,1,0,1,0,0,0,0,0,0,0,0,0,0,N,0,0,Y,0,0,1,0,0,0,1,100,100,1,0,0,Preliminary,Editor Mapped,345479.0042,3041873.8922,27.4917237011668,-82.5641820485204
24856681,2022,23-NOV-2022 05:22 AM,23-NOV-2022 12:00 AM,2022-009384,L,1,2,15,32,Manatee,Bradenton,Urban,11/23/2022 5:24:00 AM,11/23/2022 5:25:00 AM,11/23/2022 5:57:00 AM,11/23/2022 8:40:00 AM,Y,Law Enforcement,1ST ST,,27.497067,-82.562956,157,North,3RD AVE W,,State,Curb,Not at Intersection,Y,Dark - Not Lighted,Cloudy,Dry,N,,Pedalcycle,On Roadway,N,Through Roadway,None,,,Other,None,,N,,,,,OFFICER,Bradenton Police Department,Police Department (PD),12/24/2022 2:47:00 PM,12/24/2022 2:47:00 PM,31,Y,Bicycle,Bicycle,Fatality,Fatal (within 30 days),NIGHT,N,N,N,N,N,N,N,N,N,1,0,0,0,0,1,1,0,0,0,0,1,1,0,1,0,0,0,0,0,0,0,0,0,0,N,0,0,Y,0,1,1,0,0,0,1,1000,1000,1,0,0,Verified,n/a,345608.1557,3042305.2131,27.4956308797989,-82.5629300516927
24857102,2022,23-APR-2022 10:58 AM,02-MAY-2022 12:00 AM,22002081,L,1,2,1,29,Miami-Dade,Aventura,Urban,4/23/2022 11:04:00 AM,4/23/2022 11:04:00 AM,4/23/2022 11:06:00 AM,4/23/2022 11:30:00 AM,Y,Motorist,BISCAYNE BLVD,,,,0,,NE 186TH ST,,State,Curb,Four-Way Intersection,N,Daylight,Clear,Dry,N,Angle,Motor Vehicle in Transport,On Roadway,N,Non-Junction,None,,,None,,,N,,,,,POLICE OFFICER,Aventura Police Department,Police Department (PD),4/26/2022 1:40:00 PM,5/3/2022 1:45:00 PM,3,Y,Single Vehicle,Other,Injury,Non-Incapacitating Injury,DAY,N,N,N,N,N,Y,N,N,N,1,1,0,1,0,0,0,0,0,0,0,1,1,0,1,1,0,0,0,0,0,0,0,0,0,N,0,0,Y,0,0,1,0,0,0,0,0,0,0,0,0,Preliminary,Editor Mapped,585390.1819,2870119.6075,25.9472445782122,-80.1471610137636
24857753,2022,10-SEP-2022 01:06 PM,10-SEP-2022 12:00 AM,22004467,L,1,3,1,29,Miami-Dade,Aventura,Urban,9/10/2022 1:06:00 PM,9/10/2022 1:07:00 PM,9/10/2022 1:18:00 PM,9/10/2022 2:03:00 PM,Y,Law Enforcement,BISCAYNE BLVD,21300,,,0,,,,Local,Paved,T-Intersection,N,Daylight,Clear,Dry,N,Other,Motor Vehicle in Transport,On Roadway,N,Non-Junction,None,,,None,,,N,,,,,POLICE OFFICER,Aventura Police Department,Police Department (PD),9/13/2022 1:44:00 PM,9/13/2022 1:44:00 PM,3,Y,Single Vehicle,Other,Injury,Non-Incapacitating Injury,DAY,N,N,N,N,N,N,N,N,N,2,1,0,1,0,0,0,0,0,0,0,1,1,0,1,0,0,1,0,0,0,0,0,0,0,N,0,0,Y,0,0,1,0,1,50,1,100,150,1,0,0,Preliminary,Editor Mapped,585810.2584,2872985.5645,25.9730962407506,-80.1427783877227
24859154,2022,14-MAR-2022 10:23 AM,14-MAR-2022 12:00 AM,SW220314002220,L,1,2,1,90,Miami-Dade,Sweetwater,Urban,3/14/2022 10:23:00 AM,3/14/2022 10:25:00 AM,3/14/2022 10:27:00 AM,3/14/2022 10:45:00 AM,Y,Law Enforcement,112TH AVE,,,,16,South,WEST FLAGLER ST,,County,Paved,Four-Way Intersection,N,Daylight,Clear,Dry,N,,Pedestrian,On Roadway,N,Through Roadway,None,,,None,,,N,,,,,OFC,Sweetwater Police Department,Police Department (PD),3/19/2022 1:37:00 PM,3/19/2022 1:37:00 PM,5,Y,Pedestrian,Pedestrian,Injury,Possible Injury,DAY,N,N,N,N,N,N,N,N,N,1,1,1,0,0,0,0,0,0,0,0,1,1,0,1,0,0,0,0,0,0,0,0,0,0,N,0,0,Y,0,0,1,0,0,0,1,500,500,0,0,0,Preliminary,Editor Mapped,562467.8549,2850197.8074,25.7685278019649,-80.3770297366606
24861693,2022,23-FEB-2022 05:44 PM,23-FEB-2022 12:00 AM,2022-05547,L,1,2,40,0,Hernando,Unincorporated,Rural,2/23/2022 5:44:00 PM,2/23/2022 5:44:00 PM,2/23/2022 5:53:00 PM,2/23/2022 5:59:00 PM,Y,Law Enforcement,LEMA DR,,28.476879,-82.52041,0,,LINDEN DR,,County,Unpaved,Four-Way Intersection,N,Daylight,Clear,Dry,N,,Pedalcycle,On Roadway,N,Intersection-Related,None,,,None,,,N,,,,,DEPUTY,Hernando County Sheriff's Office,Sheriff's Office (SO),2/25/2022 1:37:00 PM,2/25/2022 1:37:00 PM,2,Y,Bicycle,Bicycle,Injury,Possible Injury,DAY,N,N,N,N,N,N,Y,N,N,1,1,1,0,0,0,0,0,0,0,0,1,1,0,1,1,0,0,0,0,0,0,0,0,0,N,0,0,Y,0,0,0,0,0,0,1,10,10,0,0,0,Preliminary,Editor Mapped,351164.291,3150971.0155,28.4768678532625,-82.5203980109357
24862340,2022,25-APR-2022 05:53 PM,25-APR-2022 12:00 AM,2022-12140,L,1,3,40,0,Hernando,Unincorporated,Rural,4/25/2022 5:53:00 PM,4/25/2022 5:54:00 PM,4/25/2022 6:10:00 PM,4/25/2022 6:47:00 PM,Y,Law Enforcement,WOODEN DR,,28.490829,-82.577579,36,West,PAGODA DR,,County,Unpaved,Four-Way Intersection,N,Daylight,Clear,Dry,N,,Pedalcycle,On Roadway,N,Intersection,None,,,None,,,N,,,,,DEPUTY,Hernando County Sheriff's Office,Sheriff's Office (SO),4/28/2022 1:38:00 PM,4/28/2022 1:38:00 PM,3,Y,Bicycle,Bicycle,Serious Injury,Incapacitating Injury,DAY,N,N,N,N,N,N,Y,N,N,2,1,0,0,1,0,0,0,0,0,0,2,2,0,1,0,0,0,0,0,0,0,0,0,0,N,0,0,Y,1,0,0,0,0,0,1,10000,10000,1,0,0,Preliminary,Editor Mapped,345584.6244,3152589.6539,28.4908240833759,-82.5775955484379
24863724,2022,17-DEC-2022 06:48 AM,17-DEC-2022 07:19 AM,PPPD22OFF076846,L,1,3,10,68,Broward,Pembroke Pines,Urban,12/17/2022 6:52:00 AM,12/17/2022 6:53:00 AM,12/17/2022 7:00:00 AM,12/17/2022 7:21:00 AM,Y,Law Enforcement,DOUGLAS RD,,26.0021441,-80.26288741,0,,WASHINGTON ST,,Local,Curb,Other,N,Daylight,Clear,Dry,N,Other,Pedalcycle,Off Roadway,N,Driveway/Alley Access Related,None,,,None,,,N,,,,,OFFICER,Pembroke Pines Police Department,Police Department (PD),1/26/2023 2:55:00 PM,1/26/2023 2:55:00 PM,40,Y,Bicycle,Bicycle,Injury,Possible Injury,NIGHT,N,N,N,N,N,N,N,N,N,2,1,1,0,0,0,0,0,0,0,0,1,1,0,1,0,0,1,0,0,0,0,0,0,0,N,0,0,Y,0,0,0,0,1,300,1,500,800,1,0,0,Preliminary,Editor Mapped,573719.1387,2876057.1203,26.0014946880822,-80.2633839871613
24865176,2022,23-APR-2022 03:45 PM,23-APR-2022 10:40 PM,PPPD22OFF024855,L,1,2,10,68,Broward,Pembroke Pines,Urban,4/23/2022 3:47:00 PM,4/23/2022 3:49:00 PM,4/23/2022 3:55:00 PM,4/23/2022 4:13:00 PM,Y,Law Enforcement,NW 74TH AVE,,26.0270870132498,-80.236631985864,,,NW 19TH CT,,Local,Curb,Not at Intersection,N,Daylight,Clear,Dry,N,Front to Rear,Pedalcycle,On Roadway,N,Driveway/Alley Access Related,None,,,None,,,N,,,,,OFFICER,Pembroke Pines Police Department,Police Department (PD),5/4/2022 1:37:00 PM,5/4/2022 1:37:00 PM,11,Y,Bicycle,Bicycle,Injury,Possible Injury,DAY,N,N,N,N,N,N,N,N,N,1,1,1,0,0,0,0,0,0,0,0,1,1,0,1,0,0,0,0,0,0,0,0,0,0,N,0,0,Y,0,0,0,0,0,0,1,1000,1000,1,0,0,Preliminary,Editor Mapped,576398.6166,2878912.7294,26.0271392482842,-80.2364452073907
24867007,2022,11-APR-2022 06:10 PM,11-APR-2022 12:00 AM,2022-017973,S,1,2,23,50,Bay,Panama City,Urban,4/11/2022 6:15:00 PM,4/11/2022 6:17:00 PM,4/11/2022 6:17:00 PM,4/11/2022 6:40:00 PM,Y,Law Enforcement,W 23RD ST,628,30.18981,-85.669511,,,,,Parking Lot,Curb,Not at Intersection,N,Daylight,Clear,Dry,N,,Pedalcycle,Off Roadway,N,Driveway/Alley Access Related,None,,,None,,,N,,,,,SGT,Panama City Police Department,Police Department (PD),4/20/2022 3:31:00 PM,4/20/2022 3:31:00 PM,9,N,Bicycle,Bicycle,No Injury,No Injury,DAY,N,N,N,N,N,N,N,N,N,2,0,0,0,0,0,0,0,0,0,0,1,1,0,1,0,0,0,0,0,0,0,0,0,0,N,0,0,Y,0,0,0,0,1,100,1,1500,1600,0,0,0,Preliminary,Computer plot approximate by lat/long,50248.6782999998,3349046.4191,30.1898044169035,-85.6695066516856
24870053,2022,12-OCT-2022 01:43 PM,13-OCT-2022 12:00 AM,2022001939,S,1,2,32,52,Indian River,Vero Beach,Urban,10/12/2022 1:44:00 PM,10/12/2022 1:45:00 PM,10/12/2022 1:49:00 PM,10/12/2022 2:01:00 PM,Y,Law Enforcement,21ST ST,,27.639825,-80.389392,92,West,8TH AVE,,Local,Paved,Not at Intersection,N,Daylight,Clear,Dry,N,,Pedalcycle,On Roadway,N,Through Roadway,None,,,None,,,N,,,,,LEO,Vero Beach Police Department,Police Department (PD),10/14/2022 1:49:00 PM,10/14/2022 1:49:00 PM,2,N,Bicycle,Bicycle,No Injury,No Injury,DAY,N,N,N,N,N,N,N,N,N,2,0,0,0,0,0,0,0,0,0,0,1,1,0,1,0,0,0,0,0,0,0,0,0,0,N,0,0,Y,0,0,0,0,0,0,1,200,200,0,0,0,Preliminary,Officer Mapped,560235.9183,3057453.2948,27.6398196274555,-80.3893888774659
24871349,2022,05-MAR-2022 05:23 PM,05-MAR-2022 12:00 AM,DL220001404,L,1,3,8,36,Volusia,Deland,Urban,3/5/2022 5:23:00 PM,3/5/2022 5:26:00 PM,3/5/2022 5:27:00 PM,3/5/2022 6:01:00 PM,Y,Motorist,E MINNESOTA AV,,,,22,South,S AMELIA AV,,Local,Paved,Four-Way Intersection,Y,Daylight,Clear,Dry,N,Other,Motor Vehicle in Transport,On Roadway,N,Non-Junction,None,,,None,,,N,,,,,,Deland Police Department,Police Department (PD),3/17/2022 1:37:00 PM,3/17/2022 1:37:00 PM,12,Y,Single Vehicle,Other,Injury,Non-Incapacitating Injury,DAY,N,N,N,N,N,N,N,N,N,2,1,0,1,0,0,0,0,0,0,0,1,1,0,1,0,1,1,0,0,0,0,0,0,0,N,0,0,Y,0,0,0,0,0,0,1,2000,2000,0,0,1,Preliminary,Editor Mapped,470840.6868,3211944.531,29.0353991057525,-81.2994785062039
24874548,2022,10-MAR-2022 09:42 AM,10-MAR-2022 12:00 AM,2022=00028122,L,1,2,42,41,Martin,Jensen Beach,Urban,3/10/2022 9:42:00 AM,3/10/2022 9:42:00 AM,3/10/2022 9:46:00 AM,3/10/2022 10:30:00 AM,Y,Law Enforcement,NE INDIAN RIVER DR,,27.259214,-80.231298,69,South,NE CHARDON ST,,County,Unpaved,Not at Intersection,N,Daylight,Clear,Dry,N,,Pedalcycle,On Roadway,N,Through Roadway,None,,,None,,,N,,,,,DEPUTY,Martin County Sheriff's Office,Sheriff's Office (SO),3/11/2022 1:43:00 PM,3/11/2022 1:43:00 PM,1,Y,Bicycle,Bicycle,Injury,Possible Injury,DAY,N,N,N,N,N,Y,N,N,N,0,1,1,0,0,0,0,0,0,0,0,1,1,0,1,0,0,0,0,0,0,0,0,0,0,N,0,0,Y,0,0,0,0,1,50,0,0,50,1,0,0,Preliminary,Editor Mapped,576093.2863,3015378.082,27.2591974773078,-80.2312911523995
24874696,2022,23-MAR-2022 09:10 PM,23-MAR-2022 12:00 AM,2022-00034469,L,1,3,42,0,Martin,Unincorporated,Rural,3/23/2022 9:10:00 PM,3/23/2022 9:12:00 PM,3/23/2022 9:30:00 PM,3/23/2022 10:32:00 PM,Y,Law Enforcement,NE SKYLINE DR,,27.258317,-80.235017,110,East,NE HYLINE DR,,County,Paved,Not at Intersection,N,Dark - Not Lighted,Clear,Dry,N,,Pedestrian,On Roadway,N,Through Roadway,None,,,None,,,N,,,,,DEPUTY,Martin County Sheriff's Office,Sheriff's Office (SO),3/25/2022 1:34:00 PM,3/25/2022 1:34:00 PM,2,Y,Pedestrian,Pedestrian,Injury,Possible Injury,NIGHT,N,N,N,N,N,N,N,N,N,2,1,1,0,0,0,0,0,0,0,0,1,1,0,1,0,0,1,0,0,0,0,0,0,0,N,0,0,Y,0,0,0,0,0,0,1,750,750,1,0,0,Preliminary,Editor Mapped,575726.9543,3015279.7275,27.2583298605691,-80.2349977163303
24877592,2022,06-JUL-2022 06:35 PM,06-JUL-2022 06:59 PM,SJSO22CAD149283,L,1,2,20,50,St. Johns,St. Augustine,Urban,7/6/2022 6:35:00 PM,7/6/2022 6:39:00 PM,7/6/2022 6:42:00 PM,7/6/2022 8:03:00 PM,Y,Law Enforcement,MCMILLAN,,29.91873343,-81.32508963,30,West,N PONCE DE LEON BLVD,,Local,Paved,T-Intersection,N,Daylight,Clear,Dry,N,Angle,Motor Vehicle in Transport,On Roadway,N,Intersection,None,,,None,,,N,,,,,PATROLMAN,St. Augustine Police Department,Police Department (PD),7/7/2022 1:38:00 PM,7/7/2022 1:38:00 PM,1,Y,Single Vehicle,Other,Injury,Non-Incapacitating Injury,DAY,N,N,N,N,N,N,Y,N,N,1,1,0,1,0,0,0,0,0,0,0,1,1,0,1,0,0,0,0,0,0,0,0,0,0,N,0,0,Y,0,0,1,0,0,0,1,500,500,1,0,0,Preliminary,Editor Mapped,468632.2796,3309822.5632,29.9187134057713,-81.3249650152006
