REPORT_NUMBER,CRASH_YEAR,PERSON_NUMBER,LOCATION_AT_TIME_OF_CRASH_CODE,ACTION_PRIOR_TO_CRASH_CODE,NON_MOTORIST_DESCRIPTION_CODE,CITY,STATE,ZIP_CODE,SEX,SUSPECTED_ALCOHOL_USE_CODE,ALCOHOL_TESTED_CODE,ALCOHOL_TEST_TYPE_CODE,ALCOHOL_TEST_RESULT,BLOOD_ALCOHOL_CONTENT,SUSPECTED_DRUG_USE_CODE,DRUG_TESTED_CODE,DRUG_TEST_TYPE_CODE,DRUG_TEST_RESULT,INJURY_SEVERITY,EMS_TRANSPORT_TYPE,NON_MOTORIST_ACTIONS_CIRCUMSTANCES_1,NON_MOTORIST_ACTIONS_CIRCUMSTANCES_2,SAFETY_EQUIPMENT_CODE_1,SAFETY_EQUIPMENT_CODE_2,S4_AGE_AT_TIME_OF_CRASH,S4_IS_ALCOHOL_RELATED,S4_IS_DRUG_RELATED,S4_IS_AGING,S4_IS_TEENAGER
24539024,2022,2,Intersection - Marked Crosswalk,Crossing Roadway,Other Cyclist,,,33458,,N,,,,,N,,,,Non-Incapacitating,Other,No Improper Action,,None,,,N,N,N,N
24543064,2022,3,Intersection - Unmarked Crosswalk,Crossing Roadway,Other Cyclist,,,32539,Female,N,,,,,N,,,,Possible,EMS,Failure to Yield Right-of-Way,,None,,20,N,N,N,N
24564976,2022,1,Intersection - Other,Crossing Roadway,Other Cyclist,,,32526,Male,N,Test Not Given,,,,N,Test Not Given,,,Non-Incapacitating,EMS,"Failure to Obey Traffic Signs, Signals, or Officer",,None,,15,N,N,N,Y
24637227,2022,2,Sidewalk,Walking/Cycling on Sidewalk,Other Cyclist,,,33614,Female,N,Test Not Given,,,,N,Test Not Given,,,Non-Incapacitating,Not Transported,No Improper Action,,None,,24,N,N,N,N
24877592,2022,1,Intersection - Marked Crosswalk,Crossing Roadway,Other Cyclist,,,32145,Male,N,Test Not Given,,,,N,Test Not Given,,,Non-Incapacitating,EMS,Inattentive,,None,,57,N,N,N,N
24584432,2022,6,Intersection - Other,Crossing Roadway,Other Cyclist,,,33602,Female,N,,,,,N,,,,Incapacitating,EMS,"Failure to Obey Traffic Signs, Signals, or Officer",,None,,18,N,N,N,Y
24585224,2022,2,Intersection - Unmarked Crosswalk,Crossing Roadway,Other Cyclist,,,34212,Male,N,,,,,N,,,,Possible,Not Transported,In Roadway Improperly,,None,,25,N,N,N,N
24586878,2022,4,Travel Lane - Other Location,Crossing Roadway,Other Cyclist,,,33605,Male,N,,,,,N,,,,Possible,Not Transported,Dart/Dash,,None,,23,N,N,N,N
24588722,2022,1,Intersection - Unmarked Crosswalk,Other,Other Cyclist,,,33607,Male,N,,,,,N,,,,Possible,Not Transported,Other,,None,,59,N,N,N,N
24590401,2022,3,Intersection - Marked Crosswalk,Crossing Roadway,Other Cyclist,,,34209,Male,N,,,,,N,,,,Incapacitating,EMS,Dart/Dash,,Helmet,,30,N,N,N,N
24590547,2022,5,Travel Lane - Other Location,Walking/Cycling Along Roadway With Traffic,Other Cyclist,,,33606,Male,N,,,,,N,,,,Non-Incapacitating,Not Transported,Inattentive,,Helmet,Other,35,N,N,N,N
24591625,2022,2,Intersection - Marked Crosswalk,Walking/Cycling Along Roadway With Traffic,Other Cyclist,,,33950,Male,N,,,,,N,,,,None,Not Transported,No Improper Action,,None,,30,N,N,N,N
24592374,2022,2,Intersection - Marked Crosswalk,Crossing Roadway,Other Cyclist,,,33610,Male,N,,,,,N,,,,Possible,EMS,No Improper Action,,None,,29,N,N,N,N
24596280,2022,1,Travel Lane - Other Location,In Roadway - Other,Other Cyclist,,,93720,Female,N,,,,,N,,,,Non-Incapacitating,EMS,Other,,Unknown,,69,N,N,Y,N
24597764,2022,2,Intersection - Other,Crossing Roadway,Other Cyclist,,,32920,Female,N,,,,,N,,,,Non-Incapacitating,Not Transported,Other,Entering/Exiting Parked/Standing Vehicle,None,,51,N,N,N,N
24601791,2022,2,Intersection - Marked Crosswalk,Crossing Roadway,Other Cyclist,,,33405,,N,,,,,N,,,,Non-Incapacitating,Other,Other,,None,,,N,N,N,N
24602820,2022,1,Sidewalk,Walking/Cycling on Sidewalk,Other Cyclist,,,33404,,N,,,,,N,,,,Possible,Not Transported,No Improper Action,,None,,,N,N,N,N
24603204,2022,2,Intersection - Marked Crosswalk,Crossing Roadway,Other Cyclist,,,33407,,N,,,,,N,,,,Incapacitating,EMS,No Improper Action,,None,,,N,N,N,N
24603531,2022,2,Intersection - Marked Crosswalk,Walking/Cycling on Sidewalk,Other Cyclist,,,33401,,N,,,,,N,,,,Possible,Not Transported,No Improper Action,,None,,,N,N,N,N
24604484,2022,2,Intersection - Marked Crosswalk,Crossing Roadway,Other Cyclist,,,33461,,N,,,,,N,,,,Possible,EMS,Other,,None,,,N,N,N,N
24608204,2022,2,Intersection - Marked Crosswalk,Crossing Roadway,Other Cyclist,,,33032,Male,N,,,,,N,,,,None,EMS,Failure to Yield Right-of-Way,,None,,63,N,N,N,N
24615845,2022,2,Intersection - Other,In Roadway - Other,Other Cyclist,,,33823,Male,N,,,,,N,,,,Incapacitating,EMS,In Roadway Improperly,,None,,2,N,N,N,N
24618605,2022,2,Intersection - Marked Crosswalk,Walking/Cycling on Sidewalk,Other Cyclist,,,33324,Female,N,,,,,N,,,,Non-Incapacitating,Not Transported,No Improper Action,,None,,14,N,N,N,N
24618605,2022,3,Intersection - Marked Crosswalk,Walking/Cycling on Sidewalk,Other Cyclist,,,33324,Female,N,,,,,N,,,,Non-Incapacitating,Not Transported,Other,,None,,7,N,N,N,N
24632877,2022,2,Sidewalk,Crossing Roadway,Other Cyclist,,,32640,Male,N,Test Not Given,,,,N,Test Not Given,,,Possible,Not Transported,Other,,None,,37,N,N,N,N
24633440,2022,2,Intersection - Marked Crosswalk,Crossing Roadway,Other Cyclist,,,33618,Male,N,Test Not Given,,,,N,Test Not Given,,,None,Not Transported,No Improper Action,,None,,16,N,N,N,Y
24637883,2022,1,Travel Lane - Other Location,Crossing Roadway,Other Cyclist,,,33614,Male,N,Test Not Given,,,,N,Test Not Given,,,Non-Incapacitating,EMS,Dart/Dash,,None,,20,N,N,N,N
24638588,2022,2,Other,Other,Other Cyclist,,,33625,Male,N,Test Not Given,,,,N,Test Not Given,,,Non-Incapacitating,Not Transported,Other,,None,,44,N,N,N,N
24641107,2022,2,Travel Lane - Other Location,Crossing Roadway,Other Cyclist,,,33607,Male,N,Test Not Given,,,,N,Test Not Given,,,Non-Incapacitating,EMS,Failure to Yield Right-of-Way,,None,,15,N,N,N,Y
24642773,2022,2,Bicycle Lane,Walking/Cycling Along Roadway With Traffic,Other Cyclist,,,33617,Male,N,Test Not Given,,,,N,Test Not Given,,,None,Not Transported,No Improper Action,,None,,26,N,N,N,N
24645179,2022,3,Intersection - Marked Crosswalk,Crossing Roadway,Other Cyclist,,,33579,Female,N,Test Not Given,,,,N,Test Not Given,,,Non-Incapacitating,EMS,No Improper Action,,None,,45,N,N,N,N
24647358,2022,2,Sidewalk,Walking/Cycling on Sidewalk,Other Cyclist,,,33569,Male,N,Test Not Given,,,,N,Test Not Given,,,Non-Incapacitating,Other,Dart/Dash,,None,,7,N,N,N,N
24662159,2022,2,Sidewalk,Walking/Cycling on Sidewalk,Other Cyclist,,,33020,,N,,,,,N,,,,Incapacitating,Not Transported,No Improper Action,,None,,,N,N,N,N
24663396,2022,1,Intersection - Other,In Roadway - Other,Other Cyclist,,,33441,,N,,,,,N,,,,None,Not Transported,In Roadway Improperly,,None,,,N,N,N,N
24665104,2022,2,Travel Lane - Other Location,Other,Other Cyclist,,,33316,,N,,,,,N,,,,Possible,EMS,In Roadway Improperly,,None,,,N,N,N,N
24665242,2022,2,Sidewalk,Walking/Cycling Along Roadway Against Traffic,Other Cyclist,,,33309,,N,,,,,N,,,,None,Not Transported,Other,,None,,,N,N,N,N
24666349,2022,2,Travel Lane - Other Location,Crossing Roadway,Other Cyclist,,,33313,,N,,,,,N,,,,Non-Incapacitating,EMS,Failure to Yield Right-of-Way,,None,,,N,N,N,N
24666771,2022,2,Travel Lane - Other Location,Walking/Cycling Along Roadway With Traffic,Other Cyclist,,,33441,,N,,,,,N,,,,Incapacitating,EMS,No Improper Action,,None,,,N,N,N,N
24670767,2022,2,Intersection - Unmarked Crosswalk,Crossing Roadway,Other Cyclist,,,33311,,N,,,,,N,,,,None,Not Transported,No Improper Action,,None,,,N,N,N,N
24670767,2022,3,Intersection - Unmarked Crosswalk,Crossing Roadway,Other Cyclist,,,33311,,N,,,,,N,,,,Possible,Not Transported,No Improper Action,,None,,,N,N,N,N
24673560,2022,2,Bicycle Lane,Other,Other Cyclist,,,33064,,N,,,,,N,,,,Non-Incapacitating,EMS,Unknown,,None,,,N,N,N,N
24688322,2022,2,Other,Other,Other Cyclist,,,34266,Male,N,Test Not Given,,,,N,Test Not Given,,,Possible,EMS,Other,,None,,32,N,N,N,N
24690333,2022,2,Intersection - Unmarked Crosswalk,Crossing Roadway,Other Cyclist,,,33029,,N,,,,,N,,,,None,Not Transported,No Improper Action,,Lighting,,,N,N,N,N
24690457,2022,2,Sidewalk,Walking/Cycling on Sidewalk,Other Cyclist,,,33009,,N,,,,,N,,,,Possible,Not Transported,No Improper Action,,Helmet,,,N,N,N,N
24690457,2022,3,Sidewalk,Walking/Cycling on Sidewalk,Other Cyclist,,,33009,,N,,,,,N,,,,None,Not Transported,No Improper Action,,Helmet,,,N,N,N,N
24694665,2022,3,Intersection - Marked Crosswalk,Crossing Roadway,Bicyclist,,,33913,Male,N,,,,,N,,,,None,Not Transported,No Improper Action,,None,,4,N,N,N,N
24694665,2022,4,Intersection - Marked Crosswalk,Crossing Roadway,Other Cyclist,,,33913,Male,N,,,,,N,,,,None,Not Transported,No Improper Action,,None,,5,N,N,N,N
24694665,2022,2,Intersection - Marked Crosswalk,Crossing Roadway,Bicyclist,,,33913,Male,N,,,,,N,,,,None,Not Transported,No Improper Action,,None,,4,N,N,N,N
24695827,2022,2,Intersection - Marked Crosswalk,Crossing Roadway,Other Cyclist,,,33545,Female,N,,,,,N,,,,None,Not Transported,No Improper Action,,None,,20,N,N,N,N
24700136,2022,1,Travel Lane - Other Location,In Roadway - Other,Other Cyclist,,,29926,Male,N,,,,,N,,,,Non-Incapacitating,Not Transported,Other,,None,,37,N,N,N,N
24713552,2022,2,Bicycle Lane,Walking/Cycling Along Roadway Against Traffic,Other Cyclist,,,32608,,N,,,,,N,,,,Non-Incapacitating,Other,Wrong-Way Riding or Walking,,None,,,N,N,N,N
24714919,2022,3,Other,Walking/Cycling on Sidewalk,Other Cyclist,,,32653,,N,,,,,N,,,,Possible,Not Transported,Other,,Helmet,,,N,N,N,N
24715153,2022,2,Intersection - Unmarked Crosswalk,Walking/Cycling on Sidewalk,Other Cyclist,,,32038,,N,,,,,N,,,,Non-Incapacitating,Not Transported,Other,,None,,,N,N,N,N
24715721,2022,2,Intersection - Marked Crosswalk,Crossing Roadway,Other Cyclist,,,32601,,N,,,,,N,,,,Non-Incapacitating,Not Transported,No Improper Action,,None,,,N,N,N,N
24716273,2022,2,Intersection - Marked Crosswalk,Crossing Roadway,Other Cyclist,,,32601,,N,,,,,N,,,,Non-Incapacitating,Not Transported,No Improper Action,,None,,,N,N,N,N
24722510,2022,2,Bicycle Lane,Walking/Cycling Along Roadway With Traffic,Other Cyclist,,,34293,Male,N,,,,,N,,,,Possible,EMS,No Improper Action,,None,,70,N,N,Y,N
24734638,2022,2,Sidewalk,Adjacent to Roadway,Other Cyclist,,,33161,,N,,,,,N,,,,Possible,Not Transported,No Improper Action,,None,,,N,N,N,N
24736097,2022,3,Intersection - Marked Crosswalk,Crossing Roadway,Other Cyclist,,,32118,Male,N,,,,,N,,,,Fatal (within 30 days),EMS,No Improper Action,,None,,22,N,N,N,N
24736407,2022,3,Intersection - Other,Crossing Roadway,Other Cyclist,,,32118,Male,N,,,,,N,,,,Non-Incapacitating,Not Transported,"Failure to Obey Traffic Signs, Signals, or Officer",,Helmet,None,45,N,N,N,N
24750930,2022,1,Bicycle Lane,Crossing Roadway,Other Cyclist,,,32811,Male,N,,,,,N,,,,Non-Incapacitating,Not Transported,Failure to Yield Right-of-Way,,None,,40,N,N,N,N
24759060,2022,2,Intersection - Marked Crosswalk,Crossing Roadway,Other Cyclist,,,33756,Male,N,,,,,N,,,,Non-Incapacitating,EMS,No Improper Action,,None,,67,N,N,Y,N
24760107,2022,2,Intersection - Marked Crosswalk,Crossing Roadway,Other Cyclist,,,33304,Male,N,,,,,N,,,,Non-Incapacitating,Not Transported,Failure to Yield Right-of-Way,,None,,45,N,N,N,N
24785207,2022,2,Intersection - Marked Crosswalk,Crossing Roadway,Other Cyclist,,,33167,Male,N,,,,,N,,,,Possible,Not Transported,No Improper Action,,None,,33,N,N,N,N
24785445,2022,2,Intersection - Marked Crosswalk,Crossing Roadway,Other Cyclist,,,33137,Male,N,,,,,N,,,,Possible,EMS,No Improper Action,,None,,31,N,N,N,N
24785563,2022,2,Intersection - Marked Crosswalk,Other,Other Cyclist,,,33132,Male,N,,,,,N,,,,Possible,Not Transported,No Improper Action,,None,,30,N,N,N,N
24786385,2022,3,Intersection - Marked Crosswalk,Crossing Roadway,Other Cyclist,,,33136,Female,N,,,,,N,,,,Non-Incapacitating,EMS,No Improper Action,,None,,33,N,N,N,N
24787300,2022,2,Other,Crossing Roadway,Other Cyclist,,,33130,Male,N,,,,,N,,,,None,EMS,Improper Passing,Improper Passing,None,,27,N,N,N,N
24788234,2022,3,Intersection - Other,Crossing Roadway,Other Cyclist,,,33147,Male,N,,,,,N,,,,None,Not Transported,No Improper Action,,None,,41,N,N,N,N
24788637,2022,2,Intersection - Other,In Roadway - Other,Other Cyclist,,,33130,Male,N,,,,,N,,,,None,Not Transported,In Roadway Improperly,No Improper Action,None,,32,N,N,N,N
24789838,2022,2,Other,Other,Other Cyclist,,,33142,Male,N,,,,,N,,,,None,Not Transported,No Improper Action,,None,,25,N,N,N,N
24789946,2022,1,Intersection - Marked Crosswalk,Crossing Roadway,Other Cyclist,,,96822,Male,N,,,,,N,,,,None,Not Transported,No Improper Action,,None,,48,N,N,N,N
24790160,2022,2,Intersection - Marked Crosswalk,Walking/Cycling Along Roadway Against Traffic,Other Cyclist,,,33142,Male,N,,,,,N,,,,None,Not Transported,Other,,None,,23,N,N,N,N
24790289,2022,2,Sidewalk,Other,Other Cyclist,,,33137,Male,N,,,,,N,,,,,Not Transported,No Improper Action,,None,,26,N,N,N,N
24791149,2022,3,Sidewalk,Walking/Cycling on Sidewalk,Other Cyclist,,,33990,,N,,,,,N,,,,None,Not Transported,Unknown,,None,,,N,N,N,N
24874696,2022,3,Other,Other,Other Cyclist,,,34957,Male,N,,,,,N,,,,Possible,EMS,Other,,None,,15,N,N,N,Y
24792055,2022,2,Intersection - Marked Crosswalk,Crossing Roadway,Bicyclist,,,33903,,N,,,,,N,,,,None,Not Transported,No Improper Action,,None,,,N,N,N,N
24792055,2022,3,Intersection - Marked Crosswalk,Crossing Roadway,Other Cyclist,,,33903,,N,,,,,N,,,,None,Not Transported,No Improper Action,,None,,,N,N,N,N
24792601,2022,2,Travel Lane - Other Location,Crossing Roadway,Other Cyclist,,,33990,,N,,,,,N,,,,Non-Incapacitating,Not Transported,Failure to Yield Right-of-Way,,None,,,N,N,N,N
24792940,2022,3,Other,Other,Other Cyclist,,,33909,,N,,,,,N,,,,Non-Incapacitating,Not Transported,"Failure to Obey Traffic Signs, Signals, or Officer",,None,,,N,N,N,N
24798423,2022,2,Intersection - Other,Crossing Roadway,Other Cyclist,,,33433,Male,N,,,,,N,,,,Non-Incapacitating,EMS,No Improper Action,,None,,16,N,N,N,Y
24801170,2022,1,Driveway Access,Walking/Cycling on Sidewalk,Other Cyclist,,,33470,Female,N,,,,,N,,,,None,Not Transported,No Improper Action,,Helmet,None,22,N,N,N,N
24801835,2022,2,Sidewalk,Crossing Roadway,Other Cyclist,,,33461,Male,N,,,,,N,,,,Possible,EMS,No Improper Action,,None,,60,N,N,N,N
24806632,2022,2,Travel Lane - Other Location,Crossing Roadway,Other Cyclist,,,33714,Male,N,,,,,N,,,,Non-Incapacitating,EMS,Failure to Yield Right-of-Way,,None,,12,N,N,N,N
24808922,2022,2,Intersection - Marked Crosswalk,Crossing Roadway,Other Cyclist,,,33770,,N,,,,,N,,,,Non-Incapacitating,EMS,No Improper Action,,None,,,N,N,N,N
24811849,2022,2,Driveway Access,Walking/Cycling on Sidewalk,Other Cyclist,,,32303,Male,N,,,,,N,,,,Non-Incapacitating,Not Transported,No Improper Action,,None,,23,N,N,N,N
24812282,2022,2,Intersection - Marked Crosswalk,Crossing Roadway,Other Cyclist,,,32312,Male,,"Unknown, if Tested",Other,Unknown,,,"Unknown, if Tested",,,Incapacitating,EMS,"Failure to Obey Traffic Signs, Signals, or Officer",Dart/Dash,None,,15,N,N,N,Y
24814677,2022,2,Driveway Access,Walking/Cycling Along Roadway With Traffic,Other Cyclist,,,,Male,N,,,,,N,,,,Possible,Not Transported,No Improper Action,,None,,35,N,N,N,N
24817524,2022,2,Intersection - Marked Crosswalk,Crossing Roadway,Other Cyclist,,,32778,Male,N,,,,,N,,,,Non-Incapacitating,Not Transported,No Improper Action,,None,,21,N,N,N,N
24820318,2022,1,Intersection - Marked Crosswalk,Crossing Roadway,Other Cyclist,,,34957,Male,Y,Test Not Given,,Pending,,,Test Not Given,,,Non-Incapacitating,EMS,No Improper Action,,None,,38,Y,N,N,N
24825672,2022,2,Intersection - Marked Crosswalk,Crossing Roadway,Other Cyclist,,,33067,,N,,,,,N,,,,Possible,EMS,No Improper Action,,None,,,N,N,N,N
24846552,2022,1,Intersection - Marked Crosswalk,Crossing Roadway,Other Cyclist,,,32073,Male,N,,,,,N,,,,Non-Incapacitating,Other,No Improper Action,,None,,20,N,N,N,N
24854334,2022,2,Intersection - Marked Crosswalk,Crossing Roadway,Other Cyclist,,,34237,Male,N,,,,,N,,,,Non-Incapacitating,Not Transported,No Improper Action,,None,,31,N,N,N,N
24854444,2022,2,Bicycle Lane,Walking/Cycling Along Roadway With Traffic,Other Cyclist,,,34233,Female,N,,,,,N,,,,Non-Incapacitating,Not Transported,No Improper Action,,None,,45,N,N,N,N
24856557,2022,2,Intersection - Unmarked Crosswalk,Crossing Roadway,Other Cyclist,,,34205,Male,N,,,,,N,,,,Non-Incapacitating,EMS,"Failure to Obey Traffic Signs, Signals, or Officer",,None,,13,N,N,N,N
24856681,2022,2,Travel Lane - Other Location,Walking/Cycling Along Roadway With Traffic,Other Cyclist,,,34205,Male,N,,,,,N,,,,Fatal (within 30 days),EMS,Not Visible,Improper Turn/Merge,None,,37,N,N,N,N
24857102,2022,1,Travel Lane - Other Location,Crossing Roadway,Other Cyclist,,,33180,,N,,,,,N,,,,Non-Incapacitating,Not Transported,In Roadway Improperly,Other,None,,,N,N,N,N
24857753,2022,2,Intersection - Marked Crosswalk,Walking/Cycling Along Roadway Against Traffic,Other Cyclist,,,33160,,N,,,,,N,,,,Non-Incapacitating,Not Transported,No Improper Action,,None,,,N,N,N,N
24859154,2022,2,Intersection - Marked Crosswalk,Crossing Roadway,Other Cyclist,,,33184,Male,N,,,,,N,,,,Possible,Not Transported,No Improper Action,,None,,26,N,N,N,N
24861693,2022,2,Intersection - Unmarked Crosswalk,Crossing Roadway,Other Cyclist,,,34609,Male,N,,,,,N,,,,Possible,Not Transported,Failure to Yield Right-of-Way,,None,,12,N,N,N,N
24862340,2022,3,Shoulder/Roadside,Other,Bicyclist,,,,Female,N,,,,,N,,,,None,Not Transported,Wrong-Way Riding or Walking,,None,,41,N,N,N,N
24862340,2022,2,Other,In Roadway - Other,Other Cyclist,,,34606,Male,N,,,,,N,,,,Incapacitating,EMS,No Improper Action,,None,,5,N,N,N,N
24863724,2022,3,Driveway Access,Walking/Cycling on Sidewalk,Other Cyclist,,,33025,Male,N,,,,,N,,,,Possible,EMS,Failure to Yield Right-of-Way,,None,None,53,N,N,N,N
24865176,2022,2,Shoulder/Roadside,Walking/Cycling Along Roadway With Traffic,Other Cyclist,,,33024,Male,N,,,,,N,,,,Possible,EMS,No Improper Action,,Helmet,,63,N,N,N,N
24867007,2022,2,Intersection - Other,Walking/Cycling on Sidewalk,Other Cyclist,,,32405,Male,N,,,,,N,,,,None,Not Transported,Other,,None,,15,N,N,N,Y
24870053,2022,2,Shared-Use Path or Trail,In Roadway - Other,Other Cyclist,,,32966,Male,N,,,,,N,,,,None,Not Transported,Entering/Exiting Parked/Standing Vehicle,,None,,56,N,N,N,N
24871349,2022,3,Intersection - Marked Crosswalk,Crossing Roadway,Other Cyclist,,,32720,Male,N,,,,,N,,,,Non-Incapacitating,Other,No Improper Action,,None,,14,N,N,N,N
24874548,2022,2,Shoulder/Roadside,In Roadway - Other,Other Cyclist,,,33308,Male,N,,,,,N,,,,Possible,EMS,No Improper Action,,None,,59,N,N,N,N
