REPORT_NUMBER,CRASH_YEAR,VEHICLE_NUMBER,PERSON_NUMBER,CITY,STATE,ZIP_CODE,SEX,HELMET_CODE,RESTRAINT_SYSTEM_CODE,EYE_PROTECTION_CODE,AIR_BAG_DEPLOYMENT_CODE,EJECTED,INJURY_SEVERITY,EMS_TRANSPORT_TYPE,SEAT_POSITION_CODE,ROW_POSITION_CODE,OTHER_POSITION_CODE,S4_AGE_AT_TIME_OF_CRASH,S4_IS_UNRESTRAINED_PASSENGER
24543064,2022,1,2,,,32536,Male,,Shoulder and Lap Belt Used,,Not Deployed,Not Ejected,None,Not Transported,Right,Front,Not Applicable,29,N
24584432,2022,1,2,,,,Male,,Shoulder and Lap Belt Used,,Not Deployed,Not Ejected,None,Not Transported,Right,Front,,26,N
24584432,2022,1,3,,,,Male,,Shoulder and Lap Belt Used,,Not Deployed,Not Ejected,None,Not Transported,Middle,Second,,26,N
24584432,2022,1,4,,,,Male,,Shoulder and Lap Belt Used,,Not Deployed,Not Ejected,None,Not Transported,Left,Second,,28,N
24584432,2022,1,5,,,,Male,,Shoulder and Lap Belt Used,,Not Deployed,Not Ejected,None,Not Transported,Right,Second,,29,N
24585224,2022,1,1,,,33612,Male,,Shoulder and Lap Belt Used,,Not Deployed,Not Ejected,None,Not Transported,Right,Front,Not Applicable,15,N
24874696,2022,1,2,,,34990,Female,,Shoulder and Lap Belt Used,,Not Deployed,Not Ejected,None,Not Transported,Right,Front,,23,N
24586878,2022,1,2,,,33602,Female,,Child Restraint System - Type Unknown,,Not Deployed,Not Ejected,None,Not Transported,Right,Second,Not Applicable,4,N
24586878,2022,1,3,,,33602,Female,,Child Restraint System - Type Unknown,,Not Deployed,Not Ejected,None,Not Transported,Left,Second,Not Applicable,2,N
24590401,2022,1,2,,,,Female,,Shoulder and Lap Belt Used,,Not Deployed,Not Ejected,None,Not Transported,Right,Front,Not Applicable,23,N
24590547,2022,1,2,,,335694148,Male,,Shoulder and Lap Belt Used,,Not Deployed,Not Ejected,None,Not Transported,Right,Front,Not Applicable,16,N
24590547,2022,1,3,,,335944086,Female,,Shoulder and Lap Belt Used,,Not Deployed,Not Ejected,None,Not Transported,Right,Second,Not Applicable,16,N
24590547,2022,1,4,,,335944826,Female,,Shoulder and Lap Belt Used,,Not Deployed,Not Ejected,None,Not Transported,Left,Second,Not Applicable,16,N
24637883,2022,1,3,,,33615,Female,,Shoulder and Lap Belt Used,,Not Deployed,Not Ejected,None,Not Transported,Right,Front,Not Applicable,68,N
24645179,2022,1,2,,,33579,Female,,Shoulder and Lap Belt Used,,Not Deployed,Not Ejected,None,Not Transported,Right,Front,,77,N
24714919,2022,1,2,,,37128,Male,No Helmet,Shoulder and Lap Belt Used,,Not Applicable,Not Ejected,None,Not Transported,Right,Front,Not Applicable,57,N
24715153,2022,1,3,,,319042469,Female,No Helmet,Shoulder and Lap Belt Used,,Not Deployed,Not Ejected,None,Not Transported,Right,Front,Not Applicable,18,N
24734638,2022,1,3,,,33168,Male,No Helmet,Shoulder and Lap Belt Used,,Not Deployed,Not Ejected,None,Not Transported,Middle,Second,Not Applicable,6,N
24734638,2022,1,4,,,33168,Female,No Helmet,Shoulder and Lap Belt Used,,Not Deployed,Not Ejected,None,Not Transported,Right,Front,Not Applicable,21,N
24736097,2022,1,2,,,32114,Female,,Shoulder and Lap Belt Used,,Not Applicable,Not Ejected,None,Not Transported,Right,Front,Not Applicable,53,N
24736407,2022,1,2,,,34208,Female,,Shoulder and Lap Belt Used,,Not Deployed,Not Ejected,None,Not Transported,Right,Front,Not Applicable,40,N
24750930,2022,2,3,,,32868,Male,No Helmet,Shoulder and Lap Belt Used,,Not Deployed,Not Ejected,None,Not Transported,Left,Second,Not Applicable,28,N
24786385,2022,1,2,,,33142,Male,,Shoulder and Lap Belt Used,,Not Applicable,Not Ejected,None,Not Transported,Right,Front,Not Applicable,57,N
24788234,2022,1,2,,,33130,Female,,Shoulder and Lap Belt Used,,Not Deployed,Not Ejected,None,Not Transported,Right,Front,Not Applicable,26,N
24791149,2022,1,1,,,33991,Female,,Shoulder and Lap Belt Used,,Not Deployed,Not Ejected,None,Not Transported,Right,Front,Not Applicable,83,N
24792940,2022,1,2,,,33991,Female,,Shoulder and Lap Belt Used,,Not Deployed,Not Ejected,None,Not Transported,Right,Front,Not Applicable,22,N
24857753,2022,1,3,,,33180,Female,,Shoulder and Lap Belt Used,,Not Applicable,Not Applicable,None,,Right,Front,Not Applicable,45,N
24863724,2022,1,2,,,33020,Female,,Shoulder and Lap Belt Used,,Not Deployed,Not Ejected,None,Not Transported,Right,Second,,54,N
24871349,2022,1,2,,,0318,Female,No Helmet,Shoulder Belt Only Used,N,Not Deployed,Not Ejected,None,Not Transported,Right,Front,Not Applicable,20,N
