REPORT_NUMBER,CRASH_YEAR,VEHICLE_NUMBER,OWNER_CITY,OWNER_STATE,OWNER_ZIP_CODE,COMMERCIAL_VEHICLE_FLAG,MOTION_CODE,STATE_OF_REGISTRATION,PERMANENT_REGISTRATION_FLAG,HIT_AND_RUN_FLAG,VEHICLE_YEAR,VEHICLE_MAKE,VEHICLE_MODEL,VEHICLE_STYLE,VEHICLE_COLOR,DISABLING_FUNCTIONAL_DAMAGE,ESTIMATED_VEHICLE_DAMAGE,TOW_DAMAGE_CODE,HOW_TOW_REQUESTED,BUSINESS_OWNED_FLAG,VEHICLE_TRAVELING,ROAD_ON,ESTIMATED_MPH,POSTED_SPEED,TOTAL_NUMBER_OF_LANES,HAZARDOUS_MATERIAL_RELEASED,HAZMAT_PLACARD,HAZARDOUS_PLACARD_NUMBER,HAZMAT_CLASS,POINT_OF_IMPACT,MOST_DAMAGED_AREA_CODE,TYPE_OF_VEHICLE,TRAFFICWAY_CODE,COMMERCIAL_VEHICLE_CONFIGURATION_CODE,COMMERCIAL_USE_CODE,CARRIER_CARGO_BODY_TYPE,COMMERCIAL_VEHICLE_WEIGHT_CODE,MOST_HARMFUL_EVENT_CODE,HARMFUL_EVENT_1,HARMFUL_EVENT_2,HARMFUL_EVENT_3,HARMFUL_EVENT_4,EMERGENCY_VEHICLE_USE_CODE,ROADWAY_GRADE_CODE,ROADWAY_ALIGNMENT_CODE,VEHICLE_MANEUVER_ACTION,TRAFFIC_CONTROL_DEVICE,VEHICLE_SPECIAL_FUNCTION,VEHICLE_DEFECT1,VEHICLE_DEFECT2,S4_IS_COMMERCIAL_MOTOR_VEHICLE
24539024,2022,1,,,33458,N,Vehicle in Transport,FL,N,N,2013,CHEV,,4DR,SIL,None,0,N,,N,West,JUPITER LAKES BLVD MAKING RIGHT TURN ON RED,3,25,2,,,,,Front Right Bumper,,Passenger Car,"Two-Way, Divided, Positive Median Barrier",,,,,,Pedestrian,,,,N,Level,Straight,Turning Right,Traffic Control Signal,No Special Function,None,,
24543064,2022,1,,,32539,N,Vehicle in Transport,FL,N,N,2013,CHEV,,PK,SIL,None,0,N,,N,East,ROBINSON AVE W,2,25,2,,,,,,,Pickup,"Two-Way, Not Divided",,,,,Pedalcycle,Pedalcycle,,,,N,Level,Straight,Straight Ahead,Stop Sign,No Special Function,None,,
24564976,2022,1,,,32566-0000,N,Vehicle in Transport,FL,N,N,2010,HOND,,2D,BLK,Functional,500,N,,N,East,CHASE STREET,35,35,3,,,,,Left Rear Fender,Left Rear Fender,Passenger Car,One-Way Trafficway,,,,,Other Non-Fixed Object,Other Non-Fixed Object,,,,N,Level,Straight,Straight Ahead,Traffic Control Signal,No Special Function,None,,
24877592,2022,1,,,32084,N,Vehicle in Transport,FL,N,N,2017,HOND,,PC,BLK,Minor,500,N,,N,East,MC MILLIAN ST,,25,2,,,,,Right Front Fender,Right Front Fender,Passenger Car,"Two-Way, Not Divided",,,,,Motor Vehicle in Transport,Motor Vehicle in Transport,,,,N,Level,Straight,Turning Right,Stop Sign,No Special Function,None,,
24584432,2022,1,,,03106,N,Vehicle in Transport,FL,,N,2019,MITSU,,SU,BLK,Minor,500,N,Driver,N,North,FLORIDA AVE,25,30,4,,,,,Front Center Bumper,Front Center Bumper,Passenger Car,One-Way Trafficway,,,,,Motor Vehicle in Transport,Motor Vehicle in Transport,,,,N,Level,Straight,Straight Ahead,Traffic Control Signal,No Special Function,None,,
24585224,2022,1,,,33618,N,Vehicle in Transport,FL,,N,2018,FORD,,UT,WHI,Minor,250,N,Driver,N,East,FRANKLIN ST S,10,35,3,,,,,Front Center Bumper,Front Center Bumper,(Sport) Utility Vehicle,"Two-Way, Not Divided",,,,,Motor Vehicle in Transport,Motor Vehicle in Transport,,,,N,Level,Straight,Straight Ahead,Traffic Control Signal,No Special Function,None,,
24586878,2022,1,,,33602,N,Vehicle in Transport,FL,,N,2013,DODG,,UT,GRY,Minor,500,N,Driver,N,West,E LAKE AVE,15,25,2,,,,,Front Center Bumper,Front Center Bumper,(Sport) Utility Vehicle,"Two-Way, Not Divided",,,,,Motor Vehicle in Transport,Motor Vehicle in Transport,,,,N,Level,Straight,Straight Ahead,No Controls,No Special Function,None,,
24588722,2022,1,,,33607,N,Vehicle in Transport,FL,,N,2003,TOYT,,4D,CPR,Minor,500,N,Driver,N,East,BEACH ST W,5,25,2,,,,,Front Right Bumper,Front Right Bumper,Passenger Car,"Two-Way, Not Divided",,,,,Motor Vehicle in Transport,Motor Vehicle in Transport,,,,N,Level,Straight,Turning Left,Stop Sign,No Special Function,None,,
24590401,2022,1,,,33615,N,Vehicle in Transport,FL,,N,2006,TOYT,,5D,BLK,Minor,1000,N,Driver,N,North,N MATANZAS AVE,25,25,2,,,,,Front Right Bumper,Front Right Bumper,Passenger Car,"Two-Way, Not Divided",,,,,Pedalcycle,Pedalcycle,,,,N,Level,Straight,Straight Ahead,Stop Sign,No Special Function,None,,
24590547,2022,1,,,33596,N,Vehicle in Transport,FL,,N,2016,TOYT,,4D,WHI,Functional,1000,N,Driver,N,South,DAVIS BLVD,0,30,5,,,,,Rear Right Bumper,Rear Right Bumper,Passenger Car,"Two-Way, Not Divided, with a Continuous Left Turn Lane",,,,,Pedalcycle,Pedalcycle,,,,N,Level,Curve Left,Stopped in Traffic,No Controls,No Special Function,None,,
24591625,2022,1,,,33606,N,Vehicle in Transport,FL,,N,2008,DODG,,4D,SIL,Minor,1000,N,Rotation,N,West,KENNEDY BLV W,20,40,4,,,,,Right Rear Door,Right Rear Door,Passenger Car,"Two-Way, Not Divided",,,,,Motor Vehicle in Transport,Motor Vehicle in Transport,,,,N,Level,Straight,Turning Left,No Controls,No Special Function,None,,
24592374,2022,1,,,33610,N,Vehicle in Transport,FL,,N,2017,TOYT,,4D,SIL,Minor,500,N,Driver,N,West,E ELLICOTT ST,10,25,2,,,,,Front Right Bumper,Front Right Bumper,Passenger Car,"Two-Way, Not Divided",,,,,Pedalcycle,Pedalcycle,,,,N,Level,Straight,Turning Right,Stop Sign,No Special Function,None,,
24596280,2022,1,,,34102,N,Parked Motor Vehicle,FL,,N,2014,BENT,,CV,TAN,Minor,2500,N,Other,N,West,13TH AVE S,0,25,2,,,,,Left Front Door,Left Front Door,(Sport) Utility Vehicle,"Two-Way, Not Divided",,,,,Pedalcycle,Pedalcycle,,,,N,Level,Straight,Parked,No Controls,No Special Function,None,,
24597764,2022,1,,,32920,N,Vehicle in Transport,FL,,N,2017,HOND,,UT,GRY,None,0,N,Driver,N,East,HARBOR DR.,5,20,2,,,,,Front Right Bumper,Front Right Bumper,Pickup,"Two-Way, Not Divided",,,,,Motor Vehicle in Transport,Motor Vehicle in Transport,,,,N,Level,Straight,Turning Right,Stop Sign,No Special Function,None,,
24601791,2022,1,,,33062,N,Vehicle in Transport,FL,N,N,2014,TOYT,,4D,RED,Functional,100,N,Owner Request,N,East,BELVEDERE RD,20,35,5,,,,,Right Front Fender,Right Front Fender,Passenger Car,"Two-Way, Not Divided",,,,,Pedalcycle,Pedalcycle,,,,N,Level,Straight,Turning Left,Traffic Control Signal,No Special Function,None,,
24602820,2022,1,,,,N,Vehicle in Transport,,,Y,,,,,,,0,N,,N,,N AUSTRALIAN AVE,,,,,,,,,,,,,,,,Pedestrian,Pedestrian,,,,,,,,,,,,
24603204,2022,1,,,33073,N,Vehicle in Transport,,N,N,2016,RIYA,,MC,RED,Disabling,1500,Y,Rotation,N,South,SPRUCE AVE,30,30,2,,,,,Front Center Bumper,Front Center Bumper,Moped,"Two-Way, Not Divided",,,,,Motor Vehicle in Transport,Motor Vehicle in Transport,,,,N,Level,Straight,Straight Ahead,Stop Sign,No Special Function,None,,
24603531,2022,1,,,33403,N,Vehicle in Transport,FL,N,N,2017,NISS,,4D,BLK,Functional,5000,N,,N,North,LAMBERTON DR,10,20,2,,,,,Right Front Door,Right Front Fender,Passenger Car,"Two-Way, Divided, Positive Median Barrier",,,,,Motor Vehicle in Transport,Motor Vehicle in Transport,,,,N,Level,Straight,Straight Ahead,Stop Sign,No Special Function,None,,
24604484,2022,1,,,33408,N,Vehicle in Transport,FL,N,N,2022,BMW,,SUV,WHI,Minor,150,N,,N,West,S DIXIE HWY,3,25,2,,,,,Front Right Bumper,Front Right Bumper,Passenger Car,"Two-Way, Not Divided",,,,,Pedalcycle,Pedalcycle,,,,N,Level,Straight,Turning Right,No Controls,No Special Function,None,,
24608204,2022,1,,,33033,N,Vehicle in Transport,FL,,N,2020,KIA,,UT,BLU,Minor,200,N,,N,South,N HOMESTEAD BLVD,10,45,4,,,,,Front Center Bumper,Front Center Bumper,(Sport) Utility Vehicle,"Two-Way, Divided, Positive Median Barrier",,,,,Motor Vehicle in Transport,Motor Vehicle in Transport,,,,N,Level,Straight,Turning Left,Traffic Control Signal,No Special Function,None,,
24615845,2022,1,,,33823,N,Working Vehicle,FL,,N,2022,HYUN,,SU,WHI,Functional,1000,N,Other,N,North,LAKE ARIANA BLVD,,35,2,,,,,Front Right Bumper,Right Front Fender,Passenger Car,"Two-Way, Not Divided",,,,,Pedestrian,Motor Vehicle in Transport,Pedestrian,,,N,Level,Straight,Straight Ahead,No Controls,No Special Function,None,,
24618605,2022,1,,,33324,N,Vehicle in Transport,FL,,N,2006,TOYT,,4D,BLU,Minor,100,N,Driver,N,South,CENTRAL PARK PL E,5,30,4,,,,,Right Front Fender,Right Front Fender,Passenger Car,"Two-Way, Divided, Positive Median Barrier",,,,,Motor Vehicle in Transport,Motor Vehicle in Transport,,,,N,Level,Straight,Turning Right,Traffic Control Signal,No Special Function,,,
24632877,2022,1,,,33635-6338,N,Vehicle in Transport,FL,N,N,2015,HOND,,UT,GRY,Minor,500,N,,N,North,CR 584 (W WATERS AVE),3,25,2,,,,,Front Right Bumper,Front Right Bumper,(Sport) Utility Vehicle,"Two-Way, Not Divided",,,,,Pedalcycle,Pedalcycle,,,,N,Level,Straight,Turning Right,No Controls,No Special Function,None,,
24633440,2022,1,,,,N,Vehicle in Transport,,N,Y,,,,,RED,Unknown,0,N,,N,East,SR 597 (N DALE MABRY HW),,30,2,,,,,,,,"Two-Way, Not Divided",,,,,Pedalcycle,Pedalcycle,,,,N,Level,Straight,Unknown,Traffic Control Signal,No Special Function,Unknown,,
24637227,2022,1,,,33614,N,Vehicle in Transport,FL,N,N,2022,HYUN,,LL,BLU,Minor,500,N,,N,South,8438 W WATERS AVE,5,10,2,,,,,Front Right Bumper,Front Right Bumper,(Sport) Utility Vehicle,"Two-Way, Not Divided",,,,,Pedalcycle,Pedalcycle,,,,N,Level,Straight,Straight Ahead,No Controls,No Special Function,None,,
24637883,2022,1,,,33615,N,Vehicle in Transport,FL,N,N,2006,GMC,,VN,WHI,Minor,250,N,,N,East,CR 584 (W WATERS AVE),45,45,4,,,,,Left Rear Door,Left Rear Door,Passenger Van,"Two-Way, Divided, Positive Median Barrier",,,,,Pedalcycle,Pedalcycle,,,,N,Level,Straight,Straight Ahead,No Controls,No Special Function,None,,
24638588,2022,1,,,33618,N,Vehicle in Transport,FL,N,N,2014,LEXU,,LL,BLK,Minor,500,N,,N,North,CR 582A (W FLETCHER AVE),5,45,4,,,,,Front Center Bumper,Front Center Bumper,(Sport) Utility Vehicle,"Two-Way, Divided, Positive Median Barrier",,,,,Pedalcycle,Pedalcycle,,,,N,Level,Straight,Turning Right,Stop Sign,No Special Function,None,,
24641107,2022,1,,,33619-6525,N,Vehicle in Transport,FL,N,N,2019,TOYT,,UT,GRY,Functional,2000,N,,N,East,W LUMSDEN RD,25,45,4,,,,,Right Front Door,Right Front Door,(Sport) Utility Vehicle,"Two-Way, Divided, Positive Median Barrier",,,,,Other Non-Fixed Object,Other Non-Fixed Object,,,,N,Level,Straight,Straight Ahead,No Controls,No Special Function,None,,
24642773,2022,1,,,33612,N,Vehicle in Transport,FL,N,N,2005,STRN,,VN,SIL,Functional,1500,N,,N,West,CR582A (W FLETCHER AVE),10,45,4,,,,,Right Front Fender,Right Front Fender,Passenger Van,"Two-Way, Not Divided, with a Continuous Left Turn Lane",,,,,Pedalcycle,Pedalcycle,,,,N,Level,Straight,Turning Left,No Controls,No Special Function,None,,
24645179,2022,1,,,33596,N,Vehicle in Transport,FL,N,N,2005,BMW,,UT,WHI,Minor,100,N,,N,West,CREST SIDE BL,5,35,2,,,,,Front Center Bumper,Front Center Bumper,(Sport) Utility Vehicle,"Two-Way, Not Divided",,,,,Motor Vehicle in Transport,Motor Vehicle in Transport,,,,N,Level,Straight,Straight Ahead,Stop Sign,No Special Function,None,,
24647358,2022,1,,,33534-0000,N,Vehicle in Transport,FL,N,N,2012,CADI,,LL,BRO,Functional,1000,N,,N,East,CAMBIUM CROWN DR,15,25,2,,,,,Front Right Bumper,Front Right Bumper,(Sport) Utility Vehicle,"Two-Way, Not Divided",,,,,Pedestrian,Pedestrian,,,,N,Level,Straight,Straight Ahead,No Controls,No Special Function,None,,
24662159,2022,1,,,33029,N,Vehicle in Transport,FL,N,N,2020,TOYT,,PU,GRY,Minor,500,N,,N,West,SW 16TH ST,10,35,4,,,,,Left Front Door,Left Front Door,Pickup,"Two-Way, Divided, Positive Median Barrier",,,,,Motor Vehicle in Transport,Motor Vehicle in Transport,,,,N,Uphill,Straight,Turning Right,Traffic Control Signal,No Special Function,None,,
24663396,2022,1,,,33441,N,Vehicle in Transport,FL,N,N,2005,MERZ,,4D,WHI,Minor,500,N,,N,East,SW 4TH ST,15,20,2,,,,,Front Center Bumper,Front Center Bumper,Passenger Car,"Two-Way, Not Divided",,,,,Motor Vehicle in Transport,Motor Vehicle in Transport,,,,N,Level,Straight,Straight Ahead,No Controls,No Special Function,None,,
24665104,2022,1,,,33316,N,Vehicle in Transport,FL,N,N,,BMW,,4D,BLK,None,0,N,,N,West,GRIFFIN RD,35,45,6,,,,,,,Passenger Car,"Two-Way, Divided, Positive Median Barrier",,,,,Pedestrian,Pedestrian,,,,N,Level,Straight,Changing Lanes,No Controls,No Special Function,None,,
24665242,2022,1,,,33311,N,Vehicle in Transport,FL,N,N,2011,TOYT,,4D,GRN,None,0,N,Driver,N,West,3744 N ANDREWS AV,10,10,2,,,,,,,Passenger Car,"Two-Way, Not Divided",,,,,Motor Vehicle in Transport,Motor Vehicle in Transport,,,,N,Level,Straight,Straight Ahead,Stop Sign,No Special Function,None,,
24666349,2022,1,,,33068,N,Vehicle in Transport,FL,N,N,2001,TOYT,,SPUV,GLD,Functional,500,N,,N,West,W OAKLAND PARK BLVD,10,35,4,,,,,Right Front Fender,Right Front Fender,(Sport) Utility Vehicle,"Two-Way, Divided, Positive Median Barrier",,,,,Pedestrian,Pedestrian,,,,N,Level,Straight,Straight Ahead,No Controls,No Special Function,None,,
24666771,2022,1,,,33064,N,Vehicle in Transport,FL,N,N,2013,NISS,,4D,GRY,Functional,1000,N,,N,East,E HILLSBORO BLVD,35,35,4,,,,,Front Right Bumper,Front Right Bumper,Passenger Car,"Two-Way, Divided, Positive Median Barrier",,,,,Pedalcycle,Pedalcycle,,,,N,Level,Straight,Straight Ahead,Other,No Special Function,None,,
24670767,2022,1,,,33321,N,Vehicle in Transport,FL,N,N,2011,MERZ,,SPUV,BLK,Minor,200,N,,N,East,W COMMERCIAL BLVD,10,45,3,,,,,Front Right Bumper,Front Right Bumper,(Sport) Utility Vehicle,"Two-Way, Not Divided",,,,,Other Non-Fixed Object,Other Non-Fixed Object,,,,N,Level,Curve Right,Turning Left,No Controls,No Special Function,None,,
24673560,2022,1,,,33064,N,Vehicle in Transport,FL,N,N,1990,CADI,,4D,BLK,Functional,2500,N,Driver,N,South,S FEDERAL HWY,25,45,7,,,,,Rear Center Bumper,Rear Center Bumper,Passenger Car,"Two-Way, Divided, Positive Median Barrier",,,,,Motor Vehicle in Transport,Motor Vehicle in Transport,,,,N,Level,Straight,Straight Ahead,Stop Sign,No Special Function,None,,
24688322,2022,1,,,34266,N,Vehicle in Transport,FL,N,N,2017,CHEV,,UT,GRY,Functional,1000,N,,N,West,1701 E OAK ST,10,10,1,,,,,Front Left Bumper,Front Left Bumper,Passenger Car,Unknown,,,,,Motor Vehicle in Transport,Motor Vehicle in Transport,,,,N,Level,Straight,Straight Ahead,No Controls,No Special Function,None,None,
24690333,2022,1,,,,N,Vehicle in Transport,,,Y,,,,,,,0,N,,N,South,NW 4TH AV,,25,2,,,,,,,Passenger Car,"Two-Way, Not Divided",,,,,Pedalcycle,Pedalcycle,,,,N,Level,Straight,Straight Ahead,Stop Sign,No Special Function,None,,
24690457,2022,1,,,33024,N,Vehicle in Transport,FL,Y,N,2014,VOLK,,4D,GRY,Minor,500,N,Driver,N,South,S OCEAN DRIVE,5,5,1,,,,,,,Passenger Car,"Two-Way, Not Divided",,,,,Motor Vehicle in Transport,Motor Vehicle in Transport,,,,N,Level,Straight,Straight Ahead,No Controls,No Special Function,None,,
24694665,2022,1,,,,N,,,,Y,,UK,,UNKNOWN,UNKNOWN,Unknown,0,N,,N,,,,,,,,,,,,Unknown,"Two-Way, Divided, Positive Median Barrier",,,,,Pedalcycle,Pedalcycle,,,,,Level,Curve Right,Unknown,Traffic Control Signal,Unknown,Unknown,Unknown,
24695827,2022,1,,,33908,N,Vehicle in Transport,FL,,N,2018,BMW,,4D,SIL,Minor,0,N,Driver,N,North,ACADEMIC VILLAGE DR,5,20,2,,,,,Front Right Bumper,Front Right Bumper,Passenger Car,"Two-Way, Not Divided",,,,,Pedalcycle,Pedalcycle,,,,N,Level,Straight,Turning Right,Stop Sign,No Special Function,None,,
24700136,2022,1,,,,,,,,Y,,UK,,UNKNOWN,UNKNOWN,Unknown,0,N,,N,,,,,,,,,,,,Unknown,"Two-Way, Not Divided",,,,,Pedestrian,Pedestrian,,,,,Level,Straight,Unknown,No Controls,Unknown,Unknown,Unknown,
24713552,2022,1,,,32696,N,Vehicle in Transport,FL,N,N,2017,NISS,,SUV,RED,Minor,50,N,,N,North,CLARK BULTER BLVD,5,30,5,,,,,Front Center Bumper,,(Sport) Utility Vehicle,"Two-Way, Divided, Positive Median Barrier",,,,,Motor Vehicle in Transport,Motor Vehicle in Transport,,,,N,Level,Straight,Turning Right,Stop Sign,No Special Function,None,,
24714919,2022,1,,,33896,N,Vehicle in Transport,FL,N,N,2016,FORD,,4DR,WHI,None,0,N,,N,South,NW 23RD AVE,,10,2,,,,,Right Front Fender,Right Front Fender,(Sport) Utility Vehicle,"Two-Way, Not Divided",,,,,Motor Vehicle in Transport,Motor Vehicle in Transport,,,,N,Level,Straight,Other,Stop Sign,No Special Function,None,,
24715153,2022,1,,,319042469,N,Vehicle in Transport,GA,N,N,2017,TOYT,,SUV,WHIT,Minor,1000,N,,N,West,HULL ROAD,10,25,2,,,,,Front Left Bumper,Front Left Bumper,(Sport) Utility Vehicle,"Two-Way, Divided, Positive Median Barrier",,,,,Motor Vehicle in Transport,Motor Vehicle in Transport,,,,N,Level,Straight,Turning Right,Traffic Control Signal,No Special Function,None,,
24715721,2022,1,,,32605,N,Vehicle in Transport,FL,N,N,2015,BUIC,,4DR,GRY,None,0,N,Owner Request,N,North,1600 SW 6TH ST,20,35,2,,,,,Front Center Bumper,Front Center Bumper,Passenger Car,"Two-Way, Not Divided",,,,,Motor Vehicle in Transport,Motor Vehicle in Transport,,,,N,Level,Straight,Straight Ahead,No Controls,No Special Function,None,,
24716273,2022,1,,,,N,Vehicle in Transport,,,Y,,,,,,Unknown,0,N,,N,North,SW 23RD DR,10,40,2,,,,,,,Passenger Car,"Two-Way, Divided, Unprotected (painted >4 feet) Median",,,,,Pedestrian,Pedestrian,,,,N,Level,Straight,Turning Right,No Controls,No Special Function,None,,
24722510,2022,1,,,34292,N,Vehicle in Transport,FL,,N,2016,TOYT,,UT,BLK,None,0,N,,N,South,STONEYCREEK BLVD,5,5,4,,,,,Front Center Bumper,Front Center Bumper,(Sport) Utility Vehicle,"Two-Way, Divided, Positive Median Barrier",,,,,Motor Vehicle in Transport,Motor Vehicle in Transport,Pedalcycle,,,N,Level,Straight,Turning Right,Stop Sign,No Special Function,None,,
24734638,2022,1,,,33012,N,Vehicle in Transport,FL,N,N,2014,TOYT,,4D,SIL,Functional,500,N,,N,South,3427 NE 163 ST,5,15,2,,,,,Front Right Bumper,Front Right Bumper,Passenger Car,"Two-Way, Divided, Positive Median Barrier",,,,,Pedalcycle,Pedalcycle,,,,,Level,Straight,Other,Stop Sign,No Special Function,None,,
24736097,2022,1,,,32114,N,Vehicle in Transport,FL,,Y,2011,HYUN,,4D,BLU,Functional,1000,N,Rotation,N,East,OAKRIDGE BLVD/ N HALIFAX AVE,40,20,2,,,,,Front Left Bumper,Hood,Passenger Car,"Two-Way, Not Divided",,,,,Motor Vehicle in Transport,Motor Vehicle in Transport,,,,N,Level,Straight,Straight Ahead,Traffic Control Signal,No Special Function,None,,
24736407,2022,1,,,74134,N,Vehicle in Transport,FL,,N,2021,TOYT,,UT,SIL,Minor,1500,N,Driver,N,North,CLYDE MORRIS BLVD S,,,4,,,,,Front Left Bumper,Front Left Bumper,(Sport) Utility Vehicle,"Two-Way, Divided, Positive Median Barrier",,,,,Motor Vehicle in Transport,Motor Vehicle in Transport,,,,N,Level,Straight,Straight Ahead,Traffic Control Signal,No Special Function,None,,
24750930,2022,2,,,32868,,Vehicle in Transport,FL,,N,2016,HOND,,4D,BLK,Minor,200,N,Driver,N,North,MAJOR Blvd,35,35,4,,,,,Right Front Fender,Right Front Fender,Passenger Car,"Two-Way, Not Divided",,,,,Pedestrian,Motor Vehicle in Transport,Pedestrian,,,N,Level,Straight,Turning Left,No Controls,No Special Function,None,,
24759060,2022,1,,,33778,N,Vehicle in Transport,FL,,N,2016,HYUN,,4D,GRY,Minor,1000,N,Driver,N,West,LAKEVIEW RD,15,30,2,,,,,Front Right Bumper,Right Front Fender,Passenger Car,"Two-Way, Not Divided",,,,,Motor Vehicle in Transport,Motor Vehicle in Transport,Pedalcycle,,,N,Level,Straight,Turning Left,Traffic Control Signal,No Special Function,None,,
24760107,2022,1,,,33436,N,Vehicle in Transport,FL,N,N,2018,NISS,,4D,GRY,None,0,N,,N,North,HYPLUXO RD,30,40,7,,,,,Left Front Door,Front Center Bumper,Passenger Car,"Two-Way, Not Divided",,,,,Pedestrian,Pedestrian,,,,N,Hillcrest,Straight,Turning Left,No Controls,No Special Function,None,,
24785207,2022,1,,,33132,N,Vehicle in Transport,FL,,Y,2018,TOYT,,UT,RED,Minor,0,N,Driver,N,,,,,,,,,,,,Unknown,"Two-Way, Not Divided",,,,,,,,,,,Level,,Unknown,,Unknown,Unknown,Unknown,
24785445,2022,1,,,33173,N,Vehicle in Transport,FL,,N,2021,TESL,,UT,BLK,Functional,2000,N,Driver,N,South,SE 2ND ST,30,30,3,,,,,Right Front Fender,Right Front Fender,Passenger Car,One-Way Trafficway,,,,,Motor Vehicle in Transport,Motor Vehicle in Transport,,,,N,Level,Straight,Straight Ahead,Traffic Control Signal,No Special Function,None,,
24785563,2022,1,,,,,,,,Y,,UK,,UNKNOWN,UNKNOWN,Unknown,0,N,,N,,,,,,,,,,,,Unknown,One-Way Trafficway,,,,,Motor Vehicle in Transport,Motor Vehicle in Transport,,,,,Level,Straight,Unknown,Traffic Control Signal,Unknown,Unknown,Unknown,
24786385,2022,1,,,33013,N,Vehicle in Transport,FL,,N,2008,MITS,,4D,WHI,Minor,500,N,Driver,N,South,NW 1ST AVE,20,35,2,,,,,Right Front Fender,Front Right Bumper,Passenger Car,"Two-Way, Not Divided",,,,,Motor Vehicle in Transport,Motor Vehicle in Transport,,,,N,Level,Straight,Turning Right,Traffic Control Signal,No Special Function,None,,
24787300,2022,1,,,33167,N,Vehicle in Transport,FL,,N,2020,MAZDA,,SU,SILVER,Minor,500,N,Driver,N,West,NW 7TH ST,20,30,3,,,,,Left Front Fender,Hood,(Sport) Utility Vehicle,One-Way Trafficway,,,,,Motor Vehicle in Transport,Motor Vehicle in Transport,,,,N,Level,Straight,Straight Ahead,Traffic Control Signal,No Special Function,None,,
24788234,2022,1,,,93454,N,Vehicle in Transport,CA,,N,2022,VOLK,,4D,,Minor,300,N,Driver,N,North,BISCAYNE BLVD,15,30,4,,,,,Front Right Bumper,Front Right Bumper,Passenger Car,"Two-Way, Not Divided",,,,,Motor Vehicle in Transport,Motor Vehicle in Transport,,,,N,Level,Straight,Turning Left,Traffic Control Signal,No Special Function,None,,
24788637,2022,1,,,33056,N,Vehicle in Transport,FL,,N,2018,GMC,,UT,SIL,None,0,N,Driver,N,North,NW 3RD AVE & NW 14TH ST,15,25,2,,,,,Front Center Bumper,Front Center Bumper,(Sport) Utility Vehicle,"Two-Way, Divided, Unprotected (painted >4 feet) Median",,,,,Motor Vehicle in Transport,Motor Vehicle in Transport,,,,N,Level,Straight,Straight Ahead,No Controls,No Special Function,None,,
24789838,2022,1,,,33185,N,Vehicle in Transport,FL,,N,2015,LINC,,4D,WHI,Minor,100,N,Other,N,East,NE 17TH TERRACE,5,35,2,,,,,Front Center Bumper,Front Center Bumper,Passenger Car,"Two-Way, Divided, Unprotected (painted >4 feet) Median",,,,,Other Non-Fixed Object,Other Non-Fixed Object,,,,N,Level,Straight,Straight Ahead,Traffic Control Signal,No Special Function,None,,
24789946,2022,1,,,300166009,N,Vehicle in Transport,GA,,N,2010,TOYOT,,4D,GRY,None,0,N,Driver,N,East,NE 35 STREET,5,30,2,,,,,Front Center Bumper,,Passenger Car,"Two-Way, Not Divided",,,,,Motor Vehicle in Transport,Motor Vehicle in Transport,,,,N,Level,Straight,Turning Right,No Controls,No Special Function,None,,
24790160,2022,1,,,33145,N,Vehicle in Transport,FL,,N,2015,JEEP,,UT,GRY,Minor,100,N,Driver,N,East,NW 20ST,15,30,2,,,,,Front Center Bumper,Front Center Bumper,(Sport) Utility Vehicle,"Two-Way, Not Divided",,,,,Motor Vehicle in Transport,Motor Vehicle in Transport,,,,N,Level,Straight,Straight Ahead,Traffic Control Signal,No Special Function,None,,
24790289,2022,1,,,33023,N,Vehicle in Transport,FL,,N,2008,TOYT,,4D,WHI,None,0,N,,N,,,,,,,,,,,,,"Two-Way, Not Divided",,,,,,,,,,,Level,Straight,,No Controls,,,,
24791149,2022,1,,,33991,N,Vehicle in Transport,FL,N,N,2015,HYUN,,4DR,RED,Functional,1500,N,Driver,N,West,1209 DEL PRADO BLVD S,3,25,2,,,,,Front Right Bumper,Front Right Bumper,Passenger Car,"Two-Way, Not Divided",,,,,Pedalcycle,Pedalcycle,,,,N,Level,Straight,Straight Ahead,Stop Sign,No Special Function,None,,
24792055,2022,1,,,33993,N,Vehicle in Transport,FL,N,N,2012,NISS,,4DR,GLD,None,0,N,Driver,N,North,SE 16TH PL,5,30,2,,,,,Right Front Fender,,Passenger Car,"Two-Way, Not Divided",,,,,Pedestrian,Pedestrian,,,,N,Level,Straight,Turning Right,Stop Sign,No Special Function,None,,
24792601,2022,1,,,33904,N,Vehicle in Transport,FL,N,N,2016,LEXS,,4DR,BLK,Functional,1000,N,Owner Request,N,North,CULTURAL PARK BLVD S,40,40,4,,,,,Left Rear Fender,Left Rear Fender,Passenger Car,"Two-Way, Divided, Positive Median Barrier",,,,,Pedalcycle,Pedalcycle,,,,N,Level,Straight,Straight Ahead,No Controls,No Special Function,None,,
24792940,2022,1,,,33991,N,Vehicle in Transport,FL,N,N,2017,BUIC,,SUV,CPR,Functional,1000,N,Driver,N,North,SW 8TH PL,10,30,2,,,,,Right Front Fender,Right Front Fender,(Sport) Utility Vehicle,"Two-Way, Not Divided",,,,,Motor Vehicle in Transport,Motor Vehicle in Transport,,,,N,Level,Straight,Turning Right,Stop Sign,No Special Function,None,,
24798423,2022,1,,,33433,N,Vehicle in Transport,FL,,N,2019,KIA,,4D,MAR,Functional,10000,N,Driver,N,North,PALMETTO CIR N,15,30,4,,,,,Front Center Bumper,Front Center Bumper,Passenger Car,"Two-Way, Not Divided",,,,,Motor Vehicle in Transport,Motor Vehicle in Transport,,,,N,Level,Straight,Turning Left,No Controls,No Special Function,None,,
24801170,2022,1,,,,N,Vehicle in Transport,FL,,Y,2012,KIA,,4D,BRZ,None,0,N,Driver,N,South,ORANGE BLVD,5,40,2,,,,,Front Right Bumper,Front Right Bumper,Unknown,"Two-Way, Not Divided",,,,,Pedestrian,Pedestrian,,,,N,Level,Straight,Turning Left,No Controls,No Special Function,Unknown,Unknown,
24801835,2022,1,,,33460,N,Vehicle in Transport,FL,,N,1997,DODG,,PK,RED,Minor,10,N,Driver,N,West,8TH AVENUE N,2,25,2,,,,,Right Front Fender,Right Front Fender,Pickup,"Two-Way, Not Divided",,,,,Motor Vehicle in Transport,Motor Vehicle in Transport,,,,N,Level,Straight,Slowing,Stop Sign,No Special Function,None,,
24806632,2022,1,,,33023,N,Vehicle in Transport,FL,,N,2018,HOND,,4D,WHI,Disabling,20000,Y,Rotation,N,West,FICUS DR,30,30,2,,,,,Front Right Bumper,Front Center Bumper,Passenger Car,"Two-Way, Not Divided",,,,,Tree (standing),Pedalcycle,Tree (standing),Parked Motor Vehicle,,N,Level,Straight,Straight Ahead,No Controls,No Special Function,None,,
24806632,2022,2,,,33023,N,Parked Motor Vehicle,FL,,N,2013,TOYT,,UT,WHI,Minor,6000,N,Other,N,South,6608 FICUS DR,0,15,1,,,,,Right Rear Fender,Right Rear Fender,(Sport) Utility Vehicle,One-Way Trafficway,,,,,Motor Vehicle in Transport,Motor Vehicle in Transport,,,,N,Level,Straight,Parked,No Controls,No Special Function,None,,
24808922,2022,1,,,33771,N,Vehicle in Transport,FL,N,N,2015,DODG,,4D,RED,Minor,500,N,Owner Request,N,North,CENTRAL PARK DR,5,25,2,,,,,Front Center Bumper,Front Center Bumper,Passenger Car,"Two-Way, Divided, Positive Median Barrier",,,,,Pedestrian,Pedestrian,Motor Vehicle in Transport,,,N,Level,Straight,Turning Right,No Controls,No Special Function,None,,
24811849,2022,1,,,32309,N,Vehicle in Transport,FL,,N,2022,HYUN,,4D,WHI,Minor,300,N,Driver,N,North,DRIVEWAY OF 2200 N MERIDIAN ST,10,15,2,,,,,Front Center Bumper,Front Center Bumper,Passenger Car,"Two-Way, Not Divided",,,,,Motor Vehicle in Transport,Motor Vehicle in Transport,,,,N,Level,Straight,Slowing,Stop Sign,No Special Function,None,,
24812282,2022,1,,,39819,N,Vehicle in Transport,GA,,N,2013,LNDR,,4D,WHI,Functional,500,N,Other,N,West,WEST PENSACOLA ST,39,40,4,,,,,Front Right Bumper,Right Front Fender,(Sport) Utility Vehicle,"Two-Way, Not Divided, with a Continuous Left Turn Lane",,,,,Pedestrian,Motor Vehicle in Transport,Pedestrian,,,N,Level,Straight,Straight Ahead,Traffic Control Signal,No Special Function,None,,
24814677,2022,1,,,34787,N,Vehicle in Transport,FL,,N,2016,ACUR,,UT,MAR,None,0,N,Driver,N,East,HARTSFIELD RD,5,30,2,,,,,Front Right Bumper,Front Right Bumper,Passenger Car,"Two-Way, Not Divided",,,,,Pedestrian,Pedestrian,,,,N,Level,Straight,Turning Left,No Controls,No Special Function,None,,
24817524,2022,1,,,32303,N,Vehicle in Transport,FL,,Y,2006,NISS,,4D,GRY,Functional,0,N,Driver,N,South,STADIUM DR,,,,,,,,,,Passenger Car,"Two-Way, Not Divided",,,,,Other Non-Fixed Object,Other Non-Fixed Object,Pedestrian,,,N,Level,Straight,Other,Unknown,Unknown,Unknown,Unknown,
24820318,2022,1,,,34997,N,Vehicle in Transport,FL,,N,2013,LEXU,,SU,BLU,None,10,N,Driver,N,East,SE COLORADO AVE,15,30,2,,,,,Right Rear Fender,Right Rear Fender,(Sport) Utility Vehicle,"Two-Way, Divided, Positive Median Barrier",,,,,Pedalcycle,Pedalcycle,,,,N,Level,Straight,Making U-Turn,No Controls,No Special Function,None,,
24825672,2022,1,,,,N,Vehicle in Transport,,N,Y,,,,,,Unknown,0,N,,N,North,CORAL RIDGE DR,15,40,4,,,,,Front Center Bumper,,Passenger Car,"Two-Way, Divided, Positive Median Barrier",,,,,Pedalcycle,Pedalcycle,,,,N,Level,Straight,Straight Ahead,Traffic Control Signal,No Special Function,None,,
24846552,2022,1,,,,N,Vehicle in Transport,,N,Y,,,,VN,SIL,Unknown,0,N,,N,East,SR224 KINGSLEY AV,0,,0,,,,,Front Center Bumper,Front Center Bumper,Unknown,Unknown,,,,,Pedalcycle,Pedalcycle,,,,N,Level,Straight,Turning Right,Traffic Control Signal,No Special Function,Unknown,,
24854334,2022,1,,,34237,,Vehicle in Transport,FL,Y,N,2021,CHEV,,4D,WHI,None,0,N,,N,West,ADAMS Lane,5,25,2,,,,,Front Right Bumper,Front Right Bumper,(Sport) Utility Vehicle,"Two-Way, Not Divided",,,,,Pedalcycle,Pedalcycle,,,,N,Level,Straight,Turning Left,Stop Sign,Police,None,,
24854444,2022,1,,,33954,,Vehicle in Transport,FL,Y,N,2018,HOND,,4D,RED,None,0,N,Driver,N,North,p.l. of 3511 fruitville rd,15,45,2,,,,,Right Front Fender,Right Front Fender,Passenger Car,"Two-Way, Not Divided",,,,,Pedalcycle,Pedalcycle,,,,N,Level,Straight,Turning Right,No Controls,No Special Function,None,,
24856557,2022,1,,,34208,N,Vehicle in Transport,FL,,N,2011,GMC,,UT,SIL,Minor,100,N,,N,West,9TH AVE W,35,35,4,,,,,Front Right Bumper,Front Right Bumper,(Sport) Utility Vehicle,"Two-Way, Divided, Positive Median Barrier",,,,,Motor Vehicle in Transport,Motor Vehicle in Transport,,,,N,Level,Straight,Straight Ahead,No Controls,No Special Function,None,,
24856681,2022,1,,,34203,N,Vehicle in Transport,FL,,N,2018,CHEV,,TK,BLK,Minor,1000,N,Other,N,North,1ST ST E,45,45,6,,,,,Front Center Bumper,Front Center Bumper,Pickup,"Two-Way, Divided, Positive Median Barrier",,,,,Pedalcycle,Pedalcycle,,,,N,Uphill,Straight,Straight Ahead,No Controls,No Special Function,None,,
24857102,2022,1,,,33180,N,Vehicle in Transport,FL,N,Y,2021,BUIC,,UT,SIL,Unknown,0,N,,N,South,BISCAYNE BLVD,20,45,10,,,,,Front Left Bumper,Front Left Bumper,Passenger Car,"Two-Way, Divided, Positive Median Barrier",,,,,,Pedestrian,,,,N,Level,Straight,Turning Right,Traffic Control Signal,No Special Function,Unknown,,
24857753,2022,1,,,33180,N,Vehicle in Transport,FL,N,N,2021,BMW,,4D,BLU,Minor,100,N,,N,West,NE 213TH STREET,1,35,3,,,,,Front Center Bumper,Front Center Bumper,Passenger Car,"Two-Way, Divided, Positive Median Barrier",,,,,,Pedalcycle,,,,N,Level,Straight,Turning Right,Traffic Control Signal,No Special Function,None,,
24859154,2022,1,,,33166,N,Vehicle in Transport,FL,,N,2004,MITS,,4D,GLD,Minor,500,N,Driver,N,,112TH AVE,5,25,3,,,,,Front Right Bumper,Front Right Bumper,Passenger Car,"Two-Way, Not Divided",,,,,Motor Vehicle in Transport,Motor Vehicle in Transport,,,,N,Level,Straight,Turning Right,No Controls,No Special Function,None,,
24861693,2022,1,,,34667,N,Vehicle in Transport,FL,,N,2010,FORD,,PK,WHI,Minor,10,N,Driver,N,West,LINDEN DR,0,35,2,,,,,Front Center Bumper,Front Center Bumper,Passenger Car,"Two-Way, Not Divided",,,,,Motor Vehicle in Transport,Motor Vehicle in Transport,,,,N,Level,Straight,Straight Ahead,No Controls,No Special Function,None,,
24862340,2022,1,,,34606,N,Vehicle in Transport,FL,,N,2016,HYUN,,3D,BLU,Minor,10000,N,Driver,N,North,PAGODA DRIVE,1,30,2,,,,,Front Center Bumper,Front Center Bumper,Passenger Car,"Two-Way, Not Divided",,,,,Pedalcycle,Pedalcycle,,,,N,Level,Straight,Turning Left,No Controls,No Special Function,None,,
24863724,2022,1,,,33029-0000,N,Vehicle in Transport,FL,N,N,2021,CADI,,4D,BLU,Minor,500,N,,N,East,DOUGLAS RD,30,35,4,,,,,Left Front Fender,Left Front Fender,Passenger Car,"Two-Way, Divided, Positive Median Barrier",,,,,Pedalcycle,Pedalcycle,,,,N,Level,Straight,Turning Right,No Controls,No Special Function,None,,
24865176,2022,1,,,33024-0000,N,Vehicle in Transport,FL,N,N,2022,TOYT,,4D,BLU,Minor,1000,N,,N,East,NW 74TH AVE,5,15,2,,,,,Right Rear Fender,Right Rear Fender,Passenger Car,"Two-Way, Not Divided",,,,,Pedalcycle,Pedalcycle,,,,N,Level,Straight,Backing,No Controls,No Special Function,None,,
24867007,2022,1,,,32405,N,Vehicle in Transport,FL,,N,2007,CHEV,,UT,BLK,Minor,1500,N,Driver,N,South,EXITING PARKING LOT,10,10,2,,,,,Front Center Bumper,Front Center Bumper,(Sport) Utility Vehicle,"Two-Way, Not Divided",,,,,Motor Vehicle in Transport,Motor Vehicle in Transport,,,,N,Level,Straight,Straight Ahead,Stop Sign,No Special Function,None,,
24870053,2022,1,,,32968,N,Vehicle in Transport,FL,,N,2016,TESL,,4D,BLK,Minor,200,N,Driver,N,West,21ST STREET,0,35,2,,,,,Rear Center Bumper,Rear Center Bumper,Passenger Car,"Two-Way, Not Divided",,,,,Motor Vehicle in Transport,Motor Vehicle in Transport,,,,N,Level,Straight,Straight Ahead,No Controls,No Special Function,None,,
24871349,2022,1,,,0318,,Vehicle in Transport,NH,,N,2016,HOND,,4D,WHI,Functional,2000,N,Owner Request,N,West,E MINNESOTA AV,5,15,2,,,,,Front Center Bumper,Front Center Bumper,Passenger Car,"Two-Way, Not Divided",,,,,Motor Vehicle in Transport,Motor Vehicle in Transport,,,,N,Level,Straight,Turning Left,Stop Sign,No Special Function,None,,
24874548,2022,1,,,,,,,,Y,,UK,,UNKNOWN,UNKNOWN,Unknown,0,N,,N,,,,,,,,,,,,Unknown,"Two-Way, Not Divided",,,,,Motor Vehicle in Transport,Motor Vehicle in Transport,,,,,Level,Straight,Unknown,No Controls,Unknown,Unknown,Unknown,
24874696,2022,1,,,34994,N,Vehicle in Transport,FL,,N,2015,MERZ,,4D,BLK,Minor,750,N,Driver,N,West,NE SKYLINE DR,40,25,2,,,,,Hood,Undercarriage,Passenger Car,"Two-Way, Not Divided",,,,,Pedestrian,Pedestrian,,,,N,Level,Straight,Straight Ahead,No Controls,No Special Function,None,,
