REPORT_NUMBER,CRASH_YEAR,PERSON_NUMBER,STATUTE_NUMBER,CHARGE,CITATION_NUMBER
24539024,2022,1,316.130(7)(A),FTY - VEH TO PED W/IN CROSSWALK AT INTERSECTION,AG9LWKE
24564976,2022,1,316.075(1)(c)1,FAIL TO STOP AT STEADY RED SIGNAL,AF72NVE
24590401,2022,1,316.123(2)(a),RAN STOP SIGN/VIOLATION OF RIGHT OF WAY FROM STOP SIGN,AFT8EHE
24877592,2022,1,,(WarningOtherViolations),1314475-WN
24590547,2022,5,316.1925(1),CARELESS DRIVING,AFT8LEE
24642773,2022,1,316.122,FAIL TO YIELD RIGHT OF WAY WHEN MAKING LEFT TURN,A28NA2E
24666771,2022,1,316.083-1,OVERTAKING AND PASSING A BICYCLE (IMPROP DISTANCE),AGAVSUE
24670767,2022,1,316.130-15,VEH FAIL USE DUE CARE-PED/BIKE,AGB3NIE
24713552,2022,2,316-081,DRIVING ON RIGHT SIDE OF ROADWAY; EXCEPTIONS GENERIC,AEI717E
24715153,2022,1,316-130/7A,DRIVER OF VEH AT INTERSECTION TO STOP FOR PEDESTRIAN,AEI8WME
24722510,2022,1,316.1925(1),CARELESS DRIVING,AFYRJRE
24734638,2022,1,316.125,FAILED TO YIELD/STOP AT SIDEWALK,ADS6KOE
24736097,2022,1,316.027(2)(b),CRASH - LEAVING SCENE ON PUBLIC OR PRIVATE PROPERTY WITHOUT,AFAUZXE
24736097,2022,1,316.075(1)(c)1a,"STEADY RED LIGHT, VEHICLE FACING, FAIL TO YIELD RIGHT OF WAY",AFAUZZE
24736097,2022,1,316.646(1),"NO PROOF OF INSURANCE(IF VALID AT TIME CITATION WAS ISSUED,",AFAV00E
24736407,2022,1,316.075(1)(c)1,FAIL TO STOP AT STEADY RED SIGNAL,A3H50QP
24759060,2022,1,316.075(1)(a)1,FAILED TO YIELD RIGHT-OF-WAY TO PEDESTRIAN,AF7OK5E
24785445,2022,2,316.091(1),FAIL TO STOP AT STEADY RED SIGNAL,AFV28KE
24786385,2022,1,316.1925,CARELESS DRIVING,AFV496E
24787300,2022,1,316.130(10),PEDESTRIAN FAILED TO YIELD TO TRAFFIC,AFV6WQE
24789838,2022,1,316.0895,FOLLOWING TOO CLOSELY,AG2NA9E
24806632,2022,2,316.2065(11),"ROLLER SKATE, COASTER, TOY VEHICLE, SKATEBOARDS, ETC. UNAUTH",AFIIBJE
24808922,2022,1,316.1925,CARELESS DRIVING,AELF29E
24854444,2022,1,316.1925(1),CARELESS DRIVING,AG5UMBE
24856557,2022,1,322.03(1),NO DRIVER LICENSE - NEVER HAD ONE ISSUED (IF VALID AT TIME C,AFJ16BE
24856681,2022,1,320.07(3)(b),OPERATING A MOTOR VEHICLE/USING A MOBILE HOME WITH AN EXPIRE,AFJ1VNE
24857102,2022,2,316.065(1),CRASH - FAIL TO REPORT CRASH - DRIVER,ADDXKDE
24857753,2022,1,316.130(7)(B),FAIL TO YIELD TO PEDESTRAIAN AT CROSSWALK WITH SIGNAGE,ADDTR8E
24859154,2022,1,316.1925,CARELESS DRIVING,AFSSTQE
