REPORT_NUMBER,CRASH_YEAR,CRASH_DATE_AND_TIME,REPORT_DATE_AND_TIME,INVESTIGATING_AGENCY_REPORT_NUMBER,FORM_TYPE,TOTAL_NUMBER_OF_VEHICLES,TOTAL_NUMBER_OF_PERSONS,COUNTY_CODE,CITY_CODE,COUNTY_NAME,CITY_NAME,RURAL_OR_URBAN,NOTIFIED_TIME,DISPATCHED_TIME,ARRIVED_TIME,CLEARED_TIME,COMPLETED_FLAG,NOTIFIED_BY,ON_STREET_ROAD_HIGHWAY,STREET_ADDRESS_NUMBER,LATITUDE,LONGITUDE,FEET_FROM_INTERSECTION,DIRECTION_FROM_INTERSECTION,FROM_INTERSECTION_OF,MILEPOST_NUMBER,ROAD_SYSTEM_IDENTIFER,TYPE_OF_SHOULDER,TYPE_OF_INTERSECTION,PHOTOS_TAKEN,LIGHT_CONDITION,WEATHER_CONDITION,ROAD_SURFACE_CONDITION,SCHOOL_BUS_RELATED_CODE,TYPE_OF_IMPACT,FIRST_HARMFUL_EVENT,LOCATION,INTERCHANGE_FLAG,JUNCTION_FLAG,ROAD_CIRCUMSTANCES_1,ROAD_CIRCUMSTANCES_2,ROAD_CIRCUMSTANCES_3,ENVIRONMENT_CIRCUMSTANCES_1,ENVIRONMENT_CIRCUMSTANCES_2,ENVIRONMENT_CIRCUMSTANCES_3,WORK_ZONE_RELATED_FLAG,CRASH_IN_WORK_ZONE,TYPE_OF_WORK_ZONE,WORKERS_PRESENT,LAW_ENFORCEMENT_PRESENT,INVESTIGATOR_RANK,INVESTIGATING_AGENCY_NAME,INVESTIGATING_AGENCY_TYPE,LOAD_DATE,UPDATE_DATE,DAYS_TO_LOAD,CODEABLE,S4_CRASH_TYPE,S4_CRASH_TYPE_SIMPLIFIED,S4_CRASH_SEVERITY,S4_CRASH_SEVERITY_DETAIL,S4_DAY_OR_NIGHT,S4_IS_AGGRESSIVE_DRIVING,S4_IS_ALCOHOL_RELATED,S4_IS_CMV_INVOLVED,S4_IS_DISTRACTED,S4_IS_DRUG_RELATED,S4_IS_HIT_AND_RUN,S4_IS_INTERSECTION_RELATED,S4_IS_LANE_DEPARTURE_RELATED,S4_IS_SPEEDING_RELATED,S4_NONE_INJURY_COUNT,S4_INJURY_COUNT,S4_POSSIBLE_INJURY_COUNT,S4_NON_INCAPACITATING_INJURY_COUNT,S4_INCAPACITATING_INJURY_COUNT,S4_FATALITY_COUNT,S4_FATALITY_WITHIN_30_DAYS_COUNT,S4_NON_TRAFFIC_FATALITY_COUNT,S4_TRAILER_COUNT,S4_MOTORCYCLE_COUNT,S4_MOPED_COUNT,S4_NON_MOTORIST_COUNT,S4_BICYCLIST_COUNT,S4_PEDESTRIAN_COUNT,S4_DRIVER_COUNT,S4_AGING_DRIVER_COUNT,S4_TEENAGER_DRIVER_COUNT,S4_PASSENGER_COUNT,S4_UNRESTRAINED_COUNT,S4_UNRESTRAINED_INJURY_COUNT,S4_UNRESTRAINED_INCAPACITATING_INJURY_COUNT,S4_UNRESTRAINED_FATALITY_COUNT,S4_MOTORCYCLIST_COUNT,S4_MOTORCYCLIST_INCAPACITATING_INJURY_COUNT,S4_MOTORCYCLIST_FATALITY_COUNT,S4_IS_PEDESTRIAN_INVOLVED,S4_PEDESTRIAN_INCAPACITATING_INJURY_COUNT,S4_PEDESTRIAN_FATALITY_COUNT,S4_IS_BICYCLIST_INVOLVED,S4_BICYCLIST_INCAPACITATING_INJURY_COUNT,S4_BICYCLIST_FATALITY_COUNT,S4_CITATION_COUNT,S4_CITATION_AMOUNT,S4_PROPERTY_DAMAGE_COUNT,S4_PROPERTY_DAMAGE_AMOUNT,S4_VEHICLE_DAMAGE_COUNT,S4_VEHICLE_DAMAGE_AMOUNT,S4_TOTAL_DAMAGE_AMOUNT,S4_TRANSPORT_BY_EMS_COUNT,S4_TRANSPORT_BY_LAW_ENFORCEMENT_COUNT,S4_TRANSPORT_BY_OTHER_COUNT,S4_GEOLOCATION_STATUS,S4_PRELIMINARY_GEOLOCATION_STATUS,S4_X,S4_Y,S4_LATITUDE,S4_LONGITUDE
26459240,2024,05-NOV-2024 07:20 AM,05-NOV-2024 11:41 AM,FHP24ON0558885,L,1,1,3,50,Hillsborough,Tampa,Rural,11/5/2024 9:10:00 AM,11/5/2024 11:12:00 AM,11/5/2024 11:32:00 AM,11/5/2024 12:07:00 PM,Y,Law Enforcement,N DALE MABRY HWY,,28.0291,-82.50502,0,,W HUMPHREY ST,,State,Curb,Four-Way Intersection,N,Daylight,Cloudy,Dry,N,Other,Pedalcycle,On Roadway,N,Intersection-Related,None,,,None,,,N,,,,,TPR,Florida Highway Patrol,Florida Highway Patrol (FHP),11/11/2024 7:31:00 PM,11/11/2024 7:31:00 PM,6,Y,Bicycle,Bicycle,Injury,Non-Incapacitating Injury,DAY,N,N,N,N,N,Y,Y,N,N,0,1,0,1,0,0,0,0,0,0,0,1,1,0,0,0,0,0,0,0,0,0,0,0,0,N,0,0,Y,0,0,0,0,1,100,0,0,100,0,0,0,Preliminary,Editor Mapped,352072.2193,3101344.4979,28.029150208881,-82.5048235757263
26462908,2024,25-DEC-2024 04:50 PM,25-DEC-2024 05:51 PM,FHP24ON0647813,L,1,2,16,0,Sarasota,Unincorporated,Rural,12/25/2024 4:52:00 PM,12/25/2024 4:54:00 PM,12/25/2024 5:52:00 PM,12/25/2024 6:31:00 PM,Y,Law Enforcement,ROOSEVELT DRIVE,,27.02777,-82.38865,0,,GARFIELD ROAD,,Local,Unpaved,T-Intersection,N,Daylight,Clear,Dry,N,Other,Pedestrian,On Roadway,N,Intersection,None,,,None,,,N,,,,,TPR,Florida Highway Patrol,Florida Highway Patrol (FHP),1/1/2025 7:25:00 PM,1/1/2025 7:25:00 PM,7,Y,Pedestrian,Pedestrian,Injury,Possible Injury,DAY,N,N,N,N,N,N,Y,N,N,1,1,1,0,0,0,0,0,0,0,0,1,1,0,1,0,1,0,0,0,0,0,0,0,0,N,0,0,Y,0,0,0,0,1,400,1,1000,1400,1,0,0,Preliminary,Computer mapped confident by address,362251.0378,2990269.1443,27.0277651296298,-82.3886466884354
26464503,2024,19-DEC-2024 08:43 AM,19-DEC-2024 12:17 PM,FHP24ON0637032,L,1,2,7,0,Orange,Unincorporated,Rural,12/19/2024 8:53:00 AM,12/19/2024 11:02:00 AM,12/19/2024 11:59:00 AM,12/19/2024 1:30:00 PM,Y,Law Enforcement,SOUTH AVALON PARK BLVD,,28.5428019501682,-81.1541130468222,0,,GOLDNEN ISLE BLVD,,County,Curb,Four-Way Intersection,N,Daylight,Clear,Dry,N,Other,Pedalcycle,On Roadway,N,Intersection,None,,,None,,,N,,,,,TPR,Florida Highway Patrol,Florida Highway Patrol (FHP),12/24/2024 7:51:00 PM,12/24/2024 7:51:00 PM,5,Y,Bicycle,Bicycle,Injury,Non-Incapacitating Injury,DAY,N,N,N,N,N,N,Y,N,N,1,1,0,1,0,0,0,0,0,0,0,1,1,0,1,0,0,0,0,0,0,0,0,0,0,N,0,0,Y,0,0,0,0,1,500,1,500,1000,0,0,1,Preliminary,Editor Mapped,484922.6863,3157344.1971,28.5428091651779,-81.1541245861591
26465446,2024,06-DEC-2024 12:30 PM,06-DEC-2024 12:39 PM,FHP24ON0613517,L,1,3,4,0,Pinellas,Unincorporated,Rural,12/6/2024 12:37:00 PM,12/6/2024 12:39:00 PM,12/6/2024 12:48:00 PM,12/6/2024 1:24:00 PM,Y,Law Enforcement,51ST AVE N,,27.81878,-82.72861,28,West,S.R. 693 (66TH ST N),,Parking Lot,Paved,T-Intersection,N,Daylight,Clear,Dry,N,Angle,Pedalcycle,On Roadway,N,Intersection,None,,,None,,,N,,,,,TPR,Florida Highway Patrol,Florida Highway Patrol (FHP),12/10/2024 8:09:00 PM,12/10/2024 8:09:00 PM,4,Y,Bicycle,Bicycle,Injury,Possible Injury,DAY,N,N,N,Y,N,N,Y,N,N,2,1,1,0,0,0,0,0,0,0,0,1,1,0,1,0,0,1,0,0,0,0,0,0,0,N,0,0,Y,0,0,1,0,1,10,0,0,10,1,0,0,Preliminary,Editor Mapped,329730.9916,3078266.945,27.8182387285055,-82.7286982808112
26470882,2024,03-DEC-2024 07:33 PM,03-DEC-2024 08:21 PM,FHP24ON0608964,L,1,1,26,40,Osceola,Kissimmee,Rural,12/3/2024 7:36:00 PM,12/3/2024 8:16:00 PM,12/3/2024 8:26:00 PM,12/3/2024 9:21:00 PM,Y,Law Enforcement,U.S.192 (SR-500 /  IRLO BRONSON MEMORIAL HWY),,28.26847,-81.33599,0,,FLORENCE DRIVE,,U.S.,Paved,T-Intersection,N,Daylight,Clear,Dry,N,Other,Pedestrian,On Roadway,N,Intersection,None,,,None,,,N,,,,,TPR,Florida Highway Patrol,Florida Highway Patrol (FHP),12/17/2024 8:17:00 PM,12/17/2024 8:17:00 PM,14,Y,Pedestrian,Pedestrian,Injury,Non-Incapacitating Injury,NIGHT,N,N,N,N,N,Y,Y,N,N,0,1,0,1,0,0,0,0,0,0,0,1,1,0,0,0,0,0,0,0,0,0,0,0,0,N,0,0,Y,0,0,0,0,1,150,0,0,150,1,0,0,Preliminary,Editor Mapped,467041.5067,3126978.706,28.2683813648517,-81.3360431568741
26477729,2024,26-DEC-2024 12:27 PM,26-DEC-2024 01:31 PM,FHP24ON0648727,L,1,2,28,0,Pasco,Unincorporated,Rural,12/26/2024 12:27:00 PM,12/26/2024 12:29:00 PM,12/26/2024 12:58:00 PM,12/26/2024 2:10:00 PM,Y,Law Enforcement,32283 TURTLE GRACE LOOP,,28.2771577231465,-82.2810261304752,,,TURTLE GRACE LOOP,,Private Roadway,Curb,Not at Intersection,N,Daylight,Clear,Dry,N,Other,Pedalcycle,On Roadway,N,Non-Junction,None,,,None,,,N,,,,,TPR,Florida Highway Patrol,Florida Highway Patrol (FHP),1/2/2025 7:19:00 PM,1/2/2025 7:19:00 PM,7,Y,Bicycle,Bicycle,Serious Injury,Incapacitating Injury,DAY,N,N,N,N,N,N,N,N,N,1,1,0,0,1,0,0,0,1,0,0,1,1,0,1,0,0,0,0,0,0,0,0,0,0,N,0,0,Y,1,0,0,0,0,0,1,250,250,1,0,0,Preliminary,Editor Mapped,374287.7105,3128869.1908,28.2798450636621,-82.2818381943718
26482916,2024,22-JUL-2024 02:22 PM,22-JUL-2024 12:00 AM,24C22480,L,1,2,12,30,Lake,Clermont,Urban,7/22/2024 2:24:00 PM,7/22/2024 2:26:00 PM,7/22/2024 2:29:00 PM,7/22/2024 3:05:00 PM,Y,Law Enforcement,CITRUS TOWER BLVD,,28.554995,-81.723364,,,OAKLEY SEAVER DR,,Local,Curb,T-Intersection,N,Daylight,Clear,Dry,N,,Pedestrian,On Roadway,N,Shared-Use Path or Trail,None,,,None,,,N,,,,,OFFICER,Clermont Police Department,Police Department (PD),7/25/2024 2:28:00 AM,7/25/2024 2:28:00 AM,3,Y,Pedestrian,Pedestrian,Injury,Possible Injury,DAY,N,N,N,N,N,N,N,N,N,1,1,1,0,0,0,0,0,0,0,0,1,1,0,1,1,0,0,0,0,0,0,0,0,0,N,0,0,Y,0,0,0,0,0,0,1,3000,3000,1,0,0,Preliminary,Editor Mapped,429242.8739,3158901.004,28.5550219657697,-81.7233728707103
26483960,2024,21-MAY-2024 06:10 PM,21-MAY-2024 06:32 PM,OCSO24OFF006832,L,1,2,43,55,Okaloosa,Destin,Urban,5/21/2024 6:15:00 PM,5/21/2024 6:18:00 PM,5/21/2024 6:21:00 PM,5/21/2024 7:17:00 PM,Y,Law Enforcement,HENDERSON BEACH RD,,30.3870373153522,-86.4474715876113,0,,EMERALD COAST PARKWAY,,U.S.,Paved,Four-Way Intersection,N,Daylight,Clear,Dry,N,Front to Front,Motor Vehicle in Transport,On Roadway,N,Intersection,None,,,None,,,N,,,,,DEPUTY,Okaloosa County Sheriff's Office,Sheriff's Office (SO),5/30/2024 7:27:00 PM,5/30/2024 7:27:00 PM,9,Y,Single Vehicle,Other,Injury,Possible Injury,DAY,N,N,N,Y,N,N,Y,N,N,1,1,1,0,0,0,0,0,0,0,0,1,1,0,1,0,0,0,0,0,0,0,0,0,0,N,0,0,Y,0,0,0,0,1,400,1,500,900,1,0,0,Preliminary,Editor Mapped,-23739.3207999999,3374328.1405,30.3873644947054,-86.4475557397457
26484237,2024,11-JUN-2024 10:42 AM,11-JUN-2024 10:54 AM,OCSO24OFF007832,L,1,2,43,55,Okaloosa,Destin,Urban,6/11/2024 10:44:00 AM,6/11/2024 10:44:00 AM,6/11/2024 10:47:00 AM,6/11/2024 11:18:00 AM,Y,Law Enforcement,US HWY 98 (PARKING LOT),538,30.39192,-86.49703,,,US HWY 98,,Parking Lot,Paved,Not at Intersection,N,Daylight,Clear,Dry,N,Angle,Other Non-Fixed Object,Off Roadway,N,Driveway/Alley Access Related,None,,,None,,,N,,,,,DEPUTY,Okaloosa County Sheriff's Office,Sheriff's Office (SO),6/13/2024 1:18:00 AM,6/13/2024 1:18:00 AM,2,Y,Single Vehicle,Other,Injury,Non-Incapacitating Injury,DAY,N,N,N,N,N,N,N,N,N,1,1,0,1,0,0,0,0,0,0,0,1,1,0,1,1,0,0,0,0,0,0,0,0,0,N,0,0,Y,0,0,0,0,0,0,1,100,100,1,0,0,Preliminary,Editor Mapped,-28435.9568999996,3375095.0094,30.3922084942835,-86.4966056036861
26486004,2024,29-APR-2024 02:13 PM,29-APR-2024 12:00 AM,24-0958,L,1,2,8,40,Volusia,Holly Hill,Urban,4/29/2024 2:13:00 PM,4/29/2024 2:22:00 PM,4/29/2024 2:26:00 PM,4/29/2024 3:01:00 PM,Y,Law Enforcement,RIDGEWOOD AVE,726,29.238269,-81.03774,280,North,,,Parking Lot,Paved,Not at Intersection,Y,Daylight,Clear,Dry,N,,Pedestrian,On Roadway,N,Other,None,,,None,,,N,,,,,OFC,Holly Hill Police Department,Police Department (PD),5/7/2024 7:53:00 PM,5/7/2024 7:53:00 PM,8,Y,Pedestrian,Pedestrian,Injury,Possible Injury,DAY,N,N,N,N,N,N,N,N,N,0,2,2,0,0,0,0,0,0,0,0,1,1,0,1,0,0,0,0,0,0,0,0,0,0,N,0,0,Y,0,0,0,0,0,0,1,500,500,1,0,0,Preliminary,Editor Mapped,496332.5649,3234384.1129,29.2382624512363,-81.0377402361814
26486681,2024,14-JUL-2024 04:04 PM,14-JUL-2024 12:00 AM,TS24-21920,L,1,2,4,68,Pinellas,Tarpon Springs,Urban,7/14/2024 4:04:00 PM,7/14/2024 4:04:00 PM,7/14/2024 4:06:00 PM,7/14/2024 4:30:00 PM,Y,Law Enforcement,S WALTON AVE,,28.146191,-82.746361,0,,N WALTON AVE,,Local,Curb,Four-Way Intersection,N,Daylight,Clear,Dry,N,,Pedalcycle,On Roadway,N,Intersection-Related,None,,,None,,,N,,,,,OFC,Tarpon Springs Police Department,Police Department (PD),7/18/2024 7:19:00 PM,7/18/2024 7:19:00 PM,4,Y,Bicycle,Bicycle,Injury,Possible Injury,DAY,N,N,N,N,N,N,Y,N,N,1,1,1,0,0,0,0,0,0,0,0,1,1,0,1,0,0,0,0,0,0,0,0,0,0,N,0,0,Y,0,0,1,0,0,0,1,1000,1000,1,0,0,Preliminary,Editor Mapped,328510.8025,3114629.6841,28.1461885877717,-82.7463612060357
26486876,2024,14-NOV-2024 04:20 PM,14-NOV-2024 12:00 AM,TS24-36782,L,1,2,4,68,Pinellas,Tarpon Springs,Urban,11/14/2024 4:21:00 PM,11/14/2024 4:25:00 PM,11/14/2024 4:30:00 PM,11/14/2024 5:25:00 PM,Y,Law Enforcement,OSCAR HILL RD,,28.159183,-82.756862,86,North,N PINELLAS AVE,,U.S.,Paved,Not at Intersection,N,Daylight,Clear,Dry,N,,Pedestrian,On Roadway,N,Non-Junction,None,,,None,,,N,,,,,OFFICER,Tarpon Springs Police Department,Police Department (PD),11/27/2024 7:32:00 PM,11/27/2024 7:32:00 PM,13,Y,Pedestrian,Pedestrian,Injury,Possible Injury,DAY,N,N,N,N,N,N,N,N,N,1,1,1,0,0,0,0,0,0,0,0,1,1,0,1,0,0,0,0,0,0,0,0,0,0,N,0,0,Y,0,0,0,0,0,0,1,500,500,0,0,0,Preliminary,Editor Mapped,327505.7092,3116110.1601,28.1594158664582,-82.7568107546287
26487439,2024,07-MAR-2024 08:42 AM,07-MAR-2024 12:00 AM,2024-00084899,L,1,2,7,46,Orange,Orlando,Urban,3/7/2024 10:07:00 AM,3/7/2024 8:43:00 AM,3/7/2024 8:47:00 AM,3/7/2024 9:43:00 AM,Y,Law Enforcement,BIOGRAPHY WAY,,28.426133,-81.216683,,,SONNET AVE,,Local,Curb,Not at Intersection,N,Daylight,Clear,Dry,N,,Pedestrian,On Roadway,N,Non-Junction,None,,,None,,,N,,,,,OFFICER,Orlando Police Department,Police Department (PD),3/9/2024 7:15:00 PM,3/9/2024 7:15:00 PM,2,Y,Pedestrian,Pedestrian,Injury,Non-Incapacitating Injury,DAY,N,N,N,N,N,N,N,N,N,1,1,0,1,0,0,0,0,0,0,0,1,1,0,1,0,1,0,0,0,0,0,0,0,0,N,0,0,Y,0,0,0,0,0,0,0,0,0,1,0,0,Preliminary,Editor Mapped,478781.1561,3144420.8436,28.4260695494218,-81.2166664856424
26487726,2024,15-MAR-2024 07:58 AM,15-MAR-2024 12:00 AM,2024-00095564,L,1,2,7,46,Orange,Orlando,Urban,3/15/2024 7:58:00 AM,3/15/2024 8:07:00 AM,3/15/2024 8:26:00 AM,3/15/2024 8:50:00 AM,Y,Law Enforcement,JOSEPH ST,,28.51277,-81.37955,,,MICHIGAN ST W,,Local,Curb,Not at Intersection,N,Daylight,Clear,Dry,N,,Pedalcycle,On Roadway,N,Non-Junction,None,,,None,,,N,,,,,CSO,Orlando Police Department,Police Department (PD),3/16/2024 7:19:00 PM,3/16/2024 7:19:00 PM,1,N,Bicycle,Bicycle,No Injury,No Injury,DAY,N,N,N,N,N,N,N,N,N,2,0,0,0,0,0,0,0,0,0,0,1,1,0,1,0,0,0,0,0,0,0,0,0,0,N,0,0,Y,0,0,0,0,1,500,1,500,1000,0,0,0,Preliminary,Editor Mapped,462860.6929,3154064.177,28.5127591606732,-81.3795396220183
26487879,2024,19-MAR-2024 09:45 AM,19-MAR-2024 12:00 AM,2024-00100455,L,1,2,7,46,Orange,Orlando,Urban,3/19/2024 9:48:00 AM,3/19/2024 9:50:00 AM,3/19/2024 9:52:00 AM,3/19/2024 10:15:00 AM,Y,Law Enforcement,N MAGNOLIA AVE,,28.553035,-81.37679,0,,E COLONIAL DR,,State,Curb,Four-Way Intersection,Y,Daylight,Clear,Dry,N,,Pedalcycle,On Roadway,N,Intersection,None,,,None,,,N,,,,,CSO,Orlando Police Department,Police Department (PD),3/20/2024 11:16:00 PM,3/20/2024 11:16:00 PM,1,Y,Bicycle,Bicycle,Injury,Possible Injury,DAY,N,N,N,N,N,N,Y,N,N,1,1,1,0,0,0,0,0,0,0,0,1,1,0,1,1,0,0,0,0,0,0,0,0,0,N,0,0,Y,0,0,0,0,0,0,1,50,50,0,0,0,Preliminary,Editor Mapped,463143.6925,3158524.9553,28.5530319649542,-81.3767907976604
26488124,2024,25-MAR-2024 06:41 PM,25-MAR-2024 12:00 AM,2024-00108422,L,1,6,7,46,Orange,Orlando,Urban,3/25/2024 6:41:00 PM,3/25/2024 7:02:00 PM,3/25/2024 7:11:00 PM,3/25/2024 8:00:00 PM,Y,Law Enforcement,N JOHN YOUNG PARKWAY,,28.550893,-81.413603,,,W COLONIAL DR,,State,Curb,Not at Intersection,N,Daylight,Clear,Dry,N,,Pedestrian,On Roadway,N,Non-Junction,None,,,None,,,N,,,,,CSO,Orlando Police Department,Police Department (PD),4/2/2024 7:53:00 PM,4/2/2024 7:53:00 PM,8,Y,Pedestrian,Pedestrian,Injury,Possible Injury,DAY,N,N,N,N,N,N,N,N,N,5,1,1,0,0,0,0,0,0,0,0,1,1,0,1,0,0,4,0,0,0,0,0,0,0,N,0,0,Y,0,0,0,0,0,0,1,500,500,0,0,0,Preliminary,Editor Mapped,459543.5253,3158299.0778,28.5508859849512,-81.4135874434629
26488576,2024,07-APR-2024 11:34 AM,07-APR-2024 12:00 AM,2024-00125279,L,1,3,7,46,Orange,Orlando,Urban,4/7/2024 11:35:00 AM,4/7/2024 11:38:00 AM,4/7/2024 11:42:00 AM,4/7/2024 11:53:00 AM,Y,Law Enforcement,W AMELIA ST,,28.549345,-81.379275,0,,N ORANGE AVE,,Local,Paved,Four-Way Intersection,N,Daylight,Clear,Dry,N,,Pedalcycle,On Roadway,N,Other,None,,,None,,,N,,,,,OFC,Orlando Police Department,Police Department (PD),4/12/2024 7:32:00 PM,4/12/2024 7:32:00 PM,5,Y,Bicycle,Bicycle,Injury,Non-Incapacitating Injury,DAY,N,N,N,N,N,N,N,N,N,2,1,0,1,0,0,0,0,0,0,0,1,1,0,1,0,0,1,0,0,0,0,0,0,0,N,0,0,Y,0,0,0,0,1,800,1,500,1300,0,0,0,Preliminary,Editor Mapped,462899.6444,3158116.7344,28.5493402647098,-81.3792725112065
26489996,2024,16-MAY-2024 06:05 PM,16-MAY-2024 12:00 AM,2024-00179256,L,1,2,7,46,Orange,Orlando,Urban,5/16/2024 6:05:00 PM,5/16/2024 6:37:00 PM,5/16/2024 6:53:00 PM,5/16/2024 9:00:00 PM,Y,Law Enforcement,LAKE MARGARET DR,,28.506015,-81.316698,745,West,DIXIE BELLE DR,,Local,Curb,T-Intersection,N,Daylight,Clear,Dry,N,,Pedestrian,On Roadway,N,Intersection,None,,,None,,,N,,,,,PO,Orlando Police Department,Police Department (PD),5/18/2024 7:23:00 PM,5/18/2024 7:23:00 PM,2,Y,Pedestrian,Pedestrian,Injury,Non-Incapacitating Injury,DAY,N,N,N,N,N,Y,Y,N,N,0,1,0,1,0,0,0,0,0,0,0,1,1,0,1,0,0,0,0,0,0,0,0,0,0,N,0,0,Y,0,0,0,0,0,0,0,0,0,1,0,0,Preliminary,Editor Mapped,469008.5017,3153298.9826,28.5060130974257,-81.3166932409953
26490710,2024,04-JUN-2024 10:30 PM,04-JUN-2024 12:00 AM,2024-00204872,L,1,2,7,46,Orange,Orlando,Urban,6/4/2024 10:30:00 PM,6/4/2024 10:37:00 PM,6/4/2024 10:39:00 PM,6/4/2024 11:45:00 PM,Y,Law Enforcement,E MICHIGAN ST,,28.514584,-81.312991,465,East,SEMORAN BLVD S,,County,Paved,Four-Way Intersection,N,Dark - Lighted,Clear,Dry,N,,Pedestrian,On Roadway,N,Other,None,,,None,,,N,,,,,CPL,Orlando Police Department,Police Department (PD),6/6/2024 7:29:00 PM,6/6/2024 7:29:00 PM,2,Y,Pedestrian,Pedestrian,Injury,Possible Injury,NIGHT,N,N,N,N,N,N,N,N,N,0,2,2,0,0,0,0,0,0,0,0,1,1,0,1,0,0,0,0,0,0,0,0,0,0,N,0,0,Y,0,0,0,0,0,0,1,1000,1000,1,0,0,Preliminary,Editor Mapped,469373.7263,3154247.3038,28.5145817527337,-81.3129864288385
26494108,2024,04-SEP-2024 03:29 PM,04-SEP-2024 12:00 AM,2024-00328746,L,1,4,7,46,Orange,Orlando,Urban,9/4/2024 3:29:00 PM,9/4/2024 3:39:00 PM,9/4/2024 3:39:00 PM,9/4/2024 4:00:00 PM,Y,Law Enforcement,S KIRKMAN RD,5300,28.4852,-81.459161,185,South,,,Private Roadway,Curb,Other,N,Daylight,Clear,Dry,N,,Pedestrian,On Roadway,N,Non-Junction,None,,,None,,,N,,,,,CSO,Orlando Police Department,Police Department (PD),9/5/2024 7:30:00 PM,9/5/2024 7:30:00 PM,1,Y,Pedestrian,Pedestrian,Injury,Non-Incapacitating Injury,DAY,N,N,N,N,N,N,N,N,N,3,1,0,1,0,0,0,0,0,0,0,1,1,0,1,0,0,2,0,0,0,0,0,0,0,N,0,0,Y,0,0,1,0,0,0,1,500,500,1,0,0,Preliminary,Editor Mapped,455056.996,3151036.9476,28.4851881974956,-81.4591681261612
26494355,2024,10-SEP-2024 12:54 PM,10-SEP-2024 12:00 AM,2024-00336499,L,1,3,7,46,Orange,Orlando,Urban,9/10/2024 12:54:00 PM,9/10/2024 1:03:00 PM,9/10/2024 1:14:00 PM,9/10/2024 2:01:00 PM,Y,Law Enforcement,NARCOOSSEE RD,11768,28.394745,-81.244486,1027,South,,,Parking Lot,Curb,Not at Intersection,N,Daylight,Clear,Dry,N,,Pedestrian,On Roadway,N,Non-Junction,None,,,None,,,N,,,,,CSO,Orlando Police Department,Police Department (PD),9/17/2024 7:50:00 PM,9/17/2024 7:50:00 PM,7,Y,Pedestrian,Pedestrian,Injury,Possible Injury,DAY,N,N,N,N,N,N,N,N,N,2,1,1,0,0,0,0,0,0,0,0,1,1,0,1,0,0,1,0,0,0,0,0,0,0,N,0,0,Y,0,0,0,0,0,0,0,0,0,0,0,0,Preliminary,Editor Mapped,476050.163,3140955.0934,28.3947381225208,-81.2444807265141
26494712,2024,19-SEP-2024 05:05 PM,19-SEP-2024 12:00 AM,2024-00349483,L,1,2,7,46,Orange,Orlando,Urban,9/19/2024 5:11:00 PM,9/19/2024 6:23:00 PM,9/19/2024 6:32:00 PM,9/19/2024 6:58:00 PM,Y,Law Enforcement,HAMPTON AVE S,,28.538707,-81.355995,0,,E SOUTH ST,,Local,Curb,Four-Way Intersection,Y,Daylight,Clear,Dry,N,,Pedestrian,On Roadway,N,Other,None,,,None,,,N,,,,,OFC,Orlando Police Department,Police Department (PD),10/1/2024 7:44:00 PM,10/1/2024 7:44:00 PM,12,Y,Pedestrian,Pedestrian,Injury,Non-Incapacitating Injury,DAY,N,N,N,N,N,Y,N,N,N,0,1,0,1,0,0,0,0,0,0,0,1,1,0,1,0,0,0,0,0,0,0,0,0,0,N,0,0,Y,0,0,0,0,0,0,0,0,0,0,0,0,Preliminary,Editor Mapped,465173.5108,3156931.1211,28.5387013838121,-81.3559914428732
26495070,2024,30-SEP-2024 06:49 AM,30-SEP-2024 12:00 AM,2024-00362767,S,1,2,7,46,Orange,Orlando,Urban,9/30/2024 7:02:00 AM,9/30/2024 7:02:00 AM,9/30/2024 7:05:00 AM,9/30/2024 7:30:00 AM,Y,Law Enforcement,ARNOLD PALMER DR,,28.510512,-81.458764,0,,S KIRKMAN RD,,State,Paved,Four-Way Intersection,N,Daylight,Clear,Dry,N,,Pedalcycle,On Roadway,N,Intersection,None,,,None,,,N,,,,,OFFICER,Orlando Police Department,Police Department (PD),10/21/2024 7:48:00 PM,10/21/2024 7:48:00 PM,21,N,Bicycle,Bicycle,No Injury,No Injury,NIGHT,N,N,N,N,N,N,Y,N,N,2,0,0,0,0,0,0,0,0,0,0,1,1,0,1,0,0,0,0,0,0,0,0,0,0,N,0,0,Y,0,0,0,0,0,0,1,1000,1000,0,0,0,Preliminary,Officer Mapped,455107.6228,3153841.6883,28.5105065127015,-81.4587603724798
26495179,2024,02-OCT-2024 07:33 PM,02-OCT-2024 12:00 AM,2024-00366570,L,1,2,7,46,Orange,Orlando,Urban,10/2/2024 7:35:00 PM,10/2/2024 7:39:00 PM,10/2/2024 7:50:00 PM,10/2/2024 8:18:00 PM,Y,Law Enforcement,W COLONIAL DR,,28.552602,-81.420089,0,,FERGUSON DR,,Local,Curb,Four-Way Intersection,N,Dark - Lighted,Clear,Wet,N,,Pedalcycle,On Roadway,N,Intersection,None,,,None,,,N,,,,,OFFICER,Orlando Police Department,Police Department (PD),10/10/2024 12:52:00 AM,10/10/2024 12:52:00 AM,8,Y,Bicycle,Bicycle,Injury,Possible Injury,NIGHT,N,N,N,N,N,N,Y,N,N,1,1,1,0,0,0,0,0,0,0,0,1,1,0,1,1,0,0,0,0,0,0,0,0,0,N,0,0,Y,0,0,0,0,0,0,1,100,100,1,0,0,Preliminary,Editor Mapped,458905.59,3158485.3165,28.5525470131847,-81.420115599677
26495689,2024,17-OCT-2024 04:13 PM,18-OCT-2024 12:00 AM,2024-00384467,L,1,2,7,46,Orange,Orlando,Urban,10/17/2024 4:13:00 PM,10/17/2024 4:13:00 PM,10/17/2024 4:13:00 PM,10/17/2024 5:00:00 PM,Y,Law Enforcement,NARCOOSSEE RD,13700,28.367742,-81.244924,,,,,Parking Lot,Curb,Not at Intersection,N,Daylight,Clear,Dry,N,,Pedalcycle,In Parking Lane or Zone,N,Non-Junction,None,,,None,,,N,,,,,OFC,Orlando Police Department,Police Department (PD),10/19/2024 7:26:00 PM,10/19/2024 7:26:00 PM,2,Y,Bicycle,Bicycle,Injury,Non-Incapacitating Injury,DAY,N,N,N,N,N,N,N,N,N,1,1,0,1,0,0,0,0,0,0,0,1,1,0,1,1,0,0,0,0,0,0,0,0,0,N,0,0,Y,0,0,0,0,0,0,1,500,500,0,0,0,Preliminary,Editor Mapped,476000.7947,3137964.1887,28.3677391827288,-81.244922638919
26495696,2024,18-OCT-2024 10:34 AM,18-OCT-2024 12:00 AM,2024-00385428,L,1,2,7,46,Orange,Orlando,Urban,10/18/2024 10:36:00 AM,10/18/2024 10:44:00 AM,10/18/2024 10:57:00 AM,10/18/2024 11:30:00 AM,Y,Law Enforcement,E COLONIAL DR,,28.5532,-81.368605,0,,N SUMMERLIN AVE,,State,Curb,Four-Way Intersection,N,Daylight,Clear,Dry,N,,Pedalcycle,On Roadway,Y,Intersection,None,,,None,,,N,,,,,OFFICER,Orlando Police Department,Police Department (PD),10/21/2024 7:48:00 PM,10/21/2024 7:48:00 PM,3,Y,Bicycle,Bicycle,Injury,Non-Incapacitating Injury,DAY,N,N,N,N,N,N,Y,N,N,1,1,0,1,0,0,0,0,0,0,0,1,1,0,1,0,0,0,0,0,0,0,0,0,0,N,0,0,Y,0,0,0,0,0,0,1,200,200,0,0,0,Preliminary,Editor Mapped,463938.3032,3158531.3381,28.5531118807011,-81.3686676438598
26496106,2024,24-OCT-2024 07:43 PM,24-OCT-2024 12:00 AM,2024-00394045,L,1,1,7,46,Orange,Orlando,Urban,10/24/2024 7:47:00 PM,10/24/2024 8:30:00 PM,10/24/2024 8:47:00 PM,10/24/2024 9:00:00 PM,Y,Law Enforcement,W COLONIAL DR,,28.553014,-81.395033,86,West,ELLWOOD AVE,,State,Paved,Not at Intersection,N,Dark - Lighted,Clear,Dry,N,,Pedalcycle,On Roadway,N,Non-Junction,None,,,None,,,N,,,,,OFC,Orlando Police Department,Police Department (PD),10/31/2024 7:32:00 PM,10/31/2024 7:32:00 PM,7,Y,Bicycle,Bicycle,Injury,Non-Incapacitating Injury,NIGHT,N,N,N,N,N,Y,N,N,N,0,1,0,1,0,0,0,0,0,0,0,1,1,0,0,0,0,0,0,0,0,0,0,0,0,N,0,0,Y,0,0,0,0,0,0,0,0,0,0,0,0,Preliminary,Editor Mapped,461369.3201,3158531.2787,28.5530374868111,-81.3949304957762
26497133,2024,01-MAY-2024 12:55 PM,01-MAY-2024 12:00 AM,24005623,L,1,2,1,46,Miami-Dade,Florida City,Urban,5/1/2024 1:04:00 PM,5/1/2024 1:04:00 PM,5/1/2024 1:07:00 PM,5/1/2024 1:30:00 PM,Y,Law Enforcement,NW 3RD TER,,25.451452,-80.493321,0,,N REDLAND RD,,Local,Paved,T-Intersection,N,Daylight,Clear,Dry,N,,Pedestrian,On Roadway,N,Intersection-Related,None,,,None,,,N,,,,,OFFICER,Florida City Police Department,Police Department (PD),5/7/2024 7:53:00 PM,5/7/2024 7:53:00 PM,6,Y,Pedestrian,Pedestrian,Injury,Non-Incapacitating Injury,DAY,N,N,N,N,N,N,Y,N,N,1,1,0,1,0,0,0,0,0,0,0,1,1,0,1,1,0,0,0,0,0,0,0,0,0,N,0,0,Y,0,0,0,0,0,0,1,300,300,1,0,0,Preliminary,Editor Mapped,550940.7011,2815033.5398,25.4514414704433,-80.4933225028772
26497148,2024,06-MAY-2024 08:40 AM,06-MAY-2024 12:00 AM,24005838,L,1,3,1,46,Miami-Dade,Florida City,Urban,5/6/2024 8:40:00 AM,5/6/2024 8:40:00 AM,5/6/2024 8:44:00 AM,5/6/2024 9:40:00 AM,Y,Law Enforcement,SW 336TH ST,,25.455107,-80.489408,0,,NW 8TH AVE,,Local,Paved,Four-Way Intersection,N,Daylight,Clear,Dry,N,,Pedestrian,On Roadway,N,Intersection,None,,,None,,,N,,,,,OFFICER,Florida City Police Department,Police Department (PD),5/7/2024 7:53:00 PM,5/7/2024 7:53:00 PM,1,Y,Pedestrian,Pedestrian,Serious Injury,Incapacitating Injury,DAY,N,N,N,N,N,N,Y,N,N,2,1,0,0,1,0,0,0,0,0,0,1,1,0,1,0,0,1,0,0,0,0,0,0,0,N,0,0,Y,1,0,1,0,0,0,1,200,200,1,0,0,Preliminary,Editor Mapped,551330.3957,2815438.9844,25.4550892825779,-80.4894311147848
26499013,2024,03-OCT-2024 04:25 PM,03-OCT-2024 12:00 AM,24I108807,L,1,2,26,0,Osceola,Unincorporated,Rural,10/3/2024 4:31:00 PM,10/3/2024 4:35:00 PM,10/3/2024 4:39:00 PM,10/3/2024 5:05:00 PM,Y,Law Enforcement,CELEBRATION AVE,,28.318158,-81.544263,218,West,MULBERRY AVE,,County,Paved,Not at Intersection,N,Daylight,Cloudy,Dry,N,,Pedalcycle,On Roadway,N,Non-Junction,None,,,None,,,N,,,,,DEPUTY,Osceola County Sheriff's Office,Sheriff's Office (SO),10/12/2024 7:21:00 PM,10/12/2024 7:21:00 PM,9,Y,Bicycle,Bicycle,Injury,Possible Injury,DAY,N,N,N,N,N,N,N,N,N,1,1,1,0,0,0,0,0,0,0,0,1,1,0,1,1,0,0,0,0,0,0,0,0,0,N,0,0,Y,0,0,0,0,0,0,1,500,500,0,0,0,Preliminary,Editor Mapped,446643.638,3132568.1899,28.3181651442878,-81.5442691927479
26500512,2024,12-JAN-2024 12:20 PM,12-JAN-2024 12:00 AM,24000187,S,1,2,38,42,Monroe,Key West,Urban,1/12/2024 12:20:00 PM,1/12/2024 12:28:00 PM,1/12/2024 12:28:00 PM,1/12/2024 12:30:00 PM,Y,Law Enforcement,WHITE ST,,,,0,,TRUMAN AVE,,Local,Curb,Not at Intersection,N,Daylight,Clear,Dry,N,Angle,Pedalcycle,On Roadway,N,Non-Junction,None,,,None,,,N,,,,,POLICE OFFICER,Key West Police Department,Police Department (PD),1/20/2024 7:17:00 PM,1/20/2024 7:17:00 PM,8,N,Bicycle,Bicycle,No Injury,No Injury,DAY,N,N,N,N,N,N,N,N,N,2,0,0,0,0,0,0,0,0,0,0,1,1,0,1,0,0,0,0,0,0,0,0,0,0,N,0,0,Y,0,0,0,0,1,600,1,1000,1600,0,0,0,Preliminary,Computer mapped confident by address,419877.784,2716027.8905,24.5561107975182,-81.7911637074694
26500871,2024,23-MAR-2024 10:31 AM,23-MAR-2024 12:00 AM,24001645,L,1,2,38,42,Monroe,Key West,Urban,3/23/2024 10:31:00 AM,3/23/2024 10:32:00 AM,3/23/2024 10:33:00 AM,3/23/2024 10:40:00 AM,Y,Law Enforcement,N ROOSEVELT BLVD,,,,0,,SIGSBEE RD,,U.S.,Curb,Four-Way Intersection,N,Daylight,Rain,Wet,N,Angle,Pedalcycle,On Roadway,N,Intersection,None,,,Weather Conditions,,,N,,,,,POLICE OFFICER,Key West Police Department,Police Department (PD),3/28/2024 7:19:00 PM,3/28/2024 7:19:00 PM,5,Y,Bicycle,Bicycle,Injury,Non-Incapacitating Injury,DAY,N,N,N,N,N,N,Y,N,N,1,1,0,1,0,0,0,0,0,0,0,1,1,0,1,0,0,0,0,0,0,0,0,0,0,N,0,0,Y,0,0,0,0,0,0,0,0,0,0,0,0,Preliminary,Editor Mapped,422090.4773,2717342.6525,24.5680972473654,-81.7693885882066
26500925,2024,06-APR-2024 09:45 AM,06-APR-2024 12:00 AM,24001963,S,1,2,38,42,Monroe,Key West,Urban,4/6/2024 9:45:00 AM,4/6/2024 9:47:00 AM,4/6/2024 9:57:00 AM,4/6/2024 10:00:00 AM,Y,Law Enforcement,N ROOSEVELT BLVD,,,,0,,7TH ST,,U.S.,Curb,Not at Intersection,N,Daylight,Clear,Dry,N,Angle,Pedalcycle,Shoulder,N,Non-Junction,None,,,None,,,N,,,,,POLICE OFFICER,Key West Police Department,Police Department (PD),4/9/2024 7:35:00 PM,4/9/2024 7:35:00 PM,3,N,Bicycle,Bicycle,No Injury,No Injury,DAY,N,N,N,N,N,N,N,N,N,2,0,0,0,0,0,0,0,0,0,0,1,1,0,1,0,0,0,0,0,0,0,0,0,0,N,0,0,Y,0,0,0,0,0,0,1,2000,2000,0,0,0,Preliminary,Computer mapped confident by address,421353.407,2716771.5708,24.5629025910845,-81.7766351578767
26501000,2024,18-APR-2024 04:41 PM,18-APR-2024 12:00 AM,24002191,L,1,2,38,42,Monroe,Key West,Urban,4/18/2024 4:41:00 PM,4/18/2024 4:43:00 PM,4/18/2024 4:44:00 PM,4/18/2024 6:02:00 PM,Y,Law Enforcement,1ST ST,,,,0,,FOGARTY AVE,,County,Curb,Four-Way Intersection,N,Daylight,Clear,Dry,N,Angle,Pedalcycle,On Roadway,N,Intersection,None,,,None,,,N,,,,,POLICE OFFICER,Key West Police Department,Police Department (PD),4/20/2024 7:18:00 PM,4/20/2024 7:18:00 PM,2,Y,Bicycle,Bicycle,Serious Injury,Incapacitating Injury,DAY,N,N,N,N,N,N,Y,N,N,1,1,0,0,1,0,0,0,0,0,0,1,1,0,1,0,0,0,0,0,0,0,0,0,0,N,0,0,Y,1,0,1,0,1,100,1,500,600,1,0,0,Verified,n/a,420820.2759,2716158.6958,24.5573406308935,-81.781865117092
26501150,2024,19-MAY-2024 02:58 PM,19-MAY-2024 12:00 AM,24002795,L,1,2,38,42,Monroe,Key West,Urban,5/19/2024 2:58:00 PM,5/19/2024 3:01:00 PM,5/19/2024 3:05:00 PM,5/19/2024 3:10:00 PM,Y,Law Enforcement,EATON ST,,,,57,East,GRINNELL ST,,County,Curb,Not at Intersection,N,Daylight,Clear,Dry,N,Other,Pedalcycle,On Roadway,N,Non-Junction,None,,,None,,,N,,,,,POLICE OFFICER,Key West Police Department,Police Department (PD),5/23/2024 7:24:00 PM,5/23/2024 7:24:00 PM,4,Y,Bicycle,Bicycle,Serious Injury,Incapacitating Injury,DAY,N,N,N,N,N,N,N,N,N,1,1,0,0,1,0,0,0,0,0,0,1,1,0,1,0,0,0,0,0,0,0,0,0,0,N,0,0,Y,1,0,0,0,0,0,1,200,200,1,0,0,Preliminary,Editor Mapped,419226.6218,2716533.5865,24.56064372474,-81.7976219877076
26501734,2024,25-SEP-2024 01:51 PM,25-SEP-2024 12:00 AM,24004953,L,1,2,38,42,Monroe,Key West,Urban,9/25/2024 1:51:00 PM,9/25/2024 1:53:00 PM,9/25/2024 1:58:00 PM,9/25/2024 2:00:00 PM,Y,Law Enforcement,N ROOSEVELT BLVD,,,,,,FOURTH ST,,U.S.,Curb,Not at Intersection,N,Daylight,Rain,Wet,N,Other,Pedalcycle,Outside Right-of-way,N,Non-Junction,None,,,None,,,N,,,,,POLICE OFFICER,Key West Police Department,Police Department (PD),9/29/2024 7:17:00 PM,9/29/2024 7:17:00 PM,4,Y,Bicycle,Bicycle,Injury,Possible Injury,DAY,N,N,N,N,N,N,N,N,N,1,1,1,0,0,0,0,0,0,0,0,1,1,0,1,0,0,0,0,0,0,0,0,0,0,N,0,0,Y,0,0,0,0,0,0,0,0,0,1,0,0,Preliminary,Editor Mapped,420931.2367,2716496.4241,24.5603962609639,-81.7807883961235
26501809,2024,27-SEP-2024 04:23 PM,27-SEP-2024 12:00 AM,24004976,S,1,3,38,42,Monroe,Key West,Urban,9/27/2024 4:27:00 PM,9/27/2024 4:27:00 PM,9/27/2024 4:27:00 PM,9/27/2024 4:27:00 PM,Y,Law Enforcement,N ROOSEVELT BLVD,2516,,,0,,,,U.S.,Paved,Not at Intersection,N,Daylight,Clear,Dry,N,Other,Pedestrian,On Roadway,N,Driveway/Alley Access Related,None,,,None,,,N,,,,,POLICE OFFICER,Key West Police Department,Police Department (PD),10/20/2024 7:20:00 PM,10/20/2024 7:20:00 PM,23,N,Pedestrian,Pedestrian,No Injury,No Injury,DAY,N,N,N,N,N,N,N,N,N,3,0,0,0,0,0,0,0,0,0,0,2,2,0,1,0,1,0,0,0,0,0,0,0,0,N,0,0,Y,0,0,0,0,0,0,1,2500,2500,0,0,0,Preliminary,Computer mapped confident by address,421476.393,2716881.9528,24.5639056811889,-81.7754268908014
26502089,2024,15-DEC-2024 04:43 PM,15-DEC-2024 12:00 AM,24006507,L,1,3,38,42,Monroe,Key West,Urban,12/15/2024 4:43:00 PM,12/15/2024 4:43:00 PM,12/15/2024 4:48:00 PM,12/15/2024 5:43:00 PM,Y,Law Enforcement,N ROOSEVELT BLVD,,,,156,East,KEY COVE DR,,U.S.,Curb,Not at Intersection,N,Daylight,Clear,Dry,N,Front to Front,Pedalcycle,On Roadway,N,Driveway/Alley Access Related,None,,,None,,,N,,,,,POLICE OFFICER,Key West Police Department,Police Department (PD),12/20/2024 7:51:00 PM,12/20/2024 7:51:00 PM,5,Y,Bicycle,Bicycle,Serious Injury,Incapacitating Injury,DAY,N,N,N,N,N,N,N,Y,N,2,1,0,0,1,0,0,0,0,0,0,1,1,0,1,0,1,1,0,0,0,0,0,0,0,N,0,0,Y,1,0,0,0,0,0,0,0,0,1,0,0,Preliminary,Editor Mapped,421855.6585,2717175.7314,24.5665779595245,-81.7716981249515
26503765,2024,14-MAR-2024 05:01 PM,14-MAR-2024 12:00 AM,24-023634,L,1,2,16,0,Sarasota,Unincorporated,Rural,3/14/2024 5:01:00 PM,3/14/2024 5:02:00 PM,3/14/2024 5:26:00 PM,3/14/2024 6:15:00 PM,Y,Law Enforcement,MIDNIGHT PASS RD,,27.287787,-82.5575,0,,MANGROVE POINT RD,,Local,Paved,Four-Way Intersection,N,Daylight,Clear,Dry,N,,Pedalcycle,On Roadway,N,Intersection,None,,,None,,,N,,,,,DEPUTY,Sarasota County Sheriff's Office,Sheriff's Office (SO),3/16/2024 7:19:00 PM,3/16/2024 7:19:00 PM,2,Y,Bicycle,Bicycle,Injury,Non-Incapacitating Injury,DAY,N,N,N,N,N,N,Y,N,N,1,1,0,1,0,0,0,0,0,0,0,1,1,0,0,0,0,1,0,0,0,0,0,0,0,N,0,0,Y,0,0,0,0,0,0,1,5000,5000,0,0,0,Preliminary,Editor Mapped,345856.5704,3019270.9766,27.2877812143023,-82.557500002731
26504254,2024,05-APR-2024 08:23 PM,05-APR-2024 12:00 AM,24-031111,L,1,2,16,0,Sarasota,Unincorporated,Rural,4/5/2024 8:23:00 PM,4/5/2024 8:23:00 PM,4/5/2024 8:24:00 PM,4/5/2024 9:40:00 PM,Y,Law Enforcement,GLADSTONE ST,,27.29397,-82.497681,0,,BENEVA RD,,County,Paved,T-Intersection,N,Dark - Not Lighted,Clear,Dry,N,,Pedestrian,On Roadway,N,Through Roadway,None,,,None,,,N,,,,,DEPUTY,Sarasota County Sheriff's Office,Sheriff's Office (SO),4/7/2024 7:13:00 PM,4/7/2024 7:13:00 PM,2,Y,Pedestrian,Pedestrian,Injury,Possible Injury,NIGHT,N,N,N,N,N,Y,N,N,N,1,1,1,0,0,0,0,0,0,0,0,1,1,0,0,0,0,1,0,0,0,0,0,0,0,N,0,0,Y,0,0,0,0,0,0,1,0,0,0,0,0,Preliminary,Editor Mapped,351786.2194,3019884.1004,27.2939690070477,-82.4976766400396
26504356,2024,11-APR-2024 06:50 PM,11-APR-2024 12:00 AM,24-033032,L,1,2,16,0,Sarasota,Unincorporated,Rural,4/11/2024 6:53:00 PM,4/11/2024 6:54:00 PM,4/11/2024 7:05:00 PM,4/11/2024 7:30:00 PM,Y,Law Enforcement,N LOCKWOOD RIDGE RD,,27.357645,-82.505722,0,,S LOCKWOOD MEADOWS BLVD,,County,Curb,T-Intersection,N,Daylight,Clear,Dry,N,,Pedalcycle,On Roadway,N,Intersection,None,,,None,,,N,,,,,1,Sarasota County Sheriff's Office,Sheriff's Office (SO),4/13/2024 7:19:00 PM,4/13/2024 7:19:00 PM,2,Y,Bicycle,Bicycle,Injury,Possible Injury,DAY,N,N,N,N,N,N,Y,N,N,1,1,1,0,0,0,0,0,0,1,0,1,1,0,1,0,0,0,0,0,0,0,1,0,0,N,0,0,Y,0,0,1,0,1,50,1,500,550,0,0,0,Preliminary,Editor Mapped,351075.996,3026948.0023,27.3576440247102,-82.5057123919309
26504637,2024,26-APR-2024 08:12 AM,26-APR-2024 12:00 AM,24-037751,L,1,3,16,50,Sarasota,Sarasota,Urban,4/26/2024 11:00:00 AM,4/26/2024 12:00:00 PM,4/26/2024 12:50:00 PM,4/26/2024 3:00:00 PM,Y,Law Enforcement,RINGLING BLVD,,27.335658,-82.529416,7,West,S EAST AVE,,Local,Curb,Not at Intersection,N,Daylight,Clear,Dry,N,,Pedalcycle,On Roadway,N,Driveway/Alley Access Related,None,,,None,,,N,,,,,SERGEANT,Sarasota County Sheriff's Office,Sheriff's Office (SO),4/27/2024 7:20:00 PM,4/27/2024 7:20:00 PM,1,Y,Bicycle,Bicycle,Injury,Possible Injury,DAY,N,N,N,N,N,N,N,N,N,2,1,1,0,0,0,0,0,0,0,0,1,1,0,1,0,0,1,0,0,0,0,0,0,0,N,0,0,Y,0,0,0,0,0,0,0,0,0,0,0,0,Preliminary,Editor Mapped,348839.7357,3022406.4281,27.3164109808937,-82.5277536462043
26505069,2024,21-MAY-2024 11:30 AM,21-MAY-2024 12:00 AM,24-046054,S,1,2,16,0,Sarasota,Unincorporated,Rural,5/21/2024 11:37:00 AM,5/21/2024 11:37:00 AM,5/21/2024 11:46:00 AM,5/21/2024 12:30:00 PM,Y,Law Enforcement,TAMIAMI TRL S,,27.063347,-82.417469,599,North,W SEMINOLE DR,,State,Curb,Not at Intersection,N,Daylight,Clear,Dry,N,,Pedestrian,On Roadway,N,Non-Junction,None,,,None,,,N,,,,,DEPUTY,Sarasota County Sheriff's Office,Sheriff's Office (SO),5/23/2024 7:25:00 PM,5/23/2024 7:25:00 PM,2,N,Pedestrian,Pedestrian,No Injury,No Injury,DAY,N,N,N,N,N,N,N,N,N,2,0,0,0,0,0,0,0,0,0,0,1,1,0,1,0,0,0,0,0,0,0,0,0,0,N,0,0,Y,0,0,0,0,0,0,1,200,200,0,0,0,Preliminary,Officer Mapped,359436.2747,2994242.1266,27.0633416079043,-82.4174658863867
26506783,2024,03-SEP-2024 08:07 AM,03-SEP-2024 12:00 AM,24-079378,L,1,3,16,0,Sarasota,Unincorporated,Rural,9/3/2024 8:07:00 AM,9/3/2024 8:08:00 AM,9/3/2024 8:12:00 AM,9/3/2024 9:02:00 AM,Y,Law Enforcement,TAMIAMI TRL S,,27.114855,-82.448463,121,South,NIPPINO TRL E,,U.S.,Curb,Other,N,Daylight,Clear,Dry,N,,Pedalcycle,On Roadway,N,Through Roadway,None,,,None,,,N,,,,,DEP.,Sarasota County Sheriff's Office,Sheriff's Office (SO),9/5/2024 7:30:00 PM,9/5/2024 7:30:00 PM,2,Y,Bicycle,Bicycle,Injury,Non-Incapacitating Injury,DAY,N,N,N,N,N,N,N,N,N,2,1,0,1,0,0,0,0,0,0,0,1,1,0,1,0,0,1,0,0,0,0,0,0,0,N,0,0,Y,0,0,0,0,1,500,1,1000,1500,1,0,0,Preliminary,Editor Mapped,356426.845,2999982.4338,27.1148421730118,-82.4484720488109
26506990,2024,15-SEP-2024 10:18 AM,15-SEP-2024 12:00 AM,24-083251,L,1,2,16,0,Sarasota,Unincorporated,Rural,9/15/2024 10:19:00 AM,9/15/2024 10:19:00 AM,9/15/2024 10:32:00 AM,9/15/2024 11:10:00 AM,Y,Law Enforcement,S LOCKWOOD RIDGE RD,,27.284309,-82.505895,0,,PROCTOR RD,,Local,Curb,T-Intersection,N,Daylight,Clear,Dry,N,,Pedestrian,On Roadway,N,Intersection-Related,None,,,None,,,N,,,,,DEPUTY,Sarasota County Sheriff's Office,Sheriff's Office (SO),9/17/2024 7:49:00 PM,9/17/2024 7:49:00 PM,2,Y,Pedestrian,Pedestrian,Injury,Non-Incapacitating Injury,DAY,N,N,N,N,N,N,Y,N,N,1,1,0,1,0,0,0,0,0,0,0,1,1,0,1,1,0,0,0,0,0,0,0,0,0,N,0,0,Y,0,0,0,0,1,500,1,2000,2500,1,0,0,Preliminary,Editor Mapped,350959.9798,3018823.0578,27.284303349045,-82.5058941393134
26511508,2024,09-FEB-2024 04:00 PM,09-FEB-2024 12:00 AM,2024003605,L,1,2,1,54,Miami-Dade,Hialeah,Urban,2/9/2024 4:24:00 PM,2/9/2024 4:25:00 PM,2/9/2024 4:31:00 PM,2/9/2024 5:00:00 PM,Y,Law Enforcement,W 23RD ST,,25.842491,-80.299198,0,,W 8TH CT,,Local,Paved,T-Intersection,N,Daylight,Clear,Dry,N,,Pedalcycle,On Roadway,N,Intersection-Related,None,,,None,,,N,,,,,OFC,Hialeah Police Department,Police Department (PD),2/11/2024 7:11:00 PM,2/11/2024 7:11:00 PM,2,N,Bicycle,Bicycle,No Injury,No Injury,DAY,N,N,N,N,N,N,Y,N,N,2,0,0,0,0,0,0,0,0,0,0,1,1,0,1,0,0,0,0,0,0,0,0,0,0,N,0,0,Y,0,0,0,0,0,0,1,2000,2000,0,0,0,Preliminary,Editor Mapped,570228.8916,2858427.5881,25.8424861516328,-80.299198967812
26512457,2024,06-MAR-2024 07:34 PM,06-MAR-2024 12:00 AM,2024006317,L,1,2,1,54,Miami-Dade,Hialeah,Urban,3/6/2024 7:36:00 PM,3/6/2024 7:39:00 PM,3/6/2024 7:41:00 PM,3/6/2024 8:20:00 PM,Y,Law Enforcement,W 9TH ST,,25.829912,-80.283842,74,West,W 1ST AVE,,Local,Paved,Not at Intersection,N,Daylight,Rain,Wet,N,,Pedalcycle,On Roadway,N,Through Roadway,None,,,None,,,N,,,,,OFC,Hialeah Police Department,Police Department (PD),3/9/2024 7:15:00 PM,3/9/2024 7:15:00 PM,3,N,Bicycle,Bicycle,No Injury,No Injury,NIGHT,N,N,N,N,N,N,N,N,N,2,0,0,0,0,0,0,0,0,0,0,1,1,0,1,0,0,0,0,0,0,0,0,0,0,N,0,0,Y,0,0,0,0,0,0,1,50,50,0,0,0,Preliminary,Editor Mapped,571775.5201,2857042.7911,25.8299070461681,-80.2838416718305
26517400,2024,12-AUG-2024 06:25 PM,12-AUG-2024 12:00 AM,2024021829,L,1,2,1,54,Miami-Dade,Hialeah,Urban,8/12/2024 6:25:00 PM,8/12/2024 6:28:00 PM,8/12/2024 6:29:00 PM,8/12/2024 7:40:00 PM,Y,Law Enforcement,W 50TH ST,,25.867696,-80.298734,0,,W 8TH AVE,,Local,Curb,Four-Way Intersection,N,Daylight,Clear,Dry,N,,Pedalcycle,On Roadway,N,Intersection,None,,,None,,,N,,,,,OFFICER,Hialeah Police Department,Police Department (PD),8/13/2024 7:45:00 PM,8/13/2024 7:45:00 PM,1,N,Bicycle,Bicycle,No Injury,No Injury,DAY,N,N,N,N,N,N,Y,N,N,2,0,0,0,0,0,0,0,0,0,0,1,1,0,1,0,0,0,0,0,0,0,0,0,0,N,0,0,Y,0,0,1,0,0,0,1,500,500,0,0,0,Preliminary,Editor Mapped,570260.762,2861219.3239,25.867692210827,-80.2987322640828
26518859,2024,24-SEP-2024 05:00 PM,24-SEP-2024 12:00 AM,2024025979,L,1,2,1,54,Miami-Dade,Hialeah,Urban,9/24/2024 5:05:00 PM,9/24/2024 5:09:00 PM,9/24/2024 5:16:00 PM,9/24/2024 5:55:00 PM,Y,Law Enforcement,W 25TH AVE,,25.869892,-80.333366,0,,W 52ND ST,,Local,Paved,Four-Way Intersection,N,Daylight,Cloudy,Dry,N,,Pedalcycle,On Roadway,N,Intersection,None,,,None,,,N,,,,,OFFICER,Hialeah Police Department,Police Department (PD),9/25/2024 11:01:00 PM,9/25/2024 11:01:00 PM,1,N,Bicycle,Bicycle,No Injury,No Injury,DAY,N,N,N,N,N,N,Y,N,N,2,0,0,0,0,0,0,0,0,0,0,1,1,0,1,0,0,0,0,0,0,0,0,0,0,N,0,0,Y,0,0,0,0,0,0,1,500,500,0,0,0,Preliminary,Editor Mapped,566789.776,2861444.363,25.8698874158922,-80.3333626133037
26520488,2024,16-NOV-2024 11:02 AM,16-NOV-2024 12:00 AM,2024031062,L,1,2,1,54,Miami-Dade,Hialeah,Urban,11/16/2024 11:02:00 AM,11/16/2024 11:03:00 AM,11/16/2024 11:46:00 AM,11/16/2024 12:20:00 PM,Y,Law Enforcement,PALM AVE,4767,25.865687,-80.282913,,,,,Parking Lot,Paved,Not at Intersection,N,Daylight,Clear,Dry,N,,Pedalcycle,In Parking Lane or Zone,N,Other,None,,,None,,,N,,,,,MPSA,Hialeah Police Department,Police Department (PD),11/17/2024 7:19:00 PM,11/17/2024 7:19:00 PM,1,N,Bicycle,Bicycle,No Injury,No Injury,DAY,N,N,N,N,N,N,N,N,N,2,0,0,0,0,0,0,0,0,0,0,1,1,0,1,0,0,0,0,0,0,0,0,0,0,N,0,0,Y,0,0,0,0,0,0,1,30,30,0,0,0,Preliminary,Editor Mapped,571847.2753,2861005.263,25.8656820233949,-80.2829100289957
26530439,2024,05-FEB-2024 02:03 PM,05-FEB-2024 12:00 AM,24-00356,L,1,2,28,40,Pasco,New Port Richey,Urban,2/5/2024 2:03:00 PM,2/5/2024 2:03:00 PM,2/5/2024 3:03:00 PM,2/5/2024 3:50:00 PM,Y,Law Enforcement,TENNESSEE AVE,,28.244041,-82.721021,0,,FRANKLIN ST,,Local,Paved,Four-Way Intersection,N,Daylight,Clear,Dry,N,,Pedestrian,On Roadway,N,Through Roadway,None,,,None,,,N,,,,,PATROL,New Port Richey Police Department,Police Department (PD),2/6/2024 8:05:00 PM,2/6/2024 8:05:00 PM,1,N,Pedestrian,Pedestrian,No Injury,No Injury,DAY,N,N,N,N,N,N,N,N,N,2,0,0,0,0,0,0,0,0,0,0,1,1,0,1,0,0,0,0,0,0,0,0,0,0,N,0,0,Y,0,0,0,0,0,0,0,0,0,0,0,0,Preliminary,Editor Mapped,331154.0181,3125435.9701,28.244033602039,-82.7210156747303
26530534,2024,28-MAR-2024 11:54 AM,28-MAR-2024 12:00 AM,24-00957,L,1,2,28,40,Pasco,New Port Richey,Urban,3/28/2024 11:54:00 AM,3/28/2024 11:54:00 AM,3/28/2024 12:06:00 PM,3/28/2024 12:38:00 PM,Y,Law Enforcement,HIGH ST,,28.236159,-82.727833,,,US HIGHWAY 19,,U.S.,Unpaved,Not at Intersection,N,Daylight,Clear,Dry,N,,Pedalcycle,Shoulder,N,Non-Junction,None,,,None,,,N,,,,,OFFICER,New Port Richey Police Department,Police Department (PD),3/29/2024 7:29:00 PM,3/29/2024 7:29:00 PM,1,Y,Bicycle,Bicycle,Injury,Possible Injury,DAY,N,N,N,N,N,N,N,N,N,1,1,1,0,0,0,0,0,0,0,0,1,1,0,1,1,0,0,0,0,0,0,0,0,0,N,0,0,Y,0,0,0,0,0,0,0,0,0,0,0,0,Preliminary,Editor Mapped,330469.2362,3124572.9135,28.2361583310659,-82.7278674176088
26530543,2024,23-MAR-2024 05:52 PM,23-MAR-2024 12:00 AM,24-00906,L,1,2,28,40,Pasco,New Port Richey,Urban,3/23/2024 5:52:00 PM,3/23/2024 5:52:00 PM,3/23/2024 5:54:00 PM,3/23/2024 7:19:00 PM,Y,Law Enforcement,ORCHID LAKE RD,,28.271347,-82.707268,0,,CONGRESS ST,,Local,Unpaved,T-Intersection,N,Daylight,Clear,Dry,N,,Pedalcycle,On Roadway,N,Intersection-Related,None,,,None,,,N,,,,,OFFICER,New Port Richey Police Department,Police Department (PD),4/3/2024 7:42:00 PM,4/3/2024 7:42:00 PM,11,Y,Bicycle,Bicycle,Injury,Non-Incapacitating Injury,DAY,N,N,N,N,N,N,Y,N,N,1,1,0,1,0,0,0,0,0,0,0,1,1,0,1,1,0,0,0,0,0,0,0,0,0,N,0,0,Y,0,0,0,0,0,0,1,7000,7000,1,0,0,Preliminary,Editor Mapped,332545.8401,3128443.3161,28.2713465202959,-82.7072666752702
26530782,2024,06-SEP-2024 11:08 AM,06-SEP-2024 12:00 AM,24-02808,L,1,3,28,40,Pasco,New Port Richey,Urban,9/6/2024 11:08:00 AM,9/6/2024 11:08:00 AM,9/6/2024 11:11:00 AM,9/6/2024 11:45:00 AM,Y,Law Enforcement,US HIGHWAY 19,,28.239866,-82.727568,108,North,LIME ST,,U.S.,Unpaved,Not at Intersection,N,Daylight,Clear,Dry,N,,Pedalcycle,Shoulder,N,Non-Junction,None,,,None,,,N,,,,,OFFICER,New Port Richey Police Department,Police Department (PD),9/8/2024 7:18:00 PM,9/8/2024 7:18:00 PM,2,Y,Bicycle,Bicycle,Injury,Possible Injury,DAY,N,N,N,N,N,N,N,N,N,0,3,3,0,0,0,0,0,0,0,0,2,2,0,1,0,0,0,0,0,0,0,0,0,0,N,0,0,Y,0,0,1,0,0,0,1,700,700,1,0,0,Preliminary,Editor Mapped,330506.7902,3124974.5258,28.2397868599135,-82.7275431965707
26530887,2024,10-NOV-2024 06:02 PM,10-NOV-2024 12:00 AM,24-03527,L,1,2,28,40,Pasco,New Port Richey,Urban,11/10/2024 6:02:00 PM,11/10/2024 6:03:00 PM,11/10/2024 6:06:00 PM,11/10/2024 6:28:00 PM,Y,Law Enforcement,GRAND BLVD,,28.248643,-82.719642,0,,PURPLE LN,,Local,Paved,Four-Way Intersection,N,Dark - Lighted,Clear,Dry,N,,Pedalcycle,On Roadway,N,Intersection,None,,,None,,,N,,,,,OFC,New Port Richey Police Department,Police Department (PD),11/11/2024 7:31:00 PM,11/11/2024 7:31:00 PM,1,Y,Bicycle,Bicycle,Injury,Possible Injury,DAY,N,N,N,N,N,N,Y,N,N,1,1,1,0,0,0,0,0,0,0,0,1,1,0,1,0,0,0,0,0,0,0,0,0,0,N,0,0,Y,0,0,1,0,0,0,1,1000,1000,1,0,0,Preliminary,Editor Mapped,331296.3161,3125943.3758,28.2486301169772,-82.7196392506879
26531224,2024,26-MAR-2024 06:13 PM,27-MAR-2024 12:48 AM,342403055070,L,1,2,10,38,Broward,Fort Lauderdale,Urban,3/26/2024 6:13:00 PM,3/26/2024 6:14:00 PM,3/26/2024 6:30:00 PM,3/26/2024 7:00:00 PM,Y,Law Enforcement,SE 17TH ST,981,26.10045,-80.133,0,,,,Local,Curb,Not at Intersection,N,Daylight,Clear,Dry,N,Front to Rear,Pedalcycle,On Roadway,N,Non-Junction,None,,,None,,,N,,,,,,Fort Lauderdale Police Department,Police Department (PD),3/28/2024 7:19:00 PM,3/28/2024 7:19:00 PM,2,Y,Bicycle,Bicycle,Injury,Possible Injury,DAY,N,N,N,N,N,Y,N,N,N,0,1,1,0,0,0,0,0,0,0,0,1,1,0,1,0,0,0,0,0,0,0,0,0,0,N,0,0,Y,0,0,0,0,0,0,0,0,0,1,0,0,Preliminary,Editor Mapped,586720.6951,2887102.7827,26.1005033060459,-80.1327472077642
26531273,2024,29-MAR-2024 06:04 AM,29-MAR-2024 01:12 PM,342403056563,S,1,2,10,38,Broward,Fort Lauderdale,Urban,3/29/2024 6:06:00 AM,3/29/2024 6:27:00 AM,3/29/2024 6:33:00 AM,3/29/2024 8:30:00 AM,Y,Law Enforcement,POWERLINE RD/NW 9TH AVE,,,,,,SR 838/W COMMERCIAL BLVD,,State,Paved,Four-Way Intersection,N,Dark - Lighted,Clear,Dry,N,Angle,Motor Vehicle in Transport,On Roadway,N,Non-Junction,None,,,None,,,N,,,,,,Fort Lauderdale Police Department,Police Department (PD),6/20/2024 7:23:00 PM,6/20/2024 7:23:00 PM,83,N,Single Vehicle,Other,No Injury,No Injury,NIGHT,N,N,N,N,N,N,N,N,N,2,0,0,0,0,0,0,0,0,0,0,1,1,0,1,0,0,0,0,0,0,0,0,0,0,N,0,0,Y,0,0,0,0,2,400,1,100,500,0,0,0,Unmapped,Unmapped,,,,
26531301,2024,19-MAR-2024 06:00 PM,20-MAR-2024 12:05 AM,342403050577,L,1,3,10,38,Broward,Fort Lauderdale,Urban,3/19/2024 6:20:00 PM,3/19/2024 6:22:00 PM,3/19/2024 6:30:00 PM,3/19/2024 8:00:00 PM,Y,Law Enforcement,E LAS OLAS,2400,,,165,West,,,U.S.,Paved,Not at Intersection,N,Daylight,Clear,Dry,N,Other,Overturn/Rollover,On Roadway,N,Non-Junction,Other,,,Other,,,N,,,,,,Fort Lauderdale Police Department,Police Department (PD),3/23/2024 7:18:00 PM,3/23/2024 7:18:00 PM,4,N,Rollover,Rollover,No Injury,No Injury,DAY,N,N,N,N,N,N,N,Y,N,3,0,0,0,0,0,0,0,0,0,0,2,2,0,1,0,0,0,0,0,0,0,0,0,0,N,0,0,Y,0,0,0,0,0,0,1,900,900,0,0,0,Preliminary,Editor Mapped,588656.7632,2889298.4683,26.1202096418157,-80.1132377720951
26531323,2024,13-MAR-2024 08:23 PM,14-MAR-2024 02:27 AM,342403046418,L,1,2,10,38,Broward,Fort Lauderdale,Urban,3/13/2024 8:23:00 PM,3/13/2024 8:25:00 PM,3/13/2024 8:27:00 PM,3/13/2024 9:00:00 PM,Y,Law Enforcement,NW 15TH AV,,,,0,,NW 8TH ST,,Local,Curb,Four-Way Intersection,Y,Dark - Lighted,Clear,Dry,N,Other,Pedestrian,On Roadway,N,Non-Junction,None,,,None,,,N,,,,,,Fort Lauderdale Police Department,Police Department (PD),6/20/2024 7:23:00 PM,6/20/2024 7:23:00 PM,99,Y,Pedestrian,Pedestrian,Serious Injury,Incapacitating Injury,NIGHT,N,N,N,N,N,Y,N,N,N,0,1,0,0,1,0,0,0,0,0,0,1,1,0,1,0,0,0,0,0,0,0,0,0,0,N,0,0,Y,1,0,0,0,2,2000,0,0,2000,1,0,0,Preliminary,Editor Mapped,583758.2361,2890662.9881,26.1328225817887,-80.1621416018595
26531835,2024,25-APR-2024 03:02 PM,25-APR-2024 07:40 PM,342404073934,L,1,2,10,38,Broward,Fort Lauderdale,Urban,4/25/2024 3:02:00 PM,4/25/2024 3:03:00 PM,4/25/2024 3:11:00 PM,4/25/2024 4:00:00 PM,Y,Law Enforcement,E OAKLAND PARK BLVD,2400,,,24,South,,,State,Paved,Four-Way Intersection,N,Daylight,Clear,Dry,N,Other,Motor Vehicle in Transport,On Roadway,N,Non-Junction,None,,,None,,,N,,,,,,Fort Lauderdale Police Department,Police Department (PD),4/27/2024 7:20:00 PM,4/27/2024 7:20:00 PM,2,Y,Single Vehicle,Other,Injury,Possible Injury,DAY,N,N,N,N,N,N,N,N,N,1,1,1,0,0,0,0,0,0,0,0,1,1,0,1,0,0,0,0,0,0,0,0,0,0,N,0,0,Y,0,0,0,0,0,0,1,500,500,1,0,0,Preliminary,Editor Mapped,588425.7605,2894489.7762,26.167094079076,-80.1151947739825
26531894,2024,29-MAR-2024 02:25 PM,29-MAR-2024 09:17 PM,342403056789,L,1,6,10,38,Broward,Fort Lauderdale,Urban,3/29/2024 2:26:00 PM,3/29/2024 2:26:00 PM,3/29/2024 2:30:00 PM,3/29/2024 3:30:00 PM,Y,Law Enforcement,NW 6TH ST,,,,11,East,NW 21ST TER,,Local,Curb,T-Intersection,N,Daylight,Clear,Dry,N,"Sideswipe, Same Direction",Motor Vehicle in Transport,On Roadway,Y,Intersection,None,,,None,,,N,,,,,,Fort Lauderdale Police Department,Police Department (PD),4/4/2024 7:24:00 PM,4/4/2024 7:24:00 PM,6,Y,Single Vehicle,Other,Injury,Non-Incapacitating Injury,DAY,N,N,Y,N,N,N,Y,N,N,4,2,1,1,0,0,0,0,0,0,0,1,1,0,1,0,0,4,0,0,0,0,0,0,0,N,0,0,Y,0,0,0,0,0,0,1,500,500,2,0,0,Preliminary,Editor Mapped,582912.0794,2890243.0468,26.129079999972,-80.17063202611
26532145,2024,11-APR-2024 05:10 PM,11-APR-2024 11:11 PM,342404065204,L,1,2,10,38,Broward,Fort Lauderdale,Urban,4/11/2024 5:12:00 PM,4/11/2024 5:21:00 PM,4/11/2024 5:36:00 PM,4/11/2024 6:00:00 PM,Y,Law Enforcement,SE 12TH AV,,,,0,,SE 2ND CT,,Local,Curb,Four-Way Intersection,N,Daylight,Clear,Dry,N,Angle,Motor Vehicle in Transport,On Roadway,N,Intersection-Related,None,,,None,,,N,,,,,,Fort Lauderdale Police Department,Police Department (PD),4/13/2024 7:19:00 PM,4/13/2024 7:19:00 PM,2,Y,Single Vehicle,Other,Injury,Non-Incapacitating Injury,DAY,N,N,N,N,N,N,Y,N,N,1,1,0,1,0,0,0,0,0,0,0,1,1,0,1,0,0,0,0,0,0,0,0,0,0,N,0,0,Y,0,0,0,0,0,0,1,500,500,0,0,0,Preliminary,Editor Mapped,586844.0301,2889268.7371,26.1200515959827,-80.1313693849327
26532236,2024,06-JUN-2024 07:45 AM,06-JUN-2024 03:53 PM,342406100396,L,1,2,10,38,Broward,Fort Lauderdale,Urban,6/6/2024 7:50:00 AM,6/6/2024 7:56:00 AM,6/6/2024 7:56:00 AM,6/6/2024 8:15:00 AM,Y,Law Enforcement,SR 842,,,,0,,SW 8TH AV,,State,Curb,T-Intersection,N,Daylight,Clear,Dry,N,Angle,Motor Vehicle in Transport,On Roadway,N,Intersection-Related,None,,,None,,,N,,,,,,Fort Lauderdale Police Department,Police Department (PD),6/20/2024 7:23:00 PM,6/20/2024 7:23:00 PM,14,Y,Single Vehicle,Other,Injury,Non-Incapacitating Injury,DAY,N,N,N,N,N,N,Y,N,N,1,1,0,1,0,0,0,0,0,0,0,1,1,0,1,0,0,0,0,0,0,0,0,0,0,N,0,0,Y,0,0,0,0,2,1000,0,0,1000,0,0,0,Preliminary,Editor Mapped,584805.5422,2889473.0452,26.1220176459457,-80.1517436049924
26532801,2024,03-MAY-2024 04:38 PM,03-MAY-2024 09:37 PM,342405078911,L,1,2,10,38,Broward,Fort Lauderdale,Urban,5/3/2024 4:38:00 PM,5/3/2024 4:39:00 PM,5/3/2024 4:40:00 PM,5/3/2024 5:00:00 PM,Y,Law Enforcement,MARINA BLVD,1299,26.09158,-80.15784,,,,,State,Curb,Not at Intersection,N,Daylight,Clear,Dry,N,Angle,Pedestrian,On Roadway,N,Non-Junction,None,,,None,,,N,,,,,,Fort Lauderdale Police Department,Police Department (PD),5/9/2024 1:09:00 AM,5/17/2024 7:33:00 PM,6,Y,Pedestrian,Pedestrian,Injury,Possible Injury,DAY,N,N,N,N,N,Y,N,N,N,0,1,1,0,0,0,0,0,0,0,0,1,1,0,1,0,0,0,0,0,0,0,0,0,0,N,0,0,Y,0,0,0,0,0,0,0,0,0,1,0,0,Preliminary,Editor Mapped,584218.4696,2886097.3816,26.0915740656681,-80.1578336020384
26532825,2024,24-JUL-2024 04:20 PM,24-JUL-2024 11:34 PM,342407130236,L,1,2,10,38,Broward,Fort Lauderdale,Urban,7/24/2024 4:30:00 PM,7/24/2024 4:31:00 PM,7/24/2024 4:50:00 PM,7/24/2024 5:15:00 PM,Y,Law Enforcement,STATE RD 84,1025,,,,,,,Parking Lot,Paved,Four-Way Intersection,N,Daylight,Clear,Dry,N,Angle,Motor Vehicle in Transport,Off Roadway,N,Intersection-Related,None,,,None,,,N,,,,,,Fort Lauderdale Police Department,Police Department (PD),7/27/2024 7:21:00 PM,7/27/2024 7:21:00 PM,3,N,Single Vehicle,Other,No Injury,No Injury,DAY,N,N,N,N,N,N,Y,N,N,2,0,0,0,0,0,0,0,0,0,0,1,1,0,1,0,0,0,0,0,0,0,0,0,0,N,0,0,Y,0,0,0,0,2,1300,0,0,1300,0,0,0,Preliminary,Editor Mapped,584387.9249,2886187.5128,26.09237793761,-80.156133394264
26532885,2024,30-JUL-2024 06:25 PM,30-JUL-2024 11:40 PM,342407133909,L,1,2,10,38,Broward,Fort Lauderdale,Urban,7/30/2024 6:30:00 PM,7/30/2024 6:33:00 PM,7/30/2024 6:50:00 PM,7/30/2024 7:16:00 PM,Y,Law Enforcement,N FEDERAL HWY,3500,,,0,,,,Local,Curb,Not at Intersection,N,Daylight,Cloudy,Dry,N,Other,Parked Motor Vehicle,Off Roadway,N,Non-Junction,None,,,None,,,N,,,,,,Fort Lauderdale Police Department,Police Department (PD),8/1/2024 7:25:00 PM,8/1/2024 7:25:00 PM,2,Y,Single Vehicle,Other,Injury,Non-Incapacitating Injury,DAY,N,N,N,N,N,N,N,N,N,1,1,0,1,0,0,0,0,0,0,0,1,1,0,1,0,0,0,0,0,0,0,0,0,0,N,0,0,Y,0,0,0,0,0,0,1,1000,1000,0,0,0,Preliminary,Editor Mapped,588080.4611,2894782.1977,26.1697554203369,-80.1186297292055
26532915,2024,16-JUN-2024 02:37 PM,16-JUN-2024 08:37 PM,342406106831,L,1,2,10,38,Broward,Fort Lauderdale,Urban,6/16/2024 2:48:00 PM,6/16/2024 2:38:00 PM,6/16/2024 2:40:00 PM,6/16/2024 3:25:00 PM,Y,Law Enforcement,E LAS OLAS BLVD ST842,,,,13,North,CORAL WAY,,State,Paved,T-Intersection,N,Daylight,Clear,Dry,N,Angle,Motor Vehicle in Transport,Roadside,N,Non-Junction,None,,,None,,,N,,,,,,Fort Lauderdale Police Department,Police Department (PD),6/20/2024 1:29:00 AM,6/20/2024 1:29:00 AM,4,Y,Single Vehicle,Other,Injury,Non-Incapacitating Injury,DAY,N,N,N,N,N,N,N,N,N,1,1,0,1,0,0,0,0,0,0,0,1,1,0,1,1,0,0,0,0,0,0,0,0,0,N,0,0,Y,0,0,0,0,0,0,1,500,500,0,0,0,Preliminary,Editor Mapped,587592.9629,2889226.9293,26.1196287981916,-80.1238819273091
26532950,2024,17-APR-2024 06:36 AM,17-APR-2024 01:58 PM,342404068610,L,1,2,10,38,Broward,Fort Lauderdale,Urban,4/17/2024 6:37:00 AM,4/17/2024 6:43:00 AM,4/17/2024 6:47:00 AM,4/17/2024 8:00:00 AM,Y,Motorist,W DAVIE BLVD,1800,,,758,South,SR736 & I95,,State,Paved,Not at Intersection,Y,Daylight,Clear,Dry,N,"Sideswipe, Same Direction",Motor Vehicle in Transport,On Roadway,N,Other,None,,,None,,,N,,,,,,Fort Lauderdale Police Department,Police Department (PD),4/19/2024 7:30:00 PM,5/21/2024 8:11:00 PM,2,Y,Single Vehicle,Other,Serious Injury,Incapacitating Injury,NIGHT,N,N,N,N,N,N,N,Y,N,1,1,0,0,1,0,0,0,0,0,0,1,1,0,1,0,0,0,0,0,0,0,0,0,0,N,0,0,Y,1,0,0,0,0,0,1,500,500,1,0,0,Verified,n/a,583363.3074,2887748.6684,26.1065328293021,-80.1662786094613
26533146,2024,21-MAY-2024 03:20 PM,21-MAY-2024 09:09 PM,342405090439,L,1,2,10,38,Broward,Fort Lauderdale,Urban,5/21/2024 3:35:00 PM,5/21/2024 4:03:00 PM,5/21/2024 4:23:00 PM,5/21/2024 5:25:00 PM,Y,Law Enforcement,N FEDERAL HIGHWAY,5801,,,,,,,Parking Lot,Curb,Not at Intersection,N,Daylight,Clear,Dry,N,Angle,Motor Vehicle in Transport,Off Roadway,N,Non-Junction,None,,,None,,,N,,,,,,Fort Lauderdale Police Department,Police Department (PD),5/26/2024 7:15:00 PM,5/26/2024 7:15:00 PM,5,Y,Single Vehicle,Other,Injury,Non-Incapacitating Injury,DAY,N,N,N,N,N,N,N,N,N,1,1,0,1,0,0,0,0,0,0,0,1,1,0,1,0,0,0,0,0,0,0,0,0,0,N,0,0,Y,0,0,1,0,0,0,1,1000,1000,0,0,0,Preliminary,Editor Mapped,588899.1598,2898152.4581,26.2001335534566,-80.1102071668981
26535074,2024,22-AUG-2024 12:10 PM,23-AUG-2024 12:20 AM,342408147359,L,1,2,10,38,Broward,Fort Lauderdale,Urban,8/22/2024 12:17:00 PM,8/22/2024 12:17:00 PM,8/22/2024 12:24:00 PM,8/22/2024 1:00:00 PM,Y,Motorist,NW 15TH TERRACE,500,,,0,,NW 15TH TERRACE,,Local,Paved,Four-Way Intersection,N,Daylight,Cloudy,Dry,N,Unknown,Pedestrian,On Roadway,N,Intersection,None,,,None,,,N,,,,,,Fort Lauderdale Police Department,Police Department (PD),9/5/2024 7:30:00 PM,9/5/2024 7:30:00 PM,14,Y,Pedestrian,Pedestrian,Injury,Non-Incapacitating Injury,DAY,N,N,N,N,N,Y,Y,N,N,0,1,0,1,0,0,0,0,0,0,0,1,1,0,1,0,0,0,0,0,0,0,0,0,0,N,0,0,Y,0,0,0,0,0,0,0,0,0,1,0,0,Preliminary,Editor Mapped,583712.2132,2890062.2208,26.1274010921552,-80.1626406236606
26535190,2024,18-JUN-2024 04:08 PM,19-JUN-2024 12:00 AM,342406108103,L,1,2,10,38,Broward,Fort Lauderdale,Urban,6/18/2024 4:09:00 PM,6/18/2024 4:10:00 PM,6/18/2024 4:15:00 PM,6/18/2024 4:50:00 PM,Y,Law Enforcement,SW 5TH CT,1306,26.11516,-80.1587,0,,,,Local,Curb,T-Intersection,N,Daylight,Clear,Dry,N,Angle,Motor Vehicle in Transport,On Roadway,N,Intersection,None,,,None,,,N,,,,,,Fort Lauderdale Police Department,Police Department (PD),6/20/2024 1:29:00 AM,6/20/2024 1:29:00 AM,2,Y,Single Vehicle,Other,Injury,Possible Injury,DAY,N,N,N,N,N,N,Y,N,N,1,1,1,0,0,0,0,0,0,0,0,1,1,0,1,0,0,0,0,0,0,0,0,0,0,N,0,0,Y,0,0,0,0,0,0,1,1000,1000,1,0,0,Preliminary,Editor Mapped,584113.5557,2888711.4132,26.1151816344922,-80.158713754311
26537677,2024,02-FEB-2024 06:45 AM,02-FEB-2024 07:34 AM,24-103805,L,1,1,3,0,Hillsborough,Unincorporated,Urban,2/2/2024 6:55:00 AM,2/2/2024 6:58:00 AM,2/2/2024 7:14:00 AM,2/2/2024 9:00:00 AM,N,Law Enforcement,GATE DANCER RD,,,,,,GALLANT FOX CT,,Local,Paved,Not at Intersection,Y,Daylight,Clear,Dry,N,Angle,Pedestrian,On Roadway,N,Non-Junction,None,,,None,,,N,,,,,DEP,Hillsborough County Sheriff's Office,Sheriff's Office (SO),2/13/2024 7:53:00 PM,2/13/2024 7:53:00 PM,11,Y,Pedestrian,Pedestrian,Injury,Non-Incapacitating Injury,NIGHT,N,N,N,N,N,Y,N,N,N,0,1,0,1,0,0,0,0,0,0,0,1,1,0,0,0,0,0,0,0,0,0,0,0,0,N,0,0,Y,0,0,0,0,0,0,1,500,500,1,0,0,Preliminary,Editor Mapped,367522.6112,3072444.9175,27.7699650188609,-82.3444610887984
26538709,2024,25-FEB-2024 09:53 AM,25-FEB-2024 10:43 AM,24-179579,L,1,2,3,0,Hillsborough,Unincorporated,Rural,2/25/2024 9:56:00 AM,2/25/2024 10:28:00 AM,2/25/2024 10:31:00 AM,2/25/2024 11:03:00 AM,Y,Law Enforcement,CR 582 (E BEARSS AVE),,,,0,,N 12TH ST,,County,Unpaved,T-Intersection,Y,Daylight,Clear,Dry,N,Other,Pedalcycle,On Roadway,N,Non-Junction,None,,,None,,,N,,,,,DEP,Hillsborough County Sheriff's Office,Sheriff's Office (SO),3/14/2024 7:21:00 PM,3/14/2024 7:21:00 PM,18,Y,Bicycle,Bicycle,Injury,Non-Incapacitating Injury,DAY,N,N,N,Y,N,N,N,N,N,1,1,0,1,0,0,0,0,0,0,0,1,1,0,1,0,0,0,0,0,0,0,0,0,0,N,0,0,Y,0,0,0,0,0,0,0,0,0,1,0,0,Preliminary,Editor Mapped,357802.8109,3105704.7157,28.0691243574686,-82.4470702728941
26539013,2024,08-MAR-2024 04:08 PM,08-MAR-2024 07:17 PM,24-221211,L,1,1,3,0,Hillsborough,Unincorporated,Rural,3/8/2024 5:03:00 PM,3/8/2024 6:47:00 PM,3/8/2024 7:05:00 PM,3/8/2024 8:00:00 PM,Y,Law Enforcement,BIG BEND RD,,,,0,,S US HIGHWAY 301,,County,Curb,Four-Way Intersection,Y,Daylight,Clear,Dry,N,Other,Pedalcycle,On Roadway,N,Intersection,None,,,None,,,N,,,,,DEP.,Hillsborough County Sheriff's Office,Sheriff's Office (SO),3/10/2024 7:09:00 PM,3/10/2024 7:09:00 PM,2,Y,Bicycle,Bicycle,Injury,Non-Incapacitating Injury,DAY,N,N,N,N,N,Y,Y,N,N,0,1,0,1,0,0,0,0,0,0,0,1,1,0,0,0,0,0,0,0,0,0,0,0,0,N,0,0,Y,0,0,0,0,1,100,0,0,100,0,0,0,Preliminary,Editor Mapped,368516.2219,3074871.9816,27.7919672694657,-82.3346469750509
26540429,2024,15-APR-2024 02:45 PM,15-APR-2024 03:21 PM,24-350888,L,1,2,3,0,Hillsborough,Unincorporated,Rural,4/15/2024 2:47:00 PM,4/15/2024 2:47:00 PM,4/15/2024 2:51:00 PM,4/15/2024 4:38:00 PM,Y,Law Enforcement,TIMBERLANE DR,,,,38,South,PEPPERIDGE CT,,Local,Paved,Not at Intersection,Y,Daylight,Clear,Dry,N,Angle,Pedalcycle,On Roadway,N,Non-Junction,None,,,None,,,N,,,,,DEP,Hillsborough County Sheriff's Office,Sheriff's Office (SO),4/20/2024 7:18:00 PM,4/20/2024 7:18:00 PM,5,Y,Bicycle,Bicycle,Serious Injury,Incapacitating Injury,DAY,N,N,N,N,N,N,N,Y,N,1,1,0,0,1,0,0,0,0,0,0,1,1,0,1,0,1,0,0,0,0,0,0,0,0,N,0,0,Y,1,0,0,0,0,0,1,3000,3000,1,0,0,Verified,n/a,343069.7264,3099686.3995,28.0131545571885,-82.5961542228938
26540698,2024,15-APR-2024 08:30 PM,15-APR-2024 09:01 PM,24-351824,L,1,2,3,0,Hillsborough,Unincorporated,Rural,4/15/2024 8:32:00 PM,4/15/2024 8:32:00 PM,4/15/2024 8:44:00 PM,4/15/2024 9:03:00 PM,Y,Law Enforcement,CR 584 (W WATERS AVE),,,,192,East,HANELY RD,,County,Curb,Not at Intersection,Y,Dark - Not Lighted,Clear,Dry,N,Angle,Other Non-Fixed Object,On Roadway,N,Driveway/Alley Access Related,None,,,None,,,N,,,,,DEP.,Hillsborough County Sheriff's Office,Sheriff's Office (SO),4/18/2024 1:23:00 AM,4/18/2024 1:23:00 AM,3,Y,Single Vehicle,Other,Injury,Possible Injury,NIGHT,N,N,N,N,N,N,N,N,N,1,1,1,0,0,0,0,0,0,0,0,1,1,0,1,0,0,0,0,0,0,0,0,0,0,N,0,0,Y,0,0,0,0,0,0,1,200,200,1,0,0,Preliminary,Editor Mapped,346477.0048,3101062.7399,28.0259725591402,-82.5616883035117
26540752,2024,22-APR-2024 07:35 AM,22-APR-2024 08:14 AM,24-375219,L,1,2,3,0,Hillsborough,Unincorporated,Urban,4/22/2024 7:37:00 AM,4/22/2024 7:48:00 AM,4/22/2024 7:59:00 AM,4/22/2024 9:28:00 AM,Y,Law Enforcement,DUPREE HILLS,,,,479,North,BIG BEND ROAD,,Private Roadway,Paved,Not at Intersection,Y,Daylight,Clear,Dry,N,Angle,Motor Vehicle in Transport,On Roadway,N,Non-Junction,None,,,None,,,N,,,,,DEP,Hillsborough County Sheriff's Office,Sheriff's Office (SO),5/16/2024 7:25:00 PM,5/16/2024 7:25:00 PM,24,Y,Single Vehicle,Other,Injury,Non-Incapacitating Injury,DAY,N,N,N,Y,N,N,N,N,N,1,1,0,1,0,0,0,0,0,0,0,1,1,0,1,1,0,0,0,0,0,0,0,0,0,N,0,0,Y,0,0,0,0,0,0,1,600,600,1,0,0,Preliminary,Editor Mapped,371972.35,3075515.5083,27.7981096401403,-82.2996415376129
26540882,2024,18-DEC-2024 07:18 PM,18-DEC-2024 07:43 PM,24-1243298,L,1,1,3,0,Hillsborough,Unincorporated,Rural,12/18/2024 7:25:00 PM,12/18/2024 7:31:00 PM,12/18/2024 7:34:00 PM,12/18/2024 8:03:00 PM,Y,Law Enforcement,N 15TH ST,,,,0,,E 142ND AVE,,Local,Unpaved,Four-Way Intersection,Y,Dark - Lighted,Clear,Dry,N,Angle,Pedestrian,On Roadway,Y,Intersection,None,,,None,,,N,,,,,Deputy,Hillsborough County Sheriff's Office,Sheriff's Office (SO),12/21/2024 7:27:00 PM,12/21/2024 7:27:00 PM,3,Y,Pedestrian,Pedestrian,Injury,Non-Incapacitating Injury,NIGHT,N,N,N,N,N,Y,Y,N,N,0,1,0,1,0,0,0,0,0,0,0,1,1,0,0,0,0,0,0,0,0,0,0,0,0,N,0,0,Y,0,0,0,0,0,0,1,1,1,0,0,0,Preliminary,Editor Mapped,358222.3728,3106412.3948,28.0755556252261,-82.442887049526
26540918,2024,21-APR-2024 03:50 PM,21-APR-2024 04:38 PM,24-373359,L,1,2,3,0,Hillsborough,Unincorporated,Rural,4/21/2024 3:54:00 PM,4/21/2024 3:59:00 PM,4/21/2024 4:12:00 PM,4/21/2024 5:03:00 PM,Y,Law Enforcement,MAPLEDALE BLVD,,,,,,N DALE MABRY HWY,,Local,Unpaved,Not at Intersection,Y,Daylight,Cloudy,Dry,N,Other,Pedalcycle,On Roadway,N,Non-Junction,None,,,None,,,N,,,,,DEP,Hillsborough County Sheriff's Office,Sheriff's Office (SO),4/30/2024 8:02:00 PM,4/30/2024 8:02:00 PM,9,Y,Bicycle,Bicycle,Injury,Non-Incapacitating Injury,DAY,N,N,N,N,N,N,N,N,N,1,1,0,1,0,0,0,0,0,0,0,1,1,0,1,0,0,0,0,0,0,0,0,0,0,N,0,0,Y,0,0,0,0,0,0,1,100,100,1,0,0,Preliminary,Editor Mapped,352518.6219,3109015.6178,28.0984248517422,-82.5012456128334
26541036,2024,29-APR-2024 08:35 AM,29-APR-2024 09:22 AM,24-400419,L,1,2,3,0,Hillsborough,Unincorporated,Rural,4/29/2024 8:40:00 AM,4/29/2024 8:42:00 AM,4/29/2024 9:03:00 AM,4/29/2024 9:42:00 AM,Y,Law Enforcement,N 12TH ST,,,,0,,E FLETCHER AVE,,Local,Curb,T-Intersection,Y,Daylight,Clear,Dry,N,Other,Motor Vehicle in Transport,On Roadway,N,Non-Junction,None,,,None,,,N,,,,,DEP,Hillsborough County Sheriff's Office,Sheriff's Office (SO),5/1/2024 10:00:00 PM,5/1/2024 10:00:00 PM,2,Y,Single Vehicle,Other,Injury,Possible Injury,DAY,N,N,N,Y,N,N,N,N,N,1,1,1,0,0,0,0,0,0,0,0,1,1,0,1,1,0,0,0,0,0,0,0,0,0,N,0,0,Y,0,0,0,0,0,0,1,1500,1500,0,0,0,Preliminary,Editor Mapped,357813.5272,3105722.4198,28.0692852743344,-82.4469633876665
26542274,2024,05-JUN-2024 08:00 AM,20-SEP-2024 02:24 PM,24-535931,L,1,2,3,0,Hillsborough,Unincorporated,Rural,6/5/2024 8:08:00 AM,6/5/2024 8:09:00 AM,6/5/2024 8:18:00 AM,6/5/2024 10:11:00 AM,Y,Law Enforcement,SYMMES RD,,,,17,East,VENTANA GROVES BL,,Local,Paved,T-Intersection,N,Daylight,Clear,Dry,N,Angle,Pedalcycle,On Roadway,N,Intersection,None,,,None,,,N,,,,,DET.,Hillsborough County Sheriff's Office,Sheriff's Office (SO),6/7/2024 7:25:00 PM,10/4/2024 7:44:00 PM,2,Y,Bicycle,Bicycle,Fatality,Fatal (within 30 days),DAY,N,N,N,N,N,N,Y,N,N,1,0,0,0,0,1,1,0,0,0,0,1,1,0,1,0,0,0,0,0,0,0,0,0,0,N,0,0,Y,0,1,1,0,1,350,1,1500,1850,1,0,0,Preliminary,Editor Mapped,365010.7102,3079698.4979,27.835178072825,-82.3707689248922
26542465,2024,05-JUN-2024 02:50 PM,05-AUG-2024 09:48 AM,24-537377,L,1,3,3,0,Hillsborough,Unincorporated,Rural,6/5/2024 2:52:00 PM,6/5/2024 2:54:00 PM,6/5/2024 2:55:00 PM,6/5/2024 3:37:00 PM,Y,Law Enforcement,WILSKY BLVD,,,,0,,SR-589 (VETRANS EXP S RAMP),,Local,Curb,Not at Intersection,Y,Daylight,Cloudy,Dry,N,Angle,Pedalcycle,On Roadway,N,Non-Junction,None,,,None,,,N,,,,,DET.,Hillsborough County Sheriff's Office,Sheriff's Office (SO),6/11/2024 7:55:00 PM,8/6/2024 7:43:00 PM,6,Y,Bicycle,Bicycle,Injury,Non-Incapacitating Injury,DAY,N,N,N,N,N,N,N,N,N,2,1,0,1,0,0,0,0,1,0,0,1,1,0,1,0,0,1,0,0,0,0,0,0,0,N,0,0,Y,0,0,0,0,1,500,1,50,550,1,0,0,Preliminary,Editor Mapped,346045.758,3103093.5931,28.0442487830063,-82.5663391858676
26543013,2024,28-JUN-2024 03:40 PM,28-JUN-2024 03:56 PM,24-620561,L,1,2,3,0,Hillsborough,Unincorporated,Rural,6/28/2024 3:43:00 PM,6/28/2024 3:54:00 PM,6/28/2024 4:20:00 PM,6/28/2024 5:19:00 PM,Y,Law Enforcement,BOYETTE RD,,,,,,DEEPBROOK DR,,Local,Curb,T-Intersection,Y,Daylight,Cloudy,Dry,N,Front to Rear,Pedalcycle,On Roadway,N,Intersection-Related,None,,,None,,,N,,,,,DEP.,Hillsborough County Sheriff's Office,Sheriff's Office (SO),6/30/2024 7:12:00 PM,6/30/2024 7:12:00 PM,2,Y,Bicycle,Bicycle,Serious Injury,Incapacitating Injury,DAY,N,N,N,N,N,N,Y,N,N,1,1,0,0,1,0,0,0,1,0,0,1,1,0,1,0,0,0,0,0,0,0,0,0,0,N,0,0,Y,1,0,0,0,1,250,0,0,250,1,0,0,Preliminary,Editor Mapped,374957.1134,3081620.8577,27.8534939435887,-82.2699897963544
26543774,2024,17-JUL-2024 12:10 PM,17-JUL-2024 12:53 PM,24-687773,L,1,2,3,0,Hillsborough,Unincorporated,Rural,7/17/2024 12:16:00 PM,7/17/2024 12:18:00 PM,7/17/2024 1:20:00 PM,7/17/2024 1:45:00 PM,Y,Law Enforcement,COLSON RD,,,,0,,ORANGE HAVEN PL,,Local,Unpaved,Not at Intersection,Y,Daylight,Clear,Dry,N,"Sideswipe, Same Direction",Motor Vehicle in Transport,On Roadway,N,Intersection-Related,None,,,None,,,N,,,,,DEP.,Hillsborough County Sheriff's Office,Sheriff's Office (SO),7/18/2024 7:19:00 PM,7/18/2024 7:19:00 PM,1,Y,Single Vehicle,Other,Injury,Possible Injury,DAY,N,N,N,N,N,N,Y,N,N,1,1,1,0,0,0,0,0,0,0,0,1,1,0,1,0,0,0,0,0,0,0,0,0,0,N,0,0,Y,0,0,0,0,0,0,1,250,250,0,0,0,Preliminary,Editor Mapped,390395.8345,3092429.8832,27.9524072819922,-82.1142123548499
26545100,2024,02-DEC-2024 05:15 PM,04-DEC-2024 06:38 PM,24-1189372,S,1,1,3,0,Hillsborough,Unincorporated,Rural,12/4/2024 5:26:00 PM,12/4/2024 6:14:00 PM,12/4/2024 6:28:00 PM,12/4/2024 6:42:00 PM,Y,Law Enforcement,CLUB DR,12202,,,,,,,Parking Lot,Paved,Not at Intersection,N,Daylight,Clear,Dry,N,"Sideswipe, Opposite Direction",Motor Vehicle in Transport,On Roadway,N,Entrance/Exit Ramp,None,,,None,,,N,,,,,DEP,Hillsborough County Sheriff's Office,Sheriff's Office (SO),12/6/2024 8:09:00 PM,12/6/2024 8:09:00 PM,4,N,Single Vehicle,Other,No Injury,No Injury,DAY,N,N,N,N,N,N,N,Y,N,1,0,0,0,0,0,0,0,0,0,0,1,1,0,0,0,0,0,0,0,0,0,0,0,0,N,0,0,Y,0,0,0,0,1,300,0,0,300,0,0,0,Unmapped,Unmapped,,,,
26546149,2024,13-SEP-2024 09:07 AM,13-SEP-2024 09:13 AM,24-895001,L,1,5,3,0,Hillsborough,Unincorporated,Rural,9/13/2024 9:10:00 AM,9/13/2024 9:13:00 AM,9/13/2024 9:25:00 AM,9/13/2024 10:10:00 AM,Y,Law Enforcement,BALM RIVERVIEW RD,,,,0,,SR 43 (US HW 301 S),,State,Curb,Four-Way Intersection,Y,Daylight,Clear,Dry,Y,Other,Pedestrian,On Roadway,Y,Intersection,None,,,None,,,N,,,,,DEP,Hillsborough County Sheriff's Office,Sheriff's Office (SO),9/14/2024 7:30:00 PM,9/14/2024 7:30:00 PM,1,Y,Pedestrian,Pedestrian,Injury,Non-Incapacitating Injury,DAY,N,N,N,N,N,N,Y,N,N,4,1,0,1,0,0,0,0,0,0,0,1,1,0,1,0,0,3,0,0,0,0,0,0,0,N,0,0,Y,0,0,0,0,1,500,1,500,1000,0,0,0,Preliminary,Editor Mapped,369414.1288,3083045.3692,27.8658205957151,-82.326431233838
26546871,2024,01-OCT-2024 10:00 AM,01-OCT-2024 11:00 AM,24-956844,L,1,2,3,0,Hillsborough,Unincorporated,Rural,10/1/2024 10:07:00 AM,10/1/2024 10:17:00 AM,10/1/2024 10:22:00 AM,10/1/2024 11:40:00 AM,Y,Law Enforcement,E FLETCHER AVE,3600,,,0,,E FLETCHER AVE,,Private Roadway,Unpaved,Not at Intersection,Y,Daylight,Cloudy,Dry,N,Angle,Pedestrian,Off Roadway,N,Non-Junction,None,,,None,,,N,,,,,DEP,Hillsborough County Sheriff's Office,Sheriff's Office (SO),10/6/2024 7:19:00 PM,10/6/2024 7:19:00 PM,5,Y,Pedestrian,Pedestrian,Injury,Non-Incapacitating Injury,DAY,N,N,N,N,N,N,N,N,N,1,1,0,1,0,0,0,0,0,0,0,1,1,0,1,0,0,0,0,0,0,0,0,0,0,N,0,0,Y,0,0,1,0,0,0,1,750,750,0,0,1,Preliminary,Editor Mapped,360559.9417,3105679.0993,28.0691860700911,-82.419016382182
26547325,2024,21-OCT-2024 04:51 PM,21-OCT-2024 05:51 PM,24-1032026,L,1,2,3,0,Hillsborough,Unincorporated,Rural,10/21/2024 4:51:00 PM,10/21/2024 4:52:00 PM,10/21/2024 4:54:00 PM,10/21/2024 6:55:00 PM,Y,Law Enforcement,E BRANDON BLVD,846,,,,,,,State,Curb,Not at Intersection,Y,Daylight,Clear,Dry,N,Angle,Pedalcycle,Roadside,N,Driveway/Alley Access Related,None,,,None,,,N,,,,,DEP,Hillsborough County Sheriff's Office,Sheriff's Office (SO),10/24/2024 12:20:00 AM,10/24/2024 12:20:00 AM,3,Y,Bicycle,Bicycle,Injury,Possible Injury,DAY,N,N,N,N,N,N,N,N,N,1,1,1,0,0,0,0,0,0,0,0,1,1,0,1,0,0,0,0,0,0,0,0,0,0,N,0,0,Y,0,0,0,0,0,0,1,2500,2500,1,0,0,Preliminary,Editor Mapped,374914.4666,3090974.4811,27.9379083203454,-82.2714091009461
26547709,2024,24-OCT-2024 04:06 PM,24-OCT-2024 04:25 PM,24-1042537,L,1,10,3,0,Hillsborough,Unincorporated,Rural,10/24/2024 4:08:00 PM,10/24/2024 4:11:00 PM,10/24/2024 4:25:00 PM,10/24/2024 7:45:00 PM,Y,Law Enforcement,CR 581 (BRUCE B DOWNS BLVD),,,,0,,CAMPUS HILL DR,,County,Paved,Not at Intersection,Y,Daylight,Clear,Dry,N,Other,Pedalcycle,On Roadway,N,Non-Junction,None,,,None,,,N,,,,,DET.,Hillsborough County Sheriff's Office,Sheriff's Office (SO),10/31/2024 7:32:00 PM,4/29/2025 7:50:00 PM,7,Y,Bicycle,Bicycle,Fatality,Fatal (within 30 days),DAY,N,N,Y,N,N,N,N,N,N,9,0,0,0,0,1,1,0,0,0,0,1,1,0,1,0,0,8,0,0,0,0,0,0,0,N,0,0,Y,0,1,0,0,0,0,1,1,1,0,0,0,Preliminary,Computer mapped approximate by address,359851.4245,3104938.9201,28.0624316774398,-82.4261366039407
26549273,2024,04-DEC-2024 04:40 PM,04-DEC-2024 05:20 PM,24-1189229,L,1,2,3,0,Hillsborough,Unincorporated,Rural,12/4/2024 4:42:00 PM,12/4/2024 4:46:00 PM,12/4/2024 5:05:00 PM,12/4/2024 6:58:00 PM,Y,Law Enforcement,N FLORIDA AVE,,,,0,,GARLAND CT,,U.S.,Curb,T-Intersection,Y,Daylight,Clear,Dry,N,Angle,Pedalcycle,On Roadway,N,Non-Junction,None,,,None,,,N,,,,,DEP,Hillsborough County Sheriff's Office,Sheriff's Office (SO),12/16/2024 7:46:00 PM,12/16/2024 7:46:00 PM,12,Y,Bicycle,Bicycle,Injury,Non-Incapacitating Injury,DAY,N,N,N,N,N,N,N,N,N,1,1,0,1,0,0,0,0,0,0,0,1,1,0,1,0,0,0,0,0,0,0,0,0,0,N,0,0,Y,0,0,2,0,0,0,1,100,100,1,0,0,Preliminary,Editor Mapped,356604.3159,3106983.4764,28.0805351249007,-82.4594195342011
26549425,2024,05-DEC-2024 09:23 AM,05-DEC-2024 10:18 AM,24-1191717,L,1,2,3,0,Hillsborough,Unincorporated,Rural,12/5/2024 9:24:00 AM,12/5/2024 9:27:00 AM,12/5/2024 9:56:00 AM,12/5/2024 11:13:00 AM,Y,Law Enforcement,N 42ND ST,,,,0,,SKIPPER RD,,Local,Unpaved,Four-Way Intersection,Y,Daylight,Clear,Dry,N,Angle,Pedalcycle,On Roadway,N,Intersection,None,,,None,,,N,,,,,DEP,Hillsborough County Sheriff's Office,Sheriff's Office (SO),12/16/2024 7:46:00 PM,12/16/2024 7:46:00 PM,11,Y,Bicycle,Bicycle,Injury,Possible Injury,DAY,N,N,N,N,N,N,Y,N,N,1,1,1,0,0,0,0,0,0,0,0,1,1,0,1,0,0,0,0,0,0,0,0,0,0,N,0,0,Y,0,0,1,0,0,0,1,250,250,0,0,0,Preliminary,Editor Mapped,361039.901,3106909.8815,28.0803435876004,-82.4142787732154
26549539,2024,09-DEC-2024 08:41 AM,09-DEC-2024 08:41 AM,24-1206248,L,1,2,3,0,Hillsborough,Unincorporated,Rural,12/9/2024 8:41:00 AM,12/9/2024 8:44:00 AM,12/9/2024 8:50:00 AM,12/9/2024 9:20:00 AM,Y,Law Enforcement,ANDERSON RD,,,,302,North,W CRENSHAW ST,,Local,Curb,Not at Intersection,Y,Daylight,Cloudy,Dry,N,Other,Pedalcycle,On Roadway,N,Driveway/Alley Access Related,None,,,None,,,N,,,,,M/DEP,Hillsborough County Sheriff's Office,Sheriff's Office (SO),12/14/2024 7:25:00 PM,12/14/2024 7:25:00 PM,5,Y,Bicycle,Bicycle,Injury,Non-Incapacitating Injury,DAY,N,N,N,Y,N,N,N,N,N,1,1,0,1,0,0,0,0,0,0,0,1,1,0,1,0,0,0,0,0,0,0,0,0,0,N,0,0,Y,0,0,0,0,1,300,1,500,800,1,0,0,Preliminary,Editor Mapped,349190.3931,3099955.5152,28.0162918363128,-82.5339532861483
26549740,2024,13-DEC-2024 10:23 AM,13-DEC-2024 11:36 AM,24-1223026,L,1,2,3,0,Hillsborough,Unincorporated,Rural,12/13/2024 10:25:00 AM,12/13/2024 11:07:00 AM,12/13/2024 11:19:00 AM,12/13/2024 11:50:00 PM,Y,Law Enforcement,WINDING OAK CT,,,,0,,W FLETCHER AVE,,Private Roadway,Unpaved,T-Intersection,Y,Daylight,Clear,Dry,N,Angle,Pedalcycle,On Roadway,N,Intersection,None,,,None,,,N,,,,,DEP,Hillsborough County Sheriff's Office,Sheriff's Office (SO),12/19/2024 7:34:00 PM,12/19/2024 7:34:00 PM,6,Y,Bicycle,Bicycle,Injury,Non-Incapacitating Injury,DAY,N,N,N,N,N,N,Y,N,N,1,1,0,1,0,0,0,0,0,0,0,1,1,0,1,0,0,0,0,0,0,0,0,0,0,N,0,0,Y,0,0,0,0,0,0,1,1,1,1,0,0,Preliminary,Editor Mapped,356248.4713,3105731.3755,28.0691973017945,-82.462887085931
26550298,2024,27-DEC-2024 02:42 PM,27-DEC-2024 03:21 PM,24-1272195,L,1,3,3,0,Hillsborough,Unincorporated,Rural,12/27/2024 2:45:00 PM,12/27/2024 2:49:00 PM,12/27/2024 2:57:00 PM,12/27/2024 3:20:00 PM,Y,Law Enforcement,BLUE ROAN CT,,,,0,,ROYAL HUNT DR,,Private Roadway,Curb,Not at Intersection,Y,Daylight,Clear,Dry,N,Angle,Pedestrian,On Roadway,N,Non-Junction,None,,,None,,,N,,,,,DEP,Hillsborough County Sheriff's Office,Sheriff's Office (SO),12/29/2024 7:17:00 PM,12/29/2024 7:17:00 PM,2,Y,Pedestrian,Pedestrian,Injury,Possible Injury,DAY,N,N,N,N,N,N,N,N,N,2,1,1,0,0,0,0,0,0,0,0,1,1,0,1,0,0,1,0,0,0,0,0,0,0,N,0,0,Y,0,0,0,0,0,0,1,150,150,1,0,0,Preliminary,Computer mapped confident by address,347553.1286,3104738.3525,28.0592649591729,-82.5512207702779
26558043,2024,27-JAN-2024 07:45 AM,27-JAN-2024 12:00 AM,CW24-14380,L,1,3,4,36,Pinellas,Clearwater,Urban,1/27/2024 7:48:00 AM,1/27/2024 7:52:00 AM,1/27/2024 7:52:00 AM,1/27/2024 9:00:00 AM,Y,Law Enforcement,MARLO BLVD,,28.005974,-82.709203,0,,N MCMULLEN BOOTH RD,,Local,Unpaved,T-Intersection,N,Daylight,Clear,Dry,N,,Pedalcycle,On Roadway,N,Intersection,None,,,None,,,N,,,,,OFFICER,Clearwater Police Department,Police Department (PD),2/2/2024 7:20:00 PM,2/2/2024 7:20:00 PM,6,Y,Bicycle,Bicycle,Injury,Possible Injury,DAY,N,N,N,N,N,N,Y,N,N,1,2,2,0,0,0,0,0,0,0,0,2,2,0,1,0,0,0,0,0,0,0,0,0,0,N,0,0,Y,0,0,1,0,1,200,1,250,450,1,0,0,Preliminary,Editor Mapped,331940.6595,3099040.8746,28.0059689323924,-82.7092173885458
26558262,2024,19-FEB-2024 10:40 AM,19-FEB-2024 12:00 AM,CW24-27023,S,1,2,4,36,Pinellas,Clearwater,Urban,2/19/2024 10:47:00 AM,2/19/2024 10:50:00 AM,2/19/2024 10:53:00 AM,2/19/2024 11:45:00 AM,Y,Law Enforcement,TURNER ST,,27.959589,-82.802503,0,,BAY AVE,,Local,Curb,Four-Way Intersection,N,Daylight,Clear,Dry,N,,Pedestrian,On Roadway,N,Intersection,None,,,None,,,N,,,,,OFFICER,Clearwater Police Department,Police Department (PD),2/22/2024 12:09:00 AM,2/22/2024 12:09:00 AM,3,N,Pedestrian,Pedestrian,No Injury,No Injury,DAY,N,N,N,N,N,N,Y,N,N,2,0,0,0,0,0,0,0,0,1,0,1,1,0,1,1,0,0,0,0,0,0,1,0,0,N,0,0,Y,0,0,1,0,1,1500,1,500,2000,0,0,0,Preliminary,Officer Mapped,322691.1227,3094033.1733,27.9595836858828,-82.8024994056019
26558633,2024,25-MAR-2024 08:23 AM,25-MAR-2024 12:00 AM,CW24-46630,L,1,2,4,36,Pinellas,Clearwater,Urban,3/25/2024 8:23:00 AM,3/25/2024 8:23:00 AM,3/25/2024 8:26:00 AM,3/25/2024 8:40:00 AM,Y,Law Enforcement,CLEVELAND ST,,27.965674,-82.785829,0,,S LINCOLN AVE,,Local,Curb,T-Intersection,N,Daylight,Clear,Dry,N,,Pedalcycle,On Roadway,N,Intersection,None,,,None,,,N,,,,,OFFICER,Clearwater Police Department,Police Department (PD),3/27/2024 11:43:00 PM,3/27/2024 11:43:00 PM,2,Y,Bicycle,Bicycle,Injury,Non-Incapacitating Injury,DAY,N,N,N,N,N,N,Y,N,N,1,1,0,1,0,0,0,0,0,0,0,1,1,0,1,0,1,0,0,0,0,0,0,0,0,N,0,0,Y,0,0,1,0,1,500,1,500,1000,1,0,0,Preliminary,Editor Mapped,324343.9794,3094677.6097,27.9656174197586,-82.7857991033788
26559000,2024,30-APR-2024 09:10 PM,30-APR-2024 12:00 AM,CW24-64993,L,1,2,4,36,Pinellas,Clearwater,Urban,4/30/2024 9:10:00 PM,4/30/2024 9:11:00 PM,4/30/2024 9:22:00 PM,4/30/2024 9:43:00 PM,Y,Law Enforcement,DREW ST,,27.96788,-82.724547,0,,N PARK PLACE BLVD,,Local,Curb,Four-Way Intersection,N,Dark - Not Lighted,Clear,Dry,N,,Pedalcycle,On Roadway,N,Intersection,None,,,None,,,N,,,,,PST,Clearwater Police Department,Police Department (PD),5/2/2024 7:25:00 PM,5/2/2024 7:25:00 PM,2,Y,Bicycle,Bicycle,Serious Injury,Incapacitating Injury,NIGHT,N,N,N,N,N,N,Y,N,N,1,1,0,0,1,0,0,0,0,0,0,1,1,0,1,0,0,0,0,0,0,0,0,0,0,N,0,0,Y,1,0,1,0,1,250,1,250,500,1,0,0,Verified,n/a,330374.9681,3094840.1706,27.9678662297326,-82.7245317177945
26559139,2024,13-MAY-2024 07:46 AM,13-MAY-2024 12:00 AM,CW24-70489,L,1,2,4,36,Pinellas,Clearwater,Urban,5/13/2024 7:46:00 AM,5/13/2024 7:47:00 AM,5/13/2024 7:52:00 AM,5/13/2024 8:30:00 AM,Y,Law Enforcement,DRUID RD,,27.957258,-82.787031,159,East,S MISSOURI AVE,,Local,Paved,T-Intersection,N,Daylight,Clear,Dry,N,,Pedalcycle,Off Roadway,N,Driveway/Alley Access Related,None,,,None,,,N,,,,,OFFICER,Clearwater Police Department,Police Department (PD),5/18/2024 7:23:00 PM,5/18/2024 7:23:00 PM,5,Y,Bicycle,Bicycle,Injury,Possible Injury,DAY,N,N,N,N,N,N,N,N,N,1,1,1,0,0,0,0,0,0,0,0,1,1,0,1,0,0,0,0,0,0,0,0,0,0,N,0,0,Y,0,0,1,0,1,1000,1,1000,2000,1,0,0,Preliminary,Editor Mapped,324209.3386,3093752.4395,27.9572518961514,-82.7870298397909
26559163,2024,15-MAY-2024 06:46 PM,15-MAY-2024 12:00 AM,CW24-71626,L,1,3,4,36,Pinellas,Clearwater,Urban,5/15/2024 6:47:00 PM,5/15/2024 6:49:00 PM,5/15/2024 6:52:00 PM,5/15/2024 7:45:00 PM,Y,Law Enforcement,2261 GULF TO BAY BLVD,,27.959573,-82.744064,968,North,,,Private Roadway,Unpaved,Not at Intersection,N,Daylight,Cloudy,Dry,N,,Pedalcycle,On Roadway,N,Non-Junction,None,,,None,,,N,,,,,OFC,Clearwater Police Department,Police Department (PD),5/18/2024 7:23:00 PM,5/18/2024 7:23:00 PM,3,Y,Bicycle,Bicycle,Injury,Non-Incapacitating Injury,DAY,N,N,N,N,N,N,N,N,N,2,1,0,1,0,0,0,0,0,0,0,1,1,0,1,1,0,1,0,0,0,0,0,0,0,N,0,0,Y,0,0,0,0,0,0,0,0,0,0,0,0,Preliminary,Editor Mapped,328440.332,3093947.2096,27.9595610217132,-82.7440636708492
