REPORT_NUMBER,CRASH_YEAR,VEHICLE_NUMBER,PERSON_NUMBER,RECOMMENDED_RE_EXAM,DL_STATE,DL_TYPE,DRIVER_DISTRACTION_CODE,CONDITION_AT_TIME_OF_CRASH,REQUIRED_ENDORSEMENTS,VISION_OBSTRUCTED,INSURANCE_COMPANY,CITY,STATE,ZIP_CODE,SEX,HELMET_CODE,RESTRAINT_SYSTEM_CODE,EYE_PROTECTION_CODE,AIR_BAG_DEPLOYMENT_CODE,EJECTED,SUSPECTED_ALCOHOL_USE_CODE,ALCOHOL_TESTED_CODE,ALCOHOL_TEST_TYPE_CODE,ALCOHOL_TEST_RESULTS,BLOOD_ALCOHOL_CONTENT,SUSPECTED_DRUG_USE_CODE,DRUG_TESTED_CODE,DRUG_TEST_TYPE_CODE,DRUG_TEST_RESULTS,INJURY_SEVERITY,EMS_TRANSPORT_TYPE,DRIVER_ACTION_1,DRIVER_ACTION_2,DRIVER_ACTION_3,DRIVER_ACTION_4,S4_AGE_AT_TIME_OF_CRASH,S4_IS_AGGRESSIVE_DRIVING,S4_IS_ALCOHOL_RELATED,S4_IS_DRUG_RELATED,S4_IS_DISTRACTED,S4_IS_SPEEDING_RELATED,S4_IS_AGING_DRIVER,S4_IS_TEENAGER_DRIVER,S4_IS_UNRESTRAINED
26462908,2024,1,1,N,FL,E/Operator,Not Distracted,Apparently Normal,No Required Endorsements,Vision Not Obscured,GEICO CASUALTY COMPANY,Venice,FL,34293,Female,,Shoulder and Lap Belt Used,,Not Deployed,Not Ejected,N,Test Not Given,,,,N,Test Not Given,,,None,Not Transported,No Contributing Action,,,,19,N,N,N,N,N,N,Y,N
26464503,2024,1,1,N,FL,E/Operator,Not Distracted,Apparently Normal,No Required Endorsements,Vision Not Obscured,GEICO,ORLANDO,FL,32828,Female,,Shoulder and Lap Belt Used,,Not Deployed,Not Ejected,N,Test Not Given,,,,N,Test Not Given,,,None,Not Transported,No Contributing Action,,,,45,N,N,N,N,N,N,N,N
26465446,2024,1,1,N,FL,E/Operator,Inattentive,Apparently Normal,No Required Endorsements,Vision Not Obscured,ACE AMERICA INS,LARGO,FL,33771,Male,,Shoulder and Lap Belt Used,,Not Applicable,Not Ejected,N,Test Not Given,,,,N,Test Not Given,,,None,Not Transported,Failed to Yield Right-of-Way,,,,35,N,N,N,Y,N,N,N,N
26559163,2024,1,1,N,FL,E/Operator,Not Distracted,Apparently Normal,No Required Endorsements,Vision Not Obscured,PROGRESSIVE SELECT INSU,PALM HARBOR,FL,34683,Male,,Shoulder and Lap Belt Used,,Not Deployed,Not Ejected,N,,,,,N,,,,None,Not Transported,No Contributing Action,,,,72,N,N,N,N,N,Y,N,N
26477729,2024,1,2,N,FL,E/Operator,Not Distracted,Apparently Normal,No Required Endorsements,Vision Not Obscured,GEICO CASUALTY INSURANCE COMPANY,TAMPA,FL,34610,Male,,Shoulder and Lap Belt Used,,Not Deployed,Not Ejected,N,Test Not Given,,,,N,Test Not Given,,,None,Not Transported,No Contributing Action,,,,43,N,N,N,N,N,N,N,N
26482916,2024,1,1,N,FL,B,Not Distracted,Apparently Normal,No Required Endorsements,Vision Not Obscured,LIBERTY MUTUAL INSURANC,CLERMONT,FL,34711,Male,,Shoulder and Lap Belt Used,,Not Deployed,Not Ejected,N,,,,,N,,,,None,Not Transported,No Contributing Action,,,,68,N,N,N,N,N,Y,N,N
26483960,2024,1,1,N,KY,E/Operator,Inattentive,Apparently Normal,,Vision Not Obscured,STATE FARM,BENTON,KY,42025,Male,,Shoulder and Lap Belt Used,,Not Deployed,Not Ejected,N,Test Not Given,,,,N,Test Not Given,,,None,Not Transported,No Contributing Action,,,,61,N,N,N,Y,N,N,N,N
26484237,2024,1,1,N,FL,E/Operator,Not Distracted,Apparently Normal,,Vision Not Obscured,LIBERTY MUTUAL,FT WALTON BCH,FL,32548,Male,,Shoulder and Lap Belt Used,,Not Deployed,Not Ejected,N,Test Not Given,,,,N,Test Not Given,,,None,Not Transported,No Contributing Action,,,,70,N,N,N,N,N,Y,N,N
26486004,2024,1,1,N,FL,E/Operator,Not Distracted,Apparently Normal,No Required Endorsements,Vision Not Obscured,US GOV. SELF INSURED,PALM COAST,FL,32164,Male,,Shoulder and Lap Belt Used,,Not Deployed,Not Ejected,N,,,,,N,,,,Possible,Not Transported,No Contributing Action,,,,62,N,N,N,N,N,N,N,N
26486681,2024,1,1,N,FL,E/Operator,Not Distracted,Apparently Normal,No Required Endorsements,Vision Not Obscured,FIRST ACCEPTANCE INSURA,GULFPORT,FL,33707,Male,,Shoulder and Lap Belt Used,,Not Deployed,Not Ejected,N,,,,,N,,,,None,Not Transported,Operated MV in Careless or Negligent Manner,,,,53,N,N,N,N,N,N,N,N
26486876,2024,1,1,N,FL,E/Operator,Not Distracted,Apparently Normal,No Required Endorsements,Vision Not Obscured,PEAK PROPERTY AND CASUA,NEW PORT RICHEY,FL,34652,Female,,Shoulder and Lap Belt Used,,Not Deployed,Not Ejected,N,,,,,N,,,,None,Not Transported,No Contributing Action,,,,29,N,N,N,N,N,N,N,N
26487439,2024,1,1,N,FL,E/Operator,Not Distracted,Apparently Normal,No Required Endorsements,Vision Not Obscured,GEICO,ORLANDO,FL,32832,Female,,Shoulder and Lap Belt Used,,Not Deployed,Not Ejected,N,,,,,N,,,,None,Not Transported,Operated MV in Careless or Negligent Manner,,,,18,N,N,N,N,N,N,Y,N
26487726,2024,1,1,N,FL,E/Operator,Not Distracted,Apparently Normal,No Required Endorsements,Vision Not Obscured,ALLSTATE FIRE AND CASUA,WINTER PARK,FL,32789,Male,,Shoulder and Lap Belt Used,,Not Deployed,Not Ejected,N,,,,,N,,,,None,Not Transported,Ran Stop Sign,,,,51,N,N,N,N,N,N,N,N
26487879,2024,1,1,N,FL,E/Operator,Not Distracted,Apparently Normal,No Required Endorsements,Vision Not Obscured,GEICO INDEMNITY COMPANY,ORLANDO,FL,32804,Male,,Shoulder and Lap Belt Used,,Not Deployed,Not Ejected,N,,,,,N,,,,None,Not Transported,No Contributing Action,,,,65,N,N,N,N,N,Y,N,N
26488124,2024,1,1,N,FL,E/Operator,Not Distracted,Apparently Normal,No Required Endorsements,Vision Not Obscured,GOVERNMENT EMPLOYEES INSURANCE COMPANY,ORLANDO,FL,32808,Female,,Shoulder and Lap Belt Used,,Not Deployed,Not Ejected,N,,,,,N,,,,None,Not Transported,No Contributing Action,,,,35,N,N,N,N,N,N,N,N
26488576,2024,1,1,N,FL,E/Operator,Not Distracted,Apparently Normal,No Required Endorsements,Vision Not Obscured,STATE FARM FIRE AND CAS,ORLANDO,FL,32836,Female,,Shoulder and Lap Belt Used,,Not Deployed,Not Ejected,N,,,,,N,,,,None,Not Transported,Failed to Yield Right-of-Way,,,,49,N,N,N,N,N,N,N,N
26489996,2024,1,1,,,,Unknown,Unknown,,,,,,,,,,,,Unknown,,,,,,,,,,,Not Transported,,,,,,N,N,N,,N,N,N,N
26490710,2024,1,1,,FL,E/Operator,Not Distracted,Apparently Normal,No,Vision Not Obscured,DIRECT AUTO,ORLANDO,FL,32822,Male,,Shoulder and Lap Belt Used,,Not Deployed,"Ejected, Totally",N,,,,,N,,,,Possible,Not Transported,Failed to Yield Right-of-Way,,,,26,N,N,N,N,N,N,N,N
26494108,2024,1,1,N,FL,E/Operator,Not Distracted,Apparently Normal,No Required Endorsements,Vision Not Obscured,GEICO GENERAL INSURANCE,FORT LAUDERDALE,FL,33312,Male,,Shoulder and Lap Belt Used,,Not Deployed,Not Ejected,N,,,,,N,,,,None,Not Transported,Failed to Yield Right-of-Way,,,,43,N,N,N,N,N,N,N,N
26494355,2024,1,1,N,FL,E/Operator,Not Distracted,Apparently Normal,No Required Endorsements,Vision Not Obscured,AUTO-OWNERS INSURANCE COMPANY,GENEVA,FL,32732,Male,,Shoulder and Lap Belt Used,,Not Deployed,Not Ejected,N,,,,,N,,,,None,Not Transported,Failed to Yield Right-of-Way,,,,45,N,N,N,N,N,N,N,N
26494712,2024,1,1,,,,Unknown,Unknown,,,,,,,,,,,,Unknown,,,,,,,,,,,Unknown,,,,,,N,N,N,,N,N,N,N
26495070,2024,1,1,N,FL,E/Operator,Not Distracted,Apparently Normal,No Required Endorsements,Vision Not Obscured,GEICO INDEMNITY COMPANY,ORLANDO,FL,32811,Female,,Shoulder and Lap Belt Used,,Not Deployed,Not Ejected,N,,,,,N,,,,None,Not Transported,No Contributing Action,,,,22,N,N,N,N,N,N,N,N
26495179,2024,1,1,N,FL,E/Operator,Not Distracted,Apparently Normal,No Required Endorsements,Vision Not Obscured,THE STANDARD FIRE INSUR,ORLANDO,FL,32810,Male,,Shoulder and Lap Belt Used,,Not Deployed,Not Ejected,N,,,,,N,,,,None,Not Transported,No Contributing Action,,,,71,N,N,N,N,N,Y,N,N
26495689,2024,1,1,N,FL,E/Operator,Not Distracted,Apparently Normal,No Required Endorsements,Vision Not Obscured,STATE FARM MUTUAL AUTOM,ST CLOUD,FL,34771,Female,,Shoulder and Lap Belt Used,,Not Deployed,Not Ejected,N,,,,,N,,,,None,Not Transported,Operated MV in Careless or Negligent Manner,,,,75,N,N,N,N,N,Y,N,N
26495696,2024,1,1,N,FL,E/Operator,Not Distracted,Apparently Normal,No Required Endorsements,Vision Not Obscured,GEICO,ORLANDO,FL,32805,Male,,Shoulder and Lap Belt Used,,Not Deployed,Not Ejected,N,,,,,N,,,,None,Not Transported,No Contributing Action,,,,22,N,N,N,N,N,N,N,N
26497133,2024,1,1,N,FL,E/Operator,Not Distracted,Apparently Normal,No Required Endorsements,Vision Not Obscured,GEICO GENERAL INSURANCE,MIAMI,FL,33176,Male,,Shoulder and Lap Belt Used,,Not Deployed,Not Ejected,N,,,,,N,,,,None,Not Transported,No Contributing Action,,,,71,N,N,N,N,N,Y,N,N
26497148,2024,1,1,N,FL,E/Operator,Unknown,Apparently Normal,No Required Endorsements,Vision Not Obscured,UNITED AUTOMOBILE INSUR,FLORIDA CITY,FL,33034,Male,,Shoulder and Lap Belt Used,,Not Deployed,Not Ejected,N,,,,,N,,,,None,Not Transported,Operated MV in Careless or Negligent Manner,,,,61,N,N,N,,N,N,N,N
26499013,2024,1,1,N,FL,E/Operator,Not Distracted,Apparently Normal,No Required Endorsements,Vision Not Obscured,GEICO GENERAL INSURANCE,DAVENPORT,FL,33837,Male,,Shoulder and Lap Belt Used,,Not Deployed,Not Ejected,N,,,,,N,,,,None,Not Transported,Failed to Yield Right-of-Way,,,,73,N,N,N,N,N,Y,N,N
26500512,2024,1,1,N,FL,E/Operator,Not Distracted,Apparently Normal,No Required Endorsements,Vision Not Obscured,PROGRESSIVE EXPRESS INSURANCE COMPA,CUDJOE KEY,FL,33042,Male,No Helmet,Shoulder and Lap Belt Used,,Not Deployed,Not Ejected,N,,,,,N,,,,None,Not Transported,No Contributing Action,,,,59,N,N,N,N,N,N,N,N
26500871,2024,1,1,N,FL,E/Operator,Not Distracted,Apparently Normal,No Required Endorsements,Inclement Weather,USAA CASUALTY INSURANCE COMPANY,KEY WEST,FL,33040,Male,No Helmet,Shoulder and Lap Belt Used,,Not Deployed,Not Ejected,N,,,,,N,,,,None,Not Transported,No Contributing Action,,,,25,N,N,N,N,N,N,N,N
26500925,2024,1,1,N,FL,E/Operator,Not Distracted,Apparently Normal,No Required Endorsements,Vision Not Obscured,PROGRESSIVE AMERICAN INSURANCE COMP,KEY WEST,FL,33040,Female,No Helmet,Shoulder and Lap Belt Used,,Not Deployed,Not Ejected,N,,,,,N,,,,None,Not Transported,Failed to Yield Right-of-Way,,,,44,N,N,N,N,N,N,N,N
26501000,2024,1,1,N,FL,E/Operator,Not Distracted,Apparently Normal,No Required Endorsements,Vision Not Obscured,GEICO INDEMNITY COMPANY,KEY WEST,FL,33040,Male,,Shoulder and Lap Belt Used,,Not Deployed,Not Ejected,N,,,,,N,,,,None,Not Transported,Failed to Yield Right-of-Way,,,,22,N,N,N,N,N,N,N,N
26501150,2024,1,1,N,FL,E/Operator,Unknown,Apparently Normal,No Required Endorsements,Vision Not Obscured,STATE FARM MUTUAL AUTOMOBILE INSURA,LARGO,FL,33770,Male,No Helmet,Shoulder and Lap Belt Used,Y,Not Deployed,Not Ejected,N,,,,,N,,,,None,Not Transported,Other Contributing Action,,,,58,N,N,N,,N,N,N,N
26501734,2024,1,1,N,FL,E/Operator,Not Distracted,Apparently Normal,No Required Endorsements,Inclement Weather,STATE FARM MUTUAL AUTOMOBILE INSURA,KEY WEST,FL,33040,Female,No Helmet,Shoulder and Lap Belt Used,,Not Deployed,Not Ejected,N,,,,,N,,,,None,Not Transported,No Contributing Action,,,,64,N,N,N,N,N,N,N,N
26501809,2024,1,1,N,FL,E/Operator,Not Distracted,Apparently Normal,No Required Endorsements,Vision Not Obscured,PROGRESSIVE,KEY WEST,FL,33040,Female,No Helmet,Shoulder and Lap Belt Used,,Not Deployed,Not Ejected,N,,,,,N,,,,None,Not Transported,Failed to Yield Right-of-Way,,,,19,N,N,N,N,N,N,Y,N
26502089,2024,1,1,N,FL,E/Operator,Not Distracted,Apparently Normal,No Required Endorsements,Vision Not Obscured,PROGRESSIVE AMERICAN INSURANCE COMP,KEY WEST,FL,33040,Male,No Helmet,Shoulder and Lap Belt Used,,Not Deployed,Not Ejected,N,,,,,N,,,,None,Not Transported,Failed to Yield Right-of-Way,,,,18,N,N,N,N,N,N,Y,N
26504356,2024,1,1,N,FL,E/Operator,Not Distracted,Apparently Normal,Yes,Vision Not Obscured,UNKNOWN,SARASOTA,FL,34235,Male,DOT-Compliant Motorcycle Helmet,Other,,Not Applicable,Not Applicable,N,,,,,N,,,,Possible,Not Transported,No Contributing Action,,,,23,N,N,N,N,N,N,N,N
26504637,2024,1,1,N,FL,E/Operator,Not Distracted,Apparently Normal,No Required Endorsements,Vision Not Obscured,SARASOTA COUNTY,SARASOTA,FL,34232,Male,,Shoulder and Lap Belt Used,,Not Deployed,Not Ejected,N,,,,,N,,,,None,Not Transported,Failed to Yield Right-of-Way,,,,55,N,N,N,N,N,N,N,N
26505069,2024,1,1,N,FL,E/Operator,Not Distracted,Apparently Normal,No Required Endorsements,Vision Not Obscured,GEICO GENERAL INSURANCE,VENICE,FL,34293,Male,,Shoulder and Lap Belt Used,,Not Deployed,Not Ejected,N,,,,,N,,,,None,Not Transported,No Contributing Action,,,,53,N,N,N,N,N,N,N,N
26506783,2024,1,1,N,FL,E/Operator,Not Distracted,Apparently Normal,No Required Endorsements,Vision Not Obscured,PROGRESSIVE AMERICAN IN,MYAKKA CITY,FL,34251,Male,,Shoulder and Lap Belt Used,,Not Deployed,Not Ejected,N,,,,,N,,,,None,Not Transported,Failed to Yield Right-of-Way,,,,40,N,N,N,N,N,N,N,N
26506990,2024,1,1,N,FL,E/Operator,Not Distracted,Apparently Normal,No Required Endorsements,Vision Not Obscured,SECURITY NATIONAL INSUR,SARASOTA,FL,34231,Female,,Shoulder and Lap Belt Used,,Not Deployed,Not Ejected,N,,,,,N,,,,None,Not Transported,Failed to Yield Right-of-Way,,,,89,N,N,N,N,N,Y,N,N
26511508,2024,1,1,N,FL,E/Operator,Not Distracted,Apparently Normal,No Required Endorsements,Vision Not Obscured,PROGRESSIVE SELECT INSU,WINTER HAVEN,FL,33881,Male,,Shoulder and Lap Belt Used,,Not Deployed,Not Ejected,N,,,,,N,,,,None,Not Transported,No Contributing Action,,,,21,N,N,N,N,N,N,N,N
26512457,2024,1,1,N,FL,E/Operator,Not Distracted,Apparently Normal,No Required Endorsements,Vision Not Obscured,UNITED AUTOMOBILE INSUR,HIALEAH,FL,33012,Male,,Shoulder and Lap Belt Used,,Not Deployed,Not Ejected,N,,,,,N,,,,None,Not Transported,No Contributing Action,,,,48,N,N,N,N,N,N,N,N
26517400,2024,1,1,N,FL,E/Operator,Not Distracted,Apparently Normal,No Required Endorsements,Vision Not Obscured,UNITED AUTOMOBILE INSUR,MIAMI,FL,33147,Male,,Shoulder and Lap Belt Used,,Not Deployed,Not Ejected,N,,,,,N,,,,None,Not Transported,Ran Stop Sign,,,,35,N,N,N,N,N,N,N,N
26518859,2024,1,1,N,FL,E/Operator,Not Distracted,Apparently Normal,No Required Endorsements,Vision Not Obscured,GOVERNMENT EMPLOYEES IN,HIALEAH,FL,33016,Female,,Shoulder and Lap Belt Used,,Not Deployed,Not Ejected,N,,,,,N,,,,None,Not Transported,Failed to Yield Right-of-Way,,,,40,N,N,N,N,N,N,N,N
26520488,2024,1,1,N,FL,E/Operator,Not Distracted,Apparently Normal,No Required Endorsements,Vision Not Obscured,PEOPLES TRUST INSURANC,HIALEAH,FL,33013,Male,,Shoulder and Lap Belt Used,,Not Deployed,Not Ejected,N,,,,,N,,,,None,Not Transported,Failed to Yield Right-of-Way,,,,51,N,N,N,N,N,N,N,N
26530439,2024,1,1,N,FL,E/Operator,Not Distracted,Apparently Normal,No Required Endorsements,Vision Not Obscured,GOVERNMENT,NEW PORT RICHEY,FL,34652,Male,,Shoulder and Lap Belt Used,,Not Deployed,Not Ejected,N,,,,,N,,,,None,Not Transported,No Contributing Action,,,,51,N,N,N,N,N,N,N,N
26530534,2024,1,1,N,FL,E/Operator,Not Distracted,Apparently Normal,No Required Endorsements,Vision Not Obscured,USAA GENERAL INDEMNITY,NEW PORT RICHEY,FL,34653,Male,,Shoulder and Lap Belt Used,,Not Deployed,Not Ejected,N,,,,,N,,,,None,Not Transported,No Contributing Action,,,,75,N,N,N,N,N,Y,N,N
26530543,2024,1,1,N,FL,E/Operator,Not Distracted,Apparently Normal,No Required Endorsements,Vision Not Obscured,AUTO-OWNERS INSURANCE C,NEW PORT RICHEY,FL,34653,Male,,Shoulder and Lap Belt Used,,Not Deployed,Not Ejected,N,,,,,N,,,,None,Not Transported,No Contributing Action,,,,79,N,N,N,N,N,Y,N,N
26530782,2024,1,1,N,FL,E/Operator,Not Distracted,Apparently Normal,No Required Endorsements,Vision Not Obscured,PROGRESSIVE SELECT INSU,PORT RICHEY,FL,34668,Male,,Shoulder and Lap Belt Used,,Not Deployed,Not Ejected,N,,,,,N,,,,Possible,Not Transported,Other Contributing Action,,,,36,N,N,N,N,N,N,N,N
26530887,2024,1,1,N,FL,E/Operator,Not Distracted,Apparently Normal,No Required Endorsements,Vision Not Obscured,GEICO,ODESSA,FL,33556,Male,,Shoulder and Lap Belt Used,,Not Deployed,Not Ejected,N,,,,,N,,,,None,Not Transported,No Contributing Action,,,,24,N,N,N,N,N,N,N,N
26531224,2024,1,1,N,,,,,,,,,,,,,,,,,,,,,,,,,,,,Failed to Yield Right-of-Way,,,,,N,N,N,,N,N,N,N
26531273,2024,1,1,N,FL,E/Operator,Not Distracted,Apparently Normal,No Required Endorsements,All Other,STATE FARM,LAUDERDALE LAKES,FL,33309,Female,No Helmet,Shoulder and Lap Belt Used,,Not Deployed,Not Ejected,N,Test Not Given,,,,N,Test Not Given,,,None,Not Transported,Other Contributing Action,,,,46,N,N,N,N,N,N,N,N
26531301,2024,3,3,N,FL,E/Operator,Not Distracted,Apparently Normal,No,Parked/Stopped Vehicle,STATE FARM,FORT LAUDERDALE,FL,33315,Male,No Helmet,Not Applicable (non-motorist),N,Not Applicable,Not Ejected,N,,,,,N,,,,None,Not Transported,Other Contributing Action,,,,59,N,N,N,N,N,N,N,N
26531323,2024,1,1,N,,,Unknown,Unknown,,,,UK,UK,UK,Male,,,,Deployment Unknown,Not Ejected,,,,,,,,,,,Unknown,Failed to Yield Right-of-Way,,,,,N,N,N,,N,N,N,N
26531835,2024,1,1,N,VA,E/Operator,Not Distracted,Apparently Normal,No,Vision Not Obscured,UK,HAYMARKET,VA,201691001,Female,,Shoulder and Lap Belt Used,,Not Deployed,Not Ejected,N,,,,,N,,,,None,Not Transported,Failed to Yield Right-of-Way,,,,57,N,N,N,N,N,N,N,N
26531894,2024,1,1,N,FL,D/Chauffeur,Not Distracted,Apparently Normal,No Required Endorsements,Vision Not Obscured,SELF INSURED,FORT LAUDERDALE,FL,33311,Female,No Helmet,Shoulder and Lap Belt Used,,Not Deployed,Not Ejected,N,,,,,N,,,,None,Not Transported,No Contributing Action,,,,30,N,N,N,N,N,N,N,N
26532145,2024,2,2,N,FL,E/Operator,Not Distracted,Apparently Normal,No,Vision Not Obscured,AMERICAN AUTOMOBILE INSURANCE COMPANY,FORT LAUDERDALE,FL,33304,Male,,Shoulder and Lap Belt Used,,Not Deployed,Not Ejected,N,,,,,N,,,,None,Not Transported,No Contributing Action,,,,39,N,N,N,N,N,N,N,N
26532236,2024,1,1,N,FL,E/Operator,Not Distracted,Apparently Normal,No,Vision Not Obscured,GOVERNMENT EMPLOYEES INSURANCE COMPANY,FORT LAUDERDALE,FL,33312,Female,,Shoulder and Lap Belt Used,,Not Deployed,Not Ejected,N,,,,,N,,,,None,Not Transported,Failed to Yield Right-of-Way,,,,52,N,N,N,N,N,N,N,N
26532801,2024,1,1,N,,,,Unknown,,,STATE FARM MUTUAL AUTOMOBILE INSURANCE,,,,,,,,Deployment Unknown,Not Ejected,,,,,,,,,,,Not Transported,Followed Too Closely,,,,,N,N,N,,N,N,N,N
26532825,2024,1,1,N,FL,E/Operator,Unknown,Unknown,No,Vision Not Obscured,STATE FARM MUTUAL AUTOMOBILE INSURANCE,JACKSONVILLE,FL,32246,Female,,Other,,Not Deployed,Not Ejected,,,,,,,,,,None,Not Transported,Other Contributing Action,,,,26,N,N,N,,N,N,N,N
26532885,2024,1,1,N,FL,E/Operator,Not Distracted,Apparently Normal,No Required Endorsements,Vision Not Obscured,PERMANENT GENERAL ASSURANCE CORP,DEERFIELD BCH,FL,33441,Male,No Helmet,Shoulder and Lap Belt Used,,Not Deployed,Not Ejected,N,,,,,N,,,,None,Not Transported,No Contributing Action,,,,33,N,N,N,N,N,N,N,N
26532915,2024,1,1,N,FL,,Not Distracted,Apparently Normal,No Required Endorsements,Vision Not Obscured,STATE FARM,FT LAUDERDALE,FL,33301,Male,,Shoulder and Lap Belt Used,,Not Deployed,Not Ejected,N,,,,,N,,,,None,Not Transported,Failed to Yield Right-of-Way,,,,73,N,N,N,N,N,Y,N,N
26532950,2024,2,2,N,FL,,Not Distracted,Apparently Normal,No,Vision Not Obscured,UNITED AUTOMOBILE INSURANCE,MIAMI,FL,33172,Male,,Shoulder and Lap Belt Used,,Not Deployed,Not Ejected,N,,,,,N,,,,None,Not Transported,No Contributing Action,,,,43,N,N,N,N,N,N,N,N
26533146,2024,2,2,N,,,Not Distracted,Apparently Normal,,Vision Not Obscured,INFINITY AUTO INSURANCE COMPANY,MARGATE,FL,33068,Female,,Shoulder and Lap Belt Used,,Not Deployed,Not Ejected,N,,,,,N,,,,None,Not Transported,Other Contributing Action,,,,20,N,N,N,N,N,N,N,N
26535074,2024,1,1,N,,,,,,,UNKNOWN,,,,,,,,,,,,,,,,,,,,,,,,,,N,N,N,,N,N,N,N
26535190,2024,2,2,N,FL,E/Operator,Not Distracted,Apparently Normal,No,Vision Not Obscured,OCEAN HARBOR CASUALTY INSURANCE COMPANY,LAUDERHILL,FL,33313,Male,,Restraint Used - Type Unknown,,Not Deployed,Not Ejected,N,,,,,N,,,,None,Not Transported,No Contributing Action,,,,24,N,N,N,N,N,N,N,N
26538709,2024,1,1,N,FL,E/Operator,Inattentive,Apparently Normal,,Vision Not Obscured,MITSUI SUMITOMO INSURANCE USA INC,LUTZ,FL,33549,Female,,Shoulder and Lap Belt Used,,Not Deployed,Not Ejected,N,Test Not Given,,,,N,Test Not Given,,,None,Not Transported,Failed to Yield Right-of-Way,,,,41,N,N,N,Y,N,N,N,N
26540429,2024,1,1,N,FL,E/Operator,Not Distracted,Apparently Normal,,Vision Not Obscured,PROGRESSIVE,TAMPA,FL,33615-2643,Male,,Shoulder and Lap Belt Used,,Not Deployed,Not Ejected,N,Test Not Given,,,,N,Test Not Given,,,None,Not Transported,Failed to Keep in Proper Lane,,,,18,N,N,N,N,N,N,Y,N
26540698,2024,1,2,N,FL,E/Operator,Not Distracted,Apparently Normal,,Vision Not Obscured,NO INSURANCE,TAMPA,FL,33634,Male,,Shoulder and Lap Belt Used,,Not Deployed,Not Ejected,N,Test Not Given,,,,N,Test Not Given,,,None,Not Transported,No Contributing Action,,,,48,N,N,N,N,N,N,N,N
26540752,2024,1,2,N,FL,E/Operator,Inattentive,Apparently Normal,,Vision Not Obscured,USAA,RIVERVIEW,FL,33579,Female,,Shoulder and Lap Belt Used,,Not Deployed,Not Ejected,N,Test Not Given,,,,N,Test Not Given,,,None,Not Transported,Other Contributing Action,,,,68,N,N,N,Y,N,Y,N,N
26540918,2024,1,1,N,FL,E/Operator,Not Distracted,Apparently Normal,,Vision Not Obscured,STATE FARM MUTUAL AUTOMOBILE INSURANCE,VALRICO,FL,33596,Female,,Shoulder and Lap Belt Used,,Not Deployed,Not Ejected,N,Test Not Given,,,,N,Test Not Given,,,None,Not Transported,No Contributing Action,,,,56,N,N,N,N,N,N,N,N
26541036,2024,1,1,N,FL,E/Operator,Inattentive,Apparently Normal,,Vision Not Obscured,GEICO GENERAL INSURANCE COMPANY,LUTZ,FL,33559,Male,,Shoulder and Lap Belt Used,,Not Deployed,Not Ejected,N,Test Not Given,,,,N,Test Not Given,,,None,Not Transported,Failed to Yield Right-of-Way,,,,68,N,N,N,Y,N,Y,N,N
26542274,2024,1,1,N,FL,E/Operator,Not Distracted,Apparently Normal,,Vision Not Obscured,GEICO,RIVERVIEW,FL,33578-0000,Female,,Shoulder and Lap Belt Used,,Not Deployed,Not Ejected,N,Test Not Given,,,,N,Test Not Given,,,None,Not Transported,Failed to Yield Right-of-Way,,,,62,N,N,N,N,N,N,N,N
26542465,2024,1,2,N,FL,E/Operator,Not Distracted,Apparently Normal,,Vision Not Obscured,GEICO,NEW PORT RICHEY,FL,34653-3801,Male,,Shoulder and Lap Belt Used,,Not Deployed,Not Ejected,N,Test Not Given,,,,N,Test Not Given,,,None,Not Transported,No Contributing Action,,,,35,N,N,N,N,N,N,N,N
26543013,2024,1,1,N,FL,E/Operator,Not Distracted,Apparently Normal,,Vision Not Obscured,STATE FARM,LITHIA,FL,33547,Male,,Shoulder and Lap Belt Used,,Not Deployed,Not Ejected,N,Test Not Given,,,,N,Test Not Given,,,None,Not Transported,Other Contributing Action,,,,23,N,N,N,N,N,N,N,N
26543774,2024,1,1,N,FL,E/Operator,Not Distracted,Apparently Normal,,Vision Not Obscured,STATE FARM,PLANT CITY,FL,33563,Male,,Shoulder and Lap Belt Used,,Not Deployed,Not Ejected,N,Test Not Given,,,,N,Test Not Given,,,None,Not Transported,Improper Passing,,,,60,N,N,N,N,N,N,N,N
26546149,2024,1,1,N,FL,E/Operator,Not Distracted,Apparently Normal,,Vision Not Obscured,HILLSBOROUGH COUNTY PUBLIC SCHOOLS,TAMPA,FL,33617,Female,,Shoulder and Lap Belt Used,,Not Applicable,Not Ejected,N,Test Not Given,,,,N,Test Not Given,,,None,Not Transported,Failed to Yield Right-of-Way,,,,56,N,N,N,N,N,N,N,N
26546871,2024,1,1,N,FL,E/Operator,Not Distracted,Apparently Normal,,Building/Fixed Object,PROGRESSIVE AMERICAN INSURANCE,MINNEOLA,FL,34715,Female,,Shoulder and Lap Belt Used,,Not Deployed,Not Ejected,N,Test Not Given,,,,N,Test Not Given,,,None,Not Transported,Failed to Yield Right-of-Way,,,,20,N,N,N,N,N,N,N,N
26547325,2024,1,1,N,FL,E/Operator,Not Distracted,Apparently Normal,,Trees/Crops/Bushes,GEICO INS CO,VALRICO,FL,33594,Male,,Shoulder and Lap Belt Used,,Not Deployed,Not Ejected,N,Test Not Given,,,,N,Test Not Given,,,None,Not Transported,No Contributing Action,,,,43,N,N,N,N,N,N,N,N
26547709,2024,1,1,N,FL,B,Not Distracted,Apparently Normal,Yes,Vision Not Obscured,ARCH INSURANCE COMPANY,TAMPA,FL,33613,,,Shoulder and Lap Belt Used,,Not Deployed,Not Ejected,N,Test Not Given,,,,N,Test Not Given,,,None,Not Transported,No Contributing Action,,,,,N,N,N,N,N,N,N,N
26549273,2024,1,1,N,FL,E/Operator,Not Distracted,Apparently Normal,,Vision Not Obscured,SELF-INSURED,LAND O LAKES,FL,34639,Female,,Lap Belt Only Used,,Not Deployed,Not Ejected,N,Test Not Given,,,,N,Test Not Given,,,None,Not Transported,Ran Stop Sign,,,,40,N,N,N,N,N,N,N,N
26549425,2024,1,1,N,FL,E/Operator,Not Distracted,Apparently Normal,,Vision Not Obscured,GEICO CASUALTY COMPANY,LUTZ,FL,33559,Female,,Shoulder and Lap Belt Used,,Not Deployed,Not Ejected,N,Test Not Given,,,,N,Test Not Given,,,None,Not Transported,Failed to Yield Right-of-Way,,,,22,N,N,N,N,N,N,N,N
26549539,2024,1,1,N,FL,E/Operator,Inattentive,Apparently Normal,,Vision Not Obscured,STATE FARM,TAMPA,FL,33624,Male,,Shoulder and Lap Belt Used,,Not Deployed,Not Ejected,N,Test Not Given,,,,N,Test Not Given,,,None,Not Transported,Failed to Yield Right-of-Way,Operated MV in Careless or Negligent Manner,,,51,N,N,N,Y,N,N,N,N
26549740,2024,1,1,N,FL,E/Operator,Not Distracted,Apparently Normal,,Vision Not Obscured,PROGRESSIVE AMERICAN INSURANCE,N REDINGTON BEACH,FL,33708,Female,,Shoulder and Lap Belt Used,,Not Deployed,Not Ejected,N,Test Not Given,,,,N,Test Not Given,,,None,Not Transported,Failed to Yield Right-of-Way,,,,54,N,N,N,N,N,N,N,N
26550298,2024,1,2,N,FL,E/Operator,Not Distracted,Apparently Normal,,Vision Not Obscured,GEICO GENERAL,TAMPA,FL,33625,Male,,Shoulder and Lap Belt Used,,Not Deployed,Not Ejected,N,Test Not Given,,,,N,Test Not Given,,,None,Not Transported,No Contributing Action,,,,41,N,N,N,N,N,N,N,N
26558043,2024,1,1,N,FL,E/Operator,Not Distracted,Apparently Normal,No Required Endorsements,Vision Not Obscured,GEICO CASUALTY COMPANY,CLEARWATER,FL,33759,Male,,Shoulder and Lap Belt Used,,Not Deployed,Not Ejected,N,,,,,N,,,,None,Not Transported,No Contributing Action,,,,36,N,N,N,N,N,N,N,N
26558262,2024,1,1,N,FL,E/Operator,Not Distracted,Apparently Normal,No Required Endorsements,Vision Not Obscured,GEICO GENERAL INSURANCE,CLEARWATER,FL,33756,Male,,Shoulder and Lap Belt Used,N,Not Deployed,Not Applicable,N,,,,,N,,,,None,Not Transported,No Contributing Action,,,,74,N,N,N,N,N,Y,N,N
26558633,2024,1,1,N,FL,E/Operator,Not Distracted,Apparently Normal,No Required Endorsements,Vision Not Obscured,ROOT INSURANCE COMPANY,LARGO,FL,33771,Female,,Shoulder and Lap Belt Used,,Not Deployed,Not Ejected,N,,,,,N,,,,None,Not Transported,No Contributing Action,,,,19,N,N,N,N,N,N,Y,N
26559000,2024,1,1,N,FL,E/Operator,Not Distracted,Apparently Normal,No Required Endorsements,Vision Not Obscured,EQUITY INSURANCE COMPAN,CLEARWATER,FL,33759,Male,,Shoulder and Lap Belt Used,,Not Deployed,Not Ejected,N,,,,,N,,,,None,Not Transported,No Contributing Action,,,,22,N,N,N,N,N,N,N,N
26559139,2024,1,1,N,FL,E/Operator,Not Distracted,Apparently Normal,No Required Endorsements,Vision Not Obscured,THE STANDARD FIRE INSUR,CLEARWATER,FL,33756,Male,,Shoulder and Lap Belt Used,,Not Deployed,Not Ejected,N,,,,,N,,,,None,Not Transported,Failed to Yield Right-of-Way,,,,50,N,N,N,N,N,N,N,N
