REPORT_NUMBER,CRASH_YEAR,PERSON_NUMBER,LOCATION_AT_TIME_OF_CRASH_CODE,ACTION_PRIOR_TO_CRASH_CODE,NON_MOTORIST_DESCRIPTION_CODE,CITY,STATE,ZIP_CODE,SEX,SUSPECTED_ALCOHOL_USE_CODE,ALCOHOL_TESTED_CODE,ALCOHOL_TEST_TYPE_CODE,ALCOHOL_TEST_RESULT,BLOOD_ALCOHOL_CONTENT,SUSPECTED_DRUG_USE_CODE,DRUG_TESTED_CODE,DRUG_TEST_TYPE_CODE,DRUG_TEST_RESULT,INJURY_SEVERITY,EMS_TRANSPORT_TYPE,NON_MOTORIST_ACTIONS_CIRCUMSTANCES_1,NON_MOTORIST_ACTIONS_CIRCUMSTANCES_2,SAFETY_EQUIPMENT_CODE_1,SAFETY_EQUIPMENT_CODE_2,S4_AGE_AT_TIME_OF_CRASH,S4_IS_ALCOHOL_RELATED,S4_IS_DRUG_RELATED,S4_IS_AGING,S4_IS_TEENAGER
26459240,2024,1,Intersection - Marked Crosswalk,Crossing Roadway,Other Cyclist,TAMPA,FL,33614,Female,N,Test Not Given,,,,N,Test Not Given,,,Non-Incapacitating,Not Transported,No Improper Action,,None,,20,N,N,N,N
26462908,2024,2,Intersection - Unmarked Crosswalk,Walking/Cycling Along Roadway With Traffic,Other Cyclist,VENICE,FL,34293,Male,N,Test Not Given,,,,N,Test Not Given,,,Possible,EMS,Failure to Yield Right-of-Way,,None,None,8,N,N,N,N
26464503,2024,2,Intersection - Marked Crosswalk,Crossing Roadway,Other Cyclist,ORLANDO,FL,32826,Male,N,Test Not Given,,,,N,Test Not Given,,,Non-Incapacitating,Other,Failure to Yield Right-of-Way,,None,,11,N,N,N,N
26465446,2024,3,Sidewalk,Walking/Cycling Along Roadway Against Traffic,Other Cyclist,SAINT PETERSBURG,FL,33709,Female,N,Test Not Given,,,,N,Test Not Given,,,Possible,EMS,No Improper Action,,None,None,34,N,N,N,N
26483960,2024,2,Intersection - Marked Crosswalk,Walking/Cycling on Sidewalk,Other Cyclist,DESTIN,FL,32541,Male,N,Test Not Given,,,,N,Test Not Given,,,Possible,EMS,No Improper Action,,None,,26,N,N,N,N
26486681,2024,2,Intersection - Marked Crosswalk,Crossing Roadway,Other Cyclist,PALM HARBOR,FL,34683,Female,N,,,,,N,,,,Possible,EMS,No Improper Action,,None,,44,N,N,N,N
26487439,2024,2,Shoulder/Roadside,Going To or From School,Other Cyclist,ORLANDO,FL,32832,Male,N,,,,,N,,,,Non-Incapacitating,EMS,Other,,None,,12,N,N,N,N
26488576,2024,3,Intersection - Marked Crosswalk,Crossing Roadway,Other Cyclist,ORLANDO,FL,32811,Male,N,,,,,N,,,,Non-Incapacitating,Not Transported,No Improper Action,,None,,42,N,N,N,N
26495179,2024,2,Bicycle Lane,Crossing Roadway,Other Cyclist,ORLANDO,FL,32805,Female,N,,,,,N,,,,Possible,EMS,Wrong-Way Riding or Walking,,None,,31,N,N,N,N
26499013,2024,2,Travel Lane - Other Location,Going To or From School,Other Cyclist,KISSIMMEE,FL,34747,Male,N,,,,,N,,,,Possible,Not Transported,No Improper Action,,Helmet,None,11,N,N,N,N
26501809,2024,2,Sidewalk,Walking/Cycling on Sidewalk,Other Cyclist,KEY WEST,FL,33040,,N,,,,,N,,,,None,Not Transported,No Improper Action,,None,,,N,N,N,N
26501809,2024,3,Sidewalk,Walking/Cycling on Sidewalk,Other Cyclist,CUDJOE KEY,FL,33042,,N,,,,,N,,,,None,Not Transported,No Improper Action,,None,,,N,N,N,N
26502089,2024,3,Midblock - Marked Crosswalk,Crossing Roadway,Other Cyclist,SAN FRANCISCO,CA,94016,,N,,,,,N,,,,Incapacitating,EMS,No Improper Action,,None,,,N,N,N,N
26504356,2024,2,Travel Lane - Other Location,Other,Other Cyclist,SARASOTA,FL,34234,Male,N,,,,,N,,,,None,Not Transported,Improper Turn/Merge,,None,,63,N,N,N,N
26504637,2024,3,Bicycle Lane,Walking/Cycling Along Roadway With Traffic,Other Cyclist,SARASOTA,FL,34241,Male,N,,,,,N,,,,Possible,Not Transported,No Improper Action,,Helmet,,52,N,N,N,N
26511508,2024,2,Intersection - Unmarked Crosswalk,Crossing Roadway,Other Cyclist,HIALEAH,FL,33010,Male,N,,,,,N,,,,None,Not Transported,Failure to Yield Right-of-Way,,None,,31,N,N,N,N
26532145,2024,1,Travel Lane - Other Location,Walking/Cycling Along Roadway Against Traffic,Other Cyclist,FT LAUDERDALE,FL,33304,Male,N,,,,,N,,,,Non-Incapacitating,Not Transported,Wrong-Way Riding or Walking,,None,,40,N,N,N,N
26540882,2024,1,Intersection - Marked Crosswalk,Crossing Roadway,Other Cyclist,TAMPA,FL,33613,Male,N,Test Not Given,,,,N,Test Not Given,,,Non-Incapacitating,Not Transported,No Improper Action,,None,,22,N,N,N,N
26559163,2024,3,Other,Other,Other Cyclist,CLEARWATER,FL,33765,Male,N,,,,,N,,,,Non-Incapacitating,Not Transported,No Improper Action,,None,,67,N,N,Y,N
26470882,2024,1,Intersection - Marked Crosswalk,Crossing Roadway,Other Cyclist,KISSIMMEE,FL,34744,Female,N,Test Not Given,,,,N,Test Not Given,,,Non-Incapacitating,EMS,No Improper Action,,None,,31,N,N,N,N
26477729,2024,1,Travel Lane - Other Location,In Roadway - Other,Other Cyclist,WESLEY CHAPEL,FL,33545,Male,N,Test Not Given,,,,N,Test Not Given,,,Incapacitating,EMS,In Roadway Improperly,,None,,7,N,N,N,N
26482916,2024,2,Bicycle Lane,Walking/Cycling Along Roadway Against Traffic,Other Cyclist,CLERMONT,FL,34711,Female,N,,,,,N,,,,Possible,EMS,Wrong-Way Riding or Walking,,None,,22,N,N,N,N
26484237,2024,2,Sidewalk,Walking/Cycling on Sidewalk,Other Cyclist,DESTIN,FL,32541,Male,N,Test Not Given,,,,N,Test Not Given,,,Non-Incapacitating,EMS,No Improper Action,,None,,31,N,N,N,N
26486004,2024,2,Sidewalk,Other,Other Cyclist,DAYTONA BEACH,FL,32114,Male,N,,,,,N,,,,Possible,EMS,No Improper Action,,None,,61,N,N,N,N
26497133,2024,2,Intersection - Unmarked Crosswalk,Crossing Roadway,Other Cyclist,FLORIDA CITY,FL,33034,Male,N,,,,,N,,,,Non-Incapacitating,EMS,Failure to Yield Right-of-Way,,None,,31,N,N,N,N
26497148,2024,3,Other,Other,Other Cyclist,HOMESTEAD,FL,33034,Female,N,,,,,N,,,,Incapacitating,EMS,No Improper Action,,Helmet,,58,N,N,N,N
26486876,2024,2,Midblock - Marked Crosswalk,Crossing Roadway,Other Cyclist,TARPON SPRINGS,FL,34689,Male,N,,,,,N,,,,Possible,Not Transported,No Improper Action,,Helmet,,16,N,N,N,Y
26487726,2024,2,Midblock - Marked Crosswalk,Walking/Cycling on Sidewalk,Other Cyclist,ORLANDO,FL,32822,Male,N,,,,,N,,,,None,Not Transported,No Improper Action,,Helmet,None,49,N,N,N,N
26487879,2024,2,Intersection - Marked Crosswalk,Walking/Cycling Along Roadway With Traffic,Other Cyclist,ORLANDO,FL,32801,Female,N,,,,,N,,,,Possible,Not Transported,"Failure to Obey Traffic Signs, Signals, or Officer",,None,,35,N,N,N,N
26488124,2024,6,Travel Lane - Other Location,Crossing Roadway,Other Cyclist,ORLANDO,FL,32801,Male,N,,,,,N,,,,Possible,Not Transported,Wrong-Way Riding or Walking,,None,,32,N,N,N,N
26489996,2024,2,Intersection - Unmarked Crosswalk,Crossing Roadway,Other Cyclist,ORLANDO,FL,32822,Male,N,,,,,N,,,,Non-Incapacitating,EMS,No Improper Action,,Helmet,,14,N,N,N,N
26490710,2024,2,Travel Lane - Other Location,Walking/Cycling Along Roadway With Traffic,Other Cyclist,ORLANDO,FL,32822,Male,N,,,,,N,,,,Possible,EMS,No Improper Action,,None,,17,N,N,N,Y
26494108,2024,4,Sidewalk,Walking/Cycling on Sidewalk,Other Cyclist,ORLANDO,FL,32835,Male,N,,,,,N,,,,Non-Incapacitating,EMS,No Improper Action,,None,,20,N,N,N,N
26506783,2024,3,Bicycle Lane,Walking/Cycling Along Roadway With Traffic,Other Cyclist,SARASOTA,FL,34233,Male,N,,,,,N,,,,Non-Incapacitating,EMS,No Improper Action,,None,,49,N,N,N,N
26494355,2024,3,Intersection - Marked Crosswalk,Crossing Roadway,Other Cyclist,ORLANDO,FL,32832,Female,N,,,,,N,,,,Possible,Not Transported,No Improper Action,,None,,19,N,N,N,Y
26506990,2024,2,Intersection - Marked Crosswalk,Walking/Cycling on Sidewalk,Other Cyclist,SARASOTA,FL,34231,Male,N,,,,,N,,,,Non-Incapacitating,EMS,Other,,None,,28,N,N,N,N
26494712,2024,2,Intersection - Marked Crosswalk,Crossing Roadway,Other Cyclist,ORLANDO,FL,32801,Female,N,,,,,N,,,,Non-Incapacitating,Not Transported,No Improper Action,,None,,12,N,N,N,N
26495070,2024,2,Intersection - Marked Crosswalk,Crossing Roadway,Other Cyclist,ORLANDO,FL,32811,Male,N,,,,,N,,,,None,Not Transported,"Failure to Obey Traffic Signs, Signals, or Officer",,None,,54,N,N,N,N
26495696,2024,2,Travel Lane - Other Location,Adjacent to Roadway,Other Cyclist,ORLANDO,FL,32822,Male,N,,,,,N,,,,Non-Incapacitating,Not Transported,Other,,None,,52,N,N,N,N
26495689,2024,2,Midblock - Marked Crosswalk,Walking/Cycling on Sidewalk,Other Cyclist,ORLANDO,FL,32832,Male,N,,,,,N,,,,Non-Incapacitating,Not Transported,No Improper Action,,None,,13,N,N,N,N
26496106,2024,1,Other,Walking/Cycling Along Roadway With Traffic,Other Cyclist,ORLANDO,FL,32826,Male,N,,,,,N,,,,Non-Incapacitating,Not Transported,Improper Turn/Merge,,None,,31,N,N,N,N
26500512,2024,2,Travel Lane - Other Location,Crossing Roadway,Other Cyclist,HOLLISTON,MA,01746,,N,,,,,N,,,,None,Not Transported,Failure to Yield Right-of-Way,Dart/Dash,None,,,N,N,N,N
26500871,2024,2,Intersection - Marked Crosswalk,Walking/Cycling on Sidewalk,Other Cyclist,KEY WEST,FL,33040,,N,,,,,N,,,,Non-Incapacitating,Not Transported,Dart/Dash,Failure to Yield Right-of-Way,None,,,N,N,N,N
26531224,2024,2,Travel Lane - Other Location,Other,Other Cyclist,FT LAUDERDALE,FL,33315,Male,N,,,,,N,,,,Possible,EMS,No Improper Action,,Helmet,,35,N,N,N,N
26500925,2024,2,Sidewalk,Walking/Cycling on Sidewalk,Other Cyclist,KEY WEST,FL,33040,,N,,,,,N,,,,None,Not Transported,No Improper Action,,None,,,N,N,N,N
26501000,2024,2,Travel Lane - Other Location,Walking/Cycling Along Roadway With Traffic,Other Cyclist,KEY WEST,FL,33040,,N,,,,,N,,,,Incapacitating,EMS,No Improper Action,,None,,,N,N,N,N
26501150,2024,2,Shoulder/Roadside,Walking/Cycling Along Roadway With Traffic,Other Cyclist,KEY WEST,FL,33040,,N,,,,,N,,,,Incapacitating,EMS,No Improper Action,,Helmet,,,N,N,N,N
26505069,2024,2,Bicycle Lane,Walking/Cycling Along Roadway Against Traffic,Other Cyclist,PORT CHARLOTTE,FL,33981,Female,N,,,,,N,,,,None,Not Transported,No Improper Action,,None,,31,N,N,N,N
26501734,2024,2,Sidewalk,Walking/Cycling on Sidewalk,Other Cyclist,KEY WEST,FL,33040,,N,,,,,N,,,,Possible,EMS,Other,,None,,,N,N,N,N
26503765,2024,2,Intersection - Unmarked Crosswalk,Crossing Roadway,Other Cyclist,SARASOTA,FL,34233,Male,N,,,,,N,,,,Non-Incapacitating,Not Transported,Failure to Yield Right-of-Way,,None,,16,N,N,N,Y
26504254,2024,2,Intersection - Marked Crosswalk,Crossing Roadway,Other Cyclist,SARASOTA,FL,34239,Male,N,,,,,N,,,,Possible,Not Transported,No Improper Action,,None,,14,N,N,N,N
26512457,2024,2,Intersection - Marked Crosswalk,Adjacent to Roadway,Other Cyclist,MIAMI,FL,33136,Male,N,,,,,N,,,,None,Not Transported,Other,,None,,53,N,N,N,N
26539013,2024,1,Intersection - Marked Crosswalk,Crossing Roadway,Other Cyclist,WIMAUMA,FL,33598,Male,N,Test Not Given,,,,N,Test Not Given,,,Non-Incapacitating,Not Transported,No Improper Action,,None,,18,N,N,N,Y
26517400,2024,2,Intersection - Marked Crosswalk,Crossing Roadway,Other Cyclist,HIALEAH,FL,33012,Female,N,,,,,N,,,,None,Not Transported,No Improper Action,,None,,17,N,N,N,Y
26518859,2024,2,Sidewalk,Walking/Cycling on Sidewalk,Other Cyclist,HIALEAH GARDENS,FL,33018,Male,N,,,,,N,,,,None,Not Transported,No Improper Action,,None,,19,N,N,N,Y
26520488,2024,2,Sidewalk,Walking/Cycling on Sidewalk,Other Cyclist,HIALEAH,FL,33010,Male,N,,,,,N,,,,None,Not Transported,No Improper Action,,None,,61,N,N,N,N
26530887,2024,2,Intersection - Other,Other,Other Cyclist,LARGO,FL,33771,Male,N,,,,,N,,,,Possible,EMS,Wrong-Way Riding or Walking,,None,,44,N,N,N,N
26530439,2024,2,Intersection - Unmarked Crosswalk,Crossing Roadway,Other Cyclist,NEW PORT RICHEY,FL,34652,Male,N,,,,,N,,,,None,Not Transported,Failure to Yield Right-of-Way,,None,,16,N,N,N,Y
26530534,2024,2,Travel Lane - Other Location,In Roadway - Other,Other Cyclist,PORT RICHEY,FL,34668,Male,N,,,,,N,,,,Possible,Not Transported,In Roadway Improperly,,None,,55,N,N,N,N
26530543,2024,2,Intersection - Marked Crosswalk,Other,Other Cyclist,NEW PORT RICHEY,FL,34654,Male,N,,,,,N,,,,Non-Incapacitating,EMS,Failure to Yield Right-of-Way,,None,,37,N,N,N,N
26530782,2024,2,Shoulder/Roadside,Walking/Cycling Along Roadway Against Traffic,Other Cyclist,NEW PORT RICHEY,FL,34652,Male,N,,,,,N,,,,Possible,Not Transported,Failure to Yield Right-of-Way,Wrong-Way Riding or Walking,None,,61,N,N,N,N
26530782,2024,3,Shoulder/Roadside,Walking/Cycling Along Roadway Against Traffic,Other Cyclist,TAMPA,FL,33616,Female,N,,,,,N,,,,Possible,EMS,Failure to Yield Right-of-Way,Wrong-Way Riding or Walking,None,,44,N,N,N,N
26531273,2024,2,Other,Crossing Roadway,Other Cyclist,WELLINGTON,FL,33414,Male,N,Test Not Given,,,,N,Test Not Given,,,None,Not Transported,Other,,None,,53,N,N,N,N
26531323,2024,2,Other,Waiting to Cross Roadway,Other Cyclist,LAUDERHILL,FL,33311,Male,N,,,,,N,,,,Incapacitating,EMS,No Improper Action,,None,,38,N,N,N,N
26532236,2024,2,Bicycle Lane,Walking/Cycling Along Roadway With Traffic,Other Cyclist,FORT LAUDERDALE,FL,33312,Male,N,,,,,N,,,,Non-Incapacitating,Not Transported,No Improper Action,,None,,24,N,N,N,N
26531301,2024,1,Bicycle Lane,Other,Other Cyclist,DAVIE,FL,33314,Male,N,,,,,N,,,,None,Not Transported,Other,,None,,47,N,N,N,N
26531301,2024,2,Bicycle Lane,Other,Other Cyclist,HOLLYWOOD,FL,33024,Female,N,,,,,N,,,,None,Not Transported,Other,,None,,25,N,N,N,N
26531835,2024,2,Intersection - Marked Crosswalk,Crossing Roadway,Other Cyclist,MARGATE,FL,33068,Male,N,,,,,N,,,,Possible,EMS,No Improper Action,,None,,37,N,N,N,N
26531894,2024,2,Travel Lane - Other Location,Adjacent to Roadway,Other Cyclist,SUNRISE,FL,33313,Male,N,,,,,N,,,,Non-Incapacitating,EMS,No Improper Action,,None,,54,N,N,N,N
26532801,2024,2,Shoulder/Roadside,Waiting to Cross Roadway,Other Cyclist,PHILADELPHIA,PA,19120,Male,N,,,,,N,,,,Possible,EMS,No Improper Action,,None,,41,N,N,N,N
26532825,2024,2,Intersection - Other,Crossing Roadway,Other Cyclist,FT LAUDERDALE,FL,33312,Female,N,,,,,N,,,,None,Not Transported,Other,,None,,24,N,N,N,N
26532885,2024,2,Other,Other,Other Cyclist,FORT LAUDERDALE,FL,33308,Male,N,,,,,N,,,,Non-Incapacitating,Not Transported,Other,,None,,62,N,N,N,N
26532915,2024,2,Bicycle Lane,Adjacent to Roadway,Other Cyclist,FORT LAUDERDALE,FL,33301,Male,N,,,,,N,,,,Non-Incapacitating,Not Transported,No Improper Action,,Helmet,,14,N,N,N,N
26535190,2024,1,Intersection - Other,Other,Other Cyclist,FORT LAUDERDALE,FL,33301,Male,N,,,,,N,,,,Possible,EMS,Failure to Yield Right-of-Way,,None,,15,N,N,N,Y
26532950,2024,1,Other,In Roadway - Other,Other Cyclist,ORLANDO,FL,32806,Male,N,,,,,N,,,,Incapacitating,EMS,Other,,None,,35,N,N,N,N
26533146,2024,1,Other,Other,Other Cyclist,POMPANO BEACH,FL,33062,Male,N,,,,,N,,,,Non-Incapacitating,Not Transported,Other,,None,,15,N,N,N,Y
26535074,2024,2,Intersection - Marked Crosswalk,Crossing Roadway,Other Cyclist,FORT LAUDERDALE,FL,33311,Male,N,,,,,N,,,,Non-Incapacitating,EMS,Unknown,,None,,0,N,N,N,N
26537677,2024,1,Intersection - Unmarked Crosswalk,Crossing Roadway,Other Cyclist,RIVERVIEW,FL,33578,Male,N,Test Not Given,,,,N,Test Not Given,,,Non-Incapacitating,EMS,Other,,None,,19,N,N,N,Y
26538709,2024,2,Sidewalk,Crossing Roadway,Other Cyclist,LUTZ,FL,33549,Male,N,Test Not Given,,,,N,Test Not Given,,,Non-Incapacitating,EMS,No Improper Action,,None,,37,N,N,N,N
26540429,2024,2,Shoulder/Roadside,Walking/Cycling Along Roadway With Traffic,Other Cyclist,TAMPA,FL,33615,Male,N,Test Not Given,,,,N,Test Not Given,,,Incapacitating,EMS,Dart/Dash,Improper Turn/Merge,None,,14,N,N,N,N
26540698,2024,1,Bicycle Lane,Other,Other Cyclist,TAMPA,FL,33615,Male,N,Test Not Given,,,,N,Test Not Given,,,Possible,EMS,Not Visible,Other,None,,58,N,N,N,N
26540752,2024,1,Intersection - Marked Crosswalk,Crossing Roadway,Other Cyclist,RIVERVIEW,FL,33579,Male,N,Test Not Given,,,,N,Test Not Given,,,Non-Incapacitating,EMS,No Improper Action,,Other,,14,N,N,N,N
26540918,2024,2,Travel Lane - Other Location,Walking/Cycling Along Roadway With Traffic,Other Cyclist,TAMPA,FL,33624,Male,N,Test Not Given,,,,N,Test Not Given,,,Non-Incapacitating,EMS,Failure to Yield Right-of-Way,,None,,20,N,N,N,N
26541036,2024,2,Intersection - Marked Crosswalk,Crossing Roadway,Other Cyclist,LUTZ,FL,33559,Male,N,Test Not Given,,,,N,Test Not Given,,,Possible,Not Transported,Dart/Dash,,None,,32,N,N,N,N
26542274,2024,2,Intersection - Other,Walking/Cycling Along Roadway With Traffic,Other Cyclist,GIBSONTON,FL,33534,Female,N,Test Not Given,,,,N,Test Given,Urine,Positive,Fatal (within 30 days),EMS,No Improper Action,,None,,37,N,Y,N,N
26542465,2024,1,Other,Waiting to Cross Roadway,Other Cyclist,TAMPA,FL,33634,Male,N,Test Not Given,,,,N,Test Not Given,,,Non-Incapacitating,EMS,Failure to Yield Right-of-Way,Dart/Dash,None,,62,N,N,N,N
26543013,2024,2,Bicycle Lane,Walking/Cycling Along Roadway With Traffic,Other Cyclist,RIVERVIEW,FL,33569,Male,N,Test Not Given,,,,N,Test Not Given,,,Incapacitating,EMS,Other,,None,,16,N,N,N,Y
26543774,2024,2,Travel Lane - Other Location,Walking/Cycling Along Roadway With Traffic,Other Cyclist,PLANT CITY,FL,33567,Male,N,Test Not Given,,,,N,Test Not Given,,,Possible,Not Transported,No Improper Action,,None,,26,N,N,N,N
26545100,2024,1,Other,Walking/Cycling Along Roadway Against Traffic,Other Cyclist,TAMPA,FL,33612,Male,N,Test Not Given,,,,N,Test Not Given,,,None,Not Transported,No Improper Action,,None,,21,N,N,N,N
26546149,2024,3,Intersection - Marked Crosswalk,Crossing Roadway,Other Cyclist,RIVERVIEW,FL,33579,Female,N,Test Not Given,,,,N,Test Not Given,,,Non-Incapacitating,Not Transported,No Improper Action,,None,,35,N,N,N,N
26546871,2024,2,Sidewalk,Walking/Cycling on Sidewalk,Other Cyclist,LUTZ,FL,33549,Male,N,Test Not Given,,,,N,Test Not Given,,,Non-Incapacitating,Other,Dart/Dash,,None,,22,N,N,N,N
26547325,2024,2,Sidewalk,Walking/Cycling on Sidewalk,Other Cyclist,BRANDON,FL,33510,Female,N,Test Not Given,,,,N,Test Not Given,,,Possible,EMS,Wrong-Way Riding or Walking,,None,,17,N,N,N,Y
26547709,2024,10,Bicycle Lane,Walking/Cycling Along Roadway With Traffic,Other Cyclist,TEMPLE TERRACE,FL,33637,,N,Test Not Given,,,,N,Test Not Given,,,Fatal (within 30 days),Not Transported,Other,,Helmet,,,N,N,N,N
26549273,2024,2,Bicycle Lane,Walking/Cycling Along Roadway Against Traffic,Other Cyclist,TAMPA,FL,33613,Male,N,Test Not Given,,,,N,Test Not Given,,,Non-Incapacitating,EMS,Wrong-Way Riding or Walking,,None,,19,N,N,N,Y
26549425,2024,2,Intersection - Unmarked Crosswalk,Crossing Roadway,Other Cyclist,TAMPA,FL,33613,Male,N,Test Not Given,,,,N,Test Not Given,,,Possible,Not Transported,No Improper Action,,None,,25,N,N,N,N
26549539,2024,2,Bicycle Lane,Walking/Cycling Along Roadway With Traffic,Other Cyclist,TAMPA,FL,33615,Male,N,Test Not Given,,,,N,Test Not Given,,,Non-Incapacitating,EMS,No Improper Action,,None,,29,N,N,N,N
26549740,2024,2,Sidewalk,Walking/Cycling on Sidewalk,Other Cyclist,TAMPA,FL,33624,Male,N,Test Not Given,,,,N,Test Not Given,,,Non-Incapacitating,EMS,Dart/Dash,,None,,49,N,N,N,N
26550298,2024,1,Travel Lane - Other Location,Crossing Roadway,Other Cyclist,TAMPA,FL,33625,Female,N,Test Not Given,,,,N,Test Not Given,,,Possible,EMS,Failure to Yield Right-of-Way,Dart/Dash,Unknown,,9,N,N,N,N
26558043,2024,2,Intersection - Unmarked Crosswalk,Crossing Roadway,Bicyclist,SAFETY HARBOR,FL,34695,Female,N,,,,,N,,,,Possible,Not Transported,"Failure to Obey Traffic Signs, Signals, or Officer",,None,,23,N,N,N,N
26558043,2024,3,Intersection - Unmarked Crosswalk,Crossing Roadway,Other Cyclist,SAFETY HARBOR,FL,34695,Female,N,,,,,N,,,,Possible,EMS,No Improper Action,,None,,29,N,N,N,N
26558262,2024,2,Intersection - Other,Walking/Cycling Along Roadway Against Traffic,Other Cyclist,LARGO,FL,33774,Male,N,,,,,N,,,,None,Not Transported,Failure to Yield Right-of-Way,,None,,21,N,N,N,N
26558633,2024,2,Intersection - Other,Walking/Cycling Along Roadway With Traffic,Other Cyclist,CLEARWATER,FL,33764,Male,N,,,,,N,,,,Non-Incapacitating,EMS,Other,,Helmet,,22,N,N,N,N
26559000,2024,2,Intersection - Marked Crosswalk,Crossing Roadway,Other Cyclist,CLEARWATER,FL,33759,Male,N,,,,,N,,,,Incapacitating,EMS,"Failure to Obey Traffic Signs, Signals, or Officer",,None,,13,N,N,N,N
26559139,2024,2,Sidewalk,Walking/Cycling on Sidewalk,Other Cyclist,CLEARWATER,FL,33765,Male,N,,,,,N,,,,Possible,EMS,No Improper Action,,None,,46,N,N,N,N
