REPORT_NUMBER,CRASH_YEAR,VEHICLE_NUMBER,PERSON_NUMBER,CITY,STATE,ZIP_CODE,SEX,HELMET_CODE,RESTRAINT_SYSTEM_CODE,EYE_PROTECTION_CODE,AIR_BAG_DEPLOYMENT_CODE,EJECTED,INJURY_SEVERITY,EMS_TRANSPORT_TYPE,SEAT_POSITION_CODE,ROW_POSITION_CODE,OTHER_POSITION_CODE,S4_AGE_AT_TIME_OF_CRASH,S4_IS_UNRESTRAINED_PASSENGER
26465446,2024,1,2,SAINT PETERSBURG,FL,33709,Male,,Shoulder and Lap Belt Used,,Not Applicable,Not Ejected,None,Not Transported,Right,Front,Not Applicable,53,N
26488124,2024,1,2,ORLANDO,FL,32808,Female,,Shoulder and Lap Belt Used,,Not Deployed,Not Ejected,None,Not Transported,Right,Front,Not Applicable,11,N
26488124,2024,1,3,ORLANDO,FL,32808,Female,,Child Restraint System - Forward Facing,,Not Deployed,Not Ejected,None,Not Transported,Right,Second,Not Applicable,1,N
26488124,2024,1,4,ORLANDO,FL,32808,Female,,Shoulder and Lap Belt Used,,Not Deployed,Not Ejected,None,Not Transported,Middle,Second,Not Applicable,9,N
26488124,2024,1,5,ORLANDO,FL,32808,Female,,Booster Seat,,Not Deployed,Not Ejected,None,Not Transported,Left,Second,Not Applicable,3,N
26488576,2024,1,2,ORLANDO,FL,32836,Male,,Child Restraint System - Type Unknown,,Not Deployed,Not Ejected,None,Not Transported,Right,Second,,7,N
26559163,2024,1,2,CLEARWATER,FL,33765,Female,,Shoulder and Lap Belt Used,,Not Deployed,Not Ejected,None,Not Transported,Right,Front,,66,N
26494108,2024,1,2,FORT LAUDERDALE,FL,33312,Female,,Shoulder and Lap Belt Used,,Not Deployed,Not Ejected,None,Not Transported,Right,Front,Not Applicable,49,N
26494108,2024,1,3,HOLLYWOOD,FL,33021,Male,,Shoulder and Lap Belt Used,,Not Deployed,Not Ejected,None,Not Transported,Right,Second,Not Applicable,42,N
26494355,2024,1,2,SAINT CLOUD,FL,34771,Male,,Shoulder and Lap Belt Used,,Not Deployed,Not Ejected,None,Not Transported,Right,Front,Not Applicable,23,N
26497148,2024,1,2,FLORIDA CITY,FL,33034,Male,,Shoulder and Lap Belt Used,,Not Deployed,Not Ejected,None,Not Transported,Right,Front,,30,N
26502089,2024,1,2,KEY WEST,FL,33040,Male,No Helmet,Shoulder and Lap Belt Used,,Not Deployed,Not Ejected,None,Not Transported,Right,Front,Not Applicable,42,N
26503765,2024,1,1,SARASOTA,FL,34233,Female,,Shoulder and Lap Belt Used,,Not Applicable,Not Ejected,None,Not Transported,Right,Second,,8,N
26504254,2024,1,1,UNKNOWN,,,Female,,Shoulder and Lap Belt Used,,Not Applicable,Not Ejected,None,Not Transported,Right,Front,Not Applicable,,N
26504637,2024,1,2,SARASOTA,FL,34232,Male,,Shoulder and Lap Belt Used,,Not Deployed,Not Ejected,None,Not Transported,Right,Front,Not Applicable,57,N
26506783,2024,1,2,SARASOTA,FL,34240,Male,,Shoulder and Lap Belt Used,,Not Deployed,Not Ejected,None,Not Transported,Right,Front,,45,N
26531894,2024,1,3,UNK,FL,UNK,Female,No Helmet,Not Applicable (non-motorist),,Not Deployed,Not Ejected,None,Not Transported,Unknown,,,36,N
26531894,2024,1,4,UNK,FL,UNK,Male,No Helmet,Not Applicable (non-motorist),,Not Applicable,Not Ejected,None,Not Transported,Unknown,,,,N
26531894,2024,1,5,UNK,FL,UNK,Male,No Helmet,Not Applicable (non-motorist),,Not Deployed,Not Ejected,None,Not Transported,Unknown,,,54,N
26531894,2024,1,6,FT LAUDERDALE,FL,33311,Female,No Helmet,Not Applicable (non-motorist),,Not Applicable,Not Ejected,Possible,EMS,Left,Fourth,,49,N
26542465,2024,1,3,HUDSON,FL,34667-1852,Male,,Shoulder and Lap Belt Used,,Not Deployed,Not Ejected,None,Not Transported,Right,Front,,36,N
26546149,2024,1,2,TAMPA,FL,33617,Female,,Shoulder and Lap Belt Used,,Not Applicable,Not Ejected,None,Not Transported,Right,Third,Not Applicable,54,N
26546149,2024,1,4,TAMPA,FL,33617,Male,,Shoulder and Lap Belt Used,,Not Deployed,Not Ejected,None,Not Transported,Left,Second,Not Applicable,14,N
26546149,2024,1,5,TAMPA,FL,33617,Male,,Shoulder and Lap Belt Used,,Not Deployed,Not Ejected,None,Not Transported,Middle,Second,Not Applicable,15,N
26547709,2024,1,2,TAMPA,FL,33612,,,Not Applicable (non-motorist),,Not Applicable,Not Ejected,None,Not Transported,Other,Other Row,,,N
26547709,2024,1,3,TAMPA,FL,33612,,,Not Applicable (non-motorist),,Not Applicable,Not Ejected,None,Not Transported,Other,Other Row,,,N
26547709,2024,1,4,TAMPA,FL,33612,,,Not Applicable (non-motorist),,Not Applicable,Not Ejected,None,Not Transported,Other,Other Row,,,N
26547709,2024,1,9,TAMPA,FL,33612,,,Not Applicable (non-motorist),,Not Applicable,Not Ejected,None,Not Transported,Other,Other Row,,,N
26547709,2024,1,5,TAMPA,FL,33612,,,Not Applicable (non-motorist),,Not Applicable,Not Ejected,None,Not Transported,Other,Other Row,,,N
26547709,2024,1,6,TAMPA,FL,33605,,,Not Applicable (non-motorist),,Not Applicable,Not Ejected,None,Not Transported,Other,Other Row,,,N
26547709,2024,1,7,TAMPA,FL,33612,,,Not Applicable (non-motorist),,Not Applicable,Not Ejected,None,Not Transported,Other,Other Row,,,N
26547709,2024,1,8,TAMPA,FL,33610,,,Not Applicable (non-motorist),,Not Applicable,Not Ejected,None,Not Transported,Other,Other Row,,,N
26550298,2024,1,3,TAMPA,FL,33625,Female,,Shoulder and Lap Belt Used,,Not Deployed,Not Ejected,None,Not Transported,Right,Front,Not Applicable,37,N
