REPORT_NUMBER,CRASH_YEAR,VEHICLE_NUMBER,OWNER_CITY,OWNER_STATE,OWNER_ZIP_CODE,COMMERCIAL_VEHICLE_FLAG,MOTION_CODE,STATE_OF_REGISTRATION,PERMANENT_REGISTRATION_FLAG,HIT_AND_RUN_FLAG,VEHICLE_YEAR,VEHICLE_MAKE,VEHICLE_MODEL,VEHICLE_STYLE,VEHICLE_COLOR,DISABLING_FUNCTIONAL_DAMAGE,ESTIMATED_VEHICLE_DAMAGE,TOW_DAMAGE_CODE,HOW_TOW_REQUESTED,BUSINESS_OWNED_FLAG,VEHICLE_TRAVELING,ROAD_ON,ESTIMATED_MPH,POSTED_SPEED,TOTAL_NUMBER_OF_LANES,HAZARDOUS_MATERIAL_RELEASED,HAZMAT_PLACARD,HAZARDOUS_PLACARD_NUMBER,HAZMAT_CLASS,POINT_OF_IMPACT,MOST_DAMAGED_AREA_CODE,TYPE_OF_VEHICLE,TRAFFICWAY_CODE,COMMERCIAL_VEHICLE_CONFIGURATION_CODE,COMMERCIAL_USE_CODE,CARRIER_CARGO_BODY_TYPE,COMMERCIAL_VEHICLE_WEIGHT_CODE,MOST_HARMFUL_EVENT_CODE,HARMFUL_EVENT_1,HARMFUL_EVENT_2,HARMFUL_EVENT_3,HARMFUL_EVENT_4,EMERGENCY_VEHICLE_USE_CODE,ROADWAY_GRADE_CODE,ROADWAY_ALIGNMENT_CODE,VEHICLE_MANEUVER_ACTION,TRAFFIC_CONTROL_DEVICE,VEHICLE_SPECIAL_FUNCTION,VEHICLE_DEFECT1,VEHICLE_DEFECT2,S4_IS_COMMERCIAL_MOTOR_VEHICLE
26459240,2024,1,,,,N,Vehicle in Transport,,N,Y,,,,,,,0,N,,N,Unknown,,15,30,2,,,,,,,,"Two-Way, Not Divided",,,,,Pedalcycle,Pedalcycle,,,,N,Level,Straight,Turning Left,Traffic Control Signal,No Special Function,None,,
26462908,2024,1,VENICE,FL,34293-7726,N,Vehicle in Transport,FL,N,N,2013,VOLK,,4D,WHI,Minor,1000,N,,N,West,ROOSEVELT DRIVE,20,25,2,,,,,Left Rear Fender,Left Rear Fender,Passenger Car,"Two-Way, Not Divided",,,,,Pedalcycle,Pedalcycle,,,,N,Level,Straight,Straight Ahead,No Controls,No Special Function,None,,
26464503,2024,1,ORLANDO,FL,32828-0000,N,Vehicle in Transport,FL,N,N,2023,NISS,,UT,WHI,Minor,500,N,,N,East,SOUTH AVALON PARK BLVD,10,45,4,,,,,Left Front Fender,Left Front Fender,(Sport) Utility Vehicle,"Two-Way, Divided, Positive Median Barrier",,,,,Pedalcycle,Pedalcycle,,,,N,Level,Straight,Turning Left,No Controls,No Special Function,None,,
26559163,2024,1,PALM HARBOR,FL,34683,N,Vehicle in Transport,FL,,N,1998,TOYT,,PK,GRY,None,0,N,Driver,N,South,2261 GULF TO BAY BLVD,5,,1,,,,,Left Front Door,Left Front Door,Passenger Car,Unknown,,,,,Pedalcycle,Pedalcycle,,,,N,Level,Straight,Negotiating a Curve,No Controls,No Special Function,None,,
26465446,2024,1,LARGO,FL,33770-0000,N,Vehicle in Transport,FL,N,N,2019,TOYT,,VN,SIL,None,0,N,,N,East,51ST AVE N,5,25,2,,,,,Right Front Fender,Right Front Fender,Passenger Van,"Two-Way, Not Divided",,,,,Pedalcycle,Pedalcycle,,,,N,Level,Straight,Turning Right,Stop Sign,No Special Function,None,,
26470882,2024,1,,,,N,Vehicle in Transport,,N,Y,,DODG,,4D,DBL,Unknown,0,N,,N,North,FLORENCE DRIVE,10,30,2,,,,,Front Center Bumper,,Pickup,"Two-Way, Not Divided",,,,,Pedestrian,Pedestrian,,,,N,Level,Straight,Turning Left,Stop Sign,No Special Function,Unknown,,
26477729,2024,1,TAMPA,FL,34610,N,Vehicle in Transport,FL,N,N,2002,FORD,,PU,BLK,Functional,250,N,,N,South,TURTLE GRACE LOOP,,20,2,,,,,Front Center Bumper,Front Center Bumper,Pickup,"Two-Way, Not Divided",,,,,Pedalcycle,Pedalcycle,,,,N,Level,Curve Left,Stopped in Traffic,No Controls,No Special Function,None,,
26482916,2024,1,CLERMONT,FL,34711,N,Vehicle in Transport,FL,,N,2010,FORD,,UT,GRY,Functional,3000,N,Driver,N,South,CITRUS TOWER BLVD,5,35,2,,,,,Left Front Door,Left Front Door,(Sport) Utility Vehicle,"Two-Way, Divided, Unprotected (painted >4 feet) Median",,,,,Pedestrian,Pedestrian,,,,N,Level,Straight,Turning Left,No Controls,No Special Function,None,,
26483960,2024,1,BENTON,KY,42025,N,Vehicle in Transport,KY,N,N,2012,LINC,,4D,RED,Minor,500,N,,N,South,HENDERSON BEACH RD,3,45,4,,,,,Front Center Bumper,Front Center Bumper,(Sport) Utility Vehicle,"Two-Way, Not Divided",,,,,Pedestrian,Pedestrian,,,,N,Level,Straight,Turning Right,Traffic Control Signal,No Special Function,None,,
26484237,2024,1,FT WALTON BCH,FL,32548,N,Vehicle in Transport,FL,N,N,2012,DODG,RAM,TK,WHI,Minor,100,N,,N,North,538 US HWY 98 (PARKING LOT),2,20,4,,,,,Front Center Bumper,Front Center Bumper,"Other Light Trucks (10,000 lbs (4,536 kg) or less)","Two-Way, Not Divided",,,,,Other Non-Fixed Object,Other Non-Fixed Object,,,,N,Level,Straight,Straight Ahead,No Controls,No Special Function,None,,N
26486004,2024,1,NEW ORLEAN,LA,70119,N,Vehicle in Transport,FL,,N,1991,CHECY,,2H,WHI,Minor,500,N,Driver,N,East,RIDGEWOOD AV,5,35,4,,,,,Front Left Bumper,Front Left Bumper,Passenger Car,"Two-Way, Divided, Positive Median Barrier",,,,,Motor Vehicle in Transport,Motor Vehicle in Transport,,,,N,Level,Straight,Turning Right,No Controls,No Special Function,None,,
26486681,2024,1,GULFPORT,FL,33707,N,Vehicle in Transport,FL,,N,2007,FORD,,4D,LGR,Minor,1000,N,Driver,N,North,S WALTON AVE,5,30,2,,,,,Front Center Bumper,Front Center Bumper,Passenger Car,"Two-Way, Not Divided",,,,,Motor Vehicle in Transport,Motor Vehicle in Transport,,,,N,Level,Straight,Leaving Traffic Lane,Stop Sign,No Special Function,None,,
26486876,2024,1,NEW PORT RICHEY,FL,34652,N,Vehicle in Transport,FL,,N,2009,NISS,,PK,GRY,Minor,500,N,Driver,N,North,N PINELLAS AVE,40,45,2,,,,,Front Left Bumper,Front Left Bumper,Pickup,"Two-Way, Not Divided",,,,,Pedestrian,Pedestrian,,,,N,Level,Straight,Straight Ahead,Yield Sign,No Special Function,None,,
26487439,2024,1,TULSA,OK,74134,N,Vehicle in Transport,MO,,N,2022,HOND,,UTILI,BLK,None,0,N,Driver,N,West,BIOGRAPHY WAY,20,25,1,,,,,Front Left Bumper,,(Sport) Utility Vehicle,"Two-Way, Not Divided",,,,,Pedestrian,Pedestrian,,,,N,Level,Curve Right,Straight Ahead,No Controls,No Special Function,None,,
26487726,2024,1,WINTER PARK,FL,32789,N,Vehicle in Transport,FL,,N,2016,RAM,,TK,BLK,Minor,500,N,Driver,N,North,JOSEPH ST,5,25,2,,,,,Right Front Fender,Right Front Fender,Pickup,"Two-Way, Not Divided",,,,,Pedalcycle,Pedalcycle,,,,N,Level,Straight,Straight Ahead,No Controls,No Special Function,None,,
26487879,2024,1,ORLANDO,FL,32804,N,Vehicle in Transport,FL,,N,2002,MERZ,,4D,BLK,Minor,50,N,Driver,N,North,N MAGNOLIA AV,1,30,4,,,,,Front Right Bumper,Front Right Bumper,Passenger Car,One-Way Trafficway,,,,,Pedalcycle,Pedalcycle,,,,N,Level,Straight,Turning Right,Traffic Control Signal,No Special Function,None,,
26488124,2024,1,ORLANDO,FL,32822,N,Vehicle in Transport,FL,,N,2012,JEEP,,UT,BLK,Minor,500,N,Driver,N,West,N JOHN YOUNG PARKWAY,5,45,9,,,,,Right Front Fender,Right Front Fender,(Sport) Utility Vehicle,"Two-Way, Divided, Positive Median Barrier",,,,,Pedestrian,Pedestrian,,,,N,Level,Straight,Turning Right,No Controls,No Special Function,None,,
26488576,2024,1,ORLANDO,FL,32836,N,Vehicle in Transport,FL,,N,2021,NISS,,SW,BLK,Minor,500,N,Driver,N,East,E AMELIA ST,10,25,2,,,,,Front Center Bumper,Front Center Bumper,Passenger Car,"Two-Way, Not Divided",,,,,Motor Vehicle in Transport,Motor Vehicle in Transport,,,,N,Level,Straight,Turning Right,No Controls,No Special Function,None,,
26489996,2024,1,,,,,,,,Y,,UK,,UNKNOWN,,Unknown,0,N,,N,,,,,,,,,,,,Unknown,"Two-Way, Divided, Positive Median Barrier",,,,,Motor Vehicle in Transport,Motor Vehicle in Transport,,,,,Level,Straight,Unknown,,Unknown,Unknown,,
26490710,2024,1,ORLANDO,FL,32822,N,Vehicle in Transport,FL,,N,2019,FORD,,CV,BLU,Minor,1000,N,Rotation,N,North,E MICHIGAN ST,5,45,5,,,,,Front Center Bumper,Front Center Bumper,Passenger Car,"Two-Way, Divided, Unprotected (painted >4 feet) Median",,,,,Motor Vehicle in Transport,Motor Vehicle in Transport,,,,N,Level,Straight,Turning Left,No Controls,No Special Function,None,,
26494108,2024,1,FORT LAUDERDALE,FL,33312,N,Vehicle in Transport,FL,,N,2021,CHEV,,UT,BLK,Minor,500,N,Driver,N,East,5300 S KIRKMAN RD,5,25,2,,,,,Front Center Bumper,Front Center Bumper,(Sport) Utility Vehicle,"Two-Way, Not Divided",,,,,Pedestrian,Pedestrian,,,,N,Level,Straight,Straight Ahead,No Controls,No Special Function,None,,
26494355,2024,1,ORLANDO,FL,32832,N,Vehicle in Transport,FL,,N,2007,CHEV,,TK,WHI,None,0,N,Driver,N,East,11768 NARCOOSSEE RD,2,10,3,,,,,Front Center Bumper,Front Center Bumper,Pickup,"Two-Way, Not Divided",,,,,Pedestrian,Pedestrian,,,,N,Level,Straight,Straight Ahead,Stop Sign,No Special Function,None,,
26494712,2024,1,,,,N,,,,Y,,UK,,UNKNOWN,UNKNOWN,Unknown,0,N,,N,South,E HAMPTON STREET,10,25,2,,,,,Left Front Fender,Left Front Fender,Unknown,"Two-Way, Not Divided",,,,,Pedestrian,Pedestrian,,,,,Level,Straight,Unknown,,Unknown,Unknown,,
26495070,2024,1,ORLANDO,FL,32811,N,Vehicle in Transport,FL,,N,2023,TOYT,,4D,GRY,Minor,1000,N,Driver,N,West,ARNOLD PALMER DRIVE,30,45,4,,,,,Right Rear Fender,Right Rear Fender,Passenger Car,"Two-Way, Not Divided",,,,,Motor Vehicle in Transport,Motor Vehicle in Transport,,,,N,Level,Straight,Turning Left,No Controls,No Special Function,None,,
26495179,2024,1,ORLANDO,FL,32810,N,Vehicle in Transport,FL,,N,2009,HYUN,,UT,LGR,Functional,100,N,Driver,N,South,FERGUSON DR,5,35,2,,,,,Front Right Bumper,Front Right Bumper,(Sport) Utility Vehicle,"Two-Way, Not Divided",,,,,Pedalcycle,Pedalcycle,,,,N,Level,Straight,Turning Left,Traffic Control Signal,No Special Function,None,,
26495689,2024,1,ST CLOUD,FL,34771,N,Vehicle in Transport,FL,,N,2019,FORD,,UT,WHI,Minor,500,N,Driver,N,North,13700 NARCOOSSEE RD,10,10,2,,,,,Front Center Bumper,Front Center Bumper,(Sport) Utility Vehicle,"Two-Way, Not Divided",,,,,Pedalcycle,Pedalcycle,,,,N,Level,Straight,Turning Right,No Controls,No Special Function,None,,
26495696,2024,1,GEORGETOWN,SC,29440,N,Vehicle in Transport,SC,,N,2007,BUIC,,SD,,Minor,200,N,Driver,N,East,E. COLONIAL DRIVE,15,40,4,,,,,Right Front Door,Right Front Door,Passenger Car,"Two-Way, Not Divided, with a Continuous Left Turn Lane",,,,,Motor Vehicle in Transport,Motor Vehicle in Transport,,,,N,Level,Straight,Turning Right,Traffic Control Signal,No Special Function,None,,
26496106,2024,1,,,,N,Vehicle in Transport,,,Y,,UNK,,PK,UNK,Unknown,0,N,,N,West,WEST COLONIAL DRIVE,5,35,6,,,,,Right Front Door,Right Front Door,Unknown,"Two-Way, Not Divided",,,,,Pedalcycle,Pedalcycle,,,,,Level,,Unknown,,Unknown,Unknown,,
26497133,2024,1,MIAMI,FL,33176,N,Vehicle in Transport,FL,,N,2017,CHEV,,4D,BLU,Minor,300,N,Driver,N,East,NW 3TH TERR,20,30,2,,,,,Left Front Door,Left Front Door,Passenger Car,"Two-Way, Not Divided",,,,,Motor Vehicle in Transport,Motor Vehicle in Transport,,,,N,Level,Straight,Straight Ahead,No Controls,No Special Function,None,,
26497148,2024,1,FLORIDA CITY,FL,33034,N,Vehicle in Transport,FL,,N,2014,CHEV,,TK,GRY,Minor,200,N,Driver,N,South,NW 8TH AVE,15,30,2,,,,,Front Center Bumper,Front Center Bumper,Pickup,"Two-Way, Not Divided",,,,,Motor Vehicle in Transport,Motor Vehicle in Transport,,,,N,Level,Straight,Straight Ahead,Stop Sign,No Special Function,None,,
26499013,2024,1,DAVENPORT,FL,33837,N,Vehicle in Transport,FL,,N,2019,TOYT,,UT,GRY,Functional,500,N,Driver,N,North,CELEBRATION AVE,5,35,2,,,,,Left Front Door,Left Front Door,(Sport) Utility Vehicle,"Two-Way, Divided, Unprotected (painted >4 feet) Median",,,,,Motor Vehicle in Transport,Motor Vehicle in Transport,,,,N,Level,Straight,Entering Traffic Lane,No Controls,No Special Function,None,,
26500512,2024,1,CUDJOE KEY,FL,33042,N,Vehicle in Transport,FL,N,N,2017,GMC,,PK,WHI,Functional,1000,N,,N,South,WHITE ST,15,20,2,,,,,Left Front Fender,Left Front Fender,Pickup,"Two-Way, Not Divided",,,,,Pedestrian,Pedestrian,,,,N,Level,Straight,Straight Ahead,No Controls,No Special Function,None,,
26500871,2024,1,KEY WEST,FL,33040,N,Vehicle in Transport,FL,N,N,2001,CHEV,,PK,GRY,None,0,N,,N,North,KENNEDY DR,15,25,3,,,,,Front Center Bumper,,Pickup,"Two-Way, Not Divided",,,,,Pedalcycle,Pedalcycle,,,,N,Level,Straight,Straight Ahead,No Controls,No Special Function,None,,
26500925,2024,1,KEY WEST,FL,33040,N,Vehicle in Transport,FL,N,N,2021,TOYT,,UT,RED,Functional,2000,N,,N,West,N ROOSEVELT BLVD,10,35,5,,,,,Right Rear Fender,Right Rear Fender,(Sport) Utility Vehicle,"Two-Way, Divided, Unprotected (painted >4 feet) Median",,,,,Pedalcycle,Pedalcycle,,,,N,Level,Straight,Turning Right,No Controls,No Special Function,None,,
26501000,2024,1,KEY WEST,FL,33040,N,Vehicle in Transport,FL,N,N,2006,CHEV,,PK,BLK,Functional,500,N,,N,East,FOGARTY,,20,2,,,,,Right Front Fender,Right Front Fender,Pickup,"Two-Way, Not Divided",,,,,Pedalcycle,Pedalcycle,,,,N,Level,Straight,Straight Ahead,Stop Sign,No Special Function,None,,
26501150,2024,1,LARGO,FL,33770,N,Parked Motor Vehicle,FL,N,N,2013,BMW,,UT,CRM,Functional,200,N,,N,,EATON ST,0,20,2,,,,,Left Front Fender,Left Front Fender,(Sport) Utility Vehicle,"Two-Way, Not Divided",,,,,Pedalcycle,Pedalcycle,,,,N,Level,Straight,Parked,No Controls,No Special Function,None,,
26501734,2024,1,KEY WEST,FL,33040,N,Vehicle in Transport,FL,N,N,2017,FORD,,UT,GRY,None,0,N,,N,East,N ROOSEVELT BLVD,2,35,5,,,,,,,(Sport) Utility Vehicle,"Two-Way, Not Divided",,,,,Pedalcycle,Pedalcycle,,,,N,Level,Straight,Turning Right,No Controls,No Special Function,None,,
26501809,2024,1,TULSA,OK,74134,N,Vehicle in Transport,FL,N,N,2024,NISS,,SD,BLK,Functional,2500,N,,N,East,NORTH ROOSEVELT BLVD,5,25,5,,,,,Front Left Bumper,Front Left Bumper,Passenger Car,"Two-Way, Not Divided",,,,,Pedestrian,Pedestrian,,,,N,Level,Straight,Turning Right,No Controls,No Special Function,None,,
26502089,2024,1,KEY WEST,FL,33040,N,Vehicle in Transport,FL,N,N,2013,FORD,,PK,BLK,None,0,N,,N,West,N ROOSEVELT BLVD,5,35,5,,,,,Front Left Bumper,,Pickup,"Two-Way, Not Divided, with a Continuous Left Turn Lane",,,,,Pedalcycle,Pedalcycle,,,,N,Level,Straight,Turning Right,No Controls,No Special Function,None,,
26503765,2024,1,SARASOTA,FL,34233,N,Vehicle in Transport,FL,,N,2020,BMW,,UT,BLK,Functional,5000,N,Driver,N,South,MIDNIGHT PASS ROAD,35,40,2,,,,,Right Front Door,Right Front Door,Passenger Car,"Two-Way, Not Divided",,,,,Pedalcycle,Pedalcycle,,,,N,Level,Straight,Straight Ahead,No Controls,No Special Function,None,,
26504254,2024,1,,,,N,Vehicle in Transport,,,Y,,UK,,UNKNOWN,,Minor,0,N,Rotation,N,East,GLADSTONE STREET,15,25,2,,,,,,,(Sport) Utility Vehicle,"Two-Way, Not Divided",,,,,Motor Vehicle in Transport,Motor Vehicle in Transport,,,,N,Level,Straight,Straight Ahead,No Controls,No Special Function,None,,
26504356,2024,1,SARASOTA,FL,34235,N,Vehicle in Transport,FL,,N,2023,GASG,,MC,RED,Functional,500,N,Driver,N,South,LOCKWOOD RIDGE RD,45,40,2,,,,,Front Center Bumper,Front Center Bumper,Motorcycle,"Two-Way, Not Divided, with a Continuous Left Turn Lane",,,,,Pedalcycle,Pedalcycle,,,,N,Level,Straight,Straight Ahead,No Controls,No Special Function,None,,
26504637,2024,1,NOKOMIS,FL,34275,N,Vehicle in Transport,FL,,N,2022,CHEV,,VN,WHI,None,0,N,Driver,N,East,RINGLING BLVD,15,30,2,,,,,Right Front Fender,Right Front Fender,Passenger Van,"Two-Way, Divided, Positive Median Barrier",,,,,Pedalcycle,Pedalcycle,,,,Y,Level,Straight,Turning Left,No Controls,Police,None,,
26505069,2024,1,VENICE,FL,34293,N,Vehicle in Transport,FL,,N,2016,KIA,,VN,TAN,Minor,200,N,Driver,N,South,TAMIAMI TRL,1,45,3,,,,,Right Front Fender,Right Front Fender,Passenger Car,"Two-Way, Divided, Positive Median Barrier",,,,,Motor Vehicle in Transport,Motor Vehicle in Transport,,,,N,Level,Straight,Turning Right,No Controls,No Special Function,None,,
26506783,2024,1,SARASOTA,FL,34240,N,Vehicle in Transport,FL,,N,2019,CHEV,,TK,BLK,Functional,1000,N,Driver,N,North,TAMIAMI TRL,15,45,7,,,,,Right Rear Fender,Right Rear Fender,Pickup,"Two-Way, Divided, Positive Median Barrier",,,,,Motor Vehicle in Transport,Motor Vehicle in Transport,,,,N,Level,Straight,Turning Right,No Controls,No Special Function,None,,
26506990,2024,1,SARASOTA,FL,34231,N,Vehicle in Transport,FL,,N,2021,CADI,,UT,BLK,Functional,2000,N,Driver,N,South,S LOCKWOOD RIDGE RD,2,25,2,,,,,Left Front Fender,Left Front Fender,(Sport) Utility Vehicle,"Two-Way, Not Divided",,,,,Motor Vehicle in Transport,Motor Vehicle in Transport,,,,N,Level,Straight,Straight Ahead,Stop Sign,No Special Function,None,,
26511508,2024,1,MIAMI,FL,33177,N,Vehicle in Transport,FL,,N,2016,AUDI,,4D,BLU,Minor,2000,N,Driver,N,South,W 8 CT,10,30,2,,,,,Right Rear Door,Right Rear Door,Passenger Car,"Two-Way, Not Divided",,,,,Motor Vehicle in Transport,Motor Vehicle in Transport,,,,N,Level,Straight,Straight Ahead,No Controls,No Special Function,None,,
26512457,2024,1,HIALEAH,FL,33012,N,Vehicle in Transport,FL,,N,2020,GMC,,UT,BLK,Minor,50,N,Driver,N,West,E 9 ST,30,30,4,,,,,Right Rear Door,Right Rear Door,Passenger Car,"Two-Way, Not Divided",,,,,Motor Vehicle in Transport,Motor Vehicle in Transport,,,,N,Level,Straight,Straight Ahead,Traffic Control Signal,No Special Function,None,,
26517400,2024,1,MIAMI,FL,33147,N,Vehicle in Transport,FL,,N,2006,TOYT,,4D,GLD,Minor,500,N,Driver,N,West,WEST 50TH STREET,10,30,2,,,,,Front Right Bumper,Front Right Bumper,(Sport) Utility Vehicle,"Two-Way, Not Divided",,,,,Motor Vehicle in Transport,Motor Vehicle in Transport,,,,N,Level,Straight,Turning Right,Stop Sign,No Special Function,None,,
26518859,2024,1,HIALEAH,FL,33016,N,Vehicle in Transport,FL,,N,2023,LEXS,,4D,GRY,Functional,500,N,Driver,N,South,PARKING LOT OF 5215 W 25 AVE,5,15,2,,,,,Front Right Bumper,Front Right Bumper,Passenger Car,"Two-Way, Divided, Unprotected (painted >4 feet) Median",,,,,Motor Vehicle in Transport,Motor Vehicle in Transport,,,,N,Level,Straight,Straight Ahead,Stop Sign,No Special Function,None,,
26520488,2024,1,HIALEAH,FL,33013,N,Vehicle in Transport,FL,,N,2017,MERZ,,4D,GRY,Minor,30,N,Driver,N,East,ENTERING PARKING LOT OF 4783 PALM AVE,15,15,1,,,,,Left Front Fender,Left Front Fender,Passenger Car,"Two-Way, Not Divided",,,,,Motor Vehicle in Transport,Motor Vehicle in Transport,,,,N,Level,Straight,Turning Left,No Controls,No Special Function,None,,
26530439,2024,1,NEW PORT RICHEY,FL,34652,N,Vehicle in Transport,FL,,N,,,,US POSTAL TR,WHI,None,0,N,,N,East,TENNESSEE AVE,5,25,2,,,,,Right Front Fender,Right Front Fender,Passenger Car,"Two-Way, Not Divided",,,,,Motor Vehicle in Transport,Motor Vehicle in Transport,,,,N,Level,Straight,Straight Ahead,No Controls,No Special Function,None,,
26530534,2024,1,NEW PORT RICHEY,FL,34653,N,Vehicle in Transport,FL,,N,2024,HYUN,,UT,BLU,None,0,N,Driver,N,North,US HIGHWAY 19,10,45,6,,,,,Right Rear Fender,Right Rear Fender,Passenger Car,"Two-Way, Divided, Positive Median Barrier",,,,,Pedalcycle,Pedalcycle,,,,N,Level,Straight,Straight Ahead,No Controls,No Special Function,None,,
26530543,2024,1,NEW PORT RICHEY,FL,34653,N,Vehicle in Transport,FL,,N,2017,HYUN,,4D,RED,Disabling,7000,Y,Rotation,N,East,ORCHID LAKE ROAD,15,30,2,,,,,Front Right Bumper,Front Right Bumper,Passenger Car,"Two-Way, Not Divided",,,,,Motor Vehicle in Transport,Motor Vehicle in Transport,,,,N,Level,Curve Right,Turning Left,No Controls,No Special Function,"Body, Doors",None,
26530782,2024,1,PORT RICHEY,FL,34668,N,Vehicle in Transport,FL,,N,2023,HYUN,,4D,GRY,Minor,700,N,Driver,N,North,US HIGHWAY 19,0,45,6,,,,,Front Right Bumper,Front Right Bumper,Passenger Car,"Two-Way, Divided, Positive Median Barrier",,,,,Pedalcycle,Pedalcycle,,,,N,Level,Curve Right,Turning Right,Stop Sign,No Special Function,"Body, Doors","Body, Doors",
26530887,2024,1,ODESSA,FL,33556,N,Vehicle in Transport,FL,,N,2021,VOLK,,4D,,Minor,1000,N,Driver,N,North,GRAND BLVD,20,25,2,,,,,Left Front Fender,Left Front Door,Passenger Car,"Two-Way, Not Divided",,,,,Motor Vehicle in Transport,Motor Vehicle in Transport,Pedalcycle,,,N,Level,Straight,Straight Ahead,No Controls,No Special Function,None,,
26531224,2024,1,UK,,,N,Vehicle in Transport,OT,N,Y,,,,,WHI,,0,,,N,South,SE 10TH AVE,5,20,2,,,,,Front Center Bumper,Front Center Bumper,Passenger Car,"Two-Way, Not Divided",,,,,Pedalcycle,Pedalcycle,,,,N,Level,Straight,Straight Ahead,Stop Sign,No Special Function,None,,
26531273,2024,1,LAUDERDALE LAKES,FL,33309,N,Vehicle in Transport,FL,N,N,2011,NISS,,4D,WHI,Minor,100,N,,N,South,POWERLINE RD/NW 9TH AVE,10,40,6,,,,,Front Left Bumper,Front Left Bumper,(Sport) Utility Vehicle,"Two-Way, Divided, Positive Median Barrier",,,,,,Pedestrian,,,,N,Level,Straight,Turning Right,Traffic Control Signal,No Special Function,None,,
26531301,2024,3,FORT LAUDERDALE,FL,33315,N,Parked Motor Vehicle,FL,N,N,,TOYT,,4D,WHI,Functional,900,N,,N,East,2400 E LAS OLAS BLVD,0,35,4,,,,,Left Front Door,Left Front Door,Passenger Car,"Two-Way, Not Divided",,,,,Parked Motor Vehicle,Parked Motor Vehicle,,,,N,Level,Straight,Parked,No Controls,No Special Function,None,,
26531323,2024,1,UK,UK,UK,N,Vehicle in Transport,OT,N,Y,,NISS,,,GRY,Unknown,0,,,N,,,0,,0,,,,,,,,,,,,,,,,,,,,,,,,,,
26531835,2024,1,TULSA,OK,74134,N,Vehicle in Transport,FL,N,N,2024,NISS,,4D,BLU,Minor,500,N,,N,North,E OAKLAND PARK BLVD,15,35,7,,,,,Front Center Bumper,Front Center Bumper,Passenger Car,"Two-Way, Not Divided",,,,,Motor Vehicle in Transport,Motor Vehicle in Transport,,,,N,Level,Straight,Turning Left,No Controls,No Special Function,None,,
26531894,2024,1,POMPANO BEACH,FL,33069,N,Vehicle in Transport,FL,Y,N,2020,ETON,UNK,BU,UNK,Minor,500,N,,N,East,NW 6TH ST,20,30,4,N,,,,Right Rear Fender,Right Rear Fender,Bus,"Two-Way, Divided, Positive Median Barrier","Bus (seats for more than 15 occupants, including driver)",Not in Commerce/Government,Bus,"More than 26,000 lbs (11,793 kg)",Motor Vehicle in Transport,Motor Vehicle in Transport,,,,N,Level,Straight,Straight Ahead,No Controls,Transit/Commuter Bus,None,,Y
26532145,2024,2,WEST PALM BEACH,FL,33401-,N,Vehicle in Transport,FL,N,N,2019,POLA,,UNK,WHI,Functional,500,N,,N,East,SE 2ND CT,5,35,2,,,,,Right Rear Door,Right Rear Door,Other,"Two-Way, Not Divided",,,,,Pedestrian,Pedestrian,Motor Vehicle in Transport,,,N,Level,Straight,Slowing,Stop Sign,No Special Function,None,,
26532236,2024,1,FORT LAUDERDALE,FL,33312-,N,Vehicle in Transport,FL,N,N,2022,TOYT,,UNK,LGR,None,0,N,,N,East,SR 842,10,35,6,,,,,Front Center Bumper,Front Center Bumper,(Sport) Utility Vehicle,"Two-Way, Divided, Positive Median Barrier",,,,,Motor Vehicle in Transport,Motor Vehicle in Transport,,,,N,Level,Straight,Turning Right,No Controls,No Special Function,None,,
26532801,2024,1,FT LAUDERDALE,FL,33315,N,Vehicle in Transport,FL,N,Y,2001,TOYT,,4D,SIL,Unknown,0,N,,N,West,MARINA MILE,10,45,5,,,,,Front Right Bumper,Front Right Bumper,(Sport) Utility Vehicle,"Two-Way, Divided, Positive Median Barrier",,,,,Pedestrian,Pedestrian,,,,N,Level,Straight,Turning Right,Stop Sign,No Special Function,Unknown,,
26532825,2024,1,FORT LAUDERDALE,FL,33314-,N,Vehicle in Transport,FL,N,N,2020,HOND,,2D,WHI,Unknown,0,N,,N,North,PARKING LOT,10,15,2,,,,,Left Front Fender,Left Front Fender,Passenger Car,"Two-Way, Divided, Unprotected (painted >4 feet) Median",,,,,Motor Vehicle in Transport,Motor Vehicle in Transport,,,,N,Level,Straight,Straight Ahead,No Controls,No Special Function,None,,
26532885,2024,1,DEERFIELD BCH,FL,33441,N,Parked Motor Vehicle,FL,N,N,2012,BMW,,4D,BLK,Functional,1000,N,,N,Off-Road,3500 N FEDERAL HWY--PARKING LOT,0,,1,,,,,Left Front Fender,Left Front Door,Passenger Car,"Two-Way, Not Divided",,,,,Pedalcycle,Pedalcycle,,,,N,Level,Straight,Parked,No Controls,No Special Function,None,,
26532915,2024,1,FT LAUDERDALE,FL,33301,N,Vehicle in Transport,FL,N,N,2019,MASE,,4D,RED,Minor,500,N,,N,East,E LAS OLAS,10,35,2,,,,,Right Rear Door,Right Rear Door,Passenger Car,"Two-Way, Divided, Positive Median Barrier",,,,,Motor Vehicle in Transport,Motor Vehicle in Transport,,,,N,Level,Straight,Turning Right,No Controls,No Special Function,None,,
26532950,2024,2,MIAMI,FL,33172,N,Vehicle in Transport,FL,Y,N,2005,MAZD,,4D,BLK,Minor,500,N,,N,East,SR736 (DAVIE BLVD),0,,2,,,,,,,Passenger Car,"Two-Way, Divided, Positive Median Barrier",,,,,Motor Vehicle in Transport,Motor Vehicle in Transport,,,,N,Downhill,Curve Left,Straight Ahead,No Controls,No Special Function,None,,
26533146,2024,2,MARGATE,FL,33063,N,Vehicle in Transport,FL,N,N,2013,KIA,,4D,BRZ,Minor,1000,N,,N,Off-Road,N FEDERAL HIGHWAY,0,,2,,,,,Left Front Door,Left Front Door,Passenger Car,"Two-Way, Not Divided",,,,,Motor Vehicle in Transport,Motor Vehicle in Transport,,,,N,Level,Straight,Other,No Controls,No Special Function,None,,
26535074,2024,1,UK,,,N,Vehicle in Transport,UK,N,Y,,,,PK,GRN,Unknown,0,,,N,Unknown,NW 5TH STREET,10,30,4,,,,,Front Center Bumper,Front Center Bumper,Pickup,"Two-Way, Not Divided",,,,,,,,,,N,Level,Straight,Straight Ahead,Unknown,No Special Function,None,,
26535190,2024,2,NORTH LAUDERDALE,FL,33068,N,Vehicle in Transport,FL,N,N,2017,HOND,,4D,WHI,Functional,1000,N,,N,East,SW 5TH CT,15,25,2,,,,,Front Center Bumper,Windshield,(Sport) Utility Vehicle,"Two-Way, Not Divided",,,,,Pedalcycle,Pedalcycle,,,,N,Level,Straight,Straight Ahead,No Controls,No Special Function,None,,
26537677,2024,1,,,,N,Vehicle in Transport,,N,Y,,,,,,Unknown,500,N,,N,,,,30,,,,,,Front Center Bumper,Front Center Bumper,,"Two-Way, Not Divided",,,,,Pedalcycle,Pedalcycle,,,,N,,,,Stop Sign,No Special Function,,,
26538709,2024,1,LUTZ,FL,33549-9602,N,Vehicle in Transport,FL,N,N,2020,NISS,,SW,BLK,None,0,N,,N,South,N 12TH ST,10,25,2,,,,,,,(Sport) Utility Vehicle,"Two-Way, Not Divided",,,,,Pedalcycle,Pedalcycle,,,,N,Level,Straight,Turning Right,Stop Sign,No Special Function,None,,
26539013,2024,1,,,,N,Vehicle in Transport,,N,Y,,,,4D,GLD,Unknown,0,N,,N,East,BIG BEND RD,,45,4,,,,,,,Passenger Car,"Two-Way, Divided, Unprotected (painted >4 feet) Median",,,,,Pedalcycle,Pedalcycle,,,,N,Level,Straight,Straight Ahead,Traffic Control Signal,No Special Function,Unknown,,
26540429,2024,1,TAMPA,FL,33615-0000,N,Vehicle in Transport,FL,N,N,2023,DODG,,2D,RED,Functional,3000,N,,N,North,TIMBERLANE DR,25,30,2,,,,,Front Right Bumper,Right Front Fender,Passenger Car,"Two-Way, Not Divided",,,,,Pedalcycle,Pedalcycle,,,,N,Level,Straight,Overtaking/Passing,No Controls,No Special Function,None,,
26540698,2024,1,TAMPA,FL,33614-8104,N,Vehicle in Transport,FL,N,N,2021,FORD,,LL,BLK,Minor,200,N,,N,West,W WATERS AVE,10,45,6,,,,,Right Front Fender,Right Front Fender,Passenger Car,"Two-Way, Divided, Positive Median Barrier",,,,,Other Non-Fixed Object,Other Non-Fixed Object,,,,N,Level,Straight,Turning Right,No Controls,No Special Function,None,,
26540752,2024,1,RIVERVIEW,FL,33579-0000,N,Vehicle in Transport,FL,N,N,2012,TOYT,,4D,BLU,Minor,600,N,,N,South,DUPREE HILLS,15,15,2,,,,,Front Center Bumper,Hood,Passenger Car,"Two-Way, Not Divided",,,,,Motor Vehicle in Transport,Motor Vehicle in Transport,,,,N,Level,Straight,Turning Right,No Controls,No Special Function,None,,
26540882,2024,1,RUSKIN,FL,33570,N,Vehicle in Transport,FL,N,Y,2017,CADI,,4D,GLD,Unknown,1,N,,N,North,N 15TH ST,5,25,2,,,,,Front Right Bumper,Front Right Bumper,Passenger Car,"Two-Way, Not Divided",,,,,Pedestrian,Pedestrian,,,,N,Level,Straight,Straight Ahead,Stop Sign,No Special Function,None,,
26540918,2024,1,TAMPA,FL,33624-1319,N,Vehicle in Transport,FL,N,N,2006,HOND,,UT,BLK,Minor,100,N,,N,West,MAPLEDALE BLVD,10,30,2,,,,,Right Front Door,Right Front Door,(Sport) Utility Vehicle,"Two-Way, Not Divided",,,,,Pedalcycle,Pedalcycle,,,,N,Level,Straight,Straight Ahead,No Controls,No Special Function,None,,
26541036,2024,1,LUTZ,FL,33559-0000,N,Vehicle in Transport,FL,N,N,2021,FORD,,UT,BLU,Functional,1500,N,,N,North,N 12TH ST,25,25,2,,,,,Left Front Door,Left Rear Door,(Sport) Utility Vehicle,"Two-Way, Not Divided",,,,,Pedalcycle,Pedalcycle,,,,N,Level,Straight,Straight Ahead,No Controls,No Special Function,None,,
26542274,2024,1,RIVERVIEW,FL,33578-0000,N,Vehicle in Transport,FL,N,N,2022,VOLV,,LL,WHI,Functional,1500,N,,N,East,SYMMES RD,15,40,2,,,,,Right Front Door,Right Front Door,(Sport) Utility Vehicle,"Two-Way, Not Divided",,,,,Pedalcycle,Pedalcycle,,,,N,Level,Straight,Turning Left,Person,No Special Function,None,,
26542465,2024,1,NEW PORT RICHEY,FL,34653-3801,N,Vehicle in Transport,FL,N,N,2014,RAM,,TK,RED,Minor,50,N,,N,North,WILSKY BLVD,35,40,2,,,,,Trailer,Trailer,Pickup,"Two-Way, Not Divided",,,,,Pedalcycle,Pedalcycle,,,,N,Uphill,Straight,Straight Ahead,No Controls,No Special Function,None,,
26543013,2024,1,LITHIA,FL,33547-1919,N,Vehicle in Transport,FL,N,N,2003,FORD,,PK,GRY,None,0,N,,N,East,BOYETTE RD,15,45,4,,,,,,,Pickup,"Two-Way, Divided, Unprotected (painted >4 feet) Median",,,,,Pedalcycle,Pedalcycle,,,,N,Level,Straight,Turning Right,Traffic Control Signal,No Special Function,None,,
26543774,2024,1,PLANT CITY,FL,33563-0000,N,Vehicle in Transport,FL,N,N,2008,CHEV,,TK,WHI,Minor,250,N,,N,East,COLSON RD,30,40,2,,,,,Right Front Door,Right Front Door,Pickup,"Two-Way, Not Divided",,,,,Motor Vehicle in Transport,Motor Vehicle in Transport,,,,N,Level,Straight,Overtaking/Passing,No Controls,No Special Function,None,,
26545100,2024,1,PALM HARBOR,FL,34683-0000,N,Vehicle in Transport,FL,N,N,2005,NISS,,4D,BLU,Unknown,0,N,,N,West,12202 CLUB DR,10,10,2,,,,,,,Passenger Car,"Two-Way, Not Divided",,,,,Other Non-Fixed Object,Other Non-Fixed Object,,,,N,Level,Straight,Turning Right,No Controls,No Special Function,None,,
26546149,2024,1,TAMPA,FL,33617,N,Vehicle in Transport,FL,Y,N,2022,TOYT,,VN,WHI,Minor,500,N,,N,West,BALM RIVERVIEW RD,5,35,5,,,,,Front Center Bumper,Front Left Bumper,Passenger Van,"Two-Way, Not Divided",,,,,Pedestrian,Pedestrian,,,,N,Level,Curve Left,Turning Right,Traffic Control Signal,No Special Function,None,,
26546871,2024,1,MINNEOLA,FL,34715,N,Vehicle in Transport,FL,N,N,2023,HYUN,,UT,WHI,Functional,750,N,,N,South,3600 E FLETCHER AVE,5,10,2,,,,,Right Front Door,Right Front Door,(Sport) Utility Vehicle,"Two-Way, Not Divided",,,,,Pedalcycle,Pedalcycle,,,,N,Level,Straight,Straight Ahead,Stop Sign,No Special Function,None,,
26547325,2024,1,VALRICO,FL,33594-6790,N,Vehicle in Transport,FL,N,N,2020,CHEV,,LL,BLU,Minor,2500,N,,N,South,846 E BRANDON BLVD,5,45,6,,,,,Right Front Fender,Right Front Fender,(Sport) Utility Vehicle,"Two-Way, Divided, Positive Median Barrier",,,,,Motor Vehicle in Transport,Motor Vehicle in Transport,,,,N,Level,Straight,Turning Right,Stop Sign,No Special Function,None,,
26547709,2024,1,TAMPA,FL,33605-0000,N,Vehicle in Transport,FL,Y,N,2021,GLLG,LOW FLOOR BU,BU,UNK,Minor,1,N,Owner Request,N,South,CR 581 (BRUCE B DOWNS BLVD),35,45,6,,,,,Right Rear Fender,Right Rear Fender,Bus,"Two-Way, Divided, Positive Median Barrier",,,,,Pedalcycle,Pedalcycle,,,,N,Level,Straight,Straight Ahead,No Controls,Transit/Commuter Bus,None,,Y
26549273,2024,1,TAMPA,FL,33612,N,Vehicle in Transport,UK,Y,N,1989,USPS,,USPS,WHI,Minor,100,N,,N,West,GARLAND CT,10,30,2,,,,,Right Front Door,Right Front Door,Other,"Two-Way, Not Divided",,,,,Pedalcycle,Pedalcycle,,,,N,Level,Straight,Turning Right,Stop Sign,No Special Function,None,,
26549425,2024,1,LUTZ,FL,33559-0000,N,Vehicle in Transport,FL,N,N,2014,TOYT,,4D,BLK,Minor,250,N,,N,East,SKIPPER RD,10,25,2,,,,,Right Front Fender,Right Front Fender,Passenger Car,"Two-Way, Not Divided",,,,,Pedalcycle,Pedalcycle,,,,N,Level,Straight,Turning Right,Stop Sign,No Special Function,None,,
26549539,2024,1,TAMPA,FL,33624-5282,N,Vehicle in Transport,FL,N,N,2000,DODG,1500,VN,WHI,Minor,500,N,,N,South,ANDERSON RD,10,45,4,,,,,Right Front Door,Right Front Door,"Cargo Van (10,000 lbs (4,536 kg) or less)","Two-Way, Not Divided, with a Continuous Left Turn Lane",,,,,Pedalcycle,Pedalcycle,,,,N,Level,Straight,Turning Right,No Controls,No Special Function,None,,N
26549740,2024,1,N REDINGTON BEACH,FL,33708-1535,N,Vehicle in Transport,FL,N,N,2021,FORD,,UT,BLU,Minor,1,N,,N,North,WINDING OAK CT,2,10,2,,,,,Front Center Bumper,Front Center Bumper,(Sport) Utility Vehicle,"Two-Way, Not Divided",,,,,Pedalcycle,Pedalcycle,,,,N,Level,Straight,Entering Traffic Lane,No Controls,No Special Function,None,,
26550298,2024,1,TAMPA,FL,33625,N,Vehicle in Transport,FL,N,N,2018,INFI,,UT,BLU,Minor,150,N,,N,North,BLUE ROAN CT,10,10,1,,,,,Front Left Bumper,Front Left Bumper,(Sport) Utility Vehicle,Unknown,,,,,Pedestrian,Pedestrian,,,,N,Level,Straight,Straight Ahead,No Controls,No Special Function,None,,
26558043,2024,1,CLEARWATER,FL,33759,N,Vehicle in Transport,FL,,N,2006,MITS,,4D,GRY,Minor,250,N,Driver,N,East,MARLO BLVD,0,25,2,,,,,Right Front Door,Right Front Door,Passenger Car,"Two-Way, Not Divided",,,,,Motor Vehicle in Transport,Motor Vehicle in Transport,,,,N,Level,Straight,Turning Right,Stop Sign,No Special Function,None,,
26558262,2024,1,CLEARWATER,FL,33756,N,Vehicle in Transport,FL,,N,2013,HOND,,4D,BGE,Minor,500,N,Driver,N,West,TURNER ST,25,25,2,,,,,Front Center Bumper,Front Center Bumper,Motorcycle,"Two-Way, Not Divided",,,,,Motor Vehicle in Transport,Motor Vehicle in Transport,,,,N,Level,Straight,Straight Ahead,No Controls,No Special Function,None,,
26558633,2024,1,LARGO,FL,33771,N,Vehicle in Transport,FL,,N,2005,FORD,,4D,RED,Minor,500,N,Driver,N,West,CLEVELAND ST,0,35,2,,,,,Rear Right Bumper,Rear Right Bumper,Passenger Car,"Two-Way, Not Divided",,,,,Motor Vehicle in Transport,Motor Vehicle in Transport,,,,N,Level,Straight,Stopped in Traffic,No Controls,No Special Function,None,,
26559000,2024,1,CLEARWATER,FL,33759,N,Vehicle in Transport,FL,,N,2015,HOND,,4D,WHI,Minor,250,N,Driver,N,East,DREW ST,40,45,4,,,,,Front Center Bumper,Front Center Bumper,Passenger Car,"Two-Way, Divided, Unprotected (painted >4 feet) Median",,,,,Motor Vehicle in Transport,Motor Vehicle in Transport,,,,N,Level,Straight,Straight Ahead,Traffic Control Signal,No Special Function,None,,
26559139,2024,1,LARGO,FL,33771,N,Vehicle in Transport,FL,,N,2013,JEEP,,UT,GRY,Minor,1000,N,Driver,N,West,DRUID RD,5,30,2,,,,,Left Front Door,Left Front Door,(Sport) Utility Vehicle,"Two-Way, Not Divided",,,,,Motor Vehicle in Transport,Motor Vehicle in Transport,,,,N,Level,Straight,Turning Right,No Controls,No Special Function,None,,
