REPORT_NUMBER,CRASH_YEAR,PERSON_NUMBER,STATUTE_NUMBER,CHARGE,CITATION_NUMBER
26465446,2024,1,316.123(2)(a),RAN STOP SIGN/VIOLATION OF RIGHT OF WAY FROM STOP SIGN,AK6T4FE
26486681,2024,1,316.1925(1),CARELESS DRIVING,AJGMDYE
26494108,2024,1,316.125(2),FAILED TO YIELD/STOP AT SIDEWALK - FROM ALLEY/BLDG./PRIVATE,A5LSI4P
26559139,2024,1,316.075(1)(a)1,FAILED TO YIELD RIGHT-OF-WAY TO PEDESTRIAN,AJ8VDDE
26497148,2024,1,316.1925,CARELESS DRIVING,ADQPV8E
26501000,2024,1,316.123-2A,FAIL TO YIELD AT STOP SIGN/RAN STOP SIGN,AIGI2XE
26504356,2024,1,316.151(1)(a),IMPROPER RIGHT TURN,AJGYSVE
26517400,2024,1,316.123(2)(a),RAN STOP SIGN/VIOLATION OF RIGHT OF WAY FROM STOP SIGN,AK59IZE
26530782,2024,1,322.34(1),DWLS - UNKNOWINGLY OPERATING VEHICLE WHILE DL SUSPENDED/CANC,AIF0L2E
26530887,2024,2,316.2065(1),VIOLATION BICYCLE REGULATIONS,AIF0QEE
26533146,2024,2,322.03(1),NO DRIVER LICENSE,AIHH5LE
26542274,2024,1,316.122,FAIL TO YIELD RIGHT OF WAY WHEN MAKING LEFT TURN,AJBG30E
26546871,2024,1,316.125(1),FAIL TO YIELD RIGHT OF WAY FROM DRIVEWAY/ALLEY/PRIVATE ROAD,AK9QS8E
26549273,2024,1,316.123(2)(a),FAIL TO STOP AT STOP SIGN,AK9V3CE
26549273,2024,2,316.2065(5)(a),SLOW BICYCLE FAIL TO RIDE IN BICYCLE LANE OR AS CLOSE TO RIG,AK9V39E
26549425,2024,1,316.130(7)(c),FAIL TO STOP FOR PEDESTRIAN IN UNMARKED CROSSWALK ON ROAD,AK9V3BE
26558043,2024,2,316.130(1),PEDESTRIAN CONTROL SIGNAL - PEDESTRIAN FAILED TO OBEY,AIKYW0E
26558262,2024,2,316.130(10),PEDESTRIAN FAILED TO YIELD TO TRAFFIC,AJ8T9WE
26558633,2024,2,316.1925,CARELESS DRIVING,AJ8U90E
26559000,2024,2,316.130(2),PEDESTRIAN FAIL TO OBEY TRAFFIC SIGNAL AT INTERSECTION,AJ8V42E
