REPORT_NUMBER,CRASH_YEAR,VEHICLE_NUMBER,PERSON_NUMBER,RECOMMENDED_RE_EXAM,DL_STATE,DL_TYPE,DRIVER_DISTRACTION_CODE,CONDITION_AT_TIME_OF_CRASH,REQUIRED_ENDORSEMENTS,VISION_OBSTRUCTED,INSURANCE_COMPANY,CITY,STATE,ZIP_CODE,SEX,HELMET_CODE,RESTRAINT_SYSTEM_CODE,EYE_PROTECTION_CODE,AIR_BAG_DEPLOYMENT_CODE,EJECTED,SUSPECTED_ALCOHOL_USE_CODE,ALCOHOL_TESTED_CODE,ALCOHOL_TEST_TYPE_CODE,ALCOHOL_TEST_RESULTS,BLOOD_ALCOHOL_CONTENT,SUSPECTED_DRUG_USE_CODE,DRUG_TESTED_CODE,DRUG_TEST_TYPE_CODE,DRUG_TEST_RESULTS,INJURY_SEVERITY,EMS_TRANSPORT_TYPE,DRIVER_ACTION_1,DRIVER_ACTION_2,DRIVER_ACTION_3,DRIVER_ACTION_4,S4_AGE_AT_TIME_OF_CRASH,S4_IS_AGGRESSIVE_DRIVING,S4_IS_ALCOHOL_RELATED,S4_IS_DRUG_RELATED,S4_IS_DISTRACTED,S4_IS_SPEEDING_RELATED,S4_IS_AGING_DRIVER,S4_IS_TEENAGER_DRIVER,S4_IS_UNRESTRAINED
26088009,2024,1,1,N,FL,E/Operator,Not Distracted,Apparently Normal,No Required Endorsements,Vision Not Obscured,GEICO GENERAL INSURANCE COMPANY,BOCA RATON,FL,33487,Male,,Shoulder and Lap Belt Used,,Not Deployed,Not Ejected,N,,,,,N,,,,None,Not Transported,No Contributing Action,,,,61,N,N,N,N,N,N,N,N
26089577,2024,1,1,N,FL,E/Operator,Inattentive,Apparently Normal,No,Vision Not Obscured,STATE FARM MUTUAL AUTOMOBILE INSURA,PALM BEACH GARDENS,FL,33403,Female,,Shoulder and Lap Belt Used,,Not Applicable,Not Ejected,N,,,,,N,,,,None,Not Transported,Failed to Yield Right-of-Way,,,,75,N,N,N,Y,N,Y,N,N
26089857,2024,1,2,N,FL,E/Operator,Not Distracted,Apparently Normal,No,Vision Not Obscured,PROGRESSIVE INS,JUPITER,FL,33458,Female,,Shoulder and Lap Belt Used,,Not Applicable,Not Ejected,N,,,,,N,,,,None,Not Transported,No Contributing Action,,,,19,N,N,N,N,N,N,Y,N
26090109,2024,1,1,N,FL,E/Operator,Not Distracted,Apparently Normal,No Required Endorsements,Trees/Crops/Bushes,GEICO GENERAL INSURANCE COMPANY,JUPITER,FL,33458,Female,No Helmet,Shoulder and Lap Belt Used,,Not Deployed,Not Ejected,N,,,,,N,,,,None,Not Transported,Other Contributing Action,,,,16,N,N,N,N,N,N,Y,N
26090125,2024,1,1,N,FL,E/Operator,Not Distracted,Apparently Normal,No Required Endorsements,Vision Not Obscured,STATE FARM MUTUAL AUTOMOBILE INSURA,PALM BEACH GARDENS,FL,33418,Male,No Helmet,Shoulder and Lap Belt Used,,Not Deployed,Not Ejected,N,,,,,N,,,,None,Not Transported,Other Contributing Action,,,,24,N,N,N,N,N,N,N,N
26090188,2024,1,1,N,FL,E/Operator,Not Distracted,Apparently Normal,No Required Endorsements,Signs/Billboards,SELF INSURED,JUPITER,FL,33458,Male,No Helmet,Shoulder and Lap Belt Used,N,Not Deployed,Not Ejected,N,,,,,N,,,,None,Not Transported,Other Contributing Action,,,,47,N,N,N,N,N,N,N,N
26092232,2024,1,1,N,FL,E/Operator,Not Distracted,Apparently Normal,No Required Endorsements,Vision Not Obscured,STATE FARM MUTUAL AUTOM,MEDLEY,FL,33166,Male,,Shoulder and Lap Belt Used,,Not Deployed,Not Ejected,N,,,,,N,,,,None,Not Transported,Failed to Yield Right-of-Way,,,,78,N,N,N,N,N,Y,N,N
26092840,2024,1,1,N,FL,E/Operator,Inattentive,Apparently Normal,No Required Endorsements,Vision Not Obscured,SECURITY NATIONAL,HOLLYWOOD,FL,33020,Male,No Helmet,Shoulder and Lap Belt Used,,Not Deployed,Not Ejected,N,,,,,N,,,,None,Not Transported,Failed to Yield Right-of-Way,,,,32,N,N,N,Y,N,N,N,N
26093000,2024,1,1,N,FL,E/Operator,Not Distracted,Apparently Normal,No Required Endorsements,Vision Not Obscured,STATE FARM MUTUAL,SUNNY ISLES BEACH,FL,33160,Male,No Helmet,Shoulder and Lap Belt Used,,Not Deployed,Not Ejected,N,,,,,N,,,,None,Not Transported,Failed to Yield Right-of-Way,,,,56,N,N,N,N,N,N,N,N
26102981,2024,1,1,N,FL,E/Operator,Unknown,Apparently Normal,No Required Endorsements,Vision Not Obscured,ALL STATE,JACKSONVILLE,FL,32207,Female,,Shoulder and Lap Belt Used,,Not Deployed,Not Ejected,N,Test Not Given,,,,N,Test Not Given,,,None,Not Transported,Failed to Yield Right-of-Way,,,,42,N,N,N,,N,N,N,N
26103452,2024,1,1,N,FL,E/Operator,Not Distracted,Apparently Normal,No Required Endorsements,Vision Not Obscured,FLORIDA FARM BUREAU,JACKSONVILLE,FL,32233,Female,,Shoulder and Lap Belt Used,,Not Applicable,Not Ejected,N,Test Not Given,,,,N,Test Not Given,,,None,Not Transported,Improper Backing,,,,57,N,N,N,N,N,N,N,N
26108404,2024,1,2,N,FL,E/Operator,Not Distracted,Apparently Normal,No,Vision Not Obscured,PROGRESSIVE,JACKSONVILLE,FL,32250,Female,,Shoulder and Lap Belt Used,,Not Deployed,Not Ejected,N,Test Not Given,,,,N,Test Not Given,,,None,Not Transported,No Contributing Action,,,,52,N,N,N,N,N,N,N,N
26110099,2024,1,1,N,FL,E/Operator,Not Distracted,Apparently Normal,No,Glare,USAA,JACKSONVILLE,FL,32216,Male,,Shoulder and Lap Belt Used,,Not Deployed,Not Ejected,N,Test Not Given,,,,N,Test Not Given,,,None,Not Transported,Failed to Yield Right-of-Way,,,,76,N,N,N,N,N,Y,N,N
26112515,2024,1,1,N,FL,E/Operator,Not Distracted,Apparently Normal,No,Vision Not Obscured,PROGRESSIVE,JACKSONVILLE,FL,32256,Female,,Shoulder and Lap Belt Used,,Not Deployed,Not Ejected,N,Test Not Given,,,,N,Test Not Given,,,None,Not Transported,No Contributing Action,,,,41,N,N,N,N,N,N,N,N
26112598,2024,1,2,N,FL,E/Operator,Not Distracted,Other,No,Vision Not Obscured,ALL STATE,JACKSONVILLE,FL,32244,Female,,Shoulder and Lap Belt Used,,Not Applicable,Not Ejected,N,Test Not Given,,,,N,Test Not Given,,,None,Not Transported,No Contributing Action,,,,74,N,N,N,N,N,Y,N,N
26113578,2024,1,1,N,FL,E/Operator,Not Distracted,Apparently Normal,No Required Endorsements,Vision Not Obscured,FIRST ACCEPTANCE,JACKSONVILLE,FL,32210,Male,,Shoulder and Lap Belt Used,,Not Deployed,Not Ejected,N,Test Not Given,,,,N,Test Not Given,,,None,Not Transported,Failed to Yield Right-of-Way,,,,41,N,N,N,N,N,N,N,N
26118117,2024,1,1,N,FL,A,Not Distracted,Apparently Normal,No Required Endorsements,Vision Not Obscured,SENTRY SELECT,JACKSONVILLE,FL,32218,Male,,Shoulder and Lap Belt Used,,Not Deployed,Not Ejected,N,Test Not Given,,,,N,Test Not Given,,,None,Not Transported,No Contributing Action,,,,58,N,N,N,N,N,N,N,N
26119136,2024,1,1,N,FL,E/Operator,Not Distracted,Apparently Normal,No Required Endorsements,Vision Not Obscured,PROGRESSIVE,SAINT JOHNS,FL,32259,Male,,Shoulder and Lap Belt Used,,Not Deployed,Not Ejected,N,Test Not Given,,,,N,Test Not Given,,,None,Not Transported,Failed to Yield Right-of-Way,,,,18,N,N,N,N,N,N,Y,N
26122532,2024,1,1,N,FL,E/Operator,Not Distracted,Apparently Normal,No Required Endorsements,Vision Not Obscured,STATE FARM MUTUAL AUTOM,DAYTONA BEACH,FL,32114,Female,,Shoulder and Lap Belt Used,,Not Deployed,Not Ejected,N,,,,,N,,,,None,Not Transported,No Contributing Action,,,,34,N,N,N,N,N,N,N,N
26122816,2024,1,1,N,FL,E/Operator,Not Distracted,Apparently Normal,No Required Endorsements,Vision Not Obscured,GEICO CASUALTY COMPANY,DELTONA,FL,32738,Female,,Shoulder and Lap Belt Used,,Not Deployed,Not Ejected,N,,,,,N,,,,None,Not Transported,No Contributing Action,,,,46,N,N,N,N,N,N,N,N
26122848,2024,1,1,N,FL,E/Operator,Not Distracted,Apparently Normal,No Required Endorsements,Signs/Billboards,PROGRESSIVE SELECT INSU,SARASOTA,FL,34231,Male,,Shoulder and Lap Belt Used,,Not Deployed,Not Ejected,N,,,,,N,,,,None,Not Transported,Failed to Yield Right-of-Way,,,,20,N,N,N,N,N,N,N,N
26123406,2024,1,1,N,FL,E/Operator,Not Distracted,Apparently Normal,No Required Endorsements,Vision Not Obscured,STATE FARM MUTUAL AUTOM,DELTONA,FL,32725,Female,,Shoulder and Lap Belt Used,,Not Deployed,Not Ejected,N,,,,,N,,,,None,Not Transported,No Contributing Action,,,,60,N,N,N,N,N,N,N,N
26124052,2024,1,1,N,FL,E/Operator,Not Distracted,Apparently Normal,No Required Endorsements,Vision Not Obscured,PROGRESSIVE SELECT INSU,HOLLY HILL,FL,32117,Female,,Shoulder and Lap Belt Used,,Not Deployed,Not Ejected,N,,,,,N,,,,None,Not Transported,No Contributing Action,,,,31,N,N,N,N,N,N,N,N
26127086,2024,1,1,N,IN,None,Not Distracted,Apparently Normal,No Required Endorsements,Vision Not Obscured,STATE FARM,CROWN POINT,IN,46307,Female,,Shoulder and Lap Belt Used,,Not Deployed,Not Ejected,N,,,,,N,,,,None,Not Transported,No Contributing Action,,,,67,N,N,N,N,N,Y,N,N
26127660,2024,1,1,N,FL,E/Operator,Not Distracted,Apparently Normal,No Required Endorsements,Vision Not Obscured,ALLSTATE FIRE AND CASUA,NAPLES,FL,34108,Male,,Shoulder and Lap Belt Used,,Not Applicable,Not Ejected,N,,,,,N,,,,None,Not Transported,No Contributing Action,,,,40,N,N,N,N,N,N,N,N
26127821,2024,1,1,,,,Unknown,Unknown,,,,,,,Unknown,,,,Not Applicable,Not Ejected,N,,,,,,"Unknown, if Tested",,,,Not Transported,Failed to Yield Right-of-Way,,,,,N,N,N,,N,N,N,N
26129194,2024,1,1,N,FL,E/Operator,Not Distracted,Apparently Normal,No Required Endorsements,Vision Not Obscured,FEDERAL INSURANCE COMPA,NAPLES,FL,34103,Female,,Shoulder and Lap Belt Used,,Not Deployed,Not Ejected,N,,,,,N,,,,None,Not Transported,No Contributing Action,,,,58,N,N,N,N,N,N,N,N
26130231,2024,1,1,N,FL,E/Operator,Not Distracted,Apparently Normal,No Required Endorsements,Vision Not Obscured,SECURITY NATIONAL INSUR,NAPLES,FL,34105,Female,,Shoulder and Lap Belt Used,,Not Deployed,Not Ejected,N,,,,,N,,,,None,Not Transported,No Contributing Action,,,,43,N,N,N,N,N,N,N,N
26130866,2024,1,1,N,FL,E/Operator,Not Distracted,Apparently Normal,No Required Endorsements,Vision Not Obscured,LIBERTY MUTUAL PERSONAL,NAPLES,FL,34116,Female,,Shoulder and Lap Belt Used,,Not Deployed,Not Ejected,N,,,,,N,,,,None,Not Transported,No Contributing Action,,,,49,N,N,N,N,N,N,N,N
26131538,2024,1,1,N,FL,E/Operator,Not Distracted,Apparently Normal,No Required Endorsements,Vision Not Obscured,PROGRESSIVE,NAPLES,FL,34120,Female,,Shoulder and Lap Belt Used,,Not Deployed,Not Ejected,N,,,,,N,,,,None,Not Transported,Failed to Yield Right-of-Way,,,,27,N,N,N,N,N,N,N,N
26131692,2024,1,1,N,FL,E/Operator,Not Distracted,Apparently Normal,No Required Endorsements,Vision Not Obscured,OWNERS INSURANCE COMPANY 32700,NAPLES,FL,34112,Female,,Shoulder and Lap Belt Used,,Not Deployed,Not Ejected,N,,,,,N,,,,None,Not Transported,No Contributing Action,,,,18,N,N,N,N,N,N,Y,N
26132162,2024,1,1,N,FL,E/Operator,Not Distracted,Apparently Normal,No Required Endorsements,Vision Not Obscured,GEICO CASUALTY COMPANY,NAPLES,FL,34104,Male,,Shoulder and Lap Belt Used,,Not Deployed,Not Ejected,N,,,,,N,,,,None,Not Transported,Other Contributing Action,,,,34,N,N,N,N,N,N,N,N
26132820,2024,1,1,N,FL,E/Operator,Not Distracted,Apparently Normal,No Required Endorsements,Vision Not Obscured,GEICO GENERAL INSURANCE,NAPLES,FL,34108,Female,,Shoulder and Lap Belt Used,,Not Deployed,Not Ejected,N,,,,,N,,,,None,Not Transported,No Contributing Action,,,,39,N,N,N,N,N,N,N,N
26134155,2024,1,1,N,FL,E/Operator,Not Distracted,Apparently Normal,No Required Endorsements,Vision Not Obscured,ALLSTATE FIRE AND CASUA,NAPLES,FL,34112,Male,,Shoulder and Lap Belt Used,,Not Deployed,Not Ejected,N,,,,,N,,,,None,Not Transported,Other Contributing Action,,,,51,N,N,N,N,N,N,N,N
26137727,2024,1,1,N,FL,E/Operator,Not Distracted,Apparently Normal,No Required Endorsements,Vision Not Obscured,INFINITY INDEMNITY INSU,MIAMI,FL,33161,Male,,Shoulder and Lap Belt Used,,Not Deployed,Not Ejected,N,,,,,N,,,,None,Not Transported,Other Contributing Action,,,,40,N,N,N,N,N,N,N,N
26137772,2024,1,1,N,FL,E/Operator,Not Distracted,Apparently Normal,No Required Endorsements,Vision Not Obscured,GEICO CHOICE INSURANCE,NORTH MIAMI,FL,33162,Female,,Shoulder and Lap Belt Used,,Not Deployed,Not Ejected,N,,,,,N,,,,None,Not Transported,No Contributing Action,,,,30,N,N,N,N,N,N,N,N
26141940,2024,2,2,N,FL,E/Operator,Not Distracted,Apparently Normal,No,Vision Not Obscured,GEICO CASUALTY COMPANY,TAMARAC,FL,33321,Male,,Shoulder and Lap Belt Used,,Not Deployed,Not Ejected,N,,,,,N,,,,None,Not Transported,No Contributing Action,,,,70,N,N,N,N,N,Y,N,N
26142301,2024,1,1,N,FL,E/Operator,Not Distracted,Apparently Normal,No Required Endorsements,Vision Not Obscured,DIRECT GENERAL INSURANCE COMPANY,FORT LAUDERDALE,FL,33304,Male,No Helmet,Shoulder and Lap Belt Used,,Not Deployed,Not Ejected,N,,,,,N,,,,None,Not Transported,Other Contributing Action,,,,39,N,N,N,N,N,N,N,N
26142404,2024,1,1,N,,,Unknown,Unknown,,Vision Not Obscured,NO PROOF,,,,,No Helmet,Other,,Deployment Unknown,Unknown,N,Test Not Given,,,,N,Test Not Given,,,None,Not Transported,Failed to Yield Right-of-Way,,,,,N,N,N,,N,N,N,N
26142436,2024,2,2,N,FL,E/Operator,Not Distracted,Apparently Normal,No,Vision Not Obscured,STATE FARM MUTUAL,POMPANO BEACH,FL,33060,Female,No Helmet,Shoulder and Lap Belt Used,,Not Deployed,Not Ejected,N,Test Not Given,,,,N,Test Not Given,,,None,Not Transported,No Contributing Action,,,,30,N,N,N,N,N,N,N,N
26143046,2024,1,1,N,,,,,,,,,,,,,,,,,,,,,,,,,,,,,,,,,N,N,N,,N,N,N,N
26143740,2024,1,1,N,FL,E/Operator,Inattentive,Apparently Normal,No Required Endorsements,Vision Not Obscured,ESURANCE PROPERTY & CASUALTY INSURANCE,FT LAUDERDALE,FL,33309,Male,,Shoulder and Lap Belt Used,,Not Deployed,Not Ejected,N,,,,,N,,,,None,,Operated MV in Careless or Negligent Manner,,,,45,N,N,N,Y,N,N,N,N
26143907,2024,2,2,N,GA,C,Not Distracted,Apparently Normal,No Required Endorsements,Vision Not Obscured,USAA,UNION CITY,GA,302915130,Female,,Shoulder and Lap Belt Used,,Not Deployed,Not Ejected,N,,,,,N,,,,None,Not Transported,Other Contributing Action,,,,58,N,N,N,N,N,N,N,N
26143940,2024,1,1,N,FL,E/Operator,Not Distracted,Apparently Normal,No,Vision Not Obscured,UNITED AUTOMOBILE INSURANCE COMPANY,MIRAMAR,FL,33023,Male,,Shoulder and Lap Belt Used,,Not Deployed,Not Ejected,N,,,,,N,,,,None,Not Transported,Followed Too Closely,,,,44,N,N,N,N,N,N,N,N
26147647,2024,1,1,N,FL,E/Operator,Not Distracted,Apparently Normal,No Required Endorsements,Vision Not Obscured,FIRST ACCEPTANCE INSURA,ARCADIA,FL,34266,Female,,Shoulder and Lap Belt Used,,Not Deployed,Not Ejected,N,,,,,N,,,,None,Not Transported,Failed to Yield Right-of-Way,,,,36,N,N,N,N,N,N,N,N
26149433,2024,1,1,N,FL,E/Operator,Not Distracted,Apparently Normal,No Required Endorsements,Vision Not Obscured,GEICO GENERAL INSURANCE,PORT CHARLOTTE,FL,33948,Female,,Shoulder and Lap Belt Used,,Not Deployed,Not Ejected,N,,,,,N,,,,None,Not Transported,No Contributing Action,,,,73,N,N,N,N,N,Y,N,N
26149746,2024,1,1,N,,E/Operator,Unknown,Unknown,No Required Endorsements,,UNK,UNK,UK,00000,Male,,,,,Unknown,,,,,,,,,,None,Unknown,Failed to Yield Right-of-Way,,,,23,N,N,N,,N,N,N,N
26151839,2024,1,2,N,FL,E/Operator,Unknown,Under the Influence of Medications/Drugs/Alcohol,,Vision Not Obscured,GEICO,SEBRING,FL,33876-6119,Male,,Shoulder and Lap Belt Used,,Not Deployed,Not Ejected,Y,"Unknown, if Tested",,,,N,"Unknown, if Tested",,,None,Not Transported,"Operated MV in Erratic, Reckless or Aggressive Manner",,,,34,Y,Y,N,,N,N,N,N
26153446,2024,1,1,N,FL,E/Operator,Inattentive,Apparently Normal,,Vision Not Obscured,RESPONSIVE AUTO INSURANCE COMPANY,HIALEAH,FL,33018,Female,,Not Applicable (non-motorist),,Not Deployed,Not Ejected,N,,,,,N,,,,Possible,Not Transported,Other Contributing Action,,,,66,N,N,N,Y,N,Y,N,N
26154469,2024,1,1,N,FL,E/Operator - Restricted,Not Distracted,Apparently Normal,,Vision Not Obscured,ALLSTATE,PEMBROKE PINES,FL,33026,Female,,Shoulder and Lap Belt Used,,Not Deployed,Not Ejected,N,,,,,N,,,,None,,No Contributing Action,,,,41,N,N,N,N,N,N,N,N
26154955,2024,1,1,N,FL,E/Operator - Restricted,Not Distracted,Apparently Normal,,Vision Not Obscured,GEICO,POMPANO BEACH,FL,33069,Male,,Shoulder and Lap Belt Used,,Not Deployed,Not Ejected,N,,,,,N,,,,None,,No Contributing Action,,,,58,N,N,N,N,N,N,N,N
26155719,2024,1,1,N,FL,E/Operator,Not Distracted,Apparently Normal,,Parked/Stopped Vehicle,FLORIDA FARM BUREAU CASUALTY INSURANCE,CENTER HILL,FL,33514,Male,,Shoulder and Lap Belt Used,,Not Deployed,Not Ejected,N,Test Not Given,,,,N,Test Not Given,,,None,Not Transported,No Contributing Action,,,,18,N,N,N,N,N,N,Y,N
26159958,2024,1,1,N,UK,E/Operator,Unknown,Unknown,No Required Endorsements,Vision Not Obscured,UK,UK,UK,,Male,,Shoulder and Lap Belt Used,,Not Deployed,Unknown,,,,,,,,,,None,Unknown,Ran Stop Sign,,,,,N,N,N,,N,N,N,N
26163469,2024,1,1,N,FL,E/Operator,Not Distracted,Apparently Normal,No Required Endorsements,Vision Not Obscured,EQUITY INSURANCE COMPAN,CAPE CORAL,FL,33993,Male,,Shoulder and Lap Belt Used,,Not Deployed,Not Ejected,N,,,,,N,,,,None,Not Transported,No Contributing Action,,,,78,N,N,N,N,N,Y,N,N
26166438,2024,1,1,N,FL,E/Operator,Not Distracted,Apparently Normal,No Required Endorsements,Vision Not Obscured,GEICO CASUALTY COMPANY,SUNRISE,FL,33322,Female,,Shoulder and Lap Belt Used,,Not Deployed,Not Ejected,N,,,,,N,,,,None,Not Transported,Failed to Yield Right-of-Way,,,,66,N,N,N,N,N,Y,N,N
26166642,2024,1,1,N,FL,E/Operator,Not Distracted,Apparently Normal,No Required Endorsements,Vision Not Obscured,PROGRESSIVE SELECT INSURANCE COMPAN,MARGATE,FL,33063,Female,,Shoulder and Lap Belt Used,,Not Deployed,Not Ejected,N,,,,,N,,,,None,Not Transported,No Contributing Action,,,,71,N,N,N,N,N,Y,N,N
26167925,2024,1,1,N,FL,E/Operator,Other Inside the Vehicle,Apparently Normal,No Required Endorsements,Vision Not Obscured,GEICO GENERAL INSURANCE COMPANY,SUNRISE,FL,33322,Female,,Shoulder and Lap Belt Used,,Not Deployed,Not Ejected,N,,,,,N,,,,None,Not Transported,Operated MV in Careless or Negligent Manner,Failed to Keep in Proper Lane,,,41,N,N,N,Y,N,N,N,N
26168413,2024,1,1,N,FL,E/Operator,Not Distracted,Apparently Normal,No Required Endorsements,Vision Not Obscured,ALLSTATE INDEMNITY COMPANY,TAMARAC,FL,33321,Female,,Shoulder and Lap Belt Used,,Not Deployed,Not Ejected,N,,,,,N,,,,None,Not Transported,Failed to Yield Right-of-Way,,,,74,N,N,N,N,N,Y,N,N
26170514,2024,1,1,N,FL,E/Operator,Not Distracted,Apparently Normal,,Vision Not Obscured,PROGRESSIVE AMERICAN INSURANCE COMPANY,BIG PINE KEY,FL,33043,Male,,Shoulder and Lap Belt Used,,Not Deployed,Not Ejected,N,Test Not Given,,,,N,Test Not Given,,,None,Not Transported,No Contributing Action,,,,49,N,N,N,N,N,N,N,N
26173960,2024,1,1,N,FL,E/Operator - Restricted,Not Distracted,Asleep or Fatigued,,Vision Not Obscured,STATE FARM,TAMPA,FL,33629,Male,,Shoulder and Lap Belt Used,,Not Deployed,Not Ejected,N,Test Not Given,,,,N,Test Refused,,,None,Not Transported,No Contributing Action,,,,20,N,N,Y,N,N,N,N,N
26178327,2024,1,1,N,FL,E/Operator,Inattentive,Apparently Normal,No Required Endorsements,Vision Not Obscured,PROGRESSIVE AMERICAN IN,PEMBROKE PARK,FL,33023,Female,,Shoulder and Lap Belt Used,,Not Deployed,Not Ejected,N,,,,,N,,,,None,Not Transported,Failed to Yield Right-of-Way,,,,37,N,N,N,Y,N,N,N,N
26181714,2024,1,1,N,FL,E/Operator,Not Distracted,Apparently Normal,No Required Endorsements,Vision Not Obscured,PROGRESSIVE AMERICAN IN,TAMPA,FL,33637,Female,,Shoulder and Lap Belt Used,,Not Deployed,Unknown,N,,,,,N,,,,None,Not Transported,No Contributing Action,,,,58,N,N,N,N,N,N,N,N
26185520,2024,1,1,N,NY,D/Chauffeur,Not Distracted,Apparently Normal,No Required Endorsements,Vision Not Obscured,STATE FARM MUT AUTO CO,SINCLAIRVILLE,NY,14782,Male,,Shoulder and Lap Belt Used,,Not Deployed,Not Ejected,N,,,,,N,,,,None,Not Transported,Failed to Yield Right-of-Way,,,,66,N,N,N,N,N,Y,N,N
26186318,2024,1,1,N,IL,E/Operator - Restricted,Not Distracted,Apparently Normal,No Required Endorsements,Vision Not Obscured,DIRECT GENERAL INSURANC,BEACH PARK,IL,60099,Male,,Shoulder and Lap Belt Used,,Not Deployed,Not Ejected,N,,,,,N,,,,None,Not Transported,No Contributing Action,,,,37,N,N,N,N,N,N,N,N
26188028,2024,1,1,N,GA,C,Not Distracted,Apparently Normal,No Required Endorsements,Vision Not Obscured,STATE FARM MUTUAL AUTOM,CONYERS,GA,300944050,Male,,Shoulder and Lap Belt Used,,Not Deployed,Not Ejected,N,,,,,N,,,,None,Not Transported,No Contributing Action,,,,40,N,N,N,N,N,N,N,N
26188775,2024,1,1,N,PA,None,Not Distracted,Apparently Normal,No Required Endorsements,Vision Not Obscured,AMERICAN FREEDOM INSURANCE CO,BETHLEHEM,PA,18017,Male,,Shoulder and Lap Belt Used,,Not Applicable,Not Ejected,N,,,,,N,,,,None,Not Transported,No Contributing Action,,,,61,N,N,N,N,N,N,N,N
26193653,2024,1,1,N,FL,E/Operator,Not Distracted,Apparently Normal,No,Vision Not Obscured,OCEAN HARBOR CASUALTY I,WEST PALM BEACH,FL,33405,Male,,Shoulder and Lap Belt Used,,Not Deployed,Not Ejected,N,,,,,N,,,,None,Not Transported,No Contributing Action,,,,68,N,N,N,N,N,Y,N,N
26193847,2024,1,1,N,,,Unknown,Unknown,No,Vision Not Obscured,UNKNOWN,,,,,,Shoulder and Lap Belt Used,,Not Deployed,Not Ejected,,,,,,,,,,None,Not Transported,Operated MV in Careless or Negligent Manner,,,,,N,N,N,,N,N,N,N
26193989,2024,1,1,,,,Unknown,Unknown,,,,,,,,,,,,Unknown,,,,,,,,,,,Unknown,,,,,,N,N,N,,N,N,N,N
26194325,2024,1,1,N,CA,E/Operator,Not Distracted,Apparently Normal,No,Vision Not Obscured,OCEAN HARBOR CASUALTY I,BOYNTON BEACH,FL,33435,Female,,Shoulder and Lap Belt Used,,Not Deployed,Not Ejected,N,,,,,N,,,,None,Not Transported,No Contributing Action,,,,41,N,N,N,N,N,N,N,N
26200106,2024,1,1,N,FL,B,Not Distracted,Apparently Normal,No Required Endorsements,Vision Not Obscured,DIRECT AUTO,WEBSTER,FL,33597,Male,,Shoulder and Lap Belt Used,,Not Deployed,Not Ejected,N,,,,,N,,,,None,Not Transported,Operated MV in Careless or Negligent Manner,,,,31,N,N,N,N,N,N,N,N
26201517,2024,1,1,N,FL,E/Operator,Not Distracted,Apparently Normal,No Required Endorsements,Vision Not Obscured,STATE FARM MUTUAL AUTOM,DELTONA,FL,32725,Male,,Shoulder and Lap Belt Used,,Not Deployed,Not Ejected,N,,,,,N,,,,None,Not Transported,No Contributing Action,,,,65,N,N,N,N,N,Y,N,N
26201673,2024,1,1,N,FL,E/Operator,Not Distracted,Apparently Normal,No Required Endorsements,Vision Not Obscured,PROGRESSIVE SELECT INSU,DELTONA,FL,32738,Male,,Shoulder and Lap Belt Used,,Not Deployed,Not Ejected,N,,,,,N,,,,None,Not Transported,No Contributing Action,,,,59,N,N,N,N,N,N,N,N
26201848,2024,1,1,N,FL,E/Operator,Not Distracted,Apparently Normal,No Required Endorsements,Vision Not Obscured,PROGRESSIVE AMERICAN IN,DELTONA,FL,32725,Female,,Shoulder and Lap Belt Used,,Not Deployed,Not Ejected,N,,,,,N,,,,None,Not Transported,No Contributing Action,,,,22,N,N,N,N,N,N,N,N
26201913,2024,1,1,,,,Unknown,Unknown,,,,,,,,,,,,Unknown,,,,,,,,,,,Unknown,,,,,,N,N,N,,N,N,N,N
26202230,2024,1,1,N,FL,E/Operator,Not Distracted,Apparently Normal,No Required Endorsements,Vision Not Obscured,GEICO GENERAL INSURANCE,DELTONA,FL,32738,Female,,Shoulder and Lap Belt Used,,Not Deployed,Not Ejected,N,,,,,N,,,,None,Not Transported,No Contributing Action,,,,50,N,N,N,N,N,N,N,N
26202249,2024,1,1,N,FL,E/Operator,External Distraction,Apparently Normal,No Required Endorsements,Vision Not Obscured,STATE FARM MUTUAL AUTOM,MIMS,FL,32754,Male,,Not Applicable (non-motorist),,Not Applicable,Not Ejected,N,,,,,Y,"Unknown, if Tested",,,None,Not Transported,"Operated MV in Erratic, Reckless or Aggressive Manner",No Contributing Action,,,21,Y,N,Y,Y,N,N,N,N
26203104,2024,1,1,N,NC,E/Operator,Not Distracted,Apparently Normal,No Required Endorsements,Vision Not Obscured,GEICO,LARGO,FL,33770,Male,,Shoulder and Lap Belt Used,,Not Deployed,Not Ejected,N,,,,,N,,,,None,Not Transported,No Contributing Action,,,,34,N,N,N,N,N,N,N,N
26203158,2024,1,2,N,FL,E/Operator - Restricted,Not Distracted,Apparently Normal,No Required Endorsements,Vision Not Obscured,BRISTOL WEST,LARGO,FL,33770,Female,No Helmet,Shoulder and Lap Belt Used,,Not Applicable,Not Ejected,N,,,,,N,,,,None,Not Transported,No Contributing Action,,,,29,N,N,N,N,N,N,N,N
26203279,2024,1,1,N,FL,E/Operator,Not Distracted,Apparently Normal,No Required Endorsements,Vision Not Obscured,GOVERNMENT EMPLOYEES INSURANCE COMP,LARGO,FL,33774,Male,No Helmet,Shoulder and Lap Belt Used,,Not Deployed,Not Ejected,N,,,,,N,,,,None,Not Transported,Failed to Yield Right-of-Way,,,,39,N,N,N,N,N,N,N,N
26203387,2024,1,1,N,FL,E/Operator,Not Distracted,Apparently Normal,No,Vision Not Obscured,IMPERIUM INSURANCE COMPANY,TAMPA,FL,33612,Male,No Helmet,Shoulder and Lap Belt Used,,Not Deployed,Not Ejected,N,,,,,N,,,,None,Not Transported,Improper Turn,,,,26,N,N,N,N,N,N,N,N
26203463,2024,1,1,N,FL,E/Operator,Not Distracted,Apparently Normal,No Required Endorsements,Vision Not Obscured,TRAVELERS CASUALTY INSURANCE COMPAN,TEMPLE TERRACE,FL,33617,Male,No Helmet,Restraint Used - Type Unknown,,Not Deployed,Not Ejected,N,,,,,N,,,,None,Not Transported,No Contributing Action,,,,34,N,N,N,N,N,N,N,N
26203762,2024,1,1,N,FL,E/Operator,Not Distracted,Apparently Normal,No Required Endorsements,Vision Not Obscured,PROGRESSIVE SELECT INSURANCE COMPAN,LARGO,FL,33774,Male,No Helmet,Shoulder and Lap Belt Used,,Not Deployed,Not Ejected,N,,,,,N,,,,None,Not Transported,Failed to Yield Right-of-Way,,,,49,N,N,N,N,N,N,N,N
26207054,2024,1,1,N,FL,E/Operator,Not Distracted,Apparently Normal,No Required Endorsements,Vision Not Obscured,INFINITY ASSURANCE INSU,TALLAHASSEE,FL,32304,Male,,Shoulder and Lap Belt Used,,Not Deployed,Not Ejected,N,,,,,N,,,,None,Not Transported,No Contributing Action,,,,46,N,N,N,N,N,N,N,N
26209578,2024,1,1,Y,,,Unknown,Unknown,,,UNKNOWN,UNKNOWN,OT,UNKNOWN,,,,,,Unknown,,,,,,,,,,None,Unknown,Operated MV in Careless or Negligent Manner,,,,,N,N,N,,N,N,N,N
26212302,2024,1,1,N,FL,E/Operator,Not Distracted,Apparently Normal,No Required Endorsements,Vision Not Obscured,THE STANDARD FIRE INSUR,LARGO,FL,33773,Male,,Shoulder and Lap Belt Used,,Not Deployed,Not Ejected,N,,,,,N,,,,None,Not Transported,No Contributing Action,,,,59,N,N,N,N,N,N,N,N
26212377,2024,1,1,,,,Unknown,Unknown,,,,,,,,,,,,Unknown,,,,,,,,,,,Unknown,,,,,,N,N,N,,N,N,N,N
26212578,2024,1,1,N,FL,E/Operator,Not Distracted,Apparently Normal,No Required Endorsements,Vision Not Obscured,GEICO CASUALTY COMPANY,CLEARWATER,FL,33762,Female,,Shoulder and Lap Belt Used,,Not Deployed,Not Ejected,N,,,,,N,,,,None,Not Transported,No Contributing Action,,,,46,N,N,N,N,N,N,N,N
26213083,2024,1,1,N,FL,E/Operator,Not Distracted,Apparently Normal,No Required Endorsements,Vision Not Obscured,USAA CASUALTY INSURANCE,ORANGE PARK,FL,32065,Female,,Shoulder and Lap Belt Used,,Not Deployed,Not Ejected,N,,,,,N,,,,None,Not Transported,No Contributing Action,,,,67,N,N,N,N,N,Y,N,N
26213711,2024,1,1,N,FL,E/Operator,Not Distracted,Apparently Normal,No Required Endorsements,Trees/Crops/Bushes,PROGRESSIVE AMERICAN IN,KEYSTONE HEIGHTS,FL,32656,Male,,Shoulder and Lap Belt Used,,,Not Ejected,N,,,,,N,,,,None,Not Transported,No Contributing Action,,,,54,N,N,N,N,N,N,N,N
26219130,2024,1,1,N,FL,E/Operator,Not Distracted,Apparently Normal,No Required Endorsements,Vision Not Obscured,USAA CASUALTY INSURANCE,MAITLAND,FL,32751,Female,,Shoulder and Lap Belt Used,,Not Deployed,Not Ejected,N,,,,,N,,,,None,Not Transported,No Contributing Action,,,,53,N,N,N,N,N,N,N,N
