REPORT_NUMBER,CRASH_YEAR,PERSON_NUMBER,LOCATION_AT_TIME_OF_CRASH_CODE,ACTION_PRIOR_TO_CRASH_CODE,NON_MOTORIST_DESCRIPTION_CODE,CITY,STATE,ZIP_CODE,SEX,SUSPECTED_ALCOHOL_USE_CODE,ALCOHOL_TESTED_CODE,ALCOHOL_TEST_TYPE_CODE,ALCOHOL_TEST_RESULT,BLOOD_ALCOHOL_CONTENT,SUSPECTED_DRUG_USE_CODE,DRUG_TESTED_CODE,DRUG_TEST_TYPE_CODE,DRUG_TEST_RESULT,INJURY_SEVERITY,EMS_TRANSPORT_TYPE,NON_MOTORIST_ACTIONS_CIRCUMSTANCES_1,NON_MOTORIST_ACTIONS_CIRCUMSTANCES_2,SAFETY_EQUIPMENT_CODE_1,SAFETY_EQUIPMENT_CODE_2,S4_AGE_AT_TIME_OF_CRASH,S4_IS_ALCOHOL_RELATED,S4_IS_DRUG_RELATED,S4_IS_AGING,S4_IS_TEENAGER
26088009,2024,2,Bicycle Lane,Walking/Cycling Along Roadway Against Traffic,Other Cyclist,BOCA RATON,FL,33487,,N,,,,,N,,,,Non-Incapacitating,Not Transported,In Roadway Improperly,,None,,,N,N,N,N
26089577,2024,2,Bicycle Lane,Walking/Cycling Along Roadway Against Traffic,Other Cyclist,PALM BEACH GARDENS,FL,33418,,N,,,,,N,,,,Possible,EMS,No Improper Action,,None,,,N,N,N,N
26089857,2024,1,Intersection - Marked Crosswalk,Crossing Roadway,Other Cyclist,PALM BEACH GARDENS,FL,33410,,N,,,,,N,,,,None,Not Transported,Failure to Yield Right-of-Way,,None,,,N,N,N,N
26090109,2024,2,Intersection - Marked Crosswalk,Other,Other Cyclist,JUPITER,FL,33458,,N,,,,,N,,,,Non-Incapacitating,Not Transported,Other,,None,,,N,N,N,N
26090125,2024,2,Other,Walking/Cycling Along Roadway Against Traffic,Other Cyclist,JUPITER,FL,33458,,N,,,,,N,,,,Incapacitating,EMS,Wrong-Way Riding or Walking,,None,,,N,N,N,N
26090188,2024,2,Intersection - Marked Crosswalk,Crossing Roadway,Other Cyclist,JUPITER,FL,33458,,N,,,,,N,,,,None,Not Transported,Other,,None,,,N,N,N,N
26092232,2024,2,Sidewalk,Walking/Cycling on Sidewalk,Other Cyclist,HIALEAH,FL,33012,Male,N,,,,,N,,,,None,Not Transported,No Improper Action,,None,,34,N,N,N,N
26092840,2024,2,Sidewalk,Walking/Cycling on Sidewalk,Other Cyclist,AVENTURA,FL,33180,Male,N,,,,,N,,,,Possible,Not Transported,No Improper Action,,None,,27,N,N,N,N
26093000,2024,2,Sidewalk,Walking/Cycling on Sidewalk,Other Cyclist,SUNNY ISLES BEACH,FL,33160,Male,N,,,,,N,,,,Non-Incapacitating,Not Transported,Failure to Yield Right-of-Way,,None,,18,N,N,N,Y
26102981,2024,2,Intersection - Marked Crosswalk,Crossing Roadway,Other Cyclist,JACKSONVILLE,FL,32207,Female,N,Test Not Given,,,,N,Test Not Given,,,Non-Incapacitating,Not Transported,No Improper Action,,None,,17,N,N,N,Y
26103452,2024,3,Other,Other,Other Cyclist,ATLANTIC BEACH,FL,32233,Male,N,Test Not Given,,,,N,Test Not Given,,,None,Not Transported,No Improper Action,No Improper Action,None,,37,N,N,N,N
26108404,2024,1,Intersection - Unmarked Crosswalk,Walking/Cycling on Sidewalk,Other Cyclist,JACKSONVILLE,FL,32246,Male,N,Test Not Given,,,,N,Test Not Given,,,Non-Incapacitating,Not Transported,Failure to Yield Right-of-Way,,Helmet,,15,N,N,N,Y
26110099,2024,2,Driveway Access,Crossing Roadway,Other Cyclist,JACKSONVILLE,FL,32256,Male,N,Test Not Given,,,,N,Test Not Given,,,Non-Incapacitating,EMS,No Improper Action,,None,,15,N,N,N,Y
26112515,2024,2,Intersection - Marked Crosswalk,Walking/Cycling on Sidewalk,Other Cyclist,JACKSONVILLE,FL,32256,Male,N,Test Not Given,,,,N,Test Not Given,,,None,Not Transported,Failure to Yield Right-of-Way,,None,,41,N,N,N,N
26112598,2024,1,Midblock - Marked Crosswalk,Walking/Cycling Along Roadway With Traffic,Other Cyclist,JACKSONVILLE,FL,32254,Male,N,Test Not Given,,,,N,Test Not Given,,,Possible,Not Transported,No Improper Action,,None,,39,N,N,N,N
26113578,2024,2,Intersection - Marked Crosswalk,Walking/Cycling on Sidewalk,Other Cyclist,JACKSONVILLE,FL,32244,Female,N,Test Not Given,,,,N,Test Not Given,,,Non-Incapacitating,EMS,No Improper Action,,None,,57,N,N,N,N
26118117,2024,2,Travel Lane - Other Location,Other,Other Cyclist,JACKSONVILLE,FL,32219,Male,N,Test Not Given,,,,N,Test Not Given,,,Non-Incapacitating,Not Transported,Other,,None,,19,N,N,N,Y
26119136,2024,2,Intersection - Marked Crosswalk,Crossing Roadway,Other Cyclist,JACKSONVILLE,FL,32207,Male,N,Test Not Given,,,,N,Test Not Given,,,Possible,Other,No Improper Action,,None,,23,N,N,N,N
26122532,2024,3,Intersection - Marked Crosswalk,Crossing Roadway,Other Cyclist,DAYTONA BEACH,FL,32114,Female,N,,,,,N,,,,Non-Incapacitating,EMS,No Improper Action,,None,,7,N,N,N,N
26122816,2024,2,Driveway Access,Walking/Cycling on Sidewalk,Other Cyclist,HOMOSASSA,FL,34448,Male,N,,,,,N,,,,None,Not Transported,Failure to Yield Right-of-Way,,None,,25,N,N,N,N
26122848,2024,2,Intersection - Unmarked Crosswalk,Walking/Cycling Along Roadway With Traffic,Other Cyclist,MELBOURNE,FL,32940,Female,N,,,,,N,,,,None,Not Transported,No Improper Action,,None,,21,N,N,N,N
26123406,2024,2,Intersection - Marked Crosswalk,Crossing Roadway,Other Cyclist,DAYTONA BEACH,FL,32114,Female,N,,,,,N,,,,Possible,Not Transported,No Improper Action,,None,,11,N,N,N,N
26124052,2024,2,Sidewalk,Walking/Cycling Along Roadway With Traffic,Other Cyclist,DAYTONA BEACH,FL,32117,Female,N,,,,,N,,,,Possible,EMS,Inattentive,,None,,55,N,N,N,N
26127086,2024,2,Travel Lane - Other Location,Other,Other Cyclist,NAPLES,FL,34108,Female,N,,,,,N,,,,Non-Incapacitating,Not Transported,Improper Turn/Merge,,None,,31,N,N,N,N
26127660,2024,2,Other,Crossing Roadway,Other Cyclist,NAPLES,FL,34108,Male,N,,,,,N,,,,Possible,EMS,Failure to Yield Right-of-Way,,None,,46,N,N,N,N
26127821,2024,2,Intersection - Marked Crosswalk,Walking/Cycling Along Roadway With Traffic,Other Cyclist,NAPLES,FL,34116,Male,N,,,,,N,,,,Non-Incapacitating,Not Transported,No Improper Action,,Unknown,,19,N,N,N,Y
26129194,2024,2,Travel Lane - Other Location,Crossing Roadway,Other Cyclist,,,,Female,N,,,,,N,,,,None,Not Transported,Other,,Helmet,,23,N,N,N,N
26130231,2024,2,Intersection - Marked Crosswalk,Crossing Roadway,Other Cyclist,NAPLES,FL,34109,Female,N,,,,,N,,,,Possible,Not Transported,Other,,None,,11,N,N,N,N
26130866,2024,2,Intersection - Marked Crosswalk,Crossing Roadway,Other Cyclist,NAPLES,FL,34109,Male,N,,,,,N,,,,Non-Incapacitating,Not Transported,Other,,None,,42,N,N,N,N
26131538,2024,2,Intersection - Marked Crosswalk,Crossing Roadway,Other Cyclist,NAPLES,FL,34110,Female,N,,,,,N,,,,Non-Incapacitating,Not Transported,No Improper Action,,Helmet,,63,N,N,N,N
26131692,2024,2,Intersection - Other,Other,Other Cyclist,NAPLES,FL,34112,Male,N,,,,,N,,,,Possible,EMS,Other,,None,,32,N,N,N,N
26132162,2024,3,Sidewalk,Walking/Cycling on Sidewalk,Other Cyclist,NAPLES,FL,34116,Male,N,,,,,N,,,,Possible,Not Transported,Other,,None,,29,N,N,N,N
26132820,2024,2,Travel Lane - Other Location,Crossing Roadway,Other Cyclist,NAPLES,FL,34105,Male,N,,,,,N,,,,Possible,EMS,Failure to Yield Right-of-Way,,None,,14,N,N,N,N
26134155,2024,2,Intersection - Marked Crosswalk,Other,Other Cyclist,,,,Male,N,,,,,N,,,,Possible,EMS,Other,,None,,23,N,N,N,N
26137727,2024,2,Other,Walking/Cycling on Sidewalk,Other Cyclist,NORTH MIAMI,FL,33168,Male,N,,,,,N,,,,Possible,Other,No Improper Action,,None,,27,N,N,N,N
26137772,2024,2,Intersection - Marked Crosswalk,Crossing Roadway,Other Cyclist,TAMARAC,FL,33321,Male,N,,,,,N,,,,None,Not Transported,No Improper Action,,None,,54,N,N,N,N
26141940,2024,1,Other,Other,Other Cyclist,FT LAUDERDALE,FL,33308,Male,N,,,,,N,,,,None,Not Transported,Other,,None,,49,N,N,N,N
26142301,2024,2,Bicycle Lane,Crossing Roadway,Bicyclist,DANIA,FL,33004,Male,N,,,,,N,,,,Non-Incapacitating,EMS,Other,,None,,38,N,N,N,N
26142301,2024,3,Intersection - Marked Crosswalk,Crossing Roadway,Other Cyclist,DANIA,FL,33004,Male,N,,,,,N,,,,Non-Incapacitating,EMS,No Improper Action,,None,,3,N,N,N,N
26142404,2024,2,Bicycle Lane,Walking/Cycling Along Roadway With Traffic,Other Cyclist,CORAL SPRINGS,FL,33065,Male,N,Test Not Given,,,,N,Test Not Given,,,Non-Incapacitating,EMS,No Improper Action,,None,,28,N,N,N,N
26142436,2024,1,Intersection - Other,Other,Other Cyclist,WEST MIAMI,FL,33144,Male,N,Test Not Given,,,,N,Test Not Given,,,Incapacitating,EMS,Failure to Yield Right-of-Way,,Helmet,,30,N,N,N,N
26143046,2024,2,Driveway Access,Crossing Roadway,Other Cyclist,FORT LAUDERDALE,FL,33312,Male,N,,,,,N,,,,Non-Incapacitating,EMS,No Improper Action,,None,,28,N,N,N,N
26143740,2024,2,Sidewalk,Walking/Cycling on Sidewalk,Other Cyclist,WILTON MANORS,FL,33305,Female,N,,,,,N,,,,None,Not Transported,,,None,,40,N,N,N,N
26143907,2024,1,Intersection - Marked Crosswalk,Walking/Cycling on Sidewalk,Other Cyclist,FORT  LAUDERDALE,FL,33308,Female,N,,,,,N,,,,Possible,Not Transported,Other,,None,,37,N,N,N,N
26143940,2024,2,Travel Lane - Other Location,In Roadway - Other,Other Cyclist,SUNRISE,FL,33313,Male,N,,,,,N,,,,Possible,Not Transported,No Improper Action,,None,,21,N,N,N,N
26146458,2024,1,Bicycle Lane,Walking/Cycling Along Roadway With Traffic,Other Cyclist,PORT CHARLOTTE,FL,33948,Male,N,,,,,N,,,,None,Not Transported,Other,,None,,18,N,N,N,Y
26146458,2024,2,Travel Lane - Other Location,In Roadway - Other,Occupant of Motor Vehicle Not in Transport,PUNTA GORDA,FL,33950,Female,N,,,,,N,,,,None,Not Transported,Entering/Exiting Parked/Standing Vehicle,,None,,40,N,N,N,N
26147647,2024,2,Intersection - Marked Crosswalk,Walking/Cycling on Sidewalk,Other Cyclist,PORT CHARLOTTE,FL,33952,Male,N,,,,,N,,,,Non-Incapacitating,EMS,Wrong-Way Riding or Walking,,None,,33,N,N,N,N
26148796,2024,1,Intersection - Marked Crosswalk,Crossing Roadway,Other Cyclist,,,,,N,,,,,N,,,,None,Not Transported,Unknown,,Unknown,,,N,N,N,N
26149433,2024,2,Travel Lane - Other Location,Other,Other Cyclist,PORT CHARLOTTE,FL,33948,Male,N,,,,,N,,,,Non-Incapacitating,EMS,Entering/Exiting Parked/Standing Vehicle,Dart/Dash,None,,17,N,N,N,Y
26149746,2024,2,Intersection - Marked Crosswalk,Crossing Roadway,Other Cyclist,PORT CHARLOTTE,FL,33948,Male,N,,,,,N,,,,Non-Incapacitating,Not Transported,No Improper Action,,Helmet,,17,N,N,N,Y
26151839,2024,1,Travel Lane - Other Location,Walking/Cycling Along Roadway With Traffic,Other Cyclist,WESLEY CHAPEL,FL,33543,Male,N,Test Not Given,,,,N,Test Not Given,,,Fatal (within 30 days),Other,Unknown,,Helmet,,38,N,N,N,N
26153446,2024,2,Shoulder/Roadside,None,Other Cyclist,HALLANDALE,FL,33009,Male,N,,,,,N,,,,Possible,Unknown,No Improper Action,,None,,42,N,N,N,N
26154117,2024,1,Travel Lane - Other Location,Walking/Cycling Along Roadway Against Traffic,Other Cyclist,PEMBROKE PINES,FL,33024,Male,N,,,,,N,,,,Non-Incapacitating,EMS,Wrong-Way Riding or Walking,Not Visible,None,,18,N,N,N,Y
26154469,2024,2,Intersection - Marked Crosswalk,Waiting to Cross Roadway,Other Cyclist,PEMBROKE PINES,FL,33026,Male,N,,,,,N,,,,Non-Incapacitating,EMS,Failure to Yield Right-of-Way,,None,,24,N,N,N,N
26154955,2024,2,Intersection - Other,Crossing Roadway,Other Cyclist,NORTH MIAMI BEACH,FL,33162,Female,N,,,,,N,,,,Non-Incapacitating,EMS,Failure to Yield Right-of-Way,,None,,20,N,N,N,N
26155719,2024,2,Other,In Roadway - Other,Other Cyclist,OXFORD,FL,34484,Female,N,Test Not Given,,,,N,Test Not Given,,,Non-Incapacitating,EMS,Dart/Dash,,Helmet,,7,N,N,N,N
26159958,2024,2,Other,Other,Other Cyclist,MELBOURNE,FL,32901,Female,N,,,,,N,,,,Possible,Not Transported,No Improper Action,,None,,30,N,N,N,N
26163469,2024,2,Intersection - Marked Crosswalk,Crossing Roadway,Other Cyclist,FORT MYERS,FL,33905,Male,N,,,,,N,,,,Non-Incapacitating,EMS,Other,,Lighting,,49,N,N,N,N
26166438,2024,2,Travel Lane - Other Location,Walking/Cycling on Sidewalk,Other Cyclist,SUNRISE,FL,33351,,N,,,,,N,,,,Possible,Not Transported,No Improper Action,,Helmet,,,N,N,N,N
26166642,2024,2,Intersection - Other,Crossing Roadway,Other Cyclist,FORT LAUDERDALE,FL,33315,,N,,,,,N,,,,None,EMS,Failure to Yield Right-of-Way,,None,,,N,N,N,N
26167925,2024,2,Shoulder/Roadside,Walking/Cycling Along Roadway With Traffic,Other Cyclist,SUNRISE,FL,33322,,N,,,,,N,,,,Non-Incapacitating,EMS,No Improper Action,,None,,,N,N,N,N
26168413,2024,2,Intersection - Marked Crosswalk,Other,Other Cyclist,LAUDERHILL,FL,33351,,N,,,,,N,,,,Non-Incapacitating,EMS,No Improper Action,,None,,,N,N,N,N
26170514,2024,3,Other,Other,Other Cyclist,BIG PINE KYE,FL,33043,Female,N,Test Not Given,,,,N,Test Not Given,,,Incapacitating,EMS,Inattentive,,None,,33,N,N,N,N
26173960,2024,2,Bicycle Lane,Crossing Roadway,Other Cyclist,TAMPA,FL,33620,Male,N,Test Not Given,,,,N,Test Not Given,,,Possible,Not Transported,Other,,None,,20,N,N,N,N
26178327,2024,5,Shared-Use Path or Trail,Adjacent to Roadway,Other Cyclist,MIRAMAR,FL,33023,Male,N,,,,,N,,,,Possible,EMS,No Improper Action,,None,,48,N,N,N,N
26179942,2024,1,Intersection - Other,Walking/Cycling Along Roadway With Traffic,Other Cyclist,FORT PIERCE,FL,34950,,N,,,,,N,,,,Possible,Not Transported,No Improper Action,,None,,,N,N,N,N
26181714,2024,3,Intersection - Marked Crosswalk,Other,Other Cyclist,UNKNOWN,,,Unknown,,"Unknown, if Tested",,Unknown,,,"Unknown, if Tested",,,None,Unknown,"Failure to Obey Traffic Signs, Signals, or Officer",,Unknown,,,N,N,N,N
26185520,2024,3,Bicycle Lane,Walking/Cycling Along Roadway With Traffic,Other Cyclist,FORT MYERS BEACH,FL,33931,Male,N,,,,,N,,,,Possible,Not Transported,No Improper Action,,Helmet,Reflective Clothing,61,N,N,N,N
26185611,2024,1,Intersection - Marked Crosswalk,Crossing Roadway,Other Cyclist,BONITA SPRINGS,FL,34135,Male,N,,,,,N,,,,Non-Incapacitating,EMS,Dart/Dash,,None,,22,N,N,N,N
26186318,2024,2,Travel Lane - Other Location,Crossing Roadway,Other Cyclist,ST JAMES CITY,FL,33956,Male,N,,,,,N,,,,Non-Incapacitating,EMS,Failure to Yield Right-of-Way,Inattentive,None,,71,N,N,Y,N
26188028,2024,2,Intersection - Marked Crosswalk,Other,Other Cyclist,MELBOURNE,FL,32935,Male,N,,,,,N,,,,None,Not Transported,"Failure to Obey Traffic Signs, Signals, or Officer",,Helmet,Protective Pads,57,N,N,N,N
26188775,2024,2,Intersection - Marked Crosswalk,Walking/Cycling Along Roadway Against Traffic,Other Cyclist,PALM BAY,FL,32908,Male,N,,,,,N,,,,Possible,Not Transported,Wrong-Way Riding or Walking,,None,,54,N,N,N,N
26193653,2024,2,Sidewalk,Crossing Roadway,Other Cyclist,EAST LANSING,MI,488232150,Male,N,,,,,N,,,,Non-Incapacitating,EMS,Failure to Yield Right-of-Way,,None,,18,N,N,N,Y
26193847,2024,2,Intersection - Unmarked Crosswalk,Walking/Cycling on Sidewalk,Other Cyclist,BOYNTON BEACH,FL,33436,Male,N,,,,,N,,,,Non-Incapacitating,Not Transported,No Improper Action,,None,,27,N,N,N,N
26193847,2024,3,Intersection - Unmarked Crosswalk,Walking/Cycling on Sidewalk,Other Cyclist,BOYNTON BEACH,FL,33436,Male,N,,,,,N,,,,Non-Incapacitating,Not Transported,No Improper Action,,None,,27,N,N,N,N
26193989,2024,2,Other,Other,Other Cyclist,BOYNTON BEACH,FL,33435,Male,N,,,,,N,,,,Non-Incapacitating,Not Transported,No Improper Action,,None,,51,N,N,N,N
26194325,2024,3,Travel Lane - Other Location,Walking/Cycling Along Roadway With Traffic,Other Cyclist,BOYNTON BEACH,FL,33426,Male,N,,,,,N,,,,Non-Incapacitating,Not Transported,Failure to Yield Right-of-Way,,None,,10,N,N,N,N
26200106,2024,2,Driveway Access,Walking/Cycling on Sidewalk,Other Cyclist,ZEPHYRHILLS,FL,33542,Male,N,,,,,N,,,,Incapacitating,EMS,No Improper Action,,None,,27,N,N,N,N
26201517,2024,2,Intersection - Other,Walking/Cycling Along Roadway With Traffic,Other Cyclist,DELTONA,FL,32725,Male,N,,,,,N,,,,Incapacitating,Not Transported,"Failure to Obey Traffic Signs, Signals, or Officer",Not Visible,None,,18,N,N,N,Y
26201673,2024,2,Intersection - Marked Crosswalk,Walking/Cycling on Sidewalk,Other Cyclist,DELTONA,FL,32738,Male,N,,,,,N,,,,Possible,Not Transported,Dart/Dash,,None,,12,N,N,N,N
26201673,2024,3,Unknown,None,Unknown Type of Non-Motorist,DAYTONA BEACH,FL,32119,Female,N,,,,,N,,,,None,Not Transported,No Improper Action,,None,,42,N,N,N,N
26201848,2024,2,Other,In Roadway - Other,Other Cyclist,DELTONA,FL,32738,Male,N,,,,,N,,,,Non-Incapacitating,EMS,Dart/Dash,,None,,3,N,N,N,N
26201913,2024,2,Intersection - Marked Crosswalk,Crossing Roadway,Other Cyclist,DEBARY,FL,32713,Female,N,,,,,N,,,,Possible,Not Transported,No Improper Action,,None,,15,N,N,N,Y
26201913,2024,3,Intersection - Marked Crosswalk,Crossing Roadway,Other Cyclist,,,,Male,N,,,,,N,,,,Incapacitating,Other,No Improper Action,,None,,10,N,N,N,N
26202230,2024,2,Intersection - Other,Crossing Roadway,Other Cyclist,DELTONA,FL,32738,Male,N,,,,,N,,,,Non-Incapacitating,Not Transported,Failure to Yield Right-of-Way,,None,,12,N,N,N,N
26202249,2024,3,Shoulder/Roadside,In Roadway - Other,Other Cyclist,OAK HILL,FL,32759,Male,N,,,,,N,,,,Possible,EMS,In Roadway Improperly,No Improper Action,None,,67,N,N,Y,N
26202295,2024,1,Shared-Use Path or Trail,None,Other Cyclist,ORMOND BEACH,FL,32174,Male,N,,,,,N,,,,None,Not Transported,Other,,None,,26,N,N,N,N
26203104,2024,2,Intersection - Marked Crosswalk,Crossing Roadway,Other Cyclist,LARGO,FL,33774,,N,,,,,N,,,,Non-Incapacitating,EMS,No Improper Action,,None,,,N,N,N,N
26203158,2024,1,Bicycle Lane,Walking/Cycling Along Roadway With Traffic,Other Cyclist,NEW PORT RICHEY,FL,34654,,N,,,,,N,,,,Possible,Other,"Failure to Obey Traffic Signs, Signals, or Officer",,Helmet,,,N,N,N,N
26203279,2024,2,Intersection - Marked Crosswalk,Crossing Roadway,Other Cyclist,LARGO,FL,33774,,N,,,,,N,,,,Non-Incapacitating,EMS,"Failure to Obey Traffic Signs, Signals, or Officer",,None,,,N,N,N,N
26203387,2024,2,Sidewalk,Walking/Cycling on Sidewalk,Other Cyclist,LARGO,FL,33771,,N,,,,,N,,,,Non-Incapacitating,Not Transported,No Improper Action,,None,,,N,N,N,N
26203463,2024,2,Intersection - Marked Crosswalk,Walking/Cycling on Sidewalk,Other Cyclist,LARGO,FL,33771,,N,,,,,N,,,,Non-Incapacitating,Not Transported,Dart/Dash,,None,,,N,N,N,N
26203762,2024,2,Intersection - Unmarked Crosswalk,Crossing Roadway,Other Cyclist,LARGO,FL,33778,,N,,,,,N,,,,Non-Incapacitating,EMS,Other,,Helmet,,,N,N,N,N
26207054,2024,2,Bicycle Lane,Walking/Cycling on Sidewalk,Other Cyclist,TALLAHASSEE,FL,32305,Female,N,,,,,N,,,,Non-Incapacitating,Not Transported,No Improper Action,,Lighting,None,41,N,N,N,N
26209578,2024,2,Intersection - Marked Crosswalk,Crossing Roadway,Other Cyclist,NORTH PORT,FL,34287,,N,,,,,N,,,,Possible,Not Transported,Unknown,,None,,,N,N,N,N
26209747,2024,1,Bicycle Lane,In Roadway - Other,Other Cyclist,TAMPA,FL,33619,Male,N,,,,,N,,,,Possible,EMS,Other,,None,,43,N,N,N,N
26212302,2024,2,Bicycle Lane,Other,Other Cyclist,PINELLAS PARK,FL,33782,Male,N,,,,,N,,,,Non-Incapacitating,Not Transported,Wrong-Way Riding or Walking,,None,,34,N,N,N,N
26212377,2024,2,Intersection - Marked Crosswalk,Crossing Roadway,Other Cyclist,PINELLAS PARK,FL,33771,Female,N,,,,,N,,,,Possible,Not Transported,No Improper Action,,None,,45,N,N,N,N
26212578,2024,3,Shoulder/Roadside,Adjacent to Roadway,Other Cyclist,CLEARWATER,FL,33760,Male,N,,,,,N,,,,Non-Incapacitating,Not Transported,No Improper Action,,None,,41,N,N,N,N
26213083,2024,2,Intersection - Marked Crosswalk,Walking/Cycling Along Roadway With Traffic,Other Cyclist,NA,,,,,Test Not Given,,,,,Test Not Given,,,None,Not Transported,"Failure to Obey Traffic Signs, Signals, or Officer",Dart/Dash,Unknown,,,N,N,N,N
26213711,2024,2,Intersection - Marked Crosswalk,Crossing Roadway,Other Cyclist,MELROSE,FL,32666,Female,N,,,,,N,,,,None,Not Transported,No Improper Action,,None,,52,N,N,N,N
26214745,2024,1,Intersection - Marked Crosswalk,Crossing Roadway,Other Cyclist,MIDDLEBURG,FL,32068,Male,N,,,,,N,,,,Non-Incapacitating,EMS,"Failure to Obey Traffic Signs, Signals, or Officer",,None,,29,N,N,N,N
26216144,2024,1,Shared-Use Path or Trail,Walking/Cycling Along Roadway With Traffic,Other Cyclist,MIDDLEBURG,FL,32068,Male,N,,,,,N,,,,Possible,EMS,No Improper Action,,Reflective Clothing,Other,57,N,N,N,N
26219130,2024,2,Intersection - Marked Crosswalk,Crossing Roadway,Other Cyclist,DELTONA,FL,32725,Male,N,,,,,N,,,,None,Not Transported,Failure to Yield Right-of-Way,,None,,28,N,N,N,N
