REPORT_NUMBER,CRASH_YEAR,PERSON_NUMBER,STATUTE_NUMBER,CHARGE,CITATION_NUMBER
26088009,2024,2,316.2065(1),VIOLATION BICYCLE REGULATIONS,AJOCPXE
26089577,2024,1,316.083(2),PASS -FAIL TO GIVE RIGHT OF WAY TO OVERTAKING VEH,AIZIQYE
26089857,2024,1,316.125(2),FTY - FROM ALLEY/BLDG/PRIVATE ROAD/DRIVEWAY TO VEH & PED,WW85922
26092232,2024,1,316.075(1)(a)1,FAILED TO YIELD RIGHT-OF-WAY TO PEDESTRIAN,AJMICPE
26092840,2024,1,316125,FAILED TO YIELD / FROM ALLEY,AJA4J7E
26102981,2024,1,316.130(7)(c),FAILED TO YIELD RIGHT-OF-WAY TO PEDESTRIAN AT CROSSWALK WITH,AINEVDE
26110099,2024,1,316.123(2)(a),FAILED TO YIELD RIGHT OF WAY AT STOP SIGN,AJ4ZYHE
26113578,2024,1,316.130(7)(b),FAILED TO YIELD RIGHT-OF-WAY TO PEDESTRIAN AT CROSSWALK WITH,AJGC7QE
26119136,2024,1,316.130(7)(b),FAILED TO YIELD RIGHT-OF-WAY TO PEDESTRIAN AT CROSSWALK WITH,AJGD1IE
26122848,2024,1,316.075(1)(a)1,FAILED TO YIELD RIGHT-OF-WAY TO PEDESTRIAN,AJH8RPE
26147647,2024,1,322.03(5),EXPIRED DL (MORE THAN 6 MONTHS)(LESS 6 MONTHS SEE 322.065),AJH1TYE
26149433,2024,2,316.2065(1),VIOLATION BICYCLE REGULATIONS,AJYQY7E
26167925,2024,1,316.1925-1,CARELESS DRIVING,AJRVLLE
26188028,2024,2,316.130(1),PEDESTRIAN CONTROL SIGNAL - PEDESTRIAN FAILED TO OBEY,AIYWJ1E
26200106,2024,1,316.1925(1),CARELESS DRIVING,AIQ6WAE
26201517,2024,2,316.123(2)(a),RAN STOP SIGN/VIOLATION OF RIGHT OF WAY FROM STOP SIGN,AJVR3WE
26203104,2024,1,316.130(15),VEHICLES YIELD/ USE DUE CARE TO AVOID COLLIDING W/ PEDESTRIA,AITIXCE
26203387,2024,1,316.151(1A),IMPROPER RIGHT TURN,AITLW7E
26209747,2024,1,316.2065(1),VIOLATION BICYCLE REGULATIONS,AK3J82E
26212302,2024,2,316.081,WRONG SIDE OF ROADWAY - DRIVING ON,AJTWJKE
26219130,2024,2,316.2065(1),VIOLATION BICYCLE REGULATIONS,AIKOT7E
