REPORT_NUMBER,CRASH_YEAR,CRASH_DATE_AND_TIME,REPORT_DATE_AND_TIME,INVESTIGATING_AGENCY_REPORT_NUMBER,FORM_TYPE,TOTAL_NUMBER_OF_VEHICLES,TOTAL_NUMBER_OF_PERSONS,COUNTY_CODE,CITY_CODE,COUNTY_NAME,CITY_NAME,RURAL_OR_URBAN,NOTIFIED_TIME,DISPATCHED_TIME,ARRIVED_TIME,CLEARED_TIME,COMPLETED_FLAG,NOTIFIED_BY,ON_STREET_ROAD_HIGHWAY,STREET_ADDRESS_NUMBER,LATITUDE,LONGITUDE,FEET_FROM_INTERSECTION,DIRECTION_FROM_INTERSECTION,FROM_INTERSECTION_OF,MILEPOST_NUMBER,ROAD_SYSTEM_IDENTIFER,TYPE_OF_SHOULDER,TYPE_OF_INTERSECTION,PHOTOS_TAKEN,LIGHT_CONDITION,WEATHER_CONDITION,ROAD_SURFACE_CONDITION,SCHOOL_BUS_RELATED_CODE,TYPE_OF_IMPACT,FIRST_HARMFUL_EVENT,LOCATION,INTERCHANGE_FLAG,JUNCTION_FLAG,ROAD_CIRCUMSTANCES_1,ROAD_CIRCUMSTANCES_2,ROAD_CIRCUMSTANCES_3,ENVIRONMENT_CIRCUMSTANCES_1,ENVIRONMENT_CIRCUMSTANCES_2,ENVIRONMENT_CIRCUMSTANCES_3,WORK_ZONE_RELATED_FLAG,CRASH_IN_WORK_ZONE,TYPE_OF_WORK_ZONE,WORKERS_PRESENT,LAW_ENFORCEMENT_PRESENT,INVESTIGATOR_RANK,INVESTIGATING_AGENCY_NAME,INVESTIGATING_AGENCY_TYPE,LOAD_DATE,UPDATE_DATE,DAYS_TO_LOAD,CODEABLE,S4_CRASH_TYPE,S4_CRASH_TYPE_SIMPLIFIED,S4_CRASH_SEVERITY,S4_CRASH_SEVERITY_DETAIL,S4_DAY_OR_NIGHT,S4_IS_AGGRESSIVE_DRIVING,S4_IS_ALCOHOL_RELATED,S4_IS_CMV_INVOLVED,S4_IS_DISTRACTED,S4_IS_DRUG_RELATED,S4_IS_HIT_AND_RUN,S4_IS_INTERSECTION_RELATED,S4_IS_LANE_DEPARTURE_RELATED,S4_IS_SPEEDING_RELATED,S4_NONE_INJURY_COUNT,S4_INJURY_COUNT,S4_POSSIBLE_INJURY_COUNT,S4_NON_INCAPACITATING_INJURY_COUNT,S4_INCAPACITATING_INJURY_COUNT,S4_FATALITY_COUNT,S4_FATALITY_WITHIN_30_DAYS_COUNT,S4_NON_TRAFFIC_FATALITY_COUNT,S4_TRAILER_COUNT,S4_MOTORCYCLE_COUNT,S4_MOPED_COUNT,S4_NON_MOTORIST_COUNT,S4_BICYCLIST_COUNT,S4_PEDESTRIAN_COUNT,S4_DRIVER_COUNT,S4_AGING_DRIVER_COUNT,S4_TEENAGER_DRIVER_COUNT,S4_PASSENGER_COUNT,S4_UNRESTRAINED_COUNT,S4_UNRESTRAINED_INJURY_COUNT,S4_UNRESTRAINED_INCAPACITATING_INJURY_COUNT,S4_UNRESTRAINED_FATALITY_COUNT,S4_MOTORCYCLIST_COUNT,S4_MOTORCYCLIST_INCAPACITATING_INJURY_COUNT,S4_MOTORCYCLIST_FATALITY_COUNT,S4_IS_PEDESTRIAN_INVOLVED,S4_PEDESTRIAN_INCAPACITATING_INJURY_COUNT,S4_PEDESTRIAN_FATALITY_COUNT,S4_IS_BICYCLIST_INVOLVED,S4_BICYCLIST_INCAPACITATING_INJURY_COUNT,S4_BICYCLIST_FATALITY_COUNT,S4_CITATION_COUNT,S4_CITATION_AMOUNT,S4_PROPERTY_DAMAGE_COUNT,S4_PROPERTY_DAMAGE_AMOUNT,S4_VEHICLE_DAMAGE_COUNT,S4_VEHICLE_DAMAGE_AMOUNT,S4_TOTAL_DAMAGE_AMOUNT,S4_TRANSPORT_BY_EMS_COUNT,S4_TRANSPORT_BY_LAW_ENFORCEMENT_COUNT,S4_TRANSPORT_BY_OTHER_COUNT,S4_GEOLOCATION_STATUS,S4_PRELIMINARY_GEOLOCATION_STATUS,S4_X,S4_Y,S4_LATITUDE,S4_LONGITUDE
81465854,2016,25-DEC-2016 11:12 AM,25-DEC-2016 12:00 AM,16169282,L,1,2,6,30,Palm Beach,Belle Glade,Urban,12/25/2016 11:12:00 AM,12/25/2016 11:13:00 AM,12/25/2016 11:19:00 AM,12/25/2016 12:15:00 PM,Y,Law Enforcement,626 SW 7TH ST,,,,499,South,SW AVE F,,Local,Paved,Not at Intersection,N,Daylight,Clear,Dry,N,Other,Motor Vehicle in Transport,On Roadway,N,Non-Junction,None,,,None,,,N,,,,,DEPUTY,Palm Beach County Sheriff's Office,Sheriff's Office (SO),1/30/2017 11:27:00 PM,1/30/2017 11:27:00 PM,36,N,Single Vehicle,Other,No Injury,No Injury,DAY,N,N,N,N,N,N,N,N,N,2,0,0,0,0,0,0,0,0,0,0,1,1,0,1,0,0,0,0,0,0,0,,,,N,0,0,Y,0,0,0,0,0,0,1,1,1,0,0,0,Verified,n/a,532153.3511,2950938.5099,26.679139484936,-80.6768362637802
82141002,2016,19-OCT-2016 07:23 PM,19-OCT-2016 10:56 PM,SPD16CAD016595,L,1,2,27,50,Highlands,Sebring,Urban,10/19/2016 7:25:00 PM,10/19/2016 7:25:00 PM,10/19/2016 7:28:00 PM,10/19/2016 9:00:00 PM,Y,Law Enforcement,SEBRING PARKWAY,,27.50117,-81.43932,0,,NORTH RIDGEWOOD DRIVE,,Local,Curb,Four-Way Intersection,Y,Dark - Lighted,Clear,Dry,N,Other,Pedestrian,On Roadway,Y,Intersection,None,,,None,,,N,,,,,OFFICER,Sebring Police Department,Police Department (PD),11/18/2016 3:15:00 PM,11/18/2016 3:15:00 PM,30,Y,Pedestrian,Pedestrian,Injury,Possible Injury,NIGHT,N,N,N,N,N,N,Y,N,N,1,1,1,0,0,0,0,0,0,0,0,1,1,0,1,0,0,0,0,0,0,0,,,,N,0,0,Y,0,0,0,0,0,0,1,5,5,1,0,0,Verified,n/a,456607.1992,3042007.3739,27.5010268195808,-81.4393217570995
82627998,2016,19-APR-2016 09:14 AM,19-APR-2016 12:00 AM,2016005982,L,1,2,6,32,Palm Beach,Boca Raton,Urban,4/19/2016 9:14:00 AM,4/19/2016 9:14:00 AM,4/19/2016 9:45:00 AM,4/19/2016 11:00:00 AM,Y,Law Enforcement,SR808 W GLADES ROAD,,,,0,,NW 2ND AVENUE,,State,Curb,Four-Way Intersection,Y,Daylight,Cloudy,Dry,N,Angle,Pedalcycle,On Roadway,N,Intersection,None,,,None,,,N,,,,,CSO,Boca Raton Police Department,Police Department (PD),5/5/2016 11:28:00 PM,5/5/2016 11:28:00 PM,16,Y,Bicycle,Bicycle,Serious Injury,Incapacitating Injury,DAY,N,N,N,N,N,N,Y,N,N,1,1,0,0,1,0,0,0,0,0,0,1,1,0,1,0,0,0,0,0,0,0,,,,N,0,0,Y,1,0,0,0,1,0,1,75,75,1,0,0,Verified,n/a,590799.9383,2916037.4599,26.3614869716362,-80.0899252041108
86705495,2016,22-OCT-2016 02:57 AM,22-OCT-2016 12:00 AM,PD161022398708,L,1,2,1,0,Miami-Dade,Unincorporated,Rural,10/22/2016 2:57:00 AM,10/22/2016 3:08:00 AM,10/22/2016 3:13:00 AM,10/22/2016 5:13:00 AM,Y,Law Enforcement,SW 280TH STREET,,,,1662,West,SW 220TH AVENUE,,Other,Unpaved,Not at Intersection,,Dark - Not Lighted,Clear,"Mud, Dirt, Gravel",N,Other,Fell/Jumped From Motor Vehicle,Off Roadway,N,Non-Junction,"Rut, Holes, Bumps",,,None,,,N,,,,,OFC.,Miami-Dade Police Department,Police Department (PD),12/9/2016 4:15:00 PM,12/9/2016 4:15:00 PM,48,Y,Single Vehicle,Other,Injury,Possible Injury,NIGHT,N,N,N,N,N,N,N,Y,N,0,2,2,0,0,0,0,0,0,0,0,1,1,0,0,0,0,1,0,0,0,0,,,,N,0,0,Y,0,0,0,0,0,0,1,100,100,2,0,0,Preliminary,Editor Mapped,545463.7473,2821051.559,25.5059633920856,-80.5475938309411
83589686,2016,19-APR-2016 01:45 PM,19-APR-2016 12:00 AM,1604-0251,L,1,2,13,40,Leon,Florida State University,Urban,4/19/2016 1:45:00 PM,4/19/2016 1:50:00 PM,4/19/2016 1:51:00 PM,4/19/2016 2:00:00 PM,Y,Law Enforcement,UNIVERSITY WAY,668,,,0,,UNIVERSITY WAY AND JEFFERSON STREET,,Local,Paved,Y-Intersection,N,Daylight,Clear,Dry,N,Angle,Motor Vehicle in Transport,On Roadway,N,Intersection,None,,,None,,,N,,,,,OFFICER,Florida State University Police Department,Police Department (PD),4/20/2016 3:09:00 PM,4/20/2016 3:09:00 PM,1,Y,Single Vehicle,Other,Injury,Non-Incapacitating Injury,DAY,N,N,N,N,N,N,Y,N,N,1,1,0,1,0,0,0,0,0,0,0,1,1,0,1,0,0,0,0,0,0,0,,,,N,0,0,Y,0,0,0,0,0,0,1,50,50,1,0,0,Verified,n/a,183421.5508,3372114.6861,30.4395985829824,-84.2961219638044
83718899,2016,25-APR-2016 10:36 AM,25-APR-2016 10:58 AM,FHPG16OFF015732,L,1,2,20,0,St. Johns,Unincorporated,Rural,4/25/2016 10:38:00 AM,4/25/2016 10:38:00 AM,4/25/2016 10:38:00 AM,4/25/2016 12:15:00 PM,Y,Law Enforcement,SR-207,,29.8462,-81.36181,249,North,WILDWOOD DRIVE,,State,Curb,T-Intersection,N,Daylight,Clear,Dry,N,Angle,Pedalcycle,On Roadway,Y,Driveway/Alley Access Related,None,,,None,,,N,,,,,TROOPER,Florida Highway Patrol,Florida Highway Patrol (FHP),5/2/2016 2:27:00 PM,5/2/2016 2:27:00 PM,7,Y,Bicycle,Bicycle,Serious Injury,Incapacitating Injury,DAY,N,N,N,N,N,N,N,N,N,1,1,0,0,1,0,0,0,1,0,0,1,1,0,1,0,0,0,0,0,0,0,,,,N,0,0,Y,1,0,1,0,1,2000,1,250,2250,1,0,0,Verified,n/a,465096.4647,3301857.7332,29.8467387137506,-81.3613357002515
84063877,2016,31-MAY-2016 06:00 AM,31-MAY-2016 12:00 AM,E16052284,L,1,1,12,32,Lake,Eustis,Urban,5/31/2016 9:07:00 AM,5/31/2016 9:07:00 AM,5/31/2016 9:10:00 AM,5/31/2016 9:30:00 AM,Y,Law Enforcement,"SANDRIDGE CR EUSTIS, FL",2301,,,,,,,Private Roadway,Paved,Not at Intersection,,Dusk,Clear,Dry,N,"Sideswipe, Same Direction",Motor Vehicle in Transport,In Parking Lane or Zone,N,Driveway/Alley Access Related,None,,,None,,,N,,,,,Off.,Eustis Police Department,Police Department (PD),6/1/2016 3:30:00 PM,6/1/2016 3:30:00 PM,1,Y,Single Vehicle,Other,No Injury,No Injury,NIGHT,N,N,N,N,N,Y,N,Y,N,1,0,0,0,0,0,0,0,0,0,0,1,1,0,0,0,0,0,0,0,0,0,,,,N,0,0,Y,0,0,0,0,0,0,1,300,300,0,0,0,Preliminary,Editor Mapped,435671.4485,3191616.4979,28.8506386981568,-81.6595041598992
84248563,2016,29-AUG-2016 12:10 PM,29-AUG-2016 01:37 PM,571024,L,1,2,2,38,Duval,Jacksonville,Urban,8/29/2016 1:15:00 PM,8/29/2016 1:23:00 PM,8/29/2016 1:30:00 PM,8/29/2016 2:02:00 PM,Y,Law Enforcement,SR 10 / W BEAVER ST,3400,30.327157,-81.728175,51,East,SR 111,,State,Curb,T-Intersection,N,Daylight,Cloudy,Dry,N,Angle,Motor Vehicle in Transport,Off Roadway,Y,Driveway/Alley Access Related,None,,,None,,,N,,,,,OFFICER,Jacksonville Sheriff's Office,Sheriff's Office (SO),8/31/2016 3:30:00 PM,8/31/2016 3:30:00 PM,2,N,Single Vehicle,Other,No Injury,No Injury,DAY,N,N,N,N,N,N,N,N,N,2,0,0,0,0,0,0,0,0,0,0,1,1,0,1,0,0,0,0,0,0,0,,,,N,0,0,Y,0,0,3,0,1,150,1,500,650,0,0,0,Verified,n/a,429764.47,3355312.6801,30.3275960119372,-81.7306260143724
84314734,2016,04-SEP-2016 08:35 PM,04-SEP-2016 08:57 PM,LCPD16OFF026491,L,1,2,29,51,Columbia,Lake City,Urban,9/4/2016 8:36:00 PM,9/4/2016 8:37:00 PM,9/4/2016 8:41:00 PM,9/4/2016 8:58:00 PM,Y,Law Enforcement,NW COMMERCE BLV,,,,512,North,US HWY 90,,County,Paved,Not at Intersection,N,Dark - Lighted,Clear,Dry,N,Other,Pedestrian,On Roadway,N,Non-Junction,None,,,None,,,N,,,,,OFFICER,Lake City Police Department,Police Department (PD),9/5/2016 3:15:00 PM,9/5/2016 3:15:00 PM,1,Y,Pedestrian,Pedestrian,Injury,Possible Injury,NIGHT,N,N,N,N,N,N,N,N,N,1,1,1,0,0,0,0,0,0,0,0,1,1,0,1,0,1,0,0,0,0,0,,,,N,0,0,Y,0,0,1,0,0,0,1,1000,1000,1,0,0,Verified,n/a,337662.3761,3340571.1254,30.1857641829407,-82.6861959720124
84323043,2016,30-MAR-2016 07:03 PM,30-MAR-2016 12:00 AM,2016031249,L,1,1,16,48,Sarasota,North Port,Urban,3/30/2016 7:09:00 PM,3/30/2016 7:10:00 PM,3/30/2016 7:18:00 PM,3/30/2016 8:09:00 PM,N,Law Enforcement,APPOMATTOX DR,6700,,,329,East,,,Local,Unpaved,Not at Intersection,Y,Daylight,Clear,Dry,N,Unknown,Pedalcycle,Off Roadway,N,Non-Junction,None,,,Unknown,,,N,,,,,POLICE OFFICER,North Port Police Department,Police Department (PD),4/6/2016 2:29:00 PM,4/6/2016 2:29:00 PM,7,Y,Bicycle,Bicycle,Injury,Non-Incapacitating Injury,NIGHT,N,N,N,N,N,Y,N,Y,N,0,1,0,1,0,0,0,0,0,0,0,1,1,0,0,0,0,0,0,0,0,0,,,,N,0,0,Y,0,0,0,0,1,100,0,0,100,0,0,0,Verified,n/a,377542.3457,2993788.4411,27.0609678768325,-82.2348734408148
84639275,2016,14-DEC-2016 10:36 AM,15-DEC-2016 12:00 AM,16-2974,L,1,2,32,50,Indian River,Sebastian,Urban,12/14/2016 10:40:00 AM,12/14/2016 10:40:00 AM,12/14/2016 10:46:00 AM,12/14/2016 12:10:00 PM,Y,Law Enforcement,US 1,,,,0,,JEFFERSON ST,,U.S.,Curb,Other,Y,Daylight,Clear,Dry,N,Other,Motor Vehicle in Transport,On Roadway,N,Other,None,,,None,,,N,,,,,OFC,Sebastian Police Department,Police Department (PD),12/17/2016 3:05:00 PM,12/17/2016 3:05:00 PM,3,Y,Single Vehicle,Other,Injury,Non-Incapacitating Injury,DAY,N,N,N,N,N,N,N,N,N,1,1,0,1,0,0,0,0,0,0,0,1,1,0,1,1,0,0,0,0,0,0,,,,N,0,0,Y,0,0,1,0,0,0,1,1000,1000,2,0,0,Verified,n/a,552087.8655,3077358.8848,27.8198517475638,-80.471115879988
84725607,2016,21-FEB-2016 08:37 AM,21-FEB-2016 12:00 AM,16-400328,L,1,3,38,42,Monroe,Key West,Urban,2/21/2016 8:37:00 AM,2/21/2016 8:40:00 AM,2/21/2016 8:45:00 AM,2/21/2016 9:10:00 AM,Y,Law Enforcement,ROOSEVELT BLVD N,3852,,,147,South,,,Parking Lot,Paved,Not at Intersection,N,Daylight,Clear,Dry,N,,Pedalcycle,Off Roadway,N,Driveway/Alley Access Related,None,,,Physical Obstruction(s),,,N,,,,,OFC,Key West Police Department,Police Department (PD),2/23/2016 2:53:00 PM,2/23/2016 2:53:00 PM,2,Y,Bicycle,Bicycle,Injury,Non-Incapacitating Injury,DAY,N,N,N,N,N,N,N,N,N,2,1,0,1,0,0,0,0,0,0,0,1,1,0,1,0,0,1,0,0,0,0,,,,N,0,0,Y,0,0,0,0,0,0,0,0,0,1,0,0,Preliminary,Editor Mapped,423803.6398,2717483.1413,24.5694514120629,-81.7524791378297
84919264,2016,28-DEC-2016 12:19 PM,28-DEC-2016 12:00 AM,16-04709,L,1,2,28,40,Pasco,New Port Richey,Urban,12/28/2016 12:20:00 PM,12/28/2016 12:20:00 PM,12/28/2016 12:21:00 PM,12/28/2016 2:30:00 PM,Y,Law Enforcement,NEBRASKA AVE,,,,0,East,JEFFERSON ST,,Local,Unpaved,Four-Way Intersection,Y,Daylight,Clear,Dry,N,Other,Motor Vehicle in Transport,On Roadway,N,Non-Junction,None,,,None,,,N,,,,,PTL,New Port Richey Police Department,Police Department (PD),1/4/2017 4:34:00 PM,1/4/2017 4:34:00 PM,7,Y,Single Vehicle,Other,Serious Injury,Incapacitating Injury,DAY,N,N,N,N,N,N,N,N,N,1,1,0,0,1,0,0,0,0,0,0,1,1,0,1,0,0,0,0,0,0,0,,,,N,0,0,Y,1,0,0,0,0,0,1,200,200,1,0,0,Verified,n/a,331571.4145,3126060.2076,28.2497195208024,-82.7168530235771
85002947,2016,18-JAN-2016 04:07 PM,03-FEB-2016 12:00 AM,2016000497,L,1,3,15,32,Manatee,Bradenton,Urban,1/18/2016 4:07:00 PM,1/18/2016 4:12:00 PM,1/18/2016 4:19:00 PM,1/18/2016 5:14:00 PM,Y,Law Enforcement,34TH AVE W,6509,,,359,West,,,Local,Curb,Not at Intersection,Y,Daylight,Clear,Dry,N,Angle,Pedestrian,On Roadway,N,Driveway/Alley Access Related,None,,,None,,,N,,,,,MASTER PATROL OFFICER,Bradenton Police Department,Police Department (PD),2/9/2016 3:03:00 PM,2/9/2016 3:03:00 PM,22,Y,Pedestrian,Pedestrian,Injury,Non-Incapacitating Injury,DAY,N,N,N,N,N,N,N,N,N,2,1,0,1,0,0,0,0,0,0,0,1,1,0,1,0,0,1,0,0,0,0,,,,N,0,0,Y,0,0,0,0,0,0,1,200,200,1,0,0,Verified,n/a,339259.6292,3039840.6504,27.4726533458675,-82.6268495446447
85239316,2016,13-FEB-2016 06:38 PM,13-FEB-2016 07:26 PM,FHPF16OFF010079,L,1,4,16,50,Sarasota,Sarasota,Rural,2/13/2016 6:43:00 PM,2/13/2016 6:44:00 PM,2/13/2016 7:17:00 PM,2/13/2016 8:57:00 PM,Y,Law Enforcement,CR 773 (BENEVA RD),,27.3066693451256,-82.4975041486323,0,,2955 CR 773 (BENEVA RD),,County,Curb,Four-Way Intersection,N,Dark - Lighted,Cloudy,Dry,N,Other,Pedalcycle,On Roadway,Y,Intersection,None,,,None,,,N,,,,,TROOPER,Florida Highway Patrol,Florida Highway Patrol (FHP),2/18/2016 2:52:00 PM,2/18/2016 2:52:00 PM,5,Y,Bicycle,Bicycle,Injury,Possible Injury,DAY,N,N,N,N,N,N,Y,N,N,3,1,1,0,0,0,0,0,0,0,0,1,1,0,1,0,0,2,0,0,0,0,,,,N,0,0,Y,0,0,1,0,0,0,1,100,100,0,0,0,Verified,n/a,351817.2201,3021285.4792,27.3066199629209,-82.4975332173557
85257405,2016,14-MAR-2016 03:45 PM,14-MAR-2016 04:14 PM,FHPA16OFF010381,L,1,2,33,0,Santa Rosa,Unincorporated,Rural,3/14/2016 3:51:00 PM,3/14/2016 3:53:00 PM,3/14/2016 4:03:00 PM,3/14/2016 4:36:00 PM,Y,Law Enforcement,LAKES EDGE LANE,,30.43377,-86.91862,300,North,APPLES WAY,,Local,Curb,Not at Intersection,N,Daylight,Clear,Dry,N,Other,Other Non-Fixed Object,On Roadway,Y,Driveway/Alley Access Related,None,,,None,,,N,,,,,TROOPER,Florida Highway Patrol,Florida Highway Patrol (FHP),3/23/2016 2:52:00 PM,3/23/2016 2:52:00 PM,9,Y,Single Vehicle,Other,Injury,Non-Incapacitating Injury,DAY,N,N,N,N,N,N,N,N,N,1,1,0,1,0,0,0,0,0,0,0,1,1,0,1,0,0,0,0,0,0,0,,,,N,0,0,Y,0,0,0,0,1,200,1,50,250,1,0,0,Verified,n/a,-68851.2291000001,3381778.7513,30.4338603248997,-86.9188067029017
85260789,2016,14-JAN-2016 05:00 PM,14-JAN-2016 07:26 PM,FHPC16OFF004634,S,1,2,28,0,Pasco,Unincorporated,Rural,1/14/2016 5:09:00 PM,1/14/2016 6:41:00 PM,1/14/2016 7:08:00 PM,1/14/2016 8:09:00 PM,Y,Law Enforcement,US HIGHWAY 41 (IFO HIMES ELECTRICAL PLOT),,28.1731933201471,-82.4618249945601,151,North,COUNTY LINE ROAD,,U.S.,Paved,Not at Intersection,N,Dusk,Clear,Dry,N,Angle,Pedalcycle,On Roadway,N,Non-Junction,None,,,None,,,N,,,,,TROOPER,Florida Highway Patrol,Florida Highway Patrol (FHP),1/15/2016 3:03:00 PM,,1,N,Bicycle,Bicycle,No Injury,No Injury,DAY,N,N,N,N,N,N,N,N,N,2,0,0,0,0,0,0,0,0,0,0,1,1,0,1,0,0,0,0,0,0,0,0,0,0,N,0,0,Y,0,0,1,0,0,0,1,500,500,0,0,0,Preliminary,Computer mapped approximate by address,356852.4608,3146157.714,28.4340710137696,-82.4617099549743
85261827,2016,15-FEB-2016 05:30 PM,15-FEB-2016 07:48 PM,FHPD16OFF014870,L,1,3,7,46,Orange,Orlando,Rural,2/15/2016 5:42:00 PM,2/15/2016 7:15:00 PM,2/15/2016 7:55:00 PM,2/15/2016 10:20:00 PM,Y,Law Enforcement,OAK RIDGE ROAD,,28.47242,-81.41738,220,West,COUNTY ROAD 423 (JOHN YOUNG PARKWAY),,Local,Curb,Not at Intersection,N,Daylight,Clear,Dry,N,Other,Pedestrian,In Parking Lane or Zone,N,Non-Junction,None,,,None,,,N,,,,,TROOPER,Florida Highway Patrol,Florida Highway Patrol (FHP),2/20/2016 2:23:00 PM,2/20/2016 2:23:00 PM,5,Y,Pedestrian,Pedestrian,Injury,Possible Injury,DAY,N,N,N,Y,N,N,N,N,N,2,1,1,0,0,0,0,0,0,0,0,2,1,1,1,0,0,0,0,0,0,0,,,,Y,0,0,Y,0,0,1,0,1,300,1,200,500,1,0,0,Verified,n/a,459058.2225,3149605.7534,28.4724015329569,-81.4182389328624
85264823,2016,22-MAR-2016 10:07 PM,22-MAR-2016 10:31 PM,FHPC16OFF029882,L,1,2,28,0,Pasco,Unincorporated,Rural,3/22/2016 10:07:00 PM,3/22/2016 10:07:00 PM,3/22/2016 10:07:00 PM,3/22/2016 11:35:00 PM,Y,Law Enforcement,COUNTY ROAD 1 (LITTLE ROAD),,28.2369998123879,-82.6705833054434,1,West,COUNTY ROAD 518 (TROUBLE CREEK ROAD),,County,Curb,Four-Way Intersection,N,Dark - Not Lighted,Clear,Dry,N,Other,Pedestrian,On Roadway,Y,Intersection-Related,None,,,None,,,N,,,,,TROOPER,Florida Highway Patrol,Florida Highway Patrol (FHP),3/27/2016 1:55:00 PM,,5,Y,Pedestrian,Pedestrian,Serious Injury,Incapacitating Injury,NIGHT,N,N,N,N,N,N,Y,N,N,1,1,0,0,1,0,0,0,0,0,0,1,1,0,1,0,0,0,0,0,0,0,,,,N,0,0,Y,1,0,0,0,0,0,1,1000,1000,1,0,0,Verified,n/a,336109.2171,3124578.4791,28.2369227625714,-82.6704055279966
85273826,2016,09-MAR-2016 03:07 PM,23-MAR-2016 12:06 AM,FHPD16OFF022791,L,1,2,7,30,Orange,Apopka,Urban,3/9/2016 3:12:00 PM,3/9/2016 4:02:00 PM,3/9/2016 4:20:00 PM,3/9/2016 5:40:00 PM,Y,Law Enforcement,APOPKA BLVD,,28.6552158813342,-81.4873367007479,432,South,WOODSTOCK DRIVE,,County,Unpaved,Not at Intersection,N,Daylight,Cloudy,Dry,N,Other,Pedalcycle,Shoulder,N,Driveway/Alley Access Related,None,,,None,,,N,,,,,TPR.,Florida Highway Patrol,Florida Highway Patrol (FHP),3/25/2016 2:30:00 PM,3/25/2016 2:30:00 PM,16,Y,Bicycle,Bicycle,Serious Injury,Incapacitating Injury,DAY,N,N,N,N,N,N,N,N,N,1,1,0,0,1,0,0,0,0,0,0,1,1,0,1,0,0,0,0,0,0,0,,,,N,0,0,Y,1,0,0,0,1,100,1,1000,1100,1,0,0,Verified,n/a,452154.0991,3170131.2678,28.6574341900635,-81.4896224952376
85274574,2016,30-APR-2016 05:38 PM,30-APR-2016 06:05 PM,FHPF16OFF029210,L,1,2,34,30,DeSoto,Arcadia,Rural,4/30/2016 5:43:00 PM,4/30/2016 5:45:00 PM,4/30/2016 5:50:00 PM,4/30/2016 6:32:00 PM,Y,Law Enforcement,SW HARLEM CIRCLE,,27.20287,-81.8708,550,East,SW SPRING AVE,,Local,Paved,Not at Intersection,N,Daylight,Clear,Dry,N,"Sideswipe, Opposite Direction",Pedalcycle,On Roadway,N,Non-Junction,None,,,None,,,N,,,,,TPR,Florida Highway Patrol,Florida Highway Patrol (FHP),5/8/2016 3:26:00 PM,5/8/2016 3:26:00 PM,8,Y,Bicycle,Bicycle,Injury,Possible Injury,DAY,N,N,N,N,N,N,N,Y,N,1,1,1,0,0,0,0,0,0,0,0,1,1,0,1,0,1,0,0,0,0,0,,,,N,0,0,Y,0,0,0,0,0,0,1,200,200,0,0,0,Verified,n/a,413836.5208,3009232.133,27.2031208232168,-81.8699995314719
85275388,2016,15-APR-2016 09:38 AM,15-APR-2016 10:06 AM,FHPC16OFF039148,L,1,3,4,38,Pinellas,Dunedin,Urban,4/15/2016 9:41:00 AM,4/15/2016 9:43:00 AM,4/15/2016 9:48:00 AM,4/15/2016 11:22:00 AM,Y,Law Enforcement,CURLEW ROAD (SR 586),,28.0486515909433,-82.7424415480345,149,East,FISHER ROAD,,State,Curb,T-Intersection,N,Daylight,Cloudy,Dry,N,Angle,Pedalcycle,On Roadway,Y,Driveway/Alley Access Related,None,,,None,,,N,,,,,TROOPER,Florida Highway Patrol,Florida Highway Patrol (FHP),4/16/2016 2:12:00 PM,4/16/2016 2:12:00 PM,1,Y,Bicycle,Bicycle,Injury,Non-Incapacitating Injury,DAY,N,N,N,N,N,N,N,N,N,1,2,1,1,0,0,0,0,0,0,0,2,2,0,1,1,0,0,0,0,0,0,,,,N,0,0,Y,0,0,1,0,1,1500,0,0,1500,0,0,0,Verified,n/a,328740.1357,3103825.1861,28.0487296193997,-82.7424508527438
85297582,2016,09-APR-2016 12:34 PM,09-APR-2016 01:57 PM,FHPC16OFF036900,S,1,3,28,0,Pasco,Unincorporated,Rural,4/9/2016 12:34:00 PM,4/9/2016 12:38:00 PM,4/9/2016 1:37:00 PM,4/9/2016 2:58:00 PM,Y,Law Enforcement,37707 STATE ROAD 54,,28.2301314454526,-82.1931987348944,,,STUDIO DRIVE,,Private Roadway,Unpaved,T-Intersection,N,Daylight,Clear,Dry,N,Angle,Pedalcycle,On Roadway,Y,Intersection,None,,,None,,,N,,,,,TROOPER,Florida Highway Patrol,Florida Highway Patrol (FHP),4/16/2016 2:12:00 PM,,7,N,Bicycle,Bicycle,No Injury,No Injury,DAY,N,N,N,Y,N,N,Y,N,N,3,0,0,0,0,0,0,0,0,0,0,2,2,0,1,1,0,0,0,0,0,0,0,0,0,N,0,0,Y,0,0,1,0,1,550,1,300,850,0,0,0,Preliminary,Computer plot approximate by lat/long,382927.4868,3123271.7309,28.2301262269903,-82.1931953959091
85306174,2016,01-JUN-2016 06:38 PM,01-JUN-2016 07:16 PM,FHPD16OFF052478,L,1,3,8,56,Volusia,Port Orange,Urban,6/1/2016 6:38:00 PM,6/1/2016 6:42:00 PM,6/1/2016 7:00:00 PM,6/1/2016 7:33:00 PM,Y,Law Enforcement,COUNTY ROAD 483(CYLDE MORRIS BLVD),,29.1418649998433,-81.0356216665807,498,South,MADELINE AVE,,County,Curb,Not at Intersection,N,Daylight,Cloudy,Dry,N,Other,Pedalcycle,Shoulder,N,Non-Junction,None,,,None,,,N,,,,,TROOPER,Florida Highway Patrol,Florida Highway Patrol (FHP),6/4/2016 2:55:00 PM,6/4/2016 2:55:00 PM,3,Y,Bicycle,Bicycle,Injury,Possible Injury,DAY,N,N,N,N,N,N,N,N,N,2,1,1,0,0,0,0,0,0,0,0,2,2,0,1,0,0,0,0,0,0,0,,,,N,0,0,Y,0,0,0,0,1,500,1,250,750,1,0,0,Verified,n/a,496568.0406,3223674.1969,29.1415985020464,-81.0352839410962
85311667,2016,29-APR-2016 02:17 PM,29-APR-2016 04:13 PM,FHPD16OFF040761,L,1,3,7,46,Orange,Orlando,Urban,4/29/2016 2:22:00 PM,4/29/2016 3:54:00 PM,4/29/2016 4:04:00 PM,4/29/2016 4:33:00 PM,Y,Law Enforcement,STATE ROAD 423 (JOHN YOUNG PARKWAY),,28.5458282898109,-81.4141566494586,0,,OLD WINTER GARDEN ROAD,,State,Curb,Four-Way Intersection,N,Daylight,Clear,Dry,N,Other,Pedalcycle,On Roadway,N,Intersection,None,,,None,,,N,,,,,TROOPER,Florida Highway Patrol,Florida Highway Patrol (FHP),4/30/2016 3:09:00 PM,4/30/2016 3:09:00 PM,1,Y,Bicycle,Bicycle,Injury,Non-Incapacitating Injury,DAY,N,N,N,Y,N,N,Y,N,N,1,2,0,2,0,0,0,0,0,0,0,2,2,0,1,0,0,0,0,0,0,0,,,,N,0,0,Y,0,0,1,0,1,100,1,1000,1100,2,0,0,Verified,n/a,459520.4109,3157732.9212,28.5457749450328,-81.4138037607641
85339936,2016,06-SEP-2016 07:00 PM,06-SEP-2016 07:51 PM,FHPC16OFF095583,L,1,2,4,46,Pinellas,Largo,Rural,9/6/2016 7:14:00 PM,9/6/2016 7:17:00 PM,9/6/2016 7:38:00 PM,9/6/2016 9:20:00 PM,Y,Law Enforcement,RIDGE RD,,27.872856175527,-82.797308396548,0,South,110TH AVE N,,County,Unpaved,Four-Way Intersection,N,Daylight,Clear,Dry,N,Angle,Pedalcycle,On Roadway,N,Intersection-Related,None,,,None,,,N,,,,,TROOPER,Florida Highway Patrol,Florida Highway Patrol (FHP),9/10/2016 2:40:00 PM,9/10/2016 2:40:00 PM,4,Y,Bicycle,Bicycle,Serious Injury,Incapacitating Injury,NIGHT,N,N,N,N,N,N,Y,N,N,1,1,0,0,1,0,0,0,0,0,0,1,1,0,1,0,0,0,0,0,0,0,,,,N,0,0,Y,1,0,1,0,1,500,1,1200,1700,1,0,0,Verified,n/a,323057.2507,3084415.1737,27.8728497030226,-82.7973430034721
85348337,2016,08-JUL-2016 10:15 AM,08-JUL-2016 10:56 AM,TRCC16OFF000511,L,1,2,33,0,Santa Rosa,Unincorporated,Rural,7/8/2016 10:15:00 AM,7/8/2016 10:18:00 AM,7/8/2016 10:50:00 AM,7/8/2016 11:30:00 AM,Y,Law Enforcement,US HIGHWAY 98,,30.37573,-87.11661,0,,GONDOLIER BLVD,,U.S.,Paved,T-Intersection,N,Daylight,Clear,Dry,N,Front to Front,Pedalcycle,On Roadway,N,Non-Junction,None,,,None,,,N,,,,,TROOPER,Florida Highway Patrol,Florida Highway Patrol (FHP),7/29/2016 3:09:00 PM,7/29/2016 3:09:00 PM,21,Y,Bicycle,Bicycle,Injury,Non-Incapacitating Injury,DAY,N,N,N,N,N,N,N,Y,N,1,1,0,1,0,0,0,0,0,0,0,1,1,0,1,0,0,0,0,0,0,0,,,,N,0,0,Y,0,0,0,0,1,500,1,100,600,1,0,0,Verified,n/a,-88261.7929999996,3376319.6476,30.3755755607957,-87.1167532845953
85356288,2016,03-OCT-2016 04:45 PM,03-OCT-2016 05:45 PM,FHPC16OFF105640,L,1,4,4,0,Pinellas,Unincorporated,Rural,10/3/2016 4:50:00 PM,10/3/2016 5:04:00 PM,10/3/2016 5:04:00 PM,10/3/2016 6:20:00 PM,Y,Law Enforcement,54TH AVE N,,27.8209519106895,-82.7274151425809,28,West,65TH WAY N,,Local,Curb,Not at Intersection,N,Daylight,Rain,Wet,N,Other,Pedalcycle,On Roadway,N,Non-Junction,None,,,None,,,N,,,,,TROOPER,Florida Highway Patrol,Florida Highway Patrol (FHP),10/9/2016 2:53:00 PM,10/9/2016 2:53:00 PM,6,Y,Bicycle,Bicycle,Serious Injury,Incapacitating Injury,DAY,N,N,N,N,N,N,N,N,N,1,3,1,0,2,0,0,0,0,0,0,2,2,0,1,0,0,1,0,0,0,0,,,,N,0,0,Y,2,0,0,0,1,100,1,400,500,3,0,0,Verified,n/a,329861.1411,3078568.8785,27.8209797339621,-82.7274205243023
85369727,2016,16-AUG-2016 09:00 PM,16-AUG-2016 10:11 PM,FHPA16OFF036220,L,1,3,43,0,Okaloosa,Unincorporated,Rural,8/16/2016 9:06:00 PM,8/16/2016 9:08:00 PM,8/16/2016 10:04:00 PM,8/17/2016 1:14:00 AM,Y,Law Enforcement,BAKER STREET NW,,30.42522,-86.65204,0,,SHIRLEY DRIVE,,Local,Unpaved,Four-Way Intersection,N,Dark - Lighted,Clear,Dry,N,Front to Rear,Pedalcycle,On Roadway,Y,Intersection,None,,,None,,,N,,,,,TROOPER,Florida Highway Patrol,Florida Highway Patrol (FHP),8/25/2016 3:09:00 PM,8/25/2016 3:09:00 PM,9,Y,Bicycle,Bicycle,Injury,Non-Incapacitating Injury,NIGHT,N,N,N,N,N,N,Y,N,N,1,2,0,2,0,0,0,0,0,0,0,2,2,0,1,0,0,0,0,0,0,0,,,,N,0,0,Y,0,0,0,0,0,0,1,100,100,2,0,0,Verified,n/a,-43384.3130999999,3379515.7766,30.4252787214484,-86.653761039105
85378712,2016,23-DEC-2016 02:42 PM,23-DEC-2016 03:39 PM,FHPD16OFF124860,L,1,2,12,0,Lake,Unincorporated,Rural,12/23/2016 2:47:00 PM,12/23/2016 2:51:00 PM,12/23/2016 3:30:00 PM,12/23/2016 4:33:00 PM,Y,Law Enforcement,CR-42,,29.0038859657943,-81.4198914729059,348,East,10TH ST,,County,Paved,Not at Intersection,N,Daylight,Clear,Dry,N,Other,Pedestrian,On Roadway,N,Non-Junction,None,,,None,,,N,,,,,TROOPER,Florida Highway Patrol,Florida Highway Patrol (FHP),12/28/2016 4:23:00 PM,12/28/2016 4:23:00 PM,5,Y,Pedestrian,Pedestrian,Serious Injury,Incapacitating Injury,DAY,N,N,N,N,N,N,N,N,N,1,1,0,0,1,0,0,0,0,0,0,1,1,0,1,0,0,0,0,0,0,0,,,,N,0,0,Y,1,0,0,0,0,0,1,450,450,1,0,0,Verified,n/a,459104.6613,3208485.1459,29.0038529357316,-81.4198838635654
85383033,2016,29-SEP-2016 05:40 AM,29-SEP-2016 06:49 AM,FHPD16OFF094697,L,1,2,26,40,Osceola,Kissimmee,Rural,9/29/2016 5:42:00 AM,9/29/2016 5:45:00 AM,9/29/2016 6:39:00 AM,9/29/2016 7:17:00 AM,Y,Law Enforcement,BUENAVENTURA BLVD,,28.3343310747296,-81.3557423371822,15,South,WAGAN CIR,,State,Unpaved,Not at Intersection,N,Dark - Lighted,Clear,Dry,N,Other,Pedalcycle,On Roadway,N,Non-Junction,None,,,None,,,N,,,,,TROOPER,Florida Highway Patrol,Florida Highway Patrol (FHP),10/6/2016 2:59:00 PM,10/6/2016 2:59:00 PM,7,Y,Bicycle,Bicycle,Injury,Non-Incapacitating Injury,NIGHT,N,N,N,N,N,N,N,N,N,1,1,0,1,0,0,0,0,0,0,0,1,1,0,1,0,0,0,0,0,0,0,,,,N,0,0,Y,0,0,1,0,1,75,1,600,675,1,0,0,Verified,n/a,465101.9548,3134327.1365,28.3346635648382,-81.3560391653598
85406679,2016,17-NOV-2016 06:05 PM,17-NOV-2016 07:13 PM,FHPC16OFF122126,L,1,3,28,0,Pasco,Unincorporated,Rural,11/17/2016 6:11:00 PM,11/17/2016 6:12:00 PM,11/17/2016 6:56:00 PM,11/17/2016 7:39:00 PM,Y,Law Enforcement,US HIGHWAY 19 (STATE ROAD 55),,28.3705037645996,-82.6873150281608,0,,NEW JERSEY AVENUE,,U.S.,Unpaved,T-Intersection,N,Dusk,Clear,Dry,N,Angle,Motor Vehicle in Transport,On Roadway,N,Intersection,None,,,None,,,N,,,,,TROOPER,Florida Highway Patrol,Florida Highway Patrol (FHP),11/22/2016 3:39:00 PM,11/22/2016 3:39:00 PM,5,Y,Single Vehicle,Other,Injury,Possible Injury,DAY,N,N,N,N,N,N,Y,N,N,2,1,1,0,0,0,0,0,0,0,0,1,1,0,1,0,0,1,0,0,0,0,,,,N,0,0,Y,0,0,1,0,1,100,0,0,100,0,0,0,Verified,n/a,334670.7312,3139411.1654,28.3705778212581,-82.6871722783089
85412813,2016,30-OCT-2016 05:55 PM,30-OCT-2016 06:32 PM,FHPD16OFF106200,L,1,3,7,46,Orange,Orlando,Rural,10/30/2016 6:02:00 PM,10/30/2016 6:04:00 PM,10/30/2016 6:11:00 PM,10/30/2016 7:20:00 PM,Y,Law Enforcement,INDIATLANTIC DRIVE,,28.5719,-81.44361,300,West,ASHLAND BOULEVARD,,Local,Unpaved,Not at Intersection,N,Daylight,Clear,Dry,N,Angle,Pedalcycle,On Roadway,N,Non-Junction,None,,,None,,,N,,,,,TROOPER,Florida Highway Patrol,Florida Highway Patrol (FHP),11/8/2016 3:42:00 PM,11/8/2016 3:42:00 PM,9,Y,Bicycle,Bicycle,Injury,Possible Injury,DAY,N,N,N,N,N,N,N,N,N,2,1,1,0,0,0,0,0,0,0,0,1,1,0,1,0,0,1,0,0,0,0,,,,N,0,0,Y,0,0,2,0,0,0,1,1200,1200,1,0,0,Verified,n/a,456524.4963,3160635.0681,28.571873769776,-81.4445388913354
85436254,2016,17-DEC-2016 03:02 PM,21-JAN-2017 02:52 PM,FHPD16OFF122810,L,1,1,7,46,Orange,Orlando,Urban,12/17/2016 3:07:00 PM,12/17/2016 3:49:00 PM,12/17/2016 4:06:00 PM,12/17/2016 4:36:00 PM,Y,Law Enforcement,SR 424 (EDGEWATER DRIVE),,28.6048134136945,-81.4085465669632,106,West,SR 423 (LEE ROAD),,State,Curb,T-Intersection,N,Daylight,Cloudy,Dry,N,Angle,Pedalcycle,Shoulder,N,Driveway/Alley Access Related,None,,,None,,,N,,,,,TROOPER,Florida Highway Patrol,Florida Highway Patrol (FHP),1/25/2017 5:13:00 PM,1/25/2017 5:13:00 PM,39,Y,Bicycle,Bicycle,No Injury,No Injury,DAY,N,N,N,N,N,Y,N,N,N,1,0,0,0,0,0,0,0,0,0,0,1,1,0,0,0,0,0,0,0,0,0,,,,N,0,0,Y,0,0,0,0,1,100,0,0,100,0,0,0,Verified,n/a,460170.1387,3164174.1633,28.603935661262,-81.40738597069
85442822,2016,27-DEC-2016 11:34 PM,28-DEC-2016 12:46 AM,FHPD16OFF126274,L,1,4,7,46,Orange,Orlando,Rural,12/27/2016 11:37:00 PM,12/28/2016 12:09:00 AM,12/28/2016 12:23:00 AM,12/28/2016 1:45:00 AM,Y,Law Enforcement,INTERNATIONAL DRIVE,,28.4419509395957,-81.4700182713568,4,East,VIA MERCADO,,Local,Curb,Four-Way Intersection,N,Dark - Lighted,Clear,Dry,N,Angle,Pedalcycle,On Roadway,N,Intersection-Related,None,,,None,,,N,,,,,TROOPER,Florida Highway Patrol,Florida Highway Patrol (FHP),1/2/2017 2:05:00 PM,1/2/2017 2:05:00 PM,6,Y,Bicycle,Bicycle,Injury,Non-Incapacitating Injury,NIGHT,N,N,N,N,N,N,Y,N,N,1,3,1,2,0,0,0,0,0,0,0,3,3,0,1,0,0,0,0,0,0,0,,,,N,0,0,Y,0,0,1,0,1,350,1,500,850,0,0,0,Verified,n/a,453953.3742,3146250.9778,28.4419496721795,-81.4702518981846
85449192,2016,29-DEC-2016 03:08 PM,29-DEC-2016 04:17 PM,FHPD16OFF126786,S,1,2,7,0,Orange,Unincorporated,Rural,12/29/2016 3:13:00 PM,12/29/2016 3:40:00 PM,12/29/2016 3:59:00 PM,12/29/2016 4:40:00 PM,Y,Law Enforcement,ROUSE ROAD,,28.59769,-81.22466,,,UNIVERSITY BOULEVARD,,Local,Curb,Not at Intersection,N,Daylight,Clear,Dry,N,Other,Pedalcycle,Off Roadway,N,Non-Junction,None,,,None,,,N,,,,,TROOPER,Florida Highway Patrol,Florida Highway Patrol (FHP),1/1/2017 2:19:00 PM,,3,N,Bicycle,Bicycle,No Injury,No Injury,DAY,N,N,N,N,N,N,N,N,N,2,0,0,0,0,0,0,0,0,0,0,1,1,0,1,0,0,0,0,0,0,0,,,,N,0,0,Y,0,0,0,0,0,0,0,0,0,0,0,0,Preliminary,Computer plot approximate by lat/long,478034.2081,3163434.4655,28.5976846380515,-81.2246569342618
85710190,2016,03-FEB-2016 09:09 PM,03-FEB-2016 12:00 AM,2016-10368,L,1,2,1,68,Miami-Dade,Miami Beach,Urban,2/3/2016 9:09:00 PM,2/3/2016 9:21:00 PM,2/3/2016 9:30:00 PM,2/3/2016 10:00:00 PM,Y,Law Enforcement,JAMES AVE,,,,0,,17TH ST,,Local,Curb,Four-Way Intersection,,Dark - Lighted,Clear,Dry,N,"Sideswipe, Opposite Direction",Motor Vehicle in Transport,On Roadway,N,Intersection,None,,,None,,,N,,,,,Off.,Miami Beach Police Department,Police Department (PD),2/16/2016 4:35:00 PM,2/16/2016 4:35:00 PM,13,Y,Single Vehicle,Other,Injury,Possible Injury,NIGHT,N,N,Y,N,N,N,Y,N,N,1,1,1,0,0,0,0,0,0,0,0,1,1,0,1,0,0,0,0,0,0,0,,,,N,0,0,Y,0,0,1,0,0,0,0,0,0,0,0,0,Verified,n/a,587146.6526,2852967.6226,25.7922753258904,-80.1307537271671
85710334,2016,05-FEB-2016 02:35 PM,05-FEB-2016 12:00 AM,2016-10904,L,1,3,1,68,Miami-Dade,Miami Beach,Urban,2/5/2016 2:37:00 PM,2/5/2016 3:05:00 PM,2/5/2016 3:09:00 PM,2/5/2016 3:42:00 PM,Y,Law Enforcement,17TH ST,,,,51,North,COLLINS AVE (SR A1A),,Local,Curb,Not at Intersection,,Daylight,Clear,Dry,N,Other,Motor Vehicle in Transport,On Roadway,N,Non-Junction,None,,,None,,,N,,,,,Off.,Miami Beach Police Department,Police Department (PD),2/17/2016 3:09:00 PM,2/17/2016 3:09:00 PM,12,Y,Single Vehicle,Other,No Injury,No Injury,DAY,N,N,N,N,N,N,N,N,N,3,0,0,0,0,0,0,0,0,0,0,1,1,0,1,0,0,1,1,0,0,0,,,,N,0,0,Y,0,0,1,0,2,100,0,0,100,0,0,0,Verified,n/a,587250.6975,2852988.6586,25.7924590559849,-80.1297146374406
85712446,2016,04-APR-2016 02:11 PM,04-APR-2016 12:00 AM,2016-30441,L,1,3,1,68,Miami-Dade,Miami Beach,Urban,4/4/2016 2:13:00 PM,4/4/2016 2:15:00 PM,4/4/2016 2:17:00 PM,4/4/2016 2:41:00 PM,Y,Law Enforcement,COLLINS AVE (SR A1A),,,,98,North,17TH ST,,State,Curb,Not at Intersection,,Daylight,Cloudy,Dry,N,Angle,Motor Vehicle in Transport,On Roadway,N,Non-Junction,None,None,,None,None,,N,,,,,PSS,Miami Beach Police Department,Police Department (PD),4/15/2016 1:56:00 PM,4/15/2016 1:56:00 PM,11,Y,Single Vehicle,Other,Injury,Non-Incapacitating Injury,DAY,N,N,N,N,N,N,N,N,N,2,1,0,1,0,0,0,0,0,0,0,1,1,0,1,0,0,1,0,0,0,0,,,,N,0,0,Y,0,0,1,0,2,200,1,2000,2200,0,0,0,Verified,n/a,587252.4864,2853003.0451,25.792588845982,-80.1296958472253
85829098,2016,31-JAN-2016 03:25 PM,31-JAN-2016 12:00 AM,16-01576,L,1,2,6,42,Palm Beach,Greenacres,Urban,1/31/2016 3:26:00 PM,1/31/2016 3:26:00 PM,1/31/2016 3:28:00 PM,1/31/2016 4:45:00 PM,Y,Law Enforcement,LAKE WORTH RD,,,,0,,DAHL DR,,State,Curb,T-Intersection,N,Daylight,Clear,Dry,N,,Pedalcycle,On Roadway,N,Intersection,None,,,None,,,N,,,,,OFC,Greenacres Public Safety,Police Department (PD),2/1/2016 1:16:00 PM,2/1/2016 1:16:00 PM,1,Y,Bicycle,Bicycle,Injury,Possible Injury,DAY,N,N,N,N,N,N,Y,N,N,1,1,1,0,0,0,0,0,0,0,0,1,1,0,1,0,0,0,0,0,0,0,,,,N,0,0,Y,0,0,0,0,0,0,1,750,750,0,0,0,Verified,n/a,587617.7267,2944498.2161,26.6186348179868,-80.1198624884031
85987122,2016,21-JAN-2016 05:11 PM,21-JAN-2016 12:00 AM,PD160121027733,L,1,2,1,0,Miami-Dade,Unincorporated,Rural,1/21/2016 5:11:00 PM,1/21/2016 5:13:00 PM,1/21/2016 5:20:00 PM,1/21/2016 6:20:00 PM,Y,Law Enforcement,NW 100TH TER,,,,0,West,NW 13TH AVE,,County,Paved,Four-Way Intersection,,Daylight,Clear,Dry,N,Angle,Pedalcycle,On Roadway,N,Non-Junction,None,None,None,None,None,None,N,,,,,OFC.,Miami-Dade Police Department,Police Department (PD),2/16/2016 4:35:00 PM,2/16/2016 4:35:00 PM,26,Y,Bicycle,Bicycle,Injury,Possible Injury,DAY,N,N,N,N,N,N,N,N,N,1,1,1,0,0,0,0,0,0,0,0,1,1,0,1,0,0,0,0,0,0,0,,,,N,0,0,Y,0,0,0,0,0,0,0,0,0,0,0,0,Verified,n/a,578152.5944,2861140.7201,25.8665805794405,-80.2199746189877
85990032,2016,02-FEB-2016 05:42 PM,02-FEB-2016 12:00 AM,PD151224481884,L,2,2,1,0,Miami-Dade,Unincorporated,Rural,2/2/2016 5:43:00 PM,2/2/2016 5:44:00 PM,2/2/2016 5:46:00 PM,2/2/2016 8:44:00 PM,Y,Law Enforcement,NW 90TH ST,,,,0,,NW 20TH AVE,,County,Paved,Four-Way Intersection,,Dark - Lighted,Clear,Dry,N,Front to Rear,Motor Vehicle in Transport,On Roadway,N,Non-Junction,None,,,None,,,N,,,,,PSA.,Miami-Dade Police Department,Police Department (PD),2/8/2016 2:25:00 PM,2/8/2016 2:25:00 PM,6,Y,Rear End,Rear End,Serious Injury,Incapacitating Injury,DAY,N,N,N,N,N,N,N,N,N,1,1,0,0,1,0,0,0,0,0,1,1,1,0,1,0,0,0,0,0,0,0,,,,N,0,0,Y,1,0,0,0,0,0,1,500,500,1,0,0,Preliminary,Editor Mapped,577085.2035,2860036.1131,25.8566637001271,-80.2306918334566
86016476,2016,05-FEB-2016 10:38 PM,05-FEB-2016 12:00 AM,341602019078,L,1,1,10,38,Broward,Fort Lauderdale,Urban,2/5/2016 10:39:00 PM,2/5/2016 10:43:00 PM,2/5/2016 10:47:00 PM,2/5/2016 10:55:00 PM,Y,Law Enforcement,EAST LAS OLAS BLVD,,,,85,West,SE 23RD AVE,,Local,Curb,Not at Intersection,N,Dark - Not Lighted,Clear,Dry,N,"Sideswipe, Same Direction",Pedalcycle,On Roadway,N,Non-Junction,Work Zone,,,None,,,Y,Advance Warning Area,Lane Shift/Crossover,N,N,OFFICER,Fort Lauderdale Police Department,Police Department (PD),2/9/2016 3:03:00 PM,2/9/2016 3:03:00 PM,4,Y,Bicycle,Bicycle,Injury,Non-Incapacitating Injury,NIGHT,N,N,N,N,N,Y,N,Y,N,0,1,0,1,0,0,0,0,0,0,0,1,1,0,0,0,0,0,0,0,0,0,,,,N,0,0,Y,0,0,0,0,0,0,0,0,0,0,0,0,Verified,n/a,588405.3195,2889292.4168,26.1201704530183,-80.1157529326608
86017033,2016,24-FEB-2016 09:25 AM,24-FEB-2016 12:00 AM,341602028802,L,1,2,10,38,Broward,Fort Lauderdale,Urban,2/24/2016 9:25:00 AM,2/24/2016 9:26:00 AM,2/24/2016 9:28:00 AM,2/24/2016 9:46:00 AM,Y,Law Enforcement,NW 6TH ST,,,,40,West,NW 19TH AVE,,Local,Paved,Not at Intersection,N,Daylight,Clear,Dry,N,Other,Pedestrian,Off Roadway,N,Driveway/Alley Access Related,None,,,None,,,N,,,,,PUBLIC SERVICE AIDE,Fort Lauderdale Police Department,Police Department (PD),2/26/2016 2:30:00 PM,2/26/2016 2:30:00 PM,2,Y,Pedestrian,Pedestrian,Injury,Possible Injury,DAY,N,N,N,N,N,N,N,N,N,1,1,1,0,0,0,0,0,0,0,0,1,1,0,1,0,0,0,0,0,0,0,,,,N,0,0,Y,0,0,1,0,0,0,1,200,200,0,0,0,Verified,n/a,583286.4801,2890255.0818,26.1291670614986,-80.1668864476207
86123641,2016,18-FEB-2016 12:00 AM,28-FEB-2016 06:27 AM,PPD16OFF001611,L,1,1,9,50,Escambia,Pensacola,Urban,2/18/2016 4:19:00 PM,2/18/2016 4:20:00 PM,2/18/2016 4:27:00 PM,2/18/2016 5:04:00 PM,Y,Law Enforcement,PENSACOLA VILLAGE APTS,,30.4876483980365,-87.1971117142921,133,West,PARKING LOT,,Local,Paved,Not at Intersection,N,Daylight,Clear,Dry,N,Front to Rear,Motor Vehicle in Transport,In Parking Lane or Zone,N,Non-Junction,None,,,None,,,N,,,,,POLICE OFF,Pensacola Police Department,Police Department (PD),2/29/2016 2:03:00 PM,2/29/2016 2:03:00 PM,11,Y,Single Vehicle,Other,Injury,Possible Injury,NIGHT,N,N,N,N,N,Y,N,N,N,0,1,1,0,0,0,0,0,0,0,0,1,1,0,0,0,0,0,0,0,0,0,,,,N,0,0,Y,0,0,0,0,0,0,0,0,0,1,0,0,Verified,n/a,-97634.5389,3385531.3559,30.453618734653,-87.218991118341
86150631,2016,09-MAR-2016 04:39 PM,09-MAR-2016 12:00 AM,2016-140211,L,1,2,3,50,Hillsborough,Tampa,Urban,3/9/2016 4:39:00 PM,3/9/2016 4:40:00 PM,3/9/2016 4:41:00 PM,3/9/2016 8:16:00 PM,Y,Law Enforcement,36TH ST N,,,,1,South,DELEUIL AVE E,,Local,Unpaved,Four-Way Intersection,Y,Daylight,Clear,Dry,N,Other,Motor Vehicle in Transport,On Roadway,N,Non-Junction,None,,,None,,,N,,,,,OFC,Tampa Police Department,Police Department (PD),3/12/2016 2:28:00 PM,3/12/2016 2:28:00 PM,3,Y,Single Vehicle,Other,Serious Injury,Incapacitating Injury,DAY,N,N,N,N,N,N,N,N,N,1,1,0,0,1,0,0,0,0,0,0,1,1,0,1,0,0,0,0,0,0,0,,,,N,0,0,Y,1,0,0,0,0,0,1,3000,3000,1,0,0,Verified,n/a,360339.9586,3097824.2197,27.9982768137637,-82.4203232177177
86156991,2016,05-NOV-2016 07:06 PM,05-NOV-2016 12:00 AM,2016-597572,L,1,5,3,50,Hillsborough,Tampa,Urban,11/5/2016 7:06:00 PM,11/5/2016 7:07:00 PM,11/5/2016 7:15:00 PM,11/5/2016 8:00:00 PM,Y,Law Enforcement,51ST ST N,,,,99,South,FOWLER AVE E,,Local,Unpaved,Not at Intersection,N,Dark - Lighted,Clear,Dry,N,Angle,Motor Vehicle in Transport,On Roadway,N,Non-Junction,None,,,None,,,N,,,,,OFFICER,Tampa Police Department,Police Department (PD),11/7/2016 2:22:00 PM,11/7/2016 2:22:00 PM,2,Y,Single Vehicle,Other,Injury,Non-Incapacitating Injury,NIGHT,N,N,N,N,N,N,N,N,N,4,1,0,1,0,0,0,0,0,0,0,2,2,0,1,0,1,2,0,0,0,0,,,,N,0,0,Y,0,0,1,0,0,0,1,600,600,0,0,0,Verified,n/a,362446.5769,3103981.9015,28.0540667996373,-82.3996232213247
86174153,2016,20-MAR-2016 07:34 PM,20-MAR-2016 08:00 PM,181107,L,1,1,2,38,Duval,Jacksonville,Urban,3/20/2016 7:34:00 PM,3/20/2016 7:34:00 PM,3/20/2016 7:41:00 PM,3/20/2016 8:00:00 PM,N,Law Enforcement,DEBUTANTE DR,,30.317,-81.5311,0,,AGAVE RD,,Local,Unpaved,Four-Way Intersection,N,Dark - Lighted,Clear,Dry,N,Other,Pedalcycle,On Roadway,N,Intersection,None,,,None,,,N,,,,,OFFICER,Jacksonville Sheriff's Office,Sheriff's Office (SO),3/21/2016 2:35:00 PM,3/21/2016 2:35:00 PM,1,Y,Bicycle,Bicycle,Injury,Non-Incapacitating Injury,NIGHT,N,N,N,N,N,Y,Y,N,N,0,1,0,1,0,0,0,0,0,0,0,1,1,0,0,0,0,0,0,0,0,0,,,,N,0,0,Y,0,0,0,0,1,150,0,0,150,1,0,0,Verified,n/a,448551.373,3354257.3316,30.3190184277948,-81.535151701652
86207813,2016,17-APR-2016 03:30 PM,17-APR-2016 04:46 PM,16-261267,L,1,2,3,0,Hillsborough,Unincorporated,Rural,4/17/2016 3:35:00 PM,4/17/2016 3:38:00 PM,4/17/2016 4:18:00 PM,4/17/2016 5:30:00 PM,Y,Law Enforcement,SPY TOWER CT,,,,0,,MULRENNAN RD,,County,Curb,T-Intersection,N,Daylight,Clear,Dry,N,Angle,Pedalcycle,On Roadway,N,Intersection,None,,,None,,,N,,,,,DEP,Hillsborough County Sheriff's Office,Sheriff's Office (SO),4/19/2016 3:17:00 PM,4/19/2016 3:17:00 PM,2,Y,Bicycle,Bicycle,Injury,Possible Injury,DAY,N,N,N,N,N,N,Y,N,N,1,1,1,0,0,0,0,0,0,0,0,1,1,0,1,0,0,0,0,0,0,0,,,,N,0,0,Y,0,0,0,0,0,0,0,0,0,0,0,1,Verified,n/a,379192.5057,3091156.936,27.93994964288,-82.2279526646068
86216218,2016,08-FEB-2016 03:34 PM,08-FEB-2016 12:00 AM,0016004302,L,1,2,13,50,Leon,Tallahassee,Urban,2/8/2016 3:34:00 PM,2/8/2016 3:34:00 PM,2/8/2016 3:38:00 PM,2/8/2016 4:10:00 PM,Y,Law Enforcement,CALL ST W,,,,0,South,CHAPEL DR,,Local,Curb,Four-Way Intersection,N,Daylight,Clear,Dry,N,Other,Motor Vehicle in Transport,On Roadway,Y,Non-Junction,None,,,None,,,N,,,,,OFFICER,Tallahassee Police Department,Police Department (PD),2/10/2016 2:53:00 PM,2/10/2016 2:53:00 PM,2,Y,Single Vehicle,Other,Serious Injury,Incapacitating Injury,DAY,N,N,N,N,N,N,N,N,N,1,1,0,0,1,0,0,0,0,0,0,1,1,0,1,0,0,0,0,0,0,0,,,,N,0,0,Y,1,0,0,0,0,0,1,0,0,1,0,0,Verified,n/a,182087.1459,3373086.116,30.4479985813172,-84.3102919591664
86264535,2016,11-MAR-2016 05:35 PM,11-MAR-2016 12:00 AM,041603000748,L,1,5,10,50,Broward,Lauderdale Lakes,Urban,3/11/2016 5:40:00 PM,3/11/2016 5:41:00 PM,3/11/2016 5:43:00 PM,3/11/2016 7:10:00 PM,Y,Law Enforcement,NW 30TH TER,4000,,,600,South,,,Local,Paved,Not at Intersection,Y,Daylight,Clear,Dry,N,Other,Pedestrian,On Roadway,N,Non-Junction,None,,,None,,,N,,,,,,Broward County Sheriff's Office,Sheriff's Office (SO),3/13/2016 1:53:00 PM,3/13/2016 1:53:00 PM,2,Y,Pedestrian,Pedestrian,Serious Injury,Incapacitating Injury,DAY,N,N,N,N,N,N,N,N,N,4,1,0,0,1,0,0,0,0,0,0,1,1,0,1,0,1,3,0,0,0,0,,,,N,0,0,Y,1,0,0,0,0,0,1,100,100,1,0,0,Verified,n/a,581283.7468,2895441.7066,26.1761102403272,-80.1865934908396
86270613,2016,07-JUN-2016 08:24 PM,08-JUN-2016 12:00 AM,111606001842,L,1,3,10,72,Broward,Pompano Beach,Urban,6/7/2016 8:24:00 PM,6/7/2016 8:24:00 PM,6/7/2016 8:28:00 PM,6/7/2016 9:40:00 PM,Y,Law Enforcement,NW 27TH AV,,,,0,,NW 2ND ST,,Local,Curb,Not at Intersection,N,Dusk,Clear,Dry,N,Angle,Motor Vehicle in Transport,On Roadway,N,Intersection,None,,,None,,,N,,,,,,Broward County Sheriff's Office,Sheriff's Office (SO),6/9/2016 3:24:00 PM,6/9/2016 3:24:00 PM,2,Y,Single Vehicle,Other,Injury,Non-Incapacitating Injury,NIGHT,N,N,N,N,N,N,Y,N,N,2,1,0,1,0,0,0,0,0,0,0,1,1,0,1,0,0,1,0,0,0,0,,,,N,0,0,Y,0,0,0,0,0,0,1,3000,3000,0,0,0,Verified,n/a,583960.7946,2901795.2765,26.2333203953982,-80.1593946369164
86278543,2016,29-OCT-2016 01:43 PM,29-OCT-2016 12:00 AM,16-15710,L,1,3,23,50,Bay,Panama City,Urban,10/29/2016 1:45:00 PM,10/29/2016 1:45:00 PM,10/29/2016 1:49:00 PM,10/29/2016 3:53:00 PM,Y,Law Enforcement,HWY 98 W,,,,229,West,LISENBY AVE,,U.S.,Curb,Not at Intersection,Y,Daylight,Clear,Dry,N,,Pedalcycle,Roadside,N,Driveway/Alley Access Related,None,,,None,,,N,,,,,OFC,Panama City Police Department,Police Department (PD),11/2/2016 3:55:00 PM,11/2/2016 3:55:00 PM,4,Y,Bicycle,Bicycle,Serious Injury,Incapacitating Injury,DAY,N,N,N,N,N,N,N,N,N,1,2,0,0,2,0,0,0,0,0,0,2,2,0,1,1,0,0,0,0,0,0,,,,N,0,0,Y,2,0,1,0,0,0,1,100,100,2,0,0,Verified,n/a,48937.7977,3347486.8313,30.1752923035811,-85.6824138105931
86284807,2016,02-MAY-2016 05:45 PM,03-MAY-2016 12:00 AM,0216008229,L,1,1,11,34,Alachua,Gainesville,Urban,5/2/2016 6:00:00 PM,5/2/2016 7:30:00 PM,5/2/2016 7:50:00 PM,5/2/2016 8:45:00 PM,Y,Law Enforcement,SE 15TH ST,1101,,,,,,,Parking Lot,Curb,Not at Intersection,N,Daylight,Clear,Dry,N,Other,Pedestrian,In Parking Lane or Zone,N,Non-Junction,None,,,None,,,N,,,,,OFFICER,Gainesville Police Department,Police Department (PD),7/6/2016 4:36:00 PM,7/6/2016 4:36:00 PM,65,Y,Pedestrian,Pedestrian,No Injury,No Injury,DAY,N,N,N,N,N,Y,N,N,N,1,0,0,0,0,0,0,0,0,0,0,1,1,0,0,0,0,0,0,0,0,0,,,,N,0,0,Y,0,0,0,0,0,0,0,0,0,0,0,0,Preliminary,Editor Mapped,373636.8207,3279733.646,29.6411379877315,-82.3054436484669
86293479,2016,02-FEB-2016 05:10 PM,02-FEB-2016 12:00 AM,20160002064,L,2,2,6,94,Palm Beach,West Palm Beach,Urban,2/2/2016 5:10:00 PM,2/2/2016 5:18:00 PM,2/2/2016 5:27:00 PM,2/2/2016 6:06:00 PM,Y,Motorist,24TH ST,,,,0,,SPRUCE AVE,,Local,Curb,Four-Way Intersection,N,Daylight,Clear,Dry,N,Angle,Pedalcycle,On Roadway,N,Intersection-Related,None,,,None,,,N,,,,,OFFICER,West Palm Beach Police Department,Police Department (PD),2/10/2016 2:52:00 PM,2/10/2016 2:52:00 PM,8,Y,Bicycle,Bicycle,Injury,Possible Injury,DAY,N,N,N,N,N,N,Y,N,N,1,1,1,0,0,0,0,0,0,0,1,1,1,0,1,0,0,0,0,0,0,0,,,,N,0,0,Y,0,0,0,0,0,0,2,800,800,1,0,0,Verified,n/a,593995.723,2957505.4113,26.7356500970661,-80.0548333341764
86308341,2016,30-JAN-2016 06:43 AM,30-JAN-2016 12:00 AM,1601-001574,L,1,2,10,70,Broward,Plantation,Urban,1/30/2016 6:44:00 AM,1/30/2016 6:44:00 AM,1/30/2016 6:48:00 AM,1/30/2016 7:15:00 AM,Y,Law Enforcement,SR838,,,,52,East,NW 56TH AVE,,State,Curb,T-Intersection,,Dawn,Clear,Dry,N,Front to Rear,Pedalcycle,On Roadway,N,Intersection-Related,None,,,None,,,N,,,,,Off.,Plantation Police Department,Police Department (PD),2/9/2016 3:04:00 PM,2/9/2016 3:04:00 PM,10,Y,Bicycle,Bicycle,Injury,Possible Injury,NIGHT,N,N,N,N,N,N,Y,N,N,1,1,1,0,0,0,0,0,0,0,0,1,1,0,1,0,0,0,0,0,0,0,,,,N,0,0,Y,0,0,0,0,0,0,1,1,1,1,0,0,Verified,n/a,577567.538,2890965.0644,26.1358967210137,-80.2240462412932
86313441,2016,03-APR-2016 07:00 PM,03-APR-2016 12:00 AM,2016-015078,L,1,2,5,0,Polk,Unincorporated,Rural,4/3/2016 7:03:00 PM,4/3/2016 7:05:00 PM,4/3/2016 7:11:00 PM,4/3/2016 7:59:00 PM,Y,Law Enforcement,EWELL ROAD,,,,22,East,LUNN WOODS DRIVE,,Local,Unpaved,Not at Intersection,Y,Daylight,Clear,Dry,N,"Sideswipe, Same Direction",Pedalcycle,On Roadway,N,Non-Junction,None,None,None,Glare,,,N,,,,,Dep.,Polk County Sheriff's Office,Sheriff's Office (SO),4/10/2016 2:13:00 PM,4/10/2016 2:13:00 PM,7,Y,Bicycle,Bicycle,Serious Injury,Incapacitating Injury,NIGHT,N,N,N,Y,N,N,N,Y,N,1,1,0,0,1,0,0,0,0,0,0,1,1,0,1,1,0,0,0,0,0,0,,,,N,0,0,Y,1,0,1,0,0,0,1,300,300,1,0,0,Verified,n/a,402692.8718,3092396.597,27.9530619431238,-81.9892167437362
86314062,2016,01-FEB-2016 01:30 PM,01-FEB-2016 12:00 AM,2016-004634,L,1,2,5,0,Polk,Unincorporated,Rural,2/1/2016 1:32:00 PM,2/1/2016 1:32:00 PM,2/1/2016 1:40:00 PM,2/1/2016 2:22:00 PM,Y,Law Enforcement,SWINDELL AVE,,,,0,,EMMA ST,,Local,Unpaved,Four-Way Intersection,,Daylight,Cloudy,Dry,N,Angle,Pedalcycle,On Roadway,N,Intersection,None,,,None,,,N,,,,,Dep.,Polk County Sheriff's Office,Sheriff's Office (SO),2/8/2016 2:25:00 PM,2/8/2016 2:25:00 PM,7,Y,Bicycle,Bicycle,Injury,Non-Incapacitating Injury,DAY,N,N,N,N,N,N,Y,N,N,1,1,0,1,0,0,0,0,0,0,0,1,1,0,1,0,0,0,0,0,0,0,,,,N,0,0,Y,0,0,1,0,0,0,1,200,200,1,0,0,Verified,n/a,403300.0324,3103478.0386,28.0531267886546,-81.9839534617657
86319359,2016,30-JUL-2016 08:16 PM,30-JUL-2016 12:00 AM,16008045,L,1,3,4,46,Pinellas,Largo,Urban,7/30/2016 8:16:00 PM,7/30/2016 8:16:00 PM,7/30/2016 8:16:00 PM,7/30/2016 9:45:00 PM,Y,Law Enforcement,KEENE RD,,,,,,EAST BAY DR,,Parking Lot,Curb,Not at Intersection,N,Dusk,Clear,Dry,N,Other,Pedalcycle,Roadside,N,Non-Junction,None,,,None,,,N,,,,,OFC,Largo Police Department,Police Department (PD),8/23/2016 11:25:00 PM,8/23/2016 11:25:00 PM,24,Y,Bicycle,Bicycle,Injury,Possible Injury,NIGHT,N,Y,N,N,N,N,N,N,N,2,1,1,0,0,0,0,0,0,0,0,2,2,0,1,0,0,0,0,0,0,0,,,,N,0,0,Y,0,0,1,0,0,0,0,0,0,1,0,0,Preliminary,Editor Mapped,326505.6983,3089189.0565,27.9163771815926,-82.7630261727152
86320161,2016,09-AUG-2016 03:29 PM,09-AUG-2016 12:00 AM,16008374,S,1,2,4,46,Pinellas,Largo,Urban,8/9/2016 3:29:00 PM,8/9/2016 3:32:00 PM,8/9/2016 3:40:00 PM,8/9/2016 4:06:00 PM,Y,Law Enforcement,SEMINOLE BLVD,1201,,,,,,,Parking Lot,Paved,Not at Intersection,N,Daylight,Clear,Dry,N,Other,Overturn/Rollover,In Parking Lane or Zone,N,Non-Junction,None,,,None,,,N,,,,,OFC,Largo Police Department,Police Department (PD),8/25/2016 11:20:00 PM,,16,N,Rollover,Rollover,No Injury,No Injury,DAY,N,N,N,N,N,N,N,N,N,2,0,0,0,0,0,0,0,0,0,0,1,1,0,1,0,0,0,0,0,0,0,,,,N,0,0,Y,0,0,0,0,1,100,1,500,600,0,0,0,Unmapped,Unmapped,,,,
86329162,2016,16-FEB-2016 08:00 PM,16-FEB-2016 12:00 AM,PD160216062793,L,1,2,1,0,Miami-Dade,Unincorporated,Rural,2/16/2016 8:00:00 PM,2/16/2016 8:01:00 PM,2/16/2016 8:11:00 PM,2/16/2016 9:17:00 PM,Y,Law Enforcement,SW 117TH AVE,,,,101,South,SW 120TH ST,,County,Curb,Not at Intersection,,Dark - Lighted,Clear,Dry,N,Angle,Pedalcycle,Off Roadway,N,Non-Junction,None,,,None,,,N,,,,,PSA.,Miami-Dade Police Department,Police Department (PD),3/7/2016 2:34:00 PM,3/7/2016 2:34:00 PM,20,Y,Bicycle,Bicycle,Injury,Possible Injury,NIGHT,N,N,N,N,N,N,N,N,N,1,1,1,0,0,0,0,0,0,0,0,1,1,0,1,0,0,0,0,0,0,0,,,,N,0,0,Y,0,0,0,0,2,1000,1,200,1200,0,0,0,Verified,n/a,561874.8139,2837849.6972,25.6570533560038,-80.3835185064536
86329525,2016,09-MAR-2016 06:15 PM,09-MAR-2016 12:00 AM,PD160309091765,L,1,2,1,36,Miami-Dade,Coconut Grove,Urban,3/9/2016 6:15:00 PM,3/9/2016 6:21:00 PM,3/9/2016 6:23:00 PM,3/9/2016 7:10:00 PM,,Law Enforcement,OLD CUTLER RD,,,,20,South,SW 85TH AVE,,County,Curb,T-Intersection,,Dusk,Clear,Dry,N,Angle,Pedalcycle,On Roadway,N,Non-Junction,None,,,None,,,N,,,,,OFC.,Miami-Dade Police Department,Police Department (PD),3/21/2016 2:35:00 PM,3/21/2016 2:35:00 PM,12,Y,Bicycle,Bicycle,No Injury,No Injury,DAY,N,N,N,N,N,Y,N,N,N,2,0,0,0,0,0,0,0,0,0,0,1,1,0,1,0,0,0,0,0,0,0,,,,N,0,0,Y,0,0,0,0,1,100,1,1,101,0,0,0,Verified,n/a,567211.3012,2829397.4739,25.5804980047628,-80.3307771844917
86344286,2016,02-APR-2016 11:06 PM,02-APR-2016 12:00 AM,CW16-47438,L,1,2,4,36,Pinellas,Clearwater,Urban,4/2/2016 11:06:00 PM,4/2/2016 11:10:00 PM,4/2/2016 11:20:00 PM,4/2/2016 11:55:00 PM,Y,Law Enforcement,STATE ROAD 60,,,,66,East,BELCHER RD,,State,Curb,Four-Way Intersection,N,Dark - Lighted,Clear,Dry,N,Angle,Pedalcycle,On Roadway,N,Intersection,None,,,None,,,N,,,,,OFC,Clearwater Police Department,Police Department (PD),4/16/2016 2:14:00 PM,4/16/2016 2:14:00 PM,14,N,Bicycle,Bicycle,Injury,Possible Injury,NIGHT,N,N,N,N,N,N,Y,N,N,1,1,1,0,0,0,0,0,0,0,0,1,1,0,1,0,0,0,0,0,0,0,,,,N,0,0,Y,0,0,0,0,0,0,1,500,500,0,0,0,Verified,n/a,328259.3523,3094048.4498,27.9604512012673,-82.7459175044906
86344511,2016,13-MAY-2016 06:07 PM,13-MAY-2016 12:00 AM,CW16-68575,S,1,2,4,36,Pinellas,Clearwater,Urban,5/13/2016 6:07:00 PM,5/14/2016 6:36:00 AM,5/14/2016 7:01:00 PM,5/14/2016 7:45:00 PM,Y,Law Enforcement,OVERLEA ST,,,,200,East,N BETTY LANE,,Local,Paved,Not at Intersection,N,,,,,,,,,,,,,,,,N,,,,,OFFICER,Clearwater Police Department,Police Department (PD),6/14/2016 4:06:00 PM,,32,Y,Single Vehicle,Other,No Injury,No Injury,DAY,N,N,N,N,N,N,N,N,N,2,0,0,0,0,0,0,0,0,0,0,1,1,0,1,0,0,0,0,0,0,0,0,0,0,N,0,0,Y,0,0,0,0,0,0,1,500,500,0,0,0,Preliminary,Computer mapped approximate by address,324638.3361,3096210.2146,27.9794848298539,-82.7830351407012
86360874,2016,24-APR-2016 11:21 AM,24-APR-2016 12:00 AM,201609321,L,1,2,24,50,St. Lucie,Port St. Lucie,Urban,4/24/2016 11:21:00 AM,4/24/2016 11:22:00 AM,4/24/2016 11:35:00 AM,4/24/2016 12:50:00 PM,Y,Motorist,SW IDOL AVE,,,,24,West,SW WABASH ST,,Local,Unpaved,Not at Intersection,N,Daylight,Clear,Dry,N,Front to Front,Motor Vehicle in Transport,On Roadway,N,Non-Junction,None,,,None,,,N,,,,,POLICE OFFICER,Port St. Lucie Police Department,Police Department (PD),4/28/2016 3:26:00 PM,4/28/2016 3:26:00 PM,4,Y,Single Vehicle,Other,Injury,Non-Incapacitating Injury,DAY,N,N,N,N,N,N,N,Y,N,1,1,0,1,0,0,0,0,0,0,0,1,1,0,1,0,0,0,0,0,0,0,,,,N,0,0,Y,0,0,0,0,0,0,1,500,500,0,0,0,Verified,n/a,561863.4457,3010572.6008,27.216530424154,-80.3752782560077
86361716,2016,08-JUL-2016 05:29 PM,08-JUL-2016 12:00 AM,201615409,L,1,2,24,50,St. Lucie,Port St. Lucie,Urban,7/8/2016 5:29:00 PM,7/8/2016 5:30:00 PM,7/8/2016 5:33:00 PM,7/8/2016 6:30:00 PM,Y,Law Enforcement,SE PORT ST LUCIE BLVD,,,,0,,SE GOWIN DR,,Local,Curb,Four-Way Intersection,N,Daylight,Clear,Dry,N,Angle,Pedestrian,On Roadway,N,Intersection-Related,None,,,None,,,N,,,,,POLICE OFFICER,Port St. Lucie Police Department,Police Department (PD),7/12/2016 4:06:00 PM,7/12/2016 4:06:00 PM,4,Y,Pedestrian,Pedestrian,Injury,Non-Incapacitating Injury,DAY,N,N,N,N,N,N,Y,N,N,1,1,0,1,0,0,0,0,0,0,0,1,1,0,1,0,0,0,0,0,0,0,,,,N,0,0,Y,0,0,2,0,1,200,1,200,400,0,0,0,Verified,n/a,569867.2698,3016653.1908,27.271039879397,-80.2941108186258
86378783,2016,21-NOV-2016 08:02 PM,21-NOV-2016 12:00 AM,16-526713,L,1,2,18,45,Lee,Lehigh Acres,Urban,11/21/2016 8:02:00 PM,11/21/2016 8:09:00 PM,11/21/2016 8:13:00 PM,11/21/2016 9:16:00 PM,Y,Law Enforcement,MEADOW RD,169,,,482,East,ROBIN AVE,,County,Unpaved,Not at Intersection,Y,Dark - Lighted,Clear,Dry,N,Other,Motor Vehicle in Transport,On Roadway,N,Non-Junction,None,,,None,,,N,,,,,DEP,Lee County Sheriff's Office,Sheriff's Office (SO),11/24/2016 2:59:00 PM,11/24/2016 2:59:00 PM,3,Y,Single Vehicle,Other,Injury,Non-Incapacitating Injury,NIGHT,N,N,N,N,N,N,N,N,N,1,1,0,1,0,0,0,0,0,0,0,1,1,0,1,0,0,0,0,0,0,0,,,,N,0,0,Y,0,0,0,0,0,0,1,50,50,1,0,0,Verified,n/a,424916.1926,2943234.0468,26.6079446975376,-81.7541664130044
86390049,2016,08-JAN-2016 04:53 PM,08-JAN-2016 12:00 AM,16-000239,L,1,3,19,46,Brevard,Palm Bay,Urban,1/8/2016 4:53:00 PM,1/8/2016 4:55:00 PM,1/8/2016 4:58:00 PM,1/8/2016 5:26:00 PM,Y,Law Enforcement,DISTRICT ST SE,,27.971231,-80.669786,431,East,BARBADOS AVE SE,,Local,Unpaved,Not at Intersection,N,Daylight,Cloudy,Wet,N,Other,Motor Vehicle in Transport,On Roadway,N,Non-Junction,None,,,None,,,N,,,,,OFC,Palm Bay Police Department,Police Department (PD),1/11/2016 1:37:00 PM,1/11/2016 1:37:00 PM,3,Y,Single Vehicle,Other,Serious Injury,Incapacitating Injury,DAY,N,N,N,N,N,N,N,N,N,2,1,0,0,1,0,0,0,0,0,0,1,1,0,1,0,1,1,0,0,0,0,,,,N,0,0,Y,1,0,0,0,0,0,1,300,300,1,0,0,Verified,n/a,532476.7771,3094058.3998,27.971222115658,-80.6697800965036
86390584,2016,23-MAR-2016 04:00 PM,23-MAR-2016 12:00 AM,16-002525,L,1,3,19,46,Brevard,Palm Bay,Urban,3/23/2016 4:00:00 PM,3/23/2016 4:01:00 PM,3/23/2016 2:10:00 PM,3/23/2016 4:35:00 PM,Y,Law Enforcement,WICHITA BLVD SE,1539,,,149,West,SAPELO AVE SE,,Local,Paved,Not at Intersection,N,Daylight,Clear,Dry,N,Rear to Side,Motor Vehicle in Transport,On Roadway,N,Non-Junction,None,,,None,,,N,,,,,OFFICER,Palm Bay Police Department,Police Department (PD),3/25/2016 2:31:00 PM,3/25/2016 2:31:00 PM,2,Y,Single Vehicle,Other,Injury,Non-Incapacitating Injury,DAY,N,N,N,N,N,N,N,N,N,2,1,0,1,0,0,0,0,0,0,0,1,1,0,1,0,0,1,0,0,0,0,,,,N,0,0,Y,0,0,0,0,0,0,1,2000,2000,0,0,0,Verified,n/a,536644.8974,3090571.1837,27.9396342023198,-80.6275079102783
86392521,2016,31-MAY-2016 06:00 AM,31-MAY-2016 12:00 AM,E16052284,L,1,1,12,32,Lake,Eustis,Urban,5/31/2016 9:07:00 AM,5/31/2016 9:07:00 AM,5/31/2016 9:10:00 AM,5/31/2016 9:30:00 AM,Y,Law Enforcement,"SANDRIDGE CR EUSTIS, FL",2301,,,,,,,Private Roadway,Paved,Not at Intersection,,Dusk,Clear,Dry,N,"Sideswipe, Same Direction",Motor Vehicle in Transport,In Parking Lane or Zone,N,Driveway/Alley Access Related,None,,,None,,,N,,,,,Off.,Eustis Police Department,Police Department (PD),6/12/2016 2:38:00 PM,6/12/2016 2:38:00 PM,12,Y,Single Vehicle,Other,No Injury,No Injury,NIGHT,N,N,N,N,N,Y,N,Y,N,1,0,0,0,0,0,0,0,0,0,0,1,1,0,0,0,0,0,0,0,0,0,,,,N,0,0,Y,0,0,0,0,0,0,1,300,300,0,0,0,Preliminary,Editor Mapped,435671.8332,3191613.2091,28.8506090341512,-81.6595000288563
86400129,2016,12-JUL-2016 08:25 PM,12-JUL-2016 12:00 AM,16-038671,L,1,2,6,34,Palm Beach,Boynton Beach,Urban,7/12/2016 8:25:00 PM,7/12/2016 8:25:00 PM,7/12/2016 8:28:00 PM,7/12/2016 8:45:00 PM,Y,Law Enforcement,GATEWAY BLVD W,1500,,,62,South,,,Parking Lot,Curb,Not at Intersection,N,Dusk,Clear,Wet,N,Other,Motor Vehicle in Transport,On Roadway,N,Non-Junction,None,,,None,,,N,,,,,OFC,Boynton Beach Police Department,Police Department (PD),7/15/2016 2:58:00 PM,7/15/2016 2:58:00 PM,3,Y,Single Vehicle,Other,Injury,Possible Injury,NIGHT,N,N,N,N,N,N,N,N,N,1,1,1,0,0,0,0,0,0,0,0,1,1,0,1,0,0,0,0,0,0,0,,,,N,0,0,Y,0,0,0,0,0,0,1,100,100,1,0,0,Preliminary,Editor Mapped,590564.7931,2936506.5044,26.546299545984,-80.0908315875063
86413145,2016,16-FEB-2016 07:53 AM,16-FEB-2016 12:00 AM,16-11602,S,1,2,16,0,Sarasota,Unincorporated,Rural,2/16/2016 7:53:00 AM,,,,,Law Enforcement,DR M L K JR WAY,2520,,,,,TUTTLE AVE,,County,,Not at Intersection,N,Daylight,Clear,Wet,,,Other Non-Collision,Off Roadway,,Non-Junction,None,,,,,,N,,,,,DEPUTY,Sarasota County Sheriff's Office,Sheriff's Office (SO),2/19/2016 2:37:00 PM,,3,N,Single Vehicle,Other,No Injury,No Injury,DAY,N,N,N,N,N,N,N,Y,N,0,0,0,0,0,0,0,0,0,0,0,1,1,0,1,0,0,0,0,0,0,0,0,0,0,N,0,0,Y,0,0,0,0,0,0,0,0,0,0,0,0,Unmapped,Unmapped,,,,
86416316,2016,29-JAN-2016 05:35 PM,29-JAN-2016 12:00 AM,160129-029111,L,1,2,1,66,Miami-Dade,Miami,Urban,1/29/2016 5:35:00 PM,1/29/2016 5:35:00 PM,1/29/2016 5:35:00 PM,1/29/2016 5:35:00 PM,Y,Law Enforcement,SW 27 AVE & AVIATION AVE,,,,0,South,SW 27 AVE,,Local,Curb,Not at Intersection,N,Dusk,Clear,Dry,N,Front to Rear,Motor Vehicle in Transport,On Roadway,N,Non-Junction,None,,,None,,,N,,,,,OFFICER,Miami Police Department,Police Department (PD),1/31/2016 1:03:00 PM,1/31/2016 1:03:00 PM,2,N,Single Vehicle,Other,No Injury,No Injury,DAY,N,N,N,N,N,N,N,N,N,2,0,0,0,0,0,0,0,0,0,0,1,1,0,1,1,0,0,0,0,0,0,,,,N,0,0,Y,0,0,1,0,0,0,1,200,200,0,0,0,Verified,n/a,576479.5236,2846738.8671,25.7366306431065,-80.2375046170093
86419229,2016,30-MAR-2016 05:11 PM,30-MAR-2016 12:00 AM,160330-094907,L,1,2,1,66,Miami-Dade,Miami,Urban,3/30/2016 5:11:00 PM,3/30/2016 5:12:00 PM,3/30/2016 5:30:00 PM,3/30/2016 7:30:00 PM,Y,Law Enforcement,OAK AVE,,,,11,East,MATILDA ST,,Local,Paved,Not at Intersection,N,Daylight,Clear,Dry,N,Front to Rear,Motor Vehicle in Transport,On Roadway,N,Non-Junction,None,,,None,,,N,,,,,PSA,Miami Police Department,Police Department (PD),4/1/2016 11:39:00 PM,4/1/2016 11:39:00 PM,2,N,Single Vehicle,Other,No Injury,No Injury,DAY,N,N,N,N,N,N,N,N,N,1,0,0,0,0,0,0,0,0,0,0,1,1,0,1,0,0,0,0,0,0,0,,,,N,0,0,Y,0,0,1,0,0,0,1,500,500,0,0,0,Verified,n/a,575880.4153,2845985.8384,25.7298623846184,-80.24352030557
86421368,2016,29-APR-2016 03:27 PM,29-APR-2016 12:00 AM,160429-128613,L,1,2,1,66,Miami-Dade,Miami,Urban,4/29/2016 3:27:00 PM,4/29/2016 3:55:00 PM,4/29/2016 4:10:00 PM,4/29/2016 5:30:00 PM,Y,Law Enforcement,NW 6TH AVE & NW 71TH STREET,,,,11,West,NW 6TH AVE & NW 71TH STREET,,Local,Paved,Four-Way Intersection,N,Daylight,Clear,Dry,N,Front to Rear,Motor Vehicle in Transport,On Roadway,N,Non-Junction,None,,,None,,,N,,,,,OFC,Miami Police Department,Police Department (PD),5/12/2016 3:05:00 PM,5/12/2016 3:05:00 PM,13,N,Single Vehicle,Other,No Injury,No Injury,DAY,N,N,N,N,N,N,N,N,N,2,0,0,0,0,0,0,0,0,0,0,1,1,0,1,0,0,0,0,0,0,0,,,,N,0,0,Y,0,0,0,0,0,0,1,500,500,0,0,0,Verified,n/a,579436.6653,2858170.1864,25.839689675549,-80.2073383931995
86426705,2016,09-AUG-2016 05:25 PM,13-SEP-2016 12:00 AM,160809-241218,L,1,2,1,66,Miami-Dade,Miami,Urban,8/9/2016 5:34:00 PM,8/9/2016 5:52:00 PM,8/9/2016 6:04:00 PM,8/9/2016 6:56:00 PM,N,Law Enforcement,SW 36 AVE,3665,,,,,SW 22ND ST,,Local,Paved,Other,N,Daylight,Clear,Dry,N,Front to Rear,Motor Vehicle in Transport,In Parking Lane or Zone,N,Non-Junction,None,,,None,,,N,,,,,DETECTIVE,Miami Police Department,Police Department (PD),10/11/2016 6:05:00 PM,10/11/2016 6:05:00 PM,63,Y,Single Vehicle,Other,No Injury,No Injury,DAY,N,N,N,N,N,Y,N,N,N,2,0,0,0,0,0,0,0,0,0,0,1,1,0,1,1,0,0,0,0,0,0,,,,N,0,0,Y,0,0,0,0,0,0,0,0,0,0,0,0,Preliminary,Editor Mapped,574864.9359,2848330.7704,25.751087954286,-80.2535110287096
86429732,2016,20-SEP-2016 08:10 PM,20-SEP-2016 12:00 AM,160920-290008,L,1,2,1,66,Miami-Dade,Miami,Urban,9/20/2016 8:14:00 PM,9/20/2016 8:20:00 PM,9/20/2016 8:30:00 PM,9/20/2016 9:30:00 PM,Y,Law Enforcement,2ND AVE NW,,,,0,South,32 ST NW,,Local,Paved,Four-Way Intersection,N,Dark - Lighted,Cloudy,Dry,N,Unknown,Motor Vehicle in Transport,On Roadway,N,Non-Junction,None,,,None,,,N,,,,,OFFICER,Miami Police Department,Police Department (PD),10/11/2016 6:06:00 PM,10/11/2016 6:06:00 PM,21,Y,Single Vehicle,Other,Injury,Possible Injury,NIGHT,N,N,Y,N,N,N,N,N,N,1,1,1,0,0,0,0,0,0,0,0,1,1,0,1,0,0,0,0,0,0,0,,,,N,0,0,Y,0,0,1,0,0,0,0,0,0,1,0,0,Verified,n/a,580267.1304,2854509.2901,25.8065892743843,-80.1992745869508
86434060,2016,22-NOV-2016 01:05 PM,22-NOV-2016 12:00 AM,161122-358322,L,1,2,1,66,Miami-Dade,Miami,Urban,11/22/2016 1:05:00 PM,11/22/2016 1:07:00 PM,11/22/2016 1:27:00 PM,11/22/2016 3:00:00 PM,Y,Law Enforcement,NW N RIVER DRIVE,,,,39,North,NW 17 AVE,,Local,Curb,Four-Way Intersection,N,Daylight,Clear,Dry,N,Front to Rear,Motor Vehicle in Transport,On Roadway,N,Non-Junction,None,,,None,,,N,,,,,OFFICER,Miami Police Department,Police Department (PD),11/25/2016 2:20:00 PM,11/25/2016 2:20:00 PM,3,Y,Single Vehicle,Other,Injury,Non-Incapacitating Injury,DAY,N,N,N,N,N,N,N,N,N,1,1,0,1,0,0,0,0,0,0,0,1,1,0,1,0,0,0,0,0,0,0,,,,N,0,0,Y,0,0,2,0,0,0,1,800,800,0,0,0,Verified,n/a,577901.3521,2852300.4707,25.786773279305,-80.2230033001981
86435132,2016,08-DEC-2016 03:40 PM,08-DEC-2016 12:00 AM,161208376094,L,1,1,1,66,Miami-Dade,Miami,Urban,12/8/2016 3:53:00 PM,12/8/2016 3:56:00 PM,12/8/2016 4:36:00 PM,12/8/2016 6:03:00 PM,N,Law Enforcement,SW 1ST  STREET,SW 1ST ST,,,0,,SW 19TH AVE,,Local,Paved,T-Intersection,N,Daylight,Clear,Wet,N,Other,Motor Vehicle in Transport,On Roadway,N,Non-Junction,None,,,None,,,N,,,,,OFFICER,Miami Police Department,Police Department (PD),12/11/2016 2:14:00 PM,12/11/2016 2:14:00 PM,3,Y,Single Vehicle,Other,Injury,Possible Injury,DAY,N,N,N,N,N,Y,N,N,N,0,1,1,0,0,0,0,0,0,0,0,1,1,0,0,0,0,0,0,0,0,0,,,,N,0,0,Y,0,0,0,0,0,0,0,0,0,0,0,0,Verified,n/a,577544.9344,2850613.6774,25.7715616437973,-80.2266567498742
86437371,2016,03-JUN-2016 09:46 AM,03-JUN-2016 12:00 AM,421606032865,L,1,3,10,76,Broward,Sunrise,Urban,6/3/2016 9:46:00 AM,6/3/2016 9:46:00 AM,6/3/2016 9:50:00 AM,6/3/2016 11:08:00 AM,Y,Law Enforcement,SUNSET STRIP,,,,0,,N UNIVERSITY DR,,Local,Paved,Four-Way Intersection,N,Daylight,Cloudy,Dry,N,Other,Pedalcycle,On Roadway,N,Intersection,None,,,None,,,N,,,,,OFFICER,Sunrise Police Department,Police Department (PD),6/5/2016 2:38:00 PM,6/5/2016 2:38:00 PM,2,Y,Bicycle,Bicycle,Injury,Non-Incapacitating Injury,DAY,N,N,N,Y,N,N,Y,N,N,2,1,0,1,0,0,0,0,0,0,0,2,2,0,1,0,0,0,0,0,0,0,,,,N,0,0,Y,0,0,1,0,0,0,0,0,0,1,0,0,Verified,n/a,574238.0278,2892827.5428,26.1528883877566,-80.2572445810563
86463556,2016,15-MAY-2016 01:30 AM,15-MAY-2016 12:00 AM,341605072734,L,1,3,10,38,Broward,Fort Lauderdale,Urban,5/15/2016 1:30:00 AM,5/15/2016 1:30:00 AM,5/15/2016 1:45:00 AM,5/15/2016 2:10:00 AM,Y,Law Enforcement,SW 2ND ST,200,,,74,West,,,Local,Paved,Not at Intersection,N,Dark - Lighted,Clear,Dry,N,Other,Motor Vehicle in Transport,On Roadway,N,Non-Junction,None,None,None,None,None,None,N,,,,,PUBLIC SERVICE AIDE,Fort Lauderdale Police Department,Police Department (PD),5/16/2016 2:26:00 PM,5/16/2016 2:26:00 PM,1,Y,Single Vehicle,Other,Injury,Possible Injury,NIGHT,N,N,N,N,N,N,N,N,N,2,1,1,0,0,0,0,0,0,0,0,1,1,0,1,0,0,1,0,0,0,0,,,,N,0,0,Y,0,0,1,0,0,0,1,1000,1000,1,0,0,Verified,n/a,585392.8665,2889307.3907,26.1204873132907,-80.1458803644863
86465040,2016,05-JUL-2016 09:00 PM,01-AUG-2016 12:00 AM,341607100569,L,1,1,10,38,Broward,Fort Lauderdale,Urban,7/5/2016 9:00:00 PM,7/5/2016 9:02:00 PM,7/5/2016 9:10:00 PM,7/5/2016 9:43:00 PM,Y,Law Enforcement,W SUNRISE BLVD,,,,0,,NW 13TH AV,,State,Curb,T-Intersection,N,Dark - Lighted,Clear,Dry,N,Other,Motor Vehicle in Transport,On Roadway,N,Non-Junction,None,,,None,,,N,,,,,PUBLIC SERVICE AIDE,Fort Lauderdale Police Department,Police Department (PD),8/4/2016 3:56:00 PM,8/4/2016 3:56:00 PM,30,Y,Single Vehicle,Other,Injury,Possible Injury,NIGHT,N,N,N,N,N,Y,N,N,N,0,1,1,0,0,0,0,0,0,0,0,1,1,0,0,0,0,0,0,0,0,0,,,,N,0,0,Y,0,0,0,0,1,500,0,0,500,1,0,0,Verified,n/a,584098.0677,2891070.0894,26.1364783794998,-80.1587161197492
86476907,2016,14-DEC-2016 12:08 PM,14-DEC-2016 12:00 AM,1600390757,S,1,3,64,50,Collier,Immokalee,Urban,12/14/2016 12:08:00 PM,,,,,Law Enforcement,MAIN ST E,,,,0,,2ND ST,,County,,T-Intersection,N,Daylight,Clear,Dry,,Other,Motor Vehicle in Transport,On Roadway,,Non-Junction,Other,,,,,,N,,,,,CPL,Collier County Sheriff's Office,Sheriff's Office (SO),1/17/2017 2:46:00 PM,,34,N,Single Vehicle,Other,No Injury,No Injury,DAY,N,N,N,N,N,N,N,N,N,0,0,0,0,0,0,0,0,0,0,0,1,1,0,1,1,0,1,0,0,0,0,,,,N,0,0,Y,0,0,0,0,1,50,0,0,50,0,0,0,Preliminary,Computer mapped approximate by address,458519.4254,2922111.1651,26.4186151770288,-81.4159669460136
86479030,2016,03-MAY-2016 06:30 PM,03-MAY-2016 12:00 AM,16-04585,L,1,2,42,39,Martin,Hobe Sound,Urban,5/3/2016 6:34:00 PM,5/3/2016 6:36:00 PM,5/3/2016 6:38:00 PM,5/3/2016 7:20:00 PM,Y,Law Enforcement,HERCULES AVE SE,,,,74,South,NERO TERR SE,,County,Unpaved,T-Intersection,N,Daylight,Clear,Dry,N,Angle,Motor Vehicle in Transport,On Roadway,N,Non-Junction,None,,,None,,,N,,,,,CORPORAL,Martin County Sheriff's Office,Sheriff's Office (SO),5/6/2016 4:34:00 PM,5/6/2016 4:34:00 PM,3,Y,Single Vehicle,Other,Injury,Non-Incapacitating Injury,DAY,N,N,N,N,N,N,N,N,N,1,1,0,1,0,0,0,0,0,0,0,1,1,0,1,0,0,0,0,0,0,0,,,,N,0,0,Y,0,0,0,0,0,0,0,0,0,0,0,1,Verified,n/a,585998.1909,2992872.0523,27.0554423491319,-80.1328093118903
86480948,2016,21-NOV-2016 12:23 PM,21-NOV-2016 12:00 AM,16-17653,L,1,2,42,62,Martin,Stuart,Urban,11/21/2016 12:23:00 PM,11/21/2016 12:27:00 PM,11/21/2016 12:27:00 PM,11/21/2016 1:30:00 PM,Y,Law Enforcement,DIXIE HWY SE,,,,150,East,INDIAN ST SE,,Local,Curb,Not at Intersection,N,Daylight,Clear,Dry,N,,Pedalcycle,Off Roadway,N,Non-Junction,None,,,None,,,N,,,,,DEPUTY,Martin County Sheriff's Office,Sheriff's Office (SO),11/24/2016 2:59:00 PM,11/24/2016 2:59:00 PM,3,Y,Bicycle,Bicycle,Injury,Non-Incapacitating Injury,DAY,N,N,N,N,N,N,N,N,N,1,1,0,1,0,0,0,0,0,0,0,1,1,0,1,0,0,0,0,0,0,0,,,,N,0,0,Y,0,0,0,0,1,1000,1,2000,3000,1,0,0,Verified,n/a,577138.27,3005239.7244,27.1676152527145,-80.2213718027701
86538953,2016,01-DEC-2016 07:35 AM,01-DEC-2016 12:00 AM,1612-000144,L,1,2,53,54,Charlotte,Port Charlotte,Urban,12/1/2016 8:46:00 AM,12/1/2016 8:46:00 AM,12/1/2016 8:48:00 AM,12/1/2016 8:48:00 AM,Y,Law Enforcement,CHAMBERLAIN BLVD,,,,59,East,WAY ST,,County,Unpaved,Four-Way Intersection,Y,Daylight,Clear,Dry,N,"Sideswipe, Same Direction",Motor Vehicle in Transport,On Roadway,N,Non-Junction,None,,,None,,,N,,,,,DEP,Charlotte County Sheriff's Office,Sheriff's Office (SO),12/2/2016 3:21:00 PM,12/2/2016 3:21:00 PM,1,Y,Single Vehicle,Other,Injury,Possible Injury,DAY,N,N,N,N,N,Y,N,Y,N,0,1,1,0,0,0,0,0,0,0,0,1,1,0,1,0,0,0,0,0,0,0,,,,N,0,0,Y,0,0,0,0,0,0,0,0,0,1,0,0,Verified,n/a,381974.7567,2989031.0475,27.0184100963491,-82.1897317048793
86543630,2016,17-MAY-2016 09:50 AM,17-MAY-2016 11:39 AM,PPD16OFF004702,L,1,3,9,50,Escambia,Pensacola,Urban,5/17/2016 9:55:00 AM,5/17/2016 10:05:00 AM,5/17/2016 10:17:00 AM,5/17/2016 12:23:00 PM,N,Law Enforcement,WINDERMERE DR,3040,30.527789614955,-87.2992951168901,10,West,WINDERMERE CIRCLE,,Local,Curb,Not at Intersection,N,Daylight,Cloudy,Dry,N,Angle,Pedalcycle,On Roadway,N,Non-Junction,None,,,None,,,N,,,,,POLICE OFF,Pensacola Police Department,Police Department (PD),5/18/2016 2:54:00 PM,5/18/2016 2:54:00 PM,1,Y,Bicycle,Bicycle,No Injury,No Injury,DAY,N,N,N,N,N,Y,N,Y,N,3,0,0,0,0,0,0,0,0,0,0,2,2,0,1,0,0,0,0,0,0,0,,,,N,0,0,Y,0,0,2,0,4,2420,1,5000,7420,0,0,0,Verified,n/a,-93960.8870000001,3384141.9641,30.4429687361731,-87.1801610118981
86550372,2016,14-JUL-2016 11:11 AM,14-JUL-2016 12:00 AM,16072178,L,1,3,10,52,Broward,Lauderhill,Urban,7/14/2016 11:11:00 AM,7/14/2016 11:12:00 AM,7/14/2016 11:21:00 AM,7/14/2016 12:00:00 PM,Y,Law Enforcement,N UNIVERSITY DRIVE,5245,,,,,,,Parking Lot,Paved,Not at Intersection,N,Daylight,Clear,Dry,N,Other,Motor Vehicle in Transport,On Roadway,N,Non-Junction,None,,,None,,,N,,,,,PSA,Lauderhill Police Department,Police Department (PD),7/19/2016 3:46:00 PM,7/19/2016 3:46:00 PM,5,N,Single Vehicle,Other,No Injury,No Injury,DAY,N,N,N,N,N,N,N,N,N,3,0,0,0,0,0,0,0,0,0,0,2,2,0,1,0,0,0,0,0,0,0,,,,N,0,0,Y,0,0,0,0,0,0,1,200,200,0,0,0,Preliminary,Editor Mapped,574720.3191,2897007.0794,26.1905999321526,-80.2521788345277
86550542,2016,03-AUG-2016 05:31 PM,03-AUG-2016 12:00 AM,16080429,L,1,1,10,52,Broward,Lauderhill,Urban,8/3/2016 5:31:00 PM,8/3/2016 5:40:00 PM,8/3/2016 6:06:00 PM,8/3/2016 8:00:00 PM,Y,Law Enforcement,NW 52 AVE,2410,,,,,,,Parking Lot,Paved,Not at Intersection,N,Daylight,Clear,Dry,N,,Parked Motor Vehicle,Off Roadway,N,Non-Junction,None,,,None,,,N,,,,,PSA,Lauderhill Police Department,Police Department (PD),8/14/2016 2:53:00 PM,8/14/2016 2:53:00 PM,11,Y,Single Vehicle,Other,Injury,Possible Injury,DAY,N,N,N,N,N,N,N,Y,N,0,1,1,0,0,0,0,0,0,0,0,1,1,0,0,0,0,0,0,0,0,0,,,,N,0,0,Y,0,0,0,0,0,0,1,500,500,1,0,0,Preliminary,Editor Mapped,577922.7204,2893345.9024,26.1573737452114,-80.2203505907795
86551573,2016,08-DEC-2016 11:00 AM,08-DEC-2016 12:00 AM,16121240,L,1,2,10,52,Broward,Lauderhill,Urban,12/8/2016 11:15:00 AM,12/8/2016 11:17:00 AM,12/8/2016 11:19:00 AM,12/8/2016 12:30:00 PM,Y,Law Enforcement,W.  SUNRISE BLVD,,,,527,East,N.SR7,,State,Paved,Not at Intersection,N,Daylight,Clear,Dry,N,Other,Motor Vehicle in Transport,On Roadway,N,Non-Junction,None,,,None,,,N,,,,,PSA,Lauderhill Police Department,Police Department (PD),12/18/2016 2:12:00 PM,12/18/2016 2:12:00 PM,10,Y,Single Vehicle,Other,Injury,Non-Incapacitating Injury,DAY,N,N,N,N,N,N,N,N,N,1,1,0,1,0,0,0,0,0,0,0,1,1,0,1,1,0,0,0,0,0,0,,,,N,0,0,Y,0,0,0,0,1,100,1,500,600,1,0,0,Verified,n/a,579499.4467,2890997.329,26.136082671027,-80.2047197168365
86559252,2016,23-SEP-2016 07:41 AM,23-SEP-2016 07:41 AM,16-664259,L,2,3,3,0,Hillsborough,Unincorporated,Rural,9/23/2016 7:41:00 AM,9/23/2016 7:44:00 AM,9/23/2016 7:53:00 AM,9/23/2016 8:15:00 AM,Y,Law Enforcement,SR 580 (DALE MABRY HW N),,,,204,South,HAMILTON AV W,,State,Curb,Not at Intersection,N,Dawn,Cloudy,Dry,N,Angle,Pedalcycle,On Roadway,N,Driveway/Alley Access Related,None,,,None,,,N,,,,,M/DEP,Hillsborough County Sheriff's Office,Sheriff's Office (SO),9/27/2016 5:31:00 PM,9/27/2016 5:31:00 PM,4,Y,Bicycle,Bicycle,Injury,Possible Injury,DAY,N,N,N,N,N,N,N,N,N,2,1,1,0,0,0,0,0,0,0,0,1,1,0,2,0,0,0,0,0,0,0,,,,N,0,0,Y,0,0,0,0,1,300,2,4000,4300,1,0,0,Verified,n/a,352034.6454,3099651.3895,28.0138671717422,-82.5049931623967
86585699,2016,08-JUN-2016 05:50 PM,08-JUN-2016 12:00 AM,1606080038,S,1,1,1,58,Miami-Dade,Homestead,Urban,6/8/2016 5:56:00 PM,6/8/2016 6:00:00 PM,6/8/2016 6:22:00 PM,6/8/2016 6:45:00 PM,Y,Law Enforcement,NE 41ST AVE,2230,,,133,North,,,Private Roadway,Unpaved,Not at Intersection,N,Daylight,Cloudy,Dry,N,Other,Pedestrian,Off Roadway,N,Non-Junction,None,,,None,,,N,,,,,POLICE OFFICER,Homestead Police Department,Police Department (PD),6/11/2016 2:57:00 PM,,3,N,Pedestrian,Pedestrian,No Injury,No Injury,DAY,N,N,N,N,N,N,N,N,N,1,0,0,0,0,0,0,0,0,0,0,1,1,0,0,0,0,0,0,0,0,0,,,,N,0,0,Y,0,0,0,0,0,0,1,200,200,0,0,0,Preliminary,Computer mapped approximate by address,558703.2244,2819255.6993,25.4892810737005,-80.4159320734644
86590554,2016,08-SEP-2016 03:15 PM,08-SEP-2016 12:00 AM,1609-1983,S,1,2,3,40,Hillsborough,Plant City,Urban,9/8/2016 3:19:00 PM,,,,,Law Enforcement,BAKER ST W,,,,151,West,WALTER DR,,U.S.,,Not at Intersection,N,Daylight,Clear,Dry,,Angle,Motor Vehicle in Transport,On Roadway,,Driveway/Alley Access Related,None,,,,,,N,,,,,OFC.,Plant City Police Department,Police Department (PD),9/13/2016 3:59:00 PM,,5,N,Single Vehicle,Other,No Injury,No Injury,DAY,N,N,N,N,N,N,N,N,N,0,0,0,0,0,0,0,0,0,0,0,1,1,0,1,0,0,0,0,0,0,0,,,,N,0,0,Y,0,0,1,0,1,100,0,0,100,0,0,0,Preliminary,Computer mapped approximate by address,386095.3805,3099919.039,28.0196395969894,-82.158645124746
86592218,2016,11-AUG-2016 03:17 PM,11-AUG-2016 12:00 AM,0216014637,L,1,3,11,34,Alachua,Gainesville,Urban,8/11/2016 3:18:00 PM,8/11/2016 3:19:00 PM,8/11/2016 3:20:00 PM,8/11/2016 3:49:00 PM,Y,Law Enforcement,NE 23RD AVE,,,,17,East,NE 13TH ST,,State,Paved,T-Intersection,N,Daylight,Clear,Dry,N,Angle,Motor Vehicle in Transport,On Roadway,N,Intersection,None,,,None,,,N,,,,,OFFICER,Gainesville Police Department,Police Department (PD),8/13/2016 3:33:00 PM,8/13/2016 3:33:00 PM,2,Y,Single Vehicle,Other,Injury,Non-Incapacitating Injury,DAY,N,N,N,N,N,N,Y,N,N,1,2,1,1,0,0,0,0,0,0,0,2,1,1,1,1,0,0,0,0,0,0,,,,Y,0,0,Y,0,0,2,0,0,0,1,100,100,1,0,0,Verified,n/a,373376.0776,3283357.4851,29.6738083213711,-82.3085598311121
86619381,2016,07-OCT-2016 09:46 PM,08-OCT-2016 12:00 AM,20160018086,L,1,2,6,94,Palm Beach,West Palm Beach,Urban,10/7/2016 9:46:00 PM,10/7/2016 9:53:00 PM,10/7/2016 9:55:00 PM,10/7/2016 11:50:00 PM,Y,Law Enforcement,GEORGIA AVE,,,,299,South,MADDOX ST,,Local,Paved,Not at Intersection,N,Dark - Lighted,Clear,Dry,N,Angle,Pedalcycle,On Roadway,N,Non-Junction,None,,,None,,,N,,,,,MASTER POLICE OFFICER,West Palm Beach Police Department,Police Department (PD),11/8/2016 3:42:00 PM,11/8/2016 3:42:00 PM,32,Y,Bicycle,Bicycle,Serious Injury,Incapacitating Injury,NIGHT,N,N,N,N,N,N,N,N,N,1,1,0,0,1,0,0,0,0,0,0,1,1,0,1,0,0,0,0,0,0,0,,,,N,0,0,Y,1,0,0,0,1,200,1,500,700,1,0,0,Verified,n/a,593637.2751,2948326.3947,26.6528080875087,-80.0591181651194
86630322,2016,02-NOV-2016 05:30 PM,04-NOV-2016 12:00 AM,1611-000147,L,1,2,10,70,Broward,Plantation,Urban,11/2/2016 9:43:00 AM,11/2/2016 9:47:00 AM,11/2/2016 10:05:00 AM,11/2/2016 10:50:00 AM,Y,Law Enforcement,NW 2ND PL,,26.120872,-80.325889,0,,COMMODORE DR,,Local,Unpaved,Four-Way Intersection,N,Daylight,Clear,Dry,N,,Pedalcycle,On Roadway,N,Intersection,None,,,None,,,N,,,,,CSA,Plantation Police Department,Police Department (PD),12/14/2016 3:43:00 PM,12/14/2016 3:43:00 PM,42,Y,Bicycle,Bicycle,Injury,Non-Incapacitating Injury,DAY,N,N,N,N,N,N,Y,N,N,1,1,0,1,0,0,0,0,0,0,0,1,1,0,1,0,0,0,0,0,0,0,,,,N,0,0,Y,0,0,0,0,0,0,1,100,100,0,0,0,Verified,n/a,567383.9088,2889241.1584,26.1208440071511,-80.3260023612157
86633168,2016,04-DEC-2016 09:11 AM,19-DEC-2016 12:00 AM,1625315,L,1,3,5,52,Polk,Lakeland,Urban,12/4/2016 9:11:00 AM,12/4/2016 9:13:00 AM,12/4/2016 9:15:00 AM,12/4/2016 10:00:00 AM,Y,Law Enforcement,MARTHA AVE,,,,40,South,MONICA ST,,Local,Curb,Not at Intersection,N,Daylight,Clear,Dry,N,Angle,Pedalcycle,On Roadway,N,Non-Junction,None,,,None,,,N,,,,,OFFICER,Lakeland Police Department,Police Department (PD),5/4/2017 11:20:00 PM,5/4/2017 11:20:00 PM,151,Y,Bicycle,Bicycle,Fatality,Fatal (within 30 days),DAY,N,N,N,N,N,N,N,N,N,2,0,0,0,0,1,1,0,0,0,0,1,1,0,1,0,0,1,0,0,0,0,,,,N,0,0,Y,0,1,0,0,0,0,1,500,500,1,0,0,Verified,n/a,406483.718,3106386.9491,28.0796107822093,-81.9517934803646
86638222,2016,04-NOV-2016 03:56 PM,04-NOV-2016 12:00 AM,16016923,L,1,2,6,40,Palm Beach,Delray Beach,Urban,11/4/2016 3:56:00 PM,11/4/2016 3:56:00 PM,11/4/2016 4:01:00 PM,11/4/2016 4:40:00 PM,Y,Law Enforcement,LAKE IDA RD,,,,0,,DEPOT AVE,,Local,Curb,T-Intersection,N,Daylight,Clear,Dry,N,Angle,Motor Vehicle in Transport,On Roadway,N,Intersection,None,,,None,,,N,,,,,COMMUNITY SERVICE OFFICER,Delray Beach Police Department,Police Department (PD),11/17/2016 3:08:00 PM,11/17/2016 3:08:00 PM,13,Y,Single Vehicle,Other,Injury,Non-Incapacitating Injury,DAY,N,N,N,N,N,N,Y,N,N,1,1,0,1,0,0,0,0,0,0,0,1,1,0,1,1,0,0,0,0,0,0,,,,N,0,0,Y,0,0,1,0,0,0,1,200,200,1,0,0,Verified,n/a,590939.7276,2928144.2281,26.4707802637491,-80.0876646614757
86645573,2016,14-OCT-2016 08:02 AM,14-OCT-2016 08:30 AM,682176,L,1,1,2,38,Duval,Jacksonville,Urban,10/14/2016 8:04:00 AM,10/14/2016 8:10:00 AM,10/14/2016 8:28:00 AM,10/14/2016 8:30:00 AM,Y,Law Enforcement,VICTOR ST,,30.269875,-81.63049,0,,DAWN RD,,Local,Unpaved,T-Intersection,N,Daylight,Clear,Dry,N,Front to Rear,Pedalcycle,On Roadway,N,Intersection,None,,,None,,,N,,,,,OFFICER,Jacksonville Sheriff's Office,Sheriff's Office (SO),10/19/2016 5:14:00 PM,10/19/2016 5:14:00 PM,5,Y,Bicycle,Bicycle,Injury,Possible Injury,DAY,N,N,N,N,N,Y,Y,N,N,0,1,1,0,0,0,0,0,0,0,0,1,1,0,0,0,0,0,0,0,0,0,,,,N,0,0,Y,0,0,0,0,0,0,0,0,0,1,0,0,Verified,n/a,439356.809,3348867.2825,30.2699543021135,-81.6304748354576
86646089,2016,01-NOV-2016 08:20 AM,01-NOV-2016 08:23 AM,725362,L,1,2,2,38,Duval,Jacksonville,Urban,11/1/2016 8:21:00 AM,11/1/2016 8:22:00 AM,11/1/2016 8:30:00 AM,11/1/2016 9:18:00 AM,Y,Law Enforcement,WILSON BLVD SR 208,6800,30.269952,-81.758849,6,East,LANE AVE SR 103,,State,Curb,Not at Intersection,N,Daylight,"Fog, Smog, Smoke",Dry,N,Angle,Pedalcycle,On Roadway,N,Non-Junction,None,,,None,,,N,,,,,OFFICER,Jacksonville Sheriff's Office,Sheriff's Office (SO),11/3/2016 3:11:00 PM,,2,Y,Bicycle,Bicycle,Injury,Non-Incapacitating Injury,DAY,N,N,N,N,N,N,N,N,N,1,1,0,1,0,0,0,0,0,0,0,1,1,0,1,0,0,0,0,0,0,0,0,0,0,N,0,0,Y,0,0,0,0,0,0,1,500,500,1,0,0,Verified,n/a,427242.0295,3348954.5339,30.270074655851,-81.7564233196041
