REPORT_NUMBER,CRASH_YEAR,VEHICLE_NUMBER,PERSON_NUMBER,RECOMMENDED_RE_EXAM,DL_STATE,DL_TYPE,DRIVER_DISTRACTION_CODE,CONDITION_AT_TIME_OF_CRASH,REQUIRED_ENDORSEMENTS,VISION_OBSTRUCTED,INSURANCE_COMPANY,CITY,STATE,ZIP_CODE,SEX,HELMET_CODE,RESTRAINT_SYSTEM_CODE,EYE_PROTECTION_CODE,AIR_BAG_DEPLOYMENT_CODE,EJECTED,SUSPECTED_ALCOHOL_USE_CODE,ALCOHOL_TESTED_CODE,ALCOHOL_TEST_TYPE_CODE,ALCOHOL_TEST_RESULTS,BLOOD_ALCOHOL_CONTENT,SUSPECTED_DRUG_USE_CODE,DRUG_TESTED_CODE,DRUG_TEST_TYPE_CODE,DRUG_TEST_RESULTS,INJURY_SEVERITY,EMS_TRANSPORT_TYPE,DRIVER_ACTION_1,DRIVER_ACTION_2,DRIVER_ACTION_3,DRIVER_ACTION_4,S4_AGE_AT_TIME_OF_CRASH,S4_IS_AGGRESSIVE_DRIVING,S4_IS_ALCOHOL_RELATED,S4_IS_DRUG_RELATED,S4_IS_DISTRACTED,S4_IS_SPEEDING_RELATED,S4_IS_AGING_DRIVER,S4_IS_TEENAGER_DRIVER,S4_IS_UNRESTRAINED
81465854,2016,1,1,N,FL,E/Operator,Not Distracted,Apparently Normal,No,Vision Not Obscured,PEAKAND CASUALTY INS,BELLE GLADE,FL,33430,Male,No Helmet,Shoulder and Lap Belt Used,,Not Deployed,Not Ejected,N,,,,,N,,,,None,Not Transported,No Contributing Action,,,,58,N,N,N,N,N,N,N,N
82141002,2016,1,2,N,FL,E/Operator,Not Distracted,Apparently Normal,,Vision Not Obscured,UNITED SERVICES AUTOIBLE ASSOCATION,SEBRING,FL,33870,Female,,Shoulder and Lap Belt Used,,Not Deployed,Not Ejected,N,Test Not Given,,,,N,Test Not Given,,,None,Not Transported,No Contributing Action,,,,23,N,N,N,N,N,N,N,N
82627998,2016,1,1,N,FL,E/Operator,Not Distracted,Apparently Normal,No Required Endorsements,Vision Not Obscured,CITY OF BOCA RATON,POMPANO BEACH,FL,33064,Male,No Helmet,Shoulder and Lap Belt Used,,Not Deployed,Not Ejected,N,,,,,N,,,,None,Not Transported,No Contributing Action,,,,58,N,N,N,N,N,N,N,N
86646089,2016,1,2,N,FL,B,Not Distracted,Apparently Normal,No,Vision Not Obscured,SELF INSURED,YULEE,FL,32097,Male,,Shoulder and Lap Belt Used,,Not Applicable,Not Ejected,N,Test Not Given,,,,N,Test Not Given,,,None,Not Transported,Other Contributing Action,,,,43,N,N,N,N,N,N,N,N
83589686,2016,1,1,N,FL,E/Operator,Not Distracted,Apparently Normal,No,Vision Not Obscured,NONE,CRAWFORDVILLE,FL,32327,Male,,Shoulder and Lap Belt Used,N,Not Deployed,Not Ejected,N,,,,,N,,,,None,Not Transported,No Contributing Action,,,,54,N,N,N,N,N,N,N,N
83718899,2016,1,1,N,FL,E/Operator,Unknown,Apparently Normal,No Required Endorsements,Vision Not Obscured,STATE FARM,ST AUGUSTINE,FL,32084,Male,,Shoulder and Lap Belt Used,,Not Deployed,Not Ejected,N,Test Not Given,,,,N,Test Not Given,,,None,Not Transported,Failed to Yield Right-of-Way,,,,49,N,N,N,,N,N,N,N
84248563,2016,1,2,N,FL,E/Operator,Not Distracted,Apparently Normal,No Required Endorsements,Vision Not Obscured,USAA,JACKSONVILLE,FL,32210,Male,,Shoulder and Lap Belt Used,,Not Deployed,Not Ejected,N,Test Not Given,,,,N,Test Not Given,,,None,Not Transported,No Contributing Action,,,,53,N,N,N,N,N,N,N,N
84314734,2016,1,2,N,FL,E/Operator,Not Distracted,Apparently Normal,,Vision Not Obscured,ALLSTATE,LAKE CITY,FL,32055,Male,,Shoulder and Lap Belt Used,,Not Deployed,Not Ejected,N,Test Not Given,,,,N,Test Not Given,,,None,Not Transported,No Contributing Action,,,,19,N,N,N,N,N,N,Y,N
86320161,2016,1,1,N,FL,E/Operator,Not Distracted,Apparently Normal,No Required Endorsements,Vision Not Obscured,PROGRESSIVE AMERICAN,LARGO,FL,33770,Female,No Helmet,Shoulder and Lap Belt Used,,Not Deployed,Not Ejected,N,,,,,N,,,,None,Not Transported,No Contributing Action,,,,63,N,N,N,N,N,N,N,N
84639275,2016,1,1,N,FL,E/Operator,Not Distracted,Apparently Normal,No Required Endorsements,Vision Not Obscured,THE STANDARD FIRE INSUR,SEBASTIAN,FL,32958,Male,,Shoulder and Lap Belt Used,,Not Deployed,Not Ejected,N,,,,,N,,,,None,EMS,Failed to Yield Right-of-Way,,,,69,N,N,N,N,N,Y,N,N
84725607,2016,1,1,N,PA,E/Operator,Not Distracted,Apparently Normal,No Required Endorsements,Trees/Crops/Bushes,,HAVERTOWN,PA,19465,Male,No Helmet,Shoulder and Lap Belt Used,,Not Deployed,Not Ejected,N,,,,,N,,,,None,Not Transported,Other Contributing Action,,,,48,N,N,N,N,N,N,N,N
84919264,2016,1,1,N,FL,E/Operator,Not Distracted,Apparently Normal,No Required Endorsements,Vision Not Obscured,WINDHAVEN INS CO,HOLIDAY,FL,34690,Male,,Shoulder and Lap Belt Used,,Not Deployed,Not Ejected,N,,,,,N,,,,None,Not Transported,No Contributing Action,,,,22,N,N,N,N,N,N,N,N
85002947,2016,1,1,N,FL,E/Operator,Not Distracted,Apparently Normal,,Parked/Stopped Vehicle,PROPERTY & CASUALTY INSURANCE COMPA,BRADENTON,FL,34209,Male,,Shoulder and Lap Belt Used,,Not Deployed,Not Ejected,N,,,,,N,,,,None,Not Transported,No Contributing Action,,,,43,N,N,N,N,N,N,N,N
85239316,2016,1,1,N,FL,E/Operator,Not Distracted,Apparently Normal,No Required Endorsements,Vision Not Obscured,ALLSTATE,SARASOTA,FL,34232,Male,,Shoulder and Lap Belt Used,,Not Deployed,Not Ejected,N,Test Not Given,,,,N,Test Not Given,,,None,Not Transported,Operated MV in Careless or Negligent Manner,,,,37,N,N,N,N,N,N,N,N
85257405,2016,1,1,N,FL,E/Operator,Not Distracted,Apparently Normal,No Required Endorsements,Vision Not Obscured,USAA,NAVARRE,FL,32566,Female,,Shoulder and Lap Belt Used,,Not Deployed,Not Ejected,N,Test Not Given,,,,N,Test Not Given,,,None,Not Transported,No Contributing Action,,,,44,N,N,N,N,N,N,N,N
85260789,2016,1,2,N,FL,E/Operator,Not Distracted,Apparently Normal,No Required Endorsements,Vision Not Obscured,GEICO GENERAL INSURANCE COMPANY,LUTZ,FL,33549,Female,,Shoulder and Lap Belt Used,,Not Deployed,Not Ejected,N,Test Not Given,,,,N,Test Not Given,,,None,Not Transported,No Contributing Action,,,,49,N,N,N,N,N,N,N,N
85261827,2016,1,1,N,FL,E/Operator,Electronic Communication Devices,Apparently Normal,No Required Endorsements,Vision Not Obscured,GEICO GENERAL INSURANCE COMPANY,ORLANDO,FL,32839,Male,,Shoulder and Lap Belt Used,,Not Deployed,Not Ejected,N,Test Not Given,,,,N,Test Not Given,,,None,Not Transported,Ran Stop Sign,,,,55,N,N,N,Y,N,N,N,N
85264823,2016,1,2,N,FL,E/Operator,Not Distracted,Apparently Normal,No Required Endorsements,Vision Not Obscured,ALLSTATE INSURANCE,NEW PORT RICHEY,FL,34653,Male,,Shoulder and Lap Belt Used,,Not Deployed,Not Ejected,N,Test Not Given,,,,N,Test Not Given,,,None,Not Transported,No Contributing Action,,,,57,N,N,N,N,N,N,N,N
85273826,2016,1,2,N,FL,E/Operator,Not Distracted,Apparently Normal,No Required Endorsements,Vision Not Obscured,ACE AMERICAN,VENICE,FL,34293,Female,,Shoulder and Lap Belt Used,,Not Deployed,Not Ejected,N,Test Not Given,,,,N,Test Not Given,,,None,Not Transported,No Contributing Action,,,,28,N,N,N,N,N,N,N,N
85274574,2016,1,1,N,FL,E/Operator,Not Distracted,Apparently Normal,No Required Endorsements,Vision Not Obscured,GEICO,ARCADIA,FL,34266,Male,,Shoulder and Lap Belt Used,,Not Deployed,Not Ejected,N,Test Not Given,,,,N,Test Not Given,,,None,Not Transported,No Contributing Action,,,,17,N,N,N,N,N,N,Y,N
85275388,2016,1,1,N,FL,E/Operator,Not Distracted,Apparently Normal,No Required Endorsements,Vision Not Obscured,AUTO CLUB SOUTH INSURANCE COMPANY,SAFETY HARBOR,FL,34695,Female,,Shoulder and Lap Belt Used,,Not Applicable,Not Ejected,N,Test Not Given,,,,N,Test Not Given,,,None,Not Transported,Failed to Yield Right-of-Way,,,,69,N,N,N,N,N,Y,N,N
85297582,2016,1,1,N,FL,E/Operator,Inattentive,Apparently Normal,No Required Endorsements,Vision Not Obscured,GEICO INSURANCE COMPANY,ZEPHYRHILLS,FL,33542,Male,,Shoulder and Lap Belt Used,,Not Deployed,Not Ejected,N,Test Not Given,,,,N,Test Not Given,,,None,Not Transported,Failed to Yield Right-of-Way,,,,72,N,N,N,Y,N,Y,N,N
85306174,2016,1,1,N,FL,E/Operator,Not Distracted,Apparently Normal,No,Trees/Crops/Bushes,FLORIDA  MUNICIPAL INSURANCE,PORT ORANGE,FL,32119,Male,,Shoulder and Lap Belt Used,,Not Deployed,Not Ejected,N,Test Not Given,,,,N,Test Not Given,,,None,Not Transported,No Contributing Action,,,,39,N,N,N,N,N,N,N,N
85311667,2016,1,1,N,FL,E/Operator,Inattentive,Apparently Normal,No Required Endorsements,Vision Not Obscured,STATE FARM MUTUAL AUTOMOBILE INSURANCE,ORLANDO,FL,32839,Female,,Shoulder and Lap Belt Used,,Not Deployed,Not Ejected,N,Test Not Given,,,,N,Test Not Given,,,None,Not Transported,Failed to Yield Right-of-Way,,,,50,N,N,N,Y,N,N,N,N
85339936,2016,1,1,N,FL,E/Operator,Not Distracted,Apparently Normal,No Required Endorsements,Vision Not Obscured,PROGRESSIVE INS CO,SEMINOLE,FL,33778,Male,,Shoulder and Lap Belt Used,,Not Deployed,Not Ejected,N,Test Not Given,,,,N,Test Not Given,,,None,Not Transported,No Contributing Action,,,,52,N,N,N,N,N,N,N,N
85348337,2016,1,1,N,FL,E/Operator,Not Distracted,Apparently Normal,,Vision Not Obscured,GEICO,GULF BREEZE,FL,32563,Female,,Shoulder and Lap Belt Used,,Not Deployed,Not Ejected,N,Test Not Given,,,,N,Test Not Given,,,None,Not Transported,No Contributing Action,,,,20,N,N,N,N,N,N,N,N
85356288,2016,1,1,N,FL,E/Operator,Not Distracted,Apparently Normal,No,Parked/Stopped Vehicle,PROGRESSIVE AMERICAN INS. CO.,SAINT PETERSBURG,FL,33702,Female,,Shoulder and Lap Belt Used,,Not Deployed,Not Ejected,N,Test Not Given,,,,N,Test Not Given,,,None,Not Transported,No Contributing Action,,,,25,N,N,N,N,N,N,N,N
85369727,2016,1,1,N,FL,E/Operator,Not Distracted,Apparently Normal,No,Vision Not Obscured,GEICO,NICEVILLE,FL,32578,Female,,Shoulder and Lap Belt Used,,Not Deployed,Not Ejected,N,Test Not Given,,,,N,Test Not Given,,,None,Not Transported,No Contributing Action,,,,26,N,N,N,N,N,N,N,N
85378712,2016,1,1,N,FL,E/Operator,Not Distracted,Apparently Normal,No Required Endorsements,Vision Not Obscured,STATE FARM,PAISLEY,FL,32767,Male,,Shoulder and Lap Belt Used,,Not Deployed,Not Ejected,N,Test Not Given,,,,N,Test Not Given,,,None,Not Transported,No Contributing Action,,,,61,N,N,N,N,N,N,N,N
85383033,2016,1,1,N,FL,E/Operator,Not Distracted,Apparently Normal,No Required Endorsements,Vision Not Obscured,PROGRESSIVE,KISSIMMEE,FL,34743,Male,,Shoulder and Lap Belt Used,,Not Deployed,Not Ejected,N,Test Not Given,,,,N,Test Not Given,,,None,Not Transported,No Contributing Action,,,,28,N,N,N,N,N,N,N,N
85406679,2016,1,1,N,FL,E/Operator,Not Distracted,Apparently Normal,No Required Endorsements,Vision Not Obscured,GEICO,HUDSON,FL,34667,Female,,Shoulder and Lap Belt Used,,Not Deployed,Not Ejected,N,Test Not Given,,,,N,Test Not Given,,,None,Not Transported,No Contributing Action,,,,62,N,N,N,N,N,N,N,N
85412813,2016,1,1,N,,None,Not Distracted,Apparently Normal,,Vision Not Obscured,INTEGON PREFERRED INSURANCE COMPANY,ORLANDO,FL,32808,Male,,Shoulder and Lap Belt Used,,Not Deployed,Not Ejected,N,Test Not Given,,,,N,Test Not Given,,,None,Not Transported,No Contributing Action,,,,26,N,N,N,N,N,N,N,N
85442822,2016,1,1,N,FL,E/Operator,Unknown,Apparently Normal,No Required Endorsements,Vision Not Obscured,DIRECT GENERAL INSURANCE,WINTER SPRINGS,FL,32708,Male,,Shoulder and Lap Belt Used,,Not Deployed,Not Ejected,N,Test Not Given,,,,N,Test Not Given,,,None,Not Transported,Failed to Yield Right-of-Way,,,,20,N,N,N,,N,N,N,N
85449192,2016,1,1,N,FL,E/Operator,Not Distracted,Apparently Normal,No Required Endorsements,Vision Not Obscured,ESURANCE PROPERTY & CASUALTY INSURANCE,OCALA,FL,34482,Female,,Shoulder and Lap Belt Used,,Not Deployed,Not Ejected,N,Test Not Given,,,,N,Test Not Given,,,None,Not Transported,No Contributing Action,,,,20,N,N,N,N,N,N,N,N
85710190,2016,1,1,,FL,B,Not Distracted,Apparently Normal,Yes,Vision Not Obscured,MIAMI DAE COUNTY BOARD OF COMMISIONERS,MIAMI,FL,33167,Male,No Helmet,Shoulder and Lap Belt Used,,Not Deployed,Not Ejected,N,,,,,N,,,,None,Not Transported,Operated MV in Careless or Negligent Manner,,,,26,N,N,N,N,N,N,N,N
85710334,2016,1,1,,FL,E/Operator,Not Distracted,Apparently Normal,No,Vision Not Obscured,GEICO GENERAL INSURANCE COMPANY,MIAMI,FL,33157,Male,No Helmet,Shoulder and Lap Belt Used,N,Not Deployed,Not Ejected,N,,,,,N,,,,None,Not Transported,Other Contributing Action,,,,47,N,N,N,N,N,N,N,N
85712446,2016,2,2,,FL,A,Unknown,Apparently Normal,No Required Endorsements,Vision Not Obscured,PROGRESSIVE SELECT,MIAMI,FL,33193,Male,No Helmet,Shoulder and Lap Belt Used,,Not Deployed,Not Ejected,N,,,,,N,,,,None,Not Transported,Improper Turn,,,,37,N,N,N,,N,N,N,N
85829098,2016,1,1,N,FL,E/Operator,Not Distracted,Apparently Normal,No Required Endorsements,Vision Not Obscured,,GREENACRES,FL,33463,Female,No Helmet,Shoulder and Lap Belt Used,,Not Deployed,Not Ejected,N,,,,,N,,,,None,Not Transported,Failed to Yield Right-of-Way,,,,51,N,N,N,N,N,N,N,N
85987122,2016,1,2,,FL,E/Operator - Restricted,Not Distracted,Apparently Normal,No Required Endorsements,Vision Not Obscured,PROGRESSIVE SELECT INSURANCE COMPANY,MIAMI,FL,33147,Male,No Helmet,Shoulder and Lap Belt Used,,Not Deployed,Not Ejected,N,,,,,N,,,,None,Not Transported,No Contributing Action,,,,22,N,N,N,N,N,N,N,N
85990032,2016,2,2,,OT,E/Operator,Unknown,Unknown,Yes,Vision Not Obscured,UK,UK,OT,,Unknown,No Helmet,Shoulder and Lap Belt Used,,Deployment Unknown,Not Ejected,,,,,,,,,,None,Not Transported,Other Contributing Action,,,,,N,N,N,,N,N,N,N
86017033,2016,1,1,N,FL,E/Operator,Not Distracted,Apparently Normal,,Vision Not Obscured,STATE FARM MUTUAL AUTOMOBILE INSURA,POMPANO BEACH,FL,,Male,No Helmet,Shoulder and Lap Belt Used,,Not Deployed,Not Ejected,N,,,,,N,,,,None,Not Transported,Failed to Yield Right-of-Way,,,,54,N,N,N,N,N,N,N,N
86150631,2016,1,1,N,FL,E/Operator,Not Distracted,Apparently Normal,No Required Endorsements,Vision Not Obscured,PROGRESSIVE SELECT INSU,TAMPA,FL,33603,Male,,Shoulder and Lap Belt Used,,Not Deployed,Not Ejected,N,,,,,N,,,,None,Not Transported,No Contributing Action,,,,34,N,N,N,N,N,N,N,N
86156991,2016,1,1,N,FL,E/Operator,Not Distracted,Apparently Normal,No Required Endorsements,Parked/Stopped Vehicle,TEXAS LIABILITY INS,TAMPA,FL,33617,Male,No Helmet,Shoulder and Lap Belt Used,,Not Applicable,Not Ejected,N,,,,,N,,,,None,Not Transported,No Contributing Action,,,,18,N,N,N,N,N,N,Y,N
86207813,2016,1,1,N,FL,E/Operator,Not Distracted,Apparently Normal,,Vision Not Obscured,GEICO,VALRICO,FL,33594,Female,,Shoulder and Lap Belt Used,,Not Deployed,Not Ejected,N,Test Not Given,,,,N,Test Not Given,,,None,Not Transported,No Contributing Action,,,,27,N,N,N,N,N,N,N,N
86216218,2016,1,1,N,FL,E/Operator,Not Distracted,Apparently Normal,No Required Endorsements,Vision Not Obscured,,BRYCEVILLE,FL,32009,Female,,Shoulder and Lap Belt Used,,Not Deployed,Not Ejected,N,,,,,N,,,,None,Not Transported,No Contributing Action,,,,21,N,N,N,N,N,N,N,N
86264535,2016,1,1,N,FL,E/Operator,Not Distracted,Apparently Normal,,Vision Not Obscured,WINDHAVEN,OAKLAND PARK,FL,33309,Female,No Helmet,Shoulder and Lap Belt Used,,Not Deployed,Not Ejected,N,,,,,N,,,,None,Not Transported,No Contributing Action,,,,18,N,N,N,N,N,N,Y,N
86270613,2016,1,1,N,FL,E/Operator,Not Distracted,Apparently Normal,,Vision Not Obscured,STATE FARM MUTUAL AUTOMOBILE INSURA,POMPANO BEACH,FL,33069,Male,No Helmet,Shoulder and Lap Belt Used,,Not Deployed,Not Ejected,N,,,,,N,,,,None,Not Transported,No Contributing Action,,,,21,N,N,N,N,N,N,N,N
86278543,2016,1,1,N,FL,E/Operator,Not Distracted,Apparently Normal,No Required Endorsements,Vision Not Obscured,SAFETY NATIONAL CASUALT,PANAMA CITY,FL,32405,Female,,Shoulder and Lap Belt Used,,Not Deployed,Not Ejected,N,,,,,N,,,,None,Not Transported,Failed to Yield Right-of-Way,,,,67,N,N,N,N,N,Y,N,N
86293479,2016,1,1,N,FL,E/Operator,Not Distracted,Apparently Normal,,Vision Not Obscured,STATE FARM MUTUAL AUTOMOBILE INSURA,RIVIERA BEACH,FL,33404,Female,No Helmet,Shoulder and Lap Belt Used,,Not Deployed,Not Ejected,N,,,,,N,,,,None,Not Transported,No Contributing Action,,,,37,N,N,N,N,N,N,N,N
86308341,2016,1,1,,FL,E/Operator,Not Distracted,Apparently Normal,No Required Endorsements,Vision Not Obscured,WINDHAVEN,LAUDERHILL,FL,33319,Male,,Shoulder and Lap Belt Used,,Not Deployed,Not Ejected,N,,,,,N,,,,None,Not Transported,Failed to Yield Right-of-Way,,,,23,N,N,N,N,N,N,N,N
86313441,2016,1,1,,FL,E/Operator,External Distraction,Apparently Normal,No Required Endorsements,Glare,TRAVELERS HOME AND MARINE INSURANCE COMP,LAKELAND,FL,33807,Female,No Helmet,Shoulder and Lap Belt Used,,Not Deployed,Not Ejected,N,,,,,N,,,,None,Not Transported,Failed to Yield Right-of-Way,,,,78,N,N,N,Y,N,Y,N,N
86314062,2016,1,1,,FL,E/Operator,Not Distracted,Apparently Normal,No Required Endorsements,Vision Not Obscured,DIRECT GENERAL INSURANCE COMPANY,LAKELAND,FL,33805,Male,No Helmet,Shoulder and Lap Belt Used,,Not Deployed,Not Ejected,N,,,,,N,,,,None,Not Transported,Ran Stop Sign,,,,54,N,N,N,N,N,N,N,N
86319359,2016,1,1,N,FL,E/Operator,Not Distracted,Apparently Normal,No Required Endorsements,Vision Not Obscured,ESURANCE PROPERTY AND,LUTZ,FL,33549,Female,No Helmet,Shoulder and Lap Belt Used,Y,Not Applicable,Not Ejected,Y,"Unknown, if Tested",Other,Unknown,0,,"Unknown, if Tested",Other,Unknown,None,Unknown,Operated MV in Careless or Negligent Manner,,,,31,N,Y,N,N,N,N,N,N
86329162,2016,1,1,,FL,E/Operator,Not Distracted,Apparently Normal,No Required Endorsements,Vision Not Obscured,INFINITY INDEMNITY INSURANCE COMPANY,MIAMI,FL,33165,Female,No Helmet,Shoulder and Lap Belt Used,,Not Deployed,Not Ejected,N,,,,,N,,,,None,Not Transported,Operated MV in Careless or Negligent Manner,,,,55,N,N,N,N,N,N,N,N
86329525,2016,1,1,,OT,None,Unknown,Unknown,No Required Endorsements,All Other,UK,UK,OT,UK,Unknown,No Helmet,Other,,Deployment Unknown,Unknown,,"Unknown, if Tested",,,,,"Unknown, if Tested",,,None,Not Transported,Other Contributing Action,,,,,N,N,N,,N,N,N,N
86344286,2016,1,1,N,FL,E/Operator,Not Distracted,Apparently Normal,No Required Endorsements,Vision Not Obscured,NATIONAL GENERAL,HUDSON,FL,34669,Female,No Helmet,Shoulder and Lap Belt Used,,Not Deployed,Not Ejected,N,,,,,N,,,,None,Not Transported,Other Contributing Action,,,,36,N,N,N,N,N,N,N,N
86344511,2016,1,1,N,FL,,,,,,GEICO GENERAL INSURANCE COMPANY,PORT RICHEY,FL,34688,Male,,,,,,,,,,,,,,,None,,,,,,24,N,N,N,,N,N,N,N
86360874,2016,1,1,N,FL,A,Not Distracted,Apparently Normal,,Vision Not Obscured,UNITED SERVICES AUTOMOBILE ASSOCIAT,PORT ST LUCIE,FL,34953,Male,No Helmet,Shoulder and Lap Belt Used,N,Not Deployed,Not Ejected,N,,,,,N,,,,None,Not Transported,No Contributing Action,,,,34,N,N,N,N,N,N,N,N
86361716,2016,1,1,N,FL,E/Operator,Not Distracted,Apparently Normal,,Vision Not Obscured,SECURITY NATIONAL INSURANCE COMPANY,PORT SAINT LUCIE,FL,34984,Female,No Helmet,Shoulder and Lap Belt Used,,Not Deployed,Not Ejected,N,,,,,N,,,,None,Not Transported,No Contributing Action,,,,38,N,N,N,N,N,N,N,N
86378783,2016,1,1,N,FL,E/Operator,Not Distracted,Apparently Normal,No Required Endorsements,Vision Not Obscured,PROGRESSIVE SELECT INSU,LEHIGH ACRES,FL,33973,Male,,Shoulder and Lap Belt Used,,Not Deployed,Not Ejected,N,,,,,N,,,,None,Not Transported,No Contributing Action,,,,29,N,N,N,N,N,N,N,N
86390049,2016,1,1,N,FL,E/Operator,Not Distracted,Apparently Normal,No Required Endorsements,Parked/Stopped Vehicle,,PALM BAY,FL,32909,Female,,Shoulder and Lap Belt Used,,Not Deployed,Not Ejected,N,,,,,N,,,,None,Not Transported,No Contributing Action,,,,17,N,N,N,N,N,N,Y,N
86390584,2016,1,1,N,FL,E/Operator,Not Distracted,Apparently Normal,No,Vision Not Obscured,STATE FARM MUTUAL AUTOM,PALM BAY,FL,32909,Female,,Shoulder and Lap Belt Used,,Not Deployed,Not Ejected,N,,,,,N,,,,None,Not Transported,No Contributing Action,,,,29,N,N,N,N,N,N,N,N
86400129,2016,1,1,N,TX,E/Operator,Not Distracted,Apparently Normal,No Required Endorsements,Vision Not Obscured,GEICO,HOUSTON,TX,770880000,Female,,Shoulder and Lap Belt Used,,Not Deployed,Not Ejected,N,,,,,N,,,,None,Not Transported,No Contributing Action,,,,28,N,N,N,N,N,N,N,N
86413145,2016,1,1,,FL,E/Operator,Not Distracted,Apparently Normal,,Vision Not Obscured,DIRECT GENERAL INSURANC,SARASOTA,FL,34234,Female,,Not Applicable (non-motorist),,,,,,,,,,,,,,,No Contributing Action,,,,45,N,N,N,N,N,N,N,N
86416316,2016,1,1,N,FL,E/Operator,Not Distracted,Apparently Normal,No Required Endorsements,Vision Not Obscured,STATE FARM,MIAMI,FL,33133,Male,,Shoulder and Lap Belt Used,,Not Deployed,Not Ejected,N,,,,,N,,,,None,Not Transported,Failed to Yield Right-of-Way,,,,68,N,N,N,N,N,Y,N,N
86419229,2016,1,1,N,FL,E/Operator,Not Distracted,Apparently Normal,No Required Endorsements,Vision Not Obscured,STATE FARM MUTUAL AUTOM,MIAMI,FL,33126,Male,,Shoulder and Lap Belt Used,,Not Applicable,Not Ejected,N,,,,,N,,,,None,Not Transported,No Contributing Action,,,,55,N,N,N,N,N,N,N,N
86421368,2016,1,1,N,FL,E/Operator,Not Distracted,Apparently Normal,No Required Endorsements,Vision Not Obscured,WINDHAVEN INSURANCE COM,MIAMI,FL,33168,Female,,Shoulder and Lap Belt Used,,Not Applicable,Not Ejected,N,,,,,N,,,,None,Not Transported,No Contributing Action,,,,37,N,N,N,N,N,N,N,N
86426705,2016,1,1,Y,FL,E/Operator,Unknown,Unknown,No Required Endorsements,Vision Not Obscured,STATE FARM,MIAMI,FL,33125,Female,,Shoulder and Lap Belt Used,,Not Deployed,Not Ejected,,,,,,,,,,None,Not Transported,Operated MV in Careless or Negligent Manner,,,,76,N,N,N,,N,Y,N,N
86429732,2016,1,1,N,FL,A,Not Distracted,Apparently Normal,No Required Endorsements,Vision Not Obscured,SELF INSURED,MIAMI,FL,33169,Male,,Shoulder and Lap Belt Used,,Not Deployed,Not Ejected,N,,,,,N,,,,None,Not Transported,No Contributing Action,,,,36,N,N,N,N,N,N,N,N
86434060,2016,1,1,N,FL,E/Operator,Not Distracted,Apparently Normal,No Required Endorsements,Vision Not Obscured,INFINITY AUTO INSURANCE,SUNRISE,FL,33323,Female,No Helmet,Shoulder and Lap Belt Used,N,Not Deployed,Not Ejected,N,,,,,N,,,,None,Not Transported,No Contributing Action,,,,33,N,N,N,N,N,N,N,N
86437371,2016,1,1,N,FL,E/Operator,Inattentive,Apparently Normal,,Vision Not Obscured,ALLSTATE FIRE AND CASUALTY INSURANC,COCONUT CREEK,FL,33073,Male,,Shoulder and Lap Belt Used,,Not Deployed,Not Ejected,N,,,,,N,,,,None,Not Transported,Other Contributing Action,,,,55,N,N,N,Y,N,N,N,N
86463556,2016,1,2,N,FL,E/Operator,Not Distracted,Apparently Normal,,Vision Not Obscured,ESURANCE PROPERTY & CASUALTY INSURA,TAMARAC,FL,33319,Female,No Helmet,Shoulder and Lap Belt Used,N,Not Deployed,Not Ejected,N,,,,,N,,,,None,Not Transported,No Contributing Action,No Contributing Action,,,34,N,N,N,N,N,N,N,N
86476907,2016,1,1,,FL,E/Operator,Not Distracted,Apparently Normal,,Vision Not Obscured,ALLSTATE PROPERTY & CAS,LEHIGH ACRES,FL,33974,Male,,Shoulder and Lap Belt Used,,,,,,,,,,,,,,,No Contributing Action,,,,73,N,N,N,N,N,Y,N,N
86479030,2016,1,1,N,FL,E/Operator,Not Distracted,Apparently Normal,No Required Endorsements,Vision Not Obscured,,PALM CITY,FL,34990,Female,,Shoulder and Lap Belt Used,,Not Deployed,Not Ejected,N,,,,,N,,,,None,Not Transported,No Contributing Action,,,,44,N,N,N,N,N,N,N,N
86480948,2016,1,1,N,FL,B,Not Distracted,Apparently Normal,Yes,Vision Not Obscured,PROGRESSIVE AMERICAN,PALM CITY,FL,34990,Male,,Shoulder and Lap Belt Used,,Not Deployed,Not Ejected,N,,,,,N,,,,None,Not Transported,Failed to Yield Right-of-Way,,,,42,N,N,N,N,N,N,N,N
86538953,2016,1,1,,,,Unknown,Unknown,,,,,,,,,,,,Unknown,,,,,,,,,,,Unknown,,,,,,N,N,N,,N,N,N,N
86550372,2016,1,1,N,FL,E/Operator,Not Distracted,Apparently Normal,No Required Endorsements,Vision Not Obscured,,TAMARAC,FL,33321,Male,No Helmet,Shoulder and Lap Belt Used,,Not Deployed,Not Ejected,N,,,,,N,,,,None,Not Transported,Failed to Yield Right-of-Way,No Contributing Action,No Contributing Action,No Contributing Action,21,N,N,N,N,N,N,N,N
86543630,2016,1,4,N,FL,E/Operator,Not Distracted,Under the Influence of Medications/Drugs/Alcohol,,Vision Not Obscured,PROGRESSIVE,PENSACOLA,FL,32503,Male,,Other,,Deployed - Front,Not Ejected,N,Test Not Given,,,,N,Test Not Given,,,None,Not Transported,Ran Off Roadway,,,,23,N,N,N,N,N,N,N,N
86551573,2016,1,1,N,FL,E/Operator,Not Distracted,Apparently Normal,No Required Endorsements,Vision Not Obscured,,COOPER CITY,FL,33328,Male,No Helmet,Shoulder and Lap Belt Used,,Not Applicable,Not Ejected,N,,,,,N,,,,None,Not Transported,Operated MV in Careless or Negligent Manner,,,,65,N,N,N,N,N,Y,N,N
86559252,2016,1,2,N,FL,E/Operator,Not Distracted,Apparently Normal,,Vision Not Obscured,GEICO,LAND O LAKES,FL,34638,Male,,Shoulder and Lap Belt Used,,Not Deployed,Not Ejected,N,Test Not Given,,,,N,Test Not Given,,,None,Not Transported,No Contributing Action,,,,34,N,N,N,N,N,N,N,N
86559252,2016,2,3,N,FL,E/Operator,Not Distracted,Apparently Normal,,Vision Not Obscured,USAA,TAMPA,FL,33615,Female,,Shoulder and Lap Belt Used,,Not Deployed,Not Ejected,N,Test Not Given,,,,N,Test Not Given,,,None,Not Transported,No Contributing Action,,,,56,N,N,N,N,N,N,N,N
86590554,2016,1,1,,FL,E/Operator,Not Distracted,Apparently Normal,,Vision Not Obscured,STATE FARM MUTUAL AUTOM,PLANT CITY,FL,33566,Female,,Shoulder and Lap Belt Used,,,,,,,,,,,,,,,Improper Turn,,,,48,N,N,N,N,N,N,N,N
86592218,2016,1,1,N,FL,E/Operator,Not Distracted,Apparently Normal,,Vision Not Obscured,ACCEPTANCE,GAINESVILLE,FL,32641,Male,No Helmet,Shoulder and Lap Belt Used,,Not Deployed,Not Ejected,N,,,,,N,,,,None,Not Transported,Operated MV in Careless or Negligent Manner,Failed to Yield Right-of-Way,,,74,N,N,N,N,N,Y,N,N
86619381,2016,1,1,N,FL,E/Operator,Not Distracted,Apparently Normal,,Vision Not Obscured,UNKNOWN,WEST PALM BEACH,FL,33406,Male,No Helmet,Shoulder and Lap Belt Used,,Not Deployed,Not Ejected,N,,,,,N,,,,None,Not Transported,Improper Turn,,,,22,N,N,N,N,N,N,N,N
86630322,2016,1,1,N,FL,E/Operator,Not Distracted,Apparently Normal,No Required Endorsements,Vision Not Obscured,ALLSTATE INDEMNITY COMP,PLANTATION,FL,33325,Male,,Shoulder and Lap Belt Used,,Not Deployed,Not Ejected,N,,,,,N,,,,None,Not Transported,Other Contributing Action,,,,30,N,N,N,N,N,N,N,N
86633168,2016,1,1,N,FL,E/Operator,Not Distracted,Apparently Normal,No Required Endorsements,All Other,GEICO INDEMNITY COMPANY,LAKELAND,FL,33809,Female,No Helmet,Shoulder and Lap Belt Used,,Not Deployed,Not Ejected,N,,,,,N,,,,None,Not Transported,Operated MV in Careless or Negligent Manner,,,,31,N,N,N,N,N,N,N,N
86638222,2016,1,1,N,FL,E/Operator,Not Distracted,Apparently Normal,,Vision Not Obscured,STATE FARM MUTUAL AUTOMOBILE INSURA,DELRAY BEACH,FL,33444,Male,,Shoulder and Lap Belt Used,,Not Deployed,Not Ejected,N,,,,,N,,,,None,Not Transported,Ran Red Light,,,,76,N,N,N,N,N,Y,N,N
