REPORT_NUMBER,CRASH_YEAR,PERSON_NUMBER,LOCATION_AT_TIME_OF_CRASH_CODE,ACTION_PRIOR_TO_CRASH_CODE,NON_MOTORIST_DESCRIPTION_CODE,CITY,STATE,ZIP_CODE,SEX,SUSPECTED_ALCOHOL_USE_CODE,ALCOHOL_TESTED_CODE,ALCOHOL_TEST_TYPE_CODE,ALCOHOL_TEST_RESULT,BLOOD_ALCOHOL_CONTENT,SUSPECTED_DRUG_USE_CODE,DRUG_TESTED_CODE,DRUG_TEST_TYPE_CODE,DRUG_TEST_RESULT,INJURY_SEVERITY,EMS_TRANSPORT_TYPE,NON_MOTORIST_ACTIONS_CIRCUMSTANCES_1,NON_MOTORIST_ACTIONS_CIRCUMSTANCES_2,SAFETY_EQUIPMENT_CODE_1,SAFETY_EQUIPMENT_CODE_2,S4_AGE_AT_TIME_OF_CRASH,S4_IS_ALCOHOL_RELATED,S4_IS_DRUG_RELATED,S4_IS_AGING,S4_IS_TEENAGER
81465854,2016,2,Other,Other,Other Cyclist,BELLE GLADE,FL,33430,Female,N,,,,,N,,,,None,Not Transported,Dart/Dash,,None,,7,N,N,N,N
82141002,2016,1,Intersection - Marked Crosswalk,Crossing Roadway,Other Cyclist,SEBRING,FL,33870,Female,N,Test Not Given,,,,N,Test Not Given,,,Possible,EMS,"Failure to Obey Traffic Signs, Signals, or Officer",,None,,44,N,N,N,N
82627998,2016,2,Midblock - Marked Crosswalk,Walking/Cycling Along Roadway With Traffic,Other Cyclist,BOCA RATON,FL,33432,Male,N,,,,,N,,,,Incapacitating,EMS,"Failure to Obey Traffic Signs, Signals, or Officer",,None,,46,N,N,N,N
86705495,2016,1,Other,Other,Other Cyclist,HOMESTEAD,,33031,Male,,Test Not Given,,,,,Test Not Given,,,Possible,EMS,Other,,None,,23,N,N,N,N
83589686,2016,2,Intersection - Marked Crosswalk,In Roadway - Other,Other Cyclist,TALLAHASSEE,FL,32306,Male,,,,,,,,,,Non-Incapacitating,EMS,"Failure to Obey Traffic Signs, Signals, or Officer","Failure to Obey Traffic Signs, Signals, or Officer",None,,18,N,N,N,Y
83718899,2016,2,Bicycle Lane,None,Other Cyclist,ST AUGUSTINE,FL,32086,Male,N,Test Not Given,,,,N,Test Not Given,,,Incapacitating,EMS,No Improper Action,,Helmet,Lighting,45,N,N,N,N
84063877,2016,1,Other,Other,Other Cyclist,COVINGTON,,30014,Male,,,,,,,,,,None,Not Transported,Other,,Not Applicable,,57,N,N,N,N
84248563,2016,1,Sidewalk,Walking/Cycling on Sidewalk,Other Cyclist,JACKSONVILLE,FL,32204,Male,N,Test Not Given,,,,N,Test Not Given,,,None,Not Transported,Wrong-Way Riding or Walking,,None,,32,N,N,N,N
84314734,2016,1,Travel Lane - Other Location,Walking/Cycling Along Roadway With Traffic,Other Cyclist,ST LOUIS,MI,63101,Male,N,Test Not Given,,,,N,Test Not Given,,,Possible,EMS,Dart/Dash,,None,,25,N,N,N,N
84323043,2016,1,Unknown,Unknown,Other Cyclist,NORTH PORT,FL,34287,,,,,,,,,,,Non-Incapacitating,Not Transported,Unknown,,None,,,N,N,N,N
84639275,2016,2,Bicycle Lane,Crossing Roadway,Other Cyclist,SEBASTIAN,FL,329580000,Male,,,,,,,,,,Non-Incapacitating,EMS,No Improper Action,,Helmet,,68,N,N,Y,N
84725607,2016,3,Sidewalk,Walking/Cycling on Sidewalk,Other Cyclist,KEY WEST,FL,33040,Female,,,,,,,,,,Non-Incapacitating,EMS,Other,,None,,31,N,N,N,N
84919264,2016,2,Intersection - Other,Crossing Roadway,Other Cyclist,HUDSON,FL,34667,Male,N,,,,,N,,,,Incapacitating,EMS,Failure to Yield Right-of-Way,,None,,26,N,N,N,N
85002947,2016,2,Travel Lane - Other Location,In Roadway - Other,Other Cyclist,BRADENTON,FL,34209,,,,,,,,,,,Non-Incapacitating,EMS,Dart/Dash,,None,,,N,N,N,N
85239316,2016,2,Intersection - Other,None,Other Cyclist,SARASOTA,FL,34233,Female,,Test Not Given,,,,,Test Not Given,,,Possible,Not Transported,Not Visible,,None,,56,N,N,N,N
85257405,2016,2,Intersection - Other,In Roadway - Other,Other Cyclist,NAVARRE,FL,32566,Male,,Test Not Given,,,,,Test Not Given,,,Non-Incapacitating,EMS,In Roadway Improperly,,Helmet,,8,N,N,N,N
85260789,2016,1,Driveway Access,Walking/Cycling on Sidewalk,Other Cyclist,TAMPA,FL,33604,Male,,Test Not Given,,,,,Test Not Given,,,None,Not Transported,Failure to Yield Right-of-Way,No Improper Action,Lighting,None,53,N,N,N,N
85261827,2016,2,Sidewalk,Walking/Cycling on Sidewalk,Other Cyclist,ORLANDO,FL,32809,Male,,Test Not Given,,,,,Test Not Given,,,Possible,EMS,Other,,None,,17,N,N,N,Y
85261827,2016,3,Sidewalk,Other,Pedestrian,ORLANDO,FL,32809,Male,,Test Not Given,,,,,Test Not Given,,,None,Not Transported,Other,,None,,2,N,N,N,N
85264823,2016,1,Intersection - Unmarked Crosswalk,Crossing Roadway,Other Cyclist,PINELLAS,FL,33771,Male,N,Test Not Given,,,,N,Test Not Given,,,Incapacitating,EMS,Failure to Yield Right-of-Way,No Improper Action,None,,51,N,N,N,N
85273826,2016,1,Sidewalk,Other,Other Cyclist,APOPKA,FL,32703,Male,N,Test Not Given,,,,N,Test Not Given,,,Incapacitating,EMS,Other,,None,,16,N,N,N,Y
85274574,2016,2,Other,Walking/Cycling Along Roadway Against Traffic,Other Cyclist,ARCADIA,FL,34266,Male,,Test Not Given,,,,,Test Not Given,,,Possible,Not Transported,In Roadway Improperly,,None,,5,N,N,N,N
85275388,2016,2,Sidewalk,Walking/Cycling on Sidewalk,Bicyclist,CLEARWATER,FL,33761,Male,,Test Not Given,,,,,Test Not Given,,,Non-Incapacitating,Not Transported,No Improper Action,,Helmet,Reflective Clothing,63,N,N,N,N
85275388,2016,3,Sidewalk,Walking/Cycling on Sidewalk,Other Cyclist,CLEARWATER,FL,33761,Female,,Test Not Given,,,,,Test Not Given,,,Possible,Not Transported,No Improper Action,,Helmet,Reflective Clothing,62,N,N,N,N
85297582,2016,2,Travel Lane - Other Location,Walking/Cycling Along Roadway Against Traffic,Bicyclist,ZEPHYRHILLS,FL,33542,Male,,Test Not Given,,,,,Test Not Given,,,None,Not Transported,No Improper Action,,None,,19,N,N,N,Y
85297582,2016,3,Travel Lane - Other Location,Walking/Cycling Along Roadway Against Traffic,Other Cyclist,ZEPHYRHILLS,FL,33542,Male,,Test Not Given,,,,,Test Not Given,,,None,Not Transported,No Improper Action,,None,,3,N,N,N,N
85306174,2016,2,Sidewalk,Walking/Cycling on Sidewalk,Bicyclist,DAYTONA BEACH,FL,32118,Male,,Test Not Given,,,,,Test Not Given,,,Possible,EMS,No Improper Action,,None,,38,N,N,N,N
85306174,2016,3,Sidewalk,Walking/Cycling on Sidewalk,Other Cyclist,PORT ORANGE,FL,32129,Male,,Test Not Given,,,,,Test Not Given,,,None,Not Transported,No Improper Action,,None,,12,N,N,N,N
85311667,2016,3,Intersection - Marked Crosswalk,Crossing Roadway,Bicyclist,ORLANDO,FL,32805,Male,,Test Not Given,,,,,Test Not Given,,,Non-Incapacitating,EMS,No Improper Action,,None,,66,N,N,Y,N
85311667,2016,4,Intersection - Marked Crosswalk,Crossing Roadway,Other Cyclist,ORLANDO,FL,32805,Female,,Test Not Given,,,,,Test Not Given,,,Non-Incapacitating,EMS,No Improper Action,,Helmet,,4,N,N,N,N
85339936,2016,2,Intersection - Unmarked Crosswalk,Crossing Roadway,Other Cyclist,LARGO,FL,33773,Male,N,Test Not Given,,,,N,Test Not Given,,,Incapacitating,EMS,Failure to Yield Right-of-Way,,None,,53,N,N,N,N
85348337,2016,2,Travel Lane - Other Location,Walking/Cycling Along Roadway Against Traffic,Other Cyclist,GULF BREEZE,FL,32563,Male,,Test Not Given,,,,,Test Not Given,,,Non-Incapacitating,EMS,Other,,None,,30,N,N,N,N
85356288,2016,3,Travel Lane - Other Location,Crossing Roadway,Bicyclist,ST PETERSBURG,FL,33709,Male,N,Test Not Given,,,,N,Test Not Given,,,Incapacitating,EMS,Failure to Yield Right-of-Way,,None,,9,N,N,N,N
85356288,2016,4,Travel Lane - Other Location,Crossing Roadway,Other Cyclist,ST PETERSBURG,FL,33709,Male,N,Test Not Given,,,,N,Test Not Given,,,Incapacitating,EMS,Other,,None,,6,N,N,N,N
85369727,2016,2,Intersection - Other,Walking/Cycling Along Roadway With Traffic,Bicyclist,FT WALTON BEACH,FL,32547,Male,,Test Not Given,,,,,Test Not Given,,,Non-Incapacitating,EMS,Failure to Yield Right-of-Way,,None,,14,N,N,N,N
85369727,2016,3,Intersection - Other,Other,Other Cyclist,FT WALTON BEACH,FL,32547,Male,,Test Not Given,,,,,Test Not Given,,,Non-Incapacitating,EMS,No Improper Action,,None,,6,N,N,N,N
85378712,2016,2,Shoulder/Roadside,Crossing Roadway,Other Cyclist,DELAND,FL,32720,Male,N,Test Not Given,,,,N,Test Not Given,,,Incapacitating,EMS,Dart/Dash,,None,,26,N,N,N,N
85383033,2016,2,Travel Lane - Other Location,Walking/Cycling Along Roadway Against Traffic,Other Cyclist,KISSIMMEE,FL,34743,Male,,Test Not Given,,,,,Test Not Given,,,Non-Incapacitating,EMS,Wrong-Way Riding or Walking,,None,,57,N,N,N,N
85406679,2016,3,Intersection - Unmarked Crosswalk,Walking/Cycling Along Roadway Against Traffic,Other Cyclist,HUDSON,FL,34667,Male,N,Test Not Given,,,,N,Test Not Given,,,Possible,Not Transported,Wrong-Way Riding or Walking,,None,,25,N,N,N,N
85412813,2016,3,Travel Lane - Other Location,Walking/Cycling Along Roadway With Traffic,Other Cyclist,ORLANDO,FL,32808,Male,,Test Not Given,,,,,Test Not Given,,,Possible,EMS,Improper Turn/Merge,,None,,48,N,N,N,N
85436254,2016,1,Sidewalk,Adjacent to Roadway,Other Cyclist,ORLANDO,FL,32804,Male,,Test Not Given,,,,,Test Not Given,,,None,Not Transported,No Improper Action,,Reflective Clothing,,56,N,N,N,N
85442822,2016,2,Intersection - Marked Crosswalk,Crossing Roadway,Bicyclist,ORLANDO,FL,32836,Female,,Test Not Given,,,,,Test Not Given,,,Possible,Not Transported,No Improper Action,,None,,33,N,N,N,N
85442822,2016,3,Intersection - Marked Crosswalk,Crossing Roadway,Other Cyclist,MORGANTOWN,WV,26505,Male,,Test Not Given,,,,,Test Not Given,,,Non-Incapacitating,Not Transported,No Improper Action,,None,,44,N,N,N,N
85442822,2016,4,Intersection - Marked Crosswalk,Crossing Roadway,Other Cyclist,MORGANTOWN,WV,26507,Male,,Test Not Given,,,,,Test Not Given,,,Non-Incapacitating,Not Transported,No Improper Action,,None,,45,N,N,N,N
85449192,2016,2,Sidewalk,Other,Other Cyclist,ORLANDO,FL,32825,Male,N,Test Not Given,,,,N,Test Not Given,,,None,Not Transported,Other,,None,,7,N,N,N,N
85710190,2016,2,Travel Lane - Other Location,In Roadway - Other,Other Cyclist,NORTH MIAMI,,33181,Female,N,,,,,N,,,,Possible,Not Transported,No Improper Action,,None,,32,N,N,N,N
85710334,2016,2,Shoulder/Roadside,Walking/Cycling Along Roadway With Traffic,Other Cyclist,LANDERON,,2525,Male,N,,,,,N,,,,None,Not Transported,No Improper Action,,None,,,N,N,N,N
85712446,2016,1,Travel Lane - Other Location,Walking/Cycling Along Roadway With Traffic,Other Cyclist,NORTH BAY VILLAGE,,33141,Male,,,,,,,,,,Non-Incapacitating,Not Transported,No Improper Action,,None,,26,N,N,N,N
85829098,2016,2,Intersection - Unmarked Crosswalk,Walking/Cycling on Sidewalk,Other Cyclist,GREENACRES,FL,33463,Male,,,,,,,,,,Possible,Not Transported,No Improper Action,,None,,20,N,N,N,N
85987122,2016,1,Intersection - Other,Crossing Roadway,Other Cyclist,MIAMI,,33147,Male,,,,,,,,,,Possible,Not Transported,Failure to Yield Right-of-Way,,None,,13,N,N,N,N
85990032,2016,1,Unknown,Unknown,Other Cyclist,MIAMI,,33147,Male,,,,,,,,,,Incapacitating,EMS,Unknown,,None,,53,N,N,N,N
86016476,2016,1,Travel Lane - Other Location,Walking/Cycling Along Roadway With Traffic,Other Cyclist,SAN ANTONIO,TX,78251,,,,,,,,,,,Non-Incapacitating,Not Transported,No Improper Action,,None,,,N,N,N,N
86017033,2016,2,Sidewalk,Other,Other Cyclist,FORT LAUDERDALE,FL,33311,,,,,,,,,,,Possible,Not Transported,No Improper Action,,None,,,N,N,N,N
86123641,2016,3,Driveway Access,In Roadway - Other,Other Cyclist,PENSACOLA,FL,32505,Male,N,Test Not Given,,,,N,Test Not Given,,,Possible,EMS,Inattentive,,None,,6,N,N,N,N
86150631,2016,2,Intersection - Unmarked Crosswalk,Other,Other Cyclist,TAMPA,FL,33603,Male,N,,,,,N,,,,Incapacitating,EMS,"Failure to Obey Traffic Signs, Signals, or Officer",,None,,30,N,N,N,N
86156991,2016,4,Other,Crossing Roadway,Bicyclist,TAMPA,FL,33617,Male,,,,,,,,,,None,Not Transported,Failure to Yield Right-of-Way,,None,,24,N,N,N,N
86156991,2016,5,Other,None,Other Cyclist,TAMPA,FL,33617,Male,,,,,,,,,,Non-Incapacitating,Not Transported,No Improper Action,,None,,4,N,N,N,N
86174153,2016,1,Intersection - Other,Walking/Cycling Along Roadway With Traffic,Other Cyclist,JACKSONVILLE,FL,32246,Male,,Test Not Given,,,,,Test Not Given,,,Non-Incapacitating,EMS,Other,,None,,32,N,N,N,N
86207813,2016,2,Intersection - Unmarked Crosswalk,Crossing Roadway,Other Cyclist,VALRICO,FL,33594,Female,,Test Not Given,,,,,Test Not Given,,,Possible,Other,Dart/Dash,,None,,8,N,N,N,N
86216218,2016,2,Intersection - Marked Crosswalk,Walking/Cycling on Sidewalk,Other Cyclist,TALLAHASSEE,FL,32303,Female,N,,,,,N,,,,Incapacitating,EMS,Failure to Yield Right-of-Way,,None,,18,N,N,N,Y
86264535,2016,2,Intersection - Unmarked Crosswalk,In Roadway - Other,Other Cyclist,LAUDERDALE LAKES,FL,33309,,N,,,,,N,,,,Incapacitating,EMS,Dart/Dash,In Roadway Improperly,None,,,N,N,N,N
86270613,2016,3,Intersection - Other,Crossing Roadway,Other Cyclist,POMPANO BEACH,FL,33060,,,,,,,,,,,Non-Incapacitating,Not Transported,Failure to Yield Right-of-Way,,None,,,N,N,N,N
86278543,2016,2,Driveway Access,Walking/Cycling on Sidewalk,Bicyclist,PANAMA CITY,FL,32401,Male,N,,,,,N,,,,Incapacitating,EMS,No Improper Action,,None,,25,N,N,N,N
86278543,2016,3,Driveway Access,None,Other Cyclist,PANAMA CITY,FL,32401,Male,N,,,,,N,,,,Incapacitating,EMS,No Improper Action,,None,,3,N,N,N,N
86284807,2016,1,Other,In Roadway - Other,Other Cyclist,GAINESVILLE,FL,32641,,,Test Not Given,,,,,Test Not Given,,,None,Not Transported,No Improper Action,,None,,,N,N,N,N
86293479,2016,2,Intersection - Marked Crosswalk,Walking/Cycling on Sidewalk,Other Cyclist,WEST PALM BEACH,FL,33407,,,,,,,,,,,Possible,EMS,Failure to Yield Right-of-Way,"Failure to Obey Traffic Signs, Signals, or Officer",None,,,N,N,N,N
86308341,2016,2,Intersection - Marked Crosswalk,Walking/Cycling on Sidewalk,Other Cyclist,WILTON MANORS,,33311,Female,,,,,,,,,,Possible,EMS,Unknown,,None,,50,N,N,N,N
86313441,2016,2,Shoulder/Roadside,Walking/Cycling Along Roadway With Traffic,Other Cyclist,LAKELAND,,33811,Female,N,,,,,N,,,,Incapacitating,EMS,No Improper Action,,Helmet,Reflective Clothing,33,N,N,N,N
86314062,2016,2,Travel Lane - Other Location,Walking/Cycling Along Roadway With Traffic,Other Cyclist,LAKELAND,,33801,Male,,,,,,,,,,Non-Incapacitating,EMS,No Improper Action,,None,,37,N,N,N,N
86319359,2016,2,Sidewalk,Other,Bicyclist,LARGO,FL,33771,Male,N,,,,,N,,,,Possible,EMS,No Improper Action,,Not Applicable,,23,N,N,N,N
86319359,2016,3,Sidewalk,Other,Other Cyclist,LARGO,FL,33771,Female,N,,,,,N,,,,None,Not Transported,No Improper Action,,None,,3,N,N,N,N
86320161,2016,2,Sidewalk,Walking/Cycling on Sidewalk,Other Cyclist,LARGO,FL,33770,Male,N,,,,,N,,,,None,Not Transported,No Improper Action,,None,,18,N,N,N,Y
86329162,2016,2,Sidewalk,Walking/Cycling on Sidewalk,Other Cyclist,MIAMI,,33157,Male,,,,,,,,,,Possible,Not Transported,No Improper Action,,Lighting,Lighting,22,N,N,N,N
86329525,2016,2,Bicycle Lane,Walking/Cycling on Sidewalk,Other Cyclist,MIAMI,,33189,Male,,,,,,,,,,None,Not Transported,No Improper Action,,None,,40,N,N,N,N
86550372,2016,2,Sidewalk,Walking/Cycling Along Roadway Against Traffic,Bicyclist,LAUDERHILL,FL,33319,Male,N,,,,,N,,,,None,Not Transported,Wrong-Way Riding or Walking,No Improper Action,None,,13,N,N,N,N
86550372,2016,3,Sidewalk,Walking/Cycling Along Roadway Against Traffic,Other Cyclist,LAUDERHILL,FL,33319,Female,N,,,,,N,,,,None,Not Transported,No Improper Action,,None,,,N,N,N,N
86344286,2016,2,Intersection - Marked Crosswalk,Crossing Roadway,Other Cyclist,CLEARWATER,FL,33765,Male,,,,,,,,,,Possible,Not Transported,Other,,None,,44,N,N,N,N
86344511,2016,2,Travel Lane - Other Location,Walking/Cycling Along Roadway With Traffic,Other Cyclist,CLEARWATER,FL,33756,Male,,,,,,,,,,None,Not Transported,No Improper Action,,None,,19,N,N,N,Y
86360874,2016,2,Travel Lane - Other Location,Crossing Roadway,Other Cyclist,OCALA,FL,34480,,,,,,,,,,,Non-Incapacitating,Not Transported,Dart/Dash,Failure to Yield Right-of-Way,None,,,N,N,N,N
86361716,2016,2,Other,Other,Other Cyclist,PORT ST LUCIE,FL,34984,,,Test Given,Breath,Completed,0.257,,,,,Non-Incapacitating,Not Transported,In Roadway Improperly,Failure to Yield Right-of-Way,None,,,Y,N,N,N
86378783,2016,2,Travel Lane - Other Location,In Roadway - Other,Other Cyclist,LEHIGH ACRES,FL,33973,Male,,,,,,,,,,Non-Incapacitating,EMS,Dart/Dash,,None,,6,N,N,N,N
86390049,2016,3,Travel Lane - Other Location,Crossing Roadway,Other Cyclist,PALM BAY,FL,32909,Female,N,,,,,N,,,,Incapacitating,EMS,Failure to Yield Right-of-Way,,None,,9,N,N,N,N
86390584,2016,3,Other,Other,Other Cyclist,PALM BAY,FL,32909,Male,,,,,,,,,,Non-Incapacitating,Not Transported,Other,Other,None,,10,N,N,N,N
86392521,2016,1,Other,Other,Other Cyclist,COVINGTON,,30014,Male,,,,,,,,,,None,Not Transported,Other,,Not Applicable,,57,N,N,N,N
86400129,2016,2,Travel Lane - Other Location,Crossing Roadway,Other Cyclist,LAKE WORTH,FL,33463,Male,N,,,,,N,,,,Possible,EMS,No Improper Action,,None,,11,N,N,N,N
86413145,2016,2,Driveway Access,Walking/Cycling on Sidewalk,Other Cyclist,SARASOTA,FL,34232,Male,,,,,,,,,,,,,,,,8,N,N,N,N
86416316,2016,2,Bicycle Lane,Crossing Roadway,Other Cyclist,MIAMI,FL,33189,Male,N,,,,,N,,,,None,Not Transported,No Improper Action,,None,,56,N,N,N,N
86419229,2016,2,Travel Lane - Other Location,Walking/Cycling Along Roadway With Traffic,Other Cyclist,MIAMI,FL,33133,Male,N,,,,,N,,,,,Not Transported,Failure to Yield Right-of-Way,,None,,40,N,N,N,N
86421368,2016,2,Sidewalk,Other,Other Cyclist,MIAMI GARDENS,FL,33056,Male,,,,,,,,,,None,Not Transported,No Improper Action,,None,,51,N,N,N,N
86426705,2016,2,Intersection - Marked Crosswalk,Walking/Cycling Along Roadway With Traffic,Other Cyclist,CORAL GABLES,FL,33134,Male,N,,,,,N,,,,None,Not Transported,No Improper Action,,None,,54,N,N,N,N
86429732,2016,2,Other,Crossing Roadway,Other Cyclist,MIAMI,FL,33142,Male,N,,,,,N,,,,Possible,EMS,Failure to Yield Right-of-Way,Failure to Yield Right-of-Way,None,,24,N,N,N,N
86434060,2016,2,Other,Other,Other Cyclist,MIAMI,FL,33147,Male,,,,,,,,,,Non-Incapacitating,Not Transported,Other,,None,,54,N,N,N,N
86435132,2016,1,Intersection - Marked Crosswalk,Crossing Roadway,Other Cyclist,MIAMI,FL,33127,Male,N,,,,,N,,,,Possible,Not Transported,Wrong-Way Riding or Walking,Failure to Yield Right-of-Way,None,,17,N,N,N,Y
86437371,2016,2,Intersection - Marked Crosswalk,Crossing Roadway,Bicyclist,PLANTATION,FL,33324,,,,,,,,,,,None,Not Transported,No Improper Action,,None,,,N,N,N,N
86437371,2016,3,Intersection - Marked Crosswalk,Crossing Roadway,Other Cyclist,PLANTATION,FL,33324,,,,,,,,,,,Non-Incapacitating,EMS,Other,,None,,,N,N,N,N
86463556,2016,1,Travel Lane - Other Location,Crossing Roadway,Other Cyclist,DAVIE,FL,33314,,N,,,,,N,,,,Possible,EMS,Failure to Yield Right-of-Way,In Roadway Improperly,None,,,N,N,N,N
86465040,2016,1,Other,Other,Other Cyclist,FORT LAUDERDALE,FL,33311,,N,,,,,N,,,,Possible,EMS,No Improper Action,,None,,,N,N,N,N
86476907,2016,3,Intersection - Unmarked Crosswalk,Other,Other Cyclist,IMMOKALEE,FL,34142,Male,,,,,,,,,,,,Inattentive,Other,,,47,N,N,N,N
86479030,2016,2,Intersection - Marked Crosswalk,Crossing Roadway,Other Cyclist,HOBE SOUND,FL,33455,Male,,,,,,,,,,Non-Incapacitating,Other,Other,,None,,10,N,N,N,N
86480948,2016,2,Driveway Access,Walking/Cycling on Sidewalk,Other Cyclist,STUART,FL,34994,Male,,,,,,,,,,Non-Incapacitating,EMS,Dart/Dash,Other,None,,62,N,N,N,N
86538953,2016,2,Travel Lane - Other Location,Walking/Cycling Along Roadway With Traffic,Other Cyclist,PORT CHARLOTTE,FL,33952,Male,N,,,,,N,,,,Possible,EMS,No Improper Action,,None,,8,N,N,N,N
86543630,2016,1,Intersection - Other,Walking/Cycling Along Roadway Against Traffic,Bicyclist,PENSACOLA,FL,32503,Female,,Test Not Given,,,,,Test Not Given,,,None,Not Transported,No Improper Action,,None,,30,N,N,N,N
86543630,2016,2,Other,Other,Other Cyclist,PENSCOLA,FL,32503,Male,,Test Not Given,,,,,Test Not Given,,,None,Not Transported,No Improper Action,,Other,,1,N,N,N,N
86550542,2016,1,Other,Other,Other Cyclist,OAKLAND PARK,FL,33311,Male,N,,,,,N,,,,Possible,EMS,Other,,None,,9,N,N,N,N
86551573,2016,2,Other,Walking/Cycling Along Roadway Against Traffic,Other Cyclist,FORT LAUDERDALE,FL,33311,Male,,,,,,,,,,Non-Incapacitating,EMS,No Improper Action,,None,,15,N,N,N,Y
86559252,2016,1,Bicycle Lane,In Roadway - Other,Other Cyclist,TAMPA,FL,33607,Male,,Test Not Given,,,,,Test Not Given,,,Possible,EMS,Other,,None,,27,N,N,N,N
86585699,2016,1,Sidewalk,Other,Other Cyclist,HOMESTEAD,FL,33033,,N,,,,,N,,,,None,Not Transported,Other,,None,,,N,N,N,N
86590554,2016,2,Shoulder/Roadside,Walking/Cycling Along Roadway With Traffic,Other Cyclist,PLANT CITY,FL,33566,Male,,,,,,,,,,,,No Improper Action,,,,34,N,N,N,N
86592218,2016,2,Sidewalk,Crossing Roadway,Other Cyclist,GAINESVILLE,FL,32641,,,,,,,,,,,Possible,Not Transported,Other,,None,,,N,N,N,N
86592218,2016,3,Sidewalk,Walking/Cycling on Sidewalk,Other Pedestrian,GAINESVILLE,FL,32641,,,,,,,,,,,Non-Incapacitating,EMS,No Improper Action,,None,,,N,N,N,N
86619381,2016,2,Shoulder/Roadside,Walking/Cycling Along Roadway With Traffic,Other Cyclist,WEST PALM BEACH,FL,33409,,N,,,,,N,,,,Incapacitating,EMS,Other,,None,,,N,N,N,N
86630322,2016,2,Sidewalk,Walking/Cycling on Sidewalk,Other Cyclist,PLANTATION,FL,33325,Female,,,,,,,,,,Non-Incapacitating,Not Transported,Other,,Helmet,,57,N,N,N,N
86633168,2016,2,Other,Unknown,Other Cyclist,LAKELAND,FL,33809,Male,N,,,,,N,,,,Fatal (within 30 days),EMS,Improper Turn/Merge,,Helmet,,81,N,N,Y,N
86638222,2016,2,Travel Lane - Other Location,Other,Other Cyclist,BOYNTON BEACH,FL,33426,,,,,,,,,,,Non-Incapacitating,EMS,No Improper Action,,None,,,N,N,N,N
86645573,2016,1,Travel Lane - Other Location,Walking/Cycling Along Roadway With Traffic,Other Cyclist,JACKSONVILLE,FL,32207,Male,N,Test Not Given,,,,N,Test Not Given,,,Possible,EMS,No Improper Action,,None,,45,N,N,N,N
86646089,2016,1,Driveway Access,Walking/Cycling Along Roadway Against Traffic,Other Cyclist,JACKSONVILLE,FL,32210,Male,,Test Not Given,,,,,Test Not Given,,,Non-Incapacitating,EMS,Failure to Yield Right-of-Way,,None,,12,N,N,N,N
