REPORT_NUMBER,CRASH_YEAR,VEHICLE_NUMBER,PERSON_NUMBER,CITY,STATE,ZIP_CODE,SEX,HELMET_CODE,RESTRAINT_SYSTEM_CODE,EYE_PROTECTION_CODE,AIR_BAG_DEPLOYMENT_CODE,EJECTED,INJURY_SEVERITY,EMS_TRANSPORT_TYPE,SEAT_POSITION_CODE,ROW_POSITION_CODE,OTHER_POSITION_CODE,S4_AGE_AT_TIME_OF_CRASH,S4_IS_UNRESTRAINED_PASSENGER
84725607,2016,1,2,HAVERTOWN,PA,19465,Female,No Helmet,Shoulder and Lap Belt Used,,Not Deployed,Not Ejected,None,Not Transported,Right,Front,Not Applicable,47,N
85002947,2016,1,3,BRADENTON,FL,34209,Male,,Shoulder and Lap Belt Used,,Not Deployed,Not Ejected,None,Not Transported,Right,Front,Not Applicable,11,N
85239316,2016,1,3,SARASOTA,FL,34232,Female,,Shoulder and Lap Belt Used,,Not Deployed,Not Ejected,None,Not Transported,Left,Second,Not Applicable,7,N
86705495,2016,1,2,MIAMI,FL,33157,Female,No Helmet,None Used - Motor Vehicle Occupant,N,Not Applicable,Unknown,Possible,EMS,Other,Other Row,Not Applicable,22,Y
85239316,2016,1,4,SARASOTA,FL,34232,Female,,Shoulder and Lap Belt Used,,Not Deployed,Not Ejected,None,Not Transported,Right,Second,Not Applicable,10,N
85356288,2016,1,2,ST PETERSBURG,FL,33713,Female,,Child Restraint System - Rear Facing,,Not Deployed,Not Ejected,Possible,EMS,Right,Second,Not Applicable,1,N
85406679,2016,1,2,HUDSON,FL,34667-3247,Female,,Shoulder and Lap Belt Used,,Not Deployed,Not Ejected,None,Not Transported,Right,Front,,56,N
85412813,2016,1,2,BRADENTON,FL,34207,Female,,Shoulder and Lap Belt Used,,Not Deployed,Not Ejected,None,Not Transported,Right,Front,Not Applicable,25,N
85710334,2016,1,3,MIAMI,FL,33158,Male,No Helmet,None Used - Motor Vehicle Occupant,,Not Deployed,Not Ejected,None,Not Transported,Right,Second,Not Applicable,16,Y
85712446,2016,2,3,MIAMI,FL,33132,Male,No Helmet,Shoulder and Lap Belt Used,,Not Deployed,Not Ejected,None,Not Transported,Right,Front,Not Applicable,29,N
86156991,2016,1,2,NORTH RICHLAND HILLS,TX,76180,Female,,Shoulder and Lap Belt Used,,Not Applicable,Not Ejected,None,Not Transported,Right,Front,,19,N
86156991,2016,1,3,TEMPLE TERRACE,FL,33617,Male,,Shoulder and Lap Belt Used,,Not Applicable,Not Ejected,None,Not Transported,Right,Second,,19,N
86264535,2016,1,3,FORT LAUDERDALE,FL,33316,Female,No Helmet,Shoulder and Lap Belt Used,,Not Deployed,Not Ejected,None,Not Transported,Right,Front,Not Applicable,18,N
86264535,2016,1,4,LAUDERHILL,FL,33313,Female,No Helmet,Shoulder and Lap Belt Used,,Not Deployed,Not Ejected,None,Not Transported,Right,Second,Not Applicable,21,N
86264535,2016,1,5,CORAL SPRINGS,FL,33065,Female,No Helmet,Shoulder and Lap Belt Used,,Not Deployed,Not Ejected,None,Not Transported,Left,Second,Not Applicable,20,N
86270613,2016,1,2,CORAL SPRINGS,FL,33065,Female,No Helmet,Shoulder and Lap Belt Used,,Not Deployed,Not Ejected,None,Not Transported,Right,Front,Not Applicable,20,N
86390049,2016,1,2,PALM BAY,FL,32909,Female,,Shoulder and Lap Belt Used,,Not Deployed,Not Ejected,None,Not Transported,Right,Front,,12,N
86390584,2016,1,2,PALM BAY,FL,32909,Female,,Shoulder and Lap Belt Used,,Not Deployed,Not Ejected,None,Not Transported,Right,Second,Not Applicable,4,N
86463556,2016,1,3,FORT LAUDERDALE,FL,33311,Female,No Helmet,Shoulder and Lap Belt Used,N,Not Deployed,Not Ejected,None,Not Transported,Right,Front,Not Applicable,31,N
86476907,2016,1,2,IMMOKALEE,FL,34142,Male,,Shoulder and Lap Belt Used,,,,,,,,,34,N
86633168,2016,1,3,LAKELAND,FL,33809,Male,No Helmet,Shoulder and Lap Belt Used,,Not Deployed,Not Ejected,None,Not Transported,Right,Front,Unknown,5,N
