REPORT_NUMBER,CRASH_YEAR,VEHICLE_NUMBER,OWNER_CITY,OWNER_STATE,OWNER_ZIP_CODE,COMMERCIAL_VEHICLE_FLAG,MOTION_CODE,STATE_OF_REGISTRATION,PERMANENT_REGISTRATION_FLAG,HIT_AND_RUN_FLAG,VEHICLE_YEAR,VEHICLE_MAKE,VEHICLE_MODEL,VEHICLE_STYLE,VEHICLE_COLOR,DISABLING_FUNCTIONAL_DAMAGE,ESTIMATED_VEHICLE_DAMAGE,TOW_DAMAGE_CODE,HOW_TOW_REQUESTED,BUSINESS_OWNED_FLAG,VEHICLE_TRAVELING,ROAD_ON,ESTIMATED_MPH,POSTED_SPEED,TOTAL_NUMBER_OF_LANES,HAZARDOUS_MATERIAL_RELEASED,HAZMAT_PLACARD,HAZARDOUS_PLACARD_NUMBER,HAZMAT_CLASS,POINT_OF_IMPACT,MOST_DAMAGED_AREA_CODE,TYPE_OF_VEHICLE,TRAFFICWAY_CODE,COMMERCIAL_VEHICLE_CONFIGURATION_CODE,COMMERCIAL_USE_CODE,CARRIER_CARGO_BODY_TYPE,COMMERCIAL_VEHICLE_WEIGHT_CODE,MOST_HARMFUL_EVENT_CODE,HARMFUL_EVENT_1,HARMFUL_EVENT_2,HARMFUL_EVENT_3,HARMFUL_EVENT_4,EMERGENCY_VEHICLE_USE_CODE,ROADWAY_GRADE_CODE,ROADWAY_ALIGNMENT_CODE,VEHICLE_MANEUVER_ACTION,TRAFFIC_CONTROL_DEVICE,VEHICLE_SPECIAL_FUNCTION,VEHICLE_DEFECT1,VEHICLE_DEFECT2,S4_IS_COMMERCIAL_MOTOR_VEHICLE
81465854,2016,1,BELLE GLADE,FL,33430,N,Vehicle in Transport,FL,N,N,2010,FORD,,PK,DBL,Functional,1,N,,N,North,SW 7TH STREET,5,25,2,,,,,Front Right Bumper,Front Right Bumper,Passenger Car,"Two-Way, Not Divided",,,,,,Pedestrian,,,,N,Level,Straight,Straight Ahead,No Controls,No Special Function,None,,
82141002,2016,1,SEBRING,FL,33870-2255,N,Vehicle in Transport,FL,N,N,2003,LEXS,,UT,BLU,Minor,5,N,,N,East,SEBRING PARKWAY,10,45,2,,,,,Front Left Bumper,Front Left Bumper,Passenger Car,"Two-Way, Divided, Positive Median Barrier",,,,,Pedestrian,Pedestrian,,,,N,Level,Straight,Straight Ahead,Traffic Control Signal,No Special Function,None,,
82627998,2016,1,BOCA RATON,FL,33432,,Vehicle in Transport,FL,,,2005,FORD,,4D,WHI,Functional,75,,,,North,NORTHWEST 2ND AVENUE,30,35,4,,,,,Right Rear Door,Right Rear Door,(Sport) Utility Vehicle,"Two-Way, Divided, Positive Median Barrier",,,,,Motor Vehicle in Transport,Motor Vehicle in Transport,,,,,Level,Straight,Straight Ahead,No Controls,No Special Function,None,,
86705495,2016,1,HOMESTEAD,FL,33031,,Vehicle in Transport,FL,,N,2016,YAMA,,MV,YEL,Disabling,100,Y,Owner Request,N,West,SW 280 STREET,40,40,0,,,,,Front Center Bumper,Front Center Bumper,All Terrain Vehicle (ATV),"Two-Way, Not Divided",,,,,Motor Vehicle in Transport,Motor Vehicle in Transport,Overturn/Rollover,,,N,Sag (bottom),Straight,Unknown,No Controls,No Special Function,None,,
83589686,2016,1,TALLAHASSEE,FL,32306,N,Vehicle in Transport,FL,,,2000,UK,,,,None,50,N,Other,N,West,UNIVERSITY WAY,15,20,2,,,,,Left Front Door,Left Front Door,Other,"Two-Way, Not Divided",,,,,Motor Vehicle in Transport,Motor Vehicle in Transport,,,,N,Downhill,Curve Right,Straight Ahead,Stop Sign,No Special Function,None,,
83718899,2016,1,ST AUGUSTINE,FL,32084-1741,,Vehicle in Transport,FL,,,1998,FORD,,PK,GRN,Functional,250,,,,North,SR-207,10,45,4,,,,,Right Front Door,Right Front Door,Pickup,"Two-Way, Divided, Positive Median Barrier",,,,,Pedalcycle,Pedalcycle,,,,,Level,Straight,Turning Right,No Controls,No Special Function,None,,
84063877,2016,2,COVINGTON,GA,30014,,Parked Motor Vehicle,GA,,Y,2009,DODG,,2D,BLU,Minor,300,N,Driver,N,Off-Road,2301 SANDRIDGE CR,0,1,0,,,,,Rear Left Bumper,Rear Left Bumper,Passenger Car,Unknown,,,,,Motor Vehicle in Transport,Motor Vehicle in Transport,,,,N,Level,Straight,Backing,No Controls,No Special Function,None,,
84248563,2016,1,JACKSONVILLE,FL,32210,N,Vehicle in Transport,FL,N,N,2013,FORD,,PK,BGE,Minor,500,N,Driver,N,South,3541 SR 10 / W BEAVER ST,5,15,4,,,,,Right Front Door,Right Front Door,Pickup,"Two-Way, Divided, Positive Median Barrier",,,,,Motor Vehicle in Transport,Motor Vehicle in Transport,,,,N,Level,Straight,Straight Ahead,No Controls,No Special Function,None,,
84314734,2016,1,OCALA,FL,34474-0000,N,Vehicle in Transport,FL,N,N,2007,CHEV,,2D,BLK,Minor,1000,N,,N,North,NW COMMERCE BLVD,25,30,2,,,,,Front Right Bumper,Front Right Bumper,Passenger Car,"Two-Way, Divided, Positive Median Barrier",,,,,Pedestrian,Pedestrian,,,,N,Level,Curve Left,Straight Ahead,No Controls,No Special Function,None,,
84323043,2016,1,,,,N,Vehicle in Transport,,,Y,,,,,,,0,N,,N,East,APPOMATTOX DR,35,35,2,,,,,,,Passenger Car,"Two-Way, Not Divided",,,,,Pedalcycle,"Ran Off Roadway, Left",Pedalcycle,,,,Level,Straight,Unknown,No Controls,Unknown,Unknown,,
84639275,2016,1,SEBASTIAN,FL,32958,N,Vehicle in Transport,FL,,N,2010,LINC,,UT,RED,Functional,1000,N,Driver,N,South,US 1,35,35,2,,,,,Right Rear Door,Right Rear Door,(Sport) Utility Vehicle,"Two-Way, Divided, Positive Median Barrier",,,,,Motor Vehicle in Transport,Motor Vehicle in Transport,,,,N,Level,Straight,Turning Right,No Controls,No Special Function,None,,
84725607,2016,1,ORLANDO,FL,32827,N,Vehicle in Transport,FL,,N,2016,CHEV,,4D,GRY,None,0,N,Driver,Y,East,DRIVEWAY ENTRANCE/EXIT,1,,2,,,,,Front Right Bumper,,Passenger Car,"Two-Way, Not Divided",,,,,Pedalcycle,Pedalcycle,,,,N,Level,Straight,Other,Stop Sign,No Special Function,None,,
84919264,2016,1,HOLIDAY,FL,34690,,Vehicle in Transport,FL,,,1999,DODGE,,PK,WHI,Minor,200,,Rotation,,East,NEBRASKA AVE,20,25,2,,,,,Front Center Bumper,Front Center Bumper,Pickup,"Two-Way, Not Divided",,,,,Motor Vehicle in Transport,Motor Vehicle in Transport,,,,,Level,Straight,Straight Ahead,No Controls,No Special Function,None,,
85002947,2016,1,BRADENTON,FL,34209,N,Vehicle in Transport,FL,N,N,2004,MERC,,SW,WHI,Minor,200,N,,N,East,34TH AVE W,15,25,2,,,,,Front Center Bumper,Front Center Bumper,(Sport) Utility Vehicle,"Two-Way, Not Divided",,,,,Pedestrian,Pedestrian,,,,N,Level,Straight,Straight Ahead,No Controls,No Special Function,None,,
85239316,2016,1,SARASOTA,FL,34232-5730,N,Vehicle in Transport,FL,N,N,2009,KIA,,LX,RED,Minor,100,N,,N,West,2955 BENEVA RD,5,25,2,,,,,Front Center Bumper,Front Center Bumper,(Sport) Utility Vehicle,"Two-Way, Not Divided",,,,,Pedalcycle,Pedalcycle,,,,N,Level,Straight,Straight Ahead,No Controls,No Special Function,None,,
85257405,2016,1,NAVARRE,FL,32566-0000,N,Vehicle in Transport,FL,N,N,2013,JEEP,,UT,SIL,Minor,50,N,,N,South,LAKES EDGE LANE,10,15,2,,,,,Front Right Bumper,Front Right Bumper,Pickup,"Two-Way, Not Divided",,,,,Other Non-Fixed Object,Other Non-Fixed Object,,,,N,Level,Straight,Straight Ahead,No Controls,No Special Function,None,,
85260789,2016,1,LUTZ,FL,33549,N,Vehicle in Transport,FL,N,N,2001,TOYT,,PK,GRN,Minor,500,N,,N,West,US HIGHWAY 41 (IFO HIMES ELECTRICAL,5,15,2,,,,,Right Front Fender,Right Front Fender,Pickup,"Two-Way, Not Divided",,,,,Pedalcycle,Pedalcycle,,,,N,Level,Straight,Turning Right,No Controls,No Special Function,None,,
85261827,2016,1,ORLANDO,FL,32839-0000,N,Vehicle in Transport,FL,N,N,2001,GMC,,PK,WHI,Minor,200,N,,N,South,OAK RIDGE ROAD,20,35,2,,,,,Front Center Bumper,Front Center Bumper,Pickup,"Two-Way, Not Divided",,,,,Pedestrian,Pedestrian,,,,N,Level,Straight,Straight Ahead,No Controls,No Special Function,None,,
85264823,2016,1,NEW PORT RICHEY,FL,34653-3834,,Vehicle in Transport,FL,,,1998,BUIC,,4D,SIL,Functional,1000,,,,South,COUNTY ROAD 1 (LITTLE ROAD),20,45,4,,,,,Front Right Bumper,Front Right Bumper,Passenger Car,"Two-Way, Not Divided",,,,,Pedestrian,Pedestrian,,,,,Level,Straight,Straight Ahead,Traffic Control Signal,No Special Function,None,,
85273826,2016,1,LAKE BUENA VISTA,FL,32830-0000,,Vehicle in Transport,FL,,,2012,CHEV,,UT,WHI,Functional,1000,,Rotation,,North,APOPKA BLVD,15,35,2,,,,,Right Front Door,Right Front Door,(Sport) Utility Vehicle,"Two-Way, Not Divided",,,,,Other Non-Fixed Object,Other Non-Fixed Object,,,,,Level,Straight,Turning Right,No Controls,No Special Function,None,,
85274574,2016,1,ARCADIA,FL,34266-0000,N,Vehicle in Transport,FL,N,N,2002,CHRY,,VN,BLU,Minor,200,N,,N,North,SW HARLEM CIRCLE,15,20,2,,,,,Right Rear Door,Right Rear Door,Passenger Car,"Two-Way, Not Divided",,,,,Pedalcycle,Pedalcycle,,,,N,Level,Straight,Straight Ahead,No Controls,No Special Function,None,,
85275388,2016,1,SAFETY HARBOR,FL,34695-0000,N,Vehicle in Transport,FL,N,N,2015,TOYT,,UT,GRY,None,0,N,,N,North,SR 586 EB,1,45,6,,,,,,,(Sport) Utility Vehicle,"Two-Way, Divided, Positive Median Barrier",,,,,Pedalcycle,Pedalcycle,,,,N,Level,Straight,Turning Right,Stop Sign,No Special Function,None,,
85297582,2016,1,ZEPHYRHILLS,FL,33542-5411,N,Vehicle in Transport,FL,N,N,2002,BUIC,,4D,TAN,Functional,300,N,,N,South,ANDYS TRAVEL TRAILER PARK DRIVEWAY,5,5,2,,,,,Front Left Bumper,Front Left Bumper,(Sport) Utility Vehicle,"Two-Way, Not Divided",,,,,Pedalcycle,Pedalcycle,,,,N,Uphill,Straight,Straight Ahead,No Controls,No Special Function,None,,
85306174,2016,1,PORT ORANGE,FL,32119,N,Vehicle in Transport,FL,N,N,2013,CHEV,,4D,WHI,Minor,250,N,,Y,East,COUNTY ROAD 483(CYLDE MORRIS BLVD),10,15,2,,,,,Front Center Bumper,Front Center Bumper,Passenger Car,"Two-Way, Not Divided",,,,,Pedalcycle,Pedalcycle,,,,N,Level,Straight,Straight Ahead,Stop Sign,Police,None,,
85311667,2016,1,ORLANDO,FL,32839-3219,N,Vehicle in Transport,FL,N,N,2008,MAZD,,UT,GRY,Functional,1000,N,,N,East,STATE ROAD 423 (JOHN YOUNG PARKWAY),10,45,4,,,,,Front Center Bumper,Front Center Bumper,(Sport) Utility Vehicle,"Two-Way, Not Divided",,,,,Pedalcycle,Pedalcycle,,,,N,Level,Straight,Turning Right,Traffic Control Signal,No Special Function,None,,
85339936,2016,1,SEMINOLE,FL,33778-3645,,Vehicle in Transport,FL,,,2007,STRN,,CV,BLK,Functional,1200,,,,South,RIDGE RD,30,30,2,,,,,Left Front Door,Left Front Door,Passenger Car,"Two-Way, Not Divided",,,,,Pedalcycle,Pedalcycle,,,,,Level,Straight,Straight Ahead,No Controls,No Special Function,None,,
85348337,2016,1,GULF BREEZE,FL,32563-0000,N,Vehicle in Transport,FL,N,N,2004,HOND,,2D,BLK,Minor,100,N,,N,East,US HIGHWAY 98,5,45,4,,,,,Front Right Bumper,Front Right Bumper,Passenger Car,"Two-Way, Not Divided",,,,,Pedalcycle,Pedalcycle,,,,N,Level,Straight,Turning Right,Traffic Control Signal,No Special Function,None,,
85356288,2016,1,SAINT PETERSBURG,FL,33702-5816,,Vehicle in Transport,FL,,,2003,SATU,,UT,WHI,Minor,400,,Rotation,,East,54TH AVE N,35,40,4,,,,,Front Center Bumper,Front Center Bumper,(Sport) Utility Vehicle,"Two-Way, Not Divided, with a Continuous Left Turn Lane",,,,,Pedalcycle,Pedalcycle,,,,,Level,Straight,Straight Ahead,No Controls,No Special Function,None,,
85369727,2016,1,FORT WALTON BEACH,FL,32548-0000,N,Vehicle in Transport,FL,N,N,2010,DODG,,4D,RED,Minor,100,N,,N,South,BAKER STREET,15,25,2,,,,,Front Right Bumper,Front Right Bumper,(Sport) Utility Vehicle,"Two-Way, Not Divided",,,,,Pedalcycle,Pedalcycle,,,,N,Level,Straight,Straight Ahead,No Controls,No Special Function,None,,
85378712,2016,1,UMATILLA,FL,32784-0000,,Vehicle in Transport,FL,,,2002,DODG,,VN,BLU,Minor,450,,,,West,CR-42,45,55,2,,,,,Front Right Bumper,Front Right Bumper,Passenger Van,"Two-Way, Not Divided",,,,,Pedestrian,Pedestrian,,,,,Level,Curve Right,Straight Ahead,No Controls,No Special Function,None,,
85383033,2016,1,KISSIMMEE,FL,34743-0000,N,Vehicle in Transport,FL,N,N,2016,SUBA,,SW,BLK,Functional,600,N,,N,North,BUENAVENTURA BLVD,40,40,4,,,,,Front Right Bumper,Front Right Bumper,Passenger Car,"Two-Way, Divided, Positive Median Barrier",,,,,Motor Vehicle in Transport,Motor Vehicle in Transport,,,,N,Level,Straight,Straight Ahead,No Controls,No Special Function,None,,
85406679,2016,1,HUDSON,FL,34667-0000,N,Vehicle in Transport,FL,N,N,2000,MAZD,,4D,GRN,None,0,N,,N,East,US HIGHWAY 19 (STATE ROAD 55),5,30,2,,,,,Front Center Bumper,,Passenger Car,"Two-Way, Not Divided",,,,,Motor Vehicle in Transport,Motor Vehicle in Transport,,,,N,Level,Straight,Turning Right,Stop Sign,No Special Function,None,,
85412813,2016,1,ORLANDO,FL,32808-4932,N,Vehicle in Transport,FL,N,N,1998,DODG,,VN,GLD,Functional,1200,N,,N,East,INDIATLANTIC DRIVE,10,25,2,,,,,Front Center Bumper,Windshield,Passenger Van,"Two-Way, Not Divided",,,,,Pedalcycle,Pedalcycle,,,,N,Level,Straight,Overtaking/Passing,No Controls,No Special Function,None,,
85436254,2016,1,,,,N,Vehicle in Transport,,N,Y,,,,,,Unknown,0,N,,N,East,SR 424 (EDGEWATER DRIVE),,25,1,,,,,Front Center Bumper,,,One-Way Trafficway,,,,,Pedalcycle,Pedalcycle,,,,N,Level,Straight,Straight Ahead,No Controls,No Special Function,None,,
85442822,2016,1,WINTER SPRINGS,FL,32708-0000,N,Vehicle in Transport,FL,N,N,2016,MAZD,,5D,GRY,Minor,500,N,,N,West,VIA MERCADO,10,25,4,,,,,Front Center Bumper,Front Center Bumper,Passenger Car,"Two-Way, Divided, Positive Median Barrier",,,,,Pedalcycle,Pedalcycle,,,,N,Level,Straight,Turning Right,Traffic Control Signal,No Special Function,None,,
85449192,2016,1,OCALA,FL,34482-0000,N,Vehicle in Transport,FL,N,N,2007,CHEV,,4D,TAN,None,0,N,,N,West,ROUSE ROAD,1,25,2,,,,,Front Right Bumper,Front Right Bumper,Passenger Car,"Two-Way, Not Divided",,,,,Pedalcycle,Pedalcycle,,,,N,Level,Straight,Turning Right,Stop Sign,No Special Function,None,,
85710190,2016,1,MIAMI,FL,33128,Y,Vehicle in Transport,FL,Y,N,2007,OPTI,UK,BU,WHI,None,0,N,Driver,Y,South,JACKIE GLEASON DR,5,30,2,N,N,,,Left Front Fender,Left Front Fender,Bus,"Two-Way, Not Divided","Bus (seats for more than 15 occupants, including driver)",Not in Commerce/Government,Bus,"10,001 - 26,000 lbs (4,536 - 11,793 kg)",Pedalcycle,Pedalcycle,,,,N,Level,Straight,Turning Left,No Controls,Transit/Commuter Bus,None,,Y
85710334,2016,1,MIAMI,FL,33157,,Parked Motor Vehicle,FL,,N,2007,CHRY,,4D,SIL,None,0,Y,Driver,N,East,17TH ST,0,30,4,,,,,,,Passenger Car,"Two-Way, Not Divided",,,,,,Pedalcycle,Pedalcycle,,,N,Level,Straight,Parked,No Controls,No Special Function,None,,
85712446,2016,2,MIAMI,FL,33193,,Vehicle in Transport,FL,,N,2016,FORD,,4D,WHI,Functional,2000,N,Driver,N,South,COLLINS AVE (SR A1A),10,30,4,,,,,Left Front Door,Left Rear Fender,Passenger Car,"Two-Way, Not Divided",,,,,Motor Vehicle in Transport,Motor Vehicle in Transport,,,,N,Level,Straight,Making U-Turn,No Controls,No Special Function,None,,
85829098,2016,1,GREENACRES,FL,33463,N,Vehicle in Transport,FL,,N,2005,TOYT,,UT,WHI,Functional,750,N,Driver,N,East,LAKE WORTH RD,10,40,6,,,,,Right Rear Door,Right Rear Door,Passenger Van,"Two-Way, Divided, Positive Median Barrier",,,,,Pedalcycle,Pedalcycle,,,,N,Level,Straight,Turning Right,No Controls,No Special Function,None,,
85987122,2016,1,MIAMI,FL,33147,,Vehicle in Transport,FL,,N,2003,FORD,,UT,BLK,None,0,N,Driver,N,South,NW 13 AVE,20,30,2,,,,,Front Center Bumper,Front Center Bumper,(Sport) Utility Vehicle,"Two-Way, Not Divided",,,,,Pedalcycle,Pedalcycle,,,,N,Level,Straight,Straight Ahead,No Controls,No Special Function,None,,
85990032,2016,1,MIAMI BEACH,FL,33139,,Vehicle in Transport,FL,,,2014,TAA,,MD,BLK,Disabling,500,,Rotation,,Unknown,NW 22 AVE,,,4,,,,,,,Moped,"Two-Way, Divided, Positive Median Barrier",,,,,Motor Vehicle in Transport,Motor Vehicle in Transport,,,,,Level,Straight,Straight Ahead,No Controls,No Special Function,None,,
85990032,2016,2,UK,OT,,,Vehicle in Transport,OT,,,,UK,,UT,UNK,Unknown,0,,,,Unknown,UK,,,4,,,,,,,(Sport) Utility Vehicle,"Two-Way, Divided, Positive Median Barrier",,,,,Motor Vehicle in Transport,Motor Vehicle in Transport,,,,,Level,Straight,Unknown,Unknown,No Special Function,Unknown,,
86016476,2016,1,,,,N,Vehicle in Transport,,N,Y,,,,PU,GRY,,0,N,,N,West,EAST LAS OLAS BLVD,30,30,4,,,,,,,Pickup,"Two-Way, Divided, Positive Median Barrier",,,,,Pedalcycle,Pedalcycle,,,,N,Level,Straight,Straight Ahead,No Controls,No Special Function,None,,
86017033,2016,1,FORT LAUDERDALE,FL,33301,N,Vehicle in Transport,FL,N,N,2010,FORD,,PU,RED/,Minor,200,N,Driver,Y,West,NW 6TH ST,10,30,2,,,,,Right Front Fender,Right Front Fender,Passenger Car,"Two-Way, Not Divided",,,,,Pedestrian,Pedestrian,,,,N,Level,Straight,Turning Right,No Controls,No Special Function,None,,
86123641,2016,1,MONOROEVILLE,AL,36460,N,Vehicle in Transport,AL,N,Y,2017,NISS,,4T,WHI,None,0,N,,N,North,PENSACOLA VILLAGE APTS,10,15,2,,,,,,,Passenger Car,"Two-Way, Not Divided",,,,,Pedalcycle,Pedalcycle,,,,N,Level,Straight,Straight Ahead,No Controls,No Special Function,None,,
86150631,2016,1,TAMPA,FL,33603,,Vehicle in Transport,FL,,,2003,TOYT,,PK,WHI,Minor,3000,,Driver,,South,36TH ST N,25,25,2,,,,,Left Rear Fender,Left Rear Door,Pickup,"Two-Way, Not Divided",,,,,Motor Vehicle in Transport,Motor Vehicle in Transport,,,,,Level,Straight,Straight Ahead,No Controls,No Special Function,None,,
86156991,2016,1,NORTH RICHLAND HILLS,TX,76182,N,Vehicle in Transport,TX,,N,2010,NISS,,UT,SIL,Functional,600,N,Driver,N,South,51ST ST N,15,30,2,,,,,Front Left Bumper,Front Left Bumper,(Sport) Utility Vehicle,"Two-Way, Not Divided",,,,,Motor Vehicle in Transport,Motor Vehicle in Transport,,,,N,Level,Straight,Straight Ahead,No Controls,No Special Function,Unknown,,
86174153,2016,1,,,,N,Vehicle in Transport,,N,Y,,,,,,Unknown,0,N,,N,,,,30,,,,,,,,,"Two-Way, Not Divided",,,,,,,,,,N,,,,Stop Sign,No Special Function,,,
86207813,2016,1,VALRICO,FL,33594,N,Vehicle in Transport,FL,N,N,2010,CHEV,,4D,BRO,None,0,N,,N,North,MULRENNAN RD,5,40,2,,,,,,,Passenger Car,"Two-Way, Not Divided",,,,,Pedalcycle,Pedalcycle,,,,N,Uphill,Straight,Turning Right,No Controls,No Special Function,None,,
86216218,2016,1,BRYCEVILLE,FL,32009,,Vehicle in Transport,FL,,,2008,NISS,,4D,MUL,Functional,0,,,,South,CHAPEL DR,18,35,2,,,,,Right Front Fender,Right Front Fender,Passenger Car,"Two-Way, Not Divided",,,,,Motor Vehicle in Transport,Motor Vehicle in Transport,,,,,Level,Straight,Straight Ahead,No Controls,No Special Function,None,,
86264535,2016,1,FORT LAUDERDALE,FL,33316,,Vehicle in Transport,FL,,,1999,LEXS,,4D,WHI,Minor,100,,Owner Request,,North,NW 30TH TER,10,25,2,,,,,Front Right Bumper,Front Right Bumper,Passenger Car,"Two-Way, Divided, Unprotected (painted >4 feet) Median",,,,,Pedestrian,Pedestrian,,,,,Level,Straight,Straight Ahead,No Controls,No Special Function,None,,
86270613,2016,1,POMPANO BEACH,FL,33069,N,Vehicle in Transport,FL,N,N,2007,FORD,,4D,MAR,Functional,3000,N,,N,North,NW 27TH AV,25,25,2,,,,,Left Rear Door,Left Rear Door,Passenger Car,"Two-Way, Divided, Unprotected (painted >4 feet) Median",,,,,Motor Vehicle in Transport,Motor Vehicle in Transport,,,,N,Level,Straight,Straight Ahead,No Controls,No Special Function,None,,
86278543,2016,1,SPRINGFIELD,MO,65802,,Vehicle in Transport,FL,,,2007,FORD,,PK,WHI,Minor,100,,Driver,,East,HWY 98 W,10,45,4,,,,,Front Center Bumper,Front Center Bumper,Pickup,"Two-Way, Not Divided, with a Continuous Left Turn Lane",,,,,Pedalcycle,Pedalcycle,,,,,Level,Straight,Turning Right,No Controls,No Special Function,None,,
86284807,2016,1,,,,N,Vehicle in Transport,,,Y,,,,,,,0,N,,N,,SE 15TH ST,5,10,,,,,,,,Passenger Car,"Two-Way, Not Divided",,,,,Pedestrian,Pedestrian,,,,N,Level,Straight,Backing,No Controls,No Special Function,Unknown,,
86293479,2016,1,RIVIERA BEACH,FL,33404,N,Vehicle in Transport,FL,N,N,2004,TOYT,,2D,SIL,Minor,600,N,Owner Request,N,West,24TH ST,25,25,2,,,,,Front Center Bumper,Front Left Bumper,Passenger Car,"Two-Way, Not Divided",,,,,Pedalcycle,Pedalcycle,,,,N,Level,Straight,Straight Ahead,No Controls,No Special Function,None,,
86293479,2016,2,WEST PALM BEACH,FL,33407,N,Vehicle in Transport,,N,N,,,,BIKE,BLK,Minor,200,N,Other,N,North,SPRUCE AVE,14,25,2,,,,,,,Moped,"Two-Way, Not Divided",,,,,Pedalcycle,Pedalcycle,,,,N,Level,Straight,Straight Ahead,Other,No Special Function,Other,,
86308341,2016,1,LAUDERHILL,FL,33319,,Vehicle in Transport,FL,,N,2006,HOND,,4D,WHI,None,1,N,Driver,N,South,NW 56TH AVE,2,25,2,,,,,Front Center Bumper,Front Center Bumper,Passenger Car,"Two-Way, Not Divided",,,,,Pedalcycle,Pedalcycle,,,,N,Level,Straight,Straight Ahead,Traffic Control Signal,No Special Function,None,,
86313441,2016,1,LAKELAND,FL,33807,,Vehicle in Transport,FL,,,2000,CHRY,,2D,SIL,Minor,300,,Driver,,West,EWELL ROAD,,55,2,,,,,Right Front Fender,Right Front Fender,Passenger Van,"Two-Way, Not Divided",,,,,Pedalcycle,Pedalcycle,,,,,Level,Straight,Straight Ahead,No Controls,No Special Function,None,None,
86314062,2016,1,LAKELAND,FL,33805,,Vehicle in Transport,FL,,N,2002,MERC,,4D,SIL,Functional,200,N,Driver,N,West,EMMA ST,,25,2,,,,,Front Center Bumper,Front Center Bumper,Passenger Car,"Two-Way, Not Divided",,,,,Pedalcycle,Pedalcycle,,,,N,Level,Straight,Straight Ahead,Stop Sign,No Special Function,None,,
86319359,2016,1,LUTZ,FL,33549,N,Vehicle in Transport,FL,N,N,2015,FIAT,,2D,RED,None,0,N,,N,South,PARKING LOT,0,,,,,,,Front Center Bumper,Front Center Bumper,Passenger Car,"Two-Way, Not Divided",,,,,Pedalcycle,Pedalcycle,,,,N,Level,Straight,Straight Ahead,Other,No Special Function,None,,
86320161,2016,1,LARGO,FL,33770,N,Vehicle in Transport,FL,N,N,2006,TOYT,,VN,TAN,Functional,500,N,,N,West,SEMONILE BLVD,15,5,2,,,,,Front Right Bumper,Front Right Bumper,Passenger Car,"Two-Way, Not Divided",,,,,Motor Vehicle in Transport,Motor Vehicle in Transport,,,,N,Level,Straight,Straight Ahead,No Controls,No Special Function,None,,
86329162,2016,1,MIAMI,FL,33126,,Vehicle in Transport,FL,,N,2009,HOND,,4D,GRY,Minor,200,N,,N,South,SW 117 AVENUE,,,4,,,,,Left Front Door,Left Front Door,Passenger Car,"Two-Way, Divided, Positive Median Barrier",,,,,Pedalcycle,Pedalcycle,,,,N,Level,Straight,Turning Right,No Controls,No Special Function,None,,
86329525,2016,1,UK,OT,UK,,Vehicle in Transport,OT,,Y,,UK,,,UNK,Functional,1,N,Other,N,West,Sw 85 AVE,5,30,4,,,,,Front Center Bumper,,Other,Unknown,,,,,Pedalcycle,Pedalcycle,,,,,Level,Straight,Unknown,Unknown,Unknown,Unknown,,
86344286,2016,1,HUDSON,FL,34669,N,Vehicle in Transport,FL,N,N,2014,JEEP,,UT,WHI,Functional,500,Y,Driver,N,North,BELCHER RD,,,,,,,,Right Front Fender,Right Front Fender,(Sport) Utility Vehicle,"Two-Way, Divided, Positive Median Barrier",,,,,Pedalcycle,Pedalcycle,,,,N,Level,Straight,Turning Right,Traffic Control Signal,No Special Function,None,,
86463556,2016,1,TAMARAC,FL,33319,N,Vehicle in Transport,FL,N,N,2014,HOND,,4D,BLK,Functional,1000,N,,N,East,SW 2ND ST,15,35,2,,,,,Front Right Bumper,Front Right Bumper,Passenger Car,"Two-Way, Not Divided",,,,,Motor Vehicle in Transport,Motor Vehicle in Transport,,,,N,Level,Straight,Straight Ahead,No Controls,No Special Function,None,None,
86344511,2016,1,OCKLAWAHA,FL,32179,N,Vehicle in Transport,FL,N,N,2008,TOYT,,UT,WHI / WHI,Minor,500,Y,Rotation,N,West,OVERLEA ST,10,25,2,,,,,Left Front Door,Left Front Door,,,,,,,,,,,,,,,,,,,,
86360874,2016,1,PORT ST LUCIE,FL,34953,N,Vehicle in Transport,FL,N,N,2014,CHEV,,SUV,BLK,Minor,500,N,Driver,N,East,SW IDOL AVE,,30,2,,,,,Front Center Bumper,Front Center Bumper,(Sport) Utility Vehicle,"Two-Way, Not Divided",,,,,Pedestrian,Pedestrian,,,,N,Level,Straight,Stopped in Traffic,No Controls,No Special Function,None,,
86361716,2016,1,PORT SAINT LUCIE,FL,34984,N,Vehicle in Transport,FL,N,N,2003,TOYT,,4D,SIL,Minor,200,N,Driver,N,East,SE PORT ST LUCIE BLVD,40,45,6,,,,,Front Right Bumper,Front Right Bumper,Passenger Car,"Two-Way, Divided, Positive Median Barrier",,,,,Pedestrian,Pedestrian,,,,N,Level,Straight,Straight Ahead,Traffic Control Signal,No Special Function,None,,
86378783,2016,1,LEHIGH ACRES,FL,33973,N,Vehicle in Transport,FL,,N,2001,GMC,,UT,SIL,None,50,N,,N,East,MEADOW RD,25,30,2,,,,,Front Center Bumper,Front Center Bumper,(Sport) Utility Vehicle,"Two-Way, Not Divided",,,,,Pedestrian,Pedestrian,,,,N,Level,Straight,Straight Ahead,No Controls,No Special Function,None,,
86390049,2016,1,PALM BAY,FL,32909,,Vehicle in Transport,FL,,,2004,KIA,,UT,DGR,Functional,300,,,,East,DISTRICT ST SE,25,30,2,,,,,Front Right Bumper,Front Right Bumper,(Sport) Utility Vehicle,"Two-Way, Not Divided",,,,,Motor Vehicle in Transport,Motor Vehicle in Transport,,,,,Level,Straight,Straight Ahead,No Controls,No Special Function,None,,
86390584,2016,1,PALM BAY,FL,32909,N,Vehicle in Transport,FL,,N,2002,CHEV,,4D,SIL,Functional,2000,N,,N,East,WICHITA BLVD SE,30,30,2,,,,,Left Front Door,Left Front Door,Passenger Car,"Two-Way, Not Divided",,,,,Motor Vehicle in Transport,Motor Vehicle in Transport,Pedalcycle,,,N,Level,Straight,Straight Ahead,No Controls,No Special Function,None,,
86392521,2016,2,COVINGTON,GA,30014,,Parked Motor Vehicle,GA,,Y,2009,DODG,,2D,BLU,Minor,300,N,Driver,N,Off-Road,2301 SANDRIDGE CR,0,1,0,,,,,Rear Left Bumper,Rear Left Bumper,Passenger Car,Unknown,,,,,Motor Vehicle in Transport,Motor Vehicle in Transport,,,,N,Level,Straight,Backing,No Controls,No Special Function,None,,
86400129,2016,1,HOUSTON,TX,770880000,N,Vehicle in Transport,TX,,N,2014,MERZ,,SU,GRY,Minor,100,N,Other,N,North,GATEWAY BLVD W,5,15,2,,,,,Front Center Bumper,,(Sport) Utility Vehicle,"Two-Way, Divided, Positive Median Barrier",,,,,Motor Vehicle in Transport,Motor Vehicle in Transport,,,,N,Level,Curve Left,Straight Ahead,Other,No Special Function,None,,
86413145,2016,1,SARASOTA,FL,34234,,Parked Motor Vehicle,FL,,N,2002,FORD,,UT,SIL,,0,N,,N,Unknown,,,,,,,,,Front Right Bumper,,Passenger Car,,,,,,Parked Motor Vehicle,Parked Motor Vehicle,,,,,Level,,Parked,No Controls,No Special Function,None,,
86416316,2016,1,MIAMI,FL,33133,N,Vehicle in Transport,FL,,N,2012,AUDI,,4D,BLU,Minor,200,N,Driver,N,East,AVIATION,10,35,2,,,,,Front Right Bumper,Front Right Bumper,Passenger Car,"Two-Way, Not Divided",,,,,Motor Vehicle in Transport,Motor Vehicle in Transport,,,,N,Level,Straight,Negotiating a Curve,No Controls,No Special Function,None,,
86419229,2016,1,MIAMI,FL,33126,N,Vehicle in Transport,FL,,N,2014,VOLK,,UT,BLK,Minor,500,N,Driver,N,West,OAK AVE,30,30,2,,,,,Rear Center Bumper,Rear Center Bumper,Passenger Car,"Two-Way, Not Divided",,,,,Motor Vehicle in Transport,Motor Vehicle in Transport,,,,N,Level,Straight,Straight Ahead,No Controls,No Special Function,None,,
86421368,2016,1,MIAMI,FL,33168,N,Vehicle in Transport,FL,,N,2013,TOYT,,VN,GRY,Minor,500,N,Driver,N,East,NW 6TH AVE & NW 71TH ST,30,40,4,,,,,Front Center Bumper,Front Center Bumper,Passenger Car,"Two-Way, Not Divided",,,,,Motor Vehicle in Transport,Motor Vehicle in Transport,,,,N,Level,Straight,Straight Ahead,No Controls,No Special Function,None,,
86426705,2016,1,MIAMI,FL,33125,N,Vehicle in Transport,FL,,Y,2015,TOYOT,,4T,GRY,Unknown,0,N,Driver,N,West,3665 SW 22ND ST,,,,,,,,Front Center Bumper,Front Center Bumper,Passenger Car,"Two-Way, Not Divided",,,,,Motor Vehicle in Transport,Motor Vehicle in Transport,,,,N,Level,Straight,Straight Ahead,No Controls,Unknown,Unknown,Unknown,
86429732,2016,1,MIAMI,FL,33128,Y,Vehicle in Transport,FL,,N,2003,LOW F,FLOOR,BU,GRY,Unknown,0,N,Driver,Y,North,2ND AVE NW,30,30,2,N,N,,,,,Bus,"Two-Way, Not Divided",Other,Interstate Carrier,Bus,Not Applicable,Motor Vehicle in Transport,Motor Vehicle in Transport,,,,N,Level,Straight,Straight Ahead,No Controls,Intercity Bus,None,,Y
86434060,2016,1,SUNRISE,FL,33323,N,Vehicle in Transport,FL,,N,2015,HYUN,,4D,GRY,Minor,800,N,Driver,N,East,NW N RIVER DRIVE,35,,1,,,,,Rear Right Bumper,Rear Right Bumper,Passenger Car,One-Way Trafficway,,,,,Motor Vehicle in Transport,Motor Vehicle in Transport,,,,N,Uphill,Curve Right,Straight Ahead,Yield Sign,No Special Function,None,,
86435132,2016,1,,,,N,Vehicle in Transport,FL,,Y,2000,,,,UNKNOWN,Unknown,0,N,,N,North,SW 19TH AVE,,,3,,,,,Front Center Bumper,,Unknown,"Two-Way, Not Divided",,,,,Motor Vehicle in Transport,Motor Vehicle in Transport,,,,N,Level,Straight,Unknown,No Controls,Unknown,Unknown,Unknown,
86437371,2016,1,COCONUT CREEK,FL,33073,N,Vehicle in Transport,FL,N,N,2010,DODG,,PU,WHI,None,0,N,,N,East,SUNSET STRIP,5,30,5,,,,,Front Center Bumper,,Pickup,"Two-Way, Divided, Positive Median Barrier",,,,,Pedalcycle,Pedalcycle,,,,N,Level,Straight,Turning Right,Traffic Control Signal,No Special Function,None,,
86465040,2016,1,FORT LAUDERDALE,FL,33311,N,Vehicle in Transport,FL,N,Y,1989,OLDS,,4D,WHI,Unknown,0,N,Driver,N,East,SR 838,20,40,6,,,,,Front Center Bumper,Front Center Bumper,Passenger Car,"Two-Way, Divided, Positive Median Barrier",,,,,Motor Vehicle in Transport,Motor Vehicle in Transport,,,,N,Level,Straight,Other,No Controls,No Special Function,None,,
86476907,2016,1,LEHIGH ACRES,FL,33974,,Vehicle in Transport,FL,,N,2004,DODG,,UT,WHI,,0,N,,N,West,,,,,,,,,Right Rear Fender,,(Sport) Utility Vehicle,,,,,,Motor Vehicle in Transport,Motor Vehicle in Transport,,,,,Level,,Turning Right,No Controls,No Special Function,None,,
86479030,2016,1,PALM CITY,FL,34990,N,Vehicle in Transport,FL,,N,1998,JAGU,,4D,BLK,None,0,N,Driver,N,North,HERCULES AVE SE,15,25,1,,,,,Front Right Bumper,Front Right Bumper,Passenger Car,"Two-Way, Not Divided",,,,,Motor Vehicle in Transport,Motor Vehicle in Transport,,,,N,Level,Straight,Straight Ahead,No Controls,No Special Function,None,,
86480948,2016,1,PALM CITY,FL,34990,N,Vehicle in Transport,FL,,N,2009,TOYT,,4D,GRY,Functional,2000,N,,N,East,DIXIE HWY SE,5,10,2,,,,,Right Front Fender,Right Front Fender,Passenger Car,"Two-Way, Not Divided",,,,,Pedalcycle,Pedalcycle,,,,N,Downhill,Straight,Straight Ahead,Stop Sign,No Special Function,None,,
86538953,2016,1,,,,,,,,Y,,UK,,UNKNOWN,UNKNOWN,Unknown,0,,,N,,,,,,,,,,,,Unknown,,,,,,,,,,,,,,Unknown,,Unknown,Unknown,Unknown,
86543630,2016,1,PENSACOLA,FL,32503-5874,N,Vehicle in Transport,FL,N,Y,2002,GMC,,PK,WHI,Minor,5000,N,,N,West,3040 WINDERMERE DR,30,30,2,,,,,Front Right Bumper,Front Right Bumper,Pickup,"Two-Way, Not Divided",,,,,Pedalcycle,Pedalcycle,Mailbox,Other Fixed Object,Other Non-Fixed Object,N,Level,Straight,Straight Ahead,No Controls,No Special Function,None,,
86550372,2016,1,TAMARAC,FL,33321,N,Vehicle in Transport,FL,,N,2013,HOND,,4D,RED,Minor,200,N,Other,N,East,5245 N UNIVERSITY DRIVE,5,5,1,,,,,Right Front Fender,Right Front Fender,Passenger Car,"Two-Way, Not Divided",,,,,Motor Vehicle in Transport,Motor Vehicle in Transport,,,,N,Level,Straight,Other,Stop Sign,No Special Function,None,,
86550542,2016,1,LAUDERHILL,FL,33313,N,Vehicle in Transport,FL,,N,2002,FORD,,VC,WHI,Functional,500,N,Other,N,Off-Road,,0,15,1,,,,,Front Center Bumper,Front Center Bumper,Passenger Van,"Two-Way, Not Divided",,,,,Parked Motor Vehicle,Parked Motor Vehicle,,,,N,Level,Straight,Parked,No Controls,No Special Function,None,,
86551573,2016,1,COOPER CITY,FL,33328,N,Vehicle in Transport,FL,,N,2014,RAM,,PK,BLK,Minor,500,N,Driver,N,West,W. SUNRISE BLVD,15,30,,,,,,Front Right Bumper,,Pickup,"Two-Way, Not Divided",,,,,Motor Vehicle in Transport,Motor Vehicle in Transport,,,,N,Level,Straight,Turning Right,No Controls,No Special Function,None,,
86559252,2016,1,LAND O LAKES,FL,34638,N,Vehicle in Transport,FL,N,N,2007,TOYT,,4D,SIL,Functional,2000,N,,N,South,SR 580 (DALE MABRY HW N),10,45,6,,,,,Right Front Fender,Right Front Fender,Passenger Car,"Two-Way, Divided, Positive Median Barrier",,,,,Pedalcycle,Pedalcycle,,,,N,Level,Straight,Turning Right,No Controls,No Special Function,None,,
86559252,2016,2,TAMPA,FL,33615,N,Vehicle in Transport,FL,N,N,2012,NISS,,LL,BLU,Functional,2000,N,,N,East,7004 DALE MABRY HW N,,10,2,,,,,Left Front Fender,Left Front Fender,(Sport) Utility Vehicle,"Two-Way, Not Divided",,,,,Pedalcycle,Pedalcycle,,,,N,Level,Straight,Stopped in Traffic,Stop Sign,No Special Function,None,,
86585699,2016,1,HOMESTEAD,FL,33033,N,Parked Motor Vehicle,IN,N,N,2001,CHEV,,4D,BGE,Functional,200,N,Driver,N,,2230 NE 41ST AVE,0,10,2,,,,,Left Rear Fender,Left Rear Fender,(Sport) Utility Vehicle,"Two-Way, Not Divided",,,,,Pedestrian,Pedestrian,,,,N,Level,Straight,Parked,No Controls,No Special Function,None,,
86590554,2016,1,PLANT CITY,FL,33566,,Vehicle in Transport,FL,,N,2016,KIA,,UT,GRY,,0,N,,N,West,,,,,,,,,Rear Right Bumper,,Passenger Car,,,,,,Pedalcycle,Pedalcycle,Separation of Units,,,,Level,,Turning Right,No Controls,No Special Function,None,,
86592218,2016,1,GAINESVILLE,FL,32641,N,Vehicle in Transport,FL,N,N,2001,FORD,,VN,WHI,Minor,100,N,,N,East,NE 23RD AVE,15,40,4,,,,,Front Right Bumper,Front Right Bumper,Passenger Van,"Two-Way, Not Divided",,,,,Motor Vehicle in Transport,Motor Vehicle in Transport,,,,N,Level,Straight,Turning Right,No Controls,No Special Function,None,,
86619381,2016,1,WEST PALM BEACH,FL,33406,,Vehicle in Transport,FL,,,1995,NISS,,2D,GRY,Minor,500,,,,West,GEORGIA AVE,4,30,2,,,,,Front Left Bumper,Front Left Bumper,Passenger Car,"Two-Way, Not Divided",,,,,Pedalcycle,Pedalcycle,,,,,Level,Straight,Making U-Turn,No Controls,No Special Function,None,,
86630322,2016,1,PLANTATION,FL,33325,N,Vehicle in Transport,FL,,N,2016,JEEP,,UT,SIL,Minor,100,N,Driver,N,East,NW 2ND ST,15,30,2,,,,,Front Center Bumper,Front Center Bumper,(Sport) Utility Vehicle,"Two-Way, Divided, Positive Median Barrier",,,,,Pedalcycle,Pedalcycle,,,,N,Level,Straight,Straight Ahead,Stop Sign,No Special Function,None,,
86633168,2016,1,LAKELAND,FL,33809,,Vehicle in Transport,FL,,,2006,LINC,,4D,SIL,Minor,500,,,,South,MARTHA AVE,25,25,2,,,,,Front Center Bumper,Front Center Bumper,Passenger Car,"Two-Way, Not Divided",,,,,Motor Vehicle in Transport,Pedalcycle,Motor Vehicle in Transport,,,,Level,Straight,Straight Ahead,No Controls,No Special Function,None,,
86638222,2016,1,DELRAY BEACH,FL,33444,N,Vehicle in Transport,FL,N,N,2006,CADI,,SUV,BLK,Minor,200,N,,N,North,DEPOT AVE,5,25,2,,,,,Front Left Bumper,Front Left Bumper,(Sport) Utility Vehicle,"Two-Way, Not Divided",,,,,Motor Vehicle in Transport,Motor Vehicle in Transport,,,,,Level,Straight,Turning Left,Stop Sign,No Special Function,None,,
86645573,2016,1,,,,N,Vehicle in Transport,,N,Y,,,,,,Unknown,0,N,,N,Unknown,VICTOR ST,,30,2,,,,,,,,"Two-Way, Not Divided",,,,,Pedalcycle,Pedalcycle,,,,N,Level,Straight,Unknown,No Controls,No Special Function,Unknown,,
86646089,2016,1,JACKSONVILLE,FL,32254,N,Vehicle in Transport,FL,Y,N,2002,CHEV,,4D,WHI,Minor,500,N,Driver,Y,North,6900 WILSON BLVD SR208 DRIVEWAY,5,15,2,,,,,Right Front Fender,Right Front Fender,Passenger Car,"Two-Way, Not Divided",,,,,Pedalcycle,Pedalcycle,,,,N,Downhill,Straight,Turning Right,No Controls,No Special Function,None,,
