REPORT_NUMBER,CRASH_YEAR,PERSON_NUMBER,STATUTE_NUMBER,CHARGE,CITATION_NUMBER
83718899,2016,1,316.083(2),OVERTAKING AND PASSING A VEHICLE -FAILURE TO GIVE RIGHT-OF-W,A516DHE
84248563,2016,1,316.1995,SIDEWALK/BICYCLE PATH - DRIVING ON,A5ZJ76E
84248563,2016,1,322.03(1),NO DRIVER LICENSE - NEVER HAD ONE ISSUED,A5ZJ77E
84248563,2016,1,316.211(2),MOTORCYCLE - NO APPROVED EYE PROTECTION DEVICE OVER OPERATOR,A5ZJ78E
84314734,2016,1,316.130(10),PEDESTRIAN FAILED TO YIELD TO TRAFFIC,A5NKCCE
86278543,2016,1,316.125,FAILED TO YIELD/STOP - FROM ALLEY/BLDG./PRIVATE ROAD OR DRIV,A6KK25E
86638222,2016,1,316.123(2)(A),RAN STOP SIGN,A6XOUEE
84639275,2016,1,316.130(15),FAILED TO USE DUE CARE TOWARD PEDESTRIAN,A1RP7LP
85239316,2016,1,316.1925(1),CARELESS DRIVING,A510VKE
85260789,2016,1,316.1995,SIDEWALK/BICYCLE PATH - DRIVING ON,A4ZXP9E
85261827,2016,1,316.125(1),FAILED TO YIELD AT SIDEWALK - FROM ALLEY/BLDG./ PRIVATE ROAD,A50Q05E
85275388,2016,1,316.125(1),FAILED TO YIELD AT SIDEWALK - FROM ALLEY/BLDG./ PRIVATE ROAD,A67FHVE
85297582,2016,1,316.130(15),FAILED TO USE DUE CARE TOWARD PEDESTRIAN,A53BUBE
85311667,2016,1,316.130(7)(a),FAILED TO YIELD RIGHT-OF-WAY TO PEDESTRIAN AT INTERSECTION W,A54244E
85339936,2016,2,316.130(10),PEDESTRIAN FAILED TO YIELD TO TRAFFIC,A6DT4ZE
85383033,2016,2,316.081(1),DRIVING ON WRONG LANE OR SIDE - FAILED TO DRIVE UPON RIGHT H,A6E745E
85406679,2016,3,316.081,WRONG SIDE OF ROADWAY - DRIVING ON,A6GOLHE
85412813,2016,1,322.03(1),NO DRIVER LICENSE - NEVER HAD ONE ISSUED,A6GRPUE
85412813,2016,3,316.130(10),PEDESTRIAN FAILED TO YIELD TO TRAFFIC,A6GRQ1E
85442822,2016,1,316.075(1)(a)2,FAILED TO YIELD RIGHT-OF-WAY TO PEDESTRIAN,A6ICGZE
85710190,2016,1,316.1925(1),CARELESS DRIVING,A20H1LP
85710334,2016,1,316.1945(1)(a)1,Double parked,A5T84IE
85712446,2016,2,316.1515,U-TURN - improper/unsafe/prohibited,A61PMFE
86017033,2016,1,316.125,FTY/STOP AT SIDEWALK FROM ALLEY/BLDG/PRIV RD/DRIVE WAY,A5DO34E
86156991,2016,4,316.122,FAILED TO YIELD - TO ONCOMING TRAFFIC/VEHICLE PASSING ON LEF,A6UTFAE
86313441,2016,1,316.083(1),OVERTAKING AND PASSING A BICYCLE (MIN. 3 FEET),A5C86HE
86314062,2016,1,316.123(2)(a),VEHICLE ENTERING STOP/YIELD INTERSECTION- STOP SIGN,A3QP7IE
86319359,2016,1,316125,FAILED TO YIELD / FROM ALLEY,A5FN1WE
86361716,2016,2,316.091(4),LIMITED ACCESS FACILITIES - INT HWY BIKE ON ROAD/SHD OF INT,6187
86361716,2016,2,316.193(2)(B)3,DUI - 4TH OF SUBSEQUENT OFFENSE,6335-XDQ
86416316,2016,1,,FAILED TO YIELD - APPROACHING/ENTERING INTERSECTION,A1ZRQVP
86463556,2016,1,316.130-11,PED FAIL TO CROSS IN X-WALK,A633CDE
86419229,2016,1,316.130(10),PEDESTRIAN FAILED TO YIELD TO TRAFFIC,A6JT16E
86429732,2016,2,316.1925,CARELESS DRIVING,A290OUP
86434060,2016,1,316.0895,FOLLOWING TOO CLOSELY,A6Y5ZWE
86434060,2016,2,316.0895,FOLLOWING TOO CLOSELY,A6Y5ZWE
86437371,2016,1,316.185,FAILURE TO USE DUE CARE,A2GEBDE
86543630,2016,4,322.34(2),OPERATING WHILE DL SUSPENDED/CANCELLED/REVOKED,A64O3AE
86543630,2016,4,316.061(1),CRASH - LEAVING SCENE WITHOUT GIVING INFORMATION MORE THAN $,A64O3BE
86590554,2016,1,316.151(1)(a),IMPROPER RIGHT TURN,A6RJQUE
86592218,2016,1,316-1925,CARELESS DRIVING,A6MN4HE
86592218,2016,2,316-208,MOTORCYCLES AND MOPEDS,A6MN4GE
